 	{ "type" : "FeatureCollection",
		"features" : [
		 		{ "type" : "Feature",
				"geometry" : {
					"type" : "Point",
					"coordinates" : [7.69430,45.25907]},
			"properties" : { "ANNO":"2010","ID_SEZIONE":"8706","ISTAT_COMUNE_SEZ":"1218","COMUNE_SEZ":"RIVAROSSA","PROVINCIA":"TO","ID_CENTRALE":"1109","NOME_CENTRALE":"RIVAROSSA","ISTAT_COMUNE_CENTR":"1218","COMUNE_CENTR":"RIVAROSSA","PROVINCIA_CENTR":"TO","INDIRIZZO_CENTRALE":"CASA PARROCCHIALE 1","LATITUDINE_SEZIONE":"45.25907","LONGITUDINE_SEZIONE":"7.69430","POS_X_SEZIONE":"397555.98932","POS_Y_SEZIONE":"5012559.79987","LATITUDINE_CENTRALE":"45.25144","LONGITUDINE_CENTRALE":"7.71468","POS_X_CENTRALE":"399141.54528","POS_Y_CENTRALE":"5011686.09766","TIPO_ADSL":"ADSL_M","DESCRIZIONE_TIPO_ADSL":"ADSL Mini","DISTANZA_CALCOLATA":"1810.34","CLASSE_DISTANZA":"1700-2099","POTENZA_SEGNALE":"0.64","POPOLAZIONE_SEZIONE": "6"}
			},
		 		{ "type" : "Feature",
				"geometry" : {
					"type" : "Point",
					"coordinates" : [7.71792,45.26290]},
			"properties" : { "ANNO":"2010","ID_SEZIONE":"10684","ISTAT_COMUNE_SEZ":"1218","COMUNE_SEZ":"RIVAROSSA","PROVINCIA":"TO","ID_CENTRALE":"1109","NOME_CENTRALE":"RIVAROSSA","ISTAT_COMUNE_CENTR":"1218","COMUNE_CENTR":"RIVAROSSA","PROVINCIA_CENTR":"TO","INDIRIZZO_CENTRALE":"CASA PARROCCHIALE 1","LATITUDINE_SEZIONE":"45.26290","LONGITUDINE_SEZIONE":"7.71792","POS_X_SEZIONE":"399415.63783","POS_Y_SEZIONE":"5012955.31014","LATITUDINE_CENTRALE":"45.25144","LONGITUDINE_CENTRALE":"7.71468","POS_X_CENTRALE":"399141.54528","POS_Y_CENTRALE":"5011686.09766","TIPO_ADSL":"ADSL_M","DESCRIZIONE_TIPO_ADSL":"ADSL Mini","DISTANZA_CALCOLATA":"1298.47","CLASSE_DISTANZA":"900-1299","POTENZA_SEGNALE":"0.64","POPOLAZIONE_SEZIONE": "12"}
			},
		 		{ "type" : "Feature",
				"geometry" : {
					"type" : "Point",
					"coordinates" : [7.70448,45.25839]},
			"properties" : { "ANNO":"2010","ID_SEZIONE":"13865","ISTAT_COMUNE_SEZ":"1218","COMUNE_SEZ":"RIVAROSSA","PROVINCIA":"TO","ID_CENTRALE":"1109","NOME_CENTRALE":"RIVAROSSA","ISTAT_COMUNE_CENTR":"1218","COMUNE_CENTR":"RIVAROSSA","PROVINCIA_CENTR":"TO","INDIRIZZO_CENTRALE":"CASA PARROCCHIALE 1","LATITUDINE_SEZIONE":"45.25839","LONGITUDINE_SEZIONE":"7.70448","POS_X_SEZIONE":"398353.25319","POS_Y_SEZIONE":"5012470.80147","LATITUDINE_CENTRALE":"45.25144","LONGITUDINE_CENTRALE":"7.71468","POS_X_CENTRALE":"399141.54528","POS_Y_CENTRALE":"5011686.09766","TIPO_ADSL":"ADSL_M","DESCRIZIONE_TIPO_ADSL":"ADSL Mini","DISTANZA_CALCOLATA":"1112.28","CLASSE_DISTANZA":"900-1299","POTENZA_SEGNALE":"0.64","POPOLAZIONE_SEZIONE": "22"}
			},
		 		{ "type" : "Feature",
				"geometry" : {
					"type" : "Point",
					"coordinates" : [7.66844,45.25663]},
			"properties" : { "ANNO":"2010","ID_SEZIONE":"14482","ISTAT_COMUNE_SEZ":"1218","COMUNE_SEZ":"RIVAROSSA","PROVINCIA":"TO","ID_CENTRALE":"1109","NOME_CENTRALE":"RIVAROSSA","ISTAT_COMUNE_CENTR":"1218","COMUNE_CENTR":"RIVAROSSA","PROVINCIA_CENTR":"TO","INDIRIZZO_CENTRALE":"CASA PARROCCHIALE 1","LATITUDINE_SEZIONE":"45.25663","LONGITUDINE_SEZIONE":"7.66844","POS_X_SEZIONE":"395522.43079","POS_Y_SEZIONE":"5012321.29594","LATITUDINE_CENTRALE":"45.25144","LONGITUDINE_CENTRALE":"7.71468","POS_X_CENTRALE":"399141.54528","POS_Y_CENTRALE":"5011686.09766","TIPO_ADSL":"ADSL_M","DESCRIZIONE_TIPO_ADSL":"ADSL Mini","DISTANZA_CALCOLATA":"3674.43","CLASSE_DISTANZA":"3300-3699","POTENZA_SEGNALE":"0.64","POPOLAZIONE_SEZIONE": "33"}
			},
		 		{ "type" : "Feature",
				"geometry" : {
					"type" : "Point",
					"coordinates" : [7.67554,45.25390]},
			"properties" : { "ANNO":"2010","ID_SEZIONE":"17985","ISTAT_COMUNE_SEZ":"1218","COMUNE_SEZ":"RIVAROSSA","PROVINCIA":"TO","ID_CENTRALE":"1109","NOME_CENTRALE":"RIVAROSSA","ISTAT_COMUNE_CENTR":"1218","COMUNE_CENTR":"RIVAROSSA","PROVINCIA_CENTR":"TO","INDIRIZZO_CENTRALE":"CASA PARROCCHIALE 1","LATITUDINE_SEZIONE":"45.25390","LONGITUDINE_SEZIONE":"7.67554","POS_X_SEZIONE":"396074.10362","POS_Y_SEZIONE":"5012008.79520","LATITUDINE_CENTRALE":"45.25144","LONGITUDINE_CENTRALE":"7.71468","POS_X_CENTRALE":"399141.54528","POS_Y_CENTRALE":"5011686.09766","TIPO_ADSL":"ADSL_M","DESCRIZIONE_TIPO_ADSL":"ADSL Mini","DISTANZA_CALCOLATA":"3084.37","CLASSE_DISTANZA":"2900-3299","POTENZA_SEGNALE":"0.64","POPOLAZIONE_SEZIONE": "29"}
			},
		 		{ "type" : "Feature",
				"geometry" : {
					"type" : "Point",
					"coordinates" : [7.71740,45.25802]},
			"properties" : { "ANNO":"2010","ID_SEZIONE":"19026","ISTAT_COMUNE_SEZ":"1218","COMUNE_SEZ":"RIVAROSSA","PROVINCIA":"TO","ID_CENTRALE":"1109","NOME_CENTRALE":"RIVAROSSA","ISTAT_COMUNE_CENTR":"1218","COMUNE_CENTR":"RIVAROSSA","PROVINCIA_CENTR":"TO","INDIRIZZO_CENTRALE":"CASA PARROCCHIALE 1","LATITUDINE_SEZIONE":"45.25802","LONGITUDINE_SEZIONE":"7.71740","POS_X_SEZIONE":"399366.35169","POS_Y_SEZIONE":"5012414.30739","LATITUDINE_CENTRALE":"45.25144","LONGITUDINE_CENTRALE":"7.71468","POS_X_CENTRALE":"399141.54528","POS_Y_CENTRALE":"5011686.09766","TIPO_ADSL":"ADSL_M","DESCRIZIONE_TIPO_ADSL":"ADSL Mini","DISTANZA_CALCOLATA":"762.12","CLASSE_DISTANZA":"500-899","POTENZA_SEGNALE":"0.64","POPOLAZIONE_SEZIONE": "33"}
			},
		 		{ "type" : "Feature",
				"geometry" : {
					"type" : "Point",
					"coordinates" : [7.70660,45.24548]},
			"properties" : { "ANNO":"2010","ID_SEZIONE":"20947","ISTAT_COMUNE_SEZ":"1218","COMUNE_SEZ":"RIVAROSSA","PROVINCIA":"TO","ID_CENTRALE":"1109","NOME_CENTRALE":"RIVAROSSA","ISTAT_COMUNE_CENTR":"1218","COMUNE_CENTR":"RIVAROSSA","PROVINCIA_CENTR":"TO","INDIRIZZO_CENTRALE":"CASA PARROCCHIALE 1","LATITUDINE_SEZIONE":"45.24548","LONGITUDINE_SEZIONE":"7.70660","POS_X_SEZIONE":"398496.61370","POS_Y_SEZIONE":"5011033.79565","LATITUDINE_CENTRALE":"45.25144","LONGITUDINE_CENTRALE":"7.71468","POS_X_CENTRALE":"399141.54528","POS_Y_CENTRALE":"5011686.09766","TIPO_ADSL":"ADSL_M","DESCRIZIONE_TIPO_ADSL":"ADSL Mini","DISTANZA_CALCOLATA":"917.30","CLASSE_DISTANZA":"900-1299","POTENZA_SEGNALE":"0.64","POPOLAZIONE_SEZIONE": "18"}
			},
		 		{ "type" : "Feature",
				"geometry" : {
					"type" : "Point",
					"coordinates" : [7.69305,45.24999]},
			"properties" : { "ANNO":"2010","ID_SEZIONE":"25220","ISTAT_COMUNE_SEZ":"1218","COMUNE_SEZ":"RIVAROSSA","PROVINCIA":"TO","ID_CENTRALE":"1109","NOME_CENTRALE":"RIVAROSSA","ISTAT_COMUNE_CENTR":"1218","COMUNE_CENTR":"RIVAROSSA","PROVINCIA_CENTR":"TO","INDIRIZZO_CENTRALE":"CASA PARROCCHIALE 1","LATITUDINE_SEZIONE":"45.24999","LONGITUDINE_SEZIONE":"7.69305","POS_X_SEZIONE":"397441.29210","POS_Y_SEZIONE":"5011552.29549","LATITUDINE_CENTRALE":"45.25144","LONGITUDINE_CENTRALE":"7.71468","POS_X_CENTRALE":"399141.54528","POS_Y_CENTRALE":"5011686.09766","TIPO_ADSL":"ADSL_M","DESCRIZIONE_TIPO_ADSL":"ADSL Mini","DISTANZA_CALCOLATA":"1705.51","CLASSE_DISTANZA":"1700-2099","POTENZA_SEGNALE":"0.64","POPOLAZIONE_SEZIONE": "9"}
			},
		 		{ "type" : "Feature",
				"geometry" : {
					"type" : "Point",
					"coordinates" : [7.71922,45.24701]},
			"properties" : { "ANNO":"2010","ID_SEZIONE":"25591","ISTAT_COMUNE_SEZ":"1218","COMUNE_SEZ":"RIVAROSSA","PROVINCIA":"TO","ID_CENTRALE":"1109","NOME_CENTRALE":"RIVAROSSA","ISTAT_COMUNE_CENTR":"1218","COMUNE_CENTR":"RIVAROSSA","PROVINCIA_CENTR":"TO","INDIRIZZO_CENTRALE":"CASA PARROCCHIALE 1","LATITUDINE_SEZIONE":"45.24701","LONGITUDINE_SEZIONE":"7.71922","POS_X_SEZIONE":"399489.43290","POS_Y_SEZIONE":"5011188.30240","LATITUDINE_CENTRALE":"45.25144","LONGITUDINE_CENTRALE":"7.71468","POS_X_CENTRALE":"399141.54528","POS_Y_CENTRALE":"5011686.09766","TIPO_ADSL":"ADSL_M","DESCRIZIONE_TIPO_ADSL":"ADSL Mini","DISTANZA_CALCOLATA":"607.31","CLASSE_DISTANZA":"500-899","POTENZA_SEGNALE":"0.64","POPOLAZIONE_SEZIONE": "23"}
			},
		 		{ "type" : "Feature",
				"geometry" : {
					"type" : "Point",
					"coordinates" : [7.71562,45.25130]},
			"properties" : { "ANNO":"2010","ID_SEZIONE":"25990","ISTAT_COMUNE_SEZ":"1218","COMUNE_SEZ":"RIVAROSSA","PROVINCIA":"TO","ID_CENTRALE":"1109","NOME_CENTRALE":"RIVAROSSA","ISTAT_COMUNE_CENTR":"1218","COMUNE_CENTR":"RIVAROSSA","PROVINCIA_CENTR":"TO","INDIRIZZO_CENTRALE":"CASA PARROCCHIALE 1","LATITUDINE_SEZIONE":"45.25130","LONGITUDINE_SEZIONE":"7.71562","POS_X_SEZIONE":"399214.94100","POS_Y_SEZIONE":"5011669.80307","LATITUDINE_CENTRALE":"45.25144","LONGITUDINE_CENTRALE":"7.71468","POS_X_CENTRALE":"399141.54528","POS_Y_CENTRALE":"5011686.09766","TIPO_ADSL":"ADSL_M","DESCRIZIONE_TIPO_ADSL":"ADSL Mini","DISTANZA_CALCOLATA":"75.18","CLASSE_DISTANZA":"0-99","POTENZA_SEGNALE":"0.64","POPOLAZIONE_SEZIONE": "430"}
			},
		 		{ "type" : "Feature",
				"geometry" : {
					"type" : "Point",
					"coordinates" : [7.71800,45.24915]},
			"properties" : { "ANNO":"2010","ID_SEZIONE":"28102","ISTAT_COMUNE_SEZ":"1218","COMUNE_SEZ":"RIVAROSSA","PROVINCIA":"TO","ID_CENTRALE":"1109","NOME_CENTRALE":"RIVAROSSA","ISTAT_COMUNE_CENTR":"1218","COMUNE_CENTR":"RIVAROSSA","PROVINCIA_CENTR":"TO","INDIRIZZO_CENTRALE":"CASA PARROCCHIALE 1","LATITUDINE_SEZIONE":"45.24915","LONGITUDINE_SEZIONE":"7.71800","POS_X_SEZIONE":"399397.99534","POS_Y_SEZIONE":"5011427.80320","LATITUDINE_CENTRALE":"45.25144","LONGITUDINE_CENTRALE":"7.71468","POS_X_CENTRALE":"399141.54528","POS_Y_CENTRALE":"5011686.09766","TIPO_ADSL":"ADSL_M","DESCRIZIONE_TIPO_ADSL":"ADSL Mini","DISTANZA_CALCOLATA":"363.98","CLASSE_DISTANZA":"100-499","POTENZA_SEGNALE":"0.64","POPOLAZIONE_SEZIONE": "441"}
			},
		 		{ "type" : "Feature",
				"geometry" : {
					"type" : "Point",
					"coordinates" : [7.69957,45.24527]},
			"properties" : { "ANNO":"2010","ID_SEZIONE":"30147","ISTAT_COMUNE_SEZ":"1218","COMUNE_SEZ":"RIVAROSSA","PROVINCIA":"TO","ID_CENTRALE":"1109","NOME_CENTRALE":"RIVAROSSA","ISTAT_COMUNE_CENTR":"1218","COMUNE_CENTR":"RIVAROSSA","PROVINCIA_CENTR":"TO","INDIRIZZO_CENTRALE":"CASA PARROCCHIALE 1","LATITUDINE_SEZIONE":"45.24527","LONGITUDINE_SEZIONE":"7.69957","POS_X_SEZIONE":"397944.72020","POS_Y_SEZIONE":"5011020.29318","LATITUDINE_CENTRALE":"45.25144","LONGITUDINE_CENTRALE":"7.71468","POS_X_CENTRALE":"399141.54528","POS_Y_CENTRALE":"5011686.09766","TIPO_ADSL":"ADSL_M","DESCRIZIONE_TIPO_ADSL":"ADSL Mini","DISTANZA_CALCOLATA":"1369.56","CLASSE_DISTANZA":"1300-1699","POTENZA_SEGNALE":"0.64","POPOLAZIONE_SEZIONE": "186"}
			}
		 		]
	}
		