 	{ "type" : "FeatureCollection",
		"features" : [
		 		{ "type" : "Feature",
				"geometry" : {
					"type" : "Point",
					"coordinates" : [9.09810,44.70891]},
			"properties" : { "ANNO":"2010","ID_SEZIONE":"127","ISTAT_COMUNE_SEZ":"6002","COMUNE_SEZ":"ALBERA LIGURE","PROVINCIA":"AL","ID_CENTRALE":"1133","NOME_CENTRALE":"ROCCHETTA LIGURE","ISTAT_COMUNE_CENTR":"6148","COMUNE_CENTR":"ROCCHETTA LIGURE","PROVINCIA_CENTR":"AL","INDIRIZZO_CENTRALE":"UMBERTO I","LATITUDINE_SEZIONE":"44.70891","LONGITUDINE_SEZIONE":"9.09810","POS_X_SEZIONE":"507770.68894","POS_Y_SEZIONE":"4950619.99770","LATITUDINE_CENTRALE":"44.70615","LONGITUDINE_CENTRALE":"9.05056","POS_X_CENTRALE":"504004.82071","POS_Y_CENTRALE":"4950309.92057","TIPO_ADSL":"ADSL_M","DESCRIZIONE_TIPO_ADSL":"ADSL Mini","DISTANZA_CALCOLATA":"3778.61","CLASSE_DISTANZA":"3700-4099","POTENZA_SEGNALE":"0.64","POPOLAZIONE_SEZIONE": ""}
			},
		 		{ "type" : "Feature",
				"geometry" : {
					"type" : "Point",
					"coordinates" : [9.09840,44.72928]},
			"properties" : { "ANNO":"2010","ID_SEZIONE":"1304","ISTAT_COMUNE_SEZ":"6028","COMUNE_SEZ":"CANTALUPO LIGURE","PROVINCIA":"AL","ID_CENTRALE":"1133","NOME_CENTRALE":"ROCCHETTA LIGURE","ISTAT_COMUNE_CENTR":"6148","COMUNE_CENTR":"ROCCHETTA LIGURE","PROVINCIA_CENTR":"AL","INDIRIZZO_CENTRALE":"UMBERTO I","LATITUDINE_SEZIONE":"44.72928","LONGITUDINE_SEZIONE":"9.09840","POS_X_SEZIONE":"507791.50072","POS_Y_SEZIONE":"4952882.02241","LATITUDINE_CENTRALE":"44.70615","LONGITUDINE_CENTRALE":"9.05056","POS_X_CENTRALE":"504004.82071","POS_Y_CENTRALE":"4950309.92057","TIPO_ADSL":"ADSL_M","DESCRIZIONE_TIPO_ADSL":"ADSL Mini","DISTANZA_CALCOLATA":"4577.63","CLASSE_DISTANZA":"4500-4899","POTENZA_SEGNALE":"0.00","POPOLAZIONE_SEZIONE": ""}
			},
		 		{ "type" : "Feature",
				"geometry" : {
					"type" : "Point",
					"coordinates" : [9.04554,44.73277]},
			"properties" : { "ANNO":"2010","ID_SEZIONE":"1305","ISTAT_COMUNE_SEZ":"6028","COMUNE_SEZ":"CANTALUPO LIGURE","PROVINCIA":"AL","ID_CENTRALE":"1133","NOME_CENTRALE":"ROCCHETTA LIGURE","ISTAT_COMUNE_CENTR":"6148","COMUNE_CENTR":"ROCCHETTA LIGURE","PROVINCIA_CENTR":"AL","INDIRIZZO_CENTRALE":"UMBERTO I","LATITUDINE_SEZIONE":"44.73277","LONGITUDINE_SEZIONE":"9.04554","POS_X_SEZIONE":"503605.68823","POS_Y_SEZIONE":"4953266.05159","LATITUDINE_CENTRALE":"44.70615","LONGITUDINE_CENTRALE":"9.05056","POS_X_CENTRALE":"504004.82071","POS_Y_CENTRALE":"4950309.92057","TIPO_ADSL":"ADSL_M","DESCRIZIONE_TIPO_ADSL":"ADSL Mini","DISTANZA_CALCOLATA":"2982.95","CLASSE_DISTANZA":"2900-3299","POTENZA_SEGNALE":"0.64","POPOLAZIONE_SEZIONE": "10"}
			},
		 		{ "type" : "Feature",
				"geometry" : {
					"type" : "Point",
					"coordinates" : [9.08271,44.74068]},
			"properties" : { "ANNO":"2010","ID_SEZIONE":"2111","ISTAT_COMUNE_SEZ":"6028","COMUNE_SEZ":"CANTALUPO LIGURE","PROVINCIA":"AL","ID_CENTRALE":"1133","NOME_CENTRALE":"ROCCHETTA LIGURE","ISTAT_COMUNE_CENTR":"6148","COMUNE_CENTR":"ROCCHETTA LIGURE","PROVINCIA_CENTR":"AL","INDIRIZZO_CENTRALE":"UMBERTO I","LATITUDINE_SEZIONE":"44.74068","LONGITUDINE_SEZIONE":"9.08271","POS_X_SEZIONE":"506547.97662","POS_Y_SEZIONE":"4954147.53639","LATITUDINE_CENTRALE":"44.70615","LONGITUDINE_CENTRALE":"9.05056","POS_X_CENTRALE":"504004.82071","POS_Y_CENTRALE":"4950309.92057","TIPO_ADSL":"ADSL_M","DESCRIZIONE_TIPO_ADSL":"ADSL Mini","DISTANZA_CALCOLATA":"4603.8","CLASSE_DISTANZA":"4500-4899","POTENZA_SEGNALE":"0.00","POPOLAZIONE_SEZIONE": "7"}
			},
		 		{ "type" : "Feature",
				"geometry" : {
					"type" : "Point",
					"coordinates" : [9.06673,44.73148]},
			"properties" : { "ANNO":"2010","ID_SEZIONE":"2112","ISTAT_COMUNE_SEZ":"6028","COMUNE_SEZ":"CANTALUPO LIGURE","PROVINCIA":"AL","ID_CENTRALE":"1133","NOME_CENTRALE":"ROCCHETTA LIGURE","ISTAT_COMUNE_CENTR":"6148","COMUNE_CENTR":"ROCCHETTA LIGURE","PROVINCIA_CENTR":"AL","INDIRIZZO_CENTRALE":"UMBERTO I","LATITUDINE_SEZIONE":"44.73148","LONGITUDINE_SEZIONE":"9.06673","POS_X_SEZIONE":"505284.17528","POS_Y_SEZIONE":"4953123.53383","LATITUDINE_CENTRALE":"44.70615","LONGITUDINE_CENTRALE":"9.05056","POS_X_CENTRALE":"504004.82071","POS_Y_CENTRALE":"4950309.92057","TIPO_ADSL":"ADSL_M","DESCRIZIONE_TIPO_ADSL":"ADSL Mini","DISTANZA_CALCOLATA":"3090.82","CLASSE_DISTANZA":"2900-3299","POTENZA_SEGNALE":"0.64","POPOLAZIONE_SEZIONE": ""}
			},
		 		{ "type" : "Feature",
				"geometry" : {
					"type" : "Point",
					"coordinates" : [9.09909,44.69835]},
			"properties" : { "ANNO":"2010","ID_SEZIONE":"2114","ISTAT_COMUNE_SEZ":"6002","COMUNE_SEZ":"ALBERA LIGURE","PROVINCIA":"AL","ID_CENTRALE":"1133","NOME_CENTRALE":"ROCCHETTA LIGURE","ISTAT_COMUNE_CENTR":"6148","COMUNE_CENTR":"ROCCHETTA LIGURE","PROVINCIA_CENTR":"AL","INDIRIZZO_CENTRALE":"UMBERTO I","LATITUDINE_SEZIONE":"44.69835","LONGITUDINE_SEZIONE":"9.09909","POS_X_SEZIONE":"507850.43909","POS_Y_SEZIONE":"4949445.98529","LATITUDINE_CENTRALE":"44.70615","LONGITUDINE_CENTRALE":"9.05056","POS_X_CENTRALE":"504004.82071","POS_Y_CENTRALE":"4950309.92057","TIPO_ADSL":"ADSL_M","DESCRIZIONE_TIPO_ADSL":"ADSL Mini","DISTANZA_CALCOLATA":"3941.47","CLASSE_DISTANZA":"3700-4099","POTENZA_SEGNALE":"0.64","POPOLAZIONE_SEZIONE": "7"}
			},
		 		{ "type" : "Feature",
				"geometry" : {
					"type" : "Point",
					"coordinates" : [9.06091,44.67688]},
			"properties" : { "ANNO":"2010","ID_SEZIONE":"2635","ISTAT_COMUNE_SEZ":"6148","COMUNE_SEZ":"ROCCHETTA LIGURE","PROVINCIA":"AL","ID_CENTRALE":"1133","NOME_CENTRALE":"ROCCHETTA LIGURE","ISTAT_COMUNE_CENTR":"6148","COMUNE_CENTR":"ROCCHETTA LIGURE","PROVINCIA_CENTR":"AL","INDIRIZZO_CENTRALE":"UMBERTO I","LATITUDINE_SEZIONE":"44.67688","LONGITUDINE_SEZIONE":"9.06091","POS_X_SEZIONE":"504827.62283","POS_Y_SEZIONE":"4947058.47347","LATITUDINE_CENTRALE":"44.70615","LONGITUDINE_CENTRALE":"9.05056","POS_X_CENTRALE":"504004.82071","POS_Y_CENTRALE":"4950309.92057","TIPO_ADSL":"ADSL_M","DESCRIZIONE_TIPO_ADSL":"ADSL Mini","DISTANZA_CALCOLATA":"3353.94","CLASSE_DISTANZA":"3300-3699","POTENZA_SEGNALE":"0.64","POPOLAZIONE_SEZIONE": "15"}
			},
		 		{ "type" : "Feature",
				"geometry" : {
					"type" : "Point",
					"coordinates" : [9.02702,44.71766]},
			"properties" : { "ANNO":"2010","ID_SEZIONE":"3319","ISTAT_COMUNE_SEZ":"6146","COMUNE_SEZ":"ROCCAFORTE LIGURE","PROVINCIA":"AL","ID_CENTRALE":"1133","NOME_CENTRALE":"ROCCHETTA LIGURE","ISTAT_COMUNE_CENTR":"6148","COMUNE_CENTR":"ROCCHETTA LIGURE","PROVINCIA_CENTR":"AL","INDIRIZZO_CENTRALE":"UMBERTO I","LATITUDINE_SEZIONE":"44.71766","LONGITUDINE_SEZIONE":"9.02702","POS_X_SEZIONE":"502140.10922","POS_Y_SEZIONE":"4951587.54663","LATITUDINE_CENTRALE":"44.70615","LONGITUDINE_CENTRALE":"9.05056","POS_X_CENTRALE":"504004.82071","POS_Y_CENTRALE":"4950309.92057","TIPO_ADSL":"ADSL_M","DESCRIZIONE_TIPO_ADSL":"ADSL Mini","DISTANZA_CALCOLATA":"2260.42","CLASSE_DISTANZA":"2100-2499","POTENZA_SEGNALE":"0.64","POPOLAZIONE_SEZIONE": ""}
			},
		 		{ "type" : "Feature",
				"geometry" : {
					"type" : "Point",
					"coordinates" : [9.00417,44.67902]},
			"properties" : { "ANNO":"2010","ID_SEZIONE":"3328","ISTAT_COMUNE_SEZ":"6146","COMUNE_SEZ":"ROCCAFORTE LIGURE","PROVINCIA":"AL","ID_CENTRALE":"1133","NOME_CENTRALE":"ROCCHETTA LIGURE","ISTAT_COMUNE_CENTR":"6148","COMUNE_CENTR":"ROCCHETTA LIGURE","PROVINCIA_CENTR":"AL","INDIRIZZO_CENTRALE":"UMBERTO I","LATITUDINE_SEZIONE":"44.67902","LONGITUDINE_SEZIONE":"9.00417","POS_X_SEZIONE":"500330.16362","POS_Y_SEZIONE":"4947294.51316","LATITUDINE_CENTRALE":"44.70615","LONGITUDINE_CENTRALE":"9.05056","POS_X_CENTRALE":"504004.82071","POS_Y_CENTRALE":"4950309.92057","TIPO_ADSL":"ADSL_M","DESCRIZIONE_TIPO_ADSL":"ADSL Mini","DISTANZA_CALCOLATA":"4753.5","CLASSE_DISTANZA":"4500-4899","POTENZA_SEGNALE":"0.00","POPOLAZIONE_SEZIONE": "17"}
			},
		 		{ "type" : "Feature",
				"geometry" : {
					"type" : "Point",
					"coordinates" : [9.03457,44.72833]},
			"properties" : { "ANNO":"2010","ID_SEZIONE":"5110","ISTAT_COMUNE_SEZ":"6028","COMUNE_SEZ":"CANTALUPO LIGURE","PROVINCIA":"AL","ID_CENTRALE":"1133","NOME_CENTRALE":"ROCCHETTA LIGURE","ISTAT_COMUNE_CENTR":"6148","COMUNE_CENTR":"ROCCHETTA LIGURE","PROVINCIA_CENTR":"AL","INDIRIZZO_CENTRALE":"UMBERTO I","LATITUDINE_SEZIONE":"44.72833","LONGITUDINE_SEZIONE":"9.03457","POS_X_SEZIONE":"502737.22718","POS_Y_SEZIONE":"4952773.05447","LATITUDINE_CENTRALE":"44.70615","LONGITUDINE_CENTRALE":"9.05056","POS_X_CENTRALE":"504004.82071","POS_Y_CENTRALE":"4950309.92057","TIPO_ADSL":"ADSL_M","DESCRIZIONE_TIPO_ADSL":"ADSL Mini","DISTANZA_CALCOLATA":"2770.17","CLASSE_DISTANZA":"2500-2899","POTENZA_SEGNALE":"0.64","POPOLAZIONE_SEZIONE": "26"}
			},
		 		{ "type" : "Feature",
				"geometry" : {
					"type" : "Point",
					"coordinates" : [9.08258,44.74335]},
			"properties" : { "ANNO":"2010","ID_SEZIONE":"5327","ISTAT_COMUNE_SEZ":"6028","COMUNE_SEZ":"CANTALUPO LIGURE","PROVINCIA":"AL","ID_CENTRALE":"1133","NOME_CENTRALE":"ROCCHETTA LIGURE","ISTAT_COMUNE_CENTR":"6148","COMUNE_CENTR":"ROCCHETTA LIGURE","PROVINCIA_CENTR":"AL","INDIRIZZO_CENTRALE":"UMBERTO I","LATITUDINE_SEZIONE":"44.74335","LONGITUDINE_SEZIONE":"9.08258","POS_X_SEZIONE":"506537.35160","POS_Y_SEZIONE":"4954444.03969","LATITUDINE_CENTRALE":"44.70615","LONGITUDINE_CENTRALE":"9.05056","POS_X_CENTRALE":"504004.82071","POS_Y_CENTRALE":"4950309.92057","TIPO_ADSL":"ADSL_M","DESCRIZIONE_TIPO_ADSL":"ADSL Mini","DISTANZA_CALCOLATA":"4848.16","CLASSE_DISTANZA":"4500-4899","POTENZA_SEGNALE":"0.00","POPOLAZIONE_SEZIONE": "30"}
			},
		 		{ "type" : "Feature",
				"geometry" : {
					"type" : "Point",
					"coordinates" : [8.99921,44.68391]},
			"properties" : { "ANNO":"2010","ID_SEZIONE":"5717","ISTAT_COMUNE_SEZ":"6146","COMUNE_SEZ":"ROCCAFORTE LIGURE","PROVINCIA":"AL","ID_CENTRALE":"1133","NOME_CENTRALE":"ROCCHETTA LIGURE","ISTAT_COMUNE_CENTR":"6148","COMUNE_CENTR":"ROCCHETTA LIGURE","PROVINCIA_CENTR":"AL","INDIRIZZO_CENTRALE":"UMBERTO I","LATITUDINE_SEZIONE":"44.68391","LONGITUDINE_SEZIONE":"8.99921","POS_X_SEZIONE":"499937.51031","POS_Y_SEZIONE":"4947838.02266","LATITUDINE_CENTRALE":"44.70615","LONGITUDINE_CENTRALE":"9.05056","POS_X_CENTRALE":"504004.82071","POS_Y_CENTRALE":"4950309.92057","TIPO_ADSL":"ADSL_M","DESCRIZIONE_TIPO_ADSL":"ADSL Mini","DISTANZA_CALCOLATA":"4759.55","CLASSE_DISTANZA":"4500-4899","POTENZA_SEGNALE":"0.00","POPOLAZIONE_SEZIONE": "2"}
			},
		 		{ "type" : "Feature",
				"geometry" : {
					"type" : "Point",
					"coordinates" : [9.05052,44.70653]},
			"properties" : { "ANNO":"2010","ID_SEZIONE":"5819","ISTAT_COMUNE_SEZ":"6148","COMUNE_SEZ":"ROCCHETTA LIGURE","PROVINCIA":"AL","ID_CENTRALE":"1133","NOME_CENTRALE":"ROCCHETTA LIGURE","ISTAT_COMUNE_CENTR":"6148","COMUNE_CENTR":"ROCCHETTA LIGURE","PROVINCIA_CENTR":"AL","INDIRIZZO_CENTRALE":"UMBERTO I","LATITUDINE_SEZIONE":"44.70653","LONGITUDINE_SEZIONE":"9.05052","POS_X_SEZIONE":"504001.75095","POS_Y_SEZIONE":"4950352.01588","LATITUDINE_CENTRALE":"44.70615","LONGITUDINE_CENTRALE":"9.05056","POS_X_CENTRALE":"504004.82071","POS_Y_CENTRALE":"4950309.92057","TIPO_ADSL":"ADSL_M","DESCRIZIONE_TIPO_ADSL":"ADSL Mini","DISTANZA_CALCOLATA":"42.21","CLASSE_DISTANZA":"0-99","POTENZA_SEGNALE":"0.64","POPOLAZIONE_SEZIONE": "107"}
			},
		 		{ "type" : "Feature",
				"geometry" : {
					"type" : "Point",
					"coordinates" : [9.13641,44.70155]},
			"properties" : { "ANNO":"2010","ID_SEZIONE":"6146","ISTAT_COMUNE_SEZ":"6002","COMUNE_SEZ":"ALBERA LIGURE","PROVINCIA":"AL","ID_CENTRALE":"1133","NOME_CENTRALE":"ROCCHETTA LIGURE","ISTAT_COMUNE_CENTR":"6148","COMUNE_CENTR":"ROCCHETTA LIGURE","PROVINCIA_CENTR":"AL","INDIRIZZO_CENTRALE":"UMBERTO I","LATITUDINE_SEZIONE":"44.70155","LONGITUDINE_SEZIONE":"9.13641","POS_X_SEZIONE":"510806.88478","POS_Y_SEZIONE":"4949806.48449","LATITUDINE_CENTRALE":"44.70615","LONGITUDINE_CENTRALE":"9.05056","POS_X_CENTRALE":"504004.82071","POS_Y_CENTRALE":"4950309.92057","TIPO_ADSL":"ADSL_M","DESCRIZIONE_TIPO_ADSL":"ADSL Mini","DISTANZA_CALCOLATA":"6820.67","CLASSE_DISTANZA":"6100 e oltre","POTENZA_SEGNALE":"0.00","POPOLAZIONE_SEZIONE": ""}
			},
		 		{ "type" : "Feature",
				"geometry" : {
					"type" : "Point",
					"coordinates" : [9.05703,44.68945]},
			"properties" : { "ANNO":"2010","ID_SEZIONE":"6195","ISTAT_COMUNE_SEZ":"6148","COMUNE_SEZ":"ROCCHETTA LIGURE","PROVINCIA":"AL","ID_CENTRALE":"1133","NOME_CENTRALE":"ROCCHETTA LIGURE","ISTAT_COMUNE_CENTR":"6148","COMUNE_CENTR":"ROCCHETTA LIGURE","PROVINCIA_CENTR":"AL","INDIRIZZO_CENTRALE":"UMBERTO I","LATITUDINE_SEZIONE":"44.68945","LONGITUDINE_SEZIONE":"9.05703","POS_X_SEZIONE":"504518.87403","POS_Y_SEZIONE":"4948454.99136","LATITUDINE_CENTRALE":"44.70615","LONGITUDINE_CENTRALE":"9.05056","POS_X_CENTRALE":"504004.82071","POS_Y_CENTRALE":"4950309.92057","TIPO_ADSL":"ADSL_M","DESCRIZIONE_TIPO_ADSL":"ADSL Mini","DISTANZA_CALCOLATA":"1924.84","CLASSE_DISTANZA":"1700-2099","POTENZA_SEGNALE":"0.64","POPOLAZIONE_SEZIONE": ""}
			},
		 		{ "type" : "Feature",
				"geometry" : {
					"type" : "Point",
					"coordinates" : [9.05682,44.68264]},
			"properties" : { "ANNO":"2010","ID_SEZIONE":"6196","ISTAT_COMUNE_SEZ":"6148","COMUNE_SEZ":"ROCCHETTA LIGURE","PROVINCIA":"AL","ID_CENTRALE":"1133","NOME_CENTRALE":"ROCCHETTA LIGURE","ISTAT_COMUNE_CENTR":"6148","COMUNE_CENTR":"ROCCHETTA LIGURE","PROVINCIA_CENTR":"AL","INDIRIZZO_CENTRALE":"UMBERTO I","LATITUDINE_SEZIONE":"44.68264","LONGITUDINE_SEZIONE":"9.05682","POS_X_SEZIONE":"504502.87505","POS_Y_SEZIONE":"4947697.98298","LATITUDINE_CENTRALE":"44.70615","LONGITUDINE_CENTRALE":"9.05056","POS_X_CENTRALE":"504004.82071","POS_Y_CENTRALE":"4950309.92057","TIPO_ADSL":"ADSL_M","DESCRIZIONE_TIPO_ADSL":"ADSL Mini","DISTANZA_CALCOLATA":"2659","CLASSE_DISTANZA":"2500-2899","POTENZA_SEGNALE":"0.64","POPOLAZIONE_SEZIONE": "10"}
			},
		 		{ "type" : "Feature",
				"geometry" : {
					"type" : "Point",
					"coordinates" : [9.03310,44.65495]},
			"properties" : { "ANNO":"2010","ID_SEZIONE":"6806","ISTAT_COMUNE_SEZ":"6146","COMUNE_SEZ":"ROCCAFORTE LIGURE","PROVINCIA":"AL","ID_CENTRALE":"1133","NOME_CENTRALE":"ROCCHETTA LIGURE","ISTAT_COMUNE_CENTR":"6148","COMUNE_CENTR":"ROCCHETTA LIGURE","PROVINCIA_CENTR":"AL","INDIRIZZO_CENTRALE":"UMBERTO I","LATITUDINE_SEZIONE":"44.65495","LONGITUDINE_SEZIONE":"9.03310","POS_X_SEZIONE":"502624.46071","POS_Y_SEZIONE":"4944620.96794","LATITUDINE_CENTRALE":"44.70615","LONGITUDINE_CENTRALE":"9.05056","POS_X_CENTRALE":"504004.82071","POS_Y_CENTRALE":"4950309.92057","TIPO_ADSL":"ADSL_M","DESCRIZIONE_TIPO_ADSL":"ADSL Mini","DISTANZA_CALCOLATA":"5854.02","CLASSE_DISTANZA":"5700-6099","POTENZA_SEGNALE":"0.00","POPOLAZIONE_SEZIONE": ""}
			},
		 		{ "type" : "Feature",
				"geometry" : {
					"type" : "Point",
					"coordinates" : [9.03121,44.70578]},
			"properties" : { "ANNO":"2010","ID_SEZIONE":"7422","ISTAT_COMUNE_SEZ":"6146","COMUNE_SEZ":"ROCCAFORTE LIGURE","PROVINCIA":"AL","ID_CENTRALE":"1133","NOME_CENTRALE":"ROCCHETTA LIGURE","ISTAT_COMUNE_CENTR":"6148","COMUNE_CENTR":"ROCCHETTA LIGURE","PROVINCIA_CENTR":"AL","INDIRIZZO_CENTRALE":"UMBERTO I","LATITUDINE_SEZIONE":"44.70578","LONGITUDINE_SEZIONE":"9.03121","POS_X_SEZIONE":"502471.95230","POS_Y_SEZIONE":"4950268.02893","LATITUDINE_CENTRALE":"44.70615","LONGITUDINE_CENTRALE":"9.05056","POS_X_CENTRALE":"504004.82071","POS_Y_CENTRALE":"4950309.92057","TIPO_ADSL":"ADSL_M","DESCRIZIONE_TIPO_ADSL":"ADSL Mini","DISTANZA_CALCOLATA":"1533.44","CLASSE_DISTANZA":"1300-1699","POTENZA_SEGNALE":"0.64","POPOLAZIONE_SEZIONE": ""}
			},
		 		{ "type" : "Feature",
				"geometry" : {
					"type" : "Point",
					"coordinates" : [9.08136,44.72711]},
			"properties" : { "ANNO":"2010","ID_SEZIONE":"7634","ISTAT_COMUNE_SEZ":"6028","COMUNE_SEZ":"CANTALUPO LIGURE","PROVINCIA":"AL","ID_CENTRALE":"1133","NOME_CENTRALE":"ROCCHETTA LIGURE","ISTAT_COMUNE_CENTR":"6148","COMUNE_CENTR":"ROCCHETTA LIGURE","PROVINCIA_CENTR":"AL","INDIRIZZO_CENTRALE":"UMBERTO I","LATITUDINE_SEZIONE":"44.72711","LONGITUDINE_SEZIONE":"9.08136","POS_X_SEZIONE":"506442.88555","POS_Y_SEZIONE":"4952640.02100","LATITUDINE_CENTRALE":"44.70615","LONGITUDINE_CENTRALE":"9.05056","POS_X_CENTRALE":"504004.82071","POS_Y_CENTRALE":"4950309.92057","TIPO_ADSL":"ADSL_M","DESCRIZIONE_TIPO_ADSL":"ADSL Mini","DISTANZA_CALCOLATA":"3372.47","CLASSE_DISTANZA":"3300-3699","POTENZA_SEGNALE":"0.64","POPOLAZIONE_SEZIONE": ""}
			},
		 		{ "type" : "Feature",
				"geometry" : {
					"type" : "Point",
					"coordinates" : [9.07268,44.73216]},
			"properties" : { "ANNO":"2010","ID_SEZIONE":"8236","ISTAT_COMUNE_SEZ":"6028","COMUNE_SEZ":"CANTALUPO LIGURE","PROVINCIA":"AL","ID_CENTRALE":"1133","NOME_CENTRALE":"ROCCHETTA LIGURE","ISTAT_COMUNE_CENTR":"6148","COMUNE_CENTR":"ROCCHETTA LIGURE","PROVINCIA_CENTR":"AL","INDIRIZZO_CENTRALE":"UMBERTO I","LATITUDINE_SEZIONE":"44.73216","LONGITUDINE_SEZIONE":"9.07268","POS_X_SEZIONE":"505755.14001","POS_Y_SEZIONE":"4953199.52999","LATITUDINE_CENTRALE":"44.70615","LONGITUDINE_CENTRALE":"9.05056","POS_X_CENTRALE":"504004.82071","POS_Y_CENTRALE":"4950309.92057","TIPO_ADSL":"ADSL_M","DESCRIZIONE_TIPO_ADSL":"ADSL Mini","DISTANZA_CALCOLATA":"3378.38","CLASSE_DISTANZA":"3300-3699","POTENZA_SEGNALE":"0.64","POPOLAZIONE_SEZIONE": "13"}
			},
		 		{ "type" : "Feature",
				"geometry" : {
					"type" : "Point",
					"coordinates" : [9.05047,44.73851]},
			"properties" : { "ANNO":"2010","ID_SEZIONE":"8615","ISTAT_COMUNE_SEZ":"6028","COMUNE_SEZ":"CANTALUPO LIGURE","PROVINCIA":"AL","ID_CENTRALE":"1133","NOME_CENTRALE":"ROCCHETTA LIGURE","ISTAT_COMUNE_CENTR":"6148","COMUNE_CENTR":"ROCCHETTA LIGURE","PROVINCIA_CENTR":"AL","INDIRIZZO_CENTRALE":"UMBERTO I","LATITUDINE_SEZIONE":"44.73851","LONGITUDINE_SEZIONE":"9.05047","POS_X_SEZIONE":"503995.43441","POS_Y_SEZIONE":"4953904.55451","LATITUDINE_CENTRALE":"44.70615","LONGITUDINE_CENTRALE":"9.05056","POS_X_CENTRALE":"504004.82071","POS_Y_CENTRALE":"4950309.92057","TIPO_ADSL":"ADSL_M","DESCRIZIONE_TIPO_ADSL":"ADSL Mini","DISTANZA_CALCOLATA":"3594.65","CLASSE_DISTANZA":"3300-3699","POTENZA_SEGNALE":"0.64","POPOLAZIONE_SEZIONE": "40"}
			},
		 		{ "type" : "Feature",
				"geometry" : {
					"type" : "Point",
					"coordinates" : [9.12454,44.70810]},
			"properties" : { "ANNO":"2010","ID_SEZIONE":"8617","ISTAT_COMUNE_SEZ":"6002","COMUNE_SEZ":"ALBERA LIGURE","PROVINCIA":"AL","ID_CENTRALE":"1133","NOME_CENTRALE":"ROCCHETTA LIGURE","ISTAT_COMUNE_CENTR":"6148","COMUNE_CENTR":"ROCCHETTA LIGURE","PROVINCIA_CENTR":"AL","INDIRIZZO_CENTRALE":"UMBERTO I","LATITUDINE_SEZIONE":"44.70810","LONGITUDINE_SEZIONE":"9.12454","POS_X_SEZIONE":"509864.98603","POS_Y_SEZIONE":"4950531.99412","LATITUDINE_CENTRALE":"44.70615","LONGITUDINE_CENTRALE":"9.05056","POS_X_CENTRALE":"504004.82071","POS_Y_CENTRALE":"4950309.92057","TIPO_ADSL":"ADSL_M","DESCRIZIONE_TIPO_ADSL":"ADSL Mini","DISTANZA_CALCOLATA":"5864.37","CLASSE_DISTANZA":"5700-6099","POTENZA_SEGNALE":"0.00","POPOLAZIONE_SEZIONE": "16"}
			},
		 		{ "type" : "Feature",
				"geometry" : {
					"type" : "Point",
					"coordinates" : [9.06893,44.72088]},
			"properties" : { "ANNO":"2010","ID_SEZIONE":"9740","ISTAT_COMUNE_SEZ":"6028","COMUNE_SEZ":"CANTALUPO LIGURE","PROVINCIA":"AL","ID_CENTRALE":"1133","NOME_CENTRALE":"ROCCHETTA LIGURE","ISTAT_COMUNE_CENTR":"6148","COMUNE_CENTR":"ROCCHETTA LIGURE","PROVINCIA_CENTR":"AL","INDIRIZZO_CENTRALE":"UMBERTO I","LATITUDINE_SEZIONE":"44.72088","LONGITUDINE_SEZIONE":"9.06893","POS_X_SEZIONE":"505459.20606","POS_Y_SEZIONE":"4951947.01978","LATITUDINE_CENTRALE":"44.70615","LONGITUDINE_CENTRALE":"9.05056","POS_X_CENTRALE":"504004.82071","POS_Y_CENTRALE":"4950309.92057","TIPO_ADSL":"ADSL_M","DESCRIZIONE_TIPO_ADSL":"ADSL Mini","DISTANZA_CALCOLATA":"2189.82","CLASSE_DISTANZA":"2100-2499","POTENZA_SEGNALE":"0.64","POPOLAZIONE_SEZIONE": ""}
			},
		 		{ "type" : "Feature",
				"geometry" : {
					"type" : "Point",
					"coordinates" : [9.09011,44.70470]},
			"properties" : { "ANNO":"2010","ID_SEZIONE":"9741","ISTAT_COMUNE_SEZ":"6002","COMUNE_SEZ":"ALBERA LIGURE","PROVINCIA":"AL","ID_CENTRALE":"1133","NOME_CENTRALE":"ROCCHETTA LIGURE","ISTAT_COMUNE_CENTR":"6148","COMUNE_CENTR":"ROCCHETTA LIGURE","PROVINCIA_CENTR":"AL","INDIRIZZO_CENTRALE":"UMBERTO I","LATITUDINE_SEZIONE":"44.70470","LONGITUDINE_SEZIONE":"9.09011","POS_X_SEZIONE":"507138.41297","POS_Y_SEZIONE":"4950150.99393","LATITUDINE_CENTRALE":"44.70615","LONGITUDINE_CENTRALE":"9.05056","POS_X_CENTRALE":"504004.82071","POS_Y_CENTRALE":"4950309.92057","TIPO_ADSL":"ADSL_M","DESCRIZIONE_TIPO_ADSL":"ADSL Mini","DISTANZA_CALCOLATA":"3137.62","CLASSE_DISTANZA":"2900-3299","POTENZA_SEGNALE":"0.64","POPOLAZIONE_SEZIONE": "45"}
			},
		 		{ "type" : "Feature",
				"geometry" : {
					"type" : "Point",
					"coordinates" : [9.04954,44.69327]},
			"properties" : { "ANNO":"2010","ID_SEZIONE":"9742","ISTAT_COMUNE_SEZ":"6148","COMUNE_SEZ":"ROCCHETTA LIGURE","PROVINCIA":"AL","ID_CENTRALE":"1133","NOME_CENTRALE":"ROCCHETTA LIGURE","ISTAT_COMUNE_CENTR":"6148","COMUNE_CENTR":"ROCCHETTA LIGURE","PROVINCIA_CENTR":"AL","INDIRIZZO_CENTRALE":"UMBERTO I","LATITUDINE_SEZIONE":"44.69327","LONGITUDINE_SEZIONE":"9.04954","POS_X_SEZIONE":"503925.22283","POS_Y_SEZIONE":"4948878.50087","LATITUDINE_CENTRALE":"44.70615","LONGITUDINE_CENTRALE":"9.05056","POS_X_CENTRALE":"504004.82071","POS_Y_CENTRALE":"4950309.92057","TIPO_ADSL":"ADSL_M","DESCRIZIONE_TIPO_ADSL":"ADSL Mini","DISTANZA_CALCOLATA":"1433.63","CLASSE_DISTANZA":"1300-1699","POTENZA_SEGNALE":"0.64","POPOLAZIONE_SEZIONE": "18"}
			},
		 		{ "type" : "Feature",
				"geometry" : {
					"type" : "Point",
					"coordinates" : [9.08706,44.71625]},
			"properties" : { "ANNO":"2010","ID_SEZIONE":"9895","ISTAT_COMUNE_SEZ":"6002","COMUNE_SEZ":"ALBERA LIGURE","PROVINCIA":"AL","ID_CENTRALE":"1133","NOME_CENTRALE":"ROCCHETTA LIGURE","ISTAT_COMUNE_CENTR":"6148","COMUNE_CENTR":"ROCCHETTA LIGURE","PROVINCIA_CENTR":"AL","INDIRIZZO_CENTRALE":"UMBERTO I","LATITUDINE_SEZIONE":"44.71625","LONGITUDINE_SEZIONE":"9.08706","POS_X_SEZIONE":"506895.66405","POS_Y_SEZIONE":"4951434.00756","LATITUDINE_CENTRALE":"44.70615","LONGITUDINE_CENTRALE":"9.05056","POS_X_CENTRALE":"504004.82071","POS_Y_CENTRALE":"4950309.92057","TIPO_ADSL":"ADSL_M","DESCRIZIONE_TIPO_ADSL":"ADSL Mini","DISTANZA_CALCOLATA":"3101.7","CLASSE_DISTANZA":"2900-3299","POTENZA_SEGNALE":"0.64","POPOLAZIONE_SEZIONE": "7"}
			},
		 		{ "type" : "Feature",
				"geometry" : {
					"type" : "Point",
					"coordinates" : [9.02412,44.73244]},
			"properties" : { "ANNO":"2010","ID_SEZIONE":"10701","ISTAT_COMUNE_SEZ":"6028","COMUNE_SEZ":"CANTALUPO LIGURE","PROVINCIA":"AL","ID_CENTRALE":"1133","NOME_CENTRALE":"ROCCHETTA LIGURE","ISTAT_COMUNE_CENTR":"6148","COMUNE_CENTR":"ROCCHETTA LIGURE","PROVINCIA_CENTR":"AL","INDIRIZZO_CENTRALE":"UMBERTO I","LATITUDINE_SEZIONE":"44.73244","LONGITUDINE_SEZIONE":"9.02412","POS_X_SEZIONE":"501909.73329","POS_Y_SEZIONE":"4953228.56705","LATITUDINE_CENTRALE":"44.70615","LONGITUDINE_CENTRALE":"9.05056","POS_X_CENTRALE":"504004.82071","POS_Y_CENTRALE":"4950309.92057","TIPO_ADSL":"ADSL_M","DESCRIZIONE_TIPO_ADSL":"ADSL Mini","DISTANZA_CALCOLATA":"3592.76","CLASSE_DISTANZA":"3300-3699","POTENZA_SEGNALE":"0.64","POPOLAZIONE_SEZIONE": ""}
			},
		 		{ "type" : "Feature",
				"geometry" : {
					"type" : "Point",
					"coordinates" : [9.02793,44.68449]},
			"properties" : { "ANNO":"2010","ID_SEZIONE":"11586","ISTAT_COMUNE_SEZ":"6146","COMUNE_SEZ":"ROCCAFORTE LIGURE","PROVINCIA":"AL","ID_CENTRALE":"1133","NOME_CENTRALE":"ROCCHETTA LIGURE","ISTAT_COMUNE_CENTR":"6148","COMUNE_CENTR":"ROCCHETTA LIGURE","PROVINCIA_CENTR":"AL","INDIRIZZO_CENTRALE":"UMBERTO I","LATITUDINE_SEZIONE":"44.68449","LONGITUDINE_SEZIONE":"9.02793","POS_X_SEZIONE":"502213.08356","POS_Y_SEZIONE":"4947902.50445","LATITUDINE_CENTRALE":"44.70615","LONGITUDINE_CENTRALE":"9.05056","POS_X_CENTRALE":"504004.82071","POS_Y_CENTRALE":"4950309.92057","TIPO_ADSL":"ADSL_M","DESCRIZIONE_TIPO_ADSL":"ADSL Mini","DISTANZA_CALCOLATA":"3001","CLASSE_DISTANZA":"2900-3299","POTENZA_SEGNALE":"0.64","POPOLAZIONE_SEZIONE": "2"}
			},
		 		{ "type" : "Feature",
				"geometry" : {
					"type" : "Point",
					"coordinates" : [9.10498,44.73980]},
			"properties" : { "ANNO":"2010","ID_SEZIONE":"11755","ISTAT_COMUNE_SEZ":"6028","COMUNE_SEZ":"CANTALUPO LIGURE","PROVINCIA":"AL","ID_CENTRALE":"1133","NOME_CENTRALE":"ROCCHETTA LIGURE","ISTAT_COMUNE_CENTR":"6148","COMUNE_CENTR":"ROCCHETTA LIGURE","PROVINCIA_CENTR":"AL","INDIRIZZO_CENTRALE":"UMBERTO I","LATITUDINE_SEZIONE":"44.73980","LONGITUDINE_SEZIONE":"9.10498","POS_X_SEZIONE":"508311.49713","POS_Y_SEZIONE":"4954051.53486","LATITUDINE_CENTRALE":"44.70615","LONGITUDINE_CENTRALE":"9.05056","POS_X_CENTRALE":"504004.82071","POS_Y_CENTRALE":"4950309.92057","TIPO_ADSL":"ADSL_M","DESCRIZIONE_TIPO_ADSL":"ADSL Mini","DISTANZA_CALCOLATA":"5705.01","CLASSE_DISTANZA":"5700-6099","POTENZA_SEGNALE":"0.00","POPOLAZIONE_SEZIONE": ""}
			},
		 		{ "type" : "Feature",
				"geometry" : {
					"type" : "Point",
					"coordinates" : [9.06363,44.71099]},
			"properties" : { "ANNO":"2010","ID_SEZIONE":"11758","ISTAT_COMUNE_SEZ":"6002","COMUNE_SEZ":"ALBERA LIGURE","PROVINCIA":"AL","ID_CENTRALE":"1133","NOME_CENTRALE":"ROCCHETTA LIGURE","ISTAT_COMUNE_CENTR":"6148","COMUNE_CENTR":"ROCCHETTA LIGURE","PROVINCIA_CENTR":"AL","INDIRIZZO_CENTRALE":"UMBERTO I","LATITUDINE_SEZIONE":"44.71099","LONGITUDINE_SEZIONE":"9.06363","POS_X_SEZIONE":"505040.17963","POS_Y_SEZIONE":"4950847.51207","LATITUDINE_CENTRALE":"44.70615","LONGITUDINE_CENTRALE":"9.05056","POS_X_CENTRALE":"504004.82071","POS_Y_CENTRALE":"4950309.92057","TIPO_ADSL":"ADSL_M","DESCRIZIONE_TIPO_ADSL":"ADSL Mini","DISTANZA_CALCOLATA":"1166.61","CLASSE_DISTANZA":"900-1299","POTENZA_SEGNALE":"0.64","POPOLAZIONE_SEZIONE": "32"}
			},
		 		{ "type" : "Feature",
				"geometry" : {
					"type" : "Point",
					"coordinates" : [9.04471,44.71810]},
			"properties" : { "ANNO":"2010","ID_SEZIONE":"12359","ISTAT_COMUNE_SEZ":"6028","COMUNE_SEZ":"CANTALUPO LIGURE","PROVINCIA":"AL","ID_CENTRALE":"1133","NOME_CENTRALE":"ROCCHETTA LIGURE","ISTAT_COMUNE_CENTR":"6148","COMUNE_CENTR":"ROCCHETTA LIGURE","PROVINCIA_CENTR":"AL","INDIRIZZO_CENTRALE":"UMBERTO I","LATITUDINE_SEZIONE":"44.71810","LONGITUDINE_SEZIONE":"9.04471","POS_X_SEZIONE":"503541.25303","POS_Y_SEZIONE":"4951637.03450","LATITUDINE_CENTRALE":"44.70615","LONGITUDINE_CENTRALE":"9.05056","POS_X_CENTRALE":"504004.82071","POS_Y_CENTRALE":"4950309.92057","TIPO_ADSL":"ADSL_M","DESCRIZIONE_TIPO_ADSL":"ADSL Mini","DISTANZA_CALCOLATA":"1405.75","CLASSE_DISTANZA":"1300-1699","POTENZA_SEGNALE":"0.64","POPOLAZIONE_SEZIONE": "184"}
			},
		 		{ "type" : "Feature",
				"geometry" : {
					"type" : "Point",
					"coordinates" : [9.11281,44.72879]},
			"properties" : { "ANNO":"2010","ID_SEZIONE":"13876","ISTAT_COMUNE_SEZ":"6028","COMUNE_SEZ":"CANTALUPO LIGURE","PROVINCIA":"AL","ID_CENTRALE":"1133","NOME_CENTRALE":"ROCCHETTA LIGURE","ISTAT_COMUNE_CENTR":"6148","COMUNE_CENTR":"ROCCHETTA LIGURE","PROVINCIA_CENTR":"AL","INDIRIZZO_CENTRALE":"UMBERTO I","LATITUDINE_SEZIONE":"44.72879","LONGITUDINE_SEZIONE":"9.11281","POS_X_SEZIONE":"508933.05489","POS_Y_SEZIONE":"4952829.52090","LATITUDINE_CENTRALE":"44.70615","LONGITUDINE_CENTRALE":"9.05056","POS_X_CENTRALE":"504004.82071","POS_Y_CENTRALE":"4950309.92057","TIPO_ADSL":"ADSL_M","DESCRIZIONE_TIPO_ADSL":"ADSL Mini","DISTANZA_CALCOLATA":"5534.97","CLASSE_DISTANZA":"5300-5699","POTENZA_SEGNALE":"0.00","POPOLAZIONE_SEZIONE": ""}
			},
		 		{ "type" : "Feature",
				"geometry" : {
					"type" : "Point",
					"coordinates" : [8.98555,44.67726]},
			"properties" : { "ANNO":"2010","ID_SEZIONE":"14156","ISTAT_COMUNE_SEZ":"6146","COMUNE_SEZ":"ROCCAFORTE LIGURE","PROVINCIA":"AL","ID_CENTRALE":"1133","NOME_CENTRALE":"ROCCHETTA LIGURE","ISTAT_COMUNE_CENTR":"6148","COMUNE_CENTR":"ROCCHETTA LIGURE","PROVINCIA_CENTR":"AL","INDIRIZZO_CENTRALE":"UMBERTO I","LATITUDINE_SEZIONE":"44.67726","LONGITUDINE_SEZIONE":"8.98555","POS_X_SEZIONE":"498854.74090","POS_Y_SEZIONE":"4947099.52307","LATITUDINE_CENTRALE":"44.70615","LONGITUDINE_CENTRALE":"9.05056","POS_X_CENTRALE":"504004.82071","POS_Y_CENTRALE":"4950309.92057","TIPO_ADSL":"ADSL_M","DESCRIZIONE_TIPO_ADSL":"ADSL Mini","DISTANZA_CALCOLATA":"6068.77","CLASSE_DISTANZA":"5700-6099","POTENZA_SEGNALE":"0.00","POPOLAZIONE_SEZIONE": ""}
			},
		 		{ "type" : "Feature",
				"geometry" : {
					"type" : "Point",
					"coordinates" : [9.08607,44.69822]},
			"properties" : { "ANNO":"2010","ID_SEZIONE":"14439","ISTAT_COMUNE_SEZ":"6002","COMUNE_SEZ":"ALBERA LIGURE","PROVINCIA":"AL","ID_CENTRALE":"1133","NOME_CENTRALE":"ROCCHETTA LIGURE","ISTAT_COMUNE_CENTR":"6148","COMUNE_CENTR":"ROCCHETTA LIGURE","PROVINCIA_CENTR":"AL","INDIRIZZO_CENTRALE":"UMBERTO I","LATITUDINE_SEZIONE":"44.69822","LONGITUDINE_SEZIONE":"9.08607","POS_X_SEZIONE":"506818.79134","POS_Y_SEZIONE":"4949430.48653","LATITUDINE_CENTRALE":"44.70615","LONGITUDINE_CENTRALE":"9.05056","POS_X_CENTRALE":"504004.82071","POS_Y_CENTRALE":"4950309.92057","TIPO_ADSL":"ADSL_M","DESCRIZIONE_TIPO_ADSL":"ADSL Mini","DISTANZA_CALCOLATA":"2948.19","CLASSE_DISTANZA":"2900-3299","POTENZA_SEGNALE":"0.64","POPOLAZIONE_SEZIONE": "32"}
			},
		 		{ "type" : "Feature",
				"geometry" : {
					"type" : "Point",
					"coordinates" : [9.07961,44.67986]},
			"properties" : { "ANNO":"2010","ID_SEZIONE":"14896","ISTAT_COMUNE_SEZ":"6148","COMUNE_SEZ":"ROCCHETTA LIGURE","PROVINCIA":"AL","ID_CENTRALE":"1133","NOME_CENTRALE":"ROCCHETTA LIGURE","ISTAT_COMUNE_CENTR":"6148","COMUNE_CENTR":"ROCCHETTA LIGURE","PROVINCIA_CENTR":"AL","INDIRIZZO_CENTRALE":"UMBERTO I","LATITUDINE_SEZIONE":"44.67986","LONGITUDINE_SEZIONE":"9.07961","POS_X_SEZIONE":"506309.39076","POS_Y_SEZIONE":"4947390.46605","LATITUDINE_CENTRALE":"44.70615","LONGITUDINE_CENTRALE":"9.05056","POS_X_CENTRALE":"504004.82071","POS_Y_CENTRALE":"4950309.92057","TIPO_ADSL":"ADSL_M","DESCRIZIONE_TIPO_ADSL":"ADSL Mini","DISTANZA_CALCOLATA":"3719.44","CLASSE_DISTANZA":"3700-4099","POTENZA_SEGNALE":"0.64","POPOLAZIONE_SEZIONE": "10"}
			},
		 		{ "type" : "Feature",
				"geometry" : {
					"type" : "Point",
					"coordinates" : [9.03399,44.67632]},
			"properties" : { "ANNO":"2010","ID_SEZIONE":"14903","ISTAT_COMUNE_SEZ":"6146","COMUNE_SEZ":"ROCCAFORTE LIGURE","PROVINCIA":"AL","ID_CENTRALE":"1133","NOME_CENTRALE":"ROCCHETTA LIGURE","ISTAT_COMUNE_CENTR":"6148","COMUNE_CENTR":"ROCCHETTA LIGURE","PROVINCIA_CENTR":"AL","INDIRIZZO_CENTRALE":"UMBERTO I","LATITUDINE_SEZIONE":"44.67632","LONGITUDINE_SEZIONE":"9.03399","POS_X_SEZIONE":"502694.04971","POS_Y_SEZIONE":"4946994.99059","LATITUDINE_CENTRALE":"44.70615","LONGITUDINE_CENTRALE":"9.05056","POS_X_CENTRALE":"504004.82071","POS_Y_CENTRALE":"4950309.92057","TIPO_ADSL":"ADSL_M","DESCRIZIONE_TIPO_ADSL":"ADSL Mini","DISTANZA_CALCOLATA":"3564.67","CLASSE_DISTANZA":"3300-3699","POTENZA_SEGNALE":"0.64","POPOLAZIONE_SEZIONE": "1"}
			},
		 		{ "type" : "Feature",
				"geometry" : {
					"type" : "Point",
					"coordinates" : [9.05072,44.67460]},
			"properties" : { "ANNO":"2010","ID_SEZIONE":"15573","ISTAT_COMUNE_SEZ":"6148","COMUNE_SEZ":"ROCCHETTA LIGURE","PROVINCIA":"AL","ID_CENTRALE":"1133","NOME_CENTRALE":"ROCCHETTA LIGURE","ISTAT_COMUNE_CENTR":"6148","COMUNE_CENTR":"ROCCHETTA LIGURE","PROVINCIA_CENTR":"AL","INDIRIZZO_CENTRALE":"UMBERTO I","LATITUDINE_SEZIONE":"44.67460","LONGITUDINE_SEZIONE":"9.05072","POS_X_SEZIONE":"504020.28740","POS_Y_SEZIONE":"4946804.97767","LATITUDINE_CENTRALE":"44.70615","LONGITUDINE_CENTRALE":"9.05056","POS_X_CENTRALE":"504004.82071","POS_Y_CENTRALE":"4950309.92057","TIPO_ADSL":"ADSL_M","DESCRIZIONE_TIPO_ADSL":"ADSL Mini","DISTANZA_CALCOLATA":"3504.98","CLASSE_DISTANZA":"3300-3699","POTENZA_SEGNALE":"0.64","POPOLAZIONE_SEZIONE": "29"}
			},
		 		{ "type" : "Feature",
				"geometry" : {
					"type" : "Point",
					"coordinates" : [9.02980,44.65697]},
			"properties" : { "ANNO":"2010","ID_SEZIONE":"16920","ISTAT_COMUNE_SEZ":"6146","COMUNE_SEZ":"ROCCAFORTE LIGURE","PROVINCIA":"AL","ID_CENTRALE":"1133","NOME_CENTRALE":"ROCCHETTA LIGURE","ISTAT_COMUNE_CENTR":"6148","COMUNE_CENTR":"ROCCHETTA LIGURE","PROVINCIA_CENTR":"AL","INDIRIZZO_CENTRALE":"UMBERTO I","LATITUDINE_SEZIONE":"44.65697","LONGITUDINE_SEZIONE":"9.02980","POS_X_SEZIONE":"502362.86865","POS_Y_SEZIONE":"4944845.47174","LATITUDINE_CENTRALE":"44.70615","LONGITUDINE_CENTRALE":"9.05056","POS_X_CENTRALE":"504004.82071","POS_Y_CENTRALE":"4950309.92057","TIPO_ADSL":"ADSL_M","DESCRIZIONE_TIPO_ADSL":"ADSL Mini","DISTANZA_CALCOLATA":"5705.8","CLASSE_DISTANZA":"5700-6099","POTENZA_SEGNALE":"0.00","POPOLAZIONE_SEZIONE": "8"}
			},
		 		{ "type" : "Feature",
				"geometry" : {
					"type" : "Point",
					"coordinates" : [9.03519,44.74341]},
			"properties" : { "ANNO":"2010","ID_SEZIONE":"17991","ISTAT_COMUNE_SEZ":"6028","COMUNE_SEZ":"CANTALUPO LIGURE","PROVINCIA":"AL","ID_CENTRALE":"1133","NOME_CENTRALE":"ROCCHETTA LIGURE","ISTAT_COMUNE_CENTR":"6148","COMUNE_CENTR":"ROCCHETTA LIGURE","PROVINCIA_CENTR":"AL","INDIRIZZO_CENTRALE":"UMBERTO I","LATITUDINE_SEZIONE":"44.74341","LONGITUDINE_SEZIONE":"9.03519","POS_X_SEZIONE":"502785.72433","POS_Y_SEZIONE":"4954447.57249","LATITUDINE_CENTRALE":"44.70615","LONGITUDINE_CENTRALE":"9.05056","POS_X_CENTRALE":"504004.82071","POS_Y_CENTRALE":"4950309.92057","TIPO_ADSL":"ADSL_M","DESCRIZIONE_TIPO_ADSL":"ADSL Mini","DISTANZA_CALCOLATA":"4313.51","CLASSE_DISTANZA":"4100-4499","POTENZA_SEGNALE":"0.00","POPOLAZIONE_SEZIONE": "16"}
			},
		 		{ "type" : "Feature",
				"geometry" : {
					"type" : "Point",
					"coordinates" : [9.01304,44.67116]},
			"properties" : { "ANNO":"2010","ID_SEZIONE":"18037","ISTAT_COMUNE_SEZ":"6146","COMUNE_SEZ":"ROCCAFORTE LIGURE","PROVINCIA":"AL","ID_CENTRALE":"1133","NOME_CENTRALE":"ROCCHETTA LIGURE","ISTAT_COMUNE_CENTR":"6148","COMUNE_CENTR":"ROCCHETTA LIGURE","PROVINCIA_CENTR":"AL","INDIRIZZO_CENTRALE":"UMBERTO I","LATITUDINE_SEZIONE":"44.67116","LONGITUDINE_SEZIONE":"9.01304","POS_X_SEZIONE":"501033.31575","POS_Y_SEZIONE":"4946421.49735","LATITUDINE_CENTRALE":"44.70615","LONGITUDINE_CENTRALE":"9.05056","POS_X_CENTRALE":"504004.82071","POS_Y_CENTRALE":"4950309.92057","TIPO_ADSL":"ADSL_M","DESCRIZIONE_TIPO_ADSL":"ADSL Mini","DISTANZA_CALCOLATA":"4893.84","CLASSE_DISTANZA":"4500-4899","POTENZA_SEGNALE":"0.00","POPOLAZIONE_SEZIONE": "14"}
			},
		 		{ "type" : "Feature",
				"geometry" : {
					"type" : "Point",
					"coordinates" : [9.04105,44.73744]},
			"properties" : { "ANNO":"2010","ID_SEZIONE":"18244","ISTAT_COMUNE_SEZ":"6028","COMUNE_SEZ":"CANTALUPO LIGURE","PROVINCIA":"AL","ID_CENTRALE":"1133","NOME_CENTRALE":"ROCCHETTA LIGURE","ISTAT_COMUNE_CENTR":"6148","COMUNE_CENTR":"ROCCHETTA LIGURE","PROVINCIA_CENTR":"AL","INDIRIZZO_CENTRALE":"UMBERTO I","LATITUDINE_SEZIONE":"44.73744","LONGITUDINE_SEZIONE":"9.04105","POS_X_SEZIONE":"503250.37764","POS_Y_SEZIONE":"4953784.56065","LATITUDINE_CENTRALE":"44.70615","LONGITUDINE_CENTRALE":"9.05056","POS_X_CENTRALE":"504004.82071","POS_Y_CENTRALE":"4950309.92057","TIPO_ADSL":"ADSL_M","DESCRIZIONE_TIPO_ADSL":"ADSL Mini","DISTANZA_CALCOLATA":"3555.6","CLASSE_DISTANZA":"3300-3699","POTENZA_SEGNALE":"0.64","POPOLAZIONE_SEZIONE": "12"}
			},
		 		{ "type" : "Feature",
				"geometry" : {
					"type" : "Point",
					"coordinates" : [9.06752,44.70161]},
			"properties" : { "ANNO":"2010","ID_SEZIONE":"19169","ISTAT_COMUNE_SEZ":"6002","COMUNE_SEZ":"ALBERA LIGURE","PROVINCIA":"AL","ID_CENTRALE":"1133","NOME_CENTRALE":"ROCCHETTA LIGURE","ISTAT_COMUNE_CENTR":"6148","COMUNE_CENTR":"ROCCHETTA LIGURE","PROVINCIA_CENTR":"AL","INDIRIZZO_CENTRALE":"UMBERTO I","LATITUDINE_SEZIONE":"44.70161","LONGITUDINE_SEZIONE":"9.06752","POS_X_SEZIONE":"505349.08408","POS_Y_SEZIONE":"4949806.49831","LATITUDINE_CENTRALE":"44.70615","LONGITUDINE_CENTRALE":"9.05056","POS_X_CENTRALE":"504004.82071","POS_Y_CENTRALE":"4950309.92057","TIPO_ADSL":"ADSL_M","DESCRIZIONE_TIPO_ADSL":"ADSL Mini","DISTANZA_CALCOLATA":"1435.44","CLASSE_DISTANZA":"1300-1699","POTENZA_SEGNALE":"0.64","POPOLAZIONE_SEZIONE": "28"}
			},
		 		{ "type" : "Feature",
				"geometry" : {
					"type" : "Point",
					"coordinates" : [9.07718,44.69738]},
			"properties" : { "ANNO":"2010","ID_SEZIONE":"19575","ISTAT_COMUNE_SEZ":"6002","COMUNE_SEZ":"ALBERA LIGURE","PROVINCIA":"AL","ID_CENTRALE":"1133","NOME_CENTRALE":"ROCCHETTA LIGURE","ISTAT_COMUNE_CENTR":"6148","COMUNE_CENTR":"ROCCHETTA LIGURE","PROVINCIA_CENTR":"AL","INDIRIZZO_CENTRALE":"UMBERTO I","LATITUDINE_SEZIONE":"44.69738","LONGITUDINE_SEZIONE":"9.07718","POS_X_SEZIONE":"506114.98385","POS_Y_SEZIONE":"4949336.98663","LATITUDINE_CENTRALE":"44.70615","LONGITUDINE_CENTRALE":"9.05056","POS_X_CENTRALE":"504004.82071","POS_Y_CENTRALE":"4950309.92057","TIPO_ADSL":"ADSL_M","DESCRIZIONE_TIPO_ADSL":"ADSL Mini","DISTANZA_CALCOLATA":"2323.66","CLASSE_DISTANZA":"2100-2499","POTENZA_SEGNALE":"0.64","POPOLAZIONE_SEZIONE": "33"}
			},
		 		{ "type" : "Feature",
				"geometry" : {
					"type" : "Point",
					"coordinates" : [9.02884,44.73506]},
			"properties" : { "ANNO":"2010","ID_SEZIONE":"20013","ISTAT_COMUNE_SEZ":"6028","COMUNE_SEZ":"CANTALUPO LIGURE","PROVINCIA":"AL","ID_CENTRALE":"1133","NOME_CENTRALE":"ROCCHETTA LIGURE","ISTAT_COMUNE_CENTR":"6148","COMUNE_CENTR":"ROCCHETTA LIGURE","PROVINCIA_CENTR":"AL","INDIRIZZO_CENTRALE":"UMBERTO I","LATITUDINE_SEZIONE":"44.73506","LONGITUDINE_SEZIONE":"9.02884","POS_X_SEZIONE":"502283.38577","POS_Y_SEZIONE":"4953520.06708","LATITUDINE_CENTRALE":"44.70615","LONGITUDINE_CENTRALE":"9.05056","POS_X_CENTRALE":"504004.82071","POS_Y_CENTRALE":"4950309.92057","TIPO_ADSL":"ADSL_M","DESCRIZIONE_TIPO_ADSL":"ADSL Mini","DISTANZA_CALCOLATA":"3642.58","CLASSE_DISTANZA":"3300-3699","POTENZA_SEGNALE":"0.64","POPOLAZIONE_SEZIONE": "19"}
			},
		 		{ "type" : "Feature",
				"geometry" : {
					"type" : "Point",
					"coordinates" : [9.05258,44.72488]},
			"properties" : { "ANNO":"2010","ID_SEZIONE":"20163","ISTAT_COMUNE_SEZ":"6028","COMUNE_SEZ":"CANTALUPO LIGURE","PROVINCIA":"AL","ID_CENTRALE":"1133","NOME_CENTRALE":"ROCCHETTA LIGURE","ISTAT_COMUNE_CENTR":"6148","COMUNE_CENTR":"ROCCHETTA LIGURE","PROVINCIA_CENTR":"AL","INDIRIZZO_CENTRALE":"UMBERTO I","LATITUDINE_SEZIONE":"44.72488","LONGITUDINE_SEZIONE":"9.05258","POS_X_SEZIONE":"504164.18500","POS_Y_SEZIONE":"4952390.53671","LATITUDINE_CENTRALE":"44.70615","LONGITUDINE_CENTRALE":"9.05056","POS_X_CENTRALE":"504004.82071","POS_Y_CENTRALE":"4950309.92057","TIPO_ADSL":"ADSL_M","DESCRIZIONE_TIPO_ADSL":"ADSL Mini","DISTANZA_CALCOLATA":"2086.71","CLASSE_DISTANZA":"1700-2099","POTENZA_SEGNALE":"0.64","POPOLAZIONE_SEZIONE": "41"}
			},
		 		{ "type" : "Feature",
				"geometry" : {
					"type" : "Point",
					"coordinates" : [9.03442,44.73876]},
			"properties" : { "ANNO":"2010","ID_SEZIONE":"20273","ISTAT_COMUNE_SEZ":"6028","COMUNE_SEZ":"CANTALUPO LIGURE","PROVINCIA":"AL","ID_CENTRALE":"1133","NOME_CENTRALE":"ROCCHETTA LIGURE","ISTAT_COMUNE_CENTR":"6148","COMUNE_CENTR":"ROCCHETTA LIGURE","PROVINCIA_CENTR":"AL","INDIRIZZO_CENTRALE":"UMBERTO I","LATITUDINE_SEZIONE":"44.73876","LONGITUDINE_SEZIONE":"9.03442","POS_X_SEZIONE":"502725.35031","POS_Y_SEZIONE":"4953931.56711","LATITUDINE_CENTRALE":"44.70615","LONGITUDINE_CENTRALE":"9.05056","POS_X_CENTRALE":"504004.82071","POS_Y_CENTRALE":"4950309.92057","TIPO_ADSL":"ADSL_M","DESCRIZIONE_TIPO_ADSL":"ADSL Mini","DISTANZA_CALCOLATA":"3841.01","CLASSE_DISTANZA":"3700-4099","POTENZA_SEGNALE":"0.64","POPOLAZIONE_SEZIONE": "9"}
			},
		 		{ "type" : "Feature",
				"geometry" : {
					"type" : "Point",
					"coordinates" : [9.09286,44.74304]},
			"properties" : { "ANNO":"2010","ID_SEZIONE":"20274","ISTAT_COMUNE_SEZ":"6028","COMUNE_SEZ":"CANTALUPO LIGURE","PROVINCIA":"AL","ID_CENTRALE":"1133","NOME_CENTRALE":"ROCCHETTA LIGURE","ISTAT_COMUNE_CENTR":"6148","COMUNE_CENTR":"ROCCHETTA LIGURE","PROVINCIA_CENTR":"AL","INDIRIZZO_CENTRALE":"UMBERTO I","LATITUDINE_SEZIONE":"44.74304","LONGITUDINE_SEZIONE":"9.09286","POS_X_SEZIONE":"507351.03429","POS_Y_SEZIONE":"4954410.03931","LATITUDINE_CENTRALE":"44.70615","LONGITUDINE_CENTRALE":"9.05056","POS_X_CENTRALE":"504004.82071","POS_Y_CENTRALE":"4950309.92057","TIPO_ADSL":"ADSL_M","DESCRIZIONE_TIPO_ADSL":"ADSL Mini","DISTANZA_CALCOLATA":"5292.27","CLASSE_DISTANZA":"4900-5299","POTENZA_SEGNALE":"0.00","POPOLAZIONE_SEZIONE": "25"}
			},
		 		{ "type" : "Feature",
				"geometry" : {
					"type" : "Point",
					"coordinates" : [9.03122,44.66568]},
			"properties" : { "ANNO":"2010","ID_SEZIONE":"20623","ISTAT_COMUNE_SEZ":"6146","COMUNE_SEZ":"ROCCAFORTE LIGURE","PROVINCIA":"AL","ID_CENTRALE":"1133","NOME_CENTRALE":"ROCCHETTA LIGURE","ISTAT_COMUNE_CENTR":"6148","COMUNE_CENTR":"ROCCHETTA LIGURE","PROVINCIA_CENTR":"AL","INDIRIZZO_CENTRALE":"UMBERTO I","LATITUDINE_SEZIONE":"44.66568","LONGITUDINE_SEZIONE":"9.03122","POS_X_SEZIONE":"502474.55377","POS_Y_SEZIONE":"4945813.47943","LATITUDINE_CENTRALE":"44.70615","LONGITUDINE_CENTRALE":"9.05056","POS_X_CENTRALE":"504004.82071","POS_Y_CENTRALE":"4950309.92057","TIPO_ADSL":"ADSL_M","DESCRIZIONE_TIPO_ADSL":"ADSL Mini","DISTANZA_CALCOLATA":"4749.71","CLASSE_DISTANZA":"4500-4899","POTENZA_SEGNALE":"0.00","POPOLAZIONE_SEZIONE": "51"}
			},
		 		{ "type" : "Feature",
				"geometry" : {
					"type" : "Point",
					"coordinates" : [9.05450,44.73086]},
			"properties" : { "ANNO":"2010","ID_SEZIONE":"21176","ISTAT_COMUNE_SEZ":"6028","COMUNE_SEZ":"CANTALUPO LIGURE","PROVINCIA":"AL","ID_CENTRALE":"1133","NOME_CENTRALE":"ROCCHETTA LIGURE","ISTAT_COMUNE_CENTR":"6148","COMUNE_CENTR":"ROCCHETTA LIGURE","PROVINCIA_CENTR":"AL","INDIRIZZO_CENTRALE":"UMBERTO I","LATITUDINE_SEZIONE":"44.73086","LONGITUDINE_SEZIONE":"9.05450","POS_X_SEZIONE":"504315.21374","POS_Y_SEZIONE":"4953054.54234","LATITUDINE_CENTRALE":"44.70615","LONGITUDINE_CENTRALE":"9.05056","POS_X_CENTRALE":"504004.82071","POS_Y_CENTRALE":"4950309.92057","TIPO_ADSL":"ADSL_M","DESCRIZIONE_TIPO_ADSL":"ADSL Mini","DISTANZA_CALCOLATA":"2762.12","CLASSE_DISTANZA":"2500-2899","POTENZA_SEGNALE":"0.64","POPOLAZIONE_SEZIONE": ""}
			},
		 		{ "type" : "Feature",
				"geometry" : {
					"type" : "Point",
					"coordinates" : [9.05261,44.72073]},
			"properties" : { "ANNO":"2010","ID_SEZIONE":"21609","ISTAT_COMUNE_SEZ":"6028","COMUNE_SEZ":"CANTALUPO LIGURE","PROVINCIA":"AL","ID_CENTRALE":"1133","NOME_CENTRALE":"ROCCHETTA LIGURE","ISTAT_COMUNE_CENTR":"6148","COMUNE_CENTR":"ROCCHETTA LIGURE","PROVINCIA_CENTR":"AL","INDIRIZZO_CENTRALE":"UMBERTO I","LATITUDINE_SEZIONE":"44.72073","LONGITUDINE_SEZIONE":"9.05261","POS_X_SEZIONE":"504166.27959","POS_Y_SEZIONE":"4951929.53191","LATITUDINE_CENTRALE":"44.70615","LONGITUDINE_CENTRALE":"9.05056","POS_X_CENTRALE":"504004.82071","POS_Y_CENTRALE":"4950309.92057","TIPO_ADSL":"ADSL_M","DESCRIZIONE_TIPO_ADSL":"ADSL Mini","DISTANZA_CALCOLATA":"1627.64","CLASSE_DISTANZA":"1300-1699","POTENZA_SEGNALE":"0.64","POPOLAZIONE_SEZIONE": "3"}
			},
		 		{ "type" : "Feature",
				"geometry" : {
					"type" : "Point",
					"coordinates" : [9.08566,44.71892]},
			"properties" : { "ANNO":"2010","ID_SEZIONE":"21610","ISTAT_COMUNE_SEZ":"6002","COMUNE_SEZ":"ALBERA LIGURE","PROVINCIA":"AL","ID_CENTRALE":"1133","NOME_CENTRALE":"ROCCHETTA LIGURE","ISTAT_COMUNE_CENTR":"6148","COMUNE_CENTR":"ROCCHETTA LIGURE","PROVINCIA_CENTR":"AL","INDIRIZZO_CENTRALE":"UMBERTO I","LATITUDINE_SEZIONE":"44.71892","LONGITUDINE_SEZIONE":"9.08566","POS_X_SEZIONE":"506783.88369","POS_Y_SEZIONE":"4951730.51086","LATITUDINE_CENTRALE":"44.70615","LONGITUDINE_CENTRALE":"9.05056","POS_X_CENTRALE":"504004.82071","POS_Y_CENTRALE":"4950309.92057","TIPO_ADSL":"ADSL_M","DESCRIZIONE_TIPO_ADSL":"ADSL Mini","DISTANZA_CALCOLATA":"3121.1","CLASSE_DISTANZA":"2900-3299","POTENZA_SEGNALE":"0.64","POPOLAZIONE_SEZIONE": "20"}
			},
		 		{ "type" : "Feature",
				"geometry" : {
					"type" : "Point",
					"coordinates" : [9.06517,44.70326]},
			"properties" : { "ANNO":"2010","ID_SEZIONE":"21612","ISTAT_COMUNE_SEZ":"6002","COMUNE_SEZ":"ALBERA LIGURE","PROVINCIA":"AL","ID_CENTRALE":"1133","NOME_CENTRALE":"ROCCHETTA LIGURE","ISTAT_COMUNE_CENTR":"6148","COMUNE_CENTR":"ROCCHETTA LIGURE","PROVINCIA_CENTR":"AL","INDIRIZZO_CENTRALE":"UMBERTO I","LATITUDINE_SEZIONE":"44.70326","LONGITUDINE_SEZIONE":"9.06517","POS_X_SEZIONE":"505162.52356","POS_Y_SEZIONE":"4949989.00173","LATITUDINE_CENTRALE":"44.70615","LONGITUDINE_CENTRALE":"9.05056","POS_X_CENTRALE":"504004.82071","POS_Y_CENTRALE":"4950309.92057","TIPO_ADSL":"ADSL_M","DESCRIZIONE_TIPO_ADSL":"ADSL Mini","DISTANZA_CALCOLATA":"1201.36","CLASSE_DISTANZA":"900-1299","POTENZA_SEGNALE":"0.64","POPOLAZIONE_SEZIONE": "37"}
			},
		 		{ "type" : "Feature",
				"geometry" : {
					"type" : "Point",
					"coordinates" : [8.99920,44.67552]},
			"properties" : { "ANNO":"2010","ID_SEZIONE":"21656","ISTAT_COMUNE_SEZ":"6146","COMUNE_SEZ":"ROCCAFORTE LIGURE","PROVINCIA":"AL","ID_CENTRALE":"1133","NOME_CENTRALE":"ROCCHETTA LIGURE","ISTAT_COMUNE_CENTR":"6148","COMUNE_CENTR":"ROCCHETTA LIGURE","PROVINCIA_CENTR":"AL","INDIRIZZO_CENTRALE":"UMBERTO I","LATITUDINE_SEZIONE":"44.67552","LONGITUDINE_SEZIONE":"8.99920","POS_X_SEZIONE":"499936.16836","POS_Y_SEZIONE":"4946905.51194","LATITUDINE_CENTRALE":"44.70615","LONGITUDINE_CENTRALE":"9.05056","POS_X_CENTRALE":"504004.82071","POS_Y_CENTRALE":"4950309.92057","TIPO_ADSL":"ADSL_M","DESCRIZIONE_TIPO_ADSL":"ADSL Mini","DISTANZA_CALCOLATA":"5305.09","CLASSE_DISTANZA":"5300-5699","POTENZA_SEGNALE":"0.00","POPOLAZIONE_SEZIONE": "10"}
			},
		 		{ "type" : "Feature",
				"geometry" : {
					"type" : "Point",
					"coordinates" : [9.08200,44.71135]},
			"properties" : { "ANNO":"2010","ID_SEZIONE":"21828","ISTAT_COMUNE_SEZ":"6002","COMUNE_SEZ":"ALBERA LIGURE","PROVINCIA":"AL","ID_CENTRALE":"1133","NOME_CENTRALE":"ROCCHETTA LIGURE","ISTAT_COMUNE_CENTR":"6148","COMUNE_CENTR":"ROCCHETTA LIGURE","PROVINCIA_CENTR":"AL","INDIRIZZO_CENTRALE":"UMBERTO I","LATITUDINE_SEZIONE":"44.71135","LONGITUDINE_SEZIONE":"9.08200","POS_X_SEZIONE":"506495.35428","POS_Y_SEZIONE":"4950889.50273","LATITUDINE_CENTRALE":"44.70615","LONGITUDINE_CENTRALE":"9.05056","POS_X_CENTRALE":"504004.82071","POS_Y_CENTRALE":"4950309.92057","TIPO_ADSL":"ADSL_M","DESCRIZIONE_TIPO_ADSL":"ADSL Mini","DISTANZA_CALCOLATA":"2557.08","CLASSE_DISTANZA":"2500-2899","POTENZA_SEGNALE":"0.64","POPOLAZIONE_SEZIONE": "15"}
			},
		 		{ "type" : "Feature",
				"geometry" : {
					"type" : "Point",
					"coordinates" : [9.04034,44.72740]},
			"properties" : { "ANNO":"2010","ID_SEZIONE":"22045","ISTAT_COMUNE_SEZ":"6028","COMUNE_SEZ":"CANTALUPO LIGURE","PROVINCIA":"AL","ID_CENTRALE":"1133","NOME_CENTRALE":"ROCCHETTA LIGURE","ISTAT_COMUNE_CENTR":"6148","COMUNE_CENTR":"ROCCHETTA LIGURE","PROVINCIA_CENTR":"AL","INDIRIZZO_CENTRALE":"UMBERTO I","LATITUDINE_SEZIONE":"44.72740","LONGITUDINE_SEZIONE":"9.04034","POS_X_SEZIONE":"503194.22353","POS_Y_SEZIONE":"4952669.54855","LATITUDINE_CENTRALE":"44.70615","LONGITUDINE_CENTRALE":"9.05056","POS_X_CENTRALE":"504004.82071","POS_Y_CENTRALE":"4950309.92057","TIPO_ADSL":"ADSL_M","DESCRIZIONE_TIPO_ADSL":"ADSL Mini","DISTANZA_CALCOLATA":"2494.98","CLASSE_DISTANZA":"2100-2499","POTENZA_SEGNALE":"0.64","POPOLAZIONE_SEZIONE": "28"}
			},
		 		{ "type" : "Feature",
				"geometry" : {
					"type" : "Point",
					"coordinates" : [9.11129,44.72020]},
			"properties" : { "ANNO":"2010","ID_SEZIONE":"22046","ISTAT_COMUNE_SEZ":"6002","COMUNE_SEZ":"ALBERA LIGURE","PROVINCIA":"AL","ID_CENTRALE":"1133","NOME_CENTRALE":"ROCCHETTA LIGURE","ISTAT_COMUNE_CENTR":"6148","COMUNE_CENTR":"ROCCHETTA LIGURE","PROVINCIA_CENTR":"AL","INDIRIZZO_CENTRALE":"UMBERTO I","LATITUDINE_SEZIONE":"44.72020","LONGITUDINE_SEZIONE":"9.11129","POS_X_SEZIONE":"508813.93093","POS_Y_SEZIONE":"4951875.01057","LATITUDINE_CENTRALE":"44.70615","LONGITUDINE_CENTRALE":"9.05056","POS_X_CENTRALE":"504004.82071","POS_Y_CENTRALE":"4950309.92057","TIPO_ADSL":"ADSL_M","DESCRIZIONE_TIPO_ADSL":"ADSL Mini","DISTANZA_CALCOLATA":"5057.38","CLASSE_DISTANZA":"4900-5299","POTENZA_SEGNALE":"0.00","POPOLAZIONE_SEZIONE": ""}
			},
		 		{ "type" : "Feature",
				"geometry" : {
					"type" : "Point",
					"coordinates" : [9.02113,44.74680]},
			"properties" : { "ANNO":"2010","ID_SEZIONE":"22598","ISTAT_COMUNE_SEZ":"6028","COMUNE_SEZ":"CANTALUPO LIGURE","PROVINCIA":"AL","ID_CENTRALE":"1133","NOME_CENTRALE":"ROCCHETTA LIGURE","ISTAT_COMUNE_CENTR":"6148","COMUNE_CENTR":"ROCCHETTA LIGURE","PROVINCIA_CENTR":"AL","INDIRIZZO_CENTRALE":"UMBERTO I","LATITUDINE_SEZIONE":"44.74680","LONGITUDINE_SEZIONE":"9.02113","POS_X_SEZIONE":"501672.45150","POS_Y_SEZIONE":"4954823.58734","LATITUDINE_CENTRALE":"44.70615","LONGITUDINE_CENTRALE":"9.05056","POS_X_CENTRALE":"504004.82071","POS_Y_CENTRALE":"4950309.92057","TIPO_ADSL":"ADSL_M","DESCRIZIONE_TIPO_ADSL":"ADSL Mini","DISTANZA_CALCOLATA":"5080.66","CLASSE_DISTANZA":"4900-5299","POTENZA_SEGNALE":"0.00","POPOLAZIONE_SEZIONE": "1"}
			},
		 		{ "type" : "Feature",
				"geometry" : {
					"type" : "Point",
					"coordinates" : [9.05592,44.70061]},
			"properties" : { "ANNO":"2010","ID_SEZIONE":"22599","ISTAT_COMUNE_SEZ":"6148","COMUNE_SEZ":"ROCCHETTA LIGURE","PROVINCIA":"AL","ID_CENTRALE":"1133","NOME_CENTRALE":"ROCCHETTA LIGURE","ISTAT_COMUNE_CENTR":"6148","COMUNE_CENTR":"ROCCHETTA LIGURE","PROVINCIA_CENTR":"AL","INDIRIZZO_CENTRALE":"UMBERTO I","LATITUDINE_SEZIONE":"44.70061","LONGITUDINE_SEZIONE":"9.05592","POS_X_SEZIONE":"504429.90532","POS_Y_SEZIONE":"4949694.00525","LATITUDINE_CENTRALE":"44.70615","LONGITUDINE_CENTRALE":"9.05056","POS_X_CENTRALE":"504004.82071","POS_Y_CENTRALE":"4950309.92057","TIPO_ADSL":"ADSL_M","DESCRIZIONE_TIPO_ADSL":"ADSL Mini","DISTANZA_CALCOLATA":"748.36","CLASSE_DISTANZA":"500-899","POTENZA_SEGNALE":"0.64","POPOLAZIONE_SEZIONE": ""}
			},
		 		{ "type" : "Feature",
				"geometry" : {
					"type" : "Point",
					"coordinates" : [9.02965,44.69259]},
			"properties" : { "ANNO":"2010","ID_SEZIONE":"22600","ISTAT_COMUNE_SEZ":"6146","COMUNE_SEZ":"ROCCAFORTE LIGURE","PROVINCIA":"AL","ID_CENTRALE":"1133","NOME_CENTRALE":"ROCCHETTA LIGURE","ISTAT_COMUNE_CENTR":"6148","COMUNE_CENTR":"ROCCHETTA LIGURE","PROVINCIA_CENTR":"AL","INDIRIZZO_CENTRALE":"UMBERTO I","LATITUDINE_SEZIONE":"44.69259","LONGITUDINE_SEZIONE":"9.02965","POS_X_SEZIONE":"502349.26788","POS_Y_SEZIONE":"4948802.51341","LATITUDINE_CENTRALE":"44.70615","LONGITUDINE_CENTRALE":"9.05056","POS_X_CENTRALE":"504004.82071","POS_Y_CENTRALE":"4950309.92057","TIPO_ADSL":"ADSL_M","DESCRIZIONE_TIPO_ADSL":"ADSL Mini","DISTANZA_CALCOLATA":"2239","CLASSE_DISTANZA":"2100-2499","POTENZA_SEGNALE":"0.64","POPOLAZIONE_SEZIONE": ""}
			},
		 		{ "type" : "Feature",
				"geometry" : {
					"type" : "Point",
					"coordinates" : [9.05226,44.71142]},
			"properties" : { "ANNO":"2010","ID_SEZIONE":"23630","ISTAT_COMUNE_SEZ":"6002","COMUNE_SEZ":"ALBERA LIGURE","PROVINCIA":"AL","ID_CENTRALE":"1133","NOME_CENTRALE":"ROCCHETTA LIGURE","ISTAT_COMUNE_CENTR":"6148","COMUNE_CENTR":"ROCCHETTA LIGURE","PROVINCIA_CENTR":"AL","INDIRIZZO_CENTRALE":"UMBERTO I","LATITUDINE_SEZIONE":"44.71142","LONGITUDINE_SEZIONE":"9.05226","POS_X_SEZIONE":"504139.46820","POS_Y_SEZIONE":"4950895.02055","LATITUDINE_CENTRALE":"44.70615","LONGITUDINE_CENTRALE":"9.05056","POS_X_CENTRALE":"504004.82071","POS_Y_CENTRALE":"4950309.92057","TIPO_ADSL":"ADSL_M","DESCRIZIONE_TIPO_ADSL":"ADSL Mini","DISTANZA_CALCOLATA":"600.39","CLASSE_DISTANZA":"500-899","POTENZA_SEGNALE":"0.64","POPOLAZIONE_SEZIONE": "8"}
			},
		 		{ "type" : "Feature",
				"geometry" : {
					"type" : "Point",
					"coordinates" : [9.07149,44.69002]},
			"properties" : { "ANNO":"2010","ID_SEZIONE":"25116","ISTAT_COMUNE_SEZ":"6148","COMUNE_SEZ":"ROCCHETTA LIGURE","PROVINCIA":"AL","ID_CENTRALE":"1133","NOME_CENTRALE":"ROCCHETTA LIGURE","ISTAT_COMUNE_CENTR":"6148","COMUNE_CENTR":"ROCCHETTA LIGURE","PROVINCIA_CENTR":"AL","INDIRIZZO_CENTRALE":"UMBERTO I","LATITUDINE_SEZIONE":"44.69002","LONGITUDINE_SEZIONE":"9.07149","POS_X_SEZIONE":"505664.42641","POS_Y_SEZIONE":"4948518.98215","LATITUDINE_CENTRALE":"44.70615","LONGITUDINE_CENTRALE":"9.05056","POS_X_CENTRALE":"504004.82071","POS_Y_CENTRALE":"4950309.92057","TIPO_ADSL":"ADSL_M","DESCRIZIONE_TIPO_ADSL":"ADSL Mini","DISTANZA_CALCOLATA":"2441.67","CLASSE_DISTANZA":"2100-2499","POTENZA_SEGNALE":"0.64","POPOLAZIONE_SEZIONE": ""}
			},
		 		{ "type" : "Feature",
				"geometry" : {
					"type" : "Point",
					"coordinates" : [9.01066,44.74200]},
			"properties" : { "ANNO":"2010","ID_SEZIONE":"25336","ISTAT_COMUNE_SEZ":"6028","COMUNE_SEZ":"CANTALUPO LIGURE","PROVINCIA":"AL","ID_CENTRALE":"1133","NOME_CENTRALE":"ROCCHETTA LIGURE","ISTAT_COMUNE_CENTR":"6148","COMUNE_CENTR":"ROCCHETTA LIGURE","PROVINCIA_CENTR":"AL","INDIRIZZO_CENTRALE":"UMBERTO I","LATITUDINE_SEZIONE":"44.74200","LONGITUDINE_SEZIONE":"9.01066","POS_X_SEZIONE":"500844.20855","POS_Y_SEZIONE":"4954290.58971","LATITUDINE_CENTRALE":"44.70615","LONGITUDINE_CENTRALE":"9.05056","POS_X_CENTRALE":"504004.82071","POS_Y_CENTRALE":"4950309.92057","TIPO_ADSL":"ADSL_M","DESCRIZIONE_TIPO_ADSL":"ADSL Mini","DISTANZA_CALCOLATA":"5082.83","CLASSE_DISTANZA":"4900-5299","POTENZA_SEGNALE":"0.00","POPOLAZIONE_SEZIONE": ""}
			},
		 		{ "type" : "Feature",
				"geometry" : {
					"type" : "Point",
					"coordinates" : [9.01158,44.68093]},
			"properties" : { "ANNO":"2010","ID_SEZIONE":"25775","ISTAT_COMUNE_SEZ":"6146","COMUNE_SEZ":"ROCCAFORTE LIGURE","PROVINCIA":"AL","ID_CENTRALE":"1133","NOME_CENTRALE":"ROCCHETTA LIGURE","ISTAT_COMUNE_CENTR":"6148","COMUNE_CENTR":"ROCCHETTA LIGURE","PROVINCIA_CENTR":"AL","INDIRIZZO_CENTRALE":"UMBERTO I","LATITUDINE_SEZIONE":"44.68093","LONGITUDINE_SEZIONE":"9.01158","POS_X_SEZIONE":"500917.90788","POS_Y_SEZIONE":"4947506.51085","LATITUDINE_CENTRALE":"44.70615","LONGITUDINE_CENTRALE":"9.05056","POS_X_CENTRALE":"504004.82071","POS_Y_CENTRALE":"4950309.92057","TIPO_ADSL":"ADSL_M","DESCRIZIONE_TIPO_ADSL":"ADSL Mini","DISTANZA_CALCOLATA":"4169.91","CLASSE_DISTANZA":"4100-4499","POTENZA_SEGNALE":"0.00","POPOLAZIONE_SEZIONE": "13"}
			},
		 		{ "type" : "Feature",
				"geometry" : {
					"type" : "Point",
					"coordinates" : [9.03774,44.67770]},
			"properties" : { "ANNO":"2010","ID_SEZIONE":"25776","ISTAT_COMUNE_SEZ":"6146","COMUNE_SEZ":"ROCCAFORTE LIGURE","PROVINCIA":"AL","ID_CENTRALE":"1133","NOME_CENTRALE":"ROCCHETTA LIGURE","ISTAT_COMUNE_CENTR":"6148","COMUNE_CENTR":"ROCCHETTA LIGURE","PROVINCIA_CENTR":"AL","INDIRIZZO_CENTRALE":"UMBERTO I","LATITUDINE_SEZIONE":"44.67770","LONGITUDINE_SEZIONE":"9.03774","POS_X_SEZIONE":"502991.23345","POS_Y_SEZIONE":"4947148.48973","LATITUDINE_CENTRALE":"44.70615","LONGITUDINE_CENTRALE":"9.05056","POS_X_CENTRALE":"504004.82071","POS_Y_CENTRALE":"4950309.92057","TIPO_ADSL":"ADSL_M","DESCRIZIONE_TIPO_ADSL":"ADSL Mini","DISTANZA_CALCOLATA":"3319.94","CLASSE_DISTANZA":"3300-3699","POTENZA_SEGNALE":"0.64","POPOLAZIONE_SEZIONE": "18"}
			},
		 		{ "type" : "Feature",
				"geometry" : {
					"type" : "Point",
					"coordinates" : [9.04379,44.68236]},
			"properties" : { "ANNO":"2010","ID_SEZIONE":"26521","ISTAT_COMUNE_SEZ":"6146","COMUNE_SEZ":"ROCCAFORTE LIGURE","PROVINCIA":"AL","ID_CENTRALE":"1133","NOME_CENTRALE":"ROCCHETTA LIGURE","ISTAT_COMUNE_CENTR":"6148","COMUNE_CENTR":"ROCCHETTA LIGURE","PROVINCIA_CENTR":"AL","INDIRIZZO_CENTRALE":"UMBERTO I","LATITUDINE_SEZIONE":"44.68236","LONGITUDINE_SEZIONE":"9.04379","POS_X_SEZIONE":"503470.41630","POS_Y_SEZIONE":"4947666.49140","LATITUDINE_CENTRALE":"44.70615","LONGITUDINE_CENTRALE":"9.05056","POS_X_CENTRALE":"504004.82071","POS_Y_CENTRALE":"4950309.92057","TIPO_ADSL":"ADSL_M","DESCRIZIONE_TIPO_ADSL":"ADSL Mini","DISTANZA_CALCOLATA":"2696.91","CLASSE_DISTANZA":"2500-2899","POTENZA_SEGNALE":"0.64","POPOLAZIONE_SEZIONE": ""}
			},
		 		{ "type" : "Feature",
				"geometry" : {
					"type" : "Point",
					"coordinates" : [8.98814,44.66827]},
			"properties" : { "ANNO":"2010","ID_SEZIONE":"26529","ISTAT_COMUNE_SEZ":"6146","COMUNE_SEZ":"ROCCAFORTE LIGURE","PROVINCIA":"AL","ID_CENTRALE":"1133","NOME_CENTRALE":"ROCCHETTA LIGURE","ISTAT_COMUNE_CENTR":"6148","COMUNE_CENTR":"ROCCHETTA LIGURE","PROVINCIA_CENTR":"AL","INDIRIZZO_CENTRALE":"UMBERTO I","LATITUDINE_SEZIONE":"44.66827","LONGITUDINE_SEZIONE":"8.98814","POS_X_SEZIONE":"499060.14711","POS_Y_SEZIONE":"4946101.00941","LATITUDINE_CENTRALE":"44.70615","LONGITUDINE_CENTRALE":"9.05056","POS_X_CENTRALE":"504004.82071","POS_Y_CENTRALE":"4950309.92057","TIPO_ADSL":"ADSL_M","DESCRIZIONE_TIPO_ADSL":"ADSL Mini","DISTANZA_CALCOLATA":"6493.44","CLASSE_DISTANZA":"6100 e oltre","POTENZA_SEGNALE":"0.00","POPOLAZIONE_SEZIONE": ""}
			},
		 		{ "type" : "Feature",
				"geometry" : {
					"type" : "Point",
					"coordinates" : [9.13271,44.71572]},
			"properties" : { "ANNO":"2010","ID_SEZIONE":"27902","ISTAT_COMUNE_SEZ":"6002","COMUNE_SEZ":"ALBERA LIGURE","PROVINCIA":"AL","ID_CENTRALE":"1133","NOME_CENTRALE":"ROCCHETTA LIGURE","ISTAT_COMUNE_CENTR":"6148","COMUNE_CENTR":"ROCCHETTA LIGURE","PROVINCIA_CENTR":"AL","INDIRIZZO_CENTRALE":"UMBERTO I","LATITUDINE_SEZIONE":"44.71572","LONGITUDINE_SEZIONE":"9.13271","POS_X_SEZIONE":"510511.07474","POS_Y_SEZIONE":"4951380.00333","LATITUDINE_CENTRALE":"44.70615","LONGITUDINE_CENTRALE":"9.05056","POS_X_CENTRALE":"504004.82071","POS_Y_CENTRALE":"4950309.92057","TIPO_ADSL":"ADSL_M","DESCRIZIONE_TIPO_ADSL":"ADSL Mini","DISTANZA_CALCOLATA":"6593.67","CLASSE_DISTANZA":"6100 e oltre","POTENZA_SEGNALE":"0.00","POPOLAZIONE_SEZIONE": ""}
			},
		 		{ "type" : "Feature",
				"geometry" : {
					"type" : "Point",
					"coordinates" : [9.04260,44.72936]},
			"properties" : { "ANNO":"2010","ID_SEZIONE":"29531","ISTAT_COMUNE_SEZ":"6028","COMUNE_SEZ":"CANTALUPO LIGURE","PROVINCIA":"AL","ID_CENTRALE":"1133","NOME_CENTRALE":"ROCCHETTA LIGURE","ISTAT_COMUNE_CENTR":"6148","COMUNE_CENTR":"ROCCHETTA LIGURE","PROVINCIA_CENTR":"AL","INDIRIZZO_CENTRALE":"UMBERTO I","LATITUDINE_SEZIONE":"44.72936","LONGITUDINE_SEZIONE":"9.04260","POS_X_SEZIONE":"503373.25303","POS_Y_SEZIONE":"4952887.54945","LATITUDINE_CENTRALE":"44.70615","LONGITUDINE_CENTRALE":"9.05056","POS_X_CENTRALE":"504004.82071","POS_Y_CENTRALE":"4950309.92057","TIPO_ADSL":"ADSL_M","DESCRIZIONE_TIPO_ADSL":"ADSL Mini","DISTANZA_CALCOLATA":"2653.87","CLASSE_DISTANZA":"2500-2899","POTENZA_SEGNALE":"0.64","POPOLAZIONE_SEZIONE": "11"}
			},
		 		{ "type" : "Feature",
				"geometry" : {
					"type" : "Point",
					"coordinates" : [9.11990,44.71457]},
			"properties" : { "ANNO":"2010","ID_SEZIONE":"29923","ISTAT_COMUNE_SEZ":"6002","COMUNE_SEZ":"ALBERA LIGURE","PROVINCIA":"AL","ID_CENTRALE":"1133","NOME_CENTRALE":"ROCCHETTA LIGURE","ISTAT_COMUNE_CENTR":"6148","COMUNE_CENTR":"ROCCHETTA LIGURE","PROVINCIA_CENTR":"AL","INDIRIZZO_CENTRALE":"UMBERTO I","LATITUDINE_SEZIONE":"44.71457","LONGITUDINE_SEZIONE":"9.11990","POS_X_SEZIONE":"509496.33221","POS_Y_SEZIONE":"4951250.00295","LATITUDINE_CENTRALE":"44.70615","LONGITUDINE_CENTRALE":"9.05056","POS_X_CENTRALE":"504004.82071","POS_Y_CENTRALE":"4950309.92057","TIPO_ADSL":"ADSL_M","DESCRIZIONE_TIPO_ADSL":"ADSL Mini","DISTANZA_CALCOLATA":"5571.4","CLASSE_DISTANZA":"5300-5699","POTENZA_SEGNALE":"0.00","POPOLAZIONE_SEZIONE": "39"}
			},
		 		{ "type" : "Feature",
				"geometry" : {
					"type" : "Point",
					"coordinates" : [9.05752,44.70782]},
			"properties" : { "ANNO":"2010","ID_SEZIONE":"29924","ISTAT_COMUNE_SEZ":"6002","COMUNE_SEZ":"ALBERA LIGURE","PROVINCIA":"AL","ID_CENTRALE":"1133","NOME_CENTRALE":"ROCCHETTA LIGURE","ISTAT_COMUNE_CENTR":"6148","COMUNE_CENTR":"ROCCHETTA LIGURE","PROVINCIA_CENTR":"AL","INDIRIZZO_CENTRALE":"UMBERTO I","LATITUDINE_SEZIONE":"44.70782","LONGITUDINE_SEZIONE":"9.05752","POS_X_SEZIONE":"504556.62123","POS_Y_SEZIONE":"4950495.01287","LATITUDINE_CENTRALE":"44.70615","LONGITUDINE_CENTRALE":"9.05056","POS_X_CENTRALE":"504004.82071","POS_Y_CENTRALE":"4950309.92057","TIPO_ADSL":"ADSL_M","DESCRIZIONE_TIPO_ADSL":"ADSL Mini","DISTANZA_CALCOLATA":"582.02","CLASSE_DISTANZA":"500-899","POTENZA_SEGNALE":"0.64","POPOLAZIONE_SEZIONE": "38"}
			},
		 		{ "type" : "Feature",
				"geometry" : {
					"type" : "Point",
					"coordinates" : [9.02855,44.67746]},
			"properties" : { "ANNO":"2010","ID_SEZIONE":"30204","ISTAT_COMUNE_SEZ":"6146","COMUNE_SEZ":"ROCCAFORTE LIGURE","PROVINCIA":"AL","ID_CENTRALE":"1133","NOME_CENTRALE":"ROCCHETTA LIGURE","ISTAT_COMUNE_CENTR":"6148","COMUNE_CENTR":"ROCCHETTA LIGURE","PROVINCIA_CENTR":"AL","INDIRIZZO_CENTRALE":"UMBERTO I","LATITUDINE_SEZIONE":"44.67746","LONGITUDINE_SEZIONE":"9.02855","POS_X_SEZIONE":"502262.61546","POS_Y_SEZIONE":"4947121.49555","LATITUDINE_CENTRALE":"44.70615","LONGITUDINE_CENTRALE":"9.05056","POS_X_CENTRALE":"504004.82071","POS_Y_CENTRALE":"4950309.92057","TIPO_ADSL":"ADSL_M","DESCRIZIONE_TIPO_ADSL":"ADSL Mini","DISTANZA_CALCOLATA":"3633.36","CLASSE_DISTANZA":"3300-3699","POTENZA_SEGNALE":"0.64","POPOLAZIONE_SEZIONE": "26"}
			},
		 		{ "type" : "Feature",
				"geometry" : {
					"type" : "Point",
					"coordinates" : [9.03920,44.72091]},
			"properties" : { "ANNO":"2010","ID_SEZIONE":"30551","ISTAT_COMUNE_SEZ":"6028","COMUNE_SEZ":"CANTALUPO LIGURE","PROVINCIA":"AL","ID_CENTRALE":"1133","NOME_CENTRALE":"ROCCHETTA LIGURE","ISTAT_COMUNE_CENTR":"6148","COMUNE_CENTR":"ROCCHETTA LIGURE","PROVINCIA_CENTR":"AL","INDIRIZZO_CENTRALE":"UMBERTO I","LATITUDINE_SEZIONE":"44.72091","LONGITUDINE_SEZIONE":"9.03920","POS_X_SEZIONE":"503104.60049","POS_Y_SEZIONE":"4951949.04167","LATITUDINE_CENTRALE":"44.70615","LONGITUDINE_CENTRALE":"9.05056","POS_X_CENTRALE":"504004.82071","POS_Y_CENTRALE":"4950309.92057","TIPO_ADSL":"ADSL_M","DESCRIZIONE_TIPO_ADSL":"ADSL Mini","DISTANZA_CALCOLATA":"1870.06","CLASSE_DISTANZA":"1700-2099","POTENZA_SEGNALE":"0.64","POPOLAZIONE_SEZIONE": "10"}
			},
		 		{ "type" : "Feature",
				"geometry" : {
					"type" : "Point",
					"coordinates" : [9.02941,44.66231]},
			"properties" : { "ANNO":"2010","ID_SEZIONE":"30667","ISTAT_COMUNE_SEZ":"6146","COMUNE_SEZ":"ROCCAFORTE LIGURE","PROVINCIA":"AL","ID_CENTRALE":"1133","NOME_CENTRALE":"ROCCHETTA LIGURE","ISTAT_COMUNE_CENTR":"6148","COMUNE_CENTR":"ROCCHETTA LIGURE","PROVINCIA_CENTR":"AL","INDIRIZZO_CENTRALE":"UMBERTO I","LATITUDINE_SEZIONE":"44.66231","LONGITUDINE_SEZIONE":"9.02941","POS_X_SEZIONE":"502331.55575","POS_Y_SEZIONE":"4945438.47731","LATITUDINE_CENTRALE":"44.70615","LONGITUDINE_CENTRALE":"9.05056","POS_X_CENTRALE":"504004.82071","POS_Y_CENTRALE":"4950309.92057","TIPO_ADSL":"ADSL_M","DESCRIZIONE_TIPO_ADSL":"ADSL Mini","DISTANZA_CALCOLATA":"5150.8","CLASSE_DISTANZA":"4900-5299","POTENZA_SEGNALE":"0.00","POPOLAZIONE_SEZIONE": "5"}
			},
		 		{ "type" : "Feature",
				"geometry" : {
					"type" : "Point",
					"coordinates" : [9.04335,44.70295]},
			"properties" : { "ANNO":"2010","ID_SEZIONE":"31366","ISTAT_COMUNE_SEZ":"6148","COMUNE_SEZ":"ROCCHETTA LIGURE","PROVINCIA":"AL","ID_CENTRALE":"1133","NOME_CENTRALE":"ROCCHETTA LIGURE","ISTAT_COMUNE_CENTR":"6148","COMUNE_CENTR":"ROCCHETTA LIGURE","PROVINCIA_CENTR":"AL","INDIRIZZO_CENTRALE":"UMBERTO I","LATITUDINE_SEZIONE":"44.70295","LONGITUDINE_SEZIONE":"9.04335","POS_X_SEZIONE":"503433.88151","POS_Y_SEZIONE":"4949954.01677","LATITUDINE_CENTRALE":"44.70615","LONGITUDINE_CENTRALE":"9.05056","POS_X_CENTRALE":"504004.82071","POS_Y_CENTRALE":"4950309.92057","TIPO_ADSL":"ADSL_M","DESCRIZIONE_TIPO_ADSL":"ADSL Mini","DISTANZA_CALCOLATA":"672.78","CLASSE_DISTANZA":"500-899","POTENZA_SEGNALE":"0.64","POPOLAZIONE_SEZIONE": ""}
			},
		 		{ "type" : "Feature",
				"geometry" : {
					"type" : "Point",
					"coordinates" : [9.14379,44.70616]},
			"properties" : { "ANNO":"2010","ID_SEZIONE":"31367","ISTAT_COMUNE_SEZ":"6002","COMUNE_SEZ":"ALBERA LIGURE","PROVINCIA":"AL","ID_CENTRALE":"1133","NOME_CENTRALE":"ROCCHETTA LIGURE","ISTAT_COMUNE_CENTR":"6148","COMUNE_CENTR":"ROCCHETTA LIGURE","PROVINCIA_CENTR":"AL","INDIRIZZO_CENTRALE":"UMBERTO I","LATITUDINE_SEZIONE":"44.70616","LONGITUDINE_SEZIONE":"9.14379","POS_X_SEZIONE":"511390.59960","POS_Y_SEZIONE":"4950319.48954","LATITUDINE_CENTRALE":"44.70615","LONGITUDINE_CENTRALE":"9.05056","POS_X_CENTRALE":"504004.82071","POS_Y_CENTRALE":"4950309.92057","TIPO_ADSL":"ADSL_M","DESCRIZIONE_TIPO_ADSL":"ADSL Mini","DISTANZA_CALCOLATA":"7385.79","CLASSE_DISTANZA":"6100 e oltre","POTENZA_SEGNALE":"0.00","POPOLAZIONE_SEZIONE": ""}
			},
		 		{ "type" : "Feature",
				"geometry" : {
					"type" : "Point",
					"coordinates" : [9.04964,44.68540]},
			"properties" : { "ANNO":"2010","ID_SEZIONE":"31585","ISTAT_COMUNE_SEZ":"6148","COMUNE_SEZ":"ROCCHETTA LIGURE","PROVINCIA":"AL","ID_CENTRALE":"1133","NOME_CENTRALE":"ROCCHETTA LIGURE","ISTAT_COMUNE_CENTR":"6148","COMUNE_CENTR":"ROCCHETTA LIGURE","PROVINCIA_CENTR":"AL","INDIRIZZO_CENTRALE":"UMBERTO I","LATITUDINE_SEZIONE":"44.68540","LONGITUDINE_SEZIONE":"9.04964","POS_X_SEZIONE":"503933.94270","POS_Y_SEZIONE":"4948004.49127","LATITUDINE_CENTRALE":"44.70615","LONGITUDINE_CENTRALE":"9.05056","POS_X_CENTRALE":"504004.82071","POS_Y_CENTRALE":"4950309.92057","TIPO_ADSL":"ADSL_M","DESCRIZIONE_TIPO_ADSL":"ADSL Mini","DISTANZA_CALCOLATA":"2306.52","CLASSE_DISTANZA":"2100-2499","POTENZA_SEGNALE":"0.64","POPOLAZIONE_SEZIONE": "31"}
			},
		 		{ "type" : "Feature",
				"geometry" : {
					"type" : "Point",
					"coordinates" : [9.06057,44.68028]},
			"properties" : { "ANNO":"2010","ID_SEZIONE":"32295","ISTAT_COMUNE_SEZ":"6148","COMUNE_SEZ":"ROCCHETTA LIGURE","PROVINCIA":"AL","ID_CENTRALE":"1133","NOME_CENTRALE":"ROCCHETTA LIGURE","ISTAT_COMUNE_CENTR":"6148","COMUNE_CENTR":"ROCCHETTA LIGURE","PROVINCIA_CENTR":"AL","INDIRIZZO_CENTRALE":"UMBERTO I","LATITUDINE_SEZIONE":"44.68028","LONGITUDINE_SEZIONE":"9.06057","POS_X_SEZIONE":"504800.52932","POS_Y_SEZIONE":"4947435.97773","LATITUDINE_CENTRALE":"44.70615","LONGITUDINE_CENTRALE":"9.05056","POS_X_CENTRALE":"504004.82071","POS_Y_CENTRALE":"4950309.92057","TIPO_ADSL":"ADSL_M","DESCRIZIONE_TIPO_ADSL":"ADSL Mini","DISTANZA_CALCOLATA":"2982.06","CLASSE_DISTANZA":"2900-3299","POTENZA_SEGNALE":"0.64","POPOLAZIONE_SEZIONE": ""}
			}
		 		]
	}
		