 	{ "type" : "FeatureCollection",
		"features" : [
		 		{ "type" : "Feature",
				"geometry" : {
					"type" : "Point",
					"coordinates" : [8.15574,45.82893]},
			"properties" : { "ANNO":"2010","ID_SEZIONE":"9019","ISTAT_COMUNE_SEZ":"2008","COMUNE_SEZ":"BALMUCCIA","PROVINCIA":"VC","ID_CENTRALE":"109","NOME_CENTRALE":"BALMUCCIA","ISTAT_COMUNE_CENTR":"2008","COMUNE_CENTR":"BALMUCCIA","PROVINCIA_CENTR":"VC","INDIRIZZO_CENTRALE":"","LATITUDINE_SEZIONE":"45.82893","LONGITUDINE_SEZIONE":"8.15574","POS_X_SEZIONE":"434425.64388","POS_Y_SEZIONE":"5075387.64863","LATITUDINE_CENTRALE":"45.81218","LONGITUDINE_CENTRALE":"8.13724","POS_X_CENTRALE":"432969.09444","POS_Y_CENTRALE":"5073541.04189","TIPO_ADSL":"ADSL_M","DESCRIZIONE_TIPO_ADSL":"ADSL Mini","DISTANZA_CALCOLATA":"2351.91","CLASSE_DISTANZA":"2100-2499","POTENZA_SEGNALE":"0.64","POPOLAZIONE_SEZIONE": ""}
			},
		 		{ "type" : "Feature",
				"geometry" : {
					"type" : "Point",
					"coordinates" : [8.14957,45.84182]},
			"properties" : { "ANNO":"2010","ID_SEZIONE":"14292","ISTAT_COMUNE_SEZ":"2008","COMUNE_SEZ":"BALMUCCIA","PROVINCIA":"VC","ID_CENTRALE":"109","NOME_CENTRALE":"BALMUCCIA","ISTAT_COMUNE_CENTR":"2008","COMUNE_CENTR":"BALMUCCIA","PROVINCIA_CENTR":"VC","INDIRIZZO_CENTRALE":"","LATITUDINE_SEZIONE":"45.84182","LONGITUDINE_SEZIONE":"8.14957","POS_X_SEZIONE":"433961.49028","POS_Y_SEZIONE":"5076824.12096","LATITUDINE_CENTRALE":"45.81218","LONGITUDINE_CENTRALE":"8.13724","POS_X_CENTRALE":"432969.09444","POS_Y_CENTRALE":"5073541.04189","TIPO_ADSL":"ADSL_M","DESCRIZIONE_TIPO_ADSL":"ADSL Mini","DISTANZA_CALCOLATA":"3429.79","CLASSE_DISTANZA":"3300-3699","POTENZA_SEGNALE":"0.64","POPOLAZIONE_SEZIONE": ""}
			},
		 		{ "type" : "Feature",
				"geometry" : {
					"type" : "Point",
					"coordinates" : [8.14036,45.80972]},
			"properties" : { "ANNO":"2010","ID_SEZIONE":"31978","ISTAT_COMUNE_SEZ":"2008","COMUNE_SEZ":"BALMUCCIA","PROVINCIA":"VC","ID_CENTRALE":"109","NOME_CENTRALE":"BALMUCCIA","ISTAT_COMUNE_CENTR":"2008","COMUNE_CENTR":"BALMUCCIA","PROVINCIA_CENTR":"VC","INDIRIZZO_CENTRALE":"","LATITUDINE_SEZIONE":"45.80972","LONGITUDINE_SEZIONE":"8.14036","POS_X_SEZIONE":"433208.67313","POS_Y_SEZIONE":"5073265.66310","LATITUDINE_CENTRALE":"45.81218","LONGITUDINE_CENTRALE":"8.13724","POS_X_CENTRALE":"432969.09444","POS_Y_CENTRALE":"5073541.04189","TIPO_ADSL":"ADSL_M","DESCRIZIONE_TIPO_ADSL":"ADSL Mini","DISTANZA_CALCOLATA":"365.01","CLASSE_DISTANZA":"100-499","POTENZA_SEGNALE":"0.64","POPOLAZIONE_SEZIONE": ""}
			}
		 		]
	}
		