 	{ "type" : "FeatureCollection",
		"features" : [
		 		{ "type" : "Feature",
				"geometry" : {
					"type" : "Point",
					"coordinates" : [7.37505,44.88374]},
			"properties" : { "ANNO":"2010","ID_SEZIONE":"263","ISTAT_COMUNE_SEZ":"1191","COMUNE_SEZ":"PINEROLO","PROVINCIA":"TO","ID_CENTRALE":"1097","NOME_CENTRALE":"RIVA DI PINEROLO","ISTAT_COMUNE_CENTR":"1191","COMUNE_CENTR":"PINEROLO","PROVINCIA_CENTR":"TO","INDIRIZZO_CENTRALE":"STRADA PRIVATA RIVA","LATITUDINE_SEZIONE":"44.88374","LONGITUDINE_SEZIONE":"7.37505","POS_X_SEZIONE":"371670.21547","POS_Y_SEZIONE":"4971319.66415","LATITUDINE_CENTRALE":"44.89252","LONGITUDINE_CENTRALE":"7.38989","POS_X_CENTRALE":"372861.57797","POS_Y_CENTRALE":"4972271.37711","TIPO_ADSL":"ADSL_2P","DESCRIZIONE_TIPO_ADSL":"ADSL 2+ (24 mega)","DISTANZA_CALCOLATA":"1524.83","CLASSE_DISTANZA":"1300-1699","POTENZA_SEGNALE":"16071.67","POPOLAZIONE_SEZIONE": "16"}
			},
		 		{ "type" : "Feature",
				"geometry" : {
					"type" : "Point",
					"coordinates" : [7.41469,44.90850]},
			"properties" : { "ANNO":"2010","ID_SEZIONE":"3163","ISTAT_COMUNE_SEZ":"1191","COMUNE_SEZ":"PINEROLO","PROVINCIA":"TO","ID_CENTRALE":"1097","NOME_CENTRALE":"RIVA DI PINEROLO","ISTAT_COMUNE_CENTR":"1191","COMUNE_CENTR":"PINEROLO","PROVINCIA_CENTR":"TO","INDIRIZZO_CENTRALE":"STRADA PRIVATA RIVA","LATITUDINE_SEZIONE":"44.90850","LONGITUDINE_SEZIONE":"7.41469","POS_X_SEZIONE":"374854.36651","POS_Y_SEZIONE":"4974008.72963","LATITUDINE_CENTRALE":"44.89252","LONGITUDINE_CENTRALE":"7.38989","POS_X_CENTRALE":"372861.57797","POS_Y_CENTRALE":"4972271.37711","TIPO_ADSL":"ADSL_2P","DESCRIZIONE_TIPO_ADSL":"ADSL 2+ (24 mega)","DISTANZA_CALCOLATA":"2643.79","CLASSE_DISTANZA":"2500-2899","POTENZA_SEGNALE":"7380.83","POPOLAZIONE_SEZIONE": "29"}
			},
		 		{ "type" : "Feature",
				"geometry" : {
					"type" : "Point",
					"coordinates" : [7.38784,44.89284]},
			"properties" : { "ANNO":"2010","ID_SEZIONE":"4406","ISTAT_COMUNE_SEZ":"1191","COMUNE_SEZ":"PINEROLO","PROVINCIA":"TO","ID_CENTRALE":"1097","NOME_CENTRALE":"RIVA DI PINEROLO","ISTAT_COMUNE_CENTR":"1191","COMUNE_CENTR":"PINEROLO","PROVINCIA_CENTR":"TO","INDIRIZZO_CENTRALE":"STRADA PRIVATA RIVA","LATITUDINE_SEZIONE":"44.89284","LONGITUDINE_SEZIONE":"7.38784","POS_X_SEZIONE":"372700.34821","POS_Y_SEZIONE":"4972310.18703","LATITUDINE_CENTRALE":"44.89252","LONGITUDINE_CENTRALE":"7.38989","POS_X_CENTRALE":"372861.57797","POS_Y_CENTRALE":"4972271.37711","TIPO_ADSL":"ADSL_2P","DESCRIZIONE_TIPO_ADSL":"ADSL 2+ (24 mega)","DISTANZA_CALCOLATA":"165.84","CLASSE_DISTANZA":"100-499","POTENZA_SEGNALE":"19761.67","POPOLAZIONE_SEZIONE": "19"}
			},
		 		{ "type" : "Feature",
				"geometry" : {
					"type" : "Point",
					"coordinates" : [7.38314,44.88580]},
			"properties" : { "ANNO":"2010","ID_SEZIONE":"5025","ISTAT_COMUNE_SEZ":"1191","COMUNE_SEZ":"PINEROLO","PROVINCIA":"TO","ID_CENTRALE":"1097","NOME_CENTRALE":"RIVA DI PINEROLO","ISTAT_COMUNE_CENTR":"1191","COMUNE_CENTR":"PINEROLO","PROVINCIA_CENTR":"TO","INDIRIZZO_CENTRALE":"STRADA PRIVATA RIVA","LATITUDINE_SEZIONE":"44.88580","LONGITUDINE_SEZIONE":"7.38314","POS_X_SEZIONE":"372314.01195","POS_Y_SEZIONE":"4971535.67081","LATITUDINE_CENTRALE":"44.89252","LONGITUDINE_CENTRALE":"7.38989","POS_X_CENTRALE":"372861.57797","POS_Y_CENTRALE":"4972271.37711","TIPO_ADSL":"ADSL_2P","DESCRIZIONE_TIPO_ADSL":"ADSL 2+ (24 mega)","DISTANZA_CALCOLATA":"917.11","CLASSE_DISTANZA":"900-1299","POTENZA_SEGNALE":"17737.5","POPOLAZIONE_SEZIONE": "62"}
			},
		 		{ "type" : "Feature",
				"geometry" : {
					"type" : "Point",
					"coordinates" : [7.40575,44.91193]},
			"properties" : { "ANNO":"2010","ID_SEZIONE":"5386","ISTAT_COMUNE_SEZ":"1191","COMUNE_SEZ":"PINEROLO","PROVINCIA":"TO","ID_CENTRALE":"1097","NOME_CENTRALE":"RIVA DI PINEROLO","ISTAT_COMUNE_CENTR":"1191","COMUNE_CENTR":"PINEROLO","PROVINCIA_CENTR":"TO","INDIRIZZO_CENTRALE":"STRADA PRIVATA RIVA","LATITUDINE_SEZIONE":"44.91193","LONGITUDINE_SEZIONE":"7.40575","POS_X_SEZIONE":"374156.22635","POS_Y_SEZIONE":"4974403.23331","LATITUDINE_CENTRALE":"44.89252","LONGITUDINE_CENTRALE":"7.38989","POS_X_CENTRALE":"372861.57797","POS_Y_CENTRALE":"4972271.37711","TIPO_ADSL":"ADSL_2P","DESCRIZIONE_TIPO_ADSL":"ADSL 2+ (24 mega)","DISTANZA_CALCOLATA":"2494.18","CLASSE_DISTANZA":"2100-2499","POTENZA_SEGNALE":"10000","POPOLAZIONE_SEZIONE": "24"}
			},
		 		{ "type" : "Feature",
				"geometry" : {
					"type" : "Point",
					"coordinates" : [7.37723,44.90444]},
			"properties" : { "ANNO":"2010","ID_SEZIONE":"5388","ISTAT_COMUNE_SEZ":"1222","COMUNE_SEZ":"ROLETTO","PROVINCIA":"TO","ID_CENTRALE":"1097","NOME_CENTRALE":"RIVA DI PINEROLO","ISTAT_COMUNE_CENTR":"1191","COMUNE_CENTR":"PINEROLO","PROVINCIA_CENTR":"TO","INDIRIZZO_CENTRALE":"STRADA PRIVATA RIVA","LATITUDINE_SEZIONE":"44.90444","LONGITUDINE_SEZIONE":"7.37723","POS_X_SEZIONE":"371888.43294","POS_Y_SEZIONE":"4973616.20688","LATITUDINE_CENTRALE":"44.89252","LONGITUDINE_CENTRALE":"7.38989","POS_X_CENTRALE":"372861.57797","POS_Y_CENTRALE":"4972271.37711","TIPO_ADSL":"ADSL_2P","DESCRIZIONE_TIPO_ADSL":"ADSL 2+ (24 mega)","DISTANZA_CALCOLATA":"1659.99","CLASSE_DISTANZA":"1300-1699","POTENZA_SEGNALE":"16071.67","POPOLAZIONE_SEZIONE": "17"}
			},
		 		{ "type" : "Feature",
				"geometry" : {
					"type" : "Point",
					"coordinates" : [7.38727,44.89387]},
			"properties" : { "ANNO":"2010","ID_SEZIONE":"5973","ISTAT_COMUNE_SEZ":"1191","COMUNE_SEZ":"PINEROLO","PROVINCIA":"TO","ID_CENTRALE":"1097","NOME_CENTRALE":"RIVA DI PINEROLO","ISTAT_COMUNE_CENTR":"1191","COMUNE_CENTR":"PINEROLO","PROVINCIA_CENTR":"TO","INDIRIZZO_CENTRALE":"STRADA PRIVATA RIVA","LATITUDINE_SEZIONE":"44.89387","LONGITUDINE_SEZIONE":"7.38727","POS_X_SEZIONE":"372657.25522","POS_Y_SEZIONE":"4972425.68860","LATITUDINE_CENTRALE":"44.89252","LONGITUDINE_CENTRALE":"7.38989","POS_X_CENTRALE":"372861.57797","POS_Y_CENTRALE":"4972271.37711","TIPO_ADSL":"ADSL_2P","DESCRIZIONE_TIPO_ADSL":"ADSL 2+ (24 mega)","DISTANZA_CALCOLATA":"256.05","CLASSE_DISTANZA":"100-499","POTENZA_SEGNALE":"19761.67","POPOLAZIONE_SEZIONE": "83"}
			},
		 		{ "type" : "Feature",
				"geometry" : {
					"type" : "Point",
					"coordinates" : [7.39292,44.89251]},
			"properties" : { "ANNO":"2010","ID_SEZIONE":"8061","ISTAT_COMUNE_SEZ":"1191","COMUNE_SEZ":"PINEROLO","PROVINCIA":"TO","ID_CENTRALE":"1097","NOME_CENTRALE":"RIVA DI PINEROLO","ISTAT_COMUNE_CENTR":"1191","COMUNE_CENTR":"PINEROLO","PROVINCIA_CENTR":"TO","INDIRIZZO_CENTRALE":"STRADA PRIVATA RIVA","LATITUDINE_SEZIONE":"44.89251","LONGITUDINE_SEZIONE":"7.39292","POS_X_SEZIONE":"373100.68254","POS_Y_SEZIONE":"4972265.68809","LATITUDINE_CENTRALE":"44.89252","LONGITUDINE_CENTRALE":"7.38989","POS_X_CENTRALE":"372861.57797","POS_Y_CENTRALE":"4972271.37711","TIPO_ADSL":"ADSL_2P","DESCRIZIONE_TIPO_ADSL":"ADSL 2+ (24 mega)","DISTANZA_CALCOLATA":"239.17","CLASSE_DISTANZA":"100-499","POTENZA_SEGNALE":"19761.67","POPOLAZIONE_SEZIONE": "66"}
			},
		 		{ "type" : "Feature",
				"geometry" : {
					"type" : "Point",
					"coordinates" : [7.38664,44.89210]},
			"properties" : { "ANNO":"2010","ID_SEZIONE":"11840","ISTAT_COMUNE_SEZ":"1191","COMUNE_SEZ":"PINEROLO","PROVINCIA":"TO","ID_CENTRALE":"1097","NOME_CENTRALE":"RIVA DI PINEROLO","ISTAT_COMUNE_CENTR":"1191","COMUNE_CENTR":"PINEROLO","PROVINCIA_CENTR":"TO","INDIRIZZO_CENTRALE":"STRADA PRIVATA RIVA","LATITUDINE_SEZIONE":"44.89210","LONGITUDINE_SEZIONE":"7.38664","POS_X_SEZIONE":"372604.22533","POS_Y_SEZIONE":"4972230.68470","LATITUDINE_CENTRALE":"44.89252","LONGITUDINE_CENTRALE":"7.38989","POS_X_CENTRALE":"372861.57797","POS_Y_CENTRALE":"4972271.37711","TIPO_ADSL":"ADSL_2P","DESCRIZIONE_TIPO_ADSL":"ADSL 2+ (24 mega)","DISTANZA_CALCOLATA":"260.55","CLASSE_DISTANZA":"100-499","POTENZA_SEGNALE":"19761.67","POPOLAZIONE_SEZIONE": "147"}
			},
		 		{ "type" : "Feature",
				"geometry" : {
					"type" : "Point",
					"coordinates" : [7.38958,44.89346]},
			"properties" : { "ANNO":"2010","ID_SEZIONE":"14770","ISTAT_COMUNE_SEZ":"1191","COMUNE_SEZ":"PINEROLO","PROVINCIA":"TO","ID_CENTRALE":"1097","NOME_CENTRALE":"RIVA DI PINEROLO","ISTAT_COMUNE_CENTR":"1191","COMUNE_CENTR":"PINEROLO","PROVINCIA_CENTR":"TO","INDIRIZZO_CENTRALE":"STRADA PRIVATA RIVA","LATITUDINE_SEZIONE":"44.89346","LONGITUDINE_SEZIONE":"7.38958","POS_X_SEZIONE":"372839.09509","POS_Y_SEZIONE":"4972376.68867","LATITUDINE_CENTRALE":"44.89252","LONGITUDINE_CENTRALE":"7.38989","POS_X_CENTRALE":"372861.57797","POS_Y_CENTRALE":"4972271.37711","TIPO_ADSL":"ADSL_2P","DESCRIZIONE_TIPO_ADSL":"ADSL 2+ (24 mega)","DISTANZA_CALCOLATA":"107.68","CLASSE_DISTANZA":"100-499","POTENZA_SEGNALE":"19761.67","POPOLAZIONE_SEZIONE": "34"}
			},
		 		{ "type" : "Feature",
				"geometry" : {
					"type" : "Point",
					"coordinates" : [7.37199,44.88877]},
			"properties" : { "ANNO":"2010","ID_SEZIONE":"16335","ISTAT_COMUNE_SEZ":"1191","COMUNE_SEZ":"PINEROLO","PROVINCIA":"TO","ID_CENTRALE":"1097","NOME_CENTRALE":"RIVA DI PINEROLO","ISTAT_COMUNE_CENTR":"1191","COMUNE_CENTR":"PINEROLO","PROVINCIA_CENTR":"TO","INDIRIZZO_CENTRALE":"STRADA PRIVATA RIVA","LATITUDINE_SEZIONE":"44.88877","LONGITUDINE_SEZIONE":"7.37199","POS_X_SEZIONE":"371440.09656","POS_Y_SEZIONE":"4971883.67311","LATITUDINE_CENTRALE":"44.89252","LONGITUDINE_CENTRALE":"7.38989","POS_X_CENTRALE":"372861.57797","POS_Y_CENTRALE":"4972271.37711","TIPO_ADSL":"ADSL_2P","DESCRIZIONE_TIPO_ADSL":"ADSL 2+ (24 mega)","DISTANZA_CALCOLATA":"1473.41","CLASSE_DISTANZA":"1300-1699","POTENZA_SEGNALE":"16071.67","POPOLAZIONE_SEZIONE": "33"}
			},
		 		{ "type" : "Feature",
				"geometry" : {
					"type" : "Point",
					"coordinates" : [7.38587,44.89272]},
			"properties" : { "ANNO":"2010","ID_SEZIONE":"18065","ISTAT_COMUNE_SEZ":"1191","COMUNE_SEZ":"PINEROLO","PROVINCIA":"TO","ID_CENTRALE":"1097","NOME_CENTRALE":"RIVA DI PINEROLO","ISTAT_COMUNE_CENTR":"1191","COMUNE_CENTR":"PINEROLO","PROVINCIA_CENTR":"TO","INDIRIZZO_CENTRALE":"STRADA PRIVATA RIVA","LATITUDINE_SEZIONE":"44.89272","LONGITUDINE_SEZIONE":"7.38587","POS_X_SEZIONE":"372544.32082","POS_Y_SEZIONE":"4972300.18563","LATITUDINE_CENTRALE":"44.89252","LONGITUDINE_CENTRALE":"7.38989","POS_X_CENTRALE":"372861.57797","POS_Y_CENTRALE":"4972271.37711","TIPO_ADSL":"ADSL_2P","DESCRIZIONE_TIPO_ADSL":"ADSL 2+ (24 mega)","DISTANZA_CALCOLATA":"318.56","CLASSE_DISTANZA":"100-499","POTENZA_SEGNALE":"19761.67","POPOLAZIONE_SEZIONE": "53"}
			},
		 		{ "type" : "Feature",
				"geometry" : {
					"type" : "Point",
					"coordinates" : [7.41351,44.89499]},
			"properties" : { "ANNO":"2010","ID_SEZIONE":"18646","ISTAT_COMUNE_SEZ":"1191","COMUNE_SEZ":"PINEROLO","PROVINCIA":"TO","ID_CENTRALE":"1097","NOME_CENTRALE":"RIVA DI PINEROLO","ISTAT_COMUNE_CENTR":"1191","COMUNE_CENTR":"PINEROLO","PROVINCIA_CENTR":"TO","INDIRIZZO_CENTRALE":"STRADA PRIVATA RIVA","LATITUDINE_SEZIONE":"44.89499","LONGITUDINE_SEZIONE":"7.41351","POS_X_SEZIONE":"374732.39429","POS_Y_SEZIONE":"4972509.20041","LATITUDINE_CENTRALE":"44.89252","LONGITUDINE_CENTRALE":"7.38989","POS_X_CENTRALE":"372861.57797","POS_Y_CENTRALE":"4972271.37711","TIPO_ADSL":"ADSL_2P","DESCRIZIONE_TIPO_ADSL":"ADSL 2+ (24 mega)","DISTANZA_CALCOLATA":"1885.87","CLASSE_DISTANZA":"1700-2099","POTENZA_SEGNALE":"12975.83","POPOLAZIONE_SEZIONE": "36"}
			},
		 		{ "type" : "Feature",
				"geometry" : {
					"type" : "Point",
					"coordinates" : [7.41709,44.90316]},
			"properties" : { "ANNO":"2010","ID_SEZIONE":"20082","ISTAT_COMUNE_SEZ":"1191","COMUNE_SEZ":"PINEROLO","PROVINCIA":"TO","ID_CENTRALE":"1097","NOME_CENTRALE":"RIVA DI PINEROLO","ISTAT_COMUNE_CENTR":"1191","COMUNE_CENTR":"PINEROLO","PROVINCIA_CENTR":"TO","INDIRIZZO_CENTRALE":"STRADA PRIVATA RIVA","LATITUDINE_SEZIONE":"44.90316","LONGITUDINE_SEZIONE":"7.41709","POS_X_SEZIONE":"375032.42219","POS_Y_SEZIONE":"4973411.71920","LATITUDINE_CENTRALE":"44.89252","LONGITUDINE_CENTRALE":"7.38989","POS_X_CENTRALE":"372861.57797","POS_Y_CENTRALE":"4972271.37711","TIPO_ADSL":"ADSL_2P","DESCRIZIONE_TIPO_ADSL":"ADSL 2+ (24 mega)","DISTANZA_CALCOLATA":"2452.13","CLASSE_DISTANZA":"2100-2499","POTENZA_SEGNALE":"10000","POPOLAZIONE_SEZIONE": "15"}
			},
		 		{ "type" : "Feature",
				"geometry" : {
					"type" : "Point",
					"coordinates" : [7.40692,44.91497]},
			"properties" : { "ANNO":"2010","ID_SEZIONE":"24773","ISTAT_COMUNE_SEZ":"1191","COMUNE_SEZ":"PINEROLO","PROVINCIA":"TO","ID_CENTRALE":"1097","NOME_CENTRALE":"RIVA DI PINEROLO","ISTAT_COMUNE_CENTR":"1191","COMUNE_CENTR":"PINEROLO","PROVINCIA_CENTR":"TO","INDIRIZZO_CENTRALE":"STRADA PRIVATA RIVA","LATITUDINE_SEZIONE":"44.91497","LONGITUDINE_SEZIONE":"7.40692","POS_X_SEZIONE":"374254.85035","POS_Y_SEZIONE":"4974738.74025","LATITUDINE_CENTRALE":"44.89252","LONGITUDINE_CENTRALE":"7.38989","POS_X_CENTRALE":"372861.57797","POS_Y_CENTRALE":"4972271.37711","TIPO_ADSL":"ADSL_2P","DESCRIZIONE_TIPO_ADSL":"ADSL 2+ (24 mega)","DISTANZA_CALCOLATA":"2833.56","CLASSE_DISTANZA":"2500-2899","POTENZA_SEGNALE":"7380.83","POPOLAZIONE_SEZIONE": "58"}
			},
		 		{ "type" : "Feature",
				"geometry" : {
					"type" : "Point",
					"coordinates" : [7.39792,44.89002]},
			"properties" : { "ANNO":"2010","ID_SEZIONE":"25857","ISTAT_COMUNE_SEZ":"1191","COMUNE_SEZ":"PINEROLO","PROVINCIA":"TO","ID_CENTRALE":"1097","NOME_CENTRALE":"RIVA DI PINEROLO","ISTAT_COMUNE_CENTR":"1191","COMUNE_CENTR":"PINEROLO","PROVINCIA_CENTR":"TO","INDIRIZZO_CENTRALE":"STRADA PRIVATA RIVA","LATITUDINE_SEZIONE":"44.89002","LONGITUDINE_SEZIONE":"7.39792","POS_X_SEZIONE":"373490.07851","POS_Y_SEZIONE":"4971981.18454","LATITUDINE_CENTRALE":"44.89252","LONGITUDINE_CENTRALE":"7.38989","POS_X_CENTRALE":"372861.57797","POS_Y_CENTRALE":"4972271.37711","TIPO_ADSL":"ADSL_2P","DESCRIZIONE_TIPO_ADSL":"ADSL 2+ (24 mega)","DISTANZA_CALCOLATA":"692.26","CLASSE_DISTANZA":"500-899","POTENZA_SEGNALE":"19523.33","POPOLAZIONE_SEZIONE": "40"}
			},
		 		{ "type" : "Feature",
				"geometry" : {
					"type" : "Point",
					"coordinates" : [7.40160,44.91212]},
			"properties" : { "ANNO":"2010","ID_SEZIONE":"26072","ISTAT_COMUNE_SEZ":"1110","COMUNE_SEZ":"FROSSASCO","PROVINCIA":"TO","ID_CENTRALE":"1097","NOME_CENTRALE":"RIVA DI PINEROLO","ISTAT_COMUNE_CENTR":"1191","COMUNE_CENTR":"PINEROLO","PROVINCIA_CENTR":"TO","INDIRIZZO_CENTRALE":"STRADA PRIVATA RIVA","LATITUDINE_SEZIONE":"44.91212","LONGITUDINE_SEZIONE":"7.40160","POS_X_SEZIONE":"373828.92165","POS_Y_SEZIONE":"4974431.23203","LATITUDINE_CENTRALE":"44.89252","LONGITUDINE_CENTRALE":"7.38989","POS_X_CENTRALE":"372861.57797","POS_Y_CENTRALE":"4972271.37711","TIPO_ADSL":"ADSL_2P","DESCRIZIONE_TIPO_ADSL":"ADSL 2+ (24 mega)","DISTANZA_CALCOLATA":"2366.59","CLASSE_DISTANZA":"2100-2499","POTENZA_SEGNALE":"10000","POPOLAZIONE_SEZIONE": "51"}
			},
		 		{ "type" : "Feature",
				"geometry" : {
					"type" : "Point",
					"coordinates" : [7.39682,44.90211]},
			"properties" : { "ANNO":"2010","ID_SEZIONE":"29635","ISTAT_COMUNE_SEZ":"1191","COMUNE_SEZ":"PINEROLO","PROVINCIA":"TO","ID_CENTRALE":"1097","NOME_CENTRALE":"RIVA DI PINEROLO","ISTAT_COMUNE_CENTR":"1191","COMUNE_CENTR":"PINEROLO","PROVINCIA_CENTR":"TO","INDIRIZZO_CENTRALE":"STRADA PRIVATA RIVA","LATITUDINE_SEZIONE":"44.90211","LONGITUDINE_SEZIONE":"7.39682","POS_X_SEZIONE":"373429.42750","POS_Y_SEZIONE":"4973325.70934","LATITUDINE_CENTRALE":"44.89252","LONGITUDINE_CENTRALE":"7.38989","POS_X_CENTRALE":"372861.57797","POS_Y_CENTRALE":"4972271.37711","TIPO_ADSL":"ADSL_2P","DESCRIZIONE_TIPO_ADSL":"ADSL 2+ (24 mega)","DISTANZA_CALCOLATA":"1197.53","CLASSE_DISTANZA":"900-1299","POTENZA_SEGNALE":"17737.5","POPOLAZIONE_SEZIONE": "83"}
			},
		 		{ "type" : "Feature",
				"geometry" : {
					"type" : "Point",
					"coordinates" : [7.37800,44.89393]},
			"properties" : { "ANNO":"2010","ID_SEZIONE":"30790","ISTAT_COMUNE_SEZ":"1191","COMUNE_SEZ":"PINEROLO","PROVINCIA":"TO","ID_CENTRALE":"1097","NOME_CENTRALE":"RIVA DI PINEROLO","ISTAT_COMUNE_CENTR":"1191","COMUNE_CENTR":"PINEROLO","PROVINCIA_CENTR":"TO","INDIRIZZO_CENTRALE":"STRADA PRIVATA RIVA","LATITUDINE_SEZIONE":"44.89393","LONGITUDINE_SEZIONE":"7.37800","POS_X_SEZIONE":"371925.89803","POS_Y_SEZIONE":"4972447.18543","LATITUDINE_CENTRALE":"44.89252","LONGITUDINE_CENTRALE":"7.38989","POS_X_CENTRALE":"372861.57797","POS_Y_CENTRALE":"4972271.37711","TIPO_ADSL":"ADSL_2P","DESCRIZIONE_TIPO_ADSL":"ADSL 2+ (24 mega)","DISTANZA_CALCOLATA":"952.05","CLASSE_DISTANZA":"900-1299","POTENZA_SEGNALE":"17737.5","POPOLAZIONE_SEZIONE": "103"}
			},
		 		{ "type" : "Feature",
				"geometry" : {
					"type" : "Point",
					"coordinates" : [7.37864,44.89324]},
			"properties" : { "ANNO":"2010","ID_SEZIONE":"31053","ISTAT_COMUNE_SEZ":"1191","COMUNE_SEZ":"PINEROLO","PROVINCIA":"TO","ID_CENTRALE":"1097","NOME_CENTRALE":"RIVA DI PINEROLO","ISTAT_COMUNE_CENTR":"1191","COMUNE_CENTR":"PINEROLO","PROVINCIA_CENTR":"TO","INDIRIZZO_CENTRALE":"STRADA PRIVATA RIVA","LATITUDINE_SEZIONE":"44.89324","LONGITUDINE_SEZIONE":"7.37864","POS_X_SEZIONE":"371974.99064","POS_Y_SEZIONE":"4972369.18428","LATITUDINE_CENTRALE":"44.89252","LONGITUDINE_CENTRALE":"7.38989","POS_X_CENTRALE":"372861.57797","POS_Y_CENTRALE":"4972271.37711","TIPO_ADSL":"ADSL_2P","DESCRIZIONE_TIPO_ADSL":"ADSL 2+ (24 mega)","DISTANZA_CALCOLATA":"891.97","CLASSE_DISTANZA":"500-899","POTENZA_SEGNALE":"19523.33","POPOLAZIONE_SEZIONE": "110"}
			},
		 		{ "type" : "Feature",
				"geometry" : {
					"type" : "Point",
					"coordinates" : [7.37843,44.89228]},
			"properties" : { "ANNO":"2010","ID_SEZIONE":"31926","ISTAT_COMUNE_SEZ":"1191","COMUNE_SEZ":"PINEROLO","PROVINCIA":"TO","ID_CENTRALE":"1097","NOME_CENTRALE":"RIVA DI PINEROLO","ISTAT_COMUNE_CENTR":"1191","COMUNE_CENTR":"PINEROLO","PROVINCIA_CENTR":"TO","INDIRIZZO_CENTRALE":"STRADA PRIVATA RIVA","LATITUDINE_SEZIONE":"44.89228","LONGITUDINE_SEZIONE":"7.37843","POS_X_SEZIONE":"371956.42910","POS_Y_SEZIONE":"4972263.18236","LATITUDINE_CENTRALE":"44.89252","LONGITUDINE_CENTRALE":"7.38989","POS_X_CENTRALE":"372861.57797","POS_Y_CENTRALE":"4972271.37711","TIPO_ADSL":"ADSL_2P","DESCRIZIONE_TIPO_ADSL":"ADSL 2+ (24 mega)","DISTANZA_CALCOLATA":"905.19","CLASSE_DISTANZA":"900-1299","POTENZA_SEGNALE":"17737.5","POPOLAZIONE_SEZIONE": "259"}
			},
		 		{ "type" : "Feature",
				"geometry" : {
					"type" : "Point",
					"coordinates" : [7.40843,44.91693]},
			"properties" : { "ANNO":"2010","ID_SEZIONE":"32536","ISTAT_COMUNE_SEZ":"1195","COMUNE_SEZ":"PISCINA","PROVINCIA":"TO","ID_CENTRALE":"1097","NOME_CENTRALE":"RIVA DI PINEROLO","ISTAT_COMUNE_CENTR":"1191","COMUNE_CENTR":"PINEROLO","PROVINCIA_CENTR":"TO","INDIRIZZO_CENTRALE":"STRADA PRIVATA RIVA","LATITUDINE_SEZIONE":"44.91693","LONGITUDINE_SEZIONE":"7.40843","POS_X_SEZIONE":"374378.88031","POS_Y_SEZIONE":"4974954.74537","LATITUDINE_CENTRALE":"44.89252","LONGITUDINE_CENTRALE":"7.38989","POS_X_CENTRALE":"372861.57797","POS_Y_CENTRALE":"4972271.37711","TIPO_ADSL":"ADSL_2P","DESCRIZIONE_TIPO_ADSL":"ADSL 2+ (24 mega)","DISTANZA_CALCOLATA":"3082.64","CLASSE_DISTANZA":"2900-3299","POTENZA_SEGNALE":"5238.33","POPOLAZIONE_SEZIONE": "120"}
			}
		 		]
	}
		