 	{ "type" : "FeatureCollection",
		"features" : [
		 		{ "type" : "Feature",
				"geometry" : {
					"type" : "Point",
					"coordinates" : [8.17398,44.42163]},
			"properties" : { "ANNO":"2010","ID_SEZIONE":"1807","ISTAT_COMUNE_SEZ":"4201","COMUNE_SEZ":"SALICETO","PROVINCIA":"CN","ID_CENTRALE":"1254","NOME_CENTRALE":"SALICETO 2","ISTAT_COMUNE_CENTR":"4201","COMUNE_CENTR":"SALICETO","PROVINCIA_CENTR":"CN","INDIRIZZO_CENTRALE":"V. MONS. GIUSEPPE MOIZO","LATITUDINE_SEZIONE":"44.42163","LONGITUDINE_SEZIONE":"8.17398","POS_X_SEZIONE":"434245.66462","POS_Y_SEZIONE":"4919035.34436","LATITUDINE_CENTRALE":"44.41287","LONGITUDINE_CENTRALE":"8.16864","POS_X_CENTRALE":"433810.34930","POS_Y_CENTRALE":"4918067.35902","TIPO_ADSL":"ADSL_M","DESCRIZIONE_TIPO_ADSL":"ADSL Mini","DISTANZA_CALCOLATA":"1061.36","CLASSE_DISTANZA":"900-1299","POTENZA_SEGNALE":"0.64","POPOLAZIONE_SEZIONE": "28"}
			},
		 		{ "type" : "Feature",
				"geometry" : {
					"type" : "Point",
					"coordinates" : [8.19370,44.41089]},
			"properties" : { "ANNO":"2010","ID_SEZIONE":"4964","ISTAT_COMUNE_SEZ":"4201","COMUNE_SEZ":"SALICETO","PROVINCIA":"CN","ID_CENTRALE":"1254","NOME_CENTRALE":"SALICETO 2","ISTAT_COMUNE_CENTR":"4201","COMUNE_CENTR":"SALICETO","PROVINCIA_CENTR":"CN","INDIRIZZO_CENTRALE":"V. MONS. GIUSEPPE MOIZO","LATITUDINE_SEZIONE":"44.41089","LONGITUDINE_SEZIONE":"8.19370","POS_X_SEZIONE":"435803.28126","POS_Y_SEZIONE":"4917826.83902","LATITUDINE_CENTRALE":"44.41287","LONGITUDINE_CENTRALE":"8.16864","POS_X_CENTRALE":"433810.34930","POS_Y_CENTRALE":"4918067.35902","TIPO_ADSL":"ADSL_M","DESCRIZIONE_TIPO_ADSL":"ADSL Mini","DISTANZA_CALCOLATA":"2007.39","CLASSE_DISTANZA":"1700-2099","POTENZA_SEGNALE":"0.64","POPOLAZIONE_SEZIONE": "9"}
			},
		 		{ "type" : "Feature",
				"geometry" : {
					"type" : "Point",
					"coordinates" : [8.17325,44.42715]},
			"properties" : { "ANNO":"2010","ID_SEZIONE":"7244","ISTAT_COMUNE_SEZ":"4201","COMUNE_SEZ":"SALICETO","PROVINCIA":"CN","ID_CENTRALE":"1254","NOME_CENTRALE":"SALICETO 2","ISTAT_COMUNE_CENTR":"4201","COMUNE_CENTR":"SALICETO","PROVINCIA_CENTR":"CN","INDIRIZZO_CENTRALE":"V. MONS. GIUSEPPE MOIZO","LATITUDINE_SEZIONE":"44.42715","LONGITUDINE_SEZIONE":"8.17325","POS_X_SEZIONE":"434193.05867","POS_Y_SEZIONE":"4919649.34603","LATITUDINE_CENTRALE":"44.41287","LONGITUDINE_CENTRALE":"8.16864","POS_X_CENTRALE":"433810.34930","POS_Y_CENTRALE":"4918067.35902","TIPO_ADSL":"ADSL_M","DESCRIZIONE_TIPO_ADSL":"ADSL Mini","DISTANZA_CALCOLATA":"1627.62","CLASSE_DISTANZA":"1300-1699","POTENZA_SEGNALE":"0.64","POPOLAZIONE_SEZIONE": "129"}
			},
		 		{ "type" : "Feature",
				"geometry" : {
					"type" : "Point",
					"coordinates" : [8.18976,44.41606]},
			"properties" : { "ANNO":"2010","ID_SEZIONE":"7485","ISTAT_COMUNE_SEZ":"4201","COMUNE_SEZ":"SALICETO","PROVINCIA":"CN","ID_CENTRALE":"1254","NOME_CENTRALE":"SALICETO 2","ISTAT_COMUNE_CENTR":"4201","COMUNE_CENTR":"SALICETO","PROVINCIA_CENTR":"CN","INDIRIZZO_CENTRALE":"V. MONS. GIUSEPPE MOIZO","LATITUDINE_SEZIONE":"44.41606","LONGITUDINE_SEZIONE":"8.18976","POS_X_SEZIONE":"435495.18270","POS_Y_SEZIONE":"4918404.34378","LATITUDINE_CENTRALE":"44.41287","LONGITUDINE_CENTRALE":"8.16864","POS_X_CENTRALE":"433810.34930","POS_Y_CENTRALE":"4918067.35902","TIPO_ADSL":"ADSL_M","DESCRIZIONE_TIPO_ADSL":"ADSL Mini","DISTANZA_CALCOLATA":"1718.2","CLASSE_DISTANZA":"1700-2099","POTENZA_SEGNALE":"0.64","POPOLAZIONE_SEZIONE": "75"}
			},
		 		{ "type" : "Feature",
				"geometry" : {
					"type" : "Point",
					"coordinates" : [8.16893,44.41331]},
			"properties" : { "ANNO":"2010","ID_SEZIONE":"14679","ISTAT_COMUNE_SEZ":"4201","COMUNE_SEZ":"SALICETO","PROVINCIA":"CN","ID_CENTRALE":"1254","NOME_CENTRALE":"SALICETO 2","ISTAT_COMUNE_CENTR":"4201","COMUNE_CENTR":"SALICETO","PROVINCIA_CENTR":"CN","INDIRIZZO_CENTRALE":"V. MONS. GIUSEPPE MOIZO","LATITUDINE_SEZIONE":"44.41331","LONGITUDINE_SEZIONE":"8.16893","POS_X_SEZIONE":"433833.62903","POS_Y_SEZIONE":"4918115.33975","LATITUDINE_CENTRALE":"44.41287","LONGITUDINE_CENTRALE":"8.16864","POS_X_CENTRALE":"433810.34930","POS_Y_CENTRALE":"4918067.35902","TIPO_ADSL":"ADSL_M","DESCRIZIONE_TIPO_ADSL":"ADSL Mini","DISTANZA_CALCOLATA":"53.33","CLASSE_DISTANZA":"0-99","POTENZA_SEGNALE":"0.64","POPOLAZIONE_SEZIONE": "618"}
			},
		 		{ "type" : "Feature",
				"geometry" : {
					"type" : "Point",
					"coordinates" : [8.18228,44.42376]},
			"properties" : { "ANNO":"2010","ID_SEZIONE":"14918","ISTAT_COMUNE_SEZ":"4201","COMUNE_SEZ":"SALICETO","PROVINCIA":"CN","ID_CENTRALE":"1254","NOME_CENTRALE":"SALICETO 2","ISTAT_COMUNE_CENTR":"4201","COMUNE_CENTR":"SALICETO","PROVINCIA_CENTR":"CN","INDIRIZZO_CENTRALE":"V. MONS. GIUSEPPE MOIZO","LATITUDINE_SEZIONE":"44.42376","LONGITUDINE_SEZIONE":"8.18228","POS_X_SEZIONE":"434908.23870","POS_Y_SEZIONE":"4919265.34500","LATITUDINE_CENTRALE":"44.41287","LONGITUDINE_CENTRALE":"8.16864","POS_X_CENTRALE":"433810.34930","POS_Y_CENTRALE":"4918067.35902","TIPO_ADSL":"ADSL_M","DESCRIZIONE_TIPO_ADSL":"ADSL Mini","DISTANZA_CALCOLATA":"1624.97","CLASSE_DISTANZA":"1300-1699","POTENZA_SEGNALE":"0.64","POPOLAZIONE_SEZIONE": "31"}
			},
		 		{ "type" : "Feature",
				"geometry" : {
					"type" : "Point",
					"coordinates" : [8.16104,44.40591]},
			"properties" : { "ANNO":"2010","ID_SEZIONE":"15590","ISTAT_COMUNE_SEZ":"4201","COMUNE_SEZ":"SALICETO","PROVINCIA":"CN","ID_CENTRALE":"1254","NOME_CENTRALE":"SALICETO 2","ISTAT_COMUNE_CENTR":"4201","COMUNE_CENTR":"SALICETO","PROVINCIA_CENTR":"CN","INDIRIZZO_CENTRALE":"V. MONS. GIUSEPPE MOIZO","LATITUDINE_SEZIONE":"44.40591","LONGITUDINE_SEZIONE":"8.16104","POS_X_SEZIONE":"433196.90788","POS_Y_SEZIONE":"4917299.83281","LATITUDINE_CENTRALE":"44.41287","LONGITUDINE_CENTRALE":"8.16864","POS_X_CENTRALE":"433810.34930","POS_Y_CENTRALE":"4918067.35902","TIPO_ADSL":"ADSL_M","DESCRIZIONE_TIPO_ADSL":"ADSL Mini","DISTANZA_CALCOLATA":"982.55","CLASSE_DISTANZA":"900-1299","POTENZA_SEGNALE":"0.64","POPOLAZIONE_SEZIONE": "9"}
			},
		 		{ "type" : "Feature",
				"geometry" : {
					"type" : "Point",
					"coordinates" : [8.16174,44.40046]},
			"properties" : { "ANNO":"2010","ID_SEZIONE":"17841","ISTAT_COMUNE_SEZ":"4201","COMUNE_SEZ":"SALICETO","PROVINCIA":"CN","ID_CENTRALE":"1254","NOME_CENTRALE":"SALICETO 2","ISTAT_COMUNE_CENTR":"4201","COMUNE_CENTR":"SALICETO","PROVINCIA_CENTR":"CN","INDIRIZZO_CENTRALE":"V. MONS. GIUSEPPE MOIZO","LATITUDINE_SEZIONE":"44.40046","LONGITUDINE_SEZIONE":"8.16174","POS_X_SEZIONE":"433246.66814","POS_Y_SEZIONE":"4916693.82807","LATITUDINE_CENTRALE":"44.41287","LONGITUDINE_CENTRALE":"8.16864","POS_X_CENTRALE":"433810.34930","POS_Y_CENTRALE":"4918067.35902","TIPO_ADSL":"ADSL_M","DESCRIZIONE_TIPO_ADSL":"ADSL Mini","DISTANZA_CALCOLATA":"1484.7","CLASSE_DISTANZA":"1300-1699","POTENZA_SEGNALE":"0.64","POPOLAZIONE_SEZIONE": "108"}
			},
		 		{ "type" : "Feature",
				"geometry" : {
					"type" : "Point",
					"coordinates" : [8.18893,44.42680]},
			"properties" : { "ANNO":"2010","ID_SEZIONE":"19003","ISTAT_COMUNE_SEZ":"4201","COMUNE_SEZ":"SALICETO","PROVINCIA":"CN","ID_CENTRALE":"1254","NOME_CENTRALE":"SALICETO 2","ISTAT_COMUNE_CENTR":"4201","COMUNE_CENTR":"SALICETO","PROVINCIA_CENTR":"CN","INDIRIZZO_CENTRALE":"V. MONS. GIUSEPPE MOIZO","LATITUDINE_SEZIONE":"44.42680","LONGITUDINE_SEZIONE":"8.18893","POS_X_SEZIONE":"435441.37713","POS_Y_SEZIONE":"4919597.84599","LATITUDINE_CENTRALE":"44.41287","LONGITUDINE_CENTRALE":"8.16864","POS_X_CENTRALE":"433810.34930","POS_Y_CENTRALE":"4918067.35902","TIPO_ADSL":"ADSL_M","DESCRIZIONE_TIPO_ADSL":"ADSL Mini","DISTANZA_CALCOLATA":"2236.66","CLASSE_DISTANZA":"2100-2499","POTENZA_SEGNALE":"0.64","POPOLAZIONE_SEZIONE": "35"}
			},
		 		{ "type" : "Feature",
				"geometry" : {
					"type" : "Point",
					"coordinates" : [8.17042,44.40575]},
			"properties" : { "ANNO":"2010","ID_SEZIONE":"29579","ISTAT_COMUNE_SEZ":"4201","COMUNE_SEZ":"SALICETO","PROVINCIA":"CN","ID_CENTRALE":"1254","NOME_CENTRALE":"SALICETO 2","ISTAT_COMUNE_CENTR":"4201","COMUNE_CENTR":"SALICETO","PROVINCIA_CENTR":"CN","INDIRIZZO_CENTRALE":"V. MONS. GIUSEPPE MOIZO","LATITUDINE_SEZIONE":"44.40575","LONGITUDINE_SEZIONE":"8.17042","POS_X_SEZIONE":"433944.39307","POS_Y_SEZIONE":"4917274.33367","LATITUDINE_CENTRALE":"44.41287","LONGITUDINE_CENTRALE":"8.16864","POS_X_CENTRALE":"433810.34930","POS_Y_CENTRALE":"4918067.35902","TIPO_ADSL":"ADSL_M","DESCRIZIONE_TIPO_ADSL":"ADSL Mini","DISTANZA_CALCOLATA":"804.27","CLASSE_DISTANZA":"500-899","POTENZA_SEGNALE":"0.64","POPOLAZIONE_SEZIONE": "202"}
			},
		 		{ "type" : "Feature",
				"geometry" : {
					"type" : "Point",
					"coordinates" : [8.16851,44.41536]},
			"properties" : { "ANNO":"2010","ID_SEZIONE":"31841","ISTAT_COMUNE_SEZ":"4201","COMUNE_SEZ":"SALICETO","PROVINCIA":"CN","ID_CENTRALE":"1254","NOME_CENTRALE":"SALICETO 2","ISTAT_COMUNE_CENTR":"4201","COMUNE_CENTR":"SALICETO","PROVINCIA_CENTR":"CN","INDIRIZZO_CENTRALE":"V. MONS. GIUSEPPE MOIZO","LATITUDINE_SEZIONE":"44.41536","LONGITUDINE_SEZIONE":"8.16851","POS_X_SEZIONE":"433803.00017","POS_Y_SEZIONE":"4918343.34154","LATITUDINE_CENTRALE":"44.41287","LONGITUDINE_CENTRALE":"8.16864","POS_X_CENTRALE":"433810.34930","POS_Y_CENTRALE":"4918067.35902","TIPO_ADSL":"ADSL_M","DESCRIZIONE_TIPO_ADSL":"ADSL Mini","DISTANZA_CALCOLATA":"276.08","CLASSE_DISTANZA":"100-499","POTENZA_SEGNALE":"0.64","POPOLAZIONE_SEZIONE": "230"}
			}
		 		]
	}
		