 	{ "type" : "FeatureCollection",
		"features" : [
		 		{ "type" : "Feature",
				"geometry" : {
					"type" : "Point",
					"coordinates" : [7.15715,44.58442]},
			"properties" : { "ANNO":"2010","ID_SEZIONE":"322","ISTAT_COMUNE_SEZ":"4205","COMUNE_SEZ":"SAMPEYRE","PROVINCIA":"CN","ID_CENTRALE":"1263","NOME_CENTRALE":"SAMPEYRE","ISTAT_COMUNE_CENTR":"4205","COMUNE_CENTR":"SAMPEYRE","PROVINCIA_CENTR":"CN","INDIRIZZO_CENTRALE":"CAVOUR 41","LATITUDINE_SEZIONE":"44.58442","LONGITUDINE_SEZIONE":"7.15715","POS_X_SEZIONE":"353708.79568","POS_Y_SEZIONE":"4938438.11532","LATITUDINE_CENTRALE":"44.58012","LONGITUDINE_CENTRALE":"7.18093","POS_X_CENTRALE":"355585.98611","POS_Y_CENTRALE":"4937918.60043","TIPO_ADSL":"ADSL_M","DESCRIZIONE_TIPO_ADSL":"ADSL Mini","DISTANZA_CALCOLATA":"1947.75","CLASSE_DISTANZA":"1700-2099","POTENZA_SEGNALE":"0.64","POPOLAZIONE_SEZIONE": "41"}
			},
		 		{ "type" : "Feature",
				"geometry" : {
					"type" : "Point",
					"coordinates" : [7.14324,44.58354]},
			"properties" : { "ANNO":"2010","ID_SEZIONE":"323","ISTAT_COMUNE_SEZ":"4205","COMUNE_SEZ":"SAMPEYRE","PROVINCIA":"CN","ID_CENTRALE":"1263","NOME_CENTRALE":"SAMPEYRE","ISTAT_COMUNE_CENTR":"4205","COMUNE_CENTR":"SAMPEYRE","PROVINCIA_CENTR":"CN","INDIRIZZO_CENTRALE":"CAVOUR 41","LATITUDINE_SEZIONE":"44.58354","LONGITUDINE_SEZIONE":"7.14324","POS_X_SEZIONE":"352602.18294","POS_Y_SEZIONE":"4938365.59974","LATITUDINE_CENTRALE":"44.58012","LONGITUDINE_CENTRALE":"7.18093","POS_X_CENTRALE":"355585.98611","POS_Y_CENTRALE":"4937918.60043","TIPO_ADSL":"ADSL_M","DESCRIZIONE_TIPO_ADSL":"ADSL Mini","DISTANZA_CALCOLATA":"3017.1","CLASSE_DISTANZA":"2900-3299","POTENZA_SEGNALE":"0.64","POPOLAZIONE_SEZIONE": "29"}
			},
		 		{ "type" : "Feature",
				"geometry" : {
					"type" : "Point",
					"coordinates" : [7.19850,44.57701]},
			"properties" : { "ANNO":"2010","ID_SEZIONE":"772","ISTAT_COMUNE_SEZ":"4205","COMUNE_SEZ":"SAMPEYRE","PROVINCIA":"CN","ID_CENTRALE":"1263","NOME_CENTRALE":"SAMPEYRE","ISTAT_COMUNE_CENTR":"4205","COMUNE_CENTR":"SAMPEYRE","PROVINCIA_CENTR":"CN","INDIRIZZO_CENTRALE":"CAVOUR 41","LATITUDINE_SEZIONE":"44.57701","LONGITUDINE_SEZIONE":"7.19850","POS_X_SEZIONE":"356972.64874","POS_Y_SEZIONE":"4937542.15321","LATITUDINE_CENTRALE":"44.58012","LONGITUDINE_CENTRALE":"7.18093","POS_X_CENTRALE":"355585.98611","POS_Y_CENTRALE":"4937918.60043","TIPO_ADSL":"ADSL_M","DESCRIZIONE_TIPO_ADSL":"ADSL Mini","DISTANZA_CALCOLATA":"1436.85","CLASSE_DISTANZA":"1300-1699","POTENZA_SEGNALE":"0.64","POPOLAZIONE_SEZIONE": "163"}
			},
		 		{ "type" : "Feature",
				"geometry" : {
					"type" : "Point",
					"coordinates" : [7.23841,44.57164]},
			"properties" : { "ANNO":"2010","ID_SEZIONE":"776","ISTAT_COMUNE_SEZ":"4205","COMUNE_SEZ":"SAMPEYRE","PROVINCIA":"CN","ID_CENTRALE":"1263","NOME_CENTRALE":"SAMPEYRE","ISTAT_COMUNE_CENTR":"4205","COMUNE_CENTR":"SAMPEYRE","PROVINCIA_CENTR":"CN","INDIRIZZO_CENTRALE":"CAVOUR 41","LATITUDINE_SEZIONE":"44.57164","LONGITUDINE_SEZIONE":"7.23841","POS_X_SEZIONE":"360128.57117","POS_Y_SEZIONE":"4936875.68486","LATITUDINE_CENTRALE":"44.58012","LONGITUDINE_CENTRALE":"7.18093","POS_X_CENTRALE":"355585.98611","POS_Y_CENTRALE":"4937918.60043","TIPO_ADSL":"ADSL_M","DESCRIZIONE_TIPO_ADSL":"ADSL Mini","DISTANZA_CALCOLATA":"4660.77","CLASSE_DISTANZA":"4500-4899","POTENZA_SEGNALE":"0.00","POPOLAZIONE_SEZIONE": "4"}
			},
		 		{ "type" : "Feature",
				"geometry" : {
					"type" : "Point",
					"coordinates" : [7.15396,44.58747]},
			"properties" : { "ANNO":"2010","ID_SEZIONE":"1940","ISTAT_COMUNE_SEZ":"4205","COMUNE_SEZ":"SAMPEYRE","PROVINCIA":"CN","ID_CENTRALE":"1263","NOME_CENTRALE":"SAMPEYRE","ISTAT_COMUNE_CENTR":"4205","COMUNE_CENTR":"SAMPEYRE","PROVINCIA_CENTR":"CN","INDIRIZZO_CENTRALE":"CAVOUR 41","LATITUDINE_SEZIONE":"44.58747","LONGITUDINE_SEZIONE":"7.15396","POS_X_SEZIONE":"353462.85699","POS_Y_SEZIONE":"4938783.11577","LATITUDINE_CENTRALE":"44.58012","LONGITUDINE_CENTRALE":"7.18093","POS_X_CENTRALE":"355585.98611","POS_Y_CENTRALE":"4937918.60043","TIPO_ADSL":"ADSL_M","DESCRIZIONE_TIPO_ADSL":"ADSL Mini","DISTANZA_CALCOLATA":"2292.39","CLASSE_DISTANZA":"2100-2499","POTENZA_SEGNALE":"0.64","POPOLAZIONE_SEZIONE": "3"}
			},
		 		{ "type" : "Feature",
				"geometry" : {
					"type" : "Point",
					"coordinates" : [7.20953,44.58142]},
			"properties" : { "ANNO":"2010","ID_SEZIONE":"2362","ISTAT_COMUNE_SEZ":"4205","COMUNE_SEZ":"SAMPEYRE","PROVINCIA":"CN","ID_CENTRALE":"1263","NOME_CENTRALE":"SAMPEYRE","ISTAT_COMUNE_CENTR":"4205","COMUNE_CENTR":"SAMPEYRE","PROVINCIA_CENTR":"CN","INDIRIZZO_CENTRALE":"CAVOUR 41","LATITUDINE_SEZIONE":"44.58142","LONGITUDINE_SEZIONE":"7.20953","POS_X_SEZIONE":"357859.84592","POS_Y_SEZIONE":"4938012.66739","LATITUDINE_CENTRALE":"44.58012","LONGITUDINE_CENTRALE":"7.18093","POS_X_CENTRALE":"355585.98611","POS_Y_CENTRALE":"4937918.60043","TIPO_ADSL":"ADSL_M","DESCRIZIONE_TIPO_ADSL":"ADSL Mini","DISTANZA_CALCOLATA":"2275.8","CLASSE_DISTANZA":"2100-2499","POTENZA_SEGNALE":"0.64","POPOLAZIONE_SEZIONE": "2"}
			},
		 		{ "type" : "Feature",
				"geometry" : {
					"type" : "Point",
					"coordinates" : [7.12871,44.58374]},
			"properties" : { "ANNO":"2010","ID_SEZIONE":"3153","ISTAT_COMUNE_SEZ":"4205","COMUNE_SEZ":"SAMPEYRE","PROVINCIA":"CN","ID_CENTRALE":"1263","NOME_CENTRALE":"SAMPEYRE","ISTAT_COMUNE_CENTR":"4205","COMUNE_CENTR":"SAMPEYRE","PROVINCIA_CENTR":"CN","INDIRIZZO_CENTRALE":"CAVOUR 41","LATITUDINE_SEZIONE":"44.58374","LONGITUDINE_SEZIONE":"7.12871","POS_X_SEZIONE":"351449.16252","POS_Y_SEZIONE":"4938414.08409","LATITUDINE_CENTRALE":"44.58012","LONGITUDINE_CENTRALE":"7.18093","POS_X_CENTRALE":"355585.98611","POS_Y_CENTRALE":"4937918.60043","TIPO_ADSL":"ADSL_M","DESCRIZIONE_TIPO_ADSL":"ADSL Mini","DISTANZA_CALCOLATA":"4166.39","CLASSE_DISTANZA":"4100-4499","POTENZA_SEGNALE":"0.00","POPOLAZIONE_SEZIONE": "6"}
			},
		 		{ "type" : "Feature",
				"geometry" : {
					"type" : "Point",
					"coordinates" : [7.17330,44.57592]},
			"properties" : { "ANNO":"2010","ID_SEZIONE":"4668","ISTAT_COMUNE_SEZ":"4205","COMUNE_SEZ":"SAMPEYRE","PROVINCIA":"CN","ID_CENTRALE":"1263","NOME_CENTRALE":"SAMPEYRE","ISTAT_COMUNE_CENTR":"4205","COMUNE_CENTR":"SAMPEYRE","PROVINCIA_CENTR":"CN","INDIRIZZO_CENTRALE":"CAVOUR 41","LATITUDINE_SEZIONE":"44.57592","LONGITUDINE_SEZIONE":"7.17330","POS_X_SEZIONE":"354969.85731","POS_Y_SEZIONE":"4937464.62566","LATITUDINE_CENTRALE":"44.58012","LONGITUDINE_CENTRALE":"7.18093","POS_X_CENTRALE":"355585.98611","POS_Y_CENTRALE":"4937918.60043","TIPO_ADSL":"ADSL_M","DESCRIZIONE_TIPO_ADSL":"ADSL Mini","DISTANZA_CALCOLATA":"765.32","CLASSE_DISTANZA":"500-899","POTENZA_SEGNALE":"0.64","POPOLAZIONE_SEZIONE": "2"}
			},
		 		{ "type" : "Feature",
				"geometry" : {
					"type" : "Point",
					"coordinates" : [7.19990,44.59194]},
			"properties" : { "ANNO":"2010","ID_SEZIONE":"5021","ISTAT_COMUNE_SEZ":"4205","COMUNE_SEZ":"SAMPEYRE","PROVINCIA":"CN","ID_CENTRALE":"1263","NOME_CENTRALE":"SAMPEYRE","ISTAT_COMUNE_CENTR":"4205","COMUNE_CENTR":"SAMPEYRE","PROVINCIA_CENTR":"CN","INDIRIZZO_CENTRALE":"CAVOUR 41","LATITUDINE_SEZIONE":"44.59194","LONGITUDINE_SEZIONE":"7.19990","POS_X_SEZIONE":"357120.43754","POS_Y_SEZIONE":"4939197.16915","LATITUDINE_CENTRALE":"44.58012","LONGITUDINE_CENTRALE":"7.18093","POS_X_CENTRALE":"355585.98611","POS_Y_CENTRALE":"4937918.60043","TIPO_ADSL":"ADSL_M","DESCRIZIONE_TIPO_ADSL":"ADSL Mini","DISTANZA_CALCOLATA":"1997.32","CLASSE_DISTANZA":"1700-2099","POTENZA_SEGNALE":"0.64","POPOLAZIONE_SEZIONE": "16"}
			},
		 		{ "type" : "Feature",
				"geometry" : {
					"type" : "Point",
					"coordinates" : [7.26366,44.61017]},
			"properties" : { "ANNO":"2010","ID_SEZIONE":"5653","ISTAT_COMUNE_SEZ":"4205","COMUNE_SEZ":"SAMPEYRE","PROVINCIA":"CN","ID_CENTRALE":"1263","NOME_CENTRALE":"SAMPEYRE","ISTAT_COMUNE_CENTR":"4205","COMUNE_CENTR":"SAMPEYRE","PROVINCIA_CENTR":"CN","INDIRIZZO_CENTRALE":"CAVOUR 41","LATITUDINE_SEZIONE":"44.61017","LONGITUDINE_SEZIONE":"7.26366","POS_X_SEZIONE":"362225.03095","POS_Y_SEZIONE":"4941112.74086","LATITUDINE_CENTRALE":"44.58012","LONGITUDINE_CENTRALE":"7.18093","POS_X_CENTRALE":"355585.98611","POS_Y_CENTRALE":"4937918.60043","TIPO_ADSL":"ADSL_M","DESCRIZIONE_TIPO_ADSL":"ADSL Mini","DISTANZA_CALCOLATA":"7367.46","CLASSE_DISTANZA":"6100 e oltre","POTENZA_SEGNALE":"0.00","POPOLAZIONE_SEZIONE": "26"}
			},
		 		{ "type" : "Feature",
				"geometry" : {
					"type" : "Point",
					"coordinates" : [7.21279,44.58352]},
			"properties" : { "ANNO":"2010","ID_SEZIONE":"5656","ISTAT_COMUNE_SEZ":"4205","COMUNE_SEZ":"SAMPEYRE","PROVINCIA":"CN","ID_CENTRALE":"1263","NOME_CENTRALE":"SAMPEYRE","ISTAT_COMUNE_CENTR":"4205","COMUNE_CENTR":"SAMPEYRE","PROVINCIA_CENTR":"CN","INDIRIZZO_CENTRALE":"CAVOUR 41","LATITUDINE_SEZIONE":"44.58352","LONGITUDINE_SEZIONE":"7.21279","POS_X_SEZIONE":"358123.05642","POS_Y_SEZIONE":"4938240.17203","LATITUDINE_CENTRALE":"44.58012","LONGITUDINE_CENTRALE":"7.18093","POS_X_CENTRALE":"355585.98611","POS_Y_CENTRALE":"4937918.60043","TIPO_ADSL":"ADSL_M","DESCRIZIONE_TIPO_ADSL":"ADSL Mini","DISTANZA_CALCOLATA":"2557.37","CLASSE_DISTANZA":"2500-2899","POTENZA_SEGNALE":"0.64","POPOLAZIONE_SEZIONE": "13"}
			},
		 		{ "type" : "Feature",
				"geometry" : {
					"type" : "Point",
					"coordinates" : [7.18727,44.60444]},
			"properties" : { "ANNO":"2010","ID_SEZIONE":"6264","ISTAT_COMUNE_SEZ":"4205","COMUNE_SEZ":"SAMPEYRE","PROVINCIA":"CN","ID_CENTRALE":"1263","NOME_CENTRALE":"SAMPEYRE","ISTAT_COMUNE_CENTR":"4205","COMUNE_CENTR":"SAMPEYRE","PROVINCIA_CENTR":"CN","INDIRIZZO_CENTRALE":"CAVOUR 41","LATITUDINE_SEZIONE":"44.60444","LONGITUDINE_SEZIONE":"7.18727","POS_X_SEZIONE":"356148.90064","POS_Y_SEZIONE":"4940608.66969","LATITUDINE_CENTRALE":"44.58012","LONGITUDINE_CENTRALE":"7.18093","POS_X_CENTRALE":"355585.98611","POS_Y_CENTRALE":"4937918.60043","TIPO_ADSL":"ADSL_M","DESCRIZIONE_TIPO_ADSL":"ADSL Mini","DISTANZA_CALCOLATA":"2748.34","CLASSE_DISTANZA":"2500-2899","POTENZA_SEGNALE":"0.64","POPOLAZIONE_SEZIONE": ""}
			},
		 		{ "type" : "Feature",
				"geometry" : {
					"type" : "Point",
					"coordinates" : [7.21641,44.57722]},
			"properties" : { "ANNO":"2010","ID_SEZIONE":"7316","ISTAT_COMUNE_SEZ":"4205","COMUNE_SEZ":"SAMPEYRE","PROVINCIA":"CN","ID_CENTRALE":"1263","NOME_CENTRALE":"SAMPEYRE","ISTAT_COMUNE_CENTR":"4205","COMUNE_CENTR":"SAMPEYRE","PROVINCIA_CENTR":"CN","INDIRIZZO_CENTRALE":"CAVOUR 41","LATITUDINE_SEZIONE":"44.57722","LONGITUDINE_SEZIONE":"7.21641","POS_X_SEZIONE":"358395.43683","POS_Y_SEZIONE":"4937533.66988","LATITUDINE_CENTRALE":"44.58012","LONGITUDINE_CENTRALE":"7.18093","POS_X_CENTRALE":"355585.98611","POS_Y_CENTRALE":"4937918.60043","TIPO_ADSL":"ADSL_M","DESCRIZIONE_TIPO_ADSL":"ADSL Mini","DISTANZA_CALCOLATA":"2835.7","CLASSE_DISTANZA":"2500-2899","POTENZA_SEGNALE":"0.64","POPOLAZIONE_SEZIONE": "5"}
			},
		 		{ "type" : "Feature",
				"geometry" : {
					"type" : "Point",
					"coordinates" : [7.21061,44.57240]},
			"properties" : { "ANNO":"2010","ID_SEZIONE":"7753","ISTAT_COMUNE_SEZ":"4205","COMUNE_SEZ":"SAMPEYRE","PROVINCIA":"CN","ID_CENTRALE":"1263","NOME_CENTRALE":"SAMPEYRE","ISTAT_COMUNE_CENTR":"4205","COMUNE_CENTR":"SAMPEYRE","PROVINCIA_CENTR":"CN","INDIRIZZO_CENTRALE":"CAVOUR 41","LATITUDINE_SEZIONE":"44.57240","LONGITUDINE_SEZIONE":"7.21061","POS_X_SEZIONE":"357923.42199","POS_Y_SEZIONE":"4937008.16076","LATITUDINE_CENTRALE":"44.58012","LONGITUDINE_CENTRALE":"7.18093","POS_X_CENTRALE":"355585.98611","POS_Y_CENTRALE":"4937918.60043","TIPO_ADSL":"ADSL_M","DESCRIZIONE_TIPO_ADSL":"ADSL Mini","DISTANZA_CALCOLATA":"2508.49","CLASSE_DISTANZA":"2500-2899","POTENZA_SEGNALE":"0.64","POPOLAZIONE_SEZIONE": ""}
			},
		 		{ "type" : "Feature",
				"geometry" : {
					"type" : "Point",
					"coordinates" : [7.21686,44.56894]},
			"properties" : { "ANNO":"2010","ID_SEZIONE":"7754","ISTAT_COMUNE_SEZ":"4205","COMUNE_SEZ":"SAMPEYRE","PROVINCIA":"CN","ID_CENTRALE":"1263","NOME_CENTRALE":"SAMPEYRE","ISTAT_COMUNE_CENTR":"4205","COMUNE_CENTR":"SAMPEYRE","PROVINCIA_CENTR":"CN","INDIRIZZO_CENTRALE":"CAVOUR 41","LATITUDINE_SEZIONE":"44.56894","LONGITUDINE_SEZIONE":"7.21686","POS_X_SEZIONE":"358411.19978","POS_Y_SEZIONE":"4936613.16351","LATITUDINE_CENTRALE":"44.58012","LONGITUDINE_CENTRALE":"7.18093","POS_X_CENTRALE":"355585.98611","POS_Y_CENTRALE":"4937918.60043","TIPO_ADSL":"ADSL_M","DESCRIZIONE_TIPO_ADSL":"ADSL Mini","DISTANZA_CALCOLATA":"3112.23","CLASSE_DISTANZA":"2900-3299","POTENZA_SEGNALE":"0.64","POPOLAZIONE_SEZIONE": "2"}
			},
		 		{ "type" : "Feature",
				"geometry" : {
					"type" : "Point",
					"coordinates" : [7.22670,44.57694]},
			"properties" : { "ANNO":"2010","ID_SEZIONE":"8080","ISTAT_COMUNE_SEZ":"4205","COMUNE_SEZ":"SAMPEYRE","PROVINCIA":"CN","ID_CENTRALE":"1263","NOME_CENTRALE":"SAMPEYRE","ISTAT_COMUNE_CENTR":"4205","COMUNE_CENTR":"SAMPEYRE","PROVINCIA_CENTR":"CN","INDIRIZZO_CENTRALE":"CAVOUR 41","LATITUDINE_SEZIONE":"44.57694","LONGITUDINE_SEZIONE":"7.22670","POS_X_SEZIONE":"359212.01642","POS_Y_SEZIONE":"4937485.17887","LATITUDINE_CENTRALE":"44.58012","LONGITUDINE_CENTRALE":"7.18093","POS_X_CENTRALE":"355585.98611","POS_Y_CENTRALE":"4937918.60043","TIPO_ADSL":"ADSL_M","DESCRIZIONE_TIPO_ADSL":"ADSL Mini","DISTANZA_CALCOLATA":"3651.84","CLASSE_DISTANZA":"3300-3699","POTENZA_SEGNALE":"0.64","POPOLAZIONE_SEZIONE": "136"}
			},
		 		{ "type" : "Feature",
				"geometry" : {
					"type" : "Point",
					"coordinates" : [7.16839,44.61136]},
			"properties" : { "ANNO":"2010","ID_SEZIONE":"9186","ISTAT_COMUNE_SEZ":"4205","COMUNE_SEZ":"SAMPEYRE","PROVINCIA":"CN","ID_CENTRALE":"1263","NOME_CENTRALE":"SAMPEYRE","ISTAT_COMUNE_CENTR":"4205","COMUNE_CENTR":"SAMPEYRE","PROVINCIA_CENTR":"CN","INDIRIZZO_CENTRALE":"CAVOUR 41","LATITUDINE_SEZIONE":"44.61136","LONGITUDINE_SEZIONE":"7.16839","POS_X_SEZIONE":"354667.81520","POS_Y_SEZIONE":"4941410.15808","LATITUDINE_CENTRALE":"44.58012","LONGITUDINE_CENTRALE":"7.18093","POS_X_CENTRALE":"355585.98611","POS_Y_CENTRALE":"4937918.60043","TIPO_ADSL":"ADSL_M","DESCRIZIONE_TIPO_ADSL":"ADSL Mini","DISTANZA_CALCOLATA":"3610.26","CLASSE_DISTANZA":"3300-3699","POTENZA_SEGNALE":"0.64","POPOLAZIONE_SEZIONE": ""}
			},
		 		{ "type" : "Feature",
				"geometry" : {
					"type" : "Point",
					"coordinates" : [7.19724,44.59589]},
			"properties" : { "ANNO":"2010","ID_SEZIONE":"9187","ISTAT_COMUNE_SEZ":"4205","COMUNE_SEZ":"SAMPEYRE","PROVINCIA":"CN","ID_CENTRALE":"1263","NOME_CENTRALE":"SAMPEYRE","ISTAT_COMUNE_CENTR":"4205","COMUNE_CENTR":"SAMPEYRE","PROVINCIA_CENTR":"CN","INDIRIZZO_CENTRALE":"CAVOUR 41","LATITUDINE_SEZIONE":"44.59589","LONGITUDINE_SEZIONE":"7.19724","POS_X_SEZIONE":"356919.68439","POS_Y_SEZIONE":"4939641.17094","LATITUDINE_CENTRALE":"44.58012","LONGITUDINE_CENTRALE":"7.18093","POS_X_CENTRALE":"355585.98611","POS_Y_CENTRALE":"4937918.60043","TIPO_ADSL":"ADSL_M","DESCRIZIONE_TIPO_ADSL":"ADSL Mini","DISTANZA_CALCOLATA":"2178.53","CLASSE_DISTANZA":"2100-2499","POTENZA_SEGNALE":"0.64","POPOLAZIONE_SEZIONE": "1"}
			},
		 		{ "type" : "Feature",
				"geometry" : {
					"type" : "Point",
					"coordinates" : [7.13434,44.62005]},
			"properties" : { "ANNO":"2010","ID_SEZIONE":"9417","ISTAT_COMUNE_SEZ":"4205","COMUNE_SEZ":"SAMPEYRE","PROVINCIA":"CN","ID_CENTRALE":"1263","NOME_CENTRALE":"SAMPEYRE","ISTAT_COMUNE_CENTR":"4205","COMUNE_CENTR":"SAMPEYRE","PROVINCIA_CENTR":"CN","INDIRIZZO_CENTRALE":"CAVOUR 41","LATITUDINE_SEZIONE":"44.62005","LONGITUDINE_SEZIONE":"7.13434","POS_X_SEZIONE":"351988.18128","POS_Y_SEZIONE":"4942437.13382","LATITUDINE_CENTRALE":"44.58012","LONGITUDINE_CENTRALE":"7.18093","POS_X_CENTRALE":"355585.98611","POS_Y_CENTRALE":"4937918.60043","TIPO_ADSL":"ADSL_M","DESCRIZIONE_TIPO_ADSL":"ADSL Mini","DISTANZA_CALCOLATA":"5775.93","CLASSE_DISTANZA":"5700-6099","POTENZA_SEGNALE":"0.00","POPOLAZIONE_SEZIONE": ""}
			},
		 		{ "type" : "Feature",
				"geometry" : {
					"type" : "Point",
					"coordinates" : [7.20108,44.58233]},
			"properties" : { "ANNO":"2010","ID_SEZIONE":"9418","ISTAT_COMUNE_SEZ":"4205","COMUNE_SEZ":"SAMPEYRE","PROVINCIA":"CN","ID_CENTRALE":"1263","NOME_CENTRALE":"SAMPEYRE","ISTAT_COMUNE_CENTR":"4205","COMUNE_CENTR":"SAMPEYRE","PROVINCIA_CENTR":"CN","INDIRIZZO_CENTRALE":"CAVOUR 41","LATITUDINE_SEZIONE":"44.58233","LONGITUDINE_SEZIONE":"7.20108","POS_X_SEZIONE":"357190.82525","POS_Y_SEZIONE":"4938128.66047","LATITUDINE_CENTRALE":"44.58012","LONGITUDINE_CENTRALE":"7.18093","POS_X_CENTRALE":"355585.98611","POS_Y_CENTRALE":"4937918.60043","TIPO_ADSL":"ADSL_M","DESCRIZIONE_TIPO_ADSL":"ADSL Mini","DISTANZA_CALCOLATA":"1618.53","CLASSE_DISTANZA":"1300-1699","POTENZA_SEGNALE":"0.64","POPOLAZIONE_SEZIONE": "5"}
			},
		 		{ "type" : "Feature",
				"geometry" : {
					"type" : "Point",
					"coordinates" : [7.21395,44.58863]},
			"properties" : { "ANNO":"2010","ID_SEZIONE":"10429","ISTAT_COMUNE_SEZ":"4205","COMUNE_SEZ":"SAMPEYRE","PROVINCIA":"CN","ID_CENTRALE":"1263","NOME_CENTRALE":"SAMPEYRE","ISTAT_COMUNE_CENTR":"4205","COMUNE_CENTR":"SAMPEYRE","PROVINCIA_CENTR":"CN","INDIRIZZO_CENTRALE":"CAVOUR 41","LATITUDINE_SEZIONE":"44.58863","LONGITUDINE_SEZIONE":"7.21395","POS_X_SEZIONE":"358227.92272","POS_Y_SEZIONE":"4938805.17836","LATITUDINE_CENTRALE":"44.58012","LONGITUDINE_CENTRALE":"7.18093","POS_X_CENTRALE":"355585.98611","POS_Y_CENTRALE":"4937918.60043","TIPO_ADSL":"ADSL_M","DESCRIZIONE_TIPO_ADSL":"ADSL Mini","DISTANZA_CALCOLATA":"2786.73","CLASSE_DISTANZA":"2500-2899","POTENZA_SEGNALE":"0.64","POPOLAZIONE_SEZIONE": ""}
			},
		 		{ "type" : "Feature",
				"geometry" : {
					"type" : "Point",
					"coordinates" : [7.20910,44.57888]},
			"properties" : { "ANNO":"2010","ID_SEZIONE":"10646","ISTAT_COMUNE_SEZ":"4205","COMUNE_SEZ":"SAMPEYRE","PROVINCIA":"CN","ID_CENTRALE":"1263","NOME_CENTRALE":"SAMPEYRE","ISTAT_COMUNE_CENTR":"4205","COMUNE_CENTR":"SAMPEYRE","PROVINCIA_CENTR":"CN","INDIRIZZO_CENTRALE":"CAVOUR 41","LATITUDINE_SEZIONE":"44.57888","LONGITUDINE_SEZIONE":"7.20910","POS_X_SEZIONE":"357819.10045","POS_Y_SEZIONE":"4937731.16467","LATITUDINE_CENTRALE":"44.58012","LONGITUDINE_CENTRALE":"7.18093","POS_X_CENTRALE":"355585.98611","POS_Y_CENTRALE":"4937918.60043","TIPO_ADSL":"ADSL_M","DESCRIZIONE_TIPO_ADSL":"ADSL Mini","DISTANZA_CALCOLATA":"2240.97","CLASSE_DISTANZA":"2100-2499","POTENZA_SEGNALE":"0.64","POPOLAZIONE_SEZIONE": "5"}
			},
		 		{ "type" : "Feature",
				"geometry" : {
					"type" : "Point",
					"coordinates" : [7.17629,44.57205]},
			"properties" : { "ANNO":"2010","ID_SEZIONE":"10648","ISTAT_COMUNE_SEZ":"4205","COMUNE_SEZ":"SAMPEYRE","PROVINCIA":"CN","ID_CENTRALE":"1263","NOME_CENTRALE":"SAMPEYRE","ISTAT_COMUNE_CENTR":"4205","COMUNE_CENTR":"SAMPEYRE","PROVINCIA_CENTR":"CN","INDIRIZZO_CENTRALE":"CAVOUR 41","LATITUDINE_SEZIONE":"44.57205","LONGITUDINE_SEZIONE":"7.17629","POS_X_SEZIONE":"355197.36093","POS_Y_SEZIONE":"4937030.12556","LATITUDINE_CENTRALE":"44.58012","LONGITUDINE_CENTRALE":"7.18093","POS_X_CENTRALE":"355585.98611","POS_Y_CENTRALE":"4937918.60043","TIPO_ADSL":"ADSL_M","DESCRIZIONE_TIPO_ADSL":"ADSL Mini","DISTANZA_CALCOLATA":"969.75","CLASSE_DISTANZA":"900-1299","POTENZA_SEGNALE":"0.64","POPOLAZIONE_SEZIONE": "5"}
			},
		 		{ "type" : "Feature",
				"geometry" : {
					"type" : "Point",
					"coordinates" : [7.13849,44.57200]},
			"properties" : { "ANNO":"2010","ID_SEZIONE":"10892","ISTAT_COMUNE_SEZ":"4205","COMUNE_SEZ":"SAMPEYRE","PROVINCIA":"CN","ID_CENTRALE":"1263","NOME_CENTRALE":"SAMPEYRE","ISTAT_COMUNE_CENTR":"4205","COMUNE_CENTR":"SAMPEYRE","PROVINCIA_CENTR":"CN","INDIRIZZO_CENTRALE":"CAVOUR 41","LATITUDINE_SEZIONE":"44.57200","LONGITUDINE_SEZIONE":"7.13849","POS_X_SEZIONE":"352195.60937","POS_Y_SEZIONE":"4937091.58451","LATITUDINE_CENTRALE":"44.58012","LONGITUDINE_CENTRALE":"7.18093","POS_X_CENTRALE":"355585.98611","POS_Y_CENTRALE":"4937918.60043","TIPO_ADSL":"ADSL_M","DESCRIZIONE_TIPO_ADSL":"ADSL Mini","DISTANZA_CALCOLATA":"3489.79","CLASSE_DISTANZA":"3300-3699","POTENZA_SEGNALE":"0.64","POPOLAZIONE_SEZIONE": ""}
			},
		 		{ "type" : "Feature",
				"geometry" : {
					"type" : "Point",
					"coordinates" : [7.20306,44.56357]},
			"properties" : { "ANNO":"2010","ID_SEZIONE":"10893","ISTAT_COMUNE_SEZ":"4205","COMUNE_SEZ":"SAMPEYRE","PROVINCIA":"CN","ID_CENTRALE":"1263","NOME_CENTRALE":"SAMPEYRE","ISTAT_COMUNE_CENTR":"4205","COMUNE_CENTR":"SAMPEYRE","PROVINCIA_CENTR":"CN","INDIRIZZO_CENTRALE":"CAVOUR 41","LATITUDINE_SEZIONE":"44.56357","LONGITUDINE_SEZIONE":"7.20306","POS_X_SEZIONE":"357302.57181","POS_Y_SEZIONE":"4936040.64665","LATITUDINE_CENTRALE":"44.58012","LONGITUDINE_CENTRALE":"7.18093","POS_X_CENTRALE":"355585.98611","POS_Y_CENTRALE":"4937918.60043","TIPO_ADSL":"ADSL_M","DESCRIZIONE_TIPO_ADSL":"ADSL Mini","DISTANZA_CALCOLATA":"2544.28","CLASSE_DISTANZA":"2500-2899","POTENZA_SEGNALE":"0.64","POPOLAZIONE_SEZIONE": "2"}
			},
		 		{ "type" : "Feature",
				"geometry" : {
					"type" : "Point",
					"coordinates" : [7.18607,44.57683]},
			"properties" : { "ANNO":"2010","ID_SEZIONE":"11468","ISTAT_COMUNE_SEZ":"4205","COMUNE_SEZ":"SAMPEYRE","PROVINCIA":"CN","ID_CENTRALE":"1263","NOME_CENTRALE":"SAMPEYRE","ISTAT_COMUNE_CENTR":"4205","COMUNE_CENTR":"SAMPEYRE","PROVINCIA_CENTR":"CN","INDIRIZZO_CENTRALE":"CAVOUR 41","LATITUDINE_SEZIONE":"44.57683","LONGITUDINE_SEZIONE":"7.18607","POS_X_SEZIONE":"355985.87677","POS_Y_SEZIONE":"4937543.64006","LATITUDINE_CENTRALE":"44.58012","LONGITUDINE_CENTRALE":"7.18093","POS_X_CENTRALE":"355585.98611","POS_Y_CENTRALE":"4937918.60043","TIPO_ADSL":"ADSL_M","DESCRIZIONE_TIPO_ADSL":"ADSL Mini","DISTANZA_CALCOLATA":"548.19","CLASSE_DISTANZA":"500-899","POTENZA_SEGNALE":"0.64","POPOLAZIONE_SEZIONE": "27"}
			},
		 		{ "type" : "Feature",
				"geometry" : {
					"type" : "Point",
					"coordinates" : [7.21887,44.54401]},
			"properties" : { "ANNO":"2010","ID_SEZIONE":"11503","ISTAT_COMUNE_SEZ":"4205","COMUNE_SEZ":"SAMPEYRE","PROVINCIA":"CN","ID_CENTRALE":"1263","NOME_CENTRALE":"SAMPEYRE","ISTAT_COMUNE_CENTR":"4205","COMUNE_CENTR":"SAMPEYRE","PROVINCIA_CENTR":"CN","INDIRIZZO_CENTRALE":"CAVOUR 41","LATITUDINE_SEZIONE":"44.54401","LONGITUDINE_SEZIONE":"7.21887","POS_X_SEZIONE":"358510.01936","POS_Y_SEZIONE":"4933840.14540","LATITUDINE_CENTRALE":"44.58012","LONGITUDINE_CENTRALE":"7.18093","POS_X_CENTRALE":"355585.98611","POS_Y_CENTRALE":"4937918.60043","TIPO_ADSL":"ADSL_M","DESCRIZIONE_TIPO_ADSL":"ADSL Mini","DISTANZA_CALCOLATA":"5018.34","CLASSE_DISTANZA":"4900-5299","POTENZA_SEGNALE":"0.00","POPOLAZIONE_SEZIONE": ""}
			},
		 		{ "type" : "Feature",
				"geometry" : {
					"type" : "Point",
					"coordinates" : [7.18207,44.57655]},
			"properties" : { "ANNO":"2010","ID_SEZIONE":"11834","ISTAT_COMUNE_SEZ":"4205","COMUNE_SEZ":"SAMPEYRE","PROVINCIA":"CN","ID_CENTRALE":"1263","NOME_CENTRALE":"SAMPEYRE","ISTAT_COMUNE_CENTR":"4205","COMUNE_CENTR":"SAMPEYRE","PROVINCIA_CENTR":"CN","INDIRIZZO_CENTRALE":"CAVOUR 41","LATITUDINE_SEZIONE":"44.57655","LONGITUDINE_SEZIONE":"7.18207","POS_X_SEZIONE":"355667.31856","POS_Y_SEZIONE":"4937519.13523","LATITUDINE_CENTRALE":"44.58012","LONGITUDINE_CENTRALE":"7.18093","POS_X_CENTRALE":"355585.98611","POS_Y_CENTRALE":"4937918.60043","TIPO_ADSL":"ADSL_M","DESCRIZIONE_TIPO_ADSL":"ADSL Mini","DISTANZA_CALCOLATA":"407.66","CLASSE_DISTANZA":"100-499","POTENZA_SEGNALE":"0.64","POPOLAZIONE_SEZIONE": "4"}
			},
		 		{ "type" : "Feature",
				"geometry" : {
					"type" : "Point",
					"coordinates" : [7.21764,44.57227]},
			"properties" : { "ANNO":"2010","ID_SEZIONE":"11836","ISTAT_COMUNE_SEZ":"4205","COMUNE_SEZ":"SAMPEYRE","PROVINCIA":"CN","ID_CENTRALE":"1263","NOME_CENTRALE":"SAMPEYRE","ISTAT_COMUNE_CENTR":"4205","COMUNE_CENTR":"SAMPEYRE","PROVINCIA_CENTR":"CN","INDIRIZZO_CENTRALE":"CAVOUR 41","LATITUDINE_SEZIONE":"44.57227","LONGITUDINE_SEZIONE":"7.21764","POS_X_SEZIONE":"358481.34941","POS_Y_SEZIONE":"4936982.16703","LATITUDINE_CENTRALE":"44.58012","LONGITUDINE_CENTRALE":"7.18093","POS_X_CENTRALE":"355585.98611","POS_Y_CENTRALE":"4937918.60043","TIPO_ADSL":"ADSL_M","DESCRIZIONE_TIPO_ADSL":"ADSL Mini","DISTANZA_CALCOLATA":"3043.03","CLASSE_DISTANZA":"2900-3299","POTENZA_SEGNALE":"0.64","POPOLAZIONE_SEZIONE": "2"}
			},
		 		{ "type" : "Feature",
				"geometry" : {
					"type" : "Point",
					"coordinates" : [7.23143,44.56837]},
			"properties" : { "ANNO":"2010","ID_SEZIONE":"13388","ISTAT_COMUNE_SEZ":"4205","COMUNE_SEZ":"SAMPEYRE","PROVINCIA":"CN","ID_CENTRALE":"1263","NOME_CENTRALE":"SAMPEYRE","ISTAT_COMUNE_CENTR":"4205","COMUNE_CENTR":"SAMPEYRE","PROVINCIA_CENTR":"CN","INDIRIZZO_CENTRALE":"CAVOUR 41","LATITUDINE_SEZIONE":"44.56837","LONGITUDINE_SEZIONE":"7.23143","POS_X_SEZIONE":"359566.61840","POS_Y_SEZIONE":"4936525.17631","LATITUDINE_CENTRALE":"44.58012","LONGITUDINE_CENTRALE":"7.18093","POS_X_CENTRALE":"355585.98611","POS_Y_CENTRALE":"4937918.60043","TIPO_ADSL":"ADSL_M","DESCRIZIONE_TIPO_ADSL":"ADSL Mini","DISTANZA_CALCOLATA":"4217.47","CLASSE_DISTANZA":"4100-4499","POTENZA_SEGNALE":"0.00","POPOLAZIONE_SEZIONE": "3"}
			},
		 		{ "type" : "Feature",
				"geometry" : {
					"type" : "Point",
					"coordinates" : [7.12946,44.55610]},
			"properties" : { "ANNO":"2010","ID_SEZIONE":"13961","ISTAT_COMUNE_SEZ":"4205","COMUNE_SEZ":"SAMPEYRE","PROVINCIA":"CN","ID_CENTRALE":"1263","NOME_CENTRALE":"SAMPEYRE","ISTAT_COMUNE_CENTR":"4205","COMUNE_CENTR":"SAMPEYRE","PROVINCIA_CENTR":"CN","INDIRIZZO_CENTRALE":"CAVOUR 41","LATITUDINE_SEZIONE":"44.55610","LONGITUDINE_SEZIONE":"7.12946","POS_X_SEZIONE":"351438.32553","POS_Y_SEZIONE":"4935342.06105","LATITUDINE_CENTRALE":"44.58012","LONGITUDINE_CENTRALE":"7.18093","POS_X_CENTRALE":"355585.98611","POS_Y_CENTRALE":"4937918.60043","TIPO_ADSL":"ADSL_M","DESCRIZIONE_TIPO_ADSL":"ADSL Mini","DISTANZA_CALCOLATA":"4882.79","CLASSE_DISTANZA":"4500-4899","POTENZA_SEGNALE":"0.00","POPOLAZIONE_SEZIONE": ""}
			},
		 		{ "type" : "Feature",
				"geometry" : {
					"type" : "Point",
					"coordinates" : [7.15270,44.60689]},
			"properties" : { "ANNO":"2010","ID_SEZIONE":"14275","ISTAT_COMUNE_SEZ":"4205","COMUNE_SEZ":"SAMPEYRE","PROVINCIA":"CN","ID_CENTRALE":"1263","NOME_CENTRALE":"SAMPEYRE","ISTAT_COMUNE_CENTR":"4205","COMUNE_CENTR":"SAMPEYRE","PROVINCIA_CENTR":"CN","INDIRIZZO_CENTRALE":"CAVOUR 41","LATITUDINE_SEZIONE":"44.60689","LONGITUDINE_SEZIONE":"7.15270","POS_X_SEZIONE":"353412.05430","POS_Y_SEZIONE":"4940941.63712","LATITUDINE_CENTRALE":"44.58012","LONGITUDINE_CENTRALE":"7.18093","POS_X_CENTRALE":"355585.98611","POS_Y_CENTRALE":"4937918.60043","TIPO_ADSL":"ADSL_M","DESCRIZIONE_TIPO_ADSL":"ADSL Mini","DISTANZA_CALCOLATA":"3723.54","CLASSE_DISTANZA":"3700-4099","POTENZA_SEGNALE":"0.64","POPOLAZIONE_SEZIONE": ""}
			},
		 		{ "type" : "Feature",
				"geometry" : {
					"type" : "Point",
					"coordinates" : [7.21174,44.59525]},
			"properties" : { "ANNO":"2010","ID_SEZIONE":"14278","ISTAT_COMUNE_SEZ":"4205","COMUNE_SEZ":"SAMPEYRE","PROVINCIA":"CN","ID_CENTRALE":"1263","NOME_CENTRALE":"SAMPEYRE","ISTAT_COMUNE_CENTR":"4205","COMUNE_CENTR":"SAMPEYRE","PROVINCIA_CENTR":"CN","INDIRIZZO_CENTRALE":"CAVOUR 41","LATITUDINE_SEZIONE":"44.59525","LONGITUDINE_SEZIONE":"7.21174","POS_X_SEZIONE":"358068.22941","POS_Y_SEZIONE":"4939545.18323","LATITUDINE_CENTRALE":"44.58012","LONGITUDINE_CENTRALE":"7.18093","POS_X_CENTRALE":"355585.98611","POS_Y_CENTRALE":"4937918.60043","TIPO_ADSL":"ADSL_M","DESCRIZIONE_TIPO_ADSL":"ADSL Mini","DISTANZA_CALCOLATA":"2967.71","CLASSE_DISTANZA":"2900-3299","POTENZA_SEGNALE":"0.64","POPOLAZIONE_SEZIONE": "4"}
			},
		 		{ "type" : "Feature",
				"geometry" : {
					"type" : "Point",
					"coordinates" : [7.12718,44.58519]},
			"properties" : { "ANNO":"2010","ID_SEZIONE":"14805","ISTAT_COMUNE_SEZ":"4205","COMUNE_SEZ":"SAMPEYRE","PROVINCIA":"CN","ID_CENTRALE":"1263","NOME_CENTRALE":"SAMPEYRE","ISTAT_COMUNE_CENTR":"4205","COMUNE_CENTR":"SAMPEYRE","PROVINCIA_CENTR":"CN","INDIRIZZO_CENTRALE":"CAVOUR 41","LATITUDINE_SEZIONE":"44.58519","LONGITUDINE_SEZIONE":"7.12718","POS_X_SEZIONE":"351331.22537","POS_Y_SEZIONE":"4938578.08435","LATITUDINE_CENTRALE":"44.58012","LONGITUDINE_CENTRALE":"7.18093","POS_X_CENTRALE":"355585.98611","POS_Y_CENTRALE":"4937918.60043","TIPO_ADSL":"ADSL_M","DESCRIZIONE_TIPO_ADSL":"ADSL Mini","DISTANZA_CALCOLATA":"4305.57","CLASSE_DISTANZA":"4100-4499","POTENZA_SEGNALE":"0.00","POPOLAZIONE_SEZIONE": "1"}
			},
		 		{ "type" : "Feature",
				"geometry" : {
					"type" : "Point",
					"coordinates" : [7.25231,44.59655]},
			"properties" : { "ANNO":"2010","ID_SEZIONE":"15048","ISTAT_COMUNE_SEZ":"4205","COMUNE_SEZ":"SAMPEYRE","PROVINCIA":"CN","ID_CENTRALE":"1263","NOME_CENTRALE":"SAMPEYRE","ISTAT_COMUNE_CENTR":"4205","COMUNE_CENTR":"SAMPEYRE","PROVINCIA_CENTR":"CN","INDIRIZZO_CENTRALE":"CAVOUR 41","LATITUDINE_SEZIONE":"44.59655","LONGITUDINE_SEZIONE":"7.25231","POS_X_SEZIONE":"361291.60221","POS_Y_SEZIONE":"4939619.71865","LATITUDINE_CENTRALE":"44.58012","LONGITUDINE_CENTRALE":"7.18093","POS_X_CENTRALE":"355585.98611","POS_Y_CENTRALE":"4937918.60043","TIPO_ADSL":"ADSL_M","DESCRIZIONE_TIPO_ADSL":"ADSL Mini","DISTANZA_CALCOLATA":"5953.81","CLASSE_DISTANZA":"5700-6099","POTENZA_SEGNALE":"0.00","POPOLAZIONE_SEZIONE": ""}
			},
		 		{ "type" : "Feature",
				"geometry" : {
					"type" : "Point",
					"coordinates" : [7.16878,44.56282]},
			"properties" : { "ANNO":"2010","ID_SEZIONE":"16344","ISTAT_COMUNE_SEZ":"4205","COMUNE_SEZ":"SAMPEYRE","PROVINCIA":"CN","ID_CENTRALE":"1263","NOME_CENTRALE":"SAMPEYRE","ISTAT_COMUNE_CENTR":"4205","COMUNE_CENTR":"SAMPEYRE","PROVINCIA_CENTR":"CN","INDIRIZZO_CENTRALE":"CAVOUR 41","LATITUDINE_SEZIONE":"44.56282","LONGITUDINE_SEZIONE":"7.16878","POS_X_SEZIONE":"354578.41181","POS_Y_SEZIONE":"4936017.60921","LATITUDINE_CENTRALE":"44.58012","LONGITUDINE_CENTRALE":"7.18093","POS_X_CENTRALE":"355585.98611","POS_Y_CENTRALE":"4937918.60043","TIPO_ADSL":"ADSL_M","DESCRIZIONE_TIPO_ADSL":"ADSL Mini","DISTANZA_CALCOLATA":"2151.5","CLASSE_DISTANZA":"2100-2499","POTENZA_SEGNALE":"0.64","POPOLAZIONE_SEZIONE": "2"}
			},
		 		{ "type" : "Feature",
				"geometry" : {
					"type" : "Point",
					"coordinates" : [7.23748,44.58261]},
			"properties" : { "ANNO":"2010","ID_SEZIONE":"16606","ISTAT_COMUNE_SEZ":"4205","COMUNE_SEZ":"SAMPEYRE","PROVINCIA":"CN","ID_CENTRALE":"1263","NOME_CENTRALE":"SAMPEYRE","ISTAT_COMUNE_CENTR":"4205","COMUNE_CENTR":"SAMPEYRE","PROVINCIA_CENTR":"CN","INDIRIZZO_CENTRALE":"CAVOUR 41","LATITUDINE_SEZIONE":"44.58261","LONGITUDINE_SEZIONE":"7.23748","POS_X_SEZIONE":"360081.17789","POS_Y_SEZIONE":"4938095.69228","LATITUDINE_CENTRALE":"44.58012","LONGITUDINE_CENTRALE":"7.18093","POS_X_CENTRALE":"355585.98611","POS_Y_CENTRALE":"4937918.60043","TIPO_ADSL":"ADSL_M","DESCRIZIONE_TIPO_ADSL":"ADSL Mini","DISTANZA_CALCOLATA":"4498.68","CLASSE_DISTANZA":"4100-4499","POTENZA_SEGNALE":"0.00","POPOLAZIONE_SEZIONE": ""}
			},
		 		{ "type" : "Feature",
				"geometry" : {
					"type" : "Point",
					"coordinates" : [7.16929,44.58208]},
			"properties" : { "ANNO":"2010","ID_SEZIONE":"16608","ISTAT_COMUNE_SEZ":"4205","COMUNE_SEZ":"SAMPEYRE","PROVINCIA":"CN","ID_CENTRALE":"1263","NOME_CENTRALE":"SAMPEYRE","ISTAT_COMUNE_CENTR":"4205","COMUNE_CENTR":"SAMPEYRE","PROVINCIA_CENTR":"CN","INDIRIZZO_CENTRALE":"CAVOUR 41","LATITUDINE_SEZIONE":"44.58208","LONGITUDINE_SEZIONE":"7.16929","POS_X_SEZIONE":"354666.16451","POS_Y_SEZIONE":"4938156.12620","LATITUDINE_CENTRALE":"44.58012","LONGITUDINE_CENTRALE":"7.18093","POS_X_CENTRALE":"355585.98611","POS_Y_CENTRALE":"4937918.60043","TIPO_ADSL":"ADSL_M","DESCRIZIONE_TIPO_ADSL":"ADSL Mini","DISTANZA_CALCOLATA":"949.99","CLASSE_DISTANZA":"900-1299","POTENZA_SEGNALE":"0.64","POPOLAZIONE_SEZIONE": "43"}
			},
		 		{ "type" : "Feature",
				"geometry" : {
					"type" : "Point",
					"coordinates" : [7.23195,44.58021]},
			"properties" : { "ANNO":"2010","ID_SEZIONE":"17062","ISTAT_COMUNE_SEZ":"4205","COMUNE_SEZ":"SAMPEYRE","PROVINCIA":"CN","ID_CENTRALE":"1263","NOME_CENTRALE":"SAMPEYRE","ISTAT_COMUNE_CENTR":"4205","COMUNE_CENTR":"SAMPEYRE","PROVINCIA_CENTR":"CN","INDIRIZZO_CENTRALE":"CAVOUR 41","LATITUDINE_SEZIONE":"44.58021","LONGITUDINE_SEZIONE":"7.23195","POS_X_SEZIONE":"359636.65949","POS_Y_SEZIONE":"4937839.18591","LATITUDINE_CENTRALE":"44.58012","LONGITUDINE_CENTRALE":"7.18093","POS_X_CENTRALE":"355585.98611","POS_Y_CENTRALE":"4937918.60043","TIPO_ADSL":"ADSL_M","DESCRIZIONE_TIPO_ADSL":"ADSL Mini","DISTANZA_CALCOLATA":"4051.45","CLASSE_DISTANZA":"3700-4099","POTENZA_SEGNALE":"0.64","POPOLAZIONE_SEZIONE": "4"}
			},
		 		{ "type" : "Feature",
				"geometry" : {
					"type" : "Point",
					"coordinates" : [7.24244,44.60554]},
			"properties" : { "ANNO":"2010","ID_SEZIONE":"17465","ISTAT_COMUNE_SEZ":"4205","COMUNE_SEZ":"SAMPEYRE","PROVINCIA":"CN","ID_CENTRALE":"1263","NOME_CENTRALE":"SAMPEYRE","ISTAT_COMUNE_CENTR":"4205","COMUNE_CENTR":"SAMPEYRE","PROVINCIA_CENTR":"CN","INDIRIZZO_CENTRALE":"CAVOUR 41","LATITUDINE_SEZIONE":"44.60554","LONGITUDINE_SEZIONE":"7.24244","POS_X_SEZIONE":"360529.69706","POS_Y_SEZIONE":"4940635.21945","LATITUDINE_CENTRALE":"44.58012","LONGITUDINE_CENTRALE":"7.18093","POS_X_CENTRALE":"355585.98611","POS_Y_CENTRALE":"4937918.60043","TIPO_ADSL":"ADSL_M","DESCRIZIONE_TIPO_ADSL":"ADSL Mini","DISTANZA_CALCOLATA":"5640.95","CLASSE_DISTANZA":"5300-5699","POTENZA_SEGNALE":"0.00","POPOLAZIONE_SEZIONE": ""}
			},
		 		{ "type" : "Feature",
				"geometry" : {
					"type" : "Point",
					"coordinates" : [7.20064,44.59883]},
			"properties" : { "ANNO":"2010","ID_SEZIONE":"17467","ISTAT_COMUNE_SEZ":"4205","COMUNE_SEZ":"SAMPEYRE","PROVINCIA":"CN","ID_CENTRALE":"1263","NOME_CENTRALE":"SAMPEYRE","ISTAT_COMUNE_CENTR":"4205","COMUNE_CENTR":"SAMPEYRE","PROVINCIA_CENTR":"CN","INDIRIZZO_CENTRALE":"CAVOUR 41","LATITUDINE_SEZIONE":"44.59883","LONGITUDINE_SEZIONE":"7.20064","POS_X_SEZIONE":"357196.27139","POS_Y_SEZIONE":"4939962.17753","LATITUDINE_CENTRALE":"44.58012","LONGITUDINE_CENTRALE":"7.18093","POS_X_CENTRALE":"355585.98611","POS_Y_CENTRALE":"4937918.60043","TIPO_ADSL":"ADSL_M","DESCRIZIONE_TIPO_ADSL":"ADSL Mini","DISTANZA_CALCOLATA":"2601.77","CLASSE_DISTANZA":"2500-2899","POTENZA_SEGNALE":"0.64","POPOLAZIONE_SEZIONE": ""}
			},
		 		{ "type" : "Feature",
				"geometry" : {
					"type" : "Point",
					"coordinates" : [7.19718,44.58622]},
			"properties" : { "ANNO":"2010","ID_SEZIONE":"17470","ISTAT_COMUNE_SEZ":"4205","COMUNE_SEZ":"SAMPEYRE","PROVINCIA":"CN","ID_CENTRALE":"1263","NOME_CENTRALE":"SAMPEYRE","ISTAT_COMUNE_CENTR":"4205","COMUNE_CENTR":"SAMPEYRE","PROVINCIA_CENTR":"CN","INDIRIZZO_CENTRALE":"CAVOUR 41","LATITUDINE_SEZIONE":"44.58622","LONGITUDINE_SEZIONE":"7.19718","POS_X_SEZIONE":"356890.44765","POS_Y_SEZIONE":"4938566.66009","LATITUDINE_CENTRALE":"44.58012","LONGITUDINE_CENTRALE":"7.18093","POS_X_CENTRALE":"355585.98611","POS_Y_CENTRALE":"4937918.60043","TIPO_ADSL":"ADSL_M","DESCRIZIONE_TIPO_ADSL":"ADSL Mini","DISTANZA_CALCOLATA":"1456.57","CLASSE_DISTANZA":"1300-1699","POTENZA_SEGNALE":"0.64","POPOLAZIONE_SEZIONE": ""}
			},
		 		{ "type" : "Feature",
				"geometry" : {
					"type" : "Point",
					"coordinates" : [7.21487,44.60537]},
			"properties" : { "ANNO":"2010","ID_SEZIONE":"17711","ISTAT_COMUNE_SEZ":"4205","COMUNE_SEZ":"SAMPEYRE","PROVINCIA":"CN","ID_CENTRALE":"1263","NOME_CENTRALE":"SAMPEYRE","ISTAT_COMUNE_CENTR":"4205","COMUNE_CENTR":"SAMPEYRE","PROVINCIA_CENTR":"CN","INDIRIZZO_CENTRALE":"CAVOUR 41","LATITUDINE_SEZIONE":"44.60537","LONGITUDINE_SEZIONE":"7.21487","POS_X_SEZIONE":"358341.86576","POS_Y_SEZIONE":"4940663.19616","LATITUDINE_CENTRALE":"44.58012","LONGITUDINE_CENTRALE":"7.18093","POS_X_CENTRALE":"355585.98611","POS_Y_CENTRALE":"4937918.60043","TIPO_ADSL":"ADSL_M","DESCRIZIONE_TIPO_ADSL":"ADSL Mini","DISTANZA_CALCOLATA":"3889.43","CLASSE_DISTANZA":"3700-4099","POTENZA_SEGNALE":"0.64","POPOLAZIONE_SEZIONE": ""}
			},
		 		{ "type" : "Feature",
				"geometry" : {
					"type" : "Point",
					"coordinates" : [7.14085,44.58499]},
			"properties" : { "ANNO":"2010","ID_SEZIONE":"18674","ISTAT_COMUNE_SEZ":"4205","COMUNE_SEZ":"SAMPEYRE","PROVINCIA":"CN","ID_CENTRALE":"1263","NOME_CENTRALE":"SAMPEYRE","ISTAT_COMUNE_CENTR":"4205","COMUNE_CENTR":"SAMPEYRE","PROVINCIA_CENTR":"CN","INDIRIZZO_CENTRALE":"CAVOUR 41","LATITUDINE_SEZIONE":"44.58499","LONGITUDINE_SEZIONE":"7.14085","POS_X_SEZIONE":"352416.52662","POS_Y_SEZIONE":"4938531.09862","LATITUDINE_CENTRALE":"44.58012","LONGITUDINE_CENTRALE":"7.18093","POS_X_CENTRALE":"355585.98611","POS_Y_CENTRALE":"4937918.60043","TIPO_ADSL":"ADSL_M","DESCRIZIONE_TIPO_ADSL":"ADSL Mini","DISTANZA_CALCOLATA":"3228.1","CLASSE_DISTANZA":"2900-3299","POTENZA_SEGNALE":"0.64","POPOLAZIONE_SEZIONE": "3"}
			},
		 		{ "type" : "Feature",
				"geometry" : {
					"type" : "Point",
					"coordinates" : [7.18340,44.58489]},
			"properties" : { "ANNO":"2010","ID_SEZIONE":"18906","ISTAT_COMUNE_SEZ":"4205","COMUNE_SEZ":"SAMPEYRE","PROVINCIA":"CN","ID_CENTRALE":"1263","NOME_CENTRALE":"SAMPEYRE","ISTAT_COMUNE_CENTR":"4205","COMUNE_CENTR":"SAMPEYRE","PROVINCIA_CENTR":"CN","INDIRIZZO_CENTRALE":"CAVOUR 41","LATITUDINE_SEZIONE":"44.58489","LONGITUDINE_SEZIONE":"7.18340","POS_X_SEZIONE":"355793.61667","POS_Y_SEZIONE":"4938444.14412","LATITUDINE_CENTRALE":"44.58012","LONGITUDINE_CENTRALE":"7.18093","POS_X_CENTRALE":"355585.98611","POS_Y_CENTRALE":"4937918.60043","TIPO_ADSL":"ADSL_M","DESCRIZIONE_TIPO_ADSL":"ADSL Mini","DISTANZA_CALCOLATA":"565.07","CLASSE_DISTANZA":"500-899","POTENZA_SEGNALE":"0.64","POPOLAZIONE_SEZIONE": "3"}
			},
		 		{ "type" : "Feature",
				"geometry" : {
					"type" : "Point",
					"coordinates" : [7.15535,44.54908]},
			"properties" : { "ANNO":"2010","ID_SEZIONE":"18911","ISTAT_COMUNE_SEZ":"4205","COMUNE_SEZ":"SAMPEYRE","PROVINCIA":"CN","ID_CENTRALE":"1263","NOME_CENTRALE":"SAMPEYRE","ISTAT_COMUNE_CENTR":"4205","COMUNE_CENTR":"SAMPEYRE","PROVINCIA_CENTR":"CN","INDIRIZZO_CENTRALE":"CAVOUR 41","LATITUDINE_SEZIONE":"44.54908","LONGITUDINE_SEZIONE":"7.15535","POS_X_SEZIONE":"353477.22371","POS_Y_SEZIONE":"4934515.58297","LATITUDINE_CENTRALE":"44.58012","LONGITUDINE_CENTRALE":"7.18093","POS_X_CENTRALE":"355585.98611","POS_Y_CENTRALE":"4937918.60043","TIPO_ADSL":"ADSL_M","DESCRIZIONE_TIPO_ADSL":"ADSL Mini","DISTANZA_CALCOLATA":"4003.42","CLASSE_DISTANZA":"3700-4099","POTENZA_SEGNALE":"0.64","POPOLAZIONE_SEZIONE": ""}
			},
		 		{ "type" : "Feature",
				"geometry" : {
					"type" : "Point",
					"coordinates" : [7.20317,44.58874]},
			"properties" : { "ANNO":"2010","ID_SEZIONE":"19123","ISTAT_COMUNE_SEZ":"4205","COMUNE_SEZ":"SAMPEYRE","PROVINCIA":"CN","ID_CENTRALE":"1263","NOME_CENTRALE":"SAMPEYRE","ISTAT_COMUNE_CENTR":"4205","COMUNE_CENTR":"SAMPEYRE","PROVINCIA_CENTR":"CN","INDIRIZZO_CENTRALE":"CAVOUR 41","LATITUDINE_SEZIONE":"44.58874","LONGITUDINE_SEZIONE":"7.20317","POS_X_SEZIONE":"357372.40759","POS_Y_SEZIONE":"4938836.66892","LATITUDINE_CENTRALE":"44.58012","LONGITUDINE_CENTRALE":"7.18093","POS_X_CENTRALE":"355585.98611","POS_Y_CENTRALE":"4937918.60043","TIPO_ADSL":"ADSL_M","DESCRIZIONE_TIPO_ADSL":"ADSL Mini","DISTANZA_CALCOLATA":"2008.52","CLASSE_DISTANZA":"1700-2099","POTENZA_SEGNALE":"0.64","POPOLAZIONE_SEZIONE": "26"}
			},
		 		{ "type" : "Feature",
				"geometry" : {
					"type" : "Point",
					"coordinates" : [7.23100,44.57806]},
			"properties" : { "ANNO":"2010","ID_SEZIONE":"19519","ISTAT_COMUNE_SEZ":"4205","COMUNE_SEZ":"SAMPEYRE","PROVINCIA":"CN","ID_CENTRALE":"1263","NOME_CENTRALE":"SAMPEYRE","ISTAT_COMUNE_CENTR":"4205","COMUNE_CENTR":"SAMPEYRE","PROVINCIA_CENTR":"CN","INDIRIZZO_CENTRALE":"CAVOUR 41","LATITUDINE_SEZIONE":"44.57806","LONGITUDINE_SEZIONE":"7.23100","POS_X_SEZIONE":"359555.53924","POS_Y_SEZIONE":"4937602.18367","LATITUDINE_CENTRALE":"44.58012","LONGITUDINE_CENTRALE":"7.18093","POS_X_CENTRALE":"355585.98611","POS_Y_CENTRALE":"4937918.60043","TIPO_ADSL":"ADSL_M","DESCRIZIONE_TIPO_ADSL":"ADSL Mini","DISTANZA_CALCOLATA":"3982.14","CLASSE_DISTANZA":"3700-4099","POTENZA_SEGNALE":"0.64","POPOLAZIONE_SEZIONE": "6"}
			},
		 		{ "type" : "Feature",
				"geometry" : {
					"type" : "Point",
					"coordinates" : [7.24422,44.61640]},
			"properties" : { "ANNO":"2010","ID_SEZIONE":"19716","ISTAT_COMUNE_SEZ":"4205","COMUNE_SEZ":"SAMPEYRE","PROVINCIA":"CN","ID_CENTRALE":"1263","NOME_CENTRALE":"SAMPEYRE","ISTAT_COMUNE_CENTR":"4205","COMUNE_CENTR":"SAMPEYRE","PROVINCIA_CENTR":"CN","INDIRIZZO_CENTRALE":"CAVOUR 41","LATITUDINE_SEZIONE":"44.61640","LONGITUDINE_SEZIONE":"7.24422","POS_X_SEZIONE":"360697.17687","POS_Y_SEZIONE":"4941838.23104","LATITUDINE_CENTRALE":"44.58012","LONGITUDINE_CENTRALE":"7.18093","POS_X_CENTRALE":"355585.98611","POS_Y_CENTRALE":"4937918.60043","TIPO_ADSL":"ADSL_M","DESCRIZIONE_TIPO_ADSL":"ADSL Mini","DISTANZA_CALCOLATA":"6441.1","CLASSE_DISTANZA":"6100 e oltre","POTENZA_SEGNALE":"0.00","POPOLAZIONE_SEZIONE": ""}
			},
		 		{ "type" : "Feature",
				"geometry" : {
					"type" : "Point",
					"coordinates" : [7.23476,44.55707]},
			"properties" : { "ANNO":"2010","ID_SEZIONE":"19719","ISTAT_COMUNE_SEZ":"4205","COMUNE_SEZ":"SAMPEYRE","PROVINCIA":"CN","ID_CENTRALE":"1263","NOME_CENTRALE":"SAMPEYRE","ISTAT_COMUNE_CENTR":"4205","COMUNE_CENTR":"SAMPEYRE","PROVINCIA_CENTR":"CN","INDIRIZZO_CENTRALE":"CAVOUR 41","LATITUDINE_SEZIONE":"44.55707","LONGITUDINE_SEZIONE":"7.23476","POS_X_SEZIONE":"359803.72612","POS_Y_SEZIONE":"4935264.17049","LATITUDINE_CENTRALE":"44.58012","LONGITUDINE_CENTRALE":"7.18093","POS_X_CENTRALE":"355585.98611","POS_Y_CENTRALE":"4937918.60043","TIPO_ADSL":"ADSL_M","DESCRIZIONE_TIPO_ADSL":"ADSL Mini","DISTANZA_CALCOLATA":"4983.51","CLASSE_DISTANZA":"4900-5299","POTENZA_SEGNALE":"0.00","POPOLAZIONE_SEZIONE": ""}
			},
		 		{ "type" : "Feature",
				"geometry" : {
					"type" : "Point",
					"coordinates" : [7.15742,44.57791]},
			"properties" : { "ANNO":"2010","ID_SEZIONE":"20438","ISTAT_COMUNE_SEZ":"4205","COMUNE_SEZ":"SAMPEYRE","PROVINCIA":"CN","ID_CENTRALE":"1263","NOME_CENTRALE":"SAMPEYRE","ISTAT_COMUNE_CENTR":"4205","COMUNE_CENTR":"SAMPEYRE","PROVINCIA_CENTR":"CN","INDIRIZZO_CENTRALE":"CAVOUR 41","LATITUDINE_SEZIONE":"44.57791","LONGITUDINE_SEZIONE":"7.15742","POS_X_SEZIONE":"353713.55523","POS_Y_SEZIONE":"4937714.61017","LATITUDINE_CENTRALE":"44.58012","LONGITUDINE_CENTRALE":"7.18093","POS_X_CENTRALE":"355585.98611","POS_Y_CENTRALE":"4937918.60043","TIPO_ADSL":"ADSL_M","DESCRIZIONE_TIPO_ADSL":"ADSL Mini","DISTANZA_CALCOLATA":"1883.51","CLASSE_DISTANZA":"1700-2099","POTENZA_SEGNALE":"0.64","POPOLAZIONE_SEZIONE": "4"}
			},
		 		{ "type" : "Feature",
				"geometry" : {
					"type" : "Point",
					"coordinates" : [7.21633,44.59224]},
			"properties" : { "ANNO":"2010","ID_SEZIONE":"20699","ISTAT_COMUNE_SEZ":"4205","COMUNE_SEZ":"SAMPEYRE","PROVINCIA":"CN","ID_CENTRALE":"1263","NOME_CENTRALE":"SAMPEYRE","ISTAT_COMUNE_CENTR":"4205","COMUNE_CENTR":"SAMPEYRE","PROVINCIA_CENTR":"CN","INDIRIZZO_CENTRALE":"CAVOUR 41","LATITUDINE_SEZIONE":"44.59224","LONGITUDINE_SEZIONE":"7.21633","POS_X_SEZIONE":"358425.53885","POS_Y_SEZIONE":"4939202.18419","LATITUDINE_CENTRALE":"44.58012","LONGITUDINE_CENTRALE":"7.18093","POS_X_CENTRALE":"355585.98611","POS_Y_CENTRALE":"4937918.60043","TIPO_ADSL":"ADSL_M","DESCRIZIONE_TIPO_ADSL":"ADSL Mini","DISTANZA_CALCOLATA":"3116.19","CLASSE_DISTANZA":"2900-3299","POTENZA_SEGNALE":"0.64","POPOLAZIONE_SEZIONE": "26"}
			},
		 		{ "type" : "Feature",
				"geometry" : {
					"type" : "Point",
					"coordinates" : [7.20751,44.61218]},
			"properties" : { "ANNO":"2010","ID_SEZIONE":"20921","ISTAT_COMUNE_SEZ":"4205","COMUNE_SEZ":"SAMPEYRE","PROVINCIA":"CN","ID_CENTRALE":"1263","NOME_CENTRALE":"SAMPEYRE","ISTAT_COMUNE_CENTR":"4205","COMUNE_CENTR":"SAMPEYRE","PROVINCIA_CENTR":"CN","INDIRIZZO_CENTRALE":"CAVOUR 41","LATITUDINE_SEZIONE":"44.61218","LONGITUDINE_SEZIONE":"7.20751","POS_X_SEZIONE":"357774.33680","POS_Y_SEZIONE":"4941432.69734","LATITUDINE_CENTRALE":"44.58012","LONGITUDINE_CENTRALE":"7.18093","POS_X_CENTRALE":"355585.98611","POS_Y_CENTRALE":"4937918.60043","TIPO_ADSL":"ADSL_M","DESCRIZIONE_TIPO_ADSL":"ADSL Mini","DISTANZA_CALCOLATA":"4139.78","CLASSE_DISTANZA":"4100-4499","POTENZA_SEGNALE":"0.00","POPOLAZIONE_SEZIONE": ""}
			},
		 		{ "type" : "Feature",
				"geometry" : {
					"type" : "Point",
					"coordinates" : [7.23597,44.59417]},
			"properties" : { "ANNO":"2010","ID_SEZIONE":"22102","ISTAT_COMUNE_SEZ":"4205","COMUNE_SEZ":"SAMPEYRE","PROVINCIA":"CN","ID_CENTRALE":"1263","NOME_CENTRALE":"SAMPEYRE","ISTAT_COMUNE_CENTR":"4205","COMUNE_CENTR":"SAMPEYRE","PROVINCIA_CENTR":"CN","INDIRIZZO_CENTRALE":"CAVOUR 41","LATITUDINE_SEZIONE":"44.59417","LONGITUDINE_SEZIONE":"7.23597","POS_X_SEZIONE":"359989.44439","POS_Y_SEZIONE":"4939382.70259","LATITUDINE_CENTRALE":"44.58012","LONGITUDINE_CENTRALE":"7.18093","POS_X_CENTRALE":"355585.98611","POS_Y_CENTRALE":"4937918.60043","TIPO_ADSL":"ADSL_M","DESCRIZIONE_TIPO_ADSL":"ADSL Mini","DISTANZA_CALCOLATA":"4640.48","CLASSE_DISTANZA":"4500-4899","POTENZA_SEGNALE":"0.00","POPOLAZIONE_SEZIONE": "12"}
			},
		 		{ "type" : "Feature",
				"geometry" : {
					"type" : "Point",
					"coordinates" : [7.22052,44.57688]},
			"properties" : { "ANNO":"2010","ID_SEZIONE":"22105","ISTAT_COMUNE_SEZ":"4205","COMUNE_SEZ":"SAMPEYRE","PROVINCIA":"CN","ID_CENTRALE":"1263","NOME_CENTRALE":"SAMPEYRE","ISTAT_COMUNE_CENTR":"4205","COMUNE_CENTR":"SAMPEYRE","PROVINCIA_CENTR":"CN","INDIRIZZO_CENTRALE":"CAVOUR 41","LATITUDINE_SEZIONE":"44.57688","LONGITUDINE_SEZIONE":"7.22052","POS_X_SEZIONE":"358720.74423","POS_Y_SEZIONE":"4937489.17350","LATITUDINE_CENTRALE":"44.58012","LONGITUDINE_CENTRALE":"7.18093","POS_X_CENTRALE":"355585.98611","POS_Y_CENTRALE":"4937918.60043","TIPO_ADSL":"ADSL_M","DESCRIZIONE_TIPO_ADSL":"ADSL Mini","DISTANZA_CALCOLATA":"3164.03","CLASSE_DISTANZA":"2900-3299","POTENZA_SEGNALE":"0.64","POPOLAZIONE_SEZIONE": "5"}
			},
		 		{ "type" : "Feature",
				"geometry" : {
					"type" : "Point",
					"coordinates" : [7.17080,44.56574]},
			"properties" : { "ANNO":"2010","ID_SEZIONE":"22107","ISTAT_COMUNE_SEZ":"4205","COMUNE_SEZ":"SAMPEYRE","PROVINCIA":"CN","ID_CENTRALE":"1263","NOME_CENTRALE":"SAMPEYRE","ISTAT_COMUNE_CENTR":"4205","COMUNE_CENTR":"SAMPEYRE","PROVINCIA_CENTR":"CN","INDIRIZZO_CENTRALE":"CAVOUR 41","LATITUDINE_SEZIONE":"44.56574","LONGITUDINE_SEZIONE":"7.17080","POS_X_SEZIONE":"354745.84349","POS_Y_SEZIONE":"4936339.11398","LATITUDINE_CENTRALE":"44.58012","LONGITUDINE_CENTRALE":"7.18093","POS_X_CENTRALE":"355585.98611","POS_Y_CENTRALE":"4937918.60043","TIPO_ADSL":"ADSL_M","DESCRIZIONE_TIPO_ADSL":"ADSL Mini","DISTANZA_CALCOLATA":"1789.03","CLASSE_DISTANZA":"1700-2099","POTENZA_SEGNALE":"0.64","POPOLAZIONE_SEZIONE": "3"}
			},
		 		{ "type" : "Feature",
				"geometry" : {
					"type" : "Point",
					"coordinates" : [7.24326,44.59885]},
			"properties" : { "ANNO":"2010","ID_SEZIONE":"22921","ISTAT_COMUNE_SEZ":"4205","COMUNE_SEZ":"SAMPEYRE","PROVINCIA":"CN","ID_CENTRALE":"1263","NOME_CENTRALE":"SAMPEYRE","ISTAT_COMUNE_CENTR":"4205","COMUNE_CENTR":"SAMPEYRE","PROVINCIA_CENTR":"CN","INDIRIZZO_CENTRALE":"CAVOUR 41","LATITUDINE_SEZIONE":"44.59885","LONGITUDINE_SEZIONE":"7.24326","POS_X_SEZIONE":"360578.70672","POS_Y_SEZIONE":"4939890.21337","LATITUDINE_CENTRALE":"44.58012","LONGITUDINE_CENTRALE":"7.18093","POS_X_CENTRALE":"355585.98611","POS_Y_CENTRALE":"4937918.60043","TIPO_ADSL":"ADSL_M","DESCRIZIONE_TIPO_ADSL":"ADSL Mini","DISTANZA_CALCOLATA":"5367.92","CLASSE_DISTANZA":"5300-5699","POTENZA_SEGNALE":"0.00","POPOLAZIONE_SEZIONE": "4"}
			},
		 		{ "type" : "Feature",
				"geometry" : {
					"type" : "Point",
					"coordinates" : [7.19702,44.58903]},
			"properties" : { "ANNO":"2010","ID_SEZIONE":"22922","ISTAT_COMUNE_SEZ":"4205","COMUNE_SEZ":"SAMPEYRE","PROVINCIA":"CN","ID_CENTRALE":"1263","NOME_CENTRALE":"SAMPEYRE","ISTAT_COMUNE_CENTR":"4205","COMUNE_CENTR":"SAMPEYRE","PROVINCIA_CENTR":"CN","INDIRIZZO_CENTRALE":"CAVOUR 41","LATITUDINE_SEZIONE":"44.58903","LONGITUDINE_SEZIONE":"7.19702","POS_X_SEZIONE":"356884.88221","POS_Y_SEZIONE":"4938879.66310","LATITUDINE_CENTRALE":"44.58012","LONGITUDINE_CENTRALE":"7.18093","POS_X_CENTRALE":"355585.98611","POS_Y_CENTRALE":"4937918.60043","TIPO_ADSL":"ADSL_M","DESCRIZIONE_TIPO_ADSL":"ADSL Mini","DISTANZA_CALCOLATA":"1615.79","CLASSE_DISTANZA":"1300-1699","POTENZA_SEGNALE":"0.64","POPOLAZIONE_SEZIONE": "3"}
			},
		 		{ "type" : "Feature",
				"geometry" : {
					"type" : "Point",
					"coordinates" : [7.18218,44.57986]},
			"properties" : { "ANNO":"2010","ID_SEZIONE":"22923","ISTAT_COMUNE_SEZ":"4205","COMUNE_SEZ":"SAMPEYRE","PROVINCIA":"CN","ID_CENTRALE":"1263","NOME_CENTRALE":"SAMPEYRE","ISTAT_COMUNE_CENTR":"4205","COMUNE_CENTR":"SAMPEYRE","PROVINCIA_CENTR":"CN","INDIRIZZO_CENTRALE":"CAVOUR 41","LATITUDINE_SEZIONE":"44.57986","LONGITUDINE_SEZIONE":"7.18218","POS_X_SEZIONE":"355683.96931","POS_Y_SEZIONE":"4937886.63807","LATITUDINE_CENTRALE":"44.58012","LONGITUDINE_CENTRALE":"7.18093","POS_X_CENTRALE":"355585.98611","POS_Y_CENTRALE":"4937918.60043","TIPO_ADSL":"ADSL_M","DESCRIZIONE_TIPO_ADSL":"ADSL Mini","DISTANZA_CALCOLATA":"103.06","CLASSE_DISTANZA":"100-499","POTENZA_SEGNALE":"0.64","POPOLAZIONE_SEZIONE": "148"}
			},
		 		{ "type" : "Feature",
				"geometry" : {
					"type" : "Point",
					"coordinates" : [7.17068,44.58762]},
			"properties" : { "ANNO":"2010","ID_SEZIONE":"24802","ISTAT_COMUNE_SEZ":"4205","COMUNE_SEZ":"SAMPEYRE","PROVINCIA":"CN","ID_CENTRALE":"1263","NOME_CENTRALE":"SAMPEYRE","ISTAT_COMUNE_CENTR":"4205","COMUNE_CENTR":"SAMPEYRE","PROVINCIA_CENTR":"CN","INDIRIZZO_CENTRALE":"CAVOUR 41","LATITUDINE_SEZIONE":"44.58762","LONGITUDINE_SEZIONE":"7.17068","POS_X_SEZIONE":"354790.49859","POS_Y_SEZIONE":"4938769.63379","LATITUDINE_CENTRALE":"44.58012","LONGITUDINE_CENTRALE":"7.18093","POS_X_CENTRALE":"355585.98611","POS_Y_CENTRALE":"4937918.60043","TIPO_ADSL":"ADSL_M","DESCRIZIONE_TIPO_ADSL":"ADSL Mini","DISTANZA_CALCOLATA":"1164.93","CLASSE_DISTANZA":"900-1299","POTENZA_SEGNALE":"0.64","POPOLAZIONE_SEZIONE": "4"}
			},
		 		{ "type" : "Feature",
				"geometry" : {
					"type" : "Point",
					"coordinates" : [7.23556,44.57495]},
			"properties" : { "ANNO":"2010","ID_SEZIONE":"24804","ISTAT_COMUNE_SEZ":"4205","COMUNE_SEZ":"SAMPEYRE","PROVINCIA":"CN","ID_CENTRALE":"1263","NOME_CENTRALE":"SAMPEYRE","ISTAT_COMUNE_CENTR":"4205","COMUNE_CENTR":"SAMPEYRE","PROVINCIA_CENTR":"CN","INDIRIZZO_CENTRALE":"CAVOUR 41","LATITUDINE_SEZIONE":"44.57495","LONGITUDINE_SEZIONE":"7.23556","POS_X_SEZIONE":"359910.66346","POS_Y_SEZIONE":"4937248.18534","LATITUDINE_CENTRALE":"44.58012","LONGITUDINE_CENTRALE":"7.18093","POS_X_CENTRALE":"355585.98611","POS_Y_CENTRALE":"4937918.60043","TIPO_ADSL":"ADSL_M","DESCRIZIONE_TIPO_ADSL":"ADSL Mini","DISTANZA_CALCOLATA":"4376.33","CLASSE_DISTANZA":"4100-4499","POTENZA_SEGNALE":"0.00","POPOLAZIONE_SEZIONE": "11"}
			},
		 		{ "type" : "Feature",
				"geometry" : {
					"type" : "Point",
					"coordinates" : [7.16785,44.57990]},
			"properties" : { "ANNO":"2010","ID_SEZIONE":"25285","ISTAT_COMUNE_SEZ":"4205","COMUNE_SEZ":"SAMPEYRE","PROVINCIA":"CN","ID_CENTRALE":"1263","NOME_CENTRALE":"SAMPEYRE","ISTAT_COMUNE_CENTR":"4205","COMUNE_CENTR":"SAMPEYRE","PROVINCIA_CENTR":"CN","INDIRIZZO_CENTRALE":"CAVOUR 41","LATITUDINE_SEZIONE":"44.57990","LONGITUDINE_SEZIONE":"7.16785","POS_X_SEZIONE":"354546.79376","POS_Y_SEZIONE":"4937916.62284","LATITUDINE_CENTRALE":"44.58012","LONGITUDINE_CENTRALE":"7.18093","POS_X_CENTRALE":"355585.98611","POS_Y_CENTRALE":"4937918.60043","TIPO_ADSL":"ADSL_M","DESCRIZIONE_TIPO_ADSL":"ADSL Mini","DISTANZA_CALCOLATA":"1039.19","CLASSE_DISTANZA":"900-1299","POTENZA_SEGNALE":"0.64","POPOLAZIONE_SEZIONE": "14"}
			},
		 		{ "type" : "Feature",
				"geometry" : {
					"type" : "Point",
					"coordinates" : [7.18891,44.57927]},
			"properties" : { "ANNO":"2010","ID_SEZIONE":"25903","ISTAT_COMUNE_SEZ":"4205","COMUNE_SEZ":"SAMPEYRE","PROVINCIA":"CN","ID_CENTRALE":"1263","NOME_CENTRALE":"SAMPEYRE","ISTAT_COMUNE_CENTR":"4205","COMUNE_CENTR":"SAMPEYRE","PROVINCIA_CENTR":"CN","INDIRIZZO_CENTRALE":"CAVOUR 41","LATITUDINE_SEZIONE":"44.57927","LONGITUDINE_SEZIONE":"7.18891","POS_X_SEZIONE":"356217.52758","POS_Y_SEZIONE":"4937809.64505","LATITUDINE_CENTRALE":"44.58012","LONGITUDINE_CENTRALE":"7.18093","POS_X_CENTRALE":"355585.98611","POS_Y_CENTRALE":"4937918.60043","TIPO_ADSL":"ADSL_M","DESCRIZIONE_TIPO_ADSL":"ADSL Mini","DISTANZA_CALCOLATA":"640.87","CLASSE_DISTANZA":"500-899","POTENZA_SEGNALE":"0.64","POPOLAZIONE_SEZIONE": "267"}
			},
		 		{ "type" : "Feature",
				"geometry" : {
					"type" : "Point",
					"coordinates" : [7.23289,44.58839]},
			"properties" : { "ANNO":"2010","ID_SEZIONE":"26295","ISTAT_COMUNE_SEZ":"4205","COMUNE_SEZ":"SAMPEYRE","PROVINCIA":"CN","ID_CENTRALE":"1263","NOME_CENTRALE":"SAMPEYRE","ISTAT_COMUNE_CENTR":"4205","COMUNE_CENTR":"SAMPEYRE","PROVINCIA_CENTR":"CN","INDIRIZZO_CENTRALE":"CAVOUR 41","LATITUDINE_SEZIONE":"44.58839","LONGITUDINE_SEZIONE":"7.23289","POS_X_SEZIONE":"359730.61354","POS_Y_SEZIONE":"4938746.19443","LATITUDINE_CENTRALE":"44.58012","LONGITUDINE_CENTRALE":"7.18093","POS_X_CENTRALE":"355585.98611","POS_Y_CENTRALE":"4937918.60043","TIPO_ADSL":"ADSL_M","DESCRIZIONE_TIPO_ADSL":"ADSL Mini","DISTANZA_CALCOLATA":"4226.45","CLASSE_DISTANZA":"4100-4499","POTENZA_SEGNALE":"0.00","POPOLAZIONE_SEZIONE": "1"}
			},
		 		{ "type" : "Feature",
				"geometry" : {
					"type" : "Point",
					"coordinates" : [7.22823,44.60809]},
			"properties" : { "ANNO":"2010","ID_SEZIONE":"27166","ISTAT_COMUNE_SEZ":"4205","COMUNE_SEZ":"SAMPEYRE","PROVINCIA":"CN","ID_CENTRALE":"1263","NOME_CENTRALE":"SAMPEYRE","ISTAT_COMUNE_CENTR":"4205","COMUNE_CENTR":"SAMPEYRE","PROVINCIA_CENTR":"CN","INDIRIZZO_CENTRALE":"CAVOUR 41","LATITUDINE_SEZIONE":"44.60809","LONGITUDINE_SEZIONE":"7.22823","POS_X_SEZIONE":"359408.68484","POS_Y_SEZIONE":"4940942.21005","LATITUDINE_CENTRALE":"44.58012","LONGITUDINE_CENTRALE":"7.18093","POS_X_CENTRALE":"355585.98611","POS_Y_CENTRALE":"4937918.60043","TIPO_ADSL":"ADSL_M","DESCRIZIONE_TIPO_ADSL":"ADSL Mini","DISTANZA_CALCOLATA":"4873.93","CLASSE_DISTANZA":"4500-4899","POTENZA_SEGNALE":"0.00","POPOLAZIONE_SEZIONE": ""}
			},
		 		{ "type" : "Feature",
				"geometry" : {
					"type" : "Point",
					"coordinates" : [7.12828,44.59898]},
			"properties" : { "ANNO":"2010","ID_SEZIONE":"27168","ISTAT_COMUNE_SEZ":"4205","COMUNE_SEZ":"SAMPEYRE","PROVINCIA":"CN","ID_CENTRALE":"1263","NOME_CENTRALE":"SAMPEYRE","ISTAT_COMUNE_CENTR":"4205","COMUNE_CENTR":"SAMPEYRE","PROVINCIA_CENTR":"CN","INDIRIZZO_CENTRALE":"CAVOUR 41","LATITUDINE_SEZIONE":"44.59898","LONGITUDINE_SEZIONE":"7.12828","POS_X_SEZIONE":"351453.70960","POS_Y_SEZIONE":"4940108.10214","LATITUDINE_CENTRALE":"44.58012","LONGITUDINE_CENTRALE":"7.18093","POS_X_CENTRALE":"355585.98611","POS_Y_CENTRALE":"4937918.60043","TIPO_ADSL":"ADSL_M","DESCRIZIONE_TIPO_ADSL":"ADSL Mini","DISTANZA_CALCOLATA":"4676.5","CLASSE_DISTANZA":"4500-4899","POTENZA_SEGNALE":"0.00","POPOLAZIONE_SEZIONE": ""}
			},
		 		{ "type" : "Feature",
				"geometry" : {
					"type" : "Point",
					"coordinates" : [7.20570,44.57565]},
			"properties" : { "ANNO":"2010","ID_SEZIONE":"27170","ISTAT_COMUNE_SEZ":"4205","COMUNE_SEZ":"SAMPEYRE","PROVINCIA":"CN","ID_CENTRALE":"1263","NOME_CENTRALE":"SAMPEYRE","ISTAT_COMUNE_CENTR":"4205","COMUNE_CENTR":"SAMPEYRE","PROVINCIA_CENTR":"CN","INDIRIZZO_CENTRALE":"CAVOUR 41","LATITUDINE_SEZIONE":"44.57565","LONGITUDINE_SEZIONE":"7.20570","POS_X_SEZIONE":"357541.29898","POS_Y_SEZIONE":"4937378.15910","LATITUDINE_CENTRALE":"44.58012","LONGITUDINE_CENTRALE":"7.18093","POS_X_CENTRALE":"355585.98611","POS_Y_CENTRALE":"4937918.60043","TIPO_ADSL":"ADSL_M","DESCRIZIONE_TIPO_ADSL":"ADSL Mini","DISTANZA_CALCOLATA":"2028.63","CLASSE_DISTANZA":"1700-2099","POTENZA_SEGNALE":"0.64","POPOLAZIONE_SEZIONE": "10"}
			},
		 		{ "type" : "Feature",
				"geometry" : {
					"type" : "Point",
					"coordinates" : [7.16888,44.60500]},
			"properties" : { "ANNO":"2010","ID_SEZIONE":"27793","ISTAT_COMUNE_SEZ":"4205","COMUNE_SEZ":"SAMPEYRE","PROVINCIA":"CN","ID_CENTRALE":"1263","NOME_CENTRALE":"SAMPEYRE","ISTAT_COMUNE_CENTR":"4205","COMUNE_CENTR":"SAMPEYRE","PROVINCIA_CENTR":"CN","INDIRIZZO_CENTRALE":"CAVOUR 41","LATITUDINE_SEZIONE":"44.60500","LONGITUDINE_SEZIONE":"7.16888","POS_X_SEZIONE":"354691.38563","POS_Y_SEZIONE":"4940703.15161","LATITUDINE_CENTRALE":"44.58012","LONGITUDINE_CENTRALE":"7.18093","POS_X_CENTRALE":"355585.98611","POS_Y_CENTRALE":"4937918.60043","TIPO_ADSL":"ADSL_M","DESCRIZIONE_TIPO_ADSL":"ADSL Mini","DISTANZA_CALCOLATA":"2924.73","CLASSE_DISTANZA":"2900-3299","POTENZA_SEGNALE":"0.64","POPOLAZIONE_SEZIONE": ""}
			},
		 		{ "type" : "Feature",
				"geometry" : {
					"type" : "Point",
					"coordinates" : [7.26497,44.60222]},
			"properties" : { "ANNO":"2010","ID_SEZIONE":"29261","ISTAT_COMUNE_SEZ":"4205","COMUNE_SEZ":"SAMPEYRE","PROVINCIA":"CN","ID_CENTRALE":"1263","NOME_CENTRALE":"SAMPEYRE","ISTAT_COMUNE_CENTR":"4205","COMUNE_CENTR":"SAMPEYRE","PROVINCIA_CENTR":"CN","INDIRIZZO_CENTRALE":"CAVOUR 41","LATITUDINE_SEZIONE":"44.60222","LONGITUDINE_SEZIONE":"7.26497","POS_X_SEZIONE":"362309.85450","POS_Y_SEZIONE":"4940227.73452","LATITUDINE_CENTRALE":"44.58012","LONGITUDINE_CENTRALE":"7.18093","POS_X_CENTRALE":"355585.98611","POS_Y_CENTRALE":"4937918.60043","TIPO_ADSL":"ADSL_M","DESCRIZIONE_TIPO_ADSL":"ADSL Mini","DISTANZA_CALCOLATA":"7109.33","CLASSE_DISTANZA":"6100 e oltre","POTENZA_SEGNALE":"0.00","POPOLAZIONE_SEZIONE": "3"}
			},
		 		{ "type" : "Feature",
				"geometry" : {
					"type" : "Point",
					"coordinates" : [7.22661,44.59559]},
			"properties" : { "ANNO":"2010","ID_SEZIONE":"29845","ISTAT_COMUNE_SEZ":"4205","COMUNE_SEZ":"SAMPEYRE","PROVINCIA":"CN","ID_CENTRALE":"1263","NOME_CENTRALE":"SAMPEYRE","ISTAT_COMUNE_CENTR":"4205","COMUNE_CENTR":"SAMPEYRE","PROVINCIA_CENTR":"CN","INDIRIZZO_CENTRALE":"CAVOUR 41","LATITUDINE_SEZIONE":"44.59559","LONGITUDINE_SEZIONE":"7.22661","POS_X_SEZIONE":"359249.26800","POS_Y_SEZIONE":"4939556.69606","LATITUDINE_CENTRALE":"44.58012","LONGITUDINE_CENTRALE":"7.18093","POS_X_CENTRALE":"355585.98611","POS_Y_CENTRALE":"4937918.60043","TIPO_ADSL":"ADSL_M","DESCRIZIONE_TIPO_ADSL":"ADSL Mini","DISTANZA_CALCOLATA":"4012.85","CLASSE_DISTANZA":"3700-4099","POTENZA_SEGNALE":"0.64","POPOLAZIONE_SEZIONE": ""}
			},
		 		{ "type" : "Feature",
				"geometry" : {
					"type" : "Point",
					"coordinates" : [7.17068,44.57883]},
			"properties" : { "ANNO":"2010","ID_SEZIONE":"30449","ISTAT_COMUNE_SEZ":"4205","COMUNE_SEZ":"SAMPEYRE","PROVINCIA":"CN","ID_CENTRALE":"1263","NOME_CENTRALE":"SAMPEYRE","ISTAT_COMUNE_CENTR":"4205","COMUNE_CENTR":"SAMPEYRE","PROVINCIA_CENTR":"CN","INDIRIZZO_CENTRALE":"CAVOUR 41","LATITUDINE_SEZIONE":"44.57883","LONGITUDINE_SEZIONE":"7.17068","POS_X_SEZIONE":"354768.44931","POS_Y_SEZIONE":"4937792.62515","LATITUDINE_CENTRALE":"44.58012","LONGITUDINE_CENTRALE":"7.18093","POS_X_CENTRALE":"355585.98611","POS_Y_CENTRALE":"4937918.60043","TIPO_ADSL":"ADSL_M","DESCRIZIONE_TIPO_ADSL":"ADSL Mini","DISTANZA_CALCOLATA":"827.19","CLASSE_DISTANZA":"500-899","POTENZA_SEGNALE":"0.64","POPOLAZIONE_SEZIONE": "16"}
			},
		 		{ "type" : "Feature",
				"geometry" : {
					"type" : "Point",
					"coordinates" : [7.26830,44.60695]},
			"properties" : { "ANNO":"2010","ID_SEZIONE":"30503","ISTAT_COMUNE_SEZ":"4205","COMUNE_SEZ":"SAMPEYRE","PROVINCIA":"CN","ID_CENTRALE":"1263","NOME_CENTRALE":"SAMPEYRE","ISTAT_COMUNE_CENTR":"4205","COMUNE_CENTR":"SAMPEYRE","PROVINCIA_CENTR":"CN","INDIRIZZO_CENTRALE":"CAVOUR 41","LATITUDINE_SEZIONE":"44.60695","LONGITUDINE_SEZIONE":"7.26830","POS_X_SEZIONE":"362584.93521","POS_Y_SEZIONE":"4940747.74169","LATITUDINE_CENTRALE":"44.58012","LONGITUDINE_CENTRALE":"7.18093","POS_X_CENTRALE":"355585.98611","POS_Y_CENTRALE":"4937918.60043","TIPO_ADSL":"ADSL_M","DESCRIZIONE_TIPO_ADSL":"ADSL Mini","DISTANZA_CALCOLATA":"7549.13","CLASSE_DISTANZA":"6100 e oltre","POTENZA_SEGNALE":"0.00","POPOLAZIONE_SEZIONE": "9"}
			},
		 		{ "type" : "Feature",
				"geometry" : {
					"type" : "Point",
					"coordinates" : [7.15882,44.56627]},
			"properties" : { "ANNO":"2010","ID_SEZIONE":"30505","ISTAT_COMUNE_SEZ":"4205","COMUNE_SEZ":"SAMPEYRE","PROVINCIA":"CN","ID_CENTRALE":"1263","NOME_CENTRALE":"SAMPEYRE","ISTAT_COMUNE_CENTR":"4205","COMUNE_CENTR":"SAMPEYRE","PROVINCIA_CENTR":"CN","INDIRIZZO_CENTRALE":"CAVOUR 41","LATITUDINE_SEZIONE":"44.56627","LONGITUDINE_SEZIONE":"7.15882","POS_X_SEZIONE":"353796.07120","POS_Y_SEZIONE":"4936418.60146","LATITUDINE_CENTRALE":"44.58012","LONGITUDINE_CENTRALE":"7.18093","POS_X_CENTRALE":"355585.98611","POS_Y_CENTRALE":"4937918.60043","TIPO_ADSL":"ADSL_M","DESCRIZIONE_TIPO_ADSL":"ADSL Mini","DISTANZA_CALCOLATA":"2335.34","CLASSE_DISTANZA":"2100-2499","POTENZA_SEGNALE":"0.64","POPOLAZIONE_SEZIONE": ""}
			},
		 		{ "type" : "Feature",
				"geometry" : {
					"type" : "Point",
					"coordinates" : [7.26704,44.61491]},
			"properties" : { "ANNO":"2010","ID_SEZIONE":"31079","ISTAT_COMUNE_SEZ":"4205","COMUNE_SEZ":"SAMPEYRE","PROVINCIA":"CN","ID_CENTRALE":"1263","NOME_CENTRALE":"SAMPEYRE","ISTAT_COMUNE_CENTR":"4205","COMUNE_CENTR":"SAMPEYRE","PROVINCIA_CENTR":"CN","INDIRIZZO_CENTRALE":"CAVOUR 41","LATITUDINE_SEZIONE":"44.61491","LONGITUDINE_SEZIONE":"7.26704","POS_X_SEZIONE":"362504.26705","POS_Y_SEZIONE":"4941634.24819","LATITUDINE_CENTRALE":"44.58012","LONGITUDINE_CENTRALE":"7.18093","POS_X_CENTRALE":"355585.98611","POS_Y_CENTRALE":"4937918.60043","TIPO_ADSL":"ADSL_M","DESCRIZIONE_TIPO_ADSL":"ADSL Mini","DISTANZA_CALCOLATA":"7852.94","CLASSE_DISTANZA":"6100 e oltre","POTENZA_SEGNALE":"0.00","POPOLAZIONE_SEZIONE": "2"}
			},
		 		{ "type" : "Feature",
				"geometry" : {
					"type" : "Point",
					"coordinates" : [7.16156,44.59782]},
			"properties" : { "ANNO":"2010","ID_SEZIONE":"31082","ISTAT_COMUNE_SEZ":"4205","COMUNE_SEZ":"SAMPEYRE","PROVINCIA":"CN","ID_CENTRALE":"1263","NOME_CENTRALE":"SAMPEYRE","ISTAT_COMUNE_CENTR":"4205","COMUNE_CENTR":"SAMPEYRE","PROVINCIA_CENTR":"CN","INDIRIZZO_CENTRALE":"CAVOUR 41","LATITUDINE_SEZIONE":"44.59782","LONGITUDINE_SEZIONE":"7.16156","POS_X_SEZIONE":"354092.33795","POS_Y_SEZIONE":"4939918.63552","LATITUDINE_CENTRALE":"44.58012","LONGITUDINE_CENTRALE":"7.18093","POS_X_CENTRALE":"355585.98611","POS_Y_CENTRALE":"4937918.60043","TIPO_ADSL":"ADSL_M","DESCRIZIONE_TIPO_ADSL":"ADSL Mini","DISTANZA_CALCOLATA":"2496.22","CLASSE_DISTANZA":"2100-2499","POTENZA_SEGNALE":"0.64","POPOLAZIONE_SEZIONE": ""}
			},
		 		{ "type" : "Feature",
				"geometry" : {
					"type" : "Point",
					"coordinates" : [7.17835,44.54967]},
			"properties" : { "ANNO":"2010","ID_SEZIONE":"31530","ISTAT_COMUNE_SEZ":"4205","COMUNE_SEZ":"SAMPEYRE","PROVINCIA":"CN","ID_CENTRALE":"1263","NOME_CENTRALE":"SAMPEYRE","ISTAT_COMUNE_CENTR":"4205","COMUNE_CENTR":"SAMPEYRE","PROVINCIA_CENTR":"CN","INDIRIZZO_CENTRALE":"CAVOUR 41","LATITUDINE_SEZIONE":"44.54967","LONGITUDINE_SEZIONE":"7.17835","POS_X_SEZIONE":"355305.61258","POS_Y_SEZIONE":"4934540.60850","LATITUDINE_CENTRALE":"44.58012","LONGITUDINE_CENTRALE":"7.18093","POS_X_CENTRALE":"355585.98611","POS_Y_CENTRALE":"4937918.60043","TIPO_ADSL":"ADSL_M","DESCRIZIONE_TIPO_ADSL":"ADSL Mini","DISTANZA_CALCOLATA":"3389.61","CLASSE_DISTANZA":"3300-3699","POTENZA_SEGNALE":"0.64","POPOLAZIONE_SEZIONE": ""}
			},
		 		{ "type" : "Feature",
				"geometry" : {
					"type" : "Point",
					"coordinates" : [7.21627,44.58984]},
			"properties" : { "ANNO":"2010","ID_SEZIONE":"31919","ISTAT_COMUNE_SEZ":"4205","COMUNE_SEZ":"SAMPEYRE","PROVINCIA":"CN","ID_CENTRALE":"1263","NOME_CENTRALE":"SAMPEYRE","ISTAT_COMUNE_CENTR":"4205","COMUNE_CENTR":"SAMPEYRE","PROVINCIA_CENTR":"CN","INDIRIZZO_CENTRALE":"CAVOUR 41","LATITUDINE_SEZIONE":"44.58984","LONGITUDINE_SEZIONE":"7.21627","POS_X_SEZIONE":"358414.73053","POS_Y_SEZIONE":"4938936.18124","LATITUDINE_CENTRALE":"44.58012","LONGITUDINE_CENTRALE":"7.18093","POS_X_CENTRALE":"355585.98611","POS_Y_CENTRALE":"4937918.60043","TIPO_ADSL":"ADSL_M","DESCRIZIONE_TIPO_ADSL":"ADSL Mini","DISTANZA_CALCOLATA":"3006.2","CLASSE_DISTANZA":"2900-3299","POTENZA_SEGNALE":"0.64","POPOLAZIONE_SEZIONE": "8"}
			}
		 		]
	}
		