 	{ "type" : "FeatureCollection",
		"features" : [
		 		{ "type" : "Feature",
				"geometry" : {
					"type" : "Point",
					"coordinates" : [7.38227,44.48235]},
			"properties" : { "ANNO":"2010","ID_SEZIONE":"341","ISTAT_COMUNE_SEZ":"4247","COMUNE_SEZ":"VILLAR SAN COSTANZO","PROVINCIA":"CN","ID_CENTRALE":"1642","NOME_CENTRALE":"VILLAR S. C. CHIESA","ISTAT_COMUNE_CENTR":"4082","COMUNE_CENTR":"DRONERO","PROVINCIA_CENTR":"CN","INDIRIZZO_CENTRALE":"STRADA VICINALE VILLAR","LATITUDINE_SEZIONE":"44.48235","LONGITUDINE_SEZIONE":"7.38227","POS_X_SEZIONE":"371354.54033","POS_Y_SEZIONE":"4926721.23595","LATITUDINE_CENTRALE":"44.48179","LONGITUDINE_CENTRALE":"7.38385","POS_X_CENTRALE":"371479.14393","POS_Y_CENTRALE":"4926656.24860","TIPO_ADSL":"NO","DESCRIZIONE_TIPO_ADSL":"NO Adsl","DISTANZA_CALCOLATA":"140.53","CLASSE_DISTANZA":"100-499","POTENZA_SEGNALE":"","POPOLAZIONE_SEZIONE": "428"}
			},
		 		{ "type" : "Feature",
				"geometry" : {
					"type" : "Point",
					"coordinates" : [7.41176,44.47610]},
			"properties" : { "ANNO":"2010","ID_SEZIONE":"8103","ISTAT_COMUNE_SEZ":"4247","COMUNE_SEZ":"VILLAR SAN COSTANZO","PROVINCIA":"CN","ID_CENTRALE":"1642","NOME_CENTRALE":"VILLAR S. C. CHIESA","ISTAT_COMUNE_CENTR":"4082","COMUNE_CENTR":"DRONERO","PROVINCIA_CENTR":"CN","INDIRIZZO_CENTRALE":"STRADA VICINALE VILLAR","LATITUDINE_SEZIONE":"44.47610","LONGITUDINE_SEZIONE":"7.41176","POS_X_SEZIONE":"373686.64709","POS_Y_SEZIONE":"4925980.74827","LATITUDINE_CENTRALE":"44.48179","LONGITUDINE_CENTRALE":"7.38385","POS_X_CENTRALE":"371479.14393","POS_Y_CENTRALE":"4926656.24860","TIPO_ADSL":"NO","DESCRIZIONE_TIPO_ADSL":"NO Adsl","DISTANZA_CALCOLATA":"2308.54","CLASSE_DISTANZA":"2100-2499","POTENZA_SEGNALE":"","POPOLAZIONE_SEZIONE": "76"}
			},
		 		{ "type" : "Feature",
				"geometry" : {
					"type" : "Point",
					"coordinates" : [7.37449,44.47161]},
			"properties" : { "ANNO":"2010","ID_SEZIONE":"8619","ISTAT_COMUNE_SEZ":"4247","COMUNE_SEZ":"VILLAR SAN COSTANZO","PROVINCIA":"CN","ID_CENTRALE":"1642","NOME_CENTRALE":"VILLAR S. C. CHIESA","ISTAT_COMUNE_CENTR":"4082","COMUNE_CENTR":"DRONERO","PROVINCIA_CENTR":"CN","INDIRIZZO_CENTRALE":"STRADA VICINALE VILLAR","LATITUDINE_SEZIONE":"44.47161","LONGITUDINE_SEZIONE":"7.37449","POS_X_SEZIONE":"370712.75857","POS_Y_SEZIONE":"4925540.22091","LATITUDINE_CENTRALE":"44.48179","LONGITUDINE_CENTRALE":"7.38385","POS_X_CENTRALE":"371479.14393","POS_Y_CENTRALE":"4926656.24860","TIPO_ADSL":"NO","DESCRIZIONE_TIPO_ADSL":"NO Adsl","DISTANZA_CALCOLATA":"1353.83","CLASSE_DISTANZA":"1300-1699","POTENZA_SEGNALE":"","POPOLAZIONE_SEZIONE": "100"}
			},
		 		{ "type" : "Feature",
				"geometry" : {
					"type" : "Point",
					"coordinates" : [7.39516,44.47448]},
			"properties" : { "ANNO":"2010","ID_SEZIONE":"13193","ISTAT_COMUNE_SEZ":"4247","COMUNE_SEZ":"VILLAR SAN COSTANZO","PROVINCIA":"CN","ID_CENTRALE":"1642","NOME_CENTRALE":"VILLAR S. C. CHIESA","ISTAT_COMUNE_CENTR":"4082","COMUNE_CENTR":"DRONERO","PROVINCIA_CENTR":"CN","INDIRIZZO_CENTRALE":"STRADA VICINALE VILLAR","LATITUDINE_SEZIONE":"44.47448","LONGITUDINE_SEZIONE":"7.39516","POS_X_SEZIONE":"372362.98117","POS_Y_SEZIONE":"4925826.73611","LATITUDINE_CENTRALE":"44.48179","LONGITUDINE_CENTRALE":"7.38385","POS_X_CENTRALE":"371479.14393","POS_Y_CENTRALE":"4926656.24860","TIPO_ADSL":"NO","DESCRIZIONE_TIPO_ADSL":"NO Adsl","DISTANZA_CALCOLATA":"1212.13","CLASSE_DISTANZA":"900-1299","POTENZA_SEGNALE":"","POPOLAZIONE_SEZIONE": "42"}
			},
		 		{ "type" : "Feature",
				"geometry" : {
					"type" : "Point",
					"coordinates" : [7.38227,44.47406]},
			"properties" : { "ANNO":"2010","ID_SEZIONE":"14809","ISTAT_COMUNE_SEZ":"4247","COMUNE_SEZ":"VILLAR SAN COSTANZO","PROVINCIA":"CN","ID_CENTRALE":"1642","NOME_CENTRALE":"VILLAR S. C. CHIESA","ISTAT_COMUNE_CENTR":"4082","COMUNE_CENTR":"DRONERO","PROVINCIA_CENTR":"CN","INDIRIZZO_CENTRALE":"STRADA VICINALE VILLAR","LATITUDINE_SEZIONE":"44.47406","LONGITUDINE_SEZIONE":"7.38227","POS_X_SEZIONE":"371336.90142","POS_Y_SEZIONE":"4925800.72805","LATITUDINE_CENTRALE":"44.48179","LONGITUDINE_CENTRALE":"7.38385","POS_X_CENTRALE":"371479.14393","POS_Y_CENTRALE":"4926656.24860","TIPO_ADSL":"NO","DESCRIZIONE_TIPO_ADSL":"NO Adsl","DISTANZA_CALCOLATA":"867.26","CLASSE_DISTANZA":"500-899","POTENZA_SEGNALE":"","POPOLAZIONE_SEZIONE": "81"}
			},
		 		{ "type" : "Feature",
				"geometry" : {
					"type" : "Point",
					"coordinates" : [7.42505,44.48629]},
			"properties" : { "ANNO":"2010","ID_SEZIONE":"15270","ISTAT_COMUNE_SEZ":"4247","COMUNE_SEZ":"VILLAR SAN COSTANZO","PROVINCIA":"CN","ID_CENTRALE":"1642","NOME_CENTRALE":"VILLAR S. C. CHIESA","ISTAT_COMUNE_CENTR":"4082","COMUNE_CENTR":"DRONERO","PROVINCIA_CENTR":"CN","INDIRIZZO_CENTRALE":"STRADA VICINALE VILLAR","LATITUDINE_SEZIONE":"44.48629","LONGITUDINE_SEZIONE":"7.42505","POS_X_SEZIONE":"374765.32971","POS_Y_SEZIONE":"4927092.76670","LATITUDINE_CENTRALE":"44.48179","LONGITUDINE_CENTRALE":"7.38385","POS_X_CENTRALE":"371479.14393","POS_Y_CENTRALE":"4926656.24860","TIPO_ADSL":"NO","DESCRIZIONE_TIPO_ADSL":"NO Adsl","DISTANZA_CALCOLATA":"3315.05","CLASSE_DISTANZA":"3300-3699","POTENZA_SEGNALE":"","POPOLAZIONE_SEZIONE": "59"}
			},
		 		{ "type" : "Feature",
				"geometry" : {
					"type" : "Point",
					"coordinates" : [7.38092,44.49775]},
			"properties" : { "ANNO":"2010","ID_SEZIONE":"17072","ISTAT_COMUNE_SEZ":"4247","COMUNE_SEZ":"VILLAR SAN COSTANZO","PROVINCIA":"CN","ID_CENTRALE":"1642","NOME_CENTRALE":"VILLAR S. C. CHIESA","ISTAT_COMUNE_CENTR":"4082","COMUNE_CENTR":"DRONERO","PROVINCIA_CENTR":"CN","INDIRIZZO_CENTRALE":"STRADA VICINALE VILLAR","LATITUDINE_SEZIONE":"44.49775","LONGITUDINE_SEZIONE":"7.38092","POS_X_SEZIONE":"371281.72881","POS_Y_SEZIONE":"4928433.74949","LATITUDINE_CENTRALE":"44.48179","LONGITUDINE_CENTRALE":"7.38385","POS_X_CENTRALE":"371479.14393","POS_Y_CENTRALE":"4926656.24860","TIPO_ADSL":"NO","DESCRIZIONE_TIPO_ADSL":"NO Adsl","DISTANZA_CALCOLATA":"1788.43","CLASSE_DISTANZA":"1700-2099","POTENZA_SEGNALE":"","POPOLAZIONE_SEZIONE": "58"}
			},
		 		{ "type" : "Feature",
				"geometry" : {
					"type" : "Point",
					"coordinates" : [7.41079,44.47960]},
			"properties" : { "ANNO":"2010","ID_SEZIONE":"26695","ISTAT_COMUNE_SEZ":"4247","COMUNE_SEZ":"VILLAR SAN COSTANZO","PROVINCIA":"CN","ID_CENTRALE":"1642","NOME_CENTRALE":"VILLAR S. C. CHIESA","ISTAT_COMUNE_CENTR":"4082","COMUNE_CENTR":"DRONERO","PROVINCIA_CENTR":"CN","INDIRIZZO_CENTRALE":"STRADA VICINALE VILLAR","LATITUDINE_SEZIONE":"44.47960","LONGITUDINE_SEZIONE":"7.41079","POS_X_SEZIONE":"373617.17176","POS_Y_SEZIONE":"4926371.75090","LATITUDINE_CENTRALE":"44.48179","LONGITUDINE_CENTRALE":"7.38385","POS_X_CENTRALE":"371479.14393","POS_Y_CENTRALE":"4926656.24860","TIPO_ADSL":"NO","DESCRIZIONE_TIPO_ADSL":"NO Adsl","DISTANZA_CALCOLATA":"2156.87","CLASSE_DISTANZA":"2100-2499","POTENZA_SEGNALE":"","POPOLAZIONE_SEZIONE": "246"}
			},
		 		{ "type" : "Feature",
				"geometry" : {
					"type" : "Point",
					"coordinates" : [7.41181,44.49248]},
			"properties" : { "ANNO":"2010","ID_SEZIONE":"27178","ISTAT_COMUNE_SEZ":"4247","COMUNE_SEZ":"VILLAR SAN COSTANZO","PROVINCIA":"CN","ID_CENTRALE":"1642","NOME_CENTRALE":"VILLAR S. C. CHIESA","ISTAT_COMUNE_CENTR":"4082","COMUNE_CENTR":"DRONERO","PROVINCIA_CENTR":"CN","INDIRIZZO_CENTRALE":"STRADA VICINALE VILLAR","LATITUDINE_SEZIONE":"44.49248","LONGITUDINE_SEZIONE":"7.41181","POS_X_SEZIONE":"373725.79973","POS_Y_SEZIONE":"4927800.26469","LATITUDINE_CENTRALE":"44.48179","LONGITUDINE_CENTRALE":"7.38385","POS_X_CENTRALE":"371479.14393","POS_Y_CENTRALE":"4926656.24860","TIPO_ADSL":"NO","DESCRIZIONE_TIPO_ADSL":"NO Adsl","DISTANZA_CALCOLATA":"2521.16","CLASSE_DISTANZA":"2500-2899","POTENZA_SEGNALE":"","POPOLAZIONE_SEZIONE": "59"}
			},
		 		{ "type" : "Feature",
				"geometry" : {
					"type" : "Point",
					"coordinates" : [7.41972,44.49319]},
			"properties" : { "ANNO":"2010","ID_SEZIONE":"27849","ISTAT_COMUNE_SEZ":"4247","COMUNE_SEZ":"VILLAR SAN COSTANZO","PROVINCIA":"CN","ID_CENTRALE":"1642","NOME_CENTRALE":"VILLAR S. C. CHIESA","ISTAT_COMUNE_CENTR":"4082","COMUNE_CENTR":"DRONERO","PROVINCIA_CENTR":"CN","INDIRIZZO_CENTRALE":"STRADA VICINALE VILLAR","LATITUDINE_SEZIONE":"44.49319","LONGITUDINE_SEZIONE":"7.41972","POS_X_SEZIONE":"374356.69586","POS_Y_SEZIONE":"4927867.27064","LATITUDINE_CENTRALE":"44.48179","LONGITUDINE_CENTRALE":"7.38385","POS_X_CENTRALE":"371479.14393","POS_Y_CENTRALE":"4926656.24860","TIPO_ADSL":"NO","DESCRIZIONE_TIPO_ADSL":"NO Adsl","DISTANZA_CALCOLATA":"3122","CLASSE_DISTANZA":"2900-3299","POTENZA_SEGNALE":"","POPOLAZIONE_SEZIONE": "27"}
			},
		 		{ "type" : "Feature",
				"geometry" : {
					"type" : "Point",
					"coordinates" : [7.36907,44.48470]},
			"properties" : { "ANNO":"2010","ID_SEZIONE":"28072","ISTAT_COMUNE_SEZ":"4247","COMUNE_SEZ":"VILLAR SAN COSTANZO","PROVINCIA":"CN","ID_CENTRALE":"1642","NOME_CENTRALE":"VILLAR S. C. CHIESA","ISTAT_COMUNE_CENTR":"4082","COMUNE_CENTR":"DRONERO","PROVINCIA_CENTR":"CN","INDIRIZZO_CENTRALE":"STRADA VICINALE VILLAR","LATITUDINE_SEZIONE":"44.48470","LONGITUDINE_SEZIONE":"7.36907","POS_X_SEZIONE":"370310.29944","POS_Y_SEZIONE":"4927002.72946","LATITUDINE_CENTRALE":"44.48179","LONGITUDINE_CENTRALE":"7.38385","POS_X_CENTRALE":"371479.14393","POS_Y_CENTRALE":"4926656.24860","TIPO_ADSL":"NO","DESCRIZIONE_TIPO_ADSL":"NO Adsl","DISTANZA_CALCOLATA":"1219.12","CLASSE_DISTANZA":"900-1299","POTENZA_SEGNALE":"","POPOLAZIONE_SEZIONE": "104"}
			},
		 		{ "type" : "Feature",
				"geometry" : {
					"type" : "Point",
					"coordinates" : [7.39233,44.47951]},
			"properties" : { "ANNO":"2010","ID_SEZIONE":"31097","ISTAT_COMUNE_SEZ":"4247","COMUNE_SEZ":"VILLAR SAN COSTANZO","PROVINCIA":"CN","ID_CENTRALE":"1642","NOME_CENTRALE":"VILLAR S. C. CHIESA","ISTAT_COMUNE_CENTR":"4082","COMUNE_CENTR":"DRONERO","PROVINCIA_CENTR":"CN","INDIRIZZO_CENTRALE":"STRADA VICINALE VILLAR","LATITUDINE_SEZIONE":"44.47951","LONGITUDINE_SEZIONE":"7.39233","POS_X_SEZIONE":"372149.03531","POS_Y_SEZIONE":"4926389.73950","LATITUDINE_CENTRALE":"44.48179","LONGITUDINE_CENTRALE":"7.38385","POS_X_CENTRALE":"371479.14393","POS_Y_CENTRALE":"4926656.24860","TIPO_ADSL":"NO","DESCRIZIONE_TIPO_ADSL":"NO Adsl","DISTANZA_CALCOLATA":"720.96","CLASSE_DISTANZA":"500-899","POTENZA_SEGNALE":"","POPOLAZIONE_SEZIONE": "17"}
			}
		 		]
	}
		