 	{ "type" : "FeatureCollection",
		"features" : [
		 		{ "type" : "Feature",
				"geometry" : {
					"type" : "Point",
					"coordinates" : [8.37027,44.85351]},
			"properties" : { "ANNO":"2010","ID_SEZIONE":"5641","ISTAT_COMUNE_SEZ":"5096","COMUNE_SEZ":"ROCCHETTA TANARO","PROVINCIA":"AT","ID_CENTRALE":"1135","NOME_CENTRALE":"ROCCHETTA TANARO","ISTAT_COMUNE_CENTR":"5096","COMUNE_CENTR":"ROCCHETTA TANARO","PROVINCIA_CENTR":"AT","INDIRIZZO_CENTRALE":"ROMA 3","LATITUDINE_SEZIONE":"44.85351","LONGITUDINE_SEZIONE":"8.37027","POS_X_SEZIONE":"450241.17798","POS_Y_SEZIONE":"4966870.58178","LATITUDINE_CENTRALE":"44.85728","LONGITUDINE_CENTRALE":"8.34033","POS_X_CENTRALE":"447879.23231","POS_Y_CENTRALE":"4967307.96515","TIPO_ADSL":"NO","DESCRIZIONE_TIPO_ADSL":"NO Adsl","DISTANZA_CALCOLATA":"2402.1","CLASSE_DISTANZA":"2100-2499","POTENZA_SEGNALE":"","POPOLAZIONE_SEZIONE": "43"}
			},
		 		{ "type" : "Feature",
				"geometry" : {
					"type" : "Point",
					"coordinates" : [8.34308,44.86143]},
			"properties" : { "ANNO":"2010","ID_SEZIONE":"6445","ISTAT_COMUNE_SEZ":"5096","COMUNE_SEZ":"ROCCHETTA TANARO","PROVINCIA":"AT","ID_CENTRALE":"1135","NOME_CENTRALE":"ROCCHETTA TANARO","ISTAT_COMUNE_CENTR":"5096","COMUNE_CENTR":"ROCCHETTA TANARO","PROVINCIA_CENTR":"AT","INDIRIZZO_CENTRALE":"ROMA 3","LATITUDINE_SEZIONE":"44.86143","LONGITUDINE_SEZIONE":"8.34308","POS_X_SEZIONE":"448100.19007","POS_Y_SEZIONE":"4967767.58479","LATITUDINE_CENTRALE":"44.85728","LONGITUDINE_CENTRALE":"8.34033","POS_X_CENTRALE":"447879.23231","POS_Y_CENTRALE":"4967307.96515","TIPO_ADSL":"NO","DESCRIZIONE_TIPO_ADSL":"NO Adsl","DISTANZA_CALCOLATA":"509.97","CLASSE_DISTANZA":"500-899","POTENZA_SEGNALE":"","POPOLAZIONE_SEZIONE": "378"}
			},
		 		{ "type" : "Feature",
				"geometry" : {
					"type" : "Point",
					"coordinates" : [8.33614,44.85408]},
			"properties" : { "ANNO":"2010","ID_SEZIONE":"7861","ISTAT_COMUNE_SEZ":"5096","COMUNE_SEZ":"ROCCHETTA TANARO","PROVINCIA":"AT","ID_CENTRALE":"1135","NOME_CENTRALE":"ROCCHETTA TANARO","ISTAT_COMUNE_CENTR":"5096","COMUNE_CENTR":"ROCCHETTA TANARO","PROVINCIA_CENTR":"AT","INDIRIZZO_CENTRALE":"ROMA 3","LATITUDINE_SEZIONE":"44.85408","LONGITUDINE_SEZIONE":"8.33614","POS_X_SEZIONE":"447545.25733","POS_Y_SEZIONE":"4966955.57429","LATITUDINE_CENTRALE":"44.85728","LONGITUDINE_CENTRALE":"8.34033","POS_X_CENTRALE":"447879.23231","POS_Y_CENTRALE":"4967307.96515","TIPO_ADSL":"NO","DESCRIZIONE_TIPO_ADSL":"NO Adsl","DISTANZA_CALCOLATA":"485.51","CLASSE_DISTANZA":"100-499","POTENZA_SEGNALE":"","POPOLAZIONE_SEZIONE": "24"}
			},
		 		{ "type" : "Feature",
				"geometry" : {
					"type" : "Point",
					"coordinates" : [8.32792,44.86834]},
			"properties" : { "ANNO":"2010","ID_SEZIONE":"8747","ISTAT_COMUNE_SEZ":"5096","COMUNE_SEZ":"ROCCHETTA TANARO","PROVINCIA":"AT","ID_CENTRALE":"1135","NOME_CENTRALE":"ROCCHETTA TANARO","ISTAT_COMUNE_CENTR":"5096","COMUNE_CENTR":"ROCCHETTA TANARO","PROVINCIA_CENTR":"AT","INDIRIZZO_CENTRALE":"ROMA 3","LATITUDINE_SEZIONE":"44.86834","LONGITUDINE_SEZIONE":"8.32792","POS_X_SEZIONE":"446908.67647","POS_Y_SEZIONE":"4968544.58831","LATITUDINE_CENTRALE":"44.85728","LONGITUDINE_CENTRALE":"8.34033","POS_X_CENTRALE":"447879.23231","POS_Y_CENTRALE":"4967307.96515","TIPO_ADSL":"NO","DESCRIZIONE_TIPO_ADSL":"NO Adsl","DISTANZA_CALCOLATA":"1572.01","CLASSE_DISTANZA":"1300-1699","POTENZA_SEGNALE":"","POPOLAZIONE_SEZIONE": "39"}
			},
		 		{ "type" : "Feature",
				"geometry" : {
					"type" : "Point",
					"coordinates" : [8.37217,44.86901]},
			"properties" : { "ANNO":"2010","ID_SEZIONE":"9834","ISTAT_COMUNE_SEZ":"5096","COMUNE_SEZ":"ROCCHETTA TANARO","PROVINCIA":"AT","ID_CENTRALE":"1135","NOME_CENTRALE":"ROCCHETTA TANARO","ISTAT_COMUNE_CENTR":"5096","COMUNE_CENTR":"ROCCHETTA TANARO","PROVINCIA_CENTR":"AT","INDIRIZZO_CENTRALE":"ROMA 3","LATITUDINE_SEZIONE":"44.86901","LONGITUDINE_SEZIONE":"8.37217","POS_X_SEZIONE":"450404.50802","POS_Y_SEZIONE":"4968591.10095","LATITUDINE_CENTRALE":"44.85728","LONGITUDINE_CENTRALE":"8.34033","POS_X_CENTRALE":"447879.23231","POS_Y_CENTRALE":"4967307.96515","TIPO_ADSL":"NO","DESCRIZIONE_TIPO_ADSL":"NO Adsl","DISTANZA_CALCOLATA":"2832.57","CLASSE_DISTANZA":"2500-2899","POTENZA_SEGNALE":"","POPOLAZIONE_SEZIONE": ""}
			},
		 		{ "type" : "Feature",
				"geometry" : {
					"type" : "Point",
					"coordinates" : [8.32311,44.85409]},
			"properties" : { "ANNO":"2010","ID_SEZIONE":"11983","ISTAT_COMUNE_SEZ":"5096","COMUNE_SEZ":"ROCCHETTA TANARO","PROVINCIA":"AT","ID_CENTRALE":"1135","NOME_CENTRALE":"ROCCHETTA TANARO","ISTAT_COMUNE_CENTR":"5096","COMUNE_CENTR":"ROCCHETTA TANARO","PROVINCIA_CENTR":"AT","INDIRIZZO_CENTRALE":"ROMA 3","LATITUDINE_SEZIONE":"44.85409","LONGITUDINE_SEZIONE":"8.32311","POS_X_SEZIONE":"446515.53778","POS_Y_SEZIONE":"4966964.57321","LATITUDINE_CENTRALE":"44.85728","LONGITUDINE_CENTRALE":"8.34033","POS_X_CENTRALE":"447879.23231","POS_Y_CENTRALE":"4967307.96515","TIPO_ADSL":"NO","DESCRIZIONE_TIPO_ADSL":"NO Adsl","DISTANZA_CALCOLATA":"1406.26","CLASSE_DISTANZA":"1300-1699","POTENZA_SEGNALE":"","POPOLAZIONE_SEZIONE": "16"}
			},
		 		{ "type" : "Feature",
				"geometry" : {
					"type" : "Point",
					"coordinates" : [8.31876,44.85947]},
			"properties" : { "ANNO":"2010","ID_SEZIONE":"14102","ISTAT_COMUNE_SEZ":"5096","COMUNE_SEZ":"ROCCHETTA TANARO","PROVINCIA":"AT","ID_CENTRALE":"1135","NOME_CENTRALE":"ROCCHETTA TANARO","ISTAT_COMUNE_CENTR":"5096","COMUNE_CENTR":"ROCCHETTA TANARO","PROVINCIA_CENTR":"AT","INDIRIZZO_CENTRALE":"ROMA 3","LATITUDINE_SEZIONE":"44.85947","LONGITUDINE_SEZIONE":"8.31876","POS_X_SEZIONE":"446177.06687","POS_Y_SEZIONE":"4967565.58031","LATITUDINE_CENTRALE":"44.85728","LONGITUDINE_CENTRALE":"8.34033","POS_X_CENTRALE":"447879.23231","POS_Y_CENTRALE":"4967307.96515","TIPO_ADSL":"NO","DESCRIZIONE_TIPO_ADSL":"NO Adsl","DISTANZA_CALCOLATA":"1721.55","CLASSE_DISTANZA":"1700-2099","POTENZA_SEGNALE":"","POPOLAZIONE_SEZIONE": "5"}
			},
		 		{ "type" : "Feature",
				"geometry" : {
					"type" : "Point",
					"coordinates" : [8.37153,44.84563]},
			"properties" : { "ANNO":"2010","ID_SEZIONE":"15236","ISTAT_COMUNE_SEZ":"5096","COMUNE_SEZ":"ROCCHETTA TANARO","PROVINCIA":"AT","ID_CENTRALE":"1135","NOME_CENTRALE":"ROCCHETTA TANARO","ISTAT_COMUNE_CENTR":"5096","COMUNE_CENTR":"ROCCHETTA TANARO","PROVINCIA_CENTR":"AT","INDIRIZZO_CENTRALE":"ROMA 3","LATITUDINE_SEZIONE":"44.84563","LONGITUDINE_SEZIONE":"8.37153","POS_X_SEZIONE":"450334.15462","POS_Y_SEZIONE":"4965994.57231","LATITUDINE_CENTRALE":"44.85728","LONGITUDINE_CENTRALE":"8.34033","POS_X_CENTRALE":"447879.23231","POS_Y_CENTRALE":"4967307.96515","TIPO_ADSL":"NO","DESCRIZIONE_TIPO_ADSL":"NO Adsl","DISTANZA_CALCOLATA":"2784.18","CLASSE_DISTANZA":"2500-2899","POTENZA_SEGNALE":"","POPOLAZIONE_SEZIONE": "27"}
			},
		 		{ "type" : "Feature",
				"geometry" : {
					"type" : "Point",
					"coordinates" : [8.33230,44.86702]},
			"properties" : { "ANNO":"2010","ID_SEZIONE":"16994","ISTAT_COMUNE_SEZ":"5096","COMUNE_SEZ":"ROCCHETTA TANARO","PROVINCIA":"AT","ID_CENTRALE":"1135","NOME_CENTRALE":"ROCCHETTA TANARO","ISTAT_COMUNE_CENTR":"5096","COMUNE_CENTR":"ROCCHETTA TANARO","PROVINCIA_CENTR":"AT","INDIRIZZO_CENTRALE":"ROMA 3","LATITUDINE_SEZIONE":"44.86702","LONGITUDINE_SEZIONE":"8.33230","POS_X_SEZIONE":"447253.61804","POS_Y_SEZIONE":"4968394.58818","LATITUDINE_CENTRALE":"44.85728","LONGITUDINE_CENTRALE":"8.34033","POS_X_CENTRALE":"447879.23231","POS_Y_CENTRALE":"4967307.96515","TIPO_ADSL":"NO","DESCRIZIONE_TIPO_ADSL":"NO Adsl","DISTANZA_CALCOLATA":"1253.85","CLASSE_DISTANZA":"900-1299","POTENZA_SEGNALE":"","POPOLAZIONE_SEZIONE": "45"}
			},
		 		{ "type" : "Feature",
				"geometry" : {
					"type" : "Point",
					"coordinates" : [8.34908,44.87249]},
			"properties" : { "ANNO":"2010","ID_SEZIONE":"19062","ISTAT_COMUNE_SEZ":"5096","COMUNE_SEZ":"ROCCHETTA TANARO","PROVINCIA":"AT","ID_CENTRALE":"1135","NOME_CENTRALE":"ROCCHETTA TANARO","ISTAT_COMUNE_CENTR":"5096","COMUNE_CENTR":"ROCCHETTA TANARO","PROVINCIA_CENTR":"AT","INDIRIZZO_CENTRALE":"ROMA 3","LATITUDINE_SEZIONE":"44.87249","LONGITUDINE_SEZIONE":"8.34908","POS_X_SEZIONE":"448584.11967","POS_Y_SEZIONE":"4968991.59913","LATITUDINE_CENTRALE":"44.85728","LONGITUDINE_CENTRALE":"8.34033","POS_X_CENTRALE":"447879.23231","POS_Y_CENTRALE":"4967307.96515","TIPO_ADSL":"NO","DESCRIZIONE_TIPO_ADSL":"NO Adsl","DISTANZA_CALCOLATA":"1825.24","CLASSE_DISTANZA":"1700-2099","POTENZA_SEGNALE":"","POPOLAZIONE_SEZIONE": "26"}
			},
		 		{ "type" : "Feature",
				"geometry" : {
					"type" : "Point",
					"coordinates" : [8.37598,44.85683]},
			"properties" : { "ANNO":"2010","ID_SEZIONE":"21308","ISTAT_COMUNE_SEZ":"5096","COMUNE_SEZ":"ROCCHETTA TANARO","PROVINCIA":"AT","ID_CENTRALE":"1135","NOME_CENTRALE":"ROCCHETTA TANARO","ISTAT_COMUNE_CENTR":"5096","COMUNE_CENTR":"ROCCHETTA TANARO","PROVINCIA_CENTR":"AT","INDIRIZZO_CENTRALE":"ROMA 3","LATITUDINE_SEZIONE":"44.85683","LONGITUDINE_SEZIONE":"8.37598","POS_X_SEZIONE":"450695.39622","POS_Y_SEZIONE":"4967235.58709","LATITUDINE_CENTRALE":"44.85728","LONGITUDINE_CENTRALE":"8.34033","POS_X_CENTRALE":"447879.23231","POS_Y_CENTRALE":"4967307.96515","TIPO_ADSL":"NO","DESCRIZIONE_TIPO_ADSL":"NO Adsl","DISTANZA_CALCOLATA":"2817.09","CLASSE_DISTANZA":"2500-2899","POTENZA_SEGNALE":"","POPOLAZIONE_SEZIONE": "76"}
			},
		 		{ "type" : "Feature",
				"geometry" : {
					"type" : "Point",
					"coordinates" : [8.33285,44.86248]},
			"properties" : { "ANNO":"2010","ID_SEZIONE":"21507","ISTAT_COMUNE_SEZ":"5096","COMUNE_SEZ":"ROCCHETTA TANARO","PROVINCIA":"AT","ID_CENTRALE":"1135","NOME_CENTRALE":"ROCCHETTA TANARO","ISTAT_COMUNE_CENTR":"5096","COMUNE_CENTR":"ROCCHETTA TANARO","PROVINCIA_CENTR":"AT","INDIRIZZO_CENTRALE":"ROMA 3","LATITUDINE_SEZIONE":"44.86248","LONGITUDINE_SEZIONE":"8.33285","POS_X_SEZIONE":"447292.90380","POS_Y_SEZIONE":"4967890.58306","LATITUDINE_CENTRALE":"44.85728","LONGITUDINE_CENTRALE":"8.34033","POS_X_CENTRALE":"447879.23231","POS_Y_CENTRALE":"4967307.96515","TIPO_ADSL":"NO","DESCRIZIONE_TIPO_ADSL":"NO Adsl","DISTANZA_CALCOLATA":"826.57","CLASSE_DISTANZA":"500-899","POTENZA_SEGNALE":"","POPOLAZIONE_SEZIONE": "2"}
			},
		 		{ "type" : "Feature",
				"geometry" : {
					"type" : "Point",
					"coordinates" : [8.33280,44.84757]},
			"properties" : { "ANNO":"2010","ID_SEZIONE":"21716","ISTAT_COMUNE_SEZ":"5096","COMUNE_SEZ":"ROCCHETTA TANARO","PROVINCIA":"AT","ID_CENTRALE":"1135","NOME_CENTRALE":"ROCCHETTA TANARO","ISTAT_COMUNE_CENTR":"5096","COMUNE_CENTR":"ROCCHETTA TANARO","PROVINCIA_CENTR":"AT","INDIRIZZO_CENTRALE":"ROMA 3","LATITUDINE_SEZIONE":"44.84757","LONGITUDINE_SEZIONE":"8.33280","POS_X_SEZIONE":"447275.26284","POS_Y_SEZIONE":"4966234.06645","LATITUDINE_CENTRALE":"44.85728","LONGITUDINE_CENTRALE":"8.34033","POS_X_CENTRALE":"447879.23231","POS_Y_CENTRALE":"4967307.96515","TIPO_ADSL":"NO","DESCRIZIONE_TIPO_ADSL":"NO Adsl","DISTANZA_CALCOLATA":"1232.09","CLASSE_DISTANZA":"900-1299","POTENZA_SEGNALE":"","POPOLAZIONE_SEZIONE": "29"}
			},
		 		{ "type" : "Feature",
				"geometry" : {
					"type" : "Point",
					"coordinates" : [8.35460,44.86340]},
			"properties" : { "ANNO":"2010","ID_SEZIONE":"22130","ISTAT_COMUNE_SEZ":"5096","COMUNE_SEZ":"ROCCHETTA TANARO","PROVINCIA":"AT","ID_CENTRALE":"1135","NOME_CENTRALE":"ROCCHETTA TANARO","ISTAT_COMUNE_CENTR":"5096","COMUNE_CENTR":"ROCCHETTA TANARO","PROVINCIA_CENTR":"AT","INDIRIZZO_CENTRALE":"ROMA 3","LATITUDINE_SEZIONE":"44.86340","LONGITUDINE_SEZIONE":"8.35460","POS_X_SEZIONE":"449011.84908","POS_Y_SEZIONE":"4967978.09001","LATITUDINE_CENTRALE":"44.85728","LONGITUDINE_CENTRALE":"8.34033","POS_X_CENTRALE":"447879.23231","POS_Y_CENTRALE":"4967307.96515","TIPO_ADSL":"NO","DESCRIZIONE_TIPO_ADSL":"NO Adsl","DISTANZA_CALCOLATA":"1316.01","CLASSE_DISTANZA":"1300-1699","POTENZA_SEGNALE":"","POPOLAZIONE_SEZIONE": "25"}
			},
		 		{ "type" : "Feature",
				"geometry" : {
					"type" : "Point",
					"coordinates" : [8.34622,44.84286]},
			"properties" : { "ANNO":"2010","ID_SEZIONE":"22131","ISTAT_COMUNE_SEZ":"5096","COMUNE_SEZ":"ROCCHETTA TANARO","PROVINCIA":"AT","ID_CENTRALE":"1135","NOME_CENTRALE":"ROCCHETTA TANARO","ISTAT_COMUNE_CENTR":"5096","COMUNE_CENTR":"ROCCHETTA TANARO","PROVINCIA_CENTR":"AT","INDIRIZZO_CENTRALE":"ROMA 3","LATITUDINE_SEZIONE":"44.84286","LONGITUDINE_SEZIONE":"8.34622","POS_X_SEZIONE":"448331.80402","POS_Y_SEZIONE":"4965702.56386","LATITUDINE_CENTRALE":"44.85728","LONGITUDINE_CENTRALE":"8.34033","POS_X_CENTRALE":"447879.23231","POS_Y_CENTRALE":"4967307.96515","TIPO_ADSL":"NO","DESCRIZIONE_TIPO_ADSL":"NO Adsl","DISTANZA_CALCOLATA":"1667.97","CLASSE_DISTANZA":"1300-1699","POTENZA_SEGNALE":"","POPOLAZIONE_SEZIONE": "44"}
			},
		 		{ "type" : "Feature",
				"geometry" : {
					"type" : "Point",
					"coordinates" : [8.34250,44.86311]},
			"properties" : { "ANNO":"2010","ID_SEZIONE":"23978","ISTAT_COMUNE_SEZ":"5096","COMUNE_SEZ":"ROCCHETTA TANARO","PROVINCIA":"AT","ID_CENTRALE":"1135","NOME_CENTRALE":"ROCCHETTA TANARO","ISTAT_COMUNE_CENTR":"5096","COMUNE_CENTR":"ROCCHETTA TANARO","PROVINCIA_CENTR":"AT","INDIRIZZO_CENTRALE":"ROMA 3","LATITUDINE_SEZIONE":"44.86311","LONGITUDINE_SEZIONE":"8.34250","POS_X_SEZIONE":"448055.50117","POS_Y_SEZIONE":"4967954.08642","LATITUDINE_CENTRALE":"44.85728","LONGITUDINE_CENTRALE":"8.34033","POS_X_CENTRALE":"447879.23231","POS_Y_CENTRALE":"4967307.96515","TIPO_ADSL":"NO","DESCRIZIONE_TIPO_ADSL":"NO Adsl","DISTANZA_CALCOLATA":"669.73","CLASSE_DISTANZA":"500-899","POTENZA_SEGNALE":"","POPOLAZIONE_SEZIONE": "1"}
			},
		 		{ "type" : "Feature",
				"geometry" : {
					"type" : "Point",
					"coordinates" : [8.33531,44.87359]},
			"properties" : { "ANNO":"2010","ID_SEZIONE":"28010","ISTAT_COMUNE_SEZ":"5096","COMUNE_SEZ":"ROCCHETTA TANARO","PROVINCIA":"AT","ID_CENTRALE":"1135","NOME_CENTRALE":"ROCCHETTA TANARO","ISTAT_COMUNE_CENTR":"5096","COMUNE_CENTR":"ROCCHETTA TANARO","PROVINCIA_CENTR":"AT","INDIRIZZO_CENTRALE":"ROMA 3","LATITUDINE_SEZIONE":"44.87359","LONGITUDINE_SEZIONE":"8.33531","POS_X_SEZIONE":"447497.29932","POS_Y_SEZIONE":"4969123.09609","LATITUDINE_CENTRALE":"44.85728","LONGITUDINE_CENTRALE":"8.34033","POS_X_CENTRALE":"447879.23231","POS_Y_CENTRALE":"4967307.96515","TIPO_ADSL":"NO","DESCRIZIONE_TIPO_ADSL":"NO Adsl","DISTANZA_CALCOLATA":"1854.88","CLASSE_DISTANZA":"1700-2099","POTENZA_SEGNALE":"","POPOLAZIONE_SEZIONE": "15"}
			},
		 		{ "type" : "Feature",
				"geometry" : {
					"type" : "Point",
					"coordinates" : [8.34847,44.85625]},
			"properties" : { "ANNO":"2010","ID_SEZIONE":"29628","ISTAT_COMUNE_SEZ":"5096","COMUNE_SEZ":"ROCCHETTA TANARO","PROVINCIA":"AT","ID_CENTRALE":"1135","NOME_CENTRALE":"ROCCHETTA TANARO","ISTAT_COMUNE_CENTR":"5096","COMUNE_CENTR":"ROCCHETTA TANARO","PROVINCIA_CENTR":"AT","INDIRIZZO_CENTRALE":"ROMA 3","LATITUDINE_SEZIONE":"44.85625","LONGITUDINE_SEZIONE":"8.34847","POS_X_SEZIONE":"448521.47852","POS_Y_SEZIONE":"4967188.57986","LATITUDINE_CENTRALE":"44.85728","LONGITUDINE_CENTRALE":"8.34033","POS_X_CENTRALE":"447879.23231","POS_Y_CENTRALE":"4967307.96515","TIPO_ADSL":"NO","DESCRIZIONE_TIPO_ADSL":"NO Adsl","DISTANZA_CALCOLATA":"653.25","CLASSE_DISTANZA":"500-899","POTENZA_SEGNALE":"","POPOLAZIONE_SEZIONE": "538"}
			},
		 		{ "type" : "Feature",
				"geometry" : {
					"type" : "Point",
					"coordinates" : [8.34399,44.84779]},
			"properties" : { "ANNO":"2010","ID_SEZIONE":"29833","ISTAT_COMUNE_SEZ":"5096","COMUNE_SEZ":"ROCCHETTA TANARO","PROVINCIA":"AT","ID_CENTRALE":"1135","NOME_CENTRALE":"ROCCHETTA TANARO","ISTAT_COMUNE_CENTR":"5096","COMUNE_CENTR":"ROCCHETTA TANARO","PROVINCIA_CENTR":"AT","INDIRIZZO_CENTRALE":"ROMA 3","LATITUDINE_SEZIONE":"44.84779","LONGITUDINE_SEZIONE":"8.34399","POS_X_SEZIONE":"448159.70393","POS_Y_SEZIONE":"4966251.06895","LATITUDINE_CENTRALE":"44.85728","LONGITUDINE_CENTRALE":"8.34033","POS_X_CENTRALE":"447879.23231","POS_Y_CENTRALE":"4967307.96515","TIPO_ADSL":"NO","DESCRIZIONE_TIPO_ADSL":"NO Adsl","DISTANZA_CALCOLATA":"1093.48","CLASSE_DISTANZA":"900-1299","POTENZA_SEGNALE":"","POPOLAZIONE_SEZIONE": "7"}
			},
		 		{ "type" : "Feature",
				"geometry" : {
					"type" : "Point",
					"coordinates" : [8.32628,44.87093]},
			"properties" : { "ANNO":"2010","ID_SEZIONE":"31483","ISTAT_COMUNE_SEZ":"5096","COMUNE_SEZ":"ROCCHETTA TANARO","PROVINCIA":"AT","ID_CENTRALE":"1135","NOME_CENTRALE":"ROCCHETTA TANARO","ISTAT_COMUNE_CENTR":"5096","COMUNE_CENTR":"ROCCHETTA TANARO","PROVINCIA_CENTR":"AT","INDIRIZZO_CENTRALE":"ROMA 3","LATITUDINE_SEZIONE":"44.87093","LONGITUDINE_SEZIONE":"8.32628","POS_X_SEZIONE":"446781.76703","POS_Y_SEZIONE":"4968833.59081","LATITUDINE_CENTRALE":"44.85728","LONGITUDINE_CENTRALE":"8.34033","POS_X_CENTRALE":"447879.23231","POS_Y_CENTRALE":"4967307.96515","TIPO_ADSL":"NO","DESCRIZIONE_TIPO_ADSL":"NO Adsl","DISTANZA_CALCOLATA":"1879.35","CLASSE_DISTANZA":"1700-2099","POTENZA_SEGNALE":"","POPOLAZIONE_SEZIONE": "70"}
			}
		 		]
	}
		