 	{ "type" : "FeatureCollection",
		"features" : [
		 		{ "type" : "Feature",
				"geometry" : {
					"type" : "Point",
					"coordinates" : [6.92982,44.36861]},
			"properties" : { "ANNO":"2010","ID_SEZIONE":"1808","ISTAT_COMUNE_SEZ":"4006","COMUNE_SEZ":"ARGENTERA","PROVINCIA":"CN","ID_CENTRALE":"144","NOME_CENTRALE":"BERSEZIO","ISTAT_COMUNE_CENTR":"4006","COMUNE_CENTR":"ARGENTERA","PROVINCIA_CENTR":"CN","INDIRIZZO_CENTRALE":"NAZIONALE 1 FRAZ.BERSEZIO","LATITUDINE_SEZIONE":"44.36861","LONGITUDINE_SEZIONE":"6.92982","POS_X_SEZIONE":"335055.26811","POS_Y_SEZIONE":"4914899.29060","LATITUDINE_CENTRALE":"44.38235","LONGITUDINE_CENTRALE":"6.96559","POS_X_CENTRALE":"337943.13659","POS_Y_CENTRALE":"4916353.49904","TIPO_ADSL":"NO","DESCRIZIONE_TIPO_ADSL":"NO Adsl","DISTANZA_CALCOLATA":"3233.34","CLASSE_DISTANZA":"2900-3299","POTENZA_SEGNALE":"","POPOLAZIONE_SEZIONE": ""}
			},
		 		{ "type" : "Feature",
				"geometry" : {
					"type" : "Point",
					"coordinates" : [6.93687,44.39249]},
			"properties" : { "ANNO":"2010","ID_SEZIONE":"2469","ISTAT_COMUNE_SEZ":"4006","COMUNE_SEZ":"ARGENTERA","PROVINCIA":"CN","ID_CENTRALE":"144","NOME_CENTRALE":"BERSEZIO","ISTAT_COMUNE_CENTR":"4006","COMUNE_CENTR":"ARGENTERA","PROVINCIA_CENTR":"CN","INDIRIZZO_CENTRALE":"NAZIONALE 1 FRAZ.BERSEZIO","LATITUDINE_SEZIONE":"44.39249","LONGITUDINE_SEZIONE":"6.93687","POS_X_SEZIONE":"335684.02664","POS_Y_SEZIONE":"4917537.79454","LATITUDINE_CENTRALE":"44.38235","LONGITUDINE_CENTRALE":"6.96559","POS_X_CENTRALE":"337943.13659","POS_Y_CENTRALE":"4916353.49904","TIPO_ADSL":"NO","DESCRIZIONE_TIPO_ADSL":"NO Adsl","DISTANZA_CALCOLATA":"2550.71","CLASSE_DISTANZA":"2500-2899","POTENZA_SEGNALE":"","POPOLAZIONE_SEZIONE": "1"}
			},
		 		{ "type" : "Feature",
				"geometry" : {
					"type" : "Point",
					"coordinates" : [6.95496,44.35838]},
			"properties" : { "ANNO":"2010","ID_SEZIONE":"2567","ISTAT_COMUNE_SEZ":"4006","COMUNE_SEZ":"ARGENTERA","PROVINCIA":"CN","ID_CENTRALE":"144","NOME_CENTRALE":"BERSEZIO","ISTAT_COMUNE_CENTR":"4006","COMUNE_CENTR":"ARGENTERA","PROVINCIA_CENTR":"CN","INDIRIZZO_CENTRALE":"NAZIONALE 1 FRAZ.BERSEZIO","LATITUDINE_SEZIONE":"44.35838","LONGITUDINE_SEZIONE":"6.95496","POS_X_SEZIONE":"337029.78638","POS_Y_SEZIONE":"4913712.30820","LATITUDINE_CENTRALE":"44.38235","LONGITUDINE_CENTRALE":"6.96559","POS_X_CENTRALE":"337943.13659","POS_Y_CENTRALE":"4916353.49904","TIPO_ADSL":"NO","DESCRIZIONE_TIPO_ADSL":"NO Adsl","DISTANZA_CALCOLATA":"2794.66","CLASSE_DISTANZA":"2500-2899","POTENZA_SEGNALE":"","POPOLAZIONE_SEZIONE": "3"}
			},
		 		{ "type" : "Feature",
				"geometry" : {
					"type" : "Point",
					"coordinates" : [6.95621,44.33136]},
			"properties" : { "ANNO":"2010","ID_SEZIONE":"2670","ISTAT_COMUNE_SEZ":"4006","COMUNE_SEZ":"ARGENTERA","PROVINCIA":"CN","ID_CENTRALE":"144","NOME_CENTRALE":"BERSEZIO","ISTAT_COMUNE_CENTR":"4006","COMUNE_CENTR":"ARGENTERA","PROVINCIA_CENTR":"CN","INDIRIZZO_CENTRALE":"NAZIONALE 1 FRAZ.BERSEZIO","LATITUDINE_SEZIONE":"44.33136","LONGITUDINE_SEZIONE":"6.95621","POS_X_SEZIONE":"337054.62709","POS_Y_SEZIONE":"4910708.81277","LATITUDINE_CENTRALE":"44.38235","LONGITUDINE_CENTRALE":"6.96559","POS_X_CENTRALE":"337943.13659","POS_Y_CENTRALE":"4916353.49904","TIPO_ADSL":"NO","DESCRIZIONE_TIPO_ADSL":"NO Adsl","DISTANZA_CALCOLATA":"5714.19","CLASSE_DISTANZA":"5700-6099","POTENZA_SEGNALE":"","POPOLAZIONE_SEZIONE": ""}
			},
		 		{ "type" : "Feature",
				"geometry" : {
					"type" : "Point",
					"coordinates" : [6.91435,44.40833]},
			"properties" : { "ANNO":"2010","ID_SEZIONE":"3374","ISTAT_COMUNE_SEZ":"4006","COMUNE_SEZ":"ARGENTERA","PROVINCIA":"CN","ID_CENTRALE":"144","NOME_CENTRALE":"BERSEZIO","ISTAT_COMUNE_CENTR":"4006","COMUNE_CENTR":"ARGENTERA","PROVINCIA_CENTR":"CN","INDIRIZZO_CENTRALE":"NAZIONALE 1 FRAZ.BERSEZIO","LATITUDINE_SEZIONE":"44.40833","LONGITUDINE_SEZIONE":"6.91435","POS_X_SEZIONE":"333935.43195","POS_Y_SEZIONE":"4919341.78148","LATITUDINE_CENTRALE":"44.38235","LONGITUDINE_CENTRALE":"6.96559","POS_X_CENTRALE":"337943.13659","POS_Y_CENTRALE":"4916353.49904","TIPO_ADSL":"NO","DESCRIZIONE_TIPO_ADSL":"NO Adsl","DISTANZA_CALCOLATA":"4999.15","CLASSE_DISTANZA":"4900-5299","POTENZA_SEGNALE":"","POPOLAZIONE_SEZIONE": "1"}
			},
		 		{ "type" : "Feature",
				"geometry" : {
					"type" : "Point",
					"coordinates" : [6.97090,44.36708]},
			"properties" : { "ANNO":"2010","ID_SEZIONE":"5118","ISTAT_COMUNE_SEZ":"4006","COMUNE_SEZ":"ARGENTERA","PROVINCIA":"CN","ID_CENTRALE":"144","NOME_CENTRALE":"BERSEZIO","ISTAT_COMUNE_CENTR":"4006","COMUNE_CENTR":"ARGENTERA","PROVINCIA_CENTR":"CN","INDIRIZZO_CENTRALE":"NAZIONALE 1 FRAZ.BERSEZIO","LATITUDINE_SEZIONE":"44.36708","LONGITUDINE_SEZIONE":"6.97090","POS_X_SEZIONE":"338324.35278","POS_Y_SEZIONE":"4914647.31952","LATITUDINE_CENTRALE":"44.38235","LONGITUDINE_CENTRALE":"6.96559","POS_X_CENTRALE":"337943.13659","POS_Y_CENTRALE":"4916353.49904","TIPO_ADSL":"NO","DESCRIZIONE_TIPO_ADSL":"NO Adsl","DISTANZA_CALCOLATA":"1748.25","CLASSE_DISTANZA":"1700-2099","POTENZA_SEGNALE":"","POPOLAZIONE_SEZIONE": ""}
			},
		 		{ "type" : "Feature",
				"geometry" : {
					"type" : "Point",
					"coordinates" : [6.95313,44.37585]},
			"properties" : { "ANNO":"2010","ID_SEZIONE":"9883","ISTAT_COMUNE_SEZ":"4006","COMUNE_SEZ":"ARGENTERA","PROVINCIA":"CN","ID_CENTRALE":"144","NOME_CENTRALE":"BERSEZIO","ISTAT_COMUNE_CENTR":"4006","COMUNE_CENTR":"ARGENTERA","PROVINCIA_CENTR":"CN","INDIRIZZO_CENTRALE":"NAZIONALE 1 FRAZ.BERSEZIO","LATITUDINE_SEZIONE":"44.37585","LONGITUDINE_SEZIONE":"6.95313","POS_X_SEZIONE":"336932.62414","POS_Y_SEZIONE":"4915656.30564","LATITUDINE_CENTRALE":"44.38235","LONGITUDINE_CENTRALE":"6.96559","POS_X_CENTRALE":"337943.13659","POS_Y_CENTRALE":"4916353.49904","TIPO_ADSL":"NO","DESCRIZIONE_TIPO_ADSL":"NO Adsl","DISTANZA_CALCOLATA":"1227.69","CLASSE_DISTANZA":"900-1299","POTENZA_SEGNALE":"","POPOLAZIONE_SEZIONE": ""}
			},
		 		{ "type" : "Feature",
				"geometry" : {
					"type" : "Point",
					"coordinates" : [7.01631,44.37609]},
			"properties" : { "ANNO":"2010","ID_SEZIONE":"10185","ISTAT_COMUNE_SEZ":"4006","COMUNE_SEZ":"ARGENTERA","PROVINCIA":"CN","ID_CENTRALE":"144","NOME_CENTRALE":"BERSEZIO","ISTAT_COMUNE_CENTR":"4006","COMUNE_CENTR":"ARGENTERA","PROVINCIA_CENTR":"CN","INDIRIZZO_CENTRALE":"NAZIONALE 1 FRAZ.BERSEZIO","LATITUDINE_SEZIONE":"44.37609","LONGITUDINE_SEZIONE":"7.01631","POS_X_SEZIONE":"341966.59279","POS_Y_SEZIONE":"4915559.35485","LATITUDINE_CENTRALE":"44.38235","LONGITUDINE_CENTRALE":"6.96559","POS_X_CENTRALE":"337943.13659","POS_Y_CENTRALE":"4916353.49904","TIPO_ADSL":"NO","DESCRIZIONE_TIPO_ADSL":"NO Adsl","DISTANZA_CALCOLATA":"4101.08","CLASSE_DISTANZA":"4100-4499","POTENZA_SEGNALE":"","POPOLAZIONE_SEZIONE": ""}
			},
		 		{ "type" : "Feature",
				"geometry" : {
					"type" : "Point",
					"coordinates" : [6.91479,44.41888]},
			"properties" : { "ANNO":"2010","ID_SEZIONE":"10225","ISTAT_COMUNE_SEZ":"4006","COMUNE_SEZ":"ARGENTERA","PROVINCIA":"CN","ID_CENTRALE":"144","NOME_CENTRALE":"BERSEZIO","ISTAT_COMUNE_CENTR":"4006","COMUNE_CENTR":"ARGENTERA","PROVINCIA_CENTR":"CN","INDIRIZZO_CENTRALE":"NAZIONALE 1 FRAZ.BERSEZIO","LATITUDINE_SEZIONE":"44.41888","LONGITUDINE_SEZIONE":"6.91479","POS_X_SEZIONE":"334000.15899","POS_Y_SEZIONE":"4920513.28254","LATITUDINE_CENTRALE":"44.38235","LONGITUDINE_CENTRALE":"6.96559","POS_X_CENTRALE":"337943.13659","POS_Y_CENTRALE":"4916353.49904","TIPO_ADSL":"NO","DESCRIZIONE_TIPO_ADSL":"NO Adsl","DISTANZA_CALCOLATA":"5731.57","CLASSE_DISTANZA":"5700-6099","POTENZA_SEGNALE":"","POPOLAZIONE_SEZIONE": ""}
			},
		 		{ "type" : "Feature",
				"geometry" : {
					"type" : "Point",
					"coordinates" : [6.92858,44.38204]},
			"properties" : { "ANNO":"2010","ID_SEZIONE":"10987","ISTAT_COMUNE_SEZ":"4006","COMUNE_SEZ":"ARGENTERA","PROVINCIA":"CN","ID_CENTRALE":"144","NOME_CENTRALE":"BERSEZIO","ISTAT_COMUNE_CENTR":"4006","COMUNE_CENTR":"ARGENTERA","PROVINCIA_CENTR":"CN","INDIRIZZO_CENTRALE":"NAZIONALE 1 FRAZ.BERSEZIO","LATITUDINE_SEZIONE":"44.38204","LONGITUDINE_SEZIONE":"6.92858","POS_X_SEZIONE":"334994.17576","POS_Y_SEZIONE":"4916393.28970","LATITUDINE_CENTRALE":"44.38235","LONGITUDINE_CENTRALE":"6.96559","POS_X_CENTRALE":"337943.13659","POS_Y_CENTRALE":"4916353.49904","TIPO_ADSL":"NO","DESCRIZIONE_TIPO_ADSL":"NO Adsl","DISTANZA_CALCOLATA":"2949.23","CLASSE_DISTANZA":"2900-3299","POTENZA_SEGNALE":"","POPOLAZIONE_SEZIONE": ""}
			},
		 		{ "type" : "Feature",
				"geometry" : {
					"type" : "Point",
					"coordinates" : [6.98674,44.37206]},
			"properties" : { "ANNO":"2010","ID_SEZIONE":"11346","ISTAT_COMUNE_SEZ":"4006","COMUNE_SEZ":"ARGENTERA","PROVINCIA":"CN","ID_CENTRALE":"144","NOME_CENTRALE":"BERSEZIO","ISTAT_COMUNE_CENTR":"4006","COMUNE_CENTR":"ARGENTERA","PROVINCIA_CENTR":"CN","INDIRIZZO_CENTRALE":"NAZIONALE 1 FRAZ.BERSEZIO","LATITUDINE_SEZIONE":"44.37206","LONGITUDINE_SEZIONE":"6.98674","POS_X_SEZIONE":"339599.74018","POS_Y_SEZIONE":"4915169.33169","LATITUDINE_CENTRALE":"44.38235","LONGITUDINE_CENTRALE":"6.96559","POS_X_CENTRALE":"337943.13659","POS_Y_CENTRALE":"4916353.49904","TIPO_ADSL":"NO","DESCRIZIONE_TIPO_ADSL":"NO Adsl","DISTANZA_CALCOLATA":"2036.32","CLASSE_DISTANZA":"1700-2099","POTENZA_SEGNALE":"","POPOLAZIONE_SEZIONE": ""}
			},
		 		{ "type" : "Feature",
				"geometry" : {
					"type" : "Point",
					"coordinates" : [6.95402,44.35600]},
			"properties" : { "ANNO":"2010","ID_SEZIONE":"11604","ISTAT_COMUNE_SEZ":"4006","COMUNE_SEZ":"ARGENTERA","PROVINCIA":"CN","ID_CENTRALE":"144","NOME_CENTRALE":"BERSEZIO","ISTAT_COMUNE_CENTR":"4006","COMUNE_CENTR":"ARGENTERA","PROVINCIA_CENTR":"CN","INDIRIZZO_CENTRALE":"NAZIONALE 1 FRAZ.BERSEZIO","LATITUDINE_SEZIONE":"44.35600","LONGITUDINE_SEZIONE":"6.95402","POS_X_SEZIONE":"336948.82331","POS_Y_SEZIONE":"4913450.30756","LATITUDINE_CENTRALE":"44.38235","LONGITUDINE_CENTRALE":"6.96559","POS_X_CENTRALE":"337943.13659","POS_Y_CENTRALE":"4916353.49904","TIPO_ADSL":"NO","DESCRIZIONE_TIPO_ADSL":"NO Adsl","DISTANZA_CALCOLATA":"3068.74","CLASSE_DISTANZA":"2900-3299","POTENZA_SEGNALE":"","POPOLAZIONE_SEZIONE": ""}
			},
		 		{ "type" : "Feature",
				"geometry" : {
					"type" : "Point",
					"coordinates" : [6.99664,44.36256]},
			"properties" : { "ANNO":"2010","ID_SEZIONE":"11937","ISTAT_COMUNE_SEZ":"4006","COMUNE_SEZ":"ARGENTERA","PROVINCIA":"CN","ID_CENTRALE":"144","NOME_CENTRALE":"BERSEZIO","ISTAT_COMUNE_CENTR":"4006","COMUNE_CENTR":"ARGENTERA","PROVINCIA_CENTR":"CN","INDIRIZZO_CENTRALE":"NAZIONALE 1 FRAZ.BERSEZIO","LATITUDINE_SEZIONE":"44.36256","LONGITUDINE_SEZIONE":"6.99664","POS_X_SEZIONE":"340363.09839","POS_Y_SEZIONE":"4914094.83927","LATITUDINE_CENTRALE":"44.38235","LONGITUDINE_CENTRALE":"6.96559","POS_X_CENTRALE":"337943.13659","POS_Y_CENTRALE":"4916353.49904","TIPO_ADSL":"NO","DESCRIZIONE_TIPO_ADSL":"NO Adsl","DISTANZA_CALCOLATA":"3310.25","CLASSE_DISTANZA":"3300-3699","POTENZA_SEGNALE":"","POPOLAZIONE_SEZIONE": "2"}
			},
		 		{ "type" : "Feature",
				"geometry" : {
					"type" : "Point",
					"coordinates" : [6.98550,44.38423]},
			"properties" : { "ANNO":"2010","ID_SEZIONE":"13195","ISTAT_COMUNE_SEZ":"4006","COMUNE_SEZ":"ARGENTERA","PROVINCIA":"CN","ID_CENTRALE":"144","NOME_CENTRALE":"BERSEZIO","ISTAT_COMUNE_CENTR":"4006","COMUNE_CENTR":"ARGENTERA","PROVINCIA_CENTR":"CN","INDIRIZZO_CENTRALE":"NAZIONALE 1 FRAZ.BERSEZIO","LATITUDINE_SEZIONE":"44.38423","LONGITUDINE_SEZIONE":"6.98550","POS_X_SEZIONE":"339534.49704","POS_Y_SEZIONE":"4916523.83076","LATITUDINE_CENTRALE":"44.38235","LONGITUDINE_CENTRALE":"6.96559","POS_X_CENTRALE":"337943.13659","POS_Y_CENTRALE":"4916353.49904","TIPO_ADSL":"NO","DESCRIZIONE_TIPO_ADSL":"NO Adsl","DISTANZA_CALCOLATA":"1600.45","CLASSE_DISTANZA":"1300-1699","POTENZA_SEGNALE":"","POPOLAZIONE_SEZIONE": ""}
			},
		 		{ "type" : "Feature",
				"geometry" : {
					"type" : "Point",
					"coordinates" : [6.99713,44.36716]},
			"properties" : { "ANNO":"2010","ID_SEZIONE":"13241","ISTAT_COMUNE_SEZ":"4006","COMUNE_SEZ":"ARGENTERA","PROVINCIA":"CN","ID_CENTRALE":"144","NOME_CENTRALE":"BERSEZIO","ISTAT_COMUNE_CENTR":"4006","COMUNE_CENTR":"ARGENTERA","PROVINCIA_CENTR":"CN","INDIRIZZO_CENTRALE":"NAZIONALE 1 FRAZ.BERSEZIO","LATITUDINE_SEZIONE":"44.36716","LONGITUDINE_SEZIONE":"6.99713","POS_X_SEZIONE":"340414.77608","POS_Y_SEZIONE":"4914604.83991","LATITUDINE_CENTRALE":"44.38235","LONGITUDINE_CENTRALE":"6.96559","POS_X_CENTRALE":"337943.13659","POS_Y_CENTRALE":"4916353.49904","TIPO_ADSL":"NO","DESCRIZIONE_TIPO_ADSL":"NO Adsl","DISTANZA_CALCOLATA":"3027.67","CLASSE_DISTANZA":"2900-3299","POTENZA_SEGNALE":"","POPOLAZIONE_SEZIONE": ""}
			},
		 		{ "type" : "Feature",
				"geometry" : {
					"type" : "Point",
					"coordinates" : [6.96174,44.40368]},
			"properties" : { "ANNO":"2010","ID_SEZIONE":"14061","ISTAT_COMUNE_SEZ":"4006","COMUNE_SEZ":"ARGENTERA","PROVINCIA":"CN","ID_CENTRALE":"144","NOME_CENTRALE":"BERSEZIO","ISTAT_COMUNE_CENTR":"4006","COMUNE_CENTR":"ARGENTERA","PROVINCIA_CENTR":"CN","INDIRIZZO_CENTRALE":"NAZIONALE 1 FRAZ.BERSEZIO","LATITUDINE_SEZIONE":"44.40368","LONGITUDINE_SEZIONE":"6.96174","POS_X_SEZIONE":"337695.65416","POS_Y_SEZIONE":"4918730.81034","LATITUDINE_CENTRALE":"44.38235","LONGITUDINE_CENTRALE":"6.96559","POS_X_CENTRALE":"337943.13659","POS_Y_CENTRALE":"4916353.49904","TIPO_ADSL":"NO","DESCRIZIONE_TIPO_ADSL":"NO Adsl","DISTANZA_CALCOLATA":"2390.16","CLASSE_DISTANZA":"2100-2499","POTENZA_SEGNALE":"","POPOLAZIONE_SEZIONE": ""}
			},
		 		{ "type" : "Feature",
				"geometry" : {
					"type" : "Point",
					"coordinates" : [6.97139,44.34389]},
			"properties" : { "ANNO":"2010","ID_SEZIONE":"14680","ISTAT_COMUNE_SEZ":"4006","COMUNE_SEZ":"ARGENTERA","PROVINCIA":"CN","ID_CENTRALE":"144","NOME_CENTRALE":"BERSEZIO","ISTAT_COMUNE_CENTR":"4006","COMUNE_CENTR":"ARGENTERA","PROVINCIA_CENTR":"CN","INDIRIZZO_CENTRALE":"NAZIONALE 1 FRAZ.BERSEZIO","LATITUDINE_SEZIONE":"44.34389","LONGITUDINE_SEZIONE":"6.97139","POS_X_SEZIONE":"338299.55765","POS_Y_SEZIONE":"4912069.82090","LATITUDINE_CENTRALE":"44.38235","LONGITUDINE_CENTRALE":"6.96559","POS_X_CENTRALE":"337943.13659","POS_Y_CENTRALE":"4916353.49904","TIPO_ADSL":"NO","DESCRIZIONE_TIPO_ADSL":"NO Adsl","DISTANZA_CALCOLATA":"4298.48","CLASSE_DISTANZA":"4100-4499","POTENZA_SEGNALE":"","POPOLAZIONE_SEZIONE": ""}
			},
		 		{ "type" : "Feature",
				"geometry" : {
					"type" : "Point",
					"coordinates" : [6.97851,44.39753]},
			"properties" : { "ANNO":"2010","ID_SEZIONE":"15117","ISTAT_COMUNE_SEZ":"4006","COMUNE_SEZ":"ARGENTERA","PROVINCIA":"CN","ID_CENTRALE":"144","NOME_CENTRALE":"BERSEZIO","ISTAT_COMUNE_CENTR":"4006","COMUNE_CENTR":"ARGENTERA","PROVINCIA_CENTR":"CN","INDIRIZZO_CENTRALE":"NAZIONALE 1 FRAZ.BERSEZIO","LATITUDINE_SEZIONE":"44.39753","LONGITUDINE_SEZIONE":"6.97851","POS_X_SEZIONE":"339014.44174","POS_Y_SEZIONE":"4918014.82494","LATITUDINE_CENTRALE":"44.38235","LONGITUDINE_CENTRALE":"6.96559","POS_X_CENTRALE":"337943.13659","POS_Y_CENTRALE":"4916353.49904","TIPO_ADSL":"NO","DESCRIZIONE_TIPO_ADSL":"NO Adsl","DISTANZA_CALCOLATA":"1976.79","CLASSE_DISTANZA":"1700-2099","POTENZA_SEGNALE":"","POPOLAZIONE_SEZIONE": ""}
			},
		 		{ "type" : "Feature",
				"geometry" : {
					"type" : "Point",
					"coordinates" : [6.97025,44.37876]},
			"properties" : { "ANNO":"2010","ID_SEZIONE":"16666","ISTAT_COMUNE_SEZ":"4006","COMUNE_SEZ":"ARGENTERA","PROVINCIA":"CN","ID_CENTRALE":"144","NOME_CENTRALE":"BERSEZIO","ISTAT_COMUNE_CENTR":"4006","COMUNE_CENTR":"ARGENTERA","PROVINCIA_CENTR":"CN","INDIRIZZO_CENTRALE":"NAZIONALE 1 FRAZ.BERSEZIO","LATITUDINE_SEZIONE":"44.37876","LONGITUDINE_SEZIONE":"6.97025","POS_X_SEZIONE":"338304.98434","POS_Y_SEZIONE":"4915945.81860","LATITUDINE_CENTRALE":"44.38235","LONGITUDINE_CENTRALE":"6.96559","POS_X_CENTRALE":"337943.13659","POS_Y_CENTRALE":"4916353.49904","TIPO_ADSL":"NO","DESCRIZIONE_TIPO_ADSL":"NO Adsl","DISTANZA_CALCOLATA":"545.10","CLASSE_DISTANZA":"500-899","POTENZA_SEGNALE":"","POPOLAZIONE_SEZIONE": "65"}
			},
		 		{ "type" : "Feature",
				"geometry" : {
					"type" : "Point",
					"coordinates" : [6.93882,44.42152]},
			"properties" : { "ANNO":"2010","ID_SEZIONE":"17174","ISTAT_COMUNE_SEZ":"4006","COMUNE_SEZ":"ARGENTERA","PROVINCIA":"CN","ID_CENTRALE":"144","NOME_CENTRALE":"BERSEZIO","ISTAT_COMUNE_CENTR":"4006","COMUNE_CENTR":"ARGENTERA","PROVINCIA_CENTR":"CN","INDIRIZZO_CENTRALE":"NAZIONALE 1 FRAZ.BERSEZIO","LATITUDINE_SEZIONE":"44.42152","LONGITUDINE_SEZIONE":"6.93882","POS_X_SEZIONE":"335920.24603","POS_Y_SEZIONE":"4920757.79633","LATITUDINE_CENTRALE":"44.38235","LONGITUDINE_CENTRALE":"6.96559","POS_X_CENTRALE":"337943.13659","POS_Y_CENTRALE":"4916353.49904","TIPO_ADSL":"NO","DESCRIZIONE_TIPO_ADSL":"NO Adsl","DISTANZA_CALCOLATA":"4846.64","CLASSE_DISTANZA":"4500-4899","POTENZA_SEGNALE":"","POPOLAZIONE_SEZIONE": ""}
			},
		 		{ "type" : "Feature",
				"geometry" : {
					"type" : "Point",
					"coordinates" : [6.89940,44.41549]},
			"properties" : { "ANNO":"2010","ID_SEZIONE":"17175","ISTAT_COMUNE_SEZ":"4006","COMUNE_SEZ":"ARGENTERA","PROVINCIA":"CN","ID_CENTRALE":"144","NOME_CENTRALE":"BERSEZIO","ISTAT_COMUNE_CENTR":"4006","COMUNE_CENTR":"ARGENTERA","PROVINCIA_CENTR":"CN","INDIRIZZO_CENTRALE":"NAZIONALE 1 FRAZ.BERSEZIO","LATITUDINE_SEZIONE":"44.41549","LONGITUDINE_SEZIONE":"6.89940","POS_X_SEZIONE":"332765.44846","POS_Y_SEZIONE":"4920167.77367","LATITUDINE_CENTRALE":"44.38235","LONGITUDINE_CENTRALE":"6.96559","POS_X_CENTRALE":"337943.13659","POS_Y_CENTRALE":"4916353.49904","TIPO_ADSL":"NO","DESCRIZIONE_TIPO_ADSL":"NO Adsl","DISTANZA_CALCOLATA":"6430.95","CLASSE_DISTANZA":"6100 e oltre","POTENZA_SEGNALE":"","POPOLAZIONE_SEZIONE": ""}
			},
		 		{ "type" : "Feature",
				"geometry" : {
					"type" : "Point",
					"coordinates" : [7.00525,44.39142]},
			"properties" : { "ANNO":"2010","ID_SEZIONE":"19317","ISTAT_COMUNE_SEZ":"4006","COMUNE_SEZ":"ARGENTERA","PROVINCIA":"CN","ID_CENTRALE":"144","NOME_CENTRALE":"BERSEZIO","ISTAT_COMUNE_CENTR":"4006","COMUNE_CENTR":"ARGENTERA","PROVINCIA_CENTR":"CN","INDIRIZZO_CENTRALE":"NAZIONALE 1 FRAZ.BERSEZIO","LATITUDINE_SEZIONE":"44.39142","LONGITUDINE_SEZIONE":"7.00525","POS_X_SEZIONE":"341127.28757","POS_Y_SEZIONE":"4917283.34692","LATITUDINE_CENTRALE":"44.38235","LONGITUDINE_CENTRALE":"6.96559","POS_X_CENTRALE":"337943.13659","POS_Y_CENTRALE":"4916353.49904","TIPO_ADSL":"NO","DESCRIZIONE_TIPO_ADSL":"NO Adsl","DISTANZA_CALCOLATA":"3317.14","CLASSE_DISTANZA":"3300-3699","POTENZA_SEGNALE":"","POPOLAZIONE_SEZIONE": ""}
			},
		 		{ "type" : "Feature",
				"geometry" : {
					"type" : "Point",
					"coordinates" : [6.98048,44.37020]},
			"properties" : { "ANNO":"2010","ID_SEZIONE":"19801","ISTAT_COMUNE_SEZ":"4006","COMUNE_SEZ":"ARGENTERA","PROVINCIA":"CN","ID_CENTRALE":"144","NOME_CENTRALE":"BERSEZIO","ISTAT_COMUNE_CENTR":"4006","COMUNE_CENTR":"ARGENTERA","PROVINCIA_CENTR":"CN","INDIRIZZO_CENTRALE":"NAZIONALE 1 FRAZ.BERSEZIO","LATITUDINE_SEZIONE":"44.37020","LONGITUDINE_SEZIONE":"6.98048","POS_X_SEZIONE":"339095.90350","POS_Y_SEZIONE":"4914974.32727","LATITUDINE_CENTRALE":"44.38235","LONGITUDINE_CENTRALE":"6.96559","POS_X_CENTRALE":"337943.13659","POS_Y_CENTRALE":"4916353.49904","TIPO_ADSL":"NO","DESCRIZIONE_TIPO_ADSL":"NO Adsl","DISTANZA_CALCOLATA":"1797.49","CLASSE_DISTANZA":"1700-2099","POTENZA_SEGNALE":"","POPOLAZIONE_SEZIONE": "16"}
			},
		 		{ "type" : "Feature",
				"geometry" : {
					"type" : "Point",
					"coordinates" : [6.97921,44.35739]},
			"properties" : { "ANNO":"2010","ID_SEZIONE":"21191","ISTAT_COMUNE_SEZ":"4006","COMUNE_SEZ":"ARGENTERA","PROVINCIA":"CN","ID_CENTRALE":"144","NOME_CENTRALE":"BERSEZIO","ISTAT_COMUNE_CENTR":"4006","COMUNE_CENTR":"ARGENTERA","PROVINCIA_CENTR":"CN","INDIRIZZO_CENTRALE":"NAZIONALE 1 FRAZ.BERSEZIO","LATITUDINE_SEZIONE":"44.35739","LONGITUDINE_SEZIONE":"6.97921","POS_X_SEZIONE":"338959.96136","POS_Y_SEZIONE":"4913554.32650","LATITUDINE_CENTRALE":"44.38235","LONGITUDINE_CENTRALE":"6.96559","POS_X_CENTRALE":"337943.13659","POS_Y_CENTRALE":"4916353.49904","TIPO_ADSL":"NO","DESCRIZIONE_TIPO_ADSL":"NO Adsl","DISTANZA_CALCOLATA":"2978.14","CLASSE_DISTANZA":"2900-3299","POTENZA_SEGNALE":"","POPOLAZIONE_SEZIONE": ""}
			},
		 		{ "type" : "Feature",
				"geometry" : {
					"type" : "Point",
					"coordinates" : [6.90429,44.41733]},
			"properties" : { "ANNO":"2010","ID_SEZIONE":"22508","ISTAT_COMUNE_SEZ":"4006","COMUNE_SEZ":"ARGENTERA","PROVINCIA":"CN","ID_CENTRALE":"144","NOME_CENTRALE":"BERSEZIO","ISTAT_COMUNE_CENTR":"4006","COMUNE_CENTR":"ARGENTERA","PROVINCIA_CENTR":"CN","INDIRIZZO_CENTRALE":"NAZIONALE 1 FRAZ.BERSEZIO","LATITUDINE_SEZIONE":"44.41733","LONGITUDINE_SEZIONE":"6.90429","POS_X_SEZIONE":"333160.03764","POS_Y_SEZIONE":"4920362.27633","LATITUDINE_CENTRALE":"44.38235","LONGITUDINE_CENTRALE":"6.96559","POS_X_CENTRALE":"337943.13659","POS_Y_CENTRALE":"4916353.49904","TIPO_ADSL":"NO","DESCRIZIONE_TIPO_ADSL":"NO Adsl","DISTANZA_CALCOLATA":"6240.86","CLASSE_DISTANZA":"6100 e oltre","POTENZA_SEGNALE":"","POPOLAZIONE_SEZIONE": ""}
			},
		 		{ "type" : "Feature",
				"geometry" : {
					"type" : "Point",
					"coordinates" : [6.91508,44.38971]},
			"properties" : { "ANNO":"2010","ID_SEZIONE":"23275","ISTAT_COMUNE_SEZ":"4006","COMUNE_SEZ":"ARGENTERA","PROVINCIA":"CN","ID_CENTRALE":"144","NOME_CENTRALE":"BERSEZIO","ISTAT_COMUNE_CENTR":"4006","COMUNE_CENTR":"ARGENTERA","PROVINCIA_CENTR":"CN","INDIRIZZO_CENTRALE":"NAZIONALE 1 FRAZ.BERSEZIO","LATITUDINE_SEZIONE":"44.38971","LONGITUDINE_SEZIONE":"6.91508","POS_X_SEZIONE":"333940.81716","POS_Y_SEZIONE":"4917272.28158","LATITUDINE_CENTRALE":"44.38235","LONGITUDINE_CENTRALE":"6.96559","POS_X_CENTRALE":"337943.13659","POS_Y_CENTRALE":"4916353.49904","TIPO_ADSL":"NO","DESCRIZIONE_TIPO_ADSL":"NO Adsl","DISTANZA_CALCOLATA":"4106.42","CLASSE_DISTANZA":"4100-4499","POTENZA_SEGNALE":"","POPOLAZIONE_SEZIONE": ""}
			},
		 		{ "type" : "Feature",
				"geometry" : {
					"type" : "Point",
					"coordinates" : [6.93736,44.33903]},
			"properties" : { "ANNO":"2010","ID_SEZIONE":"23696","ISTAT_COMUNE_SEZ":"4006","COMUNE_SEZ":"ARGENTERA","PROVINCIA":"CN","ID_CENTRALE":"144","NOME_CENTRALE":"BERSEZIO","ISTAT_COMUNE_CENTR":"4006","COMUNE_CENTR":"ARGENTERA","PROVINCIA_CENTR":"CN","INDIRIZZO_CENTRALE":"NAZIONALE 1 FRAZ.BERSEZIO","LATITUDINE_SEZIONE":"44.33903","LONGITUDINE_SEZIONE":"6.93736","POS_X_SEZIONE":"335573.39470","POS_Y_SEZIONE":"4911597.79683","LATITUDINE_CENTRALE":"44.38235","LONGITUDINE_CENTRALE":"6.96559","POS_X_CENTRALE":"337943.13659","POS_Y_CENTRALE":"4916353.49904","TIPO_ADSL":"NO","DESCRIZIONE_TIPO_ADSL":"NO Adsl","DISTANZA_CALCOLATA":"5313.42","CLASSE_DISTANZA":"5300-5699","POTENZA_SEGNALE":"","POPOLAZIONE_SEZIONE": ""}
			},
		 		{ "type" : "Feature",
				"geometry" : {
					"type" : "Point",
					"coordinates" : [6.94735,44.41340]},
			"properties" : { "ANNO":"2010","ID_SEZIONE":"26384","ISTAT_COMUNE_SEZ":"4006","COMUNE_SEZ":"ARGENTERA","PROVINCIA":"CN","ID_CENTRALE":"144","NOME_CENTRALE":"BERSEZIO","ISTAT_COMUNE_CENTR":"4006","COMUNE_CENTR":"ARGENTERA","PROVINCIA_CENTR":"CN","INDIRIZZO_CENTRALE":"NAZIONALE 1 FRAZ.BERSEZIO","LATITUDINE_SEZIONE":"44.41340","LONGITUDINE_SEZIONE":"6.94735","POS_X_SEZIONE":"336576.63669","POS_Y_SEZIONE":"4919839.29905","LATITUDINE_CENTRALE":"44.38235","LONGITUDINE_CENTRALE":"6.96559","POS_X_CENTRALE":"337943.13659","POS_Y_CENTRALE":"4916353.49904","TIPO_ADSL":"NO","DESCRIZIONE_TIPO_ADSL":"NO Adsl","DISTANZA_CALCOLATA":"3744.08","CLASSE_DISTANZA":"3700-4099","POTENZA_SEGNALE":"","POPOLAZIONE_SEZIONE": ""}
			},
		 		{ "type" : "Feature",
				"geometry" : {
					"type" : "Point",
					"coordinates" : [6.98838,44.36480]},
			"properties" : { "ANNO":"2010","ID_SEZIONE":"26720","ISTAT_COMUNE_SEZ":"4006","COMUNE_SEZ":"ARGENTERA","PROVINCIA":"CN","ID_CENTRALE":"144","NOME_CENTRALE":"BERSEZIO","ISTAT_COMUNE_CENTR":"4006","COMUNE_CENTR":"ARGENTERA","PROVINCIA_CENTR":"CN","INDIRIZZO_CENTRALE":"NAZIONALE 1 FRAZ.BERSEZIO","LATITUDINE_SEZIONE":"44.36480","LONGITUDINE_SEZIONE":"6.98838","POS_X_SEZIONE":"339710.41051","POS_Y_SEZIONE":"4914359.33335","LATITUDINE_CENTRALE":"44.38235","LONGITUDINE_CENTRALE":"6.96559","POS_X_CENTRALE":"337943.13659","POS_Y_CENTRALE":"4916353.49904","TIPO_ADSL":"NO","DESCRIZIONE_TIPO_ADSL":"NO Adsl","DISTANZA_CALCOLATA":"2664.57","CLASSE_DISTANZA":"2500-2899","POTENZA_SEGNALE":"","POPOLAZIONE_SEZIONE": "2"}
			},
		 		{ "type" : "Feature",
				"geometry" : {
					"type" : "Point",
					"coordinates" : [6.96270,44.38585]},
			"properties" : { "ANNO":"2010","ID_SEZIONE":"27441","ISTAT_COMUNE_SEZ":"4006","COMUNE_SEZ":"ARGENTERA","PROVINCIA":"CN","ID_CENTRALE":"144","NOME_CENTRALE":"BERSEZIO","ISTAT_COMUNE_CENTR":"4006","COMUNE_CENTR":"ARGENTERA","PROVINCIA_CENTR":"CN","INDIRIZZO_CENTRALE":"NAZIONALE 1 FRAZ.BERSEZIO","LATITUDINE_SEZIONE":"44.38585","LONGITUDINE_SEZIONE":"6.96270","POS_X_SEZIONE":"337722.69186","POS_Y_SEZIONE":"4916747.81233","LATITUDINE_CENTRALE":"44.38235","LONGITUDINE_CENTRALE":"6.96559","POS_X_CENTRALE":"337943.13659","POS_Y_CENTRALE":"4916353.49904","TIPO_ADSL":"NO","DESCRIZIONE_TIPO_ADSL":"NO Adsl","DISTANZA_CALCOLATA":"451.75","CLASSE_DISTANZA":"100-499","POTENZA_SEGNALE":"","POPOLAZIONE_SEZIONE": "3"}
			},
		 		{ "type" : "Feature",
				"geometry" : {
					"type" : "Point",
					"coordinates" : [6.90115,44.36568]},
			"properties" : { "ANNO":"2010","ID_SEZIONE":"27497","ISTAT_COMUNE_SEZ":"4006","COMUNE_SEZ":"ARGENTERA","PROVINCIA":"CN","ID_CENTRALE":"144","NOME_CENTRALE":"BERSEZIO","ISTAT_COMUNE_CENTR":"4006","COMUNE_CENTR":"ARGENTERA","PROVINCIA_CENTR":"CN","INDIRIZZO_CENTRALE":"NAZIONALE 1 FRAZ.BERSEZIO","LATITUDINE_SEZIONE":"44.36568","LONGITUDINE_SEZIONE":"6.90115","POS_X_SEZIONE":"332762.77838","POS_Y_SEZIONE":"4914631.27191","LATITUDINE_CENTRALE":"44.38235","LONGITUDINE_CENTRALE":"6.96559","POS_X_CENTRALE":"337943.13659","POS_Y_CENTRALE":"4916353.49904","TIPO_ADSL":"NO","DESCRIZIONE_TIPO_ADSL":"NO Adsl","DISTANZA_CALCOLATA":"5459.14","CLASSE_DISTANZA":"5300-5699","POTENZA_SEGNALE":"","POPOLAZIONE_SEZIONE": ""}
			},
		 		{ "type" : "Feature",
				"geometry" : {
					"type" : "Point",
					"coordinates" : [6.92888,44.35752]},
			"properties" : { "ANNO":"2010","ID_SEZIONE":"27952","ISTAT_COMUNE_SEZ":"4006","COMUNE_SEZ":"ARGENTERA","PROVINCIA":"CN","ID_CENTRALE":"144","NOME_CENTRALE":"BERSEZIO","ISTAT_COMUNE_CENTR":"4006","COMUNE_CENTR":"ARGENTERA","PROVINCIA_CENTR":"CN","INDIRIZZO_CENTRALE":"NAZIONALE 1 FRAZ.BERSEZIO","LATITUDINE_SEZIONE":"44.35752","LONGITUDINE_SEZIONE":"6.92888","POS_X_SEZIONE":"334949.63688","POS_Y_SEZIONE":"4913669.29047","LATITUDINE_CENTRALE":"44.38235","LONGITUDINE_CENTRALE":"6.96559","POS_X_CENTRALE":"337943.13659","POS_Y_CENTRALE":"4916353.49904","TIPO_ADSL":"NO","DESCRIZIONE_TIPO_ADSL":"NO Adsl","DISTANZA_CALCOLATA":"4020.7","CLASSE_DISTANZA":"3700-4099","POTENZA_SEGNALE":"","POPOLAZIONE_SEZIONE": ""}
			},
		 		{ "type" : "Feature",
				"geometry" : {
					"type" : "Point",
					"coordinates" : [6.90534,44.39805]},
			"properties" : { "ANNO":"2010","ID_SEZIONE":"28802","ISTAT_COMUNE_SEZ":"4006","COMUNE_SEZ":"ARGENTERA","PROVINCIA":"CN","ID_CENTRALE":"144","NOME_CENTRALE":"BERSEZIO","ISTAT_COMUNE_CENTR":"4006","COMUNE_CENTR":"ARGENTERA","PROVINCIA_CENTR":"CN","INDIRIZZO_CENTRALE":"NAZIONALE 1 FRAZ.BERSEZIO","LATITUDINE_SEZIONE":"44.39805","LONGITUDINE_SEZIONE":"6.90534","POS_X_SEZIONE":"333188.11163","POS_Y_SEZIONE":"4918218.77604","LATITUDINE_CENTRALE":"44.38235","LONGITUDINE_CENTRALE":"6.96559","POS_X_CENTRALE":"337943.13659","POS_Y_CENTRALE":"4916353.49904","TIPO_ADSL":"NO","DESCRIZIONE_TIPO_ADSL":"NO Adsl","DISTANZA_CALCOLATA":"5107.79","CLASSE_DISTANZA":"4900-5299","POTENZA_SEGNALE":"","POPOLAZIONE_SEZIONE": ""}
			},
		 		{ "type" : "Feature",
				"geometry" : {
					"type" : "Point",
					"coordinates" : [6.93838,44.39618]},
			"properties" : { "ANNO":"2010","ID_SEZIONE":"29315","ISTAT_COMUNE_SEZ":"4006","COMUNE_SEZ":"ARGENTERA","PROVINCIA":"CN","ID_CENTRALE":"144","NOME_CENTRALE":"BERSEZIO","ISTAT_COMUNE_CENTR":"4006","COMUNE_CENTR":"ARGENTERA","PROVINCIA_CENTR":"CN","INDIRIZZO_CENTRALE":"NAZIONALE 1 FRAZ.BERSEZIO","LATITUDINE_SEZIONE":"44.39618","LONGITUDINE_SEZIONE":"6.93838","POS_X_SEZIONE":"335814.17550","POS_Y_SEZIONE":"4917944.29489","LATITUDINE_CENTRALE":"44.38235","LONGITUDINE_CENTRALE":"6.96559","POS_X_CENTRALE":"337943.13659","POS_Y_CENTRALE":"4916353.49904","TIPO_ADSL":"NO","DESCRIZIONE_TIPO_ADSL":"NO Adsl","DISTANZA_CALCOLATA":"2657.65","CLASSE_DISTANZA":"2500-2899","POTENZA_SEGNALE":"","POPOLAZIONE_SEZIONE": "8"}
			},
		 		{ "type" : "Feature",
				"geometry" : {
					"type" : "Point",
					"coordinates" : [6.95234,44.39327]},
			"properties" : { "ANNO":"2010","ID_SEZIONE":"29675","ISTAT_COMUNE_SEZ":"4006","COMUNE_SEZ":"ARGENTERA","PROVINCIA":"CN","ID_CENTRALE":"144","NOME_CENTRALE":"BERSEZIO","ISTAT_COMUNE_CENTR":"4006","COMUNE_CENTR":"ARGENTERA","PROVINCIA_CENTR":"CN","INDIRIZZO_CENTRALE":"NAZIONALE 1 FRAZ.BERSEZIO","LATITUDINE_SEZIONE":"44.39327","LONGITUDINE_SEZIONE":"6.95234","POS_X_SEZIONE":"336918.42997","POS_Y_SEZIONE":"4917592.80330","LATITUDINE_CENTRALE":"44.38235","LONGITUDINE_CENTRALE":"6.96559","POS_X_CENTRALE":"337943.13659","POS_Y_CENTRALE":"4916353.49904","TIPO_ADSL":"NO","DESCRIZIONE_TIPO_ADSL":"NO Adsl","DISTANZA_CALCOLATA":"1608.07","CLASSE_DISTANZA":"1300-1699","POTENZA_SEGNALE":"","POPOLAZIONE_SEZIONE": ""}
			},
		 		{ "type" : "Feature",
				"geometry" : {
					"type" : "Point",
					"coordinates" : [6.93655,44.41594]},
			"properties" : { "ANNO":"2010","ID_SEZIONE":"29991","ISTAT_COMUNE_SEZ":"4006","COMUNE_SEZ":"ARGENTERA","PROVINCIA":"CN","ID_CENTRALE":"144","NOME_CENTRALE":"BERSEZIO","ISTAT_COMUNE_CENTR":"4006","COMUNE_CENTR":"ARGENTERA","PROVINCIA_CENTR":"CN","INDIRIZZO_CENTRALE":"NAZIONALE 1 FRAZ.BERSEZIO","LATITUDINE_SEZIONE":"44.41594","LONGITUDINE_SEZIONE":"6.93655","POS_X_SEZIONE":"335724.41269","POS_Y_SEZIONE":"4920142.79268","LATITUDINE_CENTRALE":"44.38235","LONGITUDINE_CENTRALE":"6.96559","POS_X_CENTRALE":"337943.13659","POS_Y_CENTRALE":"4916353.49904","TIPO_ADSL":"NO","DESCRIZIONE_TIPO_ADSL":"NO Adsl","DISTANZA_CALCOLATA":"4391.07","CLASSE_DISTANZA":"4100-4499","POTENZA_SEGNALE":"","POPOLAZIONE_SEZIONE": ""}
			},
		 		{ "type" : "Feature",
				"geometry" : {
					"type" : "Point",
					"coordinates" : [6.94733,44.41625]},
			"properties" : { "ANNO":"2010","ID_SEZIONE":"30823","ISTAT_COMUNE_SEZ":"4006","COMUNE_SEZ":"ARGENTERA","PROVINCIA":"CN","ID_CENTRALE":"144","NOME_CENTRALE":"BERSEZIO","ISTAT_COMUNE_CENTR":"4006","COMUNE_CENTR":"ARGENTERA","PROVINCIA_CENTR":"CN","INDIRIZZO_CENTRALE":"NAZIONALE 1 FRAZ.BERSEZIO","LATITUDINE_SEZIONE":"44.41625","LONGITUDINE_SEZIONE":"6.94733","POS_X_SEZIONE":"336583.09813","POS_Y_SEZIONE":"4920155.29828","LATITUDINE_CENTRALE":"44.38235","LONGITUDINE_CENTRALE":"6.96559","POS_X_CENTRALE":"337943.13659","POS_Y_CENTRALE":"4916353.49904","TIPO_ADSL":"NO","DESCRIZIONE_TIPO_ADSL":"NO Adsl","DISTANZA_CALCOLATA":"4037.74","CLASSE_DISTANZA":"3700-4099","POTENZA_SEGNALE":"","POPOLAZIONE_SEZIONE": ""}
			}
		 		]
	}
		