 	{ "type" : "FeatureCollection",
		"features" : [
		 		{ "type" : "Feature",
				"geometry" : {
					"type" : "Point",
					"coordinates" : [7.86912,45.27340]},
			"properties" : { "ANNO":"2010","ID_SEZIONE":"949","ISTAT_COMUNE_SEZ":"1047","COMUNE_SEZ":"CALUSO","PROVINCIA":"TO","ID_CENTRALE":"1136","NOME_CENTRALE":"RODALLO","ISTAT_COMUNE_CENTR":"1047","COMUNE_CENTR":"CALUSO","PROVINCIA_CENTR":"TO","INDIRIZZO_CENTRALE":"SAN ROCCO","LATITUDINE_SEZIONE":"45.27340","LONGITUDINE_SEZIONE":"7.86912","POS_X_SEZIONE":"411294.62050","POS_Y_SEZIONE":"5013944.42298","LATITUDINE_CENTRALE":"45.27766","LONGITUDINE_CENTRALE":"7.87158","POS_X_CENTRALE":"411493.48971","POS_Y_CENTRALE":"5014414.62918","TIPO_ADSL":"ADSL_M","DESCRIZIONE_TIPO_ADSL":"ADSL Mini","DISTANZA_CALCOLATA":"510.53","CLASSE_DISTANZA":"500-899","POTENZA_SEGNALE":"0.64","POPOLAZIONE_SEZIONE": ""}
			},
		 		{ "type" : "Feature",
				"geometry" : {
					"type" : "Point",
					"coordinates" : [7.89579,45.25514]},
			"properties" : { "ANNO":"2010","ID_SEZIONE":"2519","ISTAT_COMUNE_SEZ":"1047","COMUNE_SEZ":"CALUSO","PROVINCIA":"TO","ID_CENTRALE":"1136","NOME_CENTRALE":"RODALLO","ISTAT_COMUNE_CENTR":"1047","COMUNE_CENTR":"CALUSO","PROVINCIA_CENTR":"TO","INDIRIZZO_CENTRALE":"SAN ROCCO","LATITUDINE_SEZIONE":"45.25514","LONGITUDINE_SEZIONE":"7.89579","POS_X_SEZIONE":"413358.82428","POS_Y_SEZIONE":"5011886.44768","LATITUDINE_CENTRALE":"45.27766","LONGITUDINE_CENTRALE":"7.87158","POS_X_CENTRALE":"411493.48971","POS_Y_CENTRALE":"5014414.62918","TIPO_ADSL":"ADSL_M","DESCRIZIONE_TIPO_ADSL":"ADSL Mini","DISTANZA_CALCOLATA":"3141.84","CLASSE_DISTANZA":"2900-3299","POTENZA_SEGNALE":"0.64","POPOLAZIONE_SEZIONE": "95"}
			},
		 		{ "type" : "Feature",
				"geometry" : {
					"type" : "Point",
					"coordinates" : [7.88091,45.25862]},
			"properties" : { "ANNO":"2010","ID_SEZIONE":"8288","ISTAT_COMUNE_SEZ":"1047","COMUNE_SEZ":"CALUSO","PROVINCIA":"TO","ID_CENTRALE":"1136","NOME_CENTRALE":"RODALLO","ISTAT_COMUNE_CENTR":"1047","COMUNE_CENTR":"CALUSO","PROVINCIA_CENTR":"TO","INDIRIZZO_CENTRALE":"SAN ROCCO","LATITUDINE_SEZIONE":"45.25862","LONGITUDINE_SEZIONE":"7.88091","POS_X_SEZIONE":"412196.46549","POS_Y_SEZIONE":"5012289.92979","LATITUDINE_CENTRALE":"45.27766","LONGITUDINE_CENTRALE":"7.87158","POS_X_CENTRALE":"411493.48971","POS_Y_CENTRALE":"5014414.62918","TIPO_ADSL":"ADSL_M","DESCRIZIONE_TIPO_ADSL":"ADSL Mini","DISTANZA_CALCOLATA":"2237.97","CLASSE_DISTANZA":"2100-2499","POTENZA_SEGNALE":"0.64","POPOLAZIONE_SEZIONE": ""}
			},
		 		{ "type" : "Feature",
				"geometry" : {
					"type" : "Point",
					"coordinates" : [7.87329,45.27986]},
			"properties" : { "ANNO":"2010","ID_SEZIONE":"9107","ISTAT_COMUNE_SEZ":"1047","COMUNE_SEZ":"CALUSO","PROVINCIA":"TO","ID_CENTRALE":"1136","NOME_CENTRALE":"RODALLO","ISTAT_COMUNE_CENTR":"1047","COMUNE_CENTR":"CALUSO","PROVINCIA_CENTR":"TO","INDIRIZZO_CENTRALE":"SAN ROCCO","LATITUDINE_SEZIONE":"45.27986","LONGITUDINE_SEZIONE":"7.87329","POS_X_SEZIONE":"411631.40693","POS_Y_SEZIONE":"5014657.93235","LATITUDINE_CENTRALE":"45.27766","LONGITUDINE_CENTRALE":"7.87158","POS_X_CENTRALE":"411493.48971","POS_Y_CENTRALE":"5014414.62918","TIPO_ADSL":"ADSL_M","DESCRIZIONE_TIPO_ADSL":"ADSL Mini","DISTANZA_CALCOLATA":"279.67","CLASSE_DISTANZA":"100-499","POTENZA_SEGNALE":"0.64","POPOLAZIONE_SEZIONE": "529"}
			},
		 		{ "type" : "Feature",
				"geometry" : {
					"type" : "Point",
					"coordinates" : [7.87905,45.28015]},
			"properties" : { "ANNO":"2010","ID_SEZIONE":"12789","ISTAT_COMUNE_SEZ":"1047","COMUNE_SEZ":"CALUSO","PROVINCIA":"TO","ID_CENTRALE":"1136","NOME_CENTRALE":"RODALLO","ISTAT_COMUNE_CENTR":"1047","COMUNE_CENTR":"CALUSO","PROVINCIA_CENTR":"TO","INDIRIZZO_CENTRALE":"SAN ROCCO","LATITUDINE_SEZIONE":"45.28015","LONGITUDINE_SEZIONE":"7.87905","POS_X_SEZIONE":"412083.27765","POS_Y_SEZIONE":"5014682.93946","LATITUDINE_CENTRALE":"45.27766","LONGITUDINE_CENTRALE":"7.87158","POS_X_CENTRALE":"411493.48971","POS_Y_CENTRALE":"5014414.62918","TIPO_ADSL":"ADSL_M","DESCRIZIONE_TIPO_ADSL":"ADSL Mini","DISTANZA_CALCOLATA":"647.95","CLASSE_DISTANZA":"500-899","POTENZA_SEGNALE":"0.64","POPOLAZIONE_SEZIONE": "274"}
			},
		 		{ "type" : "Feature",
				"geometry" : {
					"type" : "Point",
					"coordinates" : [7.86894,45.28529]},
			"properties" : { "ANNO":"2010","ID_SEZIONE":"12983","ISTAT_COMUNE_SEZ":"1047","COMUNE_SEZ":"CALUSO","PROVINCIA":"TO","ID_CENTRALE":"1136","NOME_CENTRALE":"RODALLO","ISTAT_COMUNE_CENTR":"1047","COMUNE_CENTR":"CALUSO","PROVINCIA_CENTR":"TO","INDIRIZZO_CENTRALE":"SAN ROCCO","LATITUDINE_SEZIONE":"45.28529","LONGITUDINE_SEZIONE":"7.86894","POS_X_SEZIONE":"411298.44924","POS_Y_SEZIONE":"5015265.92979","LATITUDINE_CENTRALE":"45.27766","LONGITUDINE_CENTRALE":"7.87158","POS_X_CENTRALE":"411493.48971","POS_Y_CENTRALE":"5014414.62918","TIPO_ADSL":"ADSL_M","DESCRIZIONE_TIPO_ADSL":"ADSL Mini","DISTANZA_CALCOLATA":"873.36","CLASSE_DISTANZA":"500-899","POTENZA_SEGNALE":"0.64","POPOLAZIONE_SEZIONE": ""}
			},
		 		{ "type" : "Feature",
				"geometry" : {
					"type" : "Point",
					"coordinates" : [7.88025,45.27467]},
			"properties" : { "ANNO":"2010","ID_SEZIONE":"22959","ISTAT_COMUNE_SEZ":"1047","COMUNE_SEZ":"CALUSO","PROVINCIA":"TO","ID_CENTRALE":"1136","NOME_CENTRALE":"RODALLO","ISTAT_COMUNE_CENTR":"1047","COMUNE_CENTR":"CALUSO","PROVINCIA_CENTR":"TO","INDIRIZZO_CENTRALE":"SAN ROCCO","LATITUDINE_SEZIONE":"45.27467","LONGITUDINE_SEZIONE":"7.88025","POS_X_SEZIONE":"412169.17538","POS_Y_SEZIONE":"5014072.93805","LATITUDINE_CENTRALE":"45.27766","LONGITUDINE_CENTRALE":"7.87158","POS_X_CENTRALE":"411493.48971","POS_Y_CENTRALE":"5014414.62918","TIPO_ADSL":"ADSL_M","DESCRIZIONE_TIPO_ADSL":"ADSL Mini","DISTANZA_CALCOLATA":"757.17","CLASSE_DISTANZA":"500-899","POTENZA_SEGNALE":"0.64","POPOLAZIONE_SEZIONE": "3"}
			},
		 		{ "type" : "Feature",
				"geometry" : {
					"type" : "Point",
					"coordinates" : [7.89743,45.24800]},
			"properties" : { "ANNO":"2010","ID_SEZIONE":"22960","ISTAT_COMUNE_SEZ":"1047","COMUNE_SEZ":"CALUSO","PROVINCIA":"TO","ID_CENTRALE":"1136","NOME_CENTRALE":"RODALLO","ISTAT_COMUNE_CENTR":"1047","COMUNE_CENTR":"CALUSO","PROVINCIA_CENTR":"TO","INDIRIZZO_CENTRALE":"SAN ROCCO","LATITUDINE_SEZIONE":"45.24800","LONGITUDINE_SEZIONE":"7.89743","POS_X_SEZIONE":"413475.97346","POS_Y_SEZIONE":"5011091.44685","LATITUDINE_CENTRALE":"45.27766","LONGITUDINE_CENTRALE":"7.87158","POS_X_CENTRALE":"411493.48971","POS_Y_CENTRALE":"5014414.62918","TIPO_ADSL":"ADSL_M","DESCRIZIONE_TIPO_ADSL":"ADSL Mini","DISTANZA_CALCOLATA":"3869.6","CLASSE_DISTANZA":"3700-4099","POTENZA_SEGNALE":"0.64","POPOLAZIONE_SEZIONE": ""}
			},
		 		{ "type" : "Feature",
				"geometry" : {
					"type" : "Point",
					"coordinates" : [7.90449,45.25851]},
			"properties" : { "ANNO":"2010","ID_SEZIONE":"23448","ISTAT_COMUNE_SEZ":"1047","COMUNE_SEZ":"CALUSO","PROVINCIA":"TO","ID_CENTRALE":"1136","NOME_CENTRALE":"RODALLO","ISTAT_COMUNE_CENTR":"1047","COMUNE_CENTR":"CALUSO","PROVINCIA_CENTR":"TO","INDIRIZZO_CENTRALE":"SAN ROCCO","LATITUDINE_SEZIONE":"45.25851","LONGITUDINE_SEZIONE":"7.90449","POS_X_SEZIONE":"414045.82178","POS_Y_SEZIONE":"5012251.46118","LATITUDINE_CENTRALE":"45.27766","LONGITUDINE_CENTRALE":"7.87158","POS_X_CENTRALE":"411493.48971","POS_Y_CENTRALE":"5014414.62918","TIPO_ADSL":"ADSL_M","DESCRIZIONE_TIPO_ADSL":"ADSL Mini","DISTANZA_CALCOLATA":"3345.7","CLASSE_DISTANZA":"3300-3699","POTENZA_SEGNALE":"0.64","POPOLAZIONE_SEZIONE": "18"}
			},
		 		{ "type" : "Feature",
				"geometry" : {
					"type" : "Point",
					"coordinates" : [7.87927,45.26769]},
			"properties" : { "ANNO":"2010","ID_SEZIONE":"28940","ISTAT_COMUNE_SEZ":"1047","COMUNE_SEZ":"CALUSO","PROVINCIA":"TO","ID_CENTRALE":"1136","NOME_CENTRALE":"RODALLO","ISTAT_COMUNE_CENTR":"1047","COMUNE_CENTR":"CALUSO","PROVINCIA_CENTR":"TO","INDIRIZZO_CENTRALE":"SAN ROCCO","LATITUDINE_SEZIONE":"45.26769","LONGITUDINE_SEZIONE":"7.87927","POS_X_SEZIONE":"412081.22914","POS_Y_SEZIONE":"5013299.43302","LATITUDINE_CENTRALE":"45.27766","LONGITUDINE_CENTRALE":"7.87158","POS_X_CENTRALE":"411493.48971","POS_Y_CENTRALE":"5014414.62918","TIPO_ADSL":"ADSL_M","DESCRIZIONE_TIPO_ADSL":"ADSL Mini","DISTANZA_CALCOLATA":"1260.6","CLASSE_DISTANZA":"900-1299","POTENZA_SEGNALE":"0.64","POPOLAZIONE_SEZIONE": "492"}
			}
		 		]
	}
		