 	{ "type" : "FeatureCollection",
		"features" : [
		 		{ "type" : "Feature",
				"geometry" : {
					"type" : "Point",
					"coordinates" : [8.96671,44.86512]},
			"properties" : { "ANNO":"2010","ID_SEZIONE":"1295","ISTAT_COMUNE_SEZ":"6101","COMUNE_SEZ":"MONLEALE","PROVINCIA":"AL","ID_CENTRALE":"1668","NOME_CENTRALE":"VOLPEDO","ISTAT_COMUNE_CENTR":"6188","COMUNE_CENTR":"VOLPEDO","PROVINCIA_CENTR":"AL","INDIRIZZO_CENTRALE":"PELLIZZA 53","LATITUDINE_SEZIONE":"44.86512","LONGITUDINE_SEZIONE":"8.96671","POS_X_SEZIONE":"497370.43908","POS_Y_SEZIONE":"4967967.75887","LATITUDINE_CENTRALE":"44.88847","LONGITUDINE_CENTRALE":"8.98329","POS_X_CENTRALE":"498680.50797","POS_Y_CENTRALE":"4970560.69713","TIPO_ADSL":"ADSL_1","DESCRIZIONE_TIPO_ADSL":"ADSL (8 mega)","DISTANZA_CALCOLATA":"2905.1","CLASSE_DISTANZA":"2900-3299","POTENZA_SEGNALE":"4999.75","POPOLAZIONE_SEZIONE": "23"}
			},
		 		{ "type" : "Feature",
				"geometry" : {
					"type" : "Point",
					"coordinates" : [8.95759,44.87620]},
			"properties" : { "ANNO":"2010","ID_SEZIONE":"3306","ISTAT_COMUNE_SEZ":"6016","COMUNE_SEZ":"BERZANO DI TORTONA","PROVINCIA":"AL","ID_CENTRALE":"1668","NOME_CENTRALE":"VOLPEDO","ISTAT_COMUNE_CENTR":"6188","COMUNE_CENTR":"VOLPEDO","PROVINCIA_CENTR":"AL","INDIRIZZO_CENTRALE":"PELLIZZA 53","LATITUDINE_SEZIONE":"44.87620","LONGITUDINE_SEZIONE":"8.95759","POS_X_SEZIONE":"496649.96240","POS_Y_SEZIONE":"4969198.77737","LATITUDINE_CENTRALE":"44.88847","LONGITUDINE_CENTRALE":"8.98329","POS_X_CENTRALE":"498680.50797","POS_Y_CENTRALE":"4970560.69713","TIPO_ADSL":"ADSL_1","DESCRIZIONE_TIPO_ADSL":"ADSL (8 mega)","DISTANZA_CALCOLATA":"2444.98","CLASSE_DISTANZA":"2100-2499","POTENZA_SEGNALE":"6500.38","POPOLAZIONE_SEZIONE": "19"}
			},
		 		{ "type" : "Feature",
				"geometry" : {
					"type" : "Point",
					"coordinates" : [8.95396,44.86483]},
			"properties" : { "ANNO":"2010","ID_SEZIONE":"4489","ISTAT_COMUNE_SEZ":"6016","COMUNE_SEZ":"BERZANO DI TORTONA","PROVINCIA":"AL","ID_CENTRALE":"1668","NOME_CENTRALE":"VOLPEDO","ISTAT_COMUNE_CENTR":"6188","COMUNE_CENTR":"VOLPEDO","PROVINCIA_CENTR":"AL","INDIRIZZO_CENTRALE":"PELLIZZA 53","LATITUDINE_SEZIONE":"44.86483","LONGITUDINE_SEZIONE":"8.95396","POS_X_SEZIONE":"496362.62800","POS_Y_SEZIONE":"4967935.76143","LATITUDINE_CENTRALE":"44.88847","LONGITUDINE_CENTRALE":"8.98329","POS_X_CENTRALE":"498680.50797","POS_Y_CENTRALE":"4970560.69713","TIPO_ADSL":"ADSL_1","DESCRIZIONE_TIPO_ADSL":"ADSL (8 mega)","DISTANZA_CALCOLATA":"3501.84","CLASSE_DISTANZA":"3300-3699","POTENZA_SEGNALE":"3999.63","POPOLAZIONE_SEZIONE": "5"}
			},
		 		{ "type" : "Feature",
				"geometry" : {
					"type" : "Point",
					"coordinates" : [8.96336,44.85640]},
			"properties" : { "ANNO":"2010","ID_SEZIONE":"7626","ISTAT_COMUNE_SEZ":"6101","COMUNE_SEZ":"MONLEALE","PROVINCIA":"AL","ID_CENTRALE":"1668","NOME_CENTRALE":"VOLPEDO","ISTAT_COMUNE_CENTR":"6188","COMUNE_CENTR":"VOLPEDO","PROVINCIA_CENTR":"AL","INDIRIZZO_CENTRALE":"PELLIZZA 53","LATITUDINE_SEZIONE":"44.85640","LONGITUDINE_SEZIONE":"8.96336","POS_X_SEZIONE":"497104.66397","POS_Y_SEZIONE":"4966999.24636","LATITUDINE_CENTRALE":"44.88847","LONGITUDINE_CENTRALE":"8.98329","POS_X_CENTRALE":"498680.50797","POS_Y_CENTRALE":"4970560.69713","TIPO_ADSL":"ADSL_1","DESCRIZIONE_TIPO_ADSL":"ADSL (8 mega)","DISTANZA_CALCOLATA":"3894.51","CLASSE_DISTANZA":"3700-4099","POTENZA_SEGNALE":"3000.38","POPOLAZIONE_SEZIONE": "6"}
			},
		 		{ "type" : "Feature",
				"geometry" : {
					"type" : "Point",
					"coordinates" : [8.98053,44.88944]},
			"properties" : { "ANNO":"2010","ID_SEZIONE":"7907","ISTAT_COMUNE_SEZ":"6188","COMUNE_SEZ":"VOLPEDO","PROVINCIA":"AL","ID_CENTRALE":"1668","NOME_CENTRALE":"VOLPEDO","ISTAT_COMUNE_CENTR":"6188","COMUNE_CENTR":"VOLPEDO","PROVINCIA_CENTR":"AL","INDIRIZZO_CENTRALE":"PELLIZZA 53","LATITUDINE_SEZIONE":"44.88944","LONGITUDINE_SEZIONE":"8.98053","POS_X_SEZIONE":"498462.11165","POS_Y_SEZIONE":"4970668.79439","LATITUDINE_CENTRALE":"44.88847","LONGITUDINE_CENTRALE":"8.98329","POS_X_CENTRALE":"498680.50797","POS_Y_CENTRALE":"4970560.69713","TIPO_ADSL":"ADSL_1","DESCRIZIONE_TIPO_ADSL":"ADSL (8 mega)","DISTANZA_CALCOLATA":"243.68","CLASSE_DISTANZA":"100-499","POTENZA_SEGNALE":"7000","POPOLAZIONE_SEZIONE": "316"}
			},
		 		{ "type" : "Feature",
				"geometry" : {
					"type" : "Point",
					"coordinates" : [8.98429,44.87643]},
			"properties" : { "ANNO":"2010","ID_SEZIONE":"8228","ISTAT_COMUNE_SEZ":"6101","COMUNE_SEZ":"MONLEALE","PROVINCIA":"AL","ID_CENTRALE":"1668","NOME_CENTRALE":"VOLPEDO","ISTAT_COMUNE_CENTR":"6188","COMUNE_CENTR":"VOLPEDO","PROVINCIA_CENTR":"AL","INDIRIZZO_CENTRALE":"PELLIZZA 53","LATITUDINE_SEZIONE":"44.87643","LONGITUDINE_SEZIONE":"8.98429","POS_X_SEZIONE":"498758.96260","POS_Y_SEZIONE":"4969223.27298","LATITUDINE_CENTRALE":"44.88847","LONGITUDINE_CENTRALE":"8.98329","POS_X_CENTRALE":"498680.50797","POS_Y_CENTRALE":"4970560.69713","TIPO_ADSL":"ADSL_1","DESCRIZIONE_TIPO_ADSL":"ADSL (8 mega)","DISTANZA_CALCOLATA":"1339.72","CLASSE_DISTANZA":"1300-1699","POTENZA_SEGNALE":"7000","POPOLAZIONE_SEZIONE": "9"}
			},
		 		{ "type" : "Feature",
				"geometry" : {
					"type" : "Point",
					"coordinates" : [8.99897,44.89109]},
			"properties" : { "ANNO":"2010","ID_SEZIONE":"8302","ISTAT_COMUNE_SEZ":"6188","COMUNE_SEZ":"VOLPEDO","PROVINCIA":"AL","ID_CENTRALE":"1668","NOME_CENTRALE":"VOLPEDO","ISTAT_COMUNE_CENTR":"6188","COMUNE_CENTR":"VOLPEDO","PROVINCIA_CENTR":"AL","INDIRIZZO_CENTRALE":"PELLIZZA 53","LATITUDINE_SEZIONE":"44.89109","LONGITUDINE_SEZIONE":"8.99897","POS_X_SEZIONE":"499918.32977","POS_Y_SEZIONE":"4970852.29571","LATITUDINE_CENTRALE":"44.88847","LONGITUDINE_CENTRALE":"8.98329","POS_X_CENTRALE":"498680.50797","POS_Y_CENTRALE":"4970560.69713","TIPO_ADSL":"ADSL_1","DESCRIZIONE_TIPO_ADSL":"ADSL (8 mega)","DISTANZA_CALCOLATA":"1271.7","CLASSE_DISTANZA":"900-1299","POTENZA_SEGNALE":"7000","POPOLAZIONE_SEZIONE": "36"}
			},
		 		{ "type" : "Feature",
				"geometry" : {
					"type" : "Point",
					"coordinates" : [9.00708,44.87768]},
			"properties" : { "ANNO":"2010","ID_SEZIONE":"11327","ISTAT_COMUNE_SEZ":"6188","COMUNE_SEZ":"VOLPEDO","PROVINCIA":"AL","ID_CENTRALE":"1668","NOME_CENTRALE":"VOLPEDO","ISTAT_COMUNE_CENTR":"6188","COMUNE_CENTR":"VOLPEDO","PROVINCIA_CENTR":"AL","INDIRIZZO_CENTRALE":"PELLIZZA 53","LATITUDINE_SEZIONE":"44.87768","LONGITUDINE_SEZIONE":"9.00708","POS_X_SEZIONE":"500559.11876","POS_Y_SEZIONE":"4969361.77103","LATITUDINE_CENTRALE":"44.88847","LONGITUDINE_CENTRALE":"8.98329","POS_X_CENTRALE":"498680.50797","POS_Y_CENTRALE":"4970560.69713","TIPO_ADSL":"ADSL_1","DESCRIZIONE_TIPO_ADSL":"ADSL (8 mega)","DISTANZA_CALCOLATA":"2228.59","CLASSE_DISTANZA":"2100-2499","POTENZA_SEGNALE":"6500.38","POPOLAZIONE_SEZIONE": "27"}
			},
		 		{ "type" : "Feature",
				"geometry" : {
					"type" : "Point",
					"coordinates" : [8.95574,44.86734]},
			"properties" : { "ANNO":"2010","ID_SEZIONE":"11328","ISTAT_COMUNE_SEZ":"6016","COMUNE_SEZ":"BERZANO DI TORTONA","PROVINCIA":"AL","ID_CENTRALE":"1668","NOME_CENTRALE":"VOLPEDO","ISTAT_COMUNE_CENTR":"6188","COMUNE_CENTR":"VOLPEDO","PROVINCIA_CENTR":"AL","INDIRIZZO_CENTRALE":"PELLIZZA 53","LATITUDINE_SEZIONE":"44.86734","LONGITUDINE_SEZIONE":"8.95574","POS_X_SEZIONE":"496503.21860","POS_Y_SEZIONE":"4968214.76457","LATITUDINE_CENTRALE":"44.88847","LONGITUDINE_CENTRALE":"8.98329","POS_X_CENTRALE":"498680.50797","POS_Y_CENTRALE":"4970560.69713","TIPO_ADSL":"ADSL_1","DESCRIZIONE_TIPO_ADSL":"ADSL (8 mega)","DISTANZA_CALCOLATA":"3200.62","CLASSE_DISTANZA":"2900-3299","POTENZA_SEGNALE":"4999.75","POPOLAZIONE_SEZIONE": "11"}
			},
		 		{ "type" : "Feature",
				"geometry" : {
					"type" : "Point",
					"coordinates" : [9.02439,44.89035]},
			"properties" : { "ANNO":"2010","ID_SEZIONE":"12796","ISTAT_COMUNE_SEZ":"6188","COMUNE_SEZ":"VOLPEDO","PROVINCIA":"AL","ID_CENTRALE":"1668","NOME_CENTRALE":"VOLPEDO","ISTAT_COMUNE_CENTR":"6188","COMUNE_CENTR":"VOLPEDO","PROVINCIA_CENTR":"AL","INDIRIZZO_CENTRALE":"PELLIZZA 53","LATITUDINE_SEZIONE":"44.89035","LONGITUDINE_SEZIONE":"9.02439","POS_X_SEZIONE":"501926.14494","POS_Y_SEZIONE":"4970769.79202","LATITUDINE_CENTRALE":"44.88847","LONGITUDINE_CENTRALE":"8.98329","POS_X_CENTRALE":"498680.50797","POS_Y_CENTRALE":"4970560.69713","TIPO_ADSL":"ADSL_1","DESCRIZIONE_TIPO_ADSL":"ADSL (8 mega)","DISTANZA_CALCOLATA":"3252.37","CLASSE_DISTANZA":"2900-3299","POTENZA_SEGNALE":"4999.75","POPOLAZIONE_SEZIONE": "8"}
			},
		 		{ "type" : "Feature",
				"geometry" : {
					"type" : "Point",
					"coordinates" : [8.99258,44.88626]},
			"properties" : { "ANNO":"2010","ID_SEZIONE":"12997","ISTAT_COMUNE_SEZ":"6188","COMUNE_SEZ":"VOLPEDO","PROVINCIA":"AL","ID_CENTRALE":"1668","NOME_CENTRALE":"VOLPEDO","ISTAT_COMUNE_CENTR":"6188","COMUNE_CENTR":"VOLPEDO","PROVINCIA_CENTR":"AL","INDIRIZZO_CENTRALE":"PELLIZZA 53","LATITUDINE_SEZIONE":"44.88626","LONGITUDINE_SEZIONE":"8.99258","POS_X_SEZIONE":"499414.20689","POS_Y_SEZIONE":"4970315.28809","LATITUDINE_CENTRALE":"44.88847","LONGITUDINE_CENTRALE":"8.98329","POS_X_CENTRALE":"498680.50797","POS_Y_CENTRALE":"4970560.69713","TIPO_ADSL":"ADSL_1","DESCRIZIONE_TIPO_ADSL":"ADSL (8 mega)","DISTANZA_CALCOLATA":"773.65","CLASSE_DISTANZA":"500-899","POTENZA_SEGNALE":"7000","POPOLAZIONE_SEZIONE": "17"}
			},
		 		{ "type" : "Feature",
				"geometry" : {
					"type" : "Point",
					"coordinates" : [8.98538,44.88968]},
			"properties" : { "ANNO":"2010","ID_SEZIONE":"13643","ISTAT_COMUNE_SEZ":"6188","COMUNE_SEZ":"VOLPEDO","PROVINCIA":"AL","ID_CENTRALE":"1668","NOME_CENTRALE":"VOLPEDO","ISTAT_COMUNE_CENTR":"6188","COMUNE_CENTR":"VOLPEDO","PROVINCIA_CENTR":"AL","INDIRIZZO_CENTRALE":"PELLIZZA 53","LATITUDINE_SEZIONE":"44.88968","LONGITUDINE_SEZIONE":"8.98538","POS_X_SEZIONE":"498845.70461","POS_Y_SEZIONE":"4970695.29449","LATITUDINE_CENTRALE":"44.88847","LONGITUDINE_CENTRALE":"8.98329","POS_X_CENTRALE":"498680.50797","POS_Y_CENTRALE":"4970560.69713","TIPO_ADSL":"ADSL_1","DESCRIZIONE_TIPO_ADSL":"ADSL (8 mega)","DISTANZA_CALCOLATA":"213.09","CLASSE_DISTANZA":"100-499","POTENZA_SEGNALE":"7000","POPOLAZIONE_SEZIONE": "396"}
			},
		 		{ "type" : "Feature",
				"geometry" : {
					"type" : "Point",
					"coordinates" : [8.95877,44.85792]},
			"properties" : { "ANNO":"2010","ID_SEZIONE":"13646","ISTAT_COMUNE_SEZ":"6101","COMUNE_SEZ":"MONLEALE","PROVINCIA":"AL","ID_CENTRALE":"1668","NOME_CENTRALE":"VOLPEDO","ISTAT_COMUNE_CENTR":"6188","COMUNE_CENTR":"VOLPEDO","PROVINCIA_CENTR":"AL","INDIRIZZO_CENTRALE":"PELLIZZA 53","LATITUDINE_SEZIONE":"44.85792","LONGITUDINE_SEZIONE":"8.95877","POS_X_SEZIONE":"496742.41322","POS_Y_SEZIONE":"4967168.24988","LATITUDINE_CENTRALE":"44.88847","LONGITUDINE_CENTRALE":"8.98329","POS_X_CENTRALE":"498680.50797","POS_Y_CENTRALE":"4970560.69713","TIPO_ADSL":"ADSL_1","DESCRIZIONE_TIPO_ADSL":"ADSL (8 mega)","DISTANZA_CALCOLATA":"3907.03","CLASSE_DISTANZA":"3700-4099","POTENZA_SEGNALE":"3000.38","POPOLAZIONE_SEZIONE": "10"}
			},
		 		{ "type" : "Feature",
				"geometry" : {
					"type" : "Point",
					"coordinates" : [8.98597,44.88667]},
			"properties" : { "ANNO":"2010","ID_SEZIONE":"16089","ISTAT_COMUNE_SEZ":"6188","COMUNE_SEZ":"VOLPEDO","PROVINCIA":"AL","ID_CENTRALE":"1668","NOME_CENTRALE":"VOLPEDO","ISTAT_COMUNE_CENTR":"6188","COMUNE_CENTR":"VOLPEDO","PROVINCIA_CENTR":"AL","INDIRIZZO_CENTRALE":"PELLIZZA 53","LATITUDINE_SEZIONE":"44.88667","LONGITUDINE_SEZIONE":"8.98597","POS_X_SEZIONE":"498891.80049","POS_Y_SEZIONE":"4970361.28924","LATITUDINE_CENTRALE":"44.88847","LONGITUDINE_CENTRALE":"8.98329","POS_X_CENTRALE":"498680.50797","POS_Y_CENTRALE":"4970560.69713","TIPO_ADSL":"ADSL_1","DESCRIZIONE_TIPO_ADSL":"ADSL (8 mega)","DISTANZA_CALCOLATA":"290.53","CLASSE_DISTANZA":"100-499","POTENZA_SEGNALE":"7000","POPOLAZIONE_SEZIONE": "265"}
			},
		 		{ "type" : "Feature",
				"geometry" : {
					"type" : "Point",
					"coordinates" : [8.95525,44.88216]},
			"properties" : { "ANNO":"2010","ID_SEZIONE":"16090","ISTAT_COMUNE_SEZ":"6016","COMUNE_SEZ":"BERZANO DI TORTONA","PROVINCIA":"AL","ID_CENTRALE":"1668","NOME_CENTRALE":"VOLPEDO","ISTAT_COMUNE_CENTR":"6188","COMUNE_CENTR":"VOLPEDO","PROVINCIA_CENTR":"AL","INDIRIZZO_CENTRALE":"PELLIZZA 53","LATITUDINE_SEZIONE":"44.88216","LONGITUDINE_SEZIONE":"8.95525","POS_X_SEZIONE":"496465.70794","POS_Y_SEZIONE":"4969861.28642","LATITUDINE_CENTRALE":"44.88847","LONGITUDINE_CENTRALE":"8.98329","POS_X_CENTRALE":"498680.50797","POS_Y_CENTRALE":"4970560.69713","TIPO_ADSL":"ADSL_1","DESCRIZIONE_TIPO_ADSL":"ADSL (8 mega)","DISTANZA_CALCOLATA":"2322.61","CLASSE_DISTANZA":"2100-2499","POTENZA_SEGNALE":"6500.38","POPOLAZIONE_SEZIONE": "48"}
			},
		 		{ "type" : "Feature",
				"geometry" : {
					"type" : "Point",
					"coordinates" : [8.98595,44.87141]},
			"properties" : { "ANNO":"2010","ID_SEZIONE":"16101","ISTAT_COMUNE_SEZ":"6101","COMUNE_SEZ":"MONLEALE","PROVINCIA":"AL","ID_CENTRALE":"1668","NOME_CENTRALE":"VOLPEDO","ISTAT_COMUNE_CENTR":"6188","COMUNE_CENTR":"VOLPEDO","PROVINCIA_CENTR":"AL","INDIRIZZO_CENTRALE":"PELLIZZA 53","LATITUDINE_SEZIONE":"44.87141","LONGITUDINE_SEZIONE":"8.98595","POS_X_SEZIONE":"498890.40324","POS_Y_SEZIONE":"4968666.26460","LATITUDINE_CENTRALE":"44.88847","LONGITUDINE_CENTRALE":"8.98329","POS_X_CENTRALE":"498680.50797","POS_Y_CENTRALE":"4970560.69713","TIPO_ADSL":"ADSL_1","DESCRIZIONE_TIPO_ADSL":"ADSL (8 mega)","DISTANZA_CALCOLATA":"1906.02","CLASSE_DISTANZA":"1700-2099","POTENZA_SEGNALE":"6874.88","POPOLAZIONE_SEZIONE": "27"}
			},
		 		{ "type" : "Feature",
				"geometry" : {
					"type" : "Point",
					"coordinates" : [8.96935,44.87924]},
			"properties" : { "ANNO":"2010","ID_SEZIONE":"18219","ISTAT_COMUNE_SEZ":"6101","COMUNE_SEZ":"MONLEALE","PROVINCIA":"AL","ID_CENTRALE":"1668","NOME_CENTRALE":"VOLPEDO","ISTAT_COMUNE_CENTR":"6188","COMUNE_CENTR":"VOLPEDO","PROVINCIA_CENTR":"AL","INDIRIZZO_CENTRALE":"PELLIZZA 53","LATITUDINE_SEZIONE":"44.87924","LONGITUDINE_SEZIONE":"8.96935","POS_X_SEZIONE":"497579.08573","POS_Y_SEZIONE":"4969536.27958","LATITUDINE_CENTRALE":"44.88847","LONGITUDINE_CENTRALE":"8.98329","POS_X_CENTRALE":"498680.50797","POS_Y_CENTRALE":"4970560.69713","TIPO_ADSL":"ADSL_1","DESCRIZIONE_TIPO_ADSL":"ADSL (8 mega)","DISTANZA_CALCOLATA":"1504.18","CLASSE_DISTANZA":"1300-1699","POTENZA_SEGNALE":"7000","POPOLAZIONE_SEZIONE": "20"}
			},
		 		{ "type" : "Feature",
				"geometry" : {
					"type" : "Point",
					"coordinates" : [8.97285,44.86110]},
			"properties" : { "ANNO":"2010","ID_SEZIONE":"18223","ISTAT_COMUNE_SEZ":"6101","COMUNE_SEZ":"MONLEALE","PROVINCIA":"AL","ID_CENTRALE":"1668","NOME_CENTRALE":"VOLPEDO","ISTAT_COMUNE_CENTR":"6188","COMUNE_CENTR":"VOLPEDO","PROVINCIA_CENTR":"AL","INDIRIZZO_CENTRALE":"PELLIZZA 53","LATITUDINE_SEZIONE":"44.86110","LONGITUDINE_SEZIONE":"8.97285","POS_X_SEZIONE":"497855.22218","POS_Y_SEZIONE":"4967520.75113","LATITUDINE_CENTRALE":"44.88847","LONGITUDINE_CENTRALE":"8.98329","POS_X_CENTRALE":"498680.50797","POS_Y_CENTRALE":"4970560.69713","TIPO_ADSL":"ADSL_1","DESCRIZIONE_TIPO_ADSL":"ADSL (8 mega)","DISTANZA_CALCOLATA":"3149.98","CLASSE_DISTANZA":"2900-3299","POTENZA_SEGNALE":"4999.75","POPOLAZIONE_SEZIONE": "29"}
			},
		 		{ "type" : "Feature",
				"geometry" : {
					"type" : "Point",
					"coordinates" : [8.98452,44.87866]},
			"properties" : { "ANNO":"2010","ID_SEZIONE":"20568","ISTAT_COMUNE_SEZ":"6101","COMUNE_SEZ":"MONLEALE","PROVINCIA":"AL","ID_CENTRALE":"1668","NOME_CENTRALE":"VOLPEDO","ISTAT_COMUNE_CENTR":"6188","COMUNE_CENTR":"VOLPEDO","PROVINCIA_CENTR":"AL","INDIRIZZO_CENTRALE":"PELLIZZA 53","LATITUDINE_SEZIONE":"44.87866","LONGITUDINE_SEZIONE":"8.98452","POS_X_SEZIONE":"498777.27428","POS_Y_SEZIONE":"4969470.77634","LATITUDINE_CENTRALE":"44.88847","LONGITUDINE_CENTRALE":"8.98329","POS_X_CENTRALE":"498680.50797","POS_Y_CENTRALE":"4970560.69713","TIPO_ADSL":"ADSL_1","DESCRIZIONE_TIPO_ADSL":"ADSL (8 mega)","DISTANZA_CALCOLATA":"1094.21","CLASSE_DISTANZA":"900-1299","POTENZA_SEGNALE":"7000","POPOLAZIONE_SEZIONE": "118"}
			},
		 		{ "type" : "Feature",
				"geometry" : {
					"type" : "Point",
					"coordinates" : [8.95112,44.87675]},
			"properties" : { "ANNO":"2010","ID_SEZIONE":"20571","ISTAT_COMUNE_SEZ":"6016","COMUNE_SEZ":"BERZANO DI TORTONA","PROVINCIA":"AL","ID_CENTRALE":"1668","NOME_CENTRALE":"VOLPEDO","ISTAT_COMUNE_CENTR":"6188","COMUNE_CENTR":"VOLPEDO","PROVINCIA_CENTR":"AL","INDIRIZZO_CENTRALE":"PELLIZZA 53","LATITUDINE_SEZIONE":"44.87675","LONGITUDINE_SEZIONE":"8.95112","POS_X_SEZIONE":"496138.86864","POS_Y_SEZIONE":"4969259.77858","LATITUDINE_CENTRALE":"44.88847","LONGITUDINE_CENTRALE":"8.98329","POS_X_CENTRALE":"498680.50797","POS_Y_CENTRALE":"4970560.69713","TIPO_ADSL":"ADSL_1","DESCRIZIONE_TIPO_ADSL":"ADSL (8 mega)","DISTANZA_CALCOLATA":"2855.23","CLASSE_DISTANZA":"2500-2899","POTENZA_SEGNALE":"5749.63","POPOLAZIONE_SEZIONE": "27"}
			},
		 		{ "type" : "Feature",
				"geometry" : {
					"type" : "Point",
					"coordinates" : [8.97539,44.89836]},
			"properties" : { "ANNO":"2010","ID_SEZIONE":"20951","ISTAT_COMUNE_SEZ":"6188","COMUNE_SEZ":"VOLPEDO","PROVINCIA":"AL","ID_CENTRALE":"1668","NOME_CENTRALE":"VOLPEDO","ISTAT_COMUNE_CENTR":"6188","COMUNE_CENTR":"VOLPEDO","PROVINCIA_CENTR":"AL","INDIRIZZO_CENTRALE":"PELLIZZA 53","LATITUDINE_SEZIONE":"44.89836","LONGITUDINE_SEZIONE":"8.97539","POS_X_SEZIONE":"498057.04234","POS_Y_SEZIONE":"4971659.30908","LATITUDINE_CENTRALE":"44.88847","LONGITUDINE_CENTRALE":"8.98329","POS_X_CENTRALE":"498680.50797","POS_Y_CENTRALE":"4970560.69713","TIPO_ADSL":"ADSL_1","DESCRIZIONE_TIPO_ADSL":"ADSL (8 mega)","DISTANZA_CALCOLATA":"1263.19","CLASSE_DISTANZA":"900-1299","POTENZA_SEGNALE":"7000","POPOLAZIONE_SEZIONE": "21"}
			},
		 		{ "type" : "Feature",
				"geometry" : {
					"type" : "Point",
					"coordinates" : [8.98372,44.86937]},
			"properties" : { "ANNO":"2010","ID_SEZIONE":"21821","ISTAT_COMUNE_SEZ":"6101","COMUNE_SEZ":"MONLEALE","PROVINCIA":"AL","ID_CENTRALE":"1668","NOME_CENTRALE":"VOLPEDO","ISTAT_COMUNE_CENTR":"6188","COMUNE_CENTR":"VOLPEDO","PROVINCIA_CENTR":"AL","INDIRIZZO_CENTRALE":"PELLIZZA 53","LATITUDINE_SEZIONE":"44.86937","LONGITUDINE_SEZIONE":"8.98372","POS_X_SEZIONE":"498713.96650","POS_Y_SEZIONE":"4968439.76143","LATITUDINE_CENTRALE":"44.88847","LONGITUDINE_CENTRALE":"8.98329","POS_X_CENTRALE":"498680.50797","POS_Y_CENTRALE":"4970560.69713","TIPO_ADSL":"ADSL_1","DESCRIZIONE_TIPO_ADSL":"ADSL (8 mega)","DISTANZA_CALCOLATA":"2121.2","CLASSE_DISTANZA":"2100-2499","POTENZA_SEGNALE":"6500.38","POPOLAZIONE_SEZIONE": "21"}
			},
		 		{ "type" : "Feature",
				"geometry" : {
					"type" : "Point",
					"coordinates" : [8.98879,44.89678]},
			"properties" : { "ANNO":"2010","ID_SEZIONE":"21866","ISTAT_COMUNE_SEZ":"6188","COMUNE_SEZ":"VOLPEDO","PROVINCIA":"AL","ID_CENTRALE":"1668","NOME_CENTRALE":"VOLPEDO","ISTAT_COMUNE_CENTR":"6188","COMUNE_CENTR":"VOLPEDO","PROVINCIA_CENTR":"AL","INDIRIZZO_CENTRALE":"PELLIZZA 53","LATITUDINE_SEZIONE":"44.89678","LONGITUDINE_SEZIONE":"8.98879","POS_X_SEZIONE":"499115.13898","POS_Y_SEZIONE":"4971483.80572","LATITUDINE_CENTRALE":"44.88847","LONGITUDINE_CENTRALE":"8.98329","POS_X_CENTRALE":"498680.50797","POS_Y_CENTRALE":"4970560.69713","TIPO_ADSL":"ADSL_1","DESCRIZIONE_TIPO_ADSL":"ADSL (8 mega)","DISTANZA_CALCOLATA":"1020.31","CLASSE_DISTANZA":"900-1299","POTENZA_SEGNALE":"7000","POPOLAZIONE_SEZIONE": "16"}
			},
		 		{ "type" : "Feature",
				"geometry" : {
					"type" : "Point",
					"coordinates" : [8.98314,44.88578]},
			"properties" : { "ANNO":"2010","ID_SEZIONE":"24345","ISTAT_COMUNE_SEZ":"6101","COMUNE_SEZ":"MONLEALE","PROVINCIA":"AL","ID_CENTRALE":"1668","NOME_CENTRALE":"VOLPEDO","ISTAT_COMUNE_CENTR":"6188","COMUNE_CENTR":"VOLPEDO","PROVINCIA_CENTR":"AL","INDIRIZZO_CENTRALE":"PELLIZZA 53","LATITUDINE_SEZIONE":"44.88578","LONGITUDINE_SEZIONE":"8.98314","POS_X_SEZIONE":"498668.80093","POS_Y_SEZIONE":"4970262.28841","LATITUDINE_CENTRALE":"44.88847","LONGITUDINE_CENTRALE":"8.98329","POS_X_CENTRALE":"498680.50797","POS_Y_CENTRALE":"4970560.69713","TIPO_ADSL":"ADSL_1","DESCRIZIONE_TIPO_ADSL":"ADSL (8 mega)","DISTANZA_CALCOLATA":"298.64","CLASSE_DISTANZA":"100-499","POTENZA_SEGNALE":"7000","POPOLAZIONE_SEZIONE": "239"}
			},
		 		{ "type" : "Feature",
				"geometry" : {
					"type" : "Point",
					"coordinates" : [9.00051,44.88304]},
			"properties" : { "ANNO":"2010","ID_SEZIONE":"24346","ISTAT_COMUNE_SEZ":"6188","COMUNE_SEZ":"VOLPEDO","PROVINCIA":"AL","ID_CENTRALE":"1668","NOME_CENTRALE":"VOLPEDO","ISTAT_COMUNE_CENTR":"6188","COMUNE_CENTR":"VOLPEDO","PROVINCIA_CENTR":"AL","INDIRIZZO_CENTRALE":"PELLIZZA 53","LATITUDINE_SEZIONE":"44.88304","LONGITUDINE_SEZIONE":"9.00051","POS_X_SEZIONE":"500040.11613","POS_Y_SEZIONE":"4969957.28182","LATITUDINE_CENTRALE":"44.88847","LONGITUDINE_CENTRALE":"8.98329","POS_X_CENTRALE":"498680.50797","POS_Y_CENTRALE":"4970560.69713","TIPO_ADSL":"ADSL_1","DESCRIZIONE_TIPO_ADSL":"ADSL (8 mega)","DISTANZA_CALCOLATA":"1487.5","CLASSE_DISTANZA":"1300-1699","POTENZA_SEGNALE":"7000","POPOLAZIONE_SEZIONE": "22"}
			},
		 		{ "type" : "Feature",
				"geometry" : {
					"type" : "Point",
					"coordinates" : [8.96030,44.87216]},
			"properties" : { "ANNO":"2010","ID_SEZIONE":"28461","ISTAT_COMUNE_SEZ":"6016","COMUNE_SEZ":"BERZANO DI TORTONA","PROVINCIA":"AL","ID_CENTRALE":"1668","NOME_CENTRALE":"VOLPEDO","ISTAT_COMUNE_CENTR":"6188","COMUNE_CENTR":"VOLPEDO","PROVINCIA_CENTR":"AL","INDIRIZZO_CENTRALE":"PELLIZZA 53","LATITUDINE_SEZIONE":"44.87216","LONGITUDINE_SEZIONE":"8.96030","POS_X_SEZIONE":"496864.05930","POS_Y_SEZIONE":"4968750.27049","LATITUDINE_CENTRALE":"44.88847","LONGITUDINE_CENTRALE":"8.98329","POS_X_CENTRALE":"498680.50797","POS_Y_CENTRALE":"4970560.69713","TIPO_ADSL":"ADSL_1","DESCRIZIONE_TIPO_ADSL":"ADSL (8 mega)","DISTANZA_CALCOLATA":"2564.59","CLASSE_DISTANZA":"2500-2899","POTENZA_SEGNALE":"5749.63","POPOLAZIONE_SEZIONE": "17"}
			},
		 		{ "type" : "Feature",
				"geometry" : {
					"type" : "Point",
					"coordinates" : [9.01553,44.88815]},
			"properties" : { "ANNO":"2010","ID_SEZIONE":"28595","ISTAT_COMUNE_SEZ":"6188","COMUNE_SEZ":"VOLPEDO","PROVINCIA":"AL","ID_CENTRALE":"1668","NOME_CENTRALE":"VOLPEDO","ISTAT_COMUNE_CENTR":"6188","COMUNE_CENTR":"VOLPEDO","PROVINCIA_CENTR":"AL","INDIRIZZO_CENTRALE":"PELLIZZA 53","LATITUDINE_SEZIONE":"44.88815","LONGITUDINE_SEZIONE":"9.01553","POS_X_SEZIONE":"501226.36433","POS_Y_SEZIONE":"4970525.28898","LATITUDINE_CENTRALE":"44.88847","LONGITUDINE_CENTRALE":"8.98329","POS_X_CENTRALE":"498680.50797","POS_Y_CENTRALE":"4970560.69713","TIPO_ADSL":"ADSL_1","DESCRIZIONE_TIPO_ADSL":"ADSL (8 mega)","DISTANZA_CALCOLATA":"2546.1","CLASSE_DISTANZA":"2500-2899","POTENZA_SEGNALE":"5749.63","POPOLAZIONE_SEZIONE": ""}
			},
		 		{ "type" : "Feature",
				"geometry" : {
					"type" : "Point",
					"coordinates" : [9.00648,44.89117]},
			"properties" : { "ANNO":"2010","ID_SEZIONE":"28890","ISTAT_COMUNE_SEZ":"6188","COMUNE_SEZ":"VOLPEDO","PROVINCIA":"AL","ID_CENTRALE":"1668","NOME_CENTRALE":"VOLPEDO","ISTAT_COMUNE_CENTR":"6188","COMUNE_CENTR":"VOLPEDO","PROVINCIA_CENTR":"AL","INDIRIZZO_CENTRALE":"PELLIZZA 53","LATITUDINE_SEZIONE":"44.89117","LONGITUDINE_SEZIONE":"9.00648","POS_X_SEZIONE":"500511.36247","POS_Y_SEZIONE":"4970861.29513","LATITUDINE_CENTRALE":"44.88847","LONGITUDINE_CENTRALE":"8.98329","POS_X_CENTRALE":"498680.50797","POS_Y_CENTRALE":"4970560.69713","TIPO_ADSL":"ADSL_1","DESCRIZIONE_TIPO_ADSL":"ADSL (8 mega)","DISTANZA_CALCOLATA":"1855.37","CLASSE_DISTANZA":"1700-2099","POTENZA_SEGNALE":"6874.88","POPOLAZIONE_SEZIONE": "22"}
			},
		 		{ "type" : "Feature",
				"geometry" : {
					"type" : "Point",
					"coordinates" : [9.01852,44.89394]},
			"properties" : { "ANNO":"2010","ID_SEZIONE":"29980","ISTAT_COMUNE_SEZ":"6188","COMUNE_SEZ":"VOLPEDO","PROVINCIA":"AL","ID_CENTRALE":"1668","NOME_CENTRALE":"VOLPEDO","ISTAT_COMUNE_CENTR":"6188","COMUNE_CENTR":"VOLPEDO","PROVINCIA_CENTR":"AL","INDIRIZZO_CENTRALE":"PELLIZZA 53","LATITUDINE_SEZIONE":"44.89394","LONGITUDINE_SEZIONE":"9.01852","POS_X_SEZIONE":"501462.48695","POS_Y_SEZIONE":"4971168.79926","LATITUDINE_CENTRALE":"44.88847","LONGITUDINE_CENTRALE":"8.98329","POS_X_CENTRALE":"498680.50797","POS_Y_CENTRALE":"4970560.69713","TIPO_ADSL":"ADSL_1","DESCRIZIONE_TIPO_ADSL":"ADSL (8 mega)","DISTANZA_CALCOLATA":"2847.66","CLASSE_DISTANZA":"2500-2899","POTENZA_SEGNALE":"5749.63","POPOLAZIONE_SEZIONE": "18"}
			},
		 		{ "type" : "Feature",
				"geometry" : {
					"type" : "Point",
					"coordinates" : [8.95967,44.89239]},
			"properties" : { "ANNO":"2010","ID_SEZIONE":"30531","ISTAT_COMUNE_SEZ":"6189","COMUNE_SEZ":"VOLPEGLINO","PROVINCIA":"AL","ID_CENTRALE":"1668","NOME_CENTRALE":"VOLPEDO","ISTAT_COMUNE_CENTR":"6188","COMUNE_CENTR":"VOLPEDO","PROVINCIA_CENTR":"AL","INDIRIZZO_CENTRALE":"PELLIZZA 53","LATITUDINE_SEZIONE":"44.89239","LONGITUDINE_SEZIONE":"8.95967","POS_X_SEZIONE":"496815.07626","POS_Y_SEZIONE":"4970997.30076","LATITUDINE_CENTRALE":"44.88847","LONGITUDINE_CENTRALE":"8.98329","POS_X_CENTRALE":"498680.50797","POS_Y_CENTRALE":"4970560.69713","TIPO_ADSL":"ADSL_1","DESCRIZIONE_TIPO_ADSL":"ADSL (8 mega)","DISTANZA_CALCOLATA":"1915.84","CLASSE_DISTANZA":"1700-2099","POTENZA_SEGNALE":"6874.88","POPOLAZIONE_SEZIONE": "74"}
			},
		 		{ "type" : "Feature",
				"geometry" : {
					"type" : "Point",
					"coordinates" : [8.95397,44.87623]},
			"properties" : { "ANNO":"2010","ID_SEZIONE":"30532","ISTAT_COMUNE_SEZ":"6016","COMUNE_SEZ":"BERZANO DI TORTONA","PROVINCIA":"AL","ID_CENTRALE":"1668","NOME_CENTRALE":"VOLPEDO","ISTAT_COMUNE_CENTR":"6188","COMUNE_CENTR":"VOLPEDO","PROVINCIA_CENTR":"AL","INDIRIZZO_CENTRALE":"PELLIZZA 53","LATITUDINE_SEZIONE":"44.87623","LONGITUDINE_SEZIONE":"8.95397","POS_X_SEZIONE":"496364.55671","POS_Y_SEZIONE":"4969201.77769","LATITUDINE_CENTRALE":"44.88847","LONGITUDINE_CENTRALE":"8.98329","POS_X_CENTRALE":"498680.50797","POS_Y_CENTRALE":"4970560.69713","TIPO_ADSL":"ADSL_1","DESCRIZIONE_TIPO_ADSL":"ADSL (8 mega)","DISTANZA_CALCOLATA":"2685.2","CLASSE_DISTANZA":"2500-2899","POTENZA_SEGNALE":"5749.63","POPOLAZIONE_SEZIONE": "5"}
			},
		 		{ "type" : "Feature",
				"geometry" : {
					"type" : "Point",
					"coordinates" : [8.97388,44.88433]},
			"properties" : { "ANNO":"2010","ID_SEZIONE":"32614","ISTAT_COMUNE_SEZ":"6101","COMUNE_SEZ":"MONLEALE","PROVINCIA":"AL","ID_CENTRALE":"1668","NOME_CENTRALE":"VOLPEDO","ISTAT_COMUNE_CENTR":"6188","COMUNE_CENTR":"VOLPEDO","PROVINCIA_CENTR":"AL","INDIRIZZO_CENTRALE":"PELLIZZA 53","LATITUDINE_SEZIONE":"44.88433","LONGITUDINE_SEZIONE":"8.97388","POS_X_SEZIONE":"497936.95735","POS_Y_SEZIONE":"4970101.78716","LATITUDINE_CENTRALE":"44.88847","LONGITUDINE_CENTRALE":"8.98329","POS_X_CENTRALE":"498680.50797","POS_Y_CENTRALE":"4970560.69713","TIPO_ADSL":"ADSL_1","DESCRIZIONE_TIPO_ADSL":"ADSL (8 mega)","DISTANZA_CALCOLATA":"873.77","CLASSE_DISTANZA":"500-899","POTENZA_SEGNALE":"7000","POPOLAZIONE_SEZIONE": "118"}
			},
		 		{ "type" : "Feature",
				"geometry" : {
					"type" : "Point",
					"coordinates" : [8.97752,44.87160]},
			"properties" : { "ANNO":"2010","ID_SEZIONE":"32733","ISTAT_COMUNE_SEZ":"6101","COMUNE_SEZ":"MONLEALE","PROVINCIA":"AL","ID_CENTRALE":"1668","NOME_CENTRALE":"VOLPEDO","ISTAT_COMUNE_CENTR":"6188","COMUNE_CENTR":"VOLPEDO","PROVINCIA_CENTR":"AL","INDIRIZZO_CENTRALE":"PELLIZZA 53","LATITUDINE_SEZIONE":"44.87160","LONGITUDINE_SEZIONE":"8.97752","POS_X_SEZIONE":"498224.02858","POS_Y_SEZIONE":"4968686.76662","LATITUDINE_CENTRALE":"44.88847","LONGITUDINE_CENTRALE":"8.98329","POS_X_CENTRALE":"498680.50797","POS_Y_CENTRALE":"4970560.69713","TIPO_ADSL":"ADSL_1","DESCRIZIONE_TIPO_ADSL":"ADSL (8 mega)","DISTANZA_CALCOLATA":"1928.73","CLASSE_DISTANZA":"1700-2099","POTENZA_SEGNALE":"6874.88","POPOLAZIONE_SEZIONE": "14"}
			}
		 		]
	}
		