 	{ "type" : "FeatureCollection",
		"features" : [
		 		{ "type" : "Feature",
				"geometry" : {
					"type" : "Point",
					"coordinates" : [8.46539,45.91319]},
			"properties" : { "ANNO":"2010","ID_SEZIONE":"1168","ISTAT_COMUNE_SEZ":"103008","COMUNE_SEZ":"BAVENO","PROVINCIA":"VB","ID_CENTRALE":"131","NOME_CENTRALE":"BAVENO","ISTAT_COMUNE_CENTR":"103008","COMUNE_CENTR":"BAVENO","PROVINCIA_CENTR":"VB","INDIRIZZO_CENTRALE":"VIA PRIVATA ALLE VILLE 5","LATITUDINE_SEZIONE":"45.91319","LONGITUDINE_SEZIONE":"8.46539","POS_X_SEZIONE":"458539.33709","POS_Y_SEZIONE":"5084541.58195","LATITUDINE_CENTRALE":"45.90880","LONGITUDINE_CENTRALE":"8.50519","POS_X_CENTRALE":"461622.44738","POS_Y_CENTRALE":"5084034.06012","TIPO_ADSL":"ADSL_2P","DESCRIZIONE_TIPO_ADSL":"ADSL 2+ (24 mega)","DISTANZA_CALCOLATA":"3124.6","CLASSE_DISTANZA":"2900-3299","POTENZA_SEGNALE":"5238.33","POPOLAZIONE_SEZIONE": "1"}
			},
		 		{ "type" : "Feature",
				"geometry" : {
					"type" : "Point",
					"coordinates" : [8.48519,45.93472]},
			"properties" : { "ANNO":"2010","ID_SEZIONE":"1678","ISTAT_COMUNE_SEZ":"103008","COMUNE_SEZ":"BAVENO","PROVINCIA":"VB","ID_CENTRALE":"131","NOME_CENTRALE":"BAVENO","ISTAT_COMUNE_CENTR":"103008","COMUNE_CENTR":"BAVENO","PROVINCIA_CENTR":"VB","INDIRIZZO_CENTRALE":"VIA PRIVATA ALLE VILLE 5","LATITUDINE_SEZIONE":"45.93472","LONGITUDINE_SEZIONE":"8.48519","POS_X_SEZIONE":"460090.11802","POS_Y_SEZIONE":"5086923.56673","LATITUDINE_CENTRALE":"45.90880","LONGITUDINE_CENTRALE":"8.50519","POS_X_CENTRALE":"461622.44738","POS_Y_CENTRALE":"5084034.06012","TIPO_ADSL":"ADSL_2P","DESCRIZIONE_TIPO_ADSL":"ADSL 2+ (24 mega)","DISTANZA_CALCOLATA":"3270.67","CLASSE_DISTANZA":"2900-3299","POTENZA_SEGNALE":"5238.33","POPOLAZIONE_SEZIONE": ""}
			},
		 		{ "type" : "Feature",
				"geometry" : {
					"type" : "Point",
					"coordinates" : [8.51196,45.89856]},
			"properties" : { "ANNO":"2010","ID_SEZIONE":"2407","ISTAT_COMUNE_SEZ":"103008","COMUNE_SEZ":"BAVENO","PROVINCIA":"VB","ID_CENTRALE":"131","NOME_CENTRALE":"BAVENO","ISTAT_COMUNE_CENTR":"103008","COMUNE_CENTR":"BAVENO","PROVINCIA_CENTR":"VB","INDIRIZZO_CENTRALE":"VIA PRIVATA ALLE VILLE 5","LATITUDINE_SEZIONE":"45.89856","LONGITUDINE_SEZIONE":"8.51196","POS_X_SEZIONE":"462140.92429","POS_Y_SEZIONE":"5082892.60506","LATITUDINE_CENTRALE":"45.90880","LONGITUDINE_CENTRALE":"8.50519","POS_X_CENTRALE":"461622.44738","POS_Y_CENTRALE":"5084034.06012","TIPO_ADSL":"ADSL_2P","DESCRIZIONE_TIPO_ADSL":"ADSL 2+ (24 mega)","DISTANZA_CALCOLATA":"1253.69","CLASSE_DISTANZA":"900-1299","POTENZA_SEGNALE":"17737.5","POPOLAZIONE_SEZIONE": "37"}
			},
		 		{ "type" : "Feature",
				"geometry" : {
					"type" : "Point",
					"coordinates" : [8.50471,45.91198]},
			"properties" : { "ANNO":"2010","ID_SEZIONE":"3443","ISTAT_COMUNE_SEZ":"103008","COMUNE_SEZ":"BAVENO","PROVINCIA":"VB","ID_CENTRALE":"131","NOME_CENTRALE":"BAVENO","ISTAT_COMUNE_CENTR":"103008","COMUNE_CENTR":"BAVENO","PROVINCIA_CENTR":"VB","INDIRIZZO_CENTRALE":"VIA PRIVATA ALLE VILLE 5","LATITUDINE_SEZIONE":"45.91198","LONGITUDINE_SEZIONE":"8.50471","POS_X_SEZIONE":"461587.54445","POS_Y_SEZIONE":"5084387.58567","LATITUDINE_CENTRALE":"45.90880","LONGITUDINE_CENTRALE":"8.50519","POS_X_CENTRALE":"461622.44738","POS_Y_CENTRALE":"5084034.06012","TIPO_ADSL":"ADSL_2P","DESCRIZIONE_TIPO_ADSL":"ADSL 2+ (24 mega)","DISTANZA_CALCOLATA":"355.24","CLASSE_DISTANZA":"100-499","POTENZA_SEGNALE":"19761.67","POPOLAZIONE_SEZIONE": "177"}
			},
		 		{ "type" : "Feature",
				"geometry" : {
					"type" : "Point",
					"coordinates" : [8.48743,45.90376]},
			"properties" : { "ANNO":"2010","ID_SEZIONE":"4290","ISTAT_COMUNE_SEZ":"103008","COMUNE_SEZ":"BAVENO","PROVINCIA":"VB","ID_CENTRALE":"131","NOME_CENTRALE":"BAVENO","ISTAT_COMUNE_CENTR":"103008","COMUNE_CENTR":"BAVENO","PROVINCIA_CENTR":"VB","INDIRIZZO_CENTRALE":"VIA PRIVATA ALLE VILLE 5","LATITUDINE_SEZIONE":"45.90376","LONGITUDINE_SEZIONE":"8.48743","POS_X_SEZIONE":"460241.72480","POS_Y_SEZIONE":"5083482.59597","LATITUDINE_CENTRALE":"45.90880","LONGITUDINE_CENTRALE":"8.50519","POS_X_CENTRALE":"461622.44738","POS_Y_CENTRALE":"5084034.06012","TIPO_ADSL":"ADSL_2P","DESCRIZIONE_TIPO_ADSL":"ADSL 2+ (24 mega)","DISTANZA_CALCOLATA":"1486.78","CLASSE_DISTANZA":"1300-1699","POTENZA_SEGNALE":"16071.67","POPOLAZIONE_SEZIONE": "17"}
			},
		 		{ "type" : "Feature",
				"geometry" : {
					"type" : "Point",
					"coordinates" : [8.49869,45.91076]},
			"properties" : { "ANNO":"2010","ID_SEZIONE":"5261","ISTAT_COMUNE_SEZ":"103008","COMUNE_SEZ":"BAVENO","PROVINCIA":"VB","ID_CENTRALE":"131","NOME_CENTRALE":"BAVENO","ISTAT_COMUNE_CENTR":"103008","COMUNE_CENTR":"BAVENO","PROVINCIA_CENTR":"VB","INDIRIZZO_CENTRALE":"VIA PRIVATA ALLE VILLE 5","LATITUDINE_SEZIONE":"45.91076","LONGITUDINE_SEZIONE":"8.49869","POS_X_SEZIONE":"461119.96045","POS_Y_SEZIONE":"5084254.58701","LATITUDINE_CENTRALE":"45.90880","LONGITUDINE_CENTRALE":"8.50519","POS_X_CENTRALE":"461622.44738","POS_Y_CENTRALE":"5084034.06012","TIPO_ADSL":"ADSL_2P","DESCRIZIONE_TIPO_ADSL":"ADSL 2+ (24 mega)","DISTANZA_CALCOLATA":"548.75","CLASSE_DISTANZA":"500-899","POTENZA_SEGNALE":"19523.33","POPOLAZIONE_SEZIONE": "260"}
			},
		 		{ "type" : "Feature",
				"geometry" : {
					"type" : "Point",
					"coordinates" : [8.48923,45.89617]},
			"properties" : { "ANNO":"2010","ID_SEZIONE":"5763","ISTAT_COMUNE_SEZ":"103008","COMUNE_SEZ":"BAVENO","PROVINCIA":"VB","ID_CENTRALE":"131","NOME_CENTRALE":"BAVENO","ISTAT_COMUNE_CENTR":"103008","COMUNE_CENTR":"BAVENO","PROVINCIA_CENTR":"VB","INDIRIZZO_CENTRALE":"VIA PRIVATA ALLE VILLE 5","LATITUDINE_SEZIONE":"45.89617","LONGITUDINE_SEZIONE":"8.48923","POS_X_SEZIONE":"460375.74695","POS_Y_SEZIONE":"5082637.60704","LATITUDINE_CENTRALE":"45.90880","LONGITUDINE_CENTRALE":"8.50519","POS_X_CENTRALE":"461622.44738","POS_Y_CENTRALE":"5084034.06012","TIPO_ADSL":"ADSL_2P","DESCRIZIONE_TIPO_ADSL":"ADSL 2+ (24 mega)","DISTANZA_CALCOLATA":"1871.99","CLASSE_DISTANZA":"1700-2099","POTENZA_SEGNALE":"12975.83","POPOLAZIONE_SEZIONE": "3"}
			},
		 		{ "type" : "Feature",
				"geometry" : {
					"type" : "Point",
					"coordinates" : [8.51625,45.91796]},
			"properties" : { "ANNO":"2010","ID_SEZIONE":"7856","ISTAT_COMUNE_SEZ":"103008","COMUNE_SEZ":"BAVENO","PROVINCIA":"VB","ID_CENTRALE":"131","NOME_CENTRALE":"BAVENO","ISTAT_COMUNE_CENTR":"103008","COMUNE_CENTR":"BAVENO","PROVINCIA_CENTR":"VB","INDIRIZZO_CENTRALE":"VIA PRIVATA ALLE VILLE 5","LATITUDINE_SEZIONE":"45.91796","LONGITUDINE_SEZIONE":"8.51625","POS_X_SEZIONE":"462486.49767","POS_Y_SEZIONE":"5085045.57837","LATITUDINE_CENTRALE":"45.90880","LONGITUDINE_CENTRALE":"8.50519","POS_X_CENTRALE":"461622.44738","POS_Y_CENTRALE":"5084034.06012","TIPO_ADSL":"ADSL_2P","DESCRIZIONE_TIPO_ADSL":"ADSL 2+ (24 mega)","DISTANZA_CALCOLATA":"1330.32","CLASSE_DISTANZA":"1300-1699","POTENZA_SEGNALE":"16071.67","POPOLAZIONE_SEZIONE": ""}
			},
		 		{ "type" : "Feature",
				"geometry" : {
					"type" : "Point",
					"coordinates" : [8.50376,45.90953]},
			"properties" : { "ANNO":"2010","ID_SEZIONE":"7984","ISTAT_COMUNE_SEZ":"103008","COMUNE_SEZ":"BAVENO","PROVINCIA":"VB","ID_CENTRALE":"131","NOME_CENTRALE":"BAVENO","ISTAT_COMUNE_CENTR":"103008","COMUNE_CENTR":"BAVENO","PROVINCIA_CENTR":"VB","INDIRIZZO_CENTRALE":"VIA PRIVATA ALLE VILLE 5","LATITUDINE_SEZIONE":"45.90953","LONGITUDINE_SEZIONE":"8.50376","POS_X_SEZIONE":"461512.41869","POS_Y_SEZIONE":"5084115.08903","LATITUDINE_CENTRALE":"45.90880","LONGITUDINE_CENTRALE":"8.50519","POS_X_CENTRALE":"461622.44738","POS_Y_CENTRALE":"5084034.06012","TIPO_ADSL":"ADSL_2P","DESCRIZIONE_TIPO_ADSL":"ADSL 2+ (24 mega)","DISTANZA_CALCOLATA":"136.65","CLASSE_DISTANZA":"100-499","POTENZA_SEGNALE":"19761.67","POPOLAZIONE_SEZIONE": "494"}
			},
		 		{ "type" : "Feature",
				"geometry" : {
					"type" : "Point",
					"coordinates" : [8.50667,45.89499]},
			"properties" : { "ANNO":"2010","ID_SEZIONE":"10866","ISTAT_COMUNE_SEZ":"103064","COMUNE_SEZ":"STRESA","PROVINCIA":"VB","ID_CENTRALE":"131","NOME_CENTRALE":"BAVENO","ISTAT_COMUNE_CENTR":"103008","COMUNE_CENTR":"BAVENO","PROVINCIA_CENTR":"VB","INDIRIZZO_CENTRALE":"VIA PRIVATA ALLE VILLE 5","LATITUDINE_SEZIONE":"45.89499","LONGITUDINE_SEZIONE":"8.50667","POS_X_SEZIONE":"461728.11917","POS_Y_SEZIONE":"5082498.60979","LATITUDINE_CENTRALE":"45.90880","LONGITUDINE_CENTRALE":"8.50519","POS_X_CENTRALE":"461622.44738","POS_Y_CENTRALE":"5084034.06012","TIPO_ADSL":"ADSL_2P","DESCRIZIONE_TIPO_ADSL":"ADSL 2+ (24 mega)","DISTANZA_CALCOLATA":"1539.08","CLASSE_DISTANZA":"1300-1699","POTENZA_SEGNALE":"16071.67","POPOLAZIONE_SEZIONE": "139"}
			},
		 		{ "type" : "Feature",
				"geometry" : {
					"type" : "Point",
					"coordinates" : [8.47805,45.93378]},
			"properties" : { "ANNO":"2010","ID_SEZIONE":"11122","ISTAT_COMUNE_SEZ":"103008","COMUNE_SEZ":"BAVENO","PROVINCIA":"VB","ID_CENTRALE":"131","NOME_CENTRALE":"BAVENO","ISTAT_COMUNE_CENTR":"103008","COMUNE_CENTR":"BAVENO","PROVINCIA_CENTR":"VB","INDIRIZZO_CENTRALE":"VIA PRIVATA ALLE VILLE 5","LATITUDINE_SEZIONE":"45.93378","LONGITUDINE_SEZIONE":"8.47805","POS_X_SEZIONE":"459535.63021","POS_Y_SEZIONE":"5086822.56756","LATITUDINE_CENTRALE":"45.90880","LONGITUDINE_CENTRALE":"8.50519","POS_X_CENTRALE":"461622.44738","POS_Y_CENTRALE":"5084034.06012","TIPO_ADSL":"ADSL_2P","DESCRIZIONE_TIPO_ADSL":"ADSL 2+ (24 mega)","DISTANZA_CALCOLATA":"3482.9","CLASSE_DISTANZA":"3300-3699","POTENZA_SEGNALE":"4047.5","POPOLAZIONE_SEZIONE": ""}
			},
		 		{ "type" : "Feature",
				"geometry" : {
					"type" : "Point",
					"coordinates" : [8.49632,45.90686]},
			"properties" : { "ANNO":"2010","ID_SEZIONE":"11700","ISTAT_COMUNE_SEZ":"103008","COMUNE_SEZ":"BAVENO","PROVINCIA":"VB","ID_CENTRALE":"131","NOME_CENTRALE":"BAVENO","ISTAT_COMUNE_CENTR":"103008","COMUNE_CENTR":"BAVENO","PROVINCIA_CENTR":"VB","INDIRIZZO_CENTRALE":"VIA PRIVATA ALLE VILLE 5","LATITUDINE_SEZIONE":"45.90686","LONGITUDINE_SEZIONE":"8.49632","POS_X_SEZIONE":"460933.36819","POS_Y_SEZIONE":"5083822.59264","LATITUDINE_CENTRALE":"45.90880","LONGITUDINE_CENTRALE":"8.50519","POS_X_CENTRALE":"461622.44738","POS_Y_CENTRALE":"5084034.06012","TIPO_ADSL":"ADSL_2P","DESCRIZIONE_TIPO_ADSL":"ADSL 2+ (24 mega)","DISTANZA_CALCOLATA":"720.80","CLASSE_DISTANZA":"500-899","POTENZA_SEGNALE":"19523.33","POPOLAZIONE_SEZIONE": "604"}
			},
		 		{ "type" : "Feature",
				"geometry" : {
					"type" : "Point",
					"coordinates" : [8.50468,45.90515]},
			"properties" : { "ANNO":"2010","ID_SEZIONE":"11701","ISTAT_COMUNE_SEZ":"103008","COMUNE_SEZ":"BAVENO","PROVINCIA":"VB","ID_CENTRALE":"131","NOME_CENTRALE":"BAVENO","ISTAT_COMUNE_CENTR":"103008","COMUNE_CENTR":"BAVENO","PROVINCIA_CENTR":"VB","INDIRIZZO_CENTRALE":"VIA PRIVATA ALLE VILLE 5","LATITUDINE_SEZIONE":"45.90515","LONGITUDINE_SEZIONE":"8.50468","POS_X_SEZIONE":"461580.85107","POS_Y_SEZIONE":"5083628.09511","LATITUDINE_CENTRALE":"45.90880","LONGITUDINE_CENTRALE":"8.50519","POS_X_CENTRALE":"461622.44738","POS_Y_CENTRALE":"5084034.06012","TIPO_ADSL":"ADSL_2P","DESCRIZIONE_TIPO_ADSL":"ADSL 2+ (24 mega)","DISTANZA_CALCOLATA":"408.09","CLASSE_DISTANZA":"100-499","POTENZA_SEGNALE":"19761.67","POPOLAZIONE_SEZIONE": "222"}
			},
		 		{ "type" : "Feature",
				"geometry" : {
					"type" : "Point",
					"coordinates" : [8.49252,45.91251]},
			"properties" : { "ANNO":"2010","ID_SEZIONE":"13224","ISTAT_COMUNE_SEZ":"103008","COMUNE_SEZ":"BAVENO","PROVINCIA":"VB","ID_CENTRALE":"131","NOME_CENTRALE":"BAVENO","ISTAT_COMUNE_CENTR":"103008","COMUNE_CENTR":"BAVENO","PROVINCIA_CENTR":"VB","INDIRIZZO_CENTRALE":"VIA PRIVATA ALLE VILLE 5","LATITUDINE_SEZIONE":"45.91251","LONGITUDINE_SEZIONE":"8.49252","POS_X_SEZIONE":"460642.66125","POS_Y_SEZIONE":"5084451.58413","LATITUDINE_CENTRALE":"45.90880","LONGITUDINE_CENTRALE":"8.50519","POS_X_CENTRALE":"461622.44738","POS_Y_CENTRALE":"5084034.06012","TIPO_ADSL":"ADSL_2P","DESCRIZIONE_TIPO_ADSL":"ADSL 2+ (24 mega)","DISTANZA_CALCOLATA":"1065.04","CLASSE_DISTANZA":"900-1299","POTENZA_SEGNALE":"17737.5","POPOLAZIONE_SEZIONE": "641"}
			},
		 		{ "type" : "Feature",
				"geometry" : {
					"type" : "Point",
					"coordinates" : [8.48101,45.91398]},
			"properties" : { "ANNO":"2010","ID_SEZIONE":"16163","ISTAT_COMUNE_SEZ":"103008","COMUNE_SEZ":"BAVENO","PROVINCIA":"VB","ID_CENTRALE":"131","NOME_CENTRALE":"BAVENO","ISTAT_COMUNE_CENTR":"103008","COMUNE_CENTR":"BAVENO","PROVINCIA_CENTR":"VB","INDIRIZZO_CENTRALE":"VIA PRIVATA ALLE VILLE 5","LATITUDINE_SEZIONE":"45.91398","LONGITUDINE_SEZIONE":"8.48101","POS_X_SEZIONE":"459750.99584","POS_Y_SEZIONE":"5084620.58151","LATITUDINE_CENTRALE":"45.90880","LONGITUDINE_CENTRALE":"8.50519","POS_X_CENTRALE":"461622.44738","POS_Y_CENTRALE":"5084034.06012","TIPO_ADSL":"ADSL_2P","DESCRIZIONE_TIPO_ADSL":"ADSL 2+ (24 mega)","DISTANZA_CALCOLATA":"1961.21","CLASSE_DISTANZA":"1700-2099","POTENZA_SEGNALE":"12975.83","POPOLAZIONE_SEZIONE": "17"}
			},
		 		{ "type" : "Feature",
				"geometry" : {
					"type" : "Point",
					"coordinates" : [8.48705,45.91803]},
			"properties" : { "ANNO":"2010","ID_SEZIONE":"20560","ISTAT_COMUNE_SEZ":"103008","COMUNE_SEZ":"BAVENO","PROVINCIA":"VB","ID_CENTRALE":"131","NOME_CENTRALE":"BAVENO","ISTAT_COMUNE_CENTR":"103008","COMUNE_CENTR":"BAVENO","PROVINCIA_CENTR":"VB","INDIRIZZO_CENTRALE":"VIA PRIVATA ALLE VILLE 5","LATITUDINE_SEZIONE":"45.91803","LONGITUDINE_SEZIONE":"8.48705","POS_X_SEZIONE":"460222.42599","POS_Y_SEZIONE":"5085067.57696","LATITUDINE_CENTRALE":"45.90880","LONGITUDINE_CENTRALE":"8.50519","POS_X_CENTRALE":"461622.44738","POS_Y_CENTRALE":"5084034.06012","TIPO_ADSL":"ADSL_2P","DESCRIZIONE_TIPO_ADSL":"ADSL 2+ (24 mega)","DISTANZA_CALCOLATA":"1740.18","CLASSE_DISTANZA":"1700-2099","POTENZA_SEGNALE":"12975.83","POPOLAZIONE_SEZIONE": "20"}
			},
		 		{ "type" : "Feature",
				"geometry" : {
					"type" : "Point",
					"coordinates" : [8.49214,45.91737]},
			"properties" : { "ANNO":"2010","ID_SEZIONE":"22801","ISTAT_COMUNE_SEZ":"103008","COMUNE_SEZ":"BAVENO","PROVINCIA":"VB","ID_CENTRALE":"131","NOME_CENTRALE":"BAVENO","ISTAT_COMUNE_CENTR":"103008","COMUNE_CENTR":"BAVENO","PROVINCIA_CENTR":"VB","INDIRIZZO_CENTRALE":"VIA PRIVATA ALLE VILLE 5","LATITUDINE_SEZIONE":"45.91737","LONGITUDINE_SEZIONE":"8.49214","POS_X_SEZIONE":"460616.44736","POS_Y_SEZIONE":"5084992.57767","LATITUDINE_CENTRALE":"45.90880","LONGITUDINE_CENTRALE":"8.50519","POS_X_CENTRALE":"461622.44738","POS_Y_CENTRALE":"5084034.06012","TIPO_ADSL":"ADSL_2P","DESCRIZIONE_TIPO_ADSL":"ADSL 2+ (24 mega)","DISTANZA_CALCOLATA":"1389.53","CLASSE_DISTANZA":"1300-1699","POTENZA_SEGNALE":"16071.67","POPOLAZIONE_SEZIONE": "303"}
			},
		 		{ "type" : "Feature",
				"geometry" : {
					"type" : "Point",
					"coordinates" : [8.48577,45.92419]},
			"properties" : { "ANNO":"2010","ID_SEZIONE":"26814","ISTAT_COMUNE_SEZ":"103008","COMUNE_SEZ":"BAVENO","PROVINCIA":"VB","ID_CENTRALE":"131","NOME_CENTRALE":"BAVENO","ISTAT_COMUNE_CENTR":"103008","COMUNE_CENTR":"BAVENO","PROVINCIA_CENTR":"VB","INDIRIZZO_CENTRALE":"VIA PRIVATA ALLE VILLE 5","LATITUDINE_SEZIONE":"45.92419","LONGITUDINE_SEZIONE":"8.48577","POS_X_SEZIONE":"460127.80378","POS_Y_SEZIONE":"5085752.57306","LATITUDINE_CENTRALE":"45.90880","LONGITUDINE_CENTRALE":"8.50519","POS_X_CENTRALE":"461622.44738","POS_Y_CENTRALE":"5084034.06012","TIPO_ADSL":"ADSL_2P","DESCRIZIONE_TIPO_ADSL":"ADSL 2+ (24 mega)","DISTANZA_CALCOLATA":"2277.55","CLASSE_DISTANZA":"2100-2499","POTENZA_SEGNALE":"10000","POPOLAZIONE_SEZIONE": "62"}
			},
		 		{ "type" : "Feature",
				"geometry" : {
					"type" : "Point",
					"coordinates" : [8.47818,45.91956]},
			"properties" : { "ANNO":"2010","ID_SEZIONE":"29457","ISTAT_COMUNE_SEZ":"103008","COMUNE_SEZ":"BAVENO","PROVINCIA":"VB","ID_CENTRALE":"131","NOME_CENTRALE":"BAVENO","ISTAT_COMUNE_CENTR":"103008","COMUNE_CENTR":"BAVENO","PROVINCIA_CENTR":"VB","INDIRIZZO_CENTRALE":"VIA PRIVATA ALLE VILLE 5","LATITUDINE_SEZIONE":"45.91956","LONGITUDINE_SEZIONE":"8.47818","POS_X_SEZIONE":"459535.41107","POS_Y_SEZIONE":"5085242.57549","LATITUDINE_CENTRALE":"45.90880","LONGITUDINE_CENTRALE":"8.50519","POS_X_CENTRALE":"461622.44738","POS_Y_CENTRALE":"5084034.06012","TIPO_ADSL":"ADSL_2P","DESCRIZIONE_TIPO_ADSL":"ADSL 2+ (24 mega)","DISTANZA_CALCOLATA":"2411.69","CLASSE_DISTANZA":"2100-2499","POTENZA_SEGNALE":"10000","POPOLAZIONE_SEZIONE": ""}
			},
		 		{ "type" : "Feature",
				"geometry" : {
					"type" : "Point",
					"coordinates" : [8.50123,45.91452]},
			"properties" : { "ANNO":"2010","ID_SEZIONE":"29458","ISTAT_COMUNE_SEZ":"103008","COMUNE_SEZ":"BAVENO","PROVINCIA":"VB","ID_CENTRALE":"131","NOME_CENTRALE":"BAVENO","ISTAT_COMUNE_CENTR":"103008","COMUNE_CENTR":"BAVENO","PROVINCIA_CENTR":"VB","INDIRIZZO_CENTRALE":"VIA PRIVATA ALLE VILLE 5","LATITUDINE_SEZIONE":"45.91452","LONGITUDINE_SEZIONE":"8.50123","POS_X_SEZIONE":"461319.52218","POS_Y_SEZIONE":"5084671.58183","LATITUDINE_CENTRALE":"45.90880","LONGITUDINE_CENTRALE":"8.50519","POS_X_CENTRALE":"461622.44738","POS_Y_CENTRALE":"5084034.06012","TIPO_ADSL":"ADSL_2P","DESCRIZIONE_TIPO_ADSL":"ADSL 2+ (24 mega)","DISTANZA_CALCOLATA":"705.83","CLASSE_DISTANZA":"500-899","POTENZA_SEGNALE":"19523.33","POPOLAZIONE_SEZIONE": "346"}
			},
		 		{ "type" : "Feature",
				"geometry" : {
					"type" : "Point",
					"coordinates" : [8.50384,45.90157]},
			"properties" : { "ANNO":"2010","ID_SEZIONE":"30321","ISTAT_COMUNE_SEZ":"103008","COMUNE_SEZ":"BAVENO","PROVINCIA":"VB","ID_CENTRALE":"131","NOME_CENTRALE":"BAVENO","ISTAT_COMUNE_CENTR":"103008","COMUNE_CENTR":"BAVENO","PROVINCIA_CENTR":"VB","INDIRIZZO_CENTRALE":"VIA PRIVATA ALLE VILLE 5","LATITUDINE_SEZIONE":"45.90157","LONGITUDINE_SEZIONE":"8.50384","POS_X_SEZIONE":"461512.81754","POS_Y_SEZIONE":"5083231.10055","LATITUDINE_CENTRALE":"45.90880","LONGITUDINE_CENTRALE":"8.50519","POS_X_CENTRALE":"461622.44738","POS_Y_CENTRALE":"5084034.06012","TIPO_ADSL":"ADSL_2P","DESCRIZIONE_TIPO_ADSL":"ADSL 2+ (24 mega)","DISTANZA_CALCOLATA":"810.41","CLASSE_DISTANZA":"500-899","POTENZA_SEGNALE":"19523.33","POPOLAZIONE_SEZIONE": "541"}
			}
		 		]
	}
		