 	{ "type" : "FeatureCollection",
		"features" : [
		 		{ "type" : "Feature",
				"geometry" : {
					"type" : "Point",
					"coordinates" : [8.68867,45.38906]},
			"properties" : { "ANNO":"2010","ID_SEZIONE":"2259","ISTAT_COMUNE_SEZ":"3144","COMUNE_SEZ":"TERDOBBIATE","PROVINCIA":"NO","ID_CENTRALE":"1379","NOME_CENTRALE":"TERDOBBIATE","ISTAT_COMUNE_CENTR":"3144","COMUNE_CENTR":"TERDOBBIATE","PROVINCIA_CENTR":"NO","INDIRIZZO_CENTRALE":"P.ZA MARTIRI 13","LATITUDINE_SEZIONE":"45.38906","LONGITUDINE_SEZIONE":"8.68867","POS_X_SEZIONE":"475628.83880","POS_Y_SEZIONE":"5026218.88468","LATITUDINE_CENTRALE":"45.37612","LONGITUDINE_CENTRALE":"8.69338","POS_X_CENTRALE":"475992.05045","POS_Y_CENTRALE":"5024779.44665","TIPO_ADSL":"NO","DESCRIZIONE_TIPO_ADSL":"NO Adsl","DISTANZA_CALCOLATA":"1484.56","CLASSE_DISTANZA":"1300-1699","POTENZA_SEGNALE":"","POPOLAZIONE_SEZIONE": "12"}
			},
		 		{ "type" : "Feature",
				"geometry" : {
					"type" : "Point",
					"coordinates" : [8.68288,45.38020]},
			"properties" : { "ANNO":"2010","ID_SEZIONE":"8170","ISTAT_COMUNE_SEZ":"3144","COMUNE_SEZ":"TERDOBBIATE","PROVINCIA":"NO","ID_CENTRALE":"1379","NOME_CENTRALE":"TERDOBBIATE","ISTAT_COMUNE_CENTR":"3144","COMUNE_CENTR":"TERDOBBIATE","PROVINCIA_CENTR":"NO","INDIRIZZO_CENTRALE":"P.ZA MARTIRI 13","LATITUDINE_SEZIONE":"45.38020","LONGITUDINE_SEZIONE":"8.68288","POS_X_SEZIONE":"475171.86907","POS_Y_SEZIONE":"5025236.37665","LATITUDINE_CENTRALE":"45.37612","LONGITUDINE_CENTRALE":"8.69338","POS_X_CENTRALE":"475992.05045","POS_Y_CENTRALE":"5024779.44665","TIPO_ADSL":"NO","DESCRIZIONE_TIPO_ADSL":"NO Adsl","DISTANZA_CALCOLATA":"938.87","CLASSE_DISTANZA":"900-1299","POTENZA_SEGNALE":"","POPOLAZIONE_SEZIONE": "10"}
			},
		 		{ "type" : "Feature",
				"geometry" : {
					"type" : "Point",
					"coordinates" : [8.69246,45.38752]},
			"properties" : { "ANNO":"2010","ID_SEZIONE":"13303","ISTAT_COMUNE_SEZ":"3144","COMUNE_SEZ":"TERDOBBIATE","PROVINCIA":"NO","ID_CENTRALE":"1379","NOME_CENTRALE":"TERDOBBIATE","ISTAT_COMUNE_CENTR":"3144","COMUNE_CENTR":"TERDOBBIATE","PROVINCIA_CENTR":"NO","INDIRIZZO_CENTRALE":"P.ZA MARTIRI 13","LATITUDINE_SEZIONE":"45.38752","LONGITUDINE_SEZIONE":"8.69246","POS_X_SEZIONE":"475924.90075","POS_Y_SEZIONE":"5026045.88552","LATITUDINE_CENTRALE":"45.37612","LONGITUDINE_CENTRALE":"8.69338","POS_X_CENTRALE":"475992.05045","POS_Y_CENTRALE":"5024779.44665","TIPO_ADSL":"NO","DESCRIZIONE_TIPO_ADSL":"NO Adsl","DISTANZA_CALCOLATA":"1268.22","CLASSE_DISTANZA":"900-1299","POTENZA_SEGNALE":"","POPOLAZIONE_SEZIONE": ""}
			},
		 		{ "type" : "Feature",
				"geometry" : {
					"type" : "Point",
					"coordinates" : [8.69949,45.36881]},
			"properties" : { "ANNO":"2010","ID_SEZIONE":"20397","ISTAT_COMUNE_SEZ":"3144","COMUNE_SEZ":"TERDOBBIATE","PROVINCIA":"NO","ID_CENTRALE":"1379","NOME_CENTRALE":"TERDOBBIATE","ISTAT_COMUNE_CENTR":"3144","COMUNE_CENTR":"TERDOBBIATE","PROVINCIA_CENTR":"NO","INDIRIZZO_CENTRALE":"P.ZA MARTIRI 13","LATITUDINE_SEZIONE":"45.36881","LONGITUDINE_SEZIONE":"8.69949","POS_X_SEZIONE":"476467.98786","POS_Y_SEZIONE":"5023965.37556","LATITUDINE_CENTRALE":"45.37612","LONGITUDINE_CENTRALE":"8.69338","POS_X_CENTRALE":"475992.05045","POS_Y_CENTRALE":"5024779.44665","TIPO_ADSL":"NO","DESCRIZIONE_TIPO_ADSL":"NO Adsl","DISTANZA_CALCOLATA":"942.99","CLASSE_DISTANZA":"900-1299","POTENZA_SEGNALE":"","POPOLAZIONE_SEZIONE": ""}
			},
		 		{ "type" : "Feature",
				"geometry" : {
					"type" : "Point",
					"coordinates" : [8.68147,45.36894]},
			"properties" : { "ANNO":"2010","ID_SEZIONE":"21033","ISTAT_COMUNE_SEZ":"3144","COMUNE_SEZ":"TERDOBBIATE","PROVINCIA":"NO","ID_CENTRALE":"1379","NOME_CENTRALE":"TERDOBBIATE","ISTAT_COMUNE_CENTR":"3144","COMUNE_CENTR":"TERDOBBIATE","PROVINCIA_CENTR":"NO","INDIRIZZO_CENTRALE":"P.ZA MARTIRI 13","LATITUDINE_SEZIONE":"45.36894","LONGITUDINE_SEZIONE":"8.68147","POS_X_SEZIONE":"475056.61634","POS_Y_SEZIONE":"5023985.86836","LATITUDINE_CENTRALE":"45.37612","LONGITUDINE_CENTRALE":"8.69338","POS_X_CENTRALE":"475992.05045","POS_Y_CENTRALE":"5024779.44665","TIPO_ADSL":"NO","DESCRIZIONE_TIPO_ADSL":"NO Adsl","DISTANZA_CALCOLATA":"1226.7","CLASSE_DISTANZA":"900-1299","POTENZA_SEGNALE":"","POPOLAZIONE_SEZIONE": ""}
			},
		 		{ "type" : "Feature",
				"geometry" : {
					"type" : "Point",
					"coordinates" : [8.70666,45.38010]},
			"properties" : { "ANNO":"2010","ID_SEZIONE":"23481","ISTAT_COMUNE_SEZ":"3144","COMUNE_SEZ":"TERDOBBIATE","PROVINCIA":"NO","ID_CENTRALE":"1379","NOME_CENTRALE":"TERDOBBIATE","ISTAT_COMUNE_CENTR":"3144","COMUNE_CENTR":"TERDOBBIATE","PROVINCIA_CENTR":"NO","INDIRIZZO_CENTRALE":"P.ZA MARTIRI 13","LATITUDINE_SEZIONE":"45.38010","LONGITUDINE_SEZIONE":"8.70666","POS_X_SEZIONE":"477033.30293","POS_Y_SEZIONE":"5025218.38856","LATITUDINE_CENTRALE":"45.37612","LONGITUDINE_CENTRALE":"8.69338","POS_X_CENTRALE":"475992.05045","POS_Y_CENTRALE":"5024779.44665","TIPO_ADSL":"NO","DESCRIZIONE_TIPO_ADSL":"NO Adsl","DISTANZA_CALCOLATA":"1129.99","CLASSE_DISTANZA":"900-1299","POTENZA_SEGNALE":"","POPOLAZIONE_SEZIONE": ""}
			},
		 		{ "type" : "Feature",
				"geometry" : {
					"type" : "Point",
					"coordinates" : [8.69550,45.37655]},
			"properties" : { "ANNO":"2010","ID_SEZIONE":"26849","ISTAT_COMUNE_SEZ":"3144","COMUNE_SEZ":"TERDOBBIATE","PROVINCIA":"NO","ID_CENTRALE":"1379","NOME_CENTRALE":"TERDOBBIATE","ISTAT_COMUNE_CENTR":"3144","COMUNE_CENTR":"TERDOBBIATE","PROVINCIA_CENTR":"NO","INDIRIZZO_CENTRALE":"P.ZA MARTIRI 13","LATITUDINE_SEZIONE":"45.37655","LONGITUDINE_SEZIONE":"8.69550","POS_X_SEZIONE":"476158.64770","POS_Y_SEZIONE":"5024826.37934","LATITUDINE_CENTRALE":"45.37612","LONGITUDINE_CENTRALE":"8.69338","POS_X_CENTRALE":"475992.05045","POS_Y_CENTRALE":"5024779.44665","TIPO_ADSL":"NO","DESCRIZIONE_TIPO_ADSL":"NO Adsl","DISTANZA_CALCOLATA":"173.08","CLASSE_DISTANZA":"100-499","POTENZA_SEGNALE":"","POPOLAZIONE_SEZIONE": "448"}
			}
		 		]
	}
		