 	{ "type" : "FeatureCollection",
		"features" : [
		 		{ "type" : "Feature",
				"geometry" : {
					"type" : "Point",
					"coordinates" : [7.55950,45.06920]},
			"properties" : { "ANNO":"2010","ID_SEZIONE":"490","ISTAT_COMUNE_SEZ":"1120","COMUNE_SEZ":"GRUGLIASCO","PROVINCIA":"TO","ID_CENTRALE":"1465","NOME_CENTRALE":"TORINO LEUMANN - COLLEGNO","ISTAT_COMUNE_CENTR":"1120","COMUNE_CENTR":"GRUGLIASCO","PROVINCIA_CENTR":"TO","INDIRIZZO_CENTRALE":"CORSO FERRUCCI. 1","LATITUDINE_SEZIONE":"45.06920","LONGITUDINE_SEZIONE":"7.55950","POS_X_SEZIONE":"386603.37696","POS_Y_SEZIONE":"4991646.63915","LATITUDINE_CENTRALE":"45.06234","LONGITUDINE_CENTRALE":"7.57794","POS_X_CENTRALE":"388041.60807","POS_Y_CENTRALE":"4990859.68023","TIPO_ADSL":"ADSL_2P","DESCRIZIONE_TIPO_ADSL":"ADSL 2+ (24 mega)","DISTANZA_CALCOLATA":"1639.46","CLASSE_DISTANZA":"1300-1699","POTENZA_SEGNALE":"16071.67","POPOLAZIONE_SEZIONE": "161"}
			},
		 		{ "type" : "Feature",
				"geometry" : {
					"type" : "Point",
					"coordinates" : [7.55775,45.07050]},
			"properties" : { "ANNO":"2010","ID_SEZIONE":"1259","ISTAT_COMUNE_SEZ":"1120","COMUNE_SEZ":"GRUGLIASCO","PROVINCIA":"TO","ID_CENTRALE":"1465","NOME_CENTRALE":"TORINO LEUMANN - COLLEGNO","ISTAT_COMUNE_CENTR":"1120","COMUNE_CENTR":"GRUGLIASCO","PROVINCIA_CENTR":"TO","INDIRIZZO_CENTRALE":"CORSO FERRUCCI. 1","LATITUDINE_SEZIONE":"45.07050","LONGITUDINE_SEZIONE":"7.55775","POS_X_SEZIONE":"386468.25299","POS_Y_SEZIONE":"4991794.14174","LATITUDINE_CENTRALE":"45.06234","LONGITUDINE_CENTRALE":"7.57794","POS_X_CENTRALE":"388041.60807","POS_Y_CENTRALE":"4990859.68023","TIPO_ADSL":"ADSL_2P","DESCRIZIONE_TIPO_ADSL":"ADSL 2+ (24 mega)","DISTANZA_CALCOLATA":"1829.94","CLASSE_DISTANZA":"1700-2099","POTENZA_SEGNALE":"12975.83","POPOLAZIONE_SEZIONE": "60"}
			},
		 		{ "type" : "Feature",
				"geometry" : {
					"type" : "Point",
					"coordinates" : [7.62245,45.05337]},
			"properties" : { "ANNO":"2010","ID_SEZIONE":"2952","ISTAT_COMUNE_SEZ":"1120","COMUNE_SEZ":"GRUGLIASCO","PROVINCIA":"TO","ID_CENTRALE":"1465","NOME_CENTRALE":"TORINO LEUMANN - COLLEGNO","ISTAT_COMUNE_CENTR":"1120","COMUNE_CENTR":"GRUGLIASCO","PROVINCIA_CENTR":"TO","INDIRIZZO_CENTRALE":"CORSO FERRUCCI. 1","LATITUDINE_SEZIONE":"45.05337","LONGITUDINE_SEZIONE":"7.62245","POS_X_SEZIONE":"391528.73658","POS_Y_SEZIONE":"4989802.60407","LATITUDINE_CENTRALE":"45.06234","LONGITUDINE_CENTRALE":"7.57794","POS_X_CENTRALE":"388041.60807","POS_Y_CENTRALE":"4990859.68023","TIPO_ADSL":"ADSL_2P","DESCRIZIONE_TIPO_ADSL":"ADSL 2+ (24 mega)","DISTANZA_CALCOLATA":"3643.83","CLASSE_DISTANZA":"3300-3699","POTENZA_SEGNALE":"4047.5","POPOLAZIONE_SEZIONE": ""}
			},
		 		{ "type" : "Feature",
				"geometry" : {
					"type" : "Point",
					"coordinates" : [7.58802,45.06695]},
			"properties" : { "ANNO":"2010","ID_SEZIONE":"4727","ISTAT_COMUNE_SEZ":"1120","COMUNE_SEZ":"GRUGLIASCO","PROVINCIA":"TO","ID_CENTRALE":"1465","NOME_CENTRALE":"TORINO LEUMANN - COLLEGNO","ISTAT_COMUNE_CENTR":"1120","COMUNE_CENTR":"GRUGLIASCO","PROVINCIA_CENTR":"TO","INDIRIZZO_CENTRALE":"CORSO FERRUCCI. 1","LATITUDINE_SEZIONE":"45.06695","LONGITUDINE_SEZIONE":"7.58802","POS_X_SEZIONE":"388844.34106","POS_Y_SEZIONE":"4991357.63768","LATITUDINE_CENTRALE":"45.06234","LONGITUDINE_CENTRALE":"7.57794","POS_X_CENTRALE":"388041.60807","POS_Y_CENTRALE":"4990859.68023","TIPO_ADSL":"ADSL_2P","DESCRIZIONE_TIPO_ADSL":"ADSL 2+ (24 mega)","DISTANZA_CALCOLATA":"944.64","CLASSE_DISTANZA":"900-1299","POTENZA_SEGNALE":"17737.5","POPOLAZIONE_SEZIONE": "2"}
			},
		 		{ "type" : "Feature",
				"geometry" : {
					"type" : "Point",
					"coordinates" : [7.58706,45.06561]},
			"properties" : { "ANNO":"2010","ID_SEZIONE":"5296","ISTAT_COMUNE_SEZ":"1120","COMUNE_SEZ":"GRUGLIASCO","PROVINCIA":"TO","ID_CENTRALE":"1465","NOME_CENTRALE":"TORINO LEUMANN - COLLEGNO","ISTAT_COMUNE_CENTR":"1120","COMUNE_CENTR":"GRUGLIASCO","PROVINCIA_CENTR":"TO","INDIRIZZO_CENTRALE":"CORSO FERRUCCI. 1","LATITUDINE_SEZIONE":"45.06561","LONGITUDINE_SEZIONE":"7.58706","POS_X_SEZIONE":"388765.84019","POS_Y_SEZIONE":"4991209.63486","LATITUDINE_CENTRALE":"45.06234","LONGITUDINE_CENTRALE":"7.57794","POS_X_CENTRALE":"388041.60807","POS_Y_CENTRALE":"4990859.68023","TIPO_ADSL":"ADSL_2P","DESCRIZIONE_TIPO_ADSL":"ADSL 2+ (24 mega)","DISTANZA_CALCOLATA":"804.35","CLASSE_DISTANZA":"500-899","POTENZA_SEGNALE":"19523.33","POPOLAZIONE_SEZIONE": "7"}
			},
		 		{ "type" : "Feature",
				"geometry" : {
					"type" : "Point",
					"coordinates" : [7.61908,45.05391]},
			"properties" : { "ANNO":"2010","ID_SEZIONE":"5510","ISTAT_COMUNE_SEZ":"1120","COMUNE_SEZ":"GRUGLIASCO","PROVINCIA":"TO","ID_CENTRALE":"1465","NOME_CENTRALE":"TORINO LEUMANN - COLLEGNO","ISTAT_COMUNE_CENTR":"1120","COMUNE_CENTR":"GRUGLIASCO","PROVINCIA_CENTR":"TO","INDIRIZZO_CENTRALE":"CORSO FERRUCCI. 1","LATITUDINE_SEZIONE":"45.05391","LONGITUDINE_SEZIONE":"7.61908","POS_X_SEZIONE":"391264.18003","POS_Y_SEZIONE":"4989867.10583","LATITUDINE_CENTRALE":"45.06234","LONGITUDINE_CENTRALE":"7.57794","POS_X_CENTRALE":"388041.60807","POS_Y_CENTRALE":"4990859.68023","TIPO_ADSL":"ADSL_2P","DESCRIZIONE_TIPO_ADSL":"ADSL 2+ (24 mega)","DISTANZA_CALCOLATA":"3371.97","CLASSE_DISTANZA":"3300-3699","POTENZA_SEGNALE":"4047.5","POPOLAZIONE_SEZIONE": "2"}
			},
		 		{ "type" : "Feature",
				"geometry" : {
					"type" : "Point",
					"coordinates" : [7.59568,45.07023]},
			"properties" : { "ANNO":"2010","ID_SEZIONE":"6354","ISTAT_COMUNE_SEZ":"1120","COMUNE_SEZ":"GRUGLIASCO","PROVINCIA":"TO","ID_CENTRALE":"1465","NOME_CENTRALE":"TORINO LEUMANN - COLLEGNO","ISTAT_COMUNE_CENTR":"1120","COMUNE_CENTR":"GRUGLIASCO","PROVINCIA_CENTR":"TO","INDIRIZZO_CENTRALE":"CORSO FERRUCCI. 1","LATITUDINE_SEZIONE":"45.07023","LONGITUDINE_SEZIONE":"7.59568","POS_X_SEZIONE":"389453.30413","POS_Y_SEZIONE":"4991711.64318","LATITUDINE_CENTRALE":"45.06234","LONGITUDINE_CENTRALE":"7.57794","POS_X_CENTRALE":"388041.60807","POS_Y_CENTRALE":"4990859.68023","TIPO_ADSL":"ADSL_2P","DESCRIZIONE_TIPO_ADSL":"ADSL 2+ (24 mega)","DISTANZA_CALCOLATA":"1648.86","CLASSE_DISTANZA":"1300-1699","POTENZA_SEGNALE":"16071.67","POPOLAZIONE_SEZIONE": "3"}
			},
		 		{ "type" : "Feature",
				"geometry" : {
					"type" : "Point",
					"coordinates" : [7.57996,45.05018]},
			"properties" : { "ANNO":"2010","ID_SEZIONE":"7381","ISTAT_COMUNE_SEZ":"1120","COMUNE_SEZ":"GRUGLIASCO","PROVINCIA":"TO","ID_CENTRALE":"1465","NOME_CENTRALE":"TORINO LEUMANN - COLLEGNO","ISTAT_COMUNE_CENTR":"1120","COMUNE_CENTR":"GRUGLIASCO","PROVINCIA_CENTR":"TO","INDIRIZZO_CENTRALE":"CORSO FERRUCCI. 1","LATITUDINE_SEZIONE":"45.05018","LONGITUDINE_SEZIONE":"7.57996","POS_X_SEZIONE":"388176.69613","POS_Y_SEZIONE":"4989505.60260","LATITUDINE_CENTRALE":"45.06234","LONGITUDINE_CENTRALE":"7.57794","POS_X_CENTRALE":"388041.60807","POS_Y_CENTRALE":"4990859.68023","TIPO_ADSL":"ADSL_2P","DESCRIZIONE_TIPO_ADSL":"ADSL 2+ (24 mega)","DISTANZA_CALCOLATA":"1360.8","CLASSE_DISTANZA":"1300-1699","POTENZA_SEGNALE":"16071.67","POPOLAZIONE_SEZIONE": "4"}
			},
		 		{ "type" : "Feature",
				"geometry" : {
					"type" : "Point",
					"coordinates" : [7.60144,45.06609]},
			"properties" : { "ANNO":"2010","ID_SEZIONE":"8214","ISTAT_COMUNE_SEZ":"1120","COMUNE_SEZ":"GRUGLIASCO","PROVINCIA":"TO","ID_CENTRALE":"1465","NOME_CENTRALE":"TORINO LEUMANN - COLLEGNO","ISTAT_COMUNE_CENTR":"1120","COMUNE_CENTR":"GRUGLIASCO","PROVINCIA_CENTR":"TO","INDIRIZZO_CENTRALE":"CORSO FERRUCCI. 1","LATITUDINE_SEZIONE":"45.06609","LONGITUDINE_SEZIONE":"7.60144","POS_X_SEZIONE":"389898.75693","POS_Y_SEZIONE":"4991243.63371","LATITUDINE_CENTRALE":"45.06234","LONGITUDINE_CENTRALE":"7.57794","POS_X_CENTRALE":"388041.60807","POS_Y_CENTRALE":"4990859.68023","TIPO_ADSL":"ADSL_2P","DESCRIZIONE_TIPO_ADSL":"ADSL 2+ (24 mega)","DISTANZA_CALCOLATA":"1896.42","CLASSE_DISTANZA":"1700-2099","POTENZA_SEGNALE":"12975.83","POPOLAZIONE_SEZIONE": "13"}
			},
		 		{ "type" : "Feature",
				"geometry" : {
					"type" : "Point",
					"coordinates" : [7.56445,45.06680]},
			"properties" : { "ANNO":"2010","ID_SEZIONE":"9044","ISTAT_COMUNE_SEZ":"1120","COMUNE_SEZ":"GRUGLIASCO","PROVINCIA":"TO","ID_CENTRALE":"1465","NOME_CENTRALE":"TORINO LEUMANN - COLLEGNO","ISTAT_COMUNE_CENTR":"1120","COMUNE_CENTR":"GRUGLIASCO","PROVINCIA_CENTR":"TO","INDIRIZZO_CENTRALE":"CORSO FERRUCCI. 1","LATITUDINE_SEZIONE":"45.06680","LONGITUDINE_SEZIONE":"7.56445","POS_X_SEZIONE":"386988.18899","POS_Y_SEZIONE":"4991373.63563","LATITUDINE_CENTRALE":"45.06234","LONGITUDINE_CENTRALE":"7.57794","POS_X_CENTRALE":"388041.60807","POS_Y_CENTRALE":"4990859.68023","TIPO_ADSL":"ADSL_2P","DESCRIZIONE_TIPO_ADSL":"ADSL 2+ (24 mega)","DISTANZA_CALCOLATA":"1172.11","CLASSE_DISTANZA":"900-1299","POTENZA_SEGNALE":"17737.5","POPOLAZIONE_SEZIONE": "13"}
			},
		 		{ "type" : "Feature",
				"geometry" : {
					"type" : "Point",
					"coordinates" : [7.60503,45.06340]},
			"properties" : { "ANNO":"2010","ID_SEZIONE":"10291","ISTAT_COMUNE_SEZ":"1120","COMUNE_SEZ":"GRUGLIASCO","PROVINCIA":"TO","ID_CENTRALE":"1465","NOME_CENTRALE":"TORINO LEUMANN - COLLEGNO","ISTAT_COMUNE_CENTR":"1120","COMUNE_CENTR":"GRUGLIASCO","PROVINCIA_CENTR":"TO","INDIRIZZO_CENTRALE":"CORSO FERRUCCI. 1","LATITUDINE_SEZIONE":"45.06340","LONGITUDINE_SEZIONE":"7.60503","POS_X_SEZIONE":"390176.21638","POS_Y_SEZIONE":"4990939.62756","LATITUDINE_CENTRALE":"45.06234","LONGITUDINE_CENTRALE":"7.57794","POS_X_CENTRALE":"388041.60807","POS_Y_CENTRALE":"4990859.68023","TIPO_ADSL":"ADSL_2P","DESCRIZIONE_TIPO_ADSL":"ADSL 2+ (24 mega)","DISTANZA_CALCOLATA":"2136.1","CLASSE_DISTANZA":"2100-2499","POTENZA_SEGNALE":"10000","POPOLAZIONE_SEZIONE": "19"}
			},
		 		{ "type" : "Feature",
				"geometry" : {
					"type" : "Point",
					"coordinates" : [7.61732,45.05602]},
			"properties" : { "ANNO":"2010","ID_SEZIONE":"11521","ISTAT_COMUNE_SEZ":"1120","COMUNE_SEZ":"GRUGLIASCO","PROVINCIA":"TO","ID_CENTRALE":"1465","NOME_CENTRALE":"TORINO LEUMANN - COLLEGNO","ISTAT_COMUNE_CENTR":"1120","COMUNE_CENTR":"GRUGLIASCO","PROVINCIA_CENTR":"TO","INDIRIZZO_CENTRALE":"CORSO FERRUCCI. 1","LATITUDINE_SEZIONE":"45.05602","LONGITUDINE_SEZIONE":"7.61732","POS_X_SEZIONE":"391129.65511","POS_Y_SEZIONE":"4990103.61041","LATITUDINE_CENTRALE":"45.06234","LONGITUDINE_CENTRALE":"7.57794","POS_X_CENTRALE":"388041.60807","POS_Y_CENTRALE":"4990859.68023","TIPO_ADSL":"ADSL_2P","DESCRIZIONE_TIPO_ADSL":"ADSL 2+ (24 mega)","DISTANZA_CALCOLATA":"3179.26","CLASSE_DISTANZA":"2900-3299","POTENZA_SEGNALE":"5238.33","POPOLAZIONE_SEZIONE": ""}
			},
		 		{ "type" : "Feature",
				"geometry" : {
					"type" : "Point",
					"coordinates" : [7.56653,45.06283]},
			"properties" : { "ANNO":"2010","ID_SEZIONE":"11727","ISTAT_COMUNE_SEZ":"1120","COMUNE_SEZ":"GRUGLIASCO","PROVINCIA":"TO","ID_CENTRALE":"1465","NOME_CENTRALE":"TORINO LEUMANN - COLLEGNO","ISTAT_COMUNE_CENTR":"1120","COMUNE_CENTR":"GRUGLIASCO","PROVINCIA_CENTR":"TO","INDIRIZZO_CENTRALE":"CORSO FERRUCCI. 1","LATITUDINE_SEZIONE":"45.06283","LONGITUDINE_SEZIONE":"7.56653","POS_X_SEZIONE":"387144.09043","POS_Y_SEZIONE":"4990929.12747","LATITUDINE_CENTRALE":"45.06234","LONGITUDINE_CENTRALE":"7.57794","POS_X_CENTRALE":"388041.60807","POS_Y_CENTRALE":"4990859.68023","TIPO_ADSL":"ADSL_2P","DESCRIZIONE_TIPO_ADSL":"ADSL 2+ (24 mega)","DISTANZA_CALCOLATA":"900.20","CLASSE_DISTANZA":"900-1299","POTENZA_SEGNALE":"17737.5","POPOLAZIONE_SEZIONE": "3"}
			},
		 		{ "type" : "Feature",
				"geometry" : {
					"type" : "Point",
					"coordinates" : [7.62039,45.04548]},
			"properties" : { "ANNO":"2010","ID_SEZIONE":"11736","ISTAT_COMUNE_SEZ":"1120","COMUNE_SEZ":"GRUGLIASCO","PROVINCIA":"TO","ID_CENTRALE":"1465","NOME_CENTRALE":"TORINO LEUMANN - COLLEGNO","ISTAT_COMUNE_CENTR":"1120","COMUNE_CENTR":"GRUGLIASCO","PROVINCIA_CENTR":"TO","INDIRIZZO_CENTRALE":"CORSO FERRUCCI. 1","LATITUDINE_SEZIONE":"45.04548","LONGITUDINE_SEZIONE":"7.62039","POS_X_SEZIONE":"391351.63322","POS_Y_SEZIONE":"4988928.08811","LATITUDINE_CENTRALE":"45.06234","LONGITUDINE_CENTRALE":"7.57794","POS_X_CENTRALE":"388041.60807","POS_Y_CENTRALE":"4990859.68023","TIPO_ADSL":"ADSL_2P","DESCRIZIONE_TIPO_ADSL":"ADSL 2+ (24 mega)","DISTANZA_CALCOLATA":"3832.4","CLASSE_DISTANZA":"3700-4099","POTENZA_SEGNALE":"2857.5","POPOLAZIONE_SEZIONE": "154"}
			},
		 		{ "type" : "Feature",
				"geometry" : {
					"type" : "Point",
					"coordinates" : [7.60011,45.05178]},
			"properties" : { "ANNO":"2010","ID_SEZIONE":"13032","ISTAT_COMUNE_SEZ":"1120","COMUNE_SEZ":"GRUGLIASCO","PROVINCIA":"TO","ID_CENTRALE":"1465","NOME_CENTRALE":"TORINO LEUMANN - COLLEGNO","ISTAT_COMUNE_CENTR":"1120","COMUNE_CENTR":"GRUGLIASCO","PROVINCIA_CENTR":"TO","INDIRIZZO_CENTRALE":"CORSO FERRUCCI. 1","LATITUDINE_SEZIONE":"45.05178","LONGITUDINE_SEZIONE":"7.60011","POS_X_SEZIONE":"389766.42182","POS_Y_SEZIONE":"4989656.10347","LATITUDINE_CENTRALE":"45.06234","LONGITUDINE_CENTRALE":"7.57794","POS_X_CENTRALE":"388041.60807","POS_Y_CENTRALE":"4990859.68023","TIPO_ADSL":"ADSL_2P","DESCRIZIONE_TIPO_ADSL":"ADSL 2+ (24 mega)","DISTANZA_CALCOLATA":"2103.23","CLASSE_DISTANZA":"2100-2499","POTENZA_SEGNALE":"10000","POPOLAZIONE_SEZIONE": "36"}
			},
		 		{ "type" : "Feature",
				"geometry" : {
					"type" : "Point",
					"coordinates" : [7.58503,45.05071]},
			"properties" : { "ANNO":"2010","ID_SEZIONE":"13469","ISTAT_COMUNE_SEZ":"1120","COMUNE_SEZ":"GRUGLIASCO","PROVINCIA":"TO","ID_CENTRALE":"1465","NOME_CENTRALE":"TORINO LEUMANN - COLLEGNO","ISTAT_COMUNE_CENTR":"1120","COMUNE_CENTR":"GRUGLIASCO","PROVINCIA_CENTR":"TO","INDIRIZZO_CENTRALE":"CORSO FERRUCCI. 1","LATITUDINE_SEZIONE":"45.05071","LONGITUDINE_SEZIONE":"7.58503","POS_X_SEZIONE":"388577.03302","POS_Y_SEZIONE":"4989557.60337","LATITUDINE_CENTRALE":"45.06234","LONGITUDINE_CENTRALE":"7.57794","POS_X_CENTRALE":"388041.60807","POS_Y_CENTRALE":"4990859.68023","TIPO_ADSL":"ADSL_2P","DESCRIZIONE_TIPO_ADSL":"ADSL 2+ (24 mega)","DISTANZA_CALCOLATA":"1407.87","CLASSE_DISTANZA":"1300-1699","POTENZA_SEGNALE":"16071.67","POPOLAZIONE_SEZIONE": "4"}
			},
		 		{ "type" : "Feature",
				"geometry" : {
					"type" : "Point",
					"coordinates" : [7.61831,45.04447]},
			"properties" : { "ANNO":"2010","ID_SEZIONE":"13471","ISTAT_COMUNE_SEZ":"1120","COMUNE_SEZ":"GRUGLIASCO","PROVINCIA":"TO","ID_CENTRALE":"1465","NOME_CENTRALE":"TORINO LEUMANN - COLLEGNO","ISTAT_COMUNE_CENTR":"1120","COMUNE_CENTR":"GRUGLIASCO","PROVINCIA_CENTR":"TO","INDIRIZZO_CENTRALE":"CORSO FERRUCCI. 1","LATITUDINE_SEZIONE":"45.04447","LONGITUDINE_SEZIONE":"7.61831","POS_X_SEZIONE":"391186.07136","POS_Y_SEZIONE":"4988819.08638","LATITUDINE_CENTRALE":"45.06234","LONGITUDINE_CENTRALE":"7.57794","POS_X_CENTRALE":"388041.60807","POS_Y_CENTRALE":"4990859.68023","TIPO_ADSL":"ADSL_2P","DESCRIZIONE_TIPO_ADSL":"ADSL 2+ (24 mega)","DISTANZA_CALCOLATA":"3748.56","CLASSE_DISTANZA":"3700-4099","POTENZA_SEGNALE":"2857.5","POPOLAZIONE_SEZIONE": "3"}
			},
		 		{ "type" : "Feature",
				"geometry" : {
					"type" : "Point",
					"coordinates" : [7.56008,45.06979]},
			"properties" : { "ANNO":"2010","ID_SEZIONE":"13572","ISTAT_COMUNE_SEZ":"1120","COMUNE_SEZ":"GRUGLIASCO","PROVINCIA":"TO","ID_CENTRALE":"1465","NOME_CENTRALE":"TORINO LEUMANN - COLLEGNO","ISTAT_COMUNE_CENTR":"1120","COMUNE_CENTR":"GRUGLIASCO","PROVINCIA_CENTR":"TO","INDIRIZZO_CENTRALE":"CORSO FERRUCCI. 1","LATITUDINE_SEZIONE":"45.06979","LONGITUDINE_SEZIONE":"7.56008","POS_X_SEZIONE":"386650.44051","POS_Y_SEZIONE":"4991711.14091","LATITUDINE_CENTRALE":"45.06234","LONGITUDINE_CENTRALE":"7.57794","POS_X_CENTRALE":"388041.60807","POS_Y_CENTRALE":"4990859.68023","TIPO_ADSL":"ADSL_2P","DESCRIZIONE_TIPO_ADSL":"ADSL 2+ (24 mega)","DISTANZA_CALCOLATA":"1631.05","CLASSE_DISTANZA":"1300-1699","POTENZA_SEGNALE":"16071.67","POPOLAZIONE_SEZIONE": "299"}
			},
		 		{ "type" : "Feature",
				"geometry" : {
					"type" : "Point",
					"coordinates" : [7.61823,45.04826]},
			"properties" : { "ANNO":"2010","ID_SEZIONE":"15357","ISTAT_COMUNE_SEZ":"1120","COMUNE_SEZ":"GRUGLIASCO","PROVINCIA":"TO","ID_CENTRALE":"1465","NOME_CENTRALE":"TORINO LEUMANN - COLLEGNO","ISTAT_COMUNE_CENTR":"1120","COMUNE_CENTR":"GRUGLIASCO","PROVINCIA_CENTR":"TO","INDIRIZZO_CENTRALE":"CORSO FERRUCCI. 1","LATITUDINE_SEZIONE":"45.04826","LONGITUDINE_SEZIONE":"7.61823","POS_X_SEZIONE":"391186.73389","POS_Y_SEZIONE":"4989240.09425","LATITUDINE_CENTRALE":"45.06234","LONGITUDINE_CENTRALE":"7.57794","POS_X_CENTRALE":"388041.60807","POS_Y_CENTRALE":"4990859.68023","TIPO_ADSL":"ADSL_2P","DESCRIZIONE_TIPO_ADSL":"ADSL 2+ (24 mega)","DISTANZA_CALCOLATA":"3537.64","CLASSE_DISTANZA":"3300-3699","POTENZA_SEGNALE":"4047.5","POPOLAZIONE_SEZIONE": ""}
			},
		 		{ "type" : "Feature",
				"geometry" : {
					"type" : "Point",
					"coordinates" : [7.58156,45.04564]},
			"properties" : { "ANNO":"2010","ID_SEZIONE":"15562","ISTAT_COMUNE_SEZ":"1120","COMUNE_SEZ":"GRUGLIASCO","PROVINCIA":"TO","ID_CENTRALE":"1465","NOME_CENTRALE":"TORINO LEUMANN - COLLEGNO","ISTAT_COMUNE_CENTR":"1120","COMUNE_CENTR":"GRUGLIASCO","PROVINCIA_CENTR":"TO","INDIRIZZO_CENTRALE":"CORSO FERRUCCI. 1","LATITUDINE_SEZIONE":"45.04564","LONGITUDINE_SEZIONE":"7.58156","POS_X_SEZIONE":"388293.74701","POS_Y_SEZIONE":"4988999.09278","LATITUDINE_CENTRALE":"45.06234","LONGITUDINE_CENTRALE":"7.57794","POS_X_CENTRALE":"388041.60807","POS_Y_CENTRALE":"4990859.68023","TIPO_ADSL":"ADSL_2P","DESCRIZIONE_TIPO_ADSL":"ADSL 2+ (24 mega)","DISTANZA_CALCOLATA":"1877.59","CLASSE_DISTANZA":"1700-2099","POTENZA_SEGNALE":"12975.83","POPOLAZIONE_SEZIONE": ""}
			},
		 		{ "type" : "Feature",
				"geometry" : {
					"type" : "Point",
					"coordinates" : [7.60972,45.04210]},
			"properties" : { "ANNO":"2010","ID_SEZIONE":"15952","ISTAT_COMUNE_SEZ":"1120","COMUNE_SEZ":"GRUGLIASCO","PROVINCIA":"TO","ID_CENTRALE":"1465","NOME_CENTRALE":"TORINO LEUMANN - COLLEGNO","ISTAT_COMUNE_CENTR":"1120","COMUNE_CENTR":"GRUGLIASCO","PROVINCIA_CENTR":"TO","INDIRIZZO_CENTRALE":"CORSO FERRUCCI. 1","LATITUDINE_SEZIONE":"45.04210","LONGITUDINE_SEZIONE":"7.60972","POS_X_SEZIONE":"390504.92294","POS_Y_SEZIONE":"4988567.08203","LATITUDINE_CENTRALE":"45.06234","LONGITUDINE_CENTRALE":"7.57794","POS_X_CENTRALE":"388041.60807","POS_Y_CENTRALE":"4990859.68023","TIPO_ADSL":"ADSL_2P","DESCRIZIONE_TIPO_ADSL":"ADSL 2+ (24 mega)","DISTANZA_CALCOLATA":"3365.1","CLASSE_DISTANZA":"3300-3699","POTENZA_SEGNALE":"4047.5","POPOLAZIONE_SEZIONE": "23"}
			},
		 		{ "type" : "Feature",
				"geometry" : {
					"type" : "Point",
					"coordinates" : [7.58492,45.05744]},
			"properties" : { "ANNO":"2010","ID_SEZIONE":"16463","ISTAT_COMUNE_SEZ":"1120","COMUNE_SEZ":"GRUGLIASCO","PROVINCIA":"TO","ID_CENTRALE":"1465","NOME_CENTRALE":"TORINO LEUMANN - COLLEGNO","ISTAT_COMUNE_CENTR":"1120","COMUNE_CENTR":"GRUGLIASCO","PROVINCIA_CENTR":"TO","INDIRIZZO_CENTRALE":"CORSO FERRUCCI. 1","LATITUDINE_SEZIONE":"45.05744","LONGITUDINE_SEZIONE":"7.58492","POS_X_SEZIONE":"388581.67072","POS_Y_SEZIONE":"4990305.11774","LATITUDINE_CENTRALE":"45.06234","LONGITUDINE_CENTRALE":"7.57794","POS_X_CENTRALE":"388041.60807","POS_Y_CENTRALE":"4990859.68023","TIPO_ADSL":"ADSL_2P","DESCRIZIONE_TIPO_ADSL":"ADSL 2+ (24 mega)","DISTANZA_CALCOLATA":"774.08","CLASSE_DISTANZA":"500-899","POTENZA_SEGNALE":"19523.33","POPOLAZIONE_SEZIONE": "12"}
			},
		 		{ "type" : "Feature",
				"geometry" : {
					"type" : "Point",
					"coordinates" : [7.62076,45.05365]},
			"properties" : { "ANNO":"2010","ID_SEZIONE":"18590","ISTAT_COMUNE_SEZ":"1120","COMUNE_SEZ":"GRUGLIASCO","PROVINCIA":"TO","ID_CENTRALE":"1465","NOME_CENTRALE":"TORINO LEUMANN - COLLEGNO","ISTAT_COMUNE_CENTR":"1120","COMUNE_CENTR":"GRUGLIASCO","PROVINCIA_CENTR":"TO","INDIRIZZO_CENTRALE":"CORSO FERRUCCI. 1","LATITUDINE_SEZIONE":"45.05365","LONGITUDINE_SEZIONE":"7.62076","POS_X_SEZIONE":"391396.27143","POS_Y_SEZIONE":"4989835.60503","LATITUDINE_CENTRALE":"45.06234","LONGITUDINE_CENTRALE":"7.57794","POS_X_CENTRALE":"388041.60807","POS_Y_CENTRALE":"4990859.68023","TIPO_ADSL":"ADSL_2P","DESCRIZIONE_TIPO_ADSL":"ADSL 2+ (24 mega)","DISTANZA_CALCOLATA":"3507.49","CLASSE_DISTANZA":"3300-3699","POTENZA_SEGNALE":"4047.5","POPOLAZIONE_SEZIONE": ""}
			},
		 		{ "type" : "Feature",
				"geometry" : {
					"type" : "Point",
					"coordinates" : [7.57178,45.06603]},
			"properties" : { "ANNO":"2010","ID_SEZIONE":"18761","ISTAT_COMUNE_SEZ":"1120","COMUNE_SEZ":"GRUGLIASCO","PROVINCIA":"TO","ID_CENTRALE":"1465","NOME_CENTRALE":"TORINO LEUMANN - COLLEGNO","ISTAT_COMUNE_CENTR":"1120","COMUNE_CENTR":"GRUGLIASCO","PROVINCIA_CENTR":"TO","INDIRIZZO_CENTRALE":"CORSO FERRUCCI. 1","LATITUDINE_SEZIONE":"45.06603","LONGITUDINE_SEZIONE":"7.57178","POS_X_SEZIONE":"387563.50701","POS_Y_SEZIONE":"4991278.13585","LATITUDINE_CENTRALE":"45.06234","LONGITUDINE_CENTRALE":"7.57794","POS_X_CENTRALE":"388041.60807","POS_Y_CENTRALE":"4990859.68023","TIPO_ADSL":"ADSL_2P","DESCRIZIONE_TIPO_ADSL":"ADSL 2+ (24 mega)","DISTANZA_CALCOLATA":"635.36","CLASSE_DISTANZA":"500-899","POTENZA_SEGNALE":"19523.33","POPOLAZIONE_SEZIONE": "192"}
			},
		 		{ "type" : "Feature",
				"geometry" : {
					"type" : "Point",
					"coordinates" : [7.56569,45.06518]},
			"properties" : { "ANNO":"2010","ID_SEZIONE":"19982","ISTAT_COMUNE_SEZ":"1120","COMUNE_SEZ":"GRUGLIASCO","PROVINCIA":"TO","ID_CENTRALE":"1465","NOME_CENTRALE":"TORINO LEUMANN - COLLEGNO","ISTAT_COMUNE_CENTR":"1120","COMUNE_CENTR":"GRUGLIASCO","PROVINCIA_CENTR":"TO","INDIRIZZO_CENTRALE":"CORSO FERRUCCI. 1","LATITUDINE_SEZIONE":"45.06518","LONGITUDINE_SEZIONE":"7.56569","POS_X_SEZIONE":"387082.40621","POS_Y_SEZIONE":"4991192.13214","LATITUDINE_CENTRALE":"45.06234","LONGITUDINE_CENTRALE":"7.57794","POS_X_CENTRALE":"388041.60807","POS_Y_CENTRALE":"4990859.68023","TIPO_ADSL":"ADSL_2P","DESCRIZIONE_TIPO_ADSL":"ADSL 2+ (24 mega)","DISTANZA_CALCOLATA":"1015.18","CLASSE_DISTANZA":"900-1299","POTENZA_SEGNALE":"17737.5","POPOLAZIONE_SEZIONE": "420"}
			},
		 		{ "type" : "Feature",
				"geometry" : {
					"type" : "Point",
					"coordinates" : [7.58474,45.05317]},
			"properties" : { "ANNO":"2010","ID_SEZIONE":"20363","ISTAT_COMUNE_SEZ":"1120","COMUNE_SEZ":"GRUGLIASCO","PROVINCIA":"TO","ID_CENTRALE":"1465","NOME_CENTRALE":"TORINO LEUMANN - COLLEGNO","ISTAT_COMUNE_CENTR":"1120","COMUNE_CENTR":"GRUGLIASCO","PROVINCIA_CENTR":"TO","INDIRIZZO_CENTRALE":"CORSO FERRUCCI. 1","LATITUDINE_SEZIONE":"45.05317","LONGITUDINE_SEZIONE":"7.58474","POS_X_SEZIONE":"388558.78841","POS_Y_SEZIONE":"4989831.60836","LATITUDINE_CENTRALE":"45.06234","LONGITUDINE_CENTRALE":"7.57794","POS_X_CENTRALE":"388041.60807","POS_Y_CENTRALE":"4990859.68023","TIPO_ADSL":"ADSL_2P","DESCRIZIONE_TIPO_ADSL":"ADSL 2+ (24 mega)","DISTANZA_CALCOLATA":"1150.83","CLASSE_DISTANZA":"900-1299","POTENZA_SEGNALE":"17737.5","POPOLAZIONE_SEZIONE": "3"}
			},
		 		{ "type" : "Feature",
				"geometry" : {
					"type" : "Point",
					"coordinates" : [7.60228,45.06590]},
			"properties" : { "ANNO":"2010","ID_SEZIONE":"22013","ISTAT_COMUNE_SEZ":"1120","COMUNE_SEZ":"GRUGLIASCO","PROVINCIA":"TO","ID_CENTRALE":"1465","NOME_CENTRALE":"TORINO LEUMANN - COLLEGNO","ISTAT_COMUNE_CENTR":"1120","COMUNE_CENTR":"GRUGLIASCO","PROVINCIA_CENTR":"TO","INDIRIZZO_CENTRALE":"CORSO FERRUCCI. 1","LATITUDINE_SEZIONE":"45.06590","LONGITUDINE_SEZIONE":"7.60228","POS_X_SEZIONE":"389964.41171","POS_Y_SEZIONE":"4991221.63307","LATITUDINE_CENTRALE":"45.06234","LONGITUDINE_CENTRALE":"7.57794","POS_X_CENTRALE":"388041.60807","POS_Y_CENTRALE":"4990859.68023","TIPO_ADSL":"ADSL_2P","DESCRIZIONE_TIPO_ADSL":"ADSL 2+ (24 mega)","DISTANZA_CALCOLATA":"1956.57","CLASSE_DISTANZA":"1700-2099","POTENZA_SEGNALE":"12975.83","POPOLAZIONE_SEZIONE": "4"}
			},
		 		{ "type" : "Feature",
				"geometry" : {
					"type" : "Point",
					"coordinates" : [7.57711,45.06324]},
			"properties" : { "ANNO":"2010","ID_SEZIONE":"22018","ISTAT_COMUNE_SEZ":"1120","COMUNE_SEZ":"GRUGLIASCO","PROVINCIA":"TO","ID_CENTRALE":"1465","NOME_CENTRALE":"TORINO LEUMANN - COLLEGNO","ISTAT_COMUNE_CENTR":"1120","COMUNE_CENTR":"GRUGLIASCO","PROVINCIA_CENTR":"TO","INDIRIZZO_CENTRALE":"CORSO FERRUCCI. 1","LATITUDINE_SEZIONE":"45.06324","LONGITUDINE_SEZIONE":"7.57711","POS_X_SEZIONE":"387978.03705","POS_Y_SEZIONE":"4990960.13112","LATITUDINE_CENTRALE":"45.06234","LONGITUDINE_CENTRALE":"7.57794","POS_X_CENTRALE":"388041.60807","POS_Y_CENTRALE":"4990859.68023","TIPO_ADSL":"ADSL_2P","DESCRIZIONE_TIPO_ADSL":"ADSL 2+ (24 mega)","DISTANZA_CALCOLATA":"118.88","CLASSE_DISTANZA":"100-499","POTENZA_SEGNALE":"19761.67","POPOLAZIONE_SEZIONE": "6"}
			},
		 		{ "type" : "Feature",
				"geometry" : {
					"type" : "Point",
					"coordinates" : [7.57272,45.05933]},
			"properties" : { "ANNO":"2010","ID_SEZIONE":"22356","ISTAT_COMUNE_SEZ":"1120","COMUNE_SEZ":"GRUGLIASCO","PROVINCIA":"TO","ID_CENTRALE":"1465","NOME_CENTRALE":"TORINO LEUMANN - COLLEGNO","ISTAT_COMUNE_CENTR":"1120","COMUNE_CENTR":"GRUGLIASCO","PROVINCIA_CENTR":"TO","INDIRIZZO_CENTRALE":"CORSO FERRUCCI. 1","LATITUDINE_SEZIONE":"45.05933","LONGITUDINE_SEZIONE":"7.57272","POS_X_SEZIONE":"387624.74528","POS_Y_SEZIONE":"4990531.62142","LATITUDINE_CENTRALE":"45.06234","LONGITUDINE_CENTRALE":"7.57794","POS_X_CENTRALE":"388041.60807","POS_Y_CENTRALE":"4990859.68023","TIPO_ADSL":"ADSL_2P","DESCRIZIONE_TIPO_ADSL":"ADSL 2+ (24 mega)","DISTANZA_CALCOLATA":"530.47","CLASSE_DISTANZA":"500-899","POTENZA_SEGNALE":"19523.33","POPOLAZIONE_SEZIONE": "36"}
			},
		 		{ "type" : "Feature",
				"geometry" : {
					"type" : "Point",
					"coordinates" : [7.60780,45.06453]},
			"properties" : { "ANNO":"2010","ID_SEZIONE":"23234","ISTAT_COMUNE_SEZ":"1120","COMUNE_SEZ":"GRUGLIASCO","PROVINCIA":"TO","ID_CENTRALE":"1465","NOME_CENTRALE":"TORINO LEUMANN - COLLEGNO","ISTAT_COMUNE_CENTR":"1120","COMUNE_CENTR":"GRUGLIASCO","PROVINCIA_CENTR":"TO","INDIRIZZO_CENTRALE":"CORSO FERRUCCI. 1","LATITUDINE_SEZIONE":"45.06453","LONGITUDINE_SEZIONE":"7.60780","POS_X_SEZIONE":"390396.30829","POS_Y_SEZIONE":"4991061.62948","LATITUDINE_CENTRALE":"45.06234","LONGITUDINE_CENTRALE":"7.57794","POS_X_CENTRALE":"388041.60807","POS_Y_CENTRALE":"4990859.68023","TIPO_ADSL":"ADSL_2P","DESCRIZIONE_TIPO_ADSL":"ADSL 2+ (24 mega)","DISTANZA_CALCOLATA":"2363.34","CLASSE_DISTANZA":"2100-2499","POTENZA_SEGNALE":"10000","POPOLAZIONE_SEZIONE": "23"}
			},
		 		{ "type" : "Feature",
				"geometry" : {
					"type" : "Point",
					"coordinates" : [7.61752,45.04616]},
			"properties" : { "ANNO":"2010","ID_SEZIONE":"23441","ISTAT_COMUNE_SEZ":"1120","COMUNE_SEZ":"GRUGLIASCO","PROVINCIA":"TO","ID_CENTRALE":"1465","NOME_CENTRALE":"TORINO LEUMANN - COLLEGNO","ISTAT_COMUNE_CENTR":"1120","COMUNE_CENTR":"GRUGLIASCO","PROVINCIA_CENTR":"TO","INDIRIZZO_CENTRALE":"CORSO FERRUCCI. 1","LATITUDINE_SEZIONE":"45.04616","LONGITUDINE_SEZIONE":"7.61752","POS_X_SEZIONE":"391126.91949","POS_Y_SEZIONE":"4989008.08964","LATITUDINE_CENTRALE":"45.06234","LONGITUDINE_CENTRALE":"7.57794","POS_X_CENTRALE":"388041.60807","POS_Y_CENTRALE":"4990859.68023","TIPO_ADSL":"ADSL_2P","DESCRIZIONE_TIPO_ADSL":"ADSL 2+ (24 mega)","DISTANZA_CALCOLATA":"3598.27","CLASSE_DISTANZA":"3300-3699","POTENZA_SEGNALE":"4047.5","POPOLAZIONE_SEZIONE": "384"}
			},
		 		{ "type" : "Feature",
				"geometry" : {
					"type" : "Point",
					"coordinates" : [7.62014,45.05204]},
			"properties" : { "ANNO":"2010","ID_SEZIONE":"23663","ISTAT_COMUNE_SEZ":"1120","COMUNE_SEZ":"GRUGLIASCO","PROVINCIA":"TO","ID_CENTRALE":"1465","NOME_CENTRALE":"TORINO LEUMANN - COLLEGNO","ISTAT_COMUNE_CENTR":"1120","COMUNE_CENTR":"GRUGLIASCO","PROVINCIA_CENTR":"TO","INDIRIZZO_CENTRALE":"CORSO FERRUCCI. 1","LATITUDINE_SEZIONE":"45.05204","LONGITUDINE_SEZIONE":"7.62014","POS_X_SEZIONE":"391344.01978","POS_Y_SEZIONE":"4989657.60158","LATITUDINE_CENTRALE":"45.06234","LONGITUDINE_CENTRALE":"7.57794","POS_X_CENTRALE":"388041.60807","POS_Y_CENTRALE":"4990859.68023","TIPO_ADSL":"ADSL_2P","DESCRIZIONE_TIPO_ADSL":"ADSL 2+ (24 mega)","DISTANZA_CALCOLATA":"3514.39","CLASSE_DISTANZA":"3300-3699","POTENZA_SEGNALE":"4047.5","POPOLAZIONE_SEZIONE": "15"}
			},
		 		{ "type" : "Feature",
				"geometry" : {
					"type" : "Point",
					"coordinates" : [7.56322,45.06503]},
			"properties" : { "ANNO":"2010","ID_SEZIONE":"24652","ISTAT_COMUNE_SEZ":"1120","COMUNE_SEZ":"GRUGLIASCO","PROVINCIA":"TO","ID_CENTRALE":"1465","NOME_CENTRALE":"TORINO LEUMANN - COLLEGNO","ISTAT_COMUNE_CENTR":"1120","COMUNE_CENTR":"GRUGLIASCO","PROVINCIA_CENTR":"TO","INDIRIZZO_CENTRALE":"CORSO FERRUCCI. 1","LATITUDINE_SEZIONE":"45.06503","LONGITUDINE_SEZIONE":"7.56322","POS_X_SEZIONE":"386887.96653","POS_Y_SEZIONE":"4991178.63121","LATITUDINE_CENTRALE":"45.06234","LONGITUDINE_CENTRALE":"7.57794","POS_X_CENTRALE":"388041.60807","POS_Y_CENTRALE":"4990859.68023","TIPO_ADSL":"ADSL_2P","DESCRIZIONE_TIPO_ADSL":"ADSL 2+ (24 mega)","DISTANZA_CALCOLATA":"1196.92","CLASSE_DISTANZA":"900-1299","POTENZA_SEGNALE":"17737.5","POPOLAZIONE_SEZIONE": "10"}
			},
		 		{ "type" : "Feature",
				"geometry" : {
					"type" : "Point",
					"coordinates" : [7.60256,45.04379]},
			"properties" : { "ANNO":"2010","ID_SEZIONE":"24956","ISTAT_COMUNE_SEZ":"1120","COMUNE_SEZ":"GRUGLIASCO","PROVINCIA":"TO","ID_CENTRALE":"1465","NOME_CENTRALE":"TORINO LEUMANN - COLLEGNO","ISTAT_COMUNE_CENTR":"1120","COMUNE_CENTR":"GRUGLIASCO","PROVINCIA_CENTR":"TO","INDIRIZZO_CENTRALE":"CORSO FERRUCCI. 1","LATITUDINE_SEZIONE":"45.04379","LONGITUDINE_SEZIONE":"7.60256","POS_X_SEZIONE":"389944.40429","POS_Y_SEZIONE":"4988764.58654","LATITUDINE_CENTRALE":"45.06234","LONGITUDINE_CENTRALE":"7.57794","POS_X_CENTRALE":"388041.60807","POS_Y_CENTRALE":"4990859.68023","TIPO_ADSL":"ADSL_2P","DESCRIZIONE_TIPO_ADSL":"ADSL 2+ (24 mega)","DISTANZA_CALCOLATA":"2830.2","CLASSE_DISTANZA":"2500-2899","POTENZA_SEGNALE":"7380.83","POPOLAZIONE_SEZIONE": "30"}
			},
		 		{ "type" : "Feature",
				"geometry" : {
					"type" : "Point",
					"coordinates" : [7.61679,45.05228]},
			"properties" : { "ANNO":"2010","ID_SEZIONE":"25803","ISTAT_COMUNE_SEZ":"1120","COMUNE_SEZ":"GRUGLIASCO","PROVINCIA":"TO","ID_CENTRALE":"1465","NOME_CENTRALE":"TORINO LEUMANN - COLLEGNO","ISTAT_COMUNE_CENTR":"1120","COMUNE_CENTR":"GRUGLIASCO","PROVINCIA_CENTR":"TO","INDIRIZZO_CENTRALE":"CORSO FERRUCCI. 1","LATITUDINE_SEZIONE":"45.05228","LONGITUDINE_SEZIONE":"7.61679","POS_X_SEZIONE":"391081.05555","POS_Y_SEZIONE":"4989689.10289","LATITUDINE_CENTRALE":"45.06234","LONGITUDINE_CENTRALE":"7.57794","POS_X_CENTRALE":"388041.60807","POS_Y_CENTRALE":"4990859.68023","TIPO_ADSL":"ADSL_2P","DESCRIZIONE_TIPO_ADSL":"ADSL 2+ (24 mega)","DISTANZA_CALCOLATA":"3257.07","CLASSE_DISTANZA":"2900-3299","POTENZA_SEGNALE":"5238.33","POPOLAZIONE_SEZIONE": "92"}
			},
		 		{ "type" : "Feature",
				"geometry" : {
					"type" : "Point",
					"coordinates" : [7.57516,45.06880]},
			"properties" : { "ANNO":"2010","ID_SEZIONE":"25910","ISTAT_COMUNE_SEZ":"1120","COMUNE_SEZ":"GRUGLIASCO","PROVINCIA":"TO","ID_CENTRALE":"1465","NOME_CENTRALE":"TORINO LEUMANN - COLLEGNO","ISTAT_COMUNE_CENTR":"1120","COMUNE_CENTR":"GRUGLIASCO","PROVINCIA_CENTR":"TO","INDIRIZZO_CENTRALE":"CORSO FERRUCCI. 1","LATITUDINE_SEZIONE":"45.06880","LONGITUDINE_SEZIONE":"7.57516","POS_X_SEZIONE":"387834.95251","POS_Y_SEZIONE":"4991580.14264","LATITUDINE_CENTRALE":"45.06234","LONGITUDINE_CENTRALE":"7.57794","POS_X_CENTRALE":"388041.60807","POS_Y_CENTRALE":"4990859.68023","TIPO_ADSL":"ADSL_2P","DESCRIZIONE_TIPO_ADSL":"ADSL 2+ (24 mega)","DISTANZA_CALCOLATA":"749.51","CLASSE_DISTANZA":"500-899","POTENZA_SEGNALE":"19523.33","POPOLAZIONE_SEZIONE": "96"}
			},
		 		{ "type" : "Feature",
				"geometry" : {
					"type" : "Point",
					"coordinates" : [7.57810,45.06924]},
			"properties" : { "ANNO":"2010","ID_SEZIONE":"26809","ISTAT_COMUNE_SEZ":"1120","COMUNE_SEZ":"GRUGLIASCO","PROVINCIA":"TO","ID_CENTRALE":"1465","NOME_CENTRALE":"TORINO LEUMANN - COLLEGNO","ISTAT_COMUNE_CENTR":"1120","COMUNE_CENTR":"GRUGLIASCO","PROVINCIA_CENTR":"TO","INDIRIZZO_CENTRALE":"CORSO FERRUCCI. 1","LATITUDINE_SEZIONE":"45.06924","LONGITUDINE_SEZIONE":"7.57810","POS_X_SEZIONE":"388067.70310","POS_Y_SEZIONE":"4991625.64408","LATITUDINE_CENTRALE":"45.06234","LONGITUDINE_CENTRALE":"7.57794","POS_X_CENTRALE":"388041.60807","POS_Y_CENTRALE":"4990859.68023","TIPO_ADSL":"ADSL_2P","DESCRIZIONE_TIPO_ADSL":"ADSL 2+ (24 mega)","DISTANZA_CALCOLATA":"766.41","CLASSE_DISTANZA":"500-899","POTENZA_SEGNALE":"19523.33","POPOLAZIONE_SEZIONE": "33"}
			},
		 		{ "type" : "Feature",
				"geometry" : {
					"type" : "Point",
					"coordinates" : [7.58888,45.05988]},
			"properties" : { "ANNO":"2010","ID_SEZIONE":"28298","ISTAT_COMUNE_SEZ":"1120","COMUNE_SEZ":"GRUGLIASCO","PROVINCIA":"TO","ID_CENTRALE":"1465","NOME_CENTRALE":"TORINO LEUMANN - COLLEGNO","ISTAT_COMUNE_CENTR":"1120","COMUNE_CENTR":"GRUGLIASCO","PROVINCIA_CENTR":"TO","INDIRIZZO_CENTRALE":"CORSO FERRUCCI. 1","LATITUDINE_SEZIONE":"45.05988","LONGITUDINE_SEZIONE":"7.58888","POS_X_SEZIONE":"388897.98278","POS_Y_SEZIONE":"4990571.12222","LATITUDINE_CENTRALE":"45.06234","LONGITUDINE_CENTRALE":"7.57794","POS_X_CENTRALE":"388041.60807","POS_Y_CENTRALE":"4990859.68023","TIPO_ADSL":"ADSL_2P","DESCRIZIONE_TIPO_ADSL":"ADSL 2+ (24 mega)","DISTANZA_CALCOLATA":"903.68","CLASSE_DISTANZA":"900-1299","POTENZA_SEGNALE":"17737.5","POPOLAZIONE_SEZIONE": "7"}
			},
		 		{ "type" : "Feature",
				"geometry" : {
					"type" : "Point",
					"coordinates" : [7.57583,45.06820]},
			"properties" : { "ANNO":"2010","ID_SEZIONE":"29702","ISTAT_COMUNE_SEZ":"1120","COMUNE_SEZ":"GRUGLIASCO","PROVINCIA":"TO","ID_CENTRALE":"1465","NOME_CENTRALE":"TORINO LEUMANN - COLLEGNO","ISTAT_COMUNE_CENTR":"1120","COMUNE_CENTR":"GRUGLIASCO","PROVINCIA_CENTR":"TO","INDIRIZZO_CENTRALE":"CORSO FERRUCCI. 1","LATITUDINE_SEZIONE":"45.06820","LONGITUDINE_SEZIONE":"7.57583","POS_X_SEZIONE":"387887.17088","POS_Y_SEZIONE":"4991513.14180","LATITUDINE_CENTRALE":"45.06234","LONGITUDINE_CENTRALE":"7.57794","POS_X_CENTRALE":"388041.60807","POS_Y_CENTRALE":"4990859.68023","TIPO_ADSL":"ADSL_2P","DESCRIZIONE_TIPO_ADSL":"ADSL 2+ (24 mega)","DISTANZA_CALCOLATA":"671.46","CLASSE_DISTANZA":"500-899","POTENZA_SEGNALE":"19523.33","POPOLAZIONE_SEZIONE": "107"}
			},
		 		{ "type" : "Feature",
				"geometry" : {
					"type" : "Point",
					"coordinates" : [7.59680,45.04185]},
			"properties" : { "ANNO":"2010","ID_SEZIONE":"30402","ISTAT_COMUNE_SEZ":"1120","COMUNE_SEZ":"GRUGLIASCO","PROVINCIA":"TO","ID_CENTRALE":"1465","NOME_CENTRALE":"TORINO LEUMANN - COLLEGNO","ISTAT_COMUNE_CENTR":"1120","COMUNE_CENTR":"GRUGLIASCO","PROVINCIA_CENTR":"TO","INDIRIZZO_CENTRALE":"CORSO FERRUCCI. 1","LATITUDINE_SEZIONE":"45.04185","LONGITUDINE_SEZIONE":"7.59680","POS_X_SEZIONE":"389486.65837","POS_Y_SEZIONE":"4988557.08318","LATITUDINE_CENTRALE":"45.06234","LONGITUDINE_CENTRALE":"7.57794","POS_X_CENTRALE":"388041.60807","POS_Y_CENTRALE":"4990859.68023","TIPO_ADSL":"ADSL_2P","DESCRIZIONE_TIPO_ADSL":"ADSL 2+ (24 mega)","DISTANZA_CALCOLATA":"2718.48","CLASSE_DISTANZA":"2500-2899","POTENZA_SEGNALE":"7380.83","POPOLAZIONE_SEZIONE": "15"}
			},
		 		{ "type" : "Feature",
				"geometry" : {
					"type" : "Point",
					"coordinates" : [7.59816,45.05366]},
			"properties" : { "ANNO":"2010","ID_SEZIONE":"30756","ISTAT_COMUNE_SEZ":"1120","COMUNE_SEZ":"GRUGLIASCO","PROVINCIA":"TO","ID_CENTRALE":"1465","NOME_CENTRALE":"TORINO LEUMANN - COLLEGNO","ISTAT_COMUNE_CENTR":"1120","COMUNE_CENTR":"GRUGLIASCO","PROVINCIA_CENTR":"TO","INDIRIZZO_CENTRALE":"CORSO FERRUCCI. 1","LATITUDINE_SEZIONE":"45.05366","LONGITUDINE_SEZIONE":"7.59816","POS_X_SEZIONE":"389617.02074","POS_Y_SEZIONE":"4989867.10788","LATITUDINE_CENTRALE":"45.06234","LONGITUDINE_CENTRALE":"7.57794","POS_X_CENTRALE":"388041.60807","POS_Y_CENTRALE":"4990859.68023","TIPO_ADSL":"ADSL_2P","DESCRIZIONE_TIPO_ADSL":"ADSL 2+ (24 mega)","DISTANZA_CALCOLATA":"1862.02","CLASSE_DISTANZA":"1700-2099","POTENZA_SEGNALE":"12975.83","POPOLAZIONE_SEZIONE": "15"}
			},
		 		{ "type" : "Feature",
				"geometry" : {
					"type" : "Point",
					"coordinates" : [7.58381,45.07017]},
			"properties" : { "ANNO":"2010","ID_SEZIONE":"31155","ISTAT_COMUNE_SEZ":"1120","COMUNE_SEZ":"GRUGLIASCO","PROVINCIA":"TO","ID_CENTRALE":"1465","NOME_CENTRALE":"TORINO LEUMANN - COLLEGNO","ISTAT_COMUNE_CENTR":"1120","COMUNE_CENTR":"GRUGLIASCO","PROVINCIA_CENTR":"TO","INDIRIZZO_CENTRALE":"CORSO FERRUCCI. 1","LATITUDINE_SEZIONE":"45.07017","LONGITUDINE_SEZIONE":"7.58381","POS_X_SEZIONE":"388518.91539","POS_Y_SEZIONE":"4991720.64516","LATITUDINE_CENTRALE":"45.06234","LONGITUDINE_CENTRALE":"7.57794","POS_X_CENTRALE":"388041.60807","POS_Y_CENTRALE":"4990859.68023","TIPO_ADSL":"ADSL_2P","DESCRIZIONE_TIPO_ADSL":"ADSL 2+ (24 mega)","DISTANZA_CALCOLATA":"984.42","CLASSE_DISTANZA":"900-1299","POTENZA_SEGNALE":"17737.5","POPOLAZIONE_SEZIONE": "15"}
			},
		 		{ "type" : "Feature",
				"geometry" : {
					"type" : "Point",
					"coordinates" : [7.57369,45.05214]},
			"properties" : { "ANNO":"2010","ID_SEZIONE":"32437","ISTAT_COMUNE_SEZ":"1120","COMUNE_SEZ":"GRUGLIASCO","PROVINCIA":"TO","ID_CENTRALE":"1465","NOME_CENTRALE":"TORINO LEUMANN - COLLEGNO","ISTAT_COMUNE_CENTR":"1120","COMUNE_CENTR":"GRUGLIASCO","PROVINCIA_CENTR":"TO","INDIRIZZO_CENTRALE":"CORSO FERRUCCI. 1","LATITUDINE_SEZIONE":"45.05214","LONGITUDINE_SEZIONE":"7.57369","POS_X_SEZIONE":"387687.07616","POS_Y_SEZIONE":"4989732.10628","LATITUDINE_CENTRALE":"45.06234","LONGITUDINE_CENTRALE":"7.57794","POS_X_CENTRALE":"388041.60807","POS_Y_CENTRALE":"4990859.68023","TIPO_ADSL":"ADSL_2P","DESCRIZIONE_TIPO_ADSL":"ADSL 2+ (24 mega)","DISTANZA_CALCOLATA":"1182","CLASSE_DISTANZA":"900-1299","POTENZA_SEGNALE":"17737.5","POPOLAZIONE_SEZIONE": ""}
			}
		 		]
	}
		