 	{ "type" : "FeatureCollection",
		"features" : [
		 		{ "type" : "Feature",
				"geometry" : {
					"type" : "Point",
					"coordinates" : [7.68833,45.06858]},
			"properties" : { "ANNO":"2010","ID_SEZIONE":"65","ISTAT_COMUNE_SEZ":"1272","COMUNE_SEZ":"TORINO","PROVINCIA":"TO","ID_CENTRALE":"1497","NOME_CENTRALE":"TORINO STADIO","ISTAT_COMUNE_CENTR":"1272","COMUNE_CENTR":"TORINO","PROVINCIA_CENTR":"TO","INDIRIZZO_CENTRALE":"VIA ARDIGO' 13","LATITUDINE_SEZIONE":"45.06858","LONGITUDINE_SEZIONE":"7.68833","POS_X_SEZIONE":"396743.91431","POS_Y_SEZIONE":"4991406.12510","LATITUDINE_CENTRALE":"45.04505","LONGITUDINE_CENTRALE":"7.66239","POS_X_CENTRALE":"394658.84208","POS_Y_CENTRALE":"4988825.57004","TIPO_ADSL":"ADSL_2P","DESCRIZIONE_TIPO_ADSL":"ADSL 2+ (24 mega)","DISTANZA_CALCOLATA":"3317.65","CLASSE_DISTANZA":"3300-3699","POTENZA_SEGNALE":"4047.5","POPOLAZIONE_SEZIONE": "223"}
			},
		 		{ "type" : "Feature",
				"geometry" : {
					"type" : "Point",
					"coordinates" : [7.65724,45.05225]},
			"properties" : { "ANNO":"2010","ID_SEZIONE":"572","ISTAT_COMUNE_SEZ":"1272","COMUNE_SEZ":"TORINO","PROVINCIA":"TO","ID_CENTRALE":"1497","NOME_CENTRALE":"TORINO STADIO","ISTAT_COMUNE_CENTR":"1272","COMUNE_CENTR":"TORINO","PROVINCIA_CENTR":"TO","INDIRIZZO_CENTRALE":"VIA ARDIGO' 13","LATITUDINE_SEZIONE":"45.05225","LONGITUDINE_SEZIONE":"7.65724","POS_X_SEZIONE":"394265.81229","POS_Y_SEZIONE":"4989631.09739","LATITUDINE_CENTRALE":"45.04505","LONGITUDINE_CENTRALE":"7.66239","POS_X_CENTRALE":"394658.84208","POS_Y_CENTRALE":"4988825.57004","TIPO_ADSL":"ADSL_2P","DESCRIZIONE_TIPO_ADSL":"ADSL 2+ (24 mega)","DISTANZA_CALCOLATA":"896.30","CLASSE_DISTANZA":"500-899","POTENZA_SEGNALE":"19523.33","POPOLAZIONE_SEZIONE": "652"}
			},
		 		{ "type" : "Feature",
				"geometry" : {
					"type" : "Point",
					"coordinates" : [7.66664,45.04724]},
			"properties" : { "ANNO":"2010","ID_SEZIONE":"1347","ISTAT_COMUNE_SEZ":"1272","COMUNE_SEZ":"TORINO","PROVINCIA":"TO","ID_CENTRALE":"1497","NOME_CENTRALE":"TORINO STADIO","ISTAT_COMUNE_CENTR":"1272","COMUNE_CENTR":"TORINO","PROVINCIA_CENTR":"TO","INDIRIZZO_CENTRALE":"VIA ARDIGO' 13","LATITUDINE_SEZIONE":"45.04724","LONGITUDINE_SEZIONE":"7.66664","POS_X_SEZIONE":"394997.32461","POS_Y_SEZIONE":"4989063.08663","LATITUDINE_CENTRALE":"45.04505","LONGITUDINE_CENTRALE":"7.66239","POS_X_CENTRALE":"394658.84208","POS_Y_CENTRALE":"4988825.57004","TIPO_ADSL":"ADSL_2P","DESCRIZIONE_TIPO_ADSL":"ADSL 2+ (24 mega)","DISTANZA_CALCOLATA":"413.50","CLASSE_DISTANZA":"100-499","POTENZA_SEGNALE":"19761.67","POPOLAZIONE_SEZIONE": "175"}
			},
		 		{ "type" : "Feature",
				"geometry" : {
					"type" : "Point",
					"coordinates" : [7.65818,45.03842]},
			"properties" : { "ANNO":"2010","ID_SEZIONE":"1766","ISTAT_COMUNE_SEZ":"1272","COMUNE_SEZ":"TORINO","PROVINCIA":"TO","ID_CENTRALE":"1497","NOME_CENTRALE":"TORINO STADIO","ISTAT_COMUNE_CENTR":"1272","COMUNE_CENTR":"TORINO","PROVINCIA_CENTR":"TO","INDIRIZZO_CENTRALE":"VIA ARDIGO' 13","LATITUDINE_SEZIONE":"45.03842","LONGITUDINE_SEZIONE":"7.65818","POS_X_SEZIONE":"394314.66631","POS_Y_SEZIONE":"4988094.57003","LATITUDINE_CENTRALE":"45.04505","LONGITUDINE_CENTRALE":"7.66239","POS_X_CENTRALE":"394658.84208","POS_Y_CENTRALE":"4988825.57004","TIPO_ADSL":"ADSL_2P","DESCRIZIONE_TIPO_ADSL":"ADSL 2+ (24 mega)","DISTANZA_CALCOLATA":"807.97","CLASSE_DISTANZA":"500-899","POTENZA_SEGNALE":"19523.33","POPOLAZIONE_SEZIONE": "85"}
			},
		 		{ "type" : "Feature",
				"geometry" : {
					"type" : "Point",
					"coordinates" : [7.65774,45.04193]},
			"properties" : { "ANNO":"2010","ID_SEZIONE":"2178","ISTAT_COMUNE_SEZ":"1272","COMUNE_SEZ":"TORINO","PROVINCIA":"TO","ID_CENTRALE":"1497","NOME_CENTRALE":"TORINO STADIO","ISTAT_COMUNE_CENTR":"1272","COMUNE_CENTR":"TORINO","PROVINCIA_CENTR":"TO","INDIRIZZO_CENTRALE":"VIA ARDIGO' 13","LATITUDINE_SEZIONE":"45.04193","LONGITUDINE_SEZIONE":"7.65774","POS_X_SEZIONE":"394286.57901","POS_Y_SEZIONE":"4988484.07710","LATITUDINE_CENTRALE":"45.04505","LONGITUDINE_CENTRALE":"7.66239","POS_X_CENTRALE":"394658.84208","POS_Y_CENTRALE":"4988825.57004","TIPO_ADSL":"ADSL_2P","DESCRIZIONE_TIPO_ADSL":"ADSL 2+ (24 mega)","DISTANZA_CALCOLATA":"505.17","CLASSE_DISTANZA":"500-899","POTENZA_SEGNALE":"19523.33","POPOLAZIONE_SEZIONE": ""}
			},
		 		{ "type" : "Feature",
				"geometry" : {
					"type" : "Point",
					"coordinates" : [7.64625,45.06633]},
			"properties" : { "ANNO":"2010","ID_SEZIONE":"2387","ISTAT_COMUNE_SEZ":"1272","COMUNE_SEZ":"TORINO","PROVINCIA":"TO","ID_CENTRALE":"1497","NOME_CENTRALE":"TORINO STADIO","ISTAT_COMUNE_CENTR":"1272","COMUNE_CENTR":"TORINO","PROVINCIA_CENTR":"TO","INDIRIZZO_CENTRALE":"VIA ARDIGO' 13","LATITUDINE_SEZIONE":"45.06633","LONGITUDINE_SEZIONE":"7.64625","POS_X_SEZIONE":"393427.16141","POS_Y_SEZIONE":"4991210.12740","LATITUDINE_CENTRALE":"45.04505","LONGITUDINE_CENTRALE":"7.66239","POS_X_CENTRALE":"394658.84208","POS_Y_CENTRALE":"4988825.57004","TIPO_ADSL":"ADSL_2P","DESCRIZIONE_TIPO_ADSL":"ADSL 2+ (24 mega)","DISTANZA_CALCOLATA":"2683.87","CLASSE_DISTANZA":"2500-2899","POTENZA_SEGNALE":"7380.83","POPOLAZIONE_SEZIONE": "363"}
			},
		 		{ "type" : "Feature",
				"geometry" : {
					"type" : "Point",
					"coordinates" : [7.65123,45.05334]},
			"properties" : { "ANNO":"2010","ID_SEZIONE":"2485","ISTAT_COMUNE_SEZ":"1272","COMUNE_SEZ":"TORINO","PROVINCIA":"TO","ID_CENTRALE":"1497","NOME_CENTRALE":"TORINO STADIO","ISTAT_COMUNE_CENTR":"1272","COMUNE_CENTR":"TORINO","PROVINCIA_CENTR":"TO","INDIRIZZO_CENTRALE":"VIA ARDIGO' 13","LATITUDINE_SEZIONE":"45.05334","LONGITUDINE_SEZIONE":"7.65123","POS_X_SEZIONE":"393795.22900","POS_Y_SEZIONE":"4989760.60062","LATITUDINE_CENTRALE":"45.04505","LONGITUDINE_CENTRALE":"7.66239","POS_X_CENTRALE":"394658.84208","POS_Y_CENTRALE":"4988825.57004","TIPO_ADSL":"ADSL_2P","DESCRIZIONE_TIPO_ADSL":"ADSL 2+ (24 mega)","DISTANZA_CALCOLATA":"1272.84","CLASSE_DISTANZA":"900-1299","POTENZA_SEGNALE":"17737.5","POPOLAZIONE_SEZIONE": "548"}
			},
		 		{ "type" : "Feature",
				"geometry" : {
					"type" : "Point",
					"coordinates" : [7.65778,45.04424]},
			"properties" : { "ANNO":"2010","ID_SEZIONE":"2488","ISTAT_COMUNE_SEZ":"1272","COMUNE_SEZ":"TORINO","PROVINCIA":"TO","ID_CENTRALE":"1497","NOME_CENTRALE":"TORINO STADIO","ISTAT_COMUNE_CENTR":"1272","COMUNE_CENTR":"TORINO","PROVINCIA_CENTR":"TO","INDIRIZZO_CENTRALE":"VIA ARDIGO' 13","LATITUDINE_SEZIONE":"45.04424","LONGITUDINE_SEZIONE":"7.65778","POS_X_SEZIONE":"394294.08186","POS_Y_SEZIONE":"4988741.58135","LATITUDINE_CENTRALE":"45.04505","LONGITUDINE_CENTRALE":"7.66239","POS_X_CENTRALE":"394658.84208","POS_Y_CENTRALE":"4988825.57004","TIPO_ADSL":"ADSL_2P","DESCRIZIONE_TIPO_ADSL":"ADSL 2+ (24 mega)","DISTANZA_CALCOLATA":"374.30","CLASSE_DISTANZA":"100-499","POTENZA_SEGNALE":"19761.67","POPOLAZIONE_SEZIONE": "189"}
			},
		 		{ "type" : "Feature",
				"geometry" : {
					"type" : "Point",
					"coordinates" : [7.66679,45.04886]},
			"properties" : { "ANNO":"2010","ID_SEZIONE":"2956","ISTAT_COMUNE_SEZ":"1272","COMUNE_SEZ":"TORINO","PROVINCIA":"TO","ID_CENTRALE":"1497","NOME_CENTRALE":"TORINO STADIO","ISTAT_COMUNE_CENTR":"1272","COMUNE_CENTR":"TORINO","PROVINCIA_CENTR":"TO","INDIRIZZO_CENTRALE":"VIA ARDIGO' 13","LATITUDINE_SEZIONE":"45.04886","LONGITUDINE_SEZIONE":"7.66679","POS_X_SEZIONE":"395011.88845","POS_Y_SEZIONE":"4989242.58974","LATITUDINE_CENTRALE":"45.04505","LONGITUDINE_CENTRALE":"7.66239","POS_X_CENTRALE":"394658.84208","POS_Y_CENTRALE":"4988825.57004","TIPO_ADSL":"ADSL_2P","DESCRIZIONE_TIPO_ADSL":"ADSL 2+ (24 mega)","DISTANZA_CALCOLATA":"546.39","CLASSE_DISTANZA":"500-899","POTENZA_SEGNALE":"19523.33","POPOLAZIONE_SEZIONE": "203"}
			},
		 		{ "type" : "Feature",
				"geometry" : {
					"type" : "Point",
					"coordinates" : [7.65718,45.03730]},
			"properties" : { "ANNO":"2010","ID_SEZIONE":"3046","ISTAT_COMUNE_SEZ":"1272","COMUNE_SEZ":"TORINO","PROVINCIA":"TO","ID_CENTRALE":"1497","NOME_CENTRALE":"TORINO STADIO","ISTAT_COMUNE_CENTR":"1272","COMUNE_CENTR":"TORINO","PROVINCIA_CENTR":"TO","INDIRIZZO_CENTRALE":"VIA ARDIGO' 13","LATITUDINE_SEZIONE":"45.03730","LONGITUDINE_SEZIONE":"7.65718","POS_X_SEZIONE":"394233.91623","POS_Y_SEZIONE":"4987970.56772","LATITUDINE_CENTRALE":"45.04505","LONGITUDINE_CENTRALE":"7.66239","POS_X_CENTRALE":"394658.84208","POS_Y_CENTRALE":"4988825.57004","TIPO_ADSL":"ADSL_2P","DESCRIZIONE_TIPO_ADSL":"ADSL 2+ (24 mega)","DISTANZA_CALCOLATA":"954.77","CLASSE_DISTANZA":"900-1299","POTENZA_SEGNALE":"17737.5","POPOLAZIONE_SEZIONE": "377"}
			},
		 		{ "type" : "Feature",
				"geometry" : {
					"type" : "Point",
					"coordinates" : [7.65137,45.03651]},
			"properties" : { "ANNO":"2010","ID_SEZIONE":"3047","ISTAT_COMUNE_SEZ":"1272","COMUNE_SEZ":"TORINO","PROVINCIA":"TO","ID_CENTRALE":"1497","NOME_CENTRALE":"TORINO STADIO","ISTAT_COMUNE_CENTR":"1272","COMUNE_CENTR":"TORINO","PROVINCIA_CENTR":"TO","INDIRIZZO_CENTRALE":"VIA ARDIGO' 13","LATITUDINE_SEZIONE":"45.03651","LONGITUDINE_SEZIONE":"7.65137","POS_X_SEZIONE":"393774.67220","POS_Y_SEZIONE":"4987890.56670","LATITUDINE_CENTRALE":"45.04505","LONGITUDINE_CENTRALE":"7.66239","POS_X_CENTRALE":"394658.84208","POS_Y_CENTRALE":"4988825.57004","TIPO_ADSL":"ADSL_2P","DESCRIZIONE_TIPO_ADSL":"ADSL 2+ (24 mega)","DISTANZA_CALCOLATA":"1286.85","CLASSE_DISTANZA":"900-1299","POTENZA_SEGNALE":"17737.5","POPOLAZIONE_SEZIONE": "369"}
			},
		 		{ "type" : "Feature",
				"geometry" : {
					"type" : "Point",
					"coordinates" : [7.76726,45.10560]},
			"properties" : { "ANNO":"2010","ID_SEZIONE":"4229","ISTAT_COMUNE_SEZ":"1249","COMUNE_SEZ":"SAN MAURO TORINESE","PROVINCIA":"TO","ID_CENTRALE":"1497","NOME_CENTRALE":"TORINO STADIO","ISTAT_COMUNE_CENTR":"1272","COMUNE_CENTR":"TORINO","PROVINCIA_CENTR":"TO","INDIRIZZO_CENTRALE":"VIA ARDIGO' 13","LATITUDINE_SEZIONE":"45.10560","LONGITUDINE_SEZIONE":"7.76726","POS_X_SEZIONE":"403020.16136","POS_Y_SEZIONE":"4995420.72581","LATITUDINE_CENTRALE":"45.04505","LONGITUDINE_CENTRALE":"7.66239","POS_X_CENTRALE":"394658.84208","POS_Y_CENTRALE":"4988825.57004","TIPO_ADSL":"ADSL_2P","DESCRIZIONE_TIPO_ADSL":"ADSL 2+ (24 mega)","DISTANZA_CALCOLATA":"10649.31","CLASSE_DISTANZA":"6100 e oltre","POTENZA_SEGNALE":"0.00","POPOLAZIONE_SEZIONE": "805"}
			},
		 		{ "type" : "Feature",
				"geometry" : {
					"type" : "Point",
					"coordinates" : [7.65887,45.05174]},
			"properties" : { "ANNO":"2010","ID_SEZIONE":"5143","ISTAT_COMUNE_SEZ":"1272","COMUNE_SEZ":"TORINO","PROVINCIA":"TO","ID_CENTRALE":"1497","NOME_CENTRALE":"TORINO STADIO","ISTAT_COMUNE_CENTR":"1272","COMUNE_CENTR":"TORINO","PROVINCIA_CENTR":"TO","INDIRIZZO_CENTRALE":"VIA ARDIGO' 13","LATITUDINE_SEZIONE":"45.05174","LONGITUDINE_SEZIONE":"7.65887","POS_X_SEZIONE":"394393.55936","POS_Y_SEZIONE":"4989572.59627","LATITUDINE_CENTRALE":"45.04505","LONGITUDINE_CENTRALE":"7.66239","POS_X_CENTRALE":"394658.84208","POS_Y_CENTRALE":"4988825.57004","TIPO_ADSL":"ADSL_2P","DESCRIZIONE_TIPO_ADSL":"ADSL 2+ (24 mega)","DISTANZA_CALCOLATA":"792.73","CLASSE_DISTANZA":"500-899","POTENZA_SEGNALE":"19523.33","POPOLAZIONE_SEZIONE": "8"}
			},
		 		{ "type" : "Feature",
				"geometry" : {
					"type" : "Point",
					"coordinates" : [7.67201,45.06076]},
			"properties" : { "ANNO":"2010","ID_SEZIONE":"5300","ISTAT_COMUNE_SEZ":"1272","COMUNE_SEZ":"TORINO","PROVINCIA":"TO","ID_CENTRALE":"1497","NOME_CENTRALE":"TORINO STADIO","ISTAT_COMUNE_CENTR":"1272","COMUNE_CENTR":"TORINO","PROVINCIA_CENTR":"TO","INDIRIZZO_CENTRALE":"VIA ARDIGO' 13","LATITUDINE_SEZIONE":"45.06076","LONGITUDINE_SEZIONE":"7.67201","POS_X_SEZIONE":"395444.39738","POS_Y_SEZIONE":"4990558.11230","LATITUDINE_CENTRALE":"45.04505","LONGITUDINE_CENTRALE":"7.66239","POS_X_CENTRALE":"394658.84208","POS_Y_CENTRALE":"4988825.57004","TIPO_ADSL":"ADSL_2P","DESCRIZIONE_TIPO_ADSL":"ADSL 2+ (24 mega)","DISTANZA_CALCOLATA":"1902.31","CLASSE_DISTANZA":"1700-2099","POTENZA_SEGNALE":"12975.83","POPOLAZIONE_SEZIONE": "31"}
			},
		 		{ "type" : "Feature",
				"geometry" : {
					"type" : "Point",
					"coordinates" : [7.66025,45.05140]},
			"properties" : { "ANNO":"2010","ID_SEZIONE":"5307","ISTAT_COMUNE_SEZ":"1272","COMUNE_SEZ":"TORINO","PROVINCIA":"TO","ID_CENTRALE":"1497","NOME_CENTRALE":"TORINO STADIO","ISTAT_COMUNE_CENTR":"1272","COMUNE_CENTR":"TORINO","PROVINCIA_CENTR":"TO","INDIRIZZO_CENTRALE":"VIA ARDIGO' 13","LATITUDINE_SEZIONE":"45.05140","LONGITUDINE_SEZIONE":"7.66025","POS_X_SEZIONE":"394501.68199","POS_Y_SEZIONE":"4989533.59569","LATITUDINE_CENTRALE":"45.04505","LONGITUDINE_CENTRALE":"7.66239","POS_X_CENTRALE":"394658.84208","POS_Y_CENTRALE":"4988825.57004","TIPO_ADSL":"ADSL_2P","DESCRIZIONE_TIPO_ADSL":"ADSL 2+ (24 mega)","DISTANZA_CALCOLATA":"725.26","CLASSE_DISTANZA":"500-899","POTENZA_SEGNALE":"19523.33","POPOLAZIONE_SEZIONE": "461"}
			},
		 		{ "type" : "Feature",
				"geometry" : {
					"type" : "Point",
					"coordinates" : [7.65372,45.05089]},
			"properties" : { "ANNO":"2010","ID_SEZIONE":"5308","ISTAT_COMUNE_SEZ":"1272","COMUNE_SEZ":"TORINO","PROVINCIA":"TO","ID_CENTRALE":"1497","NOME_CENTRALE":"TORINO STADIO","ISTAT_COMUNE_CENTR":"1272","COMUNE_CENTR":"TORINO","PROVINCIA_CENTR":"TO","INDIRIZZO_CENTRALE":"VIA ARDIGO' 13","LATITUDINE_SEZIONE":"45.05089","LONGITUDINE_SEZIONE":"7.65372","POS_X_SEZIONE":"393986.44000","POS_Y_SEZIONE":"4989485.09547","LATITUDINE_CENTRALE":"45.04505","LONGITUDINE_CENTRALE":"7.66239","POS_X_CENTRALE":"394658.84208","POS_Y_CENTRALE":"4988825.57004","TIPO_ADSL":"ADSL_2P","DESCRIZIONE_TIPO_ADSL":"ADSL 2+ (24 mega)","DISTANZA_CALCOLATA":"941.86","CLASSE_DISTANZA":"900-1299","POTENZA_SEGNALE":"17737.5","POPOLAZIONE_SEZIONE": "383"}
			},
		 		{ "type" : "Feature",
				"geometry" : {
					"type" : "Point",
					"coordinates" : [7.65784,45.03642]},
			"properties" : { "ANNO":"2010","ID_SEZIONE":"5558","ISTAT_COMUNE_SEZ":"1272","COMUNE_SEZ":"TORINO","PROVINCIA":"TO","ID_CENTRALE":"1497","NOME_CENTRALE":"TORINO STADIO","ISTAT_COMUNE_CENTR":"1272","COMUNE_CENTR":"TORINO","PROVINCIA_CENTR":"TO","INDIRIZZO_CENTRALE":"VIA ARDIGO' 13","LATITUDINE_SEZIONE":"45.03642","LONGITUDINE_SEZIONE":"7.65784","POS_X_SEZIONE":"394284.25812","POS_Y_SEZIONE":"4987872.06609","LATITUDINE_CENTRALE":"45.04505","LONGITUDINE_CENTRALE":"7.66239","POS_X_CENTRALE":"394658.84208","POS_Y_CENTRALE":"4988825.57004","TIPO_ADSL":"ADSL_2P","DESCRIZIONE_TIPO_ADSL":"ADSL 2+ (24 mega)","DISTANZA_CALCOLATA":"1024.44","CLASSE_DISTANZA":"900-1299","POTENZA_SEGNALE":"17737.5","POPOLAZIONE_SEZIONE": "251"}
			},
		 		{ "type" : "Feature",
				"geometry" : {
					"type" : "Point",
					"coordinates" : [7.65689,45.03477]},
			"properties" : { "ANNO":"2010","ID_SEZIONE":"5943","ISTAT_COMUNE_SEZ":"1272","COMUNE_SEZ":"TORINO","PROVINCIA":"TO","ID_CENTRALE":"1497","NOME_CENTRALE":"TORINO STADIO","ISTAT_COMUNE_CENTR":"1272","COMUNE_CENTR":"TORINO","PROVINCIA_CENTR":"TO","INDIRIZZO_CENTRALE":"VIA ARDIGO' 13","LATITUDINE_SEZIONE":"45.03477","LONGITUDINE_SEZIONE":"7.65689","POS_X_SEZIONE":"394206.47559","POS_Y_SEZIONE":"4987690.56260","LATITUDINE_CENTRALE":"45.04505","LONGITUDINE_CENTRALE":"7.66239","POS_X_CENTRALE":"394658.84208","POS_Y_CENTRALE":"4988825.57004","TIPO_ADSL":"ADSL_2P","DESCRIZIONE_TIPO_ADSL":"ADSL 2+ (24 mega)","DISTANZA_CALCOLATA":"1221.83","CLASSE_DISTANZA":"900-1299","POTENZA_SEGNALE":"17737.5","POPOLAZIONE_SEZIONE": "152"}
			},
		 		{ "type" : "Feature",
				"geometry" : {
					"type" : "Point",
					"coordinates" : [7.66501,45.04853]},
			"properties" : { "ANNO":"2010","ID_SEZIONE":"6165","ISTAT_COMUNE_SEZ":"1272","COMUNE_SEZ":"TORINO","PROVINCIA":"TO","ID_CENTRALE":"1497","NOME_CENTRALE":"TORINO STADIO","ISTAT_COMUNE_CENTR":"1272","COMUNE_CENTR":"TORINO","PROVINCIA_CENTR":"TO","INDIRIZZO_CENTRALE":"VIA ARDIGO' 13","LATITUDINE_SEZIONE":"45.04853","LONGITUDINE_SEZIONE":"7.66501","POS_X_SEZIONE":"394871.07821","POS_Y_SEZIONE":"4989208.08913","LATITUDINE_CENTRALE":"45.04505","LONGITUDINE_CENTRALE":"7.66239","POS_X_CENTRALE":"394658.84208","POS_Y_CENTRALE":"4988825.57004","TIPO_ADSL":"ADSL_2P","DESCRIZIONE_TIPO_ADSL":"ADSL 2+ (24 mega)","DISTANZA_CALCOLATA":"437.45","CLASSE_DISTANZA":"100-499","POTENZA_SEGNALE":"19761.67","POPOLAZIONE_SEZIONE": "165"}
			},
		 		{ "type" : "Feature",
				"geometry" : {
					"type" : "Point",
					"coordinates" : [7.66379,45.04668]},
			"properties" : { "ANNO":"2010","ID_SEZIONE":"6413","ISTAT_COMUNE_SEZ":"1272","COMUNE_SEZ":"TORINO","PROVINCIA":"TO","ID_CENTRALE":"1497","NOME_CENTRALE":"TORINO STADIO","ISTAT_COMUNE_CENTR":"1272","COMUNE_CENTR":"TORINO","PROVINCIA_CENTR":"TO","INDIRIZZO_CENTRALE":"VIA ARDIGO' 13","LATITUDINE_SEZIONE":"45.04668","LONGITUDINE_SEZIONE":"7.66379","POS_X_SEZIONE":"394771.73332","POS_Y_SEZIONE":"4989004.08580","LATITUDINE_CENTRALE":"45.04505","LONGITUDINE_CENTRALE":"7.66239","POS_X_CENTRALE":"394658.84208","POS_Y_CENTRALE":"4988825.57004","TIPO_ADSL":"ADSL_2P","DESCRIZIONE_TIPO_ADSL":"ADSL 2+ (24 mega)","DISTANZA_CALCOLATA":"211.22","CLASSE_DISTANZA":"100-499","POTENZA_SEGNALE":"19761.67","POPOLAZIONE_SEZIONE": ""}
			},
		 		{ "type" : "Feature",
				"geometry" : {
					"type" : "Point",
					"coordinates" : [7.65226,45.05359]},
			"properties" : { "ANNO":"2010","ID_SEZIONE":"7380","ISTAT_COMUNE_SEZ":"1272","COMUNE_SEZ":"TORINO","PROVINCIA":"TO","ID_CENTRALE":"1497","NOME_CENTRALE":"TORINO STADIO","ISTAT_COMUNE_CENTR":"1272","COMUNE_CENTR":"TORINO","PROVINCIA_CENTR":"TO","INDIRIZZO_CENTRALE":"VIA ARDIGO' 13","LATITUDINE_SEZIONE":"45.05359","LONGITUDINE_SEZIONE":"7.65226","POS_X_SEZIONE":"393876.79008","POS_Y_SEZIONE":"4989787.10071","LATITUDINE_CENTRALE":"45.04505","LONGITUDINE_CENTRALE":"7.66239","POS_X_CENTRALE":"394658.84208","POS_Y_CENTRALE":"4988825.57004","TIPO_ADSL":"ADSL_2P","DESCRIZIONE_TIPO_ADSL":"ADSL 2+ (24 mega)","DISTANZA_CALCOLATA":"1239.41","CLASSE_DISTANZA":"900-1299","POTENZA_SEGNALE":"17737.5","POPOLAZIONE_SEZIONE": "344"}
			},
		 		{ "type" : "Feature",
				"geometry" : {
					"type" : "Point",
					"coordinates" : [7.65931,45.04967]},
			"properties" : { "ANNO":"2010","ID_SEZIONE":"7383","ISTAT_COMUNE_SEZ":"1272","COMUNE_SEZ":"TORINO","PROVINCIA":"TO","ID_CENTRALE":"1497","NOME_CENTRALE":"TORINO STADIO","ISTAT_COMUNE_CENTR":"1272","COMUNE_CENTR":"TORINO","PROVINCIA_CENTR":"TO","INDIRIZZO_CENTRALE":"VIA ARDIGO' 13","LATITUDINE_SEZIONE":"45.04967","LONGITUDINE_SEZIONE":"7.65931","POS_X_SEZIONE":"394424.68077","POS_Y_SEZIONE":"4989342.09233","LATITUDINE_CENTRALE":"45.04505","LONGITUDINE_CENTRALE":"7.66239","POS_X_CENTRALE":"394658.84208","POS_Y_CENTRALE":"4988825.57004","TIPO_ADSL":"ADSL_2P","DESCRIZIONE_TIPO_ADSL":"ADSL 2+ (24 mega)","DISTANZA_CALCOLATA":"567.12","CLASSE_DISTANZA":"500-899","POTENZA_SEGNALE":"19523.33","POPOLAZIONE_SEZIONE": "453"}
			},
		 		{ "type" : "Feature",
				"geometry" : {
					"type" : "Point",
					"coordinates" : [7.65503,45.03535]},
			"properties" : { "ANNO":"2010","ID_SEZIONE":"7387","ISTAT_COMUNE_SEZ":"1272","COMUNE_SEZ":"TORINO","PROVINCIA":"TO","ID_CENTRALE":"1497","NOME_CENTRALE":"TORINO STADIO","ISTAT_COMUNE_CENTR":"1272","COMUNE_CENTR":"TORINO","PROVINCIA_CENTR":"TO","INDIRIZZO_CENTRALE":"VIA ARDIGO' 13","LATITUDINE_SEZIONE":"45.03535","LONGITUDINE_SEZIONE":"7.65503","POS_X_SEZIONE":"394061.10394","POS_Y_SEZIONE":"4987757.56394","LATITUDINE_CENTRALE":"45.04505","LONGITUDINE_CENTRALE":"7.66239","POS_X_CENTRALE":"394658.84208","POS_Y_CENTRALE":"4988825.57004","TIPO_ADSL":"ADSL_2P","DESCRIZIONE_TIPO_ADSL":"ADSL 2+ (24 mega)","DISTANZA_CALCOLATA":"1223.9","CLASSE_DISTANZA":"900-1299","POTENZA_SEGNALE":"17737.5","POPOLAZIONE_SEZIONE": "354"}
			},
		 		{ "type" : "Feature",
				"geometry" : {
					"type" : "Point",
					"coordinates" : [7.65391,45.03996]},
			"properties" : { "ANNO":"2010","ID_SEZIONE":"7656","ISTAT_COMUNE_SEZ":"1272","COMUNE_SEZ":"TORINO","PROVINCIA":"TO","ID_CENTRALE":"1497","NOME_CENTRALE":"TORINO STADIO","ISTAT_COMUNE_CENTR":"1272","COMUNE_CENTR":"TORINO","PROVINCIA_CENTR":"TO","INDIRIZZO_CENTRALE":"VIA ARDIGO' 13","LATITUDINE_SEZIONE":"45.03996","LONGITUDINE_SEZIONE":"7.65391","POS_X_SEZIONE":"393981.04916","POS_Y_SEZIONE":"4988271.07332","LATITUDINE_CENTRALE":"45.04505","LONGITUDINE_CENTRALE":"7.66239","POS_X_CENTRALE":"394658.84208","POS_Y_CENTRALE":"4988825.57004","TIPO_ADSL":"ADSL_2P","DESCRIZIONE_TIPO_ADSL":"ADSL 2+ (24 mega)","DISTANZA_CALCOLATA":"875.71","CLASSE_DISTANZA":"500-899","POTENZA_SEGNALE":"19523.33","POPOLAZIONE_SEZIONE": "31"}
			},
		 		{ "type" : "Feature",
				"geometry" : {
					"type" : "Point",
					"coordinates" : [7.65764,45.05622]},
			"properties" : { "ANNO":"2010","ID_SEZIONE":"8880","ISTAT_COMUNE_SEZ":"1272","COMUNE_SEZ":"TORINO","PROVINCIA":"TO","ID_CENTRALE":"1497","NOME_CENTRALE":"TORINO STADIO","ISTAT_COMUNE_CENTR":"1272","COMUNE_CENTR":"TORINO","PROVINCIA_CENTR":"TO","INDIRIZZO_CENTRALE":"VIA ARDIGO' 13","LATITUDINE_SEZIONE":"45.05622","LONGITUDINE_SEZIONE":"7.65764","POS_X_SEZIONE":"394304.78624","POS_Y_SEZIONE":"4990072.60523","LATITUDINE_CENTRALE":"45.04505","LONGITUDINE_CENTRALE":"7.66239","POS_X_CENTRALE":"394658.84208","POS_Y_CENTRALE":"4988825.57004","TIPO_ADSL":"ADSL_2P","DESCRIZIONE_TIPO_ADSL":"ADSL 2+ (24 mega)","DISTANZA_CALCOLATA":"1296.32","CLASSE_DISTANZA":"900-1299","POTENZA_SEGNALE":"17737.5","POPOLAZIONE_SEZIONE": "270"}
			},
		 		{ "type" : "Feature",
				"geometry" : {
					"type" : "Point",
					"coordinates" : [7.65994,45.04156]},
			"properties" : { "ANNO":"2010","ID_SEZIONE":"9099","ISTAT_COMUNE_SEZ":"1272","COMUNE_SEZ":"TORINO","PROVINCIA":"TO","ID_CENTRALE":"1497","NOME_CENTRALE":"TORINO STADIO","ISTAT_COMUNE_CENTR":"1272","COMUNE_CENTR":"TORINO","PROVINCIA_CENTR":"TO","INDIRIZZO_CENTRALE":"VIA ARDIGO' 13","LATITUDINE_SEZIONE":"45.04156","LONGITUDINE_SEZIONE":"7.65994","POS_X_SEZIONE":"394459.38720","POS_Y_SEZIONE":"4988440.07582","LATITUDINE_CENTRALE":"45.04505","LONGITUDINE_CENTRALE":"7.66239","POS_X_CENTRALE":"394658.84208","POS_Y_CENTRALE":"4988825.57004","TIPO_ADSL":"ADSL_2P","DESCRIZIONE_TIPO_ADSL":"ADSL 2+ (24 mega)","DISTANZA_CALCOLATA":"434.04","CLASSE_DISTANZA":"100-499","POTENZA_SEGNALE":"19761.67","POPOLAZIONE_SEZIONE": "223"}
			},
		 		{ "type" : "Feature",
				"geometry" : {
					"type" : "Point",
					"coordinates" : [7.64805,45.07137]},
			"properties" : { "ANNO":"2010","ID_SEZIONE":"9668","ISTAT_COMUNE_SEZ":"1272","COMUNE_SEZ":"TORINO","PROVINCIA":"TO","ID_CENTRALE":"1497","NOME_CENTRALE":"TORINO STADIO","ISTAT_COMUNE_CENTR":"1272","COMUNE_CENTR":"TORINO","PROVINCIA_CENTR":"TO","INDIRIZZO_CENTRALE":"VIA ARDIGO' 13","LATITUDINE_SEZIONE":"45.07137","LONGITUDINE_SEZIONE":"7.64805","POS_X_SEZIONE":"393577.85325","POS_Y_SEZIONE":"4991768.13726","LATITUDINE_CENTRALE":"45.04505","LONGITUDINE_CENTRALE":"7.66239","POS_X_CENTRALE":"394658.84208","POS_Y_CENTRALE":"4988825.57004","TIPO_ADSL":"ADSL_2P","DESCRIZIONE_TIPO_ADSL":"ADSL 2+ (24 mega)","DISTANZA_CALCOLATA":"3134.84","CLASSE_DISTANZA":"2900-3299","POTENZA_SEGNALE":"5238.33","POPOLAZIONE_SEZIONE": "433"}
			},
		 		{ "type" : "Feature",
				"geometry" : {
					"type" : "Point",
					"coordinates" : [7.67051,45.06650]},
			"properties" : { "ANNO":"2010","ID_SEZIONE":"9710","ISTAT_COMUNE_SEZ":"1272","COMUNE_SEZ":"TORINO","PROVINCIA":"TO","ID_CENTRALE":"1497","NOME_CENTRALE":"TORINO STADIO","ISTAT_COMUNE_CENTR":"1272","COMUNE_CENTR":"TORINO","PROVINCIA_CENTR":"TO","INDIRIZZO_CENTRALE":"VIA ARDIGO' 13","LATITUDINE_SEZIONE":"45.06650","LONGITUDINE_SEZIONE":"7.67051","POS_X_SEZIONE":"395337.43802","POS_Y_SEZIONE":"4991197.12363","LATITUDINE_CENTRALE":"45.04505","LONGITUDINE_CENTRALE":"7.66239","POS_X_CENTRALE":"394658.84208","POS_Y_CENTRALE":"4988825.57004","TIPO_ADSL":"ADSL_2P","DESCRIZIONE_TIPO_ADSL":"ADSL 2+ (24 mega)","DISTANZA_CALCOLATA":"2466.73","CLASSE_DISTANZA":"2100-2499","POTENZA_SEGNALE":"10000","POPOLAZIONE_SEZIONE": "135"}
			},
		 		{ "type" : "Feature",
				"geometry" : {
					"type" : "Point",
					"coordinates" : [7.66259,45.05214]},
			"properties" : { "ANNO":"2010","ID_SEZIONE":"10339","ISTAT_COMUNE_SEZ":"1272","COMUNE_SEZ":"TORINO","PROVINCIA":"TO","ID_CENTRALE":"1497","NOME_CENTRALE":"TORINO STADIO","ISTAT_COMUNE_CENTR":"1272","COMUNE_CENTR":"TORINO","PROVINCIA_CENTR":"TO","INDIRIZZO_CENTRALE":"VIA ARDIGO' 13","LATITUDINE_SEZIONE":"45.05214","LONGITUDINE_SEZIONE":"7.66259","POS_X_SEZIONE":"394687.49242","POS_Y_SEZIONE":"4989612.09655","LATITUDINE_CENTRALE":"45.04505","LONGITUDINE_CENTRALE":"7.66239","POS_X_CENTRALE":"394658.84208","POS_Y_CENTRALE":"4988825.57004","TIPO_ADSL":"ADSL_2P","DESCRIZIONE_TIPO_ADSL":"ADSL 2+ (24 mega)","DISTANZA_CALCOLATA":"787.05","CLASSE_DISTANZA":"500-899","POTENZA_SEGNALE":"19523.33","POPOLAZIONE_SEZIONE": "294"}
			},
		 		{ "type" : "Feature",
				"geometry" : {
					"type" : "Point",
					"coordinates" : [7.65545,45.03932]},
			"properties" : { "ANNO":"2010","ID_SEZIONE":"10342","ISTAT_COMUNE_SEZ":"1272","COMUNE_SEZ":"TORINO","PROVINCIA":"TO","ID_CENTRALE":"1497","NOME_CENTRALE":"TORINO STADIO","ISTAT_COMUNE_CENTR":"1272","COMUNE_CENTR":"TORINO","PROVINCIA_CENTR":"TO","INDIRIZZO_CENTRALE":"VIA ARDIGO' 13","LATITUDINE_SEZIONE":"45.03932","LONGITUDINE_SEZIONE":"7.65545","POS_X_SEZIONE":"394101.45312","POS_Y_SEZIONE":"4988197.57214","LATITUDINE_CENTRALE":"45.04505","LONGITUDINE_CENTRALE":"7.66239","POS_X_CENTRALE":"394658.84208","POS_Y_CENTRALE":"4988825.57004","TIPO_ADSL":"ADSL_2P","DESCRIZIONE_TIPO_ADSL":"ADSL 2+ (24 mega)","DISTANZA_CALCOLATA":"839.68","CLASSE_DISTANZA":"500-899","POTENZA_SEGNALE":"19523.33","POPOLAZIONE_SEZIONE": "467"}
			},
		 		{ "type" : "Feature",
				"geometry" : {
					"type" : "Point",
					"coordinates" : [7.65241,45.03619]},
			"properties" : { "ANNO":"2010","ID_SEZIONE":"11201","ISTAT_COMUNE_SEZ":"1272","COMUNE_SEZ":"TORINO","PROVINCIA":"TO","ID_CENTRALE":"1497","NOME_CENTRALE":"TORINO STADIO","ISTAT_COMUNE_CENTR":"1272","COMUNE_CENTR":"TORINO","PROVINCIA_CENTR":"TO","INDIRIZZO_CENTRALE":"VIA ARDIGO' 13","LATITUDINE_SEZIONE":"45.03619","LONGITUDINE_SEZIONE":"7.65241","POS_X_SEZIONE":"393856.07764","POS_Y_SEZIONE":"4987854.06622","LATITUDINE_CENTRALE":"45.04505","LONGITUDINE_CENTRALE":"7.66239","POS_X_CENTRALE":"394658.84208","POS_Y_CENTRALE":"4988825.57004","TIPO_ADSL":"ADSL_2P","DESCRIZIONE_TIPO_ADSL":"ADSL 2+ (24 mega)","DISTANZA_CALCOLATA":"1260.26","CLASSE_DISTANZA":"900-1299","POTENZA_SEGNALE":"17737.5","POPOLAZIONE_SEZIONE": "424"}
			},
		 		{ "type" : "Feature",
				"geometry" : {
					"type" : "Point",
					"coordinates" : [7.66118,45.04381]},
			"properties" : { "ANNO":"2010","ID_SEZIONE":"11529","ISTAT_COMUNE_SEZ":"1272","COMUNE_SEZ":"TORINO","PROVINCIA":"TO","ID_CENTRALE":"1497","NOME_CENTRALE":"TORINO STADIO","ISTAT_COMUNE_CENTR":"1272","COMUNE_CENTR":"TORINO","PROVINCIA_CENTR":"TO","INDIRIZZO_CENTRALE":"VIA ARDIGO' 13","LATITUDINE_SEZIONE":"45.04381","LONGITUDINE_SEZIONE":"7.66118","POS_X_SEZIONE":"394560.60807","POS_Y_SEZIONE":"4988688.58014","LATITUDINE_CENTRALE":"45.04505","LONGITUDINE_CENTRALE":"7.66239","POS_X_CENTRALE":"394658.84208","POS_Y_CENTRALE":"4988825.57004","TIPO_ADSL":"ADSL_2P","DESCRIZIONE_TIPO_ADSL":"ADSL 2+ (24 mega)","DISTANZA_CALCOLATA":"168.57","CLASSE_DISTANZA":"100-499","POTENZA_SEGNALE":"19761.67","POPOLAZIONE_SEZIONE": "838"}
			},
		 		{ "type" : "Feature",
				"geometry" : {
					"type" : "Point",
					"coordinates" : [7.65604,45.03868]},
			"properties" : { "ANNO":"2010","ID_SEZIONE":"11781","ISTAT_COMUNE_SEZ":"1272","COMUNE_SEZ":"TORINO","PROVINCIA":"TO","ID_CENTRALE":"1497","NOME_CENTRALE":"TORINO STADIO","ISTAT_COMUNE_CENTR":"1272","COMUNE_CENTR":"TORINO","PROVINCIA_CENTR":"TO","INDIRIZZO_CENTRALE":"VIA ARDIGO' 13","LATITUDINE_SEZIONE":"45.03868","LONGITUDINE_SEZIONE":"7.65604","POS_X_SEZIONE":"394146.79431","POS_Y_SEZIONE":"4988126.07083","LATITUDINE_CENTRALE":"45.04505","LONGITUDINE_CENTRALE":"7.66239","POS_X_CENTRALE":"394658.84208","POS_Y_CENTRALE":"4988825.57004","TIPO_ADSL":"ADSL_2P","DESCRIZIONE_TIPO_ADSL":"ADSL 2+ (24 mega)","DISTANZA_CALCOLATA":"866.89","CLASSE_DISTANZA":"500-899","POTENZA_SEGNALE":"19523.33","POPOLAZIONE_SEZIONE": "217"}
			},
		 		{ "type" : "Feature",
				"geometry" : {
					"type" : "Point",
					"coordinates" : [7.65284,45.05161]},
			"properties" : { "ANNO":"2010","ID_SEZIONE":"12142","ISTAT_COMUNE_SEZ":"1272","COMUNE_SEZ":"TORINO","PROVINCIA":"TO","ID_CENTRALE":"1497","NOME_CENTRALE":"TORINO STADIO","ISTAT_COMUNE_CENTR":"1272","COMUNE_CENTR":"TORINO","PROVINCIA_CENTR":"TO","INDIRIZZO_CENTRALE":"VIA ARDIGO' 13","LATITUDINE_SEZIONE":"45.05161","LONGITUDINE_SEZIONE":"7.65284","POS_X_SEZIONE":"393918.13050","POS_Y_SEZIONE":"4989566.59665","LATITUDINE_CENTRALE":"45.04505","LONGITUDINE_CENTRALE":"7.66239","POS_X_CENTRALE":"394658.84208","POS_Y_CENTRALE":"4988825.57004","TIPO_ADSL":"ADSL_2P","DESCRIZIONE_TIPO_ADSL":"ADSL 2+ (24 mega)","DISTANZA_CALCOLATA":"1047.75","CLASSE_DISTANZA":"900-1299","POTENZA_SEGNALE":"17737.5","POPOLAZIONE_SEZIONE": "232"}
			},
		 		{ "type" : "Feature",
				"geometry" : {
					"type" : "Point",
					"coordinates" : [7.65567,45.07856]},
			"properties" : { "ANNO":"2010","ID_SEZIONE":"12502","ISTAT_COMUNE_SEZ":"1272","COMUNE_SEZ":"TORINO","PROVINCIA":"TO","ID_CENTRALE":"1497","NOME_CENTRALE":"TORINO STADIO","ISTAT_COMUNE_CENTR":"1272","COMUNE_CENTR":"TORINO","PROVINCIA_CENTR":"TO","INDIRIZZO_CENTRALE":"VIA ARDIGO' 13","LATITUDINE_SEZIONE":"45.07856","LONGITUDINE_SEZIONE":"7.65567","POS_X_SEZIONE":"394191.13402","POS_Y_SEZIONE":"4992556.15032","LATITUDINE_CENTRALE":"45.04505","LONGITUDINE_CENTRALE":"7.66239","POS_X_CENTRALE":"394658.84208","POS_Y_CENTRALE":"4988825.57004","TIPO_ADSL":"ADSL_2P","DESCRIZIONE_TIPO_ADSL":"ADSL 2+ (24 mega)","DISTANZA_CALCOLATA":"3759.78","CLASSE_DISTANZA":"3700-4099","POTENZA_SEGNALE":"2857.5","POPOLAZIONE_SEZIONE": "182"}
			},
		 		{ "type" : "Feature",
				"geometry" : {
					"type" : "Point",
					"coordinates" : [7.65186,45.05272]},
			"properties" : { "ANNO":"2010","ID_SEZIONE":"13468","ISTAT_COMUNE_SEZ":"1272","COMUNE_SEZ":"TORINO","PROVINCIA":"TO","ID_CENTRALE":"1497","NOME_CENTRALE":"TORINO STADIO","ISTAT_COMUNE_CENTR":"1272","COMUNE_CENTR":"TORINO","PROVINCIA_CENTR":"TO","INDIRIZZO_CENTRALE":"VIA ARDIGO' 13","LATITUDINE_SEZIONE":"45.05272","LONGITUDINE_SEZIONE":"7.65186","POS_X_SEZIONE":"393843.66420","POS_Y_SEZIONE":"4989691.09918","LATITUDINE_CENTRALE":"45.04505","LONGITUDINE_CENTRALE":"7.66239","POS_X_CENTRALE":"394658.84208","POS_Y_CENTRALE":"4988825.57004","TIPO_ADSL":"ADSL_2P","DESCRIZIONE_TIPO_ADSL":"ADSL 2+ (24 mega)","DISTANZA_CALCOLATA":"1188.97","CLASSE_DISTANZA":"900-1299","POTENZA_SEGNALE":"17737.5","POPOLAZIONE_SEZIONE": "282"}
			},
		 		{ "type" : "Feature",
				"geometry" : {
					"type" : "Point",
					"coordinates" : [7.64423,45.06604]},
			"properties" : { "ANNO":"2010","ID_SEZIONE":"13613","ISTAT_COMUNE_SEZ":"1272","COMUNE_SEZ":"TORINO","PROVINCIA":"TO","ID_CENTRALE":"1497","NOME_CENTRALE":"TORINO STADIO","ISTAT_COMUNE_CENTR":"1272","COMUNE_CENTR":"TORINO","PROVINCIA_CENTR":"TO","INDIRIZZO_CENTRALE":"VIA ARDIGO' 13","LATITUDINE_SEZIONE":"45.06604","LONGITUDINE_SEZIONE":"7.64423","POS_X_SEZIONE":"393267.60071","POS_Y_SEZIONE":"4991180.12676","LATITUDINE_CENTRALE":"45.04505","LONGITUDINE_CENTRALE":"7.66239","POS_X_CENTRALE":"394658.84208","POS_Y_CENTRALE":"4988825.57004","TIPO_ADSL":"ADSL_2P","DESCRIZIONE_TIPO_ADSL":"ADSL 2+ (24 mega)","DISTANZA_CALCOLATA":"2734.87","CLASSE_DISTANZA":"2500-2899","POTENZA_SEGNALE":"7380.83","POPOLAZIONE_SEZIONE": ""}
			},
		 		{ "type" : "Feature",
				"geometry" : {
					"type" : "Point",
					"coordinates" : [7.66018,45.04822]},
			"properties" : { "ANNO":"2010","ID_SEZIONE":"13621","ISTAT_COMUNE_SEZ":"1272","COMUNE_SEZ":"TORINO","PROVINCIA":"TO","ID_CENTRALE":"1497","NOME_CENTRALE":"TORINO STADIO","ISTAT_COMUNE_CENTR":"1272","COMUNE_CENTR":"TORINO","PROVINCIA_CENTR":"TO","INDIRIZZO_CENTRALE":"VIA ARDIGO' 13","LATITUDINE_SEZIONE":"45.04822","LONGITUDINE_SEZIONE":"7.66018","POS_X_SEZIONE":"394490.24032","POS_Y_SEZIONE":"4989179.58916","LATITUDINE_CENTRALE":"45.04505","LONGITUDINE_CENTRALE":"7.66239","POS_X_CENTRALE":"394658.84208","POS_Y_CENTRALE":"4988825.57004","TIPO_ADSL":"ADSL_2P","DESCRIZIONE_TIPO_ADSL":"ADSL 2+ (24 mega)","DISTANZA_CALCOLATA":"392.12","CLASSE_DISTANZA":"100-499","POTENZA_SEGNALE":"19761.67","POPOLAZIONE_SEZIONE": "207"}
			},
		 		{ "type" : "Feature",
				"geometry" : {
					"type" : "Point",
					"coordinates" : [7.66023,45.04328]},
			"properties" : { "ANNO":"2010","ID_SEZIONE":"14238","ISTAT_COMUNE_SEZ":"1272","COMUNE_SEZ":"TORINO","PROVINCIA":"TO","ID_CENTRALE":"1497","NOME_CENTRALE":"TORINO STADIO","ISTAT_COMUNE_CENTR":"1272","COMUNE_CENTR":"TORINO","PROVINCIA_CENTR":"TO","INDIRIZZO_CENTRALE":"VIA ARDIGO' 13","LATITUDINE_SEZIONE":"45.04328","LONGITUDINE_SEZIONE":"7.66023","POS_X_SEZIONE":"394485.04557","POS_Y_SEZIONE":"4988631.07947","LATITUDINE_CENTRALE":"45.04505","LONGITUDINE_CENTRALE":"7.66239","POS_X_CENTRALE":"394658.84208","POS_Y_CENTRALE":"4988825.57004","TIPO_ADSL":"ADSL_2P","DESCRIZIONE_TIPO_ADSL":"ADSL 2+ (24 mega)","DISTANZA_CALCOLATA":"260.83","CLASSE_DISTANZA":"100-499","POTENZA_SEGNALE":"19761.67","POPOLAZIONE_SEZIONE": "176"}
			},
		 		{ "type" : "Feature",
				"geometry" : {
					"type" : "Point",
					"coordinates" : [7.66225,45.04805]},
			"properties" : { "ANNO":"2010","ID_SEZIONE":"14458","ISTAT_COMUNE_SEZ":"1272","COMUNE_SEZ":"TORINO","PROVINCIA":"TO","ID_CENTRALE":"1497","NOME_CENTRALE":"TORINO STADIO","ISTAT_COMUNE_CENTR":"1272","COMUNE_CENTR":"TORINO","PROVINCIA_CENTR":"TO","INDIRIZZO_CENTRALE":"VIA ARDIGO' 13","LATITUDINE_SEZIONE":"45.04805","LONGITUDINE_SEZIONE":"7.66225","POS_X_SEZIONE":"394653.11264","POS_Y_SEZIONE":"4989158.08875","LATITUDINE_CENTRALE":"45.04505","LONGITUDINE_CENTRALE":"7.66239","POS_X_CENTRALE":"394658.84208","POS_Y_CENTRALE":"4988825.57004","TIPO_ADSL":"ADSL_2P","DESCRIZIONE_TIPO_ADSL":"ADSL 2+ (24 mega)","DISTANZA_CALCOLATA":"332.57","CLASSE_DISTANZA":"100-499","POTENZA_SEGNALE":"19761.67","POPOLAZIONE_SEZIONE": "163"}
			},
		 		{ "type" : "Feature",
				"geometry" : {
					"type" : "Point",
					"coordinates" : [7.65978,45.05675]},
			"properties" : { "ANNO":"2010","ID_SEZIONE":"14705","ISTAT_COMUNE_SEZ":"1272","COMUNE_SEZ":"TORINO","PROVINCIA":"TO","ID_CENTRALE":"1497","NOME_CENTRALE":"TORINO STADIO","ISTAT_COMUNE_CENTR":"1272","COMUNE_CENTR":"TORINO","PROVINCIA_CENTR":"TO","INDIRIZZO_CENTRALE":"VIA ARDIGO' 13","LATITUDINE_SEZIONE":"45.05675","LONGITUDINE_SEZIONE":"7.65978","POS_X_SEZIONE":"394474.50298","POS_Y_SEZIONE":"4990128.10603","LATITUDINE_CENTRALE":"45.04505","LONGITUDINE_CENTRALE":"7.66239","POS_X_CENTRALE":"394658.84208","POS_Y_CENTRALE":"4988825.57004","TIPO_ADSL":"ADSL_2P","DESCRIZIONE_TIPO_ADSL":"ADSL 2+ (24 mega)","DISTANZA_CALCOLATA":"1315.52","CLASSE_DISTANZA":"1300-1699","POTENZA_SEGNALE":"16071.67","POPOLAZIONE_SEZIONE": "326"}
			},
		 		{ "type" : "Feature",
				"geometry" : {
					"type" : "Point",
					"coordinates" : [7.63733,45.07266]},
			"properties" : { "ANNO":"2010","ID_SEZIONE":"14780","ISTAT_COMUNE_SEZ":"1272","COMUNE_SEZ":"TORINO","PROVINCIA":"TO","ID_CENTRALE":"1497","NOME_CENTRALE":"TORINO STADIO","ISTAT_COMUNE_CENTR":"1272","COMUNE_CENTR":"TORINO","PROVINCIA_CENTR":"TO","INDIRIZZO_CENTRALE":"VIA ARDIGO' 13","LATITUDINE_SEZIONE":"45.07266","LONGITUDINE_SEZIONE":"7.63733","POS_X_SEZIONE":"392736.46522","POS_Y_SEZIONE":"4991924.64132","LATITUDINE_CENTRALE":"45.04505","LONGITUDINE_CENTRALE":"7.66239","POS_X_CENTRALE":"394658.84208","POS_Y_CENTRALE":"4988825.57004","TIPO_ADSL":"ADSL_2P","DESCRIZIONE_TIPO_ADSL":"ADSL 2+ (24 mega)","DISTANZA_CALCOLATA":"3646.89","CLASSE_DISTANZA":"3300-3699","POTENZA_SEGNALE":"4047.5","POPOLAZIONE_SEZIONE": "122"}
			},
		 		{ "type" : "Feature",
				"geometry" : {
					"type" : "Point",
					"coordinates" : [7.65991,45.04684]},
			"properties" : { "ANNO":"2010","ID_SEZIONE":"15716","ISTAT_COMUNE_SEZ":"1272","COMUNE_SEZ":"TORINO","PROVINCIA":"TO","ID_CENTRALE":"1497","NOME_CENTRALE":"TORINO STADIO","ISTAT_COMUNE_CENTR":"1272","COMUNE_CENTR":"TORINO","PROVINCIA_CENTR":"TO","INDIRIZZO_CENTRALE":"VIA ARDIGO' 13","LATITUDINE_SEZIONE":"45.04684","LONGITUDINE_SEZIONE":"7.65991","POS_X_SEZIONE":"394466.80096","POS_Y_SEZIONE":"4989027.58660","LATITUDINE_CENTRALE":"45.04505","LONGITUDINE_CENTRALE":"7.66239","POS_X_CENTRALE":"394658.84208","POS_Y_CENTRALE":"4988825.57004","TIPO_ADSL":"ADSL_2P","DESCRIZIONE_TIPO_ADSL":"ADSL 2+ (24 mega)","DISTANZA_CALCOLATA":"278.73","CLASSE_DISTANZA":"100-499","POTENZA_SEGNALE":"19761.67","POPOLAZIONE_SEZIONE": "3"}
			},
		 		{ "type" : "Feature",
				"geometry" : {
					"type" : "Point",
					"coordinates" : [7.66354,45.05027]},
			"properties" : { "ANNO":"2010","ID_SEZIONE":"15951","ISTAT_COMUNE_SEZ":"1272","COMUNE_SEZ":"TORINO","PROVINCIA":"TO","ID_CENTRALE":"1497","NOME_CENTRALE":"TORINO STADIO","ISTAT_COMUNE_CENTR":"1272","COMUNE_CENTR":"TORINO","PROVINCIA_CENTR":"TO","INDIRIZZO_CENTRALE":"VIA ARDIGO' 13","LATITUDINE_SEZIONE":"45.05027","LONGITUDINE_SEZIONE":"7.66354","POS_X_SEZIONE":"394758.58260","POS_Y_SEZIONE":"4989403.59275","LATITUDINE_CENTRALE":"45.04505","LONGITUDINE_CENTRALE":"7.66239","POS_X_CENTRALE":"394658.84208","POS_Y_CENTRALE":"4988825.57004","TIPO_ADSL":"ADSL_2P","DESCRIZIONE_TIPO_ADSL":"ADSL 2+ (24 mega)","DISTANZA_CALCOLATA":"586.56","CLASSE_DISTANZA":"500-899","POTENZA_SEGNALE":"19523.33","POPOLAZIONE_SEZIONE": "266"}
			},
		 		{ "type" : "Feature",
				"geometry" : {
					"type" : "Point",
					"coordinates" : [7.65906,45.04343]},
			"properties" : { "ANNO":"2010","ID_SEZIONE":"15953","ISTAT_COMUNE_SEZ":"1272","COMUNE_SEZ":"TORINO","PROVINCIA":"TO","ID_CENTRALE":"1497","NOME_CENTRALE":"TORINO STADIO","ISTAT_COMUNE_CENTR":"1272","COMUNE_CENTR":"TORINO","PROVINCIA_CENTR":"TO","INDIRIZZO_CENTRALE":"VIA ARDIGO' 13","LATITUDINE_SEZIONE":"45.04343","LONGITUDINE_SEZIONE":"7.65906","POS_X_SEZIONE":"394393.48512","POS_Y_SEZIONE":"4988649.58007","LATITUDINE_CENTRALE":"45.04505","LONGITUDINE_CENTRALE":"7.66239","POS_X_CENTRALE":"394658.84208","POS_Y_CENTRALE":"4988825.57004","TIPO_ADSL":"ADSL_2P","DESCRIZIONE_TIPO_ADSL":"ADSL 2+ (24 mega)","DISTANZA_CALCOLATA":"318.41","CLASSE_DISTANZA":"100-499","POTENZA_SEGNALE":"19761.67","POPOLAZIONE_SEZIONE": "410"}
			},
		 		{ "type" : "Feature",
				"geometry" : {
					"type" : "Point",
					"coordinates" : [7.66039,45.04945]},
			"properties" : { "ANNO":"2010","ID_SEZIONE":"16514","ISTAT_COMUNE_SEZ":"1272","COMUNE_SEZ":"TORINO","PROVINCIA":"TO","ID_CENTRALE":"1497","NOME_CENTRALE":"TORINO STADIO","ISTAT_COMUNE_CENTR":"1272","COMUNE_CENTR":"TORINO","PROVINCIA_CENTR":"TO","INDIRIZZO_CENTRALE":"VIA ARDIGO' 13","LATITUDINE_SEZIONE":"45.04945","LONGITUDINE_SEZIONE":"7.66039","POS_X_SEZIONE":"394508.99181","POS_Y_SEZIONE":"4989316.09143","LATITUDINE_CENTRALE":"45.04505","LONGITUDINE_CENTRALE":"7.66239","POS_X_CENTRALE":"394658.84208","POS_Y_CENTRALE":"4988825.57004","TIPO_ADSL":"ADSL_2P","DESCRIZIONE_TIPO_ADSL":"ADSL 2+ (24 mega)","DISTANZA_CALCOLATA":"512.90","CLASSE_DISTANZA":"500-899","POTENZA_SEGNALE":"19523.33","POPOLAZIONE_SEZIONE": "300"}
			},
		 		{ "type" : "Feature",
				"geometry" : {
					"type" : "Point",
					"coordinates" : [7.66242,45.04911]},
			"properties" : { "ANNO":"2010","ID_SEZIONE":"16515","ISTAT_COMUNE_SEZ":"1272","COMUNE_SEZ":"TORINO","PROVINCIA":"TO","ID_CENTRALE":"1497","NOME_CENTRALE":"TORINO STADIO","ISTAT_COMUNE_CENTR":"1272","COMUNE_CENTR":"TORINO","PROVINCIA_CENTR":"TO","INDIRIZZO_CENTRALE":"VIA ARDIGO' 13","LATITUDINE_SEZIONE":"45.04911","LONGITUDINE_SEZIONE":"7.66242","POS_X_SEZIONE":"394668.30061","POS_Y_SEZIONE":"4989275.59070","LATITUDINE_CENTRALE":"45.04505","LONGITUDINE_CENTRALE":"7.66239","POS_X_CENTRALE":"394658.84208","POS_Y_CENTRALE":"4988825.57004","TIPO_ADSL":"ADSL_2P","DESCRIZIONE_TIPO_ADSL":"ADSL 2+ (24 mega)","DISTANZA_CALCOLATA":"450.12","CLASSE_DISTANZA":"100-499","POTENZA_SEGNALE":"19761.67","POPOLAZIONE_SEZIONE": "529"}
			},
		 		{ "type" : "Feature",
				"geometry" : {
					"type" : "Point",
					"coordinates" : [7.65457,45.04643]},
			"properties" : { "ANNO":"2010","ID_SEZIONE":"16741","ISTAT_COMUNE_SEZ":"1272","COMUNE_SEZ":"TORINO","PROVINCIA":"TO","ID_CENTRALE":"1497","NOME_CENTRALE":"TORINO STADIO","ISTAT_COMUNE_CENTR":"1272","COMUNE_CENTR":"TORINO","PROVINCIA_CENTR":"TO","INDIRIZZO_CENTRALE":"VIA ARDIGO' 13","LATITUDINE_SEZIONE":"45.04643","LONGITUDINE_SEZIONE":"7.65457","POS_X_SEZIONE":"394045.33946","POS_Y_SEZIONE":"4988988.08631","LATITUDINE_CENTRALE":"45.04505","LONGITUDINE_CENTRALE":"7.66239","POS_X_CENTRALE":"394658.84208","POS_Y_CENTRALE":"4988825.57004","TIPO_ADSL":"ADSL_2P","DESCRIZIONE_TIPO_ADSL":"ADSL 2+ (24 mega)","DISTANZA_CALCOLATA":"634.66","CLASSE_DISTANZA":"500-899","POTENZA_SEGNALE":"19523.33","POPOLAZIONE_SEZIONE": "9"}
			},
		 		{ "type" : "Feature",
				"geometry" : {
					"type" : "Point",
					"coordinates" : [7.66208,45.04047]},
			"properties" : { "ANNO":"2010","ID_SEZIONE":"16747","ISTAT_COMUNE_SEZ":"1272","COMUNE_SEZ":"TORINO","PROVINCIA":"TO","ID_CENTRALE":"1497","NOME_CENTRALE":"TORINO STADIO","ISTAT_COMUNE_CENTR":"1272","COMUNE_CENTR":"TORINO","PROVINCIA_CENTR":"TO","INDIRIZZO_CENTRALE":"VIA ARDIGO' 13","LATITUDINE_SEZIONE":"45.04047","LONGITUDINE_SEZIONE":"7.66208","POS_X_SEZIONE":"394625.78925","POS_Y_SEZIONE":"4988316.57374","LATITUDINE_CENTRALE":"45.04505","LONGITUDINE_CENTRALE":"7.66239","POS_X_CENTRALE":"394658.84208","POS_Y_CENTRALE":"4988825.57004","TIPO_ADSL":"ADSL_2P","DESCRIZIONE_TIPO_ADSL":"ADSL 2+ (24 mega)","DISTANZA_CALCOLATA":"510.07","CLASSE_DISTANZA":"500-899","POTENZA_SEGNALE":"19523.33","POPOLAZIONE_SEZIONE": "412"}
			},
		 		{ "type" : "Feature",
				"geometry" : {
					"type" : "Point",
					"coordinates" : [7.66333,45.06608]},
			"properties" : { "ANNO":"2010","ID_SEZIONE":"17132","ISTAT_COMUNE_SEZ":"1272","COMUNE_SEZ":"TORINO","PROVINCIA":"TO","ID_CENTRALE":"1497","NOME_CENTRALE":"TORINO STADIO","ISTAT_COMUNE_CENTR":"1272","COMUNE_CENTR":"TORINO","PROVINCIA_CENTR":"TO","INDIRIZZO_CENTRALE":"VIA ARDIGO' 13","LATITUDINE_SEZIONE":"45.06608","LONGITUDINE_SEZIONE":"7.66333","POS_X_SEZIONE":"394771.29197","POS_Y_SEZIONE":"4991159.62424","LATITUDINE_CENTRALE":"45.04505","LONGITUDINE_CENTRALE":"7.66239","POS_X_CENTRALE":"394658.84208","POS_Y_CENTRALE":"4988825.57004","TIPO_ADSL":"ADSL_2P","DESCRIZIONE_TIPO_ADSL":"ADSL 2+ (24 mega)","DISTANZA_CALCOLATA":"2336.76","CLASSE_DISTANZA":"2100-2499","POTENZA_SEGNALE":"10000","POPOLAZIONE_SEZIONE": "107"}
			},
		 		{ "type" : "Feature",
				"geometry" : {
					"type" : "Point",
					"coordinates" : [7.66187,45.05107]},
			"properties" : { "ANNO":"2010","ID_SEZIONE":"17138","ISTAT_COMUNE_SEZ":"1272","COMUNE_SEZ":"TORINO","PROVINCIA":"TO","ID_CENTRALE":"1497","NOME_CENTRALE":"TORINO STADIO","ISTAT_COMUNE_CENTR":"1272","COMUNE_CENTR":"TORINO","PROVINCIA_CENTR":"TO","INDIRIZZO_CENTRALE":"VIA ARDIGO' 13","LATITUDINE_SEZIONE":"45.05107","LONGITUDINE_SEZIONE":"7.66187","POS_X_SEZIONE":"394628.42912","POS_Y_SEZIONE":"4989494.59460","LATITUDINE_CENTRALE":"45.04505","LONGITUDINE_CENTRALE":"7.66239","POS_X_CENTRALE":"394658.84208","POS_Y_CENTRALE":"4988825.57004","TIPO_ADSL":"ADSL_2P","DESCRIZIONE_TIPO_ADSL":"ADSL 2+ (24 mega)","DISTANZA_CALCOLATA":"669.72","CLASSE_DISTANZA":"500-899","POTENZA_SEGNALE":"19523.33","POPOLAZIONE_SEZIONE": "409"}
			},
		 		{ "type" : "Feature",
				"geometry" : {
					"type" : "Point",
					"coordinates" : [7.69028,45.07696]},
			"properties" : { "ANNO":"2010","ID_SEZIONE":"17203","ISTAT_COMUNE_SEZ":"1272","COMUNE_SEZ":"TORINO","PROVINCIA":"TO","ID_CENTRALE":"1497","NOME_CENTRALE":"TORINO STADIO","ISTAT_COMUNE_CENTR":"1272","COMUNE_CENTR":"TORINO","PROVINCIA_CENTR":"TO","INDIRIZZO_CENTRALE":"VIA ARDIGO' 13","LATITUDINE_SEZIONE":"45.07696","LONGITUDINE_SEZIONE":"7.69028","POS_X_SEZIONE":"396912.26605","POS_Y_SEZIONE":"4992334.14097","LATITUDINE_CENTRALE":"45.04505","LONGITUDINE_CENTRALE":"7.66239","POS_X_CENTRALE":"394658.84208","POS_Y_CENTRALE":"4988825.57004","TIPO_ADSL":"ADSL_2P","DESCRIZIONE_TIPO_ADSL":"ADSL 2+ (24 mega)","DISTANZA_CALCOLATA":"4169.89","CLASSE_DISTANZA":"4100-4499","POTENZA_SEGNALE":"2024.17","POPOLAZIONE_SEZIONE": ""}
			},
		 		{ "type" : "Feature",
				"geometry" : {
					"type" : "Point",
					"coordinates" : [7.65979,45.03981]},
			"properties" : { "ANNO":"2010","ID_SEZIONE":"17363","ISTAT_COMUNE_SEZ":"1272","COMUNE_SEZ":"TORINO","PROVINCIA":"TO","ID_CENTRALE":"1497","NOME_CENTRALE":"TORINO STADIO","ISTAT_COMUNE_CENTR":"1272","COMUNE_CENTR":"TORINO","PROVINCIA_CENTR":"TO","INDIRIZZO_CENTRALE":"VIA ARDIGO' 13","LATITUDINE_SEZIONE":"45.03981","LONGITUDINE_SEZIONE":"7.65979","POS_X_SEZIONE":"394444.38509","POS_Y_SEZIONE":"4988246.57259","LATITUDINE_CENTRALE":"45.04505","LONGITUDINE_CENTRALE":"7.66239","POS_X_CENTRALE":"394658.84208","POS_Y_CENTRALE":"4988825.57004","TIPO_ADSL":"ADSL_2P","DESCRIZIONE_TIPO_ADSL":"ADSL 2+ (24 mega)","DISTANZA_CALCOLATA":"617.44","CLASSE_DISTANZA":"500-899","POTENZA_SEGNALE":"19523.33","POPOLAZIONE_SEZIONE": "488"}
			},
		 		{ "type" : "Feature",
				"geometry" : {
					"type" : "Point",
					"coordinates" : [7.66157,45.04749]},
			"properties" : { "ANNO":"2010","ID_SEZIONE":"18358","ISTAT_COMUNE_SEZ":"1272","COMUNE_SEZ":"TORINO","PROVINCIA":"TO","ID_CENTRALE":"1497","NOME_CENTRALE":"TORINO STADIO","ISTAT_COMUNE_CENTR":"1272","COMUNE_CENTR":"TORINO","PROVINCIA_CENTR":"TO","INDIRIZZO_CENTRALE":"VIA ARDIGO' 13","LATITUDINE_SEZIONE":"45.04749","LONGITUDINE_SEZIONE":"7.66157","POS_X_SEZIONE":"394598.29946","POS_Y_SEZIONE":"4989097.08753","LATITUDINE_CENTRALE":"45.04505","LONGITUDINE_CENTRALE":"7.66239","POS_X_CENTRALE":"394658.84208","POS_Y_CENTRALE":"4988825.57004","TIPO_ADSL":"ADSL_2P","DESCRIZIONE_TIPO_ADSL":"ADSL 2+ (24 mega)","DISTANZA_CALCOLATA":"278.19","CLASSE_DISTANZA":"100-499","POTENZA_SEGNALE":"19761.67","POPOLAZIONE_SEZIONE": "209"}
			},
		 		{ "type" : "Feature",
				"geometry" : {
					"type" : "Point",
					"coordinates" : [7.65309,45.05340]},
			"properties" : { "ANNO":"2010","ID_SEZIONE":"18591","ISTAT_COMUNE_SEZ":"1272","COMUNE_SEZ":"TORINO","PROVINCIA":"TO","ID_CENTRALE":"1497","NOME_CENTRALE":"TORINO STADIO","ISTAT_COMUNE_CENTR":"1272","COMUNE_CENTR":"TORINO","PROVINCIA_CENTR":"TO","INDIRIZZO_CENTRALE":"VIA ARDIGO' 13","LATITUDINE_SEZIONE":"45.05340","LONGITUDINE_SEZIONE":"7.65309","POS_X_SEZIONE":"393941.38247","POS_Y_SEZIONE":"4989764.60036","LATITUDINE_CENTRALE":"45.04505","LONGITUDINE_CENTRALE":"7.66239","POS_X_CENTRALE":"394658.84208","POS_Y_CENTRALE":"4988825.57004","TIPO_ADSL":"ADSL_2P","DESCRIZIONE_TIPO_ADSL":"ADSL 2+ (24 mega)","DISTANZA_CALCOLATA":"1181.75","CLASSE_DISTANZA":"900-1299","POTENZA_SEGNALE":"17737.5","POPOLAZIONE_SEZIONE": "329"}
			},
		 		{ "type" : "Feature",
				"geometry" : {
					"type" : "Point",
					"coordinates" : [7.65483,45.05261]},
			"properties" : { "ANNO":"2010","ID_SEZIONE":"18815","ISTAT_COMUNE_SEZ":"1272","COMUNE_SEZ":"TORINO","PROVINCIA":"TO","ID_CENTRALE":"1497","NOME_CENTRALE":"TORINO STADIO","ISTAT_COMUNE_CENTR":"1272","COMUNE_CENTR":"TORINO","PROVINCIA_CENTR":"TO","INDIRIZZO_CENTRALE":"VIA ARDIGO' 13","LATITUDINE_SEZIONE":"45.05261","LONGITUDINE_SEZIONE":"7.65483","POS_X_SEZIONE":"394076.81620","POS_Y_SEZIONE":"4989675.09867","LATITUDINE_CENTRALE":"45.04505","LONGITUDINE_CENTRALE":"7.66239","POS_X_CENTRALE":"394658.84208","POS_Y_CENTRALE":"4988825.57004","TIPO_ADSL":"ADSL_2P","DESCRIZIONE_TIPO_ADSL":"ADSL 2+ (24 mega)","DISTANZA_CALCOLATA":"1029.78","CLASSE_DISTANZA":"900-1299","POTENZA_SEGNALE":"17737.5","POPOLAZIONE_SEZIONE": "422"}
			},
		 		{ "type" : "Feature",
				"geometry" : {
					"type" : "Point",
					"coordinates" : [7.67489,45.06081]},
			"properties" : { "ANNO":"2010","ID_SEZIONE":"19182","ISTAT_COMUNE_SEZ":"1272","COMUNE_SEZ":"TORINO","PROVINCIA":"TO","ID_CENTRALE":"1497","NOME_CENTRALE":"TORINO STADIO","ISTAT_COMUNE_CENTR":"1272","COMUNE_CENTR":"TORINO","PROVINCIA_CENTR":"TO","INDIRIZZO_CENTRALE":"VIA ARDIGO' 13","LATITUDINE_SEZIONE":"45.06081","LONGITUDINE_SEZIONE":"7.67489","POS_X_SEZIONE":"395671.58100","POS_Y_SEZIONE":"4990560.11217","LATITUDINE_CENTRALE":"45.04505","LONGITUDINE_CENTRALE":"7.66239","POS_X_CENTRALE":"394658.84208","POS_Y_CENTRALE":"4988825.57004","TIPO_ADSL":"ADSL_2P","DESCRIZIONE_TIPO_ADSL":"ADSL 2+ (24 mega)","DISTANZA_CALCOLATA":"2008.55","CLASSE_DISTANZA":"1700-2099","POTENZA_SEGNALE":"12975.83","POPOLAZIONE_SEZIONE": "164"}
			},
		 		{ "type" : "Feature",
				"geometry" : {
					"type" : "Point",
					"coordinates" : [7.66101,45.04879]},
			"properties" : { "ANNO":"2010","ID_SEZIONE":"19186","ISTAT_COMUNE_SEZ":"1272","COMUNE_SEZ":"TORINO","PROVINCIA":"TO","ID_CENTRALE":"1497","NOME_CENTRALE":"TORINO STADIO","ISTAT_COMUNE_CENTR":"1272","COMUNE_CENTR":"TORINO","PROVINCIA_CENTR":"TO","INDIRIZZO_CENTRALE":"VIA ARDIGO' 13","LATITUDINE_SEZIONE":"45.04879","LONGITUDINE_SEZIONE":"7.66101","POS_X_SEZIONE":"394556.58426","POS_Y_SEZIONE":"4989242.09003","LATITUDINE_CENTRALE":"45.04505","LONGITUDINE_CENTRALE":"7.66239","POS_X_CENTRALE":"394658.84208","POS_Y_CENTRALE":"4988825.57004","TIPO_ADSL":"ADSL_2P","DESCRIZIONE_TIPO_ADSL":"ADSL 2+ (24 mega)","DISTANZA_CALCOLATA":"428.89","CLASSE_DISTANZA":"100-499","POTENZA_SEGNALE":"19761.67","POPOLAZIONE_SEZIONE": "244"}
			},
		 		{ "type" : "Feature",
				"geometry" : {
					"type" : "Point",
					"coordinates" : [7.64263,45.03789]},
			"properties" : { "ANNO":"2010","ID_SEZIONE":"19190","ISTAT_COMUNE_SEZ":"1272","COMUNE_SEZ":"TORINO","PROVINCIA":"TO","ID_CENTRALE":"1497","NOME_CENTRALE":"TORINO STADIO","ISTAT_COMUNE_CENTR":"1272","COMUNE_CENTR":"TORINO","PROVINCIA_CENTR":"TO","INDIRIZZO_CENTRALE":"VIA ARDIGO' 13","LATITUDINE_SEZIONE":"45.03789","LONGITUDINE_SEZIONE":"7.64263","POS_X_SEZIONE":"393089.24858","POS_Y_SEZIONE":"4988055.07025","LATITUDINE_CENTRALE":"45.04505","LONGITUDINE_CENTRALE":"7.66239","POS_X_CENTRALE":"394658.84208","POS_Y_CENTRALE":"4988825.57004","TIPO_ADSL":"ADSL_2P","DESCRIZIONE_TIPO_ADSL":"ADSL 2+ (24 mega)","DISTANZA_CALCOLATA":"1748.51","CLASSE_DISTANZA":"1700-2099","POTENZA_SEGNALE":"12975.83","POPOLAZIONE_SEZIONE": "806"}
			},
		 		{ "type" : "Feature",
				"geometry" : {
					"type" : "Point",
					"coordinates" : [7.65624,45.03365]},
			"properties" : { "ANNO":"2010","ID_SEZIONE":"19433","ISTAT_COMUNE_SEZ":"1272","COMUNE_SEZ":"TORINO","PROVINCIA":"TO","ID_CENTRALE":"1497","NOME_CENTRALE":"TORINO STADIO","ISTAT_COMUNE_CENTR":"1272","COMUNE_CENTR":"TORINO","PROVINCIA_CENTR":"TO","INDIRIZZO_CENTRALE":"VIA ARDIGO' 13","LATITUDINE_SEZIONE":"45.03365","LONGITUDINE_SEZIONE":"7.65624","POS_X_SEZIONE":"394153.25575","POS_Y_SEZIONE":"4987566.56081","LATITUDINE_CENTRALE":"45.04505","LONGITUDINE_CENTRALE":"7.66239","POS_X_CENTRALE":"394658.84208","POS_Y_CENTRALE":"4988825.57004","TIPO_ADSL":"ADSL_2P","DESCRIZIONE_TIPO_ADSL":"ADSL 2+ (24 mega)","DISTANZA_CALCOLATA":"1356.73","CLASSE_DISTANZA":"1300-1699","POTENZA_SEGNALE":"16071.67","POPOLAZIONE_SEZIONE": "336"}
			},
		 		{ "type" : "Feature",
				"geometry" : {
					"type" : "Point",
					"coordinates" : [7.66273,45.04559]},
			"properties" : { "ANNO":"2010","ID_SEZIONE":"19613","ISTAT_COMUNE_SEZ":"1272","COMUNE_SEZ":"TORINO","PROVINCIA":"TO","ID_CENTRALE":"1497","NOME_CENTRALE":"TORINO STADIO","ISTAT_COMUNE_CENTR":"1272","COMUNE_CENTR":"TORINO","PROVINCIA_CENTR":"TO","INDIRIZZO_CENTRALE":"VIA ARDIGO' 13","LATITUDINE_SEZIONE":"45.04559","LONGITUDINE_SEZIONE":"7.66273","POS_X_SEZIONE":"394686.35834","POS_Y_SEZIONE":"4988885.08369","LATITUDINE_CENTRALE":"45.04505","LONGITUDINE_CENTRALE":"7.66239","POS_X_CENTRALE":"394658.84208","POS_Y_CENTRALE":"4988825.57004","TIPO_ADSL":"ADSL_2P","DESCRIZIONE_TIPO_ADSL":"ADSL 2+ (24 mega)","DISTANZA_CALCOLATA":"65.57","CLASSE_DISTANZA":"0-99","POTENZA_SEGNALE":"19761.67","POPOLAZIONE_SEZIONE": "370"}
			},
		 		{ "type" : "Feature",
				"geometry" : {
					"type" : "Point",
					"coordinates" : [7.65613,45.03635]},
			"properties" : { "ANNO":"2010","ID_SEZIONE":"19615","ISTAT_COMUNE_SEZ":"1272","COMUNE_SEZ":"TORINO","PROVINCIA":"TO","ID_CENTRALE":"1497","NOME_CENTRALE":"TORINO STADIO","ISTAT_COMUNE_CENTR":"1272","COMUNE_CENTR":"TORINO","PROVINCIA_CENTR":"TO","INDIRIZZO_CENTRALE":"VIA ARDIGO' 13","LATITUDINE_SEZIONE":"45.03635","LONGITUDINE_SEZIONE":"7.65613","POS_X_SEZIONE":"394149.38503","POS_Y_SEZIONE":"4987867.06590","LATITUDINE_CENTRALE":"45.04505","LONGITUDINE_CENTRALE":"7.66239","POS_X_CENTRALE":"394658.84208","POS_Y_CENTRALE":"4988825.57004","TIPO_ADSL":"ADSL_2P","DESCRIZIONE_TIPO_ADSL":"ADSL 2+ (24 mega)","DISTANZA_CALCOLATA":"1085.48","CLASSE_DISTANZA":"900-1299","POTENZA_SEGNALE":"17737.5","POPOLAZIONE_SEZIONE": "627"}
			},
		 		{ "type" : "Feature",
				"geometry" : {
					"type" : "Point",
					"coordinates" : [7.66251,45.04450]},
			"properties" : { "ANNO":"2010","ID_SEZIONE":"20036","ISTAT_COMUNE_SEZ":"1272","COMUNE_SEZ":"TORINO","PROVINCIA":"TO","ID_CENTRALE":"1497","NOME_CENTRALE":"TORINO STADIO","ISTAT_COMUNE_CENTR":"1272","COMUNE_CENTR":"TORINO","PROVINCIA_CENTR":"TO","INDIRIZZO_CENTRALE":"VIA ARDIGO' 13","LATITUDINE_SEZIONE":"45.04450","LONGITUDINE_SEZIONE":"7.66251","POS_X_SEZIONE":"394667.26330","POS_Y_SEZIONE":"4988763.58148","LATITUDINE_CENTRALE":"45.04505","LONGITUDINE_CENTRALE":"7.66239","POS_X_CENTRALE":"394658.84208","POS_Y_CENTRALE":"4988825.57004","TIPO_ADSL":"ADSL_2P","DESCRIZIONE_TIPO_ADSL":"ADSL 2+ (24 mega)","DISTANZA_CALCOLATA":"62.56","CLASSE_DISTANZA":"0-99","POTENZA_SEGNALE":"19761.67","POPOLAZIONE_SEZIONE": "321"}
			},
		 		{ "type" : "Feature",
				"geometry" : {
					"type" : "Point",
					"coordinates" : [7.66579,45.04930]},
			"properties" : { "ANNO":"2010","ID_SEZIONE":"21208","ISTAT_COMUNE_SEZ":"1272","COMUNE_SEZ":"TORINO","PROVINCIA":"TO","ID_CENTRALE":"1497","NOME_CENTRALE":"TORINO STADIO","ISTAT_COMUNE_CENTR":"1272","COMUNE_CENTR":"TORINO","PROVINCIA_CENTR":"TO","INDIRIZZO_CENTRALE":"VIA ARDIGO' 13","LATITUDINE_SEZIONE":"45.04930","LONGITUDINE_SEZIONE":"7.66579","POS_X_SEZIONE":"394934.35936","POS_Y_SEZIONE":"4989292.59063","LATITUDINE_CENTRALE":"45.04505","LONGITUDINE_CENTRALE":"7.66239","POS_X_CENTRALE":"394658.84208","POS_Y_CENTRALE":"4988825.57004","TIPO_ADSL":"ADSL_2P","DESCRIZIONE_TIPO_ADSL":"ADSL 2+ (24 mega)","DISTANZA_CALCOLATA":"542.23","CLASSE_DISTANZA":"500-899","POTENZA_SEGNALE":"19523.33","POPOLAZIONE_SEZIONE": "308"}
			},
		 		{ "type" : "Feature",
				"geometry" : {
					"type" : "Point",
					"coordinates" : [7.65379,45.03578]},
			"properties" : { "ANNO":"2010","ID_SEZIONE":"21469","ISTAT_COMUNE_SEZ":"1272","COMUNE_SEZ":"TORINO","PROVINCIA":"TO","ID_CENTRALE":"1497","NOME_CENTRALE":"TORINO STADIO","ISTAT_COMUNE_CENTR":"1272","COMUNE_CENTR":"TORINO","PROVINCIA_CENTR":"TO","INDIRIZZO_CENTRALE":"VIA ARDIGO' 13","LATITUDINE_SEZIONE":"45.03578","LONGITUDINE_SEZIONE":"7.65379","POS_X_SEZIONE":"393964.20026","POS_Y_SEZIONE":"4987807.06513","LATITUDINE_CENTRALE":"45.04505","LONGITUDINE_CENTRALE":"7.66239","POS_X_CENTRALE":"394658.84208","POS_Y_CENTRALE":"4988825.57004","TIPO_ADSL":"ADSL_2P","DESCRIZIONE_TIPO_ADSL":"ADSL 2+ (24 mega)","DISTANZA_CALCOLATA":"1232.83","CLASSE_DISTANZA":"900-1299","POTENZA_SEGNALE":"17737.5","POPOLAZIONE_SEZIONE": "400"}
			},
		 		{ "type" : "Feature",
				"geometry" : {
					"type" : "Point",
					"coordinates" : [7.65583,45.03510]},
			"properties" : { "ANNO":"2010","ID_SEZIONE":"21802","ISTAT_COMUNE_SEZ":"1272","COMUNE_SEZ":"TORINO","PROVINCIA":"TO","ID_CENTRALE":"1497","NOME_CENTRALE":"TORINO STADIO","ISTAT_COMUNE_CENTR":"1272","COMUNE_CENTR":"TORINO","PROVINCIA_CENTR":"TO","INDIRIZZO_CENTRALE":"VIA ARDIGO' 13","LATITUDINE_SEZIONE":"45.03510","LONGITUDINE_SEZIONE":"7.65583","POS_X_SEZIONE":"394123.32167","POS_Y_SEZIONE":"4987728.06353","LATITUDINE_CENTRALE":"45.04505","LONGITUDINE_CENTRALE":"7.66239","POS_X_CENTRALE":"394658.84208","POS_Y_CENTRALE":"4988825.57004","TIPO_ADSL":"ADSL_2P","DESCRIZIONE_TIPO_ADSL":"ADSL 2+ (24 mega)","DISTANZA_CALCOLATA":"1221.19","CLASSE_DISTANZA":"900-1299","POTENZA_SEGNALE":"17737.5","POPOLAZIONE_SEZIONE": "160"}
			},
		 		{ "type" : "Feature",
				"geometry" : {
					"type" : "Point",
					"coordinates" : [7.58428,45.06680]},
			"properties" : { "ANNO":"2010","ID_SEZIONE":"22792","ISTAT_COMUNE_SEZ":"1120","COMUNE_SEZ":"GRUGLIASCO","PROVINCIA":"TO","ID_CENTRALE":"1497","NOME_CENTRALE":"TORINO STADIO","ISTAT_COMUNE_CENTR":"1272","COMUNE_CENTR":"TORINO","PROVINCIA_CENTR":"TO","INDIRIZZO_CENTRALE":"VIA ARDIGO' 13","LATITUDINE_SEZIONE":"45.06680","LONGITUDINE_SEZIONE":"7.58428","POS_X_SEZIONE":"388549.53350","POS_Y_SEZIONE":"4991346.13764","LATITUDINE_CENTRALE":"45.04505","LONGITUDINE_CENTRALE":"7.66239","POS_X_CENTRALE":"394658.84208","POS_Y_CENTRALE":"4988825.57004","TIPO_ADSL":"ADSL_2P","DESCRIZIONE_TIPO_ADSL":"ADSL 2+ (24 mega)","DISTANZA_CALCOLATA":"6608.85","CLASSE_DISTANZA":"6100 e oltre","POTENZA_SEGNALE":"0.00","POPOLAZIONE_SEZIONE": "118"}
			},
		 		{ "type" : "Feature",
				"geometry" : {
					"type" : "Point",
					"coordinates" : [7.65182,45.03529]},
			"properties" : { "ANNO":"2010","ID_SEZIONE":"23243","ISTAT_COMUNE_SEZ":"1272","COMUNE_SEZ":"TORINO","PROVINCIA":"TO","ID_CENTRALE":"1497","NOME_CENTRALE":"TORINO STADIO","ISTAT_COMUNE_CENTR":"1272","COMUNE_CENTR":"TORINO","PROVINCIA_CENTR":"TO","INDIRIZZO_CENTRALE":"VIA ARDIGO' 13","LATITUDINE_SEZIONE":"45.03529","LONGITUDINE_SEZIONE":"7.65182","POS_X_SEZIONE":"393807.79501","POS_Y_SEZIONE":"4987754.56414","LATITUDINE_CENTRALE":"45.04505","LONGITUDINE_CENTRALE":"7.66239","POS_X_CENTRALE":"394658.84208","POS_Y_CENTRALE":"4988825.57004","TIPO_ADSL":"ADSL_2P","DESCRIZIONE_TIPO_ADSL":"ADSL 2+ (24 mega)","DISTANZA_CALCOLATA":"1367.97","CLASSE_DISTANZA":"1300-1699","POTENZA_SEGNALE":"16071.67","POPOLAZIONE_SEZIONE": "376"}
			},
		 		{ "type" : "Feature",
				"geometry" : {
					"type" : "Point",
					"coordinates" : [7.68360,45.06594]},
			"properties" : { "ANNO":"2010","ID_SEZIONE":"23769","ISTAT_COMUNE_SEZ":"1272","COMUNE_SEZ":"TORINO","PROVINCIA":"TO","ID_CENTRALE":"1497","NOME_CENTRALE":"TORINO STADIO","ISTAT_COMUNE_CENTR":"1272","COMUNE_CENTR":"TORINO","PROVINCIA_CENTR":"TO","INDIRIZZO_CENTRALE":"VIA ARDIGO' 13","LATITUDINE_SEZIONE":"45.06594","LONGITUDINE_SEZIONE":"7.68360","POS_X_SEZIONE":"396366.26209","POS_Y_SEZIONE":"4991118.62072","LATITUDINE_CENTRALE":"45.04505","LONGITUDINE_CENTRALE":"7.66239","POS_X_CENTRALE":"394658.84208","POS_Y_CENTRALE":"4988825.57004","TIPO_ADSL":"ADSL_2P","DESCRIZIONE_TIPO_ADSL":"ADSL 2+ (24 mega)","DISTANZA_CALCOLATA":"2858.91","CLASSE_DISTANZA":"2500-2899","POTENZA_SEGNALE":"7380.83","POPOLAZIONE_SEZIONE": "229"}
			},
		 		{ "type" : "Feature",
				"geometry" : {
					"type" : "Point",
					"coordinates" : [7.66846,45.04784]},
			"properties" : { "ANNO":"2010","ID_SEZIONE":"23829","ISTAT_COMUNE_SEZ":"1272","COMUNE_SEZ":"TORINO","PROVINCIA":"TO","ID_CENTRALE":"1497","NOME_CENTRALE":"TORINO STADIO","ISTAT_COMUNE_CENTR":"1272","COMUNE_CENTR":"TORINO","PROVINCIA_CENTR":"TO","INDIRIZZO_CENTRALE":"VIA ARDIGO' 13","LATITUDINE_SEZIONE":"45.04784","LONGITUDINE_SEZIONE":"7.66846","POS_X_SEZIONE":"395141.97895","POS_Y_SEZIONE":"4989127.58737","LATITUDINE_CENTRALE":"45.04505","LONGITUDINE_CENTRALE":"7.66239","POS_X_CENTRALE":"394658.84208","POS_Y_CENTRALE":"4988825.57004","TIPO_ADSL":"ADSL_2P","DESCRIZIONE_TIPO_ADSL":"ADSL 2+ (24 mega)","DISTANZA_CALCOLATA":"569.77","CLASSE_DISTANZA":"500-899","POTENZA_SEGNALE":"19523.33","POPOLAZIONE_SEZIONE": "287"}
			},
		 		{ "type" : "Feature",
				"geometry" : {
					"type" : "Point",
					"coordinates" : [7.65835,45.04026]},
			"properties" : { "ANNO":"2010","ID_SEZIONE":"23831","ISTAT_COMUNE_SEZ":"1272","COMUNE_SEZ":"TORINO","PROVINCIA":"TO","ID_CENTRALE":"1497","NOME_CENTRALE":"TORINO STADIO","ISTAT_COMUNE_CENTR":"1272","COMUNE_CENTR":"TORINO","PROVINCIA_CENTR":"TO","INDIRIZZO_CENTRALE":"VIA ARDIGO' 13","LATITUDINE_SEZIONE":"45.04026","LONGITUDINE_SEZIONE":"7.65835","POS_X_SEZIONE":"394331.38772","POS_Y_SEZIONE":"4988298.07364","LATITUDINE_CENTRALE":"45.04505","LONGITUDINE_CENTRALE":"7.66239","POS_X_CENTRALE":"394658.84208","POS_Y_CENTRALE":"4988825.57004","TIPO_ADSL":"ADSL_2P","DESCRIZIONE_TIPO_ADSL":"ADSL 2+ (24 mega)","DISTANZA_CALCOLATA":"620.87","CLASSE_DISTANZA":"500-899","POTENZA_SEGNALE":"19523.33","POPOLAZIONE_SEZIONE": "363"}
			},
		 		{ "type" : "Feature",
				"geometry" : {
					"type" : "Point",
					"coordinates" : [7.66560,45.05659]},
			"properties" : { "ANNO":"2010","ID_SEZIONE":"24700","ISTAT_COMUNE_SEZ":"1272","COMUNE_SEZ":"TORINO","PROVINCIA":"TO","ID_CENTRALE":"1497","NOME_CENTRALE":"TORINO STADIO","ISTAT_COMUNE_CENTR":"1272","COMUNE_CENTR":"TORINO","PROVINCIA_CENTR":"TO","INDIRIZZO_CENTRALE":"VIA ARDIGO' 13","LATITUDINE_SEZIONE":"45.05659","LONGITUDINE_SEZIONE":"7.66560","POS_X_SEZIONE":"394932.52589","POS_Y_SEZIONE":"4990103.10507","LATITUDINE_CENTRALE":"45.04505","LONGITUDINE_CENTRALE":"7.66239","POS_X_CENTRALE":"394658.84208","POS_Y_CENTRALE":"4988825.57004","TIPO_ADSL":"ADSL_2P","DESCRIZIONE_TIPO_ADSL":"ADSL 2+ (24 mega)","DISTANZA_CALCOLATA":"1306.52","CLASSE_DISTANZA":"1300-1699","POTENZA_SEGNALE":"16071.67","POPOLAZIONE_SEZIONE": "266"}
			},
		 		{ "type" : "Feature",
				"geometry" : {
					"type" : "Point",
					"coordinates" : [7.65630,45.05008]},
			"properties" : { "ANNO":"2010","ID_SEZIONE":"24703","ISTAT_COMUNE_SEZ":"1272","COMUNE_SEZ":"TORINO","PROVINCIA":"TO","ID_CENTRALE":"1497","NOME_CENTRALE":"TORINO STADIO","ISTAT_COMUNE_CENTR":"1272","COMUNE_CENTR":"TORINO","PROVINCIA_CENTR":"TO","INDIRIZZO_CENTRALE":"VIA ARDIGO' 13","LATITUDINE_SEZIONE":"45.05008","LONGITUDINE_SEZIONE":"7.65630","POS_X_SEZIONE":"394188.24839","POS_Y_SEZIONE":"4989391.59351","LATITUDINE_CENTRALE":"45.04505","LONGITUDINE_CENTRALE":"7.66239","POS_X_CENTRALE":"394658.84208","POS_Y_CENTRALE":"4988825.57004","TIPO_ADSL":"ADSL_2P","DESCRIZIONE_TIPO_ADSL":"ADSL 2+ (24 mega)","DISTANZA_CALCOLATA":"736.10","CLASSE_DISTANZA":"500-899","POTENZA_SEGNALE":"19523.33","POPOLAZIONE_SEZIONE": "134"}
			},
		 		{ "type" : "Feature",
				"geometry" : {
					"type" : "Point",
					"coordinates" : [7.65320,45.03487]},
			"properties" : { "ANNO":"2010","ID_SEZIONE":"24706","ISTAT_COMUNE_SEZ":"1272","COMUNE_SEZ":"TORINO","PROVINCIA":"TO","ID_CENTRALE":"1497","NOME_CENTRALE":"TORINO STADIO","ISTAT_COMUNE_CENTR":"1272","COMUNE_CENTR":"TORINO","PROVINCIA_CENTR":"TO","INDIRIZZO_CENTRALE":"VIA ARDIGO' 13","LATITUDINE_SEZIONE":"45.03487","LONGITUDINE_SEZIONE":"7.65320","POS_X_SEZIONE":"393915.94938","POS_Y_SEZIONE":"4987706.06340","LATITUDINE_CENTRALE":"45.04505","LONGITUDINE_CENTRALE":"7.66239","POS_X_CENTRALE":"394658.84208","POS_Y_CENTRALE":"4988825.57004","TIPO_ADSL":"ADSL_2P","DESCRIZIONE_TIPO_ADSL":"ADSL 2+ (24 mega)","DISTANZA_CALCOLATA":"1343.57","CLASSE_DISTANZA":"1300-1699","POTENZA_SEGNALE":"16071.67","POPOLAZIONE_SEZIONE": "672"}
			},
		 		{ "type" : "Feature",
				"geometry" : {
					"type" : "Point",
					"coordinates" : [7.65935,45.04075]},
			"properties" : { "ANNO":"2010","ID_SEZIONE":"25362","ISTAT_COMUNE_SEZ":"1272","COMUNE_SEZ":"TORINO","PROVINCIA":"TO","ID_CENTRALE":"1497","NOME_CENTRALE":"TORINO STADIO","ISTAT_COMUNE_CENTR":"1272","COMUNE_CENTR":"TORINO","PROVINCIA_CENTR":"TO","INDIRIZZO_CENTRALE":"VIA ARDIGO' 13","LATITUDINE_SEZIONE":"45.04075","LONGITUDINE_SEZIONE":"7.65935","POS_X_SEZIONE":"394410.91821","POS_Y_SEZIONE":"4988351.07435","LATITUDINE_CENTRALE":"45.04505","LONGITUDINE_CENTRALE":"7.66239","POS_X_CENTRALE":"394658.84208","POS_Y_CENTRALE":"4988825.57004","TIPO_ADSL":"ADSL_2P","DESCRIZIONE_TIPO_ADSL":"ADSL 2+ (24 mega)","DISTANZA_CALCOLATA":"535.36","CLASSE_DISTANZA":"500-899","POTENZA_SEGNALE":"19523.33","POPOLAZIONE_SEZIONE": "745"}
			},
		 		{ "type" : "Feature",
				"geometry" : {
					"type" : "Point",
					"coordinates" : [7.65503,45.04120]},
			"properties" : { "ANNO":"2010","ID_SEZIONE":"25581","ISTAT_COMUNE_SEZ":"1272","COMUNE_SEZ":"TORINO","PROVINCIA":"TO","ID_CENTRALE":"1497","NOME_CENTRALE":"TORINO STADIO","ISTAT_COMUNE_CENTR":"1272","COMUNE_CENTR":"TORINO","PROVINCIA_CENTR":"TO","INDIRIZZO_CENTRALE":"VIA ARDIGO' 13","LATITUDINE_SEZIONE":"45.04120","LONGITUDINE_SEZIONE":"7.65503","POS_X_SEZIONE":"394071.58151","POS_Y_SEZIONE":"4988407.07588","LATITUDINE_CENTRALE":"45.04505","LONGITUDINE_CENTRALE":"7.66239","POS_X_CENTRALE":"394658.84208","POS_Y_CENTRALE":"4988825.57004","TIPO_ADSL":"ADSL_2P","DESCRIZIONE_TIPO_ADSL":"ADSL 2+ (24 mega)","DISTANZA_CALCOLATA":"721.12","CLASSE_DISTANZA":"500-899","POTENZA_SEGNALE":"19523.33","POPOLAZIONE_SEZIONE": "5"}
			},
		 		{ "type" : "Feature",
				"geometry" : {
					"type" : "Point",
					"coordinates" : [7.66463,45.04332]},
			"properties" : { "ANNO":"2010","ID_SEZIONE":"25977","ISTAT_COMUNE_SEZ":"1272","COMUNE_SEZ":"TORINO","PROVINCIA":"TO","ID_CENTRALE":"1497","NOME_CENTRALE":"TORINO STADIO","ISTAT_COMUNE_CENTR":"1272","COMUNE_CENTR":"TORINO","PROVINCIA_CENTR":"TO","INDIRIZZO_CENTRALE":"VIA ARDIGO' 13","LATITUDINE_SEZIONE":"45.04332","LONGITUDINE_SEZIONE":"7.66463","POS_X_SEZIONE":"394832.07200","POS_Y_SEZIONE":"4988630.07902","LATITUDINE_CENTRALE":"45.04505","LONGITUDINE_CENTRALE":"7.66239","POS_X_CENTRALE":"394658.84208","POS_Y_CENTRALE":"4988825.57004","TIPO_ADSL":"ADSL_2P","DESCRIZIONE_TIPO_ADSL":"ADSL 2+ (24 mega)","DISTANZA_CALCOLATA":"261.20","CLASSE_DISTANZA":"100-499","POTENZA_SEGNALE":"19761.67","POPOLAZIONE_SEZIONE": ""}
			},
		 		{ "type" : "Feature",
				"geometry" : {
					"type" : "Point",
					"coordinates" : [7.65475,45.03413]},
			"properties" : { "ANNO":"2010","ID_SEZIONE":"25979","ISTAT_COMUNE_SEZ":"1272","COMUNE_SEZ":"TORINO","PROVINCIA":"TO","ID_CENTRALE":"1497","NOME_CENTRALE":"TORINO STADIO","ISTAT_COMUNE_CENTR":"1272","COMUNE_CENTR":"TORINO","PROVINCIA_CENTR":"TO","INDIRIZZO_CENTRALE":"VIA ARDIGO' 13","LATITUDINE_SEZIONE":"45.03413","LONGITUDINE_SEZIONE":"7.65475","POS_X_SEZIONE":"394036.78957","POS_Y_SEZIONE":"4987621.56190","LATITUDINE_CENTRALE":"45.04505","LONGITUDINE_CENTRALE":"7.66239","POS_X_CENTRALE":"394658.84208","POS_Y_CENTRALE":"4988825.57004","TIPO_ADSL":"ADSL_2P","DESCRIZIONE_TIPO_ADSL":"ADSL 2+ (24 mega)","DISTANZA_CALCOLATA":"1355.21","CLASSE_DISTANZA":"1300-1699","POTENZA_SEGNALE":"16071.67","POPOLAZIONE_SEZIONE": "478"}
			},
		 		{ "type" : "Feature",
				"geometry" : {
					"type" : "Point",
					"coordinates" : [7.66261,45.07437]},
			"properties" : { "ANNO":"2010","ID_SEZIONE":"26570","ISTAT_COMUNE_SEZ":"1272","COMUNE_SEZ":"TORINO","PROVINCIA":"TO","ID_CENTRALE":"1497","NOME_CENTRALE":"TORINO STADIO","ISTAT_COMUNE_CENTR":"1272","COMUNE_CENTR":"TORINO","PROVINCIA_CENTR":"TO","INDIRIZZO_CENTRALE":"VIA ARDIGO' 13","LATITUDINE_SEZIONE":"45.07437","LONGITUDINE_SEZIONE":"7.66261","POS_X_SEZIONE":"394729.99252","POS_Y_SEZIONE":"4992081.64049","LATITUDINE_CENTRALE":"45.04505","LONGITUDINE_CENTRALE":"7.66239","POS_X_CENTRALE":"394658.84208","POS_Y_CENTRALE":"4988825.57004","TIPO_ADSL":"ADSL_2P","DESCRIZIONE_TIPO_ADSL":"ADSL 2+ (24 mega)","DISTANZA_CALCOLATA":"3256.85","CLASSE_DISTANZA":"2900-3299","POTENZA_SEGNALE":"5238.33","POPOLAZIONE_SEZIONE": "184"}
			},
		 		{ "type" : "Feature",
				"geometry" : {
					"type" : "Point",
					"coordinates" : [7.65779,45.03965]},
			"properties" : { "ANNO":"2010","ID_SEZIONE":"26628","ISTAT_COMUNE_SEZ":"1272","COMUNE_SEZ":"TORINO","PROVINCIA":"TO","ID_CENTRALE":"1497","NOME_CENTRALE":"TORINO STADIO","ISTAT_COMUNE_CENTR":"1272","COMUNE_CENTR":"TORINO","PROVINCIA_CENTR":"TO","INDIRIZZO_CENTRALE":"VIA ARDIGO' 13","LATITUDINE_SEZIONE":"45.03965","LONGITUDINE_SEZIONE":"7.65779","POS_X_SEZIONE":"394285.98151","POS_Y_SEZIONE":"4988231.07230","LATITUDINE_CENTRALE":"45.04505","LONGITUDINE_CENTRALE":"7.66239","POS_X_CENTRALE":"394658.84208","POS_Y_CENTRALE":"4988825.57004","TIPO_ADSL":"ADSL_2P","DESCRIZIONE_TIPO_ADSL":"ADSL 2+ (24 mega)","DISTANZA_CALCOLATA":"701.75","CLASSE_DISTANZA":"500-899","POTENZA_SEGNALE":"19523.33","POPOLAZIONE_SEZIONE": "347"}
			},
		 		{ "type" : "Feature",
				"geometry" : {
					"type" : "Point",
					"coordinates" : [7.65270,45.05254]},
			"properties" : { "ANNO":"2010","ID_SEZIONE":"27456","ISTAT_COMUNE_SEZ":"1272","COMUNE_SEZ":"TORINO","PROVINCIA":"TO","ID_CENTRALE":"1497","NOME_CENTRALE":"TORINO STADIO","ISTAT_COMUNE_CENTR":"1272","COMUNE_CENTR":"TORINO","PROVINCIA_CENTR":"TO","INDIRIZZO_CENTRALE":"VIA ARDIGO' 13","LATITUDINE_SEZIONE":"45.05254","LONGITUDINE_SEZIONE":"7.65270","POS_X_SEZIONE":"393908.85101","POS_Y_SEZIONE":"4989669.59876","LATITUDINE_CENTRALE":"45.04505","LONGITUDINE_CENTRALE":"7.66239","POS_X_CENTRALE":"394658.84208","POS_Y_CENTRALE":"4988825.57004","TIPO_ADSL":"ADSL_2P","DESCRIZIONE_TIPO_ADSL":"ADSL 2+ (24 mega)","DISTANZA_CALCOLATA":"1129.1","CLASSE_DISTANZA":"900-1299","POTENZA_SEGNALE":"17737.5","POPOLAZIONE_SEZIONE": "290"}
			},
		 		{ "type" : "Feature",
				"geometry" : {
					"type" : "Point",
					"coordinates" : [7.65643,45.03756]},
			"properties" : { "ANNO":"2010","ID_SEZIONE":"27460","ISTAT_COMUNE_SEZ":"1272","COMUNE_SEZ":"TORINO","PROVINCIA":"TO","ID_CENTRALE":"1497","NOME_CENTRALE":"TORINO STADIO","ISTAT_COMUNE_CENTR":"1272","COMUNE_CENTR":"TORINO","PROVINCIA_CENTR":"TO","INDIRIZZO_CENTRALE":"VIA ARDIGO' 13","LATITUDINE_SEZIONE":"45.03756","LONGITUDINE_SEZIONE":"7.65643","POS_X_SEZIONE":"394175.60557","POS_Y_SEZIONE":"4988000.56836","LATITUDINE_CENTRALE":"45.04505","LONGITUDINE_CENTRALE":"7.66239","POS_X_CENTRALE":"394658.84208","POS_Y_CENTRALE":"4988825.57004","TIPO_ADSL":"ADSL_2P","DESCRIZIONE_TIPO_ADSL":"ADSL 2+ (24 mega)","DISTANZA_CALCOLATA":"956.11","CLASSE_DISTANZA":"900-1299","POTENZA_SEGNALE":"17737.5","POPOLAZIONE_SEZIONE": "461"}
			},
		 		{ "type" : "Feature",
				"geometry" : {
					"type" : "Point",
					"coordinates" : [7.66438,45.05484]},
			"properties" : { "ANNO":"2010","ID_SEZIONE":"27927","ISTAT_COMUNE_SEZ":"1272","COMUNE_SEZ":"TORINO","PROVINCIA":"TO","ID_CENTRALE":"1497","NOME_CENTRALE":"TORINO STADIO","ISTAT_COMUNE_CENTR":"1272","COMUNE_CENTR":"TORINO","PROVINCIA_CENTR":"TO","INDIRIZZO_CENTRALE":"VIA ARDIGO' 13","LATITUDINE_SEZIONE":"45.05484","LONGITUDINE_SEZIONE":"7.66438","POS_X_SEZIONE":"394833.27469","POS_Y_SEZIONE":"4989909.60183","LATITUDINE_CENTRALE":"45.04505","LONGITUDINE_CENTRALE":"7.66239","POS_X_CENTRALE":"394658.84208","POS_Y_CENTRALE":"4988825.57004","TIPO_ADSL":"ADSL_2P","DESCRIZIONE_TIPO_ADSL":"ADSL 2+ (24 mega)","DISTANZA_CALCOLATA":"1097.98","CLASSE_DISTANZA":"900-1299","POTENZA_SEGNALE":"17737.5","POPOLAZIONE_SEZIONE": "293"}
			},
		 		{ "type" : "Feature",
				"geometry" : {
					"type" : "Point",
					"coordinates" : [7.65367,45.05282]},
			"properties" : { "ANNO":"2010","ID_SEZIONE":"27931","ISTAT_COMUNE_SEZ":"1272","COMUNE_SEZ":"TORINO","PROVINCIA":"TO","ID_CENTRALE":"1497","NOME_CENTRALE":"TORINO STADIO","ISTAT_COMUNE_CENTR":"1272","COMUNE_CENTR":"TORINO","PROVINCIA_CENTR":"TO","INDIRIZZO_CENTRALE":"VIA ARDIGO' 13","LATITUDINE_SEZIONE":"45.05282","LONGITUDINE_SEZIONE":"7.65367","POS_X_SEZIONE":"393985.97511","POS_Y_SEZIONE":"4989699.09918","LATITUDINE_CENTRALE":"45.04505","LONGITUDINE_CENTRALE":"7.66239","POS_X_CENTRALE":"394658.84208","POS_Y_CENTRALE":"4988825.57004","TIPO_ADSL":"ADSL_2P","DESCRIZIONE_TIPO_ADSL":"ADSL 2+ (24 mega)","DISTANZA_CALCOLATA":"1102.63","CLASSE_DISTANZA":"900-1299","POTENZA_SEGNALE":"17737.5","POPOLAZIONE_SEZIONE": "484"}
			},
		 		{ "type" : "Feature",
				"geometry" : {
					"type" : "Point",
					"coordinates" : [7.65322,45.03792]},
			"properties" : { "ANNO":"2010","ID_SEZIONE":"27933","ISTAT_COMUNE_SEZ":"1272","COMUNE_SEZ":"TORINO","PROVINCIA":"TO","ID_CENTRALE":"1497","NOME_CENTRALE":"TORINO STADIO","ISTAT_COMUNE_CENTR":"1272","COMUNE_CENTR":"TORINO","PROVINCIA_CENTR":"TO","INDIRIZZO_CENTRALE":"VIA ARDIGO' 13","LATITUDINE_SEZIONE":"45.03792","LONGITUDINE_SEZIONE":"7.65322","POS_X_SEZIONE":"393922.82912","POS_Y_SEZIONE":"4988044.56964","LATITUDINE_CENTRALE":"45.04505","LONGITUDINE_CENTRALE":"7.66239","POS_X_CENTRALE":"394658.84208","POS_Y_CENTRALE":"4988825.57004","TIPO_ADSL":"ADSL_2P","DESCRIZIONE_TIPO_ADSL":"ADSL 2+ (24 mega)","DISTANZA_CALCOLATA":"1073.16","CLASSE_DISTANZA":"900-1299","POTENZA_SEGNALE":"17737.5","POPOLAZIONE_SEZIONE": "828"}
			},
		 		{ "type" : "Feature",
				"geometry" : {
					"type" : "Point",
					"coordinates" : [7.65524,45.03800]},
			"properties" : { "ANNO":"2010","ID_SEZIONE":"28085","ISTAT_COMUNE_SEZ":"1272","COMUNE_SEZ":"TORINO","PROVINCIA":"TO","ID_CENTRALE":"1497","NOME_CENTRALE":"TORINO STADIO","ISTAT_COMUNE_CENTR":"1272","COMUNE_CENTR":"TORINO","PROVINCIA_CENTR":"TO","INDIRIZZO_CENTRALE":"VIA ARDIGO' 13","LATITUDINE_SEZIONE":"45.03800","LONGITUDINE_SEZIONE":"7.65524","POS_X_SEZIONE":"394082.38829","POS_Y_SEZIONE":"4988051.06948","LATITUDINE_CENTRALE":"45.04505","LONGITUDINE_CENTRALE":"7.66239","POS_X_CENTRALE":"394658.84208","POS_Y_CENTRALE":"4988825.57004","TIPO_ADSL":"ADSL_2P","DESCRIZIONE_TIPO_ADSL":"ADSL 2+ (24 mega)","DISTANZA_CALCOLATA":"965.48","CLASSE_DISTANZA":"900-1299","POTENZA_SEGNALE":"17737.5","POPOLAZIONE_SEZIONE": "493"}
			},
		 		{ "type" : "Feature",
				"geometry" : {
					"type" : "Point",
					"coordinates" : [7.68544,45.07868]},
			"properties" : { "ANNO":"2010","ID_SEZIONE":"28624","ISTAT_COMUNE_SEZ":"1272","COMUNE_SEZ":"TORINO","PROVINCIA":"TO","ID_CENTRALE":"1497","NOME_CENTRALE":"TORINO STADIO","ISTAT_COMUNE_CENTR":"1272","COMUNE_CENTR":"TORINO","PROVINCIA_CENTR":"TO","INDIRIZZO_CENTRALE":"VIA ARDIGO' 13","LATITUDINE_SEZIONE":"45.07868","LONGITUDINE_SEZIONE":"7.68544","POS_X_SEZIONE":"396534.18119","POS_Y_SEZIONE":"4992531.14526","LATITUDINE_CENTRALE":"45.04505","LONGITUDINE_CENTRALE":"7.66239","POS_X_CENTRALE":"394658.84208","POS_Y_CENTRALE":"4988825.57004","TIPO_ADSL":"ADSL_2P","DESCRIZIONE_TIPO_ADSL":"ADSL 2+ (24 mega)","DISTANZA_CALCOLATA":"4153.09","CLASSE_DISTANZA":"4100-4499","POTENZA_SEGNALE":"2024.17","POPOLAZIONE_SEZIONE": "185"}
			},
		 		{ "type" : "Feature",
				"geometry" : {
					"type" : "Point",
					"coordinates" : [7.66600,45.04564]},
			"properties" : { "ANNO":"2010","ID_SEZIONE":"28680","ISTAT_COMUNE_SEZ":"1272","COMUNE_SEZ":"TORINO","PROVINCIA":"TO","ID_CENTRALE":"1497","NOME_CENTRALE":"TORINO STADIO","ISTAT_COMUNE_CENTR":"1272","COMUNE_CENTR":"TORINO","PROVINCIA_CENTR":"TO","INDIRIZZO_CENTRALE":"VIA ARDIGO' 13","LATITUDINE_SEZIONE":"45.04564","LONGITUDINE_SEZIONE":"7.66600","POS_X_SEZIONE":"394943.57332","POS_Y_SEZIONE":"4988885.58340","LATITUDINE_CENTRALE":"45.04505","LONGITUDINE_CENTRALE":"7.66239","POS_X_CENTRALE":"394658.84208","POS_Y_CENTRALE":"4988825.57004","TIPO_ADSL":"ADSL_2P","DESCRIZIONE_TIPO_ADSL":"ADSL 2+ (24 mega)","DISTANZA_CALCOLATA":"290.99","CLASSE_DISTANZA":"100-499","POTENZA_SEGNALE":"19761.67","POPOLAZIONE_SEZIONE": "187"}
			},
		 		{ "type" : "Feature",
				"geometry" : {
					"type" : "Point",
					"coordinates" : [7.66105,45.04293]},
			"properties" : { "ANNO":"2010","ID_SEZIONE":"28683","ISTAT_COMUNE_SEZ":"1272","COMUNE_SEZ":"TORINO","PROVINCIA":"TO","ID_CENTRALE":"1497","NOME_CENTRALE":"TORINO STADIO","ISTAT_COMUNE_CENTR":"1272","COMUNE_CENTR":"TORINO","PROVINCIA_CENTR":"TO","INDIRIZZO_CENTRALE":"VIA ARDIGO' 13","LATITUDINE_SEZIONE":"45.04293","LONGITUDINE_SEZIONE":"7.66105","POS_X_SEZIONE":"394548.73172","POS_Y_SEZIONE":"4988591.07844","LATITUDINE_CENTRALE":"45.04505","LONGITUDINE_CENTRALE":"7.66239","POS_X_CENTRALE":"394658.84208","POS_Y_CENTRALE":"4988825.57004","TIPO_ADSL":"ADSL_2P","DESCRIZIONE_TIPO_ADSL":"ADSL 2+ (24 mega)","DISTANZA_CALCOLATA":"259.06","CLASSE_DISTANZA":"100-499","POTENZA_SEGNALE":"19761.67","POPOLAZIONE_SEZIONE": "206"}
			},
		 		{ "type" : "Feature",
				"geometry" : {
					"type" : "Point",
					"coordinates" : [7.66751,45.05458]},
			"properties" : { "ANNO":"2010","ID_SEZIONE":"28908","ISTAT_COMUNE_SEZ":"1272","COMUNE_SEZ":"TORINO","PROVINCIA":"TO","ID_CENTRALE":"1497","NOME_CENTRALE":"TORINO STADIO","ISTAT_COMUNE_CENTR":"1272","COMUNE_CENTR":"TORINO","PROVINCIA_CENTR":"TO","INDIRIZZO_CENTRALE":"VIA ARDIGO' 13","LATITUDINE_SEZIONE":"45.05458","LONGITUDINE_SEZIONE":"7.66751","POS_X_SEZIONE":"395079.08333","POS_Y_SEZIONE":"4989877.10110","LATITUDINE_CENTRALE":"45.04505","LONGITUDINE_CENTRALE":"7.66239","POS_X_CENTRALE":"394658.84208","POS_Y_CENTRALE":"4988825.57004","TIPO_ADSL":"ADSL_2P","DESCRIZIONE_TIPO_ADSL":"ADSL 2+ (24 mega)","DISTANZA_CALCOLATA":"1132.4","CLASSE_DISTANZA":"900-1299","POTENZA_SEGNALE":"17737.5","POPOLAZIONE_SEZIONE": "178"}
			},
		 		{ "type" : "Feature",
				"geometry" : {
					"type" : "Point",
					"coordinates" : [7.66424,45.04775]},
			"properties" : { "ANNO":"2010","ID_SEZIONE":"28913","ISTAT_COMUNE_SEZ":"1272","COMUNE_SEZ":"TORINO","PROVINCIA":"TO","ID_CENTRALE":"1497","NOME_CENTRALE":"TORINO STADIO","ISTAT_COMUNE_CENTR":"1272","COMUNE_CENTR":"TORINO","PROVINCIA_CENTR":"TO","INDIRIZZO_CENTRALE":"VIA ARDIGO' 13","LATITUDINE_SEZIONE":"45.04775","LONGITUDINE_SEZIONE":"7.66424","POS_X_SEZIONE":"394808.79648","POS_Y_SEZIONE":"4989122.08798","LATITUDINE_CENTRALE":"45.04505","LONGITUDINE_CENTRALE":"7.66239","POS_X_CENTRALE":"394658.84208","POS_Y_CENTRALE":"4988825.57004","TIPO_ADSL":"ADSL_2P","DESCRIZIONE_TIPO_ADSL":"ADSL 2+ (24 mega)","DISTANZA_CALCOLATA":"332.28","CLASSE_DISTANZA":"100-499","POTENZA_SEGNALE":"19761.67","POPOLAZIONE_SEZIONE": "141"}
			},
		 		{ "type" : "Feature",
				"geometry" : {
					"type" : "Point",
					"coordinates" : [7.66185,45.04229]},
			"properties" : { "ANNO":"2010","ID_SEZIONE":"28919","ISTAT_COMUNE_SEZ":"1272","COMUNE_SEZ":"TORINO","PROVINCIA":"TO","ID_CENTRALE":"1497","NOME_CENTRALE":"TORINO STADIO","ISTAT_COMUNE_CENTR":"1272","COMUNE_CENTR":"TORINO","PROVINCIA_CENTR":"TO","INDIRIZZO_CENTRALE":"VIA ARDIGO' 13","LATITUDINE_SEZIONE":"45.04229","LONGITUDINE_SEZIONE":"7.66185","POS_X_SEZIONE":"394610.88596","POS_Y_SEZIONE":"4988519.57713","LATITUDINE_CENTRALE":"45.04505","LONGITUDINE_CENTRALE":"7.66239","POS_X_CENTRALE":"394658.84208","POS_Y_CENTRALE":"4988825.57004","TIPO_ADSL":"ADSL_2P","DESCRIZIONE_TIPO_ADSL":"ADSL 2+ (24 mega)","DISTANZA_CALCOLATA":"309.73","CLASSE_DISTANZA":"100-499","POTENZA_SEGNALE":"19761.67","POPOLAZIONE_SEZIONE": "292"}
			},
		 		{ "type" : "Feature",
				"geometry" : {
					"type" : "Point",
					"coordinates" : [7.65465,45.03956]},
			"properties" : { "ANNO":"2010","ID_SEZIONE":"28920","ISTAT_COMUNE_SEZ":"1272","COMUNE_SEZ":"TORINO","PROVINCIA":"TO","ID_CENTRALE":"1497","NOME_CENTRALE":"TORINO STADIO","ISTAT_COMUNE_CENTR":"1272","COMUNE_CENTR":"TORINO","PROVINCIA_CENTR":"TO","INDIRIZZO_CENTRALE":"VIA ARDIGO' 13","LATITUDINE_SEZIONE":"45.03956","LONGITUDINE_SEZIONE":"7.65465","POS_X_SEZIONE":"394038.67271","POS_Y_SEZIONE":"4988225.07268","LATITUDINE_CENTRALE":"45.04505","LONGITUDINE_CENTRALE":"7.66239","POS_X_CENTRALE":"394658.84208","POS_Y_CENTRALE":"4988825.57004","TIPO_ADSL":"ADSL_2P","DESCRIZIONE_TIPO_ADSL":"ADSL 2+ (24 mega)","DISTANZA_CALCOLATA":"863.25","CLASSE_DISTANZA":"500-899","POTENZA_SEGNALE":"19523.33","POPOLAZIONE_SEZIONE": "343"}
			},
		 		{ "type" : "Feature",
				"geometry" : {
					"type" : "Point",
					"coordinates" : [7.65450,45.03689]},
			"properties" : { "ANNO":"2010","ID_SEZIONE":"29163","ISTAT_COMUNE_SEZ":"1272","COMUNE_SEZ":"TORINO","PROVINCIA":"TO","ID_CENTRALE":"1497","NOME_CENTRALE":"TORINO STADIO","ISTAT_COMUNE_CENTR":"1272","COMUNE_CENTR":"TORINO","PROVINCIA_CENTR":"TO","INDIRIZZO_CENTRALE":"VIA ARDIGO' 13","LATITUDINE_SEZIONE":"45.03689","LONGITUDINE_SEZIONE":"7.65450","POS_X_SEZIONE":"394022.04397","POS_Y_SEZIONE":"4987928.56734","LATITUDINE_CENTRALE":"45.04505","LONGITUDINE_CENTRALE":"7.66239","POS_X_CENTRALE":"394658.84208","POS_Y_CENTRALE":"4988825.57004","TIPO_ADSL":"ADSL_2P","DESCRIZIONE_TIPO_ADSL":"ADSL 2+ (24 mega)","DISTANZA_CALCOLATA":"1100.06","CLASSE_DISTANZA":"900-1299","POTENZA_SEGNALE":"17737.5","POPOLAZIONE_SEZIONE": "6"}
			},
		 		{ "type" : "Feature",
				"geometry" : {
					"type" : "Point",
					"coordinates" : [7.66415,45.04942]},
			"properties" : { "ANNO":"2010","ID_SEZIONE":"29550","ISTAT_COMUNE_SEZ":"1272","COMUNE_SEZ":"TORINO","PROVINCIA":"TO","ID_CENTRALE":"1497","NOME_CENTRALE":"TORINO STADIO","ISTAT_COMUNE_CENTR":"1272","COMUNE_CENTR":"TORINO","PROVINCIA_CENTR":"TO","INDIRIZZO_CENTRALE":"VIA ARDIGO' 13","LATITUDINE_SEZIONE":"45.04942","LONGITUDINE_SEZIONE":"7.66415","POS_X_SEZIONE":"394805.20583","POS_Y_SEZIONE":"4989308.59115","LATITUDINE_CENTRALE":"45.04505","LONGITUDINE_CENTRALE":"7.66239","POS_X_CENTRALE":"394658.84208","POS_Y_CENTRALE":"4988825.57004","TIPO_ADSL":"ADSL_2P","DESCRIZIONE_TIPO_ADSL":"ADSL 2+ (24 mega)","DISTANZA_CALCOLATA":"504.71","CLASSE_DISTANZA":"500-899","POTENZA_SEGNALE":"19523.33","POPOLAZIONE_SEZIONE": ""}
			},
		 		{ "type" : "Feature",
				"geometry" : {
					"type" : "Point",
					"coordinates" : [7.66849,45.04943]},
			"properties" : { "ANNO":"2010","ID_SEZIONE":"29763","ISTAT_COMUNE_SEZ":"1272","COMUNE_SEZ":"TORINO","PROVINCIA":"TO","ID_CENTRALE":"1497","NOME_CENTRALE":"TORINO STADIO","ISTAT_COMUNE_CENTR":"1272","COMUNE_CENTR":"TORINO","PROVINCIA_CENTR":"TO","INDIRIZZO_CENTRALE":"VIA ARDIGO' 13","LATITUDINE_SEZIONE":"45.04943","LONGITUDINE_SEZIONE":"7.66849","POS_X_SEZIONE":"395146.73082","POS_Y_SEZIONE":"4989304.09067","LATITUDINE_CENTRALE":"45.04505","LONGITUDINE_CENTRALE":"7.66239","POS_X_CENTRALE":"394658.84208","POS_Y_CENTRALE":"4988825.57004","TIPO_ADSL":"ADSL_2P","DESCRIZIONE_TIPO_ADSL":"ADSL 2+ (24 mega)","DISTANZA_CALCOLATA":"683.39","CLASSE_DISTANZA":"500-899","POTENZA_SEGNALE":"19523.33","POPOLAZIONE_SEZIONE": "60"}
			},
		 		{ "type" : "Feature",
				"geometry" : {
					"type" : "Point",
					"coordinates" : [7.65040,45.05380]},
			"properties" : { "ANNO":"2010","ID_SEZIONE":"29961","ISTAT_COMUNE_SEZ":"1272","COMUNE_SEZ":"TORINO","PROVINCIA":"TO","ID_CENTRALE":"1497","NOME_CENTRALE":"TORINO STADIO","ISTAT_COMUNE_CENTR":"1272","COMUNE_CENTR":"TORINO","PROVINCIA_CENTR":"TO","INDIRIZZO_CENTRALE":"VIA ARDIGO' 13","LATITUDINE_SEZIONE":"45.05380","LONGITUDINE_SEZIONE":"7.65040","POS_X_SEZIONE":"393730.76205","POS_Y_SEZIONE":"4989812.60139","LATITUDINE_CENTRALE":"45.04505","LONGITUDINE_CENTRALE":"7.66239","POS_X_CENTRALE":"394658.84208","POS_Y_CENTRALE":"4988825.57004","TIPO_ADSL":"ADSL_2P","DESCRIZIONE_TIPO_ADSL":"ADSL 2+ (24 mega)","DISTANZA_CALCOLATA":"1354.83","CLASSE_DISTANZA":"1300-1699","POTENZA_SEGNALE":"16071.67","POPOLAZIONE_SEZIONE": "643"}
			},
		 		{ "type" : "Feature",
				"geometry" : {
					"type" : "Point",
					"coordinates" : [7.65980,45.04262]},
			"properties" : { "ANNO":"2010","ID_SEZIONE":"30130","ISTAT_COMUNE_SEZ":"1272","COMUNE_SEZ":"TORINO","PROVINCIA":"TO","ID_CENTRALE":"1497","NOME_CENTRALE":"TORINO STADIO","ISTAT_COMUNE_CENTR":"1272","COMUNE_CENTR":"TORINO","PROVINCIA_CENTR":"TO","INDIRIZZO_CENTRALE":"VIA ARDIGO' 13","LATITUDINE_SEZIONE":"45.04262","LONGITUDINE_SEZIONE":"7.65980","POS_X_SEZIONE":"394450.01402","POS_Y_SEZIONE":"4988559.07793","LATITUDINE_CENTRALE":"45.04505","LONGITUDINE_CENTRALE":"7.66239","POS_X_CENTRALE":"394658.84208","POS_Y_CENTRALE":"4988825.57004","TIPO_ADSL":"ADSL_2P","DESCRIZIONE_TIPO_ADSL":"ADSL 2+ (24 mega)","DISTANZA_CALCOLATA":"338.57","CLASSE_DISTANZA":"100-499","POTENZA_SEGNALE":"19761.67","POPOLAZIONE_SEZIONE": "71"}
			},
		 		{ "type" : "Feature",
				"geometry" : {
					"type" : "Point",
					"coordinates" : [7.65666,45.04080]},
			"properties" : { "ANNO":"2010","ID_SEZIONE":"30404","ISTAT_COMUNE_SEZ":"1272","COMUNE_SEZ":"TORINO","PROVINCIA":"TO","ID_CENTRALE":"1497","NOME_CENTRALE":"TORINO STADIO","ISTAT_COMUNE_CENTR":"1272","COMUNE_CENTR":"TORINO","PROVINCIA_CENTR":"TO","INDIRIZZO_CENTRALE":"VIA ARDIGO' 13","LATITUDINE_SEZIONE":"45.04080","LONGITUDINE_SEZIONE":"7.65666","POS_X_SEZIONE":"394199.04647","POS_Y_SEZIONE":"4988360.57502","LATITUDINE_CENTRALE":"45.04505","LONGITUDINE_CENTRALE":"7.66239","POS_X_CENTRALE":"394658.84208","POS_Y_CENTRALE":"4988825.57004","TIPO_ADSL":"ADSL_2P","DESCRIZIONE_TIPO_ADSL":"ADSL 2+ (24 mega)","DISTANZA_CALCOLATA":"653.94","CLASSE_DISTANZA":"500-899","POTENZA_SEGNALE":"19523.33","POPOLAZIONE_SEZIONE": "459"}
			},
		 		{ "type" : "Feature",
				"geometry" : {
					"type" : "Point",
					"coordinates" : [7.66325,45.04399]},
			"properties" : { "ANNO":"2010","ID_SEZIONE":"31208","ISTAT_COMUNE_SEZ":"1272","COMUNE_SEZ":"TORINO","PROVINCIA":"TO","ID_CENTRALE":"1497","NOME_CENTRALE":"TORINO STADIO","ISTAT_COMUNE_CENTR":"1272","COMUNE_CENTR":"TORINO","PROVINCIA_CENTR":"TO","INDIRIZZO_CENTRALE":"VIA ARDIGO' 13","LATITUDINE_SEZIONE":"45.04399","LONGITUDINE_SEZIONE":"7.66325","POS_X_SEZIONE":"394724.10554","POS_Y_SEZIONE":"4988706.58052","LATITUDINE_CENTRALE":"45.04505","LONGITUDINE_CENTRALE":"7.66239","POS_X_CENTRALE":"394658.84208","POS_Y_CENTRALE":"4988825.57004","TIPO_ADSL":"ADSL_2P","DESCRIZIONE_TIPO_ADSL":"ADSL 2+ (24 mega)","DISTANZA_CALCOLATA":"135.71","CLASSE_DISTANZA":"100-499","POTENZA_SEGNALE":"19761.67","POPOLAZIONE_SEZIONE": "176"}
			},
		 		{ "type" : "Feature",
				"geometry" : {
					"type" : "Point",
					"coordinates" : [7.66360,45.04056]},
			"properties" : { "ANNO":"2010","ID_SEZIONE":"31210","ISTAT_COMUNE_SEZ":"1272","COMUNE_SEZ":"TORINO","PROVINCIA":"TO","ID_CENTRALE":"1497","NOME_CENTRALE":"TORINO STADIO","ISTAT_COMUNE_CENTR":"1272","COMUNE_CENTR":"TORINO","PROVINCIA_CENTR":"TO","INDIRIZZO_CENTRALE":"VIA ARDIGO' 13","LATITUDINE_SEZIONE":"45.04056","LONGITUDINE_SEZIONE":"7.66360","POS_X_SEZIONE":"394745.19431","POS_Y_SEZIONE":"4988325.07345","LATITUDINE_CENTRALE":"45.04505","LONGITUDINE_CENTRALE":"7.66239","POS_X_CENTRALE":"394658.84208","POS_Y_CENTRALE":"4988825.57004","TIPO_ADSL":"ADSL_2P","DESCRIZIONE_TIPO_ADSL":"ADSL 2+ (24 mega)","DISTANZA_CALCOLATA":"507.89","CLASSE_DISTANZA":"500-899","POTENZA_SEGNALE":"19523.33","POPOLAZIONE_SEZIONE": ""}
			},
		 		{ "type" : "Feature",
				"geometry" : {
					"type" : "Point",
					"coordinates" : [7.65647,45.03933]},
			"properties" : { "ANNO":"2010","ID_SEZIONE":"31618","ISTAT_COMUNE_SEZ":"1272","COMUNE_SEZ":"TORINO","PROVINCIA":"TO","ID_CENTRALE":"1497","NOME_CENTRALE":"TORINO STADIO","ISTAT_COMUNE_CENTR":"1272","COMUNE_CENTR":"TORINO","PROVINCIA_CENTR":"TO","INDIRIZZO_CENTRALE":"VIA ARDIGO' 13","LATITUDINE_SEZIONE":"45.03933","LONGITUDINE_SEZIONE":"7.65647","POS_X_SEZIONE":"394182.01376","POS_Y_SEZIONE":"4988197.07191","LATITUDINE_CENTRALE":"45.04505","LONGITUDINE_CENTRALE":"7.66239","POS_X_CENTRALE":"394658.84208","POS_Y_CENTRALE":"4988825.57004","TIPO_ADSL":"ADSL_2P","DESCRIZIONE_TIPO_ADSL":"ADSL 2+ (24 mega)","DISTANZA_CALCOLATA":"788.91","CLASSE_DISTANZA":"500-899","POTENZA_SEGNALE":"19523.33","POPOLAZIONE_SEZIONE": "361"}
			},
		 		{ "type" : "Feature",
				"geometry" : {
					"type" : "Point",
					"coordinates" : [7.66588,45.04789]},
			"properties" : { "ANNO":"2010","ID_SEZIONE":"32049","ISTAT_COMUNE_SEZ":"1272","COMUNE_SEZ":"TORINO","PROVINCIA":"TO","ID_CENTRALE":"1497","NOME_CENTRALE":"TORINO STADIO","ISTAT_COMUNE_CENTR":"1272","COMUNE_CENTR":"TORINO","PROVINCIA_CENTR":"TO","INDIRIZZO_CENTRALE":"VIA ARDIGO' 13","LATITUDINE_SEZIONE":"45.04789","LONGITUDINE_SEZIONE":"7.66588","POS_X_SEZIONE":"394938.63815","POS_Y_SEZIONE":"4989136.08811","LATITUDINE_CENTRALE":"45.04505","LONGITUDINE_CENTRALE":"7.66239","POS_X_CENTRALE":"394658.84208","POS_Y_CENTRALE":"4988825.57004","TIPO_ADSL":"ADSL_2P","DESCRIZIONE_TIPO_ADSL":"ADSL 2+ (24 mega)","DISTANZA_CALCOLATA":"417.98","CLASSE_DISTANZA":"100-499","POTENZA_SEGNALE":"19761.67","POPOLAZIONE_SEZIONE": "160"}
			},
		 		{ "type" : "Feature",
				"geometry" : {
					"type" : "Point",
					"coordinates" : [7.65897,45.03917]},
			"properties" : { "ANNO":"2010","ID_SEZIONE":"32224","ISTAT_COMUNE_SEZ":"1272","COMUNE_SEZ":"TORINO","PROVINCIA":"TO","ID_CENTRALE":"1497","NOME_CENTRALE":"TORINO STADIO","ISTAT_COMUNE_CENTR":"1272","COMUNE_CENTR":"TORINO","PROVINCIA_CENTR":"TO","INDIRIZZO_CENTRALE":"VIA ARDIGO' 13","LATITUDINE_SEZIONE":"45.03917","LONGITUDINE_SEZIONE":"7.65897","POS_X_SEZIONE":"394378.66631","POS_Y_SEZIONE":"4988176.57143","LATITUDINE_CENTRALE":"45.04505","LONGITUDINE_CENTRALE":"7.66239","POS_X_CENTRALE":"394658.84208","POS_Y_CENTRALE":"4988825.57004","TIPO_ADSL":"ADSL_2P","DESCRIZIONE_TIPO_ADSL":"ADSL 2+ (24 mega)","DISTANZA_CALCOLATA":"706.89","CLASSE_DISTANZA":"500-899","POTENZA_SEGNALE":"19523.33","POPOLAZIONE_SEZIONE": "454"}
			},
		 		{ "type" : "Feature",
				"geometry" : {
					"type" : "Point",
					"coordinates" : [7.65207,45.06695]},
			"properties" : { "ANNO":"2010","ID_SEZIONE":"32838","ISTAT_COMUNE_SEZ":"1272","COMUNE_SEZ":"TORINO","PROVINCIA":"TO","ID_CENTRALE":"1497","NOME_CENTRALE":"TORINO STADIO","ISTAT_COMUNE_CENTR":"1272","COMUNE_CENTR":"TORINO","PROVINCIA_CENTR":"TO","INDIRIZZO_CENTRALE":"VIA ARDIGO' 13","LATITUDINE_SEZIONE":"45.06695","LONGITUDINE_SEZIONE":"7.65207","POS_X_SEZIONE":"393886.55956","POS_Y_SEZIONE":"4991271.12760","LATITUDINE_CENTRALE":"45.04505","LONGITUDINE_CENTRALE":"7.66239","POS_X_CENTRALE":"394658.84208","POS_Y_CENTRALE":"4988825.57004","TIPO_ADSL":"ADSL_2P","DESCRIZIONE_TIPO_ADSL":"ADSL 2+ (24 mega)","DISTANZA_CALCOLATA":"2564.6","CLASSE_DISTANZA":"2500-2899","POTENZA_SEGNALE":"7380.83","POPOLAZIONE_SEZIONE": "277"}
			}
		 		]
	}
		