 	{ "type" : "FeatureCollection",
		"features" : [
		 		{ "type" : "Feature",
				"geometry" : {
					"type" : "Point",
					"coordinates" : [8.08651,44.85984]},
			"properties" : { "ANNO":"2010","ID_SEZIONE":"644","ISTAT_COMUNE_SEZ":"5097","COMUNE_SEZ":"SAN DAMIANO D'ASTI","PROVINCIA":"AT","ID_CENTRALE":"1264","NOME_CENTRALE":"SAN DAMIANO D'ASTI B","ISTAT_COMUNE_CENTR":"5097","COMUNE_CENTR":"SAN DAMIANO D'ASTI","PROVINCIA_CENTR":"AT","INDIRIZZO_CENTRALE":"V.TASSO","LATITUDINE_SEZIONE":"44.85984","LONGITUDINE_SEZIONE":"8.08651","POS_X_SEZIONE":"427827.56541","POS_Y_SEZIONE":"4967786.61941","LATITUDINE_CENTRALE":"44.83270","LONGITUDINE_CENTRALE":"8.06370","POS_X_CENTRALE":"425990.53573","POS_Y_CENTRALE":"4964791.68708","TIPO_ADSL":"ADSL_2P","DESCRIZIONE_TIPO_ADSL":"ADSL 2+ (24 mega)","DISTANZA_CALCOLATA":"3513.45","CLASSE_DISTANZA":"3300-3699","POTENZA_SEGNALE":"4047.5","POPOLAZIONE_SEZIONE": "50"}
			},
		 		{ "type" : "Feature",
				"geometry" : {
					"type" : "Point",
					"coordinates" : [8.04108,44.85689]},
			"properties" : { "ANNO":"2010","ID_SEZIONE":"646","ISTAT_COMUNE_SEZ":"5097","COMUNE_SEZ":"SAN DAMIANO D'ASTI","PROVINCIA":"AT","ID_CENTRALE":"1264","NOME_CENTRALE":"SAN DAMIANO D'ASTI B","ISTAT_COMUNE_CENTR":"5097","COMUNE_CENTR":"SAN DAMIANO D'ASTI","PROVINCIA_CENTR":"AT","INDIRIZZO_CENTRALE":"V.TASSO","LATITUDINE_SEZIONE":"44.85689","LONGITUDINE_SEZIONE":"8.04108","POS_X_SEZIONE":"424234.67555","POS_Y_SEZIONE":"4967499.59017","LATITUDINE_CENTRALE":"44.83270","LONGITUDINE_CENTRALE":"8.06370","POS_X_CENTRALE":"425990.53573","POS_Y_CENTRALE":"4964791.68708","TIPO_ADSL":"ADSL_2P","DESCRIZIONE_TIPO_ADSL":"ADSL 2+ (24 mega)","DISTANZA_CALCOLATA":"3227.35","CLASSE_DISTANZA":"2900-3299","POTENZA_SEGNALE":"5238.33","POPOLAZIONE_SEZIONE": "88"}
			},
		 		{ "type" : "Feature",
				"geometry" : {
					"type" : "Point",
					"coordinates" : [8.06179,44.82629]},
			"properties" : { "ANNO":"2010","ID_SEZIONE":"1102","ISTAT_COMUNE_SEZ":"5097","COMUNE_SEZ":"SAN DAMIANO D'ASTI","PROVINCIA":"AT","ID_CENTRALE":"1264","NOME_CENTRALE":"SAN DAMIANO D'ASTI B","ISTAT_COMUNE_CENTR":"5097","COMUNE_CENTR":"SAN DAMIANO D'ASTI","PROVINCIA_CENTR":"AT","INDIRIZZO_CENTRALE":"V.TASSO","LATITUDINE_SEZIONE":"44.82629","LONGITUDINE_SEZIONE":"8.06179","POS_X_SEZIONE":"425831.64144","POS_Y_SEZIONE":"4964082.03471","LATITUDINE_CENTRALE":"44.83270","LONGITUDINE_CENTRALE":"8.06370","POS_X_CENTRALE":"425990.53573","POS_Y_CENTRALE":"4964791.68708","TIPO_ADSL":"ADSL_2P","DESCRIZIONE_TIPO_ADSL":"ADSL 2+ (24 mega)","DISTANZA_CALCOLATA":"727.22","CLASSE_DISTANZA":"500-899","POTENZA_SEGNALE":"19523.33","POPOLAZIONE_SEZIONE": "735"}
			},
		 		{ "type" : "Feature",
				"geometry" : {
					"type" : "Point",
					"coordinates" : [8.02074,44.86183]},
			"properties" : { "ANNO":"2010","ID_SEZIONE":"1534","ISTAT_COMUNE_SEZ":"5097","COMUNE_SEZ":"SAN DAMIANO D'ASTI","PROVINCIA":"AT","ID_CENTRALE":"1264","NOME_CENTRALE":"SAN DAMIANO D'ASTI B","ISTAT_COMUNE_CENTR":"5097","COMUNE_CENTR":"SAN DAMIANO D'ASTI","PROVINCIA_CENTR":"AT","INDIRIZZO_CENTRALE":"V.TASSO","LATITUDINE_SEZIONE":"44.86183","LONGITUDINE_SEZIONE":"8.02074","POS_X_SEZIONE":"422633.90806","POS_Y_SEZIONE":"4968067.58812","LATITUDINE_CENTRALE":"44.83270","LONGITUDINE_CENTRALE":"8.06370","POS_X_CENTRALE":"425990.53573","POS_Y_CENTRALE":"4964791.68708","TIPO_ADSL":"ADSL_2P","DESCRIZIONE_TIPO_ADSL":"ADSL 2+ (24 mega)","DISTANZA_CALCOLATA":"4690.25","CLASSE_DISTANZA":"4500-4899","POTENZA_SEGNALE":"1428.33","POPOLAZIONE_SEZIONE": "1"}
			},
		 		{ "type" : "Feature",
				"geometry" : {
					"type" : "Point",
					"coordinates" : [8.08848,44.82171]},
			"properties" : { "ANNO":"2010","ID_SEZIONE":"1911","ISTAT_COMUNE_SEZ":"5097","COMUNE_SEZ":"SAN DAMIANO D'ASTI","PROVINCIA":"AT","ID_CENTRALE":"1264","NOME_CENTRALE":"SAN DAMIANO D'ASTI B","ISTAT_COMUNE_CENTR":"5097","COMUNE_CENTR":"SAN DAMIANO D'ASTI","PROVINCIA_CENTR":"AT","INDIRIZZO_CENTRALE":"V.TASSO","LATITUDINE_SEZIONE":"44.82171","LONGITUDINE_SEZIONE":"8.08848","POS_X_SEZIONE":"427935.53341","POS_Y_SEZIONE":"4963549.53474","LATITUDINE_CENTRALE":"44.83270","LONGITUDINE_CENTRALE":"8.06370","POS_X_CENTRALE":"425990.53573","POS_Y_CENTRALE":"4964791.68708","TIPO_ADSL":"ADSL_2P","DESCRIZIONE_TIPO_ADSL":"ADSL 2+ (24 mega)","DISTANZA_CALCOLATA":"2307.8","CLASSE_DISTANZA":"2100-2499","POTENZA_SEGNALE":"10000","POPOLAZIONE_SEZIONE": "55"}
			},
		 		{ "type" : "Feature",
				"geometry" : {
					"type" : "Point",
					"coordinates" : [8.01980,44.88176]},
			"properties" : { "ANNO":"2010","ID_SEZIONE":"2333","ISTAT_COMUNE_SEZ":"5097","COMUNE_SEZ":"SAN DAMIANO D'ASTI","PROVINCIA":"AT","ID_CENTRALE":"1264","NOME_CENTRALE":"SAN DAMIANO D'ASTI B","ISTAT_COMUNE_CENTR":"5097","COMUNE_CENTR":"SAN DAMIANO D'ASTI","PROVINCIA_CENTR":"AT","INDIRIZZO_CENTRALE":"V.TASSO","LATITUDINE_SEZIONE":"44.88176","LONGITUDINE_SEZIONE":"8.01980","POS_X_SEZIONE":"422586.60541","POS_Y_SEZIONE":"4970283.13142","LATITUDINE_CENTRALE":"44.83270","LONGITUDINE_CENTRALE":"8.06370","POS_X_CENTRALE":"425990.53573","POS_Y_CENTRALE":"4964791.68708","TIPO_ADSL":"ADSL_2P","DESCRIZIONE_TIPO_ADSL":"ADSL 2+ (24 mega)","DISTANZA_CALCOLATA":"6460.86","CLASSE_DISTANZA":"6100 e oltre","POTENZA_SEGNALE":"0.00","POPOLAZIONE_SEZIONE": "25"}
			},
		 		{ "type" : "Feature",
				"geometry" : {
					"type" : "Point",
					"coordinates" : [8.00608,44.83781]},
			"properties" : { "ANNO":"2010","ID_SEZIONE":"2769","ISTAT_COMUNE_SEZ":"5040","COMUNE_SEZ":"CISTERNA D'ASTI","PROVINCIA":"AT","ID_CENTRALE":"1264","NOME_CENTRALE":"SAN DAMIANO D'ASTI B","ISTAT_COMUNE_CENTR":"5097","COMUNE_CENTR":"SAN DAMIANO D'ASTI","PROVINCIA_CENTR":"AT","INDIRIZZO_CENTRALE":"V.TASSO","LATITUDINE_SEZIONE":"44.83781","LONGITUDINE_SEZIONE":"8.00608","POS_X_SEZIONE":"421443.19113","POS_Y_SEZIONE":"4965414.02575","LATITUDINE_CENTRALE":"44.83270","LONGITUDINE_CENTRALE":"8.06370","POS_X_CENTRALE":"425990.53573","POS_Y_CENTRALE":"4964791.68708","TIPO_ADSL":"ADSL_2P","DESCRIZIONE_TIPO_ADSL":"ADSL 2+ (24 mega)","DISTANZA_CALCOLATA":"4589.73","CLASSE_DISTANZA":"4500-4899","POTENZA_SEGNALE":"1428.33","POPOLAZIONE_SEZIONE": "3"}
			},
		 		{ "type" : "Feature",
				"geometry" : {
					"type" : "Point",
					"coordinates" : [8.06252,44.87628]},
			"properties" : { "ANNO":"2010","ID_SEZIONE":"3417","ISTAT_COMUNE_SEZ":"5097","COMUNE_SEZ":"SAN DAMIANO D'ASTI","PROVINCIA":"AT","ID_CENTRALE":"1264","NOME_CENTRALE":"SAN DAMIANO D'ASTI B","ISTAT_COMUNE_CENTR":"5097","COMUNE_CENTR":"SAN DAMIANO D'ASTI","PROVINCIA_CENTR":"AT","INDIRIZZO_CENTRALE":"V.TASSO","LATITUDINE_SEZIONE":"44.87628","LONGITUDINE_SEZIONE":"8.06252","POS_X_SEZIONE":"425953.21943","POS_Y_SEZIONE":"4969634.14838","LATITUDINE_CENTRALE":"44.83270","LONGITUDINE_CENTRALE":"8.06370","POS_X_CENTRALE":"425990.53573","POS_Y_CENTRALE":"4964791.68708","TIPO_ADSL":"ADSL_2P","DESCRIZIONE_TIPO_ADSL":"ADSL 2+ (24 mega)","DISTANZA_CALCOLATA":"4842.61","CLASSE_DISTANZA":"4500-4899","POTENZA_SEGNALE":"1428.33","POPOLAZIONE_SEZIONE": "142"}
			},
		 		{ "type" : "Feature",
				"geometry" : {
					"type" : "Point",
					"coordinates" : [8.03675,44.81467]},
			"properties" : { "ANNO":"2010","ID_SEZIONE":"3448","ISTAT_COMUNE_SEZ":"5097","COMUNE_SEZ":"SAN DAMIANO D'ASTI","PROVINCIA":"AT","ID_CENTRALE":"1264","NOME_CENTRALE":"SAN DAMIANO D'ASTI B","ISTAT_COMUNE_CENTR":"5097","COMUNE_CENTR":"SAN DAMIANO D'ASTI","PROVINCIA_CENTR":"AT","INDIRIZZO_CENTRALE":"V.TASSO","LATITUDINE_SEZIONE":"44.81467","LONGITUDINE_SEZIONE":"8.03675","POS_X_SEZIONE":"423836.90992","POS_Y_SEZIONE":"4962813.99554","LATITUDINE_CENTRALE":"44.83270","LONGITUDINE_CENTRALE":"8.06370","POS_X_CENTRALE":"425990.53573","POS_Y_CENTRALE":"4964791.68708","TIPO_ADSL":"ADSL_2P","DESCRIZIONE_TIPO_ADSL":"ADSL 2+ (24 mega)","DISTANZA_CALCOLATA":"2923.93","CLASSE_DISTANZA":"2900-3299","POTENZA_SEGNALE":"5238.33","POPOLAZIONE_SEZIONE": "44"}
			},
		 		{ "type" : "Feature",
				"geometry" : {
					"type" : "Point",
					"coordinates" : [8.04840,44.82443]},
			"properties" : { "ANNO":"2010","ID_SEZIONE":"4612","ISTAT_COMUNE_SEZ":"5097","COMUNE_SEZ":"SAN DAMIANO D'ASTI","PROVINCIA":"AT","ID_CENTRALE":"1264","NOME_CENTRALE":"SAN DAMIANO D'ASTI B","ISTAT_COMUNE_CENTR":"5097","COMUNE_CENTR":"SAN DAMIANO D'ASTI","PROVINCIA_CENTR":"AT","INDIRIZZO_CENTRALE":"V.TASSO","LATITUDINE_SEZIONE":"44.82443","LONGITUDINE_SEZIONE":"8.04840","POS_X_SEZIONE":"424770.80150","POS_Y_SEZIONE":"4963887.02261","LATITUDINE_CENTRALE":"44.83270","LONGITUDINE_CENTRALE":"8.06370","POS_X_CENTRALE":"425990.53573","POS_Y_CENTRALE":"4964791.68708","TIPO_ADSL":"ADSL_2P","DESCRIZIONE_TIPO_ADSL":"ADSL 2+ (24 mega)","DISTANZA_CALCOLATA":"1518.61","CLASSE_DISTANZA":"1300-1699","POTENZA_SEGNALE":"16071.67","POPOLAZIONE_SEZIONE": "41"}
			},
		 		{ "type" : "Feature",
				"geometry" : {
					"type" : "Point",
					"coordinates" : [8.01451,44.83855]},
			"properties" : { "ANNO":"2010","ID_SEZIONE":"5006","ISTAT_COMUNE_SEZ":"5040","COMUNE_SEZ":"CISTERNA D'ASTI","PROVINCIA":"AT","ID_CENTRALE":"1264","NOME_CENTRALE":"SAN DAMIANO D'ASTI B","ISTAT_COMUNE_CENTR":"5097","COMUNE_CENTR":"SAN DAMIANO D'ASTI","PROVINCIA_CENTR":"AT","INDIRIZZO_CENTRALE":"V.TASSO","LATITUDINE_SEZIONE":"44.83855","LONGITUDINE_SEZIONE":"8.01451","POS_X_SEZIONE":"422110.73315","POS_Y_SEZIONE":"4965487.53256","LATITUDINE_CENTRALE":"44.83270","LONGITUDINE_CENTRALE":"8.06370","POS_X_CENTRALE":"425990.53573","POS_Y_CENTRALE":"4964791.68708","TIPO_ADSL":"ADSL_2P","DESCRIZIONE_TIPO_ADSL":"ADSL 2+ (24 mega)","DISTANZA_CALCOLATA":"3941.71","CLASSE_DISTANZA":"3700-4099","POTENZA_SEGNALE":"2857.5","POPOLAZIONE_SEZIONE": "16"}
			},
		 		{ "type" : "Feature",
				"geometry" : {
					"type" : "Point",
					"coordinates" : [8.07515,44.85166]},
			"properties" : { "ANNO":"2010","ID_SEZIONE":"5229","ISTAT_COMUNE_SEZ":"5097","COMUNE_SEZ":"SAN DAMIANO D'ASTI","PROVINCIA":"AT","ID_CENTRALE":"1264","NOME_CENTRALE":"SAN DAMIANO D'ASTI B","ISTAT_COMUNE_CENTR":"5097","COMUNE_CENTR":"SAN DAMIANO D'ASTI","PROVINCIA_CENTR":"AT","INDIRIZZO_CENTRALE":"V.TASSO","LATITUDINE_SEZIONE":"44.85166","LONGITUDINE_SEZIONE":"8.07515","POS_X_SEZIONE":"426919.72285","POS_Y_SEZIONE":"4966888.10037","LATITUDINE_CENTRALE":"44.83270","LONGITUDINE_CENTRALE":"8.06370","POS_X_CENTRALE":"425990.53573","POS_Y_CENTRALE":"4964791.68708","TIPO_ADSL":"ADSL_2P","DESCRIZIONE_TIPO_ADSL":"ADSL 2+ (24 mega)","DISTANZA_CALCOLATA":"2293.11","CLASSE_DISTANZA":"2100-2499","POTENZA_SEGNALE":"10000","POPOLAZIONE_SEZIONE": "21"}
			},
		 		{ "type" : "Feature",
				"geometry" : {
					"type" : "Point",
					"coordinates" : [8.08217,44.82892]},
			"properties" : { "ANNO":"2010","ID_SEZIONE":"5434","ISTAT_COMUNE_SEZ":"5097","COMUNE_SEZ":"SAN DAMIANO D'ASTI","PROVINCIA":"AT","ID_CENTRALE":"1264","NOME_CENTRALE":"SAN DAMIANO D'ASTI B","ISTAT_COMUNE_CENTR":"5097","COMUNE_CENTR":"SAN DAMIANO D'ASTI","PROVINCIA_CENTR":"AT","INDIRIZZO_CENTRALE":"V.TASSO","LATITUDINE_SEZIONE":"44.82892","LONGITUDINE_SEZIONE":"8.08217","POS_X_SEZIONE":"427445.65284","POS_Y_SEZIONE":"4964355.04949","LATITUDINE_CENTRALE":"44.83270","LONGITUDINE_CENTRALE":"8.06370","POS_X_CENTRALE":"425990.53573","POS_Y_CENTRALE":"4964791.68708","TIPO_ADSL":"ADSL_2P","DESCRIZIONE_TIPO_ADSL":"ADSL 2+ (24 mega)","DISTANZA_CALCOLATA":"1519.22","CLASSE_DISTANZA":"1300-1699","POTENZA_SEGNALE":"16071.67","POPOLAZIONE_SEZIONE": "49"}
			},
		 		{ "type" : "Feature",
				"geometry" : {
					"type" : "Point",
					"coordinates" : [8.06004,44.83409]},
			"properties" : { "ANNO":"2010","ID_SEZIONE":"5642","ISTAT_COMUNE_SEZ":"5097","COMUNE_SEZ":"SAN DAMIANO D'ASTI","PROVINCIA":"AT","ID_CENTRALE":"1264","NOME_CENTRALE":"SAN DAMIANO D'ASTI B","ISTAT_COMUNE_CENTR":"5097","COMUNE_CENTR":"SAN DAMIANO D'ASTI","PROVINCIA_CENTR":"AT","INDIRIZZO_CENTRALE":"V.TASSO","LATITUDINE_SEZIONE":"44.83409","LONGITUDINE_SEZIONE":"8.06004","POS_X_SEZIONE":"425703.00400","POS_Y_SEZIONE":"4964949.55061","LATITUDINE_CENTRALE":"44.83270","LONGITUDINE_CENTRALE":"8.06370","POS_X_CENTRALE":"425990.53573","POS_Y_CENTRALE":"4964791.68708","TIPO_ADSL":"ADSL_2P","DESCRIZIONE_TIPO_ADSL":"ADSL 2+ (24 mega)","DISTANZA_CALCOLATA":"328.02","CLASSE_DISTANZA":"100-499","POTENZA_SEGNALE":"19761.67","POPOLAZIONE_SEZIONE": "705"}
			},
		 		{ "type" : "Feature",
				"geometry" : {
					"type" : "Point",
					"coordinates" : [8.03952,44.86438]},
			"properties" : { "ANNO":"2010","ID_SEZIONE":"5765","ISTAT_COMUNE_SEZ":"5097","COMUNE_SEZ":"SAN DAMIANO D'ASTI","PROVINCIA":"AT","ID_CENTRALE":"1264","NOME_CENTRALE":"SAN DAMIANO D'ASTI B","ISTAT_COMUNE_CENTR":"5097","COMUNE_CENTR":"SAN DAMIANO D'ASTI","PROVINCIA_CENTR":"AT","INDIRIZZO_CENTRALE":"V.TASSO","LATITUDINE_SEZIONE":"44.86438","LONGITUDINE_SEZIONE":"8.03952","POS_X_SEZIONE":"424121.16976","POS_Y_SEZIONE":"4968333.10620","LATITUDINE_CENTRALE":"44.83270","LONGITUDINE_CENTRALE":"8.06370","POS_X_CENTRALE":"425990.53573","POS_Y_CENTRALE":"4964791.68708","TIPO_ADSL":"ADSL_2P","DESCRIZIONE_TIPO_ADSL":"ADSL 2+ (24 mega)","DISTANZA_CALCOLATA":"4004.52","CLASSE_DISTANZA":"3700-4099","POTENZA_SEGNALE":"2857.5","POPOLAZIONE_SEZIONE": "241"}
			},
		 		{ "type" : "Feature",
				"geometry" : {
					"type" : "Point",
					"coordinates" : [8.03537,44.84646]},
			"properties" : { "ANNO":"2010","ID_SEZIONE":"6650","ISTAT_COMUNE_SEZ":"5097","COMUNE_SEZ":"SAN DAMIANO D'ASTI","PROVINCIA":"AT","ID_CENTRALE":"1264","NOME_CENTRALE":"SAN DAMIANO D'ASTI B","ISTAT_COMUNE_CENTR":"5097","COMUNE_CENTR":"SAN DAMIANO D'ASTI","PROVINCIA_CENTR":"AT","INDIRIZZO_CENTRALE":"V.TASSO","LATITUDINE_SEZIONE":"44.84646","LONGITUDINE_SEZIONE":"8.03537","POS_X_SEZIONE":"423769.51536","POS_Y_SEZIONE":"4966347.06332","LATITUDINE_CENTRALE":"44.83270","LONGITUDINE_CENTRALE":"8.06370","POS_X_CENTRALE":"425990.53573","POS_Y_CENTRALE":"4964791.68708","TIPO_ADSL":"ADSL_2P","DESCRIZIONE_TIPO_ADSL":"ADSL 2+ (24 mega)","DISTANZA_CALCOLATA":"2711.48","CLASSE_DISTANZA":"2500-2899","POTENZA_SEGNALE":"7380.83","POPOLAZIONE_SEZIONE": "29"}
			},
		 		{ "type" : "Feature",
				"geometry" : {
					"type" : "Point",
					"coordinates" : [8.05496,44.86658]},
			"properties" : { "ANNO":"2010","ID_SEZIONE":"7065","ISTAT_COMUNE_SEZ":"5097","COMUNE_SEZ":"SAN DAMIANO D'ASTI","PROVINCIA":"AT","ID_CENTRALE":"1264","NOME_CENTRALE":"SAN DAMIANO D'ASTI B","ISTAT_COMUNE_CENTR":"5097","COMUNE_CENTR":"SAN DAMIANO D'ASTI","PROVINCIA_CENTR":"AT","INDIRIZZO_CENTRALE":"V.TASSO","LATITUDINE_SEZIONE":"44.86658","LONGITUDINE_SEZIONE":"8.05496","POS_X_SEZIONE":"425344.06435","POS_Y_SEZIONE":"4968564.12111","LATITUDINE_CENTRALE":"44.83270","LONGITUDINE_CENTRALE":"8.06370","POS_X_CENTRALE":"425990.53573","POS_Y_CENTRALE":"4964791.68708","TIPO_ADSL":"ADSL_2P","DESCRIZIONE_TIPO_ADSL":"ADSL 2+ (24 mega)","DISTANZA_CALCOLATA":"3827.43","CLASSE_DISTANZA":"3700-4099","POTENZA_SEGNALE":"2857.5","POPOLAZIONE_SEZIONE": "224"}
			},
		 		{ "type" : "Feature",
				"geometry" : {
					"type" : "Point",
					"coordinates" : [8.02728,44.82953]},
			"properties" : { "ANNO":"2010","ID_SEZIONE":"7068","ISTAT_COMUNE_SEZ":"5097","COMUNE_SEZ":"SAN DAMIANO D'ASTI","PROVINCIA":"AT","ID_CENTRALE":"1264","NOME_CENTRALE":"SAN DAMIANO D'ASTI B","ISTAT_COMUNE_CENTR":"5097","COMUNE_CENTR":"SAN DAMIANO D'ASTI","PROVINCIA_CENTR":"AT","INDIRIZZO_CENTRALE":"V.TASSO","LATITUDINE_SEZIONE":"44.82953","LONGITUDINE_SEZIONE":"8.02728","POS_X_SEZIONE":"423107.96630","POS_Y_SEZIONE":"4964473.52117","LATITUDINE_CENTRALE":"44.83270","LONGITUDINE_CENTRALE":"8.06370","POS_X_CENTRALE":"425990.53573","POS_Y_CENTRALE":"4964791.68708","TIPO_ADSL":"ADSL_2P","DESCRIZIONE_TIPO_ADSL":"ADSL 2+ (24 mega)","DISTANZA_CALCOLATA":"2900.08","CLASSE_DISTANZA":"2900-3299","POTENZA_SEGNALE":"5238.33","POPOLAZIONE_SEZIONE": "15"}
			},
		 		{ "type" : "Feature",
				"geometry" : {
					"type" : "Point",
					"coordinates" : [8.06775,44.81371]},
			"properties" : { "ANNO":"2010","ID_SEZIONE":"8515","ISTAT_COMUNE_SEZ":"5097","COMUNE_SEZ":"SAN DAMIANO D'ASTI","PROVINCIA":"AT","ID_CENTRALE":"1264","NOME_CENTRALE":"SAN DAMIANO D'ASTI B","ISTAT_COMUNE_CENTR":"5097","COMUNE_CENTR":"SAN DAMIANO D'ASTI","PROVINCIA_CENTR":"AT","INDIRIZZO_CENTRALE":"V.TASSO","LATITUDINE_SEZIONE":"44.81371","LONGITUDINE_SEZIONE":"8.06775","POS_X_SEZIONE":"426286.49763","POS_Y_SEZIONE":"4962678.51061","LATITUDINE_CENTRALE":"44.83270","LONGITUDINE_CENTRALE":"8.06370","POS_X_CENTRALE":"425990.53573","POS_Y_CENTRALE":"4964791.68708","TIPO_ADSL":"ADSL_2P","DESCRIZIONE_TIPO_ADSL":"ADSL 2+ (24 mega)","DISTANZA_CALCOLATA":"2133.8","CLASSE_DISTANZA":"2100-2499","POTENZA_SEGNALE":"10000","POPOLAZIONE_SEZIONE": "57"}
			},
		 		{ "type" : "Feature",
				"geometry" : {
					"type" : "Point",
					"coordinates" : [8.02535,44.84232]},
			"properties" : { "ANNO":"2010","ID_SEZIONE":"8749","ISTAT_COMUNE_SEZ":"5097","COMUNE_SEZ":"SAN DAMIANO D'ASTI","PROVINCIA":"AT","ID_CENTRALE":"1264","NOME_CENTRALE":"SAN DAMIANO D'ASTI B","ISTAT_COMUNE_CENTR":"5097","COMUNE_CENTR":"SAN DAMIANO D'ASTI","PROVINCIA_CENTR":"AT","INDIRIZZO_CENTRALE":"V.TASSO","LATITUDINE_SEZIONE":"44.84232","LONGITUDINE_SEZIONE":"8.02535","POS_X_SEZIONE":"422972.32726","POS_Y_SEZIONE":"4965896.04764","LATITUDINE_CENTRALE":"44.83270","LONGITUDINE_CENTRALE":"8.06370","POS_X_CENTRALE":"425990.53573","POS_Y_CENTRALE":"4964791.68708","TIPO_ADSL":"ADSL_2P","DESCRIZIONE_TIPO_ADSL":"ADSL 2+ (24 mega)","DISTANZA_CALCOLATA":"3213.91","CLASSE_DISTANZA":"2900-3299","POTENZA_SEGNALE":"5238.33","POPOLAZIONE_SEZIONE": "82"}
			},
		 		{ "type" : "Feature",
				"geometry" : {
					"type" : "Point",
					"coordinates" : [8.01710,44.84349]},
			"properties" : { "ANNO":"2010","ID_SEZIONE":"8989","ISTAT_COMUNE_SEZ":"5097","COMUNE_SEZ":"SAN DAMIANO D'ASTI","PROVINCIA":"AT","ID_CENTRALE":"1264","NOME_CENTRALE":"SAN DAMIANO D'ASTI B","ISTAT_COMUNE_CENTR":"5097","COMUNE_CENTR":"SAN DAMIANO D'ASTI","PROVINCIA_CENTR":"AT","INDIRIZZO_CENTRALE":"V.TASSO","LATITUDINE_SEZIONE":"44.84349","LONGITUDINE_SEZIONE":"8.01710","POS_X_SEZIONE":"422321.75190","POS_Y_SEZIONE":"4966034.04546","LATITUDINE_CENTRALE":"44.83270","LONGITUDINE_CENTRALE":"8.06370","POS_X_CENTRALE":"425990.53573","POS_Y_CENTRALE":"4964791.68708","TIPO_ADSL":"ADSL_2P","DESCRIZIONE_TIPO_ADSL":"ADSL 2+ (24 mega)","DISTANZA_CALCOLATA":"3873.43","CLASSE_DISTANZA":"3700-4099","POTENZA_SEGNALE":"2857.5","POPOLAZIONE_SEZIONE": "44"}
			},
		 		{ "type" : "Feature",
				"geometry" : {
					"type" : "Point",
					"coordinates" : [8.01553,44.82758]},
			"properties" : { "ANNO":"2010","ID_SEZIONE":"9173","ISTAT_COMUNE_SEZ":"5040","COMUNE_SEZ":"CISTERNA D'ASTI","PROVINCIA":"AT","ID_CENTRALE":"1264","NOME_CENTRALE":"SAN DAMIANO D'ASTI B","ISTAT_COMUNE_CENTR":"5097","COMUNE_CENTR":"SAN DAMIANO D'ASTI","PROVINCIA_CENTR":"AT","INDIRIZZO_CENTRALE":"V.TASSO","LATITUDINE_SEZIONE":"44.82758","LONGITUDINE_SEZIONE":"8.01553","POS_X_SEZIONE":"422176.52873","POS_Y_SEZIONE":"4964268.01000","LATITUDINE_CENTRALE":"44.83270","LONGITUDINE_CENTRALE":"8.06370","POS_X_CENTRALE":"425990.53573","POS_Y_CENTRALE":"4964791.68708","TIPO_ADSL":"ADSL_2P","DESCRIZIONE_TIPO_ADSL":"ADSL 2+ (24 mega)","DISTANZA_CALCOLATA":"3849.79","CLASSE_DISTANZA":"3700-4099","POTENZA_SEGNALE":"2857.5","POPOLAZIONE_SEZIONE": "19"}
			},
		 		{ "type" : "Feature",
				"geometry" : {
					"type" : "Point",
					"coordinates" : [8.06610,44.83772]},
			"properties" : { "ANNO":"2010","ID_SEZIONE":"9835","ISTAT_COMUNE_SEZ":"5097","COMUNE_SEZ":"SAN DAMIANO D'ASTI","PROVINCIA":"AT","ID_CENTRALE":"1264","NOME_CENTRALE":"SAN DAMIANO D'ASTI B","ISTAT_COMUNE_CENTR":"5097","COMUNE_CENTR":"SAN DAMIANO D'ASTI","PROVINCIA_CENTR":"AT","INDIRIZZO_CENTRALE":"V.TASSO","LATITUDINE_SEZIONE":"44.83772","LONGITUDINE_SEZIONE":"8.06610","POS_X_SEZIONE":"426186.89008","POS_Y_SEZIONE":"4965347.56252","LATITUDINE_CENTRALE":"44.83270","LONGITUDINE_CENTRALE":"8.06370","POS_X_CENTRALE":"425990.53573","POS_Y_CENTRALE":"4964791.68708","TIPO_ADSL":"ADSL_2P","DESCRIZIONE_TIPO_ADSL":"ADSL 2+ (24 mega)","DISTANZA_CALCOLATA":"589.54","CLASSE_DISTANZA":"500-899","POTENZA_SEGNALE":"19523.33","POPOLAZIONE_SEZIONE": "639"}
			},
		 		{ "type" : "Feature",
				"geometry" : {
					"type" : "Point",
					"coordinates" : [8.06359,44.85825]},
			"properties" : { "ANNO":"2010","ID_SEZIONE":"9954","ISTAT_COMUNE_SEZ":"5097","COMUNE_SEZ":"SAN DAMIANO D'ASTI","PROVINCIA":"AT","ID_CENTRALE":"1264","NOME_CENTRALE":"SAN DAMIANO D'ASTI B","ISTAT_COMUNE_CENTR":"5097","COMUNE_CENTR":"SAN DAMIANO D'ASTI","PROVINCIA_CENTR":"AT","INDIRIZZO_CENTRALE":"V.TASSO","LATITUDINE_SEZIONE":"44.85825","LONGITUDINE_SEZIONE":"8.06359","POS_X_SEZIONE":"426015.14787","POS_Y_SEZIONE":"4967630.60789","LATITUDINE_CENTRALE":"44.83270","LONGITUDINE_CENTRALE":"8.06370","POS_X_CENTRALE":"425990.53573","POS_Y_CENTRALE":"4964791.68708","TIPO_ADSL":"ADSL_2P","DESCRIZIONE_TIPO_ADSL":"ADSL 2+ (24 mega)","DISTANZA_CALCOLATA":"2839.03","CLASSE_DISTANZA":"2500-2899","POTENZA_SEGNALE":"7380.83","POPOLAZIONE_SEZIONE": "125"}
			},
		 		{ "type" : "Feature",
				"geometry" : {
					"type" : "Point",
					"coordinates" : [8.01672,44.87806]},
			"properties" : { "ANNO":"2010","ID_SEZIONE":"10820","ISTAT_COMUNE_SEZ":"5097","COMUNE_SEZ":"SAN DAMIANO D'ASTI","PROVINCIA":"AT","ID_CENTRALE":"1264","NOME_CENTRALE":"SAN DAMIANO D'ASTI B","ISTAT_COMUNE_CENTR":"5097","COMUNE_CENTR":"SAN DAMIANO D'ASTI","PROVINCIA_CENTR":"AT","INDIRIZZO_CENTRALE":"V.TASSO","LATITUDINE_SEZIONE":"44.87806","LONGITUDINE_SEZIONE":"8.01672","POS_X_SEZIONE":"422338.24291","POS_Y_SEZIONE":"4969874.62095","LATITUDINE_CENTRALE":"44.83270","LONGITUDINE_CENTRALE":"8.06370","POS_X_CENTRALE":"425990.53573","POS_Y_CENTRALE":"4964791.68708","TIPO_ADSL":"ADSL_2P","DESCRIZIONE_TIPO_ADSL":"ADSL 2+ (24 mega)","DISTANZA_CALCOLATA":"6259.03","CLASSE_DISTANZA":"6100 e oltre","POTENZA_SEGNALE":"0.00","POPOLAZIONE_SEZIONE": "27"}
			},
		 		{ "type" : "Feature",
				"geometry" : {
					"type" : "Point",
					"coordinates" : [8.07789,44.83433]},
			"properties" : { "ANNO":"2010","ID_SEZIONE":"13339","ISTAT_COMUNE_SEZ":"5097","COMUNE_SEZ":"SAN DAMIANO D'ASTI","PROVINCIA":"AT","ID_CENTRALE":"1264","NOME_CENTRALE":"SAN DAMIANO D'ASTI B","ISTAT_COMUNE_CENTR":"5097","COMUNE_CENTR":"SAN DAMIANO D'ASTI","PROVINCIA_CENTR":"AT","INDIRIZZO_CENTRALE":"V.TASSO","LATITUDINE_SEZIONE":"44.83433","LONGITUDINE_SEZIONE":"8.07789","POS_X_SEZIONE":"427114.71139","POS_Y_SEZIONE":"4964960.06146","LATITUDINE_CENTRALE":"44.83270","LONGITUDINE_CENTRALE":"8.06370","POS_X_CENTRALE":"425990.53573","POS_Y_CENTRALE":"4964791.68708","TIPO_ADSL":"ADSL_2P","DESCRIZIONE_TIPO_ADSL":"ADSL 2+ (24 mega)","DISTANZA_CALCOLATA":"1136.71","CLASSE_DISTANZA":"900-1299","POTENZA_SEGNALE":"17737.5","POPOLAZIONE_SEZIONE": "87"}
			},
		 		{ "type" : "Feature",
				"geometry" : {
					"type" : "Point",
					"coordinates" : [8.04966,44.84072]},
			"properties" : { "ANNO":"2010","ID_SEZIONE":"13991","ISTAT_COMUNE_SEZ":"5097","COMUNE_SEZ":"SAN DAMIANO D'ASTI","PROVINCIA":"AT","ID_CENTRALE":"1264","NOME_CENTRALE":"SAN DAMIANO D'ASTI B","ISTAT_COMUNE_CENTR":"5097","COMUNE_CENTR":"SAN DAMIANO D'ASTI","PROVINCIA_CENTR":"AT","INDIRIZZO_CENTRALE":"V.TASSO","LATITUDINE_SEZIONE":"44.84072","LONGITUDINE_SEZIONE":"8.04966","POS_X_SEZIONE":"424891.67600","POS_Y_SEZIONE":"4965695.55919","LATITUDINE_CENTRALE":"44.83270","LONGITUDINE_CENTRALE":"8.06370","POS_X_CENTRALE":"425990.53573","POS_Y_CENTRALE":"4964791.68708","TIPO_ADSL":"ADSL_2P","DESCRIZIONE_TIPO_ADSL":"ADSL 2+ (24 mega)","DISTANZA_CALCOLATA":"1422.84","CLASSE_DISTANZA":"1300-1699","POTENZA_SEGNALE":"16071.67","POPOLAZIONE_SEZIONE": "32"}
			},
		 		{ "type" : "Feature",
				"geometry" : {
					"type" : "Point",
					"coordinates" : [8.05047,44.87998]},
			"properties" : { "ANNO":"2010","ID_SEZIONE":"14975","ISTAT_COMUNE_SEZ":"5097","COMUNE_SEZ":"SAN DAMIANO D'ASTI","PROVINCIA":"AT","ID_CENTRALE":"1264","NOME_CENTRALE":"SAN DAMIANO D'ASTI B","ISTAT_COMUNE_CENTR":"5097","COMUNE_CENTR":"SAN DAMIANO D'ASTI","PROVINCIA_CENTR":"AT","INDIRIZZO_CENTRALE":"V.TASSO","LATITUDINE_SEZIONE":"44.87998","LONGITUDINE_SEZIONE":"8.05047","POS_X_SEZIONE":"425006.37066","POS_Y_SEZIONE":"4970056.64873","LATITUDINE_CENTRALE":"44.83270","LONGITUDINE_CENTRALE":"8.06370","POS_X_CENTRALE":"425990.53573","POS_Y_CENTRALE":"4964791.68708","TIPO_ADSL":"ADSL_2P","DESCRIZIONE_TIPO_ADSL":"ADSL 2+ (24 mega)","DISTANZA_CALCOLATA":"5356.16","CLASSE_DISTANZA":"5300-5699","POTENZA_SEGNALE":"475.83","POPOLAZIONE_SEZIONE": "5"}
			},
		 		{ "type" : "Feature",
				"geometry" : {
					"type" : "Point",
					"coordinates" : [8.05988,44.81699]},
			"properties" : { "ANNO":"2010","ID_SEZIONE":"15237","ISTAT_COMUNE_SEZ":"5097","COMUNE_SEZ":"SAN DAMIANO D'ASTI","PROVINCIA":"AT","ID_CENTRALE":"1264","NOME_CENTRALE":"SAN DAMIANO D'ASTI B","ISTAT_COMUNE_CENTR":"5097","COMUNE_CENTR":"SAN DAMIANO D'ASTI","PROVINCIA_CENTR":"AT","INDIRIZZO_CENTRALE":"V.TASSO","LATITUDINE_SEZIONE":"44.81699","LONGITUDINE_SEZIONE":"8.05988","POS_X_SEZIONE":"425668.85258","POS_Y_SEZIONE":"4963050.51343","LATITUDINE_CENTRALE":"44.83270","LONGITUDINE_CENTRALE":"8.06370","POS_X_CENTRALE":"425990.53573","POS_Y_CENTRALE":"4964791.68708","TIPO_ADSL":"ADSL_2P","DESCRIZIONE_TIPO_ADSL":"ADSL 2+ (24 mega)","DISTANZA_CALCOLATA":"1770.64","CLASSE_DISTANZA":"1700-2099","POTENZA_SEGNALE":"12975.83","POPOLAZIONE_SEZIONE": "49"}
			},
		 		{ "type" : "Feature",
				"geometry" : {
					"type" : "Point",
					"coordinates" : [8.06286,44.84690]},
			"properties" : { "ANNO":"2010","ID_SEZIONE":"16064","ISTAT_COMUNE_SEZ":"5097","COMUNE_SEZ":"SAN DAMIANO D'ASTI","PROVINCIA":"AT","ID_CENTRALE":"1264","NOME_CENTRALE":"SAN DAMIANO D'ASTI B","ISTAT_COMUNE_CENTR":"5097","COMUNE_CENTR":"SAN DAMIANO D'ASTI","PROVINCIA_CENTR":"AT","INDIRIZZO_CENTRALE":"V.TASSO","LATITUDINE_SEZIONE":"44.84690","LONGITUDINE_SEZIONE":"8.06286","POS_X_SEZIONE":"425942.32202","POS_Y_SEZIONE":"4966370.08181","LATITUDINE_CENTRALE":"44.83270","LONGITUDINE_CENTRALE":"8.06370","POS_X_CENTRALE":"425990.53573","POS_Y_CENTRALE":"4964791.68708","TIPO_ADSL":"ADSL_2P","DESCRIZIONE_TIPO_ADSL":"ADSL 2+ (24 mega)","DISTANZA_CALCOLATA":"1579.13","CLASSE_DISTANZA":"1300-1699","POTENZA_SEGNALE":"16071.67","POPOLAZIONE_SEZIONE": "175"}
			},
		 		{ "type" : "Feature",
				"geometry" : {
					"type" : "Point",
					"coordinates" : [8.05573,44.85642]},
			"properties" : { "ANNO":"2010","ID_SEZIONE":"16167","ISTAT_COMUNE_SEZ":"5097","COMUNE_SEZ":"SAN DAMIANO D'ASTI","PROVINCIA":"AT","ID_CENTRALE":"1264","NOME_CENTRALE":"SAN DAMIANO D'ASTI B","ISTAT_COMUNE_CENTR":"5097","COMUNE_CENTR":"SAN DAMIANO D'ASTI","PROVINCIA_CENTR":"AT","INDIRIZZO_CENTRALE":"V.TASSO","LATITUDINE_SEZIONE":"44.85642","LONGITUDINE_SEZIONE":"8.05573","POS_X_SEZIONE":"425391.04547","POS_Y_SEZIONE":"4967434.59893","LATITUDINE_CENTRALE":"44.83270","LONGITUDINE_CENTRALE":"8.06370","POS_X_CENTRALE":"425990.53573","POS_Y_CENTRALE":"4964791.68708","TIPO_ADSL":"ADSL_2P","DESCRIZIONE_TIPO_ADSL":"ADSL 2+ (24 mega)","DISTANZA_CALCOLATA":"2710.05","CLASSE_DISTANZA":"2500-2899","POTENZA_SEGNALE":"7380.83","POPOLAZIONE_SEZIONE": "41"}
			},
		 		{ "type" : "Feature",
				"geometry" : {
					"type" : "Point",
					"coordinates" : [8.06604,44.83473]},
			"properties" : { "ANNO":"2010","ID_SEZIONE":"17227","ISTAT_COMUNE_SEZ":"5097","COMUNE_SEZ":"SAN DAMIANO D'ASTI","PROVINCIA":"AT","ID_CENTRALE":"1264","NOME_CENTRALE":"SAN DAMIANO D'ASTI B","ISTAT_COMUNE_CENTR":"5097","COMUNE_CENTR":"SAN DAMIANO D'ASTI","PROVINCIA_CENTR":"AT","INDIRIZZO_CENTRALE":"V.TASSO","LATITUDINE_SEZIONE":"44.83473","LONGITUDINE_SEZIONE":"8.06604","POS_X_SEZIONE":"426177.98845","POS_Y_SEZIONE":"4965015.55560","LATITUDINE_CENTRALE":"44.83270","LONGITUDINE_CENTRALE":"8.06370","POS_X_CENTRALE":"425990.53573","POS_Y_CENTRALE":"4964791.68708","TIPO_ADSL":"ADSL_2P","DESCRIZIONE_TIPO_ADSL":"ADSL 2+ (24 mega)","DISTANZA_CALCOLATA":"291.99","CLASSE_DISTANZA":"100-499","POTENZA_SEGNALE":"19761.67","POPOLAZIONE_SEZIONE": "365"}
			},
		 		{ "type" : "Feature",
				"geometry" : {
					"type" : "Point",
					"coordinates" : [8.06982,44.81272]},
			"properties" : { "ANNO":"2010","ID_SEZIONE":"17447","ISTAT_COMUNE_SEZ":"5097","COMUNE_SEZ":"SAN DAMIANO D'ASTI","PROVINCIA":"AT","ID_CENTRALE":"1264","NOME_CENTRALE":"SAN DAMIANO D'ASTI B","ISTAT_COMUNE_CENTR":"5097","COMUNE_CENTR":"SAN DAMIANO D'ASTI","PROVINCIA_CENTR":"AT","INDIRIZZO_CENTRALE":"V.TASSO","LATITUDINE_SEZIONE":"44.81272","LONGITUDINE_SEZIONE":"8.06982","POS_X_SEZIONE":"426448.74480","POS_Y_SEZIONE":"4962567.50952","LATITUDINE_CENTRALE":"44.83270","LONGITUDINE_CENTRALE":"8.06370","POS_X_CENTRALE":"425990.53573","POS_Y_CENTRALE":"4964791.68708","TIPO_ADSL":"ADSL_2P","DESCRIZIONE_TIPO_ADSL":"ADSL 2+ (24 mega)","DISTANZA_CALCOLATA":"2270.89","CLASSE_DISTANZA":"2100-2499","POTENZA_SEGNALE":"10000","POPOLAZIONE_SEZIONE": "14"}
			},
		 		{ "type" : "Feature",
				"geometry" : {
					"type" : "Point",
					"coordinates" : [8.06465,44.83536]},
			"properties" : { "ANNO":"2010","ID_SEZIONE":"17701","ISTAT_COMUNE_SEZ":"5097","COMUNE_SEZ":"SAN DAMIANO D'ASTI","PROVINCIA":"AT","ID_CENTRALE":"1264","NOME_CENTRALE":"SAN DAMIANO D'ASTI B","ISTAT_COMUNE_CENTR":"5097","COMUNE_CENTR":"SAN DAMIANO D'ASTI","PROVINCIA_CENTR":"AT","INDIRIZZO_CENTRALE":"V.TASSO","LATITUDINE_SEZIONE":"44.83536","LONGITUDINE_SEZIONE":"8.06465","POS_X_SEZIONE":"426068.99133","POS_Y_SEZIONE":"4965087.05640","LATITUDINE_CENTRALE":"44.83270","LONGITUDINE_CENTRALE":"8.06370","POS_X_CENTRALE":"425990.53573","POS_Y_CENTRALE":"4964791.68708","TIPO_ADSL":"ADSL_2P","DESCRIZIONE_TIPO_ADSL":"ADSL 2+ (24 mega)","DISTANZA_CALCOLATA":"305.61","CLASSE_DISTANZA":"100-499","POTENZA_SEGNALE":"19761.67","POPOLAZIONE_SEZIONE": "561"}
			},
		 		{ "type" : "Feature",
				"geometry" : {
					"type" : "Point",
					"coordinates" : [8.04103,44.86962]},
			"properties" : { "ANNO":"2010","ID_SEZIONE":"17895","ISTAT_COMUNE_SEZ":"5097","COMUNE_SEZ":"SAN DAMIANO D'ASTI","PROVINCIA":"AT","ID_CENTRALE":"1264","NOME_CENTRALE":"SAN DAMIANO D'ASTI B","ISTAT_COMUNE_CENTR":"5097","COMUNE_CENTR":"SAN DAMIANO D'ASTI","PROVINCIA_CENTR":"AT","INDIRIZZO_CENTRALE":"V.TASSO","LATITUDINE_SEZIONE":"44.86962","LONGITUDINE_SEZIONE":"8.04103","POS_X_SEZIONE":"424247.15914","POS_Y_SEZIONE":"4968914.11868","LATITUDINE_CENTRALE":"44.83270","LONGITUDINE_CENTRALE":"8.06370","POS_X_CENTRALE":"425990.53573","POS_Y_CENTRALE":"4964791.68708","TIPO_ADSL":"ADSL_2P","DESCRIZIONE_TIPO_ADSL":"ADSL 2+ (24 mega)","DISTANZA_CALCOLATA":"4475.91","CLASSE_DISTANZA":"4100-4499","POTENZA_SEGNALE":"2024.17","POPOLAZIONE_SEZIONE": ""}
			},
		 		{ "type" : "Feature",
				"geometry" : {
					"type" : "Point",
					"coordinates" : [8.08117,44.86021]},
			"properties" : { "ANNO":"2010","ID_SEZIONE":"18187","ISTAT_COMUNE_SEZ":"5097","COMUNE_SEZ":"SAN DAMIANO D'ASTI","PROVINCIA":"AT","ID_CENTRALE":"1264","NOME_CENTRALE":"SAN DAMIANO D'ASTI B","ISTAT_COMUNE_CENTR":"5097","COMUNE_CENTR":"SAN DAMIANO D'ASTI","PROVINCIA_CENTR":"AT","INDIRIZZO_CENTRALE":"V.TASSO","LATITUDINE_SEZIONE":"44.86021","LONGITUDINE_SEZIONE":"8.08117","POS_X_SEZIONE":"427406.22986","POS_Y_SEZIONE":"4967832.62057","LATITUDINE_CENTRALE":"44.83270","LONGITUDINE_CENTRALE":"8.06370","POS_X_CENTRALE":"425990.53573","POS_Y_CENTRALE":"4964791.68708","TIPO_ADSL":"ADSL_2P","DESCRIZIONE_TIPO_ADSL":"ADSL 2+ (24 mega)","DISTANZA_CALCOLATA":"3354.32","CLASSE_DISTANZA":"3300-3699","POTENZA_SEGNALE":"4047.5","POPOLAZIONE_SEZIONE": "32"}
			},
		 		{ "type" : "Feature",
				"geometry" : {
					"type" : "Point",
					"coordinates" : [8.08790,44.83524]},
			"properties" : { "ANNO":"2010","ID_SEZIONE":"18188","ISTAT_COMUNE_SEZ":"5097","COMUNE_SEZ":"SAN DAMIANO D'ASTI","PROVINCIA":"AT","ID_CENTRALE":"1264","NOME_CENTRALE":"SAN DAMIANO D'ASTI B","ISTAT_COMUNE_CENTR":"5097","COMUNE_CENTR":"SAN DAMIANO D'ASTI","PROVINCIA_CENTR":"AT","INDIRIZZO_CENTRALE":"V.TASSO","LATITUDINE_SEZIONE":"44.83524","LONGITUDINE_SEZIONE":"8.08790","POS_X_SEZIONE":"427906.66173","POS_Y_SEZIONE":"4965052.56399","LATITUDINE_CENTRALE":"44.83270","LONGITUDINE_CENTRALE":"8.06370","POS_X_CENTRALE":"425990.53573","POS_Y_CENTRALE":"4964791.68708","TIPO_ADSL":"ADSL_2P","DESCRIZIONE_TIPO_ADSL":"ADSL 2+ (24 mega)","DISTANZA_CALCOLATA":"1933.8","CLASSE_DISTANZA":"1700-2099","POTENZA_SEGNALE":"12975.83","POPOLAZIONE_SEZIONE": "71"}
			},
		 		{ "type" : "Feature",
				"geometry" : {
					"type" : "Point",
					"coordinates" : [8.04291,44.81033]},
			"properties" : { "ANNO":"2010","ID_SEZIONE":"19066","ISTAT_COMUNE_SEZ":"5097","COMUNE_SEZ":"SAN DAMIANO D'ASTI","PROVINCIA":"AT","ID_CENTRALE":"1264","NOME_CENTRALE":"SAN DAMIANO D'ASTI B","ISTAT_COMUNE_CENTR":"5097","COMUNE_CENTR":"SAN DAMIANO D'ASTI","PROVINCIA_CENTR":"AT","INDIRIZZO_CENTRALE":"V.TASSO","LATITUDINE_SEZIONE":"44.81033","LONGITUDINE_SEZIONE":"8.04291","POS_X_SEZIONE":"424318.37373","POS_Y_SEZIONE":"4962325.98939","LATITUDINE_CENTRALE":"44.83270","LONGITUDINE_CENTRALE":"8.06370","POS_X_CENTRALE":"425990.53573","POS_Y_CENTRALE":"4964791.68708","TIPO_ADSL":"ADSL_2P","DESCRIZIONE_TIPO_ADSL":"ADSL 2+ (24 mega)","DISTANZA_CALCOLATA":"2979.23","CLASSE_DISTANZA":"2900-3299","POTENZA_SEGNALE":"5238.33","POPOLAZIONE_SEZIONE": "130"}
			},
		 		{ "type" : "Feature",
				"geometry" : {
					"type" : "Point",
					"coordinates" : [8.01467,44.84708]},
			"properties" : { "ANNO":"2010","ID_SEZIONE":"19461","ISTAT_COMUNE_SEZ":"5097","COMUNE_SEZ":"SAN DAMIANO D'ASTI","PROVINCIA":"AT","ID_CENTRALE":"1264","NOME_CENTRALE":"SAN DAMIANO D'ASTI B","ISTAT_COMUNE_CENTR":"5097","COMUNE_CENTR":"SAN DAMIANO D'ASTI","PROVINCIA_CENTR":"AT","INDIRIZZO_CENTRALE":"V.TASSO","LATITUDINE_SEZIONE":"44.84708","LONGITUDINE_SEZIONE":"8.01467","POS_X_SEZIONE":"422134.25392","POS_Y_SEZIONE":"4966435.05154","LATITUDINE_CENTRALE":"44.83270","LONGITUDINE_CENTRALE":"8.06370","POS_X_CENTRALE":"425990.53573","POS_Y_CENTRALE":"4964791.68708","TIPO_ADSL":"ADSL_2P","DESCRIZIONE_TIPO_ADSL":"ADSL 2+ (24 mega)","DISTANZA_CALCOLATA":"4191.84","CLASSE_DISTANZA":"4100-4499","POTENZA_SEGNALE":"2024.17","POPOLAZIONE_SEZIONE": "25"}
			},
		 		{ "type" : "Feature",
				"geometry" : {
					"type" : "Point",
					"coordinates" : [8.04907,44.86226]},
			"properties" : { "ANNO":"2010","ID_SEZIONE":"21307","ISTAT_COMUNE_SEZ":"5097","COMUNE_SEZ":"SAN DAMIANO D'ASTI","PROVINCIA":"AT","ID_CENTRALE":"1264","NOME_CENTRALE":"SAN DAMIANO D'ASTI B","ISTAT_COMUNE_CENTR":"5097","COMUNE_CENTR":"SAN DAMIANO D'ASTI","PROVINCIA_CENTR":"AT","INDIRIZZO_CENTRALE":"V.TASSO","LATITUDINE_SEZIONE":"44.86226","LONGITUDINE_SEZIONE":"8.04907","POS_X_SEZIONE":"424873.02333","POS_Y_SEZIONE":"4968089.10748","LATITUDINE_CENTRALE":"44.83270","LONGITUDINE_CENTRALE":"8.06370","POS_X_CENTRALE":"425990.53573","POS_Y_CENTRALE":"4964791.68708","TIPO_ADSL":"ADSL_2P","DESCRIZIONE_TIPO_ADSL":"ADSL 2+ (24 mega)","DISTANZA_CALCOLATA":"3481.64","CLASSE_DISTANZA":"3300-3699","POTENZA_SEGNALE":"4047.5","POPOLAZIONE_SEZIONE": "13"}
			},
		 		{ "type" : "Feature",
				"geometry" : {
					"type" : "Point",
					"coordinates" : [8.06086,44.85622]},
			"properties" : { "ANNO":"2010","ID_SEZIONE":"21508","ISTAT_COMUNE_SEZ":"5097","COMUNE_SEZ":"SAN DAMIANO D'ASTI","PROVINCIA":"AT","ID_CENTRALE":"1264","NOME_CENTRALE":"SAN DAMIANO D'ASTI B","ISTAT_COMUNE_CENTR":"5097","COMUNE_CENTR":"SAN DAMIANO D'ASTI","PROVINCIA_CENTR":"AT","INDIRIZZO_CENTRALE":"V.TASSO","LATITUDINE_SEZIONE":"44.85622","LONGITUDINE_SEZIONE":"8.06086","POS_X_SEZIONE":"425796.40765","POS_Y_SEZIONE":"4967407.60169","LATITUDINE_CENTRALE":"44.83270","LONGITUDINE_CENTRALE":"8.06370","POS_X_CENTRALE":"425990.53573","POS_Y_CENTRALE":"4964791.68708","TIPO_ADSL":"ADSL_2P","DESCRIZIONE_TIPO_ADSL":"ADSL 2+ (24 mega)","DISTANZA_CALCOLATA":"2623.11","CLASSE_DISTANZA":"2500-2899","POTENZA_SEGNALE":"7380.83","POPOLAZIONE_SEZIONE": "31"}
			},
		 		{ "type" : "Feature",
				"geometry" : {
					"type" : "Point",
					"coordinates" : [8.02576,44.83701]},
			"properties" : { "ANNO":"2010","ID_SEZIONE":"21943","ISTAT_COMUNE_SEZ":"5097","COMUNE_SEZ":"SAN DAMIANO D'ASTI","PROVINCIA":"AT","ID_CENTRALE":"1264","NOME_CENTRALE":"SAN DAMIANO D'ASTI B","ISTAT_COMUNE_CENTR":"5097","COMUNE_CENTR":"SAN DAMIANO D'ASTI","PROVINCIA_CENTR":"AT","INDIRIZZO_CENTRALE":"V.TASSO","LATITUDINE_SEZIONE":"44.83701","LONGITUDINE_SEZIONE":"8.02576","POS_X_SEZIONE":"422997.83254","POS_Y_SEZIONE":"4965306.03624","LATITUDINE_CENTRALE":"44.83270","LONGITUDINE_CENTRALE":"8.06370","POS_X_CENTRALE":"425990.53573","POS_Y_CENTRALE":"4964791.68708","TIPO_ADSL":"ADSL_2P","DESCRIZIONE_TIPO_ADSL":"ADSL 2+ (24 mega)","DISTANZA_CALCOLATA":"3036.58","CLASSE_DISTANZA":"2900-3299","POTENZA_SEGNALE":"5238.33","POPOLAZIONE_SEZIONE": "53"}
			},
		 		{ "type" : "Feature",
				"geometry" : {
					"type" : "Point",
					"coordinates" : [8.03770,44.81363]},
			"properties" : { "ANNO":"2010","ID_SEZIONE":"22870","ISTAT_COMUNE_SEZ":"5097","COMUNE_SEZ":"SAN DAMIANO D'ASTI","PROVINCIA":"AT","ID_CENTRALE":"1264","NOME_CENTRALE":"SAN DAMIANO D'ASTI B","ISTAT_COMUNE_CENTR":"5097","COMUNE_CENTR":"SAN DAMIANO D'ASTI","PROVINCIA_CENTR":"AT","INDIRIZZO_CENTRALE":"V.TASSO","LATITUDINE_SEZIONE":"44.81363","LONGITUDINE_SEZIONE":"8.03770","POS_X_SEZIONE":"423910.16022","POS_Y_SEZIONE":"4962697.99375","LATITUDINE_CENTRALE":"44.83270","LONGITUDINE_CENTRALE":"8.06370","POS_X_CENTRALE":"425990.53573","POS_Y_CENTRALE":"4964791.68708","TIPO_ADSL":"ADSL_2P","DESCRIZIONE_TIPO_ADSL":"ADSL 2+ (24 mega)","DISTANZA_CALCOLATA":"2951.53","CLASSE_DISTANZA":"2900-3299","POTENZA_SEGNALE":"5238.33","POPOLAZIONE_SEZIONE": "14"}
			},
		 		{ "type" : "Feature",
				"geometry" : {
					"type" : "Point",
					"coordinates" : [8.06909,44.85019]},
			"properties" : { "ANNO":"2010","ID_SEZIONE":"23524","ISTAT_COMUNE_SEZ":"5097","COMUNE_SEZ":"SAN DAMIANO D'ASTI","PROVINCIA":"AT","ID_CENTRALE":"1264","NOME_CENTRALE":"SAN DAMIANO D'ASTI B","ISTAT_COMUNE_CENTR":"5097","COMUNE_CENTR":"SAN DAMIANO D'ASTI","PROVINCIA_CENTR":"AT","INDIRIZZO_CENTRALE":"V.TASSO","LATITUDINE_SEZIONE":"44.85019","LONGITUDINE_SEZIONE":"8.06909","POS_X_SEZIONE":"426439.11511","POS_Y_SEZIONE":"4966730.09308","LATITUDINE_CENTRALE":"44.83270","LONGITUDINE_CENTRALE":"8.06370","POS_X_CENTRALE":"425990.53573","POS_Y_CENTRALE":"4964791.68708","TIPO_ADSL":"ADSL_2P","DESCRIZIONE_TIPO_ADSL":"ADSL 2+ (24 mega)","DISTANZA_CALCOLATA":"1989.63","CLASSE_DISTANZA":"1700-2099","POTENZA_SEGNALE":"12975.83","POPOLAZIONE_SEZIONE": "30"}
			},
		 		{ "type" : "Feature",
				"geometry" : {
					"type" : "Point",
					"coordinates" : [8.06781,44.83310]},
			"properties" : { "ANNO":"2010","ID_SEZIONE":"23743","ISTAT_COMUNE_SEZ":"5097","COMUNE_SEZ":"SAN DAMIANO D'ASTI","PROVINCIA":"AT","ID_CENTRALE":"1264","NOME_CENTRALE":"SAN DAMIANO D'ASTI B","ISTAT_COMUNE_CENTR":"5097","COMUNE_CENTR":"SAN DAMIANO D'ASTI","PROVINCIA_CENTR":"AT","INDIRIZZO_CENTRALE":"V.TASSO","LATITUDINE_SEZIONE":"44.83310","LONGITUDINE_SEZIONE":"8.06781","POS_X_SEZIONE":"426316.45475","POS_Y_SEZIONE":"4964832.55298","LATITUDINE_CENTRALE":"44.83270","LONGITUDINE_CENTRALE":"8.06370","POS_X_CENTRALE":"425990.53573","POS_Y_CENTRALE":"4964791.68708","TIPO_ADSL":"ADSL_2P","DESCRIZIONE_TIPO_ADSL":"ADSL 2+ (24 mega)","DISTANZA_CALCOLATA":"328.47","CLASSE_DISTANZA":"100-499","POTENZA_SEGNALE":"19761.67","POPOLAZIONE_SEZIONE": "837"}
			},
		 		{ "type" : "Feature",
				"geometry" : {
					"type" : "Point",
					"coordinates" : [8.02190,44.86803]},
			"properties" : { "ANNO":"2010","ID_SEZIONE":"23977","ISTAT_COMUNE_SEZ":"5097","COMUNE_SEZ":"SAN DAMIANO D'ASTI","PROVINCIA":"AT","ID_CENTRALE":"1264","NOME_CENTRALE":"SAN DAMIANO D'ASTI B","ISTAT_COMUNE_CENTR":"5097","COMUNE_CENTR":"SAN DAMIANO D'ASTI","PROVINCIA_CENTR":"AT","INDIRIZZO_CENTRALE":"V.TASSO","LATITUDINE_SEZIONE":"44.86803","LONGITUDINE_SEZIONE":"8.02190","POS_X_SEZIONE":"422733.86633","POS_Y_SEZIONE":"4968755.60246","LATITUDINE_CENTRALE":"44.83270","LONGITUDINE_CENTRALE":"8.06370","POS_X_CENTRALE":"425990.53573","POS_Y_CENTRALE":"4964791.68708","TIPO_ADSL":"ADSL_2P","DESCRIZIONE_TIPO_ADSL":"ADSL 2+ (24 mega)","DISTANZA_CALCOLATA":"5130.16","CLASSE_DISTANZA":"4900-5299","POTENZA_SEGNALE":"952.50","POPOLAZIONE_SEZIONE": "25"}
			},
		 		{ "type" : "Feature",
				"geometry" : {
					"type" : "Point",
					"coordinates" : [8.04002,44.85278]},
			"properties" : { "ANNO":"2010","ID_SEZIONE":"23979","ISTAT_COMUNE_SEZ":"5097","COMUNE_SEZ":"SAN DAMIANO D'ASTI","PROVINCIA":"AT","ID_CENTRALE":"1264","NOME_CENTRALE":"SAN DAMIANO D'ASTI B","ISTAT_COMUNE_CENTR":"5097","COMUNE_CENTR":"SAN DAMIANO D'ASTI","PROVINCIA_CENTR":"AT","INDIRIZZO_CENTRALE":"V.TASSO","LATITUDINE_SEZIONE":"44.85278","LONGITUDINE_SEZIONE":"8.04002","POS_X_SEZIONE":"424145.68381","POS_Y_SEZIONE":"4967044.08015","LATITUDINE_CENTRALE":"44.83270","LONGITUDINE_CENTRALE":"8.06370","POS_X_CENTRALE":"425990.53573","POS_Y_CENTRALE":"4964791.68708","TIPO_ADSL":"ADSL_2P","DESCRIZIONE_TIPO_ADSL":"ADSL 2+ (24 mega)","DISTANZA_CALCOLATA":"2911.49","CLASSE_DISTANZA":"2900-3299","POTENZA_SEGNALE":"5238.33","POPOLAZIONE_SEZIONE": "132"}
			},
		 		{ "type" : "Feature",
				"geometry" : {
					"type" : "Point",
					"coordinates" : [8.07502,44.82166]},
			"properties" : { "ANNO":"2010","ID_SEZIONE":"25658","ISTAT_COMUNE_SEZ":"5097","COMUNE_SEZ":"SAN DAMIANO D'ASTI","PROVINCIA":"AT","ID_CENTRALE":"1264","NOME_CENTRALE":"SAN DAMIANO D'ASTI B","ISTAT_COMUNE_CENTR":"5097","COMUNE_CENTR":"SAN DAMIANO D'ASTI","PROVINCIA_CENTR":"AT","INDIRIZZO_CENTRALE":"V.TASSO","LATITUDINE_SEZIONE":"44.82166","LONGITUDINE_SEZIONE":"8.07502","POS_X_SEZIONE":"426871.90154","POS_Y_SEZIONE":"4963555.53231","LATITUDINE_CENTRALE":"44.83270","LONGITUDINE_CENTRALE":"8.06370","POS_X_CENTRALE":"425990.53573","POS_Y_CENTRALE":"4964791.68708","TIPO_ADSL":"ADSL_2P","DESCRIZIONE_TIPO_ADSL":"ADSL 2+ (24 mega)","DISTANZA_CALCOLATA":"1518.18","CLASSE_DISTANZA":"1300-1699","POTENZA_SEGNALE":"16071.67","POPOLAZIONE_SEZIONE": "104"}
			},
		 		{ "type" : "Feature",
				"geometry" : {
					"type" : "Point",
					"coordinates" : [8.05337,44.82655]},
			"properties" : { "ANNO":"2010","ID_SEZIONE":"25659","ISTAT_COMUNE_SEZ":"5097","COMUNE_SEZ":"SAN DAMIANO D'ASTI","PROVINCIA":"AT","ID_CENTRALE":"1264","NOME_CENTRALE":"SAN DAMIANO D'ASTI B","ISTAT_COMUNE_CENTR":"5097","COMUNE_CENTR":"SAN DAMIANO D'ASTI","PROVINCIA_CENTR":"AT","INDIRIZZO_CENTRALE":"V.TASSO","LATITUDINE_SEZIONE":"44.82655","LONGITUDINE_SEZIONE":"8.05337","POS_X_SEZIONE":"425166.06653","POS_Y_SEZIONE":"4964118.03035","LATITUDINE_CENTRALE":"44.83270","LONGITUDINE_CENTRALE":"8.06370","POS_X_CENTRALE":"425990.53573","POS_Y_CENTRALE":"4964791.68708","TIPO_ADSL":"ADSL_2P","DESCRIZIONE_TIPO_ADSL":"ADSL 2+ (24 mega)","DISTANZA_CALCOLATA":"1064.69","CLASSE_DISTANZA":"900-1299","POTENZA_SEGNALE":"17737.5","POPOLAZIONE_SEZIONE": "113"}
			},
		 		{ "type" : "Feature",
				"geometry" : {
					"type" : "Point",
					"coordinates" : [8.02477,44.81689]},
			"properties" : { "ANNO":"2010","ID_SEZIONE":"25660","ISTAT_COMUNE_SEZ":"5097","COMUNE_SEZ":"SAN DAMIANO D'ASTI","PROVINCIA":"AT","ID_CENTRALE":"1264","NOME_CENTRALE":"SAN DAMIANO D'ASTI B","ISTAT_COMUNE_CENTR":"5097","COMUNE_CENTR":"SAN DAMIANO D'ASTI","PROVINCIA_CENTR":"AT","INDIRIZZO_CENTRALE":"V.TASSO","LATITUDINE_SEZIONE":"44.81689","LONGITUDINE_SEZIONE":"8.02477","POS_X_SEZIONE":"422892.18339","POS_Y_SEZIONE":"4963071.49314","LATITUDINE_CENTRALE":"44.83270","LONGITUDINE_CENTRALE":"8.06370","POS_X_CENTRALE":"425990.53573","POS_Y_CENTRALE":"4964791.68708","TIPO_ADSL":"ADSL_2P","DESCRIZIONE_TIPO_ADSL":"ADSL 2+ (24 mega)","DISTANZA_CALCOLATA":"3543.85","CLASSE_DISTANZA":"3300-3699","POTENZA_SEGNALE":"4047.5","POPOLAZIONE_SEZIONE": "14"}
			},
		 		{ "type" : "Feature",
				"geometry" : {
					"type" : "Point",
					"coordinates" : [8.02692,44.84832]},
			"properties" : { "ANNO":"2010","ID_SEZIONE":"26113","ISTAT_COMUNE_SEZ":"5097","COMUNE_SEZ":"SAN DAMIANO D'ASTI","PROVINCIA":"AT","ID_CENTRALE":"1264","NOME_CENTRALE":"SAN DAMIANO D'ASTI B","ISTAT_COMUNE_CENTR":"5097","COMUNE_CENTR":"SAN DAMIANO D'ASTI","PROVINCIA_CENTR":"AT","INDIRIZZO_CENTRALE":"V.TASSO","LATITUDINE_SEZIONE":"44.84832","LONGITUDINE_SEZIONE":"8.02692","POS_X_SEZIONE":"423103.90870","POS_Y_SEZIONE":"4966561.56213","LATITUDINE_CENTRALE":"44.83270","LONGITUDINE_CENTRALE":"8.06370","POS_X_CENTRALE":"425990.53573","POS_Y_CENTRALE":"4964791.68708","TIPO_ADSL":"ADSL_2P","DESCRIZIONE_TIPO_ADSL":"ADSL 2+ (24 mega)","DISTANZA_CALCOLATA":"3386.01","CLASSE_DISTANZA":"3300-3699","POTENZA_SEGNALE":"4047.5","POPOLAZIONE_SEZIONE": "322"}
			},
		 		{ "type" : "Feature",
				"geometry" : {
					"type" : "Point",
					"coordinates" : [8.03421,44.83643]},
			"properties" : { "ANNO":"2010","ID_SEZIONE":"26343","ISTAT_COMUNE_SEZ":"5097","COMUNE_SEZ":"SAN DAMIANO D'ASTI","PROVINCIA":"AT","ID_CENTRALE":"1264","NOME_CENTRALE":"SAN DAMIANO D'ASTI B","ISTAT_COMUNE_CENTR":"5097","COMUNE_CENTR":"SAN DAMIANO D'ASTI","PROVINCIA_CENTR":"AT","INDIRIZZO_CENTRALE":"V.TASSO","LATITUDINE_SEZIONE":"44.83643","LONGITUDINE_SEZIONE":"8.03421","POS_X_SEZIONE":"423664.93782","POS_Y_SEZIONE":"4965233.54012","LATITUDINE_CENTRALE":"44.83270","LONGITUDINE_CENTRALE":"8.06370","POS_X_CENTRALE":"425990.53573","POS_Y_CENTRALE":"4964791.68708","TIPO_ADSL":"ADSL_2P","DESCRIZIONE_TIPO_ADSL":"ADSL 2+ (24 mega)","DISTANZA_CALCOLATA":"2367.2","CLASSE_DISTANZA":"2100-2499","POTENZA_SEGNALE":"10000","POPOLAZIONE_SEZIONE": "194"}
			},
		 		{ "type" : "Feature",
				"geometry" : {
					"type" : "Point",
					"coordinates" : [8.04755,44.82852]},
			"properties" : { "ANNO":"2010","ID_SEZIONE":"27110","ISTAT_COMUNE_SEZ":"5097","COMUNE_SEZ":"SAN DAMIANO D'ASTI","PROVINCIA":"AT","ID_CENTRALE":"1264","NOME_CENTRALE":"SAN DAMIANO D'ASTI B","ISTAT_COMUNE_CENTR":"5097","COMUNE_CENTR":"SAN DAMIANO D'ASTI","PROVINCIA_CENTR":"AT","INDIRIZZO_CENTRALE":"V.TASSO","LATITUDINE_SEZIONE":"44.82852","LONGITUDINE_SEZIONE":"8.04755","POS_X_SEZIONE":"424708.42045","POS_Y_SEZIONE":"4964343.03131","LATITUDINE_CENTRALE":"44.83270","LONGITUDINE_CENTRALE":"8.06370","POS_X_CENTRALE":"425990.53573","POS_Y_CENTRALE":"4964791.68708","TIPO_ADSL":"ADSL_2P","DESCRIZIONE_TIPO_ADSL":"ADSL 2+ (24 mega)","DISTANZA_CALCOLATA":"1358.35","CLASSE_DISTANZA":"1300-1699","POTENZA_SEGNALE":"16071.67","POPOLAZIONE_SEZIONE": "19"}
			},
		 		{ "type" : "Feature",
				"geometry" : {
					"type" : "Point",
					"coordinates" : [8.01887,44.83790]},
			"properties" : { "ANNO":"2010","ID_SEZIONE":"27347","ISTAT_COMUNE_SEZ":"5097","COMUNE_SEZ":"SAN DAMIANO D'ASTI","PROVINCIA":"AT","ID_CENTRALE":"1264","NOME_CENTRALE":"SAN DAMIANO D'ASTI B","ISTAT_COMUNE_CENTR":"5097","COMUNE_CENTR":"SAN DAMIANO D'ASTI","PROVINCIA_CENTR":"AT","INDIRIZZO_CENTRALE":"V.TASSO","LATITUDINE_SEZIONE":"44.83790","LONGITUDINE_SEZIONE":"8.01887","POS_X_SEZIONE":"422454.16022","POS_Y_SEZIONE":"4965411.53384","LATITUDINE_CENTRALE":"44.83270","LONGITUDINE_CENTRALE":"8.06370","POS_X_CENTRALE":"425990.53573","POS_Y_CENTRALE":"4964791.68708","TIPO_ADSL":"ADSL_2P","DESCRIZIONE_TIPO_ADSL":"ADSL 2+ (24 mega)","DISTANZA_CALCOLATA":"3590.29","CLASSE_DISTANZA":"3300-3699","POTENZA_SEGNALE":"4047.5","POPOLAZIONE_SEZIONE": "11"}
			},
		 		{ "type" : "Feature",
				"geometry" : {
					"type" : "Point",
					"coordinates" : [8.07395,44.85668]},
			"properties" : { "ANNO":"2010","ID_SEZIONE":"28224","ISTAT_COMUNE_SEZ":"5097","COMUNE_SEZ":"SAN DAMIANO D'ASTI","PROVINCIA":"AT","ID_CENTRALE":"1264","NOME_CENTRALE":"SAN DAMIANO D'ASTI B","ISTAT_COMUNE_CENTR":"5097","COMUNE_CENTR":"SAN DAMIANO D'ASTI","PROVINCIA_CENTR":"AT","INDIRIZZO_CENTRALE":"V.TASSO","LATITUDINE_SEZIONE":"44.85668","LONGITUDINE_SEZIONE":"8.07395","POS_X_SEZIONE":"426831.27997","POS_Y_SEZIONE":"4967446.11125","LATITUDINE_CENTRALE":"44.83270","LONGITUDINE_CENTRALE":"8.06370","POS_X_CENTRALE":"425990.53573","POS_Y_CENTRALE":"4964791.68708","TIPO_ADSL":"ADSL_2P","DESCRIZIONE_TIPO_ADSL":"ADSL 2+ (24 mega)","DISTANZA_CALCOLATA":"2784.39","CLASSE_DISTANZA":"2500-2899","POTENZA_SEGNALE":"7380.83","POPOLAZIONE_SEZIONE": "99"}
			},
		 		{ "type" : "Feature",
				"geometry" : {
					"type" : "Point",
					"coordinates" : [8.04569,44.83047]},
			"properties" : { "ANNO":"2010","ID_SEZIONE":"28409","ISTAT_COMUNE_SEZ":"5097","COMUNE_SEZ":"SAN DAMIANO D'ASTI","PROVINCIA":"AT","ID_CENTRALE":"1264","NOME_CENTRALE":"SAN DAMIANO D'ASTI B","ISTAT_COMUNE_CENTR":"5097","COMUNE_CENTR":"SAN DAMIANO D'ASTI","PROVINCIA_CENTR":"AT","INDIRIZZO_CENTRALE":"V.TASSO","LATITUDINE_SEZIONE":"44.83047","LONGITUDINE_SEZIONE":"8.04569","POS_X_SEZIONE":"424564.32675","POS_Y_SEZIONE":"4964560.53404","LATITUDINE_CENTRALE":"44.83270","LONGITUDINE_CENTRALE":"8.06370","POS_X_CENTRALE":"425990.53573","POS_Y_CENTRALE":"4964791.68708","TIPO_ADSL":"ADSL_2P","DESCRIZIONE_TIPO_ADSL":"ADSL 2+ (24 mega)","DISTANZA_CALCOLATA":"1444.82","CLASSE_DISTANZA":"1300-1699","POTENZA_SEGNALE":"16071.67","POPOLAZIONE_SEZIONE": "115"}
			},
		 		{ "type" : "Feature",
				"geometry" : {
					"type" : "Point",
					"coordinates" : [8.09083,44.84517]},
			"properties" : { "ANNO":"2010","ID_SEZIONE":"28531","ISTAT_COMUNE_SEZ":"5097","COMUNE_SEZ":"SAN DAMIANO D'ASTI","PROVINCIA":"AT","ID_CENTRALE":"1264","NOME_CENTRALE":"SAN DAMIANO D'ASTI B","ISTAT_COMUNE_CENTR":"5097","COMUNE_CENTR":"SAN DAMIANO D'ASTI","PROVINCIA_CENTR":"AT","INDIRIZZO_CENTRALE":"V.TASSO","LATITUDINE_SEZIONE":"44.84517","LONGITUDINE_SEZIONE":"8.09083","POS_X_SEZIONE":"428150.64202","POS_Y_SEZIONE":"4966152.58626","LATITUDINE_CENTRALE":"44.83270","LONGITUDINE_CENTRALE":"8.06370","POS_X_CENTRALE":"425990.53573","POS_Y_CENTRALE":"4964791.68708","TIPO_ADSL":"ADSL_2P","DESCRIZIONE_TIPO_ADSL":"ADSL 2+ (24 mega)","DISTANZA_CALCOLATA":"2553.06","CLASSE_DISTANZA":"2500-2899","POTENZA_SEGNALE":"7380.83","POPOLAZIONE_SEZIONE": "28"}
			},
		 		{ "type" : "Feature",
				"geometry" : {
					"type" : "Point",
					"coordinates" : [8.03329,44.82215]},
			"properties" : { "ANNO":"2010","ID_SEZIONE":"29630","ISTAT_COMUNE_SEZ":"5097","COMUNE_SEZ":"SAN DAMIANO D'ASTI","PROVINCIA":"AT","ID_CENTRALE":"1264","NOME_CENTRALE":"SAN DAMIANO D'ASTI B","ISTAT_COMUNE_CENTR":"5097","COMUNE_CENTR":"SAN DAMIANO D'ASTI","PROVINCIA_CENTR":"AT","INDIRIZZO_CENTRALE":"V.TASSO","LATITUDINE_SEZIONE":"44.82215","LONGITUDINE_SEZIONE":"8.03329","POS_X_SEZIONE":"423572.99747","POS_Y_SEZIONE":"4963648.00923","LATITUDINE_CENTRALE":"44.83270","LONGITUDINE_CENTRALE":"8.06370","POS_X_CENTRALE":"425990.53573","POS_Y_CENTRALE":"4964791.68708","TIPO_ADSL":"ADSL_2P","DESCRIZIONE_TIPO_ADSL":"ADSL 2+ (24 mega)","DISTANZA_CALCOLATA":"2674.41","CLASSE_DISTANZA":"2500-2899","POTENZA_SEGNALE":"7380.83","POPOLAZIONE_SEZIONE": "124"}
			},
		 		{ "type" : "Feature",
				"geometry" : {
					"type" : "Point",
					"coordinates" : [8.07841,44.81815]},
			"properties" : { "ANNO":"2010","ID_SEZIONE":"29631","ISTAT_COMUNE_SEZ":"5097","COMUNE_SEZ":"SAN DAMIANO D'ASTI","PROVINCIA":"AT","ID_CENTRALE":"1264","NOME_CENTRALE":"SAN DAMIANO D'ASTI B","ISTAT_COMUNE_CENTR":"5097","COMUNE_CENTR":"SAN DAMIANO D'ASTI","PROVINCIA_CENTR":"AT","INDIRIZZO_CENTRALE":"V.TASSO","LATITUDINE_SEZIONE":"44.81815","LONGITUDINE_SEZIONE":"8.07841","POS_X_SEZIONE":"427135.49603","POS_Y_SEZIONE":"4963162.52571","LATITUDINE_CENTRALE":"44.83270","LONGITUDINE_CENTRALE":"8.06370","POS_X_CENTRALE":"425990.53573","POS_Y_CENTRALE":"4964791.68708","TIPO_ADSL":"ADSL_2P","DESCRIZIONE_TIPO_ADSL":"ADSL 2+ (24 mega)","DISTANZA_CALCOLATA":"1991.26","CLASSE_DISTANZA":"1700-2099","POTENZA_SEGNALE":"12975.83","POPOLAZIONE_SEZIONE": "30"}
			},
		 		{ "type" : "Feature",
				"geometry" : {
					"type" : "Point",
					"coordinates" : [8.06761,44.86848]},
			"properties" : { "ANNO":"2010","ID_SEZIONE":"30488","ISTAT_COMUNE_SEZ":"5097","COMUNE_SEZ":"SAN DAMIANO D'ASTI","PROVINCIA":"AT","ID_CENTRALE":"1264","NOME_CENTRALE":"SAN DAMIANO D'ASTI B","ISTAT_COMUNE_CENTR":"5097","COMUNE_CENTR":"SAN DAMIANO D'ASTI","PROVINCIA_CENTR":"AT","INDIRIZZO_CENTRALE":"V.TASSO","LATITUDINE_SEZIONE":"44.86848","LONGITUDINE_SEZIONE":"8.06761","POS_X_SEZIONE":"426345.49795","POS_Y_SEZIONE":"4968763.63420","LATITUDINE_CENTRALE":"44.83270","LONGITUDINE_CENTRALE":"8.06370","POS_X_CENTRALE":"425990.53573","POS_Y_CENTRALE":"4964791.68708","TIPO_ADSL":"ADSL_2P","DESCRIZIONE_TIPO_ADSL":"ADSL 2+ (24 mega)","DISTANZA_CALCOLATA":"3987.78","CLASSE_DISTANZA":"3700-4099","POTENZA_SEGNALE":"2857.5","POPOLAZIONE_SEZIONE": "37"}
			},
		 		{ "type" : "Feature",
				"geometry" : {
					"type" : "Point",
					"coordinates" : [8.04642,44.85445]},
			"properties" : { "ANNO":"2010","ID_SEZIONE":"31230","ISTAT_COMUNE_SEZ":"5097","COMUNE_SEZ":"SAN DAMIANO D'ASTI","PROVINCIA":"AT","ID_CENTRALE":"1264","NOME_CENTRALE":"SAN DAMIANO D'ASTI B","ISTAT_COMUNE_CENTR":"5097","COMUNE_CENTR":"SAN DAMIANO D'ASTI","PROVINCIA_CENTR":"AT","INDIRIZZO_CENTRALE":"V.TASSO","LATITUDINE_SEZIONE":"44.85445","LONGITUDINE_SEZIONE":"8.04642","POS_X_SEZIONE":"424652.82134","POS_Y_SEZIONE":"4967224.08809","LATITUDINE_CENTRALE":"44.83270","LONGITUDINE_CENTRALE":"8.06370","POS_X_CENTRALE":"425990.53573","POS_Y_CENTRALE":"4964791.68708","TIPO_ADSL":"ADSL_2P","DESCRIZIONE_TIPO_ADSL":"ADSL 2+ (24 mega)","DISTANZA_CALCOLATA":"2775.98","CLASSE_DISTANZA":"2500-2899","POTENZA_SEGNALE":"7380.83","POPOLAZIONE_SEZIONE": "17"}
			},
		 		{ "type" : "Feature",
				"geometry" : {
					"type" : "Point",
					"coordinates" : [8.04161,44.84035]},
			"properties" : { "ANNO":"2010","ID_SEZIONE":"31484","ISTAT_COMUNE_SEZ":"5097","COMUNE_SEZ":"SAN DAMIANO D'ASTI","PROVINCIA":"AT","ID_CENTRALE":"1264","NOME_CENTRALE":"SAN DAMIANO D'ASTI B","ISTAT_COMUNE_CENTR":"5097","COMUNE_CENTR":"SAN DAMIANO D'ASTI","PROVINCIA_CENTR":"AT","INDIRIZZO_CENTRALE":"V.TASSO","LATITUDINE_SEZIONE":"44.84035","LONGITUDINE_SEZIONE":"8.04161","POS_X_SEZIONE":"424254.75824","POS_Y_SEZIONE":"4965662.55362","LATITUDINE_CENTRALE":"44.83270","LONGITUDINE_CENTRALE":"8.06370","POS_X_CENTRALE":"425990.53573","POS_Y_CENTRALE":"4964791.68708","TIPO_ADSL":"ADSL_2P","DESCRIZIONE_TIPO_ADSL":"ADSL 2+ (24 mega)","DISTANZA_CALCOLATA":"1941.99","CLASSE_DISTANZA":"1700-2099","POTENZA_SEGNALE":"12975.83","POPOLAZIONE_SEZIONE": "12"}
			},
		 		{ "type" : "Feature",
				"geometry" : {
					"type" : "Point",
					"coordinates" : [8.03990,44.84439]},
			"properties" : { "ANNO":"2010","ID_SEZIONE":"31708","ISTAT_COMUNE_SEZ":"5097","COMUNE_SEZ":"SAN DAMIANO D'ASTI","PROVINCIA":"AT","ID_CENTRALE":"1264","NOME_CENTRALE":"SAN DAMIANO D'ASTI B","ISTAT_COMUNE_CENTR":"5097","COMUNE_CENTR":"SAN DAMIANO D'ASTI","PROVINCIA_CENTR":"AT","INDIRIZZO_CENTRALE":"V.TASSO","LATITUDINE_SEZIONE":"44.84439","LONGITUDINE_SEZIONE":"8.03990","POS_X_SEZIONE":"424124.50698","POS_Y_SEZIONE":"4966113.06140","LATITUDINE_CENTRALE":"44.83270","LONGITUDINE_CENTRALE":"8.06370","POS_X_CENTRALE":"425990.53573","POS_Y_CENTRALE":"4964791.68708","TIPO_ADSL":"ADSL_2P","DESCRIZIONE_TIPO_ADSL":"ADSL 2+ (24 mega)","DISTANZA_CALCOLATA":"2286.5","CLASSE_DISTANZA":"2100-2499","POTENZA_SEGNALE":"10000","POPOLAZIONE_SEZIONE": "86"}
			},
		 		{ "type" : "Feature",
				"geometry" : {
					"type" : "Point",
					"coordinates" : [8.10349,44.83259]},
			"properties" : { "ANNO":"2010","ID_SEZIONE":"31892","ISTAT_COMUNE_SEZ":"5099","COMUNE_SEZ":"SAN MARTINO ALFIERI","PROVINCIA":"AT","ID_CENTRALE":"1264","NOME_CENTRALE":"SAN DAMIANO D'ASTI B","ISTAT_COMUNE_CENTR":"5097","COMUNE_CENTR":"SAN DAMIANO D'ASTI","PROVINCIA_CENTR":"AT","INDIRIZZO_CENTRALE":"V.TASSO","LATITUDINE_SEZIONE":"44.83259","LONGITUDINE_SEZIONE":"8.10349","POS_X_SEZIONE":"429135.60868","POS_Y_SEZIONE":"4964744.55861","LATITUDINE_CENTRALE":"44.83270","LONGITUDINE_CENTRALE":"8.06370","POS_X_CENTRALE":"425990.53573","POS_Y_CENTRALE":"4964791.68708","TIPO_ADSL":"ADSL_2P","DESCRIZIONE_TIPO_ADSL":"ADSL 2+ (24 mega)","DISTANZA_CALCOLATA":"3145.43","CLASSE_DISTANZA":"2900-3299","POTENZA_SEGNALE":"5238.33","POPOLAZIONE_SEZIONE": "14"}
			},
		 		{ "type" : "Feature",
				"geometry" : {
					"type" : "Point",
					"coordinates" : [8.05399,44.87564]},
			"properties" : { "ANNO":"2010","ID_SEZIONE":"32128","ISTAT_COMUNE_SEZ":"5097","COMUNE_SEZ":"SAN DAMIANO D'ASTI","PROVINCIA":"AT","ID_CENTRALE":"1264","NOME_CENTRALE":"SAN DAMIANO D'ASTI B","ISTAT_COMUNE_CENTR":"5097","COMUNE_CENTR":"SAN DAMIANO D'ASTI","PROVINCIA_CENTR":"AT","INDIRIZZO_CENTRALE":"V.TASSO","LATITUDINE_SEZIONE":"44.87564","LONGITUDINE_SEZIONE":"8.05399","POS_X_SEZIONE":"425279.11767","POS_Y_SEZIONE":"4969570.64143","LATITUDINE_CENTRALE":"44.83270","LONGITUDINE_CENTRALE":"8.06370","POS_X_CENTRALE":"425990.53573","POS_Y_CENTRALE":"4964791.68708","TIPO_ADSL":"ADSL_2P","DESCRIZIONE_TIPO_ADSL":"ADSL 2+ (24 mega)","DISTANZA_CALCOLATA":"4831.62","CLASSE_DISTANZA":"4500-4899","POTENZA_SEGNALE":"1428.33","POPOLAZIONE_SEZIONE": "18"}
			},
		 		{ "type" : "Feature",
				"geometry" : {
					"type" : "Point",
					"coordinates" : [8.01331,44.83995]},
			"properties" : { "ANNO":"2010","ID_SEZIONE":"32129","ISTAT_COMUNE_SEZ":"5097","COMUNE_SEZ":"SAN DAMIANO D'ASTI","PROVINCIA":"AT","ID_CENTRALE":"1264","NOME_CENTRALE":"SAN DAMIANO D'ASTI B","ISTAT_COMUNE_CENTR":"5097","COMUNE_CENTR":"SAN DAMIANO D'ASTI","PROVINCIA_CENTR":"AT","INDIRIZZO_CENTRALE":"V.TASSO","LATITUDINE_SEZIONE":"44.83995","LONGITUDINE_SEZIONE":"8.01331","POS_X_SEZIONE":"422017.23427","POS_Y_SEZIONE":"4965644.53532","LATITUDINE_CENTRALE":"44.83270","LONGITUDINE_CENTRALE":"8.06370","POS_X_CENTRALE":"425990.53573","POS_Y_CENTRALE":"4964791.68708","TIPO_ADSL":"ADSL_2P","DESCRIZIONE_TIPO_ADSL":"ADSL 2+ (24 mega)","DISTANZA_CALCOLATA":"4063.8","CLASSE_DISTANZA":"3700-4099","POTENZA_SEGNALE":"2857.5","POPOLAZIONE_SEZIONE": "15"}
			},
		 		{ "type" : "Feature",
				"geometry" : {
					"type" : "Point",
					"coordinates" : [8.04070,44.81834]},
			"properties" : { "ANNO":"2010","ID_SEZIONE":"32352","ISTAT_COMUNE_SEZ":"5097","COMUNE_SEZ":"SAN DAMIANO D'ASTI","PROVINCIA":"AT","ID_CENTRALE":"1264","NOME_CENTRALE":"SAN DAMIANO D'ASTI B","ISTAT_COMUNE_CENTR":"5097","COMUNE_CENTR":"SAN DAMIANO D'ASTI","PROVINCIA_CENTR":"AT","INDIRIZZO_CENTRALE":"V.TASSO","LATITUDINE_SEZIONE":"44.81834","LONGITUDINE_SEZIONE":"8.04070","POS_X_SEZIONE":"424154.26851","POS_Y_SEZIONE":"4963218.50523","LATITUDINE_CENTRALE":"44.83270","LONGITUDINE_CENTRALE":"8.06370","POS_X_CENTRALE":"425990.53573","POS_Y_CENTRALE":"4964791.68708","TIPO_ADSL":"ADSL_2P","DESCRIZIONE_TIPO_ADSL":"ADSL 2+ (24 mega)","DISTANZA_CALCOLATA":"2418.01","CLASSE_DISTANZA":"2100-2499","POTENZA_SEGNALE":"10000","POPOLAZIONE_SEZIONE": "54"}
			},
		 		{ "type" : "Feature",
				"geometry" : {
					"type" : "Point",
					"coordinates" : [8.07649,44.82742]},
			"properties" : { "ANNO":"2010","ID_SEZIONE":"32571","ISTAT_COMUNE_SEZ":"5097","COMUNE_SEZ":"SAN DAMIANO D'ASTI","PROVINCIA":"AT","ID_CENTRALE":"1264","NOME_CENTRALE":"SAN DAMIANO D'ASTI B","ISTAT_COMUNE_CENTR":"5097","COMUNE_CENTR":"SAN DAMIANO D'ASTI","PROVINCIA_CENTR":"AT","INDIRIZZO_CENTRALE":"V.TASSO","LATITUDINE_SEZIONE":"44.82742","LONGITUDINE_SEZIONE":"8.07649","POS_X_SEZIONE":"426995.13482","POS_Y_SEZIONE":"4964193.54626","LATITUDINE_CENTRALE":"44.83270","LONGITUDINE_CENTRALE":"8.06370","POS_X_CENTRALE":"425990.53573","POS_Y_CENTRALE":"4964791.68708","TIPO_ADSL":"ADSL_2P","DESCRIZIONE_TIPO_ADSL":"ADSL 2+ (24 mega)","DISTANZA_CALCOLATA":"1169.18","CLASSE_DISTANZA":"900-1299","POTENZA_SEGNALE":"17737.5","POPOLAZIONE_SEZIONE": "13"}
			}
		 		]
	}
		