 	{ "type" : "FeatureCollection",
		"features" : [
		 		{ "type" : "Feature",
				"geometry" : {
					"type" : "Point",
					"coordinates" : [8.55856,45.46443]},
			"properties" : { "ANNO":"2010","ID_SEZIONE":"548","ISTAT_COMUNE_SEZ":"3135","COMUNE_SEZ":"SAN PIETRO MOSEZZO","PROVINCIA":"NO","ID_CENTRALE":"1218","NOME_CENTRALE":"S. PIETRO MOSEZZO","ISTAT_COMUNE_CENTR":"3135","COMUNE_CENTR":"SAN PIETRO MOSEZZO","PROVINCIA_CENTR":"NO","INDIRIZZO_CENTRALE":"VICOLO DELLE SCUOLE","LATITUDINE_SEZIONE":"45.46443","LONGITUDINE_SEZIONE":"8.55856","POS_X_SEZIONE":"465489.80673","POS_Y_SEZIONE":"5034639.31298","LATITUDINE_CENTRALE":"45.45544","LONGITUDINE_CENTRALE":"8.54283","POS_X_CENTRALE":"464254.28514","POS_Y_CENTRALE":"5033647.76928","TIPO_ADSL":"ADSL_2P","DESCRIZIONE_TIPO_ADSL":"ADSL 2+ (24 mega)","DISTANZA_CALCOLATA":"1584.19","CLASSE_DISTANZA":"1300-1699","POTENZA_SEGNALE":"16071.67","POPOLAZIONE_SEZIONE": "24"}
			},
		 		{ "type" : "Feature",
				"geometry" : {
					"type" : "Point",
					"coordinates" : [8.54483,45.45485]},
			"properties" : { "ANNO":"2010","ID_SEZIONE":"1010","ISTAT_COMUNE_SEZ":"3135","COMUNE_SEZ":"SAN PIETRO MOSEZZO","PROVINCIA":"NO","ID_CENTRALE":"1218","NOME_CENTRALE":"S. PIETRO MOSEZZO","ISTAT_COMUNE_CENTR":"3135","COMUNE_CENTR":"SAN PIETRO MOSEZZO","PROVINCIA_CENTR":"NO","INDIRIZZO_CENTRALE":"VICOLO DELLE SCUOLE","LATITUDINE_SEZIONE":"45.45485","LONGITUDINE_SEZIONE":"8.54483","POS_X_SEZIONE":"464410.57421","POS_Y_SEZIONE":"5033581.31720","LATITUDINE_CENTRALE":"45.45544","LONGITUDINE_CENTRALE":"8.54283","POS_X_CENTRALE":"464254.28514","POS_Y_CENTRALE":"5033647.76928","TIPO_ADSL":"ADSL_2P","DESCRIZIONE_TIPO_ADSL":"ADSL 2+ (24 mega)","DISTANZA_CALCOLATA":"169.83","CLASSE_DISTANZA":"100-499","POTENZA_SEGNALE":"19761.67","POPOLAZIONE_SEZIONE": "610"}
			},
		 		{ "type" : "Feature",
				"geometry" : {
					"type" : "Point",
					"coordinates" : [8.56338,45.45506]},
			"properties" : { "ANNO":"2010","ID_SEZIONE":"4931","ISTAT_COMUNE_SEZ":"3135","COMUNE_SEZ":"SAN PIETRO MOSEZZO","PROVINCIA":"NO","ID_CENTRALE":"1218","NOME_CENTRALE":"S. PIETRO MOSEZZO","ISTAT_COMUNE_CENTR":"3135","COMUNE_CENTR":"SAN PIETRO MOSEZZO","PROVINCIA_CENTR":"NO","INDIRIZZO_CENTRALE":"VICOLO DELLE SCUOLE","LATITUDINE_SEZIONE":"45.45506","LONGITUDINE_SEZIONE":"8.56338","POS_X_SEZIONE":"465861.17364","POS_Y_SEZIONE":"5033596.82312","LATITUDINE_CENTRALE":"45.45544","LONGITUDINE_CENTRALE":"8.54283","POS_X_CENTRALE":"464254.28514","POS_Y_CENTRALE":"5033647.76928","TIPO_ADSL":"ADSL_2P","DESCRIZIONE_TIPO_ADSL":"ADSL 2+ (24 mega)","DISTANZA_CALCOLATA":"1607.7","CLASSE_DISTANZA":"1300-1699","POTENZA_SEGNALE":"16071.67","POPOLAZIONE_SEZIONE": "86"}
			},
		 		{ "type" : "Feature",
				"geometry" : {
					"type" : "Point",
					"coordinates" : [8.54037,45.46302]},
			"properties" : { "ANNO":"2010","ID_SEZIONE":"8153","ISTAT_COMUNE_SEZ":"3135","COMUNE_SEZ":"SAN PIETRO MOSEZZO","PROVINCIA":"NO","ID_CENTRALE":"1218","NOME_CENTRALE":"S. PIETRO MOSEZZO","ISTAT_COMUNE_CENTR":"3135","COMUNE_CENTR":"SAN PIETRO MOSEZZO","PROVINCIA_CENTR":"NO","INDIRIZZO_CENTRALE":"VICOLO DELLE SCUOLE","LATITUDINE_SEZIONE":"45.46302","LONGITUDINE_SEZIONE":"8.54037","POS_X_SEZIONE":"464067.30074","POS_Y_SEZIONE":"5034490.80892","LATITUDINE_CENTRALE":"45.45544","LONGITUDINE_CENTRALE":"8.54283","POS_X_CENTRALE":"464254.28514","POS_Y_CENTRALE":"5033647.76928","TIPO_ADSL":"ADSL_2P","DESCRIZIONE_TIPO_ADSL":"ADSL 2+ (24 mega)","DISTANZA_CALCOLATA":"863.53","CLASSE_DISTANZA":"500-899","POTENZA_SEGNALE":"19523.33","POPOLAZIONE_SEZIONE": "7"}
			},
		 		{ "type" : "Feature",
				"geometry" : {
					"type" : "Point",
					"coordinates" : [8.52419,45.42944]},
			"properties" : { "ANNO":"2010","ID_SEZIONE":"10105","ISTAT_COMUNE_SEZ":"3135","COMUNE_SEZ":"SAN PIETRO MOSEZZO","PROVINCIA":"NO","ID_CENTRALE":"1218","NOME_CENTRALE":"S. PIETRO MOSEZZO","ISTAT_COMUNE_CENTR":"3135","COMUNE_CENTR":"SAN PIETRO MOSEZZO","PROVINCIA_CENTR":"NO","INDIRIZZO_CENTRALE":"VICOLO DELLE SCUOLE","LATITUDINE_SEZIONE":"45.42944","LONGITUDINE_SEZIONE":"8.52419","POS_X_SEZIONE":"462780.25408","POS_Y_SEZIONE":"5030767.83112","LATITUDINE_CENTRALE":"45.45544","LONGITUDINE_CENTRALE":"8.54283","POS_X_CENTRALE":"464254.28514","POS_Y_CENTRALE":"5033647.76928","TIPO_ADSL":"ADSL_2P","DESCRIZIONE_TIPO_ADSL":"ADSL 2+ (24 mega)","DISTANZA_CALCOLATA":"3235.25","CLASSE_DISTANZA":"2900-3299","POTENZA_SEGNALE":"5238.33","POPOLAZIONE_SEZIONE": "15"}
			},
		 		{ "type" : "Feature",
				"geometry" : {
					"type" : "Point",
					"coordinates" : [8.52290,45.46531]},
			"properties" : { "ANNO":"2010","ID_SEZIONE":"13463","ISTAT_COMUNE_SEZ":"3135","COMUNE_SEZ":"SAN PIETRO MOSEZZO","PROVINCIA":"NO","ID_CENTRALE":"1218","NOME_CENTRALE":"S. PIETRO MOSEZZO","ISTAT_COMUNE_CENTR":"3135","COMUNE_CENTR":"SAN PIETRO MOSEZZO","PROVINCIA_CENTR":"NO","INDIRIZZO_CENTRALE":"VICOLO DELLE SCUOLE","LATITUDINE_SEZIONE":"45.46531","LONGITUDINE_SEZIONE":"8.52290","POS_X_SEZIONE":"462702.73216","POS_Y_SEZIONE":"5034753.30108","LATITUDINE_CENTRALE":"45.45544","LONGITUDINE_CENTRALE":"8.54283","POS_X_CENTRALE":"464254.28514","POS_Y_CENTRALE":"5033647.76928","TIPO_ADSL":"ADSL_2P","DESCRIZIONE_TIPO_ADSL":"ADSL 2+ (24 mega)","DISTANZA_CALCOLATA":"1905.13","CLASSE_DISTANZA":"1700-2099","POTENZA_SEGNALE":"12975.83","POPOLAZIONE_SEZIONE": "179"}
			},
		 		{ "type" : "Feature",
				"geometry" : {
					"type" : "Point",
					"coordinates" : [8.53863,45.49299]},
			"properties" : { "ANNO":"2010","ID_SEZIONE":"14444","ISTAT_COMUNE_SEZ":"3135","COMUNE_SEZ":"SAN PIETRO MOSEZZO","PROVINCIA":"NO","ID_CENTRALE":"1218","NOME_CENTRALE":"S. PIETRO MOSEZZO","ISTAT_COMUNE_CENTR":"3135","COMUNE_CENTR":"SAN PIETRO MOSEZZO","PROVINCIA_CENTR":"NO","INDIRIZZO_CENTRALE":"VICOLO DELLE SCUOLE","LATITUDINE_SEZIONE":"45.49299","LONGITUDINE_SEZIONE":"8.53863","POS_X_SEZIONE":"463949.96519","POS_Y_SEZIONE":"5037821.28239","LATITUDINE_CENTRALE":"45.45544","LONGITUDINE_CENTRALE":"8.54283","POS_X_CENTRALE":"464254.28514","POS_Y_CENTRALE":"5033647.76928","TIPO_ADSL":"ADSL_2P","DESCRIZIONE_TIPO_ADSL":"ADSL 2+ (24 mega)","DISTANZA_CALCOLATA":"4184.59","CLASSE_DISTANZA":"4100-4499","POTENZA_SEGNALE":"2024.17","POPOLAZIONE_SEZIONE": "17"}
			},
		 		{ "type" : "Feature",
				"geometry" : {
					"type" : "Point",
					"coordinates" : [8.51550,45.44736]},
			"properties" : { "ANNO":"2010","ID_SEZIONE":"16390","ISTAT_COMUNE_SEZ":"3135","COMUNE_SEZ":"SAN PIETRO MOSEZZO","PROVINCIA":"NO","ID_CENTRALE":"1218","NOME_CENTRALE":"S. PIETRO MOSEZZO","ISTAT_COMUNE_CENTR":"3135","COMUNE_CENTR":"SAN PIETRO MOSEZZO","PROVINCIA_CENTR":"NO","INDIRIZZO_CENTRALE":"VICOLO DELLE SCUOLE","LATITUDINE_SEZIONE":"45.44736","LONGITUDINE_SEZIONE":"8.51550","POS_X_SEZIONE":"462111.89492","POS_Y_SEZIONE":"5032762.81301","LATITUDINE_CENTRALE":"45.45544","LONGITUDINE_CENTRALE":"8.54283","POS_X_CENTRALE":"464254.28514","POS_Y_CENTRALE":"5033647.76928","TIPO_ADSL":"ADSL_2P","DESCRIZIONE_TIPO_ADSL":"ADSL 2+ (24 mega)","DISTANZA_CALCOLATA":"2317.97","CLASSE_DISTANZA":"2100-2499","POTENZA_SEGNALE":"10000","POPOLAZIONE_SEZIONE": "16"}
			},
		 		{ "type" : "Feature",
				"geometry" : {
					"type" : "Point",
					"coordinates" : [8.52792,45.48080]},
			"properties" : { "ANNO":"2010","ID_SEZIONE":"18578","ISTAT_COMUNE_SEZ":"3135","COMUNE_SEZ":"SAN PIETRO MOSEZZO","PROVINCIA":"NO","ID_CENTRALE":"1218","NOME_CENTRALE":"S. PIETRO MOSEZZO","ISTAT_COMUNE_CENTR":"3135","COMUNE_CENTR":"SAN PIETRO MOSEZZO","PROVINCIA_CENTR":"NO","INDIRIZZO_CENTRALE":"VICOLO DELLE SCUOLE","LATITUDINE_SEZIONE":"45.48080","LONGITUDINE_SEZIONE":"8.52792","POS_X_SEZIONE":"463105.35309","POS_Y_SEZIONE":"5036471.79017","LATITUDINE_CENTRALE":"45.45544","LONGITUDINE_CENTRALE":"8.54283","POS_X_CENTRALE":"464254.28514","POS_Y_CENTRALE":"5033647.76928","TIPO_ADSL":"ADSL_2P","DESCRIZIONE_TIPO_ADSL":"ADSL 2+ (24 mega)","DISTANZA_CALCOLATA":"3048.79","CLASSE_DISTANZA":"2900-3299","POTENZA_SEGNALE":"5238.33","POPOLAZIONE_SEZIONE": "3"}
			},
		 		{ "type" : "Feature",
				"geometry" : {
					"type" : "Point",
					"coordinates" : [8.56550,45.49822]},
			"properties" : { "ANNO":"2010","ID_SEZIONE":"22496","ISTAT_COMUNE_SEZ":"3135","COMUNE_SEZ":"SAN PIETRO MOSEZZO","PROVINCIA":"NO","ID_CENTRALE":"1218","NOME_CENTRALE":"S. PIETRO MOSEZZO","ISTAT_COMUNE_CENTR":"3135","COMUNE_CENTR":"SAN PIETRO MOSEZZO","PROVINCIA_CENTR":"NO","INDIRIZZO_CENTRALE":"VICOLO DELLE SCUOLE","LATITUDINE_SEZIONE":"45.49822","LONGITUDINE_SEZIONE":"8.56550","POS_X_SEZIONE":"466052.64474","POS_Y_SEZIONE":"5038390.78460","LATITUDINE_CENTRALE":"45.45544","LONGITUDINE_CENTRALE":"8.54283","POS_X_CENTRALE":"464254.28514","POS_Y_CENTRALE":"5033647.76928","TIPO_ADSL":"ADSL_2P","DESCRIZIONE_TIPO_ADSL":"ADSL 2+ (24 mega)","DISTANZA_CALCOLATA":"5072.5","CLASSE_DISTANZA":"4900-5299","POTENZA_SEGNALE":"952.50","POPOLAZIONE_SEZIONE": "13"}
			},
		 		{ "type" : "Feature",
				"geometry" : {
					"type" : "Point",
					"coordinates" : [8.51775,45.46142]},
			"properties" : { "ANNO":"2010","ID_SEZIONE":"24463","ISTAT_COMUNE_SEZ":"3135","COMUNE_SEZ":"SAN PIETRO MOSEZZO","PROVINCIA":"NO","ID_CENTRALE":"1218","NOME_CENTRALE":"S. PIETRO MOSEZZO","ISTAT_COMUNE_CENTR":"3135","COMUNE_CENTR":"SAN PIETRO MOSEZZO","PROVINCIA_CENTR":"NO","INDIRIZZO_CENTRALE":"VICOLO DELLE SCUOLE","LATITUDINE_SEZIONE":"45.46142","LONGITUDINE_SEZIONE":"8.51775","POS_X_SEZIONE":"462297.77037","POS_Y_SEZIONE":"5034323.80271","LATITUDINE_CENTRALE":"45.45544","LONGITUDINE_CENTRALE":"8.54283","POS_X_CENTRALE":"464254.28514","POS_Y_CENTRALE":"5033647.76928","TIPO_ADSL":"ADSL_2P","DESCRIZIONE_TIPO_ADSL":"ADSL 2+ (24 mega)","DISTANZA_CALCOLATA":"2070.02","CLASSE_DISTANZA":"1700-2099","POTENZA_SEGNALE":"12975.83","POPOLAZIONE_SEZIONE": "9"}
			},
		 		{ "type" : "Feature",
				"geometry" : {
					"type" : "Point",
					"coordinates" : [8.56788,45.44842]},
			"properties" : { "ANNO":"2010","ID_SEZIONE":"26187","ISTAT_COMUNE_SEZ":"3135","COMUNE_SEZ":"SAN PIETRO MOSEZZO","PROVINCIA":"NO","ID_CENTRALE":"1218","NOME_CENTRALE":"S. PIETRO MOSEZZO","ISTAT_COMUNE_CENTR":"3135","COMUNE_CENTR":"SAN PIETRO MOSEZZO","PROVINCIA_CENTR":"NO","INDIRIZZO_CENTRALE":"VICOLO DELLE SCUOLE","LATITUDINE_SEZIONE":"45.44842","LONGITUDINE_SEZIONE":"8.56788","POS_X_SEZIONE":"466208.79194","POS_Y_SEZIONE":"5032857.33077","LATITUDINE_CENTRALE":"45.45544","LONGITUDINE_CENTRALE":"8.54283","POS_X_CENTRALE":"464254.28514","POS_Y_CENTRALE":"5033647.76928","TIPO_ADSL":"ADSL_2P","DESCRIZIONE_TIPO_ADSL":"ADSL 2+ (24 mega)","DISTANZA_CALCOLATA":"2108.29","CLASSE_DISTANZA":"2100-2499","POTENZA_SEGNALE":"10000","POPOLAZIONE_SEZIONE": "129"}
			},
		 		{ "type" : "Feature",
				"geometry" : {
					"type" : "Point",
					"coordinates" : [8.54487,45.44958]},
			"properties" : { "ANNO":"2010","ID_SEZIONE":"27060","ISTAT_COMUNE_SEZ":"3135","COMUNE_SEZ":"SAN PIETRO MOSEZZO","PROVINCIA":"NO","ID_CENTRALE":"1218","NOME_CENTRALE":"S. PIETRO MOSEZZO","ISTAT_COMUNE_CENTR":"3135","COMUNE_CENTR":"SAN PIETRO MOSEZZO","PROVINCIA_CENTR":"NO","INDIRIZZO_CENTRALE":"VICOLO DELLE SCUOLE","LATITUDINE_SEZIONE":"45.44958","LONGITUDINE_SEZIONE":"8.54487","POS_X_SEZIONE":"464410.13645","POS_Y_SEZIONE":"5032995.82165","LATITUDINE_CENTRALE":"45.45544","LONGITUDINE_CENTRALE":"8.54283","POS_X_CENTRALE":"464254.28514","POS_Y_CENTRALE":"5033647.76928","TIPO_ADSL":"ADSL_2P","DESCRIZIONE_TIPO_ADSL":"ADSL 2+ (24 mega)","DISTANZA_CALCOLATA":"670.32","CLASSE_DISTANZA":"500-899","POTENZA_SEGNALE":"19523.33","POPOLAZIONE_SEZIONE": "17"}
			},
		 		{ "type" : "Feature",
				"geometry" : {
					"type" : "Point",
					"coordinates" : [8.51250,45.46997]},
			"properties" : { "ANNO":"2010","ID_SEZIONE":"28901","ISTAT_COMUNE_SEZ":"3135","COMUNE_SEZ":"SAN PIETRO MOSEZZO","PROVINCIA":"NO","ID_CENTRALE":"1218","NOME_CENTRALE":"S. PIETRO MOSEZZO","ISTAT_COMUNE_CENTR":"3135","COMUNE_CENTR":"SAN PIETRO MOSEZZO","PROVINCIA_CENTR":"NO","INDIRIZZO_CENTRALE":"VICOLO DELLE SCUOLE","LATITUDINE_SEZIONE":"45.46997","LONGITUDINE_SEZIONE":"8.51250","POS_X_SEZIONE":"461892.56077","POS_Y_SEZIONE":"5035275.29429","LATITUDINE_CENTRALE":"45.45544","LONGITUDINE_CENTRALE":"8.54283","POS_X_CENTRALE":"464254.28514","POS_Y_CENTRALE":"5033647.76928","TIPO_ADSL":"ADSL_2P","DESCRIZIONE_TIPO_ADSL":"ADSL 2+ (24 mega)","DISTANZA_CALCOLATA":"2868.2","CLASSE_DISTANZA":"2500-2899","POTENZA_SEGNALE":"7380.83","POPOLAZIONE_SEZIONE": ""}
			},
		 		{ "type" : "Feature",
				"geometry" : {
					"type" : "Point",
					"coordinates" : [8.54468,45.49196]},
			"properties" : { "ANNO":"2010","ID_SEZIONE":"32037","ISTAT_COMUNE_SEZ":"3135","COMUNE_SEZ":"SAN PIETRO MOSEZZO","PROVINCIA":"NO","ID_CENTRALE":"1218","NOME_CENTRALE":"S. PIETRO MOSEZZO","ISTAT_COMUNE_CENTR":"3135","COMUNE_CENTR":"SAN PIETRO MOSEZZO","PROVINCIA_CENTR":"NO","INDIRIZZO_CENTRALE":"VICOLO DELLE SCUOLE","LATITUDINE_SEZIONE":"45.49196","LONGITUDINE_SEZIONE":"8.54468","POS_X_SEZIONE":"464422.17511","POS_Y_SEZIONE":"5037704.28527","LATITUDINE_CENTRALE":"45.45544","LONGITUDINE_CENTRALE":"8.54283","POS_X_CENTRALE":"464254.28514","POS_Y_CENTRALE":"5033647.76928","TIPO_ADSL":"ADSL_2P","DESCRIZIONE_TIPO_ADSL":"ADSL 2+ (24 mega)","DISTANZA_CALCOLATA":"4059.99","CLASSE_DISTANZA":"3700-4099","POTENZA_SEGNALE":"2857.5","POPOLAZIONE_SEZIONE": "16"}
			}
		 		]
	}
		