 	{ "type" : "FeatureCollection",
		"features" : [
		 		{ "type" : "Feature",
				"geometry" : {
					"type" : "Point",
					"coordinates" : [7.75593,45.11011]},
			"properties" : { "ANNO":"2010","ID_SEZIONE":"286","ISTAT_COMUNE_SEZ":"1249","COMUNE_SEZ":"SAN MAURO TORINESE","PROVINCIA":"TO","ID_CENTRALE":"1488","NOME_CENTRALE":"TORINO S. MAURO","ISTAT_COMUNE_CENTR":"1249","COMUNE_CENTR":"SAN MAURO TORINESE","PROVINCIA_CENTR":"TO","INDIRIZZO_CENTRALE":"VIA CESARE BATTISTI 17","LATITUDINE_SEZIONE":"45.11011","LONGITUDINE_SEZIONE":"7.75593","POS_X_SEZIONE":"402136.48366","POS_Y_SEZIONE":"4995934.72158","LATITUDINE_CENTRALE":"45.09987","LONGITUDINE_CENTRALE":"7.76505","POS_X_CENTRALE":"402836.05054","POS_Y_CENTRALE":"4994786.13848","TIPO_ADSL":"ADSL_2P","DESCRIZIONE_TIPO_ADSL":"ADSL 2+ (24 mega)","DISTANZA_CALCOLATA":"1344.86","CLASSE_DISTANZA":"1300-1699","POTENZA_SEGNALE":"16071.67","POPOLAZIONE_SEZIONE": "73"}
			},
		 		{ "type" : "Feature",
				"geometry" : {
					"type" : "Point",
					"coordinates" : [7.74510,45.11174]},
			"properties" : { "ANNO":"2010","ID_SEZIONE":"1382","ISTAT_COMUNE_SEZ":"1249","COMUNE_SEZ":"SAN MAURO TORINESE","PROVINCIA":"TO","ID_CENTRALE":"1488","NOME_CENTRALE":"TORINO S. MAURO","ISTAT_COMUNE_CENTR":"1249","COMUNE_CENTR":"SAN MAURO TORINESE","PROVINCIA_CENTR":"TO","INDIRIZZO_CENTRALE":"VIA CESARE BATTISTI 17","LATITUDINE_SEZIONE":"45.11174","LONGITUDINE_SEZIONE":"7.74510","POS_X_SEZIONE":"401287.12020","POS_Y_SEZIONE":"4996129.21502","LATITUDINE_CENTRALE":"45.09987","LONGITUDINE_CENTRALE":"7.76505","POS_X_CENTRALE":"402836.05054","POS_Y_CENTRALE":"4994786.13848","TIPO_ADSL":"ADSL_2P","DESCRIZIONE_TIPO_ADSL":"ADSL 2+ (24 mega)","DISTANZA_CALCOLATA":"2050.13","CLASSE_DISTANZA":"1700-2099","POTENZA_SEGNALE":"12975.83","POPOLAZIONE_SEZIONE": ""}
			},
		 		{ "type" : "Feature",
				"geometry" : {
					"type" : "Point",
					"coordinates" : [7.74735,45.09096]},
			"properties" : { "ANNO":"2010","ID_SEZIONE":"2075","ISTAT_COMUNE_SEZ":"1249","COMUNE_SEZ":"SAN MAURO TORINESE","PROVINCIA":"TO","ID_CENTRALE":"1488","NOME_CENTRALE":"TORINO S. MAURO","ISTAT_COMUNE_CENTR":"1249","COMUNE_CENTR":"SAN MAURO TORINESE","PROVINCIA_CENTR":"TO","INDIRIZZO_CENTRALE":"VIA CESARE BATTISTI 17","LATITUDINE_SEZIONE":"45.09096","LONGITUDINE_SEZIONE":"7.74735","POS_X_SEZIONE":"401428.71585","POS_Y_SEZIONE":"4993818.19601","LATITUDINE_CENTRALE":"45.09987","LONGITUDINE_CENTRALE":"7.76505","POS_X_CENTRALE":"402836.05054","POS_Y_CENTRALE":"4994786.13848","TIPO_ADSL":"ADSL_2P","DESCRIZIONE_TIPO_ADSL":"ADSL 2+ (24 mega)","DISTANZA_CALCOLATA":"1708.07","CLASSE_DISTANZA":"1700-2099","POTENZA_SEGNALE":"12975.83","POPOLAZIONE_SEZIONE": "796"}
			},
		 		{ "type" : "Feature",
				"geometry" : {
					"type" : "Point",
					"coordinates" : [7.77240,45.10534]},
			"properties" : { "ANNO":"2010","ID_SEZIONE":"2723","ISTAT_COMUNE_SEZ":"1249","COMUNE_SEZ":"SAN MAURO TORINESE","PROVINCIA":"TO","ID_CENTRALE":"1488","NOME_CENTRALE":"TORINO S. MAURO","ISTAT_COMUNE_CENTR":"1249","COMUNE_CENTR":"SAN MAURO TORINESE","PROVINCIA_CENTR":"TO","INDIRIZZO_CENTRALE":"VIA CESARE BATTISTI 17","LATITUDINE_SEZIONE":"45.10534","LONGITUDINE_SEZIONE":"7.77240","POS_X_SEZIONE":"403424.06228","POS_Y_SEZIONE":"4995385.22936","LATITUDINE_CENTRALE":"45.09987","LONGITUDINE_CENTRALE":"7.76505","POS_X_CENTRALE":"402836.05054","POS_Y_CENTRALE":"4994786.13848","TIPO_ADSL":"ADSL_2P","DESCRIZIONE_TIPO_ADSL":"ADSL 2+ (24 mega)","DISTANZA_CALCOLATA":"839.44","CLASSE_DISTANZA":"500-899","POTENZA_SEGNALE":"19523.33","POPOLAZIONE_SEZIONE": "1070"}
			},
		 		{ "type" : "Feature",
				"geometry" : {
					"type" : "Point",
					"coordinates" : [7.79886,45.10638]},
			"properties" : { "ANNO":"2010","ID_SEZIONE":"3187","ISTAT_COMUNE_SEZ":"1068","COMUNE_SEZ":"CASTIGLIONE TORINESE","PROVINCIA":"TO","ID_CENTRALE":"1488","NOME_CENTRALE":"TORINO S. MAURO","ISTAT_COMUNE_CENTR":"1249","COMUNE_CENTR":"SAN MAURO TORINESE","PROVINCIA_CENTR":"TO","INDIRIZZO_CENTRALE":"VIA CESARE BATTISTI 17","LATITUDINE_SEZIONE":"45.10638","LONGITUDINE_SEZIONE":"7.79886","POS_X_SEZIONE":"405506.81582","POS_Y_SEZIONE":"4995469.25010","LATITUDINE_CENTRALE":"45.09987","LONGITUDINE_CENTRALE":"7.76505","POS_X_CENTRALE":"402836.05054","POS_Y_CENTRALE":"4994786.13848","TIPO_ADSL":"ADSL_2P","DESCRIZIONE_TIPO_ADSL":"ADSL 2+ (24 mega)","DISTANZA_CALCOLATA":"2756.74","CLASSE_DISTANZA":"2500-2899","POTENZA_SEGNALE":"7380.83","POPOLAZIONE_SEZIONE": "226"}
			},
		 		{ "type" : "Feature",
				"geometry" : {
					"type" : "Point",
					"coordinates" : [7.75286,45.08490]},
			"properties" : { "ANNO":"2010","ID_SEZIONE":"3649","ISTAT_COMUNE_SEZ":"1249","COMUNE_SEZ":"SAN MAURO TORINESE","PROVINCIA":"TO","ID_CENTRALE":"1488","NOME_CENTRALE":"TORINO S. MAURO","ISTAT_COMUNE_CENTR":"1249","COMUNE_CENTR":"SAN MAURO TORINESE","PROVINCIA_CENTR":"TO","INDIRIZZO_CENTRALE":"VIA CESARE BATTISTI 17","LATITUDINE_SEZIONE":"45.08490","LONGITUDINE_SEZIONE":"7.75286","POS_X_SEZIONE":"401851.33755","POS_Y_SEZIONE":"4993138.19448","LATITUDINE_CENTRALE":"45.09987","LONGITUDINE_CENTRALE":"7.76505","POS_X_CENTRALE":"402836.05054","POS_Y_CENTRALE":"4994786.13848","TIPO_ADSL":"ADSL_2P","DESCRIZIONE_TIPO_ADSL":"ADSL 2+ (24 mega)","DISTANZA_CALCOLATA":"1919.73","CLASSE_DISTANZA":"1700-2099","POTENZA_SEGNALE":"12975.83","POPOLAZIONE_SEZIONE": "3"}
			},
		 		{ "type" : "Feature",
				"geometry" : {
					"type" : "Point",
					"coordinates" : [7.75034,45.09362]},
			"properties" : { "ANNO":"2010","ID_SEZIONE":"5408","ISTAT_COMUNE_SEZ":"1249","COMUNE_SEZ":"SAN MAURO TORINESE","PROVINCIA":"TO","ID_CENTRALE":"1488","NOME_CENTRALE":"TORINO S. MAURO","ISTAT_COMUNE_CENTR":"1249","COMUNE_CENTR":"SAN MAURO TORINESE","PROVINCIA_CENTR":"TO","INDIRIZZO_CENTRALE":"VIA CESARE BATTISTI 17","LATITUDINE_SEZIONE":"45.09362","LONGITUDINE_SEZIONE":"7.75034","POS_X_SEZIONE":"401668.46241","POS_Y_SEZIONE":"4994109.70117","LATITUDINE_CENTRALE":"45.09987","LONGITUDINE_CENTRALE":"7.76505","POS_X_CENTRALE":"402836.05054","POS_Y_CENTRALE":"4994786.13848","TIPO_ADSL":"ADSL_2P","DESCRIZIONE_TIPO_ADSL":"ADSL 2+ (24 mega)","DISTANZA_CALCOLATA":"1349.38","CLASSE_DISTANZA":"1300-1699","POTENZA_SEGNALE":"16071.67","POPOLAZIONE_SEZIONE": "842"}
			},
		 		{ "type" : "Feature",
				"geometry" : {
					"type" : "Point",
					"coordinates" : [7.74686,45.10893]},
			"properties" : { "ANNO":"2010","ID_SEZIONE":"7059","ISTAT_COMUNE_SEZ":"1249","COMUNE_SEZ":"SAN MAURO TORINESE","PROVINCIA":"TO","ID_CENTRALE":"1488","NOME_CENTRALE":"TORINO S. MAURO","ISTAT_COMUNE_CENTR":"1249","COMUNE_CENTR":"SAN MAURO TORINESE","PROVINCIA_CENTR":"TO","INDIRIZZO_CENTRALE":"VIA CESARE BATTISTI 17","LATITUDINE_SEZIONE":"45.10893","LONGITUDINE_SEZIONE":"7.74686","POS_X_SEZIONE":"401420.93191","POS_Y_SEZIONE":"4995814.71390","LATITUDINE_CENTRALE":"45.09987","LONGITUDINE_CENTRALE":"7.76505","POS_X_CENTRALE":"402836.05054","POS_Y_CENTRALE":"4994786.13848","TIPO_ADSL":"ADSL_2P","DESCRIZIONE_TIPO_ADSL":"ADSL 2+ (24 mega)","DISTANZA_CALCOLATA":"1749.44","CLASSE_DISTANZA":"1700-2099","POTENZA_SEGNALE":"12975.83","POPOLAZIONE_SEZIONE": "457"}
			},
		 		{ "type" : "Feature",
				"geometry" : {
					"type" : "Point",
					"coordinates" : [7.75514,45.09804]},
			"properties" : { "ANNO":"2010","ID_SEZIONE":"7156","ISTAT_COMUNE_SEZ":"1249","COMUNE_SEZ":"SAN MAURO TORINESE","PROVINCIA":"TO","ID_CENTRALE":"1488","NOME_CENTRALE":"TORINO S. MAURO","ISTAT_COMUNE_CENTR":"1249","COMUNE_CENTR":"SAN MAURO TORINESE","PROVINCIA_CENTR":"TO","INDIRIZZO_CENTRALE":"VIA CESARE BATTISTI 17","LATITUDINE_SEZIONE":"45.09804","LONGITUDINE_SEZIONE":"7.75514","POS_X_SEZIONE":"402053.77006","POS_Y_SEZIONE":"4994595.70898","LATITUDINE_CENTRALE":"45.09987","LONGITUDINE_CENTRALE":"7.76505","POS_X_CENTRALE":"402836.05054","POS_Y_CENTRALE":"4994786.13848","TIPO_ADSL":"ADSL_2P","DESCRIZIONE_TIPO_ADSL":"ADSL 2+ (24 mega)","DISTANZA_CALCOLATA":"805.12","CLASSE_DISTANZA":"500-899","POTENZA_SEGNALE":"19523.33","POPOLAZIONE_SEZIONE": ""}
			},
		 		{ "type" : "Feature",
				"geometry" : {
					"type" : "Point",
					"coordinates" : [7.76147,45.09730]},
			"properties" : { "ANNO":"2010","ID_SEZIONE":"7157","ISTAT_COMUNE_SEZ":"1249","COMUNE_SEZ":"SAN MAURO TORINESE","PROVINCIA":"TO","ID_CENTRALE":"1488","NOME_CENTRALE":"TORINO S. MAURO","ISTAT_COMUNE_CENTR":"1249","COMUNE_CENTR":"SAN MAURO TORINESE","PROVINCIA_CENTR":"TO","INDIRIZZO_CENTRALE":"VIA CESARE BATTISTI 17","LATITUDINE_SEZIONE":"45.09730","LONGITUDINE_SEZIONE":"7.76147","POS_X_SEZIONE":"402550.32609","POS_Y_SEZIONE":"4994505.21349","LATITUDINE_CENTRALE":"45.09987","LONGITUDINE_CENTRALE":"7.76505","POS_X_CENTRALE":"402836.05054","POS_Y_CENTRALE":"4994786.13848","TIPO_ADSL":"ADSL_2P","DESCRIZIONE_TIPO_ADSL":"ADSL 2+ (24 mega)","DISTANZA_CALCOLATA":"400.70","CLASSE_DISTANZA":"100-499","POTENZA_SEGNALE":"19761.67","POPOLAZIONE_SEZIONE": "675"}
			},
		 		{ "type" : "Feature",
				"geometry" : {
					"type" : "Point",
					"coordinates" : [7.67498,45.09794]},
			"properties" : { "ANNO":"2010","ID_SEZIONE":"12493","ISTAT_COMUNE_SEZ":"1272","COMUNE_SEZ":"TORINO","PROVINCIA":"TO","ID_CENTRALE":"1488","NOME_CENTRALE":"TORINO S. MAURO","ISTAT_COMUNE_CENTR":"1249","COMUNE_CENTR":"SAN MAURO TORINESE","PROVINCIA_CENTR":"TO","INDIRIZZO_CENTRALE":"VIA CESARE BATTISTI 17","LATITUDINE_SEZIONE":"45.09794","LONGITUDINE_SEZIONE":"7.67498","POS_X_SEZIONE":"395745.95617","POS_Y_SEZIONE":"4994684.17234","LATITUDINE_CENTRALE":"45.09987","LONGITUDINE_CENTRALE":"7.76505","POS_X_CENTRALE":"402836.05054","POS_Y_CENTRALE":"4994786.13848","TIPO_ADSL":"ADSL_2P","DESCRIZIONE_TIPO_ADSL":"ADSL 2+ (24 mega)","DISTANZA_CALCOLATA":"7090.83","CLASSE_DISTANZA":"6100 e oltre","POTENZA_SEGNALE":"0.00","POPOLAZIONE_SEZIONE": "316"}
			},
		 		{ "type" : "Feature",
				"geometry" : {
					"type" : "Point",
					"coordinates" : [7.76068,45.10447]},
			"properties" : { "ANNO":"2010","ID_SEZIONE":"12506","ISTAT_COMUNE_SEZ":"1249","COMUNE_SEZ":"SAN MAURO TORINESE","PROVINCIA":"TO","ID_CENTRALE":"1488","NOME_CENTRALE":"TORINO S. MAURO","ISTAT_COMUNE_CENTR":"1249","COMUNE_CENTR":"SAN MAURO TORINESE","PROVINCIA_CENTR":"TO","INDIRIZZO_CENTRALE":"VIA CESARE BATTISTI 17","LATITUDINE_SEZIONE":"45.10447","LONGITUDINE_SEZIONE":"7.76068","POS_X_SEZIONE":"402500.44961","POS_Y_SEZIONE":"4995303.21976","LATITUDINE_CENTRALE":"45.09987","LONGITUDINE_CENTRALE":"7.76505","POS_X_CENTRALE":"402836.05054","POS_Y_CENTRALE":"4994786.13848","TIPO_ADSL":"ADSL_2P","DESCRIZIONE_TIPO_ADSL":"ADSL 2+ (24 mega)","DISTANZA_CALCOLATA":"616.44","CLASSE_DISTANZA":"500-899","POTENZA_SEGNALE":"19523.33","POPOLAZIONE_SEZIONE": "744"}
			},
		 		{ "type" : "Feature",
				"geometry" : {
					"type" : "Point",
					"coordinates" : [7.78048,45.11211]},
			"properties" : { "ANNO":"2010","ID_SEZIONE":"12898","ISTAT_COMUNE_SEZ":"1249","COMUNE_SEZ":"SAN MAURO TORINESE","PROVINCIA":"TO","ID_CENTRALE":"1488","NOME_CENTRALE":"TORINO S. MAURO","ISTAT_COMUNE_CENTR":"1249","COMUNE_CENTR":"SAN MAURO TORINESE","PROVINCIA_CENTR":"TO","INDIRIZZO_CENTRALE":"VIA CESARE BATTISTI 17","LATITUDINE_SEZIONE":"45.11211","LONGITUDINE_SEZIONE":"7.78048","POS_X_SEZIONE":"404070.92616","POS_Y_SEZIONE":"4996127.74149","LATITUDINE_CENTRALE":"45.09987","LONGITUDINE_CENTRALE":"7.76505","POS_X_CENTRALE":"402836.05054","POS_Y_CENTRALE":"4994786.13848","TIPO_ADSL":"ADSL_2P","DESCRIZIONE_TIPO_ADSL":"ADSL 2+ (24 mega)","DISTANZA_CALCOLATA":"1823.41","CLASSE_DISTANZA":"1700-2099","POTENZA_SEGNALE":"12975.83","POPOLAZIONE_SEZIONE": "543"}
			},
		 		{ "type" : "Feature",
				"geometry" : {
					"type" : "Point",
					"coordinates" : [7.79174,45.11312]},
			"properties" : { "ANNO":"2010","ID_SEZIONE":"13054","ISTAT_COMUNE_SEZ":"1249","COMUNE_SEZ":"SAN MAURO TORINESE","PROVINCIA":"TO","ID_CENTRALE":"1488","NOME_CENTRALE":"TORINO S. MAURO","ISTAT_COMUNE_CENTR":"1249","COMUNE_CENTR":"SAN MAURO TORINESE","PROVINCIA_CENTR":"TO","INDIRIZZO_CENTRALE":"VIA CESARE BATTISTI 17","LATITUDINE_SEZIONE":"45.11312","LONGITUDINE_SEZIONE":"7.79174","POS_X_SEZIONE":"404958.16328","POS_Y_SEZIONE":"4996227.25074","LATITUDINE_CENTRALE":"45.09987","LONGITUDINE_CENTRALE":"7.76505","POS_X_CENTRALE":"402836.05054","POS_Y_CENTRALE":"4994786.13848","TIPO_ADSL":"ADSL_2P","DESCRIZIONE_TIPO_ADSL":"ADSL 2+ (24 mega)","DISTANZA_CALCOLATA":"2565.18","CLASSE_DISTANZA":"2500-2899","POTENZA_SEGNALE":"7380.83","POPOLAZIONE_SEZIONE": "596"}
			},
		 		{ "type" : "Feature",
				"geometry" : {
					"type" : "Point",
					"coordinates" : [7.76538,45.10804]},
			"properties" : { "ANNO":"2010","ID_SEZIONE":"13732","ISTAT_COMUNE_SEZ":"1249","COMUNE_SEZ":"SAN MAURO TORINESE","PROVINCIA":"TO","ID_CENTRALE":"1488","NOME_CENTRALE":"TORINO S. MAURO","ISTAT_COMUNE_CENTR":"1249","COMUNE_CENTR":"SAN MAURO TORINESE","PROVINCIA_CENTR":"TO","INDIRIZZO_CENTRALE":"VIA CESARE BATTISTI 17","LATITUDINE_SEZIONE":"45.10804","LONGITUDINE_SEZIONE":"7.76538","POS_X_SEZIONE":"402875.75688","POS_Y_SEZIONE":"4995694.22648","LATITUDINE_CENTRALE":"45.09987","LONGITUDINE_CENTRALE":"7.76505","POS_X_CENTRALE":"402836.05054","POS_Y_CENTRALE":"4994786.13848","TIPO_ADSL":"ADSL_2P","DESCRIZIONE_TIPO_ADSL":"ADSL 2+ (24 mega)","DISTANZA_CALCOLATA":"908.96","CLASSE_DISTANZA":"900-1299","POTENZA_SEGNALE":"17737.5","POPOLAZIONE_SEZIONE": ""}
			},
		 		{ "type" : "Feature",
				"geometry" : {
					"type" : "Point",
					"coordinates" : [7.75875,45.08772]},
			"properties" : { "ANNO":"2010","ID_SEZIONE":"13741","ISTAT_COMUNE_SEZ":"1249","COMUNE_SEZ":"SAN MAURO TORINESE","PROVINCIA":"TO","ID_CENTRALE":"1488","NOME_CENTRALE":"TORINO S. MAURO","ISTAT_COMUNE_CENTR":"1249","COMUNE_CENTR":"SAN MAURO TORINESE","PROVINCIA_CENTR":"TO","INDIRIZZO_CENTRALE":"VIA CESARE BATTISTI 17","LATITUDINE_SEZIONE":"45.08772","LONGITUDINE_SEZIONE":"7.75875","POS_X_SEZIONE":"402319.86260","POS_Y_SEZIONE":"4993444.70174","LATITUDINE_CENTRALE":"45.09987","LONGITUDINE_CENTRALE":"7.76505","POS_X_CENTRALE":"402836.05054","POS_Y_CENTRALE":"4994786.13848","TIPO_ADSL":"ADSL_2P","DESCRIZIONE_TIPO_ADSL":"ADSL 2+ (24 mega)","DISTANZA_CALCOLATA":"1437.32","CLASSE_DISTANZA":"1300-1699","POTENZA_SEGNALE":"16071.67","POPOLAZIONE_SEZIONE": "127"}
			},
		 		{ "type" : "Feature",
				"geometry" : {
					"type" : "Point",
					"coordinates" : [7.79447,45.09544]},
			"properties" : { "ANNO":"2010","ID_SEZIONE":"15151","ISTAT_COMUNE_SEZ":"1068","COMUNE_SEZ":"CASTIGLIONE TORINESE","PROVINCIA":"TO","ID_CENTRALE":"1488","NOME_CENTRALE":"TORINO S. MAURO","ISTAT_COMUNE_CENTR":"1249","COMUNE_CENTR":"SAN MAURO TORINESE","PROVINCIA_CENTR":"TO","INDIRIZZO_CENTRALE":"VIA CESARE BATTISTI 17","LATITUDINE_SEZIONE":"45.09544","LONGITUDINE_SEZIONE":"7.79447","POS_X_SEZIONE":"405143.26459","POS_Y_SEZIONE":"4994259.73713","LATITUDINE_CENTRALE":"45.09987","LONGITUDINE_CENTRALE":"7.76505","POS_X_CENTRALE":"402836.05054","POS_Y_CENTRALE":"4994786.13848","TIPO_ADSL":"ADSL_2P","DESCRIZIONE_TIPO_ADSL":"ADSL 2+ (24 mega)","DISTANZA_CALCOLATA":"2366.5","CLASSE_DISTANZA":"2100-2499","POTENZA_SEGNALE":"10000","POPOLAZIONE_SEZIONE": "151"}
			},
		 		{ "type" : "Feature",
				"geometry" : {
					"type" : "Point",
					"coordinates" : [7.77722,45.11240]},
			"properties" : { "ANNO":"2010","ID_SEZIONE":"16648","ISTAT_COMUNE_SEZ":"1249","COMUNE_SEZ":"SAN MAURO TORINESE","PROVINCIA":"TO","ID_CENTRALE":"1488","NOME_CENTRALE":"TORINO S. MAURO","ISTAT_COMUNE_CENTR":"1249","COMUNE_CENTR":"SAN MAURO TORINESE","PROVINCIA_CENTR":"TO","INDIRIZZO_CENTRALE":"VIA CESARE BATTISTI 17","LATITUDINE_SEZIONE":"45.11240","LONGITUDINE_SEZIONE":"7.77722","POS_X_SEZIONE":"403815.02344","POS_Y_SEZIONE":"4996164.23941","LATITUDINE_CENTRALE":"45.09987","LONGITUDINE_CENTRALE":"7.76505","POS_X_CENTRALE":"402836.05054","POS_Y_CENTRALE":"4994786.13848","TIPO_ADSL":"ADSL_2P","DESCRIZIONE_TIPO_ADSL":"ADSL 2+ (24 mega)","DISTANZA_CALCOLATA":"1690.43","CLASSE_DISTANZA":"1300-1699","POTENZA_SEGNALE":"16071.67","POPOLAZIONE_SEZIONE": "399"}
			},
		 		{ "type" : "Feature",
				"geometry" : {
					"type" : "Point",
					"coordinates" : [7.75722,45.09483]},
			"properties" : { "ANNO":"2010","ID_SEZIONE":"16651","ISTAT_COMUNE_SEZ":"1249","COMUNE_SEZ":"SAN MAURO TORINESE","PROVINCIA":"TO","ID_CENTRALE":"1488","NOME_CENTRALE":"TORINO S. MAURO","ISTAT_COMUNE_CENTR":"1249","COMUNE_CENTR":"SAN MAURO TORINESE","PROVINCIA_CENTR":"TO","INDIRIZZO_CENTRALE":"VIA CESARE BATTISTI 17","LATITUDINE_SEZIONE":"45.09483","LONGITUDINE_SEZIONE":"7.75722","POS_X_SEZIONE":"402211.39387","POS_Y_SEZIONE":"4994236.20766","LATITUDINE_CENTRALE":"45.09987","LONGITUDINE_CENTRALE":"7.76505","POS_X_CENTRALE":"402836.05054","POS_Y_CENTRALE":"4994786.13848","TIPO_ADSL":"ADSL_2P","DESCRIZIONE_TIPO_ADSL":"ADSL 2+ (24 mega)","DISTANZA_CALCOLATA":"832.24","CLASSE_DISTANZA":"500-899","POTENZA_SEGNALE":"19523.33","POPOLAZIONE_SEZIONE": "710"}
			},
		 		{ "type" : "Feature",
				"geometry" : {
					"type" : "Point",
					"coordinates" : [7.75782,45.11469]},
			"properties" : { "ANNO":"2010","ID_SEZIONE":"18271","ISTAT_COMUNE_SEZ":"1265","COMUNE_SEZ":"SETTIMO TORINESE","PROVINCIA":"TO","ID_CENTRALE":"1488","NOME_CENTRALE":"TORINO S. MAURO","ISTAT_COMUNE_CENTR":"1249","COMUNE_CENTR":"SAN MAURO TORINESE","PROVINCIA_CENTR":"TO","INDIRIZZO_CENTRALE":"VIA CESARE BATTISTI 17","LATITUDINE_SEZIONE":"45.11469","LONGITUDINE_SEZIONE":"7.75782","POS_X_SEZIONE":"402292.88737","POS_Y_SEZIONE":"4996441.72754","LATITUDINE_CENTRALE":"45.09987","LONGITUDINE_CENTRALE":"7.76505","POS_X_CENTRALE":"402836.05054","POS_Y_CENTRALE":"4994786.13848","TIPO_ADSL":"ADSL_2P","DESCRIZIONE_TIPO_ADSL":"ADSL 2+ (24 mega)","DISTANZA_CALCOLATA":"1742.41","CLASSE_DISTANZA":"1700-2099","POTENZA_SEGNALE":"12975.83","POPOLAZIONE_SEZIONE": "96"}
			},
		 		{ "type" : "Feature",
				"geometry" : {
					"type" : "Point",
					"coordinates" : [7.75466,45.10076]},
			"properties" : { "ANNO":"2010","ID_SEZIONE":"19082","ISTAT_COMUNE_SEZ":"1249","COMUNE_SEZ":"SAN MAURO TORINESE","PROVINCIA":"TO","ID_CENTRALE":"1488","NOME_CENTRALE":"TORINO S. MAURO","ISTAT_COMUNE_CENTR":"1249","COMUNE_CENTR":"SAN MAURO TORINESE","PROVINCIA_CENTR":"TO","INDIRIZZO_CENTRALE":"VIA CESARE BATTISTI 17","LATITUDINE_SEZIONE":"45.10076","LONGITUDINE_SEZIONE":"7.75466","POS_X_SEZIONE":"402020.55048","POS_Y_SEZIONE":"4994898.21138","LATITUDINE_CENTRALE":"45.09987","LONGITUDINE_CENTRALE":"7.76505","POS_X_CENTRALE":"402836.05054","POS_Y_CENTRALE":"4994786.13848","TIPO_ADSL":"ADSL_2P","DESCRIZIONE_TIPO_ADSL":"ADSL 2+ (24 mega)","DISTANZA_CALCOLATA":"823.17","CLASSE_DISTANZA":"500-899","POTENZA_SEGNALE":"19523.33","POPOLAZIONE_SEZIONE": "810"}
			},
		 		{ "type" : "Feature",
				"geometry" : {
					"type" : "Point",
					"coordinates" : [7.79187,45.11884]},
			"properties" : { "ANNO":"2010","ID_SEZIONE":"19203","ISTAT_COMUNE_SEZ":"1249","COMUNE_SEZ":"SAN MAURO TORINESE","PROVINCIA":"TO","ID_CENTRALE":"1488","NOME_CENTRALE":"TORINO S. MAURO","ISTAT_COMUNE_CENTR":"1249","COMUNE_CENTR":"SAN MAURO TORINESE","PROVINCIA_CENTR":"TO","INDIRIZZO_CENTRALE":"VIA CESARE BATTISTI 17","LATITUDINE_SEZIONE":"45.11884","LONGITUDINE_SEZIONE":"7.79187","POS_X_SEZIONE":"404977.78517","POS_Y_SEZIONE":"4996861.75595","LATITUDINE_CENTRALE":"45.09987","LONGITUDINE_CENTRALE":"7.76505","POS_X_CENTRALE":"402836.05054","POS_Y_CENTRALE":"4994786.13848","TIPO_ADSL":"ADSL_2P","DESCRIZIONE_TIPO_ADSL":"ADSL 2+ (24 mega)","DISTANZA_CALCOLATA":"2982.48","CLASSE_DISTANZA":"2900-3299","POTENZA_SEGNALE":"5238.33","POPOLAZIONE_SEZIONE": "10"}
			},
		 		{ "type" : "Feature",
				"geometry" : {
					"type" : "Point",
					"coordinates" : [7.75755,45.10737]},
			"properties" : { "ANNO":"2010","ID_SEZIONE":"20095","ISTAT_COMUNE_SEZ":"1249","COMUNE_SEZ":"SAN MAURO TORINESE","PROVINCIA":"TO","ID_CENTRALE":"1488","NOME_CENTRALE":"TORINO S. MAURO","ISTAT_COMUNE_CENTR":"1249","COMUNE_CENTR":"SAN MAURO TORINESE","PROVINCIA_CENTR":"TO","INDIRIZZO_CENTRALE":"VIA CESARE BATTISTI 17","LATITUDINE_SEZIONE":"45.10737","LONGITUDINE_SEZIONE":"7.75755","POS_X_SEZIONE":"402259.10817","POS_Y_SEZIONE":"4995628.21995","LATITUDINE_CENTRALE":"45.09987","LONGITUDINE_CENTRALE":"7.76505","POS_X_CENTRALE":"402836.05054","POS_Y_CENTRALE":"4994786.13848","TIPO_ADSL":"ADSL_2P","DESCRIZIONE_TIPO_ADSL":"ADSL 2+ (24 mega)","DISTANZA_CALCOLATA":"1020.77","CLASSE_DISTANZA":"900-1299","POTENZA_SEGNALE":"17737.5","POPOLAZIONE_SEZIONE": "956"}
			},
		 		{ "type" : "Feature",
				"geometry" : {
					"type" : "Point",
					"coordinates" : [7.75730,45.10234]},
			"properties" : { "ANNO":"2010","ID_SEZIONE":"22738","ISTAT_COMUNE_SEZ":"1249","COMUNE_SEZ":"SAN MAURO TORINESE","PROVINCIA":"TO","ID_CENTRALE":"1488","NOME_CENTRALE":"TORINO S. MAURO","ISTAT_COMUNE_CENTR":"1249","COMUNE_CENTR":"SAN MAURO TORINESE","PROVINCIA_CENTR":"TO","INDIRIZZO_CENTRALE":"VIA CESARE BATTISTI 17","LATITUDINE_SEZIONE":"45.10234","LONGITUDINE_SEZIONE":"7.75730","POS_X_SEZIONE":"402230.35988","POS_Y_SEZIONE":"4995070.71493","LATITUDINE_CENTRALE":"45.09987","LONGITUDINE_CENTRALE":"7.76505","POS_X_CENTRALE":"402836.05054","POS_Y_CENTRALE":"4994786.13848","TIPO_ADSL":"ADSL_2P","DESCRIZIONE_TIPO_ADSL":"ADSL 2+ (24 mega)","DISTANZA_CALCOLATA":"669.21","CLASSE_DISTANZA":"500-899","POTENZA_SEGNALE":"19523.33","POPOLAZIONE_SEZIONE": "646"}
			},
		 		{ "type" : "Feature",
				"geometry" : {
					"type" : "Point",
					"coordinates" : [7.77699,45.11596]},
			"properties" : { "ANNO":"2010","ID_SEZIONE":"23513","ISTAT_COMUNE_SEZ":"1249","COMUNE_SEZ":"SAN MAURO TORINESE","PROVINCIA":"TO","ID_CENTRALE":"1488","NOME_CENTRALE":"TORINO S. MAURO","ISTAT_COMUNE_CENTR":"1249","COMUNE_CENTR":"SAN MAURO TORINESE","PROVINCIA_CENTR":"TO","INDIRIZZO_CENTRALE":"VIA CESARE BATTISTI 17","LATITUDINE_SEZIONE":"45.11596","LONGITUDINE_SEZIONE":"7.77699","POS_X_SEZIONE":"403803.05288","POS_Y_SEZIONE":"4996559.74251","LATITUDINE_CENTRALE":"45.09987","LONGITUDINE_CENTRALE":"7.76505","POS_X_CENTRALE":"402836.05054","POS_Y_CENTRALE":"4994786.13848","TIPO_ADSL":"ADSL_2P","DESCRIZIONE_TIPO_ADSL":"ADSL 2+ (24 mega)","DISTANZA_CALCOLATA":"2020.09","CLASSE_DISTANZA":"1700-2099","POTENZA_SEGNALE":"12975.83","POPOLAZIONE_SEZIONE": "9"}
			},
		 		{ "type" : "Feature",
				"geometry" : {
					"type" : "Point",
					"coordinates" : [7.77664,45.11418]},
			"properties" : { "ANNO":"2010","ID_SEZIONE":"23957","ISTAT_COMUNE_SEZ":"1249","COMUNE_SEZ":"SAN MAURO TORINESE","PROVINCIA":"TO","ID_CENTRALE":"1488","NOME_CENTRALE":"TORINO S. MAURO","ISTAT_COMUNE_CENTR":"1249","COMUNE_CENTR":"SAN MAURO TORINESE","PROVINCIA_CENTR":"TO","INDIRIZZO_CENTRALE":"VIA CESARE BATTISTI 17","LATITUDINE_SEZIONE":"45.11418","LONGITUDINE_SEZIONE":"7.77664","POS_X_SEZIONE":"403772.42913","POS_Y_SEZIONE":"4996362.24056","LATITUDINE_CENTRALE":"45.09987","LONGITUDINE_CENTRALE":"7.76505","POS_X_CENTRALE":"402836.05054","POS_Y_CENTRALE":"4994786.13848","TIPO_ADSL":"ADSL_2P","DESCRIZIONE_TIPO_ADSL":"ADSL 2+ (24 mega)","DISTANZA_CALCOLATA":"1833.28","CLASSE_DISTANZA":"1700-2099","POTENZA_SEGNALE":"12975.83","POPOLAZIONE_SEZIONE": "1105"}
			},
		 		{ "type" : "Feature",
				"geometry" : {
					"type" : "Point",
					"coordinates" : [7.77379,45.10954]},
			"properties" : { "ANNO":"2010","ID_SEZIONE":"23958","ISTAT_COMUNE_SEZ":"1249","COMUNE_SEZ":"SAN MAURO TORINESE","PROVINCIA":"TO","ID_CENTRALE":"1488","NOME_CENTRALE":"TORINO S. MAURO","ISTAT_COMUNE_CENTR":"1249","COMUNE_CENTR":"SAN MAURO TORINESE","PROVINCIA_CENTR":"TO","INDIRIZZO_CENTRALE":"VIA CESARE BATTISTI 17","LATITUDINE_SEZIONE":"45.10954","LONGITUDINE_SEZIONE":"7.77379","POS_X_SEZIONE":"403539.96526","POS_Y_SEZIONE":"4995850.73413","LATITUDINE_CENTRALE":"45.09987","LONGITUDINE_CENTRALE":"7.76505","POS_X_CENTRALE":"402836.05054","POS_Y_CENTRALE":"4994786.13848","TIPO_ADSL":"ADSL_2P","DESCRIZIONE_TIPO_ADSL":"ADSL 2+ (24 mega)","DISTANZA_CALCOLATA":"1276.27","CLASSE_DISTANZA":"900-1299","POTENZA_SEGNALE":"17737.5","POPOLAZIONE_SEZIONE": "167"}
			},
		 		{ "type" : "Feature",
				"geometry" : {
					"type" : "Point",
					"coordinates" : [7.75165,45.10688]},
			"properties" : { "ANNO":"2010","ID_SEZIONE":"23959","ISTAT_COMUNE_SEZ":"1249","COMUNE_SEZ":"SAN MAURO TORINESE","PROVINCIA":"TO","ID_CENTRALE":"1488","NOME_CENTRALE":"TORINO S. MAURO","ISTAT_COMUNE_CENTR":"1249","COMUNE_CENTR":"SAN MAURO TORINESE","PROVINCIA_CENTR":"TO","INDIRIZZO_CENTRALE":"VIA CESARE BATTISTI 17","LATITUDINE_SEZIONE":"45.10688","LONGITUDINE_SEZIONE":"7.75165","POS_X_SEZIONE":"401794.30228","POS_Y_SEZIONE":"4995581.71550","LATITUDINE_CENTRALE":"45.09987","LONGITUDINE_CENTRALE":"7.76505","POS_X_CENTRALE":"402836.05054","POS_Y_CENTRALE":"4994786.13848","TIPO_ADSL":"ADSL_2P","DESCRIZIONE_TIPO_ADSL":"ADSL 2+ (24 mega)","DISTANZA_CALCOLATA":"1310.79","CLASSE_DISTANZA":"1300-1699","POTENZA_SEGNALE":"16071.67","POPOLAZIONE_SEZIONE": "350"}
			},
		 		{ "type" : "Feature",
				"geometry" : {
					"type" : "Point",
					"coordinates" : [7.75790,45.08452]},
			"properties" : { "ANNO":"2010","ID_SEZIONE":"24842","ISTAT_COMUNE_SEZ":"1249","COMUNE_SEZ":"SAN MAURO TORINESE","PROVINCIA":"TO","ID_CENTRALE":"1488","NOME_CENTRALE":"TORINO S. MAURO","ISTAT_COMUNE_CENTR":"1249","COMUNE_CENTR":"SAN MAURO TORINESE","PROVINCIA_CENTR":"TO","INDIRIZZO_CENTRALE":"VIA CESARE BATTISTI 17","LATITUDINE_SEZIONE":"45.08452","LONGITUDINE_SEZIONE":"7.75790","POS_X_SEZIONE":"402247.20827","POS_Y_SEZIONE":"4993089.69784","LATITUDINE_CENTRALE":"45.09987","LONGITUDINE_CENTRALE":"7.76505","POS_X_CENTRALE":"402836.05054","POS_Y_CENTRALE":"4994786.13848","TIPO_ADSL":"ADSL_2P","DESCRIZIONE_TIPO_ADSL":"ADSL 2+ (24 mega)","DISTANZA_CALCOLATA":"1795.73","CLASSE_DISTANZA":"1700-2099","POTENZA_SEGNALE":"12975.83","POPOLAZIONE_SEZIONE": "22"}
			},
		 		{ "type" : "Feature",
				"geometry" : {
					"type" : "Point",
					"coordinates" : [7.75465,45.10372]},
			"properties" : { "ANNO":"2010","ID_SEZIONE":"24851","ISTAT_COMUNE_SEZ":"1249","COMUNE_SEZ":"SAN MAURO TORINESE","PROVINCIA":"TO","ID_CENTRALE":"1488","NOME_CENTRALE":"TORINO S. MAURO","ISTAT_COMUNE_CENTR":"1249","COMUNE_CENTR":"SAN MAURO TORINESE","PROVINCIA_CENTR":"TO","INDIRIZZO_CENTRALE":"VIA CESARE BATTISTI 17","LATITUDINE_SEZIONE":"45.10372","LONGITUDINE_SEZIONE":"7.75465","POS_X_SEZIONE":"402024.70587","POS_Y_SEZIONE":"4995227.21438","LATITUDINE_CENTRALE":"45.09987","LONGITUDINE_CENTRALE":"7.76505","POS_X_CENTRALE":"402836.05054","POS_Y_CENTRALE":"4994786.13848","TIPO_ADSL":"ADSL_2P","DESCRIZIONE_TIPO_ADSL":"ADSL 2+ (24 mega)","DISTANZA_CALCOLATA":"923.49","CLASSE_DISTANZA":"900-1299","POTENZA_SEGNALE":"17737.5","POPOLAZIONE_SEZIONE": "701"}
			},
		 		{ "type" : "Feature",
				"geometry" : {
					"type" : "Point",
					"coordinates" : [7.75902,45.10365]},
			"properties" : { "ANNO":"2010","ID_SEZIONE":"24853","ISTAT_COMUNE_SEZ":"1249","COMUNE_SEZ":"SAN MAURO TORINESE","PROVINCIA":"TO","ID_CENTRALE":"1488","NOME_CENTRALE":"TORINO S. MAURO","ISTAT_COMUNE_CENTR":"1249","COMUNE_CENTR":"SAN MAURO TORINESE","PROVINCIA_CENTR":"TO","INDIRIZZO_CENTRALE":"VIA CESARE BATTISTI 17","LATITUDINE_SEZIONE":"45.10365","LONGITUDINE_SEZIONE":"7.75902","POS_X_SEZIONE":"402368.10734","POS_Y_SEZIONE":"4995213.21733","LATITUDINE_CENTRALE":"45.09987","LONGITUDINE_CENTRALE":"7.76505","POS_X_CENTRALE":"402836.05054","POS_Y_CENTRALE":"4994786.13848","TIPO_ADSL":"ADSL_2P","DESCRIZIONE_TIPO_ADSL":"ADSL 2+ (24 mega)","DISTANZA_CALCOLATA":"633.54","CLASSE_DISTANZA":"500-899","POTENZA_SEGNALE":"19523.33","POPOLAZIONE_SEZIONE": "625"}
			},
		 		{ "type" : "Feature",
				"geometry" : {
					"type" : "Point",
					"coordinates" : [7.74783,45.10655]},
			"properties" : { "ANNO":"2010","ID_SEZIONE":"25377","ISTAT_COMUNE_SEZ":"1249","COMUNE_SEZ":"SAN MAURO TORINESE","PROVINCIA":"TO","ID_CENTRALE":"1488","NOME_CENTRALE":"TORINO S. MAURO","ISTAT_COMUNE_CENTR":"1249","COMUNE_CENTR":"SAN MAURO TORINESE","PROVINCIA_CENTR":"TO","INDIRIZZO_CENTRALE":"VIA CESARE BATTISTI 17","LATITUDINE_SEZIONE":"45.10655","LONGITUDINE_SEZIONE":"7.74783","POS_X_SEZIONE":"401492.61806","POS_Y_SEZIONE":"4995549.21221","LATITUDINE_CENTRALE":"45.09987","LONGITUDINE_CENTRALE":"7.76505","POS_X_CENTRALE":"402836.05054","POS_Y_CENTRALE":"4994786.13848","TIPO_ADSL":"ADSL_2P","DESCRIZIONE_TIPO_ADSL":"ADSL 2+ (24 mega)","DISTANZA_CALCOLATA":"1545.02","CLASSE_DISTANZA":"1300-1699","POTENZA_SEGNALE":"16071.67","POPOLAZIONE_SEZIONE": "833"}
			},
		 		{ "type" : "Feature",
				"geometry" : {
					"type" : "Point",
					"coordinates" : [7.77622,45.09890]},
			"properties" : { "ANNO":"2010","ID_SEZIONE":"26545","ISTAT_COMUNE_SEZ":"1249","COMUNE_SEZ":"SAN MAURO TORINESE","PROVINCIA":"TO","ID_CENTRALE":"1488","NOME_CENTRALE":"TORINO S. MAURO","ISTAT_COMUNE_CENTR":"1249","COMUNE_CENTR":"SAN MAURO TORINESE","PROVINCIA_CENTR":"TO","INDIRIZZO_CENTRALE":"VIA CESARE BATTISTI 17","LATITUDINE_SEZIONE":"45.09890","LONGITUDINE_SEZIONE":"7.77622","POS_X_SEZIONE":"403713.68635","POS_Y_SEZIONE":"4994665.22629","LATITUDINE_CENTRALE":"45.09987","LONGITUDINE_CENTRALE":"7.76505","POS_X_CENTRALE":"402836.05054","POS_Y_CENTRALE":"4994786.13848","TIPO_ADSL":"ADSL_2P","DESCRIZIONE_TIPO_ADSL":"ADSL 2+ (24 mega)","DISTANZA_CALCOLATA":"885.93","CLASSE_DISTANZA":"500-899","POTENZA_SEGNALE":"19523.33","POPOLAZIONE_SEZIONE": "685"}
			},
		 		{ "type" : "Feature",
				"geometry" : {
					"type" : "Point",
					"coordinates" : [7.78786,45.10973]},
			"properties" : { "ANNO":"2010","ID_SEZIONE":"26979","ISTAT_COMUNE_SEZ":"1249","COMUNE_SEZ":"SAN MAURO TORINESE","PROVINCIA":"TO","ID_CENTRALE":"1488","NOME_CENTRALE":"TORINO S. MAURO","ISTAT_COMUNE_CENTR":"1249","COMUNE_CENTR":"SAN MAURO TORINESE","PROVINCIA_CENTR":"TO","INDIRIZZO_CENTRALE":"VIA CESARE BATTISTI 17","LATITUDINE_SEZIONE":"45.10973","LONGITUDINE_SEZIONE":"7.78786","POS_X_SEZIONE":"404647.48219","POS_Y_SEZIONE":"4995855.24485","LATITUDINE_CENTRALE":"45.09987","LONGITUDINE_CENTRALE":"7.76505","POS_X_CENTRALE":"402836.05054","POS_Y_CENTRALE":"4994786.13848","TIPO_ADSL":"ADSL_2P","DESCRIZIONE_TIPO_ADSL":"ADSL 2+ (24 mega)","DISTANZA_CALCOLATA":"2103.4","CLASSE_DISTANZA":"2100-2499","POTENZA_SEGNALE":"10000","POPOLAZIONE_SEZIONE": "25"}
			},
		 		{ "type" : "Feature",
				"geometry" : {
					"type" : "Point",
					"coordinates" : [7.77788,45.10267]},
			"properties" : { "ANNO":"2010","ID_SEZIONE":"27756","ISTAT_COMUNE_SEZ":"1249","COMUNE_SEZ":"SAN MAURO TORINESE","PROVINCIA":"TO","ID_CENTRALE":"1488","NOME_CENTRALE":"TORINO S. MAURO","ISTAT_COMUNE_CENTR":"1249","COMUNE_CENTR":"SAN MAURO TORINESE","PROVINCIA_CENTR":"TO","INDIRIZZO_CENTRALE":"VIA CESARE BATTISTI 17","LATITUDINE_SEZIONE":"45.10267","LONGITUDINE_SEZIONE":"7.77788","POS_X_SEZIONE":"403850.18299","POS_Y_SEZIONE":"4995082.23083","LATITUDINE_CENTRALE":"45.09987","LONGITUDINE_CENTRALE":"7.76505","POS_X_CENTRALE":"402836.05054","POS_Y_CENTRALE":"4994786.13848","TIPO_ADSL":"ADSL_2P","DESCRIZIONE_TIPO_ADSL":"ADSL 2+ (24 mega)","DISTANZA_CALCOLATA":"1056.47","CLASSE_DISTANZA":"900-1299","POTENZA_SEGNALE":"17737.5","POPOLAZIONE_SEZIONE": "289"}
			},
		 		{ "type" : "Feature",
				"geometry" : {
					"type" : "Point",
					"coordinates" : [7.76533,45.09987]},
			"properties" : { "ANNO":"2010","ID_SEZIONE":"29057","ISTAT_COMUNE_SEZ":"1249","COMUNE_SEZ":"SAN MAURO TORINESE","PROVINCIA":"TO","ID_CENTRALE":"1488","NOME_CENTRALE":"TORINO S. MAURO","ISTAT_COMUNE_CENTR":"1249","COMUNE_CENTR":"SAN MAURO TORINESE","PROVINCIA_CENTR":"TO","INDIRIZZO_CENTRALE":"VIA CESARE BATTISTI 17","LATITUDINE_SEZIONE":"45.09987","LONGITUDINE_SEZIONE":"7.76533","POS_X_SEZIONE":"402857.97768","POS_Y_SEZIONE":"4994785.71883","LATITUDINE_CENTRALE":"45.09987","LONGITUDINE_CENTRALE":"7.76505","POS_X_CENTRALE":"402836.05054","POS_Y_CENTRALE":"4994786.13848","TIPO_ADSL":"ADSL_2P","DESCRIZIONE_TIPO_ADSL":"ADSL 2+ (24 mega)","DISTANZA_CALCOLATA":"21.93","CLASSE_DISTANZA":"0-99","POTENZA_SEGNALE":"19761.67","POPOLAZIONE_SEZIONE": "618"}
			},
		 		{ "type" : "Feature",
				"geometry" : {
					"type" : "Point",
					"coordinates" : [7.77178,45.10735]},
			"properties" : { "ANNO":"2010","ID_SEZIONE":"30251","ISTAT_COMUNE_SEZ":"1249","COMUNE_SEZ":"SAN MAURO TORINESE","PROVINCIA":"TO","ID_CENTRALE":"1488","NOME_CENTRALE":"TORINO S. MAURO","ISTAT_COMUNE_CENTR":"1249","COMUNE_CENTR":"SAN MAURO TORINESE","PROVINCIA_CENTR":"TO","INDIRIZZO_CENTRALE":"VIA CESARE BATTISTI 17","LATITUDINE_SEZIONE":"45.10735","LONGITUDINE_SEZIONE":"7.77178","POS_X_SEZIONE":"403378.37550","POS_Y_SEZIONE":"4995609.73061","LATITUDINE_CENTRALE":"45.09987","LONGITUDINE_CENTRALE":"7.76505","POS_X_CENTRALE":"402836.05054","POS_Y_CENTRALE":"4994786.13848","TIPO_ADSL":"ADSL_2P","DESCRIZIONE_TIPO_ADSL":"ADSL 2+ (24 mega)","DISTANZA_CALCOLATA":"986.11","CLASSE_DISTANZA":"900-1299","POTENZA_SEGNALE":"17737.5","POPOLAZIONE_SEZIONE": "336"}
			},
		 		{ "type" : "Feature",
				"geometry" : {
					"type" : "Point",
					"coordinates" : [7.80386,45.11286]},
			"properties" : { "ANNO":"2010","ID_SEZIONE":"31066","ISTAT_COMUNE_SEZ":"1068","COMUNE_SEZ":"CASTIGLIONE TORINESE","PROVINCIA":"TO","ID_CENTRALE":"1488","NOME_CENTRALE":"TORINO S. MAURO","ISTAT_COMUNE_CENTR":"1249","COMUNE_CENTR":"SAN MAURO TORINESE","PROVINCIA_CENTR":"TO","INDIRIZZO_CENTRALE":"VIA CESARE BATTISTI 17","LATITUDINE_SEZIONE":"45.11286","LONGITUDINE_SEZIONE":"7.80386","POS_X_SEZIONE":"405910.83861","POS_Y_SEZIONE":"4996183.75941","LATITUDINE_CENTRALE":"45.09987","LONGITUDINE_CENTRALE":"7.76505","POS_X_CENTRALE":"402836.05054","POS_Y_CENTRALE":"4994786.13848","TIPO_ADSL":"ADSL_2P","DESCRIZIONE_TIPO_ADSL":"ADSL 2+ (24 mega)","DISTANZA_CALCOLATA":"3377.52","CLASSE_DISTANZA":"3300-3699","POTENZA_SEGNALE":"4047.5","POPOLAZIONE_SEZIONE": "291"}
			},
		 		{ "type" : "Feature",
				"geometry" : {
					"type" : "Point",
					"coordinates" : [7.75159,45.10433]},
			"properties" : { "ANNO":"2010","ID_SEZIONE":"31502","ISTAT_COMUNE_SEZ":"1249","COMUNE_SEZ":"SAN MAURO TORINESE","PROVINCIA":"TO","ID_CENTRALE":"1488","NOME_CENTRALE":"TORINO S. MAURO","ISTAT_COMUNE_CENTR":"1249","COMUNE_CENTR":"SAN MAURO TORINESE","PROVINCIA_CENTR":"TO","INDIRIZZO_CENTRALE":"VIA CESARE BATTISTI 17","LATITUDINE_SEZIONE":"45.10433","LONGITUDINE_SEZIONE":"7.75159","POS_X_SEZIONE":"401784.95880","POS_Y_SEZIONE":"4995298.21240","LATITUDINE_CENTRALE":"45.09987","LONGITUDINE_CENTRALE":"7.76505","POS_X_CENTRALE":"402836.05054","POS_Y_CENTRALE":"4994786.13848","TIPO_ADSL":"ADSL_2P","DESCRIZIONE_TIPO_ADSL":"ADSL 2+ (24 mega)","DISTANZA_CALCOLATA":"1169.19","CLASSE_DISTANZA":"900-1299","POTENZA_SEGNALE":"17737.5","POPOLAZIONE_SEZIONE": "784"}
			}
		 		]
	}
		