 	{ "type" : "FeatureCollection",
		"features" : [
		 		{ "type" : "Feature",
				"geometry" : {
					"type" : "Point",
					"coordinates" : [8.94649,44.75298]},
			"properties" : { "ANNO":"2010","ID_SEZIONE":"17113","ISTAT_COMUNE_SEZ":"6167","COMUNE_SEZ":"STAZZANO","PROVINCIA":"AL","ID_CENTRALE":"1578","NOME_CENTRALE":"VARGO STAZZANO","ISTAT_COMUNE_CENTR":"6167","COMUNE_CENTR":"STAZZANO","PROVINCIA_CENTR":"AL","INDIRIZZO_CENTRALE":"ROMA 22","LATITUDINE_SEZIONE":"44.75298","LONGITUDINE_SEZIONE":"8.94649","POS_X_SEZIONE":"495764.83728","POS_Y_SEZIONE":"4955511.65441","LATITUDINE_CENTRALE":"44.74900","LONGITUDINE_CENTRALE":"8.91680","POS_X_CENTRALE":"493413.92188","POS_Y_CENTRALE":"4955071.90800","TIPO_ADSL":"NO","DESCRIZIONE_TIPO_ADSL":"NO Adsl","DISTANZA_CALCOLATA":"2391.69","CLASSE_DISTANZA":"2100-2499","POTENZA_SEGNALE":"","POPOLAZIONE_SEZIONE": "50"}
			}
		 		]
	}
		