 	{ "type" : "FeatureCollection",
		"features" : [
		 		{ "type" : "Feature",
				"geometry" : {
					"type" : "Point",
					"coordinates" : [8.71778,44.76033]},
			"properties" : { "ANNO":"2010","ID_SEZIONE":"871","ISTAT_COMUNE_SEZ":"6012","COMUNE_SEZ":"BASALUZZO","PROVINCIA":"AL","ID_CENTRALE":"126","NOME_CENTRALE":"BASALUZZO 2","ISTAT_COMUNE_CENTR":"6012","COMUNE_CENTR":"BASALUZZO","PROVINCIA_CENTR":"AL","INDIRIZZO_CENTRALE":"STRADA VECCHIA PER NOVI","LATITUDINE_SEZIONE":"44.76033","LONGITUDINE_SEZIONE":"8.71778","POS_X_SEZIONE":"477663.99272","POS_Y_SEZIONE":"4956365.64123","LATITUDINE_CENTRALE":"44.77024","LONGITUDINE_CENTRALE":"8.73888","POS_X_CENTRALE":"479337.25072","POS_Y_CENTRALE":"4957461.04194","TIPO_ADSL":"ADSL_1","DESCRIZIONE_TIPO_ADSL":"ADSL (8 mega)","DISTANZA_CALCOLATA":"1999.92","CLASSE_DISTANZA":"1700-2099","POTENZA_SEGNALE":"6874.88","POPOLAZIONE_SEZIONE": "35"}
			},
		 		{ "type" : "Feature",
				"geometry" : {
					"type" : "Point",
					"coordinates" : [8.73732,44.77135]},
			"properties" : { "ANNO":"2010","ID_SEZIONE":"4710","ISTAT_COMUNE_SEZ":"6012","COMUNE_SEZ":"BASALUZZO","PROVINCIA":"AL","ID_CENTRALE":"126","NOME_CENTRALE":"BASALUZZO 2","ISTAT_COMUNE_CENTR":"6012","COMUNE_CENTR":"BASALUZZO","PROVINCIA_CENTR":"AL","INDIRIZZO_CENTRALE":"STRADA VECCHIA PER NOVI","LATITUDINE_SEZIONE":"44.77135","LONGITUDINE_SEZIONE":"8.73732","POS_X_SEZIONE":"479214.74805","POS_Y_SEZIONE":"4957584.17102","LATITUDINE_CENTRALE":"44.77024","LONGITUDINE_CENTRALE":"8.73888","POS_X_CENTRALE":"479337.25072","POS_Y_CENTRALE":"4957461.04194","TIPO_ADSL":"ADSL_1","DESCRIZIONE_TIPO_ADSL":"ADSL (8 mega)","DISTANZA_CALCOLATA":"173.69","CLASSE_DISTANZA":"100-499","POTENZA_SEGNALE":"7000","POPOLAZIONE_SEZIONE": ""}
			},
		 		{ "type" : "Feature",
				"geometry" : {
					"type" : "Point",
					"coordinates" : [8.73654,44.77739]},
			"properties" : { "ANNO":"2010","ID_SEZIONE":"10928","ISTAT_COMUNE_SEZ":"6012","COMUNE_SEZ":"BASALUZZO","PROVINCIA":"AL","ID_CENTRALE":"126","NOME_CENTRALE":"BASALUZZO 2","ISTAT_COMUNE_CENTR":"6012","COMUNE_CENTR":"BASALUZZO","PROVINCIA_CENTR":"AL","INDIRIZZO_CENTRALE":"STRADA VECCHIA PER NOVI","LATITUDINE_SEZIONE":"44.77739","LONGITUDINE_SEZIONE":"8.73654","POS_X_SEZIONE":"479155.20860","POS_Y_SEZIONE":"4958255.17313","LATITUDINE_CENTRALE":"44.77024","LONGITUDINE_CENTRALE":"8.73888","POS_X_CENTRALE":"479337.25072","POS_Y_CENTRALE":"4957461.04194","TIPO_ADSL":"ADSL_1","DESCRIZIONE_TIPO_ADSL":"ADSL (8 mega)","DISTANZA_CALCOLATA":"814.73","CLASSE_DISTANZA":"500-899","POTENZA_SEGNALE":"7000","POPOLAZIONE_SEZIONE": "14"}
			},
		 		{ "type" : "Feature",
				"geometry" : {
					"type" : "Point",
					"coordinates" : [8.68416,44.76895]},
			"properties" : { "ANNO":"2010","ID_SEZIONE":"10929","ISTAT_COMUNE_SEZ":"6012","COMUNE_SEZ":"BASALUZZO","PROVINCIA":"AL","ID_CENTRALE":"126","NOME_CENTRALE":"BASALUZZO 2","ISTAT_COMUNE_CENTR":"6012","COMUNE_CENTR":"BASALUZZO","PROVINCIA_CENTR":"AL","INDIRIZZO_CENTRALE":"STRADA VECCHIA PER NOVI","LATITUDINE_SEZIONE":"44.76895","LONGITUDINE_SEZIONE":"8.68416","POS_X_SEZIONE":"475006.85659","POS_Y_SEZIONE":"4957332.11598","LATITUDINE_CENTRALE":"44.77024","LONGITUDINE_CENTRALE":"8.73888","POS_X_CENTRALE":"479337.25072","POS_Y_CENTRALE":"4957461.04194","TIPO_ADSL":"ADSL_1","DESCRIZIONE_TIPO_ADSL":"ADSL (8 mega)","DISTANZA_CALCOLATA":"4332.31","CLASSE_DISTANZA":"4100-4499","POTENZA_SEGNALE":"2125.38","POPOLAZIONE_SEZIONE": "13"}
			},
		 		{ "type" : "Feature",
				"geometry" : {
					"type" : "Point",
					"coordinates" : [8.70161,44.76854]},
			"properties" : { "ANNO":"2010","ID_SEZIONE":"11332","ISTAT_COMUNE_SEZ":"6012","COMUNE_SEZ":"BASALUZZO","PROVINCIA":"AL","ID_CENTRALE":"126","NOME_CENTRALE":"BASALUZZO 2","ISTAT_COMUNE_CENTR":"6012","COMUNE_CENTR":"BASALUZZO","PROVINCIA_CENTR":"AL","INDIRIZZO_CENTRALE":"STRADA VECCHIA PER NOVI","LATITUDINE_SEZIONE":"44.76854","LONGITUDINE_SEZIONE":"8.70161","POS_X_SEZIONE":"476388.12456","POS_Y_SEZIONE":"4957281.62920","LATITUDINE_CENTRALE":"44.77024","LONGITUDINE_CENTRALE":"8.73888","POS_X_CENTRALE":"479337.25072","POS_Y_CENTRALE":"4957461.04194","TIPO_ADSL":"ADSL_1","DESCRIZIONE_TIPO_ADSL":"ADSL (8 mega)","DISTANZA_CALCOLATA":"2954.58","CLASSE_DISTANZA":"2900-3299","POTENZA_SEGNALE":"4999.75","POPOLAZIONE_SEZIONE": "482"}
			},
		 		{ "type" : "Feature",
				"geometry" : {
					"type" : "Point",
					"coordinates" : [8.73669,44.76829]},
			"properties" : { "ANNO":"2010","ID_SEZIONE":"11333","ISTAT_COMUNE_SEZ":"6012","COMUNE_SEZ":"BASALUZZO","PROVINCIA":"AL","ID_CENTRALE":"126","NOME_CENTRALE":"BASALUZZO 2","ISTAT_COMUNE_CENTR":"6012","COMUNE_CENTR":"BASALUZZO","PROVINCIA_CENTR":"AL","INDIRIZZO_CENTRALE":"STRADA VECCHIA PER NOVI","LATITUDINE_SEZIONE":"44.76829","LONGITUDINE_SEZIONE":"8.73669","POS_X_SEZIONE":"479163.81429","POS_Y_SEZIONE":"4957244.16872","LATITUDINE_CENTRALE":"44.77024","LONGITUDINE_CENTRALE":"8.73888","POS_X_CENTRALE":"479337.25072","POS_Y_CENTRALE":"4957461.04194","TIPO_ADSL":"ADSL_1","DESCRIZIONE_TIPO_ADSL":"ADSL (8 mega)","DISTANZA_CALCOLATA":"277.69","CLASSE_DISTANZA":"100-499","POTENZA_SEGNALE":"7000","POPOLAZIONE_SEZIONE": ""}
			},
		 		{ "type" : "Feature",
				"geometry" : {
					"type" : "Point",
					"coordinates" : [8.71465,44.77601]},
			"properties" : { "ANNO":"2010","ID_SEZIONE":"12035","ISTAT_COMUNE_SEZ":"6012","COMUNE_SEZ":"BASALUZZO","PROVINCIA":"AL","ID_CENTRALE":"126","NOME_CENTRALE":"BASALUZZO 2","ISTAT_COMUNE_CENTR":"6012","COMUNE_CENTR":"BASALUZZO","PROVINCIA_CENTR":"AL","INDIRIZZO_CENTRALE":"STRADA VECCHIA PER NOVI","LATITUDINE_SEZIONE":"44.77601","LONGITUDINE_SEZIONE":"8.71465","POS_X_SEZIONE":"477422.94005","POS_Y_SEZIONE":"4958107.64955","LATITUDINE_CENTRALE":"44.77024","LONGITUDINE_CENTRALE":"8.73888","POS_X_CENTRALE":"479337.25072","POS_Y_CENTRALE":"4957461.04194","TIPO_ADSL":"ADSL_1","DESCRIZIONE_TIPO_ADSL":"ADSL (8 mega)","DISTANZA_CALCOLATA":"2020.57","CLASSE_DISTANZA":"1700-2099","POTENZA_SEGNALE":"6874.88","POPOLAZIONE_SEZIONE": "33"}
			},
		 		{ "type" : "Feature",
				"geometry" : {
					"type" : "Point",
					"coordinates" : [8.73420,44.76450]},
			"properties" : { "ANNO":"2010","ID_SEZIONE":"12036","ISTAT_COMUNE_SEZ":"6012","COMUNE_SEZ":"BASALUZZO","PROVINCIA":"AL","ID_CENTRALE":"126","NOME_CENTRALE":"BASALUZZO 2","ISTAT_COMUNE_CENTR":"6012","COMUNE_CENTR":"BASALUZZO","PROVINCIA_CENTR":"AL","INDIRIZZO_CENTRALE":"STRADA VECCHIA PER NOVI","LATITUDINE_SEZIONE":"44.76450","LONGITUDINE_SEZIONE":"8.73420","POS_X_SEZIONE":"478965.41071","POS_Y_SEZIONE":"4956823.66363","LATITUDINE_CENTRALE":"44.77024","LONGITUDINE_CENTRALE":"8.73888","POS_X_CENTRALE":"479337.25072","POS_Y_CENTRALE":"4957461.04194","TIPO_ADSL":"ADSL_1","DESCRIZIONE_TIPO_ADSL":"ADSL (8 mega)","DISTANZA_CALCOLATA":"737.91","CLASSE_DISTANZA":"500-899","POTENZA_SEGNALE":"7000","POPOLAZIONE_SEZIONE": "45"}
			},
		 		{ "type" : "Feature",
				"geometry" : {
					"type" : "Point",
					"coordinates" : [8.72926,44.78428]},
			"properties" : { "ANNO":"2010","ID_SEZIONE":"12356","ISTAT_COMUNE_SEZ":"6012","COMUNE_SEZ":"BASALUZZO","PROVINCIA":"AL","ID_CENTRALE":"126","NOME_CENTRALE":"BASALUZZO 2","ISTAT_COMUNE_CENTR":"6012","COMUNE_CENTR":"BASALUZZO","PROVINCIA_CENTR":"AL","INDIRIZZO_CENTRALE":"STRADA VECCHIA PER NOVI","LATITUDINE_SEZIONE":"44.78428","LONGITUDINE_SEZIONE":"8.72926","POS_X_SEZIONE":"478581.31803","POS_Y_SEZIONE":"4959022.66984","LATITUDINE_CENTRALE":"44.77024","LONGITUDINE_CENTRALE":"8.73888","POS_X_CENTRALE":"479337.25072","POS_Y_CENTRALE":"4957461.04194","TIPO_ADSL":"ADSL_1","DESCRIZIONE_TIPO_ADSL":"ADSL (8 mega)","DISTANZA_CALCOLATA":"1734.97","CLASSE_DISTANZA":"1700-2099","POTENZA_SEGNALE":"6874.88","POPOLAZIONE_SEZIONE": "20"}
			},
		 		{ "type" : "Feature",
				"geometry" : {
					"type" : "Point",
					"coordinates" : [8.71925,44.74902]},
			"properties" : { "ANNO":"2010","ID_SEZIONE":"16488","ISTAT_COMUNE_SEZ":"6012","COMUNE_SEZ":"BASALUZZO","PROVINCIA":"AL","ID_CENTRALE":"126","NOME_CENTRALE":"BASALUZZO 2","ISTAT_COMUNE_CENTR":"6012","COMUNE_CENTR":"BASALUZZO","PROVINCIA_CENTR":"AL","INDIRIZZO_CENTRALE":"STRADA VECCHIA PER NOVI","LATITUDINE_SEZIONE":"44.74902","LONGITUDINE_SEZIONE":"8.71925","POS_X_SEZIONE":"477776.19496","POS_Y_SEZIONE":"4955108.13339","LATITUDINE_CENTRALE":"44.77024","LONGITUDINE_CENTRALE":"8.73888","POS_X_CENTRALE":"479337.25072","POS_Y_CENTRALE":"4957461.04194","TIPO_ADSL":"ADSL_1","DESCRIZIONE_TIPO_ADSL":"ADSL (8 mega)","DISTANZA_CALCOLATA":"2823.66","CLASSE_DISTANZA":"2500-2899","POTENZA_SEGNALE":"5749.63","POPOLAZIONE_SEZIONE": "15"}
			},
		 		{ "type" : "Feature",
				"geometry" : {
					"type" : "Point",
					"coordinates" : [8.72008,44.76984]},
			"properties" : { "ANNO":"2010","ID_SEZIONE":"18242","ISTAT_COMUNE_SEZ":"6012","COMUNE_SEZ":"BASALUZZO","PROVINCIA":"AL","ID_CENTRALE":"126","NOME_CENTRALE":"BASALUZZO 2","ISTAT_COMUNE_CENTR":"6012","COMUNE_CENTR":"BASALUZZO","PROVINCIA_CENTR":"AL","INDIRIZZO_CENTRALE":"STRADA VECCHIA PER NOVI","LATITUDINE_SEZIONE":"44.76984","LONGITUDINE_SEZIONE":"8.72008","POS_X_SEZIONE":"477849.76527","POS_Y_SEZIONE":"4957421.65096","LATITUDINE_CENTRALE":"44.77024","LONGITUDINE_CENTRALE":"8.73888","POS_X_CENTRALE":"479337.25072","POS_Y_CENTRALE":"4957461.04194","TIPO_ADSL":"ADSL_1","DESCRIZIONE_TIPO_ADSL":"ADSL (8 mega)","DISTANZA_CALCOLATA":"1488.01","CLASSE_DISTANZA":"1300-1699","POTENZA_SEGNALE":"7000","POPOLAZIONE_SEZIONE": "445"}
			},
		 		{ "type" : "Feature",
				"geometry" : {
					"type" : "Point",
					"coordinates" : [8.72085,44.76860]},
			"properties" : { "ANNO":"2010","ID_SEZIONE":"25114","ISTAT_COMUNE_SEZ":"6012","COMUNE_SEZ":"BASALUZZO","PROVINCIA":"AL","ID_CENTRALE":"126","NOME_CENTRALE":"BASALUZZO 2","ISTAT_COMUNE_CENTR":"6012","COMUNE_CENTR":"BASALUZZO","PROVINCIA_CENTR":"AL","INDIRIZZO_CENTRALE":"STRADA VECCHIA PER NOVI","LATITUDINE_SEZIONE":"44.76860","LONGITUDINE_SEZIONE":"8.72085","POS_X_SEZIONE":"477910.04866","POS_Y_SEZIONE":"4957283.65108","LATITUDINE_CENTRALE":"44.77024","LONGITUDINE_CENTRALE":"8.73888","POS_X_CENTRALE":"479337.25072","POS_Y_CENTRALE":"4957461.04194","TIPO_ADSL":"ADSL_1","DESCRIZIONE_TIPO_ADSL":"ADSL (8 mega)","DISTANZA_CALCOLATA":"1438.18","CLASSE_DISTANZA":"1300-1699","POTENZA_SEGNALE":"7000","POPOLAZIONE_SEZIONE": "312"}
			},
		 		{ "type" : "Feature",
				"geometry" : {
					"type" : "Point",
					"coordinates" : [8.70452,44.76612]},
			"properties" : { "ANNO":"2010","ID_SEZIONE":"26391","ISTAT_COMUNE_SEZ":"6012","COMUNE_SEZ":"BASALUZZO","PROVINCIA":"AL","ID_CENTRALE":"126","NOME_CENTRALE":"BASALUZZO 2","ISTAT_COMUNE_CENTR":"6012","COMUNE_CENTR":"BASALUZZO","PROVINCIA_CENTR":"AL","INDIRIZZO_CENTRALE":"STRADA VECCHIA PER NOVI","LATITUDINE_SEZIONE":"44.76612","LONGITUDINE_SEZIONE":"8.70452","POS_X_SEZIONE":"476617.09813","POS_Y_SEZIONE":"4957012.13032","LATITUDINE_CENTRALE":"44.77024","LONGITUDINE_CENTRALE":"8.73888","POS_X_CENTRALE":"479337.25072","POS_Y_CENTRALE":"4957461.04194","TIPO_ADSL":"ADSL_1","DESCRIZIONE_TIPO_ADSL":"ADSL (8 mega)","DISTANZA_CALCOLATA":"2756.95","CLASSE_DISTANZA":"2500-2899","POTENZA_SEGNALE":"5749.63","POPOLAZIONE_SEZIONE": "460"}
			},
		 		{ "type" : "Feature",
				"geometry" : {
					"type" : "Point",
					"coordinates" : [8.69927,44.75930]},
			"properties" : { "ANNO":"2010","ID_SEZIONE":"26829","ISTAT_COMUNE_SEZ":"6012","COMUNE_SEZ":"BASALUZZO","PROVINCIA":"AL","ID_CENTRALE":"126","NOME_CENTRALE":"BASALUZZO 2","ISTAT_COMUNE_CENTR":"6012","COMUNE_CENTR":"BASALUZZO","PROVINCIA_CENTR":"AL","INDIRIZZO_CENTRALE":"STRADA VECCHIA PER NOVI","LATITUDINE_SEZIONE":"44.75930","LONGITUDINE_SEZIONE":"8.69927","POS_X_SEZIONE":"476198.97589","POS_Y_SEZIONE":"4956256.11931","LATITUDINE_CENTRALE":"44.77024","LONGITUDINE_CENTRALE":"8.73888","POS_X_CENTRALE":"479337.25072","POS_Y_CENTRALE":"4957461.04194","TIPO_ADSL":"ADSL_1","DESCRIZIONE_TIPO_ADSL":"ADSL (8 mega)","DISTANZA_CALCOLATA":"3361.64","CLASSE_DISTANZA":"3300-3699","POTENZA_SEGNALE":"3999.63","POPOLAZIONE_SEZIONE": "23"}
			}
		 		]
	}
		