 	{ "type" : "FeatureCollection",
		"features" : [
		 		{ "type" : "Feature",
				"geometry" : {
					"type" : "Point",
					"coordinates" : [8.55818,44.64456]},
			"properties" : { "ANNO":"2010","ID_SEZIONE":"5155","ISTAT_COMUNE_SEZ":"6139","COMUNE_SEZ":"PRASCO","PROVINCIA":"AL","ID_CENTRALE":"1052","NOME_CENTRALE":"PRASCO","ISTAT_COMUNE_CENTR":"6139","COMUNE_CENTR":"PRASCO","PROVINCIA_CENTR":"AL","INDIRIZZO_CENTRALE":"ROMA","LATITUDINE_SEZIONE":"44.64456","LONGITUDINE_SEZIONE":"8.55818","POS_X_SEZIONE":"464963.02426","POS_Y_SEZIONE":"4943561.83450","LATITUDINE_CENTRALE":"44.64495","LONGITUDINE_CENTRALE":"8.55213","POS_X_CENTRALE":"464483.66813","POS_Y_CENTRALE":"4943607.55006","TIPO_ADSL":"ADSL_M","DESCRIZIONE_TIPO_ADSL":"ADSL Mini","DISTANZA_CALCOLATA":"481.53","CLASSE_DISTANZA":"100-499","POTENZA_SEGNALE":"0.64","POPOLAZIONE_SEZIONE": "21"}
			},
		 		{ "type" : "Feature",
				"geometry" : {
					"type" : "Point",
					"coordinates" : [8.52766,44.64751]},
			"properties" : { "ANNO":"2010","ID_SEZIONE":"9556","ISTAT_COMUNE_SEZ":"6139","COMUNE_SEZ":"PRASCO","PROVINCIA":"AL","ID_CENTRALE":"1052","NOME_CENTRALE":"PRASCO","ISTAT_COMUNE_CENTR":"6139","COMUNE_CENTR":"PRASCO","PROVINCIA_CENTR":"AL","INDIRIZZO_CENTRALE":"ROMA","LATITUDINE_SEZIONE":"44.64751","LONGITUDINE_SEZIONE":"8.52766","POS_X_SEZIONE":"462544.44429","POS_Y_SEZIONE":"4943902.34470","LATITUDINE_CENTRALE":"44.64495","LONGITUDINE_CENTRALE":"8.55213","POS_X_CENTRALE":"464483.66813","POS_Y_CENTRALE":"4943607.55006","TIPO_ADSL":"ADSL_M","DESCRIZIONE_TIPO_ADSL":"ADSL Mini","DISTANZA_CALCOLATA":"1961.5","CLASSE_DISTANZA":"1700-2099","POTENZA_SEGNALE":"0.64","POPOLAZIONE_SEZIONE": "12"}
			},
		 		{ "type" : "Feature",
				"geometry" : {
					"type" : "Point",
					"coordinates" : [8.53699,44.65421]},
			"properties" : { "ANNO":"2010","ID_SEZIONE":"18987","ISTAT_COMUNE_SEZ":"6139","COMUNE_SEZ":"PRASCO","PROVINCIA":"AL","ID_CENTRALE":"1052","NOME_CENTRALE":"PRASCO","ISTAT_COMUNE_CENTR":"6139","COMUNE_CENTR":"PRASCO","PROVINCIA_CENTR":"AL","INDIRIZZO_CENTRALE":"ROMA","LATITUDINE_SEZIONE":"44.65421","LONGITUDINE_SEZIONE":"8.53699","POS_X_SEZIONE":"463288.87796","POS_Y_SEZIONE":"4944642.35366","LATITUDINE_CENTRALE":"44.64495","LONGITUDINE_CENTRALE":"8.55213","POS_X_CENTRALE":"464483.66813","POS_Y_CENTRALE":"4943607.55006","TIPO_ADSL":"ADSL_M","DESCRIZIONE_TIPO_ADSL":"ADSL Mini","DISTANZA_CALCOLATA":"1580.61","CLASSE_DISTANZA":"1300-1699","POTENZA_SEGNALE":"0.64","POPOLAZIONE_SEZIONE": "82"}
			},
		 		{ "type" : "Feature",
				"geometry" : {
					"type" : "Point",
					"coordinates" : [8.55133,44.63921]},
			"properties" : { "ANNO":"2010","ID_SEZIONE":"20618","ISTAT_COMUNE_SEZ":"6139","COMUNE_SEZ":"PRASCO","PROVINCIA":"AL","ID_CENTRALE":"1052","NOME_CENTRALE":"PRASCO","ISTAT_COMUNE_CENTR":"6139","COMUNE_CENTR":"PRASCO","PROVINCIA_CENTR":"AL","INDIRIZZO_CENTRALE":"ROMA","LATITUDINE_SEZIONE":"44.63921","LONGITUDINE_SEZIONE":"8.55133","POS_X_SEZIONE":"464416.52826","POS_Y_SEZIONE":"4942970.32653","LATITUDINE_CENTRALE":"44.64495","LONGITUDINE_CENTRALE":"8.55213","POS_X_CENTRALE":"464483.66813","POS_Y_CENTRALE":"4943607.55006","TIPO_ADSL":"ADSL_M","DESCRIZIONE_TIPO_ADSL":"ADSL Mini","DISTANZA_CALCOLATA":"640.75","CLASSE_DISTANZA":"500-899","POTENZA_SEGNALE":"0.64","POPOLAZIONE_SEZIONE": "78"}
			},
		 		{ "type" : "Feature",
				"geometry" : {
					"type" : "Point",
					"coordinates" : [8.54867,44.64956]},
			"properties" : { "ANNO":"2010","ID_SEZIONE":"30659","ISTAT_COMUNE_SEZ":"6139","COMUNE_SEZ":"PRASCO","PROVINCIA":"AL","ID_CENTRALE":"1052","NOME_CENTRALE":"PRASCO","ISTAT_COMUNE_CENTR":"6139","COMUNE_CENTR":"PRASCO","PROVINCIA_CENTR":"AL","INDIRIZZO_CENTRALE":"ROMA","LATITUDINE_SEZIONE":"44.64956","LONGITUDINE_SEZIONE":"8.54867","POS_X_SEZIONE":"464212.38925","POS_Y_SEZIONE":"4944120.84429","LATITUDINE_CENTRALE":"44.64495","LONGITUDINE_CENTRALE":"8.55213","POS_X_CENTRALE":"464483.66813","POS_Y_CENTRALE":"4943607.55006","TIPO_ADSL":"ADSL_M","DESCRIZIONE_TIPO_ADSL":"ADSL Mini","DISTANZA_CALCOLATA":"580.57","CLASSE_DISTANZA":"500-899","POTENZA_SEGNALE":"0.64","POPOLAZIONE_SEZIONE": "218"}
			}
		 		]
	}
		