 	{ "type" : "FeatureCollection",
		"features" : [
		 		{ "type" : "Feature",
				"geometry" : {
					"type" : "Point",
					"coordinates" : [8.08715,45.66298]},
			"properties" : { "ANNO":"2010","ID_SEZIONE":"6207","ISTAT_COMUNE_SEZ":"96043","COMUNE_SEZ":"PIATTO","PROVINCIA":"BI","ID_CENTRALE":"160","NOME_CENTRALE":"BIELMONTE 2","ISTAT_COMUNE_CENTR":"96043","COMUNE_CENTR":"PIATTO","PROVINCIA_CENTR":"BI","INDIRIZZO_CENTRALE":"ZNA CHALET BIELMONTE","LATITUDINE_SEZIONE":"45.66298","LONGITUDINE_SEZIONE":"8.08715","POS_X_SEZIONE":"428887.84317","POS_Y_SEZIONE":"5057008.33598","LATITUDINE_CENTRALE":"45.66119","LONGITUDINE_CENTRALE":"8.08704","POS_X_CENTRALE":"428877.37794","POS_Y_CENTRALE":"5056809.34201","TIPO_ADSL":"NO","DESCRIZIONE_TIPO_ADSL":"NO Adsl","DISTANZA_CALCOLATA":"199.27","CLASSE_DISTANZA":"100-499","POTENZA_SEGNALE":"","POPOLAZIONE_SEZIONE": ""}
			}
		 		]
	}
		