 	{ "type" : "FeatureCollection",
		"features" : [
		 		{ "type" : "Feature",
				"geometry" : {
					"type" : "Point",
					"coordinates" : [8.68671,44.97455]},
			"properties" : { "ANNO":"2010","ID_SEZIONE":"7120","ISTAT_COMUNE_SEZ":"6013","COMUNE_SEZ":"BASSIGNANA","PROVINCIA":"AL","ID_CENTRALE":"127","NOME_CENTRALE":"BASSIGNANA 2","ISTAT_COMUNE_CENTR":"6013","COMUNE_CENTR":"BASSIGNANA","PROVINCIA_CENTR":"AL","INDIRIZZO_CENTRALE":"STRA. COMUNALE CIMITERO 3","LATITUDINE_SEZIONE":"44.97455","LONGITUDINE_SEZIONE":"8.68671","POS_X_SEZIONE":"475297.26555","POS_Y_SEZIONE":"4980171.38896","LATITUDINE_CENTRALE":"45.00840","LONGITUDINE_CENTRALE":"8.70334","POS_X_CENTRALE":"476622.06904","POS_Y_CENTRALE":"4983925.89213","TIPO_ADSL":"ADSL_1","DESCRIZIONE_TIPO_ADSL":"ADSL (8 mega)","DISTANZA_CALCOLATA":"3981.38","CLASSE_DISTANZA":"3700-4099","POTENZA_SEGNALE":"3000.38","POPOLAZIONE_SEZIONE": "57"}
			},
		 		{ "type" : "Feature",
				"geometry" : {
					"type" : "Point",
					"coordinates" : [8.73745,45.00244]},
			"properties" : { "ANNO":"2010","ID_SEZIONE":"7231","ISTAT_COMUNE_SEZ":"6013","COMUNE_SEZ":"BASSIGNANA","PROVINCIA":"AL","ID_CENTRALE":"127","NOME_CENTRALE":"BASSIGNANA 2","ISTAT_COMUNE_CENTR":"6013","COMUNE_CENTR":"BASSIGNANA","PROVINCIA_CENTR":"AL","INDIRIZZO_CENTRALE":"STRA. COMUNALE CIMITERO 3","LATITUDINE_SEZIONE":"45.00244","LONGITUDINE_SEZIONE":"8.73745","POS_X_SEZIONE":"479307.52757","POS_Y_SEZIONE":"4983255.45680","LATITUDINE_CENTRALE":"45.00840","LONGITUDINE_CENTRALE":"8.70334","POS_X_CENTRALE":"476622.06904","POS_Y_CENTRALE":"4983925.89213","TIPO_ADSL":"ADSL_1","DESCRIZIONE_TIPO_ADSL":"ADSL (8 mega)","DISTANZA_CALCOLATA":"2767.88","CLASSE_DISTANZA":"2500-2899","POTENZA_SEGNALE":"5749.63","POPOLAZIONE_SEZIONE": "582"}
			},
		 		{ "type" : "Feature",
				"geometry" : {
					"type" : "Point",
					"coordinates" : [8.73081,45.00104]},
			"properties" : { "ANNO":"2010","ID_SEZIONE":"9783","ISTAT_COMUNE_SEZ":"6013","COMUNE_SEZ":"BASSIGNANA","PROVINCIA":"AL","ID_CENTRALE":"127","NOME_CENTRALE":"BASSIGNANA 2","ISTAT_COMUNE_CENTR":"6013","COMUNE_CENTR":"BASSIGNANA","PROVINCIA_CENTR":"AL","INDIRIZZO_CENTRALE":"STRA. COMUNALE CIMITERO 3","LATITUDINE_SEZIONE":"45.00104","LONGITUDINE_SEZIONE":"8.73081","POS_X_SEZIONE":"478783.77512","POS_Y_SEZIONE":"4983100.95210","LATITUDINE_CENTRALE":"45.00840","LONGITUDINE_CENTRALE":"8.70334","POS_X_CENTRALE":"476622.06904","POS_Y_CENTRALE":"4983925.89213","TIPO_ADSL":"ADSL_1","DESCRIZIONE_TIPO_ADSL":"ADSL (8 mega)","DISTANZA_CALCOLATA":"2313.76","CLASSE_DISTANZA":"2100-2499","POTENZA_SEGNALE":"6500.38","POPOLAZIONE_SEZIONE": "732"}
			},
		 		{ "type" : "Feature",
				"geometry" : {
					"type" : "Point",
					"coordinates" : [8.70688,45.00918]},
			"properties" : { "ANNO":"2010","ID_SEZIONE":"23026","ISTAT_COMUNE_SEZ":"6013","COMUNE_SEZ":"BASSIGNANA","PROVINCIA":"AL","ID_CENTRALE":"127","NOME_CENTRALE":"BASSIGNANA 2","ISTAT_COMUNE_CENTR":"6013","COMUNE_CENTR":"BASSIGNANA","PROVINCIA_CENTR":"AL","INDIRIZZO_CENTRALE":"STRA. COMUNALE CIMITERO 3","LATITUDINE_SEZIONE":"45.00918","LONGITUDINE_SEZIONE":"8.70688","POS_X_SEZIONE":"476901.13883","POS_Y_SEZIONE":"4984011.47242","LATITUDINE_CENTRALE":"45.00840","LONGITUDINE_CENTRALE":"8.70334","POS_X_CENTRALE":"476622.06904","POS_Y_CENTRALE":"4983925.89213","TIPO_ADSL":"ADSL_1","DESCRIZIONE_TIPO_ADSL":"ADSL (8 mega)","DISTANZA_CALCOLATA":"291.90","CLASSE_DISTANZA":"100-499","POTENZA_SEGNALE":"7000","POPOLAZIONE_SEZIONE": "239"}
			},
		 		{ "type" : "Feature",
				"geometry" : {
					"type" : "Point",
					"coordinates" : [8.73787,45.00855]},
			"properties" : { "ANNO":"2010","ID_SEZIONE":"26547","ISTAT_COMUNE_SEZ":"6013","COMUNE_SEZ":"BASSIGNANA","PROVINCIA":"AL","ID_CENTRALE":"127","NOME_CENTRALE":"BASSIGNANA 2","ISTAT_COMUNE_CENTR":"6013","COMUNE_CENTR":"BASSIGNANA","PROVINCIA_CENTR":"AL","INDIRIZZO_CENTRALE":"STRA. COMUNALE CIMITERO 3","LATITUDINE_SEZIONE":"45.00855","LONGITUDINE_SEZIONE":"8.73787","POS_X_SEZIONE":"479342.80949","POS_Y_SEZIONE":"4983933.97559","LATITUDINE_CENTRALE":"45.00840","LONGITUDINE_CENTRALE":"8.70334","POS_X_CENTRALE":"476622.06904","POS_Y_CENTRALE":"4983925.89213","TIPO_ADSL":"ADSL_1","DESCRIZIONE_TIPO_ADSL":"ADSL (8 mega)","DISTANZA_CALCOLATA":"2720.75","CLASSE_DISTANZA":"2500-2899","POTENZA_SEGNALE":"5749.63","POPOLAZIONE_SEZIONE": "127"}
			}
		 		]
	}
		