 	{ "type" : "FeatureCollection",
		"features" : [
		 		{ "type" : "Feature",
				"geometry" : {
					"type" : "Point",
					"coordinates" : [7.46929,44.80574]},
			"properties" : { "ANNO":"2010","ID_SEZIONE":"1559","ISTAT_COMUNE_SEZ":"1300","COMUNE_SEZ":"VILLAFRANCA PIEMONTE","PROVINCIA":"TO","ID_CENTRALE":"1630","NOME_CENTRALE":"VILLAFRANCA S. GIOVANNI","ISTAT_COMUNE_CENTR":"1300","COMUNE_CENTR":"VILLAFRANCA PIEMONTE","PROVINCIA_CENTR":"TO","INDIRIZZO_CENTRALE":"FRAZIONE S.GIOVANNI","LATITUDINE_SEZIONE":"44.80574","LONGITUDINE_SEZIONE":"7.46929","POS_X_SEZIONE":"378949.64255","POS_Y_SEZIONE":"4962510.02882","LATITUDINE_CENTRALE":"44.79565","LONGITUDINE_CENTRALE":"7.46809","POS_X_CENTRALE":"378833.76287","POS_Y_CENTRALE":"4961391.19662","TIPO_ADSL":"NO","DESCRIZIONE_TIPO_ADSL":"NO Adsl","DISTANZA_CALCOLATA":"1124.82","CLASSE_DISTANZA":"900-1299","POTENZA_SEGNALE":"","POPOLAZIONE_SEZIONE": "46"}
			},
		 		{ "type" : "Feature",
				"geometry" : {
					"type" : "Point",
					"coordinates" : [7.46591,44.80772]},
			"properties" : { "ANNO":"2010","ID_SEZIONE":"2710","ISTAT_COMUNE_SEZ":"1300","COMUNE_SEZ":"VILLAFRANCA PIEMONTE","PROVINCIA":"TO","ID_CENTRALE":"1630","NOME_CENTRALE":"VILLAFRANCA S. GIOVANNI","ISTAT_COMUNE_CENTR":"1300","COMUNE_CENTR":"VILLAFRANCA PIEMONTE","PROVINCIA_CENTR":"TO","INDIRIZZO_CENTRALE":"FRAZIONE S.GIOVANNI","LATITUDINE_SEZIONE":"44.80772","LONGITUDINE_SEZIONE":"7.46591","POS_X_SEZIONE":"378686.73311","POS_Y_SEZIONE":"4962735.53205","LATITUDINE_CENTRALE":"44.79565","LONGITUDINE_CENTRALE":"7.46809","POS_X_CENTRALE":"378833.76287","POS_Y_CENTRALE":"4961391.19662","TIPO_ADSL":"NO","DESCRIZIONE_TIPO_ADSL":"NO Adsl","DISTANZA_CALCOLATA":"1352.35","CLASSE_DISTANZA":"1300-1699","POTENZA_SEGNALE":"","POPOLAZIONE_SEZIONE": "33"}
			},
		 		{ "type" : "Feature",
				"geometry" : {
					"type" : "Point",
					"coordinates" : [7.42819,44.81107]},
			"properties" : { "ANNO":"2010","ID_SEZIONE":"4833","ISTAT_COMUNE_SEZ":"1300","COMUNE_SEZ":"VILLAFRANCA PIEMONTE","PROVINCIA":"TO","ID_CENTRALE":"1630","NOME_CENTRALE":"VILLAFRANCA S. GIOVANNI","ISTAT_COMUNE_CENTR":"1300","COMUNE_CENTR":"VILLAFRANCA PIEMONTE","PROVINCIA_CENTR":"TO","INDIRIZZO_CENTRALE":"FRAZIONE S.GIOVANNI","LATITUDINE_SEZIONE":"44.81107","LONGITUDINE_SEZIONE":"7.42819","POS_X_SEZIONE":"375710.99627","POS_Y_SEZIONE":"4963164.53480","LATITUDINE_CENTRALE":"44.79565","LONGITUDINE_CENTRALE":"7.46809","POS_X_CENTRALE":"378833.76287","POS_Y_CENTRALE":"4961391.19662","TIPO_ADSL":"NO","DESCRIZIONE_TIPO_ADSL":"NO Adsl","DISTANZA_CALCOLATA":"3591.16","CLASSE_DISTANZA":"3300-3699","POTENZA_SEGNALE":"","POPOLAZIONE_SEZIONE": "50"}
			},
		 		{ "type" : "Feature",
				"geometry" : {
					"type" : "Point",
					"coordinates" : [7.43143,44.79481]},
			"properties" : { "ANNO":"2010","ID_SEZIONE":"7099","ISTAT_COMUNE_SEZ":"1300","COMUNE_SEZ":"VILLAFRANCA PIEMONTE","PROVINCIA":"TO","ID_CENTRALE":"1630","NOME_CENTRALE":"VILLAFRANCA S. GIOVANNI","ISTAT_COMUNE_CENTR":"1300","COMUNE_CENTR":"VILLAFRANCA PIEMONTE","PROVINCIA_CENTR":"TO","INDIRIZZO_CENTRALE":"FRAZIONE S.GIOVANNI","LATITUDINE_SEZIONE":"44.79481","LONGITUDINE_SEZIONE":"7.43143","POS_X_SEZIONE":"375932.10757","POS_Y_SEZIONE":"4961353.00917","LATITUDINE_CENTRALE":"44.79565","LONGITUDINE_CENTRALE":"7.46809","POS_X_CENTRALE":"378833.76287","POS_Y_CENTRALE":"4961391.19662","TIPO_ADSL":"NO","DESCRIZIONE_TIPO_ADSL":"NO Adsl","DISTANZA_CALCOLATA":"2901.91","CLASSE_DISTANZA":"2900-3299","POTENZA_SEGNALE":"","POPOLAZIONE_SEZIONE": "12"}
			},
		 		{ "type" : "Feature",
				"geometry" : {
					"type" : "Point",
					"coordinates" : [7.47022,44.80189]},
			"properties" : { "ANNO":"2010","ID_SEZIONE":"7276","ISTAT_COMUNE_SEZ":"1300","COMUNE_SEZ":"VILLAFRANCA PIEMONTE","PROVINCIA":"TO","ID_CENTRALE":"1630","NOME_CENTRALE":"VILLAFRANCA S. GIOVANNI","ISTAT_COMUNE_CENTR":"1300","COMUNE_CENTR":"VILLAFRANCA PIEMONTE","PROVINCIA_CENTR":"TO","INDIRIZZO_CENTRALE":"FRAZIONE S.GIOVANNI","LATITUDINE_SEZIONE":"44.80189","LONGITUDINE_SEZIONE":"7.47022","POS_X_SEZIONE":"379014.77356","POS_Y_SEZIONE":"4962081.52219","LATITUDINE_CENTRALE":"44.79565","LONGITUDINE_CENTRALE":"7.46809","POS_X_CENTRALE":"378833.76287","POS_Y_CENTRALE":"4961391.19662","TIPO_ADSL":"NO","DESCRIZIONE_TIPO_ADSL":"NO Adsl","DISTANZA_CALCOLATA":"713.66","CLASSE_DISTANZA":"500-899","POTENZA_SEGNALE":"","POPOLAZIONE_SEZIONE": "11"}
			},
		 		{ "type" : "Feature",
				"geometry" : {
					"type" : "Point",
					"coordinates" : [7.46302,44.81209]},
			"properties" : { "ANNO":"2010","ID_SEZIONE":"9817","ISTAT_COMUNE_SEZ":"1300","COMUNE_SEZ":"VILLAFRANCA PIEMONTE","PROVINCIA":"TO","ID_CENTRALE":"1630","NOME_CENTRALE":"VILLAFRANCA S. GIOVANNI","ISTAT_COMUNE_CENTR":"1300","COMUNE_CENTR":"VILLAFRANCA PIEMONTE","PROVINCIA_CENTR":"TO","INDIRIZZO_CENTRALE":"FRAZIONE S.GIOVANNI","LATITUDINE_SEZIONE":"44.81209","LONGITUDINE_SEZIONE":"7.46302","POS_X_SEZIONE":"378466.72569","POS_Y_SEZIONE":"4963225.53960","LATITUDINE_CENTRALE":"44.79565","LONGITUDINE_CENTRALE":"7.46809","POS_X_CENTRALE":"378833.76287","POS_Y_CENTRALE":"4961391.19662","TIPO_ADSL":"NO","DESCRIZIONE_TIPO_ADSL":"NO Adsl","DISTANZA_CALCOLATA":"1870.7","CLASSE_DISTANZA":"1700-2099","POTENZA_SEGNALE":"","POPOLAZIONE_SEZIONE": ""}
			},
		 		{ "type" : "Feature",
				"geometry" : {
					"type" : "Point",
					"coordinates" : [7.44978,44.79597]},
			"properties" : { "ANNO":"2010","ID_SEZIONE":"11063","ISTAT_COMUNE_SEZ":"1300","COMUNE_SEZ":"VILLAFRANCA PIEMONTE","PROVINCIA":"TO","ID_CENTRALE":"1630","NOME_CENTRALE":"VILLAFRANCA S. GIOVANNI","ISTAT_COMUNE_CENTR":"1300","COMUNE_CENTR":"VILLAFRANCA PIEMONTE","PROVINCIA_CENTR":"TO","INDIRIZZO_CENTRALE":"FRAZIONE S.GIOVANNI","LATITUDINE_SEZIONE":"44.79597","LONGITUDINE_SEZIONE":"7.44978","POS_X_SEZIONE":"377385.81586","POS_Y_SEZIONE":"4961454.51317","LATITUDINE_CENTRALE":"44.79565","LONGITUDINE_CENTRALE":"7.46809","POS_X_CENTRALE":"378833.76287","POS_Y_CENTRALE":"4961391.19662","TIPO_ADSL":"NO","DESCRIZIONE_TIPO_ADSL":"NO Adsl","DISTANZA_CALCOLATA":"1449.33","CLASSE_DISTANZA":"1300-1699","POTENZA_SEGNALE":"","POPOLAZIONE_SEZIONE": "115"}
			},
		 		{ "type" : "Feature",
				"geometry" : {
					"type" : "Point",
					"coordinates" : [7.43642,44.78919]},
			"properties" : { "ANNO":"2010","ID_SEZIONE":"11844","ISTAT_COMUNE_SEZ":"1300","COMUNE_SEZ":"VILLAFRANCA PIEMONTE","PROVINCIA":"TO","ID_CENTRALE":"1630","NOME_CENTRALE":"VILLAFRANCA S. GIOVANNI","ISTAT_COMUNE_CENTR":"1300","COMUNE_CENTR":"VILLAFRANCA PIEMONTE","PROVINCIA_CENTR":"TO","INDIRIZZO_CENTRALE":"FRAZIONE S.GIOVANNI","LATITUDINE_SEZIONE":"44.78919","LONGITUDINE_SEZIONE":"7.43642","POS_X_SEZIONE":"376315.10508","POS_Y_SEZIONE":"4960721.50069","LATITUDINE_CENTRALE":"44.79565","LONGITUDINE_CENTRALE":"7.46809","POS_X_CENTRALE":"378833.76287","POS_Y_CENTRALE":"4961391.19662","TIPO_ADSL":"NO","DESCRIZIONE_TIPO_ADSL":"NO Adsl","DISTANZA_CALCOLATA":"2606.17","CLASSE_DISTANZA":"2500-2899","POTENZA_SEGNALE":"","POPOLAZIONE_SEZIONE": "107"}
			},
		 		{ "type" : "Feature",
				"geometry" : {
					"type" : "Point",
					"coordinates" : [7.43125,44.80016]},
			"properties" : { "ANNO":"2010","ID_SEZIONE":"22438","ISTAT_COMUNE_SEZ":"1300","COMUNE_SEZ":"VILLAFRANCA PIEMONTE","PROVINCIA":"TO","ID_CENTRALE":"1630","NOME_CENTRALE":"VILLAFRANCA S. GIOVANNI","ISTAT_COMUNE_CENTR":"1300","COMUNE_CENTR":"VILLAFRANCA PIEMONTE","PROVINCIA_CENTR":"TO","INDIRIZZO_CENTRALE":"FRAZIONE S.GIOVANNI","LATITUDINE_SEZIONE":"44.80016","LONGITUDINE_SEZIONE":"7.43125","POS_X_SEZIONE":"375929.06783","POS_Y_SEZIONE":"4961948.51790","LATITUDINE_CENTRALE":"44.79565","LONGITUDINE_CENTRALE":"7.46809","POS_X_CENTRALE":"378833.76287","POS_Y_CENTRALE":"4961391.19662","TIPO_ADSL":"NO","DESCRIZIONE_TIPO_ADSL":"NO Adsl","DISTANZA_CALCOLATA":"2957.68","CLASSE_DISTANZA":"2900-3299","POTENZA_SEGNALE":"","POPOLAZIONE_SEZIONE": "29"}
			},
		 		{ "type" : "Feature",
				"geometry" : {
					"type" : "Point",
					"coordinates" : [7.44138,44.80272]},
			"properties" : { "ANNO":"2010","ID_SEZIONE":"26321","ISTAT_COMUNE_SEZ":"1300","COMUNE_SEZ":"VILLAFRANCA PIEMONTE","PROVINCIA":"TO","ID_CENTRALE":"1630","NOME_CENTRALE":"VILLAFRANCA S. GIOVANNI","ISTAT_COMUNE_CENTR":"1300","COMUNE_CENTR":"VILLAFRANCA PIEMONTE","PROVINCIA_CENTR":"TO","INDIRIZZO_CENTRALE":"FRAZIONE S.GIOVANNI","LATITUDINE_SEZIONE":"44.80272","LONGITUDINE_SEZIONE":"7.44138","POS_X_SEZIONE":"376735.97983","POS_Y_SEZIONE":"4962217.02299","LATITUDINE_CENTRALE":"44.79565","LONGITUDINE_CENTRALE":"7.46809","POS_X_CENTRALE":"378833.76287","POS_Y_CENTRALE":"4961391.19662","TIPO_ADSL":"NO","DESCRIZIONE_TIPO_ADSL":"NO Adsl","DISTANZA_CALCOLATA":"2254.48","CLASSE_DISTANZA":"2100-2499","POTENZA_SEGNALE":"","POPOLAZIONE_SEZIONE": "36"}
			},
		 		{ "type" : "Feature",
				"geometry" : {
					"type" : "Point",
					"coordinates" : [7.47875,44.80602]},
			"properties" : { "ANNO":"2010","ID_SEZIONE":"27182","ISTAT_COMUNE_SEZ":"1300","COMUNE_SEZ":"VILLAFRANCA PIEMONTE","PROVINCIA":"TO","ID_CENTRALE":"1630","NOME_CENTRALE":"VILLAFRANCA S. GIOVANNI","ISTAT_COMUNE_CENTR":"1300","COMUNE_CENTR":"VILLAFRANCA PIEMONTE","PROVINCIA_CENTR":"TO","INDIRIZZO_CENTRALE":"FRAZIONE S.GIOVANNI","LATITUDINE_SEZIONE":"44.80602","LONGITUDINE_SEZIONE":"7.47875","POS_X_SEZIONE":"379698.26949","POS_Y_SEZIONE":"4962528.02869","LATITUDINE_CENTRALE":"44.79565","LONGITUDINE_CENTRALE":"7.46809","POS_X_CENTRALE":"378833.76287","POS_Y_CENTRALE":"4961391.19662","TIPO_ADSL":"NO","DESCRIZIONE_TIPO_ADSL":"NO Adsl","DISTANZA_CALCOLATA":"1428.2","CLASSE_DISTANZA":"1300-1699","POTENZA_SEGNALE":"","POPOLAZIONE_SEZIONE": "29"}
			}
		 		]
	}
		