 	{ "type" : "FeatureCollection",
		"features" : [
		 		{ "type" : "Feature",
				"geometry" : {
					"type" : "Point",
					"coordinates" : [8.71922,45.46060]},
			"properties" : { "ANNO":"2010","ID_SEZIONE":"1747","ISTAT_COMUNE_SEZ":"3131","COMUNE_SEZ":"ROMENTINO","PROVINCIA":"NO","ID_CENTRALE":"1145","NOME_CENTRALE":"ROMENTINO","ISTAT_COMUNE_CENTR":"3131","COMUNE_CENTR":"ROMENTINO","PROVINCIA_CENTR":"NO","INDIRIZZO_CENTRALE":"MARCONI","LATITUDINE_SEZIONE":"45.46060","LONGITUDINE_SEZIONE":"8.71922","POS_X_SEZIONE":"478048.01115","POS_Y_SEZIONE":"5034157.37352","LATITUDINE_CENTRALE":"45.45975","LONGITUDINE_CENTRALE":"8.71762","POS_X_CENTRALE":"477922.90625","POS_Y_CENTRALE":"5034064.00000","TIPO_ADSL":"ADSL_1","DESCRIZIONE_TIPO_ADSL":"ADSL (8 mega)","DISTANZA_CALCOLATA":"156.11","CLASSE_DISTANZA":"100-499","POTENZA_SEGNALE":"7000","POPOLAZIONE_SEZIONE": "509"}
			},
		 		{ "type" : "Feature",
				"geometry" : {
					"type" : "Point",
					"coordinates" : [8.72862,45.46272]},
			"properties" : { "ANNO":"2010","ID_SEZIONE":"4107","ISTAT_COMUNE_SEZ":"3131","COMUNE_SEZ":"ROMENTINO","PROVINCIA":"NO","ID_CENTRALE":"1145","NOME_CENTRALE":"ROMENTINO","ISTAT_COMUNE_CENTR":"3131","COMUNE_CENTR":"ROMENTINO","PROVINCIA_CENTR":"NO","INDIRIZZO_CENTRALE":"MARCONI","LATITUDINE_SEZIONE":"45.46272","LONGITUDINE_SEZIONE":"8.72862","POS_X_SEZIONE":"478783.60155","POS_Y_SEZIONE":"5034390.87983","LATITUDINE_CENTRALE":"45.45975","LONGITUDINE_CENTRALE":"8.71762","POS_X_CENTRALE":"477922.90625","POS_Y_CENTRALE":"5034064.00000","TIPO_ADSL":"ADSL_1","DESCRIZIONE_TIPO_ADSL":"ADSL (8 mega)","DISTANZA_CALCOLATA":"920.68","CLASSE_DISTANZA":"900-1299","POTENZA_SEGNALE":"7000","POPOLAZIONE_SEZIONE": "241"}
			},
		 		{ "type" : "Feature",
				"geometry" : {
					"type" : "Point",
					"coordinates" : [8.77807,45.47080]},
			"properties" : { "ANNO":"2010","ID_SEZIONE":"4978","ISTAT_COMUNE_SEZ":"3131","COMUNE_SEZ":"ROMENTINO","PROVINCIA":"NO","ID_CENTRALE":"1145","NOME_CENTRALE":"ROMENTINO","ISTAT_COMUNE_CENTR":"3131","COMUNE_CENTR":"ROMENTINO","PROVINCIA_CENTR":"NO","INDIRIZZO_CENTRALE":"MARCONI","LATITUDINE_SEZIONE":"45.47080","LONGITUDINE_SEZIONE":"8.77807","POS_X_SEZIONE":"482652.08565","POS_Y_SEZIONE":"5035275.91330","LATITUDINE_CENTRALE":"45.45975","LONGITUDINE_CENTRALE":"8.71762","POS_X_CENTRALE":"477922.90625","POS_Y_CENTRALE":"5034064.00000","TIPO_ADSL":"ADSL_1","DESCRIZIONE_TIPO_ADSL":"ADSL (8 mega)","DISTANZA_CALCOLATA":"4881.99","CLASSE_DISTANZA":"4500-4899","POTENZA_SEGNALE":"1470","POPOLAZIONE_SEZIONE": "19"}
			},
		 		{ "type" : "Feature",
				"geometry" : {
					"type" : "Point",
					"coordinates" : [8.72322,45.46127]},
			"properties" : { "ANNO":"2010","ID_SEZIONE":"5931","ISTAT_COMUNE_SEZ":"3131","COMUNE_SEZ":"ROMENTINO","PROVINCIA":"NO","ID_CENTRALE":"1145","NOME_CENTRALE":"ROMENTINO","ISTAT_COMUNE_CENTR":"3131","COMUNE_CENTR":"ROMENTINO","PROVINCIA_CENTR":"NO","INDIRIZZO_CENTRALE":"MARCONI","LATITUDINE_SEZIONE":"45.46127","LONGITUDINE_SEZIONE":"8.72322","POS_X_SEZIONE":"478361.41608","POS_Y_SEZIONE":"5034230.37653","LATITUDINE_CENTRALE":"45.45975","LONGITUDINE_CENTRALE":"8.71762","POS_X_CENTRALE":"477922.90625","POS_Y_CENTRALE":"5034064.00000","TIPO_ADSL":"ADSL_1","DESCRIZIONE_TIPO_ADSL":"ADSL (8 mega)","DISTANZA_CALCOLATA":"469.01","CLASSE_DISTANZA":"100-499","POTENZA_SEGNALE":"7000","POPOLAZIONE_SEZIONE": "647"}
			},
		 		{ "type" : "Feature",
				"geometry" : {
					"type" : "Point",
					"coordinates" : [8.74310,45.46688]},
			"properties" : { "ANNO":"2010","ID_SEZIONE":"6161","ISTAT_COMUNE_SEZ":"3131","COMUNE_SEZ":"ROMENTINO","PROVINCIA":"NO","ID_CENTRALE":"1145","NOME_CENTRALE":"ROMENTINO","ISTAT_COMUNE_CENTR":"3131","COMUNE_CENTR":"ROMENTINO","PROVINCIA_CENTR":"NO","INDIRIZZO_CENTRALE":"MARCONI","LATITUDINE_SEZIONE":"45.46688","LONGITUDINE_SEZIONE":"8.74310","POS_X_SEZIONE":"479917.40917","POS_Y_SEZIONE":"5034849.38760","LATITUDINE_CENTRALE":"45.45975","LONGITUDINE_CENTRALE":"8.71762","POS_X_CENTRALE":"477922.90625","POS_Y_CENTRALE":"5034064.00000","TIPO_ADSL":"ADSL_1","DESCRIZIONE_TIPO_ADSL":"ADSL (8 mega)","DISTANZA_CALCOLATA":"2143.57","CLASSE_DISTANZA":"2100-2499","POTENZA_SEGNALE":"6500.38","POPOLAZIONE_SEZIONE": "29"}
			},
		 		{ "type" : "Feature",
				"geometry" : {
					"type" : "Point",
					"coordinates" : [8.72128,45.46321]},
			"properties" : { "ANNO":"2010","ID_SEZIONE":"13838","ISTAT_COMUNE_SEZ":"3131","COMUNE_SEZ":"ROMENTINO","PROVINCIA":"NO","ID_CENTRALE":"1145","NOME_CENTRALE":"ROMENTINO","ISTAT_COMUNE_CENTR":"3131","COMUNE_CENTR":"ROMENTINO","PROVINCIA_CENTR":"NO","INDIRIZZO_CENTRALE":"MARCONI","LATITUDINE_SEZIONE":"45.46321","LONGITUDINE_SEZIONE":"8.72128","POS_X_SEZIONE":"478210.50920","POS_Y_SEZIONE":"5034447.37237","LATITUDINE_CENTRALE":"45.45975","LONGITUDINE_CENTRALE":"8.71762","POS_X_CENTRALE":"477922.90625","POS_Y_CENTRALE":"5034064.00000","TIPO_ADSL":"ADSL_1","DESCRIZIONE_TIPO_ADSL":"ADSL (8 mega)","DISTANZA_CALCOLATA":"479.26","CLASSE_DISTANZA":"100-499","POTENZA_SEGNALE":"7000","POPOLAZIONE_SEZIONE": "627"}
			},
		 		{ "type" : "Feature",
				"geometry" : {
					"type" : "Point",
					"coordinates" : [8.71388,45.46009]},
			"properties" : { "ANNO":"2010","ID_SEZIONE":"18350","ISTAT_COMUNE_SEZ":"3131","COMUNE_SEZ":"ROMENTINO","PROVINCIA":"NO","ID_CENTRALE":"1145","NOME_CENTRALE":"ROMENTINO","ISTAT_COMUNE_CENTR":"3131","COMUNE_CENTR":"ROMENTINO","PROVINCIA_CENTR":"NO","INDIRIZZO_CENTRALE":"MARCONI","LATITUDINE_SEZIONE":"45.46009","LONGITUDINE_SEZIONE":"8.71388","POS_X_SEZIONE":"477630.29339","POS_Y_SEZIONE":"5034101.86914","LATITUDINE_CENTRALE":"45.45975","LONGITUDINE_CENTRALE":"8.71762","POS_X_CENTRALE":"477922.90625","POS_Y_CENTRALE":"5034064.00000","TIPO_ADSL":"ADSL_1","DESCRIZIONE_TIPO_ADSL":"ADSL (8 mega)","DISTANZA_CALCOLATA":"295.05","CLASSE_DISTANZA":"100-499","POTENZA_SEGNALE":"7000","POPOLAZIONE_SEZIONE": "631"}
			},
		 		{ "type" : "Feature",
				"geometry" : {
					"type" : "Point",
					"coordinates" : [8.71260,45.46440]},
			"properties" : { "ANNO":"2010","ID_SEZIONE":"21020","ISTAT_COMUNE_SEZ":"3131","COMUNE_SEZ":"ROMENTINO","PROVINCIA":"NO","ID_CENTRALE":"1145","NOME_CENTRALE":"ROMENTINO","ISTAT_COMUNE_CENTR":"3131","COMUNE_CENTR":"ROMENTINO","PROVINCIA_CENTR":"NO","INDIRIZZO_CENTRALE":"MARCONI","LATITUDINE_SEZIONE":"45.46440","LONGITUDINE_SEZIONE":"8.71260","POS_X_SEZIONE":"477532.32271","POS_Y_SEZIONE":"5034581.36277","LATITUDINE_CENTRALE":"45.45975","LONGITUDINE_CENTRALE":"8.71762","POS_X_CENTRALE":"477922.90625","POS_Y_CENTRALE":"5034064.00000","TIPO_ADSL":"ADSL_1","DESCRIZIONE_TIPO_ADSL":"ADSL (8 mega)","DISTANZA_CALCOLATA":"648.24","CLASSE_DISTANZA":"500-899","POTENZA_SEGNALE":"7000","POPOLAZIONE_SEZIONE": "689"}
			},
		 		{ "type" : "Feature",
				"geometry" : {
					"type" : "Point",
					"coordinates" : [8.71376,45.45046]},
			"properties" : { "ANNO":"2010","ID_SEZIONE":"26740","ISTAT_COMUNE_SEZ":"3131","COMUNE_SEZ":"ROMENTINO","PROVINCIA":"NO","ID_CENTRALE":"1145","NOME_CENTRALE":"ROMENTINO","ISTAT_COMUNE_CENTR":"3131","COMUNE_CENTR":"ROMENTINO","PROVINCIA_CENTR":"NO","INDIRIZZO_CENTRALE":"MARCONI","LATITUDINE_SEZIONE":"45.45046","LONGITUDINE_SEZIONE":"8.71376","POS_X_SEZIONE":"477617.29781","POS_Y_SEZIONE":"5033032.38101","LATITUDINE_CENTRALE":"45.45975","LONGITUDINE_CENTRALE":"8.71762","POS_X_CENTRALE":"477922.90625","POS_Y_CENTRALE":"5034064.00000","TIPO_ADSL":"ADSL_1","DESCRIZIONE_TIPO_ADSL":"ADSL (8 mega)","DISTANZA_CALCOLATA":"1075.93","CLASSE_DISTANZA":"900-1299","POTENZA_SEGNALE":"7000","POPOLAZIONE_SEZIONE": "111"}
			},
		 		{ "type" : "Feature",
				"geometry" : {
					"type" : "Point",
					"coordinates" : [8.72092,45.46450]},
			"properties" : { "ANNO":"2010","ID_SEZIONE":"29383","ISTAT_COMUNE_SEZ":"3131","COMUNE_SEZ":"ROMENTINO","PROVINCIA":"NO","ID_CENTRALE":"1145","NOME_CENTRALE":"ROMENTINO","ISTAT_COMUNE_CENTR":"3131","COMUNE_CENTR":"ROMENTINO","PROVINCIA_CENTR":"NO","INDIRIZZO_CENTRALE":"MARCONI","LATITUDINE_SEZIONE":"45.46450","LONGITUDINE_SEZIONE":"8.72092","POS_X_SEZIONE":"478182.57090","POS_Y_SEZIONE":"5034590.37039","LATITUDINE_CENTRALE":"45.45975","LONGITUDINE_CENTRALE":"8.71762","POS_X_CENTRALE":"477922.90625","POS_Y_CENTRALE":"5034064.00000","TIPO_ADSL":"ADSL_1","DESCRIZIONE_TIPO_ADSL":"ADSL (8 mega)","DISTANZA_CALCOLATA":"586.93","CLASSE_DISTANZA":"500-899","POTENZA_SEGNALE":"7000","POPOLAZIONE_SEZIONE": "737"}
			}
		 		]
	}
		