 	{ "type" : "FeatureCollection",
		"features" : [
		 		{ "type" : "Feature",
				"geometry" : {
					"type" : "Point",
					"coordinates" : [7.89561,44.81989]},
			"properties" : { "ANNO":"2010","ID_SEZIONE":"653","ISTAT_COMUNE_SEZ":"4214","COMUNE_SEZ":"SANTO STEFANO ROERO","PROVINCIA":"CN","ID_CENTRALE":"1305","NOME_CENTRALE":"SANTO STEFANO ROERO","ISTAT_COMUNE_CENTR":"4214","COMUNE_CENTR":"SANTO STEFANO ROERO","PROVINCIA_CENTR":"CN","INDIRIZZO_CENTRALE":"ROMA 1","LATITUDINE_SEZIONE":"44.81989","LONGITUDINE_SEZIONE":"7.89561","POS_X_SEZIONE":"412684.68565","POS_Y_SEZIONE":"4963536.38248","LATITUDINE_CENTRALE":"44.78780","LONGITUDINE_CENTRALE":"7.94198","POS_X_CENTRALE":"416304.49031","POS_Y_CENTRALE":"4959922.09206","TIPO_ADSL":"ADSL_M","DESCRIZIONE_TIPO_ADSL":"ADSL Mini","DISTANZA_CALCOLATA":"5115.28","CLASSE_DISTANZA":"4900-5299","POTENZA_SEGNALE":"0.00","POPOLAZIONE_SEZIONE": "148"}
			},
		 		{ "type" : "Feature",
				"geometry" : {
					"type" : "Point",
					"coordinates" : [7.87946,44.82867]},
			"properties" : { "ANNO":"2010","ID_SEZIONE":"1104","ISTAT_COMUNE_SEZ":"4214","COMUNE_SEZ":"SANTO STEFANO ROERO","PROVINCIA":"CN","ID_CENTRALE":"1305","NOME_CENTRALE":"SANTO STEFANO ROERO","ISTAT_COMUNE_CENTR":"4214","COMUNE_CENTR":"SANTO STEFANO ROERO","PROVINCIA_CENTR":"CN","INDIRIZZO_CENTRALE":"ROMA 1","LATITUDINE_SEZIONE":"44.82867","LONGITUDINE_SEZIONE":"7.87946","POS_X_SEZIONE":"411421.78696","POS_Y_SEZIONE":"4964528.37634","LATITUDINE_CENTRALE":"44.78780","LONGITUDINE_CENTRALE":"7.94198","POS_X_CENTRALE":"416304.49031","POS_Y_CENTRALE":"4959922.09206","TIPO_ADSL":"ADSL_M","DESCRIZIONE_TIPO_ADSL":"ADSL Mini","DISTANZA_CALCOLATA":"6712.57","CLASSE_DISTANZA":"6100 e oltre","POTENZA_SEGNALE":"0.00","POPOLAZIONE_SEZIONE": "2"}
			},
		 		{ "type" : "Feature",
				"geometry" : {
					"type" : "Point",
					"coordinates" : [7.90727,44.81343]},
			"properties" : { "ANNO":"2010","ID_SEZIONE":"2264","ISTAT_COMUNE_SEZ":"4214","COMUNE_SEZ":"SANTO STEFANO ROERO","PROVINCIA":"CN","ID_CENTRALE":"1305","NOME_CENTRALE":"SANTO STEFANO ROERO","ISTAT_COMUNE_CENTR":"4214","COMUNE_CENTR":"SANTO STEFANO ROERO","PROVINCIA_CENTR":"CN","INDIRIZZO_CENTRALE":"ROMA 1","LATITUDINE_SEZIONE":"44.81343","LONGITUDINE_SEZIONE":"7.90727","POS_X_SEZIONE":"413597.11983","POS_Y_SEZIONE":"4962806.38619","LATITUDINE_CENTRALE":"44.78780","LONGITUDINE_CENTRALE":"7.94198","POS_X_CENTRALE":"416304.49031","POS_Y_CENTRALE":"4959922.09206","TIPO_ADSL":"ADSL_M","DESCRIZIONE_TIPO_ADSL":"ADSL Mini","DISTANZA_CALCOLATA":"3955.88","CLASSE_DISTANZA":"3700-4099","POTENZA_SEGNALE":"0.64","POPOLAZIONE_SEZIONE": "29"}
			},
		 		{ "type" : "Feature",
				"geometry" : {
					"type" : "Point",
					"coordinates" : [7.95783,44.77302]},
			"properties" : { "ANNO":"2010","ID_SEZIONE":"3799","ISTAT_COMUNE_SEZ":"4140","COMUNE_SEZ":"MONTEU ROERO","PROVINCIA":"CN","ID_CENTRALE":"1305","NOME_CENTRALE":"SANTO STEFANO ROERO","ISTAT_COMUNE_CENTR":"4214","COMUNE_CENTR":"SANTO STEFANO ROERO","PROVINCIA_CENTR":"CN","INDIRIZZO_CENTRALE":"ROMA 1","LATITUDINE_SEZIONE":"44.77302","LONGITUDINE_SEZIONE":"7.95783","POS_X_SEZIONE":"417537.37097","POS_Y_SEZIONE":"4958264.37173","LATITUDINE_CENTRALE":"44.78780","LONGITUDINE_CENTRALE":"7.94198","POS_X_CENTRALE":"416304.49031","POS_Y_CENTRALE":"4959922.09206","TIPO_ADSL":"ADSL_M","DESCRIZIONE_TIPO_ADSL":"ADSL Mini","DISTANZA_CALCOLATA":"2065.92","CLASSE_DISTANZA":"1700-2099","POTENZA_SEGNALE":"0.64","POPOLAZIONE_SEZIONE": "14"}
			},
		 		{ "type" : "Feature",
				"geometry" : {
					"type" : "Point",
					"coordinates" : [7.91250,44.81038]},
			"properties" : { "ANNO":"2010","ID_SEZIONE":"4018","ISTAT_COMUNE_SEZ":"4214","COMUNE_SEZ":"SANTO STEFANO ROERO","PROVINCIA":"CN","ID_CENTRALE":"1305","NOME_CENTRALE":"SANTO STEFANO ROERO","ISTAT_COMUNE_CENTR":"4214","COMUNE_CENTR":"SANTO STEFANO ROERO","PROVINCIA_CENTR":"CN","INDIRIZZO_CENTRALE":"ROMA 1","LATITUDINE_SEZIONE":"44.81038","LONGITUDINE_SEZIONE":"7.91250","POS_X_SEZIONE":"414005.83714","POS_Y_SEZIONE":"4962461.88751","LATITUDINE_CENTRALE":"44.78780","LONGITUDINE_CENTRALE":"7.94198","POS_X_CENTRALE":"416304.49031","POS_Y_CENTRALE":"4959922.09206","TIPO_ADSL":"ADSL_M","DESCRIZIONE_TIPO_ADSL":"ADSL Mini","DISTANZA_CALCOLATA":"3425.55","CLASSE_DISTANZA":"3300-3699","POTENZA_SEGNALE":"0.64","POPOLAZIONE_SEZIONE": "62"}
			},
		 		{ "type" : "Feature",
				"geometry" : {
					"type" : "Point",
					"coordinates" : [7.86716,44.79065]},
			"properties" : { "ANNO":"2010","ID_SEZIONE":"4617","ISTAT_COMUNE_SEZ":"4140","COMUNE_SEZ":"MONTEU ROERO","PROVINCIA":"CN","ID_CENTRALE":"1305","NOME_CENTRALE":"SANTO STEFANO ROERO","ISTAT_COMUNE_CENTR":"4214","COMUNE_CENTR":"SANTO STEFANO ROERO","PROVINCIA_CENTR":"CN","INDIRIZZO_CENTRALE":"ROMA 1","LATITUDINE_SEZIONE":"44.79065","LONGITUDINE_SEZIONE":"7.86716","POS_X_SEZIONE":"410389.93493","POS_Y_SEZIONE":"4960318.79323","LATITUDINE_CENTRALE":"44.78780","LONGITUDINE_CENTRALE":"7.94198","POS_X_CENTRALE":"416304.49031","POS_Y_CENTRALE":"4959922.09206","TIPO_ADSL":"ADSL_M","DESCRIZIONE_TIPO_ADSL":"ADSL Mini","DISTANZA_CALCOLATA":"5927.84","CLASSE_DISTANZA":"5700-6099","POTENZA_SEGNALE":"0.00","POPOLAZIONE_SEZIONE": "40"}
			},
		 		{ "type" : "Feature",
				"geometry" : {
					"type" : "Point",
					"coordinates" : [7.94680,44.79253]},
			"properties" : { "ANNO":"2010","ID_SEZIONE":"5955","ISTAT_COMUNE_SEZ":"4214","COMUNE_SEZ":"SANTO STEFANO ROERO","PROVINCIA":"CN","ID_CENTRALE":"1305","NOME_CENTRALE":"SANTO STEFANO ROERO","ISTAT_COMUNE_CENTR":"4214","COMUNE_CENTR":"SANTO STEFANO ROERO","PROVINCIA_CENTR":"CN","INDIRIZZO_CENTRALE":"ROMA 1","LATITUDINE_SEZIONE":"44.79253","LONGITUDINE_SEZIONE":"7.94680","POS_X_SEZIONE":"416692.85923","POS_Y_SEZIONE":"4960443.39970","LATITUDINE_CENTRALE":"44.78780","LONGITUDINE_CENTRALE":"7.94198","POS_X_CENTRALE":"416304.49031","POS_Y_CENTRALE":"4959922.09206","TIPO_ADSL":"ADSL_M","DESCRIZIONE_TIPO_ADSL":"ADSL Mini","DISTANZA_CALCOLATA":"650.07","CLASSE_DISTANZA":"500-899","POTENZA_SEGNALE":"0.64","POPOLAZIONE_SEZIONE": "33"}
			},
		 		{ "type" : "Feature",
				"geometry" : {
					"type" : "Point",
					"coordinates" : [7.89730,44.81366]},
			"properties" : { "ANNO":"2010","ID_SEZIONE":"7263","ISTAT_COMUNE_SEZ":"4214","COMUNE_SEZ":"SANTO STEFANO ROERO","PROVINCIA":"CN","ID_CENTRALE":"1305","NOME_CENTRALE":"SANTO STEFANO ROERO","ISTAT_COMUNE_CENTR":"4214","COMUNE_CENTR":"SANTO STEFANO ROERO","PROVINCIA_CENTR":"CN","INDIRIZZO_CENTRALE":"ROMA 1","LATITUDINE_SEZIONE":"44.81366","LONGITUDINE_SEZIONE":"7.89730","POS_X_SEZIONE":"412808.87945","POS_Y_SEZIONE":"4962841.87343","LATITUDINE_CENTRALE":"44.78780","LONGITUDINE_CENTRALE":"7.94198","POS_X_CENTRALE":"416304.49031","POS_Y_CENTRALE":"4959922.09206","TIPO_ADSL":"ADSL_M","DESCRIZIONE_TIPO_ADSL":"ADSL Mini","DISTANZA_CALCOLATA":"4554.6","CLASSE_DISTANZA":"4500-4899","POTENZA_SEGNALE":"0.00","POPOLAZIONE_SEZIONE": "18"}
			},
		 		{ "type" : "Feature",
				"geometry" : {
					"type" : "Point",
					"coordinates" : [7.96943,44.77072]},
			"properties" : { "ANNO":"2010","ID_SEZIONE":"7267","ISTAT_COMUNE_SEZ":"4140","COMUNE_SEZ":"MONTEU ROERO","PROVINCIA":"CN","ID_CENTRALE":"1305","NOME_CENTRALE":"SANTO STEFANO ROERO","ISTAT_COMUNE_CENTR":"4214","COMUNE_CENTR":"SANTO STEFANO ROERO","PROVINCIA_CENTR":"CN","INDIRIZZO_CENTRALE":"ROMA 1","LATITUDINE_SEZIONE":"44.77072","LONGITUDINE_SEZIONE":"7.96943","POS_X_SEZIONE":"418451.94479","POS_Y_SEZIONE":"4957997.37243","LATITUDINE_CENTRALE":"44.78780","LONGITUDINE_CENTRALE":"7.94198","POS_X_CENTRALE":"416304.49031","POS_Y_CENTRALE":"4959922.09206","TIPO_ADSL":"ADSL_M","DESCRIZIONE_TIPO_ADSL":"ADSL Mini","DISTANZA_CALCOLATA":"2883.77","CLASSE_DISTANZA":"2500-2899","POTENZA_SEGNALE":"0.64","POPOLAZIONE_SEZIONE": "51"}
			},
		 		{ "type" : "Feature",
				"geometry" : {
					"type" : "Point",
					"coordinates" : [7.93023,44.79121]},
			"properties" : { "ANNO":"2010","ID_SEZIONE":"7649","ISTAT_COMUNE_SEZ":"4214","COMUNE_SEZ":"SANTO STEFANO ROERO","PROVINCIA":"CN","ID_CENTRALE":"1305","NOME_CENTRALE":"SANTO STEFANO ROERO","ISTAT_COMUNE_CENTR":"4214","COMUNE_CENTR":"SANTO STEFANO ROERO","PROVINCIA_CENTR":"CN","INDIRIZZO_CENTRALE":"ROMA 1","LATITUDINE_SEZIONE":"44.79121","LONGITUDINE_SEZIONE":"7.93023","POS_X_SEZIONE":"415379.75126","POS_Y_SEZIONE":"4960313.87547","LATITUDINE_CENTRALE":"44.78780","LONGITUDINE_CENTRALE":"7.94198","POS_X_CENTRALE":"416304.49031","POS_Y_CENTRALE":"4959922.09206","TIPO_ADSL":"ADSL_M","DESCRIZIONE_TIPO_ADSL":"ADSL Mini","DISTANZA_CALCOLATA":"1004.31","CLASSE_DISTANZA":"900-1299","POTENZA_SEGNALE":"0.64","POPOLAZIONE_SEZIONE": "17"}
			},
		 		{ "type" : "Feature",
				"geometry" : {
					"type" : "Point",
					"coordinates" : [7.96403,44.78519]},
			"properties" : { "ANNO":"2010","ID_SEZIONE":"7650","ISTAT_COMUNE_SEZ":"4214","COMUNE_SEZ":"SANTO STEFANO ROERO","PROVINCIA":"CN","ID_CENTRALE":"1305","NOME_CENTRALE":"SANTO STEFANO ROERO","ISTAT_COMUNE_CENTR":"4214","COMUNE_CENTR":"SANTO STEFANO ROERO","PROVINCIA_CENTR":"CN","INDIRIZZO_CENTRALE":"ROMA 1","LATITUDINE_SEZIONE":"44.78519","LONGITUDINE_SEZIONE":"7.96403","POS_X_SEZIONE":"418045.49564","POS_Y_SEZIONE":"4959609.89800","LATITUDINE_CENTRALE":"44.78780","LONGITUDINE_CENTRALE":"7.94198","POS_X_CENTRALE":"416304.49031","POS_Y_CENTRALE":"4959922.09206","TIPO_ADSL":"ADSL_M","DESCRIZIONE_TIPO_ADSL":"ADSL Mini","DISTANZA_CALCOLATA":"1768.77","CLASSE_DISTANZA":"1700-2099","POTENZA_SEGNALE":"0.64","POPOLAZIONE_SEZIONE": ""}
			},
		 		{ "type" : "Feature",
				"geometry" : {
					"type" : "Point",
					"coordinates" : [7.97098,44.78395]},
			"properties" : { "ANNO":"2010","ID_SEZIONE":"7651","ISTAT_COMUNE_SEZ":"4214","COMUNE_SEZ":"SANTO STEFANO ROERO","PROVINCIA":"CN","ID_CENTRALE":"1305","NOME_CENTRALE":"SANTO STEFANO ROERO","ISTAT_COMUNE_CENTR":"4214","COMUNE_CENTR":"SANTO STEFANO ROERO","PROVINCIA_CENTR":"CN","INDIRIZZO_CENTRALE":"ROMA 1","LATITUDINE_SEZIONE":"44.78395","LONGITUDINE_SEZIONE":"7.97098","POS_X_SEZIONE":"418593.51382","POS_Y_SEZIONE":"4959465.39931","LATITUDINE_CENTRALE":"44.78780","LONGITUDINE_CENTRALE":"7.94198","POS_X_CENTRALE":"416304.49031","POS_Y_CENTRALE":"4959922.09206","TIPO_ADSL":"ADSL_M","DESCRIZIONE_TIPO_ADSL":"ADSL Mini","DISTANZA_CALCOLATA":"2334.14","CLASSE_DISTANZA":"2100-2499","POTENZA_SEGNALE":"0.64","POPOLAZIONE_SEZIONE": "41"}
			},
		 		{ "type" : "Feature",
				"geometry" : {
					"type" : "Point",
					"coordinates" : [7.92544,44.80088]},
			"properties" : { "ANNO":"2010","ID_SEZIONE":"8523","ISTAT_COMUNE_SEZ":"4214","COMUNE_SEZ":"SANTO STEFANO ROERO","PROVINCIA":"CN","ID_CENTRALE":"1305","NOME_CENTRALE":"SANTO STEFANO ROERO","ISTAT_COMUNE_CENTR":"4214","COMUNE_CENTR":"SANTO STEFANO ROERO","PROVINCIA_CENTR":"CN","INDIRIZZO_CENTRALE":"ROMA 1","LATITUDINE_SEZIONE":"44.80088","LONGITUDINE_SEZIONE":"7.92544","POS_X_SEZIONE":"415015.02396","POS_Y_SEZIONE":"4961392.88731","LATITUDINE_CENTRALE":"44.78780","LONGITUDINE_CENTRALE":"7.94198","POS_X_CENTRALE":"416304.49031","POS_Y_CENTRALE":"4959922.09206","TIPO_ADSL":"ADSL_M","DESCRIZIONE_TIPO_ADSL":"ADSL Mini","DISTANZA_CALCOLATA":"1956.01","CLASSE_DISTANZA":"1700-2099","POTENZA_SEGNALE":"0.64","POPOLAZIONE_SEZIONE": "59"}
			},
		 		{ "type" : "Feature",
				"geometry" : {
					"type" : "Point",
					"coordinates" : [7.95973,44.76616]},
			"properties" : { "ANNO":"2010","ID_SEZIONE":"9358","ISTAT_COMUNE_SEZ":"4140","COMUNE_SEZ":"MONTEU ROERO","PROVINCIA":"CN","ID_CENTRALE":"1305","NOME_CENTRALE":"SANTO STEFANO ROERO","ISTAT_COMUNE_CENTR":"4214","COMUNE_CENTR":"SANTO STEFANO ROERO","PROVINCIA_CENTR":"CN","INDIRIZZO_CENTRALE":"ROMA 1","LATITUDINE_SEZIONE":"44.76616","LONGITUDINE_SEZIONE":"7.95973","POS_X_SEZIONE":"417678.25238","POS_Y_SEZIONE":"4957500.85940","LATITUDINE_CENTRALE":"44.78780","LONGITUDINE_CENTRALE":"7.94198","POS_X_CENTRALE":"416304.49031","POS_Y_CENTRALE":"4959922.09206","TIPO_ADSL":"ADSL_M","DESCRIZIONE_TIPO_ADSL":"ADSL Mini","DISTANZA_CALCOLATA":"2783.81","CLASSE_DISTANZA":"2500-2899","POTENZA_SEGNALE":"0.64","POPOLAZIONE_SEZIONE": "83"}
			},
		 		{ "type" : "Feature",
				"geometry" : {
					"type" : "Point",
					"coordinates" : [7.91377,44.79006]},
			"properties" : { "ANNO":"2010","ID_SEZIONE":"10119","ISTAT_COMUNE_SEZ":"4140","COMUNE_SEZ":"MONTEU ROERO","PROVINCIA":"CN","ID_CENTRALE":"1305","NOME_CENTRALE":"SANTO STEFANO ROERO","ISTAT_COMUNE_CENTR":"4214","COMUNE_CENTR":"SANTO STEFANO ROERO","PROVINCIA_CENTR":"CN","INDIRIZZO_CENTRALE":"ROMA 1","LATITUDINE_SEZIONE":"44.79006","LONGITUDINE_SEZIONE":"7.91377","POS_X_SEZIONE":"414076.45474","POS_Y_SEZIONE":"4960203.35208","LATITUDINE_CENTRALE":"44.78780","LONGITUDINE_CENTRALE":"7.94198","POS_X_CENTRALE":"416304.49031","POS_Y_CENTRALE":"4959922.09206","TIPO_ADSL":"ADSL_M","DESCRIZIONE_TIPO_ADSL":"ADSL Mini","DISTANZA_CALCOLATA":"2245.72","CLASSE_DISTANZA":"2100-2499","POTENZA_SEGNALE":"0.64","POPOLAZIONE_SEZIONE": "146"}
			},
		 		{ "type" : "Feature",
				"geometry" : {
					"type" : "Point",
					"coordinates" : [7.95263,44.78288]},
			"properties" : { "ANNO":"2010","ID_SEZIONE":"10120","ISTAT_COMUNE_SEZ":"4214","COMUNE_SEZ":"SANTO STEFANO ROERO","PROVINCIA":"CN","ID_CENTRALE":"1305","NOME_CENTRALE":"SANTO STEFANO ROERO","ISTAT_COMUNE_CENTR":"4214","COMUNE_CENTR":"SANTO STEFANO ROERO","PROVINCIA_CENTR":"CN","INDIRIZZO_CENTRALE":"ROMA 1","LATITUDINE_SEZIONE":"44.78288","LONGITUDINE_SEZIONE":"7.95263","POS_X_SEZIONE":"417139.74204","POS_Y_SEZIONE":"4959364.88808","LATITUDINE_CENTRALE":"44.78780","LONGITUDINE_CENTRALE":"7.94198","POS_X_CENTRALE":"416304.49031","POS_Y_CENTRALE":"4959922.09206","TIPO_ADSL":"ADSL_M","DESCRIZIONE_TIPO_ADSL":"ADSL Mini","DISTANZA_CALCOLATA":"1004.05","CLASSE_DISTANZA":"900-1299","POTENZA_SEGNALE":"0.64","POPOLAZIONE_SEZIONE": "20"}
			},
		 		{ "type" : "Feature",
				"geometry" : {
					"type" : "Point",
					"coordinates" : [7.94686,44.76867]},
			"properties" : { "ANNO":"2010","ID_SEZIONE":"10121","ISTAT_COMUNE_SEZ":"4140","COMUNE_SEZ":"MONTEU ROERO","PROVINCIA":"CN","ID_CENTRALE":"1305","NOME_CENTRALE":"SANTO STEFANO ROERO","ISTAT_COMUNE_CENTR":"4214","COMUNE_CENTR":"SANTO STEFANO ROERO","PROVINCIA_CENTR":"CN","INDIRIZZO_CENTRALE":"ROMA 1","LATITUDINE_SEZIONE":"44.76867","LONGITUDINE_SEZIONE":"7.94686","POS_X_SEZIONE":"416662.92412","POS_Y_SEZIONE":"4957792.35483","LATITUDINE_CENTRALE":"44.78780","LONGITUDINE_CENTRALE":"7.94198","POS_X_CENTRALE":"416304.49031","POS_Y_CENTRALE":"4959922.09206","TIPO_ADSL":"ADSL_M","DESCRIZIONE_TIPO_ADSL":"ADSL Mini","DISTANZA_CALCOLATA":"2159.69","CLASSE_DISTANZA":"2100-2499","POTENZA_SEGNALE":"0.64","POPOLAZIONE_SEZIONE": "19"}
			},
		 		{ "type" : "Feature",
				"geometry" : {
					"type" : "Point",
					"coordinates" : [7.97689,44.77729]},
			"properties" : { "ANNO":"2010","ID_SEZIONE":"10828","ISTAT_COMUNE_SEZ":"4140","COMUNE_SEZ":"MONTEU ROERO","PROVINCIA":"CN","ID_CENTRALE":"1305","NOME_CENTRALE":"SANTO STEFANO ROERO","ISTAT_COMUNE_CENTR":"4214","COMUNE_CENTR":"SANTO STEFANO ROERO","PROVINCIA_CENTR":"CN","INDIRIZZO_CENTRALE":"ROMA 1","LATITUDINE_SEZIONE":"44.77729","LONGITUDINE_SEZIONE":"7.97689","POS_X_SEZIONE":"419051.45020","POS_Y_SEZIONE":"4958719.88891","LATITUDINE_CENTRALE":"44.78780","LONGITUDINE_CENTRALE":"7.94198","POS_X_CENTRALE":"416304.49031","POS_Y_CENTRALE":"4959922.09206","TIPO_ADSL":"ADSL_M","DESCRIZIONE_TIPO_ADSL":"ADSL Mini","DISTANZA_CALCOLATA":"2998.51","CLASSE_DISTANZA":"2900-3299","POTENZA_SEGNALE":"0.64","POPOLAZIONE_SEZIONE": "123"}
			},
		 		{ "type" : "Feature",
				"geometry" : {
					"type" : "Point",
					"coordinates" : [7.95342,44.76826]},
			"properties" : { "ANNO":"2010","ID_SEZIONE":"10829","ISTAT_COMUNE_SEZ":"4140","COMUNE_SEZ":"MONTEU ROERO","PROVINCIA":"CN","ID_CENTRALE":"1305","NOME_CENTRALE":"SANTO STEFANO ROERO","ISTAT_COMUNE_CENTR":"4214","COMUNE_CENTR":"SANTO STEFANO ROERO","PROVINCIA_CENTR":"CN","INDIRIZZO_CENTRALE":"ROMA 1","LATITUDINE_SEZIONE":"44.76826","LONGITUDINE_SEZIONE":"7.95342","POS_X_SEZIONE":"417181.32361","POS_Y_SEZIONE":"4957740.36072","LATITUDINE_CENTRALE":"44.78780","LONGITUDINE_CENTRALE":"7.94198","POS_X_CENTRALE":"416304.49031","POS_Y_CENTRALE":"4959922.09206","TIPO_ADSL":"ADSL_M","DESCRIZIONE_TIPO_ADSL":"ADSL Mini","DISTANZA_CALCOLATA":"2351.34","CLASSE_DISTANZA":"2100-2499","POTENZA_SEGNALE":"0.64","POPOLAZIONE_SEZIONE": "31"}
			},
		 		{ "type" : "Feature",
				"geometry" : {
					"type" : "Point",
					"coordinates" : [7.88461,44.79648]},
			"properties" : { "ANNO":"2010","ID_SEZIONE":"12875","ISTAT_COMUNE_SEZ":"4140","COMUNE_SEZ":"MONTEU ROERO","PROVINCIA":"CN","ID_CENTRALE":"1305","NOME_CENTRALE":"SANTO STEFANO ROERO","ISTAT_COMUNE_CENTR":"4214","COMUNE_CENTR":"SANTO STEFANO ROERO","PROVINCIA_CENTR":"CN","INDIRIZZO_CENTRALE":"ROMA 1","LATITUDINE_SEZIONE":"44.79648","LONGITUDINE_SEZIONE":"7.88461","POS_X_SEZIONE":"411779.50600","POS_Y_SEZIONE":"4960946.82574","LATITUDINE_CENTRALE":"44.78780","LONGITUDINE_CENTRALE":"7.94198","POS_X_CENTRALE":"416304.49031","POS_Y_CENTRALE":"4959922.09206","TIPO_ADSL":"ADSL_M","DESCRIZIONE_TIPO_ADSL":"ADSL Mini","DISTANZA_CALCOLATA":"4639.56","CLASSE_DISTANZA":"4500-4899","POTENZA_SEGNALE":"0.00","POPOLAZIONE_SEZIONE": "134"}
			},
		 		{ "type" : "Feature",
				"geometry" : {
					"type" : "Point",
					"coordinates" : [7.94007,44.77089]},
			"properties" : { "ANNO":"2010","ID_SEZIONE":"12876","ISTAT_COMUNE_SEZ":"4140","COMUNE_SEZ":"MONTEU ROERO","PROVINCIA":"CN","ID_CENTRALE":"1305","NOME_CENTRALE":"SANTO STEFANO ROERO","ISTAT_COMUNE_CENTR":"4214","COMUNE_CENTR":"SANTO STEFANO ROERO","PROVINCIA_CENTR":"CN","INDIRIZZO_CENTRALE":"ROMA 1","LATITUDINE_SEZIONE":"44.77089","LONGITUDINE_SEZIONE":"7.94007","POS_X_SEZIONE":"416128.64546","POS_Y_SEZIONE":"4958045.85013","LATITUDINE_CENTRALE":"44.78780","LONGITUDINE_CENTRALE":"7.94198","POS_X_CENTRALE":"416304.49031","POS_Y_CENTRALE":"4959922.09206","TIPO_ADSL":"ADSL_M","DESCRIZIONE_TIPO_ADSL":"ADSL Mini","DISTANZA_CALCOLATA":"1884.46","CLASSE_DISTANZA":"1700-2099","POTENZA_SEGNALE":"0.64","POPOLAZIONE_SEZIONE": "17"}
			},
		 		{ "type" : "Feature",
				"geometry" : {
					"type" : "Point",
					"coordinates" : [7.95682,44.78510]},
			"properties" : { "ANNO":"2010","ID_SEZIONE":"13308","ISTAT_COMUNE_SEZ":"4214","COMUNE_SEZ":"SANTO STEFANO ROERO","PROVINCIA":"CN","ID_CENTRALE":"1305","NOME_CENTRALE":"SANTO STEFANO ROERO","ISTAT_COMUNE_CENTR":"4214","COMUNE_CENTR":"SANTO STEFANO ROERO","PROVINCIA_CENTR":"CN","INDIRIZZO_CENTRALE":"ROMA 1","LATITUDINE_SEZIONE":"44.78510","LONGITUDINE_SEZIONE":"7.95682","POS_X_SEZIONE":"417474.54191","POS_Y_SEZIONE":"4959606.89461","LATITUDINE_CENTRALE":"44.78780","LONGITUDINE_CENTRALE":"7.94198","POS_X_CENTRALE":"416304.49031","POS_Y_CENTRALE":"4959922.09206","TIPO_ADSL":"ADSL_M","DESCRIZIONE_TIPO_ADSL":"ADSL Mini","DISTANZA_CALCOLATA":"1211.76","CLASSE_DISTANZA":"900-1299","POTENZA_SEGNALE":"0.64","POPOLAZIONE_SEZIONE": "18"}
			},
		 		{ "type" : "Feature",
				"geometry" : {
					"type" : "Point",
					"coordinates" : [7.96851,44.78627]},
			"properties" : { "ANNO":"2010","ID_SEZIONE":"14746","ISTAT_COMUNE_SEZ":"4214","COMUNE_SEZ":"SANTO STEFANO ROERO","PROVINCIA":"CN","ID_CENTRALE":"1305","NOME_CENTRALE":"SANTO STEFANO ROERO","ISTAT_COMUNE_CENTR":"4214","COMUNE_CENTR":"SANTO STEFANO ROERO","PROVINCIA_CENTR":"CN","INDIRIZZO_CENTRALE":"ROMA 1","LATITUDINE_SEZIONE":"44.78627","LONGITUDINE_SEZIONE":"7.96851","POS_X_SEZIONE":"418400.70383","POS_Y_SEZIONE":"4959725.40213","LATITUDINE_CENTRALE":"44.78780","LONGITUDINE_CENTRALE":"7.94198","POS_X_CENTRALE":"416304.49031","POS_Y_CENTRALE":"4959922.09206","TIPO_ADSL":"ADSL_M","DESCRIZIONE_TIPO_ADSL":"ADSL Mini","DISTANZA_CALCOLATA":"2105.42","CLASSE_DISTANZA":"2100-2499","POTENZA_SEGNALE":"0.64","POPOLAZIONE_SEZIONE": "119"}
			},
		 		{ "type" : "Feature",
				"geometry" : {
					"type" : "Point",
					"coordinates" : [7.88325,44.81358]},
			"properties" : { "ANNO":"2010","ID_SEZIONE":"14983","ISTAT_COMUNE_SEZ":"4140","COMUNE_SEZ":"MONTEU ROERO","PROVINCIA":"CN","ID_CENTRALE":"1305","NOME_CENTRALE":"SANTO STEFANO ROERO","ISTAT_COMUNE_CENTR":"4214","COMUNE_CENTR":"SANTO STEFANO ROERO","PROVINCIA_CENTR":"CN","INDIRIZZO_CENTRALE":"ROMA 1","LATITUDINE_SEZIONE":"44.81358","LONGITUDINE_SEZIONE":"7.88325","POS_X_SEZIONE":"411697.76879","POS_Y_SEZIONE":"4962848.35483","LATITUDINE_CENTRALE":"44.78780","LONGITUDINE_CENTRALE":"7.94198","POS_X_CENTRALE":"416304.49031","POS_Y_CENTRALE":"4959922.09206","TIPO_ADSL":"ADSL_M","DESCRIZIONE_TIPO_ADSL":"ADSL Mini","DISTANZA_CALCOLATA":"5457.55","CLASSE_DISTANZA":"5300-5699","POTENZA_SEGNALE":"0.00","POPOLAZIONE_SEZIONE": "37"}
			},
		 		{ "type" : "Feature",
				"geometry" : {
					"type" : "Point",
					"coordinates" : [7.86953,44.80429]},
			"properties" : { "ANNO":"2010","ID_SEZIONE":"16776","ISTAT_COMUNE_SEZ":"4140","COMUNE_SEZ":"MONTEU ROERO","PROVINCIA":"CN","ID_CENTRALE":"1305","NOME_CENTRALE":"SANTO STEFANO ROERO","ISTAT_COMUNE_CENTR":"4214","COMUNE_CENTR":"SANTO STEFANO ROERO","PROVINCIA_CENTR":"CN","INDIRIZZO_CENTRALE":"ROMA 1","LATITUDINE_SEZIONE":"44.80429","LONGITUDINE_SEZIONE":"7.86953","POS_X_SEZIONE":"410598.85500","POS_Y_SEZIONE":"4961830.81986","LATITUDINE_CENTRALE":"44.78780","LONGITUDINE_CENTRALE":"7.94198","POS_X_CENTRALE":"416304.49031","POS_Y_CENTRALE":"4959922.09206","TIPO_ADSL":"ADSL_M","DESCRIZIONE_TIPO_ADSL":"ADSL Mini","DISTANZA_CALCOLATA":"6016.44","CLASSE_DISTANZA":"5700-6099","POTENZA_SEGNALE":"0.00","POPOLAZIONE_SEZIONE": "12"}
			},
		 		{ "type" : "Feature",
				"geometry" : {
					"type" : "Point",
					"coordinates" : [7.94955,44.79172]},
			"properties" : { "ANNO":"2010","ID_SEZIONE":"16778","ISTAT_COMUNE_SEZ":"4214","COMUNE_SEZ":"SANTO STEFANO ROERO","PROVINCIA":"CN","ID_CENTRALE":"1305","NOME_CENTRALE":"SANTO STEFANO ROERO","ISTAT_COMUNE_CENTR":"4214","COMUNE_CENTR":"SANTO STEFANO ROERO","PROVINCIA_CENTR":"CN","INDIRIZZO_CENTRALE":"ROMA 1","LATITUDINE_SEZIONE":"44.79172","LONGITUDINE_SEZIONE":"7.94955","POS_X_SEZIONE":"416909.13878","POS_Y_SEZIONE":"4960350.40155","LATITUDINE_CENTRALE":"44.78780","LONGITUDINE_CENTRALE":"7.94198","POS_X_CENTRALE":"416304.49031","POS_Y_CENTRALE":"4959922.09206","TIPO_ADSL":"ADSL_M","DESCRIZIONE_TIPO_ADSL":"ADSL Mini","DISTANZA_CALCOLATA":"740.98","CLASSE_DISTANZA":"500-899","POTENZA_SEGNALE":"0.64","POPOLAZIONE_SEZIONE": "26"}
			},
		 		{ "type" : "Feature",
				"geometry" : {
					"type" : "Point",
					"coordinates" : [7.96285,44.78211]},
			"properties" : { "ANNO":"2010","ID_SEZIONE":"17001","ISTAT_COMUNE_SEZ":"4214","COMUNE_SEZ":"SANTO STEFANO ROERO","PROVINCIA":"CN","ID_CENTRALE":"1305","NOME_CENTRALE":"SANTO STEFANO ROERO","ISTAT_COMUNE_CENTR":"4214","COMUNE_CENTR":"SANTO STEFANO ROERO","PROVINCIA_CENTR":"CN","INDIRIZZO_CENTRALE":"ROMA 1","LATITUDINE_SEZIONE":"44.78211","LONGITUDINE_SEZIONE":"7.96285","POS_X_SEZIONE":"417947.59663","POS_Y_SEZIONE":"4959268.89166","LATITUDINE_CENTRALE":"44.78780","LONGITUDINE_CENTRALE":"7.94198","POS_X_CENTRALE":"416304.49031","POS_Y_CENTRALE":"4959922.09206","TIPO_ADSL":"ADSL_M","DESCRIZIONE_TIPO_ADSL":"ADSL Mini","DISTANZA_CALCOLATA":"1768.18","CLASSE_DISTANZA":"1700-2099","POTENZA_SEGNALE":"0.64","POPOLAZIONE_SEZIONE": "19"}
			},
		 		{ "type" : "Feature",
				"geometry" : {
					"type" : "Point",
					"coordinates" : [7.87126,44.82431]},
			"properties" : { "ANNO":"2010","ID_SEZIONE":"17655","ISTAT_COMUNE_SEZ":"4140","COMUNE_SEZ":"MONTEU ROERO","PROVINCIA":"CN","ID_CENTRALE":"1305","NOME_CENTRALE":"SANTO STEFANO ROERO","ISTAT_COMUNE_CENTR":"4214","COMUNE_CENTR":"SANTO STEFANO ROERO","PROVINCIA_CENTR":"CN","INDIRIZZO_CENTRALE":"ROMA 1","LATITUDINE_SEZIONE":"44.82431","LONGITUDINE_SEZIONE":"7.87126","POS_X_SEZIONE":"410766.73826","POS_Y_SEZIONE":"4964053.85781","LATITUDINE_CENTRALE":"44.78780","LONGITUDINE_CENTRALE":"7.94198","POS_X_CENTRALE":"416304.49031","POS_Y_CENTRALE":"4959922.09206","TIPO_ADSL":"ADSL_M","DESCRIZIONE_TIPO_ADSL":"ADSL Mini","DISTANZA_CALCOLATA":"6909.28","CLASSE_DISTANZA":"6100 e oltre","POTENZA_SEGNALE":"0.00","POPOLAZIONE_SEZIONE": "3"}
			},
		 		{ "type" : "Feature",
				"geometry" : {
					"type" : "Point",
					"coordinates" : [7.92026,44.79457]},
			"properties" : { "ANNO":"2010","ID_SEZIONE":"17659","ISTAT_COMUNE_SEZ":"4214","COMUNE_SEZ":"SANTO STEFANO ROERO","PROVINCIA":"CN","ID_CENTRALE":"1305","NOME_CENTRALE":"SANTO STEFANO ROERO","ISTAT_COMUNE_CENTR":"4214","COMUNE_CENTR":"SANTO STEFANO ROERO","PROVINCIA_CENTR":"CN","INDIRIZZO_CENTRALE":"ROMA 1","LATITUDINE_SEZIONE":"44.79457","LONGITUDINE_SEZIONE":"7.92026","POS_X_SEZIONE":"414596.66210","POS_Y_SEZIONE":"4960696.86888","LATITUDINE_CENTRALE":"44.78780","LONGITUDINE_CENTRALE":"7.94198","POS_X_CENTRALE":"416304.49031","POS_Y_CENTRALE":"4959922.09206","TIPO_ADSL":"ADSL_M","DESCRIZIONE_TIPO_ADSL":"ADSL Mini","DISTANZA_CALCOLATA":"1875.35","CLASSE_DISTANZA":"1700-2099","POTENZA_SEGNALE":"0.64","POPOLAZIONE_SEZIONE": "20"}
			},
		 		{ "type" : "Feature",
				"geometry" : {
					"type" : "Point",
					"coordinates" : [7.90403,44.81885]},
			"properties" : { "ANNO":"2010","ID_SEZIONE":"18007","ISTAT_COMUNE_SEZ":"4214","COMUNE_SEZ":"SANTO STEFANO ROERO","PROVINCIA":"CN","ID_CENTRALE":"1305","NOME_CENTRALE":"SANTO STEFANO ROERO","ISTAT_COMUNE_CENTR":"4214","COMUNE_CENTR":"SANTO STEFANO ROERO","PROVINCIA_CENTR":"CN","INDIRIZZO_CENTRALE":"ROMA 1","LATITUDINE_SEZIONE":"44.81885","LONGITUDINE_SEZIONE":"7.90403","POS_X_SEZIONE":"413348.86639","POS_Y_SEZIONE":"4963410.89179","LATITUDINE_CENTRALE":"44.78780","LONGITUDINE_CENTRALE":"7.94198","POS_X_CENTRALE":"416304.49031","POS_Y_CENTRALE":"4959922.09206","TIPO_ADSL":"ADSL_M","DESCRIZIONE_TIPO_ADSL":"ADSL Mini","DISTANZA_CALCOLATA":"4572.47","CLASSE_DISTANZA":"4500-4899","POTENZA_SEGNALE":"0.00","POPOLAZIONE_SEZIONE": "26"}
			},
		 		{ "type" : "Feature",
				"geometry" : {
					"type" : "Point",
					"coordinates" : [7.94471,44.77364]},
			"properties" : { "ANNO":"2010","ID_SEZIONE":"18375","ISTAT_COMUNE_SEZ":"4140","COMUNE_SEZ":"MONTEU ROERO","PROVINCIA":"CN","ID_CENTRALE":"1305","NOME_CENTRALE":"SANTO STEFANO ROERO","ISTAT_COMUNE_CENTR":"4214","COMUNE_CENTR":"SANTO STEFANO ROERO","PROVINCIA_CENTR":"CN","INDIRIZZO_CENTRALE":"ROMA 1","LATITUDINE_SEZIONE":"44.77364","LONGITUDINE_SEZIONE":"7.94471","POS_X_SEZIONE":"416499.73180","POS_Y_SEZIONE":"4958346.86107","LATITUDINE_CENTRALE":"44.78780","LONGITUDINE_CENTRALE":"7.94198","POS_X_CENTRALE":"416304.49031","POS_Y_CENTRALE":"4959922.09206","TIPO_ADSL":"ADSL_M","DESCRIZIONE_TIPO_ADSL":"ADSL Mini","DISTANZA_CALCOLATA":"1587.28","CLASSE_DISTANZA":"1300-1699","POTENZA_SEGNALE":"0.64","POPOLAZIONE_SEZIONE": "14"}
			},
		 		{ "type" : "Feature",
				"geometry" : {
					"type" : "Point",
					"coordinates" : [7.98173,44.78472]},
			"properties" : { "ANNO":"2010","ID_SEZIONE":"19070","ISTAT_COMUNE_SEZ":"4140","COMUNE_SEZ":"MONTEU ROERO","PROVINCIA":"CN","ID_CENTRALE":"1305","NOME_CENTRALE":"SANTO STEFANO ROERO","ISTAT_COMUNE_CENTR":"4214","COMUNE_CENTR":"SANTO STEFANO ROERO","PROVINCIA_CENTR":"CN","INDIRIZZO_CENTRALE":"ROMA 1","LATITUDINE_SEZIONE":"44.78472","LONGITUDINE_SEZIONE":"7.98173","POS_X_SEZIONE":"419444.74044","POS_Y_SEZIONE":"4959540.40577","LATITUDINE_CENTRALE":"44.78780","LONGITUDINE_CENTRALE":"7.94198","POS_X_CENTRALE":"416304.49031","POS_Y_CENTRALE":"4959922.09206","TIPO_ADSL":"ADSL_M","DESCRIZIONE_TIPO_ADSL":"ADSL Mini","DISTANZA_CALCOLATA":"3163.36","CLASSE_DISTANZA":"2900-3299","POTENZA_SEGNALE":"0.64","POPOLAZIONE_SEZIONE": "3"}
			},
		 		{ "type" : "Feature",
				"geometry" : {
					"type" : "Point",
					"coordinates" : [7.95987,44.78657]},
			"properties" : { "ANNO":"2010","ID_SEZIONE":"19655","ISTAT_COMUNE_SEZ":"4214","COMUNE_SEZ":"SANTO STEFANO ROERO","PROVINCIA":"CN","ID_CENTRALE":"1305","NOME_CENTRALE":"SANTO STEFANO ROERO","ISTAT_COMUNE_CENTR":"4214","COMUNE_CENTR":"SANTO STEFANO ROERO","PROVINCIA_CENTR":"CN","INDIRIZZO_CENTRALE":"ROMA 1","LATITUDINE_SEZIONE":"44.78657","LONGITUDINE_SEZIONE":"7.95987","POS_X_SEZIONE":"417717.62723","POS_Y_SEZIONE":"4959767.39893","LATITUDINE_CENTRALE":"44.78780","LONGITUDINE_CENTRALE":"7.94198","POS_X_CENTRALE":"416304.49031","POS_Y_CENTRALE":"4959922.09206","TIPO_ADSL":"ADSL_M","DESCRIZIONE_TIPO_ADSL":"ADSL Mini","DISTANZA_CALCOLATA":"1421.58","CLASSE_DISTANZA":"1300-1699","POTENZA_SEGNALE":"0.64","POPOLAZIONE_SEZIONE": "92"}
			},
		 		{ "type" : "Feature",
				"geometry" : {
					"type" : "Point",
					"coordinates" : [7.97313,44.76910]},
			"properties" : { "ANNO":"2010","ID_SEZIONE":"19658","ISTAT_COMUNE_SEZ":"4140","COMUNE_SEZ":"MONTEU ROERO","PROVINCIA":"CN","ID_CENTRALE":"1305","NOME_CENTRALE":"SANTO STEFANO ROERO","ISTAT_COMUNE_CENTR":"4214","COMUNE_CENTR":"SANTO STEFANO ROERO","PROVINCIA_CENTR":"CN","INDIRIZZO_CENTRALE":"ROMA 1","LATITUDINE_SEZIONE":"44.76910","LONGITUDINE_SEZIONE":"7.97313","POS_X_SEZIONE":"418742.34607","POS_Y_SEZIONE":"4957813.87112","LATITUDINE_CENTRALE":"44.78780","LONGITUDINE_CENTRALE":"7.94198","POS_X_CENTRALE":"416304.49031","POS_Y_CENTRALE":"4959922.09206","TIPO_ADSL":"ADSL_M","DESCRIZIONE_TIPO_ADSL":"ADSL Mini","DISTANZA_CALCOLATA":"3223","CLASSE_DISTANZA":"2900-3299","POTENZA_SEGNALE":"0.64","POPOLAZIONE_SEZIONE": "35"}
			},
		 		{ "type" : "Feature",
				"geometry" : {
					"type" : "Point",
					"coordinates" : [7.93650,44.77938]},
			"properties" : { "ANNO":"2010","ID_SEZIONE":"20512","ISTAT_COMUNE_SEZ":"4140","COMUNE_SEZ":"MONTEU ROERO","PROVINCIA":"CN","ID_CENTRALE":"1305","NOME_CENTRALE":"SANTO STEFANO ROERO","ISTAT_COMUNE_CENTR":"4214","COMUNE_CENTR":"SANTO STEFANO ROERO","PROVINCIA_CENTR":"CN","INDIRIZZO_CENTRALE":"ROMA 1","LATITUDINE_SEZIONE":"44.77938","LONGITUDINE_SEZIONE":"7.93650","POS_X_SEZIONE":"415858.44873","POS_Y_SEZIONE":"4958993.36142","LATITUDINE_CENTRALE":"44.78780","LONGITUDINE_CENTRALE":"7.94198","POS_X_CENTRALE":"416304.49031","POS_Y_CENTRALE":"4959922.09206","TIPO_ADSL":"ADSL_M","DESCRIZIONE_TIPO_ADSL":"ADSL Mini","DISTANZA_CALCOLATA":"1030.29","CLASSE_DISTANZA":"900-1299","POTENZA_SEGNALE":"0.64","POPOLAZIONE_SEZIONE": "169"}
			},
		 		{ "type" : "Feature",
				"geometry" : {
					"type" : "Point",
					"coordinates" : [7.94578,44.78528]},
			"properties" : { "ANNO":"2010","ID_SEZIONE":"21682","ISTAT_COMUNE_SEZ":"4214","COMUNE_SEZ":"SANTO STEFANO ROERO","PROVINCIA":"CN","ID_CENTRALE":"1305","NOME_CENTRALE":"SANTO STEFANO ROERO","ISTAT_COMUNE_CENTR":"4214","COMUNE_CENTR":"SANTO STEFANO ROERO","PROVINCIA_CENTR":"CN","INDIRIZZO_CENTRALE":"ROMA 1","LATITUDINE_SEZIONE":"44.78528","LONGITUDINE_SEZIONE":"7.94578","POS_X_SEZIONE":"416601.52662","POS_Y_SEZIONE":"4959638.88437","LATITUDINE_CENTRALE":"44.78780","LONGITUDINE_CENTRALE":"7.94198","POS_X_CENTRALE":"416304.49031","POS_Y_CENTRALE":"4959922.09206","TIPO_ADSL":"ADSL_M","DESCRIZIONE_TIPO_ADSL":"ADSL Mini","DISTANZA_CALCOLATA":"410.41","CLASSE_DISTANZA":"100-499","POTENZA_SEGNALE":"0.64","POPOLAZIONE_SEZIONE": "29"}
			},
		 		{ "type" : "Feature",
				"geometry" : {
					"type" : "Point",
					"coordinates" : [7.93502,44.77378]},
			"properties" : { "ANNO":"2010","ID_SEZIONE":"21683","ISTAT_COMUNE_SEZ":"4140","COMUNE_SEZ":"MONTEU ROERO","PROVINCIA":"CN","ID_CENTRALE":"1305","NOME_CENTRALE":"SANTO STEFANO ROERO","ISTAT_COMUNE_CENTR":"4214","COMUNE_CENTR":"SANTO STEFANO ROERO","PROVINCIA_CENTR":"CN","INDIRIZZO_CENTRALE":"ROMA 1","LATITUDINE_SEZIONE":"44.77378","LONGITUDINE_SEZIONE":"7.93502","POS_X_SEZIONE":"415733.52073","POS_Y_SEZIONE":"4958372.34945","LATITUDINE_CENTRALE":"44.78780","LONGITUDINE_CENTRALE":"7.94198","POS_X_CENTRALE":"416304.49031","POS_Y_CENTRALE":"4959922.09206","TIPO_ADSL":"ADSL_M","DESCRIZIONE_TIPO_ADSL":"ADSL Mini","DISTANZA_CALCOLATA":"1651.58","CLASSE_DISTANZA":"1300-1699","POTENZA_SEGNALE":"0.64","POPOLAZIONE_SEZIONE": "196"}
			},
		 		{ "type" : "Feature",
				"geometry" : {
					"type" : "Point",
					"coordinates" : [7.95810,44.77568]},
			"properties" : { "ANNO":"2010","ID_SEZIONE":"22393","ISTAT_COMUNE_SEZ":"4140","COMUNE_SEZ":"MONTEU ROERO","PROVINCIA":"CN","ID_CENTRALE":"1305","NOME_CENTRALE":"SANTO STEFANO ROERO","ISTAT_COMUNE_CENTR":"4214","COMUNE_CENTR":"SANTO STEFANO ROERO","PROVINCIA_CENTR":"CN","INDIRIZZO_CENTRALE":"ROMA 1","LATITUDINE_SEZIONE":"44.77568","LONGITUDINE_SEZIONE":"7.95810","POS_X_SEZIONE":"417562.14716","POS_Y_SEZIONE":"4958559.87713","LATITUDINE_CENTRALE":"44.78780","LONGITUDINE_CENTRALE":"7.94198","POS_X_CENTRALE":"416304.49031","POS_Y_CENTRALE":"4959922.09206","TIPO_ADSL":"ADSL_M","DESCRIZIONE_TIPO_ADSL":"ADSL Mini","DISTANZA_CALCOLATA":"1854","CLASSE_DISTANZA":"1700-2099","POTENZA_SEGNALE":"0.64","POPOLAZIONE_SEZIONE": "124"}
			},
		 		{ "type" : "Feature",
				"geometry" : {
					"type" : "Point",
					"coordinates" : [7.89558,44.82273]},
			"properties" : { "ANNO":"2010","ID_SEZIONE":"24111","ISTAT_COMUNE_SEZ":"4140","COMUNE_SEZ":"MONTEU ROERO","PROVINCIA":"CN","ID_CENTRALE":"1305","NOME_CENTRALE":"SANTO STEFANO ROERO","ISTAT_COMUNE_CENTR":"4214","COMUNE_CENTR":"SANTO STEFANO ROERO","PROVINCIA_CENTR":"CN","INDIRIZZO_CENTRALE":"ROMA 1","LATITUDINE_SEZIONE":"44.82273","LONGITUDINE_SEZIONE":"7.89558","POS_X_SEZIONE":"412686.87036","POS_Y_SEZIONE":"4963850.88770","LATITUDINE_CENTRALE":"44.78780","LONGITUDINE_CENTRALE":"7.94198","POS_X_CENTRALE":"416304.49031","POS_Y_CENTRALE":"4959922.09206","TIPO_ADSL":"ADSL_M","DESCRIZIONE_TIPO_ADSL":"ADSL Mini","DISTANZA_CALCOLATA":"5340.66","CLASSE_DISTANZA":"5300-5699","POTENZA_SEGNALE":"0.00","POPOLAZIONE_SEZIONE": "33"}
			},
		 		{ "type" : "Feature",
				"geometry" : {
					"type" : "Point",
					"coordinates" : [7.94115,44.78839]},
			"properties" : { "ANNO":"2010","ID_SEZIONE":"24600","ISTAT_COMUNE_SEZ":"4214","COMUNE_SEZ":"SANTO STEFANO ROERO","PROVINCIA":"CN","ID_CENTRALE":"1305","NOME_CENTRALE":"SANTO STEFANO ROERO","ISTAT_COMUNE_CENTR":"4214","COMUNE_CENTR":"SANTO STEFANO ROERO","PROVINCIA_CENTR":"CN","INDIRIZZO_CENTRALE":"ROMA 1","LATITUDINE_SEZIONE":"44.78839","LONGITUDINE_SEZIONE":"7.94115","POS_X_SEZIONE":"416239.40130","POS_Y_SEZIONE":"4959989.38472","LATITUDINE_CENTRALE":"44.78780","LONGITUDINE_CENTRALE":"7.94198","POS_X_CENTRALE":"416304.49031","POS_Y_CENTRALE":"4959922.09206","TIPO_ADSL":"ADSL_M","DESCRIZIONE_TIPO_ADSL":"ADSL Mini","DISTANZA_CALCOLATA":"93.62","CLASSE_DISTANZA":"0-99","POTENZA_SEGNALE":"0.64","POPOLAZIONE_SEZIONE": "81"}
			},
		 		{ "type" : "Feature",
				"geometry" : {
					"type" : "Point",
					"coordinates" : [7.99051,44.78261]},
			"properties" : { "ANNO":"2010","ID_SEZIONE":"25246","ISTAT_COMUNE_SEZ":"4140","COMUNE_SEZ":"MONTEU ROERO","PROVINCIA":"CN","ID_CENTRALE":"1305","NOME_CENTRALE":"SANTO STEFANO ROERO","ISTAT_COMUNE_CENTR":"4214","COMUNE_CENTR":"SANTO STEFANO ROERO","PROVINCIA_CENTR":"CN","INDIRIZZO_CENTRALE":"ROMA 1","LATITUDINE_SEZIONE":"44.78261","LONGITUDINE_SEZIONE":"7.99051","POS_X_SEZIONE":"420136.72534","POS_Y_SEZIONE":"4959297.40597","LATITUDINE_CENTRALE":"44.78780","LONGITUDINE_CENTRALE":"7.94198","POS_X_CENTRALE":"416304.49031","POS_Y_CENTRALE":"4959922.09206","TIPO_ADSL":"ADSL_M","DESCRIZIONE_TIPO_ADSL":"ADSL Mini","DISTANZA_CALCOLATA":"3882.82","CLASSE_DISTANZA":"3700-4099","POTENZA_SEGNALE":"0.64","POPOLAZIONE_SEZIONE": "46"}
			},
		 		{ "type" : "Feature",
				"geometry" : {
					"type" : "Point",
					"coordinates" : [7.89854,44.79315]},
			"properties" : { "ANNO":"2010","ID_SEZIONE":"25846","ISTAT_COMUNE_SEZ":"4140","COMUNE_SEZ":"MONTEU ROERO","PROVINCIA":"CN","ID_CENTRALE":"1305","NOME_CENTRALE":"SANTO STEFANO ROERO","ISTAT_COMUNE_CENTR":"4214","COMUNE_CENTR":"SANTO STEFANO ROERO","PROVINCIA_CENTR":"CN","INDIRIZZO_CENTRALE":"ROMA 1","LATITUDINE_SEZIONE":"44.79315","LONGITUDINE_SEZIONE":"7.89854","POS_X_SEZIONE":"412876.49724","POS_Y_SEZIONE":"4960562.33832","LATITUDINE_CENTRALE":"44.78780","LONGITUDINE_CENTRALE":"7.94198","POS_X_CENTRALE":"416304.49031","POS_Y_CENTRALE":"4959922.09206","TIPO_ADSL":"ADSL_M","DESCRIZIONE_TIPO_ADSL":"ADSL Mini","DISTANZA_CALCOLATA":"3487.27","CLASSE_DISTANZA":"3300-3699","POTENZA_SEGNALE":"0.64","POPOLAZIONE_SEZIONE": "24"}
			},
		 		{ "type" : "Feature",
				"geometry" : {
					"type" : "Point",
					"coordinates" : [7.97072,44.78006]},
			"properties" : { "ANNO":"2010","ID_SEZIONE":"26228","ISTAT_COMUNE_SEZ":"4140","COMUNE_SEZ":"MONTEU ROERO","PROVINCIA":"CN","ID_CENTRALE":"1305","NOME_CENTRALE":"SANTO STEFANO ROERO","ISTAT_COMUNE_CENTR":"4214","COMUNE_CENTR":"SANTO STEFANO ROERO","PROVINCIA_CENTR":"CN","INDIRIZZO_CENTRALE":"ROMA 1","LATITUDINE_SEZIONE":"44.78006","LONGITUDINE_SEZIONE":"7.97072","POS_X_SEZIONE":"418567.02089","POS_Y_SEZIONE":"4959033.39163","LATITUDINE_CENTRALE":"44.78780","LONGITUDINE_CENTRALE":"7.94198","POS_X_CENTRALE":"416304.49031","POS_Y_CENTRALE":"4959922.09206","TIPO_ADSL":"ADSL_M","DESCRIZIONE_TIPO_ADSL":"ADSL Mini","DISTANZA_CALCOLATA":"2430.81","CLASSE_DISTANZA":"2100-2499","POTENZA_SEGNALE":"0.64","POPOLAZIONE_SEZIONE": "170"}
			},
		 		{ "type" : "Feature",
				"geometry" : {
					"type" : "Point",
					"coordinates" : [7.92705,44.80401]},
			"properties" : { "ANNO":"2010","ID_SEZIONE":"27111","ISTAT_COMUNE_SEZ":"4214","COMUNE_SEZ":"SANTO STEFANO ROERO","PROVINCIA":"CN","ID_CENTRALE":"1305","NOME_CENTRALE":"SANTO STEFANO ROERO","ISTAT_COMUNE_CENTR":"4214","COMUNE_CENTR":"SANTO STEFANO ROERO","PROVINCIA_CENTR":"CN","INDIRIZZO_CENTRALE":"ROMA 1","LATITUDINE_SEZIONE":"44.80401","LONGITUDINE_SEZIONE":"7.92705","POS_X_SEZIONE":"415147.33090","POS_Y_SEZIONE":"4961738.89538","LATITUDINE_CENTRALE":"44.78780","LONGITUDINE_CENTRALE":"7.94198","POS_X_CENTRALE":"416304.49031","POS_Y_CENTRALE":"4959922.09206","TIPO_ADSL":"ADSL_M","DESCRIZIONE_TIPO_ADSL":"ADSL Mini","DISTANZA_CALCOLATA":"2154.02","CLASSE_DISTANZA":"2100-2499","POTENZA_SEGNALE":"0.64","POPOLAZIONE_SEZIONE": "39"}
			},
		 		{ "type" : "Feature",
				"geometry" : {
					"type" : "Point",
					"coordinates" : [7.90429,44.80807]},
			"properties" : { "ANNO":"2010","ID_SEZIONE":"27718","ISTAT_COMUNE_SEZ":"4214","COMUNE_SEZ":"SANTO STEFANO ROERO","PROVINCIA":"CN","ID_CENTRALE":"1305","NOME_CENTRALE":"SANTO STEFANO ROERO","ISTAT_COMUNE_CENTR":"4214","COMUNE_CENTR":"SANTO STEFANO ROERO","PROVINCIA_CENTR":"CN","INDIRIZZO_CENTRALE":"ROMA 1","LATITUDINE_SEZIONE":"44.80807","LONGITUDINE_SEZIONE":"7.90429","POS_X_SEZIONE":"413353.06633","POS_Y_SEZIONE":"4962213.87266","LATITUDINE_CENTRALE":"44.78780","LONGITUDINE_CENTRALE":"7.94198","POS_X_CENTRALE":"416304.49031","POS_Y_CENTRALE":"4959922.09206","TIPO_ADSL":"ADSL_M","DESCRIZIONE_TIPO_ADSL":"ADSL Mini","DISTANZA_CALCOLATA":"3736.73","CLASSE_DISTANZA":"3700-4099","POTENZA_SEGNALE":"0.64","POPOLAZIONE_SEZIONE": "71"}
			},
		 		{ "type" : "Feature",
				"geometry" : {
					"type" : "Point",
					"coordinates" : [7.90990,44.80022]},
			"properties" : { "ANNO":"2010","ID_SEZIONE":"27719","ISTAT_COMUNE_SEZ":"4214","COMUNE_SEZ":"SANTO STEFANO ROERO","PROVINCIA":"CN","ID_CENTRALE":"1305","NOME_CENTRALE":"SANTO STEFANO ROERO","ISTAT_COMUNE_CENTR":"4214","COMUNE_CENTR":"SANTO STEFANO ROERO","PROVINCIA_CENTR":"CN","INDIRIZZO_CENTRALE":"ROMA 1","LATITUDINE_SEZIONE":"44.80022","LONGITUDINE_SEZIONE":"7.90990","POS_X_SEZIONE":"413785.07042","POS_Y_SEZIONE":"4961335.86587","LATITUDINE_CENTRALE":"44.78780","LONGITUDINE_CENTRALE":"7.94198","POS_X_CENTRALE":"416304.49031","POS_Y_CENTRALE":"4959922.09206","TIPO_ADSL":"ADSL_M","DESCRIZIONE_TIPO_ADSL":"ADSL Mini","DISTANZA_CALCOLATA":"2888.98","CLASSE_DISTANZA":"2500-2899","POTENZA_SEGNALE":"0.64","POPOLAZIONE_SEZIONE": "50"}
			},
		 		{ "type" : "Feature",
				"geometry" : {
					"type" : "Point",
					"coordinates" : [7.94422,44.77058]},
			"properties" : { "ANNO":"2010","ID_SEZIONE":"27722","ISTAT_COMUNE_SEZ":"4140","COMUNE_SEZ":"MONTEU ROERO","PROVINCIA":"CN","ID_CENTRALE":"1305","NOME_CENTRALE":"SANTO STEFANO ROERO","ISTAT_COMUNE_CENTR":"4214","COMUNE_CENTR":"SANTO STEFANO ROERO","PROVINCIA_CENTR":"CN","INDIRIZZO_CENTRALE":"ROMA 1","LATITUDINE_SEZIONE":"44.77058","LONGITUDINE_SEZIONE":"7.94422","POS_X_SEZIONE":"416457.01769","POS_Y_SEZIONE":"4958006.85518","LATITUDINE_CENTRALE":"44.78780","LONGITUDINE_CENTRALE":"7.94198","POS_X_CENTRALE":"416304.49031","POS_Y_CENTRALE":"4959922.09206","TIPO_ADSL":"ADSL_M","DESCRIZIONE_TIPO_ADSL":"ADSL Mini","DISTANZA_CALCOLATA":"1921.3","CLASSE_DISTANZA":"1700-2099","POTENZA_SEGNALE":"0.64","POPOLAZIONE_SEZIONE": "23"}
			},
		 		{ "type" : "Feature",
				"geometry" : {
					"type" : "Point",
					"coordinates" : [7.95945,44.79258]},
			"properties" : { "ANNO":"2010","ID_SEZIONE":"28698","ISTAT_COMUNE_SEZ":"4214","COMUNE_SEZ":"SANTO STEFANO ROERO","PROVINCIA":"CN","ID_CENTRALE":"1305","NOME_CENTRALE":"SANTO STEFANO ROERO","ISTAT_COMUNE_CENTR":"4214","COMUNE_CENTR":"SANTO STEFANO ROERO","PROVINCIA_CENTR":"CN","INDIRIZZO_CENTRALE":"ROMA 1","LATITUDINE_SEZIONE":"44.79258","LONGITUDINE_SEZIONE":"7.95945","POS_X_SEZIONE":"417693.11932","POS_Y_SEZIONE":"4960435.91016","LATITUDINE_CENTRALE":"44.78780","LONGITUDINE_CENTRALE":"7.94198","POS_X_CENTRALE":"416304.49031","POS_Y_CENTRALE":"4959922.09206","TIPO_ADSL":"ADSL_M","DESCRIZIONE_TIPO_ADSL":"ADSL Mini","DISTANZA_CALCOLATA":"1480.64","CLASSE_DISTANZA":"1300-1699","POTENZA_SEGNALE":"0.64","POPOLAZIONE_SEZIONE": "34"}
			},
		 		{ "type" : "Feature",
				"geometry" : {
					"type" : "Point",
					"coordinates" : [7.93582,44.79850]},
			"properties" : { "ANNO":"2010","ID_SEZIONE":"28963","ISTAT_COMUNE_SEZ":"4214","COMUNE_SEZ":"SANTO STEFANO ROERO","PROVINCIA":"CN","ID_CENTRALE":"1305","NOME_CENTRALE":"SANTO STEFANO ROERO","ISTAT_COMUNE_CENTR":"4214","COMUNE_CENTR":"SANTO STEFANO ROERO","PROVINCIA_CENTR":"CN","INDIRIZZO_CENTRALE":"ROMA 1","LATITUDINE_SEZIONE":"44.79850","LONGITUDINE_SEZIONE":"7.93582","POS_X_SEZIONE":"415832.42326","POS_Y_SEZIONE":"4961117.89621","LATITUDINE_CENTRALE":"44.78780","LONGITUDINE_CENTRALE":"7.94198","POS_X_CENTRALE":"416304.49031","POS_Y_CENTRALE":"4959922.09206","TIPO_ADSL":"ADSL_M","DESCRIZIONE_TIPO_ADSL":"ADSL Mini","DISTANZA_CALCOLATA":"1285.61","CLASSE_DISTANZA":"900-1299","POTENZA_SEGNALE":"0.64","POPOLAZIONE_SEZIONE": "72"}
			},
		 		{ "type" : "Feature",
				"geometry" : {
					"type" : "Point",
					"coordinates" : [7.87300,44.83032]},
			"properties" : { "ANNO":"2010","ID_SEZIONE":"29200","ISTAT_COMUNE_SEZ":"4214","COMUNE_SEZ":"SANTO STEFANO ROERO","PROVINCIA":"CN","ID_CENTRALE":"1305","NOME_CENTRALE":"SANTO STEFANO ROERO","ISTAT_COMUNE_CENTR":"4214","COMUNE_CENTR":"SANTO STEFANO ROERO","PROVINCIA_CENTR":"CN","INDIRIZZO_CENTRALE":"ROMA 1","LATITUDINE_SEZIONE":"44.83032","LONGITUDINE_SEZIONE":"7.87300","POS_X_SEZIONE":"410913.13596","POS_Y_SEZIONE":"4964718.87055","LATITUDINE_CENTRALE":"44.78780","LONGITUDINE_CENTRALE":"7.94198","POS_X_CENTRALE":"416304.49031","POS_Y_CENTRALE":"4959922.09206","TIPO_ADSL":"ADSL_M","DESCRIZIONE_TIPO_ADSL":"ADSL Mini","DISTANZA_CALCOLATA":"7216.36","CLASSE_DISTANZA":"6100 e oltre","POTENZA_SEGNALE":"0.00","POPOLAZIONE_SEZIONE": "44"}
			},
		 		{ "type" : "Feature",
				"geometry" : {
					"type" : "Point",
					"coordinates" : [7.95249,44.79570]},
			"properties" : { "ANNO":"2010","ID_SEZIONE":"29201","ISTAT_COMUNE_SEZ":"4214","COMUNE_SEZ":"SANTO STEFANO ROERO","PROVINCIA":"CN","ID_CENTRALE":"1305","NOME_CENTRALE":"SANTO STEFANO ROERO","ISTAT_COMUNE_CENTR":"4214","COMUNE_CENTR":"SANTO STEFANO ROERO","PROVINCIA_CENTR":"CN","INDIRIZZO_CENTRALE":"ROMA 1","LATITUDINE_SEZIONE":"44.79570","LONGITUDINE_SEZIONE":"7.95249","POS_X_SEZIONE":"417147.28585","POS_Y_SEZIONE":"4960788.91266","LATITUDINE_CENTRALE":"44.78780","LONGITUDINE_CENTRALE":"7.94198","POS_X_CENTRALE":"416304.49031","POS_Y_CENTRALE":"4959922.09206","TIPO_ADSL":"ADSL_M","DESCRIZIONE_TIPO_ADSL":"ADSL Mini","DISTANZA_CALCOLATA":"1209","CLASSE_DISTANZA":"900-1299","POTENZA_SEGNALE":"0.64","POPOLAZIONE_SEZIONE": "34"}
			},
		 		{ "type" : "Feature",
				"geometry" : {
					"type" : "Point",
					"coordinates" : [7.89112,44.81665]},
			"properties" : { "ANNO":"2010","ID_SEZIONE":"29423","ISTAT_COMUNE_SEZ":"4140","COMUNE_SEZ":"MONTEU ROERO","PROVINCIA":"CN","ID_CENTRALE":"1305","NOME_CENTRALE":"SANTO STEFANO ROERO","ISTAT_COMUNE_CENTR":"4214","COMUNE_CENTR":"SANTO STEFANO ROERO","PROVINCIA_CENTR":"CN","INDIRIZZO_CENTRALE":"ROMA 1","LATITUDINE_SEZIONE":"44.81665","LONGITUDINE_SEZIONE":"7.89112","POS_X_SEZIONE":"412324.66312","POS_Y_SEZIONE":"4963180.37045","LATITUDINE_CENTRALE":"44.78780","LONGITUDINE_CENTRALE":"7.94198","POS_X_CENTRALE":"416304.49031","POS_Y_CENTRALE":"4959922.09206","TIPO_ADSL":"ADSL_M","DESCRIZIONE_TIPO_ADSL":"ADSL Mini","DISTANZA_CALCOLATA":"5143.48","CLASSE_DISTANZA":"4900-5299","POTENZA_SEGNALE":"0.00","POPOLAZIONE_SEZIONE": "36"}
			},
		 		{ "type" : "Feature",
				"geometry" : {
					"type" : "Point",
					"coordinates" : [7.95617,44.78918]},
			"properties" : { "ANNO":"2010","ID_SEZIONE":"30884","ISTAT_COMUNE_SEZ":"4214","COMUNE_SEZ":"SANTO STEFANO ROERO","PROVINCIA":"CN","ID_CENTRALE":"1305","NOME_CENTRALE":"SANTO STEFANO ROERO","ISTAT_COMUNE_CENTR":"4214","COMUNE_CENTR":"SANTO STEFANO ROERO","PROVINCIA_CENTR":"CN","INDIRIZZO_CENTRALE":"ROMA 1","LATITUDINE_SEZIONE":"44.78918","LONGITUDINE_SEZIONE":"7.95617","POS_X_SEZIONE":"417429.13110","POS_Y_SEZIONE":"4960061.40213","LATITUDINE_CENTRALE":"44.78780","LONGITUDINE_CENTRALE":"7.94198","POS_X_CENTRALE":"416304.49031","POS_Y_CENTRALE":"4959922.09206","TIPO_ADSL":"ADSL_M","DESCRIZIONE_TIPO_ADSL":"ADSL Mini","DISTANZA_CALCOLATA":"1133.24","CLASSE_DISTANZA":"900-1299","POTENZA_SEGNALE":"0.64","POPOLAZIONE_SEZIONE": "33"}
			},
		 		{ "type" : "Feature",
				"geometry" : {
					"type" : "Point",
					"coordinates" : [7.86246,44.80553]},
			"properties" : { "ANNO":"2010","ID_SEZIONE":"31022","ISTAT_COMUNE_SEZ":"4140","COMUNE_SEZ":"MONTEU ROERO","PROVINCIA":"CN","ID_CENTRALE":"1305","NOME_CENTRALE":"SANTO STEFANO ROERO","ISTAT_COMUNE_CENTR":"4214","COMUNE_CENTR":"SANTO STEFANO ROERO","PROVINCIA_CENTR":"CN","INDIRIZZO_CENTRALE":"ROMA 1","LATITUDINE_SEZIONE":"44.80553","LONGITUDINE_SEZIONE":"7.86246","POS_X_SEZIONE":"410041.73551","POS_Y_SEZIONE":"4961976.81307","LATITUDINE_CENTRALE":"44.78780","LONGITUDINE_CENTRALE":"7.94198","POS_X_CENTRALE":"416304.49031","POS_Y_CENTRALE":"4959922.09206","TIPO_ADSL":"ADSL_M","DESCRIZIONE_TIPO_ADSL":"ADSL Mini","DISTANZA_CALCOLATA":"6591.2","CLASSE_DISTANZA":"6100 e oltre","POTENZA_SEGNALE":"0.00","POPOLAZIONE_SEZIONE": "20"}
			}
		 		]
	}
		