 	{ "type" : "FeatureCollection",
		"features" : [
		 		{ "type" : "Feature",
				"geometry" : {
					"type" : "Point",
					"coordinates" : [8.20264,45.63038]},
			"properties" : { "ANNO":"2010","ID_SEZIONE":"2661","ISTAT_COMUNE_SEZ":"96062","COMUNE_SEZ":"SOPRANA","PROVINCIA":"BI","ID_CENTRALE":"1029","NOME_CENTRALE":"PONZONE DI VALLEMOSSO","ISTAT_COMUNE_CENTR":"96070","COMUNE_CENTR":"TRIVERO","PROVINCIA_CENTR":"BI","INDIRIZZO_CENTRALE":"PRAMORISIO 92 STR.VECCHIA","LATITUDINE_SEZIONE":"45.63038","LONGITUDINE_SEZIONE":"8.20264","POS_X_SEZIONE":"437848.77451","POS_Y_SEZIONE":"5053290.50225","LATITUDINE_CENTRALE":"45.67149","LONGITUDINE_CENTRALE":"8.16242","POS_X_CENTRALE":"434761.34385","POS_Y_CENTRALE":"5057889.49975","TIPO_ADSL":"ADSL_1","DESCRIZIONE_TIPO_ADSL":"ADSL (8 mega)","DISTANZA_CALCOLATA":"5539.22","CLASSE_DISTANZA":"5300-5699","POTENZA_SEGNALE":"0.00","POPOLAZIONE_SEZIONE": "79"}
			},
		 		{ "type" : "Feature",
				"geometry" : {
					"type" : "Point",
					"coordinates" : [8.19893,45.63949]},
			"properties" : { "ANNO":"2010","ID_SEZIONE":"3380","ISTAT_COMUNE_SEZ":"96062","COMUNE_SEZ":"SOPRANA","PROVINCIA":"BI","ID_CENTRALE":"1029","NOME_CENTRALE":"PONZONE DI VALLEMOSSO","ISTAT_COMUNE_CENTR":"96070","COMUNE_CENTR":"TRIVERO","PROVINCIA_CENTR":"BI","INDIRIZZO_CENTRALE":"PRAMORISIO 92 STR.VECCHIA","LATITUDINE_SEZIONE":"45.63949","LONGITUDINE_SEZIONE":"8.19893","POS_X_SEZIONE":"437570.03352","POS_Y_SEZIONE":"5054305.98615","LATITUDINE_CENTRALE":"45.67149","LONGITUDINE_CENTRALE":"8.16242","POS_X_CENTRALE":"434761.34385","POS_Y_CENTRALE":"5057889.49975","TIPO_ADSL":"ADSL_1","DESCRIZIONE_TIPO_ADSL":"ADSL (8 mega)","DISTANZA_CALCOLATA":"4553.05","CLASSE_DISTANZA":"4500-4899","POTENZA_SEGNALE":"1470","POPOLAZIONE_SEZIONE": "218"}
			},
		 		{ "type" : "Feature",
				"geometry" : {
					"type" : "Point",
					"coordinates" : [8.20790,45.64146]},
			"properties" : { "ANNO":"2010","ID_SEZIONE":"11950","ISTAT_COMUNE_SEZ":"96062","COMUNE_SEZ":"SOPRANA","PROVINCIA":"BI","ID_CENTRALE":"1029","NOME_CENTRALE":"PONZONE DI VALLEMOSSO","ISTAT_COMUNE_CENTR":"96070","COMUNE_CENTR":"TRIVERO","PROVINCIA_CENTR":"BI","INDIRIZZO_CENTRALE":"PRAMORISIO 92 STR.VECCHIA","LATITUDINE_SEZIONE":"45.64146","LONGITUDINE_SEZIONE":"8.20790","POS_X_SEZIONE":"438271.24005","POS_Y_SEZIONE":"5054517.48772","LATITUDINE_CENTRALE":"45.67149","LONGITUDINE_CENTRALE":"8.16242","POS_X_CENTRALE":"434761.34385","POS_Y_CENTRALE":"5057889.49975","TIPO_ADSL":"ADSL_1","DESCRIZIONE_TIPO_ADSL":"ADSL (8 mega)","DISTANZA_CALCOLATA":"4867.22","CLASSE_DISTANZA":"4500-4899","POTENZA_SEGNALE":"1470","POPOLAZIONE_SEZIONE": ""}
			},
		 		{ "type" : "Feature",
				"geometry" : {
					"type" : "Point",
					"coordinates" : [8.19123,45.64180]},
			"properties" : { "ANNO":"2010","ID_SEZIONE":"26413","ISTAT_COMUNE_SEZ":"96062","COMUNE_SEZ":"SOPRANA","PROVINCIA":"BI","ID_CENTRALE":"1029","NOME_CENTRALE":"PONZONE DI VALLEMOSSO","ISTAT_COMUNE_CENTR":"96070","COMUNE_CENTR":"TRIVERO","PROVINCIA_CENTR":"BI","INDIRIZZO_CENTRALE":"PRAMORISIO 92 STR.VECCHIA","LATITUDINE_SEZIONE":"45.64180","LONGITUDINE_SEZIONE":"8.19123","POS_X_SEZIONE":"436972.04414","POS_Y_SEZIONE":"5054567.97399","LATITUDINE_CENTRALE":"45.67149","LONGITUDINE_CENTRALE":"8.16242","POS_X_CENTRALE":"434761.34385","POS_Y_CENTRALE":"5057889.49975","TIPO_ADSL":"ADSL_1","DESCRIZIONE_TIPO_ADSL":"ADSL (8 mega)","DISTANZA_CALCOLATA":"3989.95","CLASSE_DISTANZA":"3700-4099","POTENZA_SEGNALE":"3000.38","POPOLAZIONE_SEZIONE": ""}
			},
		 		{ "type" : "Feature",
				"geometry" : {
					"type" : "Point",
					"coordinates" : [8.18480,45.64546]},
			"properties" : { "ANNO":"2010","ID_SEZIONE":"27484","ISTAT_COMUNE_SEZ":"96062","COMUNE_SEZ":"SOPRANA","PROVINCIA":"BI","ID_CENTRALE":"1029","NOME_CENTRALE":"PONZONE DI VALLEMOSSO","ISTAT_COMUNE_CENTR":"96070","COMUNE_CENTR":"TRIVERO","PROVINCIA_CENTR":"BI","INDIRIZZO_CENTRALE":"PRAMORISIO 92 STR.VECCHIA","LATITUDINE_SEZIONE":"45.64546","LONGITUDINE_SEZIONE":"8.18480","POS_X_SEZIONE":"436475.24184","POS_Y_SEZIONE":"5054980.46167","LATITUDINE_CENTRALE":"45.67149","LONGITUDINE_CENTRALE":"8.16242","POS_X_CENTRALE":"434761.34385","POS_Y_CENTRALE":"5057889.49975","TIPO_ADSL":"ADSL_1","DESCRIZIONE_TIPO_ADSL":"ADSL (8 mega)","DISTANZA_CALCOLATA":"3376.38","CLASSE_DISTANZA":"3300-3699","POTENZA_SEGNALE":"3999.63","POPOLAZIONE_SEZIONE": "112"}
			}
		 		]
	}
		