 	{ "type" : "FeatureCollection",
		"features" : [
		 		{ "type" : "Feature",
				"geometry" : {
					"type" : "Point",
					"coordinates" : [7.34285,45.22842]},
			"properties" : { "ANNO":"2010","ID_SEZIONE":"845","ISTAT_COMUNE_SEZ":"1313","COMUNE_SEZ":"VIU'","PROVINCIA":"TO","ID_CENTRALE":"1665","NOME_CENTRALE":"VIU'","ISTAT_COMUNE_CENTR":"1313","COMUNE_CENTR":"VIU'","PROVINCIA_CENTR":"TO","INDIRIZZO_CENTRALE":"VITTORIO VENETO","LATITUDINE_SEZIONE":"45.22842","LONGITUDINE_SEZIONE":"7.34285","POS_X_SEZIONE":"369911.09765","POS_Y_SEZIONE":"5009660.70585","LATITUDINE_CENTRALE":"45.24037","LONGITUDINE_CENTRALE":"7.37255","POS_X_CENTRALE":"372269.83809","POS_Y_CENTRALE":"5010941.06869","TIPO_ADSL":"ADSL_M","DESCRIZIONE_TIPO_ADSL":"ADSL Mini","DISTANZA_CALCOLATA":"2683.84","CLASSE_DISTANZA":"2500-2899","POTENZA_SEGNALE":"0.64","POPOLAZIONE_SEZIONE": "7"}
			},
		 		{ "type" : "Feature",
				"geometry" : {
					"type" : "Point",
					"coordinates" : [7.34808,45.23705]},
			"properties" : { "ANNO":"2010","ID_SEZIONE":"846","ISTAT_COMUNE_SEZ":"1313","COMUNE_SEZ":"VIU'","PROVINCIA":"TO","ID_CENTRALE":"1665","NOME_CENTRALE":"VIU'","ISTAT_COMUNE_CENTR":"1313","COMUNE_CENTR":"VIU'","PROVINCIA_CENTR":"TO","INDIRIZZO_CENTRALE":"VITTORIO VENETO","LATITUDINE_SEZIONE":"45.23705","LONGITUDINE_SEZIONE":"7.34808","POS_X_SEZIONE":"370341.70040","POS_Y_SEZIONE":"5010611.71667","LATITUDINE_CENTRALE":"45.24037","LONGITUDINE_CENTRALE":"7.37255","POS_X_CENTRALE":"372269.83809","POS_Y_CENTRALE":"5010941.06869","TIPO_ADSL":"ADSL_M","DESCRIZIONE_TIPO_ADSL":"ADSL Mini","DISTANZA_CALCOLATA":"1956.06","CLASSE_DISTANZA":"1700-2099","POTENZA_SEGNALE":"0.64","POPOLAZIONE_SEZIONE": "3"}
			},
		 		{ "type" : "Feature",
				"geometry" : {
					"type" : "Point",
					"coordinates" : [7.36979,45.25424]},
			"properties" : { "ANNO":"2010","ID_SEZIONE":"1273","ISTAT_COMUNE_SEZ":"1313","COMUNE_SEZ":"VIU'","PROVINCIA":"TO","ID_CENTRALE":"1665","NOME_CENTRALE":"VIU'","ISTAT_COMUNE_CENTR":"1313","COMUNE_CENTR":"VIU'","PROVINCIA_CENTR":"TO","INDIRIZZO_CENTRALE":"VITTORIO VENETO","LATITUDINE_SEZIONE":"45.25424","LONGITUDINE_SEZIONE":"7.36979","POS_X_SEZIONE":"372084.40402","POS_Y_SEZIONE":"5012486.74003","LATITUDINE_CENTRALE":"45.24037","LONGITUDINE_CENTRALE":"7.37255","POS_X_CENTRALE":"372269.83809","POS_Y_CENTRALE":"5010941.06869","TIPO_ADSL":"ADSL_M","DESCRIZIONE_TIPO_ADSL":"ADSL Mini","DISTANZA_CALCOLATA":"1556.75","CLASSE_DISTANZA":"1300-1699","POTENZA_SEGNALE":"0.64","POPOLAZIONE_SEZIONE": "11"}
			},
		 		{ "type" : "Feature",
				"geometry" : {
					"type" : "Point",
					"coordinates" : [7.42989,45.23632]},
			"properties" : { "ANNO":"2010","ID_SEZIONE":"1785","ISTAT_COMUNE_SEZ":"1313","COMUNE_SEZ":"VIU'","PROVINCIA":"TO","ID_CENTRALE":"1665","NOME_CENTRALE":"VIU'","ISTAT_COMUNE_CENTR":"1313","COMUNE_CENTR":"VIU'","PROVINCIA_CENTR":"TO","INDIRIZZO_CENTRALE":"VITTORIO VENETO","LATITUDINE_SEZIONE":"45.23632","LONGITUDINE_SEZIONE":"7.42989","POS_X_SEZIONE":"376761.39141","POS_Y_SEZIONE":"5010401.75469","LATITUDINE_CENTRALE":"45.24037","LONGITUDINE_CENTRALE":"7.37255","POS_X_CENTRALE":"372269.83809","POS_Y_CENTRALE":"5010941.06869","TIPO_ADSL":"ADSL_M","DESCRIZIONE_TIPO_ADSL":"ADSL Mini","DISTANZA_CALCOLATA":"4523.82","CLASSE_DISTANZA":"4500-4899","POTENZA_SEGNALE":"0.00","POPOLAZIONE_SEZIONE": "13"}
			},
		 		{ "type" : "Feature",
				"geometry" : {
					"type" : "Point",
					"coordinates" : [7.39999,45.22898]},
			"properties" : { "ANNO":"2010","ID_SEZIONE":"3532","ISTAT_COMUNE_SEZ":"1313","COMUNE_SEZ":"VIU'","PROVINCIA":"TO","ID_CENTRALE":"1665","NOME_CENTRALE":"VIU'","ISTAT_COMUNE_CENTR":"1313","COMUNE_CENTR":"VIU'","PROVINCIA_CENTR":"TO","INDIRIZZO_CENTRALE":"VITTORIO VENETO","LATITUDINE_SEZIONE":"45.22898","LONGITUDINE_SEZIONE":"7.39999","POS_X_SEZIONE":"374398.11103","POS_Y_SEZIONE":"5009633.23501","LATITUDINE_CENTRALE":"45.24037","LONGITUDINE_CENTRALE":"7.37255","POS_X_CENTRALE":"372269.83809","POS_Y_CENTRALE":"5010941.06869","TIPO_ADSL":"ADSL_M","DESCRIZIONE_TIPO_ADSL":"ADSL Mini","DISTANZA_CALCOLATA":"2497.99","CLASSE_DISTANZA":"2100-2499","POTENZA_SEGNALE":"0.64","POPOLAZIONE_SEZIONE": ""}
			},
		 		{ "type" : "Feature",
				"geometry" : {
					"type" : "Point",
					"coordinates" : [7.32894,45.22922]},
			"properties" : { "ANNO":"2010","ID_SEZIONE":"5573","ISTAT_COMUNE_SEZ":"1313","COMUNE_SEZ":"VIU'","PROVINCIA":"TO","ID_CENTRALE":"1665","NOME_CENTRALE":"VIU'","ISTAT_COMUNE_CENTR":"1313","COMUNE_CENTR":"VIU'","PROVINCIA_CENTR":"TO","INDIRIZZO_CENTRALE":"VITTORIO VENETO","LATITUDINE_SEZIONE":"45.22922","LONGITUDINE_SEZIONE":"7.32894","POS_X_SEZIONE":"368821.16638","POS_Y_SEZIONE":"5009772.20000","LATITUDINE_CENTRALE":"45.24037","LONGITUDINE_CENTRALE":"7.37255","POS_X_CENTRALE":"372269.83809","POS_Y_CENTRALE":"5010941.06869","TIPO_ADSL":"ADSL_M","DESCRIZIONE_TIPO_ADSL":"ADSL Mini","DISTANZA_CALCOLATA":"3641.37","CLASSE_DISTANZA":"3300-3699","POTENZA_SEGNALE":"0.64","POPOLAZIONE_SEZIONE": "6"}
			},
		 		{ "type" : "Feature",
				"geometry" : {
					"type" : "Point",
					"coordinates" : [7.37403,45.18329]},
			"properties" : { "ANNO":"2010","ID_SEZIONE":"5577","ISTAT_COMUNE_SEZ":"1313","COMUNE_SEZ":"VIU'","PROVINCIA":"TO","ID_CENTRALE":"1665","NOME_CENTRALE":"VIU'","ISTAT_COMUNE_CENTR":"1313","COMUNE_CENTR":"VIU'","PROVINCIA_CENTR":"TO","INDIRIZZO_CENTRALE":"VITTORIO VENETO","LATITUDINE_SEZIONE":"45.18329","LONGITUDINE_SEZIONE":"7.37403","POS_X_SEZIONE":"372258.34219","POS_Y_SEZIONE":"5004598.18399","LATITUDINE_CENTRALE":"45.24037","LONGITUDINE_CENTRALE":"7.37255","POS_X_CENTRALE":"372269.83809","POS_Y_CENTRALE":"5010941.06869","TIPO_ADSL":"ADSL_M","DESCRIZIONE_TIPO_ADSL":"ADSL Mini","DISTANZA_CALCOLATA":"6342.9","CLASSE_DISTANZA":"6100 e oltre","POTENZA_SEGNALE":"0.00","POPOLAZIONE_SEZIONE": "4"}
			},
		 		{ "type" : "Feature",
				"geometry" : {
					"type" : "Point",
					"coordinates" : [7.43899,45.23717]},
			"properties" : { "ANNO":"2010","ID_SEZIONE":"7402","ISTAT_COMUNE_SEZ":"1313","COMUNE_SEZ":"VIU'","PROVINCIA":"TO","ID_CENTRALE":"1665","NOME_CENTRALE":"VIU'","ISTAT_COMUNE_CENTR":"1313","COMUNE_CENTR":"VIU'","PROVINCIA_CENTR":"TO","INDIRIZZO_CENTRALE":"VITTORIO VENETO","LATITUDINE_SEZIONE":"45.23717","LONGITUDINE_SEZIONE":"7.43899","POS_X_SEZIONE":"377477.29541","POS_Y_SEZIONE":"5010482.75923","LATITUDINE_CENTRALE":"45.24037","LONGITUDINE_CENTRALE":"7.37255","POS_X_CENTRALE":"372269.83809","POS_Y_CENTRALE":"5010941.06869","TIPO_ADSL":"ADSL_M","DESCRIZIONE_TIPO_ADSL":"ADSL Mini","DISTANZA_CALCOLATA":"5227.59","CLASSE_DISTANZA":"4900-5299","POTENZA_SEGNALE":"0.00","POPOLAZIONE_SEZIONE": "25"}
			},
		 		{ "type" : "Feature",
				"geometry" : {
					"type" : "Point",
					"coordinates" : [7.34875,45.23022]},
			"properties" : { "ANNO":"2010","ID_SEZIONE":"7406","ISTAT_COMUNE_SEZ":"1313","COMUNE_SEZ":"VIU'","PROVINCIA":"TO","ID_CENTRALE":"1665","NOME_CENTRALE":"VIU'","ISTAT_COMUNE_CENTR":"1313","COMUNE_CENTR":"VIU'","PROVINCIA_CENTR":"TO","INDIRIZZO_CENTRALE":"VITTORIO VENETO","LATITUDINE_SEZIONE":"45.23022","LONGITUDINE_SEZIONE":"7.34875","POS_X_SEZIONE":"370378.16094","POS_Y_SEZIONE":"5009851.21081","LATITUDINE_CENTRALE":"45.24037","LONGITUDINE_CENTRALE":"7.37255","POS_X_CENTRALE":"372269.83809","POS_Y_CENTRALE":"5010941.06869","TIPO_ADSL":"ADSL_M","DESCRIZIONE_TIPO_ADSL":"ADSL Mini","DISTANZA_CALCOLATA":"2183.17","CLASSE_DISTANZA":"2100-2499","POTENZA_SEGNALE":"0.64","POPOLAZIONE_SEZIONE": "9"}
			},
		 		{ "type" : "Feature",
				"geometry" : {
					"type" : "Point",
					"coordinates" : [7.38481,45.23816]},
			"properties" : { "ANNO":"2010","ID_SEZIONE":"7625","ISTAT_COMUNE_SEZ":"1313","COMUNE_SEZ":"VIU'","PROVINCIA":"TO","ID_CENTRALE":"1665","NOME_CENTRALE":"VIU'","ISTAT_COMUNE_CENTR":"1313","COMUNE_CENTR":"VIU'","PROVINCIA_CENTR":"TO","INDIRIZZO_CENTRALE":"VITTORIO VENETO","LATITUDINE_SEZIONE":"45.23816","LONGITUDINE_SEZIONE":"7.38481","POS_X_SEZIONE":"373226.87774","POS_Y_SEZIONE":"5010676.23481","LATITUDINE_CENTRALE":"45.24037","LONGITUDINE_CENTRALE":"7.37255","POS_X_CENTRALE":"372269.83809","POS_Y_CENTRALE":"5010941.06869","TIPO_ADSL":"ADSL_M","DESCRIZIONE_TIPO_ADSL":"ADSL Mini","DISTANZA_CALCOLATA":"993.01","CLASSE_DISTANZA":"900-1299","POTENZA_SEGNALE":"0.64","POPOLAZIONE_SEZIONE": "40"}
			},
		 		{ "type" : "Feature",
				"geometry" : {
					"type" : "Point",
					"coordinates" : [7.34519,45.18655]},
			"properties" : { "ANNO":"2010","ID_SEZIONE":"7667","ISTAT_COMUNE_SEZ":"1313","COMUNE_SEZ":"VIU'","PROVINCIA":"TO","ID_CENTRALE":"1665","NOME_CENTRALE":"VIU'","ISTAT_COMUNE_CENTR":"1313","COMUNE_CENTR":"VIU'","PROVINCIA_CENTR":"TO","INDIRIZZO_CENTRALE":"VITTORIO VENETO","LATITUDINE_SEZIONE":"45.18655","LONGITUDINE_SEZIONE":"7.34519","POS_X_SEZIONE":"369999.23333","POS_Y_SEZIONE":"5005005.66738","LATITUDINE_CENTRALE":"45.24037","LONGITUDINE_CENTRALE":"7.37255","POS_X_CENTRALE":"372269.83809","POS_Y_CENTRALE":"5010941.06869","TIPO_ADSL":"ADSL_M","DESCRIZIONE_TIPO_ADSL":"ADSL Mini","DISTANZA_CALCOLATA":"6354.89","CLASSE_DISTANZA":"6100 e oltre","POTENZA_SEGNALE":"0.00","POPOLAZIONE_SEZIONE": ""}
			},
		 		{ "type" : "Feature",
				"geometry" : {
					"type" : "Point",
					"coordinates" : [7.40358,45.20004]},
			"properties" : { "ANNO":"2010","ID_SEZIONE":"7925","ISTAT_COMUNE_SEZ":"1313","COMUNE_SEZ":"VIU'","PROVINCIA":"TO","ID_CENTRALE":"1665","NOME_CENTRALE":"VIU'","ISTAT_COMUNE_CENTR":"1313","COMUNE_CENTR":"VIU'","PROVINCIA_CENTR":"TO","INDIRIZZO_CENTRALE":"VITTORIO VENETO","LATITUDINE_SEZIONE":"45.20004","LONGITUDINE_SEZIONE":"7.40358","POS_X_SEZIONE":"374616.03922","POS_Y_SEZIONE":"5006411.71615","LATITUDINE_CENTRALE":"45.24037","LONGITUDINE_CENTRALE":"7.37255","POS_X_CENTRALE":"372269.83809","POS_Y_CENTRALE":"5010941.06869","TIPO_ADSL":"ADSL_M","DESCRIZIONE_TIPO_ADSL":"ADSL Mini","DISTANZA_CALCOLATA":"5100.95","CLASSE_DISTANZA":"4900-5299","POTENZA_SEGNALE":"0.00","POPOLAZIONE_SEZIONE": "9"}
			},
		 		{ "type" : "Feature",
				"geometry" : {
					"type" : "Point",
					"coordinates" : [7.33333,45.21577]},
			"properties" : { "ANNO":"2010","ID_SEZIONE":"8290","ISTAT_COMUNE_SEZ":"1313","COMUNE_SEZ":"VIU'","PROVINCIA":"TO","ID_CENTRALE":"1665","NOME_CENTRALE":"VIU'","ISTAT_COMUNE_CENTR":"1313","COMUNE_CENTR":"VIU'","PROVINCIA_CENTR":"TO","INDIRIZZO_CENTRALE":"VITTORIO VENETO","LATITUDINE_SEZIONE":"45.21577","LONGITUDINE_SEZIONE":"7.33333","POS_X_SEZIONE":"369134.55441","POS_Y_SEZIONE":"5008271.18854","LATITUDINE_CENTRALE":"45.24037","LONGITUDINE_CENTRALE":"7.37255","POS_X_CENTRALE":"372269.83809","POS_Y_CENTRALE":"5010941.06869","TIPO_ADSL":"ADSL_M","DESCRIZIONE_TIPO_ADSL":"ADSL Mini","DISTANZA_CALCOLATA":"4118.04","CLASSE_DISTANZA":"4100-4499","POTENZA_SEGNALE":"0.00","POPOLAZIONE_SEZIONE": ""}
			},
		 		{ "type" : "Feature",
				"geometry" : {
					"type" : "Point",
					"coordinates" : [7.35506,45.21056]},
			"properties" : { "ANNO":"2010","ID_SEZIONE":"8838","ISTAT_COMUNE_SEZ":"1313","COMUNE_SEZ":"VIU'","PROVINCIA":"TO","ID_CENTRALE":"1665","NOME_CENTRALE":"VIU'","ISTAT_COMUNE_CENTR":"1313","COMUNE_CENTR":"VIU'","PROVINCIA_CENTR":"TO","INDIRIZZO_CENTRALE":"VITTORIO VENETO","LATITUDINE_SEZIONE":"45.21056","LONGITUDINE_SEZIONE":"7.35506","POS_X_SEZIONE":"370829.29029","POS_Y_SEZIONE":"5007657.69580","LATITUDINE_CENTRALE":"45.24037","LONGITUDINE_CENTRALE":"7.37255","POS_X_CENTRALE":"372269.83809","POS_Y_CENTRALE":"5010941.06869","TIPO_ADSL":"ADSL_M","DESCRIZIONE_TIPO_ADSL":"ADSL Mini","DISTANZA_CALCOLATA":"3585.49","CLASSE_DISTANZA":"3300-3699","POTENZA_SEGNALE":"0.64","POPOLAZIONE_SEZIONE": ""}
			},
		 		{ "type" : "Feature",
				"geometry" : {
					"type" : "Point",
					"coordinates" : [7.33616,45.22781]},
			"properties" : { "ANNO":"2010","ID_SEZIONE":"9108","ISTAT_COMUNE_SEZ":"1313","COMUNE_SEZ":"VIU'","PROVINCIA":"TO","ID_CENTRALE":"1665","NOME_CENTRALE":"VIU'","ISTAT_COMUNE_CENTR":"1313","COMUNE_CENTR":"VIU'","PROVINCIA_CENTR":"TO","INDIRIZZO_CENTRALE":"VITTORIO VENETO","LATITUDINE_SEZIONE":"45.22781","LONGITUDINE_SEZIONE":"7.33616","POS_X_SEZIONE":"369384.44318","POS_Y_SEZIONE":"5009603.70182","LATITUDINE_CENTRALE":"45.24037","LONGITUDINE_CENTRALE":"7.37255","POS_X_CENTRALE":"372269.83809","POS_Y_CENTRALE":"5010941.06869","TIPO_ADSL":"ADSL_M","DESCRIZIONE_TIPO_ADSL":"ADSL Mini","DISTANZA_CALCOLATA":"3180.26","CLASSE_DISTANZA":"2900-3299","POTENZA_SEGNALE":"0.64","POPOLAZIONE_SEZIONE": "7"}
			},
		 		{ "type" : "Feature",
				"geometry" : {
					"type" : "Point",
					"coordinates" : [7.40109,45.19086]},
			"properties" : { "ANNO":"2010","ID_SEZIONE":"11795","ISTAT_COMUNE_SEZ":"1313","COMUNE_SEZ":"VIU'","PROVINCIA":"TO","ID_CENTRALE":"1665","NOME_CENTRALE":"VIU'","ISTAT_COMUNE_CENTR":"1313","COMUNE_CENTR":"VIU'","PROVINCIA_CENTR":"TO","INDIRIZZO_CENTRALE":"VITTORIO VENETO","LATITUDINE_SEZIONE":"45.19086","LONGITUDINE_SEZIONE":"7.40109","POS_X_SEZIONE":"374400.27832","POS_Y_SEZIONE":"5005396.20819","LATITUDINE_CENTRALE":"45.24037","LONGITUDINE_CENTRALE":"7.37255","POS_X_CENTRALE":"372269.83809","POS_Y_CENTRALE":"5010941.06869","TIPO_ADSL":"ADSL_M","DESCRIZIONE_TIPO_ADSL":"ADSL Mini","DISTANZA_CALCOLATA":"5940.06","CLASSE_DISTANZA":"5700-6099","POTENZA_SEGNALE":"0.00","POPOLAZIONE_SEZIONE": ""}
			},
		 		{ "type" : "Feature",
				"geometry" : {
					"type" : "Point",
					"coordinates" : [7.36570,45.23454]},
			"properties" : { "ANNO":"2010","ID_SEZIONE":"12021","ISTAT_COMUNE_SEZ":"1313","COMUNE_SEZ":"VIU'","PROVINCIA":"TO","ID_CENTRALE":"1665","NOME_CENTRALE":"VIU'","ISTAT_COMUNE_CENTR":"1313","COMUNE_CENTR":"VIU'","PROVINCIA_CENTR":"TO","INDIRIZZO_CENTRALE":"VITTORIO VENETO","LATITUDINE_SEZIONE":"45.23454","LONGITUDINE_SEZIONE":"7.36570","POS_X_SEZIONE":"371719.16062","POS_Y_SEZIONE":"5010304.22278","LATITUDINE_CENTRALE":"45.24037","LONGITUDINE_CENTRALE":"7.37255","POS_X_CENTRALE":"372269.83809","POS_Y_CENTRALE":"5010941.06869","TIPO_ADSL":"ADSL_M","DESCRIZIONE_TIPO_ADSL":"ADSL Mini","DISTANZA_CALCOLATA":"841.91","CLASSE_DISTANZA":"500-899","POTENZA_SEGNALE":"0.64","POPOLAZIONE_SEZIONE": "9"}
			},
		 		{ "type" : "Feature",
				"geometry" : {
					"type" : "Point",
					"coordinates" : [7.38704,45.23238]},
			"properties" : { "ANNO":"2010","ID_SEZIONE":"12382","ISTAT_COMUNE_SEZ":"1313","COMUNE_SEZ":"VIU'","PROVINCIA":"TO","ID_CENTRALE":"1665","NOME_CENTRALE":"VIU'","ISTAT_COMUNE_CENTR":"1313","COMUNE_CENTR":"VIU'","PROVINCIA_CENTR":"TO","INDIRIZZO_CENTRALE":"VITTORIO VENETO","LATITUDINE_SEZIONE":"45.23238","LONGITUDINE_SEZIONE":"7.38704","POS_X_SEZIONE":"373388.86942","POS_Y_SEZIONE":"5010030.23110","LATITUDINE_CENTRALE":"45.24037","LONGITUDINE_CENTRALE":"7.37255","POS_X_CENTRALE":"372269.83809","POS_Y_CENTRALE":"5010941.06869","TIPO_ADSL":"ADSL_M","DESCRIZIONE_TIPO_ADSL":"ADSL Mini","DISTANZA_CALCOLATA":"1442.86","CLASSE_DISTANZA":"1300-1699","POTENZA_SEGNALE":"0.64","POPOLAZIONE_SEZIONE": "13"}
			},
		 		{ "type" : "Feature",
				"geometry" : {
					"type" : "Point",
					"coordinates" : [7.36910,45.19398]},
			"properties" : { "ANNO":"2010","ID_SEZIONE":"13277","ISTAT_COMUNE_SEZ":"1313","COMUNE_SEZ":"VIU'","PROVINCIA":"TO","ID_CENTRALE":"1665","NOME_CENTRALE":"VIU'","ISTAT_COMUNE_CENTR":"1313","COMUNE_CENTR":"VIU'","PROVINCIA_CENTR":"TO","INDIRIZZO_CENTRALE":"VITTORIO VENETO","LATITUDINE_SEZIONE":"45.19398","LONGITUDINE_SEZIONE":"7.36910","POS_X_SEZIONE":"371894.45202","POS_Y_SEZIONE":"5005793.68966","LATITUDINE_CENTRALE":"45.24037","LONGITUDINE_CENTRALE":"7.37255","POS_X_CENTRALE":"372269.83809","POS_Y_CENTRALE":"5010941.06869","TIPO_ADSL":"ADSL_M","DESCRIZIONE_TIPO_ADSL":"ADSL Mini","DISTANZA_CALCOLATA":"5161.05","CLASSE_DISTANZA":"4900-5299","POTENZA_SEGNALE":"0.00","POPOLAZIONE_SEZIONE": "13"}
			},
		 		{ "type" : "Feature",
				"geometry" : {
					"type" : "Point",
					"coordinates" : [7.37837,45.23698]},
			"properties" : { "ANNO":"2010","ID_SEZIONE":"14832","ISTAT_COMUNE_SEZ":"1313","COMUNE_SEZ":"VIU'","PROVINCIA":"TO","ID_CENTRALE":"1665","NOME_CENTRALE":"VIU'","ISTAT_COMUNE_CENTR":"1313","COMUNE_CENTR":"VIU'","PROVINCIA_CENTR":"TO","INDIRIZZO_CENTRALE":"VITTORIO VENETO","LATITUDINE_SEZIONE":"45.23698","LONGITUDINE_SEZIONE":"7.37837","POS_X_SEZIONE":"372718.44024","POS_Y_SEZIONE":"5010555.23078","LATITUDINE_CENTRALE":"45.24037","LONGITUDINE_CENTRALE":"7.37255","POS_X_CENTRALE":"372269.83809","POS_Y_CENTRALE":"5010941.06869","TIPO_ADSL":"ADSL_M","DESCRIZIONE_TIPO_ADSL":"ADSL Mini","DISTANZA_CALCOLATA":"591.70","CLASSE_DISTANZA":"500-899","POTENZA_SEGNALE":"0.64","POPOLAZIONE_SEZIONE": "197"}
			},
		 		{ "type" : "Feature",
				"geometry" : {
					"type" : "Point",
					"coordinates" : [7.38151,45.22717]},
			"properties" : { "ANNO":"2010","ID_SEZIONE":"14833","ISTAT_COMUNE_SEZ":"1313","COMUNE_SEZ":"VIU'","PROVINCIA":"TO","ID_CENTRALE":"1665","NOME_CENTRALE":"VIU'","ISTAT_COMUNE_CENTR":"1313","COMUNE_CENTR":"VIU'","PROVINCIA_CENTR":"TO","INDIRIZZO_CENTRALE":"VITTORIO VENETO","LATITUDINE_SEZIONE":"45.22717","LONGITUDINE_SEZIONE":"7.38151","POS_X_SEZIONE":"372943.39563","POS_Y_SEZIONE":"5009460.22457","LATITUDINE_CENTRALE":"45.24037","LONGITUDINE_CENTRALE":"7.37255","POS_X_CENTRALE":"372269.83809","POS_Y_CENTRALE":"5010941.06869","TIPO_ADSL":"ADSL_M","DESCRIZIONE_TIPO_ADSL":"ADSL Mini","DISTANZA_CALCOLATA":"1626.83","CLASSE_DISTANZA":"1300-1699","POTENZA_SEGNALE":"0.64","POPOLAZIONE_SEZIONE": "1"}
			},
		 		{ "type" : "Feature",
				"geometry" : {
					"type" : "Point",
					"coordinates" : [7.37732,45.22955]},
			"properties" : { "ANNO":"2010","ID_SEZIONE":"16011","ISTAT_COMUNE_SEZ":"1313","COMUNE_SEZ":"VIU'","PROVINCIA":"TO","ID_CENTRALE":"1665","NOME_CENTRALE":"VIU'","ISTAT_COMUNE_CENTR":"1313","COMUNE_CENTR":"VIU'","PROVINCIA_CENTR":"TO","INDIRIZZO_CENTRALE":"VITTORIO VENETO","LATITUDINE_SEZIONE":"45.22955","LONGITUDINE_SEZIONE":"7.37732","POS_X_SEZIONE":"372619.40050","POS_Y_SEZIONE":"5009731.22413","LATITUDINE_CENTRALE":"45.24037","LONGITUDINE_CENTRALE":"7.37255","POS_X_CENTRALE":"372269.83809","POS_Y_CENTRALE":"5010941.06869","TIPO_ADSL":"ADSL_M","DESCRIZIONE_TIPO_ADSL":"ADSL Mini","DISTANZA_CALCOLATA":"1259.33","CLASSE_DISTANZA":"900-1299","POTENZA_SEGNALE":"0.64","POPOLAZIONE_SEZIONE": "92"}
			},
		 		{ "type" : "Feature",
				"geometry" : {
					"type" : "Point",
					"coordinates" : [7.34182,45.25055]},
			"properties" : { "ANNO":"2010","ID_SEZIONE":"16203","ISTAT_COMUNE_SEZ":"1313","COMUNE_SEZ":"VIU'","PROVINCIA":"TO","ID_CENTRALE":"1665","NOME_CENTRALE":"VIU'","ISTAT_COMUNE_CENTR":"1313","COMUNE_CENTR":"VIU'","PROVINCIA_CENTR":"TO","INDIRIZZO_CENTRALE":"VITTORIO VENETO","LATITUDINE_SEZIONE":"45.25055","LONGITUDINE_SEZIONE":"7.34182","POS_X_SEZIONE":"369881.15691","POS_Y_SEZIONE":"5012121.72653","LATITUDINE_CENTRALE":"45.24037","LONGITUDINE_CENTRALE":"7.37255","POS_X_CENTRALE":"372269.83809","POS_Y_CENTRALE":"5010941.06869","TIPO_ADSL":"ADSL_M","DESCRIZIONE_TIPO_ADSL":"ADSL Mini","DISTANZA_CALCOLATA":"2664.54","CLASSE_DISTANZA":"2500-2899","POTENZA_SEGNALE":"0.64","POPOLAZIONE_SEZIONE": "13"}
			},
		 		{ "type" : "Feature",
				"geometry" : {
					"type" : "Point",
					"coordinates" : [7.31422,45.25895]},
			"properties" : { "ANNO":"2010","ID_SEZIONE":"16529","ISTAT_COMUNE_SEZ":"1313","COMUNE_SEZ":"VIU'","PROVINCIA":"TO","ID_CENTRALE":"1665","NOME_CENTRALE":"VIU'","ISTAT_COMUNE_CENTR":"1313","COMUNE_CENTR":"VIU'","PROVINCIA_CENTR":"TO","INDIRIZZO_CENTRALE":"VITTORIO VENETO","LATITUDINE_SEZIONE":"45.25895","LONGITUDINE_SEZIONE":"7.31422","POS_X_SEZIONE":"367734.61073","POS_Y_SEZIONE":"5013099.71565","LATITUDINE_CENTRALE":"45.24037","LONGITUDINE_CENTRALE":"7.37255","POS_X_CENTRALE":"372269.83809","POS_Y_CENTRALE":"5010941.06869","TIPO_ADSL":"ADSL_M","DESCRIZIONE_TIPO_ADSL":"ADSL Mini","DISTANZA_CALCOLATA":"5022.75","CLASSE_DISTANZA":"4900-5299","POTENZA_SEGNALE":"0.00","POPOLAZIONE_SEZIONE": ""}
			},
		 		{ "type" : "Feature",
				"geometry" : {
					"type" : "Point",
					"coordinates" : [7.37111,45.24326]},
			"properties" : { "ANNO":"2010","ID_SEZIONE":"16864","ISTAT_COMUNE_SEZ":"1313","COMUNE_SEZ":"VIU'","PROVINCIA":"TO","ID_CENTRALE":"1665","NOME_CENTRALE":"VIU'","ISTAT_COMUNE_CENTR":"1313","COMUNE_CENTR":"VIU'","PROVINCIA_CENTR":"TO","INDIRIZZO_CENTRALE":"VITTORIO VENETO","LATITUDINE_SEZIONE":"45.24326","LONGITUDINE_SEZIONE":"7.37111","POS_X_SEZIONE":"372163.29502","POS_Y_SEZIONE":"5011264.73273","LATITUDINE_CENTRALE":"45.24037","LONGITUDINE_CENTRALE":"7.37255","POS_X_CENTRALE":"372269.83809","POS_Y_CENTRALE":"5010941.06869","TIPO_ADSL":"ADSL_M","DESCRIZIONE_TIPO_ADSL":"ADSL Mini","DISTANZA_CALCOLATA":"340.75","CLASSE_DISTANZA":"100-499","POTENZA_SEGNALE":"0.64","POPOLAZIONE_SEZIONE": "15"}
			},
		 		{ "type" : "Feature",
				"geometry" : {
					"type" : "Point",
					"coordinates" : [7.37731,45.20709]},
			"properties" : { "ANNO":"2010","ID_SEZIONE":"16961","ISTAT_COMUNE_SEZ":"1313","COMUNE_SEZ":"VIU'","PROVINCIA":"TO","ID_CENTRALE":"1665","NOME_CENTRALE":"VIU'","ISTAT_COMUNE_CENTR":"1313","COMUNE_CENTR":"VIU'","PROVINCIA_CENTR":"TO","INDIRIZZO_CENTRALE":"VITTORIO VENETO","LATITUDINE_SEZIONE":"45.20709","LONGITUDINE_SEZIONE":"7.37731","POS_X_SEZIONE":"372568.84050","POS_Y_SEZIONE":"5007236.20614","LATITUDINE_CENTRALE":"45.24037","LONGITUDINE_CENTRALE":"7.37255","POS_X_CENTRALE":"372269.83809","POS_Y_CENTRALE":"5010941.06869","TIPO_ADSL":"ADSL_M","DESCRIZIONE_TIPO_ADSL":"ADSL Mini","DISTANZA_CALCOLATA":"3716.91","CLASSE_DISTANZA":"3700-4099","POTENZA_SEGNALE":"0.64","POPOLAZIONE_SEZIONE": "17"}
			},
		 		{ "type" : "Feature",
				"geometry" : {
					"type" : "Point",
					"coordinates" : [7.35351,45.23835]},
			"properties" : { "ANNO":"2010","ID_SEZIONE":"17370","ISTAT_COMUNE_SEZ":"1313","COMUNE_SEZ":"VIU'","PROVINCIA":"TO","ID_CENTRALE":"1665","NOME_CENTRALE":"VIU'","ISTAT_COMUNE_CENTR":"1313","COMUNE_CENTR":"VIU'","PROVINCIA_CENTR":"TO","INDIRIZZO_CENTRALE":"VITTORIO VENETO","LATITUDINE_SEZIONE":"45.23835","LONGITUDINE_SEZIONE":"7.35351","POS_X_SEZIONE":"370770.82552","POS_Y_SEZIONE":"5010747.22054","LATITUDINE_CENTRALE":"45.24037","LONGITUDINE_CENTRALE":"7.37255","POS_X_CENTRALE":"372269.83809","POS_Y_CENTRALE":"5010941.06869","TIPO_ADSL":"ADSL_M","DESCRIZIONE_TIPO_ADSL":"ADSL Mini","DISTANZA_CALCOLATA":"1511.49","CLASSE_DISTANZA":"1300-1699","POTENZA_SEGNALE":"0.64","POPOLAZIONE_SEZIONE": "6"}
			},
		 		{ "type" : "Feature",
				"geometry" : {
					"type" : "Point",
					"coordinates" : [7.33865,45.24860]},
			"properties" : { "ANNO":"2010","ID_SEZIONE":"17986","ISTAT_COMUNE_SEZ":"1313","COMUNE_SEZ":"VIU'","PROVINCIA":"TO","ID_CENTRALE":"1665","NOME_CENTRALE":"VIU'","ISTAT_COMUNE_CENTR":"1313","COMUNE_CENTR":"VIU'","PROVINCIA_CENTR":"TO","INDIRIZZO_CENTRALE":"VITTORIO VENETO","LATITUDINE_SEZIONE":"45.24860","LONGITUDINE_SEZIONE":"7.33865","POS_X_SEZIONE":"369627.93656","POS_Y_SEZIONE":"5011909.22349","LATITUDINE_CENTRALE":"45.24037","LONGITUDINE_CENTRALE":"7.37255","POS_X_CENTRALE":"372269.83809","POS_Y_CENTRALE":"5010941.06869","TIPO_ADSL":"ADSL_M","DESCRIZIONE_TIPO_ADSL":"ADSL Mini","DISTANZA_CALCOLATA":"2813.71","CLASSE_DISTANZA":"2500-2899","POTENZA_SEGNALE":"0.64","POPOLAZIONE_SEZIONE": "7"}
			},
		 		{ "type" : "Feature",
				"geometry" : {
					"type" : "Point",
					"coordinates" : [7.37603,45.24074]},
			"properties" : { "ANNO":"2010","ID_SEZIONE":"18937","ISTAT_COMUNE_SEZ":"1313","COMUNE_SEZ":"VIU'","PROVINCIA":"TO","ID_CENTRALE":"1665","NOME_CENTRALE":"VIU'","ISTAT_COMUNE_CENTR":"1313","COMUNE_CENTR":"VIU'","PROVINCIA_CENTR":"TO","INDIRIZZO_CENTRALE":"VITTORIO VENETO","LATITUDINE_SEZIONE":"45.24074","LONGITUDINE_SEZIONE":"7.37603","POS_X_SEZIONE":"372543.50878","POS_Y_SEZIONE":"5010977.23296","LATITUDINE_CENTRALE":"45.24037","LONGITUDINE_CENTRALE":"7.37255","POS_X_CENTRALE":"372269.83809","POS_Y_CENTRALE":"5010941.06869","TIPO_ADSL":"ADSL_M","DESCRIZIONE_TIPO_ADSL":"ADSL Mini","DISTANZA_CALCOLATA":"276.05","CLASSE_DISTANZA":"100-499","POTENZA_SEGNALE":"0.64","POPOLAZIONE_SEZIONE": "189"}
			},
		 		{ "type" : "Feature",
				"geometry" : {
					"type" : "Point",
					"coordinates" : [7.43999,45.23290]},
			"properties" : { "ANNO":"2010","ID_SEZIONE":"19151","ISTAT_COMUNE_SEZ":"1313","COMUNE_SEZ":"VIU'","PROVINCIA":"TO","ID_CENTRALE":"1665","NOME_CENTRALE":"VIU'","ISTAT_COMUNE_CENTR":"1313","COMUNE_CENTR":"VIU'","PROVINCIA_CENTR":"TO","INDIRIZZO_CENTRALE":"VITTORIO VENETO","LATITUDINE_SEZIONE":"45.23290","LONGITUDINE_SEZIONE":"7.43999","POS_X_SEZIONE":"377546.63352","POS_Y_SEZIONE":"5010006.75744","LATITUDINE_CENTRALE":"45.24037","LONGITUDINE_CENTRALE":"7.37255","POS_X_CENTRALE":"372269.83809","POS_Y_CENTRALE":"5010941.06869","TIPO_ADSL":"ADSL_M","DESCRIZIONE_TIPO_ADSL":"ADSL Mini","DISTANZA_CALCOLATA":"5358.87","CLASSE_DISTANZA":"5300-5699","POTENZA_SEGNALE":"0.00","POPOLAZIONE_SEZIONE": "39"}
			},
		 		{ "type" : "Feature",
				"geometry" : {
					"type" : "Point",
					"coordinates" : [7.39374,45.21575]},
			"properties" : { "ANNO":"2010","ID_SEZIONE":"19405","ISTAT_COMUNE_SEZ":"1313","COMUNE_SEZ":"VIU'","PROVINCIA":"TO","ID_CENTRALE":"1665","NOME_CENTRALE":"VIU'","ISTAT_COMUNE_CENTR":"1313","COMUNE_CENTR":"VIU'","PROVINCIA_CENTR":"TO","INDIRIZZO_CENTRALE":"VITTORIO VENETO","LATITUDINE_SEZIONE":"45.21575","LONGITUDINE_SEZIONE":"7.39374","POS_X_SEZIONE":"373878.12690","POS_Y_SEZIONE":"5008172.72224","LATITUDINE_CENTRALE":"45.24037","LONGITUDINE_CENTRALE":"7.37255","POS_X_CENTRALE":"372269.83809","POS_Y_CENTRALE":"5010941.06869","TIPO_ADSL":"ADSL_M","DESCRIZIONE_TIPO_ADSL":"ADSL Mini","DISTANZA_CALCOLATA":"3201.61","CLASSE_DISTANZA":"2900-3299","POTENZA_SEGNALE":"0.64","POPOLAZIONE_SEZIONE": "10"}
			},
		 		{ "type" : "Feature",
				"geometry" : {
					"type" : "Point",
					"coordinates" : [7.36730,45.24674]},
			"properties" : { "ANNO":"2010","ID_SEZIONE":"21435","ISTAT_COMUNE_SEZ":"1313","COMUNE_SEZ":"VIU'","PROVINCIA":"TO","ID_CENTRALE":"1665","NOME_CENTRALE":"VIU'","ISTAT_COMUNE_CENTR":"1313","COMUNE_CENTR":"VIU'","PROVINCIA_CENTR":"TO","INDIRIZZO_CENTRALE":"VITTORIO VENETO","LATITUDINE_SEZIONE":"45.24674","LONGITUDINE_SEZIONE":"7.36730","POS_X_SEZIONE":"371872.01925","POS_Y_SEZIONE":"5011657.23398","LATITUDINE_CENTRALE":"45.24037","LONGITUDINE_CENTRALE":"7.37255","POS_X_CENTRALE":"372269.83809","POS_Y_CENTRALE":"5010941.06869","TIPO_ADSL":"ADSL_M","DESCRIZIONE_TIPO_ADSL":"ADSL Mini","DISTANZA_CALCOLATA":"819.24","CLASSE_DISTANZA":"500-899","POTENZA_SEGNALE":"0.64","POPOLAZIONE_SEZIONE": "19"}
			},
		 		{ "type" : "Feature",
				"geometry" : {
					"type" : "Point",
					"coordinates" : [7.40341,45.23691]},
			"properties" : { "ANNO":"2010","ID_SEZIONE":"23059","ISTAT_COMUNE_SEZ":"1313","COMUNE_SEZ":"VIU'","PROVINCIA":"TO","ID_CENTRALE":"1665","NOME_CENTRALE":"VIU'","ISTAT_COMUNE_CENTR":"1313","COMUNE_CENTR":"VIU'","PROVINCIA_CENTR":"TO","INDIRIZZO_CENTRALE":"VITTORIO VENETO","LATITUDINE_SEZIONE":"45.23691","LONGITUDINE_SEZIONE":"7.40341","POS_X_SEZIONE":"374683.80703","POS_Y_SEZIONE":"5010508.24249","LATITUDINE_CENTRALE":"45.24037","LONGITUDINE_CENTRALE":"7.37255","POS_X_CENTRALE":"372269.83809","POS_Y_CENTRALE":"5010941.06869","TIPO_ADSL":"ADSL_M","DESCRIZIONE_TIPO_ADSL":"ADSL Mini","DISTANZA_CALCOLATA":"2452.46","CLASSE_DISTANZA":"2100-2499","POTENZA_SEGNALE":"0.64","POPOLAZIONE_SEZIONE": "71"}
			},
		 		{ "type" : "Feature",
				"geometry" : {
					"type" : "Point",
					"coordinates" : [7.37798,45.21653]},
			"properties" : { "ANNO":"2010","ID_SEZIONE":"23452","ISTAT_COMUNE_SEZ":"1313","COMUNE_SEZ":"VIU'","PROVINCIA":"TO","ID_CENTRALE":"1665","NOME_CENTRALE":"VIU'","ISTAT_COMUNE_CENTR":"1313","COMUNE_CENTR":"VIU'","PROVINCIA_CENTR":"TO","INDIRIZZO_CENTRALE":"VITTORIO VENETO","LATITUDINE_SEZIONE":"45.21653","LONGITUDINE_SEZIONE":"7.37798","POS_X_SEZIONE":"372642.50859","POS_Y_SEZIONE":"5008284.71404","LATITUDINE_CENTRALE":"45.24037","LONGITUDINE_CENTRALE":"7.37255","POS_X_CENTRALE":"372269.83809","POS_Y_CENTRALE":"5010941.06869","TIPO_ADSL":"ADSL_M","DESCRIZIONE_TIPO_ADSL":"ADSL Mini","DISTANZA_CALCOLATA":"2682.37","CLASSE_DISTANZA":"2500-2899","POTENZA_SEGNALE":"0.64","POPOLAZIONE_SEZIONE": "55"}
			},
		 		{ "type" : "Feature",
				"geometry" : {
					"type" : "Point",
					"coordinates" : [7.39410,45.21403]},
			"properties" : { "ANNO":"2010","ID_SEZIONE":"23453","ISTAT_COMUNE_SEZ":"1313","COMUNE_SEZ":"VIU'","PROVINCIA":"TO","ID_CENTRALE":"1665","NOME_CENTRALE":"VIU'","ISTAT_COMUNE_CENTR":"1313","COMUNE_CENTR":"VIU'","PROVINCIA_CENTR":"TO","INDIRIZZO_CENTRALE":"VITTORIO VENETO","LATITUDINE_SEZIONE":"45.21403","LONGITUDINE_SEZIONE":"7.39410","POS_X_SEZIONE":"373902.49912","POS_Y_SEZIONE":"5007981.22092","LATITUDINE_CENTRALE":"45.24037","LONGITUDINE_CENTRALE":"7.37255","POS_X_CENTRALE":"372269.83809","POS_Y_CENTRALE":"5010941.06869","TIPO_ADSL":"ADSL_M","DESCRIZIONE_TIPO_ADSL":"ADSL Mini","DISTANZA_CALCOLATA":"3380.28","CLASSE_DISTANZA":"3300-3699","POTENZA_SEGNALE":"0.64","POPOLAZIONE_SEZIONE": "27"}
			},
		 		{ "type" : "Feature",
				"geometry" : {
					"type" : "Point",
					"coordinates" : [7.37291,45.24940]},
			"properties" : { "ANNO":"2010","ID_SEZIONE":"24355","ISTAT_COMUNE_SEZ":"1313","COMUNE_SEZ":"VIU'","PROVINCIA":"TO","ID_CENTRALE":"1665","NOME_CENTRALE":"VIU'","ISTAT_COMUNE_CENTR":"1313","COMUNE_CENTR":"VIU'","PROVINCIA_CENTR":"TO","INDIRIZZO_CENTRALE":"VITTORIO VENETO","LATITUDINE_SEZIONE":"45.24940","LONGITUDINE_SEZIONE":"7.37291","POS_X_SEZIONE":"372318.17656","POS_Y_SEZIONE":"5011944.23917","LATITUDINE_CENTRALE":"45.24037","LONGITUDINE_CENTRALE":"7.37255","POS_X_CENTRALE":"372269.83809","POS_Y_CENTRALE":"5010941.06869","TIPO_ADSL":"ADSL_M","DESCRIZIONE_TIPO_ADSL":"ADSL Mini","DISTANZA_CALCOLATA":"1004.33","CLASSE_DISTANZA":"900-1299","POTENZA_SEGNALE":"0.64","POPOLAZIONE_SEZIONE": "8"}
			},
		 		{ "type" : "Feature",
				"geometry" : {
					"type" : "Point",
					"coordinates" : [7.38414,45.24611]},
			"properties" : { "ANNO":"2010","ID_SEZIONE":"24356","ISTAT_COMUNE_SEZ":"1313","COMUNE_SEZ":"VIU'","PROVINCIA":"TO","ID_CENTRALE":"1665","NOME_CENTRALE":"VIU'","ISTAT_COMUNE_CENTR":"1313","COMUNE_CENTR":"VIU'","PROVINCIA_CENTR":"TO","INDIRIZZO_CENTRALE":"VITTORIO VENETO","LATITUDINE_SEZIONE":"45.24611","LONGITUDINE_SEZIONE":"7.38414","POS_X_SEZIONE":"373191.79448","POS_Y_SEZIONE":"5011560.24070","LATITUDINE_CENTRALE":"45.24037","LONGITUDINE_CENTRALE":"7.37255","POS_X_CENTRALE":"372269.83809","POS_Y_CENTRALE":"5010941.06869","TIPO_ADSL":"ADSL_M","DESCRIZIONE_TIPO_ADSL":"ADSL Mini","DISTANZA_CALCOLATA":"1110.58","CLASSE_DISTANZA":"900-1299","POTENZA_SEGNALE":"0.64","POPOLAZIONE_SEZIONE": ""}
			},
		 		{ "type" : "Feature",
				"geometry" : {
					"type" : "Point",
					"coordinates" : [7.34281,45.25852]},
			"properties" : { "ANNO":"2010","ID_SEZIONE":"25103","ISTAT_COMUNE_SEZ":"1313","COMUNE_SEZ":"VIU'","PROVINCIA":"TO","ID_CENTRALE":"1665","NOME_CENTRALE":"VIU'","ISTAT_COMUNE_CENTR":"1313","COMUNE_CENTR":"VIU'","PROVINCIA_CENTR":"TO","INDIRIZZO_CENTRALE":"VITTORIO VENETO","LATITUDINE_SEZIONE":"45.25852","LONGITUDINE_SEZIONE":"7.34281","POS_X_SEZIONE":"369976.79288","POS_Y_SEZIONE":"5013004.73146","LATITUDINE_CENTRALE":"45.24037","LONGITUDINE_CENTRALE":"7.37255","POS_X_CENTRALE":"372269.83809","POS_Y_CENTRALE":"5010941.06869","TIPO_ADSL":"ADSL_M","DESCRIZIONE_TIPO_ADSL":"ADSL Mini","DISTANZA_CALCOLATA":"3084.92","CLASSE_DISTANZA":"2900-3299","POTENZA_SEGNALE":"0.64","POPOLAZIONE_SEZIONE": "6"}
			},
		 		{ "type" : "Feature",
				"geometry" : {
					"type" : "Point",
					"coordinates" : [7.32901,45.23244]},
			"properties" : { "ANNO":"2010","ID_SEZIONE":"25992","ISTAT_COMUNE_SEZ":"1313","COMUNE_SEZ":"VIU'","PROVINCIA":"TO","ID_CENTRALE":"1665","NOME_CENTRALE":"VIU'","ISTAT_COMUNE_CENTR":"1313","COMUNE_CENTR":"VIU'","PROVINCIA_CENTR":"TO","INDIRIZZO_CENTRALE":"VITTORIO VENETO","LATITUDINE_SEZIONE":"45.23244","LONGITUDINE_SEZIONE":"7.32901","POS_X_SEZIONE":"368834.10718","POS_Y_SEZIONE":"5010130.70291","LATITUDINE_CENTRALE":"45.24037","LONGITUDINE_CENTRALE":"7.37255","POS_X_CENTRALE":"372269.83809","POS_Y_CENTRALE":"5010941.06869","TIPO_ADSL":"ADSL_M","DESCRIZIONE_TIPO_ADSL":"ADSL Mini","DISTANZA_CALCOLATA":"3530.01","CLASSE_DISTANZA":"3300-3699","POTENZA_SEGNALE":"0.64","POPOLAZIONE_SEZIONE": ""}
			},
		 		{ "type" : "Feature",
				"geometry" : {
					"type" : "Point",
					"coordinates" : [7.33024,45.26631]},
			"properties" : { "ANNO":"2010","ID_SEZIONE":"26212","ISTAT_COMUNE_SEZ":"1313","COMUNE_SEZ":"VIU'","PROVINCIA":"TO","ID_CENTRALE":"1665","NOME_CENTRALE":"VIU'","ISTAT_COMUNE_CENTR":"1313","COMUNE_CENTR":"VIU'","PROVINCIA_CENTR":"TO","INDIRIZZO_CENTRALE":"VITTORIO VENETO","LATITUDINE_SEZIONE":"45.26631","LONGITUDINE_SEZIONE":"7.33024","POS_X_SEZIONE":"369008.83793","POS_Y_SEZIONE":"5013891.23181","LATITUDINE_CENTRALE":"45.24037","LONGITUDINE_CENTRALE":"7.37255","POS_X_CENTRALE":"372269.83809","POS_Y_CENTRALE":"5010941.06869","TIPO_ADSL":"ADSL_M","DESCRIZIONE_TIPO_ADSL":"ADSL Mini","DISTANZA_CALCOLATA":"4397.45","CLASSE_DISTANZA":"4100-4499","POTENZA_SEGNALE":"0.00","POPOLAZIONE_SEZIONE": ""}
			},
		 		{ "type" : "Feature",
				"geometry" : {
					"type" : "Point",
					"coordinates" : [7.34826,45.25265]},
			"properties" : { "ANNO":"2010","ID_SEZIONE":"27301","ISTAT_COMUNE_SEZ":"1313","COMUNE_SEZ":"VIU'","PROVINCIA":"TO","ID_CENTRALE":"1665","NOME_CENTRALE":"VIU'","ISTAT_COMUNE_CENTR":"1313","COMUNE_CENTR":"VIU'","PROVINCIA_CENTR":"TO","INDIRIZZO_CENTRALE":"VITTORIO VENETO","LATITUDINE_SEZIONE":"45.25265","LONGITUDINE_SEZIONE":"7.34826","POS_X_SEZIONE":"370391.37617","POS_Y_SEZIONE":"5012343.73075","LATITUDINE_CENTRALE":"45.24037","LONGITUDINE_CENTRALE":"7.37255","POS_X_CENTRALE":"372269.83809","POS_Y_CENTRALE":"5010941.06869","TIPO_ADSL":"ADSL_M","DESCRIZIONE_TIPO_ADSL":"ADSL Mini","DISTANZA_CALCOLATA":"2344.37","CLASSE_DISTANZA":"2100-2499","POTENZA_SEGNALE":"0.64","POPOLAZIONE_SEZIONE": "1"}
			},
		 		{ "type" : "Feature",
				"geometry" : {
					"type" : "Point",
					"coordinates" : [7.38169,45.23983]},
			"properties" : { "ANNO":"2010","ID_SEZIONE":"28579","ISTAT_COMUNE_SEZ":"1313","COMUNE_SEZ":"VIU'","PROVINCIA":"TO","ID_CENTRALE":"1665","NOME_CENTRALE":"VIU'","ISTAT_COMUNE_CENTR":"1313","COMUNE_CENTR":"VIU'","PROVINCIA_CENTR":"TO","INDIRIZZO_CENTRALE":"VITTORIO VENETO","LATITUDINE_SEZIONE":"45.23983","LONGITUDINE_SEZIONE":"7.38169","POS_X_SEZIONE":"372985.94283","POS_Y_SEZIONE":"5010866.73465","LATITUDINE_CENTRALE":"45.24037","LONGITUDINE_CENTRALE":"7.37255","POS_X_CENTRALE":"372269.83809","POS_Y_CENTRALE":"5010941.06869","TIPO_ADSL":"ADSL_M","DESCRIZIONE_TIPO_ADSL":"ADSL Mini","DISTANZA_CALCOLATA":"719.95","CLASSE_DISTANZA":"500-899","POTENZA_SEGNALE":"0.64","POPOLAZIONE_SEZIONE": "25"}
			},
		 		{ "type" : "Feature",
				"geometry" : {
					"type" : "Point",
					"coordinates" : [7.37880,45.20085]},
			"properties" : { "ANNO":"2010","ID_SEZIONE":"29171","ISTAT_COMUNE_SEZ":"1313","COMUNE_SEZ":"VIU'","PROVINCIA":"TO","ID_CENTRALE":"1665","NOME_CENTRALE":"VIU'","ISTAT_COMUNE_CENTR":"1313","COMUNE_CENTR":"VIU'","PROVINCIA_CENTR":"TO","INDIRIZZO_CENTRALE":"VITTORIO VENETO","LATITUDINE_SEZIONE":"45.20085","LONGITUDINE_SEZIONE":"7.37880","POS_X_SEZIONE":"372672.14418","POS_Y_SEZIONE":"5006540.70175","LATITUDINE_CENTRALE":"45.24037","LONGITUDINE_CENTRALE":"7.37255","POS_X_CENTRALE":"372269.83809","POS_Y_CENTRALE":"5010941.06869","TIPO_ADSL":"ADSL_M","DESCRIZIONE_TIPO_ADSL":"ADSL Mini","DISTANZA_CALCOLATA":"4418.72","CLASSE_DISTANZA":"4100-4499","POTENZA_SEGNALE":"0.00","POPOLAZIONE_SEZIONE": "16"}
			},
		 		{ "type" : "Feature",
				"geometry" : {
					"type" : "Point",
					"coordinates" : [7.38238,45.21109]},
			"properties" : { "ANNO":"2010","ID_SEZIONE":"29393","ISTAT_COMUNE_SEZ":"1313","COMUNE_SEZ":"VIU'","PROVINCIA":"TO","ID_CENTRALE":"1665","NOME_CENTRALE":"VIU'","ISTAT_COMUNE_CENTR":"1313","COMUNE_CENTR":"VIU'","PROVINCIA_CENTR":"TO","INDIRIZZO_CENTRALE":"VITTORIO VENETO","LATITUDINE_SEZIONE":"45.21109","LONGITUDINE_SEZIONE":"7.38238","POS_X_SEZIONE":"372976.12472","POS_Y_SEZIONE":"5007672.71225","LATITUDINE_CENTRALE":"45.24037","LONGITUDINE_CENTRALE":"7.37255","POS_X_CENTRALE":"372269.83809","POS_Y_CENTRALE":"5010941.06869","TIPO_ADSL":"ADSL_M","DESCRIZIONE_TIPO_ADSL":"ADSL Mini","DISTANZA_CALCOLATA":"3343.8","CLASSE_DISTANZA":"3300-3699","POTENZA_SEGNALE":"0.64","POPOLAZIONE_SEZIONE": "14"}
			},
		 		{ "type" : "Feature",
				"geometry" : {
					"type" : "Point",
					"coordinates" : [7.39633,45.24583]},
			"properties" : { "ANNO":"2010","ID_SEZIONE":"29772","ISTAT_COMUNE_SEZ":"1313","COMUNE_SEZ":"VIU'","PROVINCIA":"TO","ID_CENTRALE":"1665","NOME_CENTRALE":"VIU'","ISTAT_COMUNE_CENTR":"1313","COMUNE_CENTR":"VIU'","PROVINCIA_CENTR":"TO","INDIRIZZO_CENTRALE":"VITTORIO VENETO","LATITUDINE_SEZIONE":"45.24583","LONGITUDINE_SEZIONE":"7.39633","POS_X_SEZIONE":"374147.85208","POS_Y_SEZIONE":"5011510.74566","LATITUDINE_CENTRALE":"45.24037","LONGITUDINE_CENTRALE":"7.37255","POS_X_CENTRALE":"372269.83809","POS_Y_CENTRALE":"5010941.06869","TIPO_ADSL":"ADSL_M","DESCRIZIONE_TIPO_ADSL":"ADSL Mini","DISTANZA_CALCOLATA":"1962.52","CLASSE_DISTANZA":"1700-2099","POTENZA_SEGNALE":"0.64","POPOLAZIONE_SEZIONE": "51"}
			},
		 		{ "type" : "Feature",
				"geometry" : {
					"type" : "Point",
					"coordinates" : [7.37218,45.23531]},
			"properties" : { "ANNO":"2010","ID_SEZIONE":"29773","ISTAT_COMUNE_SEZ":"1313","COMUNE_SEZ":"VIU'","PROVINCIA":"TO","ID_CENTRALE":"1665","NOME_CENTRALE":"VIU'","ISTAT_COMUNE_CENTR":"1313","COMUNE_CENTR":"VIU'","PROVINCIA_CENTR":"TO","INDIRIZZO_CENTRALE":"VITTORIO VENETO","LATITUDINE_SEZIONE":"45.23531","LONGITUDINE_SEZIONE":"7.37218","POS_X_SEZIONE":"372229.09624","POS_Y_SEZIONE":"5010379.22669","LATITUDINE_CENTRALE":"45.24037","LONGITUDINE_CENTRALE":"7.37255","POS_X_CENTRALE":"372269.83809","POS_Y_CENTRALE":"5010941.06869","TIPO_ADSL":"ADSL_M","DESCRIZIONE_TIPO_ADSL":"ADSL Mini","DISTANZA_CALCOLATA":"563.32","CLASSE_DISTANZA":"500-899","POTENZA_SEGNALE":"0.64","POPOLAZIONE_SEZIONE": "107"}
			},
		 		{ "type" : "Feature",
				"geometry" : {
					"type" : "Point",
					"coordinates" : [7.43307,45.22049]},
			"properties" : { "ANNO":"2010","ID_SEZIONE":"29774","ISTAT_COMUNE_SEZ":"1313","COMUNE_SEZ":"VIU'","PROVINCIA":"TO","ID_CENTRALE":"1665","NOME_CENTRALE":"VIU'","ISTAT_COMUNE_CENTR":"1313","COMUNE_CENTR":"VIU'","PROVINCIA_CENTR":"TO","INDIRIZZO_CENTRALE":"VITTORIO VENETO","LATITUDINE_SEZIONE":"45.22049","LONGITUDINE_SEZIONE":"7.43307","POS_X_SEZIONE":"376976.80568","POS_Y_SEZIONE":"5008638.24646","LATITUDINE_CENTRALE":"45.24037","LONGITUDINE_CENTRALE":"7.37255","POS_X_CENTRALE":"372269.83809","POS_Y_CENTRALE":"5010941.06869","TIPO_ADSL":"ADSL_M","DESCRIZIONE_TIPO_ADSL":"ADSL Mini","DISTANZA_CALCOLATA":"5240.09","CLASSE_DISTANZA":"4900-5299","POTENZA_SEGNALE":"0.00","POPOLAZIONE_SEZIONE": ""}
			},
		 		{ "type" : "Feature",
				"geometry" : {
					"type" : "Point",
					"coordinates" : [7.35874,45.23450]},
			"properties" : { "ANNO":"2010","ID_SEZIONE":"30148","ISTAT_COMUNE_SEZ":"1313","COMUNE_SEZ":"VIU'","PROVINCIA":"TO","ID_CENTRALE":"1665","NOME_CENTRALE":"VIU'","ISTAT_COMUNE_CENTR":"1313","COMUNE_CENTR":"VIU'","PROVINCIA_CENTR":"TO","INDIRIZZO_CENTRALE":"VITTORIO VENETO","LATITUDINE_SEZIONE":"45.23450","LONGITUDINE_SEZIONE":"7.35874","POS_X_SEZIONE":"371172.16286","POS_Y_SEZIONE":"5010311.21926","LATITUDINE_CENTRALE":"45.24037","LONGITUDINE_CENTRALE":"7.37255","POS_X_CENTRALE":"372269.83809","POS_Y_CENTRALE":"5010941.06869","TIPO_ADSL":"ADSL_M","DESCRIZIONE_TIPO_ADSL":"ADSL Mini","DISTANZA_CALCOLATA":"1265.54","CLASSE_DISTANZA":"900-1299","POTENZA_SEGNALE":"0.64","POPOLAZIONE_SEZIONE": "13"}
			},
		 		{ "type" : "Feature",
				"geometry" : {
					"type" : "Point",
					"coordinates" : [7.42562,45.23537]},
			"properties" : { "ANNO":"2010","ID_SEZIONE":"30648","ISTAT_COMUNE_SEZ":"1313","COMUNE_SEZ":"VIU'","PROVINCIA":"TO","ID_CENTRALE":"1665","NOME_CENTRALE":"VIU'","ISTAT_COMUNE_CENTR":"1313","COMUNE_CENTR":"VIU'","PROVINCIA_CENTR":"TO","INDIRIZZO_CENTRALE":"VITTORIO VENETO","LATITUDINE_SEZIONE":"45.23537","LONGITUDINE_SEZIONE":"7.42562","POS_X_SEZIONE":"376423.79756","POS_Y_SEZIONE":"5010302.75181","LATITUDINE_CENTRALE":"45.24037","LONGITUDINE_CENTRALE":"7.37255","POS_X_CENTRALE":"372269.83809","POS_Y_CENTRALE":"5010941.06869","TIPO_ADSL":"ADSL_M","DESCRIZIONE_TIPO_ADSL":"ADSL Mini","DISTANZA_CALCOLATA":"4202.72","CLASSE_DISTANZA":"4100-4499","POTENZA_SEGNALE":"0.00","POPOLAZIONE_SEZIONE": "11"}
			},
		 		{ "type" : "Feature",
				"geometry" : {
					"type" : "Point",
					"coordinates" : [7.36754,45.23238]},
			"properties" : { "ANNO":"2010","ID_SEZIONE":"31007","ISTAT_COMUNE_SEZ":"1313","COMUNE_SEZ":"VIU'","PROVINCIA":"TO","ID_CENTRALE":"1665","NOME_CENTRALE":"VIU'","ISTAT_COMUNE_CENTR":"1313","COMUNE_CENTR":"VIU'","PROVINCIA_CENTR":"TO","INDIRIZZO_CENTRALE":"VITTORIO VENETO","LATITUDINE_SEZIONE":"45.23238","LONGITUDINE_SEZIONE":"7.36754","POS_X_SEZIONE":"371858.68830","POS_Y_SEZIONE":"5010061.22195","LATITUDINE_CENTRALE":"45.24037","LONGITUDINE_CENTRALE":"7.37255","POS_X_CENTRALE":"372269.83809","POS_Y_CENTRALE":"5010941.06869","TIPO_ADSL":"ADSL_M","DESCRIZIONE_TIPO_ADSL":"ADSL Mini","DISTANZA_CALCOLATA":"971.17","CLASSE_DISTANZA":"900-1299","POTENZA_SEGNALE":"0.64","POPOLAZIONE_SEZIONE": "34"}
			},
		 		{ "type" : "Feature",
				"geometry" : {
					"type" : "Point",
					"coordinates" : [7.38544,45.23074]},
			"properties" : { "ANNO":"2010","ID_SEZIONE":"32740","ISTAT_COMUNE_SEZ":"1313","COMUNE_SEZ":"VIU'","PROVINCIA":"TO","ID_CENTRALE":"1665","NOME_CENTRALE":"VIU'","ISTAT_COMUNE_CENTR":"1313","COMUNE_CENTR":"VIU'","PROVINCIA_CENTR":"TO","INDIRIZZO_CENTRALE":"VITTORIO VENETO","LATITUDINE_SEZIONE":"45.23074","LONGITUDINE_SEZIONE":"7.38544","POS_X_SEZIONE":"373259.43019","POS_Y_SEZIONE":"5009850.72902","LATITUDINE_CENTRALE":"45.24037","LONGITUDINE_CENTRALE":"7.37255","POS_X_CENTRALE":"372269.83809","POS_Y_CENTRALE":"5010941.06869","TIPO_ADSL":"ADSL_M","DESCRIZIONE_TIPO_ADSL":"ADSL Mini","DISTANZA_CALCOLATA":"1472.46","CLASSE_DISTANZA":"1300-1699","POTENZA_SEGNALE":"0.64","POPOLAZIONE_SEZIONE": "12"}
			}
		 		]
	}
		