 	{ "type" : "FeatureCollection",
		"features" : [
		 		{ "type" : "Feature",
				"geometry" : {
					"type" : "Point",
					"coordinates" : [7.57344,44.72826]},
			"properties" : { "ANNO":"2010","ID_SEZIONE":"230","ISTAT_COMUNE_SEZ":"4246","COMUNE_SEZ":"VILLANOVA SOLARO","PROVINCIA":"CN","ID_CENTRALE":"1636","NOME_CENTRALE":"VILLANOVA SOLARO","ISTAT_COMUNE_CENTR":"4246","COMUNE_CENTR":"VILLANOVA SOLARO","PROVINCIA_CENTR":"CN","INDIRIZZO_CENTRALE":"P.ZZA VITT. EMANUELE II 6","LATITUDINE_SEZIONE":"44.72826","LONGITUDINE_SEZIONE":"7.57344","POS_X_SEZIONE":"387035.22080","POS_Y_SEZIONE":"4953753.88110","LATITUDINE_CENTRALE":"44.72923","LONGITUDINE_CENTRALE":"7.57549","POS_X_CENTRALE":"387198.81250","POS_Y_CENTRALE":"4953859.00000","TIPO_ADSL":"ADSL_1","DESCRIZIONE_TIPO_ADSL":"ADSL (8 mega)","DISTANZA_CALCOLATA":"194.45","CLASSE_DISTANZA":"100-499","POTENZA_SEGNALE":"7000","POPOLAZIONE_SEZIONE": "384"}
			},
		 		{ "type" : "Feature",
				"geometry" : {
					"type" : "Point",
					"coordinates" : [7.57900,44.75205]},
			"properties" : { "ANNO":"2010","ID_SEZIONE":"4620","ISTAT_COMUNE_SEZ":"4246","COMUNE_SEZ":"VILLANOVA SOLARO","PROVINCIA":"CN","ID_CENTRALE":"1636","NOME_CENTRALE":"VILLANOVA SOLARO","ISTAT_COMUNE_CENTR":"4246","COMUNE_CENTR":"VILLANOVA SOLARO","PROVINCIA_CENTR":"CN","INDIRIZZO_CENTRALE":"P.ZZA VITT. EMANUELE II 6","LATITUDINE_SEZIONE":"44.75205","LONGITUDINE_SEZIONE":"7.57900","POS_X_SEZIONE":"387521.55680","POS_Y_SEZIONE":"4956389.41492","LATITUDINE_CENTRALE":"44.72923","LONGITUDINE_CENTRALE":"7.57549","POS_X_CENTRALE":"387198.81250","POS_Y_CENTRALE":"4953859.00000","TIPO_ADSL":"ADSL_1","DESCRIZIONE_TIPO_ADSL":"ADSL (8 mega)","DISTANZA_CALCOLATA":"2550.91","CLASSE_DISTANZA":"2500-2899","POTENZA_SEGNALE":"5749.63","POPOLAZIONE_SEZIONE": ""}
			},
		 		{ "type" : "Feature",
				"geometry" : {
					"type" : "Point",
					"coordinates" : [7.56980,44.73823]},
			"properties" : { "ANNO":"2010","ID_SEZIONE":"5546","ISTAT_COMUNE_SEZ":"4246","COMUNE_SEZ":"VILLANOVA SOLARO","PROVINCIA":"CN","ID_CENTRALE":"1636","NOME_CENTRALE":"VILLANOVA SOLARO","ISTAT_COMUNE_CENTR":"4246","COMUNE_CENTR":"VILLANOVA SOLARO","PROVINCIA_CENTR":"CN","INDIRIZZO_CENTRALE":"P.ZZA VITT. EMANUELE II 6","LATITUDINE_SEZIONE":"44.73823","LONGITUDINE_SEZIONE":"7.56980","POS_X_SEZIONE":"386766.11053","POS_Y_SEZIONE":"4954866.39617","LATITUDINE_CENTRALE":"44.72923","LONGITUDINE_CENTRALE":"7.57549","POS_X_CENTRALE":"387198.81250","POS_Y_CENTRALE":"4953859.00000","TIPO_ADSL":"ADSL_1","DESCRIZIONE_TIPO_ADSL":"ADSL (8 mega)","DISTANZA_CALCOLATA":"1096.39","CLASSE_DISTANZA":"900-1299","POTENZA_SEGNALE":"7000","POPOLAZIONE_SEZIONE": "19"}
			},
		 		{ "type" : "Feature",
				"geometry" : {
					"type" : "Point",
					"coordinates" : [7.58861,44.72826]},
			"properties" : { "ANNO":"2010","ID_SEZIONE":"6082","ISTAT_COMUNE_SEZ":"4246","COMUNE_SEZ":"VILLANOVA SOLARO","PROVINCIA":"CN","ID_CENTRALE":"1636","NOME_CENTRALE":"VILLANOVA SOLARO","ISTAT_COMUNE_CENTR":"4246","COMUNE_CENTR":"VILLANOVA SOLARO","PROVINCIA_CENTR":"CN","INDIRIZZO_CENTRALE":"P.ZZA VITT. EMANUELE II 6","LATITUDINE_SEZIONE":"44.72826","LONGITUDINE_SEZIONE":"7.58861","POS_X_SEZIONE":"388235.97241","POS_Y_SEZIONE":"4953733.38062","LATITUDINE_CENTRALE":"44.72923","LONGITUDINE_CENTRALE":"7.57549","POS_X_CENTRALE":"387198.81250","POS_Y_CENTRALE":"4953859.00000","TIPO_ADSL":"ADSL_1","DESCRIZIONE_TIPO_ADSL":"ADSL (8 mega)","DISTANZA_CALCOLATA":"1044.74","CLASSE_DISTANZA":"900-1299","POTENZA_SEGNALE":"7000","POPOLAZIONE_SEZIONE": "44"}
			},
		 		{ "type" : "Feature",
				"geometry" : {
					"type" : "Point",
					"coordinates" : [7.55235,44.73819]},
			"properties" : { "ANNO":"2010","ID_SEZIONE":"8174","ISTAT_COMUNE_SEZ":"4246","COMUNE_SEZ":"VILLANOVA SOLARO","PROVINCIA":"CN","ID_CENTRALE":"1636","NOME_CENTRALE":"VILLANOVA SOLARO","ISTAT_COMUNE_CENTR":"4246","COMUNE_CENTR":"VILLANOVA SOLARO","PROVINCIA_CENTR":"CN","INDIRIZZO_CENTRALE":"P.ZZA VITT. EMANUELE II 6","LATITUDINE_SEZIONE":"44.73819","LONGITUDINE_SEZIONE":"7.55235","POS_X_SEZIONE":"385384.83232","POS_Y_SEZIONE":"4954886.40052","LATITUDINE_CENTRALE":"44.72923","LONGITUDINE_CENTRALE":"7.57549","POS_X_CENTRALE":"387198.81250","POS_Y_CENTRALE":"4953859.00000","TIPO_ADSL":"ADSL_1","DESCRIZIONE_TIPO_ADSL":"ADSL (8 mega)","DISTANZA_CALCOLATA":"2084.72","CLASSE_DISTANZA":"1700-2099","POTENZA_SEGNALE":"6874.88","POPOLAZIONE_SEZIONE": "33"}
			},
		 		{ "type" : "Feature",
				"geometry" : {
					"type" : "Point",
					"coordinates" : [7.58005,44.72005]},
			"properties" : { "ANNO":"2010","ID_SEZIONE":"11776","ISTAT_COMUNE_SEZ":"4246","COMUNE_SEZ":"VILLANOVA SOLARO","PROVINCIA":"CN","ID_CENTRALE":"1636","NOME_CENTRALE":"VILLANOVA SOLARO","ISTAT_COMUNE_CENTR":"4246","COMUNE_CENTR":"VILLANOVA SOLARO","PROVINCIA_CENTR":"CN","INDIRIZZO_CENTRALE":"P.ZZA VITT. EMANUELE II 6","LATITUDINE_SEZIONE":"44.72005","LONGITUDINE_SEZIONE":"7.58005","POS_X_SEZIONE":"387542.67270","POS_Y_SEZIONE":"4952833.36807","LATITUDINE_CENTRALE":"44.72923","LONGITUDINE_CENTRALE":"7.57549","POS_X_CENTRALE":"387198.81250","POS_Y_CENTRALE":"4953859.00000","TIPO_ADSL":"ADSL_1","DESCRIZIONE_TIPO_ADSL":"ADSL (8 mega)","DISTANZA_CALCOLATA":"1081.74","CLASSE_DISTANZA":"900-1299","POTENZA_SEGNALE":"7000","POPOLAZIONE_SEZIONE": "6"}
			},
		 		{ "type" : "Feature",
				"geometry" : {
					"type" : "Point",
					"coordinates" : [7.58381,44.74245]},
			"properties" : { "ANNO":"2010","ID_SEZIONE":"12162","ISTAT_COMUNE_SEZ":"4246","COMUNE_SEZ":"VILLANOVA SOLARO","PROVINCIA":"CN","ID_CENTRALE":"1636","NOME_CENTRALE":"VILLANOVA SOLARO","ISTAT_COMUNE_CENTR":"4246","COMUNE_CENTR":"VILLANOVA SOLARO","PROVINCIA_CENTR":"CN","INDIRIZZO_CENTRALE":"P.ZZA VITT. EMANUELE II 6","LATITUDINE_SEZIONE":"44.74245","LONGITUDINE_SEZIONE":"7.58381","POS_X_SEZIONE":"387883.35392","POS_Y_SEZIONE":"4955316.40065","LATITUDINE_CENTRALE":"44.72923","LONGITUDINE_CENTRALE":"7.57549","POS_X_CENTRALE":"387198.81250","POS_Y_CENTRALE":"4953859.00000","TIPO_ADSL":"ADSL_1","DESCRIZIONE_TIPO_ADSL":"ADSL (8 mega)","DISTANZA_CALCOLATA":"1610.16","CLASSE_DISTANZA":"1300-1699","POTENZA_SEGNALE":"7000","POPOLAZIONE_SEZIONE": "16"}
			},
		 		{ "type" : "Feature",
				"geometry" : {
					"type" : "Point",
					"coordinates" : [7.56721,44.74436]},
			"properties" : { "ANNO":"2010","ID_SEZIONE":"18629","ISTAT_COMUNE_SEZ":"4246","COMUNE_SEZ":"VILLANOVA SOLARO","PROVINCIA":"CN","ID_CENTRALE":"1636","NOME_CENTRALE":"VILLANOVA SOLARO","ISTAT_COMUNE_CENTR":"4246","COMUNE_CENTR":"VILLANOVA SOLARO","PROVINCIA_CENTR":"CN","INDIRIZZO_CENTRALE":"P.ZZA VITT. EMANUELE II 6","LATITUDINE_SEZIONE":"44.74436","LONGITUDINE_SEZIONE":"7.56721","POS_X_SEZIONE":"386573.22528","POS_Y_SEZIONE":"4955550.90535","LATITUDINE_CENTRALE":"44.72923","LONGITUDINE_CENTRALE":"7.57549","POS_X_CENTRALE":"387198.81250","POS_Y_CENTRALE":"4953859.00000","TIPO_ADSL":"ADSL_1","DESCRIZIONE_TIPO_ADSL":"ADSL (8 mega)","DISTANZA_CALCOLATA":"1803.86","CLASSE_DISTANZA":"1700-2099","POTENZA_SEGNALE":"6874.88","POPOLAZIONE_SEZIONE": "30"}
			},
		 		{ "type" : "Feature",
				"geometry" : {
					"type" : "Point",
					"coordinates" : [7.57487,44.74977]},
			"properties" : { "ANNO":"2010","ID_SEZIONE":"21079","ISTAT_COMUNE_SEZ":"4246","COMUNE_SEZ":"VILLANOVA SOLARO","PROVINCIA":"CN","ID_CENTRALE":"1636","NOME_CENTRALE":"VILLANOVA SOLARO","ISTAT_COMUNE_CENTR":"4246","COMUNE_CENTR":"VILLANOVA SOLARO","PROVINCIA_CENTR":"CN","INDIRIZZO_CENTRALE":"P.ZZA VITT. EMANUELE II 6","LATITUDINE_SEZIONE":"44.74977","LONGITUDINE_SEZIONE":"7.57487","POS_X_SEZIONE":"387189.77773","POS_Y_SEZIONE":"4956141.91054","LATITUDINE_CENTRALE":"44.72923","LONGITUDINE_CENTRALE":"7.57549","POS_X_CENTRALE":"387198.81250","POS_Y_CENTRALE":"4953859.00000","TIPO_ADSL":"ADSL_1","DESCRIZIONE_TIPO_ADSL":"ADSL (8 mega)","DISTANZA_CALCOLATA":"2282.93","CLASSE_DISTANZA":"2100-2499","POTENZA_SEGNALE":"6500.38","POPOLAZIONE_SEZIONE": "25"}
			},
		 		{ "type" : "Feature",
				"geometry" : {
					"type" : "Point",
					"coordinates" : [7.57621,44.73003]},
			"properties" : { "ANNO":"2010","ID_SEZIONE":"24605","ISTAT_COMUNE_SEZ":"4246","COMUNE_SEZ":"VILLANOVA SOLARO","PROVINCIA":"CN","ID_CENTRALE":"1636","NOME_CENTRALE":"VILLANOVA SOLARO","ISTAT_COMUNE_CENTR":"4246","COMUNE_CENTR":"VILLANOVA SOLARO","PROVINCIA_CENTR":"CN","INDIRIZZO_CENTRALE":"P.ZZA VITT. EMANUELE II 6","LATITUDINE_SEZIONE":"44.73003","LONGITUDINE_SEZIONE":"7.57621","POS_X_SEZIONE":"387257.31155","POS_Y_SEZIONE":"4953946.38286","LATITUDINE_CENTRALE":"44.72923","LONGITUDINE_CENTRALE":"7.57549","POS_X_CENTRALE":"387198.81250","POS_Y_CENTRALE":"4953859.00000","TIPO_ADSL":"ADSL_1","DESCRIZIONE_TIPO_ADSL":"ADSL (8 mega)","DISTANZA_CALCOLATA":"105.16","CLASSE_DISTANZA":"100-499","POTENZA_SEGNALE":"7000","POPOLAZIONE_SEZIONE": "181"}
			},
		 		{ "type" : "Feature",
				"geometry" : {
					"type" : "Point",
					"coordinates" : [7.57954,44.75466]},
			"properties" : { "ANNO":"2010","ID_SEZIONE":"28815","ISTAT_COMUNE_SEZ":"4246","COMUNE_SEZ":"VILLANOVA SOLARO","PROVINCIA":"CN","ID_CENTRALE":"1636","NOME_CENTRALE":"VILLANOVA SOLARO","ISTAT_COMUNE_CENTR":"4246","COMUNE_CENTR":"VILLANOVA SOLARO","PROVINCIA_CENTR":"CN","INDIRIZZO_CENTRALE":"P.ZZA VITT. EMANUELE II 6","LATITUDINE_SEZIONE":"44.75466","LONGITUDINE_SEZIONE":"7.57954","POS_X_SEZIONE":"387568.77395","POS_Y_SEZIONE":"4956678.42049","LATITUDINE_CENTRALE":"44.72923","LONGITUDINE_CENTRALE":"7.57549","POS_X_CENTRALE":"387198.81250","POS_Y_CENTRALE":"4953859.00000","TIPO_ADSL":"ADSL_1","DESCRIZIONE_TIPO_ADSL":"ADSL (8 mega)","DISTANZA_CALCOLATA":"2843.59","CLASSE_DISTANZA":"2500-2899","POTENZA_SEGNALE":"5749.63","POPOLAZIONE_SEZIONE": "13"}
			},
		 		{ "type" : "Feature",
				"geometry" : {
					"type" : "Point",
					"coordinates" : [7.56728,44.72497]},
			"properties" : { "ANNO":"2010","ID_SEZIONE":"30014","ISTAT_COMUNE_SEZ":"4246","COMUNE_SEZ":"VILLANOVA SOLARO","PROVINCIA":"CN","ID_CENTRALE":"1636","NOME_CENTRALE":"VILLANOVA SOLARO","ISTAT_COMUNE_CENTR":"4246","COMUNE_CENTR":"VILLANOVA SOLARO","PROVINCIA_CENTR":"CN","INDIRIZZO_CENTRALE":"P.ZZA VITT. EMANUELE II 6","LATITUDINE_SEZIONE":"44.72497","LONGITUDINE_SEZIONE":"7.56728","POS_X_SEZIONE":"386540.29088","POS_Y_SEZIONE":"4953396.87834","LATITUDINE_CENTRALE":"44.72923","LONGITUDINE_CENTRALE":"7.57549","POS_X_CENTRALE":"387198.81250","POS_Y_CENTRALE":"4953859.00000","TIPO_ADSL":"ADSL_1","DESCRIZIONE_TIPO_ADSL":"ADSL (8 mega)","DISTANZA_CALCOLATA":"804.49","CLASSE_DISTANZA":"500-899","POTENZA_SEGNALE":"7000","POPOLAZIONE_SEZIONE": "31"}
			}
		 		]
	}
		