 	{ "type" : "FeatureCollection",
		"features" : [
		 		{ "type" : "Feature",
				"geometry" : {
					"type" : "Point",
					"coordinates" : [8.36185,45.07531]},
			"properties" : { "ANNO":"2010","ID_SEZIONE":"6485","ISTAT_COMUNE_SEZ":"6150","COMUNE_SEZ":"SALA MONFERRATO","PROVINCIA":"AL","ID_CENTRALE":"1246","NOME_CENTRALE":"SALA MONFERRATO","ISTAT_COMUNE_CENTR":"6150","COMUNE_CENTR":"SALA MONFERRATO","PROVINCIA_CENTR":"AL","INDIRIZZO_CENTRALE":"VALLE 1","LATITUDINE_SEZIONE":"45.07531","LONGITUDINE_SEZIONE":"8.36185","POS_X_SEZIONE":"449769.72838","POS_Y_SEZIONE":"4991514.05880","LATITUDINE_CENTRALE":"45.07547","LONGITUDINE_CENTRALE":"8.35969","POS_X_CENTRALE":"449600.22743","POS_Y_CENTRALE":"4991533.17436","TIPO_ADSL":"NO","DESCRIZIONE_TIPO_ADSL":"NO Adsl","DISTANZA_CALCOLATA":"170.58","CLASSE_DISTANZA":"100-499","POTENZA_SEGNALE":"","POPOLAZIONE_SEZIONE": "249"}
			},
		 		{ "type" : "Feature",
				"geometry" : {
					"type" : "Point",
					"coordinates" : [8.36602,45.06992]},
			"properties" : { "ANNO":"2010","ID_SEZIONE":"10259","ISTAT_COMUNE_SEZ":"6150","COMUNE_SEZ":"SALA MONFERRATO","PROVINCIA":"AL","ID_CENTRALE":"1246","NOME_CENTRALE":"SALA MONFERRATO","ISTAT_COMUNE_CENTR":"6150","COMUNE_CENTR":"SALA MONFERRATO","PROVINCIA_CENTR":"AL","INDIRIZZO_CENTRALE":"VALLE 1","LATITUDINE_SEZIONE":"45.06992","LONGITUDINE_SEZIONE":"8.36602","POS_X_SEZIONE":"450093.10246","POS_Y_SEZIONE":"4990913.54219","LATITUDINE_CENTRALE":"45.07547","LONGITUDINE_CENTRALE":"8.35969","POS_X_CENTRALE":"449600.22743","POS_Y_CENTRALE":"4991533.17436","TIPO_ADSL":"NO","DESCRIZIONE_TIPO_ADSL":"NO Adsl","DISTANZA_CALCOLATA":"791.75","CLASSE_DISTANZA":"500-899","POTENZA_SEGNALE":"","POPOLAZIONE_SEZIONE": "25"}
			},
		 		{ "type" : "Feature",
				"geometry" : {
					"type" : "Point",
					"coordinates" : [8.34477,45.07743]},
			"properties" : { "ANNO":"2010","ID_SEZIONE":"14794","ISTAT_COMUNE_SEZ":"6150","COMUNE_SEZ":"SALA MONFERRATO","PROVINCIA":"AL","ID_CENTRALE":"1246","NOME_CENTRALE":"SALA MONFERRATO","ISTAT_COMUNE_CENTR":"6150","COMUNE_CENTR":"SALA MONFERRATO","PROVINCIA_CENTR":"AL","INDIRIZZO_CENTRALE":"VALLE 1","LATITUDINE_SEZIONE":"45.07743","LONGITUDINE_SEZIONE":"8.34477","POS_X_SEZIONE":"448427.12716","POS_Y_SEZIONE":"4991760.56017","LATITUDINE_CENTRALE":"45.07547","LONGITUDINE_CENTRALE":"8.35969","POS_X_CENTRALE":"449600.22743","POS_Y_CENTRALE":"4991533.17436","TIPO_ADSL":"NO","DESCRIZIONE_TIPO_ADSL":"NO Adsl","DISTANZA_CALCOLATA":"1194.93","CLASSE_DISTANZA":"900-1299","POTENZA_SEGNALE":"","POPOLAZIONE_SEZIONE": "24"}
			},
		 		{ "type" : "Feature",
				"geometry" : {
					"type" : "Point",
					"coordinates" : [8.35688,45.07757]},
			"properties" : { "ANNO":"2010","ID_SEZIONE":"32360","ISTAT_COMUNE_SEZ":"6150","COMUNE_SEZ":"SALA MONFERRATO","PROVINCIA":"AL","ID_CENTRALE":"1246","NOME_CENTRALE":"SALA MONFERRATO","ISTAT_COMUNE_CENTR":"6150","COMUNE_CENTR":"SALA MONFERRATO","PROVINCIA_CENTR":"AL","INDIRIZZO_CENTRALE":"VALLE 1","LATITUDINE_SEZIONE":"45.07757","LONGITUDINE_SEZIONE":"8.35688","POS_X_SEZIONE":"449381.07071","POS_Y_SEZIONE":"4991769.06449","LATITUDINE_CENTRALE":"45.07547","LONGITUDINE_CENTRALE":"8.35969","POS_X_CENTRALE":"449600.22743","POS_Y_CENTRALE":"4991533.17436","TIPO_ADSL":"NO","DESCRIZIONE_TIPO_ADSL":"NO Adsl","DISTANZA_CALCOLATA":"321.98","CLASSE_DISTANZA":"100-499","POTENZA_SEGNALE":"","POPOLAZIONE_SEZIONE": "165"}
			},
		 		{ "type" : "Feature",
				"geometry" : {
					"type" : "Point",
					"coordinates" : [8.34892,45.08488]},
			"properties" : { "ANNO":"2010","ID_SEZIONE":"32701","ISTAT_COMUNE_SEZ":"6150","COMUNE_SEZ":"SALA MONFERRATO","PROVINCIA":"AL","ID_CENTRALE":"1246","NOME_CENTRALE":"SALA MONFERRATO","ISTAT_COMUNE_CENTR":"6150","COMUNE_CENTR":"SALA MONFERRATO","PROVINCIA_CENTR":"AL","INDIRIZZO_CENTRALE":"VALLE 1","LATITUDINE_SEZIONE":"45.08488","LONGITUDINE_SEZIONE":"8.34892","POS_X_SEZIONE":"448760.91583","POS_Y_SEZIONE":"4992586.08645","LATITUDINE_CENTRALE":"45.07547","LONGITUDINE_CENTRALE":"8.35969","POS_X_CENTRALE":"449600.22743","POS_Y_CENTRALE":"4991533.17436","TIPO_ADSL":"NO","DESCRIZIONE_TIPO_ADSL":"NO Adsl","DISTANZA_CALCOLATA":"1346.5","CLASSE_DISTANZA":"1300-1699","POTENZA_SEGNALE":"","POPOLAZIONE_SEZIONE": "12"}
			}
		 		]
	}
		