 	{ "type" : "FeatureCollection",
		"features" : [
		 		{ "type" : "Feature",
				"geometry" : {
					"type" : "Point",
					"coordinates" : [7.92215,45.37014]},
			"properties" : { "ANNO":"2010","ID_SEZIONE":"1703","ISTAT_COMUNE_SEZ":"1269","COMUNE_SEZ":"STRAMBINO","PROVINCIA":"TO","ID_CENTRALE":"1365","NOME_CENTRALE":"STRAMBINO","ISTAT_COMUNE_CENTR":"1269","COMUNE_CENTR":"STRAMBINO","PROVINCIA_CENTR":"TO","INDIRIZZO_CENTRALE":"CONTI SAN MARTINO","LATITUDINE_SEZIONE":"45.37014","LONGITUDINE_SEZIONE":"7.92215","POS_X_SEZIONE":"415597.98204","POS_Y_SEZIONE":"5024634.54830","LATITUDINE_CENTRALE":"45.38454","LONGITUDINE_CENTRALE":"7.88092","POS_X_CENTRALE":"412391.59375","POS_Y_CENTRALE":"5026278.00000","TIPO_ADSL":"ADSL_2P","DESCRIZIONE_TIPO_ADSL":"ADSL 2+ (24 mega)","DISTANZA_CALCOLATA":"3603.03","CLASSE_DISTANZA":"3300-3699","POTENZA_SEGNALE":"4047.5","POPOLAZIONE_SEZIONE": ""}
			},
		 		{ "type" : "Feature",
				"geometry" : {
					"type" : "Point",
					"coordinates" : [7.87753,45.38340]},
			"properties" : { "ANNO":"2010","ID_SEZIONE":"2974","ISTAT_COMUNE_SEZ":"1269","COMUNE_SEZ":"STRAMBINO","PROVINCIA":"TO","ID_CENTRALE":"1365","NOME_CENTRALE":"STRAMBINO","ISTAT_COMUNE_CENTR":"1269","COMUNE_CENTR":"STRAMBINO","PROVINCIA_CENTR":"TO","INDIRIZZO_CENTRALE":"CONTI SAN MARTINO","LATITUDINE_SEZIONE":"45.38340","LONGITUDINE_SEZIONE":"7.87753","POS_X_SEZIONE":"412123.89666","POS_Y_SEZIONE":"5026155.50574","LATITUDINE_CENTRALE":"45.38454","LONGITUDINE_CENTRALE":"7.88092","POS_X_CENTRALE":"412391.59375","POS_Y_CENTRALE":"5026278.00000","TIPO_ADSL":"ADSL_2P","DESCRIZIONE_TIPO_ADSL":"ADSL 2+ (24 mega)","DISTANZA_CALCOLATA":"294.39","CLASSE_DISTANZA":"100-499","POTENZA_SEGNALE":"19761.67","POPOLAZIONE_SEZIONE": "708"}
			},
		 		{ "type" : "Feature",
				"geometry" : {
					"type" : "Point",
					"coordinates" : [7.84680,45.37472]},
			"properties" : { "ANNO":"2010","ID_SEZIONE":"6184","ISTAT_COMUNE_SEZ":"1261","COMUNE_SEZ":"SCARMAGNO","PROVINCIA":"TO","ID_CENTRALE":"1365","NOME_CENTRALE":"STRAMBINO","ISTAT_COMUNE_CENTR":"1269","COMUNE_CENTR":"STRAMBINO","PROVINCIA_CENTR":"TO","INDIRIZZO_CENTRALE":"CONTI SAN MARTINO","LATITUDINE_SEZIONE":"45.37472","LONGITUDINE_SEZIONE":"7.84680","POS_X_SEZIONE":"409704.62549","POS_Y_SEZIONE":"5025224.96315","LATITUDINE_CENTRALE":"45.38454","LONGITUDINE_CENTRALE":"7.88092","POS_X_CENTRALE":"412391.59375","POS_Y_CENTRALE":"5026278.00000","TIPO_ADSL":"ADSL_2P","DESCRIZIONE_TIPO_ADSL":"ADSL 2+ (24 mega)","DISTANZA_CALCOLATA":"2885.95","CLASSE_DISTANZA":"2500-2899","POTENZA_SEGNALE":"7380.83","POPOLAZIONE_SEZIONE": "25"}
			},
		 		{ "type" : "Feature",
				"geometry" : {
					"type" : "Point",
					"coordinates" : [7.91711,45.35963]},
			"properties" : { "ANNO":"2010","ID_SEZIONE":"6187","ISTAT_COMUNE_SEZ":"1269","COMUNE_SEZ":"STRAMBINO","PROVINCIA":"TO","ID_CENTRALE":"1365","NOME_CENTRALE":"STRAMBINO","ISTAT_COMUNE_CENTR":"1269","COMUNE_CENTR":"STRAMBINO","PROVINCIA_CENTR":"TO","INDIRIZZO_CENTRALE":"CONTI SAN MARTINO","LATITUDINE_SEZIONE":"45.35963","LONGITUDINE_SEZIONE":"7.91711","POS_X_SEZIONE":"415187.21468","POS_Y_SEZIONE":"5023472.53409","LATITUDINE_CENTRALE":"45.38454","LONGITUDINE_CENTRALE":"7.88092","POS_X_CENTRALE":"412391.59375","POS_Y_CENTRALE":"5026278.00000","TIPO_ADSL":"ADSL_2P","DESCRIZIONE_TIPO_ADSL":"ADSL 2+ (24 mega)","DISTANZA_CALCOLATA":"3960.57","CLASSE_DISTANZA":"3700-4099","POTENZA_SEGNALE":"2857.5","POPOLAZIONE_SEZIONE": ""}
			},
		 		{ "type" : "Feature",
				"geometry" : {
					"type" : "Point",
					"coordinates" : [7.87608,45.39560]},
			"properties" : { "ANNO":"2010","ID_SEZIONE":"6731","ISTAT_COMUNE_SEZ":"1223","COMUNE_SEZ":"ROMANO CANAVESE","PROVINCIA":"TO","ID_CENTRALE":"1365","NOME_CENTRALE":"STRAMBINO","ISTAT_COMUNE_CENTR":"1269","COMUNE_CENTR":"STRAMBINO","PROVINCIA_CENTR":"TO","INDIRIZZO_CENTRALE":"CONTI SAN MARTINO","LATITUDINE_SEZIONE":"45.39560","LONGITUDINE_SEZIONE":"7.87608","POS_X_SEZIONE":"412029.79874","POS_Y_SEZIONE":"5027512.01339","LATITUDINE_CENTRALE":"45.38454","LONGITUDINE_CENTRALE":"7.88092","POS_X_CENTRALE":"412391.59375","POS_Y_CENTRALE":"5026278.00000","TIPO_ADSL":"ADSL_2P","DESCRIZIONE_TIPO_ADSL":"ADSL 2+ (24 mega)","DISTANZA_CALCOLATA":"1285.96","CLASSE_DISTANZA":"900-1299","POTENZA_SEGNALE":"17737.5","POPOLAZIONE_SEZIONE": ""}
			},
		 		{ "type" : "Feature",
				"geometry" : {
					"type" : "Point",
					"coordinates" : [7.89114,45.38248]},
			"properties" : { "ANNO":"2010","ID_SEZIONE":"7889","ISTAT_COMUNE_SEZ":"1269","COMUNE_SEZ":"STRAMBINO","PROVINCIA":"TO","ID_CENTRALE":"1365","NOME_CENTRALE":"STRAMBINO","ISTAT_COMUNE_CENTR":"1269","COMUNE_CENTR":"STRAMBINO","PROVINCIA_CENTR":"TO","INDIRIZZO_CENTRALE":"CONTI SAN MARTINO","LATITUDINE_SEZIONE":"45.38248","LONGITUDINE_SEZIONE":"7.89114","POS_X_SEZIONE":"413188.16290","POS_Y_SEZIONE":"5026038.02120","LATITUDINE_CENTRALE":"45.38454","LONGITUDINE_CENTRALE":"7.88092","POS_X_CENTRALE":"412391.59375","POS_Y_CENTRALE":"5026278.00000","TIPO_ADSL":"ADSL_2P","DESCRIZIONE_TIPO_ADSL":"ADSL 2+ (24 mega)","DISTANZA_CALCOLATA":"831.93","CLASSE_DISTANZA":"500-899","POTENZA_SEGNALE":"19523.33","POPOLAZIONE_SEZIONE": "543"}
			},
		 		{ "type" : "Feature",
				"geometry" : {
					"type" : "Point",
					"coordinates" : [7.89894,45.38929]},
			"properties" : { "ANNO":"2010","ID_SEZIONE":"8663","ISTAT_COMUNE_SEZ":"1269","COMUNE_SEZ":"STRAMBINO","PROVINCIA":"TO","ID_CENTRALE":"1365","NOME_CENTRALE":"STRAMBINO","ISTAT_COMUNE_CENTR":"1269","COMUNE_CENTR":"STRAMBINO","PROVINCIA_CENTR":"TO","INDIRIZZO_CENTRALE":"CONTI SAN MARTINO","LATITUDINE_SEZIONE":"45.38929","LONGITUDINE_SEZIONE":"7.89894","POS_X_SEZIONE":"413809.04482","POS_Y_SEZIONE":"5026786.53550","LATITUDINE_CENTRALE":"45.38454","LONGITUDINE_CENTRALE":"7.88092","POS_X_CENTRALE":"412391.59375","POS_Y_CENTRALE":"5026278.00000","TIPO_ADSL":"ADSL_2P","DESCRIZIONE_TIPO_ADSL":"ADSL 2+ (24 mega)","DISTANZA_CALCOLATA":"1505.91","CLASSE_DISTANZA":"1300-1699","POTENZA_SEGNALE":"16071.67","POPOLAZIONE_SEZIONE": "297"}
			},
		 		{ "type" : "Feature",
				"geometry" : {
					"type" : "Point",
					"coordinates" : [7.87218,45.38538]},
			"properties" : { "ANNO":"2010","ID_SEZIONE":"9056","ISTAT_COMUNE_SEZ":"1223","COMUNE_SEZ":"ROMANO CANAVESE","PROVINCIA":"TO","ID_CENTRALE":"1365","NOME_CENTRALE":"STRAMBINO","ISTAT_COMUNE_CENTR":"1269","COMUNE_CENTR":"STRAMBINO","PROVINCIA_CENTR":"TO","INDIRIZZO_CENTRALE":"CONTI SAN MARTINO","LATITUDINE_SEZIONE":"45.38538","LONGITUDINE_SEZIONE":"7.87218","POS_X_SEZIONE":"411708.40610","POS_Y_SEZIONE":"5026381.50100","LATITUDINE_CENTRALE":"45.38454","LONGITUDINE_CENTRALE":"7.88092","POS_X_CENTRALE":"412391.59375","POS_Y_CENTRALE":"5026278.00000","TIPO_ADSL":"ADSL_2P","DESCRIZIONE_TIPO_ADSL":"ADSL 2+ (24 mega)","DISTANZA_CALCOLATA":"690.98","CLASSE_DISTANZA":"500-899","POTENZA_SEGNALE":"19523.33","POPOLAZIONE_SEZIONE": "459"}
			},
		 		{ "type" : "Feature",
				"geometry" : {
					"type" : "Point",
					"coordinates" : [7.86645,45.39093]},
			"properties" : { "ANNO":"2010","ID_SEZIONE":"9727","ISTAT_COMUNE_SEZ":"1223","COMUNE_SEZ":"ROMANO CANAVESE","PROVINCIA":"TO","ID_CENTRALE":"1365","NOME_CENTRALE":"STRAMBINO","ISTAT_COMUNE_CENTR":"1269","COMUNE_CENTR":"STRAMBINO","PROVINCIA_CENTR":"TO","INDIRIZZO_CENTRALE":"CONTI SAN MARTINO","LATITUDINE_SEZIONE":"45.39093","LONGITUDINE_SEZIONE":"7.86645","POS_X_SEZIONE":"411268.70408","POS_Y_SEZIONE":"5027003.99829","LATITUDINE_CENTRALE":"45.38454","LONGITUDINE_CENTRALE":"7.88092","POS_X_CENTRALE":"412391.59375","POS_Y_CENTRALE":"5026278.00000","TIPO_ADSL":"ADSL_2P","DESCRIZIONE_TIPO_ADSL":"ADSL 2+ (24 mega)","DISTANZA_CALCOLATA":"1337.14","CLASSE_DISTANZA":"1300-1699","POTENZA_SEGNALE":"16071.67","POPOLAZIONE_SEZIONE": "429"}
			},
		 		{ "type" : "Feature",
				"geometry" : {
					"type" : "Point",
					"coordinates" : [7.89460,45.40702]},
			"properties" : { "ANNO":"2010","ID_SEZIONE":"10348","ISTAT_COMUNE_SEZ":"1269","COMUNE_SEZ":"STRAMBINO","PROVINCIA":"TO","ID_CENTRALE":"1365","NOME_CENTRALE":"STRAMBINO","ISTAT_COMUNE_CENTR":"1269","COMUNE_CENTR":"STRAMBINO","PROVINCIA_CENTR":"TO","INDIRIZZO_CENTRALE":"CONTI SAN MARTINO","LATITUDINE_SEZIONE":"45.40702","LONGITUDINE_SEZIONE":"7.89460","POS_X_SEZIONE":"413496.58607","POS_Y_SEZIONE":"5028761.04405","LATITUDINE_CENTRALE":"45.38454","LONGITUDINE_CENTRALE":"7.88092","POS_X_CENTRALE":"412391.59375","POS_Y_CENTRALE":"5026278.00000","TIPO_ADSL":"ADSL_2P","DESCRIZIONE_TIPO_ADSL":"ADSL 2+ (24 mega)","DISTANZA_CALCOLATA":"2717.81","CLASSE_DISTANZA":"2500-2899","POTENZA_SEGNALE":"7380.83","POPOLAZIONE_SEZIONE": "13"}
			},
		 		{ "type" : "Feature",
				"geometry" : {
					"type" : "Point",
					"coordinates" : [7.88936,45.38012]},
			"properties" : { "ANNO":"2010","ID_SEZIONE":"11537","ISTAT_COMUNE_SEZ":"1269","COMUNE_SEZ":"STRAMBINO","PROVINCIA":"TO","ID_CENTRALE":"1365","NOME_CENTRALE":"STRAMBINO","ISTAT_COMUNE_CENTR":"1269","COMUNE_CENTR":"STRAMBINO","PROVINCIA_CENTR":"TO","INDIRIZZO_CENTRALE":"CONTI SAN MARTINO","LATITUDINE_SEZIONE":"45.38012","LONGITUDINE_SEZIONE":"7.88936","POS_X_SEZIONE":"413045.50332","POS_Y_SEZIONE":"5025778.51707","LATITUDINE_CENTRALE":"45.38454","LONGITUDINE_CENTRALE":"7.88092","POS_X_CENTRALE":"412391.59375","POS_Y_CENTRALE":"5026278.00000","TIPO_ADSL":"ADSL_2P","DESCRIZIONE_TIPO_ADSL":"ADSL 2+ (24 mega)","DISTANZA_CALCOLATA":"822.85","CLASSE_DISTANZA":"500-899","POTENZA_SEGNALE":"19523.33","POPOLAZIONE_SEZIONE": "535"}
			},
		 		{ "type" : "Feature",
				"geometry" : {
					"type" : "Point",
					"coordinates" : [7.89264,45.37218]},
			"properties" : { "ANNO":"2010","ID_SEZIONE":"14828","ISTAT_COMUNE_SEZ":"1269","COMUNE_SEZ":"STRAMBINO","PROVINCIA":"TO","ID_CENTRALE":"1365","NOME_CENTRALE":"STRAMBINO","ISTAT_COMUNE_CENTR":"1269","COMUNE_CENTR":"STRAMBINO","PROVINCIA_CENTR":"TO","INDIRIZZO_CENTRALE":"CONTI SAN MARTINO","LATITUDINE_SEZIONE":"45.37218","LONGITUDINE_SEZIONE":"7.89264","POS_X_SEZIONE":"413290.10825","POS_Y_SEZIONE":"5024893.01512","LATITUDINE_CENTRALE":"45.38454","LONGITUDINE_CENTRALE":"7.88092","POS_X_CENTRALE":"412391.59375","POS_Y_CENTRALE":"5026278.00000","TIPO_ADSL":"ADSL_2P","DESCRIZIONE_TIPO_ADSL":"ADSL 2+ (24 mega)","DISTANZA_CALCOLATA":"1650.91","CLASSE_DISTANZA":"1300-1699","POTENZA_SEGNALE":"16071.67","POPOLAZIONE_SEZIONE": "9"}
			},
		 		{ "type" : "Feature",
				"geometry" : {
					"type" : "Point",
					"coordinates" : [7.91327,45.39695]},
			"properties" : { "ANNO":"2010","ID_SEZIONE":"17320","ISTAT_COMUNE_SEZ":"1269","COMUNE_SEZ":"STRAMBINO","PROVINCIA":"TO","ID_CENTRALE":"1365","NOME_CENTRALE":"STRAMBINO","ISTAT_COMUNE_CENTR":"1269","COMUNE_CENTR":"STRAMBINO","PROVINCIA_CENTR":"TO","INDIRIZZO_CENTRALE":"CONTI SAN MARTINO","LATITUDINE_SEZIONE":"45.39695","LONGITUDINE_SEZIONE":"7.91327","POS_X_SEZIONE":"414942.51606","POS_Y_SEZIONE":"5027622.05806","LATITUDINE_CENTRALE":"45.38454","LONGITUDINE_CENTRALE":"7.88092","POS_X_CENTRALE":"412391.59375","POS_Y_CENTRALE":"5026278.00000","TIPO_ADSL":"ADSL_2P","DESCRIZIONE_TIPO_ADSL":"ADSL 2+ (24 mega)","DISTANZA_CALCOLATA":"2883.35","CLASSE_DISTANZA":"2500-2899","POTENZA_SEGNALE":"7380.83","POPOLAZIONE_SEZIONE": "6"}
			},
		 		{ "type" : "Feature",
				"geometry" : {
					"type" : "Point",
					"coordinates" : [7.90292,45.34941]},
			"properties" : { "ANNO":"2010","ID_SEZIONE":"17782","ISTAT_COMUNE_SEZ":"1269","COMUNE_SEZ":"STRAMBINO","PROVINCIA":"TO","ID_CENTRALE":"1365","NOME_CENTRALE":"STRAMBINO","ISTAT_COMUNE_CENTR":"1269","COMUNE_CENTR":"STRAMBINO","PROVINCIA_CENTR":"TO","INDIRIZZO_CENTRALE":"CONTI SAN MARTINO","LATITUDINE_SEZIONE":"45.34941","LONGITUDINE_SEZIONE":"7.90292","POS_X_SEZIONE":"414060.70665","POS_Y_SEZIONE":"5022351.50958","LATITUDINE_CENTRALE":"45.38454","LONGITUDINE_CENTRALE":"7.88092","POS_X_CENTRALE":"412391.59375","POS_Y_CENTRALE":"5026278.00000","TIPO_ADSL":"ADSL_2P","DESCRIZIONE_TIPO_ADSL":"ADSL 2+ (24 mega)","DISTANZA_CALCOLATA":"4266.53","CLASSE_DISTANZA":"4100-4499","POTENZA_SEGNALE":"2024.17","POPOLAZIONE_SEZIONE": "3"}
			},
		 		{ "type" : "Feature",
				"geometry" : {
					"type" : "Point",
					"coordinates" : [7.84671,45.35601]},
			"properties" : { "ANNO":"2010","ID_SEZIONE":"18211","ISTAT_COMUNE_SEZ":"1150","COMUNE_SEZ":"MERCENASCO","PROVINCIA":"TO","ID_CENTRALE":"1365","NOME_CENTRALE":"STRAMBINO","ISTAT_COMUNE_CENTR":"1269","COMUNE_CENTR":"STRAMBINO","PROVINCIA_CENTR":"TO","INDIRIZZO_CENTRALE":"CONTI SAN MARTINO","LATITUDINE_SEZIONE":"45.35601","LONGITUDINE_SEZIONE":"7.84671","POS_X_SEZIONE":"409667.67957","POS_Y_SEZIONE":"5023146.44897","LATITUDINE_CENTRALE":"45.38454","LONGITUDINE_CENTRALE":"7.88092","POS_X_CENTRALE":"412391.59375","POS_Y_CENTRALE":"5026278.00000","TIPO_ADSL":"ADSL_2P","DESCRIZIONE_TIPO_ADSL":"ADSL 2+ (24 mega)","DISTANZA_CALCOLATA":"4150.46","CLASSE_DISTANZA":"4100-4499","POTENZA_SEGNALE":"2024.17","POPOLAZIONE_SEZIONE": "22"}
			},
		 		{ "type" : "Feature",
				"geometry" : {
					"type" : "Point",
					"coordinates" : [7.88246,45.41894]},
			"properties" : { "ANNO":"2010","ID_SEZIONE":"18606","ISTAT_COMUNE_SEZ":"1223","COMUNE_SEZ":"ROMANO CANAVESE","PROVINCIA":"TO","ID_CENTRALE":"1365","NOME_CENTRALE":"STRAMBINO","ISTAT_COMUNE_CENTR":"1269","COMUNE_CENTR":"STRAMBINO","PROVINCIA_CENTR":"TO","INDIRIZZO_CENTRALE":"CONTI SAN MARTINO","LATITUDINE_SEZIONE":"45.41894","LONGITUDINE_SEZIONE":"7.88246","POS_X_SEZIONE":"412565.27906","POS_Y_SEZIONE":"5030098.03835","LATITUDINE_CENTRALE":"45.38454","LONGITUDINE_CENTRALE":"7.88092","POS_X_CENTRALE":"412391.59375","POS_Y_CENTRALE":"5026278.00000","TIPO_ADSL":"ADSL_2P","DESCRIZIONE_TIPO_ADSL":"ADSL 2+ (24 mega)","DISTANZA_CALCOLATA":"3823.98","CLASSE_DISTANZA":"3700-4099","POTENZA_SEGNALE":"2857.5","POPOLAZIONE_SEZIONE": "8"}
			},
		 		{ "type" : "Feature",
				"geometry" : {
					"type" : "Point",
					"coordinates" : [7.88308,45.38529]},
			"properties" : { "ANNO":"2010","ID_SEZIONE":"18608","ISTAT_COMUNE_SEZ":"1269","COMUNE_SEZ":"STRAMBINO","PROVINCIA":"TO","ID_CENTRALE":"1365","NOME_CENTRALE":"STRAMBINO","ISTAT_COMUNE_CENTR":"1269","COMUNE_CENTR":"STRAMBINO","PROVINCIA_CENTR":"TO","INDIRIZZO_CENTRALE":"CONTI SAN MARTINO","LATITUDINE_SEZIONE":"45.38529","LONGITUDINE_SEZIONE":"7.88308","POS_X_SEZIONE":"412561.67612","POS_Y_SEZIONE":"5026359.01345","LATITUDINE_CENTRALE":"45.38454","LONGITUDINE_CENTRALE":"7.88092","POS_X_CENTRALE":"412391.59375","POS_Y_CENTRALE":"5026278.00000","TIPO_ADSL":"ADSL_2P","DESCRIZIONE_TIPO_ADSL":"ADSL 2+ (24 mega)","DISTANZA_CALCOLATA":"188.39","CLASSE_DISTANZA":"100-499","POTENZA_SEGNALE":"19761.67","POPOLAZIONE_SEZIONE": "676"}
			},
		 		{ "type" : "Feature",
				"geometry" : {
					"type" : "Point",
					"coordinates" : [7.86926,45.40054]},
			"properties" : { "ANNO":"2010","ID_SEZIONE":"22956","ISTAT_COMUNE_SEZ":"1223","COMUNE_SEZ":"ROMANO CANAVESE","PROVINCIA":"TO","ID_CENTRALE":"1365","NOME_CENTRALE":"STRAMBINO","ISTAT_COMUNE_CENTR":"1269","COMUNE_CENTR":"STRAMBINO","PROVINCIA_CENTR":"TO","INDIRIZZO_CENTRALE":"CONTI SAN MARTINO","LATITUDINE_SEZIONE":"45.40054","LONGITUDINE_SEZIONE":"7.86926","POS_X_SEZIONE":"411503.62812","POS_Y_SEZIONE":"5028069.00897","LATITUDINE_CENTRALE":"45.38454","LONGITUDINE_CENTRALE":"7.88092","POS_X_CENTRALE":"412391.59375","POS_Y_CENTRALE":"5026278.00000","TIPO_ADSL":"ADSL_2P","DESCRIZIONE_TIPO_ADSL":"ADSL 2+ (24 mega)","DISTANZA_CALCOLATA":"1999.05","CLASSE_DISTANZA":"1700-2099","POTENZA_SEGNALE":"12975.83","POPOLAZIONE_SEZIONE": "576"}
			},
		 		{ "type" : "Feature",
				"geometry" : {
					"type" : "Point",
					"coordinates" : [7.88956,45.41914]},
			"properties" : { "ANNO":"2010","ID_SEZIONE":"23009","ISTAT_COMUNE_SEZ":"1223","COMUNE_SEZ":"ROMANO CANAVESE","PROVINCIA":"TO","ID_CENTRALE":"1365","NOME_CENTRALE":"STRAMBINO","ISTAT_COMUNE_CENTR":"1269","COMUNE_CENTR":"STRAMBINO","PROVINCIA_CENTR":"TO","INDIRIZZO_CENTRALE":"CONTI SAN MARTINO","LATITUDINE_SEZIONE":"45.41914","LONGITUDINE_SEZIONE":"7.88956","POS_X_SEZIONE":"413121.17897","POS_Y_SEZIONE":"5030112.54690","LATITUDINE_CENTRALE":"45.38454","LONGITUDINE_CENTRALE":"7.88092","POS_X_CENTRALE":"412391.59375","POS_Y_CENTRALE":"5026278.00000","TIPO_ADSL":"ADSL_2P","DESCRIZIONE_TIPO_ADSL":"ADSL 2+ (24 mega)","DISTANZA_CALCOLATA":"3903.34","CLASSE_DISTANZA":"3700-4099","POTENZA_SEGNALE":"2857.5","POPOLAZIONE_SEZIONE": ""}
			},
		 		{ "type" : "Feature",
				"geometry" : {
					"type" : "Point",
					"coordinates" : [7.87566,45.40284]},
			"properties" : { "ANNO":"2010","ID_SEZIONE":"23012","ISTAT_COMUNE_SEZ":"1223","COMUNE_SEZ":"ROMANO CANAVESE","PROVINCIA":"TO","ID_CENTRALE":"1365","NOME_CENTRALE":"STRAMBINO","ISTAT_COMUNE_CENTR":"1269","COMUNE_CENTR":"STRAMBINO","PROVINCIA_CENTR":"TO","INDIRIZZO_CENTRALE":"CONTI SAN MARTINO","LATITUDINE_SEZIONE":"45.40284","LONGITUDINE_SEZIONE":"7.87566","POS_X_SEZIONE":"412008.31471","POS_Y_SEZIONE":"5028317.01819","LATITUDINE_CENTRALE":"45.38454","LONGITUDINE_CENTRALE":"7.88092","POS_X_CENTRALE":"412391.59375","POS_Y_CENTRALE":"5026278.00000","TIPO_ADSL":"ADSL_2P","DESCRIZIONE_TIPO_ADSL":"ADSL 2+ (24 mega)","DISTANZA_CALCOLATA":"2074.73","CLASSE_DISTANZA":"1700-2099","POTENZA_SEGNALE":"12975.83","POPOLAZIONE_SEZIONE": "141"}
			},
		 		{ "type" : "Feature",
				"geometry" : {
					"type" : "Point",
					"coordinates" : [7.89688,45.39375]},
			"properties" : { "ANNO":"2010","ID_SEZIONE":"23402","ISTAT_COMUNE_SEZ":"1269","COMUNE_SEZ":"STRAMBINO","PROVINCIA":"TO","ID_CENTRALE":"1365","NOME_CENTRALE":"STRAMBINO","ISTAT_COMUNE_CENTR":"1269","COMUNE_CENTR":"STRAMBINO","PROVINCIA_CENTR":"TO","INDIRIZZO_CENTRALE":"CONTI SAN MARTINO","LATITUDINE_SEZIONE":"45.39375","LONGITUDINE_SEZIONE":"7.89688","POS_X_SEZIONE":"413654.46178","POS_Y_SEZIONE":"5027284.53640","LATITUDINE_CENTRALE":"45.38454","LONGITUDINE_CENTRALE":"7.88092","POS_X_CENTRALE":"412391.59375","POS_Y_CENTRALE":"5026278.00000","TIPO_ADSL":"ADSL_2P","DESCRIZIONE_TIPO_ADSL":"ADSL 2+ (24 mega)","DISTANZA_CALCOLATA":"1614.92","CLASSE_DISTANZA":"1300-1699","POTENZA_SEGNALE":"16071.67","POPOLAZIONE_SEZIONE": "31"}
			},
		 		{ "type" : "Feature",
				"geometry" : {
					"type" : "Point",
					"coordinates" : [7.88097,45.37886]},
			"properties" : { "ANNO":"2010","ID_SEZIONE":"25316","ISTAT_COMUNE_SEZ":"1269","COMUNE_SEZ":"STRAMBINO","PROVINCIA":"TO","ID_CENTRALE":"1365","NOME_CENTRALE":"STRAMBINO","ISTAT_COMUNE_CENTR":"1269","COMUNE_CENTR":"STRAMBINO","PROVINCIA_CENTR":"TO","INDIRIZZO_CENTRALE":"CONTI SAN MARTINO","LATITUDINE_SEZIONE":"45.37886","LONGITUDINE_SEZIONE":"7.88097","POS_X_SEZIONE":"412386.25877","POS_Y_SEZIONE":"5025647.00628","LATITUDINE_CENTRALE":"45.38454","LONGITUDINE_CENTRALE":"7.88092","POS_X_CENTRALE":"412391.59375","POS_Y_CENTRALE":"5026278.00000","TIPO_ADSL":"ADSL_2P","DESCRIZIONE_TIPO_ADSL":"ADSL 2+ (24 mega)","DISTANZA_CALCOLATA":"631.02","CLASSE_DISTANZA":"500-899","POTENZA_SEGNALE":"19523.33","POPOLAZIONE_SEZIONE": "696"}
			},
		 		{ "type" : "Feature",
				"geometry" : {
					"type" : "Point",
					"coordinates" : [7.90788,45.38199]},
			"properties" : { "ANNO":"2010","ID_SEZIONE":"25543","ISTAT_COMUNE_SEZ":"1269","COMUNE_SEZ":"STRAMBINO","PROVINCIA":"TO","ID_CENTRALE":"1365","NOME_CENTRALE":"STRAMBINO","ISTAT_COMUNE_CENTR":"1269","COMUNE_CENTR":"STRAMBINO","PROVINCIA_CENTR":"TO","INDIRIZZO_CENTRALE":"CONTI SAN MARTINO","LATITUDINE_SEZIONE":"45.38199","LONGITUDINE_SEZIONE":"7.90788","POS_X_SEZIONE":"414497.95772","POS_Y_SEZIONE":"5025965.54043","LATITUDINE_CENTRALE":"45.38454","LONGITUDINE_CENTRALE":"7.88092","POS_X_CENTRALE":"412391.59375","POS_Y_CENTRALE":"5026278.00000","TIPO_ADSL":"ADSL_2P","DESCRIZIONE_TIPO_ADSL":"ADSL 2+ (24 mega)","DISTANZA_CALCOLATA":"2129.41","CLASSE_DISTANZA":"2100-2499","POTENZA_SEGNALE":"10000","POPOLAZIONE_SEZIONE": "16"}
			},
		 		{ "type" : "Feature",
				"geometry" : {
					"type" : "Point",
					"coordinates" : [7.88305,45.38226]},
			"properties" : { "ANNO":"2010","ID_SEZIONE":"26480","ISTAT_COMUNE_SEZ":"1269","COMUNE_SEZ":"STRAMBINO","PROVINCIA":"TO","ID_CENTRALE":"1365","NOME_CENTRALE":"STRAMBINO","ISTAT_COMUNE_CENTR":"1269","COMUNE_CENTR":"STRAMBINO","PROVINCIA_CENTR":"TO","INDIRIZZO_CENTRALE":"CONTI SAN MARTINO","LATITUDINE_SEZIONE":"45.38226","LONGITUDINE_SEZIONE":"7.88305","POS_X_SEZIONE":"412554.26389","POS_Y_SEZIONE":"5026023.01140","LATITUDINE_CENTRALE":"45.38454","LONGITUDINE_CENTRALE":"7.88092","POS_X_CENTRALE":"412391.59375","POS_Y_CENTRALE":"5026278.00000","TIPO_ADSL":"ADSL_2P","DESCRIZIONE_TIPO_ADSL":"ADSL 2+ (24 mega)","DISTANZA_CALCOLATA":"302.46","CLASSE_DISTANZA":"100-499","POTENZA_SEGNALE":"19761.67","POPOLAZIONE_SEZIONE": "685"}
			},
		 		{ "type" : "Feature",
				"geometry" : {
					"type" : "Point",
					"coordinates" : [7.86272,45.38640]},
			"properties" : { "ANNO":"2010","ID_SEZIONE":"26866","ISTAT_COMUNE_SEZ":"1223","COMUNE_SEZ":"ROMANO CANAVESE","PROVINCIA":"TO","ID_CENTRALE":"1365","NOME_CENTRALE":"STRAMBINO","ISTAT_COMUNE_CENTR":"1269","COMUNE_CENTR":"STRAMBINO","PROVINCIA_CENTR":"TO","INDIRIZZO_CENTRALE":"CONTI SAN MARTINO","LATITUDINE_SEZIONE":"45.38640","LONGITUDINE_SEZIONE":"7.86272","POS_X_SEZIONE":"410969.60392","POS_Y_SEZIONE":"5026505.49051","LATITUDINE_CENTRALE":"45.38454","LONGITUDINE_CENTRALE":"7.88092","POS_X_CENTRALE":"412391.59375","POS_Y_CENTRALE":"5026278.00000","TIPO_ADSL":"ADSL_2P","DESCRIZIONE_TIPO_ADSL":"ADSL 2+ (24 mega)","DISTANZA_CALCOLATA":"1440.07","CLASSE_DISTANZA":"1300-1699","POTENZA_SEGNALE":"16071.67","POPOLAZIONE_SEZIONE": "368"}
			},
		 		{ "type" : "Feature",
				"geometry" : {
					"type" : "Point",
					"coordinates" : [7.86440,45.40144]},
			"properties" : { "ANNO":"2010","ID_SEZIONE":"27198","ISTAT_COMUNE_SEZ":"1223","COMUNE_SEZ":"ROMANO CANAVESE","PROVINCIA":"TO","ID_CENTRALE":"1365","NOME_CENTRALE":"STRAMBINO","ISTAT_COMUNE_CENTR":"1269","COMUNE_CENTR":"STRAMBINO","PROVINCIA_CENTR":"TO","INDIRIZZO_CENTRALE":"CONTI SAN MARTINO","LATITUDINE_SEZIONE":"45.40144","LONGITUDINE_SEZIONE":"7.86440","POS_X_SEZIONE":"411124.44757","POS_Y_SEZIONE":"5028174.50350","LATITUDINE_CENTRALE":"45.38454","LONGITUDINE_CENTRALE":"7.88092","POS_X_CENTRALE":"412391.59375","POS_Y_CENTRALE":"5026278.00000","TIPO_ADSL":"ADSL_2P","DESCRIZIONE_TIPO_ADSL":"ADSL 2+ (24 mega)","DISTANZA_CALCOLATA":"2280.87","CLASSE_DISTANZA":"2100-2499","POTENZA_SEGNALE":"10000","POPOLAZIONE_SEZIONE": "293"}
			},
		 		{ "type" : "Feature",
				"geometry" : {
					"type" : "Point",
					"coordinates" : [7.84005,45.36356]},
			"properties" : { "ANNO":"2010","ID_SEZIONE":"27419","ISTAT_COMUNE_SEZ":"1261","COMUNE_SEZ":"SCARMAGNO","PROVINCIA":"TO","ID_CENTRALE":"1365","NOME_CENTRALE":"STRAMBINO","ISTAT_COMUNE_CENTR":"1269","COMUNE_CENTR":"STRAMBINO","PROVINCIA_CENTR":"TO","INDIRIZZO_CENTRALE":"CONTI SAN MARTINO","LATITUDINE_SEZIONE":"45.36356","LONGITUDINE_SEZIONE":"7.84005","POS_X_SEZIONE":"409158.60821","POS_Y_SEZIONE":"5023992.94676","LATITUDINE_CENTRALE":"45.38454","LONGITUDINE_CENTRALE":"7.88092","POS_X_CENTRALE":"412391.59375","POS_Y_CENTRALE":"5026278.00000","TIPO_ADSL":"ADSL_2P","DESCRIZIONE_TIPO_ADSL":"ADSL 2+ (24 mega)","DISTANZA_CALCOLATA":"3959","CLASSE_DISTANZA":"3700-4099","POTENZA_SEGNALE":"2857.5","POPOLAZIONE_SEZIONE": "192"}
			},
		 		{ "type" : "Feature",
				"geometry" : {
					"type" : "Point",
					"coordinates" : [7.86621,45.40910]},
			"properties" : { "ANNO":"2010","ID_SEZIONE":"28088","ISTAT_COMUNE_SEZ":"1223","COMUNE_SEZ":"ROMANO CANAVESE","PROVINCIA":"TO","ID_CENTRALE":"1365","NOME_CENTRALE":"STRAMBINO","ISTAT_COMUNE_CENTR":"1269","COMUNE_CENTR":"STRAMBINO","PROVINCIA_CENTR":"TO","INDIRIZZO_CENTRALE":"CONTI SAN MARTINO","LATITUDINE_SEZIONE":"45.40910","LONGITUDINE_SEZIONE":"7.86621","POS_X_SEZIONE":"411278.36808","POS_Y_SEZIONE":"5029023.51163","LATITUDINE_CENTRALE":"45.38454","LONGITUDINE_CENTRALE":"7.88092","POS_X_CENTRALE":"412391.59375","POS_Y_CENTRALE":"5026278.00000","TIPO_ADSL":"ADSL_2P","DESCRIZIONE_TIPO_ADSL":"ADSL 2+ (24 mega)","DISTANZA_CALCOLATA":"2962.62","CLASSE_DISTANZA":"2900-3299","POTENZA_SEGNALE":"5238.33","POPOLAZIONE_SEZIONE": ""}
			},
		 		{ "type" : "Feature",
				"geometry" : {
					"type" : "Point",
					"coordinates" : [7.86845,45.38357]},
			"properties" : { "ANNO":"2010","ID_SEZIONE":"28090","ISTAT_COMUNE_SEZ":"1223","COMUNE_SEZ":"ROMANO CANAVESE","PROVINCIA":"TO","ID_CENTRALE":"1365","NOME_CENTRALE":"STRAMBINO","ISTAT_COMUNE_CENTR":"1269","COMUNE_CENTR":"STRAMBINO","PROVINCIA_CENTR":"TO","INDIRIZZO_CENTRALE":"CONTI SAN MARTINO","LATITUDINE_SEZIONE":"45.38357","LONGITUDINE_SEZIONE":"7.86845","POS_X_SEZIONE":"411413.53045","POS_Y_SEZIONE":"5026184.49518","LATITUDINE_CENTRALE":"45.38454","LONGITUDINE_CENTRALE":"7.88092","POS_X_CENTRALE":"412391.59375","POS_Y_CENTRALE":"5026278.00000","TIPO_ADSL":"ADSL_2P","DESCRIZIONE_TIPO_ADSL":"ADSL 2+ (24 mega)","DISTANZA_CALCOLATA":"982.52","CLASSE_DISTANZA":"900-1299","POTENZA_SEGNALE":"17737.5","POPOLAZIONE_SEZIONE": "281"}
			},
		 		{ "type" : "Feature",
				"geometry" : {
					"type" : "Point",
					"coordinates" : [7.85913,45.37982]},
			"properties" : { "ANNO":"2010","ID_SEZIONE":"28309","ISTAT_COMUNE_SEZ":"1223","COMUNE_SEZ":"ROMANO CANAVESE","PROVINCIA":"TO","ID_CENTRALE":"1365","NOME_CENTRALE":"STRAMBINO","ISTAT_COMUNE_CENTR":"1269","COMUNE_CENTR":"STRAMBINO","PROVINCIA_CENTR":"TO","INDIRIZZO_CENTRALE":"CONTI SAN MARTINO","LATITUDINE_SEZIONE":"45.37982","LONGITUDINE_SEZIONE":"7.85913","POS_X_SEZIONE":"410678.03170","POS_Y_SEZIONE":"5025777.98152","LATITUDINE_CENTRALE":"45.38454","LONGITUDINE_CENTRALE":"7.88092","POS_X_CENTRALE":"412391.59375","POS_Y_CENTRALE":"5026278.00000","TIPO_ADSL":"ADSL_2P","DESCRIZIONE_TIPO_ADSL":"ADSL 2+ (24 mega)","DISTANZA_CALCOLATA":"1785.02","CLASSE_DISTANZA":"1700-2099","POTENZA_SEGNALE":"12975.83","POPOLAZIONE_SEZIONE": "107"}
			},
		 		{ "type" : "Feature",
				"geometry" : {
					"type" : "Point",
					"coordinates" : [7.84042,45.36876]},
			"properties" : { "ANNO":"2010","ID_SEZIONE":"28558","ISTAT_COMUNE_SEZ":"1261","COMUNE_SEZ":"SCARMAGNO","PROVINCIA":"TO","ID_CENTRALE":"1365","NOME_CENTRALE":"STRAMBINO","ISTAT_COMUNE_CENTR":"1269","COMUNE_CENTR":"STRAMBINO","PROVINCIA_CENTR":"TO","INDIRIZZO_CENTRALE":"CONTI SAN MARTINO","LATITUDINE_SEZIONE":"45.36876","LONGITUDINE_SEZIONE":"7.84042","POS_X_SEZIONE":"409195.30683","POS_Y_SEZIONE":"5024570.45102","LATITUDINE_CENTRALE":"45.38454","LONGITUDINE_CENTRALE":"7.88092","POS_X_CENTRALE":"412391.59375","POS_Y_CENTRALE":"5026278.00000","TIPO_ADSL":"ADSL_2P","DESCRIZIONE_TIPO_ADSL":"ADSL 2+ (24 mega)","DISTANZA_CALCOLATA":"3623.81","CLASSE_DISTANZA":"3300-3699","POTENZA_SEGNALE":"4047.5","POPOLAZIONE_SEZIONE": ""}
			},
		 		{ "type" : "Feature",
				"geometry" : {
					"type" : "Point",
					"coordinates" : [7.84468,45.35238]},
			"properties" : { "ANNO":"2010","ID_SEZIONE":"28560","ISTAT_COMUNE_SEZ":"1150","COMUNE_SEZ":"MERCENASCO","PROVINCIA":"TO","ID_CENTRALE":"1365","NOME_CENTRALE":"STRAMBINO","ISTAT_COMUNE_CENTR":"1269","COMUNE_CENTR":"STRAMBINO","PROVINCIA_CENTR":"TO","INDIRIZZO_CENTRALE":"CONTI SAN MARTINO","LATITUDINE_SEZIONE":"45.35238","LONGITUDINE_SEZIONE":"7.84468","POS_X_SEZIONE":"409503.20469","POS_Y_SEZIONE":"5022745.44391","LATITUDINE_CENTRALE":"45.38454","LONGITUDINE_CENTRALE":"7.88092","POS_X_CENTRALE":"412391.59375","POS_Y_CENTRALE":"5026278.00000","TIPO_ADSL":"ADSL_2P","DESCRIZIONE_TIPO_ADSL":"ADSL 2+ (24 mega)","DISTANZA_CALCOLATA":"4563.08","CLASSE_DISTANZA":"4500-4899","POTENZA_SEGNALE":"1428.33","POPOLAZIONE_SEZIONE": "380"}
			},
		 		{ "type" : "Feature",
				"geometry" : {
					"type" : "Point",
					"coordinates" : [7.89606,45.41227]},
			"properties" : { "ANNO":"2010","ID_SEZIONE":"28931","ISTAT_COMUNE_SEZ":"1269","COMUNE_SEZ":"STRAMBINO","PROVINCIA":"TO","ID_CENTRALE":"1365","NOME_CENTRALE":"STRAMBINO","ISTAT_COMUNE_CENTR":"1269","COMUNE_CENTR":"STRAMBINO","PROVINCIA_CENTR":"TO","INDIRIZZO_CENTRALE":"CONTI SAN MARTINO","LATITUDINE_SEZIONE":"45.41227","LONGITUDINE_SEZIONE":"7.89606","POS_X_SEZIONE":"413619.28277","POS_Y_SEZIONE":"5029343.04930","LATITUDINE_CENTRALE":"45.38454","LONGITUDINE_CENTRALE":"7.88092","POS_X_CENTRALE":"412391.59375","POS_Y_CENTRALE":"5026278.00000","TIPO_ADSL":"ADSL_2P","DESCRIZIONE_TIPO_ADSL":"ADSL 2+ (24 mega)","DISTANZA_CALCOLATA":"3301.78","CLASSE_DISTANZA":"3300-3699","POTENZA_SEGNALE":"4047.5","POPOLAZIONE_SEZIONE": "24"}
			},
		 		{ "type" : "Feature",
				"geometry" : {
					"type" : "Point",
					"coordinates" : [7.90248,45.37660]},
			"properties" : { "ANNO":"2010","ID_SEZIONE":"29345","ISTAT_COMUNE_SEZ":"1269","COMUNE_SEZ":"STRAMBINO","PROVINCIA":"TO","ID_CENTRALE":"1365","NOME_CENTRALE":"STRAMBINO","ISTAT_COMUNE_CENTR":"1269","COMUNE_CENTR":"STRAMBINO","PROVINCIA_CENTR":"TO","INDIRIZZO_CENTRALE":"CONTI SAN MARTINO","LATITUDINE_SEZIONE":"45.37660","LONGITUDINE_SEZIONE":"7.90248","POS_X_SEZIONE":"414067.51420","POS_Y_SEZIONE":"5025373.02996","LATITUDINE_CENTRALE":"45.38454","LONGITUDINE_CENTRALE":"7.88092","POS_X_CENTRALE":"412391.59375","POS_Y_CENTRALE":"5026278.00000","TIPO_ADSL":"ADSL_2P","DESCRIZIONE_TIPO_ADSL":"ADSL 2+ (24 mega)","DISTANZA_CALCOLATA":"1904.65","CLASSE_DISTANZA":"1700-2099","POTENZA_SEGNALE":"12975.83","POPOLAZIONE_SEZIONE": "659"}
			},
		 		{ "type" : "Feature",
				"geometry" : {
					"type" : "Point",
					"coordinates" : [7.91346,45.41153]},
			"properties" : { "ANNO":"2010","ID_SEZIONE":"30619","ISTAT_COMUNE_SEZ":"1269","COMUNE_SEZ":"STRAMBINO","PROVINCIA":"TO","ID_CENTRALE":"1365","NOME_CENTRALE":"STRAMBINO","ISTAT_COMUNE_CENTR":"1269","COMUNE_CENTR":"STRAMBINO","PROVINCIA_CENTR":"TO","INDIRIZZO_CENTRALE":"CONTI SAN MARTINO","LATITUDINE_SEZIONE":"45.41153","LONGITUDINE_SEZIONE":"7.91346","POS_X_SEZIONE":"414979.42153","POS_Y_SEZIONE":"5029242.06958","LATITUDINE_CENTRALE":"45.38454","LONGITUDINE_CENTRALE":"7.88092","POS_X_CENTRALE":"412391.59375","POS_Y_CENTRALE":"5026278.00000","TIPO_ADSL":"ADSL_2P","DESCRIZIONE_TIPO_ADSL":"ADSL 2+ (24 mega)","DISTANZA_CALCOLATA":"3934.79","CLASSE_DISTANZA":"3700-4099","POTENZA_SEGNALE":"2857.5","POPOLAZIONE_SEZIONE": ""}
			},
		 		{ "type" : "Feature",
				"geometry" : {
					"type" : "Point",
					"coordinates" : [7.86717,45.37648]},
			"properties" : { "ANNO":"2010","ID_SEZIONE":"31558","ISTAT_COMUNE_SEZ":"1223","COMUNE_SEZ":"ROMANO CANAVESE","PROVINCIA":"TO","ID_CENTRALE":"1365","NOME_CENTRALE":"STRAMBINO","ISTAT_COMUNE_CENTR":"1269","COMUNE_CENTR":"STRAMBINO","PROVINCIA_CENTR":"TO","INDIRIZZO_CENTRALE":"CONTI SAN MARTINO","LATITUDINE_SEZIONE":"45.37648","LONGITUDINE_SEZIONE":"7.86717","POS_X_SEZIONE":"411302.42287","POS_Y_SEZIONE":"5025397.98843","LATITUDINE_CENTRALE":"45.38454","LONGITUDINE_CENTRALE":"7.88092","POS_X_CENTRALE":"412391.59375","POS_Y_CENTRALE":"5026278.00000","TIPO_ADSL":"ADSL_2P","DESCRIZIONE_TIPO_ADSL":"ADSL 2+ (24 mega)","DISTANZA_CALCOLATA":"1400.25","CLASSE_DISTANZA":"1300-1699","POTENZA_SEGNALE":"16071.67","POPOLAZIONE_SEZIONE": ""}
			},
		 		{ "type" : "Feature",
				"geometry" : {
					"type" : "Point",
					"coordinates" : [7.84912,45.36852]},
			"properties" : { "ANNO":"2010","ID_SEZIONE":"32231","ISTAT_COMUNE_SEZ":"1261","COMUNE_SEZ":"SCARMAGNO","PROVINCIA":"TO","ID_CENTRALE":"1365","NOME_CENTRALE":"STRAMBINO","ISTAT_COMUNE_CENTR":"1269","COMUNE_CENTR":"STRAMBINO","PROVINCIA_CENTR":"TO","INDIRIZZO_CENTRALE":"CONTI SAN MARTINO","LATITUDINE_SEZIONE":"45.36852","LONGITUDINE_SEZIONE":"7.84912","POS_X_SEZIONE":"409876.36002","POS_Y_SEZIONE":"5024533.46107","LATITUDINE_CENTRALE":"45.38454","LONGITUDINE_CENTRALE":"7.88092","POS_X_CENTRALE":"412391.59375","POS_Y_CENTRALE":"5026278.00000","TIPO_ADSL":"ADSL_2P","DESCRIZIONE_TIPO_ADSL":"ADSL 2+ (24 mega)","DISTANZA_CALCOLATA":"3061.02","CLASSE_DISTANZA":"2900-3299","POTENZA_SEGNALE":"5238.33","POPOLAZIONE_SEZIONE": "112"}
			},
		 		{ "type" : "Feature",
				"geometry" : {
					"type" : "Point",
					"coordinates" : [7.90610,45.35832]},
			"properties" : { "ANNO":"2010","ID_SEZIONE":"32232","ISTAT_COMUNE_SEZ":"1269","COMUNE_SEZ":"STRAMBINO","PROVINCIA":"TO","ID_CENTRALE":"1365","NOME_CENTRALE":"STRAMBINO","ISTAT_COMUNE_CENTR":"1269","COMUNE_CENTR":"STRAMBINO","PROVINCIA_CENTR":"TO","INDIRIZZO_CENTRALE":"CONTI SAN MARTINO","LATITUDINE_SEZIONE":"45.35832","LONGITUDINE_SEZIONE":"7.90610","POS_X_SEZIONE":"414322.69141","POS_Y_SEZIONE":"5023338.52014","LATITUDINE_CENTRALE":"45.38454","LONGITUDINE_CENTRALE":"7.88092","POS_X_CENTRALE":"412391.59375","POS_Y_CENTRALE":"5026278.00000","TIPO_ADSL":"ADSL_2P","DESCRIZIONE_TIPO_ADSL":"ADSL 2+ (24 mega)","DISTANZA_CALCOLATA":"3517.06","CLASSE_DISTANZA":"3300-3699","POTENZA_SEGNALE":"4047.5","POPOLAZIONE_SEZIONE": "321"}
			},
		 		{ "type" : "Feature",
				"geometry" : {
					"type" : "Point",
					"coordinates" : [7.86913,45.38779]},
			"properties" : { "ANNO":"2010","ID_SEZIONE":"32717","ISTAT_COMUNE_SEZ":"1223","COMUNE_SEZ":"ROMANO CANAVESE","PROVINCIA":"TO","ID_CENTRALE":"1365","NOME_CENTRALE":"STRAMBINO","ISTAT_COMUNE_CENTR":"1269","COMUNE_CENTR":"STRAMBINO","PROVINCIA_CENTR":"TO","INDIRIZZO_CENTRALE":"CONTI SAN MARTINO","LATITUDINE_SEZIONE":"45.38779","LONGITUDINE_SEZIONE":"7.86913","POS_X_SEZIONE":"411473.63208","POS_Y_SEZIONE":"5026651.99931","LATITUDINE_CENTRALE":"45.38454","LONGITUDINE_CENTRALE":"7.88092","POS_X_CENTRALE":"412391.59375","POS_Y_CENTRALE":"5026278.00000","TIPO_ADSL":"ADSL_2P","DESCRIZIONE_TIPO_ADSL":"ADSL 2+ (24 mega)","DISTANZA_CALCOLATA":"991.23","CLASSE_DISTANZA":"900-1299","POTENZA_SEGNALE":"17737.5","POPOLAZIONE_SEZIONE": "257"}
			}
		 		]
	}
		