 	{ "type" : "FeatureCollection",
		"features" : [
		 		{ "type" : "Feature",
				"geometry" : {
					"type" : "Point",
					"coordinates" : [8.58096,45.02694]},
			"properties" : { "ANNO":"2010","ID_SEZIONE":"744","ISTAT_COMUNE_SEZ":"6154","COMUNE_SEZ":"SAN SALVATORE MONFERRATO","PROVINCIA":"AL","ID_CENTRALE":"1283","NOME_CENTRALE":"SAN SALVATORE MONFERRATO","ISTAT_COMUNE_CENTR":"6154","COMUNE_CENTR":"SAN SALVATORE MONFERRATO","PROVINCIA_CENTR":"AL","INDIRIZZO_CENTRALE":"DON GUARONA","LATITUDINE_SEZIONE":"45.02694","LONGITUDINE_SEZIONE":"8.58096","POS_X_SEZIONE":"466988.44506","POS_Y_SEZIONE":"4986029.00023","LATITUDINE_CENTRALE":"44.99454","LONGITUDINE_CENTRALE":"8.57024","POS_X_CENTRALE":"466125.04378","POS_Y_CENTRALE":"4982434.02287","TIPO_ADSL":"ADSL_1","DESCRIZIONE_TIPO_ADSL":"ADSL (8 mega)","DISTANZA_CALCOLATA":"3697.2","CLASSE_DISTANZA":"3300-3699","POTENZA_SEGNALE":"3999.63","POPOLAZIONE_SEZIONE": "12"}
			},
		 		{ "type" : "Feature",
				"geometry" : {
					"type" : "Point",
					"coordinates" : [8.56514,44.98005]},
			"properties" : { "ANNO":"2010","ID_SEZIONE":"2000","ISTAT_COMUNE_SEZ":"6051","COMUNE_SEZ":"CASTELLETTO MONFERRATO","PROVINCIA":"AL","ID_CENTRALE":"1283","NOME_CENTRALE":"SAN SALVATORE MONFERRATO","ISTAT_COMUNE_CENTR":"6154","COMUNE_CENTR":"SAN SALVATORE MONFERRATO","PROVINCIA_CENTR":"AL","INDIRIZZO_CENTRALE":"DON GUARONA","LATITUDINE_SEZIONE":"44.98005","LONGITUDINE_SEZIONE":"8.56514","POS_X_SEZIONE":"465714.62132","POS_Y_SEZIONE":"4980826.37571","LATITUDINE_CENTRALE":"44.99454","LONGITUDINE_CENTRALE":"8.57024","POS_X_CENTRALE":"466125.04378","POS_Y_CENTRALE":"4982434.02287","TIPO_ADSL":"ADSL_1","DESCRIZIONE_TIPO_ADSL":"ADSL (8 mega)","DISTANZA_CALCOLATA":"1659.21","CLASSE_DISTANZA":"1300-1699","POTENZA_SEGNALE":"7000","POPOLAZIONE_SEZIONE": "741"}
			},
		 		{ "type" : "Feature",
				"geometry" : {
					"type" : "Point",
					"coordinates" : [8.52396,44.98514]},
			"properties" : { "ANNO":"2010","ID_SEZIONE":"2870","ISTAT_COMUNE_SEZ":"6154","COMUNE_SEZ":"SAN SALVATORE MONFERRATO","PROVINCIA":"AL","ID_CENTRALE":"1283","NOME_CENTRALE":"SAN SALVATORE MONFERRATO","ISTAT_COMUNE_CENTR":"6154","COMUNE_CENTR":"SAN SALVATORE MONFERRATO","PROVINCIA_CENTR":"AL","INDIRIZZO_CENTRALE":"DON GUARONA","LATITUDINE_SEZIONE":"44.98514","LONGITUDINE_SEZIONE":"8.52396","POS_X_SEZIONE":"462471.39623","POS_Y_SEZIONE":"4981409.86832","LATITUDINE_CENTRALE":"44.99454","LONGITUDINE_CENTRALE":"8.57024","POS_X_CENTRALE":"466125.04378","POS_Y_CENTRALE":"4982434.02287","TIPO_ADSL":"ADSL_1","DESCRIZIONE_TIPO_ADSL":"ADSL (8 mega)","DISTANZA_CALCOLATA":"3794.47","CLASSE_DISTANZA":"3700-4099","POTENZA_SEGNALE":"3000.38","POPOLAZIONE_SEZIONE": "16"}
			},
		 		{ "type" : "Feature",
				"geometry" : {
					"type" : "Point",
					"coordinates" : [8.53218,44.97580]},
			"properties" : { "ANNO":"2010","ID_SEZIONE":"2871","ISTAT_COMUNE_SEZ":"6051","COMUNE_SEZ":"CASTELLETTO MONFERRATO","PROVINCIA":"AL","ID_CENTRALE":"1283","NOME_CENTRALE":"SAN SALVATORE MONFERRATO","ISTAT_COMUNE_CENTR":"6154","COMUNE_CENTR":"SAN SALVATORE MONFERRATO","PROVINCIA_CENTR":"AL","INDIRIZZO_CENTRALE":"DON GUARONA","LATITUDINE_SEZIONE":"44.97580","LONGITUDINE_SEZIONE":"8.53218","POS_X_SEZIONE":"463113.15597","POS_Y_SEZIONE":"4980368.35178","LATITUDINE_CENTRALE":"44.99454","LONGITUDINE_CENTRALE":"8.57024","POS_X_CENTRALE":"466125.04378","POS_Y_CENTRALE":"4982434.02287","TIPO_ADSL":"ADSL_1","DESCRIZIONE_TIPO_ADSL":"ADSL (8 mega)","DISTANZA_CALCOLATA":"3652.19","CLASSE_DISTANZA":"3300-3699","POTENZA_SEGNALE":"3999.63","POPOLAZIONE_SEZIONE": "16"}
			},
		 		{ "type" : "Feature",
				"geometry" : {
					"type" : "Point",
					"coordinates" : [8.56212,44.99901]},
			"properties" : { "ANNO":"2010","ID_SEZIONE":"3260","ISTAT_COMUNE_SEZ":"6154","COMUNE_SEZ":"SAN SALVATORE MONFERRATO","PROVINCIA":"AL","ID_CENTRALE":"1283","NOME_CENTRALE":"SAN SALVATORE MONFERRATO","ISTAT_COMUNE_CENTR":"6154","COMUNE_CENTR":"SAN SALVATORE MONFERRATO","PROVINCIA_CENTR":"AL","INDIRIZZO_CENTRALE":"DON GUARONA","LATITUDINE_SEZIONE":"44.99901","LONGITUDINE_SEZIONE":"8.56212","POS_X_SEZIONE":"465487.58260","POS_Y_SEZIONE":"4982933.41546","LATITUDINE_CENTRALE":"44.99454","LONGITUDINE_CENTRALE":"8.57024","POS_X_CENTRALE":"466125.04378","POS_Y_CENTRALE":"4982434.02287","TIPO_ADSL":"ADSL_1","DESCRIZIONE_TIPO_ADSL":"ADSL (8 mega)","DISTANZA_CALCOLATA":"809.78","CLASSE_DISTANZA":"500-899","POTENZA_SEGNALE":"7000","POPOLAZIONE_SEZIONE": "125"}
			},
		 		{ "type" : "Feature",
				"geometry" : {
					"type" : "Point",
					"coordinates" : [8.58986,45.00223]},
			"properties" : { "ANNO":"2010","ID_SEZIONE":"3469","ISTAT_COMUNE_SEZ":"6154","COMUNE_SEZ":"SAN SALVATORE MONFERRATO","PROVINCIA":"AL","ID_CENTRALE":"1283","NOME_CENTRALE":"SAN SALVATORE MONFERRATO","ISTAT_COMUNE_CENTR":"6154","COMUNE_CENTR":"SAN SALVATORE MONFERRATO","PROVINCIA_CENTR":"AL","INDIRIZZO_CENTRALE":"DON GUARONA","LATITUDINE_SEZIONE":"45.00223","LONGITUDINE_SEZIONE":"8.58986","POS_X_SEZIONE":"467675.75847","POS_Y_SEZIONE":"4983279.43223","LATITUDINE_CENTRALE":"44.99454","LONGITUDINE_CENTRALE":"8.57024","POS_X_CENTRALE":"466125.04378","POS_Y_CENTRALE":"4982434.02287","TIPO_ADSL":"ADSL_1","DESCRIZIONE_TIPO_ADSL":"ADSL (8 mega)","DISTANZA_CALCOLATA":"1766.19","CLASSE_DISTANZA":"1700-2099","POTENZA_SEGNALE":"6874.88","POPOLAZIONE_SEZIONE": "84"}
			},
		 		{ "type" : "Feature",
				"geometry" : {
					"type" : "Point",
					"coordinates" : [8.56560,44.99118]},
			"properties" : { "ANNO":"2010","ID_SEZIONE":"3470","ISTAT_COMUNE_SEZ":"6154","COMUNE_SEZ":"SAN SALVATORE MONFERRATO","PROVINCIA":"AL","ID_CENTRALE":"1283","NOME_CENTRALE":"SAN SALVATORE MONFERRATO","ISTAT_COMUNE_CENTR":"6154","COMUNE_CENTR":"SAN SALVATORE MONFERRATO","PROVINCIA_CENTR":"AL","INDIRIZZO_CENTRALE":"DON GUARONA","LATITUDINE_SEZIONE":"44.99118","LONGITUDINE_SEZIONE":"8.56560","POS_X_SEZIONE":"465757.46241","POS_Y_SEZIONE":"4982062.40004","LATITUDINE_CENTRALE":"44.99454","LONGITUDINE_CENTRALE":"8.57024","POS_X_CENTRALE":"466125.04378","POS_Y_CENTRALE":"4982434.02287","TIPO_ADSL":"ADSL_1","DESCRIZIONE_TIPO_ADSL":"ADSL (8 mega)","DISTANZA_CALCOLATA":"522.70","CLASSE_DISTANZA":"500-899","POTENZA_SEGNALE":"7000","POPOLAZIONE_SEZIONE": "439"}
			},
		 		{ "type" : "Feature",
				"geometry" : {
					"type" : "Point",
					"coordinates" : [8.54147,44.97022]},
			"properties" : { "ANNO":"2010","ID_SEZIONE":"3497","ISTAT_COMUNE_SEZ":"6051","COMUNE_SEZ":"CASTELLETTO MONFERRATO","PROVINCIA":"AL","ID_CENTRALE":"1283","NOME_CENTRALE":"SAN SALVATORE MONFERRATO","ISTAT_COMUNE_CENTR":"6154","COMUNE_CENTR":"SAN SALVATORE MONFERRATO","PROVINCIA_CENTR":"AL","INDIRIZZO_CENTRALE":"DON GUARONA","LATITUDINE_SEZIONE":"44.97022","LONGITUDINE_SEZIONE":"8.54147","POS_X_SEZIONE":"463841.91527","POS_Y_SEZIONE":"4979744.84432","LATITUDINE_CENTRALE":"44.99454","LONGITUDINE_CENTRALE":"8.57024","POS_X_CENTRALE":"466125.04378","POS_Y_CENTRALE":"4982434.02287","TIPO_ADSL":"ADSL_1","DESCRIZIONE_TIPO_ADSL":"ADSL (8 mega)","DISTANZA_CALCOLATA":"3527.66","CLASSE_DISTANZA":"3300-3699","POTENZA_SEGNALE":"3999.63","POPOLAZIONE_SEZIONE": "36"}
			},
		 		{ "type" : "Feature",
				"geometry" : {
					"type" : "Point",
					"coordinates" : [8.57758,45.00490]},
			"properties" : { "ANNO":"2010","ID_SEZIONE":"4431","ISTAT_COMUNE_SEZ":"6154","COMUNE_SEZ":"SAN SALVATORE MONFERRATO","PROVINCIA":"AL","ID_CENTRALE":"1283","NOME_CENTRALE":"SAN SALVATORE MONFERRATO","ISTAT_COMUNE_CENTR":"6154","COMUNE_CENTR":"SAN SALVATORE MONFERRATO","PROVINCIA_CENTR":"AL","INDIRIZZO_CENTRALE":"DON GUARONA","LATITUDINE_SEZIONE":"45.00490","LONGITUDINE_SEZIONE":"8.57758","POS_X_SEZIONE":"466709.53255","POS_Y_SEZIONE":"4983581.43748","LATITUDINE_CENTRALE":"44.99454","LONGITUDINE_CENTRALE":"8.57024","POS_X_CENTRALE":"466125.04378","POS_Y_CENTRALE":"4982434.02287","TIPO_ADSL":"ADSL_1","DESCRIZIONE_TIPO_ADSL":"ADSL (8 mega)","DISTANZA_CALCOLATA":"1287.71","CLASSE_DISTANZA":"900-1299","POTENZA_SEGNALE":"7000","POPOLAZIONE_SEZIONE": "32"}
			},
		 		{ "type" : "Feature",
				"geometry" : {
					"type" : "Point",
					"coordinates" : [8.57389,44.99604]},
			"properties" : { "ANNO":"2010","ID_SEZIONE":"4432","ISTAT_COMUNE_SEZ":"6154","COMUNE_SEZ":"SAN SALVATORE MONFERRATO","PROVINCIA":"AL","ID_CENTRALE":"1283","NOME_CENTRALE":"SAN SALVATORE MONFERRATO","ISTAT_COMUNE_CENTR":"6154","COMUNE_CENTR":"SAN SALVATORE MONFERRATO","PROVINCIA_CENTR":"AL","INDIRIZZO_CENTRALE":"DON GUARONA","LATITUDINE_SEZIONE":"44.99604","LONGITUDINE_SEZIONE":"8.57389","POS_X_SEZIONE":"466413.49927","POS_Y_SEZIONE":"4982598.91408","LATITUDINE_CENTRALE":"44.99454","LONGITUDINE_CENTRALE":"8.57024","POS_X_CENTRALE":"466125.04378","POS_Y_CENTRALE":"4982434.02287","TIPO_ADSL":"ADSL_1","DESCRIZIONE_TIPO_ADSL":"ADSL (8 mega)","DISTANZA_CALCOLATA":"332.26","CLASSE_DISTANZA":"100-499","POTENZA_SEGNALE":"7000","POPOLAZIONE_SEZIONE": "279"}
			},
		 		{ "type" : "Feature",
				"geometry" : {
					"type" : "Point",
					"coordinates" : [8.58093,44.97121]},
			"properties" : { "ANNO":"2010","ID_SEZIONE":"4435","ISTAT_COMUNE_SEZ":"6051","COMUNE_SEZ":"CASTELLETTO MONFERRATO","PROVINCIA":"AL","ID_CENTRALE":"1283","NOME_CENTRALE":"SAN SALVATORE MONFERRATO","ISTAT_COMUNE_CENTR":"6154","COMUNE_CENTR":"SAN SALVATORE MONFERRATO","PROVINCIA_CENTR":"AL","INDIRIZZO_CENTRALE":"DON GUARONA","LATITUDINE_SEZIONE":"44.97121","LONGITUDINE_SEZIONE":"8.58093","POS_X_SEZIONE":"466954.66791","POS_Y_SEZIONE":"4979837.86295","LATITUDINE_CENTRALE":"44.99454","LONGITUDINE_CENTRALE":"8.57024","POS_X_CENTRALE":"466125.04378","POS_Y_CENTRALE":"4982434.02287","TIPO_ADSL":"ADSL_1","DESCRIZIONE_TIPO_ADSL":"ADSL (8 mega)","DISTANZA_CALCOLATA":"2725.49","CLASSE_DISTANZA":"2500-2899","POTENZA_SEGNALE":"5749.63","POPOLAZIONE_SEZIONE": "301"}
			},
		 		{ "type" : "Feature",
				"geometry" : {
					"type" : "Point",
					"coordinates" : [8.59338,44.99544]},
			"properties" : { "ANNO":"2010","ID_SEZIONE":"5272","ISTAT_COMUNE_SEZ":"6154","COMUNE_SEZ":"SAN SALVATORE MONFERRATO","PROVINCIA":"AL","ID_CENTRALE":"1283","NOME_CENTRALE":"SAN SALVATORE MONFERRATO","ISTAT_COMUNE_CENTR":"6154","COMUNE_CENTR":"SAN SALVATORE MONFERRATO","PROVINCIA_CENTR":"AL","INDIRIZZO_CENTRALE":"DON GUARONA","LATITUDINE_SEZIONE":"44.99544","LONGITUDINE_SEZIONE":"8.59338","POS_X_SEZIONE":"467949.41786","POS_Y_SEZIONE":"4982524.41706","LATITUDINE_CENTRALE":"44.99454","LONGITUDINE_CENTRALE":"8.57024","POS_X_CENTRALE":"466125.04378","POS_Y_CENTRALE":"4982434.02287","TIPO_ADSL":"ADSL_1","DESCRIZIONE_TIPO_ADSL":"ADSL (8 mega)","DISTANZA_CALCOLATA":"1826.61","CLASSE_DISTANZA":"1700-2099","POTENZA_SEGNALE":"6874.88","POPOLAZIONE_SEZIONE": "42"}
			},
		 		{ "type" : "Feature",
				"geometry" : {
					"type" : "Point",
					"coordinates" : [8.54909,44.96799]},
			"properties" : { "ANNO":"2010","ID_SEZIONE":"7121","ISTAT_COMUNE_SEZ":"6051","COMUNE_SEZ":"CASTELLETTO MONFERRATO","PROVINCIA":"AL","ID_CENTRALE":"1283","NOME_CENTRALE":"SAN SALVATORE MONFERRATO","ISTAT_COMUNE_CENTR":"6154","COMUNE_CENTR":"SAN SALVATORE MONFERRATO","PROVINCIA_CENTR":"AL","INDIRIZZO_CENTRALE":"DON GUARONA","LATITUDINE_SEZIONE":"44.96799","LONGITUDINE_SEZIONE":"8.54909","POS_X_SEZIONE":"464441.73556","POS_Y_SEZIONE":"4979493.34275","LATITUDINE_CENTRALE":"44.99454","LONGITUDINE_CENTRALE":"8.57024","POS_X_CENTRALE":"466125.04378","POS_Y_CENTRALE":"4982434.02287","TIPO_ADSL":"ADSL_1","DESCRIZIONE_TIPO_ADSL":"ADSL (8 mega)","DISTANZA_CALCOLATA":"3388.38","CLASSE_DISTANZA":"3300-3699","POTENZA_SEGNALE":"3999.63","POPOLAZIONE_SEZIONE": "120"}
			},
		 		{ "type" : "Feature",
				"geometry" : {
					"type" : "Point",
					"coordinates" : [8.58957,44.98088]},
			"properties" : { "ANNO":"2010","ID_SEZIONE":"7351","ISTAT_COMUNE_SEZ":"6154","COMUNE_SEZ":"SAN SALVATORE MONFERRATO","PROVINCIA":"AL","ID_CENTRALE":"1283","NOME_CENTRALE":"SAN SALVATORE MONFERRATO","ISTAT_COMUNE_CENTR":"6154","COMUNE_CENTR":"SAN SALVATORE MONFERRATO","PROVINCIA_CENTR":"AL","INDIRIZZO_CENTRALE":"DON GUARONA","LATITUDINE_SEZIONE":"44.98088","LONGITUDINE_SEZIONE":"8.58957","POS_X_SEZIONE":"467641.26452","POS_Y_SEZIONE":"4980907.88509","LATITUDINE_CENTRALE":"44.99454","LONGITUDINE_CENTRALE":"8.57024","POS_X_CENTRALE":"466125.04378","POS_Y_CENTRALE":"4982434.02287","TIPO_ADSL":"ADSL_1","DESCRIZIONE_TIPO_ADSL":"ADSL (8 mega)","DISTANZA_CALCOLATA":"2151.28","CLASSE_DISTANZA":"2100-2499","POTENZA_SEGNALE":"6500.38","POPOLAZIONE_SEZIONE": "66"}
			},
		 		{ "type" : "Feature",
				"geometry" : {
					"type" : "Point",
					"coordinates" : [8.58727,45.01290]},
			"properties" : { "ANNO":"2010","ID_SEZIONE":"7573","ISTAT_COMUNE_SEZ":"6154","COMUNE_SEZ":"SAN SALVATORE MONFERRATO","PROVINCIA":"AL","ID_CENTRALE":"1283","NOME_CENTRALE":"SAN SALVATORE MONFERRATO","ISTAT_COMUNE_CENTR":"6154","COMUNE_CENTR":"SAN SALVATORE MONFERRATO","PROVINCIA_CENTR":"AL","INDIRIZZO_CENTRALE":"DON GUARONA","LATITUDINE_SEZIONE":"45.01290","LONGITUDINE_SEZIONE":"8.58727","POS_X_SEZIONE":"467477.75886","POS_Y_SEZIONE":"4984465.96202","LATITUDINE_CENTRALE":"44.99454","LONGITUDINE_CENTRALE":"8.57024","POS_X_CENTRALE":"466125.04378","POS_Y_CENTRALE":"4982434.02287","TIPO_ADSL":"ADSL_1","DESCRIZIONE_TIPO_ADSL":"ADSL (8 mega)","DISTANZA_CALCOLATA":"2441.03","CLASSE_DISTANZA":"2100-2499","POTENZA_SEGNALE":"6500.38","POPOLAZIONE_SEZIONE": "14"}
			},
		 		{ "type" : "Feature",
				"geometry" : {
					"type" : "Point",
					"coordinates" : [8.56674,45.00464]},
			"properties" : { "ANNO":"2010","ID_SEZIONE":"7575","ISTAT_COMUNE_SEZ":"6154","COMUNE_SEZ":"SAN SALVATORE MONFERRATO","PROVINCIA":"AL","ID_CENTRALE":"1283","NOME_CENTRALE":"SAN SALVATORE MONFERRATO","ISTAT_COMUNE_CENTR":"6154","COMUNE_CENTR":"SAN SALVATORE MONFERRATO","PROVINCIA_CENTR":"AL","INDIRIZZO_CENTRALE":"DON GUARONA","LATITUDINE_SEZIONE":"45.00464","LONGITUDINE_SEZIONE":"8.56674","POS_X_SEZIONE":"465855.42951","POS_Y_SEZIONE":"4983557.43236","LATITUDINE_CENTRALE":"44.99454","LONGITUDINE_CENTRALE":"8.57024","POS_X_CENTRALE":"466125.04378","POS_Y_CENTRALE":"4982434.02287","TIPO_ADSL":"ADSL_1","DESCRIZIONE_TIPO_ADSL":"ADSL (8 mega)","DISTANZA_CALCOLATA":"1155.31","CLASSE_DISTANZA":"900-1299","POTENZA_SEGNALE":"7000","POPOLAZIONE_SEZIONE": "23"}
			},
		 		{ "type" : "Feature",
				"geometry" : {
					"type" : "Point",
					"coordinates" : [8.56800,44.99080]},
			"properties" : { "ANNO":"2010","ID_SEZIONE":"9454","ISTAT_COMUNE_SEZ":"6154","COMUNE_SEZ":"SAN SALVATORE MONFERRATO","PROVINCIA":"AL","ID_CENTRALE":"1283","NOME_CENTRALE":"SAN SALVATORE MONFERRATO","ISTAT_COMUNE_CENTR":"6154","COMUNE_CENTR":"SAN SALVATORE MONFERRATO","PROVINCIA_CENTR":"AL","INDIRIZZO_CENTRALE":"DON GUARONA","LATITUDINE_SEZIONE":"44.99080","LONGITUDINE_SEZIONE":"8.56800","POS_X_SEZIONE":"465946.37095","POS_Y_SEZIONE":"4982018.90052","LATITUDINE_CENTRALE":"44.99454","LONGITUDINE_CENTRALE":"8.57024","POS_X_CENTRALE":"466125.04378","POS_Y_CENTRALE":"4982434.02287","TIPO_ADSL":"ADSL_1","DESCRIZIONE_TIPO_ADSL":"ADSL (8 mega)","DISTANZA_CALCOLATA":"451.94","CLASSE_DISTANZA":"100-499","POTENZA_SEGNALE":"7000","POPOLAZIONE_SEZIONE": "248"}
			},
		 		{ "type" : "Feature",
				"geometry" : {
					"type" : "Point",
					"coordinates" : [8.57040,44.99735]},
			"properties" : { "ANNO":"2010","ID_SEZIONE":"9965","ISTAT_COMUNE_SEZ":"6154","COMUNE_SEZ":"SAN SALVATORE MONFERRATO","PROVINCIA":"AL","ID_CENTRALE":"1283","NOME_CENTRALE":"SAN SALVATORE MONFERRATO","ISTAT_COMUNE_CENTR":"6154","COMUNE_CENTR":"SAN SALVATORE MONFERRATO","PROVINCIA_CENTR":"AL","INDIRIZZO_CENTRALE":"DON GUARONA","LATITUDINE_SEZIONE":"44.99735","LONGITUDINE_SEZIONE":"8.57040","POS_X_SEZIONE":"466139.15175","POS_Y_SEZIONE":"4982745.41572","LATITUDINE_CENTRALE":"44.99454","LONGITUDINE_CENTRALE":"8.57024","POS_X_CENTRALE":"466125.04378","POS_Y_CENTRALE":"4982434.02287","TIPO_ADSL":"ADSL_1","DESCRIZIONE_TIPO_ADSL":"ADSL (8 mega)","DISTANZA_CALCOLATA":"311.71","CLASSE_DISTANZA":"100-499","POTENZA_SEGNALE":"7000","POPOLAZIONE_SEZIONE": "332"}
			},
		 		{ "type" : "Feature",
				"geometry" : {
					"type" : "Point",
					"coordinates" : [8.55835,44.99033]},
			"properties" : { "ANNO":"2010","ID_SEZIONE":"10260","ISTAT_COMUNE_SEZ":"6154","COMUNE_SEZ":"SAN SALVATORE MONFERRATO","PROVINCIA":"AL","ID_CENTRALE":"1283","NOME_CENTRALE":"SAN SALVATORE MONFERRATO","ISTAT_COMUNE_CENTR":"6154","COMUNE_CENTR":"SAN SALVATORE MONFERRATO","PROVINCIA_CENTR":"AL","INDIRIZZO_CENTRALE":"DON GUARONA","LATITUDINE_SEZIONE":"44.99033","LONGITUDINE_SEZIONE":"8.55835","POS_X_SEZIONE":"465185.67463","POS_Y_SEZIONE":"4981970.89488","LATITUDINE_CENTRALE":"44.99454","LONGITUDINE_CENTRALE":"8.57024","POS_X_CENTRALE":"466125.04378","POS_Y_CENTRALE":"4982434.02287","TIPO_ADSL":"ADSL_1","DESCRIZIONE_TIPO_ADSL":"ADSL (8 mega)","DISTANZA_CALCOLATA":"1047.33","CLASSE_DISTANZA":"900-1299","POTENZA_SEGNALE":"7000","POPOLAZIONE_SEZIONE": "31"}
			},
		 		{ "type" : "Feature",
				"geometry" : {
					"type" : "Point",
					"coordinates" : [8.57784,44.98849]},
			"properties" : { "ANNO":"2010","ID_SEZIONE":"12296","ISTAT_COMUNE_SEZ":"6154","COMUNE_SEZ":"SAN SALVATORE MONFERRATO","PROVINCIA":"AL","ID_CENTRALE":"1283","NOME_CENTRALE":"SAN SALVATORE MONFERRATO","ISTAT_COMUNE_CENTR":"6154","COMUNE_CENTR":"SAN SALVATORE MONFERRATO","PROVINCIA_CENTR":"AL","INDIRIZZO_CENTRALE":"DON GUARONA","LATITUDINE_SEZIONE":"44.98849","LONGITUDINE_SEZIONE":"8.57784","POS_X_SEZIONE":"466720.66087","POS_Y_SEZIONE":"4981758.89975","LATITUDINE_CENTRALE":"44.99454","LONGITUDINE_CENTRALE":"8.57024","POS_X_CENTRALE":"466125.04378","POS_Y_CENTRALE":"4982434.02287","TIPO_ADSL":"ADSL_1","DESCRIZIONE_TIPO_ADSL":"ADSL (8 mega)","DISTANZA_CALCOLATA":"900.31","CLASSE_DISTANZA":"900-1299","POTENZA_SEGNALE":"7000","POPOLAZIONE_SEZIONE": "38"}
			},
		 		{ "type" : "Feature",
				"geometry" : {
					"type" : "Point",
					"coordinates" : [8.56721,44.99322]},
			"properties" : { "ANNO":"2010","ID_SEZIONE":"12935","ISTAT_COMUNE_SEZ":"6154","COMUNE_SEZ":"SAN SALVATORE MONFERRATO","PROVINCIA":"AL","ID_CENTRALE":"1283","NOME_CENTRALE":"SAN SALVATORE MONFERRATO","ISTAT_COMUNE_CENTR":"6154","COMUNE_CENTR":"SAN SALVATORE MONFERRATO","PROVINCIA_CENTR":"AL","INDIRIZZO_CENTRALE":"DON GUARONA","LATITUDINE_SEZIONE":"44.99322","LONGITUDINE_SEZIONE":"8.56721","POS_X_SEZIONE":"465885.46343","POS_Y_SEZIONE":"4982288.40503","LATITUDINE_CENTRALE":"44.99454","LONGITUDINE_CENTRALE":"8.57024","POS_X_CENTRALE":"466125.04378","POS_Y_CENTRALE":"4982434.02287","TIPO_ADSL":"ADSL_1","DESCRIZIONE_TIPO_ADSL":"ADSL (8 mega)","DISTANZA_CALCOLATA":"280.36","CLASSE_DISTANZA":"100-499","POTENZA_SEGNALE":"7000","POPOLAZIONE_SEZIONE": "366"}
			},
		 		{ "type" : "Feature",
				"geometry" : {
					"type" : "Point",
					"coordinates" : [8.54904,45.02393]},
			"properties" : { "ANNO":"2010","ID_SEZIONE":"15462","ISTAT_COMUNE_SEZ":"6154","COMUNE_SEZ":"SAN SALVATORE MONFERRATO","PROVINCIA":"AL","ID_CENTRALE":"1283","NOME_CENTRALE":"SAN SALVATORE MONFERRATO","ISTAT_COMUNE_CENTR":"6154","COMUNE_CENTR":"SAN SALVATORE MONFERRATO","PROVINCIA_CENTR":"AL","INDIRIZZO_CENTRALE":"DON GUARONA","LATITUDINE_SEZIONE":"45.02393","LONGITUDINE_SEZIONE":"8.54904","POS_X_SEZIONE":"464472.07719","POS_Y_SEZIONE":"4985707.47908","LATITUDINE_CENTRALE":"44.99454","LONGITUDINE_CENTRALE":"8.57024","POS_X_CENTRALE":"466125.04378","POS_Y_CENTRALE":"4982434.02287","TIPO_ADSL":"ADSL_1","DESCRIZIONE_TIPO_ADSL":"ADSL (8 mega)","DISTANZA_CALCOLATA":"3667.13","CLASSE_DISTANZA":"3300-3699","POTENZA_SEGNALE":"3999.63","POPOLAZIONE_SEZIONE": "56"}
			},
		 		{ "type" : "Feature",
				"geometry" : {
					"type" : "Point",
					"coordinates" : [8.52885,45.00717]},
			"properties" : { "ANNO":"2010","ID_SEZIONE":"16081","ISTAT_COMUNE_SEZ":"6154","COMUNE_SEZ":"SAN SALVATORE MONFERRATO","PROVINCIA":"AL","ID_CENTRALE":"1283","NOME_CENTRALE":"SAN SALVATORE MONFERRATO","ISTAT_COMUNE_CENTR":"6154","COMUNE_CENTR":"SAN SALVATORE MONFERRATO","PROVINCIA_CENTR":"AL","INDIRIZZO_CENTRALE":"DON GUARONA","LATITUDINE_SEZIONE":"45.00717","LONGITUDINE_SEZIONE":"8.52885","POS_X_SEZIONE":"462871.08647","POS_Y_SEZIONE":"4983854.92228","LATITUDINE_CENTRALE":"44.99454","LONGITUDINE_CENTRALE":"8.57024","POS_X_CENTRALE":"466125.04378","POS_Y_CENTRALE":"4982434.02287","TIPO_ADSL":"ADSL_1","DESCRIZIONE_TIPO_ADSL":"ADSL (8 mega)","DISTANZA_CALCOLATA":"3550.66","CLASSE_DISTANZA":"3300-3699","POTENZA_SEGNALE":"3999.63","POPOLAZIONE_SEZIONE": "68"}
			},
		 		{ "type" : "Feature",
				"geometry" : {
					"type" : "Point",
					"coordinates" : [8.56777,45.01291]},
			"properties" : { "ANNO":"2010","ID_SEZIONE":"16831","ISTAT_COMUNE_SEZ":"6154","COMUNE_SEZ":"SAN SALVATORE MONFERRATO","PROVINCIA":"AL","ID_CENTRALE":"1283","NOME_CENTRALE":"SAN SALVATORE MONFERRATO","ISTAT_COMUNE_CENTR":"6154","COMUNE_CENTR":"SAN SALVATORE MONFERRATO","PROVINCIA_CENTR":"AL","INDIRIZZO_CENTRALE":"DON GUARONA","LATITUDINE_SEZIONE":"45.01291","LONGITUDINE_SEZIONE":"8.56777","POS_X_SEZIONE":"465940.90125","POS_Y_SEZIONE":"4984474.95581","LATITUDINE_CENTRALE":"44.99454","LONGITUDINE_CENTRALE":"8.57024","POS_X_CENTRALE":"466125.04378","POS_Y_CENTRALE":"4982434.02287","TIPO_ADSL":"ADSL_1","DESCRIZIONE_TIPO_ADSL":"ADSL (8 mega)","DISTANZA_CALCOLATA":"2049.22","CLASSE_DISTANZA":"1700-2099","POTENZA_SEGNALE":"6874.88","POPOLAZIONE_SEZIONE": "73"}
			},
		 		{ "type" : "Feature",
				"geometry" : {
					"type" : "Point",
					"coordinates" : [8.53310,45.00967]},
			"properties" : { "ANNO":"2010","ID_SEZIONE":"18102","ISTAT_COMUNE_SEZ":"6154","COMUNE_SEZ":"SAN SALVATORE MONFERRATO","PROVINCIA":"AL","ID_CENTRALE":"1283","NOME_CENTRALE":"SAN SALVATORE MONFERRATO","ISTAT_COMUNE_CENTR":"6154","COMUNE_CENTR":"SAN SALVATORE MONFERRATO","PROVINCIA_CENTR":"AL","INDIRIZZO_CENTRALE":"DON GUARONA","LATITUDINE_SEZIONE":"45.00967","LONGITUDINE_SEZIONE":"8.53310","POS_X_SEZIONE":"463207.62202","POS_Y_SEZIONE":"4984130.43153","LATITUDINE_CENTRALE":"44.99454","LONGITUDINE_CENTRALE":"8.57024","POS_X_CENTRALE":"466125.04378","POS_Y_CENTRALE":"4982434.02287","TIPO_ADSL":"ADSL_1","DESCRIZIONE_TIPO_ADSL":"ADSL (8 mega)","DISTANZA_CALCOLATA":"3374.78","CLASSE_DISTANZA":"3300-3699","POTENZA_SEGNALE":"3999.63","POPOLAZIONE_SEZIONE": "17"}
			},
		 		{ "type" : "Feature",
				"geometry" : {
					"type" : "Point",
					"coordinates" : [8.59165,45.00771]},
			"properties" : { "ANNO":"2010","ID_SEZIONE":"19111","ISTAT_COMUNE_SEZ":"6154","COMUNE_SEZ":"SAN SALVATORE MONFERRATO","PROVINCIA":"AL","ID_CENTRALE":"1283","NOME_CENTRALE":"SAN SALVATORE MONFERRATO","ISTAT_COMUNE_CENTR":"6154","COMUNE_CENTR":"SAN SALVATORE MONFERRATO","PROVINCIA_CENTR":"AL","INDIRIZZO_CENTRALE":"DON GUARONA","LATITUDINE_SEZIONE":"45.00771","LONGITUDINE_SEZIONE":"8.59165","POS_X_SEZIONE":"467820.04161","POS_Y_SEZIONE":"4983887.44810","LATITUDINE_CENTRALE":"44.99454","LONGITUDINE_CENTRALE":"8.57024","POS_X_CENTRALE":"466125.04378","POS_Y_CENTRALE":"4982434.02287","TIPO_ADSL":"ADSL_1","DESCRIZIONE_TIPO_ADSL":"ADSL (8 mega)","DISTANZA_CALCOLATA":"2232.81","CLASSE_DISTANZA":"2100-2499","POTENZA_SEGNALE":"6500.38","POPOLAZIONE_SEZIONE": "23"}
			},
		 		{ "type" : "Feature",
				"geometry" : {
					"type" : "Point",
					"coordinates" : [8.56931,44.99602]},
			"properties" : { "ANNO":"2010","ID_SEZIONE":"19112","ISTAT_COMUNE_SEZ":"6154","COMUNE_SEZ":"SAN SALVATORE MONFERRATO","PROVINCIA":"AL","ID_CENTRALE":"1283","NOME_CENTRALE":"SAN SALVATORE MONFERRATO","ISTAT_COMUNE_CENTR":"6154","COMUNE_CENTR":"SAN SALVATORE MONFERRATO","PROVINCIA_CENTR":"AL","INDIRIZZO_CENTRALE":"DON GUARONA","LATITUDINE_SEZIONE":"44.99602","LONGITUDINE_SEZIONE":"8.56931","POS_X_SEZIONE":"466052.49524","POS_Y_SEZIONE":"4982598.91204","LATITUDINE_CENTRALE":"44.99454","LONGITUDINE_CENTRALE":"8.57024","POS_X_CENTRALE":"466125.04378","POS_Y_CENTRALE":"4982434.02287","TIPO_ADSL":"ADSL_1","DESCRIZIONE_TIPO_ADSL":"ADSL (8 mega)","DISTANZA_CALCOLATA":"180.14","CLASSE_DISTANZA":"100-499","POTENZA_SEGNALE":"7000","POPOLAZIONE_SEZIONE": "407"}
			},
		 		{ "type" : "Feature",
				"geometry" : {
					"type" : "Point",
					"coordinates" : [8.57657,44.96922]},
			"properties" : { "ANNO":"2010","ID_SEZIONE":"19114","ISTAT_COMUNE_SEZ":"6051","COMUNE_SEZ":"CASTELLETTO MONFERRATO","PROVINCIA":"AL","ID_CENTRALE":"1283","NOME_CENTRALE":"SAN SALVATORE MONFERRATO","ISTAT_COMUNE_CENTR":"6154","COMUNE_CENTR":"SAN SALVATORE MONFERRATO","PROVINCIA_CENTR":"AL","INDIRIZZO_CENTRALE":"DON GUARONA","LATITUDINE_SEZIONE":"44.96922","LONGITUDINE_SEZIONE":"8.57657","POS_X_SEZIONE":"466609.29063","POS_Y_SEZIONE":"4979617.85757","LATITUDINE_CENTRALE":"44.99454","LONGITUDINE_CENTRALE":"8.57024","POS_X_CENTRALE":"466125.04378","POS_Y_CENTRALE":"4982434.02287","TIPO_ADSL":"ADSL_1","DESCRIZIONE_TIPO_ADSL":"ADSL (8 mega)","DISTANZA_CALCOLATA":"2857.5","CLASSE_DISTANZA":"2500-2899","POTENZA_SEGNALE":"5749.63","POPOLAZIONE_SEZIONE": "53"}
			},
		 		{ "type" : "Feature",
				"geometry" : {
					"type" : "Point",
					"coordinates" : [8.56337,44.99610]},
			"properties" : { "ANNO":"2010","ID_SEZIONE":"19510","ISTAT_COMUNE_SEZ":"6154","COMUNE_SEZ":"SAN SALVATORE MONFERRATO","PROVINCIA":"AL","ID_CENTRALE":"1283","NOME_CENTRALE":"SAN SALVATORE MONFERRATO","ISTAT_COMUNE_CENTR":"6154","COMUNE_CENTR":"SAN SALVATORE MONFERRATO","PROVINCIA_CENTR":"AL","INDIRIZZO_CENTRALE":"DON GUARONA","LATITUDINE_SEZIONE":"44.99610","LONGITUDINE_SEZIONE":"8.56337","POS_X_SEZIONE":"465584.30247","POS_Y_SEZIONE":"4982609.90980","LATITUDINE_CENTRALE":"44.99454","LONGITUDINE_CENTRALE":"8.57024","POS_X_CENTRALE":"466125.04378","POS_Y_CENTRALE":"4982434.02287","TIPO_ADSL":"ADSL_1","DESCRIZIONE_TIPO_ADSL":"ADSL (8 mega)","DISTANZA_CALCOLATA":"568.63","CLASSE_DISTANZA":"500-899","POTENZA_SEGNALE":"7000","POPOLAZIONE_SEZIONE": "705"}
			},
		 		{ "type" : "Feature",
				"geometry" : {
					"type" : "Point",
					"coordinates" : [8.56592,45.02567]},
			"properties" : { "ANNO":"2010","ID_SEZIONE":"19956","ISTAT_COMUNE_SEZ":"6154","COMUNE_SEZ":"SAN SALVATORE MONFERRATO","PROVINCIA":"AL","ID_CENTRALE":"1283","NOME_CENTRALE":"SAN SALVATORE MONFERRATO","ISTAT_COMUNE_CENTR":"6154","COMUNE_CENTR":"SAN SALVATORE MONFERRATO","PROVINCIA_CENTR":"AL","INDIRIZZO_CENTRALE":"DON GUARONA","LATITUDINE_SEZIONE":"45.02567","LONGITUDINE_SEZIONE":"8.56592","POS_X_SEZIONE":"465802.77799","POS_Y_SEZIONE":"4985893.99095","LATITUDINE_CENTRALE":"44.99454","LONGITUDINE_CENTRALE":"8.57024","POS_X_CENTRALE":"466125.04378","POS_Y_CENTRALE":"4982434.02287","TIPO_ADSL":"ADSL_1","DESCRIZIONE_TIPO_ADSL":"ADSL (8 mega)","DISTANZA_CALCOLATA":"3474.94","CLASSE_DISTANZA":"3300-3699","POTENZA_SEGNALE":"3999.63","POPOLAZIONE_SEZIONE": ""}
			},
		 		{ "type" : "Feature",
				"geometry" : {
					"type" : "Point",
					"coordinates" : [8.54361,44.96388]},
			"properties" : { "ANNO":"2010","ID_SEZIONE":"19959","ISTAT_COMUNE_SEZ":"6051","COMUNE_SEZ":"CASTELLETTO MONFERRATO","PROVINCIA":"AL","ID_CENTRALE":"1283","NOME_CENTRALE":"SAN SALVATORE MONFERRATO","ISTAT_COMUNE_CENTR":"6154","COMUNE_CENTR":"SAN SALVATORE MONFERRATO","PROVINCIA_CENTR":"AL","INDIRIZZO_CENTRALE":"DON GUARONA","LATITUDINE_SEZIONE":"44.96388","LONGITUDINE_SEZIONE":"8.54361","POS_X_SEZIONE":"464006.91905","POS_Y_SEZIONE":"4979038.83165","LATITUDINE_CENTRALE":"44.99454","LONGITUDINE_CENTRALE":"8.57024","POS_X_CENTRALE":"466125.04378","POS_Y_CENTRALE":"4982434.02287","TIPO_ADSL":"ADSL_1","DESCRIZIONE_TIPO_ADSL":"ADSL (8 mega)","DISTANZA_CALCOLATA":"4001.72","CLASSE_DISTANZA":"3700-4099","POTENZA_SEGNALE":"3000.38","POPOLAZIONE_SEZIONE": "5"}
			},
		 		{ "type" : "Feature",
				"geometry" : {
					"type" : "Point",
					"coordinates" : [8.56280,44.99758]},
			"properties" : { "ANNO":"2010","ID_SEZIONE":"20134","ISTAT_COMUNE_SEZ":"6154","COMUNE_SEZ":"SAN SALVATORE MONFERRATO","PROVINCIA":"AL","ID_CENTRALE":"1283","NOME_CENTRALE":"SAN SALVATORE MONFERRATO","ISTAT_COMUNE_CENTR":"6154","COMUNE_CENTR":"SAN SALVATORE MONFERRATO","PROVINCIA_CENTR":"AL","INDIRIZZO_CENTRALE":"DON GUARONA","LATITUDINE_SEZIONE":"44.99758","LONGITUDINE_SEZIONE":"8.56280","POS_X_SEZIONE":"465540.42612","POS_Y_SEZIONE":"4982774.41232","LATITUDINE_CENTRALE":"44.99454","LONGITUDINE_CENTRALE":"8.57024","POS_X_CENTRALE":"466125.04378","POS_Y_CENTRALE":"4982434.02287","TIPO_ADSL":"ADSL_1","DESCRIZIONE_TIPO_ADSL":"ADSL (8 mega)","DISTANZA_CALCOLATA":"676.49","CLASSE_DISTANZA":"500-899","POTENZA_SEGNALE":"7000","POPOLAZIONE_SEZIONE": "70"}
			},
		 		{ "type" : "Feature",
				"geometry" : {
					"type" : "Point",
					"coordinates" : [8.58504,44.92483]},
			"properties" : { "ANNO":"2010","ID_SEZIONE":"20918","ISTAT_COMUNE_SEZ":"6003","COMUNE_SEZ":"ALESSANDRIA","PROVINCIA":"AL","ID_CENTRALE":"1283","NOME_CENTRALE":"SAN SALVATORE MONFERRATO","ISTAT_COMUNE_CENTR":"6154","COMUNE_CENTR":"SAN SALVATORE MONFERRATO","PROVINCIA_CENTR":"AL","INDIRIZZO_CENTRALE":"DON GUARONA","LATITUDINE_SEZIONE":"44.92483","LONGITUDINE_SEZIONE":"8.58504","POS_X_SEZIONE":"467252.37287","POS_Y_SEZIONE":"4974684.26345","LATITUDINE_CENTRALE":"44.99454","LONGITUDINE_CENTRALE":"8.57024","POS_X_CENTRALE":"466125.04378","POS_Y_CENTRALE":"4982434.02287","TIPO_ADSL":"ADSL_1","DESCRIZIONE_TIPO_ADSL":"ADSL (8 mega)","DISTANZA_CALCOLATA":"7831.32","CLASSE_DISTANZA":"6100 e oltre","POTENZA_SEGNALE":"0.00","POPOLAZIONE_SEZIONE": "15"}
			},
		 		{ "type" : "Feature",
				"geometry" : {
					"type" : "Point",
					"coordinates" : [8.54349,45.00579]},
			"properties" : { "ANNO":"2010","ID_SEZIONE":"21768","ISTAT_COMUNE_SEZ":"6154","COMUNE_SEZ":"SAN SALVATORE MONFERRATO","PROVINCIA":"AL","ID_CENTRALE":"1283","NOME_CENTRALE":"SAN SALVATORE MONFERRATO","ISTAT_COMUNE_CENTR":"6154","COMUNE_CENTR":"SAN SALVATORE MONFERRATO","PROVINCIA_CENTR":"AL","INDIRIZZO_CENTRALE":"DON GUARONA","LATITUDINE_SEZIONE":"45.00579","LONGITUDINE_SEZIONE":"8.54349","POS_X_SEZIONE":"464023.22317","POS_Y_SEZIONE":"4983695.42506","LATITUDINE_CENTRALE":"44.99454","LONGITUDINE_CENTRALE":"8.57024","POS_X_CENTRALE":"466125.04378","POS_Y_CENTRALE":"4982434.02287","TIPO_ADSL":"ADSL_1","DESCRIZIONE_TIPO_ADSL":"ADSL (8 mega)","DISTANZA_CALCOLATA":"2451.28","CLASSE_DISTANZA":"2100-2499","POTENZA_SEGNALE":"6500.38","POPOLAZIONE_SEZIONE": "86"}
			},
		 		{ "type" : "Feature",
				"geometry" : {
					"type" : "Point",
					"coordinates" : [8.57371,44.96491]},
			"properties" : { "ANNO":"2010","ID_SEZIONE":"22269","ISTAT_COMUNE_SEZ":"6051","COMUNE_SEZ":"CASTELLETTO MONFERRATO","PROVINCIA":"AL","ID_CENTRALE":"1283","NOME_CENTRALE":"SAN SALVATORE MONFERRATO","ISTAT_COMUNE_CENTR":"6154","COMUNE_CENTR":"SAN SALVATORE MONFERRATO","PROVINCIA_CENTR":"AL","INDIRIZZO_CENTRALE":"DON GUARONA","LATITUDINE_SEZIONE":"44.96491","LONGITUDINE_SEZIONE":"8.57371","POS_X_SEZIONE":"466381.25812","POS_Y_SEZIONE":"4979140.34691","LATITUDINE_CENTRALE":"44.99454","LONGITUDINE_CENTRALE":"8.57024","POS_X_CENTRALE":"466125.04378","POS_Y_CENTRALE":"4982434.02287","TIPO_ADSL":"ADSL_1","DESCRIZIONE_TIPO_ADSL":"ADSL (8 mega)","DISTANZA_CALCOLATA":"3303.63","CLASSE_DISTANZA":"3300-3699","POTENZA_SEGNALE":"3999.63","POPOLAZIONE_SEZIONE": "71"}
			},
		 		{ "type" : "Feature",
				"geometry" : {
					"type" : "Point",
					"coordinates" : [8.55624,44.97484]},
			"properties" : { "ANNO":"2010","ID_SEZIONE":"22909","ISTAT_COMUNE_SEZ":"6051","COMUNE_SEZ":"CASTELLETTO MONFERRATO","PROVINCIA":"AL","ID_CENTRALE":"1283","NOME_CENTRALE":"SAN SALVATORE MONFERRATO","ISTAT_COMUNE_CENTR":"6154","COMUNE_CENTR":"SAN SALVATORE MONFERRATO","PROVINCIA_CENTR":"AL","INDIRIZZO_CENTRALE":"DON GUARONA","LATITUDINE_SEZIONE":"44.97484","LONGITUDINE_SEZIONE":"8.55624","POS_X_SEZIONE":"465009.80212","POS_Y_SEZIONE":"4980251.36080","LATITUDINE_CENTRALE":"44.99454","LONGITUDINE_CENTRALE":"8.57024","POS_X_CENTRALE":"466125.04378","POS_Y_CENTRALE":"4982434.02287","TIPO_ADSL":"ADSL_1","DESCRIZIONE_TIPO_ADSL":"ADSL (8 mega)","DISTANZA_CALCOLATA":"2451.08","CLASSE_DISTANZA":"2100-2499","POTENZA_SEGNALE":"6500.38","POPOLAZIONE_SEZIONE": "41"}
			},
		 		{ "type" : "Feature",
				"geometry" : {
					"type" : "Point",
					"coordinates" : [8.55026,45.01171]},
			"properties" : { "ANNO":"2010","ID_SEZIONE":"26471","ISTAT_COMUNE_SEZ":"6154","COMUNE_SEZ":"SAN SALVATORE MONFERRATO","PROVINCIA":"AL","ID_CENTRALE":"1283","NOME_CENTRALE":"SAN SALVATORE MONFERRATO","ISTAT_COMUNE_CENTR":"6154","COMUNE_CENTR":"SAN SALVATORE MONFERRATO","PROVINCIA_CENTR":"AL","INDIRIZZO_CENTRALE":"DON GUARONA","LATITUDINE_SEZIONE":"45.01171","LONGITUDINE_SEZIONE":"8.55026","POS_X_SEZIONE":"464560.98087","POS_Y_SEZIONE":"4984349.94487","LATITUDINE_CENTRALE":"44.99454","LONGITUDINE_CENTRALE":"8.57024","POS_X_CENTRALE":"466125.04378","POS_Y_CENTRALE":"4982434.02287","TIPO_ADSL":"ADSL_1","DESCRIZIONE_TIPO_ADSL":"ADSL (8 mega)","DISTANZA_CALCOLATA":"2473.27","CLASSE_DISTANZA":"2100-2499","POTENZA_SEGNALE":"6500.38","POPOLAZIONE_SEZIONE": "2"}
			},
		 		{ "type" : "Feature",
				"geometry" : {
					"type" : "Point",
					"coordinates" : [8.58709,45.01798]},
			"properties" : { "ANNO":"2010","ID_SEZIONE":"28543","ISTAT_COMUNE_SEZ":"6154","COMUNE_SEZ":"SAN SALVATORE MONFERRATO","PROVINCIA":"AL","ID_CENTRALE":"1283","NOME_CENTRALE":"SAN SALVATORE MONFERRATO","ISTAT_COMUNE_CENTR":"6154","COMUNE_CENTR":"SAN SALVATORE MONFERRATO","PROVINCIA_CENTR":"AL","INDIRIZZO_CENTRALE":"DON GUARONA","LATITUDINE_SEZIONE":"45.01798","LONGITUDINE_SEZIONE":"8.58709","POS_X_SEZIONE":"467466.50970","POS_Y_SEZIONE":"4985030.47581","LATITUDINE_CENTRALE":"44.99454","LONGITUDINE_CENTRALE":"8.57024","POS_X_CENTRALE":"466125.04378","POS_Y_CENTRALE":"4982434.02287","TIPO_ADSL":"ADSL_1","DESCRIZIONE_TIPO_ADSL":"ADSL (8 mega)","DISTANZA_CALCOLATA":"2922.52","CLASSE_DISTANZA":"2900-3299","POTENZA_SEGNALE":"4999.75","POPOLAZIONE_SEZIONE": "68"}
			},
		 		{ "type" : "Feature",
				"geometry" : {
					"type" : "Point",
					"coordinates" : [8.55497,44.99722]},
			"properties" : { "ANNO":"2010","ID_SEZIONE":"28548","ISTAT_COMUNE_SEZ":"6154","COMUNE_SEZ":"SAN SALVATORE MONFERRATO","PROVINCIA":"AL","ID_CENTRALE":"1283","NOME_CENTRALE":"SAN SALVATORE MONFERRATO","ISTAT_COMUNE_CENTR":"6154","COMUNE_CENTR":"SAN SALVATORE MONFERRATO","PROVINCIA_CENTR":"AL","INDIRIZZO_CENTRALE":"DON GUARONA","LATITUDINE_SEZIONE":"44.99722","LONGITUDINE_SEZIONE":"8.55497","POS_X_SEZIONE":"464923.16967","POS_Y_SEZIONE":"4982737.90826","LATITUDINE_CENTRALE":"44.99454","LONGITUDINE_CENTRALE":"8.57024","POS_X_CENTRALE":"466125.04378","POS_Y_CENTRALE":"4982434.02287","TIPO_ADSL":"ADSL_1","DESCRIZIONE_TIPO_ADSL":"ADSL (8 mega)","DISTANZA_CALCOLATA":"1239.7","CLASSE_DISTANZA":"900-1299","POTENZA_SEGNALE":"7000","POPOLAZIONE_SEZIONE": "39"}
			},
		 		{ "type" : "Feature",
				"geometry" : {
					"type" : "Point",
					"coordinates" : [8.56304,45.01780]},
			"properties" : { "ANNO":"2010","ID_SEZIONE":"29250","ISTAT_COMUNE_SEZ":"6154","COMUNE_SEZ":"SAN SALVATORE MONFERRATO","PROVINCIA":"AL","ID_CENTRALE":"1283","NOME_CENTRALE":"SAN SALVATORE MONFERRATO","ISTAT_COMUNE_CENTR":"6154","COMUNE_CENTR":"SAN SALVATORE MONFERRATO","PROVINCIA_CENTR":"AL","INDIRIZZO_CENTRALE":"DON GUARONA","LATITUDINE_SEZIONE":"45.01780","LONGITUDINE_SEZIONE":"8.56304","POS_X_SEZIONE":"465571.36781","POS_Y_SEZIONE":"4985020.96746","LATITUDINE_CENTRALE":"44.99454","LONGITUDINE_CENTRALE":"8.57024","POS_X_CENTRALE":"466125.04378","POS_Y_CENTRALE":"4982434.02287","TIPO_ADSL":"ADSL_1","DESCRIZIONE_TIPO_ADSL":"ADSL (8 mega)","DISTANZA_CALCOLATA":"2645.53","CLASSE_DISTANZA":"2500-2899","POTENZA_SEGNALE":"5749.63","POPOLAZIONE_SEZIONE": "48"}
			},
		 		{ "type" : "Feature",
				"geometry" : {
					"type" : "Point",
					"coordinates" : [8.57763,44.99508]},
			"properties" : { "ANNO":"2010","ID_SEZIONE":"29479","ISTAT_COMUNE_SEZ":"6154","COMUNE_SEZ":"SAN SALVATORE MONFERRATO","PROVINCIA":"AL","ID_CENTRALE":"1283","NOME_CENTRALE":"SAN SALVATORE MONFERRATO","ISTAT_COMUNE_CENTR":"6154","COMUNE_CENTR":"SAN SALVATORE MONFERRATO","PROVINCIA_CENTR":"AL","INDIRIZZO_CENTRALE":"DON GUARONA","LATITUDINE_SEZIONE":"44.99508","LONGITUDINE_SEZIONE":"8.57763","POS_X_SEZIONE":"466708.00270","POS_Y_SEZIONE":"4982490.91383","LATITUDINE_CENTRALE":"44.99454","LONGITUDINE_CENTRALE":"8.57024","POS_X_CENTRALE":"466125.04378","POS_Y_CENTRALE":"4982434.02287","TIPO_ADSL":"ADSL_1","DESCRIZIONE_TIPO_ADSL":"ADSL (8 mega)","DISTANZA_CALCOLATA":"585.73","CLASSE_DISTANZA":"500-899","POTENZA_SEGNALE":"7000","POPOLAZIONE_SEZIONE": "46"}
			},
		 		{ "type" : "Feature",
				"geometry" : {
					"type" : "Point",
					"coordinates" : [8.53432,44.98761]},
			"properties" : { "ANNO":"2010","ID_SEZIONE":"29876","ISTAT_COMUNE_SEZ":"6154","COMUNE_SEZ":"SAN SALVATORE MONFERRATO","PROVINCIA":"AL","ID_CENTRALE":"1283","NOME_CENTRALE":"SAN SALVATORE MONFERRATO","ISTAT_COMUNE_CENTR":"6154","COMUNE_CENTR":"SAN SALVATORE MONFERRATO","PROVINCIA_CENTR":"AL","INDIRIZZO_CENTRALE":"DON GUARONA","LATITUDINE_SEZIONE":"44.98761","LONGITUDINE_SEZIONE":"8.53432","POS_X_SEZIONE":"463289.68640","POS_Y_SEZIONE":"4981679.37796","LATITUDINE_CENTRALE":"44.99454","LONGITUDINE_CENTRALE":"8.57024","POS_X_CENTRALE":"466125.04378","POS_Y_CENTRALE":"4982434.02287","TIPO_ADSL":"ADSL_1","DESCRIZIONE_TIPO_ADSL":"ADSL (8 mega)","DISTANZA_CALCOLATA":"2934.07","CLASSE_DISTANZA":"2900-3299","POTENZA_SEGNALE":"4999.75","POPOLAZIONE_SEZIONE": "67"}
			},
		 		{ "type" : "Feature",
				"geometry" : {
					"type" : "Point",
					"coordinates" : [8.54476,44.98908]},
			"properties" : { "ANNO":"2010","ID_SEZIONE":"29877","ISTAT_COMUNE_SEZ":"6154","COMUNE_SEZ":"SAN SALVATORE MONFERRATO","PROVINCIA":"AL","ID_CENTRALE":"1283","NOME_CENTRALE":"SAN SALVATORE MONFERRATO","ISTAT_COMUNE_CENTR":"6154","COMUNE_CENTR":"SAN SALVATORE MONFERRATO","PROVINCIA_CENTR":"AL","INDIRIZZO_CENTRALE":"DON GUARONA","LATITUDINE_SEZIONE":"44.98908","LONGITUDINE_SEZIONE":"8.54476","POS_X_SEZIONE":"464113.28807","POS_Y_SEZIONE":"4981837.88599","LATITUDINE_CENTRALE":"44.99454","LONGITUDINE_CENTRALE":"8.57024","POS_X_CENTRALE":"466125.04378","POS_Y_CENTRALE":"4982434.02287","TIPO_ADSL":"ADSL_1","DESCRIZIONE_TIPO_ADSL":"ADSL (8 mega)","DISTANZA_CALCOLATA":"2098.22","CLASSE_DISTANZA":"1700-2099","POTENZA_SEGNALE":"6874.88","POPOLAZIONE_SEZIONE": "40"}
			},
		 		{ "type" : "Feature",
				"geometry" : {
					"type" : "Point",
					"coordinates" : [8.57642,44.97944]},
			"properties" : { "ANNO":"2010","ID_SEZIONE":"29879","ISTAT_COMUNE_SEZ":"6051","COMUNE_SEZ":"CASTELLETTO MONFERRATO","PROVINCIA":"AL","ID_CENTRALE":"1283","NOME_CENTRALE":"SAN SALVATORE MONFERRATO","ISTAT_COMUNE_CENTR":"6154","COMUNE_CENTR":"SAN SALVATORE MONFERRATO","PROVINCIA_CENTR":"AL","INDIRIZZO_CENTRALE":"DON GUARONA","LATITUDINE_SEZIONE":"44.97944","LONGITUDINE_SEZIONE":"8.57642","POS_X_SEZIONE":"466603.47534","POS_Y_SEZIONE":"4980753.37987","LATITUDINE_CENTRALE":"44.99454","LONGITUDINE_CENTRALE":"8.57024","POS_X_CENTRALE":"466125.04378","POS_Y_CENTRALE":"4982434.02287","TIPO_ADSL":"ADSL_1","DESCRIZIONE_TIPO_ADSL":"ADSL (8 mega)","DISTANZA_CALCOLATA":"1747.41","CLASSE_DISTANZA":"1700-2099","POTENZA_SEGNALE":"6874.88","POPOLAZIONE_SEZIONE": "44"}
			},
		 		{ "type" : "Feature",
				"geometry" : {
					"type" : "Point",
					"coordinates" : [8.56641,45.01585]},
			"properties" : { "ANNO":"2010","ID_SEZIONE":"30095","ISTAT_COMUNE_SEZ":"6154","COMUNE_SEZ":"SAN SALVATORE MONFERRATO","PROVINCIA":"AL","ID_CENTRALE":"1283","NOME_CENTRALE":"SAN SALVATORE MONFERRATO","ISTAT_COMUNE_CENTR":"6154","COMUNE_CENTR":"SAN SALVATORE MONFERRATO","PROVINCIA_CENTR":"AL","INDIRIZZO_CENTRALE":"DON GUARONA","LATITUDINE_SEZIONE":"45.01585","LONGITUDINE_SEZIONE":"8.56641","POS_X_SEZIONE":"465835.58900","POS_Y_SEZIONE":"4984802.96349","LATITUDINE_CENTRALE":"44.99454","LONGITUDINE_CENTRALE":"8.57024","POS_X_CENTRALE":"466125.04378","POS_Y_CENTRALE":"4982434.02287","TIPO_ADSL":"ADSL_1","DESCRIZIONE_TIPO_ADSL":"ADSL (8 mega)","DISTANZA_CALCOLATA":"2386.56","CLASSE_DISTANZA":"2100-2499","POTENZA_SEGNALE":"6500.38","POPOLAZIONE_SEZIONE": "33"}
			},
		 		{ "type" : "Feature",
				"geometry" : {
					"type" : "Point",
					"coordinates" : [8.56662,44.98802]},
			"properties" : { "ANNO":"2010","ID_SEZIONE":"30904","ISTAT_COMUNE_SEZ":"6154","COMUNE_SEZ":"SAN SALVATORE MONFERRATO","PROVINCIA":"AL","ID_CENTRALE":"1283","NOME_CENTRALE":"SAN SALVATORE MONFERRATO","ISTAT_COMUNE_CENTR":"6154","COMUNE_CENTR":"SAN SALVATORE MONFERRATO","PROVINCIA_CENTR":"AL","INDIRIZZO_CENTRALE":"DON GUARONA","LATITUDINE_SEZIONE":"44.98802","LONGITUDINE_SEZIONE":"8.56662","POS_X_SEZIONE":"465835.65146","POS_Y_SEZIONE":"4981711.39383","LATITUDINE_CENTRALE":"44.99454","LONGITUDINE_CENTRALE":"8.57024","POS_X_CENTRALE":"466125.04378","POS_Y_CENTRALE":"4982434.02287","TIPO_ADSL":"ADSL_1","DESCRIZIONE_TIPO_ADSL":"ADSL (8 mega)","DISTANZA_CALCOLATA":"778.42","CLASSE_DISTANZA":"500-899","POTENZA_SEGNALE":"7000","POPOLAZIONE_SEZIONE": ""}
			},
		 		{ "type" : "Feature",
				"geometry" : {
					"type" : "Point",
					"coordinates" : [8.55971,45.01000]},
			"properties" : { "ANNO":"2010","ID_SEZIONE":"31291","ISTAT_COMUNE_SEZ":"6154","COMUNE_SEZ":"SAN SALVATORE MONFERRATO","PROVINCIA":"AL","ID_CENTRALE":"1283","NOME_CENTRALE":"SAN SALVATORE MONFERRATO","ISTAT_COMUNE_CENTR":"6154","COMUNE_CENTR":"SAN SALVATORE MONFERRATO","PROVINCIA_CENTR":"AL","INDIRIZZO_CENTRALE":"DON GUARONA","LATITUDINE_SEZIONE":"45.01000","LONGITUDINE_SEZIONE":"8.55971","POS_X_SEZIONE":"465304.70695","POS_Y_SEZIONE":"4984154.94404","LATITUDINE_CENTRALE":"44.99454","LONGITUDINE_CENTRALE":"8.57024","POS_X_CENTRALE":"466125.04378","POS_Y_CENTRALE":"4982434.02287","TIPO_ADSL":"ADSL_1","DESCRIZIONE_TIPO_ADSL":"ADSL (8 mega)","DISTANZA_CALCOLATA":"1906.44","CLASSE_DISTANZA":"1700-2099","POTENZA_SEGNALE":"6874.88","POPOLAZIONE_SEZIONE": "112"}
			},
		 		{ "type" : "Feature",
				"geometry" : {
					"type" : "Point",
					"coordinates" : [8.57916,44.95888]},
			"properties" : { "ANNO":"2010","ID_SEZIONE":"31298","ISTAT_COMUNE_SEZ":"6003","COMUNE_SEZ":"ALESSANDRIA","PROVINCIA":"AL","ID_CENTRALE":"1283","NOME_CENTRALE":"SAN SALVATORE MONFERRATO","ISTAT_COMUNE_CENTR":"6154","COMUNE_CENTR":"SAN SALVATORE MONFERRATO","PROVINCIA_CENTR":"AL","INDIRIZZO_CENTRALE":"DON GUARONA","LATITUDINE_SEZIONE":"44.95888","LONGITUDINE_SEZIONE":"8.57916","POS_X_SEZIONE":"466807.48327","POS_Y_SEZIONE":"4978468.33565","LATITUDINE_CENTRALE":"44.99454","LONGITUDINE_CENTRALE":"8.57024","POS_X_CENTRALE":"466125.04378","POS_Y_CENTRALE":"4982434.02287","TIPO_ADSL":"ADSL_1","DESCRIZIONE_TIPO_ADSL":"ADSL (8 mega)","DISTANZA_CALCOLATA":"4023.98","CLASSE_DISTANZA":"3700-4099","POTENZA_SEGNALE":"3000.38","POPOLAZIONE_SEZIONE": "104"}
			},
		 		{ "type" : "Feature",
				"geometry" : {
					"type" : "Point",
					"coordinates" : [8.56663,44.95360]},
			"properties" : { "ANNO":"2010","ID_SEZIONE":"31956","ISTAT_COMUNE_SEZ":"6003","COMUNE_SEZ":"ALESSANDRIA","PROVINCIA":"AL","ID_CENTRALE":"1283","NOME_CENTRALE":"SAN SALVATORE MONFERRATO","ISTAT_COMUNE_CENTR":"6154","COMUNE_CENTR":"SAN SALVATORE MONFERRATO","PROVINCIA_CENTR":"AL","INDIRIZZO_CENTRALE":"DON GUARONA","LATITUDINE_SEZIONE":"44.95360","LONGITUDINE_SEZIONE":"8.56663","POS_X_SEZIONE":"465816.22413","POS_Y_SEZIONE":"4977887.31958","LATITUDINE_CENTRALE":"44.99454","LONGITUDINE_CENTRALE":"8.57024","POS_X_CENTRALE":"466125.04378","POS_Y_CENTRALE":"4982434.02287","TIPO_ADSL":"ADSL_1","DESCRIZIONE_TIPO_ADSL":"ADSL (8 mega)","DISTANZA_CALCOLATA":"4557.18","CLASSE_DISTANZA":"4500-4899","POTENZA_SEGNALE":"1470","POPOLAZIONE_SEZIONE": "63"}
			},
		 		{ "type" : "Feature",
				"geometry" : {
					"type" : "Point",
					"coordinates" : [8.55977,45.01563]},
			"properties" : { "ANNO":"2010","ID_SEZIONE":"32601","ISTAT_COMUNE_SEZ":"6154","COMUNE_SEZ":"SAN SALVATORE MONFERRATO","PROVINCIA":"AL","ID_CENTRALE":"1283","NOME_CENTRALE":"SAN SALVATORE MONFERRATO","ISTAT_COMUNE_CENTR":"6154","COMUNE_CENTR":"SAN SALVATORE MONFERRATO","PROVINCIA_CENTR":"AL","INDIRIZZO_CENTRALE":"DON GUARONA","LATITUDINE_SEZIONE":"45.01563","LONGITUDINE_SEZIONE":"8.55977","POS_X_SEZIONE":"465312.92660","POS_Y_SEZIONE":"4984780.46007","LATITUDINE_CENTRALE":"44.99454","LONGITUDINE_CENTRALE":"8.57024","POS_X_CENTRALE":"466125.04378","POS_Y_CENTRALE":"4982434.02287","TIPO_ADSL":"ADSL_1","DESCRIZIONE_TIPO_ADSL":"ADSL (8 mega)","DISTANZA_CALCOLATA":"2483","CLASSE_DISTANZA":"2100-2499","POTENZA_SEGNALE":"6500.38","POPOLAZIONE_SEZIONE": "33"}
			},
		 		{ "type" : "Feature",
				"geometry" : {
					"type" : "Point",
					"coordinates" : [8.54175,45.00208]},
			"properties" : { "ANNO":"2010","ID_SEZIONE":"32603","ISTAT_COMUNE_SEZ":"6154","COMUNE_SEZ":"SAN SALVATORE MONFERRATO","PROVINCIA":"AL","ID_CENTRALE":"1283","NOME_CENTRALE":"SAN SALVATORE MONFERRATO","ISTAT_COMUNE_CENTR":"6154","COMUNE_CENTR":"SAN SALVATORE MONFERRATO","PROVINCIA_CENTR":"AL","INDIRIZZO_CENTRALE":"DON GUARONA","LATITUDINE_SEZIONE":"45.00208","LONGITUDINE_SEZIONE":"8.54175","POS_X_SEZIONE":"463884.31501","POS_Y_SEZIONE":"4983283.41354","LATITUDINE_CENTRALE":"44.99454","LONGITUDINE_CENTRALE":"8.57024","POS_X_CENTRALE":"466125.04378","POS_Y_CENTRALE":"4982434.02287","TIPO_ADSL":"ADSL_1","DESCRIZIONE_TIPO_ADSL":"ADSL (8 mega)","DISTANZA_CALCOLATA":"2396.32","CLASSE_DISTANZA":"2100-2499","POTENZA_SEGNALE":"6500.38","POPOLAZIONE_SEZIONE": "21"}
			},
		 		{ "type" : "Feature",
				"geometry" : {
					"type" : "Point",
					"coordinates" : [8.56611,44.99614]},
			"properties" : { "ANNO":"2010","ID_SEZIONE":"32604","ISTAT_COMUNE_SEZ":"6154","COMUNE_SEZ":"SAN SALVATORE MONFERRATO","PROVINCIA":"AL","ID_CENTRALE":"1283","NOME_CENTRALE":"SAN SALVATORE MONFERRATO","ISTAT_COMUNE_CENTR":"6154","COMUNE_CENTR":"SAN SALVATORE MONFERRATO","PROVINCIA_CENTR":"AL","INDIRIZZO_CENTRALE":"DON GUARONA","LATITUDINE_SEZIONE":"44.99614","LONGITUDINE_SEZIONE":"8.56611","POS_X_SEZIONE":"465800.30452","POS_Y_SEZIONE":"4982613.41085","LATITUDINE_CENTRALE":"44.99454","LONGITUDINE_CENTRALE":"8.57024","POS_X_CENTRALE":"466125.04378","POS_Y_CENTRALE":"4982434.02287","TIPO_ADSL":"ADSL_1","DESCRIZIONE_TIPO_ADSL":"ADSL (8 mega)","DISTANZA_CALCOLATA":"370.99","CLASSE_DISTANZA":"100-499","POTENZA_SEGNALE":"7000","POPOLAZIONE_SEZIONE": "462"}
			}
		 		]
	}
		