 	{ "type" : "FeatureCollection",
		"features" : [
		 		{ "type" : "Feature",
				"geometry" : {
					"type" : "Point",
					"coordinates" : [7.97273,44.95242]},
			"properties" : { "ANNO":"2010","ID_SEZIONE":"4362","ISTAT_COMUNE_SEZ":"5101","COMUNE_SEZ":"SAN PAOLO SOLBRITO","PROVINCIA":"AT","ID_CENTRALE":"1280","NOME_CENTRALE":"SAN PAOLO SOLBRITO","ISTAT_COMUNE_CENTR":"5101","COMUNE_CENTR":"SAN PAOLO SOLBRITO","PROVINCIA_CENTR":"AT","INDIRIZZO_CENTRALE":"PIAZZA RISSONE 1","LATITUDINE_SEZIONE":"44.95242","LONGITUDINE_SEZIONE":"7.97273","POS_X_SEZIONE":"418968.01622","POS_Y_SEZIONE":"4978177.74032","LATITUDINE_CENTRALE":"44.95192","LONGITUDINE_CENTRALE":"7.97176","POS_X_CENTRALE":"418891.50629","POS_Y_CENTRALE":"4978123.12149","TIPO_ADSL":"ADSL_M","DESCRIZIONE_TIPO_ADSL":"ADSL Mini","DISTANZA_CALCOLATA":"94.01","CLASSE_DISTANZA":"0-99","POTENZA_SEGNALE":"0.64","POPOLAZIONE_SEZIONE": "484"}
			},
		 		{ "type" : "Feature",
				"geometry" : {
					"type" : "Point",
					"coordinates" : [7.99561,44.95582]},
			"properties" : { "ANNO":"2010","ID_SEZIONE":"8164","ISTAT_COMUNE_SEZ":"5101","COMUNE_SEZ":"SAN PAOLO SOLBRITO","PROVINCIA":"AT","ID_CENTRALE":"1280","NOME_CENTRALE":"SAN PAOLO SOLBRITO","ISTAT_COMUNE_CENTR":"5101","COMUNE_CENTR":"SAN PAOLO SOLBRITO","PROVINCIA_CENTR":"AT","INDIRIZZO_CENTRALE":"PIAZZA RISSONE 1","LATITUDINE_SEZIONE":"44.95582","LONGITUDINE_SEZIONE":"7.99561","POS_X_SEZIONE":"420777.76419","POS_Y_SEZIONE":"4978533.26288","LATITUDINE_CENTRALE":"44.95192","LONGITUDINE_CENTRALE":"7.97176","POS_X_CENTRALE":"418891.50629","POS_Y_CENTRALE":"4978123.12149","TIPO_ADSL":"ADSL_M","DESCRIZIONE_TIPO_ADSL":"ADSL Mini","DISTANZA_CALCOLATA":"1930.33","CLASSE_DISTANZA":"1700-2099","POTENZA_SEGNALE":"0.64","POPOLAZIONE_SEZIONE": "12"}
			},
		 		{ "type" : "Feature",
				"geometry" : {
					"type" : "Point",
					"coordinates" : [7.98531,44.96551]},
			"properties" : { "ANNO":"2010","ID_SEZIONE":"10808","ISTAT_COMUNE_SEZ":"5101","COMUNE_SEZ":"SAN PAOLO SOLBRITO","PROVINCIA":"AT","ID_CENTRALE":"1280","NOME_CENTRALE":"SAN PAOLO SOLBRITO","ISTAT_COMUNE_CENTR":"5101","COMUNE_CENTR":"SAN PAOLO SOLBRITO","PROVINCIA_CENTR":"AT","INDIRIZZO_CENTRALE":"PIAZZA RISSONE 1","LATITUDINE_SEZIONE":"44.96551","LONGITUDINE_SEZIONE":"7.98531","POS_X_SEZIONE":"419979.07644","POS_Y_SEZIONE":"4979619.77399","LATITUDINE_CENTRALE":"44.95192","LONGITUDINE_CENTRALE":"7.97176","POS_X_CENTRALE":"418891.50629","POS_Y_CENTRALE":"4978123.12149","TIPO_ADSL":"ADSL_M","DESCRIZIONE_TIPO_ADSL":"ADSL Mini","DISTANZA_CALCOLATA":"1850.08","CLASSE_DISTANZA":"1700-2099","POTENZA_SEGNALE":"0.64","POPOLAZIONE_SEZIONE": "94"}
			},
		 		{ "type" : "Feature",
				"geometry" : {
					"type" : "Point",
					"coordinates" : [7.99679,44.93960]},
			"properties" : { "ANNO":"2010","ID_SEZIONE":"10809","ISTAT_COMUNE_SEZ":"5101","COMUNE_SEZ":"SAN PAOLO SOLBRITO","PROVINCIA":"AT","ID_CENTRALE":"1280","NOME_CENTRALE":"SAN PAOLO SOLBRITO","ISTAT_COMUNE_CENTR":"5101","COMUNE_CENTR":"SAN PAOLO SOLBRITO","PROVINCIA_CENTR":"AT","INDIRIZZO_CENTRALE":"PIAZZA RISSONE 1","LATITUDINE_SEZIONE":"44.93960","LONGITUDINE_SEZIONE":"7.99679","POS_X_SEZIONE":"420848.35158","POS_Y_SEZIONE":"4976730.23389","LATITUDINE_CENTRALE":"44.95192","LONGITUDINE_CENTRALE":"7.97176","POS_X_CENTRALE":"418891.50629","POS_Y_CENTRALE":"4978123.12149","TIPO_ADSL":"ADSL_M","DESCRIZIONE_TIPO_ADSL":"ADSL Mini","DISTANZA_CALCOLATA":"2401.95","CLASSE_DISTANZA":"2100-2499","POTENZA_SEGNALE":"0.64","POPOLAZIONE_SEZIONE": "33"}
			},
		 		{ "type" : "Feature",
				"geometry" : {
					"type" : "Point",
					"coordinates" : [7.97165,44.94881]},
			"properties" : { "ANNO":"2010","ID_SEZIONE":"18491","ISTAT_COMUNE_SEZ":"5101","COMUNE_SEZ":"SAN PAOLO SOLBRITO","PROVINCIA":"AT","ID_CENTRALE":"1280","NOME_CENTRALE":"SAN PAOLO SOLBRITO","ISTAT_COMUNE_CENTR":"5101","COMUNE_CENTR":"SAN PAOLO SOLBRITO","PROVINCIA_CENTR":"AT","INDIRIZZO_CENTRALE":"PIAZZA RISSONE 1","LATITUDINE_SEZIONE":"44.94881","LONGITUDINE_SEZIONE":"7.97165","POS_X_SEZIONE":"418878.36144","POS_Y_SEZIONE":"4977777.73264","LATITUDINE_CENTRALE":"44.95192","LONGITUDINE_CENTRALE":"7.97176","POS_X_CENTRALE":"418891.50629","POS_Y_CENTRALE":"4978123.12149","TIPO_ADSL":"ADSL_M","DESCRIZIONE_TIPO_ADSL":"ADSL Mini","DISTANZA_CALCOLATA":"345.64","CLASSE_DISTANZA":"100-499","POTENZA_SEGNALE":"0.64","POPOLAZIONE_SEZIONE": "225"}
			},
		 		{ "type" : "Feature",
				"geometry" : {
					"type" : "Point",
					"coordinates" : [7.97818,44.93887]},
			"properties" : { "ANNO":"2010","ID_SEZIONE":"22863","ISTAT_COMUNE_SEZ":"5101","COMUNE_SEZ":"SAN PAOLO SOLBRITO","PROVINCIA":"AT","ID_CENTRALE":"1280","NOME_CENTRALE":"SAN PAOLO SOLBRITO","ISTAT_COMUNE_CENTR":"5101","COMUNE_CENTR":"SAN PAOLO SOLBRITO","PROVINCIA_CENTR":"AT","INDIRIZZO_CENTRALE":"PIAZZA RISSONE 1","LATITUDINE_SEZIONE":"44.93887","LONGITUDINE_SEZIONE":"7.97818","POS_X_SEZIONE":"419379.24796","POS_Y_SEZIONE":"4976667.71869","LATITUDINE_CENTRALE":"44.95192","LONGITUDINE_CENTRALE":"7.97176","POS_X_CENTRALE":"418891.50629","POS_Y_CENTRALE":"4978123.12149","TIPO_ADSL":"ADSL_M","DESCRIZIONE_TIPO_ADSL":"ADSL Mini","DISTANZA_CALCOLATA":"1534.96","CLASSE_DISTANZA":"1300-1699","POTENZA_SEGNALE":"0.64","POPOLAZIONE_SEZIONE": "86"}
			},
		 		{ "type" : "Feature",
				"geometry" : {
					"type" : "Point",
					"coordinates" : [7.98128,44.94988]},
			"properties" : { "ANNO":"2010","ID_SEZIONE":"25608","ISTAT_COMUNE_SEZ":"5101","COMUNE_SEZ":"SAN PAOLO SOLBRITO","PROVINCIA":"AT","ID_CENTRALE":"1280","NOME_CENTRALE":"SAN PAOLO SOLBRITO","ISTAT_COMUNE_CENTR":"5101","COMUNE_CENTR":"SAN PAOLO SOLBRITO","PROVINCIA_CENTR":"AT","INDIRIZZO_CENTRALE":"PIAZZA RISSONE 1","LATITUDINE_SEZIONE":"44.94988","LONGITUDINE_SEZIONE":"7.98128","POS_X_SEZIONE":"419639.33475","POS_Y_SEZIONE":"4977887.24176","LATITUDINE_CENTRALE":"44.95192","LONGITUDINE_CENTRALE":"7.97176","POS_X_CENTRALE":"418891.50629","POS_Y_CENTRALE":"4978123.12149","TIPO_ADSL":"ADSL_M","DESCRIZIONE_TIPO_ADSL":"ADSL Mini","DISTANZA_CALCOLATA":"784.15","CLASSE_DISTANZA":"500-899","POTENZA_SEGNALE":"0.64","POPOLAZIONE_SEZIONE": "49"}
			},
		 		{ "type" : "Feature",
				"geometry" : {
					"type" : "Point",
					"coordinates" : [7.96817,44.95730]},
			"properties" : { "ANNO":"2010","ID_SEZIONE":"27338","ISTAT_COMUNE_SEZ":"5101","COMUNE_SEZ":"SAN PAOLO SOLBRITO","PROVINCIA":"AT","ID_CENTRALE":"1280","NOME_CENTRALE":"SAN PAOLO SOLBRITO","ISTAT_COMUNE_CENTR":"5101","COMUNE_CENTR":"SAN PAOLO SOLBRITO","PROVINCIA_CENTR":"AT","INDIRIZZO_CENTRALE":"PIAZZA RISSONE 1","LATITUDINE_SEZIONE":"44.95730","LONGITUDINE_SEZIONE":"7.96817","POS_X_SEZIONE":"418615.93583","POS_Y_SEZIONE":"4978724.74627","LATITUDINE_CENTRALE":"44.95192","LONGITUDINE_CENTRALE":"7.97176","POS_X_CENTRALE":"418891.50629","POS_Y_CENTRALE":"4978123.12149","TIPO_ADSL":"ADSL_M","DESCRIZIONE_TIPO_ADSL":"ADSL Mini","DISTANZA_CALCOLATA":"661.73","CLASSE_DISTANZA":"500-899","POTENZA_SEGNALE":"0.64","POPOLAZIONE_SEZIONE": "76"}
			}
		 		]
	}
		