 	{ "type" : "FeatureCollection",
		"features" : [
		 		{ "type" : "Feature",
				"geometry" : {
					"type" : "Point",
					"coordinates" : [8.59103,45.97548]},
			"properties" : { "ANNO":"2010","ID_SEZIONE":"15681","ISTAT_COMUNE_SEZ":"103055","COMUNE_SEZ":"PREMENO","PROVINCIA":"VB","ID_CENTRALE":"1063","NOME_CENTRALE":"PREMENO","ISTAT_COMUNE_CENTR":"103055","COMUNE_CENTR":"PREMENO","PROVINCIA_CENTR":"VB","INDIRIZZO_CENTRALE":"4 NOVEMBRE 17/19","LATITUDINE_SEZIONE":"45.97548","LONGITUDINE_SEZIONE":"8.59103","POS_X_SEZIONE":"468318.53403","POS_Y_SEZIONE":"5091404.52980","LATITUDINE_CENTRALE":"45.97551","LONGITUDINE_CENTRALE":"8.59100","POS_X_CENTRALE":"468316.14737","POS_Y_CENTRALE":"5091408.13899","TIPO_ADSL":"ADSL_M","DESCRIZIONE_TIPO_ADSL":"ADSL Mini","DISTANZA_CALCOLATA":"4.33","CLASSE_DISTANZA":"0-99","POTENZA_SEGNALE":"0.64","POPOLAZIONE_SEZIONE": "235"}
			},
		 		{ "type" : "Feature",
				"geometry" : {
					"type" : "Point",
					"coordinates" : [8.61084,45.98104]},
			"properties" : { "ANNO":"2010","ID_SEZIONE":"21750","ISTAT_COMUNE_SEZ":"103055","COMUNE_SEZ":"PREMENO","PROVINCIA":"VB","ID_CENTRALE":"1063","NOME_CENTRALE":"PREMENO","ISTAT_COMUNE_CENTR":"103055","COMUNE_CENTR":"PREMENO","PROVINCIA_CENTR":"VB","INDIRIZZO_CENTRALE":"4 NOVEMBRE 17/19","LATITUDINE_SEZIONE":"45.98104","LONGITUDINE_SEZIONE":"8.61084","POS_X_SEZIONE":"469856.13095","POS_Y_SEZIONE":"5092014.02894","LATITUDINE_CENTRALE":"45.97551","LONGITUDINE_CENTRALE":"8.59100","POS_X_CENTRALE":"468316.14737","POS_Y_CENTRALE":"5091408.13899","TIPO_ADSL":"ADSL_M","DESCRIZIONE_TIPO_ADSL":"ADSL Mini","DISTANZA_CALCOLATA":"1654.89","CLASSE_DISTANZA":"1300-1699","POTENZA_SEGNALE":"0.64","POPOLAZIONE_SEZIONE": "34"}
			},
		 		{ "type" : "Feature",
				"geometry" : {
					"type" : "Point",
					"coordinates" : [8.59561,45.97809]},
			"properties" : { "ANNO":"2010","ID_SEZIONE":"21980","ISTAT_COMUNE_SEZ":"103055","COMUNE_SEZ":"PREMENO","PROVINCIA":"VB","ID_CENTRALE":"1063","NOME_CENTRALE":"PREMENO","ISTAT_COMUNE_CENTR":"103055","COMUNE_CENTR":"PREMENO","PROVINCIA_CENTR":"VB","INDIRIZZO_CENTRALE":"4 NOVEMBRE 17/19","LATITUDINE_SEZIONE":"45.97809","LONGITUDINE_SEZIONE":"8.59561","POS_X_SEZIONE":"468675.05959","POS_Y_SEZIONE":"5091693.02849","LATITUDINE_CENTRALE":"45.97551","LONGITUDINE_CENTRALE":"8.59100","POS_X_CENTRALE":"468316.14737","POS_Y_CENTRALE":"5091408.13899","TIPO_ADSL":"ADSL_M","DESCRIZIONE_TIPO_ADSL":"ADSL Mini","DISTANZA_CALCOLATA":"458.24","CLASSE_DISTANZA":"100-499","POTENZA_SEGNALE":"0.64","POPOLAZIONE_SEZIONE": "160"}
			},
		 		{ "type" : "Feature",
				"geometry" : {
					"type" : "Point",
					"coordinates" : [8.61538,45.97684]},
			"properties" : { "ANNO":"2010","ID_SEZIONE":"22577","ISTAT_COMUNE_SEZ":"103055","COMUNE_SEZ":"PREMENO","PROVINCIA":"VB","ID_CENTRALE":"1063","NOME_CENTRALE":"PREMENO","ISTAT_COMUNE_CENTR":"103055","COMUNE_CENTR":"PREMENO","PROVINCIA_CENTR":"VB","INDIRIZZO_CENTRALE":"4 NOVEMBRE 17/19","LATITUDINE_SEZIONE":"45.97684","LONGITUDINE_SEZIONE":"8.61538","POS_X_SEZIONE":"470205.33851","POS_Y_SEZIONE":"5091546.03483","LATITUDINE_CENTRALE":"45.97551","LONGITUDINE_CENTRALE":"8.59100","POS_X_CENTRALE":"468316.14737","POS_Y_CENTRALE":"5091408.13899","TIPO_ADSL":"ADSL_M","DESCRIZIONE_TIPO_ADSL":"ADSL Mini","DISTANZA_CALCOLATA":"1894.22","CLASSE_DISTANZA":"1700-2099","POTENZA_SEGNALE":"0.64","POPOLAZIONE_SEZIONE": "132"}
			},
		 		{ "type" : "Feature",
				"geometry" : {
					"type" : "Point",
					"coordinates" : [8.59499,45.99123]},
			"properties" : { "ANNO":"2010","ID_SEZIONE":"22797","ISTAT_COMUNE_SEZ":"103055","COMUNE_SEZ":"PREMENO","PROVINCIA":"VB","ID_CENTRALE":"1063","NOME_CENTRALE":"PREMENO","ISTAT_COMUNE_CENTR":"103055","COMUNE_CENTR":"PREMENO","PROVINCIA_CENTR":"VB","INDIRIZZO_CENTRALE":"4 NOVEMBRE 17/19","LATITUDINE_SEZIONE":"45.99123","LONGITUDINE_SEZIONE":"8.59499","POS_X_SEZIONE":"468634.41601","POS_Y_SEZIONE":"5093153.01492","LATITUDINE_CENTRALE":"45.97551","LONGITUDINE_CENTRALE":"8.59100","POS_X_CENTRALE":"468316.14737","POS_Y_CENTRALE":"5091408.13899","TIPO_ADSL":"ADSL_M","DESCRIZIONE_TIPO_ADSL":"ADSL Mini","DISTANZA_CALCOLATA":"1773.66","CLASSE_DISTANZA":"1700-2099","POTENZA_SEGNALE":"0.64","POPOLAZIONE_SEZIONE": ""}
			},
		 		{ "type" : "Feature",
				"geometry" : {
					"type" : "Point",
					"coordinates" : [8.58738,45.98697]},
			"properties" : { "ANNO":"2010","ID_SEZIONE":"24026","ISTAT_COMUNE_SEZ":"103055","COMUNE_SEZ":"PREMENO","PROVINCIA":"VB","ID_CENTRALE":"1063","NOME_CENTRALE":"PREMENO","ISTAT_COMUNE_CENTR":"103055","COMUNE_CENTR":"PREMENO","PROVINCIA_CENTR":"VB","INDIRIZZO_CENTRALE":"4 NOVEMBRE 17/19","LATITUDINE_SEZIONE":"45.98697","LONGITUDINE_SEZIONE":"8.58738","POS_X_SEZIONE":"468042.17486","POS_Y_SEZIONE":"5092683.01735","LATITUDINE_CENTRALE":"45.97551","LONGITUDINE_CENTRALE":"8.59100","POS_X_CENTRALE":"468316.14737","POS_Y_CENTRALE":"5091408.13899","TIPO_ADSL":"ADSL_M","DESCRIZIONE_TIPO_ADSL":"ADSL Mini","DISTANZA_CALCOLATA":"1303.98","CLASSE_DISTANZA":"1300-1699","POTENZA_SEGNALE":"0.64","POPOLAZIONE_SEZIONE": "138"}
			},
		 		{ "type" : "Feature",
				"geometry" : {
					"type" : "Point",
					"coordinates" : [8.58665,45.98388]},
			"properties" : { "ANNO":"2010","ID_SEZIONE":"27370","ISTAT_COMUNE_SEZ":"103055","COMUNE_SEZ":"PREMENO","PROVINCIA":"VB","ID_CENTRALE":"1063","NOME_CENTRALE":"PREMENO","ISTAT_COMUNE_CENTR":"103055","COMUNE_CENTR":"PREMENO","PROVINCIA_CENTR":"VB","INDIRIZZO_CENTRALE":"4 NOVEMBRE 17/19","LATITUDINE_SEZIONE":"45.98388","LONGITUDINE_SEZIONE":"8.58665","POS_X_SEZIONE":"467983.92359","POS_Y_SEZIONE":"5092339.52065","LATITUDINE_CENTRALE":"45.97551","LONGITUDINE_CENTRALE":"8.59100","POS_X_CENTRALE":"468316.14737","POS_Y_CENTRALE":"5091408.13899","TIPO_ADSL":"ADSL_M","DESCRIZIONE_TIPO_ADSL":"ADSL Mini","DISTANZA_CALCOLATA":"988.86","CLASSE_DISTANZA":"900-1299","POTENZA_SEGNALE":"0.64","POPOLAZIONE_SEZIONE": "19"}
			},
		 		{ "type" : "Feature",
				"geometry" : {
					"type" : "Point",
					"coordinates" : [8.59862,45.98222]},
			"properties" : { "ANNO":"2010","ID_SEZIONE":"29124","ISTAT_COMUNE_SEZ":"103055","COMUNE_SEZ":"PREMENO","PROVINCIA":"VB","ID_CENTRALE":"1063","NOME_CENTRALE":"PREMENO","ISTAT_COMUNE_CENTR":"103055","COMUNE_CENTR":"PREMENO","PROVINCIA_CENTR":"VB","INDIRIZZO_CENTRALE":"4 NOVEMBRE 17/19","LATITUDINE_SEZIONE":"45.98222","LONGITUDINE_SEZIONE":"8.59862","POS_X_SEZIONE":"468910.46439","POS_Y_SEZIONE":"5092150.52507","LATITUDINE_CENTRALE":"45.97551","LONGITUDINE_CENTRALE":"8.59100","POS_X_CENTRALE":"468316.14737","POS_Y_CENTRALE":"5091408.13899","TIPO_ADSL":"ADSL_M","DESCRIZIONE_TIPO_ADSL":"ADSL Mini","DISTANZA_CALCOLATA":"950.97","CLASSE_DISTANZA":"900-1299","POTENZA_SEGNALE":"0.64","POPOLAZIONE_SEZIONE": "51"}
			}
		 		]
	}
		