 	{ "type" : "FeatureCollection",
		"features" : [
		 		{ "type" : "Feature",
				"geometry" : {
					"type" : "Point",
					"coordinates" : [7.57700,45.54012]},
			"properties" : { "ANNO":"2010","ID_SEZIONE":"1171","ISTAT_COMUNE_SEZ":"1288","COMUNE_SEZ":"VALPRATO SOANA","PROVINCIA":"TO","ID_CENTRALE":"1566","NOME_CENTRALE":"VALPRATO","ISTAT_COMUNE_CENTR":"1288","COMUNE_CENTR":"VALPRATO SOANA","PROVINCIA_CENTR":"TO","INDIRIZZO_CENTRALE":"ROMA 9","LATITUDINE_SEZIONE":"45.54012","LONGITUDINE_SEZIONE":"7.57700","POS_X_SEZIONE":"388904.93626","POS_Y_SEZIONE":"5043938.74390","LATITUDINE_CENTRALE":"45.52165","LONGITUDINE_CENTRALE":"7.54475","POS_X_CENTRALE":"386349.67652","POS_Y_CENTRALE":"5041931.46433","TIPO_ADSL":"NO","DESCRIZIONE_TIPO_ADSL":"NO Adsl","DISTANZA_CALCOLATA":"3249.39","CLASSE_DISTANZA":"2900-3299","POTENZA_SEGNALE":"","POPOLAZIONE_SEZIONE": "3"}
			},
		 		{ "type" : "Feature",
				"geometry" : {
					"type" : "Point",
					"coordinates" : [7.52890,45.56424]},
			"properties" : { "ANNO":"2010","ID_SEZIONE":"1626","ISTAT_COMUNE_SEZ":"1288","COMUNE_SEZ":"VALPRATO SOANA","PROVINCIA":"TO","ID_CENTRALE":"1566","NOME_CENTRALE":"VALPRATO","ISTAT_COMUNE_CENTR":"1288","COMUNE_CENTR":"VALPRATO SOANA","PROVINCIA_CENTR":"TO","INDIRIZZO_CENTRALE":"ROMA 9","LATITUDINE_SEZIONE":"45.56424","LONGITUDINE_SEZIONE":"7.52890","POS_X_SEZIONE":"385198.39929","POS_Y_SEZIONE":"5046686.19120","LATITUDINE_CENTRALE":"45.52165","LONGITUDINE_CENTRALE":"7.54475","POS_X_CENTRALE":"386349.67652","POS_Y_CENTRALE":"5041931.46433","TIPO_ADSL":"NO","DESCRIZIONE_TIPO_ADSL":"NO Adsl","DISTANZA_CALCOLATA":"4892.12","CLASSE_DISTANZA":"4500-4899","POTENZA_SEGNALE":"","POPOLAZIONE_SEZIONE": ""}
			},
		 		{ "type" : "Feature",
				"geometry" : {
					"type" : "Point",
					"coordinates" : [7.51081,45.56838]},
			"properties" : { "ANNO":"2010","ID_SEZIONE":"1961","ISTAT_COMUNE_SEZ":"1288","COMUNE_SEZ":"VALPRATO SOANA","PROVINCIA":"TO","ID_CENTRALE":"1566","NOME_CENTRALE":"VALPRATO","ISTAT_COMUNE_CENTR":"1288","COMUNE_CENTR":"VALPRATO SOANA","PROVINCIA_CENTR":"TO","INDIRIZZO_CENTRALE":"ROMA 9","LATITUDINE_SEZIONE":"45.56838","LONGITUDINE_SEZIONE":"7.51081","POS_X_SEZIONE":"383795.30425","POS_Y_SEZIONE":"5047172.17238","LATITUDINE_CENTRALE":"45.52165","LONGITUDINE_CENTRALE":"7.54475","POS_X_CENTRALE":"386349.67652","POS_Y_CENTRALE":"5041931.46433","TIPO_ADSL":"NO","DESCRIZIONE_TIPO_ADSL":"NO Adsl","DISTANZA_CALCOLATA":"5830.08","CLASSE_DISTANZA":"5700-6099","POTENZA_SEGNALE":"","POPOLAZIONE_SEZIONE": ""}
			},
		 		{ "type" : "Feature",
				"geometry" : {
					"type" : "Point",
					"coordinates" : [7.57401,45.55563]},
			"properties" : { "ANNO":"2010","ID_SEZIONE":"2714","ISTAT_COMUNE_SEZ":"1288","COMUNE_SEZ":"VALPRATO SOANA","PROVINCIA":"TO","ID_CENTRALE":"1566","NOME_CENTRALE":"VALPRATO","ISTAT_COMUNE_CENTR":"1288","COMUNE_CENTR":"VALPRATO SOANA","PROVINCIA_CENTR":"TO","INDIRIZZO_CENTRALE":"ROMA 9","LATITUDINE_SEZIONE":"45.55563","LONGITUDINE_SEZIONE":"7.57401","POS_X_SEZIONE":"388701.57805","POS_Y_SEZIONE":"5045665.23504","LATITUDINE_CENTRALE":"45.52165","LONGITUDINE_CENTRALE":"7.54475","POS_X_CENTRALE":"386349.67652","POS_Y_CENTRALE":"5041931.46433","TIPO_ADSL":"NO","DESCRIZIONE_TIPO_ADSL":"NO Adsl","DISTANZA_CALCOLATA":"4412.76","CLASSE_DISTANZA":"4100-4499","POTENZA_SEGNALE":"","POPOLAZIONE_SEZIONE": "25"}
			},
		 		{ "type" : "Feature",
				"geometry" : {
					"type" : "Point",
					"coordinates" : [7.53981,45.54333]},
			"properties" : { "ANNO":"2010","ID_SEZIONE":"2715","ISTAT_COMUNE_SEZ":"1288","COMUNE_SEZ":"VALPRATO SOANA","PROVINCIA":"TO","ID_CENTRALE":"1566","NOME_CENTRALE":"VALPRATO","ISTAT_COMUNE_CENTR":"1288","COMUNE_CENTR":"VALPRATO SOANA","PROVINCIA_CENTR":"TO","INDIRIZZO_CENTRALE":"ROMA 9","LATITUDINE_SEZIONE":"45.54333","LONGITUDINE_SEZIONE":"7.53981","POS_X_SEZIONE":"386007.36441","POS_Y_SEZIONE":"5044347.21238","LATITUDINE_CENTRALE":"45.52165","LONGITUDINE_CENTRALE":"7.54475","POS_X_CENTRALE":"386349.67652","POS_Y_CENTRALE":"5041931.46433","TIPO_ADSL":"NO","DESCRIZIONE_TIPO_ADSL":"NO Adsl","DISTANZA_CALCOLATA":"2439.88","CLASSE_DISTANZA":"2100-2499","POTENZA_SEGNALE":"","POPOLAZIONE_SEZIONE": ""}
			},
		 		{ "type" : "Feature",
				"geometry" : {
					"type" : "Point",
					"coordinates" : [7.60159,45.53008]},
			"properties" : { "ANNO":"2010","ID_SEZIONE":"4088","ISTAT_COMUNE_SEZ":"1288","COMUNE_SEZ":"VALPRATO SOANA","PROVINCIA":"TO","ID_CENTRALE":"1566","NOME_CENTRALE":"VALPRATO","ISTAT_COMUNE_CENTR":"1288","COMUNE_CENTR":"VALPRATO SOANA","PROVINCIA_CENTR":"TO","INDIRIZZO_CENTRALE":"ROMA 9","LATITUDINE_SEZIONE":"45.53008","LONGITUDINE_SEZIONE":"7.60159","POS_X_SEZIONE":"390805.41728","POS_Y_SEZIONE":"5042789.27369","LATITUDINE_CENTRALE":"45.52165","LONGITUDINE_CENTRALE":"7.54475","POS_X_CENTRALE":"386349.67652","POS_Y_CENTRALE":"5041931.46433","TIPO_ADSL":"NO","DESCRIZIONE_TIPO_ADSL":"NO Adsl","DISTANZA_CALCOLATA":"4537.56","CLASSE_DISTANZA":"4500-4899","POTENZA_SEGNALE":"","POPOLAZIONE_SEZIONE": ""}
			},
		 		{ "type" : "Feature",
				"geometry" : {
					"type" : "Point",
					"coordinates" : [7.55717,45.52848]},
			"properties" : { "ANNO":"2010","ID_SEZIONE":"4089","ISTAT_COMUNE_SEZ":"1288","COMUNE_SEZ":"VALPRATO SOANA","PROVINCIA":"TO","ID_CENTRALE":"1566","NOME_CENTRALE":"VALPRATO","ISTAT_COMUNE_CENTR":"1288","COMUNE_CENTR":"VALPRATO SOANA","PROVINCIA_CENTR":"TO","INDIRIZZO_CENTRALE":"ROMA 9","LATITUDINE_SEZIONE":"45.52848","LONGITUDINE_SEZIONE":"7.55717","POS_X_SEZIONE":"387333.32768","POS_Y_SEZIONE":"5042673.23350","LATITUDINE_CENTRALE":"45.52165","LONGITUDINE_CENTRALE":"7.54475","POS_X_CENTRALE":"386349.67652","POS_Y_CENTRALE":"5041931.46433","TIPO_ADSL":"NO","DESCRIZIONE_TIPO_ADSL":"NO Adsl","DISTANZA_CALCOLATA":"1231.99","CLASSE_DISTANZA":"900-1299","POTENZA_SEGNALE":"","POPOLAZIONE_SEZIONE": "10"}
			},
		 		{ "type" : "Feature",
				"geometry" : {
					"type" : "Point",
					"coordinates" : [7.54551,45.57989]},
			"properties" : { "ANNO":"2010","ID_SEZIONE":"5628","ISTAT_COMUNE_SEZ":"1288","COMUNE_SEZ":"VALPRATO SOANA","PROVINCIA":"TO","ID_CENTRALE":"1566","NOME_CENTRALE":"VALPRATO","ISTAT_COMUNE_CENTR":"1288","COMUNE_CENTR":"VALPRATO SOANA","PROVINCIA_CENTR":"TO","INDIRIZZO_CENTRALE":"ROMA 9","LATITUDINE_SEZIONE":"45.57989","LONGITUDINE_SEZIONE":"7.54551","POS_X_SEZIONE":"386526.60972","POS_Y_SEZIONE":"5048400.69744","LATITUDINE_CENTRALE":"45.52165","LONGITUDINE_CENTRALE":"7.54475","POS_X_CENTRALE":"386349.67652","POS_Y_CENTRALE":"5041931.46433","TIPO_ADSL":"NO","DESCRIZIONE_TIPO_ADSL":"NO Adsl","DISTANZA_CALCOLATA":"6471.65","CLASSE_DISTANZA":"6100 e oltre","POTENZA_SEGNALE":"","POPOLAZIONE_SEZIONE": ""}
			},
		 		{ "type" : "Feature",
				"geometry" : {
					"type" : "Point",
					"coordinates" : [7.54946,45.52091]},
			"properties" : { "ANNO":"2010","ID_SEZIONE":"6682","ISTAT_COMUNE_SEZ":"1288","COMUNE_SEZ":"VALPRATO SOANA","PROVINCIA":"TO","ID_CENTRALE":"1566","NOME_CENTRALE":"VALPRATO","ISTAT_COMUNE_CENTR":"1288","COMUNE_CENTR":"VALPRATO SOANA","PROVINCIA_CENTR":"TO","INDIRIZZO_CENTRALE":"ROMA 9","LATITUDINE_SEZIONE":"45.52091","LONGITUDINE_SEZIONE":"7.54946","POS_X_SEZIONE":"386715.89357","POS_Y_SEZIONE":"5041842.23190","LATITUDINE_CENTRALE":"45.52165","LONGITUDINE_CENTRALE":"7.54475","POS_X_CENTRALE":"386349.67652","POS_Y_CENTRALE":"5041931.46433","TIPO_ADSL":"NO","DESCRIZIONE_TIPO_ADSL":"NO Adsl","DISTANZA_CALCOLATA":"376.93","CLASSE_DISTANZA":"100-499","POTENZA_SEGNALE":"","POPOLAZIONE_SEZIONE": "42"}
			},
		 		{ "type" : "Feature",
				"geometry" : {
					"type" : "Point",
					"coordinates" : [7.51722,45.53689]},
			"properties" : { "ANNO":"2010","ID_SEZIONE":"7875","ISTAT_COMUNE_SEZ":"1288","COMUNE_SEZ":"VALPRATO SOANA","PROVINCIA":"TO","ID_CENTRALE":"1566","NOME_CENTRALE":"VALPRATO","ISTAT_COMUNE_CENTR":"1288","COMUNE_CENTR":"VALPRATO SOANA","PROVINCIA_CENTR":"TO","INDIRIZZO_CENTRALE":"ROMA 9","LATITUDINE_SEZIONE":"45.53689","LONGITUDINE_SEZIONE":"7.51722","POS_X_SEZIONE":"384231.29529","POS_Y_SEZIONE":"5043663.69852","LATITUDINE_CENTRALE":"45.52165","LONGITUDINE_CENTRALE":"7.54475","POS_X_CENTRALE":"386349.67652","POS_Y_CENTRALE":"5041931.46433","TIPO_ADSL":"NO","DESCRIZIONE_TIPO_ADSL":"NO Adsl","DISTANZA_CALCOLATA":"2736.45","CLASSE_DISTANZA":"2500-2899","POTENZA_SEGNALE":"","POPOLAZIONE_SEZIONE": ""}
			},
		 		{ "type" : "Feature",
				"geometry" : {
					"type" : "Point",
					"coordinates" : [7.46521,45.56329]},
			"properties" : { "ANNO":"2010","ID_SEZIONE":"10659","ISTAT_COMUNE_SEZ":"1288","COMUNE_SEZ":"VALPRATO SOANA","PROVINCIA":"TO","ID_CENTRALE":"1566","NOME_CENTRALE":"VALPRATO","ISTAT_COMUNE_CENTR":"1288","COMUNE_CENTR":"VALPRATO SOANA","PROVINCIA_CENTR":"TO","INDIRIZZO_CENTRALE":"ROMA 9","LATITUDINE_SEZIONE":"45.56329","LONGITUDINE_SEZIONE":"7.46521","POS_X_SEZIONE":"380226.14559","POS_Y_SEZIONE":"5046673.13520","LATITUDINE_CENTRALE":"45.52165","LONGITUDINE_CENTRALE":"7.54475","POS_X_CENTRALE":"386349.67652","POS_Y_CENTRALE":"5041931.46433","TIPO_ADSL":"NO","DESCRIZIONE_TIPO_ADSL":"NO Adsl","DISTANZA_CALCOLATA":"7744.74","CLASSE_DISTANZA":"6100 e oltre","POTENZA_SEGNALE":"","POPOLAZIONE_SEZIONE": ""}
			},
		 		{ "type" : "Feature",
				"geometry" : {
					"type" : "Point",
					"coordinates" : [7.57719,45.54806]},
			"properties" : { "ANNO":"2010","ID_SEZIONE":"11425","ISTAT_COMUNE_SEZ":"1288","COMUNE_SEZ":"VALPRATO SOANA","PROVINCIA":"TO","ID_CENTRALE":"1566","NOME_CENTRALE":"VALPRATO","ISTAT_COMUNE_CENTR":"1288","COMUNE_CENTR":"VALPRATO SOANA","PROVINCIA_CENTR":"TO","INDIRIZZO_CENTRALE":"ROMA 9","LATITUDINE_SEZIONE":"45.54806","LONGITUDINE_SEZIONE":"7.57719","POS_X_SEZIONE":"388935.50522","POS_Y_SEZIONE":"5044819.74077","LATITUDINE_CENTRALE":"45.52165","LONGITUDINE_CENTRALE":"7.54475","POS_X_CENTRALE":"386349.67652","POS_Y_CENTRALE":"5041931.46433","TIPO_ADSL":"NO","DESCRIZIONE_TIPO_ADSL":"NO Adsl","DISTANZA_CALCOLATA":"3876.68","CLASSE_DISTANZA":"3700-4099","POTENZA_SEGNALE":"","POPOLAZIONE_SEZIONE": ""}
			},
		 		{ "type" : "Feature",
				"geometry" : {
					"type" : "Point",
					"coordinates" : [7.57188,45.52965]},
			"properties" : { "ANNO":"2010","ID_SEZIONE":"12334","ISTAT_COMUNE_SEZ":"1288","COMUNE_SEZ":"VALPRATO SOANA","PROVINCIA":"TO","ID_CENTRALE":"1566","NOME_CENTRALE":"VALPRATO","ISTAT_COMUNE_CENTR":"1288","COMUNE_CENTR":"VALPRATO SOANA","PROVINCIA_CENTR":"TO","INDIRIZZO_CENTRALE":"ROMA 9","LATITUDINE_SEZIONE":"45.52965","LONGITUDINE_SEZIONE":"7.57188","POS_X_SEZIONE":"388484.09120","POS_Y_SEZIONE":"5042782.74416","LATITUDINE_CENTRALE":"45.52165","LONGITUDINE_CENTRALE":"7.54475","POS_X_CENTRALE":"386349.67652","POS_Y_CENTRALE":"5041931.46433","TIPO_ADSL":"NO","DESCRIZIONE_TIPO_ADSL":"NO Adsl","DISTANZA_CALCOLATA":"2297.91","CLASSE_DISTANZA":"2100-2499","POTENZA_SEGNALE":"","POPOLAZIONE_SEZIONE": "2"}
			},
		 		{ "type" : "Feature",
				"geometry" : {
					"type" : "Point",
					"coordinates" : [7.59957,45.54064]},
			"properties" : { "ANNO":"2010","ID_SEZIONE":"13361","ISTAT_COMUNE_SEZ":"1288","COMUNE_SEZ":"VALPRATO SOANA","PROVINCIA":"TO","ID_CENTRALE":"1566","NOME_CENTRALE":"VALPRATO","ISTAT_COMUNE_CENTR":"1288","COMUNE_CENTR":"VALPRATO SOANA","PROVINCIA_CENTR":"TO","INDIRIZZO_CENTRALE":"ROMA 9","LATITUDINE_SEZIONE":"45.54064","LONGITUDINE_SEZIONE":"7.59957","POS_X_SEZIONE":"390667.83571","POS_Y_SEZIONE":"5043965.76777","LATITUDINE_CENTRALE":"45.52165","LONGITUDINE_CENTRALE":"7.54475","POS_X_CENTRALE":"386349.67652","POS_Y_CENTRALE":"5041931.46433","TIPO_ADSL":"NO","DESCRIZIONE_TIPO_ADSL":"NO Adsl","DISTANZA_CALCOLATA":"4773.35","CLASSE_DISTANZA":"4500-4899","POTENZA_SEGNALE":"","POPOLAZIONE_SEZIONE": ""}
			},
		 		{ "type" : "Feature",
				"geometry" : {
					"type" : "Point",
					"coordinates" : [7.58208,45.57232]},
			"properties" : { "ANNO":"2010","ID_SEZIONE":"13525","ISTAT_COMUNE_SEZ":"1288","COMUNE_SEZ":"VALPRATO SOANA","PROVINCIA":"TO","ID_CENTRALE":"1566","NOME_CENTRALE":"VALPRATO","ISTAT_COMUNE_CENTR":"1288","COMUNE_CENTR":"VALPRATO SOANA","PROVINCIA_CENTR":"TO","INDIRIZZO_CENTRALE":"ROMA 9","LATITUDINE_SEZIONE":"45.57232","LONGITUDINE_SEZIONE":"7.58208","POS_X_SEZIONE":"389364.32928","POS_Y_SEZIONE":"5047508.73661","LATITUDINE_CENTRALE":"45.52165","LONGITUDINE_CENTRALE":"7.54475","POS_X_CENTRALE":"386349.67652","POS_Y_CENTRALE":"5041931.46433","TIPO_ADSL":"NO","DESCRIZIONE_TIPO_ADSL":"NO Adsl","DISTANZA_CALCOLATA":"6339.88","CLASSE_DISTANZA":"6100 e oltre","POTENZA_SEGNALE":"","POPOLAZIONE_SEZIONE": ""}
			},
		 		{ "type" : "Feature",
				"geometry" : {
					"type" : "Point",
					"coordinates" : [7.56564,45.57846]},
			"properties" : { "ANNO":"2010","ID_SEZIONE":"14289","ISTAT_COMUNE_SEZ":"1288","COMUNE_SEZ":"VALPRATO SOANA","PROVINCIA":"TO","ID_CENTRALE":"1566","NOME_CENTRALE":"VALPRATO","ISTAT_COMUNE_CENTR":"1288","COMUNE_CENTR":"VALPRATO SOANA","PROVINCIA_CENTR":"TO","INDIRIZZO_CENTRALE":"ROMA 9","LATITUDINE_SEZIONE":"45.57846","LONGITUDINE_SEZIONE":"7.56564","POS_X_SEZIONE":"388094.11001","POS_Y_SEZIONE":"5048213.21738","LATITUDINE_CENTRALE":"45.52165","LONGITUDINE_CENTRALE":"7.54475","POS_X_CENTRALE":"386349.67652","POS_Y_CENTRALE":"5041931.46433","TIPO_ADSL":"NO","DESCRIZIONE_TIPO_ADSL":"NO Adsl","DISTANZA_CALCOLATA":"6519.47","CLASSE_DISTANZA":"6100 e oltre","POTENZA_SEGNALE":"","POPOLAZIONE_SEZIONE": ""}
			},
		 		{ "type" : "Feature",
				"geometry" : {
					"type" : "Point",
					"coordinates" : [7.51136,45.54577]},
			"properties" : { "ANNO":"2010","ID_SEZIONE":"14818","ISTAT_COMUNE_SEZ":"1288","COMUNE_SEZ":"VALPRATO SOANA","PROVINCIA":"TO","ID_CENTRALE":"1566","NOME_CENTRALE":"VALPRATO","ISTAT_COMUNE_CENTR":"1288","COMUNE_CENTR":"VALPRATO SOANA","PROVINCIA_CENTR":"TO","INDIRIZZO_CENTRALE":"ROMA 9","LATITUDINE_SEZIONE":"45.54577","LONGITUDINE_SEZIONE":"7.51136","POS_X_SEZIONE":"383791.53030","POS_Y_SEZIONE":"5044658.68809","LATITUDINE_CENTRALE":"45.52165","LONGITUDINE_CENTRALE":"7.54475","POS_X_CENTRALE":"386349.67652","POS_Y_CENTRALE":"5041931.46433","TIPO_ADSL":"NO","DESCRIZIONE_TIPO_ADSL":"NO Adsl","DISTANZA_CALCOLATA":"3739.23","CLASSE_DISTANZA":"3700-4099","POTENZA_SEGNALE":"","POPOLAZIONE_SEZIONE": ""}
			},
		 		{ "type" : "Feature",
				"geometry" : {
					"type" : "Point",
					"coordinates" : [7.48589,45.57512]},
			"properties" : { "ANNO":"2010","ID_SEZIONE":"17865","ISTAT_COMUNE_SEZ":"1288","COMUNE_SEZ":"VALPRATO SOANA","PROVINCIA":"TO","ID_CENTRALE":"1566","NOME_CENTRALE":"VALPRATO","ISTAT_COMUNE_CENTR":"1288","COMUNE_CENTR":"VALPRATO SOANA","PROVINCIA_CENTR":"TO","INDIRIZZO_CENTRALE":"ROMA 9","LATITUDINE_SEZIONE":"45.57512","LONGITUDINE_SEZIONE":"7.48589","POS_X_SEZIONE":"381865.37964","POS_Y_SEZIONE":"5047957.14467","LATITUDINE_CENTRALE":"45.52165","LONGITUDINE_CENTRALE":"7.54475","POS_X_CENTRALE":"386349.67652","POS_Y_CENTRALE":"5041931.46433","TIPO_ADSL":"NO","DESCRIZIONE_TIPO_ADSL":"NO Adsl","DISTANZA_CALCOLATA":"7511.17","CLASSE_DISTANZA":"6100 e oltre","POTENZA_SEGNALE":"","POPOLAZIONE_SEZIONE": ""}
			},
		 		{ "type" : "Feature",
				"geometry" : {
					"type" : "Point",
					"coordinates" : [7.56977,45.53758]},
			"properties" : { "ANNO":"2010","ID_SEZIONE":"19346","ISTAT_COMUNE_SEZ":"1288","COMUNE_SEZ":"VALPRATO SOANA","PROVINCIA":"TO","ID_CENTRALE":"1566","NOME_CENTRALE":"VALPRATO","ISTAT_COMUNE_CENTR":"1288","COMUNE_CENTR":"VALPRATO SOANA","PROVINCIA_CENTR":"TO","INDIRIZZO_CENTRALE":"ROMA 9","LATITUDINE_SEZIONE":"45.53758","LONGITUDINE_SEZIONE":"7.56977","POS_X_SEZIONE":"388335.00653","POS_Y_SEZIONE":"5043666.23907","LATITUDINE_CENTRALE":"45.52165","LONGITUDINE_CENTRALE":"7.54475","POS_X_CENTRALE":"386349.67652","POS_Y_CENTRALE":"5041931.46433","TIPO_ADSL":"NO","DESCRIZIONE_TIPO_ADSL":"NO Adsl","DISTANZA_CALCOLATA":"2636.47","CLASSE_DISTANZA":"2500-2899","POTENZA_SEGNALE":"","POPOLAZIONE_SEZIONE": "1"}
			},
		 		{ "type" : "Feature",
				"geometry" : {
					"type" : "Point",
					"coordinates" : [7.53378,45.53973]},
			"properties" : { "ANNO":"2010","ID_SEZIONE":"21111","ISTAT_COMUNE_SEZ":"1288","COMUNE_SEZ":"VALPRATO SOANA","PROVINCIA":"TO","ID_CENTRALE":"1566","NOME_CENTRALE":"VALPRATO","ISTAT_COMUNE_CENTR":"1288","COMUNE_CENTR":"VALPRATO SOANA","PROVINCIA_CENTR":"TO","INDIRIZZO_CENTRALE":"ROMA 9","LATITUDINE_SEZIONE":"45.53973","LONGITUDINE_SEZIONE":"7.53378","POS_X_SEZIONE":"385529.61875","POS_Y_SEZIONE":"5043955.70953","LATITUDINE_CENTRALE":"45.52165","LONGITUDINE_CENTRALE":"7.54475","POS_X_CENTRALE":"386349.67652","POS_Y_CENTRALE":"5041931.46433","TIPO_ADSL":"NO","DESCRIZIONE_TIPO_ADSL":"NO Adsl","DISTANZA_CALCOLATA":"2184.05","CLASSE_DISTANZA":"2100-2499","POTENZA_SEGNALE":"","POPOLAZIONE_SEZIONE": "19"}
			},
		 		{ "type" : "Feature",
				"geometry" : {
					"type" : "Point",
					"coordinates" : [7.55535,45.54415]},
			"properties" : { "ANNO":"2010","ID_SEZIONE":"24031","ISTAT_COMUNE_SEZ":"1288","COMUNE_SEZ":"VALPRATO SOANA","PROVINCIA":"TO","ID_CENTRALE":"1566","NOME_CENTRALE":"VALPRATO","ISTAT_COMUNE_CENTR":"1288","COMUNE_CENTR":"VALPRATO SOANA","PROVINCIA_CENTR":"TO","INDIRIZZO_CENTRALE":"ROMA 9","LATITUDINE_SEZIONE":"45.54415","LONGITUDINE_SEZIONE":"7.55535","POS_X_SEZIONE":"387222.56313","POS_Y_SEZIONE":"5044416.72457","LATITUDINE_CENTRALE":"45.52165","LONGITUDINE_CENTRALE":"7.54475","POS_X_CENTRALE":"386349.67652","POS_Y_CENTRALE":"5041931.46433","TIPO_ADSL":"NO","DESCRIZIONE_TIPO_ADSL":"NO Adsl","DISTANZA_CALCOLATA":"2634.09","CLASSE_DISTANZA":"2500-2899","POTENZA_SEGNALE":"","POPOLAZIONE_SEZIONE": "7"}
			},
		 		{ "type" : "Feature",
				"geometry" : {
					"type" : "Point",
					"coordinates" : [7.54732,45.51835]},
			"properties" : { "ANNO":"2010","ID_SEZIONE":"24325","ISTAT_COMUNE_SEZ":"1288","COMUNE_SEZ":"VALPRATO SOANA","PROVINCIA":"TO","ID_CENTRALE":"1566","NOME_CENTRALE":"VALPRATO","ISTAT_COMUNE_CENTR":"1288","COMUNE_CENTR":"VALPRATO SOANA","PROVINCIA_CENTR":"TO","INDIRIZZO_CENTRALE":"ROMA 9","LATITUDINE_SEZIONE":"45.51835","LONGITUDINE_SEZIONE":"7.54732","POS_X_SEZIONE":"386544.17491","POS_Y_SEZIONE":"5041561.23145","LATITUDINE_CENTRALE":"45.52165","LONGITUDINE_CENTRALE":"7.54475","POS_X_CENTRALE":"386349.67652","POS_Y_CENTRALE":"5041931.46433","TIPO_ADSL":"NO","DESCRIZIONE_TIPO_ADSL":"NO Adsl","DISTANZA_CALCOLATA":"418.21","CLASSE_DISTANZA":"100-499","POTENZA_SEGNALE":"","POPOLAZIONE_SEZIONE": "15"}
			},
		 		{ "type" : "Feature",
				"geometry" : {
					"type" : "Point",
					"coordinates" : [7.53379,45.52501]},
			"properties" : { "ANNO":"2010","ID_SEZIONE":"25265","ISTAT_COMUNE_SEZ":"1288","COMUNE_SEZ":"VALPRATO SOANA","PROVINCIA":"TO","ID_CENTRALE":"1566","NOME_CENTRALE":"VALPRATO","ISTAT_COMUNE_CENTR":"1288","COMUNE_CENTR":"VALPRATO SOANA","PROVINCIA_CENTR":"TO","INDIRIZZO_CENTRALE":"ROMA 9","LATITUDINE_SEZIONE":"45.52501","LONGITUDINE_SEZIONE":"7.53379","POS_X_SEZIONE":"385500.32364","POS_Y_SEZIONE":"5042320.21820","LATITUDINE_CENTRALE":"45.52165","LONGITUDINE_CENTRALE":"7.54475","POS_X_CENTRALE":"386349.67652","POS_Y_CENTRALE":"5041931.46433","TIPO_ADSL":"NO","DESCRIZIONE_TIPO_ADSL":"NO Adsl","DISTANZA_CALCOLATA":"934.09","CLASSE_DISTANZA":"900-1299","POTENZA_SEGNALE":"","POPOLAZIONE_SEZIONE": "3"}
			},
		 		{ "type" : "Feature",
				"geometry" : {
					"type" : "Point",
					"coordinates" : [7.55113,45.56189]},
			"properties" : { "ANNO":"2010","ID_SEZIONE":"25467","ISTAT_COMUNE_SEZ":"1288","COMUNE_SEZ":"VALPRATO SOANA","PROVINCIA":"TO","ID_CENTRALE":"1566","NOME_CENTRALE":"VALPRATO","ISTAT_COMUNE_CENTR":"1288","COMUNE_CENTR":"VALPRATO SOANA","PROVINCIA_CENTR":"TO","INDIRIZZO_CENTRALE":"ROMA 9","LATITUDINE_SEZIONE":"45.56189","LONGITUDINE_SEZIONE":"7.55113","POS_X_SEZIONE":"386928.61574","POS_Y_SEZIONE":"5046392.71229","LATITUDINE_CENTRALE":"45.52165","LONGITUDINE_CENTRALE":"7.54475","POS_X_CENTRALE":"386349.67652","POS_Y_CENTRALE":"5041931.46433","TIPO_ADSL":"NO","DESCRIZIONE_TIPO_ADSL":"NO Adsl","DISTANZA_CALCOLATA":"4498.66","CLASSE_DISTANZA":"4100-4499","POTENZA_SEGNALE":"","POPOLAZIONE_SEZIONE": ""}
			},
		 		{ "type" : "Feature",
				"geometry" : {
					"type" : "Point",
					"coordinates" : [7.49291,45.55815]},
			"properties" : { "ANNO":"2010","ID_SEZIONE":"25701","ISTAT_COMUNE_SEZ":"1288","COMUNE_SEZ":"VALPRATO SOANA","PROVINCIA":"TO","ID_CENTRALE":"1566","NOME_CENTRALE":"VALPRATO","ISTAT_COMUNE_CENTR":"1288","COMUNE_CENTR":"VALPRATO SOANA","PROVINCIA_CENTR":"TO","INDIRIZZO_CENTRALE":"ROMA 9","LATITUDINE_SEZIONE":"45.55815","LONGITUDINE_SEZIONE":"7.49291","POS_X_SEZIONE":"382377.22553","POS_Y_SEZIONE":"5046061.66384","LATITUDINE_CENTRALE":"45.52165","LONGITUDINE_CENTRALE":"7.54475","POS_X_CENTRALE":"386349.67652","POS_Y_CENTRALE":"5041931.46433","TIPO_ADSL":"NO","DESCRIZIONE_TIPO_ADSL":"NO Adsl","DISTANZA_CALCOLATA":"5730.52","CLASSE_DISTANZA":"5700-6099","POTENZA_SEGNALE":"","POPOLAZIONE_SEZIONE": ""}
			},
		 		{ "type" : "Feature",
				"geometry" : {
					"type" : "Point",
					"coordinates" : [7.59461,45.56214]},
			"properties" : { "ANNO":"2010","ID_SEZIONE":"28192","ISTAT_COMUNE_SEZ":"1288","COMUNE_SEZ":"VALPRATO SOANA","PROVINCIA":"TO","ID_CENTRALE":"1566","NOME_CENTRALE":"VALPRATO","ISTAT_COMUNE_CENTR":"1288","COMUNE_CENTR":"VALPRATO SOANA","PROVINCIA_CENTR":"TO","INDIRIZZO_CENTRALE":"ROMA 9","LATITUDINE_SEZIONE":"45.56214","LONGITUDINE_SEZIONE":"7.59461","POS_X_SEZIONE":"390322.17376","POS_Y_SEZIONE":"5046360.75530","LATITUDINE_CENTRALE":"45.52165","LONGITUDINE_CENTRALE":"7.54475","POS_X_CENTRALE":"386349.67652","POS_Y_CENTRALE":"5041931.46433","TIPO_ADSL":"NO","DESCRIZIONE_TIPO_ADSL":"NO Adsl","DISTANZA_CALCOLATA":"5949.74","CLASSE_DISTANZA":"5700-6099","POTENZA_SEGNALE":"","POPOLAZIONE_SEZIONE": ""}
			}
		 		]
	}
		