 	{ "type" : "FeatureCollection",
		"features" : [
		 		{ "type" : "Feature",
				"geometry" : {
					"type" : "Point",
					"coordinates" : [8.05594,44.80241]},
			"properties" : { "ANNO":"2010","ID_SEZIONE":"2266","ISTAT_COMUNE_SEZ":"4176","COMUNE_SEZ":"PRIOCCA","PROVINCIA":"CN","ID_CENTRALE":"1068","NOME_CENTRALE":"PRIOCCA","ISTAT_COMUNE_CENTR":"4176","COMUNE_CENTR":"PRIOCCA","PROVINCIA_CENTR":"CN","INDIRIZZO_CENTRALE":"UMBERTO I N.3","LATITUDINE_SEZIONE":"44.80241","LONGITUDINE_SEZIONE":"8.05594","POS_X_SEZIONE":"425337.98589","POS_Y_SEZIONE":"4961434.47963","LATITUDINE_CENTRALE":"44.78802","LONGITUDINE_CENTRALE":"8.06245","POS_X_CENTRALE":"425834.50000","POS_Y_CENTRALE":"4959830.00000","TIPO_ADSL":"ADSL_1","DESCRIZIONE_TIPO_ADSL":"ADSL (8 mega)","DISTANZA_CALCOLATA":"1679.55","CLASSE_DISTANZA":"1300-1699","POTENZA_SEGNALE":"7000","POPOLAZIONE_SEZIONE": "39"}
			},
		 		{ "type" : "Feature",
				"geometry" : {
					"type" : "Point",
					"coordinates" : [8.07194,44.79155]},
			"properties" : { "ANNO":"2010","ID_SEZIONE":"3030","ISTAT_COMUNE_SEZ":"4176","COMUNE_SEZ":"PRIOCCA","PROVINCIA":"CN","ID_CENTRALE":"1068","NOME_CENTRALE":"PRIOCCA","ISTAT_COMUNE_CENTR":"4176","COMUNE_CENTR":"PRIOCCA","PROVINCIA_CENTR":"CN","INDIRIZZO_CENTRALE":"UMBERTO I N.3","LATITUDINE_SEZIONE":"44.79155","LONGITUDINE_SEZIONE":"8.07194","POS_X_SEZIONE":"426589.94365","POS_Y_SEZIONE":"4960212.96386","LATITUDINE_CENTRALE":"44.78802","LONGITUDINE_CENTRALE":"8.06245","POS_X_CENTRALE":"425834.50000","POS_Y_CENTRALE":"4959830.00000","TIPO_ADSL":"ADSL_1","DESCRIZIONE_TIPO_ADSL":"ADSL (8 mega)","DISTANZA_CALCOLATA":"846.97","CLASSE_DISTANZA":"500-899","POTENZA_SEGNALE":"7000","POPOLAZIONE_SEZIONE": "531"}
			},
		 		{ "type" : "Feature",
				"geometry" : {
					"type" : "Point",
					"coordinates" : [8.06498,44.78462]},
			"properties" : { "ANNO":"2010","ID_SEZIONE":"12404","ISTAT_COMUNE_SEZ":"4176","COMUNE_SEZ":"PRIOCCA","PROVINCIA":"CN","ID_CENTRALE":"1068","NOME_CENTRALE":"PRIOCCA","ISTAT_COMUNE_CENTR":"4176","COMUNE_CENTR":"PRIOCCA","PROVINCIA_CENTR":"CN","INDIRIZZO_CENTRALE":"UMBERTO I N.3","LATITUDINE_SEZIONE":"44.78462","LONGITUDINE_SEZIONE":"8.06498","POS_X_SEZIONE":"426030.47306","POS_Y_SEZIONE":"4959450.44533","LATITUDINE_CENTRALE":"44.78802","LONGITUDINE_CENTRALE":"8.06245","POS_X_CENTRALE":"425834.50000","POS_Y_CENTRALE":"4959830.00000","TIPO_ADSL":"ADSL_1","DESCRIZIONE_TIPO_ADSL":"ADSL (8 mega)","DISTANZA_CALCOLATA":"427.16","CLASSE_DISTANZA":"100-499","POTENZA_SEGNALE":"7000","POPOLAZIONE_SEZIONE": "572"}
			},
		 		{ "type" : "Feature",
				"geometry" : {
					"type" : "Point",
					"coordinates" : [8.05238,44.78425]},
			"properties" : { "ANNO":"2010","ID_SEZIONE":"15389","ISTAT_COMUNE_SEZ":"4176","COMUNE_SEZ":"PRIOCCA","PROVINCIA":"CN","ID_CENTRALE":"1068","NOME_CENTRALE":"PRIOCCA","ISTAT_COMUNE_CENTR":"4176","COMUNE_CENTR":"PRIOCCA","PROVINCIA_CENTR":"CN","INDIRIZZO_CENTRALE":"UMBERTO I N.3","LATITUDINE_SEZIONE":"44.78425","LONGITUDINE_SEZIONE":"8.05238","POS_X_SEZIONE":"425033.40630","POS_Y_SEZIONE":"4959420.43854","LATITUDINE_CENTRALE":"44.78802","LONGITUDINE_CENTRALE":"8.06245","POS_X_CENTRALE":"425834.50000","POS_Y_CENTRALE":"4959830.00000","TIPO_ADSL":"ADSL_1","DESCRIZIONE_TIPO_ADSL":"ADSL (8 mega)","DISTANZA_CALCOLATA":"899.72","CLASSE_DISTANZA":"500-899","POTENZA_SEGNALE":"7000","POPOLAZIONE_SEZIONE": "33"}
			},
		 		{ "type" : "Feature",
				"geometry" : {
					"type" : "Point",
					"coordinates" : [8.07416,44.78522]},
			"properties" : { "ANNO":"2010","ID_SEZIONE":"18855","ISTAT_COMUNE_SEZ":"4176","COMUNE_SEZ":"PRIOCCA","PROVINCIA":"CN","ID_CENTRALE":"1068","NOME_CENTRALE":"PRIOCCA","ISTAT_COMUNE_CENTR":"4176","COMUNE_CENTR":"PRIOCCA","PROVINCIA_CENTR":"CN","INDIRIZZO_CENTRALE":"UMBERTO I N.3","LATITUDINE_SEZIONE":"44.78522","LONGITUDINE_SEZIONE":"8.07416","POS_X_SEZIONE":"426757.23351","POS_Y_SEZIONE":"4959508.45083","LATITUDINE_CENTRALE":"44.78802","LONGITUDINE_CENTRALE":"8.06245","POS_X_CENTRALE":"425834.50000","POS_Y_CENTRALE":"4959830.00000","TIPO_ADSL":"ADSL_1","DESCRIZIONE_TIPO_ADSL":"ADSL (8 mega)","DISTANZA_CALCOLATA":"977.15","CLASSE_DISTANZA":"900-1299","POTENZA_SEGNALE":"7000","POPOLAZIONE_SEZIONE": "21"}
			},
		 		{ "type" : "Feature",
				"geometry" : {
					"type" : "Point",
					"coordinates" : [8.05344,44.79885]},
			"properties" : { "ANNO":"2010","ID_SEZIONE":"20631","ISTAT_COMUNE_SEZ":"4176","COMUNE_SEZ":"PRIOCCA","PROVINCIA":"CN","ID_CENTRALE":"1068","NOME_CENTRALE":"PRIOCCA","ISTAT_COMUNE_CENTR":"4176","COMUNE_CENTR":"PRIOCCA","PROVINCIA_CENTR":"CN","INDIRIZZO_CENTRALE":"UMBERTO I N.3","LATITUDINE_SEZIONE":"44.79885","LONGITUDINE_SEZIONE":"8.05344","POS_X_SEZIONE":"425136.03005","POS_Y_SEZIONE":"4961040.97077","LATITUDINE_CENTRALE":"44.78802","LONGITUDINE_CENTRALE":"8.06245","POS_X_CENTRALE":"425834.50000","POS_Y_CENTRALE":"4959830.00000","TIPO_ADSL":"ADSL_1","DESCRIZIONE_TIPO_ADSL":"ADSL (8 mega)","DISTANZA_CALCOLATA":"1397.97","CLASSE_DISTANZA":"1300-1699","POTENZA_SEGNALE":"7000","POPOLAZIONE_SEZIONE": "187"}
			},
		 		{ "type" : "Feature",
				"geometry" : {
					"type" : "Point",
					"coordinates" : [8.07280,44.78099]},
			"properties" : { "ANNO":"2010","ID_SEZIONE":"21078","ISTAT_COMUNE_SEZ":"4176","COMUNE_SEZ":"PRIOCCA","PROVINCIA":"CN","ID_CENTRALE":"1068","NOME_CENTRALE":"PRIOCCA","ISTAT_COMUNE_CENTR":"4176","COMUNE_CENTR":"PRIOCCA","PROVINCIA_CENTR":"CN","INDIRIZZO_CENTRALE":"UMBERTO I N.3","LATITUDINE_SEZIONE":"44.78099","LONGITUDINE_SEZIONE":"8.07280","POS_X_SEZIONE":"426644.52695","POS_Y_SEZIONE":"4959039.94113","LATITUDINE_CENTRALE":"44.78802","LONGITUDINE_CENTRALE":"8.06245","POS_X_CENTRALE":"425834.50000","POS_Y_CENTRALE":"4959830.00000","TIPO_ADSL":"ADSL_1","DESCRIZIONE_TIPO_ADSL":"ADSL (8 mega)","DISTANZA_CALCOLATA":"1131.52","CLASSE_DISTANZA":"900-1299","POTENZA_SEGNALE":"7000","POPOLAZIONE_SEZIONE": "11"}
			},
		 		{ "type" : "Feature",
				"geometry" : {
					"type" : "Point",
					"coordinates" : [8.06141,44.79295]},
			"properties" : { "ANNO":"2010","ID_SEZIONE":"24486","ISTAT_COMUNE_SEZ":"4176","COMUNE_SEZ":"PRIOCCA","PROVINCIA":"CN","ID_CENTRALE":"1068","NOME_CENTRALE":"PRIOCCA","ISTAT_COMUNE_CENTR":"4176","COMUNE_CENTR":"PRIOCCA","PROVINCIA_CENTR":"CN","INDIRIZZO_CENTRALE":"UMBERTO I N.3","LATITUDINE_SEZIONE":"44.79295","LONGITUDINE_SEZIONE":"8.06141","POS_X_SEZIONE":"425758.74391","POS_Y_SEZIONE":"4960378.46171","LATITUDINE_CENTRALE":"44.78802","LONGITUDINE_CENTRALE":"8.06245","POS_X_CENTRALE":"425834.50000","POS_Y_CENTRALE":"4959830.00000","TIPO_ADSL":"ADSL_1","DESCRIZIONE_TIPO_ADSL":"ADSL (8 mega)","DISTANZA_CALCOLATA":"553.67","CLASSE_DISTANZA":"500-899","POTENZA_SEGNALE":"7000","POPOLAZIONE_SEZIONE": "512"}
			},
		 		{ "type" : "Feature",
				"geometry" : {
					"type" : "Point",
					"coordinates" : [8.06619,44.80466]},
			"properties" : { "ANNO":"2010","ID_SEZIONE":"26644","ISTAT_COMUNE_SEZ":"4176","COMUNE_SEZ":"PRIOCCA","PROVINCIA":"CN","ID_CENTRALE":"1068","NOME_CENTRALE":"PRIOCCA","ISTAT_COMUNE_CENTR":"4176","COMUNE_CENTR":"PRIOCCA","PROVINCIA_CENTR":"CN","INDIRIZZO_CENTRALE":"UMBERTO I N.3","LATITUDINE_SEZIONE":"44.80466","LONGITUDINE_SEZIONE":"8.06619","POS_X_SEZIONE":"426152.05258","POS_Y_SEZIONE":"4961674.99010","LATITUDINE_CENTRALE":"44.78802","LONGITUDINE_CENTRALE":"8.06245","POS_X_CENTRALE":"425834.50000","POS_Y_CENTRALE":"4959830.00000","TIPO_ADSL":"ADSL_1","DESCRIZIONE_TIPO_ADSL":"ADSL (8 mega)","DISTANZA_CALCOLATA":"1872.12","CLASSE_DISTANZA":"1700-2099","POTENZA_SEGNALE":"6874.88","POPOLAZIONE_SEZIONE": "50"}
			}
		 		]
	}
		