 	{ "type" : "FeatureCollection",
		"features" : [
		 		{ "type" : "Feature",
				"geometry" : {
					"type" : "Point",
					"coordinates" : [8.11051,44.48570]},
			"properties" : { "ANNO":"2010","ID_SEZIONE":"876","ISTAT_COMUNE_SEZ":"4178","COMUNE_SEZ":"PRUNETTO","PROVINCIA":"CN","ID_CENTRALE":"1070","NOME_CENTRALE":"PRUNETTO","ISTAT_COMUNE_CENTR":"4178","COMUNE_CENTR":"PRUNETTO","PROVINCIA_CENTR":"CN","INDIRIZZO_CENTRALE":"VIA S. SEBASTIANO 57","LATITUDINE_SEZIONE":"44.48570","LONGITUDINE_SEZIONE":"8.11051","POS_X_SEZIONE":"429269.81770","POS_Y_SEZIONE":"4926205.87160","LATITUDINE_CENTRALE":"44.48854","LONGITUDINE_CENTRALE":"8.14400","POS_X_CENTRALE":"431936.39013","POS_Y_CENTRALE":"4926492.65226","TIPO_ADSL":"ADSL_M","DESCRIZIONE_TIPO_ADSL":"ADSL Mini","DISTANZA_CALCOLATA":"2681.95","CLASSE_DISTANZA":"2500-2899","POTENZA_SEGNALE":"0.64","POPOLAZIONE_SEZIONE": "10"}
			},
		 		{ "type" : "Feature",
				"geometry" : {
					"type" : "Point",
					"coordinates" : [8.15349,44.48035]},
			"properties" : { "ANNO":"2010","ID_SEZIONE":"4853","ISTAT_COMUNE_SEZ":"4178","COMUNE_SEZ":"PRUNETTO","PROVINCIA":"CN","ID_CENTRALE":"1070","NOME_CENTRALE":"PRUNETTO","ISTAT_COMUNE_CENTR":"4178","COMUNE_CENTR":"PRUNETTO","PROVINCIA_CENTR":"CN","INDIRIZZO_CENTRALE":"VIA S. SEBASTIANO 57","LATITUDINE_SEZIONE":"44.48035","LONGITUDINE_SEZIONE":"8.15349","POS_X_SEZIONE":"432681.81284","POS_Y_SEZIONE":"4925575.36254","LATITUDINE_CENTRALE":"44.48854","LONGITUDINE_CENTRALE":"8.14400","POS_X_CENTRALE":"431936.39013","POS_Y_CENTRALE":"4926492.65226","TIPO_ADSL":"ADSL_M","DESCRIZIONE_TIPO_ADSL":"ADSL Mini","DISTANZA_CALCOLATA":"1181.98","CLASSE_DISTANZA":"900-1299","POTENZA_SEGNALE":"0.64","POPOLAZIONE_SEZIONE": "7"}
			},
		 		{ "type" : "Feature",
				"geometry" : {
					"type" : "Point",
					"coordinates" : [8.14489,44.49598]},
			"properties" : { "ANNO":"2010","ID_SEZIONE":"5287","ISTAT_COMUNE_SEZ":"4178","COMUNE_SEZ":"PRUNETTO","PROVINCIA":"CN","ID_CENTRALE":"1070","NOME_CENTRALE":"PRUNETTO","ISTAT_COMUNE_CENTR":"4178","COMUNE_CENTR":"PRUNETTO","PROVINCIA_CENTR":"CN","INDIRIZZO_CENTRALE":"VIA S. SEBASTIANO 57","LATITUDINE_SEZIONE":"44.49598","LONGITUDINE_SEZIONE":"8.14489","POS_X_SEZIONE":"432016.13604","POS_Y_SEZIONE":"4927318.36875","LATITUDINE_CENTRALE":"44.48854","LONGITUDINE_CENTRALE":"8.14400","POS_X_CENTRALE":"431936.39013","POS_Y_CENTRALE":"4926492.65226","TIPO_ADSL":"ADSL_M","DESCRIZIONE_TIPO_ADSL":"ADSL Mini","DISTANZA_CALCOLATA":"829.56","CLASSE_DISTANZA":"500-899","POTENZA_SEGNALE":"0.64","POPOLAZIONE_SEZIONE": "28"}
			},
		 		{ "type" : "Feature",
				"geometry" : {
					"type" : "Point",
					"coordinates" : [8.12585,44.49095]},
			"properties" : { "ANNO":"2010","ID_SEZIONE":"6500","ISTAT_COMUNE_SEZ":"4178","COMUNE_SEZ":"PRUNETTO","PROVINCIA":"CN","ID_CENTRALE":"1070","NOME_CENTRALE":"PRUNETTO","ISTAT_COMUNE_CENTR":"4178","COMUNE_CENTR":"PRUNETTO","PROVINCIA_CENTR":"CN","INDIRIZZO_CENTRALE":"VIA S. SEBASTIANO 57","LATITUDINE_SEZIONE":"44.49095","LONGITUDINE_SEZIONE":"8.12585","POS_X_SEZIONE":"430496.59018","POS_Y_SEZIONE":"4926775.87096","LATITUDINE_CENTRALE":"44.48854","LONGITUDINE_CENTRALE":"8.14400","POS_X_CENTRALE":"431936.39013","POS_Y_CENTRALE":"4926492.65226","TIPO_ADSL":"ADSL_M","DESCRIZIONE_TIPO_ADSL":"ADSL Mini","DISTANZA_CALCOLATA":"1467.39","CLASSE_DISTANZA":"1300-1699","POTENZA_SEGNALE":"0.64","POPOLAZIONE_SEZIONE": "63"}
			},
		 		{ "type" : "Feature",
				"geometry" : {
					"type" : "Point",
					"coordinates" : [8.14395,44.48756]},
			"properties" : { "ANNO":"2010","ID_SEZIONE":"8102","ISTAT_COMUNE_SEZ":"4178","COMUNE_SEZ":"PRUNETTO","PROVINCIA":"CN","ID_CENTRALE":"1070","NOME_CENTRALE":"PRUNETTO","ISTAT_COMUNE_CENTR":"4178","COMUNE_CENTR":"PRUNETTO","PROVINCIA_CENTR":"CN","INDIRIZZO_CENTRALE":"VIA S. SEBASTIANO 57","LATITUDINE_SEZIONE":"44.48756","LONGITUDINE_SEZIONE":"8.14395","POS_X_SEZIONE":"431931.40721","POS_Y_SEZIONE":"4926383.86635","LATITUDINE_CENTRALE":"44.48854","LONGITUDINE_CENTRALE":"8.14400","POS_X_CENTRALE":"431936.39013","POS_Y_CENTRALE":"4926492.65226","TIPO_ADSL":"ADSL_M","DESCRIZIONE_TIPO_ADSL":"ADSL Mini","DISTANZA_CALCOLATA":"108.90","CLASSE_DISTANZA":"100-499","POTENZA_SEGNALE":"0.64","POPOLAZIONE_SEZIONE": "118"}
			},
		 		{ "type" : "Feature",
				"geometry" : {
					"type" : "Point",
					"coordinates" : [8.16522,44.50818]},
			"properties" : { "ANNO":"2010","ID_SEZIONE":"11087","ISTAT_COMUNE_SEZ":"4178","COMUNE_SEZ":"PRUNETTO","PROVINCIA":"CN","ID_CENTRALE":"1070","NOME_CENTRALE":"PRUNETTO","ISTAT_COMUNE_CENTR":"4178","COMUNE_CENTR":"PRUNETTO","PROVINCIA_CENTR":"CN","INDIRIZZO_CENTRALE":"VIA S. SEBASTIANO 57","LATITUDINE_SEZIONE":"44.50818","LONGITUDINE_SEZIONE":"8.16522","POS_X_SEZIONE":"433646.22526","POS_Y_SEZIONE":"4928656.35736","LATITUDINE_CENTRALE":"44.48854","LONGITUDINE_CENTRALE":"8.14400","POS_X_CENTRALE":"431936.39013","POS_Y_CENTRALE":"4926492.65226","TIPO_ADSL":"ADSL_M","DESCRIZIONE_TIPO_ADSL":"ADSL Mini","DISTANZA_CALCOLATA":"2757.74","CLASSE_DISTANZA":"2500-2899","POTENZA_SEGNALE":"0.64","POPOLAZIONE_SEZIONE": "21"}
			},
		 		{ "type" : "Feature",
				"geometry" : {
					"type" : "Point",
					"coordinates" : [8.11726,44.48397]},
			"properties" : { "ANNO":"2010","ID_SEZIONE":"11507","ISTAT_COMUNE_SEZ":"4178","COMUNE_SEZ":"PRUNETTO","PROVINCIA":"CN","ID_CENTRALE":"1070","NOME_CENTRALE":"PRUNETTO","ISTAT_COMUNE_CENTR":"4178","COMUNE_CENTR":"PRUNETTO","PROVINCIA_CENTR":"CN","INDIRIZZO_CENTRALE":"VIA S. SEBASTIANO 57","LATITUDINE_SEZIONE":"44.48397","LONGITUDINE_SEZIONE":"8.11726","POS_X_SEZIONE":"429804.49674","POS_Y_SEZIONE":"4926007.36971","LATITUDINE_CENTRALE":"44.48854","LONGITUDINE_CENTRALE":"8.14400","POS_X_CENTRALE":"431936.39013","POS_Y_CENTRALE":"4926492.65226","TIPO_ADSL":"ADSL_M","DESCRIZIONE_TIPO_ADSL":"ADSL Mini","DISTANZA_CALCOLATA":"2186.43","CLASSE_DISTANZA":"2100-2499","POTENZA_SEGNALE":"0.64","POPOLAZIONE_SEZIONE": "11"}
			},
		 		{ "type" : "Feature",
				"geometry" : {
					"type" : "Point",
					"coordinates" : [8.10699,44.48725]},
			"properties" : { "ANNO":"2010","ID_SEZIONE":"11903","ISTAT_COMUNE_SEZ":"4178","COMUNE_SEZ":"PRUNETTO","PROVINCIA":"CN","ID_CENTRALE":"1070","NOME_CENTRALE":"PRUNETTO","ISTAT_COMUNE_CENTR":"4178","COMUNE_CENTR":"PRUNETTO","PROVINCIA_CENTR":"CN","INDIRIZZO_CENTRALE":"VIA S. SEBASTIANO 57","LATITUDINE_SEZIONE":"44.48725","LONGITUDINE_SEZIONE":"8.10699","POS_X_SEZIONE":"428992.44580","POS_Y_SEZIONE":"4926380.87269","LATITUDINE_CENTRALE":"44.48854","LONGITUDINE_CENTRALE":"8.14400","POS_X_CENTRALE":"431936.39013","POS_Y_CENTRALE":"4926492.65226","TIPO_ADSL":"ADSL_M","DESCRIZIONE_TIPO_ADSL":"ADSL Mini","DISTANZA_CALCOLATA":"2946.07","CLASSE_DISTANZA":"2900-3299","POTENZA_SEGNALE":"0.64","POPOLAZIONE_SEZIONE": "21"}
			},
		 		{ "type" : "Feature",
				"geometry" : {
					"type" : "Point",
					"coordinates" : [8.12798,44.48445]},
			"properties" : { "ANNO":"2010","ID_SEZIONE":"13608","ISTAT_COMUNE_SEZ":"4178","COMUNE_SEZ":"PRUNETTO","PROVINCIA":"CN","ID_CENTRALE":"1070","NOME_CENTRALE":"PRUNETTO","ISTAT_COMUNE_CENTR":"4178","COMUNE_CENTR":"PRUNETTO","PROVINCIA_CENTR":"CN","INDIRIZZO_CENTRALE":"VIA S. SEBASTIANO 57","LATITUDINE_SEZIONE":"44.48445","LONGITUDINE_SEZIONE":"8.12798","POS_X_SEZIONE":"430658.13181","POS_Y_SEZIONE":"4926051.86814","LATITUDINE_CENTRALE":"44.48854","LONGITUDINE_CENTRALE":"8.14400","POS_X_CENTRALE":"431936.39013","POS_Y_CENTRALE":"4926492.65226","TIPO_ADSL":"ADSL_M","DESCRIZIONE_TIPO_ADSL":"ADSL Mini","DISTANZA_CALCOLATA":"1352.12","CLASSE_DISTANZA":"1300-1699","POTENZA_SEGNALE":"0.64","POPOLAZIONE_SEZIONE": "36"}
			},
		 		{ "type" : "Feature",
				"geometry" : {
					"type" : "Point",
					"coordinates" : [8.13178,44.49000]},
			"properties" : { "ANNO":"2010","ID_SEZIONE":"17528","ISTAT_COMUNE_SEZ":"4178","COMUNE_SEZ":"PRUNETTO","PROVINCIA":"CN","ID_CENTRALE":"1070","NOME_CENTRALE":"PRUNETTO","ISTAT_COMUNE_CENTR":"4178","COMUNE_CENTR":"PRUNETTO","PROVINCIA_CENTR":"CN","INDIRIZZO_CENTRALE":"VIA S. SEBASTIANO 57","LATITUDINE_SEZIONE":"44.49000","LONGITUDINE_SEZIONE":"8.13178","POS_X_SEZIONE":"430966.42442","POS_Y_SEZIONE":"4926665.36958","LATITUDINE_CENTRALE":"44.48854","LONGITUDINE_CENTRALE":"8.14400","POS_X_CENTRALE":"431936.39013","POS_Y_CENTRALE":"4926492.65226","TIPO_ADSL":"ADSL_M","DESCRIZIONE_TIPO_ADSL":"ADSL Mini","DISTANZA_CALCOLATA":"985.22","CLASSE_DISTANZA":"900-1299","POTENZA_SEGNALE":"0.64","POPOLAZIONE_SEZIONE": "10"}
			},
		 		{ "type" : "Feature",
				"geometry" : {
					"type" : "Point",
					"coordinates" : [8.13886,44.48772]},
			"properties" : { "ANNO":"2010","ID_SEZIONE":"21571","ISTAT_COMUNE_SEZ":"4178","COMUNE_SEZ":"PRUNETTO","PROVINCIA":"CN","ID_CENTRALE":"1070","NOME_CENTRALE":"PRUNETTO","ISTAT_COMUNE_CENTR":"4178","COMUNE_CENTR":"PRUNETTO","PROVINCIA_CENTR":"CN","INDIRIZZO_CENTRALE":"VIA S. SEBASTIANO 57","LATITUDINE_SEZIONE":"44.48772","LONGITUDINE_SEZIONE":"8.13886","POS_X_SEZIONE":"431526.50993","POS_Y_SEZIONE":"4926405.86750","LATITUDINE_CENTRALE":"44.48854","LONGITUDINE_CENTRALE":"8.14400","POS_X_CENTRALE":"431936.39013","POS_Y_CENTRALE":"4926492.65226","TIPO_ADSL":"ADSL_M","DESCRIZIONE_TIPO_ADSL":"ADSL Mini","DISTANZA_CALCOLATA":"418.97","CLASSE_DISTANZA":"100-499","POTENZA_SEGNALE":"0.64","POPOLAZIONE_SEZIONE": "44"}
			},
		 		{ "type" : "Feature",
				"geometry" : {
					"type" : "Point",
					"coordinates" : [8.11364,44.49027]},
			"properties" : { "ANNO":"2010","ID_SEZIONE":"24243","ISTAT_COMUNE_SEZ":"4178","COMUNE_SEZ":"PRUNETTO","PROVINCIA":"CN","ID_CENTRALE":"1070","NOME_CENTRALE":"PRUNETTO","ISTAT_COMUNE_CENTR":"4178","COMUNE_CENTR":"PRUNETTO","PROVINCIA_CENTR":"CN","INDIRIZZO_CENTRALE":"VIA S. SEBASTIANO 57","LATITUDINE_SEZIONE":"44.49027","LONGITUDINE_SEZIONE":"8.11364","POS_X_SEZIONE":"429524.42660","POS_Y_SEZIONE":"4926710.37285","LATITUDINE_CENTRALE":"44.48854","LONGITUDINE_CENTRALE":"8.14400","POS_X_CENTRALE":"431936.39013","POS_Y_CENTRALE":"4926492.65226","TIPO_ADSL":"ADSL_M","DESCRIZIONE_TIPO_ADSL":"ADSL Mini","DISTANZA_CALCOLATA":"2421.77","CLASSE_DISTANZA":"2100-2499","POTENZA_SEGNALE":"0.64","POPOLAZIONE_SEZIONE": "6"}
			},
		 		{ "type" : "Feature",
				"geometry" : {
					"type" : "Point",
					"coordinates" : [8.13906,44.49955]},
			"properties" : { "ANNO":"2010","ID_SEZIONE":"25295","ISTAT_COMUNE_SEZ":"4178","COMUNE_SEZ":"PRUNETTO","PROVINCIA":"CN","ID_CENTRALE":"1070","NOME_CENTRALE":"PRUNETTO","ISTAT_COMUNE_CENTR":"4178","COMUNE_CENTR":"PRUNETTO","PROVINCIA_CENTR":"CN","INDIRIZZO_CENTRALE":"VIA S. SEBASTIANO 57","LATITUDINE_SEZIONE":"44.49955","LONGITUDINE_SEZIONE":"8.13906","POS_X_SEZIONE":"431556.32676","POS_Y_SEZIONE":"4927719.37330","LATITUDINE_CENTRALE":"44.48854","LONGITUDINE_CENTRALE":"8.14400","POS_X_CENTRALE":"431936.39013","POS_Y_CENTRALE":"4926492.65226","TIPO_ADSL":"ADSL_M","DESCRIZIONE_TIPO_ADSL":"ADSL Mini","DISTANZA_CALCOLATA":"1284.25","CLASSE_DISTANZA":"900-1299","POTENZA_SEGNALE":"0.64","POPOLAZIONE_SEZIONE": "11"}
			},
		 		{ "type" : "Feature",
				"geometry" : {
					"type" : "Point",
					"coordinates" : [8.13768,44.48580]},
			"properties" : { "ANNO":"2010","ID_SEZIONE":"26379","ISTAT_COMUNE_SEZ":"4178","COMUNE_SEZ":"PRUNETTO","PROVINCIA":"CN","ID_CENTRALE":"1070","NOME_CENTRALE":"PRUNETTO","ISTAT_COMUNE_CENTR":"4178","COMUNE_CENTR":"PRUNETTO","PROVINCIA_CENTR":"CN","INDIRIZZO_CENTRALE":"VIA S. SEBASTIANO 57","LATITUDINE_SEZIONE":"44.48580","LONGITUDINE_SEZIONE":"8.13768","POS_X_SEZIONE":"431430.98557","POS_Y_SEZIONE":"4926193.86674","LATITUDINE_CENTRALE":"44.48854","LONGITUDINE_CENTRALE":"8.14400","POS_X_CENTRALE":"431936.39013","POS_Y_CENTRALE":"4926492.65226","TIPO_ADSL":"ADSL_M","DESCRIZIONE_TIPO_ADSL":"ADSL Mini","DISTANZA_CALCOLATA":"587.12","CLASSE_DISTANZA":"500-899","POTENZA_SEGNALE":"0.64","POPOLAZIONE_SEZIONE": "30"}
			},
		 		{ "type" : "Feature",
				"geometry" : {
					"type" : "Point",
					"coordinates" : [8.14719,44.49341]},
			"properties" : { "ANNO":"2010","ID_SEZIONE":"27581","ISTAT_COMUNE_SEZ":"4178","COMUNE_SEZ":"PRUNETTO","PROVINCIA":"CN","ID_CENTRALE":"1070","NOME_CENTRALE":"PRUNETTO","ISTAT_COMUNE_CENTR":"4178","COMUNE_CENTR":"PRUNETTO","PROVINCIA_CENTR":"CN","INDIRIZZO_CENTRALE":"VIA S. SEBASTIANO 57","LATITUDINE_SEZIONE":"44.49341","LONGITUDINE_SEZIONE":"8.14719","POS_X_SEZIONE":"432195.76254","POS_Y_SEZIONE":"4927030.86744","LATITUDINE_CENTRALE":"44.48854","LONGITUDINE_CENTRALE":"8.14400","POS_X_CENTRALE":"431936.39013","POS_Y_CENTRALE":"4926492.65226","TIPO_ADSL":"ADSL_M","DESCRIZIONE_TIPO_ADSL":"ADSL Mini","DISTANZA_CALCOLATA":"597.45","CLASSE_DISTANZA":"500-899","POTENZA_SEGNALE":"0.64","POPOLAZIONE_SEZIONE": "26"}
			},
		 		{ "type" : "Feature",
				"geometry" : {
					"type" : "Point",
					"coordinates" : [8.15861,44.50466]},
			"properties" : { "ANNO":"2010","ID_SEZIONE":"31537","ISTAT_COMUNE_SEZ":"4178","COMUNE_SEZ":"PRUNETTO","PROVINCIA":"CN","ID_CENTRALE":"1070","NOME_CENTRALE":"PRUNETTO","ISTAT_COMUNE_CENTR":"4178","COMUNE_CENTR":"PRUNETTO","PROVINCIA_CENTR":"CN","INDIRIZZO_CENTRALE":"VIA S. SEBASTIANO 57","LATITUDINE_SEZIONE":"44.50466","LONGITUDINE_SEZIONE":"8.15861","POS_X_SEZIONE":"433116.49623","POS_Y_SEZIONE":"4928270.86232","LATITUDINE_CENTRALE":"44.48854","LONGITUDINE_CENTRALE":"8.14400","POS_X_CENTRALE":"431936.39013","POS_Y_CENTRALE":"4926492.65226","TIPO_ADSL":"ADSL_M","DESCRIZIONE_TIPO_ADSL":"ADSL Mini","DISTANZA_CALCOLATA":"2134.17","CLASSE_DISTANZA":"2100-2499","POTENZA_SEGNALE":"0.64","POPOLAZIONE_SEZIONE": "50"}
			}
		 		]
	}
		