 	{ "type" : "FeatureCollection",
		"features" : [
		 		{ "type" : "Feature",
				"geometry" : {
					"type" : "Point",
					"coordinates" : [7.27168,44.87051]},
			"properties" : { "ANNO":"2010","ID_SEZIONE":"707","ISTAT_COMUNE_SEZ":"1205","COMUNE_SEZ":"PRAROSTINO","PROVINCIA":"TO","ID_CENTRALE":"1285","NOME_CENTRALE":"SAN SECONDO DI PINEROLO","ISTAT_COMUNE_CENTR":"1254","COMUNE_CENTR":"SAN SECONDO DI PINEROLO","PROVINCIA_CENTR":"TO","INDIRIZZO_CENTRALE":"DELLA REPUBBLICA 112","LATITUDINE_SEZIONE":"44.87051","LONGITUDINE_SEZIONE":"7.27168","POS_X_SEZIONE":"363475.56842","POS_Y_SEZIONE":"4970019.08994","LATITUDINE_CENTRALE":"44.86491","LONGITUDINE_CENTRALE":"7.29885","POS_X_CENTRALE":"365608.30410","POS_Y_CENTRALE":"4969350.96979","TIPO_ADSL":"ADSL_2P","DESCRIZIONE_TIPO_ADSL":"ADSL 2+ (24 mega)","DISTANZA_CALCOLATA":"2234.94","CLASSE_DISTANZA":"2100-2499","POTENZA_SEGNALE":"10000","POPOLAZIONE_SEZIONE": "528"}
			},
		 		{ "type" : "Feature",
				"geometry" : {
					"type" : "Point",
					"coordinates" : [7.29488,44.87999]},
			"properties" : { "ANNO":"2010","ID_SEZIONE":"1951","ISTAT_COMUNE_SEZ":"1254","COMUNE_SEZ":"SAN SECONDO DI PINEROLO","PROVINCIA":"TO","ID_CENTRALE":"1285","NOME_CENTRALE":"SAN SECONDO DI PINEROLO","ISTAT_COMUNE_CENTR":"1254","COMUNE_CENTR":"SAN SECONDO DI PINEROLO","PROVINCIA_CENTR":"TO","INDIRIZZO_CENTRALE":"DELLA REPUBBLICA 112","LATITUDINE_SEZIONE":"44.87999","LONGITUDINE_SEZIONE":"7.29488","POS_X_SEZIONE":"365330.07185","POS_Y_SEZIONE":"4971033.62153","LATITUDINE_CENTRALE":"44.86491","LONGITUDINE_CENTRALE":"7.29885","POS_X_CENTRALE":"365608.30410","POS_Y_CENTRALE":"4969350.96979","TIPO_ADSL":"ADSL_2P","DESCRIZIONE_TIPO_ADSL":"ADSL 2+ (24 mega)","DISTANZA_CALCOLATA":"1705.5","CLASSE_DISTANZA":"1700-2099","POTENZA_SEGNALE":"12975.83","POPOLAZIONE_SEZIONE": "24"}
			},
		 		{ "type" : "Feature",
				"geometry" : {
					"type" : "Point",
					"coordinates" : [7.29002,44.87747]},
			"properties" : { "ANNO":"2010","ID_SEZIONE":"2703","ISTAT_COMUNE_SEZ":"1205","COMUNE_SEZ":"PRAROSTINO","PROVINCIA":"TO","ID_CENTRALE":"1285","NOME_CENTRALE":"SAN SECONDO DI PINEROLO","ISTAT_COMUNE_CENTR":"1254","COMUNE_CENTR":"SAN SECONDO DI PINEROLO","PROVINCIA_CENTR":"TO","INDIRIZZO_CENTRALE":"DELLA REPUBBLICA 112","LATITUDINE_SEZIONE":"44.87747","LONGITUDINE_SEZIONE":"7.29002","POS_X_SEZIONE":"364940.20894","POS_Y_SEZIONE":"4970761.11362","LATITUDINE_CENTRALE":"44.86491","LONGITUDINE_CENTRALE":"7.29885","POS_X_CENTRALE":"365608.30410","POS_Y_CENTRALE":"4969350.96979","TIPO_ADSL":"ADSL_2P","DESCRIZIONE_TIPO_ADSL":"ADSL 2+ (24 mega)","DISTANZA_CALCOLATA":"1560.4","CLASSE_DISTANZA":"1300-1699","POTENZA_SEGNALE":"16071.67","POPOLAZIONE_SEZIONE": "13"}
			},
		 		{ "type" : "Feature",
				"geometry" : {
					"type" : "Point",
					"coordinates" : [7.31499,44.87229]},
			"properties" : { "ANNO":"2010","ID_SEZIONE":"2704","ISTAT_COMUNE_SEZ":"1254","COMUNE_SEZ":"SAN SECONDO DI PINEROLO","PROVINCIA":"TO","ID_CENTRALE":"1285","NOME_CENTRALE":"SAN SECONDO DI PINEROLO","ISTAT_COMUNE_CENTR":"1254","COMUNE_CENTR":"SAN SECONDO DI PINEROLO","PROVINCIA_CENTR":"TO","INDIRIZZO_CENTRALE":"DELLA REPUBBLICA 112","LATITUDINE_SEZIONE":"44.87229","LONGITUDINE_SEZIONE":"7.31499","POS_X_SEZIONE":"366900.77726","POS_Y_SEZIONE":"4970144.62006","LATITUDINE_CENTRALE":"44.86491","LONGITUDINE_CENTRALE":"7.29885","POS_X_CENTRALE":"365608.30410","POS_Y_CENTRALE":"4969350.96979","TIPO_ADSL":"ADSL_2P","DESCRIZIONE_TIPO_ADSL":"ADSL 2+ (24 mega)","DISTANZA_CALCOLATA":"1516.7","CLASSE_DISTANZA":"1300-1699","POTENZA_SEGNALE":"16071.67","POPOLAZIONE_SEZIONE": "35"}
			},
		 		{ "type" : "Feature",
				"geometry" : {
					"type" : "Point",
					"coordinates" : [7.27877,44.88135]},
			"properties" : { "ANNO":"2010","ID_SEZIONE":"3172","ISTAT_COMUNE_SEZ":"1205","COMUNE_SEZ":"PRAROSTINO","PROVINCIA":"TO","ID_CENTRALE":"1285","NOME_CENTRALE":"SAN SECONDO DI PINEROLO","ISTAT_COMUNE_CENTR":"1254","COMUNE_CENTR":"SAN SECONDO DI PINEROLO","PROVINCIA_CENTR":"TO","INDIRIZZO_CENTRALE":"DELLA REPUBBLICA 112","LATITUDINE_SEZIONE":"44.88135","LONGITUDINE_SEZIONE":"7.27877","POS_X_SEZIONE":"364060.70250","POS_Y_SEZIONE":"4971211.11350","LATITUDINE_CENTRALE":"44.86491","LONGITUDINE_CENTRALE":"7.29885","POS_X_CENTRALE":"365608.30410","POS_Y_CENTRALE":"4969350.96979","TIPO_ADSL":"ADSL_2P","DESCRIZIONE_TIPO_ADSL":"ADSL 2+ (24 mega)","DISTANZA_CALCOLATA":"2419.75","CLASSE_DISTANZA":"2100-2499","POTENZA_SEGNALE":"10000","POPOLAZIONE_SEZIONE": "23"}
			},
		 		{ "type" : "Feature",
				"geometry" : {
					"type" : "Point",
					"coordinates" : [7.27982,44.85427]},
			"properties" : { "ANNO":"2010","ID_SEZIONE":"4829","ISTAT_COMUNE_SEZ":"1254","COMUNE_SEZ":"SAN SECONDO DI PINEROLO","PROVINCIA":"TO","ID_CENTRALE":"1285","NOME_CENTRALE":"SAN SECONDO DI PINEROLO","ISTAT_COMUNE_CENTR":"1254","COMUNE_CENTR":"SAN SECONDO DI PINEROLO","PROVINCIA_CENTR":"TO","INDIRIZZO_CENTRALE":"DELLA REPUBBLICA 112","LATITUDINE_SEZIONE":"44.85427","LONGITUDINE_SEZIONE":"7.27982","POS_X_SEZIONE":"364080.05662","POS_Y_SEZIONE":"4968201.06652","LATITUDINE_CENTRALE":"44.86491","LONGITUDINE_CENTRALE":"7.29885","POS_X_CENTRALE":"365608.30410","POS_Y_CENTRALE":"4969350.96979","TIPO_ADSL":"ADSL_2P","DESCRIZIONE_TIPO_ADSL":"ADSL 2+ (24 mega)","DISTANZA_CALCOLATA":"1912.54","CLASSE_DISTANZA":"1700-2099","POTENZA_SEGNALE":"12975.83","POPOLAZIONE_SEZIONE": "66"}
			},
		 		{ "type" : "Feature",
				"geometry" : {
					"type" : "Point",
					"coordinates" : [7.28054,44.87233]},
			"properties" : { "ANNO":"2010","ID_SEZIONE":"5031","ISTAT_COMUNE_SEZ":"1205","COMUNE_SEZ":"PRAROSTINO","PROVINCIA":"TO","ID_CENTRALE":"1285","NOME_CENTRALE":"SAN SECONDO DI PINEROLO","ISTAT_COMUNE_CENTR":"1254","COMUNE_CENTR":"SAN SECONDO DI PINEROLO","PROVINCIA_CENTR":"TO","INDIRIZZO_CENTRALE":"DELLA REPUBBLICA 112","LATITUDINE_SEZIONE":"44.87233","LONGITUDINE_SEZIONE":"7.28054","POS_X_SEZIONE":"364179.14090","POS_Y_SEZIONE":"4970206.59868","LATITUDINE_CENTRALE":"44.86491","LONGITUDINE_CENTRALE":"7.29885","POS_X_CENTRALE":"365608.30410","POS_Y_CENTRALE":"4969350.96979","TIPO_ADSL":"ADSL_2P","DESCRIZIONE_TIPO_ADSL":"ADSL 2+ (24 mega)","DISTANZA_CALCOLATA":"1665.72","CLASSE_DISTANZA":"1300-1699","POTENZA_SEGNALE":"16071.67","POPOLAZIONE_SEZIONE": "17"}
			},
		 		{ "type" : "Feature",
				"geometry" : {
					"type" : "Point",
					"coordinates" : [7.28624,44.86342]},
			"properties" : { "ANNO":"2010","ID_SEZIONE":"5623","ISTAT_COMUNE_SEZ":"1205","COMUNE_SEZ":"PRAROSTINO","PROVINCIA":"TO","ID_CENTRALE":"1285","NOME_CENTRALE":"SAN SECONDO DI PINEROLO","ISTAT_COMUNE_CENTR":"1254","COMUNE_CENTR":"SAN SECONDO DI PINEROLO","PROVINCIA_CENTR":"TO","INDIRIZZO_CENTRALE":"DELLA REPUBBLICA 112","LATITUDINE_SEZIONE":"44.86342","LONGITUDINE_SEZIONE":"7.28624","POS_X_SEZIONE":"364608.81796","POS_Y_SEZIONE":"4969207.08662","LATITUDINE_CENTRALE":"44.86491","LONGITUDINE_CENTRALE":"7.29885","POS_X_CENTRALE":"365608.30410","POS_Y_CENTRALE":"4969350.96979","TIPO_ADSL":"ADSL_2P","DESCRIZIONE_TIPO_ADSL":"ADSL 2+ (24 mega)","DISTANZA_CALCOLATA":"1009.79","CLASSE_DISTANZA":"900-1299","POTENZA_SEGNALE":"17737.5","POPOLAZIONE_SEZIONE": "35"}
			},
		 		{ "type" : "Feature",
				"geometry" : {
					"type" : "Point",
					"coordinates" : [7.31173,44.85413]},
			"properties" : { "ANNO":"2010","ID_SEZIONE":"6273","ISTAT_COMUNE_SEZ":"1254","COMUNE_SEZ":"SAN SECONDO DI PINEROLO","PROVINCIA":"TO","ID_CENTRALE":"1285","NOME_CENTRALE":"SAN SECONDO DI PINEROLO","ISTAT_COMUNE_CENTR":"1254","COMUNE_CENTR":"SAN SECONDO DI PINEROLO","PROVINCIA_CENTR":"TO","INDIRIZZO_CENTRALE":"DELLA REPUBBLICA 112","LATITUDINE_SEZIONE":"44.85413","LONGITUDINE_SEZIONE":"7.31173","POS_X_SEZIONE":"366601.35351","POS_Y_SEZIONE":"4968132.08476","LATITUDINE_CENTRALE":"44.86491","LONGITUDINE_CENTRALE":"7.29885","POS_X_CENTRALE":"365608.30410","POS_Y_CENTRALE":"4969350.96979","TIPO_ADSL":"ADSL_2P","DESCRIZIONE_TIPO_ADSL":"ADSL 2+ (24 mega)","DISTANZA_CALCOLATA":"1572.2","CLASSE_DISTANZA":"1300-1699","POTENZA_SEGNALE":"16071.67","POPOLAZIONE_SEZIONE": "494"}
			},
		 		{ "type" : "Feature",
				"geometry" : {
					"type" : "Point",
					"coordinates" : [7.28386,44.88296]},
			"properties" : { "ANNO":"2010","ID_SEZIONE":"6503","ISTAT_COMUNE_SEZ":"1205","COMUNE_SEZ":"PRAROSTINO","PROVINCIA":"TO","ID_CENTRALE":"1285","NOME_CENTRALE":"SAN SECONDO DI PINEROLO","ISTAT_COMUNE_CENTR":"1254","COMUNE_CENTR":"SAN SECONDO DI PINEROLO","PROVINCIA_CENTR":"TO","INDIRIZZO_CENTRALE":"DELLA REPUBBLICA 112","LATITUDINE_SEZIONE":"44.88296","LONGITUDINE_SEZIONE":"7.28386","POS_X_SEZIONE":"364466.43998","POS_Y_SEZIONE":"4971381.11951","LATITUDINE_CENTRALE":"44.86491","LONGITUDINE_CENTRALE":"7.29885","POS_X_CENTRALE":"365608.30410","POS_Y_CENTRALE":"4969350.96979","TIPO_ADSL":"ADSL_2P","DESCRIZIONE_TIPO_ADSL":"ADSL 2+ (24 mega)","DISTANZA_CALCOLATA":"2329.24","CLASSE_DISTANZA":"2100-2499","POTENZA_SEGNALE":"10000","POPOLAZIONE_SEZIONE": "19"}
			},
		 		{ "type" : "Feature",
				"geometry" : {
					"type" : "Point",
					"coordinates" : [7.29748,44.85764]},
			"properties" : { "ANNO":"2010","ID_SEZIONE":"6509","ISTAT_COMUNE_SEZ":"1254","COMUNE_SEZ":"SAN SECONDO DI PINEROLO","PROVINCIA":"TO","ID_CENTRALE":"1285","NOME_CENTRALE":"SAN SECONDO DI PINEROLO","ISTAT_COMUNE_CENTR":"1254","COMUNE_CENTR":"SAN SECONDO DI PINEROLO","PROVINCIA_CENTR":"TO","INDIRIZZO_CENTRALE":"DELLA REPUBBLICA 112","LATITUDINE_SEZIONE":"44.85764","LONGITUDINE_SEZIONE":"7.29748","POS_X_SEZIONE":"365483.01239","POS_Y_SEZIONE":"4968545.58261","LATITUDINE_CENTRALE":"44.86491","LONGITUDINE_CENTRALE":"7.29885","POS_X_CENTRALE":"365608.30410","POS_Y_CENTRALE":"4969350.96979","TIPO_ADSL":"ADSL_2P","DESCRIZIONE_TIPO_ADSL":"ADSL 2+ (24 mega)","DISTANZA_CALCOLATA":"815.07","CLASSE_DISTANZA":"500-899","POTENZA_SEGNALE":"19523.33","POPOLAZIONE_SEZIONE": "23"}
			},
		 		{ "type" : "Feature",
				"geometry" : {
					"type" : "Point",
					"coordinates" : [7.32396,44.84876]},
			"properties" : { "ANNO":"2010","ID_SEZIONE":"6886","ISTAT_COMUNE_SEZ":"1254","COMUNE_SEZ":"SAN SECONDO DI PINEROLO","PROVINCIA":"TO","ID_CENTRALE":"1285","NOME_CENTRALE":"SAN SECONDO DI PINEROLO","ISTAT_COMUNE_CENTR":"1254","COMUNE_CENTR":"SAN SECONDO DI PINEROLO","PROVINCIA_CENTR":"TO","INDIRIZZO_CENTRALE":"DELLA REPUBBLICA 112","LATITUDINE_SEZIONE":"44.84876","LONGITUDINE_SEZIONE":"7.32396","POS_X_SEZIONE":"367555.10558","POS_Y_SEZIONE":"4967516.58191","LATITUDINE_CENTRALE":"44.86491","LONGITUDINE_CENTRALE":"7.29885","POS_X_CENTRALE":"365608.30410","POS_Y_CENTRALE":"4969350.96979","TIPO_ADSL":"ADSL_2P","DESCRIZIONE_TIPO_ADSL":"ADSL 2+ (24 mega)","DISTANZA_CALCOLATA":"2674.89","CLASSE_DISTANZA":"2500-2899","POTENZA_SEGNALE":"7380.83","POPOLAZIONE_SEZIONE": "17"}
			},
		 		{ "type" : "Feature",
				"geometry" : {
					"type" : "Point",
					"coordinates" : [7.29263,44.86775]},
			"properties" : { "ANNO":"2010","ID_SEZIONE":"8580","ISTAT_COMUNE_SEZ":"1254","COMUNE_SEZ":"SAN SECONDO DI PINEROLO","PROVINCIA":"TO","ID_CENTRALE":"1285","NOME_CENTRALE":"SAN SECONDO DI PINEROLO","ISTAT_COMUNE_CENTR":"1254","COMUNE_CENTR":"SAN SECONDO DI PINEROLO","PROVINCIA_CENTR":"TO","INDIRIZZO_CENTRALE":"DELLA REPUBBLICA 112","LATITUDINE_SEZIONE":"44.86775","LONGITUDINE_SEZIONE":"7.29263","POS_X_SEZIONE":"365123.67594","POS_Y_SEZIONE":"4969677.59823","LATITUDINE_CENTRALE":"44.86491","LONGITUDINE_CENTRALE":"7.29885","POS_X_CENTRALE":"365608.30410","POS_Y_CENTRALE":"4969350.96979","TIPO_ADSL":"ADSL_2P","DESCRIZIONE_TIPO_ADSL":"ADSL 2+ (24 mega)","DISTANZA_CALCOLATA":"584.42","CLASSE_DISTANZA":"500-899","POTENZA_SEGNALE":"19523.33","POPOLAZIONE_SEZIONE": "39"}
			},
		 		{ "type" : "Feature",
				"geometry" : {
					"type" : "Point",
					"coordinates" : [7.31685,44.86997]},
			"properties" : { "ANNO":"2010","ID_SEZIONE":"9583","ISTAT_COMUNE_SEZ":"1254","COMUNE_SEZ":"SAN SECONDO DI PINEROLO","PROVINCIA":"TO","ID_CENTRALE":"1285","NOME_CENTRALE":"SAN SECONDO DI PINEROLO","ISTAT_COMUNE_CENTR":"1254","COMUNE_CENTR":"SAN SECONDO DI PINEROLO","PROVINCIA_CENTR":"TO","INDIRIZZO_CENTRALE":"DELLA REPUBBLICA 112","LATITUDINE_SEZIONE":"44.86997","LONGITUDINE_SEZIONE":"7.31685","POS_X_SEZIONE":"367042.52343","POS_Y_SEZIONE":"4969883.61679","LATITUDINE_CENTRALE":"44.86491","LONGITUDINE_CENTRALE":"7.29885","POS_X_CENTRALE":"365608.30410","POS_Y_CENTRALE":"4969350.96979","TIPO_ADSL":"ADSL_2P","DESCRIZIONE_TIPO_ADSL":"ADSL 2+ (24 mega)","DISTANZA_CALCOLATA":"1529.93","CLASSE_DISTANZA":"1300-1699","POTENZA_SEGNALE":"16071.67","POPOLAZIONE_SEZIONE": "18"}
			},
		 		{ "type" : "Feature",
				"geometry" : {
					"type" : "Point",
					"coordinates" : [7.28402,44.87328]},
			"properties" : { "ANNO":"2010","ID_SEZIONE":"10158","ISTAT_COMUNE_SEZ":"1205","COMUNE_SEZ":"PRAROSTINO","PROVINCIA":"TO","ID_CENTRALE":"1285","NOME_CENTRALE":"SAN SECONDO DI PINEROLO","ISTAT_COMUNE_CENTR":"1254","COMUNE_CENTR":"SAN SECONDO DI PINEROLO","PROVINCIA_CENTR":"TO","INDIRIZZO_CENTRALE":"DELLA REPUBBLICA 112","LATITUDINE_SEZIONE":"44.87328","LONGITUDINE_SEZIONE":"7.28402","POS_X_SEZIONE":"364456.97514","POS_Y_SEZIONE":"4970306.10230","LATITUDINE_CENTRALE":"44.86491","LONGITUDINE_CENTRALE":"7.29885","POS_X_CENTRALE":"365608.30410","POS_Y_CENTRALE":"4969350.96979","TIPO_ADSL":"ADSL_2P","DESCRIZIONE_TIPO_ADSL":"ADSL 2+ (24 mega)","DISTANZA_CALCOLATA":"1495.94","CLASSE_DISTANZA":"1300-1699","POTENZA_SEGNALE":"16071.67","POPOLAZIONE_SEZIONE": "73"}
			},
		 		{ "type" : "Feature",
				"geometry" : {
					"type" : "Point",
					"coordinates" : [7.30536,44.86462]},
			"properties" : { "ANNO":"2010","ID_SEZIONE":"11258","ISTAT_COMUNE_SEZ":"1254","COMUNE_SEZ":"SAN SECONDO DI PINEROLO","PROVINCIA":"TO","ID_CENTRALE":"1285","NOME_CENTRALE":"SAN SECONDO DI PINEROLO","ISTAT_COMUNE_CENTR":"1254","COMUNE_CENTR":"SAN SECONDO DI PINEROLO","PROVINCIA_CENTR":"TO","INDIRIZZO_CENTRALE":"DELLA REPUBBLICA 112","LATITUDINE_SEZIONE":"44.86462","LONGITUDINE_SEZIONE":"7.30536","POS_X_SEZIONE":"366122.30276","POS_Y_SEZIONE":"4969308.60034","LATITUDINE_CENTRALE":"44.86491","LONGITUDINE_CENTRALE":"7.29885","POS_X_CENTRALE":"365608.30410","POS_Y_CENTRALE":"4969350.96979","TIPO_ADSL":"ADSL_2P","DESCRIZIONE_TIPO_ADSL":"ADSL 2+ (24 mega)","DISTANZA_CALCOLATA":"515.74","CLASSE_DISTANZA":"500-899","POTENZA_SEGNALE":"19523.33","POPOLAZIONE_SEZIONE": "45"}
			},
		 		{ "type" : "Feature",
				"geometry" : {
					"type" : "Point",
					"coordinates" : [7.30698,44.85787]},
			"properties" : { "ANNO":"2010","ID_SEZIONE":"12709","ISTAT_COMUNE_SEZ":"1254","COMUNE_SEZ":"SAN SECONDO DI PINEROLO","PROVINCIA":"TO","ID_CENTRALE":"1285","NOME_CENTRALE":"SAN SECONDO DI PINEROLO","ISTAT_COMUNE_CENTR":"1254","COMUNE_CENTR":"SAN SECONDO DI PINEROLO","PROVINCIA_CENTR":"TO","INDIRIZZO_CENTRALE":"DELLA REPUBBLICA 112","LATITUDINE_SEZIONE":"44.85787","LONGITUDINE_SEZIONE":"7.30698","POS_X_SEZIONE":"366234.83268","POS_Y_SEZIONE":"4968555.58863","LATITUDINE_CENTRALE":"44.86491","LONGITUDINE_CENTRALE":"7.29885","POS_X_CENTRALE":"365608.30410","POS_Y_CENTRALE":"4969350.96979","TIPO_ADSL":"ADSL_2P","DESCRIZIONE_TIPO_ADSL":"ADSL 2+ (24 mega)","DISTANZA_CALCOLATA":"1012.51","CLASSE_DISTANZA":"900-1299","POTENZA_SEGNALE":"17737.5","POPOLAZIONE_SEZIONE": "30"}
			},
		 		{ "type" : "Feature",
				"geometry" : {
					"type" : "Point",
					"coordinates" : [7.26487,44.86779]},
			"properties" : { "ANNO":"2010","ID_SEZIONE":"13162","ISTAT_COMUNE_SEZ":"1205","COMUNE_SEZ":"PRAROSTINO","PROVINCIA":"TO","ID_CENTRALE":"1285","NOME_CENTRALE":"SAN SECONDO DI PINEROLO","ISTAT_COMUNE_CENTR":"1254","COMUNE_CENTR":"SAN SECONDO DI PINEROLO","PROVINCIA_CENTR":"TO","INDIRIZZO_CENTRALE":"DELLA REPUBBLICA 112","LATITUDINE_SEZIONE":"44.86779","LONGITUDINE_SEZIONE":"7.26487","POS_X_SEZIONE":"362930.80503","POS_Y_SEZIONE":"4969727.58121","LATITUDINE_CENTRALE":"44.86491","LONGITUDINE_CENTRALE":"7.29885","POS_X_CENTRALE":"365608.30410","POS_Y_CENTRALE":"4969350.96979","TIPO_ADSL":"ADSL_2P","DESCRIZIONE_TIPO_ADSL":"ADSL 2+ (24 mega)","DISTANZA_CALCOLATA":"2703.86","CLASSE_DISTANZA":"2500-2899","POTENZA_SEGNALE":"7380.83","POPOLAZIONE_SEZIONE": "31"}
			},
		 		{ "type" : "Feature",
				"geometry" : {
					"type" : "Point",
					"coordinates" : [7.29599,44.85312]},
			"properties" : { "ANNO":"2010","ID_SEZIONE":"15621","ISTAT_COMUNE_SEZ":"1254","COMUNE_SEZ":"SAN SECONDO DI PINEROLO","PROVINCIA":"TO","ID_CENTRALE":"1285","NOME_CENTRALE":"SAN SECONDO DI PINEROLO","ISTAT_COMUNE_CENTR":"1254","COMUNE_CENTR":"SAN SECONDO DI PINEROLO","PROVINCIA_CENTR":"TO","INDIRIZZO_CENTRALE":"DELLA REPUBBLICA 112","LATITUDINE_SEZIONE":"44.85312","LONGITUDINE_SEZIONE":"7.29599","POS_X_SEZIONE":"365354.95454","POS_Y_SEZIONE":"4968046.07388","LATITUDINE_CENTRALE":"44.86491","LONGITUDINE_CENTRALE":"7.29885","POS_X_CENTRALE":"365608.30410","POS_Y_CENTRALE":"4969350.96979","TIPO_ADSL":"ADSL_2P","DESCRIZIONE_TIPO_ADSL":"ADSL 2+ (24 mega)","DISTANZA_CALCOLATA":"1329.26","CLASSE_DISTANZA":"1300-1699","POTENZA_SEGNALE":"16071.67","POPOLAZIONE_SEZIONE": "10"}
			},
		 		{ "type" : "Feature",
				"geometry" : {
					"type" : "Point",
					"coordinates" : [7.29570,44.87155]},
			"properties" : { "ANNO":"2010","ID_SEZIONE":"15827","ISTAT_COMUNE_SEZ":"1205","COMUNE_SEZ":"PRAROSTINO","PROVINCIA":"TO","ID_CENTRALE":"1285","NOME_CENTRALE":"SAN SECONDO DI PINEROLO","ISTAT_COMUNE_CENTR":"1254","COMUNE_CENTR":"SAN SECONDO DI PINEROLO","PROVINCIA_CENTR":"TO","INDIRIZZO_CENTRALE":"DELLA REPUBBLICA 112","LATITUDINE_SEZIONE":"44.87155","LONGITUDINE_SEZIONE":"7.29570","POS_X_SEZIONE":"365375.41713","POS_Y_SEZIONE":"4970094.10665","LATITUDINE_CENTRALE":"44.86491","LONGITUDINE_CENTRALE":"7.29885","POS_X_CENTRALE":"365608.30410","POS_Y_CENTRALE":"4969350.96979","TIPO_ADSL":"ADSL_2P","DESCRIZIONE_TIPO_ADSL":"ADSL 2+ (24 mega)","DISTANZA_CALCOLATA":"778.77","CLASSE_DISTANZA":"500-899","POTENZA_SEGNALE":"19523.33","POPOLAZIONE_SEZIONE": "87"}
			},
		 		{ "type" : "Feature",
				"geometry" : {
					"type" : "Point",
					"coordinates" : [7.27033,44.86208]},
			"properties" : { "ANNO":"2010","ID_SEZIONE":"16049","ISTAT_COMUNE_SEZ":"1205","COMUNE_SEZ":"PRAROSTINO","PROVINCIA":"TO","ID_CENTRALE":"1285","NOME_CENTRALE":"SAN SECONDO DI PINEROLO","ISTAT_COMUNE_CENTR":"1254","COMUNE_CENTR":"SAN SECONDO DI PINEROLO","PROVINCIA_CENTR":"TO","INDIRIZZO_CENTRALE":"DELLA REPUBBLICA 112","LATITUDINE_SEZIONE":"44.86208","LONGITUDINE_SEZIONE":"7.27033","POS_X_SEZIONE":"363348.51306","POS_Y_SEZIONE":"4969084.07452","LATITUDINE_CENTRALE":"44.86491","LONGITUDINE_CENTRALE":"7.29885","POS_X_CENTRALE":"365608.30410","POS_Y_CENTRALE":"4969350.96979","TIPO_ADSL":"ADSL_2P","DESCRIZIONE_TIPO_ADSL":"ADSL 2+ (24 mega)","DISTANZA_CALCOLATA":"2275.5","CLASSE_DISTANZA":"2100-2499","POTENZA_SEGNALE":"10000","POPOLAZIONE_SEZIONE": "15"}
			},
		 		{ "type" : "Feature",
				"geometry" : {
					"type" : "Point",
					"coordinates" : [7.32568,44.85258]},
			"properties" : { "ANNO":"2010","ID_SEZIONE":"18406","ISTAT_COMUNE_SEZ":"1254","COMUNE_SEZ":"SAN SECONDO DI PINEROLO","PROVINCIA":"TO","ID_CENTRALE":"1285","NOME_CENTRALE":"SAN SECONDO DI PINEROLO","ISTAT_COMUNE_CENTR":"1254","COMUNE_CENTR":"SAN SECONDO DI PINEROLO","PROVINCIA_CENTR":"TO","INDIRIZZO_CENTRALE":"DELLA REPUBBLICA 112","LATITUDINE_SEZIONE":"44.85258","LONGITUDINE_SEZIONE":"7.32568","POS_X_SEZIONE":"367699.63140","POS_Y_SEZIONE":"4967937.58978","LATITUDINE_CENTRALE":"44.86491","LONGITUDINE_CENTRALE":"7.29885","POS_X_CENTRALE":"365608.30410","POS_Y_CENTRALE":"4969350.96979","TIPO_ADSL":"ADSL_2P","DESCRIZIONE_TIPO_ADSL":"ADSL 2+ (24 mega)","DISTANZA_CALCOLATA":"2524.14","CLASSE_DISTANZA":"2500-2899","POTENZA_SEGNALE":"7380.83","POPOLAZIONE_SEZIONE": "8"}
			},
		 		{ "type" : "Feature",
				"geometry" : {
					"type" : "Point",
					"coordinates" : [7.29216,44.86953]},
			"properties" : { "ANNO":"2010","ID_SEZIONE":"18682","ISTAT_COMUNE_SEZ":"1205","COMUNE_SEZ":"PRAROSTINO","PROVINCIA":"TO","ID_CENTRALE":"1285","NOME_CENTRALE":"SAN SECONDO DI PINEROLO","ISTAT_COMUNE_CENTR":"1254","COMUNE_CENTR":"SAN SECONDO DI PINEROLO","PROVINCIA_CENTR":"TO","INDIRIZZO_CENTRALE":"DELLA REPUBBLICA 112","LATITUDINE_SEZIONE":"44.86953","LONGITUDINE_SEZIONE":"7.29216","POS_X_SEZIONE":"365090.58231","POS_Y_SEZIONE":"4969876.10114","LATITUDINE_CENTRALE":"44.86491","LONGITUDINE_CENTRALE":"7.29885","POS_X_CENTRALE":"365608.30410","POS_Y_CENTRALE":"4969350.96979","TIPO_ADSL":"ADSL_2P","DESCRIZIONE_TIPO_ADSL":"ADSL 2+ (24 mega)","DISTANZA_CALCOLATA":"737.43","CLASSE_DISTANZA":"500-899","POTENZA_SEGNALE":"19523.33","POPOLAZIONE_SEZIONE": "58"}
			},
		 		{ "type" : "Feature",
				"geometry" : {
					"type" : "Point",
					"coordinates" : [7.27057,44.88087]},
			"properties" : { "ANNO":"2010","ID_SEZIONE":"18917","ISTAT_COMUNE_SEZ":"1205","COMUNE_SEZ":"PRAROSTINO","PROVINCIA":"TO","ID_CENTRALE":"1285","NOME_CENTRALE":"SAN SECONDO DI PINEROLO","ISTAT_COMUNE_CENTR":"1254","COMUNE_CENTR":"SAN SECONDO DI PINEROLO","PROVINCIA_CENTR":"TO","INDIRIZZO_CENTRALE":"DELLA REPUBBLICA 112","LATITUDINE_SEZIONE":"44.88087","LONGITUDINE_SEZIONE":"7.27057","POS_X_SEZIONE":"363412.03486","POS_Y_SEZIONE":"4971171.10735","LATITUDINE_CENTRALE":"44.86491","LONGITUDINE_CENTRALE":"7.29885","POS_X_CENTRALE":"365608.30410","POS_Y_CENTRALE":"4969350.96979","TIPO_ADSL":"ADSL_2P","DESCRIZIONE_TIPO_ADSL":"ADSL 2+ (24 mega)","DISTANZA_CALCOLATA":"2852.45","CLASSE_DISTANZA":"2500-2899","POTENZA_SEGNALE":"7380.83","POPOLAZIONE_SEZIONE": "17"}
			},
		 		{ "type" : "Feature",
				"geometry" : {
					"type" : "Point",
					"coordinates" : [7.26066,44.86719]},
			"properties" : { "ANNO":"2010","ID_SEZIONE":"19662","ISTAT_COMUNE_SEZ":"1205","COMUNE_SEZ":"PRAROSTINO","PROVINCIA":"TO","ID_CENTRALE":"1285","NOME_CENTRALE":"SAN SECONDO DI PINEROLO","ISTAT_COMUNE_CENTR":"1254","COMUNE_CENTR":"SAN SECONDO DI PINEROLO","PROVINCIA_CENTR":"TO","INDIRIZZO_CENTRALE":"DELLA REPUBBLICA 112","LATITUDINE_SEZIONE":"44.86719","LONGITUDINE_SEZIONE":"7.26066","POS_X_SEZIONE":"362596.62775","POS_Y_SEZIONE":"4969669.07753","LATITUDINE_CENTRALE":"44.86491","LONGITUDINE_CENTRALE":"7.29885","POS_X_CENTRALE":"365608.30410","POS_Y_CENTRALE":"4969350.96979","TIPO_ADSL":"ADSL_2P","DESCRIZIONE_TIPO_ADSL":"ADSL 2+ (24 mega)","DISTANZA_CALCOLATA":"3028.43","CLASSE_DISTANZA":"2900-3299","POTENZA_SEGNALE":"5238.33","POPOLAZIONE_SEZIONE": "18"}
			},
		 		{ "type" : "Feature",
				"geometry" : {
					"type" : "Point",
					"coordinates" : [7.32498,44.88550]},
			"properties" : { "ANNO":"2010","ID_SEZIONE":"22426","ISTAT_COMUNE_SEZ":"1191","COMUNE_SEZ":"PINEROLO","PROVINCIA":"TO","ID_CENTRALE":"1285","NOME_CENTRALE":"SAN SECONDO DI PINEROLO","ISTAT_COMUNE_CENTR":"1254","COMUNE_CENTR":"SAN SECONDO DI PINEROLO","PROVINCIA_CENTR":"TO","INDIRIZZO_CENTRALE":"DELLA REPUBBLICA 112","LATITUDINE_SEZIONE":"44.88550","LONGITUDINE_SEZIONE":"7.32498","POS_X_SEZIONE":"367720.09451","POS_Y_SEZIONE":"4971595.15087","LATITUDINE_CENTRALE":"44.86491","LONGITUDINE_CENTRALE":"7.29885","POS_X_CENTRALE":"365608.30410","POS_Y_CENTRALE":"4969350.96979","TIPO_ADSL":"ADSL_2P","DESCRIZIONE_TIPO_ADSL":"ADSL 2+ (24 mega)","DISTANZA_CALCOLATA":"3081.56","CLASSE_DISTANZA":"2900-3299","POTENZA_SEGNALE":"5238.33","POPOLAZIONE_SEZIONE": "55"}
			},
		 		{ "type" : "Feature",
				"geometry" : {
					"type" : "Point",
					"coordinates" : [7.32454,44.85719]},
			"properties" : { "ANNO":"2010","ID_SEZIONE":"22433","ISTAT_COMUNE_SEZ":"1254","COMUNE_SEZ":"SAN SECONDO DI PINEROLO","PROVINCIA":"TO","ID_CENTRALE":"1285","NOME_CENTRALE":"SAN SECONDO DI PINEROLO","ISTAT_COMUNE_CENTR":"1254","COMUNE_CENTR":"SAN SECONDO DI PINEROLO","PROVINCIA_CENTR":"TO","INDIRIZZO_CENTRALE":"DELLA REPUBBLICA 112","LATITUDINE_SEZIONE":"44.85719","LONGITUDINE_SEZIONE":"7.32454","POS_X_SEZIONE":"367620.69636","POS_Y_SEZIONE":"4968451.59785","LATITUDINE_CENTRALE":"44.86491","LONGITUDINE_CENTRALE":"7.29885","POS_X_CENTRALE":"365608.30410","POS_Y_CENTRALE":"4969350.96979","TIPO_ADSL":"ADSL_2P","DESCRIZIONE_TIPO_ADSL":"ADSL 2+ (24 mega)","DISTANZA_CALCOLATA":"2204.22","CLASSE_DISTANZA":"2100-2499","POTENZA_SEGNALE":"10000","POPOLAZIONE_SEZIONE": "366"}
			},
		 		{ "type" : "Feature",
				"geometry" : {
					"type" : "Point",
					"coordinates" : [7.28988,44.86623]},
			"properties" : { "ANNO":"2010","ID_SEZIONE":"22720","ISTAT_COMUNE_SEZ":"1205","COMUNE_SEZ":"PRAROSTINO","PROVINCIA":"TO","ID_CENTRALE":"1285","NOME_CENTRALE":"SAN SECONDO DI PINEROLO","ISTAT_COMUNE_CENTR":"1254","COMUNE_CENTR":"SAN SECONDO DI PINEROLO","PROVINCIA_CENTR":"TO","INDIRIZZO_CENTRALE":"DELLA REPUBBLICA 112","LATITUDINE_SEZIONE":"44.86623","LONGITUDINE_SEZIONE":"7.28988","POS_X_SEZIONE":"364902.65220","POS_Y_SEZIONE":"4969512.59343","LATITUDINE_CENTRALE":"44.86491","LONGITUDINE_CENTRALE":"7.29885","POS_X_CENTRALE":"365608.30410","POS_Y_CENTRALE":"4969350.96979","TIPO_ADSL":"ADSL_2P","DESCRIZIONE_TIPO_ADSL":"ADSL 2+ (24 mega)","DISTANZA_CALCOLATA":"723.92","CLASSE_DISTANZA":"500-899","POTENZA_SEGNALE":"19523.33","POPOLAZIONE_SEZIONE": "22"}
			},
		 		{ "type" : "Feature",
				"geometry" : {
					"type" : "Point",
					"coordinates" : [7.27471,44.87421]},
			"properties" : { "ANNO":"2010","ID_SEZIONE":"23326","ISTAT_COMUNE_SEZ":"1205","COMUNE_SEZ":"PRAROSTINO","PROVINCIA":"TO","ID_CENTRALE":"1285","NOME_CENTRALE":"SAN SECONDO DI PINEROLO","ISTAT_COMUNE_CENTR":"1254","COMUNE_CENTR":"SAN SECONDO DI PINEROLO","PROVINCIA_CENTR":"TO","INDIRIZZO_CENTRALE":"DELLA REPUBBLICA 112","LATITUDINE_SEZIONE":"44.87421","LONGITUDINE_SEZIONE":"7.27471","POS_X_SEZIONE":"363723.21566","POS_Y_SEZIONE":"4970425.09826","LATITUDINE_CENTRALE":"44.86491","LONGITUDINE_CENTRALE":"7.29885","POS_X_CENTRALE":"365608.30410","POS_Y_CENTRALE":"4969350.96979","TIPO_ADSL":"ADSL_2P","DESCRIZIONE_TIPO_ADSL":"ADSL 2+ (24 mega)","DISTANZA_CALCOLATA":"2169.63","CLASSE_DISTANZA":"2100-2499","POTENZA_SEGNALE":"10000","POPOLAZIONE_SEZIONE": "48"}
			},
		 		{ "type" : "Feature",
				"geometry" : {
					"type" : "Point",
					"coordinates" : [7.26796,44.86622]},
			"properties" : { "ANNO":"2010","ID_SEZIONE":"24179","ISTAT_COMUNE_SEZ":"1205","COMUNE_SEZ":"PRAROSTINO","PROVINCIA":"TO","ID_CENTRALE":"1285","NOME_CENTRALE":"SAN SECONDO DI PINEROLO","ISTAT_COMUNE_CENTR":"1254","COMUNE_CENTR":"SAN SECONDO DI PINEROLO","PROVINCIA_CENTR":"TO","INDIRIZZO_CENTRALE":"DELLA REPUBBLICA 112","LATITUDINE_SEZIONE":"44.86622","LONGITUDINE_SEZIONE":"7.26796","POS_X_SEZIONE":"363171.39178","POS_Y_SEZIONE":"4969548.08015","LATITUDINE_CENTRALE":"44.86491","LONGITUDINE_CENTRALE":"7.29885","POS_X_CENTRALE":"365608.30410","POS_Y_CENTRALE":"4969350.96979","TIPO_ADSL":"ADSL_2P","DESCRIZIONE_TIPO_ADSL":"ADSL 2+ (24 mega)","DISTANZA_CALCOLATA":"2444.87","CLASSE_DISTANZA":"2100-2499","POTENZA_SEGNALE":"10000","POPOLAZIONE_SEZIONE": "44"}
			},
		 		{ "type" : "Feature",
				"geometry" : {
					"type" : "Point",
					"coordinates" : [7.29381,44.87171]},
			"properties" : { "ANNO":"2010","ID_SEZIONE":"25689","ISTAT_COMUNE_SEZ":"1205","COMUNE_SEZ":"PRAROSTINO","PROVINCIA":"TO","ID_CENTRALE":"1285","NOME_CENTRALE":"SAN SECONDO DI PINEROLO","ISTAT_COMUNE_CENTR":"1254","COMUNE_CENTR":"SAN SECONDO DI PINEROLO","PROVINCIA_CENTR":"TO","INDIRIZZO_CENTRALE":"DELLA REPUBBLICA 112","LATITUDINE_SEZIONE":"44.87171","LONGITUDINE_SEZIONE":"7.29381","POS_X_SEZIONE":"365226.26539","POS_Y_SEZIONE":"4970115.60604","LATITUDINE_CENTRALE":"44.86491","LONGITUDINE_CENTRALE":"7.29885","POS_X_CENTRALE":"365608.30410","POS_Y_CENTRALE":"4969350.96979","TIPO_ADSL":"ADSL_2P","DESCRIZIONE_TIPO_ADSL":"ADSL 2+ (24 mega)","DISTANZA_CALCOLATA":"854.76","CLASSE_DISTANZA":"500-899","POTENZA_SEGNALE":"19523.33","POPOLAZIONE_SEZIONE": "62"}
			},
		 		{ "type" : "Feature",
				"geometry" : {
					"type" : "Point",
					"coordinates" : [7.29159,44.85718]},
			"properties" : { "ANNO":"2010","ID_SEZIONE":"25691","ISTAT_COMUNE_SEZ":"1254","COMUNE_SEZ":"SAN SECONDO DI PINEROLO","PROVINCIA":"TO","ID_CENTRALE":"1285","NOME_CENTRALE":"SAN SECONDO DI PINEROLO","ISTAT_COMUNE_CENTR":"1254","COMUNE_CENTR":"SAN SECONDO DI PINEROLO","PROVINCIA_CENTR":"TO","INDIRIZZO_CENTRALE":"DELLA REPUBBLICA 112","LATITUDINE_SEZIONE":"44.85718","LONGITUDINE_SEZIONE":"7.29159","POS_X_SEZIONE":"365016.87070","POS_Y_SEZIONE":"4968504.57858","LATITUDINE_CENTRALE":"44.86491","LONGITUDINE_CENTRALE":"7.29885","POS_X_CENTRALE":"365608.30410","POS_Y_CENTRALE":"4969350.96979","TIPO_ADSL":"ADSL_2P","DESCRIZIONE_TIPO_ADSL":"ADSL 2+ (24 mega)","DISTANZA_CALCOLATA":"1032.56","CLASSE_DISTANZA":"900-1299","POTENZA_SEGNALE":"17737.5","POPOLAZIONE_SEZIONE": "41"}
			},
		 		{ "type" : "Feature",
				"geometry" : {
					"type" : "Point",
					"coordinates" : [7.28679,44.86684]},
			"properties" : { "ANNO":"2010","ID_SEZIONE":"26311","ISTAT_COMUNE_SEZ":"1205","COMUNE_SEZ":"PRAROSTINO","PROVINCIA":"TO","ID_CENTRALE":"1285","NOME_CENTRALE":"SAN SECONDO DI PINEROLO","ISTAT_COMUNE_CENTR":"1254","COMUNE_CENTR":"SAN SECONDO DI PINEROLO","PROVINCIA_CENTR":"TO","INDIRIZZO_CENTRALE":"DELLA REPUBBLICA 112","LATITUDINE_SEZIONE":"44.86684","LONGITUDINE_SEZIONE":"7.28679","POS_X_SEZIONE":"364660.09630","POS_Y_SEZIONE":"4969586.09257","LATITUDINE_CENTRALE":"44.86491","LONGITUDINE_CENTRALE":"7.29885","POS_X_CENTRALE":"365608.30410","POS_Y_CENTRALE":"4969350.96979","TIPO_ADSL":"ADSL_2P","DESCRIZIONE_TIPO_ADSL":"ADSL 2+ (24 mega)","DISTANZA_CALCOLATA":"976.92","CLASSE_DISTANZA":"900-1299","POTENZA_SEGNALE":"17737.5","POPOLAZIONE_SEZIONE": "11"}
			},
		 		{ "type" : "Feature",
				"geometry" : {
					"type" : "Point",
					"coordinates" : [7.31228,44.86198]},
			"properties" : { "ANNO":"2010","ID_SEZIONE":"26312","ISTAT_COMUNE_SEZ":"1254","COMUNE_SEZ":"SAN SECONDO DI PINEROLO","PROVINCIA":"TO","ID_CENTRALE":"1285","NOME_CENTRALE":"SAN SECONDO DI PINEROLO","ISTAT_COMUNE_CENTR":"1254","COMUNE_CENTR":"SAN SECONDO DI PINEROLO","PROVINCIA_CENTR":"TO","INDIRIZZO_CENTRALE":"DELLA REPUBBLICA 112","LATITUDINE_SEZIONE":"44.86198","LONGITUDINE_SEZIONE":"7.31228","POS_X_SEZIONE":"366662.81860","POS_Y_SEZIONE":"4969004.09961","LATITUDINE_CENTRALE":"44.86491","LONGITUDINE_CENTRALE":"7.29885","POS_X_CENTRALE":"365608.30410","POS_Y_CENTRALE":"4969350.96979","TIPO_ADSL":"ADSL_2P","DESCRIZIONE_TIPO_ADSL":"ADSL 2+ (24 mega)","DISTANZA_CALCOLATA":"1110.1","CLASSE_DISTANZA":"900-1299","POTENZA_SEGNALE":"17737.5","POPOLAZIONE_SEZIONE": "39"}
			},
		 		{ "type" : "Feature",
				"geometry" : {
					"type" : "Point",
					"coordinates" : [7.29198,44.87569]},
			"properties" : { "ANNO":"2010","ID_SEZIONE":"26918","ISTAT_COMUNE_SEZ":"1205","COMUNE_SEZ":"PRAROSTINO","PROVINCIA":"TO","ID_CENTRALE":"1285","NOME_CENTRALE":"SAN SECONDO DI PINEROLO","ISTAT_COMUNE_CENTR":"1254","COMUNE_CENTR":"SAN SECONDO DI PINEROLO","PROVINCIA_CENTR":"TO","INDIRIZZO_CENTRALE":"DELLA REPUBBLICA 112","LATITUDINE_SEZIONE":"44.87569","LONGITUDINE_SEZIONE":"7.29198","POS_X_SEZIONE":"365090.64324","POS_Y_SEZIONE":"4970560.11164","LATITUDINE_CENTRALE":"44.86491","LONGITUDINE_CENTRALE":"7.29885","POS_X_CENTRALE":"365608.30410","POS_Y_CENTRALE":"4969350.96979","TIPO_ADSL":"ADSL_2P","DESCRIZIONE_TIPO_ADSL":"ADSL 2+ (24 mega)","DISTANZA_CALCOLATA":"1315.29","CLASSE_DISTANZA":"1300-1699","POTENZA_SEGNALE":"16071.67","POPOLAZIONE_SEZIONE": "22"}
			},
		 		{ "type" : "Feature",
				"geometry" : {
					"type" : "Point",
					"coordinates" : [7.28451,44.87126]},
			"properties" : { "ANNO":"2010","ID_SEZIONE":"27556","ISTAT_COMUNE_SEZ":"1205","COMUNE_SEZ":"PRAROSTINO","PROVINCIA":"TO","ID_CENTRALE":"1285","NOME_CENTRALE":"SAN SECONDO DI PINEROLO","ISTAT_COMUNE_CENTR":"1254","COMUNE_CENTR":"SAN SECONDO DI PINEROLO","PROVINCIA_CENTR":"TO","INDIRIZZO_CENTRALE":"DELLA REPUBBLICA 112","LATITUDINE_SEZIONE":"44.87126","LONGITUDINE_SEZIONE":"7.28451","POS_X_SEZIONE":"364490.94378","POS_Y_SEZIONE":"4970081.09929","LATITUDINE_CENTRALE":"44.86491","LONGITUDINE_CENTRALE":"7.29885","POS_X_CENTRALE":"365608.30410","POS_Y_CENTRALE":"4969350.96979","TIPO_ADSL":"ADSL_2P","DESCRIZIONE_TIPO_ADSL":"ADSL 2+ (24 mega)","DISTANZA_CALCOLATA":"1334.76","CLASSE_DISTANZA":"1300-1699","POTENZA_SEGNALE":"16071.67","POPOLAZIONE_SEZIONE": "38"}
			},
		 		{ "type" : "Feature",
				"geometry" : {
					"type" : "Point",
					"coordinates" : [7.29094,44.87170]},
			"properties" : { "ANNO":"2010","ID_SEZIONE":"27801","ISTAT_COMUNE_SEZ":"1205","COMUNE_SEZ":"PRAROSTINO","PROVINCIA":"TO","ID_CENTRALE":"1285","NOME_CENTRALE":"SAN SECONDO DI PINEROLO","ISTAT_COMUNE_CENTR":"1254","COMUNE_CENTR":"SAN SECONDO DI PINEROLO","PROVINCIA_CENTR":"TO","INDIRIZZO_CENTRALE":"DELLA REPUBBLICA 112","LATITUDINE_SEZIONE":"44.87170","LONGITUDINE_SEZIONE":"7.29094","POS_X_SEZIONE":"364999.36644","POS_Y_SEZIONE":"4970118.60380","LATITUDINE_CENTRALE":"44.86491","LONGITUDINE_CENTRALE":"7.29885","POS_X_CENTRALE":"365608.30410","POS_Y_CENTRALE":"4969350.96979","TIPO_ADSL":"ADSL_2P","DESCRIZIONE_TIPO_ADSL":"ADSL 2+ (24 mega)","DISTANZA_CALCOLATA":"979.83","CLASSE_DISTANZA":"900-1299","POTENZA_SEGNALE":"17737.5","POPOLAZIONE_SEZIONE": "43"}
			},
		 		{ "type" : "Feature",
				"geometry" : {
					"type" : "Point",
					"coordinates" : [7.29633,44.85914]},
			"properties" : { "ANNO":"2010","ID_SEZIONE":"32104","ISTAT_COMUNE_SEZ":"1254","COMUNE_SEZ":"SAN SECONDO DI PINEROLO","PROVINCIA":"TO","ID_CENTRALE":"1285","NOME_CENTRALE":"SAN SECONDO DI PINEROLO","ISTAT_COMUNE_CENTR":"1254","COMUNE_CENTR":"SAN SECONDO DI PINEROLO","PROVINCIA_CENTR":"TO","INDIRIZZO_CENTRALE":"DELLA REPUBBLICA 112","LATITUDINE_SEZIONE":"44.85914","LONGITUDINE_SEZIONE":"7.29633","POS_X_SEZIONE":"365396.04561","POS_Y_SEZIONE":"4968715.08482","LATITUDINE_CENTRALE":"44.86491","LONGITUDINE_CENTRALE":"7.29885","POS_X_CENTRALE":"365608.30410","POS_Y_CENTRALE":"4969350.96979","TIPO_ADSL":"ADSL_2P","DESCRIZIONE_TIPO_ADSL":"ADSL 2+ (24 mega)","DISTANZA_CALCOLATA":"670.38","CLASSE_DISTANZA":"500-899","POTENZA_SEGNALE":"19523.33","POPOLAZIONE_SEZIONE": "380"}
			}
		 		]
	}
		