 	{ "type" : "FeatureCollection",
		"features" : [
		 		{ "type" : "Feature",
				"geometry" : {
					"type" : "Point",
					"coordinates" : [8.65364,44.67605]},
			"properties" : { "ANNO":"2010","ID_SEZIONE":"2190","ISTAT_COMUNE_SEZ":"6147","COMUNE_SEZ":"ROCCA GRIMALDA","PROVINCIA":"AL","ID_CENTRALE":"1128","NOME_CENTRALE":"ROCCA GRIMALDA","ISTAT_COMUNE_CENTR":"6147","COMUNE_CENTR":"ROCCA GRIMALDA","PROVINCIA_CENTR":"AL","INDIRIZZO_CENTRALE":"BATTISTI 13","LATITUDINE_SEZIONE":"44.67605","LONGITUDINE_SEZIONE":"8.65364","POS_X_SEZIONE":"472548.34574","POS_Y_SEZIONE":"4947022.44506","LATITUDINE_CENTRALE":"44.67312","LONGITUDINE_CENTRALE":"8.64860","POS_X_CENTRALE":"472147.11928","POS_Y_CENTRALE":"4946698.71446","TIPO_ADSL":"ADSL_M","DESCRIZIONE_TIPO_ADSL":"ADSL Mini","DISTANZA_CALCOLATA":"515.54","CLASSE_DISTANZA":"500-899","POTENZA_SEGNALE":"0.64","POPOLAZIONE_SEZIONE": "96"}
			},
		 		{ "type" : "Feature",
				"geometry" : {
					"type" : "Point",
					"coordinates" : [8.63457,44.68052]},
			"properties" : { "ANNO":"2010","ID_SEZIONE":"3324","ISTAT_COMUNE_SEZ":"6147","COMUNE_SEZ":"ROCCA GRIMALDA","PROVINCIA":"AL","ID_CENTRALE":"1128","NOME_CENTRALE":"ROCCA GRIMALDA","ISTAT_COMUNE_CENTR":"6147","COMUNE_CENTR":"ROCCA GRIMALDA","PROVINCIA_CENTR":"AL","INDIRIZZO_CENTRALE":"BATTISTI 13","LATITUDINE_SEZIONE":"44.68052","LONGITUDINE_SEZIONE":"8.63457","POS_X_SEZIONE":"471039.07521","POS_Y_SEZIONE":"4947526.43738","LATITUDINE_CENTRALE":"44.67312","LONGITUDINE_CENTRALE":"8.64860","POS_X_CENTRALE":"472147.11928","POS_Y_CENTRALE":"4946698.71446","TIPO_ADSL":"ADSL_M","DESCRIZIONE_TIPO_ADSL":"ADSL Mini","DISTANZA_CALCOLATA":"1383.07","CLASSE_DISTANZA":"1300-1699","POTENZA_SEGNALE":"0.64","POPOLAZIONE_SEZIONE": "38"}
			},
		 		{ "type" : "Feature",
				"geometry" : {
					"type" : "Point",
					"coordinates" : [8.65131,44.68099]},
			"properties" : { "ANNO":"2010","ID_SEZIONE":"3326","ISTAT_COMUNE_SEZ":"6147","COMUNE_SEZ":"ROCCA GRIMALDA","PROVINCIA":"AL","ID_CENTRALE":"1128","NOME_CENTRALE":"ROCCA GRIMALDA","ISTAT_COMUNE_CENTR":"6147","COMUNE_CENTR":"ROCCA GRIMALDA","PROVINCIA_CENTR":"AL","INDIRIZZO_CENTRALE":"BATTISTI 13","LATITUDINE_SEZIONE":"44.68099","LONGITUDINE_SEZIONE":"8.65131","POS_X_SEZIONE":"472365.87048","POS_Y_SEZIONE":"4947572.45133","LATITUDINE_CENTRALE":"44.67312","LONGITUDINE_CENTRALE":"8.64860","POS_X_CENTRALE":"472147.11928","POS_Y_CENTRALE":"4946698.71446","TIPO_ADSL":"ADSL_M","DESCRIZIONE_TIPO_ADSL":"ADSL Mini","DISTANZA_CALCOLATA":"900.70","CLASSE_DISTANZA":"900-1299","POTENZA_SEGNALE":"0.64","POPOLAZIONE_SEZIONE": "57"}
			},
		 		{ "type" : "Feature",
				"geometry" : {
					"type" : "Point",
					"coordinates" : [8.64356,44.67235]},
			"properties" : { "ANNO":"2010","ID_SEZIONE":"3330","ISTAT_COMUNE_SEZ":"6147","COMUNE_SEZ":"ROCCA GRIMALDA","PROVINCIA":"AL","ID_CENTRALE":"1128","NOME_CENTRALE":"ROCCA GRIMALDA","ISTAT_COMUNE_CENTR":"6147","COMUNE_CENTR":"ROCCA GRIMALDA","PROVINCIA_CENTR":"AL","INDIRIZZO_CENTRALE":"BATTISTI 13","LATITUDINE_SEZIONE":"44.67235","LONGITUDINE_SEZIONE":"8.64356","POS_X_SEZIONE":"471747.40315","POS_Y_SEZIONE":"4946614.93095","LATITUDINE_CENTRALE":"44.67312","LONGITUDINE_CENTRALE":"8.64860","POS_X_CENTRALE":"472147.11928","POS_Y_CENTRALE":"4946698.71446","TIPO_ADSL":"ADSL_M","DESCRIZIONE_TIPO_ADSL":"ADSL Mini","DISTANZA_CALCOLATA":"408.40","CLASSE_DISTANZA":"100-499","POTENZA_SEGNALE":"0.64","POPOLAZIONE_SEZIONE": "44"}
			},
		 		{ "type" : "Feature",
				"geometry" : {
					"type" : "Point",
					"coordinates" : [8.64830,44.70147]},
			"properties" : { "ANNO":"2010","ID_SEZIONE":"3554","ISTAT_COMUNE_SEZ":"6147","COMUNE_SEZ":"ROCCA GRIMALDA","PROVINCIA":"AL","ID_CENTRALE":"1128","NOME_CENTRALE":"ROCCA GRIMALDA","ISTAT_COMUNE_CENTR":"6147","COMUNE_CENTR":"ROCCA GRIMALDA","PROVINCIA_CENTR":"AL","INDIRIZZO_CENTRALE":"BATTISTI 13","LATITUDINE_SEZIONE":"44.70147","LONGITUDINE_SEZIONE":"8.64830","POS_X_SEZIONE":"472137.03822","POS_Y_SEZIONE":"4949847.98362","LATITUDINE_CENTRALE":"44.67312","LONGITUDINE_CENTRALE":"8.64860","POS_X_CENTRALE":"472147.11928","POS_Y_CENTRALE":"4946698.71446","TIPO_ADSL":"ADSL_M","DESCRIZIONE_TIPO_ADSL":"ADSL Mini","DISTANZA_CALCOLATA":"3149.29","CLASSE_DISTANZA":"2900-3299","POTENZA_SEGNALE":"0.64","POPOLAZIONE_SEZIONE": "55"}
			},
		 		{ "type" : "Feature",
				"geometry" : {
					"type" : "Point",
					"coordinates" : [8.63477,44.67015]},
			"properties" : { "ANNO":"2010","ID_SEZIONE":"7465","ISTAT_COMUNE_SEZ":"6147","COMUNE_SEZ":"ROCCA GRIMALDA","PROVINCIA":"AL","ID_CENTRALE":"1128","NOME_CENTRALE":"ROCCA GRIMALDA","ISTAT_COMUNE_CENTR":"6147","COMUNE_CENTR":"ROCCA GRIMALDA","PROVINCIA_CENTR":"AL","INDIRIZZO_CENTRALE":"BATTISTI 13","LATITUDINE_SEZIONE":"44.67015","LONGITUDINE_SEZIONE":"8.63477","POS_X_SEZIONE":"471049.55329","POS_Y_SEZIONE":"4946373.92026","LATITUDINE_CENTRALE":"44.67312","LONGITUDINE_CENTRALE":"8.64860","POS_X_CENTRALE":"472147.11928","POS_Y_CENTRALE":"4946698.71446","TIPO_ADSL":"ADSL_M","DESCRIZIONE_TIPO_ADSL":"ADSL Mini","DISTANZA_CALCOLATA":"1144.61","CLASSE_DISTANZA":"900-1299","POTENZA_SEGNALE":"0.64","POPOLAZIONE_SEZIONE": "55"}
			},
		 		{ "type" : "Feature",
				"geometry" : {
					"type" : "Point",
					"coordinates" : [8.61862,44.66935]},
			"properties" : { "ANNO":"2010","ID_SEZIONE":"7937","ISTAT_COMUNE_SEZ":"6147","COMUNE_SEZ":"ROCCA GRIMALDA","PROVINCIA":"AL","ID_CENTRALE":"1128","NOME_CENTRALE":"ROCCA GRIMALDA","ISTAT_COMUNE_CENTR":"6147","COMUNE_CENTR":"ROCCA GRIMALDA","PROVINCIA_CENTR":"AL","INDIRIZZO_CENTRALE":"BATTISTI 13","LATITUDINE_SEZIONE":"44.66935","LONGITUDINE_SEZIONE":"8.61862","POS_X_SEZIONE":"469769.13447","POS_Y_SEZIONE":"4946291.40634","LATITUDINE_CENTRALE":"44.67312","LONGITUDINE_CENTRALE":"8.64860","POS_X_CENTRALE":"472147.11928","POS_Y_CENTRALE":"4946698.71446","TIPO_ADSL":"ADSL_M","DESCRIZIONE_TIPO_ADSL":"ADSL Mini","DISTANZA_CALCOLATA":"2412.62","CLASSE_DISTANZA":"2100-2499","POTENZA_SEGNALE":"0.64","POPOLAZIONE_SEZIONE": "39"}
			},
		 		{ "type" : "Feature",
				"geometry" : {
					"type" : "Point",
					"coordinates" : [8.63640,44.68661]},
			"properties" : { "ANNO":"2010","ID_SEZIONE":"16108","ISTAT_COMUNE_SEZ":"6147","COMUNE_SEZ":"ROCCA GRIMALDA","PROVINCIA":"AL","ID_CENTRALE":"1128","NOME_CENTRALE":"ROCCA GRIMALDA","ISTAT_COMUNE_CENTR":"6147","COMUNE_CENTR":"ROCCA GRIMALDA","PROVINCIA_CENTR":"AL","INDIRIZZO_CENTRALE":"BATTISTI 13","LATITUDINE_SEZIONE":"44.68661","LONGITUDINE_SEZIONE":"8.63640","POS_X_SEZIONE":"471186.57115","POS_Y_SEZIONE":"4948201.94919","LATITUDINE_CENTRALE":"44.67312","LONGITUDINE_CENTRALE":"8.64860","POS_X_CENTRALE":"472147.11928","POS_Y_CENTRALE":"4946698.71446","TIPO_ADSL":"ADSL_M","DESCRIZIONE_TIPO_ADSL":"ADSL Mini","DISTANZA_CALCOLATA":"1783.92","CLASSE_DISTANZA":"1700-2099","POTENZA_SEGNALE":"0.64","POPOLAZIONE_SEZIONE": "13"}
			},
		 		{ "type" : "Feature",
				"geometry" : {
					"type" : "Point",
					"coordinates" : [8.64587,44.66713]},
			"properties" : { "ANNO":"2010","ID_SEZIONE":"16110","ISTAT_COMUNE_SEZ":"6147","COMUNE_SEZ":"ROCCA GRIMALDA","PROVINCIA":"AL","ID_CENTRALE":"1128","NOME_CENTRALE":"ROCCA GRIMALDA","ISTAT_COMUNE_CENTR":"6147","COMUNE_CENTR":"ROCCA GRIMALDA","PROVINCIA_CENTR":"AL","INDIRIZZO_CENTRALE":"BATTISTI 13","LATITUDINE_SEZIONE":"44.66713","LONGITUDINE_SEZIONE":"8.64587","POS_X_SEZIONE":"471928.34651","POS_Y_SEZIONE":"4946034.92352","LATITUDINE_CENTRALE":"44.67312","LONGITUDINE_CENTRALE":"8.64860","POS_X_CENTRALE":"472147.11928","POS_Y_CENTRALE":"4946698.71446","TIPO_ADSL":"ADSL_M","DESCRIZIONE_TIPO_ADSL":"ADSL Mini","DISTANZA_CALCOLATA":"698.91","CLASSE_DISTANZA":"500-899","POTENZA_SEGNALE":"0.64","POPOLAZIONE_SEZIONE": "49"}
			},
		 		{ "type" : "Feature",
				"geometry" : {
					"type" : "Point",
					"coordinates" : [8.66317,44.69002]},
			"properties" : { "ANNO":"2010","ID_SEZIONE":"17572","ISTAT_COMUNE_SEZ":"6147","COMUNE_SEZ":"ROCCA GRIMALDA","PROVINCIA":"AL","ID_CENTRALE":"1128","NOME_CENTRALE":"ROCCA GRIMALDA","ISTAT_COMUNE_CENTR":"6147","COMUNE_CENTR":"ROCCA GRIMALDA","PROVINCIA_CENTR":"AL","INDIRIZZO_CENTRALE":"BATTISTI 13","LATITUDINE_SEZIONE":"44.69002","LONGITUDINE_SEZIONE":"8.66317","POS_X_SEZIONE":"473310.06145","POS_Y_SEZIONE":"4948571.47648","LATITUDINE_CENTRALE":"44.67312","LONGITUDINE_CENTRALE":"8.64860","POS_X_CENTRALE":"472147.11928","POS_Y_CENTRALE":"4946698.71446","TIPO_ADSL":"ADSL_M","DESCRIZIONE_TIPO_ADSL":"ADSL Mini","DISTANZA_CALCOLATA":"2204.47","CLASSE_DISTANZA":"2100-2499","POTENZA_SEGNALE":"0.64","POPOLAZIONE_SEZIONE": "91"}
			},
		 		{ "type" : "Feature",
				"geometry" : {
					"type" : "Point",
					"coordinates" : [8.64853,44.67106]},
			"properties" : { "ANNO":"2010","ID_SEZIONE":"18252","ISTAT_COMUNE_SEZ":"6147","COMUNE_SEZ":"ROCCA GRIMALDA","PROVINCIA":"AL","ID_CENTRALE":"1128","NOME_CENTRALE":"ROCCA GRIMALDA","ISTAT_COMUNE_CENTR":"6147","COMUNE_CENTR":"ROCCA GRIMALDA","PROVINCIA_CENTR":"AL","INDIRIZZO_CENTRALE":"BATTISTI 13","LATITUDINE_SEZIONE":"44.67106","LONGITUDINE_SEZIONE":"8.64853","POS_X_SEZIONE":"472141.00161","POS_Y_SEZIONE":"4946469.93255","LATITUDINE_CENTRALE":"44.67312","LONGITUDINE_CENTRALE":"8.64860","POS_X_CENTRALE":"472147.11928","POS_Y_CENTRALE":"4946698.71446","TIPO_ADSL":"ADSL_M","DESCRIZIONE_TIPO_ADSL":"ADSL Mini","DISTANZA_CALCOLATA":"228.86","CLASSE_DISTANZA":"100-499","POTENZA_SEGNALE":"0.64","POPOLAZIONE_SEZIONE": "197"}
			},
		 		{ "type" : "Feature",
				"geometry" : {
					"type" : "Point",
					"coordinates" : [8.64180,44.67034]},
			"properties" : { "ANNO":"2010","ID_SEZIONE":"20165","ISTAT_COMUNE_SEZ":"6147","COMUNE_SEZ":"ROCCA GRIMALDA","PROVINCIA":"AL","ID_CENTRALE":"1128","NOME_CENTRALE":"ROCCA GRIMALDA","ISTAT_COMUNE_CENTR":"6147","COMUNE_CENTR":"ROCCA GRIMALDA","PROVINCIA_CENTR":"AL","INDIRIZZO_CENTRALE":"BATTISTI 13","LATITUDINE_SEZIONE":"44.67034","LONGITUDINE_SEZIONE":"8.64180","POS_X_SEZIONE":"471607.15355","POS_Y_SEZIONE":"4946392.42599","LATITUDINE_CENTRALE":"44.67312","LONGITUDINE_CENTRALE":"8.64860","POS_X_CENTRALE":"472147.11928","POS_Y_CENTRALE":"4946698.71446","TIPO_ADSL":"ADSL_M","DESCRIZIONE_TIPO_ADSL":"ADSL Mini","DISTANZA_CALCOLATA":"620.79","CLASSE_DISTANZA":"500-899","POTENZA_SEGNALE":"0.64","POPOLAZIONE_SEZIONE": "40"}
			},
		 		{ "type" : "Feature",
				"geometry" : {
					"type" : "Point",
					"coordinates" : [8.66230,44.70596]},
			"properties" : { "ANNO":"2010","ID_SEZIONE":"24256","ISTAT_COMUNE_SEZ":"6147","COMUNE_SEZ":"ROCCA GRIMALDA","PROVINCIA":"AL","ID_CENTRALE":"1128","NOME_CENTRALE":"ROCCA GRIMALDA","ISTAT_COMUNE_CENTR":"6147","COMUNE_CENTR":"ROCCA GRIMALDA","PROVINCIA_CENTR":"AL","INDIRIZZO_CENTRALE":"BATTISTI 13","LATITUDINE_SEZIONE":"44.70596","LONGITUDINE_SEZIONE":"8.66230","POS_X_SEZIONE":"473248.45352","POS_Y_SEZIONE":"4950343.00314","LATITUDINE_CENTRALE":"44.67312","LONGITUDINE_CENTRALE":"8.64860","POS_X_CENTRALE":"472147.11928","POS_Y_CENTRALE":"4946698.71446","TIPO_ADSL":"ADSL_M","DESCRIZIONE_TIPO_ADSL":"ADSL Mini","DISTANZA_CALCOLATA":"3807.07","CLASSE_DISTANZA":"3700-4099","POTENZA_SEGNALE":"0.64","POPOLAZIONE_SEZIONE": "68"}
			},
		 		{ "type" : "Feature",
				"geometry" : {
					"type" : "Point",
					"coordinates" : [8.64718,44.66278]},
			"properties" : { "ANNO":"2010","ID_SEZIONE":"26878","ISTAT_COMUNE_SEZ":"6147","COMUNE_SEZ":"ROCCA GRIMALDA","PROVINCIA":"AL","ID_CENTRALE":"1128","NOME_CENTRALE":"ROCCA GRIMALDA","ISTAT_COMUNE_CENTR":"6147","COMUNE_CENTR":"ROCCA GRIMALDA","PROVINCIA_CENTR":"AL","INDIRIZZO_CENTRALE":"BATTISTI 13","LATITUDINE_SEZIONE":"44.66278","LONGITUDINE_SEZIONE":"8.64718","POS_X_SEZIONE":"472029.47624","POS_Y_SEZIONE":"4945551.41632","LATITUDINE_CENTRALE":"44.67312","LONGITUDINE_CENTRALE":"8.64860","POS_X_CENTRALE":"472147.11928","POS_Y_CENTRALE":"4946698.71446","TIPO_ADSL":"ADSL_M","DESCRIZIONE_TIPO_ADSL":"ADSL Mini","DISTANZA_CALCOLATA":"1153.31","CLASSE_DISTANZA":"900-1299","POTENZA_SEGNALE":"0.64","POPOLAZIONE_SEZIONE": "19"}
			},
		 		{ "type" : "Feature",
				"geometry" : {
					"type" : "Point",
					"coordinates" : [8.64350,44.69434]},
			"properties" : { "ANNO":"2010","ID_SEZIONE":"27903","ISTAT_COMUNE_SEZ":"6147","COMUNE_SEZ":"ROCCA GRIMALDA","PROVINCIA":"AL","ID_CENTRALE":"1128","NOME_CENTRALE":"ROCCA GRIMALDA","ISTAT_COMUNE_CENTR":"6147","COMUNE_CENTR":"ROCCA GRIMALDA","PROVINCIA_CENTR":"AL","INDIRIZZO_CENTRALE":"BATTISTI 13","LATITUDINE_SEZIONE":"44.69434","LONGITUDINE_SEZIONE":"8.64350","POS_X_SEZIONE":"471752.97678","POS_Y_SEZIONE":"4949058.46784","LATITUDINE_CENTRALE":"44.67312","LONGITUDINE_CENTRALE":"8.64860","POS_X_CENTRALE":"472147.11928","POS_Y_CENTRALE":"4946698.71446","TIPO_ADSL":"ADSL_M","DESCRIZIONE_TIPO_ADSL":"ADSL Mini","DISTANZA_CALCOLATA":"2392.44","CLASSE_DISTANZA":"2100-2499","POTENZA_SEGNALE":"0.64","POPOLAZIONE_SEZIONE": "51"}
			},
		 		{ "type" : "Feature",
				"geometry" : {
					"type" : "Point",
					"coordinates" : [8.65979,44.69393]},
			"properties" : { "ANNO":"2010","ID_SEZIONE":"28153","ISTAT_COMUNE_SEZ":"6147","COMUNE_SEZ":"ROCCA GRIMALDA","PROVINCIA":"AL","ID_CENTRALE":"1128","NOME_CENTRALE":"ROCCA GRIMALDA","ISTAT_COMUNE_CENTR":"6147","COMUNE_CENTR":"ROCCA GRIMALDA","PROVINCIA_CENTR":"AL","INDIRIZZO_CENTRALE":"BATTISTI 13","LATITUDINE_SEZIONE":"44.69393","LONGITUDINE_SEZIONE":"8.65979","POS_X_SEZIONE":"473043.61717","POS_Y_SEZIONE":"4949006.98010","LATITUDINE_CENTRALE":"44.67312","LONGITUDINE_CENTRALE":"8.64860","POS_X_CENTRALE":"472147.11928","POS_Y_CENTRALE":"4946698.71446","TIPO_ADSL":"ADSL_M","DESCRIZIONE_TIPO_ADSL":"ADSL Mini","DISTANZA_CALCOLATA":"2476.25","CLASSE_DISTANZA":"2100-2499","POTENZA_SEGNALE":"0.64","POPOLAZIONE_SEZIONE": "92"}
			},
		 		{ "type" : "Feature",
				"geometry" : {
					"type" : "Point",
					"coordinates" : [8.65361,44.68750]},
			"properties" : { "ANNO":"2010","ID_SEZIONE":"28323","ISTAT_COMUNE_SEZ":"6147","COMUNE_SEZ":"ROCCA GRIMALDA","PROVINCIA":"AL","ID_CENTRALE":"1128","NOME_CENTRALE":"ROCCA GRIMALDA","ISTAT_COMUNE_CENTR":"6147","COMUNE_CENTR":"ROCCA GRIMALDA","PROVINCIA_CENTR":"AL","INDIRIZZO_CENTRALE":"BATTISTI 13","LATITUDINE_SEZIONE":"44.68750","LONGITUDINE_SEZIONE":"8.65361","POS_X_SEZIONE":"472551.43003","POS_Y_SEZIONE":"4948294.46452","LATITUDINE_CENTRALE":"44.67312","LONGITUDINE_CENTRALE":"8.64860","POS_X_CENTRALE":"472147.11928","POS_Y_CENTRALE":"4946698.71446","TIPO_ADSL":"ADSL_M","DESCRIZIONE_TIPO_ADSL":"ADSL Mini","DISTANZA_CALCOLATA":"1646.17","CLASSE_DISTANZA":"1300-1699","POTENZA_SEGNALE":"0.64","POPOLAZIONE_SEZIONE": "69"}
			},
		 		{ "type" : "Feature",
				"geometry" : {
					"type" : "Point",
					"coordinates" : [8.66432,44.69661]},
			"properties" : { "ANNO":"2010","ID_SEZIONE":"28592","ISTAT_COMUNE_SEZ":"6147","COMUNE_SEZ":"ROCCA GRIMALDA","PROVINCIA":"AL","ID_CENTRALE":"1128","NOME_CENTRALE":"ROCCA GRIMALDA","ISTAT_COMUNE_CENTR":"6147","COMUNE_CENTR":"ROCCA GRIMALDA","PROVINCIA_CENTR":"AL","INDIRIZZO_CENTRALE":"BATTISTI 13","LATITUDINE_SEZIONE":"44.69661","LONGITUDINE_SEZIONE":"8.66432","POS_X_SEZIONE":"473403.80712","POS_Y_SEZIONE":"4949303.48852","LATITUDINE_CENTRALE":"44.67312","LONGITUDINE_CENTRALE":"8.64860","POS_X_CENTRALE":"472147.11928","POS_Y_CENTRALE":"4946698.71446","TIPO_ADSL":"ADSL_M","DESCRIZIONE_TIPO_ADSL":"ADSL Mini","DISTANZA_CALCOLATA":"2892.08","CLASSE_DISTANZA":"2500-2899","POTENZA_SEGNALE":"0.64","POPOLAZIONE_SEZIONE": ""}
			},
		 		{ "type" : "Feature",
				"geometry" : {
					"type" : "Point",
					"coordinates" : [8.64809,44.70772]},
			"properties" : { "ANNO":"2010","ID_SEZIONE":"30380","ISTAT_COMUNE_SEZ":"6147","COMUNE_SEZ":"ROCCA GRIMALDA","PROVINCIA":"AL","ID_CENTRALE":"1128","NOME_CENTRALE":"ROCCA GRIMALDA","ISTAT_COMUNE_CENTR":"6147","COMUNE_CENTR":"ROCCA GRIMALDA","PROVINCIA_CENTR":"AL","INDIRIZZO_CENTRALE":"BATTISTI 13","LATITUDINE_SEZIONE":"44.70772","LONGITUDINE_SEZIONE":"8.64809","POS_X_SEZIONE":"472123.09441","POS_Y_SEZIONE":"4950542.49421","LATITUDINE_CENTRALE":"44.67312","LONGITUDINE_CENTRALE":"8.64860","POS_X_CENTRALE":"472147.11928","POS_Y_CENTRALE":"4946698.71446","TIPO_ADSL":"ADSL_M","DESCRIZIONE_TIPO_ADSL":"ADSL Mini","DISTANZA_CALCOLATA":"3843.85","CLASSE_DISTANZA":"3700-4099","POTENZA_SEGNALE":"0.64","POPOLAZIONE_SEZIONE": "132"}
			},
		 		{ "type" : "Feature",
				"geometry" : {
					"type" : "Point",
					"coordinates" : [8.64783,44.67214]},
			"properties" : { "ANNO":"2010","ID_SEZIONE":"30386","ISTAT_COMUNE_SEZ":"6147","COMUNE_SEZ":"ROCCA GRIMALDA","PROVINCIA":"AL","ID_CENTRALE":"1128","NOME_CENTRALE":"ROCCA GRIMALDA","ISTAT_COMUNE_CENTR":"6147","COMUNE_CENTR":"ROCCA GRIMALDA","PROVINCIA_CENTR":"AL","INDIRIZZO_CENTRALE":"BATTISTI 13","LATITUDINE_SEZIONE":"44.67214","LONGITUDINE_SEZIONE":"8.64783","POS_X_SEZIONE":"472085.96878","POS_Y_SEZIONE":"4946590.93351","LATITUDINE_CENTRALE":"44.67312","LONGITUDINE_CENTRALE":"8.64860","POS_X_CENTRALE":"472147.11928","POS_Y_CENTRALE":"4946698.71446","TIPO_ADSL":"ADSL_M","DESCRIZIONE_TIPO_ADSL":"ADSL Mini","DISTANZA_CALCOLATA":"123.92","CLASSE_DISTANZA":"100-499","POTENZA_SEGNALE":"0.64","POPOLAZIONE_SEZIONE": "141"}
			}
		 		]
	}
		