 	{ "type" : "FeatureCollection",
		"features" : [
		 		{ "type" : "Feature",
				"geometry" : {
					"type" : "Point",
					"coordinates" : [7.53291,44.51675]},
			"properties" : { "ANNO":"2010","ID_SEZIONE":"3851","ISTAT_COMUNE_SEZ":"4225","COMUNE_SEZ":"TARANTASCA","PROVINCIA":"CN","ID_CENTRALE":"1375","NOME_CENTRALE":"TARANTASCA","ISTAT_COMUNE_CENTR":"4225","COMUNE_CENTR":"TARANTASCA","PROVINCIA_CENTR":"CN","INDIRIZZO_CENTRALE":"VITT.VENETO 60B","LATITUDINE_SEZIONE":"44.51675","LONGITUDINE_SEZIONE":"7.53291","POS_X_SEZIONE":"383402.95302","POS_Y_SEZIONE":"4930316.74111","LATITUDINE_CENTRALE":"44.48913","LONGITUDINE_CENTRALE":"7.54417","POS_X_CENTRALE":"384242.73258","POS_Y_CENTRALE":"4927232.69131","TIPO_ADSL":"ADSL_M","DESCRIZIONE_TIPO_ADSL":"ADSL Mini","DISTANZA_CALCOLATA":"3196.34","CLASSE_DISTANZA":"2900-3299","POTENZA_SEGNALE":"0.64","POPOLAZIONE_SEZIONE": "113"}
			},
		 		{ "type" : "Feature",
				"geometry" : {
					"type" : "Point",
					"coordinates" : [7.52219,44.50834]},
			"properties" : { "ANNO":"2010","ID_SEZIONE":"4203","ISTAT_COMUNE_SEZ":"4034","COMUNE_SEZ":"BUSCA","PROVINCIA":"CN","ID_CENTRALE":"1375","NOME_CENTRALE":"TARANTASCA","ISTAT_COMUNE_CENTR":"4225","COMUNE_CENTR":"TARANTASCA","PROVINCIA_CENTR":"CN","INDIRIZZO_CENTRALE":"VITT.VENETO 60B","LATITUDINE_SEZIONE":"44.50834","LONGITUDINE_SEZIONE":"7.52219","POS_X_SEZIONE":"382533.98355","POS_Y_SEZIONE":"4929397.24594","LATITUDINE_CENTRALE":"44.48913","LONGITUDINE_CENTRALE":"7.54417","POS_X_CENTRALE":"384242.73258","POS_Y_CENTRALE":"4927232.69131","TIPO_ADSL":"ADSL_M","DESCRIZIONE_TIPO_ADSL":"ADSL Mini","DISTANZA_CALCOLATA":"2757.74","CLASSE_DISTANZA":"2500-2899","POTENZA_SEGNALE":"0.64","POPOLAZIONE_SEZIONE": "48"}
			},
		 		{ "type" : "Feature",
				"geometry" : {
					"type" : "Point",
					"coordinates" : [7.52948,44.48537]},
			"properties" : { "ANNO":"2010","ID_SEZIONE":"11900","ISTAT_COMUNE_SEZ":"4225","COMUNE_SEZ":"TARANTASCA","PROVINCIA":"CN","ID_CENTRALE":"1375","NOME_CENTRALE":"TARANTASCA","ISTAT_COMUNE_CENTR":"4225","COMUNE_CENTR":"TARANTASCA","PROVINCIA_CENTR":"CN","INDIRIZZO_CENTRALE":"VITT.VENETO 60B","LATITUDINE_SEZIONE":"44.48537","LONGITUDINE_SEZIONE":"7.52948","POS_X_SEZIONE":"383067.49574","POS_Y_SEZIONE":"4926835.72427","LATITUDINE_CENTRALE":"44.48913","LONGITUDINE_CENTRALE":"7.54417","POS_X_CENTRALE":"384242.73258","POS_Y_CENTRALE":"4927232.69131","TIPO_ADSL":"ADSL_M","DESCRIZIONE_TIPO_ADSL":"ADSL Mini","DISTANZA_CALCOLATA":"1240.47","CLASSE_DISTANZA":"900-1299","POTENZA_SEGNALE":"0.64","POPOLAZIONE_SEZIONE": "223"}
			},
		 		{ "type" : "Feature",
				"geometry" : {
					"type" : "Point",
					"coordinates" : [7.50565,44.49700]},
			"properties" : { "ANNO":"2010","ID_SEZIONE":"18422","ISTAT_COMUNE_SEZ":"4034","COMUNE_SEZ":"BUSCA","PROVINCIA":"CN","ID_CENTRALE":"1375","NOME_CENTRALE":"TARANTASCA","ISTAT_COMUNE_CENTR":"4225","COMUNE_CENTR":"TARANTASCA","PROVINCIA_CENTR":"CN","INDIRIZZO_CENTRALE":"VITT.VENETO 60B","LATITUDINE_SEZIONE":"44.49700","LONGITUDINE_SEZIONE":"7.50565","POS_X_SEZIONE":"381195.90278","POS_Y_SEZIONE":"4928162.25279","LATITUDINE_CENTRALE":"44.48913","LONGITUDINE_CENTRALE":"7.54417","POS_X_CENTRALE":"384242.73258","POS_Y_CENTRALE":"4927232.69131","TIPO_ADSL":"ADSL_M","DESCRIZIONE_TIPO_ADSL":"ADSL Mini","DISTANZA_CALCOLATA":"3185.48","CLASSE_DISTANZA":"2900-3299","POTENZA_SEGNALE":"0.64","POPOLAZIONE_SEZIONE": "125"}
			},
		 		{ "type" : "Feature",
				"geometry" : {
					"type" : "Point",
					"coordinates" : [7.52206,44.49787]},
			"properties" : { "ANNO":"2010","ID_SEZIONE":"20450","ISTAT_COMUNE_SEZ":"4225","COMUNE_SEZ":"TARANTASCA","PROVINCIA":"CN","ID_CENTRALE":"1375","NOME_CENTRALE":"TARANTASCA","ISTAT_COMUNE_CENTR":"4225","COMUNE_CENTR":"TARANTASCA","PROVINCIA_CENTR":"CN","INDIRIZZO_CENTRALE":"VITT.VENETO 60B","LATITUDINE_SEZIONE":"44.49787","LONGITUDINE_SEZIONE":"7.52206","POS_X_SEZIONE":"382502.22623","POS_Y_SEZIONE":"4928234.74072","LATITUDINE_CENTRALE":"44.48913","LONGITUDINE_CENTRALE":"7.54417","POS_X_CENTRALE":"384242.73258","POS_Y_CENTRALE":"4927232.69131","TIPO_ADSL":"ADSL_M","DESCRIZIONE_TIPO_ADSL":"ADSL Mini","DISTANZA_CALCOLATA":"2008.35","CLASSE_DISTANZA":"1700-2099","POTENZA_SEGNALE":"0.64","POPOLAZIONE_SEZIONE": "71"}
			},
		 		{ "type" : "Feature",
				"geometry" : {
					"type" : "Point",
					"coordinates" : [7.51978,44.49262]},
			"properties" : { "ANNO":"2010","ID_SEZIONE":"20451","ISTAT_COMUNE_SEZ":"4225","COMUNE_SEZ":"TARANTASCA","PROVINCIA":"CN","ID_CENTRALE":"1375","NOME_CENTRALE":"TARANTASCA","ISTAT_COMUNE_CENTR":"4225","COMUNE_CENTR":"TARANTASCA","PROVINCIA_CENTR":"CN","INDIRIZZO_CENTRALE":"VITT.VENETO 60B","LATITUDINE_SEZIONE":"44.49262","LONGITUDINE_SEZIONE":"7.51978","POS_X_SEZIONE":"382310.74079","POS_Y_SEZIONE":"4927654.73790","LATITUDINE_CENTRALE":"44.48913","LONGITUDINE_CENTRALE":"7.54417","POS_X_CENTRALE":"384242.73258","POS_Y_CENTRALE":"4927232.69131","TIPO_ADSL":"ADSL_M","DESCRIZIONE_TIPO_ADSL":"ADSL Mini","DISTANZA_CALCOLATA":"1977.55","CLASSE_DISTANZA":"1700-2099","POTENZA_SEGNALE":"0.64","POPOLAZIONE_SEZIONE": "19"}
			},
		 		{ "type" : "Feature",
				"geometry" : {
					"type" : "Point",
					"coordinates" : [7.54379,44.49333]},
			"properties" : { "ANNO":"2010","ID_SEZIONE":"21782","ISTAT_COMUNE_SEZ":"4225","COMUNE_SEZ":"TARANTASCA","PROVINCIA":"CN","ID_CENTRALE":"1375","NOME_CENTRALE":"TARANTASCA","ISTAT_COMUNE_CENTR":"4225","COMUNE_CENTR":"TARANTASCA","PROVINCIA_CENTR":"CN","INDIRIZZO_CENTRALE":"VITT.VENETO 60B","LATITUDINE_SEZIONE":"44.49333","LONGITUDINE_SEZIONE":"7.54379","POS_X_SEZIONE":"384220.80595","POS_Y_SEZIONE":"4927699.71966","LATITUDINE_CENTRALE":"44.48913","LONGITUDINE_CENTRALE":"7.54417","POS_X_CENTRALE":"384242.73258","POS_Y_CENTRALE":"4927232.69131","TIPO_ADSL":"ADSL_M","DESCRIZIONE_TIPO_ADSL":"ADSL Mini","DISTANZA_CALCOLATA":"467.54","CLASSE_DISTANZA":"100-499","POTENZA_SEGNALE":"0.64","POPOLAZIONE_SEZIONE": "803"}
			},
		 		{ "type" : "Feature",
				"geometry" : {
					"type" : "Point",
					"coordinates" : [7.53870,44.51769]},
			"properties" : { "ANNO":"2010","ID_SEZIONE":"25072","ISTAT_COMUNE_SEZ":"4225","COMUNE_SEZ":"TARANTASCA","PROVINCIA":"CN","ID_CENTRALE":"1375","NOME_CENTRALE":"TARANTASCA","ISTAT_COMUNE_CENTR":"4225","COMUNE_CENTR":"TARANTASCA","PROVINCIA_CENTR":"CN","INDIRIZZO_CENTRALE":"VITT.VENETO 60B","LATITUDINE_SEZIONE":"44.51769","LONGITUDINE_SEZIONE":"7.53870","POS_X_SEZIONE":"383865.06937","POS_Y_SEZIONE":"4930412.73701","LATITUDINE_CENTRALE":"44.48913","LONGITUDINE_CENTRALE":"7.54417","POS_X_CENTRALE":"384242.73258","POS_Y_CENTRALE":"4927232.69131","TIPO_ADSL":"ADSL_M","DESCRIZIONE_TIPO_ADSL":"ADSL Mini","DISTANZA_CALCOLATA":"3202.39","CLASSE_DISTANZA":"2900-3299","POTENZA_SEGNALE":"0.64","POPOLAZIONE_SEZIONE": "36"}
			},
		 		{ "type" : "Feature",
				"geometry" : {
					"type" : "Point",
					"coordinates" : [7.52761,44.49649]},
			"properties" : { "ANNO":"2010","ID_SEZIONE":"30535","ISTAT_COMUNE_SEZ":"4225","COMUNE_SEZ":"TARANTASCA","PROVINCIA":"CN","ID_CENTRALE":"1375","NOME_CENTRALE":"TARANTASCA","ISTAT_COMUNE_CENTR":"4225","COMUNE_CENTR":"TARANTASCA","PROVINCIA_CENTR":"CN","INDIRIZZO_CENTRALE":"VITT.VENETO 60B","LATITUDINE_SEZIONE":"44.49649","LONGITUDINE_SEZIONE":"7.52761","POS_X_SEZIONE":"382940.59807","POS_Y_SEZIONE":"4928073.23544","LATITUDINE_CENTRALE":"44.48913","LONGITUDINE_CENTRALE":"7.54417","POS_X_CENTRALE":"384242.73258","POS_Y_CENTRALE":"4927232.69131","TIPO_ADSL":"ADSL_M","DESCRIZIONE_TIPO_ADSL":"ADSL Mini","DISTANZA_CALCOLATA":"1549.86","CLASSE_DISTANZA":"1300-1699","POTENZA_SEGNALE":"0.64","POPOLAZIONE_SEZIONE": "9"}
			},
		 		{ "type" : "Feature",
				"geometry" : {
					"type" : "Point",
					"coordinates" : [7.52675,44.50574]},
			"properties" : { "ANNO":"2010","ID_SEZIONE":"30812","ISTAT_COMUNE_SEZ":"4225","COMUNE_SEZ":"TARANTASCA","PROVINCIA":"CN","ID_CENTRALE":"1375","NOME_CENTRALE":"TARANTASCA","ISTAT_COMUNE_CENTR":"4225","COMUNE_CENTR":"TARANTASCA","PROVINCIA_CENTR":"CN","INDIRIZZO_CENTRALE":"VITT.VENETO 60B","LATITUDINE_SEZIONE":"44.50574","LONGITUDINE_SEZIONE":"7.52675","POS_X_SEZIONE":"382891.32831","POS_Y_SEZIONE":"4929102.24127","LATITUDINE_CENTRALE":"44.48913","LONGITUDINE_CENTRALE":"7.54417","POS_X_CENTRALE":"384242.73258","POS_Y_CENTRALE":"4927232.69131","TIPO_ADSL":"ADSL_M","DESCRIZIONE_TIPO_ADSL":"ADSL Mini","DISTANZA_CALCOLATA":"2306.84","CLASSE_DISTANZA":"2100-2499","POTENZA_SEGNALE":"0.64","POPOLAZIONE_SEZIONE": "32"}
			},
		 		{ "type" : "Feature",
				"geometry" : {
					"type" : "Point",
					"coordinates" : [7.54447,44.50721]},
			"properties" : { "ANNO":"2010","ID_SEZIONE":"32203","ISTAT_COMUNE_SEZ":"4225","COMUNE_SEZ":"TARANTASCA","PROVINCIA":"CN","ID_CENTRALE":"1375","NOME_CENTRALE":"TARANTASCA","ISTAT_COMUNE_CENTR":"4225","COMUNE_CENTR":"TARANTASCA","PROVINCIA_CENTR":"CN","INDIRIZZO_CENTRALE":"VITT.VENETO 60B","LATITUDINE_SEZIONE":"44.50721","LONGITUDINE_SEZIONE":"7.54447","POS_X_SEZIONE":"384302.30559","POS_Y_SEZIONE":"4929240.22834","LATITUDINE_CENTRALE":"44.48913","LONGITUDINE_CENTRALE":"7.54417","POS_X_CENTRALE":"384242.73258","POS_Y_CENTRALE":"4927232.69131","TIPO_ADSL":"ADSL_M","DESCRIZIONE_TIPO_ADSL":"ADSL Mini","DISTANZA_CALCOLATA":"2008.42","CLASSE_DISTANZA":"1700-2099","POTENZA_SEGNALE":"0.64","POPOLAZIONE_SEZIONE": "199"}
			}
		 		]
	}
		