 	{ "type" : "FeatureCollection",
		"features" : [
		 		{ "type" : "Feature",
				"geometry" : {
					"type" : "Point",
					"coordinates" : [7.40835,44.45100]},
			"properties" : { "ANNO":"2010","ID_SEZIONE":"6751","ISTAT_COMUNE_SEZ":"4082","COMUNE_SEZ":"DRONERO","PROVINCIA":"CN","ID_CENTRALE":"1055","NOME_CENTRALE":"PRATAVECCHIA","ISTAT_COMUNE_CENTR":"4082","COMUNE_CENTR":"DRONERO","PROVINCIA_CENTR":"CN","INDIRIZZO_CENTRALE":"ADIACENTE AL CIMITERO","LATITUDINE_SEZIONE":"44.45100","LONGITUDINE_SEZIONE":"7.40835","POS_X_SEZIONE":"373361.01765","POS_Y_SEZIONE":"4923198.22078","LATITUDINE_CENTRALE":"44.45603","LONGITUDINE_CENTRALE":"7.39655","POS_X_CENTRALE":"372432.83109","POS_Y_CENTRALE":"4923775.66576","TIPO_ADSL":"ADSL_M","DESCRIZIONE_TIPO_ADSL":"ADSL Mini","DISTANZA_CALCOLATA":"1093.15","CLASSE_DISTANZA":"900-1299","POTENZA_SEGNALE":"0.64","POPOLAZIONE_SEZIONE": "103"}
			},
		 		{ "type" : "Feature",
				"geometry" : {
					"type" : "Point",
					"coordinates" : [7.39639,44.45537]},
			"properties" : { "ANNO":"2010","ID_SEZIONE":"12221","ISTAT_COMUNE_SEZ":"4082","COMUNE_SEZ":"DRONERO","PROVINCIA":"CN","ID_CENTRALE":"1055","NOME_CENTRALE":"PRATAVECCHIA","ISTAT_COMUNE_CENTR":"4082","COMUNE_CENTR":"DRONERO","PROVINCIA_CENTR":"CN","INDIRIZZO_CENTRALE":"ADIACENTE AL CIMITERO","LATITUDINE_SEZIONE":"44.45537","LONGITUDINE_SEZIONE":"7.39639","POS_X_SEZIONE":"372419.17624","POS_Y_SEZIONE":"4923702.21822","LATITUDINE_CENTRALE":"44.45603","LONGITUDINE_CENTRALE":"7.39655","POS_X_CENTRALE":"372432.83109","POS_Y_CENTRALE":"4923775.66576","TIPO_ADSL":"ADSL_M","DESCRIZIONE_TIPO_ADSL":"ADSL Mini","DISTANZA_CALCOLATA":"74.71","CLASSE_DISTANZA":"0-99","POTENZA_SEGNALE":"0.64","POPOLAZIONE_SEZIONE": "187"}
			},
		 		{ "type" : "Feature",
				"geometry" : {
					"type" : "Point",
					"coordinates" : [7.40149,44.46303]},
			"properties" : { "ANNO":"2010","ID_SEZIONE":"17529","ISTAT_COMUNE_SEZ":"4082","COMUNE_SEZ":"DRONERO","PROVINCIA":"CN","ID_CENTRALE":"1055","NOME_CENTRALE":"PRATAVECCHIA","ISTAT_COMUNE_CENTR":"4082","COMUNE_CENTR":"DRONERO","PROVINCIA_CENTR":"CN","INDIRIZZO_CENTRALE":"ADIACENTE AL CIMITERO","LATITUDINE_SEZIONE":"44.46303","LONGITUDINE_SEZIONE":"7.40149","POS_X_SEZIONE":"372841.40472","POS_Y_SEZIONE":"4924545.22878","LATITUDINE_CENTRALE":"44.45603","LONGITUDINE_CENTRALE":"7.39655","POS_X_CENTRALE":"372432.83109","POS_Y_CENTRALE":"4923775.66576","TIPO_ADSL":"ADSL_M","DESCRIZIONE_TIPO_ADSL":"ADSL Mini","DISTANZA_CALCOLATA":"871.30","CLASSE_DISTANZA":"500-899","POTENZA_SEGNALE":"0.64","POPOLAZIONE_SEZIONE": "246"}
			},
		 		{ "type" : "Feature",
				"geometry" : {
					"type" : "Point",
					"coordinates" : [7.43055,44.45784]},
			"properties" : { "ANNO":"2010","ID_SEZIONE":"30537","ISTAT_COMUNE_SEZ":"4082","COMUNE_SEZ":"DRONERO","PROVINCIA":"CN","ID_CENTRALE":"1055","NOME_CENTRALE":"PRATAVECCHIA","ISTAT_COMUNE_CENTR":"4082","COMUNE_CENTR":"DRONERO","PROVINCIA_CENTR":"CN","INDIRIZZO_CENTRALE":"ADIACENTE AL CIMITERO","LATITUDINE_SEZIONE":"44.45784","LONGITUDINE_SEZIONE":"7.43055","POS_X_SEZIONE":"375142.26104","POS_Y_SEZIONE":"4923924.24088","LATITUDINE_CENTRALE":"44.45603","LONGITUDINE_CENTRALE":"7.39655","POS_X_CENTRALE":"372432.83109","POS_Y_CENTRALE":"4923775.66576","TIPO_ADSL":"ADSL_M","DESCRIZIONE_TIPO_ADSL":"ADSL Mini","DISTANZA_CALCOLATA":"2713.5","CLASSE_DISTANZA":"2500-2899","POTENZA_SEGNALE":"0.64","POPOLAZIONE_SEZIONE": "25"}
			}
		 		]
	}
		