 	{ "type" : "FeatureCollection",
		"features" : [
		 		{ "type" : "Feature",
				"geometry" : {
					"type" : "Point",
					"coordinates" : [7.74787,44.39900]},
			"properties" : { "ANNO":"2010","ID_SEZIONE":"1625","ISTAT_COMUNE_SEZ":"4130","COMUNE_SEZ":"MONDOVI'","PROVINCIA":"CN","ID_CENTRALE":"1008","NOME_CENTRALE":"POGLIOLA","ISTAT_COMUNE_CENTR":"4130","COMUNE_CENTR":"MONDOVI'","PROVINCIA_CENTR":"CN","INDIRIZZO_CENTRALE":"POGLIOLA 28","LATITUDINE_SEZIONE":"44.39900","LONGITUDINE_SEZIONE":"7.74787","POS_X_SEZIONE":"400286.61844","POS_Y_SEZIONE":"4916953.19191","LATITUDINE_CENTRALE":"44.40564","LONGITUDINE_CENTRALE":"7.74776","POS_X_CENTRALE":"400288.89856","POS_Y_CENTRALE":"4917690.72357","TIPO_ADSL":"ADSL_M","DESCRIZIONE_TIPO_ADSL":"ADSL Mini","DISTANZA_CALCOLATA":"737.54","CLASSE_DISTANZA":"500-899","POTENZA_SEGNALE":"0.64","POPOLAZIONE_SEZIONE": "60"}
			},
		 		{ "type" : "Feature",
				"geometry" : {
					"type" : "Point",
					"coordinates" : [7.76062,44.39698]},
			"properties" : { "ANNO":"2010","ID_SEZIONE":"10938","ISTAT_COMUNE_SEZ":"4130","COMUNE_SEZ":"MONDOVI'","PROVINCIA":"CN","ID_CENTRALE":"1008","NOME_CENTRALE":"POGLIOLA","ISTAT_COMUNE_CENTR":"4130","COMUNE_CENTR":"MONDOVI'","PROVINCIA_CENTR":"CN","INDIRIZZO_CENTRALE":"POGLIOLA 28","LATITUDINE_SEZIONE":"44.39698","LONGITUDINE_SEZIONE":"7.76062","POS_X_SEZIONE":"401298.52705","POS_Y_SEZIONE":"4916713.20317","LATITUDINE_CENTRALE":"44.40564","LONGITUDINE_CENTRALE":"7.74776","POS_X_CENTRALE":"400288.89856","POS_Y_CENTRALE":"4917690.72357","TIPO_ADSL":"ADSL_M","DESCRIZIONE_TIPO_ADSL":"ADSL Mini","DISTANZA_CALCOLATA":"1405.31","CLASSE_DISTANZA":"1300-1699","POTENZA_SEGNALE":"0.64","POPOLAZIONE_SEZIONE": "255"}
			},
		 		{ "type" : "Feature",
				"geometry" : {
					"type" : "Point",
					"coordinates" : [7.76136,44.38040]},
			"properties" : { "ANNO":"2010","ID_SEZIONE":"11558","ISTAT_COMUNE_SEZ":"4245","COMUNE_SEZ":"VILLANOVA MONDOVI'","PROVINCIA":"CN","ID_CENTRALE":"1008","NOME_CENTRALE":"POGLIOLA","ISTAT_COMUNE_CENTR":"4130","COMUNE_CENTR":"MONDOVI'","PROVINCIA_CENTR":"CN","INDIRIZZO_CENTRALE":"POGLIOLA 28","LATITUDINE_SEZIONE":"44.38040","LONGITUDINE_SEZIONE":"7.76136","POS_X_SEZIONE":"401329.90855","POS_Y_SEZIONE":"4914870.70666","LATITUDINE_CENTRALE":"44.40564","LONGITUDINE_CENTRALE":"7.74776","POS_X_CENTRALE":"400288.89856","POS_Y_CENTRALE":"4917690.72357","TIPO_ADSL":"ADSL_M","DESCRIZIONE_TIPO_ADSL":"ADSL Mini","DISTANZA_CALCOLATA":"3006.03","CLASSE_DISTANZA":"2900-3299","POTENZA_SEGNALE":"0.64","POPOLAZIONE_SEZIONE": "95"}
			},
		 		{ "type" : "Feature",
				"geometry" : {
					"type" : "Point",
					"coordinates" : [7.74645,44.39105]},
			"properties" : { "ANNO":"2010","ID_SEZIONE":"16099","ISTAT_COMUNE_SEZ":"4245","COMUNE_SEZ":"VILLANOVA MONDOVI'","PROVINCIA":"CN","ID_CENTRALE":"1008","NOME_CENTRALE":"POGLIOLA","ISTAT_COMUNE_CENTR":"4130","COMUNE_CENTR":"MONDOVI'","PROVINCIA_CENTR":"CN","INDIRIZZO_CENTRALE":"POGLIOLA 28","LATITUDINE_SEZIONE":"44.39105","LONGITUDINE_SEZIONE":"7.74645","POS_X_SEZIONE":"400160.04334","POS_Y_SEZIONE":"4916071.19153","LATITUDINE_CENTRALE":"44.40564","LONGITUDINE_CENTRALE":"7.74776","POS_X_CENTRALE":"400288.89856","POS_Y_CENTRALE":"4917690.72357","TIPO_ADSL":"ADSL_M","DESCRIZIONE_TIPO_ADSL":"ADSL Mini","DISTANZA_CALCOLATA":"1624.65","CLASSE_DISTANZA":"1300-1699","POTENZA_SEGNALE":"0.64","POPOLAZIONE_SEZIONE": "43"}
			},
		 		{ "type" : "Feature",
				"geometry" : {
					"type" : "Point",
					"coordinates" : [7.72354,44.40442]},
			"properties" : { "ANNO":"2010","ID_SEZIONE":"25962","ISTAT_COMUNE_SEZ":"4130","COMUNE_SEZ":"MONDOVI'","PROVINCIA":"CN","ID_CENTRALE":"1008","NOME_CENTRALE":"POGLIOLA","ISTAT_COMUNE_CENTR":"4130","COMUNE_CENTR":"MONDOVI'","PROVINCIA_CENTR":"CN","INDIRIZZO_CENTRALE":"POGLIOLA 28","LATITUDINE_SEZIONE":"44.40442","LONGITUDINE_SEZIONE":"7.72354","POS_X_SEZIONE":"398358.39009","POS_Y_SEZIONE":"4917584.66967","LATITUDINE_CENTRALE":"44.40564","LONGITUDINE_CENTRALE":"7.74776","POS_X_CENTRALE":"400288.89856","POS_Y_CENTRALE":"4917690.72357","TIPO_ADSL":"ADSL_M","DESCRIZIONE_TIPO_ADSL":"ADSL Mini","DISTANZA_CALCOLATA":"1933.42","CLASSE_DISTANZA":"1700-2099","POTENZA_SEGNALE":"0.64","POPOLAZIONE_SEZIONE": "86"}
			},
		 		{ "type" : "Feature",
				"geometry" : {
					"type" : "Point",
					"coordinates" : [7.71385,44.40855]},
			"properties" : { "ANNO":"2010","ID_SEZIONE":"28751","ISTAT_COMUNE_SEZ":"4130","COMUNE_SEZ":"MONDOVI'","PROVINCIA":"CN","ID_CENTRALE":"1008","NOME_CENTRALE":"POGLIOLA","ISTAT_COMUNE_CENTR":"4130","COMUNE_CENTR":"MONDOVI'","PROVINCIA_CENTR":"CN","INDIRIZZO_CENTRALE":"POGLIOLA 28","LATITUDINE_SEZIONE":"44.40855","LONGITUDINE_SEZIONE":"7.71385","POS_X_SEZIONE":"397594.13127","POS_Y_SEZIONE":"4918055.16081","LATITUDINE_CENTRALE":"44.40564","LONGITUDINE_CENTRALE":"7.74776","POS_X_CENTRALE":"400288.89856","POS_Y_CENTRALE":"4917690.72357","TIPO_ADSL":"ADSL_M","DESCRIZIONE_TIPO_ADSL":"ADSL Mini","DISTANZA_CALCOLATA":"2719.3","CLASSE_DISTANZA":"2500-2899","POTENZA_SEGNALE":"0.64","POPOLAZIONE_SEZIONE": "78"}
			},
		 		{ "type" : "Feature",
				"geometry" : {
					"type" : "Point",
					"coordinates" : [7.70677,44.40351]},
			"properties" : { "ANNO":"2010","ID_SEZIONE":"29314","ISTAT_COMUNE_SEZ":"4130","COMUNE_SEZ":"MONDOVI'","PROVINCIA":"CN","ID_CENTRALE":"1008","NOME_CENTRALE":"POGLIOLA","ISTAT_COMUNE_CENTR":"4130","COMUNE_CENTR":"MONDOVI'","PROVINCIA_CENTR":"CN","INDIRIZZO_CENTRALE":"POGLIOLA 28","LATITUDINE_SEZIONE":"44.40351","LONGITUDINE_SEZIONE":"7.70677","POS_X_SEZIONE":"397021.80180","POS_Y_SEZIONE":"4917504.65534","LATITUDINE_CENTRALE":"44.40564","LONGITUDINE_CENTRALE":"7.74776","POS_X_CENTRALE":"400288.89856","POS_Y_CENTRALE":"4917690.72357","TIPO_ADSL":"ADSL_M","DESCRIZIONE_TIPO_ADSL":"ADSL Mini","DISTANZA_CALCOLATA":"3272.39","CLASSE_DISTANZA":"2900-3299","POTENZA_SEGNALE":"0.64","POPOLAZIONE_SEZIONE": "72"}
			}
		 		]
	}
		