 	{ "type" : "FeatureCollection",
		"features" : [
		 		{ "type" : "Feature",
				"geometry" : {
					"type" : "Point",
					"coordinates" : [7.53099,44.70809]},
			"properties" : { "ANNO":"2010","ID_SEZIONE":"665","ISTAT_COMUNE_SEZ":"4217","COMUNE_SEZ":"SCARNAFIGI","PROVINCIA":"CN","ID_CENTRALE":"1319","NOME_CENTRALE":"SCARNAFIGI","ISTAT_COMUNE_CENTR":"4217","COMUNE_CENTR":"SCARNAFIGI","PROVINCIA_CENTR":"CN","INDIRIZZO_CENTRALE":"VITTORIO EMANUELE 29","LATITUDINE_SEZIONE":"44.70809","LONGITUDINE_SEZIONE":"7.53099","POS_X_SEZIONE":"383633.08063","POS_Y_SEZIONE":"4951573.36833","LATITUDINE_CENTRALE":"44.68201","LONGITUDINE_CENTRALE":"7.56755","POS_X_CENTRALE":"386477.81250","POS_Y_CENTRALE":"4948625.00000","TIPO_ADSL":"ADSL_1","DESCRIZIONE_TIPO_ADSL":"ADSL (8 mega)","DISTANZA_CALCOLATA":"4097","CLASSE_DISTANZA":"3700-4099","POTENZA_SEGNALE":"3000.38","POPOLAZIONE_SEZIONE": ""}
			},
		 		{ "type" : "Feature",
				"geometry" : {
					"type" : "Point",
					"coordinates" : [7.55529,44.70020]},
			"properties" : { "ANNO":"2010","ID_SEZIONE":"668","ISTAT_COMUNE_SEZ":"4217","COMUNE_SEZ":"SCARNAFIGI","PROVINCIA":"CN","ID_CENTRALE":"1319","NOME_CENTRALE":"SCARNAFIGI","ISTAT_COMUNE_CENTR":"4217","COMUNE_CENTR":"SCARNAFIGI","PROVINCIA_CENTR":"CN","INDIRIZZO_CENTRALE":"VITTORIO EMANUELE 29","LATITUDINE_SEZIONE":"44.70020","LONGITUDINE_SEZIONE":"7.55529","POS_X_SEZIONE":"385542.46278","POS_Y_SEZIONE":"4950662.34829","LATITUDINE_CENTRALE":"44.68201","LONGITUDINE_CENTRALE":"7.56755","POS_X_CENTRALE":"386477.81250","POS_Y_CENTRALE":"4948625.00000","TIPO_ADSL":"ADSL_1","DESCRIZIONE_TIPO_ADSL":"ADSL (8 mega)","DISTANZA_CALCOLATA":"2241.8","CLASSE_DISTANZA":"2100-2499","POTENZA_SEGNALE":"6500.38","POPOLAZIONE_SEZIONE": "4"}
			},
		 		{ "type" : "Feature",
				"geometry" : {
					"type" : "Point",
					"coordinates" : [7.57887,44.67850]},
			"properties" : { "ANNO":"2010","ID_SEZIONE":"4385","ISTAT_COMUNE_SEZ":"4217","COMUNE_SEZ":"SCARNAFIGI","PROVINCIA":"CN","ID_CENTRALE":"1319","NOME_CENTRALE":"SCARNAFIGI","ISTAT_COMUNE_CENTR":"4217","COMUNE_CENTR":"SCARNAFIGI","PROVINCIA_CENTR":"CN","INDIRIZZO_CENTRALE":"VITTORIO EMANUELE 29","LATITUDINE_SEZIONE":"44.67850","LONGITUDINE_SEZIONE":"7.57887","POS_X_SEZIONE":"387368.02336","POS_Y_SEZIONE":"4948218.80884","LATITUDINE_CENTRALE":"44.68201","LONGITUDINE_CENTRALE":"7.56755","POS_X_CENTRALE":"386477.81250","POS_Y_CENTRALE":"4948625.00000","TIPO_ADSL":"ADSL_1","DESCRIZIONE_TIPO_ADSL":"ADSL (8 mega)","DISTANZA_CALCOLATA":"978.50","CLASSE_DISTANZA":"900-1299","POTENZA_SEGNALE":"7000","POPOLAZIONE_SEZIONE": "35"}
			},
		 		{ "type" : "Feature",
				"geometry" : {
					"type" : "Point",
					"coordinates" : [7.55966,44.65922]},
			"properties" : { "ANNO":"2010","ID_SEZIONE":"5237","ISTAT_COMUNE_SEZ":"4217","COMUNE_SEZ":"SCARNAFIGI","PROVINCIA":"CN","ID_CENTRALE":"1319","NOME_CENTRALE":"SCARNAFIGI","ISTAT_COMUNE_CENTR":"4217","COMUNE_CENTR":"SCARNAFIGI","PROVINCIA_CENTR":"CN","INDIRIZZO_CENTRALE":"VITTORIO EMANUELE 29","LATITUDINE_SEZIONE":"44.65922","LONGITUDINE_SEZIONE":"7.55966","POS_X_SEZIONE":"385808.41043","POS_Y_SEZIONE":"4946104.29696","LATITUDINE_CENTRALE":"44.68201","LONGITUDINE_CENTRALE":"7.56755","POS_X_CENTRALE":"386477.81250","POS_Y_CENTRALE":"4948625.00000","TIPO_ADSL":"ADSL_1","DESCRIZIONE_TIPO_ADSL":"ADSL (8 mega)","DISTANZA_CALCOLATA":"2608.07","CLASSE_DISTANZA":"2500-2899","POTENZA_SEGNALE":"5749.63","POPOLAZIONE_SEZIONE": "14"}
			},
		 		{ "type" : "Feature",
				"geometry" : {
					"type" : "Point",
					"coordinates" : [7.55358,44.65340]},
			"properties" : { "ANNO":"2010","ID_SEZIONE":"8072","ISTAT_COMUNE_SEZ":"4217","COMUNE_SEZ":"SCARNAFIGI","PROVINCIA":"CN","ID_CENTRALE":"1319","NOME_CENTRALE":"SCARNAFIGI","ISTAT_COMUNE_CENTR":"4217","COMUNE_CENTR":"SCARNAFIGI","PROVINCIA_CENTR":"CN","INDIRIZZO_CENTRALE":"VITTORIO EMANUELE 29","LATITUDINE_SEZIONE":"44.65340","LONGITUDINE_SEZIONE":"7.55358","POS_X_SEZIONE":"385314.76870","POS_Y_SEZIONE":"4945466.29683","LATITUDINE_CENTRALE":"44.68201","LONGITUDINE_CENTRALE":"7.56755","POS_X_CENTRALE":"386477.81250","POS_Y_CENTRALE":"4948625.00000","TIPO_ADSL":"ADSL_1","DESCRIZIONE_TIPO_ADSL":"ADSL (8 mega)","DISTANZA_CALCOLATA":"3366.02","CLASSE_DISTANZA":"3300-3699","POTENZA_SEGNALE":"3999.63","POPOLAZIONE_SEZIONE": "29"}
			},
		 		{ "type" : "Feature",
				"geometry" : {
					"type" : "Point",
					"coordinates" : [7.58384,44.66565]},
			"properties" : { "ANNO":"2010","ID_SEZIONE":"10843","ISTAT_COMUNE_SEZ":"4217","COMUNE_SEZ":"SCARNAFIGI","PROVINCIA":"CN","ID_CENTRALE":"1319","NOME_CENTRALE":"SCARNAFIGI","ISTAT_COMUNE_CENTR":"4217","COMUNE_CENTR":"SCARNAFIGI","PROVINCIA_CENTR":"CN","INDIRIZZO_CENTRALE":"VITTORIO EMANUELE 29","LATITUDINE_SEZIONE":"44.66565","LONGITUDINE_SEZIONE":"7.58384","POS_X_SEZIONE":"387737.60800","POS_Y_SEZIONE":"4946784.79053","LATITUDINE_CENTRALE":"44.68201","LONGITUDINE_CENTRALE":"7.56755","POS_X_CENTRALE":"386477.81250","POS_Y_CENTRALE":"4948625.00000","TIPO_ADSL":"ADSL_1","DESCRIZIONE_TIPO_ADSL":"ADSL (8 mega)","DISTANZA_CALCOLATA":"2230.12","CLASSE_DISTANZA":"2100-2499","POTENZA_SEGNALE":"6500.38","POPOLAZIONE_SEZIONE": "33"}
			},
		 		{ "type" : "Feature",
				"geometry" : {
					"type" : "Point",
					"coordinates" : [7.53996,44.68111]},
			"properties" : { "ANNO":"2010","ID_SEZIONE":"13954","ISTAT_COMUNE_SEZ":"4217","COMUNE_SEZ":"SCARNAFIGI","PROVINCIA":"CN","ID_CENTRALE":"1319","NOME_CENTRALE":"SCARNAFIGI","ISTAT_COMUNE_CENTR":"4217","COMUNE_CENTR":"SCARNAFIGI","PROVINCIA_CENTR":"CN","INDIRIZZO_CENTRALE":"VITTORIO EMANUELE 29","LATITUDINE_SEZIONE":"44.68111","LONGITUDINE_SEZIONE":"7.53996","POS_X_SEZIONE":"384290.09644","POS_Y_SEZIONE":"4948563.82976","LATITUDINE_CENTRALE":"44.68201","LONGITUDINE_CENTRALE":"7.56755","POS_X_CENTRALE":"386477.81250","POS_Y_CENTRALE":"4948625.00000","TIPO_ADSL":"ADSL_1","DESCRIZIONE_TIPO_ADSL":"ADSL (8 mega)","DISTANZA_CALCOLATA":"2188.57","CLASSE_DISTANZA":"2100-2499","POTENZA_SEGNALE":"6500.38","POPOLAZIONE_SEZIONE": "64"}
			},
		 		{ "type" : "Feature",
				"geometry" : {
					"type" : "Point",
					"coordinates" : [7.54891,44.72148]},
			"properties" : { "ANNO":"2010","ID_SEZIONE":"14750","ISTAT_COMUNE_SEZ":"4217","COMUNE_SEZ":"SCARNAFIGI","PROVINCIA":"CN","ID_CENTRALE":"1319","NOME_CENTRALE":"SCARNAFIGI","ISTAT_COMUNE_CENTR":"4217","COMUNE_CENTR":"SCARNAFIGI","PROVINCIA_CENTR":"CN","INDIRIZZO_CENTRALE":"VITTORIO EMANUELE 29","LATITUDINE_SEZIONE":"44.72148","LONGITUDINE_SEZIONE":"7.54891","POS_X_SEZIONE":"385078.92614","POS_Y_SEZIONE":"4953035.37921","LATITUDINE_CENTRALE":"44.68201","LONGITUDINE_CENTRALE":"7.56755","POS_X_CENTRALE":"386477.81250","POS_Y_CENTRALE":"4948625.00000","TIPO_ADSL":"ADSL_1","DESCRIZIONE_TIPO_ADSL":"ADSL (8 mega)","DISTANZA_CALCOLATA":"4626.91","CLASSE_DISTANZA":"4500-4899","POTENZA_SEGNALE":"1470","POPOLAZIONE_SEZIONE": "24"}
			},
		 		{ "type" : "Feature",
				"geometry" : {
					"type" : "Point",
					"coordinates" : [7.54464,44.70399]},
			"properties" : { "ANNO":"2010","ID_SEZIONE":"19706","ISTAT_COMUNE_SEZ":"4217","COMUNE_SEZ":"SCARNAFIGI","PROVINCIA":"CN","ID_CENTRALE":"1319","NOME_CENTRALE":"SCARNAFIGI","ISTAT_COMUNE_CENTR":"4217","COMUNE_CENTR":"SCARNAFIGI","PROVINCIA_CENTR":"CN","INDIRIZZO_CENTRALE":"VITTORIO EMANUELE 29","LATITUDINE_SEZIONE":"44.70399","LONGITUDINE_SEZIONE":"7.54464","POS_X_SEZIONE":"384706.17734","POS_Y_SEZIONE":"4951097.85754","LATITUDINE_CENTRALE":"44.68201","LONGITUDINE_CENTRALE":"7.56755","POS_X_CENTRALE":"386477.81250","POS_Y_CENTRALE":"4948625.00000","TIPO_ADSL":"ADSL_1","DESCRIZIONE_TIPO_ADSL":"ADSL (8 mega)","DISTANZA_CALCOLATA":"3041.99","CLASSE_DISTANZA":"2900-3299","POTENZA_SEGNALE":"4999.75","POPOLAZIONE_SEZIONE": "53"}
			},
		 		{ "type" : "Feature",
				"geometry" : {
					"type" : "Point",
					"coordinates" : [7.53987,44.70720]},
			"properties" : { "ANNO":"2010","ID_SEZIONE":"20637","ISTAT_COMUNE_SEZ":"4217","COMUNE_SEZ":"SCARNAFIGI","PROVINCIA":"CN","ID_CENTRALE":"1319","NOME_CENTRALE":"SCARNAFIGI","ISTAT_COMUNE_CENTR":"4217","COMUNE_CENTR":"SCARNAFIGI","PROVINCIA_CENTR":"CN","INDIRIZZO_CENTRALE":"VITTORIO EMANUELE 29","LATITUDINE_SEZIONE":"44.70720","LONGITUDINE_SEZIONE":"7.53987","POS_X_SEZIONE":"384334.70495","POS_Y_SEZIONE":"4951461.36372","LATITUDINE_CENTRALE":"44.68201","LONGITUDINE_CENTRALE":"7.56755","POS_X_CENTRALE":"386477.81250","POS_Y_CENTRALE":"4948625.00000","TIPO_ADSL":"ADSL_1","DESCRIZIONE_TIPO_ADSL":"ADSL (8 mega)","DISTANZA_CALCOLATA":"3554.98","CLASSE_DISTANZA":"3300-3699","POTENZA_SEGNALE":"3999.63","POPOLAZIONE_SEZIONE": "32"}
			},
		 		{ "type" : "Feature",
				"geometry" : {
					"type" : "Point",
					"coordinates" : [7.57471,44.69459]},
			"properties" : { "ANNO":"2010","ID_SEZIONE":"20872","ISTAT_COMUNE_SEZ":"4217","COMUNE_SEZ":"SCARNAFIGI","PROVINCIA":"CN","ID_CENTRALE":"1319","NOME_CENTRALE":"SCARNAFIGI","ISTAT_COMUNE_CENTR":"4217","COMUNE_CENTR":"SCARNAFIGI","PROVINCIA_CENTR":"CN","INDIRIZZO_CENTRALE":"VITTORIO EMANUELE 29","LATITUDINE_SEZIONE":"44.69459","LONGITUDINE_SEZIONE":"7.57471","POS_X_SEZIONE":"387069.87193","POS_Y_SEZIONE":"4950012.33255","LATITUDINE_CENTRALE":"44.68201","LONGITUDINE_CENTRALE":"7.56755","POS_X_CENTRALE":"386477.81250","POS_Y_CENTRALE":"4948625.00000","TIPO_ADSL":"ADSL_1","DESCRIZIONE_TIPO_ADSL":"ADSL (8 mega)","DISTANZA_CALCOLATA":"1508.39","CLASSE_DISTANZA":"1300-1699","POTENZA_SEGNALE":"7000","POPOLAZIONE_SEZIONE": "50"}
			},
		 		{ "type" : "Feature",
				"geometry" : {
					"type" : "Point",
					"coordinates" : [7.55044,44.68694]},
			"properties" : { "ANNO":"2010","ID_SEZIONE":"21085","ISTAT_COMUNE_SEZ":"4217","COMUNE_SEZ":"SCARNAFIGI","PROVINCIA":"CN","ID_CENTRALE":"1319","NOME_CENTRALE":"SCARNAFIGI","ISTAT_COMUNE_CENTR":"4217","COMUNE_CENTR":"SCARNAFIGI","PROVINCIA_CENTR":"CN","INDIRIZZO_CENTRALE":"VITTORIO EMANUELE 29","LATITUDINE_SEZIONE":"44.68694","LONGITUDINE_SEZIONE":"7.55044","POS_X_SEZIONE":"385131.70617","POS_Y_SEZIONE":"4949196.33255","LATITUDINE_CENTRALE":"44.68201","LONGITUDINE_CENTRALE":"7.56755","POS_X_CENTRALE":"386477.81250","POS_Y_CENTRALE":"4948625.00000","TIPO_ADSL":"ADSL_1","DESCRIZIONE_TIPO_ADSL":"ADSL (8 mega)","DISTANZA_CALCOLATA":"1462.33","CLASSE_DISTANZA":"1300-1699","POTENZA_SEGNALE":"7000","POPOLAZIONE_SEZIONE": "42"}
			},
		 		{ "type" : "Feature",
				"geometry" : {
					"type" : "Point",
					"coordinates" : [7.55638,44.66956]},
			"properties" : { "ANNO":"2010","ID_SEZIONE":"23756","ISTAT_COMUNE_SEZ":"4217","COMUNE_SEZ":"SCARNAFIGI","PROVINCIA":"CN","ID_CENTRALE":"1319","NOME_CENTRALE":"SCARNAFIGI","ISTAT_COMUNE_CENTR":"4217","COMUNE_CENTR":"SCARNAFIGI","PROVINCIA_CENTR":"CN","INDIRIZZO_CENTRALE":"VITTORIO EMANUELE 29","LATITUDINE_SEZIONE":"44.66956","LONGITUDINE_SEZIONE":"7.55638","POS_X_SEZIONE":"385568.20409","POS_Y_SEZIONE":"4947257.30663","LATITUDINE_CENTRALE":"44.68201","LONGITUDINE_CENTRALE":"7.56755","POS_X_CENTRALE":"386477.81250","POS_Y_CENTRALE":"4948625.00000","TIPO_ADSL":"ADSL_1","DESCRIZIONE_TIPO_ADSL":"ADSL (8 mega)","DISTANZA_CALCOLATA":"1642.55","CLASSE_DISTANZA":"1300-1699","POTENZA_SEGNALE":"7000","POPOLAZIONE_SEZIONE": "34"}
			},
		 		{ "type" : "Feature",
				"geometry" : {
					"type" : "Point",
					"coordinates" : [7.56982,44.67062]},
			"properties" : { "ANNO":"2010","ID_SEZIONE":"28025","ISTAT_COMUNE_SEZ":"4217","COMUNE_SEZ":"SCARNAFIGI","PROVINCIA":"CN","ID_CENTRALE":"1319","NOME_CENTRALE":"SCARNAFIGI","ISTAT_COMUNE_CENTR":"4217","COMUNE_CENTR":"SCARNAFIGI","PROVINCIA_CENTR":"CN","INDIRIZZO_CENTRALE":"VITTORIO EMANUELE 29","LATITUDINE_SEZIONE":"44.67062","LONGITUDINE_SEZIONE":"7.56982","POS_X_SEZIONE":"386635.75891","POS_Y_SEZIONE":"4947356.30132","LATITUDINE_CENTRALE":"44.68201","LONGITUDINE_CENTRALE":"7.56755","POS_X_CENTRALE":"386477.81250","POS_Y_CENTRALE":"4948625.00000","TIPO_ADSL":"ADSL_1","DESCRIZIONE_TIPO_ADSL":"ADSL (8 mega)","DISTANZA_CALCOLATA":"1278.49","CLASSE_DISTANZA":"900-1299","POTENZA_SEGNALE":"7000","POPOLAZIONE_SEZIONE": "51"}
			},
		 		{ "type" : "Feature",
				"geometry" : {
					"type" : "Point",
					"coordinates" : [7.56283,44.70792]},
			"properties" : { "ANNO":"2010","ID_SEZIONE":"28700","ISTAT_COMUNE_SEZ":"4217","COMUNE_SEZ":"SCARNAFIGI","PROVINCIA":"CN","ID_CENTRALE":"1319","NOME_CENTRALE":"SCARNAFIGI","ISTAT_COMUNE_CENTR":"4217","COMUNE_CENTR":"SCARNAFIGI","PROVINCIA_CENTR":"CN","INDIRIZZO_CENTRALE":"VITTORIO EMANUELE 29","LATITUDINE_SEZIONE":"44.70792","LONGITUDINE_SEZIONE":"7.56283","POS_X_SEZIONE":"386154.78969","POS_Y_SEZIONE":"4951508.85633","LATITUDINE_CENTRALE":"44.68201","LONGITUDINE_CENTRALE":"7.56755","POS_X_CENTRALE":"386477.81250","POS_Y_CENTRALE":"4948625.00000","TIPO_ADSL":"ADSL_1","DESCRIZIONE_TIPO_ADSL":"ADSL (8 mega)","DISTANZA_CALCOLATA":"2901.89","CLASSE_DISTANZA":"2900-3299","POTENZA_SEGNALE":"4999.75","POPOLAZIONE_SEZIONE": "12"}
			},
		 		{ "type" : "Feature",
				"geometry" : {
					"type" : "Point",
					"coordinates" : [7.56482,44.68826]},
			"properties" : { "ANNO":"2010","ID_SEZIONE":"28967","ISTAT_COMUNE_SEZ":"4217","COMUNE_SEZ":"SCARNAFIGI","PROVINCIA":"CN","ID_CENTRALE":"1319","NOME_CENTRALE":"SCARNAFIGI","ISTAT_COMUNE_CENTR":"4217","COMUNE_CENTR":"SCARNAFIGI","PROVINCIA_CENTR":"CN","INDIRIZZO_CENTRALE":"VITTORIO EMANUELE 29","LATITUDINE_SEZIONE":"44.68826","LONGITUDINE_SEZIONE":"7.56482","POS_X_SEZIONE":"386274.32326","POS_Y_SEZIONE":"4949322.82829","LATITUDINE_CENTRALE":"44.68201","LONGITUDINE_CENTRALE":"7.56755","POS_X_CENTRALE":"386477.81250","POS_Y_CENTRALE":"4948625.00000","TIPO_ADSL":"ADSL_1","DESCRIZIONE_TIPO_ADSL":"ADSL (8 mega)","DISTANZA_CALCOLATA":"726.89","CLASSE_DISTANZA":"500-899","POTENZA_SEGNALE":"7000","POPOLAZIONE_SEZIONE": "21"}
			},
		 		{ "type" : "Feature",
				"geometry" : {
					"type" : "Point",
					"coordinates" : [7.54382,44.66941]},
			"properties" : { "ANNO":"2010","ID_SEZIONE":"29216","ISTAT_COMUNE_SEZ":"4217","COMUNE_SEZ":"SCARNAFIGI","PROVINCIA":"CN","ID_CENTRALE":"1319","NOME_CENTRALE":"SCARNAFIGI","ISTAT_COMUNE_CENTR":"4217","COMUNE_CENTR":"SCARNAFIGI","PROVINCIA_CENTR":"CN","INDIRIZZO_CENTRALE":"VITTORIO EMANUELE 29","LATITUDINE_SEZIONE":"44.66941","LONGITUDINE_SEZIONE":"7.54382","POS_X_SEZIONE":"384572.27347","POS_Y_SEZIONE":"4947258.81242","LATITUDINE_CENTRALE":"44.68201","LONGITUDINE_CENTRALE":"7.56755","POS_X_CENTRALE":"386477.81250","POS_Y_CENTRALE":"4948625.00000","TIPO_ADSL":"ADSL_1","DESCRIZIONE_TIPO_ADSL":"ADSL (8 mega)","DISTANZA_CALCOLATA":"2344.68","CLASSE_DISTANZA":"2100-2499","POTENZA_SEGNALE":"6500.38","POPOLAZIONE_SEZIONE": "32"}
			},
		 		{ "type" : "Feature",
				"geometry" : {
					"type" : "Point",
					"coordinates" : [7.55483,44.67987]},
			"properties" : { "ANNO":"2010","ID_SEZIONE":"31909","ISTAT_COMUNE_SEZ":"4217","COMUNE_SEZ":"SCARNAFIGI","PROVINCIA":"CN","ID_CENTRALE":"1319","NOME_CENTRALE":"SCARNAFIGI","ISTAT_COMUNE_CENTR":"4217","COMUNE_CENTR":"SCARNAFIGI","PROVINCIA_CENTR":"CN","INDIRIZZO_CENTRALE":"VITTORIO EMANUELE 29","LATITUDINE_SEZIONE":"44.67987","LONGITUDINE_SEZIONE":"7.55483","POS_X_SEZIONE":"385465.87424","POS_Y_SEZIONE":"4948404.32128","LATITUDINE_CENTRALE":"44.68201","LONGITUDINE_CENTRALE":"7.56755","POS_X_CENTRALE":"386477.81250","POS_Y_CENTRALE":"4948625.00000","TIPO_ADSL":"ADSL_1","DESCRIZIONE_TIPO_ADSL":"ADSL (8 mega)","DISTANZA_CALCOLATA":"1035.72","CLASSE_DISTANZA":"900-1299","POTENZA_SEGNALE":"7000","POPOLAZIONE_SEZIONE": "35"}
			},
		 		{ "type" : "Feature",
				"geometry" : {
					"type" : "Point",
					"coordinates" : [7.56397,44.71747]},
			"properties" : { "ANNO":"2010","ID_SEZIONE":"32097","ISTAT_COMUNE_SEZ":"4217","COMUNE_SEZ":"SCARNAFIGI","PROVINCIA":"CN","ID_CENTRALE":"1319","NOME_CENTRALE":"SCARNAFIGI","ISTAT_COMUNE_CENTR":"4217","COMUNE_CENTR":"SCARNAFIGI","PROVINCIA_CENTR":"CN","INDIRIZZO_CENTRALE":"VITTORIO EMANUELE 29","LATITUDINE_SEZIONE":"44.71747","LONGITUDINE_SEZIONE":"7.56397","POS_X_SEZIONE":"386263.58560","POS_Y_SEZIONE":"4952568.36916","LATITUDINE_CENTRALE":"44.68201","LONGITUDINE_CENTRALE":"7.56755","POS_X_CENTRALE":"386477.81250","POS_Y_CENTRALE":"4948625.00000","TIPO_ADSL":"ADSL_1","DESCRIZIONE_TIPO_ADSL":"ADSL (8 mega)","DISTANZA_CALCOLATA":"3949.18","CLASSE_DISTANZA":"3700-4099","POTENZA_SEGNALE":"3000.38","POPOLAZIONE_SEZIONE": "51"}
			},
		 		{ "type" : "Feature",
				"geometry" : {
					"type" : "Point",
					"coordinates" : [7.53338,44.69614]},
			"properties" : { "ANNO":"2010","ID_SEZIONE":"32138","ISTAT_COMUNE_SEZ":"4217","COMUNE_SEZ":"SCARNAFIGI","PROVINCIA":"CN","ID_CENTRALE":"1319","NOME_CENTRALE":"SCARNAFIGI","ISTAT_COMUNE_CENTR":"4217","COMUNE_CENTR":"SCARNAFIGI","PROVINCIA_CENTR":"CN","INDIRIZZO_CENTRALE":"VITTORIO EMANUELE 29","LATITUDINE_SEZIONE":"44.69614","LONGITUDINE_SEZIONE":"7.53338","POS_X_SEZIONE":"383798.19551","POS_Y_SEZIONE":"4950242.85236","LATITUDINE_CENTRALE":"44.68201","LONGITUDINE_CENTRALE":"7.56755","POS_X_CENTRALE":"386477.81250","POS_Y_CENTRALE":"4948625.00000","TIPO_ADSL":"ADSL_1","DESCRIZIONE_TIPO_ADSL":"ADSL (8 mega)","DISTANZA_CALCOLATA":"3130.14","CLASSE_DISTANZA":"2900-3299","POTENZA_SEGNALE":"4999.75","POPOLAZIONE_SEZIONE": ""}
			},
		 		{ "type" : "Feature",
				"geometry" : {
					"type" : "Point",
					"coordinates" : [7.56825,44.68179]},
			"properties" : { "ANNO":"2010","ID_SEZIONE":"32988","ISTAT_COMUNE_SEZ":"4217","COMUNE_SEZ":"SCARNAFIGI","PROVINCIA":"CN","ID_CENTRALE":"1319","NOME_CENTRALE":"SCARNAFIGI","ISTAT_COMUNE_CENTR":"4217","COMUNE_CENTR":"SCARNAFIGI","PROVINCIA_CENTR":"CN","INDIRIZZO_CENTRALE":"VITTORIO EMANUELE 29","LATITUDINE_SEZIONE":"44.68179","LONGITUDINE_SEZIONE":"7.56825","POS_X_SEZIONE":"386532.89606","POS_Y_SEZIONE":"4948598.81728","LATITUDINE_CENTRALE":"44.68201","LONGITUDINE_CENTRALE":"7.56755","POS_X_CENTRALE":"386477.81250","POS_Y_CENTRALE":"4948625.00000","TIPO_ADSL":"ADSL_1","DESCRIZIONE_TIPO_ADSL":"ADSL (8 mega)","DISTANZA_CALCOLATA":"60.99","CLASSE_DISTANZA":"0-99","POTENZA_SEGNALE":"7000","POPOLAZIONE_SEZIONE": "898"}
			}
		 		]
	}
		