 	{ "type" : "FeatureCollection",
		"features" : [
		 		{ "type" : "Feature",
				"geometry" : {
					"type" : "Point",
					"coordinates" : [8.02387,44.87134]},
			"properties" : { "ANNO":"2010","ID_SEZIONE":"642","ISTAT_COMUNE_SEZ":"5097","COMUNE_SEZ":"SAN DAMIANO D'ASTI","PROVINCIA":"AT","ID_CENTRALE":"1216","NOME_CENTRALE":"S. PIETRO CUSSANEO","ISTAT_COMUNE_CENTR":"5097","COMUNE_CENTR":"SAN DAMIANO D'ASTI","PROVINCIA_CENTR":"AT","INDIRIZZO_CENTRALE":"VIA AVENTINO PACE->","LATITUDINE_SEZIONE":"44.87134","LONGITUDINE_SEZIONE":"8.02387","POS_X_SEZIONE":"422893.70147","POS_Y_SEZIONE":"4969121.61129","LATITUDINE_CENTRALE":"44.83878","LONGITUDINE_CENTRALE":"8.06800","POS_X_CENTRALE":"426338.03000","POS_Y_CENTRALE":"4965464.06226","TIPO_ADSL":"ADSL_M","DESCRIZIONE_TIPO_ADSL":"ADSL Mini","DISTANZA_CALCOLATA":"5024.05","CLASSE_DISTANZA":"4900-5299","POTENZA_SEGNALE":"0.00","POPOLAZIONE_SEZIONE": "10"}
			}
		 		]
	}
		