 	{ "type" : "FeatureCollection",
		"features" : [
		 		{ "type" : "Feature",
				"geometry" : {
					"type" : "Point",
					"coordinates" : [8.10172,44.36606]},
			"properties" : { "ANNO":"2010","ID_SEZIONE":"976","ISTAT_COMUNE_SEZ":"4175","COMUNE_SEZ":"PRIERO","PROVINCIA":"CN","ID_CENTRALE":"1067","NOME_CENTRALE":"PRIERO","ISTAT_COMUNE_CENTR":"4175","COMUNE_CENTR":"PRIERO","PROVINCIA_CENTR":"CN","INDIRIZZO_CENTRALE":"PIAZZA MUNICIPALE","LATITUDINE_SEZIONE":"44.36606","LONGITUDINE_SEZIONE":"8.10172","POS_X_SEZIONE":"428425.64388","POS_Y_SEZIONE":"4912924.28336","LATITUDINE_CENTRALE":"44.37830","LONGITUDINE_CENTRALE":"8.09438","POS_X_CENTRALE":"427855.41442","POS_Y_CENTRALE":"4914289.52485","TIPO_ADSL":"ADSL_M","DESCRIZIONE_TIPO_ADSL":"ADSL Mini","DISTANZA_CALCOLATA":"1479.54","CLASSE_DISTANZA":"1300-1699","POTENZA_SEGNALE":"0.64","POPOLAZIONE_SEZIONE": "24"}
			},
		 		{ "type" : "Feature",
				"geometry" : {
					"type" : "Point",
					"coordinates" : [8.13098,44.34408]},
			"properties" : { "ANNO":"2010","ID_SEZIONE":"992","ISTAT_COMUNE_SEZ":"4054","COMUNE_SEZ":"CASTELNUOVO DI CEVA","PROVINCIA":"CN","ID_CENTRALE":"1067","NOME_CENTRALE":"PRIERO","ISTAT_COMUNE_CENTR":"4175","COMUNE_CENTR":"PRIERO","PROVINCIA_CENTR":"CN","INDIRIZZO_CENTRALE":"PIAZZA MUNICIPALE","LATITUDINE_SEZIONE":"44.34408","LONGITUDINE_SEZIONE":"8.13098","POS_X_SEZIONE":"430731.20650","POS_Y_SEZIONE":"4910457.26768","LATITUDINE_CENTRALE":"44.37830","LONGITUDINE_CENTRALE":"8.09438","POS_X_CENTRALE":"427855.41442","POS_Y_CENTRALE":"4914289.52485","TIPO_ADSL":"ADSL_M","DESCRIZIONE_TIPO_ADSL":"ADSL Mini","DISTANZA_CALCOLATA":"4791.28","CLASSE_DISTANZA":"4500-4899","POTENZA_SEGNALE":"0.00","POPOLAZIONE_SEZIONE": "1"}
			},
		 		{ "type" : "Feature",
				"geometry" : {
					"type" : "Point",
					"coordinates" : [8.11442,44.38913]},
			"properties" : { "ANNO":"2010","ID_SEZIONE":"2563","ISTAT_COMUNE_SEZ":"4175","COMUNE_SEZ":"PRIERO","PROVINCIA":"CN","ID_CENTRALE":"1067","NOME_CENTRALE":"PRIERO","ISTAT_COMUNE_CENTR":"4175","COMUNE_CENTR":"PRIERO","PROVINCIA_CENTR":"CN","INDIRIZZO_CENTRALE":"PIAZZA MUNICIPALE","LATITUDINE_SEZIONE":"44.38913","LONGITUDINE_SEZIONE":"8.11442","POS_X_SEZIONE":"429465.17284","POS_Y_SEZIONE":"4915475.31159","LATITUDINE_CENTRALE":"44.37830","LONGITUDINE_CENTRALE":"8.09438","POS_X_CENTRALE":"427855.41442","POS_Y_CENTRALE":"4914289.52485","TIPO_ADSL":"ADSL_M","DESCRIZIONE_TIPO_ADSL":"ADSL Mini","DISTANZA_CALCOLATA":"1999.35","CLASSE_DISTANZA":"1700-2099","POTENZA_SEGNALE":"0.64","POPOLAZIONE_SEZIONE": "15"}
			},
		 		{ "type" : "Feature",
				"geometry" : {
					"type" : "Point",
					"coordinates" : [8.13430,44.35957]},
			"properties" : { "ANNO":"2010","ID_SEZIONE":"5713","ISTAT_COMUNE_SEZ":"4054","COMUNE_SEZ":"CASTELNUOVO DI CEVA","PROVINCIA":"CN","ID_CENTRALE":"1067","NOME_CENTRALE":"PRIERO","ISTAT_COMUNE_CENTR":"4175","COMUNE_CENTR":"PRIERO","PROVINCIA_CENTR":"CN","INDIRIZZO_CENTRALE":"PIAZZA MUNICIPALE","LATITUDINE_SEZIONE":"44.35957","LONGITUDINE_SEZIONE":"8.13430","POS_X_SEZIONE":"431013.67025","POS_Y_SEZIONE":"4912174.78448","LATITUDINE_CENTRALE":"44.37830","LONGITUDINE_CENTRALE":"8.09438","POS_X_CENTRALE":"427855.41442","POS_Y_CENTRALE":"4914289.52485","TIPO_ADSL":"ADSL_M","DESCRIZIONE_TIPO_ADSL":"ADSL Mini","DISTANZA_CALCOLATA":"3800.88","CLASSE_DISTANZA":"3700-4099","POTENZA_SEGNALE":"0.64","POPOLAZIONE_SEZIONE": "6"}
			},
		 		{ "type" : "Feature",
				"geometry" : {
					"type" : "Point",
					"coordinates" : [8.09732,44.38227]},
			"properties" : { "ANNO":"2010","ID_SEZIONE":"9060","ISTAT_COMUNE_SEZ":"4175","COMUNE_SEZ":"PRIERO","PROVINCIA":"CN","ID_CENTRALE":"1067","NOME_CENTRALE":"PRIERO","ISTAT_COMUNE_CENTR":"4175","COMUNE_CENTR":"PRIERO","PROVINCIA_CENTR":"CN","INDIRIZZO_CENTRALE":"PIAZZA MUNICIPALE","LATITUDINE_SEZIONE":"44.38227","LONGITUDINE_SEZIONE":"8.09732","POS_X_SEZIONE":"428094.65072","POS_Y_SEZIONE":"4914728.80074","LATITUDINE_CENTRALE":"44.37830","LONGITUDINE_CENTRALE":"8.09438","POS_X_CENTRALE":"427855.41442","POS_Y_CENTRALE":"4914289.52485","TIPO_ADSL":"ADSL_M","DESCRIZIONE_TIPO_ADSL":"ADSL Mini","DISTANZA_CALCOLATA":"500.20","CLASSE_DISTANZA":"500-899","POTENZA_SEGNALE":"0.64","POPOLAZIONE_SEZIONE": "14"}
			},
		 		{ "type" : "Feature",
				"geometry" : {
					"type" : "Point",
					"coordinates" : [8.08048,44.38173]},
			"properties" : { "ANNO":"2010","ID_SEZIONE":"9886","ISTAT_COMUNE_SEZ":"4175","COMUNE_SEZ":"PRIERO","PROVINCIA":"CN","ID_CENTRALE":"1067","NOME_CENTRALE":"PRIERO","ISTAT_COMUNE_CENTR":"4175","COMUNE_CENTR":"PRIERO","PROVINCIA_CENTR":"CN","INDIRIZZO_CENTRALE":"PIAZZA MUNICIPALE","LATITUDINE_SEZIONE":"44.38173","LONGITUDINE_SEZIONE":"8.08048","POS_X_SEZIONE":"426752.23997","POS_Y_SEZIONE":"4914683.29725","LATITUDINE_CENTRALE":"44.37830","LONGITUDINE_CENTRALE":"8.09438","POS_X_CENTRALE":"427855.41442","POS_Y_CENTRALE":"4914289.52485","TIPO_ADSL":"ADSL_M","DESCRIZIONE_TIPO_ADSL":"ADSL Mini","DISTANZA_CALCOLATA":"1171.35","CLASSE_DISTANZA":"900-1299","POTENZA_SEGNALE":"0.64","POPOLAZIONE_SEZIONE": "23"}
			},
		 		{ "type" : "Feature",
				"geometry" : {
					"type" : "Point",
					"coordinates" : [8.09994,44.34519]},
			"properties" : { "ANNO":"2010","ID_SEZIONE":"10537","ISTAT_COMUNE_SEZ":"4175","COMUNE_SEZ":"PRIERO","PROVINCIA":"CN","ID_CENTRALE":"1067","NOME_CENTRALE":"PRIERO","ISTAT_COMUNE_CENTR":"4175","COMUNE_CENTR":"PRIERO","PROVINCIA_CENTR":"CN","INDIRIZZO_CENTRALE":"PIAZZA MUNICIPALE","LATITUDINE_SEZIONE":"44.34519","LONGITUDINE_SEZIONE":"8.09994","POS_X_SEZIONE":"428258.27927","POS_Y_SEZIONE":"4910607.75882","LATITUDINE_CENTRALE":"44.37830","LONGITUDINE_CENTRALE":"8.09438","POS_X_CENTRALE":"427855.41442","POS_Y_CENTRALE":"4914289.52485","TIPO_ADSL":"ADSL_M","DESCRIZIONE_TIPO_ADSL":"ADSL Mini","DISTANZA_CALCOLATA":"3703.74","CLASSE_DISTANZA":"3700-4099","POTENZA_SEGNALE":"0.64","POPOLAZIONE_SEZIONE": "1"}
			},
		 		{ "type" : "Feature",
				"geometry" : {
					"type" : "Point",
					"coordinates" : [8.12852,44.35450]},
			"properties" : { "ANNO":"2010","ID_SEZIONE":"11946","ISTAT_COMUNE_SEZ":"4054","COMUNE_SEZ":"CASTELNUOVO DI CEVA","PROVINCIA":"CN","ID_CENTRALE":"1067","NOME_CENTRALE":"PRIERO","ISTAT_COMUNE_CENTR":"4175","COMUNE_CENTR":"PRIERO","PROVINCIA_CENTR":"CN","INDIRIZZO_CENTRALE":"PIAZZA MUNICIPALE","LATITUDINE_SEZIONE":"44.35450","LONGITUDINE_SEZIONE":"8.12852","POS_X_SEZIONE":"430547.31402","POS_Y_SEZIONE":"4911617.27792","LATITUDINE_CENTRALE":"44.37830","LONGITUDINE_CENTRALE":"8.09438","POS_X_CENTRALE":"427855.41442","POS_Y_CENTRALE":"4914289.52485","TIPO_ADSL":"ADSL_M","DESCRIZIONE_TIPO_ADSL":"ADSL Mini","DISTANZA_CALCOLATA":"3793.05","CLASSE_DISTANZA":"3700-4099","POTENZA_SEGNALE":"0.64","POPOLAZIONE_SEZIONE": "106"}
			},
		 		{ "type" : "Feature",
				"geometry" : {
					"type" : "Point",
					"coordinates" : [8.13097,44.35762]},
			"properties" : { "ANNO":"2010","ID_SEZIONE":"12811","ISTAT_COMUNE_SEZ":"4054","COMUNE_SEZ":"CASTELNUOVO DI CEVA","PROVINCIA":"CN","ID_CENTRALE":"1067","NOME_CENTRALE":"PRIERO","ISTAT_COMUNE_CENTR":"4175","COMUNE_CENTR":"PRIERO","PROVINCIA_CENTR":"CN","INDIRIZZO_CENTRALE":"PIAZZA MUNICIPALE","LATITUDINE_SEZIONE":"44.35762","LONGITUDINE_SEZIONE":"8.13097","POS_X_SEZIONE":"430745.70993","POS_Y_SEZIONE":"4911961.28151","LATITUDINE_CENTRALE":"44.37830","LONGITUDINE_CENTRALE":"8.09438","POS_X_CENTRALE":"427855.41442","POS_Y_CENTRALE":"4914289.52485","TIPO_ADSL":"ADSL_M","DESCRIZIONE_TIPO_ADSL":"ADSL Mini","DISTANZA_CALCOLATA":"3711.4","CLASSE_DISTANZA":"3700-4099","POTENZA_SEGNALE":"0.64","POPOLAZIONE_SEZIONE": "8"}
			},
		 		{ "type" : "Feature",
				"geometry" : {
					"type" : "Point",
					"coordinates" : [8.10834,44.37515]},
			"properties" : { "ANNO":"2010","ID_SEZIONE":"13088","ISTAT_COMUNE_SEZ":"4175","COMUNE_SEZ":"PRIERO","PROVINCIA":"CN","ID_CENTRALE":"1067","NOME_CENTRALE":"PRIERO","ISTAT_COMUNE_CENTR":"4175","COMUNE_CENTR":"PRIERO","PROVINCIA_CENTR":"CN","INDIRIZZO_CENTRALE":"PIAZZA MUNICIPALE","LATITUDINE_SEZIONE":"44.37515","LONGITUDINE_SEZIONE":"8.10834","POS_X_SEZIONE":"428963.77226","POS_Y_SEZIONE":"4913927.29495","LATITUDINE_CENTRALE":"44.37830","LONGITUDINE_CENTRALE":"8.09438","POS_X_CENTRALE":"427855.41442","POS_Y_CENTRALE":"4914289.52485","TIPO_ADSL":"ADSL_M","DESCRIZIONE_TIPO_ADSL":"ADSL Mini","DISTANZA_CALCOLATA":"1166.05","CLASSE_DISTANZA":"900-1299","POTENZA_SEGNALE":"0.64","POPOLAZIONE_SEZIONE": "8"}
			},
		 		{ "type" : "Feature",
				"geometry" : {
					"type" : "Point",
					"coordinates" : [8.08445,44.37079]},
			"properties" : { "ANNO":"2010","ID_SEZIONE":"22773","ISTAT_COMUNE_SEZ":"4175","COMUNE_SEZ":"PRIERO","PROVINCIA":"CN","ID_CENTRALE":"1067","NOME_CENTRALE":"PRIERO","ISTAT_COMUNE_CENTR":"4175","COMUNE_CENTR":"PRIERO","PROVINCIA_CENTR":"CN","INDIRIZZO_CENTRALE":"PIAZZA MUNICIPALE","LATITUDINE_SEZIONE":"44.37079","LONGITUDINE_SEZIONE":"8.08445","POS_X_SEZIONE":"427055.19191","POS_Y_SEZIONE":"4913464.78487","LATITUDINE_CENTRALE":"44.37830","LONGITUDINE_CENTRALE":"8.09438","POS_X_CENTRALE":"427855.41442","POS_Y_CENTRALE":"4914289.52485","TIPO_ADSL":"ADSL_M","DESCRIZIONE_TIPO_ADSL":"ADSL Mini","DISTANZA_CALCOLATA":"1149.15","CLASSE_DISTANZA":"900-1299","POTENZA_SEGNALE":"0.64","POPOLAZIONE_SEZIONE": "3"}
			},
		 		{ "type" : "Feature",
				"geometry" : {
					"type" : "Point",
					"coordinates" : [8.08688,44.36381]},
			"properties" : { "ANNO":"2010","ID_SEZIONE":"24266","ISTAT_COMUNE_SEZ":"4175","COMUNE_SEZ":"PRIERO","PROVINCIA":"CN","ID_CENTRALE":"1067","NOME_CENTRALE":"PRIERO","ISTAT_COMUNE_CENTR":"4175","COMUNE_CENTR":"PRIERO","PROVINCIA_CENTR":"CN","INDIRIZZO_CENTRALE":"PIAZZA MUNICIPALE","LATITUDINE_SEZIONE":"44.36381","LONGITUDINE_SEZIONE":"8.08688","POS_X_SEZIONE":"427240.13808","POS_Y_SEZIONE":"4912687.27703","LATITUDINE_CENTRALE":"44.37830","LONGITUDINE_CENTRALE":"8.09438","POS_X_CENTRALE":"427855.41442","POS_Y_CENTRALE":"4914289.52485","TIPO_ADSL":"ADSL_M","DESCRIZIONE_TIPO_ADSL":"ADSL Mini","DISTANZA_CALCOLATA":"1716.32","CLASSE_DISTANZA":"1700-2099","POTENZA_SEGNALE":"0.64","POPOLAZIONE_SEZIONE": "20"}
			},
		 		{ "type" : "Feature",
				"geometry" : {
					"type" : "Point",
					"coordinates" : [8.08488,44.35858]},
			"properties" : { "ANNO":"2010","ID_SEZIONE":"24881","ISTAT_COMUNE_SEZ":"4175","COMUNE_SEZ":"PRIERO","PROVINCIA":"CN","ID_CENTRALE":"1067","NOME_CENTRALE":"PRIERO","ISTAT_COMUNE_CENTR":"4175","COMUNE_CENTR":"PRIERO","PROVINCIA_CENTR":"CN","INDIRIZZO_CENTRALE":"PIAZZA MUNICIPALE","LATITUDINE_SEZIONE":"44.35858","LONGITUDINE_SEZIONE":"8.08488","POS_X_SEZIONE":"427074.55779","POS_Y_SEZIONE":"4912107.76983","LATITUDINE_CENTRALE":"44.37830","LONGITUDINE_CENTRALE":"8.09438","POS_X_CENTRALE":"427855.41442","POS_Y_CENTRALE":"4914289.52485","TIPO_ADSL":"ADSL_M","DESCRIZIONE_TIPO_ADSL":"ADSL Mini","DISTANZA_CALCOLATA":"2317.28","CLASSE_DISTANZA":"2100-2499","POTENZA_SEGNALE":"0.64","POPOLAZIONE_SEZIONE": ""}
			},
		 		{ "type" : "Feature",
				"geometry" : {
					"type" : "Point",
					"coordinates" : [8.10105,44.35826]},
			"properties" : { "ANNO":"2010","ID_SEZIONE":"25190","ISTAT_COMUNE_SEZ":"4175","COMUNE_SEZ":"PRIERO","PROVINCIA":"CN","ID_CENTRALE":"1067","NOME_CENTRALE":"PRIERO","ISTAT_COMUNE_CENTR":"4175","COMUNE_CENTR":"PRIERO","PROVINCIA_CENTR":"CN","INDIRIZZO_CENTRALE":"PIAZZA MUNICIPALE","LATITUDINE_SEZIONE":"44.35826","LONGITUDINE_SEZIONE":"8.10105","POS_X_SEZIONE":"428362.69092","POS_Y_SEZIONE":"4912058.27427","LATITUDINE_CENTRALE":"44.37830","LONGITUDINE_CENTRALE":"8.09438","POS_X_CENTRALE":"427855.41442","POS_Y_CENTRALE":"4914289.52485","TIPO_ADSL":"ADSL_M","DESCRIZIONE_TIPO_ADSL":"ADSL Mini","DISTANZA_CALCOLATA":"2288.19","CLASSE_DISTANZA":"2100-2499","POTENZA_SEGNALE":"0.64","POPOLAZIONE_SEZIONE": ""}
			},
		 		{ "type" : "Feature",
				"geometry" : {
					"type" : "Point",
					"coordinates" : [8.08714,44.34941]},
			"properties" : { "ANNO":"2010","ID_SEZIONE":"28480","ISTAT_COMUNE_SEZ":"4175","COMUNE_SEZ":"PRIERO","PROVINCIA":"CN","ID_CENTRALE":"1067","NOME_CENTRALE":"PRIERO","ISTAT_COMUNE_CENTR":"4175","COMUNE_CENTR":"PRIERO","PROVINCIA_CENTR":"CN","INDIRIZZO_CENTRALE":"PIAZZA MUNICIPALE","LATITUDINE_SEZIONE":"44.34941","LONGITUDINE_SEZIONE":"8.08714","POS_X_SEZIONE":"427242.94640","POS_Y_SEZIONE":"4911087.25962","LATITUDINE_CENTRALE":"44.37830","LONGITUDINE_CENTRALE":"8.09438","POS_X_CENTRALE":"427855.41442","POS_Y_CENTRALE":"4914289.52485","TIPO_ADSL":"ADSL_M","DESCRIZIONE_TIPO_ADSL":"ADSL Mini","DISTANZA_CALCOLATA":"3260.31","CLASSE_DISTANZA":"2900-3299","POTENZA_SEGNALE":"0.64","POPOLAZIONE_SEZIONE": ""}
			},
		 		{ "type" : "Feature",
				"geometry" : {
					"type" : "Point",
					"coordinates" : [8.09404,44.37597]},
			"properties" : { "ANNO":"2010","ID_SEZIONE":"29731","ISTAT_COMUNE_SEZ":"4175","COMUNE_SEZ":"PRIERO","PROVINCIA":"CN","ID_CENTRALE":"1067","NOME_CENTRALE":"PRIERO","ISTAT_COMUNE_CENTR":"4175","COMUNE_CENTR":"PRIERO","PROVINCIA_CENTR":"CN","INDIRIZZO_CENTRALE":"PIAZZA MUNICIPALE","LATITUDINE_SEZIONE":"44.37597","LONGITUDINE_SEZIONE":"8.09404","POS_X_SEZIONE":"427825.82359","POS_Y_SEZIONE":"4914031.29290","LATITUDINE_CENTRALE":"44.37830","LONGITUDINE_CENTRALE":"8.09438","POS_X_CENTRALE":"427855.41442","POS_Y_CENTRALE":"4914289.52485","TIPO_ADSL":"ADSL_M","DESCRIZIONE_TIPO_ADSL":"ADSL Mini","DISTANZA_CALCOLATA":"259.92","CLASSE_DISTANZA":"100-499","POTENZA_SEGNALE":"0.64","POPOLAZIONE_SEZIONE": "331"}
			},
		 		{ "type" : "Feature",
				"geometry" : {
					"type" : "Point",
					"coordinates" : [8.11359,44.34564]},
			"properties" : { "ANNO":"2010","ID_SEZIONE":"30571","ISTAT_COMUNE_SEZ":"4175","COMUNE_SEZ":"PRIERO","PROVINCIA":"CN","ID_CENTRALE":"1067","NOME_CENTRALE":"PRIERO","ISTAT_COMUNE_CENTR":"4175","COMUNE_CENTR":"PRIERO","PROVINCIA_CENTR":"CN","INDIRIZZO_CENTRALE":"PIAZZA MUNICIPALE","LATITUDINE_SEZIONE":"44.34564","LONGITUDINE_SEZIONE":"8.11359","POS_X_SEZIONE":"429346.41597","POS_Y_SEZIONE":"4910645.76355","LATITUDINE_CENTRALE":"44.37830","LONGITUDINE_CENTRALE":"8.09438","POS_X_CENTRALE":"427855.41442","POS_Y_CENTRALE":"4914289.52485","TIPO_ADSL":"ADSL_M","DESCRIZIONE_TIPO_ADSL":"ADSL Mini","DISTANZA_CALCOLATA":"3937.01","CLASSE_DISTANZA":"3700-4099","POTENZA_SEGNALE":"0.64","POPOLAZIONE_SEZIONE": "1"}
			},
		 		{ "type" : "Feature",
				"geometry" : {
					"type" : "Point",
					"coordinates" : [8.11658,44.36094]},
			"properties" : { "ANNO":"2010","ID_SEZIONE":"32660","ISTAT_COMUNE_SEZ":"4175","COMUNE_SEZ":"PRIERO","PROVINCIA":"CN","ID_CENTRALE":"1067","NOME_CENTRALE":"PRIERO","ISTAT_COMUNE_CENTR":"4175","COMUNE_CENTR":"PRIERO","PROVINCIA_CENTR":"CN","INDIRIZZO_CENTRALE":"PIAZZA MUNICIPALE","LATITUDINE_SEZIONE":"44.36094","LONGITUDINE_SEZIONE":"8.11658","POS_X_SEZIONE":"429603.22493","POS_Y_SEZIONE":"4912342.28119","LATITUDINE_CENTRALE":"44.37830","LONGITUDINE_CENTRALE":"8.09438","POS_X_CENTRALE":"427855.41442","POS_Y_CENTRALE":"4914289.52485","TIPO_ADSL":"ADSL_M","DESCRIZIONE_TIPO_ADSL":"ADSL Mini","DISTANZA_CALCOLATA":"2616.6","CLASSE_DISTANZA":"2500-2899","POTENZA_SEGNALE":"0.64","POPOLAZIONE_SEZIONE": "1"}
			}
		 		]
	}
		