 	{ "type" : "FeatureCollection",
		"features" : [
		 		{ "type" : "Feature",
				"geometry" : {
					"type" : "Point",
					"coordinates" : [7.90032,44.53141]},
			"properties" : { "ANNO":"2010","ID_SEZIONE":"329","ISTAT_COMUNE_SEZ":"4169","COMUNE_SEZ":"PIOZZO","PROVINCIA":"CN","ID_CENTRALE":"1003","NOME_CENTRALE":"PIOZZO","ISTAT_COMUNE_CENTR":"4169","COMUNE_CENTR":"PIOZZO","PROVINCIA_CENTR":"CN","INDIRIZZO_CENTRALE":"LAZZANIO N.26","LATITUDINE_SEZIONE":"44.53141","LONGITUDINE_SEZIONE":"7.90032","POS_X_SEZIONE":"412624.99055","POS_Y_SEZIONE":"4931486.10098","LATITUDINE_CENTRALE":"44.51646","LONGITUDINE_CENTRALE":"7.89299","POS_X_CENTRALE":"412019.84063","POS_Y_CENTRALE":"4929833.13000","TIPO_ADSL":"ADSL_M","DESCRIZIONE_TIPO_ADSL":"ADSL Mini","DISTANZA_CALCOLATA":"1760.26","CLASSE_DISTANZA":"1700-2099","POTENZA_SEGNALE":"0.64","POPOLAZIONE_SEZIONE": "14"}
			},
		 		{ "type" : "Feature",
				"geometry" : {
					"type" : "Point",
					"coordinates" : [7.87231,44.50137]},
			"properties" : { "ANNO":"2010","ID_SEZIONE":"1230","ISTAT_COMUNE_SEZ":"4169","COMUNE_SEZ":"PIOZZO","PROVINCIA":"CN","ID_CENTRALE":"1003","NOME_CENTRALE":"PIOZZO","ISTAT_COMUNE_CENTR":"4169","COMUNE_CENTR":"PIOZZO","PROVINCIA_CENTR":"CN","INDIRIZZO_CENTRALE":"LAZZANIO N.26","LATITUDINE_SEZIONE":"44.50137","LONGITUDINE_SEZIONE":"7.87231","POS_X_SEZIONE":"410353.49538","POS_Y_SEZIONE":"4928179.51896","LATITUDINE_CENTRALE":"44.51646","LONGITUDINE_CENTRALE":"7.89299","POS_X_CENTRALE":"412019.84063","POS_Y_CENTRALE":"4929833.13000","TIPO_ADSL":"ADSL_M","DESCRIZIONE_TIPO_ADSL":"ADSL Mini","DISTANZA_CALCOLATA":"2347.58","CLASSE_DISTANZA":"2100-2499","POTENZA_SEGNALE":"0.64","POPOLAZIONE_SEZIONE": "19"}
			},
		 		{ "type" : "Feature",
				"geometry" : {
					"type" : "Point",
					"coordinates" : [7.87836,44.51178]},
			"properties" : { "ANNO":"2010","ID_SEZIONE":"1600","ISTAT_COMUNE_SEZ":"4169","COMUNE_SEZ":"PIOZZO","PROVINCIA":"CN","ID_CENTRALE":"1003","NOME_CENTRALE":"PIOZZO","ISTAT_COMUNE_CENTR":"4169","COMUNE_CENTR":"PIOZZO","PROVINCIA_CENTR":"CN","INDIRIZZO_CENTRALE":"LAZZANIO N.26","LATITUDINE_SEZIONE":"44.51178","LONGITUDINE_SEZIONE":"7.87836","POS_X_SEZIONE":"410849.90754","POS_Y_SEZIONE":"4929329.54264","LATITUDINE_CENTRALE":"44.51646","LONGITUDINE_CENTRALE":"7.89299","POS_X_CENTRALE":"412019.84063","POS_Y_CENTRALE":"4929833.13000","TIPO_ADSL":"ADSL_M","DESCRIZIONE_TIPO_ADSL":"ADSL Mini","DISTANZA_CALCOLATA":"1273.71","CLASSE_DISTANZA":"900-1299","POTENZA_SEGNALE":"0.64","POPOLAZIONE_SEZIONE": "33"}
			},
		 		{ "type" : "Feature",
				"geometry" : {
					"type" : "Point",
					"coordinates" : [7.87250,44.50803]},
			"properties" : { "ANNO":"2010","ID_SEZIONE":"3254","ISTAT_COMUNE_SEZ":"4169","COMUNE_SEZ":"PIOZZO","PROVINCIA":"CN","ID_CENTRALE":"1003","NOME_CENTRALE":"PIOZZO","ISTAT_COMUNE_CENTR":"4169","COMUNE_CENTR":"PIOZZO","PROVINCIA_CENTR":"CN","INDIRIZZO_CENTRALE":"LAZZANIO N.26","LATITUDINE_SEZIONE":"44.50803","LONGITUDINE_SEZIONE":"7.87250","POS_X_SEZIONE":"410378.44668","POS_Y_SEZIONE":"4928919.02667","LATITUDINE_CENTRALE":"44.51646","LONGITUDINE_CENTRALE":"7.89299","POS_X_CENTRALE":"412019.84063","POS_Y_CENTRALE":"4929833.13000","TIPO_ADSL":"ADSL_M","DESCRIZIONE_TIPO_ADSL":"ADSL Mini","DISTANZA_CALCOLATA":"1878.77","CLASSE_DISTANZA":"1700-2099","POTENZA_SEGNALE":"0.64","POPOLAZIONE_SEZIONE": "5"}
			},
		 		{ "type" : "Feature",
				"geometry" : {
					"type" : "Point",
					"coordinates" : [7.89185,44.51412]},
			"properties" : { "ANNO":"2010","ID_SEZIONE":"7762","ISTAT_COMUNE_SEZ":"4169","COMUNE_SEZ":"PIOZZO","PROVINCIA":"CN","ID_CENTRALE":"1003","NOME_CENTRALE":"PIOZZO","ISTAT_COMUNE_CENTR":"4169","COMUNE_CENTR":"PIOZZO","PROVINCIA_CENTR":"CN","INDIRIZZO_CENTRALE":"LAZZANIO N.26","LATITUDINE_SEZIONE":"44.51412","LONGITUDINE_SEZIONE":"7.89185","POS_X_SEZIONE":"411925.65794","POS_Y_SEZIONE":"4929575.07173","LATITUDINE_CENTRALE":"44.51646","LONGITUDINE_CENTRALE":"7.89299","POS_X_CENTRALE":"412019.84063","POS_Y_CENTRALE":"4929833.13000","TIPO_ADSL":"ADSL_M","DESCRIZIONE_TIPO_ADSL":"ADSL Mini","DISTANZA_CALCOLATA":"274.71","CLASSE_DISTANZA":"100-499","POTENZA_SEGNALE":"0.64","POPOLAZIONE_SEZIONE": "456"}
			},
		 		{ "type" : "Feature",
				"geometry" : {
					"type" : "Point",
					"coordinates" : [7.88841,44.51770]},
			"properties" : { "ANNO":"2010","ID_SEZIONE":"8372","ISTAT_COMUNE_SEZ":"4169","COMUNE_SEZ":"PIOZZO","PROVINCIA":"CN","ID_CENTRALE":"1003","NOME_CENTRALE":"PIOZZO","ISTAT_COMUNE_CENTR":"4169","COMUNE_CENTR":"PIOZZO","PROVINCIA_CENTR":"CN","INDIRIZZO_CENTRALE":"LAZZANIO N.26","LATITUDINE_SEZIONE":"44.51770","LONGITUDINE_SEZIONE":"7.88841","POS_X_SEZIONE":"411657.58447","POS_Y_SEZIONE":"4929976.56831","LATITUDINE_CENTRALE":"44.51646","LONGITUDINE_CENTRALE":"7.89299","POS_X_CENTRALE":"412019.84063","POS_Y_CENTRALE":"4929833.13000","TIPO_ADSL":"ADSL_M","DESCRIZIONE_TIPO_ADSL":"ADSL Mini","DISTANZA_CALCOLATA":"389.62","CLASSE_DISTANZA":"100-499","POTENZA_SEGNALE":"0.64","POPOLAZIONE_SEZIONE": "36"}
			},
		 		{ "type" : "Feature",
				"geometry" : {
					"type" : "Point",
					"coordinates" : [7.85965,44.50739]},
			"properties" : { "ANNO":"2010","ID_SEZIONE":"16615","ISTAT_COMUNE_SEZ":"4169","COMUNE_SEZ":"PIOZZO","PROVINCIA":"CN","ID_CENTRALE":"1003","NOME_CENTRALE":"PIOZZO","ISTAT_COMUNE_CENTR":"4169","COMUNE_CENTR":"PIOZZO","PROVINCIA_CENTR":"CN","INDIRIZZO_CENTRALE":"LAZZANIO N.26","LATITUDINE_SEZIONE":"44.50739","LONGITUDINE_SEZIONE":"7.85965","POS_X_SEZIONE":"409356.34773","POS_Y_SEZIONE":"4928861.99909","LATITUDINE_CENTRALE":"44.51646","LONGITUDINE_CENTRALE":"7.89299","POS_X_CENTRALE":"412019.84063","POS_Y_CENTRALE":"4929833.13000","TIPO_ADSL":"ADSL_M","DESCRIZIONE_TIPO_ADSL":"ADSL Mini","DISTANZA_CALCOLATA":"2835.01","CLASSE_DISTANZA":"2500-2899","POTENZA_SEGNALE":"0.64","POPOLAZIONE_SEZIONE": "2"}
			},
		 		{ "type" : "Feature",
				"geometry" : {
					"type" : "Point",
					"coordinates" : [7.87357,44.51170]},
			"properties" : { "ANNO":"2010","ID_SEZIONE":"19525","ISTAT_COMUNE_SEZ":"4169","COMUNE_SEZ":"PIOZZO","PROVINCIA":"CN","ID_CENTRALE":"1003","NOME_CENTRALE":"PIOZZO","ISTAT_COMUNE_CENTR":"4169","COMUNE_CENTR":"PIOZZO","PROVINCIA_CENTR":"CN","INDIRIZZO_CENTRALE":"LAZZANIO N.26","LATITUDINE_SEZIONE":"44.51170","LONGITUDINE_SEZIONE":"7.87357","POS_X_SEZIONE":"410468.84335","POS_Y_SEZIONE":"4929325.53317","LATITUDINE_CENTRALE":"44.51646","LONGITUDINE_CENTRALE":"7.89299","POS_X_CENTRALE":"412019.84063","POS_Y_CENTRALE":"4929833.13000","TIPO_ADSL":"ADSL_M","DESCRIZIONE_TIPO_ADSL":"ADSL Mini","DISTANZA_CALCOLATA":"1631.95","CLASSE_DISTANZA":"1300-1699","POTENZA_SEGNALE":"0.64","POPOLAZIONE_SEZIONE": "72"}
			},
		 		{ "type" : "Feature",
				"geometry" : {
					"type" : "Point",
					"coordinates" : [7.88750,44.51298]},
			"properties" : { "ANNO":"2010","ID_SEZIONE":"19527","ISTAT_COMUNE_SEZ":"4169","COMUNE_SEZ":"PIOZZO","PROVINCIA":"CN","ID_CENTRALE":"1003","NOME_CENTRALE":"PIOZZO","ISTAT_COMUNE_CENTR":"4169","COMUNE_CENTR":"PIOZZO","PROVINCIA_CENTR":"CN","INDIRIZZO_CENTRALE":"LAZZANIO N.26","LATITUDINE_SEZIONE":"44.51298","LONGITUDINE_SEZIONE":"7.88750","POS_X_SEZIONE":"411578.59669","POS_Y_SEZIONE":"4929452.56242","LATITUDINE_CENTRALE":"44.51646","LONGITUDINE_CENTRALE":"7.89299","POS_X_CENTRALE":"412019.84063","POS_Y_CENTRALE":"4929833.13000","TIPO_ADSL":"ADSL_M","DESCRIZIONE_TIPO_ADSL":"ADSL Mini","DISTANZA_CALCOLATA":"582.69","CLASSE_DISTANZA":"500-899","POTENZA_SEGNALE":"0.64","POPOLAZIONE_SEZIONE": "25"}
			},
		 		{ "type" : "Feature",
				"geometry" : {
					"type" : "Point",
					"coordinates" : [7.88472,44.50727]},
			"properties" : { "ANNO":"2010","ID_SEZIONE":"21342","ISTAT_COMUNE_SEZ":"4169","COMUNE_SEZ":"PIOZZO","PROVINCIA":"CN","ID_CENTRALE":"1003","NOME_CENTRALE":"PIOZZO","ISTAT_COMUNE_CENTR":"4169","COMUNE_CENTR":"PIOZZO","PROVINCIA_CENTR":"CN","INDIRIZZO_CENTRALE":"LAZZANIO N.26","LATITUDINE_SEZIONE":"44.50727","LONGITUDINE_SEZIONE":"7.88472","POS_X_SEZIONE":"411348.42300","POS_Y_SEZIONE":"4928821.55109","LATITUDINE_CENTRALE":"44.51646","LONGITUDINE_CENTRALE":"7.89299","POS_X_CENTRALE":"412019.84063","POS_Y_CENTRALE":"4929833.13000","TIPO_ADSL":"ADSL_M","DESCRIZIONE_TIPO_ADSL":"ADSL Mini","DISTANZA_CALCOLATA":"1214.12","CLASSE_DISTANZA":"900-1299","POTENZA_SEGNALE":"0.64","POPOLAZIONE_SEZIONE": "33"}
			},
		 		{ "type" : "Feature",
				"geometry" : {
					"type" : "Point",
					"coordinates" : [7.88315,44.52196]},
			"properties" : { "ANNO":"2010","ID_SEZIONE":"22153","ISTAT_COMUNE_SEZ":"4169","COMUNE_SEZ":"PIOZZO","PROVINCIA":"CN","ID_CENTRALE":"1003","NOME_CENTRALE":"PIOZZO","ISTAT_COMUNE_CENTR":"4169","COMUNE_CENTR":"PIOZZO","PROVINCIA_CENTR":"CN","INDIRIZZO_CENTRALE":"LAZZANIO N.26","LATITUDINE_SEZIONE":"44.52196","LONGITUDINE_SEZIONE":"7.88315","POS_X_SEZIONE":"411246.38293","POS_Y_SEZIONE":"4930454.56229","LATITUDINE_CENTRALE":"44.51646","LONGITUDINE_CENTRALE":"7.89299","POS_X_CENTRALE":"412019.84063","POS_Y_CENTRALE":"4929833.13000","TIPO_ADSL":"ADSL_M","DESCRIZIONE_TIPO_ADSL":"ADSL Mini","DISTANZA_CALCOLATA":"992.18","CLASSE_DISTANZA":"900-1299","POTENZA_SEGNALE":"0.64","POPOLAZIONE_SEZIONE": "87"}
			},
		 		{ "type" : "Feature",
				"geometry" : {
					"type" : "Point",
					"coordinates" : [7.86951,44.50787]},
			"properties" : { "ANNO":"2010","ID_SEZIONE":"22935","ISTAT_COMUNE_SEZ":"4169","COMUNE_SEZ":"PIOZZO","PROVINCIA":"CN","ID_CENTRALE":"1003","NOME_CENTRALE":"PIOZZO","ISTAT_COMUNE_CENTR":"4169","COMUNE_CENTR":"PIOZZO","PROVINCIA_CENTR":"CN","INDIRIZZO_CENTRALE":"LAZZANIO N.26","LATITUDINE_SEZIONE":"44.50787","LONGITUDINE_SEZIONE":"7.86951","POS_X_SEZIONE":"410140.50747","POS_Y_SEZIONE":"4928904.52018","LATITUDINE_CENTRALE":"44.51646","LONGITUDINE_CENTRALE":"7.89299","POS_X_CENTRALE":"412019.84063","POS_Y_CENTRALE":"4929833.13000","TIPO_ADSL":"ADSL_M","DESCRIZIONE_TIPO_ADSL":"ADSL Mini","DISTANZA_CALCOLATA":"2096.24","CLASSE_DISTANZA":"1700-2099","POTENZA_SEGNALE":"0.64","POPOLAZIONE_SEZIONE": "17"}
			},
		 		{ "type" : "Feature",
				"geometry" : {
					"type" : "Point",
					"coordinates" : [7.89730,44.53243]},
			"properties" : { "ANNO":"2010","ID_SEZIONE":"26678","ISTAT_COMUNE_SEZ":"4169","COMUNE_SEZ":"PIOZZO","PROVINCIA":"CN","ID_CENTRALE":"1003","NOME_CENTRALE":"PIOZZO","ISTAT_COMUNE_CENTR":"4169","COMUNE_CENTR":"PIOZZO","PROVINCIA_CENTR":"CN","INDIRIZZO_CENTRALE":"LAZZANIO N.26","LATITUDINE_SEZIONE":"44.53243","LONGITUDINE_SEZIONE":"7.89730","POS_X_SEZIONE":"412386.45538","POS_Y_SEZIONE":"4931602.59634","LATITUDINE_CENTRALE":"44.51646","LONGITUDINE_CENTRALE":"7.89299","POS_X_CENTRALE":"412019.84063","POS_Y_CENTRALE":"4929833.13000","TIPO_ADSL":"ADSL_M","DESCRIZIONE_TIPO_ADSL":"ADSL Mini","DISTANZA_CALCOLATA":"1807.05","CLASSE_DISTANZA":"1700-2099","POTENZA_SEGNALE":"0.64","POPOLAZIONE_SEZIONE": "24"}
			},
		 		{ "type" : "Feature",
				"geometry" : {
					"type" : "Point",
					"coordinates" : [7.89931,44.52092]},
			"properties" : { "ANNO":"2010","ID_SEZIONE":"29487","ISTAT_COMUNE_SEZ":"4169","COMUNE_SEZ":"PIOZZO","PROVINCIA":"CN","ID_CENTRALE":"1003","NOME_CENTRALE":"PIOZZO","ISTAT_COMUNE_CENTR":"4169","COMUNE_CENTR":"PIOZZO","PROVINCIA_CENTR":"CN","INDIRIZZO_CENTRALE":"LAZZANIO N.26","LATITUDINE_SEZIONE":"44.52092","LONGITUDINE_SEZIONE":"7.89931","POS_X_SEZIONE":"412528.51849","POS_Y_SEZIONE":"4930321.59180","LATITUDINE_CENTRALE":"44.51646","LONGITUDINE_CENTRALE":"7.89299","POS_X_CENTRALE":"412019.84063","POS_Y_CENTRALE":"4929833.13000","TIPO_ADSL":"ADSL_M","DESCRIZIONE_TIPO_ADSL":"ADSL Mini","DISTANZA_CALCOLATA":"705.23","CLASSE_DISTANZA":"500-899","POTENZA_SEGNALE":"0.64","POPOLAZIONE_SEZIONE": "23"}
			},
		 		{ "type" : "Feature",
				"geometry" : {
					"type" : "Point",
					"coordinates" : [7.88375,44.49703]},
			"properties" : { "ANNO":"2010","ID_SEZIONE":"30534","ISTAT_COMUNE_SEZ":"4169","COMUNE_SEZ":"PIOZZO","PROVINCIA":"CN","ID_CENTRALE":"1003","NOME_CENTRALE":"PIOZZO","ISTAT_COMUNE_CENTR":"4169","COMUNE_CENTR":"PIOZZO","PROVINCIA_CENTR":"CN","INDIRIZZO_CENTRALE":"LAZZANIO N.26","LATITUDINE_SEZIONE":"44.49703","LONGITUDINE_SEZIONE":"7.88375","POS_X_SEZIONE":"411255.66600","POS_Y_SEZIONE":"4927685.53726","LATITUDINE_CENTRALE":"44.51646","LONGITUDINE_CENTRALE":"7.89299","POS_X_CENTRALE":"412019.84063","POS_Y_CENTRALE":"4929833.13000","TIPO_ADSL":"ADSL_M","DESCRIZIONE_TIPO_ADSL":"ADSL Mini","DISTANZA_CALCOLATA":"2279.5","CLASSE_DISTANZA":"2100-2499","POTENZA_SEGNALE":"0.64","POPOLAZIONE_SEZIONE": "50"}
			},
		 		{ "type" : "Feature",
				"geometry" : {
					"type" : "Point",
					"coordinates" : [7.86720,44.51885]},
			"properties" : { "ANNO":"2010","ID_SEZIONE":"31740","ISTAT_COMUNE_SEZ":"4169","COMUNE_SEZ":"PIOZZO","PROVINCIA":"CN","ID_CENTRALE":"1003","NOME_CENTRALE":"PIOZZO","ISTAT_COMUNE_CENTR":"4169","COMUNE_CENTR":"PIOZZO","PROVINCIA_CENTR":"CN","INDIRIZZO_CENTRALE":"LAZZANIO N.26","LATITUDINE_SEZIONE":"44.51885","LONGITUDINE_SEZIONE":"7.86720","POS_X_SEZIONE":"409973.75829","POS_Y_SEZIONE":"4930127.02872","LATITUDINE_CENTRALE":"44.51646","LONGITUDINE_CENTRALE":"7.89299","POS_X_CENTRALE":"412019.84063","POS_Y_CENTRALE":"4929833.13000","TIPO_ADSL":"ADSL_M","DESCRIZIONE_TIPO_ADSL":"ADSL Mini","DISTANZA_CALCOLATA":"2067.08","CLASSE_DISTANZA":"1700-2099","POTENZA_SEGNALE":"0.64","POPOLAZIONE_SEZIONE": "67"}
			}
		 		]
	}
		