 	{ "type" : "FeatureCollection",
		"features" : [
		 		{ "type" : "Feature",
				"geometry" : {
					"type" : "Point",
					"coordinates" : [8.35504,44.98039]},
			"properties" : { "ANNO":"2010","ID_SEZIONE":"2241","ISTAT_COMUNE_SEZ":"5115","COMUNE_SEZ":"VIARIGI","PROVINCIA":"AT","ID_CENTRALE":"1604","NOME_CENTRALE":"VIARIGI","ISTAT_COMUNE_CENTR":"5115","COMUNE_CENTR":"VIARIGI","PROVINCIA_CENTR":"AT","INDIRIZZO_CENTRALE":"XX SETTEMBRE 10","LATITUDINE_SEZIONE":"44.98039","LONGITUDINE_SEZIONE":"8.35504","POS_X_SEZIONE":"449149.99487","POS_Y_SEZIONE":"4980974.26640","LATITUDINE_CENTRALE":"44.97425","LONGITUDINE_CENTRALE":"8.36186","POS_X_CENTRALE":"449682.20338","POS_Y_CENTRALE":"4980288.07367","TIPO_ADSL":"ADSL_M","DESCRIZIONE_TIPO_ADSL":"ADSL Mini","DISTANZA_CALCOLATA":"868.39","CLASSE_DISTANZA":"500-899","POTENZA_SEGNALE":"0.64","POPOLAZIONE_SEZIONE": "289"}
			},
		 		{ "type" : "Feature",
				"geometry" : {
					"type" : "Point",
					"coordinates" : [8.37299,44.95235]},
			"properties" : { "ANNO":"2010","ID_SEZIONE":"3987","ISTAT_COMUNE_SEZ":"5115","COMUNE_SEZ":"VIARIGI","PROVINCIA":"AT","ID_CENTRALE":"1604","NOME_CENTRALE":"VIARIGI","ISTAT_COMUNE_CENTR":"5115","COMUNE_CENTR":"VIARIGI","PROVINCIA_CENTR":"AT","INDIRIZZO_CENTRALE":"XX SETTEMBRE 10","LATITUDINE_SEZIONE":"44.95235","LONGITUDINE_SEZIONE":"8.37299","POS_X_SEZIONE":"450541.29548","POS_Y_SEZIONE":"4977847.72560","LATITUDINE_CENTRALE":"44.97425","LONGITUDINE_CENTRALE":"8.36186","POS_X_CENTRALE":"449682.20338","POS_Y_CENTRALE":"4980288.07367","TIPO_ADSL":"ADSL_M","DESCRIZIONE_TIPO_ADSL":"ADSL Mini","DISTANZA_CALCOLATA":"2587.15","CLASSE_DISTANZA":"2500-2899","POTENZA_SEGNALE":"0.64","POPOLAZIONE_SEZIONE": ""}
			},
		 		{ "type" : "Feature",
				"geometry" : {
					"type" : "Point",
					"coordinates" : [8.37794,44.93342]},
			"properties" : { "ANNO":"2010","ID_SEZIONE":"5740","ISTAT_COMUNE_SEZ":"5115","COMUNE_SEZ":"VIARIGI","PROVINCIA":"AT","ID_CENTRALE":"1604","NOME_CENTRALE":"VIARIGI","ISTAT_COMUNE_CENTR":"5115","COMUNE_CENTR":"VIARIGI","PROVINCIA_CENTR":"AT","INDIRIZZO_CENTRALE":"XX SETTEMBRE 10","LATITUDINE_SEZIONE":"44.93342","LONGITUDINE_SEZIONE":"8.37794","POS_X_SEZIONE":"450915.42924","POS_Y_SEZIONE":"4975742.69289","LATITUDINE_CENTRALE":"44.97425","LONGITUDINE_CENTRALE":"8.36186","POS_X_CENTRALE":"449682.20338","POS_Y_CENTRALE":"4980288.07367","TIPO_ADSL":"ADSL_M","DESCRIZIONE_TIPO_ADSL":"ADSL Mini","DISTANZA_CALCOLATA":"4709.71","CLASSE_DISTANZA":"4500-4899","POTENZA_SEGNALE":"0.00","POPOLAZIONE_SEZIONE": "39"}
			},
		 		{ "type" : "Feature",
				"geometry" : {
					"type" : "Point",
					"coordinates" : [8.35909,44.95643]},
			"properties" : { "ANNO":"2010","ID_SEZIONE":"8737","ISTAT_COMUNE_SEZ":"5115","COMUNE_SEZ":"VIARIGI","PROVINCIA":"AT","ID_CENTRALE":"1604","NOME_CENTRALE":"VIARIGI","ISTAT_COMUNE_CENTR":"5115","COMUNE_CENTR":"VIARIGI","PROVINCIA_CENTR":"AT","INDIRIZZO_CENTRALE":"XX SETTEMBRE 10","LATITUDINE_SEZIONE":"44.95643","LONGITUDINE_SEZIONE":"8.35909","POS_X_SEZIONE":"449448.00498","POS_Y_SEZIONE":"4978310.22544","LATITUDINE_CENTRALE":"44.97425","LONGITUDINE_CENTRALE":"8.36186","POS_X_CENTRALE":"449682.20338","POS_Y_CENTRALE":"4980288.07367","TIPO_ADSL":"ADSL_M","DESCRIZIONE_TIPO_ADSL":"ADSL Mini","DISTANZA_CALCOLATA":"1991.67","CLASSE_DISTANZA":"1700-2099","POTENZA_SEGNALE":"0.64","POPOLAZIONE_SEZIONE": ""}
			},
		 		{ "type" : "Feature",
				"geometry" : {
					"type" : "Point",
					"coordinates" : [8.36414,44.94785]},
			"properties" : { "ANNO":"2010","ID_SEZIONE":"10235","ISTAT_COMUNE_SEZ":"5115","COMUNE_SEZ":"VIARIGI","PROVINCIA":"AT","ID_CENTRALE":"1604","NOME_CENTRALE":"VIARIGI","ISTAT_COMUNE_CENTR":"5115","COMUNE_CENTR":"VIARIGI","PROVINCIA_CENTR":"AT","INDIRIZZO_CENTRALE":"XX SETTEMBRE 10","LATITUDINE_SEZIONE":"44.94785","LONGITUDINE_SEZIONE":"8.36414","POS_X_SEZIONE":"449838.94873","POS_Y_SEZIONE":"4977354.21290","LATITUDINE_CENTRALE":"44.97425","LONGITUDINE_CENTRALE":"8.36186","POS_X_CENTRALE":"449682.20338","POS_Y_CENTRALE":"4980288.07367","TIPO_ADSL":"ADSL_M","DESCRIZIONE_TIPO_ADSL":"ADSL Mini","DISTANZA_CALCOLATA":"2938.04","CLASSE_DISTANZA":"2900-3299","POTENZA_SEGNALE":"0.64","POPOLAZIONE_SEZIONE": "64"}
			},
		 		{ "type" : "Feature",
				"geometry" : {
					"type" : "Point",
					"coordinates" : [8.37116,44.94748]},
			"properties" : { "ANNO":"2010","ID_SEZIONE":"13141","ISTAT_COMUNE_SEZ":"5115","COMUNE_SEZ":"VIARIGI","PROVINCIA":"AT","ID_CENTRALE":"1604","NOME_CENTRALE":"VIARIGI","ISTAT_COMUNE_CENTR":"5115","COMUNE_CENTR":"VIARIGI","PROVINCIA_CENTR":"AT","INDIRIZZO_CENTRALE":"XX SETTEMBRE 10","LATITUDINE_SEZIONE":"44.94748","LONGITUDINE_SEZIONE":"8.37116","POS_X_SEZIONE":"450392.85900","POS_Y_SEZIONE":"4977308.71555","LATITUDINE_CENTRALE":"44.97425","LONGITUDINE_CENTRALE":"8.36186","POS_X_CENTRALE":"449682.20338","POS_Y_CENTRALE":"4980288.07367","TIPO_ADSL":"ADSL_M","DESCRIZIONE_TIPO_ADSL":"ADSL Mini","DISTANZA_CALCOLATA":"3062.94","CLASSE_DISTANZA":"2900-3299","POTENZA_SEGNALE":"0.64","POPOLAZIONE_SEZIONE": "108"}
			},
		 		{ "type" : "Feature",
				"geometry" : {
					"type" : "Point",
					"coordinates" : [8.36646,44.94474]},
			"properties" : { "ANNO":"2010","ID_SEZIONE":"13291","ISTAT_COMUNE_SEZ":"5115","COMUNE_SEZ":"VIARIGI","PROVINCIA":"AT","ID_CENTRALE":"1604","NOME_CENTRALE":"VIARIGI","ISTAT_COMUNE_CENTR":"5115","COMUNE_CENTR":"VIARIGI","PROVINCIA_CENTR":"AT","INDIRIZZO_CENTRALE":"XX SETTEMBRE 10","LATITUDINE_SEZIONE":"44.94474","LONGITUDINE_SEZIONE":"8.36646","POS_X_SEZIONE":"450019.48198","POS_Y_SEZIONE":"4977006.70825","LATITUDINE_CENTRALE":"44.97425","LONGITUDINE_CENTRALE":"8.36186","POS_X_CENTRALE":"449682.20338","POS_Y_CENTRALE":"4980288.07367","TIPO_ADSL":"ADSL_M","DESCRIZIONE_TIPO_ADSL":"ADSL Mini","DISTANZA_CALCOLATA":"3298.65","CLASSE_DISTANZA":"2900-3299","POTENZA_SEGNALE":"0.64","POPOLAZIONE_SEZIONE": "61"}
			},
		 		{ "type" : "Feature",
				"geometry" : {
					"type" : "Point",
					"coordinates" : [8.37893,44.97058]},
			"properties" : { "ANNO":"2010","ID_SEZIONE":"16764","ISTAT_COMUNE_SEZ":"5115","COMUNE_SEZ":"VIARIGI","PROVINCIA":"AT","ID_CENTRALE":"1604","NOME_CENTRALE":"VIARIGI","ISTAT_COMUNE_CENTR":"5115","COMUNE_CENTR":"VIARIGI","PROVINCIA_CENTR":"AT","INDIRIZZO_CENTRALE":"XX SETTEMBRE 10","LATITUDINE_SEZIONE":"44.97058","LONGITUDINE_SEZIONE":"8.37893","POS_X_SEZIONE":"451025.35666","POS_Y_SEZIONE":"4979869.76259","LATITUDINE_CENTRALE":"44.97425","LONGITUDINE_CENTRALE":"8.36186","POS_X_CENTRALE":"449682.20338","POS_Y_CENTRALE":"4980288.07367","TIPO_ADSL":"ADSL_M","DESCRIZIONE_TIPO_ADSL":"ADSL Mini","DISTANZA_CALCOLATA":"1406.79","CLASSE_DISTANZA":"1300-1699","POTENZA_SEGNALE":"0.64","POPOLAZIONE_SEZIONE": ""}
			},
		 		{ "type" : "Feature",
				"geometry" : {
					"type" : "Point",
					"coordinates" : [8.37693,44.93711]},
			"properties" : { "ANNO":"2010","ID_SEZIONE":"16765","ISTAT_COMUNE_SEZ":"5115","COMUNE_SEZ":"VIARIGI","PROVINCIA":"AT","ID_CENTRALE":"1604","NOME_CENTRALE":"VIARIGI","ISTAT_COMUNE_CENTR":"5115","COMUNE_CENTR":"VIARIGI","PROVINCIA_CENTR":"AT","INDIRIZZO_CENTRALE":"XX SETTEMBRE 10","LATITUDINE_SEZIONE":"44.93711","LONGITUDINE_SEZIONE":"8.37693","POS_X_SEZIONE":"450838.55244","POS_Y_SEZIONE":"4976152.69942","LATITUDINE_CENTRALE":"44.97425","LONGITUDINE_CENTRALE":"8.36186","POS_X_CENTRALE":"449682.20338","POS_Y_CENTRALE":"4980288.07367","TIPO_ADSL":"ADSL_M","DESCRIZIONE_TIPO_ADSL":"ADSL Mini","DISTANZA_CALCOLATA":"4294","CLASSE_DISTANZA":"4100-4499","POTENZA_SEGNALE":"0.00","POPOLAZIONE_SEZIONE": "51"}
			},
		 		{ "type" : "Feature",
				"geometry" : {
					"type" : "Point",
					"coordinates" : [8.36271,44.97469]},
			"properties" : { "ANNO":"2010","ID_SEZIONE":"16981","ISTAT_COMUNE_SEZ":"5115","COMUNE_SEZ":"VIARIGI","PROVINCIA":"AT","ID_CENTRALE":"1604","NOME_CENTRALE":"VIARIGI","ISTAT_COMUNE_CENTR":"5115","COMUNE_CENTR":"VIARIGI","PROVINCIA_CENTR":"AT","INDIRIZZO_CENTRALE":"XX SETTEMBRE 10","LATITUDINE_SEZIONE":"44.97469","LONGITUDINE_SEZIONE":"8.36271","POS_X_SEZIONE":"449749.68972","POS_Y_SEZIONE":"4980336.76087","LATITUDINE_CENTRALE":"44.97425","LONGITUDINE_CENTRALE":"8.36186","POS_X_CENTRALE":"449682.20338","POS_Y_CENTRALE":"4980288.07367","TIPO_ADSL":"ADSL_M","DESCRIZIONE_TIPO_ADSL":"ADSL Mini","DISTANZA_CALCOLATA":"83.22","CLASSE_DISTANZA":"0-99","POTENZA_SEGNALE":"0.64","POPOLAZIONE_SEZIONE": "13"}
			},
		 		{ "type" : "Feature",
				"geometry" : {
					"type" : "Point",
					"coordinates" : [8.35066,44.98477]},
			"properties" : { "ANNO":"2010","ID_SEZIONE":"17387","ISTAT_COMUNE_SEZ":"5115","COMUNE_SEZ":"VIARIGI","PROVINCIA":"AT","ID_CENTRALE":"1604","NOME_CENTRALE":"VIARIGI","ISTAT_COMUNE_CENTR":"5115","COMUNE_CENTR":"VIARIGI","PROVINCIA_CENTR":"AT","INDIRIZZO_CENTRALE":"XX SETTEMBRE 10","LATITUDINE_SEZIONE":"44.98477","LONGITUDINE_SEZIONE":"8.35066","POS_X_SEZIONE":"448808.11609","POS_Y_SEZIONE":"4981463.77168","LATITUDINE_CENTRALE":"44.97425","LONGITUDINE_CENTRALE":"8.36186","POS_X_CENTRALE":"449682.20338","POS_Y_CENTRALE":"4980288.07367","TIPO_ADSL":"ADSL_M","DESCRIZIONE_TIPO_ADSL":"ADSL Mini","DISTANZA_CALCOLATA":"1465.02","CLASSE_DISTANZA":"1300-1699","POTENZA_SEGNALE":"0.64","POPOLAZIONE_SEZIONE": "20"}
			},
		 		{ "type" : "Feature",
				"geometry" : {
					"type" : "Point",
					"coordinates" : [8.35398,44.95477]},
			"properties" : { "ANNO":"2010","ID_SEZIONE":"17647","ISTAT_COMUNE_SEZ":"5115","COMUNE_SEZ":"VIARIGI","PROVINCIA":"AT","ID_CENTRALE":"1604","NOME_CENTRALE":"VIARIGI","ISTAT_COMUNE_CENTR":"5115","COMUNE_CENTR":"VIARIGI","PROVINCIA_CENTR":"AT","INDIRIZZO_CENTRALE":"XX SETTEMBRE 10","LATITUDINE_SEZIONE":"44.95477","LONGITUDINE_SEZIONE":"8.35398","POS_X_SEZIONE":"449043.37804","POS_Y_SEZIONE":"4978128.71990","LATITUDINE_CENTRALE":"44.97425","LONGITUDINE_CENTRALE":"8.36186","POS_X_CENTRALE":"449682.20338","POS_Y_CENTRALE":"4980288.07367","TIPO_ADSL":"ADSL_M","DESCRIZIONE_TIPO_ADSL":"ADSL Mini","DISTANZA_CALCOLATA":"2251.87","CLASSE_DISTANZA":"2100-2499","POTENZA_SEGNALE":"0.64","POPOLAZIONE_SEZIONE": "51"}
			},
		 		{ "type" : "Feature",
				"geometry" : {
					"type" : "Point",
					"coordinates" : [8.37350,44.95463]},
			"properties" : { "ANNO":"2010","ID_SEZIONE":"17696","ISTAT_COMUNE_SEZ":"5115","COMUNE_SEZ":"VIARIGI","PROVINCIA":"AT","ID_CENTRALE":"1604","NOME_CENTRALE":"VIARIGI","ISTAT_COMUNE_CENTR":"5115","COMUNE_CENTR":"VIARIGI","PROVINCIA_CENTR":"AT","INDIRIZZO_CENTRALE":"XX SETTEMBRE 10","LATITUDINE_SEZIONE":"44.95463","LONGITUDINE_SEZIONE":"8.37350","POS_X_SEZIONE":"450583.16991","POS_Y_SEZIONE":"4978101.23011","LATITUDINE_CENTRALE":"44.97425","LONGITUDINE_CENTRALE":"8.36186","POS_X_CENTRALE":"449682.20338","POS_Y_CENTRALE":"4980288.07367","TIPO_ADSL":"ADSL_M","DESCRIZIONE_TIPO_ADSL":"ADSL Mini","DISTANZA_CALCOLATA":"2365.17","CLASSE_DISTANZA":"2100-2499","POTENZA_SEGNALE":"0.64","POPOLAZIONE_SEZIONE": "16"}
			},
		 		{ "type" : "Feature",
				"geometry" : {
					"type" : "Point",
					"coordinates" : [8.36470,44.96512]},
			"properties" : { "ANNO":"2010","ID_SEZIONE":"18164","ISTAT_COMUNE_SEZ":"5115","COMUNE_SEZ":"VIARIGI","PROVINCIA":"AT","ID_CENTRALE":"1604","NOME_CENTRALE":"VIARIGI","ISTAT_COMUNE_CENTR":"5115","COMUNE_CENTR":"VIARIGI","PROVINCIA_CENTR":"AT","INDIRIZZO_CENTRALE":"XX SETTEMBRE 10","LATITUDINE_SEZIONE":"44.96512","LONGITUDINE_SEZIONE":"8.36470","POS_X_SEZIONE":"449898.34994","POS_Y_SEZIONE":"4979272.24477","LATITUDINE_CENTRALE":"44.97425","LONGITUDINE_CENTRALE":"8.36186","POS_X_CENTRALE":"449682.20338","POS_Y_CENTRALE":"4980288.07367","TIPO_ADSL":"ADSL_M","DESCRIZIONE_TIPO_ADSL":"ADSL Mini","DISTANZA_CALCOLATA":"1038.57","CLASSE_DISTANZA":"900-1299","POTENZA_SEGNALE":"0.64","POPOLAZIONE_SEZIONE": ""}
			},
		 		{ "type" : "Feature",
				"geometry" : {
					"type" : "Point",
					"coordinates" : [8.35925,44.98062]},
			"properties" : { "ANNO":"2010","ID_SEZIONE":"18836","ISTAT_COMUNE_SEZ":"5115","COMUNE_SEZ":"VIARIGI","PROVINCIA":"AT","ID_CENTRALE":"1604","NOME_CENTRALE":"VIARIGI","ISTAT_COMUNE_CENTR":"5115","COMUNE_CENTR":"VIARIGI","PROVINCIA_CENTR":"AT","INDIRIZZO_CENTRALE":"XX SETTEMBRE 10","LATITUDINE_SEZIONE":"44.98062","LONGITUDINE_SEZIONE":"8.35925","POS_X_SEZIONE":"449481.68537","POS_Y_SEZIONE":"4980996.76931","LATITUDINE_CENTRALE":"44.97425","LONGITUDINE_CENTRALE":"8.36186","POS_X_CENTRALE":"449682.20338","POS_Y_CENTRALE":"4980288.07367","TIPO_ADSL":"ADSL_M","DESCRIZIONE_TIPO_ADSL":"ADSL Mini","DISTANZA_CALCOLATA":"736.52","CLASSE_DISTANZA":"500-899","POTENZA_SEGNALE":"0.64","POPOLAZIONE_SEZIONE": "219"}
			},
		 		{ "type" : "Feature",
				"geometry" : {
					"type" : "Point",
					"coordinates" : [8.36968,44.95439]},
			"properties" : { "ANNO":"2010","ID_SEZIONE":"20497","ISTAT_COMUNE_SEZ":"5115","COMUNE_SEZ":"VIARIGI","PROVINCIA":"AT","ID_CENTRALE":"1604","NOME_CENTRALE":"VIARIGI","ISTAT_COMUNE_CENTR":"5115","COMUNE_CENTR":"VIARIGI","PROVINCIA_CENTR":"AT","INDIRIZZO_CENTRALE":"XX SETTEMBRE 10","LATITUDINE_SEZIONE":"44.95439","LONGITUDINE_SEZIONE":"8.36968","POS_X_SEZIONE":"450281.60601","POS_Y_SEZIONE":"4978077.22755","LATITUDINE_CENTRALE":"44.97425","LONGITUDINE_CENTRALE":"8.36186","POS_X_CENTRALE":"449682.20338","POS_Y_CENTRALE":"4980288.07367","TIPO_ADSL":"ADSL_M","DESCRIZIONE_TIPO_ADSL":"ADSL Mini","DISTANZA_CALCOLATA":"2290.66","CLASSE_DISTANZA":"2100-2499","POTENZA_SEGNALE":"0.64","POPOLAZIONE_SEZIONE": "28"}
			},
		 		{ "type" : "Feature",
				"geometry" : {
					"type" : "Point",
					"coordinates" : [8.37111,44.93978]},
			"properties" : { "ANNO":"2010","ID_SEZIONE":"22219","ISTAT_COMUNE_SEZ":"5115","COMUNE_SEZ":"VIARIGI","PROVINCIA":"AT","ID_CENTRALE":"1604","NOME_CENTRALE":"VIARIGI","ISTAT_COMUNE_CENTR":"5115","COMUNE_CENTR":"VIARIGI","PROVINCIA_CENTR":"AT","INDIRIZZO_CENTRALE":"XX SETTEMBRE 10","LATITUDINE_SEZIONE":"44.93978","LONGITUDINE_SEZIONE":"8.37111","POS_X_SEZIONE":"450382.20530","POS_Y_SEZIONE":"4976452.70121","LATITUDINE_CENTRALE":"44.97425","LONGITUDINE_CENTRALE":"8.36186","POS_X_CENTRALE":"449682.20338","POS_Y_CENTRALE":"4980288.07367","TIPO_ADSL":"ADSL_M","DESCRIZIONE_TIPO_ADSL":"ADSL Mini","DISTANZA_CALCOLATA":"3898.73","CLASSE_DISTANZA":"3700-4099","POTENZA_SEGNALE":"0.64","POPOLAZIONE_SEZIONE": "3"}
			},
		 		{ "type" : "Feature",
				"geometry" : {
					"type" : "Point",
					"coordinates" : [8.37420,44.93564]},
			"properties" : { "ANNO":"2010","ID_SEZIONE":"26757","ISTAT_COMUNE_SEZ":"5115","COMUNE_SEZ":"VIARIGI","PROVINCIA":"AT","ID_CENTRALE":"1604","NOME_CENTRALE":"VIARIGI","ISTAT_COMUNE_CENTR":"5115","COMUNE_CENTR":"VIARIGI","PROVINCIA_CENTR":"AT","INDIRIZZO_CENTRALE":"XX SETTEMBRE 10","LATITUDINE_SEZIONE":"44.93564","LONGITUDINE_SEZIONE":"8.37420","POS_X_SEZIONE":"450621.95852","POS_Y_SEZIONE":"4975991.69539","LATITUDINE_CENTRALE":"44.97425","LONGITUDINE_CENTRALE":"8.36186","POS_X_CENTRALE":"449682.20338","POS_Y_CENTRALE":"4980288.07367","TIPO_ADSL":"ADSL_M","DESCRIZIONE_TIPO_ADSL":"ADSL Mini","DISTANZA_CALCOLATA":"4397.95","CLASSE_DISTANZA":"4100-4499","POTENZA_SEGNALE":"0.00","POPOLAZIONE_SEZIONE": "14"}
			},
		 		{ "type" : "Feature",
				"geometry" : {
					"type" : "Point",
					"coordinates" : [8.35147,44.96850]},
			"properties" : { "ANNO":"2010","ID_SEZIONE":"29622","ISTAT_COMUNE_SEZ":"5115","COMUNE_SEZ":"VIARIGI","PROVINCIA":"AT","ID_CENTRALE":"1604","NOME_CENTRALE":"VIARIGI","ISTAT_COMUNE_CENTR":"5115","COMUNE_CENTR":"VIARIGI","PROVINCIA_CENTR":"AT","INDIRIZZO_CENTRALE":"XX SETTEMBRE 10","LATITUDINE_SEZIONE":"44.96850","LONGITUDINE_SEZIONE":"8.35147","POS_X_SEZIONE":"448858.21580","POS_Y_SEZIONE":"4979655.74301","LATITUDINE_CENTRALE":"44.97425","LONGITUDINE_CENTRALE":"8.36186","POS_X_CENTRALE":"449682.20338","POS_Y_CENTRALE":"4980288.07367","TIPO_ADSL":"ADSL_M","DESCRIZIONE_TIPO_ADSL":"ADSL Mini","DISTANZA_CALCOLATA":"1038.65","CLASSE_DISTANZA":"900-1299","POTENZA_SEGNALE":"0.64","POPOLAZIONE_SEZIONE": ""}
			},
		 		{ "type" : "Feature",
				"geometry" : {
					"type" : "Point",
					"coordinates" : [8.36373,44.95016]},
			"properties" : { "ANNO":"2010","ID_SEZIONE":"32310","ISTAT_COMUNE_SEZ":"5115","COMUNE_SEZ":"VIARIGI","PROVINCIA":"AT","ID_CENTRALE":"1604","NOME_CENTRALE":"VIARIGI","ISTAT_COMUNE_CENTR":"5115","COMUNE_CENTR":"VIARIGI","PROVINCIA_CENTR":"AT","INDIRIZZO_CENTRALE":"XX SETTEMBRE 10","LATITUDINE_SEZIONE":"44.95016","LONGITUDINE_SEZIONE":"8.36373","POS_X_SEZIONE":"449808.88511","POS_Y_SEZIONE":"4977610.21699","LATITUDINE_CENTRALE":"44.97425","LONGITUDINE_CENTRALE":"8.36186","POS_X_CENTRALE":"449682.20338","POS_Y_CENTRALE":"4980288.07367","TIPO_ADSL":"ADSL_M","DESCRIZIONE_TIPO_ADSL":"ADSL Mini","DISTANZA_CALCOLATA":"2680.85","CLASSE_DISTANZA":"2500-2899","POTENZA_SEGNALE":"0.64","POPOLAZIONE_SEZIONE": "24"}
			},
		 		{ "type" : "Feature",
				"geometry" : {
					"type" : "Point",
					"coordinates" : [8.37025,44.98312]},
			"properties" : { "ANNO":"2010","ID_SEZIONE":"32674","ISTAT_COMUNE_SEZ":"5115","COMUNE_SEZ":"VIARIGI","PROVINCIA":"AT","ID_CENTRALE":"1604","NOME_CENTRALE":"VIARIGI","ISTAT_COMUNE_CENTR":"5115","COMUNE_CENTR":"VIARIGI","PROVINCIA_CENTR":"AT","INDIRIZZO_CENTRALE":"XX SETTEMBRE 10","LATITUDINE_SEZIONE":"44.98312","LONGITUDINE_SEZIONE":"8.37025","POS_X_SEZIONE":"450351.06649","POS_Y_SEZIONE":"4981268.28087","LATITUDINE_CENTRALE":"44.97425","LONGITUDINE_CENTRALE":"8.36186","POS_X_CENTRALE":"449682.20338","POS_Y_CENTRALE":"4980288.07367","TIPO_ADSL":"ADSL_M","DESCRIZIONE_TIPO_ADSL":"ADSL Mini","DISTANZA_CALCOLATA":"1186.67","CLASSE_DISTANZA":"900-1299","POTENZA_SEGNALE":"0.64","POPOLAZIONE_SEZIONE": "3"}
			}
		 		]
	}
		