 	{ "type" : "FeatureCollection",
		"features" : [
		 		{ "type" : "Feature",
				"geometry" : {
					"type" : "Point",
					"coordinates" : [8.27826,45.35454]},
			"properties" : { "ANNO":"2010","ID_SEZIONE":"3703","ISTAT_COMUNE_SEZ":"2131","COMUNE_SEZ":"SAN GERMANO VERCELLESE","PROVINCIA":"VC","ID_CENTRALE":"1267","NOME_CENTRALE":"SAN GERMANO VERCELLESE","ISTAT_COMUNE_CENTR":"2131","COMUNE_CENTR":"SAN GERMANO VERCELLESE","PROVINCIA_CENTR":"VC","INDIRIZZO_CENTRALE":"PER TORINO 38","LATITUDINE_SEZIONE":"45.35454","LONGITUDINE_SEZIONE":"8.27826","POS_X_SEZIONE":"443467.38674","POS_Y_SEZIONE":"5022590.06113","LATITUDINE_CENTRALE":"45.35170","LONGITUDINE_CENTRALE":"8.24260","POS_X_CENTRALE":"440671.32846","POS_Y_CENTRALE":"5022300.45383","TIPO_ADSL":"ADSL_M","DESCRIZIONE_TIPO_ADSL":"ADSL Mini","DISTANZA_CALCOLATA":"2811.02","CLASSE_DISTANZA":"2500-2899","POTENZA_SEGNALE":"0.64","POPOLAZIONE_SEZIONE": "19"}
			},
		 		{ "type" : "Feature",
				"geometry" : {
					"type" : "Point",
					"coordinates" : [8.22494,45.36174]},
			"properties" : { "ANNO":"2010","ID_SEZIONE":"4211","ISTAT_COMUNE_SEZ":"2131","COMUNE_SEZ":"SAN GERMANO VERCELLESE","PROVINCIA":"VC","ID_CENTRALE":"1267","NOME_CENTRALE":"SAN GERMANO VERCELLESE","ISTAT_COMUNE_CENTR":"2131","COMUNE_CENTR":"SAN GERMANO VERCELLESE","PROVINCIA_CENTR":"VC","INDIRIZZO_CENTRALE":"PER TORINO 38","LATITUDINE_SEZIONE":"45.36174","LONGITUDINE_SEZIONE":"8.22494","POS_X_SEZIONE":"439299.14609","POS_Y_SEZIONE":"5023427.99726","LATITUDINE_CENTRALE":"45.35170","LONGITUDINE_CENTRALE":"8.24260","POS_X_CENTRALE":"440671.32846","POS_Y_CENTRALE":"5022300.45383","TIPO_ADSL":"ADSL_M","DESCRIZIONE_TIPO_ADSL":"ADSL Mini","DISTANZA_CALCOLATA":"1776.02","CLASSE_DISTANZA":"1700-2099","POTENZA_SEGNALE":"0.64","POPOLAZIONE_SEZIONE": ""}
			},
		 		{ "type" : "Feature",
				"geometry" : {
					"type" : "Point",
					"coordinates" : [8.29782,45.33461]},
			"properties" : { "ANNO":"2010","ID_SEZIONE":"5897","ISTAT_COMUNE_SEZ":"2131","COMUNE_SEZ":"SAN GERMANO VERCELLESE","PROVINCIA":"VC","ID_CENTRALE":"1267","NOME_CENTRALE":"SAN GERMANO VERCELLESE","ISTAT_COMUNE_CENTR":"2131","COMUNE_CENTR":"SAN GERMANO VERCELLESE","PROVINCIA_CENTR":"VC","INDIRIZZO_CENTRALE":"PER TORINO 38","LATITUDINE_SEZIONE":"45.33461","LONGITUDINE_SEZIONE":"8.29782","POS_X_SEZIONE":"444980.43532","POS_Y_SEZIONE":"5020362.56980","LATITUDINE_CENTRALE":"45.35170","LONGITUDINE_CENTRALE":"8.24260","POS_X_CENTRALE":"440671.32846","POS_Y_CENTRALE":"5022300.45383","TIPO_ADSL":"ADSL_M","DESCRIZIONE_TIPO_ADSL":"ADSL Mini","DISTANZA_CALCOLATA":"4724.81","CLASSE_DISTANZA":"4500-4899","POTENZA_SEGNALE":"0.00","POPOLAZIONE_SEZIONE": ""}
			},
		 		{ "type" : "Feature",
				"geometry" : {
					"type" : "Point",
					"coordinates" : [8.28424,45.36852]},
			"properties" : { "ANNO":"2010","ID_SEZIONE":"6104","ISTAT_COMUNE_SEZ":"2131","COMUNE_SEZ":"SAN GERMANO VERCELLESE","PROVINCIA":"VC","ID_CENTRALE":"1267","NOME_CENTRALE":"SAN GERMANO VERCELLESE","ISTAT_COMUNE_CENTR":"2131","COMUNE_CENTR":"SAN GERMANO VERCELLESE","PROVINCIA_CENTR":"VC","INDIRIZZO_CENTRALE":"PER TORINO 38","LATITUDINE_SEZIONE":"45.36852","LONGITUDINE_SEZIONE":"8.28424","POS_X_SEZIONE":"443949.81464","POS_Y_SEZIONE":"5024138.58107","LATITUDINE_CENTRALE":"45.35170","LONGITUDINE_CENTRALE":"8.24260","POS_X_CENTRALE":"440671.32846","POS_Y_CENTRALE":"5022300.45383","TIPO_ADSL":"ADSL_M","DESCRIZIONE_TIPO_ADSL":"ADSL Mini","DISTANZA_CALCOLATA":"3758.61","CLASSE_DISTANZA":"3700-4099","POTENZA_SEGNALE":"0.64","POPOLAZIONE_SEZIONE": "10"}
			},
		 		{ "type" : "Feature",
				"geometry" : {
					"type" : "Point",
					"coordinates" : [8.29103,45.34773]},
			"properties" : { "ANNO":"2010","ID_SEZIONE":"6333","ISTAT_COMUNE_SEZ":"2131","COMUNE_SEZ":"SAN GERMANO VERCELLESE","PROVINCIA":"VC","ID_CENTRALE":"1267","NOME_CENTRALE":"SAN GERMANO VERCELLESE","ISTAT_COMUNE_CENTR":"2131","COMUNE_CENTR":"SAN GERMANO VERCELLESE","PROVINCIA_CENTR":"VC","INDIRIZZO_CENTRALE":"PER TORINO 38","LATITUDINE_SEZIONE":"45.34773","LONGITUDINE_SEZIONE":"8.29103","POS_X_SEZIONE":"444461.46187","POS_Y_SEZIONE":"5021824.57198","LATITUDINE_CENTRALE":"45.35170","LONGITUDINE_CENTRALE":"8.24260","POS_X_CENTRALE":"440671.32846","POS_Y_CENTRALE":"5022300.45383","TIPO_ADSL":"ADSL_M","DESCRIZIONE_TIPO_ADSL":"ADSL Mini","DISTANZA_CALCOLATA":"3819.89","CLASSE_DISTANZA":"3700-4099","POTENZA_SEGNALE":"0.64","POPOLAZIONE_SEZIONE": "64"}
			},
		 		{ "type" : "Feature",
				"geometry" : {
					"type" : "Point",
					"coordinates" : [8.28479,45.35624]},
			"properties" : { "ANNO":"2010","ID_SEZIONE":"10490","ISTAT_COMUNE_SEZ":"2131","COMUNE_SEZ":"SAN GERMANO VERCELLESE","PROVINCIA":"VC","ID_CENTRALE":"1267","NOME_CENTRALE":"SAN GERMANO VERCELLESE","ISTAT_COMUNE_CENTR":"2131","COMUNE_CENTR":"SAN GERMANO VERCELLESE","PROVINCIA_CENTR":"VC","INDIRIZZO_CENTRALE":"PER TORINO 38","LATITUDINE_SEZIONE":"45.35624","LONGITUDINE_SEZIONE":"8.28479","POS_X_SEZIONE":"443981.04203","POS_Y_SEZIONE":"5022773.57115","LATITUDINE_CENTRALE":"45.35170","LONGITUDINE_CENTRALE":"8.24260","POS_X_CENTRALE":"440671.32846","POS_Y_CENTRALE":"5022300.45383","TIPO_ADSL":"ADSL_M","DESCRIZIONE_TIPO_ADSL":"ADSL Mini","DISTANZA_CALCOLATA":"3343.36","CLASSE_DISTANZA":"3300-3699","POTENZA_SEGNALE":"0.64","POPOLAZIONE_SEZIONE": ""}
			},
		 		{ "type" : "Feature",
				"geometry" : {
					"type" : "Point",
					"coordinates" : [8.22778,45.35300]},
			"properties" : { "ANNO":"2010","ID_SEZIONE":"16268","ISTAT_COMUNE_SEZ":"2131","COMUNE_SEZ":"SAN GERMANO VERCELLESE","PROVINCIA":"VC","ID_CENTRALE":"1267","NOME_CENTRALE":"SAN GERMANO VERCELLESE","ISTAT_COMUNE_CENTR":"2131","COMUNE_CENTR":"SAN GERMANO VERCELLESE","PROVINCIA_CENTR":"VC","INDIRIZZO_CENTRALE":"PER TORINO 38","LATITUDINE_SEZIONE":"45.35300","LONGITUDINE_SEZIONE":"8.22778","POS_X_SEZIONE":"439511.93995","POS_Y_SEZIONE":"5022454.99297","LATITUDINE_CENTRALE":"45.35170","LONGITUDINE_CENTRALE":"8.24260","POS_X_CENTRALE":"440671.32846","POS_Y_CENTRALE":"5022300.45383","TIPO_ADSL":"ADSL_M","DESCRIZIONE_TIPO_ADSL":"ADSL Mini","DISTANZA_CALCOLATA":"1169.64","CLASSE_DISTANZA":"900-1299","POTENZA_SEGNALE":"0.64","POPOLAZIONE_SEZIONE": "5"}
			},
		 		{ "type" : "Feature",
				"geometry" : {
					"type" : "Point",
					"coordinates" : [8.24896,45.35016]},
			"properties" : { "ANNO":"2010","ID_SEZIONE":"16372","ISTAT_COMUNE_SEZ":"2131","COMUNE_SEZ":"SAN GERMANO VERCELLESE","PROVINCIA":"VC","ID_CENTRALE":"1267","NOME_CENTRALE":"SAN GERMANO VERCELLESE","ISTAT_COMUNE_CENTR":"2131","COMUNE_CENTR":"SAN GERMANO VERCELLESE","PROVINCIA_CENTR":"VC","INDIRIZZO_CENTRALE":"PER TORINO 38","LATITUDINE_SEZIONE":"45.35016","LONGITUDINE_SEZIONE":"8.24896","POS_X_SEZIONE":"441168.04901","POS_Y_SEZIONE":"5022124.01876","LATITUDINE_CENTRALE":"45.35170","LONGITUDINE_CENTRALE":"8.24260","POS_X_CENTRALE":"440671.32846","POS_Y_CENTRALE":"5022300.45383","TIPO_ADSL":"ADSL_M","DESCRIZIONE_TIPO_ADSL":"ADSL Mini","DISTANZA_CALCOLATA":"527.12","CLASSE_DISTANZA":"500-899","POTENZA_SEGNALE":"0.64","POPOLAZIONE_SEZIONE": "347"}
			},
		 		{ "type" : "Feature",
				"geometry" : {
					"type" : "Point",
					"coordinates" : [8.25618,45.36489]},
			"properties" : { "ANNO":"2010","ID_SEZIONE":"17287","ISTAT_COMUNE_SEZ":"2131","COMUNE_SEZ":"SAN GERMANO VERCELLESE","PROVINCIA":"VC","ID_CENTRALE":"1267","NOME_CENTRALE":"SAN GERMANO VERCELLESE","ISTAT_COMUNE_CENTR":"2131","COMUNE_CENTR":"SAN GERMANO VERCELLESE","PROVINCIA_CENTR":"VC","INDIRIZZO_CENTRALE":"PER TORINO 38","LATITUDINE_SEZIONE":"45.36489","LONGITUDINE_SEZIONE":"8.25618","POS_X_SEZIONE":"441749.22994","POS_Y_SEZIONE":"5023755.04084","LATITUDINE_CENTRALE":"45.35170","LONGITUDINE_CENTRALE":"8.24260","POS_X_CENTRALE":"440671.32846","POS_Y_CENTRALE":"5022300.45383","TIPO_ADSL":"ADSL_M","DESCRIZIONE_TIPO_ADSL":"ADSL Mini","DISTANZA_CALCOLATA":"1810.44","CLASSE_DISTANZA":"1700-2099","POTENZA_SEGNALE":"0.64","POPOLAZIONE_SEZIONE": "13"}
			},
		 		{ "type" : "Feature",
				"geometry" : {
					"type" : "Point",
					"coordinates" : [8.26773,45.33678]},
			"properties" : { "ANNO":"2010","ID_SEZIONE":"17543","ISTAT_COMUNE_SEZ":"2131","COMUNE_SEZ":"SAN GERMANO VERCELLESE","PROVINCIA":"VC","ID_CENTRALE":"1267","NOME_CENTRALE":"SAN GERMANO VERCELLESE","ISTAT_COMUNE_CENTR":"2131","COMUNE_CENTR":"SAN GERMANO VERCELLESE","PROVINCIA_CENTR":"VC","INDIRIZZO_CENTRALE":"PER TORINO 38","LATITUDINE_SEZIONE":"45.33678","LONGITUDINE_SEZIONE":"8.26773","POS_X_SEZIONE":"442624.98443","POS_Y_SEZIONE":"5020624.53204","LATITUDINE_CENTRALE":"45.35170","LONGITUDINE_CENTRALE":"8.24260","POS_X_CENTRALE":"440671.32846","POS_Y_CENTRALE":"5022300.45383","TIPO_ADSL":"ADSL_M","DESCRIZIONE_TIPO_ADSL":"ADSL Mini","DISTANZA_CALCOLATA":"2574","CLASSE_DISTANZA":"2500-2899","POTENZA_SEGNALE":"0.64","POPOLAZIONE_SEZIONE": "8"}
			},
		 		{ "type" : "Feature",
				"geometry" : {
					"type" : "Point",
					"coordinates" : [8.26485,45.37943]},
			"properties" : { "ANNO":"2010","ID_SEZIONE":"21363","ISTAT_COMUNE_SEZ":"2131","COMUNE_SEZ":"SAN GERMANO VERCELLESE","PROVINCIA":"VC","ID_CENTRALE":"1267","NOME_CENTRALE":"SAN GERMANO VERCELLESE","ISTAT_COMUNE_CENTR":"2131","COMUNE_CENTR":"SAN GERMANO VERCELLESE","PROVINCIA_CENTR":"VC","INDIRIZZO_CENTRALE":"PER TORINO 38","LATITUDINE_SEZIONE":"45.37943","LONGITUDINE_SEZIONE":"8.26485","POS_X_SEZIONE":"442442.81381","POS_Y_SEZIONE":"5025364.56507","LATITUDINE_CENTRALE":"45.35170","LONGITUDINE_CENTRALE":"8.24260","POS_X_CENTRALE":"440671.32846","POS_Y_CENTRALE":"5022300.45383","TIPO_ADSL":"ADSL_M","DESCRIZIONE_TIPO_ADSL":"ADSL Mini","DISTANZA_CALCOLATA":"3539.34","CLASSE_DISTANZA":"3300-3699","POTENZA_SEGNALE":"0.64","POPOLAZIONE_SEZIONE": "12"}
			},
		 		{ "type" : "Feature",
				"geometry" : {
					"type" : "Point",
					"coordinates" : [8.24246,45.35112]},
			"properties" : { "ANNO":"2010","ID_SEZIONE":"22339","ISTAT_COMUNE_SEZ":"2131","COMUNE_SEZ":"SAN GERMANO VERCELLESE","PROVINCIA":"VC","ID_CENTRALE":"1267","NOME_CENTRALE":"SAN GERMANO VERCELLESE","ISTAT_COMUNE_CENTR":"2131","COMUNE_CENTR":"SAN GERMANO VERCELLESE","PROVINCIA_CENTR":"VC","INDIRIZZO_CENTRALE":"PER TORINO 38","LATITUDINE_SEZIONE":"45.35112","LONGITUDINE_SEZIONE":"8.24246","POS_X_SEZIONE":"440660.17931","POS_Y_SEZIONE":"5022235.51086","LATITUDINE_CENTRALE":"45.35170","LONGITUDINE_CENTRALE":"8.24260","POS_X_CENTRALE":"440671.32846","POS_Y_CENTRALE":"5022300.45383","TIPO_ADSL":"ADSL_M","DESCRIZIONE_TIPO_ADSL":"ADSL Mini","DISTANZA_CALCOLATA":"65.89","CLASSE_DISTANZA":"0-99","POTENZA_SEGNALE":"0.64","POPOLAZIONE_SEZIONE": "496"}
			},
		 		{ "type" : "Feature",
				"geometry" : {
					"type" : "Point",
					"coordinates" : [8.23481,45.36894]},
			"properties" : { "ANNO":"2010","ID_SEZIONE":"22541","ISTAT_COMUNE_SEZ":"2131","COMUNE_SEZ":"SAN GERMANO VERCELLESE","PROVINCIA":"VC","ID_CENTRALE":"1267","NOME_CENTRALE":"SAN GERMANO VERCELLESE","ISTAT_COMUNE_CENTR":"2131","COMUNE_CENTR":"SAN GERMANO VERCELLESE","PROVINCIA_CENTR":"VC","INDIRIZZO_CENTRALE":"PER TORINO 38","LATITUDINE_SEZIONE":"45.36894","LONGITUDINE_SEZIONE":"8.23481","POS_X_SEZIONE":"440079.24875","POS_Y_SEZIONE":"5024221.51636","LATITUDINE_CENTRALE":"45.35170","LONGITUDINE_CENTRALE":"8.24260","POS_X_CENTRALE":"440671.32846","POS_Y_CENTRALE":"5022300.45383","TIPO_ADSL":"ADSL_M","DESCRIZIONE_TIPO_ADSL":"ADSL Mini","DISTANZA_CALCOLATA":"2010.23","CLASSE_DISTANZA":"1700-2099","POTENZA_SEGNALE":"0.64","POPOLAZIONE_SEZIONE": "4"}
			},
		 		{ "type" : "Feature",
				"geometry" : {
					"type" : "Point",
					"coordinates" : [8.24878,45.38074]},
			"properties" : { "ANNO":"2010","ID_SEZIONE":"24633","ISTAT_COMUNE_SEZ":"2131","COMUNE_SEZ":"SAN GERMANO VERCELLESE","PROVINCIA":"VC","ID_CENTRALE":"1267","NOME_CENTRALE":"SAN GERMANO VERCELLESE","ISTAT_COMUNE_CENTR":"2131","COMUNE_CENTR":"SAN GERMANO VERCELLESE","PROVINCIA_CENTR":"VC","INDIRIZZO_CENTRALE":"PER TORINO 38","LATITUDINE_SEZIONE":"45.38074","LONGITUDINE_SEZIONE":"8.24878","POS_X_SEZIONE":"441186.04427","POS_Y_SEZIONE":"5025522.04500","LATITUDINE_CENTRALE":"45.35170","LONGITUDINE_CENTRALE":"8.24260","POS_X_CENTRALE":"440671.32846","POS_Y_CENTRALE":"5022300.45383","TIPO_ADSL":"ADSL_M","DESCRIZIONE_TIPO_ADSL":"ADSL Mini","DISTANZA_CALCOLATA":"3262.45","CLASSE_DISTANZA":"2900-3299","POTENZA_SEGNALE":"0.64","POPOLAZIONE_SEZIONE": "6"}
			},
		 		{ "type" : "Feature",
				"geometry" : {
					"type" : "Point",
					"coordinates" : [8.24603,45.36919]},
			"properties" : { "ANNO":"2010","ID_SEZIONE":"27865","ISTAT_COMUNE_SEZ":"2131","COMUNE_SEZ":"SAN GERMANO VERCELLESE","PROVINCIA":"VC","ID_CENTRALE":"1267","NOME_CENTRALE":"SAN GERMANO VERCELLESE","ISTAT_COMUNE_CENTR":"2131","COMUNE_CENTR":"SAN GERMANO VERCELLESE","PROVINCIA_CENTR":"VC","INDIRIZZO_CENTRALE":"PER TORINO 38","LATITUDINE_SEZIONE":"45.36919","LONGITUDINE_SEZIONE":"8.24603","POS_X_SEZIONE":"440958.74341","POS_Y_SEZIONE":"5024240.03131","LATITUDINE_CENTRALE":"45.35170","LONGITUDINE_CENTRALE":"8.24260","POS_X_CENTRALE":"440671.32846","POS_Y_CENTRALE":"5022300.45383","TIPO_ADSL":"ADSL_M","DESCRIZIONE_TIPO_ADSL":"ADSL Mini","DISTANZA_CALCOLATA":"1960.76","CLASSE_DISTANZA":"1700-2099","POTENZA_SEGNALE":"0.64","POPOLAZIONE_SEZIONE": "9"}
			},
		 		{ "type" : "Feature",
				"geometry" : {
					"type" : "Point",
					"coordinates" : [8.26671,45.36786]},
			"properties" : { "ANNO":"2010","ID_SEZIONE":"28642","ISTAT_COMUNE_SEZ":"2131","COMUNE_SEZ":"SAN GERMANO VERCELLESE","PROVINCIA":"VC","ID_CENTRALE":"1267","NOME_CENTRALE":"SAN GERMANO VERCELLESE","ISTAT_COMUNE_CENTR":"2131","COMUNE_CENTR":"SAN GERMANO VERCELLESE","PROVINCIA_CENTR":"VC","INDIRIZZO_CENTRALE":"PER TORINO 38","LATITUDINE_SEZIONE":"45.36786","LONGITUDINE_SEZIONE":"8.26671","POS_X_SEZIONE":"442576.63576","POS_Y_SEZIONE":"5024078.05755","LATITUDINE_CENTRALE":"45.35170","LONGITUDINE_CENTRALE":"8.24260","POS_X_CENTRALE":"440671.32846","POS_Y_CENTRALE":"5022300.45383","TIPO_ADSL":"ADSL_M","DESCRIZIONE_TIPO_ADSL":"ADSL Mini","DISTANZA_CALCOLATA":"2605.78","CLASSE_DISTANZA":"2500-2899","POTENZA_SEGNALE":"0.64","POPOLAZIONE_SEZIONE": ""}
			},
		 		{ "type" : "Feature",
				"geometry" : {
					"type" : "Point",
					"coordinates" : [8.24596,45.34854]},
			"properties" : { "ANNO":"2010","ID_SEZIONE":"29085","ISTAT_COMUNE_SEZ":"2131","COMUNE_SEZ":"SAN GERMANO VERCELLESE","PROVINCIA":"VC","ID_CENTRALE":"1267","NOME_CENTRALE":"SAN GERMANO VERCELLESE","ISTAT_COMUNE_CENTR":"2131","COMUNE_CENTR":"SAN GERMANO VERCELLESE","PROVINCIA_CENTR":"VC","INDIRIZZO_CENTRALE":"PER TORINO 38","LATITUDINE_SEZIONE":"45.34854","LONGITUDINE_SEZIONE":"8.24596","POS_X_SEZIONE":"440931.42258","POS_Y_SEZIONE":"5021946.01326","LATITUDINE_CENTRALE":"45.35170","LONGITUDINE_CENTRALE":"8.24260","POS_X_CENTRALE":"440671.32846","POS_Y_CENTRALE":"5022300.45383","TIPO_ADSL":"ADSL_M","DESCRIZIONE_TIPO_ADSL":"ADSL Mini","DISTANZA_CALCOLATA":"439.63","CLASSE_DISTANZA":"100-499","POTENZA_SEGNALE":"0.64","POPOLAZIONE_SEZIONE": "269"}
			},
		 		{ "type" : "Feature",
				"geometry" : {
					"type" : "Point",
					"coordinates" : [8.25898,45.34379]},
			"properties" : { "ANNO":"2010","ID_SEZIONE":"29328","ISTAT_COMUNE_SEZ":"2131","COMUNE_SEZ":"SAN GERMANO VERCELLESE","PROVINCIA":"VC","ID_CENTRALE":"1267","NOME_CENTRALE":"SAN GERMANO VERCELLESE","ISTAT_COMUNE_CENTR":"2131","COMUNE_CENTR":"SAN GERMANO VERCELLESE","PROVINCIA_CENTR":"VC","INDIRIZZO_CENTRALE":"PER TORINO 38","LATITUDINE_SEZIONE":"45.34379","LONGITUDINE_SEZIONE":"8.25898","POS_X_SEZIONE":"441946.97048","POS_Y_SEZIONE":"5021409.02612","LATITUDINE_CENTRALE":"45.35170","LONGITUDINE_CENTRALE":"8.24260","POS_X_CENTRALE":"440671.32846","POS_Y_CENTRALE":"5022300.45383","TIPO_ADSL":"ADSL_M","DESCRIZIONE_TIPO_ADSL":"ADSL Mini","DISTANZA_CALCOLATA":"1556.25","CLASSE_DISTANZA":"1300-1699","POTENZA_SEGNALE":"0.64","POPOLAZIONE_SEZIONE": "9"}
			},
		 		{ "type" : "Feature",
				"geometry" : {
					"type" : "Point",
					"coordinates" : [8.26698,45.35205]},
			"properties" : { "ANNO":"2010","ID_SEZIONE":"29905","ISTAT_COMUNE_SEZ":"2131","COMUNE_SEZ":"SAN GERMANO VERCELLESE","PROVINCIA":"VC","ID_CENTRALE":"1267","NOME_CENTRALE":"SAN GERMANO VERCELLESE","ISTAT_COMUNE_CENTR":"2131","COMUNE_CENTR":"SAN GERMANO VERCELLESE","PROVINCIA_CENTR":"VC","INDIRIZZO_CENTRALE":"PER TORINO 38","LATITUDINE_SEZIONE":"45.35205","LONGITUDINE_SEZIONE":"8.26698","POS_X_SEZIONE":"442581.66872","POS_Y_SEZIONE":"5022321.54426","LATITUDINE_CENTRALE":"45.35170","LONGITUDINE_CENTRALE":"8.24260","POS_X_CENTRALE":"440671.32846","POS_Y_CENTRALE":"5022300.45383","TIPO_ADSL":"ADSL_M","DESCRIZIONE_TIPO_ADSL":"ADSL Mini","DISTANZA_CALCOLATA":"1910.46","CLASSE_DISTANZA":"1700-2099","POTENZA_SEGNALE":"0.64","POPOLAZIONE_SEZIONE": ""}
			},
		 		{ "type" : "Feature",
				"geometry" : {
					"type" : "Point",
					"coordinates" : [8.23653,45.34161]},
			"properties" : { "ANNO":"2010","ID_SEZIONE":"31378","ISTAT_COMUNE_SEZ":"2131","COMUNE_SEZ":"SAN GERMANO VERCELLESE","PROVINCIA":"VC","ID_CENTRALE":"1267","NOME_CENTRALE":"SAN GERMANO VERCELLESE","ISTAT_COMUNE_CENTR":"2131","COMUNE_CENTR":"SAN GERMANO VERCELLESE","PROVINCIA_CENTR":"VC","INDIRIZZO_CENTRALE":"PER TORINO 38","LATITUDINE_SEZIONE":"45.34161","LONGITUDINE_SEZIONE":"8.23653","POS_X_SEZIONE":"440185.60190","POS_Y_SEZIONE":"5021183.49473","LATITUDINE_CENTRALE":"45.35170","LONGITUDINE_CENTRALE":"8.24260","POS_X_CENTRALE":"440671.32846","POS_Y_CENTRALE":"5022300.45383","TIPO_ADSL":"ADSL_M","DESCRIZIONE_TIPO_ADSL":"ADSL Mini","DISTANZA_CALCOLATA":"1218","CLASSE_DISTANZA":"900-1299","POTENZA_SEGNALE":"0.64","POPOLAZIONE_SEZIONE": "25"}
			}
		 		]
	}
		