 	{ "type" : "FeatureCollection",
		"features" : [
		 		{ "type" : "Feature",
				"geometry" : {
					"type" : "Point",
					"coordinates" : [7.41096,44.96939]},
			"properties" : { "ANNO":"2010","ID_SEZIONE":"6234","ISTAT_COMUNE_SEZ":"1097","COMUNE_SEZ":"CUMIANA","PROVINCIA":"TO","ID_CENTRALE":"1377","NOME_CENTRALE":"TAVERNETTE 2","ISTAT_COMUNE_CENTR":"1097","COMUNE_CENTR":"CUMIANA","PROVINCIA_CENTR":"TO","INDIRIZZO_CENTRALE":"LOCALITA' TAVERNETTE","LATITUDINE_SEZIONE":"44.96939","LONGITUDINE_SEZIONE":"7.41096","POS_X_SEZIONE":"374692.55147","POS_Y_SEZIONE":"4980778.36547","LATITUDINE_CENTRALE":"44.95248","LONGITUDINE_CENTRALE":"7.39998","POS_X_CENTRALE":"373789.78044","POS_Y_CENTRALE":"4978916.77930","TIPO_ADSL":"ADSL_M","DESCRIZIONE_TIPO_ADSL":"ADSL Mini","DISTANZA_CALCOLATA":"2068.94","CLASSE_DISTANZA":"1700-2099","POTENZA_SEGNALE":"0.64","POPOLAZIONE_SEZIONE": "18"}
			},
		 		{ "type" : "Feature",
				"geometry" : {
					"type" : "Point",
					"coordinates" : [7.38795,44.95747]},
			"properties" : { "ANNO":"2010","ID_SEZIONE":"11212","ISTAT_COMUNE_SEZ":"1097","COMUNE_SEZ":"CUMIANA","PROVINCIA":"TO","ID_CENTRALE":"1377","NOME_CENTRALE":"TAVERNETTE 2","ISTAT_COMUNE_CENTR":"1097","COMUNE_CENTR":"CUMIANA","PROVINCIA_CENTR":"TO","INDIRIZZO_CENTRALE":"LOCALITA' TAVERNETTE","LATITUDINE_SEZIONE":"44.95747","LONGITUDINE_SEZIONE":"7.38795","POS_X_SEZIONE":"372851.69797","POS_Y_SEZIONE":"4979490.32503","LATITUDINE_CENTRALE":"44.95248","LONGITUDINE_CENTRALE":"7.39998","POS_X_CENTRALE":"373789.78044","POS_Y_CENTRALE":"4978916.77930","TIPO_ADSL":"ADSL_M","DESCRIZIONE_TIPO_ADSL":"ADSL Mini","DISTANZA_CALCOLATA":"1099.52","CLASSE_DISTANZA":"900-1299","POTENZA_SEGNALE":"0.64","POPOLAZIONE_SEZIONE": "47"}
			},
		 		{ "type" : "Feature",
				"geometry" : {
					"type" : "Point",
					"coordinates" : [7.39779,44.94321]},
			"properties" : { "ANNO":"2010","ID_SEZIONE":"12668","ISTAT_COMUNE_SEZ":"1097","COMUNE_SEZ":"CUMIANA","PROVINCIA":"TO","ID_CENTRALE":"1377","NOME_CENTRALE":"TAVERNETTE 2","ISTAT_COMUNE_CENTR":"1097","COMUNE_CENTR":"CUMIANA","PROVINCIA_CENTR":"TO","INDIRIZZO_CENTRALE":"LOCALITA' TAVERNETTE","LATITUDINE_SEZIONE":"44.94321","LONGITUDINE_SEZIONE":"7.39779","POS_X_SEZIONE":"373596.35845","POS_Y_SEZIONE":"4977890.29891","LATITUDINE_CENTRALE":"44.95248","LONGITUDINE_CENTRALE":"7.39998","POS_X_CENTRALE":"373789.78044","POS_Y_CENTRALE":"4978916.77930","TIPO_ADSL":"ADSL_M","DESCRIZIONE_TIPO_ADSL":"ADSL Mini","DISTANZA_CALCOLATA":"1044.54","CLASSE_DISTANZA":"900-1299","POTENZA_SEGNALE":"0.64","POPOLAZIONE_SEZIONE": "19"}
			},
		 		{ "type" : "Feature",
				"geometry" : {
					"type" : "Point",
					"coordinates" : [7.41096,44.95809]},
			"properties" : { "ANNO":"2010","ID_SEZIONE":"15454","ISTAT_COMUNE_SEZ":"1097","COMUNE_SEZ":"CUMIANA","PROVINCIA":"TO","ID_CENTRALE":"1377","NOME_CENTRALE":"TAVERNETTE 2","ISTAT_COMUNE_CENTR":"1097","COMUNE_CENTR":"CUMIANA","PROVINCIA_CENTR":"TO","INDIRIZZO_CENTRALE":"LOCALITA' TAVERNETTE","LATITUDINE_SEZIONE":"44.95809","LONGITUDINE_SEZIONE":"7.41096","POS_X_SEZIONE":"374667.66571","POS_Y_SEZIONE":"4979523.33981","LATITUDINE_CENTRALE":"44.95248","LONGITUDINE_CENTRALE":"7.39998","POS_X_CENTRALE":"373789.78044","POS_Y_CENTRALE":"4978916.77930","TIPO_ADSL":"ADSL_M","DESCRIZIONE_TIPO_ADSL":"ADSL Mini","DISTANZA_CALCOLATA":"1067.05","CLASSE_DISTANZA":"900-1299","POTENZA_SEGNALE":"0.64","POPOLAZIONE_SEZIONE": "62"}
			},
		 		{ "type" : "Feature",
				"geometry" : {
					"type" : "Point",
					"coordinates" : [7.40369,44.96006]},
			"properties" : { "ANNO":"2010","ID_SEZIONE":"16796","ISTAT_COMUNE_SEZ":"1097","COMUNE_SEZ":"CUMIANA","PROVINCIA":"TO","ID_CENTRALE":"1377","NOME_CENTRALE":"TAVERNETTE 2","ISTAT_COMUNE_CENTR":"1097","COMUNE_CENTR":"CUMIANA","PROVINCIA_CENTR":"TO","INDIRIZZO_CENTRALE":"LOCALITA' TAVERNETTE","LATITUDINE_SEZIONE":"44.96006","LONGITUDINE_SEZIONE":"7.40369","POS_X_SEZIONE":"374098.61458","POS_Y_SEZIONE":"4979753.33994","LATITUDINE_CENTRALE":"44.95248","LONGITUDINE_CENTRALE":"7.39998","POS_X_CENTRALE":"373789.78044","POS_Y_CENTRALE":"4978916.77930","TIPO_ADSL":"ADSL_M","DESCRIZIONE_TIPO_ADSL":"ADSL Mini","DISTANZA_CALCOLATA":"891.75","CLASSE_DISTANZA":"500-899","POTENZA_SEGNALE":"0.64","POPOLAZIONE_SEZIONE": "127"}
			},
		 		{ "type" : "Feature",
				"geometry" : {
					"type" : "Point",
					"coordinates" : [7.41274,44.96161]},
			"properties" : { "ANNO":"2010","ID_SEZIONE":"19503","ISTAT_COMUNE_SEZ":"1097","COMUNE_SEZ":"CUMIANA","PROVINCIA":"TO","ID_CENTRALE":"1377","NOME_CENTRALE":"TAVERNETTE 2","ISTAT_COMUNE_CENTR":"1097","COMUNE_CENTR":"CUMIANA","PROVINCIA_CENTR":"TO","INDIRIZZO_CENTRALE":"LOCALITA' TAVERNETTE","LATITUDINE_SEZIONE":"44.96161","LONGITUDINE_SEZIONE":"7.41274","POS_X_SEZIONE":"374815.94757","POS_Y_SEZIONE":"4979910.84855","LATITUDINE_CENTRALE":"44.95248","LONGITUDINE_CENTRALE":"7.39998","POS_X_CENTRALE":"373789.78044","POS_Y_CENTRALE":"4978916.77930","TIPO_ADSL":"ADSL_M","DESCRIZIONE_TIPO_ADSL":"ADSL Mini","DISTANZA_CALCOLATA":"1428.7","CLASSE_DISTANZA":"1300-1699","POTENZA_SEGNALE":"0.64","POPOLAZIONE_SEZIONE": "25"}
			},
		 		{ "type" : "Feature",
				"geometry" : {
					"type" : "Point",
					"coordinates" : [7.37399,44.95277]},
			"properties" : { "ANNO":"2010","ID_SEZIONE":"27513","ISTAT_COMUNE_SEZ":"1097","COMUNE_SEZ":"CUMIANA","PROVINCIA":"TO","ID_CENTRALE":"1377","NOME_CENTRALE":"TAVERNETTE 2","ISTAT_COMUNE_CENTR":"1097","COMUNE_CENTR":"CUMIANA","PROVINCIA_CENTR":"TO","INDIRIZZO_CENTRALE":"LOCALITA' TAVERNETTE","LATITUDINE_SEZIONE":"44.95277","LONGITUDINE_SEZIONE":"7.37399","POS_X_SEZIONE":"371739.90123","POS_Y_SEZIONE":"4978989.80714","LATITUDINE_CENTRALE":"44.95248","LONGITUDINE_CENTRALE":"7.39998","POS_X_CENTRALE":"373789.78044","POS_Y_CENTRALE":"4978916.77930","TIPO_ADSL":"ADSL_M","DESCRIZIONE_TIPO_ADSL":"ADSL Mini","DISTANZA_CALCOLATA":"2051.18","CLASSE_DISTANZA":"1700-2099","POTENZA_SEGNALE":"0.64","POPOLAZIONE_SEZIONE": "236"}
			},
		 		{ "type" : "Feature",
				"geometry" : {
					"type" : "Point",
					"coordinates" : [7.42086,44.93122]},
			"properties" : { "ANNO":"2010","ID_SEZIONE":"28977","ISTAT_COMUNE_SEZ":"1097","COMUNE_SEZ":"CUMIANA","PROVINCIA":"TO","ID_CENTRALE":"1377","NOME_CENTRALE":"TAVERNETTE 2","ISTAT_COMUNE_CENTR":"1097","COMUNE_CENTR":"CUMIANA","PROVINCIA_CENTR":"TO","INDIRIZZO_CENTRALE":"LOCALITA' TAVERNETTE","LATITUDINE_SEZIONE":"44.93122","LONGITUDINE_SEZIONE":"7.42086","POS_X_SEZIONE":"375390.96658","POS_Y_SEZIONE":"4976522.78326","LATITUDINE_CENTRALE":"44.95248","LONGITUDINE_CENTRALE":"7.39998","POS_X_CENTRALE":"373789.78044","POS_Y_CENTRALE":"4978916.77930","TIPO_ADSL":"ADSL_M","DESCRIZIONE_TIPO_ADSL":"ADSL Mini","DISTANZA_CALCOLATA":"2880.11","CLASSE_DISTANZA":"2500-2899","POTENZA_SEGNALE":"0.64","POPOLAZIONE_SEZIONE": "34"}
			},
		 		{ "type" : "Feature",
				"geometry" : {
					"type" : "Point",
					"coordinates" : [7.41329,44.94857]},
			"properties" : { "ANNO":"2010","ID_SEZIONE":"31044","ISTAT_COMUNE_SEZ":"1097","COMUNE_SEZ":"CUMIANA","PROVINCIA":"TO","ID_CENTRALE":"1377","NOME_CENTRALE":"TAVERNETTE 2","ISTAT_COMUNE_CENTR":"1097","COMUNE_CENTR":"CUMIANA","PROVINCIA_CENTR":"TO","INDIRIZZO_CENTRALE":"LOCALITA' TAVERNETTE","LATITUDINE_SEZIONE":"44.94857","LONGITUDINE_SEZIONE":"7.41329","POS_X_SEZIONE":"374831.15295","POS_Y_SEZIONE":"4978461.31920","LATITUDINE_CENTRALE":"44.95248","LONGITUDINE_CENTRALE":"7.39998","POS_X_CENTRALE":"373789.78044","POS_Y_CENTRALE":"4978916.77930","TIPO_ADSL":"ADSL_M","DESCRIZIONE_TIPO_ADSL":"ADSL Mini","DISTANZA_CALCOLATA":"1136.62","CLASSE_DISTANZA":"900-1299","POTENZA_SEGNALE":"0.64","POPOLAZIONE_SEZIONE": "69"}
			},
		 		{ "type" : "Feature",
				"geometry" : {
					"type" : "Point",
					"coordinates" : [7.42547,44.95174]},
			"properties" : { "ANNO":"2010","ID_SEZIONE":"31254","ISTAT_COMUNE_SEZ":"1097","COMUNE_SEZ":"CUMIANA","PROVINCIA":"TO","ID_CENTRALE":"1377","NOME_CENTRALE":"TAVERNETTE 2","ISTAT_COMUNE_CENTR":"1097","COMUNE_CENTR":"CUMIANA","PROVINCIA_CENTR":"TO","INDIRIZZO_CENTRALE":"LOCALITA' TAVERNETTE","LATITUDINE_SEZIONE":"44.95174","LONGITUDINE_SEZIONE":"7.42547","POS_X_SEZIONE":"375798.82527","POS_Y_SEZIONE":"4978794.83344","LATITUDINE_CENTRALE":"44.95248","LONGITUDINE_CENTRALE":"7.39998","POS_X_CENTRALE":"373789.78044","POS_Y_CENTRALE":"4978916.77930","TIPO_ADSL":"ADSL_M","DESCRIZIONE_TIPO_ADSL":"ADSL Mini","DISTANZA_CALCOLATA":"2012.74","CLASSE_DISTANZA":"1700-2099","POTENZA_SEGNALE":"0.64","POPOLAZIONE_SEZIONE": "59"}
			}
		 		]
	}
		