 	{ "type" : "FeatureCollection",
		"features" : [
		 		{ "type" : "Feature",
				"geometry" : {
					"type" : "Point",
					"coordinates" : [8.27300,44.91885]},
			"properties" : { "ANNO":"2010","ID_SEZIONE":"1080","ISTAT_COMUNE_SEZ":"5005","COMUNE_SEZ":"ASTI","PROVINCIA":"AT","ID_CENTRALE":"1075","NOME_CENTRALE":"QUARTO D'ASTI","ISTAT_COMUNE_CENTR":"5005","COMUNE_CENTR":"ASTI","PROVINCIA_CENTR":"AT","INDIRIZZO_CENTRALE":"VECCHIA DOGANA","LATITUDINE_SEZIONE":"44.91885","LONGITUDINE_SEZIONE":"8.27300","POS_X_SEZIONE":"442620.03851","POS_Y_SEZIONE":"4974192.67228","LATITUDINE_CENTRALE":"44.90735","LONGITUDINE_CENTRALE":"8.28284","POS_X_CENTRALE":"443386.02844","POS_Y_CENTRALE":"4972907.93639","TIPO_ADSL":"ADSL_1","DESCRIZIONE_TIPO_ADSL":"ADSL (8 mega)","DISTANZA_CALCOLATA":"1495.76","CLASSE_DISTANZA":"1300-1699","POTENZA_SEGNALE":"7000","POPOLAZIONE_SEZIONE": "41"}
			},
		 		{ "type" : "Feature",
				"geometry" : {
					"type" : "Point",
					"coordinates" : [8.27765,44.91161]},
			"properties" : { "ANNO":"2010","ID_SEZIONE":"5222","ISTAT_COMUNE_SEZ":"5005","COMUNE_SEZ":"ASTI","PROVINCIA":"AT","ID_CENTRALE":"1075","NOME_CENTRALE":"QUARTO D'ASTI","ISTAT_COMUNE_CENTR":"5005","COMUNE_CENTR":"ASTI","PROVINCIA_CENTR":"AT","INDIRIZZO_CENTRALE":"VECCHIA DOGANA","LATITUDINE_SEZIONE":"44.91161","LONGITUDINE_SEZIONE":"8.27765","POS_X_SEZIONE":"442980.10507","POS_Y_SEZIONE":"4973385.15971","LATITUDINE_CENTRALE":"44.90735","LONGITUDINE_CENTRALE":"8.28284","POS_X_CENTRALE":"443386.02844","POS_Y_CENTRALE":"4972907.93639","TIPO_ADSL":"ADSL_1","DESCRIZIONE_TIPO_ADSL":"ADSL (8 mega)","DISTANZA_CALCOLATA":"626.51","CLASSE_DISTANZA":"500-899","POTENZA_SEGNALE":"7000","POPOLAZIONE_SEZIONE": "30"}
			},
		 		{ "type" : "Feature",
				"geometry" : {
					"type" : "Point",
					"coordinates" : [8.29990,44.91940]},
			"properties" : { "ANNO":"2010","ID_SEZIONE":"8981","ISTAT_COMUNE_SEZ":"5005","COMUNE_SEZ":"ASTI","PROVINCIA":"AT","ID_CENTRALE":"1075","NOME_CENTRALE":"QUARTO D'ASTI","ISTAT_COMUNE_CENTR":"5005","COMUNE_CENTR":"ASTI","PROVINCIA_CENTR":"AT","INDIRIZZO_CENTRALE":"VECCHIA DOGANA","LATITUDINE_SEZIONE":"44.91940","LONGITUDINE_SEZIONE":"8.29990","POS_X_SEZIONE":"444743.98860","POS_Y_SEZIONE":"4974235.65929","LATITUDINE_CENTRALE":"44.90735","LONGITUDINE_CENTRALE":"8.28284","POS_X_CENTRALE":"443386.02844","POS_Y_CENTRALE":"4972907.93639","TIPO_ADSL":"ADSL_1","DESCRIZIONE_TIPO_ADSL":"ADSL (8 mega)","DISTANZA_CALCOLATA":"1899.19","CLASSE_DISTANZA":"1700-2099","POTENZA_SEGNALE":"6874.88","POPOLAZIONE_SEZIONE": "140"}
			},
		 		{ "type" : "Feature",
				"geometry" : {
					"type" : "Point",
					"coordinates" : [8.29572,44.91516]},
			"properties" : { "ANNO":"2010","ID_SEZIONE":"10810","ISTAT_COMUNE_SEZ":"5005","COMUNE_SEZ":"ASTI","PROVINCIA":"AT","ID_CENTRALE":"1075","NOME_CENTRALE":"QUARTO D'ASTI","ISTAT_COMUNE_CENTR":"5005","COMUNE_CENTR":"ASTI","PROVINCIA_CENTR":"AT","INDIRIZZO_CENTRALE":"VECCHIA DOGANA","LATITUDINE_SEZIONE":"44.91516","LONGITUDINE_SEZIONE":"8.29572","POS_X_SEZIONE":"444409.71352","POS_Y_SEZIONE":"4973766.65552","LATITUDINE_CENTRALE":"44.90735","LONGITUDINE_CENTRALE":"8.28284","POS_X_CENTRALE":"443386.02844","POS_Y_CENTRALE":"4972907.93639","TIPO_ADSL":"ADSL_1","DESCRIZIONE_TIPO_ADSL":"ADSL (8 mega)","DISTANZA_CALCOLATA":"1336.16","CLASSE_DISTANZA":"1300-1699","POTENZA_SEGNALE":"7000","POPOLAZIONE_SEZIONE": "65"}
			},
		 		{ "type" : "Feature",
				"geometry" : {
					"type" : "Point",
					"coordinates" : [8.30193,44.91791]},
			"properties" : { "ANNO":"2010","ID_SEZIONE":"11443","ISTAT_COMUNE_SEZ":"5005","COMUNE_SEZ":"ASTI","PROVINCIA":"AT","ID_CENTRALE":"1075","NOME_CENTRALE":"QUARTO D'ASTI","ISTAT_COMUNE_CENTR":"5005","COMUNE_CENTR":"ASTI","PROVINCIA_CENTR":"AT","INDIRIZZO_CENTRALE":"VECCHIA DOGANA","LATITUDINE_SEZIONE":"44.91791","LONGITUDINE_SEZIONE":"8.30193","POS_X_SEZIONE":"444902.64357","POS_Y_SEZIONE":"4974068.65564","LATITUDINE_CENTRALE":"44.90735","LONGITUDINE_CENTRALE":"8.28284","POS_X_CENTRALE":"443386.02844","POS_Y_CENTRALE":"4972907.93639","TIPO_ADSL":"ADSL_1","DESCRIZIONE_TIPO_ADSL":"ADSL (8 mega)","DISTANZA_CALCOLATA":"1909.81","CLASSE_DISTANZA":"1700-2099","POTENZA_SEGNALE":"6874.88","POPOLAZIONE_SEZIONE": "10"}
			},
		 		{ "type" : "Feature",
				"geometry" : {
					"type" : "Point",
					"coordinates" : [8.28593,44.90021]},
			"properties" : { "ANNO":"2010","ID_SEZIONE":"12650","ISTAT_COMUNE_SEZ":"5005","COMUNE_SEZ":"ASTI","PROVINCIA":"AT","ID_CENTRALE":"1075","NOME_CENTRALE":"QUARTO D'ASTI","ISTAT_COMUNE_CENTR":"5005","COMUNE_CENTR":"ASTI","PROVINCIA_CENTR":"AT","INDIRIZZO_CENTRALE":"VECCHIA DOGANA","LATITUDINE_SEZIONE":"44.90021","LONGITUDINE_SEZIONE":"8.28593","POS_X_SEZIONE":"443622.79871","POS_Y_SEZIONE":"4972113.14076","LATITUDINE_CENTRALE":"44.90735","LONGITUDINE_CENTRALE":"8.28284","POS_X_CENTRALE":"443386.02844","POS_Y_CENTRALE":"4972907.93639","TIPO_ADSL":"ADSL_1","DESCRIZIONE_TIPO_ADSL":"ADSL (8 mega)","DISTANZA_CALCOLATA":"829.31","CLASSE_DISTANZA":"500-899","POTENZA_SEGNALE":"7000","POPOLAZIONE_SEZIONE": "263"}
			},
		 		{ "type" : "Feature",
				"geometry" : {
					"type" : "Point",
					"coordinates" : [8.30062,44.92305]},
			"properties" : { "ANNO":"2010","ID_SEZIONE":"14354","ISTAT_COMUNE_SEZ":"5023","COMUNE_SEZ":"CASTAGNOLE MONFERRATO","PROVINCIA":"AT","ID_CENTRALE":"1075","NOME_CENTRALE":"QUARTO D'ASTI","ISTAT_COMUNE_CENTR":"5005","COMUNE_CENTR":"ASTI","PROVINCIA_CENTR":"AT","INDIRIZZO_CENTRALE":"VECCHIA DOGANA","LATITUDINE_SEZIONE":"44.92305","LONGITUDINE_SEZIONE":"8.30062","POS_X_SEZIONE":"444804.29861","POS_Y_SEZIONE":"4974639.66569","LATITUDINE_CENTRALE":"44.90735","LONGITUDINE_CENTRALE":"8.28284","POS_X_CENTRALE":"443386.02844","POS_Y_CENTRALE":"4972907.93639","TIPO_ADSL":"ADSL_1","DESCRIZIONE_TIPO_ADSL":"ADSL (8 mega)","DISTANZA_CALCOLATA":"2238.39","CLASSE_DISTANZA":"2100-2499","POTENZA_SEGNALE":"6500.38","POPOLAZIONE_SEZIONE": "367"}
			},
		 		{ "type" : "Feature",
				"geometry" : {
					"type" : "Point",
					"coordinates" : [8.30330,44.91077]},
			"properties" : { "ANNO":"2010","ID_SEZIONE":"14969","ISTAT_COMUNE_SEZ":"5005","COMUNE_SEZ":"ASTI","PROVINCIA":"AT","ID_CENTRALE":"1075","NOME_CENTRALE":"QUARTO D'ASTI","ISTAT_COMUNE_CENTR":"5005","COMUNE_CENTR":"ASTI","PROVINCIA_CENTR":"AT","INDIRIZZO_CENTRALE":"VECCHIA DOGANA","LATITUDINE_SEZIONE":"44.91077","LONGITUDINE_SEZIONE":"8.30330","POS_X_SEZIONE":"445004.55564","POS_Y_SEZIONE":"4973274.14633","LATITUDINE_CENTRALE":"44.90735","LONGITUDINE_CENTRALE":"8.28284","POS_X_CENTRALE":"443386.02844","POS_Y_CENTRALE":"4972907.93639","TIPO_ADSL":"ADSL_1","DESCRIZIONE_TIPO_ADSL":"ADSL (8 mega)","DISTANZA_CALCOLATA":"1659.44","CLASSE_DISTANZA":"1300-1699","POTENZA_SEGNALE":"7000","POPOLAZIONE_SEZIONE": "131"}
			},
		 		{ "type" : "Feature",
				"geometry" : {
					"type" : "Point",
					"coordinates" : [8.30679,44.92781]},
			"properties" : { "ANNO":"2010","ID_SEZIONE":"15380","ISTAT_COMUNE_SEZ":"5023","COMUNE_SEZ":"CASTAGNOLE MONFERRATO","PROVINCIA":"AT","ID_CENTRALE":"1075","NOME_CENTRALE":"QUARTO D'ASTI","ISTAT_COMUNE_CENTR":"5005","COMUNE_CENTR":"ASTI","PROVINCIA_CENTR":"AT","INDIRIZZO_CENTRALE":"VECCHIA DOGANA","LATITUDINE_SEZIONE":"44.92781","LONGITUDINE_SEZIONE":"8.30679","POS_X_SEZIONE":"445295.85548","POS_Y_SEZIONE":"4975164.67049","LATITUDINE_CENTRALE":"44.90735","LONGITUDINE_CENTRALE":"8.28284","POS_X_CENTRALE":"443386.02844","POS_Y_CENTRALE":"4972907.93639","TIPO_ADSL":"ADSL_1","DESCRIZIONE_TIPO_ADSL":"ADSL (8 mega)","DISTANZA_CALCOLATA":"2956.4","CLASSE_DISTANZA":"2900-3299","POTENZA_SEGNALE":"4999.75","POPOLAZIONE_SEZIONE": ""}
			},
		 		{ "type" : "Feature",
				"geometry" : {
					"type" : "Point",
					"coordinates" : [8.27425,44.91141]},
			"properties" : { "ANNO":"2010","ID_SEZIONE":"17857","ISTAT_COMUNE_SEZ":"5005","COMUNE_SEZ":"ASTI","PROVINCIA":"AT","ID_CENTRALE":"1075","NOME_CENTRALE":"QUARTO D'ASTI","ISTAT_COMUNE_CENTR":"5005","COMUNE_CENTR":"ASTI","PROVINCIA_CENTR":"AT","INDIRIZZO_CENTRALE":"VECCHIA DOGANA","LATITUDINE_SEZIONE":"44.91141","LONGITUDINE_SEZIONE":"8.27425","POS_X_SEZIONE":"442711.29483","POS_Y_SEZIONE":"4973365.16099","LATITUDINE_CENTRALE":"44.90735","LONGITUDINE_CENTRALE":"8.28284","POS_X_CENTRALE":"443386.02844","POS_Y_CENTRALE":"4972907.93639","TIPO_ADSL":"ADSL_1","DESCRIZIONE_TIPO_ADSL":"ADSL (8 mega)","DISTANZA_CALCOLATA":"815.06","CLASSE_DISTANZA":"500-899","POTENZA_SEGNALE":"7000","POPOLAZIONE_SEZIONE": "50"}
			},
		 		{ "type" : "Feature",
				"geometry" : {
					"type" : "Point",
					"coordinates" : [8.26664,44.91650]},
			"properties" : { "ANNO":"2010","ID_SEZIONE":"18167","ISTAT_COMUNE_SEZ":"5005","COMUNE_SEZ":"ASTI","PROVINCIA":"AT","ID_CENTRALE":"1075","NOME_CENTRALE":"QUARTO D'ASTI","ISTAT_COMUNE_CENTR":"5005","COMUNE_CENTR":"ASTI","PROVINCIA_CENTR":"AT","INDIRIZZO_CENTRALE":"VECCHIA DOGANA","LATITUDINE_SEZIONE":"44.91650","LONGITUDINE_SEZIONE":"8.26664","POS_X_SEZIONE":"442115.98168","POS_Y_SEZIONE":"4973936.17155","LATITUDINE_CENTRALE":"44.90735","LONGITUDINE_CENTRALE":"8.28284","POS_X_CENTRALE":"443386.02844","POS_Y_CENTRALE":"4972907.93639","TIPO_ADSL":"ADSL_1","DESCRIZIONE_TIPO_ADSL":"ADSL (8 mega)","DISTANZA_CALCOLATA":"1634.1","CLASSE_DISTANZA":"1300-1699","POTENZA_SEGNALE":"7000","POPOLAZIONE_SEZIONE": "59"}
			},
		 		{ "type" : "Feature",
				"geometry" : {
					"type" : "Point",
					"coordinates" : [8.27209,44.91388]},
			"properties" : { "ANNO":"2010","ID_SEZIONE":"19058","ISTAT_COMUNE_SEZ":"5005","COMUNE_SEZ":"ASTI","PROVINCIA":"AT","ID_CENTRALE":"1075","NOME_CENTRALE":"QUARTO D'ASTI","ISTAT_COMUNE_CENTR":"5005","COMUNE_CENTR":"ASTI","PROVINCIA_CENTR":"AT","INDIRIZZO_CENTRALE":"VECCHIA DOGANA","LATITUDINE_SEZIONE":"44.91388","LONGITUDINE_SEZIONE":"8.27209","POS_X_SEZIONE":"442543.79352","POS_Y_SEZIONE":"4973641.66556","LATITUDINE_CENTRALE":"44.90735","LONGITUDINE_CENTRALE":"8.28284","POS_X_CENTRALE":"443386.02844","POS_Y_CENTRALE":"4972907.93639","TIPO_ADSL":"ADSL_1","DESCRIZIONE_TIPO_ADSL":"ADSL (8 mega)","DISTANZA_CALCOLATA":"1117.01","CLASSE_DISTANZA":"900-1299","POTENZA_SEGNALE":"7000","POPOLAZIONE_SEZIONE": "25"}
			},
		 		{ "type" : "Feature",
				"geometry" : {
					"type" : "Point",
					"coordinates" : [8.28994,44.90588]},
			"properties" : { "ANNO":"2010","ID_SEZIONE":"22519","ISTAT_COMUNE_SEZ":"5005","COMUNE_SEZ":"ASTI","PROVINCIA":"AT","ID_CENTRALE":"1075","NOME_CENTRALE":"QUARTO D'ASTI","ISTAT_COMUNE_CENTR":"5005","COMUNE_CENTR":"ASTI","PROVINCIA_CENTR":"AT","INDIRIZZO_CENTRALE":"VECCHIA DOGANA","LATITUDINE_SEZIONE":"44.90588","LONGITUDINE_SEZIONE":"8.28994","POS_X_SEZIONE":"443944.50879","POS_Y_SEZIONE":"4972740.64643","LATITUDINE_CENTRALE":"44.90735","LONGITUDINE_CENTRALE":"8.28284","POS_X_CENTRALE":"443386.02844","POS_Y_CENTRALE":"4972907.93639","TIPO_ADSL":"ADSL_1","DESCRIZIONE_TIPO_ADSL":"ADSL (8 mega)","DISTANZA_CALCOLATA":"583.00","CLASSE_DISTANZA":"500-899","POTENZA_SEGNALE":"7000","POPOLAZIONE_SEZIONE": "137"}
			},
		 		{ "type" : "Feature",
				"geometry" : {
					"type" : "Point",
					"coordinates" : [8.28806,44.92411]},
			"properties" : { "ANNO":"2010","ID_SEZIONE":"22865","ISTAT_COMUNE_SEZ":"5005","COMUNE_SEZ":"ASTI","PROVINCIA":"AT","ID_CENTRALE":"1075","NOME_CENTRALE":"QUARTO D'ASTI","ISTAT_COMUNE_CENTR":"5005","COMUNE_CENTR":"ASTI","PROVINCIA_CENTR":"AT","INDIRIZZO_CENTRALE":"VECCHIA DOGANA","LATITUDINE_SEZIONE":"44.92411","LONGITUDINE_SEZIONE":"8.28806","POS_X_SEZIONE":"443813.83922","POS_Y_SEZIONE":"4974766.17372","LATITUDINE_CENTRALE":"44.90735","LONGITUDINE_CENTRALE":"8.28284","POS_X_CENTRALE":"443386.02844","POS_Y_CENTRALE":"4972907.93639","TIPO_ADSL":"ADSL_1","DESCRIZIONE_TIPO_ADSL":"ADSL (8 mega)","DISTANZA_CALCOLATA":"1906.85","CLASSE_DISTANZA":"1700-2099","POTENZA_SEGNALE":"6874.88","POPOLAZIONE_SEZIONE": "15"}
			},
		 		{ "type" : "Feature",
				"geometry" : {
					"type" : "Point",
					"coordinates" : [8.28409,44.90795]},
			"properties" : { "ANNO":"2010","ID_SEZIONE":"23310","ISTAT_COMUNE_SEZ":"5005","COMUNE_SEZ":"ASTI","PROVINCIA":"AT","ID_CENTRALE":"1075","NOME_CENTRALE":"QUARTO D'ASTI","ISTAT_COMUNE_CENTR":"5005","COMUNE_CENTR":"ASTI","PROVINCIA_CENTR":"AT","INDIRIZZO_CENTRALE":"VECCHIA DOGANA","LATITUDINE_SEZIONE":"44.90795","LONGITUDINE_SEZIONE":"8.28409","POS_X_SEZIONE":"443485.35435","POS_Y_SEZIONE":"4972974.65193","LATITUDINE_CENTRALE":"44.90735","LONGITUDINE_CENTRALE":"8.28284","POS_X_CENTRALE":"443386.02844","POS_Y_CENTRALE":"4972907.93639","TIPO_ADSL":"ADSL_1","DESCRIZIONE_TIPO_ADSL":"ADSL (8 mega)","DISTANZA_CALCOLATA":"119.65","CLASSE_DISTANZA":"100-499","POTENZA_SEGNALE":"7000","POPOLAZIONE_SEZIONE": "433"}
			},
		 		{ "type" : "Feature",
				"geometry" : {
					"type" : "Point",
					"coordinates" : [8.28683,44.91869]},
			"properties" : { "ANNO":"2010","ID_SEZIONE":"26433","ISTAT_COMUNE_SEZ":"5005","COMUNE_SEZ":"ASTI","PROVINCIA":"AT","ID_CENTRALE":"1075","NOME_CENTRALE":"QUARTO D'ASTI","ISTAT_COMUNE_CENTR":"5005","COMUNE_CENTR":"ASTI","PROVINCIA_CENTR":"AT","INDIRIZZO_CENTRALE":"VECCHIA DOGANA","LATITUDINE_SEZIONE":"44.91869","LONGITUDINE_SEZIONE":"8.28683","POS_X_SEZIONE":"443711.59179","POS_Y_SEZIONE":"4974165.66531","LATITUDINE_CENTRALE":"44.90735","LONGITUDINE_CENTRALE":"8.28284","POS_X_CENTRALE":"443386.02844","POS_Y_CENTRALE":"4972907.93639","TIPO_ADSL":"ADSL_1","DESCRIZIONE_TIPO_ADSL":"ADSL (8 mega)","DISTANZA_CALCOLATA":"1299.18","CLASSE_DISTANZA":"900-1299","POTENZA_SEGNALE":"7000","POPOLAZIONE_SEZIONE": "107"}
			},
		 		{ "type" : "Feature",
				"geometry" : {
					"type" : "Point",
					"coordinates" : [8.26939,44.90454]},
			"properties" : { "ANNO":"2010","ID_SEZIONE":"27548","ISTAT_COMUNE_SEZ":"5005","COMUNE_SEZ":"ASTI","PROVINCIA":"AT","ID_CENTRALE":"1075","NOME_CENTRALE":"QUARTO D'ASTI","ISTAT_COMUNE_CENTR":"5005","COMUNE_CENTR":"ASTI","PROVINCIA_CENTR":"AT","INDIRIZZO_CENTRALE":"VECCHIA DOGANA","LATITUDINE_SEZIONE":"44.90454","LONGITUDINE_SEZIONE":"8.26939","POS_X_SEZIONE":"442321.18104","POS_Y_SEZIONE":"4972605.65404","LATITUDINE_CENTRALE":"44.90735","LONGITUDINE_CENTRALE":"8.28284","POS_X_CENTRALE":"443386.02844","POS_Y_CENTRALE":"4972907.93639","TIPO_ADSL":"ADSL_1","DESCRIZIONE_TIPO_ADSL":"ADSL (8 mega)","DISTANZA_CALCOLATA":"1106.92","CLASSE_DISTANZA":"900-1299","POTENZA_SEGNALE":"7000","POPOLAZIONE_SEZIONE": ""}
			},
		 		{ "type" : "Feature",
				"geometry" : {
					"type" : "Point",
					"coordinates" : [8.29138,44.91201]},
			"properties" : { "ANNO":"2010","ID_SEZIONE":"29192","ISTAT_COMUNE_SEZ":"5005","COMUNE_SEZ":"ASTI","PROVINCIA":"AT","ID_CENTRALE":"1075","NOME_CENTRALE":"QUARTO D'ASTI","ISTAT_COMUNE_CENTR":"5005","COMUNE_CENTR":"ASTI","PROVINCIA_CENTR":"AT","INDIRIZZO_CENTRALE":"VECCHIA DOGANA","LATITUDINE_SEZIONE":"44.91201","LONGITUDINE_SEZIONE":"8.29138","POS_X_SEZIONE":"444064.81291","POS_Y_SEZIONE":"4973420.15337","LATITUDINE_CENTRALE":"44.90735","LONGITUDINE_CENTRALE":"8.28284","POS_X_CENTRALE":"443386.02844","POS_Y_CENTRALE":"4972907.93639","TIPO_ADSL":"ADSL_1","DESCRIZIONE_TIPO_ADSL":"ADSL (8 mega)","DISTANZA_CALCOLATA":"850.36","CLASSE_DISTANZA":"500-899","POTENZA_SEGNALE":"7000","POPOLAZIONE_SEZIONE": "26"}
			}
		 		]
	}
		