 	{ "type" : "FeatureCollection",
		"features" : [
		 		{ "type" : "Feature",
				"geometry" : {
					"type" : "Point",
					"coordinates" : [7.49899,44.59242]},
			"properties" : { "ANNO":"2010","ID_SEZIONE":"1215","ISTAT_COMUNE_SEZ":"4240","COMUNE_SEZ":"VERZUOLO","PROVINCIA":"CN","ID_CENTRALE":"1600","NOME_CENTRALE":"VERZUOLO","ISTAT_COMUNE_CENTR":"4240","COMUNE_CENTR":"VERZUOLO","PROVINCIA_CENTR":"CN","INDIRIZZO_CENTRALE":"CANALASSA 8","LATITUDINE_SEZIONE":"44.59242","LONGITUDINE_SEZIONE":"7.49899","POS_X_SEZIONE":"380861.59494","POS_Y_SEZIONE":"4938770.29529","LATITUDINE_CENTRALE":"44.60222","LONGITUDINE_CENTRALE":"7.48385","POS_X_CENTRALE":"379680.08028","POS_Y_CENTRALE":"4939881.06385","TIPO_ADSL":"ADSL_2P","DESCRIZIONE_TIPO_ADSL":"ADSL 2+ (24 mega)","DISTANZA_CALCOLATA":"1621.66","CLASSE_DISTANZA":"1300-1699","POTENZA_SEGNALE":"16071.67","POPOLAZIONE_SEZIONE": "77"}
			},
		 		{ "type" : "Feature",
				"geometry" : {
					"type" : "Point",
					"coordinates" : [7.51512,44.59762]},
			"properties" : { "ANNO":"2010","ID_SEZIONE":"1939","ISTAT_COMUNE_SEZ":"4240","COMUNE_SEZ":"VERZUOLO","PROVINCIA":"CN","ID_CENTRALE":"1600","NOME_CENTRALE":"VERZUOLO","ISTAT_COMUNE_CENTR":"4240","COMUNE_CENTR":"VERZUOLO","PROVINCIA_CENTR":"CN","INDIRIZZO_CENTRALE":"CANALASSA 8","LATITUDINE_SEZIONE":"44.59762","LONGITUDINE_SEZIONE":"7.51512","POS_X_SEZIONE":"382152.38226","POS_Y_SEZIONE":"4939325.28844","LATITUDINE_CENTRALE":"44.60222","LONGITUDINE_CENTRALE":"7.48385","POS_X_CENTRALE":"379680.08028","POS_Y_CENTRALE":"4939881.06385","TIPO_ADSL":"ADSL_2P","DESCRIZIONE_TIPO_ADSL":"ADSL 2+ (24 mega)","DISTANZA_CALCOLATA":"2534","CLASSE_DISTANZA":"2500-2899","POTENZA_SEGNALE":"7380.83","POPOLAZIONE_SEZIONE": "144"}
			},
		 		{ "type" : "Feature",
				"geometry" : {
					"type" : "Point",
					"coordinates" : [7.48633,44.59606]},
			"properties" : { "ANNO":"2010","ID_SEZIONE":"3150","ISTAT_COMUNE_SEZ":"4240","COMUNE_SEZ":"VERZUOLO","PROVINCIA":"CN","ID_CENTRALE":"1600","NOME_CENTRALE":"VERZUOLO","ISTAT_COMUNE_CENTR":"4240","COMUNE_CENTR":"VERZUOLO","PROVINCIA_CENTR":"CN","INDIRIZZO_CENTRALE":"CANALASSA 8","LATITUDINE_SEZIONE":"44.59606","LONGITUDINE_SEZIONE":"7.48633","POS_X_SEZIONE":"379864.28345","POS_Y_SEZIONE":"4939193.30508","LATITUDINE_CENTRALE":"44.60222","LONGITUDINE_CENTRALE":"7.48385","POS_X_CENTRALE":"379680.08028","POS_Y_CENTRALE":"4939881.06385","TIPO_ADSL":"ADSL_2P","DESCRIZIONE_TIPO_ADSL":"ADSL 2+ (24 mega)","DISTANZA_CALCOLATA":"712.00","CLASSE_DISTANZA":"500-899","POTENZA_SEGNALE":"19523.33","POPOLAZIONE_SEZIONE": "23"}
			},
		 		{ "type" : "Feature",
				"geometry" : {
					"type" : "Point",
					"coordinates" : [7.48444,44.59874]},
			"properties" : { "ANNO":"2010","ID_SEZIONE":"3151","ISTAT_COMUNE_SEZ":"4240","COMUNE_SEZ":"VERZUOLO","PROVINCIA":"CN","ID_CENTRALE":"1600","NOME_CENTRALE":"VERZUOLO","ISTAT_COMUNE_CENTR":"4240","COMUNE_CENTR":"VERZUOLO","PROVINCIA_CENTR":"CN","INDIRIZZO_CENTRALE":"CANALASSA 8","LATITUDINE_SEZIONE":"44.59874","LONGITUDINE_SEZIONE":"7.48444","POS_X_SEZIONE":"379719.30962","POS_Y_SEZIONE":"4939493.80761","LATITUDINE_CENTRALE":"44.60222","LONGITUDINE_CENTRALE":"7.48385","POS_X_CENTRALE":"379680.08028","POS_Y_CENTRALE":"4939881.06385","TIPO_ADSL":"ADSL_2P","DESCRIZIONE_TIPO_ADSL":"ADSL 2+ (24 mega)","DISTANZA_CALCOLATA":"389.24","CLASSE_DISTANZA":"100-499","POTENZA_SEGNALE":"19761.67","POPOLAZIONE_SEZIONE": "1"}
			},
		 		{ "type" : "Feature",
				"geometry" : {
					"type" : "Point",
					"coordinates" : [7.49276,44.59087]},
			"properties" : { "ANNO":"2010","ID_SEZIONE":"3152","ISTAT_COMUNE_SEZ":"4240","COMUNE_SEZ":"VERZUOLO","PROVINCIA":"CN","ID_CENTRALE":"1600","NOME_CENTRALE":"VERZUOLO","ISTAT_COMUNE_CENTR":"4240","COMUNE_CENTR":"VERZUOLO","PROVINCIA_CENTR":"CN","INDIRIZZO_CENTRALE":"CANALASSA 8","LATITUDINE_SEZIONE":"44.59087","LONGITUDINE_SEZIONE":"7.49276","POS_X_SEZIONE":"380363.97855","POS_Y_SEZIONE":"4938607.79878","LATITUDINE_CENTRALE":"44.60222","LONGITUDINE_CENTRALE":"7.48385","POS_X_CENTRALE":"379680.08028","POS_Y_CENTRALE":"4939881.06385","TIPO_ADSL":"ADSL_2P","DESCRIZIONE_TIPO_ADSL":"ADSL 2+ (24 mega)","DISTANZA_CALCOLATA":"1445.31","CLASSE_DISTANZA":"1300-1699","POTENZA_SEGNALE":"16071.67","POPOLAZIONE_SEZIONE": "34"}
			},
		 		{ "type" : "Feature",
				"geometry" : {
					"type" : "Point",
					"coordinates" : [7.49672,44.62745]},
			"properties" : { "ANNO":"2010","ID_SEZIONE":"3243","ISTAT_COMUNE_SEZ":"4116","COMUNE_SEZ":"MANTA","PROVINCIA":"CN","ID_CENTRALE":"1600","NOME_CENTRALE":"VERZUOLO","ISTAT_COMUNE_CENTR":"4240","COMUNE_CENTR":"VERZUOLO","PROVINCIA_CENTR":"CN","INDIRIZZO_CENTRALE":"CANALASSA 8","LATITUDINE_SEZIONE":"44.62745","LONGITUDINE_SEZIONE":"7.49672","POS_X_SEZIONE":"380752.95366","POS_Y_SEZIONE":"4942665.31430","LATITUDINE_CENTRALE":"44.60222","LONGITUDINE_CENTRALE":"7.48385","POS_X_CENTRALE":"379680.08028","POS_Y_CENTRALE":"4939881.06385","TIPO_ADSL":"ADSL_2P","DESCRIZIONE_TIPO_ADSL":"ADSL 2+ (24 mega)","DISTANZA_CALCOLATA":"2983.81","CLASSE_DISTANZA":"2900-3299","POTENZA_SEGNALE":"5238.33","POPOLAZIONE_SEZIONE": "19"}
			},
		 		{ "type" : "Feature",
				"geometry" : {
					"type" : "Point",
					"coordinates" : [7.47501,44.60252]},
			"properties" : { "ANNO":"2010","ID_SEZIONE":"3840","ISTAT_COMUNE_SEZ":"4240","COMUNE_SEZ":"VERZUOLO","PROVINCIA":"CN","ID_CENTRALE":"1600","NOME_CENTRALE":"VERZUOLO","ISTAT_COMUNE_CENTR":"4240","COMUNE_CENTR":"VERZUOLO","PROVINCIA_CENTR":"CN","INDIRIZZO_CENTRALE":"CANALASSA 8","LATITUDINE_SEZIONE":"44.60252","LONGITUDINE_SEZIONE":"7.47501","POS_X_SEZIONE":"378978.84037","POS_Y_SEZIONE":"4939928.31539","LATITUDINE_CENTRALE":"44.60222","LONGITUDINE_CENTRALE":"7.48385","POS_X_CENTRALE":"379680.08028","POS_Y_CENTRALE":"4939881.06385","TIPO_ADSL":"ADSL_2P","DESCRIZIONE_TIPO_ADSL":"ADSL 2+ (24 mega)","DISTANZA_CALCOLATA":"702.83","CLASSE_DISTANZA":"500-899","POTENZA_SEGNALE":"19523.33","POPOLAZIONE_SEZIONE": "376"}
			},
		 		{ "type" : "Feature",
				"geometry" : {
					"type" : "Point",
					"coordinates" : [7.48392,44.60038]},
			"properties" : { "ANNO":"2010","ID_SEZIONE":"5242","ISTAT_COMUNE_SEZ":"4240","COMUNE_SEZ":"VERZUOLO","PROVINCIA":"CN","ID_CENTRALE":"1600","NOME_CENTRALE":"VERZUOLO","ISTAT_COMUNE_CENTR":"4240","COMUNE_CENTR":"VERZUOLO","PROVINCIA_CENTR":"CN","INDIRIZZO_CENTRALE":"CANALASSA 8","LATITUDINE_SEZIONE":"44.60038","LONGITUDINE_SEZIONE":"7.48392","POS_X_SEZIONE":"379681.96332","POS_Y_SEZIONE":"4939676.80870","LATITUDINE_CENTRALE":"44.60222","LONGITUDINE_CENTRALE":"7.48385","POS_X_CENTRALE":"379680.08028","POS_Y_CENTRALE":"4939881.06385","TIPO_ADSL":"ADSL_2P","DESCRIZIONE_TIPO_ADSL":"ADSL 2+ (24 mega)","DISTANZA_CALCOLATA":"204.26","CLASSE_DISTANZA":"100-499","POTENZA_SEGNALE":"19761.67","POPOLAZIONE_SEZIONE": ""}
			},
		 		{ "type" : "Feature",
				"geometry" : {
					"type" : "Point",
					"coordinates" : [7.52124,44.59307]},
			"properties" : { "ANNO":"2010","ID_SEZIONE":"5655","ISTAT_COMUNE_SEZ":"4240","COMUNE_SEZ":"VERZUOLO","PROVINCIA":"CN","ID_CENTRALE":"1600","NOME_CENTRALE":"VERZUOLO","ISTAT_COMUNE_CENTR":"4240","COMUNE_CENTR":"VERZUOLO","PROVINCIA_CENTR":"CN","INDIRIZZO_CENTRALE":"CANALASSA 8","LATITUDINE_SEZIONE":"44.59307","LONGITUDINE_SEZIONE":"7.52124","POS_X_SEZIONE":"382628.57503","POS_Y_SEZIONE":"4938810.78220","LATITUDINE_CENTRALE":"44.60222","LONGITUDINE_CENTRALE":"7.48385","POS_X_CENTRALE":"379680.08028","POS_Y_CENTRALE":"4939881.06385","TIPO_ADSL":"ADSL_2P","DESCRIZIONE_TIPO_ADSL":"ADSL 2+ (24 mega)","DISTANZA_CALCOLATA":"3136.74","CLASSE_DISTANZA":"2900-3299","POTENZA_SEGNALE":"5238.33","POPOLAZIONE_SEZIONE": "34"}
			},
		 		{ "type" : "Feature",
				"geometry" : {
					"type" : "Point",
					"coordinates" : [7.51908,44.61864]},
			"properties" : { "ANNO":"2010","ID_SEZIONE":"5982","ISTAT_COMUNE_SEZ":"4116","COMUNE_SEZ":"MANTA","PROVINCIA":"CN","ID_CENTRALE":"1600","NOME_CENTRALE":"VERZUOLO","ISTAT_COMUNE_CENTR":"4240","COMUNE_CENTR":"VERZUOLO","PROVINCIA_CENTR":"CN","INDIRIZZO_CENTRALE":"CANALASSA 8","LATITUDINE_SEZIONE":"44.61864","LONGITUDINE_SEZIONE":"7.51908","POS_X_SEZIONE":"382509.11366","POS_Y_SEZIONE":"4941653.79686","LATITUDINE_CENTRALE":"44.60222","LONGITUDINE_CENTRALE":"7.48385","POS_X_CENTRALE":"379680.08028","POS_Y_CENTRALE":"4939881.06385","TIPO_ADSL":"ADSL_2P","DESCRIZIONE_TIPO_ADSL":"ADSL 2+ (24 mega)","DISTANZA_CALCOLATA":"3338.56","CLASSE_DISTANZA":"3300-3699","POTENZA_SEGNALE":"4047.5","POPOLAZIONE_SEZIONE": "18"}
			},
		 		{ "type" : "Feature",
				"geometry" : {
					"type" : "Point",
					"coordinates" : [7.48838,44.62042]},
			"properties" : { "ANNO":"2010","ID_SEZIONE":"6492","ISTAT_COMUNE_SEZ":"4116","COMUNE_SEZ":"MANTA","PROVINCIA":"CN","ID_CENTRALE":"1600","NOME_CENTRALE":"VERZUOLO","ISTAT_COMUNE_CENTR":"4240","COMUNE_CENTR":"VERZUOLO","PROVINCIA_CENTR":"CN","INDIRIZZO_CENTRALE":"CANALASSA 8","LATITUDINE_SEZIONE":"44.62042","LONGITUDINE_SEZIONE":"7.48838","POS_X_SEZIONE":"380077.16332","POS_Y_SEZIONE":"4941896.31590","LATITUDINE_CENTRALE":"44.60222","LONGITUDINE_CENTRALE":"7.48385","POS_X_CENTRALE":"379680.08028","POS_Y_CENTRALE":"4939881.06385","TIPO_ADSL":"ADSL_2P","DESCRIZIONE_TIPO_ADSL":"ADSL 2+ (24 mega)","DISTANZA_CALCOLATA":"2054","CLASSE_DISTANZA":"1700-2099","POTENZA_SEGNALE":"12975.83","POPOLAZIONE_SEZIONE": "780"}
			},
		 		{ "type" : "Feature",
				"geometry" : {
					"type" : "Point",
					"coordinates" : [7.49127,44.61895]},
			"properties" : { "ANNO":"2010","ID_SEZIONE":"7079","ISTAT_COMUNE_SEZ":"4116","COMUNE_SEZ":"MANTA","PROVINCIA":"CN","ID_CENTRALE":"1600","NOME_CENTRALE":"VERZUOLO","ISTAT_COMUNE_CENTR":"4240","COMUNE_CENTR":"VERZUOLO","PROVINCIA_CENTR":"CN","INDIRIZZO_CENTRALE":"CANALASSA 8","LATITUDINE_SEZIONE":"44.61895","LONGITUDINE_SEZIONE":"7.49127","POS_X_SEZIONE":"380303.32089","POS_Y_SEZIONE":"4941729.31328","LATITUDINE_CENTRALE":"44.60222","LONGITUDINE_CENTRALE":"7.48385","POS_X_CENTRALE":"379680.08028","POS_Y_CENTRALE":"4939881.06385","TIPO_ADSL":"ADSL_2P","DESCRIZIONE_TIPO_ADSL":"ADSL 2+ (24 mega)","DISTANZA_CALCOLATA":"1950.5","CLASSE_DISTANZA":"1700-2099","POTENZA_SEGNALE":"12975.83","POPOLAZIONE_SEZIONE": "709"}
			},
		 		{ "type" : "Feature",
				"geometry" : {
					"type" : "Point",
					"coordinates" : [7.49776,44.60290]},
			"properties" : { "ANNO":"2010","ID_SEZIONE":"7081","ISTAT_COMUNE_SEZ":"4240","COMUNE_SEZ":"VERZUOLO","PROVINCIA":"CN","ID_CENTRALE":"1600","NOME_CENTRALE":"VERZUOLO","ISTAT_COMUNE_CENTR":"4240","COMUNE_CENTR":"VERZUOLO","PROVINCIA_CENTR":"CN","INDIRIZZO_CENTRALE":"CANALASSA 8","LATITUDINE_SEZIONE":"44.60290","LONGITUDINE_SEZIONE":"7.49776","POS_X_SEZIONE":"380784.91474","POS_Y_SEZIONE":"4939936.80179","LATITUDINE_CENTRALE":"44.60222","LONGITUDINE_CENTRALE":"7.48385","POS_X_CENTRALE":"379680.08028","POS_Y_CENTRALE":"4939881.06385","TIPO_ADSL":"ADSL_2P","DESCRIZIONE_TIPO_ADSL":"ADSL 2+ (24 mega)","DISTANZA_CALCOLATA":"1106.24","CLASSE_DISTANZA":"900-1299","POTENZA_SEGNALE":"17737.5","POPOLAZIONE_SEZIONE": "55"}
			},
		 		{ "type" : "Feature",
				"geometry" : {
					"type" : "Point",
					"coordinates" : [7.48991,44.57823]},
			"properties" : { "ANNO":"2010","ID_SEZIONE":"7084","ISTAT_COMUNE_SEZ":"4240","COMUNE_SEZ":"VERZUOLO","PROVINCIA":"CN","ID_CENTRALE":"1600","NOME_CENTRALE":"VERZUOLO","ISTAT_COMUNE_CENTR":"4240","COMUNE_CENTR":"VERZUOLO","PROVINCIA_CENTR":"CN","INDIRIZZO_CENTRALE":"CANALASSA 8","LATITUDINE_SEZIONE":"44.57823","LONGITUDINE_SEZIONE":"7.48991","POS_X_SEZIONE":"380111.79141","POS_Y_SEZIONE":"4937207.29497","LATITUDINE_CENTRALE":"44.60222","LONGITUDINE_CENTRALE":"7.48385","POS_X_CENTRALE":"379680.08028","POS_Y_CENTRALE":"4939881.06385","TIPO_ADSL":"ADSL_2P","DESCRIZIONE_TIPO_ADSL":"ADSL 2+ (24 mega)","DISTANZA_CALCOLATA":"2708.4","CLASSE_DISTANZA":"2500-2899","POTENZA_SEGNALE":"7380.83","POPOLAZIONE_SEZIONE": "45"}
			},
		 		{ "type" : "Feature",
				"geometry" : {
					"type" : "Point",
					"coordinates" : [7.46807,44.59400]},
			"properties" : { "ANNO":"2010","ID_SEZIONE":"7315","ISTAT_COMUNE_SEZ":"4240","COMUNE_SEZ":"VERZUOLO","PROVINCIA":"CN","ID_CENTRALE":"1600","NOME_CENTRALE":"VERZUOLO","ISTAT_COMUNE_CENTR":"4240","COMUNE_CENTR":"VERZUOLO","PROVINCIA_CENTR":"CN","INDIRIZZO_CENTRALE":"CANALASSA 8","LATITUDINE_SEZIONE":"44.59400","LONGITUDINE_SEZIONE":"7.46807","POS_X_SEZIONE":"378410.92844","POS_Y_SEZIONE":"4938992.31539","LATITUDINE_CENTRALE":"44.60222","LONGITUDINE_CENTRALE":"7.48385","POS_X_CENTRALE":"379680.08028","POS_Y_CENTRALE":"4939881.06385","TIPO_ADSL":"ADSL_2P","DESCRIZIONE_TIPO_ADSL":"ADSL 2+ (24 mega)","DISTANZA_CALCOLATA":"1549.39","CLASSE_DISTANZA":"1300-1699","POTENZA_SEGNALE":"16071.67","POPOLAZIONE_SEZIONE": "126"}
			},
		 		{ "type" : "Feature",
				"geometry" : {
					"type" : "Point",
					"coordinates" : [7.48260,44.59887]},
			"properties" : { "ANNO":"2010","ID_SEZIONE":"9188","ISTAT_COMUNE_SEZ":"4240","COMUNE_SEZ":"VERZUOLO","PROVINCIA":"CN","ID_CENTRALE":"1600","NOME_CENTRALE":"VERZUOLO","ISTAT_COMUNE_CENTR":"4240","COMUNE_CENTR":"VERZUOLO","PROVINCIA_CENTR":"CN","INDIRIZZO_CENTRALE":"CANALASSA 8","LATITUDINE_SEZIONE":"44.59887","LONGITUDINE_SEZIONE":"7.48260","POS_X_SEZIONE":"379573.74905","POS_Y_SEZIONE":"4939510.80908","LATITUDINE_CENTRALE":"44.60222","LONGITUDINE_CENTRALE":"7.48385","POS_X_CENTRALE":"379680.08028","POS_Y_CENTRALE":"4939881.06385","TIPO_ADSL":"ADSL_2P","DESCRIZIONE_TIPO_ADSL":"ADSL 2+ (24 mega)","DISTANZA_CALCOLATA":"385.22","CLASSE_DISTANZA":"100-499","POTENZA_SEGNALE":"19761.67","POPOLAZIONE_SEZIONE": "142"}
			},
		 		{ "type" : "Feature",
				"geometry" : {
					"type" : "Point",
					"coordinates" : [7.47874,44.58242]},
			"properties" : { "ANNO":"2010","ID_SEZIONE":"9229","ISTAT_COMUNE_SEZ":"4240","COMUNE_SEZ":"VERZUOLO","PROVINCIA":"CN","ID_CENTRALE":"1600","NOME_CENTRALE":"VERZUOLO","ISTAT_COMUNE_CENTR":"4240","COMUNE_CENTR":"VERZUOLO","PROVINCIA_CENTR":"CN","INDIRIZZO_CENTRALE":"CANALASSA 8","LATITUDINE_SEZIONE":"44.58242","LONGITUDINE_SEZIONE":"7.47874","POS_X_SEZIONE":"379233.29106","POS_Y_SEZIONE":"4937689.80326","LATITUDINE_CENTRALE":"44.60222","LONGITUDINE_CENTRALE":"7.48385","POS_X_CENTRALE":"379680.08028","POS_Y_CENTRALE":"4939881.06385","TIPO_ADSL":"ADSL_2P","DESCRIZIONE_TIPO_ADSL":"ADSL 2+ (24 mega)","DISTANZA_CALCOLATA":"2236.35","CLASSE_DISTANZA":"2100-2499","POTENZA_SEGNALE":"10000","POPOLAZIONE_SEZIONE": "5"}
			},
		 		{ "type" : "Feature",
				"geometry" : {
					"type" : "Point",
					"coordinates" : [7.54577,44.60043]},
			"properties" : { "ANNO":"2010","ID_SEZIONE":"9808","ISTAT_COMUNE_SEZ":"4240","COMUNE_SEZ":"VERZUOLO","PROVINCIA":"CN","ID_CENTRALE":"1600","NOME_CENTRALE":"VERZUOLO","ISTAT_COMUNE_CENTR":"4240","COMUNE_CENTR":"VERZUOLO","PROVINCIA_CENTR":"CN","INDIRIZZO_CENTRALE":"CANALASSA 8","LATITUDINE_SEZIONE":"44.60043","LONGITUDINE_SEZIONE":"7.54577","POS_X_SEZIONE":"384590.07110","POS_Y_SEZIONE":"4939593.77100","LATITUDINE_CENTRALE":"44.60222","LONGITUDINE_CENTRALE":"7.48385","POS_X_CENTRALE":"379680.08028","POS_Y_CENTRALE":"4939881.06385","TIPO_ADSL":"ADSL_2P","DESCRIZIONE_TIPO_ADSL":"ADSL 2+ (24 mega)","DISTANZA_CALCOLATA":"4918.39","CLASSE_DISTANZA":"4900-5299","POTENZA_SEGNALE":"952.50","POPOLAZIONE_SEZIONE": "23"}
			},
		 		{ "type" : "Feature",
				"geometry" : {
					"type" : "Point",
					"coordinates" : [7.48798,44.61123]},
			"properties" : { "ANNO":"2010","ID_SEZIONE":"10145","ISTAT_COMUNE_SEZ":"4116","COMUNE_SEZ":"MANTA","PROVINCIA":"CN","ID_CENTRALE":"1600","NOME_CENTRALE":"VERZUOLO","ISTAT_COMUNE_CENTR":"4240","COMUNE_CENTR":"VERZUOLO","PROVINCIA_CENTR":"CN","INDIRIZZO_CENTRALE":"CANALASSA 8","LATITUDINE_SEZIONE":"44.61123","LONGITUDINE_SEZIONE":"7.48798","POS_X_SEZIONE":"380026.43487","POS_Y_SEZIONE":"4940876.31155","LATITUDINE_CENTRALE":"44.60222","LONGITUDINE_CENTRALE":"7.48385","POS_X_CENTRALE":"379680.08028","POS_Y_CENTRALE":"4939881.06385","TIPO_ADSL":"ADSL_2P","DESCRIZIONE_TIPO_ADSL":"ADSL 2+ (24 mega)","DISTANZA_CALCOLATA":"1053.79","CLASSE_DISTANZA":"900-1299","POTENZA_SEGNALE":"17737.5","POPOLAZIONE_SEZIONE": "576"}
			},
		 		{ "type" : "Feature",
				"geometry" : {
					"type" : "Point",
					"coordinates" : [7.47946,44.59957]},
			"properties" : { "ANNO":"2010","ID_SEZIONE":"10146","ISTAT_COMUNE_SEZ":"4240","COMUNE_SEZ":"VERZUOLO","PROVINCIA":"CN","ID_CENTRALE":"1600","NOME_CENTRALE":"VERZUOLO","ISTAT_COMUNE_CENTR":"4240","COMUNE_CENTR":"VERZUOLO","PROVINCIA_CENTR":"CN","INDIRIZZO_CENTRALE":"CANALASSA 8","LATITUDINE_SEZIONE":"44.59957","LONGITUDINE_SEZIONE":"7.47946","POS_X_SEZIONE":"379325.84377","POS_Y_SEZIONE":"4939593.81094","LATITUDINE_CENTRALE":"44.60222","LONGITUDINE_CENTRALE":"7.48385","POS_X_CENTRALE":"379680.08028","POS_Y_CENTRALE":"4939881.06385","TIPO_ADSL":"ADSL_2P","DESCRIZIONE_TIPO_ADSL":"ADSL 2+ (24 mega)","DISTANZA_CALCOLATA":"456.07","CLASSE_DISTANZA":"100-499","POTENZA_SEGNALE":"19761.67","POPOLAZIONE_SEZIONE": "130"}
			},
		 		{ "type" : "Feature",
				"geometry" : {
					"type" : "Point",
					"coordinates" : [7.48162,44.58804]},
			"properties" : { "ANNO":"2010","ID_SEZIONE":"11249","ISTAT_COMUNE_SEZ":"4240","COMUNE_SEZ":"VERZUOLO","PROVINCIA":"CN","ID_CENTRALE":"1600","NOME_CENTRALE":"VERZUOLO","ISTAT_COMUNE_CENTR":"4240","COMUNE_CENTR":"VERZUOLO","PROVINCIA_CENTR":"CN","INDIRIZZO_CENTRALE":"CANALASSA 8","LATITUDINE_SEZIONE":"44.58804","LONGITUDINE_SEZIONE":"7.48162","POS_X_SEZIONE":"379473.83737","POS_Y_SEZIONE":"4938309.80454","LATITUDINE_CENTRALE":"44.60222","LONGITUDINE_CENTRALE":"7.48385","POS_X_CENTRALE":"379680.08028","POS_Y_CENTRALE":"4939881.06385","TIPO_ADSL":"ADSL_2P","DESCRIZIONE_TIPO_ADSL":"ADSL 2+ (24 mega)","DISTANZA_CALCOLATA":"1584.74","CLASSE_DISTANZA":"1300-1699","POTENZA_SEGNALE":"16071.67","POPOLAZIONE_SEZIONE": "139"}
			},
		 		{ "type" : "Feature",
				"geometry" : {
					"type" : "Point",
					"coordinates" : [7.48331,44.59573]},
			"properties" : { "ANNO":"2010","ID_SEZIONE":"11879","ISTAT_COMUNE_SEZ":"4240","COMUNE_SEZ":"VERZUOLO","PROVINCIA":"CN","ID_CENTRALE":"1600","NOME_CENTRALE":"VERZUOLO","ISTAT_COMUNE_CENTR":"4240","COMUNE_CENTR":"VERZUOLO","PROVINCIA_CENTR":"CN","INDIRIZZO_CENTRALE":"CANALASSA 8","LATITUDINE_SEZIONE":"44.59573","LONGITUDINE_SEZIONE":"7.48331","POS_X_SEZIONE":"379623.81804","POS_Y_SEZIONE":"4939161.30713","LATITUDINE_CENTRALE":"44.60222","LONGITUDINE_CENTRALE":"7.48385","POS_X_CENTRALE":"379680.08028","POS_Y_CENTRALE":"4939881.06385","TIPO_ADSL":"ADSL_2P","DESCRIZIONE_TIPO_ADSL":"ADSL 2+ (24 mega)","DISTANZA_CALCOLATA":"721.95","CLASSE_DISTANZA":"500-899","POTENZA_SEGNALE":"19523.33","POPOLAZIONE_SEZIONE": "84"}
			},
		 		{ "type" : "Feature",
				"geometry" : {
					"type" : "Point",
					"coordinates" : [7.45150,44.58746]},
			"properties" : { "ANNO":"2010","ID_SEZIONE":"12456","ISTAT_COMUNE_SEZ":"4240","COMUNE_SEZ":"VERZUOLO","PROVINCIA":"CN","ID_CENTRALE":"1600","NOME_CENTRALE":"VERZUOLO","ISTAT_COMUNE_CENTR":"4240","COMUNE_CENTR":"VERZUOLO","PROVINCIA_CENTR":"CN","INDIRIZZO_CENTRALE":"CANALASSA 8","LATITUDINE_SEZIONE":"44.58746","LONGITUDINE_SEZIONE":"7.45150","POS_X_SEZIONE":"377081.30181","POS_Y_SEZIONE":"4938289.82323","LATITUDINE_CENTRALE":"44.60222","LONGITUDINE_CENTRALE":"7.48385","POS_X_CENTRALE":"379680.08028","POS_Y_CENTRALE":"4939881.06385","TIPO_ADSL":"ADSL_2P","DESCRIZIONE_TIPO_ADSL":"ADSL 2+ (24 mega)","DISTANZA_CALCOLATA":"3047.24","CLASSE_DISTANZA":"2900-3299","POTENZA_SEGNALE":"5238.33","POPOLAZIONE_SEZIONE": "24"}
			},
		 		{ "type" : "Feature",
				"geometry" : {
					"type" : "Point",
					"coordinates" : [7.47449,44.61472]},
			"properties" : { "ANNO":"2010","ID_SEZIONE":"12947","ISTAT_COMUNE_SEZ":"4116","COMUNE_SEZ":"MANTA","PROVINCIA":"CN","ID_CENTRALE":"1600","NOME_CENTRALE":"VERZUOLO","ISTAT_COMUNE_CENTR":"4240","COMUNE_CENTR":"VERZUOLO","PROVINCIA_CENTR":"CN","INDIRIZZO_CENTRALE":"CANALASSA 8","LATITUDINE_SEZIONE":"44.61472","LONGITUDINE_SEZIONE":"7.47449","POS_X_SEZIONE":"378963.56178","POS_Y_SEZIONE":"4941284.32128","LATITUDINE_CENTRALE":"44.60222","LONGITUDINE_CENTRALE":"7.48385","POS_X_CENTRALE":"379680.08028","POS_Y_CENTRALE":"4939881.06385","TIPO_ADSL":"ADSL_2P","DESCRIZIONE_TIPO_ADSL":"ADSL 2+ (24 mega)","DISTANZA_CALCOLATA":"1575.6","CLASSE_DISTANZA":"1300-1699","POTENZA_SEGNALE":"16071.67","POPOLAZIONE_SEZIONE": "104"}
			},
		 		{ "type" : "Feature",
				"geometry" : {
					"type" : "Point",
					"coordinates" : [7.51467,44.60373]},
			"properties" : { "ANNO":"2010","ID_SEZIONE":"13559","ISTAT_COMUNE_SEZ":"4240","COMUNE_SEZ":"VERZUOLO","PROVINCIA":"CN","ID_CENTRALE":"1600","NOME_CENTRALE":"VERZUOLO","ISTAT_COMUNE_CENTR":"4240","COMUNE_CENTR":"VERZUOLO","PROVINCIA_CENTR":"CN","INDIRIZZO_CENTRALE":"CANALASSA 8","LATITUDINE_SEZIONE":"44.60373","LONGITUDINE_SEZIONE":"7.51467","POS_X_SEZIONE":"382129.14975","POS_Y_SEZIONE":"4940003.79187","LATITUDINE_CENTRALE":"44.60222","LONGITUDINE_CENTRALE":"7.48385","POS_X_CENTRALE":"379680.08028","POS_Y_CENTRALE":"4939881.06385","TIPO_ADSL":"ADSL_2P","DESCRIZIONE_TIPO_ADSL":"ADSL 2+ (24 mega)","DISTANZA_CALCOLATA":"2452.14","CLASSE_DISTANZA":"2100-2499","POTENZA_SEGNALE":"10000","POPOLAZIONE_SEZIONE": "183"}
			},
		 		{ "type" : "Feature",
				"geometry" : {
					"type" : "Point",
					"coordinates" : [7.52851,44.61386]},
			"properties" : { "ANNO":"2010","ID_SEZIONE":"14803","ISTAT_COMUNE_SEZ":"4240","COMUNE_SEZ":"VERZUOLO","PROVINCIA":"CN","ID_CENTRALE":"1600","NOME_CENTRALE":"VERZUOLO","ISTAT_COMUNE_CENTR":"4240","COMUNE_CENTR":"VERZUOLO","PROVINCIA_CENTR":"CN","INDIRIZZO_CENTRALE":"CANALASSA 8","LATITUDINE_SEZIONE":"44.61386","LONGITUDINE_SEZIONE":"7.52851","POS_X_SEZIONE":"383247.89945","POS_Y_SEZIONE":"4941109.28896","LATITUDINE_CENTRALE":"44.60222","LONGITUDINE_CENTRALE":"7.48385","POS_X_CENTRALE":"379680.08028","POS_Y_CENTRALE":"4939881.06385","TIPO_ADSL":"ADSL_2P","DESCRIZIONE_TIPO_ADSL":"ADSL 2+ (24 mega)","DISTANZA_CALCOLATA":"3773.31","CLASSE_DISTANZA":"3700-4099","POTENZA_SEGNALE":"2857.5","POPOLAZIONE_SEZIONE": "25"}
			},
		 		{ "type" : "Feature",
				"geometry" : {
					"type" : "Point",
					"coordinates" : [7.47917,44.58674]},
			"properties" : { "ANNO":"2010","ID_SEZIONE":"15437","ISTAT_COMUNE_SEZ":"4240","COMUNE_SEZ":"VERZUOLO","PROVINCIA":"CN","ID_CENTRALE":"1600","NOME_CENTRALE":"VERZUOLO","ISTAT_COMUNE_CENTR":"4240","COMUNE_CENTR":"VERZUOLO","PROVINCIA_CENTR":"CN","INDIRIZZO_CENTRALE":"CANALASSA 8","LATITUDINE_SEZIONE":"44.58674","LONGITUDINE_SEZIONE":"7.47917","POS_X_SEZIONE":"379276.56121","POS_Y_SEZIONE":"4938168.80537","LATITUDINE_CENTRALE":"44.60222","LONGITUDINE_CENTRALE":"7.48385","POS_X_CENTRALE":"379680.08028","POS_Y_CENTRALE":"4939881.06385","TIPO_ADSL":"ADSL_2P","DESCRIZIONE_TIPO_ADSL":"ADSL 2+ (24 mega)","DISTANZA_CALCOLATA":"1759.16","CLASSE_DISTANZA":"1700-2099","POTENZA_SEGNALE":"12975.83","POPOLAZIONE_SEZIONE": "273"}
			},
		 		{ "type" : "Feature",
				"geometry" : {
					"type" : "Point",
					"coordinates" : [7.48200,44.59447]},
			"properties" : { "ANNO":"2010","ID_SEZIONE":"16041","ISTAT_COMUNE_SEZ":"4240","COMUNE_SEZ":"VERZUOLO","PROVINCIA":"CN","ID_CENTRALE":"1600","NOME_CENTRALE":"VERZUOLO","ISTAT_COMUNE_CENTR":"4240","COMUNE_CENTR":"VERZUOLO","PROVINCIA_CENTR":"CN","INDIRIZZO_CENTRALE":"CANALASSA 8","LATITUDINE_SEZIONE":"44.59447","LONGITUDINE_SEZIONE":"7.48200","POS_X_SEZIONE":"379517.26009","POS_Y_SEZIONE":"4939023.80697","LATITUDINE_CENTRALE":"44.60222","LONGITUDINE_CENTRALE":"7.48385","POS_X_CENTRALE":"379680.08028","POS_Y_CENTRALE":"4939881.06385","TIPO_ADSL":"ADSL_2P","DESCRIZIONE_TIPO_ADSL":"ADSL 2+ (24 mega)","DISTANZA_CALCOLATA":"872.58","CLASSE_DISTANZA":"500-899","POTENZA_SEGNALE":"19523.33","POPOLAZIONE_SEZIONE": "99"}
			},
		 		{ "type" : "Feature",
				"geometry" : {
					"type" : "Point",
					"coordinates" : [7.46147,44.60368]},
			"properties" : { "ANNO":"2010","ID_SEZIONE":"17468","ISTAT_COMUNE_SEZ":"4240","COMUNE_SEZ":"VERZUOLO","PROVINCIA":"CN","ID_CENTRALE":"1600","NOME_CENTRALE":"VERZUOLO","ISTAT_COMUNE_CENTR":"4240","COMUNE_CENTR":"VERZUOLO","PROVINCIA_CENTR":"CN","INDIRIZZO_CENTRALE":"CANALASSA 8","LATITUDINE_SEZIONE":"44.60368","LONGITUDINE_SEZIONE":"7.46147","POS_X_SEZIONE":"377907.37900","POS_Y_SEZIONE":"4940077.32377","LATITUDINE_CENTRALE":"44.60222","LONGITUDINE_CENTRALE":"7.48385","POS_X_CENTRALE":"379680.08028","POS_Y_CENTRALE":"4939881.06385","TIPO_ADSL":"ADSL_2P","DESCRIZIONE_TIPO_ADSL":"ADSL 2+ (24 mega)","DISTANZA_CALCOLATA":"1783.53","CLASSE_DISTANZA":"1700-2099","POTENZA_SEGNALE":"12975.83","POPOLAZIONE_SEZIONE": "50"}
			},
		 		{ "type" : "Feature",
				"geometry" : {
					"type" : "Point",
					"coordinates" : [7.50296,44.59773]},
			"properties" : { "ANNO":"2010","ID_SEZIONE":"17469","ISTAT_COMUNE_SEZ":"4240","COMUNE_SEZ":"VERZUOLO","PROVINCIA":"CN","ID_CENTRALE":"1600","NOME_CENTRALE":"VERZUOLO","ISTAT_COMUNE_CENTR":"4240","COMUNE_CENTR":"VERZUOLO","PROVINCIA_CENTR":"CN","INDIRIZZO_CENTRALE":"CANALASSA 8","LATITUDINE_SEZIONE":"44.59773","LONGITUDINE_SEZIONE":"7.50296","POS_X_SEZIONE":"381187.54745","POS_Y_SEZIONE":"4939355.29574","LATITUDINE_CENTRALE":"44.60222","LONGITUDINE_CENTRALE":"7.48385","POS_X_CENTRALE":"379680.08028","POS_Y_CENTRALE":"4939881.06385","TIPO_ADSL":"ADSL_2P","DESCRIZIONE_TIPO_ADSL":"ADSL 2+ (24 mega)","DISTANZA_CALCOLATA":"1596.52","CLASSE_DISTANZA":"1300-1699","POTENZA_SEGNALE":"16071.67","POPOLAZIONE_SEZIONE": "28"}
			},
		 		{ "type" : "Feature",
				"geometry" : {
					"type" : "Point",
					"coordinates" : [7.46625,44.57942]},
			"properties" : { "ANNO":"2010","ID_SEZIONE":"17517","ISTAT_COMUNE_SEZ":"4240","COMUNE_SEZ":"VERZUOLO","PROVINCIA":"CN","ID_CENTRALE":"1600","NOME_CENTRALE":"VERZUOLO","ISTAT_COMUNE_CENTR":"4240","COMUNE_CENTR":"VERZUOLO","PROVINCIA_CENTR":"CN","INDIRIZZO_CENTRALE":"CANALASSA 8","LATITUDINE_SEZIONE":"44.57942","LONGITUDINE_SEZIONE":"7.46625","POS_X_SEZIONE":"378235.84031","POS_Y_SEZIONE":"4937374.81062","LATITUDINE_CENTRALE":"44.60222","LONGITUDINE_CENTRALE":"7.48385","POS_X_CENTRALE":"379680.08028","POS_Y_CENTRALE":"4939881.06385","TIPO_ADSL":"ADSL_2P","DESCRIZIONE_TIPO_ADSL":"ADSL 2+ (24 mega)","DISTANZA_CALCOLATA":"2892.6","CLASSE_DISTANZA":"2500-2899","POTENZA_SEGNALE":"7380.83","POPOLAZIONE_SEZIONE": "34"}
			},
		 		{ "type" : "Feature",
				"geometry" : {
					"type" : "Point",
					"coordinates" : [7.48152,44.59618]},
			"properties" : { "ANNO":"2010","ID_SEZIONE":"18054","ISTAT_COMUNE_SEZ":"4240","COMUNE_SEZ":"VERZUOLO","PROVINCIA":"CN","ID_CENTRALE":"1600","NOME_CENTRALE":"VERZUOLO","ISTAT_COMUNE_CENTR":"4240","COMUNE_CENTR":"VERZUOLO","PROVINCIA_CENTR":"CN","INDIRIZZO_CENTRALE":"CANALASSA 8","LATITUDINE_SEZIONE":"44.59618","LONGITUDINE_SEZIONE":"7.48152","POS_X_SEZIONE":"379482.69343","POS_Y_SEZIONE":"4939214.30835","LATITUDINE_CENTRALE":"44.60222","LONGITUDINE_CENTRALE":"7.48385","POS_X_CENTRALE":"379680.08028","POS_Y_CENTRALE":"4939881.06385","TIPO_ADSL":"ADSL_2P","DESCRIZIONE_TIPO_ADSL":"ADSL 2+ (24 mega)","DISTANZA_CALCOLATA":"695.36","CLASSE_DISTANZA":"500-899","POTENZA_SEGNALE":"19523.33","POPOLAZIONE_SEZIONE": "80"}
			},
		 		{ "type" : "Feature",
				"geometry" : {
					"type" : "Point",
					"coordinates" : [7.52406,44.59728]},
			"properties" : { "ANNO":"2010","ID_SEZIONE":"18398","ISTAT_COMUNE_SEZ":"4240","COMUNE_SEZ":"VERZUOLO","PROVINCIA":"CN","ID_CENTRALE":"1600","NOME_CENTRALE":"VERZUOLO","ISTAT_COMUNE_CENTR":"4240","COMUNE_CENTR":"VERZUOLO","PROVINCIA_CENTR":"CN","INDIRIZZO_CENTRALE":"CANALASSA 8","LATITUDINE_SEZIONE":"44.59728","LONGITUDINE_SEZIONE":"7.52406","POS_X_SEZIONE":"382860.81363","POS_Y_SEZIONE":"4939273.78227","LATITUDINE_CENTRALE":"44.60222","LONGITUDINE_CENTRALE":"7.48385","POS_X_CENTRALE":"379680.08028","POS_Y_CENTRALE":"4939881.06385","TIPO_ADSL":"ADSL_2P","DESCRIZIONE_TIPO_ADSL":"ADSL 2+ (24 mega)","DISTANZA_CALCOLATA":"3238.19","CLASSE_DISTANZA":"2900-3299","POTENZA_SEGNALE":"5238.33","POPOLAZIONE_SEZIONE": "36"}
			},
		 		{ "type" : "Feature",
				"geometry" : {
					"type" : "Point",
					"coordinates" : [7.47916,44.58425]},
			"properties" : { "ANNO":"2010","ID_SEZIONE":"18399","ISTAT_COMUNE_SEZ":"4240","COMUNE_SEZ":"VERZUOLO","PROVINCIA":"CN","ID_CENTRALE":"1600","NOME_CENTRALE":"VERZUOLO","ISTAT_COMUNE_CENTR":"4240","COMUNE_CENTR":"VERZUOLO","PROVINCIA_CENTR":"CN","INDIRIZZO_CENTRALE":"CANALASSA 8","LATITUDINE_SEZIONE":"44.58425","LONGITUDINE_SEZIONE":"7.47916","POS_X_SEZIONE":"379270.72338","POS_Y_SEZIONE":"4937892.80409","LATITUDINE_CENTRALE":"44.60222","LONGITUDINE_CENTRALE":"7.48385","POS_X_CENTRALE":"379680.08028","POS_Y_CENTRALE":"4939881.06385","TIPO_ADSL":"ADSL_2P","DESCRIZIONE_TIPO_ADSL":"ADSL 2+ (24 mega)","DISTANZA_CALCOLATA":"2029.96","CLASSE_DISTANZA":"1700-2099","POTENZA_SEGNALE":"12975.83","POPOLAZIONE_SEZIONE": "313"}
			},
		 		{ "type" : "Feature",
				"geometry" : {
					"type" : "Point",
					"coordinates" : [7.48584,44.59920]},
			"properties" : { "ANNO":"2010","ID_SEZIONE":"18904","ISTAT_COMUNE_SEZ":"4240","COMUNE_SEZ":"VERZUOLO","PROVINCIA":"CN","ID_CENTRALE":"1600","NOME_CENTRALE":"VERZUOLO","ISTAT_COMUNE_CENTR":"4240","COMUNE_CENTR":"VERZUOLO","PROVINCIA_CENTR":"CN","INDIRIZZO_CENTRALE":"CANALASSA 8","LATITUDINE_SEZIONE":"44.59920","LONGITUDINE_SEZIONE":"7.48584","POS_X_SEZIONE":"379831.40178","POS_Y_SEZIONE":"4939542.80704","LATITUDINE_CENTRALE":"44.60222","LONGITUDINE_CENTRALE":"7.48385","POS_X_CENTRALE":"379680.08028","POS_Y_CENTRALE":"4939881.06385","TIPO_ADSL":"ADSL_2P","DESCRIZIONE_TIPO_ADSL":"ADSL 2+ (24 mega)","DISTANZA_CALCOLATA":"370.56","CLASSE_DISTANZA":"100-499","POTENZA_SEGNALE":"19761.67","POPOLAZIONE_SEZIONE": "391"}
			},
		 		{ "type" : "Feature",
				"geometry" : {
					"type" : "Point",
					"coordinates" : [7.48756,44.59236]},
			"properties" : { "ANNO":"2010","ID_SEZIONE":"19124","ISTAT_COMUNE_SEZ":"4240","COMUNE_SEZ":"VERZUOLO","PROVINCIA":"CN","ID_CENTRALE":"1600","NOME_CENTRALE":"VERZUOLO","ISTAT_COMUNE_CENTR":"4240","COMUNE_CENTR":"VERZUOLO","PROVINCIA_CENTR":"CN","INDIRIZZO_CENTRALE":"CANALASSA 8","LATITUDINE_SEZIONE":"44.59236","LONGITUDINE_SEZIONE":"7.48756","POS_X_SEZIONE":"379954.01042","POS_Y_SEZIONE":"4938781.30278","LATITUDINE_CENTRALE":"44.60222","LONGITUDINE_CENTRALE":"7.48385","POS_X_CENTRALE":"379680.08028","POS_Y_CENTRALE":"4939881.06385","TIPO_ADSL":"ADSL_2P","DESCRIZIONE_TIPO_ADSL":"ADSL 2+ (24 mega)","DISTANZA_CALCOLATA":"1133.36","CLASSE_DISTANZA":"900-1299","POTENZA_SEGNALE":"17737.5","POPOLAZIONE_SEZIONE": "98"}
			},
		 		{ "type" : "Feature",
				"geometry" : {
					"type" : "Point",
					"coordinates" : [7.49813,44.59735]},
			"properties" : { "ANNO":"2010","ID_SEZIONE":"19717","ISTAT_COMUNE_SEZ":"4240","COMUNE_SEZ":"VERZUOLO","PROVINCIA":"CN","ID_CENTRALE":"1600","NOME_CENTRALE":"VERZUOLO","ISTAT_COMUNE_CENTR":"4240","COMUNE_CENTR":"VERZUOLO","PROVINCIA_CENTR":"CN","INDIRIZZO_CENTRALE":"CANALASSA 8","LATITUDINE_SEZIONE":"44.59735","LONGITUDINE_SEZIONE":"7.49813","POS_X_SEZIONE":"380803.45938","POS_Y_SEZIONE":"4939319.79878","LATITUDINE_CENTRALE":"44.60222","LONGITUDINE_CENTRALE":"7.48385","POS_X_CENTRALE":"379680.08028","POS_Y_CENTRALE":"4939881.06385","TIPO_ADSL":"ADSL_2P","DESCRIZIONE_TIPO_ADSL":"ADSL 2+ (24 mega)","DISTANZA_CALCOLATA":"1255.79","CLASSE_DISTANZA":"900-1299","POTENZA_SEGNALE":"17737.5","POPOLAZIONE_SEZIONE": "35"}
			},
		 		{ "type" : "Feature",
				"geometry" : {
					"type" : "Point",
					"coordinates" : [7.48268,44.58549]},
			"properties" : { "ANNO":"2010","ID_SEZIONE":"20077","ISTAT_COMUNE_SEZ":"4240","COMUNE_SEZ":"VERZUOLO","PROVINCIA":"CN","ID_CENTRALE":"1600","NOME_CENTRALE":"VERZUOLO","ISTAT_COMUNE_CENTR":"4240","COMUNE_CENTR":"VERZUOLO","PROVINCIA_CENTR":"CN","INDIRIZZO_CENTRALE":"CANALASSA 8","LATITUDINE_SEZIONE":"44.58549","LONGITUDINE_SEZIONE":"7.48268","POS_X_SEZIONE":"379552.68639","POS_Y_SEZIONE":"4938025.30252","LATITUDINE_CENTRALE":"44.60222","LONGITUDINE_CENTRALE":"7.48385","POS_X_CENTRALE":"379680.08028","POS_Y_CENTRALE":"4939881.06385","TIPO_ADSL":"ADSL_2P","DESCRIZIONE_TIPO_ADSL":"ADSL 2+ (24 mega)","DISTANZA_CALCOLATA":"1860.13","CLASSE_DISTANZA":"1700-2099","POTENZA_SEGNALE":"12975.83","POPOLAZIONE_SEZIONE": "186"}
			},
		 		{ "type" : "Feature",
				"geometry" : {
					"type" : "Point",
					"coordinates" : [7.52470,44.59411]},
			"properties" : { "ANNO":"2010","ID_SEZIONE":"20120","ISTAT_COMUNE_SEZ":"4240","COMUNE_SEZ":"VERZUOLO","PROVINCIA":"CN","ID_CENTRALE":"1600","NOME_CENTRALE":"VERZUOLO","ISTAT_COMUNE_CENTR":"4240","COMUNE_CENTR":"VERZUOLO","PROVINCIA_CENTR":"CN","INDIRIZZO_CENTRALE":"CANALASSA 8","LATITUDINE_SEZIONE":"44.59411","LONGITUDINE_SEZIONE":"7.52470","POS_X_SEZIONE":"382905.38220","POS_Y_SEZIONE":"4938921.78022","LATITUDINE_CENTRALE":"44.60222","LONGITUDINE_CENTRALE":"7.48385","POS_X_CENTRALE":"379680.08028","POS_Y_CENTRALE":"4939881.06385","TIPO_ADSL":"ADSL_2P","DESCRIZIONE_TIPO_ADSL":"ADSL 2+ (24 mega)","DISTANZA_CALCOLATA":"3364.94","CLASSE_DISTANZA":"3300-3699","POTENZA_SEGNALE":"4047.5","POPOLAZIONE_SEZIONE": "56"}
			},
		 		{ "type" : "Feature",
				"geometry" : {
					"type" : "Point",
					"coordinates" : [7.48370,44.59040]},
			"properties" : { "ANNO":"2010","ID_SEZIONE":"20121","ISTAT_COMUNE_SEZ":"4240","COMUNE_SEZ":"VERZUOLO","PROVINCIA":"CN","ID_CENTRALE":"1600","NOME_CENTRALE":"VERZUOLO","ISTAT_COMUNE_CENTR":"4240","COMUNE_CENTR":"VERZUOLO","PROVINCIA_CENTR":"CN","INDIRIZZO_CENTRALE":"CANALASSA 8","LATITUDINE_SEZIONE":"44.59040","LONGITUDINE_SEZIONE":"7.48370","POS_X_SEZIONE":"379643.45529","POS_Y_SEZIONE":"4938568.80435","LATITUDINE_CENTRALE":"44.60222","LONGITUDINE_CENTRALE":"7.48385","POS_X_CENTRALE":"379680.08028","POS_Y_CENTRALE":"4939881.06385","TIPO_ADSL":"ADSL_2P","DESCRIZIONE_TIPO_ADSL":"ADSL 2+ (24 mega)","DISTANZA_CALCOLATA":"1312.77","CLASSE_DISTANZA":"1300-1699","POTENZA_SEGNALE":"16071.67","POPOLAZIONE_SEZIONE": "39"}
			},
		 		{ "type" : "Feature",
				"geometry" : {
					"type" : "Point",
					"coordinates" : [7.48480,44.61140]},
			"properties" : { "ANNO":"2010","ID_SEZIONE":"20696","ISTAT_COMUNE_SEZ":"4116","COMUNE_SEZ":"MANTA","PROVINCIA":"CN","ID_CENTRALE":"1600","NOME_CENTRALE":"VERZUOLO","ISTAT_COMUNE_CENTR":"4240","COMUNE_CENTR":"VERZUOLO","PROVINCIA_CENTR":"CN","INDIRIZZO_CENTRALE":"CANALASSA 8","LATITUDINE_SEZIONE":"44.61140","LONGITUDINE_SEZIONE":"7.48480","POS_X_SEZIONE":"379774.21804","POS_Y_SEZIONE":"4940899.81337","LATITUDINE_CENTRALE":"44.60222","LONGITUDINE_CENTRALE":"7.48385","POS_X_CENTRALE":"379680.08028","POS_Y_CENTRALE":"4939881.06385","TIPO_ADSL":"ADSL_2P","DESCRIZIONE_TIPO_ADSL":"ADSL 2+ (24 mega)","DISTANZA_CALCOLATA":"1023.09","CLASSE_DISTANZA":"900-1299","POTENZA_SEGNALE":"17737.5","POPOLAZIONE_SEZIONE": "165"}
			},
		 		{ "type" : "Feature",
				"geometry" : {
					"type" : "Point",
					"coordinates" : [7.48312,44.57729]},
			"properties" : { "ANNO":"2010","ID_SEZIONE":"20702","ISTAT_COMUNE_SEZ":"4240","COMUNE_SEZ":"VERZUOLO","PROVINCIA":"CN","ID_CENTRALE":"1600","NOME_CENTRALE":"VERZUOLO","ISTAT_COMUNE_CENTR":"4240","COMUNE_CENTR":"VERZUOLO","PROVINCIA_CENTR":"CN","INDIRIZZO_CENTRALE":"CANALASSA 8","LATITUDINE_SEZIONE":"44.57729","LONGITUDINE_SEZIONE":"7.48312","POS_X_SEZIONE":"379570.89362","POS_Y_SEZIONE":"4937113.79916","LATITUDINE_CENTRALE":"44.60222","LONGITUDINE_CENTRALE":"7.48385","POS_X_CENTRALE":"379680.08028","POS_Y_CENTRALE":"4939881.06385","TIPO_ADSL":"ADSL_2P","DESCRIZIONE_TIPO_ADSL":"ADSL 2+ (24 mega)","DISTANZA_CALCOLATA":"2769.42","CLASSE_DISTANZA":"2500-2899","POTENZA_SEGNALE":"7380.83","POPOLAZIONE_SEZIONE": "25"}
			},
		 		{ "type" : "Feature",
				"geometry" : {
					"type" : "Point",
					"coordinates" : [7.52377,44.58693]},
			"properties" : { "ANNO":"2010","ID_SEZIONE":"20923","ISTAT_COMUNE_SEZ":"4240","COMUNE_SEZ":"VERZUOLO","PROVINCIA":"CN","ID_CENTRALE":"1600","NOME_CENTRALE":"VERZUOLO","ISTAT_COMUNE_CENTR":"4240","COMUNE_CENTR":"VERZUOLO","PROVINCIA_CENTR":"CN","INDIRIZZO_CENTRALE":"CANALASSA 8","LATITUDINE_SEZIONE":"44.58693","LONGITUDINE_SEZIONE":"7.52377","POS_X_SEZIONE":"382817.42931","POS_Y_SEZIONE":"4938125.27718","LATITUDINE_CENTRALE":"44.60222","LONGITUDINE_CENTRALE":"7.48385","POS_X_CENTRALE":"379680.08028","POS_Y_CENTRALE":"4939881.06385","TIPO_ADSL":"ADSL_2P","DESCRIZIONE_TIPO_ADSL":"ADSL 2+ (24 mega)","DISTANZA_CALCOLATA":"3595.24","CLASSE_DISTANZA":"3300-3699","POTENZA_SEGNALE":"4047.5","POPOLAZIONE_SEZIONE": "40"}
			},
		 		{ "type" : "Feature",
				"geometry" : {
					"type" : "Point",
					"coordinates" : [7.51538,44.59912]},
			"properties" : { "ANNO":"2010","ID_SEZIONE":"21528","ISTAT_COMUNE_SEZ":"4240","COMUNE_SEZ":"VERZUOLO","PROVINCIA":"CN","ID_CENTRALE":"1600","NOME_CENTRALE":"VERZUOLO","ISTAT_COMUNE_CENTR":"4240","COMUNE_CENTR":"VERZUOLO","PROVINCIA_CENTR":"CN","INDIRIZZO_CENTRALE":"CANALASSA 8","LATITUDINE_SEZIONE":"44.59912","LONGITUDINE_SEZIONE":"7.51538","POS_X_SEZIONE":"382176.00338","POS_Y_SEZIONE":"4939491.28908","LATITUDINE_CENTRALE":"44.60222","LONGITUDINE_CENTRALE":"7.48385","POS_X_CENTRALE":"379680.08028","POS_Y_CENTRALE":"4939881.06385","TIPO_ADSL":"ADSL_2P","DESCRIZIONE_TIPO_ADSL":"ADSL 2+ (24 mega)","DISTANZA_CALCOLATA":"2526.17","CLASSE_DISTANZA":"2500-2899","POTENZA_SEGNALE":"7380.83","POPOLAZIONE_SEZIONE": "168"}
			},
		 		{ "type" : "Feature",
				"geometry" : {
					"type" : "Point",
					"coordinates" : [7.48486,44.60018]},
			"properties" : { "ANNO":"2010","ID_SEZIONE":"21529","ISTAT_COMUNE_SEZ":"4240","COMUNE_SEZ":"VERZUOLO","PROVINCIA":"CN","ID_CENTRALE":"1600","NOME_CENTRALE":"VERZUOLO","ISTAT_COMUNE_CENTR":"4240","COMUNE_CENTR":"VERZUOLO","PROVINCIA_CENTR":"CN","INDIRIZZO_CENTRALE":"CANALASSA 8","LATITUDINE_SEZIONE":"44.60018","LONGITUDINE_SEZIONE":"7.48486","POS_X_SEZIONE":"379756.33797","POS_Y_SEZIONE":"4939653.30790","LATITUDINE_CENTRALE":"44.60222","LONGITUDINE_CENTRALE":"7.48385","POS_X_CENTRALE":"379680.08028","POS_Y_CENTRALE":"4939881.06385","TIPO_ADSL":"ADSL_2P","DESCRIZIONE_TIPO_ADSL":"ADSL 2+ (24 mega)","DISTANZA_CALCOLATA":"240.18","CLASSE_DISTANZA":"100-499","POTENZA_SEGNALE":"19761.67","POPOLAZIONE_SEZIONE": ""}
			},
		 		{ "type" : "Feature",
				"geometry" : {
					"type" : "Point",
					"coordinates" : [7.48090,44.59872]},
			"properties" : { "ANNO":"2010","ID_SEZIONE":"21530","ISTAT_COMUNE_SEZ":"4240","COMUNE_SEZ":"VERZUOLO","PROVINCIA":"CN","ID_CENTRALE":"1600","NOME_CENTRALE":"VERZUOLO","ISTAT_COMUNE_CENTR":"4240","COMUNE_CENTR":"VERZUOLO","PROVINCIA_CENTR":"CN","INDIRIZZO_CENTRALE":"CANALASSA 8","LATITUDINE_SEZIONE":"44.59872","LONGITUDINE_SEZIONE":"7.48090","POS_X_SEZIONE":"379438.78175","POS_Y_SEZIONE":"4939496.80998","LATITUDINE_CENTRALE":"44.60222","LONGITUDINE_CENTRALE":"7.48385","POS_X_CENTRALE":"379680.08028","POS_Y_CENTRALE":"4939881.06385","TIPO_ADSL":"ADSL_2P","DESCRIZIONE_TIPO_ADSL":"ADSL 2+ (24 mega)","DISTANZA_CALCOLATA":"453.74","CLASSE_DISTANZA":"100-499","POTENZA_SEGNALE":"19761.67","POPOLAZIONE_SEZIONE": "303"}
			},
		 		{ "type" : "Feature",
				"geometry" : {
					"type" : "Point",
					"coordinates" : [7.45960,44.61274]},
			"properties" : { "ANNO":"2010","ID_SEZIONE":"21733","ISTAT_COMUNE_SEZ":"4116","COMUNE_SEZ":"MANTA","PROVINCIA":"CN","ID_CENTRALE":"1600","NOME_CENTRALE":"VERZUOLO","ISTAT_COMUNE_CENTR":"4240","COMUNE_CENTR":"VERZUOLO","PROVINCIA_CENTR":"CN","INDIRIZZO_CENTRALE":"CANALASSA 8","LATITUDINE_SEZIONE":"44.61274","LONGITUDINE_SEZIONE":"7.45960","POS_X_SEZIONE":"377777.26392","POS_Y_SEZIONE":"4941086.32883","LATITUDINE_CENTRALE":"44.60222","LONGITUDINE_CENTRALE":"7.48385","POS_X_CENTRALE":"379680.08028","POS_Y_CENTRALE":"4939881.06385","TIPO_ADSL":"ADSL_2P","DESCRIZIONE_TIPO_ADSL":"ADSL 2+ (24 mega)","DISTANZA_CALCOLATA":"2252.42","CLASSE_DISTANZA":"2100-2499","POTENZA_SEGNALE":"10000","POPOLAZIONE_SEZIONE": "14"}
			},
		 		{ "type" : "Feature",
				"geometry" : {
					"type" : "Point",
					"coordinates" : [7.48469,44.61668]},
			"properties" : { "ANNO":"2010","ID_SEZIONE":"22714","ISTAT_COMUNE_SEZ":"4116","COMUNE_SEZ":"MANTA","PROVINCIA":"CN","ID_CENTRALE":"1600","NOME_CENTRALE":"VERZUOLO","ISTAT_COMUNE_CENTR":"4240","COMUNE_CENTR":"VERZUOLO","PROVINCIA_CENTR":"CN","INDIRIZZO_CENTRALE":"CANALASSA 8","LATITUDINE_SEZIONE":"44.61668","LONGITUDINE_SEZIONE":"7.48469","POS_X_SEZIONE":"379776.36178","POS_Y_SEZIONE":"4941486.31603","LATITUDINE_CENTRALE":"44.60222","LONGITUDINE_CENTRALE":"7.48385","POS_X_CENTRALE":"379680.08028","POS_Y_CENTRALE":"4939881.06385","TIPO_ADSL":"ADSL_2P","DESCRIZIONE_TIPO_ADSL":"ADSL 2+ (24 mega)","DISTANZA_CALCOLATA":"1608.14","CLASSE_DISTANZA":"1300-1699","POTENZA_SEGNALE":"16071.67","POPOLAZIONE_SEZIONE": "307"}
			},
		 		{ "type" : "Feature",
				"geometry" : {
					"type" : "Point",
					"coordinates" : [7.48398,44.60153]},
			"properties" : { "ANNO":"2010","ID_SEZIONE":"22715","ISTAT_COMUNE_SEZ":"4240","COMUNE_SEZ":"VERZUOLO","PROVINCIA":"CN","ID_CENTRALE":"1600","NOME_CENTRALE":"VERZUOLO","ISTAT_COMUNE_CENTR":"4240","COMUNE_CENTR":"VERZUOLO","PROVINCIA_CENTR":"CN","INDIRIZZO_CENTRALE":"CANALASSA 8","LATITUDINE_SEZIONE":"44.60153","LONGITUDINE_SEZIONE":"7.48398","POS_X_SEZIONE":"379688.55378","POS_Y_SEZIONE":"4939804.80921","LATITUDINE_CENTRALE":"44.60222","LONGITUDINE_CENTRALE":"7.48385","POS_X_CENTRALE":"379680.08028","POS_Y_CENTRALE":"4939881.06385","TIPO_ADSL":"ADSL_2P","DESCRIZIONE_TIPO_ADSL":"ADSL 2+ (24 mega)","DISTANZA_CALCOLATA":"76.72","CLASSE_DISTANZA":"0-99","POTENZA_SEGNALE":"19761.67","POPOLAZIONE_SEZIONE": "91"}
			},
		 		{ "type" : "Feature",
				"geometry" : {
					"type" : "Point",
					"coordinates" : [7.54423,44.60913]},
			"properties" : { "ANNO":"2010","ID_SEZIONE":"22920","ISTAT_COMUNE_SEZ":"4116","COMUNE_SEZ":"MANTA","PROVINCIA":"CN","ID_CENTRALE":"1600","NOME_CENTRALE":"VERZUOLO","ISTAT_COMUNE_CENTR":"4240","COMUNE_CENTR":"VERZUOLO","PROVINCIA_CENTR":"CN","INDIRIZZO_CENTRALE":"CANALASSA 8","LATITUDINE_SEZIONE":"44.60913","LONGITUDINE_SEZIONE":"7.54423","POS_X_SEZIONE":"384485.14796","POS_Y_SEZIONE":"4940562.27686","LATITUDINE_CENTRALE":"44.60222","LONGITUDINE_CENTRALE":"7.48385","POS_X_CENTRALE":"379680.08028","POS_Y_CENTRALE":"4939881.06385","TIPO_ADSL":"ADSL_2P","DESCRIZIONE_TIPO_ADSL":"ADSL 2+ (24 mega)","DISTANZA_CALCOLATA":"4853.12","CLASSE_DISTANZA":"4500-4899","POTENZA_SEGNALE":"1428.33","POPOLAZIONE_SEZIONE": "56"}
			},
		 		{ "type" : "Feature",
				"geometry" : {
					"type" : "Point",
					"coordinates" : [7.47346,44.58172]},
			"properties" : { "ANNO":"2010","ID_SEZIONE":"22924","ISTAT_COMUNE_SEZ":"4240","COMUNE_SEZ":"VERZUOLO","PROVINCIA":"CN","ID_CENTRALE":"1600","NOME_CENTRALE":"VERZUOLO","ISTAT_COMUNE_CENTR":"4240","COMUNE_CENTR":"VERZUOLO","PROVINCIA_CENTR":"CN","INDIRIZZO_CENTRALE":"CANALASSA 8","LATITUDINE_SEZIONE":"44.58172","LONGITUDINE_SEZIONE":"7.47346","POS_X_SEZIONE":"378812.82847","POS_Y_SEZIONE":"4937619.30700","LATITUDINE_CENTRALE":"44.60222","LONGITUDINE_CENTRALE":"7.48385","POS_X_CENTRALE":"379680.08028","POS_Y_CENTRALE":"4939881.06385","TIPO_ADSL":"ADSL_2P","DESCRIZIONE_TIPO_ADSL":"ADSL 2+ (24 mega)","DISTANZA_CALCOLATA":"2422.33","CLASSE_DISTANZA":"2100-2499","POTENZA_SEGNALE":"10000","POPOLAZIONE_SEZIONE": "116"}
			},
		 		{ "type" : "Feature",
				"geometry" : {
					"type" : "Point",
					"coordinates" : [7.50046,44.61047]},
			"properties" : { "ANNO":"2010","ID_SEZIONE":"23541","ISTAT_COMUNE_SEZ":"4116","COMUNE_SEZ":"MANTA","PROVINCIA":"CN","ID_CENTRALE":"1600","NOME_CENTRALE":"VERZUOLO","ISTAT_COMUNE_CENTR":"4240","COMUNE_CENTR":"VERZUOLO","PROVINCIA_CENTR":"CN","INDIRIZZO_CENTRALE":"CANALASSA 8","LATITUDINE_SEZIONE":"44.61047","LONGITUDINE_SEZIONE":"7.50046","POS_X_SEZIONE":"381015.30246","POS_Y_SEZIONE":"4940773.30381","LATITUDINE_CENTRALE":"44.60222","LONGITUDINE_CENTRALE":"7.48385","POS_X_CENTRALE":"379680.08028","POS_Y_CENTRALE":"4939881.06385","TIPO_ADSL":"ADSL_2P","DESCRIZIONE_TIPO_ADSL":"ADSL 2+ (24 mega)","DISTANZA_CALCOLATA":"1605.9","CLASSE_DISTANZA":"1300-1699","POTENZA_SEGNALE":"16071.67","POPOLAZIONE_SEZIONE": "23"}
			},
		 		{ "type" : "Feature",
				"geometry" : {
					"type" : "Point",
					"coordinates" : [7.53168,44.60013]},
			"properties" : { "ANNO":"2010","ID_SEZIONE":"24169","ISTAT_COMUNE_SEZ":"4116","COMUNE_SEZ":"MANTA","PROVINCIA":"CN","ID_CENTRALE":"1600","NOME_CENTRALE":"VERZUOLO","ISTAT_COMUNE_CENTR":"4240","COMUNE_CENTR":"VERZUOLO","PROVINCIA_CENTR":"CN","INDIRIZZO_CENTRALE":"CANALASSA 8","LATITUDINE_SEZIONE":"44.60013","LONGITUDINE_SEZIONE":"7.53168","POS_X_SEZIONE":"383471.83238","POS_Y_SEZIONE":"4939579.77958","LATITUDINE_CENTRALE":"44.60222","LONGITUDINE_CENTRALE":"7.48385","POS_X_CENTRALE":"379680.08028","POS_Y_CENTRALE":"4939881.06385","TIPO_ADSL":"ADSL_2P","DESCRIZIONE_TIPO_ADSL":"ADSL 2+ (24 mega)","DISTANZA_CALCOLATA":"3803.7","CLASSE_DISTANZA":"3700-4099","POTENZA_SEGNALE":"2857.5","POPOLAZIONE_SEZIONE": "12"}
			},
		 		{ "type" : "Feature",
				"geometry" : {
					"type" : "Point",
					"coordinates" : [7.50759,44.60871]},
			"properties" : { "ANNO":"2010","ID_SEZIONE":"24509","ISTAT_COMUNE_SEZ":"4116","COMUNE_SEZ":"MANTA","PROVINCIA":"CN","ID_CENTRALE":"1600","NOME_CENTRALE":"VERZUOLO","ISTAT_COMUNE_CENTR":"4240","COMUNE_CENTR":"VERZUOLO","PROVINCIA_CENTR":"CN","INDIRIZZO_CENTRALE":"CANALASSA 8","LATITUDINE_SEZIONE":"44.60871","LONGITUDINE_SEZIONE":"7.50759","POS_X_SEZIONE":"381577.01919","POS_Y_SEZIONE":"4940567.79878","LATITUDINE_CENTRALE":"44.60222","LONGITUDINE_CENTRALE":"7.48385","POS_X_CENTRALE":"379680.08028","POS_Y_CENTRALE":"4939881.06385","TIPO_ADSL":"ADSL_2P","DESCRIZIONE_TIPO_ADSL":"ADSL 2+ (24 mega)","DISTANZA_CALCOLATA":"2017.42","CLASSE_DISTANZA":"1700-2099","POTENZA_SEGNALE":"12975.83","POPOLAZIONE_SEZIONE": "18"}
			},
		 		{ "type" : "Feature",
				"geometry" : {
					"type" : "Point",
					"coordinates" : [7.48292,44.58283]},
			"properties" : { "ANNO":"2010","ID_SEZIONE":"24510","ISTAT_COMUNE_SEZ":"4240","COMUNE_SEZ":"VERZUOLO","PROVINCIA":"CN","ID_CENTRALE":"1600","NOME_CENTRALE":"VERZUOLO","ISTAT_COMUNE_CENTR":"4240","COMUNE_CENTR":"VERZUOLO","PROVINCIA_CENTR":"CN","INDIRIZZO_CENTRALE":"CANALASSA 8","LATITUDINE_SEZIONE":"44.58283","LONGITUDINE_SEZIONE":"7.48292","POS_X_SEZIONE":"379565.81765","POS_Y_SEZIONE":"4937729.30099","LATITUDINE_CENTRALE":"44.60222","LONGITUDINE_CENTRALE":"7.48385","POS_X_CENTRALE":"379680.08028","POS_Y_CENTRALE":"4939881.06385","TIPO_ADSL":"ADSL_2P","DESCRIZIONE_TIPO_ADSL":"ADSL 2+ (24 mega)","DISTANZA_CALCOLATA":"2154.79","CLASSE_DISTANZA":"2100-2499","POTENZA_SEGNALE":"10000","POPOLAZIONE_SEZIONE": "84"}
			},
		 		{ "type" : "Feature",
				"geometry" : {
					"type" : "Point",
					"coordinates" : [7.47988,44.59314]},
			"properties" : { "ANNO":"2010","ID_SEZIONE":"25064","ISTAT_COMUNE_SEZ":"4240","COMUNE_SEZ":"VERZUOLO","PROVINCIA":"CN","ID_CENTRALE":"1600","NOME_CENTRALE":"VERZUOLO","ISTAT_COMUNE_CENTR":"4240","COMUNE_CENTR":"VERZUOLO","PROVINCIA_CENTR":"CN","INDIRIZZO_CENTRALE":"CANALASSA 8","LATITUDINE_SEZIONE":"44.59314","LONGITUDINE_SEZIONE":"7.47988","POS_X_SEZIONE":"379346.23365","POS_Y_SEZIONE":"4938878.80755","LATITUDINE_CENTRALE":"44.60222","LONGITUDINE_CENTRALE":"7.48385","POS_X_CENTRALE":"379680.08028","POS_Y_CENTRALE":"4939881.06385","TIPO_ADSL":"ADSL_2P","DESCRIZIONE_TIPO_ADSL":"ADSL 2+ (24 mega)","DISTANZA_CALCOLATA":"1056.4","CLASSE_DISTANZA":"900-1299","POTENZA_SEGNALE":"17737.5","POPOLAZIONE_SEZIONE": "271"}
			},
		 		{ "type" : "Feature",
				"geometry" : {
					"type" : "Point",
					"coordinates" : [7.48181,44.60152]},
			"properties" : { "ANNO":"2010","ID_SEZIONE":"26292","ISTAT_COMUNE_SEZ":"4240","COMUNE_SEZ":"VERZUOLO","PROVINCIA":"CN","ID_CENTRALE":"1600","NOME_CENTRALE":"VERZUOLO","ISTAT_COMUNE_CENTR":"4240","COMUNE_CENTR":"VERZUOLO","PROVINCIA_CENTR":"CN","INDIRIZZO_CENTRALE":"CANALASSA 8","LATITUDINE_SEZIONE":"44.60152","LONGITUDINE_SEZIONE":"7.48181","POS_X_SEZIONE":"379516.33746","POS_Y_SEZIONE":"4939807.31033","LATITUDINE_CENTRALE":"44.60222","LONGITUDINE_CENTRALE":"7.48385","POS_X_CENTRALE":"379680.08028","POS_Y_CENTRALE":"4939881.06385","TIPO_ADSL":"ADSL_2P","DESCRIZIONE_TIPO_ADSL":"ADSL 2+ (24 mega)","DISTANZA_CALCOLATA":"179.59","CLASSE_DISTANZA":"100-499","POTENZA_SEGNALE":"19761.67","POPOLAZIONE_SEZIONE": "15"}
			},
		 		{ "type" : "Feature",
				"geometry" : {
					"type" : "Point",
					"coordinates" : [7.51779,44.58860]},
			"properties" : { "ANNO":"2010","ID_SEZIONE":"26297","ISTAT_COMUNE_SEZ":"4240","COMUNE_SEZ":"VERZUOLO","PROVINCIA":"CN","ID_CENTRALE":"1600","NOME_CENTRALE":"VERZUOLO","ISTAT_COMUNE_CENTR":"4240","COMUNE_CENTR":"VERZUOLO","PROVINCIA_CENTR":"CN","INDIRIZZO_CENTRALE":"CANALASSA 8","LATITUDINE_SEZIONE":"44.58860","LONGITUDINE_SEZIONE":"7.51779","POS_X_SEZIONE":"382346.36883","POS_Y_SEZIONE":"4938319.28166","LATITUDINE_CENTRALE":"44.60222","LONGITUDINE_CENTRALE":"7.48385","POS_X_CENTRALE":"379680.08028","POS_Y_CENTRALE":"4939881.06385","TIPO_ADSL":"ADSL_2P","DESCRIZIONE_TIPO_ADSL":"ADSL 2+ (24 mega)","DISTANZA_CALCOLATA":"3090.03","CLASSE_DISTANZA":"2900-3299","POTENZA_SEGNALE":"5238.33","POPOLAZIONE_SEZIONE": "30"}
			},
		 		{ "type" : "Feature",
				"geometry" : {
					"type" : "Point",
					"coordinates" : [7.48163,44.60050]},
			"properties" : { "ANNO":"2010","ID_SEZIONE":"26355","ISTAT_COMUNE_SEZ":"4240","COMUNE_SEZ":"VERZUOLO","PROVINCIA":"CN","ID_CENTRALE":"1600","NOME_CENTRALE":"VERZUOLO","ISTAT_COMUNE_CENTR":"4240","COMUNE_CENTR":"VERZUOLO","PROVINCIA_CENTR":"CN","INDIRIZZO_CENTRALE":"CANALASSA 8","LATITUDINE_SEZIONE":"44.60050","LONGITUDINE_SEZIONE":"7.48163","POS_X_SEZIONE":"379500.34002","POS_Y_SEZIONE":"4939693.30995","LATITUDINE_CENTRALE":"44.60222","LONGITUDINE_CENTRALE":"7.48385","POS_X_CENTRALE":"379680.08028","POS_Y_CENTRALE":"4939881.06385","TIPO_ADSL":"ADSL_2P","DESCRIZIONE_TIPO_ADSL":"ADSL 2+ (24 mega)","DISTANZA_CALCOLATA":"259.92","CLASSE_DISTANZA":"100-499","POTENZA_SEGNALE":"19761.67","POPOLAZIONE_SEZIONE": "124"}
			},
		 		{ "type" : "Feature",
				"geometry" : {
					"type" : "Point",
					"coordinates" : [7.50229,44.58318]},
			"properties" : { "ANNO":"2010","ID_SEZIONE":"26948","ISTAT_COMUNE_SEZ":"4240","COMUNE_SEZ":"VERZUOLO","PROVINCIA":"CN","ID_CENTRALE":"1600","NOME_CENTRALE":"VERZUOLO","ISTAT_COMUNE_CENTR":"4240","COMUNE_CENTR":"VERZUOLO","PROVINCIA_CENTR":"CN","INDIRIZZO_CENTRALE":"CANALASSA 8","LATITUDINE_SEZIONE":"44.58318","LONGITUDINE_SEZIONE":"7.50229","POS_X_SEZIONE":"381104.29983","POS_Y_SEZIONE":"4937739.28857","LATITUDINE_CENTRALE":"44.60222","LONGITUDINE_CENTRALE":"7.48385","POS_X_CENTRALE":"379680.08028","POS_Y_CENTRALE":"4939881.06385","TIPO_ADSL":"ADSL_2P","DESCRIZIONE_TIPO_ADSL":"ADSL 2+ (24 mega)","DISTANZA_CALCOLATA":"2572.08","CLASSE_DISTANZA":"2500-2899","POTENZA_SEGNALE":"7380.83","POPOLAZIONE_SEZIONE": "48"}
			},
		 		{ "type" : "Feature",
				"geometry" : {
					"type" : "Point",
					"coordinates" : [7.48370,44.59935]},
			"properties" : { "ANNO":"2010","ID_SEZIONE":"27402","ISTAT_COMUNE_SEZ":"4240","COMUNE_SEZ":"VERZUOLO","PROVINCIA":"CN","ID_CENTRALE":"1600","NOME_CENTRALE":"VERZUOLO","ISTAT_COMUNE_CENTR":"4240","COMUNE_CENTR":"VERZUOLO","PROVINCIA_CENTR":"CN","INDIRIZZO_CENTRALE":"CANALASSA 8","LATITUDINE_SEZIONE":"44.59935","LONGITUDINE_SEZIONE":"7.48370","POS_X_SEZIONE":"379662.40287","POS_Y_SEZIONE":"4939562.80832","LATITUDINE_CENTRALE":"44.60222","LONGITUDINE_CENTRALE":"7.48385","POS_X_CENTRALE":"379680.08028","POS_Y_CENTRALE":"4939881.06385","TIPO_ADSL":"ADSL_2P","DESCRIZIONE_TIPO_ADSL":"ADSL 2+ (24 mega)","DISTANZA_CALCOLATA":"318.75","CLASSE_DISTANZA":"100-499","POTENZA_SEGNALE":"19761.67","POPOLAZIONE_SEZIONE": "166"}
			},
		 		{ "type" : "Feature",
				"geometry" : {
					"type" : "Point",
					"coordinates" : [7.48214,44.60323]},
			"properties" : { "ANNO":"2010","ID_SEZIONE":"27795","ISTAT_COMUNE_SEZ":"4240","COMUNE_SEZ":"VERZUOLO","PROVINCIA":"CN","ID_CENTRALE":"1600","NOME_CENTRALE":"VERZUOLO","ISTAT_COMUNE_CENTR":"4240","COMUNE_CENTR":"VERZUOLO","PROVINCIA_CENTR":"CN","INDIRIZZO_CENTRALE":"CANALASSA 8","LATITUDINE_SEZIONE":"44.60323","LONGITUDINE_SEZIONE":"7.48214","POS_X_SEZIONE":"379546.36421","POS_Y_SEZIONE":"4939996.31104","LATITUDINE_CENTRALE":"44.60222","LONGITUDINE_CENTRALE":"7.48385","POS_X_CENTRALE":"379680.08028","POS_Y_CENTRALE":"4939881.06385","TIPO_ADSL":"ADSL_2P","DESCRIZIONE_TIPO_ADSL":"ADSL 2+ (24 mega)","DISTANZA_CALCOLATA":"176.53","CLASSE_DISTANZA":"100-499","POTENZA_SEGNALE":"19761.67","POPOLAZIONE_SEZIONE": "247"}
			},
		 		{ "type" : "Feature",
				"geometry" : {
					"type" : "Point",
					"coordinates" : [7.51799,44.61026]},
			"properties" : { "ANNO":"2010","ID_SEZIONE":"28031","ISTAT_COMUNE_SEZ":"4240","COMUNE_SEZ":"VERZUOLO","PROVINCIA":"CN","ID_CENTRALE":"1600","NOME_CENTRALE":"VERZUOLO","ISTAT_COMUNE_CENTR":"4240","COMUNE_CENTR":"VERZUOLO","PROVINCIA_CENTR":"CN","INDIRIZZO_CENTRALE":"CANALASSA 8","LATITUDINE_SEZIONE":"44.61026","LONGITUDINE_SEZIONE":"7.51799","POS_X_SEZIONE":"382405.82124","POS_Y_SEZIONE":"4940724.29312","LATITUDINE_CENTRALE":"44.60222","LONGITUDINE_CENTRALE":"7.48385","POS_X_CENTRALE":"379680.08028","POS_Y_CENTRALE":"4939881.06385","TIPO_ADSL":"ADSL_2P","DESCRIZIONE_TIPO_ADSL":"ADSL 2+ (24 mega)","DISTANZA_CALCOLATA":"2853.19","CLASSE_DISTANZA":"2500-2899","POTENZA_SEGNALE":"7380.83","POPOLAZIONE_SEZIONE": "19"}
			},
		 		{ "type" : "Feature",
				"geometry" : {
					"type" : "Point",
					"coordinates" : [7.49407,44.61280]},
			"properties" : { "ANNO":"2010","ID_SEZIONE":"28032","ISTAT_COMUNE_SEZ":"4116","COMUNE_SEZ":"MANTA","PROVINCIA":"CN","ID_CENTRALE":"1600","NOME_CENTRALE":"VERZUOLO","ISTAT_COMUNE_CENTR":"4240","COMUNE_CENTR":"VERZUOLO","PROVINCIA_CENTR":"CN","INDIRIZZO_CENTRALE":"CANALASSA 8","LATITUDINE_SEZIONE":"44.61280","LONGITUDINE_SEZIONE":"7.49407","POS_X_SEZIONE":"380512.67666","POS_Y_SEZIONE":"4941041.80889","LATITUDINE_CENTRALE":"44.60222","LONGITUDINE_CENTRALE":"7.48385","POS_X_CENTRALE":"379680.08028","POS_Y_CENTRALE":"4939881.06385","TIPO_ADSL":"ADSL_2P","DESCRIZIONE_TIPO_ADSL":"ADSL 2+ (24 mega)","DISTANZA_CALCOLATA":"1428.48","CLASSE_DISTANZA":"1300-1699","POTENZA_SEGNALE":"16071.67","POPOLAZIONE_SEZIONE": "14"}
			},
		 		{ "type" : "Feature",
				"geometry" : {
					"type" : "Point",
					"coordinates" : [7.55142,44.59662]},
			"properties" : { "ANNO":"2010","ID_SEZIONE":"28034","ISTAT_COMUNE_SEZ":"4240","COMUNE_SEZ":"VERZUOLO","PROVINCIA":"CN","ID_CENTRALE":"1600","NOME_CENTRALE":"VERZUOLO","ISTAT_COMUNE_CENTR":"4240","COMUNE_CENTR":"VERZUOLO","PROVINCIA_CENTR":"CN","INDIRIZZO_CENTRALE":"CANALASSA 8","LATITUDINE_SEZIONE":"44.59662","LONGITUDINE_SEZIONE":"7.55142","POS_X_SEZIONE":"385031.23027","POS_Y_SEZIONE":"4939161.76537","LATITUDINE_CENTRALE":"44.60222","LONGITUDINE_CENTRALE":"7.48385","POS_X_CENTRALE":"379680.08028","POS_Y_CENTRALE":"4939881.06385","TIPO_ADSL":"ADSL_2P","DESCRIZIONE_TIPO_ADSL":"ADSL 2+ (24 mega)","DISTANZA_CALCOLATA":"5399.28","CLASSE_DISTANZA":"5300-5699","POTENZA_SEGNALE":"475.83","POPOLAZIONE_SEZIONE": "25"}
			},
		 		{ "type" : "Feature",
				"geometry" : {
					"type" : "Point",
					"coordinates" : [7.51126,44.59211]},
			"properties" : { "ANNO":"2010","ID_SEZIONE":"28035","ISTAT_COMUNE_SEZ":"4240","COMUNE_SEZ":"VERZUOLO","PROVINCIA":"CN","ID_CENTRALE":"1600","NOME_CENTRALE":"VERZUOLO","ISTAT_COMUNE_CENTR":"4240","COMUNE_CENTR":"VERZUOLO","PROVINCIA_CENTR":"CN","INDIRIZZO_CENTRALE":"CANALASSA 8","LATITUDINE_SEZIONE":"44.59211","LONGITUDINE_SEZIONE":"7.51126","POS_X_SEZIONE":"381834.80351","POS_Y_SEZIONE":"4938718.78758","LATITUDINE_CENTRALE":"44.60222","LONGITUDINE_CENTRALE":"7.48385","POS_X_CENTRALE":"379680.08028","POS_Y_CENTRALE":"4939881.06385","TIPO_ADSL":"ADSL_2P","DESCRIZIONE_TIPO_ADSL":"ADSL 2+ (24 mega)","DISTANZA_CALCOLATA":"2448.21","CLASSE_DISTANZA":"2100-2499","POTENZA_SEGNALE":"10000","POPOLAZIONE_SEZIONE": "25"}
			},
		 		{ "type" : "Feature",
				"geometry" : {
					"type" : "Point",
					"coordinates" : [7.51008,44.62082]},
			"properties" : { "ANNO":"2010","ID_SEZIONE":"28381","ISTAT_COMUNE_SEZ":"4116","COMUNE_SEZ":"MANTA","PROVINCIA":"CN","ID_CENTRALE":"1600","NOME_CENTRALE":"VERZUOLO","ISTAT_COMUNE_CENTR":"4240","COMUNE_CENTR":"VERZUOLO","PROVINCIA_CENTR":"CN","INDIRIZZO_CENTRALE":"CANALASSA 8","LATITUDINE_SEZIONE":"44.62082","LONGITUDINE_SEZIONE":"7.51008","POS_X_SEZIONE":"381799.20927","POS_Y_SEZIONE":"4941908.80307","LATITUDINE_CENTRALE":"44.60222","LONGITUDINE_CENTRALE":"7.48385","POS_X_CENTRALE":"379680.08028","POS_Y_CENTRALE":"4939881.06385","TIPO_ADSL":"ADSL_2P","DESCRIZIONE_TIPO_ADSL":"ADSL 2+ (24 mega)","DISTANZA_CALCOLATA":"2932.99","CLASSE_DISTANZA":"2900-3299","POTENZA_SEGNALE":"5238.33","POPOLAZIONE_SEZIONE": "23"}
			},
		 		{ "type" : "Feature",
				"geometry" : {
					"type" : "Point",
					"coordinates" : [7.52216,44.60226]},
			"properties" : { "ANNO":"2010","ID_SEZIONE":"29483","ISTAT_COMUNE_SEZ":"4240","COMUNE_SEZ":"VERZUOLO","PROVINCIA":"CN","ID_CENTRALE":"1600","NOME_CENTRALE":"VERZUOLO","ISTAT_COMUNE_CENTR":"4240","COMUNE_CENTR":"VERZUOLO","PROVINCIA_CENTR":"CN","INDIRIZZO_CENTRALE":"CANALASSA 8","LATITUDINE_SEZIONE":"44.60226","LONGITUDINE_SEZIONE":"7.52216","POS_X_SEZIONE":"382720.36639","POS_Y_SEZIONE":"4939830.28633","LATITUDINE_CENTRALE":"44.60222","LONGITUDINE_CENTRALE":"7.48385","POS_X_CENTRALE":"379680.08028","POS_Y_CENTRALE":"4939881.06385","TIPO_ADSL":"ADSL_2P","DESCRIZIONE_TIPO_ADSL":"ADSL 2+ (24 mega)","DISTANZA_CALCOLATA":"3040.71","CLASSE_DISTANZA":"2900-3299","POTENZA_SEGNALE":"5238.33","POPOLAZIONE_SEZIONE": "17"}
			},
		 		{ "type" : "Feature",
				"geometry" : {
					"type" : "Point",
					"coordinates" : [7.48603,44.60157]},
			"properties" : { "ANNO":"2010","ID_SEZIONE":"30504","ISTAT_COMUNE_SEZ":"4240","COMUNE_SEZ":"VERZUOLO","PROVINCIA":"CN","ID_CENTRALE":"1600","NOME_CENTRALE":"VERZUOLO","ISTAT_COMUNE_CENTR":"4240","COMUNE_CENTR":"VERZUOLO","PROVINCIA_CENTR":"CN","INDIRIZZO_CENTRALE":"CANALASSA 8","LATITUDINE_SEZIONE":"44.60157","LONGITUDINE_SEZIONE":"7.48603","POS_X_SEZIONE":"379851.77119","POS_Y_SEZIONE":"4939805.80812","LATITUDINE_CENTRALE":"44.60222","LONGITUDINE_CENTRALE":"7.48385","POS_X_CENTRALE":"379680.08028","POS_Y_CENTRALE":"4939881.06385","TIPO_ADSL":"ADSL_2P","DESCRIZIONE_TIPO_ADSL":"ADSL 2+ (24 mega)","DISTANZA_CALCOLATA":"187.46","CLASSE_DISTANZA":"100-499","POTENZA_SEGNALE":"19761.67","POPOLAZIONE_SEZIONE": "204"}
			},
		 		{ "type" : "Feature",
				"geometry" : {
					"type" : "Point",
					"coordinates" : [7.48310,44.60021]},
			"properties" : { "ANNO":"2010","ID_SEZIONE":"31083","ISTAT_COMUNE_SEZ":"4240","COMUNE_SEZ":"VERZUOLO","PROVINCIA":"CN","ID_CENTRALE":"1600","NOME_CENTRALE":"VERZUOLO","ISTAT_COMUNE_CENTR":"4240","COMUNE_CENTR":"VERZUOLO","PROVINCIA_CENTR":"CN","INDIRIZZO_CENTRALE":"CANALASSA 8","LATITUDINE_SEZIONE":"44.60021","LONGITUDINE_SEZIONE":"7.48310","POS_X_SEZIONE":"379616.37049","POS_Y_SEZIONE":"4939659.30905","LATITUDINE_CENTRALE":"44.60222","LONGITUDINE_CENTRALE":"7.48385","POS_X_CENTRALE":"379680.08028","POS_Y_CENTRALE":"4939881.06385","TIPO_ADSL":"ADSL_2P","DESCRIZIONE_TIPO_ADSL":"ADSL 2+ (24 mega)","DISTANZA_CALCOLATA":"230.73","CLASSE_DISTANZA":"100-499","POTENZA_SEGNALE":"19761.67","POPOLAZIONE_SEZIONE": "24"}
			},
		 		{ "type" : "Feature",
				"geometry" : {
					"type" : "Point",
					"coordinates" : [7.48459,44.58855]},
			"properties" : { "ANNO":"2010","ID_SEZIONE":"31085","ISTAT_COMUNE_SEZ":"4240","COMUNE_SEZ":"VERZUOLO","PROVINCIA":"CN","ID_CENTRALE":"1600","NOME_CENTRALE":"VERZUOLO","ISTAT_COMUNE_CENTR":"4240","COMUNE_CENTR":"VERZUOLO","PROVINCIA_CENTR":"CN","INDIRIZZO_CENTRALE":"CANALASSA 8","LATITUDINE_SEZIONE":"44.58855","LONGITUDINE_SEZIONE":"7.48459","POS_X_SEZIONE":"379710.89644","POS_Y_SEZIONE":"4938361.80275","LATITUDINE_CENTRALE":"44.60222","LONGITUDINE_CENTRALE":"7.48385","POS_X_CENTRALE":"379680.08028","POS_Y_CENTRALE":"4939881.06385","TIPO_ADSL":"ADSL_2P","DESCRIZIONE_TIPO_ADSL":"ADSL 2+ (24 mega)","DISTANZA_CALCOLATA":"1519.57","CLASSE_DISTANZA":"1300-1699","POTENZA_SEGNALE":"16071.67","POPOLAZIONE_SEZIONE": "143"}
			},
		 		{ "type" : "Feature",
				"geometry" : {
					"type" : "Point",
					"coordinates" : [7.51980,44.59099]},
			"properties" : { "ANNO":"2010","ID_SEZIONE":"31527","ISTAT_COMUNE_SEZ":"4240","COMUNE_SEZ":"VERZUOLO","PROVINCIA":"CN","ID_CENTRALE":"1600","NOME_CENTRALE":"VERZUOLO","ISTAT_COMUNE_CENTR":"4240","COMUNE_CENTR":"VERZUOLO","PROVINCIA_CENTR":"CN","INDIRIZZO_CENTRALE":"CANALASSA 8","LATITUDINE_SEZIONE":"44.59099","LONGITUDINE_SEZIONE":"7.51980","POS_X_SEZIONE":"382509.95590","POS_Y_SEZIONE":"4938581.78201","LATITUDINE_CENTRALE":"44.60222","LONGITUDINE_CENTRALE":"7.48385","POS_X_CENTRALE":"379680.08028","POS_Y_CENTRALE":"4939881.06385","TIPO_ADSL":"ADSL_2P","DESCRIZIONE_TIPO_ADSL":"ADSL 2+ (24 mega)","DISTANZA_CALCOLATA":"3113.89","CLASSE_DISTANZA":"2900-3299","POTENZA_SEGNALE":"5238.33","POPOLAZIONE_SEZIONE": "50"}
			},
		 		{ "type" : "Feature",
				"geometry" : {
					"type" : "Point",
					"coordinates" : [7.47877,44.59583]},
			"properties" : { "ANNO":"2010","ID_SEZIONE":"32145","ISTAT_COMUNE_SEZ":"4240","COMUNE_SEZ":"VERZUOLO","PROVINCIA":"CN","ID_CENTRALE":"1600","NOME_CENTRALE":"VERZUOLO","ISTAT_COMUNE_CENTR":"4240","COMUNE_CENTR":"VERZUOLO","PROVINCIA_CENTR":"CN","INDIRIZZO_CENTRALE":"CANALASSA 8","LATITUDINE_SEZIONE":"44.59583","LONGITUDINE_SEZIONE":"7.47877","POS_X_SEZIONE":"379263.66546","POS_Y_SEZIONE":"4939178.80985","LATITUDINE_CENTRALE":"44.60222","LONGITUDINE_CENTRALE":"7.48385","POS_X_CENTRALE":"379680.08028","POS_Y_CENTRALE":"4939881.06385","TIPO_ADSL":"ADSL_2P","DESCRIZIONE_TIPO_ADSL":"ADSL 2+ (24 mega)","DISTANZA_CALCOLATA":"816.43","CLASSE_DISTANZA":"500-899","POTENZA_SEGNALE":"19523.33","POPOLAZIONE_SEZIONE": "149"}
			},
		 		{ "type" : "Feature",
				"geometry" : {
					"type" : "Point",
					"coordinates" : [7.48362,44.59792]},
			"properties" : { "ANNO":"2010","ID_SEZIONE":"32591","ISTAT_COMUNE_SEZ":"4240","COMUNE_SEZ":"VERZUOLO","PROVINCIA":"CN","ID_CENTRALE":"1600","NOME_CENTRALE":"VERZUOLO","ISTAT_COMUNE_CENTR":"4240","COMUNE_CENTR":"VERZUOLO","PROVINCIA_CENTR":"CN","INDIRIZZO_CENTRALE":"CANALASSA 8","LATITUDINE_SEZIONE":"44.59792","LONGITUDINE_SEZIONE":"7.48362","POS_X_SEZIONE":"379652.68767","POS_Y_SEZIONE":"4939403.80774","LATITUDINE_CENTRALE":"44.60222","LONGITUDINE_CENTRALE":"7.48385","POS_X_CENTRALE":"379680.08028","POS_Y_CENTRALE":"4939881.06385","TIPO_ADSL":"ADSL_2P","DESCRIZIONE_TIPO_ADSL":"ADSL 2+ (24 mega)","DISTANZA_CALCOLATA":"478.04","CLASSE_DISTANZA":"100-499","POTENZA_SEGNALE":"19761.67","POPOLAZIONE_SEZIONE": "13"}
			},
		 		{ "type" : "Feature",
				"geometry" : {
					"type" : "Point",
					"coordinates" : [7.48240,44.59600]},
			"properties" : { "ANNO":"2010","ID_SEZIONE":"32592","ISTAT_COMUNE_SEZ":"4240","COMUNE_SEZ":"VERZUOLO","PROVINCIA":"CN","ID_CENTRALE":"1600","NOME_CENTRALE":"VERZUOLO","ISTAT_COMUNE_CENTR":"4240","COMUNE_CENTR":"VERZUOLO","PROVINCIA_CENTR":"CN","INDIRIZZO_CENTRALE":"CANALASSA 8","LATITUDINE_SEZIONE":"44.59600","LONGITUDINE_SEZIONE":"7.48240","POS_X_SEZIONE":"379551.97471","POS_Y_SEZIONE":"4939193.30764","LATITUDINE_CENTRALE":"44.60222","LONGITUDINE_CENTRALE":"7.48385","POS_X_CENTRALE":"379680.08028","POS_Y_CENTRALE":"4939881.06385","TIPO_ADSL":"ADSL_2P","DESCRIZIONE_TIPO_ADSL":"ADSL 2+ (24 mega)","DISTANZA_CALCOLATA":"699.59","CLASSE_DISTANZA":"500-899","POTENZA_SEGNALE":"19523.33","POPOLAZIONE_SEZIONE": "78"}
			},
		 		{ "type" : "Feature",
				"geometry" : {
					"type" : "Point",
					"coordinates" : [7.48185,44.59196]},
			"properties" : { "ANNO":"2010","ID_SEZIONE":"32594","ISTAT_COMUNE_SEZ":"4240","COMUNE_SEZ":"VERZUOLO","PROVINCIA":"CN","ID_CENTRALE":"1600","NOME_CENTRALE":"VERZUOLO","ISTAT_COMUNE_CENTR":"4240","COMUNE_CENTR":"VERZUOLO","PROVINCIA_CENTR":"CN","INDIRIZZO_CENTRALE":"CANALASSA 8","LATITUDINE_SEZIONE":"44.59196","LONGITUDINE_SEZIONE":"7.48185","POS_X_SEZIONE":"379500.11013","POS_Y_SEZIONE":"4938744.80588","LATITUDINE_CENTRALE":"44.60222","LONGITUDINE_CENTRALE":"7.48385","POS_X_CENTRALE":"379680.08028","POS_Y_CENTRALE":"4939881.06385","TIPO_ADSL":"ADSL_2P","DESCRIZIONE_TIPO_ADSL":"ADSL 2+ (24 mega)","DISTANZA_CALCOLATA":"1150.42","CLASSE_DISTANZA":"900-1299","POTENZA_SEGNALE":"17737.5","POPOLAZIONE_SEZIONE": "74"}
			},
		 		{ "type" : "Feature",
				"geometry" : {
					"type" : "Point",
					"coordinates" : [7.48408,44.60427]},
			"properties" : { "ANNO":"2010","ID_SEZIONE":"32905","ISTAT_COMUNE_SEZ":"4240","COMUNE_SEZ":"VERZUOLO","PROVINCIA":"CN","ID_CENTRALE":"1600","NOME_CENTRALE":"VERZUOLO","ISTAT_COMUNE_CENTR":"4240","COMUNE_CENTR":"VERZUOLO","PROVINCIA_CENTR":"CN","INDIRIZZO_CENTRALE":"CANALASSA 8","LATITUDINE_SEZIONE":"44.60427","LONGITUDINE_SEZIONE":"7.48408","POS_X_SEZIONE":"379702.14124","POS_Y_SEZIONE":"4940109.31046","LATITUDINE_CENTRALE":"44.60222","LONGITUDINE_CENTRALE":"7.48385","POS_X_CENTRALE":"379680.08028","POS_Y_CENTRALE":"4939881.06385","TIPO_ADSL":"ADSL_2P","DESCRIZIONE_TIPO_ADSL":"ADSL 2+ (24 mega)","DISTANZA_CALCOLATA":"229.31","CLASSE_DISTANZA":"100-499","POTENZA_SEGNALE":"19761.67","POPOLAZIONE_SEZIONE": "259"}
			}
		 		]
	}
		