 	{ "type" : "FeatureCollection",
		"features" : [
		 		{ "type" : "Feature",
				"geometry" : {
					"type" : "Point",
					"coordinates" : [7.73705,45.02326]},
			"properties" : { "ANNO":"2010","ID_SEZIONE":"4123","ISTAT_COMUNE_SEZ":"1156","COMUNE_SEZ":"MONCALIERI","PROVINCIA":"TO","ID_CENTRALE":"1485","NOME_CENTRALE":"TORINO REVIGLIASCO","ISTAT_COMUNE_CENTR":"1156","COMUNE_CENTR":"MONCALIERI","PROVINCIA_CENTR":"TO","INDIRIZZO_CENTRALE":"BARICCO","LATITUDINE_SEZIONE":"45.02326","LONGITUDINE_SEZIONE":"7.73705","POS_X_SEZIONE":"400500.57249","POS_Y_SEZIONE":"4986310.57258","LATITUDINE_CENTRALE":"45.01884","LONGITUDINE_CENTRALE":"7.73857","POS_X_CENTRALE":"400612.43547","POS_Y_CENTRALE":"4985816.78286","TIPO_ADSL":"ADSL_1","DESCRIZIONE_TIPO_ADSL":"ADSL (8 mega)","DISTANZA_CALCOLATA":"506.30","CLASSE_DISTANZA":"500-899","POTENZA_SEGNALE":"7000","POPOLAZIONE_SEZIONE": "680"}
			},
		 		{ "type" : "Feature",
				"geometry" : {
					"type" : "Point",
					"coordinates" : [7.74445,45.03296]},
			"properties" : { "ANNO":"2010","ID_SEZIONE":"16516","ISTAT_COMUNE_SEZ":"1183","COMUNE_SEZ":"PECETTO TORINESE","PROVINCIA":"TO","ID_CENTRALE":"1485","NOME_CENTRALE":"TORINO REVIGLIASCO","ISTAT_COMUNE_CENTR":"1156","COMUNE_CENTR":"MONCALIERI","PROVINCIA_CENTR":"TO","INDIRIZZO_CENTRALE":"BARICCO","LATITUDINE_SEZIONE":"45.03296","LONGITUDINE_SEZIONE":"7.74445","POS_X_SEZIONE":"401100.26529","POS_Y_SEZIONE":"4987378.09719","LATITUDINE_CENTRALE":"45.01884","LONGITUDINE_CENTRALE":"7.73857","POS_X_CENTRALE":"400612.43547","POS_Y_CENTRALE":"4985816.78286","TIPO_ADSL":"ADSL_1","DESCRIZIONE_TIPO_ADSL":"ADSL (8 mega)","DISTANZA_CALCOLATA":"1635.75","CLASSE_DISTANZA":"1300-1699","POTENZA_SEGNALE":"7000","POPOLAZIONE_SEZIONE": "125"}
			},
		 		{ "type" : "Feature",
				"geometry" : {
					"type" : "Point",
					"coordinates" : [7.72642,45.02125]},
			"properties" : { "ANNO":"2010","ID_SEZIONE":"30177","ISTAT_COMUNE_SEZ":"1156","COMUNE_SEZ":"MONCALIERI","PROVINCIA":"TO","ID_CENTRALE":"1485","NOME_CENTRALE":"TORINO REVIGLIASCO","ISTAT_COMUNE_CENTR":"1156","COMUNE_CENTR":"MONCALIERI","PROVINCIA_CENTR":"TO","INDIRIZZO_CENTRALE":"BARICCO","LATITUDINE_SEZIONE":"45.02125","LONGITUDINE_SEZIONE":"7.72642","POS_X_SEZIONE":"399659.70158","POS_Y_SEZIONE":"4986099.55844","LATITUDINE_CENTRALE":"45.01884","LONGITUDINE_CENTRALE":"7.73857","POS_X_CENTRALE":"400612.43547","POS_Y_CENTRALE":"4985816.78286","TIPO_ADSL":"ADSL_1","DESCRIZIONE_TIPO_ADSL":"ADSL (8 mega)","DISTANZA_CALCOLATA":"993.81","CLASSE_DISTANZA":"900-1299","POTENZA_SEGNALE":"7000","POPOLAZIONE_SEZIONE": "121"}
			},
		 		{ "type" : "Feature",
				"geometry" : {
					"type" : "Point",
					"coordinates" : [7.72915,45.02191]},
			"properties" : { "ANNO":"2010","ID_SEZIONE":"31862","ISTAT_COMUNE_SEZ":"1156","COMUNE_SEZ":"MONCALIERI","PROVINCIA":"TO","ID_CENTRALE":"1485","NOME_CENTRALE":"TORINO REVIGLIASCO","ISTAT_COMUNE_CENTR":"1156","COMUNE_CENTR":"MONCALIERI","PROVINCIA_CENTR":"TO","INDIRIZZO_CENTRALE":"BARICCO","LATITUDINE_SEZIONE":"45.02191","LONGITUDINE_SEZIONE":"7.72915","POS_X_SEZIONE":"399875.66983","POS_Y_SEZIONE":"4986170.06238","LATITUDINE_CENTRALE":"45.01884","LONGITUDINE_CENTRALE":"7.73857","POS_X_CENTRALE":"400612.43547","POS_Y_CENTRALE":"4985816.78286","TIPO_ADSL":"ADSL_1","DESCRIZIONE_TIPO_ADSL":"ADSL (8 mega)","DISTANZA_CALCOLATA":"817.09","CLASSE_DISTANZA":"500-899","POTENZA_SEGNALE":"7000","POPOLAZIONE_SEZIONE": "143"}
			},
		 		{ "type" : "Feature",
				"geometry" : {
					"type" : "Point",
					"coordinates" : [7.73611,45.01584]},
			"properties" : { "ANNO":"2010","ID_SEZIONE":"32056","ISTAT_COMUNE_SEZ":"1156","COMUNE_SEZ":"MONCALIERI","PROVINCIA":"TO","ID_CENTRALE":"1485","NOME_CENTRALE":"TORINO REVIGLIASCO","ISTAT_COMUNE_CENTR":"1156","COMUNE_CENTR":"MONCALIERI","PROVINCIA_CENTR":"TO","INDIRIZZO_CENTRALE":"BARICCO","LATITUDINE_SEZIONE":"45.01584","LONGITUDINE_SEZIONE":"7.73611","POS_X_SEZIONE":"400413.40961","POS_Y_SEZIONE":"4985486.55876","LATITUDINE_CENTRALE":"45.01884","LONGITUDINE_CENTRALE":"7.73857","POS_X_CENTRALE":"400612.43547","POS_Y_CENTRALE":"4985816.78286","TIPO_ADSL":"ADSL_1","DESCRIZIONE_TIPO_ADSL":"ADSL (8 mega)","DISTANZA_CALCOLATA":"385.56","CLASSE_DISTANZA":"100-499","POTENZA_SEGNALE":"7000","POPOLAZIONE_SEZIONE": "547"}
			},
		 		{ "type" : "Feature",
				"geometry" : {
					"type" : "Point",
					"coordinates" : [7.74032,45.00715]},
			"properties" : { "ANNO":"2010","ID_SEZIONE":"32886","ISTAT_COMUNE_SEZ":"1156","COMUNE_SEZ":"MONCALIERI","PROVINCIA":"TO","ID_CENTRALE":"1485","NOME_CENTRALE":"TORINO REVIGLIASCO","ISTAT_COMUNE_CENTR":"1156","COMUNE_CENTR":"MONCALIERI","PROVINCIA_CENTR":"TO","INDIRIZZO_CENTRALE":"BARICCO","LATITUDINE_SEZIONE":"45.00715","LONGITUDINE_SEZIONE":"7.74032","POS_X_SEZIONE":"400730.36782","POS_Y_SEZIONE":"4984516.04740","LATITUDINE_CENTRALE":"45.01884","LONGITUDINE_CENTRALE":"7.73857","POS_X_CENTRALE":"400612.43547","POS_Y_CENTRALE":"4985816.78286","TIPO_ADSL":"ADSL_1","DESCRIZIONE_TIPO_ADSL":"ADSL (8 mega)","DISTANZA_CALCOLATA":"1306.07","CLASSE_DISTANZA":"1300-1699","POTENZA_SEGNALE":"7000","POPOLAZIONE_SEZIONE": "21"}
			}
		 		]
	}
		