 	{ "type" : "FeatureCollection",
		"features" : [
		 		{ "type" : "Feature",
				"geometry" : {
					"type" : "Point",
					"coordinates" : [7.51277,45.02763]},
			"properties" : { "ANNO":"2010","ID_SEZIONE":"2181","ISTAT_COMUNE_SEZ":"1214","COMUNE_SEZ":"RIVALTA DI TORINO","PROVINCIA":"TO","ID_CENTRALE":"1103","NOME_CENTRALE":"RIVALTA DI TORINO 2","ISTAT_COMUNE_CENTR":"1214","COMUNE_CENTR":"RIVALTA DI TORINO","PROVINCIA_CENTR":"TO","INDIRIZZO_CENTRALE":"DANTE","LATITUDINE_SEZIONE":"45.02763","LONGITUDINE_SEZIONE":"7.51277","POS_X_SEZIONE":"382840.14367","POS_Y_SEZIONE":"4987095.03850","LATITUDINE_CENTRALE":"45.03892","LONGITUDINE_CENTRALE":"7.52146","POS_X_CENTRALE":"383547.68750","POS_Y_CENTRALE":"4988337.00000","TIPO_ADSL":"ADSL_2P","DESCRIZIONE_TIPO_ADSL":"ADSL 2+ (24 mega)","DISTANZA_CALCOLATA":"1429.37","CLASSE_DISTANZA":"1300-1699","POTENZA_SEGNALE":"16071.67","POPOLAZIONE_SEZIONE": "743"}
			},
		 		{ "type" : "Feature",
				"geometry" : {
					"type" : "Point",
					"coordinates" : [7.52131,45.02347]},
			"properties" : { "ANNO":"2010","ID_SEZIONE":"2581","ISTAT_COMUNE_SEZ":"1214","COMUNE_SEZ":"RIVALTA DI TORINO","PROVINCIA":"TO","ID_CENTRALE":"1103","NOME_CENTRALE":"RIVALTA DI TORINO 2","ISTAT_COMUNE_CENTR":"1214","COMUNE_CENTR":"RIVALTA DI TORINO","PROVINCIA_CENTR":"TO","INDIRIZZO_CENTRALE":"DANTE","LATITUDINE_SEZIONE":"45.02347","LONGITUDINE_SEZIONE":"7.52131","POS_X_SEZIONE":"383503.82982","POS_Y_SEZIONE":"4986621.53169","LATITUDINE_CENTRALE":"45.03892","LONGITUDINE_CENTRALE":"7.52146","POS_X_CENTRALE":"383547.68750","POS_Y_CENTRALE":"4988337.00000","TIPO_ADSL":"ADSL_2P","DESCRIZIONE_TIPO_ADSL":"ADSL 2+ (24 mega)","DISTANZA_CALCOLATA":"1716.03","CLASSE_DISTANZA":"1700-2099","POTENZA_SEGNALE":"12975.83","POPOLAZIONE_SEZIONE": "587"}
			},
		 		{ "type" : "Feature",
				"geometry" : {
					"type" : "Point",
					"coordinates" : [7.51537,45.03670]},
			"properties" : { "ANNO":"2010","ID_SEZIONE":"3775","ISTAT_COMUNE_SEZ":"1214","COMUNE_SEZ":"RIVALTA DI TORINO","PROVINCIA":"TO","ID_CENTRALE":"1103","NOME_CENTRALE":"RIVALTA DI TORINO 2","ISTAT_COMUNE_CENTR":"1214","COMUNE_CENTR":"RIVALTA DI TORINO","PROVINCIA_CENTR":"TO","INDIRIZZO_CENTRALE":"DANTE","LATITUDINE_SEZIONE":"45.03670","LONGITUDINE_SEZIONE":"7.51537","POS_X_SEZIONE":"383063.44070","POS_Y_SEZIONE":"4988099.55844","LATITUDINE_CENTRALE":"45.03892","LONGITUDINE_CENTRALE":"7.52146","POS_X_CENTRALE":"383547.68750","POS_Y_CENTRALE":"4988337.00000","TIPO_ADSL":"ADSL_2P","DESCRIZIONE_TIPO_ADSL":"ADSL 2+ (24 mega)","DISTANZA_CALCOLATA":"539.33","CLASSE_DISTANZA":"500-899","POTENZA_SEGNALE":"19523.33","POPOLAZIONE_SEZIONE": "1368"}
			},
		 		{ "type" : "Feature",
				"geometry" : {
					"type" : "Point",
					"coordinates" : [7.51199,45.03583]},
			"properties" : { "ANNO":"2010","ID_SEZIONE":"7655","ISTAT_COMUNE_SEZ":"1214","COMUNE_SEZ":"RIVALTA DI TORINO","PROVINCIA":"TO","ID_CENTRALE":"1103","NOME_CENTRALE":"RIVALTA DI TORINO 2","ISTAT_COMUNE_CENTR":"1214","COMUNE_CENTR":"RIVALTA DI TORINO","PROVINCIA_CENTR":"TO","INDIRIZZO_CENTRALE":"DANTE","LATITUDINE_SEZIONE":"45.03583","LONGITUDINE_SEZIONE":"7.51199","POS_X_SEZIONE":"382795.46809","POS_Y_SEZIONE":"4988007.55563","LATITUDINE_CENTRALE":"45.03892","LONGITUDINE_CENTRALE":"7.52146","POS_X_CENTRALE":"383547.68750","POS_Y_CENTRALE":"4988337.00000","TIPO_ADSL":"ADSL_2P","DESCRIZIONE_TIPO_ADSL":"ADSL 2+ (24 mega)","DISTANZA_CALCOLATA":"821.20","CLASSE_DISTANZA":"500-899","POTENZA_SEGNALE":"19523.33","POPOLAZIONE_SEZIONE": "1019"}
			},
		 		{ "type" : "Feature",
				"geometry" : {
					"type" : "Point",
					"coordinates" : [7.54031,45.07244]},
			"properties" : { "ANNO":"2010","ID_SEZIONE":"10505","ISTAT_COMUNE_SEZ":"1219","COMUNE_SEZ":"RIVOLI","PROVINCIA":"TO","ID_CENTRALE":"1103","NOME_CENTRALE":"RIVALTA DI TORINO 2","ISTAT_COMUNE_CENTR":"1214","COMUNE_CENTR":"RIVALTA DI TORINO","PROVINCIA_CENTR":"TO","INDIRIZZO_CENTRALE":"DANTE","LATITUDINE_SEZIONE":"45.07244","LONGITUDINE_SEZIONE":"7.54031","POS_X_SEZIONE":"385099.17728","POS_Y_SEZIONE":"4992033.64100","LATITUDINE_CENTRALE":"45.03892","LONGITUDINE_CENTRALE":"7.52146","POS_X_CENTRALE":"383547.68750","POS_Y_CENTRALE":"4988337.00000","TIPO_ADSL":"ADSL_2P","DESCRIZIONE_TIPO_ADSL":"ADSL 2+ (24 mega)","DISTANZA_CALCOLATA":"4009.02","CLASSE_DISTANZA":"3700-4099","POTENZA_SEGNALE":"2857.5","POPOLAZIONE_SEZIONE": "354"}
			},
		 		{ "type" : "Feature",
				"geometry" : {
					"type" : "Point",
					"coordinates" : [7.52285,45.03074]},
			"properties" : { "ANNO":"2010","ID_SEZIONE":"13311","ISTAT_COMUNE_SEZ":"1214","COMUNE_SEZ":"RIVALTA DI TORINO","PROVINCIA":"TO","ID_CENTRALE":"1103","NOME_CENTRALE":"RIVALTA DI TORINO 2","ISTAT_COMUNE_CENTR":"1214","COMUNE_CENTR":"RIVALTA DI TORINO","PROVINCIA_CENTR":"TO","INDIRIZZO_CENTRALE":"DANTE","LATITUDINE_SEZIONE":"45.03074","LONGITUDINE_SEZIONE":"7.52285","POS_X_SEZIONE":"383640.09247","POS_Y_SEZIONE":"4987426.04753","LATITUDINE_CENTRALE":"45.03892","LONGITUDINE_CENTRALE":"7.52146","POS_X_CENTRALE":"383547.68750","POS_Y_CENTRALE":"4988337.00000","TIPO_ADSL":"ADSL_2P","DESCRIZIONE_TIPO_ADSL":"ADSL 2+ (24 mega)","DISTANZA_CALCOLATA":"915.63","CLASSE_DISTANZA":"900-1299","POTENZA_SEGNALE":"17737.5","POPOLAZIONE_SEZIONE": "795"}
			},
		 		{ "type" : "Feature",
				"geometry" : {
					"type" : "Point",
					"coordinates" : [7.52217,45.03938]},
			"properties" : { "ANNO":"2010","ID_SEZIONE":"13624","ISTAT_COMUNE_SEZ":"1214","COMUNE_SEZ":"RIVALTA DI TORINO","PROVINCIA":"TO","ID_CENTRALE":"1103","NOME_CENTRALE":"RIVALTA DI TORINO 2","ISTAT_COMUNE_CENTR":"1214","COMUNE_CENTR":"RIVALTA DI TORINO","PROVINCIA_CENTR":"TO","INDIRIZZO_CENTRALE":"DANTE","LATITUDINE_SEZIONE":"45.03938","LONGITUDINE_SEZIONE":"7.52217","POS_X_SEZIONE":"383603.95039","POS_Y_SEZIONE":"4988387.06590","LATITUDINE_CENTRALE":"45.03892","LONGITUDINE_CENTRALE":"7.52146","POS_X_CENTRALE":"383547.68750","POS_Y_CENTRALE":"4988337.00000","TIPO_ADSL":"ADSL_2P","DESCRIZIONE_TIPO_ADSL":"ADSL 2+ (24 mega)","DISTANZA_CALCOLATA":"75.31","CLASSE_DISTANZA":"0-99","POTENZA_SEGNALE":"19761.67","POPOLAZIONE_SEZIONE": ""}
			},
		 		{ "type" : "Feature",
				"geometry" : {
					"type" : "Point",
					"coordinates" : [7.51961,45.03460]},
			"properties" : { "ANNO":"2010","ID_SEZIONE":"15568","ISTAT_COMUNE_SEZ":"1214","COMUNE_SEZ":"RIVALTA DI TORINO","PROVINCIA":"TO","ID_CENTRALE":"1103","NOME_CENTRALE":"RIVALTA DI TORINO 2","ISTAT_COMUNE_CENTR":"1214","COMUNE_CENTR":"RIVALTA DI TORINO","PROVINCIA_CENTR":"TO","INDIRIZZO_CENTRALE":"DANTE","LATITUDINE_SEZIONE":"45.03460","LONGITUDINE_SEZIONE":"7.51961","POS_X_SEZIONE":"383392.53433","POS_Y_SEZIONE":"4987860.05508","LATITUDINE_CENTRALE":"45.03892","LONGITUDINE_CENTRALE":"7.52146","POS_X_CENTRALE":"383547.68750","POS_Y_CENTRALE":"4988337.00000","TIPO_ADSL":"ADSL_2P","DESCRIZIONE_TIPO_ADSL":"ADSL 2+ (24 mega)","DISTANZA_CALCOLATA":"501.55","CLASSE_DISTANZA":"500-899","POTENZA_SEGNALE":"19523.33","POPOLAZIONE_SEZIONE": "693"}
			},
		 		{ "type" : "Feature",
				"geometry" : {
					"type" : "Point",
					"coordinates" : [7.53895,45.03427]},
			"properties" : { "ANNO":"2010","ID_SEZIONE":"19612","ISTAT_COMUNE_SEZ":"1214","COMUNE_SEZ":"RIVALTA DI TORINO","PROVINCIA":"TO","ID_CENTRALE":"1103","NOME_CENTRALE":"RIVALTA DI TORINO 2","ISTAT_COMUNE_CENTR":"1214","COMUNE_CENTR":"RIVALTA DI TORINO","PROVINCIA_CENTR":"TO","INDIRIZZO_CENTRALE":"DANTE","LATITUDINE_SEZIONE":"45.03427","LONGITUDINE_SEZIONE":"7.53895","POS_X_SEZIONE":"384915.23513","POS_Y_SEZIONE":"4987795.55895","LATITUDINE_CENTRALE":"45.03892","LONGITUDINE_CENTRALE":"7.52146","POS_X_CENTRALE":"383547.68750","POS_Y_CENTRALE":"4988337.00000","TIPO_ADSL":"ADSL_2P","DESCRIZIONE_TIPO_ADSL":"ADSL 2+ (24 mega)","DISTANZA_CALCOLATA":"1470.83","CLASSE_DISTANZA":"1300-1699","POTENZA_SEGNALE":"16071.67","POPOLAZIONE_SEZIONE": "4"}
			},
		 		{ "type" : "Feature",
				"geometry" : {
					"type" : "Point",
					"coordinates" : [7.52365,45.02839]},
			"properties" : { "ANNO":"2010","ID_SEZIONE":"19812","ISTAT_COMUNE_SEZ":"1214","COMUNE_SEZ":"RIVALTA DI TORINO","PROVINCIA":"TO","ID_CENTRALE":"1103","NOME_CENTRALE":"RIVALTA DI TORINO 2","ISTAT_COMUNE_CENTR":"1214","COMUNE_CENTR":"RIVALTA DI TORINO","PROVINCIA_CENTR":"TO","INDIRIZZO_CENTRALE":"DANTE","LATITUDINE_SEZIONE":"45.02839","LONGITUDINE_SEZIONE":"7.52365","POS_X_SEZIONE":"383698.18348","POS_Y_SEZIONE":"4987164.54250","LATITUDINE_CENTRALE":"45.03892","LONGITUDINE_CENTRALE":"7.52146","POS_X_CENTRALE":"383547.68750","POS_Y_CENTRALE":"4988337.00000","TIPO_ADSL":"ADSL_2P","DESCRIZIONE_TIPO_ADSL":"ADSL 2+ (24 mega)","DISTANZA_CALCOLATA":"1182.08","CLASSE_DISTANZA":"900-1299","POTENZA_SEGNALE":"17737.5","POPOLAZIONE_SEZIONE": "457"}
			},
		 		{ "type" : "Feature",
				"geometry" : {
					"type" : "Point",
					"coordinates" : [7.55587,45.04264]},
			"properties" : { "ANNO":"2010","ID_SEZIONE":"22029","ISTAT_COMUNE_SEZ":"1214","COMUNE_SEZ":"RIVALTA DI TORINO","PROVINCIA":"TO","ID_CENTRALE":"1103","NOME_CENTRALE":"RIVALTA DI TORINO 2","ISTAT_COMUNE_CENTR":"1214","COMUNE_CENTR":"RIVALTA DI TORINO","PROVINCIA_CENTR":"TO","INDIRIZZO_CENTRALE":"DANTE","LATITUDINE_SEZIONE":"45.04264","LONGITUDINE_SEZIONE":"7.55587","POS_X_SEZIONE":"386265.07552","POS_Y_SEZIONE":"4988701.58135","LATITUDINE_CENTRALE":"45.03892","LONGITUDINE_CENTRALE":"7.52146","POS_X_CENTRALE":"383547.68750","POS_Y_CENTRALE":"4988337.00000","TIPO_ADSL":"ADSL_2P","DESCRIZIONE_TIPO_ADSL":"ADSL 2+ (24 mega)","DISTANZA_CALCOLATA":"2741.74","CLASSE_DISTANZA":"2500-2899","POTENZA_SEGNALE":"7380.83","POPOLAZIONE_SEZIONE": ""}
			},
		 		{ "type" : "Feature",
				"geometry" : {
					"type" : "Point",
					"coordinates" : [7.50476,45.03537]},
			"properties" : { "ANNO":"2010","ID_SEZIONE":"23442","ISTAT_COMUNE_SEZ":"1214","COMUNE_SEZ":"RIVALTA DI TORINO","PROVINCIA":"TO","ID_CENTRALE":"1103","NOME_CENTRALE":"RIVALTA DI TORINO 2","ISTAT_COMUNE_CENTR":"1214","COMUNE_CENTR":"RIVALTA DI TORINO","PROVINCIA_CENTR":"TO","INDIRIZZO_CENTRALE":"DANTE","LATITUDINE_SEZIONE":"45.03537","LONGITUDINE_SEZIONE":"7.50476","POS_X_SEZIONE":"382224.33721","POS_Y_SEZIONE":"4987967.05284","LATITUDINE_CENTRALE":"45.03892","LONGITUDINE_CENTRALE":"7.52146","POS_X_CENTRALE":"383547.68750","POS_Y_CENTRALE":"4988337.00000","TIPO_ADSL":"ADSL_2P","DESCRIZIONE_TIPO_ADSL":"ADSL 2+ (24 mega)","DISTANZA_CALCOLATA":"1374.09","CLASSE_DISTANZA":"1300-1699","POTENZA_SEGNALE":"16071.67","POPOLAZIONE_SEZIONE": "19"}
			},
		 		{ "type" : "Feature",
				"geometry" : {
					"type" : "Point",
					"coordinates" : [7.51806,45.02954]},
			"properties" : { "ANNO":"2010","ID_SEZIONE":"24474","ISTAT_COMUNE_SEZ":"1214","COMUNE_SEZ":"RIVALTA DI TORINO","PROVINCIA":"TO","ID_CENTRALE":"1103","NOME_CENTRALE":"RIVALTA DI TORINO 2","ISTAT_COMUNE_CENTR":"1214","COMUNE_CENTR":"RIVALTA DI TORINO","PROVINCIA_CENTR":"TO","INDIRIZZO_CENTRALE":"DANTE","LATITUDINE_SEZIONE":"45.02954","LONGITUDINE_SEZIONE":"7.51806","POS_X_SEZIONE":"383260.11935","POS_Y_SEZIONE":"4987300.04382","LATITUDINE_CENTRALE":"45.03892","LONGITUDINE_CENTRALE":"7.52146","POS_X_CENTRALE":"383547.68750","POS_Y_CENTRALE":"4988337.00000","TIPO_ADSL":"ADSL_2P","DESCRIZIONE_TIPO_ADSL":"ADSL 2+ (24 mega)","DISTANZA_CALCOLATA":"1076.09","CLASSE_DISTANZA":"900-1299","POTENZA_SEGNALE":"17737.5","POPOLAZIONE_SEZIONE": "977"}
			},
		 		{ "type" : "Feature",
				"geometry" : {
					"type" : "Point",
					"coordinates" : [7.51858,45.02599]},
			"properties" : { "ANNO":"2010","ID_SEZIONE":"24475","ISTAT_COMUNE_SEZ":"1214","COMUNE_SEZ":"RIVALTA DI TORINO","PROVINCIA":"TO","ID_CENTRALE":"1103","NOME_CENTRALE":"RIVALTA DI TORINO 2","ISTAT_COMUNE_CENTR":"1214","COMUNE_CENTR":"RIVALTA DI TORINO","PROVINCIA_CENTR":"TO","INDIRIZZO_CENTRALE":"DANTE","LATITUDINE_SEZIONE":"45.02599","LONGITUDINE_SEZIONE":"7.51858","POS_X_SEZIONE":"383294.17606","POS_Y_SEZIONE":"4986904.53610","LATITUDINE_CENTRALE":"45.03892","LONGITUDINE_CENTRALE":"7.52146","POS_X_CENTRALE":"383547.68750","POS_Y_CENTRALE":"4988337.00000","TIPO_ADSL":"ADSL_2P","DESCRIZIONE_TIPO_ADSL":"ADSL 2+ (24 mega)","DISTANZA_CALCOLATA":"1454.72","CLASSE_DISTANZA":"1300-1699","POTENZA_SEGNALE":"16071.67","POPOLAZIONE_SEZIONE": "840"}
			},
		 		{ "type" : "Feature",
				"geometry" : {
					"type" : "Point",
					"coordinates" : [7.52546,45.02443]},
			"properties" : { "ANNO":"2010","ID_SEZIONE":"28121","ISTAT_COMUNE_SEZ":"1214","COMUNE_SEZ":"RIVALTA DI TORINO","PROVINCIA":"TO","ID_CENTRALE":"1103","NOME_CENTRALE":"RIVALTA DI TORINO 2","ISTAT_COMUNE_CENTR":"1214","COMUNE_CENTR":"RIVALTA DI TORINO","PROVINCIA_CENTR":"TO","INDIRIZZO_CENTRALE":"DANTE","LATITUDINE_SEZIONE":"45.02443","LONGITUDINE_SEZIONE":"7.52546","POS_X_SEZIONE":"383832.77190","POS_Y_SEZIONE":"4986722.03473","LATITUDINE_CENTRALE":"45.03892","LONGITUDINE_CENTRALE":"7.52146","POS_X_CENTRALE":"383547.68750","POS_Y_CENTRALE":"4988337.00000","TIPO_ADSL":"ADSL_2P","DESCRIZIONE_TIPO_ADSL":"ADSL 2+ (24 mega)","DISTANZA_CALCOLATA":"1639.93","CLASSE_DISTANZA":"1300-1699","POTENZA_SEGNALE":"16071.67","POPOLAZIONE_SEZIONE": "722"}
			},
		 		{ "type" : "Feature",
				"geometry" : {
					"type" : "Point",
					"coordinates" : [7.51798,45.04136]},
			"properties" : { "ANNO":"2010","ID_SEZIONE":"29157","ISTAT_COMUNE_SEZ":"1214","COMUNE_SEZ":"RIVALTA DI TORINO","PROVINCIA":"TO","ID_CENTRALE":"1103","NOME_CENTRALE":"RIVALTA DI TORINO 2","ISTAT_COMUNE_CENTR":"1214","COMUNE_CENTR":"RIVALTA DI TORINO","PROVINCIA_CENTR":"TO","INDIRIZZO_CENTRALE":"DANTE","LATITUDINE_SEZIONE":"45.04136","LONGITUDINE_SEZIONE":"7.51798","POS_X_SEZIONE":"383278.10643","POS_Y_SEZIONE":"4988613.56907","LATITUDINE_CENTRALE":"45.03892","LONGITUDINE_CENTRALE":"7.52146","POS_X_CENTRALE":"383547.68750","POS_Y_CENTRALE":"4988337.00000","TIPO_ADSL":"ADSL_2P","DESCRIZIONE_TIPO_ADSL":"ADSL 2+ (24 mega)","DISTANZA_CALCOLATA":"386.22","CLASSE_DISTANZA":"100-499","POTENZA_SEGNALE":"19761.67","POPOLAZIONE_SEZIONE": "874"}
			},
		 		{ "type" : "Feature",
				"geometry" : {
					"type" : "Point",
					"coordinates" : [7.52552,45.03714]},
			"properties" : { "ANNO":"2010","ID_SEZIONE":"29159","ISTAT_COMUNE_SEZ":"1214","COMUNE_SEZ":"RIVALTA DI TORINO","PROVINCIA":"TO","ID_CENTRALE":"1103","NOME_CENTRALE":"RIVALTA DI TORINO 2","ISTAT_COMUNE_CENTR":"1214","COMUNE_CENTR":"RIVALTA DI TORINO","PROVINCIA_CENTR":"TO","INDIRIZZO_CENTRALE":"DANTE","LATITUDINE_SEZIONE":"45.03714","LONGITUDINE_SEZIONE":"7.52552","POS_X_SEZIONE":"383863.10483","POS_Y_SEZIONE":"4988133.56190","LATITUDINE_CENTRALE":"45.03892","LONGITUDINE_CENTRALE":"7.52146","POS_X_CENTRALE":"383547.68750","POS_Y_CENTRALE":"4988337.00000","TIPO_ADSL":"ADSL_2P","DESCRIZIONE_TIPO_ADSL":"ADSL 2+ (24 mega)","DISTANZA_CALCOLATA":"375.33","CLASSE_DISTANZA":"100-499","POTENZA_SEGNALE":"19761.67","POPOLAZIONE_SEZIONE": "914"}
			},
		 		{ "type" : "Feature",
				"geometry" : {
					"type" : "Point",
					"coordinates" : [7.53493,45.04051]},
			"properties" : { "ANNO":"2010","ID_SEZIONE":"29962","ISTAT_COMUNE_SEZ":"1214","COMUNE_SEZ":"RIVALTA DI TORINO","PROVINCIA":"TO","ID_CENTRALE":"1103","NOME_CENTRALE":"RIVALTA DI TORINO 2","ISTAT_COMUNE_CENTR":"1214","COMUNE_CENTR":"RIVALTA DI TORINO","PROVINCIA_CENTR":"TO","INDIRIZZO_CENTRALE":"DANTE","LATITUDINE_SEZIONE":"45.04051","LONGITUDINE_SEZIONE":"7.53493","POS_X_SEZIONE":"384611.46195","POS_Y_SEZIONE":"4988494.57156","LATITUDINE_CENTRALE":"45.03892","LONGITUDINE_CENTRALE":"7.52146","POS_X_CENTRALE":"383547.68750","POS_Y_CENTRALE":"4988337.00000","TIPO_ADSL":"ADSL_2P","DESCRIZIONE_TIPO_ADSL":"ADSL 2+ (24 mega)","DISTANZA_CALCOLATA":"1075.38","CLASSE_DISTANZA":"900-1299","POTENZA_SEGNALE":"17737.5","POPOLAZIONE_SEZIONE": "11"}
			}
		 		]
	}
		