 	{ "type" : "FeatureCollection",
		"features" : [
		 		{ "type" : "Feature",
				"geometry" : {
					"type" : "Point",
					"coordinates" : [8.14683,45.69755]},
			"properties" : { "ANNO":"2010","ID_SEZIONE":"212","ISTAT_COMUNE_SEZ":"96048","COMUNE_SEZ":"PORTULA","PROVINCIA":"BI","ID_CENTRALE":"1534","NOME_CENTRALE":"TRIVERO","ISTAT_COMUNE_CENTR":"96070","COMUNE_CENTR":"TRIVERO","PROVINCIA_CENTR":"BI","INDIRIZZO_CENTRALE":"ROMA","LATITUDINE_SEZIONE":"45.69755","LONGITUDINE_SEZIONE":"8.14683","POS_X_SEZIONE":"433578.01354","POS_Y_SEZIONE":"5060798.34737","LATITUDINE_CENTRALE":"45.66959","LONGITUDINE_CENTRALE":"8.16283","POS_X_CENTRALE":"434791.35543","POS_Y_CENTRALE":"5057678.52801","TIPO_ADSL":"ADSL_2P","DESCRIZIONE_TIPO_ADSL":"ADSL 2+ (24 mega)","DISTANZA_CALCOLATA":"3347.46","CLASSE_DISTANZA":"3300-3699","POTENZA_SEGNALE":"4047.5","POPOLAZIONE_SEZIONE": "1"}
			},
		 		{ "type" : "Feature",
				"geometry" : {
					"type" : "Point",
					"coordinates" : [8.17453,45.64765]},
			"properties" : { "ANNO":"2010","ID_SEZIONE":"972","ISTAT_COMUNE_SEZ":"96070","COMUNE_SEZ":"TRIVERO","PROVINCIA":"BI","ID_CENTRALE":"1534","NOME_CENTRALE":"TRIVERO","ISTAT_COMUNE_CENTR":"96070","COMUNE_CENTR":"TRIVERO","PROVINCIA_CENTR":"BI","INDIRIZZO_CENTRALE":"ROMA","LATITUDINE_SEZIONE":"45.64765","LONGITUDINE_SEZIONE":"8.17453","POS_X_SEZIONE":"435677.22481","POS_Y_SEZIONE":"5055230.94743","LATITUDINE_CENTRALE":"45.66959","LONGITUDINE_CENTRALE":"8.16283","POS_X_CENTRALE":"434791.35543","POS_Y_CENTRALE":"5057678.52801","TIPO_ADSL":"ADSL_2P","DESCRIZIONE_TIPO_ADSL":"ADSL 2+ (24 mega)","DISTANZA_CALCOLATA":"2602.96","CLASSE_DISTANZA":"2500-2899","POTENZA_SEGNALE":"7380.83","POPOLAZIONE_SEZIONE": "435"}
			},
		 		{ "type" : "Feature",
				"geometry" : {
					"type" : "Point",
					"coordinates" : [8.12175,45.68503]},
			"properties" : { "ANNO":"2010","ID_SEZIONE":"1407","ISTAT_COMUNE_SEZ":"96070","COMUNE_SEZ":"TRIVERO","PROVINCIA":"BI","ID_CENTRALE":"1534","NOME_CENTRALE":"TRIVERO","ISTAT_COMUNE_CENTR":"96070","COMUNE_CENTR":"TRIVERO","PROVINCIA_CENTR":"BI","INDIRIZZO_CENTRALE":"ROMA","LATITUDINE_SEZIONE":"45.68503","LONGITUDINE_SEZIONE":"8.12175","POS_X_SEZIONE":"431610.39089","POS_Y_SEZIONE":"5059428.34187","LATITUDINE_CENTRALE":"45.66959","LONGITUDINE_CENTRALE":"8.16283","POS_X_CENTRALE":"434791.35543","POS_Y_CENTRALE":"5057678.52801","TIPO_ADSL":"ADSL_2P","DESCRIZIONE_TIPO_ADSL":"ADSL 2+ (24 mega)","DISTANZA_CALCOLATA":"3630.48","CLASSE_DISTANZA":"3300-3699","POTENZA_SEGNALE":"4047.5","POPOLAZIONE_SEZIONE": "2"}
			},
		 		{ "type" : "Feature",
				"geometry" : {
					"type" : "Point",
					"coordinates" : [8.18666,45.65001]},
			"properties" : { "ANNO":"2010","ID_SEZIONE":"2659","ISTAT_COMUNE_SEZ":"96070","COMUNE_SEZ":"TRIVERO","PROVINCIA":"BI","ID_CENTRALE":"1534","NOME_CENTRALE":"TRIVERO","ISTAT_COMUNE_CENTR":"96070","COMUNE_CENTR":"TRIVERO","PROVINCIA_CENTR":"BI","INDIRIZZO_CENTRALE":"ROMA","LATITUDINE_SEZIONE":"45.65001","LONGITUDINE_SEZIONE":"8.18666","POS_X_SEZIONE":"436625.61675","POS_Y_SEZIONE":"5055483.45815","LATITUDINE_CENTRALE":"45.66959","LONGITUDINE_CENTRALE":"8.16283","POS_X_CENTRALE":"434791.35543","POS_Y_CENTRALE":"5057678.52801","TIPO_ADSL":"ADSL_2P","DESCRIZIONE_TIPO_ADSL":"ADSL 2+ (24 mega)","DISTANZA_CALCOLATA":"2860.57","CLASSE_DISTANZA":"2500-2899","POTENZA_SEGNALE":"7380.83","POPOLAZIONE_SEZIONE": "37"}
			},
		 		{ "type" : "Feature",
				"geometry" : {
					"type" : "Point",
					"coordinates" : [8.17728,45.67137]},
			"properties" : { "ANNO":"2010","ID_SEZIONE":"3377","ISTAT_COMUNE_SEZ":"96048","COMUNE_SEZ":"PORTULA","PROVINCIA":"BI","ID_CENTRALE":"1534","NOME_CENTRALE":"TRIVERO","ISTAT_COMUNE_CENTR":"96070","COMUNE_CENTR":"TRIVERO","PROVINCIA_CENTR":"BI","INDIRIZZO_CENTRALE":"ROMA","LATITUDINE_SEZIONE":"45.67137","LONGITUDINE_SEZIONE":"8.17728","POS_X_SEZIONE":"435918.54167","POS_Y_SEZIONE":"5057864.41943","LATITUDINE_CENTRALE":"45.66959","LONGITUDINE_CENTRALE":"8.16283","POS_X_CENTRALE":"434791.35543","POS_Y_CENTRALE":"5057678.52801","TIPO_ADSL":"ADSL_2P","DESCRIZIONE_TIPO_ADSL":"ADSL 2+ (24 mega)","DISTANZA_CALCOLATA":"1142.41","CLASSE_DISTANZA":"900-1299","POTENZA_SEGNALE":"17737.5","POPOLAZIONE_SEZIONE": "61"}
			},
		 		{ "type" : "Feature",
				"geometry" : {
					"type" : "Point",
					"coordinates" : [8.18308,45.66672]},
			"properties" : { "ANNO":"2010","ID_SEZIONE":"3610","ISTAT_COMUNE_SEZ":"96070","COMUNE_SEZ":"TRIVERO","PROVINCIA":"BI","ID_CENTRALE":"1534","NOME_CENTRALE":"TRIVERO","ISTAT_COMUNE_CENTR":"96070","COMUNE_CENTR":"TRIVERO","PROVINCIA_CENTR":"BI","INDIRIZZO_CENTRALE":"ROMA","LATITUDINE_SEZIONE":"45.66672","LONGITUDINE_SEZIONE":"8.18308","POS_X_SEZIONE":"436365.12958","POS_Y_SEZIONE":"5057342.93310","LATITUDINE_CENTRALE":"45.66959","LONGITUDINE_CENTRALE":"8.16283","POS_X_CENTRALE":"434791.35543","POS_Y_CENTRALE":"5057678.52801","TIPO_ADSL":"ADSL_2P","DESCRIZIONE_TIPO_ADSL":"ADSL 2+ (24 mega)","DISTANZA_CALCOLATA":"1609.16","CLASSE_DISTANZA":"1300-1699","POTENZA_SEGNALE":"16071.67","POPOLAZIONE_SEZIONE": "152"}
			},
		 		{ "type" : "Feature",
				"geometry" : {
					"type" : "Point",
					"coordinates" : [8.11359,45.69016]},
			"properties" : { "ANNO":"2010","ID_SEZIONE":"8913","ISTAT_COMUNE_SEZ":"96070","COMUNE_SEZ":"TRIVERO","PROVINCIA":"BI","ID_CENTRALE":"1534","NOME_CENTRALE":"TRIVERO","ISTAT_COMUNE_CENTR":"96070","COMUNE_CENTR":"TRIVERO","PROVINCIA_CENTR":"BI","INDIRIZZO_CENTRALE":"ROMA","LATITUDINE_SEZIONE":"45.69016","LONGITUDINE_SEZIONE":"8.11359","POS_X_SEZIONE":"430980.83825","POS_Y_SEZIONE":"5060004.82622","LATITUDINE_CENTRALE":"45.66959","LONGITUDINE_CENTRALE":"8.16283","POS_X_CENTRALE":"434791.35543","POS_Y_CENTRALE":"5057678.52801","TIPO_ADSL":"ADSL_2P","DESCRIZIONE_TIPO_ADSL":"ADSL 2+ (24 mega)","DISTANZA_CALCOLATA":"4464.49","CLASSE_DISTANZA":"4100-4499","POTENZA_SEGNALE":"2024.17","POPOLAZIONE_SEZIONE": ""}
			},
		 		{ "type" : "Feature",
				"geometry" : {
					"type" : "Point",
					"coordinates" : [8.15358,45.66037]},
			"properties" : { "ANNO":"2010","ID_SEZIONE":"9564","ISTAT_COMUNE_SEZ":"96070","COMUNE_SEZ":"TRIVERO","PROVINCIA":"BI","ID_CENTRALE":"1534","NOME_CENTRALE":"TRIVERO","ISTAT_COMUNE_CENTR":"96070","COMUNE_CENTR":"TRIVERO","PROVINCIA_CENTR":"BI","INDIRIZZO_CENTRALE":"ROMA","LATITUDINE_SEZIONE":"45.66037","LONGITUDINE_SEZIONE":"8.15358","POS_X_SEZIONE":"434059.94430","POS_Y_SEZIONE":"5056661.40938","LATITUDINE_CENTRALE":"45.66959","LONGITUDINE_CENTRALE":"8.16283","POS_X_CENTRALE":"434791.35543","POS_Y_CENTRALE":"5057678.52801","TIPO_ADSL":"ADSL_2P","DESCRIZIONE_TIPO_ADSL":"ADSL 2+ (24 mega)","DISTANZA_CALCOLATA":"1252.79","CLASSE_DISTANZA":"900-1299","POTENZA_SEGNALE":"17737.5","POPOLAZIONE_SEZIONE": "505"}
			},
		 		{ "type" : "Feature",
				"geometry" : {
					"type" : "Point",
					"coordinates" : [8.15892,45.67845]},
			"properties" : { "ANNO":"2010","ID_SEZIONE":"11816","ISTAT_COMUNE_SEZ":"96070","COMUNE_SEZ":"TRIVERO","PROVINCIA":"BI","ID_CENTRALE":"1534","NOME_CENTRALE":"TRIVERO","ISTAT_COMUNE_CENTR":"96070","COMUNE_CENTR":"TRIVERO","PROVINCIA_CENTR":"BI","INDIRIZZO_CENTRALE":"ROMA","LATITUDINE_SEZIONE":"45.67845","LONGITUDINE_SEZIONE":"8.15892","POS_X_SEZIONE":"434496.97009","POS_Y_SEZIONE":"5058666.38961","LATITUDINE_CENTRALE":"45.66959","LONGITUDINE_CENTRALE":"8.16283","POS_X_CENTRALE":"434791.35543","POS_Y_CENTRALE":"5057678.52801","TIPO_ADSL":"ADSL_2P","DESCRIZIONE_TIPO_ADSL":"ADSL 2+ (24 mega)","DISTANZA_CALCOLATA":"1030.79","CLASSE_DISTANZA":"900-1299","POTENZA_SEGNALE":"17737.5","POPOLAZIONE_SEZIONE": "22"}
			},
		 		{ "type" : "Feature",
				"geometry" : {
					"type" : "Point",
					"coordinates" : [8.16149,45.66982]},
			"properties" : { "ANNO":"2010","ID_SEZIONE":"12064","ISTAT_COMUNE_SEZ":"96070","COMUNE_SEZ":"TRIVERO","PROVINCIA":"BI","ID_CENTRALE":"1534","NOME_CENTRALE":"TRIVERO","ISTAT_COMUNE_CENTR":"96070","COMUNE_CENTR":"TRIVERO","PROVINCIA_CENTR":"BI","INDIRIZZO_CENTRALE":"ROMA","LATITUDINE_SEZIONE":"45.66982","LONGITUDINE_SEZIONE":"8.16149","POS_X_SEZIONE":"434686.96817","POS_Y_SEZIONE":"5057704.90583","LATITUDINE_CENTRALE":"45.66959","LONGITUDINE_CENTRALE":"8.16283","POS_X_CENTRALE":"434791.35543","POS_Y_CENTRALE":"5057678.52801","TIPO_ADSL":"ADSL_2P","DESCRIZIONE_TIPO_ADSL":"ADSL 2+ (24 mega)","DISTANZA_CALCOLATA":"107.67","CLASSE_DISTANZA":"100-499","POTENZA_SEGNALE":"19761.67","POPOLAZIONE_SEZIONE": "204"}
			},
		 		{ "type" : "Feature",
				"geometry" : {
					"type" : "Point",
					"coordinates" : [8.17944,45.67388]},
			"properties" : { "ANNO":"2010","ID_SEZIONE":"12806","ISTAT_COMUNE_SEZ":"96048","COMUNE_SEZ":"PORTULA","PROVINCIA":"BI","ID_CENTRALE":"1534","NOME_CENTRALE":"TRIVERO","ISTAT_COMUNE_CENTR":"96070","COMUNE_CENTR":"TRIVERO","PROVINCIA_CENTR":"BI","INDIRIZZO_CENTRALE":"ROMA","LATITUDINE_SEZIONE":"45.67388","LONGITUDINE_SEZIONE":"8.17944","POS_X_SEZIONE":"436090.25777","POS_Y_SEZIONE":"5058141.41758","LATITUDINE_CENTRALE":"45.66959","LONGITUDINE_CENTRALE":"8.16283","POS_X_CENTRALE":"434791.35543","POS_Y_CENTRALE":"5057678.52801","TIPO_ADSL":"ADSL_2P","DESCRIZIONE_TIPO_ADSL":"ADSL 2+ (24 mega)","DISTANZA_CALCOLATA":"1378.92","CLASSE_DISTANZA":"1300-1699","POTENZA_SEGNALE":"16071.67","POPOLAZIONE_SEZIONE": "407"}
			},
		 		{ "type" : "Feature",
				"geometry" : {
					"type" : "Point",
					"coordinates" : [8.16439,45.65843]},
			"properties" : { "ANNO":"2010","ID_SEZIONE":"14070","ISTAT_COMUNE_SEZ":"96070","COMUNE_SEZ":"TRIVERO","PROVINCIA":"BI","ID_CENTRALE":"1534","NOME_CENTRALE":"TRIVERO","ISTAT_COMUNE_CENTR":"96070","COMUNE_CENTR":"TRIVERO","PROVINCIA_CENTR":"BI","INDIRIZZO_CENTRALE":"ROMA","LATITUDINE_SEZIONE":"45.65843","LONGITUDINE_SEZIONE":"8.16439","POS_X_SEZIONE":"434899.92996","POS_Y_SEZIONE":"5056436.92298","LATITUDINE_CENTRALE":"45.66959","LONGITUDINE_CENTRALE":"8.16283","POS_X_CENTRALE":"434791.35543","POS_Y_CENTRALE":"5057678.52801","TIPO_ADSL":"ADSL_2P","DESCRIZIONE_TIPO_ADSL":"ADSL 2+ (24 mega)","DISTANZA_CALCOLATA":"1246.34","CLASSE_DISTANZA":"900-1299","POTENZA_SEGNALE":"17737.5","POPOLAZIONE_SEZIONE": "62"}
			},
		 		{ "type" : "Feature",
				"geometry" : {
					"type" : "Point",
					"coordinates" : [8.19210,45.65517]},
			"properties" : { "ANNO":"2010","ID_SEZIONE":"14071","ISTAT_COMUNE_SEZ":"96070","COMUNE_SEZ":"TRIVERO","PROVINCIA":"BI","ID_CENTRALE":"1534","NOME_CENTRALE":"TRIVERO","ISTAT_COMUNE_CENTR":"96070","COMUNE_CENTR":"TRIVERO","PROVINCIA_CENTR":"BI","INDIRIZZO_CENTRALE":"ROMA","LATITUDINE_SEZIONE":"45.65517","LONGITUDINE_SEZIONE":"8.19210","POS_X_SEZIONE":"437054.95640","POS_Y_SEZIONE":"5056052.95729","LATITUDINE_CENTRALE":"45.66959","LONGITUDINE_CENTRALE":"8.16283","POS_X_CENTRALE":"434791.35543","POS_Y_CENTRALE":"5057678.52801","TIPO_ADSL":"ADSL_2P","DESCRIZIONE_TIPO_ADSL":"ADSL 2+ (24 mega)","DISTANZA_CALCOLATA":"2786.82","CLASSE_DISTANZA":"2500-2899","POTENZA_SEGNALE":"7380.83","POPOLAZIONE_SEZIONE": "596"}
			},
		 		{ "type" : "Feature",
				"geometry" : {
					"type" : "Point",
					"coordinates" : [8.13486,45.68506]},
			"properties" : { "ANNO":"2010","ID_SEZIONE":"15160","ISTAT_COMUNE_SEZ":"96070","COMUNE_SEZ":"TRIVERO","PROVINCIA":"BI","ID_CENTRALE":"1534","NOME_CENTRALE":"TRIVERO","ISTAT_COMUNE_CENTR":"96070","COMUNE_CENTR":"TRIVERO","PROVINCIA_CENTR":"BI","INDIRIZZO_CENTRALE":"ROMA","LATITUDINE_SEZIONE":"45.68506","LONGITUDINE_SEZIONE":"8.13486","POS_X_SEZIONE":"432631.09310","POS_Y_SEZIONE":"5059419.85496","LATITUDINE_CENTRALE":"45.66959","LONGITUDINE_CENTRALE":"8.16283","POS_X_CENTRALE":"434791.35543","POS_Y_CENTRALE":"5057678.52801","TIPO_ADSL":"ADSL_2P","DESCRIZIONE_TIPO_ADSL":"ADSL 2+ (24 mega)","DISTANZA_CALCOLATA":"2774.7","CLASSE_DISTANZA":"2500-2899","POTENZA_SEGNALE":"7380.83","POPOLAZIONE_SEZIONE": ""}
			},
		 		{ "type" : "Feature",
				"geometry" : {
					"type" : "Point",
					"coordinates" : [8.17667,45.65471]},
			"properties" : { "ANNO":"2010","ID_SEZIONE":"15161","ISTAT_COMUNE_SEZ":"96070","COMUNE_SEZ":"TRIVERO","PROVINCIA":"BI","ID_CENTRALE":"1534","NOME_CENTRALE":"TRIVERO","ISTAT_COMUNE_CENTR":"96070","COMUNE_CENTR":"TRIVERO","PROVINCIA_CENTR":"BI","INDIRIZZO_CENTRALE":"ROMA","LATITUDINE_SEZIONE":"45.65471","LONGITUDINE_SEZIONE":"8.17667","POS_X_SEZIONE":"435852.60068","POS_Y_SEZIONE":"5056013.94135","LATITUDINE_CENTRALE":"45.66959","LONGITUDINE_CENTRALE":"8.16283","POS_X_CENTRALE":"434791.35543","POS_Y_CENTRALE":"5057678.52801","TIPO_ADSL":"ADSL_2P","DESCRIZIONE_TIPO_ADSL":"ADSL 2+ (24 mega)","DISTANZA_CALCOLATA":"1974.1","CLASSE_DISTANZA":"1700-2099","POTENZA_SEGNALE":"12975.83","POPOLAZIONE_SEZIONE": "493"}
			},
		 		{ "type" : "Feature",
				"geometry" : {
					"type" : "Point",
					"coordinates" : [8.16951,45.67420]},
			"properties" : { "ANNO":"2010","ID_SEZIONE":"15805","ISTAT_COMUNE_SEZ":"96048","COMUNE_SEZ":"PORTULA","PROVINCIA":"BI","ID_CENTRALE":"1534","NOME_CENTRALE":"TRIVERO","ISTAT_COMUNE_CENTR":"96070","COMUNE_CENTR":"TRIVERO","PROVINCIA_CENTR":"BI","INDIRIZZO_CENTRALE":"ROMA","LATITUDINE_SEZIONE":"45.67420","LONGITUDINE_SEZIONE":"8.16951","POS_X_SEZIONE":"435316.98929","POS_Y_SEZIONE":"5058184.90686","LATITUDINE_CENTRALE":"45.66959","LONGITUDINE_CENTRALE":"8.16283","POS_X_CENTRALE":"434791.35543","POS_Y_CENTRALE":"5057678.52801","TIPO_ADSL":"ADSL_2P","DESCRIZIONE_TIPO_ADSL":"ADSL 2+ (24 mega)","DISTANZA_CALCOLATA":"729.87","CLASSE_DISTANZA":"500-899","POTENZA_SEGNALE":"19523.33","POPOLAZIONE_SEZIONE": "118"}
			},
		 		{ "type" : "Feature",
				"geometry" : {
					"type" : "Point",
					"coordinates" : [8.15892,45.65663]},
			"properties" : { "ANNO":"2010","ID_SEZIONE":"15806","ISTAT_COMUNE_SEZ":"96070","COMUNE_SEZ":"TRIVERO","PROVINCIA":"BI","ID_CENTRALE":"1534","NOME_CENTRALE":"TRIVERO","ISTAT_COMUNE_CENTR":"96070","COMUNE_CENTR":"TRIVERO","PROVINCIA_CENTR":"BI","INDIRIZZO_CENTRALE":"ROMA","LATITUDINE_SEZIONE":"45.65663","LONGITUDINE_SEZIONE":"8.15892","POS_X_SEZIONE":"434471.52983","POS_Y_SEZIONE":"5056241.41937","LATITUDINE_CENTRALE":"45.66959","LONGITUDINE_CENTRALE":"8.16283","POS_X_CENTRALE":"434791.35543","POS_Y_CENTRALE":"5057678.52801","TIPO_ADSL":"ADSL_2P","DESCRIZIONE_TIPO_ADSL":"ADSL 2+ (24 mega)","DISTANZA_CALCOLATA":"1472.27","CLASSE_DISTANZA":"1300-1699","POTENZA_SEGNALE":"16071.67","POPOLAZIONE_SEZIONE": "335"}
			},
		 		{ "type" : "Feature",
				"geometry" : {
					"type" : "Point",
					"coordinates" : [8.17170,45.65485]},
			"properties" : { "ANNO":"2010","ID_SEZIONE":"16028","ISTAT_COMUNE_SEZ":"96070","COMUNE_SEZ":"TRIVERO","PROVINCIA":"BI","ID_CENTRALE":"1534","NOME_CENTRALE":"TRIVERO","ISTAT_COMUNE_CENTR":"96070","COMUNE_CENTR":"TRIVERO","PROVINCIA_CENTR":"BI","INDIRIZZO_CENTRALE":"ROMA","LATITUDINE_SEZIONE":"45.65485","LONGITUDINE_SEZIONE":"8.17170","POS_X_SEZIONE":"435465.32491","POS_Y_SEZIONE":"5056033.93546","LATITUDINE_CENTRALE":"45.66959","LONGITUDINE_CENTRALE":"8.16283","POS_X_CENTRALE":"434791.35543","POS_Y_CENTRALE":"5057678.52801","TIPO_ADSL":"ADSL_2P","DESCRIZIONE_TIPO_ADSL":"ADSL 2+ (24 mega)","DISTANZA_CALCOLATA":"1777.33","CLASSE_DISTANZA":"1700-2099","POTENZA_SEGNALE":"12975.83","POPOLAZIONE_SEZIONE": "17"}
			},
		 		{ "type" : "Feature",
				"geometry" : {
					"type" : "Point",
					"coordinates" : [8.17284,45.67015]},
			"properties" : { "ANNO":"2010","ID_SEZIONE":"18994","ISTAT_COMUNE_SEZ":"96070","COMUNE_SEZ":"TRIVERO","PROVINCIA":"BI","ID_CENTRALE":"1534","NOME_CENTRALE":"TRIVERO","ISTAT_COMUNE_CENTR":"96070","COMUNE_CENTR":"TRIVERO","PROVINCIA_CENTR":"BI","INDIRIZZO_CENTRALE":"ROMA","LATITUDINE_SEZIONE":"45.67015","LONGITUDINE_SEZIONE":"8.17284","POS_X_SEZIONE":"435571.79787","POS_Y_SEZIONE":"5057732.41713","LATITUDINE_CENTRALE":"45.66959","LONGITUDINE_CENTRALE":"8.16283","POS_X_CENTRALE":"434791.35543","POS_Y_CENTRALE":"5057678.52801","TIPO_ADSL":"ADSL_2P","DESCRIZIONE_TIPO_ADSL":"ADSL 2+ (24 mega)","DISTANZA_CALCOLATA":"782.30","CLASSE_DISTANZA":"500-899","POTENZA_SEGNALE":"19523.33","POPOLAZIONE_SEZIONE": "64"}
			},
		 		{ "type" : "Feature",
				"geometry" : {
					"type" : "Point",
					"coordinates" : [8.14603,45.66800]},
			"properties" : { "ANNO":"2010","ID_SEZIONE":"20062","ISTAT_COMUNE_SEZ":"96070","COMUNE_SEZ":"TRIVERO","PROVINCIA":"BI","ID_CENTRALE":"1534","NOME_CENTRALE":"TRIVERO","ISTAT_COMUNE_CENTR":"96070","COMUNE_CENTR":"TRIVERO","PROVINCIA_CENTR":"BI","INDIRIZZO_CENTRALE":"ROMA","LATITUDINE_SEZIONE":"45.66800","LONGITUDINE_SEZIONE":"8.14603","POS_X_SEZIONE":"433480.77041","POS_Y_SEZIONE":"5057515.89284","LATITUDINE_CENTRALE":"45.66959","LONGITUDINE_CENTRALE":"8.16283","POS_X_CENTRALE":"434791.35543","POS_Y_CENTRALE":"5057678.52801","TIPO_ADSL":"ADSL_2P","DESCRIZIONE_TIPO_ADSL":"ADSL 2+ (24 mega)","DISTANZA_CALCOLATA":"1320.64","CLASSE_DISTANZA":"1300-1699","POTENZA_SEGNALE":"16071.67","POPOLAZIONE_SEZIONE": "71"}
			},
		 		{ "type" : "Feature",
				"geometry" : {
					"type" : "Point",
					"coordinates" : [8.16158,45.66777]},
			"properties" : { "ANNO":"2010","ID_SEZIONE":"20063","ISTAT_COMUNE_SEZ":"96070","COMUNE_SEZ":"TRIVERO","PROVINCIA":"BI","ID_CENTRALE":"1534","NOME_CENTRALE":"TRIVERO","ISTAT_COMUNE_CENTR":"96070","COMUNE_CENTR":"TRIVERO","PROVINCIA_CENTR":"BI","INDIRIZZO_CENTRALE":"ROMA","LATITUDINE_SEZIONE":"45.66777","LONGITUDINE_SEZIONE":"8.16158","POS_X_SEZIONE":"434691.59358","POS_Y_SEZIONE":"5057476.90916","LATITUDINE_CENTRALE":"45.66959","LONGITUDINE_CENTRALE":"8.16283","POS_X_CENTRALE":"434791.35543","POS_Y_CENTRALE":"5057678.52801","TIPO_ADSL":"ADSL_2P","DESCRIZIONE_TIPO_ADSL":"ADSL 2+ (24 mega)","DISTANZA_CALCOLATA":"224.95","CLASSE_DISTANZA":"100-499","POTENZA_SEGNALE":"19761.67","POPOLAZIONE_SEZIONE": "293"}
			},
		 		{ "type" : "Feature",
				"geometry" : {
					"type" : "Point",
					"coordinates" : [8.18406,45.66062]},
			"properties" : { "ANNO":"2010","ID_SEZIONE":"20189","ISTAT_COMUNE_SEZ":"96070","COMUNE_SEZ":"TRIVERO","PROVINCIA":"BI","ID_CENTRALE":"1534","NOME_CENTRALE":"TRIVERO","ISTAT_COMUNE_CENTR":"96070","COMUNE_CENTR":"TRIVERO","PROVINCIA_CENTR":"BI","INDIRIZZO_CENTRALE":"ROMA","LATITUDINE_SEZIONE":"45.66062","LONGITUDINE_SEZIONE":"8.18406","POS_X_SEZIONE":"436435.09387","POS_Y_SEZIONE":"5056664.44145","LATITUDINE_CENTRALE":"45.66959","LONGITUDINE_CENTRALE":"8.16283","POS_X_CENTRALE":"434791.35543","POS_Y_CENTRALE":"5057678.52801","TIPO_ADSL":"ADSL_2P","DESCRIZIONE_TIPO_ADSL":"ADSL 2+ (24 mega)","DISTANZA_CALCOLATA":"1931.38","CLASSE_DISTANZA":"1700-2099","POTENZA_SEGNALE":"12975.83","POPOLAZIONE_SEZIONE": "418"}
			},
		 		{ "type" : "Feature",
				"geometry" : {
					"type" : "Point",
					"coordinates" : [8.17282,45.67508]},
			"properties" : { "ANNO":"2010","ID_SEZIONE":"21244","ISTAT_COMUNE_SEZ":"96048","COMUNE_SEZ":"PORTULA","PROVINCIA":"BI","ID_CENTRALE":"1534","NOME_CENTRALE":"TRIVERO","ISTAT_COMUNE_CENTR":"96070","COMUNE_CENTR":"TRIVERO","PROVINCIA_CENTR":"BI","INDIRIZZO_CENTRALE":"ROMA","LATITUDINE_SEZIONE":"45.67508","LONGITUDINE_SEZIONE":"8.17282","POS_X_SEZIONE":"435575.98500","POS_Y_SEZIONE":"5058279.90897","LATITUDINE_CENTRALE":"45.66959","LONGITUDINE_CENTRALE":"8.16283","POS_X_CENTRALE":"434791.35543","POS_Y_CENTRALE":"5057678.52801","TIPO_ADSL":"ADSL_2P","DESCRIZIONE_TIPO_ADSL":"ADSL 2+ (24 mega)","DISTANZA_CALCOLATA":"988.59","CLASSE_DISTANZA":"900-1299","POTENZA_SEGNALE":"17737.5","POPOLAZIONE_SEZIONE": "88"}
			},
		 		{ "type" : "Feature",
				"geometry" : {
					"type" : "Point",
					"coordinates" : [8.18624,45.66742]},
			"properties" : { "ANNO":"2010","ID_SEZIONE":"23262","ISTAT_COMUNE_SEZ":"96048","COMUNE_SEZ":"PORTULA","PROVINCIA":"BI","ID_CENTRALE":"1534","NOME_CENTRALE":"TRIVERO","ISTAT_COMUNE_CENTR":"96070","COMUNE_CENTR":"TRIVERO","PROVINCIA_CENTR":"BI","INDIRIZZO_CENTRALE":"ROMA","LATITUDINE_SEZIONE":"45.66742","LONGITUDINE_SEZIONE":"8.18624","POS_X_SEZIONE":"436612.15627","POS_Y_SEZIONE":"5057418.93540","LATITUDINE_CENTRALE":"45.66959","LONGITUDINE_CENTRALE":"8.16283","POS_X_CENTRALE":"434791.35543","POS_Y_CENTRALE":"5057678.52801","TIPO_ADSL":"ADSL_2P","DESCRIZIONE_TIPO_ADSL":"ADSL 2+ (24 mega)","DISTANZA_CALCOLATA":"1839.21","CLASSE_DISTANZA":"1700-2099","POTENZA_SEGNALE":"12975.83","POPOLAZIONE_SEZIONE": "34"}
			},
		 		{ "type" : "Feature",
				"geometry" : {
					"type" : "Point",
					"coordinates" : [8.09311,45.73004]},
			"properties" : { "ANNO":"2010","ID_SEZIONE":"23680","ISTAT_COMUNE_SEZ":"96070","COMUNE_SEZ":"TRIVERO","PROVINCIA":"BI","ID_CENTRALE":"1534","NOME_CENTRALE":"TRIVERO","ISTAT_COMUNE_CENTR":"96070","COMUNE_CENTR":"TRIVERO","PROVINCIA_CENTR":"BI","INDIRIZZO_CENTRALE":"ROMA","LATITUDINE_SEZIONE":"45.73004","LONGITUDINE_SEZIONE":"8.09311","POS_X_SEZIONE":"429436.60580","POS_Y_SEZIONE":"5064453.24760","LATITUDINE_CENTRALE":"45.66959","LONGITUDINE_CENTRALE":"8.16283","POS_X_CENTRALE":"434791.35543","POS_Y_CENTRALE":"5057678.52801","TIPO_ADSL":"ADSL_2P","DESCRIZIONE_TIPO_ADSL":"ADSL 2+ (24 mega)","DISTANZA_CALCOLATA":"8635.4","CLASSE_DISTANZA":"6100 e oltre","POTENZA_SEGNALE":"0.00","POPOLAZIONE_SEZIONE": ""}
			},
		 		{ "type" : "Feature",
				"geometry" : {
					"type" : "Point",
					"coordinates" : [8.16161,45.66047]},
			"properties" : { "ANNO":"2010","ID_SEZIONE":"24153","ISTAT_COMUNE_SEZ":"96070","COMUNE_SEZ":"TRIVERO","PROVINCIA":"BI","ID_CENTRALE":"1534","NOME_CENTRALE":"TRIVERO","ISTAT_COMUNE_CENTR":"96070","COMUNE_CENTR":"TRIVERO","PROVINCIA_CENTR":"BI","INDIRIZZO_CENTRALE":"ROMA","LATITUDINE_SEZIONE":"45.66047","LONGITUDINE_SEZIONE":"8.16161","POS_X_SEZIONE":"434685.43422","POS_Y_SEZIONE":"5056665.91806","LATITUDINE_CENTRALE":"45.66959","LONGITUDINE_CENTRALE":"8.16283","POS_X_CENTRALE":"434791.35543","POS_Y_CENTRALE":"5057678.52801","TIPO_ADSL":"ADSL_2P","DESCRIZIONE_TIPO_ADSL":"ADSL 2+ (24 mega)","DISTANZA_CALCOLATA":"1018.13","CLASSE_DISTANZA":"900-1299","POTENZA_SEGNALE":"17737.5","POPOLAZIONE_SEZIONE": "22"}
			},
		 		{ "type" : "Feature",
				"geometry" : {
					"type" : "Point",
					"coordinates" : [8.16103,45.68569]},
			"properties" : { "ANNO":"2010","ID_SEZIONE":"25189","ISTAT_COMUNE_SEZ":"96048","COMUNE_SEZ":"PORTULA","PROVINCIA":"BI","ID_CENTRALE":"1534","NOME_CENTRALE":"TRIVERO","ISTAT_COMUNE_CENTR":"96070","COMUNE_CENTR":"TRIVERO","PROVINCIA_CENTR":"BI","INDIRIZZO_CENTRALE":"ROMA","LATITUDINE_SEZIONE":"45.68569","LONGITUDINE_SEZIONE":"8.16103","POS_X_SEZIONE":"434669.84075","POS_Y_SEZIONE":"5059468.38027","LATITUDINE_CENTRALE":"45.66959","LONGITUDINE_CENTRALE":"8.16283","POS_X_CENTRALE":"434791.35543","POS_Y_CENTRALE":"5057678.52801","TIPO_ADSL":"ADSL_2P","DESCRIZIONE_TIPO_ADSL":"ADSL 2+ (24 mega)","DISTANZA_CALCOLATA":"1793.97","CLASSE_DISTANZA":"1700-2099","POTENZA_SEGNALE":"12975.83","POPOLAZIONE_SEZIONE": "12"}
			},
		 		{ "type" : "Feature",
				"geometry" : {
					"type" : "Point",
					"coordinates" : [8.17701,45.68036]},
			"properties" : { "ANNO":"2010","ID_SEZIONE":"25818","ISTAT_COMUNE_SEZ":"96048","COMUNE_SEZ":"PORTULA","PROVINCIA":"BI","ID_CENTRALE":"1534","NOME_CENTRALE":"TRIVERO","ISTAT_COMUNE_CENTR":"96070","COMUNE_CENTR":"TRIVERO","PROVINCIA_CENTR":"BI","INDIRIZZO_CENTRALE":"ROMA","LATITUDINE_SEZIONE":"45.68036","LONGITUDINE_SEZIONE":"8.17701","POS_X_SEZIONE":"435907.79070","POS_Y_SEZIONE":"5058863.90488","LATITUDINE_CENTRALE":"45.66959","LONGITUDINE_CENTRALE":"8.16283","POS_X_CENTRALE":"434791.35543","POS_Y_CENTRALE":"5057678.52801","TIPO_ADSL":"ADSL_2P","DESCRIZIONE_TIPO_ADSL":"ADSL 2+ (24 mega)","DISTANZA_CALCOLATA":"1628.36","CLASSE_DISTANZA":"1300-1699","POTENZA_SEGNALE":"16071.67","POPOLAZIONE_SEZIONE": "61"}
			},
		 		{ "type" : "Feature",
				"geometry" : {
					"type" : "Point",
					"coordinates" : [8.14995,45.67882]},
			"properties" : { "ANNO":"2010","ID_SEZIONE":"26409","ISTAT_COMUNE_SEZ":"96070","COMUNE_SEZ":"TRIVERO","PROVINCIA":"BI","ID_CENTRALE":"1534","NOME_CENTRALE":"TRIVERO","ISTAT_COMUNE_CENTR":"96070","COMUNE_CENTR":"TRIVERO","PROVINCIA_CENTR":"BI","INDIRIZZO_CENTRALE":"ROMA","LATITUDINE_SEZIONE":"45.67882","LONGITUDINE_SEZIONE":"8.14995","POS_X_SEZIONE":"433798.66916","POS_Y_SEZIONE":"5058714.87959","LATITUDINE_CENTRALE":"45.66959","LONGITUDINE_CENTRALE":"8.16283","POS_X_CENTRALE":"434791.35543","POS_Y_CENTRALE":"5057678.52801","TIPO_ADSL":"ADSL_2P","DESCRIZIONE_TIPO_ADSL":"ADSL 2+ (24 mega)","DISTANZA_CALCOLATA":"1435.08","CLASSE_DISTANZA":"1300-1699","POTENZA_SEGNALE":"16071.67","POPOLAZIONE_SEZIONE": "266"}
			},
		 		{ "type" : "Feature",
				"geometry" : {
					"type" : "Point",
					"coordinates" : [8.16351,45.66432]},
			"properties" : { "ANNO":"2010","ID_SEZIONE":"26412","ISTAT_COMUNE_SEZ":"96070","COMUNE_SEZ":"TRIVERO","PROVINCIA":"BI","ID_CENTRALE":"1534","NOME_CENTRALE":"TRIVERO","ISTAT_COMUNE_CENTR":"96070","COMUNE_CENTR":"TRIVERO","PROVINCIA_CENTR":"BI","INDIRIZZO_CENTRALE":"ROMA","LATITUDINE_SEZIONE":"45.66432","LONGITUDINE_SEZIONE":"8.16351","POS_X_SEZIONE":"434838.21451","POS_Y_SEZIONE":"5057091.91537","LATITUDINE_CENTRALE":"45.66959","LONGITUDINE_CENTRALE":"8.16283","POS_X_CENTRALE":"434791.35543","POS_Y_CENTRALE":"5057678.52801","TIPO_ADSL":"ADSL_2P","DESCRIZIONE_TIPO_ADSL":"ADSL 2+ (24 mega)","DISTANZA_CALCOLATA":"588.48","CLASSE_DISTANZA":"500-899","POTENZA_SEGNALE":"19523.33","POPOLAZIONE_SEZIONE": "362"}
			},
		 		{ "type" : "Feature",
				"geometry" : {
					"type" : "Point",
					"coordinates" : [8.16490,45.67394]},
			"properties" : { "ANNO":"2010","ID_SEZIONE":"27947","ISTAT_COMUNE_SEZ":"96070","COMUNE_SEZ":"TRIVERO","PROVINCIA":"BI","ID_CENTRALE":"1534","NOME_CENTRALE":"TRIVERO","ISTAT_COMUNE_CENTR":"96070","COMUNE_CENTR":"TRIVERO","PROVINCIA_CENTR":"BI","INDIRIZZO_CENTRALE":"ROMA","LATITUDINE_SEZIONE":"45.67394","LONGITUDINE_SEZIONE":"8.16490","POS_X_SEZIONE":"434957.37022","POS_Y_SEZIONE":"5058160.40254","LATITUDINE_CENTRALE":"45.66959","LONGITUDINE_CENTRALE":"8.16283","POS_X_CENTRALE":"434791.35543","POS_Y_CENTRALE":"5057678.52801","TIPO_ADSL":"ADSL_2P","DESCRIZIONE_TIPO_ADSL":"ADSL 2+ (24 mega)","DISTANZA_CALCOLATA":"509.67","CLASSE_DISTANZA":"500-899","POTENZA_SEGNALE":"19523.33","POPOLAZIONE_SEZIONE": "164"}
			},
		 		{ "type" : "Feature",
				"geometry" : {
					"type" : "Point",
					"coordinates" : [8.16180,45.66700]},
			"properties" : { "ANNO":"2010","ID_SEZIONE":"28608","ISTAT_COMUNE_SEZ":"96070","COMUNE_SEZ":"TRIVERO","PROVINCIA":"BI","ID_CENTRALE":"1534","NOME_CENTRALE":"TRIVERO","ISTAT_COMUNE_CENTR":"96070","COMUNE_CENTR":"TRIVERO","PROVINCIA_CENTR":"BI","INDIRIZZO_CENTRALE":"ROMA","LATITUDINE_SEZIONE":"45.66700","LONGITUDINE_SEZIONE":"8.16180","POS_X_SEZIONE":"434707.62532","POS_Y_SEZIONE":"5057391.41079","LATITUDINE_CENTRALE":"45.66959","LONGITUDINE_CENTRALE":"8.16283","POS_X_CENTRALE":"434791.35543","POS_Y_CENTRALE":"5057678.52801","TIPO_ADSL":"ADSL_2P","DESCRIZIONE_TIPO_ADSL":"ADSL 2+ (24 mega)","DISTANZA_CALCOLATA":"299.08","CLASSE_DISTANZA":"100-499","POTENZA_SEGNALE":"19761.67","POPOLAZIONE_SEZIONE": "508"}
			},
		 		{ "type" : "Feature",
				"geometry" : {
					"type" : "Point",
					"coordinates" : [8.11535,45.71144]},
			"properties" : { "ANNO":"2010","ID_SEZIONE":"29364","ISTAT_COMUNE_SEZ":"96048","COMUNE_SEZ":"PORTULA","PROVINCIA":"BI","ID_CENTRALE":"1534","NOME_CENTRALE":"TRIVERO","ISTAT_COMUNE_CENTR":"96070","COMUNE_CENTR":"TRIVERO","PROVINCIA_CENTR":"BI","INDIRIZZO_CENTRALE":"ROMA","LATITUDINE_SEZIONE":"45.71144","LONGITUDINE_SEZIONE":"8.11535","POS_X_SEZIONE":"431144.58148","POS_Y_SEZIONE":"5062367.79582","LATITUDINE_CENTRALE":"45.66959","LONGITUDINE_CENTRALE":"8.16283","POS_X_CENTRALE":"434791.35543","POS_Y_CENTRALE":"5057678.52801","TIPO_ADSL":"ADSL_2P","DESCRIZIONE_TIPO_ADSL":"ADSL 2+ (24 mega)","DISTANZA_CALCOLATA":"5940.39","CLASSE_DISTANZA":"5700-6099","POTENZA_SEGNALE":"119.17","POPOLAZIONE_SEZIONE": ""}
			},
		 		{ "type" : "Feature",
				"geometry" : {
					"type" : "Point",
					"coordinates" : [8.09133,45.71653]},
			"properties" : { "ANNO":"2010","ID_SEZIONE":"30217","ISTAT_COMUNE_SEZ":"96070","COMUNE_SEZ":"TRIVERO","PROVINCIA":"BI","ID_CENTRALE":"1534","NOME_CENTRALE":"TRIVERO","ISTAT_COMUNE_CENTR":"96070","COMUNE_CENTR":"TRIVERO","PROVINCIA_CENTR":"BI","INDIRIZZO_CENTRALE":"ROMA","LATITUDINE_SEZIONE":"45.71653","LONGITUDINE_SEZIONE":"8.09133","POS_X_SEZIONE":"429280.98596","POS_Y_SEZIONE":"5062954.26571","LATITUDINE_CENTRALE":"45.66959","LONGITUDINE_CENTRALE":"8.16283","POS_X_CENTRALE":"434791.35543","POS_Y_CENTRALE":"5057678.52801","TIPO_ADSL":"ADSL_2P","DESCRIZIONE_TIPO_ADSL":"ADSL 2+ (24 mega)","DISTANZA_CALCOLATA":"7628.73","CLASSE_DISTANZA":"6100 e oltre","POTENZA_SEGNALE":"0.00","POPOLAZIONE_SEZIONE": ""}
			},
		 		{ "type" : "Feature",
				"geometry" : {
					"type" : "Point",
					"coordinates" : [8.14948,45.67359]},
			"properties" : { "ANNO":"2010","ID_SEZIONE":"30431","ISTAT_COMUNE_SEZ":"96070","COMUNE_SEZ":"TRIVERO","PROVINCIA":"BI","ID_CENTRALE":"1534","NOME_CENTRALE":"TRIVERO","ISTAT_COMUNE_CENTR":"96070","COMUNE_CENTR":"TRIVERO","PROVINCIA_CENTR":"BI","INDIRIZZO_CENTRALE":"ROMA","LATITUDINE_SEZIONE":"45.67359","LONGITUDINE_SEZIONE":"8.14948","POS_X_SEZIONE":"433756.45169","POS_Y_SEZIONE":"5058133.38737","LATITUDINE_CENTRALE":"45.66959","LONGITUDINE_CENTRALE":"8.16283","POS_X_CENTRALE":"434791.35543","POS_Y_CENTRALE":"5057678.52801","TIPO_ADSL":"ADSL_2P","DESCRIZIONE_TIPO_ADSL":"ADSL 2+ (24 mega)","DISTANZA_CALCOLATA":"1130.45","CLASSE_DISTANZA":"900-1299","POTENZA_SEGNALE":"17737.5","POPOLAZIONE_SEZIONE": "36"}
			},
		 		{ "type" : "Feature",
				"geometry" : {
					"type" : "Point",
					"coordinates" : [8.16567,45.67849]},
			"properties" : { "ANNO":"2010","ID_SEZIONE":"31018","ISTAT_COMUNE_SEZ":"96048","COMUNE_SEZ":"PORTULA","PROVINCIA":"BI","ID_CENTRALE":"1534","NOME_CENTRALE":"TRIVERO","ISTAT_COMUNE_CENTR":"96070","COMUNE_CENTR":"TRIVERO","PROVINCIA_CENTR":"BI","INDIRIZZO_CENTRALE":"ROMA","LATITUDINE_SEZIONE":"45.67849","LONGITUDINE_SEZIONE":"8.16567","POS_X_SEZIONE":"435022.52427","POS_Y_SEZIONE":"5058665.39633","LATITUDINE_CENTRALE":"45.66959","LONGITUDINE_CENTRALE":"8.16283","POS_X_CENTRALE":"434791.35543","POS_Y_CENTRALE":"5057678.52801","TIPO_ADSL":"ADSL_2P","DESCRIZIONE_TIPO_ADSL":"ADSL 2+ (24 mega)","DISTANZA_CALCOLATA":"1013.58","CLASSE_DISTANZA":"900-1299","POTENZA_SEGNALE":"17737.5","POPOLAZIONE_SEZIONE": "237"}
			},
		 		{ "type" : "Feature",
				"geometry" : {
					"type" : "Point",
					"coordinates" : [8.18425,45.65337]},
			"properties" : { "ANNO":"2010","ID_SEZIONE":"31412","ISTAT_COMUNE_SEZ":"96070","COMUNE_SEZ":"TRIVERO","PROVINCIA":"BI","ID_CENTRALE":"1534","NOME_CENTRALE":"TRIVERO","ISTAT_COMUNE_CENTR":"96070","COMUNE_CENTR":"TRIVERO","PROVINCIA_CENTR":"BI","INDIRIZZO_CENTRALE":"ROMA","LATITUDINE_SEZIONE":"45.65337","LONGITUDINE_SEZIONE":"8.18425","POS_X_SEZIONE":"436440.99620","POS_Y_SEZIONE":"5055858.95127","LATITUDINE_CENTRALE":"45.66959","LONGITUDINE_CENTRALE":"8.16283","POS_X_CENTRALE":"434791.35543","POS_Y_CENTRALE":"5057678.52801","TIPO_ADSL":"ADSL_2P","DESCRIZIONE_TIPO_ADSL":"ADSL 2+ (24 mega)","DISTANZA_CALCOLATA":"2456.05","CLASSE_DISTANZA":"2100-2499","POTENZA_SEGNALE":"10000","POPOLAZIONE_SEZIONE": "455"}
			},
		 		{ "type" : "Feature",
				"geometry" : {
					"type" : "Point",
					"coordinates" : [8.17565,45.66718]},
			"properties" : { "ANNO":"2010","ID_SEZIONE":"32510","ISTAT_COMUNE_SEZ":"96070","COMUNE_SEZ":"TRIVERO","PROVINCIA":"BI","ID_CENTRALE":"1534","NOME_CENTRALE":"TRIVERO","ISTAT_COMUNE_CENTR":"96070","COMUNE_CENTR":"TRIVERO","PROVINCIA_CENTR":"BI","INDIRIZZO_CENTRALE":"ROMA","LATITUDINE_SEZIONE":"45.66718","LONGITUDINE_SEZIONE":"8.17565","POS_X_SEZIONE":"435787.16964","POS_Y_SEZIONE":"5057399.92484","LATITUDINE_CENTRALE":"45.66959","LONGITUDINE_CENTRALE":"8.16283","POS_X_CENTRALE":"434791.35543","POS_Y_CENTRALE":"5057678.52801","TIPO_ADSL":"ADSL_2P","DESCRIZIONE_TIPO_ADSL":"ADSL 2+ (24 mega)","DISTANZA_CALCOLATA":"1034.05","CLASSE_DISTANZA":"900-1299","POTENZA_SEGNALE":"17737.5","POPOLAZIONE_SEZIONE": "622"}
			}
		 		]
	}
		