 	{ "type" : "FeatureCollection",
		"features" : [
		 		{ "type" : "Feature",
				"geometry" : {
					"type" : "Point",
					"coordinates" : [8.53757,46.00451]},
			"properties" : { "ANNO":"2010","ID_SEZIONE":"80","ISTAT_COMUNE_SEZ":"103018","COMUNE_SEZ":"CAPREZZO","PROVINCIA":"VB","ID_CENTRALE":"1082","NOME_CENTRALE":"RAMELLO","ISTAT_COMUNE_CENTR":"103015","COMUNE_CENTR":"CAMBIASCA","PROVINCIA_CENTR":"VB","INDIRIZZO_CENTRALE":"VALLE INTRASCA","LATITUDINE_SEZIONE":"46.00451","LONGITUDINE_SEZIONE":"8.53757","POS_X_SEZIONE":"464195.62689","POS_Y_SEZIONE":"5094653.01160","LATITUDINE_CENTRALE":"45.96301","LONGITUDINE_CENTRALE":"8.54201","POS_X_CENTRALE":"464513.08192","POS_Y_CENTRALE":"5090039.06985","TIPO_ADSL":"ADSL_M","DESCRIZIONE_TIPO_ADSL":"ADSL Mini","DISTANZA_CALCOLATA":"4624.85","CLASSE_DISTANZA":"4500-4899","POTENZA_SEGNALE":"0.00","POPOLAZIONE_SEZIONE": ""}
			},
		 		{ "type" : "Feature",
				"geometry" : {
					"type" : "Point",
					"coordinates" : [8.55154,45.98264]},
			"properties" : { "ANNO":"2010","ID_SEZIONE":"3679","ISTAT_COMUNE_SEZ":"103018","COMUNE_SEZ":"CAPREZZO","PROVINCIA":"VB","ID_CENTRALE":"1082","NOME_CENTRALE":"RAMELLO","ISTAT_COMUNE_CENTR":"103015","COMUNE_CENTR":"CAMBIASCA","PROVINCIA_CENTR":"VB","INDIRIZZO_CENTRALE":"VALLE INTRASCA","LATITUDINE_SEZIONE":"45.98264","LONGITUDINE_SEZIONE":"8.55154","POS_X_SEZIONE":"465264.09767","POS_Y_SEZIONE":"5092216.02420","LATITUDINE_CENTRALE":"45.96301","LONGITUDINE_CENTRALE":"8.54201","POS_X_CENTRALE":"464513.08192","POS_Y_CENTRALE":"5090039.06985","TIPO_ADSL":"ADSL_M","DESCRIZIONE_TIPO_ADSL":"ADSL Mini","DISTANZA_CALCOLATA":"2302.86","CLASSE_DISTANZA":"2100-2499","POTENZA_SEGNALE":"0.64","POPOLAZIONE_SEZIONE": "1"}
			},
		 		{ "type" : "Feature",
				"geometry" : {
					"type" : "Point",
					"coordinates" : [8.54701,45.99922]},
			"properties" : { "ANNO":"2010","ID_SEZIONE":"12331","ISTAT_COMUNE_SEZ":"103018","COMUNE_SEZ":"CAPREZZO","PROVINCIA":"VB","ID_CENTRALE":"1082","NOME_CENTRALE":"RAMELLO","ISTAT_COMUNE_CENTR":"103015","COMUNE_CENTR":"CAMBIASCA","PROVINCIA_CENTR":"VB","INDIRIZZO_CENTRALE":"VALLE INTRASCA","LATITUDINE_SEZIONE":"45.99922","LONGITUDINE_SEZIONE":"8.54701","POS_X_SEZIONE":"464923.05089","POS_Y_SEZIONE":"5094060.51035","LATITUDINE_CENTRALE":"45.96301","LONGITUDINE_CENTRALE":"8.54201","POS_X_CENTRALE":"464513.08192","POS_Y_CENTRALE":"5090039.06985","TIPO_ADSL":"ADSL_M","DESCRIZIONE_TIPO_ADSL":"ADSL Mini","DISTANZA_CALCOLATA":"4042.28","CLASSE_DISTANZA":"3700-4099","POTENZA_SEGNALE":"0.64","POPOLAZIONE_SEZIONE": ""}
			},
		 		{ "type" : "Feature",
				"geometry" : {
					"type" : "Point",
					"coordinates" : [8.55829,45.97103]},
			"properties" : { "ANNO":"2010","ID_SEZIONE":"16704","ISTAT_COMUNE_SEZ":"103015","COMUNE_SEZ":"CAMBIASCA","PROVINCIA":"VB","ID_CENTRALE":"1082","NOME_CENTRALE":"RAMELLO","ISTAT_COMUNE_CENTR":"103015","COMUNE_CENTR":"CAMBIASCA","PROVINCIA_CENTR":"VB","INDIRIZZO_CENTRALE":"VALLE INTRASCA","LATITUDINE_SEZIONE":"45.97103","LONGITUDINE_SEZIONE":"8.55829","POS_X_SEZIONE":"465779.26797","POS_Y_SEZIONE":"5090923.53345","LATITUDINE_CENTRALE":"45.96301","LONGITUDINE_CENTRALE":"8.54201","POS_X_CENTRALE":"464513.08192","POS_Y_CENTRALE":"5090039.06985","TIPO_ADSL":"ADSL_M","DESCRIZIONE_TIPO_ADSL":"ADSL Mini","DISTANZA_CALCOLATA":"1544.51","CLASSE_DISTANZA":"1300-1699","POTENZA_SEGNALE":"0.64","POPOLAZIONE_SEZIONE": "226"}
			},
		 		{ "type" : "Feature",
				"geometry" : {
					"type" : "Point",
					"coordinates" : [8.56031,45.98075]},
			"properties" : { "ANNO":"2010","ID_SEZIONE":"19949","ISTAT_COMUNE_SEZ":"103018","COMUNE_SEZ":"CAPREZZO","PROVINCIA":"VB","ID_CENTRALE":"1082","NOME_CENTRALE":"RAMELLO","ISTAT_COMUNE_CENTR":"103015","COMUNE_CENTR":"CAMBIASCA","PROVINCIA_CENTR":"VB","INDIRIZZO_CENTRALE":"VALLE INTRASCA","LATITUDINE_SEZIONE":"45.98075","LONGITUDINE_SEZIONE":"8.56031","POS_X_SEZIONE":"465942.02151","POS_Y_SEZIONE":"5092003.02452","LATITUDINE_CENTRALE":"45.96301","LONGITUDINE_CENTRALE":"8.54201","POS_X_CENTRALE":"464513.08192","POS_Y_CENTRALE":"5090039.06985","TIPO_ADSL":"ADSL_M","DESCRIZIONE_TIPO_ADSL":"ADSL Mini","DISTANZA_CALCOLATA":"2428.78","CLASSE_DISTANZA":"2100-2499","POTENZA_SEGNALE":"0.64","POPOLAZIONE_SEZIONE": "174"}
			},
		 		{ "type" : "Feature",
				"geometry" : {
					"type" : "Point",
					"coordinates" : [8.55965,45.98811]},
			"properties" : { "ANNO":"2010","ID_SEZIONE":"22798","ISTAT_COMUNE_SEZ":"103018","COMUNE_SEZ":"CAPREZZO","PROVINCIA":"VB","ID_CENTRALE":"1082","NOME_CENTRALE":"RAMELLO","ISTAT_COMUNE_CENTR":"103015","COMUNE_CENTR":"CAMBIASCA","PROVINCIA_CENTR":"VB","INDIRIZZO_CENTRALE":"VALLE INTRASCA","LATITUDINE_SEZIONE":"45.98811","LONGITUDINE_SEZIONE":"8.55965","POS_X_SEZIONE":"465895.43412","POS_Y_SEZIONE":"5092821.01774","LATITUDINE_CENTRALE":"45.96301","LONGITUDINE_CENTRALE":"8.54201","POS_X_CENTRALE":"464513.08192","POS_Y_CENTRALE":"5090039.06985","TIPO_ADSL":"ADSL_M","DESCRIZIONE_TIPO_ADSL":"ADSL Mini","DISTANZA_CALCOLATA":"3106.47","CLASSE_DISTANZA":"2900-3299","POTENZA_SEGNALE":"0.64","POPOLAZIONE_SEZIONE": "2"}
			},
		 		{ "type" : "Feature",
				"geometry" : {
					"type" : "Point",
					"coordinates" : [8.54824,45.96878]},
			"properties" : { "ANNO":"2010","ID_SEZIONE":"23130","ISTAT_COMUNE_SEZ":"103015","COMUNE_SEZ":"CAMBIASCA","PROVINCIA":"VB","ID_CENTRALE":"1082","NOME_CENTRALE":"RAMELLO","ISTAT_COMUNE_CENTR":"103015","COMUNE_CENTR":"CAMBIASCA","PROVINCIA_CENTR":"VB","INDIRIZZO_CENTRALE":"VALLE INTRASCA","LATITUDINE_SEZIONE":"45.96878","LONGITUDINE_SEZIONE":"8.54824","POS_X_SEZIONE":"464999.37473","POS_Y_SEZIONE":"5090678.03662","LATITUDINE_CENTRALE":"45.96301","LONGITUDINE_CENTRALE":"8.54201","POS_X_CENTRALE":"464513.08192","POS_Y_CENTRALE":"5090039.06985","TIPO_ADSL":"ADSL_M","DESCRIZIONE_TIPO_ADSL":"ADSL Mini","DISTANZA_CALCOLATA":"802.97","CLASSE_DISTANZA":"500-899","POTENZA_SEGNALE":"0.64","POPOLAZIONE_SEZIONE": "104"}
			}
		 		]
	}
		