 	{ "type" : "FeatureCollection",
		"features" : [
		 		{ "type" : "Feature",
				"geometry" : {
					"type" : "Point",
					"coordinates" : [7.97876,45.30364]},
			"properties" : { "ANNO":"2010","ID_SEZIONE":"2985","ISTAT_COMUNE_SEZ":"1304","COMUNE_SEZ":"VILLAREGGIA","PROVINCIA":"TO","ID_CENTRALE":"1648","NOME_CENTRALE":"VILLAREGGIA 2","ISTAT_COMUNE_CENTR":"1304","COMUNE_CENTR":"VILLAREGGIA","PROVINCIA_CENTR":"TO","INDIRIZZO_CENTRALE":"VIA MAESTRA 66","LATITUDINE_SEZIONE":"45.30364","LONGITUDINE_SEZIONE":"7.97876","POS_X_SEZIONE":"419936.70947","POS_Y_SEZIONE":"5017189.07911","LATITUDINE_CENTRALE":"45.30861","LONGITUDINE_CENTRALE":"7.97382","POS_X_CENTRALE":"419556.39892","POS_Y_CENTRALE":"5017746.47537","TIPO_ADSL":"NO","DESCRIZIONE_TIPO_ADSL":"NO Adsl","DISTANZA_CALCOLATA":"674.78","CLASSE_DISTANZA":"500-899","POTENZA_SEGNALE":"","POPOLAZIONE_SEZIONE": "39"}
			},
		 		{ "type" : "Feature",
				"geometry" : {
					"type" : "Point",
					"coordinates" : [7.97805,45.31120]},
			"properties" : { "ANNO":"2010","ID_SEZIONE":"6577","ISTAT_COMUNE_SEZ":"1304","COMUNE_SEZ":"VILLAREGGIA","PROVINCIA":"TO","ID_CENTRALE":"1648","NOME_CENTRALE":"VILLAREGGIA 2","ISTAT_COMUNE_CENTR":"1304","COMUNE_CENTR":"VILLAREGGIA","PROVINCIA_CENTR":"TO","INDIRIZZO_CENTRALE":"VIA MAESTRA 66","LATITUDINE_SEZIONE":"45.31120","LONGITUDINE_SEZIONE":"7.97805","POS_X_SEZIONE":"419891.65808","POS_Y_SEZIONE":"5018030.08160","LATITUDINE_CENTRALE":"45.30861","LONGITUDINE_CENTRALE":"7.97382","POS_X_CENTRALE":"419556.39892","POS_Y_CENTRALE":"5017746.47537","TIPO_ADSL":"NO","DESCRIZIONE_TIPO_ADSL":"NO Adsl","DISTANZA_CALCOLATA":"439.13","CLASSE_DISTANZA":"100-499","POTENZA_SEGNALE":"","POPOLAZIONE_SEZIONE": "362"}
			},
		 		{ "type" : "Feature",
				"geometry" : {
					"type" : "Point",
					"coordinates" : [7.96536,45.28761]},
			"properties" : { "ANNO":"2010","ID_SEZIONE":"8834","ISTAT_COMUNE_SEZ":"1304","COMUNE_SEZ":"VILLAREGGIA","PROVINCIA":"TO","ID_CENTRALE":"1648","NOME_CENTRALE":"VILLAREGGIA 2","ISTAT_COMUNE_CENTR":"1304","COMUNE_CENTR":"VILLAREGGIA","PROVINCIA_CENTR":"TO","INDIRIZZO_CENTRALE":"VIA MAESTRA 66","LATITUDINE_SEZIONE":"45.28761","LONGITUDINE_SEZIONE":"7.96536","POS_X_SEZIONE":"418863.64553","POS_Y_SEZIONE":"5015421.05402","LATITUDINE_CENTRALE":"45.30861","LONGITUDINE_CENTRALE":"7.97382","POS_X_CENTRALE":"419556.39892","POS_Y_CENTRALE":"5017746.47537","TIPO_ADSL":"NO","DESCRIZIONE_TIPO_ADSL":"NO Adsl","DISTANZA_CALCOLATA":"2426.42","CLASSE_DISTANZA":"2100-2499","POTENZA_SEGNALE":"","POPOLAZIONE_SEZIONE": "15"}
			},
		 		{ "type" : "Feature",
				"geometry" : {
					"type" : "Point",
					"coordinates" : [7.96072,45.30771]},
			"properties" : { "ANNO":"2010","ID_SEZIONE":"13862","ISTAT_COMUNE_SEZ":"1304","COMUNE_SEZ":"VILLAREGGIA","PROVINCIA":"TO","ID_CENTRALE":"1648","NOME_CENTRALE":"VILLAREGGIA 2","ISTAT_COMUNE_CENTR":"1304","COMUNE_CENTR":"VILLAREGGIA","PROVINCIA_CENTR":"TO","INDIRIZZO_CENTRALE":"VIA MAESTRA 66","LATITUDINE_SEZIONE":"45.30771","LONGITUDINE_SEZIONE":"7.96072","POS_X_SEZIONE":"418528.20822","POS_Y_SEZIONE":"5017659.55591","LATITUDINE_CENTRALE":"45.30861","LONGITUDINE_CENTRALE":"7.97382","POS_X_CENTRALE":"419556.39892","POS_Y_CENTRALE":"5017746.47537","TIPO_ADSL":"NO","DESCRIZIONE_TIPO_ADSL":"NO Adsl","DISTANZA_CALCOLATA":"1031.86","CLASSE_DISTANZA":"900-1299","POTENZA_SEGNALE":"","POPOLAZIONE_SEZIONE": "8"}
			},
		 		{ "type" : "Feature",
				"geometry" : {
					"type" : "Point",
					"coordinates" : [7.97784,45.28721]},
			"properties" : { "ANNO":"2010","ID_SEZIONE":"17789","ISTAT_COMUNE_SEZ":"1304","COMUNE_SEZ":"VILLAREGGIA","PROVINCIA":"TO","ID_CENTRALE":"1648","NOME_CENTRALE":"VILLAREGGIA 2","ISTAT_COMUNE_CENTR":"1304","COMUNE_CENTR":"VILLAREGGIA","PROVINCIA_CENTR":"TO","INDIRIZZO_CENTRALE":"VIA MAESTRA 66","LATITUDINE_SEZIONE":"45.28721","LONGITUDINE_SEZIONE":"7.97784","POS_X_SEZIONE":"419841.78364","POS_Y_SEZIONE":"5015364.57069","LATITUDINE_CENTRALE":"45.30861","LONGITUDINE_CENTRALE":"7.97382","POS_X_CENTRALE":"419556.39892","POS_Y_CENTRALE":"5017746.47537","TIPO_ADSL":"NO","DESCRIZIONE_TIPO_ADSL":"NO Adsl","DISTANZA_CALCOLATA":"2398.94","CLASSE_DISTANZA":"2100-2499","POTENZA_SEGNALE":"","POPOLAZIONE_SEZIONE": "64"}
			},
		 		{ "type" : "Feature",
				"geometry" : {
					"type" : "Point",
					"coordinates" : [7.97659,45.27391]},
			"properties" : { "ANNO":"2010","ID_SEZIONE":"17982","ISTAT_COMUNE_SEZ":"1304","COMUNE_SEZ":"VILLAREGGIA","PROVINCIA":"TO","ID_CENTRALE":"1648","NOME_CENTRALE":"VILLAREGGIA 2","ISTAT_COMUNE_CENTR":"1304","COMUNE_CENTR":"VILLAREGGIA","PROVINCIA_CENTR":"TO","INDIRIZZO_CENTRALE":"VIA MAESTRA 66","LATITUDINE_SEZIONE":"45.27391","LONGITUDINE_SEZIONE":"7.97659","POS_X_SEZIONE":"419724.95548","POS_Y_SEZIONE":"5013888.56327","LATITUDINE_CENTRALE":"45.30861","LONGITUDINE_CENTRALE":"7.97382","POS_X_CENTRALE":"419556.39892","POS_Y_CENTRALE":"5017746.47537","TIPO_ADSL":"NO","DESCRIZIONE_TIPO_ADSL":"NO Adsl","DISTANZA_CALCOLATA":"3861.59","CLASSE_DISTANZA":"3700-4099","POTENZA_SEGNALE":"","POPOLAZIONE_SEZIONE": "27"}
			}
		 		]
	}
		