 	{ "type" : "FeatureCollection",
		"features" : [
		 		{ "type" : "Feature",
				"geometry" : {
					"type" : "Point",
					"coordinates" : [7.56320,45.04060]},
			"properties" : { "ANNO":"2010","ID_SEZIONE":"576","ISTAT_COMUNE_SEZ":"1214","COMUNE_SEZ":"RIVALTA DI TORINO","PROVINCIA":"TO","ID_CENTRALE":"1102","NOME_CENTRALE":"RIVALTA DEPOSITO","ISTAT_COMUNE_CENTR":"6174","COMUNE_CENTR":"TORTONA","PROVINCIA_CENTR":"AL","INDIRIZZO_CENTRALE":"C.MAG.RIVALTA","LATITUDINE_SEZIONE":"45.04060","LONGITUDINE_SEZIONE":"7.56320","POS_X_SEZIONE":"386838.20217","POS_Y_SEZIONE":"4988464.57860","LATITUDINE_CENTRALE":"45.03337","LONGITUDINE_CENTRALE":"7.52361","POS_X_CENTRALE":"383705.71859","POS_Y_CENTRALE":"4987717.00023","TIPO_ADSL":"ADSL_M","DESCRIZIONE_TIPO_ADSL":"ADSL Mini","DISTANZA_CALCOLATA":"3220.45","CLASSE_DISTANZA":"2900-3299","POTENZA_SEGNALE":"0.64","POPOLAZIONE_SEZIONE": "3"}
			},
		 		{ "type" : "Feature",
				"geometry" : {
					"type" : "Point",
					"coordinates" : [7.55279,45.03431]},
			"properties" : { "ANNO":"2010","ID_SEZIONE":"6982","ISTAT_COMUNE_SEZ":"1214","COMUNE_SEZ":"RIVALTA DI TORINO","PROVINCIA":"TO","ID_CENTRALE":"1102","NOME_CENTRALE":"RIVALTA DEPOSITO","ISTAT_COMUNE_CENTR":"6174","COMUNE_CENTR":"TORTONA","PROVINCIA_CENTR":"AL","INDIRIZZO_CENTRALE":"C.MAG.RIVALTA","LATITUDINE_SEZIONE":"45.03431","LONGITUDINE_SEZIONE":"7.55279","POS_X_SEZIONE":"386005.90214","POS_Y_SEZIONE":"4987780.06276","LATITUDINE_CENTRALE":"45.03337","LONGITUDINE_CENTRALE":"7.52361","POS_X_CENTRALE":"383705.71859","POS_Y_CENTRALE":"4987717.00023","TIPO_ADSL":"ADSL_M","DESCRIZIONE_TIPO_ADSL":"ADSL Mini","DISTANZA_CALCOLATA":"2301.05","CLASSE_DISTANZA":"2100-2499","POTENZA_SEGNALE":"0.64","POPOLAZIONE_SEZIONE": "45"}
			},
		 		{ "type" : "Feature",
				"geometry" : {
					"type" : "Point",
					"coordinates" : [7.51103,44.98799]},
			"properties" : { "ANNO":"2010","ID_SEZIONE":"8322","ISTAT_COMUNE_SEZ":"1214","COMUNE_SEZ":"RIVALTA DI TORINO","PROVINCIA":"TO","ID_CENTRALE":"1102","NOME_CENTRALE":"RIVALTA DEPOSITO","ISTAT_COMUNE_CENTR":"6174","COMUNE_CENTR":"TORTONA","PROVINCIA_CENTR":"AL","INDIRIZZO_CENTRALE":"C.MAG.RIVALTA","LATITUDINE_SEZIONE":"44.98799","LONGITUDINE_SEZIONE":"7.51103","POS_X_SEZIONE":"382621.70655","POS_Y_SEZIONE":"4982694.44919","LATITUDINE_CENTRALE":"45.03337","LONGITUDINE_CENTRALE":"7.52361","POS_X_CENTRALE":"383705.71859","POS_Y_CENTRALE":"4987717.00023","TIPO_ADSL":"ADSL_M","DESCRIZIONE_TIPO_ADSL":"ADSL Mini","DISTANZA_CALCOLATA":"5138.2","CLASSE_DISTANZA":"4900-5299","POTENZA_SEGNALE":"0.00","POPOLAZIONE_SEZIONE": ""}
			},
		 		{ "type" : "Feature",
				"geometry" : {
					"type" : "Point",
					"coordinates" : [7.48624,45.02812]},
			"properties" : { "ANNO":"2010","ID_SEZIONE":"9484","ISTAT_COMUNE_SEZ":"1214","COMUNE_SEZ":"RIVALTA DI TORINO","PROVINCIA":"TO","ID_CENTRALE":"1102","NOME_CENTRALE":"RIVALTA DEPOSITO","ISTAT_COMUNE_CENTR":"6174","COMUNE_CENTR":"TORTONA","PROVINCIA_CENTR":"AL","INDIRIZZO_CENTRALE":"C.MAG.RIVALTA","LATITUDINE_SEZIONE":"45.02812","LONGITUDINE_SEZIONE":"7.48624","POS_X_SEZIONE":"380750.68806","POS_Y_SEZIONE":"4987189.03249","LATITUDINE_CENTRALE":"45.03337","LONGITUDINE_CENTRALE":"7.52361","POS_X_CENTRALE":"383705.71859","POS_Y_CENTRALE":"4987717.00023","TIPO_ADSL":"ADSL_M","DESCRIZIONE_TIPO_ADSL":"ADSL Mini","DISTANZA_CALCOLATA":"3001.83","CLASSE_DISTANZA":"2900-3299","POTENZA_SEGNALE":"0.64","POPOLAZIONE_SEZIONE": "9"}
			},
		 		{ "type" : "Feature",
				"geometry" : {
					"type" : "Point",
					"coordinates" : [8.82687,44.86670]},
			"properties" : { "ANNO":"2010","ID_SEZIONE":"10317","ISTAT_COMUNE_SEZ":"6174","COMUNE_SEZ":"TORTONA","PROVINCIA":"AL","ID_CENTRALE":"1102","NOME_CENTRALE":"RIVALTA DEPOSITO","ISTAT_COMUNE_CENTR":"6174","COMUNE_CENTR":"TORTONA","PROVINCIA_CENTR":"AL","INDIRIZZO_CENTRALE":"C.MAG.RIVALTA","LATITUDINE_SEZIONE":"44.86670","LONGITUDINE_SEZIONE":"8.82687","POS_X_SEZIONE":"486322.93263","POS_Y_SEZIONE":"4968157.24956","LATITUDINE_CENTRALE":"45.03337","LONGITUDINE_CENTRALE":"7.52361","POS_X_CENTRALE":"383705.71859","POS_Y_CENTRALE":"4987717.00023","TIPO_ADSL":"ADSL_M","DESCRIZIONE_TIPO_ADSL":"ADSL Mini","DISTANZA_CALCOLATA":"104464.71","CLASSE_DISTANZA":"6100 e oltre","POTENZA_SEGNALE":"0.00","POPOLAZIONE_SEZIONE": "17"}
			},
		 		{ "type" : "Feature",
				"geometry" : {
					"type" : "Point",
					"coordinates" : [7.49967,45.00766]},
			"properties" : { "ANNO":"2010","ID_SEZIONE":"12662","ISTAT_COMUNE_SEZ":"1214","COMUNE_SEZ":"RIVALTA DI TORINO","PROVINCIA":"TO","ID_CENTRALE":"1102","NOME_CENTRALE":"RIVALTA DEPOSITO","ISTAT_COMUNE_CENTR":"6174","COMUNE_CENTR":"TORTONA","PROVINCIA_CENTR":"AL","INDIRIZZO_CENTRALE":"C.MAG.RIVALTA","LATITUDINE_SEZIONE":"45.00766","LONGITUDINE_SEZIONE":"7.49967","POS_X_SEZIONE":"381766.57337","POS_Y_SEZIONE":"4984895.99287","LATITUDINE_CENTRALE":"45.03337","LONGITUDINE_CENTRALE":"7.52361","POS_X_CENTRALE":"383705.71859","POS_Y_CENTRALE":"4987717.00023","TIPO_ADSL":"ADSL_M","DESCRIZIONE_TIPO_ADSL":"ADSL Mini","DISTANZA_CALCOLATA":"3423.21","CLASSE_DISTANZA":"3300-3699","POTENZA_SEGNALE":"0.64","POPOLAZIONE_SEZIONE": "47"}
			},
		 		{ "type" : "Feature",
				"geometry" : {
					"type" : "Point",
					"coordinates" : [7.48864,45.00265]},
			"properties" : { "ANNO":"2010","ID_SEZIONE":"16560","ISTAT_COMUNE_SEZ":"1214","COMUNE_SEZ":"RIVALTA DI TORINO","PROVINCIA":"TO","ID_CENTRALE":"1102","NOME_CENTRALE":"RIVALTA DEPOSITO","ISTAT_COMUNE_CENTR":"6174","COMUNE_CENTR":"TORTONA","PROVINCIA_CENTR":"AL","INDIRIZZO_CENTRALE":"C.MAG.RIVALTA","LATITUDINE_SEZIONE":"45.00265","LONGITUDINE_SEZIONE":"7.48864","POS_X_SEZIONE":"380887.09049","POS_Y_SEZIONE":"4984355.47959","LATITUDINE_CENTRALE":"45.03337","LONGITUDINE_CENTRALE":"7.52361","POS_X_CENTRALE":"383705.71859","POS_Y_CENTRALE":"4987717.00023","TIPO_ADSL":"ADSL_M","DESCRIZIONE_TIPO_ADSL":"ADSL Mini","DISTANZA_CALCOLATA":"4386.85","CLASSE_DISTANZA":"4100-4499","POTENZA_SEGNALE":"0.00","POPOLAZIONE_SEZIONE": "17"}
			},
		 		{ "type" : "Feature",
				"geometry" : {
					"type" : "Point",
					"coordinates" : [8.82940,44.88301]},
			"properties" : { "ANNO":"2010","ID_SEZIONE":"19789","ISTAT_COMUNE_SEZ":"6174","COMUNE_SEZ":"TORTONA","PROVINCIA":"AL","ID_CENTRALE":"1102","NOME_CENTRALE":"RIVALTA DEPOSITO","ISTAT_COMUNE_CENTR":"6174","COMUNE_CENTR":"TORTONA","PROVINCIA_CENTR":"AL","INDIRIZZO_CENTRALE":"C.MAG.RIVALTA","LATITUDINE_SEZIONE":"44.88301","LONGITUDINE_SEZIONE":"8.82940","POS_X_SEZIONE":"486526.72143","POS_Y_SEZIONE":"4969968.24988","LATITUDINE_CENTRALE":"45.03337","LONGITUDINE_CENTRALE":"7.52361","POS_X_CENTRALE":"383705.71859","POS_Y_CENTRALE":"4987717.00023","TIPO_ADSL":"ADSL_M","DESCRIZIONE_TIPO_ADSL":"ADSL Mini","DISTANZA_CALCOLATA":"104341.63","CLASSE_DISTANZA":"6100 e oltre","POTENZA_SEGNALE":"0.00","POPOLAZIONE_SEZIONE": ""}
			},
		 		{ "type" : "Feature",
				"geometry" : {
					"type" : "Point",
					"coordinates" : [8.79568,44.85915]},
			"properties" : { "ANNO":"2010","ID_SEZIONE":"20572","ISTAT_COMUNE_SEZ":"6174","COMUNE_SEZ":"TORTONA","PROVINCIA":"AL","ID_CENTRALE":"1102","NOME_CENTRALE":"RIVALTA DEPOSITO","ISTAT_COMUNE_CENTR":"6174","COMUNE_CENTR":"TORTONA","PROVINCIA_CENTR":"AL","INDIRIZZO_CENTRALE":"C.MAG.RIVALTA","LATITUDINE_SEZIONE":"44.85915","LONGITUDINE_SEZIONE":"8.79568","POS_X_SEZIONE":"483856.86262","POS_Y_SEZIONE":"4967324.74012","LATITUDINE_CENTRALE":"45.03337","LONGITUDINE_CENTRALE":"7.52361","POS_X_CENTRALE":"383705.71859","POS_Y_CENTRALE":"4987717.00023","TIPO_ADSL":"ADSL_M","DESCRIZIONE_TIPO_ADSL":"ADSL Mini","DISTANZA_CALCOLATA":"102206.14","CLASSE_DISTANZA":"6100 e oltre","POTENZA_SEGNALE":"0.00","POPOLAZIONE_SEZIONE": "24"}
			},
		 		{ "type" : "Feature",
				"geometry" : {
					"type" : "Point",
					"coordinates" : [7.49826,45.02029]},
			"properties" : { "ANNO":"2010","ID_SEZIONE":"27086","ISTAT_COMUNE_SEZ":"1214","COMUNE_SEZ":"RIVALTA DI TORINO","PROVINCIA":"TO","ID_CENTRALE":"1102","NOME_CENTRALE":"RIVALTA DEPOSITO","ISTAT_COMUNE_CENTR":"6174","COMUNE_CENTR":"TORTONA","PROVINCIA_CENTR":"AL","INDIRIZZO_CENTRALE":"C.MAG.RIVALTA","LATITUDINE_SEZIONE":"45.02029","LONGITUDINE_SEZIONE":"7.49826","POS_X_SEZIONE":"381681.99762","POS_Y_SEZIONE":"4986301.51889","LATITUDINE_CENTRALE":"45.03337","LONGITUDINE_CENTRALE":"7.52361","POS_X_CENTRALE":"383705.71859","POS_Y_CENTRALE":"4987717.00023","TIPO_ADSL":"ADSL_M","DESCRIZIONE_TIPO_ADSL":"ADSL Mini","DISTANZA_CALCOLATA":"2469.62","CLASSE_DISTANZA":"2100-2499","POTENZA_SEGNALE":"0.64","POPOLAZIONE_SEZIONE": ""}
			}
		 		]
	}
		