 	{ "type" : "FeatureCollection",
		"features" : [
		 		{ "type" : "Feature",
				"geometry" : {
					"type" : "Point",
					"coordinates" : [7.88835,45.11850]},
			"properties" : { "ANNO":"2010","ID_SEZIONE":"1379","ISTAT_COMUNE_SEZ":"1213","COMUNE_SEZ":"RIVALBA","PROVINCIA":"TO","ID_CENTRALE":"1100","NOME_CENTRALE":"RIVALBA","ISTAT_COMUNE_CENTR":"1213","COMUNE_CENTR":"RIVALBA","PROVINCIA_CENTR":"TO","INDIRIZZO_CENTRALE":"VAUDAMUS ANG.STR.CANDIONE","LATITUDINE_SEZIONE":"45.11850","LONGITUDINE_SEZIONE":"7.88835","POS_X_SEZIONE":"412565.40655","POS_Y_SEZIONE":"4996714.87288","LATITUDINE_CENTRALE":"45.11792","LONGITUDINE_CENTRALE":"7.88856","POS_X_CENTRALE":"412581.49239","POS_Y_CENTRALE":"4996651.21284","TIPO_ADSL":"ADSL_M","DESCRIZIONE_TIPO_ADSL":"ADSL Mini","DISTANZA_CALCOLATA":"65.66","CLASSE_DISTANZA":"0-99","POTENZA_SEGNALE":"0.64","POPOLAZIONE_SEZIONE": "255"}
			},
		 		{ "type" : "Feature",
				"geometry" : {
					"type" : "Point",
					"coordinates" : [7.86041,45.12059]},
			"properties" : { "ANNO":"2010","ID_SEZIONE":"4634","ISTAT_COMUNE_SEZ":"1213","COMUNE_SEZ":"RIVALBA","PROVINCIA":"TO","ID_CENTRALE":"1100","NOME_CENTRALE":"RIVALBA","ISTAT_COMUNE_CENTR":"1213","COMUNE_CENTR":"RIVALBA","PROVINCIA_CENTR":"TO","INDIRIZZO_CENTRALE":"VAUDAMUS ANG.STR.CANDIONE","LATITUDINE_SEZIONE":"45.12059","LONGITUDINE_SEZIONE":"7.86041","POS_X_SEZIONE":"410371.13378","POS_Y_SEZIONE":"4996978.33221","LATITUDINE_CENTRALE":"45.11792","LONGITUDINE_CENTRALE":"7.88856","POS_X_CENTRALE":"412581.49239","POS_Y_CENTRALE":"4996651.21284","TIPO_ADSL":"ADSL_M","DESCRIZIONE_TIPO_ADSL":"ADSL Mini","DISTANZA_CALCOLATA":"2234.43","CLASSE_DISTANZA":"2100-2499","POTENZA_SEGNALE":"0.64","POPOLAZIONE_SEZIONE": "27"}
			},
		 		{ "type" : "Feature",
				"geometry" : {
					"type" : "Point",
					"coordinates" : [7.87898,45.11721]},
			"properties" : { "ANNO":"2010","ID_SEZIONE":"5406","ISTAT_COMUNE_SEZ":"1213","COMUNE_SEZ":"RIVALBA","PROVINCIA":"TO","ID_CENTRALE":"1100","NOME_CENTRALE":"RIVALBA","ISTAT_COMUNE_CENTR":"1213","COMUNE_CENTR":"RIVALBA","PROVINCIA_CENTR":"TO","INDIRIZZO_CENTRALE":"VAUDAMUS ANG.STR.CANDIONE","LATITUDINE_SEZIONE":"45.11721","LONGITUDINE_SEZIONE":"7.87898","POS_X_SEZIONE":"411826.45180","POS_Y_SEZIONE":"4996581.85784","LATITUDINE_CENTRALE":"45.11792","LONGITUDINE_CENTRALE":"7.88856","POS_X_CENTRALE":"412581.49239","POS_Y_CENTRALE":"4996651.21284","TIPO_ADSL":"ADSL_M","DESCRIZIONE_TIPO_ADSL":"ADSL Mini","DISTANZA_CALCOLATA":"758.22","CLASSE_DISTANZA":"500-899","POTENZA_SEGNALE":"0.64","POPOLAZIONE_SEZIONE": "54"}
			},
		 		{ "type" : "Feature",
				"geometry" : {
					"type" : "Point",
					"coordinates" : [7.88136,45.11348]},
			"properties" : { "ANNO":"2010","ID_SEZIONE":"12055","ISTAT_COMUNE_SEZ":"1213","COMUNE_SEZ":"RIVALBA","PROVINCIA":"TO","ID_CENTRALE":"1100","NOME_CENTRALE":"RIVALBA","ISTAT_COMUNE_CENTR":"1213","COMUNE_CENTR":"RIVALBA","PROVINCIA_CENTR":"TO","INDIRIZZO_CENTRALE":"VAUDAMUS ANG.STR.CANDIONE","LATITUDINE_SEZIONE":"45.11348","LONGITUDINE_SEZIONE":"7.88136","POS_X_SEZIONE":"412007.85749","POS_Y_SEZIONE":"4996165.35864","LATITUDINE_CENTRALE":"45.11792","LONGITUDINE_CENTRALE":"7.88856","POS_X_CENTRALE":"412581.49239","POS_Y_CENTRALE":"4996651.21284","TIPO_ADSL":"ADSL_M","DESCRIZIONE_TIPO_ADSL":"ADSL Mini","DISTANZA_CALCOLATA":"751.74","CLASSE_DISTANZA":"500-899","POTENZA_SEGNALE":"0.64","POPOLAZIONE_SEZIONE": "122"}
			},
		 		{ "type" : "Feature",
				"geometry" : {
					"type" : "Point",
					"coordinates" : [7.89979,45.12717]},
			"properties" : { "ANNO":"2010","ID_SEZIONE":"14726","ISTAT_COMUNE_SEZ":"1213","COMUNE_SEZ":"RIVALBA","PROVINCIA":"TO","ID_CENTRALE":"1100","NOME_CENTRALE":"RIVALBA","ISTAT_COMUNE_CENTR":"1213","COMUNE_CENTR":"RIVALBA","PROVINCIA_CENTR":"TO","INDIRIZZO_CENTRALE":"VAUDAMUS ANG.STR.CANDIONE","LATITUDINE_SEZIONE":"45.12717","LONGITUDINE_SEZIONE":"7.89979","POS_X_SEZIONE":"413478.66658","POS_Y_SEZIONE":"4997665.89547","LATITUDINE_CENTRALE":"45.11792","LONGITUDINE_CENTRALE":"7.88856","POS_X_CENTRALE":"412581.49239","POS_Y_CENTRALE":"4996651.21284","TIPO_ADSL":"ADSL_M","DESCRIZIONE_TIPO_ADSL":"ADSL Mini","DISTANZA_CALCOLATA":"1354.44","CLASSE_DISTANZA":"1300-1699","POTENZA_SEGNALE":"0.64","POPOLAZIONE_SEZIONE": "61"}
			},
		 		{ "type" : "Feature",
				"geometry" : {
					"type" : "Point",
					"coordinates" : [7.89468,45.11350]},
			"properties" : { "ANNO":"2010","ID_SEZIONE":"20740","ISTAT_COMUNE_SEZ":"1213","COMUNE_SEZ":"RIVALBA","PROVINCIA":"TO","ID_CENTRALE":"1100","NOME_CENTRALE":"RIVALBA","ISTAT_COMUNE_CENTR":"1213","COMUNE_CENTR":"RIVALBA","PROVINCIA_CENTR":"TO","INDIRIZZO_CENTRALE":"VAUDAMUS ANG.STR.CANDIONE","LATITUDINE_SEZIONE":"45.11350","LONGITUDINE_SEZIONE":"7.89468","POS_X_SEZIONE":"413055.86876","POS_Y_SEZIONE":"4996152.87864","LATITUDINE_CENTRALE":"45.11792","LONGITUDINE_CENTRALE":"7.88856","POS_X_CENTRALE":"412581.49239","POS_Y_CENTRALE":"4996651.21284","TIPO_ADSL":"ADSL_M","DESCRIZIONE_TIPO_ADSL":"ADSL Mini","DISTANZA_CALCOLATA":"688.02","CLASSE_DISTANZA":"500-899","POTENZA_SEGNALE":"0.64","POPOLAZIONE_SEZIONE": "116"}
			},
		 		{ "type" : "Feature",
				"geometry" : {
					"type" : "Point",
					"coordinates" : [7.88412,45.13457]},
			"properties" : { "ANNO":"2010","ID_SEZIONE":"20853","ISTAT_COMUNE_SEZ":"1213","COMUNE_SEZ":"RIVALBA","PROVINCIA":"TO","ID_CENTRALE":"1100","NOME_CENTRALE":"RIVALBA","ISTAT_COMUNE_CENTR":"1213","COMUNE_CENTR":"RIVALBA","PROVINCIA_CENTR":"TO","INDIRIZZO_CENTRALE":"VAUDAMUS ANG.STR.CANDIONE","LATITUDINE_SEZIONE":"45.13457","LONGITUDINE_SEZIONE":"7.88412","POS_X_SEZIONE":"412257.77852","POS_Y_SEZIONE":"4998505.37784","LATITUDINE_CENTRALE":"45.11792","LONGITUDINE_CENTRALE":"7.88856","POS_X_CENTRALE":"412581.49239","POS_Y_CENTRALE":"4996651.21284","TIPO_ADSL":"ADSL_M","DESCRIZIONE_TIPO_ADSL":"ADSL Mini","DISTANZA_CALCOLATA":"1882.21","CLASSE_DISTANZA":"1700-2099","POTENZA_SEGNALE":"0.64","POPOLAZIONE_SEZIONE": "112"}
			},
		 		{ "type" : "Feature",
				"geometry" : {
					"type" : "Point",
					"coordinates" : [7.90936,45.11504]},
			"properties" : { "ANNO":"2010","ID_SEZIONE":"22690","ISTAT_COMUNE_SEZ":"1213","COMUNE_SEZ":"RIVALBA","PROVINCIA":"TO","ID_CENTRALE":"1100","NOME_CENTRALE":"RIVALBA","ISTAT_COMUNE_CENTR":"1213","COMUNE_CENTR":"RIVALBA","PROVINCIA_CENTR":"TO","INDIRIZZO_CENTRALE":"VAUDAMUS ANG.STR.CANDIONE","LATITUDINE_SEZIONE":"45.11504","LONGITUDINE_SEZIONE":"7.90936","POS_X_SEZIONE":"414213.19049","POS_Y_SEZIONE":"4996308.90194","LATITUDINE_CENTRALE":"45.11792","LONGITUDINE_CENTRALE":"7.88856","POS_X_CENTRALE":"412581.49239","POS_Y_CENTRALE":"4996651.21284","TIPO_ADSL":"ADSL_M","DESCRIZIONE_TIPO_ADSL":"ADSL Mini","DISTANZA_CALCOLATA":"1667.22","CLASSE_DISTANZA":"1300-1699","POTENZA_SEGNALE":"0.64","POPOLAZIONE_SEZIONE": "70"}
			},
		 		{ "type" : "Feature",
				"geometry" : {
					"type" : "Point",
					"coordinates" : [7.88726,45.11306]},
			"properties" : { "ANNO":"2010","ID_SEZIONE":"26325","ISTAT_COMUNE_SEZ":"1213","COMUNE_SEZ":"RIVALBA","PROVINCIA":"TO","ID_CENTRALE":"1100","NOME_CENTRALE":"RIVALBA","ISTAT_COMUNE_CENTR":"1213","COMUNE_CENTR":"RIVALBA","PROVINCIA_CENTR":"TO","INDIRIZZO_CENTRALE":"VAUDAMUS ANG.STR.CANDIONE","LATITUDINE_SEZIONE":"45.11306","LONGITUDINE_SEZIONE":"7.88726","POS_X_SEZIONE":"412471.47401","POS_Y_SEZIONE":"4996111.86744","LATITUDINE_CENTRALE":"45.11792","LONGITUDINE_CENTRALE":"7.88856","POS_X_CENTRALE":"412581.49239","POS_Y_CENTRALE":"4996651.21284","TIPO_ADSL":"ADSL_M","DESCRIZIONE_TIPO_ADSL":"ADSL Mini","DISTANZA_CALCOLATA":"550.45","CLASSE_DISTANZA":"500-899","POTENZA_SEGNALE":"0.64","POPOLAZIONE_SEZIONE": "46"}
			}
		 		]
	}
		