 	{ "type" : "FeatureCollection",
		"features" : [
		 		{ "type" : "Feature",
				"geometry" : {
					"type" : "Point",
					"coordinates" : [8.55012,46.13358]},
			"properties" : { "ANNO":"2010","ID_SEZIONE":"1581","ISTAT_COMUNE_SEZ":"103060","COMUNE_SEZ":"RE","PROVINCIA":"VB","ID_CENTRALE":"1083","NOME_CENTRALE":"RE","ISTAT_COMUNE_CENTR":"103060","COMUNE_CENTR":"RE","PROVINCIA_CENTR":"VB","INDIRIZZO_CENTRALE":"FR.FOLSOGNO VIA MAGGIORE.","LATITUDINE_SEZIONE":"46.13358","LONGITUDINE_SEZIONE":"8.55012","POS_X_SEZIONE":"465248.67418","POS_Y_SEZIONE":"5108988.01833","LATITUDINE_CENTRALE":"46.13528","LONGITUDINE_CENTRALE":"8.54999","POS_X_CENTRALE":"465240.02694","POS_Y_CENTRALE":"5109177.06843","TIPO_ADSL":"ADSL_M","DESCRIZIONE_TIPO_ADSL":"ADSL Mini","DISTANZA_CALCOLATA":"189.25","CLASSE_DISTANZA":"100-499","POTENZA_SEGNALE":"0.64","POPOLAZIONE_SEZIONE": "287"}
			},
		 		{ "type" : "Feature",
				"geometry" : {
					"type" : "Point",
					"coordinates" : [8.55803,46.13521]},
			"properties" : { "ANNO":"2010","ID_SEZIONE":"2765","ISTAT_COMUNE_SEZ":"103060","COMUNE_SEZ":"RE","PROVINCIA":"VB","ID_CENTRALE":"1083","NOME_CENTRALE":"RE","ISTAT_COMUNE_CENTR":"103060","COMUNE_CENTR":"RE","PROVINCIA_CENTR":"VB","INDIRIZZO_CENTRALE":"FR.FOLSOGNO VIA MAGGIORE.","LATITUDINE_SEZIONE":"46.13521","LONGITUDINE_SEZIONE":"8.55803","POS_X_SEZIONE":"465861.01338","POS_Y_SEZIONE":"5109165.01519","LATITUDINE_CENTRALE":"46.13528","LONGITUDINE_CENTRALE":"8.54999","POS_X_CENTRALE":"465240.02694","POS_Y_CENTRALE":"5109177.06843","TIPO_ADSL":"ADSL_M","DESCRIZIONE_TIPO_ADSL":"ADSL Mini","DISTANZA_CALCOLATA":"621.10","CLASSE_DISTANZA":"500-899","POTENZA_SEGNALE":"0.64","POPOLAZIONE_SEZIONE": "61"}
			},
		 		{ "type" : "Feature",
				"geometry" : {
					"type" : "Point",
					"coordinates" : [8.53741,46.11875]},
			"properties" : { "ANNO":"2010","ID_SEZIONE":"2839","ISTAT_COMUNE_SEZ":"103076","COMUNE_SEZ":"VILLETTE","PROVINCIA":"VB","ID_CENTRALE":"1083","NOME_CENTRALE":"RE","ISTAT_COMUNE_CENTR":"103060","COMUNE_CENTR":"RE","PROVINCIA_CENTR":"VB","INDIRIZZO_CENTRALE":"FR.FOLSOGNO VIA MAGGIORE.","LATITUDINE_SEZIONE":"46.11875","LONGITUDINE_SEZIONE":"8.53741","POS_X_SEZIONE":"464257.02593","POS_Y_SEZIONE":"5107345.51618","LATITUDINE_CENTRALE":"46.13528","LONGITUDINE_CENTRALE":"8.54999","POS_X_CENTRALE":"465240.02694","POS_Y_CENTRALE":"5109177.06843","TIPO_ADSL":"ADSL_M","DESCRIZIONE_TIPO_ADSL":"ADSL Mini","DISTANZA_CALCOLATA":"2078.67","CLASSE_DISTANZA":"1700-2099","POTENZA_SEGNALE":"0.64","POPOLAZIONE_SEZIONE": ""}
			},
		 		{ "type" : "Feature",
				"geometry" : {
					"type" : "Point",
					"coordinates" : [8.56528,46.14038]},
			"properties" : { "ANNO":"2010","ID_SEZIONE":"5428","ISTAT_COMUNE_SEZ":"103060","COMUNE_SEZ":"RE","PROVINCIA":"VB","ID_CENTRALE":"1083","NOME_CENTRALE":"RE","ISTAT_COMUNE_CENTR":"103060","COMUNE_CENTR":"RE","PROVINCIA_CENTR":"VB","INDIRIZZO_CENTRALE":"FR.FOLSOGNO VIA MAGGIORE.","LATITUDINE_SEZIONE":"46.14038","LONGITUDINE_SEZIONE":"8.56528","POS_X_SEZIONE":"466424.19598","POS_Y_SEZIONE":"5109737.01494","LATITUDINE_CENTRALE":"46.13528","LONGITUDINE_CENTRALE":"8.54999","POS_X_CENTRALE":"465240.02694","POS_Y_CENTRALE":"5109177.06843","TIPO_ADSL":"ADSL_M","DESCRIZIONE_TIPO_ADSL":"ADSL Mini","DISTANZA_CALCOLATA":"1309.88","CLASSE_DISTANZA":"1300-1699","POTENZA_SEGNALE":"0.64","POPOLAZIONE_SEZIONE": "158"}
			},
		 		{ "type" : "Feature",
				"geometry" : {
					"type" : "Point",
					"coordinates" : [8.56775,46.14934]},
			"properties" : { "ANNO":"2010","ID_SEZIONE":"7294","ISTAT_COMUNE_SEZ":"103060","COMUNE_SEZ":"RE","PROVINCIA":"VB","ID_CENTRALE":"1083","NOME_CENTRALE":"RE","ISTAT_COMUNE_CENTR":"103060","COMUNE_CENTR":"RE","PROVINCIA_CENTR":"VB","INDIRIZZO_CENTRALE":"FR.FOLSOGNO VIA MAGGIORE.","LATITUDINE_SEZIONE":"46.14934","LONGITUDINE_SEZIONE":"8.56775","POS_X_SEZIONE":"466619.66426","POS_Y_SEZIONE":"5110731.51862","LATITUDINE_CENTRALE":"46.13528","LONGITUDINE_CENTRALE":"8.54999","POS_X_CENTRALE":"465240.02694","POS_Y_CENTRALE":"5109177.06843","TIPO_ADSL":"ADSL_M","DESCRIZIONE_TIPO_ADSL":"ADSL Mini","DISTANZA_CALCOLATA":"2078.39","CLASSE_DISTANZA":"1700-2099","POTENZA_SEGNALE":"0.64","POPOLAZIONE_SEZIONE": ""}
			},
		 		{ "type" : "Feature",
				"geometry" : {
					"type" : "Point",
					"coordinates" : [8.53297,46.13744]},
			"properties" : { "ANNO":"2010","ID_SEZIONE":"8976","ISTAT_COMUNE_SEZ":"103076","COMUNE_SEZ":"VILLETTE","PROVINCIA":"VB","ID_CENTRALE":"1083","NOME_CENTRALE":"RE","ISTAT_COMUNE_CENTR":"103060","COMUNE_CENTR":"RE","PROVINCIA_CENTR":"VB","INDIRIZZO_CENTRALE":"FR.FOLSOGNO VIA MAGGIORE.","LATITUDINE_SEZIONE":"46.13744","LONGITUDINE_SEZIONE":"8.53297","POS_X_SEZIONE":"463926.56116","POS_Y_SEZIONE":"5109424.52854","LATITUDINE_CENTRALE":"46.13528","LONGITUDINE_CENTRALE":"8.54999","POS_X_CENTRALE":"465240.02694","POS_Y_CENTRALE":"5109177.06843","TIPO_ADSL":"ADSL_M","DESCRIZIONE_TIPO_ADSL":"ADSL Mini","DISTANZA_CALCOLATA":"1336.57","CLASSE_DISTANZA":"1300-1699","POTENZA_SEGNALE":"0.64","POPOLAZIONE_SEZIONE": "1"}
			},
		 		{ "type" : "Feature",
				"geometry" : {
					"type" : "Point",
					"coordinates" : [8.57870,46.13999]},
			"properties" : { "ANNO":"2010","ID_SEZIONE":"9945","ISTAT_COMUNE_SEZ":"103060","COMUNE_SEZ":"RE","PROVINCIA":"VB","ID_CENTRALE":"1083","NOME_CENTRALE":"RE","ISTAT_COMUNE_CENTR":"103060","COMUNE_CENTR":"RE","PROVINCIA_CENTR":"VB","INDIRIZZO_CENTRALE":"FR.FOLSOGNO VIA MAGGIORE.","LATITUDINE_SEZIONE":"46.13999","LONGITUDINE_SEZIONE":"8.57870","POS_X_SEZIONE":"467459.96839","POS_Y_SEZIONE":"5109687.50812","LATITUDINE_CENTRALE":"46.13528","LONGITUDINE_CENTRALE":"8.54999","POS_X_CENTRALE":"465240.02694","POS_Y_CENTRALE":"5109177.06843","TIPO_ADSL":"ADSL_M","DESCRIZIONE_TIPO_ADSL":"ADSL Mini","DISTANZA_CALCOLATA":"2277.87","CLASSE_DISTANZA":"2100-2499","POTENZA_SEGNALE":"0.64","POPOLAZIONE_SEZIONE": "5"}
			},
		 		{ "type" : "Feature",
				"geometry" : {
					"type" : "Point",
					"coordinates" : [8.54407,46.13048]},
			"properties" : { "ANNO":"2010","ID_SEZIONE":"9946","ISTAT_COMUNE_SEZ":"103060","COMUNE_SEZ":"RE","PROVINCIA":"VB","ID_CENTRALE":"1083","NOME_CENTRALE":"RE","ISTAT_COMUNE_CENTR":"103060","COMUNE_CENTR":"RE","PROVINCIA_CENTR":"VB","INDIRIZZO_CENTRALE":"FR.FOLSOGNO VIA MAGGIORE.","LATITUDINE_SEZIONE":"46.13048","LONGITUDINE_SEZIONE":"8.54407","POS_X_SEZIONE":"464779.08417","POS_Y_SEZIONE":"5108646.01974","LATITUDINE_CENTRALE":"46.13528","LONGITUDINE_CENTRALE":"8.54999","POS_X_CENTRALE":"465240.02694","POS_Y_CENTRALE":"5109177.06843","TIPO_ADSL":"ADSL_M","DESCRIZIONE_TIPO_ADSL":"ADSL Mini","DISTANZA_CALCOLATA":"703.19","CLASSE_DISTANZA":"500-899","POTENZA_SEGNALE":"0.64","POPOLAZIONE_SEZIONE": "237"}
			},
		 		{ "type" : "Feature",
				"geometry" : {
					"type" : "Point",
					"coordinates" : [8.58714,46.12711]},
			"properties" : { "ANNO":"2010","ID_SEZIONE":"10060","ISTAT_COMUNE_SEZ":"103060","COMUNE_SEZ":"RE","PROVINCIA":"VB","ID_CENTRALE":"1083","NOME_CENTRALE":"RE","ISTAT_COMUNE_CENTR":"103060","COMUNE_CENTR":"RE","PROVINCIA_CENTR":"VB","INDIRIZZO_CENTRALE":"FR.FOLSOGNO VIA MAGGIORE.","LATITUDINE_SEZIONE":"46.12711","LONGITUDINE_SEZIONE":"8.58714","POS_X_SEZIONE":"468104.92506","POS_Y_SEZIONE":"5108253.49801","LATITUDINE_CENTRALE":"46.13528","LONGITUDINE_CENTRALE":"8.54999","POS_X_CENTRALE":"465240.02694","POS_Y_CENTRALE":"5109177.06843","TIPO_ADSL":"ADSL_M","DESCRIZIONE_TIPO_ADSL":"ADSL Mini","DISTANZA_CALCOLATA":"3010.09","CLASSE_DISTANZA":"2900-3299","POTENZA_SEGNALE":"0.64","POPOLAZIONE_SEZIONE": ""}
			},
		 		{ "type" : "Feature",
				"geometry" : {
					"type" : "Point",
					"coordinates" : [8.53414,46.13232]},
			"properties" : { "ANNO":"2010","ID_SEZIONE":"11039","ISTAT_COMUNE_SEZ":"103076","COMUNE_SEZ":"VILLETTE","PROVINCIA":"VB","ID_CENTRALE":"1083","NOME_CENTRALE":"RE","ISTAT_COMUNE_CENTR":"103060","COMUNE_CENTR":"RE","PROVINCIA_CENTR":"VB","INDIRIZZO_CENTRALE":"FR.FOLSOGNO VIA MAGGIORE.","LATITUDINE_SEZIONE":"46.13232","LONGITUDINE_SEZIONE":"8.53414","POS_X_SEZIONE":"464013.34106","POS_Y_SEZIONE":"5108854.52508","LATITUDINE_CENTRALE":"46.13528","LONGITUDINE_CENTRALE":"8.54999","POS_X_CENTRALE":"465240.02694","POS_Y_CENTRALE":"5109177.06843","TIPO_ADSL":"ADSL_M","DESCRIZIONE_TIPO_ADSL":"ADSL Mini","DISTANZA_CALCOLATA":"1268.38","CLASSE_DISTANZA":"900-1299","POTENZA_SEGNALE":"0.64","POPOLAZIONE_SEZIONE": "243"}
			},
		 		{ "type" : "Feature",
				"geometry" : {
					"type" : "Point",
					"coordinates" : [8.54912,46.15371]},
			"properties" : { "ANNO":"2010","ID_SEZIONE":"11076","ISTAT_COMUNE_SEZ":"103076","COMUNE_SEZ":"VILLETTE","PROVINCIA":"VB","ID_CENTRALE":"1083","NOME_CENTRALE":"RE","ISTAT_COMUNE_CENTR":"103060","COMUNE_CENTR":"RE","PROVINCIA_CENTR":"VB","INDIRIZZO_CENTRALE":"FR.FOLSOGNO VIA MAGGIORE.","LATITUDINE_SEZIONE":"46.15371","LONGITUDINE_SEZIONE":"8.54912","POS_X_SEZIONE":"465184.20775","POS_Y_SEZIONE":"5111224.53008","LATITUDINE_CENTRALE":"46.13528","LONGITUDINE_CENTRALE":"8.54999","POS_X_CENTRALE":"465240.02694","POS_Y_CENTRALE":"5109177.06843","TIPO_ADSL":"ADSL_M","DESCRIZIONE_TIPO_ADSL":"ADSL Mini","DISTANZA_CALCOLATA":"2048.22","CLASSE_DISTANZA":"1700-2099","POTENZA_SEGNALE":"0.64","POPOLAZIONE_SEZIONE": ""}
			},
		 		{ "type" : "Feature",
				"geometry" : {
					"type" : "Point",
					"coordinates" : [8.54908,46.12479]},
			"properties" : { "ANNO":"2010","ID_SEZIONE":"11685","ISTAT_COMUNE_SEZ":"103060","COMUNE_SEZ":"RE","PROVINCIA":"VB","ID_CENTRALE":"1083","NOME_CENTRALE":"RE","ISTAT_COMUNE_CENTR":"103060","COMUNE_CENTR":"RE","PROVINCIA_CENTR":"VB","INDIRIZZO_CENTRALE":"FR.FOLSOGNO VIA MAGGIORE.","LATITUDINE_SEZIONE":"46.12479","LONGITUDINE_SEZIONE":"8.54908","POS_X_SEZIONE":"465162.54913","POS_Y_SEZIONE":"5108011.51401","LATITUDINE_CENTRALE":"46.13528","LONGITUDINE_CENTRALE":"8.54999","POS_X_CENTRALE":"465240.02694","POS_Y_CENTRALE":"5109177.06843","TIPO_ADSL":"ADSL_M","DESCRIZIONE_TIPO_ADSL":"ADSL Mini","DISTANZA_CALCOLATA":"1168.13","CLASSE_DISTANZA":"900-1299","POTENZA_SEGNALE":"0.64","POPOLAZIONE_SEZIONE": ""}
			},
		 		{ "type" : "Feature",
				"geometry" : {
					"type" : "Point",
					"coordinates" : [8.54804,46.18483]},
			"properties" : { "ANNO":"2010","ID_SEZIONE":"16597","ISTAT_COMUNE_SEZ":"103060","COMUNE_SEZ":"RE","PROVINCIA":"VB","ID_CENTRALE":"1083","NOME_CENTRALE":"RE","ISTAT_COMUNE_CENTR":"103060","COMUNE_CENTR":"RE","PROVINCIA_CENTR":"VB","INDIRIZZO_CENTRALE":"FR.FOLSOGNO VIA MAGGIORE.","LATITUDINE_SEZIONE":"46.18483","LONGITUDINE_SEZIONE":"8.54804","POS_X_SEZIONE":"465120.42740","POS_Y_SEZIONE":"5114683.05680","LATITUDINE_CENTRALE":"46.13528","LONGITUDINE_CENTRALE":"8.54999","POS_X_CENTRALE":"465240.02694","POS_Y_CENTRALE":"5109177.06843","TIPO_ADSL":"ADSL_M","DESCRIZIONE_TIPO_ADSL":"ADSL Mini","DISTANZA_CALCOLATA":"5507.29","CLASSE_DISTANZA":"5300-5699","POTENZA_SEGNALE":"0.00","POPOLAZIONE_SEZIONE": ""}
			},
		 		{ "type" : "Feature",
				"geometry" : {
					"type" : "Point",
					"coordinates" : [8.55412,46.13936]},
			"properties" : { "ANNO":"2010","ID_SEZIONE":"17892","ISTAT_COMUNE_SEZ":"103060","COMUNE_SEZ":"RE","PROVINCIA":"VB","ID_CENTRALE":"1083","NOME_CENTRALE":"RE","ISTAT_COMUNE_CENTR":"103060","COMUNE_CENTR":"RE","PROVINCIA_CENTR":"VB","INDIRIZZO_CENTRALE":"FR.FOLSOGNO VIA MAGGIORE.","LATITUDINE_SEZIONE":"46.13936","LONGITUDINE_SEZIONE":"8.55412","POS_X_SEZIONE":"465561.14113","POS_Y_SEZIONE":"5109628.51958","LATITUDINE_CENTRALE":"46.13528","LONGITUDINE_CENTRALE":"8.54999","POS_X_CENTRALE":"465240.02694","POS_Y_CENTRALE":"5109177.06843","TIPO_ADSL":"ADSL_M","DESCRIZIONE_TIPO_ADSL":"ADSL Mini","DISTANZA_CALCOLATA":"554.01","CLASSE_DISTANZA":"500-899","POTENZA_SEGNALE":"0.64","POPOLAZIONE_SEZIONE": ""}
			},
		 		{ "type" : "Feature",
				"geometry" : {
					"type" : "Point",
					"coordinates" : [8.56139,46.17403]},
			"properties" : { "ANNO":"2010","ID_SEZIONE":"20691","ISTAT_COMUNE_SEZ":"103060","COMUNE_SEZ":"RE","PROVINCIA":"VB","ID_CENTRALE":"1083","NOME_CENTRALE":"RE","ISTAT_COMUNE_CENTR":"103060","COMUNE_CENTR":"RE","PROVINCIA_CENTR":"VB","INDIRIZZO_CENTRALE":"FR.FOLSOGNO VIA MAGGIORE.","LATITUDINE_SEZIONE":"46.17403","LONGITUDINE_SEZIONE":"8.56139","POS_X_SEZIONE":"466143.98298","POS_Y_SEZIONE":"5113477.53846","LATITUDINE_CENTRALE":"46.13528","LONGITUDINE_CENTRALE":"8.54999","POS_X_CENTRALE":"465240.02694","POS_Y_CENTRALE":"5109177.06843","TIPO_ADSL":"ADSL_M","DESCRIZIONE_TIPO_ADSL":"ADSL Mini","DISTANZA_CALCOLATA":"4394.45","CLASSE_DISTANZA":"4100-4499","POTENZA_SEGNALE":"0.00","POPOLAZIONE_SEZIONE": ""}
			},
		 		{ "type" : "Feature",
				"geometry" : {
					"type" : "Point",
					"coordinates" : [8.56518,46.12958]},
			"properties" : { "ANNO":"2010","ID_SEZIONE":"23085","ISTAT_COMUNE_SEZ":"103060","COMUNE_SEZ":"RE","PROVINCIA":"VB","ID_CENTRALE":"1083","NOME_CENTRALE":"RE","ISTAT_COMUNE_CENTR":"103060","COMUNE_CENTR":"RE","PROVINCIA_CENTR":"VB","INDIRIZZO_CENTRALE":"FR.FOLSOGNO VIA MAGGIORE.","LATITUDINE_SEZIONE":"46.12958","LONGITUDINE_SEZIONE":"8.56518","POS_X_SEZIONE":"466409.53895","POS_Y_SEZIONE":"5108537.00879","LATITUDINE_CENTRALE":"46.13528","LONGITUDINE_CENTRALE":"8.54999","POS_X_CENTRALE":"465240.02694","POS_Y_CENTRALE":"5109177.06843","TIPO_ADSL":"ADSL_M","DESCRIZIONE_TIPO_ADSL":"ADSL Mini","DISTANZA_CALCOLATA":"1333.2","CLASSE_DISTANZA":"1300-1699","POTENZA_SEGNALE":"0.64","POPOLAZIONE_SEZIONE": ""}
			},
		 		{ "type" : "Feature",
				"geometry" : {
					"type" : "Point",
					"coordinates" : [8.54214,46.17258]},
			"properties" : { "ANNO":"2010","ID_SEZIONE":"25479","ISTAT_COMUNE_SEZ":"103060","COMUNE_SEZ":"RE","PROVINCIA":"VB","ID_CENTRALE":"1083","NOME_CENTRALE":"RE","ISTAT_COMUNE_CENTR":"103060","COMUNE_CENTR":"RE","PROVINCIA_CENTR":"VB","INDIRIZZO_CENTRALE":"FR.FOLSOGNO VIA MAGGIORE.","LATITUDINE_SEZIONE":"46.17258","LONGITUDINE_SEZIONE":"8.54214","POS_X_SEZIONE":"464656.93172","POS_Y_SEZIONE":"5113324.04701","LATITUDINE_CENTRALE":"46.13528","LONGITUDINE_CENTRALE":"8.54999","POS_X_CENTRALE":"465240.02694","POS_Y_CENTRALE":"5109177.06843","TIPO_ADSL":"ADSL_M","DESCRIZIONE_TIPO_ADSL":"ADSL Mini","DISTANZA_CALCOLATA":"4187.77","CLASSE_DISTANZA":"4100-4499","POTENZA_SEGNALE":"0.00","POPOLAZIONE_SEZIONE": ""}
			},
		 		{ "type" : "Feature",
				"geometry" : {
					"type" : "Point",
					"coordinates" : [8.58637,46.15257]},
			"properties" : { "ANNO":"2010","ID_SEZIONE":"26572","ISTAT_COMUNE_SEZ":"103060","COMUNE_SEZ":"RE","PROVINCIA":"VB","ID_CENTRALE":"1083","NOME_CENTRALE":"RE","ISTAT_COMUNE_CENTR":"103060","COMUNE_CENTR":"RE","PROVINCIA_CENTR":"VB","INDIRIZZO_CENTRALE":"FR.FOLSOGNO VIA MAGGIORE.","LATITUDINE_SEZIONE":"46.15257","LONGITUDINE_SEZIONE":"8.58637","POS_X_SEZIONE":"468060.05492","POS_Y_SEZIONE":"5111082.01180","LATITUDINE_CENTRALE":"46.13528","LONGITUDINE_CENTRALE":"8.54999","POS_X_CENTRALE":"465240.02694","POS_Y_CENTRALE":"5109177.06843","TIPO_ADSL":"ADSL_M","DESCRIZIONE_TIPO_ADSL":"ADSL Mini","DISTANZA_CALCOLATA":"3403.14","CLASSE_DISTANZA":"3300-3699","POTENZA_SEGNALE":"0.64","POPOLAZIONE_SEZIONE": "10"}
			},
		 		{ "type" : "Feature",
				"geometry" : {
					"type" : "Point",
					"coordinates" : [8.58562,46.14502]},
			"properties" : { "ANNO":"2010","ID_SEZIONE":"28630","ISTAT_COMUNE_SEZ":"103060","COMUNE_SEZ":"RE","PROVINCIA":"VB","ID_CENTRALE":"1083","NOME_CENTRALE":"RE","ISTAT_COMUNE_CENTR":"103060","COMUNE_CENTR":"RE","PROVINCIA_CENTR":"VB","INDIRIZZO_CENTRALE":"FR.FOLSOGNO VIA MAGGIORE.","LATITUDINE_SEZIONE":"46.14502","LONGITUDINE_SEZIONE":"8.58562","POS_X_SEZIONE":"467997.14855","POS_Y_SEZIONE":"5110243.50787","LATITUDINE_CENTRALE":"46.13528","LONGITUDINE_CENTRALE":"8.54999","POS_X_CENTRALE":"465240.02694","POS_Y_CENTRALE":"5109177.06843","TIPO_ADSL":"ADSL_M","DESCRIZIONE_TIPO_ADSL":"ADSL Mini","DISTANZA_CALCOLATA":"2956.18","CLASSE_DISTANZA":"2900-3299","POTENZA_SEGNALE":"0.64","POPOLAZIONE_SEZIONE": "72"}
			},
		 		{ "type" : "Feature",
				"geometry" : {
					"type" : "Point",
					"coordinates" : [8.59761,46.13389]},
			"properties" : { "ANNO":"2010","ID_SEZIONE":"29017","ISTAT_COMUNE_SEZ":"103060","COMUNE_SEZ":"RE","PROVINCIA":"VB","ID_CENTRALE":"1083","NOME_CENTRALE":"RE","ISTAT_COMUNE_CENTR":"103060","COMUNE_CENTR":"RE","PROVINCIA_CENTR":"VB","INDIRIZZO_CENTRALE":"FR.FOLSOGNO VIA MAGGIORE.","LATITUDINE_SEZIONE":"46.13389","LONGITUDINE_SEZIONE":"8.59761","POS_X_SEZIONE":"468917.53972","POS_Y_SEZIONE":"5109001.99747","LATITUDINE_CENTRALE":"46.13528","LONGITUDINE_CENTRALE":"8.54999","POS_X_CENTRALE":"465240.02694","POS_Y_CENTRALE":"5109177.06843","TIPO_ADSL":"ADSL_M","DESCRIZIONE_TIPO_ADSL":"ADSL Mini","DISTANZA_CALCOLATA":"3681.68","CLASSE_DISTANZA":"3300-3699","POTENZA_SEGNALE":"0.64","POPOLAZIONE_SEZIONE": ""}
			}
		 		]
	}
		