 	{ "type" : "FeatureCollection",
		"features" : [
		 		{ "type" : "Feature",
				"geometry" : {
					"type" : "Point",
					"coordinates" : [8.31493,45.64382]},
			"properties" : { "ANNO":"2010","ID_SEZIONE":"214","ISTAT_COMUNE_SEZ":"96064","COMUNE_SEZ":"SOSTEGNO","PROVINCIA":"BI","ID_CENTRALE":"1115","NOME_CENTRALE":"ROASIO","ISTAT_COMUNE_CENTR":"2116","COMUNE_CENTR":"ROASIO","PROVINCIA_CENTR":"VC","INDIRIZZO_CENTRALE":"TORINO 19","LATITUDINE_SEZIONE":"45.64382","LONGITUDINE_SEZIONE":"8.31493","POS_X_SEZIONE":"446614.07167","POS_Y_SEZIONE":"5054702.49841","LATITUDINE_CENTRALE":"45.60497","LONGITUDINE_CENTRALE":"8.28847","POS_X_CENTRALE":"444514.08403","POS_Y_CENTRALE":"5050404.84272","TIPO_ADSL":"ADSL_1","DESCRIZIONE_TIPO_ADSL":"ADSL (8 mega)","DISTANZA_CALCOLATA":"4783.28","CLASSE_DISTANZA":"4500-4899","POTENZA_SEGNALE":"1470","POPOLAZIONE_SEZIONE": ""}
			},
		 		{ "type" : "Feature",
				"geometry" : {
					"type" : "Point",
					"coordinates" : [8.26966,45.63425]},
			"properties" : { "ANNO":"2010","ID_SEZIONE":"215","ISTAT_COMUNE_SEZ":"96064","COMUNE_SEZ":"SOSTEGNO","PROVINCIA":"BI","ID_CENTRALE":"1115","NOME_CENTRALE":"ROASIO","ISTAT_COMUNE_CENTR":"2116","COMUNE_CENTR":"ROASIO","PROVINCIA_CENTR":"VC","INDIRIZZO_CENTRALE":"TORINO 19","LATITUDINE_SEZIONE":"45.63425","LONGITUDINE_SEZIONE":"8.26966","POS_X_SEZIONE":"443076.29554","POS_Y_SEZIONE":"5053670.50711","LATITUDINE_CENTRALE":"45.60497","LONGITUDINE_CENTRALE":"8.28847","POS_X_CENTRALE":"444514.08403","POS_Y_CENTRALE":"5050404.84272","TIPO_ADSL":"ADSL_1","DESCRIZIONE_TIPO_ADSL":"ADSL (8 mega)","DISTANZA_CALCOLATA":"3568.16","CLASSE_DISTANZA":"3300-3699","POTENZA_SEGNALE":"3999.63","POPOLAZIONE_SEZIONE": "59"}
			},
		 		{ "type" : "Feature",
				"geometry" : {
					"type" : "Point",
					"coordinates" : [8.27863,45.60659]},
			"properties" : { "ANNO":"2010","ID_SEZIONE":"816","ISTAT_COMUNE_SEZ":"2116","COMUNE_SEZ":"ROASIO","PROVINCIA":"VC","ID_CENTRALE":"1115","NOME_CENTRALE":"ROASIO","ISTAT_COMUNE_CENTR":"2116","COMUNE_CENTR":"ROASIO","PROVINCIA_CENTR":"VC","INDIRIZZO_CENTRALE":"TORINO 19","LATITUDINE_SEZIONE":"45.60659","LONGITUDINE_SEZIONE":"8.27863","POS_X_SEZIONE":"443747.76920","POS_Y_SEZIONE":"5050591.55108","LATITUDINE_CENTRALE":"45.60497","LONGITUDINE_CENTRALE":"8.28847","POS_X_CENTRALE":"444514.08403","POS_Y_CENTRALE":"5050404.84272","TIPO_ADSL":"ADSL_1","DESCRIZIONE_TIPO_ADSL":"ADSL (8 mega)","DISTANZA_CALCOLATA":"788.73","CLASSE_DISTANZA":"500-899","POTENZA_SEGNALE":"7000","POPOLAZIONE_SEZIONE": "17"}
			},
		 		{ "type" : "Feature",
				"geometry" : {
					"type" : "Point",
					"coordinates" : [8.27776,45.61689]},
			"properties" : { "ANNO":"2010","ID_SEZIONE":"1052","ISTAT_COMUNE_SEZ":"96078","COMUNE_SEZ":"VILLA DEL BOSCO","PROVINCIA":"BI","ID_CENTRALE":"1115","NOME_CENTRALE":"ROASIO","ISTAT_COMUNE_CENTR":"2116","COMUNE_CENTR":"ROASIO","PROVINCIA_CENTR":"VC","INDIRIZZO_CENTRALE":"TORINO 19","LATITUDINE_SEZIONE":"45.61689","LONGITUDINE_SEZIONE":"8.27776","POS_X_SEZIONE":"443690.80715","POS_Y_SEZIONE":"5051736.53514","LATITUDINE_CENTRALE":"45.60497","LONGITUDINE_CENTRALE":"8.28847","POS_X_CENTRALE":"444514.08403","POS_Y_CENTRALE":"5050404.84272","TIPO_ADSL":"ADSL_1","DESCRIZIONE_TIPO_ADSL":"ADSL (8 mega)","DISTANZA_CALCOLATA":"1565.63","CLASSE_DISTANZA":"1300-1699","POTENZA_SEGNALE":"7000","POPOLAZIONE_SEZIONE": "54"}
			},
		 		{ "type" : "Feature",
				"geometry" : {
					"type" : "Point",
					"coordinates" : [8.26896,45.64301]},
			"properties" : { "ANNO":"2010","ID_SEZIONE":"1409","ISTAT_COMUNE_SEZ":"96064","COMUNE_SEZ":"SOSTEGNO","PROVINCIA":"BI","ID_CENTRALE":"1115","NOME_CENTRALE":"ROASIO","ISTAT_COMUNE_CENTR":"2116","COMUNE_CENTR":"ROASIO","PROVINCIA_CENTR":"VC","INDIRIZZO_CENTRALE":"TORINO 19","LATITUDINE_SEZIONE":"45.64301","LONGITUDINE_SEZIONE":"8.26896","POS_X_SEZIONE":"443031.20728","POS_Y_SEZIONE":"5054644.99364","LATITUDINE_CENTRALE":"45.60497","LONGITUDINE_CENTRALE":"8.28847","POS_X_CENTRALE":"444514.08403","POS_Y_CENTRALE":"5050404.84272","TIPO_ADSL":"ADSL_1","DESCRIZIONE_TIPO_ADSL":"ADSL (8 mega)","DISTANZA_CALCOLATA":"4491.97","CLASSE_DISTANZA":"4100-4499","POTENZA_SEGNALE":"2125.38","POPOLAZIONE_SEZIONE": ""}
			},
		 		{ "type" : "Feature",
				"geometry" : {
					"type" : "Point",
					"coordinates" : [8.25319,45.66414]},
			"properties" : { "ANNO":"2010","ID_SEZIONE":"2213","ISTAT_COMUNE_SEZ":"96064","COMUNE_SEZ":"SOSTEGNO","PROVINCIA":"BI","ID_CENTRALE":"1115","NOME_CENTRALE":"ROASIO","ISTAT_COMUNE_CENTR":"2116","COMUNE_CENTR":"ROASIO","PROVINCIA_CENTR":"VC","INDIRIZZO_CENTRALE":"TORINO 19","LATITUDINE_SEZIONE":"45.66414","LONGITUDINE_SEZIONE":"8.25319","POS_X_SEZIONE":"441823.55339","POS_Y_SEZIONE":"5057002.95998","LATITUDINE_CENTRALE":"45.60497","LONGITUDINE_CENTRALE":"8.28847","POS_X_CENTRALE":"444514.08403","POS_Y_CENTRALE":"5050404.84272","TIPO_ADSL":"ADSL_1","DESCRIZIONE_TIPO_ADSL":"ADSL (8 mega)","DISTANZA_CALCOLATA":"7125.6","CLASSE_DISTANZA":"6100 e oltre","POTENZA_SEGNALE":"0.00","POPOLAZIONE_SEZIONE": ""}
			},
		 		{ "type" : "Feature",
				"geometry" : {
					"type" : "Point",
					"coordinates" : [8.28728,45.60616]},
			"properties" : { "ANNO":"2010","ID_SEZIONE":"2792","ISTAT_COMUNE_SEZ":"2116","COMUNE_SEZ":"ROASIO","PROVINCIA":"VC","ID_CENTRALE":"1115","NOME_CENTRALE":"ROASIO","ISTAT_COMUNE_CENTR":"2116","COMUNE_CENTR":"ROASIO","PROVINCIA_CENTR":"VC","INDIRIZZO_CENTRALE":"TORINO 19","LATITUDINE_SEZIONE":"45.60616","LONGITUDINE_SEZIONE":"8.28728","POS_X_SEZIONE":"444422.16229","POS_Y_SEZIONE":"5050538.05373","LATITUDINE_CENTRALE":"45.60497","LONGITUDINE_CENTRALE":"8.28847","POS_X_CENTRALE":"444514.08403","POS_Y_CENTRALE":"5050404.84272","TIPO_ADSL":"ADSL_1","DESCRIZIONE_TIPO_ADSL":"ADSL (8 mega)","DISTANZA_CALCOLATA":"161.85","CLASSE_DISTANZA":"100-499","POTENZA_SEGNALE":"7000","POPOLAZIONE_SEZIONE": "315"}
			},
		 		{ "type" : "Feature",
				"geometry" : {
					"type" : "Point",
					"coordinates" : [8.26834,45.62451]},
			"properties" : { "ANNO":"2010","ID_SEZIONE":"4056","ISTAT_COMUNE_SEZ":"2116","COMUNE_SEZ":"ROASIO","PROVINCIA":"VC","ID_CENTRALE":"1115","NOME_CENTRALE":"ROASIO","ISTAT_COMUNE_CENTR":"2116","COMUNE_CENTR":"ROASIO","PROVINCIA_CENTR":"VC","INDIRIZZO_CENTRALE":"TORINO 19","LATITUDINE_SEZIONE":"45.62451","LONGITUDINE_SEZIONE":"8.26834","POS_X_SEZIONE":"442963.76203","POS_Y_SEZIONE":"5052590.02173","LATITUDINE_CENTRALE":"45.60497","LONGITUDINE_CENTRALE":"8.28847","POS_X_CENTRALE":"444514.08403","POS_Y_CENTRALE":"5050404.84272","TIPO_ADSL":"ADSL_1","DESCRIZIONE_TIPO_ADSL":"ADSL (8 mega)","DISTANZA_CALCOLATA":"2679.27","CLASSE_DISTANZA":"2500-2899","POTENZA_SEGNALE":"5749.63","POPOLAZIONE_SEZIONE": "13"}
			},
		 		{ "type" : "Feature",
				"geometry" : {
					"type" : "Point",
					"coordinates" : [8.28985,45.64372]},
			"properties" : { "ANNO":"2010","ID_SEZIONE":"5722","ISTAT_COMUNE_SEZ":"96064","COMUNE_SEZ":"SOSTEGNO","PROVINCIA":"BI","ID_CENTRALE":"1115","NOME_CENTRALE":"ROASIO","ISTAT_COMUNE_CENTR":"2116","COMUNE_CENTR":"ROASIO","PROVINCIA_CENTR":"VC","INDIRIZZO_CENTRALE":"TORINO 19","LATITUDINE_SEZIONE":"45.64372","LONGITUDINE_SEZIONE":"8.28985","POS_X_SEZIONE":"444659.64223","POS_Y_SEZIONE":"5054708.49495","LATITUDINE_CENTRALE":"45.60497","LONGITUDINE_CENTRALE":"8.28847","POS_X_CENTRALE":"444514.08403","POS_Y_CENTRALE":"5050404.84272","TIPO_ADSL":"ADSL_1","DESCRIZIONE_TIPO_ADSL":"ADSL (8 mega)","DISTANZA_CALCOLATA":"4306.11","CLASSE_DISTANZA":"4100-4499","POTENZA_SEGNALE":"2125.38","POPOLAZIONE_SEZIONE": ""}
			},
		 		{ "type" : "Feature",
				"geometry" : {
					"type" : "Point",
					"coordinates" : [8.28172,45.62157]},
			"properties" : { "ANNO":"2010","ID_SEZIONE":"5725","ISTAT_COMUNE_SEZ":"96078","COMUNE_SEZ":"VILLA DEL BOSCO","PROVINCIA":"BI","ID_CENTRALE":"1115","NOME_CENTRALE":"ROASIO","ISTAT_COMUNE_CENTR":"2116","COMUNE_CENTR":"ROASIO","PROVINCIA_CENTR":"VC","INDIRIZZO_CENTRALE":"TORINO 19","LATITUDINE_SEZIONE":"45.62157","LONGITUDINE_SEZIONE":"8.28172","POS_X_SEZIONE":"444003.67807","POS_Y_SEZIONE":"5052253.52868","LATITUDINE_CENTRALE":"45.60497","LONGITUDINE_CENTRALE":"8.28847","POS_X_CENTRALE":"444514.08403","POS_Y_CENTRALE":"5050404.84272","TIPO_ADSL":"ADSL_1","DESCRIZIONE_TIPO_ADSL":"ADSL (8 mega)","DISTANZA_CALCOLATA":"1917.85","CLASSE_DISTANZA":"1700-2099","POTENZA_SEGNALE":"6874.88","POPOLAZIONE_SEZIONE": "271"}
			},
		 		{ "type" : "Feature",
				"geometry" : {
					"type" : "Point",
					"coordinates" : [8.28807,45.57591]},
			"properties" : { "ANNO":"2010","ID_SEZIONE":"5892","ISTAT_COMUNE_SEZ":"2116","COMUNE_SEZ":"ROASIO","PROVINCIA":"VC","ID_CENTRALE":"1115","NOME_CENTRALE":"ROASIO","ISTAT_COMUNE_CENTR":"2116","COMUNE_CENTR":"ROASIO","PROVINCIA_CENTR":"VC","INDIRIZZO_CENTRALE":"TORINO 19","LATITUDINE_SEZIONE":"45.57591","LONGITUDINE_SEZIONE":"8.28807","POS_X_SEZIONE":"444453.64312","POS_Y_SEZIONE":"5047176.59350","LATITUDINE_CENTRALE":"45.60497","LONGITUDINE_CENTRALE":"8.28847","POS_X_CENTRALE":"444514.08403","POS_Y_CENTRALE":"5050404.84272","TIPO_ADSL":"ADSL_1","DESCRIZIONE_TIPO_ADSL":"ADSL (8 mega)","DISTANZA_CALCOLATA":"3228.81","CLASSE_DISTANZA":"2900-3299","POTENZA_SEGNALE":"4999.75","POPOLAZIONE_SEZIONE": ""}
			},
		 		{ "type" : "Feature",
				"geometry" : {
					"type" : "Point",
					"coordinates" : [8.29254,45.56037]},
			"properties" : { "ANNO":"2010","ID_SEZIONE":"5893","ISTAT_COMUNE_SEZ":"2116","COMUNE_SEZ":"ROASIO","PROVINCIA":"VC","ID_CENTRALE":"1115","NOME_CENTRALE":"ROASIO","ISTAT_COMUNE_CENTR":"2116","COMUNE_CENTR":"ROASIO","PROVINCIA_CENTR":"VC","INDIRIZZO_CENTRALE":"TORINO 19","LATITUDINE_SEZIONE":"45.56037","LONGITUDINE_SEZIONE":"8.29254","POS_X_SEZIONE":"444787.43077","POS_Y_SEZIONE":"5045447.10563","LATITUDINE_CENTRALE":"45.60497","LONGITUDINE_CENTRALE":"8.28847","POS_X_CENTRALE":"444514.08403","POS_Y_CENTRALE":"5050404.84272","TIPO_ADSL":"ADSL_1","DESCRIZIONE_TIPO_ADSL":"ADSL (8 mega)","DISTANZA_CALCOLATA":"4965.27","CLASSE_DISTANZA":"4900-5299","POTENZA_SEGNALE":"125.13","POPOLAZIONE_SEZIONE": ""}
			},
		 		{ "type" : "Feature",
				"geometry" : {
					"type" : "Point",
					"coordinates" : [8.30419,45.63754]},
			"properties" : { "ANNO":"2010","ID_SEZIONE":"6017","ISTAT_COMUNE_SEZ":"2116","COMUNE_SEZ":"ROASIO","PROVINCIA":"VC","ID_CENTRALE":"1115","NOME_CENTRALE":"ROASIO","ISTAT_COMUNE_CENTR":"2116","COMUNE_CENTR":"ROASIO","PROVINCIA_CENTR":"VC","INDIRIZZO_CENTRALE":"TORINO 19","LATITUDINE_SEZIONE":"45.63754","LONGITUDINE_SEZIONE":"8.30419","POS_X_SEZIONE":"445771.05496","POS_Y_SEZIONE":"5054012.00701","LATITUDINE_CENTRALE":"45.60497","LONGITUDINE_CENTRALE":"8.28847","POS_X_CENTRALE":"444514.08403","POS_Y_CENTRALE":"5050404.84272","TIPO_ADSL":"ADSL_1","DESCRIZIONE_TIPO_ADSL":"ADSL (8 mega)","DISTANZA_CALCOLATA":"3819.9","CLASSE_DISTANZA":"3700-4099","POTENZA_SEGNALE":"3000.38","POPOLAZIONE_SEZIONE": ""}
			},
		 		{ "type" : "Feature",
				"geometry" : {
					"type" : "Point",
					"coordinates" : [8.30212,45.58071]},
			"properties" : { "ANNO":"2010","ID_SEZIONE":"10187","ISTAT_COMUNE_SEZ":"2116","COMUNE_SEZ":"ROASIO","PROVINCIA":"VC","ID_CENTRALE":"1115","NOME_CENTRALE":"ROASIO","ISTAT_COMUNE_CENTR":"2116","COMUNE_CENTR":"ROASIO","PROVINCIA_CENTR":"VC","INDIRIZZO_CENTRALE":"TORINO 19","LATITUDINE_SEZIONE":"45.58071","LONGITUDINE_SEZIONE":"8.30212","POS_X_SEZIONE":"445555.09439","POS_Y_SEZIONE":"5047700.09456","LATITUDINE_CENTRALE":"45.60497","LONGITUDINE_CENTRALE":"8.28847","POS_X_CENTRALE":"444514.08403","POS_Y_CENTRALE":"5050404.84272","TIPO_ADSL":"ADSL_1","DESCRIZIONE_TIPO_ADSL":"ADSL (8 mega)","DISTANZA_CALCOLATA":"2898.17","CLASSE_DISTANZA":"2500-2899","POTENZA_SEGNALE":"5749.63","POPOLAZIONE_SEZIONE": ""}
			},
		 		{ "type" : "Feature",
				"geometry" : {
					"type" : "Point",
					"coordinates" : [8.29807,45.59706]},
			"properties" : { "ANNO":"2010","ID_SEZIONE":"14824","ISTAT_COMUNE_SEZ":"2116","COMUNE_SEZ":"ROASIO","PROVINCIA":"VC","ID_CENTRALE":"1115","NOME_CENTRALE":"ROASIO","ISTAT_COMUNE_CENTR":"2116","COMUNE_CENTR":"ROASIO","PROVINCIA_CENTR":"VC","INDIRIZZO_CENTRALE":"TORINO 19","LATITUDINE_SEZIONE":"45.59706","LONGITUDINE_SEZIONE":"8.29807","POS_X_SEZIONE":"445255.04754","POS_Y_SEZIONE":"5049519.07031","LATITUDINE_CENTRALE":"45.60497","LONGITUDINE_CENTRALE":"8.28847","POS_X_CENTRALE":"444514.08403","POS_Y_CENTRALE":"5050404.84272","TIPO_ADSL":"ADSL_1","DESCRIZIONE_TIPO_ADSL":"ADSL (8 mega)","DISTANZA_CALCOLATA":"1154.82","CLASSE_DISTANZA":"900-1299","POTENZA_SEGNALE":"7000","POPOLAZIONE_SEZIONE": "35"}
			},
		 		{ "type" : "Feature",
				"geometry" : {
					"type" : "Point",
					"coordinates" : [8.28003,45.66771]},
			"properties" : { "ANNO":"2010","ID_SEZIONE":"15804","ISTAT_COMUNE_SEZ":"96064","COMUNE_SEZ":"SOSTEGNO","PROVINCIA":"BI","ID_CENTRALE":"1115","NOME_CENTRALE":"ROASIO","ISTAT_COMUNE_CENTR":"2116","COMUNE_CENTR":"ROASIO","PROVINCIA_CENTR":"VC","INDIRIZZO_CENTRALE":"TORINO 19","LATITUDINE_SEZIONE":"45.66771","LONGITUDINE_SEZIONE":"8.28003","POS_X_SEZIONE":"443918.07525","POS_Y_SEZIONE":"5057380.45655","LATITUDINE_CENTRALE":"45.60497","LONGITUDINE_CENTRALE":"8.28847","POS_X_CENTRALE":"444514.08403","POS_Y_CENTRALE":"5050404.84272","TIPO_ADSL":"ADSL_1","DESCRIZIONE_TIPO_ADSL":"ADSL (8 mega)","DISTANZA_CALCOLATA":"7001.03","CLASSE_DISTANZA":"6100 e oltre","POTENZA_SEGNALE":"0.00","POPOLAZIONE_SEZIONE": ""}
			},
		 		{ "type" : "Feature",
				"geometry" : {
					"type" : "Point",
					"coordinates" : [8.30732,45.62509]},
			"properties" : { "ANNO":"2010","ID_SEZIONE":"16129","ISTAT_COMUNE_SEZ":"96078","COMUNE_SEZ":"VILLA DEL BOSCO","PROVINCIA":"BI","ID_CENTRALE":"1115","NOME_CENTRALE":"ROASIO","ISTAT_COMUNE_CENTR":"2116","COMUNE_CENTR":"ROASIO","PROVINCIA_CENTR":"VC","INDIRIZZO_CENTRALE":"TORINO 19","LATITUDINE_SEZIONE":"45.62509","LONGITUDINE_SEZIONE":"8.30732","POS_X_SEZIONE":"446002.82559","POS_Y_SEZIONE":"5052627.52727","LATITUDINE_CENTRALE":"45.60497","LONGITUDINE_CENTRALE":"8.28847","POS_X_CENTRALE":"444514.08403","POS_Y_CENTRALE":"5050404.84272","TIPO_ADSL":"ADSL_1","DESCRIZIONE_TIPO_ADSL":"ADSL (8 mega)","DISTANZA_CALCOLATA":"2675.2","CLASSE_DISTANZA":"2500-2899","POTENZA_SEGNALE":"5749.63","POPOLAZIONE_SEZIONE": ""}
			},
		 		{ "type" : "Feature",
				"geometry" : {
					"type" : "Point",
					"coordinates" : [8.27258,45.62689]},
			"properties" : { "ANNO":"2010","ID_SEZIONE":"16436","ISTAT_COMUNE_SEZ":"2116","COMUNE_SEZ":"ROASIO","PROVINCIA":"VC","ID_CENTRALE":"1115","NOME_CENTRALE":"ROASIO","ISTAT_COMUNE_CENTR":"2116","COMUNE_CENTR":"ROASIO","PROVINCIA_CENTR":"VC","INDIRIZZO_CENTRALE":"TORINO 19","LATITUDINE_SEZIONE":"45.62689","LONGITUDINE_SEZIONE":"8.27258","POS_X_SEZIONE":"443296.69464","POS_Y_SEZIONE":"5052850.51863","LATITUDINE_CENTRALE":"45.60497","LONGITUDINE_CENTRALE":"8.28847","POS_X_CENTRALE":"444514.08403","POS_Y_CENTRALE":"5050404.84272","TIPO_ADSL":"ADSL_1","DESCRIZIONE_TIPO_ADSL":"ADSL (8 mega)","DISTANZA_CALCOLATA":"2731.92","CLASSE_DISTANZA":"2500-2899","POTENZA_SEGNALE":"5749.63","POPOLAZIONE_SEZIONE": "109"}
			},
		 		{ "type" : "Feature",
				"geometry" : {
					"type" : "Point",
					"coordinates" : [8.27643,45.57666]},
			"properties" : { "ANNO":"2010","ID_SEZIONE":"17914","ISTAT_COMUNE_SEZ":"2116","COMUNE_SEZ":"ROASIO","PROVINCIA":"VC","ID_CENTRALE":"1115","NOME_CENTRALE":"ROASIO","ISTAT_COMUNE_CENTR":"2116","COMUNE_CENTR":"ROASIO","PROVINCIA_CENTR":"VC","INDIRIZZO_CENTRALE":"TORINO 19","LATITUDINE_SEZIONE":"45.57666","LONGITUDINE_SEZIONE":"8.27643","POS_X_SEZIONE":"443546.53631","POS_Y_SEZIONE":"5047268.08944","LATITUDINE_CENTRALE":"45.60497","LONGITUDINE_CENTRALE":"8.28847","POS_X_CENTRALE":"444514.08403","POS_Y_CENTRALE":"5050404.84272","TIPO_ADSL":"ADSL_1","DESCRIZIONE_TIPO_ADSL":"ADSL (8 mega)","DISTANZA_CALCOLATA":"3282.59","CLASSE_DISTANZA":"2900-3299","POTENZA_SEGNALE":"4999.75","POPOLAZIONE_SEZIONE": ""}
			},
		 		{ "type" : "Feature",
				"geometry" : {
					"type" : "Point",
					"coordinates" : [8.30120,45.60909]},
			"properties" : { "ANNO":"2010","ID_SEZIONE":"18317","ISTAT_COMUNE_SEZ":"2116","COMUNE_SEZ":"ROASIO","PROVINCIA":"VC","ID_CENTRALE":"1115","NOME_CENTRALE":"ROASIO","ISTAT_COMUNE_CENTR":"2116","COMUNE_CENTR":"ROASIO","PROVINCIA_CENTR":"VC","INDIRIZZO_CENTRALE":"TORINO 19","LATITUDINE_SEZIONE":"45.60909","LONGITUDINE_SEZIONE":"8.30120","POS_X_SEZIONE":"445510.73471","POS_Y_SEZIONE":"5050854.05194","LATITUDINE_CENTRALE":"45.60497","LONGITUDINE_CENTRALE":"8.28847","POS_X_CENTRALE":"444514.08403","POS_Y_CENTRALE":"5050404.84272","TIPO_ADSL":"ADSL_1","DESCRIZIONE_TIPO_ADSL":"ADSL (8 mega)","DISTANZA_CALCOLATA":"1093.21","CLASSE_DISTANZA":"900-1299","POTENZA_SEGNALE":"7000","POPOLAZIONE_SEZIONE": "271"}
			},
		 		{ "type" : "Feature",
				"geometry" : {
					"type" : "Point",
					"coordinates" : [8.30541,45.60270]},
			"properties" : { "ANNO":"2010","ID_SEZIONE":"20537","ISTAT_COMUNE_SEZ":"2116","COMUNE_SEZ":"ROASIO","PROVINCIA":"VC","ID_CENTRALE":"1115","NOME_CENTRALE":"ROASIO","ISTAT_COMUNE_CENTR":"2116","COMUNE_CENTR":"ROASIO","PROVINCIA_CENTR":"VC","INDIRIZZO_CENTRALE":"TORINO 19","LATITUDINE_SEZIONE":"45.60270","LONGITUDINE_SEZIONE":"8.30541","POS_X_SEZIONE":"445832.85029","POS_Y_SEZIONE":"5050140.56304","LATITUDINE_CENTRALE":"45.60497","LONGITUDINE_CENTRALE":"8.28847","POS_X_CENTRALE":"444514.08403","POS_Y_CENTRALE":"5050404.84272","TIPO_ADSL":"ADSL_1","DESCRIZIONE_TIPO_ADSL":"ADSL (8 mega)","DISTANZA_CALCOLATA":"1344.99","CLASSE_DISTANZA":"1300-1699","POTENZA_SEGNALE":"7000","POPOLAZIONE_SEZIONE": "41"}
			},
		 		{ "type" : "Feature",
				"geometry" : {
					"type" : "Point",
					"coordinates" : [8.26167,45.59564]},
			"properties" : { "ANNO":"2010","ID_SEZIONE":"20538","ISTAT_COMUNE_SEZ":"2116","COMUNE_SEZ":"ROASIO","PROVINCIA":"VC","ID_CENTRALE":"1115","NOME_CENTRALE":"ROASIO","ISTAT_COMUNE_CENTR":"2116","COMUNE_CENTR":"ROASIO","PROVINCIA_CENTR":"VC","INDIRIZZO_CENTRALE":"TORINO 19","LATITUDINE_SEZIONE":"45.59564","LONGITUDINE_SEZIONE":"8.26167","POS_X_SEZIONE":"442414.54168","POS_Y_SEZIONE":"5049386.56419","LATITUDINE_CENTRALE":"45.60497","LONGITUDINE_CENTRALE":"8.28847","POS_X_CENTRALE":"444514.08403","POS_Y_CENTRALE":"5050404.84272","TIPO_ADSL":"ADSL_1","DESCRIZIONE_TIPO_ADSL":"ADSL (8 mega)","DISTANZA_CALCOLATA":"2333.45","CLASSE_DISTANZA":"2100-2499","POTENZA_SEGNALE":"6500.38","POPOLAZIONE_SEZIONE": "18"}
			},
		 		{ "type" : "Feature",
				"geometry" : {
					"type" : "Point",
					"coordinates" : [8.28815,45.59837]},
			"properties" : { "ANNO":"2010","ID_SEZIONE":"21361","ISTAT_COMUNE_SEZ":"2116","COMUNE_SEZ":"ROASIO","PROVINCIA":"VC","ID_CENTRALE":"1115","NOME_CENTRALE":"ROASIO","ISTAT_COMUNE_CENTR":"2116","COMUNE_CENTR":"ROASIO","PROVINCIA_CENTR":"VC","INDIRIZZO_CENTRALE":"TORINO 19","LATITUDINE_SEZIONE":"45.59837","LONGITUDINE_SEZIONE":"8.28815","POS_X_SEZIONE":"444482.12568","POS_Y_SEZIONE":"5049671.56592","LATITUDINE_CENTRALE":"45.60497","LONGITUDINE_CENTRALE":"8.28847","POS_X_CENTRALE":"444514.08403","POS_Y_CENTRALE":"5050404.84272","TIPO_ADSL":"ADSL_1","DESCRIZIONE_TIPO_ADSL":"ADSL (8 mega)","DISTANZA_CALCOLATA":"733.97","CLASSE_DISTANZA":"500-899","POTENZA_SEGNALE":"7000","POPOLAZIONE_SEZIONE": "271"}
			},
		 		{ "type" : "Feature",
				"geometry" : {
					"type" : "Point",
					"coordinates" : [8.31320,45.60603]},
			"properties" : { "ANNO":"2010","ID_SEZIONE":"22950","ISTAT_COMUNE_SEZ":"2116","COMUNE_SEZ":"ROASIO","PROVINCIA":"VC","ID_CENTRALE":"1115","NOME_CENTRALE":"ROASIO","ISTAT_COMUNE_CENTR":"2116","COMUNE_CENTR":"ROASIO","PROVINCIA_CENTR":"VC","INDIRIZZO_CENTRALE":"TORINO 19","LATITUDINE_SEZIONE":"45.60603","LONGITUDINE_SEZIONE":"8.31320","POS_X_SEZIONE":"446442.96434","POS_Y_SEZIONE":"5050506.05936","LATITUDINE_CENTRALE":"45.60497","LONGITUDINE_CENTRALE":"8.28847","POS_X_CENTRALE":"444514.08403","POS_Y_CENTRALE":"5050404.84272","TIPO_ADSL":"ADSL_1","DESCRIZIONE_TIPO_ADSL":"ADSL (8 mega)","DISTANZA_CALCOLATA":"1931.53","CLASSE_DISTANZA":"1700-2099","POTENZA_SEGNALE":"6874.88","POPOLAZIONE_SEZIONE": "46"}
			},
		 		{ "type" : "Feature",
				"geometry" : {
					"type" : "Point",
					"coordinates" : [8.29301,45.62778]},
			"properties" : { "ANNO":"2010","ID_SEZIONE":"23031","ISTAT_COMUNE_SEZ":"96064","COMUNE_SEZ":"SOSTEGNO","PROVINCIA":"BI","ID_CENTRALE":"1115","NOME_CENTRALE":"ROASIO","ISTAT_COMUNE_CENTR":"2116","COMUNE_CENTR":"ROASIO","PROVINCIA_CENTR":"VC","INDIRIZZO_CENTRALE":"TORINO 19","LATITUDINE_SEZIONE":"45.62778","LONGITUDINE_SEZIONE":"8.29301","POS_X_SEZIONE":"444890.09957","POS_Y_SEZIONE":"5052935.52087","LATITUDINE_CENTRALE":"45.60497","LONGITUDINE_CENTRALE":"8.28847","POS_X_CENTRALE":"444514.08403","POS_Y_CENTRALE":"5050404.84272","TIPO_ADSL":"ADSL_1","DESCRIZIONE_TIPO_ADSL":"ADSL (8 mega)","DISTANZA_CALCOLATA":"2558.46","CLASSE_DISTANZA":"2500-2899","POTENZA_SEGNALE":"5749.63","POPOLAZIONE_SEZIONE": "111"}
			},
		 		{ "type" : "Feature",
				"geometry" : {
					"type" : "Point",
					"coordinates" : [8.30594,45.61856]},
			"properties" : { "ANNO":"2010","ID_SEZIONE":"26098","ISTAT_COMUNE_SEZ":"96078","COMUNE_SEZ":"VILLA DEL BOSCO","PROVINCIA":"BI","ID_CENTRALE":"1115","NOME_CENTRALE":"ROASIO","ISTAT_COMUNE_CENTR":"2116","COMUNE_CENTR":"ROASIO","PROVINCIA_CENTR":"VC","INDIRIZZO_CENTRALE":"TORINO 19","LATITUDINE_SEZIONE":"45.61856","LONGITUDINE_SEZIONE":"8.30594","POS_X_SEZIONE":"445888.98136","POS_Y_SEZIONE":"5051903.03754","LATITUDINE_CENTRALE":"45.60497","LONGITUDINE_CENTRALE":"8.28847","POS_X_CENTRALE":"444514.08403","POS_Y_CENTRALE":"5050404.84272","TIPO_ADSL":"ADSL_1","DESCRIZIONE_TIPO_ADSL":"ADSL (8 mega)","DISTANZA_CALCOLATA":"2033.45","CLASSE_DISTANZA":"1700-2099","POTENZA_SEGNALE":"6874.88","POPOLAZIONE_SEZIONE": "48"}
			},
		 		{ "type" : "Feature",
				"geometry" : {
					"type" : "Point",
					"coordinates" : [8.28922,45.60654]},
			"properties" : { "ANNO":"2010","ID_SEZIONE":"26792","ISTAT_COMUNE_SEZ":"2116","COMUNE_SEZ":"ROASIO","PROVINCIA":"VC","ID_CENTRALE":"1115","NOME_CENTRALE":"ROASIO","ISTAT_COMUNE_CENTR":"2116","COMUNE_CENTR":"ROASIO","PROVINCIA_CENTR":"VC","INDIRIZZO_CENTRALE":"TORINO 19","LATITUDINE_SEZIONE":"45.60654","LONGITUDINE_SEZIONE":"8.28922","POS_X_SEZIONE":"444573.75269","POS_Y_SEZIONE":"5050579.05367","LATITUDINE_CENTRALE":"45.60497","LONGITUDINE_CENTRALE":"8.28847","POS_X_CENTRALE":"444514.08403","POS_Y_CENTRALE":"5050404.84272","TIPO_ADSL":"ADSL_1","DESCRIZIONE_TIPO_ADSL":"ADSL (8 mega)","DISTANZA_CALCOLATA":"184.15","CLASSE_DISTANZA":"100-499","POTENZA_SEGNALE":"7000","POPOLAZIONE_SEZIONE": "443"}
			},
		 		{ "type" : "Feature",
				"geometry" : {
					"type" : "Point",
					"coordinates" : [8.31198,45.58915]},
			"properties" : { "ANNO":"2010","ID_SEZIONE":"26963","ISTAT_COMUNE_SEZ":"2116","COMUNE_SEZ":"ROASIO","PROVINCIA":"VC","ID_CENTRALE":"1115","NOME_CENTRALE":"ROASIO","ISTAT_COMUNE_CENTR":"2116","COMUNE_CENTR":"ROASIO","PROVINCIA_CENTR":"VC","INDIRIZZO_CENTRALE":"TORINO 19","LATITUDINE_SEZIONE":"45.58915","LONGITUDINE_SEZIONE":"8.31198","POS_X_SEZIONE":"446332.05336","POS_Y_SEZIONE":"5048630.58647","LATITUDINE_CENTRALE":"45.60497","LONGITUDINE_CENTRALE":"8.28847","POS_X_CENTRALE":"444514.08403","POS_Y_CENTRALE":"5050404.84272","TIPO_ADSL":"ADSL_1","DESCRIZIONE_TIPO_ADSL":"ADSL (8 mega)","DISTANZA_CALCOLATA":"2540.28","CLASSE_DISTANZA":"2500-2899","POTENZA_SEGNALE":"5749.63","POPOLAZIONE_SEZIONE": "8"}
			},
		 		{ "type" : "Feature",
				"geometry" : {
					"type" : "Point",
					"coordinates" : [8.28879,45.65761]},
			"properties" : { "ANNO":"2010","ID_SEZIONE":"27278","ISTAT_COMUNE_SEZ":"96064","COMUNE_SEZ":"SOSTEGNO","PROVINCIA":"BI","ID_CENTRALE":"1115","NOME_CENTRALE":"ROASIO","ISTAT_COMUNE_CENTR":"2116","COMUNE_CENTR":"ROASIO","PROVINCIA_CENTR":"VC","INDIRIZZO_CENTRALE":"TORINO 19","LATITUDINE_SEZIONE":"45.65761","LONGITUDINE_SEZIONE":"8.28879","POS_X_SEZIONE":"444590.99378","POS_Y_SEZIONE":"5056252.47345","LATITUDINE_CENTRALE":"45.60497","LONGITUDINE_CENTRALE":"8.28847","POS_X_CENTRALE":"444514.08403","POS_Y_CENTRALE":"5050404.84272","TIPO_ADSL":"ADSL_1","DESCRIZIONE_TIPO_ADSL":"ADSL (8 mega)","DISTANZA_CALCOLATA":"5848.14","CLASSE_DISTANZA":"5700-6099","POTENZA_SEGNALE":"0.00","POPOLAZIONE_SEZIONE": ""}
			},
		 		{ "type" : "Feature",
				"geometry" : {
					"type" : "Point",
					"coordinates" : [8.30307,45.64916]},
			"properties" : { "ANNO":"2010","ID_SEZIONE":"27483","ISTAT_COMUNE_SEZ":"96064","COMUNE_SEZ":"SOSTEGNO","PROVINCIA":"BI","ID_CENTRALE":"1115","NOME_CENTRALE":"ROASIO","ISTAT_COMUNE_CENTR":"2116","COMUNE_CENTR":"ROASIO","PROVINCIA_CENTR":"VC","INDIRIZZO_CENTRALE":"TORINO 19","LATITUDINE_SEZIONE":"45.64916","LONGITUDINE_SEZIONE":"8.30307","POS_X_SEZIONE":"445694.74853","POS_Y_SEZIONE":"5055303.98833","LATITUDINE_CENTRALE":"45.60497","LONGITUDINE_CENTRALE":"8.28847","POS_X_CENTRALE":"444514.08403","POS_Y_CENTRALE":"5050404.84272","TIPO_ADSL":"ADSL_1","DESCRIZIONE_TIPO_ADSL":"ADSL (8 mega)","DISTANZA_CALCOLATA":"5039.4","CLASSE_DISTANZA":"4900-5299","POTENZA_SEGNALE":"125.13","POPOLAZIONE_SEZIONE": ""}
			},
		 		{ "type" : "Feature",
				"geometry" : {
					"type" : "Point",
					"coordinates" : [8.27507,45.61797]},
			"properties" : { "ANNO":"2010","ID_SEZIONE":"27485","ISTAT_COMUNE_SEZ":"96078","COMUNE_SEZ":"VILLA DEL BOSCO","PROVINCIA":"BI","ID_CENTRALE":"1115","NOME_CENTRALE":"ROASIO","ISTAT_COMUNE_CENTR":"2116","COMUNE_CENTR":"ROASIO","PROVINCIA_CENTR":"VC","INDIRIZZO_CENTRALE":"TORINO 19","LATITUDINE_SEZIONE":"45.61797","LONGITUDINE_SEZIONE":"8.27507","POS_X_SEZIONE":"443482.21784","POS_Y_SEZIONE":"5051858.03274","LATITUDINE_CENTRALE":"45.60497","LONGITUDINE_CENTRALE":"8.28847","POS_X_CENTRALE":"444514.08403","POS_Y_CENTRALE":"5050404.84272","TIPO_ADSL":"ADSL_1","DESCRIZIONE_TIPO_ADSL":"ADSL (8 mega)","DISTANZA_CALCOLATA":"1782.28","CLASSE_DISTANZA":"1700-2099","POTENZA_SEGNALE":"6874.88","POPOLAZIONE_SEZIONE": ""}
			},
		 		{ "type" : "Feature",
				"geometry" : {
					"type" : "Point",
					"coordinates" : [8.31020,45.60782]},
			"properties" : { "ANNO":"2010","ID_SEZIONE":"29034","ISTAT_COMUNE_SEZ":"2116","COMUNE_SEZ":"ROASIO","PROVINCIA":"VC","ID_CENTRALE":"1115","NOME_CENTRALE":"ROASIO","ISTAT_COMUNE_CENTR":"2116","COMUNE_CENTR":"ROASIO","PROVINCIA_CENTR":"VC","INDIRIZZO_CENTRALE":"TORINO 19","LATITUDINE_SEZIONE":"45.60782","LONGITUDINE_SEZIONE":"8.31020","POS_X_SEZIONE":"446211.09490","POS_Y_SEZIONE":"5050706.55600","LATITUDINE_CENTRALE":"45.60497","LONGITUDINE_CENTRALE":"8.28847","POS_X_CENTRALE":"444514.08403","POS_Y_CENTRALE":"5050404.84272","TIPO_ADSL":"ADSL_1","DESCRIZIONE_TIPO_ADSL":"ADSL (8 mega)","DISTANZA_CALCOLATA":"1723.62","CLASSE_DISTANZA":"1700-2099","POTENZA_SEGNALE":"6874.88","POPOLAZIONE_SEZIONE": "15"}
			},
		 		{ "type" : "Feature",
				"geometry" : {
					"type" : "Point",
					"coordinates" : [8.29610,45.61392]},
			"properties" : { "ANNO":"2010","ID_SEZIONE":"30289","ISTAT_COMUNE_SEZ":"2116","COMUNE_SEZ":"ROASIO","PROVINCIA":"VC","ID_CENTRALE":"1115","NOME_CENTRALE":"ROASIO","ISTAT_COMUNE_CENTR":"2116","COMUNE_CENTR":"ROASIO","PROVINCIA_CENTR":"VC","INDIRIZZO_CENTRALE":"TORINO 19","LATITUDINE_SEZIONE":"45.61392","LONGITUDINE_SEZIONE":"8.29610","POS_X_SEZIONE":"445117.86994","POS_Y_SEZIONE":"5051394.04349","LATITUDINE_CENTRALE":"45.60497","LONGITUDINE_CENTRALE":"8.28847","POS_X_CENTRALE":"444514.08403","POS_Y_CENTRALE":"5050404.84272","TIPO_ADSL":"ADSL_1","DESCRIZIONE_TIPO_ADSL":"ADSL (8 mega)","DISTANZA_CALCOLATA":"1158.91","CLASSE_DISTANZA":"900-1299","POTENZA_SEGNALE":"7000","POPOLAZIONE_SEZIONE": ""}
			},
		 		{ "type" : "Feature",
				"geometry" : {
					"type" : "Point",
					"coordinates" : [8.29789,45.62944]},
			"properties" : { "ANNO":"2010","ID_SEZIONE":"30678","ISTAT_COMUNE_SEZ":"96064","COMUNE_SEZ":"SOSTEGNO","PROVINCIA":"BI","ID_CENTRALE":"1115","NOME_CENTRALE":"ROASIO","ISTAT_COMUNE_CENTR":"2116","COMUNE_CENTR":"ROASIO","PROVINCIA_CENTR":"VC","INDIRIZZO_CENTRALE":"TORINO 19","LATITUDINE_SEZIONE":"45.62944","LONGITUDINE_SEZIONE":"8.29789","POS_X_SEZIONE":"445272.40536","POS_Y_SEZIONE":"5053116.51901","LATITUDINE_CENTRALE":"45.60497","LONGITUDINE_CENTRALE":"8.28847","POS_X_CENTRALE":"444514.08403","POS_Y_CENTRALE":"5050404.84272","TIPO_ADSL":"ADSL_1","DESCRIZIONE_TIPO_ADSL":"ADSL (8 mega)","DISTANZA_CALCOLATA":"2815.71","CLASSE_DISTANZA":"2500-2899","POTENZA_SEGNALE":"5749.63","POPOLAZIONE_SEZIONE": ""}
			},
		 		{ "type" : "Feature",
				"geometry" : {
					"type" : "Point",
					"coordinates" : [8.28907,45.62036]},
			"properties" : { "ANNO":"2010","ID_SEZIONE":"30679","ISTAT_COMUNE_SEZ":"96078","COMUNE_SEZ":"VILLA DEL BOSCO","PROVINCIA":"BI","ID_CENTRALE":"1115","NOME_CENTRALE":"ROASIO","ISTAT_COMUNE_CENTR":"2116","COMUNE_CENTR":"ROASIO","PROVINCIA_CENTR":"VC","INDIRIZZO_CENTRALE":"TORINO 19","LATITUDINE_SEZIONE":"45.62036","LONGITUDINE_SEZIONE":"8.28907","POS_X_SEZIONE":"444575.69675","POS_Y_SEZIONE":"5052113.53200","LATITUDINE_CENTRALE":"45.60497","LONGITUDINE_CENTRALE":"8.28847","POS_X_CENTRALE":"444514.08403","POS_Y_CENTRALE":"5050404.84272","TIPO_ADSL":"ADSL_1","DESCRIZIONE_TIPO_ADSL":"ADSL (8 mega)","DISTANZA_CALCOLATA":"1709.8","CLASSE_DISTANZA":"1700-2099","POTENZA_SEGNALE":"6874.88","POPOLAZIONE_SEZIONE": "2"}
			},
		 		{ "type" : "Feature",
				"geometry" : {
					"type" : "Point",
					"coordinates" : [8.30597,45.61250]},
			"properties" : { "ANNO":"2010","ID_SEZIONE":"32365","ISTAT_COMUNE_SEZ":"2116","COMUNE_SEZ":"ROASIO","PROVINCIA":"VC","ID_CENTRALE":"1115","NOME_CENTRALE":"ROASIO","ISTAT_COMUNE_CENTR":"2116","COMUNE_CENTR":"ROASIO","PROVINCIA_CENTR":"VC","INDIRIZZO_CENTRALE":"TORINO 19","LATITUDINE_SEZIONE":"45.61250","LONGITUDINE_SEZIONE":"8.30597","POS_X_SEZIONE":"445885.91653","POS_Y_SEZIONE":"5051229.04740","LATITUDINE_CENTRALE":"45.60497","LONGITUDINE_CENTRALE":"8.28847","POS_X_CENTRALE":"444514.08403","POS_Y_CENTRALE":"5050404.84272","TIPO_ADSL":"ADSL_1","DESCRIZIONE_TIPO_ADSL":"ADSL (8 mega)","DISTANZA_CALCOLATA":"1600.39","CLASSE_DISTANZA":"1300-1699","POTENZA_SEGNALE":"7000","POPOLAZIONE_SEZIONE": "88"}
			}
		 		]
	}
		