 	{ "type" : "FeatureCollection",
		"features" : [
		 		{ "type" : "Feature",
				"geometry" : {
					"type" : "Point",
					"coordinates" : [8.43643,45.45769]},
			"properties" : { "ANNO":"2010","ID_SEZIONE":"10548","ISTAT_COMUNE_SEZ":"3129","COMUNE_SEZ":"RECETTO","PROVINCIA":"NO","ID_CENTRALE":"1085","NOME_CENTRALE":"RECETTO","ISTAT_COMUNE_CENTR":"3129","COMUNE_CENTR":"RECETTO","PROVINCIA_CENTR":"NO","INDIRIZZO_CENTRALE":"S.GIUSEPPE","LATITUDINE_SEZIONE":"45.45769","LONGITUDINE_SEZIONE":"8.43643","POS_X_SEZIONE":"455936.87283","POS_Y_SEZIONE":"5033950.77077","LATITUDINE_CENTRALE":"45.46000","LONGITUDINE_CENTRALE":"8.43272","POS_X_CENTRALE":"455649.18312","POS_Y_CENTRALE":"5034209.46263","TIPO_ADSL":"ADSL_M","DESCRIZIONE_TIPO_ADSL":"ADSL Mini","DISTANZA_CALCOLATA":"386.89","CLASSE_DISTANZA":"100-499","POTENZA_SEGNALE":"0.64","POPOLAZIONE_SEZIONE": "428"}
			},
		 		{ "type" : "Feature",
				"geometry" : {
					"type" : "Point",
					"coordinates" : [8.43389,45.46056]},
			"properties" : { "ANNO":"2010","ID_SEZIONE":"18479","ISTAT_COMUNE_SEZ":"3129","COMUNE_SEZ":"RECETTO","PROVINCIA":"NO","ID_CENTRALE":"1085","NOME_CENTRALE":"RECETTO","ISTAT_COMUNE_CENTR":"3129","COMUNE_CENTR":"RECETTO","PROVINCIA_CENTR":"NO","INDIRIZZO_CENTRALE":"S.GIUSEPPE","LATITUDINE_SEZIONE":"45.46056","LONGITUDINE_SEZIONE":"8.43389","POS_X_SEZIONE":"455740.37645","POS_Y_SEZIONE":"5034270.76668","LATITUDINE_CENTRALE":"45.46000","LONGITUDINE_CENTRALE":"8.43272","POS_X_CENTRALE":"455649.18312","POS_Y_CENTRALE":"5034209.46263","TIPO_ADSL":"ADSL_M","DESCRIZIONE_TIPO_ADSL":"ADSL Mini","DISTANZA_CALCOLATA":"109.88","CLASSE_DISTANZA":"100-499","POTENZA_SEGNALE":"0.64","POPOLAZIONE_SEZIONE": "414"}
			},
		 		{ "type" : "Feature",
				"geometry" : {
					"type" : "Point",
					"coordinates" : [8.42092,45.45239]},
			"properties" : { "ANNO":"2010","ID_SEZIONE":"20485","ISTAT_COMUNE_SEZ":"3129","COMUNE_SEZ":"RECETTO","PROVINCIA":"NO","ID_CENTRALE":"1085","NOME_CENTRALE":"RECETTO","ISTAT_COMUNE_CENTR":"3129","COMUNE_CENTR":"RECETTO","PROVINCIA_CENTR":"NO","INDIRIZZO_CENTRALE":"S.GIUSEPPE","LATITUDINE_SEZIONE":"45.45239","LONGITUDINE_SEZIONE":"8.42092","POS_X_SEZIONE":"454719.88160","POS_Y_SEZIONE":"5033370.75976","LATITUDINE_CENTRALE":"45.46000","LONGITUDINE_CENTRALE":"8.43272","POS_X_CENTRALE":"455649.18312","POS_Y_CENTRALE":"5034209.46263","TIPO_ADSL":"ADSL_M","DESCRIZIONE_TIPO_ADSL":"ADSL Mini","DISTANZA_CALCOLATA":"1251.81","CLASSE_DISTANZA":"900-1299","POTENZA_SEGNALE":"0.64","POPOLAZIONE_SEZIONE": "36"}
			},
		 		{ "type" : "Feature",
				"geometry" : {
					"type" : "Point",
					"coordinates" : [8.42450,45.46729]},
			"properties" : { "ANNO":"2010","ID_SEZIONE":"24937","ISTAT_COMUNE_SEZ":"3129","COMUNE_SEZ":"RECETTO","PROVINCIA":"NO","ID_CENTRALE":"1085","NOME_CENTRALE":"RECETTO","ISTAT_COMUNE_CENTR":"3129","COMUNE_CENTR":"RECETTO","PROVINCIA_CENTR":"NO","INDIRIZZO_CENTRALE":"S.GIUSEPPE","LATITUDINE_SEZIONE":"45.46729","LONGITUDINE_SEZIONE":"8.42450","POS_X_SEZIONE":"455011.94995","POS_Y_SEZIONE":"5035023.75535","LATITUDINE_CENTRALE":"45.46000","LONGITUDINE_CENTRALE":"8.43272","POS_X_CENTRALE":"455649.18312","POS_Y_CENTRALE":"5034209.46263","TIPO_ADSL":"ADSL_M","DESCRIZIONE_TIPO_ADSL":"ADSL Mini","DISTANZA_CALCOLATA":"1033.99","CLASSE_DISTANZA":"900-1299","POTENZA_SEGNALE":"0.64","POPOLAZIONE_SEZIONE": "19"}
			}
		 		]
	}
		