 	{ "type" : "FeatureCollection",
		"features" : [
		 		{ "type" : "Feature",
				"geometry" : {
					"type" : "Point",
					"coordinates" : [8.17325,45.92314]},
			"properties" : { "ANNO":"2010","ID_SEZIONE":"354","ISTAT_COMUNE_SEZ":"2113","COMUNE_SEZ":"RIMELLA","PROVINCIA":"VC","ID_CENTRALE":"1095","NOME_CENTRALE":"RIMELLA","ISTAT_COMUNE_CENTR":"2113","COMUNE_CENTR":"RIMELLA","PROVINCIA_CENTR":"VC","INDIRIZZO_CENTRALE":"PALAZZO COMUNALE","LATITUDINE_SEZIONE":"45.92314","LONGITUDINE_SEZIONE":"8.17325","POS_X_SEZIONE":"435894.09828","POS_Y_SEZIONE":"5085840.52391","LATITUDINE_CENTRALE":"45.90999","LONGITUDINE_CENTRALE":"8.18910","POS_X_CENTRALE":"437108.30282","POS_Y_CENTRALE":"5084365.95436","TIPO_ADSL":"NO","DESCRIZIONE_TIPO_ADSL":"NO Adsl","DISTANZA_CALCOLATA":"1910.14","CLASSE_DISTANZA":"1700-2099","POTENZA_SEGNALE":"","POPOLAZIONE_SEZIONE": "4"}
			},
		 		{ "type" : "Feature",
				"geometry" : {
					"type" : "Point",
					"coordinates" : [8.15955,45.93097]},
			"properties" : { "ANNO":"2010","ID_SEZIONE":"1564","ISTAT_COMUNE_SEZ":"2113","COMUNE_SEZ":"RIMELLA","PROVINCIA":"VC","ID_CENTRALE":"1095","NOME_CENTRALE":"RIMELLA","ISTAT_COMUNE_CENTR":"2113","COMUNE_CENTR":"RIMELLA","PROVINCIA_CENTR":"VC","INDIRIZZO_CENTRALE":"PALAZZO COMUNALE","LATITUDINE_SEZIONE":"45.93097","LONGITUDINE_SEZIONE":"8.15955","POS_X_SEZIONE":"434840.89790","POS_Y_SEZIONE":"5086720.99136","LATITUDINE_CENTRALE":"45.90999","LONGITUDINE_CENTRALE":"8.18910","POS_X_CENTRALE":"437108.30282","POS_Y_CENTRALE":"5084365.95436","TIPO_ADSL":"NO","DESCRIZIONE_TIPO_ADSL":"NO Adsl","DISTANZA_CALCOLATA":"3269.15","CLASSE_DISTANZA":"2900-3299","POTENZA_SEGNALE":"","POPOLAZIONE_SEZIONE": ""}
			},
		 		{ "type" : "Feature",
				"geometry" : {
					"type" : "Point",
					"coordinates" : [8.16405,45.92616]},
			"properties" : { "ANNO":"2010","ID_SEZIONE":"5039","ISTAT_COMUNE_SEZ":"2113","COMUNE_SEZ":"RIMELLA","PROVINCIA":"VC","ID_CENTRALE":"1095","NOME_CENTRALE":"RIMELLA","ISTAT_COMUNE_CENTR":"2113","COMUNE_CENTR":"RIMELLA","PROVINCIA_CENTR":"VC","INDIRIZZO_CENTRALE":"PALAZZO COMUNALE","LATITUDINE_SEZIONE":"45.92616","LONGITUDINE_SEZIONE":"8.16405","POS_X_SEZIONE":"435184.64343","POS_Y_SEZIONE":"5086183.50554","LATITUDINE_CENTRALE":"45.90999","LONGITUDINE_CENTRALE":"8.18910","POS_X_CENTRALE":"437108.30282","POS_Y_CENTRALE":"5084365.95436","TIPO_ADSL":"NO","DESCRIZIONE_TIPO_ADSL":"NO Adsl","DISTANZA_CALCOLATA":"2646.5","CLASSE_DISTANZA":"2500-2899","POTENZA_SEGNALE":"","POPOLAZIONE_SEZIONE": ""}
			},
		 		{ "type" : "Feature",
				"geometry" : {
					"type" : "Point",
					"coordinates" : [8.18070,45.94384]},
			"properties" : { "ANNO":"2010","ID_SEZIONE":"5202","ISTAT_COMUNE_SEZ":"2113","COMUNE_SEZ":"RIMELLA","PROVINCIA":"VC","ID_CENTRALE":"1095","NOME_CENTRALE":"RIMELLA","ISTAT_COMUNE_CENTR":"2113","COMUNE_CENTR":"RIMELLA","PROVINCIA_CENTR":"VC","INDIRIZZO_CENTRALE":"PALAZZO COMUNALE","LATITUDINE_SEZIONE":"45.94384","LONGITUDINE_SEZIONE":"8.18070","POS_X_SEZIONE":"436495.57182","POS_Y_SEZIONE":"5088134.00333","LATITUDINE_CENTRALE":"45.90999","LONGITUDINE_CENTRALE":"8.18910","POS_X_CENTRALE":"437108.30282","POS_Y_CENTRALE":"5084365.95436","TIPO_ADSL":"NO","DESCRIZIONE_TIPO_ADSL":"NO Adsl","DISTANZA_CALCOLATA":"3817.54","CLASSE_DISTANZA":"3700-4099","POTENZA_SEGNALE":"","POPOLAZIONE_SEZIONE": ""}
			},
		 		{ "type" : "Feature",
				"geometry" : {
					"type" : "Point",
					"coordinates" : [8.17520,45.93048]},
			"properties" : { "ANNO":"2010","ID_SEZIONE":"6518","ISTAT_COMUNE_SEZ":"2113","COMUNE_SEZ":"RIMELLA","PROVINCIA":"VC","ID_CENTRALE":"1095","NOME_CENTRALE":"RIMELLA","ISTAT_COMUNE_CENTR":"2113","COMUNE_CENTR":"RIMELLA","PROVINCIA_CENTR":"VC","INDIRIZZO_CENTRALE":"PALAZZO COMUNALE","LATITUDINE_SEZIONE":"45.93048","LONGITUDINE_SEZIONE":"8.17520","POS_X_SEZIONE":"436053.84024","POS_Y_SEZIONE":"5086654.01562","LATITUDINE_CENTRALE":"45.90999","LONGITUDINE_CENTRALE":"8.18910","POS_X_CENTRALE":"437108.30282","POS_Y_CENTRALE":"5084365.95436","TIPO_ADSL":"NO","DESCRIZIONE_TIPO_ADSL":"NO Adsl","DISTANZA_CALCOLATA":"2519.35","CLASSE_DISTANZA":"2500-2899","POTENZA_SEGNALE":"","POPOLAZIONE_SEZIONE": "2"}
			},
		 		{ "type" : "Feature",
				"geometry" : {
					"type" : "Point",
					"coordinates" : [8.18075,45.90671]},
			"properties" : { "ANNO":"2010","ID_SEZIONE":"6918","ISTAT_COMUNE_SEZ":"2113","COMUNE_SEZ":"RIMELLA","PROVINCIA":"VC","ID_CENTRALE":"1095","NOME_CENTRALE":"RIMELLA","ISTAT_COMUNE_CENTR":"2113","COMUNE_CENTR":"RIMELLA","PROVINCIA_CENTR":"VC","INDIRIZZO_CENTRALE":"PALAZZO COMUNALE","LATITUDINE_SEZIONE":"45.90671","LONGITUDINE_SEZIONE":"8.18075","POS_X_SEZIONE":"436457.06481","POS_Y_SEZIONE":"5084008.56026","LATITUDINE_CENTRALE":"45.90999","LONGITUDINE_CENTRALE":"8.18910","POS_X_CENTRALE":"437108.30282","POS_Y_CENTRALE":"5084365.95436","TIPO_ADSL":"NO","DESCRIZIONE_TIPO_ADSL":"NO Adsl","DISTANZA_CALCOLATA":"742.86","CLASSE_DISTANZA":"500-899","POTENZA_SEGNALE":"","POPOLAZIONE_SEZIONE": "14"}
			},
		 		{ "type" : "Feature",
				"geometry" : {
					"type" : "Point",
					"coordinates" : [8.19139,45.90796]},
			"properties" : { "ANNO":"2010","ID_SEZIONE":"8379","ISTAT_COMUNE_SEZ":"2113","COMUNE_SEZ":"RIMELLA","PROVINCIA":"VC","ID_CENTRALE":"1095","NOME_CENTRALE":"RIMELLA","ISTAT_COMUNE_CENTR":"2113","COMUNE_CENTR":"RIMELLA","PROVINCIA_CENTR":"VC","INDIRIZZO_CENTRALE":"PALAZZO COMUNALE","LATITUDINE_SEZIONE":"45.90796","LONGITUDINE_SEZIONE":"8.19139","POS_X_SEZIONE":"437283.89105","POS_Y_SEZIONE":"5084139.07367","LATITUDINE_CENTRALE":"45.90999","LONGITUDINE_CENTRALE":"8.18910","POS_X_CENTRALE":"437108.30282","POS_Y_CENTRALE":"5084365.95436","TIPO_ADSL":"NO","DESCRIZIONE_TIPO_ADSL":"NO Adsl","DISTANZA_CALCOLATA":"286.89","CLASSE_DISTANZA":"100-499","POTENZA_SEGNALE":"","POPOLAZIONE_SEZIONE": "7"}
			},
		 		{ "type" : "Feature",
				"geometry" : {
					"type" : "Point",
					"coordinates" : [8.21877,45.91397]},
			"properties" : { "ANNO":"2010","ID_SEZIONE":"8586","ISTAT_COMUNE_SEZ":"2113","COMUNE_SEZ":"RIMELLA","PROVINCIA":"VC","ID_CENTRALE":"1095","NOME_CENTRALE":"RIMELLA","ISTAT_COMUNE_CENTR":"2113","COMUNE_CENTR":"RIMELLA","PROVINCIA_CENTR":"VC","INDIRIZZO_CENTRALE":"PALAZZO COMUNALE","LATITUDINE_SEZIONE":"45.91397","LONGITUDINE_SEZIONE":"8.21877","POS_X_SEZIONE":"439413.97285","POS_Y_SEZIONE":"5084786.10599","LATITUDINE_CENTRALE":"45.90999","LONGITUDINE_CENTRALE":"8.18910","POS_X_CENTRALE":"437108.30282","POS_Y_CENTRALE":"5084365.95436","TIPO_ADSL":"NO","DESCRIZIONE_TIPO_ADSL":"NO Adsl","DISTANZA_CALCOLATA":"2343.64","CLASSE_DISTANZA":"2100-2499","POTENZA_SEGNALE":"","POPOLAZIONE_SEZIONE": ""}
			},
		 		{ "type" : "Feature",
				"geometry" : {
					"type" : "Point",
					"coordinates" : [8.18733,45.90947]},
			"properties" : { "ANNO":"2010","ID_SEZIONE":"10164","ISTAT_COMUNE_SEZ":"2113","COMUNE_SEZ":"RIMELLA","PROVINCIA":"VC","ID_CENTRALE":"1095","NOME_CENTRALE":"RIMELLA","ISTAT_COMUNE_CENTR":"2113","COMUNE_CENTR":"RIMELLA","PROVINCIA_CENTR":"VC","INDIRIZZO_CENTRALE":"PALAZZO COMUNALE","LATITUDINE_SEZIONE":"45.90947","LONGITUDINE_SEZIONE":"8.18733","POS_X_SEZIONE":"436970.27160","POS_Y_SEZIONE":"5084309.56557","LATITUDINE_CENTRALE":"45.90999","LONGITUDINE_CENTRALE":"8.18910","POS_X_CENTRALE":"437108.30282","POS_Y_CENTRALE":"5084365.95436","TIPO_ADSL":"NO","DESCRIZIONE_TIPO_ADSL":"NO Adsl","DISTANZA_CALCOLATA":"149.11","CLASSE_DISTANZA":"100-499","POTENZA_SEGNALE":"","POPOLAZIONE_SEZIONE": "24"}
			},
		 		{ "type" : "Feature",
				"geometry" : {
					"type" : "Point",
					"coordinates" : [8.18343,45.90884]},
			"properties" : { "ANNO":"2010","ID_SEZIONE":"10450","ISTAT_COMUNE_SEZ":"2113","COMUNE_SEZ":"RIMELLA","PROVINCIA":"VC","ID_CENTRALE":"1095","NOME_CENTRALE":"RIMELLA","ISTAT_COMUNE_CENTR":"2113","COMUNE_CENTR":"RIMELLA","PROVINCIA_CENTR":"VC","INDIRIZZO_CENTRALE":"PALAZZO COMUNALE","LATITUDINE_SEZIONE":"45.90884","LONGITUDINE_SEZIONE":"8.18343","POS_X_SEZIONE":"436667.46507","POS_Y_SEZIONE":"5084243.06087","LATITUDINE_CENTRALE":"45.90999","LONGITUDINE_CENTRALE":"8.18910","POS_X_CENTRALE":"437108.30282","POS_Y_CENTRALE":"5084365.95436","TIPO_ADSL":"NO","DESCRIZIONE_TIPO_ADSL":"NO Adsl","DISTANZA_CALCOLATA":"457.65","CLASSE_DISTANZA":"100-499","POTENZA_SEGNALE":"","POPOLAZIONE_SEZIONE": "18"}
			},
		 		{ "type" : "Feature",
				"geometry" : {
					"type" : "Point",
					"coordinates" : [8.21098,45.90511]},
			"properties" : { "ANNO":"2010","ID_SEZIONE":"11067","ISTAT_COMUNE_SEZ":"2113","COMUNE_SEZ":"RIMELLA","PROVINCIA":"VC","ID_CENTRALE":"1095","NOME_CENTRALE":"RIMELLA","ISTAT_COMUNE_CENTR":"2113","COMUNE_CENTR":"RIMELLA","PROVINCIA_CENTR":"VC","INDIRIZZO_CENTRALE":"PALAZZO COMUNALE","LATITUDINE_SEZIONE":"45.90511","LONGITUDINE_SEZIONE":"8.21098","POS_X_SEZIONE":"438800.14475","POS_Y_SEZIONE":"5083807.60589","LATITUDINE_CENTRALE":"45.90999","LONGITUDINE_CENTRALE":"8.18910","POS_X_CENTRALE":"437108.30282","POS_Y_CENTRALE":"5084365.95436","TIPO_ADSL":"NO","DESCRIZIONE_TIPO_ADSL":"NO Adsl","DISTANZA_CALCOLATA":"1781.6","CLASSE_DISTANZA":"1700-2099","POTENZA_SEGNALE":"","POPOLAZIONE_SEZIONE": ""}
			},
		 		{ "type" : "Feature",
				"geometry" : {
					"type" : "Point",
					"coordinates" : [8.19746,45.94637]},
			"properties" : { "ANNO":"2010","ID_SEZIONE":"13729","ISTAT_COMUNE_SEZ":"2113","COMUNE_SEZ":"RIMELLA","PROVINCIA":"VC","ID_CENTRALE":"1095","NOME_CENTRALE":"RIMELLA","ISTAT_COMUNE_CENTR":"2113","COMUNE_CENTR":"RIMELLA","PROVINCIA_CENTR":"VC","INDIRIZZO_CENTRALE":"PALAZZO COMUNALE","LATITUDINE_SEZIONE":"45.94637","LONGITUDINE_SEZIONE":"8.19746","POS_X_SEZIONE":"437797.19870","POS_Y_SEZIONE":"5088401.52487","LATITUDINE_CENTRALE":"45.90999","LONGITUDINE_CENTRALE":"8.18910","POS_X_CENTRALE":"437108.30282","POS_Y_CENTRALE":"5084365.95436","TIPO_ADSL":"NO","DESCRIZIONE_TIPO_ADSL":"NO Adsl","DISTANZA_CALCOLATA":"4093.95","CLASSE_DISTANZA":"3700-4099","POTENZA_SEGNALE":"","POPOLAZIONE_SEZIONE": ""}
			},
		 		{ "type" : "Feature",
				"geometry" : {
					"type" : "Point",
					"coordinates" : [8.17473,45.90086]},
			"properties" : { "ANNO":"2010","ID_SEZIONE":"16351","ISTAT_COMUNE_SEZ":"2113","COMUNE_SEZ":"RIMELLA","PROVINCIA":"VC","ID_CENTRALE":"1095","NOME_CENTRALE":"RIMELLA","ISTAT_COMUNE_CENTR":"2113","COMUNE_CENTR":"RIMELLA","PROVINCIA_CENTR":"VC","INDIRIZZO_CENTRALE":"PALAZZO COMUNALE","LATITUDINE_SEZIONE":"45.90086","LONGITUDINE_SEZIONE":"8.17473","POS_X_SEZIONE":"435983.35883","POS_Y_SEZIONE":"5083363.56058","LATITUDINE_CENTRALE":"45.90999","LONGITUDINE_CENTRALE":"8.18910","POS_X_CENTRALE":"437108.30282","POS_Y_CENTRALE":"5084365.95436","TIPO_ADSL":"NO","DESCRIZIONE_TIPO_ADSL":"NO Adsl","DISTANZA_CALCOLATA":"1506.75","CLASSE_DISTANZA":"1300-1699","POTENZA_SEGNALE":"","POPOLAZIONE_SEZIONE": ""}
			},
		 		{ "type" : "Feature",
				"geometry" : {
					"type" : "Point",
					"coordinates" : [8.16861,45.91657]},
			"properties" : { "ANNO":"2010","ID_SEZIONE":"17247","ISTAT_COMUNE_SEZ":"2113","COMUNE_SEZ":"RIMELLA","PROVINCIA":"VC","ID_CENTRALE":"1095","NOME_CENTRALE":"RIMELLA","ISTAT_COMUNE_CENTR":"2113","COMUNE_CENTR":"RIMELLA","PROVINCIA_CENTR":"VC","INDIRIZZO_CENTRALE":"PALAZZO COMUNALE","LATITUDINE_SEZIONE":"45.91657","LONGITUDINE_SEZIONE":"8.16861","POS_X_SEZIONE":"435526.57905","POS_Y_SEZIONE":"5085114.02765","LATITUDINE_CENTRALE":"45.90999","LONGITUDINE_CENTRALE":"8.18910","POS_X_CENTRALE":"437108.30282","POS_Y_CENTRALE":"5084365.95436","TIPO_ADSL":"NO","DESCRIZIONE_TIPO_ADSL":"NO Adsl","DISTANZA_CALCOLATA":"1749.7","CLASSE_DISTANZA":"1700-2099","POTENZA_SEGNALE":"","POPOLAZIONE_SEZIONE": ""}
			},
		 		{ "type" : "Feature",
				"geometry" : {
					"type" : "Point",
					"coordinates" : [8.17159,45.92128]},
			"properties" : { "ANNO":"2010","ID_SEZIONE":"17487","ISTAT_COMUNE_SEZ":"2113","COMUNE_SEZ":"RIMELLA","PROVINCIA":"VC","ID_CENTRALE":"1095","NOME_CENTRALE":"RIMELLA","ISTAT_COMUNE_CENTR":"2113","COMUNE_CENTR":"RIMELLA","PROVINCIA_CENTR":"VC","INDIRIZZO_CENTRALE":"PALAZZO COMUNALE","LATITUDINE_SEZIONE":"45.92128","LONGITUDINE_SEZIONE":"8.17159","POS_X_SEZIONE":"435763.13431","POS_Y_SEZIONE":"5085635.02452","LATITUDINE_CENTRALE":"45.90999","LONGITUDINE_CENTRALE":"8.18910","POS_X_CENTRALE":"437108.30282","POS_Y_CENTRALE":"5084365.95436","TIPO_ADSL":"NO","DESCRIZIONE_TIPO_ADSL":"NO Adsl","DISTANZA_CALCOLATA":"1849.33","CLASSE_DISTANZA":"1700-2099","POTENZA_SEGNALE":"","POPOLAZIONE_SEZIONE": "2"}
			},
		 		{ "type" : "Feature",
				"geometry" : {
					"type" : "Point",
					"coordinates" : [8.18921,45.91517]},
			"properties" : { "ANNO":"2010","ID_SEZIONE":"18924","ISTAT_COMUNE_SEZ":"2113","COMUNE_SEZ":"RIMELLA","PROVINCIA":"VC","ID_CENTRALE":"1095","NOME_CENTRALE":"RIMELLA","ISTAT_COMUNE_CENTR":"2113","COMUNE_CENTR":"RIMELLA","PROVINCIA_CENTR":"VC","INDIRIZZO_CENTRALE":"PALAZZO COMUNALE","LATITUDINE_SEZIONE":"45.91517","LONGITUDINE_SEZIONE":"8.18921","POS_X_SEZIONE":"437122.48408","POS_Y_SEZIONE":"5084942.06016","LATITUDINE_CENTRALE":"45.90999","LONGITUDINE_CENTRALE":"8.18910","POS_X_CENTRALE":"437108.30282","POS_Y_CENTRALE":"5084365.95436","TIPO_ADSL":"NO","DESCRIZIONE_TIPO_ADSL":"NO Adsl","DISTANZA_CALCOLATA":"576.28","CLASSE_DISTANZA":"500-899","POTENZA_SEGNALE":"","POPOLAZIONE_SEZIONE": ""}
			},
		 		{ "type" : "Feature",
				"geometry" : {
					"type" : "Point",
					"coordinates" : [8.17432,45.92868]},
			"properties" : { "ANNO":"2010","ID_SEZIONE":"19325","ISTAT_COMUNE_SEZ":"2113","COMUNE_SEZ":"RIMELLA","PROVINCIA":"VC","ID_CENTRALE":"1095","NOME_CENTRALE":"RIMELLA","ISTAT_COMUNE_CENTR":"2113","COMUNE_CENTR":"RIMELLA","PROVINCIA_CENTR":"VC","INDIRIZZO_CENTRALE":"PALAZZO COMUNALE","LATITUDINE_SEZIONE":"45.92868","LONGITUDINE_SEZIONE":"8.17432","POS_X_SEZIONE":"435983.46788","POS_Y_SEZIONE":"5086454.51738","LATITUDINE_CENTRALE":"45.90999","LONGITUDINE_CENTRALE":"8.18910","POS_X_CENTRALE":"437108.30282","POS_Y_CENTRALE":"5084365.95436","TIPO_ADSL":"NO","DESCRIZIONE_TIPO_ADSL":"NO Adsl","DISTANZA_CALCOLATA":"2372.2","CLASSE_DISTANZA":"2100-2499","POTENZA_SEGNALE":"","POPOLAZIONE_SEZIONE": ""}
			},
		 		{ "type" : "Feature",
				"geometry" : {
					"type" : "Point",
					"coordinates" : [8.17733,45.91678]},
			"properties" : { "ANNO":"2010","ID_SEZIONE":"19668","ISTAT_COMUNE_SEZ":"2113","COMUNE_SEZ":"RIMELLA","PROVINCIA":"VC","ID_CENTRALE":"1095","NOME_CENTRALE":"RIMELLA","ISTAT_COMUNE_CENTR":"2113","COMUNE_CENTR":"RIMELLA","PROVINCIA_CENTR":"VC","INDIRIZZO_CENTRALE":"PALAZZO COMUNALE","LATITUDINE_SEZIONE":"45.91678","LONGITUDINE_SEZIONE":"8.17733","POS_X_SEZIONE":"436203.59563","POS_Y_SEZIONE":"5085130.03994","LATITUDINE_CENTRALE":"45.90999","LONGITUDINE_CENTRALE":"8.18910","POS_X_CENTRALE":"437108.30282","POS_Y_CENTRALE":"5084365.95436","TIPO_ADSL":"NO","DESCRIZIONE_TIPO_ADSL":"NO Adsl","DISTANZA_CALCOLATA":"1184.2","CLASSE_DISTANZA":"900-1299","POTENZA_SEGNALE":"","POPOLAZIONE_SEZIONE": "5"}
			},
		 		{ "type" : "Feature",
				"geometry" : {
					"type" : "Point",
					"coordinates" : [8.17638,45.91410]},
			"properties" : { "ANNO":"2010","ID_SEZIONE":"19669","ISTAT_COMUNE_SEZ":"2113","COMUNE_SEZ":"RIMELLA","PROVINCIA":"VC","ID_CENTRALE":"1095","NOME_CENTRALE":"RIMELLA","ISTAT_COMUNE_CENTR":"2113","COMUNE_CENTR":"RIMELLA","PROVINCIA_CENTR":"VC","INDIRIZZO_CENTRALE":"PALAZZO COMUNALE","LATITUDINE_SEZIONE":"45.91410","LONGITUDINE_SEZIONE":"8.17638","POS_X_SEZIONE":"436126.84888","POS_Y_SEZIONE":"5084833.54279","LATITUDINE_CENTRALE":"45.90999","LONGITUDINE_CENTRALE":"8.18910","POS_X_CENTRALE":"437108.30282","POS_Y_CENTRALE":"5084365.95436","TIPO_ADSL":"NO","DESCRIZIONE_TIPO_ADSL":"NO Adsl","DISTANZA_CALCOLATA":"1087.15","CLASSE_DISTANZA":"900-1299","POTENZA_SEGNALE":"","POPOLAZIONE_SEZIONE": "3"}
			},
		 		{ "type" : "Feature",
				"geometry" : {
					"type" : "Point",
					"coordinates" : [8.19350,45.90157]},
			"properties" : { "ANNO":"2010","ID_SEZIONE":"22444","ISTAT_COMUNE_SEZ":"2113","COMUNE_SEZ":"RIMELLA","PROVINCIA":"VC","ID_CENTRALE":"1095","NOME_CENTRALE":"RIMELLA","ISTAT_COMUNE_CENTR":"2113","COMUNE_CENTR":"RIMELLA","PROVINCIA_CENTR":"VC","INDIRIZZO_CENTRALE":"PALAZZO COMUNALE","LATITUDINE_SEZIONE":"45.90157","LONGITUDINE_SEZIONE":"8.19350","POS_X_SEZIONE":"437439.82833","POS_Y_SEZIONE":"5083427.08595","LATITUDINE_CENTRALE":"45.90999","LONGITUDINE_CENTRALE":"8.18910","POS_X_CENTRALE":"437108.30282","POS_Y_CENTRALE":"5084365.95436","TIPO_ADSL":"NO","DESCRIZIONE_TIPO_ADSL":"NO Adsl","DISTANZA_CALCOLATA":"995.68","CLASSE_DISTANZA":"900-1299","POTENZA_SEGNALE":"","POPOLAZIONE_SEZIONE": ""}
			},
		 		{ "type" : "Feature",
				"geometry" : {
					"type" : "Point",
					"coordinates" : [8.21523,45.91962]},
			"properties" : { "ANNO":"2010","ID_SEZIONE":"22726","ISTAT_COMUNE_SEZ":"2113","COMUNE_SEZ":"RIMELLA","PROVINCIA":"VC","ID_CENTRALE":"1095","NOME_CENTRALE":"RIMELLA","ISTAT_COMUNE_CENTR":"2113","COMUNE_CENTR":"RIMELLA","PROVINCIA_CENTR":"VC","INDIRIZZO_CENTRALE":"PALAZZO COMUNALE","LATITUDINE_SEZIONE":"45.91962","LONGITUDINE_SEZIONE":"8.21523","POS_X_SEZIONE":"439145.19281","POS_Y_SEZIONE":"5085415.59309","LATITUDINE_CENTRALE":"45.90999","LONGITUDINE_CENTRALE":"8.18910","POS_X_CENTRALE":"437108.30282","POS_Y_CENTRALE":"5084365.95436","TIPO_ADSL":"NO","DESCRIZIONE_TIPO_ADSL":"NO Adsl","DISTANZA_CALCOLATA":"2291.43","CLASSE_DISTANZA":"2100-2499","POTENZA_SEGNALE":"","POPOLAZIONE_SEZIONE": ""}
			},
		 		{ "type" : "Feature",
				"geometry" : {
					"type" : "Point",
					"coordinates" : [8.17195,45.93834]},
			"properties" : { "ANNO":"2010","ID_SEZIONE":"24525","ISTAT_COMUNE_SEZ":"2113","COMUNE_SEZ":"RIMELLA","PROVINCIA":"VC","ID_CENTRALE":"1095","NOME_CENTRALE":"RIMELLA","ISTAT_COMUNE_CENTR":"2113","COMUNE_CENTR":"RIMELLA","PROVINCIA_CENTR":"VC","INDIRIZZO_CENTRALE":"PALAZZO COMUNALE","LATITUDINE_SEZIONE":"45.93834","LONGITUDINE_SEZIONE":"8.17195","POS_X_SEZIONE":"435811.18449","POS_Y_SEZIONE":"5087529.99847","LATITUDINE_CENTRALE":"45.90999","LONGITUDINE_CENTRALE":"8.18910","POS_X_CENTRALE":"437108.30282","POS_Y_CENTRALE":"5084365.95436","TIPO_ADSL":"NO","DESCRIZIONE_TIPO_ADSL":"NO Adsl","DISTANZA_CALCOLATA":"3419.6","CLASSE_DISTANZA":"3300-3699","POTENZA_SEGNALE":"","POPOLAZIONE_SEZIONE": ""}
			},
		 		{ "type" : "Feature",
				"geometry" : {
					"type" : "Point",
					"coordinates" : [8.18709,45.90598]},
			"properties" : { "ANNO":"2010","ID_SEZIONE":"24527","ISTAT_COMUNE_SEZ":"2113","COMUNE_SEZ":"RIMELLA","PROVINCIA":"VC","ID_CENTRALE":"1095","NOME_CENTRALE":"RIMELLA","ISTAT_COMUNE_CENTR":"2113","COMUNE_CENTR":"RIMELLA","PROVINCIA_CENTR":"VC","INDIRIZZO_CENTRALE":"PALAZZO COMUNALE","LATITUDINE_SEZIONE":"45.90598","LONGITUDINE_SEZIONE":"8.18709","POS_X_SEZIONE":"436947.64888","POS_Y_SEZIONE":"5083922.57037","LATITUDINE_CENTRALE":"45.90999","LONGITUDINE_CENTRALE":"8.18910","POS_X_CENTRALE":"437108.30282","POS_Y_CENTRALE":"5084365.95436","TIPO_ADSL":"NO","DESCRIZIONE_TIPO_ADSL":"NO Adsl","DISTANZA_CALCOLATA":"471.59","CLASSE_DISTANZA":"100-499","POTENZA_SEGNALE":"","POPOLAZIONE_SEZIONE": "8"}
			},
		 		{ "type" : "Feature",
				"geometry" : {
					"type" : "Point",
					"coordinates" : [8.17445,45.91060]},
			"properties" : { "ANNO":"2010","ID_SEZIONE":"25471","ISTAT_COMUNE_SEZ":"2113","COMUNE_SEZ":"RIMELLA","PROVINCIA":"VC","ID_CENTRALE":"1095","NOME_CENTRALE":"RIMELLA","ISTAT_COMUNE_CENTR":"2113","COMUNE_CENTR":"RIMELLA","PROVINCIA_CENTR":"VC","INDIRIZZO_CENTRALE":"PALAZZO COMUNALE","LATITUDINE_SEZIONE":"45.91060","LONGITUDINE_SEZIONE":"8.17445","POS_X_SEZIONE":"435972.60375","POS_Y_SEZIONE":"5084445.54509","LATITUDINE_CENTRALE":"45.90999","LONGITUDINE_CENTRALE":"8.18910","POS_X_CENTRALE":"437108.30282","POS_Y_CENTRALE":"5084365.95436","TIPO_ADSL":"NO","DESCRIZIONE_TIPO_ADSL":"NO Adsl","DISTANZA_CALCOLATA":"1138.48","CLASSE_DISTANZA":"900-1299","POTENZA_SEGNALE":"","POPOLAZIONE_SEZIONE": "1"}
			},
		 		{ "type" : "Feature",
				"geometry" : {
					"type" : "Point",
					"coordinates" : [8.17859,45.90606]},
			"properties" : { "ANNO":"2010","ID_SEZIONE":"25704","ISTAT_COMUNE_SEZ":"2113","COMUNE_SEZ":"RIMELLA","PROVINCIA":"VC","ID_CENTRALE":"1095","NOME_CENTRALE":"RIMELLA","ISTAT_COMUNE_CENTR":"2113","COMUNE_CENTR":"RIMELLA","PROVINCIA_CENTR":"VC","INDIRIZZO_CENTRALE":"PALAZZO COMUNALE","LATITUDINE_SEZIONE":"45.90606","LONGITUDINE_SEZIONE":"8.17859","POS_X_SEZIONE":"436288.66289","POS_Y_SEZIONE":"5083938.55808","LATITUDINE_CENTRALE":"45.90999","LONGITUDINE_CENTRALE":"8.18910","POS_X_CENTRALE":"437108.30282","POS_Y_CENTRALE":"5084365.95436","TIPO_ADSL":"NO","DESCRIZIONE_TIPO_ADSL":"NO Adsl","DISTANZA_CALCOLATA":"924.38","CLASSE_DISTANZA":"900-1299","POTENZA_SEGNALE":"","POPOLAZIONE_SEZIONE": "22"}
			},
		 		{ "type" : "Feature",
				"geometry" : {
					"type" : "Point",
					"coordinates" : [8.20331,45.91108]},
			"properties" : { "ANNO":"2010","ID_SEZIONE":"29644","ISTAT_COMUNE_SEZ":"2113","COMUNE_SEZ":"RIMELLA","PROVINCIA":"VC","ID_CENTRALE":"1095","NOME_CENTRALE":"RIMELLA","ISTAT_COMUNE_CENTR":"2113","COMUNE_CENTR":"RIMELLA","PROVINCIA_CENTR":"VC","INDIRIZZO_CENTRALE":"PALAZZO COMUNALE","LATITUDINE_SEZIONE":"45.91108","LONGITUDINE_SEZIONE":"8.20331","POS_X_SEZIONE":"438211.74513","POS_Y_SEZIONE":"5084476.08691","LATITUDINE_CENTRALE":"45.90999","LONGITUDINE_CENTRALE":"8.18910","POS_X_CENTRALE":"437108.30282","POS_Y_CENTRALE":"5084365.95436","TIPO_ADSL":"NO","DESCRIZIONE_TIPO_ADSL":"NO Adsl","DISTANZA_CALCOLATA":"1108.92","CLASSE_DISTANZA":"900-1299","POTENZA_SEGNALE":"","POPOLAZIONE_SEZIONE": "17"}
			},
		 		{ "type" : "Feature",
				"geometry" : {
					"type" : "Point",
					"coordinates" : [8.19207,45.92956]},
			"properties" : { "ANNO":"2010","ID_SEZIONE":"31751","ISTAT_COMUNE_SEZ":"2113","COMUNE_SEZ":"RIMELLA","PROVINCIA":"VC","ID_CENTRALE":"1095","NOME_CENTRALE":"RIMELLA","ISTAT_COMUNE_CENTR":"2113","COMUNE_CENTR":"RIMELLA","PROVINCIA_CENTR":"VC","INDIRIZZO_CENTRALE":"PALAZZO COMUNALE","LATITUDINE_SEZIONE":"45.92956","LONGITUDINE_SEZIONE":"8.19207","POS_X_SEZIONE":"437360.81240","POS_Y_SEZIONE":"5086538.54272","LATITUDINE_CENTRALE":"45.90999","LONGITUDINE_CENTRALE":"8.18910","POS_X_CENTRALE":"437108.30282","POS_Y_CENTRALE":"5084365.95436","TIPO_ADSL":"NO","DESCRIZIONE_TIPO_ADSL":"NO Adsl","DISTANZA_CALCOLATA":"2187.21","CLASSE_DISTANZA":"2100-2499","POTENZA_SEGNALE":"","POPOLAZIONE_SEZIONE": ""}
			},
		 		{ "type" : "Feature",
				"geometry" : {
					"type" : "Point",
					"coordinates" : [8.18195,45.90800]},
			"properties" : { "ANNO":"2010","ID_SEZIONE":"32918","ISTAT_COMUNE_SEZ":"2113","COMUNE_SEZ":"RIMELLA","PROVINCIA":"VC","ID_CENTRALE":"1095","NOME_CENTRALE":"RIMELLA","ISTAT_COMUNE_CENTR":"2113","COMUNE_CENTR":"RIMELLA","PROVINCIA_CENTR":"VC","INDIRIZZO_CENTRALE":"PALAZZO COMUNALE","LATITUDINE_SEZIONE":"45.90800","LONGITUDINE_SEZIONE":"8.18195","POS_X_SEZIONE":"436551.75000","POS_Y_SEZIONE":"5084150.55987","LATITUDINE_CENTRALE":"45.90999","LONGITUDINE_CENTRALE":"8.18910","POS_X_CENTRALE":"437108.30282","POS_Y_CENTRALE":"5084365.95436","TIPO_ADSL":"NO","DESCRIZIONE_TIPO_ADSL":"NO Adsl","DISTANZA_CALCOLATA":"596.78","CLASSE_DISTANZA":"500-899","POTENZA_SEGNALE":"","POPOLAZIONE_SEZIONE": "15"}
			}
		 		]
	}
		