 	{ "type" : "FeatureCollection",
		"features" : [
		 		{ "type" : "Feature",
				"geometry" : {
					"type" : "Point",
					"coordinates" : [7.67161,45.04540]},
			"properties" : { "ANNO":"2010","ID_SEZIONE":"2489","ISTAT_COMUNE_SEZ":"1272","COMUNE_SEZ":"TORINO","PROVINCIA":"TO","ID_CENTRALE":"1494","NOME_CENTRALE":"TORINO SAVONERA","ISTAT_COMUNE_CENTR":"1292","COMUNE_CENTR":"VENARIA REALE","PROVINCIA_CENTR":"TO","INDIRIZZO_CENTRALE":"DRUENTO 27","LATITUDINE_SEZIONE":"45.04540","LONGITUDINE_SEZIONE":"7.67161","POS_X_SEZIONE":"395385.50253","POS_Y_SEZIONE":"4988851.58251","LATITUDINE_CENTRALE":"45.11307","LONGITUDINE_CENTRALE":"7.65686","POS_X_CENTRALE":"394348.36787","POS_Y_CENTRALE":"4996388.56383","TIPO_ADSL":"ADSL_2P","DESCRIZIONE_TIPO_ADSL":"ADSL 2+ (24 mega)","DISTANZA_CALCOLATA":"7608","CLASSE_DISTANZA":"6100 e oltre","POTENZA_SEGNALE":"0.00","POPOLAZIONE_SEZIONE": "248"}
			},
		 		{ "type" : "Feature",
				"geometry" : {
					"type" : "Point",
					"coordinates" : [7.63230,45.11510]},
			"properties" : { "ANNO":"2010","ID_SEZIONE":"2720","ISTAT_COMUNE_SEZ":"1292","COMUNE_SEZ":"VENARIA REALE","PROVINCIA":"TO","ID_CENTRALE":"1494","NOME_CENTRALE":"TORINO SAVONERA","ISTAT_COMUNE_CENTR":"1292","COMUNE_CENTR":"VENARIA REALE","PROVINCIA_CENTR":"TO","INDIRIZZO_CENTRALE":"DRUENTO 27","LATITUDINE_SEZIONE":"45.11510","LONGITUDINE_SEZIONE":"7.63230","POS_X_SEZIONE":"392419.99239","POS_Y_SEZIONE":"4996646.19730","LATITUDINE_CENTRALE":"45.11307","LONGITUDINE_CENTRALE":"7.65686","POS_X_CENTRALE":"394348.36787","POS_Y_CENTRALE":"4996388.56383","TIPO_ADSL":"ADSL_2P","DESCRIZIONE_TIPO_ADSL":"ADSL 2+ (24 mega)","DISTANZA_CALCOLATA":"1945.51","CLASSE_DISTANZA":"1700-2099","POTENZA_SEGNALE":"12975.83","POPOLAZIONE_SEZIONE": "9"}
			},
		 		{ "type" : "Feature",
				"geometry" : {
					"type" : "Point",
					"coordinates" : [7.65561,45.11822]},
			"properties" : { "ANNO":"2010","ID_SEZIONE":"3588","ISTAT_COMUNE_SEZ":"1272","COMUNE_SEZ":"TORINO","PROVINCIA":"TO","ID_CENTRALE":"1494","NOME_CENTRALE":"TORINO SAVONERA","ISTAT_COMUNE_CENTR":"1292","COMUNE_CENTR":"VENARIA REALE","PROVINCIA_CENTR":"TO","INDIRIZZO_CENTRALE":"DRUENTO 27","LATITUDINE_SEZIONE":"45.11822","LONGITUDINE_SEZIONE":"7.65561","POS_X_SEZIONE":"394259.42612","POS_Y_SEZIONE":"4996962.69727","LATITUDINE_CENTRALE":"45.11307","LONGITUDINE_CENTRALE":"7.65686","POS_X_CENTRALE":"394348.36787","POS_Y_CENTRALE":"4996388.56383","TIPO_ADSL":"ADSL_2P","DESCRIZIONE_TIPO_ADSL":"ADSL 2+ (24 mega)","DISTANZA_CALCOLATA":"580.98","CLASSE_DISTANZA":"500-899","POTENZA_SEGNALE":"19523.33","POPOLAZIONE_SEZIONE": "722"}
			},
		 		{ "type" : "Feature",
				"geometry" : {
					"type" : "Point",
					"coordinates" : [7.72530,45.13844]},
			"properties" : { "ANNO":"2010","ID_SEZIONE":"5833","ISTAT_COMUNE_SEZ":"1265","COMUNE_SEZ":"SETTIMO TORINESE","PROVINCIA":"TO","ID_CENTRALE":"1494","NOME_CENTRALE":"TORINO SAVONERA","ISTAT_COMUNE_CENTR":"1292","COMUNE_CENTR":"VENARIA REALE","PROVINCIA_CENTR":"TO","INDIRIZZO_CENTRALE":"DRUENTO 27","LATITUDINE_SEZIONE":"45.13844","LONGITUDINE_SEZIONE":"7.72530","POS_X_SEZIONE":"399776.14011","POS_Y_SEZIONE":"4999119.22898","LATITUDINE_CENTRALE":"45.11307","LONGITUDINE_CENTRALE":"7.65686","POS_X_CENTRALE":"394348.36787","POS_Y_CENTRALE":"4996388.56383","TIPO_ADSL":"ADSL_2P","DESCRIZIONE_TIPO_ADSL":"ADSL 2+ (24 mega)","DISTANZA_CALCOLATA":"6075.96","CLASSE_DISTANZA":"5700-6099","POTENZA_SEGNALE":"119.17","POPOLAZIONE_SEZIONE": "9"}
			},
		 		{ "type" : "Feature",
				"geometry" : {
					"type" : "Point",
					"coordinates" : [7.65343,45.11836]},
			"properties" : { "ANNO":"2010","ID_SEZIONE":"7952","ISTAT_COMUNE_SEZ":"1272","COMUNE_SEZ":"TORINO","PROVINCIA":"TO","ID_CENTRALE":"1494","NOME_CENTRALE":"TORINO SAVONERA","ISTAT_COMUNE_CENTR":"1292","COMUNE_CENTR":"VENARIA REALE","PROVINCIA_CENTR":"TO","INDIRIZZO_CENTRALE":"DRUENTO 27","LATITUDINE_SEZIONE":"45.11836","LONGITUDINE_SEZIONE":"7.65343","POS_X_SEZIONE":"394088.74119","POS_Y_SEZIONE":"4996980.19743","LATITUDINE_CENTRALE":"45.11307","LONGITUDINE_CENTRALE":"7.65686","POS_X_CENTRALE":"394348.36787","POS_Y_CENTRALE":"4996388.56383","TIPO_ADSL":"ADSL_2P","DESCRIZIONE_TIPO_ADSL":"ADSL 2+ (24 mega)","DISTANZA_CALCOLATA":"646.09","CLASSE_DISTANZA":"500-899","POTENZA_SEGNALE":"19523.33","POPOLAZIONE_SEZIONE": ""}
			},
		 		{ "type" : "Feature",
				"geometry" : {
					"type" : "Point",
					"coordinates" : [7.62193,45.11700]},
			"properties" : { "ANNO":"2010","ID_SEZIONE":"8344","ISTAT_COMUNE_SEZ":"1292","COMUNE_SEZ":"VENARIA REALE","PROVINCIA":"TO","ID_CENTRALE":"1494","NOME_CENTRALE":"TORINO SAVONERA","ISTAT_COMUNE_CENTR":"1292","COMUNE_CENTR":"VENARIA REALE","PROVINCIA_CENTR":"TO","INDIRIZZO_CENTRALE":"DRUENTO 27","LATITUDINE_SEZIONE":"45.11700","LONGITUDINE_SEZIONE":"7.62193","POS_X_SEZIONE":"391608.35258","POS_Y_SEZIONE":"4996871.20031","LATITUDINE_CENTRALE":"45.11307","LONGITUDINE_CENTRALE":"7.65686","POS_X_CENTRALE":"394348.36787","POS_Y_CENTRALE":"4996388.56383","TIPO_ADSL":"ADSL_2P","DESCRIZIONE_TIPO_ADSL":"ADSL 2+ (24 mega)","DISTANZA_CALCOLATA":"2782.2","CLASSE_DISTANZA":"2500-2899","POTENZA_SEGNALE":"7380.83","POPOLAZIONE_SEZIONE": "1009"}
			},
		 		{ "type" : "Feature",
				"geometry" : {
					"type" : "Point",
					"coordinates" : [7.65617,45.11542]},
			"properties" : { "ANNO":"2010","ID_SEZIONE":"8398","ISTAT_COMUNE_SEZ":"1272","COMUNE_SEZ":"TORINO","PROVINCIA":"TO","ID_CENTRALE":"1494","NOME_CENTRALE":"TORINO SAVONERA","ISTAT_COMUNE_CENTR":"1292","COMUNE_CENTR":"VENARIA REALE","PROVINCIA_CENTR":"TO","INDIRIZZO_CENTRALE":"DRUENTO 27","LATITUDINE_SEZIONE":"45.11542","LONGITUDINE_SEZIONE":"7.65617","POS_X_SEZIONE":"394298.58080","POS_Y_SEZIONE":"4996650.19397","LATITUDINE_CENTRALE":"45.11307","LONGITUDINE_CENTRALE":"7.65686","POS_X_CENTRALE":"394348.36787","POS_Y_CENTRALE":"4996388.56383","TIPO_ADSL":"ADSL_2P","DESCRIZIONE_TIPO_ADSL":"ADSL 2+ (24 mega)","DISTANZA_CALCOLATA":"266.33","CLASSE_DISTANZA":"100-499","POTENZA_SEGNALE":"19761.67","POPOLAZIONE_SEZIONE": "611"}
			},
		 		{ "type" : "Feature",
				"geometry" : {
					"type" : "Point",
					"coordinates" : [7.67627,45.13154]},
			"properties" : { "ANNO":"2010","ID_SEZIONE":"10408","ISTAT_COMUNE_SEZ":"1272","COMUNE_SEZ":"TORINO","PROVINCIA":"TO","ID_CENTRALE":"1494","NOME_CENTRALE":"TORINO SAVONERA","ISTAT_COMUNE_CENTR":"1292","COMUNE_CENTR":"VENARIA REALE","PROVINCIA_CENTR":"TO","INDIRIZZO_CENTRALE":"DRUENTO 27","LATITUDINE_SEZIONE":"45.13154","LONGITUDINE_SEZIONE":"7.67627","POS_X_SEZIONE":"395908.98977","POS_Y_SEZIONE":"4998415.20901","LATITUDINE_CENTRALE":"45.11307","LONGITUDINE_CENTRALE":"7.65686","POS_X_CENTRALE":"394348.36787","POS_Y_CENTRALE":"4996388.56383","TIPO_ADSL":"ADSL_2P","DESCRIZIONE_TIPO_ADSL":"ADSL 2+ (24 mega)","DISTANZA_CALCOLATA":"2557.9","CLASSE_DISTANZA":"2500-2899","POTENZA_SEGNALE":"7380.83","POPOLAZIONE_SEZIONE": ""}
			},
		 		{ "type" : "Feature",
				"geometry" : {
					"type" : "Point",
					"coordinates" : [7.65497,45.12013]},
			"properties" : { "ANNO":"2010","ID_SEZIONE":"10412","ISTAT_COMUNE_SEZ":"1272","COMUNE_SEZ":"TORINO","PROVINCIA":"TO","ID_CENTRALE":"1494","NOME_CENTRALE":"TORINO SAVONERA","ISTAT_COMUNE_CENTR":"1292","COMUNE_CENTR":"VENARIA REALE","PROVINCIA_CENTR":"TO","INDIRIZZO_CENTRALE":"DRUENTO 27","LATITUDINE_SEZIONE":"45.12013","LONGITUDINE_SEZIONE":"7.65497","POS_X_SEZIONE":"394212.67693","POS_Y_SEZIONE":"4997175.69951","LATITUDINE_CENTRALE":"45.11307","LONGITUDINE_CENTRALE":"7.65686","POS_X_CENTRALE":"394348.36787","POS_Y_CENTRALE":"4996388.56383","TIPO_ADSL":"ADSL_2P","DESCRIZIONE_TIPO_ADSL":"ADSL 2+ (24 mega)","DISTANZA_CALCOLATA":"798.75","CLASSE_DISTANZA":"500-899","POTENZA_SEGNALE":"19523.33","POPOLAZIONE_SEZIONE": ""}
			},
		 		{ "type" : "Feature",
				"geometry" : {
					"type" : "Point",
					"coordinates" : [7.65822,45.12095]},
			"properties" : { "ANNO":"2010","ID_SEZIONE":"10464","ISTAT_COMUNE_SEZ":"1272","COMUNE_SEZ":"TORINO","PROVINCIA":"TO","ID_CENTRALE":"1494","NOME_CENTRALE":"TORINO SAVONERA","ISTAT_COMUNE_CENTR":"1292","COMUNE_CENTR":"VENARIA REALE","PROVINCIA_CENTR":"TO","INDIRIZZO_CENTRALE":"DRUENTO 27","LATITUDINE_SEZIONE":"45.12095","LONGITUDINE_SEZIONE":"7.65822","POS_X_SEZIONE":"394470.04704","POS_Y_SEZIONE":"4997262.19986","LATITUDINE_CENTRALE":"45.11307","LONGITUDINE_CENTRALE":"7.65686","POS_X_CENTRALE":"394348.36787","POS_Y_CENTRALE":"4996388.56383","TIPO_ADSL":"ADSL_2P","DESCRIZIONE_TIPO_ADSL":"ADSL 2+ (24 mega)","DISTANZA_CALCOLATA":"882.07","CLASSE_DISTANZA":"500-899","POTENZA_SEGNALE":"19523.33","POPOLAZIONE_SEZIONE": ""}
			},
		 		{ "type" : "Feature",
				"geometry" : {
					"type" : "Point",
					"coordinates" : [7.65733,45.10645]},
			"properties" : { "ANNO":"2010","ID_SEZIONE":"10851","ISTAT_COMUNE_SEZ":"1272","COMUNE_SEZ":"TORINO","PROVINCIA":"TO","ID_CENTRALE":"1494","NOME_CENTRALE":"TORINO SAVONERA","ISTAT_COMUNE_CENTR":"1292","COMUNE_CENTR":"VENARIA REALE","PROVINCIA_CENTR":"TO","INDIRIZZO_CENTRALE":"DRUENTO 27","LATITUDINE_SEZIONE":"45.10645","LONGITUDINE_SEZIONE":"7.65733","POS_X_SEZIONE":"394373.10906","POS_Y_SEZIONE":"4995652.18462","LATITUDINE_CENTRALE":"45.11307","LONGITUDINE_CENTRALE":"7.65686","POS_X_CENTRALE":"394348.36787","POS_Y_CENTRALE":"4996388.56383","TIPO_ADSL":"ADSL_2P","DESCRIZIONE_TIPO_ADSL":"ADSL 2+ (24 mega)","DISTANZA_CALCOLATA":"736.79","CLASSE_DISTANZA":"500-899","POTENZA_SEGNALE":"19523.33","POPOLAZIONE_SEZIONE": "13"}
			},
		 		{ "type" : "Feature",
				"geometry" : {
					"type" : "Point",
					"coordinates" : [7.62399,45.11927]},
			"properties" : { "ANNO":"2010","ID_SEZIONE":"11220","ISTAT_COMUNE_SEZ":"1292","COMUNE_SEZ":"VENARIA REALE","PROVINCIA":"TO","ID_CENTRALE":"1494","NOME_CENTRALE":"TORINO SAVONERA","ISTAT_COMUNE_CENTR":"1292","COMUNE_CENTR":"VENARIA REALE","PROVINCIA_CENTR":"TO","INDIRIZZO_CENTRALE":"DRUENTO 27","LATITUDINE_SEZIONE":"45.11927","LONGITUDINE_SEZIONE":"7.62399","POS_X_SEZIONE":"391774.97427","POS_Y_SEZIONE":"4997121.20274","LATITUDINE_CENTRALE":"45.11307","LONGITUDINE_CENTRALE":"7.65686","POS_X_CENTRALE":"394348.36787","POS_Y_CENTRALE":"4996388.56383","TIPO_ADSL":"ADSL_2P","DESCRIZIONE_TIPO_ADSL":"ADSL 2+ (24 mega)","DISTANZA_CALCOLATA":"2675.65","CLASSE_DISTANZA":"2500-2899","POTENZA_SEGNALE":"7380.83","POPOLAZIONE_SEZIONE": "931"}
			},
		 		{ "type" : "Feature",
				"geometry" : {
					"type" : "Point",
					"coordinates" : [7.61362,45.10906]},
			"properties" : { "ANNO":"2010","ID_SEZIONE":"12056","ISTAT_COMUNE_SEZ":"1090","COMUNE_SEZ":"COLLEGNO","PROVINCIA":"TO","ID_CENTRALE":"1494","NOME_CENTRALE":"TORINO SAVONERA","ISTAT_COMUNE_CENTR":"1292","COMUNE_CENTR":"VENARIA REALE","PROVINCIA_CENTR":"TO","INDIRIZZO_CENTRALE":"DRUENTO 27","LATITUDINE_SEZIONE":"45.10906","LONGITUDINE_SEZIONE":"7.61362","POS_X_SEZIONE":"390939.33395","POS_Y_SEZIONE":"4996000.19358","LATITUDINE_CENTRALE":"45.11307","LONGITUDINE_CENTRALE":"7.65686","POS_X_CENTRALE":"394348.36787","POS_Y_CENTRALE":"4996388.56383","TIPO_ADSL":"ADSL_2P","DESCRIZIONE_TIPO_ADSL":"ADSL 2+ (24 mega)","DISTANZA_CALCOLATA":"3431.08","CLASSE_DISTANZA":"3300-3699","POTENZA_SEGNALE":"4047.5","POPOLAZIONE_SEZIONE": "40"}
			},
		 		{ "type" : "Feature",
				"geometry" : {
					"type" : "Point",
					"coordinates" : [7.66040,45.10795]},
			"properties" : { "ANNO":"2010","ID_SEZIONE":"12899","ISTAT_COMUNE_SEZ":"1272","COMUNE_SEZ":"TORINO","PROVINCIA":"TO","ID_CENTRALE":"1494","NOME_CENTRALE":"TORINO SAVONERA","ISTAT_COMUNE_CENTR":"1292","COMUNE_CENTR":"VENARIA REALE","PROVINCIA_CENTR":"TO","INDIRIZZO_CENTRALE":"DRUENTO 27","LATITUDINE_SEZIONE":"45.10795","LONGITUDINE_SEZIONE":"7.66040","POS_X_SEZIONE":"394617.13645","POS_Y_SEZIONE":"4995814.68574","LATITUDINE_CENTRALE":"45.11307","LONGITUDINE_CENTRALE":"7.65686","POS_X_CENTRALE":"394348.36787","POS_Y_CENTRALE":"4996388.56383","TIPO_ADSL":"ADSL_2P","DESCRIZIONE_TIPO_ADSL":"ADSL 2+ (24 mega)","DISTANZA_CALCOLATA":"633.70","CLASSE_DISTANZA":"500-899","POTENZA_SEGNALE":"19523.33","POPOLAZIONE_SEZIONE": "152"}
			},
		 		{ "type" : "Feature",
				"geometry" : {
					"type" : "Point",
					"coordinates" : [7.59352,45.11237]},
			"properties" : { "ANNO":"2010","ID_SEZIONE":"14547","ISTAT_COMUNE_SEZ":"1090","COMUNE_SEZ":"COLLEGNO","PROVINCIA":"TO","ID_CENTRALE":"1494","NOME_CENTRALE":"TORINO SAVONERA","ISTAT_COMUNE_CENTR":"1292","COMUNE_CENTR":"VENARIA REALE","PROVINCIA_CENTR":"TO","INDIRIZZO_CENTRALE":"DRUENTO 27","LATITUDINE_SEZIONE":"45.11237","LONGITUDINE_SEZIONE":"7.59352","POS_X_SEZIONE":"389364.77114","POS_Y_SEZIONE":"4996395.20005","LATITUDINE_CENTRALE":"45.11307","LONGITUDINE_CENTRALE":"7.65686","POS_X_CENTRALE":"394348.36787","POS_Y_CENTRALE":"4996388.56383","TIPO_ADSL":"ADSL_2P","DESCRIZIONE_TIPO_ADSL":"ADSL 2+ (24 mega)","DISTANZA_CALCOLATA":"4983.6","CLASSE_DISTANZA":"4900-5299","POTENZA_SEGNALE":"952.50","POPOLAZIONE_SEZIONE": "15"}
			},
		 		{ "type" : "Feature",
				"geometry" : {
					"type" : "Point",
					"coordinates" : [7.63735,45.11030]},
			"properties" : { "ANNO":"2010","ID_SEZIONE":"14995","ISTAT_COMUNE_SEZ":"1272","COMUNE_SEZ":"TORINO","PROVINCIA":"TO","ID_CENTRALE":"1494","NOME_CENTRALE":"TORINO SAVONERA","ISTAT_COMUNE_CENTR":"1292","COMUNE_CENTR":"VENARIA REALE","PROVINCIA_CENTR":"TO","INDIRIZZO_CENTRALE":"DRUENTO 27","LATITUDINE_SEZIONE":"45.11030","LONGITUDINE_SEZIONE":"7.63735","POS_X_SEZIONE":"392808.26554","POS_Y_SEZIONE":"4996106.19141","LATITUDINE_CENTRALE":"45.11307","LONGITUDINE_CENTRALE":"7.65686","POS_X_CENTRALE":"394348.36787","POS_Y_CENTRALE":"4996388.56383","TIPO_ADSL":"ADSL_2P","DESCRIZIONE_TIPO_ADSL":"ADSL 2+ (24 mega)","DISTANZA_CALCOLATA":"1565.77","CLASSE_DISTANZA":"1300-1699","POTENZA_SEGNALE":"16071.67","POPOLAZIONE_SEZIONE": ""}
			},
		 		{ "type" : "Feature",
				"geometry" : {
					"type" : "Point",
					"coordinates" : [7.58077,45.11120]},
			"properties" : { "ANNO":"2010","ID_SEZIONE":"16579","ISTAT_COMUNE_SEZ":"1189","COMUNE_SEZ":"PIANEZZA","PROVINCIA":"TO","ID_CENTRALE":"1494","NOME_CENTRALE":"TORINO SAVONERA","ISTAT_COMUNE_CENTR":"1292","COMUNE_CENTR":"VENARIA REALE","PROVINCIA_CENTR":"TO","INDIRIZZO_CENTRALE":"DRUENTO 27","LATITUDINE_SEZIONE":"45.11120","LONGITUDINE_SEZIONE":"7.58077","POS_X_SEZIONE":"388359.79040","POS_Y_SEZIONE":"4996283.20056","LATITUDINE_CENTRALE":"45.11307","LONGITUDINE_CENTRALE":"7.65686","POS_X_CENTRALE":"394348.36787","POS_Y_CENTRALE":"4996388.56383","TIPO_ADSL":"ADSL_2P","DESCRIZIONE_TIPO_ADSL":"ADSL 2+ (24 mega)","DISTANZA_CALCOLATA":"5989.5","CLASSE_DISTANZA":"5700-6099","POTENZA_SEGNALE":"119.17","POPOLAZIONE_SEZIONE": "28"}
			},
		 		{ "type" : "Feature",
				"geometry" : {
					"type" : "Point",
					"coordinates" : [7.61293,45.11466]},
			"properties" : { "ANNO":"2010","ID_SEZIONE":"17429","ISTAT_COMUNE_SEZ":"1090","COMUNE_SEZ":"COLLEGNO","PROVINCIA":"TO","ID_CENTRALE":"1494","NOME_CENTRALE":"TORINO SAVONERA","ISTAT_COMUNE_CENTR":"1292","COMUNE_CENTR":"VENARIA REALE","PROVINCIA_CENTR":"TO","INDIRIZZO_CENTRALE":"DRUENTO 27","LATITUDINE_SEZIONE":"45.11466","LONGITUDINE_SEZIONE":"7.61293","POS_X_SEZIONE":"390895.64704","POS_Y_SEZIONE":"4996623.19928","LATITUDINE_CENTRALE":"45.11307","LONGITUDINE_CENTRALE":"7.65686","POS_X_CENTRALE":"394348.36787","POS_Y_CENTRALE":"4996388.56383","TIPO_ADSL":"ADSL_2P","DESCRIZIONE_TIPO_ADSL":"ADSL 2+ (24 mega)","DISTANZA_CALCOLATA":"3460.68","CLASSE_DISTANZA":"3300-3699","POTENZA_SEGNALE":"4047.5","POPOLAZIONE_SEZIONE": "568"}
			},
		 		{ "type" : "Feature",
				"geometry" : {
					"type" : "Point",
					"coordinates" : [7.62196,45.11535]},
			"properties" : { "ANNO":"2010","ID_SEZIONE":"18272","ISTAT_COMUNE_SEZ":"1292","COMUNE_SEZ":"VENARIA REALE","PROVINCIA":"TO","ID_CENTRALE":"1494","NOME_CENTRALE":"TORINO SAVONERA","ISTAT_COMUNE_CENTR":"1292","COMUNE_CENTR":"VENARIA REALE","PROVINCIA_CENTR":"TO","INDIRIZZO_CENTRALE":"DRUENTO 27","LATITUDINE_SEZIONE":"45.11535","LONGITUDINE_SEZIONE":"7.62196","POS_X_SEZIONE":"391607.44634","POS_Y_SEZIONE":"4996687.69899","LATITUDINE_CENTRALE":"45.11307","LONGITUDINE_CENTRALE":"7.65686","POS_X_CENTRALE":"394348.36787","POS_Y_CENTRALE":"4996388.56383","TIPO_ADSL":"ADSL_2P","DESCRIZIONE_TIPO_ADSL":"ADSL 2+ (24 mega)","DISTANZA_CALCOLATA":"2757.2","CLASSE_DISTANZA":"2500-2899","POTENZA_SEGNALE":"7380.83","POPOLAZIONE_SEZIONE": "1166"}
			},
		 		{ "type" : "Feature",
				"geometry" : {
					"type" : "Point",
					"coordinates" : [7.66966,45.12140]},
			"properties" : { "ANNO":"2010","ID_SEZIONE":"20670","ISTAT_COMUNE_SEZ":"1272","COMUNE_SEZ":"TORINO","PROVINCIA":"TO","ID_CENTRALE":"1494","NOME_CENTRALE":"TORINO SAVONERA","ISTAT_COMUNE_CENTR":"1292","COMUNE_CENTR":"VENARIA REALE","PROVINCIA_CENTR":"TO","INDIRIZZO_CENTRALE":"DRUENTO 27","LATITUDINE_SEZIONE":"45.12140","LONGITUDINE_SEZIONE":"7.66966","POS_X_SEZIONE":"395370.40468","POS_Y_SEZIONE":"4997297.19864","LATITUDINE_CENTRALE":"45.11307","LONGITUDINE_CENTRALE":"7.65686","POS_X_CENTRALE":"394348.36787","POS_Y_CENTRALE":"4996388.56383","TIPO_ADSL":"ADSL_2P","DESCRIZIONE_TIPO_ADSL":"ADSL 2+ (24 mega)","DISTANZA_CALCOLATA":"1367.54","CLASSE_DISTANZA":"1300-1699","POTENZA_SEGNALE":"16071.67","POPOLAZIONE_SEZIONE": ""}
			},
		 		{ "type" : "Feature",
				"geometry" : {
					"type" : "Point",
					"coordinates" : [7.65400,45.12115]},
			"properties" : { "ANNO":"2010","ID_SEZIONE":"23953","ISTAT_COMUNE_SEZ":"1272","COMUNE_SEZ":"TORINO","PROVINCIA":"TO","ID_CENTRALE":"1494","NOME_CENTRALE":"TORINO SAVONERA","ISTAT_COMUNE_CENTR":"1292","COMUNE_CENTR":"VENARIA REALE","PROVINCIA_CENTR":"TO","INDIRIZZO_CENTRALE":"DRUENTO 27","LATITUDINE_SEZIONE":"45.12115","LONGITUDINE_SEZIONE":"7.65400","POS_X_SEZIONE":"394138.20960","POS_Y_SEZIONE":"4997290.20063","LATITUDINE_CENTRALE":"45.11307","LONGITUDINE_CENTRALE":"7.65686","POS_X_CENTRALE":"394348.36787","POS_Y_CENTRALE":"4996388.56383","TIPO_ADSL":"ADSL_2P","DESCRIZIONE_TIPO_ADSL":"ADSL 2+ (24 mega)","DISTANZA_CALCOLATA":"925.81","CLASSE_DISTANZA":"900-1299","POTENZA_SEGNALE":"17737.5","POPOLAZIONE_SEZIONE": "38"}
			},
		 		{ "type" : "Feature",
				"geometry" : {
					"type" : "Point",
					"coordinates" : [7.65634,45.12280]},
			"properties" : { "ANNO":"2010","ID_SEZIONE":"24148","ISTAT_COMUNE_SEZ":"1272","COMUNE_SEZ":"TORINO","PROVINCIA":"TO","ID_CENTRALE":"1494","NOME_CENTRALE":"TORINO SAVONERA","ISTAT_COMUNE_CENTR":"1292","COMUNE_CENTR":"VENARIA REALE","PROVINCIA_CENTR":"TO","INDIRIZZO_CENTRALE":"DRUENTO 27","LATITUDINE_SEZIONE":"45.12280","LONGITUDINE_SEZIONE":"7.65634","POS_X_SEZIONE":"394325.30004","POS_Y_SEZIONE":"4997470.70213","LATITUDINE_CENTRALE":"45.11307","LONGITUDINE_CENTRALE":"7.65686","POS_X_CENTRALE":"394348.36787","POS_Y_CENTRALE":"4996388.56383","TIPO_ADSL":"ADSL_2P","DESCRIZIONE_TIPO_ADSL":"ADSL 2+ (24 mega)","DISTANZA_CALCOLATA":"1082.38","CLASSE_DISTANZA":"900-1299","POTENZA_SEGNALE":"17737.5","POPOLAZIONE_SEZIONE": ""}
			},
		 		{ "type" : "Feature",
				"geometry" : {
					"type" : "Point",
					"coordinates" : [7.61734,45.11388]},
			"properties" : { "ANNO":"2010","ID_SEZIONE":"25652","ISTAT_COMUNE_SEZ":"1090","COMUNE_SEZ":"COLLEGNO","PROVINCIA":"TO","ID_CENTRALE":"1494","NOME_CENTRALE":"TORINO SAVONERA","ISTAT_COMUNE_CENTR":"1292","COMUNE_CENTR":"VENARIA REALE","PROVINCIA_CENTR":"TO","INDIRIZZO_CENTRALE":"DRUENTO 27","LATITUDINE_SEZIONE":"45.11388","LONGITUDINE_SEZIONE":"7.61734","POS_X_SEZIONE":"391241.04634","POS_Y_SEZIONE":"4996531.19800","LATITUDINE_CENTRALE":"45.11307","LONGITUDINE_CENTRALE":"7.65686","POS_X_CENTRALE":"394348.36787","POS_Y_CENTRALE":"4996388.56383","TIPO_ADSL":"ADSL_2P","DESCRIZIONE_TIPO_ADSL":"ADSL 2+ (24 mega)","DISTANZA_CALCOLATA":"3110.59","CLASSE_DISTANZA":"2900-3299","POTENZA_SEGNALE":"5238.33","POPOLAZIONE_SEZIONE": "1121"}
			},
		 		{ "type" : "Feature",
				"geometry" : {
					"type" : "Point",
					"coordinates" : [7.65532,45.11336]},
			"properties" : { "ANNO":"2010","ID_SEZIONE":"26976","ISTAT_COMUNE_SEZ":"1272","COMUNE_SEZ":"TORINO","PROVINCIA":"TO","ID_CENTRALE":"1494","NOME_CENTRALE":"TORINO SAVONERA","ISTAT_COMUNE_CENTR":"1292","COMUNE_CENTR":"VENARIA REALE","PROVINCIA_CENTR":"TO","INDIRIZZO_CENTRALE":"DRUENTO 27","LATITUDINE_SEZIONE":"45.11336","LONGITUDINE_SEZIONE":"7.65532","POS_X_SEZIONE":"394227.67597","POS_Y_SEZIONE":"4996422.69189","LATITUDINE_CENTRALE":"45.11307","LONGITUDINE_CENTRALE":"7.65686","POS_X_CENTRALE":"394348.36787","POS_Y_CENTRALE":"4996388.56383","TIPO_ADSL":"ADSL_2P","DESCRIZIONE_TIPO_ADSL":"ADSL 2+ (24 mega)","DISTANZA_CALCOLATA":"125.42","CLASSE_DISTANZA":"100-499","POTENZA_SEGNALE":"19761.67","POPOLAZIONE_SEZIONE": "202"}
			},
		 		{ "type" : "Feature",
				"geometry" : {
					"type" : "Point",
					"coordinates" : [7.65530,45.11951]},
			"properties" : { "ANNO":"2010","ID_SEZIONE":"28601","ISTAT_COMUNE_SEZ":"1272","COMUNE_SEZ":"TORINO","PROVINCIA":"TO","ID_CENTRALE":"1494","NOME_CENTRALE":"TORINO SAVONERA","ISTAT_COMUNE_CENTR":"1292","COMUNE_CENTR":"VENARIA REALE","PROVINCIA_CENTR":"TO","INDIRIZZO_CENTRALE":"DRUENTO 27","LATITUDINE_SEZIONE":"45.11951","LONGITUDINE_SEZIONE":"7.65530","POS_X_SEZIONE":"394237.70759","POS_Y_SEZIONE":"4997105.69835","LATITUDINE_CENTRALE":"45.11307","LONGITUDINE_CENTRALE":"7.65686","POS_X_CENTRALE":"394348.36787","POS_Y_CENTRALE":"4996388.56383","TIPO_ADSL":"ADSL_2P","DESCRIZIONE_TIPO_ADSL":"ADSL 2+ (24 mega)","DISTANZA_CALCOLATA":"725.62","CLASSE_DISTANZA":"500-899","POTENZA_SEGNALE":"19523.33","POPOLAZIONE_SEZIONE": "60"}
			},
		 		{ "type" : "Feature",
				"geometry" : {
					"type" : "Point",
					"coordinates" : [7.66312,45.11996]},
			"properties" : { "ANNO":"2010","ID_SEZIONE":"30469","ISTAT_COMUNE_SEZ":"1272","COMUNE_SEZ":"TORINO","PROVINCIA":"TO","ID_CENTRALE":"1494","NOME_CENTRALE":"TORINO SAVONERA","ISTAT_COMUNE_CENTR":"1292","COMUNE_CENTR":"VENARIA REALE","PROVINCIA_CENTR":"TO","INDIRIZZO_CENTRALE":"DRUENTO 27","LATITUDINE_SEZIONE":"45.11996","LONGITUDINE_SEZIONE":"7.66312","POS_X_SEZIONE":"394853.88372","POS_Y_SEZIONE":"4997146.19807","LATITUDINE_CENTRALE":"45.11307","LONGITUDINE_CENTRALE":"7.65686","POS_X_CENTRALE":"394348.36787","POS_Y_CENTRALE":"4996388.56383","TIPO_ADSL":"ADSL_2P","DESCRIZIONE_TIPO_ADSL":"ADSL 2+ (24 mega)","DISTANZA_CALCOLATA":"910.80","CLASSE_DISTANZA":"900-1299","POTENZA_SEGNALE":"17737.5","POPOLAZIONE_SEZIONE": ""}
			},
		 		{ "type" : "Feature",
				"geometry" : {
					"type" : "Point",
					"coordinates" : [7.65355,45.12270]},
			"properties" : { "ANNO":"2010","ID_SEZIONE":"31627","ISTAT_COMUNE_SEZ":"1272","COMUNE_SEZ":"TORINO","PROVINCIA":"TO","ID_CENTRALE":"1494","NOME_CENTRALE":"TORINO SAVONERA","ISTAT_COMUNE_CENTR":"1292","COMUNE_CENTR":"VENARIA REALE","PROVINCIA_CENTR":"TO","INDIRIZZO_CENTRALE":"DRUENTO 27","LATITUDINE_SEZIONE":"45.12270","LONGITUDINE_SEZIONE":"7.65355","POS_X_SEZIONE":"394105.71040","POS_Y_SEZIONE":"4997462.20191","LATITUDINE_CENTRALE":"45.11307","LONGITUDINE_CENTRALE":"7.65686","POS_X_CENTRALE":"394348.36787","POS_Y_CENTRALE":"4996388.56383","TIPO_ADSL":"ADSL_2P","DESCRIZIONE_TIPO_ADSL":"ADSL 2+ (24 mega)","DISTANZA_CALCOLATA":"1100.72","CLASSE_DISTANZA":"900-1299","POTENZA_SEGNALE":"17737.5","POPOLAZIONE_SEZIONE": "35"}
			},
		 		{ "type" : "Feature",
				"geometry" : {
					"type" : "Point",
					"coordinates" : [7.65363,45.11769]},
			"properties" : { "ANNO":"2010","ID_SEZIONE":"32771","ISTAT_COMUNE_SEZ":"1272","COMUNE_SEZ":"TORINO","PROVINCIA":"TO","ID_CENTRALE":"1494","NOME_CENTRALE":"TORINO SAVONERA","ISTAT_COMUNE_CENTR":"1292","COMUNE_CENTR":"VENARIA REALE","PROVINCIA_CENTR":"TO","INDIRIZZO_CENTRALE":"DRUENTO 27","LATITUDINE_SEZIONE":"45.11769","LONGITUDINE_SEZIONE":"7.65363","POS_X_SEZIONE":"394102.67885","POS_Y_SEZIONE":"4996906.19704","LATITUDINE_CENTRALE":"45.11307","LONGITUDINE_CENTRALE":"7.65686","POS_X_CENTRALE":"394348.36787","POS_Y_CENTRALE":"4996388.56383","TIPO_ADSL":"ADSL_2P","DESCRIZIONE_TIPO_ADSL":"ADSL 2+ (24 mega)","DISTANZA_CALCOLATA":"572.98","CLASSE_DISTANZA":"500-899","POTENZA_SEGNALE":"19523.33","POPOLAZIONE_SEZIONE": "1"}
			}
		 		]
	}
		