 	{ "type" : "FeatureCollection",
		"features" : [
		 		{ "type" : "Feature",
				"geometry" : {
					"type" : "Point",
					"coordinates" : [8.31174,46.09668]},
			"properties" : { "ANNO":"2010","ID_SEZIONE":"13581","ISTAT_COMUNE_SEZ":"103068","COMUNE_SEZ":"TRONTANO","PROVINCIA":"VB","ID_CENTRALE":"151","NOME_CENTRALE":"BEURA","ISTAT_COMUNE_CENTR":"103011","COMUNE_CENTR":"BEURA-CARDEZZA","PROVINCIA_CENTR":"VB","INDIRIZZO_CENTRALE":"PIAZZA MATTEOTTI 4","LATITUDINE_SEZIONE":"46.09668","LONGITUDINE_SEZIONE":"8.31174","POS_X_SEZIONE":"446799.13305","POS_Y_SEZIONE":"5105020.05212","LATITUDINE_CENTRALE":"46.07883","LONGITUDINE_CENTRALE":"8.29945","POS_X_CENTRALE":"445832.14794","POS_Y_CENTRALE":"5103044.96724","TIPO_ADSL":"ADSL_1","DESCRIZIONE_TIPO_ADSL":"ADSL (8 mega)","DISTANZA_CALCOLATA":"2199.1","CLASSE_DISTANZA":"2100-2499","POTENZA_SEGNALE":"6500.38","POPOLAZIONE_SEZIONE": "152"}
			},
		 		{ "type" : "Feature",
				"geometry" : {
					"type" : "Point",
					"coordinates" : [8.36655,46.04809]},
			"properties" : { "ANNO":"2010","ID_SEZIONE":"14094","ISTAT_COMUNE_SEZ":"103011","COMUNE_SEZ":"BEURA-CARDEZZA","PROVINCIA":"VB","ID_CENTRALE":"151","NOME_CENTRALE":"BEURA","ISTAT_COMUNE_CENTR":"103011","COMUNE_CENTR":"BEURA-CARDEZZA","PROVINCIA_CENTR":"VB","INDIRIZZO_CENTRALE":"PIAZZA MATTEOTTI 4","LATITUDINE_SEZIONE":"46.04809","LONGITUDINE_SEZIONE":"8.36655","POS_X_SEZIONE":"450993.39302","POS_Y_SEZIONE":"5099585.57762","LATITUDINE_CENTRALE":"46.07883","LONGITUDINE_CENTRALE":"8.29945","POS_X_CENTRALE":"445832.14794","POS_Y_CENTRALE":"5103044.96724","TIPO_ADSL":"ADSL_1","DESCRIZIONE_TIPO_ADSL":"ADSL (8 mega)","DISTANZA_CALCOLATA":"6213.36","CLASSE_DISTANZA":"6100 e oltre","POTENZA_SEGNALE":"0.00","POPOLAZIONE_SEZIONE": ""}
			},
		 		{ "type" : "Feature",
				"geometry" : {
					"type" : "Point",
					"coordinates" : [8.29885,46.04431]},
			"properties" : { "ANNO":"2010","ID_SEZIONE":"14095","ISTAT_COMUNE_SEZ":"103011","COMUNE_SEZ":"BEURA-CARDEZZA","PROVINCIA":"VB","ID_CENTRALE":"151","NOME_CENTRALE":"BEURA","ISTAT_COMUNE_CENTR":"103011","COMUNE_CENTR":"BEURA-CARDEZZA","PROVINCIA_CENTR":"VB","INDIRIZZO_CENTRALE":"PIAZZA MATTEOTTI 4","LATITUDINE_SEZIONE":"46.04431","LONGITUDINE_SEZIONE":"8.29885","POS_X_SEZIONE":"445751.65068","POS_Y_SEZIONE":"5099209.06050","LATITUDINE_CENTRALE":"46.07883","LONGITUDINE_CENTRALE":"8.29945","POS_X_CENTRALE":"445832.14794","POS_Y_CENTRALE":"5103044.96724","TIPO_ADSL":"ADSL_1","DESCRIZIONE_TIPO_ADSL":"ADSL (8 mega)","DISTANZA_CALCOLATA":"3836.75","CLASSE_DISTANZA":"3700-4099","POTENZA_SEGNALE":"3000.38","POPOLAZIONE_SEZIONE": ""}
			},
		 		{ "type" : "Feature",
				"geometry" : {
					"type" : "Point",
					"coordinates" : [8.31289,46.08115]},
			"properties" : { "ANNO":"2010","ID_SEZIONE":"14966","ISTAT_COMUNE_SEZ":"103011","COMUNE_SEZ":"BEURA-CARDEZZA","PROVINCIA":"VB","ID_CENTRALE":"151","NOME_CENTRALE":"BEURA","ISTAT_COMUNE_CENTR":"103011","COMUNE_CENTR":"BEURA-CARDEZZA","PROVINCIA_CENTR":"VB","INDIRIZZO_CENTRALE":"PIAZZA MATTEOTTI 4","LATITUDINE_SEZIONE":"46.08115","LONGITUDINE_SEZIONE":"8.31289","POS_X_SEZIONE":"446873.47954","POS_Y_SEZIONE":"5103293.05052","LATITUDINE_CENTRALE":"46.07883","LONGITUDINE_CENTRALE":"8.29945","POS_X_CENTRALE":"445832.14794","POS_Y_CENTRALE":"5103044.96724","TIPO_ADSL":"ADSL_1","DESCRIZIONE_TIPO_ADSL":"ADSL (8 mega)","DISTANZA_CALCOLATA":"1070.48","CLASSE_DISTANZA":"900-1299","POTENZA_SEGNALE":"7000","POPOLAZIONE_SEZIONE": ""}
			},
		 		{ "type" : "Feature",
				"geometry" : {
					"type" : "Point",
					"coordinates" : [8.32787,46.06472]},
			"properties" : { "ANNO":"2010","ID_SEZIONE":"16156","ISTAT_COMUNE_SEZ":"103011","COMUNE_SEZ":"BEURA-CARDEZZA","PROVINCIA":"VB","ID_CENTRALE":"151","NOME_CENTRALE":"BEURA","ISTAT_COMUNE_CENTR":"103011","COMUNE_CENTR":"BEURA-CARDEZZA","PROVINCIA_CENTR":"VB","INDIRIZZO_CENTRALE":"PIAZZA MATTEOTTI 4","LATITUDINE_SEZIONE":"46.06472","LONGITUDINE_SEZIONE":"8.32787","POS_X_SEZIONE":"448016.32191","POS_Y_SEZIONE":"5101458.08347","LATITUDINE_CENTRALE":"46.07883","LONGITUDINE_CENTRALE":"8.29945","POS_X_CENTRALE":"445832.14794","POS_Y_CENTRALE":"5103044.96724","TIPO_ADSL":"ADSL_1","DESCRIZIONE_TIPO_ADSL":"ADSL (8 mega)","DISTANZA_CALCOLATA":"2699.78","CLASSE_DISTANZA":"2500-2899","POTENZA_SEGNALE":"5749.63","POPOLAZIONE_SEZIONE": ""}
			},
		 		{ "type" : "Feature",
				"geometry" : {
					"type" : "Point",
					"coordinates" : [8.31703,46.05275]},
			"properties" : { "ANNO":"2010","ID_SEZIONE":"17256","ISTAT_COMUNE_SEZ":"103011","COMUNE_SEZ":"BEURA-CARDEZZA","PROVINCIA":"VB","ID_CENTRALE":"151","NOME_CENTRALE":"BEURA","ISTAT_COMUNE_CENTR":"103011","COMUNE_CENTR":"BEURA-CARDEZZA","PROVINCIA_CENTR":"VB","INDIRIZZO_CENTRALE":"PIAZZA MATTEOTTI 4","LATITUDINE_SEZIONE":"46.05275","LONGITUDINE_SEZIONE":"8.31703","POS_X_SEZIONE":"447166.38962","POS_Y_SEZIONE":"5100134.57986","LATITUDINE_CENTRALE":"46.07883","LONGITUDINE_CENTRALE":"8.29945","POS_X_CENTRALE":"445832.14794","POS_Y_CENTRALE":"5103044.96724","TIPO_ADSL":"ADSL_1","DESCRIZIONE_TIPO_ADSL":"ADSL (8 mega)","DISTANZA_CALCOLATA":"3201.65","CLASSE_DISTANZA":"2900-3299","POTENZA_SEGNALE":"4999.75","POPOLAZIONE_SEZIONE": ""}
			},
		 		{ "type" : "Feature",
				"geometry" : {
					"type" : "Point",
					"coordinates" : [8.33993,46.04667]},
			"properties" : { "ANNO":"2010","ID_SEZIONE":"19729","ISTAT_COMUNE_SEZ":"103011","COMUNE_SEZ":"BEURA-CARDEZZA","PROVINCIA":"VB","ID_CENTRALE":"151","NOME_CENTRALE":"BEURA","ISTAT_COMUNE_CENTR":"103011","COMUNE_CENTR":"BEURA-CARDEZZA","PROVINCIA_CENTR":"VB","INDIRIZZO_CENTRALE":"PIAZZA MATTEOTTI 4","LATITUDINE_SEZIONE":"46.04667","LONGITUDINE_SEZIONE":"8.33993","POS_X_SEZIONE":"448932.01292","POS_Y_SEZIONE":"5099445.09198","LATITUDINE_CENTRALE":"46.07883","LONGITUDINE_CENTRALE":"8.29945","POS_X_CENTRALE":"445832.14794","POS_Y_CENTRALE":"5103044.96724","TIPO_ADSL":"ADSL_1","DESCRIZIONE_TIPO_ADSL":"ADSL (8 mega)","DISTANZA_CALCOLATA":"4750.61","CLASSE_DISTANZA":"4500-4899","POTENZA_SEGNALE":"1470","POPOLAZIONE_SEZIONE": ""}
			},
		 		{ "type" : "Feature",
				"geometry" : {
					"type" : "Point",
					"coordinates" : [8.29204,46.06126]},
			"properties" : { "ANNO":"2010","ID_SEZIONE":"24913","ISTAT_COMUNE_SEZ":"103011","COMUNE_SEZ":"BEURA-CARDEZZA","PROVINCIA":"VB","ID_CENTRALE":"151","NOME_CENTRALE":"BEURA","ISTAT_COMUNE_CENTR":"103011","COMUNE_CENTR":"BEURA-CARDEZZA","PROVINCIA_CENTR":"VB","INDIRIZZO_CENTRALE":"PIAZZA MATTEOTTI 4","LATITUDINE_SEZIONE":"46.06126","LONGITUDINE_SEZIONE":"8.29204","POS_X_SEZIONE":"445241.93010","POS_Y_SEZIONE":"5101097.03746","LATITUDINE_CENTRALE":"46.07883","LONGITUDINE_CENTRALE":"8.29945","POS_X_CENTRALE":"445832.14794","POS_Y_CENTRALE":"5103044.96724","TIPO_ADSL":"ADSL_1","DESCRIZIONE_TIPO_ADSL":"ADSL (8 mega)","DISTANZA_CALCOLATA":"2035.38","CLASSE_DISTANZA":"1700-2099","POTENZA_SEGNALE":"6874.88","POPOLAZIONE_SEZIONE": "206"}
			},
		 		{ "type" : "Feature",
				"geometry" : {
					"type" : "Point",
					"coordinates" : [8.29860,46.07957]},
			"properties" : { "ANNO":"2010","ID_SEZIONE":"26149","ISTAT_COMUNE_SEZ":"103011","COMUNE_SEZ":"BEURA-CARDEZZA","PROVINCIA":"VB","ID_CENTRALE":"151","NOME_CENTRALE":"BEURA","ISTAT_COMUNE_CENTR":"103011","COMUNE_CENTR":"BEURA-CARDEZZA","PROVINCIA_CENTR":"VB","INDIRIZZO_CENTRALE":"PIAZZA MATTEOTTI 4","LATITUDINE_SEZIONE":"46.07957","LONGITUDINE_SEZIONE":"8.29860","POS_X_SEZIONE":"445766.63948","POS_Y_SEZIONE":"5103127.53269","LATITUDINE_CENTRALE":"46.07883","LONGITUDINE_CENTRALE":"8.29945","POS_X_CENTRALE":"445832.14794","POS_Y_CENTRALE":"5103044.96724","TIPO_ADSL":"ADSL_1","DESCRIZIONE_TIPO_ADSL":"ADSL (8 mega)","DISTANZA_CALCOLATA":"105.40","CLASSE_DISTANZA":"100-499","POTENZA_SEGNALE":"7000","POPOLAZIONE_SEZIONE": "672"}
			}
		 		]
	}
		