 	{ "type" : "FeatureCollection",
		"features" : [
		 		{ "type" : "Feature",
				"geometry" : {
					"type" : "Point",
					"coordinates" : [8.44831,45.48483]},
			"properties" : { "ANNO":"2010","ID_SEZIONE":"2152","ISTAT_COMUNE_SEZ":"3159","COMUNE_SEZ":"VICOLUNGO","PROVINCIA":"NO","ID_CENTRALE":"1609","NOME_CENTRALE":"VICOLUNGO 3","ISTAT_COMUNE_CENTR":"3159","COMUNE_CENTR":"VICOLUNGO","PROVINCIA_CENTR":"NO","INDIRIZZO_CENTRALE":"VIA QUATTRO NOVEMBRE->51","LATITUDINE_SEZIONE":"45.48483","LONGITUDINE_SEZIONE":"8.44831","POS_X_SEZIONE":"456886.75059","POS_Y_SEZIONE":"5036958.76361","LATITUDINE_CENTRALE":"45.47847","LONGITUDINE_CENTRALE":"8.46251","POS_X_CENTRALE":"457991.79254","POS_Y_CENTRALE":"5036245.40970","TIPO_ADSL":"ADSL_1","DESCRIZIONE_TIPO_ADSL":"ADSL (8 mega)","DISTANZA_CALCOLATA":"1315.29","CLASSE_DISTANZA":"1300-1699","POTENZA_SEGNALE":"7000","POPOLAZIONE_SEZIONE": "4"}
			},
		 		{ "type" : "Feature",
				"geometry" : {
					"type" : "Point",
					"coordinates" : [8.47435,45.47462]},
			"properties" : { "ANNO":"2010","ID_SEZIONE":"4314","ISTAT_COMUNE_SEZ":"3159","COMUNE_SEZ":"VICOLUNGO","PROVINCIA":"NO","ID_CENTRALE":"1609","NOME_CENTRALE":"VICOLUNGO 3","ISTAT_COMUNE_CENTR":"3159","COMUNE_CENTR":"VICOLUNGO","PROVINCIA_CENTR":"NO","INDIRIZZO_CENTRALE":"VIA QUATTRO NOVEMBRE->51","LATITUDINE_SEZIONE":"45.47462","LONGITUDINE_SEZIONE":"8.47435","POS_X_SEZIONE":"458914.55373","POS_Y_SEZIONE":"5035811.27945","LATITUDINE_CENTRALE":"45.47847","LONGITUDINE_CENTRALE":"8.46251","POS_X_CENTRALE":"457991.79254","POS_Y_CENTRALE":"5036245.40970","TIPO_ADSL":"ADSL_1","DESCRIZIONE_TIPO_ADSL":"ADSL (8 mega)","DISTANZA_CALCOLATA":"1019.78","CLASSE_DISTANZA":"900-1299","POTENZA_SEGNALE":"7000","POPOLAZIONE_SEZIONE": ""}
			},
		 		{ "type" : "Feature",
				"geometry" : {
					"type" : "Point",
					"coordinates" : [8.46155,45.48016]},
			"properties" : { "ANNO":"2010","ID_SEZIONE":"5501","ISTAT_COMUNE_SEZ":"3159","COMUNE_SEZ":"VICOLUNGO","PROVINCIA":"NO","ID_CENTRALE":"1609","NOME_CENTRALE":"VICOLUNGO 3","ISTAT_COMUNE_CENTR":"3159","COMUNE_CENTR":"VICOLUNGO","PROVINCIA_CENTR":"NO","INDIRIZZO_CENTRALE":"VIA QUATTRO NOVEMBRE->51","LATITUDINE_SEZIONE":"45.48016","LONGITUDINE_SEZIONE":"8.46155","POS_X_SEZIONE":"457917.85613","POS_Y_SEZIONE":"5036433.77161","LATITUDINE_CENTRALE":"45.47847","LONGITUDINE_CENTRALE":"8.46251","POS_X_CENTRALE":"457991.79254","POS_Y_CENTRALE":"5036245.40970","TIPO_ADSL":"ADSL_1","DESCRIZIONE_TIPO_ADSL":"ADSL (8 mega)","DISTANZA_CALCOLATA":"202.35","CLASSE_DISTANZA":"100-499","POTENZA_SEGNALE":"7000","POPOLAZIONE_SEZIONE": "357"}
			},
		 		{ "type" : "Feature",
				"geometry" : {
					"type" : "Point",
					"coordinates" : [8.42323,45.47641]},
			"properties" : { "ANNO":"2010","ID_SEZIONE":"13264","ISTAT_COMUNE_SEZ":"3159","COMUNE_SEZ":"VICOLUNGO","PROVINCIA":"NO","ID_CENTRALE":"1609","NOME_CENTRALE":"VICOLUNGO 3","ISTAT_COMUNE_CENTR":"3159","COMUNE_CENTR":"VICOLUNGO","PROVINCIA_CENTR":"NO","INDIRIZZO_CENTRALE":"VIA QUATTRO NOVEMBRE->51","LATITUDINE_SEZIONE":"45.47641","LONGITUDINE_SEZIONE":"8.42323","POS_X_SEZIONE":"454920.01984","POS_Y_SEZIONE":"5036037.24962","LATITUDINE_CENTRALE":"45.47847","LONGITUDINE_CENTRALE":"8.46251","POS_X_CENTRALE":"457991.79254","POS_Y_CENTRALE":"5036245.40970","TIPO_ADSL":"ADSL_1","DESCRIZIONE_TIPO_ADSL":"ADSL (8 mega)","DISTANZA_CALCOLATA":"3078.82","CLASSE_DISTANZA":"2900-3299","POTENZA_SEGNALE":"4999.75","POPOLAZIONE_SEZIONE": "21"}
			},
		 		{ "type" : "Feature",
				"geometry" : {
					"type" : "Point",
					"coordinates" : [8.43737,45.48058]},
			"properties" : { "ANNO":"2010","ID_SEZIONE":"17352","ISTAT_COMUNE_SEZ":"3159","COMUNE_SEZ":"VICOLUNGO","PROVINCIA":"NO","ID_CENTRALE":"1609","NOME_CENTRALE":"VICOLUNGO 3","ISTAT_COMUNE_CENTR":"3159","COMUNE_CENTR":"VICOLUNGO","PROVINCIA_CENTR":"NO","INDIRIZZO_CENTRALE":"VIA QUATTRO NOVEMBRE->51","LATITUDINE_SEZIONE":"45.48058","LONGITUDINE_SEZIONE":"8.43737","POS_X_SEZIONE":"456028.69593","POS_Y_SEZIONE":"5036492.75810","LATITUDINE_CENTRALE":"45.47847","LONGITUDINE_CENTRALE":"8.46251","POS_X_CENTRALE":"457991.79254","POS_Y_CENTRALE":"5036245.40970","TIPO_ADSL":"ADSL_1","DESCRIZIONE_TIPO_ADSL":"ADSL (8 mega)","DISTANZA_CALCOLATA":"1978.62","CLASSE_DISTANZA":"1700-2099","POTENZA_SEGNALE":"6874.88","POPOLAZIONE_SEZIONE": "48"}
			},
		 		{ "type" : "Feature",
				"geometry" : {
					"type" : "Point",
					"coordinates" : [8.46754,45.48656]},
			"properties" : { "ANNO":"2010","ID_SEZIONE":"19014","ISTAT_COMUNE_SEZ":"3159","COMUNE_SEZ":"VICOLUNGO","PROVINCIA":"NO","ID_CENTRALE":"1609","NOME_CENTRALE":"VICOLUNGO 3","ISTAT_COMUNE_CENTR":"3159","COMUNE_CENTR":"VICOLUNGO","PROVINCIA_CENTR":"NO","INDIRIZZO_CENTRALE":"VIA QUATTRO NOVEMBRE->51","LATITUDINE_SEZIONE":"45.48656","LONGITUDINE_SEZIONE":"8.46754","POS_X_SEZIONE":"458390.78694","POS_Y_SEZIONE":"5037141.26908","LATITUDINE_CENTRALE":"45.47847","LONGITUDINE_CENTRALE":"8.46251","POS_X_CENTRALE":"457991.79254","POS_Y_CENTRALE":"5036245.40970","TIPO_ADSL":"ADSL_1","DESCRIZIONE_TIPO_ADSL":"ADSL (8 mega)","DISTANZA_CALCOLATA":"980.69","CLASSE_DISTANZA":"900-1299","POTENZA_SEGNALE":"7000","POPOLAZIONE_SEZIONE": ""}
			},
		 		{ "type" : "Feature",
				"geometry" : {
					"type" : "Point",
					"coordinates" : [8.42398,45.48027]},
			"properties" : { "ANNO":"2010","ID_SEZIONE":"20373","ISTAT_COMUNE_SEZ":"3159","COMUNE_SEZ":"VICOLUNGO","PROVINCIA":"NO","ID_CENTRALE":"1609","NOME_CENTRALE":"VICOLUNGO 3","ISTAT_COMUNE_CENTR":"3159","COMUNE_CENTR":"VICOLUNGO","PROVINCIA_CENTR":"NO","INDIRIZZO_CENTRALE":"VIA QUATTRO NOVEMBRE->51","LATITUDINE_SEZIONE":"45.48027","LONGITUDINE_SEZIONE":"8.42398","POS_X_SEZIONE":"454981.92780","POS_Y_SEZIONE":"5036466.24828","LATITUDINE_CENTRALE":"45.47847","LONGITUDINE_CENTRALE":"8.46251","POS_X_CENTRALE":"457991.79254","POS_Y_CENTRALE":"5036245.40970","TIPO_ADSL":"ADSL_1","DESCRIZIONE_TIPO_ADSL":"ADSL (8 mega)","DISTANZA_CALCOLATA":"3017.96","CLASSE_DISTANZA":"2900-3299","POTENZA_SEGNALE":"4999.75","POPOLAZIONE_SEZIONE": "13"}
			},
		 		{ "type" : "Feature",
				"geometry" : {
					"type" : "Point",
					"coordinates" : [8.46385,45.50450]},
			"properties" : { "ANNO":"2010","ID_SEZIONE":"21639","ISTAT_COMUNE_SEZ":"3090","COMUNE_SEZ":"MANDELLO VITTA","PROVINCIA":"NO","ID_CENTRALE":"1609","NOME_CENTRALE":"VICOLUNGO 3","ISTAT_COMUNE_CENTR":"3159","COMUNE_CENTR":"VICOLUNGO","PROVINCIA_CENTR":"NO","INDIRIZZO_CENTRALE":"VIA QUATTRO NOVEMBRE->51","LATITUDINE_SEZIONE":"45.50450","LONGITUDINE_SEZIONE":"8.46385","POS_X_SEZIONE":"458115.76717","POS_Y_SEZIONE":"5039136.25250","LATITUDINE_CENTRALE":"45.47847","LONGITUDINE_CENTRALE":"8.46251","POS_X_CENTRALE":"457991.79254","POS_Y_CENTRALE":"5036245.40970","TIPO_ADSL":"ADSL_1","DESCRIZIONE_TIPO_ADSL":"ADSL (8 mega)","DISTANZA_CALCOLATA":"2893.5","CLASSE_DISTANZA":"2500-2899","POTENZA_SEGNALE":"5749.63","POPOLAZIONE_SEZIONE": "29"}
			},
		 		{ "type" : "Feature",
				"geometry" : {
					"type" : "Point",
					"coordinates" : [8.45016,45.48126]},
			"properties" : { "ANNO":"2010","ID_SEZIONE":"23425","ISTAT_COMUNE_SEZ":"3159","COMUNE_SEZ":"VICOLUNGO","PROVINCIA":"NO","ID_CENTRALE":"1609","NOME_CENTRALE":"VICOLUNGO 3","ISTAT_COMUNE_CENTR":"3159","COMUNE_CENTR":"VICOLUNGO","PROVINCIA_CENTR":"NO","INDIRIZZO_CENTRALE":"VIA QUATTRO NOVEMBRE->51","LATITUDINE_SEZIONE":"45.48126","LONGITUDINE_SEZIONE":"8.45016","POS_X_SEZIONE":"457028.52800","POS_Y_SEZIONE":"5036561.26729","LATITUDINE_CENTRALE":"45.47847","LONGITUDINE_CENTRALE":"8.46251","POS_X_CENTRALE":"457991.79254","POS_Y_CENTRALE":"5036245.40970","TIPO_ADSL":"ADSL_1","DESCRIZIONE_TIPO_ADSL":"ADSL (8 mega)","DISTANZA_CALCOLATA":"1013.73","CLASSE_DISTANZA":"900-1299","POTENZA_SEGNALE":"7000","POPOLAZIONE_SEZIONE": "26"}
			},
		 		{ "type" : "Feature",
				"geometry" : {
					"type" : "Point",
					"coordinates" : [8.45985,45.49567]},
			"properties" : { "ANNO":"2010","ID_SEZIONE":"24687","ISTAT_COMUNE_SEZ":"3090","COMUNE_SEZ":"MANDELLO VITTA","PROVINCIA":"NO","ID_CENTRALE":"1609","NOME_CENTRALE":"VICOLUNGO 3","ISTAT_COMUNE_CENTR":"3159","COMUNE_CENTR":"VICOLUNGO","PROVINCIA_CENTR":"NO","INDIRIZZO_CENTRALE":"VIA QUATTRO NOVEMBRE->51","LATITUDINE_SEZIONE":"45.49567","LONGITUDINE_SEZIONE":"8.45985","POS_X_SEZIONE":"457796.64576","POS_Y_SEZIONE":"5038156.76066","LATITUDINE_CENTRALE":"45.47847","LONGITUDINE_CENTRALE":"8.46251","POS_X_CENTRALE":"457991.79254","POS_Y_CENTRALE":"5036245.40970","TIPO_ADSL":"ADSL_1","DESCRIZIONE_TIPO_ADSL":"ADSL (8 mega)","DISTANZA_CALCOLATA":"1921.29","CLASSE_DISTANZA":"1700-2099","POTENZA_SEGNALE":"6874.88","POPOLAZIONE_SEZIONE": "233"}
			},
		 		{ "type" : "Feature",
				"geometry" : {
					"type" : "Point",
					"coordinates" : [8.46288,45.47498]},
			"properties" : { "ANNO":"2010","ID_SEZIONE":"26738","ISTAT_COMUNE_SEZ":"3159","COMUNE_SEZ":"VICOLUNGO","PROVINCIA":"NO","ID_CENTRALE":"1609","NOME_CENTRALE":"VICOLUNGO 3","ISTAT_COMUNE_CENTR":"3159","COMUNE_CENTR":"VICOLUNGO","PROVINCIA_CENTR":"NO","INDIRIZZO_CENTRALE":"VIA QUATTRO NOVEMBRE->51","LATITUDINE_SEZIONE":"45.47498","LONGITUDINE_SEZIONE":"8.46288","POS_X_SEZIONE":"458017.85229","POS_Y_SEZIONE":"5035856.77577","LATITUDINE_CENTRALE":"45.47847","LONGITUDINE_CENTRALE":"8.46251","POS_X_CENTRALE":"457991.79254","POS_Y_CENTRALE":"5036245.40970","TIPO_ADSL":"ADSL_1","DESCRIZIONE_TIPO_ADSL":"ADSL (8 mega)","DISTANZA_CALCOLATA":"389.51","CLASSE_DISTANZA":"100-499","POTENZA_SEGNALE":"7000","POPOLAZIONE_SEZIONE": "370"}
			},
		 		{ "type" : "Feature",
				"geometry" : {
					"type" : "Point",
					"coordinates" : [8.44945,45.47412]},
			"properties" : { "ANNO":"2010","ID_SEZIONE":"29382","ISTAT_COMUNE_SEZ":"3159","COMUNE_SEZ":"VICOLUNGO","PROVINCIA":"NO","ID_CENTRALE":"1609","NOME_CENTRALE":"VICOLUNGO 3","ISTAT_COMUNE_CENTR":"3159","COMUNE_CENTR":"VICOLUNGO","PROVINCIA_CENTR":"NO","INDIRIZZO_CENTRALE":"VIA QUATTRO NOVEMBRE->51","LATITUDINE_SEZIONE":"45.47412","LONGITUDINE_SEZIONE":"8.44945","POS_X_SEZIONE":"456967.83757","POS_Y_SEZIONE":"5035768.27093","LATITUDINE_CENTRALE":"45.47847","LONGITUDINE_CENTRALE":"8.46251","POS_X_CENTRALE":"457991.79254","POS_Y_CENTRALE":"5036245.40970","TIPO_ADSL":"ADSL_1","DESCRIZIONE_TIPO_ADSL":"ADSL (8 mega)","DISTANZA_CALCOLATA":"1129.67","CLASSE_DISTANZA":"900-1299","POTENZA_SEGNALE":"7000","POPOLAZIONE_SEZIONE": ""}
			},
		 		{ "type" : "Feature",
				"geometry" : {
					"type" : "Point",
					"coordinates" : [8.49476,45.46617]},
			"properties" : { "ANNO":"2010","ID_SEZIONE":"30338","ISTAT_COMUNE_SEZ":"3159","COMUNE_SEZ":"VICOLUNGO","PROVINCIA":"NO","ID_CENTRALE":"1609","NOME_CENTRALE":"VICOLUNGO 3","ISTAT_COMUNE_CENTR":"3159","COMUNE_CENTR":"VICOLUNGO","PROVINCIA_CENTR":"NO","INDIRIZZO_CENTRALE":"VIA QUATTRO NOVEMBRE->51","LATITUDINE_SEZIONE":"45.46617","LONGITUDINE_SEZIONE":"8.49476","POS_X_SEZIONE":"460503.39674","POS_Y_SEZIONE":"5034862.29154","LATITUDINE_CENTRALE":"45.47847","LONGITUDINE_CENTRALE":"8.46251","POS_X_CENTRALE":"457991.79254","POS_Y_CENTRALE":"5036245.40970","TIPO_ADSL":"ADSL_1","DESCRIZIONE_TIPO_ADSL":"ADSL (8 mega)","DISTANZA_CALCOLATA":"2867.26","CLASSE_DISTANZA":"2500-2899","POTENZA_SEGNALE":"5749.63","POPOLAZIONE_SEZIONE": "3"}
			}
		 		]
	}
		