 	{ "type" : "FeatureCollection",
		"features" : [
		 		{ "type" : "Feature",
				"geometry" : {
					"type" : "Point",
					"coordinates" : [7.66800,44.97739]},
			"properties" : { "ANNO":"2010","ID_SEZIONE":"246","ISTAT_COMUNE_SEZ":"1156","COMUNE_SEZ":"MONCALIERI","PROVINCIA":"TO","ID_CENTRALE":"1500","NOME_CENTRALE":"TORINO TAGLIAFERRO - MONCALIERI","ISTAT_COMUNE_CENTR":"1156","COMUNE_CENTR":"MONCALIERI","PROVINCIA_CENTR":"TO","INDIRIZZO_CENTRALE":"STR.COMUN.TAGLIAFERRO 4","LATITUDINE_SEZIONE":"44.97739","LONGITUDINE_SEZIONE":"7.66800","POS_X_SEZIONE":"394977.05300","POS_Y_SEZIONE":"4981301.44259","LATITUDINE_CENTRALE":"44.97826","LONGITUDINE_CENTRALE":"7.66341","POS_X_CENTRALE":"394616.25174","POS_Y_CENTRALE":"4981404.17518","TIPO_ADSL":"ADSL_2P","DESCRIZIONE_TIPO_ADSL":"ADSL 2+ (24 mega)","DISTANZA_CALCOLATA":"375.14","CLASSE_DISTANZA":"100-499","POTENZA_SEGNALE":"19761.67","POPOLAZIONE_SEZIONE": "648"}
			},
		 		{ "type" : "Feature",
				"geometry" : {
					"type" : "Point",
					"coordinates" : [7.66205,44.97317]},
			"properties" : { "ANNO":"2010","ID_SEZIONE":"4168","ISTAT_COMUNE_SEZ":"1156","COMUNE_SEZ":"MONCALIERI","PROVINCIA":"TO","ID_CENTRALE":"1500","NOME_CENTRALE":"TORINO TAGLIAFERRO - MONCALIERI","ISTAT_COMUNE_CENTR":"1156","COMUNE_CENTR":"MONCALIERI","PROVINCIA_CENTR":"TO","INDIRIZZO_CENTRALE":"STR.COMUN.TAGLIAFERRO 4","LATITUDINE_SEZIONE":"44.97317","LONGITUDINE_SEZIONE":"7.66205","POS_X_SEZIONE":"394499.67904","POS_Y_SEZIONE":"4980840.93290","LATITUDINE_CENTRALE":"44.97826","LONGITUDINE_CENTRALE":"7.66341","POS_X_CENTRALE":"394616.25174","POS_Y_CENTRALE":"4981404.17518","TIPO_ADSL":"ADSL_2P","DESCRIZIONE_TIPO_ADSL":"ADSL 2+ (24 mega)","DISTANZA_CALCOLATA":"575.18","CLASSE_DISTANZA":"500-899","POTENZA_SEGNALE":"19523.33","POPOLAZIONE_SEZIONE": "46"}
			},
		 		{ "type" : "Feature",
				"geometry" : {
					"type" : "Point",
					"coordinates" : [7.66564,44.98715]},
			"properties" : { "ANNO":"2010","ID_SEZIONE":"10131","ISTAT_COMUNE_SEZ":"1156","COMUNE_SEZ":"MONCALIERI","PROVINCIA":"TO","ID_CENTRALE":"1500","NOME_CENTRALE":"TORINO TAGLIAFERRO - MONCALIERI","ISTAT_COMUNE_CENTR":"1156","COMUNE_CENTR":"MONCALIERI","PROVINCIA_CENTR":"TO","INDIRIZZO_CENTRALE":"STR.COMUN.TAGLIAFERRO 4","LATITUDINE_SEZIONE":"44.98715","LONGITUDINE_SEZIONE":"7.66564","POS_X_SEZIONE":"394808.15700","POS_Y_SEZIONE":"4982388.96439","LATITUDINE_CENTRALE":"44.97826","LONGITUDINE_CENTRALE":"7.66341","POS_X_CENTRALE":"394616.25174","POS_Y_CENTRALE":"4981404.17518","TIPO_ADSL":"ADSL_2P","DESCRIZIONE_TIPO_ADSL":"ADSL 2+ (24 mega)","DISTANZA_CALCOLATA":"1003.31","CLASSE_DISTANZA":"900-1299","POTENZA_SEGNALE":"17737.5","POPOLAZIONE_SEZIONE": "171"}
			},
		 		{ "type" : "Feature",
				"geometry" : {
					"type" : "Point",
					"coordinates" : [7.67780,44.97424]},
			"properties" : { "ANNO":"2010","ID_SEZIONE":"11789","ISTAT_COMUNE_SEZ":"1156","COMUNE_SEZ":"MONCALIERI","PROVINCIA":"TO","ID_CENTRALE":"1500","NOME_CENTRALE":"TORINO TAGLIAFERRO - MONCALIERI","ISTAT_COMUNE_CENTR":"1156","COMUNE_CENTR":"MONCALIERI","PROVINCIA_CENTR":"TO","INDIRIZZO_CENTRALE":"STR.COMUN.TAGLIAFERRO 4","LATITUDINE_SEZIONE":"44.97424","LONGITUDINE_SEZIONE":"7.67780","POS_X_SEZIONE":"395743.88615","POS_Y_SEZIONE":"4980939.43658","LATITUDINE_CENTRALE":"44.97826","LONGITUDINE_CENTRALE":"7.66341","POS_X_CENTRALE":"394616.25174","POS_Y_CENTRALE":"4981404.17518","TIPO_ADSL":"ADSL_2P","DESCRIZIONE_TIPO_ADSL":"ADSL 2+ (24 mega)","DISTANZA_CALCOLATA":"1219.65","CLASSE_DISTANZA":"900-1299","POTENZA_SEGNALE":"17737.5","POPOLAZIONE_SEZIONE": "353"}
			},
		 		{ "type" : "Feature",
				"geometry" : {
					"type" : "Point",
					"coordinates" : [7.70935,44.94129]},
			"properties" : { "ANNO":"2010","ID_SEZIONE":"13322","ISTAT_COMUNE_SEZ":"1156","COMUNE_SEZ":"MONCALIERI","PROVINCIA":"TO","ID_CENTRALE":"1500","NOME_CENTRALE":"TORINO TAGLIAFERRO - MONCALIERI","ISTAT_COMUNE_CENTR":"1156","COMUNE_CENTR":"MONCALIERI","PROVINCIA_CENTR":"TO","INDIRIZZO_CENTRALE":"STR.COMUN.TAGLIAFERRO 4","LATITUDINE_SEZIONE":"44.94129","LONGITUDINE_SEZIONE":"7.70935","POS_X_SEZIONE":"398172.78343","POS_Y_SEZIONE":"4977238.37699","LATITUDINE_CENTRALE":"44.97826","LONGITUDINE_CENTRALE":"7.66341","POS_X_CENTRALE":"394616.25174","POS_Y_CENTRALE":"4981404.17518","TIPO_ADSL":"ADSL_2P","DESCRIZIONE_TIPO_ADSL":"ADSL 2+ (24 mega)","DISTANZA_CALCOLATA":"5477.48","CLASSE_DISTANZA":"5300-5699","POTENZA_SEGNALE":"475.83","POPOLAZIONE_SEZIONE": "19"}
			},
		 		{ "type" : "Feature",
				"geometry" : {
					"type" : "Point",
					"coordinates" : [7.68130,44.97432]},
			"properties" : { "ANNO":"2010","ID_SEZIONE":"14525","ISTAT_COMUNE_SEZ":"1156","COMUNE_SEZ":"MONCALIERI","PROVINCIA":"TO","ID_CENTRALE":"1500","NOME_CENTRALE":"TORINO TAGLIAFERRO - MONCALIERI","ISTAT_COMUNE_CENTR":"1156","COMUNE_CENTR":"MONCALIERI","PROVINCIA_CENTR":"TO","INDIRIZZO_CENTRALE":"STR.COMUN.TAGLIAFERRO 4","LATITUDINE_SEZIONE":"44.97432","LONGITUDINE_SEZIONE":"7.68130","POS_X_SEZIONE":"396019.41434","POS_Y_SEZIONE":"4980943.43683","LATITUDINE_CENTRALE":"44.97826","LONGITUDINE_CENTRALE":"7.66341","POS_X_CENTRALE":"394616.25174","POS_Y_CENTRALE":"4981404.17518","TIPO_ADSL":"ADSL_2P","DESCRIZIONE_TIPO_ADSL":"ADSL 2+ (24 mega)","DISTANZA_CALCOLATA":"1476.87","CLASSE_DISTANZA":"1300-1699","POTENZA_SEGNALE":"16071.67","POPOLAZIONE_SEZIONE": "21"}
			},
		 		{ "type" : "Feature",
				"geometry" : {
					"type" : "Point",
					"coordinates" : [7.71274,44.94604]},
			"properties" : { "ANNO":"2010","ID_SEZIONE":"19505","ISTAT_COMUNE_SEZ":"1156","COMUNE_SEZ":"MONCALIERI","PROVINCIA":"TO","ID_CENTRALE":"1500","NOME_CENTRALE":"TORINO TAGLIAFERRO - MONCALIERI","ISTAT_COMUNE_CENTR":"1156","COMUNE_CENTR":"MONCALIERI","PROVINCIA_CENTR":"TO","INDIRIZZO_CENTRALE":"STR.COMUN.TAGLIAFERRO 4","LATITUDINE_SEZIONE":"44.94604","LONGITUDINE_SEZIONE":"7.71274","POS_X_SEZIONE":"398448.59732","POS_Y_SEZIONE":"4977761.89136","LATITUDINE_CENTRALE":"44.97826","LONGITUDINE_CENTRALE":"7.66341","POS_X_CENTRALE":"394616.25174","POS_Y_CENTRALE":"4981404.17518","TIPO_ADSL":"ADSL_2P","DESCRIZIONE_TIPO_ADSL":"ADSL 2+ (24 mega)","DISTANZA_CALCOLATA":"5287.07","CLASSE_DISTANZA":"4900-5299","POTENZA_SEGNALE":"952.50","POPOLAZIONE_SEZIONE": "86"}
			},
		 		{ "type" : "Feature",
				"geometry" : {
					"type" : "Point",
					"coordinates" : [7.69346,44.94782]},
			"properties" : { "ANNO":"2010","ID_SEZIONE":"21552","ISTAT_COMUNE_SEZ":"1156","COMUNE_SEZ":"MONCALIERI","PROVINCIA":"TO","ID_CENTRALE":"1500","NOME_CENTRALE":"TORINO TAGLIAFERRO - MONCALIERI","ISTAT_COMUNE_CENTR":"1156","COMUNE_CENTR":"MONCALIERI","PROVINCIA_CENTR":"TO","INDIRIZZO_CENTRALE":"STR.COMUN.TAGLIAFERRO 4","LATITUDINE_SEZIONE":"44.94782","LONGITUDINE_SEZIONE":"7.69346","POS_X_SEZIONE":"396931.35802","POS_Y_SEZIONE":"4977983.88074","LATITUDINE_CENTRALE":"44.97826","LONGITUDINE_CENTRALE":"7.66341","POS_X_CENTRALE":"394616.25174","POS_Y_CENTRALE":"4981404.17518","TIPO_ADSL":"ADSL_2P","DESCRIZIONE_TIPO_ADSL":"ADSL 2+ (24 mega)","DISTANZA_CALCOLATA":"4130.15","CLASSE_DISTANZA":"4100-4499","POTENZA_SEGNALE":"2024.17","POPOLAZIONE_SEZIONE": ""}
			},
		 		{ "type" : "Feature",
				"geometry" : {
					"type" : "Point",
					"coordinates" : [7.69970,44.92963]},
			"properties" : { "ANNO":"2010","ID_SEZIONE":"22410","ISTAT_COMUNE_SEZ":"1156","COMUNE_SEZ":"MONCALIERI","PROVINCIA":"TO","ID_CENTRALE":"1500","NOME_CENTRALE":"TORINO TAGLIAFERRO - MONCALIERI","ISTAT_COMUNE_CENTR":"1156","COMUNE_CENTR":"MONCALIERI","PROVINCIA_CENTR":"TO","INDIRIZZO_CENTRALE":"STR.COMUN.TAGLIAFERRO 4","LATITUDINE_SEZIONE":"44.92963","LONGITUDINE_SEZIONE":"7.69970","POS_X_SEZIONE":"397390.84423","POS_Y_SEZIONE":"4975955.84259","LATITUDINE_CENTRALE":"44.97826","LONGITUDINE_CENTRALE":"7.66341","POS_X_CENTRALE":"394616.25174","POS_Y_CENTRALE":"4981404.17518","TIPO_ADSL":"ADSL_2P","DESCRIZIONE_TIPO_ADSL":"ADSL 2+ (24 mega)","DISTANZA_CALCOLATA":"6114.14","CLASSE_DISTANZA":"6100 e oltre","POTENZA_SEGNALE":"0.00","POPOLAZIONE_SEZIONE": "8"}
			},
		 		{ "type" : "Feature",
				"geometry" : {
					"type" : "Point",
					"coordinates" : [7.65437,44.97133]},
			"properties" : { "ANNO":"2010","ID_SEZIONE":"24766","ISTAT_COMUNE_SEZ":"1156","COMUNE_SEZ":"MONCALIERI","PROVINCIA":"TO","ID_CENTRALE":"1500","NOME_CENTRALE":"TORINO TAGLIAFERRO - MONCALIERI","ISTAT_COMUNE_CENTR":"1156","COMUNE_CENTR":"MONCALIERI","PROVINCIA_CENTR":"TO","INDIRIZZO_CENTRALE":"STR.COMUN.TAGLIAFERRO 4","LATITUDINE_SEZIONE":"44.97133","LONGITUDINE_SEZIONE":"7.65437","POS_X_SEZIONE":"393890.65248","POS_Y_SEZIONE":"4980646.42819","LATITUDINE_CENTRALE":"44.97826","LONGITUDINE_CENTRALE":"7.66341","POS_X_CENTRALE":"394616.25174","POS_Y_CENTRALE":"4981404.17518","TIPO_ADSL":"ADSL_2P","DESCRIZIONE_TIPO_ADSL":"ADSL 2+ (24 mega)","DISTANZA_CALCOLATA":"1049.13","CLASSE_DISTANZA":"900-1299","POTENZA_SEGNALE":"17737.5","POPOLAZIONE_SEZIONE": "297"}
			},
		 		{ "type" : "Feature",
				"geometry" : {
					"type" : "Point",
					"coordinates" : [7.65851,44.98055]},
			"properties" : { "ANNO":"2010","ID_SEZIONE":"25642","ISTAT_COMUNE_SEZ":"1156","COMUNE_SEZ":"MONCALIERI","PROVINCIA":"TO","ID_CENTRALE":"1500","NOME_CENTRALE":"TORINO TAGLIAFERRO - MONCALIERI","ISTAT_COMUNE_CENTR":"1156","COMUNE_CENTR":"MONCALIERI","PROVINCIA_CENTR":"TO","INDIRIZZO_CENTRALE":"STR.COMUN.TAGLIAFERRO 4","LATITUDINE_SEZIONE":"44.98055","LONGITUDINE_SEZIONE":"7.65851","POS_X_SEZIONE":"394234.21984","POS_Y_SEZIONE":"4981664.44957","LATITUDINE_CENTRALE":"44.97826","LONGITUDINE_CENTRALE":"7.66341","POS_X_CENTRALE":"394616.25174","POS_Y_CENTRALE":"4981404.17518","TIPO_ADSL":"ADSL_2P","DESCRIZIONE_TIPO_ADSL":"ADSL 2+ (24 mega)","DISTANZA_CALCOLATA":"462.27","CLASSE_DISTANZA":"100-499","POTENZA_SEGNALE":"19761.67","POPOLAZIONE_SEZIONE": "822"}
			},
		 		{ "type" : "Feature",
				"geometry" : {
					"type" : "Point",
					"coordinates" : [7.66416,44.98365]},
			"properties" : { "ANNO":"2010","ID_SEZIONE":"25710","ISTAT_COMUNE_SEZ":"1156","COMUNE_SEZ":"MONCALIERI","PROVINCIA":"TO","ID_CENTRALE":"1500","NOME_CENTRALE":"TORINO TAGLIAFERRO - MONCALIERI","ISTAT_COMUNE_CENTR":"1156","COMUNE_CENTR":"MONCALIERI","PROVINCIA_CENTR":"TO","INDIRIZZO_CENTRALE":"STR.COMUN.TAGLIAFERRO 4","LATITUDINE_SEZIONE":"44.98365","LONGITUDINE_SEZIONE":"7.66416","POS_X_SEZIONE":"394685.46746","POS_Y_SEZIONE":"4982002.45661","LATITUDINE_CENTRALE":"44.97826","LONGITUDINE_CENTRALE":"7.66341","POS_X_CENTRALE":"394616.25174","POS_Y_CENTRALE":"4981404.17518","TIPO_ADSL":"ADSL_2P","DESCRIZIONE_TIPO_ADSL":"ADSL 2+ (24 mega)","DISTANZA_CALCOLATA":"602.27","CLASSE_DISTANZA":"500-899","POTENZA_SEGNALE":"19523.33","POPOLAZIONE_SEZIONE": "62"}
			},
		 		{ "type" : "Feature",
				"geometry" : {
					"type" : "Point",
					"coordinates" : [7.70393,44.93772]},
			"properties" : { "ANNO":"2010","ID_SEZIONE":"27130","ISTAT_COMUNE_SEZ":"1156","COMUNE_SEZ":"MONCALIERI","PROVINCIA":"TO","ID_CENTRALE":"1500","NOME_CENTRALE":"TORINO TAGLIAFERRO - MONCALIERI","ISTAT_COMUNE_CENTR":"1156","COMUNE_CENTR":"MONCALIERI","PROVINCIA_CENTR":"TO","INDIRIZZO_CENTRALE":"STR.COMUN.TAGLIAFERRO 4","LATITUDINE_SEZIONE":"44.93772","LONGITUDINE_SEZIONE":"7.70393","POS_X_SEZIONE":"397739.44046","POS_Y_SEZIONE":"4976848.36253","LATITUDINE_CENTRALE":"44.97826","LONGITUDINE_CENTRALE":"7.66341","POS_X_CENTRALE":"394616.25174","POS_Y_CENTRALE":"4981404.17518","TIPO_ADSL":"ADSL_2P","DESCRIZIONE_TIPO_ADSL":"ADSL 2+ (24 mega)","DISTANZA_CALCOLATA":"5523.56","CLASSE_DISTANZA":"5300-5699","POTENZA_SEGNALE":"475.83","POPOLAZIONE_SEZIONE": "13"}
			},
		 		{ "type" : "Feature",
				"geometry" : {
					"type" : "Point",
					"coordinates" : [7.66307,44.99338]},
			"properties" : { "ANNO":"2010","ID_SEZIONE":"28972","ISTAT_COMUNE_SEZ":"1156","COMUNE_SEZ":"MONCALIERI","PROVINCIA":"TO","ID_CENTRALE":"1500","NOME_CENTRALE":"TORINO TAGLIAFERRO - MONCALIERI","ISTAT_COMUNE_CENTR":"1156","COMUNE_CENTR":"MONCALIERI","PROVINCIA_CENTR":"TO","INDIRIZZO_CENTRALE":"STR.COMUN.TAGLIAFERRO 4","LATITUDINE_SEZIONE":"44.99338","LONGITUDINE_SEZIONE":"7.66307","POS_X_SEZIONE":"394617.41447","POS_Y_SEZIONE":"4983084.47850","LATITUDINE_CENTRALE":"44.97826","LONGITUDINE_CENTRALE":"7.66341","POS_X_CENTRALE":"394616.25174","POS_Y_CENTRALE":"4981404.17518","TIPO_ADSL":"ADSL_2P","DESCRIZIONE_TIPO_ADSL":"ADSL 2+ (24 mega)","DISTANZA_CALCOLATA":"1680.3","CLASSE_DISTANZA":"1300-1699","POTENZA_SEGNALE":"16071.67","POPOLAZIONE_SEZIONE": "96"}
			},
		 		{ "type" : "Feature",
				"geometry" : {
					"type" : "Point",
					"coordinates" : [7.66357,44.97831]},
			"properties" : { "ANNO":"2010","ID_SEZIONE":"29859","ISTAT_COMUNE_SEZ":"1156","COMUNE_SEZ":"MONCALIERI","PROVINCIA":"TO","ID_CENTRALE":"1500","NOME_CENTRALE":"TORINO TAGLIAFERRO - MONCALIERI","ISTAT_COMUNE_CENTR":"1156","COMUNE_CENTR":"MONCALIERI","PROVINCIA_CENTR":"TO","INDIRIZZO_CENTRALE":"STR.COMUN.TAGLIAFERRO 4","LATITUDINE_SEZIONE":"44.97831","LONGITUDINE_SEZIONE":"7.66357","POS_X_SEZIONE":"394628.74554","POS_Y_SEZIONE":"4981409.44490","LATITUDINE_CENTRALE":"44.97826","LONGITUDINE_CENTRALE":"7.66341","POS_X_CENTRALE":"394616.25174","POS_Y_CENTRALE":"4981404.17518","TIPO_ADSL":"ADSL_2P","DESCRIZIONE_TIPO_ADSL":"ADSL 2+ (24 mega)","DISTANZA_CALCOLATA":"13.56","CLASSE_DISTANZA":"0-99","POTENZA_SEGNALE":"19761.67","POPOLAZIONE_SEZIONE": "326"}
			}
		 		]
	}
		