 	{ "type" : "FeatureCollection",
		"features" : [
		 		{ "type" : "Feature",
				"geometry" : {
					"type" : "Point",
					"coordinates" : [8.78455,44.79563]},
			"properties" : { "ANNO":"2010","ID_SEZIONE":"2106","ISTAT_COMUNE_SEZ":"6138","COMUNE_SEZ":"POZZOLO FORMIGARO","PROVINCIA":"AL","ID_CENTRALE":"1038","NOME_CENTRALE":"POZZOLO FORMIGARO","ISTAT_COMUNE_CENTR":"6138","COMUNE_CENTR":"POZZOLO FORMIGARO","PROVINCIA_CENTR":"AL","INDIRIZZO_CENTRALE":"FOSSATO VIGNALE","LATITUDINE_SEZIONE":"44.79563","LONGITUDINE_SEZIONE":"8.78455","POS_X_SEZIONE":"482958.57039","POS_Y_SEZIONE":"4960270.22491","LATITUDINE_CENTRALE":"44.79147","LONGITUDINE_CENTRALE":"8.78092","POS_X_CENTRALE":"482670.31255","POS_Y_CENTRALE":"4959808.96113","TIPO_ADSL":"ADSL_1","DESCRIZIONE_TIPO_ADSL":"ADSL (8 mega)","DISTANZA_CALCOLATA":"543.93","CLASSE_DISTANZA":"500-899","POTENZA_SEGNALE":"7000","POPOLAZIONE_SEZIONE": "667"}
			},
		 		{ "type" : "Feature",
				"geometry" : {
					"type" : "Point",
					"coordinates" : [8.81103,44.82161]},
			"properties" : { "ANNO":"2010","ID_SEZIONE":"3310","ISTAT_COMUNE_SEZ":"6138","COMUNE_SEZ":"POZZOLO FORMIGARO","PROVINCIA":"AL","ID_CENTRALE":"1038","NOME_CENTRALE":"POZZOLO FORMIGARO","ISTAT_COMUNE_CENTR":"6138","COMUNE_CENTR":"POZZOLO FORMIGARO","PROVINCIA_CENTR":"AL","INDIRIZZO_CENTRALE":"FOSSATO VIGNALE","LATITUDINE_SEZIONE":"44.82161","LONGITUDINE_SEZIONE":"8.81103","POS_X_SEZIONE":"485059.92847","POS_Y_SEZIONE":"4963151.24379","LATITUDINE_CENTRALE":"44.79147","LONGITUDINE_CENTRALE":"8.78092","POS_X_CENTRALE":"482670.31255","POS_Y_CENTRALE":"4959808.96113","TIPO_ADSL":"ADSL_1","DESCRIZIONE_TIPO_ADSL":"ADSL (8 mega)","DISTANZA_CALCOLATA":"4108.66","CLASSE_DISTANZA":"4100-4499","POTENZA_SEGNALE":"2125.38","POPOLAZIONE_SEZIONE": "128"}
			},
		 		{ "type" : "Feature",
				"geometry" : {
					"type" : "Point",
					"coordinates" : [8.78349,44.79271]},
			"properties" : { "ANNO":"2010","ID_SEZIONE":"5530","ISTAT_COMUNE_SEZ":"6138","COMUNE_SEZ":"POZZOLO FORMIGARO","PROVINCIA":"AL","ID_CENTRALE":"1038","NOME_CENTRALE":"POZZOLO FORMIGARO","ISTAT_COMUNE_CENTR":"6138","COMUNE_CENTR":"POZZOLO FORMIGARO","PROVINCIA_CENTR":"AL","INDIRIZZO_CENTRALE":"FOSSATO VIGNALE","LATITUDINE_SEZIONE":"44.79271","LONGITUDINE_SEZIONE":"8.78349","POS_X_SEZIONE":"482874.22965","POS_Y_SEZIONE":"4959946.22363","LATITUDINE_CENTRALE":"44.79147","LONGITUDINE_CENTRALE":"8.78092","POS_X_CENTRALE":"482670.31255","POS_Y_CENTRALE":"4959808.96113","TIPO_ADSL":"ADSL_1","DESCRIZIONE_TIPO_ADSL":"ADSL (8 mega)","DISTANZA_CALCOLATA":"245.81","CLASSE_DISTANZA":"100-499","POTENZA_SEGNALE":"7000","POPOLAZIONE_SEZIONE": "705"}
			},
		 		{ "type" : "Feature",
				"geometry" : {
					"type" : "Point",
					"coordinates" : [8.82252,44.80686]},
			"properties" : { "ANNO":"2010","ID_SEZIONE":"5802","ISTAT_COMUNE_SEZ":"6138","COMUNE_SEZ":"POZZOLO FORMIGARO","PROVINCIA":"AL","ID_CENTRALE":"1038","NOME_CENTRALE":"POZZOLO FORMIGARO","ISTAT_COMUNE_CENTR":"6138","COMUNE_CENTR":"POZZOLO FORMIGARO","PROVINCIA_CENTR":"AL","INDIRIZZO_CENTRALE":"FOSSATO VIGNALE","LATITUDINE_SEZIONE":"44.80686","LONGITUDINE_SEZIONE":"8.82252","POS_X_SEZIONE":"485964.74102","POS_Y_SEZIONE":"4961510.75483","LATITUDINE_CENTRALE":"44.79147","LONGITUDINE_CENTRALE":"8.78092","POS_X_CENTRALE":"482670.31255","POS_Y_CENTRALE":"4959808.96113","TIPO_ADSL":"ADSL_1","DESCRIZIONE_TIPO_ADSL":"ADSL (8 mega)","DISTANZA_CALCOLATA":"3708.01","CLASSE_DISTANZA":"3700-4099","POTENZA_SEGNALE":"3000.38","POPOLAZIONE_SEZIONE": "224"}
			},
		 		{ "type" : "Feature",
				"geometry" : {
					"type" : "Point",
					"coordinates" : [8.79008,44.79890]},
			"properties" : { "ANNO":"2010","ID_SEZIONE":"5803","ISTAT_COMUNE_SEZ":"6138","COMUNE_SEZ":"POZZOLO FORMIGARO","PROVINCIA":"AL","ID_CENTRALE":"1038","NOME_CENTRALE":"POZZOLO FORMIGARO","ISTAT_COMUNE_CENTR":"6138","COMUNE_CENTR":"POZZOLO FORMIGARO","PROVINCIA_CENTR":"AL","INDIRIZZO_CENTRALE":"FOSSATO VIGNALE","LATITUDINE_SEZIONE":"44.79890","LONGITUDINE_SEZIONE":"8.79008","POS_X_SEZIONE":"483397.44553","POS_Y_SEZIONE":"4960632.73013","LATITUDINE_CENTRALE":"44.79147","LONGITUDINE_CENTRALE":"8.78092","POS_X_CENTRALE":"482670.31255","POS_Y_CENTRALE":"4959808.96113","TIPO_ADSL":"ADSL_1","DESCRIZIONE_TIPO_ADSL":"ADSL (8 mega)","DISTANZA_CALCOLATA":"1098.78","CLASSE_DISTANZA":"900-1299","POTENZA_SEGNALE":"7000","POPOLAZIONE_SEZIONE": "310"}
			},
		 		{ "type" : "Feature",
				"geometry" : {
					"type" : "Point",
					"coordinates" : [8.75009,44.81020]},
			"properties" : { "ANNO":"2010","ID_SEZIONE":"7912","ISTAT_COMUNE_SEZ":"6138","COMUNE_SEZ":"POZZOLO FORMIGARO","PROVINCIA":"AL","ID_CENTRALE":"1038","NOME_CENTRALE":"POZZOLO FORMIGARO","ISTAT_COMUNE_CENTR":"6138","COMUNE_CENTR":"POZZOLO FORMIGARO","PROVINCIA_CENTR":"AL","INDIRIZZO_CENTRALE":"FOSSATO VIGNALE","LATITUDINE_SEZIONE":"44.81020","LONGITUDINE_SEZIONE":"8.75009","POS_X_SEZIONE":"480238.20892","POS_Y_SEZIONE":"4961896.70146","LATITUDINE_CENTRALE":"44.79147","LONGITUDINE_CENTRALE":"8.78092","POS_X_CENTRALE":"482670.31255","POS_Y_CENTRALE":"4959808.96113","TIPO_ADSL":"ADSL_1","DESCRIZIONE_TIPO_ADSL":"ADSL (8 mega)","DISTANZA_CALCOLATA":"3205.27","CLASSE_DISTANZA":"2900-3299","POTENZA_SEGNALE":"4999.75","POPOLAZIONE_SEZIONE": "15"}
			},
		 		{ "type" : "Feature",
				"geometry" : {
					"type" : "Point",
					"coordinates" : [8.76203,44.82769]},
			"properties" : { "ANNO":"2010","ID_SEZIONE":"9273","ISTAT_COMUNE_SEZ":"6138","COMUNE_SEZ":"POZZOLO FORMIGARO","PROVINCIA":"AL","ID_CENTRALE":"1038","NOME_CENTRALE":"POZZOLO FORMIGARO","ISTAT_COMUNE_CENTR":"6138","COMUNE_CENTR":"POZZOLO FORMIGARO","PROVINCIA_CENTR":"AL","INDIRIZZO_CENTRALE":"FOSSATO VIGNALE","LATITUDINE_SEZIONE":"44.82769","LONGITUDINE_SEZIONE":"8.76203","POS_X_SEZIONE":"481188.38261","POS_Y_SEZIONE":"4963836.21531","LATITUDINE_CENTRALE":"44.79147","LONGITUDINE_CENTRALE":"8.78092","POS_X_CENTRALE":"482670.31255","POS_Y_CENTRALE":"4959808.96113","TIPO_ADSL":"ADSL_1","DESCRIZIONE_TIPO_ADSL":"ADSL (8 mega)","DISTANZA_CALCOLATA":"4291.26","CLASSE_DISTANZA":"4100-4499","POTENZA_SEGNALE":"2125.38","POPOLAZIONE_SEZIONE": "80"}
			},
		 		{ "type" : "Feature",
				"geometry" : {
					"type" : "Point",
					"coordinates" : [8.79577,44.83016]},
			"properties" : { "ANNO":"2010","ID_SEZIONE":"10320","ISTAT_COMUNE_SEZ":"6138","COMUNE_SEZ":"POZZOLO FORMIGARO","PROVINCIA":"AL","ID_CENTRALE":"1038","NOME_CENTRALE":"POZZOLO FORMIGARO","ISTAT_COMUNE_CENTR":"6138","COMUNE_CENTR":"POZZOLO FORMIGARO","PROVINCIA_CENTR":"AL","INDIRIZZO_CENTRALE":"FOSSATO VIGNALE","LATITUDINE_SEZIONE":"44.83016","LONGITUDINE_SEZIONE":"8.79577","POS_X_SEZIONE":"483856.12329","POS_Y_SEZIONE":"4964103.73429","LATITUDINE_CENTRALE":"44.79147","LONGITUDINE_CENTRALE":"8.78092","POS_X_CENTRALE":"482670.31255","POS_Y_CENTRALE":"4959808.96113","TIPO_ADSL":"ADSL_1","DESCRIZIONE_TIPO_ADSL":"ADSL (8 mega)","DISTANZA_CALCOLATA":"4455.47","CLASSE_DISTANZA":"4100-4499","POTENZA_SEGNALE":"2125.38","POPOLAZIONE_SEZIONE": "55"}
			},
		 		{ "type" : "Feature",
				"geometry" : {
					"type" : "Point",
					"coordinates" : [8.77627,44.82841]},
			"properties" : { "ANNO":"2010","ID_SEZIONE":"10322","ISTAT_COMUNE_SEZ":"6138","COMUNE_SEZ":"POZZOLO FORMIGARO","PROVINCIA":"AL","ID_CENTRALE":"1038","NOME_CENTRALE":"POZZOLO FORMIGARO","ISTAT_COMUNE_CENTR":"6138","COMUNE_CENTR":"POZZOLO FORMIGARO","PROVINCIA_CENTR":"AL","INDIRIZZO_CENTRALE":"FOSSATO VIGNALE","LATITUDINE_SEZIONE":"44.82841","LONGITUDINE_SEZIONE":"8.77627","POS_X_SEZIONE":"482314.45442","POS_Y_SEZIONE":"4963913.72341","LATITUDINE_CENTRALE":"44.79147","LONGITUDINE_CENTRALE":"8.78092","POS_X_CENTRALE":"482670.31255","POS_Y_CENTRALE":"4959808.96113","TIPO_ADSL":"ADSL_1","DESCRIZIONE_TIPO_ADSL":"ADSL (8 mega)","DISTANZA_CALCOLATA":"4120.16","CLASSE_DISTANZA":"4100-4499","POTENZA_SEGNALE":"2125.38","POPOLAZIONE_SEZIONE": "21"}
			},
		 		{ "type" : "Feature",
				"geometry" : {
					"type" : "Point",
					"coordinates" : [8.83420,44.80481]},
			"properties" : { "ANNO":"2010","ID_SEZIONE":"11550","ISTAT_COMUNE_SEZ":"6138","COMUNE_SEZ":"POZZOLO FORMIGARO","PROVINCIA":"AL","ID_CENTRALE":"1038","NOME_CENTRALE":"POZZOLO FORMIGARO","ISTAT_COMUNE_CENTR":"6138","COMUNE_CENTR":"POZZOLO FORMIGARO","PROVINCIA_CENTR":"AL","INDIRIZZO_CENTRALE":"FOSSATO VIGNALE","LATITUDINE_SEZIONE":"44.80481","LONGITUDINE_SEZIONE":"8.83420","POS_X_SEZIONE":"486888.09103","POS_Y_SEZIONE":"4961280.75522","LATITUDINE_CENTRALE":"44.79147","LONGITUDINE_CENTRALE":"8.78092","POS_X_CENTRALE":"482670.31255","POS_Y_CENTRALE":"4959808.96113","TIPO_ADSL":"ADSL_1","DESCRIZIONE_TIPO_ADSL":"ADSL (8 mega)","DISTANZA_CALCOLATA":"4467.2","CLASSE_DISTANZA":"4100-4499","POTENZA_SEGNALE":"2125.38","POPOLAZIONE_SEZIONE": "25"}
			},
		 		{ "type" : "Feature",
				"geometry" : {
					"type" : "Point",
					"coordinates" : [8.80397,44.80435]},
			"properties" : { "ANNO":"2010","ID_SEZIONE":"13873","ISTAT_COMUNE_SEZ":"6138","COMUNE_SEZ":"POZZOLO FORMIGARO","PROVINCIA":"AL","ID_CENTRALE":"1038","NOME_CENTRALE":"POZZOLO FORMIGARO","ISTAT_COMUNE_CENTR":"6138","COMUNE_CENTR":"POZZOLO FORMIGARO","PROVINCIA_CENTR":"AL","INDIRIZZO_CENTRALE":"FOSSATO VIGNALE","LATITUDINE_SEZIONE":"44.80435","LONGITUDINE_SEZIONE":"8.80397","POS_X_SEZIONE":"484497.22972","POS_Y_SEZIONE":"4961234.74126","LATITUDINE_CENTRALE":"44.79147","LONGITUDINE_CENTRALE":"8.78092","POS_X_CENTRALE":"482670.31255","POS_Y_CENTRALE":"4959808.96113","TIPO_ADSL":"ADSL_1","DESCRIZIONE_TIPO_ADSL":"ADSL (8 mega)","DISTANZA_CALCOLATA":"2317.43","CLASSE_DISTANZA":"2100-2499","POTENZA_SEGNALE":"6500.38","POPOLAZIONE_SEZIONE": "24"}
			},
		 		{ "type" : "Feature",
				"geometry" : {
					"type" : "Point",
					"coordinates" : [8.78852,44.79375]},
			"properties" : { "ANNO":"2010","ID_SEZIONE":"15736","ISTAT_COMUNE_SEZ":"6138","COMUNE_SEZ":"POZZOLO FORMIGARO","PROVINCIA":"AL","ID_CENTRALE":"1038","NOME_CENTRALE":"POZZOLO FORMIGARO","ISTAT_COMUNE_CENTR":"6138","COMUNE_CENTR":"POZZOLO FORMIGARO","PROVINCIA_CENTR":"AL","INDIRIZZO_CENTRALE":"FOSSATO VIGNALE","LATITUDINE_SEZIONE":"44.79375","LONGITUDINE_SEZIONE":"8.78852","POS_X_SEZIONE":"483272.67062","POS_Y_SEZIONE":"4960061.22805","LATITUDINE_CENTRALE":"44.79147","LONGITUDINE_CENTRALE":"8.78092","POS_X_CENTRALE":"482670.31255","POS_Y_CENTRALE":"4959808.96113","TIPO_ADSL":"ADSL_1","DESCRIZIONE_TIPO_ADSL":"ADSL (8 mega)","DISTANZA_CALCOLATA":"653.05","CLASSE_DISTANZA":"500-899","POTENZA_SEGNALE":"7000","POPOLAZIONE_SEZIONE": "560"}
			},
		 		{ "type" : "Feature",
				"geometry" : {
					"type" : "Point",
					"coordinates" : [8.78587,44.79857]},
			"properties" : { "ANNO":"2010","ID_SEZIONE":"16198","ISTAT_COMUNE_SEZ":"6138","COMUNE_SEZ":"POZZOLO FORMIGARO","PROVINCIA":"AL","ID_CENTRALE":"1038","NOME_CENTRALE":"POZZOLO FORMIGARO","ISTAT_COMUNE_CENTR":"6138","COMUNE_CENTR":"POZZOLO FORMIGARO","PROVINCIA_CENTR":"AL","INDIRIZZO_CENTRALE":"FOSSATO VIGNALE","LATITUDINE_SEZIONE":"44.79857","LONGITUDINE_SEZIONE":"8.78587","POS_X_SEZIONE":"483064.44226","POS_Y_SEZIONE":"4960596.22658","LATITUDINE_CENTRALE":"44.79147","LONGITUDINE_CENTRALE":"8.78092","POS_X_CENTRALE":"482670.31255","POS_Y_CENTRALE":"4959808.96113","TIPO_ADSL":"ADSL_1","DESCRIZIONE_TIPO_ADSL":"ADSL (8 mega)","DISTANZA_CALCOLATA":"880.41","CLASSE_DISTANZA":"500-899","POTENZA_SEGNALE":"7000","POPOLAZIONE_SEZIONE": "338"}
			},
		 		{ "type" : "Feature",
				"geometry" : {
					"type" : "Point",
					"coordinates" : [8.77302,44.78788]},
			"properties" : { "ANNO":"2010","ID_SEZIONE":"17567","ISTAT_COMUNE_SEZ":"6138","COMUNE_SEZ":"POZZOLO FORMIGARO","PROVINCIA":"AL","ID_CENTRALE":"1038","NOME_CENTRALE":"POZZOLO FORMIGARO","ISTAT_COMUNE_CENTR":"6138","COMUNE_CENTR":"POZZOLO FORMIGARO","PROVINCIA_CENTR":"AL","INDIRIZZO_CENTRALE":"FOSSATO VIGNALE","LATITUDINE_SEZIONE":"44.78788","LONGITUDINE_SEZIONE":"8.77302","POS_X_SEZIONE":"482044.82140","POS_Y_SEZIONE":"4959412.21326","LATITUDINE_CENTRALE":"44.79147","LONGITUDINE_CENTRALE":"8.78092","POS_X_CENTRALE":"482670.31255","POS_Y_CENTRALE":"4959808.96113","TIPO_ADSL":"ADSL_1","DESCRIZIONE_TIPO_ADSL":"ADSL (8 mega)","DISTANZA_CALCOLATA":"740.71","CLASSE_DISTANZA":"500-899","POTENZA_SEGNALE":"7000","POPOLAZIONE_SEZIONE": "4"}
			},
		 		{ "type" : "Feature",
				"geometry" : {
					"type" : "Point",
					"coordinates" : [8.78358,44.81576]},
			"properties" : { "ANNO":"2010","ID_SEZIONE":"20161","ISTAT_COMUNE_SEZ":"6138","COMUNE_SEZ":"POZZOLO FORMIGARO","PROVINCIA":"AL","ID_CENTRALE":"1038","NOME_CENTRALE":"POZZOLO FORMIGARO","ISTAT_COMUNE_CENTR":"6138","COMUNE_CENTR":"POZZOLO FORMIGARO","PROVINCIA_CENTR":"AL","INDIRIZZO_CENTRALE":"FOSSATO VIGNALE","LATITUDINE_SEZIONE":"44.81576","LONGITUDINE_SEZIONE":"8.78358","POS_X_SEZIONE":"482888.25999","POS_Y_SEZIONE":"4962507.22613","LATITUDINE_CENTRALE":"44.79147","LONGITUDINE_CENTRALE":"8.78092","POS_X_CENTRALE":"482670.31255","POS_Y_CENTRALE":"4959808.96113","TIPO_ADSL":"ADSL_1","DESCRIZIONE_TIPO_ADSL":"ADSL (8 mega)","DISTANZA_CALCOLATA":"2707.05","CLASSE_DISTANZA":"2500-2899","POTENZA_SEGNALE":"5749.63","POPOLAZIONE_SEZIONE": "41"}
			},
		 		{ "type" : "Feature",
				"geometry" : {
					"type" : "Point",
					"coordinates" : [8.76781,44.79804]},
			"properties" : { "ANNO":"2010","ID_SEZIONE":"22041","ISTAT_COMUNE_SEZ":"6138","COMUNE_SEZ":"POZZOLO FORMIGARO","PROVINCIA":"AL","ID_CENTRALE":"1038","NOME_CENTRALE":"POZZOLO FORMIGARO","ISTAT_COMUNE_CENTR":"6138","COMUNE_CENTR":"POZZOLO FORMIGARO","PROVINCIA_CENTR":"AL","INDIRIZZO_CENTRALE":"FOSSATO VIGNALE","LATITUDINE_SEZIONE":"44.79804","LONGITUDINE_SEZIONE":"8.76781","POS_X_SEZIONE":"481635.64687","POS_Y_SEZIONE":"4960542.21109","LATITUDINE_CENTRALE":"44.79147","LONGITUDINE_CENTRALE":"8.78092","POS_X_CENTRALE":"482670.31255","POS_Y_CENTRALE":"4959808.96113","TIPO_ADSL":"ADSL_1","DESCRIZIONE_TIPO_ADSL":"ADSL (8 mega)","DISTANZA_CALCOLATA":"1268.14","CLASSE_DISTANZA":"900-1299","POTENZA_SEGNALE":"7000","POPOLAZIONE_SEZIONE": "14"}
			},
		 		{ "type" : "Feature",
				"geometry" : {
					"type" : "Point",
					"coordinates" : [8.77935,44.79594]},
			"properties" : { "ANNO":"2010","ID_SEZIONE":"22042","ISTAT_COMUNE_SEZ":"6138","COMUNE_SEZ":"POZZOLO FORMIGARO","PROVINCIA":"AL","ID_CENTRALE":"1038","NOME_CENTRALE":"POZZOLO FORMIGARO","ISTAT_COMUNE_CENTR":"6138","COMUNE_CENTR":"POZZOLO FORMIGARO","PROVINCIA_CENTR":"AL","INDIRIZZO_CENTRALE":"FOSSATO VIGNALE","LATITUDINE_SEZIONE":"44.79594","LONGITUDINE_SEZIONE":"8.77935","POS_X_SEZIONE":"482547.78460","POS_Y_SEZIONE":"4960305.72034","LATITUDINE_CENTRALE":"44.79147","LONGITUDINE_CENTRALE":"8.78092","POS_X_CENTRALE":"482670.31255","POS_Y_CENTRALE":"4959808.96113","TIPO_ADSL":"ADSL_1","DESCRIZIONE_TIPO_ADSL":"ADSL (8 mega)","DISTANZA_CALCOLATA":"511.65","CLASSE_DISTANZA":"500-899","POTENZA_SEGNALE":"7000","POPOLAZIONE_SEZIONE": "636"}
			},
		 		{ "type" : "Feature",
				"geometry" : {
					"type" : "Point",
					"coordinates" : [8.83491,44.81843]},
			"properties" : { "ANNO":"2010","ID_SEZIONE":"22277","ISTAT_COMUNE_SEZ":"6138","COMUNE_SEZ":"POZZOLO FORMIGARO","PROVINCIA":"AL","ID_CENTRALE":"1038","NOME_CENTRALE":"POZZOLO FORMIGARO","ISTAT_COMUNE_CENTR":"6138","COMUNE_CENTR":"POZZOLO FORMIGARO","PROVINCIA_CENTR":"AL","INDIRIZZO_CENTRALE":"FOSSATO VIGNALE","LATITUDINE_SEZIONE":"44.81843","LONGITUDINE_SEZIONE":"8.83491","POS_X_SEZIONE":"486947.66428","POS_Y_SEZIONE":"4962793.25186","LATITUDINE_CENTRALE":"44.79147","LONGITUDINE_CENTRALE":"8.78092","POS_X_CENTRALE":"482670.31255","POS_Y_CENTRALE":"4959808.96113","TIPO_ADSL":"ADSL_1","DESCRIZIONE_TIPO_ADSL":"ADSL (8 mega)","DISTANZA_CALCOLATA":"5215.53","CLASSE_DISTANZA":"4900-5299","POTENZA_SEGNALE":"125.13","POPOLAZIONE_SEZIONE": "16"}
			},
		 		{ "type" : "Feature",
				"geometry" : {
					"type" : "Point",
					"coordinates" : [8.83014,44.80760]},
			"properties" : { "ANNO":"2010","ID_SEZIONE":"22278","ISTAT_COMUNE_SEZ":"6138","COMUNE_SEZ":"POZZOLO FORMIGARO","PROVINCIA":"AL","ID_CENTRALE":"1038","NOME_CENTRALE":"POZZOLO FORMIGARO","ISTAT_COMUNE_CENTR":"6138","COMUNE_CENTR":"POZZOLO FORMIGARO","PROVINCIA_CENTR":"AL","INDIRIZZO_CENTRALE":"FOSSATO VIGNALE","LATITUDINE_SEZIONE":"44.80760","LONGITUDINE_SEZIONE":"8.83014","POS_X_SEZIONE":"486567.89955","POS_Y_SEZIONE":"4961591.25659","LATITUDINE_CENTRALE":"44.79147","LONGITUDINE_CENTRALE":"8.78092","POS_X_CENTRALE":"482670.31255","POS_Y_CENTRALE":"4959808.96113","TIPO_ADSL":"ADSL_1","DESCRIZIONE_TIPO_ADSL":"ADSL (8 mega)","DISTANZA_CALCOLATA":"4285.76","CLASSE_DISTANZA":"4100-4499","POTENZA_SEGNALE":"2125.38","POPOLAZIONE_SEZIONE": "41"}
			},
		 		{ "type" : "Feature",
				"geometry" : {
					"type" : "Point",
					"coordinates" : [8.78112,44.79028]},
			"properties" : { "ANNO":"2010","ID_SEZIONE":"26006","ISTAT_COMUNE_SEZ":"6138","COMUNE_SEZ":"POZZOLO FORMIGARO","PROVINCIA":"AL","ID_CENTRALE":"1038","NOME_CENTRALE":"POZZOLO FORMIGARO","ISTAT_COMUNE_CENTR":"6138","COMUNE_CENTR":"POZZOLO FORMIGARO","PROVINCIA_CENTR":"AL","INDIRIZZO_CENTRALE":"FOSSATO VIGNALE","LATITUDINE_SEZIONE":"44.79028","LONGITUDINE_SEZIONE":"8.78112","POS_X_SEZIONE":"482685.76194","POS_Y_SEZIONE":"4959677.22139","LATITUDINE_CENTRALE":"44.79147","LONGITUDINE_CENTRALE":"8.78092","POS_X_CENTRALE":"482670.31255","POS_Y_CENTRALE":"4959808.96113","TIPO_ADSL":"ADSL_1","DESCRIZIONE_TIPO_ADSL":"ADSL (8 mega)","DISTANZA_CALCOLATA":"132.64","CLASSE_DISTANZA":"100-499","POTENZA_SEGNALE":"7000","POPOLAZIONE_SEZIONE": "138"}
			},
		 		{ "type" : "Feature",
				"geometry" : {
					"type" : "Point",
					"coordinates" : [8.81923,44.80275]},
			"properties" : { "ANNO":"2010","ID_SEZIONE":"31358","ISTAT_COMUNE_SEZ":"6138","COMUNE_SEZ":"POZZOLO FORMIGARO","PROVINCIA":"AL","ID_CENTRALE":"1038","NOME_CENTRALE":"POZZOLO FORMIGARO","ISTAT_COMUNE_CENTR":"6138","COMUNE_CENTR":"POZZOLO FORMIGARO","PROVINCIA_CENTR":"AL","INDIRIZZO_CENTRALE":"FOSSATO VIGNALE","LATITUDINE_SEZIONE":"44.80275","LONGITUDINE_SEZIONE":"8.81923","POS_X_SEZIONE":"485703.36963","POS_Y_SEZIONE":"4961054.25358","LATITUDINE_CENTRALE":"44.79147","LONGITUDINE_CENTRALE":"8.78092","POS_X_CENTRALE":"482670.31255","POS_Y_CENTRALE":"4959808.96113","TIPO_ADSL":"ADSL_1","DESCRIZIONE_TIPO_ADSL":"ADSL (8 mega)","DISTANZA_CALCOLATA":"3278.75","CLASSE_DISTANZA":"2900-3299","POTENZA_SEGNALE":"4999.75","POPOLAZIONE_SEZIONE": "20"}
			},
		 		{ "type" : "Feature",
				"geometry" : {
					"type" : "Point",
					"coordinates" : [8.78237,44.80705]},
			"properties" : { "ANNO":"2010","ID_SEZIONE":"31578","ISTAT_COMUNE_SEZ":"6138","COMUNE_SEZ":"POZZOLO FORMIGARO","PROVINCIA":"AL","ID_CENTRALE":"1038","NOME_CENTRALE":"POZZOLO FORMIGARO","ISTAT_COMUNE_CENTR":"6138","COMUNE_CENTR":"POZZOLO FORMIGARO","PROVINCIA_CENTR":"AL","INDIRIZZO_CENTRALE":"FOSSATO VIGNALE","LATITUDINE_SEZIONE":"44.80705","LONGITUDINE_SEZIONE":"8.78237","POS_X_SEZIONE":"482790.02101","POS_Y_SEZIONE":"4961539.22459","LATITUDINE_CENTRALE":"44.79147","LONGITUDINE_CENTRALE":"8.78092","POS_X_CENTRALE":"482670.31255","POS_Y_CENTRALE":"4959808.96113","TIPO_ADSL":"ADSL_1","DESCRIZIONE_TIPO_ADSL":"ADSL (8 mega)","DISTANZA_CALCOLATA":"1734.4","CLASSE_DISTANZA":"1700-2099","POTENZA_SEGNALE":"6874.88","POPOLAZIONE_SEZIONE": "43"}
			},
		 		{ "type" : "Feature",
				"geometry" : {
					"type" : "Point",
					"coordinates" : [8.80250,44.79265]},
			"properties" : { "ANNO":"2010","ID_SEZIONE":"32457","ISTAT_COMUNE_SEZ":"6138","COMUNE_SEZ":"POZZOLO FORMIGARO","PROVINCIA":"AL","ID_CENTRALE":"1038","NOME_CENTRALE":"POZZOLO FORMIGARO","ISTAT_COMUNE_CENTR":"6138","COMUNE_CENTR":"POZZOLO FORMIGARO","PROVINCIA_CENTR":"AL","INDIRIZZO_CENTRALE":"FOSSATO VIGNALE","LATITUDINE_SEZIONE":"44.79265","LONGITUDINE_SEZIONE":"8.80250","POS_X_SEZIONE":"484378.24604","POS_Y_SEZIONE":"4959935.74094","LATITUDINE_CENTRALE":"44.79147","LONGITUDINE_CENTRALE":"8.78092","POS_X_CENTRALE":"482670.31255","POS_Y_CENTRALE":"4959808.96113","TIPO_ADSL":"ADSL_1","DESCRIZIONE_TIPO_ADSL":"ADSL (8 mega)","DISTANZA_CALCOLATA":"1712.63","CLASSE_DISTANZA":"1700-2099","POTENZA_SEGNALE":"6874.88","POPOLAZIONE_SEZIONE": "30"}
			}
		 		]
	}
		