 	{ "type" : "FeatureCollection",
		"features" : [
		 		{ "type" : "Feature",
				"geometry" : {
					"type" : "Point",
					"coordinates" : [8.33722,45.99808]},
			"properties" : { "ANNO":"2010","ID_SEZIONE":"502","ISTAT_COMUNE_SEZ":"103057","COMUNE_SEZ":"PREMOSELLO-CHIOVENDA","PROVINCIA":"VB","ID_CENTRALE":"1065","NOME_CENTRALE":"PREMOSELLO CHIOVENDA","ISTAT_COMUNE_CENTR":"103057","COMUNE_CENTR":"PREMOSELLO-CHIOVENDA","PROVINCIA_CENTR":"VB","INDIRIZZO_CENTRALE":"MILANO 2","LATITUDINE_SEZIONE":"45.99808","LONGITUDINE_SEZIONE":"8.33722","POS_X_SEZIONE":"448677.79980","POS_Y_SEZIONE":"5094047.63252","LATITUDINE_CENTRALE":"46.00301","LONGITUDINE_CENTRALE":"8.32943","POS_X_CENTRALE":"448078.77192","POS_Y_CENTRALE":"5094600.44461","TIPO_ADSL":"ADSL_1","DESCRIZIONE_TIPO_ADSL":"ADSL (8 mega)","DISTANZA_CALCOLATA":"815.13","CLASSE_DISTANZA":"500-899","POTENZA_SEGNALE":"7000","POPOLAZIONE_SEZIONE": "42"}
			},
		 		{ "type" : "Feature",
				"geometry" : {
					"type" : "Point",
					"coordinates" : [8.32579,46.00458]},
			"properties" : { "ANNO":"2010","ID_SEZIONE":"12102","ISTAT_COMUNE_SEZ":"103057","COMUNE_SEZ":"PREMOSELLO-CHIOVENDA","PROVINCIA":"VB","ID_CENTRALE":"1065","NOME_CENTRALE":"PREMOSELLO CHIOVENDA","ISTAT_COMUNE_CENTR":"103057","COMUNE_CENTR":"PREMOSELLO-CHIOVENDA","PROVINCIA_CENTR":"VB","INDIRIZZO_CENTRALE":"MILANO 2","LATITUDINE_SEZIONE":"46.00458","LONGITUDINE_SEZIONE":"8.32579","POS_X_SEZIONE":"447798.29849","POS_Y_SEZIONE":"5094777.13217","LATITUDINE_CENTRALE":"46.00301","LONGITUDINE_CENTRALE":"8.32943","POS_X_CENTRALE":"448078.77192","POS_Y_CENTRALE":"5094600.44461","TIPO_ADSL":"ADSL_1","DESCRIZIONE_TIPO_ADSL":"ADSL (8 mega)","DISTANZA_CALCOLATA":"331.49","CLASSE_DISTANZA":"100-499","POTENZA_SEGNALE":"7000","POPOLAZIONE_SEZIONE": "558"}
			},
		 		{ "type" : "Feature",
				"geometry" : {
					"type" : "Point",
					"coordinates" : [8.33286,46.00332]},
			"properties" : { "ANNO":"2010","ID_SEZIONE":"12330","ISTAT_COMUNE_SEZ":"103057","COMUNE_SEZ":"PREMOSELLO-CHIOVENDA","PROVINCIA":"VB","ID_CENTRALE":"1065","NOME_CENTRALE":"PREMOSELLO CHIOVENDA","ISTAT_COMUNE_CENTR":"103057","COMUNE_CENTR":"PREMOSELLO-CHIOVENDA","PROVINCIA_CENTR":"VB","INDIRIZZO_CENTRALE":"MILANO 2","LATITUDINE_SEZIONE":"46.00332","LONGITUDINE_SEZIONE":"8.33286","POS_X_SEZIONE":"448344.86105","POS_Y_SEZIONE":"5094632.13019","LATITUDINE_CENTRALE":"46.00301","LONGITUDINE_CENTRALE":"8.32943","POS_X_CENTRALE":"448078.77192","POS_Y_CENTRALE":"5094600.44461","TIPO_ADSL":"ADSL_1","DESCRIZIONE_TIPO_ADSL":"ADSL (8 mega)","DISTANZA_CALCOLATA":"267.97","CLASSE_DISTANZA":"100-499","POTENZA_SEGNALE":"7000","POPOLAZIONE_SEZIONE": "653"}
			},
		 		{ "type" : "Feature",
				"geometry" : {
					"type" : "Point",
					"coordinates" : [8.39349,46.04178]},
			"properties" : { "ANNO":"2010","ID_SEZIONE":"12556","ISTAT_COMUNE_SEZ":"103057","COMUNE_SEZ":"PREMOSELLO-CHIOVENDA","PROVINCIA":"VB","ID_CENTRALE":"1065","NOME_CENTRALE":"PREMOSELLO CHIOVENDA","ISTAT_COMUNE_CENTR":"103057","COMUNE_CENTR":"PREMOSELLO-CHIOVENDA","PROVINCIA_CENTR":"VB","INDIRIZZO_CENTRALE":"MILANO 2","LATITUDINE_SEZIONE":"46.04178","LONGITUDINE_SEZIONE":"8.39349","POS_X_SEZIONE":"453071.52371","POS_Y_SEZIONE":"5098868.06645","LATITUDINE_CENTRALE":"46.00301","LONGITUDINE_CENTRALE":"8.32943","POS_X_CENTRALE":"448078.77192","POS_Y_CENTRALE":"5094600.44461","TIPO_ADSL":"ADSL_1","DESCRIZIONE_TIPO_ADSL":"ADSL (8 mega)","DISTANZA_CALCOLATA":"6568.12","CLASSE_DISTANZA":"6100 e oltre","POTENZA_SEGNALE":"0.00","POPOLAZIONE_SEZIONE": ""}
			},
		 		{ "type" : "Feature",
				"geometry" : {
					"type" : "Point",
					"coordinates" : [8.31863,45.99869]},
			"properties" : { "ANNO":"2010","ID_SEZIONE":"14096","ISTAT_COMUNE_SEZ":"103057","COMUNE_SEZ":"PREMOSELLO-CHIOVENDA","PROVINCIA":"VB","ID_CENTRALE":"1065","NOME_CENTRALE":"PREMOSELLO CHIOVENDA","ISTAT_COMUNE_CENTR":"103057","COMUNE_CENTR":"PREMOSELLO-CHIOVENDA","PROVINCIA_CENTR":"VB","INDIRIZZO_CENTRALE":"MILANO 2","LATITUDINE_SEZIONE":"45.99869","LONGITUDINE_SEZIONE":"8.31863","POS_X_SEZIONE":"447238.89804","POS_Y_SEZIONE":"5094127.12769","LATITUDINE_CENTRALE":"46.00301","LONGITUDINE_CENTRALE":"8.32943","POS_X_CENTRALE":"448078.77192","POS_Y_CENTRALE":"5094600.44461","TIPO_ADSL":"ADSL_1","DESCRIZIONE_TIPO_ADSL":"ADSL (8 mega)","DISTANZA_CALCOLATA":"964.06","CLASSE_DISTANZA":"900-1299","POTENZA_SEGNALE":"7000","POPOLAZIONE_SEZIONE": "35"}
			},
		 		{ "type" : "Feature",
				"geometry" : {
					"type" : "Point",
					"coordinates" : [8.32611,46.01021]},
			"properties" : { "ANNO":"2010","ID_SEZIONE":"22573","ISTAT_COMUNE_SEZ":"103057","COMUNE_SEZ":"PREMOSELLO-CHIOVENDA","PROVINCIA":"VB","ID_CENTRALE":"1065","NOME_CENTRALE":"PREMOSELLO CHIOVENDA","ISTAT_COMUNE_CENTR":"103057","COMUNE_CENTR":"PREMOSELLO-CHIOVENDA","PROVINCIA_CENTR":"VB","INDIRIZZO_CENTRALE":"MILANO 2","LATITUDINE_SEZIONE":"46.01021","LONGITUDINE_SEZIONE":"8.32611","POS_X_SEZIONE":"447828.89049","POS_Y_SEZIONE":"5095402.62824","LATITUDINE_CENTRALE":"46.00301","LONGITUDINE_CENTRALE":"8.32943","POS_X_CENTRALE":"448078.77192","POS_Y_CENTRALE":"5094600.44461","TIPO_ADSL":"ADSL_1","DESCRIZIONE_TIPO_ADSL":"ADSL (8 mega)","DISTANZA_CALCOLATA":"840.20","CLASSE_DISTANZA":"500-899","POTENZA_SEGNALE":"7000","POPOLAZIONE_SEZIONE": "197"}
			},
		 		{ "type" : "Feature",
				"geometry" : {
					"type" : "Point",
					"coordinates" : [8.36224,46.01498]},
			"properties" : { "ANNO":"2010","ID_SEZIONE":"22796","ISTAT_COMUNE_SEZ":"103057","COMUNE_SEZ":"PREMOSELLO-CHIOVENDA","PROVINCIA":"VB","ID_CENTRALE":"1065","NOME_CENTRALE":"PREMOSELLO CHIOVENDA","ISTAT_COMUNE_CENTR":"103057","COMUNE_CENTR":"PREMOSELLO-CHIOVENDA","PROVINCIA_CENTR":"VB","INDIRIZZO_CENTRALE":"MILANO 2","LATITUDINE_SEZIONE":"46.01498","LONGITUDINE_SEZIONE":"8.36224","POS_X_SEZIONE":"450630.45926","POS_Y_SEZIONE":"5095909.09966","LATITUDINE_CENTRALE":"46.00301","LONGITUDINE_CENTRALE":"8.32943","POS_X_CENTRALE":"448078.77192","POS_Y_CENTRALE":"5094600.44461","TIPO_ADSL":"ADSL_1","DESCRIZIONE_TIPO_ADSL":"ADSL (8 mega)","DISTANZA_CALCOLATA":"2867.7","CLASSE_DISTANZA":"2500-2899","POTENZA_SEGNALE":"5749.63","POPOLAZIONE_SEZIONE": "1"}
			},
		 		{ "type" : "Feature",
				"geometry" : {
					"type" : "Point",
					"coordinates" : [8.35898,46.03077]},
			"properties" : { "ANNO":"2010","ID_SEZIONE":"23127","ISTAT_COMUNE_SEZ":"103057","COMUNE_SEZ":"PREMOSELLO-CHIOVENDA","PROVINCIA":"VB","ID_CENTRALE":"1065","NOME_CENTRALE":"PREMOSELLO CHIOVENDA","ISTAT_COMUNE_CENTR":"103057","COMUNE_CENTR":"PREMOSELLO-CHIOVENDA","PROVINCIA_CENTR":"VB","INDIRIZZO_CENTRALE":"MILANO 2","LATITUDINE_SEZIONE":"46.03077","LONGITUDINE_SEZIONE":"8.35898","POS_X_SEZIONE":"450392.14374","POS_Y_SEZIONE":"5097666.09218","LATITUDINE_CENTRALE":"46.00301","LONGITUDINE_CENTRALE":"8.32943","POS_X_CENTRALE":"448078.77192","POS_Y_CENTRALE":"5094600.44461","TIPO_ADSL":"ADSL_1","DESCRIZIONE_TIPO_ADSL":"ADSL (8 mega)","DISTANZA_CALCOLATA":"3840.56","CLASSE_DISTANZA":"3700-4099","POTENZA_SEGNALE":"3000.38","POPOLAZIONE_SEZIONE": ""}
			},
		 		{ "type" : "Feature",
				"geometry" : {
					"type" : "Point",
					"coordinates" : [8.38649,46.03403]},
			"properties" : { "ANNO":"2010","ID_SEZIONE":"23779","ISTAT_COMUNE_SEZ":"103057","COMUNE_SEZ":"PREMOSELLO-CHIOVENDA","PROVINCIA":"VB","ID_CENTRALE":"1065","NOME_CENTRALE":"PREMOSELLO CHIOVENDA","ISTAT_COMUNE_CENTR":"103057","COMUNE_CENTR":"PREMOSELLO-CHIOVENDA","PROVINCIA_CENTR":"VB","INDIRIZZO_CENTRALE":"MILANO 2","LATITUDINE_SEZIONE":"46.03403","LONGITUDINE_SEZIONE":"8.38649","POS_X_SEZIONE":"452523.46150","POS_Y_SEZIONE":"5098011.07368","LATITUDINE_CENTRALE":"46.00301","LONGITUDINE_CENTRALE":"8.32943","POS_X_CENTRALE":"448078.77192","POS_Y_CENTRALE":"5094600.44461","TIPO_ADSL":"ADSL_1","DESCRIZIONE_TIPO_ADSL":"ADSL (8 mega)","DISTANZA_CALCOLATA":"5602.47","CLASSE_DISTANZA":"5300-5699","POTENZA_SEGNALE":"0.00","POPOLAZIONE_SEZIONE": ""}
			},
		 		{ "type" : "Feature",
				"geometry" : {
					"type" : "Point",
					"coordinates" : [8.38124,46.00963]},
			"properties" : { "ANNO":"2010","ID_SEZIONE":"24914","ISTAT_COMUNE_SEZ":"103057","COMUNE_SEZ":"PREMOSELLO-CHIOVENDA","PROVINCIA":"VB","ID_CENTRALE":"1065","NOME_CENTRALE":"PREMOSELLO CHIOVENDA","ISTAT_COMUNE_CENTR":"103057","COMUNE_CENTR":"PREMOSELLO-CHIOVENDA","PROVINCIA_CENTR":"VB","INDIRIZZO_CENTRALE":"MILANO 2","LATITUDINE_SEZIONE":"46.00963","LONGITUDINE_SEZIONE":"8.38124","POS_X_SEZIONE":"452096.52620","POS_Y_SEZIONE":"5095303.08827","LATITUDINE_CENTRALE":"46.00301","LONGITUDINE_CENTRALE":"8.32943","POS_X_CENTRALE":"448078.77192","POS_Y_CENTRALE":"5094600.44461","TIPO_ADSL":"ADSL_1","DESCRIZIONE_TIPO_ADSL":"ADSL (8 mega)","DISTANZA_CALCOLATA":"4078.73","CLASSE_DISTANZA":"3700-4099","POTENZA_SEGNALE":"3000.38","POPOLAZIONE_SEZIONE": ""}
			},
		 		{ "type" : "Feature",
				"geometry" : {
					"type" : "Point",
					"coordinates" : [8.33401,46.01261]},
			"properties" : { "ANNO":"2010","ID_SEZIONE":"26574","ISTAT_COMUNE_SEZ":"103057","COMUNE_SEZ":"PREMOSELLO-CHIOVENDA","PROVINCIA":"VB","ID_CENTRALE":"1065","NOME_CENTRALE":"PREMOSELLO CHIOVENDA","ISTAT_COMUNE_CENTR":"103057","COMUNE_CENTR":"PREMOSELLO-CHIOVENDA","PROVINCIA_CENTR":"VB","INDIRIZZO_CENTRALE":"MILANO 2","LATITUDINE_SEZIONE":"46.01261","LONGITUDINE_SEZIONE":"8.33401","POS_X_SEZIONE":"448442.42316","POS_Y_SEZIONE":"5095663.62229","LATITUDINE_CENTRALE":"46.00301","LONGITUDINE_CENTRALE":"8.32943","POS_X_CENTRALE":"448078.77192","POS_Y_CENTRALE":"5094600.44461","TIPO_ADSL":"ADSL_1","DESCRIZIONE_TIPO_ADSL":"ADSL (8 mega)","DISTANZA_CALCOLATA":"1123.65","CLASSE_DISTANZA":"900-1299","POTENZA_SEGNALE":"7000","POPOLAZIONE_SEZIONE": "128"}
			},
		 		{ "type" : "Feature",
				"geometry" : {
					"type" : "Point",
					"coordinates" : [8.38921,46.02274]},
			"properties" : { "ANNO":"2010","ID_SEZIONE":"28867","ISTAT_COMUNE_SEZ":"103057","COMUNE_SEZ":"PREMOSELLO-CHIOVENDA","PROVINCIA":"VB","ID_CENTRALE":"1065","NOME_CENTRALE":"PREMOSELLO CHIOVENDA","ISTAT_COMUNE_CENTR":"103057","COMUNE_CENTR":"PREMOSELLO-CHIOVENDA","PROVINCIA_CENTR":"VB","INDIRIZZO_CENTRALE":"MILANO 2","LATITUDINE_SEZIONE":"46.02274","LONGITUDINE_SEZIONE":"8.38921","POS_X_SEZIONE":"452724.55769","POS_Y_SEZIONE":"5096755.07675","LATITUDINE_CENTRALE":"46.00301","LONGITUDINE_CENTRALE":"8.32943","POS_X_CENTRALE":"448078.77192","POS_Y_CENTRALE":"5094600.44461","TIPO_ADSL":"ADSL_1","DESCRIZIONE_TIPO_ADSL":"ADSL (8 mega)","DISTANZA_CALCOLATA":"5121.11","CLASSE_DISTANZA":"4900-5299","POTENZA_SEGNALE":"125.13","POPOLAZIONE_SEZIONE": ""}
			}
		 		]
	}
		