 	{ "type" : "FeatureCollection",
		"features" : [
		 		{ "type" : "Feature",
				"geometry" : {
					"type" : "Point",
					"coordinates" : [8.45201,44.81930]},
			"properties" : { "ANNO":"2010","ID_SEZIONE":"122","ISTAT_COMUNE_SEZ":"6015","COMUNE_SEZ":"BERGAMASCO","PROVINCIA":"AL","ID_CENTRALE":"142","NOME_CENTRALE":"BERGAMASCO CONTAINER","ISTAT_COMUNE_CENTR":"6015","COMUNE_CENTR":"BERGAMASCO","PROVINCIA_CENTR":"AL","INDIRIZZO_CENTRALE":"CESARE BATTISTI","LATITUDINE_SEZIONE":"44.81930","LONGITUDINE_SEZIONE":"8.45201","POS_X_SEZIONE":"456674.58649","POS_Y_SEZIONE":"4963023.55509","LATITUDINE_CENTRALE":"44.82861","LONGITUDINE_CENTRALE":"8.45483","POS_X_CENTRALE":"456904.19618","POS_Y_CENTRALE":"4964055.86507","TIPO_ADSL":"ADSL_M","DESCRIZIONE_TIPO_ADSL":"ADSL Mini","DISTANZA_CALCOLATA":"1057.54","CLASSE_DISTANZA":"900-1299","POTENZA_SEGNALE":"0.64","POPOLAZIONE_SEZIONE": ""}
			},
		 		{ "type" : "Feature",
				"geometry" : {
					"type" : "Point",
					"coordinates" : [8.45485,44.82761]},
			"properties" : { "ANNO":"2010","ID_SEZIONE":"5105","ISTAT_COMUNE_SEZ":"6015","COMUNE_SEZ":"BERGAMASCO","PROVINCIA":"AL","ID_CENTRALE":"142","NOME_CENTRALE":"BERGAMASCO CONTAINER","ISTAT_COMUNE_CENTR":"6015","COMUNE_CENTR":"BERGAMASCO","PROVINCIA_CENTR":"AL","INDIRIZZO_CENTRALE":"CESARE BATTISTI","LATITUDINE_SEZIONE":"44.82761","LONGITUDINE_SEZIONE":"8.45485","POS_X_SEZIONE":"456905.39149","POS_Y_SEZIONE":"4963945.06600","LATITUDINE_CENTRALE":"44.82861","LONGITUDINE_CENTRALE":"8.45483","POS_X_CENTRALE":"456904.19618","POS_Y_CENTRALE":"4964055.86507","TIPO_ADSL":"ADSL_M","DESCRIZIONE_TIPO_ADSL":"ADSL Mini","DISTANZA_CALCOLATA":"110.81","CLASSE_DISTANZA":"100-499","POTENZA_SEGNALE":"0.64","POPOLAZIONE_SEZIONE": "620"}
			},
		 		{ "type" : "Feature",
				"geometry" : {
					"type" : "Point",
					"coordinates" : [8.43424,44.83244]},
			"properties" : { "ANNO":"2010","ID_SEZIONE":"6544","ISTAT_COMUNE_SEZ":"6015","COMUNE_SEZ":"BERGAMASCO","PROVINCIA":"AL","ID_CENTRALE":"142","NOME_CENTRALE":"BERGAMASCO CONTAINER","ISTAT_COMUNE_CENTR":"6015","COMUNE_CENTR":"BERGAMASCO","PROVINCIA_CENTR":"AL","INDIRIZZO_CENTRALE":"CESARE BATTISTI","LATITUDINE_SEZIONE":"44.83244","LONGITUDINE_SEZIONE":"8.43424","POS_X_SEZIONE":"455280.00140","POS_Y_SEZIONE":"4964492.06684","LATITUDINE_CENTRALE":"44.82861","LONGITUDINE_CENTRALE":"8.45483","POS_X_CENTRALE":"456904.19618","POS_Y_CENTRALE":"4964055.86507","TIPO_ADSL":"ADSL_M","DESCRIZIONE_TIPO_ADSL":"ADSL Mini","DISTANZA_CALCOLATA":"1681.75","CLASSE_DISTANZA":"1300-1699","POTENZA_SEGNALE":"0.64","POPOLAZIONE_SEZIONE": "5"}
			},
		 		{ "type" : "Feature",
				"geometry" : {
					"type" : "Point",
					"coordinates" : [8.44535,44.84099]},
			"properties" : { "ANNO":"2010","ID_SEZIONE":"9988","ISTAT_COMUNE_SEZ":"6015","COMUNE_SEZ":"BERGAMASCO","PROVINCIA":"AL","ID_CENTRALE":"142","NOME_CENTRALE":"BERGAMASCO CONTAINER","ISTAT_COMUNE_CENTR":"6015","COMUNE_CENTR":"BERGAMASCO","PROVINCIA_CENTR":"AL","INDIRIZZO_CENTRALE":"CESARE BATTISTI","LATITUDINE_SEZIONE":"44.84099","LONGITUDINE_SEZIONE":"8.44535","POS_X_SEZIONE":"456164.06157","POS_Y_SEZIONE":"4965436.58088","LATITUDINE_CENTRALE":"44.82861","LONGITUDINE_CENTRALE":"8.45483","POS_X_CENTRALE":"456904.19618","POS_Y_CENTRALE":"4964055.86507","TIPO_ADSL":"ADSL_M","DESCRIZIONE_TIPO_ADSL":"ADSL Mini","DISTANZA_CALCOLATA":"1566.58","CLASSE_DISTANZA":"1300-1699","POTENZA_SEGNALE":"0.64","POPOLAZIONE_SEZIONE": "15"}
			},
		 		{ "type" : "Feature",
				"geometry" : {
					"type" : "Point",
					"coordinates" : [8.46106,44.81936]},
			"properties" : { "ANNO":"2010","ID_SEZIONE":"10697","ISTAT_COMUNE_SEZ":"6015","COMUNE_SEZ":"BERGAMASCO","PROVINCIA":"AL","ID_CENTRALE":"142","NOME_CENTRALE":"BERGAMASCO CONTAINER","ISTAT_COMUNE_CENTR":"6015","COMUNE_CENTR":"BERGAMASCO","PROVINCIA_CENTR":"AL","INDIRIZZO_CENTRALE":"CESARE BATTISTI","LATITUDINE_SEZIONE":"44.81936","LONGITUDINE_SEZIONE":"8.46106","POS_X_SEZIONE":"457390.31232","POS_Y_SEZIONE":"4963025.55855","LATITUDINE_CENTRALE":"44.82861","LONGITUDINE_CENTRALE":"8.45483","POS_X_CENTRALE":"456904.19618","POS_Y_CENTRALE":"4964055.86507","TIPO_ADSL":"ADSL_M","DESCRIZIONE_TIPO_ADSL":"ADSL Mini","DISTANZA_CALCOLATA":"1139.23","CLASSE_DISTANZA":"900-1299","POTENZA_SEGNALE":"0.64","POPOLAZIONE_SEZIONE": "37"}
			},
		 		{ "type" : "Feature",
				"geometry" : {
					"type" : "Point",
					"coordinates" : [8.46218,44.81829]},
			"properties" : { "ANNO":"2010","ID_SEZIONE":"12354","ISTAT_COMUNE_SEZ":"6015","COMUNE_SEZ":"BERGAMASCO","PROVINCIA":"AL","ID_CENTRALE":"142","NOME_CENTRALE":"BERGAMASCO CONTAINER","ISTAT_COMUNE_CENTR":"6015","COMUNE_CENTR":"BERGAMASCO","PROVINCIA_CENTR":"AL","INDIRIZZO_CENTRALE":"CESARE BATTISTI","LATITUDINE_SEZIONE":"44.81829","LONGITUDINE_SEZIONE":"8.46218","POS_X_SEZIONE":"457478.09677","POS_Y_SEZIONE":"4962905.55752","LATITUDINE_CENTRALE":"44.82861","LONGITUDINE_CENTRALE":"8.45483","POS_X_CENTRALE":"456904.19618","POS_Y_CENTRALE":"4964055.86507","TIPO_ADSL":"ADSL_M","DESCRIZIONE_TIPO_ADSL":"ADSL Mini","DISTANZA_CALCOLATA":"1285.52","CLASSE_DISTANZA":"900-1299","POTENZA_SEGNALE":"0.64","POPOLAZIONE_SEZIONE": "10"}
			},
		 		{ "type" : "Feature",
				"geometry" : {
					"type" : "Point",
					"coordinates" : [8.46324,44.82483]},
			"properties" : { "ANNO":"2010","ID_SEZIONE":"13872","ISTAT_COMUNE_SEZ":"6015","COMUNE_SEZ":"BERGAMASCO","PROVINCIA":"AL","ID_CENTRALE":"142","NOME_CENTRALE":"BERGAMASCO CONTAINER","ISTAT_COMUNE_CENTR":"6015","COMUNE_CENTR":"BERGAMASCO","PROVINCIA_CENTR":"AL","INDIRIZZO_CENTRALE":"CESARE BATTISTI","LATITUDINE_SEZIONE":"44.82483","LONGITUDINE_SEZIONE":"8.46324","POS_X_SEZIONE":"457566.68352","POS_Y_SEZIONE":"4963632.06555","LATITUDINE_CENTRALE":"44.82861","LONGITUDINE_CENTRALE":"8.45483","POS_X_CENTRALE":"456904.19618","POS_Y_CENTRALE":"4964055.86507","TIPO_ADSL":"ADSL_M","DESCRIZIONE_TIPO_ADSL":"ADSL Mini","DISTANZA_CALCOLATA":"786.44","CLASSE_DISTANZA":"500-899","POTENZA_SEGNALE":"0.64","POPOLAZIONE_SEZIONE": "48"}
			},
		 		{ "type" : "Feature",
				"geometry" : {
					"type" : "Point",
					"coordinates" : [8.47152,44.82913]},
			"properties" : { "ANNO":"2010","ID_SEZIONE":"15734","ISTAT_COMUNE_SEZ":"6031","COMUNE_SEZ":"CARENTINO","PROVINCIA":"AL","ID_CENTRALE":"142","NOME_CENTRALE":"BERGAMASCO CONTAINER","ISTAT_COMUNE_CENTR":"6015","COMUNE_CENTR":"BERGAMASCO","PROVINCIA_CENTR":"AL","INDIRIZZO_CENTRALE":"CESARE BATTISTI","LATITUDINE_SEZIONE":"44.82913","LONGITUDINE_SEZIONE":"8.47152","POS_X_SEZIONE":"458223.90515","POS_Y_SEZIONE":"4964104.57346","LATITUDINE_CENTRALE":"44.82861","LONGITUDINE_CENTRALE":"8.45483","POS_X_CENTRALE":"456904.19618","POS_Y_CENTRALE":"4964055.86507","TIPO_ADSL":"ADSL_M","DESCRIZIONE_TIPO_ADSL":"ADSL Mini","DISTANZA_CALCOLATA":"1320.61","CLASSE_DISTANZA":"1300-1699","POTENZA_SEGNALE":"0.64","POPOLAZIONE_SEZIONE": "279"}
			},
		 		{ "type" : "Feature",
				"geometry" : {
					"type" : "Point",
					"coordinates" : [8.43751,44.81704]},
			"properties" : { "ANNO":"2010","ID_SEZIONE":"22970","ISTAT_COMUNE_SEZ":"6015","COMUNE_SEZ":"BERGAMASCO","PROVINCIA":"AL","ID_CENTRALE":"142","NOME_CENTRALE":"BERGAMASCO CONTAINER","ISTAT_COMUNE_CENTR":"6015","COMUNE_CENTR":"BERGAMASCO","PROVINCIA_CENTR":"AL","INDIRIZZO_CENTRALE":"CESARE BATTISTI","LATITUDINE_SEZIONE":"44.81704","LONGITUDINE_SEZIONE":"8.43751","POS_X_SEZIONE":"455526.61542","POS_Y_SEZIONE":"4962779.55074","LATITUDINE_CENTRALE":"44.82861","LONGITUDINE_CENTRALE":"8.45483","POS_X_CENTRALE":"456904.19618","POS_Y_CENTRALE":"4964055.86507","TIPO_ADSL":"ADSL_M","DESCRIZIONE_TIPO_ADSL":"ADSL Mini","DISTANZA_CALCOLATA":"1877.95","CLASSE_DISTANZA":"1700-2099","POTENZA_SEGNALE":"0.64","POPOLAZIONE_SEZIONE": "1"}
			},
		 		{ "type" : "Feature",
				"geometry" : {
					"type" : "Point",
					"coordinates" : [8.45861,44.81109]},
			"properties" : { "ANNO":"2010","ID_SEZIONE":"24677","ISTAT_COMUNE_SEZ":"6015","COMUNE_SEZ":"BERGAMASCO","PROVINCIA":"AL","ID_CENTRALE":"142","NOME_CENTRALE":"BERGAMASCO CONTAINER","ISTAT_COMUNE_CENTR":"6015","COMUNE_CENTR":"BERGAMASCO","PROVINCIA_CENTR":"AL","INDIRIZZO_CENTRALE":"CESARE BATTISTI","LATITUDINE_SEZIONE":"44.81109","LONGITUDINE_SEZIONE":"8.45861","POS_X_SEZIONE":"457190.16384","POS_Y_SEZIONE":"4962107.54818","LATITUDINE_CENTRALE":"44.82861","LONGITUDINE_CENTRALE":"8.45483","POS_X_CENTRALE":"456904.19618","POS_Y_CENTRALE":"4964055.86507","TIPO_ADSL":"ADSL_M","DESCRIZIONE_TIPO_ADSL":"ADSL Mini","DISTANZA_CALCOLATA":"1969.19","CLASSE_DISTANZA":"1700-2099","POTENZA_SEGNALE":"0.64","POPOLAZIONE_SEZIONE": "18"}
			},
		 		{ "type" : "Feature",
				"geometry" : {
					"type" : "Point",
					"coordinates" : [8.44666,44.82928]},
			"properties" : { "ANNO":"2010","ID_SEZIONE":"26004","ISTAT_COMUNE_SEZ":"6015","COMUNE_SEZ":"BERGAMASCO","PROVINCIA":"AL","ID_CENTRALE":"142","NOME_CENTRALE":"BERGAMASCO CONTAINER","ISTAT_COMUNE_CENTR":"6015","COMUNE_CENTR":"BERGAMASCO","PROVINCIA_CENTR":"AL","INDIRIZZO_CENTRALE":"CESARE BATTISTI","LATITUDINE_SEZIONE":"44.82928","LONGITUDINE_SEZIONE":"8.44666","POS_X_SEZIONE":"456259.26029","POS_Y_SEZIONE":"4964134.56591","LATITUDINE_CENTRALE":"44.82861","LONGITUDINE_CENTRALE":"8.45483","POS_X_CENTRALE":"456904.19618","POS_Y_CENTRALE":"4964055.86507","TIPO_ADSL":"ADSL_M","DESCRIZIONE_TIPO_ADSL":"ADSL Mini","DISTANZA_CALCOLATA":"649.72","CLASSE_DISTANZA":"500-899","POTENZA_SEGNALE":"0.64","POPOLAZIONE_SEZIONE": "3"}
			},
		 		{ "type" : "Feature",
				"geometry" : {
					"type" : "Point",
					"coordinates" : [8.48551,44.82391]},
			"properties" : { "ANNO":"2010","ID_SEZIONE":"26389","ISTAT_COMUNE_SEZ":"6031","COMUNE_SEZ":"CARENTINO","PROVINCIA":"AL","ID_CENTRALE":"142","NOME_CENTRALE":"BERGAMASCO CONTAINER","ISTAT_COMUNE_CENTR":"6015","COMUNE_CENTR":"BERGAMASCO","PROVINCIA_CENTR":"AL","INDIRIZZO_CENTRALE":"CESARE BATTISTI","LATITUDINE_SEZIONE":"44.82391","LONGITUDINE_SEZIONE":"8.48551","POS_X_SEZIONE":"459326.45414","POS_Y_SEZIONE":"4963518.07234","LATITUDINE_CENTRALE":"44.82861","LONGITUDINE_CENTRALE":"8.45483","POS_X_CENTRALE":"456904.19618","POS_Y_CENTRALE":"4964055.86507","TIPO_ADSL":"ADSL_M","DESCRIZIONE_TIPO_ADSL":"ADSL Mini","DISTANZA_CALCOLATA":"2481.24","CLASSE_DISTANZA":"2100-2499","POTENZA_SEGNALE":"0.64","POPOLAZIONE_SEZIONE": "34"}
			},
		 		{ "type" : "Feature",
				"geometry" : {
					"type" : "Point",
					"coordinates" : [8.46905,44.83894]},
			"properties" : { "ANNO":"2010","ID_SEZIONE":"28111","ISTAT_COMUNE_SEZ":"6015","COMUNE_SEZ":"BERGAMASCO","PROVINCIA":"AL","ID_CENTRALE":"142","NOME_CENTRALE":"BERGAMASCO CONTAINER","ISTAT_COMUNE_CENTR":"6015","COMUNE_CENTR":"BERGAMASCO","PROVINCIA_CENTR":"AL","INDIRIZZO_CENTRALE":"CESARE BATTISTI","LATITUDINE_SEZIONE":"44.83894","LONGITUDINE_SEZIONE":"8.46905","POS_X_SEZIONE":"458035.64326","POS_Y_SEZIONE":"4965195.58556","LATITUDINE_CENTRALE":"44.82861","LONGITUDINE_CENTRALE":"8.45483","POS_X_CENTRALE":"456904.19618","POS_Y_CENTRALE":"4964055.86507","TIPO_ADSL":"ADSL_M","DESCRIZIONE_TIPO_ADSL":"ADSL Mini","DISTANZA_CALCOLATA":"1605.97","CLASSE_DISTANZA":"1300-1699","POTENZA_SEGNALE":"0.64","POPOLAZIONE_SEZIONE": "5"}
			},
		 		{ "type" : "Feature",
				"geometry" : {
					"type" : "Point",
					"coordinates" : [8.43056,44.82521]},
			"properties" : { "ANNO":"2010","ID_SEZIONE":"31357","ISTAT_COMUNE_SEZ":"6015","COMUNE_SEZ":"BERGAMASCO","PROVINCIA":"AL","ID_CENTRALE":"142","NOME_CENTRALE":"BERGAMASCO CONTAINER","ISTAT_COMUNE_CENTR":"6015","COMUNE_CENTR":"BERGAMASCO","PROVINCIA_CENTR":"AL","INDIRIZZO_CENTRALE":"CESARE BATTISTI","LATITUDINE_SEZIONE":"44.82521","LONGITUDINE_SEZIONE":"8.43056","POS_X_SEZIONE":"454983.50937","POS_Y_SEZIONE":"4963691.05871","LATITUDINE_CENTRALE":"44.82861","LONGITUDINE_CENTRALE":"8.45483","POS_X_CENTRALE":"456904.19618","POS_Y_CENTRALE":"4964055.86507","TIPO_ADSL":"ADSL_M","DESCRIZIONE_TIPO_ADSL":"ADSL Mini","DISTANZA_CALCOLATA":"1955.02","CLASSE_DISTANZA":"1700-2099","POTENZA_SEGNALE":"0.64","POPOLAZIONE_SEZIONE": "3"}
			}
		 		]
	}
		