 	{ "type" : "FeatureCollection",
		"features" : [
		 		{ "type" : "Feature",
				"geometry" : {
					"type" : "Point",
					"coordinates" : [7.40788,44.38754]},
			"properties" : { "ANNO":"2010","ID_SEZIONE":"437","ISTAT_COMUNE_SEZ":"4022","COMUNE_SEZ":"BERNEZZO","PROVINCIA":"CN","ID_CENTRALE":"143","NOME_CENTRALE":"BERNEZZO 3","ISTAT_COMUNE_CENTR":"4022","COMUNE_CENTR":"BERNEZZO","PROVINCIA_CENTR":"CN","INDIRIZZO_CENTRALE":"VIA REGINA MARGHERITA","LATITUDINE_SEZIONE":"44.38754","LONGITUDINE_SEZIONE":"7.40788","POS_X_SEZIONE":"373186.81118","POS_Y_SEZIONE":"4916149.66269","LATITUDINE_CENTRALE":"44.38563","LONGITUDINE_CENTRALE":"7.43446","POS_X_CENTRALE":"375299.84756","POS_Y_CENTRALE":"4915897.40946","TIPO_ADSL":"ADSL_M","DESCRIZIONE_TIPO_ADSL":"ADSL Mini","DISTANZA_CALCOLATA":"2128.04","CLASSE_DISTANZA":"2100-2499","POTENZA_SEGNALE":"0.64","POPOLAZIONE_SEZIONE": ""}
			},
		 		{ "type" : "Feature",
				"geometry" : {
					"type" : "Point",
					"coordinates" : [7.42941,44.36414]},
			"properties" : { "ANNO":"2010","ID_SEZIONE":"1331","ISTAT_COMUNE_SEZ":"4022","COMUNE_SEZ":"BERNEZZO","PROVINCIA":"CN","ID_CENTRALE":"143","NOME_CENTRALE":"BERNEZZO 3","ISTAT_COMUNE_CENTR":"4022","COMUNE_CENTR":"BERNEZZO","PROVINCIA_CENTR":"CN","INDIRIZZO_CENTRALE":"VIA REGINA MARGHERITA","LATITUDINE_SEZIONE":"44.36414","LONGITUDINE_SEZIONE":"7.42941","POS_X_SEZIONE":"374851.28530","POS_Y_SEZIONE":"4913518.15370","LATITUDINE_CENTRALE":"44.38563","LONGITUDINE_CENTRALE":"7.43446","POS_X_CENTRALE":"375299.84756","POS_Y_CENTRALE":"4915897.40946","TIPO_ADSL":"ADSL_M","DESCRIZIONE_TIPO_ADSL":"ADSL Mini","DISTANZA_CALCOLATA":"2421.17","CLASSE_DISTANZA":"2100-2499","POTENZA_SEGNALE":"0.64","POPOLAZIONE_SEZIONE": "7"}
			},
		 		{ "type" : "Feature",
				"geometry" : {
					"type" : "Point",
					"coordinates" : [7.44682,44.37954]},
			"properties" : { "ANNO":"2010","ID_SEZIONE":"1707","ISTAT_COMUNE_SEZ":"4022","COMUNE_SEZ":"BERNEZZO","PROVINCIA":"CN","ID_CENTRALE":"143","NOME_CENTRALE":"BERNEZZO 3","ISTAT_COMUNE_CENTR":"4022","COMUNE_CENTR":"BERNEZZO","PROVINCIA_CENTR":"CN","INDIRIZZO_CENTRALE":"VIA REGINA MARGHERITA","LATITUDINE_SEZIONE":"44.37954","LONGITUDINE_SEZIONE":"7.44682","POS_X_SEZIONE":"376271.26917","POS_Y_SEZIONE":"4915201.67473","LATITUDINE_CENTRALE":"44.38563","LONGITUDINE_CENTRALE":"7.43446","POS_X_CENTRALE":"375299.84756","POS_Y_CENTRALE":"4915897.40946","TIPO_ADSL":"ADSL_M","DESCRIZIONE_TIPO_ADSL":"ADSL Mini","DISTANZA_CALCOLATA":"1194.87","CLASSE_DISTANZA":"900-1299","POTENZA_SEGNALE":"0.64","POPOLAZIONE_SEZIONE": "70"}
			},
		 		{ "type" : "Feature",
				"geometry" : {
					"type" : "Point",
					"coordinates" : [7.42401,44.38682]},
			"properties" : { "ANNO":"2010","ID_SEZIONE":"2556","ISTAT_COMUNE_SEZ":"4022","COMUNE_SEZ":"BERNEZZO","PROVINCIA":"CN","ID_CENTRALE":"143","NOME_CENTRALE":"BERNEZZO 3","ISTAT_COMUNE_CENTR":"4022","COMUNE_CENTR":"BERNEZZO","PROVINCIA_CENTR":"CN","INDIRIZZO_CENTRALE":"VIA REGINA MARGHERITA","LATITUDINE_SEZIONE":"44.38682","LONGITUDINE_SEZIONE":"7.42401","POS_X_SEZIONE":"374470.01938","POS_Y_SEZIONE":"4916045.66986","LATITUDINE_CENTRALE":"44.38563","LONGITUDINE_CENTRALE":"7.43446","POS_X_CENTRALE":"375299.84756","POS_Y_CENTRALE":"4915897.40946","TIPO_ADSL":"ADSL_M","DESCRIZIONE_TIPO_ADSL":"ADSL Mini","DISTANZA_CALCOLATA":"842.97","CLASSE_DISTANZA":"500-899","POTENZA_SEGNALE":"0.64","POPOLAZIONE_SEZIONE": "36"}
			},
		 		{ "type" : "Feature",
				"geometry" : {
					"type" : "Point",
					"coordinates" : [7.38941,44.38459]},
			"properties" : { "ANNO":"2010","ID_SEZIONE":"2558","ISTAT_COMUNE_SEZ":"4022","COMUNE_SEZ":"BERNEZZO","PROVINCIA":"CN","ID_CENTRALE":"143","NOME_CENTRALE":"BERNEZZO 3","ISTAT_COMUNE_CENTR":"4022","COMUNE_CENTR":"BERNEZZO","PROVINCIA_CENTR":"CN","INDIRIZZO_CENTRALE":"VIA REGINA MARGHERITA","LATITUDINE_SEZIONE":"44.38459","LONGITUDINE_SEZIONE":"7.38941","POS_X_SEZIONE":"371708.95698","POS_Y_SEZIONE":"4915850.65111","LATITUDINE_CENTRALE":"44.38563","LONGITUDINE_CENTRALE":"7.43446","POS_X_CENTRALE":"375299.84756","POS_Y_CENTRALE":"4915897.40946","TIPO_ADSL":"ADSL_M","DESCRIZIONE_TIPO_ADSL":"ADSL Mini","DISTANZA_CALCOLATA":"3591.2","CLASSE_DISTANZA":"3300-3699","POTENZA_SEGNALE":"0.64","POPOLAZIONE_SEZIONE": ""}
			},
		 		{ "type" : "Feature",
				"geometry" : {
					"type" : "Point",
					"coordinates" : [7.38787,44.37011]},
			"properties" : { "ANNO":"2010","ID_SEZIONE":"4907","ISTAT_COMUNE_SEZ":"4022","COMUNE_SEZ":"BERNEZZO","PROVINCIA":"CN","ID_CENTRALE":"143","NOME_CENTRALE":"BERNEZZO 3","ISTAT_COMUNE_CENTR":"4022","COMUNE_CENTR":"BERNEZZO","PROVINCIA_CENTR":"CN","INDIRIZZO_CENTRALE":"VIA REGINA MARGHERITA","LATITUDINE_SEZIONE":"44.37011","LONGITUDINE_SEZIONE":"7.38787","POS_X_SEZIONE":"371554.30021","POS_Y_SEZIONE":"4914245.63863","LATITUDINE_CENTRALE":"44.38563","LONGITUDINE_CENTRALE":"7.43446","POS_X_CENTRALE":"375299.84756","POS_Y_CENTRALE":"4915897.40946","TIPO_ADSL":"ADSL_M","DESCRIZIONE_TIPO_ADSL":"ADSL Mini","DISTANZA_CALCOLATA":"4093.59","CLASSE_DISTANZA":"3700-4099","POTENZA_SEGNALE":"0.64","POPOLAZIONE_SEZIONE": "4"}
			},
		 		{ "type" : "Feature",
				"geometry" : {
					"type" : "Point",
					"coordinates" : [7.43387,44.38963]},
			"properties" : { "ANNO":"2010","ID_SEZIONE":"8869","ISTAT_COMUNE_SEZ":"4022","COMUNE_SEZ":"BERNEZZO","PROVINCIA":"CN","ID_CENTRALE":"143","NOME_CENTRALE":"BERNEZZO 3","ISTAT_COMUNE_CENTR":"4022","COMUNE_CENTR":"BERNEZZO","PROVINCIA_CENTR":"CN","INDIRIZZO_CENTRALE":"VIA REGINA MARGHERITA","LATITUDINE_SEZIONE":"44.38963","LONGITUDINE_SEZIONE":"7.43387","POS_X_SEZIONE":"375261.31743","POS_Y_SEZIONE":"4916342.17725","LATITUDINE_CENTRALE":"44.38563","LONGITUDINE_CENTRALE":"7.43446","POS_X_CENTRALE":"375299.84756","POS_Y_CENTRALE":"4915897.40946","TIPO_ADSL":"ADSL_M","DESCRIZIONE_TIPO_ADSL":"ADSL Mini","DISTANZA_CALCOLATA":"446.43","CLASSE_DISTANZA":"100-499","POTENZA_SEGNALE":"0.64","POPOLAZIONE_SEZIONE": "440"}
			},
		 		{ "type" : "Feature",
				"geometry" : {
					"type" : "Point",
					"coordinates" : [7.44759,44.38944]},
			"properties" : { "ANNO":"2010","ID_SEZIONE":"10709","ISTAT_COMUNE_SEZ":"4022","COMUNE_SEZ":"BERNEZZO","PROVINCIA":"CN","ID_CENTRALE":"143","NOME_CENTRALE":"BERNEZZO 3","ISTAT_COMUNE_CENTR":"4022","COMUNE_CENTR":"BERNEZZO","PROVINCIA_CENTR":"CN","INDIRIZZO_CENTRALE":"VIA REGINA MARGHERITA","LATITUDINE_SEZIONE":"44.38944","LONGITUDINE_SEZIONE":"7.44759","POS_X_SEZIONE":"376353.55679","POS_Y_SEZIONE":"4916300.18353","LATITUDINE_CENTRALE":"44.38563","LONGITUDINE_CENTRALE":"7.43446","POS_X_CENTRALE":"375299.84756","POS_Y_CENTRALE":"4915897.40946","TIPO_ADSL":"ADSL_M","DESCRIZIONE_TIPO_ADSL":"ADSL Mini","DISTANZA_CALCOLATA":"1128.06","CLASSE_DISTANZA":"900-1299","POTENZA_SEGNALE":"0.64","POPOLAZIONE_SEZIONE": "204"}
			},
		 		{ "type" : "Feature",
				"geometry" : {
					"type" : "Point",
					"coordinates" : [7.48551,44.41224]},
			"properties" : { "ANNO":"2010","ID_SEZIONE":"12513","ISTAT_COMUNE_SEZ":"4022","COMUNE_SEZ":"BERNEZZO","PROVINCIA":"CN","ID_CENTRALE":"143","NOME_CENTRALE":"BERNEZZO 3","ISTAT_COMUNE_CENTR":"4022","COMUNE_CENTR":"BERNEZZO","PROVINCIA_CENTR":"CN","INDIRIZZO_CENTRALE":"VIA REGINA MARGHERITA","LATITUDINE_SEZIONE":"44.41224","LONGITUDINE_SEZIONE":"7.48551","POS_X_SEZIONE":"379420.83666","POS_Y_SEZIONE":"4918776.68759","LATITUDINE_CENTRALE":"44.38563","LONGITUDINE_CENTRALE":"7.43446","POS_X_CENTRALE":"375299.84756","POS_Y_CENTRALE":"4915897.40946","TIPO_ADSL":"ADSL_M","DESCRIZIONE_TIPO_ADSL":"ADSL Mini","DISTANZA_CALCOLATA":"5027.21","CLASSE_DISTANZA":"4900-5299","POTENZA_SEGNALE":"0.00","POPOLAZIONE_SEZIONE": "30"}
			},
		 		{ "type" : "Feature",
				"geometry" : {
					"type" : "Point",
					"coordinates" : [7.43847,44.39167]},
			"properties" : { "ANNO":"2010","ID_SEZIONE":"13013","ISTAT_COMUNE_SEZ":"4022","COMUNE_SEZ":"BERNEZZO","PROVINCIA":"CN","ID_CENTRALE":"143","NOME_CENTRALE":"BERNEZZO 3","ISTAT_COMUNE_CENTR":"4022","COMUNE_CENTR":"BERNEZZO","PROVINCIA_CENTR":"CN","INDIRIZZO_CENTRALE":"VIA REGINA MARGHERITA","LATITUDINE_SEZIONE":"44.39167","LONGITUDINE_SEZIONE":"7.43847","POS_X_SEZIONE":"375631.77759","POS_Y_SEZIONE":"4916562.18109","LATITUDINE_CENTRALE":"44.38563","LONGITUDINE_CENTRALE":"7.43446","POS_X_CENTRALE":"375299.84756","POS_Y_CENTRALE":"4915897.40946","TIPO_ADSL":"ADSL_M","DESCRIZIONE_TIPO_ADSL":"ADSL Mini","DISTANZA_CALCOLATA":"743.03","CLASSE_DISTANZA":"500-899","POTENZA_SEGNALE":"0.64","POPOLAZIONE_SEZIONE": "32"}
			},
		 		{ "type" : "Feature",
				"geometry" : {
					"type" : "Point",
					"coordinates" : [7.44691,44.39986]},
			"properties" : { "ANNO":"2010","ID_SEZIONE":"16097","ISTAT_COMUNE_SEZ":"4022","COMUNE_SEZ":"BERNEZZO","PROVINCIA":"CN","ID_CENTRALE":"143","NOME_CENTRALE":"BERNEZZO 3","ISTAT_COMUNE_CENTR":"4022","COMUNE_CENTR":"BERNEZZO","PROVINCIA_CENTR":"CN","INDIRIZZO_CENTRALE":"VIA REGINA MARGHERITA","LATITUDINE_SEZIONE":"44.39986","LONGITUDINE_SEZIONE":"7.44691","POS_X_SEZIONE":"376321.65765","POS_Y_SEZIONE":"4917458.69207","LATITUDINE_CENTRALE":"44.38563","LONGITUDINE_CENTRALE":"7.43446","POS_X_CENTRALE":"375299.84756","POS_Y_CENTRALE":"4915897.40946","TIPO_ADSL":"ADSL_M","DESCRIZIONE_TIPO_ADSL":"ADSL Mini","DISTANZA_CALCOLATA":"1865.93","CLASSE_DISTANZA":"1700-2099","POTENZA_SEGNALE":"0.64","POPOLAZIONE_SEZIONE": "11"}
			},
		 		{ "type" : "Feature",
				"geometry" : {
					"type" : "Point",
					"coordinates" : [7.45612,44.38489]},
			"properties" : { "ANNO":"2010","ID_SEZIONE":"16368","ISTAT_COMUNE_SEZ":"4022","COMUNE_SEZ":"BERNEZZO","PROVINCIA":"CN","ID_CENTRALE":"143","NOME_CENTRALE":"BERNEZZO 3","ISTAT_COMUNE_CENTR":"4022","COMUNE_CENTR":"BERNEZZO","PROVINCIA_CENTR":"CN","INDIRIZZO_CENTRALE":"VIA REGINA MARGHERITA","LATITUDINE_SEZIONE":"44.38489","LONGITUDINE_SEZIONE":"7.45612","POS_X_SEZIONE":"377023.52927","POS_Y_SEZIONE":"4915781.68010","LATITUDINE_CENTRALE":"44.38563","LONGITUDINE_CENTRALE":"7.43446","POS_X_CENTRALE":"375299.84756","POS_Y_CENTRALE":"4915897.40946","TIPO_ADSL":"ADSL_M","DESCRIZIONE_TIPO_ADSL":"ADSL Mini","DISTANZA_CALCOLATA":"1727.56","CLASSE_DISTANZA":"1700-2099","POTENZA_SEGNALE":"0.64","POPOLAZIONE_SEZIONE": "30"}
			},
		 		{ "type" : "Feature",
				"geometry" : {
					"type" : "Point",
					"coordinates" : [7.42086,44.37546]},
			"properties" : { "ANNO":"2010","ID_SEZIONE":"16881","ISTAT_COMUNE_SEZ":"4022","COMUNE_SEZ":"BERNEZZO","PROVINCIA":"CN","ID_CENTRALE":"143","NOME_CENTRALE":"BERNEZZO 3","ISTAT_COMUNE_CENTR":"4022","COMUNE_CENTR":"BERNEZZO","PROVINCIA_CENTR":"CN","INDIRIZZO_CENTRALE":"VIA REGINA MARGHERITA","LATITUDINE_SEZIONE":"44.37546","LONGITUDINE_SEZIONE":"7.42086","POS_X_SEZIONE":"374194.85931","POS_Y_SEZIONE":"4914788.65866","LATITUDINE_CENTRALE":"44.38563","LONGITUDINE_CENTRALE":"7.43446","POS_X_CENTRALE":"375299.84756","POS_Y_CENTRALE":"4915897.40946","TIPO_ADSL":"ADSL_M","DESCRIZIONE_TIPO_ADSL":"ADSL Mini","DISTANZA_CALCOLATA":"1565.35","CLASSE_DISTANZA":"1300-1699","POTENZA_SEGNALE":"0.64","POPOLAZIONE_SEZIONE": "33"}
			},
		 		{ "type" : "Feature",
				"geometry" : {
					"type" : "Point",
					"coordinates" : [7.43718,44.38323]},
			"properties" : { "ANNO":"2010","ID_SEZIONE":"17127","ISTAT_COMUNE_SEZ":"4022","COMUNE_SEZ":"BERNEZZO","PROVINCIA":"CN","ID_CENTRALE":"143","NOME_CENTRALE":"BERNEZZO 3","ISTAT_COMUNE_CENTR":"4022","COMUNE_CENTR":"BERNEZZO","PROVINCIA_CENTR":"CN","INDIRIZZO_CENTRALE":"VIA REGINA MARGHERITA","LATITUDINE_SEZIONE":"44.38323","LONGITUDINE_SEZIONE":"7.43718","POS_X_SEZIONE":"375511.54872","POS_Y_SEZIONE":"4915626.67313","LATITUDINE_CENTRALE":"44.38563","LONGITUDINE_CENTRALE":"7.43446","POS_X_CENTRALE":"375299.84756","POS_Y_CENTRALE":"4915897.40946","TIPO_ADSL":"ADSL_M","DESCRIZIONE_TIPO_ADSL":"ADSL Mini","DISTANZA_CALCOLATA":"343.68","CLASSE_DISTANZA":"100-499","POTENZA_SEGNALE":"0.64","POPOLAZIONE_SEZIONE": "781"}
			},
		 		{ "type" : "Feature",
				"geometry" : {
					"type" : "Point",
					"coordinates" : [7.41091,44.37860]},
			"properties" : { "ANNO":"2010","ID_SEZIONE":"18439","ISTAT_COMUNE_SEZ":"4022","COMUNE_SEZ":"BERNEZZO","PROVINCIA":"CN","ID_CENTRALE":"143","NOME_CENTRALE":"BERNEZZO 3","ISTAT_COMUNE_CENTR":"4022","COMUNE_CENTR":"BERNEZZO","PROVINCIA_CENTR":"CN","INDIRIZZO_CENTRALE":"VIA REGINA MARGHERITA","LATITUDINE_SEZIONE":"44.37860","LONGITUDINE_SEZIONE":"7.41091","POS_X_SEZIONE":"373408.42270","POS_Y_SEZIONE":"4915152.65687","LATITUDINE_CENTRALE":"44.38563","LONGITUDINE_CENTRALE":"7.43446","POS_X_CENTRALE":"375299.84756","POS_Y_CENTRALE":"4915897.40946","TIPO_ADSL":"ADSL_M","DESCRIZIONE_TIPO_ADSL":"ADSL Mini","DISTANZA_CALCOLATA":"2032.77","CLASSE_DISTANZA":"1700-2099","POTENZA_SEGNALE":"0.64","POPOLAZIONE_SEZIONE": "18"}
			},
		 		{ "type" : "Feature",
				"geometry" : {
					"type" : "Point",
					"coordinates" : [7.42644,44.37804]},
			"properties" : { "ANNO":"2010","ID_SEZIONE":"18454","ISTAT_COMUNE_SEZ":"4022","COMUNE_SEZ":"BERNEZZO","PROVINCIA":"CN","ID_CENTRALE":"143","NOME_CENTRALE":"BERNEZZO 3","ISTAT_COMUNE_CENTR":"4022","COMUNE_CENTR":"BERNEZZO","PROVINCIA_CENTR":"CN","INDIRIZZO_CENTRALE":"VIA REGINA MARGHERITA","LATITUDINE_SEZIONE":"44.37804","LONGITUDINE_SEZIONE":"7.42644","POS_X_SEZIONE":"374644.63032","POS_Y_SEZIONE":"4915066.66391","LATITUDINE_CENTRALE":"44.38563","LONGITUDINE_CENTRALE":"7.43446","POS_X_CENTRALE":"375299.84756","POS_Y_CENTRALE":"4915897.40946","TIPO_ADSL":"ADSL_M","DESCRIZIONE_TIPO_ADSL":"ADSL Mini","DISTANZA_CALCOLATA":"1058.04","CLASSE_DISTANZA":"900-1299","POTENZA_SEGNALE":"0.64","POPOLAZIONE_SEZIONE": "38"}
			},
		 		{ "type" : "Feature",
				"geometry" : {
					"type" : "Point",
					"coordinates" : [7.42311,44.37051]},
			"properties" : { "ANNO":"2010","ID_SEZIONE":"18456","ISTAT_COMUNE_SEZ":"4022","COMUNE_SEZ":"BERNEZZO","PROVINCIA":"CN","ID_CENTRALE":"143","NOME_CENTRALE":"BERNEZZO 3","ISTAT_COMUNE_CENTR":"4022","COMUNE_CENTR":"BERNEZZO","PROVINCIA_CENTR":"CN","INDIRIZZO_CENTRALE":"VIA REGINA MARGHERITA","LATITUDINE_SEZIONE":"44.37051","LONGITUDINE_SEZIONE":"7.42311","POS_X_SEZIONE":"374363.43224","POS_Y_SEZIONE":"4914234.65572","LATITUDINE_CENTRALE":"44.38563","LONGITUDINE_CENTRALE":"7.43446","POS_X_CENTRALE":"375299.84756","POS_Y_CENTRALE":"4915897.40946","TIPO_ADSL":"ADSL_M","DESCRIZIONE_TIPO_ADSL":"ADSL Mini","DISTANZA_CALCOLATA":"1908.3","CLASSE_DISTANZA":"1700-2099","POTENZA_SEGNALE":"0.64","POPOLAZIONE_SEZIONE": "2"}
			},
		 		{ "type" : "Feature",
				"geometry" : {
					"type" : "Point",
					"coordinates" : [7.45925,44.40075]},
			"properties" : { "ANNO":"2010","ID_SEZIONE":"19582","ISTAT_COMUNE_SEZ":"4022","COMUNE_SEZ":"BERNEZZO","PROVINCIA":"CN","ID_CENTRALE":"143","NOME_CENTRALE":"BERNEZZO 3","ISTAT_COMUNE_CENTR":"4022","COMUNE_CENTR":"BERNEZZO","PROVINCIA_CENTR":"CN","INDIRIZZO_CENTRALE":"VIA REGINA MARGHERITA","LATITUDINE_SEZIONE":"44.40075","LONGITUDINE_SEZIONE":"7.45925","POS_X_SEZIONE":"377306.01861","POS_Y_SEZIONE":"4917539.69201","LATITUDINE_CENTRALE":"44.38563","LONGITUDINE_CENTRALE":"7.43446","POS_X_CENTRALE":"375299.84756","POS_Y_CENTRALE":"4915897.40946","TIPO_ADSL":"ADSL_M","DESCRIZIONE_TIPO_ADSL":"ADSL Mini","DISTANZA_CALCOLATA":"2592.65","CLASSE_DISTANZA":"2500-2899","POTENZA_SEGNALE":"0.64","POPOLAZIONE_SEZIONE": "28"}
			},
		 		{ "type" : "Feature",
				"geometry" : {
					"type" : "Point",
					"coordinates" : [7.40941,44.36715]},
			"properties" : { "ANNO":"2010","ID_SEZIONE":"20473","ISTAT_COMUNE_SEZ":"4022","COMUNE_SEZ":"BERNEZZO","PROVINCIA":"CN","ID_CENTRALE":"143","NOME_CENTRALE":"BERNEZZO 3","ISTAT_COMUNE_CENTR":"4022","COMUNE_CENTR":"BERNEZZO","PROVINCIA_CENTR":"CN","INDIRIZZO_CENTRALE":"VIA REGINA MARGHERITA","LATITUDINE_SEZIONE":"44.36715","LONGITUDINE_SEZIONE":"7.40941","POS_X_SEZIONE":"373264.35512","POS_Y_SEZIONE":"4913882.64650","LATITUDINE_CENTRALE":"44.38563","LONGITUDINE_CENTRALE":"7.43446","POS_X_CENTRALE":"375299.84756","POS_Y_CENTRALE":"4915897.40946","TIPO_ADSL":"ADSL_M","DESCRIZIONE_TIPO_ADSL":"ADSL Mini","DISTANZA_CALCOLATA":"2864","CLASSE_DISTANZA":"2500-2899","POTENZA_SEGNALE":"0.64","POPOLAZIONE_SEZIONE": "10"}
			},
		 		{ "type" : "Feature",
				"geometry" : {
					"type" : "Point",
					"coordinates" : [7.48459,44.40160]},
			"properties" : { "ANNO":"2010","ID_SEZIONE":"21350","ISTAT_COMUNE_SEZ":"4022","COMUNE_SEZ":"BERNEZZO","PROVINCIA":"CN","ID_CENTRALE":"143","NOME_CENTRALE":"BERNEZZO 3","ISTAT_COMUNE_CENTR":"4022","COMUNE_CENTR":"BERNEZZO","PROVINCIA_CENTR":"CN","INDIRIZZO_CENTRALE":"VIA REGINA MARGHERITA","LATITUDINE_SEZIONE":"44.40160","LONGITUDINE_SEZIONE":"7.48459","POS_X_SEZIONE":"379325.39628","POS_Y_SEZIONE":"4917596.18097","LATITUDINE_CENTRALE":"44.38563","LONGITUDINE_CENTRALE":"7.43446","POS_X_CENTRALE":"375299.84756","POS_Y_CENTRALE":"4915897.40946","TIPO_ADSL":"ADSL_M","DESCRIZIONE_TIPO_ADSL":"ADSL Mini","DISTANZA_CALCOLATA":"4369.31","CLASSE_DISTANZA":"4100-4499","POTENZA_SEGNALE":"0.00","POPOLAZIONE_SEZIONE": "11"}
			},
		 		{ "type" : "Feature",
				"geometry" : {
					"type" : "Point",
					"coordinates" : [7.45049,44.38756]},
			"properties" : { "ANNO":"2010","ID_SEZIONE":"22169","ISTAT_COMUNE_SEZ":"4022","COMUNE_SEZ":"BERNEZZO","PROVINCIA":"CN","ID_CENTRALE":"143","NOME_CENTRALE":"BERNEZZO 3","ISTAT_COMUNE_CENTR":"4022","COMUNE_CENTR":"BERNEZZO","PROVINCIA_CENTR":"CN","INDIRIZZO_CENTRALE":"VIA REGINA MARGHERITA","LATITUDINE_SEZIONE":"44.38756","LONGITUDINE_SEZIONE":"7.45049","POS_X_SEZIONE":"376580.27807","POS_Y_SEZIONE":"4916086.68362","LATITUDINE_CENTRALE":"44.38563","LONGITUDINE_CENTRALE":"7.43446","POS_X_CENTRALE":"375299.84756","POS_Y_CENTRALE":"4915897.40946","TIPO_ADSL":"ADSL_M","DESCRIZIONE_TIPO_ADSL":"ADSL Mini","DISTANZA_CALCOLATA":"1294.34","CLASSE_DISTANZA":"900-1299","POTENZA_SEGNALE":"0.64","POPOLAZIONE_SEZIONE": "18"}
			},
		 		{ "type" : "Feature",
				"geometry" : {
					"type" : "Point",
					"coordinates" : [7.39817,44.37636]},
			"properties" : { "ANNO":"2010","ID_SEZIONE":"23225","ISTAT_COMUNE_SEZ":"4022","COMUNE_SEZ":"BERNEZZO","PROVINCIA":"CN","ID_CENTRALE":"143","NOME_CENTRALE":"BERNEZZO 3","ISTAT_COMUNE_CENTR":"4022","COMUNE_CENTR":"BERNEZZO","PROVINCIA_CENTR":"CN","INDIRIZZO_CENTRALE":"VIA REGINA MARGHERITA","LATITUDINE_SEZIONE":"44.37636","LONGITUDINE_SEZIONE":"7.39817","POS_X_SEZIONE":"372388.59294","POS_Y_SEZIONE":"4914923.64900","LATITUDINE_CENTRALE":"44.38563","LONGITUDINE_CENTRALE":"7.43446","POS_X_CENTRALE":"375299.84756","POS_Y_CENTRALE":"4915897.40946","TIPO_ADSL":"ADSL_M","DESCRIZIONE_TIPO_ADSL":"ADSL Mini","DISTANZA_CALCOLATA":"3069.79","CLASSE_DISTANZA":"2900-3299","POTENZA_SEGNALE":"0.64","POPOLAZIONE_SEZIONE": ""}
			},
		 		{ "type" : "Feature",
				"geometry" : {
					"type" : "Point",
					"coordinates" : [7.41392,44.37178]},
			"properties" : { "ANNO":"2010","ID_SEZIONE":"25136","ISTAT_COMUNE_SEZ":"4022","COMUNE_SEZ":"BERNEZZO","PROVINCIA":"CN","ID_CENTRALE":"143","NOME_CENTRALE":"BERNEZZO 3","ISTAT_COMUNE_CENTR":"4022","COMUNE_CENTR":"BERNEZZO","PROVINCIA_CENTR":"CN","INDIRIZZO_CENTRALE":"VIA REGINA MARGHERITA","LATITUDINE_SEZIONE":"44.37178","LONGITUDINE_SEZIONE":"7.41392","POS_X_SEZIONE":"373634.06059","POS_Y_SEZIONE":"4914390.15268","LATITUDINE_CENTRALE":"44.38563","LONGITUDINE_CENTRALE":"7.43446","POS_X_CENTRALE":"375299.84756","POS_Y_CENTRALE":"4915897.40946","TIPO_ADSL":"ADSL_M","DESCRIZIONE_TIPO_ADSL":"ADSL Mini","DISTANZA_CALCOLATA":"2246.48","CLASSE_DISTANZA":"2100-2499","POTENZA_SEGNALE":"0.64","POPOLAZIONE_SEZIONE": "10"}
			},
		 		{ "type" : "Feature",
				"geometry" : {
					"type" : "Point",
					"coordinates" : [7.43743,44.37449]},
			"properties" : { "ANNO":"2010","ID_SEZIONE":"25782","ISTAT_COMUNE_SEZ":"4022","COMUNE_SEZ":"BERNEZZO","PROVINCIA":"CN","ID_CENTRALE":"143","NOME_CENTRALE":"BERNEZZO 3","ISTAT_COMUNE_CENTR":"4022","COMUNE_CENTR":"BERNEZZO","PROVINCIA_CENTR":"CN","INDIRIZZO_CENTRALE":"VIA REGINA MARGHERITA","LATITUDINE_SEZIONE":"44.37449","LONGITUDINE_SEZIONE":"7.43743","POS_X_SEZIONE":"375512.94392","POS_Y_SEZIONE":"4914655.66615","LATITUDINE_CENTRALE":"44.38563","LONGITUDINE_CENTRALE":"7.43446","POS_X_CENTRALE":"375299.84756","POS_Y_CENTRALE":"4915897.40946","TIPO_ADSL":"ADSL_M","DESCRIZIONE_TIPO_ADSL":"ADSL Mini","DISTANZA_CALCOLATA":"1259.9","CLASSE_DISTANZA":"900-1299","POTENZA_SEGNALE":"0.64","POPOLAZIONE_SEZIONE": "28"}
			},
		 		{ "type" : "Feature",
				"geometry" : {
					"type" : "Point",
					"coordinates" : [7.43356,44.39578]},
			"properties" : { "ANNO":"2010","ID_SEZIONE":"25963","ISTAT_COMUNE_SEZ":"4022","COMUNE_SEZ":"BERNEZZO","PROVINCIA":"CN","ID_CENTRALE":"143","NOME_CENTRALE":"BERNEZZO 3","ISTAT_COMUNE_CENTR":"4022","COMUNE_CENTR":"BERNEZZO","PROVINCIA_CENTR":"CN","INDIRIZZO_CENTRALE":"VIA REGINA MARGHERITA","LATITUDINE_SEZIONE":"44.39578","LONGITUDINE_SEZIONE":"7.43356","POS_X_SEZIONE":"375249.55320","POS_Y_SEZIONE":"4917026.18212","LATITUDINE_CENTRALE":"44.38563","LONGITUDINE_CENTRALE":"7.43446","POS_X_CENTRALE":"375299.84756","POS_Y_CENTRALE":"4915897.40946","TIPO_ADSL":"ADSL_M","DESCRIZIONE_TIPO_ADSL":"ADSL Mini","DISTANZA_CALCOLATA":"1129.89","CLASSE_DISTANZA":"900-1299","POTENZA_SEGNALE":"0.64","POPOLAZIONE_SEZIONE": "9"}
			},
		 		{ "type" : "Feature",
				"geometry" : {
					"type" : "Point",
					"coordinates" : [7.47522,44.40379]},
			"properties" : { "ANNO":"2010","ID_SEZIONE":"27440","ISTAT_COMUNE_SEZ":"4022","COMUNE_SEZ":"BERNEZZO","PROVINCIA":"CN","ID_CENTRALE":"143","NOME_CENTRALE":"BERNEZZO 3","ISTAT_COMUNE_CENTR":"4022","COMUNE_CENTR":"BERNEZZO","PROVINCIA_CENTR":"CN","INDIRIZZO_CENTRALE":"VIA REGINA MARGHERITA","LATITUDINE_SEZIONE":"44.40379","LONGITUDINE_SEZIONE":"7.47522","POS_X_SEZIONE":"378583.65061","POS_Y_SEZIONE":"4917852.68682","LATITUDINE_CENTRALE":"44.38563","LONGITUDINE_CENTRALE":"7.43446","POS_X_CENTRALE":"375299.84756","POS_Y_CENTRALE":"4915897.40946","TIPO_ADSL":"ADSL_M","DESCRIZIONE_TIPO_ADSL":"ADSL Mini","DISTANZA_CALCOLATA":"3821.84","CLASSE_DISTANZA":"3700-4099","POTENZA_SEGNALE":"0.64","POPOLAZIONE_SEZIONE": "2"}
			},
		 		{ "type" : "Feature",
				"geometry" : {
					"type" : "Point",
					"coordinates" : [7.48047,44.40733]},
			"properties" : { "ANNO":"2010","ID_SEZIONE":"28078","ISTAT_COMUNE_SEZ":"4022","COMUNE_SEZ":"BERNEZZO","PROVINCIA":"CN","ID_CENTRALE":"143","NOME_CENTRALE":"BERNEZZO 3","ISTAT_COMUNE_CENTR":"4022","COMUNE_CENTR":"BERNEZZO","PROVINCIA_CENTR":"CN","INDIRIZZO_CENTRALE":"VIA REGINA MARGHERITA","LATITUDINE_SEZIONE":"44.40733","LONGITUDINE_SEZIONE":"7.48047","POS_X_SEZIONE":"379008.85484","POS_Y_SEZIONE":"4918238.18698","LATITUDINE_CENTRALE":"44.38563","LONGITUDINE_CENTRALE":"7.43446","POS_X_CENTRALE":"375299.84756","POS_Y_CENTRALE":"4915897.40946","TIPO_ADSL":"ADSL_M","DESCRIZIONE_TIPO_ADSL":"ADSL Mini","DISTANZA_CALCOLATA":"4385.88","CLASSE_DISTANZA":"4100-4499","POTENZA_SEGNALE":"0.00","POPOLAZIONE_SEZIONE": "19"}
			},
		 		{ "type" : "Feature",
				"geometry" : {
					"type" : "Point",
					"coordinates" : [7.41701,44.37323]},
			"properties" : { "ANNO":"2010","ID_SEZIONE":"29083","ISTAT_COMUNE_SEZ":"4022","COMUNE_SEZ":"BERNEZZO","PROVINCIA":"CN","ID_CENTRALE":"143","NOME_CENTRALE":"BERNEZZO 3","ISTAT_COMUNE_CENTR":"4022","COMUNE_CENTR":"BERNEZZO","PROVINCIA_CENTR":"CN","INDIRIZZO_CENTRALE":"VIA REGINA MARGHERITA","LATITUDINE_SEZIONE":"44.37323","LONGITUDINE_SEZIONE":"7.41701","POS_X_SEZIONE":"373883.39794","POS_Y_SEZIONE":"4914546.15498","LATITUDINE_CENTRALE":"44.38563","LONGITUDINE_CENTRALE":"7.43446","POS_X_CENTRALE":"375299.84756","POS_Y_CENTRALE":"4915897.40946","TIPO_ADSL":"ADSL_M","DESCRIZIONE_TIPO_ADSL":"ADSL Mini","DISTANZA_CALCOLATA":"1957.61","CLASSE_DISTANZA":"1700-2099","POTENZA_SEGNALE":"0.64","POPOLAZIONE_SEZIONE": "24"}
			}
		 		]
	}
		