 	{ "type" : "FeatureCollection",
		"features" : [
		 		{ "type" : "Feature",
				"geometry" : {
					"type" : "Point",
					"coordinates" : [8.37173,44.61030]},
			"properties" : { "ANNO":"2010","ID_SEZIONE":"4540","ISTAT_COMUNE_SEZ":"6134","COMUNE_SEZ":"PONTI","PROVINCIA":"AL","ID_CENTRALE":"1026","NOME_CENTRALE":"PONTI","ISTAT_COMUNE_CENTR":"6134","COMUNE_CENTR":"PONTI","PROVINCIA_CENTR":"AL","INDIRIZZO_CENTRALE":"PORTA 5","LATITUDINE_SEZIONE":"44.61030","LONGITUDINE_SEZIONE":"8.37173","POS_X_SEZIONE":"450148.07282","POS_Y_SEZIONE":"4939852.85478","LATITUDINE_CENTRALE":"44.62882","LONGITUDINE_CENTRALE":"8.36475","POS_X_CENTRALE":"449610.28443","POS_Y_CENTRALE":"4941914.48589","TIPO_ADSL":"ADSL_M","DESCRIZIONE_TIPO_ADSL":"ADSL Mini","DISTANZA_CALCOLATA":"2130.62","CLASSE_DISTANZA":"2100-2499","POTENZA_SEGNALE":"0.64","POPOLAZIONE_SEZIONE": "7"}
			},
		 		{ "type" : "Feature",
				"geometry" : {
					"type" : "Point",
					"coordinates" : [8.37375,44.63101]},
			"properties" : { "ANNO":"2010","ID_SEZIONE":"6200","ISTAT_COMUNE_SEZ":"6134","COMUNE_SEZ":"PONTI","PROVINCIA":"AL","ID_CENTRALE":"1026","NOME_CENTRALE":"PONTI","ISTAT_COMUNE_CENTR":"6134","COMUNE_CENTR":"PONTI","PROVINCIA_CENTR":"AL","INDIRIZZO_CENTRALE":"PORTA 5","LATITUDINE_SEZIONE":"44.63101","LONGITUDINE_SEZIONE":"8.37375","POS_X_SEZIONE":"450325.96364","POS_Y_SEZIONE":"4942151.87456","LATITUDINE_CENTRALE":"44.62882","LONGITUDINE_CENTRALE":"8.36475","POS_X_CENTRALE":"449610.28443","POS_Y_CENTRALE":"4941914.48589","TIPO_ADSL":"ADSL_M","DESCRIZIONE_TIPO_ADSL":"ADSL Mini","DISTANZA_CALCOLATA":"754.02","CLASSE_DISTANZA":"500-899","POTENZA_SEGNALE":"0.64","POPOLAZIONE_SEZIONE": "51"}
			},
		 		{ "type" : "Feature",
				"geometry" : {
					"type" : "Point",
					"coordinates" : [8.34624,44.62307]},
			"properties" : { "ANNO":"2010","ID_SEZIONE":"6802","ISTAT_COMUNE_SEZ":"6134","COMUNE_SEZ":"PONTI","PROVINCIA":"AL","ID_CENTRALE":"1026","NOME_CENTRALE":"PONTI","ISTAT_COMUNE_CENTR":"6134","COMUNE_CENTR":"PONTI","PROVINCIA_CENTR":"AL","INDIRIZZO_CENTRALE":"PORTA 5","LATITUDINE_SEZIONE":"44.62307","LONGITUDINE_SEZIONE":"8.34624","POS_X_SEZIONE":"448137.33413","POS_Y_SEZIONE":"4941287.88019","LATITUDINE_CENTRALE":"44.62882","LONGITUDINE_CENTRALE":"8.36475","POS_X_CENTRALE":"449610.28443","POS_Y_CENTRALE":"4941914.48589","TIPO_ADSL":"ADSL_M","DESCRIZIONE_TIPO_ADSL":"ADSL Mini","DISTANZA_CALCOLATA":"1600.69","CLASSE_DISTANZA":"1300-1699","POTENZA_SEGNALE":"0.64","POPOLAZIONE_SEZIONE": "19"}
			},
		 		{ "type" : "Feature",
				"geometry" : {
					"type" : "Point",
					"coordinates" : [8.36398,44.62926]},
			"properties" : { "ANNO":"2010","ID_SEZIONE":"8907","ISTAT_COMUNE_SEZ":"6134","COMUNE_SEZ":"PONTI","PROVINCIA":"AL","ID_CENTRALE":"1026","NOME_CENTRALE":"PONTI","ISTAT_COMUNE_CENTR":"6134","COMUNE_CENTR":"PONTI","PROVINCIA_CENTR":"AL","INDIRIZZO_CENTRALE":"PORTA 5","LATITUDINE_SEZIONE":"44.62926","LONGITUDINE_SEZIONE":"8.36398","POS_X_SEZIONE":"449549.43935","POS_Y_SEZIONE":"4941963.37715","LATITUDINE_CENTRALE":"44.62882","LONGITUDINE_CENTRALE":"8.36475","POS_X_CENTRALE":"449610.28443","POS_Y_CENTRALE":"4941914.48589","TIPO_ADSL":"ADSL_M","DESCRIZIONE_TIPO_ADSL":"ADSL Mini","DISTANZA_CALCOLATA":"78.05","CLASSE_DISTANZA":"0-99","POTENZA_SEGNALE":"0.64","POPOLAZIONE_SEZIONE": "348"}
			},
		 		{ "type" : "Feature",
				"geometry" : {
					"type" : "Point",
					"coordinates" : [8.37406,44.61892]},
			"properties" : { "ANNO":"2010","ID_SEZIONE":"16113","ISTAT_COMUNE_SEZ":"6134","COMUNE_SEZ":"PONTI","PROVINCIA":"AL","ID_CENTRALE":"1026","NOME_CENTRALE":"PONTI","ISTAT_COMUNE_CENTR":"6134","COMUNE_CENTR":"PONTI","PROVINCIA_CENTR":"AL","INDIRIZZO_CENTRALE":"PORTA 5","LATITUDINE_SEZIONE":"44.61892","LONGITUDINE_SEZIONE":"8.37406","POS_X_SEZIONE":"450340.02214","POS_Y_SEZIONE":"4940809.36243","LATITUDINE_CENTRALE":"44.62882","LONGITUDINE_CENTRALE":"8.36475","POS_X_CENTRALE":"449610.28443","POS_Y_CENTRALE":"4941914.48589","TIPO_ADSL":"ADSL_M","DESCRIZIONE_TIPO_ADSL":"ADSL Mini","DISTANZA_CALCOLATA":"1324.32","CLASSE_DISTANZA":"1300-1699","POTENZA_SEGNALE":"0.64","POPOLAZIONE_SEZIONE": "12"}
			},
		 		{ "type" : "Feature",
				"geometry" : {
					"type" : "Point",
					"coordinates" : [8.35950,44.62156]},
			"properties" : { "ANNO":"2010","ID_SEZIONE":"19208","ISTAT_COMUNE_SEZ":"6134","COMUNE_SEZ":"PONTI","PROVINCIA":"AL","ID_CENTRALE":"1026","NOME_CENTRALE":"PONTI","ISTAT_COMUNE_CENTR":"6134","COMUNE_CENTR":"PONTI","PROVINCIA_CENTR":"AL","INDIRIZZO_CENTRALE":"PORTA 5","LATITUDINE_SEZIONE":"44.62156","LONGITUDINE_SEZIONE":"8.35950","POS_X_SEZIONE":"449187.30226","POS_Y_SEZIONE":"4941111.87200","LATITUDINE_CENTRALE":"44.62882","LONGITUDINE_CENTRALE":"8.36475","POS_X_CENTRALE":"449610.28443","POS_Y_CENTRALE":"4941914.48589","TIPO_ADSL":"ADSL_M","DESCRIZIONE_TIPO_ADSL":"ADSL Mini","DISTANZA_CALCOLATA":"907.25","CLASSE_DISTANZA":"900-1299","POTENZA_SEGNALE":"0.64","POPOLAZIONE_SEZIONE": "60"}
			},
		 		{ "type" : "Feature",
				"geometry" : {
					"type" : "Point",
					"coordinates" : [8.36120,44.64677]},
			"properties" : { "ANNO":"2010","ID_SEZIONE":"20996","ISTAT_COMUNE_SEZ":"6134","COMUNE_SEZ":"PONTI","PROVINCIA":"AL","ID_CENTRALE":"1026","NOME_CENTRALE":"PONTI","ISTAT_COMUNE_CENTR":"6134","COMUNE_CENTR":"PONTI","PROVINCIA_CENTR":"AL","INDIRIZZO_CENTRALE":"PORTA 5","LATITUDINE_SEZIONE":"44.64677","LONGITUDINE_SEZIONE":"8.36120","POS_X_SEZIONE":"449344.58866","POS_Y_SEZIONE":"4943910.89510","LATITUDINE_CENTRALE":"44.62882","LONGITUDINE_CENTRALE":"8.36475","POS_X_CENTRALE":"449610.28443","POS_Y_CENTRALE":"4941914.48589","TIPO_ADSL":"ADSL_M","DESCRIZIONE_TIPO_ADSL":"ADSL Mini","DISTANZA_CALCOLATA":"2014.01","CLASSE_DISTANZA":"1700-2099","POTENZA_SEGNALE":"0.64","POPOLAZIONE_SEZIONE": "49"}
			},
		 		{ "type" : "Feature",
				"geometry" : {
					"type" : "Point",
					"coordinates" : [8.34491,44.61977]},
			"properties" : { "ANNO":"2010","ID_SEZIONE":"21657","ISTAT_COMUNE_SEZ":"6134","COMUNE_SEZ":"PONTI","PROVINCIA":"AL","ID_CENTRALE":"1026","NOME_CENTRALE":"PONTI","ISTAT_COMUNE_CENTR":"6134","COMUNE_CENTR":"PONTI","PROVINCIA_CENTR":"AL","INDIRIZZO_CENTRALE":"PORTA 5","LATITUDINE_SEZIONE":"44.61977","LONGITUDINE_SEZIONE":"8.34491","POS_X_SEZIONE":"448028.31141","POS_Y_SEZIONE":"4940921.87750","LATITUDINE_CENTRALE":"44.62882","LONGITUDINE_CENTRALE":"8.36475","POS_X_CENTRALE":"449610.28443","POS_Y_CENTRALE":"4941914.48589","TIPO_ADSL":"ADSL_M","DESCRIZIONE_TIPO_ADSL":"ADSL Mini","DISTANZA_CALCOLATA":"1867.59","CLASSE_DISTANZA":"1700-2099","POTENZA_SEGNALE":"0.64","POPOLAZIONE_SEZIONE": "6"}
			},
		 		{ "type" : "Feature",
				"geometry" : {
					"type" : "Point",
					"coordinates" : [8.35745,44.61098]},
			"properties" : { "ANNO":"2010","ID_SEZIONE":"25812","ISTAT_COMUNE_SEZ":"6134","COMUNE_SEZ":"PONTI","PROVINCIA":"AL","ID_CENTRALE":"1026","NOME_CENTRALE":"PONTI","ISTAT_COMUNE_CENTR":"6134","COMUNE_CENTR":"PONTI","PROVINCIA_CENTR":"AL","INDIRIZZO_CENTRALE":"PORTA 5","LATITUDINE_SEZIONE":"44.61098","LONGITUDINE_SEZIONE":"8.35745","POS_X_SEZIONE":"449015.67116","POS_Y_SEZIONE":"4939936.86323","LATITUDINE_CENTRALE":"44.62882","LONGITUDINE_CENTRALE":"8.36475","POS_X_CENTRALE":"449610.28443","POS_Y_CENTRALE":"4941914.48589","TIPO_ADSL":"ADSL_M","DESCRIZIONE_TIPO_ADSL":"ADSL Mini","DISTANZA_CALCOLATA":"2065.08","CLASSE_DISTANZA":"1700-2099","POTENZA_SEGNALE":"0.64","POPOLAZIONE_SEZIONE": "23"}
			},
		 		{ "type" : "Feature",
				"geometry" : {
					"type" : "Point",
					"coordinates" : [8.36101,44.63658]},
			"properties" : { "ANNO":"2010","ID_SEZIONE":"29358","ISTAT_COMUNE_SEZ":"6134","COMUNE_SEZ":"PONTI","PROVINCIA":"AL","ID_CENTRALE":"1026","NOME_CENTRALE":"PONTI","ISTAT_COMUNE_CENTR":"6134","COMUNE_CENTR":"PONTI","PROVINCIA_CENTR":"AL","INDIRIZZO_CENTRALE":"PORTA 5","LATITUDINE_SEZIONE":"44.63658","LONGITUDINE_SEZIONE":"8.36101","POS_X_SEZIONE":"449320.39257","POS_Y_SEZIONE":"4942778.88563","LATITUDINE_CENTRALE":"44.62882","LONGITUDINE_CENTRALE":"8.36475","POS_X_CENTRALE":"449610.28443","POS_Y_CENTRALE":"4941914.48589","TIPO_ADSL":"ADSL_M","DESCRIZIONE_TIPO_ADSL":"ADSL Mini","DISTANZA_CALCOLATA":"911.71","CLASSE_DISTANZA":"900-1299","POTENZA_SEGNALE":"0.64","POPOLAZIONE_SEZIONE": "47"}
			},
		 		{ "type" : "Feature",
				"geometry" : {
					"type" : "Point",
					"coordinates" : [8.35284,44.61397]},
			"properties" : { "ANNO":"2010","ID_SEZIONE":"31013","ISTAT_COMUNE_SEZ":"6134","COMUNE_SEZ":"PONTI","PROVINCIA":"AL","ID_CENTRALE":"1026","NOME_CENTRALE":"PONTI","ISTAT_COMUNE_CENTR":"6134","COMUNE_CENTR":"PONTI","PROVINCIA_CENTR":"AL","INDIRIZZO_CENTRALE":"PORTA 5","LATITUDINE_SEZIONE":"44.61397","LONGITUDINE_SEZIONE":"8.35284","POS_X_SEZIONE":"448652.41586","POS_Y_SEZIONE":"4940272.36812","LATITUDINE_CENTRALE":"44.62882","LONGITUDINE_CENTRALE":"8.36475","POS_X_CENTRALE":"449610.28443","POS_Y_CENTRALE":"4941914.48589","TIPO_ADSL":"ADSL_M","DESCRIZIONE_TIPO_ADSL":"ADSL Mini","DISTANZA_CALCOLATA":"1901.07","CLASSE_DISTANZA":"1700-2099","POTENZA_SEGNALE":"0.64","POPOLAZIONE_SEZIONE": "20"}
			}
		 		]
	}
		