 	{ "type" : "FeatureCollection",
		"features" : [
		 		{ "type" : "Feature",
				"geometry" : {
					"type" : "Point",
					"coordinates" : [8.09599,44.70651]},
			"properties" : { "ANNO":"2010","ID_SEZIONE":"1925","ISTAT_COMUNE_SEZ":"4230","COMUNE_SEZ":"TREISO","PROVINCIA":"CN","ID_CENTRALE":"1527","NOME_CENTRALE":"TREZZO TINELLA","ISTAT_COMUNE_CENTR":"4231","COMUNE_CENTR":"TREZZO TINELLA","PROVINCIA_CENTR":"CN","INDIRIZZO_CENTRALE":"BOSSANIA","LATITUDINE_SEZIONE":"44.70651","LONGITUDINE_SEZIONE":"8.09599","POS_X_SEZIONE":"428387.69751","POS_Y_SEZIONE":"4950745.81146","LATITUDINE_CENTRALE":"44.67526","LONGITUDINE_CENTRALE":"8.10989","POS_X_CENTRALE":"429450.37610","POS_Y_CENTRALE":"4947262.46790","TIPO_ADSL":"ADSL_M","DESCRIZIONE_TIPO_ADSL":"ADSL Mini","DISTANZA_CALCOLATA":"3641.84","CLASSE_DISTANZA":"3300-3699","POTENZA_SEGNALE":"0.64","POPOLAZIONE_SEZIONE": "48"}
			},
		 		{ "type" : "Feature",
				"geometry" : {
					"type" : "Point",
					"coordinates" : [8.10734,44.65387]},
			"properties" : { "ANNO":"2010","ID_SEZIONE":"6491","ISTAT_COMUNE_SEZ":"4231","COMUNE_SEZ":"TREZZO TINELLA","PROVINCIA":"CN","ID_CENTRALE":"1527","NOME_CENTRALE":"TREZZO TINELLA","ISTAT_COMUNE_CENTR":"4231","COMUNE_CENTR":"TREZZO TINELLA","PROVINCIA_CENTR":"CN","INDIRIZZO_CENTRALE":"BOSSANIA","LATITUDINE_SEZIONE":"44.65387","LONGITUDINE_SEZIONE":"8.10734","POS_X_SEZIONE":"429222.22218","POS_Y_SEZIONE":"4944888.74803","LATITUDINE_CENTRALE":"44.67526","LONGITUDINE_CENTRALE":"8.10989","POS_X_CENTRALE":"429450.37610","POS_Y_CENTRALE":"4947262.46790","TIPO_ADSL":"ADSL_M","DESCRIZIONE_TIPO_ADSL":"ADSL Mini","DISTANZA_CALCOLATA":"2384.66","CLASSE_DISTANZA":"2100-2499","POTENZA_SEGNALE":"0.64","POPOLAZIONE_SEZIONE": "29"}
			},
		 		{ "type" : "Feature",
				"geometry" : {
					"type" : "Point",
					"coordinates" : [8.08951,44.67063]},
			"properties" : { "ANNO":"2010","ID_SEZIONE":"8069","ISTAT_COMUNE_SEZ":"4230","COMUNE_SEZ":"TREISO","PROVINCIA":"CN","ID_CENTRALE":"1527","NOME_CENTRALE":"TREZZO TINELLA","ISTAT_COMUNE_CENTR":"4231","COMUNE_CENTR":"TREZZO TINELLA","PROVINCIA_CENTR":"CN","INDIRIZZO_CENTRALE":"BOSSANIA","LATITUDINE_SEZIONE":"44.67063","LONGITUDINE_SEZIONE":"8.08951","POS_X_SEZIONE":"427829.11882","POS_Y_SEZIONE":"4946766.24487","LATITUDINE_CENTRALE":"44.67526","LONGITUDINE_CENTRALE":"8.10989","POS_X_CENTRALE":"429450.37610","POS_Y_CENTRALE":"4947262.46790","TIPO_ADSL":"ADSL_M","DESCRIZIONE_TIPO_ADSL":"ADSL Mini","DISTANZA_CALCOLATA":"1695.5","CLASSE_DISTANZA":"1300-1699","POTENZA_SEGNALE":"0.64","POPOLAZIONE_SEZIONE": "24"}
			},
		 		{ "type" : "Feature",
				"geometry" : {
					"type" : "Point",
					"coordinates" : [8.11680,44.69193]},
			"properties" : { "ANNO":"2010","ID_SEZIONE":"8315","ISTAT_COMUNE_SEZ":"4149","COMUNE_SEZ":"NEVIGLIE","PROVINCIA":"CN","ID_CENTRALE":"1527","NOME_CENTRALE":"TREZZO TINELLA","ISTAT_COMUNE_CENTR":"4231","COMUNE_CENTR":"TREZZO TINELLA","PROVINCIA_CENTR":"CN","INDIRIZZO_CENTRALE":"BOSSANIA","LATITUDINE_SEZIONE":"44.69193","LONGITUDINE_SEZIONE":"8.11680","POS_X_SEZIONE":"430018.60183","POS_Y_SEZIONE":"4949108.30490","LATITUDINE_CENTRALE":"44.67526","LONGITUDINE_CENTRALE":"8.10989","POS_X_CENTRALE":"429450.37610","POS_Y_CENTRALE":"4947262.46790","TIPO_ADSL":"ADSL_M","DESCRIZIONE_TIPO_ADSL":"ADSL Mini","DISTANZA_CALCOLATA":"1931.32","CLASSE_DISTANZA":"1700-2099","POTENZA_SEGNALE":"0.64","POPOLAZIONE_SEZIONE": "105"}
			},
		 		{ "type" : "Feature",
				"geometry" : {
					"type" : "Point",
					"coordinates" : [8.10742,44.67756]},
			"properties" : { "ANNO":"2010","ID_SEZIONE":"8760","ISTAT_COMUNE_SEZ":"4231","COMUNE_SEZ":"TREZZO TINELLA","PROVINCIA":"CN","ID_CENTRALE":"1527","NOME_CENTRALE":"TREZZO TINELLA","ISTAT_COMUNE_CENTR":"4231","COMUNE_CENTR":"TREZZO TINELLA","PROVINCIA_CENTR":"CN","INDIRIZZO_CENTRALE":"BOSSANIA","LATITUDINE_SEZIONE":"44.67756","LONGITUDINE_SEZIONE":"8.10742","POS_X_SEZIONE":"429257.25117","POS_Y_SEZIONE":"4947519.77319","LATITUDINE_CENTRALE":"44.67526","LONGITUDINE_CENTRALE":"8.10989","POS_X_CENTRALE":"429450.37610","POS_Y_CENTRALE":"4947262.46790","TIPO_ADSL":"ADSL_M","DESCRIZIONE_TIPO_ADSL":"ADSL Mini","DISTANZA_CALCOLATA":"321.72","CLASSE_DISTANZA":"100-499","POTENZA_SEGNALE":"0.64","POPOLAZIONE_SEZIONE": "37"}
			},
		 		{ "type" : "Feature",
				"geometry" : {
					"type" : "Point",
					"coordinates" : [8.12396,44.65817]},
			"properties" : { "ANNO":"2010","ID_SEZIONE":"9413","ISTAT_COMUNE_SEZ":"4231","COMUNE_SEZ":"TREZZO TINELLA","PROVINCIA":"CN","ID_CENTRALE":"1527","NOME_CENTRALE":"TREZZO TINELLA","ISTAT_COMUNE_CENTR":"4231","COMUNE_CENTR":"TREZZO TINELLA","PROVINCIA_CENTR":"CN","INDIRIZZO_CENTRALE":"BOSSANIA","LATITUDINE_SEZIONE":"44.65817","LONGITUDINE_SEZIONE":"8.12396","POS_X_SEZIONE":"430545.61316","POS_Y_SEZIONE":"4945351.76755","LATITUDINE_CENTRALE":"44.67526","LONGITUDINE_CENTRALE":"8.10989","POS_X_CENTRALE":"429450.37610","POS_Y_CENTRALE":"4947262.46790","TIPO_ADSL":"ADSL_M","DESCRIZIONE_TIPO_ADSL":"ADSL Mini","DISTANZA_CALCOLATA":"2202.34","CLASSE_DISTANZA":"2100-2499","POTENZA_SEGNALE":"0.64","POPOLAZIONE_SEZIONE": "56"}
			},
		 		{ "type" : "Feature",
				"geometry" : {
					"type" : "Point",
					"coordinates" : [8.10487,44.65667]},
			"properties" : { "ANNO":"2010","ID_SEZIONE":"11244","ISTAT_COMUNE_SEZ":"4231","COMUNE_SEZ":"TREZZO TINELLA","PROVINCIA":"CN","ID_CENTRALE":"1527","NOME_CENTRALE":"TREZZO TINELLA","ISTAT_COMUNE_CENTR":"4231","COMUNE_CENTR":"TREZZO TINELLA","PROVINCIA_CENTR":"CN","INDIRIZZO_CENTRALE":"BOSSANIA","LATITUDINE_SEZIONE":"44.65667","LONGITUDINE_SEZIONE":"8.10487","POS_X_SEZIONE":"429030.15664","POS_Y_SEZIONE":"4945201.24723","LATITUDINE_CENTRALE":"44.67526","LONGITUDINE_CENTRALE":"8.10989","POS_X_CENTRALE":"429450.37610","POS_Y_CENTRALE":"4947262.46790","TIPO_ADSL":"ADSL_M","DESCRIZIONE_TIPO_ADSL":"ADSL Mini","DISTANZA_CALCOLATA":"2103.62","CLASSE_DISTANZA":"2100-2499","POTENZA_SEGNALE":"0.64","POPOLAZIONE_SEZIONE": "56"}
			},
		 		{ "type" : "Feature",
				"geometry" : {
					"type" : "Point",
					"coordinates" : [8.11834,44.69650]},
			"properties" : { "ANNO":"2010","ID_SEZIONE":"12284","ISTAT_COMUNE_SEZ":"4149","COMUNE_SEZ":"NEVIGLIE","PROVINCIA":"CN","ID_CENTRALE":"1527","NOME_CENTRALE":"TREZZO TINELLA","ISTAT_COMUNE_CENTR":"4231","COMUNE_CENTR":"TREZZO TINELLA","PROVINCIA_CENTR":"CN","INDIRIZZO_CENTRALE":"BOSSANIA","LATITUDINE_SEZIONE":"44.69650","LONGITUDINE_SEZIONE":"8.11834","POS_X_SEZIONE":"430146.05501","POS_Y_SEZIONE":"4949614.81319","LATITUDINE_CENTRALE":"44.67526","LONGITUDINE_CENTRALE":"8.10989","POS_X_CENTRALE":"429450.37610","POS_Y_CENTRALE":"4947262.46790","TIPO_ADSL":"ADSL_M","DESCRIZIONE_TIPO_ADSL":"ADSL Mini","DISTANZA_CALCOLATA":"2453.06","CLASSE_DISTANZA":"2100-2499","POTENZA_SEGNALE":"0.64","POPOLAZIONE_SEZIONE": "33"}
			},
		 		{ "type" : "Feature",
				"geometry" : {
					"type" : "Point",
					"coordinates" : [8.09212,44.67737]},
			"properties" : { "ANNO":"2010","ID_SEZIONE":"12286","ISTAT_COMUNE_SEZ":"4230","COMUNE_SEZ":"TREISO","PROVINCIA":"CN","ID_CENTRALE":"1527","NOME_CENTRALE":"TREZZO TINELLA","ISTAT_COMUNE_CENTR":"4231","COMUNE_CENTR":"TREZZO TINELLA","PROVINCIA_CENTR":"CN","INDIRIZZO_CENTRALE":"BOSSANIA","LATITUDINE_SEZIONE":"44.67737","LONGITUDINE_SEZIONE":"8.09212","POS_X_SEZIONE":"428044.97034","POS_Y_SEZIONE":"4947511.75885","LATITUDINE_CENTRALE":"44.67526","LONGITUDINE_CENTRALE":"8.10989","POS_X_CENTRALE":"429450.37610","POS_Y_CENTRALE":"4947262.46790","TIPO_ADSL":"ADSL_M","DESCRIZIONE_TIPO_ADSL":"ADSL Mini","DISTANZA_CALCOLATA":"1427.34","CLASSE_DISTANZA":"1300-1699","POTENZA_SEGNALE":"0.64","POPOLAZIONE_SEZIONE": "18"}
			},
		 		{ "type" : "Feature",
				"geometry" : {
					"type" : "Point",
					"coordinates" : [8.10271,44.67322]},
			"properties" : { "ANNO":"2010","ID_SEZIONE":"14755","ISTAT_COMUNE_SEZ":"4231","COMUNE_SEZ":"TREZZO TINELLA","PROVINCIA":"CN","ID_CENTRALE":"1527","NOME_CENTRALE":"TREZZO TINELLA","ISTAT_COMUNE_CENTR":"4231","COMUNE_CENTR":"TREZZO TINELLA","PROVINCIA_CENTR":"CN","INDIRIZZO_CENTRALE":"BOSSANIA","LATITUDINE_SEZIONE":"44.67322","LONGITUDINE_SEZIONE":"8.10271","POS_X_SEZIONE":"428879.05367","POS_Y_SEZIONE":"4947041.76179","LATITUDINE_CENTRALE":"44.67526","LONGITUDINE_CENTRALE":"8.10989","POS_X_CENTRALE":"429450.37610","POS_Y_CENTRALE":"4947262.46790","TIPO_ADSL":"ADSL_M","DESCRIZIONE_TIPO_ADSL":"ADSL Mini","DISTANZA_CALCOLATA":"612.47","CLASSE_DISTANZA":"500-899","POTENZA_SEGNALE":"0.64","POPOLAZIONE_SEZIONE": "47"}
			},
		 		{ "type" : "Feature",
				"geometry" : {
					"type" : "Point",
					"coordinates" : [8.11957,44.68324]},
			"properties" : { "ANNO":"2010","ID_SEZIONE":"14756","ISTAT_COMUNE_SEZ":"4149","COMUNE_SEZ":"NEVIGLIE","PROVINCIA":"CN","ID_CENTRALE":"1527","NOME_CENTRALE":"TREZZO TINELLA","ISTAT_COMUNE_CENTR":"4231","COMUNE_CENTR":"TREZZO TINELLA","PROVINCIA_CENTR":"CN","INDIRIZZO_CENTRALE":"BOSSANIA","LATITUDINE_SEZIONE":"44.68324","LONGITUDINE_SEZIONE":"8.11957","POS_X_SEZIONE":"430227.46148","POS_Y_SEZIONE":"4948140.79386","LATITUDINE_CENTRALE":"44.67526","LONGITUDINE_CENTRALE":"8.10989","POS_X_CENTRALE":"429450.37610","POS_Y_CENTRALE":"4947262.46790","TIPO_ADSL":"ADSL_M","DESCRIZIONE_TIPO_ADSL":"ADSL Mini","DISTANZA_CALCOLATA":"1172.74","CLASSE_DISTANZA":"900-1299","POTENZA_SEGNALE":"0.64","POPOLAZIONE_SEZIONE": "29"}
			},
		 		{ "type" : "Feature",
				"geometry" : {
					"type" : "Point",
					"coordinates" : [8.12352,44.64543]},
			"properties" : { "ANNO":"2010","ID_SEZIONE":"18896","ISTAT_COMUNE_SEZ":"4231","COMUNE_SEZ":"TREZZO TINELLA","PROVINCIA":"CN","ID_CENTRALE":"1527","NOME_CENTRALE":"TREZZO TINELLA","ISTAT_COMUNE_CENTR":"4231","COMUNE_CENTR":"TREZZO TINELLA","PROVINCIA_CENTR":"CN","INDIRIZZO_CENTRALE":"BOSSANIA","LATITUDINE_SEZIONE":"44.64543","LONGITUDINE_SEZIONE":"8.12352","POS_X_SEZIONE":"430495.05521","POS_Y_SEZIONE":"4943937.25952","LATITUDINE_CENTRALE":"44.67526","LONGITUDINE_CENTRALE":"8.10989","POS_X_CENTRALE":"429450.37610","POS_Y_CENTRALE":"4947262.46790","TIPO_ADSL":"ADSL_M","DESCRIZIONE_TIPO_ADSL":"ADSL Mini","DISTANZA_CALCOLATA":"3485.45","CLASSE_DISTANZA":"3300-3699","POTENZA_SEGNALE":"0.64","POPOLAZIONE_SEZIONE": "8"}
			},
		 		{ "type" : "Feature",
				"geometry" : {
					"type" : "Point",
					"coordinates" : [8.11422,44.67733]},
			"properties" : { "ANNO":"2010","ID_SEZIONE":"19712","ISTAT_COMUNE_SEZ":"4231","COMUNE_SEZ":"TREZZO TINELLA","PROVINCIA":"CN","ID_CENTRALE":"1527","NOME_CENTRALE":"TREZZO TINELLA","ISTAT_COMUNE_CENTR":"4231","COMUNE_CENTR":"TREZZO TINELLA","PROVINCIA_CENTR":"CN","INDIRIZZO_CENTRALE":"BOSSANIA","LATITUDINE_SEZIONE":"44.67733","LONGITUDINE_SEZIONE":"8.11422","POS_X_SEZIONE":"429796.45681","POS_Y_SEZIONE":"4947488.77927","LATITUDINE_CENTRALE":"44.67526","LONGITUDINE_CENTRALE":"8.10989","POS_X_CENTRALE":"429450.37610","POS_Y_CENTRALE":"4947262.46790","TIPO_ADSL":"ADSL_M","DESCRIZIONE_TIPO_ADSL":"ADSL Mini","DISTANZA_CALCOLATA":"413.51","CLASSE_DISTANZA":"100-499","POTENZA_SEGNALE":"0.64","POPOLAZIONE_SEZIONE": "86"}
			},
		 		{ "type" : "Feature",
				"geometry" : {
					"type" : "Point",
					"coordinates" : [8.12207,44.70039]},
			"properties" : { "ANNO":"2010","ID_SEZIONE":"20034","ISTAT_COMUNE_SEZ":"4149","COMUNE_SEZ":"NEVIGLIE","PROVINCIA":"CN","ID_CENTRALE":"1527","NOME_CENTRALE":"TREZZO TINELLA","ISTAT_COMUNE_CENTR":"4231","COMUNE_CENTR":"TREZZO TINELLA","PROVINCIA_CENTR":"CN","INDIRIZZO_CENTRALE":"BOSSANIA","LATITUDINE_SEZIONE":"44.70039","LONGITUDINE_SEZIONE":"8.12207","POS_X_SEZIONE":"430446.19453","POS_Y_SEZIONE":"4950043.32237","LATITUDINE_CENTRALE":"44.67526","LONGITUDINE_CENTRALE":"8.10989","POS_X_CENTRALE":"429450.37610","POS_Y_CENTRALE":"4947262.46790","TIPO_ADSL":"ADSL_M","DESCRIZIONE_TIPO_ADSL":"ADSL Mini","DISTANZA_CALCOLATA":"2953.78","CLASSE_DISTANZA":"2900-3299","POTENZA_SEGNALE":"0.64","POPOLAZIONE_SEZIONE": "105"}
			},
		 		{ "type" : "Feature",
				"geometry" : {
					"type" : "Point",
					"coordinates" : [8.08983,44.67166]},
			"properties" : { "ANNO":"2010","ID_SEZIONE":"20518","ISTAT_COMUNE_SEZ":"4230","COMUNE_SEZ":"TREISO","PROVINCIA":"CN","ID_CENTRALE":"1527","NOME_CENTRALE":"TREZZO TINELLA","ISTAT_COMUNE_CENTR":"4231","COMUNE_CENTR":"TREZZO TINELLA","PROVINCIA_CENTR":"CN","INDIRIZZO_CENTRALE":"BOSSANIA","LATITUDINE_SEZIONE":"44.67166","LONGITUDINE_SEZIONE":"8.08983","POS_X_SEZIONE":"427856.08432","POS_Y_SEZIONE":"4946880.24679","LATITUDINE_CENTRALE":"44.67526","LONGITUDINE_CENTRALE":"8.10989","POS_X_CENTRALE":"429450.37610","POS_Y_CENTRALE":"4947262.46790","TIPO_ADSL":"ADSL_M","DESCRIZIONE_TIPO_ADSL":"ADSL Mini","DISTANZA_CALCOLATA":"1639.47","CLASSE_DISTANZA":"1300-1699","POTENZA_SEGNALE":"0.64","POPOLAZIONE_SEZIONE": "38"}
			},
		 		{ "type" : "Feature",
				"geometry" : {
					"type" : "Point",
					"coordinates" : [8.10741,44.71009]},
			"properties" : { "ANNO":"2010","ID_SEZIONE":"20639","ISTAT_COMUNE_SEZ":"4148","COMUNE_SEZ":"NEIVE","PROVINCIA":"CN","ID_CENTRALE":"1527","NOME_CENTRALE":"TREZZO TINELLA","ISTAT_COMUNE_CENTR":"4231","COMUNE_CENTR":"TREZZO TINELLA","PROVINCIA_CENTR":"CN","INDIRIZZO_CENTRALE":"BOSSANIA","LATITUDINE_SEZIONE":"44.71009","LONGITUDINE_SEZIONE":"8.10741","POS_X_SEZIONE":"429296.66596","POS_Y_SEZIONE":"4951132.82612","LATITUDINE_CENTRALE":"44.67526","LONGITUDINE_CENTRALE":"8.10989","POS_X_CENTRALE":"429450.37610","POS_Y_CENTRALE":"4947262.46790","TIPO_ADSL":"ADSL_M","DESCRIZIONE_TIPO_ADSL":"ADSL Mini","DISTANZA_CALCOLATA":"3873.41","CLASSE_DISTANZA":"3700-4099","POTENZA_SEGNALE":"0.64","POPOLAZIONE_SEZIONE": "44"}
			},
		 		{ "type" : "Feature",
				"geometry" : {
					"type" : "Point",
					"coordinates" : [8.11043,44.67472]},
			"properties" : { "ANNO":"2010","ID_SEZIONE":"21526","ISTAT_COMUNE_SEZ":"4231","COMUNE_SEZ":"TREZZO TINELLA","PROVINCIA":"CN","ID_CENTRALE":"1527","NOME_CENTRALE":"TREZZO TINELLA","ISTAT_COMUNE_CENTR":"4231","COMUNE_CENTR":"TREZZO TINELLA","PROVINCIA_CENTR":"CN","INDIRIZZO_CENTRALE":"BOSSANIA","LATITUDINE_SEZIONE":"44.67472","LONGITUDINE_SEZIONE":"8.11043","POS_X_SEZIONE":"429492.28426","POS_Y_SEZIONE":"4947202.27175","LATITUDINE_CENTRALE":"44.67526","LONGITUDINE_CENTRALE":"8.10989","POS_X_CENTRALE":"429450.37610","POS_Y_CENTRALE":"4947262.46790","TIPO_ADSL":"ADSL_M","DESCRIZIONE_TIPO_ADSL":"ADSL Mini","DISTANZA_CALCOLATA":"73.35","CLASSE_DISTANZA":"0-99","POTENZA_SEGNALE":"0.64","POPOLAZIONE_SEZIONE": "18"}
			},
		 		{ "type" : "Feature",
				"geometry" : {
					"type" : "Point",
					"coordinates" : [8.10662,44.69972]},
			"properties" : { "ANNO":"2010","ID_SEZIONE":"23534","ISTAT_COMUNE_SEZ":"4149","COMUNE_SEZ":"NEVIGLIE","PROVINCIA":"CN","ID_CENTRALE":"1527","NOME_CENTRALE":"TREZZO TINELLA","ISTAT_COMUNE_CENTR":"4231","COMUNE_CENTR":"TREZZO TINELLA","PROVINCIA_CENTR":"CN","INDIRIZZO_CENTRALE":"BOSSANIA","LATITUDINE_SEZIONE":"44.69972","LONGITUDINE_SEZIONE":"8.10662","POS_X_SEZIONE":"429221.16336","POS_Y_SEZIONE":"4949982.30887","LATITUDINE_CENTRALE":"44.67526","LONGITUDINE_CENTRALE":"8.10989","POS_X_CENTRALE":"429450.37610","POS_Y_CENTRALE":"4947262.46790","TIPO_ADSL":"ADSL_M","DESCRIZIONE_TIPO_ADSL":"ADSL Mini","DISTANZA_CALCOLATA":"2729.48","CLASSE_DISTANZA":"2500-2899","POTENZA_SEGNALE":"0.64","POPOLAZIONE_SEZIONE": "88"}
			}
		 		]
	}
		