 	{ "type" : "FeatureCollection",
		"features" : [
		 		{ "type" : "Feature",
				"geometry" : {
					"type" : "Point",
					"coordinates" : [6.89471,44.99350]},
			"properties" : { "ANNO":"2010","ID_SEZIONE":"168","ISTAT_COMUNE_SEZ":"1201","COMUNE_SEZ":"PRAGELATO","PROVINCIA":"TO","ID_CENTRALE":"1041","NOME_CENTRALE":"PRAGELATO","ISTAT_COMUNE_CENTR":"1201","COMUNE_CENTR":"PRAGELATO","PROVINCIA_CENTR":"TO","INDIRIZZO_CENTRALE":"IV NOVEMBRE ANG.V.D.PINET","LATITUDINE_SEZIONE":"44.99350","LONGITUDINE_SEZIONE":"6.89471","POS_X_SEZIONE":"334052.36865","POS_Y_SEZIONE":"4984384.05533","LATITUDINE_CENTRALE":"45.01625","LONGITUDINE_CENTRALE":"6.94241","POS_X_CENTRALE":"337876.16360","POS_Y_CENTRALE":"4986814.58180","TIPO_ADSL":"ADSL_1","DESCRIZIONE_TIPO_ADSL":"ADSL (8 mega)","DISTANZA_CALCOLATA":"4530.88","CLASSE_DISTANZA":"4500-4899","POTENZA_SEGNALE":"1470","POPOLAZIONE_SEZIONE": ""}
			},
		 		{ "type" : "Feature",
				"geometry" : {
					"type" : "Point",
					"coordinates" : [6.92264,44.96612]},
			"properties" : { "ANNO":"2010","ID_SEZIONE":"245","ISTAT_COMUNE_SEZ":"1201","COMUNE_SEZ":"PRAGELATO","PROVINCIA":"TO","ID_CENTRALE":"1041","NOME_CENTRALE":"PRAGELATO","ISTAT_COMUNE_CENTR":"1201","COMUNE_CENTR":"PRAGELATO","PROVINCIA_CENTR":"TO","INDIRIZZO_CENTRALE":"IV NOVEMBRE ANG.V.D.PINET","LATITUDINE_SEZIONE":"44.96612","LONGITUDINE_SEZIONE":"6.92264","POS_X_SEZIONE":"336175.82517","POS_Y_SEZIONE":"4981286.01911","LATITUDINE_CENTRALE":"45.01625","LONGITUDINE_CENTRALE":"6.94241","POS_X_CENTRALE":"337876.16360","POS_Y_CENTRALE":"4986814.58180","TIPO_ADSL":"ADSL_1","DESCRIZIONE_TIPO_ADSL":"ADSL (8 mega)","DISTANZA_CALCOLATA":"5784.13","CLASSE_DISTANZA":"5700-6099","POTENZA_SEGNALE":"0.00","POPOLAZIONE_SEZIONE": ""}
			},
		 		{ "type" : "Feature",
				"geometry" : {
					"type" : "Point",
					"coordinates" : [6.91245,44.98725]},
			"properties" : { "ANNO":"2010","ID_SEZIONE":"689","ISTAT_COMUNE_SEZ":"1201","COMUNE_SEZ":"PRAGELATO","PROVINCIA":"TO","ID_CENTRALE":"1041","NOME_CENTRALE":"PRAGELATO","ISTAT_COMUNE_CENTR":"1201","COMUNE_CENTR":"PRAGELATO","PROVINCIA_CENTR":"TO","INDIRIZZO_CENTRALE":"IV NOVEMBRE ANG.V.D.PINET","LATITUDINE_SEZIONE":"44.98725","LONGITUDINE_SEZIONE":"6.91245","POS_X_SEZIONE":"335432.76469","POS_Y_SEZIONE":"4983654.04676","LATITUDINE_CENTRALE":"45.01625","LONGITUDINE_CENTRALE":"6.94241","POS_X_CENTRALE":"337876.16360","POS_Y_CENTRALE":"4986814.58180","TIPO_ADSL":"ADSL_1","DESCRIZIONE_TIPO_ADSL":"ADSL (8 mega)","DISTANZA_CALCOLATA":"3994.89","CLASSE_DISTANZA":"3700-4099","POTENZA_SEGNALE":"3000.38","POPOLAZIONE_SEZIONE": "13"}
			},
		 		{ "type" : "Feature",
				"geometry" : {
					"type" : "Point",
					"coordinates" : [6.96549,44.99436]},
			"properties" : { "ANNO":"2010","ID_SEZIONE":"1440","ISTAT_COMUNE_SEZ":"1201","COMUNE_SEZ":"PRAGELATO","PROVINCIA":"TO","ID_CENTRALE":"1041","NOME_CENTRALE":"PRAGELATO","ISTAT_COMUNE_CENTR":"1201","COMUNE_CENTR":"PRAGELATO","PROVINCIA_CENTR":"TO","INDIRIZZO_CENTRALE":"IV NOVEMBRE ANG.V.D.PINET","LATITUDINE_SEZIONE":"44.99436","LONGITUDINE_SEZIONE":"6.96549","POS_X_SEZIONE":"339633.29717","POS_Y_SEZIONE":"4984337.06295","LATITUDINE_CENTRALE":"45.01625","LONGITUDINE_CENTRALE":"6.94241","POS_X_CENTRALE":"337876.16360","POS_Y_CENTRALE":"4986814.58180","TIPO_ADSL":"ADSL_1","DESCRIZIONE_TIPO_ADSL":"ADSL (8 mega)","DISTANZA_CALCOLATA":"3037.37","CLASSE_DISTANZA":"2900-3299","POTENZA_SEGNALE":"4999.75","POPOLAZIONE_SEZIONE": ""}
			},
		 		{ "type" : "Feature",
				"geometry" : {
					"type" : "Point",
					"coordinates" : [6.93962,45.04680]},
			"properties" : { "ANNO":"2010","ID_SEZIONE":"1659","ISTAT_COMUNE_SEZ":"1201","COMUNE_SEZ":"PRAGELATO","PROVINCIA":"TO","ID_CENTRALE":"1041","NOME_CENTRALE":"PRAGELATO","ISTAT_COMUNE_CENTR":"1201","COMUNE_CENTR":"PRAGELATO","PROVINCIA_CENTR":"TO","INDIRIZZO_CENTRALE":"IV NOVEMBRE ANG.V.D.PINET","LATITUDINE_SEZIONE":"45.04680","LONGITUDINE_SEZIONE":"6.93962","POS_X_SEZIONE":"337742.79144","POS_Y_SEZIONE":"4990214.61508","LATITUDINE_CENTRALE":"45.01625","LONGITUDINE_CENTRALE":"6.94241","POS_X_CENTRALE":"337876.16360","POS_Y_CENTRALE":"4986814.58180","TIPO_ADSL":"ADSL_1","DESCRIZIONE_TIPO_ADSL":"ADSL (8 mega)","DISTANZA_CALCOLATA":"3402.65","CLASSE_DISTANZA":"3300-3699","POTENZA_SEGNALE":"3999.63","POPOLAZIONE_SEZIONE": ""}
			},
		 		{ "type" : "Feature",
				"geometry" : {
					"type" : "Point",
					"coordinates" : [6.91115,45.00478]},
			"properties" : { "ANNO":"2010","ID_SEZIONE":"2189","ISTAT_COMUNE_SEZ":"1201","COMUNE_SEZ":"PRAGELATO","PROVINCIA":"TO","ID_CENTRALE":"1041","NOME_CENTRALE":"PRAGELATO","ISTAT_COMUNE_CENTR":"1201","COMUNE_CENTR":"PRAGELATO","PROVINCIA_CENTR":"TO","INDIRIZZO_CENTRALE":"IV NOVEMBRE ANG.V.D.PINET","LATITUDINE_SEZIONE":"45.00478","LONGITUDINE_SEZIONE":"6.91115","POS_X_SEZIONE":"335379.87560","POS_Y_SEZIONE":"4985603.56919","LATITUDINE_CENTRALE":"45.01625","LONGITUDINE_CENTRALE":"6.94241","POS_X_CENTRALE":"337876.16360","POS_Y_CENTRALE":"4986814.58180","TIPO_ADSL":"ADSL_1","DESCRIZIONE_TIPO_ADSL":"ADSL (8 mega)","DISTANZA_CALCOLATA":"2774.53","CLASSE_DISTANZA":"2500-2899","POTENZA_SEGNALE":"5749.63","POPOLAZIONE_SEZIONE": ""}
			},
		 		{ "type" : "Feature",
				"geometry" : {
					"type" : "Point",
					"coordinates" : [6.93381,44.98126]},
			"properties" : { "ANNO":"2010","ID_SEZIONE":"2590","ISTAT_COMUNE_SEZ":"1201","COMUNE_SEZ":"PRAGELATO","PROVINCIA":"TO","ID_CENTRALE":"1041","NOME_CENTRALE":"PRAGELATO","ISTAT_COMUNE_CENTR":"1201","COMUNE_CENTR":"PRAGELATO","PROVINCIA_CENTR":"TO","INDIRIZZO_CENTRALE":"IV NOVEMBRE ANG.V.D.PINET","LATITUDINE_SEZIONE":"44.98126","LONGITUDINE_SEZIONE":"6.93381","POS_X_SEZIONE":"337099.32161","POS_Y_SEZIONE":"4982945.03940","LATITUDINE_CENTRALE":"45.01625","LONGITUDINE_CENTRALE":"6.94241","POS_X_CENTRALE":"337876.16360","POS_Y_CENTRALE":"4986814.58180","TIPO_ADSL":"ADSL_1","DESCRIZIONE_TIPO_ADSL":"ADSL (8 mega)","DISTANZA_CALCOLATA":"3946.75","CLASSE_DISTANZA":"3700-4099","POTENZA_SEGNALE":"3000.38","POPOLAZIONE_SEZIONE": ""}
			},
		 		{ "type" : "Feature",
				"geometry" : {
					"type" : "Point",
					"coordinates" : [6.96868,45.02084]},
			"properties" : { "ANNO":"2010","ID_SEZIONE":"5147","ISTAT_COMUNE_SEZ":"1201","COMUNE_SEZ":"PRAGELATO","PROVINCIA":"TO","ID_CENTRALE":"1041","NOME_CENTRALE":"PRAGELATO","ISTAT_COMUNE_CENTR":"1201","COMUNE_CENTR":"PRAGELATO","PROVINCIA_CENTR":"TO","INDIRIZZO_CENTRALE":"IV NOVEMBRE ANG.V.D.PINET","LATITUDINE_SEZIONE":"45.02084","LONGITUDINE_SEZIONE":"6.96868","POS_X_SEZIONE":"339958.53237","POS_Y_SEZIONE":"4987272.59498","LATITUDINE_CENTRALE":"45.01625","LONGITUDINE_CENTRALE":"6.94241","POS_X_CENTRALE":"337876.16360","POS_Y_CENTRALE":"4986814.58180","TIPO_ADSL":"ADSL_1","DESCRIZIONE_TIPO_ADSL":"ADSL (8 mega)","DISTANZA_CALCOLATA":"2132.14","CLASSE_DISTANZA":"2100-2499","POTENZA_SEGNALE":"6500.38","POPOLAZIONE_SEZIONE": ""}
			},
		 		{ "type" : "Feature",
				"geometry" : {
					"type" : "Point",
					"coordinates" : [6.93585,45.00942]},
			"properties" : { "ANNO":"2010","ID_SEZIONE":"7435","ISTAT_COMUNE_SEZ":"1201","COMUNE_SEZ":"PRAGELATO","PROVINCIA":"TO","ID_CENTRALE":"1041","NOME_CENTRALE":"PRAGELATO","ISTAT_COMUNE_CENTR":"1201","COMUNE_CENTR":"PRAGELATO","PROVINCIA_CENTR":"TO","INDIRIZZO_CENTRALE":"IV NOVEMBRE ANG.V.D.PINET","LATITUDINE_SEZIONE":"45.00942","LONGITUDINE_SEZIONE":"6.93585","POS_X_SEZIONE":"337339.80187","POS_Y_SEZIONE":"4986069.07447","LATITUDINE_CENTRALE":"45.01625","LONGITUDINE_CENTRALE":"6.94241","POS_X_CENTRALE":"337876.16360","POS_Y_CENTRALE":"4986814.58180","TIPO_ADSL":"ADSL_1","DESCRIZIONE_TIPO_ADSL":"ADSL (8 mega)","DISTANZA_CALCOLATA":"918.40","CLASSE_DISTANZA":"900-1299","POTENZA_SEGNALE":"7000","POPOLAZIONE_SEZIONE": "22"}
			},
		 		{ "type" : "Feature",
				"geometry" : {
					"type" : "Point",
					"coordinates" : [6.92423,44.99886]},
			"properties" : { "ANNO":"2010","ID_SEZIONE":"7436","ISTAT_COMUNE_SEZ":"1201","COMUNE_SEZ":"PRAGELATO","PROVINCIA":"TO","ID_CENTRALE":"1041","NOME_CENTRALE":"PRAGELATO","ISTAT_COMUNE_CENTR":"1201","COMUNE_CENTR":"PRAGELATO","PROVINCIA_CENTR":"TO","INDIRIZZO_CENTRALE":"IV NOVEMBRE ANG.V.D.PINET","LATITUDINE_SEZIONE":"44.99886","LONGITUDINE_SEZIONE":"6.92423","POS_X_SEZIONE":"336394.13941","POS_Y_SEZIONE":"4984919.56228","LATITUDINE_CENTRALE":"45.01625","LONGITUDINE_CENTRALE":"6.94241","POS_X_CENTRALE":"337876.16360","POS_Y_CENTRALE":"4986814.58180","TIPO_ADSL":"ADSL_1","DESCRIZIONE_TIPO_ADSL":"ADSL (8 mega)","DISTANZA_CALCOLATA":"2405.72","CLASSE_DISTANZA":"2100-2499","POTENZA_SEGNALE":"6500.38","POPOLAZIONE_SEZIONE": "40"}
			},
		 		{ "type" : "Feature",
				"geometry" : {
					"type" : "Point",
					"coordinates" : [6.94231,45.01649]},
			"properties" : { "ANNO":"2010","ID_SEZIONE":"8031","ISTAT_COMUNE_SEZ":"1201","COMUNE_SEZ":"PRAGELATO","PROVINCIA":"TO","ID_CENTRALE":"1041","NOME_CENTRALE":"PRAGELATO","ISTAT_COMUNE_CENTR":"1201","COMUNE_CENTR":"PRAGELATO","PROVINCIA_CENTR":"TO","INDIRIZZO_CENTRALE":"IV NOVEMBRE ANG.V.D.PINET","LATITUDINE_SEZIONE":"45.01649","LONGITUDINE_SEZIONE":"6.94231","POS_X_SEZIONE":"337869.39726","POS_Y_SEZIONE":"4986842.08183","LATITUDINE_CENTRALE":"45.01625","LONGITUDINE_CENTRALE":"6.94241","POS_X_CENTRALE":"337876.16360","POS_Y_CENTRALE":"4986814.58180","TIPO_ADSL":"ADSL_1","DESCRIZIONE_TIPO_ADSL":"ADSL (8 mega)","DISTANZA_CALCOLATA":"28.32","CLASSE_DISTANZA":"0-99","POTENZA_SEGNALE":"7000","POPOLAZIONE_SEZIONE": "58"}
			},
		 		{ "type" : "Feature",
				"geometry" : {
					"type" : "Point",
					"coordinates" : [6.91864,44.99382]},
			"properties" : { "ANNO":"2010","ID_SEZIONE":"8320","ISTAT_COMUNE_SEZ":"1201","COMUNE_SEZ":"PRAGELATO","PROVINCIA":"TO","ID_CENTRALE":"1041","NOME_CENTRALE":"PRAGELATO","ISTAT_COMUNE_CENTR":"1201","COMUNE_CENTR":"PRAGELATO","PROVINCIA_CENTR":"TO","INDIRIZZO_CENTRALE":"IV NOVEMBRE ANG.V.D.PINET","LATITUDINE_SEZIONE":"44.99382","LONGITUDINE_SEZIONE":"6.91864","POS_X_SEZIONE":"335939.17109","POS_Y_SEZIONE":"4984371.05565","LATITUDINE_CENTRALE":"45.01625","LONGITUDINE_CENTRALE":"6.94241","POS_X_CENTRALE":"337876.16360","POS_Y_CENTRALE":"4986814.58180","TIPO_ADSL":"ADSL_1","DESCRIZIONE_TIPO_ADSL":"ADSL (8 mega)","DISTANZA_CALCOLATA":"3118.13","CLASSE_DISTANZA":"2900-3299","POTENZA_SEGNALE":"4999.75","POPOLAZIONE_SEZIONE": "29"}
			},
		 		{ "type" : "Feature",
				"geometry" : {
					"type" : "Point",
					"coordinates" : [6.92380,45.00887]},
			"properties" : { "ANNO":"2010","ID_SEZIONE":"9315","ISTAT_COMUNE_SEZ":"1201","COMUNE_SEZ":"PRAGELATO","PROVINCIA":"TO","ID_CENTRALE":"1041","NOME_CENTRALE":"PRAGELATO","ISTAT_COMUNE_CENTR":"1201","COMUNE_CENTR":"PRAGELATO","PROVINCIA_CENTR":"TO","INDIRIZZO_CENTRALE":"IV NOVEMBRE ANG.V.D.PINET","LATITUDINE_SEZIONE":"45.00887","LONGITUDINE_SEZIONE":"6.92380","POS_X_SEZIONE":"336388.57294","POS_Y_SEZIONE":"4986032.57348","LATITUDINE_CENTRALE":"45.01625","LONGITUDINE_CENTRALE":"6.94241","POS_X_CENTRALE":"337876.16360","POS_Y_CENTRALE":"4986814.58180","TIPO_ADSL":"ADSL_1","DESCRIZIONE_TIPO_ADSL":"ADSL (8 mega)","DISTANZA_CALCOLATA":"1680.61","CLASSE_DISTANZA":"1300-1699","POTENZA_SEGNALE":"7000","POPOLAZIONE_SEZIONE": ""}
			},
		 		{ "type" : "Feature",
				"geometry" : {
					"type" : "Point",
					"coordinates" : [6.93999,45.01384]},
			"properties" : { "ANNO":"2010","ID_SEZIONE":"9529","ISTAT_COMUNE_SEZ":"1201","COMUNE_SEZ":"PRAGELATO","PROVINCIA":"TO","ID_CENTRALE":"1041","NOME_CENTRALE":"PRAGELATO","ISTAT_COMUNE_CENTR":"1201","COMUNE_CENTR":"PRAGELATO","PROVINCIA_CENTR":"TO","INDIRIZZO_CENTRALE":"IV NOVEMBRE ANG.V.D.PINET","LATITUDINE_SEZIONE":"45.01384","LONGITUDINE_SEZIONE":"6.93999","POS_X_SEZIONE":"337678.89640","POS_Y_SEZIONE":"4986551.57918","LATITUDINE_CENTRALE":"45.01625","LONGITUDINE_CENTRALE":"6.94241","POS_X_CENTRALE":"337876.16360","POS_Y_CENTRALE":"4986814.58180","TIPO_ADSL":"ADSL_1","DESCRIZIONE_TIPO_ADSL":"ADSL (8 mega)","DISTANZA_CALCOLATA":"328.76","CLASSE_DISTANZA":"100-499","POTENZA_SEGNALE":"7000","POPOLAZIONE_SEZIONE": "26"}
			},
		 		{ "type" : "Feature",
				"geometry" : {
					"type" : "Point",
					"coordinates" : [6.94180,44.93906]},
			"properties" : { "ANNO":"2010","ID_SEZIONE":"10395","ISTAT_COMUNE_SEZ":"1201","COMUNE_SEZ":"PRAGELATO","PROVINCIA":"TO","ID_CENTRALE":"1041","NOME_CENTRALE":"PRAGELATO","ISTAT_COMUNE_CENTR":"1201","COMUNE_CENTR":"PRAGELATO","PROVINCIA_CENTR":"TO","INDIRIZZO_CENTRALE":"IV NOVEMBRE ANG.V.D.PINET","LATITUDINE_SEZIONE":"44.93906","LONGITUDINE_SEZIONE":"6.94180","POS_X_SEZIONE":"337609.96226","POS_Y_SEZIONE":"4978241.48432","LATITUDINE_CENTRALE":"45.01625","LONGITUDINE_CENTRALE":"6.94241","POS_X_CENTRALE":"337876.16360","POS_Y_CENTRALE":"4986814.58180","TIPO_ADSL":"ADSL_1","DESCRIZIONE_TIPO_ADSL":"ADSL (8 mega)","DISTANZA_CALCOLATA":"8577.23","CLASSE_DISTANZA":"6100 e oltre","POTENZA_SEGNALE":"0.00","POPOLAZIONE_SEZIONE": ""}
			},
		 		{ "type" : "Feature",
				"geometry" : {
					"type" : "Point",
					"coordinates" : [6.95100,45.02469]},
			"properties" : { "ANNO":"2010","ID_SEZIONE":"14461","ISTAT_COMUNE_SEZ":"1201","COMUNE_SEZ":"PRAGELATO","PROVINCIA":"TO","ID_CENTRALE":"1041","NOME_CENTRALE":"PRAGELATO","ISTAT_COMUNE_CENTR":"1201","COMUNE_CENTR":"PRAGELATO","PROVINCIA_CENTR":"TO","INDIRIZZO_CENTRALE":"IV NOVEMBRE ANG.V.D.PINET","LATITUDINE_SEZIONE":"45.02469","LONGITUDINE_SEZIONE":"6.95100","POS_X_SEZIONE":"338576.61979","POS_Y_SEZIONE":"4987735.59095","LATITUDINE_CENTRALE":"45.01625","LONGITUDINE_CENTRALE":"6.94241","POS_X_CENTRALE":"337876.16360","POS_Y_CENTRALE":"4986814.58180","TIPO_ADSL":"ADSL_1","DESCRIZIONE_TIPO_ADSL":"ADSL (8 mega)","DISTANZA_CALCOLATA":"1157.11","CLASSE_DISTANZA":"900-1299","POTENZA_SEGNALE":"7000","POPOLAZIONE_SEZIONE": ""}
			},
		 		{ "type" : "Feature",
				"geometry" : {
					"type" : "Point",
					"coordinates" : [6.93906,45.00328]},
			"properties" : { "ANNO":"2010","ID_SEZIONE":"14468","ISTAT_COMUNE_SEZ":"1201","COMUNE_SEZ":"PRAGELATO","PROVINCIA":"TO","ID_CENTRALE":"1041","NOME_CENTRALE":"PRAGELATO","ISTAT_COMUNE_CENTR":"1201","COMUNE_CENTR":"PRAGELATO","PROVINCIA_CENTR":"TO","INDIRIZZO_CENTRALE":"IV NOVEMBRE ANG.V.D.PINET","LATITUDINE_SEZIONE":"45.00328","LONGITUDINE_SEZIONE":"6.93906","POS_X_SEZIONE":"337575.18158","POS_Y_SEZIONE":"4985380.56759","LATITUDINE_CENTRALE":"45.01625","LONGITUDINE_CENTRALE":"6.94241","POS_X_CENTRALE":"337876.16360","POS_Y_CENTRALE":"4986814.58180","TIPO_ADSL":"ADSL_1","DESCRIZIONE_TIPO_ADSL":"ADSL (8 mega)","DISTANZA_CALCOLATA":"1465.26","CLASSE_DISTANZA":"1300-1699","POTENZA_SEGNALE":"7000","POPOLAZIONE_SEZIONE": ""}
			},
		 		{ "type" : "Feature",
				"geometry" : {
					"type" : "Point",
					"coordinates" : [6.94410,45.01491]},
			"properties" : { "ANNO":"2010","ID_SEZIONE":"14711","ISTAT_COMUNE_SEZ":"1201","COMUNE_SEZ":"PRAGELATO","PROVINCIA":"TO","ID_CENTRALE":"1041","NOME_CENTRALE":"PRAGELATO","ISTAT_COMUNE_CENTR":"1201","COMUNE_CENTR":"PRAGELATO","PROVINCIA_CENTR":"TO","INDIRIZZO_CENTRALE":"IV NOVEMBRE ANG.V.D.PINET","LATITUDINE_SEZIONE":"45.01491","LONGITUDINE_SEZIONE":"6.94410","POS_X_SEZIONE":"338005.64968","POS_Y_SEZIONE":"4986663.08049","LATITUDINE_CENTRALE":"45.01625","LONGITUDINE_CENTRALE":"6.94241","POS_X_CENTRALE":"337876.16360","POS_Y_CENTRALE":"4986814.58180","TIPO_ADSL":"ADSL_1","DESCRIZIONE_TIPO_ADSL":"ADSL (8 mega)","DISTANZA_CALCOLATA":"199.30","CLASSE_DISTANZA":"100-499","POTENZA_SEGNALE":"7000","POPOLAZIONE_SEZIONE": "20"}
			},
		 		{ "type" : "Feature",
				"geometry" : {
					"type" : "Point",
					"coordinates" : [6.94035,45.00975]},
			"properties" : { "ANNO":"2010","ID_SEZIONE":"14712","ISTAT_COMUNE_SEZ":"1201","COMUNE_SEZ":"PRAGELATO","PROVINCIA":"TO","ID_CENTRALE":"1041","NOME_CENTRALE":"PRAGELATO","ISTAT_COMUNE_CENTR":"1201","COMUNE_CENTR":"PRAGELATO","PROVINCIA_CENTR":"TO","INDIRIZZO_CENTRALE":"IV NOVEMBRE ANG.V.D.PINET","LATITUDINE_SEZIONE":"45.00975","LONGITUDINE_SEZIONE":"6.94035","POS_X_SEZIONE":"337695.46165","POS_Y_SEZIONE":"4986097.07473","LATITUDINE_CENTRALE":"45.01625","LONGITUDINE_CENTRALE":"6.94241","POS_X_CENTRALE":"337876.16360","POS_Y_CENTRALE":"4986814.58180","TIPO_ADSL":"ADSL_1","DESCRIZIONE_TIPO_ADSL":"ADSL (8 mega)","DISTANZA_CALCOLATA":"739.91","CLASSE_DISTANZA":"500-899","POTENZA_SEGNALE":"7000","POPOLAZIONE_SEZIONE": "53"}
			},
		 		{ "type" : "Feature",
				"geometry" : {
					"type" : "Point",
					"coordinates" : [6.91733,45.00090]},
			"properties" : { "ANNO":"2010","ID_SEZIONE":"16310","ISTAT_COMUNE_SEZ":"1201","COMUNE_SEZ":"PRAGELATO","PROVINCIA":"TO","ID_CENTRALE":"1041","NOME_CENTRALE":"PRAGELATO","ISTAT_COMUNE_CENTR":"1201","COMUNE_CENTR":"PRAGELATO","PROVINCIA_CENTR":"TO","INDIRIZZO_CENTRALE":"IV NOVEMBRE ANG.V.D.PINET","LATITUDINE_SEZIONE":"45.00090","LONGITUDINE_SEZIONE":"6.91733","POS_X_SEZIONE":"335855.97569","POS_Y_SEZIONE":"4985160.56477","LATITUDINE_CENTRALE":"45.01625","LONGITUDINE_CENTRALE":"6.94241","POS_X_CENTRALE":"337876.16360","POS_Y_CENTRALE":"4986814.58180","TIPO_ADSL":"ADSL_1","DESCRIZIONE_TIPO_ADSL":"ADSL (8 mega)","DISTANZA_CALCOLATA":"2610.93","CLASSE_DISTANZA":"2500-2899","POTENZA_SEGNALE":"5749.63","POPOLAZIONE_SEZIONE": "3"}
			},
		 		{ "type" : "Feature",
				"geometry" : {
					"type" : "Point",
					"coordinates" : [6.94677,45.01809]},
			"properties" : { "ANNO":"2010","ID_SEZIONE":"16519","ISTAT_COMUNE_SEZ":"1201","COMUNE_SEZ":"PRAGELATO","PROVINCIA":"TO","ID_CENTRALE":"1041","NOME_CENTRALE":"PRAGELATO","ISTAT_COMUNE_CENTR":"1201","COMUNE_CENTR":"PRAGELATO","PROVINCIA_CENTR":"TO","INDIRIZZO_CENTRALE":"IV NOVEMBRE ANG.V.D.PINET","LATITUDINE_SEZIONE":"45.01809","LONGITUDINE_SEZIONE":"6.94677","POS_X_SEZIONE":"338224.86914","POS_Y_SEZIONE":"4987011.08382","LATITUDINE_CENTRALE":"45.01625","LONGITUDINE_CENTRALE":"6.94241","POS_X_CENTRALE":"337876.16360","POS_Y_CENTRALE":"4986814.58180","TIPO_ADSL":"ADSL_1","DESCRIZIONE_TIPO_ADSL":"ADSL (8 mega)","DISTANZA_CALCOLATA":"400.26","CLASSE_DISTANZA":"100-499","POTENZA_SEGNALE":"7000","POPOLAZIONE_SEZIONE": "24"}
			},
		 		{ "type" : "Feature",
				"geometry" : {
					"type" : "Point",
					"coordinates" : [6.92191,45.00710]},
			"properties" : { "ANNO":"2010","ID_SEZIONE":"16753","ISTAT_COMUNE_SEZ":"1201","COMUNE_SEZ":"PRAGELATO","PROVINCIA":"TO","ID_CENTRALE":"1041","NOME_CENTRALE":"PRAGELATO","ISTAT_COMUNE_CENTR":"1201","COMUNE_CENTR":"PRAGELATO","PROVINCIA_CENTR":"TO","INDIRIZZO_CENTRALE":"IV NOVEMBRE ANG.V.D.PINET","LATITUDINE_SEZIONE":"45.00710","LONGITUDINE_SEZIONE":"6.92191","POS_X_SEZIONE":"336234.97806","POS_Y_SEZIONE":"4985840.07172","LATITUDINE_CENTRALE":"45.01625","LONGITUDINE_CENTRALE":"6.94241","POS_X_CENTRALE":"337876.16360","POS_Y_CENTRALE":"4986814.58180","TIPO_ADSL":"ADSL_1","DESCRIZIONE_TIPO_ADSL":"ADSL (8 mega)","DISTANZA_CALCOLATA":"1908.71","CLASSE_DISTANZA":"1700-2099","POTENZA_SEGNALE":"6874.88","POPOLAZIONE_SEZIONE": "10"}
			},
		 		{ "type" : "Feature",
				"geometry" : {
					"type" : "Point",
					"coordinates" : [6.94053,44.96755]},
			"properties" : { "ANNO":"2010","ID_SEZIONE":"17495","ISTAT_COMUNE_SEZ":"1201","COMUNE_SEZ":"PRAGELATO","PROVINCIA":"TO","ID_CENTRALE":"1041","NOME_CENTRALE":"PRAGELATO","ISTAT_COMUNE_CENTR":"1201","COMUNE_CENTR":"PRAGELATO","PROVINCIA_CENTR":"TO","INDIRIZZO_CENTRALE":"IV NOVEMBRE ANG.V.D.PINET","LATITUDINE_SEZIONE":"44.96755","LONGITUDINE_SEZIONE":"6.94053","POS_X_SEZIONE":"337590.21595","POS_Y_SEZIONE":"4981409.02147","LATITUDINE_CENTRALE":"45.01625","LONGITUDINE_CENTRALE":"6.94241","POS_X_CENTRALE":"337876.16360","POS_Y_CENTRALE":"4986814.58180","TIPO_ADSL":"ADSL_1","DESCRIZIONE_TIPO_ADSL":"ADSL (8 mega)","DISTANZA_CALCOLATA":"5413.12","CLASSE_DISTANZA":"5300-5699","POTENZA_SEGNALE":"0.00","POPOLAZIONE_SEZIONE": "2"}
			},
		 		{ "type" : "Feature",
				"geometry" : {
					"type" : "Point",
					"coordinates" : [6.94476,45.02926]},
			"properties" : { "ANNO":"2010","ID_SEZIONE":"17615","ISTAT_COMUNE_SEZ":"1201","COMUNE_SEZ":"PRAGELATO","PROVINCIA":"TO","ID_CENTRALE":"1041","NOME_CENTRALE":"PRAGELATO","ISTAT_COMUNE_CENTR":"1201","COMUNE_CENTR":"PRAGELATO","PROVINCIA_CENTR":"TO","INDIRIZZO_CENTRALE":"IV NOVEMBRE ANG.V.D.PINET","LATITUDINE_SEZIONE":"45.02926","LONGITUDINE_SEZIONE":"6.94476","POS_X_SEZIONE":"338098.01960","POS_Y_SEZIONE":"4988255.59607","LATITUDINE_CENTRALE":"45.01625","LONGITUDINE_CENTRALE":"6.94241","POS_X_CENTRALE":"337876.16360","POS_Y_CENTRALE":"4986814.58180","TIPO_ADSL":"ADSL_1","DESCRIZIONE_TIPO_ADSL":"ADSL (8 mega)","DISTANZA_CALCOLATA":"1457.99","CLASSE_DISTANZA":"1300-1699","POTENZA_SEGNALE":"7000","POPOLAZIONE_SEZIONE": "8"}
			},
		 		{ "type" : "Feature",
				"geometry" : {
					"type" : "Point",
					"coordinates" : [6.94435,44.99701]},
			"properties" : { "ANNO":"2010","ID_SEZIONE":"18604","ISTAT_COMUNE_SEZ":"1201","COMUNE_SEZ":"PRAGELATO","PROVINCIA":"TO","ID_CENTRALE":"1041","NOME_CENTRALE":"PRAGELATO","ISTAT_COMUNE_CENTR":"1201","COMUNE_CENTR":"PRAGELATO","PROVINCIA_CENTR":"TO","INDIRIZZO_CENTRALE":"IV NOVEMBRE ANG.V.D.PINET","LATITUDINE_SEZIONE":"44.99701","LONGITUDINE_SEZIONE":"6.94435","POS_X_SEZIONE":"337975.00290","POS_Y_SEZIONE":"4984673.56010","LATITUDINE_CENTRALE":"45.01625","LONGITUDINE_CENTRALE":"6.94241","POS_X_CENTRALE":"337876.16360","POS_Y_CENTRALE":"4986814.58180","TIPO_ADSL":"ADSL_1","DESCRIZIONE_TIPO_ADSL":"ADSL (8 mega)","DISTANZA_CALCOLATA":"2143.3","CLASSE_DISTANZA":"2100-2499","POTENZA_SEGNALE":"6500.38","POPOLAZIONE_SEZIONE": ""}
			},
		 		{ "type" : "Feature",
				"geometry" : {
					"type" : "Point",
					"coordinates" : [6.93678,45.01217]},
			"properties" : { "ANNO":"2010","ID_SEZIONE":"18821","ISTAT_COMUNE_SEZ":"1201","COMUNE_SEZ":"PRAGELATO","PROVINCIA":"TO","ID_CENTRALE":"1041","NOME_CENTRALE":"PRAGELATO","ISTAT_COMUNE_CENTR":"1201","COMUNE_CENTR":"PRAGELATO","PROVINCIA_CENTR":"TO","INDIRIZZO_CENTRALE":"IV NOVEMBRE ANG.V.D.PINET","LATITUDINE_SEZIONE":"45.01217","LONGITUDINE_SEZIONE":"6.93678","POS_X_SEZIONE":"337421.01941","POS_Y_SEZIONE":"4986373.57726","LATITUDINE_CENTRALE":"45.01625","LONGITUDINE_CENTRALE":"6.94241","POS_X_CENTRALE":"337876.16360","POS_Y_CENTRALE":"4986814.58180","TIPO_ADSL":"ADSL_1","DESCRIZIONE_TIPO_ADSL":"ADSL (8 mega)","DISTANZA_CALCOLATA":"633.75","CLASSE_DISTANZA":"500-899","POTENZA_SEGNALE":"7000","POPOLAZIONE_SEZIONE": "55"}
			},
		 		{ "type" : "Feature",
				"geometry" : {
					"type" : "Point",
					"coordinates" : [6.91963,44.98720]},
			"properties" : { "ANNO":"2010","ID_SEZIONE":"19499","ISTAT_COMUNE_SEZ":"1201","COMUNE_SEZ":"PRAGELATO","PROVINCIA":"TO","ID_CENTRALE":"1041","NOME_CENTRALE":"PRAGELATO","ISTAT_COMUNE_CENTR":"1201","COMUNE_CENTR":"PRAGELATO","PROVINCIA_CENTR":"TO","INDIRIZZO_CENTRALE":"IV NOVEMBRE ANG.V.D.PINET","LATITUDINE_SEZIONE":"44.98720","LONGITUDINE_SEZIONE":"6.91963","POS_X_SEZIONE":"335998.45915","POS_Y_SEZIONE":"4983634.04701","LATITUDINE_CENTRALE":"45.01625","LONGITUDINE_CENTRALE":"6.94241","POS_X_CENTRALE":"337876.16360","POS_Y_CENTRALE":"4986814.58180","TIPO_ADSL":"ADSL_1","DESCRIZIONE_TIPO_ADSL":"ADSL (8 mega)","DISTANZA_CALCOLATA":"3693.45","CLASSE_DISTANZA":"3300-3699","POTENZA_SEGNALE":"3999.63","POPOLAZIONE_SEZIONE": "12"}
			},
		 		{ "type" : "Feature",
				"geometry" : {
					"type" : "Point",
					"coordinates" : [6.91638,44.98656]},
			"properties" : { "ANNO":"2010","ID_SEZIONE":"19818","ISTAT_COMUNE_SEZ":"1201","COMUNE_SEZ":"PRAGELATO","PROVINCIA":"TO","ID_CENTRALE":"1041","NOME_CENTRALE":"PRAGELATO","ISTAT_COMUNE_CENTR":"1201","COMUNE_CENTR":"PRAGELATO","PROVINCIA_CENTR":"TO","INDIRIZZO_CENTRALE":"IV NOVEMBRE ANG.V.D.PINET","LATITUDINE_SEZIONE":"44.98656","LONGITUDINE_SEZIONE":"6.91638","POS_X_SEZIONE":"335740.26881","POS_Y_SEZIONE":"4983569.54628","LATITUDINE_CENTRALE":"45.01625","LONGITUDINE_CENTRALE":"6.94241","POS_X_CENTRALE":"337876.16360","POS_Y_CENTRALE":"4986814.58180","TIPO_ADSL":"ADSL_1","DESCRIZIONE_TIPO_ADSL":"ADSL (8 mega)","DISTANZA_CALCOLATA":"3884.88","CLASSE_DISTANZA":"3700-4099","POTENZA_SEGNALE":"3000.38","POPOLAZIONE_SEZIONE": ""}
			},
		 		{ "type" : "Feature",
				"geometry" : {
					"type" : "Point",
					"coordinates" : [6.94734,45.02021]},
			"properties" : { "ANNO":"2010","ID_SEZIONE":"20383","ISTAT_COMUNE_SEZ":"1201","COMUNE_SEZ":"PRAGELATO","PROVINCIA":"TO","ID_CENTRALE":"1041","NOME_CENTRALE":"PRAGELATO","ISTAT_COMUNE_CENTR":"1201","COMUNE_CENTR":"PRAGELATO","PROVINCIA_CENTR":"TO","INDIRIZZO_CENTRALE":"IV NOVEMBRE ANG.V.D.PINET","LATITUDINE_SEZIONE":"45.02021","LONGITUDINE_SEZIONE":"6.94734","POS_X_SEZIONE":"338276.08808","POS_Y_SEZIONE":"4987245.08625","LATITUDINE_CENTRALE":"45.01625","LONGITUDINE_CENTRALE":"6.94241","POS_X_CENTRALE":"337876.16360","POS_Y_CENTRALE":"4986814.58180","TIPO_ADSL":"ADSL_1","DESCRIZIONE_TIPO_ADSL":"ADSL (8 mega)","DISTANZA_CALCOLATA":"587.60","CLASSE_DISTANZA":"500-899","POTENZA_SEGNALE":"7000","POPOLAZIONE_SEZIONE": "11"}
			},
		 		{ "type" : "Feature",
				"geometry" : {
					"type" : "Point",
					"coordinates" : [6.93307,45.00602]},
			"properties" : { "ANNO":"2010","ID_SEZIONE":"21840","ISTAT_COMUNE_SEZ":"1201","COMUNE_SEZ":"PRAGELATO","PROVINCIA":"TO","ID_CENTRALE":"1041","NOME_CENTRALE":"PRAGELATO","ISTAT_COMUNE_CENTR":"1201","COMUNE_CENTR":"PRAGELATO","PROVINCIA_CENTR":"TO","INDIRIZZO_CENTRALE":"IV NOVEMBRE ANG.V.D.PINET","LATITUDINE_SEZIONE":"45.00602","LONGITUDINE_SEZIONE":"6.93307","POS_X_SEZIONE":"337111.20667","POS_Y_SEZIONE":"4985697.07063","LATITUDINE_CENTRALE":"45.01625","LONGITUDINE_CENTRALE":"6.94241","POS_X_CENTRALE":"337876.16360","POS_Y_CENTRALE":"4986814.58180","TIPO_ADSL":"ADSL_1","DESCRIZIONE_TIPO_ADSL":"ADSL (8 mega)","DISTANZA_CALCOLATA":"1354.25","CLASSE_DISTANZA":"1300-1699","POTENZA_SEGNALE":"7000","POPOLAZIONE_SEZIONE": "21"}
			},
		 		{ "type" : "Feature",
				"geometry" : {
					"type" : "Point",
					"coordinates" : [6.94284,45.03392]},
			"properties" : { "ANNO":"2010","ID_SEZIONE":"22836","ISTAT_COMUNE_SEZ":"1201","COMUNE_SEZ":"PRAGELATO","PROVINCIA":"TO","ID_CENTRALE":"1041","NOME_CENTRALE":"PRAGELATO","ISTAT_COMUNE_CENTR":"1201","COMUNE_CENTR":"PRAGELATO","PROVINCIA_CENTR":"TO","INDIRIZZO_CENTRALE":"IV NOVEMBRE ANG.V.D.PINET","LATITUDINE_SEZIONE":"45.03392","LONGITUDINE_SEZIONE":"6.94284","POS_X_SEZIONE":"337959.92347","POS_Y_SEZIONE":"4988777.10135","LATITUDINE_CENTRALE":"45.01625","LONGITUDINE_CENTRALE":"6.94241","POS_X_CENTRALE":"337876.16360","POS_Y_CENTRALE":"4986814.58180","TIPO_ADSL":"ADSL_1","DESCRIZIONE_TIPO_ADSL":"ADSL (8 mega)","DISTANZA_CALCOLATA":"1964.31","CLASSE_DISTANZA":"1700-2099","POTENZA_SEGNALE":"6874.88","POPOLAZIONE_SEZIONE": ""}
			},
		 		{ "type" : "Feature",
				"geometry" : {
					"type" : "Point",
					"coordinates" : [6.97365,44.94355]},
			"properties" : { "ANNO":"2010","ID_SEZIONE":"22886","ISTAT_COMUNE_SEZ":"1201","COMUNE_SEZ":"PRAGELATO","PROVINCIA":"TO","ID_CENTRALE":"1041","NOME_CENTRALE":"PRAGELATO","ISTAT_COMUNE_CENTR":"1201","COMUNE_CENTR":"PRAGELATO","PROVINCIA_CENTR":"TO","INDIRIZZO_CENTRALE":"IV NOVEMBRE ANG.V.D.PINET","LATITUDINE_SEZIONE":"44.94355","LONGITUDINE_SEZIONE":"6.97365","POS_X_SEZIONE":"340136.04072","POS_Y_SEZIONE":"4978677.00176","LATITUDINE_CENTRALE":"45.01625","LONGITUDINE_CENTRALE":"6.94241","POS_X_CENTRALE":"337876.16360","POS_Y_CENTRALE":"4986814.58180","TIPO_ADSL":"ADSL_1","DESCRIZIONE_TIPO_ADSL":"ADSL (8 mega)","DISTANZA_CALCOLATA":"8445.55","CLASSE_DISTANZA":"6100 e oltre","POTENZA_SEGNALE":"0.00","POPOLAZIONE_SEZIONE": ""}
			},
		 		{ "type" : "Feature",
				"geometry" : {
					"type" : "Point",
					"coordinates" : [6.90909,45.02199]},
			"properties" : { "ANNO":"2010","ID_SEZIONE":"24954","ISTAT_COMUNE_SEZ":"1201","COMUNE_SEZ":"PRAGELATO","PROVINCIA":"TO","ID_CENTRALE":"1041","NOME_CENTRALE":"PRAGELATO","ISTAT_COMUNE_CENTR":"1201","COMUNE_CENTR":"PRAGELATO","PROVINCIA_CENTR":"TO","INDIRIZZO_CENTRALE":"IV NOVEMBRE ANG.V.D.PINET","LATITUDINE_SEZIONE":"45.02199","LONGITUDINE_SEZIONE":"6.90909","POS_X_SEZIONE":"335267.02721","POS_Y_SEZIONE":"4987520.08810","LATITUDINE_CENTRALE":"45.01625","LONGITUDINE_CENTRALE":"6.94241","POS_X_CENTRALE":"337876.16360","POS_Y_CENTRALE":"4986814.58180","TIPO_ADSL":"ADSL_1","DESCRIZIONE_TIPO_ADSL":"ADSL (8 mega)","DISTANZA_CALCOLATA":"2702.84","CLASSE_DISTANZA":"2500-2899","POTENZA_SEGNALE":"5749.63","POPOLAZIONE_SEZIONE": ""}
			},
		 		{ "type" : "Feature",
				"geometry" : {
					"type" : "Point",
					"coordinates" : [6.95972,44.97114]},
			"properties" : { "ANNO":"2010","ID_SEZIONE":"25707","ISTAT_COMUNE_SEZ":"1201","COMUNE_SEZ":"PRAGELATO","PROVINCIA":"TO","ID_CENTRALE":"1041","NOME_CENTRALE":"PRAGELATO","ISTAT_COMUNE_CENTR":"1201","COMUNE_CENTR":"PRAGELATO","PROVINCIA_CENTR":"TO","INDIRIZZO_CENTRALE":"IV NOVEMBRE ANG.V.D.PINET","LATITUDINE_SEZIONE":"44.97114","LONGITUDINE_SEZIONE":"6.95972","POS_X_SEZIONE":"339113.91259","POS_Y_SEZIONE":"4981769.03018","LATITUDINE_CENTRALE":"45.01625","LONGITUDINE_CENTRALE":"6.94241","POS_X_CENTRALE":"337876.16360","POS_Y_CENTRALE":"4986814.58180","TIPO_ADSL":"ADSL_1","DESCRIZIONE_TIPO_ADSL":"ADSL (8 mega)","DISTANZA_CALCOLATA":"5195.15","CLASSE_DISTANZA":"4900-5299","POTENZA_SEGNALE":"125.13","POPOLAZIONE_SEZIONE": ""}
			},
		 		{ "type" : "Feature",
				"geometry" : {
					"type" : "Point",
					"coordinates" : [6.96301,45.03218]},
			"properties" : { "ANNO":"2010","ID_SEZIONE":"26853","ISTAT_COMUNE_SEZ":"1201","COMUNE_SEZ":"PRAGELATO","PROVINCIA":"TO","ID_CENTRALE":"1041","NOME_CENTRALE":"PRAGELATO","ISTAT_COMUNE_CENTR":"1201","COMUNE_CENTR":"PRAGELATO","PROVINCIA_CENTR":"TO","INDIRIZZO_CENTRALE":"IV NOVEMBRE ANG.V.D.PINET","LATITUDINE_SEZIONE":"45.03218","LONGITUDINE_SEZIONE":"6.96301","POS_X_SEZIONE":"339543.80776","POS_Y_SEZIONE":"4988543.10455","LATITUDINE_CENTRALE":"45.01625","LONGITUDINE_CENTRALE":"6.94241","POS_X_CENTRALE":"337876.16360","POS_Y_CENTRALE":"4986814.58180","TIPO_ADSL":"ADSL_1","DESCRIZIONE_TIPO_ADSL":"ADSL (8 mega)","DISTANZA_CALCOLATA":"2401.84","CLASSE_DISTANZA":"2100-2499","POTENZA_SEGNALE":"6500.38","POPOLAZIONE_SEZIONE": "41"}
			},
		 		{ "type" : "Feature",
				"geometry" : {
					"type" : "Point",
					"coordinates" : [6.96364,45.04326]},
			"properties" : { "ANNO":"2010","ID_SEZIONE":"28859","ISTAT_COMUNE_SEZ":"1201","COMUNE_SEZ":"PRAGELATO","PROVINCIA":"TO","ID_CENTRALE":"1041","NOME_CENTRALE":"PRAGELATO","ISTAT_COMUNE_CENTR":"1201","COMUNE_CENTR":"PRAGELATO","PROVINCIA_CENTR":"TO","INDIRIZZO_CENTRALE":"IV NOVEMBRE ANG.V.D.PINET","LATITUDINE_SEZIONE":"45.04326","LONGITUDINE_SEZIONE":"6.96364","POS_X_SEZIONE":"339624.86504","POS_Y_SEZIONE":"4989773.61668","LATITUDINE_CENTRALE":"45.01625","LONGITUDINE_CENTRALE":"6.94241","POS_X_CENTRALE":"337876.16360","POS_Y_CENTRALE":"4986814.58180","TIPO_ADSL":"ADSL_1","DESCRIZIONE_TIPO_ADSL":"ADSL (8 mega)","DISTANZA_CALCOLATA":"3437.13","CLASSE_DISTANZA":"3300-3699","POTENZA_SEGNALE":"3999.63","POPOLAZIONE_SEZIONE": ""}
			},
		 		{ "type" : "Feature",
				"geometry" : {
					"type" : "Point",
					"coordinates" : [6.93185,45.02304]},
			"properties" : { "ANNO":"2010","ID_SEZIONE":"29968","ISTAT_COMUNE_SEZ":"1201","COMUNE_SEZ":"PRAGELATO","PROVINCIA":"TO","ID_CENTRALE":"1041","NOME_CENTRALE":"PRAGELATO","ISTAT_COMUNE_CENTR":"1201","COMUNE_CENTR":"PRAGELATO","PROVINCIA_CENTR":"TO","INDIRIZZO_CENTRALE":"IV NOVEMBRE ANG.V.D.PINET","LATITUDINE_SEZIONE":"45.02304","LONGITUDINE_SEZIONE":"6.93185","POS_X_SEZIONE":"337063.76219","POS_Y_SEZIONE":"4987590.08926","LATITUDINE_CENTRALE":"45.01625","LONGITUDINE_CENTRALE":"6.94241","POS_X_CENTRALE":"337876.16360","POS_Y_CENTRALE":"4986814.58180","TIPO_ADSL":"ADSL_1","DESCRIZIONE_TIPO_ADSL":"ADSL (8 mega)","DISTANZA_CALCOLATA":"1123.12","CLASSE_DISTANZA":"900-1299","POTENZA_SEGNALE":"7000","POPOLAZIONE_SEZIONE": ""}
			},
		 		{ "type" : "Feature",
				"geometry" : {
					"type" : "Point",
					"coordinates" : [6.96939,44.91507]},
			"properties" : { "ANNO":"2010","ID_SEZIONE":"30455","ISTAT_COMUNE_SEZ":"1201","COMUNE_SEZ":"PRAGELATO","PROVINCIA":"TO","ID_CENTRALE":"1041","NOME_CENTRALE":"PRAGELATO","ISTAT_COMUNE_CENTR":"1201","COMUNE_CENTR":"PRAGELATO","PROVINCIA_CENTR":"TO","INDIRIZZO_CENTRALE":"IV NOVEMBRE ANG.V.D.PINET","LATITUDINE_SEZIONE":"44.91507","LONGITUDINE_SEZIONE":"6.96939","POS_X_SEZIONE":"339720.16258","POS_Y_SEZIONE":"4975521.96253","LATITUDINE_CENTRALE":"45.01625","LONGITUDINE_CENTRALE":"6.94241","POS_X_CENTRALE":"337876.16360","POS_Y_CENTRALE":"4986814.58180","TIPO_ADSL":"ADSL_1","DESCRIZIONE_TIPO_ADSL":"ADSL (8 mega)","DISTANZA_CALCOLATA":"11442.18","CLASSE_DISTANZA":"6100 e oltre","POTENZA_SEGNALE":"0.00","POPOLAZIONE_SEZIONE": ""}
			}
		 		]
	}
		