 	{ "type" : "FeatureCollection",
		"features" : [
		 		{ "type" : "Feature",
				"geometry" : {
					"type" : "Point",
					"coordinates" : [7.95314,44.19330]},
			"properties" : { "ANNO":"2010","ID_SEZIONE":"27496","ISTAT_COMUNE_SEZ":"4095","COMUNE_SEZ":"GARESSIO","PROVINCIA":"CN","ID_CENTRALE":"1520","NOME_CENTRALE":"TRAPPA","ISTAT_COMUNE_CENTR":"4095","COMUNE_CENTR":"GARESSIO","PROVINCIA_CENTR":"CN","INDIRIZZO_CENTRALE":"NAZIONALE","LATITUDINE_SEZIONE":"44.19330","LONGITUDINE_SEZIONE":"7.95314","POS_X_SEZIONE":"416341.81769","POS_Y_SEZIONE":"4893874.98133","LATITUDINE_CENTRALE":"44.18694","LONGITUDINE_CENTRALE":"7.99424","POS_X_CENTRALE":"419617.42018","POS_Y_CENTRALE":"4893128.29814","TIPO_ADSL":"ADSL_M","DESCRIZIONE_TIPO_ADSL":"ADSL Mini","DISTANZA_CALCOLATA":"3359.63","CLASSE_DISTANZA":"3300-3699","POTENZA_SEGNALE":"0.64","POPOLAZIONE_SEZIONE": "2"}
			},
		 		{ "type" : "Feature",
				"geometry" : {
					"type" : "Point",
					"coordinates" : [7.98946,44.18390]},
			"properties" : { "ANNO":"2010","ID_SEZIONE":"29578","ISTAT_COMUNE_SEZ":"4095","COMUNE_SEZ":"GARESSIO","PROVINCIA":"CN","ID_CENTRALE":"1520","NOME_CENTRALE":"TRAPPA","ISTAT_COMUNE_CENTR":"4095","COMUNE_CENTR":"GARESSIO","PROVINCIA_CENTR":"CN","INDIRIZZO_CENTRALE":"NAZIONALE","LATITUDINE_SEZIONE":"44.18390","LONGITUDINE_SEZIONE":"7.98946","POS_X_SEZIONE":"419231.54364","POS_Y_SEZIONE":"4892794.99362","LATITUDINE_CENTRALE":"44.18694","LONGITUDINE_CENTRALE":"7.99424","POS_X_CENTRALE":"419617.42018","POS_Y_CENTRALE":"4893128.29814","TIPO_ADSL":"ADSL_M","DESCRIZIONE_TIPO_ADSL":"ADSL Mini","DISTANZA_CALCOLATA":"509.89","CLASSE_DISTANZA":"500-899","POTENZA_SEGNALE":"0.64","POPOLAZIONE_SEZIONE": "27"}
			},
		 		{ "type" : "Feature",
				"geometry" : {
					"type" : "Point",
					"coordinates" : [7.99382,44.17606]},
			"properties" : { "ANNO":"2010","ID_SEZIONE":"30583","ISTAT_COMUNE_SEZ":"4095","COMUNE_SEZ":"GARESSIO","PROVINCIA":"CN","ID_CENTRALE":"1520","NOME_CENTRALE":"TRAPPA","ISTAT_COMUNE_CENTR":"4095","COMUNE_CENTR":"GARESSIO","PROVINCIA_CENTR":"CN","INDIRIZZO_CENTRALE":"NAZIONALE","LATITUDINE_SEZIONE":"44.17606","LONGITUDINE_SEZIONE":"7.99382","POS_X_SEZIONE":"419569.17283","POS_Y_SEZIONE":"4891919.99022","LATITUDINE_CENTRALE":"44.18694","LONGITUDINE_CENTRALE":"7.99424","POS_X_CENTRALE":"419617.42018","POS_Y_CENTRALE":"4893128.29814","TIPO_ADSL":"ADSL_M","DESCRIZIONE_TIPO_ADSL":"ADSL Mini","DISTANZA_CALCOLATA":"1209.27","CLASSE_DISTANZA":"900-1299","POTENZA_SEGNALE":"0.64","POPOLAZIONE_SEZIONE": "5"}
			}
		 		]
	}
		