 	{ "type" : "FeatureCollection",
		"features" : [
		 		{ "type" : "Feature",
				"geometry" : {
					"type" : "Point",
					"coordinates" : [7.74243,45.37834]},
			"properties" : { "ANNO":"2010","ID_SEZIONE":"1701","ISTAT_COMUNE_SEZ":"1015","COMUNE_SEZ":"BAIRO","PROVINCIA":"TO","ID_CENTRALE":"100","NOME_CENTRALE":"BAIRO","ISTAT_COMUNE_CENTR":"1015","COMUNE_CENTR":"BAIRO","PROVINCIA_CENTR":"TO","INDIRIZZO_CENTRALE":"CORNALETTO 9","LATITUDINE_SEZIONE":"45.37834","LONGITUDINE_SEZIONE":"7.74243","POS_X_SEZIONE":"401538.57774","POS_Y_SEZIONE":"5025749.88091","LATITUDINE_CENTRALE":"45.38644","LONGITUDINE_CENTRALE":"7.75729","POS_X_CENTRALE":"402715.72626","POS_Y_CENTRALE":"5026631.22556","TIPO_ADSL":"ADSL_M","DESCRIZIONE_TIPO_ADSL":"ADSL Mini","DISTANZA_CALCOLATA":"1470.53","CLASSE_DISTANZA":"1300-1699","POTENZA_SEGNALE":"0.64","POPOLAZIONE_SEZIONE": "53"}
			},
		 		{ "type" : "Feature",
				"geometry" : {
					"type" : "Point",
					"coordinates" : [7.74875,45.38188]},
			"properties" : { "ANNO":"2010","ID_SEZIONE":"6571","ISTAT_COMUNE_SEZ":"1015","COMUNE_SEZ":"BAIRO","PROVINCIA":"TO","ID_CENTRALE":"100","NOME_CENTRALE":"BAIRO","ISTAT_COMUNE_CENTR":"1015","COMUNE_CENTR":"BAIRO","PROVINCIA_CENTR":"TO","INDIRIZZO_CENTRALE":"CORNALETTO 9","LATITUDINE_SEZIONE":"45.38188","LONGITUDINE_SEZIONE":"7.74875","POS_X_SEZIONE":"402039.54209","POS_Y_SEZIONE":"5026134.88699","LATITUDINE_CENTRALE":"45.38644","LONGITUDINE_CENTRALE":"7.75729","POS_X_CENTRALE":"402715.72626","POS_Y_CENTRALE":"5026631.22556","TIPO_ADSL":"ADSL_M","DESCRIZIONE_TIPO_ADSL":"ADSL Mini","DISTANZA_CALCOLATA":"838.79","CLASSE_DISTANZA":"500-899","POTENZA_SEGNALE":"0.64","POPOLAZIONE_SEZIONE": "4"}
			},
		 		{ "type" : "Feature",
				"geometry" : {
					"type" : "Point",
					"coordinates" : [7.73932,45.38564]},
			"properties" : { "ANNO":"2010","ID_SEZIONE":"8273","ISTAT_COMUNE_SEZ":"1015","COMUNE_SEZ":"BAIRO","PROVINCIA":"TO","ID_CENTRALE":"100","NOME_CENTRALE":"BAIRO","ISTAT_COMUNE_CENTR":"1015","COMUNE_CENTR":"BAIRO","PROVINCIA_CENTR":"TO","INDIRIZZO_CENTRALE":"CORNALETTO 9","LATITUDINE_SEZIONE":"45.38564","LONGITUDINE_SEZIONE":"7.73932","POS_X_SEZIONE":"401307.59662","POS_Y_SEZIONE":"5026564.88200","LATITUDINE_CENTRALE":"45.38644","LONGITUDINE_CENTRALE":"7.75729","POS_X_CENTRALE":"402715.72626","POS_Y_CENTRALE":"5026631.22556","TIPO_ADSL":"ADSL_M","DESCRIZIONE_TIPO_ADSL":"ADSL Mini","DISTANZA_CALCOLATA":"1409.69","CLASSE_DISTANZA":"1300-1699","POTENZA_SEGNALE":"0.64","POPOLAZIONE_SEZIONE": "13"}
			},
		 		{ "type" : "Feature",
				"geometry" : {
					"type" : "Point",
					"coordinates" : [7.73579,45.39197]},
			"properties" : { "ANNO":"2010","ID_SEZIONE":"9488","ISTAT_COMUNE_SEZ":"1274","COMUNE_SEZ":"TORRE CANAVESE","PROVINCIA":"TO","ID_CENTRALE":"100","NOME_CENTRALE":"BAIRO","ISTAT_COMUNE_CENTR":"1015","COMUNE_CENTR":"BAIRO","PROVINCIA_CENTR":"TO","INDIRIZZO_CENTRALE":"CORNALETTO 9","LATITUDINE_SEZIONE":"45.39197","LONGITUDINE_SEZIONE":"7.73579","POS_X_SEZIONE":"401042.86446","POS_Y_SEZIONE":"5027272.38203","LATITUDINE_CENTRALE":"45.38644","LONGITUDINE_CENTRALE":"7.75729","POS_X_CENTRALE":"402715.72626","POS_Y_CENTRALE":"5026631.22556","TIPO_ADSL":"ADSL_M","DESCRIZIONE_TIPO_ADSL":"ADSL Mini","DISTANZA_CALCOLATA":"1791.52","CLASSE_DISTANZA":"1700-2099","POTENZA_SEGNALE":"0.64","POPOLAZIONE_SEZIONE": "31"}
			},
		 		{ "type" : "Feature",
				"geometry" : {
					"type" : "Point",
					"coordinates" : [7.76545,45.40981]},
			"properties" : { "ANNO":"2010","ID_SEZIONE":"10875","ISTAT_COMUNE_SEZ":"1274","COMUNE_SEZ":"TORRE CANAVESE","PROVINCIA":"TO","ID_CENTRALE":"100","NOME_CENTRALE":"BAIRO","ISTAT_COMUNE_CENTR":"1015","COMUNE_CENTR":"BAIRO","PROVINCIA_CENTR":"TO","INDIRIZZO_CENTRALE":"CORNALETTO 9","LATITUDINE_SEZIONE":"45.40981","LONGITUDINE_SEZIONE":"7.76545","POS_X_SEZIONE":"403394.94280","POS_Y_SEZIONE":"5029218.41416","LATITUDINE_CENTRALE":"45.38644","LONGITUDINE_CENTRALE":"7.75729","POS_X_CENTRALE":"402715.72626","POS_Y_CENTRALE":"5026631.22556","TIPO_ADSL":"ADSL_M","DESCRIZIONE_TIPO_ADSL":"ADSL Mini","DISTANZA_CALCOLATA":"2674.86","CLASSE_DISTANZA":"2500-2899","POTENZA_SEGNALE":"0.64","POPOLAZIONE_SEZIONE": "18"}
			},
		 		{ "type" : "Feature",
				"geometry" : {
					"type" : "Point",
					"coordinates" : [7.76809,45.40182]},
			"properties" : { "ANNO":"2010","ID_SEZIONE":"13628","ISTAT_COMUNE_SEZ":"1274","COMUNE_SEZ":"TORRE CANAVESE","PROVINCIA":"TO","ID_CENTRALE":"100","NOME_CENTRALE":"BAIRO","ISTAT_COMUNE_CENTR":"1015","COMUNE_CENTR":"BAIRO","PROVINCIA_CENTR":"TO","INDIRIZZO_CENTRALE":"CORNALETTO 9","LATITUDINE_SEZIONE":"45.40182","LONGITUDINE_SEZIONE":"7.76809","POS_X_SEZIONE":"403587.58024","POS_Y_SEZIONE":"5028327.41230","LATITUDINE_CENTRALE":"45.38644","LONGITUDINE_CENTRALE":"7.75729","POS_X_CENTRALE":"402715.72626","POS_Y_CENTRALE":"5026631.22556","TIPO_ADSL":"ADSL_M","DESCRIZIONE_TIPO_ADSL":"ADSL Mini","DISTANZA_CALCOLATA":"1907.14","CLASSE_DISTANZA":"1700-2099","POTENZA_SEGNALE":"0.64","POPOLAZIONE_SEZIONE": "25"}
			},
		 		{ "type" : "Feature",
				"geometry" : {
					"type" : "Point",
					"coordinates" : [7.75628,45.38575]},
			"properties" : { "ANNO":"2010","ID_SEZIONE":"14827","ISTAT_COMUNE_SEZ":"1015","COMUNE_SEZ":"BAIRO","PROVINCIA":"TO","ID_CENTRALE":"100","NOME_CENTRALE":"BAIRO","ISTAT_COMUNE_CENTR":"1015","COMUNE_CENTR":"BAIRO","PROVINCIA_CENTR":"TO","INDIRIZZO_CENTRALE":"CORNALETTO 9","LATITUDINE_SEZIONE":"45.38575","LONGITUDINE_SEZIONE":"7.75628","POS_X_SEZIONE":"402635.72462","POS_Y_SEZIONE":"5026556.39457","LATITUDINE_CENTRALE":"45.38644","LONGITUDINE_CENTRALE":"7.75729","POS_X_CENTRALE":"402715.72626","POS_Y_CENTRALE":"5026631.22556","TIPO_ADSL":"ADSL_M","DESCRIZIONE_TIPO_ADSL":"ADSL Mini","DISTANZA_CALCOLATA":"109.54","CLASSE_DISTANZA":"100-499","POTENZA_SEGNALE":"0.64","POPOLAZIONE_SEZIONE": "570"}
			},
		 		{ "type" : "Feature",
				"geometry" : {
					"type" : "Point",
					"coordinates" : [7.76234,45.37459]},
			"properties" : { "ANNO":"2010","ID_SEZIONE":"18210","ISTAT_COMUNE_SEZ":"1015","COMUNE_SEZ":"BAIRO","PROVINCIA":"TO","ID_CENTRALE":"100","NOME_CENTRALE":"BAIRO","ISTAT_COMUNE_CENTR":"1015","COMUNE_CENTR":"BAIRO","PROVINCIA_CENTR":"TO","INDIRIZZO_CENTRALE":"CORNALETTO 9","LATITUDINE_SEZIONE":"45.37459","LONGITUDINE_SEZIONE":"7.76234","POS_X_SEZIONE":"403091.09896","POS_Y_SEZIONE":"5025309.39348","LATITUDINE_CENTRALE":"45.38644","LONGITUDINE_CENTRALE":"7.75729","POS_X_CENTRALE":"402715.72626","POS_Y_CENTRALE":"5026631.22556","TIPO_ADSL":"ADSL_M","DESCRIZIONE_TIPO_ADSL":"ADSL Mini","DISTANZA_CALCOLATA":"1374.1","CLASSE_DISTANZA":"1300-1699","POTENZA_SEGNALE":"0.64","POPOLAZIONE_SEZIONE": ""}
			},
		 		{ "type" : "Feature",
				"geometry" : {
					"type" : "Point",
					"coordinates" : [7.74282,45.38330]},
			"properties" : { "ANNO":"2010","ID_SEZIONE":"19144","ISTAT_COMUNE_SEZ":"1015","COMUNE_SEZ":"BAIRO","PROVINCIA":"TO","ID_CENTRALE":"100","NOME_CENTRALE":"BAIRO","ISTAT_COMUNE_CENTR":"1015","COMUNE_CENTR":"BAIRO","PROVINCIA_CENTR":"TO","INDIRIZZO_CENTRALE":"CORNALETTO 9","LATITUDINE_SEZIONE":"45.38330","LONGITUDINE_SEZIONE":"7.74282","POS_X_SEZIONE":"401577.52353","POS_Y_SEZIONE":"5026299.88360","LATITUDINE_CENTRALE":"45.38644","LONGITUDINE_CENTRALE":"7.75729","POS_X_CENTRALE":"402715.72626","POS_Y_CENTRALE":"5026631.22556","TIPO_ADSL":"ADSL_M","DESCRIZIONE_TIPO_ADSL":"ADSL Mini","DISTANZA_CALCOLATA":"1185.45","CLASSE_DISTANZA":"900-1299","POTENZA_SEGNALE":"0.64","POPOLAZIONE_SEZIONE": "37"}
			},
		 		{ "type" : "Feature",
				"geometry" : {
					"type" : "Point",
					"coordinates" : [7.76344,45.39654]},
			"properties" : { "ANNO":"2010","ID_SEZIONE":"21384","ISTAT_COMUNE_SEZ":"1274","COMUNE_SEZ":"TORRE CANAVESE","PROVINCIA":"TO","ID_CENTRALE":"100","NOME_CENTRALE":"BAIRO","ISTAT_COMUNE_CENTR":"1015","COMUNE_CENTR":"BAIRO","PROVINCIA_CENTR":"TO","INDIRIZZO_CENTRALE":"CORNALETTO 9","LATITUDINE_SEZIONE":"45.39654","LONGITUDINE_SEZIONE":"7.76344","POS_X_SEZIONE":"403214.63944","POS_Y_SEZIONE":"5027745.90574","LATITUDINE_CENTRALE":"45.38644","LONGITUDINE_CENTRALE":"7.75729","POS_X_CENTRALE":"402715.72626","POS_Y_CENTRALE":"5026631.22556","TIPO_ADSL":"ADSL_M","DESCRIZIONE_TIPO_ADSL":"ADSL Mini","DISTANZA_CALCOLATA":"1221.24","CLASSE_DISTANZA":"900-1299","POTENZA_SEGNALE":"0.64","POPOLAZIONE_SEZIONE": "37"}
			},
		 		{ "type" : "Feature",
				"geometry" : {
					"type" : "Point",
					"coordinates" : [7.74266,45.36737]},
			"properties" : { "ANNO":"2010","ID_SEZIONE":"27201","ISTAT_COMUNE_SEZ":"1015","COMUNE_SEZ":"BAIRO","PROVINCIA":"TO","ID_CENTRALE":"100","NOME_CENTRALE":"BAIRO","ISTAT_COMUNE_CENTR":"1015","COMUNE_CENTR":"BAIRO","PROVINCIA_CENTR":"TO","INDIRIZZO_CENTRALE":"CORNALETTO 9","LATITUDINE_SEZIONE":"45.36737","LONGITUDINE_SEZIONE":"7.74266","POS_X_SEZIONE":"401537.58804","POS_Y_SEZIONE":"5024530.87598","LATITUDINE_CENTRALE":"45.38644","LONGITUDINE_CENTRALE":"7.75729","POS_X_CENTRALE":"402715.72626","POS_Y_CENTRALE":"5026631.22556","TIPO_ADSL":"ADSL_M","DESCRIZIONE_TIPO_ADSL":"ADSL Mini","DISTANZA_CALCOLATA":"2408.21","CLASSE_DISTANZA":"2100-2499","POTENZA_SEGNALE":"0.64","POPOLAZIONE_SEZIONE": "40"}
			},
		 		{ "type" : "Feature",
				"geometry" : {
					"type" : "Point",
					"coordinates" : [7.76117,45.39192]},
			"properties" : { "ANNO":"2010","ID_SEZIONE":"30622","ISTAT_COMUNE_SEZ":"1274","COMUNE_SEZ":"TORRE CANAVESE","PROVINCIA":"TO","ID_CENTRALE":"100","NOME_CENTRALE":"BAIRO","ISTAT_COMUNE_CENTR":"1015","COMUNE_CENTR":"BAIRO","PROVINCIA_CENTR":"TO","INDIRIZZO_CENTRALE":"CORNALETTO 9","LATITUDINE_SEZIONE":"45.39192","LONGITUDINE_SEZIONE":"7.76117","POS_X_SEZIONE":"403029.19713","POS_Y_SEZIONE":"5027235.40181","LATITUDINE_CENTRALE":"45.38644","LONGITUDINE_CENTRALE":"7.75729","POS_X_CENTRALE":"402715.72626","POS_Y_CENTRALE":"5026631.22556","TIPO_ADSL":"ADSL_M","DESCRIZIONE_TIPO_ADSL":"ADSL Mini","DISTANZA_CALCOLATA":"680.66","CLASSE_DISTANZA":"500-899","POTENZA_SEGNALE":"0.64","POPOLAZIONE_SEZIONE": "517"}
			}
		 		]
	}
		