 	{ "type" : "FeatureCollection",
		"features" : [
		 		{ "type" : "Feature",
				"geometry" : {
					"type" : "Point",
					"coordinates" : [8.68783,44.63455]},
			"properties" : { "ANNO":"2010","ID_SEZIONE":"2642","ISTAT_COMUNE_SEZ":"6169","COMUNE_SEZ":"TAGLIOLO MONFERRATO","PROVINCIA":"AL","ID_CENTRALE":"1374","NOME_CENTRALE":"TAGLIOLO MONFERRATO","ISTAT_COMUNE_CENTR":"6169","COMUNE_CENTR":"TAGLIOLO MONFERRATO","PROVINCIA_CENTR":"AL","INDIRIZZO_CENTRALE":"MARCONI","LATITUDINE_SEZIONE":"44.63455","LONGITUDINE_SEZIONE":"8.68783","POS_X_SEZIONE":"475240.30965","POS_Y_SEZIONE":"4942402.39104","LATITUDINE_CENTRALE":"44.63780","LONGITUDINE_CENTRALE":"8.66996","POS_X_CENTRALE":"473824.03834","POS_Y_CENTRALE":"4942768.60263","TIPO_ADSL":"ADSL_M","DESCRIZIONE_TIPO_ADSL":"ADSL Mini","DISTANZA_CALCOLATA":"1462.85","CLASSE_DISTANZA":"1300-1699","POTENZA_SEGNALE":"0.64","POPOLAZIONE_SEZIONE": "33"}
			},
		 		{ "type" : "Feature",
				"geometry" : {
					"type" : "Point",
					"coordinates" : [8.68683,44.62870]},
			"properties" : { "ANNO":"2010","ID_SEZIONE":"3014","ISTAT_COMUNE_SEZ":"6169","COMUNE_SEZ":"TAGLIOLO MONFERRATO","PROVINCIA":"AL","ID_CENTRALE":"1374","NOME_CENTRALE":"TAGLIOLO MONFERRATO","ISTAT_COMUNE_CENTR":"6169","COMUNE_CENTR":"TAGLIOLO MONFERRATO","PROVINCIA_CENTR":"AL","INDIRIZZO_CENTRALE":"MARCONI","LATITUDINE_SEZIONE":"44.62870","LONGITUDINE_SEZIONE":"8.68683","POS_X_SEZIONE":"475158.71989","POS_Y_SEZIONE":"4941752.87910","LATITUDINE_CENTRALE":"44.63780","LONGITUDINE_CENTRALE":"8.66996","POS_X_CENTRALE":"473824.03834","POS_Y_CENTRALE":"4942768.60263","TIPO_ADSL":"ADSL_M","DESCRIZIONE_TIPO_ADSL":"ADSL Mini","DISTANZA_CALCOLATA":"1677.22","CLASSE_DISTANZA":"1300-1699","POTENZA_SEGNALE":"0.64","POPOLAZIONE_SEZIONE": "9"}
			},
		 		{ "type" : "Feature",
				"geometry" : {
					"type" : "Point",
					"coordinates" : [8.68042,44.62137]},
			"properties" : { "ANNO":"2010","ID_SEZIONE":"3015","ISTAT_COMUNE_SEZ":"6169","COMUNE_SEZ":"TAGLIOLO MONFERRATO","PROVINCIA":"AL","ID_CENTRALE":"1374","NOME_CENTRALE":"TAGLIOLO MONFERRATO","ISTAT_COMUNE_CENTR":"6169","COMUNE_CENTR":"TAGLIOLO MONFERRATO","PROVINCIA_CENTR":"AL","INDIRIZZO_CENTRALE":"MARCONI","LATITUDINE_SEZIONE":"44.62137","LONGITUDINE_SEZIONE":"8.68042","POS_X_SEZIONE":"474647.03272","POS_Y_SEZIONE":"4940940.36019","LATITUDINE_CENTRALE":"44.63780","LONGITUDINE_CENTRALE":"8.66996","POS_X_CENTRALE":"473824.03834","POS_Y_CENTRALE":"4942768.60263","TIPO_ADSL":"ADSL_M","DESCRIZIONE_TIPO_ADSL":"ADSL Mini","DISTANZA_CALCOLATA":"2004.94","CLASSE_DISTANZA":"1700-2099","POTENZA_SEGNALE":"0.64","POPOLAZIONE_SEZIONE": "24"}
			},
		 		{ "type" : "Feature",
				"geometry" : {
					"type" : "Point",
					"coordinates" : [8.66634,44.63883]},
			"properties" : { "ANNO":"2010","ID_SEZIONE":"4146","ISTAT_COMUNE_SEZ":"6169","COMUNE_SEZ":"TAGLIOLO MONFERRATO","PROVINCIA":"AL","ID_CENTRALE":"1374","NOME_CENTRALE":"TAGLIOLO MONFERRATO","ISTAT_COMUNE_CENTR":"6169","COMUNE_CENTR":"TAGLIOLO MONFERRATO","PROVINCIA_CENTR":"AL","INDIRIZZO_CENTRALE":"MARCONI","LATITUDINE_SEZIONE":"44.63883","LONGITUDINE_SEZIONE":"8.66634","POS_X_SEZIONE":"473537.41608","POS_Y_SEZIONE":"4942884.38426","LATITUDINE_CENTRALE":"44.63780","LONGITUDINE_CENTRALE":"8.66996","POS_X_CENTRALE":"473824.03834","POS_Y_CENTRALE":"4942768.60263","TIPO_ADSL":"ADSL_M","DESCRIZIONE_TIPO_ADSL":"ADSL Mini","DISTANZA_CALCOLATA":"309.12","CLASSE_DISTANZA":"100-499","POTENZA_SEGNALE":"0.64","POPOLAZIONE_SEZIONE": "417"}
			},
		 		{ "type" : "Feature",
				"geometry" : {
					"type" : "Point",
					"coordinates" : [8.68312,44.63193]},
			"properties" : { "ANNO":"2010","ID_SEZIONE":"4147","ISTAT_COMUNE_SEZ":"6169","COMUNE_SEZ":"TAGLIOLO MONFERRATO","PROVINCIA":"AL","ID_CENTRALE":"1374","NOME_CENTRALE":"TAGLIOLO MONFERRATO","ISTAT_COMUNE_CENTR":"6169","COMUNE_CENTR":"TAGLIOLO MONFERRATO","PROVINCIA_CENTR":"AL","INDIRIZZO_CENTRALE":"MARCONI","LATITUDINE_SEZIONE":"44.63193","LONGITUDINE_SEZIONE":"8.68312","POS_X_SEZIONE":"474865.74581","POS_Y_SEZIONE":"4942112.88269","LATITUDINE_CENTRALE":"44.63780","LONGITUDINE_CENTRALE":"8.66996","POS_X_CENTRALE":"473824.03834","POS_Y_CENTRALE":"4942768.60263","TIPO_ADSL":"ADSL_M","DESCRIZIONE_TIPO_ADSL":"ADSL Mini","DISTANZA_CALCOLATA":"1230.9","CLASSE_DISTANZA":"900-1299","POTENZA_SEGNALE":"0.64","POPOLAZIONE_SEZIONE": "14"}
			},
		 		{ "type" : "Feature",
				"geometry" : {
					"type" : "Point",
					"coordinates" : [8.67872,44.64157]},
			"properties" : { "ANNO":"2010","ID_SEZIONE":"5156","ISTAT_COMUNE_SEZ":"6169","COMUNE_SEZ":"TAGLIOLO MONFERRATO","PROVINCIA":"AL","ID_CENTRALE":"1374","NOME_CENTRALE":"TAGLIOLO MONFERRATO","ISTAT_COMUNE_CENTR":"6169","COMUNE_CENTR":"TAGLIOLO MONFERRATO","PROVINCIA_CENTR":"AL","INDIRIZZO_CENTRALE":"MARCONI","LATITUDINE_SEZIONE":"44.64157","LONGITUDINE_SEZIONE":"8.67872","POS_X_SEZIONE":"474520.95528","POS_Y_SEZIONE":"4943184.89856","LATITUDINE_CENTRALE":"44.63780","LONGITUDINE_CENTRALE":"8.66996","POS_X_CENTRALE":"473824.03834","POS_Y_CENTRALE":"4942768.60263","TIPO_ADSL":"ADSL_M","DESCRIZIONE_TIPO_ADSL":"ADSL Mini","DISTANZA_CALCOLATA":"811.79","CLASSE_DISTANZA":"500-899","POTENZA_SEGNALE":"0.64","POPOLAZIONE_SEZIONE": "48"}
			},
		 		{ "type" : "Feature",
				"geometry" : {
					"type" : "Point",
					"coordinates" : [8.71943,44.60068]},
			"properties" : { "ANNO":"2010","ID_SEZIONE":"5589","ISTAT_COMUNE_SEZ":"6169","COMUNE_SEZ":"TAGLIOLO MONFERRATO","PROVINCIA":"AL","ID_CENTRALE":"1374","NOME_CENTRALE":"TAGLIOLO MONFERRATO","ISTAT_COMUNE_CENTR":"6169","COMUNE_CENTR":"TAGLIOLO MONFERRATO","PROVINCIA_CENTR":"AL","INDIRIZZO_CENTRALE":"MARCONI","LATITUDINE_SEZIONE":"44.60068","LONGITUDINE_SEZIONE":"8.71943","POS_X_SEZIONE":"477734.06658","POS_Y_SEZIONE":"4938630.34624","LATITUDINE_CENTRALE":"44.63780","LONGITUDINE_CENTRALE":"8.66996","POS_X_CENTRALE":"473824.03834","POS_Y_CENTRALE":"4942768.60263","TIPO_ADSL":"ADSL_M","DESCRIZIONE_TIPO_ADSL":"ADSL Mini","DISTANZA_CALCOLATA":"5693.28","CLASSE_DISTANZA":"5300-5699","POTENZA_SEGNALE":"0.00","POPOLAZIONE_SEZIONE": "1"}
			},
		 		{ "type" : "Feature",
				"geometry" : {
					"type" : "Point",
					"coordinates" : [8.67516,44.63041]},
			"properties" : { "ANNO":"2010","ID_SEZIONE":"7471","ISTAT_COMUNE_SEZ":"6169","COMUNE_SEZ":"TAGLIOLO MONFERRATO","PROVINCIA":"AL","ID_CENTRALE":"1374","NOME_CENTRALE":"TAGLIOLO MONFERRATO","ISTAT_COMUNE_CENTR":"6169","COMUNE_CENTR":"TAGLIOLO MONFERRATO","PROVINCIA_CENTR":"AL","INDIRIZZO_CENTRALE":"MARCONI","LATITUDINE_SEZIONE":"44.63041","LONGITUDINE_SEZIONE":"8.67516","POS_X_SEZIONE":"474233.58555","POS_Y_SEZIONE":"4941946.37414","LATITUDINE_CENTRALE":"44.63780","LONGITUDINE_CENTRALE":"8.66996","POS_X_CENTRALE":"473824.03834","POS_Y_CENTRALE":"4942768.60263","TIPO_ADSL":"ADSL_M","DESCRIZIONE_TIPO_ADSL":"ADSL Mini","DISTANZA_CALCOLATA":"918.58","CLASSE_DISTANZA":"900-1299","POTENZA_SEGNALE":"0.64","POPOLAZIONE_SEZIONE": "44"}
			},
		 		{ "type" : "Feature",
				"geometry" : {
					"type" : "Point",
					"coordinates" : [8.66611,44.64337]},
			"properties" : { "ANNO":"2010","ID_SEZIONE":"7940","ISTAT_COMUNE_SEZ":"6169","COMUNE_SEZ":"TAGLIOLO MONFERRATO","PROVINCIA":"AL","ID_CENTRALE":"1374","NOME_CENTRALE":"TAGLIOLO MONFERRATO","ISTAT_COMUNE_CENTR":"6169","COMUNE_CENTR":"TAGLIOLO MONFERRATO","PROVINCIA_CENTR":"AL","INDIRIZZO_CENTRALE":"MARCONI","LATITUDINE_SEZIONE":"44.64337","LONGITUDINE_SEZIONE":"8.66611","POS_X_SEZIONE":"473521.50619","POS_Y_SEZIONE":"4943388.39296","LATITUDINE_CENTRALE":"44.63780","LONGITUDINE_CENTRALE":"8.66996","POS_X_CENTRALE":"473824.03834","POS_Y_CENTRALE":"4942768.60263","TIPO_ADSL":"ADSL_M","DESCRIZIONE_TIPO_ADSL":"ADSL Mini","DISTANZA_CALCOLATA":"689.69","CLASSE_DISTANZA":"500-899","POTENZA_SEGNALE":"0.64","POPOLAZIONE_SEZIONE": "130"}
			},
		 		{ "type" : "Feature",
				"geometry" : {
					"type" : "Point",
					"coordinates" : [8.71039,44.61350]},
			"properties" : { "ANNO":"2010","ID_SEZIONE":"9901","ISTAT_COMUNE_SEZ":"6169","COMUNE_SEZ":"TAGLIOLO MONFERRATO","PROVINCIA":"AL","ID_CENTRALE":"1374","NOME_CENTRALE":"TAGLIOLO MONFERRATO","ISTAT_COMUNE_CENTR":"6169","COMUNE_CENTR":"TAGLIOLO MONFERRATO","PROVINCIA_CENTR":"AL","INDIRIZZO_CENTRALE":"MARCONI","LATITUDINE_SEZIONE":"44.61350","LONGITUDINE_SEZIONE":"8.71039","POS_X_SEZIONE":"477021.52437","POS_Y_SEZIONE":"4940057.86572","LATITUDINE_CENTRALE":"44.63780","LONGITUDINE_CENTRALE":"8.66996","POS_X_CENTRALE":"473824.03834","POS_Y_CENTRALE":"4942768.60263","TIPO_ADSL":"ADSL_M","DESCRIZIONE_TIPO_ADSL":"ADSL Mini","DISTANZA_CALCOLATA":"4191.9","CLASSE_DISTANZA":"4100-4499","POTENZA_SEGNALE":"0.00","POPOLAZIONE_SEZIONE": "1"}
			},
		 		{ "type" : "Feature",
				"geometry" : {
					"type" : "Point",
					"coordinates" : [8.69660,44.58576]},
			"properties" : { "ANNO":"2010","ID_SEZIONE":"9917","ISTAT_COMUNE_SEZ":"6169","COMUNE_SEZ":"TAGLIOLO MONFERRATO","PROVINCIA":"AL","ID_CENTRALE":"1374","NOME_CENTRALE":"TAGLIOLO MONFERRATO","ISTAT_COMUNE_CENTR":"6169","COMUNE_CENTR":"TAGLIOLO MONFERRATO","PROVINCIA_CENTR":"AL","INDIRIZZO_CENTRALE":"MARCONI","LATITUDINE_SEZIONE":"44.58576","LONGITUDINE_SEZIONE":"8.69660","POS_X_SEZIONE":"475916.06619","POS_Y_SEZIONE":"4936980.29977","LATITUDINE_CENTRALE":"44.63780","LONGITUDINE_CENTRALE":"8.66996","POS_X_CENTRALE":"473824.03834","POS_Y_CENTRALE":"4942768.60263","TIPO_ADSL":"ADSL_M","DESCRIZIONE_TIPO_ADSL":"ADSL Mini","DISTANZA_CALCOLATA":"6154.76","CLASSE_DISTANZA":"6100 e oltre","POTENZA_SEGNALE":"0.00","POPOLAZIONE_SEZIONE": ""}
			},
		 		{ "type" : "Feature",
				"geometry" : {
					"type" : "Point",
					"coordinates" : [8.67752,44.64572]},
			"properties" : { "ANNO":"2010","ID_SEZIONE":"10966","ISTAT_COMUNE_SEZ":"6169","COMUNE_SEZ":"TAGLIOLO MONFERRATO","PROVINCIA":"AL","ID_CENTRALE":"1374","NOME_CENTRALE":"TAGLIOLO MONFERRATO","ISTAT_COMUNE_CENTR":"6169","COMUNE_CENTR":"TAGLIOLO MONFERRATO","PROVINCIA_CENTR":"AL","INDIRIZZO_CENTRALE":"MARCONI","LATITUDINE_SEZIONE":"44.64572","LONGITUDINE_SEZIONE":"8.67752","POS_X_SEZIONE":"474427.57621","POS_Y_SEZIONE":"4943646.40563","LATITUDINE_CENTRALE":"44.63780","LONGITUDINE_CENTRALE":"8.66996","POS_X_CENTRALE":"473824.03834","POS_Y_CENTRALE":"4942768.60263","TIPO_ADSL":"ADSL_M","DESCRIZIONE_TIPO_ADSL":"ADSL Mini","DISTANZA_CALCOLATA":"1065.27","CLASSE_DISTANZA":"900-1299","POTENZA_SEGNALE":"0.64","POPOLAZIONE_SEZIONE": "21"}
			},
		 		{ "type" : "Feature",
				"geometry" : {
					"type" : "Point",
					"coordinates" : [8.68052,44.64911]},
			"properties" : { "ANNO":"2010","ID_SEZIONE":"12391","ISTAT_COMUNE_SEZ":"6169","COMUNE_SEZ":"TAGLIOLO MONFERRATO","PROVINCIA":"AL","ID_CENTRALE":"1374","NOME_CENTRALE":"TAGLIOLO MONFERRATO","ISTAT_COMUNE_CENTR":"6169","COMUNE_CENTR":"TAGLIOLO MONFERRATO","PROVINCIA_CENTR":"AL","INDIRIZZO_CENTRALE":"MARCONI","LATITUDINE_SEZIONE":"44.64911","LONGITUDINE_SEZIONE":"8.68052","POS_X_SEZIONE":"474666.60699","POS_Y_SEZIONE":"4944021.41491","LATITUDINE_CENTRALE":"44.63780","LONGITUDINE_CENTRALE":"8.66996","POS_X_CENTRALE":"473824.03834","POS_Y_CENTRALE":"4942768.60263","TIPO_ADSL":"ADSL_M","DESCRIZIONE_TIPO_ADSL":"ADSL Mini","DISTANZA_CALCOLATA":"1509.79","CLASSE_DISTANZA":"1300-1699","POTENZA_SEGNALE":"0.64","POPOLAZIONE_SEZIONE": "27"}
			},
		 		{ "type" : "Feature",
				"geometry" : {
					"type" : "Point",
					"coordinates" : [8.69162,44.61149]},
			"properties" : { "ANNO":"2010","ID_SEZIONE":"14491","ISTAT_COMUNE_SEZ":"6169","COMUNE_SEZ":"TAGLIOLO MONFERRATO","PROVINCIA":"AL","ID_CENTRALE":"1374","NOME_CENTRALE":"TAGLIOLO MONFERRATO","ISTAT_COMUNE_CENTR":"6169","COMUNE_CENTR":"TAGLIOLO MONFERRATO","PROVINCIA_CENTR":"AL","INDIRIZZO_CENTRALE":"MARCONI","LATITUDINE_SEZIONE":"44.61149","LONGITUDINE_SEZIONE":"8.69162","POS_X_SEZIONE":"475531.32738","POS_Y_SEZIONE":"4939839.84793","LATITUDINE_CENTRALE":"44.63780","LONGITUDINE_CENTRALE":"8.66996","POS_X_CENTRALE":"473824.03834","POS_Y_CENTRALE":"4942768.60263","TIPO_ADSL":"ADSL_M","DESCRIZIONE_TIPO_ADSL":"ADSL Mini","DISTANZA_CALCOLATA":"3390.05","CLASSE_DISTANZA":"3300-3699","POTENZA_SEGNALE":"0.64","POPOLAZIONE_SEZIONE": "14"}
			},
		 		{ "type" : "Feature",
				"geometry" : {
					"type" : "Point",
					"coordinates" : [8.68667,44.64262]},
			"properties" : { "ANNO":"2010","ID_SEZIONE":"15794","ISTAT_COMUNE_SEZ":"6169","COMUNE_SEZ":"TAGLIOLO MONFERRATO","PROVINCIA":"AL","ID_CENTRALE":"1374","NOME_CENTRALE":"TAGLIOLO MONFERRATO","ISTAT_COMUNE_CENTR":"6169","COMUNE_CENTR":"TAGLIOLO MONFERRATO","PROVINCIA_CENTR":"AL","INDIRIZZO_CENTRALE":"MARCONI","LATITUDINE_SEZIONE":"44.64262","LONGITUDINE_SEZIONE":"8.68667","POS_X_SEZIONE":"475151.55342","POS_Y_SEZIONE":"4943299.40634","LATITUDINE_CENTRALE":"44.63780","LONGITUDINE_CENTRALE":"8.66996","POS_X_CENTRALE":"473824.03834","POS_Y_CENTRALE":"4942768.60263","TIPO_ADSL":"ADSL_M","DESCRIZIONE_TIPO_ADSL":"ADSL Mini","DISTANZA_CALCOLATA":"1429.7","CLASSE_DISTANZA":"1300-1699","POTENZA_SEGNALE":"0.64","POPOLAZIONE_SEZIONE": "89"}
			},
		 		{ "type" : "Feature",
				"geometry" : {
					"type" : "Point",
					"coordinates" : [8.71996,44.58795]},
			"properties" : { "ANNO":"2010","ID_SEZIONE":"18261","ISTAT_COMUNE_SEZ":"6169","COMUNE_SEZ":"TAGLIOLO MONFERRATO","PROVINCIA":"AL","ID_CENTRALE":"1374","NOME_CENTRALE":"TAGLIOLO MONFERRATO","ISTAT_COMUNE_CENTR":"6169","COMUNE_CENTR":"TAGLIOLO MONFERRATO","PROVINCIA_CENTR":"AL","INDIRIZZO_CENTRALE":"MARCONI","LATITUDINE_SEZIONE":"44.58795","LONGITUDINE_SEZIONE":"8.71996","POS_X_SEZIONE":"477770.88706","POS_Y_SEZIONE":"4937216.82022","LATITUDINE_CENTRALE":"44.63780","LONGITUDINE_CENTRALE":"8.66996","POS_X_CENTRALE":"473824.03834","POS_Y_CENTRALE":"4942768.60263","TIPO_ADSL":"ADSL_M","DESCRIZIONE_TIPO_ADSL":"ADSL Mini","DISTANZA_CALCOLATA":"6811.75","CLASSE_DISTANZA":"6100 e oltre","POTENZA_SEGNALE":"0.00","POPOLAZIONE_SEZIONE": "1"}
			},
		 		{ "type" : "Feature",
				"geometry" : {
					"type" : "Point",
					"coordinates" : [8.69397,44.59240]},
			"properties" : { "ANNO":"2010","ID_SEZIONE":"21239","ISTAT_COMUNE_SEZ":"6169","COMUNE_SEZ":"TAGLIOLO MONFERRATO","PROVINCIA":"AL","ID_CENTRALE":"1374","NOME_CENTRALE":"TAGLIOLO MONFERRATO","ISTAT_COMUNE_CENTR":"6169","COMUNE_CENTR":"TAGLIOLO MONFERRATO","PROVINCIA_CENTR":"AL","INDIRIZZO_CENTRALE":"MARCONI","LATITUDINE_SEZIONE":"44.59240","LONGITUDINE_SEZIONE":"8.69397","POS_X_SEZIONE":"475709.99848","POS_Y_SEZIONE":"4937717.81171","LATITUDINE_CENTRALE":"44.63780","LONGITUDINE_CENTRALE":"8.66996","POS_X_CENTRALE":"473824.03834","POS_Y_CENTRALE":"4942768.60263","TIPO_ADSL":"ADSL_M","DESCRIZIONE_TIPO_ADSL":"ADSL Mini","DISTANZA_CALCOLATA":"5391.41","CLASSE_DISTANZA":"5300-5699","POTENZA_SEGNALE":"0.00","POPOLAZIONE_SEZIONE": "8"}
			},
		 		{ "type" : "Feature",
				"geometry" : {
					"type" : "Point",
					"coordinates" : [8.67517,44.62682]},
			"properties" : { "ANNO":"2010","ID_SEZIONE":"21863","ISTAT_COMUNE_SEZ":"6169","COMUNE_SEZ":"TAGLIOLO MONFERRATO","PROVINCIA":"AL","ID_CENTRALE":"1374","NOME_CENTRALE":"TAGLIOLO MONFERRATO","ISTAT_COMUNE_CENTR":"6169","COMUNE_CENTR":"TAGLIOLO MONFERRATO","PROVINCIA_CENTR":"AL","INDIRIZZO_CENTRALE":"MARCONI","LATITUDINE_SEZIONE":"44.62682","LONGITUDINE_SEZIONE":"8.67517","POS_X_SEZIONE":"474232.71310","POS_Y_SEZIONE":"4941547.86713","LATITUDINE_CENTRALE":"44.63780","LONGITUDINE_CENTRALE":"8.66996","POS_X_CENTRALE":"473824.03834","POS_Y_CENTRALE":"4942768.60263","TIPO_ADSL":"ADSL_M","DESCRIZIONE_TIPO_ADSL":"ADSL Mini","DISTANZA_CALCOLATA":"1287.33","CLASSE_DISTANZA":"900-1299","POTENZA_SEGNALE":"0.64","POPOLAZIONE_SEZIONE": "27"}
			},
		 		{ "type" : "Feature",
				"geometry" : {
					"type" : "Point",
					"coordinates" : [8.68394,44.64005]},
			"properties" : { "ANNO":"2010","ID_SEZIONE":"24259","ISTAT_COMUNE_SEZ":"6169","COMUNE_SEZ":"TAGLIOLO MONFERRATO","PROVINCIA":"AL","ID_CENTRALE":"1374","NOME_CENTRALE":"TAGLIOLO MONFERRATO","ISTAT_COMUNE_CENTR":"6169","COMUNE_CENTR":"TAGLIOLO MONFERRATO","PROVINCIA_CENTR":"AL","INDIRIZZO_CENTRALE":"MARCONI","LATITUDINE_SEZIONE":"44.64005","LONGITUDINE_SEZIONE":"8.68394","POS_X_SEZIONE":"474933.89710","POS_Y_SEZIONE":"4943013.89926","LATITUDINE_CENTRALE":"44.63780","LONGITUDINE_CENTRALE":"8.66996","POS_X_CENTRALE":"473824.03834","POS_Y_CENTRALE":"4942768.60263","TIPO_ADSL":"ADSL_M","DESCRIZIONE_TIPO_ADSL":"ADSL Mini","DISTANZA_CALCOLATA":"1136.64","CLASSE_DISTANZA":"900-1299","POTENZA_SEGNALE":"0.64","POPOLAZIONE_SEZIONE": "12"}
			},
		 		{ "type" : "Feature",
				"geometry" : {
					"type" : "Point",
					"coordinates" : [8.68464,44.65528]},
			"properties" : { "ANNO":"2010","ID_SEZIONE":"24374","ISTAT_COMUNE_SEZ":"6169","COMUNE_SEZ":"TAGLIOLO MONFERRATO","PROVINCIA":"AL","ID_CENTRALE":"1374","NOME_CENTRALE":"TAGLIOLO MONFERRATO","ISTAT_COMUNE_CENTR":"6169","COMUNE_CENTR":"TAGLIOLO MONFERRATO","PROVINCIA_CENTR":"AL","INDIRIZZO_CENTRALE":"MARCONI","LATITUDINE_SEZIONE":"44.65528","LONGITUDINE_SEZIONE":"8.68464","POS_X_SEZIONE":"474995.98120","POS_Y_SEZIONE":"4944705.92973","LATITUDINE_CENTRALE":"44.63780","LONGITUDINE_CENTRALE":"8.66996","POS_X_CENTRALE":"473824.03834","POS_Y_CENTRALE":"4942768.60263","TIPO_ADSL":"ADSL_M","DESCRIZIONE_TIPO_ADSL":"ADSL Mini","DISTANZA_CALCOLATA":"2264.22","CLASSE_DISTANZA":"2100-2499","POTENZA_SEGNALE":"0.64","POPOLAZIONE_SEZIONE": "11"}
			},
		 		{ "type" : "Feature",
				"geometry" : {
					"type" : "Point",
					"coordinates" : [8.71640,44.60806]},
			"properties" : { "ANNO":"2010","ID_SEZIONE":"24376","ISTAT_COMUNE_SEZ":"6169","COMUNE_SEZ":"TAGLIOLO MONFERRATO","PROVINCIA":"AL","ID_CENTRALE":"1374","NOME_CENTRALE":"TAGLIOLO MONFERRATO","ISTAT_COMUNE_CENTR":"6169","COMUNE_CENTR":"TAGLIOLO MONFERRATO","PROVINCIA_CENTR":"AL","INDIRIZZO_CENTRALE":"MARCONI","LATITUDINE_SEZIONE":"44.60806","LONGITUDINE_SEZIONE":"8.71640","POS_X_SEZIONE":"477496.31119","POS_Y_SEZIONE":"4939451.85894","LATITUDINE_CENTRALE":"44.63780","LONGITUDINE_CENTRALE":"8.66996","POS_X_CENTRALE":"473824.03834","POS_Y_CENTRALE":"4942768.60263","TIPO_ADSL":"ADSL_M","DESCRIZIONE_TIPO_ADSL":"ADSL Mini","DISTANZA_CALCOLATA":"4948.37","CLASSE_DISTANZA":"4900-5299","POTENZA_SEGNALE":"0.00","POPOLAZIONE_SEZIONE": "17"}
			},
		 		{ "type" : "Feature",
				"geometry" : {
					"type" : "Point",
					"coordinates" : [8.68270,44.62792]},
			"properties" : { "ANNO":"2010","ID_SEZIONE":"25809","ISTAT_COMUNE_SEZ":"6169","COMUNE_SEZ":"TAGLIOLO MONFERRATO","PROVINCIA":"AL","ID_CENTRALE":"1374","NOME_CENTRALE":"TAGLIOLO MONFERRATO","ISTAT_COMUNE_CENTR":"6169","COMUNE_CENTR":"TAGLIOLO MONFERRATO","PROVINCIA_CENTR":"AL","INDIRIZZO_CENTRALE":"MARCONI","LATITUDINE_SEZIONE":"44.62792","LONGITUDINE_SEZIONE":"8.68270","POS_X_SEZIONE":"474830.56066","POS_Y_SEZIONE":"4941667.37459","LATITUDINE_CENTRALE":"44.63780","LONGITUDINE_CENTRALE":"8.66996","POS_X_CENTRALE":"473824.03834","POS_Y_CENTRALE":"4942768.60263","TIPO_ADSL":"ADSL_M","DESCRIZIONE_TIPO_ADSL":"ADSL Mini","DISTANZA_CALCOLATA":"1491.91","CLASSE_DISTANZA":"1300-1699","POTENZA_SEGNALE":"0.64","POPOLAZIONE_SEZIONE": "38"}
			},
		 		{ "type" : "Feature",
				"geometry" : {
					"type" : "Point",
					"coordinates" : [8.68737,44.60045]},
			"properties" : { "ANNO":"2010","ID_SEZIONE":"27482","ISTAT_COMUNE_SEZ":"6169","COMUNE_SEZ":"TAGLIOLO MONFERRATO","PROVINCIA":"AL","ID_CENTRALE":"1374","NOME_CENTRALE":"TAGLIOLO MONFERRATO","ISTAT_COMUNE_CENTR":"6169","COMUNE_CENTR":"TAGLIOLO MONFERRATO","PROVINCIA_CENTR":"AL","INDIRIZZO_CENTRALE":"MARCONI","LATITUDINE_SEZIONE":"44.60045","LONGITUDINE_SEZIONE":"8.68737","POS_X_SEZIONE":"475189.20744","POS_Y_SEZIONE":"4938614.82342","LATITUDINE_CENTRALE":"44.63780","LONGITUDINE_CENTRALE":"8.66996","POS_X_CENTRALE":"473824.03834","POS_Y_CENTRALE":"4942768.60263","TIPO_ADSL":"ADSL_M","DESCRIZIONE_TIPO_ADSL":"ADSL Mini","DISTANZA_CALCOLATA":"4372.36","CLASSE_DISTANZA":"4100-4499","POTENZA_SEGNALE":"0.00","POPOLAZIONE_SEZIONE": "8"}
			},
		 		{ "type" : "Feature",
				"geometry" : {
					"type" : "Point",
					"coordinates" : [8.70491,44.60369]},
			"properties" : { "ANNO":"2010","ID_SEZIONE":"28952","ISTAT_COMUNE_SEZ":"6169","COMUNE_SEZ":"TAGLIOLO MONFERRATO","PROVINCIA":"AL","ID_CENTRALE":"1374","NOME_CENTRALE":"TAGLIOLO MONFERRATO","ISTAT_COMUNE_CENTR":"6169","COMUNE_CENTR":"TAGLIOLO MONFERRATO","PROVINCIA_CENTR":"AL","INDIRIZZO_CENTRALE":"MARCONI","LATITUDINE_SEZIONE":"44.60369","LONGITUDINE_SEZIONE":"8.70491","POS_X_SEZIONE":"476582.52789","POS_Y_SEZIONE":"4938968.84121","LATITUDINE_CENTRALE":"44.63780","LONGITUDINE_CENTRALE":"8.66996","POS_X_CENTRALE":"473824.03834","POS_Y_CENTRALE":"4942768.60263","TIPO_ADSL":"ADSL_M","DESCRIZIONE_TIPO_ADSL":"ADSL Mini","DISTANZA_CALCOLATA":"4695.47","CLASSE_DISTANZA":"4500-4899","POTENZA_SEGNALE":"0.00","POPOLAZIONE_SEZIONE": "8"}
			},
		 		{ "type" : "Feature",
				"geometry" : {
					"type" : "Point",
					"coordinates" : [8.69838,44.62211]},
			"properties" : { "ANNO":"2010","ID_SEZIONE":"29975","ISTAT_COMUNE_SEZ":"6169","COMUNE_SEZ":"TAGLIOLO MONFERRATO","PROVINCIA":"AL","ID_CENTRALE":"1374","NOME_CENTRALE":"TAGLIOLO MONFERRATO","ISTAT_COMUNE_CENTR":"6169","COMUNE_CENTR":"TAGLIOLO MONFERRATO","PROVINCIA_CENTR":"AL","INDIRIZZO_CENTRALE":"MARCONI","LATITUDINE_SEZIONE":"44.62211","LONGITUDINE_SEZIONE":"8.69838","POS_X_SEZIONE":"476071.76283","POS_Y_SEZIONE":"4941016.87398","LATITUDINE_CENTRALE":"44.63780","LONGITUDINE_CENTRALE":"8.66996","POS_X_CENTRALE":"473824.03834","POS_Y_CENTRALE":"4942768.60263","TIPO_ADSL":"ADSL_M","DESCRIZIONE_TIPO_ADSL":"ADSL Mini","DISTANZA_CALCOLATA":"2849.71","CLASSE_DISTANZA":"2500-2899","POTENZA_SEGNALE":"0.64","POPOLAZIONE_SEZIONE": "2"}
			},
		 		{ "type" : "Feature",
				"geometry" : {
					"type" : "Point",
					"coordinates" : [8.67195,44.63527]},
			"properties" : { "ANNO":"2010","ID_SEZIONE":"31400","ISTAT_COMUNE_SEZ":"6169","COMUNE_SEZ":"TAGLIOLO MONFERRATO","PROVINCIA":"AL","ID_CENTRALE":"1374","NOME_CENTRALE":"TAGLIOLO MONFERRATO","ISTAT_COMUNE_CENTR":"6169","COMUNE_CENTR":"TAGLIOLO MONFERRATO","PROVINCIA_CENTR":"AL","INDIRIZZO_CENTRALE":"MARCONI","LATITUDINE_SEZIONE":"44.63527","LONGITUDINE_SEZIONE":"8.67195","POS_X_SEZIONE":"473980.82958","POS_Y_SEZIONE":"4942487.38150","LATITUDINE_CENTRALE":"44.63780","LONGITUDINE_CENTRALE":"8.66996","POS_X_CENTRALE":"473824.03834","POS_Y_CENTRALE":"4942768.60263","TIPO_ADSL":"ADSL_M","DESCRIZIONE_TIPO_ADSL":"ADSL Mini","DISTANZA_CALCOLATA":"321.98","CLASSE_DISTANZA":"100-499","POTENZA_SEGNALE":"0.64","POPOLAZIONE_SEZIONE": "416"}
			},
		 		{ "type" : "Feature",
				"geometry" : {
					"type" : "Point",
					"coordinates" : [8.67799,44.63691]},
			"properties" : { "ANNO":"2010","ID_SEZIONE":"32298","ISTAT_COMUNE_SEZ":"6169","COMUNE_SEZ":"TAGLIOLO MONFERRATO","PROVINCIA":"AL","ID_CENTRALE":"1374","NOME_CENTRALE":"TAGLIOLO MONFERRATO","ISTAT_COMUNE_CENTR":"6169","COMUNE_CENTR":"TAGLIOLO MONFERRATO","PROVINCIA_CENTR":"AL","INDIRIZZO_CENTRALE":"MARCONI","LATITUDINE_SEZIONE":"44.63691","LONGITUDINE_SEZIONE":"8.67799","POS_X_SEZIONE":"474460.58280","POS_Y_SEZIONE":"4942666.88870","LATITUDINE_CENTRALE":"44.63780","LONGITUDINE_CENTRALE":"8.66996","POS_X_CENTRALE":"473824.03834","POS_Y_CENTRALE":"4942768.60263","TIPO_ADSL":"ADSL_M","DESCRIZIONE_TIPO_ADSL":"ADSL Mini","DISTANZA_CALCOLATA":"644.62","CLASSE_DISTANZA":"500-899","POTENZA_SEGNALE":"0.64","POPOLAZIONE_SEZIONE": "37"}
			}
		 		]
	}
		