 	{ "type" : "FeatureCollection",
		"features" : [
		 		{ "type" : "Feature",
				"geometry" : {
					"type" : "Point",
					"coordinates" : [8.92061,44.79975]},
			"properties" : { "ANNO":"2010","ID_SEZIONE":"870","ISTAT_COMUNE_SEZ":"6045","COMUNE_SEZ":"CASTELLANIA","PROVINCIA":"AL","ID_CENTRALE":"1296","NOME_CENTRALE":"SANTAGATA FOSSILI 2","ISTAT_COMUNE_CENTR":"6156","COMUNE_CENTR":"SANT'AGATA FOSSILI","PROVINCIA_CENTR":"AL","INDIRIZZO_CENTRALE":"MUNICIPIO","LATITUDINE_SEZIONE":"44.79975","LONGITUDINE_SEZIONE":"8.92061","POS_X_SEZIONE":"493721.11709","POS_Y_SEZIONE":"4960708.70683","LATITUDINE_CENTRALE":"44.78597","LONGITUDINE_CENTRALE":"8.92508","POS_X_CENTRALE":"494072.89976","POS_Y_CENTRALE":"4959177.89094","TIPO_ADSL":"ADSL_M","DESCRIZIONE_TIPO_ADSL":"ADSL Mini","DISTANZA_CALCOLATA":"1570.72","CLASSE_DISTANZA":"1300-1699","POTENZA_SEGNALE":"0.64","POPOLAZIONE_SEZIONE": "13"}
			},
		 		{ "type" : "Feature",
				"geometry" : {
					"type" : "Point",
					"coordinates" : [8.91233,44.77528]},
			"properties" : { "ANNO":"2010","ID_SEZIONE":"2999","ISTAT_COMUNE_SEZ":"6156","COMUNE_SEZ":"SANT'AGATA FOSSILI","PROVINCIA":"AL","ID_CENTRALE":"1296","NOME_CENTRALE":"SANTAGATA FOSSILI 2","ISTAT_COMUNE_CENTR":"6156","COMUNE_CENTR":"SANT'AGATA FOSSILI","PROVINCIA_CENTR":"AL","INDIRIZZO_CENTRALE":"MUNICIPIO","LATITUDINE_SEZIONE":"44.77528","LONGITUDINE_SEZIONE":"8.91233","POS_X_SEZIONE":"493063.42390","POS_Y_SEZIONE":"4957990.69953","LATITUDINE_CENTRALE":"44.78597","LONGITUDINE_CENTRALE":"8.92508","POS_X_CENTRALE":"494072.89976","POS_Y_CENTRALE":"4959177.89094","TIPO_ADSL":"ADSL_M","DESCRIZIONE_TIPO_ADSL":"ADSL Mini","DISTANZA_CALCOLATA":"1558.35","CLASSE_DISTANZA":"1300-1699","POTENZA_SEGNALE":"0.64","POPOLAZIONE_SEZIONE": "52"}
			},
		 		{ "type" : "Feature",
				"geometry" : {
					"type" : "Point",
					"coordinates" : [8.89636,44.79884]},
			"properties" : { "ANNO":"2010","ID_SEZIONE":"3312","ISTAT_COMUNE_SEZ":"6156","COMUNE_SEZ":"SANT'AGATA FOSSILI","PROVINCIA":"AL","ID_CENTRALE":"1296","NOME_CENTRALE":"SANTAGATA FOSSILI 2","ISTAT_COMUNE_CENTR":"6156","COMUNE_CENTR":"SANT'AGATA FOSSILI","PROVINCIA_CENTR":"AL","INDIRIZZO_CENTRALE":"MUNICIPIO","LATITUDINE_SEZIONE":"44.79884","LONGITUDINE_SEZIONE":"8.89636","POS_X_SEZIONE":"491802.62185","POS_Y_SEZIONE":"4960609.22011","LATITUDINE_CENTRALE":"44.78597","LONGITUDINE_CENTRALE":"8.92508","POS_X_CENTRALE":"494072.89976","POS_Y_CENTRALE":"4959177.89094","TIPO_ADSL":"ADSL_M","DESCRIZIONE_TIPO_ADSL":"ADSL Mini","DISTANZA_CALCOLATA":"2683.82","CLASSE_DISTANZA":"2500-2899","POTENZA_SEGNALE":"0.64","POPOLAZIONE_SEZIONE": "12"}
			},
		 		{ "type" : "Feature",
				"geometry" : {
					"type" : "Point",
					"coordinates" : [8.90561,44.79223]},
			"properties" : { "ANNO":"2010","ID_SEZIONE":"4709","ISTAT_COMUNE_SEZ":"6156","COMUNE_SEZ":"SANT'AGATA FOSSILI","PROVINCIA":"AL","ID_CENTRALE":"1296","NOME_CENTRALE":"SANTAGATA FOSSILI 2","ISTAT_COMUNE_CENTR":"6156","COMUNE_CENTR":"SANT'AGATA FOSSILI","PROVINCIA_CENTR":"AL","INDIRIZZO_CENTRALE":"MUNICIPIO","LATITUDINE_SEZIONE":"44.79223","LONGITUDINE_SEZIONE":"8.90561","POS_X_SEZIONE":"492533.50237","POS_Y_SEZIONE":"4959874.21237","LATITUDINE_CENTRALE":"44.78597","LONGITUDINE_CENTRALE":"8.92508","POS_X_CENTRALE":"494072.89976","POS_Y_CENTRALE":"4959177.89094","TIPO_ADSL":"ADSL_M","DESCRIZIONE_TIPO_ADSL":"ADSL Mini","DISTANZA_CALCOLATA":"1689.56","CLASSE_DISTANZA":"1300-1699","POTENZA_SEGNALE":"0.64","POPOLAZIONE_SEZIONE": "30"}
			},
		 		{ "type" : "Feature",
				"geometry" : {
					"type" : "Point",
					"coordinates" : [8.90240,44.78512]},
			"properties" : { "ANNO":"2010","ID_SEZIONE":"5107","ISTAT_COMUNE_SEZ":"6156","COMUNE_SEZ":"SANT'AGATA FOSSILI","PROVINCIA":"AL","ID_CENTRALE":"1296","NOME_CENTRALE":"SANTAGATA FOSSILI 2","ISTAT_COMUNE_CENTR":"6156","COMUNE_CENTR":"SANT'AGATA FOSSILI","PROVINCIA_CENTR":"AL","INDIRIZZO_CENTRALE":"MUNICIPIO","LATITUDINE_SEZIONE":"44.78512","LONGITUDINE_SEZIONE":"8.90240","POS_X_SEZIONE":"492279.04144","POS_Y_SEZIONE":"4959084.71144","LATITUDINE_CENTRALE":"44.78597","LONGITUDINE_CENTRALE":"8.92508","POS_X_CENTRALE":"494072.89976","POS_Y_CENTRALE":"4959177.89094","TIPO_ADSL":"ADSL_M","DESCRIZIONE_TIPO_ADSL":"ADSL Mini","DISTANZA_CALCOLATA":"1796.28","CLASSE_DISTANZA":"1700-2099","POTENZA_SEGNALE":"0.64","POPOLAZIONE_SEZIONE": "66"}
			},
		 		{ "type" : "Feature",
				"geometry" : {
					"type" : "Point",
					"coordinates" : [8.92065,44.78293]},
			"properties" : { "ANNO":"2010","ID_SEZIONE":"7416","ISTAT_COMUNE_SEZ":"6156","COMUNE_SEZ":"SANT'AGATA FOSSILI","PROVINCIA":"AL","ID_CENTRALE":"1296","NOME_CENTRALE":"SANTAGATA FOSSILI 2","ISTAT_COMUNE_CENTR":"6156","COMUNE_CENTR":"SANT'AGATA FOSSILI","PROVINCIA_CENTR":"AL","INDIRIZZO_CENTRALE":"MUNICIPIO","LATITUDINE_SEZIONE":"44.78293","LONGITUDINE_SEZIONE":"8.92065","POS_X_SEZIONE":"493722.50819","POS_Y_SEZIONE":"4958840.19713","LATITUDINE_CENTRALE":"44.78597","LONGITUDINE_CENTRALE":"8.92508","POS_X_CENTRALE":"494072.89976","POS_Y_CENTRALE":"4959177.89094","TIPO_ADSL":"ADSL_M","DESCRIZIONE_TIPO_ADSL":"ADSL Mini","DISTANZA_CALCOLATA":"486.63","CLASSE_DISTANZA":"100-499","POTENZA_SEGNALE":"0.64","POPOLAZIONE_SEZIONE": "72"}
			},
		 		{ "type" : "Feature",
				"geometry" : {
					"type" : "Point",
					"coordinates" : [8.94430,44.80172]},
			"properties" : { "ANNO":"2010","ID_SEZIONE":"9888","ISTAT_COMUNE_SEZ":"6045","COMUNE_SEZ":"CASTELLANIA","PROVINCIA":"AL","ID_CENTRALE":"1296","NOME_CENTRALE":"SANTAGATA FOSSILI 2","ISTAT_COMUNE_CENTR":"6156","COMUNE_CENTR":"SANT'AGATA FOSSILI","PROVINCIA_CENTR":"AL","INDIRIZZO_CENTRALE":"MUNICIPIO","LATITUDINE_SEZIONE":"44.80172","LONGITUDINE_SEZIONE":"8.94430","POS_X_SEZIONE":"495594.67511","POS_Y_SEZIONE":"4960926.19470","LATITUDINE_CENTRALE":"44.78597","LONGITUDINE_CENTRALE":"8.92508","POS_X_CENTRALE":"494072.89976","POS_Y_CENTRALE":"4959177.89094","TIPO_ADSL":"ADSL_M","DESCRIZIONE_TIPO_ADSL":"ADSL Mini","DISTANZA_CALCOLATA":"2317.84","CLASSE_DISTANZA":"2100-2499","POTENZA_SEGNALE":"0.64","POPOLAZIONE_SEZIONE": "2"}
			},
		 		{ "type" : "Feature",
				"geometry" : {
					"type" : "Point",
					"coordinates" : [8.91897,44.78624]},
			"properties" : { "ANNO":"2010","ID_SEZIONE":"10927","ISTAT_COMUNE_SEZ":"6156","COMUNE_SEZ":"SANT'AGATA FOSSILI","PROVINCIA":"AL","ID_CENTRALE":"1296","NOME_CENTRALE":"SANTAGATA FOSSILI 2","ISTAT_COMUNE_CENTR":"6156","COMUNE_CENTR":"SANT'AGATA FOSSILI","PROVINCIA_CENTR":"AL","INDIRIZZO_CENTRALE":"MUNICIPIO","LATITUDINE_SEZIONE":"44.78624","LONGITUDINE_SEZIONE":"8.91897","POS_X_SEZIONE":"493589.69334","POS_Y_SEZIONE":"4959208.20021","LATITUDINE_CENTRALE":"44.78597","LONGITUDINE_CENTRALE":"8.92508","POS_X_CENTRALE":"494072.89976","POS_Y_CENTRALE":"4959177.89094","TIPO_ADSL":"ADSL_M","DESCRIZIONE_TIPO_ADSL":"ADSL Mini","DISTANZA_CALCOLATA":"484.16","CLASSE_DISTANZA":"100-499","POTENZA_SEGNALE":"0.64","POPOLAZIONE_SEZIONE": "181"}
			},
		 		{ "type" : "Feature",
				"geometry" : {
					"type" : "Point",
					"coordinates" : [8.94068,44.79809]},
			"properties" : { "ANNO":"2010","ID_SEZIONE":"15968","ISTAT_COMUNE_SEZ":"6045","COMUNE_SEZ":"CASTELLANIA","PROVINCIA":"AL","ID_CENTRALE":"1296","NOME_CENTRALE":"SANTAGATA FOSSILI 2","ISTAT_COMUNE_CENTR":"6156","COMUNE_CENTR":"SANT'AGATA FOSSILI","PROVINCIA_CENTR":"AL","INDIRIZZO_CENTRALE":"MUNICIPIO","LATITUDINE_SEZIONE":"44.79809","LONGITUDINE_SEZIONE":"8.94068","POS_X_SEZIONE":"495308.14659","POS_Y_SEZIONE":"4960522.69416","LATITUDINE_CENTRALE":"44.78597","LONGITUDINE_CENTRALE":"8.92508","POS_X_CENTRALE":"494072.89976","POS_Y_CENTRALE":"4959177.89094","TIPO_ADSL":"ADSL_M","DESCRIZIONE_TIPO_ADSL":"ADSL Mini","DISTANZA_CALCOLATA":"1826.01","CLASSE_DISTANZA":"1700-2099","POTENZA_SEGNALE":"0.64","POPOLAZIONE_SEZIONE": "20"}
			},
		 		{ "type" : "Feature",
				"geometry" : {
					"type" : "Point",
					"coordinates" : [8.94248,44.78980]},
			"properties" : { "ANNO":"2010","ID_SEZIONE":"17801","ISTAT_COMUNE_SEZ":"6045","COMUNE_SEZ":"CASTELLANIA","PROVINCIA":"AL","ID_CENTRALE":"1296","NOME_CENTRALE":"SANTAGATA FOSSILI 2","ISTAT_COMUNE_CENTR":"6156","COMUNE_CENTR":"SANT'AGATA FOSSILI","PROVINCIA_CENTR":"AL","INDIRIZZO_CENTRALE":"MUNICIPIO","LATITUDINE_SEZIONE":"44.78980","LONGITUDINE_SEZIONE":"8.94248","POS_X_SEZIONE":"495450.15287","POS_Y_SEZIONE":"4959602.18677","LATITUDINE_CENTRALE":"44.78597","LONGITUDINE_CENTRALE":"8.92508","POS_X_CENTRALE":"494072.89976","POS_Y_CENTRALE":"4959177.89094","TIPO_ADSL":"ADSL_M","DESCRIZIONE_TIPO_ADSL":"ADSL Mini","DISTANZA_CALCOLATA":"1441.13","CLASSE_DISTANZA":"1300-1699","POTENZA_SEGNALE":"0.64","POPOLAZIONE_SEZIONE": "3"}
			},
		 		{ "type" : "Feature",
				"geometry" : {
					"type" : "Point",
					"coordinates" : [8.92731,44.79341]},
			"properties" : { "ANNO":"2010","ID_SEZIONE":"25113","ISTAT_COMUNE_SEZ":"6045","COMUNE_SEZ":"CASTELLANIA","PROVINCIA":"AL","ID_CENTRALE":"1296","NOME_CENTRALE":"SANTAGATA FOSSILI 2","ISTAT_COMUNE_CENTR":"6156","COMUNE_CENTR":"SANT'AGATA FOSSILI","PROVINCIA_CENTR":"AL","INDIRIZZO_CENTRALE":"MUNICIPIO","LATITUDINE_SEZIONE":"44.79341","LONGITUDINE_SEZIONE":"8.92731","POS_X_SEZIONE":"494250.68483","POS_Y_SEZIONE":"4960003.69870","LATITUDINE_CENTRALE":"44.78597","LONGITUDINE_CENTRALE":"8.92508","POS_X_CENTRALE":"494072.89976","POS_Y_CENTRALE":"4959177.89094","TIPO_ADSL":"ADSL_M","DESCRIZIONE_TIPO_ADSL":"ADSL Mini","DISTANZA_CALCOLATA":"844.73","CLASSE_DISTANZA":"500-899","POTENZA_SEGNALE":"0.64","POPOLAZIONE_SEZIONE": "6"}
			},
		 		{ "type" : "Feature",
				"geometry" : {
					"type" : "Point",
					"coordinates" : [8.92803,44.80395]},
			"properties" : { "ANNO":"2010","ID_SEZIONE":"26005","ISTAT_COMUNE_SEZ":"6045","COMUNE_SEZ":"CASTELLANIA","PROVINCIA":"AL","ID_CENTRALE":"1296","NOME_CENTRALE":"SANTAGATA FOSSILI 2","ISTAT_COMUNE_CENTR":"6156","COMUNE_CENTR":"SANT'AGATA FOSSILI","PROVINCIA_CENTR":"AL","INDIRIZZO_CENTRALE":"MUNICIPIO","LATITUDINE_SEZIONE":"44.80395","LONGITUDINE_SEZIONE":"8.92803","POS_X_SEZIONE":"494308.11229","POS_Y_SEZIONE":"4961174.20494","LATITUDINE_CENTRALE":"44.78597","LONGITUDINE_CENTRALE":"8.92508","POS_X_CENTRALE":"494072.89976","POS_Y_CENTRALE":"4959177.89094","TIPO_ADSL":"ADSL_M","DESCRIZIONE_TIPO_ADSL":"ADSL Mini","DISTANZA_CALCOLATA":"2010.12","CLASSE_DISTANZA":"1700-2099","POTENZA_SEGNALE":"0.64","POPOLAZIONE_SEZIONE": "7"}
			},
		 		{ "type" : "Feature",
				"geometry" : {
					"type" : "Point",
					"coordinates" : [8.93032,44.79830]},
			"properties" : { "ANNO":"2010","ID_SEZIONE":"28467","ISTAT_COMUNE_SEZ":"6045","COMUNE_SEZ":"CASTELLANIA","PROVINCIA":"AL","ID_CENTRALE":"1296","NOME_CENTRALE":"SANTAGATA FOSSILI 2","ISTAT_COMUNE_CENTR":"6156","COMUNE_CENTR":"SANT'AGATA FOSSILI","PROVINCIA_CENTR":"AL","INDIRIZZO_CENTRALE":"MUNICIPIO","LATITUDINE_SEZIONE":"44.79830","LONGITUDINE_SEZIONE":"8.93032","POS_X_SEZIONE":"494488.64810","POS_Y_SEZIONE":"4960546.70030","LATITUDINE_CENTRALE":"44.78597","LONGITUDINE_CENTRALE":"8.92508","POS_X_CENTRALE":"494072.89976","POS_Y_CENTRALE":"4959177.89094","TIPO_ADSL":"ADSL_M","DESCRIZIONE_TIPO_ADSL":"ADSL Mini","DISTANZA_CALCOLATA":"1430.55","CLASSE_DISTANZA":"1300-1699","POTENZA_SEGNALE":"0.64","POPOLAZIONE_SEZIONE": "44"}
			},
		 		{ "type" : "Feature",
				"geometry" : {
					"type" : "Point",
					"coordinates" : [8.95871,44.78833]},
			"properties" : { "ANNO":"2010","ID_SEZIONE":"30153","ISTAT_COMUNE_SEZ":"6045","COMUNE_SEZ":"CASTELLANIA","PROVINCIA":"AL","ID_CENTRALE":"1296","NOME_CENTRALE":"SANTAGATA FOSSILI 2","ISTAT_COMUNE_CENTR":"6156","COMUNE_CENTR":"SANT'AGATA FOSSILI","PROVINCIA_CENTR":"AL","INDIRIZZO_CENTRALE":"MUNICIPIO","LATITUDINE_SEZIONE":"44.78833","LONGITUDINE_SEZIONE":"8.95871","POS_X_SEZIONE":"496733.39895","POS_Y_SEZIONE":"4959438.17473","LATITUDINE_CENTRALE":"44.78597","LONGITUDINE_CENTRALE":"8.92508","POS_X_CENTRALE":"494072.89976","POS_Y_CENTRALE":"4959177.89094","TIPO_ADSL":"ADSL_M","DESCRIZIONE_TIPO_ADSL":"ADSL Mini","DISTANZA_CALCOLATA":"2673.2","CLASSE_DISTANZA":"2500-2899","POTENZA_SEGNALE":"0.64","POPOLAZIONE_SEZIONE": ""}
			},
		 		{ "type" : "Feature",
				"geometry" : {
					"type" : "Point",
					"coordinates" : [8.94337,44.79656]},
			"properties" : { "ANNO":"2010","ID_SEZIONE":"30637","ISTAT_COMUNE_SEZ":"6045","COMUNE_SEZ":"CASTELLANIA","PROVINCIA":"AL","ID_CENTRALE":"1296","NOME_CENTRALE":"SANTAGATA FOSSILI 2","ISTAT_COMUNE_CENTR":"6156","COMUNE_CENTR":"SANT'AGATA FOSSILI","PROVINCIA_CENTR":"AL","INDIRIZZO_CENTRALE":"MUNICIPIO","LATITUDINE_SEZIONE":"44.79656","LONGITUDINE_SEZIONE":"8.94337","POS_X_SEZIONE":"495521.05411","POS_Y_SEZIONE":"4960352.69122","LATITUDINE_CENTRALE":"44.78597","LONGITUDINE_CENTRALE":"8.92508","POS_X_CENTRALE":"494072.89976","POS_Y_CENTRALE":"4959177.89094","TIPO_ADSL":"ADSL_M","DESCRIZIONE_TIPO_ADSL":"ADSL Mini","DISTANZA_CALCOLATA":"1864.75","CLASSE_DISTANZA":"1700-2099","POTENZA_SEGNALE":"0.64","POPOLAZIONE_SEZIONE": ""}
			}
		 		]
	}
		