 	{ "type" : "FeatureCollection",
		"features" : [
		 		{ "type" : "Feature",
				"geometry" : {
					"type" : "Point",
					"coordinates" : [7.80859,44.13326]},
			"properties" : { "ANNO":"2010","ID_SEZIONE":"15172","ISTAT_COMUNE_SEZ":"4155","COMUNE_SEZ":"ORMEA","PROVINCIA":"CN","ID_CENTRALE":"1660","NOME_CENTRALE":"VIOZENE","ISTAT_COMUNE_CENTR":"4155","COMUNE_CENTR":"ORMEA","PROVINCIA_CENTR":"CN","INDIRIZZO_CENTRALE":"CIMITERO","LATITUDINE_SEZIONE":"44.13326","LONGITUDINE_SEZIONE":"7.80859","POS_X_SEZIONE":"404693.35739","POS_Y_SEZIONE":"4887363.89524","LATITUDINE_CENTRALE":"44.13938","LONGITUDINE_CENTRALE":"7.78083","POS_X_CENTRALE":"402482.61233","POS_Y_CENTRALE":"4888076.36052","TIPO_ADSL":"ADSL_M","DESCRIZIONE_TIPO_ADSL":"ADSL Mini","DISTANZA_CALCOLATA":"2322.71","CLASSE_DISTANZA":"2100-2499","POTENZA_SEGNALE":"0.64","POPOLAZIONE_SEZIONE": "8"}
			},
		 		{ "type" : "Feature",
				"geometry" : {
					"type" : "Point",
					"coordinates" : [7.78065,44.14458]},
			"properties" : { "ANNO":"2010","ID_SEZIONE":"25603","ISTAT_COMUNE_SEZ":"4155","COMUNE_SEZ":"ORMEA","PROVINCIA":"CN","ID_CENTRALE":"1660","NOME_CENTRALE":"VIOZENE","ISTAT_COMUNE_CENTR":"4155","COMUNE_CENTR":"ORMEA","PROVINCIA_CENTR":"CN","INDIRIZZO_CENTRALE":"CIMITERO","LATITUDINE_SEZIONE":"44.14458","LONGITUDINE_SEZIONE":"7.78065","POS_X_SEZIONE":"402476.81108","POS_Y_SEZIONE":"4888653.86388","LATITUDINE_CENTRALE":"44.13938","LONGITUDINE_CENTRALE":"7.78083","POS_X_CENTRALE":"402482.61233","POS_Y_CENTRALE":"4888076.36052","TIPO_ADSL":"ADSL_M","DESCRIZIONE_TIPO_ADSL":"ADSL Mini","DISTANZA_CALCOLATA":"577.53","CLASSE_DISTANZA":"500-899","POTENZA_SEGNALE":"0.64","POPOLAZIONE_SEZIONE": "43"}
			},
		 		{ "type" : "Feature",
				"geometry" : {
					"type" : "Point",
					"coordinates" : [7.77301,44.14451]},
			"properties" : { "ANNO":"2010","ID_SEZIONE":"27953","ISTAT_COMUNE_SEZ":"4155","COMUNE_SEZ":"ORMEA","PROVINCIA":"CN","ID_CENTRALE":"1660","NOME_CENTRALE":"VIOZENE","ISTAT_COMUNE_CENTR":"4155","COMUNE_CENTR":"ORMEA","PROVINCIA_CENTR":"CN","INDIRIZZO_CENTRALE":"CIMITERO","LATITUDINE_SEZIONE":"44.14451","LONGITUDINE_SEZIONE":"7.77301","POS_X_SEZIONE":"401865.63156","POS_Y_SEZIONE":"4888655.35585","LATITUDINE_CENTRALE":"44.13938","LONGITUDINE_CENTRALE":"7.78083","POS_X_CENTRALE":"402482.61233","POS_Y_CENTRALE":"4888076.36052","TIPO_ADSL":"ADSL_M","DESCRIZIONE_TIPO_ADSL":"ADSL Mini","DISTANZA_CALCOLATA":"846.11","CLASSE_DISTANZA":"500-899","POTENZA_SEGNALE":"0.64","POPOLAZIONE_SEZIONE": ""}
			}
		 		]
	}
		