 	{ "type" : "FeatureCollection",
		"features" : [
		 		{ "type" : "Feature",
				"geometry" : {
					"type" : "Point",
					"coordinates" : [8.39839,45.21864]},
			"properties" : { "ANNO":"2010","ID_SEZIONE":"6111","ISTAT_COMUNE_SEZ":"2115","COMUNE_SEZ":"RIVE","PROVINCIA":"VC","ID_CENTRALE":"1110","NOME_CENTRALE":"RIVE","ISTAT_COMUNE_CENTR":"2115","COMUNE_CENTR":"RIVE","PROVINCIA_CENTR":"VC","INDIRIZZO_CENTRALE":"ROMA","LATITUDINE_SEZIONE":"45.21864","LONGITUDINE_SEZIONE":"8.39839","POS_X_SEZIONE":"452764.59353","POS_Y_SEZIONE":"5007414.45689","LATITUDINE_CENTRALE":"45.21384","LONGITUDINE_CENTRALE":"8.41653","POS_X_CENTRALE":"454185.25327","POS_Y_CENTRALE":"5006870.99521","TIPO_ADSL":"NO","DESCRIZIONE_TIPO_ADSL":"NO Adsl","DISTANZA_CALCOLATA":"1521.06","CLASSE_DISTANZA":"1300-1699","POTENZA_SEGNALE":"","POPOLAZIONE_SEZIONE": "3"}
			},
		 		{ "type" : "Feature",
				"geometry" : {
					"type" : "Point",
					"coordinates" : [8.41787,45.21425]},
			"properties" : { "ANNO":"2010","ID_SEZIONE":"8126","ISTAT_COMUNE_SEZ":"2115","COMUNE_SEZ":"RIVE","PROVINCIA":"VC","ID_CENTRALE":"1110","NOME_CENTRALE":"RIVE","ISTAT_COMUNE_CENTR":"2115","COMUNE_CENTR":"RIVE","PROVINCIA_CENTR":"VC","INDIRIZZO_CENTRALE":"ROMA","LATITUDINE_SEZIONE":"45.21425","LONGITUDINE_SEZIONE":"8.41787","POS_X_SEZIONE":"454290.46361","POS_Y_SEZIONE":"5006915.95884","LATITUDINE_CENTRALE":"45.21384","LONGITUDINE_CENTRALE":"8.41653","POS_X_CENTRALE":"454185.25327","POS_Y_CENTRALE":"5006870.99521","TIPO_ADSL":"NO","DESCRIZIONE_TIPO_ADSL":"NO Adsl","DISTANZA_CALCOLATA":"114.42","CLASSE_DISTANZA":"100-499","POTENZA_SEGNALE":"","POPOLAZIONE_SEZIONE": "406"}
			},
		 		{ "type" : "Feature",
				"geometry" : {
					"type" : "Point",
					"coordinates" : [8.41778,45.20337]},
			"properties" : { "ANNO":"2010","ID_SEZIONE":"9072","ISTAT_COMUNE_SEZ":"2115","COMUNE_SEZ":"RIVE","PROVINCIA":"VC","ID_CENTRALE":"1110","NOME_CENTRALE":"RIVE","ISTAT_COMUNE_CENTR":"2115","COMUNE_CENTR":"RIVE","PROVINCIA_CENTR":"VC","INDIRIZZO_CENTRALE":"ROMA","LATITUDINE_SEZIONE":"45.20337","LONGITUDINE_SEZIONE":"8.41778","POS_X_SEZIONE":"454274.94745","POS_Y_SEZIONE":"5005707.43199","LATITUDINE_CENTRALE":"45.21384","LONGITUDINE_CENTRALE":"8.41653","POS_X_CENTRALE":"454185.25327","POS_Y_CENTRALE":"5006870.99521","TIPO_ADSL":"NO","DESCRIZIONE_TIPO_ADSL":"NO Adsl","DISTANZA_CALCOLATA":"1167.02","CLASSE_DISTANZA":"900-1299","POTENZA_SEGNALE":"","POPOLAZIONE_SEZIONE": ""}
			},
		 		{ "type" : "Feature",
				"geometry" : {
					"type" : "Point",
					"coordinates" : [8.42789,45.20948]},
			"properties" : { "ANNO":"2010","ID_SEZIONE":"21408","ISTAT_COMUNE_SEZ":"2115","COMUNE_SEZ":"RIVE","PROVINCIA":"VC","ID_CENTRALE":"1110","NOME_CENTRALE":"RIVE","ISTAT_COMUNE_CENTR":"2115","COMUNE_CENTR":"RIVE","PROVINCIA_CENTR":"VC","INDIRIZZO_CENTRALE":"ROMA","LATITUDINE_SEZIONE":"45.20948","LONGITUDINE_SEZIONE":"8.42789","POS_X_SEZIONE":"455073.89478","POS_Y_SEZIONE":"5006380.45343","LATITUDINE_CENTRALE":"45.21384","LONGITUDINE_CENTRALE":"8.41653","POS_X_CENTRALE":"454185.25327","POS_Y_CENTRALE":"5006870.99521","TIPO_ADSL":"NO","DESCRIZIONE_TIPO_ADSL":"NO Adsl","DISTANZA_CALCOLATA":"1015.04","CLASSE_DISTANZA":"900-1299","POTENZA_SEGNALE":"","POPOLAZIONE_SEZIONE": ""}
			},
		 		{ "type" : "Feature",
				"geometry" : {
					"type" : "Point",
					"coordinates" : [8.44061,45.20067]},
			"properties" : { "ANNO":"2010","ID_SEZIONE":"23001","ISTAT_COMUNE_SEZ":"2115","COMUNE_SEZ":"RIVE","PROVINCIA":"VC","ID_CENTRALE":"1110","NOME_CENTRALE":"RIVE","ISTAT_COMUNE_CENTR":"2115","COMUNE_CENTR":"RIVE","PROVINCIA_CENTR":"VC","INDIRIZZO_CENTRALE":"ROMA","LATITUDINE_SEZIONE":"45.20067","LONGITUDINE_SEZIONE":"8.44061","POS_X_SEZIONE":"456065.63366","POS_Y_SEZIONE":"5005394.93945","LATITUDINE_CENTRALE":"45.21384","LONGITUDINE_CENTRALE":"8.41653","POS_X_CENTRALE":"454185.25327","POS_Y_CENTRALE":"5006870.99521","TIPO_ADSL":"NO","DESCRIZIONE_TIPO_ADSL":"NO Adsl","DISTANZA_CALCOLATA":"2390.52","CLASSE_DISTANZA":"2100-2499","POTENZA_SEGNALE":"","POPOLAZIONE_SEZIONE": "8"}
			},
		 		{ "type" : "Feature",
				"geometry" : {
					"type" : "Point",
					"coordinates" : [8.39707,45.20973]},
			"properties" : { "ANNO":"2010","ID_SEZIONE":"31384","ISTAT_COMUNE_SEZ":"2115","COMUNE_SEZ":"RIVE","PROVINCIA":"VC","ID_CENTRALE":"1110","NOME_CENTRALE":"RIVE","ISTAT_COMUNE_CENTR":"2115","COMUNE_CENTR":"RIVE","PROVINCIA_CENTR":"VC","INDIRIZZO_CENTRALE":"ROMA","LATITUDINE_SEZIONE":"45.20973","LONGITUDINE_SEZIONE":"8.39707","POS_X_SEZIONE":"452653.26630","POS_Y_SEZIONE":"5006425.93491","LATITUDINE_CENTRALE":"45.21384","LONGITUDINE_CENTRALE":"8.41653","POS_X_CENTRALE":"454185.25327","POS_Y_CENTRALE":"5006870.99521","TIPO_ADSL":"NO","DESCRIZIONE_TIPO_ADSL":"NO Adsl","DISTANZA_CALCOLATA":"1595.33","CLASSE_DISTANZA":"1300-1699","POTENZA_SEGNALE":"","POPOLAZIONE_SEZIONE": ""}
			}
		 		]
	}
		