 	{ "type" : "FeatureCollection",
		"features" : [
		 		{ "type" : "Feature",
				"geometry" : {
					"type" : "Point",
					"coordinates" : [7.45043,44.71774]},
			"properties" : { "ANNO":"2010","ID_SEZIONE":"1804","ISTAT_COMUNE_SEZ":"4180","COMUNE_SEZ":"REVELLO","PROVINCIA":"CN","ID_CENTRALE":"1088","NOME_CENTRALE":"REVELLO","ISTAT_COMUNE_CENTR":"4180","COMUNE_CENTR":"REVELLO","PROVINCIA_CENTR":"CN","INDIRIZZO_CENTRALE":"DENINA 2","LATITUDINE_SEZIONE":"44.71774","LONGITUDINE_SEZIONE":"7.45043","POS_X_SEZIONE":"377271.71000","POS_Y_SEZIONE":"4952763.90759","LATITUDINE_CENTRALE":"44.65483","LONGITUDINE_CENTRALE":"7.38886","POS_X_CENTRALE":"372256.92000","POS_Y_CENTRALE":"4945869.84000","TIPO_ADSL":"ADSL_1","DESCRIZIONE_TIPO_ADSL":"ADSL (8 mega)","DISTANZA_CALCOLATA":"8525.04","CLASSE_DISTANZA":"6100 e oltre","POTENZA_SEGNALE":"0.00","POPOLAZIONE_SEZIONE": ""}
			},
		 		{ "type" : "Feature",
				"geometry" : {
					"type" : "Point",
					"coordinates" : [7.43372,44.72475]},
			"properties" : { "ANNO":"2010","ID_SEZIONE":"3803","ISTAT_COMUNE_SEZ":"4180","COMUNE_SEZ":"REVELLO","PROVINCIA":"CN","ID_CENTRALE":"1088","NOME_CENTRALE":"REVELLO","ISTAT_COMUNE_CENTR":"4180","COMUNE_CENTR":"REVELLO","PROVINCIA_CENTR":"CN","INDIRIZZO_CENTRALE":"DENINA 2","LATITUDINE_SEZIONE":"44.72475","LONGITUDINE_SEZIONE":"7.43372","POS_X_SEZIONE":"375963.63244","POS_Y_SEZIONE":"4953567.91246","LATITUDINE_CENTRALE":"44.65483","LONGITUDINE_CENTRALE":"7.38886","POS_X_CENTRALE":"372256.92000","POS_Y_CENTRALE":"4945869.84000","TIPO_ADSL":"ADSL_1","DESCRIZIONE_TIPO_ADSL":"ADSL (8 mega)","DISTANZA_CALCOLATA":"8544.01","CLASSE_DISTANZA":"6100 e oltre","POTENZA_SEGNALE":"0.00","POPOLAZIONE_SEZIONE": "2"}
			},
		 		{ "type" : "Feature",
				"geometry" : {
					"type" : "Point",
					"coordinates" : [7.39199,44.65830]},
			"properties" : { "ANNO":"2010","ID_SEZIONE":"4042","ISTAT_COMUNE_SEZ":"4180","COMUNE_SEZ":"REVELLO","PROVINCIA":"CN","ID_CENTRALE":"1088","NOME_CENTRALE":"REVELLO","ISTAT_COMUNE_CENTR":"4180","COMUNE_CENTR":"REVELLO","PROVINCIA_CENTR":"CN","INDIRIZZO_CENTRALE":"DENINA 2","LATITUDINE_SEZIONE":"44.65830","LONGITUDINE_SEZIONE":"7.39199","POS_X_SEZIONE":"372512.63058","POS_Y_SEZIONE":"4946250.34189","LATITUDINE_CENTRALE":"44.65483","LONGITUDINE_CENTRALE":"7.38886","POS_X_CENTRALE":"372256.92000","POS_Y_CENTRALE":"4945869.84000","TIPO_ADSL":"ADSL_1","DESCRIZIONE_TIPO_ADSL":"ADSL (8 mega)","DISTANZA_CALCOLATA":"458.44","CLASSE_DISTANZA":"100-499","POTENZA_SEGNALE":"7000","POPOLAZIONE_SEZIONE": "390"}
			},
		 		{ "type" : "Feature",
				"geometry" : {
					"type" : "Point",
					"coordinates" : [7.38186,44.64969]},
			"properties" : { "ANNO":"2010","ID_SEZIONE":"4629","ISTAT_COMUNE_SEZ":"4180","COMUNE_SEZ":"REVELLO","PROVINCIA":"CN","ID_CENTRALE":"1088","NOME_CENTRALE":"REVELLO","ISTAT_COMUNE_CENTR":"4180","COMUNE_CENTR":"REVELLO","PROVINCIA_CENTR":"CN","INDIRIZZO_CENTRALE":"DENINA 2","LATITUDINE_SEZIONE":"44.64969","LONGITUDINE_SEZIONE":"7.38186","POS_X_SEZIONE":"371690.47941","POS_Y_SEZIONE":"4945309.83475","LATITUDINE_CENTRALE":"44.65483","LONGITUDINE_CENTRALE":"7.38886","POS_X_CENTRALE":"372256.92000","POS_Y_CENTRALE":"4945869.84000","TIPO_ADSL":"ADSL_1","DESCRIZIONE_TIPO_ADSL":"ADSL (8 mega)","DISTANZA_CALCOLATA":"796.53","CLASSE_DISTANZA":"500-899","POTENZA_SEGNALE":"7000","POPOLAZIONE_SEZIONE": "162"}
			},
		 		{ "type" : "Feature",
				"geometry" : {
					"type" : "Point",
					"coordinates" : [7.42393,44.71204]},
			"properties" : { "ANNO":"2010","ID_SEZIONE":"6217","ISTAT_COMUNE_SEZ":"4180","COMUNE_SEZ":"REVELLO","PROVINCIA":"CN","ID_CENTRALE":"1088","NOME_CENTRALE":"REVELLO","ISTAT_COMUNE_CENTR":"4180","COMUNE_CENTR":"REVELLO","PROVINCIA_CENTR":"CN","INDIRIZZO_CENTRALE":"DENINA 2","LATITUDINE_SEZIONE":"44.71204","LONGITUDINE_SEZIONE":"7.42393","POS_X_SEZIONE":"375160.80363","POS_Y_SEZIONE":"4952170.89844","LATITUDINE_CENTRALE":"44.65483","LONGITUDINE_CENTRALE":"7.38886","POS_X_CENTRALE":"372256.92000","POS_Y_CENTRALE":"4945869.84000","TIPO_ADSL":"ADSL_1","DESCRIZIONE_TIPO_ADSL":"ADSL (8 mega)","DISTANZA_CALCOLATA":"6938","CLASSE_DISTANZA":"6100 e oltre","POTENZA_SEGNALE":"0.00","POPOLAZIONE_SEZIONE": ""}
			},
		 		{ "type" : "Feature",
				"geometry" : {
					"type" : "Point",
					"coordinates" : [7.41168,44.64882]},
			"properties" : { "ANNO":"2010","ID_SEZIONE":"6225","ISTAT_COMUNE_SEZ":"4180","COMUNE_SEZ":"REVELLO","PROVINCIA":"CN","ID_CENTRALE":"1088","NOME_CENTRALE":"REVELLO","ISTAT_COMUNE_CENTR":"4180","COMUNE_CENTR":"REVELLO","PROVINCIA_CENTR":"CN","INDIRIZZO_CENTRALE":"DENINA 2","LATITUDINE_SEZIONE":"44.64882","LONGITUDINE_SEZIONE":"7.41168","POS_X_SEZIONE":"374053.43314","POS_Y_SEZIONE":"4945167.34055","LATITUDINE_CENTRALE":"44.65483","LONGITUDINE_CENTRALE":"7.38886","POS_X_CENTRALE":"372256.92000","POS_Y_CENTRALE":"4945869.84000","TIPO_ADSL":"ADSL_1","DESCRIZIONE_TIPO_ADSL":"ADSL (8 mega)","DISTANZA_CALCOLATA":"1928.98","CLASSE_DISTANZA":"1700-2099","POTENZA_SEGNALE":"6874.88","POPOLAZIONE_SEZIONE": "179"}
			},
		 		{ "type" : "Feature",
				"geometry" : {
					"type" : "Point",
					"coordinates" : [7.43382,44.65261]},
			"properties" : { "ANNO":"2010","ID_SEZIONE":"6458","ISTAT_COMUNE_SEZ":"4180","COMUNE_SEZ":"REVELLO","PROVINCIA":"CN","ID_CENTRALE":"1088","NOME_CENTRALE":"REVELLO","ISTAT_COMUNE_CENTR":"4180","COMUNE_CENTR":"REVELLO","PROVINCIA_CENTR":"CN","INDIRIZZO_CENTRALE":"DENINA 2","LATITUDINE_SEZIONE":"44.65261","LONGITUDINE_SEZIONE":"7.43382","POS_X_SEZIONE":"375817.10623","POS_Y_SEZIONE":"4945553.84730","LATITUDINE_CENTRALE":"44.65483","LONGITUDINE_CENTRALE":"7.38886","POS_X_CENTRALE":"372256.92000","POS_Y_CENTRALE":"4945869.84000","TIPO_ADSL":"ADSL_1","DESCRIZIONE_TIPO_ADSL":"ADSL (8 mega)","DISTANZA_CALCOLATA":"3574.18","CLASSE_DISTANZA":"3300-3699","POTENZA_SEGNALE":"3999.63","POPOLAZIONE_SEZIONE": "31"}
			},
		 		{ "type" : "Feature",
				"geometry" : {
					"type" : "Point",
					"coordinates" : [7.44022,44.65225]},
			"properties" : { "ANNO":"2010","ID_SEZIONE":"6459","ISTAT_COMUNE_SEZ":"4180","COMUNE_SEZ":"REVELLO","PROVINCIA":"CN","ID_CENTRALE":"1088","NOME_CENTRALE":"REVELLO","ISTAT_COMUNE_CENTR":"4180","COMUNE_CENTR":"REVELLO","PROVINCIA_CENTR":"CN","INDIRIZZO_CENTRALE":"DENINA 2","LATITUDINE_SEZIONE":"44.65225","LONGITUDINE_SEZIONE":"7.44022","POS_X_SEZIONE":"376323.78450","POS_Y_SEZIONE":"4945503.84794","LATITUDINE_CENTRALE":"44.65483","LONGITUDINE_CENTRALE":"7.38886","POS_X_CENTRALE":"372256.92000","POS_Y_CENTRALE":"4945869.84000","TIPO_ADSL":"ADSL_1","DESCRIZIONE_TIPO_ADSL":"ADSL (8 mega)","DISTANZA_CALCOLATA":"4083.3","CLASSE_DISTANZA":"3700-4099","POTENZA_SEGNALE":"3000.38","POPOLAZIONE_SEZIONE": "18"}
			},
		 		{ "type" : "Feature",
				"geometry" : {
					"type" : "Point",
					"coordinates" : [7.38152,44.64523]},
			"properties" : { "ANNO":"2010","ID_SEZIONE":"7077","ISTAT_COMUNE_SEZ":"4180","COMUNE_SEZ":"REVELLO","PROVINCIA":"CN","ID_CENTRALE":"1088","NOME_CENTRALE":"REVELLO","ISTAT_COMUNE_CENTR":"4180","COMUNE_CENTR":"REVELLO","PROVINCIA_CENTR":"CN","INDIRIZZO_CENTRALE":"DENINA 2","LATITUDINE_SEZIONE":"44.64523","LONGITUDINE_SEZIONE":"7.38152","POS_X_SEZIONE":"371653.64562","POS_Y_SEZIONE":"4944814.83162","LATITUDINE_CENTRALE":"44.65483","LONGITUDINE_CENTRALE":"7.38886","POS_X_CENTRALE":"372256.92000","POS_Y_CENTRALE":"4945869.84000","TIPO_ADSL":"ADSL_1","DESCRIZIONE_TIPO_ADSL":"ADSL (8 mega)","DISTANZA_CALCOLATA":"1215.31","CLASSE_DISTANZA":"900-1299","POTENZA_SEGNALE":"7000","POPOLAZIONE_SEZIONE": "22"}
			},
		 		{ "type" : "Feature",
				"geometry" : {
					"type" : "Point",
					"coordinates" : [7.44448,44.73078]},
			"properties" : { "ANNO":"2010","ID_SEZIONE":"7269","ISTAT_COMUNE_SEZ":"4180","COMUNE_SEZ":"REVELLO","PROVINCIA":"CN","ID_CENTRALE":"1088","NOME_CENTRALE":"REVELLO","ISTAT_COMUNE_CENTR":"4180","COMUNE_CENTR":"REVELLO","PROVINCIA_CENTR":"CN","INDIRIZZO_CENTRALE":"DENINA 2","LATITUDINE_SEZIONE":"44.73078","LONGITUDINE_SEZIONE":"7.44448","POS_X_SEZIONE":"376827.94168","POS_Y_SEZIONE":"4954221.42004","LATITUDINE_CENTRALE":"44.65483","LONGITUDINE_CENTRALE":"7.38886","POS_X_CENTRALE":"372256.92000","POS_Y_CENTRALE":"4945869.84000","TIPO_ADSL":"ADSL_1","DESCRIZIONE_TIPO_ADSL":"ADSL (8 mega)","DISTANZA_CALCOLATA":"9520.67","CLASSE_DISTANZA":"6100 e oltre","POTENZA_SEGNALE":"0.00","POPOLAZIONE_SEZIONE": ""}
			},
		 		{ "type" : "Feature",
				"geometry" : {
					"type" : "Point",
					"coordinates" : [7.37726,44.67046]},
			"properties" : { "ANNO":"2010","ID_SEZIONE":"8068","ISTAT_COMUNE_SEZ":"4180","COMUNE_SEZ":"REVELLO","PROVINCIA":"CN","ID_CENTRALE":"1088","NOME_CENTRALE":"REVELLO","ISTAT_COMUNE_CENTR":"4180","COMUNE_CENTR":"REVELLO","PROVINCIA_CENTR":"CN","INDIRIZZO_CENTRALE":"DENINA 2","LATITUDINE_SEZIONE":"44.67046","LONGITUDINE_SEZIONE":"7.37726","POS_X_SEZIONE":"371371.84747","POS_Y_SEZIONE":"4947624.34816","LATITUDINE_CENTRALE":"44.65483","LONGITUDINE_CENTRALE":"7.38886","POS_X_CENTRALE":"372256.92000","POS_Y_CENTRALE":"4945869.84000","TIPO_ADSL":"ADSL_1","DESCRIZIONE_TIPO_ADSL":"ADSL (8 mega)","DISTANZA_CALCOLATA":"1965.11","CLASSE_DISTANZA":"1700-2099","POTENZA_SEGNALE":"6874.88","POPOLAZIONE_SEZIONE": "18"}
			},
		 		{ "type" : "Feature",
				"geometry" : {
					"type" : "Point",
					"coordinates" : [7.36652,44.64338]},
			"properties" : { "ANNO":"2010","ID_SEZIONE":"9849","ISTAT_COMUNE_SEZ":"4180","COMUNE_SEZ":"REVELLO","PROVINCIA":"CN","ID_CENTRALE":"1088","NOME_CENTRALE":"REVELLO","ISTAT_COMUNE_CENTR":"4180","COMUNE_CENTR":"REVELLO","PROVINCIA_CENTR":"CN","INDIRIZZO_CENTRALE":"DENINA 2","LATITUDINE_SEZIONE":"44.64338","LONGITUDINE_SEZIONE":"7.36652","POS_X_SEZIONE":"370460.57963","POS_Y_SEZIONE":"4944633.32710","LATITUDINE_CENTRALE":"44.65483","LONGITUDINE_CENTRALE":"7.38886","POS_X_CENTRALE":"372256.92000","POS_Y_CENTRALE":"4945869.84000","TIPO_ADSL":"ADSL_1","DESCRIZIONE_TIPO_ADSL":"ADSL (8 mega)","DISTANZA_CALCOLATA":"2180.78","CLASSE_DISTANZA":"2100-2499","POTENZA_SEGNALE":"6500.38","POPOLAZIONE_SEZIONE": "132"}
			},
		 		{ "type" : "Feature",
				"geometry" : {
					"type" : "Point",
					"coordinates" : [7.39503,44.65764]},
			"properties" : { "ANNO":"2010","ID_SEZIONE":"10603","ISTAT_COMUNE_SEZ":"4180","COMUNE_SEZ":"REVELLO","PROVINCIA":"CN","ID_CENTRALE":"1088","NOME_CENTRALE":"REVELLO","ISTAT_COMUNE_CENTR":"4180","COMUNE_CENTR":"REVELLO","PROVINCIA_CENTR":"CN","INDIRIZZO_CENTRALE":"DENINA 2","LATITUDINE_SEZIONE":"44.65764","LONGITUDINE_SEZIONE":"7.39503","POS_X_SEZIONE":"372752.62699","POS_Y_SEZIONE":"4946172.84199","LATITUDINE_CENTRALE":"44.65483","LONGITUDINE_CENTRALE":"7.38886","POS_X_CENTRALE":"372256.92000","POS_Y_CENTRALE":"4945869.84000","TIPO_ADSL":"ADSL_1","DESCRIZIONE_TIPO_ADSL":"ADSL (8 mega)","DISTANZA_CALCOLATA":"580.98","CLASSE_DISTANZA":"500-899","POTENZA_SEGNALE":"7000","POPOLAZIONE_SEZIONE": "289"}
			},
		 		{ "type" : "Feature",
				"geometry" : {
					"type" : "Point",
					"coordinates" : [7.41036,44.63820]},
			"properties" : { "ANNO":"2010","ID_SEZIONE":"11247","ISTAT_COMUNE_SEZ":"4180","COMUNE_SEZ":"REVELLO","PROVINCIA":"CN","ID_CENTRALE":"1088","NOME_CENTRALE":"REVELLO","ISTAT_COMUNE_CENTR":"4180","COMUNE_CENTR":"REVELLO","PROVINCIA_CENTR":"CN","INDIRIZZO_CENTRALE":"DENINA 2","LATITUDINE_SEZIONE":"44.63820","LONGITUDINE_SEZIONE":"7.41036","POS_X_SEZIONE":"373925.58520","POS_Y_SEZIONE":"4943989.33453","LATITUDINE_CENTRALE":"44.65483","LONGITUDINE_CENTRALE":"7.38886","POS_X_CENTRALE":"372256.92000","POS_Y_CENTRALE":"4945869.84000","TIPO_ADSL":"ADSL_1","DESCRIZIONE_TIPO_ADSL":"ADSL (8 mega)","DISTANZA_CALCOLATA":"2514.11","CLASSE_DISTANZA":"2500-2899","POTENZA_SEGNALE":"5749.63","POPOLAZIONE_SEZIONE": "36"}
			},
		 		{ "type" : "Feature",
				"geometry" : {
					"type" : "Point",
					"coordinates" : [7.38497,44.63924]},
			"properties" : { "ANNO":"2010","ID_SEZIONE":"11462","ISTAT_COMUNE_SEZ":"4180","COMUNE_SEZ":"REVELLO","PROVINCIA":"CN","ID_CENTRALE":"1088","NOME_CENTRALE":"REVELLO","ISTAT_COMUNE_CENTR":"4180","COMUNE_CENTR":"REVELLO","PROVINCIA_CENTR":"CN","INDIRIZZO_CENTRALE":"DENINA 2","LATITUDINE_SEZIONE":"44.63924","LONGITUDINE_SEZIONE":"7.38497","POS_X_SEZIONE":"371914.30942","POS_Y_SEZIONE":"4944144.82893","LATITUDINE_CENTRALE":"44.65483","LONGITUDINE_CENTRALE":"7.38886","POS_X_CENTRALE":"372256.92000","POS_Y_CENTRALE":"4945869.84000","TIPO_ADSL":"ADSL_1","DESCRIZIONE_TIPO_ADSL":"ADSL (8 mega)","DISTANZA_CALCOLATA":"1758.71","CLASSE_DISTANZA":"1700-2099","POTENZA_SEGNALE":"6874.88","POPOLAZIONE_SEZIONE": "33"}
			},
		 		{ "type" : "Feature",
				"geometry" : {
					"type" : "Point",
					"coordinates" : [7.44178,44.69728]},
			"properties" : { "ANNO":"2010","ID_SEZIONE":"12411","ISTAT_COMUNE_SEZ":"4180","COMUNE_SEZ":"REVELLO","PROVINCIA":"CN","ID_CENTRALE":"1088","NOME_CENTRALE":"REVELLO","ISTAT_COMUNE_CENTR":"4180","COMUNE_CENTR":"REVELLO","PROVINCIA_CENTR":"CN","INDIRIZZO_CENTRALE":"DENINA 2","LATITUDINE_SEZIONE":"44.69728","LONGITUDINE_SEZIONE":"7.44178","POS_X_SEZIONE":"376543.14732","POS_Y_SEZIONE":"4950503.38561","LATITUDINE_CENTRALE":"44.65483","LONGITUDINE_CENTRALE":"7.38886","POS_X_CENTRALE":"372256.92000","POS_Y_CENTRALE":"4945869.84000","TIPO_ADSL":"ADSL_1","DESCRIZIONE_TIPO_ADSL":"ADSL (8 mega)","DISTANZA_CALCOLATA":"6312.01","CLASSE_DISTANZA":"6100 e oltre","POTENZA_SEGNALE":"0.00","POPOLAZIONE_SEZIONE": "24"}
			},
		 		{ "type" : "Feature",
				"geometry" : {
					"type" : "Point",
					"coordinates" : [7.38744,44.65458]},
			"properties" : { "ANNO":"2010","ID_SEZIONE":"12418","ISTAT_COMUNE_SEZ":"4180","COMUNE_SEZ":"REVELLO","PROVINCIA":"CN","ID_CENTRALE":"1088","NOME_CENTRALE":"REVELLO","ISTAT_COMUNE_CENTR":"4180","COMUNE_CENTR":"REVELLO","PROVINCIA_CENTR":"CN","INDIRIZZO_CENTRALE":"DENINA 2","LATITUDINE_SEZIONE":"44.65458","LONGITUDINE_SEZIONE":"7.38744","POS_X_SEZIONE":"372143.64651","POS_Y_SEZIONE":"4945844.83891","LATITUDINE_CENTRALE":"44.65483","LONGITUDINE_CENTRALE":"7.38886","POS_X_CENTRALE":"372256.92000","POS_Y_CENTRALE":"4945869.84000","TIPO_ADSL":"ADSL_1","DESCRIZIONE_TIPO_ADSL":"ADSL (8 mega)","DISTANZA_CALCOLATA":"116.00","CLASSE_DISTANZA":"100-499","POTENZA_SEGNALE":"7000","POPOLAZIONE_SEZIONE": "588"}
			},
		 		{ "type" : "Feature",
				"geometry" : {
					"type" : "Point",
					"coordinates" : [7.41041,44.67511]},
			"properties" : { "ANNO":"2010","ID_SEZIONE":"12887","ISTAT_COMUNE_SEZ":"4180","COMUNE_SEZ":"REVELLO","PROVINCIA":"CN","ID_CENTRALE":"1088","NOME_CENTRALE":"REVELLO","ISTAT_COMUNE_CENTR":"4180","COMUNE_CENTR":"REVELLO","PROVINCIA_CENTR":"CN","INDIRIZZO_CENTRALE":"DENINA 2","LATITUDINE_SEZIONE":"44.67511","LONGITUDINE_SEZIONE":"7.41041","POS_X_SEZIONE":"374009.84351","POS_Y_SEZIONE":"4948088.85863","LATITUDINE_CENTRALE":"44.65483","LONGITUDINE_CENTRALE":"7.38886","POS_X_CENTRALE":"372256.92000","POS_Y_CENTRALE":"4945869.84000","TIPO_ADSL":"ADSL_1","DESCRIZIONE_TIPO_ADSL":"ADSL (8 mega)","DISTANZA_CALCOLATA":"2827.86","CLASSE_DISTANZA":"2500-2899","POTENZA_SEGNALE":"5749.63","POPOLAZIONE_SEZIONE": "66"}
			},
		 		{ "type" : "Feature",
				"geometry" : {
					"type" : "Point",
					"coordinates" : [7.38199,44.65778]},
			"properties" : { "ANNO":"2010","ID_SEZIONE":"12889","ISTAT_COMUNE_SEZ":"4180","COMUNE_SEZ":"REVELLO","PROVINCIA":"CN","ID_CENTRALE":"1088","NOME_CENTRALE":"REVELLO","ISTAT_COMUNE_CENTR":"4180","COMUNE_CENTR":"REVELLO","PROVINCIA_CENTR":"CN","INDIRIZZO_CENTRALE":"DENINA 2","LATITUDINE_SEZIONE":"44.65778","LONGITUDINE_SEZIONE":"7.38199","POS_X_SEZIONE":"371719.05413","POS_Y_SEZIONE":"4946208.83968","LATITUDINE_CENTRALE":"44.65483","LONGITUDINE_CENTRALE":"7.38886","POS_X_CENTRALE":"372256.92000","POS_Y_CENTRALE":"4945869.84000","TIPO_ADSL":"ADSL_1","DESCRIZIONE_TIPO_ADSL":"ADSL (8 mega)","DISTANZA_CALCOLATA":"635.78","CLASSE_DISTANZA":"500-899","POTENZA_SEGNALE":"7000","POPOLAZIONE_SEZIONE": "177"}
			},
		 		{ "type" : "Feature",
				"geometry" : {
					"type" : "Point",
					"coordinates" : [7.42794,44.68002]},
			"properties" : { "ANNO":"2010","ID_SEZIONE":"13345","ISTAT_COMUNE_SEZ":"4180","COMUNE_SEZ":"REVELLO","PROVINCIA":"CN","ID_CENTRALE":"1088","NOME_CENTRALE":"REVELLO","ISTAT_COMUNE_CENTR":"4180","COMUNE_CENTR":"REVELLO","PROVINCIA_CENTR":"CN","INDIRIZZO_CENTRALE":"DENINA 2","LATITUDINE_SEZIONE":"44.68002","LONGITUDINE_SEZIONE":"7.42794","POS_X_SEZIONE":"375409.61567","POS_Y_SEZIONE":"4948607.36615","LATITUDINE_CENTRALE":"44.65483","LONGITUDINE_CENTRALE":"7.38886","POS_X_CENTRALE":"372256.92000","POS_Y_CENTRALE":"4945869.84000","TIPO_ADSL":"ADSL_1","DESCRIZIONE_TIPO_ADSL":"ADSL (8 mega)","DISTANZA_CALCOLATA":"4175.35","CLASSE_DISTANZA":"4100-4499","POTENZA_SEGNALE":"2125.38","POPOLAZIONE_SEZIONE": "55"}
			},
		 		{ "type" : "Feature",
				"geometry" : {
					"type" : "Point",
					"coordinates" : [7.41841,44.68298]},
			"properties" : { "ANNO":"2010","ID_SEZIONE":"13554","ISTAT_COMUNE_SEZ":"4180","COMUNE_SEZ":"REVELLO","PROVINCIA":"CN","ID_CENTRALE":"1088","NOME_CENTRALE":"REVELLO","ISTAT_COMUNE_CENTR":"4180","COMUNE_CENTR":"REVELLO","PROVINCIA_CENTR":"CN","INDIRIZZO_CENTRALE":"DENINA 2","LATITUDINE_SEZIONE":"44.68298","LONGITUDINE_SEZIONE":"7.41841","POS_X_SEZIONE":"374660.68818","POS_Y_SEZIONE":"4948951.36768","LATITUDINE_CENTRALE":"44.65483","LONGITUDINE_CENTRALE":"7.38886","POS_X_CENTRALE":"372256.92000","POS_Y_CENTRALE":"4945869.84000","TIPO_ADSL":"ADSL_1","DESCRIZIONE_TIPO_ADSL":"ADSL (8 mega)","DISTANZA_CALCOLATA":"3908.19","CLASSE_DISTANZA":"3700-4099","POTENZA_SEGNALE":"3000.38","POPOLAZIONE_SEZIONE": "34"}
			},
		 		{ "type" : "Feature",
				"geometry" : {
					"type" : "Point",
					"coordinates" : [7.42396,44.69286]},
			"properties" : { "ANNO":"2010","ID_SEZIONE":"13902","ISTAT_COMUNE_SEZ":"4180","COMUNE_SEZ":"REVELLO","PROVINCIA":"CN","ID_CENTRALE":"1088","NOME_CENTRALE":"REVELLO","ISTAT_COMUNE_CENTR":"4180","COMUNE_CENTR":"REVELLO","PROVINCIA_CENTR":"CN","INDIRIZZO_CENTRALE":"DENINA 2","LATITUDINE_SEZIONE":"44.69286","LONGITUDINE_SEZIONE":"7.42396","POS_X_SEZIONE":"375121.93925","POS_Y_SEZIONE":"4950039.87866","LATITUDINE_CENTRALE":"44.65483","LONGITUDINE_CENTRALE":"7.38886","POS_X_CENTRALE":"372256.92000","POS_Y_CENTRALE":"4945869.84000","TIPO_ADSL":"ADSL_1","DESCRIZIONE_TIPO_ADSL":"ADSL (8 mega)","DISTANZA_CALCOLATA":"5059.4","CLASSE_DISTANZA":"4900-5299","POTENZA_SEGNALE":"125.13","POPOLAZIONE_SEZIONE": "44"}
			},
		 		{ "type" : "Feature",
				"geometry" : {
					"type" : "Point",
					"coordinates" : [7.39326,44.65477]},
			"properties" : { "ANNO":"2010","ID_SEZIONE":"16071","ISTAT_COMUNE_SEZ":"4180","COMUNE_SEZ":"REVELLO","PROVINCIA":"CN","ID_CENTRALE":"1088","NOME_CENTRALE":"REVELLO","ISTAT_COMUNE_CENTR":"4180","COMUNE_CENTR":"REVELLO","PROVINCIA_CENTR":"CN","INDIRIZZO_CENTRALE":"DENINA 2","LATITUDINE_SEZIONE":"44.65477","LONGITUDINE_SEZIONE":"7.39326","POS_X_SEZIONE":"372606.26155","POS_Y_SEZIONE":"4945856.33997","LATITUDINE_CENTRALE":"44.65483","LONGITUDINE_CENTRALE":"7.38886","POS_X_CENTRALE":"372256.92000","POS_Y_CENTRALE":"4945869.84000","TIPO_ADSL":"ADSL_1","DESCRIZIONE_TIPO_ADSL":"ADSL (8 mega)","DISTANZA_CALCOLATA":"349.60","CLASSE_DISTANZA":"100-499","POTENZA_SEGNALE":"7000","POPOLAZIONE_SEZIONE": "116"}
			},
		 		{ "type" : "Feature",
				"geometry" : {
					"type" : "Point",
					"coordinates" : [7.43151,44.66520]},
			"properties" : { "ANNO":"2010","ID_SEZIONE":"16418","ISTAT_COMUNE_SEZ":"4180","COMUNE_SEZ":"REVELLO","PROVINCIA":"CN","ID_CENTRALE":"1088","NOME_CENTRALE":"REVELLO","ISTAT_COMUNE_CENTR":"4180","COMUNE_CENTR":"REVELLO","PROVINCIA_CENTR":"CN","INDIRIZZO_CENTRALE":"DENINA 2","LATITUDINE_SEZIONE":"44.66520","LONGITUDINE_SEZIONE":"7.43151","POS_X_SEZIONE":"375660.95493","POS_Y_SEZIONE":"4946955.85280","LATITUDINE_CENTRALE":"44.65483","LONGITUDINE_CENTRALE":"7.38886","POS_X_CENTRALE":"372256.92000","POS_Y_CENTRALE":"4945869.84000","TIPO_ADSL":"ADSL_1","DESCRIZIONE_TIPO_ADSL":"ADSL (8 mega)","DISTANZA_CALCOLATA":"3573.08","CLASSE_DISTANZA":"3300-3699","POTENZA_SEGNALE":"3999.63","POPOLAZIONE_SEZIONE": "20"}
			},
		 		{ "type" : "Feature",
				"geometry" : {
					"type" : "Point",
					"coordinates" : [7.38225,44.63669]},
			"properties" : { "ANNO":"2010","ID_SEZIONE":"16599","ISTAT_COMUNE_SEZ":"4180","COMUNE_SEZ":"REVELLO","PROVINCIA":"CN","ID_CENTRALE":"1088","NOME_CENTRALE":"REVELLO","ISTAT_COMUNE_CENTR":"4180","COMUNE_CENTR":"REVELLO","PROVINCIA_CENTR":"CN","INDIRIZZO_CENTRALE":"DENINA 2","LATITUDINE_SEZIONE":"44.63669","LONGITUDINE_SEZIONE":"7.38225","POS_X_SEZIONE":"371693.10085","POS_Y_SEZIONE":"4943864.82688","LATITUDINE_CENTRALE":"44.65483","LONGITUDINE_CENTRALE":"7.38886","POS_X_CENTRALE":"372256.92000","POS_Y_CENTRALE":"4945869.84000","TIPO_ADSL":"ADSL_1","DESCRIZIONE_TIPO_ADSL":"ADSL (8 mega)","DISTANZA_CALCOLATA":"2082.78","CLASSE_DISTANZA":"1700-2099","POTENZA_SEGNALE":"6874.88","POPOLAZIONE_SEZIONE": "25"}
			},
		 		{ "type" : "Feature",
				"geometry" : {
					"type" : "Point",
					"coordinates" : [7.44022,44.71284]},
			"properties" : { "ANNO":"2010","ID_SEZIONE":"16783","ISTAT_COMUNE_SEZ":"4180","COMUNE_SEZ":"REVELLO","PROVINCIA":"CN","ID_CENTRALE":"1088","NOME_CENTRALE":"REVELLO","ISTAT_COMUNE_CENTR":"4180","COMUNE_CENTR":"REVELLO","PROVINCIA_CENTR":"CN","INDIRIZZO_CENTRALE":"DENINA 2","LATITUDINE_SEZIONE":"44.71284","LONGITUDINE_SEZIONE":"7.44022","POS_X_SEZIONE":"376453.08344","POS_Y_SEZIONE":"4952234.90151","LATITUDINE_CENTRALE":"44.65483","LONGITUDINE_CENTRALE":"7.38886","POS_X_CENTRALE":"372256.92000","POS_Y_CENTRALE":"4945869.84000","TIPO_ADSL":"ADSL_1","DESCRIZIONE_TIPO_ADSL":"ADSL (8 mega)","DISTANZA_CALCOLATA":"7623.77","CLASSE_DISTANZA":"6100 e oltre","POTENZA_SEGNALE":"0.00","POPOLAZIONE_SEZIONE": "8"}
			},
		 		{ "type" : "Feature",
				"geometry" : {
					"type" : "Point",
					"coordinates" : [7.39573,44.62048]},
			"properties" : { "ANNO":"2010","ID_SEZIONE":"17464","ISTAT_COMUNE_SEZ":"4180","COMUNE_SEZ":"REVELLO","PROVINCIA":"CN","ID_CENTRALE":"1088","NOME_CENTRALE":"REVELLO","ISTAT_COMUNE_CENTR":"4180","COMUNE_CENTR":"REVELLO","PROVINCIA_CENTR":"CN","INDIRIZZO_CENTRALE":"DENINA 2","LATITUDINE_SEZIONE":"44.62048","LONGITUDINE_SEZIONE":"7.39573","POS_X_SEZIONE":"372726.39826","POS_Y_SEZIONE":"4942043.82054","LATITUDINE_CENTRALE":"44.65483","LONGITUDINE_CENTRALE":"7.38886","POS_X_CENTRALE":"372256.92000","POS_Y_CENTRALE":"4945869.84000","TIPO_ADSL":"ADSL_1","DESCRIZIONE_TIPO_ADSL":"ADSL (8 mega)","DISTANZA_CALCOLATA":"3854.72","CLASSE_DISTANZA":"3700-4099","POTENZA_SEGNALE":"3000.38","POPOLAZIONE_SEZIONE": "10"}
			},
		 		{ "type" : "Feature",
				"geometry" : {
					"type" : "Point",
					"coordinates" : [7.39724,44.66255]},
			"properties" : { "ANNO":"2010","ID_SEZIONE":"18507","ISTAT_COMUNE_SEZ":"4180","COMUNE_SEZ":"REVELLO","PROVINCIA":"CN","ID_CENTRALE":"1088","NOME_CENTRALE":"REVELLO","ISTAT_COMUNE_CENTR":"4180","COMUNE_CENTR":"REVELLO","PROVINCIA_CENTR":"CN","INDIRIZZO_CENTRALE":"DENINA 2","LATITUDINE_SEZIONE":"44.66255","LONGITUDINE_SEZIONE":"7.39724","POS_X_SEZIONE":"372938.61202","POS_Y_SEZIONE":"4946714.84519","LATITUDINE_CENTRALE":"44.65483","LONGITUDINE_CENTRALE":"7.38886","POS_X_CENTRALE":"372256.92000","POS_Y_CENTRALE":"4945869.84000","TIPO_ADSL":"ADSL_1","DESCRIZIONE_TIPO_ADSL":"ADSL (8 mega)","DISTANZA_CALCOLATA":"1085.7","CLASSE_DISTANZA":"900-1299","POTENZA_SEGNALE":"7000","POPOLAZIONE_SEZIONE": "52"}
			},
		 		{ "type" : "Feature",
				"geometry" : {
					"type" : "Point",
					"coordinates" : [7.38483,44.64911]},
			"properties" : { "ANNO":"2010","ID_SEZIONE":"18895","ISTAT_COMUNE_SEZ":"4180","COMUNE_SEZ":"REVELLO","PROVINCIA":"CN","ID_CENTRALE":"1088","NOME_CENTRALE":"REVELLO","ISTAT_COMUNE_CENTR":"4180","COMUNE_CENTR":"REVELLO","PROVINCIA_CENTR":"CN","INDIRIZZO_CENTRALE":"DENINA 2","LATITUDINE_SEZIONE":"44.64911","LONGITUDINE_SEZIONE":"7.38483","POS_X_SEZIONE":"371924.88171","POS_Y_SEZIONE":"4945240.83507","LATITUDINE_CENTRALE":"44.65483","LONGITUDINE_CENTRALE":"7.38886","POS_X_CENTRALE":"372256.92000","POS_Y_CENTRALE":"4945869.84000","TIPO_ADSL":"ADSL_1","DESCRIZIONE_TIPO_ADSL":"ADSL (8 mega)","DISTANZA_CALCOLATA":"711.26","CLASSE_DISTANZA":"500-899","POTENZA_SEGNALE":"7000","POPOLAZIONE_SEZIONE": "99"}
			},
		 		{ "type" : "Feature",
				"geometry" : {
					"type" : "Point",
					"coordinates" : [7.38732,44.67202]},
			"properties" : { "ANNO":"2010","ID_SEZIONE":"19471","ISTAT_COMUNE_SEZ":"4180","COMUNE_SEZ":"REVELLO","PROVINCIA":"CN","ID_CENTRALE":"1088","NOME_CENTRALE":"REVELLO","ISTAT_COMUNE_CENTR":"4180","COMUNE_CENTR":"REVELLO","PROVINCIA_CENTR":"CN","INDIRIZZO_CENTRALE":"DENINA 2","LATITUDINE_SEZIONE":"44.67202","LONGITUDINE_SEZIONE":"7.38732","POS_X_SEZIONE":"372172.92165","POS_Y_SEZIONE":"4947782.35136","LATITUDINE_CENTRALE":"44.65483","LONGITUDINE_CENTRALE":"7.38886","POS_X_CENTRALE":"372256.92000","POS_Y_CENTRALE":"4945869.84000","TIPO_ADSL":"ADSL_1","DESCRIZIONE_TIPO_ADSL":"ADSL (8 mega)","DISTANZA_CALCOLATA":"1914.36","CLASSE_DISTANZA":"1700-2099","POTENZA_SEGNALE":"6874.88","POPOLAZIONE_SEZIONE": "94"}
			},
		 		{ "type" : "Feature",
				"geometry" : {
					"type" : "Point",
					"coordinates" : [7.41191,44.65551]},
			"properties" : { "ANNO":"2010","ID_SEZIONE":"20644","ISTAT_COMUNE_SEZ":"4180","COMUNE_SEZ":"REVELLO","PROVINCIA":"CN","ID_CENTRALE":"1088","NOME_CENTRALE":"REVELLO","ISTAT_COMUNE_CENTR":"4180","COMUNE_CENTR":"REVELLO","PROVINCIA_CENTR":"CN","INDIRIZZO_CENTRALE":"DENINA 2","LATITUDINE_SEZIONE":"44.65551","LONGITUDINE_SEZIONE":"7.41191","POS_X_SEZIONE":"374086.38495","POS_Y_SEZIONE":"4945909.84397","LATITUDINE_CENTRALE":"44.65483","LONGITUDINE_CENTRALE":"7.38886","POS_X_CENTRALE":"372256.92000","POS_Y_CENTRALE":"4945869.84000","TIPO_ADSL":"ADSL_1","DESCRIZIONE_TIPO_ADSL":"ADSL (8 mega)","DISTANZA_CALCOLATA":"1829.9","CLASSE_DISTANZA":"1700-2099","POTENZA_SEGNALE":"6874.88","POPOLAZIONE_SEZIONE": "83"}
			},
		 		{ "type" : "Feature",
				"geometry" : {
					"type" : "Point",
					"coordinates" : [7.42706,44.63785]},
			"properties" : { "ANNO":"2010","ID_SEZIONE":"21089","ISTAT_COMUNE_SEZ":"4180","COMUNE_SEZ":"REVELLO","PROVINCIA":"CN","ID_CENTRALE":"1088","NOME_CENTRALE":"REVELLO","ISTAT_COMUNE_CENTR":"4180","COMUNE_CENTR":"REVELLO","PROVINCIA_CENTR":"CN","INDIRIZZO_CENTRALE":"DENINA 2","LATITUDINE_SEZIONE":"44.63785","LONGITUDINE_SEZIONE":"7.42706","POS_X_SEZIONE":"375249.84043","POS_Y_SEZIONE":"4943924.33818","LATITUDINE_CENTRALE":"44.65483","LONGITUDINE_CENTRALE":"7.38886","POS_X_CENTRALE":"372256.92000","POS_Y_CENTRALE":"4945869.84000","TIPO_ADSL":"ADSL_1","DESCRIZIONE_TIPO_ADSL":"ADSL (8 mega)","DISTANZA_CALCOLATA":"3569.67","CLASSE_DISTANZA":"3300-3699","POTENZA_SEGNALE":"3999.63","POPOLAZIONE_SEZIONE": "72"}
			},
		 		{ "type" : "Feature",
				"geometry" : {
					"type" : "Point",
					"coordinates" : [7.42327,44.66209]},
			"properties" : { "ANNO":"2010","ID_SEZIONE":"21727","ISTAT_COMUNE_SEZ":"4180","COMUNE_SEZ":"REVELLO","PROVINCIA":"CN","ID_CENTRALE":"1088","NOME_CENTRALE":"REVELLO","ISTAT_COMUNE_CENTR":"4180","COMUNE_CENTR":"REVELLO","PROVINCIA_CENTR":"CN","INDIRIZZO_CENTRALE":"DENINA 2","LATITUDINE_SEZIONE":"44.66209","LONGITUDINE_SEZIONE":"7.42327","POS_X_SEZIONE":"375001.41394","POS_Y_SEZIONE":"4946623.34976","LATITUDINE_CENTRALE":"44.65483","LONGITUDINE_CENTRALE":"7.38886","POS_X_CENTRALE":"372256.92000","POS_Y_CENTRALE":"4945869.84000","TIPO_ADSL":"ADSL_1","DESCRIZIONE_TIPO_ADSL":"ADSL (8 mega)","DISTANZA_CALCOLATA":"2846.05","CLASSE_DISTANZA":"2500-2899","POTENZA_SEGNALE":"5749.63","POPOLAZIONE_SEZIONE": "28"}
			},
		 		{ "type" : "Feature",
				"geometry" : {
					"type" : "Point",
					"coordinates" : [7.39320,44.63581]},
			"properties" : { "ANNO":"2010","ID_SEZIONE":"22919","ISTAT_COMUNE_SEZ":"4180","COMUNE_SEZ":"REVELLO","PROVINCIA":"CN","ID_CENTRALE":"1088","NOME_CENTRALE":"REVELLO","ISTAT_COMUNE_CENTR":"4180","COMUNE_CENTR":"REVELLO","PROVINCIA_CENTR":"CN","INDIRIZZO_CENTRALE":"DENINA 2","LATITUDINE_SEZIONE":"44.63581","LONGITUDINE_SEZIONE":"7.39320","POS_X_SEZIONE":"372559.39870","POS_Y_SEZIONE":"4943750.82906","LATITUDINE_CENTRALE":"44.65483","LONGITUDINE_CENTRALE":"7.38886","POS_X_CENTRALE":"372256.92000","POS_Y_CENTRALE":"4945869.84000","TIPO_ADSL":"ADSL_1","DESCRIZIONE_TIPO_ADSL":"ADSL (8 mega)","DISTANZA_CALCOLATA":"2140.49","CLASSE_DISTANZA":"2100-2499","POTENZA_SEGNALE":"6500.38","POPOLAZIONE_SEZIONE": "50"}
			},
		 		{ "type" : "Feature",
				"geometry" : {
					"type" : "Point",
					"coordinates" : [7.43979,44.65727]},
			"properties" : { "ANNO":"2010","ID_SEZIONE":"24611","ISTAT_COMUNE_SEZ":"4180","COMUNE_SEZ":"REVELLO","PROVINCIA":"CN","ID_CENTRALE":"1088","NOME_CENTRALE":"REVELLO","ISTAT_COMUNE_CENTR":"4180","COMUNE_CENTR":"REVELLO","PROVINCIA_CENTR":"CN","INDIRIZZO_CENTRALE":"DENINA 2","LATITUDINE_SEZIONE":"44.65727","LONGITUDINE_SEZIONE":"7.43979","POS_X_SEZIONE":"376300.49208","POS_Y_SEZIONE":"4946062.35034","LATITUDINE_CENTRALE":"44.65483","LONGITUDINE_CENTRALE":"7.38886","POS_X_CENTRALE":"372256.92000","POS_Y_CENTRALE":"4945869.84000","TIPO_ADSL":"ADSL_1","DESCRIZIONE_TIPO_ADSL":"ADSL (8 mega)","DISTANZA_CALCOLATA":"4048.15","CLASSE_DISTANZA":"3700-4099","POTENZA_SEGNALE":"3000.38","POPOLAZIONE_SEZIONE": "45"}
			},
		 		{ "type" : "Feature",
				"geometry" : {
					"type" : "Point",
					"coordinates" : [7.41085,44.62565]},
			"properties" : { "ANNO":"2010","ID_SEZIONE":"24800","ISTAT_COMUNE_SEZ":"4180","COMUNE_SEZ":"REVELLO","PROVINCIA":"CN","ID_CENTRALE":"1088","NOME_CENTRALE":"REVELLO","ISTAT_COMUNE_CENTR":"4180","COMUNE_CENTR":"REVELLO","PROVINCIA_CENTR":"CN","INDIRIZZO_CENTRALE":"DENINA 2","LATITUDINE_SEZIONE":"44.62565","LONGITUDINE_SEZIONE":"7.41085","POS_X_SEZIONE":"373937.33151","POS_Y_SEZIONE":"4942594.82777","LATITUDINE_CENTRALE":"44.65483","LONGITUDINE_CENTRALE":"7.38886","POS_X_CENTRALE":"372256.92000","POS_Y_CENTRALE":"4945869.84000","TIPO_ADSL":"ADSL_1","DESCRIZIONE_TIPO_ADSL":"ADSL (8 mega)","DISTANZA_CALCOLATA":"3680.96","CLASSE_DISTANZA":"3300-3699","POTENZA_SEGNALE":"3999.63","POPOLAZIONE_SEZIONE": "31"}
			},
		 		{ "type" : "Feature",
				"geometry" : {
					"type" : "Point",
					"coordinates" : [7.41322,44.64779]},
			"properties" : { "ANNO":"2010","ID_SEZIONE":"25058","ISTAT_COMUNE_SEZ":"4180","COMUNE_SEZ":"REVELLO","PROVINCIA":"CN","ID_CENTRALE":"1088","NOME_CENTRALE":"REVELLO","ISTAT_COMUNE_CENTR":"4180","COMUNE_CENTR":"REVELLO","PROVINCIA_CENTR":"CN","INDIRIZZO_CENTRALE":"DENINA 2","LATITUDINE_SEZIONE":"44.64779","LONGITUDINE_SEZIONE":"7.41322","POS_X_SEZIONE":"374173.62002","POS_Y_SEZIONE":"4945049.84013","LATITUDINE_CENTRALE":"44.65483","LONGITUDINE_CENTRALE":"7.38886","POS_X_CENTRALE":"372256.92000","POS_Y_CENTRALE":"4945869.84000","TIPO_ADSL":"ADSL_1","DESCRIZIONE_TIPO_ADSL":"ADSL (8 mega)","DISTANZA_CALCOLATA":"2084.74","CLASSE_DISTANZA":"1700-2099","POTENZA_SEGNALE":"6874.88","POPOLAZIONE_SEZIONE": "20"}
			},
		 		{ "type" : "Feature",
				"geometry" : {
					"type" : "Point",
					"coordinates" : [7.44066,44.66043]},
			"properties" : { "ANNO":"2010","ID_SEZIONE":"25252","ISTAT_COMUNE_SEZ":"4180","COMUNE_SEZ":"REVELLO","PROVINCIA":"CN","ID_CENTRALE":"1088","NOME_CENTRALE":"REVELLO","ISTAT_COMUNE_CENTR":"4180","COMUNE_CENTR":"REVELLO","PROVINCIA_CENTR":"CN","INDIRIZZO_CENTRALE":"DENINA 2","LATITUDINE_SEZIONE":"44.66043","LONGITUDINE_SEZIONE":"7.44066","POS_X_SEZIONE":"376376.54508","POS_Y_SEZIONE":"4946412.35200","LATITUDINE_CENTRALE":"44.65483","LONGITUDINE_CENTRALE":"7.38886","POS_X_CENTRALE":"372256.92000","POS_Y_CENTRALE":"4945869.84000","TIPO_ADSL":"ADSL_1","DESCRIZIONE_TIPO_ADSL":"ADSL (8 mega)","DISTANZA_CALCOLATA":"4155.19","CLASSE_DISTANZA":"4100-4499","POTENZA_SEGNALE":"2125.38","POPOLAZIONE_SEZIONE": "26"}
			},
		 		{ "type" : "Feature",
				"geometry" : {
					"type" : "Point",
					"coordinates" : [7.37665,44.63984]},
			"properties" : { "ANNO":"2010","ID_SEZIONE":"26289","ISTAT_COMUNE_SEZ":"4180","COMUNE_SEZ":"REVELLO","PROVINCIA":"CN","ID_CENTRALE":"1088","NOME_CENTRALE":"REVELLO","ISTAT_COMUNE_CENTR":"4180","COMUNE_CENTR":"REVELLO","PROVINCIA_CENTR":"CN","INDIRIZZO_CENTRALE":"DENINA 2","LATITUDINE_SEZIONE":"44.63984","LONGITUDINE_SEZIONE":"7.37665","POS_X_SEZIONE":"371256.16568","POS_Y_SEZIONE":"4944223.82746","LATITUDINE_CENTRALE":"44.65483","LONGITUDINE_CENTRALE":"7.38886","POS_X_CENTRALE":"372256.92000","POS_Y_CENTRALE":"4945869.84000","TIPO_ADSL":"ADSL_1","DESCRIZIONE_TIPO_ADSL":"ADSL (8 mega)","DISTANZA_CALCOLATA":"1926.36","CLASSE_DISTANZA":"1700-2099","POTENZA_SEGNALE":"6874.88","POPOLAZIONE_SEZIONE": "67"}
			},
		 		{ "type" : "Feature",
				"geometry" : {
					"type" : "Point",
					"coordinates" : [7.36464,44.64188]},
			"properties" : { "ANNO":"2010","ID_SEZIONE":"26945","ISTAT_COMUNE_SEZ":"4180","COMUNE_SEZ":"REVELLO","PROVINCIA":"CN","ID_CENTRALE":"1088","NOME_CENTRALE":"REVELLO","ISTAT_COMUNE_CENTR":"4180","COMUNE_CENTR":"REVELLO","PROVINCIA_CENTR":"CN","INDIRIZZO_CENTRALE":"DENINA 2","LATITUDINE_SEZIONE":"44.64188","LONGITUDINE_SEZIONE":"7.36464","POS_X_SEZIONE":"370308.27397","POS_Y_SEZIONE":"4944469.82554","LATITUDINE_CENTRALE":"44.65483","LONGITUDINE_CENTRALE":"7.38886","POS_X_CENTRALE":"372256.92000","POS_Y_CENTRALE":"4945869.84000","TIPO_ADSL":"ADSL_1","DESCRIZIONE_TIPO_ADSL":"ADSL (8 mega)","DISTANZA_CALCOLATA":"2399.43","CLASSE_DISTANZA":"2100-2499","POTENZA_SEGNALE":"6500.38","POPOLAZIONE_SEZIONE": "20"}
			},
		 		{ "type" : "Feature",
				"geometry" : {
					"type" : "Point",
					"coordinates" : [7.41571,44.63481]},
			"properties" : { "ANNO":"2010","ID_SEZIONE":"28422","ISTAT_COMUNE_SEZ":"4180","COMUNE_SEZ":"REVELLO","PROVINCIA":"CN","ID_CENTRALE":"1088","NOME_CENTRALE":"REVELLO","ISTAT_COMUNE_CENTR":"4180","COMUNE_CENTR":"REVELLO","PROVINCIA_CENTR":"CN","INDIRIZZO_CENTRALE":"DENINA 2","LATITUDINE_SEZIONE":"44.63481","LONGITUDINE_SEZIONE":"7.41571","POS_X_SEZIONE":"374342.61535","POS_Y_SEZIONE":"4943604.33408","LATITUDINE_CENTRALE":"44.65483","LONGITUDINE_CENTRALE":"7.38886","POS_X_CENTRALE":"372256.92000","POS_Y_CENTRALE":"4945869.84000","TIPO_ADSL":"ADSL_1","DESCRIZIONE_TIPO_ADSL":"ADSL (8 mega)","DISTANZA_CALCOLATA":"3079.39","CLASSE_DISTANZA":"2900-3299","POTENZA_SEGNALE":"4999.75","POPOLAZIONE_SEZIONE": "20"}
			},
		 		{ "type" : "Feature",
				"geometry" : {
					"type" : "Point",
					"coordinates" : [7.43256,44.63675]},
			"properties" : { "ANNO":"2010","ID_SEZIONE":"28423","ISTAT_COMUNE_SEZ":"4180","COMUNE_SEZ":"REVELLO","PROVINCIA":"CN","ID_CENTRALE":"1088","NOME_CENTRALE":"REVELLO","ISTAT_COMUNE_CENTR":"4180","COMUNE_CENTR":"REVELLO","PROVINCIA_CENTR":"CN","INDIRIZZO_CENTRALE":"DENINA 2","LATITUDINE_SEZIONE":"44.63675","LONGITUDINE_SEZIONE":"7.43256","POS_X_SEZIONE":"375683.42866","POS_Y_SEZIONE":"4943793.83910","LATITUDINE_CENTRALE":"44.65483","LONGITUDINE_CENTRALE":"7.38886","POS_X_CENTRALE":"372256.92000","POS_Y_CENTRALE":"4945869.84000","TIPO_ADSL":"ADSL_1","DESCRIZIONE_TIPO_ADSL":"ADSL (8 mega)","DISTANZA_CALCOLATA":"4006.34","CLASSE_DISTANZA":"3700-4099","POTENZA_SEGNALE":"3000.38","POPOLAZIONE_SEZIONE": "22"}
			},
		 		{ "type" : "Feature",
				"geometry" : {
					"type" : "Point",
					"coordinates" : [7.39815,44.65671]},
			"properties" : { "ANNO":"2010","ID_SEZIONE":"28721","ISTAT_COMUNE_SEZ":"4180","COMUNE_SEZ":"REVELLO","PROVINCIA":"CN","ID_CENTRALE":"1088","NOME_CENTRALE":"REVELLO","ISTAT_COMUNE_CENTR":"4180","COMUNE_CENTR":"REVELLO","PROVINCIA_CENTR":"CN","INDIRIZZO_CENTRALE":"DENINA 2","LATITUDINE_SEZIONE":"44.65671","LONGITUDINE_SEZIONE":"7.39815","POS_X_SEZIONE":"372997.65483","POS_Y_SEZIONE":"4946064.84224","LATITUDINE_CENTRALE":"44.65483","LONGITUDINE_CENTRALE":"7.38886","POS_X_CENTRALE":"372256.92000","POS_Y_CENTRALE":"4945869.84000","TIPO_ADSL":"ADSL_1","DESCRIZIONE_TIPO_ADSL":"ADSL (8 mega)","DISTANZA_CALCOLATA":"765.97","CLASSE_DISTANZA":"500-899","POTENZA_SEGNALE":"7000","POPOLAZIONE_SEZIONE": "260"}
			},
		 		{ "type" : "Feature",
				"geometry" : {
					"type" : "Point",
					"coordinates" : [7.39890,44.64186]},
			"properties" : { "ANNO":"2010","ID_SEZIONE":"29437","ISTAT_COMUNE_SEZ":"4180","COMUNE_SEZ":"REVELLO","PROVINCIA":"CN","ID_CENTRALE":"1088","NOME_CENTRALE":"REVELLO","ISTAT_COMUNE_CENTR":"4180","COMUNE_CENTR":"REVELLO","PROVINCIA_CENTR":"CN","INDIRIZZO_CENTRALE":"DENINA 2","LATITUDINE_SEZIONE":"44.64186","LONGITUDINE_SEZIONE":"7.39890","POS_X_SEZIONE":"373024.87582","POS_Y_SEZIONE":"4944413.33402","LATITUDINE_CENTRALE":"44.65483","LONGITUDINE_CENTRALE":"7.38886","POS_X_CENTRALE":"372256.92000","POS_Y_CENTRALE":"4945869.84000","TIPO_ADSL":"ADSL_1","DESCRIZIONE_TIPO_ADSL":"ADSL (8 mega)","DISTANZA_CALCOLATA":"1646.56","CLASSE_DISTANZA":"1300-1699","POTENZA_SEGNALE":"7000","POPOLAZIONE_SEZIONE": "164"}
			},
		 		{ "type" : "Feature",
				"geometry" : {
					"type" : "Point",
					"coordinates" : [7.39032,44.64171]},
			"properties" : { "ANNO":"2010","ID_SEZIONE":"30054","ISTAT_COMUNE_SEZ":"4180","COMUNE_SEZ":"REVELLO","PROVINCIA":"CN","ID_CENTRALE":"1088","NOME_CENTRALE":"REVELLO","ISTAT_COMUNE_CENTR":"4180","COMUNE_CENTR":"REVELLO","PROVINCIA_CENTR":"CN","INDIRIZZO_CENTRALE":"DENINA 2","LATITUDINE_SEZIONE":"44.64171","LONGITUDINE_SEZIONE":"7.39032","POS_X_SEZIONE":"372343.92043","POS_Y_SEZIONE":"4944409.83142","LATITUDINE_CENTRALE":"44.65483","LONGITUDINE_CENTRALE":"7.38886","POS_X_CENTRALE":"372256.92000","POS_Y_CENTRALE":"4945869.84000","TIPO_ADSL":"ADSL_1","DESCRIZIONE_TIPO_ADSL":"ADSL (8 mega)","DISTANZA_CALCOLATA":"1462.6","CLASSE_DISTANZA":"1300-1699","POTENZA_SEGNALE":"7000","POPOLAZIONE_SEZIONE": "26"}
			},
		 		{ "type" : "Feature",
				"geometry" : {
					"type" : "Point",
					"coordinates" : [7.43087,44.64838]},
			"properties" : { "ANNO":"2010","ID_SEZIONE":"30793","ISTAT_COMUNE_SEZ":"4180","COMUNE_SEZ":"REVELLO","PROVINCIA":"CN","ID_CENTRALE":"1088","NOME_CENTRALE":"REVELLO","ISTAT_COMUNE_CENTR":"4180","COMUNE_CENTR":"REVELLO","PROVINCIA_CENTR":"CN","INDIRIZZO_CENTRALE":"DENINA 2","LATITUDINE_SEZIONE":"44.64838","LONGITUDINE_SEZIONE":"7.43087","POS_X_SEZIONE":"375574.49605","POS_Y_SEZIONE":"4945088.84429","LATITUDINE_CENTRALE":"44.65483","LONGITUDINE_CENTRALE":"7.38886","POS_X_CENTRALE":"372256.92000","POS_Y_CENTRALE":"4945869.84000","TIPO_ADSL":"ADSL_1","DESCRIZIONE_TIPO_ADSL":"ADSL (8 mega)","DISTANZA_CALCOLATA":"3408.26","CLASSE_DISTANZA":"3300-3699","POTENZA_SEGNALE":"3999.63","POPOLAZIONE_SEZIONE": "21"}
			},
		 		{ "type" : "Feature",
				"geometry" : {
					"type" : "Point",
					"coordinates" : [7.42639,44.70267]},
			"properties" : { "ANNO":"2010","ID_SEZIONE":"31241","ISTAT_COMUNE_SEZ":"4180","COMUNE_SEZ":"REVELLO","PROVINCIA":"CN","ID_CENTRALE":"1088","NOME_CENTRALE":"REVELLO","ISTAT_COMUNE_CENTR":"4180","COMUNE_CENTR":"REVELLO","PROVINCIA_CENTR":"CN","INDIRIZZO_CENTRALE":"DENINA 2","LATITUDINE_SEZIONE":"44.70267","LONGITUDINE_SEZIONE":"7.42639","POS_X_SEZIONE":"375335.28811","POS_Y_SEZIONE":"4951126.38925","LATITUDINE_CENTRALE":"44.65483","LONGITUDINE_CENTRALE":"7.38886","POS_X_CENTRALE":"372256.92000","POS_Y_CENTRALE":"4945869.84000","TIPO_ADSL":"ADSL_1","DESCRIZIONE_TIPO_ADSL":"ADSL (8 mega)","DISTANZA_CALCOLATA":"6091.61","CLASSE_DISTANZA":"5700-6099","POTENZA_SEGNALE":"0.00","POPOLAZIONE_SEZIONE": "22"}
			},
		 		{ "type" : "Feature",
				"geometry" : {
					"type" : "Point",
					"coordinates" : [7.38719,44.65231]},
			"properties" : { "ANNO":"2010","ID_SEZIONE":"31496","ISTAT_COMUNE_SEZ":"4180","COMUNE_SEZ":"REVELLO","PROVINCIA":"CN","ID_CENTRALE":"1088","NOME_CENTRALE":"REVELLO","ISTAT_COMUNE_CENTR":"4180","COMUNE_CENTR":"REVELLO","PROVINCIA_CENTR":"CN","INDIRIZZO_CENTRALE":"DENINA 2","LATITUDINE_SEZIONE":"44.65231","LONGITUDINE_SEZIONE":"7.38719","POS_X_SEZIONE":"372119.43301","POS_Y_SEZIONE":"4945592.83763","LATITUDINE_CENTRALE":"44.65483","LONGITUDINE_CENTRALE":"7.38886","POS_X_CENTRALE":"372256.92000","POS_Y_CENTRALE":"4945869.84000","TIPO_ADSL":"ADSL_1","DESCRIZIONE_TIPO_ADSL":"ADSL (8 mega)","DISTANZA_CALCOLATA":"309.25","CLASSE_DISTANZA":"100-499","POTENZA_SEGNALE":"7000","POPOLAZIONE_SEZIONE": "136"}
			},
		 		{ "type" : "Feature",
				"geometry" : {
					"type" : "Point",
					"coordinates" : [7.41953,44.65947]},
			"properties" : { "ANNO":"2010","ID_SEZIONE":"31912","ISTAT_COMUNE_SEZ":"4180","COMUNE_SEZ":"REVELLO","PROVINCIA":"CN","ID_CENTRALE":"1088","NOME_CENTRALE":"REVELLO","ISTAT_COMUNE_CENTR":"4180","COMUNE_CENTR":"REVELLO","PROVINCIA_CENTR":"CN","INDIRIZZO_CENTRALE":"DENINA 2","LATITUDINE_SEZIONE":"44.65947","LONGITUDINE_SEZIONE":"7.41953","POS_X_SEZIONE":"374698.58232","POS_Y_SEZIONE":"4946337.34759","LATITUDINE_CENTRALE":"44.65483","LONGITUDINE_CENTRALE":"7.38886","POS_X_CENTRALE":"372256.92000","POS_Y_CENTRALE":"4945869.84000","TIPO_ADSL":"ADSL_1","DESCRIZIONE_TIPO_ADSL":"ADSL (8 mega)","DISTANZA_CALCOLATA":"2486.02","CLASSE_DISTANZA":"2100-2499","POTENZA_SEGNALE":"6500.38","POPOLAZIONE_SEZIONE": "115"}
			},
		 		{ "type" : "Feature",
				"geometry" : {
					"type" : "Point",
					"coordinates" : [7.41280,44.68096]},
			"properties" : { "ANNO":"2010","ID_SEZIONE":"32141","ISTAT_COMUNE_SEZ":"4180","COMUNE_SEZ":"REVELLO","PROVINCIA":"CN","ID_CENTRALE":"1088","NOME_CENTRALE":"REVELLO","ISTAT_COMUNE_CENTR":"4180","COMUNE_CENTR":"REVELLO","PROVINCIA_CENTR":"CN","INDIRIZZO_CENTRALE":"DENINA 2","LATITUDINE_SEZIONE":"44.68096","LONGITUDINE_SEZIONE":"7.41280","POS_X_SEZIONE":"374211.60939","POS_Y_SEZIONE":"4948734.86490","LATITUDINE_CENTRALE":"44.65483","LONGITUDINE_CENTRALE":"7.38886","POS_X_CENTRALE":"372256.92000","POS_Y_CENTRALE":"4945869.84000","TIPO_ADSL":"ADSL_1","DESCRIZIONE_TIPO_ADSL":"ADSL (8 mega)","DISTANZA_CALCOLATA":"3468.31","CLASSE_DISTANZA":"3300-3699","POTENZA_SEGNALE":"3999.63","POPOLAZIONE_SEZIONE": "20"}
			},
		 		{ "type" : "Feature",
				"geometry" : {
					"type" : "Point",
					"coordinates" : [7.41546,44.66815]},
			"properties" : { "ANNO":"2010","ID_SEZIONE":"32903","ISTAT_COMUNE_SEZ":"4180","COMUNE_SEZ":"REVELLO","PROVINCIA":"CN","ID_CENTRALE":"1088","NOME_CENTRALE":"REVELLO","ISTAT_COMUNE_CENTR":"4180","COMUNE_CENTR":"REVELLO","PROVINCIA_CENTR":"CN","INDIRIZZO_CENTRALE":"DENINA 2","LATITUDINE_SEZIONE":"44.66815","LONGITUDINE_SEZIONE":"7.41546","POS_X_SEZIONE":"374394.88184","POS_Y_SEZIONE":"4947307.85178","LATITUDINE_CENTRALE":"44.65483","LONGITUDINE_CENTRALE":"7.38886","POS_X_CENTRALE":"372256.92000","POS_Y_CENTRALE":"4945869.84000","TIPO_ADSL":"ADSL_1","DESCRIZIONE_TIPO_ADSL":"ADSL (8 mega)","DISTANZA_CALCOLATA":"2576.58","CLASSE_DISTANZA":"2500-2899","POTENZA_SEGNALE":"5749.63","POPOLAZIONE_SEZIONE": "60"}
			},
		 		{ "type" : "Feature",
				"geometry" : {
					"type" : "Point",
					"coordinates" : [7.41389,44.71412]},
			"properties" : { "ANNO":"2010","ID_SEZIONE":"32982","ISTAT_COMUNE_SEZ":"4180","COMUNE_SEZ":"REVELLO","PROVINCIA":"CN","ID_CENTRALE":"1088","NOME_CENTRALE":"REVELLO","ISTAT_COMUNE_CENTR":"4180","COMUNE_CENTR":"REVELLO","PROVINCIA_CENTR":"CN","INDIRIZZO_CENTRALE":"DENINA 2","LATITUDINE_SEZIONE":"44.71412","LONGITUDINE_SEZIONE":"7.41389","POS_X_SEZIONE":"374369.59928","POS_Y_SEZIONE":"4952416.89959","LATITUDINE_CENTRALE":"44.65483","LONGITUDINE_CENTRALE":"7.38886","POS_X_CENTRALE":"372256.92000","POS_Y_CENTRALE":"4945869.84000","TIPO_ADSL":"ADSL_1","DESCRIZIONE_TIPO_ADSL":"ADSL (8 mega)","DISTANZA_CALCOLATA":"6879.49","CLASSE_DISTANZA":"6100 e oltre","POTENZA_SEGNALE":"0.00","POPOLAZIONE_SEZIONE": "10"}
			}
		 		]
	}
		