 	{ "type" : "FeatureCollection",
		"features" : [
		 		{ "type" : "Feature",
				"geometry" : {
					"type" : "Point",
					"coordinates" : [8.39572,44.68721]},
			"properties" : { "ANNO":"2010","ID_SEZIONE":"1310","ISTAT_COMUNE_SEZ":"6172","COMUNE_SEZ":"TERZO","PROVINCIA":"AL","ID_CENTRALE":"1382","NOME_CENTRALE":"TERZO D'ACQUI","ISTAT_COMUNE_CENTR":"6172","COMUNE_CENTR":"TERZO","PROVINCIA_CENTR":"AL","INDIRIZZO_CENTRALE":"DELLA STAZIONE","LATITUDINE_SEZIONE":"44.68721","LONGITUDINE_SEZIONE":"8.39572","POS_X_SEZIONE":"452114.85017","POS_Y_SEZIONE":"4948381.92026","LATITUDINE_CENTRALE":"44.72715","LONGITUDINE_CENTRALE":"8.45102","POS_X_CENTRALE":"456527.18733","POS_Y_CENTRALE":"4952787.99975","TIPO_ADSL":"ADSL_1","DESCRIZIONE_TIPO_ADSL":"ADSL (8 mega)","DISTANZA_CALCOLATA":"6235.56","CLASSE_DISTANZA":"6100 e oltre","POTENZA_SEGNALE":"0.00","POPOLAZIONE_SEZIONE": "13"}
			},
		 		{ "type" : "Feature",
				"geometry" : {
					"type" : "Point",
					"coordinates" : [8.42485,44.68641]},
			"properties" : { "ANNO":"2010","ID_SEZIONE":"3323","ISTAT_COMUNE_SEZ":"6172","COMUNE_SEZ":"TERZO","PROVINCIA":"AL","ID_CENTRALE":"1382","NOME_CENTRALE":"TERZO D'ACQUI","ISTAT_COMUNE_CENTR":"6172","COMUNE_CENTR":"TERZO","PROVINCIA_CENTR":"AL","INDIRIZZO_CENTRALE":"DELLA STAZIONE","LATITUDINE_SEZIONE":"44.68641","LONGITUDINE_SEZIONE":"8.42485","POS_X_SEZIONE":"454422.50739","POS_Y_SEZIONE":"4948275.91066","LATITUDINE_CENTRALE":"44.72715","LONGITUDINE_CENTRALE":"8.45102","POS_X_CENTRALE":"456527.18733","POS_Y_CENTRALE":"4952787.99975","TIPO_ADSL":"ADSL_1","DESCRIZIONE_TIPO_ADSL":"ADSL (8 mega)","DISTANZA_CALCOLATA":"4978.82","CLASSE_DISTANZA":"4900-5299","POTENZA_SEGNALE":"125.13","POPOLAZIONE_SEZIONE": "44"}
			},
		 		{ "type" : "Feature",
				"geometry" : {
					"type" : "Point",
					"coordinates" : [8.41776,44.67604]},
			"properties" : { "ANNO":"2010","ID_SEZIONE":"4535","ISTAT_COMUNE_SEZ":"6172","COMUNE_SEZ":"TERZO","PROVINCIA":"AL","ID_CENTRALE":"1382","NOME_CENTRALE":"TERZO D'ACQUI","ISTAT_COMUNE_CENTR":"6172","COMUNE_CENTR":"TERZO","PROVINCIA_CENTR":"AL","INDIRIZZO_CENTRALE":"DELLA STAZIONE","LATITUDINE_SEZIONE":"44.67604","LONGITUDINE_SEZIONE":"8.41776","POS_X_SEZIONE":"453852.61657","POS_Y_SEZIONE":"4947128.40243","LATITUDINE_CENTRALE":"44.72715","LONGITUDINE_CENTRALE":"8.45102","POS_X_CENTRALE":"456527.18733","POS_Y_CENTRALE":"4952787.99975","TIPO_ADSL":"ADSL_1","DESCRIZIONE_TIPO_ADSL":"ADSL (8 mega)","DISTANZA_CALCOLATA":"6259.74","CLASSE_DISTANZA":"6100 e oltre","POTENZA_SEGNALE":"0.00","POPOLAZIONE_SEZIONE": "65"}
			},
		 		{ "type" : "Feature",
				"geometry" : {
					"type" : "Point",
					"coordinates" : [8.40940,44.66501]},
			"properties" : { "ANNO":"2010","ID_SEZIONE":"5536","ISTAT_COMUNE_SEZ":"6172","COMUNE_SEZ":"TERZO","PROVINCIA":"AL","ID_CENTRALE":"1382","NOME_CENTRALE":"TERZO D'ACQUI","ISTAT_COMUNE_CENTR":"6172","COMUNE_CENTR":"TERZO","PROVINCIA_CENTR":"AL","INDIRIZZO_CENTRALE":"DELLA STAZIONE","LATITUDINE_SEZIONE":"44.66501","LONGITUDINE_SEZIONE":"8.40940","POS_X_SEZIONE":"453181.29241","POS_Y_SEZIONE":"4945907.39456","LATITUDINE_CENTRALE":"44.72715","LONGITUDINE_CENTRALE":"8.45102","POS_X_CENTRALE":"456527.18733","POS_Y_CENTRALE":"4952787.99975","TIPO_ADSL":"ADSL_1","DESCRIZIONE_TIPO_ADSL":"ADSL (8 mega)","DISTANZA_CALCOLATA":"7651","CLASSE_DISTANZA":"6100 e oltre","POTENZA_SEGNALE":"0.00","POPOLAZIONE_SEZIONE": "74"}
			},
		 		{ "type" : "Feature",
				"geometry" : {
					"type" : "Point",
					"coordinates" : [8.41224,44.68369]},
			"properties" : { "ANNO":"2010","ID_SEZIONE":"8669","ISTAT_COMUNE_SEZ":"6172","COMUNE_SEZ":"TERZO","PROVINCIA":"AL","ID_CENTRALE":"1382","NOME_CENTRALE":"TERZO D'ACQUI","ISTAT_COMUNE_CENTR":"6172","COMUNE_CENTR":"TERZO","PROVINCIA_CENTR":"AL","INDIRIZZO_CENTRALE":"DELLA STAZIONE","LATITUDINE_SEZIONE":"44.68369","LONGITUDINE_SEZIONE":"8.41224","POS_X_SEZIONE":"453421.35488","POS_Y_SEZIONE":"4947981.41184","LATITUDINE_CENTRALE":"44.72715","LONGITUDINE_CENTRALE":"8.45102","POS_X_CENTRALE":"456527.18733","POS_Y_CENTRALE":"4952787.99975","TIPO_ADSL":"ADSL_1","DESCRIZIONE_TIPO_ADSL":"ADSL (8 mega)","DISTANZA_CALCOLATA":"5722.72","CLASSE_DISTANZA":"5700-6099","POTENZA_SEGNALE":"0.00","POPOLAZIONE_SEZIONE": "19"}
			},
		 		{ "type" : "Feature",
				"geometry" : {
					"type" : "Point",
					"coordinates" : [8.41453,44.68156]},
			"properties" : { "ANNO":"2010","ID_SEZIONE":"10363","ISTAT_COMUNE_SEZ":"6172","COMUNE_SEZ":"TERZO","PROVINCIA":"AL","ID_CENTRALE":"1382","NOME_CENTRALE":"TERZO D'ACQUI","ISTAT_COMUNE_CENTR":"6172","COMUNE_CENTR":"TERZO","PROVINCIA_CENTR":"AL","INDIRIZZO_CENTRALE":"DELLA STAZIONE","LATITUDINE_SEZIONE":"44.68156","LONGITUDINE_SEZIONE":"8.41453","POS_X_SEZIONE":"453600.76531","POS_Y_SEZIONE":"4947742.90893","LATITUDINE_CENTRALE":"44.72715","LONGITUDINE_CENTRALE":"8.45102","POS_X_CENTRALE":"456527.18733","POS_Y_CENTRALE":"4952787.99975","TIPO_ADSL":"ADSL_1","DESCRIZIONE_TIPO_ADSL":"ADSL (8 mega)","DISTANZA_CALCOLATA":"5832.4","CLASSE_DISTANZA":"5700-6099","POTENZA_SEGNALE":"0.00","POPOLAZIONE_SEZIONE": "17"}
			},
		 		{ "type" : "Feature",
				"geometry" : {
					"type" : "Point",
					"coordinates" : [8.42699,44.66900]},
			"properties" : { "ANNO":"2010","ID_SEZIONE":"10964","ISTAT_COMUNE_SEZ":"6172","COMUNE_SEZ":"TERZO","PROVINCIA":"AL","ID_CENTRALE":"1382","NOME_CENTRALE":"TERZO D'ACQUI","ISTAT_COMUNE_CENTR":"6172","COMUNE_CENTR":"TERZO","PROVINCIA_CENTR":"AL","INDIRIZZO_CENTRALE":"DELLA STAZIONE","LATITUDINE_SEZIONE":"44.66900","LONGITUDINE_SEZIONE":"8.42699","POS_X_SEZIONE":"454578.93926","POS_Y_SEZIONE":"4946340.89216","LATITUDINE_CENTRALE":"44.72715","LONGITUDINE_CENTRALE":"8.45102","POS_X_CENTRALE":"456527.18733","POS_Y_CENTRALE":"4952787.99975","TIPO_ADSL":"ADSL_1","DESCRIZIONE_TIPO_ADSL":"ADSL (8 mega)","DISTANZA_CALCOLATA":"6735.05","CLASSE_DISTANZA":"6100 e oltre","POTENZA_SEGNALE":"0.00","POPOLAZIONE_SEZIONE": "181"}
			},
		 		{ "type" : "Feature",
				"geometry" : {
					"type" : "Point",
					"coordinates" : [8.42159,44.69021]},
			"properties" : { "ANNO":"2010","ID_SEZIONE":"12039","ISTAT_COMUNE_SEZ":"6172","COMUNE_SEZ":"TERZO","PROVINCIA":"AL","ID_CENTRALE":"1382","NOME_CENTRALE":"TERZO D'ACQUI","ISTAT_COMUNE_CENTR":"6172","COMUNE_CENTR":"TERZO","PROVINCIA_CENTR":"AL","INDIRIZZO_CENTRALE":"DELLA STAZIONE","LATITUDINE_SEZIONE":"44.69021","LONGITUDINE_SEZIONE":"8.42159","POS_X_SEZIONE":"454167.53292","POS_Y_SEZIONE":"4948699.91578","LATITUDINE_CENTRALE":"44.72715","LONGITUDINE_CENTRALE":"8.45102","POS_X_CENTRALE":"456527.18733","POS_Y_CENTRALE":"4952787.99975","TIPO_ADSL":"ADSL_1","DESCRIZIONE_TIPO_ADSL":"ADSL (8 mega)","DISTANZA_CALCOLATA":"4720.21","CLASSE_DISTANZA":"4500-4899","POTENZA_SEGNALE":"1470","POPOLAZIONE_SEZIONE": "5"}
			},
		 		{ "type" : "Feature",
				"geometry" : {
					"type" : "Point",
					"coordinates" : [8.40080,44.68107]},
			"properties" : { "ANNO":"2010","ID_SEZIONE":"14895","ISTAT_COMUNE_SEZ":"6172","COMUNE_SEZ":"TERZO","PROVINCIA":"AL","ID_CENTRALE":"1382","NOME_CENTRALE":"TERZO D'ACQUI","ISTAT_COMUNE_CENTR":"6172","COMUNE_CENTR":"TERZO","PROVINCIA_CENTR":"AL","INDIRIZZO_CENTRALE":"DELLA STAZIONE","LATITUDINE_SEZIONE":"44.68107","LONGITUDINE_SEZIONE":"8.40080","POS_X_SEZIONE":"452512.23487","POS_Y_SEZIONE":"4947696.91290","LATITUDINE_CENTRALE":"44.72715","LONGITUDINE_CENTRALE":"8.45102","POS_X_CENTRALE":"456527.18733","POS_Y_CENTRALE":"4952787.99975","TIPO_ADSL":"ADSL_1","DESCRIZIONE_TIPO_ADSL":"ADSL (8 mega)","DISTANZA_CALCOLATA":"6483.75","CLASSE_DISTANZA":"6100 e oltre","POTENZA_SEGNALE":"0.00","POPOLAZIONE_SEZIONE": "41"}
			},
		 		{ "type" : "Feature",
				"geometry" : {
					"type" : "Point",
					"coordinates" : [8.42448,44.67647]},
			"properties" : { "ANNO":"2010","ID_SEZIONE":"17996","ISTAT_COMUNE_SEZ":"6172","COMUNE_SEZ":"TERZO","PROVINCIA":"AL","ID_CENTRALE":"1382","NOME_CENTRALE":"TERZO D'ACQUI","ISTAT_COMUNE_CENTR":"6172","COMUNE_CENTR":"TERZO","PROVINCIA_CENTR":"AL","INDIRIZZO_CENTRALE":"DELLA STAZIONE","LATITUDINE_SEZIONE":"44.67647","LONGITUDINE_SEZIONE":"8.42448","POS_X_SEZIONE":"454385.49030","POS_Y_SEZIONE":"4947172.40064","LATITUDINE_CENTRALE":"44.72715","LONGITUDINE_CENTRALE":"8.45102","POS_X_CENTRALE":"456527.18733","POS_Y_CENTRALE":"4952787.99975","TIPO_ADSL":"ADSL_1","DESCRIZIONE_TIPO_ADSL":"ADSL (8 mega)","DISTANZA_CALCOLATA":"6010.14","CLASSE_DISTANZA":"5700-6099","POTENZA_SEGNALE":"0.00","POPOLAZIONE_SEZIONE": "20"}
			},
		 		{ "type" : "Feature",
				"geometry" : {
					"type" : "Point",
					"coordinates" : [8.41717,44.66472]},
			"properties" : { "ANNO":"2010","ID_SEZIONE":"18000","ISTAT_COMUNE_SEZ":"6172","COMUNE_SEZ":"TERZO","PROVINCIA":"AL","ID_CENTRALE":"1382","NOME_CENTRALE":"TERZO D'ACQUI","ISTAT_COMUNE_CENTR":"6172","COMUNE_CENTR":"TERZO","PROVINCIA_CENTR":"AL","INDIRIZZO_CENTRALE":"DELLA STAZIONE","LATITUDINE_SEZIONE":"44.66472","LONGITUDINE_SEZIONE":"8.41717","POS_X_SEZIONE":"453797.04204","POS_Y_SEZIONE":"4945870.89101","LATITUDINE_CENTRALE":"44.72715","LONGITUDINE_CENTRALE":"8.45102","POS_X_CENTRALE":"456527.18733","POS_Y_CENTRALE":"4952787.99975","TIPO_ADSL":"ADSL_1","DESCRIZIONE_TIPO_ADSL":"ADSL (8 mega)","DISTANZA_CALCOLATA":"7436.4","CLASSE_DISTANZA":"6100 e oltre","POTENZA_SEGNALE":"0.00","POPOLAZIONE_SEZIONE": "8"}
			},
		 		{ "type" : "Feature",
				"geometry" : {
					"type" : "Point",
					"coordinates" : [8.40965,44.68698]},
			"properties" : { "ANNO":"2010","ID_SEZIONE":"18247","ISTAT_COMUNE_SEZ":"6172","COMUNE_SEZ":"TERZO","PROVINCIA":"AL","ID_CENTRALE":"1382","NOME_CENTRALE":"TERZO D'ACQUI","ISTAT_COMUNE_CENTR":"6172","COMUNE_CENTR":"TERZO","PROVINCIA_CENTR":"AL","INDIRIZZO_CENTRALE":"DELLA STAZIONE","LATITUDINE_SEZIONE":"44.68698","LONGITUDINE_SEZIONE":"8.40965","POS_X_SEZIONE":"453218.72524","POS_Y_SEZIONE":"4948347.91578","LATITUDINE_CENTRALE":"44.72715","LONGITUDINE_CENTRALE":"8.45102","POS_X_CENTRALE":"456527.18733","POS_Y_CENTRALE":"4952787.99975","TIPO_ADSL":"ADSL_1","DESCRIZIONE_TIPO_ADSL":"ADSL (8 mega)","DISTANZA_CALCOLATA":"5537.17","CLASSE_DISTANZA":"5300-5699","POTENZA_SEGNALE":"0.00","POPOLAZIONE_SEZIONE": "25"}
			},
		 		{ "type" : "Feature",
				"geometry" : {
					"type" : "Point",
					"coordinates" : [8.42101,44.67045]},
			"properties" : { "ANNO":"2010","ID_SEZIONE":"20617","ISTAT_COMUNE_SEZ":"6172","COMUNE_SEZ":"TERZO","PROVINCIA":"AL","ID_CENTRALE":"1382","NOME_CENTRALE":"TERZO D'ACQUI","ISTAT_COMUNE_CENTR":"6172","COMUNE_CENTR":"TERZO","PROVINCIA_CENTR":"AL","INDIRIZZO_CENTRALE":"DELLA STAZIONE","LATITUDINE_SEZIONE":"44.67045","LONGITUDINE_SEZIONE":"8.42101","POS_X_SEZIONE":"454106.21888","POS_Y_SEZIONE":"4946505.89594","LATITUDINE_CENTRALE":"44.72715","LONGITUDINE_CENTRALE":"8.45102","POS_X_CENTRALE":"456527.18733","POS_Y_CENTRALE":"4952787.99975","TIPO_ADSL":"ADSL_1","DESCRIZIONE_TIPO_ADSL":"ADSL (8 mega)","DISTANZA_CALCOLATA":"6732.45","CLASSE_DISTANZA":"6100 e oltre","POTENZA_SEGNALE":"0.00","POPOLAZIONE_SEZIONE": "261"}
			},
		 		{ "type" : "Feature",
				"geometry" : {
					"type" : "Point",
					"coordinates" : [8.43159,44.67496]},
			"properties" : { "ANNO":"2010","ID_SEZIONE":"25177","ISTAT_COMUNE_SEZ":"6172","COMUNE_SEZ":"TERZO","PROVINCIA":"AL","ID_CENTRALE":"1382","NOME_CENTRALE":"TERZO D'ACQUI","ISTAT_COMUNE_CENTR":"6172","COMUNE_CENTR":"TERZO","PROVINCIA_CENTR":"AL","INDIRIZZO_CENTRALE":"DELLA STAZIONE","LATITUDINE_SEZIONE":"44.67496","LONGITUDINE_SEZIONE":"8.43159","POS_X_SEZIONE":"454947.99193","POS_Y_SEZIONE":"4947000.89703","LATITUDINE_CENTRALE":"44.72715","LONGITUDINE_CENTRALE":"8.45102","POS_X_CENTRALE":"456527.18733","POS_Y_CENTRALE":"4952787.99975","TIPO_ADSL":"ADSL_1","DESCRIZIONE_TIPO_ADSL":"ADSL (8 mega)","DISTANZA_CALCOLATA":"5998.7","CLASSE_DISTANZA":"5700-6099","POTENZA_SEGNALE":"0.00","POPOLAZIONE_SEZIONE": "42"}
			},
		 		{ "type" : "Feature",
				"geometry" : {
					"type" : "Point",
					"coordinates" : [8.41760,44.66593]},
			"properties" : { "ANNO":"2010","ID_SEZIONE":"26393","ISTAT_COMUNE_SEZ":"6172","COMUNE_SEZ":"TERZO","PROVINCIA":"AL","ID_CENTRALE":"1382","NOME_CENTRALE":"TERZO D'ACQUI","ISTAT_COMUNE_CENTR":"6172","COMUNE_CENTR":"TERZO","PROVINCIA_CENTR":"AL","INDIRIZZO_CENTRALE":"DELLA STAZIONE","LATITUDINE_SEZIONE":"44.66593","LONGITUDINE_SEZIONE":"8.41760","POS_X_SEZIONE":"453832.35110","POS_Y_SEZIONE":"4946005.89261","LATITUDINE_CENTRALE":"44.72715","LONGITUDINE_CENTRALE":"8.45102","POS_X_CENTRALE":"456527.18733","POS_Y_CENTRALE":"4952787.99975","TIPO_ADSL":"ADSL_1","DESCRIZIONE_TIPO_ADSL":"ADSL (8 mega)","DISTANZA_CALCOLATA":"7297.88","CLASSE_DISTANZA":"6100 e oltre","POTENZA_SEGNALE":"0.00","POPOLAZIONE_SEZIONE": ""}
			},
		 		{ "type" : "Feature",
				"geometry" : {
					"type" : "Point",
					"coordinates" : [8.42873,44.67796]},
			"properties" : { "ANNO":"2010","ID_SEZIONE":"26524","ISTAT_COMUNE_SEZ":"6172","COMUNE_SEZ":"TERZO","PROVINCIA":"AL","ID_CENTRALE":"1382","NOME_CENTRALE":"TERZO D'ACQUI","ISTAT_COMUNE_CENTR":"6172","COMUNE_CENTR":"TERZO","PROVINCIA_CENTR":"AL","INDIRIZZO_CENTRALE":"DELLA STAZIONE","LATITUDINE_SEZIONE":"44.67796","LONGITUDINE_SEZIONE":"8.42873","POS_X_SEZIONE":"454723.48812","POS_Y_SEZIONE":"4947335.90068","LATITUDINE_CENTRALE":"44.72715","LONGITUDINE_CENTRALE":"8.45102","POS_X_CENTRALE":"456527.18733","POS_Y_CENTRALE":"4952787.99975","TIPO_ADSL":"ADSL_1","DESCRIZIONE_TIPO_ADSL":"ADSL (8 mega)","DISTANZA_CALCOLATA":"5742.71","CLASSE_DISTANZA":"5700-6099","POTENZA_SEGNALE":"0.00","POPOLAZIONE_SEZIONE": "13"}
			},
		 		{ "type" : "Feature",
				"geometry" : {
					"type" : "Point",
					"coordinates" : [8.41371,44.68811]},
			"properties" : { "ANNO":"2010","ID_SEZIONE":"30554","ISTAT_COMUNE_SEZ":"6172","COMUNE_SEZ":"TERZO","PROVINCIA":"AL","ID_CENTRALE":"1382","NOME_CENTRALE":"TERZO D'ACQUI","ISTAT_COMUNE_CENTR":"6172","COMUNE_CENTR":"TERZO","PROVINCIA_CENTR":"AL","INDIRIZZO_CENTRALE":"DELLA STAZIONE","LATITUDINE_SEZIONE":"44.68811","LONGITUDINE_SEZIONE":"8.41371","POS_X_SEZIONE":"453541.63033","POS_Y_SEZIONE":"4948470.91610","LATITUDINE_CENTRALE":"44.72715","LONGITUDINE_CENTRALE":"8.45102","POS_X_CENTRALE":"456527.18733","POS_Y_CENTRALE":"4952787.99975","TIPO_ADSL":"ADSL_1","DESCRIZIONE_TIPO_ADSL":"ADSL (8 mega)","DISTANZA_CALCOLATA":"5248.88","CLASSE_DISTANZA":"4900-5299","POTENZA_SEGNALE":"125.13","POPOLAZIONE_SEZIONE": "18"}
			}
		 		]
	}
		