 	{ "type" : "FeatureCollection",
		"features" : [
		 		{ "type" : "Feature",
				"geometry" : {
					"type" : "Point",
					"coordinates" : [8.46097,46.21873]},
			"properties" : { "ANNO":"2010","ID_SEZIONE":"1067","ISTAT_COMUNE_SEZ":"103062","COMUNE_SEZ":"SANTA MARIA MAGGIORE","PROVINCIA":"VB","ID_CENTRALE":"1294","NOME_CENTRALE":"SANTA MARIA MAGGIORE","ISTAT_COMUNE_CENTR":"103062","COMUNE_CENTR":"SANTA MARIA MAGGIORE","PROVINCIA_CENTR":"VB","INDIRIZZO_CENTRALE":"VITTORIO VENETO 4","LATITUDINE_SEZIONE":"46.21873","LONGITUDINE_SEZIONE":"8.46097","POS_X_SEZIONE":"458426.19533","POS_Y_SEZIONE":"5118491.14128","LATITUDINE_CENTRALE":"46.13362","LONGITUDINE_CENTRALE":"8.46416","POS_X_CENTRALE":"458608.36973","POS_Y_CENTRALE":"5109032.97664","TIPO_ADSL":"ADSL_1","DESCRIZIONE_TIPO_ADSL":"ADSL (8 mega)","DISTANZA_CALCOLATA":"9459.92","CLASSE_DISTANZA":"6100 e oltre","POTENZA_SEGNALE":"0.00","POPOLAZIONE_SEZIONE": ""}
			},
		 		{ "type" : "Feature",
				"geometry" : {
					"type" : "Point",
					"coordinates" : [8.46420,46.12811]},
			"properties" : { "ANNO":"2010","ID_SEZIONE":"1069","ISTAT_COMUNE_SEZ":"103062","COMUNE_SEZ":"SANTA MARIA MAGGIORE","PROVINCIA":"VB","ID_CENTRALE":"1294","NOME_CENTRALE":"SANTA MARIA MAGGIORE","ISTAT_COMUNE_CENTR":"103062","COMUNE_CENTR":"SANTA MARIA MAGGIORE","PROVINCIA_CENTR":"VB","INDIRIZZO_CENTRALE":"VITTORIO VENETO 4","LATITUDINE_SEZIONE":"46.12811","LONGITUDINE_SEZIONE":"8.46420","POS_X_SEZIONE":"458607.67014","POS_Y_SEZIONE":"5108420.55593","LATITUDINE_CENTRALE":"46.13362","LONGITUDINE_CENTRALE":"8.46416","POS_X_CENTRALE":"458608.36973","POS_Y_CENTRALE":"5109032.97664","TIPO_ADSL":"ADSL_1","DESCRIZIONE_TIPO_ADSL":"ADSL (8 mega)","DISTANZA_CALCOLATA":"612.42","CLASSE_DISTANZA":"500-899","POTENZA_SEGNALE":"7000","POPOLAZIONE_SEZIONE": ""}
			},
		 		{ "type" : "Feature",
				"geometry" : {
					"type" : "Point",
					"coordinates" : [8.47094,46.13297]},
			"properties" : { "ANNO":"2010","ID_SEZIONE":"1505","ISTAT_COMUNE_SEZ":"103062","COMUNE_SEZ":"SANTA MARIA MAGGIORE","PROVINCIA":"VB","ID_CENTRALE":"1294","NOME_CENTRALE":"SANTA MARIA MAGGIORE","ISTAT_COMUNE_CENTR":"103062","COMUNE_CENTR":"SANTA MARIA MAGGIORE","PROVINCIA_CENTR":"VB","INDIRIZZO_CENTRALE":"VITTORIO VENETO 4","LATITUDINE_SEZIONE":"46.13297","LONGITUDINE_SEZIONE":"8.47094","POS_X_SEZIONE":"459132.07130","POS_Y_SEZIONE":"5108958.05609","LATITUDINE_CENTRALE":"46.13362","LONGITUDINE_CENTRALE":"8.46416","POS_X_CENTRALE":"458608.36973","POS_Y_CENTRALE":"5109032.97664","TIPO_ADSL":"ADSL_1","DESCRIZIONE_TIPO_ADSL":"ADSL (8 mega)","DISTANZA_CALCOLATA":"529.03","CLASSE_DISTANZA":"500-899","POTENZA_SEGNALE":"7000","POPOLAZIONE_SEZIONE": "56"}
			},
		 		{ "type" : "Feature",
				"geometry" : {
					"type" : "Point",
					"coordinates" : [8.44920,46.14032]},
			"properties" : { "ANNO":"2010","ID_SEZIONE":"1580","ISTAT_COMUNE_SEZ":"103062","COMUNE_SEZ":"SANTA MARIA MAGGIORE","PROVINCIA":"VB","ID_CENTRALE":"1294","NOME_CENTRALE":"SANTA MARIA MAGGIORE","ISTAT_COMUNE_CENTR":"103062","COMUNE_CENTR":"SANTA MARIA MAGGIORE","PROVINCIA_CENTR":"VB","INDIRIZZO_CENTRALE":"VITTORIO VENETO 4","LATITUDINE_SEZIONE":"46.14032","LONGITUDINE_SEZIONE":"8.44920","POS_X_SEZIONE":"457458.48870","POS_Y_SEZIONE":"5109785.56995","LATITUDINE_CENTRALE":"46.13362","LONGITUDINE_CENTRALE":"8.46416","POS_X_CENTRALE":"458608.36973","POS_Y_CENTRALE":"5109032.97664","TIPO_ADSL":"ADSL_1","DESCRIZIONE_TIPO_ADSL":"ADSL (8 mega)","DISTANZA_CALCOLATA":"1374.27","CLASSE_DISTANZA":"1300-1699","POTENZA_SEGNALE":"7000","POPOLAZIONE_SEZIONE": "323"}
			},
		 		{ "type" : "Feature",
				"geometry" : {
					"type" : "Point",
					"coordinates" : [8.45005,46.22334]},
			"properties" : { "ANNO":"2010","ID_SEZIONE":"2315","ISTAT_COMUNE_SEZ":"103062","COMUNE_SEZ":"SANTA MARIA MAGGIORE","PROVINCIA":"VB","ID_CENTRALE":"1294","NOME_CENTRALE":"SANTA MARIA MAGGIORE","ISTAT_COMUNE_CENTR":"103062","COMUNE_CENTR":"SANTA MARIA MAGGIORE","PROVINCIA_CENTR":"VB","INDIRIZZO_CENTRALE":"VITTORIO VENETO 4","LATITUDINE_SEZIONE":"46.22334","LONGITUDINE_SEZIONE":"8.45005","POS_X_SEZIONE":"457587.70010","POS_Y_SEZIONE":"5119009.65188","LATITUDINE_CENTRALE":"46.13362","LONGITUDINE_CENTRALE":"8.46416","POS_X_CENTRALE":"458608.36973","POS_Y_CENTRALE":"5109032.97664","TIPO_ADSL":"ADSL_1","DESCRIZIONE_TIPO_ADSL":"ADSL (8 mega)","DISTANZA_CALCOLATA":"10028.75","CLASSE_DISTANZA":"6100 e oltre","POTENZA_SEGNALE":"0.00","POPOLAZIONE_SEZIONE": ""}
			},
		 		{ "type" : "Feature",
				"geometry" : {
					"type" : "Point",
					"coordinates" : [8.45660,46.14355]},
			"properties" : { "ANNO":"2010","ID_SEZIONE":"3426","ISTAT_COMUNE_SEZ":"103062","COMUNE_SEZ":"SANTA MARIA MAGGIORE","PROVINCIA":"VB","ID_CENTRALE":"1294","NOME_CENTRALE":"SANTA MARIA MAGGIORE","ISTAT_COMUNE_CENTR":"103062","COMUNE_CENTR":"SANTA MARIA MAGGIORE","PROVINCIA_CENTR":"VB","INDIRIZZO_CENTRALE":"VITTORIO VENETO 4","LATITUDINE_SEZIONE":"46.14355","LONGITUDINE_SEZIONE":"8.45660","POS_X_SEZIONE":"458032.01677","POS_Y_SEZIONE":"5110141.06947","LATITUDINE_CENTRALE":"46.13362","LONGITUDINE_CENTRALE":"8.46416","POS_X_CENTRALE":"458608.36973","POS_Y_CENTRALE":"5109032.97664","TIPO_ADSL":"ADSL_1","DESCRIZIONE_TIPO_ADSL":"ADSL (8 mega)","DISTANZA_CALCOLATA":"1249.02","CLASSE_DISTANZA":"900-1299","POTENZA_SEGNALE":"7000","POPOLAZIONE_SEZIONE": "173"}
			},
		 		{ "type" : "Feature",
				"geometry" : {
					"type" : "Point",
					"coordinates" : [8.46271,46.13881]},
			"properties" : { "ANNO":"2010","ID_SEZIONE":"3427","ISTAT_COMUNE_SEZ":"103062","COMUNE_SEZ":"SANTA MARIA MAGGIORE","PROVINCIA":"VB","ID_CENTRALE":"1294","NOME_CENTRALE":"SANTA MARIA MAGGIORE","ISTAT_COMUNE_CENTR":"103062","COMUNE_CENTR":"SANTA MARIA MAGGIORE","PROVINCIA_CENTR":"VB","INDIRIZZO_CENTRALE":"VITTORIO VENETO 4","LATITUDINE_SEZIONE":"46.13881","LONGITUDINE_SEZIONE":"8.46271","POS_X_SEZIONE":"458500.88845","POS_Y_SEZIONE":"5109611.06345","LATITUDINE_CENTRALE":"46.13362","LONGITUDINE_CENTRALE":"8.46416","POS_X_CENTRALE":"458608.36973","POS_Y_CENTRALE":"5109032.97664","TIPO_ADSL":"ADSL_1","DESCRIZIONE_TIPO_ADSL":"ADSL (8 mega)","DISTANZA_CALCOLATA":"587.99","CLASSE_DISTANZA":"500-899","POTENZA_SEGNALE":"7000","POPOLAZIONE_SEZIONE": "129"}
			},
		 		{ "type" : "Feature",
				"geometry" : {
					"type" : "Point",
					"coordinates" : [8.45474,46.11815]},
			"properties" : { "ANNO":"2010","ID_SEZIONE":"3428","ISTAT_COMUNE_SEZ":"103062","COMUNE_SEZ":"SANTA MARIA MAGGIORE","PROVINCIA":"VB","ID_CENTRALE":"1294","NOME_CENTRALE":"SANTA MARIA MAGGIORE","ISTAT_COMUNE_CENTR":"103062","COMUNE_CENTR":"SANTA MARIA MAGGIORE","PROVINCIA_CENTR":"VB","INDIRIZZO_CENTRALE":"VITTORIO VENETO 4","LATITUDINE_SEZIONE":"46.11815","LONGITUDINE_SEZIONE":"8.45474","POS_X_SEZIONE":"457869.14598","POS_Y_SEZIONE":"5107319.55420","LATITUDINE_CENTRALE":"46.13362","LONGITUDINE_CENTRALE":"8.46416","POS_X_CENTRALE":"458608.36973","POS_Y_CENTRALE":"5109032.97664","TIPO_ADSL":"ADSL_1","DESCRIZIONE_TIPO_ADSL":"ADSL (8 mega)","DISTANZA_CALCOLATA":"1866.08","CLASSE_DISTANZA":"1700-2099","POTENZA_SEGNALE":"6874.88","POPOLAZIONE_SEZIONE": ""}
			},
		 		{ "type" : "Feature",
				"geometry" : {
					"type" : "Point",
					"coordinates" : [8.44628,46.15932]},
			"properties" : { "ANNO":"2010","ID_SEZIONE":"3670","ISTAT_COMUNE_SEZ":"103062","COMUNE_SEZ":"SANTA MARIA MAGGIORE","PROVINCIA":"VB","ID_CENTRALE":"1294","NOME_CENTRALE":"SANTA MARIA MAGGIORE","ISTAT_COMUNE_CENTR":"103062","COMUNE_CENTR":"SANTA MARIA MAGGIORE","PROVINCIA_CENTR":"VB","INDIRIZZO_CENTRALE":"VITTORIO VENETO 4","LATITUDINE_SEZIONE":"46.15932","LONGITUDINE_SEZIONE":"8.44628","POS_X_SEZIONE":"457247.61075","POS_Y_SEZIONE":"5111898.08246","LATITUDINE_CENTRALE":"46.13362","LONGITUDINE_CENTRALE":"8.46416","POS_X_CENTRALE":"458608.36973","POS_Y_CENTRALE":"5109032.97664","TIPO_ADSL":"ADSL_1","DESCRIZIONE_TIPO_ADSL":"ADSL (8 mega)","DISTANZA_CALCOLATA":"3171.83","CLASSE_DISTANZA":"2900-3299","POTENZA_SEGNALE":"4999.75","POPOLAZIONE_SEZIONE": ""}
			},
		 		{ "type" : "Feature",
				"geometry" : {
					"type" : "Point",
					"coordinates" : [8.48306,46.13113]},
			"properties" : { "ANNO":"2010","ID_SEZIONE":"4596","ISTAT_COMUNE_SEZ":"103024","COMUNE_SEZ":"CRAVEGGIA","PROVINCIA":"VB","ID_CENTRALE":"1294","NOME_CENTRALE":"SANTA MARIA MAGGIORE","ISTAT_COMUNE_CENTR":"103062","COMUNE_CENTR":"SANTA MARIA MAGGIORE","PROVINCIA_CENTR":"VB","INDIRIZZO_CENTRALE":"VITTORIO VENETO 4","LATITUDINE_SEZIONE":"46.13113","LONGITUDINE_SEZIONE":"8.48306","POS_X_SEZIONE":"460067.12512","POS_Y_SEZIONE":"5108746.54889","LATITUDINE_CENTRALE":"46.13362","LONGITUDINE_CENTRALE":"8.46416","POS_X_CENTRALE":"458608.36973","POS_Y_CENTRALE":"5109032.97664","TIPO_ADSL":"ADSL_1","DESCRIZIONE_TIPO_ADSL":"ADSL (8 mega)","DISTANZA_CALCOLATA":"1486.61","CLASSE_DISTANZA":"1300-1699","POTENZA_SEGNALE":"7000","POPOLAZIONE_SEZIONE": "81"}
			},
		 		{ "type" : "Feature",
				"geometry" : {
					"type" : "Point",
					"coordinates" : [8.43217,46.09101]},
			"properties" : { "ANNO":"2010","ID_SEZIONE":"5881","ISTAT_COMUNE_SEZ":"103062","COMUNE_SEZ":"SANTA MARIA MAGGIORE","PROVINCIA":"VB","ID_CENTRALE":"1294","NOME_CENTRALE":"SANTA MARIA MAGGIORE","ISTAT_COMUNE_CENTR":"103062","COMUNE_CENTR":"SANTA MARIA MAGGIORE","PROVINCIA_CENTR":"VB","INDIRIZZO_CENTRALE":"VITTORIO VENETO 4","LATITUDINE_SEZIONE":"46.09101","LONGITUDINE_SEZIONE":"8.43217","POS_X_SEZIONE":"456103.52320","POS_Y_SEZIONE":"5104316.54313","LATITUDINE_CENTRALE":"46.13362","LONGITUDINE_CENTRALE":"8.46416","POS_X_CENTRALE":"458608.36973","POS_Y_CENTRALE":"5109032.97664","TIPO_ADSL":"ADSL_1","DESCRIZIONE_TIPO_ADSL":"ADSL (8 mega)","DISTANZA_CALCOLATA":"5340.32","CLASSE_DISTANZA":"5300-5699","POTENZA_SEGNALE":"0.00","POPOLAZIONE_SEZIONE": ""}
			},
		 		{ "type" : "Feature",
				"geometry" : {
					"type" : "Point",
					"coordinates" : [8.42562,46.18149]},
			"properties" : { "ANNO":"2010","ID_SEZIONE":"6259","ISTAT_COMUNE_SEZ":"103062","COMUNE_SEZ":"SANTA MARIA MAGGIORE","PROVINCIA":"VB","ID_CENTRALE":"1294","NOME_CENTRALE":"SANTA MARIA MAGGIORE","ISTAT_COMUNE_CENTR":"103062","COMUNE_CENTR":"SANTA MARIA MAGGIORE","PROVINCIA_CENTR":"VB","INDIRIZZO_CENTRALE":"VITTORIO VENETO 4","LATITUDINE_SEZIONE":"46.18149","LONGITUDINE_SEZIONE":"8.42562","POS_X_SEZIONE":"455670.23091","POS_Y_SEZIONE":"5114372.60509","LATITUDINE_CENTRALE":"46.13362","LONGITUDINE_CENTRALE":"8.46416","POS_X_CENTRALE":"458608.36973","POS_Y_CENTRALE":"5109032.97664","TIPO_ADSL":"ADSL_1","DESCRIZIONE_TIPO_ADSL":"ADSL (8 mega)","DISTANZA_CALCOLATA":"6094.61","CLASSE_DISTANZA":"5700-6099","POTENZA_SEGNALE":"0.00","POPOLAZIONE_SEZIONE": ""}
			},
		 		{ "type" : "Feature",
				"geometry" : {
					"type" : "Point",
					"coordinates" : [8.47174,46.19816]},
			"properties" : { "ANNO":"2010","ID_SEZIONE":"6862","ISTAT_COMUNE_SEZ":"103062","COMUNE_SEZ":"SANTA MARIA MAGGIORE","PROVINCIA":"VB","ID_CENTRALE":"1294","NOME_CENTRALE":"SANTA MARIA MAGGIORE","ISTAT_COMUNE_CENTR":"103062","COMUNE_CENTR":"SANTA MARIA MAGGIORE","PROVINCIA_CENTR":"VB","INDIRIZZO_CENTRALE":"VITTORIO VENETO 4","LATITUDINE_SEZIONE":"46.19816","LONGITUDINE_SEZIONE":"8.47174","POS_X_SEZIONE":"459242.15949","POS_Y_SEZIONE":"5116200.61200","LATITUDINE_CENTRALE":"46.13362","LONGITUDINE_CENTRALE":"8.46416","POS_X_CENTRALE":"458608.36973","POS_Y_CENTRALE":"5109032.97664","TIPO_ADSL":"ADSL_1","DESCRIZIONE_TIPO_ADSL":"ADSL (8 mega)","DISTANZA_CALCOLATA":"7195.6","CLASSE_DISTANZA":"6100 e oltre","POTENZA_SEGNALE":"0.00","POPOLAZIONE_SEZIONE": ""}
			},
		 		{ "type" : "Feature",
				"geometry" : {
					"type" : "Point",
					"coordinates" : [8.44477,46.18393]},
			"properties" : { "ANNO":"2010","ID_SEZIONE":"6864","ISTAT_COMUNE_SEZ":"103062","COMUNE_SEZ":"SANTA MARIA MAGGIORE","PROVINCIA":"VB","ID_CENTRALE":"1294","NOME_CENTRALE":"SANTA MARIA MAGGIORE","ISTAT_COMUNE_CENTR":"103062","COMUNE_CENTR":"SANTA MARIA MAGGIORE","PROVINCIA_CENTR":"VB","INDIRIZZO_CENTRALE":"VITTORIO VENETO 4","LATITUDINE_SEZIONE":"46.18393","LONGITUDINE_SEZIONE":"8.44477","POS_X_SEZIONE":"457149.57760","POS_Y_SEZIONE":"5114633.10659","LATITUDINE_CENTRALE":"46.13362","LONGITUDINE_CENTRALE":"8.46416","POS_X_CENTRALE":"458608.36973","POS_Y_CENTRALE":"5109032.97664","TIPO_ADSL":"ADSL_1","DESCRIZIONE_TIPO_ADSL":"ADSL (8 mega)","DISTANZA_CALCOLATA":"5787.01","CLASSE_DISTANZA":"5700-6099","POTENZA_SEGNALE":"0.00","POPOLAZIONE_SEZIONE": ""}
			},
		 		{ "type" : "Feature",
				"geometry" : {
					"type" : "Point",
					"coordinates" : [8.44053,46.21349]},
			"properties" : { "ANNO":"2010","ID_SEZIONE":"7981","ISTAT_COMUNE_SEZ":"103062","COMUNE_SEZ":"SANTA MARIA MAGGIORE","PROVINCIA":"VB","ID_CENTRALE":"1294","NOME_CENTRALE":"SANTA MARIA MAGGIORE","ISTAT_COMUNE_CENTR":"103062","COMUNE_CENTR":"SANTA MARIA MAGGIORE","PROVINCIA_CENTR":"VB","INDIRIZZO_CENTRALE":"VITTORIO VENETO 4","LATITUDINE_SEZIONE":"46.21349","LONGITUDINE_SEZIONE":"8.44053","POS_X_SEZIONE":"456845.76141","POS_Y_SEZIONE":"5117920.64119","LATITUDINE_CENTRALE":"46.13362","LONGITUDINE_CENTRALE":"8.46416","POS_X_CENTRALE":"458608.36973","POS_Y_CENTRALE":"5109032.97664","TIPO_ADSL":"ADSL_1","DESCRIZIONE_TIPO_ADSL":"ADSL (8 mega)","DISTANZA_CALCOLATA":"9060.76","CLASSE_DISTANZA":"6100 e oltre","POTENZA_SEGNALE":"0.00","POPOLAZIONE_SEZIONE": ""}
			},
		 		{ "type" : "Feature",
				"geometry" : {
					"type" : "Point",
					"coordinates" : [8.43966,46.15090]},
			"properties" : { "ANNO":"2010","ID_SEZIONE":"9388","ISTAT_COMUNE_SEZ":"103062","COMUNE_SEZ":"SANTA MARIA MAGGIORE","PROVINCIA":"VB","ID_CENTRALE":"1294","NOME_CENTRALE":"SANTA MARIA MAGGIORE","ISTAT_COMUNE_CENTR":"103062","COMUNE_CENTR":"SANTA MARIA MAGGIORE","PROVINCIA_CENTR":"VB","INDIRIZZO_CENTRALE":"VITTORIO VENETO 4","LATITUDINE_SEZIONE":"46.15090","LONGITUDINE_SEZIONE":"8.43966","POS_X_SEZIONE":"456729.57990","POS_Y_SEZIONE":"5110966.57782","LATITUDINE_CENTRALE":"46.13362","LONGITUDINE_CENTRALE":"8.46416","POS_X_CENTRALE":"458608.36973","POS_Y_CENTRALE":"5109032.97664","TIPO_ADSL":"ADSL_1","DESCRIZIONE_TIPO_ADSL":"ADSL (8 mega)","DISTANZA_CALCOLATA":"2696.05","CLASSE_DISTANZA":"2500-2899","POTENZA_SEGNALE":"5749.63","POPOLAZIONE_SEZIONE": ""}
			},
		 		{ "type" : "Feature",
				"geometry" : {
					"type" : "Point",
					"coordinates" : [8.44796,46.23981]},
			"properties" : { "ANNO":"2010","ID_SEZIONE":"19268","ISTAT_COMUNE_SEZ":"103062","COMUNE_SEZ":"SANTA MARIA MAGGIORE","PROVINCIA":"VB","ID_CENTRALE":"1294","NOME_CENTRALE":"SANTA MARIA MAGGIORE","ISTAT_COMUNE_CENTR":"103062","COMUNE_CENTR":"SANTA MARIA MAGGIORE","PROVINCIA_CENTR":"VB","INDIRIZZO_CENTRALE":"VITTORIO VENETO 4","LATITUDINE_SEZIONE":"46.23981","LONGITUDINE_SEZIONE":"8.44796","POS_X_SEZIONE":"457439.16736","POS_Y_SEZIONE":"5120841.17111","LATITUDINE_CENTRALE":"46.13362","LONGITUDINE_CENTRALE":"8.46416","POS_X_CENTRALE":"458608.36973","POS_Y_CENTRALE":"5109032.97664","TIPO_ADSL":"ADSL_1","DESCRIZIONE_TIPO_ADSL":"ADSL (8 mega)","DISTANZA_CALCOLATA":"11865.94","CLASSE_DISTANZA":"6100 e oltre","POTENZA_SEGNALE":"0.00","POPOLAZIONE_SEZIONE": ""}
			},
		 		{ "type" : "Feature",
				"geometry" : {
					"type" : "Point",
					"coordinates" : [8.48173,46.21257]},
			"properties" : { "ANNO":"2010","ID_SEZIONE":"21935","ISTAT_COMUNE_SEZ":"103062","COMUNE_SEZ":"SANTA MARIA MAGGIORE","PROVINCIA":"VB","ID_CENTRALE":"1294","NOME_CENTRALE":"SANTA MARIA MAGGIORE","ISTAT_COMUNE_CENTR":"103062","COMUNE_CENTR":"SANTA MARIA MAGGIORE","PROVINCIA_CENTR":"VB","INDIRIZZO_CENTRALE":"VITTORIO VENETO 4","LATITUDINE_SEZIONE":"46.21257","LONGITUDINE_SEZIONE":"8.48173","POS_X_SEZIONE":"460023.24570","POS_Y_SEZIONE":"5117796.62301","LATITUDINE_CENTRALE":"46.13362","LONGITUDINE_CENTRALE":"8.46416","POS_X_CENTRALE":"458608.36973","POS_Y_CENTRALE":"5109032.97664","TIPO_ADSL":"ADSL_1","DESCRIZIONE_TIPO_ADSL":"ADSL (8 mega)","DISTANZA_CALCOLATA":"8877.13","CLASSE_DISTANZA":"6100 e oltre","POTENZA_SEGNALE":"0.00","POPOLAZIONE_SEZIONE": ""}
			},
		 		{ "type" : "Feature",
				"geometry" : {
					"type" : "Point",
					"coordinates" : [8.43387,46.08062]},
			"properties" : { "ANNO":"2010","ID_SEZIONE":"21978","ISTAT_COMUNE_SEZ":"103062","COMUNE_SEZ":"SANTA MARIA MAGGIORE","PROVINCIA":"VB","ID_CENTRALE":"1294","NOME_CENTRALE":"SANTA MARIA MAGGIORE","ISTAT_COMUNE_CENTR":"103062","COMUNE_CENTR":"SANTA MARIA MAGGIORE","PROVINCIA_CENTR":"VB","INDIRIZZO_CENTRALE":"VITTORIO VENETO 4","LATITUDINE_SEZIONE":"46.08062","LONGITUDINE_SEZIONE":"8.43387","POS_X_SEZIONE":"456227.11897","POS_Y_SEZIONE":"5103161.03900","LATITUDINE_CENTRALE":"46.13362","LONGITUDINE_CENTRALE":"8.46416","POS_X_CENTRALE":"458608.36973","POS_Y_CENTRALE":"5109032.97664","TIPO_ADSL":"ADSL_1","DESCRIZIONE_TIPO_ADSL":"ADSL (8 mega)","DISTANZA_CALCOLATA":"6336.4","CLASSE_DISTANZA":"6100 e oltre","POTENZA_SEGNALE":"0.00","POPOLAZIONE_SEZIONE": ""}
			},
		 		{ "type" : "Feature",
				"geometry" : {
					"type" : "Point",
					"coordinates" : [8.45990,46.13368]},
			"properties" : { "ANNO":"2010","ID_SEZIONE":"23305","ISTAT_COMUNE_SEZ":"103062","COMUNE_SEZ":"SANTA MARIA MAGGIORE","PROVINCIA":"VB","ID_CENTRALE":"1294","NOME_CENTRALE":"SANTA MARIA MAGGIORE","ISTAT_COMUNE_CENTR":"103062","COMUNE_CENTR":"SANTA MARIA MAGGIORE","PROVINCIA_CENTR":"VB","INDIRIZZO_CENTRALE":"VITTORIO VENETO 4","LATITUDINE_SEZIONE":"46.13368","LONGITUDINE_SEZIONE":"8.45990","POS_X_SEZIONE":"458279.95379","POS_Y_SEZIONE":"5109042.56169","LATITUDINE_CENTRALE":"46.13362","LONGITUDINE_CENTRALE":"8.46416","POS_X_CENTRALE":"458608.36973","POS_Y_CENTRALE":"5109032.97664","TIPO_ADSL":"ADSL_1","DESCRIZIONE_TIPO_ADSL":"ADSL (8 mega)","DISTANZA_CALCOLATA":"328.56","CLASSE_DISTANZA":"100-499","POTENZA_SEGNALE":"7000","POPOLAZIONE_SEZIONE": "144"}
			},
		 		{ "type" : "Feature",
				"geometry" : {
					"type" : "Point",
					"coordinates" : [8.46726,46.13570]},
			"properties" : { "ANNO":"2010","ID_SEZIONE":"23729","ISTAT_COMUNE_SEZ":"103062","COMUNE_SEZ":"SANTA MARIA MAGGIORE","PROVINCIA":"VB","ID_CENTRALE":"1294","NOME_CENTRALE":"SANTA MARIA MAGGIORE","ISTAT_COMUNE_CENTR":"103062","COMUNE_CENTR":"SANTA MARIA MAGGIORE","PROVINCIA_CENTR":"VB","INDIRIZZO_CENTRALE":"VITTORIO VENETO 4","LATITUDINE_SEZIONE":"46.13570","LONGITUDINE_SEZIONE":"8.46726","POS_X_SEZIONE":"458849.63571","POS_Y_SEZIONE":"5109263.05961","LATITUDINE_CENTRALE":"46.13362","LONGITUDINE_CENTRALE":"8.46416","POS_X_CENTRALE":"458608.36973","POS_Y_CENTRALE":"5109032.97664","TIPO_ADSL":"ADSL_1","DESCRIZIONE_TIPO_ADSL":"ADSL (8 mega)","DISTANZA_CALCOLATA":"333.39","CLASSE_DISTANZA":"100-499","POTENZA_SEGNALE":"7000","POPOLAZIONE_SEZIONE": "142"}
			},
		 		{ "type" : "Feature",
				"geometry" : {
					"type" : "Point",
					"coordinates" : [8.43861,46.09926]},
			"properties" : { "ANNO":"2010","ID_SEZIONE":"26812","ISTAT_COMUNE_SEZ":"103062","COMUNE_SEZ":"SANTA MARIA MAGGIORE","PROVINCIA":"VB","ID_CENTRALE":"1294","NOME_CENTRALE":"SANTA MARIA MAGGIORE","ISTAT_COMUNE_CENTR":"103062","COMUNE_CENTR":"SANTA MARIA MAGGIORE","PROVINCIA_CENTR":"VB","INDIRIZZO_CENTRALE":"VITTORIO VENETO 4","LATITUDINE_SEZIONE":"46.09926","LONGITUDINE_SEZIONE":"8.43861","POS_X_SEZIONE":"456607.68038","POS_Y_SEZIONE":"5105229.04642","LATITUDINE_CENTRALE":"46.13362","LONGITUDINE_CENTRALE":"8.46416","POS_X_CENTRALE":"458608.36973","POS_Y_CENTRALE":"5109032.97664","TIPO_ADSL":"ADSL_1","DESCRIZIONE_TIPO_ADSL":"ADSL (8 mega)","DISTANZA_CALCOLATA":"4297.98","CLASSE_DISTANZA":"4100-4499","POTENZA_SEGNALE":"2125.38","POPOLAZIONE_SEZIONE": ""}
			},
		 		{ "type" : "Feature",
				"geometry" : {
					"type" : "Point",
					"coordinates" : [8.45590,46.19794]},
			"properties" : { "ANNO":"2010","ID_SEZIONE":"28219","ISTAT_COMUNE_SEZ":"103062","COMUNE_SEZ":"SANTA MARIA MAGGIORE","PROVINCIA":"VB","ID_CENTRALE":"1294","NOME_CENTRALE":"SANTA MARIA MAGGIORE","ISTAT_COMUNE_CENTR":"103062","COMUNE_CENTR":"SANTA MARIA MAGGIORE","PROVINCIA_CENTR":"VB","INDIRIZZO_CENTRALE":"VITTORIO VENETO 4","LATITUDINE_SEZIONE":"46.19794","LONGITUDINE_SEZIONE":"8.45590","POS_X_SEZIONE":"458019.88698","POS_Y_SEZIONE":"5116183.62026","LATITUDINE_CENTRALE":"46.13362","LONGITUDINE_CENTRALE":"8.46416","POS_X_CENTRALE":"458608.36973","POS_Y_CENTRALE":"5109032.97664","TIPO_ADSL":"ADSL_1","DESCRIZIONE_TIPO_ADSL":"ADSL (8 mega)","DISTANZA_CALCOLATA":"7174.82","CLASSE_DISTANZA":"6100 e oltre","POTENZA_SEGNALE":"0.00","POPOLAZIONE_SEZIONE": ""}
			},
		 		{ "type" : "Feature",
				"geometry" : {
					"type" : "Point",
					"coordinates" : [8.44984,46.13611]},
			"properties" : { "ANNO":"2010","ID_SEZIONE":"29619","ISTAT_COMUNE_SEZ":"103062","COMUNE_SEZ":"SANTA MARIA MAGGIORE","PROVINCIA":"VB","ID_CENTRALE":"1294","NOME_CENTRALE":"SANTA MARIA MAGGIORE","ISTAT_COMUNE_CENTR":"103062","COMUNE_CENTR":"SANTA MARIA MAGGIORE","PROVINCIA_CENTR":"VB","INDIRIZZO_CENTRALE":"VITTORIO VENETO 4","LATITUDINE_SEZIONE":"46.13611","LONGITUDINE_SEZIONE":"8.44984","POS_X_SEZIONE":"457504.27021","POS_Y_SEZIONE":"5109317.56764","LATITUDINE_CENTRALE":"46.13362","LONGITUDINE_CENTRALE":"8.46416","POS_X_CENTRALE":"458608.36973","POS_Y_CENTRALE":"5109032.97664","TIPO_ADSL":"ADSL_1","DESCRIZIONE_TIPO_ADSL":"ADSL (8 mega)","DISTANZA_CALCOLATA":"1140.19","CLASSE_DISTANZA":"900-1299","POTENZA_SEGNALE":"7000","POPOLAZIONE_SEZIONE": "240"}
			},
		 		{ "type" : "Feature",
				"geometry" : {
					"type" : "Point",
					"coordinates" : [8.46975,46.13712]},
			"properties" : { "ANNO":"2010","ID_SEZIONE":"29654","ISTAT_COMUNE_SEZ":"103065","COMUNE_SEZ":"TOCENO","PROVINCIA":"VB","ID_CENTRALE":"1294","NOME_CENTRALE":"SANTA MARIA MAGGIORE","ISTAT_COMUNE_CENTR":"103062","COMUNE_CENTR":"SANTA MARIA MAGGIORE","PROVINCIA_CENTR":"VB","INDIRIZZO_CENTRALE":"VITTORIO VENETO 4","LATITUDINE_SEZIONE":"46.13712","LONGITUDINE_SEZIONE":"8.46975","POS_X_SEZIONE":"459043.07187","POS_Y_SEZIONE":"5109419.55907","LATITUDINE_CENTRALE":"46.13362","LONGITUDINE_CENTRALE":"8.46416","POS_X_CENTRALE":"458608.36973","POS_Y_CENTRALE":"5109032.97664","TIPO_ADSL":"ADSL_1","DESCRIZIONE_TIPO_ADSL":"ADSL (8 mega)","DISTANZA_CALCOLATA":"581.73","CLASSE_DISTANZA":"500-899","POTENZA_SEGNALE":"7000","POPOLAZIONE_SEZIONE": "23"}
			},
		 		{ "type" : "Feature",
				"geometry" : {
					"type" : "Point",
					"coordinates" : [8.45563,46.08955]},
			"properties" : { "ANNO":"2010","ID_SEZIONE":"32685","ISTAT_COMUNE_SEZ":"103062","COMUNE_SEZ":"SANTA MARIA MAGGIORE","PROVINCIA":"VB","ID_CENTRALE":"1294","NOME_CENTRALE":"SANTA MARIA MAGGIORE","ISTAT_COMUNE_CENTR":"103062","COMUNE_CENTR":"SANTA MARIA MAGGIORE","PROVINCIA_CENTR":"VB","INDIRIZZO_CENTRALE":"VITTORIO VENETO 4","LATITUDINE_SEZIONE":"46.08955","LONGITUDINE_SEZIONE":"8.45563","POS_X_SEZIONE":"457915.83680","POS_Y_SEZIONE":"5104141.53538","LATITUDINE_CENTRALE":"46.13362","LONGITUDINE_CENTRALE":"8.46416","POS_X_CENTRALE":"458608.36973","POS_Y_CENTRALE":"5109032.97664","TIPO_ADSL":"ADSL_1","DESCRIZIONE_TIPO_ADSL":"ADSL (8 mega)","DISTANZA_CALCOLATA":"4940.22","CLASSE_DISTANZA":"4900-5299","POTENZA_SEGNALE":"125.13","POPOLAZIONE_SEZIONE": ""}
			}
		 		]
	}
		