 	{ "type" : "FeatureCollection",
		"features" : [
		 		{ "type" : "Feature",
				"geometry" : {
					"type" : "Point",
					"coordinates" : [7.65714,45.15493]},
			"properties" : { "ANNO":"2010","ID_SEZIONE":"276","ISTAT_COMUNE_SEZ":"1028","COMUNE_SEZ":"BORGARO TORINESE","PROVINCIA":"TO","ID_CENTRALE":"1449","NOME_CENTRALE":"TORINO BORGARO","ISTAT_COMUNE_CENTR":"1028","COMUNE_CENTR":"BORGARO TORINESE","PROVINCIA_CENTR":"TO","INDIRIZZO_CENTRALE":"VIA CASELLE 27","LATITUDINE_SEZIONE":"45.15493","LONGITUDINE_SEZIONE":"7.65714","POS_X_SEZIONE":"394448.08276","POS_Y_SEZIONE":"5001038.73593","LATITUDINE_CENTRALE":"45.15293","LONGITUDINE_CENTRALE":"7.65584","POS_X_CENTRALE":"394341.44554","POS_Y_CENTRALE":"5000817.84121","TIPO_ADSL":"ADSL_2P","DESCRIZIONE_TIPO_ADSL":"ADSL 2+ (24 mega)","DISTANZA_CALCOLATA":"245.29","CLASSE_DISTANZA":"100-499","POTENZA_SEGNALE":"19761.67","POPOLAZIONE_SEZIONE": "599"}
			},
		 		{ "type" : "Feature",
				"geometry" : {
					"type" : "Point",
					"coordinates" : [7.65564,45.15530]},
			"properties" : { "ANNO":"2010","ID_SEZIONE":"2622","ISTAT_COMUNE_SEZ":"1028","COMUNE_SEZ":"BORGARO TORINESE","PROVINCIA":"TO","ID_CENTRALE":"1449","NOME_CENTRALE":"TORINO BORGARO","ISTAT_COMUNE_CENTR":"1028","COMUNE_CENTR":"BORGARO TORINESE","PROVINCIA_CENTR":"TO","INDIRIZZO_CENTRALE":"VIA CASELLE 27","LATITUDINE_SEZIONE":"45.15530","LONGITUDINE_SEZIONE":"7.65564","POS_X_SEZIONE":"394330.52346","POS_Y_SEZIONE":"5001081.23602","LATITUDINE_CENTRALE":"45.15293","LONGITUDINE_CENTRALE":"7.65584","POS_X_CENTRALE":"394341.44554","POS_Y_CENTRALE":"5000817.84121","TIPO_ADSL":"ADSL_2P","DESCRIZIONE_TIPO_ADSL":"ADSL 2+ (24 mega)","DISTANZA_CALCOLATA":"263.62","CLASSE_DISTANZA":"100-499","POTENZA_SEGNALE":"19761.67","POPOLAZIONE_SEZIONE": "679"}
			},
		 		{ "type" : "Feature",
				"geometry" : {
					"type" : "Point",
					"coordinates" : [7.65944,45.13990]},
			"properties" : { "ANNO":"2010","ID_SEZIONE":"3090","ISTAT_COMUNE_SEZ":"1028","COMUNE_SEZ":"BORGARO TORINESE","PROVINCIA":"TO","ID_CENTRALE":"1449","NOME_CENTRALE":"TORINO BORGARO","ISTAT_COMUNE_CENTR":"1028","COMUNE_CENTR":"BORGARO TORINESE","PROVINCIA_CENTR":"TO","INDIRIZZO_CENTRALE":"VIA CASELLE 27","LATITUDINE_SEZIONE":"45.13990","LONGITUDINE_SEZIONE":"7.65944","POS_X_SEZIONE":"394600.89120","POS_Y_SEZIONE":"4999365.21938","LATITUDINE_CENTRALE":"45.15293","LONGITUDINE_CENTRALE":"7.65584","POS_X_CENTRALE":"394341.44554","POS_Y_CENTRALE":"5000817.84121","TIPO_ADSL":"ADSL_2P","DESCRIZIONE_TIPO_ADSL":"ADSL 2+ (24 mega)","DISTANZA_CALCOLATA":"1475.61","CLASSE_DISTANZA":"1300-1699","POTENZA_SEGNALE":"16071.67","POPOLAZIONE_SEZIONE": ""}
			},
		 		{ "type" : "Feature",
				"geometry" : {
					"type" : "Point",
					"coordinates" : [7.66248,45.12958]},
			"properties" : { "ANNO":"2010","ID_SEZIONE":"5365","ISTAT_COMUNE_SEZ":"1272","COMUNE_SEZ":"TORINO","PROVINCIA":"TO","ID_CENTRALE":"1449","NOME_CENTRALE":"TORINO BORGARO","ISTAT_COMUNE_CENTR":"1028","COMUNE_CENTR":"BORGARO TORINESE","PROVINCIA_CENTR":"TO","INDIRIZZO_CENTRALE":"VIA CASELLE 27","LATITUDINE_SEZIONE":"45.12958","LONGITUDINE_SEZIONE":"7.66248","POS_X_SEZIONE":"394820.91655","POS_Y_SEZIONE":"4998215.70821","LATITUDINE_CENTRALE":"45.15293","LONGITUDINE_CENTRALE":"7.65584","POS_X_CENTRALE":"394341.44554","POS_Y_CENTRALE":"5000817.84121","TIPO_ADSL":"ADSL_2P","DESCRIZIONE_TIPO_ADSL":"ADSL 2+ (24 mega)","DISTANZA_CALCOLATA":"2645.94","CLASSE_DISTANZA":"2500-2899","POTENZA_SEGNALE":"7380.83","POPOLAZIONE_SEZIONE": "50"}
			},
		 		{ "type" : "Feature",
				"geometry" : {
					"type" : "Point",
					"coordinates" : [7.65648,45.14817]},
			"properties" : { "ANNO":"2010","ID_SEZIONE":"6622","ISTAT_COMUNE_SEZ":"1028","COMUNE_SEZ":"BORGARO TORINESE","PROVINCIA":"TO","ID_CENTRALE":"1449","NOME_CENTRALE":"TORINO BORGARO","ISTAT_COMUNE_CENTR":"1028","COMUNE_CENTR":"BORGARO TORINESE","PROVINCIA_CENTR":"TO","INDIRIZZO_CENTRALE":"VIA CASELLE 27","LATITUDINE_SEZIONE":"45.14817","LONGITUDINE_SEZIONE":"7.65648","POS_X_SEZIONE":"394383.48935","POS_Y_SEZIONE":"5000288.72863","LATITUDINE_CENTRALE":"45.15293","LONGITUDINE_CENTRALE":"7.65584","POS_X_CENTRALE":"394341.44554","POS_Y_CENTRALE":"5000817.84121","TIPO_ADSL":"ADSL_2P","DESCRIZIONE_TIPO_ADSL":"ADSL 2+ (24 mega)","DISTANZA_CALCOLATA":"530.78","CLASSE_DISTANZA":"500-899","POTENZA_SEGNALE":"19523.33","POPOLAZIONE_SEZIONE": "152"}
			},
		 		{ "type" : "Feature",
				"geometry" : {
					"type" : "Point",
					"coordinates" : [7.65791,45.15036]},
			"properties" : { "ANNO":"2010","ID_SEZIONE":"6789","ISTAT_COMUNE_SEZ":"1028","COMUNE_SEZ":"BORGARO TORINESE","PROVINCIA":"TO","ID_CENTRALE":"1449","NOME_CENTRALE":"TORINO BORGARO","ISTAT_COMUNE_CENTR":"1028","COMUNE_CENTR":"BORGARO TORINESE","PROVINCIA_CENTR":"TO","INDIRIZZO_CENTRALE":"VIA CASELLE 27","LATITUDINE_SEZIONE":"45.15036","LONGITUDINE_SEZIONE":"7.65791","POS_X_SEZIONE":"394499.58125","POS_Y_SEZIONE":"5000529.23090","LATITUDINE_CENTRALE":"45.15293","LONGITUDINE_CENTRALE":"7.65584","POS_X_CENTRALE":"394341.44554","POS_Y_CENTRALE":"5000817.84121","TIPO_ADSL":"ADSL_2P","DESCRIZIONE_TIPO_ADSL":"ADSL 2+ (24 mega)","DISTANZA_CALCOLATA":"329.09","CLASSE_DISTANZA":"100-499","POTENZA_SEGNALE":"19761.67","POPOLAZIONE_SEZIONE": "563"}
			},
		 		{ "type" : "Feature",
				"geometry" : {
					"type" : "Point",
					"coordinates" : [7.65830,45.15296]},
			"properties" : { "ANNO":"2010","ID_SEZIONE":"8339","ISTAT_COMUNE_SEZ":"1028","COMUNE_SEZ":"BORGARO TORINESE","PROVINCIA":"TO","ID_CENTRALE":"1449","NOME_CENTRALE":"TORINO BORGARO","ISTAT_COMUNE_CENTR":"1028","COMUNE_CENTR":"BORGARO TORINESE","PROVINCIA_CENTR":"TO","INDIRIZZO_CENTRALE":"VIA CASELLE 27","LATITUDINE_SEZIONE":"45.15296","LONGITUDINE_SEZIONE":"7.65830","POS_X_SEZIONE":"394535.55028","POS_Y_SEZIONE":"5000817.73368","LATITUDINE_CENTRALE":"45.15293","LONGITUDINE_CENTRALE":"7.65584","POS_X_CENTRALE":"394341.44554","POS_Y_CENTRALE":"5000817.84121","TIPO_ADSL":"ADSL_2P","DESCRIZIONE_TIPO_ADSL":"ADSL 2+ (24 mega)","DISTANZA_CALCOLATA":"194.10","CLASSE_DISTANZA":"100-499","POTENZA_SEGNALE":"19761.67","POPOLAZIONE_SEZIONE": "566"}
			},
		 		{ "type" : "Feature",
				"geometry" : {
					"type" : "Point",
					"coordinates" : [7.65669,45.15820]},
			"properties" : { "ANNO":"2010","ID_SEZIONE":"10783","ISTAT_COMUNE_SEZ":"1028","COMUNE_SEZ":"BORGARO TORINESE","PROVINCIA":"TO","ID_CENTRALE":"1449","NOME_CENTRALE":"TORINO BORGARO","ISTAT_COMUNE_CENTR":"1028","COMUNE_CENTR":"BORGARO TORINESE","PROVINCIA_CENTR":"TO","INDIRIZZO_CENTRALE":"VIA CASELLE 27","LATITUDINE_SEZIONE":"45.15820","LONGITUDINE_SEZIONE":"7.65669","POS_X_SEZIONE":"394417.98996","POS_Y_SEZIONE":"5001402.73925","LATITUDINE_CENTRALE":"45.15293","LONGITUDINE_CENTRALE":"7.65584","POS_X_CENTRALE":"394341.44554","POS_Y_CENTRALE":"5000817.84121","TIPO_ADSL":"ADSL_2P","DESCRIZIONE_TIPO_ADSL":"ADSL 2+ (24 mega)","DISTANZA_CALCOLATA":"589.89","CLASSE_DISTANZA":"500-899","POTENZA_SEGNALE":"19523.33","POPOLAZIONE_SEZIONE": "856"}
			},
		 		{ "type" : "Feature",
				"geometry" : {
					"type" : "Point",
					"coordinates" : [7.71569,45.05232]},
			"properties" : { "ANNO":"2010","ID_SEZIONE":"11374","ISTAT_COMUNE_SEZ":"1272","COMUNE_SEZ":"TORINO","PROVINCIA":"TO","ID_CENTRALE":"1449","NOME_CENTRALE":"TORINO BORGARO","ISTAT_COMUNE_CENTR":"1028","COMUNE_CENTR":"BORGARO TORINESE","PROVINCIA_CENTR":"TO","INDIRIZZO_CENTRALE":"VIA CASELLE 27","LATITUDINE_SEZIONE":"45.05232","LONGITUDINE_SEZIONE":"7.71569","POS_X_SEZIONE":"398868.92935","POS_Y_SEZIONE":"4989565.10468","LATITUDINE_CENTRALE":"45.15293","LONGITUDINE_CENTRALE":"7.65584","POS_X_CENTRALE":"394341.44554","POS_Y_CENTRALE":"5000817.84121","TIPO_ADSL":"ADSL_2P","DESCRIZIONE_TIPO_ADSL":"ADSL 2+ (24 mega)","DISTANZA_CALCOLATA":"12129.39","CLASSE_DISTANZA":"6100 e oltre","POTENZA_SEGNALE":"0.00","POPOLAZIONE_SEZIONE": "466"}
			},
		 		{ "type" : "Feature",
				"geometry" : {
					"type" : "Point",
					"coordinates" : [7.66058,45.14681]},
			"properties" : { "ANNO":"2010","ID_SEZIONE":"12639","ISTAT_COMUNE_SEZ":"1028","COMUNE_SEZ":"BORGARO TORINESE","PROVINCIA":"TO","ID_CENTRALE":"1449","NOME_CENTRALE":"TORINO BORGARO","ISTAT_COMUNE_CENTR":"1028","COMUNE_CENTR":"BORGARO TORINESE","PROVINCIA_CENTR":"TO","INDIRIZZO_CENTRALE":"VIA CASELLE 27","LATITUDINE_SEZIONE":"45.14681","LONGITUDINE_SEZIONE":"7.66058","POS_X_SEZIONE":"394703.17088","POS_Y_SEZIONE":"5000131.72690","LATITUDINE_CENTRALE":"45.15293","LONGITUDINE_CENTRALE":"7.65584","POS_X_CENTRALE":"394341.44554","POS_Y_CENTRALE":"5000817.84121","TIPO_ADSL":"ADSL_2P","DESCRIZIONE_TIPO_ADSL":"ADSL 2+ (24 mega)","DISTANZA_CALCOLATA":"775.63","CLASSE_DISTANZA":"500-899","POTENZA_SEGNALE":"19523.33","POPOLAZIONE_SEZIONE": "1030"}
			},
		 		{ "type" : "Feature",
				"geometry" : {
					"type" : "Point",
					"coordinates" : [7.65632,45.15258]},
			"properties" : { "ANNO":"2010","ID_SEZIONE":"17830","ISTAT_COMUNE_SEZ":"1028","COMUNE_SEZ":"BORGARO TORINESE","PROVINCIA":"TO","ID_CENTRALE":"1449","NOME_CENTRALE":"TORINO BORGARO","ISTAT_COMUNE_CENTR":"1028","COMUNE_CENTR":"BORGARO TORINESE","PROVINCIA_CENTR":"TO","INDIRIZZO_CENTRALE":"VIA CASELLE 27","LATITUDINE_SEZIONE":"45.15258","LONGITUDINE_SEZIONE":"7.65632","POS_X_SEZIONE":"394379.14708","POS_Y_SEZIONE":"5000778.23340","LATITUDINE_CENTRALE":"45.15293","LONGITUDINE_CENTRALE":"7.65584","POS_X_CENTRALE":"394341.44554","POS_Y_CENTRALE":"5000817.84121","TIPO_ADSL":"ADSL_2P","DESCRIZIONE_TIPO_ADSL":"ADSL 2+ (24 mega)","DISTANZA_CALCOLATA":"54.68","CLASSE_DISTANZA":"0-99","POTENZA_SEGNALE":"19761.67","POPOLAZIONE_SEZIONE": "881"}
			},
		 		{ "type" : "Feature",
				"geometry" : {
					"type" : "Point",
					"coordinates" : [7.66451,45.12222]},
			"properties" : { "ANNO":"2010","ID_SEZIONE":"17831","ISTAT_COMUNE_SEZ":"1272","COMUNE_SEZ":"TORINO","PROVINCIA":"TO","ID_CENTRALE":"1449","NOME_CENTRALE":"TORINO BORGARO","ISTAT_COMUNE_CENTR":"1028","COMUNE_CENTR":"BORGARO TORINESE","PROVINCIA_CENTR":"TO","INDIRIZZO_CENTRALE":"VIA CASELLE 27","LATITUDINE_SEZIONE":"45.12222","LONGITUDINE_SEZIONE":"7.66451","POS_X_SEZIONE":"394966.63175","POS_Y_SEZIONE":"4997395.20005","LATITUDINE_CENTRALE":"45.15293","LONGITUDINE_CENTRALE":"7.65584","POS_X_CENTRALE":"394341.44554","POS_Y_CENTRALE":"5000817.84121","TIPO_ADSL":"ADSL_2P","DESCRIZIONE_TIPO_ADSL":"ADSL 2+ (24 mega)","DISTANZA_CALCOLATA":"3479.27","CLASSE_DISTANZA":"3300-3699","POTENZA_SEGNALE":"4047.5","POPOLAZIONE_SEZIONE": "203"}
			},
		 		{ "type" : "Feature",
				"geometry" : {
					"type" : "Point",
					"coordinates" : [7.66112,45.15623]},
			"properties" : { "ANNO":"2010","ID_SEZIONE":"20269","ISTAT_COMUNE_SEZ":"1028","COMUNE_SEZ":"BORGARO TORINESE","PROVINCIA":"TO","ID_CENTRALE":"1449","NOME_CENTRALE":"TORINO BORGARO","ISTAT_COMUNE_CENTR":"1028","COMUNE_CENTR":"BORGARO TORINESE","PROVINCIA_CENTR":"TO","INDIRIZZO_CENTRALE":"VIA CASELLE 27","LATITUDINE_SEZIONE":"45.15623","LONGITUDINE_SEZIONE":"7.66112","POS_X_SEZIONE":"394762.57722","POS_Y_SEZIONE":"5001177.23653","LATITUDINE_CENTRALE":"45.15293","LONGITUDINE_CENTRALE":"7.65584","POS_X_CENTRALE":"394341.44554","POS_Y_CENTRALE":"5000817.84121","TIPO_ADSL":"ADSL_2P","DESCRIZIONE_TIPO_ADSL":"ADSL 2+ (24 mega)","DISTANZA_CALCOLATA":"553.64","CLASSE_DISTANZA":"500-899","POTENZA_SEGNALE":"19523.33","POPOLAZIONE_SEZIONE": "1035"}
			},
		 		{ "type" : "Feature",
				"geometry" : {
					"type" : "Point",
					"coordinates" : [7.66549,45.00502]},
			"properties" : { "ANNO":"2010","ID_SEZIONE":"21546","ISTAT_COMUNE_SEZ":"1156","COMUNE_SEZ":"MONCALIERI","PROVINCIA":"TO","ID_CENTRALE":"1449","NOME_CENTRALE":"TORINO BORGARO","ISTAT_COMUNE_CENTR":"1028","COMUNE_CENTR":"BORGARO TORINESE","PROVINCIA_CENTR":"TO","INDIRIZZO_CENTRALE":"VIA CASELLE 27","LATITUDINE_SEZIONE":"45.00502","LONGITUDINE_SEZIONE":"7.66549","POS_X_SEZIONE":"394829.36148","POS_Y_SEZIONE":"4984374.50346","LATITUDINE_CENTRALE":"45.15293","LONGITUDINE_CENTRALE":"7.65584","POS_X_CENTRALE":"394341.44554","POS_Y_CENTRALE":"5000817.84121","TIPO_ADSL":"ADSL_2P","DESCRIZIONE_TIPO_ADSL":"ADSL 2+ (24 mega)","DISTANZA_CALCOLATA":"16450.58","CLASSE_DISTANZA":"6100 e oltre","POTENZA_SEGNALE":"0.00","POPOLAZIONE_SEZIONE": "503"}
			},
		 		{ "type" : "Feature",
				"geometry" : {
					"type" : "Point",
					"coordinates" : [7.67198,45.15722]},
			"properties" : { "ANNO":"2010","ID_SEZIONE":"22852","ISTAT_COMUNE_SEZ":"1028","COMUNE_SEZ":"BORGARO TORINESE","PROVINCIA":"TO","ID_CENTRALE":"1449","NOME_CENTRALE":"TORINO BORGARO","ISTAT_COMUNE_CENTR":"1028","COMUNE_CENTR":"BORGARO TORINESE","PROVINCIA_CENTR":"TO","INDIRIZZO_CENTRALE":"VIA CASELLE 27","LATITUDINE_SEZIONE":"45.15722","LONGITUDINE_SEZIONE":"7.67198","POS_X_SEZIONE":"395618.37396","POS_Y_SEZIONE":"5001273.73676","LATITUDINE_CENTRALE":"45.15293","LONGITUDINE_CENTRALE":"7.65584","POS_X_CENTRALE":"394341.44554","POS_Y_CENTRALE":"5000817.84121","TIPO_ADSL":"ADSL_2P","DESCRIZIONE_TIPO_ADSL":"ADSL 2+ (24 mega)","DISTANZA_CALCOLATA":"1355.87","CLASSE_DISTANZA":"1300-1699","POTENZA_SEGNALE":"16071.67","POPOLAZIONE_SEZIONE": "56"}
			},
		 		{ "type" : "Feature",
				"geometry" : {
					"type" : "Point",
					"coordinates" : [7.65638,45.15624]},
			"properties" : { "ANNO":"2010","ID_SEZIONE":"23902","ISTAT_COMUNE_SEZ":"1028","COMUNE_SEZ":"BORGARO TORINESE","PROVINCIA":"TO","ID_CENTRALE":"1449","NOME_CENTRALE":"TORINO BORGARO","ISTAT_COMUNE_CENTR":"1028","COMUNE_CENTR":"BORGARO TORINESE","PROVINCIA_CENTR":"TO","INDIRIZZO_CENTRALE":"VIA CASELLE 27","LATITUDINE_SEZIONE":"45.15624","LONGITUDINE_SEZIONE":"7.65638","POS_X_SEZIONE":"394390.52218","POS_Y_SEZIONE":"5001185.23705","LATITUDINE_CENTRALE":"45.15293","LONGITUDINE_CENTRALE":"7.65584","POS_X_CENTRALE":"394341.44554","POS_Y_CENTRALE":"5000817.84121","TIPO_ADSL":"ADSL_2P","DESCRIZIONE_TIPO_ADSL":"ADSL 2+ (24 mega)","DISTANZA_CALCOLATA":"370.66","CLASSE_DISTANZA":"100-499","POTENZA_SEGNALE":"19761.67","POPOLAZIONE_SEZIONE": "594"}
			},
		 		{ "type" : "Feature",
				"geometry" : {
					"type" : "Point",
					"coordinates" : [7.65153,45.15573]},
			"properties" : { "ANNO":"2010","ID_SEZIONE":"24777","ISTAT_COMUNE_SEZ":"1028","COMUNE_SEZ":"BORGARO TORINESE","PROVINCIA":"TO","ID_CENTRALE":"1449","NOME_CENTRALE":"TORINO BORGARO","ISTAT_COMUNE_CENTR":"1028","COMUNE_CENTR":"BORGARO TORINESE","PROVINCIA_CENTR":"TO","INDIRIZZO_CENTRALE":"VIA CASELLE 27","LATITUDINE_SEZIONE":"45.15573","LONGITUDINE_SEZIONE":"7.65153","POS_X_SEZIONE":"394008.56045","POS_Y_SEZIONE":"5001134.73695","LATITUDINE_CENTRALE":"45.15293","LONGITUDINE_CENTRALE":"7.65584","POS_X_CENTRALE":"394341.44554","POS_Y_CENTRALE":"5000817.84121","TIPO_ADSL":"ADSL_2P","DESCRIZIONE_TIPO_ADSL":"ADSL 2+ (24 mega)","DISTANZA_CALCOLATA":"459.60","CLASSE_DISTANZA":"100-499","POTENZA_SEGNALE":"19761.67","POPOLAZIONE_SEZIONE": "639"}
			},
		 		{ "type" : "Feature",
				"geometry" : {
					"type" : "Point",
					"coordinates" : [7.66225,45.14943]},
			"properties" : { "ANNO":"2010","ID_SEZIONE":"25367","ISTAT_COMUNE_SEZ":"1028","COMUNE_SEZ":"BORGARO TORINESE","PROVINCIA":"TO","ID_CENTRALE":"1449","NOME_CENTRALE":"TORINO BORGARO","ISTAT_COMUNE_CENTR":"1028","COMUNE_CENTR":"BORGARO TORINESE","PROVINCIA_CENTR":"TO","INDIRIZZO_CENTRALE":"VIA CASELLE 27","LATITUDINE_SEZIONE":"45.14943","LONGITUDINE_SEZIONE":"7.66225","POS_X_SEZIONE":"394839.04391","POS_Y_SEZIONE":"5000420.72940","LATITUDINE_CENTRALE":"45.15293","LONGITUDINE_CENTRALE":"7.65584","POS_X_CENTRALE":"394341.44554","POS_Y_CENTRALE":"5000817.84121","TIPO_ADSL":"ADSL_2P","DESCRIZIONE_TIPO_ADSL":"ADSL 2+ (24 mega)","DISTANZA_CALCOLATA":"636.63","CLASSE_DISTANZA":"500-899","POTENZA_SEGNALE":"19523.33","POPOLAZIONE_SEZIONE": "669"}
			},
		 		{ "type" : "Feature",
				"geometry" : {
					"type" : "Point",
					"coordinates" : [7.64705,45.15242]},
			"properties" : { "ANNO":"2010","ID_SEZIONE":"26514","ISTAT_COMUNE_SEZ":"1028","COMUNE_SEZ":"BORGARO TORINESE","PROVINCIA":"TO","ID_CENTRALE":"1449","NOME_CENTRALE":"TORINO BORGARO","ISTAT_COMUNE_CENTR":"1028","COMUNE_CENTR":"BORGARO TORINESE","PROVINCIA_CENTR":"TO","INDIRIZZO_CENTRALE":"VIA CASELLE 27","LATITUDINE_SEZIONE":"45.15242","LONGITUDINE_SEZIONE":"7.64705","POS_X_SEZIONE":"393650.03604","POS_Y_SEZIONE":"5000773.23372","LATITUDINE_CENTRALE":"45.15293","LONGITUDINE_CENTRALE":"7.65584","POS_X_CENTRALE":"394341.44554","POS_Y_CENTRALE":"5000817.84121","TIPO_ADSL":"ADSL_2P","DESCRIZIONE_TIPO_ADSL":"ADSL 2+ (24 mega)","DISTANZA_CALCOLATA":"692.85","CLASSE_DISTANZA":"500-899","POTENZA_SEGNALE":"19523.33","POPOLAZIONE_SEZIONE": "419"}
			},
		 		{ "type" : "Feature",
				"geometry" : {
					"type" : "Point",
					"coordinates" : [7.66186,45.15268]},
			"properties" : { "ANNO":"2010","ID_SEZIONE":"27465","ISTAT_COMUNE_SEZ":"1028","COMUNE_SEZ":"BORGARO TORINESE","PROVINCIA":"TO","ID_CENTRALE":"1449","NOME_CENTRALE":"TORINO BORGARO","ISTAT_COMUNE_CENTR":"1028","COMUNE_CENTR":"BORGARO TORINESE","PROVINCIA_CENTR":"TO","INDIRIZZO_CENTRALE":"VIA CASELLE 27","LATITUDINE_SEZIONE":"45.15268","LONGITUDINE_SEZIONE":"7.66186","POS_X_SEZIONE":"394814.88877","POS_Y_SEZIONE":"5000782.73285","LATITUDINE_CENTRALE":"45.15293","LONGITUDINE_CENTRALE":"7.65584","POS_X_CENTRALE":"394341.44554","POS_Y_CENTRALE":"5000817.84121","TIPO_ADSL":"ADSL_2P","DESCRIZIONE_TIPO_ADSL":"ADSL 2+ (24 mega)","DISTANZA_CALCOLATA":"474.74","CLASSE_DISTANZA":"100-499","POTENZA_SEGNALE":"19761.67","POPOLAZIONE_SEZIONE": "678"}
			},
		 		{ "type" : "Feature",
				"geometry" : {
					"type" : "Point",
					"coordinates" : [7.64715,45.13438]},
			"properties" : { "ANNO":"2010","ID_SEZIONE":"27750","ISTAT_COMUNE_SEZ":"1028","COMUNE_SEZ":"BORGARO TORINESE","PROVINCIA":"TO","ID_CENTRALE":"1449","NOME_CENTRALE":"TORINO BORGARO","ISTAT_COMUNE_CENTR":"1028","COMUNE_CENTR":"BORGARO TORINESE","PROVINCIA_CENTR":"TO","INDIRIZZO_CENTRALE":"VIA CASELLE 27","LATITUDINE_SEZIONE":"45.13438","LONGITUDINE_SEZIONE":"7.64715","POS_X_SEZIONE":"393624.15904","POS_Y_SEZIONE":"4998768.21509","LATITUDINE_CENTRALE":"45.15293","LONGITUDINE_CENTRALE":"7.65584","POS_X_CENTRALE":"394341.44554","POS_Y_CENTRALE":"5000817.84121","TIPO_ADSL":"ADSL_2P","DESCRIZIONE_TIPO_ADSL":"ADSL 2+ (24 mega)","DISTANZA_CALCOLATA":"2171.51","CLASSE_DISTANZA":"2100-2499","POTENZA_SEGNALE":"10000","POPOLAZIONE_SEZIONE": ""}
			},
		 		{ "type" : "Feature",
				"geometry" : {
					"type" : "Point",
					"coordinates" : [7.66341,45.01531]},
			"properties" : { "ANNO":"2010","ID_SEZIONE":"29805","ISTAT_COMUNE_SEZ":"1156","COMUNE_SEZ":"MONCALIERI","PROVINCIA":"TO","ID_CENTRALE":"1449","NOME_CENTRALE":"TORINO BORGARO","ISTAT_COMUNE_CENTR":"1028","COMUNE_CENTR":"BORGARO TORINESE","PROVINCIA_CENTR":"TO","INDIRIZZO_CENTRALE":"VIA CASELLE 27","LATITUDINE_SEZIONE":"45.01531","LONGITUDINE_SEZIONE":"7.66341","POS_X_SEZIONE":"394684.28474","POS_Y_SEZIONE":"4985520.52381","LATITUDINE_CENTRALE":"45.15293","LONGITUDINE_CENTRALE":"7.65584","POS_X_CENTRALE":"394341.44554","POS_Y_CENTRALE":"5000817.84121","TIPO_ADSL":"ADSL_2P","DESCRIZIONE_TIPO_ADSL":"ADSL 2+ (24 mega)","DISTANZA_CALCOLATA":"15301.16","CLASSE_DISTANZA":"6100 e oltre","POTENZA_SEGNALE":"0.00","POPOLAZIONE_SEZIONE": "657"}
			},
		 		{ "type" : "Feature",
				"geometry" : {
					"type" : "Point",
					"coordinates" : [7.64255,45.15092]},
			"properties" : { "ANNO":"2010","ID_SEZIONE":"30196","ISTAT_COMUNE_SEZ":"1028","COMUNE_SEZ":"BORGARO TORINESE","PROVINCIA":"TO","ID_CENTRALE":"1449","NOME_CENTRALE":"TORINO BORGARO","ISTAT_COMUNE_CENTR":"1028","COMUNE_CENTR":"BORGARO TORINESE","PROVINCIA_CENTR":"TO","INDIRIZZO_CENTRALE":"VIA CASELLE 27","LATITUDINE_SEZIONE":"45.15092","LONGITUDINE_SEZIONE":"7.64255","POS_X_SEZIONE":"393293.41728","POS_Y_SEZIONE":"5000611.73253","LATITUDINE_CENTRALE":"45.15293","LONGITUDINE_CENTRALE":"7.65584","POS_X_CENTRALE":"394341.44554","POS_Y_CENTRALE":"5000817.84121","TIPO_ADSL":"ADSL_2P","DESCRIZIONE_TIPO_ADSL":"ADSL 2+ (24 mega)","DISTANZA_CALCOLATA":"1068.1","CLASSE_DISTANZA":"900-1299","POTENZA_SEGNALE":"17737.5","POPOLAZIONE_SEZIONE": "3"}
			},
		 		{ "type" : "Feature",
				"geometry" : {
					"type" : "Point",
					"coordinates" : [7.65393,45.14290]},
			"properties" : { "ANNO":"2010","ID_SEZIONE":"31221","ISTAT_COMUNE_SEZ":"1028","COMUNE_SEZ":"BORGARO TORINESE","PROVINCIA":"TO","ID_CENTRALE":"1449","NOME_CENTRALE":"TORINO BORGARO","ISTAT_COMUNE_CENTR":"1028","COMUNE_CENTR":"BORGARO TORINESE","PROVINCIA_CENTR":"TO","INDIRIZZO_CENTRALE":"VIA CASELLE 27","LATITUDINE_SEZIONE":"45.14290","LONGITUDINE_SEZIONE":"7.65393","POS_X_SEZIONE":"394173.27444","POS_Y_SEZIONE":"4999706.22316","LATITUDINE_CENTRALE":"45.15293","LONGITUDINE_CENTRALE":"7.65584","POS_X_CENTRALE":"394341.44554","POS_Y_CENTRALE":"5000817.84121","TIPO_ADSL":"ADSL_2P","DESCRIZIONE_TIPO_ADSL":"ADSL 2+ (24 mega)","DISTANZA_CALCOLATA":"1124.27","CLASSE_DISTANZA":"900-1299","POTENZA_SEGNALE":"17737.5","POPOLAZIONE_SEZIONE": "402"}
			},
		 		{ "type" : "Feature",
				"geometry" : {
					"type" : "Point",
					"coordinates" : [7.67245,45.14430]},
			"properties" : { "ANNO":"2010","ID_SEZIONE":"31622","ISTAT_COMUNE_SEZ":"1028","COMUNE_SEZ":"BORGARO TORINESE","PROVINCIA":"TO","ID_CENTRALE":"1449","NOME_CENTRALE":"TORINO BORGARO","ISTAT_COMUNE_CENTR":"1028","COMUNE_CENTR":"BORGARO TORINESE","PROVINCIA_CENTR":"TO","INDIRIZZO_CENTRALE":"VIA CASELLE 27","LATITUDINE_SEZIONE":"45.14430","LONGITUDINE_SEZIONE":"7.67245","POS_X_SEZIONE":"395631.68391","POS_Y_SEZIONE":"4999837.72319","LATITUDINE_CENTRALE":"45.15293","LONGITUDINE_CENTRALE":"7.65584","POS_X_CENTRALE":"394341.44554","POS_Y_CENTRALE":"5000817.84121","TIPO_ADSL":"ADSL_2P","DESCRIZIONE_TIPO_ADSL":"ADSL 2+ (24 mega)","DISTANZA_CALCOLATA":"1620.29","CLASSE_DISTANZA":"1300-1699","POTENZA_SEGNALE":"16071.67","POPOLAZIONE_SEZIONE": "9"}
			},
		 		{ "type" : "Feature",
				"geometry" : {
					"type" : "Point",
					"coordinates" : [7.65146,45.14886]},
			"properties" : { "ANNO":"2010","ID_SEZIONE":"32762","ISTAT_COMUNE_SEZ":"1028","COMUNE_SEZ":"BORGARO TORINESE","PROVINCIA":"TO","ID_CENTRALE":"1449","NOME_CENTRALE":"TORINO BORGARO","ISTAT_COMUNE_CENTR":"1028","COMUNE_CENTR":"BORGARO TORINESE","PROVINCIA_CENTR":"TO","INDIRIZZO_CENTRALE":"VIA CASELLE 27","LATITUDINE_SEZIONE":"45.14886","LONGITUDINE_SEZIONE":"7.65146","POS_X_SEZIONE":"393990.37216","POS_Y_SEZIONE":"5000371.22975","LATITUDINE_CENTRALE":"45.15293","LONGITUDINE_CENTRALE":"7.65584","POS_X_CENTRALE":"394341.44554","POS_Y_CENTRALE":"5000817.84121","TIPO_ADSL":"ADSL_2P","DESCRIZIONE_TIPO_ADSL":"ADSL 2+ (24 mega)","DISTANZA_CALCOLATA":"568.08","CLASSE_DISTANZA":"500-899","POTENZA_SEGNALE":"19523.33","POPOLAZIONE_SEZIONE": "716"}
			}
		 		]
	}
		