 	{ "type" : "FeatureCollection",
		"features" : [
		 		{ "type" : "Feature",
				"geometry" : {
					"type" : "Point",
					"coordinates" : [7.76624,44.85240]},
			"properties" : { "ANNO":"2010","ID_SEZIONE":"794","ISTAT_COMUNE_SEZ":"1059","COMUNE_SEZ":"CARMAGNOLA","PROVINCIA":"TO","ID_CENTRALE":"1539","NOME_CENTRALE":"TUNINETTI","ISTAT_COMUNE_CENTR":"1059","COMUNE_CENTR":"CARMAGNOLA","PROVINCIA_CENTR":"TO","INDIRIZZO_CENTRALE":"S.PIETRO","LATITUDINE_SEZIONE":"44.85240","LONGITUDINE_SEZIONE":"7.76624","POS_X_SEZIONE":"402511.10484","POS_Y_SEZIONE":"4967294.76047","LATITUDINE_CENTRALE":"44.85758","LONGITUDINE_CENTRALE":"7.77991","POS_X_CENTRALE":"403600.58932","POS_Y_CENTRALE":"4967853.77975","TIPO_ADSL":"NO","DESCRIZIONE_TIPO_ADSL":"NO Adsl","DISTANZA_CALCOLATA":"1224.53","CLASSE_DISTANZA":"900-1299","POTENZA_SEGNALE":"","POPOLAZIONE_SEZIONE": "92"}
			},
		 		{ "type" : "Feature",
				"geometry" : {
					"type" : "Point",
					"coordinates" : [7.77790,44.86285]},
			"properties" : { "ANNO":"2010","ID_SEZIONE":"5033","ISTAT_COMUNE_SEZ":"1059","COMUNE_SEZ":"CARMAGNOLA","PROVINCIA":"TO","ID_CENTRALE":"1539","NOME_CENTRALE":"TUNINETTI","ISTAT_COMUNE_CENTR":"1059","COMUNE_CENTR":"CARMAGNOLA","PROVINCIA_CENTR":"TO","INDIRIZZO_CENTRALE":"S.PIETRO","LATITUDINE_SEZIONE":"44.86285","LONGITUDINE_SEZIONE":"7.77790","POS_X_SEZIONE":"403450.31764","POS_Y_SEZIONE":"4968440.79977","LATITUDINE_CENTRALE":"44.85758","LONGITUDINE_CENTRALE":"7.77991","POS_X_CENTRALE":"403600.58932","POS_Y_CENTRALE":"4967853.77975","TIPO_ADSL":"NO","DESCRIZIONE_TIPO_ADSL":"NO Adsl","DISTANZA_CALCOLATA":"605.95","CLASSE_DISTANZA":"500-899","POTENZA_SEGNALE":"","POPOLAZIONE_SEZIONE": "58"}
			},
		 		{ "type" : "Feature",
				"geometry" : {
					"type" : "Point",
					"coordinates" : [7.77855,44.85665]},
			"properties" : { "ANNO":"2010","ID_SEZIONE":"10440","ISTAT_COMUNE_SEZ":"1059","COMUNE_SEZ":"CARMAGNOLA","PROVINCIA":"TO","ID_CENTRALE":"1539","NOME_CENTRALE":"TUNINETTI","ISTAT_COMUNE_CENTR":"1059","COMUNE_CENTR":"CARMAGNOLA","PROVINCIA_CENTR":"TO","INDIRIZZO_CENTRALE":"S.PIETRO","LATITUDINE_SEZIONE":"44.85665","LONGITUDINE_SEZIONE":"7.77855","POS_X_SEZIONE":"403491.00577","POS_Y_SEZIONE":"4967752.28725","LATITUDINE_CENTRALE":"44.85758","LONGITUDINE_CENTRALE":"7.77991","POS_X_CENTRALE":"403600.58932","POS_Y_CENTRALE":"4967853.77975","TIPO_ADSL":"NO","DESCRIZIONE_TIPO_ADSL":"NO Adsl","DISTANZA_CALCOLATA":"149.36","CLASSE_DISTANZA":"100-499","POTENZA_SEGNALE":"","POPOLAZIONE_SEZIONE": "155"}
			},
		 		{ "type" : "Feature",
				"geometry" : {
					"type" : "Point",
					"coordinates" : [7.77162,44.85487]},
			"properties" : { "ANNO":"2010","ID_SEZIONE":"11843","ISTAT_COMUNE_SEZ":"1059","COMUNE_SEZ":"CARMAGNOLA","PROVINCIA":"TO","ID_CENTRALE":"1539","NOME_CENTRALE":"TUNINETTI","ISTAT_COMUNE_CENTR":"1059","COMUNE_CENTR":"CARMAGNOLA","PROVINCIA_CENTR":"TO","INDIRIZZO_CENTRALE":"S.PIETRO","LATITUDINE_SEZIONE":"44.85487","LONGITUDINE_SEZIONE":"7.77162","POS_X_SEZIONE":"402940.66516","POS_Y_SEZIONE":"4967562.77353","LATITUDINE_CENTRALE":"44.85758","LONGITUDINE_CENTRALE":"7.77991","POS_X_CENTRALE":"403600.58932","POS_Y_CENTRALE":"4967853.77975","TIPO_ADSL":"NO","DESCRIZIONE_TIPO_ADSL":"NO Adsl","DISTANZA_CALCOLATA":"721.24","CLASSE_DISTANZA":"500-899","POTENZA_SEGNALE":"","POPOLAZIONE_SEZIONE": "189"}
			},
		 		{ "type" : "Feature",
				"geometry" : {
					"type" : "Point",
					"coordinates" : [7.78945,44.87358]},
			"properties" : { "ANNO":"2010","ID_SEZIONE":"12707","ISTAT_COMUNE_SEZ":"1059","COMUNE_SEZ":"CARMAGNOLA","PROVINCIA":"TO","ID_CENTRALE":"1539","NOME_CENTRALE":"TUNINETTI","ISTAT_COMUNE_CENTR":"1059","COMUNE_CENTR":"CARMAGNOLA","PROVINCIA_CENTR":"TO","INDIRIZZO_CENTRALE":"S.PIETRO","LATITUDINE_SEZIONE":"44.87358","LONGITUDINE_SEZIONE":"7.78945","POS_X_SEZIONE":"404380.46702","POS_Y_SEZIONE":"4969619.33878","LATITUDINE_CENTRALE":"44.85758","LONGITUDINE_CENTRALE":"7.77991","POS_X_CENTRALE":"403600.58932","POS_Y_CENTRALE":"4967853.77975","TIPO_ADSL":"NO","DESCRIZIONE_TIPO_ADSL":"NO Adsl","DISTANZA_CALCOLATA":"1930.13","CLASSE_DISTANZA":"1700-2099","POTENZA_SEGNALE":"","POPOLAZIONE_SEZIONE": "69"}
			},
		 		{ "type" : "Feature",
				"geometry" : {
					"type" : "Point",
					"coordinates" : [7.77592,44.87696]},
			"properties" : { "ANNO":"2010","ID_SEZIONE":"21895","ISTAT_COMUNE_SEZ":"1059","COMUNE_SEZ":"CARMAGNOLA","PROVINCIA":"TO","ID_CENTRALE":"1539","NOME_CENTRALE":"TUNINETTI","ISTAT_COMUNE_CENTR":"1059","COMUNE_CENTR":"CARMAGNOLA","PROVINCIA_CENTR":"TO","INDIRIZZO_CENTRALE":"S.PIETRO","LATITUDINE_SEZIONE":"44.87696","LONGITUDINE_SEZIONE":"7.77592","POS_X_SEZIONE":"403317.28417","POS_Y_SEZIONE":"4970010.82678","LATITUDINE_CENTRALE":"44.85758","LONGITUDINE_CENTRALE":"7.77991","POS_X_CENTRALE":"403600.58932","POS_Y_CENTRALE":"4967853.77975","TIPO_ADSL":"NO","DESCRIZIONE_TIPO_ADSL":"NO Adsl","DISTANZA_CALCOLATA":"2175.57","CLASSE_DISTANZA":"2100-2499","POTENZA_SEGNALE":"","POPOLAZIONE_SEZIONE": "46"}
			},
		 		{ "type" : "Feature",
				"geometry" : {
					"type" : "Point",
					"coordinates" : [7.78903,44.85826]},
			"properties" : { "ANNO":"2010","ID_SEZIONE":"26074","ISTAT_COMUNE_SEZ":"1059","COMUNE_SEZ":"CARMAGNOLA","PROVINCIA":"TO","ID_CENTRALE":"1539","NOME_CENTRALE":"TUNINETTI","ISTAT_COMUNE_CENTR":"1059","COMUNE_CENTR":"CARMAGNOLA","PROVINCIA_CENTR":"TO","INDIRIZZO_CENTRALE":"S.PIETRO","LATITUDINE_SEZIONE":"44.85826","LONGITUDINE_SEZIONE":"7.78903","POS_X_SEZIONE":"404322.03349","POS_Y_SEZIONE":"4967917.80610","LATITUDINE_CENTRALE":"44.85758","LONGITUDINE_CENTRALE":"7.77991","POS_X_CENTRALE":"403600.58932","POS_Y_CENTRALE":"4967853.77975","TIPO_ADSL":"NO","DESCRIZIONE_TIPO_ADSL":"NO Adsl","DISTANZA_CALCOLATA":"724.28","CLASSE_DISTANZA":"500-899","POTENZA_SEGNALE":"","POPOLAZIONE_SEZIONE": "95"}
			},
		 		{ "type" : "Feature",
				"geometry" : {
					"type" : "Point",
					"coordinates" : [7.77431,44.84952]},
			"properties" : { "ANNO":"2010","ID_SEZIONE":"26316","ISTAT_COMUNE_SEZ":"1059","COMUNE_SEZ":"CARMAGNOLA","PROVINCIA":"TO","ID_CENTRALE":"1539","NOME_CENTRALE":"TUNINETTI","ISTAT_COMUNE_CENTR":"1059","COMUNE_CENTR":"CARMAGNOLA","PROVINCIA_CENTR":"TO","INDIRIZZO_CENTRALE":"S.PIETRO","LATITUDINE_SEZIONE":"44.84952","LONGITUDINE_SEZIONE":"7.77431","POS_X_SEZIONE":"403143.91534","POS_Y_SEZIONE":"4966965.26594","LATITUDINE_CENTRALE":"44.85758","LONGITUDINE_CENTRALE":"7.77991","POS_X_CENTRALE":"403600.58932","POS_Y_CENTRALE":"4967853.77975","TIPO_ADSL":"NO","DESCRIZIONE_TIPO_ADSL":"NO Adsl","DISTANZA_CALCOLATA":"999.00","CLASSE_DISTANZA":"900-1299","POTENZA_SEGNALE":"","POPOLAZIONE_SEZIONE": "17"}
			},
		 		{ "type" : "Feature",
				"geometry" : {
					"type" : "Point",
					"coordinates" : [7.79254,44.87191]},
			"properties" : { "ANNO":"2010","ID_SEZIONE":"27557","ISTAT_COMUNE_SEZ":"1059","COMUNE_SEZ":"CARMAGNOLA","PROVINCIA":"TO","ID_CENTRALE":"1539","NOME_CENTRALE":"TUNINETTI","ISTAT_COMUNE_CENTR":"1059","COMUNE_CENTR":"CARMAGNOLA","PROVINCIA_CENTR":"TO","INDIRIZZO_CENTRALE":"S.PIETRO","LATITUDINE_SEZIONE":"44.87191","LONGITUDINE_SEZIONE":"7.79254","POS_X_SEZIONE":"404621.84123","POS_Y_SEZIONE":"4969430.83983","LATITUDINE_CENTRALE":"44.85758","LONGITUDINE_CENTRALE":"7.77991","POS_X_CENTRALE":"403600.58932","POS_Y_CENTRALE":"4967853.77975","TIPO_ADSL":"NO","DESCRIZIONE_TIPO_ADSL":"NO Adsl","DISTANZA_CALCOLATA":"1878.85","CLASSE_DISTANZA":"1700-2099","POTENZA_SEGNALE":"","POPOLAZIONE_SEZIONE": "62"}
			},
		 		{ "type" : "Feature",
				"geometry" : {
					"type" : "Point",
					"coordinates" : [7.80213,44.87286]},
			"properties" : { "ANNO":"2010","ID_SEZIONE":"29026","ISTAT_COMUNE_SEZ":"1059","COMUNE_SEZ":"CARMAGNOLA","PROVINCIA":"TO","ID_CENTRALE":"1539","NOME_CENTRALE":"TUNINETTI","ISTAT_COMUNE_CENTR":"1059","COMUNE_CENTR":"CARMAGNOLA","PROVINCIA_CENTR":"TO","INDIRIZZO_CENTRALE":"S.PIETRO","LATITUDINE_SEZIONE":"44.87286","LONGITUDINE_SEZIONE":"7.80213","POS_X_SEZIONE":"405381.08757","POS_Y_SEZIONE":"4969524.35510","LATITUDINE_CENTRALE":"44.85758","LONGITUDINE_CENTRALE":"7.77991","POS_X_CENTRALE":"403600.58932","POS_Y_CENTRALE":"4967853.77975","TIPO_ADSL":"NO","DESCRIZIONE_TIPO_ADSL":"NO Adsl","DISTANZA_CALCOLATA":"2441.52","CLASSE_DISTANZA":"2100-2499","POTENZA_SEGNALE":"","POPOLAZIONE_SEZIONE": "44"}
			},
		 		{ "type" : "Feature",
				"geometry" : {
					"type" : "Point",
					"coordinates" : [7.79413,44.88673]},
			"properties" : { "ANNO":"2010","ID_SEZIONE":"32901","ISTAT_COMUNE_SEZ":"1059","COMUNE_SEZ":"CARMAGNOLA","PROVINCIA":"TO","ID_CENTRALE":"1539","NOME_CENTRALE":"TUNINETTI","ISTAT_COMUNE_CENTR":"1059","COMUNE_CENTR":"CARMAGNOLA","PROVINCIA_CENTR":"TO","INDIRIZZO_CENTRALE":"S.PIETRO","LATITUDINE_SEZIONE":"44.88673","LONGITUDINE_SEZIONE":"7.79413","POS_X_SEZIONE":"404771.80603","POS_Y_SEZIONE":"4971074.37263","LATITUDINE_CENTRALE":"44.85758","LONGITUDINE_CENTRALE":"7.77991","POS_X_CENTRALE":"403600.58932","POS_Y_CENTRALE":"4967853.77975","TIPO_ADSL":"NO","DESCRIZIONE_TIPO_ADSL":"NO Adsl","DISTANZA_CALCOLATA":"3426.95","CLASSE_DISTANZA":"3300-3699","POTENZA_SEGNALE":"","POPOLAZIONE_SEZIONE": "93"}
			}
		 		]
	}
		