 	{ "type" : "FeatureCollection",
		"features" : [
		 		{ "type" : "Feature",
				"geometry" : {
					"type" : "Point",
					"coordinates" : [8.39114,45.07442]},
			"properties" : { "ANNO":"2010","ID_SEZIONE":"8","ISTAT_COMUNE_SEZ":"6056","COMUNE_SEZ":"CELLA MONTE","PROVINCIA":"AL","ID_CENTRALE":"1158","NOME_CENTRALE":"ROSIGNANO MONFERRATO 2","ISTAT_COMUNE_CENTR":"6149","COMUNE_CENTR":"ROSIGNANO MONFERRATO","PROVINCIA_CENTR":"AL","INDIRIZZO_CENTRALE":"ST. COM. FASSOLIO 1","LATITUDINE_SEZIONE":"45.07442","LONGITUDINE_SEZIONE":"8.39114","POS_X_SEZIONE":"452074.64895","POS_Y_SEZIONE":"4991398.06571","LATITUDINE_CENTRALE":"45.07815","LONGITUDINE_CENTRALE":"8.40525","POS_X_CENTRALE":"453188.21362","POS_Y_CENTRALE":"4991804.19403","TIPO_ADSL":"ADSL_M","DESCRIZIONE_TIPO_ADSL":"ADSL Mini","DISTANZA_CALCOLATA":"1185.31","CLASSE_DISTANZA":"900-1299","POTENZA_SEGNALE":"0.64","POPOLAZIONE_SEZIONE": "302"}
			},
		 		{ "type" : "Feature",
				"geometry" : {
					"type" : "Point",
					"coordinates" : [8.42353,45.08244]},
			"properties" : { "ANNO":"2010","ID_SEZIONE":"1993","ISTAT_COMUNE_SEZ":"6149","COMUNE_SEZ":"ROSIGNANO MONFERRATO","PROVINCIA":"AL","ID_CENTRALE":"1158","NOME_CENTRALE":"ROSIGNANO MONFERRATO 2","ISTAT_COMUNE_CENTR":"6149","COMUNE_CENTR":"ROSIGNANO MONFERRATO","PROVINCIA_CENTR":"AL","INDIRIZZO_CENTRALE":"ST. COM. FASSOLIO 1","LATITUDINE_SEZIONE":"45.08244","LONGITUDINE_SEZIONE":"8.42353","POS_X_SEZIONE":"454630.38809","POS_Y_SEZIONE":"4992269.60235","LATITUDINE_CENTRALE":"45.07815","LONGITUDINE_CENTRALE":"8.40525","POS_X_CENTRALE":"453188.21362","POS_Y_CENTRALE":"4991804.19403","TIPO_ADSL":"ADSL_M","DESCRIZIONE_TIPO_ADSL":"ADSL Mini","DISTANZA_CALCOLATA":"1515.41","CLASSE_DISTANZA":"1300-1699","POTENZA_SEGNALE":"0.64","POPOLAZIONE_SEZIONE": "61"}
			},
		 		{ "type" : "Feature",
				"geometry" : {
					"type" : "Point",
					"coordinates" : [8.41056,45.08881]},
			"properties" : { "ANNO":"2010","ID_SEZIONE":"2427","ISTAT_COMUNE_SEZ":"6149","COMUNE_SEZ":"ROSIGNANO MONFERRATO","PROVINCIA":"AL","ID_CENTRALE":"1158","NOME_CENTRALE":"ROSIGNANO MONFERRATO 2","ISTAT_COMUNE_CENTR":"6149","COMUNE_CENTR":"ROSIGNANO MONFERRATO","PROVINCIA_CENTR":"AL","INDIRIZZO_CENTRALE":"ST. COM. FASSOLIO 1","LATITUDINE_SEZIONE":"45.08881","LONGITUDINE_SEZIONE":"8.41056","POS_X_SEZIONE":"453615.07622","POS_Y_SEZIONE":"4992985.11672","LATITUDINE_CENTRALE":"45.07815","LONGITUDINE_CENTRALE":"8.40525","POS_X_CENTRALE":"453188.21362","POS_Y_CENTRALE":"4991804.19403","TIPO_ADSL":"ADSL_M","DESCRIZIONE_TIPO_ADSL":"ADSL Mini","DISTANZA_CALCOLATA":"1255.7","CLASSE_DISTANZA":"900-1299","POTENZA_SEGNALE":"0.64","POPOLAZIONE_SEZIONE": "33"}
			},
		 		{ "type" : "Feature",
				"geometry" : {
					"type" : "Point",
					"coordinates" : [8.41282,45.08222]},
			"properties" : { "ANNO":"2010","ID_SEZIONE":"2429","ISTAT_COMUNE_SEZ":"6149","COMUNE_SEZ":"ROSIGNANO MONFERRATO","PROVINCIA":"AL","ID_CENTRALE":"1158","NOME_CENTRALE":"ROSIGNANO MONFERRATO 2","ISTAT_COMUNE_CENTR":"6149","COMUNE_CENTR":"ROSIGNANO MONFERRATO","PROVINCIA_CENTR":"AL","INDIRIZZO_CENTRALE":"ST. COM. FASSOLIO 1","LATITUDINE_SEZIONE":"45.08222","LONGITUDINE_SEZIONE":"8.41282","POS_X_SEZIONE":"453787.07033","POS_Y_SEZIONE":"4992251.59787","LATITUDINE_CENTRALE":"45.07815","LONGITUDINE_CENTRALE":"8.40525","POS_X_CENTRALE":"453188.21362","POS_Y_CENTRALE":"4991804.19403","TIPO_ADSL":"ADSL_M","DESCRIZIONE_TIPO_ADSL":"ADSL Mini","DISTANZA_CALCOLATA":"747.53","CLASSE_DISTANZA":"500-899","POTENZA_SEGNALE":"0.64","POPOLAZIONE_SEZIONE": "16"}
			},
		 		{ "type" : "Feature",
				"geometry" : {
					"type" : "Point",
					"coordinates" : [8.38505,45.06845]},
			"properties" : { "ANNO":"2010","ID_SEZIONE":"2430","ISTAT_COMUNE_SEZ":"6056","COMUNE_SEZ":"CELLA MONTE","PROVINCIA":"AL","ID_CENTRALE":"1158","NOME_CENTRALE":"ROSIGNANO MONFERRATO 2","ISTAT_COMUNE_CENTR":"6149","COMUNE_CENTR":"ROSIGNANO MONFERRATO","PROVINCIA_CENTR":"AL","INDIRIZZO_CENTRALE":"ST. COM. FASSOLIO 1","LATITUDINE_SEZIONE":"45.06845","LONGITUDINE_SEZIONE":"8.38505","POS_X_SEZIONE":"451589.92319","POS_Y_SEZIONE":"4990738.04446","LATITUDINE_CENTRALE":"45.07815","LONGITUDINE_CENTRALE":"8.40525","POS_X_CENTRALE":"453188.21362","POS_Y_CENTRALE":"4991804.19403","TIPO_ADSL":"ADSL_M","DESCRIZIONE_TIPO_ADSL":"ADSL Mini","DISTANZA_CALCOLATA":"1921.25","CLASSE_DISTANZA":"1700-2099","POTENZA_SEGNALE":"0.64","POPOLAZIONE_SEZIONE": "12"}
			},
		 		{ "type" : "Feature",
				"geometry" : {
					"type" : "Point",
					"coordinates" : [8.42875,45.09016]},
			"properties" : { "ANNO":"2010","ID_SEZIONE":"5056","ISTAT_COMUNE_SEZ":"6149","COMUNE_SEZ":"ROSIGNANO MONFERRATO","PROVINCIA":"AL","ID_CENTRALE":"1158","NOME_CENTRALE":"ROSIGNANO MONFERRATO 2","ISTAT_COMUNE_CENTR":"6149","COMUNE_CENTR":"ROSIGNANO MONFERRATO","PROVINCIA_CENTR":"AL","INDIRIZZO_CENTRALE":"ST. COM. FASSOLIO 1","LATITUDINE_SEZIONE":"45.09016","LONGITUDINE_SEZIONE":"8.42875","POS_X_SEZIONE":"455047.61740","POS_Y_SEZIONE":"4993124.62648","LATITUDINE_CENTRALE":"45.07815","LONGITUDINE_CENTRALE":"8.40525","POS_X_CENTRALE":"453188.21362","POS_Y_CENTRALE":"4991804.19403","TIPO_ADSL":"ADSL_M","DESCRIZIONE_TIPO_ADSL":"ADSL Mini","DISTANZA_CALCOLATA":"2280.55","CLASSE_DISTANZA":"2100-2499","POTENZA_SEGNALE":"0.64","POPOLAZIONE_SEZIONE": "27"}
			},
		 		{ "type" : "Feature",
				"geometry" : {
					"type" : "Point",
					"coordinates" : [8.41266,45.04787]},
			"properties" : { "ANNO":"2010","ID_SEZIONE":"5057","ISTAT_COMUNE_SEZ":"6149","COMUNE_SEZ":"ROSIGNANO MONFERRATO","PROVINCIA":"AL","ID_CENTRALE":"1158","NOME_CENTRALE":"ROSIGNANO MONFERRATO 2","ISTAT_COMUNE_CENTR":"6149","COMUNE_CENTR":"ROSIGNANO MONFERRATO","PROVINCIA_CENTR":"AL","INDIRIZZO_CENTRALE":"ST. COM. FASSOLIO 1","LATITUDINE_SEZIONE":"45.04787","LONGITUDINE_SEZIONE":"8.41266","POS_X_SEZIONE":"453747.05139","POS_Y_SEZIONE":"4988435.99006","LATITUDINE_CENTRALE":"45.07815","LONGITUDINE_CENTRALE":"8.40525","POS_X_CENTRALE":"453188.21362","POS_Y_CENTRALE":"4991804.19403","TIPO_ADSL":"ADSL_M","DESCRIZIONE_TIPO_ADSL":"ADSL Mini","DISTANZA_CALCOLATA":"3414.25","CLASSE_DISTANZA":"3300-3699","POTENZA_SEGNALE":"0.64","POPOLAZIONE_SEZIONE": "37"}
			},
		 		{ "type" : "Feature",
				"geometry" : {
					"type" : "Point",
					"coordinates" : [8.42154,45.08845]},
			"properties" : { "ANNO":"2010","ID_SEZIONE":"7869","ISTAT_COMUNE_SEZ":"6149","COMUNE_SEZ":"ROSIGNANO MONFERRATO","PROVINCIA":"AL","ID_CENTRALE":"1158","NOME_CENTRALE":"ROSIGNANO MONFERRATO 2","ISTAT_COMUNE_CENTR":"6149","COMUNE_CENTR":"ROSIGNANO MONFERRATO","PROVINCIA_CENTR":"AL","INDIRIZZO_CENTRALE":"ST. COM. FASSOLIO 1","LATITUDINE_SEZIONE":"45.08845","LONGITUDINE_SEZIONE":"8.42154","POS_X_SEZIONE":"454478.73728","POS_Y_SEZIONE":"4992939.11915","LATITUDINE_CENTRALE":"45.07815","LONGITUDINE_CENTRALE":"8.40525","POS_X_CENTRALE":"453188.21362","POS_Y_CENTRALE":"4991804.19403","TIPO_ADSL":"ADSL_M","DESCRIZIONE_TIPO_ADSL":"ADSL Mini","DISTANZA_CALCOLATA":"1718.58","CLASSE_DISTANZA":"1700-2099","POTENZA_SEGNALE":"0.64","POPOLAZIONE_SEZIONE": "35"}
			},
		 		{ "type" : "Feature",
				"geometry" : {
					"type" : "Point",
					"coordinates" : [8.41437,45.08098]},
			"properties" : { "ANNO":"2010","ID_SEZIONE":"7871","ISTAT_COMUNE_SEZ":"6149","COMUNE_SEZ":"ROSIGNANO MONFERRATO","PROVINCIA":"AL","ID_CENTRALE":"1158","NOME_CENTRALE":"ROSIGNANO MONFERRATO 2","ISTAT_COMUNE_CENTR":"6149","COMUNE_CENTR":"ROSIGNANO MONFERRATO","PROVINCIA_CENTR":"AL","INDIRIZZO_CENTRALE":"ST. COM. FASSOLIO 1","LATITUDINE_SEZIONE":"45.08098","LONGITUDINE_SEZIONE":"8.41437","POS_X_SEZIONE":"453908.69542","POS_Y_SEZIONE":"4992112.59448","LATITUDINE_CENTRALE":"45.07815","LONGITUDINE_CENTRALE":"8.40525","POS_X_CENTRALE":"453188.21362","POS_Y_CENTRALE":"4991804.19403","TIPO_ADSL":"ADSL_M","DESCRIZIONE_TIPO_ADSL":"ADSL Mini","DISTANZA_CALCOLATA":"783.71","CLASSE_DISTANZA":"500-899","POTENZA_SEGNALE":"0.64","POPOLAZIONE_SEZIONE": "14"}
			},
		 		{ "type" : "Feature",
				"geometry" : {
					"type" : "Point",
					"coordinates" : [8.41005,45.06218]},
			"properties" : { "ANNO":"2010","ID_SEZIONE":"7872","ISTAT_COMUNE_SEZ":"6149","COMUNE_SEZ":"ROSIGNANO MONFERRATO","PROVINCIA":"AL","ID_CENTRALE":"1158","NOME_CENTRALE":"ROSIGNANO MONFERRATO 2","ISTAT_COMUNE_CENTR":"6149","COMUNE_CENTR":"ROSIGNANO MONFERRATO","PROVINCIA_CENTR":"AL","INDIRIZZO_CENTRALE":"ST. COM. FASSOLIO 1","LATITUDINE_SEZIONE":"45.06218","LONGITUDINE_SEZIONE":"8.41005","POS_X_SEZIONE":"453552.83904","POS_Y_SEZIONE":"4990027.03364","LATITUDINE_CENTRALE":"45.07815","LONGITUDINE_CENTRALE":"8.40525","POS_X_CENTRALE":"453188.21362","POS_Y_CENTRALE":"4991804.19403","TIPO_ADSL":"ADSL_M","DESCRIZIONE_TIPO_ADSL":"ADSL Mini","DISTANZA_CALCOLATA":"1814.18","CLASSE_DISTANZA":"1700-2099","POTENZA_SEGNALE":"0.64","POPOLAZIONE_SEZIONE": "69"}
			},
		 		{ "type" : "Feature",
				"geometry" : {
					"type" : "Point",
					"coordinates" : [8.38224,45.08037]},
			"properties" : { "ANNO":"2010","ID_SEZIONE":"8189","ISTAT_COMUNE_SEZ":"6056","COMUNE_SEZ":"CELLA MONTE","PROVINCIA":"AL","ID_CENTRALE":"1158","NOME_CENTRALE":"ROSIGNANO MONFERRATO 2","ISTAT_COMUNE_CENTR":"6149","COMUNE_CENTR":"ROSIGNANO MONFERRATO","PROVINCIA_CENTR":"AL","INDIRIZZO_CENTRALE":"ST. COM. FASSOLIO 1","LATITUDINE_SEZIONE":"45.08037","LONGITUDINE_SEZIONE":"8.38224","POS_X_SEZIONE":"451378.96025","POS_Y_SEZIONE":"4992063.58225","LATITUDINE_CENTRALE":"45.07815","LONGITUDINE_CENTRALE":"8.40525","POS_X_CENTRALE":"453188.21362","POS_Y_CENTRALE":"4991804.19403","TIPO_ADSL":"ADSL_M","DESCRIZIONE_TIPO_ADSL":"ADSL Mini","DISTANZA_CALCOLATA":"1827.75","CLASSE_DISTANZA":"1700-2099","POTENZA_SEGNALE":"0.64","POPOLAZIONE_SEZIONE": "19"}
			},
		 		{ "type" : "Feature",
				"geometry" : {
					"type" : "Point",
					"coordinates" : [8.39968,45.09388]},
			"properties" : { "ANNO":"2010","ID_SEZIONE":"9847","ISTAT_COMUNE_SEZ":"6149","COMUNE_SEZ":"ROSIGNANO MONFERRATO","PROVINCIA":"AL","ID_CENTRALE":"1158","NOME_CENTRALE":"ROSIGNANO MONFERRATO 2","ISTAT_COMUNE_CENTR":"6149","COMUNE_CENTR":"ROSIGNANO MONFERRATO","PROVINCIA_CENTR":"AL","INDIRIZZO_CENTRALE":"ST. COM. FASSOLIO 1","LATITUDINE_SEZIONE":"45.09388","LONGITUDINE_SEZIONE":"8.39968","POS_X_SEZIONE":"452762.67148","POS_Y_SEZIONE":"4993554.62763","LATITUDINE_CENTRALE":"45.07815","LONGITUDINE_CENTRALE":"8.40525","POS_X_CENTRALE":"453188.21362","POS_Y_CENTRALE":"4991804.19403","TIPO_ADSL":"ADSL_M","DESCRIZIONE_TIPO_ADSL":"ADSL Mini","DISTANZA_CALCOLATA":"1801.42","CLASSE_DISTANZA":"1700-2099","POTENZA_SEGNALE":"0.64","POPOLAZIONE_SEZIONE": "7"}
			},
		 		{ "type" : "Feature",
				"geometry" : {
					"type" : "Point",
					"coordinates" : [8.41996,45.07157]},
			"properties" : { "ANNO":"2010","ID_SEZIONE":"11288","ISTAT_COMUNE_SEZ":"6149","COMUNE_SEZ":"ROSIGNANO MONFERRATO","PROVINCIA":"AL","ID_CENTRALE":"1158","NOME_CENTRALE":"ROSIGNANO MONFERRATO 2","ISTAT_COMUNE_CENTR":"6149","COMUNE_CENTR":"ROSIGNANO MONFERRATO","PROVINCIA_CENTR":"AL","INDIRIZZO_CENTRALE":"ST. COM. FASSOLIO 1","LATITUDINE_SEZIONE":"45.07157","LONGITUDINE_SEZIONE":"8.41996","POS_X_SEZIONE":"454340.97446","POS_Y_SEZIONE":"4991064.56683","LATITUDINE_CENTRALE":"45.07815","LONGITUDINE_CENTRALE":"8.40525","POS_X_CENTRALE":"453188.21362","POS_Y_CENTRALE":"4991804.19403","TIPO_ADSL":"ADSL_M","DESCRIZIONE_TIPO_ADSL":"ADSL Mini","DISTANZA_CALCOLATA":"1369.64","CLASSE_DISTANZA":"1300-1699","POTENZA_SEGNALE":"0.64","POPOLAZIONE_SEZIONE": "20"}
			},
		 		{ "type" : "Feature",
				"geometry" : {
					"type" : "Point",
					"coordinates" : [8.42460,45.07729]},
			"properties" : { "ANNO":"2010","ID_SEZIONE":"11875","ISTAT_COMUNE_SEZ":"6149","COMUNE_SEZ":"ROSIGNANO MONFERRATO","PROVINCIA":"AL","ID_CENTRALE":"1158","NOME_CENTRALE":"ROSIGNANO MONFERRATO 2","ISTAT_COMUNE_CENTR":"6149","COMUNE_CENTR":"ROSIGNANO MONFERRATO","PROVINCIA_CENTR":"AL","INDIRIZZO_CENTRALE":"ST. COM. FASSOLIO 1","LATITUDINE_SEZIONE":"45.07729","LONGITUDINE_SEZIONE":"8.42460","POS_X_SEZIONE":"454710.51200","POS_Y_SEZIONE":"4991697.08651","LATITUDINE_CENTRALE":"45.07815","LONGITUDINE_CENTRALE":"8.40525","POS_X_CENTRALE":"453188.21362","POS_Y_CENTRALE":"4991804.19403","TIPO_ADSL":"ADSL_M","DESCRIZIONE_TIPO_ADSL":"ADSL Mini","DISTANZA_CALCOLATA":"1526.06","CLASSE_DISTANZA":"1300-1699","POTENZA_SEGNALE":"0.64","POPOLAZIONE_SEZIONE": "49"}
			},
		 		{ "type" : "Feature",
				"geometry" : {
					"type" : "Point",
					"coordinates" : [8.41156,45.08448]},
			"properties" : { "ANNO":"2010","ID_SEZIONE":"12290","ISTAT_COMUNE_SEZ":"6149","COMUNE_SEZ":"ROSIGNANO MONFERRATO","PROVINCIA":"AL","ID_CENTRALE":"1158","NOME_CENTRALE":"ROSIGNANO MONFERRATO 2","ISTAT_COMUNE_CENTR":"6149","COMUNE_CENTR":"ROSIGNANO MONFERRATO","PROVINCIA_CENTR":"AL","INDIRIZZO_CENTRALE":"ST. COM. FASSOLIO 1","LATITUDINE_SEZIONE":"45.08448","LONGITUDINE_SEZIONE":"8.41156","POS_X_SEZIONE":"453690.13440","POS_Y_SEZIONE":"4992503.10456","LATITUDINE_CENTRALE":"45.07815","LONGITUDINE_CENTRALE":"8.40525","POS_X_CENTRALE":"453188.21362","POS_Y_CENTRALE":"4991804.19403","TIPO_ADSL":"ADSL_M","DESCRIZIONE_TIPO_ADSL":"ADSL Mini","DISTANZA_CALCOLATA":"860.47","CLASSE_DISTANZA":"500-899","POTENZA_SEGNALE":"0.64","POPOLAZIONE_SEZIONE": "19"}
			},
		 		{ "type" : "Feature",
				"geometry" : {
					"type" : "Point",
					"coordinates" : [8.41046,45.07536]},
			"properties" : { "ANNO":"2010","ID_SEZIONE":"13999","ISTAT_COMUNE_SEZ":"6149","COMUNE_SEZ":"ROSIGNANO MONFERRATO","PROVINCIA":"AL","ID_CENTRALE":"1158","NOME_CENTRALE":"ROSIGNANO MONFERRATO 2","ISTAT_COMUNE_CENTR":"6149","COMUNE_CENTR":"ROSIGNANO MONFERRATO","PROVINCIA_CENTR":"AL","INDIRIZZO_CENTRALE":"ST. COM. FASSOLIO 1","LATITUDINE_SEZIONE":"45.07536","LONGITUDINE_SEZIONE":"8.41046","POS_X_SEZIONE":"453596.37849","POS_Y_SEZIONE":"4991491.07563","LATITUDINE_CENTRALE":"45.07815","LONGITUDINE_CENTRALE":"8.40525","POS_X_CENTRALE":"453188.21362","POS_Y_CENTRALE":"4991804.19403","TIPO_ADSL":"ADSL_M","DESCRIZIONE_TIPO_ADSL":"ADSL Mini","DISTANZA_CALCOLATA":"514.43","CLASSE_DISTANZA":"500-899","POTENZA_SEGNALE":"0.64","POPOLAZIONE_SEZIONE": "20"}
			},
		 		{ "type" : "Feature",
				"geometry" : {
					"type" : "Point",
					"coordinates" : [8.39760,45.09061]},
			"properties" : { "ANNO":"2010","ID_SEZIONE":"15036","ISTAT_COMUNE_SEZ":"6149","COMUNE_SEZ":"ROSIGNANO MONFERRATO","PROVINCIA":"AL","ID_CENTRALE":"1158","NOME_CENTRALE":"ROSIGNANO MONFERRATO 2","ISTAT_COMUNE_CENTR":"6149","COMUNE_CENTR":"ROSIGNANO MONFERRATO","PROVINCIA_CENTR":"AL","INDIRIZZO_CENTRALE":"ST. COM. FASSOLIO 1","LATITUDINE_SEZIONE":"45.09061","LONGITUDINE_SEZIONE":"8.39760","POS_X_SEZIONE":"452596.22847","POS_Y_SEZIONE":"4993192.61752","LATITUDINE_CENTRALE":"45.07815","LONGITUDINE_CENTRALE":"8.40525","POS_X_CENTRALE":"453188.21362","POS_Y_CENTRALE":"4991804.19403","TIPO_ADSL":"ADSL_M","DESCRIZIONE_TIPO_ADSL":"ADSL Mini","DISTANZA_CALCOLATA":"1509.36","CLASSE_DISTANZA":"1300-1699","POTENZA_SEGNALE":"0.64","POPOLAZIONE_SEZIONE": "62"}
			},
		 		{ "type" : "Feature",
				"geometry" : {
					"type" : "Point",
					"coordinates" : [8.43091,45.06052]},
			"properties" : { "ANNO":"2010","ID_SEZIONE":"15038","ISTAT_COMUNE_SEZ":"6149","COMUNE_SEZ":"ROSIGNANO MONFERRATO","PROVINCIA":"AL","ID_CENTRALE":"1158","NOME_CENTRALE":"ROSIGNANO MONFERRATO 2","ISTAT_COMUNE_CENTR":"6149","COMUNE_CENTR":"ROSIGNANO MONFERRATO","PROVINCIA_CENTR":"AL","INDIRIZZO_CENTRALE":"ST. COM. FASSOLIO 1","LATITUDINE_SEZIONE":"45.06052","LONGITUDINE_SEZIONE":"8.43091","POS_X_SEZIONE":"455194.13081","POS_Y_SEZIONE":"4989831.03748","LATITUDINE_CENTRALE":"45.07815","LONGITUDINE_CENTRALE":"8.40525","POS_X_CENTRALE":"453188.21362","POS_Y_CENTRALE":"4991804.19403","TIPO_ADSL":"ADSL_M","DESCRIZIONE_TIPO_ADSL":"ADSL Mini","DISTANZA_CALCOLATA":"2813.73","CLASSE_DISTANZA":"2500-2899","POTENZA_SEGNALE":"0.64","POPOLAZIONE_SEZIONE": "25"}
			},
		 		{ "type" : "Feature",
				"geometry" : {
					"type" : "Point",
					"coordinates" : [8.42253,45.06961]},
			"properties" : { "ANNO":"2010","ID_SEZIONE":"15693","ISTAT_COMUNE_SEZ":"6149","COMUNE_SEZ":"ROSIGNANO MONFERRATO","PROVINCIA":"AL","ID_CENTRALE":"1158","NOME_CENTRALE":"ROSIGNANO MONFERRATO 2","ISTAT_COMUNE_CENTR":"6149","COMUNE_CENTR":"ROSIGNANO MONFERRATO","PROVINCIA_CENTR":"AL","INDIRIZZO_CENTRALE":"ST. COM. FASSOLIO 1","LATITUDINE_SEZIONE":"45.06961","LONGITUDINE_SEZIONE":"8.42253","POS_X_SEZIONE":"454541.38150","POS_Y_SEZIONE":"4990845.56190","LATITUDINE_CENTRALE":"45.07815","LONGITUDINE_CENTRALE":"8.40525","POS_X_CENTRALE":"453188.21362","POS_Y_CENTRALE":"4991804.19403","TIPO_ADSL":"ADSL_M","DESCRIZIONE_TIPO_ADSL":"ADSL Mini","DISTANZA_CALCOLATA":"1658.32","CLASSE_DISTANZA":"1300-1699","POTENZA_SEGNALE":"0.64","POPOLAZIONE_SEZIONE": "16"}
			},
		 		{ "type" : "Feature",
				"geometry" : {
					"type" : "Point",
					"coordinates" : [8.41435,45.07135]},
			"properties" : { "ANNO":"2010","ID_SEZIONE":"15871","ISTAT_COMUNE_SEZ":"6149","COMUNE_SEZ":"ROSIGNANO MONFERRATO","PROVINCIA":"AL","ID_CENTRALE":"1158","NOME_CENTRALE":"ROSIGNANO MONFERRATO 2","ISTAT_COMUNE_CENTR":"6149","COMUNE_CENTR":"ROSIGNANO MONFERRATO","PROVINCIA_CENTR":"AL","INDIRIZZO_CENTRALE":"ST. COM. FASSOLIO 1","LATITUDINE_SEZIONE":"45.07135","LONGITUDINE_SEZIONE":"8.41435","POS_X_SEZIONE":"453898.78412","POS_Y_SEZIONE":"4991043.06436","LATITUDINE_CENTRALE":"45.07815","LONGITUDINE_CENTRALE":"8.40525","POS_X_CENTRALE":"453188.21362","POS_Y_CENTRALE":"4991804.19403","TIPO_ADSL":"ADSL_M","DESCRIZIONE_TIPO_ADSL":"ADSL Mini","DISTANZA_CALCOLATA":"1041.26","CLASSE_DISTANZA":"900-1299","POTENZA_SEGNALE":"0.64","POPOLAZIONE_SEZIONE": "10"}
			},
		 		{ "type" : "Feature",
				"geometry" : {
					"type" : "Point",
					"coordinates" : [8.42187,45.05994]},
			"properties" : { "ANNO":"2010","ID_SEZIONE":"15872","ISTAT_COMUNE_SEZ":"6149","COMUNE_SEZ":"ROSIGNANO MONFERRATO","PROVINCIA":"AL","ID_CENTRALE":"1158","NOME_CENTRALE":"ROSIGNANO MONFERRATO 2","ISTAT_COMUNE_CENTR":"6149","COMUNE_CENTR":"ROSIGNANO MONFERRATO","PROVINCIA_CENTR":"AL","INDIRIZZO_CENTRALE":"ST. COM. FASSOLIO 1","LATITUDINE_SEZIONE":"45.05994","LONGITUDINE_SEZIONE":"8.42187","POS_X_SEZIONE":"454482.28185","POS_Y_SEZIONE":"4989771.53182","LATITUDINE_CENTRALE":"45.07815","LONGITUDINE_CENTRALE":"8.40525","POS_X_CENTRALE":"453188.21362","POS_Y_CENTRALE":"4991804.19403","TIPO_ADSL":"ADSL_M","DESCRIZIONE_TIPO_ADSL":"ADSL Mini","DISTANZA_CALCOLATA":"2409.63","CLASSE_DISTANZA":"2100-2499","POTENZA_SEGNALE":"0.64","POPOLAZIONE_SEZIONE": "69"}
			},
		 		{ "type" : "Feature",
				"geometry" : {
					"type" : "Point",
					"coordinates" : [8.44817,45.06593]},
			"properties" : { "ANNO":"2010","ID_SEZIONE":"16173","ISTAT_COMUNE_SEZ":"6149","COMUNE_SEZ":"ROSIGNANO MONFERRATO","PROVINCIA":"AL","ID_CENTRALE":"1158","NOME_CENTRALE":"ROSIGNANO MONFERRATO 2","ISTAT_COMUNE_CENTR":"6149","COMUNE_CENTR":"ROSIGNANO MONFERRATO","PROVINCIA_CENTR":"AL","INDIRIZZO_CENTRALE":"ST. COM. FASSOLIO 1","LATITUDINE_SEZIONE":"45.06593","LONGITUDINE_SEZIONE":"8.44817","POS_X_SEZIONE":"456556.98573","POS_Y_SEZIONE":"4990422.56030","LATITUDINE_CENTRALE":"45.07815","LONGITUDINE_CENTRALE":"8.40525","POS_X_CENTRALE":"453188.21362","POS_Y_CENTRALE":"4991804.19403","TIPO_ADSL":"ADSL_M","DESCRIZIONE_TIPO_ADSL":"ADSL Mini","DISTANZA_CALCOLATA":"3641.09","CLASSE_DISTANZA":"3300-3699","POTENZA_SEGNALE":"0.64","POPOLAZIONE_SEZIONE": "37"}
			},
		 		{ "type" : "Feature",
				"geometry" : {
					"type" : "Point",
					"coordinates" : [8.41857,45.06317]},
			"properties" : { "ANNO":"2010","ID_SEZIONE":"17744","ISTAT_COMUNE_SEZ":"6149","COMUNE_SEZ":"ROSIGNANO MONFERRATO","PROVINCIA":"AL","ID_CENTRALE":"1158","NOME_CENTRALE":"ROSIGNANO MONFERRATO 2","ISTAT_COMUNE_CENTR":"6149","COMUNE_CENTR":"ROSIGNANO MONFERRATO","PROVINCIA_CENTR":"AL","INDIRIZZO_CENTRALE":"ST. COM. FASSOLIO 1","LATITUDINE_SEZIONE":"45.06317","LONGITUDINE_SEZIONE":"8.41857","POS_X_SEZIONE":"454225.09401","POS_Y_SEZIONE":"4990132.54046","LATITUDINE_CENTRALE":"45.07815","LONGITUDINE_CENTRALE":"8.40525","POS_X_CENTRALE":"453188.21362","POS_Y_CENTRALE":"4991804.19403","TIPO_ADSL":"ADSL_M","DESCRIZIONE_TIPO_ADSL":"ADSL Mini","DISTANZA_CALCOLATA":"1967.12","CLASSE_DISTANZA":"1700-2099","POTENZA_SEGNALE":"0.64","POPOLAZIONE_SEZIONE": "125"}
			},
		 		{ "type" : "Feature",
				"geometry" : {
					"type" : "Point",
					"coordinates" : [8.42654,45.07171]},
			"properties" : { "ANNO":"2010","ID_SEZIONE":"18091","ISTAT_COMUNE_SEZ":"6149","COMUNE_SEZ":"ROSIGNANO MONFERRATO","PROVINCIA":"AL","ID_CENTRALE":"1158","NOME_CENTRALE":"ROSIGNANO MONFERRATO 2","ISTAT_COMUNE_CENTR":"6149","COMUNE_CENTR":"ROSIGNANO MONFERRATO","PROVINCIA_CENTR":"AL","INDIRIZZO_CENTRALE":"ST. COM. FASSOLIO 1","LATITUDINE_SEZIONE":"45.07171","LONGITUDINE_SEZIONE":"8.42654","POS_X_SEZIONE":"454858.82150","POS_Y_SEZIONE":"4991076.06993","LATITUDINE_CENTRALE":"45.07815","LONGITUDINE_CENTRALE":"8.40525","POS_X_CENTRALE":"453188.21362","POS_Y_CENTRALE":"4991804.19403","TIPO_ADSL":"ADSL_M","DESCRIZIONE_TIPO_ADSL":"ADSL Mini","DISTANZA_CALCOLATA":"1822.39","CLASSE_DISTANZA":"1700-2099","POTENZA_SEGNALE":"0.64","POPOLAZIONE_SEZIONE": "41"}
			},
		 		{ "type" : "Feature",
				"geometry" : {
					"type" : "Point",
					"coordinates" : [8.41796,45.09434]},
			"properties" : { "ANNO":"2010","ID_SEZIONE":"20232","ISTAT_COMUNE_SEZ":"6149","COMUNE_SEZ":"ROSIGNANO MONFERRATO","PROVINCIA":"AL","ID_CENTRALE":"1158","NOME_CENTRALE":"ROSIGNANO MONFERRATO 2","ISTAT_COMUNE_CENTR":"6149","COMUNE_CENTR":"ROSIGNANO MONFERRATO","PROVINCIA_CENTR":"AL","INDIRIZZO_CENTRALE":"ST. COM. FASSOLIO 1","LATITUDINE_SEZIONE":"45.09434","LONGITUDINE_SEZIONE":"8.41796","POS_X_SEZIONE":"454201.64953","POS_Y_SEZIONE":"4993595.63473","LATITUDINE_CENTRALE":"45.07815","LONGITUDINE_CENTRALE":"8.40525","POS_X_CENTRALE":"453188.21362","POS_Y_CENTRALE":"4991804.19403","TIPO_ADSL":"ADSL_M","DESCRIZIONE_TIPO_ADSL":"ADSL Mini","DISTANZA_CALCOLATA":"2058.23","CLASSE_DISTANZA":"1700-2099","POTENZA_SEGNALE":"0.64","POPOLAZIONE_SEZIONE": "50"}
			},
		 		{ "type" : "Feature",
				"geometry" : {
					"type" : "Point",
					"coordinates" : [8.38240,45.06234]},
			"properties" : { "ANNO":"2010","ID_SEZIONE":"21121","ISTAT_COMUNE_SEZ":"6056","COMUNE_SEZ":"CELLA MONTE","PROVINCIA":"AL","ID_CENTRALE":"1158","NOME_CENTRALE":"ROSIGNANO MONFERRATO 2","ISTAT_COMUNE_CENTR":"6149","COMUNE_CENTR":"ROSIGNANO MONFERRATO","PROVINCIA_CENTR":"AL","INDIRIZZO_CENTRALE":"ST. COM. FASSOLIO 1","LATITUDINE_SEZIONE":"45.06234","LONGITUDINE_SEZIONE":"8.38240","POS_X_SEZIONE":"451376.38745","POS_Y_SEZIONE":"4990060.52305","LATITUDINE_CENTRALE":"45.07815","LONGITUDINE_CENTRALE":"8.40525","POS_X_CENTRALE":"453188.21362","POS_Y_CENTRALE":"4991804.19403","TIPO_ADSL":"ADSL_M","DESCRIZIONE_TIPO_ADSL":"ADSL Mini","DISTANZA_CALCOLATA":"2514.58","CLASSE_DISTANZA":"2500-2899","POTENZA_SEGNALE":"0.64","POPOLAZIONE_SEZIONE": "110"}
			},
		 		{ "type" : "Feature",
				"geometry" : {
					"type" : "Point",
					"coordinates" : [8.40211,45.09251]},
			"properties" : { "ANNO":"2010","ID_SEZIONE":"22251","ISTAT_COMUNE_SEZ":"6149","COMUNE_SEZ":"ROSIGNANO MONFERRATO","PROVINCIA":"AL","ID_CENTRALE":"1158","NOME_CENTRALE":"ROSIGNANO MONFERRATO 2","ISTAT_COMUNE_CENTR":"6149","COMUNE_CENTR":"ROSIGNANO MONFERRATO","PROVINCIA_CENTR":"AL","INDIRIZZO_CENTRALE":"ST. COM. FASSOLIO 1","LATITUDINE_SEZIONE":"45.09251","LONGITUDINE_SEZIONE":"8.40211","POS_X_SEZIONE":"452953.13958","POS_Y_SEZIONE":"4993401.12440","LATITUDINE_CENTRALE":"45.07815","LONGITUDINE_CENTRALE":"8.40525","POS_X_CENTRALE":"453188.21362","POS_Y_CENTRALE":"4991804.19403","TIPO_ADSL":"ADSL_M","DESCRIZIONE_TIPO_ADSL":"ADSL Mini","DISTANZA_CALCOLATA":"1614.14","CLASSE_DISTANZA":"1300-1699","POTENZA_SEGNALE":"0.64","POPOLAZIONE_SEZIONE": "7"}
			},
		 		{ "type" : "Feature",
				"geometry" : {
					"type" : "Point",
					"coordinates" : [8.43512,45.06691]},
			"properties" : { "ANNO":"2010","ID_SEZIONE":"22253","ISTAT_COMUNE_SEZ":"6149","COMUNE_SEZ":"ROSIGNANO MONFERRATO","PROVINCIA":"AL","ID_CENTRALE":"1158","NOME_CENTRALE":"ROSIGNANO MONFERRATO 2","ISTAT_COMUNE_CENTR":"6149","COMUNE_CENTR":"ROSIGNANO MONFERRATO","PROVINCIA_CENTR":"AL","INDIRIZZO_CENTRALE":"ST. COM. FASSOLIO 1","LATITUDINE_SEZIONE":"45.06691","LONGITUDINE_SEZIONE":"8.43512","POS_X_SEZIONE":"455530.72985","POS_Y_SEZIONE":"4990538.05828","LATITUDINE_CENTRALE":"45.07815","LONGITUDINE_CENTRALE":"8.40525","POS_X_CENTRALE":"453188.21362","POS_Y_CENTRALE":"4991804.19403","TIPO_ADSL":"ADSL_M","DESCRIZIONE_TIPO_ADSL":"ADSL Mini","DISTANZA_CALCOLATA":"2662.8","CLASSE_DISTANZA":"2500-2899","POTENZA_SEGNALE":"0.64","POPOLAZIONE_SEZIONE": "29"}
			},
		 		{ "type" : "Feature",
				"geometry" : {
					"type" : "Point",
					"coordinates" : [8.41857,45.09209]},
			"properties" : { "ANNO":"2010","ID_SEZIONE":"22533","ISTAT_COMUNE_SEZ":"6149","COMUNE_SEZ":"ROSIGNANO MONFERRATO","PROVINCIA":"AL","ID_CENTRALE":"1158","NOME_CENTRALE":"ROSIGNANO MONFERRATO 2","ISTAT_COMUNE_CENTR":"6149","COMUNE_CENTR":"ROSIGNANO MONFERRATO","PROVINCIA_CENTR":"AL","INDIRIZZO_CENTRALE":"ST. COM. FASSOLIO 1","LATITUDINE_SEZIONE":"45.09209","LONGITUDINE_SEZIONE":"8.41857","POS_X_SEZIONE":"454248.11507","POS_Y_SEZIONE":"4993345.12849","LATITUDINE_CENTRALE":"45.07815","LONGITUDINE_CENTRALE":"8.40525","POS_X_CENTRALE":"453188.21362","POS_Y_CENTRALE":"4991804.19403","TIPO_ADSL":"ADSL_M","DESCRIZIONE_TIPO_ADSL":"ADSL Mini","DISTANZA_CALCOLATA":"1870.26","CLASSE_DISTANZA":"1700-2099","POTENZA_SEGNALE":"0.64","POPOLAZIONE_SEZIONE": "2"}
			},
		 		{ "type" : "Feature",
				"geometry" : {
					"type" : "Point",
					"coordinates" : [8.42838,45.08082]},
			"properties" : { "ANNO":"2010","ID_SEZIONE":"25275","ISTAT_COMUNE_SEZ":"6149","COMUNE_SEZ":"ROSIGNANO MONFERRATO","PROVINCIA":"AL","ID_CENTRALE":"1158","NOME_CENTRALE":"ROSIGNANO MONFERRATO 2","ISTAT_COMUNE_CENTR":"6149","COMUNE_CENTR":"ROSIGNANO MONFERRATO","PROVINCIA_CENTR":"AL","INDIRIZZO_CENTRALE":"ST. COM. FASSOLIO 1","LATITUDINE_SEZIONE":"45.08082","LONGITUDINE_SEZIONE":"8.42838","POS_X_SEZIONE":"455010.85836","POS_Y_SEZIONE":"4992087.59864","LATITUDINE_CENTRALE":"45.07815","LONGITUDINE_CENTRALE":"8.40525","POS_X_CENTRALE":"453188.21362","POS_Y_CENTRALE":"4991804.19403","TIPO_ADSL":"ADSL_M","DESCRIZIONE_TIPO_ADSL":"ADSL Mini","DISTANZA_CALCOLATA":"1844.55","CLASSE_DISTANZA":"1700-2099","POTENZA_SEGNALE":"0.64","POPOLAZIONE_SEZIONE": "10"}
			},
		 		{ "type" : "Feature",
				"geometry" : {
					"type" : "Point",
					"coordinates" : [8.40267,45.06030]},
			"properties" : { "ANNO":"2010","ID_SEZIONE":"26349","ISTAT_COMUNE_SEZ":"6149","COMUNE_SEZ":"ROSIGNANO MONFERRATO","PROVINCIA":"AL","ID_CENTRALE":"1158","NOME_CENTRALE":"ROSIGNANO MONFERRATO 2","ISTAT_COMUNE_CENTR":"6149","COMUNE_CENTR":"ROSIGNANO MONFERRATO","PROVINCIA_CENTR":"AL","INDIRIZZO_CENTRALE":"ST. COM. FASSOLIO 1","LATITUDINE_SEZIONE":"45.06030","LONGITUDINE_SEZIONE":"8.40267","POS_X_SEZIONE":"452970.24089","POS_Y_SEZIONE":"4989823.02519","LATITUDINE_CENTRALE":"45.07815","LONGITUDINE_CENTRALE":"8.40525","POS_X_CENTRALE":"453188.21362","POS_Y_CENTRALE":"4991804.19403","TIPO_ADSL":"ADSL_M","DESCRIZIONE_TIPO_ADSL":"ADSL Mini","DISTANZA_CALCOLATA":"1993.12","CLASSE_DISTANZA":"1700-2099","POTENZA_SEGNALE":"0.64","POPOLAZIONE_SEZIONE": "127"}
			},
		 		{ "type" : "Feature",
				"geometry" : {
					"type" : "Point",
					"coordinates" : [8.40435,45.05527]},
			"properties" : { "ANNO":"2010","ID_SEZIONE":"26780","ISTAT_COMUNE_SEZ":"6149","COMUNE_SEZ":"ROSIGNANO MONFERRATO","PROVINCIA":"AL","ID_CENTRALE":"1158","NOME_CENTRALE":"ROSIGNANO MONFERRATO 2","ISTAT_COMUNE_CENTR":"6149","COMUNE_CENTR":"ROSIGNANO MONFERRATO","PROVINCIA_CENTR":"AL","INDIRIZZO_CENTRALE":"ST. COM. FASSOLIO 1","LATITUDINE_SEZIONE":"45.05527","LONGITUDINE_SEZIONE":"8.40435","POS_X_SEZIONE":"453098.83174","POS_Y_SEZIONE":"4989262.50961","LATITUDINE_CENTRALE":"45.07815","LONGITUDINE_CENTRALE":"8.40525","POS_X_CENTRALE":"453188.21362","POS_Y_CENTRALE":"4991804.19403","TIPO_ADSL":"ADSL_M","DESCRIZIONE_TIPO_ADSL":"ADSL Mini","DISTANZA_CALCOLATA":"2543.26","CLASSE_DISTANZA":"2500-2899","POTENZA_SEGNALE":"0.64","POPOLAZIONE_SEZIONE": "11"}
			},
		 		{ "type" : "Feature",
				"geometry" : {
					"type" : "Point",
					"coordinates" : [8.38698,45.07184]},
			"properties" : { "ANNO":"2010","ID_SEZIONE":"28828","ISTAT_COMUNE_SEZ":"6056","COMUNE_SEZ":"CELLA MONTE","PROVINCIA":"AL","ID_CENTRALE":"1158","NOME_CENTRALE":"ROSIGNANO MONFERRATO 2","ISTAT_COMUNE_CENTR":"6149","COMUNE_CENTR":"ROSIGNANO MONFERRATO","PROVINCIA_CENTR":"AL","INDIRIZZO_CENTRALE":"ST. COM. FASSOLIO 1","LATITUDINE_SEZIONE":"45.07184","LONGITUDINE_SEZIONE":"8.38698","POS_X_SEZIONE":"451745.23942","POS_Y_SEZIONE":"4991114.05624","LATITUDINE_CENTRALE":"45.07815","LONGITUDINE_CENTRALE":"8.40525","POS_X_CENTRALE":"453188.21362","POS_Y_CENTRALE":"4991804.19403","TIPO_ADSL":"ADSL_M","DESCRIZIONE_TIPO_ADSL":"ADSL Mini","DISTANZA_CALCOLATA":"1599.52","CLASSE_DISTANZA":"1300-1699","POTENZA_SEGNALE":"0.64","POPOLAZIONE_SEZIONE": "21"}
			},
		 		{ "type" : "Feature",
				"geometry" : {
					"type" : "Point",
					"coordinates" : [8.43389,45.07669]},
			"properties" : { "ANNO":"2010","ID_SEZIONE":"29471","ISTAT_COMUNE_SEZ":"6149","COMUNE_SEZ":"ROSIGNANO MONFERRATO","PROVINCIA":"AL","ID_CENTRALE":"1158","NOME_CENTRALE":"ROSIGNANO MONFERRATO 2","ISTAT_COMUNE_CENTR":"6149","COMUNE_CENTR":"ROSIGNANO MONFERRATO","PROVINCIA_CENTR":"AL","INDIRIZZO_CENTRALE":"ST. COM. FASSOLIO 1","LATITUDINE_SEZIONE":"45.07669","LONGITUDINE_SEZIONE":"8.43389","POS_X_SEZIONE":"455441.42221","POS_Y_SEZIONE":"4991626.08798","LATITUDINE_CENTRALE":"45.07815","LONGITUDINE_CENTRALE":"8.40525","POS_X_CENTRALE":"453188.21362","POS_Y_CENTRALE":"4991804.19403","TIPO_ADSL":"ADSL_M","DESCRIZIONE_TIPO_ADSL":"ADSL Mini","DISTANZA_CALCOLATA":"2260.24","CLASSE_DISTANZA":"2100-2499","POTENZA_SEGNALE":"0.64","POPOLAZIONE_SEZIONE": "68"}
			},
		 		{ "type" : "Feature",
				"geometry" : {
					"type" : "Point",
					"coordinates" : [8.44471,45.06740]},
			"properties" : { "ANNO":"2010","ID_SEZIONE":"29872","ISTAT_COMUNE_SEZ":"6149","COMUNE_SEZ":"ROSIGNANO MONFERRATO","PROVINCIA":"AL","ID_CENTRALE":"1158","NOME_CENTRALE":"ROSIGNANO MONFERRATO 2","ISTAT_COMUNE_CENTR":"6149","COMUNE_CENTR":"ROSIGNANO MONFERRATO","PROVINCIA_CENTR":"AL","INDIRIZZO_CENTRALE":"ST. COM. FASSOLIO 1","LATITUDINE_SEZIONE":"45.06740","LONGITUDINE_SEZIONE":"8.44471","POS_X_SEZIONE":"456286.20377","POS_Y_SEZIONE":"4990588.06379","LATITUDINE_CENTRALE":"45.07815","LONGITUDINE_CENTRALE":"8.40525","POS_X_CENTRALE":"453188.21362","POS_Y_CENTRALE":"4991804.19403","TIPO_ADSL":"ADSL_M","DESCRIZIONE_TIPO_ADSL":"ADSL Mini","DISTANZA_CALCOLATA":"3328.14","CLASSE_DISTANZA":"3300-3699","POTENZA_SEGNALE":"0.64","POPOLAZIONE_SEZIONE": "65"}
			},
		 		{ "type" : "Feature",
				"geometry" : {
					"type" : "Point",
					"coordinates" : [8.40263,45.07576]},
			"properties" : { "ANNO":"2010","ID_SEZIONE":"30090","ISTAT_COMUNE_SEZ":"6149","COMUNE_SEZ":"ROSIGNANO MONFERRATO","PROVINCIA":"AL","ID_CENTRALE":"1158","NOME_CENTRALE":"ROSIGNANO MONFERRATO 2","ISTAT_COMUNE_CENTR":"6149","COMUNE_CENTR":"ROSIGNANO MONFERRATO","PROVINCIA_CENTR":"AL","INDIRIZZO_CENTRALE":"ST. COM. FASSOLIO 1","LATITUDINE_SEZIONE":"45.07576","LONGITUDINE_SEZIONE":"8.40263","POS_X_SEZIONE":"452979.87468","POS_Y_SEZIONE":"4991540.07403","LATITUDINE_CENTRALE":"45.07815","LONGITUDINE_CENTRALE":"8.40525","POS_X_CENTRALE":"453188.21362","POS_Y_CENTRALE":"4991804.19403","TIPO_ADSL":"ADSL_M","DESCRIZIONE_TIPO_ADSL":"ADSL Mini","DISTANZA_CALCOLATA":"336.40","CLASSE_DISTANZA":"100-499","POTENZA_SEGNALE":"0.64","POPOLAZIONE_SEZIONE": "24"}
			},
		 		{ "type" : "Feature",
				"geometry" : {
					"type" : "Point",
					"coordinates" : [8.41510,45.05469]},
			"properties" : { "ANNO":"2010","ID_SEZIONE":"30094","ISTAT_COMUNE_SEZ":"6149","COMUNE_SEZ":"ROSIGNANO MONFERRATO","PROVINCIA":"AL","ID_CENTRALE":"1158","NOME_CENTRALE":"ROSIGNANO MONFERRATO 2","ISTAT_COMUNE_CENTR":"6149","COMUNE_CENTR":"ROSIGNANO MONFERRATO","PROVINCIA_CENTR":"AL","INDIRIZZO_CENTRALE":"ST. COM. FASSOLIO 1","LATITUDINE_SEZIONE":"45.05469","LONGITUDINE_SEZIONE":"8.41510","POS_X_SEZIONE":"453944.52518","POS_Y_SEZIONE":"4989192.01233","LATITUDINE_CENTRALE":"45.07815","LONGITUDINE_CENTRALE":"8.40525","POS_X_CENTRALE":"453188.21362","POS_Y_CENTRALE":"4991804.19403","TIPO_ADSL":"ADSL_M","DESCRIZIONE_TIPO_ADSL":"ADSL Mini","DISTANZA_CALCOLATA":"2719.47","CLASSE_DISTANZA":"2500-2899","POTENZA_SEGNALE":"0.64","POPOLAZIONE_SEZIONE": "18"}
			},
		 		{ "type" : "Feature",
				"geometry" : {
					"type" : "Point",
					"coordinates" : [8.39388,45.07027]},
			"properties" : { "ANNO":"2010","ID_SEZIONE":"30501","ISTAT_COMUNE_SEZ":"6056","COMUNE_SEZ":"CELLA MONTE","PROVINCIA":"AL","ID_CENTRALE":"1158","NOME_CENTRALE":"ROSIGNANO MONFERRATO 2","ISTAT_COMUNE_CENTR":"6149","COMUNE_CENTR":"ROSIGNANO MONFERRATO","PROVINCIA_CENTR":"AL","INDIRIZZO_CENTRALE":"ST. COM. FASSOLIO 1","LATITUDINE_SEZIONE":"45.07027","LONGITUDINE_SEZIONE":"8.39388","POS_X_SEZIONE":"452286.58521","POS_Y_SEZIONE":"4990935.55358","LATITUDINE_CENTRALE":"45.07815","LONGITUDINE_CENTRALE":"8.40525","POS_X_CENTRALE":"453188.21362","POS_Y_CENTRALE":"4991804.19403","TIPO_ADSL":"ADSL_M","DESCRIZIONE_TIPO_ADSL":"ADSL Mini","DISTANZA_CALCOLATA":"1251.99","CLASSE_DISTANZA":"900-1299","POTENZA_SEGNALE":"0.64","POPOLAZIONE_SEZIONE": "11"}
			},
		 		{ "type" : "Feature",
				"geometry" : {
					"type" : "Point",
					"coordinates" : [8.39952,45.08072]},
			"properties" : { "ANNO":"2010","ID_SEZIONE":"30898","ISTAT_COMUNE_SEZ":"6149","COMUNE_SEZ":"ROSIGNANO MONFERRATO","PROVINCIA":"AL","ID_CENTRALE":"1158","NOME_CENTRALE":"ROSIGNANO MONFERRATO 2","ISTAT_COMUNE_CENTR":"6149","COMUNE_CENTR":"ROSIGNANO MONFERRATO","PROVINCIA_CENTR":"AL","INDIRIZZO_CENTRALE":"ST. COM. FASSOLIO 1","LATITUDINE_SEZIONE":"45.08072","LONGITUDINE_SEZIONE":"8.39952","POS_X_SEZIONE":"452739.65708","POS_Y_SEZIONE":"4992093.08881","LATITUDINE_CENTRALE":"45.07815","LONGITUDINE_CENTRALE":"8.40525","POS_X_CENTRALE":"453188.21362","POS_Y_CENTRALE":"4991804.19403","TIPO_ADSL":"ADSL_M","DESCRIZIONE_TIPO_ADSL":"ADSL Mini","DISTANZA_CALCOLATA":"533.54","CLASSE_DISTANZA":"500-899","POTENZA_SEGNALE":"0.64","POPOLAZIONE_SEZIONE": "432"}
			},
		 		{ "type" : "Feature",
				"geometry" : {
					"type" : "Point",
					"coordinates" : [8.43048,45.07261]},
			"properties" : { "ANNO":"2010","ID_SEZIONE":"32581","ISTAT_COMUNE_SEZ":"6149","COMUNE_SEZ":"ROSIGNANO MONFERRATO","PROVINCIA":"AL","ID_CENTRALE":"1158","NOME_CENTRALE":"ROSIGNANO MONFERRATO 2","ISTAT_COMUNE_CENTR":"6149","COMUNE_CENTR":"ROSIGNANO MONFERRATO","PROVINCIA_CENTR":"AL","INDIRIZZO_CENTRALE":"ST. COM. FASSOLIO 1","LATITUDINE_SEZIONE":"45.07261","LONGITUDINE_SEZIONE":"8.43048","POS_X_SEZIONE":"455169.69920","POS_Y_SEZIONE":"4991174.57412","LATITUDINE_CENTRALE":"45.07815","LONGITUDINE_CENTRALE":"8.40525","POS_X_CENTRALE":"453188.21362","POS_Y_CENTRALE":"4991804.19403","TIPO_ADSL":"ADSL_M","DESCRIZIONE_TIPO_ADSL":"ADSL Mini","DISTANZA_CALCOLATA":"2079.11","CLASSE_DISTANZA":"1700-2099","POTENZA_SEGNALE":"0.64","POPOLAZIONE_SEZIONE": "15"}
			},
		 		{ "type" : "Feature",
				"geometry" : {
					"type" : "Point",
					"coordinates" : [8.38294,45.05606]},
			"properties" : { "ANNO":"2010","ID_SEZIONE":"32703","ISTAT_COMUNE_SEZ":"6056","COMUNE_SEZ":"CELLA MONTE","PROVINCIA":"AL","ID_CENTRALE":"1158","NOME_CENTRALE":"ROSIGNANO MONFERRATO 2","ISTAT_COMUNE_CENTR":"6149","COMUNE_CENTR":"ROSIGNANO MONFERRATO","PROVINCIA_CENTR":"AL","INDIRIZZO_CENTRALE":"ST. COM. FASSOLIO 1","LATITUDINE_SEZIONE":"45.05606","LONGITUDINE_SEZIONE":"8.38294","POS_X_SEZIONE":"451413.66463","POS_Y_SEZIONE":"4989363.00292","LATITUDINE_CENTRALE":"45.07815","LONGITUDINE_CENTRALE":"8.40525","POS_X_CENTRALE":"453188.21362","POS_Y_CENTRALE":"4991804.19403","TIPO_ADSL":"ADSL_M","DESCRIZIONE_TIPO_ADSL":"ADSL Mini","DISTANZA_CALCOLATA":"3018.02","CLASSE_DISTANZA":"2900-3299","POTENZA_SEGNALE":"0.64","POPOLAZIONE_SEZIONE": "34"}
			}
		 		]
	}
		