 	{ "type" : "FeatureCollection",
		"features" : [
		 		{ "type" : "Feature",
				"geometry" : {
					"type" : "Point",
					"coordinates" : [8.12133,44.81682]},
			"properties" : { "ANNO":"2010","ID_SEZIONE":"3219","ISTAT_COMUNE_SEZ":"5099","COMUNE_SEZ":"SAN MARTINO ALFIERI","PROVINCIA":"AT","ID_CENTRALE":"1274","NOME_CENTRALE":"SAN MARTINO ALFIERI","ISTAT_COMUNE_CENTR":"5099","COMUNE_CENTR":"SAN MARTINO ALFIERI","PROVINCIA_CENTR":"AT","INDIRIZZO_CENTRALE":"PIAZZA ALFIERI 16","LATITUDINE_SEZIONE":"44.81682","LONGITUDINE_SEZIONE":"8.12133","POS_X_SEZIONE":"430526.73828","POS_Y_SEZIONE":"4962977.02863","LATITUDINE_CENTRALE":"44.81726","LONGITUDINE_CENTRALE":"8.10858","POS_X_CENTRALE":"429519.40004","POS_Y_CENTRALE":"4963037.20735","TIPO_ADSL":"ADSL_M","DESCRIZIONE_TIPO_ADSL":"ADSL Mini","DISTANZA_CALCOLATA":"1009.13","CLASSE_DISTANZA":"900-1299","POTENZA_SEGNALE":"0.64","POPOLAZIONE_SEZIONE": "5"}
			},
		 		{ "type" : "Feature",
				"geometry" : {
					"type" : "Point",
					"coordinates" : [8.11561,44.82493]},
			"properties" : { "ANNO":"2010","ID_SEZIONE":"6652","ISTAT_COMUNE_SEZ":"5099","COMUNE_SEZ":"SAN MARTINO ALFIERI","PROVINCIA":"AT","ID_CENTRALE":"1274","NOME_CENTRALE":"SAN MARTINO ALFIERI","ISTAT_COMUNE_CENTR":"5099","COMUNE_CENTR":"SAN MARTINO ALFIERI","PROVINCIA_CENTR":"AT","INDIRIZZO_CENTRALE":"PIAZZA ALFIERI 16","LATITUDINE_SEZIONE":"44.82493","LONGITUDINE_SEZIONE":"8.11561","POS_X_SEZIONE":"430084.41841","POS_Y_SEZIONE":"4963883.04386","LATITUDINE_CENTRALE":"44.81726","LONGITUDINE_CENTRALE":"8.10858","POS_X_CENTRALE":"429519.40004","POS_Y_CENTRALE":"4963037.20735","TIPO_ADSL":"ADSL_M","DESCRIZIONE_TIPO_ADSL":"ADSL Mini","DISTANZA_CALCOLATA":"1017.19","CLASSE_DISTANZA":"900-1299","POTENZA_SEGNALE":"0.64","POPOLAZIONE_SEZIONE": "62"}
			},
		 		{ "type" : "Feature",
				"geometry" : {
					"type" : "Point",
					"coordinates" : [8.12306,44.81870]},
			"properties" : { "ANNO":"2010","ID_SEZIONE":"7862","ISTAT_COMUNE_SEZ":"5099","COMUNE_SEZ":"SAN MARTINO ALFIERI","PROVINCIA":"AT","ID_CENTRALE":"1274","NOME_CENTRALE":"SAN MARTINO ALFIERI","ISTAT_COMUNE_CENTR":"5099","COMUNE_CENTR":"SAN MARTINO ALFIERI","PROVINCIA_CENTR":"AT","INDIRIZZO_CENTRALE":"PIAZZA ALFIERI 16","LATITUDINE_SEZIONE":"44.81870","LONGITUDINE_SEZIONE":"8.12306","POS_X_SEZIONE":"430666.01201","POS_Y_SEZIONE":"4963184.03279","LATITUDINE_CENTRALE":"44.81726","LONGITUDINE_CENTRALE":"8.10858","POS_X_CENTRALE":"429519.40004","POS_Y_CENTRALE":"4963037.20735","TIPO_ADSL":"ADSL_M","DESCRIZIONE_TIPO_ADSL":"ADSL Mini","DISTANZA_CALCOLATA":"1155.97","CLASSE_DISTANZA":"900-1299","POTENZA_SEGNALE":"0.64","POPOLAZIONE_SEZIONE": "52"}
			},
		 		{ "type" : "Feature",
				"geometry" : {
					"type" : "Point",
					"coordinates" : [8.10938,44.82649]},
			"properties" : { "ANNO":"2010","ID_SEZIONE":"14979","ISTAT_COMUNE_SEZ":"5099","COMUNE_SEZ":"SAN MARTINO ALFIERI","PROVINCIA":"AT","ID_CENTRALE":"1274","NOME_CENTRALE":"SAN MARTINO ALFIERI","ISTAT_COMUNE_CENTR":"5099","COMUNE_CENTR":"SAN MARTINO ALFIERI","PROVINCIA_CENTR":"AT","INDIRIZZO_CENTRALE":"PIAZZA ALFIERI 16","LATITUDINE_SEZIONE":"44.82649","LONGITUDINE_SEZIONE":"8.10938","POS_X_SEZIONE":"429593.61265","POS_Y_SEZIONE":"4964062.04674","LATITUDINE_CENTRALE":"44.81726","LONGITUDINE_CENTRALE":"8.10858","POS_X_CENTRALE":"429519.40004","POS_Y_CENTRALE":"4963037.20735","TIPO_ADSL":"ADSL_M","DESCRIZIONE_TIPO_ADSL":"ADSL Mini","DISTANZA_CALCOLATA":"1027.52","CLASSE_DISTANZA":"900-1299","POTENZA_SEGNALE":"0.64","POPOLAZIONE_SEZIONE": "36"}
			},
		 		{ "type" : "Feature",
				"geometry" : {
					"type" : "Point",
					"coordinates" : [8.10082,44.82659]},
			"properties" : { "ANNO":"2010","ID_SEZIONE":"20105","ISTAT_COMUNE_SEZ":"5099","COMUNE_SEZ":"SAN MARTINO ALFIERI","PROVINCIA":"AT","ID_CENTRALE":"1274","NOME_CENTRALE":"SAN MARTINO ALFIERI","ISTAT_COMUNE_CENTR":"5099","COMUNE_CENTR":"SAN MARTINO ALFIERI","PROVINCIA_CENTR":"AT","INDIRIZZO_CENTRALE":"PIAZZA ALFIERI 16","LATITUDINE_SEZIONE":"44.82659","LONGITUDINE_SEZIONE":"8.10082","POS_X_SEZIONE":"428917.43984","POS_Y_SEZIONE":"4964080.04610","LATITUDINE_CENTRALE":"44.81726","LONGITUDINE_CENTRALE":"8.10858","POS_X_CENTRALE":"429519.40004","POS_Y_CENTRALE":"4963037.20735","TIPO_ADSL":"ADSL_M","DESCRIZIONE_TIPO_ADSL":"ADSL Mini","DISTANZA_CALCOLATA":"1204.1","CLASSE_DISTANZA":"900-1299","POTENZA_SEGNALE":"0.64","POPOLAZIONE_SEZIONE": "63"}
			},
		 		{ "type" : "Feature",
				"geometry" : {
					"type" : "Point",
					"coordinates" : [8.12711,44.82957]},
			"properties" : { "ANNO":"2010","ID_SEZIONE":"23980","ISTAT_COMUNE_SEZ":"5099","COMUNE_SEZ":"SAN MARTINO ALFIERI","PROVINCIA":"AT","ID_CENTRALE":"1274","NOME_CENTRALE":"SAN MARTINO ALFIERI","ISTAT_COMUNE_CENTR":"5099","COMUNE_CENTR":"SAN MARTINO ALFIERI","PROVINCIA_CENTR":"AT","INDIRIZZO_CENTRALE":"PIAZZA ALFIERI 16","LATITUDINE_SEZIONE":"44.82957","LONGITUDINE_SEZIONE":"8.12711","POS_X_SEZIONE":"430999.57642","POS_Y_SEZIONE":"4964388.55375","LATITUDINE_CENTRALE":"44.81726","LONGITUDINE_CENTRALE":"8.10858","POS_X_CENTRALE":"429519.40004","POS_Y_CENTRALE":"4963037.20735","TIPO_ADSL":"ADSL_M","DESCRIZIONE_TIPO_ADSL":"ADSL Mini","DISTANZA_CALCOLATA":"2004.26","CLASSE_DISTANZA":"1700-2099","POTENZA_SEGNALE":"0.64","POPOLAZIONE_SEZIONE": "100"}
			},
		 		{ "type" : "Feature",
				"geometry" : {
					"type" : "Point",
					"coordinates" : [8.12905,44.82264]},
			"properties" : { "ANNO":"2010","ID_SEZIONE":"27553","ISTAT_COMUNE_SEZ":"5099","COMUNE_SEZ":"SAN MARTINO ALFIERI","PROVINCIA":"AT","ID_CENTRALE":"1274","NOME_CENTRALE":"SAN MARTINO ALFIERI","ISTAT_COMUNE_CENTR":"5099","COMUNE_CENTR":"SAN MARTINO ALFIERI","PROVINCIA_CENTR":"AT","INDIRIZZO_CENTRALE":"PIAZZA ALFIERI 16","LATITUDINE_SEZIONE":"44.82264","LONGITUDINE_SEZIONE":"8.12905","POS_X_SEZIONE":"431144.18161","POS_Y_SEZIONE":"4963617.54063","LATITUDINE_CENTRALE":"44.81726","LONGITUDINE_CENTRALE":"8.10858","POS_X_CENTRALE":"429519.40004","POS_Y_CENTRALE":"4963037.20735","TIPO_ADSL":"ADSL_M","DESCRIZIONE_TIPO_ADSL":"ADSL Mini","DISTANZA_CALCOLATA":"1725.31","CLASSE_DISTANZA":"1700-2099","POTENZA_SEGNALE":"0.64","POPOLAZIONE_SEZIONE": "28"}
			},
		 		{ "type" : "Feature",
				"geometry" : {
					"type" : "Point",
					"coordinates" : [8.09950,44.82252]},
			"properties" : { "ANNO":"2010","ID_SEZIONE":"28225","ISTAT_COMUNE_SEZ":"5099","COMUNE_SEZ":"SAN MARTINO ALFIERI","PROVINCIA":"AT","ID_CENTRALE":"1274","NOME_CENTRALE":"SAN MARTINO ALFIERI","ISTAT_COMUNE_CENTR":"5099","COMUNE_CENTR":"SAN MARTINO ALFIERI","PROVINCIA_CENTR":"AT","INDIRIZZO_CENTRALE":"PIAZZA ALFIERI 16","LATITUDINE_SEZIONE":"44.82252","LONGITUDINE_SEZIONE":"8.09950","POS_X_SEZIONE":"428807.66909","POS_Y_SEZIONE":"4963629.03759","LATITUDINE_CENTRALE":"44.81726","LONGITUDINE_CENTRALE":"8.10858","POS_X_CENTRALE":"429519.40004","POS_Y_CENTRALE":"4963037.20735","TIPO_ADSL":"ADSL_M","DESCRIZIONE_TIPO_ADSL":"ADSL Mini","DISTANZA_CALCOLATA":"925.65","CLASSE_DISTANZA":"900-1299","POTENZA_SEGNALE":"0.64","POPOLAZIONE_SEZIONE": "8"}
			},
		 		{ "type" : "Feature",
				"geometry" : {
					"type" : "Point",
					"coordinates" : [8.11006,44.81839]},
			"properties" : { "ANNO":"2010","ID_SEZIONE":"31895","ISTAT_COMUNE_SEZ":"5099","COMUNE_SEZ":"SAN MARTINO ALFIERI","PROVINCIA":"AT","ID_CENTRALE":"1274","NOME_CENTRALE":"SAN MARTINO ALFIERI","ISTAT_COMUNE_CENTR":"5099","COMUNE_CENTR":"SAN MARTINO ALFIERI","PROVINCIA_CENTR":"AT","INDIRIZZO_CENTRALE":"PIAZZA ALFIERI 16","LATITUDINE_SEZIONE":"44.81839","LONGITUDINE_SEZIONE":"8.11006","POS_X_SEZIONE":"429638.06705","POS_Y_SEZIONE":"4963161.03016","LATITUDINE_CENTRALE":"44.81726","LONGITUDINE_CENTRALE":"8.10858","POS_X_CENTRALE":"429519.40004","POS_Y_CENTRALE":"4963037.20735","TIPO_ADSL":"ADSL_M","DESCRIZIONE_TIPO_ADSL":"ADSL Mini","DISTANZA_CALCOLATA":"171.50","CLASSE_DISTANZA":"100-499","POTENZA_SEGNALE":"0.64","POPOLAZIONE_SEZIONE": "326"}
			},
		 		{ "type" : "Feature",
				"geometry" : {
					"type" : "Point",
					"coordinates" : [8.13066,44.82163]},
			"properties" : { "ANNO":"2010","ID_SEZIONE":"32694","ISTAT_COMUNE_SEZ":"5099","COMUNE_SEZ":"SAN MARTINO ALFIERI","PROVINCIA":"AT","ID_CENTRALE":"1274","NOME_CENTRALE":"SAN MARTINO ALFIERI","ISTAT_COMUNE_CENTR":"5099","COMUNE_CENTR":"SAN MARTINO ALFIERI","PROVINCIA_CENTR":"AT","INDIRIZZO_CENTRALE":"PIAZZA ALFIERI 16","LATITUDINE_SEZIONE":"44.82163","LONGITUDINE_SEZIONE":"8.13066","POS_X_SEZIONE":"431270.49303","POS_Y_SEZIONE":"4963503.53922","LATITUDINE_CENTRALE":"44.81726","LONGITUDINE_CENTRALE":"8.10858","POS_X_CENTRALE":"429519.40004","POS_Y_CENTRALE":"4963037.20735","TIPO_ADSL":"ADSL_M","DESCRIZIONE_TIPO_ADSL":"ADSL Mini","DISTANZA_CALCOLATA":"1812.12","CLASSE_DISTANZA":"1700-2099","POTENZA_SEGNALE":"0.64","POPOLAZIONE_SEZIONE": "10"}
			}
		 		]
	}
		