 	{ "type" : "FeatureCollection",
		"features" : [
		 		{ "type" : "Feature",
				"geometry" : {
					"type" : "Point",
					"coordinates" : [8.39722,45.19130]},
			"properties" : { "ANNO":"2010","ID_SEZIONE":"5","ISTAT_COMUNE_SEZ":"6011","COMUNE_SEZ":"BALZOLA","PROVINCIA":"AL","ID_CENTRALE":"111","NOME_CENTRALE":"BALZOLA","ISTAT_COMUNE_CENTR":"6011","COMUNE_CENTR":"BALZOLA","PROVINCIA_CENTR":"AL","INDIRIZZO_CENTRALE":"MAMELI 4","LATITUDINE_SEZIONE":"45.19130","LONGITUDINE_SEZIONE":"8.39722","POS_X_SEZIONE":"452649.73759","POS_Y_SEZIONE":"5004378.39110","LATITUDINE_CENTRALE":"45.18537","LONGITUDINE_CENTRALE":"8.39898","POS_X_CENTRALE":"452783.19008","POS_Y_CENTRALE":"5003718.78702","TIPO_ADSL":"ADSL_M","DESCRIZIONE_TIPO_ADSL":"ADSL Mini","DISTANZA_CALCOLATA":"672.97","CLASSE_DISTANZA":"500-899","POTENZA_SEGNALE":"0.64","POPOLAZIONE_SEZIONE": "1"}
			},
		 		{ "type" : "Feature",
				"geometry" : {
					"type" : "Point",
					"coordinates" : [8.40322,45.18552]},
			"properties" : { "ANNO":"2010","ID_SEZIONE":"735","ISTAT_COMUNE_SEZ":"6011","COMUNE_SEZ":"BALZOLA","PROVINCIA":"AL","ID_CENTRALE":"111","NOME_CENTRALE":"BALZOLA","ISTAT_COMUNE_CENTR":"6011","COMUNE_CENTR":"BALZOLA","PROVINCIA_CENTR":"AL","INDIRIZZO_CENTRALE":"MAMELI 4","LATITUDINE_SEZIONE":"45.18552","LONGITUDINE_SEZIONE":"8.40322","POS_X_SEZIONE":"453116.94835","POS_Y_SEZIONE":"5003732.38073","LATITUDINE_CENTRALE":"45.18537","LONGITUDINE_CENTRALE":"8.39898","POS_X_CENTRALE":"452783.19008","POS_Y_CENTRALE":"5003718.78702","TIPO_ADSL":"ADSL_M","DESCRIZIONE_TIPO_ADSL":"ADSL Mini","DISTANZA_CALCOLATA":"334.03","CLASSE_DISTANZA":"100-499","POTENZA_SEGNALE":"0.64","POPOLAZIONE_SEZIONE": "328"}
			},
		 		{ "type" : "Feature",
				"geometry" : {
					"type" : "Point",
					"coordinates" : [8.40642,45.18218]},
			"properties" : { "ANNO":"2010","ID_SEZIONE":"2418","ISTAT_COMUNE_SEZ":"6011","COMUNE_SEZ":"BALZOLA","PROVINCIA":"AL","ID_CENTRALE":"111","NOME_CENTRALE":"BALZOLA","ISTAT_COMUNE_CENTR":"6011","COMUNE_CENTR":"BALZOLA","PROVINCIA_CENTR":"AL","INDIRIZZO_CENTRALE":"MAMELI 4","LATITUDINE_SEZIONE":"45.18218","LONGITUDINE_SEZIONE":"8.40642","POS_X_SEZIONE":"453365.09990","POS_Y_SEZIONE":"5003360.37433","LATITUDINE_CENTRALE":"45.18537","LONGITUDINE_CENTRALE":"8.39898","POS_X_CENTRALE":"452783.19008","POS_Y_CENTRALE":"5003718.78702","TIPO_ADSL":"ADSL_M","DESCRIZIONE_TIPO_ADSL":"ADSL Mini","DISTANZA_CALCOLATA":"683.43","CLASSE_DISTANZA":"500-899","POTENZA_SEGNALE":"0.64","POPOLAZIONE_SEZIONE": "486"}
			},
		 		{ "type" : "Feature",
				"geometry" : {
					"type" : "Point",
					"coordinates" : [8.42844,45.17719]},
			"properties" : { "ANNO":"2010","ID_SEZIONE":"4045","ISTAT_COMUNE_SEZ":"6011","COMUNE_SEZ":"BALZOLA","PROVINCIA":"AL","ID_CENTRALE":"111","NOME_CENTRALE":"BALZOLA","ISTAT_COMUNE_CENTR":"6011","COMUNE_CENTR":"BALZOLA","PROVINCIA_CENTR":"AL","INDIRIZZO_CENTRALE":"MAMELI 4","LATITUDINE_SEZIONE":"45.17719","LONGITUDINE_SEZIONE":"8.42844","POS_X_SEZIONE":"455090.97203","POS_Y_SEZIONE":"5002792.87353","LATITUDINE_CENTRALE":"45.18537","LONGITUDINE_CENTRALE":"8.39898","POS_X_CENTRALE":"452783.19008","POS_Y_CENTRALE":"5003718.78702","TIPO_ADSL":"ADSL_M","DESCRIZIONE_TIPO_ADSL":"ADSL Mini","DISTANZA_CALCOLATA":"2486.6","CLASSE_DISTANZA":"2100-2499","POTENZA_SEGNALE":"0.64","POPOLAZIONE_SEZIONE": "14"}
			},
		 		{ "type" : "Feature",
				"geometry" : {
					"type" : "Point",
					"coordinates" : [8.43229,45.19069]},
			"properties" : { "ANNO":"2010","ID_SEZIONE":"11868","ISTAT_COMUNE_SEZ":"6011","COMUNE_SEZ":"BALZOLA","PROVINCIA":"AL","ID_CENTRALE":"111","NOME_CENTRALE":"BALZOLA","ISTAT_COMUNE_CENTR":"6011","COMUNE_CENTR":"BALZOLA","PROVINCIA_CENTR":"AL","INDIRIZZO_CENTRALE":"MAMELI 4","LATITUDINE_SEZIONE":"45.19069","LONGITUDINE_SEZIONE":"8.43229","POS_X_SEZIONE":"455404.61760","POS_Y_SEZIONE":"5004290.40953","LATITUDINE_CENTRALE":"45.18537","LONGITUDINE_CENTRALE":"8.39898","POS_X_CENTRALE":"452783.19008","POS_Y_CENTRALE":"5003718.78702","TIPO_ADSL":"ADSL_M","DESCRIZIONE_TIPO_ADSL":"ADSL Mini","DISTANZA_CALCOLATA":"2683.03","CLASSE_DISTANZA":"2500-2899","POTENZA_SEGNALE":"0.64","POPOLAZIONE_SEZIONE": "13"}
			},
		 		{ "type" : "Feature",
				"geometry" : {
					"type" : "Point",
					"coordinates" : [8.39826,45.17497]},
			"properties" : { "ANNO":"2010","ID_SEZIONE":"11869","ISTAT_COMUNE_SEZ":"6011","COMUNE_SEZ":"BALZOLA","PROVINCIA":"AL","ID_CENTRALE":"111","NOME_CENTRALE":"BALZOLA","ISTAT_COMUNE_CENTR":"6011","COMUNE_CENTR":"BALZOLA","PROVINCIA_CENTR":"AL","INDIRIZZO_CENTRALE":"MAMELI 4","LATITUDINE_SEZIONE":"45.17497","LONGITUDINE_SEZIONE":"8.39826","POS_X_SEZIONE":"452718.02508","POS_Y_SEZIONE":"5002563.85285","LATITUDINE_CENTRALE":"45.18537","LONGITUDINE_CENTRALE":"8.39898","POS_X_CENTRALE":"452783.19008","POS_Y_CENTRALE":"5003718.78702","TIPO_ADSL":"ADSL_M","DESCRIZIONE_TIPO_ADSL":"ADSL Mini","DISTANZA_CALCOLATA":"1156.77","CLASSE_DISTANZA":"900-1299","POTENZA_SEGNALE":"0.64","POPOLAZIONE_SEZIONE": "33"}
			},
		 		{ "type" : "Feature",
				"geometry" : {
					"type" : "Point",
					"coordinates" : [8.39961,45.18466]},
			"properties" : { "ANNO":"2010","ID_SEZIONE":"12687","ISTAT_COMUNE_SEZ":"6011","COMUNE_SEZ":"BALZOLA","PROVINCIA":"AL","ID_CENTRALE":"111","NOME_CENTRALE":"BALZOLA","ISTAT_COMUNE_CENTR":"6011","COMUNE_CENTR":"BALZOLA","PROVINCIA_CENTR":"AL","INDIRIZZO_CENTRALE":"MAMELI 4","LATITUDINE_SEZIONE":"45.18466","LONGITUDINE_SEZIONE":"8.39961","POS_X_SEZIONE":"452832.38438","POS_Y_SEZIONE":"5003639.37644","LATITUDINE_CENTRALE":"45.18537","LONGITUDINE_CENTRALE":"8.39898","POS_X_CENTRALE":"452783.19008","POS_Y_CENTRALE":"5003718.78702","TIPO_ADSL":"ADSL_M","DESCRIZIONE_TIPO_ADSL":"ADSL Mini","DISTANZA_CALCOLATA":"93.41","CLASSE_DISTANZA":"0-99","POTENZA_SEGNALE":"0.64","POPOLAZIONE_SEZIONE": "164"}
			},
		 		{ "type" : "Feature",
				"geometry" : {
					"type" : "Point",
					"coordinates" : [8.39736,45.18334]},
			"properties" : { "ANNO":"2010","ID_SEZIONE":"12688","ISTAT_COMUNE_SEZ":"6011","COMUNE_SEZ":"BALZOLA","PROVINCIA":"AL","ID_CENTRALE":"111","NOME_CENTRALE":"BALZOLA","ISTAT_COMUNE_CENTR":"6011","COMUNE_CENTR":"BALZOLA","PROVINCIA_CENTR":"AL","INDIRIZZO_CENTRALE":"MAMELI 4","LATITUDINE_SEZIONE":"45.18334","LONGITUDINE_SEZIONE":"8.39736","POS_X_SEZIONE":"452654.78796","POS_Y_SEZIONE":"5003493.87218","LATITUDINE_CENTRALE":"45.18537","LONGITUDINE_CENTRALE":"8.39898","POS_X_CENTRALE":"452783.19008","POS_Y_CENTRALE":"5003718.78702","TIPO_ADSL":"ADSL_M","DESCRIZIONE_TIPO_ADSL":"ADSL Mini","DISTANZA_CALCOLATA":"258.99","CLASSE_DISTANZA":"100-499","POTENZA_SEGNALE":"0.64","POPOLAZIONE_SEZIONE": "405"}
			}
		 		]
	}
		