 	{ "type" : "FeatureCollection",
		"features" : [
		 		{ "type" : "Feature",
				"geometry" : {
					"type" : "Point",
					"coordinates" : [8.42992,45.38733]},
			"properties" : { "ANNO":"2010","ID_SEZIONE":"1642","ISTAT_COMUNE_SEZ":"2164","COMUNE_SEZ":"VILLATA","PROVINCIA":"VC","ID_CENTRALE":"1651","NOME_CENTRALE":"VILLATA","ISTAT_COMUNE_CENTR":"2164","COMUNE_CENTR":"VILLATA","PROVINCIA_CENTR":"VC","INDIRIZZO_CENTRALE":"C.SO V. VENETO 65","LATITUDINE_SEZIONE":"45.38733","LONGITUDINE_SEZIONE":"8.42992","POS_X_SEZIONE":"455372.68877","POS_Y_SEZIONE":"5026137.75982","LATITUDINE_CENTRALE":"45.38814","LONGITUDINE_CENTRALE":"8.43257","POS_X_CENTRALE":"455581.13219","POS_Y_CENTRALE":"5026225.66463","TIPO_ADSL":"NO","DESCRIZIONE_TIPO_ADSL":"NO Adsl","DISTANZA_CALCOLATA":"226.22","CLASSE_DISTANZA":"100-499","POTENZA_SEGNALE":"","POPOLAZIONE_SEZIONE": "772"}
			},
		 		{ "type" : "Feature",
				"geometry" : {
					"type" : "Point",
					"coordinates" : [8.42282,45.37836]},
			"properties" : { "ANNO":"2010","ID_SEZIONE":"7541","ISTAT_COMUNE_SEZ":"2164","COMUNE_SEZ":"VILLATA","PROVINCIA":"VC","ID_CENTRALE":"1651","NOME_CENTRALE":"VILLATA","ISTAT_COMUNE_CENTR":"2164","COMUNE_CENTR":"VILLATA","PROVINCIA_CENTR":"VC","INDIRIZZO_CENTRALE":"C.SO V. VENETO 65","LATITUDINE_SEZIONE":"45.37836","LONGITUDINE_SEZIONE":"8.42282","POS_X_SEZIONE":"454809.36640","POS_Y_SEZIONE":"5025145.24424","LATITUDINE_CENTRALE":"45.38814","LONGITUDINE_CENTRALE":"8.43257","POS_X_CENTRALE":"455581.13219","POS_Y_CENTRALE":"5026225.66463","TIPO_ADSL":"NO","DESCRIZIONE_TIPO_ADSL":"NO Adsl","DISTANZA_CALCOLATA":"1327.75","CLASSE_DISTANZA":"1300-1699","POTENZA_SEGNALE":"","POPOLAZIONE_SEZIONE": "31"}
			},
		 		{ "type" : "Feature",
				"geometry" : {
					"type" : "Point",
					"coordinates" : [8.40702,45.38080]},
			"properties" : { "ANNO":"2010","ID_SEZIONE":"9648","ISTAT_COMUNE_SEZ":"2164","COMUNE_SEZ":"VILLATA","PROVINCIA":"VC","ID_CENTRALE":"1651","NOME_CENTRALE":"VILLATA","ISTAT_COMUNE_CENTR":"2164","COMUNE_CENTR":"VILLATA","PROVINCIA_CENTR":"VC","INDIRIZZO_CENTRALE":"C.SO V. VENETO 65","LATITUDINE_SEZIONE":"45.38080","LONGITUDINE_SEZIONE":"8.40702","POS_X_SEZIONE":"453574.53196","POS_Y_SEZIONE":"5025425.23041","LATITUDINE_CENTRALE":"45.38814","LONGITUDINE_CENTRALE":"8.43257","POS_X_CENTRALE":"455581.13219","POS_Y_CENTRALE":"5026225.66463","TIPO_ADSL":"NO","DESCRIZIONE_TIPO_ADSL":"NO Adsl","DISTANZA_CALCOLATA":"2160.36","CLASSE_DISTANZA":"2100-2499","POTENZA_SEGNALE":"","POPOLAZIONE_SEZIONE": ""}
			},
		 		{ "type" : "Feature",
				"geometry" : {
					"type" : "Point",
					"coordinates" : [8.41061,45.39421]},
			"properties" : { "ANNO":"2010","ID_SEZIONE":"14590","ISTAT_COMUNE_SEZ":"2164","COMUNE_SEZ":"VILLATA","PROVINCIA":"VC","ID_CENTRALE":"1651","NOME_CENTRALE":"VILLATA","ISTAT_COMUNE_CENTR":"2164","COMUNE_CENTR":"VILLATA","PROVINCIA_CENTR":"VC","INDIRIZZO_CENTRALE":"C.SO V. VENETO 65","LATITUDINE_SEZIONE":"45.39421","LONGITUDINE_SEZIONE":"8.41061","POS_X_SEZIONE":"453866.73753","POS_Y_SEZIONE":"5026912.74606","LATITUDINE_CENTRALE":"45.38814","LONGITUDINE_CENTRALE":"8.43257","POS_X_CENTRALE":"455581.13219","POS_Y_CENTRALE":"5026225.66463","TIPO_ADSL":"NO","DESCRIZIONE_TIPO_ADSL":"NO Adsl","DISTANZA_CALCOLATA":"1846.95","CLASSE_DISTANZA":"1700-2099","POTENZA_SEGNALE":"","POPOLAZIONE_SEZIONE": ""}
			},
		 		{ "type" : "Feature",
				"geometry" : {
					"type" : "Point",
					"coordinates" : [8.42526,45.40174]},
			"properties" : { "ANNO":"2010","ID_SEZIONE":"17920","ISTAT_COMUNE_SEZ":"2164","COMUNE_SEZ":"VILLATA","PROVINCIA":"VC","ID_CENTRALE":"1651","NOME_CENTRALE":"VILLATA","ISTAT_COMUNE_CENTR":"2164","COMUNE_CENTR":"VILLATA","PROVINCIA_CENTR":"VC","INDIRIZZO_CENTRALE":"C.SO V. VENETO 65","LATITUDINE_SEZIONE":"45.40174","LONGITUDINE_SEZIONE":"8.42526","POS_X_SEZIONE":"455019.30380","POS_Y_SEZIONE":"5027740.26811","LATITUDINE_CENTRALE":"45.38814","LONGITUDINE_CENTRALE":"8.43257","POS_X_CENTRALE":"455581.13219","POS_Y_CENTRALE":"5026225.66463","TIPO_ADSL":"NO","DESCRIZIONE_TIPO_ADSL":"NO Adsl","DISTANZA_CALCOLATA":"1615.45","CLASSE_DISTANZA":"1300-1699","POTENZA_SEGNALE":"","POPOLAZIONE_SEZIONE": ""}
			},
		 		{ "type" : "Feature",
				"geometry" : {
					"type" : "Point",
					"coordinates" : [8.44379,45.38166]},
			"properties" : { "ANNO":"2010","ID_SEZIONE":"25510","ISTAT_COMUNE_SEZ":"2164","COMUNE_SEZ":"VILLATA","PROVINCIA":"VC","ID_CENTRALE":"1651","NOME_CENTRALE":"VILLATA","ISTAT_COMUNE_CENTR":"2164","COMUNE_CENTR":"VILLATA","PROVINCIA_CENTR":"VC","INDIRIZZO_CENTRALE":"C.SO V. VENETO 65","LATITUDINE_SEZIONE":"45.38166","LONGITUDINE_SEZIONE":"8.44379","POS_X_SEZIONE":"456454.11264","POS_Y_SEZIONE":"5025499.26920","LATITUDINE_CENTRALE":"45.38814","LONGITUDINE_CENTRALE":"8.43257","POS_X_CENTRALE":"455581.13219","POS_Y_CENTRALE":"5026225.66463","TIPO_ADSL":"NO","DESCRIZIONE_TIPO_ADSL":"NO Adsl","DISTANZA_CALCOLATA":"1135.67","CLASSE_DISTANZA":"900-1299","POTENZA_SEGNALE":"","POPOLAZIONE_SEZIONE": "6"}
			},
		 		{ "type" : "Feature",
				"geometry" : {
					"type" : "Point",
					"coordinates" : [8.43610,45.38539]},
			"properties" : { "ANNO":"2010","ID_SEZIONE":"26586","ISTAT_COMUNE_SEZ":"2164","COMUNE_SEZ":"VILLATA","PROVINCIA":"VC","ID_CENTRALE":"1651","NOME_CENTRALE":"VILLATA","ISTAT_COMUNE_CENTR":"2164","COMUNE_CENTR":"VILLATA","PROVINCIA_CENTR":"VC","INDIRIZZO_CENTRALE":"C.SO V. VENETO 65","LATITUDINE_SEZIONE":"45.38539","LONGITUDINE_SEZIONE":"8.43610","POS_X_SEZIONE":"455854.71475","POS_Y_SEZIONE":"5025918.76462","LATITUDINE_CENTRALE":"45.38814","LONGITUDINE_CENTRALE":"8.43257","POS_X_CENTRALE":"455581.13219","POS_Y_CENTRALE":"5026225.66463","TIPO_ADSL":"NO","DESCRIZIONE_TIPO_ADSL":"NO Adsl","DISTANZA_CALCOLATA":"411.14","CLASSE_DISTANZA":"100-499","POTENZA_SEGNALE":"","POPOLAZIONE_SEZIONE": "815"}
			}
		 		]
	}
		