 	{ "type" : "FeatureCollection",
		"features" : [
		 		{ "type" : "Feature",
				"geometry" : {
					"type" : "Point",
					"coordinates" : [6.89522,44.97616]},
			"properties" : { "ANNO":"2010","ID_SEZIONE":"23556","ISTAT_COMUNE_SEZ":"1263","COMUNE_SEZ":"SESTRIERE","PROVINCIA":"TO","ID_CENTRALE":"1340","NOME_CENTRALE":"SESTRIERE BORGATA","ISTAT_COMUNE_CENTR":"1263","COMUNE_CENTR":"SESTRIERE","PROVINCIA_CENTR":"TO","INDIRIZZO_CENTRALE":"DEL COLLE","LATITUDINE_SEZIONE":"44.97616","LONGITUDINE_SEZIONE":"6.89522","POS_X_SEZIONE":"334042.38414","POS_Y_SEZIONE":"4982456.53200","LATITUDINE_CENTRALE":"44.97284","LONGITUDINE_CENTRALE":"6.89630","POS_X_CENTRALE":"334117.92427","POS_Y_CENTRALE":"4982085.65115","TIPO_ADSL":"ADSL_M","DESCRIZIONE_TIPO_ADSL":"ADSL Mini","DISTANZA_CALCOLATA":"378.50","CLASSE_DISTANZA":"100-499","POTENZA_SEGNALE":"0.64","POPOLAZIONE_SEZIONE": ""}
			},
		 		{ "type" : "Feature",
				"geometry" : {
					"type" : "Point",
					"coordinates" : [6.89393,44.97181]},
			"properties" : { "ANNO":"2010","ID_SEZIONE":"27510","ISTAT_COMUNE_SEZ":"1263","COMUNE_SEZ":"SESTRIERE","PROVINCIA":"TO","ID_CENTRALE":"1340","NOME_CENTRALE":"SESTRIERE BORGATA","ISTAT_COMUNE_CENTR":"1263","COMUNE_CENTR":"SESTRIERE","PROVINCIA_CENTR":"TO","INDIRIZZO_CENTRALE":"DEL COLLE","LATITUDINE_SEZIONE":"44.97181","LONGITUDINE_SEZIONE":"6.89393","POS_X_SEZIONE":"333928.07451","POS_Y_SEZIONE":"4981977.02660","LATITUDINE_CENTRALE":"44.97284","LONGITUDINE_CENTRALE":"6.89630","POS_X_CENTRALE":"334117.92427","POS_Y_CENTRALE":"4982085.65115","TIPO_ADSL":"ADSL_M","DESCRIZIONE_TIPO_ADSL":"ADSL Mini","DISTANZA_CALCOLATA":"218.73","CLASSE_DISTANZA":"100-499","POTENZA_SEGNALE":"0.64","POPOLAZIONE_SEZIONE": "64"}
			},
		 		{ "type" : "Feature",
				"geometry" : {
					"type" : "Point",
					"coordinates" : [6.89096,44.96955]},
			"properties" : { "ANNO":"2010","ID_SEZIONE":"32279","ISTAT_COMUNE_SEZ":"1263","COMUNE_SEZ":"SESTRIERE","PROVINCIA":"TO","ID_CENTRALE":"1340","NOME_CENTRALE":"SESTRIERE BORGATA","ISTAT_COMUNE_CENTR":"1263","COMUNE_CENTR":"SESTRIERE","PROVINCIA_CENTR":"TO","INDIRIZZO_CENTRALE":"DEL COLLE","LATITUDINE_SEZIONE":"44.96955","LONGITUDINE_SEZIONE":"6.89096","POS_X_SEZIONE":"333687.01057","POS_Y_SEZIONE":"4981732.02333","LATITUDINE_CENTRALE":"44.97284","LONGITUDINE_CENTRALE":"6.89630","POS_X_CENTRALE":"334117.92427","POS_Y_CENTRALE":"4982085.65115","TIPO_ADSL":"ADSL_M","DESCRIZIONE_TIPO_ADSL":"ADSL Mini","DISTANZA_CALCOLATA":"557.44","CLASSE_DISTANZA":"500-899","POTENZA_SEGNALE":"0.64","POPOLAZIONE_SEZIONE": "10"}
			}
		 		]
	}
		