 	{ "type" : "FeatureCollection",
		"features" : [
		 		{ "type" : "Feature",
				"geometry" : {
					"type" : "Point",
					"coordinates" : [8.58356,44.93781]},
			"properties" : { "ANNO":"2010","ID_SEZIONE":"6099","ISTAT_COMUNE_SEZ":"6003","COMUNE_SEZ":"ALESSANDRIA","PROVINCIA":"AL","ID_CENTRALE":"1214","NOME_CENTRALE":"S. MICHELE","ISTAT_COMUNE_CENTR":"6003","COMUNE_CENTR":"ALESSANDRIA","PROVINCIA_CENTR":"AL","INDIRIZZO_CENTRALE":"STRADA DEL CASTELLO","LATITUDINE_SEZIONE":"44.93781","LONGITUDINE_SEZIONE":"8.58356","POS_X_SEZIONE":"467142.74292","POS_Y_SEZIONE":"4976125.79075","LATITUDINE_CENTRALE":"44.92944","LONGITUDINE_CENTRALE":"8.58510","POS_X_CENTRALE":"467259.73916","POS_Y_CENTRALE":"4975196.17924","TIPO_ADSL":"ADSL_1","DESCRIZIONE_TIPO_ADSL":"ADSL (8 mega)","DISTANZA_CALCOLATA":"936.94","CLASSE_DISTANZA":"900-1299","POTENZA_SEGNALE":"7000","POPOLAZIONE_SEZIONE": "16"}
			},
		 		{ "type" : "Feature",
				"geometry" : {
					"type" : "Point",
					"coordinates" : [8.59300,44.92697]},
			"properties" : { "ANNO":"2010","ID_SEZIONE":"9688","ISTAT_COMUNE_SEZ":"6003","COMUNE_SEZ":"ALESSANDRIA","PROVINCIA":"AL","ID_CENTRALE":"1214","NOME_CENTRALE":"S. MICHELE","ISTAT_COMUNE_CENTR":"6003","COMUNE_CENTR":"ALESSANDRIA","PROVINCIA_CENTR":"AL","INDIRIZZO_CENTRALE":"STRADA DEL CASTELLO","LATITUDINE_SEZIONE":"44.92697","LONGITUDINE_SEZIONE":"8.59300","POS_X_SEZIONE":"467881.47086","POS_Y_SEZIONE":"4974917.76924","LATITUDINE_CENTRALE":"44.92944","LONGITUDINE_CENTRALE":"8.58510","POS_X_CENTRALE":"467259.73916","POS_Y_CENTRALE":"4975196.17924","TIPO_ADSL":"ADSL_1","DESCRIZIONE_TIPO_ADSL":"ADSL (8 mega)","DISTANZA_CALCOLATA":"681.22","CLASSE_DISTANZA":"500-899","POTENZA_SEGNALE":"7000","POPOLAZIONE_SEZIONE": "51"}
			},
		 		{ "type" : "Feature",
				"geometry" : {
					"type" : "Point",
					"coordinates" : [8.54506,44.95395]},
			"properties" : { "ANNO":"2010","ID_SEZIONE":"12691","ISTAT_COMUNE_SEZ":"6003","COMUNE_SEZ":"ALESSANDRIA","PROVINCIA":"AL","ID_CENTRALE":"1214","NOME_CENTRALE":"S. MICHELE","ISTAT_COMUNE_CENTR":"6003","COMUNE_CENTR":"ALESSANDRIA","PROVINCIA_CENTR":"AL","INDIRIZZO_CENTRALE":"STRADA DEL CASTELLO","LATITUDINE_SEZIONE":"44.95395","LONGITUDINE_SEZIONE":"8.54506","POS_X_SEZIONE":"464114.83021","POS_Y_SEZIONE":"4977935.81059","LATITUDINE_CENTRALE":"44.92944","LONGITUDINE_CENTRALE":"8.58510","POS_X_CENTRALE":"467259.73916","POS_Y_CENTRALE":"4975196.17924","TIPO_ADSL":"ADSL_1","DESCRIZIONE_TIPO_ADSL":"ADSL (8 mega)","DISTANZA_CALCOLATA":"4170.86","CLASSE_DISTANZA":"4100-4499","POTENZA_SEGNALE":"2125.38","POPOLAZIONE_SEZIONE": "40"}
			},
		 		{ "type" : "Feature",
				"geometry" : {
					"type" : "Point",
					"coordinates" : [8.56451,44.94499]},
			"properties" : { "ANNO":"2010","ID_SEZIONE":"12692","ISTAT_COMUNE_SEZ":"6003","COMUNE_SEZ":"ALESSANDRIA","PROVINCIA":"AL","ID_CENTRALE":"1214","NOME_CENTRALE":"S. MICHELE","ISTAT_COMUNE_CENTR":"6003","COMUNE_CENTR":"ALESSANDRIA","PROVINCIA_CENTR":"AL","INDIRIZZO_CENTRALE":"STRADA DEL CASTELLO","LATITUDINE_SEZIONE":"44.94499","LONGITUDINE_SEZIONE":"8.56451","POS_X_SEZIONE":"465643.78714","POS_Y_SEZIONE":"4976931.29987","LATITUDINE_CENTRALE":"44.92944","LONGITUDINE_CENTRALE":"8.58510","POS_X_CENTRALE":"467259.73916","POS_Y_CENTRALE":"4975196.17924","TIPO_ADSL":"ADSL_1","DESCRIZIONE_TIPO_ADSL":"ADSL (8 mega)","DISTANZA_CALCOLATA":"2371.06","CLASSE_DISTANZA":"2100-2499","POTENZA_SEGNALE":"6500.38","POPOLAZIONE_SEZIONE": "451"}
			},
		 		{ "type" : "Feature",
				"geometry" : {
					"type" : "Point",
					"coordinates" : [8.56501,44.91404]},
			"properties" : { "ANNO":"2010","ID_SEZIONE":"15697","ISTAT_COMUNE_SEZ":"6003","COMUNE_SEZ":"ALESSANDRIA","PROVINCIA":"AL","ID_CENTRALE":"1214","NOME_CENTRALE":"S. MICHELE","ISTAT_COMUNE_CENTR":"6003","COMUNE_CENTR":"ALESSANDRIA","PROVINCIA_CENTR":"AL","INDIRIZZO_CENTRALE":"STRADA DEL CASTELLO","LATITUDINE_SEZIONE":"44.91404","LONGITUDINE_SEZIONE":"8.56501","POS_X_SEZIONE":"465665.07917","POS_Y_SEZIONE":"4973493.73545","LATITUDINE_CENTRALE":"44.92944","LONGITUDINE_CENTRALE":"8.58510","POS_X_CENTRALE":"467259.73916","POS_Y_CENTRALE":"4975196.17924","TIPO_ADSL":"ADSL_1","DESCRIZIONE_TIPO_ADSL":"ADSL (8 mega)","DISTANZA_CALCOLATA":"2332.65","CLASSE_DISTANZA":"2100-2499","POTENZA_SEGNALE":"6500.38","POPOLAZIONE_SEZIONE": "36"}
			},
		 		{ "type" : "Feature",
				"geometry" : {
					"type" : "Point",
					"coordinates" : [8.57476,44.92664]},
			"properties" : { "ANNO":"2010","ID_SEZIONE":"17510","ISTAT_COMUNE_SEZ":"6003","COMUNE_SEZ":"ALESSANDRIA","PROVINCIA":"AL","ID_CENTRALE":"1214","NOME_CENTRALE":"S. MICHELE","ISTAT_COMUNE_CENTR":"6003","COMUNE_CENTR":"ALESSANDRIA","PROVINCIA_CENTR":"AL","INDIRIZZO_CENTRALE":"STRADA DEL CASTELLO","LATITUDINE_SEZIONE":"44.92664","LONGITUDINE_SEZIONE":"8.57476","POS_X_SEZIONE":"466441.80161","POS_Y_SEZIONE":"4974888.76444","LATITUDINE_CENTRALE":"44.92944","LONGITUDINE_CENTRALE":"8.58510","POS_X_CENTRALE":"467259.73916","POS_Y_CENTRALE":"4975196.17924","TIPO_ADSL":"ADSL_1","DESCRIZIONE_TIPO_ADSL":"ADSL (8 mega)","DISTANZA_CALCOLATA":"873.80","CLASSE_DISTANZA":"500-899","POTENZA_SEGNALE":"7000","POPOLAZIONE_SEZIONE": "25"}
			},
		 		{ "type" : "Feature",
				"geometry" : {
					"type" : "Point",
					"coordinates" : [8.58424,44.93514]},
			"properties" : { "ANNO":"2010","ID_SEZIONE":"22158","ISTAT_COMUNE_SEZ":"6003","COMUNE_SEZ":"ALESSANDRIA","PROVINCIA":"AL","ID_CENTRALE":"1214","NOME_CENTRALE":"S. MICHELE","ISTAT_COMUNE_CENTR":"6003","COMUNE_CENTR":"ALESSANDRIA","PROVINCIA_CENTR":"AL","INDIRIZZO_CENTRALE":"STRADA DEL CASTELLO","LATITUDINE_SEZIONE":"44.93514","LONGITUDINE_SEZIONE":"8.58424","POS_X_SEZIONE":"467194.46209","POS_Y_SEZIONE":"4975829.28541","LATITUDINE_CENTRALE":"44.92944","LONGITUDINE_CENTRALE":"8.58510","POS_X_CENTRALE":"467259.73916","POS_Y_CENTRALE":"4975196.17924","TIPO_ADSL":"ADSL_1","DESCRIZIONE_TIPO_ADSL":"ADSL (8 mega)","DISTANZA_CALCOLATA":"636.46","CLASSE_DISTANZA":"500-899","POTENZA_SEGNALE":"7000","POPOLAZIONE_SEZIONE": "64"}
			},
		 		{ "type" : "Feature",
				"geometry" : {
					"type" : "Point",
					"coordinates" : [8.58834,44.93142]},
			"properties" : { "ANNO":"2010","ID_SEZIONE":"23152","ISTAT_COMUNE_SEZ":"6003","COMUNE_SEZ":"ALESSANDRIA","PROVINCIA":"AL","ID_CENTRALE":"1214","NOME_CENTRALE":"S. MICHELE","ISTAT_COMUNE_CENTR":"6003","COMUNE_CENTR":"ALESSANDRIA","PROVINCIA_CENTR":"AL","INDIRIZZO_CENTRALE":"STRADA DEL CASTELLO","LATITUDINE_SEZIONE":"44.93142","LONGITUDINE_SEZIONE":"8.58834","POS_X_SEZIONE":"467515.81018","POS_Y_SEZIONE":"4975414.77789","LATITUDINE_CENTRALE":"44.92944","LONGITUDINE_CENTRALE":"8.58510","POS_X_CENTRALE":"467259.73916","POS_Y_CENTRALE":"4975196.17924","TIPO_ADSL":"ADSL_1","DESCRIZIONE_TIPO_ADSL":"ADSL (8 mega)","DISTANZA_CALCOLATA":"336.69","CLASSE_DISTANZA":"100-499","POTENZA_SEGNALE":"7000","POPOLAZIONE_SEZIONE": "120"}
			},
		 		{ "type" : "Feature",
				"geometry" : {
					"type" : "Point",
					"coordinates" : [8.58000,44.93745]},
			"properties" : { "ANNO":"2010","ID_SEZIONE":"27392","ISTAT_COMUNE_SEZ":"6003","COMUNE_SEZ":"ALESSANDRIA","PROVINCIA":"AL","ID_CENTRALE":"1214","NOME_CENTRALE":"S. MICHELE","ISTAT_COMUNE_CENTR":"6003","COMUNE_CENTR":"ALESSANDRIA","PROVINCIA_CENTR":"AL","INDIRIZZO_CENTRALE":"STRADA DEL CASTELLO","LATITUDINE_SEZIONE":"44.93745","LONGITUDINE_SEZIONE":"8.58000","POS_X_SEZIONE":"466861.49057","POS_Y_SEZIONE":"4976087.28937","LATITUDINE_CENTRALE":"44.92944","LONGITUDINE_CENTRALE":"8.58510","POS_X_CENTRALE":"467259.73916","POS_Y_CENTRALE":"4975196.17924","TIPO_ADSL":"ADSL_1","DESCRIZIONE_TIPO_ADSL":"ADSL (8 mega)","DISTANZA_CALCOLATA":"976.05","CLASSE_DISTANZA":"900-1299","POTENZA_SEGNALE":"7000","POPOLAZIONE_SEZIONE": "59"}
			},
		 		{ "type" : "Feature",
				"geometry" : {
					"type" : "Point",
					"coordinates" : [8.54801,44.93136]},
			"properties" : { "ANNO":"2010","ID_SEZIONE":"30521","ISTAT_COMUNE_SEZ":"6003","COMUNE_SEZ":"ALESSANDRIA","PROVINCIA":"AL","ID_CENTRALE":"1214","NOME_CENTRALE":"S. MICHELE","ISTAT_COMUNE_CENTR":"6003","COMUNE_CENTR":"ALESSANDRIA","PROVINCIA_CENTR":"AL","INDIRIZZO_CENTRALE":"STRADA DEL CASTELLO","LATITUDINE_SEZIONE":"44.93136","LONGITUDINE_SEZIONE":"8.54801","POS_X_SEZIONE":"464333.62010","POS_Y_SEZIONE":"4975424.76342","LATITUDINE_CENTRALE":"44.92944","LONGITUDINE_CENTRALE":"8.58510","POS_X_CENTRALE":"467259.73916","POS_Y_CENTRALE":"4975196.17924","TIPO_ADSL":"ADSL_1","DESCRIZIONE_TIPO_ADSL":"ADSL (8 mega)","DISTANZA_CALCOLATA":"2935.03","CLASSE_DISTANZA":"2900-3299","POTENZA_SEGNALE":"4999.75","POPOLAZIONE_SEZIONE": "42"}
			},
		 		{ "type" : "Feature",
				"geometry" : {
					"type" : "Point",
					"coordinates" : [8.55061,44.93918]},
			"properties" : { "ANNO":"2010","ID_SEZIONE":"32403","ISTAT_COMUNE_SEZ":"6003","COMUNE_SEZ":"ALESSANDRIA","PROVINCIA":"AL","ID_CENTRALE":"1214","NOME_CENTRALE":"S. MICHELE","ISTAT_COMUNE_CENTR":"6003","COMUNE_CENTR":"ALESSANDRIA","PROVINCIA_CENTR":"AL","INDIRIZZO_CENTRALE":"STRADA DEL CASTELLO","LATITUDINE_SEZIONE":"44.93918","LONGITUDINE_SEZIONE":"8.55061","POS_X_SEZIONE":"464543.77613","POS_Y_SEZIONE":"4976292.78160","LATITUDINE_CENTRALE":"44.92944","LONGITUDINE_CENTRALE":"8.58510","POS_X_CENTRALE":"467259.73916","POS_Y_CENTRALE":"4975196.17924","TIPO_ADSL":"ADSL_1","DESCRIZIONE_TIPO_ADSL":"ADSL (8 mega)","DISTANZA_CALCOLATA":"2928.99","CLASSE_DISTANZA":"2900-3299","POTENZA_SEGNALE":"4999.75","POPOLAZIONE_SEZIONE": "17"}
			}
		 		]
	}
		