 	{ "type" : "FeatureCollection",
		"features" : [
		 		{ "type" : "Feature",
				"geometry" : {
					"type" : "Point",
					"coordinates" : [8.13131,45.75170]},
			"properties" : { "ANNO":"2010","ID_SEZIONE":"968","ISTAT_COMUNE_SEZ":"96013","COMUNE_SEZ":"CAPRILE","PROVINCIA":"BI","ID_CENTRALE":"1060","NOME_CENTRALE":"PRAY","ISTAT_COMUNE_CENTR":"96050","COMUNE_CENTR":"PRAY","PROVINCIA_CENTR":"BI","INDIRIZZO_CENTRALE":"B. SELLA 76 BIS","LATITUDINE_SEZIONE":"45.75170","LONGITUDINE_SEZIONE":"8.13131","POS_X_SEZIONE":"432435.11588","POS_Y_SEZIONE":"5066827.24927","LATITUDINE_CENTRALE":"45.67532","LONGITUDINE_CENTRALE":"8.21751","POS_X_CENTRALE":"439056.27839","POS_Y_CENTRALE":"5058272.49302","TIPO_ADSL":"ADSL_1","DESCRIZIONE_TIPO_ADSL":"ADSL (8 mega)","DISTANZA_CALCOLATA":"10817.75","CLASSE_DISTANZA":"6100 e oltre","POTENZA_SEGNALE":"0.00","POPOLAZIONE_SEZIONE": ""}
			},
		 		{ "type" : "Feature",
				"geometry" : {
					"type" : "Point",
					"coordinates" : [8.21647,45.67992]},
			"properties" : { "ANNO":"2010","ID_SEZIONE":"2212","ISTAT_COMUNE_SEZ":"96050","COMUNE_SEZ":"PRAY","PROVINCIA":"BI","ID_CENTRALE":"1060","NOME_CENTRALE":"PRAY","ISTAT_COMUNE_CENTR":"96050","COMUNE_CENTR":"PRAY","PROVINCIA_CENTR":"BI","INDIRIZZO_CENTRALE":"B. SELLA 76 BIS","LATITUDINE_SEZIONE":"45.67992","LONGITUDINE_SEZIONE":"8.21647","POS_X_SEZIONE":"438980.23614","POS_Y_SEZIONE":"5058783.93150","LATITUDINE_CENTRALE":"45.67532","LONGITUDINE_CENTRALE":"8.21751","POS_X_CENTRALE":"439056.27839","POS_Y_CENTRALE":"5058272.49302","TIPO_ADSL":"ADSL_1","DESCRIZIONE_TIPO_ADSL":"ADSL (8 mega)","DISTANZA_CALCOLATA":"517.06","CLASSE_DISTANZA":"500-899","POTENZA_SEGNALE":"7000","POPOLAZIONE_SEZIONE": "477"}
			},
		 		{ "type" : "Feature",
				"geometry" : {
					"type" : "Point",
					"coordinates" : [8.21876,45.69583]},
			"properties" : { "ANNO":"2010","ID_SEZIONE":"2656","ISTAT_COMUNE_SEZ":"96013","COMUNE_SEZ":"CAPRILE","PROVINCIA":"BI","ID_CENTRALE":"1060","NOME_CENTRALE":"PRAY","ISTAT_COMUNE_CENTR":"96050","COMUNE_CENTR":"PRAY","PROVINCIA_CENTR":"BI","INDIRIZZO_CENTRALE":"B. SELLA 76 BIS","LATITUDINE_SEZIONE":"45.69583","LONGITUDINE_SEZIONE":"8.21876","POS_X_SEZIONE":"439175.91845","POS_Y_SEZIONE":"5060549.40529","LATITUDINE_CENTRALE":"45.67532","LONGITUDINE_CENTRALE":"8.21751","POS_X_CENTRALE":"439056.27839","POS_Y_CENTRALE":"5058272.49302","TIPO_ADSL":"ADSL_1","DESCRIZIONE_TIPO_ADSL":"ADSL (8 mega)","DISTANZA_CALCOLATA":"2280.05","CLASSE_DISTANZA":"2100-2499","POTENZA_SEGNALE":"6500.38","POPOLAZIONE_SEZIONE": "43"}
			},
		 		{ "type" : "Feature",
				"geometry" : {
					"type" : "Point",
					"coordinates" : [8.20656,45.67925]},
			"properties" : { "ANNO":"2010","ID_SEZIONE":"2658","ISTAT_COMUNE_SEZ":"96050","COMUNE_SEZ":"PRAY","PROVINCIA":"BI","ID_CENTRALE":"1060","NOME_CENTRALE":"PRAY","ISTAT_COMUNE_CENTR":"96050","COMUNE_CENTR":"PRAY","PROVINCIA_CENTR":"BI","INDIRIZZO_CENTRALE":"B. SELLA 76 BIS","LATITUDINE_SEZIONE":"45.67925","LONGITUDINE_SEZIONE":"8.20656","POS_X_SEZIONE":"438208.18981","POS_Y_SEZIONE":"5058717.43191","LATITUDINE_CENTRALE":"45.67532","LONGITUDINE_CENTRALE":"8.21751","POS_X_CENTRALE":"439056.27839","POS_Y_CENTRALE":"5058272.49302","TIPO_ADSL":"ADSL_1","DESCRIZIONE_TIPO_ADSL":"ADSL (8 mega)","DISTANZA_CALCOLATA":"957.72","CLASSE_DISTANZA":"900-1299","POTENZA_SEGNALE":"7000","POPOLAZIONE_SEZIONE": "6"}
			},
		 		{ "type" : "Feature",
				"geometry" : {
					"type" : "Point",
					"coordinates" : [8.21600,45.70016]},
			"properties" : { "ANNO":"2010","ID_SEZIONE":"3608","ISTAT_COMUNE_SEZ":"96001","COMUNE_SEZ":"AILOCHE","PROVINCIA":"BI","ID_CENTRALE":"1060","NOME_CENTRALE":"PRAY","ISTAT_COMUNE_CENTR":"96050","COMUNE_CENTR":"PRAY","PROVINCIA_CENTR":"BI","INDIRIZZO_CENTRALE":"B. SELLA 76 BIS","LATITUDINE_SEZIONE":"45.70016","LONGITUDINE_SEZIONE":"8.21600","POS_X_SEZIONE":"438965.88990","POS_Y_SEZIONE":"5061032.39793","LATITUDINE_CENTRALE":"45.67532","LONGITUDINE_CENTRALE":"8.21751","POS_X_CENTRALE":"439056.27839","POS_Y_CENTRALE":"5058272.49302","TIPO_ADSL":"ADSL_1","DESCRIZIONE_TIPO_ADSL":"ADSL (8 mega)","DISTANZA_CALCOLATA":"2761.38","CLASSE_DISTANZA":"2500-2899","POTENZA_SEGNALE":"5749.63","POPOLAZIONE_SEZIONE": "17"}
			},
		 		{ "type" : "Feature",
				"geometry" : {
					"type" : "Point",
					"coordinates" : [8.20423,45.66611]},
			"properties" : { "ANNO":"2010","ID_SEZIONE":"3611","ISTAT_COMUNE_SEZ":"96050","COMUNE_SEZ":"PRAY","PROVINCIA":"BI","ID_CENTRALE":"1060","NOME_CENTRALE":"PRAY","ISTAT_COMUNE_CENTR":"96050","COMUNE_CENTR":"PRAY","PROVINCIA_CENTR":"BI","INDIRIZZO_CENTRALE":"B. SELLA 76 BIS","LATITUDINE_SEZIONE":"45.66611","LONGITUDINE_SEZIONE":"8.20423","POS_X_SEZIONE":"438011.82091","POS_Y_SEZIONE":"5057258.45361","LATITUDINE_CENTRALE":"45.67532","LONGITUDINE_CENTRALE":"8.21751","POS_X_CENTRALE":"439056.27839","POS_Y_CENTRALE":"5058272.49302","TIPO_ADSL":"ADSL_1","DESCRIZIONE_TIPO_ADSL":"ADSL (8 mega)","DISTANZA_CALCOLATA":"1455.74","CLASSE_DISTANZA":"1300-1699","POTENZA_SEGNALE":"7000","POPOLAZIONE_SEZIONE": ""}
			},
		 		{ "type" : "Feature",
				"geometry" : {
					"type" : "Point",
					"coordinates" : [8.21338,45.69255]},
			"properties" : { "ANNO":"2010","ID_SEZIONE":"5719","ISTAT_COMUNE_SEZ":"96013","COMUNE_SEZ":"CAPRILE","PROVINCIA":"BI","ID_CENTRALE":"1060","NOME_CENTRALE":"PRAY","ISTAT_COMUNE_CENTR":"96050","COMUNE_CENTR":"PRAY","PROVINCIA_CENTR":"BI","INDIRIZZO_CENTRALE":"B. SELLA 76 BIS","LATITUDINE_SEZIONE":"45.69255","LONGITUDINE_SEZIONE":"8.21338","POS_X_SEZIONE":"438754.08318","POS_Y_SEZIONE":"5060189.41041","LATITUDINE_CENTRALE":"45.67532","LONGITUDINE_CENTRALE":"8.21751","POS_X_CENTRALE":"439056.27839","POS_Y_CENTRALE":"5058272.49302","TIPO_ADSL":"ADSL_1","DESCRIZIONE_TIPO_ADSL":"ADSL (8 mega)","DISTANZA_CALCOLATA":"1940.59","CLASSE_DISTANZA":"1700-2099","POTENZA_SEGNALE":"6874.88","POPOLAZIONE_SEZIONE": "43"}
			},
		 		{ "type" : "Feature",
				"geometry" : {
					"type" : "Point",
					"coordinates" : [8.21475,45.67208]},
			"properties" : { "ANNO":"2010","ID_SEZIONE":"5720","ISTAT_COMUNE_SEZ":"96050","COMUNE_SEZ":"PRAY","PROVINCIA":"BI","ID_CENTRALE":"1060","NOME_CENTRALE":"PRAY","ISTAT_COMUNE_CENTR":"96050","COMUNE_CENTR":"PRAY","PROVINCIA_CENTR":"BI","INDIRIZZO_CENTRALE":"B. SELLA 76 BIS","LATITUDINE_SEZIONE":"45.67208","LONGITUDINE_SEZIONE":"8.21475","POS_X_SEZIONE":"438838.27083","POS_Y_SEZIONE":"5057914.44439","LATITUDINE_CENTRALE":"45.67532","LONGITUDINE_CENTRALE":"8.21751","POS_X_CENTRALE":"439056.27839","POS_Y_CENTRALE":"5058272.49302","TIPO_ADSL":"ADSL_1","DESCRIZIONE_TIPO_ADSL":"ADSL (8 mega)","DISTANZA_CALCOLATA":"419.20","CLASSE_DISTANZA":"100-499","POTENZA_SEGNALE":"7000","POPOLAZIONE_SEZIONE": "467"}
			},
		 		{ "type" : "Feature",
				"geometry" : {
					"type" : "Point",
					"coordinates" : [8.21592,45.68967]},
			"properties" : { "ANNO":"2010","ID_SEZIONE":"6206","ISTAT_COMUNE_SEZ":"96013","COMUNE_SEZ":"CAPRILE","PROVINCIA":"BI","ID_CENTRALE":"1060","NOME_CENTRALE":"PRAY","ISTAT_COMUNE_CENTR":"96050","COMUNE_CENTR":"PRAY","PROVINCIA_CENTR":"BI","INDIRIZZO_CENTRALE":"B. SELLA 76 BIS","LATITUDINE_SEZIONE":"45.68967","LONGITUDINE_SEZIONE":"8.21592","POS_X_SEZIONE":"438948.39179","POS_Y_SEZIONE":"5059867.41515","LATITUDINE_CENTRALE":"45.67532","LONGITUDINE_CENTRALE":"8.21751","POS_X_CENTRALE":"439056.27839","POS_Y_CENTRALE":"5058272.49302","TIPO_ADSL":"ADSL_1","DESCRIZIONE_TIPO_ADSL":"ADSL (8 mega)","DISTANZA_CALCOLATA":"1598.57","CLASSE_DISTANZA":"1300-1699","POTENZA_SEGNALE":"7000","POPOLAZIONE_SEZIONE": "42"}
			},
		 		{ "type" : "Feature",
				"geometry" : {
					"type" : "Point",
					"coordinates" : [8.20057,45.68640]},
			"properties" : { "ANNO":"2010","ID_SEZIONE":"6808","ISTAT_COMUNE_SEZ":"96019","COMUNE_SEZ":"COGGIOLA","PROVINCIA":"BI","ID_CENTRALE":"1060","NOME_CENTRALE":"PRAY","ISTAT_COMUNE_CENTR":"96050","COMUNE_CENTR":"PRAY","PROVINCIA_CENTR":"BI","INDIRIZZO_CENTRALE":"B. SELLA 76 BIS","LATITUDINE_SEZIONE":"45.68640","LONGITUDINE_SEZIONE":"8.20057","POS_X_SEZIONE":"437749.50948","POS_Y_SEZIONE":"5059515.91844","LATITUDINE_CENTRALE":"45.67532","LONGITUDINE_CENTRALE":"8.21751","POS_X_CENTRALE":"439056.27839","POS_Y_CENTRALE":"5058272.49302","TIPO_ADSL":"ADSL_1","DESCRIZIONE_TIPO_ADSL":"ADSL (8 mega)","DISTANZA_CALCOLATA":"1803.82","CLASSE_DISTANZA":"1700-2099","POTENZA_SEGNALE":"6874.88","POPOLAZIONE_SEZIONE": "114"}
			},
		 		{ "type" : "Feature",
				"geometry" : {
					"type" : "Point",
					"coordinates" : [8.23398,45.68650]},
			"properties" : { "ANNO":"2010","ID_SEZIONE":"6809","ISTAT_COMUNE_SEZ":"96001","COMUNE_SEZ":"AILOCHE","PROVINCIA":"BI","ID_CENTRALE":"1060","NOME_CENTRALE":"PRAY","ISTAT_COMUNE_CENTR":"96050","COMUNE_CENTR":"PRAY","PROVINCIA_CENTR":"BI","INDIRIZZO_CENTRALE":"B. SELLA 76 BIS","LATITUDINE_SEZIONE":"45.68650","LONGITUDINE_SEZIONE":"8.23398","POS_X_SEZIONE":"440351.42693","POS_Y_SEZIONE":"5059501.42168","LATITUDINE_CENTRALE":"45.67532","LONGITUDINE_CENTRALE":"8.21751","POS_X_CENTRALE":"439056.27839","POS_Y_CENTRALE":"5058272.49302","TIPO_ADSL":"ADSL_1","DESCRIZIONE_TIPO_ADSL":"ADSL (8 mega)","DISTANZA_CALCOLATA":"1785.41","CLASSE_DISTANZA":"1700-2099","POTENZA_SEGNALE":"6874.88","POPOLAZIONE_SEZIONE": "41"}
			},
		 		{ "type" : "Feature",
				"geometry" : {
					"type" : "Point",
					"coordinates" : [8.21996,45.70084]},
			"properties" : { "ANNO":"2010","ID_SEZIONE":"7824","ISTAT_COMUNE_SEZ":"96001","COMUNE_SEZ":"AILOCHE","PROVINCIA":"BI","ID_CENTRALE":"1060","NOME_CENTRALE":"PRAY","ISTAT_COMUNE_CENTR":"96050","COMUNE_CENTR":"PRAY","PROVINCIA_CENTR":"BI","INDIRIZZO_CENTRALE":"B. SELLA 76 BIS","LATITUDINE_SEZIONE":"45.70084","LONGITUDINE_SEZIONE":"8.21996","POS_X_SEZIONE":"439274.69656","POS_Y_SEZIONE":"5061105.89707","LATITUDINE_CENTRALE":"45.67532","LONGITUDINE_CENTRALE":"8.21751","POS_X_CENTRALE":"439056.27839","POS_Y_CENTRALE":"5058272.49302","TIPO_ADSL":"ADSL_1","DESCRIZIONE_TIPO_ADSL":"ADSL (8 mega)","DISTANZA_CALCOLATA":"2841.81","CLASSE_DISTANZA":"2500-2899","POTENZA_SEGNALE":"5749.63","POPOLAZIONE_SEZIONE": "39"}
			},
		 		{ "type" : "Feature",
				"geometry" : {
					"type" : "Point",
					"coordinates" : [8.23945,45.69872]},
			"properties" : { "ANNO":"2010","ID_SEZIONE":"8681","ISTAT_COMUNE_SEZ":"96001","COMUNE_SEZ":"AILOCHE","PROVINCIA":"BI","ID_CENTRALE":"1060","NOME_CENTRALE":"PRAY","ISTAT_COMUNE_CENTR":"96050","COMUNE_CENTR":"PRAY","PROVINCIA_CENTR":"BI","INDIRIZZO_CENTRALE":"B. SELLA 76 BIS","LATITUDINE_SEZIONE":"45.69872","LONGITUDINE_SEZIONE":"8.23945","POS_X_SEZIONE":"440790.38603","POS_Y_SEZIONE":"5060855.40209","LATITUDINE_CENTRALE":"45.67532","LONGITUDINE_CENTRALE":"8.21751","POS_X_CENTRALE":"439056.27839","POS_Y_CENTRALE":"5058272.49302","TIPO_ADSL":"ADSL_1","DESCRIZIONE_TIPO_ADSL":"ADSL (8 mega)","DISTANZA_CALCOLATA":"3111.04","CLASSE_DISTANZA":"2900-3299","POTENZA_SEGNALE":"4999.75","POPOLAZIONE_SEZIONE": "48"}
			},
		 		{ "type" : "Feature",
				"geometry" : {
					"type" : "Point",
					"coordinates" : [8.22077,45.69807]},
			"properties" : { "ANNO":"2010","ID_SEZIONE":"10758","ISTAT_COMUNE_SEZ":"96001","COMUNE_SEZ":"AILOCHE","PROVINCIA":"BI","ID_CENTRALE":"1060","NOME_CENTRALE":"PRAY","ISTAT_COMUNE_CENTR":"96050","COMUNE_CENTR":"PRAY","PROVINCIA_CENTR":"BI","INDIRIZZO_CENTRALE":"B. SELLA 76 BIS","LATITUDINE_SEZIONE":"45.69807","LONGITUDINE_SEZIONE":"8.22077","POS_X_SEZIONE":"439334.85195","POS_Y_SEZIONE":"5060796.90148","LATITUDINE_CENTRALE":"45.67532","LONGITUDINE_CENTRALE":"8.21751","POS_X_CENTRALE":"439056.27839","POS_Y_CENTRALE":"5058272.49302","TIPO_ADSL":"ADSL_1","DESCRIZIONE_TIPO_ADSL":"ADSL (8 mega)","DISTANZA_CALCOLATA":"2539.73","CLASSE_DISTANZA":"2500-2899","POTENZA_SEGNALE":"5749.63","POPOLAZIONE_SEZIONE": "69"}
			},
		 		{ "type" : "Feature",
				"geometry" : {
					"type" : "Point",
					"coordinates" : [8.21325,45.69871]},
			"properties" : { "ANNO":"2010","ID_SEZIONE":"12802","ISTAT_COMUNE_SEZ":"96013","COMUNE_SEZ":"CAPRILE","PROVINCIA":"BI","ID_CENTRALE":"1060","NOME_CENTRALE":"PRAY","ISTAT_COMUNE_CENTR":"96050","COMUNE_CENTR":"PRAY","PROVINCIA_CENTR":"BI","INDIRIZZO_CENTRALE":"B. SELLA 76 BIS","LATITUDINE_SEZIONE":"45.69871","LONGITUDINE_SEZIONE":"8.21325","POS_X_SEZIONE":"438750.42648","POS_Y_SEZIONE":"5060874.39985","LATITUDINE_CENTRALE":"45.67532","LONGITUDINE_CENTRALE":"8.21751","POS_X_CENTRALE":"439056.27839","POS_Y_CENTRALE":"5058272.49302","TIPO_ADSL":"ADSL_1","DESCRIZIONE_TIPO_ADSL":"ADSL (8 mega)","DISTANZA_CALCOLATA":"2619.82","CLASSE_DISTANZA":"2500-2899","POTENZA_SEGNALE":"5749.63","POPOLAZIONE_SEZIONE": "13"}
			},
		 		{ "type" : "Feature",
				"geometry" : {
					"type" : "Point",
					"coordinates" : [8.20637,45.69331]},
			"properties" : { "ANNO":"2010","ID_SEZIONE":"13488","ISTAT_COMUNE_SEZ":"96013","COMUNE_SEZ":"CAPRILE","PROVINCIA":"BI","ID_CENTRALE":"1060","NOME_CENTRALE":"PRAY","ISTAT_COMUNE_CENTR":"96050","COMUNE_CENTR":"PRAY","PROVINCIA_CENTR":"BI","INDIRIZZO_CENTRALE":"B. SELLA 76 BIS","LATITUDINE_SEZIONE":"45.69331","LONGITUDINE_SEZIONE":"8.20637","POS_X_SEZIONE":"438208.53080","POS_Y_SEZIONE":"5060278.90852","LATITUDINE_CENTRALE":"45.67532","LONGITUDINE_CENTRALE":"8.21751","POS_X_CENTRALE":"439056.27839","POS_Y_CENTRALE":"5058272.49302","TIPO_ADSL":"ADSL_1","DESCRIZIONE_TIPO_ADSL":"ADSL (8 mega)","DISTANZA_CALCOLATA":"2178.16","CLASSE_DISTANZA":"2100-2499","POTENZA_SEGNALE":"6500.38","POPOLAZIONE_SEZIONE": "11"}
			},
		 		{ "type" : "Feature",
				"geometry" : {
					"type" : "Point",
					"coordinates" : [8.21330,45.67626]},
			"properties" : { "ANNO":"2010","ID_SEZIONE":"13489","ISTAT_COMUNE_SEZ":"96050","COMUNE_SEZ":"PRAY","PROVINCIA":"BI","ID_CENTRALE":"1060","NOME_CENTRALE":"PRAY","ISTAT_COMUNE_CENTR":"96050","COMUNE_CENTR":"PRAY","PROVINCIA_CENTR":"BI","INDIRIZZO_CENTRALE":"B. SELLA 76 BIS","LATITUDINE_SEZIONE":"45.67626","LONGITUDINE_SEZIONE":"8.21330","POS_X_SEZIONE":"438729.99153","POS_Y_SEZIONE":"5058379.43767","LATITUDINE_CENTRALE":"45.67532","LONGITUDINE_CENTRALE":"8.21751","POS_X_CENTRALE":"439056.27839","POS_Y_CENTRALE":"5058272.49302","TIPO_ADSL":"ADSL_1","DESCRIZIONE_TIPO_ADSL":"ADSL (8 mega)","DISTANZA_CALCOLATA":"343.37","CLASSE_DISTANZA":"100-499","POTENZA_SEGNALE":"7000","POPOLAZIONE_SEZIONE": "383"}
			},
		 		{ "type" : "Feature",
				"geometry" : {
					"type" : "Point",
					"coordinates" : [8.23445,45.70166]},
			"properties" : { "ANNO":"2010","ID_SEZIONE":"14907","ISTAT_COMUNE_SEZ":"96001","COMUNE_SEZ":"AILOCHE","PROVINCIA":"BI","ID_CENTRALE":"1060","NOME_CENTRALE":"PRAY","ISTAT_COMUNE_CENTR":"96050","COMUNE_CENTR":"PRAY","PROVINCIA_CENTR":"BI","INDIRIZZO_CENTRALE":"B. SELLA 76 BIS","LATITUDINE_SEZIONE":"45.70166","LONGITUDINE_SEZIONE":"8.23445","POS_X_SEZIONE":"440404.14347","POS_Y_SEZIONE":"5061185.89656","LATITUDINE_CENTRALE":"45.67532","LONGITUDINE_CENTRALE":"8.21751","POS_X_CENTRALE":"439056.27839","POS_Y_CENTRALE":"5058272.49302","TIPO_ADSL":"ADSL_1","DESCRIZIONE_TIPO_ADSL":"ADSL (8 mega)","DISTANZA_CALCOLATA":"3210.09","CLASSE_DISTANZA":"2900-3299","POTENZA_SEGNALE":"4999.75","POPOLAZIONE_SEZIONE": "82"}
			},
		 		{ "type" : "Feature",
				"geometry" : {
					"type" : "Point",
					"coordinates" : [8.23208,45.69773]},
			"properties" : { "ANNO":"2010","ID_SEZIONE":"15802","ISTAT_COMUNE_SEZ":"96001","COMUNE_SEZ":"AILOCHE","PROVINCIA":"BI","ID_CENTRALE":"1060","NOME_CENTRALE":"PRAY","ISTAT_COMUNE_CENTR":"96050","COMUNE_CENTR":"PRAY","PROVINCIA_CENTR":"BI","INDIRIZZO_CENTRALE":"B. SELLA 76 BIS","LATITUDINE_SEZIONE":"45.69773","LONGITUDINE_SEZIONE":"8.23208","POS_X_SEZIONE":"440215.20984","POS_Y_SEZIONE":"5060750.90289","LATITUDINE_CENTRALE":"45.67532","LONGITUDINE_CENTRALE":"8.21751","POS_X_CENTRALE":"439056.27839","POS_Y_CENTRALE":"5058272.49302","TIPO_ADSL":"ADSL_1","DESCRIZIONE_TIPO_ADSL":"ADSL (8 mega)","DISTANZA_CALCOLATA":"2735.99","CLASSE_DISTANZA":"2500-2899","POTENZA_SEGNALE":"5749.63","POPOLAZIONE_SEZIONE": "10"}
			},
		 		{ "type" : "Feature",
				"geometry" : {
					"type" : "Point",
					"coordinates" : [8.21046,45.69771]},
			"properties" : { "ANNO":"2010","ID_SEZIONE":"16025","ISTAT_COMUNE_SEZ":"96013","COMUNE_SEZ":"CAPRILE","PROVINCIA":"BI","ID_CENTRALE":"1060","NOME_CENTRALE":"PRAY","ISTAT_COMUNE_CENTR":"96050","COMUNE_CENTR":"PRAY","PROVINCIA_CENTR":"BI","INDIRIZZO_CENTRALE":"B. SELLA 76 BIS","LATITUDINE_SEZIONE":"45.69771","LONGITUDINE_SEZIONE":"8.21046","POS_X_SEZIONE":"438531.74257","POS_Y_SEZIONE":"5060764.90148","LATITUDINE_CENTRALE":"45.67532","LONGITUDINE_CENTRALE":"8.21751","POS_X_CENTRALE":"439056.27839","POS_Y_CENTRALE":"5058272.49302","TIPO_ADSL":"ADSL_1","DESCRIZIONE_TIPO_ADSL":"ADSL (8 mega)","DISTANZA_CALCOLATA":"2547.01","CLASSE_DISTANZA":"2500-2899","POTENZA_SEGNALE":"5749.63","POPOLAZIONE_SEZIONE": "12"}
			},
		 		{ "type" : "Feature",
				"geometry" : {
					"type" : "Point",
					"coordinates" : [8.21944,45.70639]},
			"properties" : { "ANNO":"2010","ID_SEZIONE":"16546","ISTAT_COMUNE_SEZ":"96001","COMUNE_SEZ":"AILOCHE","PROVINCIA":"BI","ID_CENTRALE":"1060","NOME_CENTRALE":"PRAY","ISTAT_COMUNE_CENTR":"96050","COMUNE_CENTR":"PRAY","PROVINCIA_CENTR":"BI","INDIRIZZO_CENTRALE":"B. SELLA 76 BIS","LATITUDINE_SEZIONE":"45.70639","LONGITUDINE_SEZIONE":"8.21944","POS_X_SEZIONE":"439240.41560","POS_Y_SEZIONE":"5061722.88728","LATITUDINE_CENTRALE":"45.67532","LONGITUDINE_CENTRALE":"8.21751","POS_X_CENTRALE":"439056.27839","POS_Y_CENTRALE":"5058272.49302","TIPO_ADSL":"ADSL_1","DESCRIZIONE_TIPO_ADSL":"ADSL (8 mega)","DISTANZA_CALCOLATA":"3455.3","CLASSE_DISTANZA":"3300-3699","POTENZA_SEGNALE":"3999.63","POPOLAZIONE_SEZIONE": ""}
			},
		 		{ "type" : "Feature",
				"geometry" : {
					"type" : "Point",
					"coordinates" : [8.19996,45.65170]},
			"properties" : { "ANNO":"2010","ID_SEZIONE":"17163","ISTAT_COMUNE_SEZ":"96062","COMUNE_SEZ":"SOPRANA","PROVINCIA":"BI","ID_CENTRALE":"1060","NOME_CENTRALE":"PRAY","ISTAT_COMUNE_CENTR":"96050","COMUNE_CENTR":"PRAY","PROVINCIA_CENTR":"BI","INDIRIZZO_CENTRALE":"B. SELLA 76 BIS","LATITUDINE_SEZIONE":"45.65170","LONGITUDINE_SEZIONE":"8.19996","POS_X_SEZIONE":"437663.75665","POS_Y_SEZIONE":"5055660.97060","LATITUDINE_CENTRALE":"45.67532","LONGITUDINE_CENTRALE":"8.21751","POS_X_CENTRALE":"439056.27839","POS_Y_CENTRALE":"5058272.49302","TIPO_ADSL":"ADSL_1","DESCRIZIONE_TIPO_ADSL":"ADSL (8 mega)","DISTANZA_CALCOLATA":"2959.59","CLASSE_DISTANZA":"2900-3299","POTENZA_SEGNALE":"4999.75","POPOLAZIONE_SEZIONE": "249"}
			},
		 		{ "type" : "Feature",
				"geometry" : {
					"type" : "Point",
					"coordinates" : [8.20339,45.71552]},
			"properties" : { "ANNO":"2010","ID_SEZIONE":"17629","ISTAT_COMUNE_SEZ":"96001","COMUNE_SEZ":"AILOCHE","PROVINCIA":"BI","ID_CENTRALE":"1060","NOME_CENTRALE":"PRAY","ISTAT_COMUNE_CENTR":"96050","COMUNE_CENTR":"PRAY","PROVINCIA_CENTR":"BI","INDIRIZZO_CENTRALE":"B. SELLA 76 BIS","LATITUDINE_SEZIONE":"45.71552","LONGITUDINE_SEZIONE":"8.20339","POS_X_SEZIONE":"438001.43857","POS_Y_SEZIONE":"5062748.87128","LATITUDINE_CENTRALE":"45.67532","LONGITUDINE_CENTRALE":"8.21751","POS_X_CENTRALE":"439056.27839","POS_Y_CENTRALE":"5058272.49302","TIPO_ADSL":"ADSL_1","DESCRIZIONE_TIPO_ADSL":"ADSL (8 mega)","DISTANZA_CALCOLATA":"4598.98","CLASSE_DISTANZA":"4500-4899","POTENZA_SEGNALE":"1470","POPOLAZIONE_SEZIONE": ""}
			},
		 		{ "type" : "Feature",
				"geometry" : {
					"type" : "Point",
					"coordinates" : [8.19930,45.66260]},
			"properties" : { "ANNO":"2010","ID_SEZIONE":"17836","ISTAT_COMUNE_SEZ":"96050","COMUNE_SEZ":"PRAY","PROVINCIA":"BI","ID_CENTRALE":"1060","NOME_CENTRALE":"PRAY","ISTAT_COMUNE_CENTR":"96050","COMUNE_CENTR":"PRAY","PROVINCIA_CENTR":"BI","INDIRIZZO_CENTRALE":"B. SELLA 76 BIS","LATITUDINE_SEZIONE":"45.66260","LONGITUDINE_SEZIONE":"8.19930","POS_X_SEZIONE":"437624.20056","POS_Y_SEZIONE":"5056872.45527","LATITUDINE_CENTRALE":"45.67532","LONGITUDINE_CENTRALE":"8.21751","POS_X_CENTRALE":"439056.27839","POS_Y_CENTRALE":"5058272.49302","TIPO_ADSL":"ADSL_1","DESCRIZIONE_TIPO_ADSL":"ADSL (8 mega)","DISTANZA_CALCOLATA":"2002.74","CLASSE_DISTANZA":"1700-2099","POTENZA_SEGNALE":"6874.88","POPOLAZIONE_SEZIONE": "28"}
			},
		 		{ "type" : "Feature",
				"geometry" : {
					"type" : "Point",
					"coordinates" : [8.20743,45.67521]},
			"properties" : { "ANNO":"2010","ID_SEZIONE":"21243","ISTAT_COMUNE_SEZ":"96050","COMUNE_SEZ":"PRAY","PROVINCIA":"BI","ID_CENTRALE":"1060","NOME_CENTRALE":"PRAY","ISTAT_COMUNE_CENTR":"96050","COMUNE_CENTR":"PRAY","PROVINCIA_CENTR":"BI","INDIRIZZO_CENTRALE":"B. SELLA 76 BIS","LATITUDINE_SEZIONE":"45.67521","LONGITUDINE_SEZIONE":"8.20743","POS_X_SEZIONE":"438271.18936","POS_Y_SEZIONE":"5058267.43870","LATITUDINE_CENTRALE":"45.67532","LONGITUDINE_CENTRALE":"8.21751","POS_X_CENTRALE":"439056.27839","POS_Y_CENTRALE":"5058272.49302","TIPO_ADSL":"ADSL_1","DESCRIZIONE_TIPO_ADSL":"ADSL (8 mega)","DISTANZA_CALCOLATA":"785.11","CLASSE_DISTANZA":"500-899","POTENZA_SEGNALE":"7000","POPOLAZIONE_SEZIONE": "592"}
			},
		 		{ "type" : "Feature",
				"geometry" : {
					"type" : "Point",
					"coordinates" : [8.21609,45.68553]},
			"properties" : { "ANNO":"2010","ID_SEZIONE":"21872","ISTAT_COMUNE_SEZ":"96050","COMUNE_SEZ":"PRAY","PROVINCIA":"BI","ID_CENTRALE":"1060","NOME_CENTRALE":"PRAY","ISTAT_COMUNE_CENTR":"96050","COMUNE_CENTR":"PRAY","PROVINCIA_CENTR":"BI","INDIRIZZO_CENTRALE":"B. SELLA 76 BIS","LATITUDINE_SEZIONE":"45.68553","LONGITUDINE_SEZIONE":"8.21609","POS_X_SEZIONE":"438957.26680","POS_Y_SEZIONE":"5059407.42206","LATITUDINE_CENTRALE":"45.67532","LONGITUDINE_CENTRALE":"8.21751","POS_X_CENTRALE":"439056.27839","POS_Y_CENTRALE":"5058272.49302","TIPO_ADSL":"ADSL_1","DESCRIZIONE_TIPO_ADSL":"ADSL (8 mega)","DISTANZA_CALCOLATA":"1139.24","CLASSE_DISTANZA":"900-1299","POTENZA_SEGNALE":"7000","POPOLAZIONE_SEZIONE": ""}
			},
		 		{ "type" : "Feature",
				"geometry" : {
					"type" : "Point",
					"coordinates" : [8.19658,45.68464]},
			"properties" : { "ANNO":"2010","ID_SEZIONE":"22311","ISTAT_COMUNE_SEZ":"96019","COMUNE_SEZ":"COGGIOLA","PROVINCIA":"BI","ID_CENTRALE":"1060","NOME_CENTRALE":"PRAY","ISTAT_COMUNE_CENTR":"96050","COMUNE_CENTR":"PRAY","PROVINCIA_CENTR":"BI","INDIRIZZO_CENTRALE":"B. SELLA 76 BIS","LATITUDINE_SEZIONE":"45.68464","LONGITUDINE_SEZIONE":"8.19658","POS_X_SEZIONE":"437437.04612","POS_Y_SEZIONE":"5059323.91742","LATITUDINE_CENTRALE":"45.67532","LONGITUDINE_CENTRALE":"8.21751","POS_X_CENTRALE":"439056.27839","POS_Y_CENTRALE":"5058272.49302","TIPO_ADSL":"ADSL_1","DESCRIZIONE_TIPO_ADSL":"ADSL (8 mega)","DISTANZA_CALCOLATA":"1930.65","CLASSE_DISTANZA":"1700-2099","POTENZA_SEGNALE":"6874.88","POPOLAZIONE_SEZIONE": "73"}
			},
		 		{ "type" : "Feature",
				"geometry" : {
					"type" : "Point",
					"coordinates" : [8.19172,45.67558]},
			"properties" : { "ANNO":"2010","ID_SEZIONE":"22647","ISTAT_COMUNE_SEZ":"96050","COMUNE_SEZ":"PRAY","PROVINCIA":"BI","ID_CENTRALE":"1060","NOME_CENTRALE":"PRAY","ISTAT_COMUNE_CENTR":"96050","COMUNE_CENTR":"PRAY","PROVINCIA_CENTR":"BI","INDIRIZZO_CENTRALE":"B. SELLA 76 BIS","LATITUDINE_SEZIONE":"45.67558","LONGITUDINE_SEZIONE":"8.19172","POS_X_SEZIONE":"437048.30347","POS_Y_SEZIONE":"5058320.92734","LATITUDINE_CENTRALE":"45.67532","LONGITUDINE_CENTRALE":"8.21751","POS_X_CENTRALE":"439056.27839","POS_Y_CENTRALE":"5058272.49302","TIPO_ADSL":"ADSL_1","DESCRIZIONE_TIPO_ADSL":"ADSL (8 mega)","DISTANZA_CALCOLATA":"2008.56","CLASSE_DISTANZA":"1700-2099","POTENZA_SEGNALE":"6874.88","POPOLAZIONE_SEZIONE": ""}
			},
		 		{ "type" : "Feature",
				"geometry" : {
					"type" : "Point",
					"coordinates" : [8.19395,45.67012]},
			"properties" : { "ANNO":"2010","ID_SEZIONE":"23030","ISTAT_COMUNE_SEZ":"96050","COMUNE_SEZ":"PRAY","PROVINCIA":"BI","ID_CENTRALE":"1060","NOME_CENTRALE":"PRAY","ISTAT_COMUNE_CENTR":"96050","COMUNE_CENTR":"PRAY","PROVINCIA_CENTR":"BI","INDIRIZZO_CENTRALE":"B. SELLA 76 BIS","LATITUDINE_SEZIONE":"45.67012","LONGITUDINE_SEZIONE":"8.19395","POS_X_SEZIONE":"437216.08382","POS_Y_SEZIONE":"5057711.93867","LATITUDINE_CENTRALE":"45.67532","LONGITUDINE_CENTRALE":"8.21751","POS_X_CENTRALE":"439056.27839","POS_Y_CENTRALE":"5058272.49302","TIPO_ADSL":"ADSL_1","DESCRIZIONE_TIPO_ADSL":"ADSL (8 mega)","DISTANZA_CALCOLATA":"1923.68","CLASSE_DISTANZA":"1700-2099","POTENZA_SEGNALE":"6874.88","POPOLAZIONE_SEZIONE": "194"}
			},
		 		{ "type" : "Feature",
				"geometry" : {
					"type" : "Point",
					"coordinates" : [8.17454,45.72979]},
			"properties" : { "ANNO":"2010","ID_SEZIONE":"24735","ISTAT_COMUNE_SEZ":"96001","COMUNE_SEZ":"AILOCHE","PROVINCIA":"BI","ID_CENTRALE":"1060","NOME_CENTRALE":"PRAY","ISTAT_COMUNE_CENTR":"96050","COMUNE_CENTR":"PRAY","PROVINCIA_CENTR":"BI","INDIRIZZO_CENTRALE":"B. SELLA 76 BIS","LATITUDINE_SEZIONE":"45.72979","LONGITUDINE_SEZIONE":"8.17454","POS_X_SEZIONE":"435772.56587","POS_Y_SEZIONE":"5064357.82206","LATITUDINE_CENTRALE":"45.67532","LONGITUDINE_CENTRALE":"8.21751","POS_X_CENTRALE":"439056.27839","POS_Y_CENTRALE":"5058272.49302","TIPO_ADSL":"ADSL_1","DESCRIZIONE_TIPO_ADSL":"ADSL (8 mega)","DISTANZA_CALCOLATA":"6914.77","CLASSE_DISTANZA":"6100 e oltre","POTENZA_SEGNALE":"0.00","POPOLAZIONE_SEZIONE": ""}
			},
		 		{ "type" : "Feature",
				"geometry" : {
					"type" : "Point",
					"coordinates" : [8.19821,45.67200]},
			"properties" : { "ANNO":"2010","ID_SEZIONE":"25819","ISTAT_COMUNE_SEZ":"96050","COMUNE_SEZ":"PRAY","PROVINCIA":"BI","ID_CENTRALE":"1060","NOME_CENTRALE":"PRAY","ISTAT_COMUNE_CENTR":"96050","COMUNE_CENTR":"PRAY","PROVINCIA_CENTR":"BI","INDIRIZZO_CENTRALE":"B. SELLA 76 BIS","LATITUDINE_SEZIONE":"45.67200","LONGITUDINE_SEZIONE":"8.19821","POS_X_SEZIONE":"437549.70302","POS_Y_SEZIONE":"5057918.44004","LATITUDINE_CENTRALE":"45.67532","LONGITUDINE_CENTRALE":"8.21751","POS_X_CENTRALE":"439056.27839","POS_Y_CENTRALE":"5058272.49302","TIPO_ADSL":"ADSL_1","DESCRIZIONE_TIPO_ADSL":"ADSL (8 mega)","DISTANZA_CALCOLATA":"1547.62","CLASSE_DISTANZA":"1300-1699","POTENZA_SEGNALE":"7000","POPOLAZIONE_SEZIONE": "55"}
			},
		 		{ "type" : "Feature",
				"geometry" : {
					"type" : "Point",
					"coordinates" : [8.20586,45.66916]},
			"properties" : { "ANNO":"2010","ID_SEZIONE":"26411","ISTAT_COMUNE_SEZ":"96050","COMUNE_SEZ":"PRAY","PROVINCIA":"BI","ID_CENTRALE":"1060","NOME_CENTRALE":"PRAY","ISTAT_COMUNE_CENTR":"96050","COMUNE_CENTR":"PRAY","PROVINCIA_CENTR":"BI","INDIRIZZO_CENTRALE":"B. SELLA 76 BIS","LATITUDINE_SEZIONE":"45.66916","LONGITUDINE_SEZIONE":"8.20586","POS_X_SEZIONE":"438142.56779","POS_Y_SEZIONE":"5057596.44887","LATITUDINE_CENTRALE":"45.67532","LONGITUDINE_CENTRALE":"8.21751","POS_X_CENTRALE":"439056.27839","POS_Y_CENTRALE":"5058272.49302","TIPO_ADSL":"ADSL_1","DESCRIZIONE_TIPO_ADSL":"ADSL (8 mega)","DISTANZA_CALCOLATA":"1136.62","CLASSE_DISTANZA":"900-1299","POTENZA_SEGNALE":"7000","POPOLAZIONE_SEZIONE": "75"}
			},
		 		{ "type" : "Feature",
				"geometry" : {
					"type" : "Point",
					"coordinates" : [8.21330,45.66294]},
			"properties" : { "ANNO":"2010","ID_SEZIONE":"26885","ISTAT_COMUNE_SEZ":"96050","COMUNE_SEZ":"PRAY","PROVINCIA":"BI","ID_CENTRALE":"1060","NOME_CENTRALE":"PRAY","ISTAT_COMUNE_CENTR":"96050","COMUNE_CENTR":"PRAY","PROVINCIA_CENTR":"BI","INDIRIZZO_CENTRALE":"B. SELLA 76 BIS","LATITUDINE_SEZIONE":"45.66294","LONGITUDINE_SEZIONE":"8.21330","POS_X_SEZIONE":"438715.17937","POS_Y_SEZIONE":"5056899.95838","LATITUDINE_CENTRALE":"45.67532","LONGITUDINE_CENTRALE":"8.21751","POS_X_CENTRALE":"439056.27839","POS_Y_CENTRALE":"5058272.49302","TIPO_ADSL":"ADSL_1","DESCRIZIONE_TIPO_ADSL":"ADSL (8 mega)","DISTANZA_CALCOLATA":"1414.28","CLASSE_DISTANZA":"1300-1699","POTENZA_SEGNALE":"7000","POPOLAZIONE_SEZIONE": ""}
			},
		 		{ "type" : "Feature",
				"geometry" : {
					"type" : "Point",
					"coordinates" : [8.20970,45.69147]},
			"properties" : { "ANNO":"2010","ID_SEZIONE":"28362","ISTAT_COMUNE_SEZ":"96013","COMUNE_SEZ":"CAPRILE","PROVINCIA":"BI","ID_CENTRALE":"1060","NOME_CENTRALE":"PRAY","ISTAT_COMUNE_CENTR":"96050","COMUNE_CENTR":"PRAY","PROVINCIA_CENTR":"BI","INDIRIZZO_CENTRALE":"B. SELLA 76 BIS","LATITUDINE_SEZIONE":"45.69147","LONGITUDINE_SEZIONE":"8.20970","POS_X_SEZIONE":"438465.86968","POS_Y_SEZIONE":"5060071.91204","LATITUDINE_CENTRALE":"45.67532","LONGITUDINE_CENTRALE":"8.21751","POS_X_CENTRALE":"439056.27839","POS_Y_CENTRALE":"5058272.49302","TIPO_ADSL":"ADSL_1","DESCRIZIONE_TIPO_ADSL":"ADSL (8 mega)","DISTANZA_CALCOLATA":"1893.8","CLASSE_DISTANZA":"1700-2099","POTENZA_SEGNALE":"6874.88","POPOLAZIONE_SEZIONE": "8"}
			},
		 		{ "type" : "Feature",
				"geometry" : {
					"type" : "Point",
					"coordinates" : [8.22405,45.68917]},
			"properties" : { "ANNO":"2010","ID_SEZIONE":"28606","ISTAT_COMUNE_SEZ":"96013","COMUNE_SEZ":"CAPRILE","PROVINCIA":"BI","ID_CENTRALE":"1060","NOME_CENTRALE":"PRAY","ISTAT_COMUNE_CENTR":"96050","COMUNE_CENTR":"PRAY","PROVINCIA_CENTR":"BI","INDIRIZZO_CENTRALE":"B. SELLA 76 BIS","LATITUDINE_SEZIONE":"45.68917","LONGITUDINE_SEZIONE":"8.22405","POS_X_SEZIONE":"439581.12907","POS_Y_SEZIONE":"5059805.41656","LATITUDINE_CENTRALE":"45.67532","LONGITUDINE_CENTRALE":"8.21751","POS_X_CENTRALE":"439056.27839","POS_Y_CENTRALE":"5058272.49302","TIPO_ADSL":"ADSL_1","DESCRIZIONE_TIPO_ADSL":"ADSL (8 mega)","DISTANZA_CALCOLATA":"1620.28","CLASSE_DISTANZA":"1300-1699","POTENZA_SEGNALE":"7000","POPOLAZIONE_SEZIONE": "38"}
			},
		 		{ "type" : "Feature",
				"geometry" : {
					"type" : "Point",
					"coordinates" : [8.18890,45.66777]},
			"properties" : { "ANNO":"2010","ID_SEZIONE":"28961","ISTAT_COMUNE_SEZ":"96050","COMUNE_SEZ":"PRAY","PROVINCIA":"BI","ID_CENTRALE":"1060","NOME_CENTRALE":"PRAY","ISTAT_COMUNE_CENTR":"96050","COMUNE_CENTR":"PRAY","PROVINCIA_CENTR":"BI","INDIRIZZO_CENTRALE":"B. SELLA 76 BIS","LATITUDINE_SEZIONE":"45.66777","LONGITUDINE_SEZIONE":"8.18890","POS_X_SEZIONE":"436819.84088","POS_Y_SEZIONE":"5057454.93719","LATITUDINE_CENTRALE":"45.67532","LONGITUDINE_CENTRALE":"8.21751","POS_X_CENTRALE":"439056.27839","POS_Y_CENTRALE":"5058272.49302","TIPO_ADSL":"ADSL_1","DESCRIZIONE_TIPO_ADSL":"ADSL (8 mega)","DISTANZA_CALCOLATA":"2381.19","CLASSE_DISTANZA":"2100-2499","POTENZA_SEGNALE":"6500.38","POPOLAZIONE_SEZIONE": "3"}
			},
		 		{ "type" : "Feature",
				"geometry" : {
					"type" : "Point",
					"coordinates" : [8.19090,45.71462]},
			"properties" : { "ANNO":"2010","ID_SEZIONE":"29365","ISTAT_COMUNE_SEZ":"96013","COMUNE_SEZ":"CAPRILE","PROVINCIA":"BI","ID_CENTRALE":"1060","NOME_CENTRALE":"PRAY","ISTAT_COMUNE_CENTR":"96050","COMUNE_CENTR":"PRAY","PROVINCIA_CENTR":"BI","INDIRIZZO_CENTRALE":"B. SELLA 76 BIS","LATITUDINE_SEZIONE":"45.71462","LONGITUDINE_SEZIONE":"8.19090","POS_X_SEZIONE":"437028.14193","POS_Y_SEZIONE":"5062658.36197","LATITUDINE_CENTRALE":"45.67532","LONGITUDINE_CENTRALE":"8.21751","POS_X_CENTRALE":"439056.27839","POS_Y_CENTRALE":"5058272.49302","TIPO_ADSL":"ADSL_1","DESCRIZIONE_TIPO_ADSL":"ADSL (8 mega)","DISTANZA_CALCOLATA":"4832.1","CLASSE_DISTANZA":"4500-4899","POTENZA_SEGNALE":"1470","POPOLAZIONE_SEZIONE": ""}
			},
		 		{ "type" : "Feature",
				"geometry" : {
					"type" : "Point",
					"coordinates" : [8.18905,45.67184]},
			"properties" : { "ANNO":"2010","ID_SEZIONE":"29366","ISTAT_COMUNE_SEZ":"96050","COMUNE_SEZ":"PRAY","PROVINCIA":"BI","ID_CENTRALE":"1060","NOME_CENTRALE":"PRAY","ISTAT_COMUNE_CENTR":"96050","COMUNE_CENTR":"PRAY","PROVINCIA_CENTR":"BI","INDIRIZZO_CENTRALE":"B. SELLA 76 BIS","LATITUDINE_SEZIONE":"45.67184","LONGITUDINE_SEZIONE":"8.18905","POS_X_SEZIONE":"436835.83985","POS_Y_SEZIONE":"5057906.93079","LATITUDINE_CENTRALE":"45.67532","LONGITUDINE_CENTRALE":"8.21751","POS_X_CENTRALE":"439056.27839","POS_Y_CENTRALE":"5058272.49302","TIPO_ADSL":"ADSL_1","DESCRIZIONE_TIPO_ADSL":"ADSL (8 mega)","DISTANZA_CALCOLATA":"2250.33","CLASSE_DISTANZA":"2100-2499","POTENZA_SEGNALE":"6500.38","POPOLAZIONE_SEZIONE": "8"}
			},
		 		{ "type" : "Feature",
				"geometry" : {
					"type" : "Point",
					"coordinates" : [8.19348,45.67885]},
			"properties" : { "ANNO":"2010","ID_SEZIONE":"30430","ISTAT_COMUNE_SEZ":"96050","COMUNE_SEZ":"PRAY","PROVINCIA":"BI","ID_CENTRALE":"1060","NOME_CENTRALE":"PRAY","ISTAT_COMUNE_CENTR":"96050","COMUNE_CENTR":"PRAY","PROVINCIA_CENTR":"BI","INDIRIZZO_CENTRALE":"B. SELLA 76 BIS","LATITUDINE_SEZIONE":"45.67885","LONGITUDINE_SEZIONE":"8.19348","POS_X_SEZIONE":"437188.67595","POS_Y_SEZIONE":"5058682.92363","LATITUDINE_CENTRALE":"45.67532","LONGITUDINE_CENTRALE":"8.21751","POS_X_CENTRALE":"439056.27839","POS_Y_CENTRALE":"5058272.49302","TIPO_ADSL":"ADSL_1","DESCRIZIONE_TIPO_ADSL":"ADSL (8 mega)","DISTANZA_CALCOLATA":"1912.17","CLASSE_DISTANZA":"1700-2099","POTENZA_SEGNALE":"6874.88","POPOLAZIONE_SEZIONE": "22"}
			},
		 		{ "type" : "Feature",
				"geometry" : {
					"type" : "Point",
					"coordinates" : [8.24030,45.69984]},
			"properties" : { "ANNO":"2010","ID_SEZIONE":"30677","ISTAT_COMUNE_SEZ":"96001","COMUNE_SEZ":"AILOCHE","PROVINCIA":"BI","ID_CENTRALE":"1060","NOME_CENTRALE":"PRAY","ISTAT_COMUNE_CENTR":"96050","COMUNE_CENTR":"PRAY","PROVINCIA_CENTR":"BI","INDIRIZZO_CENTRALE":"B. SELLA 76 BIS","LATITUDINE_SEZIONE":"45.69984","LONGITUDINE_SEZIONE":"8.24030","POS_X_SEZIONE":"440857.13496","POS_Y_SEZIONE":"5060979.39979","LATITUDINE_CENTRALE":"45.67532","LONGITUDINE_CENTRALE":"8.21751","POS_X_CENTRALE":"439056.27839","POS_Y_CENTRALE":"5058272.49302","TIPO_ADSL":"ADSL_1","DESCRIZIONE_TIPO_ADSL":"ADSL (8 mega)","DISTANZA_CALCOLATA":"3251.22","CLASSE_DISTANZA":"2900-3299","POTENZA_SEGNALE":"4999.75","POPOLAZIONE_SEZIONE": ""}
			},
		 		{ "type" : "Feature",
				"geometry" : {
					"type" : "Point",
					"coordinates" : [8.19277,45.66327]},
			"properties" : { "ANNO":"2010","ID_SEZIONE":"31020","ISTAT_COMUNE_SEZ":"96050","COMUNE_SEZ":"PRAY","PROVINCIA":"BI","ID_CENTRALE":"1060","NOME_CENTRALE":"PRAY","ISTAT_COMUNE_CENTR":"96050","COMUNE_CENTR":"PRAY","PROVINCIA_CENTR":"BI","INDIRIZZO_CENTRALE":"B. SELLA 76 BIS","LATITUDINE_SEZIONE":"45.66327","LONGITUDINE_SEZIONE":"8.19277","POS_X_SEZIONE":"437116.20900","POS_Y_SEZIONE":"5056952.44759","LATITUDINE_CENTRALE":"45.67532","LONGITUDINE_CENTRALE":"8.21751","POS_X_CENTRALE":"439056.27839","POS_Y_CENTRALE":"5058272.49302","TIPO_ADSL":"ADSL_1","DESCRIZIONE_TIPO_ADSL":"ADSL (8 mega)","DISTANZA_CALCOLATA":"2346.57","CLASSE_DISTANZA":"2100-2499","POTENZA_SEGNALE":"6500.38","POPOLAZIONE_SEZIONE": "129"}
			},
		 		{ "type" : "Feature",
				"geometry" : {
					"type" : "Point",
					"coordinates" : [8.24669,45.69539]},
			"properties" : { "ANNO":"2010","ID_SEZIONE":"31410","ISTAT_COMUNE_SEZ":"96001","COMUNE_SEZ":"AILOCHE","PROVINCIA":"BI","ID_CENTRALE":"1060","NOME_CENTRALE":"PRAY","ISTAT_COMUNE_CENTR":"96050","COMUNE_CENTR":"PRAY","PROVINCIA_CENTR":"BI","INDIRIZZO_CENTRALE":"B. SELLA 76 BIS","LATITUDINE_SEZIONE":"45.69539","LONGITUDINE_SEZIONE":"8.24669","POS_X_SEZIONE":"441349.90629","POS_Y_SEZIONE":"5060479.90795","LATITUDINE_CENTRALE":"45.67532","LONGITUDINE_CENTRALE":"8.21751","POS_X_CENTRALE":"439056.27839","POS_Y_CENTRALE":"5058272.49302","TIPO_ADSL":"ADSL_1","DESCRIZIONE_TIPO_ADSL":"ADSL (8 mega)","DISTANZA_CALCOLATA":"3183.3","CLASSE_DISTANZA":"2900-3299","POTENZA_SEGNALE":"4999.75","POPOLAZIONE_SEZIONE": "11"}
			}
		 		]
	}
		