 	{ "type" : "FeatureCollection",
		"features" : [
		 		{ "type" : "Feature",
				"geometry" : {
					"type" : "Point",
					"coordinates" : [7.73270,45.04130]},
			"properties" : { "ANNO":"2010","ID_SEZIONE":"15719","ISTAT_COMUNE_SEZ":"1272","COMUNE_SEZ":"TORINO","PROVINCIA":"TO","ID_CENTRALE":"1459","NOME_CENTRALE":"TORINO EREMO","ISTAT_COMUNE_CENTR":"1183","COMUNE_CENTR":"PECETTO TORINESE","PROVINCIA_CENTR":"TO","INDIRIZZO_CENTRALE":"STRADA DELL'EREMO 77","LATITUDINE_SEZIONE":"45.04130","LONGITUDINE_SEZIONE":"7.73270","POS_X_SEZIONE":"400189.12494","POS_Y_SEZIONE":"4988319.10046","LATITUDINE_CENTRALE":"45.03288","LONGITUDINE_CENTRALE":"7.74594","POS_X_CENTRALE":"401217.19563","POS_Y_CENTRALE":"4987367.88393","TIPO_ADSL":"ADSL_1","DESCRIZIONE_TIPO_ADSL":"ADSL (8 mega)","DISTANZA_CALCOLATA":"1400.62","CLASSE_DISTANZA":"1300-1699","POTENZA_SEGNALE":"7000","POPOLAZIONE_SEZIONE": "78"}
			},
		 		{ "type" : "Feature",
				"geometry" : {
					"type" : "Point",
					"coordinates" : [7.73658,45.03980]},
			"properties" : { "ANNO":"2010","ID_SEZIONE":"18360","ISTAT_COMUNE_SEZ":"1183","COMUNE_SEZ":"PECETTO TORINESE","PROVINCIA":"TO","ID_CENTRALE":"1459","NOME_CENTRALE":"TORINO EREMO","ISTAT_COMUNE_CENTR":"1183","COMUNE_CENTR":"PECETTO TORINESE","PROVINCIA_CENTR":"TO","INDIRIZZO_CENTRALE":"STRADA DELL'EREMO 77","LATITUDINE_SEZIONE":"45.03980","LONGITUDINE_SEZIONE":"7.73658","POS_X_SEZIONE":"400491.93300","POS_Y_SEZIONE":"4988148.10167","LATITUDINE_CENTRALE":"45.03288","LONGITUDINE_CENTRALE":"7.74594","POS_X_CENTRALE":"401217.19563","POS_Y_CENTRALE":"4987367.88393","TIPO_ADSL":"ADSL_1","DESCRIZIONE_TIPO_ADSL":"ADSL (8 mega)","DISTANZA_CALCOLATA":"1065.24","CLASSE_DISTANZA":"900-1299","POTENZA_SEGNALE":"7000","POPOLAZIONE_SEZIONE": "78"}
			},
		 		{ "type" : "Feature",
				"geometry" : {
					"type" : "Point",
					"coordinates" : [7.72961,45.04921]},
			"properties" : { "ANNO":"2010","ID_SEZIONE":"28304","ISTAT_COMUNE_SEZ":"1272","COMUNE_SEZ":"TORINO","PROVINCIA":"TO","ID_CENTRALE":"1459","NOME_CENTRALE":"TORINO EREMO","ISTAT_COMUNE_CENTR":"1183","COMUNE_CENTR":"PECETTO TORINESE","PROVINCIA_CENTR":"TO","INDIRIZZO_CENTRALE":"STRADA DELL'EREMO 77","LATITUDINE_SEZIONE":"45.04921","LONGITUDINE_SEZIONE":"7.72961","POS_X_SEZIONE":"399959.41614","POS_Y_SEZIONE":"4989202.11204","LATITUDINE_CENTRALE":"45.03288","LONGITUDINE_CENTRALE":"7.74594","POS_X_CENTRALE":"401217.19563","POS_Y_CENTRALE":"4987367.88393","TIPO_ADSL":"ADSL_1","DESCRIZIONE_TIPO_ADSL":"ADSL (8 mega)","DISTANZA_CALCOLATA":"2224.05","CLASSE_DISTANZA":"2100-2499","POTENZA_SEGNALE":"6500.38","POPOLAZIONE_SEZIONE": "7"}
			}
		 		]
	}
		