 	{ "type" : "FeatureCollection",
		"features" : [
		 		{ "type" : "Feature",
				"geometry" : {
					"type" : "Point",
					"coordinates" : [8.77326,44.72133]},
			"properties" : { "ANNO":"2010","ID_SEZIONE":"27900","ISTAT_COMUNE_SEZ":"6170","COMUNE_SEZ":"TASSAROLO","PROVINCIA":"AL","ID_CENTRALE":"1376","NOME_CENTRALE":"TASSAROLO 2","ISTAT_COMUNE_CENTR":"6170","COMUNE_CENTR":"TASSAROLO","PROVINCIA_CENTR":"AL","INDIRIZZO_CENTRALE":"VIA MADDALENA 8","LATITUDINE_SEZIONE":"44.72133","LONGITUDINE_SEZIONE":"8.77326","POS_X_SEZIONE":"482043.13641","POS_Y_SEZIONE":"4952019.14574","LATITUDINE_CENTRALE":"44.72507","LONGITUDINE_CENTRALE":"8.76931","POS_X_CENTRALE":"481731.69579","POS_Y_CENTRALE":"4952436.14023","TIPO_ADSL":"NO","DESCRIZIONE_TIPO_ADSL":"NO Adsl","DISTANZA_CALCOLATA":"520.46","CLASSE_DISTANZA":"500-899","POTENZA_SEGNALE":"","POPOLAZIONE_SEZIONE": "104"}
			}
		 		]
	}
		