 	{ "type" : "FeatureCollection",
		"features" : [
		 		{ "type" : "Feature",
				"geometry" : {
					"type" : "Point",
					"coordinates" : [7.94181,44.69503]},
			"properties" : { "ANNO":"2010","ID_SEZIONE":"4038","ISTAT_COMUNE_SEZ":"4212","COMUNE_SEZ":"SANTA VITTORIA D'ALBA","PROVINCIA":"CN","ID_CENTRALE":"1295","NOME_CENTRALE":"SANTA VITTORIA D'ALBA","ISTAT_COMUNE_CENTR":"4212","COMUNE_CENTR":"SANTA VITTORIA D'ALBA","PROVINCIA_CENTR":"CN","INDIRIZZO_CENTRALE":"VERS PONT DUGARD","LATITUDINE_SEZIONE":"44.69503","LONGITUDINE_SEZIONE":"7.94181","POS_X_SEZIONE":"416157.22326","POS_Y_SEZIONE":"4949617.24570","LATITUDINE_CENTRALE":"44.69293","LONGITUDINE_CENTRALE":"7.91410","POS_X_CENTRALE":"413958.49432","POS_Y_CENTRALE":"4949412.76969","TIPO_ADSL":"ADSL_1","DESCRIZIONE_TIPO_ADSL":"ADSL (8 mega)","DISTANZA_CALCOLATA":"2208.22","CLASSE_DISTANZA":"2100-2499","POTENZA_SEGNALE":"6500.38","POPOLAZIONE_SEZIONE": "5"}
			},
		 		{ "type" : "Feature",
				"geometry" : {
					"type" : "Point",
					"coordinates" : [7.93841,44.68909]},
			"properties" : { "ANNO":"2010","ID_SEZIONE":"4624","ISTAT_COMUNE_SEZ":"4212","COMUNE_SEZ":"SANTA VITTORIA D'ALBA","PROVINCIA":"CN","ID_CENTRALE":"1295","NOME_CENTRALE":"SANTA VITTORIA D'ALBA","ISTAT_COMUNE_CENTR":"4212","COMUNE_CENTR":"SANTA VITTORIA D'ALBA","PROVINCIA_CENTR":"CN","INDIRIZZO_CENTRALE":"VERS PONT DUGARD","LATITUDINE_SEZIONE":"44.68909","LONGITUDINE_SEZIONE":"7.93841","POS_X_SEZIONE":"415878.92463","POS_Y_SEZIONE":"4948960.73421","LATITUDINE_CENTRALE":"44.69293","LONGITUDINE_CENTRALE":"7.91410","POS_X_CENTRALE":"413958.49432","POS_Y_CENTRALE":"4949412.76969","TIPO_ADSL":"ADSL_1","DESCRIZIONE_TIPO_ADSL":"ADSL (8 mega)","DISTANZA_CALCOLATA":"1972.91","CLASSE_DISTANZA":"1700-2099","POTENZA_SEGNALE":"6874.88","POPOLAZIONE_SEZIONE": ""}
			},
		 		{ "type" : "Feature",
				"geometry" : {
					"type" : "Point",
					"coordinates" : [7.90560,44.70314]},
			"properties" : { "ANNO":"2010","ID_SEZIONE":"5233","ISTAT_COMUNE_SEZ":"4212","COMUNE_SEZ":"SANTA VITTORIA D'ALBA","PROVINCIA":"CN","ID_CENTRALE":"1295","NOME_CENTRALE":"SANTA VITTORIA D'ALBA","ISTAT_COMUNE_CENTR":"4212","COMUNE_CENTR":"SANTA VITTORIA D'ALBA","PROVINCIA_CENTR":"CN","INDIRIZZO_CENTRALE":"VERS PONT DUGARD","LATITUDINE_SEZIONE":"44.70314","LONGITUDINE_SEZIONE":"7.90560","POS_X_SEZIONE":"413300.06716","POS_Y_SEZIONE":"4950556.21479","LATITUDINE_CENTRALE":"44.69293","LONGITUDINE_CENTRALE":"7.91410","POS_X_CENTRALE":"413958.49432","POS_Y_CENTRALE":"4949412.76969","TIPO_ADSL":"ADSL_1","DESCRIZIONE_TIPO_ADSL":"ADSL (8 mega)","DISTANZA_CALCOLATA":"1319.47","CLASSE_DISTANZA":"1300-1699","POTENZA_SEGNALE":"7000","POPOLAZIONE_SEZIONE": "26"}
			},
		 		{ "type" : "Feature",
				"geometry" : {
					"type" : "Point",
					"coordinates" : [7.94819,44.69933]},
			"properties" : { "ANNO":"2010","ID_SEZIONE":"6089","ISTAT_COMUNE_SEZ":"4212","COMUNE_SEZ":"SANTA VITTORIA D'ALBA","PROVINCIA":"CN","ID_CENTRALE":"1295","NOME_CENTRALE":"SANTA VITTORIA D'ALBA","ISTAT_COMUNE_CENTR":"4212","COMUNE_CENTR":"SANTA VITTORIA D'ALBA","PROVINCIA_CENTR":"CN","INDIRIZZO_CENTRALE":"VERS PONT DUGARD","LATITUDINE_SEZIONE":"44.69933","LONGITUDINE_SEZIONE":"7.94819","POS_X_SEZIONE":"416668.68054","POS_Y_SEZIONE":"4950088.25805","LATITUDINE_CENTRALE":"44.69293","LONGITUDINE_CENTRALE":"7.91410","POS_X_CENTRALE":"413958.49432","POS_Y_CENTRALE":"4949412.76969","TIPO_ADSL":"ADSL_1","DESCRIZIONE_TIPO_ADSL":"ADSL (8 mega)","DISTANZA_CALCOLATA":"2793.1","CLASSE_DISTANZA":"2500-2899","POTENZA_SEGNALE":"5749.63","POPOLAZIONE_SEZIONE": "34"}
			},
		 		{ "type" : "Feature",
				"geometry" : {
					"type" : "Point",
					"coordinates" : [7.91842,44.69438]},
			"properties" : { "ANNO":"2010","ID_SEZIONE":"7688","ISTAT_COMUNE_SEZ":"4212","COMUNE_SEZ":"SANTA VITTORIA D'ALBA","PROVINCIA":"CN","ID_CENTRALE":"1295","NOME_CENTRALE":"SANTA VITTORIA D'ALBA","ISTAT_COMUNE_CENTR":"4212","COMUNE_CENTR":"SANTA VITTORIA D'ALBA","PROVINCIA_CENTR":"CN","INDIRIZZO_CENTRALE":"VERS PONT DUGARD","LATITUDINE_SEZIONE":"44.69438","LONGITUDINE_SEZIONE":"7.91842","POS_X_SEZIONE":"414303.26613","POS_Y_SEZIONE":"4949570.21901","LATITUDINE_CENTRALE":"44.69293","LONGITUDINE_CENTRALE":"7.91410","POS_X_CENTRALE":"413958.49432","POS_Y_CENTRALE":"4949412.76969","TIPO_ADSL":"ADSL_1","DESCRIZIONE_TIPO_ADSL":"ADSL (8 mega)","DISTANZA_CALCOLATA":"379.02","CLASSE_DISTANZA":"100-499","POTENZA_SEGNALE":"7000","POPOLAZIONE_SEZIONE": "632"}
			},
		 		{ "type" : "Feature",
				"geometry" : {
					"type" : "Point",
					"coordinates" : [7.91845,44.69277]},
			"properties" : { "ANNO":"2010","ID_SEZIONE":"10602","ISTAT_COMUNE_SEZ":"4212","COMUNE_SEZ":"SANTA VITTORIA D'ALBA","PROVINCIA":"CN","ID_CENTRALE":"1295","NOME_CENTRALE":"SANTA VITTORIA D'ALBA","ISTAT_COMUNE_CENTR":"4212","COMUNE_CENTR":"SANTA VITTORIA D'ALBA","PROVINCIA_CENTR":"CN","INDIRIZZO_CENTRALE":"VERS PONT DUGARD","LATITUDINE_SEZIONE":"44.69277","LONGITUDINE_SEZIONE":"7.91845","POS_X_SEZIONE":"414302.61231","POS_Y_SEZIONE":"4949390.71693","LATITUDINE_CENTRALE":"44.69293","LONGITUDINE_CENTRALE":"7.91410","POS_X_CENTRALE":"413958.49432","POS_Y_CENTRALE":"4949412.76969","TIPO_ADSL":"ADSL_1","DESCRIZIONE_TIPO_ADSL":"ADSL (8 mega)","DISTANZA_CALCOLATA":"344.82","CLASSE_DISTANZA":"100-499","POTENZA_SEGNALE":"7000","POPOLAZIONE_SEZIONE": "804"}
			},
		 		{ "type" : "Feature",
				"geometry" : {
					"type" : "Point",
					"coordinates" : [7.93697,44.69873]},
			"properties" : { "ANNO":"2010","ID_SEZIONE":"12413","ISTAT_COMUNE_SEZ":"4212","COMUNE_SEZ":"SANTA VITTORIA D'ALBA","PROVINCIA":"CN","ID_CENTRALE":"1295","NOME_CENTRALE":"SANTA VITTORIA D'ALBA","ISTAT_COMUNE_CENTR":"4212","COMUNE_CENTR":"SANTA VITTORIA D'ALBA","PROVINCIA_CENTR":"CN","INDIRIZZO_CENTRALE":"VERS PONT DUGARD","LATITUDINE_SEZIONE":"44.69873","LONGITUDINE_SEZIONE":"7.93697","POS_X_SEZIONE":"415778.93666","POS_Y_SEZIONE":"4950033.74490","LATITUDINE_CENTRALE":"44.69293","LONGITUDINE_CENTRALE":"7.91410","POS_X_CENTRALE":"413958.49432","POS_Y_CENTRALE":"4949412.76969","TIPO_ADSL":"ADSL_1","DESCRIZIONE_TIPO_ADSL":"ADSL (8 mega)","DISTANZA_CALCOLATA":"1923.44","CLASSE_DISTANZA":"1700-2099","POTENZA_SEGNALE":"6874.88","POPOLAZIONE_SEZIONE": "682"}
			},
		 		{ "type" : "Feature",
				"geometry" : {
					"type" : "Point",
					"coordinates" : [7.96050,44.69445]},
			"properties" : { "ANNO":"2010","ID_SEZIONE":"13551","ISTAT_COMUNE_SEZ":"4212","COMUNE_SEZ":"SANTA VITTORIA D'ALBA","PROVINCIA":"CN","ID_CENTRALE":"1295","NOME_CENTRALE":"SANTA VITTORIA D'ALBA","ISTAT_COMUNE_CENTR":"4212","COMUNE_CENTR":"SANTA VITTORIA D'ALBA","PROVINCIA_CENTR":"CN","INDIRIZZO_CENTRALE":"VERS PONT DUGARD","LATITUDINE_SEZIONE":"44.69445","LONGITUDINE_SEZIONE":"7.96050","POS_X_SEZIONE":"417637.05020","POS_Y_SEZIONE":"4949534.25716","LATITUDINE_CENTRALE":"44.69293","LONGITUDINE_CENTRALE":"7.91410","POS_X_CENTRALE":"413958.49432","POS_Y_CENTRALE":"4949412.76969","TIPO_ADSL":"ADSL_1","DESCRIZIONE_TIPO_ADSL":"ADSL (8 mega)","DISTANZA_CALCOLATA":"3680.56","CLASSE_DISTANZA":"3300-3699","POTENZA_SEGNALE":"3999.63","POPOLAZIONE_SEZIONE": ""}
			},
		 		{ "type" : "Feature",
				"geometry" : {
					"type" : "Point",
					"coordinates" : [7.91960,44.70097]},
			"properties" : { "ANNO":"2010","ID_SEZIONE":"14261","ISTAT_COMUNE_SEZ":"4212","COMUNE_SEZ":"SANTA VITTORIA D'ALBA","PROVINCIA":"CN","ID_CENTRALE":"1295","NOME_CENTRALE":"SANTA VITTORIA D'ALBA","ISTAT_COMUNE_CENTR":"4212","COMUNE_CENTR":"SANTA VITTORIA D'ALBA","PROVINCIA_CENTR":"CN","INDIRIZZO_CENTRALE":"VERS PONT DUGARD","LATITUDINE_SEZIONE":"44.70097","LONGITUDINE_SEZIONE":"7.91960","POS_X_SEZIONE":"414406.03426","POS_Y_SEZIONE":"4950300.22810","LATITUDINE_CENTRALE":"44.69293","LONGITUDINE_CENTRALE":"7.91410","POS_X_CENTRALE":"413958.49432","POS_Y_CENTRALE":"4949412.76969","TIPO_ADSL":"ADSL_1","DESCRIZIONE_TIPO_ADSL":"ADSL (8 mega)","DISTANZA_CALCOLATA":"993.92","CLASSE_DISTANZA":"900-1299","POTENZA_SEGNALE":"7000","POPOLAZIONE_SEZIONE": "55"}
			},
		 		{ "type" : "Feature",
				"geometry" : {
					"type" : "Point",
					"coordinates" : [7.93786,44.69369]},
			"properties" : { "ANNO":"2010","ID_SEZIONE":"14372","ISTAT_COMUNE_SEZ":"4212","COMUNE_SEZ":"SANTA VITTORIA D'ALBA","PROVINCIA":"CN","ID_CENTRALE":"1295","NOME_CENTRALE":"SANTA VITTORIA D'ALBA","ISTAT_COMUNE_CENTR":"4212","COMUNE_CENTR":"SANTA VITTORIA D'ALBA","PROVINCIA_CENTR":"CN","INDIRIZZO_CENTRALE":"VERS PONT DUGARD","LATITUDINE_SEZIONE":"44.69369","LONGITUDINE_SEZIONE":"7.93786","POS_X_SEZIONE":"415841.85276","POS_Y_SEZIONE":"4949472.23962","LATITUDINE_CENTRALE":"44.69293","LONGITUDINE_CENTRALE":"7.91410","POS_X_CENTRALE":"413958.49432","POS_Y_CENTRALE":"4949412.76969","TIPO_ADSL":"ADSL_1","DESCRIZIONE_TIPO_ADSL":"ADSL (8 mega)","DISTANZA_CALCOLATA":"1884.3","CLASSE_DISTANZA":"1700-2099","POTENZA_SEGNALE":"6874.88","POPOLAZIONE_SEZIONE": "103"}
			},
		 		{ "type" : "Feature",
				"geometry" : {
					"type" : "Point",
					"coordinates" : [7.90138,44.69676]},
			"properties" : { "ANNO":"2010","ID_SEZIONE":"20072","ISTAT_COMUNE_SEZ":"4170","COMUNE_SEZ":"POCAPAGLIA","PROVINCIA":"CN","ID_CENTRALE":"1295","NOME_CENTRALE":"SANTA VITTORIA D'ALBA","ISTAT_COMUNE_CENTR":"4212","COMUNE_CENTR":"SANTA VITTORIA D'ALBA","PROVINCIA_CENTR":"CN","INDIRIZZO_CENTRALE":"VERS PONT DUGARD","LATITUDINE_SEZIONE":"44.69676","LONGITUDINE_SEZIONE":"7.90138","POS_X_SEZIONE":"412955.95554","POS_Y_SEZIONE":"4949851.70279","LATITUDINE_CENTRALE":"44.69293","LONGITUDINE_CENTRALE":"7.91410","POS_X_CENTRALE":"413958.49432","POS_Y_CENTRALE":"4949412.76969","TIPO_ADSL":"ADSL_1","DESCRIZIONE_TIPO_ADSL":"ADSL (8 mega)","DISTANZA_CALCOLATA":"1094.42","CLASSE_DISTANZA":"900-1299","POTENZA_SEGNALE":"7000","POPOLAZIONE_SEZIONE": "94"}
			},
		 		{ "type" : "Feature",
				"geometry" : {
					"type" : "Point",
					"coordinates" : [7.92346,44.69728]},
			"properties" : { "ANNO":"2010","ID_SEZIONE":"21521","ISTAT_COMUNE_SEZ":"4212","COMUNE_SEZ":"SANTA VITTORIA D'ALBA","PROVINCIA":"CN","ID_CENTRALE":"1295","NOME_CENTRALE":"SANTA VITTORIA D'ALBA","ISTAT_COMUNE_CENTR":"4212","COMUNE_CENTR":"SANTA VITTORIA D'ALBA","PROVINCIA_CENTR":"CN","INDIRIZZO_CENTRALE":"VERS PONT DUGARD","LATITUDINE_SEZIONE":"44.69728","LONGITUDINE_SEZIONE":"7.92346","POS_X_SEZIONE":"414706.41442","POS_Y_SEZIONE":"4949886.22797","LATITUDINE_CENTRALE":"44.69293","LONGITUDINE_CENTRALE":"7.91410","POS_X_CENTRALE":"413958.49432","POS_Y_CENTRALE":"4949412.76969","TIPO_ADSL":"ADSL_1","DESCRIZIONE_TIPO_ADSL":"ADSL (8 mega)","DISTANZA_CALCOLATA":"885.18","CLASSE_DISTANZA":"500-899","POTENZA_SEGNALE":"7000","POPOLAZIONE_SEZIONE": "10"}
			},
		 		{ "type" : "Feature",
				"geometry" : {
					"type" : "Point",
					"coordinates" : [7.94398,44.69609]},
			"properties" : { "ANNO":"2010","ID_SEZIONE":"22401","ISTAT_COMUNE_SEZ":"4212","COMUNE_SEZ":"SANTA VITTORIA D'ALBA","PROVINCIA":"CN","ID_CENTRALE":"1295","NOME_CENTRALE":"SANTA VITTORIA D'ALBA","ISTAT_COMUNE_CENTR":"4212","COMUNE_CENTR":"SANTA VITTORIA D'ALBA","PROVINCIA_CENTR":"CN","INDIRIZZO_CENTRALE":"VERS PONT DUGARD","LATITUDINE_SEZIONE":"44.69609","LONGITUDINE_SEZIONE":"7.94398","POS_X_SEZIONE":"416330.18914","POS_Y_SEZIONE":"4949733.24903","LATITUDINE_CENTRALE":"44.69293","LONGITUDINE_CENTRALE":"7.91410","POS_X_CENTRALE":"413958.49432","POS_Y_CENTRALE":"4949412.76969","TIPO_ADSL":"ADSL_1","DESCRIZIONE_TIPO_ADSL":"ADSL (8 mega)","DISTANZA_CALCOLATA":"2393.25","CLASSE_DISTANZA":"2100-2499","POTENZA_SEGNALE":"6500.38","POPOLAZIONE_SEZIONE": "22"}
			},
		 		{ "type" : "Feature",
				"geometry" : {
					"type" : "Point",
					"coordinates" : [7.94687,44.69588]},
			"properties" : { "ANNO":"2010","ID_SEZIONE":"24749","ISTAT_COMUNE_SEZ":"4212","COMUNE_SEZ":"SANTA VITTORIA D'ALBA","PROVINCIA":"CN","ID_CENTRALE":"1295","NOME_CENTRALE":"SANTA VITTORIA D'ALBA","ISTAT_COMUNE_CENTR":"4212","COMUNE_CENTR":"SANTA VITTORIA D'ALBA","PROVINCIA_CENTR":"CN","INDIRIZZO_CENTRALE":"VERS PONT DUGARD","LATITUDINE_SEZIONE":"44.69588","LONGITUDINE_SEZIONE":"7.94687","POS_X_SEZIONE":"416559.59433","POS_Y_SEZIONE":"4949706.25229","LATITUDINE_CENTRALE":"44.69293","LONGITUDINE_CENTRALE":"7.91410","POS_X_CENTRALE":"413958.49432","POS_Y_CENTRALE":"4949412.76969","TIPO_ADSL":"ADSL_1","DESCRIZIONE_TIPO_ADSL":"ADSL (8 mega)","DISTANZA_CALCOLATA":"2617.6","CLASSE_DISTANZA":"2500-2899","POTENZA_SEGNALE":"5749.63","POPOLAZIONE_SEZIONE": "11"}
			},
		 		{ "type" : "Feature",
				"geometry" : {
					"type" : "Point",
					"coordinates" : [7.94951,44.70695]},
			"properties" : { "ANNO":"2010","ID_SEZIONE":"25007","ISTAT_COMUNE_SEZ":"4212","COMUNE_SEZ":"SANTA VITTORIA D'ALBA","PROVINCIA":"CN","ID_CENTRALE":"1295","NOME_CENTRALE":"SANTA VITTORIA D'ALBA","ISTAT_COMUNE_CENTR":"4212","COMUNE_CENTR":"SANTA VITTORIA D'ALBA","PROVINCIA_CENTR":"CN","INDIRIZZO_CENTRALE":"VERS PONT DUGARD","LATITUDINE_SEZIONE":"44.70695","LONGITUDINE_SEZIONE":"7.94951","POS_X_SEZIONE":"416784.63318","POS_Y_SEZIONE":"4950933.76922","LATITUDINE_CENTRALE":"44.69293","LONGITUDINE_CENTRALE":"7.91410","POS_X_CENTRALE":"413958.49432","POS_Y_CENTRALE":"4949412.76969","TIPO_ADSL":"ADSL_1","DESCRIZIONE_TIPO_ADSL":"ADSL (8 mega)","DISTANZA_CALCOLATA":"3209.44","CLASSE_DISTANZA":"2900-3299","POTENZA_SEGNALE":"4999.75","POPOLAZIONE_SEZIONE": "62"}
			},
		 		{ "type" : "Feature",
				"geometry" : {
					"type" : "Point",
					"coordinates" : [7.96351,44.70095]},
			"properties" : { "ANNO":"2010","ID_SEZIONE":"29208","ISTAT_COMUNE_SEZ":"4212","COMUNE_SEZ":"SANTA VITTORIA D'ALBA","PROVINCIA":"CN","ID_CENTRALE":"1295","NOME_CENTRALE":"SANTA VITTORIA D'ALBA","ISTAT_COMUNE_CENTR":"4212","COMUNE_CENTR":"SANTA VITTORIA D'ALBA","PROVINCIA_CENTR":"CN","INDIRIZZO_CENTRALE":"VERS PONT DUGARD","LATITUDINE_SEZIONE":"44.70095","LONGITUDINE_SEZIONE":"7.96351","POS_X_SEZIONE":"417884.50031","POS_Y_SEZIONE":"4950252.76621","LATITUDINE_CENTRALE":"44.69293","LONGITUDINE_CENTRALE":"7.91410","POS_X_CENTRALE":"413958.49432","POS_Y_CENTRALE":"4949412.76969","TIPO_ADSL":"ADSL_1","DESCRIZIONE_TIPO_ADSL":"ADSL (8 mega)","DISTANZA_CALCOLATA":"4014.86","CLASSE_DISTANZA":"3700-4099","POTENZA_SEGNALE":"3000.38","POPOLAZIONE_SEZIONE": "2"}
			},
		 		{ "type" : "Feature",
				"geometry" : {
					"type" : "Point",
					"coordinates" : [7.93204,44.70393]},
			"properties" : { "ANNO":"2010","ID_SEZIONE":"30775","ISTAT_COMUNE_SEZ":"4212","COMUNE_SEZ":"SANTA VITTORIA D'ALBA","PROVINCIA":"CN","ID_CENTRALE":"1295","NOME_CENTRALE":"SANTA VITTORIA D'ALBA","ISTAT_COMUNE_CENTR":"4212","COMUNE_CENTR":"SANTA VITTORIA D'ALBA","PROVINCIA_CENTR":"CN","INDIRIZZO_CENTRALE":"VERS PONT DUGARD","LATITUDINE_SEZIONE":"44.70393","LONGITUDINE_SEZIONE":"7.93204","POS_X_SEZIONE":"415396.17878","POS_Y_SEZIONE":"4950616.24577","LATITUDINE_CENTRALE":"44.69293","LONGITUDINE_CENTRALE":"7.91410","POS_X_CENTRALE":"413958.49432","POS_Y_CENTRALE":"4949412.76969","TIPO_ADSL":"ADSL_1","DESCRIZIONE_TIPO_ADSL":"ADSL (8 mega)","DISTANZA_CALCOLATA":"1874.91","CLASSE_DISTANZA":"1700-2099","POTENZA_SEGNALE":"6874.88","POPOLAZIONE_SEZIONE": "58"}
			},
		 		{ "type" : "Feature",
				"geometry" : {
					"type" : "Point",
					"coordinates" : [7.94919,44.71052]},
			"properties" : { "ANNO":"2010","ID_SEZIONE":"32881","ISTAT_COMUNE_SEZ":"4212","COMUNE_SEZ":"SANTA VITTORIA D'ALBA","PROVINCIA":"CN","ID_CENTRALE":"1295","NOME_CENTRALE":"SANTA VITTORIA D'ALBA","ISTAT_COMUNE_CENTR":"4212","COMUNE_CENTR":"SANTA VITTORIA D'ALBA","PROVINCIA_CENTR":"CN","INDIRIZZO_CENTRALE":"VERS PONT DUGARD","LATITUDINE_SEZIONE":"44.71052","LONGITUDINE_SEZIONE":"7.94919","POS_X_SEZIONE":"416763.84495","POS_Y_SEZIONE":"4951330.77300","LATITUDINE_CENTRALE":"44.69293","LONGITUDINE_CENTRALE":"7.91410","POS_X_CENTRALE":"413958.49432","POS_Y_CENTRALE":"4949412.76969","TIPO_ADSL":"ADSL_1","DESCRIZIONE_TIPO_ADSL":"ADSL (8 mega)","DISTANZA_CALCOLATA":"3398.34","CLASSE_DISTANZA":"3300-3699","POTENZA_SEGNALE":"3999.63","POPOLAZIONE_SEZIONE": "6"}
			}
		 		]
	}
		