 	{ "type" : "FeatureCollection",
		"features" : [
		 		{ "type" : "Feature",
				"geometry" : {
					"type" : "Point",
					"coordinates" : [8.28709,46.01357]},
			"properties" : { "ANNO":"2010","ID_SEZIONE":"5466","ISTAT_COMUNE_SEZ":"103077","COMUNE_SEZ":"VOGOGNA","PROVINCIA":"VB","ID_CENTRALE":"1667","NOME_CENTRALE":"VOGOGNA","ISTAT_COMUNE_CENTR":"103077","COMUNE_CENTR":"VOGOGNA","PROVINCIA_CENTR":"VB","INDIRIZZO_CENTRALE":"PASSERELLA","LATITUDINE_SEZIONE":"46.01357","LONGITUDINE_SEZIONE":"8.28709","POS_X_SEZIONE":"444811.35756","POS_Y_SEZIONE":"5095802.56731","LATITUDINE_CENTRALE":"46.00940","LONGITUDINE_CENTRALE":"8.28627","POS_X_CENTRALE":"444743.82214","POS_Y_CENTRALE":"5095339.29907","TIPO_ADSL":"ADSL_1","DESCRIZIONE_TIPO_ADSL":"ADSL (8 mega)","DISTANZA_CALCOLATA":"468.17","CLASSE_DISTANZA":"100-499","POTENZA_SEGNALE":"7000","POPOLAZIONE_SEZIONE": "339"}
			},
		 		{ "type" : "Feature",
				"geometry" : {
					"type" : "Point",
					"coordinates" : [8.29903,46.00282]},
			"properties" : { "ANNO":"2010","ID_SEZIONE":"5759","ISTAT_COMUNE_SEZ":"103077","COMUNE_SEZ":"VOGOGNA","PROVINCIA":"VB","ID_CENTRALE":"1667","NOME_CENTRALE":"VOGOGNA","ISTAT_COMUNE_CENTR":"103077","COMUNE_CENTR":"VOGOGNA","PROVINCIA_CENTR":"VB","INDIRIZZO_CENTRALE":"PASSERELLA","LATITUDINE_SEZIONE":"46.00282","LONGITUDINE_SEZIONE":"8.29903","POS_X_SEZIONE":"445724.75788","POS_Y_SEZIONE":"5094600.09332","LATITUDINE_CENTRALE":"46.00940","LONGITUDINE_CENTRALE":"8.28627","POS_X_CENTRALE":"444743.82214","POS_Y_CENTRALE":"5095339.29907","TIPO_ADSL":"ADSL_1","DESCRIZIONE_TIPO_ADSL":"ADSL (8 mega)","DISTANZA_CALCOLATA":"1228.28","CLASSE_DISTANZA":"900-1299","POTENZA_SEGNALE":"7000","POPOLAZIONE_SEZIONE": "10"}
			},
		 		{ "type" : "Feature",
				"geometry" : {
					"type" : "Point",
					"coordinates" : [8.30498,46.03472]},
			"properties" : { "ANNO":"2010","ID_SEZIONE":"8218","ISTAT_COMUNE_SEZ":"103077","COMUNE_SEZ":"VOGOGNA","PROVINCIA":"VB","ID_CENTRALE":"1667","NOME_CENTRALE":"VOGOGNA","ISTAT_COMUNE_CENTR":"103077","COMUNE_CENTR":"VOGOGNA","PROVINCIA_CENTR":"VB","INDIRIZZO_CENTRALE":"PASSERELLA","LATITUDINE_SEZIONE":"46.03472","LONGITUDINE_SEZIONE":"8.30498","POS_X_SEZIONE":"446216.52517","POS_Y_SEZIONE":"5098139.57698","LATITUDINE_CENTRALE":"46.00940","LONGITUDINE_CENTRALE":"8.28627","POS_X_CENTRALE":"444743.82214","POS_Y_CENTRALE":"5095339.29907","TIPO_ADSL":"ADSL_1","DESCRIZIONE_TIPO_ADSL":"ADSL (8 mega)","DISTANZA_CALCOLATA":"3163.92","CLASSE_DISTANZA":"2900-3299","POTENZA_SEGNALE":"4999.75","POPOLAZIONE_SEZIONE": ""}
			},
		 		{ "type" : "Feature",
				"geometry" : {
					"type" : "Point",
					"coordinates" : [8.29263,46.01995]},
			"properties" : { "ANNO":"2010","ID_SEZIONE":"9676","ISTAT_COMUNE_SEZ":"103077","COMUNE_SEZ":"VOGOGNA","PROVINCIA":"VB","ID_CENTRALE":"1667","NOME_CENTRALE":"VOGOGNA","ISTAT_COMUNE_CENTR":"103077","COMUNE_CENTR":"VOGOGNA","PROVINCIA_CENTR":"VB","INDIRIZZO_CENTRALE":"PASSERELLA","LATITUDINE_SEZIONE":"46.01995","LONGITUDINE_SEZIONE":"8.29263","POS_X_SEZIONE":"445246.16280","POS_Y_SEZIONE":"5096507.57032","LATITUDINE_CENTRALE":"46.00940","LONGITUDINE_CENTRALE":"8.28627","POS_X_CENTRALE":"444743.82214","POS_Y_CENTRALE":"5095339.29907","TIPO_ADSL":"ADSL_1","DESCRIZIONE_TIPO_ADSL":"ADSL (8 mega)","DISTANZA_CALCOLATA":"1271.69","CLASSE_DISTANZA":"900-1299","POTENZA_SEGNALE":"7000","POPOLAZIONE_SEZIONE": "10"}
			},
		 		{ "type" : "Feature",
				"geometry" : {
					"type" : "Point",
					"coordinates" : [8.28005,46.02653]},
			"properties" : { "ANNO":"2010","ID_SEZIONE":"19307","ISTAT_COMUNE_SEZ":"103077","COMUNE_SEZ":"VOGOGNA","PROVINCIA":"VB","ID_CENTRALE":"1667","NOME_CENTRALE":"VOGOGNA","ISTAT_COMUNE_CENTR":"103077","COMUNE_CENTR":"VOGOGNA","PROVINCIA_CENTR":"VB","INDIRIZZO_CENTRALE":"PASSERELLA","LATITUDINE_SEZIONE":"46.02653","LONGITUDINE_SEZIONE":"8.28005","POS_X_SEZIONE":"444279.63787","POS_Y_SEZIONE":"5097247.04680","LATITUDINE_CENTRALE":"46.00940","LONGITUDINE_CENTRALE":"8.28627","POS_X_CENTRALE":"444743.82214","POS_Y_CENTRALE":"5095339.29907","TIPO_ADSL":"ADSL_1","DESCRIZIONE_TIPO_ADSL":"ADSL (8 mega)","DISTANZA_CALCOLATA":"1963.41","CLASSE_DISTANZA":"1700-2099","POTENZA_SEGNALE":"6874.88","POPOLAZIONE_SEZIONE": "24"}
			},
		 		{ "type" : "Feature",
				"geometry" : {
					"type" : "Point",
					"coordinates" : [8.28926,46.00669]},
			"properties" : { "ANNO":"2010","ID_SEZIONE":"20217","ISTAT_COMUNE_SEZ":"103077","COMUNE_SEZ":"VOGOGNA","PROVINCIA":"VB","ID_CENTRALE":"1667","NOME_CENTRALE":"VOGOGNA","ISTAT_COMUNE_CENTR":"103077","COMUNE_CENTR":"VOGOGNA","PROVINCIA_CENTR":"VB","INDIRIZZO_CENTRALE":"PASSERELLA","LATITUDINE_SEZIONE":"46.00669","LONGITUDINE_SEZIONE":"8.28926","POS_X_SEZIONE":"444972.48344","POS_Y_SEZIONE":"5095036.07566","LATITUDINE_CENTRALE":"46.00940","LONGITUDINE_CENTRALE":"8.28627","POS_X_CENTRALE":"444743.82214","POS_Y_CENTRALE":"5095339.29907","TIPO_ADSL":"ADSL_1","DESCRIZIONE_TIPO_ADSL":"ADSL (8 mega)","DISTANZA_CALCOLATA":"379.78","CLASSE_DISTANZA":"100-499","POTENZA_SEGNALE":"7000","POPOLAZIONE_SEZIONE": "199"}
			},
		 		{ "type" : "Feature",
				"geometry" : {
					"type" : "Point",
					"coordinates" : [8.28171,46.03532]},
			"properties" : { "ANNO":"2010","ID_SEZIONE":"20800","ISTAT_COMUNE_SEZ":"103077","COMUNE_SEZ":"VOGOGNA","PROVINCIA":"VB","ID_CENTRALE":"1667","NOME_CENTRALE":"VOGOGNA","ISTAT_COMUNE_CENTR":"103077","COMUNE_CENTR":"VOGOGNA","PROVINCIA_CENTR":"VB","INDIRIZZO_CENTRALE":"PASSERELLA","LATITUDINE_SEZIONE":"46.03532","LONGITUDINE_SEZIONE":"8.28171","POS_X_SEZIONE":"444416.35160","POS_Y_SEZIONE":"5098222.04277","LATITUDINE_CENTRALE":"46.00940","LONGITUDINE_CENTRALE":"8.28627","POS_X_CENTRALE":"444743.82214","POS_Y_CENTRALE":"5095339.29907","TIPO_ADSL":"ADSL_1","DESCRIZIONE_TIPO_ADSL":"ADSL (8 mega)","DISTANZA_CALCOLATA":"2901.28","CLASSE_DISTANZA":"2900-3299","POTENZA_SEGNALE":"4999.75","POPOLAZIONE_SEZIONE": "216"}
			},
		 		{ "type" : "Feature",
				"geometry" : {
					"type" : "Point",
					"coordinates" : [8.31120,46.01816]},
			"properties" : { "ANNO":"2010","ID_SEZIONE":"27036","ISTAT_COMUNE_SEZ":"103077","COMUNE_SEZ":"VOGOGNA","PROVINCIA":"VB","ID_CENTRALE":"1667","NOME_CENTRALE":"VOGOGNA","ISTAT_COMUNE_CENTR":"103077","COMUNE_CENTR":"VOGOGNA","PROVINCIA_CENTR":"VB","INDIRIZZO_CENTRALE":"PASSERELLA","LATITUDINE_SEZIONE":"46.01816","LONGITUDINE_SEZIONE":"8.31120","POS_X_SEZIONE":"446681.99410","POS_Y_SEZIONE":"5096296.09947","LATITUDINE_CENTRALE":"46.00940","LONGITUDINE_CENTRALE":"8.28627","POS_X_CENTRALE":"444743.82214","POS_Y_CENTRALE":"5095339.29907","TIPO_ADSL":"ADSL_1","DESCRIZIONE_TIPO_ADSL":"ADSL (8 mega)","DISTANZA_CALCOLATA":"2161.48","CLASSE_DISTANZA":"2100-2499","POTENZA_SEGNALE":"6500.38","POPOLAZIONE_SEZIONE": "6"}
			},
		 		{ "type" : "Feature",
				"geometry" : {
					"type" : "Point",
					"coordinates" : [8.29716,46.01033]},
			"properties" : { "ANNO":"2010","ID_SEZIONE":"28869","ISTAT_COMUNE_SEZ":"103077","COMUNE_SEZ":"VOGOGNA","PROVINCIA":"VB","ID_CENTRALE":"1667","NOME_CENTRALE":"VOGOGNA","ISTAT_COMUNE_CENTR":"103077","COMUNE_CENTR":"VOGOGNA","PROVINCIA_CENTR":"VB","INDIRIZZO_CENTRALE":"PASSERELLA","LATITUDINE_SEZIONE":"46.01033","LONGITUDINE_SEZIONE":"8.29716","POS_X_SEZIONE":"445587.72568","POS_Y_SEZIONE":"5095435.58465","LATITUDINE_CENTRALE":"46.00940","LONGITUDINE_CENTRALE":"8.28627","POS_X_CENTRALE":"444743.82214","POS_Y_CENTRALE":"5095339.29907","TIPO_ADSL":"ADSL_1","DESCRIZIONE_TIPO_ADSL":"ADSL (8 mega)","DISTANZA_CALCOLATA":"849.38","CLASSE_DISTANZA":"500-899","POTENZA_SEGNALE":"7000","POPOLAZIONE_SEZIONE": "28"}
			},
		 		{ "type" : "Feature",
				"geometry" : {
					"type" : "Point",
					"coordinates" : [8.28691,46.01836]},
			"properties" : { "ANNO":"2010","ID_SEZIONE":"32166","ISTAT_COMUNE_SEZ":"103077","COMUNE_SEZ":"VOGOGNA","PROVINCIA":"VB","ID_CENTRALE":"1667","NOME_CENTRALE":"VOGOGNA","ISTAT_COMUNE_CENTR":"103077","COMUNE_CENTR":"VOGOGNA","PROVINCIA_CENTR":"VB","INDIRIZZO_CENTRALE":"PASSERELLA","LATITUDINE_SEZIONE":"46.01836","LONGITUDINE_SEZIONE":"8.28691","POS_X_SEZIONE":"444801.76165","POS_Y_SEZIONE":"5096334.56347","LATITUDINE_CENTRALE":"46.00940","LONGITUDINE_CENTRALE":"8.28627","POS_X_CENTRALE":"444743.82214","POS_Y_CENTRALE":"5095339.29907","TIPO_ADSL":"ADSL_1","DESCRIZIONE_TIPO_ADSL":"ADSL (8 mega)","DISTANZA_CALCOLATA":"996.95","CLASSE_DISTANZA":"900-1299","POTENZA_SEGNALE":"7000","POPOLAZIONE_SEZIONE": "61"}
			}
		 		]
	}
		