 	{ "type" : "FeatureCollection",
		"features" : [
		 		{ "type" : "Feature",
				"geometry" : {
					"type" : "Point",
					"coordinates" : [7.53678,45.13998]},
			"properties" : { "ANNO":"2010","ID_SEZIONE":"608","ISTAT_COMUNE_SEZ":"1243","COMUNE_SEZ":"SAN GILLIO","PROVINCIA":"TO","ID_CENTRALE":"1270","NOME_CENTRALE":"SAN GILLIO","ISTAT_COMUNE_CENTR":"1243","COMUNE_CENTR":"SAN GILLIO","PROVINCIA_CENTR":"TO","INDIRIZZO_CENTRALE":"SAN PANCRAZIO","LATITUDINE_SEZIONE":"45.13998","LONGITUDINE_SEZIONE":"7.53678","POS_X_SEZIONE":"384956.65696","POS_Y_SEZIONE":"4999541.71909","LATITUDINE_CENTRALE":"45.14196","LONGITUDINE_CENTRALE":"7.53451","POS_X_CENTRALE":"384782.82155","POS_Y_CENTRALE":"4999765.04860","TIPO_ADSL":"ADSL_2P","DESCRIZIONE_TIPO_ADSL":"ADSL 2+ (24 mega)","DISTANZA_CALCOLATA":"283.01","CLASSE_DISTANZA":"100-499","POTENZA_SEGNALE":"19761.67","POPOLAZIONE_SEZIONE": "273"}
			},
		 		{ "type" : "Feature",
				"geometry" : {
					"type" : "Point",
					"coordinates" : [7.51551,45.12223]},
			"properties" : { "ANNO":"2010","ID_SEZIONE":"1376","ISTAT_COMUNE_SEZ":"1243","COMUNE_SEZ":"SAN GILLIO","PROVINCIA":"TO","ID_CENTRALE":"1270","NOME_CENTRALE":"SAN GILLIO","ISTAT_COMUNE_CENTR":"1243","COMUNE_CENTR":"SAN GILLIO","PROVINCIA_CENTR":"TO","INDIRIZZO_CENTRALE":"SAN PANCRAZIO","LATITUDINE_SEZIONE":"45.12223","LONGITUDINE_SEZIONE":"7.51551","POS_X_SEZIONE":"383248.29267","POS_Y_SEZIONE":"4997600.69688","LATITUDINE_CENTRALE":"45.14196","LONGITUDINE_CENTRALE":"7.53451","POS_X_CENTRALE":"384782.82155","POS_Y_CENTRALE":"4999765.04860","TIPO_ADSL":"ADSL_2P","DESCRIZIONE_TIPO_ADSL":"ADSL 2+ (24 mega)","DISTANZA_CALCOLATA":"2653.15","CLASSE_DISTANZA":"2500-2899","POTENZA_SEGNALE":"7380.83","POPOLAZIONE_SEZIONE": "25"}
			},
		 		{ "type" : "Feature",
				"geometry" : {
					"type" : "Point",
					"coordinates" : [7.52481,45.14541]},
			"properties" : { "ANNO":"2010","ID_SEZIONE":"1876","ISTAT_COMUNE_SEZ":"1243","COMUNE_SEZ":"SAN GILLIO","PROVINCIA":"TO","ID_CENTRALE":"1270","NOME_CENTRALE":"SAN GILLIO","ISTAT_COMUNE_CENTR":"1243","COMUNE_CENTR":"SAN GILLIO","PROVINCIA_CENTR":"TO","INDIRIZZO_CENTRALE":"SAN PANCRAZIO","LATITUDINE_SEZIONE":"45.14541","LONGITUDINE_SEZIONE":"7.52481","POS_X_SEZIONE":"384026.68627","POS_Y_SEZIONE":"5000162.22213","LATITUDINE_CENTRALE":"45.14196","LONGITUDINE_CENTRALE":"7.53451","POS_X_CENTRALE":"384782.82155","POS_Y_CENTRALE":"4999765.04860","TIPO_ADSL":"ADSL_2P","DESCRIZIONE_TIPO_ADSL":"ADSL 2+ (24 mega)","DISTANZA_CALCOLATA":"854.10","CLASSE_DISTANZA":"500-899","POTENZA_SEGNALE":"19523.33","POPOLAZIONE_SEZIONE": "12"}
			},
		 		{ "type" : "Feature",
				"geometry" : {
					"type" : "Point",
					"coordinates" : [7.52666,45.13924]},
			"properties" : { "ANNO":"2010","ID_SEZIONE":"5835","ISTAT_COMUNE_SEZ":"1243","COMUNE_SEZ":"SAN GILLIO","PROVINCIA":"TO","ID_CENTRALE":"1270","NOME_CENTRALE":"SAN GILLIO","ISTAT_COMUNE_CENTR":"1243","COMUNE_CENTR":"SAN GILLIO","PROVINCIA_CENTR":"TO","INDIRIZZO_CENTRALE":"SAN PANCRAZIO","LATITUDINE_SEZIONE":"45.13924","LONGITUDINE_SEZIONE":"7.52666","POS_X_SEZIONE":"384159.55846","POS_Y_SEZIONE":"4999474.21650","LATITUDINE_CENTRALE":"45.14196","LONGITUDINE_CENTRALE":"7.53451","POS_X_CENTRALE":"384782.82155","POS_Y_CENTRALE":"4999765.04860","TIPO_ADSL":"ADSL_2P","DESCRIZIONE_TIPO_ADSL":"ADSL 2+ (24 mega)","DISTANZA_CALCOLATA":"687.78","CLASSE_DISTANZA":"500-899","POTENZA_SEGNALE":"19523.33","POPOLAZIONE_SEZIONE": "573"}
			},
		 		{ "type" : "Feature",
				"geometry" : {
					"type" : "Point",
					"coordinates" : [7.50114,45.12325]},
			"properties" : { "ANNO":"2010","ID_SEZIONE":"9779","ISTAT_COMUNE_SEZ":"1243","COMUNE_SEZ":"SAN GILLIO","PROVINCIA":"TO","ID_CENTRALE":"1270","NOME_CENTRALE":"SAN GILLIO","ISTAT_COMUNE_CENTR":"1243","COMUNE_CENTR":"SAN GILLIO","PROVINCIA_CENTR":"TO","INDIRIZZO_CENTRALE":"SAN PANCRAZIO","LATITUDINE_SEZIONE":"45.12325","LONGITUDINE_SEZIONE":"7.50114","POS_X_SEZIONE":"382120.19129","POS_Y_SEZIONE":"4997735.19467","LATITUDINE_CENTRALE":"45.14196","LONGITUDINE_CENTRALE":"7.53451","POS_X_CENTRALE":"384782.82155","POS_Y_CENTRALE":"4999765.04860","TIPO_ADSL":"ADSL_2P","DESCRIZIONE_TIPO_ADSL":"ADSL 2+ (24 mega)","DISTANZA_CALCOLATA":"3348.12","CLASSE_DISTANZA":"3300-3699","POTENZA_SEGNALE":"4047.5","POPOLAZIONE_SEZIONE": "9"}
			},
		 		{ "type" : "Feature",
				"geometry" : {
					"type" : "Point",
					"coordinates" : [7.50886,45.13824]},
			"properties" : { "ANNO":"2010","ID_SEZIONE":"16968","ISTAT_COMUNE_SEZ":"1243","COMUNE_SEZ":"SAN GILLIO","PROVINCIA":"TO","ID_CENTRALE":"1270","NOME_CENTRALE":"SAN GILLIO","ISTAT_COMUNE_CENTR":"1243","COMUNE_CENTR":"SAN GILLIO","PROVINCIA_CENTR":"TO","INDIRIZZO_CENTRALE":"SAN PANCRAZIO","LATITUDINE_SEZIONE":"45.13824","LONGITUDINE_SEZIONE":"7.50886","POS_X_SEZIONE":"382758.45715","POS_Y_SEZIONE":"4999389.21119","LATITUDINE_CENTRALE":"45.14196","LONGITUDINE_CENTRALE":"7.53451","POS_X_CENTRALE":"384782.82155","POS_Y_CENTRALE":"4999765.04860","TIPO_ADSL":"ADSL_2P","DESCRIZIONE_TIPO_ADSL":"ADSL 2+ (24 mega)","DISTANZA_CALCOLATA":"2058.96","CLASSE_DISTANZA":"1700-2099","POTENZA_SEGNALE":"12975.83","POPOLAZIONE_SEZIONE": "27"}
			},
		 		{ "type" : "Feature",
				"geometry" : {
					"type" : "Point",
					"coordinates" : [7.53260,45.14154]},
			"properties" : { "ANNO":"2010","ID_SEZIONE":"21046","ISTAT_COMUNE_SEZ":"1243","COMUNE_SEZ":"SAN GILLIO","PROVINCIA":"TO","ID_CENTRALE":"1270","NOME_CENTRALE":"SAN GILLIO","ISTAT_COMUNE_CENTR":"1243","COMUNE_CENTR":"SAN GILLIO","PROVINCIA_CENTR":"TO","INDIRIZZO_CENTRALE":"SAN PANCRAZIO","LATITUDINE_SEZIONE":"45.14154","LONGITUDINE_SEZIONE":"7.53260","POS_X_SEZIONE":"384631.43712","POS_Y_SEZIONE":"4999721.21964","LATITUDINE_CENTRALE":"45.14196","LONGITUDINE_CENTRALE":"7.53451","POS_X_CENTRALE":"384782.82155","POS_Y_CENTRALE":"4999765.04860","TIPO_ADSL":"ADSL_2P","DESCRIZIONE_TIPO_ADSL":"ADSL 2+ (24 mega)","DISTANZA_CALCOLATA":"157.60","CLASSE_DISTANZA":"100-499","POTENZA_SEGNALE":"19761.67","POPOLAZIONE_SEZIONE": "817"}
			},
		 		{ "type" : "Feature",
				"geometry" : {
					"type" : "Point",
					"coordinates" : [7.51593,45.13015]},
			"properties" : { "ANNO":"2010","ID_SEZIONE":"22085","ISTAT_COMUNE_SEZ":"1243","COMUNE_SEZ":"SAN GILLIO","PROVINCIA":"TO","ID_CENTRALE":"1270","NOME_CENTRALE":"SAN GILLIO","ISTAT_COMUNE_CENTR":"1243","COMUNE_CENTR":"SAN GILLIO","PROVINCIA_CENTR":"TO","INDIRIZZO_CENTRALE":"SAN PANCRAZIO","LATITUDINE_SEZIONE":"45.13015","LONGITUDINE_SEZIONE":"7.51593","POS_X_SEZIONE":"383297.48614","POS_Y_SEZIONE":"4998479.70463","LATITUDINE_CENTRALE":"45.14196","LONGITUDINE_CENTRALE":"7.53451","POS_X_CENTRALE":"384782.82155","POS_Y_CENTRALE":"4999765.04860","TIPO_ADSL":"ADSL_2P","DESCRIZIONE_TIPO_ADSL":"ADSL 2+ (24 mega)","DISTANZA_CALCOLATA":"1964.26","CLASSE_DISTANZA":"1700-2099","POTENZA_SEGNALE":"12975.83","POPOLAZIONE_SEZIONE": ""}
			},
		 		{ "type" : "Feature",
				"geometry" : {
					"type" : "Point",
					"coordinates" : [7.50934,45.13323]},
			"properties" : { "ANNO":"2010","ID_SEZIONE":"28149","ISTAT_COMUNE_SEZ":"1243","COMUNE_SEZ":"SAN GILLIO","PROVINCIA":"TO","ID_CENTRALE":"1270","NOME_CENTRALE":"SAN GILLIO","ISTAT_COMUNE_CENTR":"1243","COMUNE_CENTR":"SAN GILLIO","PROVINCIA_CENTR":"TO","INDIRIZZO_CENTRALE":"SAN PANCRAZIO","LATITUDINE_SEZIONE":"45.13323","LONGITUDINE_SEZIONE":"7.50934","POS_X_SEZIONE":"382785.51635","POS_Y_SEZIONE":"4998831.70668","LATITUDINE_CENTRALE":"45.14196","LONGITUDINE_CENTRALE":"7.53451","POS_X_CENTRALE":"384782.82155","POS_Y_CENTRALE":"4999765.04860","TIPO_ADSL":"ADSL_2P","DESCRIZIONE_TIPO_ADSL":"ADSL 2+ (24 mega)","DISTANZA_CALCOLATA":"2204.62","CLASSE_DISTANZA":"2100-2499","POTENZA_SEGNALE":"10000","POPOLAZIONE_SEZIONE": "19"}
			},
		 		{ "type" : "Feature",
				"geometry" : {
					"type" : "Point",
					"coordinates" : [7.53564,45.15140]},
			"properties" : { "ANNO":"2010","ID_SEZIONE":"28989","ISTAT_COMUNE_SEZ":"1243","COMUNE_SEZ":"SAN GILLIO","PROVINCIA":"TO","ID_CENTRALE":"1270","NOME_CENTRALE":"SAN GILLIO","ISTAT_COMUNE_CENTR":"1243","COMUNE_CENTR":"SAN GILLIO","PROVINCIA_CENTR":"TO","INDIRIZZO_CENTRALE":"SAN PANCRAZIO","LATITUDINE_SEZIONE":"45.15140","LONGITUDINE_SEZIONE":"7.53564","POS_X_SEZIONE":"384890.59872","POS_Y_SEZIONE":"5000812.72991","LATITUDINE_CENTRALE":"45.14196","LONGITUDINE_CENTRALE":"7.53451","POS_X_CENTRALE":"384782.82155","POS_Y_CENTRALE":"4999765.04860","TIPO_ADSL":"ADSL_2P","DESCRIZIONE_TIPO_ADSL":"ADSL 2+ (24 mega)","DISTANZA_CALCOLATA":"1053.21","CLASSE_DISTANZA":"900-1299","POTENZA_SEGNALE":"17737.5","POPOLAZIONE_SEZIONE": "19"}
			},
		 		{ "type" : "Feature",
				"geometry" : {
					"type" : "Point",
					"coordinates" : [7.53976,45.14101]},
			"properties" : { "ANNO":"2010","ID_SEZIONE":"29177","ISTAT_COMUNE_SEZ":"1243","COMUNE_SEZ":"SAN GILLIO","PROVINCIA":"TO","ID_CENTRALE":"1270","NOME_CENTRALE":"SAN GILLIO","ISTAT_COMUNE_CENTR":"1243","COMUNE_CENTR":"SAN GILLIO","PROVINCIA_CENTR":"TO","INDIRIZZO_CENTRALE":"SAN PANCRAZIO","LATITUDINE_SEZIONE":"45.14101","LONGITUDINE_SEZIONE":"7.53976","POS_X_SEZIONE":"385193.15846","POS_Y_SEZIONE":"4999651.72076","LATITUDINE_CENTRALE":"45.14196","LONGITUDINE_CENTRALE":"7.53451","POS_X_CENTRALE":"384782.82155","POS_Y_CENTRALE":"4999765.04860","TIPO_ADSL":"ADSL_2P","DESCRIZIONE_TIPO_ADSL":"ADSL 2+ (24 mega)","DISTANZA_CALCOLATA":"425.70","CLASSE_DISTANZA":"100-499","POTENZA_SEGNALE":"19761.67","POPOLAZIONE_SEZIONE": "783"}
			},
		 		{ "type" : "Feature",
				"geometry" : {
					"type" : "Point",
					"coordinates" : [7.54445,45.13997]},
			"properties" : { "ANNO":"2010","ID_SEZIONE":"32765","ISTAT_COMUNE_SEZ":"1243","COMUNE_SEZ":"SAN GILLIO","PROVINCIA":"TO","ID_CENTRALE":"1270","NOME_CENTRALE":"SAN GILLIO","ISTAT_COMUNE_CENTR":"1243","COMUNE_CENTR":"SAN GILLIO","PROVINCIA_CENTR":"TO","INDIRIZZO_CENTRALE":"SAN PANCRAZIO","LATITUDINE_SEZIONE":"45.13997","LONGITUDINE_SEZIONE":"7.54445","POS_X_SEZIONE":"385560.12832","POS_Y_SEZIONE":"4999530.22111","LATITUDINE_CENTRALE":"45.14196","LONGITUDINE_CENTRALE":"7.53451","POS_X_CENTRALE":"384782.82155","POS_Y_CENTRALE":"4999765.04860","TIPO_ADSL":"ADSL_2P","DESCRIZIONE_TIPO_ADSL":"ADSL 2+ (24 mega)","DISTANZA_CALCOLATA":"812.00","CLASSE_DISTANZA":"500-899","POTENZA_SEGNALE":"19523.33","POPOLAZIONE_SEZIONE": ""}
			}
		 		]
	}
		