 	{ "type" : "FeatureCollection",
		"features" : [
		 		{ "type" : "Feature",
				"geometry" : {
					"type" : "Point",
					"coordinates" : [7.25278,44.39829]},
			"properties" : { "ANNO":"2010","ID_SEZIONE":"1621","ISTAT_COMUNE_SEZ":"4173","COMUNE_SEZ":"PRADLEVES","PROVINCIA":"CN","ID_CENTRALE":"1039","NOME_CENTRALE":"PRADLEVES","ISTAT_COMUNE_CENTR":"4173","COMUNE_CENTR":"PRADLEVES","PROVINCIA_CENTR":"CN","INDIRIZZO_CENTRALE":"P.ZA G.ISAIA 4","LATITUDINE_SEZIONE":"44.39829","LONGITUDINE_SEZIONE":"7.25278","POS_X_SEZIONE":"360858.51165","POS_Y_SEZIONE":"4917596.06833","LATITUDINE_CENTRALE":"44.41745","LONGITUDINE_CENTRALE":"7.27843","POS_X_CENTRALE":"362945.88585","POS_Y_CENTRALE":"4919681.53661","TIPO_ADSL":"NO","DESCRIZIONE_TIPO_ADSL":"NO Adsl","DISTANZA_CALCOLATA":"2950.65","CLASSE_DISTANZA":"2900-3299","POTENZA_SEGNALE":"","POPOLAZIONE_SEZIONE": "1"}
			},
		 		{ "type" : "Feature",
				"geometry" : {
					"type" : "Point",
					"coordinates" : [7.27366,44.41483]},
			"properties" : { "ANNO":"2010","ID_SEZIONE":"2465","ISTAT_COMUNE_SEZ":"4173","COMUNE_SEZ":"PRADLEVES","PROVINCIA":"CN","ID_CENTRALE":"1039","NOME_CENTRALE":"PRADLEVES","ISTAT_COMUNE_CENTR":"4173","COMUNE_CENTR":"PRADLEVES","PROVINCIA_CENTR":"CN","INDIRIZZO_CENTRALE":"P.ZA G.ISAIA 4","LATITUDINE_SEZIONE":"44.41483","LONGITUDINE_SEZIONE":"7.27366","POS_X_SEZIONE":"362559.37412","POS_Y_SEZIONE":"4919398.09739","LATITUDINE_CENTRALE":"44.41745","LONGITUDINE_CENTRALE":"7.27843","POS_X_CENTRALE":"362945.88585","POS_Y_CENTRALE":"4919681.53661","TIPO_ADSL":"NO","DESCRIZIONE_TIPO_ADSL":"NO Adsl","DISTANZA_CALCOLATA":"479.30","CLASSE_DISTANZA":"100-499","POTENZA_SEGNALE":"","POPOLAZIONE_SEZIONE": "20"}
			},
		 		{ "type" : "Feature",
				"geometry" : {
					"type" : "Point",
					"coordinates" : [7.27298,44.42724]},
			"properties" : { "ANNO":"2010","ID_SEZIONE":"3292","ISTAT_COMUNE_SEZ":"4173","COMUNE_SEZ":"PRADLEVES","PROVINCIA":"CN","ID_CENTRALE":"1039","NOME_CENTRALE":"PRADLEVES","ISTAT_COMUNE_CENTR":"4173","COMUNE_CENTR":"PRADLEVES","PROVINCIA_CENTR":"CN","INDIRIZZO_CENTRALE":"P.ZA G.ISAIA 4","LATITUDINE_SEZIONE":"44.42724","LONGITUDINE_SEZIONE":"7.27298","POS_X_SEZIONE":"362534.69674","POS_Y_SEZIONE":"4920777.60612","LATITUDINE_CENTRALE":"44.41745","LONGITUDINE_CENTRALE":"7.27843","POS_X_CENTRALE":"362945.88585","POS_Y_CENTRALE":"4919681.53661","TIPO_ADSL":"NO","DESCRIZIONE_TIPO_ADSL":"NO Adsl","DISTANZA_CALCOLATA":"1170.66","CLASSE_DISTANZA":"900-1299","POTENZA_SEGNALE":"","POPOLAZIONE_SEZIONE": "4"}
			},
		 		{ "type" : "Feature",
				"geometry" : {
					"type" : "Point",
					"coordinates" : [7.27174,44.43797]},
			"properties" : { "ANNO":"2010","ID_SEZIONE":"4498","ISTAT_COMUNE_SEZ":"4173","COMUNE_SEZ":"PRADLEVES","PROVINCIA":"CN","ID_CENTRALE":"1039","NOME_CENTRALE":"PRADLEVES","ISTAT_COMUNE_CENTR":"4173","COMUNE_CENTR":"PRADLEVES","PROVINCIA_CENTR":"CN","INDIRIZZO_CENTRALE":"P.ZA G.ISAIA 4","LATITUDINE_SEZIONE":"44.43797","LONGITUDINE_SEZIONE":"7.27174","POS_X_SEZIONE":"362461.33431","POS_Y_SEZIONE":"4921971.61316","LATITUDINE_CENTRALE":"44.41745","LONGITUDINE_CENTRALE":"7.27843","POS_X_CENTRALE":"362945.88585","POS_Y_CENTRALE":"4919681.53661","TIPO_ADSL":"NO","DESCRIZIONE_TIPO_ADSL":"NO Adsl","DISTANZA_CALCOLATA":"2340.78","CLASSE_DISTANZA":"2100-2499","POTENZA_SEGNALE":"","POPOLAZIONE_SEZIONE": "1"}
			},
		 		{ "type" : "Feature",
				"geometry" : {
					"type" : "Point",
					"coordinates" : [7.20025,44.39947]},
			"properties" : { "ANNO":"2010","ID_SEZIONE":"5112","ISTAT_COMUNE_SEZ":"4053","COMUNE_SEZ":"CASTELMAGNO","PROVINCIA":"CN","ID_CENTRALE":"1039","NOME_CENTRALE":"PRADLEVES","ISTAT_COMUNE_CENTR":"4173","COMUNE_CENTR":"PRADLEVES","PROVINCIA_CENTR":"CN","INDIRIZZO_CENTRALE":"P.ZA G.ISAIA 4","LATITUDINE_SEZIONE":"44.39947","LONGITUDINE_SEZIONE":"7.20025","POS_X_SEZIONE":"356677.58467","POS_Y_SEZIONE":"4917818.02442","LATITUDINE_CENTRALE":"44.41745","LONGITUDINE_CENTRALE":"7.27843","POS_X_CENTRALE":"362945.88585","POS_Y_CENTRALE":"4919681.53661","TIPO_ADSL":"NO","DESCRIZIONE_TIPO_ADSL":"NO Adsl","DISTANZA_CALCOLATA":"6539.44","CLASSE_DISTANZA":"6100 e oltre","POTENZA_SEGNALE":"","POPOLAZIONE_SEZIONE": "6"}
			},
		 		{ "type" : "Feature",
				"geometry" : {
					"type" : "Point",
					"coordinates" : [7.19099,44.39618]},
			"properties" : { "ANNO":"2010","ID_SEZIONE":"6011","ISTAT_COMUNE_SEZ":"4053","COMUNE_SEZ":"CASTELMAGNO","PROVINCIA":"CN","ID_CENTRALE":"1039","NOME_CENTRALE":"PRADLEVES","ISTAT_COMUNE_CENTR":"4173","COMUNE_CENTR":"PRADLEVES","PROVINCIA_CENTR":"CN","INDIRIZZO_CENTRALE":"P.ZA G.ISAIA 4","LATITUDINE_SEZIONE":"44.39618","LONGITUDINE_SEZIONE":"7.19099","POS_X_SEZIONE":"355932.24989","POS_Y_SEZIONE":"4917468.51377","LATITUDINE_CENTRALE":"44.41745","LONGITUDINE_CENTRALE":"7.27843","POS_X_CENTRALE":"362945.88585","POS_Y_CENTRALE":"4919681.53661","TIPO_ADSL":"NO","DESCRIZIONE_TIPO_ADSL":"NO Adsl","DISTANZA_CALCOLATA":"7354.49","CLASSE_DISTANZA":"6100 e oltre","POTENZA_SEGNALE":"","POPOLAZIONE_SEZIONE": "12"}
			},
		 		{ "type" : "Feature",
				"geometry" : {
					"type" : "Point",
					"coordinates" : [7.26756,44.41876]},
			"properties" : { "ANNO":"2010","ID_SEZIONE":"8626","ISTAT_COMUNE_SEZ":"4173","COMUNE_SEZ":"PRADLEVES","PROVINCIA":"CN","ID_CENTRALE":"1039","NOME_CENTRALE":"PRADLEVES","ISTAT_COMUNE_CENTR":"4173","COMUNE_CENTR":"PRADLEVES","PROVINCIA_CENTR":"CN","INDIRIZZO_CENTRALE":"P.ZA G.ISAIA 4","LATITUDINE_SEZIONE":"44.41876","LONGITUDINE_SEZIONE":"7.26756","POS_X_SEZIONE":"362083.43530","POS_Y_SEZIONE":"4919844.59467","LATITUDINE_CENTRALE":"44.41745","LONGITUDINE_CENTRALE":"7.27843","POS_X_CENTRALE":"362945.88585","POS_Y_CENTRALE":"4919681.53661","TIPO_ADSL":"NO","DESCRIZIONE_TIPO_ADSL":"NO Adsl","DISTANZA_CALCOLATA":"877.73","CLASSE_DISTANZA":"500-899","POTENZA_SEGNALE":"","POPOLAZIONE_SEZIONE": "6"}
			},
		 		{ "type" : "Feature",
				"geometry" : {
					"type" : "Point",
					"coordinates" : [7.25314,44.40121]},
			"properties" : { "ANNO":"2010","ID_SEZIONE":"10482","ISTAT_COMUNE_SEZ":"4173","COMUNE_SEZ":"PRADLEVES","PROVINCIA":"CN","ID_CENTRALE":"1039","NOME_CENTRALE":"PRADLEVES","ISTAT_COMUNE_CENTR":"4173","COMUNE_CENTR":"PRADLEVES","PROVINCIA_CENTR":"CN","INDIRIZZO_CENTRALE":"P.ZA G.ISAIA 4","LATITUDINE_SEZIONE":"44.40121","LONGITUDINE_SEZIONE":"7.25314","POS_X_SEZIONE":"360893.53809","POS_Y_SEZIONE":"4917919.57041","LATITUDINE_CENTRALE":"44.41745","LONGITUDINE_CENTRALE":"7.27843","POS_X_CENTRALE":"362945.88585","POS_Y_CENTRALE":"4919681.53661","TIPO_ADSL":"NO","DESCRIZIONE_TIPO_ADSL":"NO Adsl","DISTANZA_CALCOLATA":"2704.93","CLASSE_DISTANZA":"2500-2899","POTENZA_SEGNALE":"","POPOLAZIONE_SEZIONE": "1"}
			},
		 		{ "type" : "Feature",
				"geometry" : {
					"type" : "Point",
					"coordinates" : [7.17524,44.39926]},
			"properties" : { "ANNO":"2010","ID_SEZIONE":"11343","ISTAT_COMUNE_SEZ":"4053","COMUNE_SEZ":"CASTELMAGNO","PROVINCIA":"CN","ID_CENTRALE":"1039","NOME_CENTRALE":"PRADLEVES","ISTAT_COMUNE_CENTR":"4173","COMUNE_CENTR":"PRADLEVES","PROVINCIA_CENTR":"CN","INDIRIZZO_CENTRALE":"P.ZA G.ISAIA 4","LATITUDINE_SEZIONE":"44.39926","LONGITUDINE_SEZIONE":"7.17524","POS_X_SEZIONE":"354685.37936","POS_Y_SEZIONE":"4917838.50033","LATITUDINE_CENTRALE":"44.41745","LONGITUDINE_CENTRALE":"7.27843","POS_X_CENTRALE":"362945.88585","POS_Y_CENTRALE":"4919681.53661","TIPO_ADSL":"NO","DESCRIZIONE_TIPO_ADSL":"NO Adsl","DISTANZA_CALCOLATA":"8463.61","CLASSE_DISTANZA":"6100 e oltre","POTENZA_SEGNALE":"","POPOLAZIONE_SEZIONE": "43"}
			},
		 		{ "type" : "Feature",
				"geometry" : {
					"type" : "Point",
					"coordinates" : [7.25683,44.40827]},
			"properties" : { "ANNO":"2010","ID_SEZIONE":"11915","ISTAT_COMUNE_SEZ":"4173","COMUNE_SEZ":"PRADLEVES","PROVINCIA":"CN","ID_CENTRALE":"1039","NOME_CENTRALE":"PRADLEVES","ISTAT_COMUNE_CENTR":"4173","COMUNE_CENTR":"PRADLEVES","PROVINCIA_CENTR":"CN","INDIRIZZO_CENTRALE":"P.ZA G.ISAIA 4","LATITUDINE_SEZIONE":"44.40827","LONGITUDINE_SEZIONE":"7.25683","POS_X_SEZIONE":"361203.99338","POS_Y_SEZIONE":"4918697.57847","LATITUDINE_CENTRALE":"44.41745","LONGITUDINE_CENTRALE":"7.27843","POS_X_CENTRALE":"362945.88585","POS_Y_CENTRALE":"4919681.53661","TIPO_ADSL":"NO","DESCRIZIONE_TIPO_ADSL":"NO Adsl","DISTANZA_CALCOLATA":"2000.59","CLASSE_DISTANZA":"1700-2099","POTENZA_SEGNALE":"","POPOLAZIONE_SEZIONE": "1"}
			},
		 		{ "type" : "Feature",
				"geometry" : {
					"type" : "Point",
					"coordinates" : [7.27248,44.39942]},
			"properties" : { "ANNO":"2010","ID_SEZIONE":"14300","ISTAT_COMUNE_SEZ":"4173","COMUNE_SEZ":"PRADLEVES","PROVINCIA":"CN","ID_CENTRALE":"1039","NOME_CENTRALE":"PRADLEVES","ISTAT_COMUNE_CENTR":"4173","COMUNE_CENTR":"PRADLEVES","PROVINCIA_CENTR":"CN","INDIRIZZO_CENTRALE":"P.ZA G.ISAIA 4","LATITUDINE_SEZIONE":"44.39942","LONGITUDINE_SEZIONE":"7.27248","POS_X_SEZIONE":"362429.89956","POS_Y_SEZIONE":"4917688.08599","LATITUDINE_CENTRALE":"44.41745","LONGITUDINE_CENTRALE":"7.27843","POS_X_CENTRALE":"362945.88585","POS_Y_CENTRALE":"4919681.53661","TIPO_ADSL":"NO","DESCRIZIONE_TIPO_ADSL":"NO Adsl","DISTANZA_CALCOLATA":"2059.15","CLASSE_DISTANZA":"1700-2099","POTENZA_SEGNALE":"","POPOLAZIONE_SEZIONE": ""}
			},
		 		{ "type" : "Feature",
				"geometry" : {
					"type" : "Point",
					"coordinates" : [7.29084,44.42375]},
			"properties" : { "ANNO":"2010","ID_SEZIONE":"15115","ISTAT_COMUNE_SEZ":"4173","COMUNE_SEZ":"PRADLEVES","PROVINCIA":"CN","ID_CENTRALE":"1039","NOME_CENTRALE":"PRADLEVES","ISTAT_COMUNE_CENTR":"4173","COMUNE_CENTR":"PRADLEVES","PROVINCIA_CENTR":"CN","INDIRIZZO_CENTRALE":"P.ZA G.ISAIA 4","LATITUDINE_SEZIONE":"44.42375","LONGITUDINE_SEZIONE":"7.29084","POS_X_SEZIONE":"363947.99850","POS_Y_SEZIONE":"4920360.61899","LATITUDINE_CENTRALE":"44.41745","LONGITUDINE_CENTRALE":"7.27843","POS_X_CENTRALE":"362945.88585","POS_Y_CENTRALE":"4919681.53661","TIPO_ADSL":"NO","DESCRIZIONE_TIPO_ADSL":"NO Adsl","DISTANZA_CALCOLATA":"1210.53","CLASSE_DISTANZA":"900-1299","POTENZA_SEGNALE":"","POPOLAZIONE_SEZIONE": "2"}
			},
		 		{ "type" : "Feature",
				"geometry" : {
					"type" : "Point",
					"coordinates" : [7.16773,44.41560]},
			"properties" : { "ANNO":"2010","ID_SEZIONE":"16664","ISTAT_COMUNE_SEZ":"4053","COMUNE_SEZ":"CASTELMAGNO","PROVINCIA":"CN","ID_CENTRALE":"1039","NOME_CENTRALE":"PRADLEVES","ISTAT_COMUNE_CENTR":"4173","COMUNE_CENTR":"PRADLEVES","PROVINCIA_CENTR":"CN","INDIRIZZO_CENTRALE":"P.ZA G.ISAIA 4","LATITUDINE_SEZIONE":"44.41560","LONGITUDINE_SEZIONE":"7.16773","POS_X_SEZIONE":"354127.98595","POS_Y_SEZIONE":"4919666.50059","LATITUDINE_CENTRALE":"44.41745","LONGITUDINE_CENTRALE":"7.27843","POS_X_CENTRALE":"362945.88585","POS_Y_CENTRALE":"4919681.53661","TIPO_ADSL":"NO","DESCRIZIONE_TIPO_ADSL":"NO Adsl","DISTANZA_CALCOLATA":"8817.91","CLASSE_DISTANZA":"6100 e oltre","POTENZA_SEGNALE":"","POPOLAZIONE_SEZIONE": ""}
			},
		 		{ "type" : "Feature",
				"geometry" : {
					"type" : "Point",
					"coordinates" : [7.21200,44.40874]},
			"properties" : { "ANNO":"2010","ID_SEZIONE":"17120","ISTAT_COMUNE_SEZ":"4053","COMUNE_SEZ":"CASTELMAGNO","PROVINCIA":"CN","ID_CENTRALE":"1039","NOME_CENTRALE":"PRADLEVES","ISTAT_COMUNE_CENTR":"4173","COMUNE_CENTR":"PRADLEVES","PROVINCIA_CENTR":"CN","INDIRIZZO_CENTRALE":"P.ZA G.ISAIA 4","LATITUDINE_SEZIONE":"44.40874","LONGITUDINE_SEZIONE":"7.21200","POS_X_SEZIONE":"357635.62525","POS_Y_SEZIONE":"4918826.54001","LATITUDINE_CENTRALE":"44.41745","LONGITUDINE_CENTRALE":"7.27843","POS_X_CENTRALE":"362945.88585","POS_Y_CENTRALE":"4919681.53661","TIPO_ADSL":"NO","DESCRIZIONE_TIPO_ADSL":"NO Adsl","DISTANZA_CALCOLATA":"5378.65","CLASSE_DISTANZA":"5300-5699","POTENZA_SEGNALE":"","POPOLAZIONE_SEZIONE": "24"}
			},
		 		{ "type" : "Feature",
				"geometry" : {
					"type" : "Point",
					"coordinates" : [7.28276,44.41787]},
			"properties" : { "ANNO":"2010","ID_SEZIONE":"18430","ISTAT_COMUNE_SEZ":"4173","COMUNE_SEZ":"PRADLEVES","PROVINCIA":"CN","ID_CENTRALE":"1039","NOME_CENTRALE":"PRADLEVES","ISTAT_COMUNE_CENTR":"4173","COMUNE_CENTR":"PRADLEVES","PROVINCIA_CENTR":"CN","INDIRIZZO_CENTRALE":"P.ZA G.ISAIA 4","LATITUDINE_SEZIONE":"44.41787","LONGITUDINE_SEZIONE":"7.28276","POS_X_SEZIONE":"363291.48599","POS_Y_SEZIONE":"4919720.60721","LATITUDINE_CENTRALE":"44.41745","LONGITUDINE_CENTRALE":"7.27843","POS_X_CENTRALE":"362945.88585","POS_Y_CENTRALE":"4919681.53661","TIPO_ADSL":"NO","DESCRIZIONE_TIPO_ADSL":"NO Adsl","DISTANZA_CALCOLATA":"347.80","CLASSE_DISTANZA":"100-499","POTENZA_SEGNALE":"","POPOLAZIONE_SEZIONE": "258"}
			},
		 		{ "type" : "Feature",
				"geometry" : {
					"type" : "Point",
					"coordinates" : [7.17093,44.40060]},
			"properties" : { "ANNO":"2010","ID_SEZIONE":"18956","ISTAT_COMUNE_SEZ":"4053","COMUNE_SEZ":"CASTELMAGNO","PROVINCIA":"CN","ID_CENTRALE":"1039","NOME_CENTRALE":"PRADLEVES","ISTAT_COMUNE_CENTR":"4173","COMUNE_CENTR":"PRADLEVES","PROVINCIA_CENTR":"CN","INDIRIZZO_CENTRALE":"P.ZA G.ISAIA 4","LATITUDINE_SEZIONE":"44.40060","LONGITUDINE_SEZIONE":"7.17093","POS_X_SEZIONE":"354345.34889","POS_Y_SEZIONE":"4917994.99671","LATITUDINE_CENTRALE":"44.41745","LONGITUDINE_CENTRALE":"7.27843","POS_X_CENTRALE":"362945.88585","POS_Y_CENTRALE":"4919681.53661","TIPO_ADSL":"NO","DESCRIZIONE_TIPO_ADSL":"NO Adsl","DISTANZA_CALCOLATA":"8764.34","CLASSE_DISTANZA":"6100 e oltre","POTENZA_SEGNALE":"","POPOLAZIONE_SEZIONE": ""}
			},
		 		{ "type" : "Feature",
				"geometry" : {
					"type" : "Point",
					"coordinates" : [7.21978,44.41287]},
			"properties" : { "ANNO":"2010","ID_SEZIONE":"22981","ISTAT_COMUNE_SEZ":"4053","COMUNE_SEZ":"CASTELMAGNO","PROVINCIA":"CN","ID_CENTRALE":"1039","NOME_CENTRALE":"PRADLEVES","ISTAT_COMUNE_CENTR":"4173","COMUNE_CENTR":"PRADLEVES","PROVINCIA_CENTR":"CN","INDIRIZZO_CENTRALE":"P.ZA G.ISAIA 4","LATITUDINE_SEZIONE":"44.41287","LONGITUDINE_SEZIONE":"7.21978","POS_X_SEZIONE":"358265.08163","POS_Y_SEZIONE":"4919272.54884","LATITUDINE_CENTRALE":"44.41745","LONGITUDINE_CENTRALE":"7.27843","POS_X_CENTRALE":"362945.88585","POS_Y_CENTRALE":"4919681.53661","TIPO_ADSL":"NO","DESCRIZIONE_TIPO_ADSL":"NO Adsl","DISTANZA_CALCOLATA":"4698.64","CLASSE_DISTANZA":"4500-4899","POTENZA_SEGNALE":"","POPOLAZIONE_SEZIONE": "17"}
			},
		 		{ "type" : "Feature",
				"geometry" : {
					"type" : "Point",
					"coordinates" : [7.22185,44.42027]},
			"properties" : { "ANNO":"2010","ID_SEZIONE":"23587","ISTAT_COMUNE_SEZ":"4053","COMUNE_SEZ":"CASTELMAGNO","PROVINCIA":"CN","ID_CENTRALE":"1039","NOME_CENTRALE":"PRADLEVES","ISTAT_COMUNE_CENTR":"4173","COMUNE_CENTR":"PRADLEVES","PROVINCIA_CENTR":"CN","INDIRIZZO_CENTRALE":"P.ZA G.ISAIA 4","LATITUDINE_SEZIONE":"44.42027","LONGITUDINE_SEZIONE":"7.22185","POS_X_SEZIONE":"358448.34947","POS_Y_SEZIONE":"4920090.05566","LATITUDINE_CENTRALE":"44.41745","LONGITUDINE_CENTRALE":"7.27843","POS_X_CENTRALE":"362945.88585","POS_Y_CENTRALE":"4919681.53661","TIPO_ADSL":"NO","DESCRIZIONE_TIPO_ADSL":"NO Adsl","DISTANZA_CALCOLATA":"4516.05","CLASSE_DISTANZA":"4500-4899","POTENZA_SEGNALE":"","POPOLAZIONE_SEZIONE": "1"}
			},
		 		{ "type" : "Feature",
				"geometry" : {
					"type" : "Point",
					"coordinates" : [7.28379,44.42500]},
			"properties" : { "ANNO":"2010","ID_SEZIONE":"24246","ISTAT_COMUNE_SEZ":"4173","COMUNE_SEZ":"PRADLEVES","PROVINCIA":"CN","ID_CENTRALE":"1039","NOME_CENTRALE":"PRADLEVES","ISTAT_COMUNE_CENTR":"4173","COMUNE_CENTR":"PRADLEVES","PROVINCIA_CENTR":"CN","INDIRIZZO_CENTRALE":"P.ZA G.ISAIA 4","LATITUDINE_SEZIONE":"44.42500","LONGITUDINE_SEZIONE":"7.28379","POS_X_SEZIONE":"363390.25284","POS_Y_SEZIONE":"4920511.11422","LATITUDINE_CENTRALE":"44.41745","LONGITUDINE_CENTRALE":"7.27843","POS_X_CENTRALE":"362945.88585","POS_Y_CENTRALE":"4919681.53661","TIPO_ADSL":"NO","DESCRIZIONE_TIPO_ADSL":"NO Adsl","DISTANZA_CALCOLATA":"941.10","CLASSE_DISTANZA":"900-1299","POTENZA_SEGNALE":"","POPOLAZIONE_SEZIONE": "3"}
			},
		 		{ "type" : "Feature",
				"geometry" : {
					"type" : "Point",
					"coordinates" : [7.22575,44.41491]},
			"properties" : { "ANNO":"2010","ID_SEZIONE":"24538","ISTAT_COMUNE_SEZ":"4053","COMUNE_SEZ":"CASTELMAGNO","PROVINCIA":"CN","ID_CENTRALE":"1039","NOME_CENTRALE":"PRADLEVES","ISTAT_COMUNE_CENTR":"4173","COMUNE_CENTR":"PRADLEVES","PROVINCIA_CENTR":"CN","INDIRIZZO_CENTRALE":"P.ZA G.ISAIA 4","LATITUDINE_SEZIONE":"44.41491","LONGITUDINE_SEZIONE":"7.22575","POS_X_SEZIONE":"358745.19837","POS_Y_SEZIONE":"4919488.05527","LATITUDINE_CENTRALE":"44.41745","LONGITUDINE_CENTRALE":"7.27843","POS_X_CENTRALE":"362945.88585","POS_Y_CENTRALE":"4919681.53661","TIPO_ADSL":"NO","DESCRIZIONE_TIPO_ADSL":"NO Adsl","DISTANZA_CALCOLATA":"4205.14","CLASSE_DISTANZA":"4100-4499","POTENZA_SEGNALE":"","POPOLAZIONE_SEZIONE": "14"}
			},
		 		{ "type" : "Feature",
				"geometry" : {
					"type" : "Point",
					"coordinates" : [7.25936,44.42687]},
			"properties" : { "ANNO":"2010","ID_SEZIONE":"25344","ISTAT_COMUNE_SEZ":"4173","COMUNE_SEZ":"PRADLEVES","PROVINCIA":"CN","ID_CENTRALE":"1039","NOME_CENTRALE":"PRADLEVES","ISTAT_COMUNE_CENTR":"4173","COMUNE_CENTR":"PRADLEVES","PROVINCIA_CENTR":"CN","INDIRIZZO_CENTRALE":"P.ZA G.ISAIA 4","LATITUDINE_SEZIONE":"44.42687","LONGITUDINE_SEZIONE":"7.25936","POS_X_SEZIONE":"361449.92797","POS_Y_SEZIONE":"4920759.09374","LATITUDINE_CENTRALE":"44.41745","LONGITUDINE_CENTRALE":"7.27843","POS_X_CENTRALE":"362945.88585","POS_Y_CENTRALE":"4919681.53661","TIPO_ADSL":"NO","DESCRIZIONE_TIPO_ADSL":"NO Adsl","DISTANZA_CALCOLATA":"1843.64","CLASSE_DISTANZA":"1700-2099","POTENZA_SEGNALE":"","POPOLAZIONE_SEZIONE": "7"}
			},
		 		{ "type" : "Feature",
				"geometry" : {
					"type" : "Point",
					"coordinates" : [7.24973,44.38903]},
			"properties" : { "ANNO":"2010","ID_SEZIONE":"25503","ISTAT_COMUNE_SEZ":"4173","COMUNE_SEZ":"PRADLEVES","PROVINCIA":"CN","ID_CENTRALE":"1039","NOME_CENTRALE":"PRADLEVES","ISTAT_COMUNE_CENTR":"4173","COMUNE_CENTR":"PRADLEVES","PROVINCIA_CENTR":"CN","INDIRIZZO_CENTRALE":"P.ZA G.ISAIA 4","LATITUDINE_SEZIONE":"44.38903","LONGITUDINE_SEZIONE":"7.24973","POS_X_SEZIONE":"360592.93367","POS_Y_SEZIONE":"4916572.55985","LATITUDINE_CENTRALE":"44.41745","LONGITUDINE_CENTRALE":"7.27843","POS_X_CENTRALE":"362945.88585","POS_Y_CENTRALE":"4919681.53661","TIPO_ADSL":"NO","DESCRIZIONE_TIPO_ADSL":"NO Adsl","DISTANZA_CALCOLATA":"3898.99","CLASSE_DISTANZA":"3700-4099","POTENZA_SEGNALE":"","POPOLAZIONE_SEZIONE": ""}
			},
		 		{ "type" : "Feature",
				"geometry" : {
					"type" : "Point",
					"coordinates" : [7.29337,44.41280]},
			"properties" : { "ANNO":"2010","ID_SEZIONE":"31130","ISTAT_COMUNE_SEZ":"4173","COMUNE_SEZ":"PRADLEVES","PROVINCIA":"CN","ID_CENTRALE":"1039","NOME_CENTRALE":"PRADLEVES","ISTAT_COMUNE_CENTR":"4173","COMUNE_CENTR":"PRADLEVES","PROVINCIA_CENTR":"CN","INDIRIZZO_CENTRALE":"P.ZA G.ISAIA 4","LATITUDINE_SEZIONE":"44.41280","LONGITUDINE_SEZIONE":"7.29337","POS_X_SEZIONE":"364124.35946","POS_Y_SEZIONE":"4919139.61316","LATITUDINE_CENTRALE":"44.41745","LONGITUDINE_CENTRALE":"7.27843","POS_X_CENTRALE":"362945.88585","POS_Y_CENTRALE":"4919681.53661","TIPO_ADSL":"NO","DESCRIZIONE_TIPO_ADSL":"NO Adsl","DISTANZA_CALCOLATA":"1297.1","CLASSE_DISTANZA":"900-1299","POTENZA_SEGNALE":"","POPOLAZIONE_SEZIONE": "13"}
			},
		 		{ "type" : "Feature",
				"geometry" : {
					"type" : "Point",
					"coordinates" : [7.15322,44.39342]},
			"properties" : { "ANNO":"2010","ID_SEZIONE":"32928","ISTAT_COMUNE_SEZ":"4053","COMUNE_SEZ":"CASTELMAGNO","PROVINCIA":"CN","ID_CENTRALE":"1039","NOME_CENTRALE":"PRADLEVES","ISTAT_COMUNE_CENTR":"4173","COMUNE_CENTR":"PRADLEVES","PROVINCIA_CENTR":"CN","INDIRIZZO_CENTRALE":"P.ZA G.ISAIA 4","LATITUDINE_SEZIONE":"44.39342","LONGITUDINE_SEZIONE":"7.15322","POS_X_SEZIONE":"352917.21245","POS_Y_SEZIONE":"4917229.47684","LATITUDINE_CENTRALE":"44.41745","LONGITUDINE_CENTRALE":"7.27843","POS_X_CENTRALE":"362945.88585","POS_Y_CENTRALE":"4919681.53661","TIPO_ADSL":"NO","DESCRIZIONE_TIPO_ADSL":"NO Adsl","DISTANZA_CALCOLATA":"10324.09","CLASSE_DISTANZA":"6100 e oltre","POTENZA_SEGNALE":"","POPOLAZIONE_SEZIONE": ""}
			}
		 		]
	}
		