 	{ "type" : "FeatureCollection",
		"features" : [
		 		{ "type" : "Feature",
				"geometry" : {
					"type" : "Point",
					"coordinates" : [7.58308,44.85111]},
			"properties" : { "ANNO":"2010","ID_SEZIONE":"1551","ISTAT_COMUNE_SEZ":"1310","COMUNE_SEZ":"VIRLE PIEMONTE","PROVINCIA":"TO","ID_CENTRALE":"1661","NOME_CENTRALE":"VIRLE PIEMONTE","ISTAT_COMUNE_CENTR":"1310","COMUNE_CENTR":"VIRLE PIEMONTE","PROVINCIA_CENTR":"TO","INDIRIZZO_CENTRALE":"PORTASSA 10","LATITUDINE_SEZIONE":"44.85111","LONGITUDINE_SEZIONE":"7.58308","POS_X_SEZIONE":"388035.90227","POS_Y_SEZIONE":"4967387.12732","LATITUDINE_CENTRALE":"44.86417","LONGITUDINE_CENTRALE":"7.56934","POS_X_CENTRALE":"386975.70056","POS_Y_CENTRALE":"4968857.12081","TIPO_ADSL":"NO","DESCRIZIONE_TIPO_ADSL":"NO Adsl","DISTANZA_CALCOLATA":"1812.43","CLASSE_DISTANZA":"1700-2099","POTENZA_SEGNALE":"","POPOLAZIONE_SEZIONE": ""}
			},
		 		{ "type" : "Feature",
				"geometry" : {
					"type" : "Point",
					"coordinates" : [7.56598,44.87242]},
			"properties" : { "ANNO":"2010","ID_SEZIONE":"5030","ISTAT_COMUNE_SEZ":"1310","COMUNE_SEZ":"VIRLE PIEMONTE","PROVINCIA":"TO","ID_CENTRALE":"1661","NOME_CENTRALE":"VIRLE PIEMONTE","ISTAT_COMUNE_CENTR":"1310","COMUNE_CENTR":"VIRLE PIEMONTE","PROVINCIA_CENTR":"TO","INDIRIZZO_CENTRALE":"PORTASSA 10","LATITUDINE_SEZIONE":"44.87242","LONGITUDINE_SEZIONE":"7.56598","POS_X_SEZIONE":"386726.37933","POS_Y_SEZIONE":"4969778.17654","LATITUDINE_CENTRALE":"44.86417","LONGITUDINE_CENTRALE":"7.56934","POS_X_CENTRALE":"386975.70056","POS_Y_CENTRALE":"4968857.12081","TIPO_ADSL":"NO","DESCRIZIONE_TIPO_ADSL":"NO Adsl","DISTANZA_CALCOLATA":"954.20","CLASSE_DISTANZA":"900-1299","POTENZA_SEGNALE":"","POPOLAZIONE_SEZIONE": "1"}
			},
		 		{ "type" : "Feature",
				"geometry" : {
					"type" : "Point",
					"coordinates" : [7.58456,44.86128]},
			"properties" : { "ANNO":"2010","ID_SEZIONE":"5398","ISTAT_COMUNE_SEZ":"1310","COMUNE_SEZ":"VIRLE PIEMONTE","PROVINCIA":"TO","ID_CENTRALE":"1661","NOME_CENTRALE":"VIRLE PIEMONTE","ISTAT_COMUNE_CENTR":"1310","COMUNE_CENTR":"VIRLE PIEMONTE","PROVINCIA_CENTR":"TO","INDIRIZZO_CENTRALE":"PORTASSA 10","LATITUDINE_SEZIONE":"44.86128","LONGITUDINE_SEZIONE":"7.58456","POS_X_SEZIONE":"388172.84589","POS_Y_SEZIONE":"4968515.15241","LATITUDINE_CENTRALE":"44.86417","LONGITUDINE_CENTRALE":"7.56934","POS_X_CENTRALE":"386975.70056","POS_Y_CENTRALE":"4968857.12081","TIPO_ADSL":"NO","DESCRIZIONE_TIPO_ADSL":"NO Adsl","DISTANZA_CALCOLATA":"1245.03","CLASSE_DISTANZA":"900-1299","POTENZA_SEGNALE":"","POPOLAZIONE_SEZIONE": "20"}
			},
		 		{ "type" : "Feature",
				"geometry" : {
					"type" : "Point",
					"coordinates" : [7.59242,44.86244]},
			"properties" : { "ANNO":"2010","ID_SEZIONE":"9196","ISTAT_COMUNE_SEZ":"1310","COMUNE_SEZ":"VIRLE PIEMONTE","PROVINCIA":"TO","ID_CENTRALE":"1661","NOME_CENTRALE":"VIRLE PIEMONTE","ISTAT_COMUNE_CENTR":"1310","COMUNE_CENTR":"VIRLE PIEMONTE","PROVINCIA_CENTR":"TO","INDIRIZZO_CENTRALE":"PORTASSA 10","LATITUDINE_SEZIONE":"44.86244","LONGITUDINE_SEZIONE":"7.59242","POS_X_SEZIONE":"388795.81523","POS_Y_SEZIONE":"4968633.15765","LATITUDINE_CENTRALE":"44.86417","LONGITUDINE_CENTRALE":"7.56934","POS_X_CENTRALE":"386975.70056","POS_Y_CENTRALE":"4968857.12081","TIPO_ADSL":"NO","DESCRIZIONE_TIPO_ADSL":"NO Adsl","DISTANZA_CALCOLATA":"1833.84","CLASSE_DISTANZA":"1700-2099","POTENZA_SEGNALE":"","POPOLAZIONE_SEZIONE": "26"}
			},
		 		{ "type" : "Feature",
				"geometry" : {
					"type" : "Point",
					"coordinates" : [7.59946,44.86953]},
			"properties" : { "ANNO":"2010","ID_SEZIONE":"11056","ISTAT_COMUNE_SEZ":"1310","COMUNE_SEZ":"VIRLE PIEMONTE","PROVINCIA":"TO","ID_CENTRALE":"1661","NOME_CENTRALE":"VIRLE PIEMONTE","ISTAT_COMUNE_CENTR":"1310","COMUNE_CENTR":"VIRLE PIEMONTE","PROVINCIA_CENTR":"TO","INDIRIZZO_CENTRALE":"PORTASSA 10","LATITUDINE_SEZIONE":"44.86953","LONGITUDINE_SEZIONE":"7.59946","POS_X_SEZIONE":"389365.97434","POS_Y_SEZIONE":"4969410.67676","LATITUDINE_CENTRALE":"44.86417","LONGITUDINE_CENTRALE":"7.56934","POS_X_CENTRALE":"386975.70056","POS_Y_CENTRALE":"4968857.12081","TIPO_ADSL":"NO","DESCRIZIONE_TIPO_ADSL":"NO Adsl","DISTANZA_CALCOLATA":"2453.53","CLASSE_DISTANZA":"2100-2499","POTENZA_SEGNALE":"","POPOLAZIONE_SEZIONE": "3"}
			},
		 		{ "type" : "Feature",
				"geometry" : {
					"type" : "Point",
					"coordinates" : [7.56959,44.86391]},
			"properties" : { "ANNO":"2010","ID_SEZIONE":"12708","ISTAT_COMUNE_SEZ":"1310","COMUNE_SEZ":"VIRLE PIEMONTE","PROVINCIA":"TO","ID_CENTRALE":"1661","NOME_CENTRALE":"VIRLE PIEMONTE","ISTAT_COMUNE_CENTR":"1310","COMUNE_CENTR":"VIRLE PIEMONTE","PROVINCIA_CENTR":"TO","INDIRIZZO_CENTRALE":"PORTASSA 10","LATITUDINE_SEZIONE":"44.86391","LONGITUDINE_SEZIONE":"7.56959","POS_X_SEZIONE":"386995.06361","POS_Y_SEZIONE":"4968828.15593","LATITUDINE_CENTRALE":"44.86417","LONGITUDINE_CENTRALE":"7.56934","POS_X_CENTRALE":"386975.70056","POS_Y_CENTRALE":"4968857.12081","TIPO_ADSL":"NO","DESCRIZIONE_TIPO_ADSL":"NO Adsl","DISTANZA_CALCOLATA":"34.84","CLASSE_DISTANZA":"0-99","POTENZA_SEGNALE":"","POPOLAZIONE_SEZIONE": "967"}
			},
		 		{ "type" : "Feature",
				"geometry" : {
					"type" : "Point",
					"coordinates" : [7.56250,44.85953]},
			"properties" : { "ANNO":"2010","ID_SEZIONE":"13964","ISTAT_COMUNE_SEZ":"1310","COMUNE_SEZ":"VIRLE PIEMONTE","PROVINCIA":"TO","ID_CENTRALE":"1661","NOME_CENTRALE":"VIRLE PIEMONTE","ISTAT_COMUNE_CENTR":"1310","COMUNE_CENTR":"VIRLE PIEMONTE","PROVINCIA_CENTR":"TO","INDIRIZZO_CENTRALE":"PORTASSA 10","LATITUDINE_SEZIONE":"44.85953","LONGITUDINE_SEZIONE":"7.56250","POS_X_SEZIONE":"386426.49580","POS_Y_SEZIONE":"4968350.64476","LATITUDINE_CENTRALE":"44.86417","LONGITUDINE_CENTRALE":"7.56934","POS_X_CENTRALE":"386975.70056","POS_Y_CENTRALE":"4968857.12081","TIPO_ADSL":"NO","DESCRIZIONE_TIPO_ADSL":"NO Adsl","DISTANZA_CALCOLATA":"747.09","CLASSE_DISTANZA":"500-899","POTENZA_SEGNALE":"","POPOLAZIONE_SEZIONE": "8"}
			},
		 		{ "type" : "Feature",
				"geometry" : {
					"type" : "Point",
					"coordinates" : [7.59624,44.85598]},
			"properties" : { "ANNO":"2010","ID_SEZIONE":"17478","ISTAT_COMUNE_SEZ":"1310","COMUNE_SEZ":"VIRLE PIEMONTE","PROVINCIA":"TO","ID_CENTRALE":"1661","NOME_CENTRALE":"VIRLE PIEMONTE","ISTAT_COMUNE_CENTR":"1310","COMUNE_CENTR":"VIRLE PIEMONTE","PROVINCIA_CENTR":"TO","INDIRIZZO_CENTRALE":"PORTASSA 10","LATITUDINE_SEZIONE":"44.85598","LONGITUDINE_SEZIONE":"7.59624","POS_X_SEZIONE":"389085.49920","POS_Y_SEZIONE":"4967910.14300","LATITUDINE_CENTRALE":"44.86417","LONGITUDINE_CENTRALE":"7.56934","POS_X_CENTRALE":"386975.70056","POS_Y_CENTRALE":"4968857.12081","TIPO_ADSL":"NO","DESCRIZIONE_TIPO_ADSL":"NO Adsl","DISTANZA_CALCOLATA":"2312.58","CLASSE_DISTANZA":"2100-2499","POTENZA_SEGNALE":"","POPOLAZIONE_SEZIONE": "4"}
			},
		 		{ "type" : "Feature",
				"geometry" : {
					"type" : "Point",
					"coordinates" : [7.60047,44.85904]},
			"properties" : { "ANNO":"2010","ID_SEZIONE":"20716","ISTAT_COMUNE_SEZ":"1310","COMUNE_SEZ":"VIRLE PIEMONTE","PROVINCIA":"TO","ID_CENTRALE":"1661","NOME_CENTRALE":"VIRLE PIEMONTE","ISTAT_COMUNE_CENTR":"1310","COMUNE_CENTR":"VIRLE PIEMONTE","PROVINCIA_CENTR":"TO","INDIRIZZO_CENTRALE":"PORTASSA 10","LATITUDINE_SEZIONE":"44.85904","LONGITUDINE_SEZIONE":"7.60047","POS_X_SEZIONE":"389425.56346","POS_Y_SEZIONE":"4968244.15132","LATITUDINE_CENTRALE":"44.86417","LONGITUDINE_CENTRALE":"7.56934","POS_X_CENTRALE":"386975.70056","POS_Y_CENTRALE":"4968857.12081","TIPO_ADSL":"NO","DESCRIZIONE_TIPO_ADSL":"NO Adsl","DISTANZA_CALCOLATA":"2525.38","CLASSE_DISTANZA":"2500-2899","POTENZA_SEGNALE":"","POPOLAZIONE_SEZIONE": "28"}
			},
		 		{ "type" : "Feature",
				"geometry" : {
					"type" : "Point",
					"coordinates" : [7.56647,44.84869]},
			"properties" : { "ANNO":"2010","ID_SEZIONE":"25692","ISTAT_COMUNE_SEZ":"1310","COMUNE_SEZ":"VIRLE PIEMONTE","PROVINCIA":"TO","ID_CENTRALE":"1661","NOME_CENTRALE":"VIRLE PIEMONTE","ISTAT_COMUNE_CENTR":"1310","COMUNE_CENTR":"VIRLE PIEMONTE","PROVINCIA_CENTR":"TO","INDIRIZZO_CENTRALE":"PORTASSA 10","LATITUDINE_SEZIONE":"44.84869","LONGITUDINE_SEZIONE":"7.56647","POS_X_SEZIONE":"386718.49094","POS_Y_SEZIONE":"4967141.11849","LATITUDINE_CENTRALE":"44.86417","LONGITUDINE_CENTRALE":"7.56934","POS_X_CENTRALE":"386975.70056","POS_Y_CENTRALE":"4968857.12081","TIPO_ADSL":"NO","DESCRIZIONE_TIPO_ADSL":"NO Adsl","DISTANZA_CALCOLATA":"1735.17","CLASSE_DISTANZA":"1700-2099","POTENZA_SEGNALE":"","POPOLAZIONE_SEZIONE": "4"}
			},
		 		{ "type" : "Feature",
				"geometry" : {
					"type" : "Point",
					"coordinates" : [7.59283,44.87355]},
			"properties" : { "ANNO":"2010","ID_SEZIONE":"31320","ISTAT_COMUNE_SEZ":"1310","COMUNE_SEZ":"VIRLE PIEMONTE","PROVINCIA":"TO","ID_CENTRALE":"1661","NOME_CENTRALE":"VIRLE PIEMONTE","ISTAT_COMUNE_CENTR":"1310","COMUNE_CENTR":"VIRLE PIEMONTE","PROVINCIA_CENTR":"TO","INDIRIZZO_CENTRALE":"PORTASSA 10","LATITUDINE_SEZIONE":"44.87355","LONGITUDINE_SEZIONE":"7.59283","POS_X_SEZIONE":"388849.32077","POS_Y_SEZIONE":"4969866.18473","LATITUDINE_CENTRALE":"44.86417","LONGITUDINE_CENTRALE":"7.56934","POS_X_CENTRALE":"386975.70056","POS_Y_CENTRALE":"4968857.12081","TIPO_ADSL":"NO","DESCRIZIONE_TIPO_ADSL":"NO Adsl","DISTANZA_CALCOLATA":"2128.07","CLASSE_DISTANZA":"2100-2499","POTENZA_SEGNALE":"","POPOLAZIONE_SEZIONE": "4"}
			}
		 		]
	}
		