 	{ "type" : "FeatureCollection",
		"features" : [
		 		{ "type" : "Feature",
				"geometry" : {
					"type" : "Point",
					"coordinates" : [7.72936,44.46753]},
			"properties" : { "ANNO":"2010","ID_SEZIONE":"2027","ISTAT_COMUNE_SEZ":"4211","COMUNE_SEZ":"SANT'ALBANO STURA","PROVINCIA":"CN","ID_CENTRALE":"1293","NOME_CENTRALE":"SANT'ALBANO STURA","ISTAT_COMUNE_CENTR":"4211","COMUNE_CENTR":"SANT'ALBANO STURA","PROVINCIA_CENTR":"CN","INDIRIZZO_CENTRALE":"PIAZZA DANTE ALIGHIERI 1","LATITUDINE_SEZIONE":"44.46753","LONGITUDINE_SEZIONE":"7.72936","POS_X_SEZIONE":"398930.68065","POS_Y_SEZIONE":"4924587.22200","LATITUDINE_CENTRALE":"44.50910","LONGITUDINE_CENTRALE":"7.72139","POS_X_CENTRALE":"398368.87948","POS_Y_CENTRALE":"4929215.23455","TIPO_ADSL":"ADSL_2P","DESCRIZIONE_TIPO_ADSL":"ADSL 2+ (24 mega)","DISTANZA_CALCOLATA":"4661.99","CLASSE_DISTANZA":"4500-4899","POTENZA_SEGNALE":"1428.33","POPOLAZIONE_SEZIONE": "55"}
			},
		 		{ "type" : "Feature",
				"geometry" : {
					"type" : "Point",
					"coordinates" : [7.71903,44.50646]},
			"properties" : { "ANNO":"2010","ID_SEZIONE":"4204","ISTAT_COMUNE_SEZ":"4211","COMUNE_SEZ":"SANT'ALBANO STURA","PROVINCIA":"CN","ID_CENTRALE":"1293","NOME_CENTRALE":"SANT'ALBANO STURA","ISTAT_COMUNE_CENTR":"4211","COMUNE_CENTR":"SANT'ALBANO STURA","PROVINCIA_CENTR":"CN","INDIRIZZO_CENTRALE":"PIAZZA DANTE ALIGHIERI 1","LATITUDINE_SEZIONE":"44.50646","LONGITUDINE_SEZIONE":"7.71903","POS_X_SEZIONE":"398176.49902","POS_Y_SEZIONE":"4928924.74059","LATITUDINE_CENTRALE":"44.50910","LONGITUDINE_CENTRALE":"7.72139","POS_X_CENTRALE":"398368.87948","POS_Y_CENTRALE":"4929215.23455","TIPO_ADSL":"ADSL_2P","DESCRIZIONE_TIPO_ADSL":"ADSL 2+ (24 mega)","DISTANZA_CALCOLATA":"348.42","CLASSE_DISTANZA":"100-499","POTENZA_SEGNALE":"19761.67","POPOLAZIONE_SEZIONE": "31"}
			},
		 		{ "type" : "Feature",
				"geometry" : {
					"type" : "Point",
					"coordinates" : [7.71993,44.49902]},
			"properties" : { "ANNO":"2010","ID_SEZIONE":"5285","ISTAT_COMUNE_SEZ":"4211","COMUNE_SEZ":"SANT'ALBANO STURA","PROVINCIA":"CN","ID_CENTRALE":"1293","NOME_CENTRALE":"SANT'ALBANO STURA","ISTAT_COMUNE_CENTR":"4211","COMUNE_CENTR":"SANT'ALBANO STURA","PROVINCIA_CENTR":"CN","INDIRIZZO_CENTRALE":"PIAZZA DANTE ALIGHIERI 1","LATITUDINE_SEZIONE":"44.49902","LONGITUDINE_SEZIONE":"7.71993","POS_X_SEZIONE":"398235.45274","POS_Y_SEZIONE":"4928097.23647","LATITUDINE_CENTRALE":"44.50910","LONGITUDINE_CENTRALE":"7.72139","POS_X_CENTRALE":"398368.87948","POS_Y_CENTRALE":"4929215.23455","TIPO_ADSL":"ADSL_2P","DESCRIZIONE_TIPO_ADSL":"ADSL 2+ (24 mega)","DISTANZA_CALCOLATA":"1125.93","CLASSE_DISTANZA":"900-1299","POTENZA_SEGNALE":"17737.5","POPOLAZIONE_SEZIONE": "10"}
			},
		 		{ "type" : "Feature",
				"geometry" : {
					"type" : "Point",
					"coordinates" : [7.75616,44.47805]},
			"properties" : { "ANNO":"2010","ID_SEZIONE":"6718","ISTAT_COMUNE_SEZ":"4211","COMUNE_SEZ":"SANT'ALBANO STURA","PROVINCIA":"CN","ID_CENTRALE":"1293","NOME_CENTRALE":"SANT'ALBANO STURA","ISTAT_COMUNE_CENTR":"4211","COMUNE_CENTR":"SANT'ALBANO STURA","PROVINCIA_CENTR":"CN","INDIRIZZO_CENTRALE":"PIAZZA DANTE ALIGHIERI 1","LATITUDINE_SEZIONE":"44.47805","LONGITUDINE_SEZIONE":"7.75616","POS_X_SEZIONE":"401080.12423","POS_Y_SEZIONE":"4925723.77138","LATITUDINE_CENTRALE":"44.50910","LONGITUDINE_CENTRALE":"7.72139","POS_X_CENTRALE":"398368.87948","POS_Y_CENTRALE":"4929215.23455","TIPO_ADSL":"ADSL_2P","DESCRIZIONE_TIPO_ADSL":"ADSL 2+ (24 mega)","DISTANZA_CALCOLATA":"4420.54","CLASSE_DISTANZA":"4100-4499","POTENZA_SEGNALE":"2024.17","POPOLAZIONE_SEZIONE": "44"}
			},
		 		{ "type" : "Feature",
				"geometry" : {
					"type" : "Point",
					"coordinates" : [7.69964,44.48512]},
			"properties" : { "ANNO":"2010","ID_SEZIONE":"7784","ISTAT_COMUNE_SEZ":"4211","COMUNE_SEZ":"SANT'ALBANO STURA","PROVINCIA":"CN","ID_CENTRALE":"1293","NOME_CENTRALE":"SANT'ALBANO STURA","ISTAT_COMUNE_CENTR":"4211","COMUNE_CENTR":"SANT'ALBANO STURA","PROVINCIA_CENTR":"CN","INDIRIZZO_CENTRALE":"PIAZZA DANTE ALIGHIERI 1","LATITUDINE_SEZIONE":"44.48512","LONGITUDINE_SEZIONE":"7.69964","POS_X_SEZIONE":"396597.92365","POS_Y_SEZIONE":"4926578.69669","LATITUDINE_CENTRALE":"44.50910","LONGITUDINE_CENTRALE":"7.72139","POS_X_CENTRALE":"398368.87948","POS_Y_CENTRALE":"4929215.23455","TIPO_ADSL":"ADSL_2P","DESCRIZIONE_TIPO_ADSL":"ADSL 2+ (24 mega)","DISTANZA_CALCOLATA":"3176.1","CLASSE_DISTANZA":"2900-3299","POTENZA_SEGNALE":"5238.33","POPOLAZIONE_SEZIONE": "128"}
			},
		 		{ "type" : "Feature",
				"geometry" : {
					"type" : "Point",
					"coordinates" : [7.72128,44.50927]},
			"properties" : { "ANNO":"2010","ID_SEZIONE":"8373","ISTAT_COMUNE_SEZ":"4211","COMUNE_SEZ":"SANT'ALBANO STURA","PROVINCIA":"CN","ID_CENTRALE":"1293","NOME_CENTRALE":"SANT'ALBANO STURA","ISTAT_COMUNE_CENTR":"4211","COMUNE_CENTR":"SANT'ALBANO STURA","PROVINCIA_CENTR":"CN","INDIRIZZO_CENTRALE":"PIAZZA DANTE ALIGHIERI 1","LATITUDINE_SEZIONE":"44.50927","LONGITUDINE_SEZIONE":"7.72128","POS_X_SEZIONE":"398360.46215","POS_Y_SEZIONE":"4929233.74693","LATITUDINE_CENTRALE":"44.50910","LONGITUDINE_CENTRALE":"7.72139","POS_X_CENTRALE":"398368.87948","POS_Y_CENTRALE":"4929215.23455","TIPO_ADSL":"ADSL_2P","DESCRIZIONE_TIPO_ADSL":"ADSL 2+ (24 mega)","DISTANZA_CALCOLATA":"20.34","CLASSE_DISTANZA":"0-99","POTENZA_SEGNALE":"19761.67","POPOLAZIONE_SEZIONE": "766"}
			},
		 		{ "type" : "Feature",
				"geometry" : {
					"type" : "Point",
					"coordinates" : [7.72365,44.51652]},
			"properties" : { "ANNO":"2010","ID_SEZIONE":"9460","ISTAT_COMUNE_SEZ":"4211","COMUNE_SEZ":"SANT'ALBANO STURA","PROVINCIA":"CN","ID_CENTRALE":"1293","NOME_CENTRALE":"SANT'ALBANO STURA","ISTAT_COMUNE_CENTR":"4211","COMUNE_CENTR":"SANT'ALBANO STURA","PROVINCIA_CENTR":"CN","INDIRIZZO_CENTRALE":"PIAZZA DANTE ALIGHIERI 1","LATITUDINE_SEZIONE":"44.51652","LONGITUDINE_SEZIONE":"7.72365","POS_X_SEZIONE":"398561.16513","POS_Y_SEZIONE":"4930036.75698","LATITUDINE_CENTRALE":"44.50910","LONGITUDINE_CENTRALE":"7.72139","POS_X_CENTRALE":"398368.87948","POS_Y_CENTRALE":"4929215.23455","TIPO_ADSL":"ADSL_2P","DESCRIZIONE_TIPO_ADSL":"ADSL 2+ (24 mega)","DISTANZA_CALCOLATA":"843.73","CLASSE_DISTANZA":"500-899","POTENZA_SEGNALE":"19523.33","POPOLAZIONE_SEZIONE": "3"}
			},
		 		{ "type" : "Feature",
				"geometry" : {
					"type" : "Point",
					"coordinates" : [7.73410,44.49935]},
			"properties" : { "ANNO":"2010","ID_SEZIONE":"10171","ISTAT_COMUNE_SEZ":"4211","COMUNE_SEZ":"SANT'ALBANO STURA","PROVINCIA":"CN","ID_CENTRALE":"1293","NOME_CENTRALE":"SANT'ALBANO STURA","ISTAT_COMUNE_CENTR":"4211","COMUNE_CENTR":"SANT'ALBANO STURA","PROVINCIA_CENTR":"CN","INDIRIZZO_CENTRALE":"PIAZZA DANTE ALIGHIERI 1","LATITUDINE_SEZIONE":"44.49935","LONGITUDINE_SEZIONE":"7.73410","POS_X_SEZIONE":"399362.38830","POS_Y_SEZIONE":"4928115.76063","LATITUDINE_CENTRALE":"44.50910","LONGITUDINE_CENTRALE":"7.72139","POS_X_CENTRALE":"398368.87948","POS_Y_CENTRALE":"4929215.23455","TIPO_ADSL":"ADSL_2P","DESCRIZIONE_TIPO_ADSL":"ADSL 2+ (24 mega)","DISTANZA_CALCOLATA":"1481.86","CLASSE_DISTANZA":"1300-1699","POTENZA_SEGNALE":"16071.67","POPOLAZIONE_SEZIONE": "63"}
			},
		 		{ "type" : "Feature",
				"geometry" : {
					"type" : "Point",
					"coordinates" : [7.72212,44.48673]},
			"properties" : { "ANNO":"2010","ID_SEZIONE":"10434","ISTAT_COMUNE_SEZ":"4211","COMUNE_SEZ":"SANT'ALBANO STURA","PROVINCIA":"CN","ID_CENTRALE":"1293","NOME_CENTRALE":"SANT'ALBANO STURA","ISTAT_COMUNE_CENTR":"4211","COMUNE_CENTR":"SANT'ALBANO STURA","PROVINCIA_CENTR":"CN","INDIRIZZO_CENTRALE":"PIAZZA DANTE ALIGHIERI 1","LATITUDINE_SEZIONE":"44.48673","LONGITUDINE_SEZIONE":"7.72212","POS_X_SEZIONE":"398388.48135","POS_Y_SEZIONE":"4926728.72907","LATITUDINE_CENTRALE":"44.50910","LONGITUDINE_CENTRALE":"7.72139","POS_X_CENTRALE":"398368.87948","POS_Y_CENTRALE":"4929215.23455","TIPO_ADSL":"ADSL_2P","DESCRIZIONE_TIPO_ADSL":"ADSL 2+ (24 mega)","DISTANZA_CALCOLATA":"2486.58","CLASSE_DISTANZA":"2100-2499","POTENZA_SEGNALE":"10000","POPOLAZIONE_SEZIONE": "58"}
			},
		 		{ "type" : "Feature",
				"geometry" : {
					"type" : "Point",
					"coordinates" : [7.74478,44.47634]},
			"properties" : { "ANNO":"2010","ID_SEZIONE":"10897","ISTAT_COMUNE_SEZ":"4211","COMUNE_SEZ":"SANT'ALBANO STURA","PROVINCIA":"CN","ID_CENTRALE":"1293","NOME_CENTRALE":"SANT'ALBANO STURA","ISTAT_COMUNE_CENTR":"4211","COMUNE_CENTR":"SANT'ALBANO STURA","PROVINCIA_CENTR":"CN","INDIRIZZO_CENTRALE":"PIAZZA DANTE ALIGHIERI 1","LATITUDINE_SEZIONE":"44.47634","LONGITUDINE_SEZIONE":"7.74478","POS_X_SEZIONE":"400172.53460","POS_Y_SEZIONE":"4925546.75301","LATITUDINE_CENTRALE":"44.50910","LONGITUDINE_CENTRALE":"7.72139","POS_X_CENTRALE":"398368.87948","POS_Y_CENTRALE":"4929215.23455","TIPO_ADSL":"ADSL_2P","DESCRIZIONE_TIPO_ADSL":"ADSL 2+ (24 mega)","DISTANZA_CALCOLATA":"4087.9","CLASSE_DISTANZA":"3700-4099","POTENZA_SEGNALE":"2857.5","POPOLAZIONE_SEZIONE": "101"}
			},
		 		{ "type" : "Feature",
				"geometry" : {
					"type" : "Point",
					"coordinates" : [7.71811,44.47686]},
			"properties" : { "ANNO":"2010","ID_SEZIONE":"13192","ISTAT_COMUNE_SEZ":"4211","COMUNE_SEZ":"SANT'ALBANO STURA","PROVINCIA":"CN","ID_CENTRALE":"1293","NOME_CENTRALE":"SANT'ALBANO STURA","ISTAT_COMUNE_CENTR":"4211","COMUNE_CENTR":"SANT'ALBANO STURA","PROVINCIA_CENTR":"CN","INDIRIZZO_CENTRALE":"PIAZZA DANTE ALIGHIERI 1","LATITUDINE_SEZIONE":"44.47686","LONGITUDINE_SEZIONE":"7.71811","POS_X_SEZIONE":"398052.34721","POS_Y_SEZIONE":"4925638.21464","LATITUDINE_CENTRALE":"44.50910","LONGITUDINE_CENTRALE":"7.72139","POS_X_CENTRALE":"398368.87948","POS_Y_CENTRALE":"4929215.23455","TIPO_ADSL":"ADSL_2P","DESCRIZIONE_TIPO_ADSL":"ADSL 2+ (24 mega)","DISTANZA_CALCOLATA":"3591","CLASSE_DISTANZA":"3300-3699","POTENZA_SEGNALE":"4047.5","POPOLAZIONE_SEZIONE": "37"}
			},
		 		{ "type" : "Feature",
				"geometry" : {
					"type" : "Point",
					"coordinates" : [7.69532,44.49014]},
			"properties" : { "ANNO":"2010","ID_SEZIONE":"14023","ISTAT_COMUNE_SEZ":"4211","COMUNE_SEZ":"SANT'ALBANO STURA","PROVINCIA":"CN","ID_CENTRALE":"1293","NOME_CENTRALE":"SANT'ALBANO STURA","ISTAT_COMUNE_CENTR":"4211","COMUNE_CENTR":"SANT'ALBANO STURA","PROVINCIA_CENTR":"CN","INDIRIZZO_CENTRALE":"PIAZZA DANTE ALIGHIERI 1","LATITUDINE_SEZIONE":"44.49014","LONGITUDINE_SEZIONE":"7.69532","POS_X_SEZIONE":"396262.94356","POS_Y_SEZIONE":"4927142.19979","LATITUDINE_CENTRALE":"44.50910","LONGITUDINE_CENTRALE":"7.72139","POS_X_CENTRALE":"398368.87948","POS_Y_CENTRALE":"4929215.23455","TIPO_ADSL":"ADSL_2P","DESCRIZIONE_TIPO_ADSL":"ADSL 2+ (24 mega)","DISTANZA_CALCOLATA":"2955.07","CLASSE_DISTANZA":"2900-3299","POTENZA_SEGNALE":"5238.33","POPOLAZIONE_SEZIONE": "14"}
			},
		 		{ "type" : "Feature",
				"geometry" : {
					"type" : "Point",
					"coordinates" : [7.70183,44.49611]},
			"properties" : { "ANNO":"2010","ID_SEZIONE":"16617","ISTAT_COMUNE_SEZ":"4211","COMUNE_SEZ":"SANT'ALBANO STURA","PROVINCIA":"CN","ID_CENTRALE":"1293","NOME_CENTRALE":"SANT'ALBANO STURA","ISTAT_COMUNE_CENTR":"4211","COMUNE_CENTR":"SANT'ALBANO STURA","PROVINCIA_CENTR":"CN","INDIRIZZO_CENTRALE":"PIAZZA DANTE ALIGHIERI 1","LATITUDINE_SEZIONE":"44.49611","LONGITUDINE_SEZIONE":"7.70183","POS_X_SEZIONE":"396791.02292","POS_Y_SEZIONE":"4927796.20402","LATITUDINE_CENTRALE":"44.50910","LONGITUDINE_CENTRALE":"7.72139","POS_X_CENTRALE":"398368.87948","POS_Y_CENTRALE":"4929215.23455","TIPO_ADSL":"ADSL_2P","DESCRIZIONE_TIPO_ADSL":"ADSL 2+ (24 mega)","DISTANZA_CALCOLATA":"2122.09","CLASSE_DISTANZA":"2100-2499","POTENZA_SEGNALE":"10000","POPOLAZIONE_SEZIONE": "2"}
			},
		 		{ "type" : "Feature",
				"geometry" : {
					"type" : "Point",
					"coordinates" : [7.72003,44.47105]},
			"properties" : { "ANNO":"2010","ID_SEZIONE":"16661","ISTAT_COMUNE_SEZ":"4211","COMUNE_SEZ":"SANT'ALBANO STURA","PROVINCIA":"CN","ID_CENTRALE":"1293","NOME_CENTRALE":"SANT'ALBANO STURA","ISTAT_COMUNE_CENTR":"4211","COMUNE_CENTR":"SANT'ALBANO STURA","PROVINCIA_CENTR":"CN","INDIRIZZO_CENTRALE":"PIAZZA DANTE ALIGHIERI 1","LATITUDINE_SEZIONE":"44.47105","LONGITUDINE_SEZIONE":"7.72003","POS_X_SEZIONE":"398194.54855","POS_Y_SEZIONE":"4924990.21208","LATITUDINE_CENTRALE":"44.50910","LONGITUDINE_CENTRALE":"7.72139","POS_X_CENTRALE":"398368.87948","POS_Y_CENTRALE":"4929215.23455","TIPO_ADSL":"ADSL_2P","DESCRIZIONE_TIPO_ADSL":"ADSL 2+ (24 mega)","DISTANZA_CALCOLATA":"4228.62","CLASSE_DISTANZA":"4100-4499","POTENZA_SEGNALE":"2024.17","POPOLAZIONE_SEZIONE": "17"}
			},
		 		{ "type" : "Feature",
				"geometry" : {
					"type" : "Point",
					"coordinates" : [7.70892,44.46736]},
			"properties" : { "ANNO":"2010","ID_SEZIONE":"18723","ISTAT_COMUNE_SEZ":"4211","COMUNE_SEZ":"SANT'ALBANO STURA","PROVINCIA":"CN","ID_CENTRALE":"1293","NOME_CENTRALE":"SANT'ALBANO STURA","ISTAT_COMUNE_CENTR":"4211","COMUNE_CENTR":"SANT'ALBANO STURA","PROVINCIA_CENTR":"CN","INDIRIZZO_CENTRALE":"PIAZZA DANTE ALIGHIERI 1","LATITUDINE_SEZIONE":"44.46736","LONGITUDINE_SEZIONE":"7.70892","POS_X_SEZIONE":"397304.40173","POS_Y_SEZIONE":"4924594.69413","LATITUDINE_CENTRALE":"44.50910","LONGITUDINE_CENTRALE":"7.72139","POS_X_CENTRALE":"398368.87948","POS_Y_CENTRALE":"4929215.23455","TIPO_ADSL":"ADSL_2P","DESCRIZIONE_TIPO_ADSL":"ADSL 2+ (24 mega)","DISTANZA_CALCOLATA":"4741.57","CLASSE_DISTANZA":"4500-4899","POTENZA_SEGNALE":"1428.33","POPOLAZIONE_SEZIONE": "18"}
			},
		 		{ "type" : "Feature",
				"geometry" : {
					"type" : "Point",
					"coordinates" : [7.71497,44.50466]},
			"properties" : { "ANNO":"2010","ID_SEZIONE":"20712","ISTAT_COMUNE_SEZ":"4211","COMUNE_SEZ":"SANT'ALBANO STURA","PROVINCIA":"CN","ID_CENTRALE":"1293","NOME_CENTRALE":"SANT'ALBANO STURA","ISTAT_COMUNE_CENTR":"4211","COMUNE_CENTR":"SANT'ALBANO STURA","PROVINCIA_CENTR":"CN","INDIRIZZO_CENTRALE":"PIAZZA DANTE ALIGHIERI 1","LATITUDINE_SEZIONE":"44.50466","LONGITUDINE_SEZIONE":"7.71497","POS_X_SEZIONE":"397850.72212","POS_Y_SEZIONE":"4928729.23237","LATITUDINE_CENTRALE":"44.50910","LONGITUDINE_CENTRALE":"7.72139","POS_X_CENTRALE":"398368.87948","POS_Y_CENTRALE":"4929215.23455","TIPO_ADSL":"ADSL_2P","DESCRIZIONE_TIPO_ADSL":"ADSL 2+ (24 mega)","DISTANZA_CALCOLATA":"710.41","CLASSE_DISTANZA":"500-899","POTENZA_SEGNALE":"19523.33","POPOLAZIONE_SEZIONE": "26"}
			},
		 		{ "type" : "Feature",
				"geometry" : {
					"type" : "Point",
					"coordinates" : [7.71372,44.50894]},
			"properties" : { "ANNO":"2010","ID_SEZIONE":"21778","ISTAT_COMUNE_SEZ":"4211","COMUNE_SEZ":"SANT'ALBANO STURA","PROVINCIA":"CN","ID_CENTRALE":"1293","NOME_CENTRALE":"SANT'ALBANO STURA","ISTAT_COMUNE_CENTR":"4211","COMUNE_CENTR":"SANT'ALBANO STURA","PROVINCIA_CENTR":"CN","INDIRIZZO_CENTRALE":"PIAZZA DANTE ALIGHIERI 1","LATITUDINE_SEZIONE":"44.50894","LONGITUDINE_SEZIONE":"7.71372","POS_X_SEZIONE":"397758.77562","POS_Y_SEZIONE":"4929206.73330","LATITUDINE_CENTRALE":"44.50910","LONGITUDINE_CENTRALE":"7.72139","POS_X_CENTRALE":"398368.87948","POS_Y_CENTRALE":"4929215.23455","TIPO_ADSL":"ADSL_2P","DESCRIZIONE_TIPO_ADSL":"ADSL 2+ (24 mega)","DISTANZA_CALCOLATA":"610.16","CLASSE_DISTANZA":"500-899","POTENZA_SEGNALE":"19523.33","POPOLAZIONE_SEZIONE": "59"}
			},
		 		{ "type" : "Feature",
				"geometry" : {
					"type" : "Point",
					"coordinates" : [7.73641,44.53556]},
			"properties" : { "ANNO":"2010","ID_SEZIONE":"22933","ISTAT_COMUNE_SEZ":"4211","COMUNE_SEZ":"SANT'ALBANO STURA","PROVINCIA":"CN","ID_CENTRALE":"1293","NOME_CENTRALE":"SANT'ALBANO STURA","ISTAT_COMUNE_CENTR":"4211","COMUNE_CENTR":"SANT'ALBANO STURA","PROVINCIA_CENTR":"CN","INDIRIZZO_CENTRALE":"PIAZZA DANTE ALIGHIERI 1","LATITUDINE_SEZIONE":"44.53556","LONGITUDINE_SEZIONE":"7.73641","POS_X_SEZIONE":"399608.24711","POS_Y_SEZIONE":"4932135.79826","LATITUDINE_CENTRALE":"44.50910","LONGITUDINE_CENTRALE":"7.72139","POS_X_CENTRALE":"398368.87948","POS_Y_CENTRALE":"4929215.23455","TIPO_ADSL":"ADSL_2P","DESCRIZIONE_TIPO_ADSL":"ADSL 2+ (24 mega)","DISTANZA_CALCOLATA":"3172.65","CLASSE_DISTANZA":"2900-3299","POTENZA_SEGNALE":"5238.33","POPOLAZIONE_SEZIONE": "14"}
			},
		 		{ "type" : "Feature",
				"geometry" : {
					"type" : "Point",
					"coordinates" : [7.72427,44.50533]},
			"properties" : { "ANNO":"2010","ID_SEZIONE":"23358","ISTAT_COMUNE_SEZ":"4211","COMUNE_SEZ":"SANT'ALBANO STURA","PROVINCIA":"CN","ID_CENTRALE":"1293","NOME_CENTRALE":"SANT'ALBANO STURA","ISTAT_COMUNE_CENTR":"4211","COMUNE_CENTR":"SANT'ALBANO STURA","PROVINCIA_CENTR":"CN","INDIRIZZO_CENTRALE":"PIAZZA DANTE ALIGHIERI 1","LATITUDINE_SEZIONE":"44.50533","LONGITUDINE_SEZIONE":"7.72427","POS_X_SEZIONE":"398591.25127","POS_Y_SEZIONE":"4928792.24882","LATITUDINE_CENTRALE":"44.50910","LONGITUDINE_CENTRALE":"7.72139","POS_X_CENTRALE":"398368.87948","POS_Y_CENTRALE":"4929215.23455","TIPO_ADSL":"ADSL_2P","DESCRIZIONE_TIPO_ADSL":"ADSL 2+ (24 mega)","DISTANZA_CALCOLATA":"477.88","CLASSE_DISTANZA":"100-499","POTENZA_SEGNALE":"19761.67","POPOLAZIONE_SEZIONE": "401"}
			},
		 		{ "type" : "Feature",
				"geometry" : {
					"type" : "Point",
					"coordinates" : [7.71033,44.49075]},
			"properties" : { "ANNO":"2010","ID_SEZIONE":"25491","ISTAT_COMUNE_SEZ":"4211","COMUNE_SEZ":"SANT'ALBANO STURA","PROVINCIA":"CN","ID_CENTRALE":"1293","NOME_CENTRALE":"SANT'ALBANO STURA","ISTAT_COMUNE_CENTR":"4211","COMUNE_CENTR":"SANT'ALBANO STURA","PROVINCIA_CENTR":"CN","INDIRIZZO_CENTRALE":"PIAZZA DANTE ALIGHIERI 1","LATITUDINE_SEZIONE":"44.49075","LONGITUDINE_SEZIONE":"7.71033","POS_X_SEZIONE":"397457.34791","POS_Y_SEZIONE":"4927190.21413","LATITUDINE_CENTRALE":"44.50910","LONGITUDINE_CENTRALE":"7.72139","POS_X_CENTRALE":"398368.87948","POS_Y_CENTRALE":"4929215.23455","TIPO_ADSL":"ADSL_2P","DESCRIZIONE_TIPO_ADSL":"ADSL 2+ (24 mega)","DISTANZA_CALCOLATA":"2220.72","CLASSE_DISTANZA":"2100-2499","POTENZA_SEGNALE":"10000","POPOLAZIONE_SEZIONE": "66"}
			},
		 		{ "type" : "Feature",
				"geometry" : {
					"type" : "Point",
					"coordinates" : [7.69316,44.47595]},
			"properties" : { "ANNO":"2010","ID_SEZIONE":"25736","ISTAT_COMUNE_SEZ":"4211","COMUNE_SEZ":"SANT'ALBANO STURA","PROVINCIA":"CN","ID_CENTRALE":"1293","NOME_CENTRALE":"SANT'ALBANO STURA","ISTAT_COMUNE_CENTR":"4211","COMUNE_CENTR":"SANT'ALBANO STURA","PROVINCIA_CENTR":"CN","INDIRIZZO_CENTRALE":"PIAZZA DANTE ALIGHIERI 1","LATITUDINE_SEZIONE":"44.47595","LONGITUDINE_SEZIONE":"7.69316","POS_X_SEZIONE":"396066.57057","POS_Y_SEZIONE":"4925568.68965","LATITUDINE_CENTRALE":"44.50910","LONGITUDINE_CENTRALE":"7.72139","POS_X_CENTRALE":"398368.87948","POS_Y_CENTRALE":"4929215.23455","TIPO_ADSL":"ADSL_2P","DESCRIZIONE_TIPO_ADSL":"ADSL 2+ (24 mega)","DISTANZA_CALCOLATA":"4312.53","CLASSE_DISTANZA":"4100-4499","POTENZA_SEGNALE":"2024.17","POPOLAZIONE_SEZIONE": "106"}
			}
		 		]
	}
		