 	{ "type" : "FeatureCollection",
		"features" : [
		 		{ "type" : "Feature",
				"geometry" : {
					"type" : "Point",
					"coordinates" : [7.61120,45.34198]},
			"properties" : { "ANNO":"2010","ID_SEZIONE":"185","ISTAT_COMUNE_SEZ":"1216","COMUNE_SEZ":"RIVARA","PROVINCIA":"TO","ID_CENTRALE":"1106","NOME_CENTRALE":"RIVARA","ISTAT_COMUNE_CENTR":"1216","COMUNE_CENTR":"RIVARA","PROVINCIA_CENTR":"TO","INDIRIZZO_CENTRALE":"P.ZA G. GOZZANO 4","LATITUDINE_SEZIONE":"45.34198","LONGITUDINE_SEZIONE":"7.61120","POS_X_SEZIONE":"391194.16967","POS_Y_SEZIONE":"5021878.81428","LATITUDINE_CENTRALE":"45.33275","LONGITUDINE_CENTRALE":"7.62503","POS_X_CENTRALE":"392260.66586","POS_Y_CENTRALE":"5020834.72684","TIPO_ADSL":"ADSL_M","DESCRIZIONE_TIPO_ADSL":"ADSL Mini","DISTANZA_CALCOLATA":"1492.49","CLASSE_DISTANZA":"1300-1699","POTENZA_SEGNALE":"0.64","POPOLAZIONE_SEZIONE": "18"}
			},
		 		{ "type" : "Feature",
				"geometry" : {
					"type" : "Point",
					"coordinates" : [7.64153,45.33562]},
			"properties" : { "ANNO":"2010","ID_SEZIONE":"827","ISTAT_COMUNE_SEZ":"1216","COMUNE_SEZ":"RIVARA","PROVINCIA":"TO","ID_CENTRALE":"1106","NOME_CENTRALE":"RIVARA","ISTAT_COMUNE_CENTR":"1216","COMUNE_CENTR":"RIVARA","PROVINCIA_CENTR":"TO","INDIRIZZO_CENTRALE":"P.ZA G. GOZZANO 4","LATITUDINE_SEZIONE":"45.33562","LONGITUDINE_SEZIONE":"7.64153","POS_X_SEZIONE":"393558.76487","POS_Y_SEZIONE":"5021132.32238","LATITUDINE_CENTRALE":"45.33275","LONGITUDINE_CENTRALE":"7.62503","POS_X_CENTRALE":"392260.66586","POS_Y_CENTRALE":"5020834.72684","TIPO_ADSL":"ADSL_M","DESCRIZIONE_TIPO_ADSL":"ADSL Mini","DISTANZA_CALCOLATA":"1331.77","CLASSE_DISTANZA":"1300-1699","POTENZA_SEGNALE":"0.64","POPOLAZIONE_SEZIONE": "42"}
			},
		 		{ "type" : "Feature",
				"geometry" : {
					"type" : "Point",
					"coordinates" : [7.62378,45.33668]},
			"properties" : { "ANNO":"2010","ID_SEZIONE":"1770","ISTAT_COMUNE_SEZ":"1216","COMUNE_SEZ":"RIVARA","PROVINCIA":"TO","ID_CENTRALE":"1106","NOME_CENTRALE":"RIVARA","ISTAT_COMUNE_CENTR":"1216","COMUNE_CENTR":"RIVARA","PROVINCIA_CENTR":"TO","INDIRIZZO_CENTRALE":"P.ZA G. GOZZANO 4","LATITUDINE_SEZIONE":"45.33668","LONGITUDINE_SEZIONE":"7.62378","POS_X_SEZIONE":"392169.92083","POS_Y_SEZIONE":"5021273.81767","LATITUDINE_CENTRALE":"45.33275","LONGITUDINE_CENTRALE":"7.62503","POS_X_CENTRALE":"392260.66586","POS_Y_CENTRALE":"5020834.72684","TIPO_ADSL":"ADSL_M","DESCRIZIONE_TIPO_ADSL":"ADSL Mini","DISTANZA_CALCOLATA":"448.37","CLASSE_DISTANZA":"100-499","POTENZA_SEGNALE":"0.64","POPOLAZIONE_SEZIONE": "508"}
			},
		 		{ "type" : "Feature",
				"geometry" : {
					"type" : "Point",
					"coordinates" : [7.64110,45.32866]},
			"properties" : { "ANNO":"2010","ID_SEZIONE":"2982","ISTAT_COMUNE_SEZ":"1216","COMUNE_SEZ":"RIVARA","PROVINCIA":"TO","ID_CENTRALE":"1106","NOME_CENTRALE":"RIVARA","ISTAT_COMUNE_CENTR":"1216","COMUNE_CENTR":"RIVARA","PROVINCIA_CENTR":"TO","INDIRIZZO_CENTRALE":"P.ZA G. GOZZANO 4","LATITUDINE_SEZIONE":"45.32866","LONGITUDINE_SEZIONE":"7.64110","POS_X_SEZIONE":"393511.81805","POS_Y_SEZIONE":"5020359.81985","LATITUDINE_CENTRALE":"45.33275","LONGITUDINE_CENTRALE":"7.62503","POS_X_CENTRALE":"392260.66586","POS_Y_CENTRALE":"5020834.72684","TIPO_ADSL":"ADSL_M","DESCRIZIONE_TIPO_ADSL":"ADSL Mini","DISTANZA_CALCOLATA":"1338.25","CLASSE_DISTANZA":"1300-1699","POTENZA_SEGNALE":"0.64","POPOLAZIONE_SEZIONE": "233"}
			},
		 		{ "type" : "Feature",
				"geometry" : {
					"type" : "Point",
					"coordinates" : [7.62323,45.33337]},
			"properties" : { "ANNO":"2010","ID_SEZIONE":"4133","ISTAT_COMUNE_SEZ":"1216","COMUNE_SEZ":"RIVARA","PROVINCIA":"TO","ID_CENTRALE":"1106","NOME_CENTRALE":"RIVARA","ISTAT_COMUNE_CENTR":"1216","COMUNE_CENTR":"RIVARA","PROVINCIA_CENTR":"TO","INDIRIZZO_CENTRALE":"P.ZA G. GOZZANO 4","LATITUDINE_SEZIONE":"45.33337","LONGITUDINE_SEZIONE":"7.62323","POS_X_SEZIONE":"392120.91578","POS_Y_SEZIONE":"5020906.81761","LATITUDINE_CENTRALE":"45.33275","LONGITUDINE_CENTRALE":"7.62503","POS_X_CENTRALE":"392260.66586","POS_Y_CENTRALE":"5020834.72684","TIPO_ADSL":"ADSL_M","DESCRIZIONE_TIPO_ADSL":"ADSL Mini","DISTANZA_CALCOLATA":"157.25","CLASSE_DISTANZA":"100-499","POTENZA_SEGNALE":"0.64","POPOLAZIONE_SEZIONE": "556"}
			},
		 		{ "type" : "Feature",
				"geometry" : {
					"type" : "Point",
					"coordinates" : [7.58779,45.35139]},
			"properties" : { "ANNO":"2010","ID_SEZIONE":"6533","ISTAT_COMUNE_SEZ":"1216","COMUNE_SEZ":"RIVARA","PROVINCIA":"TO","ID_CENTRALE":"1106","NOME_CENTRALE":"RIVARA","ISTAT_COMUNE_CENTR":"1216","COMUNE_CENTR":"RIVARA","PROVINCIA_CENTR":"TO","INDIRIZZO_CENTRALE":"P.ZA G. GOZZANO 4","LATITUDINE_SEZIONE":"45.35139","LONGITUDINE_SEZIONE":"7.58779","POS_X_SEZIONE":"389378.69395","POS_Y_SEZIONE":"5022956.80673","LATITUDINE_CENTRALE":"45.33275","LONGITUDINE_CENTRALE":"7.62503","POS_X_CENTRALE":"392260.66586","POS_Y_CENTRALE":"5020834.72684","TIPO_ADSL":"ADSL_M","DESCRIZIONE_TIPO_ADSL":"ADSL Mini","DISTANZA_CALCOLATA":"3578.96","CLASSE_DISTANZA":"3300-3699","POTENZA_SEGNALE":"0.64","POPOLAZIONE_SEZIONE": "38"}
			},
		 		{ "type" : "Feature",
				"geometry" : {
					"type" : "Point",
					"coordinates" : [7.64312,45.31999]},
			"properties" : { "ANNO":"2010","ID_SEZIONE":"6988","ISTAT_COMUNE_SEZ":"1216","COMUNE_SEZ":"RIVARA","PROVINCIA":"TO","ID_CENTRALE":"1106","NOME_CENTRALE":"RIVARA","ISTAT_COMUNE_CENTR":"1216","COMUNE_CENTR":"RIVARA","PROVINCIA_CENTR":"TO","INDIRIZZO_CENTRALE":"P.ZA G. GOZZANO 4","LATITUDINE_SEZIONE":"45.31999","LONGITUDINE_SEZIONE":"7.64312","POS_X_SEZIONE":"393654.02247","POS_Y_SEZIONE":"5019393.81716","LATITUDINE_CENTRALE":"45.33275","LONGITUDINE_CENTRALE":"7.62503","POS_X_CENTRALE":"392260.66586","POS_Y_CENTRALE":"5020834.72684","TIPO_ADSL":"ADSL_M","DESCRIZIONE_TIPO_ADSL":"ADSL Mini","DISTANZA_CALCOLATA":"2004.41","CLASSE_DISTANZA":"1700-2099","POTENZA_SEGNALE":"0.64","POPOLAZIONE_SEZIONE": "136"}
			},
		 		{ "type" : "Feature",
				"geometry" : {
					"type" : "Point",
					"coordinates" : [7.63079,45.31462]},
			"properties" : { "ANNO":"2010","ID_SEZIONE":"7892","ISTAT_COMUNE_SEZ":"1216","COMUNE_SEZ":"RIVARA","PROVINCIA":"TO","ID_CENTRALE":"1106","NOME_CENTRALE":"RIVARA","ISTAT_COMUNE_CENTR":"1216","COMUNE_CENTR":"RIVARA","PROVINCIA_CENTR":"TO","INDIRIZZO_CENTRALE":"P.ZA G. GOZZANO 4","LATITUDINE_SEZIONE":"45.31462","LONGITUDINE_SEZIONE":"7.63079","POS_X_SEZIONE":"392677.84685","POS_Y_SEZIONE":"5018813.31258","LATITUDINE_CENTRALE":"45.33275","LONGITUDINE_CENTRALE":"7.62503","POS_X_CENTRALE":"392260.66586","POS_Y_CENTRALE":"5020834.72684","TIPO_ADSL":"ADSL_M","DESCRIZIONE_TIPO_ADSL":"ADSL Mini","DISTANZA_CALCOLATA":"2064.01","CLASSE_DISTANZA":"1700-2099","POTENZA_SEGNALE":"0.64","POPOLAZIONE_SEZIONE": "60"}
			},
		 		{ "type" : "Feature",
				"geometry" : {
					"type" : "Point",
					"coordinates" : [7.62170,45.32828]},
			"properties" : { "ANNO":"2010","ID_SEZIONE":"8832","ISTAT_COMUNE_SEZ":"1216","COMUNE_SEZ":"RIVARA","PROVINCIA":"TO","ID_CENTRALE":"1106","NOME_CENTRALE":"RIVARA","ISTAT_COMUNE_CENTR":"1216","COMUNE_CENTR":"RIVARA","PROVINCIA_CENTR":"TO","INDIRIZZO_CENTRALE":"P.ZA G. GOZZANO 4","LATITUDINE_SEZIONE":"45.32828","LONGITUDINE_SEZIONE":"7.62170","POS_X_SEZIONE":"391991.13043","POS_Y_SEZIONE":"5020342.81530","LATITUDINE_CENTRALE":"45.33275","LONGITUDINE_CENTRALE":"7.62503","POS_X_CENTRALE":"392260.66586","POS_Y_CENTRALE":"5020834.72684","TIPO_ADSL":"ADSL_M","DESCRIZIONE_TIPO_ADSL":"ADSL Mini","DISTANZA_CALCOLATA":"560.92","CLASSE_DISTANZA":"500-899","POTENZA_SEGNALE":"0.64","POPOLAZIONE_SEZIONE": "15"}
			},
		 		{ "type" : "Feature",
				"geometry" : {
					"type" : "Point",
					"coordinates" : [7.64652,45.31802]},
			"properties" : { "ANNO":"2010","ID_SEZIONE":"9105","ISTAT_COMUNE_SEZ":"1216","COMUNE_SEZ":"RIVARA","PROVINCIA":"TO","ID_CENTRALE":"1106","NOME_CENTRALE":"RIVARA","ISTAT_COMUNE_CENTR":"1216","COMUNE_CENTR":"RIVARA","PROVINCIA_CENTR":"TO","INDIRIZZO_CENTRALE":"P.ZA G. GOZZANO 4","LATITUDINE_SEZIONE":"45.31802","LONGITUDINE_SEZIONE":"7.64652","POS_X_SEZIONE":"393916.85716","POS_Y_SEZIONE":"5019169.81716","LATITUDINE_CENTRALE":"45.33275","LONGITUDINE_CENTRALE":"7.62503","POS_X_CENTRALE":"392260.66586","POS_Y_CENTRALE":"5020834.72684","TIPO_ADSL":"ADSL_M","DESCRIZIONE_TIPO_ADSL":"ADSL Mini","DISTANZA_CALCOLATA":"2348.38","CLASSE_DISTANZA":"2100-2499","POTENZA_SEGNALE":"0.64","POPOLAZIONE_SEZIONE": "51"}
			},
		 		{ "type" : "Feature",
				"geometry" : {
					"type" : "Point",
					"coordinates" : [7.63956,45.32375]},
			"properties" : { "ANNO":"2010","ID_SEZIONE":"10675","ISTAT_COMUNE_SEZ":"1216","COMUNE_SEZ":"RIVARA","PROVINCIA":"TO","ID_CENTRALE":"1106","NOME_CENTRALE":"RIVARA","ISTAT_COMUNE_CENTR":"1216","COMUNE_CENTR":"RIVARA","PROVINCIA_CENTR":"TO","INDIRIZZO_CENTRALE":"P.ZA G. GOZZANO 4","LATITUDINE_SEZIONE":"45.32375","LONGITUDINE_SEZIONE":"7.63956","POS_X_SEZIONE":"393382.25133","POS_Y_SEZIONE":"5019816.31802","LATITUDINE_CENTRALE":"45.33275","LONGITUDINE_CENTRALE":"7.62503","POS_X_CENTRALE":"392260.66586","POS_Y_CENTRALE":"5020834.72684","TIPO_ADSL":"ADSL_M","DESCRIZIONE_TIPO_ADSL":"ADSL Mini","DISTANZA_CALCOLATA":"1514.96","CLASSE_DISTANZA":"1300-1699","POTENZA_SEGNALE":"0.64","POPOLAZIONE_SEZIONE": "73"}
			},
		 		{ "type" : "Feature",
				"geometry" : {
					"type" : "Point",
					"coordinates" : [7.61776,45.32449]},
			"properties" : { "ANNO":"2010","ID_SEZIONE":"11166","ISTAT_COMUNE_SEZ":"1216","COMUNE_SEZ":"RIVARA","PROVINCIA":"TO","ID_CENTRALE":"1106","NOME_CENTRALE":"RIVARA","ISTAT_COMUNE_CENTR":"1216","COMUNE_CENTR":"RIVARA","PROVINCIA_CENTR":"TO","INDIRIZZO_CENTRALE":"P.ZA G. GOZZANO 4","LATITUDINE_SEZIONE":"45.32449","LONGITUDINE_SEZIONE":"7.61776","POS_X_SEZIONE":"391675.31962","POS_Y_SEZIONE":"5019927.81319","LATITUDINE_CENTRALE":"45.33275","LONGITUDINE_CENTRALE":"7.62503","POS_X_CENTRALE":"392260.66586","POS_Y_CENTRALE":"5020834.72684","TIPO_ADSL":"ADSL_M","DESCRIZIONE_TIPO_ADSL":"ADSL Mini","DISTANZA_CALCOLATA":"1079.41","CLASSE_DISTANZA":"900-1299","POTENZA_SEGNALE":"0.64","POPOLAZIONE_SEZIONE": "13"}
			},
		 		{ "type" : "Feature",
				"geometry" : {
					"type" : "Point",
					"coordinates" : [7.58996,45.35010]},
			"properties" : { "ANNO":"2010","ID_SEZIONE":"11746","ISTAT_COMUNE_SEZ":"1216","COMUNE_SEZ":"RIVARA","PROVINCIA":"TO","ID_CENTRALE":"1106","NOME_CENTRALE":"RIVARA","ISTAT_COMUNE_CENTR":"1216","COMUNE_CENTR":"RIVARA","PROVINCIA_CENTR":"TO","INDIRIZZO_CENTRALE":"P.ZA G. GOZZANO 4","LATITUDINE_SEZIONE":"45.35010","LONGITUDINE_SEZIONE":"7.58996","POS_X_SEZIONE":"389546.53216","POS_Y_SEZIONE":"5022809.80743","LATITUDINE_CENTRALE":"45.33275","LONGITUDINE_CENTRALE":"7.62503","POS_X_CENTRALE":"392260.66586","POS_Y_CENTRALE":"5020834.72684","TIPO_ADSL":"ADSL_M","DESCRIZIONE_TIPO_ADSL":"ADSL Mini","DISTANZA_CALCOLATA":"3356.7","CLASSE_DISTANZA":"3300-3699","POTENZA_SEGNALE":"0.64","POPOLAZIONE_SEZIONE": ""}
			},
		 		{ "type" : "Feature",
				"geometry" : {
					"type" : "Point",
					"coordinates" : [7.63017,45.33268]},
			"properties" : { "ANNO":"2010","ID_SEZIONE":"14123","ISTAT_COMUNE_SEZ":"1216","COMUNE_SEZ":"RIVARA","PROVINCIA":"TO","ID_CENTRALE":"1106","NOME_CENTRALE":"RIVARA","ISTAT_COMUNE_CENTR":"1216","COMUNE_CENTR":"RIVARA","PROVINCIA_CENTR":"TO","INDIRIZZO_CENTRALE":"P.ZA G. GOZZANO 4","LATITUDINE_SEZIONE":"45.33268","LONGITUDINE_SEZIONE":"7.63017","POS_X_SEZIONE":"392663.15296","POS_Y_SEZIONE":"5020820.81902","LATITUDINE_CENTRALE":"45.33275","LONGITUDINE_CENTRALE":"7.62503","POS_X_CENTRALE":"392260.66586","POS_Y_CENTRALE":"5020834.72684","TIPO_ADSL":"ADSL_M","DESCRIZIONE_TIPO_ADSL":"ADSL Mini","DISTANZA_CALCOLATA":"402.73","CLASSE_DISTANZA":"100-499","POTENZA_SEGNALE":"0.64","POPOLAZIONE_SEZIONE": "288"}
			},
		 		{ "type" : "Feature",
				"geometry" : {
					"type" : "Point",
					"coordinates" : [7.62152,45.33978]},
			"properties" : { "ANNO":"2010","ID_SEZIONE":"18980","ISTAT_COMUNE_SEZ":"1216","COMUNE_SEZ":"RIVARA","PROVINCIA":"TO","ID_CENTRALE":"1106","NOME_CENTRALE":"RIVARA","ISTAT_COMUNE_CENTR":"1216","COMUNE_CENTR":"RIVARA","PROVINCIA_CENTR":"TO","INDIRIZZO_CENTRALE":"P.ZA G. GOZZANO 4","LATITUDINE_SEZIONE":"45.33978","LONGITUDINE_SEZIONE":"7.62152","POS_X_SEZIONE":"391998.61792","POS_Y_SEZIONE":"5021621.31719","LATITUDINE_CENTRALE":"45.33275","LONGITUDINE_CENTRALE":"7.62503","POS_X_CENTRALE":"392260.66586","POS_Y_CENTRALE":"5020834.72684","TIPO_ADSL":"ADSL_M","DESCRIZIONE_TIPO_ADSL":"ADSL Mini","DISTANZA_CALCOLATA":"829.09","CLASSE_DISTANZA":"500-899","POTENZA_SEGNALE":"0.64","POPOLAZIONE_SEZIONE": "57"}
			},
		 		{ "type" : "Feature",
				"geometry" : {
					"type" : "Point",
					"coordinates" : [7.60085,45.33809]},
			"properties" : { "ANNO":"2010","ID_SEZIONE":"20004","ISTAT_COMUNE_SEZ":"1107","COMUNE_SEZ":"FORNO CANAVESE","PROVINCIA":"TO","ID_CENTRALE":"1106","NOME_CENTRALE":"RIVARA","ISTAT_COMUNE_CENTR":"1216","COMUNE_CENTR":"RIVARA","PROVINCIA_CENTR":"TO","INDIRIZZO_CENTRALE":"P.ZA G. GOZZANO 4","LATITUDINE_SEZIONE":"45.33809","LONGITUDINE_SEZIONE":"7.60085","POS_X_SEZIONE":"390375.80474","POS_Y_SEZIONE":"5021461.31156","LATITUDINE_CENTRALE":"45.33275","LONGITUDINE_CENTRALE":"7.62503","POS_X_CENTRALE":"392260.66586","POS_Y_CENTRALE":"5020834.72684","TIPO_ADSL":"ADSL_M","DESCRIZIONE_TIPO_ADSL":"ADSL Mini","DISTANZA_CALCOLATA":"1986.28","CLASSE_DISTANZA":"1700-2099","POTENZA_SEGNALE":"0.64","POPOLAZIONE_SEZIONE": "268"}
			},
		 		{ "type" : "Feature",
				"geometry" : {
					"type" : "Point",
					"coordinates" : [7.60134,45.34299]},
			"properties" : { "ANNO":"2010","ID_SEZIONE":"23838","ISTAT_COMUNE_SEZ":"1216","COMUNE_SEZ":"RIVARA","PROVINCIA":"TO","ID_CENTRALE":"1106","NOME_CENTRALE":"RIVARA","ISTAT_COMUNE_CENTR":"1216","COMUNE_CENTR":"RIVARA","PROVINCIA_CENTR":"TO","INDIRIZZO_CENTRALE":"P.ZA G. GOZZANO 4","LATITUDINE_SEZIONE":"45.34299","LONGITUDINE_SEZIONE":"7.60134","POS_X_SEZIONE":"390423.84365","POS_Y_SEZIONE":"5022005.31156","LATITUDINE_CENTRALE":"45.33275","LONGITUDINE_CENTRALE":"7.62503","POS_X_CENTRALE":"392260.66586","POS_Y_CENTRALE":"5020834.72684","TIPO_ADSL":"ADSL_M","DESCRIZIONE_TIPO_ADSL":"ADSL Mini","DISTANZA_CALCOLATA":"2178.11","CLASSE_DISTANZA":"2100-2499","POTENZA_SEGNALE":"0.64","POPOLAZIONE_SEZIONE": ""}
			},
		 		{ "type" : "Feature",
				"geometry" : {
					"type" : "Point",
					"coordinates" : [7.61568,45.33288]},
			"properties" : { "ANNO":"2010","ID_SEZIONE":"24337","ISTAT_COMUNE_SEZ":"1216","COMUNE_SEZ":"RIVARA","PROVINCIA":"TO","ID_CENTRALE":"1106","NOME_CENTRALE":"RIVARA","ISTAT_COMUNE_CENTR":"1216","COMUNE_CENTR":"RIVARA","PROVINCIA_CENTR":"TO","INDIRIZZO_CENTRALE":"P.ZA G. GOZZANO 4","LATITUDINE_SEZIONE":"45.33288","LONGITUDINE_SEZIONE":"7.61568","POS_X_SEZIONE":"391528.33415","POS_Y_SEZIONE":"5020861.81588","LATITUDINE_CENTRALE":"45.33275","LONGITUDINE_CENTRALE":"7.62503","POS_X_CENTRALE":"392260.66586","POS_Y_CENTRALE":"5020834.72684","TIPO_ADSL":"ADSL_M","DESCRIZIONE_TIPO_ADSL":"ADSL Mini","DISTANZA_CALCOLATA":"732.83","CLASSE_DISTANZA":"500-899","POTENZA_SEGNALE":"0.64","POPOLAZIONE_SEZIONE": "39"}
			},
		 		{ "type" : "Feature",
				"geometry" : {
					"type" : "Point",
					"coordinates" : [7.60877,45.33849]},
			"properties" : { "ANNO":"2010","ID_SEZIONE":"24715","ISTAT_COMUNE_SEZ":"1216","COMUNE_SEZ":"RIVARA","PROVINCIA":"TO","ID_CENTRALE":"1106","NOME_CENTRALE":"RIVARA","ISTAT_COMUNE_CENTR":"1216","COMUNE_CENTR":"RIVARA","PROVINCIA_CENTR":"TO","INDIRIZZO_CENTRALE":"P.ZA G. GOZZANO 4","LATITUDINE_SEZIONE":"45.33849","LONGITUDINE_SEZIONE":"7.60877","POS_X_SEZIONE":"390997.73063","POS_Y_SEZIONE":"5021494.31406","LATITUDINE_CENTRALE":"45.33275","LONGITUDINE_CENTRALE":"7.62503","POS_X_CENTRALE":"392260.66586","POS_Y_CENTRALE":"5020834.72684","TIPO_ADSL":"ADSL_M","DESCRIZIONE_TIPO_ADSL":"ADSL Mini","DISTANZA_CALCOLATA":"1424.8","CLASSE_DISTANZA":"1300-1699","POTENZA_SEGNALE":"0.64","POPOLAZIONE_SEZIONE": "41"}
			},
		 		{ "type" : "Feature",
				"geometry" : {
					"type" : "Point",
					"coordinates" : [7.58766,45.35374]},
			"properties" : { "ANNO":"2010","ID_SEZIONE":"25171","ISTAT_COMUNE_SEZ":"1216","COMUNE_SEZ":"RIVARA","PROVINCIA":"TO","ID_CENTRALE":"1106","NOME_CENTRALE":"RIVARA","ISTAT_COMUNE_CENTR":"1216","COMUNE_CENTR":"RIVARA","PROVINCIA_CENTR":"TO","INDIRIZZO_CENTRALE":"P.ZA G. GOZZANO 4","LATITUDINE_SEZIONE":"45.35374","LONGITUDINE_SEZIONE":"7.58766","POS_X_SEZIONE":"389373.04250","POS_Y_SEZIONE":"5023217.80641","LATITUDINE_CENTRALE":"45.33275","LONGITUDINE_CENTRALE":"7.62503","POS_X_CENTRALE":"392260.66586","POS_Y_CENTRALE":"5020834.72684","TIPO_ADSL":"ADSL_M","DESCRIZIONE_TIPO_ADSL":"ADSL Mini","DISTANZA_CALCOLATA":"3743.99","CLASSE_DISTANZA":"3700-4099","POTENZA_SEGNALE":"0.64","POPOLAZIONE_SEZIONE": ""}
			},
		 		{ "type" : "Feature",
				"geometry" : {
					"type" : "Point",
					"coordinates" : [7.63397,45.33256]},
			"properties" : { "ANNO":"2010","ID_SEZIONE":"26870","ISTAT_COMUNE_SEZ":"1216","COMUNE_SEZ":"RIVARA","PROVINCIA":"TO","ID_CENTRALE":"1106","NOME_CENTRALE":"RIVARA","ISTAT_COMUNE_CENTR":"1216","COMUNE_CENTR":"RIVARA","PROVINCIA_CENTR":"TO","INDIRIZZO_CENTRALE":"P.ZA G. GOZZANO 4","LATITUDINE_SEZIONE":"45.33256","LONGITUDINE_SEZIONE":"7.63397","POS_X_SEZIONE":"392960.45959","POS_Y_SEZIONE":"5020801.82023","LATITUDINE_CENTRALE":"45.33275","LONGITUDINE_CENTRALE":"7.62503","POS_X_CENTRALE":"392260.66586","POS_Y_CENTRALE":"5020834.72684","TIPO_ADSL":"ADSL_M","DESCRIZIONE_TIPO_ADSL":"ADSL Mini","DISTANZA_CALCOLATA":"700.57","CLASSE_DISTANZA":"500-899","POTENZA_SEGNALE":"0.64","POPOLAZIONE_SEZIONE": "396"}
			},
		 		{ "type" : "Feature",
				"geometry" : {
					"type" : "Point",
					"coordinates" : [7.63486,45.33626]},
			"properties" : { "ANNO":"2010","ID_SEZIONE":"28563","ISTAT_COMUNE_SEZ":"1216","COMUNE_SEZ":"RIVARA","PROVINCIA":"TO","ID_CENTRALE":"1106","NOME_CENTRALE":"RIVARA","ISTAT_COMUNE_CENTR":"1216","COMUNE_CENTR":"RIVARA","PROVINCIA_CENTR":"TO","INDIRIZZO_CENTRALE":"P.ZA G. GOZZANO 4","LATITUDINE_SEZIONE":"45.33626","LONGITUDINE_SEZIONE":"7.63486","POS_X_SEZIONE":"393037.18381","POS_Y_SEZIONE":"5021212.32084","LATITUDINE_CENTRALE":"45.33275","LONGITUDINE_CENTRALE":"7.62503","POS_X_CENTRALE":"392260.66586","POS_Y_CENTRALE":"5020834.72684","TIPO_ADSL":"ADSL_M","DESCRIZIONE_TIPO_ADSL":"ADSL Mini","DISTANZA_CALCOLATA":"863.46","CLASSE_DISTANZA":"500-899","POTENZA_SEGNALE":"0.64","POPOLAZIONE_SEZIONE": "27"}
			}
		 		]
	}
		