 	{ "type" : "FeatureCollection",
		"features" : [
		 		{ "type" : "Feature",
				"geometry" : {
					"type" : "Point",
					"coordinates" : [7.68732,45.04920]},
			"properties" : { "ANNO":"2010","ID_SEZIONE":"153","ISTAT_COMUNE_SEZ":"1272","COMUNE_SEZ":"TORINO","PROVINCIA":"TO","ID_CENTRALE":"1456","NOME_CENTRALE":"TORINO CRIMEA","ISTAT_COMUNE_CENTR":"1272","COMUNE_CENTR":"TORINO","PROVINCIA_CENTR":"TO","INDIRIZZO_CENTRALE":"VIALE THOVEZ","LATITUDINE_SEZIONE":"45.04920","LONGITUDINE_SEZIONE":"7.68732","POS_X_SEZIONE":"396629.04916","POS_Y_SEZIONE":"4989254.08772","LATITUDINE_CENTRALE":"45.05531","LONGITUDINE_CENTRALE":"7.69651","POS_X_CENTRALE":"397363.81250","POS_Y_CENTRALE":"4989921.00000","TIPO_ADSL":"ADSL_2P","DESCRIZIONE_TIPO_ADSL":"ADSL 2+ (24 mega)","DISTANZA_CALCOLATA":"992.29","CLASSE_DISTANZA":"900-1299","POTENZA_SEGNALE":"17737.5","POPOLAZIONE_SEZIONE": ""}
			},
		 		{ "type" : "Feature",
				"geometry" : {
					"type" : "Point",
					"coordinates" : [7.69425,45.05788]},
			"properties" : { "ANNO":"2010","ID_SEZIONE":"566","ISTAT_COMUNE_SEZ":"1272","COMUNE_SEZ":"TORINO","PROVINCIA":"TO","ID_CENTRALE":"1456","NOME_CENTRALE":"TORINO CRIMEA","ISTAT_COMUNE_CENTR":"1272","COMUNE_CENTR":"TORINO","PROVINCIA_CENTR":"TO","INDIRIZZO_CENTRALE":"VIALE THOVEZ","LATITUDINE_SEZIONE":"45.05788","LONGITUDINE_SEZIONE":"7.69425","POS_X_SEZIONE":"397190.29997","POS_Y_SEZIONE":"4990209.10392","LATITUDINE_CENTRALE":"45.05531","LONGITUDINE_CENTRALE":"7.69651","POS_X_CENTRALE":"397363.81250","POS_Y_CENTRALE":"4989921.00000","TIPO_ADSL":"ADSL_2P","DESCRIZIONE_TIPO_ADSL":"ADSL 2+ (24 mega)","DISTANZA_CALCOLATA":"336.32","CLASSE_DISTANZA":"100-499","POTENZA_SEGNALE":"19761.67","POPOLAZIONE_SEZIONE": "70"}
			},
		 		{ "type" : "Feature",
				"geometry" : {
					"type" : "Point",
					"coordinates" : [7.69650,45.05698]},
			"properties" : { "ANNO":"2010","ID_SEZIONE":"568","ISTAT_COMUNE_SEZ":"1272","COMUNE_SEZ":"TORINO","PROVINCIA":"TO","ID_CENTRALE":"1456","NOME_CENTRALE":"TORINO CRIMEA","ISTAT_COMUNE_CENTR":"1272","COMUNE_CENTR":"TORINO","PROVINCIA_CENTR":"TO","INDIRIZZO_CENTRALE":"VIALE THOVEZ","LATITUDINE_SEZIONE":"45.05698","LONGITUDINE_SEZIONE":"7.69650","POS_X_SEZIONE":"397365.92110","POS_Y_SEZIONE":"4990106.60151","LATITUDINE_CENTRALE":"45.05531","LONGITUDINE_CENTRALE":"7.69651","POS_X_CENTRALE":"397363.81250","POS_Y_CENTRALE":"4989921.00000","TIPO_ADSL":"ADSL_2P","DESCRIZIONE_TIPO_ADSL":"ADSL 2+ (24 mega)","DISTANZA_CALCOLATA":"185.61","CLASSE_DISTANZA":"100-499","POTENZA_SEGNALE":"19761.67","POPOLAZIONE_SEZIONE": "39"}
			},
		 		{ "type" : "Feature",
				"geometry" : {
					"type" : "Point",
					"coordinates" : [7.69802,45.04825]},
			"properties" : { "ANNO":"2010","ID_SEZIONE":"573","ISTAT_COMUNE_SEZ":"1272","COMUNE_SEZ":"TORINO","PROVINCIA":"TO","ID_CENTRALE":"1456","NOME_CENTRALE":"TORINO CRIMEA","ISTAT_COMUNE_CENTR":"1272","COMUNE_CENTR":"TORINO","PROVINCIA_CENTR":"TO","INDIRIZZO_CENTRALE":"VIALE THOVEZ","LATITUDINE_SEZIONE":"45.04825","LONGITUDINE_SEZIONE":"7.69802","POS_X_SEZIONE":"397470.34554","POS_Y_SEZIONE":"4989135.08510","LATITUDINE_CENTRALE":"45.05531","LONGITUDINE_CENTRALE":"7.69651","POS_X_CENTRALE":"397363.81250","POS_Y_CENTRALE":"4989921.00000","TIPO_ADSL":"ADSL_2P","DESCRIZIONE_TIPO_ADSL":"ADSL 2+ (24 mega)","DISTANZA_CALCOLATA":"793.10","CLASSE_DISTANZA":"500-899","POTENZA_SEGNALE":"19523.33","POPOLAZIONE_SEZIONE": "77"}
			},
		 		{ "type" : "Feature",
				"geometry" : {
					"type" : "Point",
					"coordinates" : [7.69478,45.05592]},
			"properties" : { "ANNO":"2010","ID_SEZIONE":"2171","ISTAT_COMUNE_SEZ":"1272","COMUNE_SEZ":"TORINO","PROVINCIA":"TO","ID_CENTRALE":"1456","NOME_CENTRALE":"TORINO CRIMEA","ISTAT_COMUNE_CENTR":"1272","COMUNE_CENTR":"TORINO","PROVINCIA_CENTR":"TO","INDIRIZZO_CENTRALE":"VIALE THOVEZ","LATITUDINE_SEZIONE":"45.05592","LONGITUDINE_SEZIONE":"7.69478","POS_X_SEZIONE":"397228.82797","POS_Y_SEZIONE":"4989991.09995","LATITUDINE_CENTRALE":"45.05531","LONGITUDINE_CENTRALE":"7.69651","POS_X_CENTRALE":"397363.81250","POS_Y_CENTRALE":"4989921.00000","TIPO_ADSL":"ADSL_2P","DESCRIZIONE_TIPO_ADSL":"ADSL 2+ (24 mega)","DISTANZA_CALCOLATA":"152.10","CLASSE_DISTANZA":"100-499","POTENZA_SEGNALE":"19761.67","POPOLAZIONE_SEZIONE": "59"}
			},
		 		{ "type" : "Feature",
				"geometry" : {
					"type" : "Point",
					"coordinates" : [7.71333,45.02218]},
			"properties" : { "ANNO":"2010","ID_SEZIONE":"4124","ISTAT_COMUNE_SEZ":"1156","COMUNE_SEZ":"MONCALIERI","PROVINCIA":"TO","ID_CENTRALE":"1456","NOME_CENTRALE":"TORINO CRIMEA","ISTAT_COMUNE_CENTR":"1272","COMUNE_CENTR":"TORINO","PROVINCIA_CENTR":"TO","INDIRIZZO_CENTRALE":"VIALE THOVEZ","LATITUDINE_SEZIONE":"45.02218","LONGITUDINE_SEZIONE":"7.71333","POS_X_SEZIONE":"398630.08494","POS_Y_SEZIONE":"4986219.04644","LATITUDINE_CENTRALE":"45.05531","LONGITUDINE_CENTRALE":"7.69651","POS_X_CENTRALE":"397363.81250","POS_Y_CENTRALE":"4989921.00000","TIPO_ADSL":"ADSL_2P","DESCRIZIONE_TIPO_ADSL":"ADSL 2+ (24 mega)","DISTANZA_CALCOLATA":"3912.53","CLASSE_DISTANZA":"3700-4099","POTENZA_SEGNALE":"2857.5","POPOLAZIONE_SEZIONE": "61"}
			},
		 		{ "type" : "Feature",
				"geometry" : {
					"type" : "Point",
					"coordinates" : [7.69821,45.05831]},
			"properties" : { "ANNO":"2010","ID_SEZIONE":"5302","ISTAT_COMUNE_SEZ":"1272","COMUNE_SEZ":"TORINO","PROVINCIA":"TO","ID_CENTRALE":"1456","NOME_CENTRALE":"TORINO CRIMEA","ISTAT_COMUNE_CENTR":"1272","COMUNE_CENTR":"TORINO","PROVINCIA_CENTR":"TO","INDIRIZZO_CENTRALE":"VIALE THOVEZ","LATITUDINE_SEZIONE":"45.05831","LONGITUDINE_SEZIONE":"7.69821","POS_X_SEZIONE":"397502.95124","POS_Y_SEZIONE":"4990251.60401","LATITUDINE_CENTRALE":"45.05531","LONGITUDINE_CENTRALE":"7.69651","POS_X_CENTRALE":"397363.81250","POS_Y_CENTRALE":"4989921.00000","TIPO_ADSL":"ADSL_2P","DESCRIZIONE_TIPO_ADSL":"ADSL 2+ (24 mega)","DISTANZA_CALCOLATA":"358.69","CLASSE_DISTANZA":"100-499","POTENZA_SEGNALE":"19761.67","POPOLAZIONE_SEZIONE": "50"}
			},
		 		{ "type" : "Feature",
				"geometry" : {
					"type" : "Point",
					"coordinates" : [7.69510,45.05501]},
			"properties" : { "ANNO":"2010","ID_SEZIONE":"5933","ISTAT_COMUNE_SEZ":"1272","COMUNE_SEZ":"TORINO","PROVINCIA":"TO","ID_CENTRALE":"1456","NOME_CENTRALE":"TORINO CRIMEA","ISTAT_COMUNE_CENTR":"1272","COMUNE_CENTR":"TORINO","PROVINCIA_CENTR":"TO","INDIRIZZO_CENTRALE":"VIALE THOVEZ","LATITUDINE_SEZIONE":"45.05501","LONGITUDINE_SEZIONE":"7.69510","POS_X_SEZIONE":"397252.63853","POS_Y_SEZIONE":"4989889.59799","LATITUDINE_CENTRALE":"45.05531","LONGITUDINE_CENTRALE":"7.69651","POS_X_CENTRALE":"397363.81250","POS_Y_CENTRALE":"4989921.00000","TIPO_ADSL":"ADSL_2P","DESCRIZIONE_TIPO_ADSL":"ADSL 2+ (24 mega)","DISTANZA_CALCOLATA":"115.52","CLASSE_DISTANZA":"100-499","POTENZA_SEGNALE":"19761.67","POPOLAZIONE_SEZIONE": "54"}
			},
		 		{ "type" : "Feature",
				"geometry" : {
					"type" : "Point",
					"coordinates" : [7.69158,45.05384]},
			"properties" : { "ANNO":"2010","ID_SEZIONE":"6162","ISTAT_COMUNE_SEZ":"1272","COMUNE_SEZ":"TORINO","PROVINCIA":"TO","ID_CENTRALE":"1456","NOME_CENTRALE":"TORINO CRIMEA","ISTAT_COMUNE_CENTR":"1272","COMUNE_CENTR":"TORINO","PROVINCIA_CENTR":"TO","INDIRIZZO_CENTRALE":"VIALE THOVEZ","LATITUDINE_SEZIONE":"45.05384","LONGITUDINE_SEZIONE":"7.69158","POS_X_SEZIONE":"396972.76705","POS_Y_SEZIONE":"4989763.59633","LATITUDINE_CENTRALE":"45.05531","LONGITUDINE_CENTRALE":"7.69651","POS_X_CENTRALE":"397363.81250","POS_Y_CENTRALE":"4989921.00000","TIPO_ADSL":"ADSL_2P","DESCRIZIONE_TIPO_ADSL":"ADSL 2+ (24 mega)","DISTANZA_CALCOLATA":"421.54","CLASSE_DISTANZA":"100-499","POTENZA_SEGNALE":"19761.67","POPOLAZIONE_SEZIONE": "120"}
			},
		 		{ "type" : "Feature",
				"geometry" : {
					"type" : "Point",
					"coordinates" : [7.69215,45.06153]},
			"properties" : { "ANNO":"2010","ID_SEZIONE":"6968","ISTAT_COMUNE_SEZ":"1272","COMUNE_SEZ":"TORINO","PROVINCIA":"TO","ID_CENTRALE":"1456","NOME_CENTRALE":"TORINO CRIMEA","ISTAT_COMUNE_CENTR":"1272","COMUNE_CENTR":"TORINO","PROVINCIA_CENTR":"TO","INDIRIZZO_CENTRALE":"VIALE THOVEZ","LATITUDINE_SEZIONE":"45.06153","LONGITUDINE_SEZIONE":"7.69215","POS_X_SEZIONE":"397031.61940","POS_Y_SEZIONE":"4990617.11108","LATITUDINE_CENTRALE":"45.05531","LONGITUDINE_CENTRALE":"7.69651","POS_X_CENTRALE":"397363.81250","POS_Y_CENTRALE":"4989921.00000","TIPO_ADSL":"ADSL_2P","DESCRIZIONE_TIPO_ADSL":"ADSL 2+ (24 mega)","DISTANZA_CALCOLATA":"771.31","CLASSE_DISTANZA":"500-899","POTENZA_SEGNALE":"19523.33","POPOLAZIONE_SEZIONE": "244"}
			},
		 		{ "type" : "Feature",
				"geometry" : {
					"type" : "Point",
					"coordinates" : [7.72454,45.04374]},
			"properties" : { "ANNO":"2010","ID_SEZIONE":"6977","ISTAT_COMUNE_SEZ":"1272","COMUNE_SEZ":"TORINO","PROVINCIA":"TO","ID_CENTRALE":"1456","NOME_CENTRALE":"TORINO CRIMEA","ISTAT_COMUNE_CENTR":"1272","COMUNE_CENTR":"TORINO","PROVINCIA_CENTR":"TO","INDIRIZZO_CENTRALE":"VIALE THOVEZ","LATITUDINE_SEZIONE":"45.04374","LONGITUDINE_SEZIONE":"7.72454","POS_X_SEZIONE":"399550.97582","POS_Y_SEZIONE":"4988601.09726","LATITUDINE_CENTRALE":"45.05531","LONGITUDINE_CENTRALE":"7.69651","POS_X_CENTRALE":"397363.81250","POS_Y_CENTRALE":"4989921.00000","TIPO_ADSL":"ADSL_2P","DESCRIZIONE_TIPO_ADSL":"ADSL 2+ (24 mega)","DISTANZA_CALCOLATA":"2554.57","CLASSE_DISTANZA":"2500-2899","POTENZA_SEGNALE":"7380.83","POPOLAZIONE_SEZIONE": "117"}
			},
		 		{ "type" : "Feature",
				"geometry" : {
					"type" : "Point",
					"coordinates" : [7.76530,45.14326]},
			"properties" : { "ANNO":"2010","ID_SEZIONE":"8498","ISTAT_COMUNE_SEZ":"1265","COMUNE_SEZ":"SETTIMO TORINESE","PROVINCIA":"TO","ID_CENTRALE":"1456","NOME_CENTRALE":"TORINO CRIMEA","ISTAT_COMUNE_CENTR":"1272","COMUNE_CENTR":"TORINO","PROVINCIA_CENTR":"TO","INDIRIZZO_CENTRALE":"VIALE THOVEZ","LATITUDINE_SEZIONE":"45.14326","LONGITUDINE_SEZIONE":"7.76530","POS_X_SEZIONE":"402929.27572","POS_Y_SEZIONE":"4999606.76050","LATITUDINE_CENTRALE":"45.05531","LONGITUDINE_CENTRALE":"7.69651","POS_X_CENTRALE":"397363.81250","POS_Y_CENTRALE":"4989921.00000","TIPO_ADSL":"ADSL_2P","DESCRIZIONE_TIPO_ADSL":"ADSL 2+ (24 mega)","DISTANZA_CALCOLATA":"11170.87","CLASSE_DISTANZA":"6100 e oltre","POTENZA_SEGNALE":"0.00","POPOLAZIONE_SEZIONE": "379"}
			},
		 		{ "type" : "Feature",
				"geometry" : {
					"type" : "Point",
					"coordinates" : [7.69355,45.05642]},
			"properties" : { "ANNO":"2010","ID_SEZIONE":"8881","ISTAT_COMUNE_SEZ":"1272","COMUNE_SEZ":"TORINO","PROVINCIA":"TO","ID_CENTRALE":"1456","NOME_CENTRALE":"TORINO CRIMEA","ISTAT_COMUNE_CENTR":"1272","COMUNE_CENTR":"TORINO","PROVINCIA_CENTR":"TO","INDIRIZZO_CENTRALE":"VIALE THOVEZ","LATITUDINE_SEZIONE":"45.05642","LONGITUDINE_SEZIONE":"7.69355","POS_X_SEZIONE":"397132.45524","POS_Y_SEZIONE":"4990048.10091","LATITUDINE_CENTRALE":"45.05531","LONGITUDINE_CENTRALE":"7.69651","POS_X_CENTRALE":"397363.81250","POS_Y_CENTRALE":"4989921.00000","TIPO_ADSL":"ADSL_2P","DESCRIZIONE_TIPO_ADSL":"ADSL 2+ (24 mega)","DISTANZA_CALCOLATA":"263.97","CLASSE_DISTANZA":"100-499","POTENZA_SEGNALE":"19761.67","POPOLAZIONE_SEZIONE": "36"}
			},
		 		{ "type" : "Feature",
				"geometry" : {
					"type" : "Point",
					"coordinates" : [7.69080,45.05308]},
			"properties" : { "ANNO":"2010","ID_SEZIONE":"8882","ISTAT_COMUNE_SEZ":"1272","COMUNE_SEZ":"TORINO","PROVINCIA":"TO","ID_CENTRALE":"1456","NOME_CENTRALE":"TORINO CRIMEA","ISTAT_COMUNE_CENTR":"1272","COMUNE_CENTR":"TORINO","PROVINCIA_CENTR":"TO","INDIRIZZO_CENTRALE":"VIALE THOVEZ","LATITUDINE_SEZIONE":"45.05308","LONGITUDINE_SEZIONE":"7.69080","POS_X_SEZIONE":"396910.54932","POS_Y_SEZIONE":"4989680.59499","LATITUDINE_CENTRALE":"45.05531","LONGITUDINE_CENTRALE":"7.69651","POS_X_CENTRALE":"397363.81250","POS_Y_CENTRALE":"4989921.00000","TIPO_ADSL":"ADSL_2P","DESCRIZIONE_TIPO_ADSL":"ADSL 2+ (24 mega)","DISTANZA_CALCOLATA":"513.07","CLASSE_DISTANZA":"500-899","POTENZA_SEGNALE":"19523.33","POPOLAZIONE_SEZIONE": "76"}
			},
		 		{ "type" : "Feature",
				"geometry" : {
					"type" : "Point",
					"coordinates" : [7.69477,45.05746]},
			"properties" : { "ANNO":"2010","ID_SEZIONE":"9306","ISTAT_COMUNE_SEZ":"1272","COMUNE_SEZ":"TORINO","PROVINCIA":"TO","ID_CENTRALE":"1456","NOME_CENTRALE":"TORINO CRIMEA","ISTAT_COMUNE_CENTR":"1272","COMUNE_CENTR":"TORINO","PROVINCIA_CENTR":"TO","INDIRIZZO_CENTRALE":"VIALE THOVEZ","LATITUDINE_SEZIONE":"45.05746","LONGITUDINE_SEZIONE":"7.69477","POS_X_SEZIONE":"397230.95482","POS_Y_SEZIONE":"4990162.60305","LATITUDINE_CENTRALE":"45.05531","LONGITUDINE_CENTRALE":"7.69651","POS_X_CENTRALE":"397363.81250","POS_Y_CENTRALE":"4989921.00000","TIPO_ADSL":"ADSL_2P","DESCRIZIONE_TIPO_ADSL":"ADSL 2+ (24 mega)","DISTANZA_CALCOLATA":"275.72","CLASSE_DISTANZA":"100-499","POTENZA_SEGNALE":"19761.67","POPOLAZIONE_SEZIONE": "65"}
			},
		 		{ "type" : "Feature",
				"geometry" : {
					"type" : "Point",
					"coordinates" : [7.69527,45.05543]},
			"properties" : { "ANNO":"2010","ID_SEZIONE":"9477","ISTAT_COMUNE_SEZ":"1272","COMUNE_SEZ":"TORINO","PROVINCIA":"TO","ID_CENTRALE":"1456","NOME_CENTRALE":"TORINO CRIMEA","ISTAT_COMUNE_CENTR":"1272","COMUNE_CENTR":"TORINO","PROVINCIA_CENTR":"TO","INDIRIZZO_CENTRALE":"VIALE THOVEZ","LATITUDINE_SEZIONE":"45.05543","LONGITUDINE_SEZIONE":"7.69527","POS_X_SEZIONE":"397266.82657","POS_Y_SEZIONE":"4989935.59915","LATITUDINE_CENTRALE":"45.05531","LONGITUDINE_CENTRALE":"7.69651","POS_X_CENTRALE":"397363.81250","POS_Y_CENTRALE":"4989921.00000","TIPO_ADSL":"ADSL_2P","DESCRIZIONE_TIPO_ADSL":"ADSL 2+ (24 mega)","DISTANZA_CALCOLATA":"98.08","CLASSE_DISTANZA":"0-99","POTENZA_SEGNALE":"19761.67","POPOLAZIONE_SEZIONE": "17"}
			},
		 		{ "type" : "Feature",
				"geometry" : {
					"type" : "Point",
					"coordinates" : [7.69581,45.06090]},
			"properties" : { "ANNO":"2010","ID_SEZIONE":"9719","ISTAT_COMUNE_SEZ":"1272","COMUNE_SEZ":"TORINO","PROVINCIA":"TO","ID_CENTRALE":"1456","NOME_CENTRALE":"TORINO CRIMEA","ISTAT_COMUNE_CENTR":"1272","COMUNE_CENTR":"TORINO","PROVINCIA_CENTR":"TO","INDIRIZZO_CENTRALE":"VIALE THOVEZ","LATITUDINE_SEZIONE":"45.06090","LONGITUDINE_SEZIONE":"7.69581","POS_X_SEZIONE":"397318.83245","POS_Y_SEZIONE":"4990542.60945","LATITUDINE_CENTRALE":"45.05531","LONGITUDINE_CENTRALE":"7.69651","POS_X_CENTRALE":"397363.81250","POS_Y_CENTRALE":"4989921.00000","TIPO_ADSL":"ADSL_2P","DESCRIZIONE_TIPO_ADSL":"ADSL 2+ (24 mega)","DISTANZA_CALCOLATA":"623.23","CLASSE_DISTANZA":"500-899","POTENZA_SEGNALE":"19523.33","POPOLAZIONE_SEZIONE": "4"}
			},
		 		{ "type" : "Feature",
				"geometry" : {
					"type" : "Point",
					"coordinates" : [7.69615,45.05777]},
			"properties" : { "ANNO":"2010","ID_SEZIONE":"10338","ISTAT_COMUNE_SEZ":"1272","COMUNE_SEZ":"TORINO","PROVINCIA":"TO","ID_CENTRALE":"1456","NOME_CENTRALE":"TORINO CRIMEA","ISTAT_COMUNE_CENTR":"1272","COMUNE_CENTR":"TORINO","PROVINCIA_CENTR":"TO","INDIRIZZO_CENTRALE":"VIALE THOVEZ","LATITUDINE_SEZIONE":"45.05777","LONGITUDINE_SEZIONE":"7.69615","POS_X_SEZIONE":"397339.70311","POS_Y_SEZIONE":"4990194.60305","LATITUDINE_CENTRALE":"45.05531","LONGITUDINE_CENTRALE":"7.69651","POS_X_CENTRALE":"397363.81250","POS_Y_CENTRALE":"4989921.00000","TIPO_ADSL":"ADSL_2P","DESCRIZIONE_TIPO_ADSL":"ADSL 2+ (24 mega)","DISTANZA_CALCOLATA":"274.66","CLASSE_DISTANZA":"100-499","POTENZA_SEGNALE":"19761.67","POPOLAZIONE_SEZIONE": "35"}
			},
		 		{ "type" : "Feature",
				"geometry" : {
					"type" : "Point",
					"coordinates" : [7.69851,45.05339]},
			"properties" : { "ANNO":"2010","ID_SEZIONE":"11158","ISTAT_COMUNE_SEZ":"1272","COMUNE_SEZ":"TORINO","PROVINCIA":"TO","ID_CENTRALE":"1456","NOME_CENTRALE":"TORINO CRIMEA","ISTAT_COMUNE_CENTR":"1272","COMUNE_CENTR":"TORINO","PROVINCIA_CENTR":"TO","INDIRIZZO_CENTRALE":"VIALE THOVEZ","LATITUDINE_SEZIONE":"45.05339","LONGITUDINE_SEZIONE":"7.69851","POS_X_SEZIONE":"397517.63182","POS_Y_SEZIONE":"4989705.09470","LATITUDINE_CENTRALE":"45.05531","LONGITUDINE_CENTRALE":"7.69651","POS_X_CENTRALE":"397363.81250","POS_Y_CENTRALE":"4989921.00000","TIPO_ADSL":"ADSL_2P","DESCRIZIONE_TIPO_ADSL":"ADSL 2+ (24 mega)","DISTANZA_CALCOLATA":"265.10","CLASSE_DISTANZA":"100-499","POTENZA_SEGNALE":"19761.67","POPOLAZIONE_SEZIONE": "156"}
			},
		 		{ "type" : "Feature",
				"geometry" : {
					"type" : "Point",
					"coordinates" : [7.69737,45.05805]},
			"properties" : { "ANNO":"2010","ID_SEZIONE":"11523","ISTAT_COMUNE_SEZ":"1272","COMUNE_SEZ":"TORINO","PROVINCIA":"TO","ID_CENTRALE":"1456","NOME_CENTRALE":"TORINO CRIMEA","ISTAT_COMUNE_CENTR":"1272","COMUNE_CENTR":"TORINO","PROVINCIA_CENTR":"TO","INDIRIZZO_CENTRALE":"VIALE THOVEZ","LATITUDINE_SEZIONE":"45.05805","LONGITUDINE_SEZIONE":"7.69737","POS_X_SEZIONE":"397436.23303","POS_Y_SEZIONE":"4990224.10347","LATITUDINE_CENTRALE":"45.05531","LONGITUDINE_CENTRALE":"7.69651","POS_X_CENTRALE":"397363.81250","POS_Y_CENTRALE":"4989921.00000","TIPO_ADSL":"ADSL_2P","DESCRIZIONE_TIPO_ADSL":"ADSL 2+ (24 mega)","DISTANZA_CALCOLATA":"311.64","CLASSE_DISTANZA":"100-499","POTENZA_SEGNALE":"19761.67","POPOLAZIONE_SEZIONE": "25"}
			},
		 		{ "type" : "Feature",
				"geometry" : {
					"type" : "Point",
					"coordinates" : [7.70330,45.05051]},
			"properties" : { "ANNO":"2010","ID_SEZIONE":"11524","ISTAT_COMUNE_SEZ":"1272","COMUNE_SEZ":"TORINO","PROVINCIA":"TO","ID_CENTRALE":"1456","NOME_CENTRALE":"TORINO CRIMEA","ISTAT_COMUNE_CENTR":"1272","COMUNE_CENTR":"TORINO","PROVINCIA_CENTR":"TO","INDIRIZZO_CENTRALE":"VIALE THOVEZ","LATITUDINE_SEZIONE":"45.05051","LONGITUDINE_SEZIONE":"7.70330","POS_X_SEZIONE":"397889.99815","POS_Y_SEZIONE":"4989379.08996","LATITUDINE_CENTRALE":"45.05531","LONGITUDINE_CENTRALE":"7.69651","POS_X_CENTRALE":"397363.81250","POS_Y_CENTRALE":"4989921.00000","TIPO_ADSL":"ADSL_2P","DESCRIZIONE_TIPO_ADSL":"ADSL 2+ (24 mega)","DISTANZA_CALCOLATA":"755.34","CLASSE_DISTANZA":"500-899","POTENZA_SEGNALE":"19523.33","POPOLAZIONE_SEZIONE": "688"}
			},
		 		{ "type" : "Feature",
				"geometry" : {
					"type" : "Point",
					"coordinates" : [7.69316,45.04687]},
			"properties" : { "ANNO":"2010","ID_SEZIONE":"12622","ISTAT_COMUNE_SEZ":"1272","COMUNE_SEZ":"TORINO","PROVINCIA":"TO","ID_CENTRALE":"1456","NOME_CENTRALE":"TORINO CRIMEA","ISTAT_COMUNE_CENTR":"1272","COMUNE_CENTR":"TORINO","PROVINCIA_CENTR":"TO","INDIRIZZO_CENTRALE":"VIALE THOVEZ","LATITUDINE_SEZIONE":"45.04687","LONGITUDINE_SEZIONE":"7.69316","POS_X_SEZIONE":"397085.31949","POS_Y_SEZIONE":"4988987.58302","LATITUDINE_CENTRALE":"45.05531","LONGITUDINE_CENTRALE":"7.69651","POS_X_CENTRALE":"397363.81250","POS_Y_CENTRALE":"4989921.00000","TIPO_ADSL":"ADSL_2P","DESCRIZIONE_TIPO_ADSL":"ADSL 2+ (24 mega)","DISTANZA_CALCOLATA":"974.08","CLASSE_DISTANZA":"900-1299","POTENZA_SEGNALE":"17737.5","POPOLAZIONE_SEZIONE": "47"}
			},
		 		{ "type" : "Feature",
				"geometry" : {
					"type" : "Point",
					"coordinates" : [7.72337,45.03946]},
			"properties" : { "ANNO":"2010","ID_SEZIONE":"15363","ISTAT_COMUNE_SEZ":"1272","COMUNE_SEZ":"TORINO","PROVINCIA":"TO","ID_CENTRALE":"1456","NOME_CENTRALE":"TORINO CRIMEA","ISTAT_COMUNE_CENTR":"1272","COMUNE_CENTR":"TORINO","PROVINCIA_CENTR":"TO","INDIRIZZO_CENTRALE":"VIALE THOVEZ","LATITUDINE_SEZIONE":"45.03946","LONGITUDINE_SEZIONE":"7.72337","POS_X_SEZIONE":"399450.78510","POS_Y_SEZIONE":"4988127.08817","LATITUDINE_CENTRALE":"45.05531","LONGITUDINE_CENTRALE":"7.69651","POS_X_CENTRALE":"397363.81250","POS_Y_CENTRALE":"4989921.00000","TIPO_ADSL":"ADSL_2P","DESCRIZIONE_TIPO_ADSL":"ADSL 2+ (24 mega)","DISTANZA_CALCOLATA":"2752.01","CLASSE_DISTANZA":"2500-2899","POTENZA_SEGNALE":"7380.83","POPOLAZIONE_SEZIONE": "101"}
			},
		 		{ "type" : "Feature",
				"geometry" : {
					"type" : "Point",
					"coordinates" : [7.69613,45.05811]},
			"properties" : { "ANNO":"2010","ID_SEZIONE":"15559","ISTAT_COMUNE_SEZ":"1272","COMUNE_SEZ":"TORINO","PROVINCIA":"TO","ID_CENTRALE":"1456","NOME_CENTRALE":"TORINO CRIMEA","ISTAT_COMUNE_CENTR":"1272","COMUNE_CENTR":"TORINO","PROVINCIA_CENTR":"TO","INDIRIZZO_CENTRALE":"VIALE THOVEZ","LATITUDINE_SEZIONE":"45.05811","LONGITUDINE_SEZIONE":"7.69613","POS_X_SEZIONE":"397338.82861","POS_Y_SEZIONE":"4990232.10398","LATITUDINE_CENTRALE":"45.05531","LONGITUDINE_CENTRALE":"7.69651","POS_X_CENTRALE":"397363.81250","POS_Y_CENTRALE":"4989921.00000","TIPO_ADSL":"ADSL_2P","DESCRIZIONE_TIPO_ADSL":"ADSL 2+ (24 mega)","DISTANZA_CALCOLATA":"312.11","CLASSE_DISTANZA":"100-499","POTENZA_SEGNALE":"19761.67","POPOLAZIONE_SEZIONE": "43"}
			},
		 		{ "type" : "Feature",
				"geometry" : {
					"type" : "Point",
					"coordinates" : [7.69587,45.05596]},
			"properties" : { "ANNO":"2010","ID_SEZIONE":"15713","ISTAT_COMUNE_SEZ":"1272","COMUNE_SEZ":"TORINO","PROVINCIA":"TO","ID_CENTRALE":"1456","NOME_CENTRALE":"TORINO CRIMEA","ISTAT_COMUNE_CENTR":"1272","COMUNE_CENTR":"TORINO","PROVINCIA_CENTR":"TO","INDIRIZZO_CENTRALE":"VIALE THOVEZ","LATITUDINE_SEZIONE":"45.05596","LONGITUDINE_SEZIONE":"7.69587","POS_X_SEZIONE":"397314.35757","POS_Y_SEZIONE":"4989994.59998","LATITUDINE_CENTRALE":"45.05531","LONGITUDINE_CENTRALE":"7.69651","POS_X_CENTRALE":"397363.81250","POS_Y_CENTRALE":"4989921.00000","TIPO_ADSL":"ADSL_2P","DESCRIZIONE_TIPO_ADSL":"ADSL 2+ (24 mega)","DISTANZA_CALCOLATA":"88.67","CLASSE_DISTANZA":"0-99","POTENZA_SEGNALE":"19761.67","POPOLAZIONE_SEZIONE": "52"}
			},
		 		{ "type" : "Feature",
				"geometry" : {
					"type" : "Point",
					"coordinates" : [7.69341,45.05715]},
			"properties" : { "ANNO":"2010","ID_SEZIONE":"15947","ISTAT_COMUNE_SEZ":"1272","COMUNE_SEZ":"TORINO","PROVINCIA":"TO","ID_CENTRALE":"1456","NOME_CENTRALE":"TORINO CRIMEA","ISTAT_COMUNE_CENTR":"1272","COMUNE_CENTR":"TORINO","PROVINCIA_CENTR":"TO","INDIRIZZO_CENTRALE":"VIALE THOVEZ","LATITUDINE_SEZIONE":"45.05715","LONGITUDINE_SEZIONE":"7.69341","POS_X_SEZIONE":"397122.95661","POS_Y_SEZIONE":"4990129.60260","LATITUDINE_CENTRALE":"45.05531","LONGITUDINE_CENTRALE":"7.69651","POS_X_CENTRALE":"397363.81250","POS_Y_CENTRALE":"4989921.00000","TIPO_ADSL":"ADSL_2P","DESCRIZIONE_TIPO_ADSL":"ADSL 2+ (24 mega)","DISTANZA_CALCOLATA":"318.63","CLASSE_DISTANZA":"100-499","POTENZA_SEGNALE":"19761.67","POPOLAZIONE_SEZIONE": "40"}
			},
		 		{ "type" : "Feature",
				"geometry" : {
					"type" : "Point",
					"coordinates" : [7.69708,45.05648]},
			"properties" : { "ANNO":"2010","ID_SEZIONE":"16511","ISTAT_COMUNE_SEZ":"1272","COMUNE_SEZ":"TORINO","PROVINCIA":"TO","ID_CENTRALE":"1456","NOME_CENTRALE":"TORINO CRIMEA","ISTAT_COMUNE_CENTR":"1272","COMUNE_CENTR":"TORINO","PROVINCIA_CENTR":"TO","INDIRIZZO_CENTRALE":"VIALE THOVEZ","LATITUDINE_SEZIONE":"45.05648","LONGITUDINE_SEZIONE":"7.69708","POS_X_SEZIONE":"397411.16961","POS_Y_SEZIONE":"4990050.60049","LATITUDINE_CENTRALE":"45.05531","LONGITUDINE_CENTRALE":"7.69651","POS_X_CENTRALE":"397363.81250","POS_Y_CENTRALE":"4989921.00000","TIPO_ADSL":"ADSL_2P","DESCRIZIONE_TIPO_ADSL":"ADSL 2+ (24 mega)","DISTANZA_CALCOLATA":"137.98","CLASSE_DISTANZA":"100-499","POTENZA_SEGNALE":"19761.67","POPOLAZIONE_SEZIONE": "65"}
			},
		 		{ "type" : "Feature",
				"geometry" : {
					"type" : "Point",
					"coordinates" : [7.69572,45.05723]},
			"properties" : { "ANNO":"2010","ID_SEZIONE":"17966","ISTAT_COMUNE_SEZ":"1272","COMUNE_SEZ":"TORINO","PROVINCIA":"TO","ID_CENTRALE":"1456","NOME_CENTRALE":"TORINO CRIMEA","ISTAT_COMUNE_CENTR":"1272","COMUNE_CENTR":"TORINO","PROVINCIA_CENTR":"TO","INDIRIZZO_CENTRALE":"VIALE THOVEZ","LATITUDINE_SEZIONE":"45.05723","LONGITUDINE_SEZIONE":"7.69572","POS_X_SEZIONE":"397305.51533","POS_Y_SEZIONE":"4990135.10251","LATITUDINE_CENTRALE":"45.05531","LONGITUDINE_CENTRALE":"7.69651","POS_X_CENTRALE":"397363.81250","POS_Y_CENTRALE":"4989921.00000","TIPO_ADSL":"ADSL_2P","DESCRIZIONE_TIPO_ADSL":"ADSL 2+ (24 mega)","DISTANZA_CALCOLATA":"221.90","CLASSE_DISTANZA":"100-499","POTENZA_SEGNALE":"19761.67","POPOLAZIONE_SEZIONE": "61"}
			},
		 		{ "type" : "Feature",
				"geometry" : {
					"type" : "Point",
					"coordinates" : [7.69424,45.05617]},
			"properties" : { "ANNO":"2010","ID_SEZIONE":"18587","ISTAT_COMUNE_SEZ":"1272","COMUNE_SEZ":"TORINO","PROVINCIA":"TO","ID_CENTRALE":"1456","NOME_CENTRALE":"TORINO CRIMEA","ISTAT_COMUNE_CENTR":"1272","COMUNE_CENTR":"TORINO","PROVINCIA_CENTR":"TO","INDIRIZZO_CENTRALE":"VIALE THOVEZ","LATITUDINE_SEZIONE":"45.05617","LONGITUDINE_SEZIONE":"7.69424","POS_X_SEZIONE":"397186.36013","POS_Y_SEZIONE":"4990019.60043","LATITUDINE_CENTRALE":"45.05531","LONGITUDINE_CENTRALE":"7.69651","POS_X_CENTRALE":"397363.81250","POS_Y_CENTRALE":"4989921.00000","TIPO_ADSL":"ADSL_2P","DESCRIZIONE_TIPO_ADSL":"ADSL 2+ (24 mega)","DISTANZA_CALCOLATA":"203.01","CLASSE_DISTANZA":"100-499","POTENZA_SEGNALE":"19761.67","POPOLAZIONE_SEZIONE": "21"}
			},
		 		{ "type" : "Feature",
				"geometry" : {
					"type" : "Point",
					"coordinates" : [7.71006,45.04839]},
			"properties" : { "ANNO":"2010","ID_SEZIONE":"19389","ISTAT_COMUNE_SEZ":"1272","COMUNE_SEZ":"TORINO","PROVINCIA":"TO","ID_CENTRALE":"1456","NOME_CENTRALE":"TORINO CRIMEA","ISTAT_COMUNE_CENTR":"1272","COMUNE_CENTR":"TORINO","PROVINCIA_CENTR":"TO","INDIRIZZO_CENTRALE":"VIALE THOVEZ","LATITUDINE_SEZIONE":"45.04839","LONGITUDINE_SEZIONE":"7.71006","POS_X_SEZIONE":"398418.36577","POS_Y_SEZIONE":"4989135.09227","LATITUDINE_CENTRALE":"45.05531","LONGITUDINE_CENTRALE":"7.69651","POS_X_CENTRALE":"397363.81250","POS_Y_CENTRALE":"4989921.00000","TIPO_ADSL":"ADSL_2P","DESCRIZIONE_TIPO_ADSL":"ADSL 2+ (24 mega)","DISTANZA_CALCOLATA":"1315.19","CLASSE_DISTANZA":"1300-1699","POTENZA_SEGNALE":"16071.67","POPOLAZIONE_SEZIONE": "34"}
			},
		 		{ "type" : "Feature",
				"geometry" : {
					"type" : "Point",
					"coordinates" : [7.69017,45.05250]},
			"properties" : { "ANNO":"2010","ID_SEZIONE":"19767","ISTAT_COMUNE_SEZ":"1272","COMUNE_SEZ":"TORINO","PROVINCIA":"TO","ID_CENTRALE":"1456","NOME_CENTRALE":"TORINO CRIMEA","ISTAT_COMUNE_CENTR":"1272","COMUNE_CENTR":"TORINO","PROVINCIA_CENTR":"TO","INDIRIZZO_CENTRALE":"VIALE THOVEZ","LATITUDINE_SEZIONE":"45.05250","LONGITUDINE_SEZIONE":"7.69017","POS_X_SEZIONE":"396860.01748","POS_Y_SEZIONE":"4989617.09419","LATITUDINE_CENTRALE":"45.05531","LONGITUDINE_CENTRALE":"7.69651","POS_X_CENTRALE":"397363.81250","POS_Y_CENTRALE":"4989921.00000","TIPO_ADSL":"ADSL_2P","DESCRIZIONE_TIPO_ADSL":"ADSL 2+ (24 mega)","DISTANZA_CALCOLATA":"588.36","CLASSE_DISTANZA":"500-899","POTENZA_SEGNALE":"19523.33","POPOLAZIONE_SEZIONE": "58"}
			},
		 		{ "type" : "Feature",
				"geometry" : {
					"type" : "Point",
					"coordinates" : [7.69753,45.05959]},
			"properties" : { "ANNO":"2010","ID_SEZIONE":"20833","ISTAT_COMUNE_SEZ":"1272","COMUNE_SEZ":"TORINO","PROVINCIA":"TO","ID_CENTRALE":"1456","NOME_CENTRALE":"TORINO CRIMEA","ISTAT_COMUNE_CENTR":"1272","COMUNE_CENTR":"TORINO","PROVINCIA_CENTR":"TO","INDIRIZZO_CENTRALE":"VIALE THOVEZ","LATITUDINE_SEZIONE":"45.05959","LONGITUDINE_SEZIONE":"7.69753","POS_X_SEZIONE":"397451.95348","POS_Y_SEZIONE":"4990395.60657","LATITUDINE_CENTRALE":"45.05531","LONGITUDINE_CENTRALE":"7.69651","POS_X_CENTRALE":"397363.81250","POS_Y_CENTRALE":"4989921.00000","TIPO_ADSL":"ADSL_2P","DESCRIZIONE_TIPO_ADSL":"ADSL 2+ (24 mega)","DISTANZA_CALCOLATA":"482.72","CLASSE_DISTANZA":"100-499","POTENZA_SEGNALE":"19761.67","POPOLAZIONE_SEZIONE": "14"}
			},
		 		{ "type" : "Feature",
				"geometry" : {
					"type" : "Point",
					"coordinates" : [7.68930,45.04686]},
			"properties" : { "ANNO":"2010","ID_SEZIONE":"20835","ISTAT_COMUNE_SEZ":"1272","COMUNE_SEZ":"TORINO","PROVINCIA":"TO","ID_CENTRALE":"1456","NOME_CENTRALE":"TORINO CRIMEA","ISTAT_COMUNE_CENTR":"1272","COMUNE_CENTR":"TORINO","PROVINCIA_CENTR":"TO","INDIRIZZO_CENTRALE":"VIALE THOVEZ","LATITUDINE_SEZIONE":"45.04686","LONGITUDINE_SEZIONE":"7.68930","POS_X_SEZIONE":"396781.04353","POS_Y_SEZIONE":"4988991.58327","LATITUDINE_CENTRALE":"45.05531","LONGITUDINE_CENTRALE":"7.69651","POS_X_CENTRALE":"397363.81250","POS_Y_CENTRALE":"4989921.00000","TIPO_ADSL":"ADSL_2P","DESCRIZIONE_TIPO_ADSL":"ADSL 2+ (24 mega)","DISTANZA_CALCOLATA":"1097.01","CLASSE_DISTANZA":"900-1299","POTENZA_SEGNALE":"17737.5","POPOLAZIONE_SEZIONE": "158"}
			},
		 		{ "type" : "Feature",
				"geometry" : {
					"type" : "Point",
					"coordinates" : [7.69216,45.05470]},
			"properties" : { "ANNO":"2010","ID_SEZIONE":"21428","ISTAT_COMUNE_SEZ":"1272","COMUNE_SEZ":"TORINO","PROVINCIA":"TO","ID_CENTRALE":"1456","NOME_CENTRALE":"TORINO CRIMEA","ISTAT_COMUNE_CENTR":"1272","COMUNE_CENTR":"TORINO","PROVINCIA_CENTR":"TO","INDIRIZZO_CENTRALE":"VIALE THOVEZ","LATITUDINE_SEZIONE":"45.05470","LONGITUDINE_SEZIONE":"7.69216","POS_X_SEZIONE":"397020.51719","POS_Y_SEZIONE":"4989859.09815","LATITUDINE_CENTRALE":"45.05531","LONGITUDINE_CENTRALE":"7.69651","POS_X_CENTRALE":"397363.81250","POS_Y_CENTRALE":"4989921.00000","TIPO_ADSL":"ADSL_2P","DESCRIZIONE_TIPO_ADSL":"ADSL 2+ (24 mega)","DISTANZA_CALCOLATA":"348.83","CLASSE_DISTANZA":"100-499","POTENZA_SEGNALE":"19761.67","POPOLAZIONE_SEZIONE": "117"}
			},
		 		{ "type" : "Feature",
				"geometry" : {
					"type" : "Point",
					"coordinates" : [7.69500,45.05860]},
			"properties" : { "ANNO":"2010","ID_SEZIONE":"21791","ISTAT_COMUNE_SEZ":"1272","COMUNE_SEZ":"TORINO","PROVINCIA":"TO","ID_CENTRALE":"1456","NOME_CENTRALE":"TORINO CRIMEA","ISTAT_COMUNE_CENTR":"1272","COMUNE_CENTR":"TORINO","PROVINCIA_CENTR":"TO","INDIRIZZO_CENTRALE":"VIALE THOVEZ","LATITUDINE_SEZIONE":"45.05860","LONGITUDINE_SEZIONE":"7.69500","POS_X_SEZIONE":"397250.70573","POS_Y_SEZIONE":"4990288.10500","LATITUDINE_CENTRALE":"45.05531","LONGITUDINE_CENTRALE":"7.69651","POS_X_CENTRALE":"397363.81250","POS_Y_CENTRALE":"4989921.00000","TIPO_ADSL":"ADSL_2P","DESCRIZIONE_TIPO_ADSL":"ADSL 2+ (24 mega)","DISTANZA_CALCOLATA":"384.13","CLASSE_DISTANZA":"100-499","POTENZA_SEGNALE":"19761.67","POPOLAZIONE_SEZIONE": "188"}
			},
		 		{ "type" : "Feature",
				"geometry" : {
					"type" : "Point",
					"coordinates" : [7.69441,45.05514]},
			"properties" : { "ANNO":"2010","ID_SEZIONE":"22374","ISTAT_COMUNE_SEZ":"1272","COMUNE_SEZ":"TORINO","PROVINCIA":"TO","ID_CENTRALE":"1456","NOME_CENTRALE":"TORINO CRIMEA","ISTAT_COMUNE_CENTR":"1272","COMUNE_CENTR":"TORINO","PROVINCIA_CENTR":"TO","INDIRIZZO_CENTRALE":"VIALE THOVEZ","LATITUDINE_SEZIONE":"45.05514","LONGITUDINE_SEZIONE":"7.69441","POS_X_SEZIONE":"397198.60871","POS_Y_SEZIONE":"4989904.59857","LATITUDINE_CENTRALE":"45.05531","LONGITUDINE_CENTRALE":"7.69651","POS_X_CENTRALE":"397363.81250","POS_Y_CENTRALE":"4989921.00000","TIPO_ADSL":"ADSL_2P","DESCRIZIONE_TIPO_ADSL":"ADSL 2+ (24 mega)","DISTANZA_CALCOLATA":"166.02","CLASSE_DISTANZA":"100-499","POTENZA_SEGNALE":"19761.67","POPOLAZIONE_SEZIONE": "37"}
			},
		 		{ "type" : "Feature",
				"geometry" : {
					"type" : "Point",
					"coordinates" : [7.69861,45.04302]},
			"properties" : { "ANNO":"2010","ID_SEZIONE":"22838","ISTAT_COMUNE_SEZ":"1272","COMUNE_SEZ":"TORINO","PROVINCIA":"TO","ID_CENTRALE":"1456","NOME_CENTRALE":"TORINO CRIMEA","ISTAT_COMUNE_CENTR":"1272","COMUNE_CENTR":"TORINO","PROVINCIA_CENTR":"TO","INDIRIZZO_CENTRALE":"VIALE THOVEZ","LATITUDINE_SEZIONE":"45.04302","LONGITUDINE_SEZIONE":"7.69861","POS_X_SEZIONE":"397507.61966","POS_Y_SEZIONE":"4988552.57502","LATITUDINE_CENTRALE":"45.05531","LONGITUDINE_CENTRALE":"7.69651","POS_X_CENTRALE":"397363.81250","POS_Y_CENTRALE":"4989921.00000","TIPO_ADSL":"ADSL_2P","DESCRIZIONE_TIPO_ADSL":"ADSL 2+ (24 mega)","DISTANZA_CALCOLATA":"1375.96","CLASSE_DISTANZA":"1300-1699","POTENZA_SEGNALE":"16071.67","POPOLAZIONE_SEZIONE": "283"}
			},
		 		{ "type" : "Feature",
				"geometry" : {
					"type" : "Point",
					"coordinates" : [7.70615,45.04434]},
			"properties" : { "ANNO":"2010","ID_SEZIONE":"24955","ISTAT_COMUNE_SEZ":"1272","COMUNE_SEZ":"TORINO","PROVINCIA":"TO","ID_CENTRALE":"1456","NOME_CENTRALE":"TORINO CRIMEA","ISTAT_COMUNE_CENTR":"1272","COMUNE_CENTR":"TORINO","PROVINCIA_CENTR":"TO","INDIRIZZO_CENTRALE":"VIALE THOVEZ","LATITUDINE_SEZIONE":"45.04434","LONGITUDINE_SEZIONE":"7.70615","POS_X_SEZIONE":"398103.08282","POS_Y_SEZIONE":"4988690.58103","LATITUDINE_CENTRALE":"45.05531","LONGITUDINE_CENTRALE":"7.69651","POS_X_CENTRALE":"397363.81250","POS_Y_CENTRALE":"4989921.00000","TIPO_ADSL":"ADSL_2P","DESCRIZIONE_TIPO_ADSL":"ADSL 2+ (24 mega)","DISTANZA_CALCOLATA":"1435.43","CLASSE_DISTANZA":"1300-1699","POTENZA_SEGNALE":"16071.67","POPOLAZIONE_SEZIONE": "15"}
			},
		 		{ "type" : "Feature",
				"geometry" : {
					"type" : "Point",
					"coordinates" : [7.69020,45.05125]},
			"properties" : { "ANNO":"2010","ID_SEZIONE":"25804","ISTAT_COMUNE_SEZ":"1272","COMUNE_SEZ":"TORINO","PROVINCIA":"TO","ID_CENTRALE":"1456","NOME_CENTRALE":"TORINO CRIMEA","ISTAT_COMUNE_CENTR":"1272","COMUNE_CENTR":"TORINO","PROVINCIA_CENTR":"TO","INDIRIZZO_CENTRALE":"VIALE THOVEZ","LATITUDINE_SEZIONE":"45.05125","LONGITUDINE_SEZIONE":"7.69020","POS_X_SEZIONE":"396859.73485","POS_Y_SEZIONE":"4989478.09131","LATITUDINE_CENTRALE":"45.05531","LONGITUDINE_CENTRALE":"7.69651","POS_X_CENTRALE":"397363.81250","POS_Y_CENTRALE":"4989921.00000","TIPO_ADSL":"ADSL_2P","DESCRIZIONE_TIPO_ADSL":"ADSL 2+ (24 mega)","DISTANZA_CALCOLATA":"671.02","CLASSE_DISTANZA":"500-899","POTENZA_SEGNALE":"19523.33","POPOLAZIONE_SEZIONE": "95"}
			},
		 		{ "type" : "Feature",
				"geometry" : {
					"type" : "Point",
					"coordinates" : [7.69362,45.06052]},
			"properties" : { "ANNO":"2010","ID_SEZIONE":"26811","ISTAT_COMUNE_SEZ":"1272","COMUNE_SEZ":"TORINO","PROVINCIA":"TO","ID_CENTRALE":"1456","NOME_CENTRALE":"TORINO CRIMEA","ISTAT_COMUNE_CENTR":"1272","COMUNE_CENTR":"TORINO","PROVINCIA_CENTR":"TO","INDIRIZZO_CENTRALE":"VIALE THOVEZ","LATITUDINE_SEZIONE":"45.06052","LONGITUDINE_SEZIONE":"7.69362","POS_X_SEZIONE":"397146.05396","POS_Y_SEZIONE":"4990503.10865","LATITUDINE_CENTRALE":"45.05531","LONGITUDINE_CENTRALE":"7.69651","POS_X_CENTRALE":"397363.81250","POS_Y_CENTRALE":"4989921.00000","TIPO_ADSL":"ADSL_2P","DESCRIZIONE_TIPO_ADSL":"ADSL 2+ (24 mega)","DISTANZA_CALCOLATA":"621.51","CLASSE_DISTANZA":"500-899","POTENZA_SEGNALE":"19523.33","POPOLAZIONE_SEZIONE": ""}
			},
		 		{ "type" : "Feature",
				"geometry" : {
					"type" : "Point",
					"coordinates" : [7.69421,45.06028]},
			"properties" : { "ANNO":"2010","ID_SEZIONE":"27072","ISTAT_COMUNE_SEZ":"1272","COMUNE_SEZ":"TORINO","PROVINCIA":"TO","ID_CENTRALE":"1456","NOME_CENTRALE":"TORINO CRIMEA","ISTAT_COMUNE_CENTR":"1272","COMUNE_CENTR":"TORINO","PROVINCIA_CENTR":"TO","INDIRIZZO_CENTRALE":"VIALE THOVEZ","LATITUDINE_SEZIONE":"45.06028","LONGITUDINE_SEZIONE":"7.69421","POS_X_SEZIONE":"397191.83393","POS_Y_SEZIONE":"4990476.60856","LATITUDINE_CENTRALE":"45.05531","LONGITUDINE_CENTRALE":"7.69651","POS_X_CENTRALE":"397363.81250","POS_Y_CENTRALE":"4989921.00000","TIPO_ADSL":"ADSL_2P","DESCRIZIONE_TIPO_ADSL":"ADSL 2+ (24 mega)","DISTANZA_CALCOLATA":"581.62","CLASSE_DISTANZA":"500-899","POTENZA_SEGNALE":"19523.33","POPOLAZIONE_SEZIONE": ""}
			},
		 		{ "type" : "Feature",
				"geometry" : {
					"type" : "Point",
					"coordinates" : [7.69351,45.05471]},
			"properties" : { "ANNO":"2010","ID_SEZIONE":"27074","ISTAT_COMUNE_SEZ":"1272","COMUNE_SEZ":"TORINO","PROVINCIA":"TO","ID_CENTRALE":"1456","NOME_CENTRALE":"TORINO CRIMEA","ISTAT_COMUNE_CENTR":"1272","COMUNE_CENTR":"TORINO","PROVINCIA_CENTR":"TO","INDIRIZZO_CENTRALE":"VIALE THOVEZ","LATITUDINE_SEZIONE":"45.05471","LONGITUDINE_SEZIONE":"7.69351","POS_X_SEZIONE":"397126.54727","POS_Y_SEZIONE":"4989858.09771","LATITUDINE_CENTRALE":"45.05531","LONGITUDINE_CENTRALE":"7.69651","POS_X_CENTRALE":"397363.81250","POS_Y_CENTRALE":"4989921.00000","TIPO_ADSL":"ADSL_2P","DESCRIZIONE_TIPO_ADSL":"ADSL 2+ (24 mega)","DISTANZA_CALCOLATA":"245.46","CLASSE_DISTANZA":"100-499","POTENZA_SEGNALE":"19761.67","POPOLAZIONE_SEZIONE": "94"}
			},
		 		{ "type" : "Feature",
				"geometry" : {
					"type" : "Point",
					"coordinates" : [7.69378,45.05178]},
			"properties" : { "ANNO":"2010","ID_SEZIONE":"27075","ISTAT_COMUNE_SEZ":"1272","COMUNE_SEZ":"TORINO","PROVINCIA":"TO","ID_CENTRALE":"1456","NOME_CENTRALE":"TORINO CRIMEA","ISTAT_COMUNE_CENTR":"1272","COMUNE_CENTR":"TORINO","PROVINCIA_CENTR":"TO","INDIRIZZO_CENTRALE":"VIALE THOVEZ","LATITUDINE_SEZIONE":"45.05178","LONGITUDINE_SEZIONE":"7.69378","POS_X_SEZIONE":"397142.38650","POS_Y_SEZIONE":"4989532.09195","LATITUDINE_CENTRALE":"45.05531","LONGITUDINE_CENTRALE":"7.69651","POS_X_CENTRALE":"397363.81250","POS_Y_CENTRALE":"4989921.00000","TIPO_ADSL":"ADSL_2P","DESCRIZIONE_TIPO_ADSL":"ADSL 2+ (24 mega)","DISTANZA_CALCOLATA":"447.53","CLASSE_DISTANZA":"100-499","POTENZA_SEGNALE":"19761.67","POPOLAZIONE_SEZIONE": "188"}
			},
		 		{ "type" : "Feature",
				"geometry" : {
					"type" : "Point",
					"coordinates" : [7.69284,45.05542]},
			"properties" : { "ANNO":"2010","ID_SEZIONE":"27673","ISTAT_COMUNE_SEZ":"1272","COMUNE_SEZ":"TORINO","PROVINCIA":"TO","ID_CENTRALE":"1456","NOME_CENTRALE":"TORINO CRIMEA","ISTAT_COMUNE_CENTR":"1272","COMUNE_CENTR":"TORINO","PROVINCIA_CENTR":"TO","INDIRIZZO_CENTRALE":"VIALE THOVEZ","LATITUDINE_SEZIONE":"45.05542","LONGITUDINE_SEZIONE":"7.69284","POS_X_SEZIONE":"397074.95508","POS_Y_SEZIONE":"4989937.59902","LATITUDINE_CENTRALE":"45.05531","LONGITUDINE_CENTRALE":"7.69651","POS_X_CENTRALE":"397363.81250","POS_Y_CENTRALE":"4989921.00000","TIPO_ADSL":"ADSL_2P","DESCRIZIONE_TIPO_ADSL":"ADSL 2+ (24 mega)","DISTANZA_CALCOLATA":"289.33","CLASSE_DISTANZA":"100-499","POTENZA_SEGNALE":"19761.67","POPOLAZIONE_SEZIONE": "77"}
			},
		 		{ "type" : "Feature",
				"geometry" : {
					"type" : "Point",
					"coordinates" : [7.69221,45.05319]},
			"properties" : { "ANNO":"2010","ID_SEZIONE":"27930","ISTAT_COMUNE_SEZ":"1272","COMUNE_SEZ":"TORINO","PROVINCIA":"TO","ID_CENTRALE":"1456","NOME_CENTRALE":"TORINO CRIMEA","ISTAT_COMUNE_CENTR":"1272","COMUNE_CENTR":"TORINO","PROVINCIA_CENTR":"TO","INDIRIZZO_CENTRALE":"VIALE THOVEZ","LATITUDINE_SEZIONE":"45.05319","LONGITUDINE_SEZIONE":"7.69221","POS_X_SEZIONE":"397021.17255","POS_Y_SEZIONE":"4989690.59486","LATITUDINE_CENTRALE":"45.05531","LONGITUDINE_CENTRALE":"7.69651","POS_X_CENTRALE":"397363.81250","POS_Y_CENTRALE":"4989921.00000","TIPO_ADSL":"ADSL_2P","DESCRIZIONE_TIPO_ADSL":"ADSL 2+ (24 mega)","DISTANZA_CALCOLATA":"412.90","CLASSE_DISTANZA":"100-499","POTENZA_SEGNALE":"19761.67","POPOLAZIONE_SEZIONE": "52"}
			},
		 		{ "type" : "Feature",
				"geometry" : {
					"type" : "Point",
					"coordinates" : [7.69447,45.05690]},
			"properties" : { "ANNO":"2010","ID_SEZIONE":"28301","ISTAT_COMUNE_SEZ":"1272","COMUNE_SEZ":"TORINO","PROVINCIA":"TO","ID_CENTRALE":"1456","NOME_CENTRALE":"TORINO CRIMEA","ISTAT_COMUNE_CENTR":"1272","COMUNE_CENTR":"TORINO","PROVINCIA_CENTR":"TO","INDIRIZZO_CENTRALE":"VIALE THOVEZ","LATITUDINE_SEZIONE":"45.05690","LONGITUDINE_SEZIONE":"7.69447","POS_X_SEZIONE":"397206.07981","POS_Y_SEZIONE":"4990100.10167","LATITUDINE_CENTRALE":"45.05531","LONGITUDINE_CENTRALE":"7.69651","POS_X_CENTRALE":"397363.81250","POS_Y_CENTRALE":"4989921.00000","TIPO_ADSL":"ADSL_2P","DESCRIZIONE_TIPO_ADSL":"ADSL 2+ (24 mega)","DISTANZA_CALCOLATA":"238.66","CLASSE_DISTANZA":"100-499","POTENZA_SEGNALE":"19761.67","POPOLAZIONE_SEZIONE": "48"}
			},
		 		{ "type" : "Feature",
				"geometry" : {
					"type" : "Point",
					"coordinates" : [7.69525,45.05657]},
			"properties" : { "ANNO":"2010","ID_SEZIONE":"28661","ISTAT_COMUNE_SEZ":"1272","COMUNE_SEZ":"TORINO","PROVINCIA":"TO","ID_CENTRALE":"1456","NOME_CENTRALE":"TORINO CRIMEA","ISTAT_COMUNE_CENTR":"1272","COMUNE_CENTR":"TORINO","PROVINCIA_CENTR":"TO","INDIRIZZO_CENTRALE":"VIALE THOVEZ","LATITUDINE_SEZIONE":"45.05657","LONGITUDINE_SEZIONE":"7.69525","POS_X_SEZIONE":"397266.79738","POS_Y_SEZIONE":"4990062.10103","LATITUDINE_CENTRALE":"45.05531","LONGITUDINE_CENTRALE":"7.69651","POS_X_CENTRALE":"397363.81250","POS_Y_CENTRALE":"4989921.00000","TIPO_ADSL":"ADSL_2P","DESCRIZIONE_TIPO_ADSL":"ADSL 2+ (24 mega)","DISTANZA_CALCOLATA":"171.24","CLASSE_DISTANZA":"100-499","POTENZA_SEGNALE":"19761.67","POPOLAZIONE_SEZIONE": "57"}
			},
		 		{ "type" : "Feature",
				"geometry" : {
					"type" : "Point",
					"coordinates" : [7.69295,45.05428]},
			"properties" : { "ANNO":"2010","ID_SEZIONE":"28909","ISTAT_COMUNE_SEZ":"1272","COMUNE_SEZ":"TORINO","PROVINCIA":"TO","ID_CENTRALE":"1456","NOME_CENTRALE":"TORINO CRIMEA","ISTAT_COMUNE_CENTR":"1272","COMUNE_CENTR":"TORINO","PROVINCIA_CENTR":"TO","INDIRIZZO_CENTRALE":"VIALE THOVEZ","LATITUDINE_SEZIONE":"45.05428","LONGITUDINE_SEZIONE":"7.69295","POS_X_SEZIONE":"397081.92289","POS_Y_SEZIONE":"4989810.59691","LATITUDINE_CENTRALE":"45.05531","LONGITUDINE_CENTRALE":"7.69651","POS_X_CENTRALE":"397363.81250","POS_Y_CENTRALE":"4989921.00000","TIPO_ADSL":"ADSL_2P","DESCRIZIONE_TIPO_ADSL":"ADSL 2+ (24 mega)","DISTANZA_CALCOLATA":"302.74","CLASSE_DISTANZA":"100-499","POTENZA_SEGNALE":"19761.67","POPOLAZIONE_SEZIONE": "120"}
			},
		 		{ "type" : "Feature",
				"geometry" : {
					"type" : "Point",
					"coordinates" : [7.69686,45.05764]},
			"properties" : { "ANNO":"2010","ID_SEZIONE":"29155","ISTAT_COMUNE_SEZ":"1272","COMUNE_SEZ":"TORINO","PROVINCIA":"TO","ID_CENTRALE":"1456","NOME_CENTRALE":"TORINO CRIMEA","ISTAT_COMUNE_CENTR":"1272","COMUNE_CENTR":"TORINO","PROVINCIA_CENTR":"TO","INDIRIZZO_CENTRALE":"VIALE THOVEZ","LATITUDINE_SEZIONE":"45.05764","LONGITUDINE_SEZIONE":"7.69686","POS_X_SEZIONE":"397395.98318","POS_Y_SEZIONE":"4990179.60299","LATITUDINE_CENTRALE":"45.05531","LONGITUDINE_CENTRALE":"7.69651","POS_X_CENTRALE":"397363.81250","POS_Y_CENTRALE":"4989921.00000","TIPO_ADSL":"ADSL_2P","DESCRIZIONE_TIPO_ADSL":"ADSL 2+ (24 mega)","DISTANZA_CALCOLATA":"260.60","CLASSE_DISTANZA":"100-499","POTENZA_SEGNALE":"19761.67","POPOLAZIONE_SEZIONE": "34"}
			},
		 		{ "type" : "Feature",
				"geometry" : {
					"type" : "Point",
					"coordinates" : [7.70283,45.05633]},
			"properties" : { "ANNO":"2010","ID_SEZIONE":"30358","ISTAT_COMUNE_SEZ":"1272","COMUNE_SEZ":"TORINO","PROVINCIA":"TO","ID_CENTRALE":"1456","NOME_CENTRALE":"TORINO CRIMEA","ISTAT_COMUNE_CENTR":"1272","COMUNE_CENTR":"TORINO","PROVINCIA_CENTR":"TO","INDIRIZZO_CENTRALE":"VIALE THOVEZ","LATITUDINE_SEZIONE":"45.05633","LONGITUDINE_SEZIONE":"7.70283","POS_X_SEZIONE":"397863.25486","POS_Y_SEZIONE":"4990026.10078","LATITUDINE_CENTRALE":"45.05531","LONGITUDINE_CENTRALE":"7.69651","POS_X_CENTRALE":"397363.81250","POS_Y_CENTRALE":"4989921.00000","TIPO_ADSL":"ADSL_2P","DESCRIZIONE_TIPO_ADSL":"ADSL 2+ (24 mega)","DISTANZA_CALCOLATA":"510.38","CLASSE_DISTANZA":"500-899","POTENZA_SEGNALE":"19523.33","POPOLAZIONE_SEZIONE": "968"}
			},
		 		{ "type" : "Feature",
				"geometry" : {
					"type" : "Point",
					"coordinates" : [7.69012,45.05405]},
			"properties" : { "ANNO":"2010","ID_SEZIONE":"31201","ISTAT_COMUNE_SEZ":"1272","COMUNE_SEZ":"TORINO","PROVINCIA":"TO","ID_CENTRALE":"1456","NOME_CENTRALE":"TORINO CRIMEA","ISTAT_COMUNE_CENTR":"1272","COMUNE_CENTR":"TORINO","PROVINCIA_CENTR":"TO","INDIRIZZO_CENTRALE":"VIALE THOVEZ","LATITUDINE_SEZIONE":"45.05405","LONGITUDINE_SEZIONE":"7.69012","POS_X_SEZIONE":"396858.30125","POS_Y_SEZIONE":"4989789.59671","LATITUDINE_CENTRALE":"45.05531","LONGITUDINE_CENTRALE":"7.69651","POS_X_CENTRALE":"397363.81250","POS_Y_CENTRALE":"4989921.00000","TIPO_ADSL":"ADSL_2P","DESCRIZIONE_TIPO_ADSL":"ADSL 2+ (24 mega)","DISTANZA_CALCOLATA":"522.31","CLASSE_DISTANZA":"500-899","POTENZA_SEGNALE":"19523.33","POPOLAZIONE_SEZIONE": "132"}
			}
		 		]
	}
		