 	{ "type" : "FeatureCollection",
		"features" : [
		 		{ "type" : "Feature",
				"geometry" : {
					"type" : "Point",
					"coordinates" : [8.09673,44.68986]},
			"properties" : { "ANNO":"2010","ID_SEZIONE":"3137","ISTAT_COMUNE_SEZ":"4230","COMUNE_SEZ":"TREISO","PROVINCIA":"CN","ID_CENTRALE":"1526","NOME_CENTRALE":"TREISO","ISTAT_COMUNE_CENTR":"4230","COMUNE_CENTR":"TREISO","PROVINCIA_CENTR":"CN","INDIRIZZO_CENTRALE":"ROMA 6","LATITUDINE_SEZIONE":"44.68986","LONGITUDINE_SEZIONE":"8.09673","POS_X_SEZIONE":"428425.64695","POS_Y_SEZIONE":"4948895.78394","LATITUDINE_CENTRALE":"44.69025","LONGITUDINE_CENTRALE":"8.08345","POS_X_CENTRALE":"427373.41396","POS_Y_CENTRALE":"4948951.03155","TIPO_ADSL":"NO","DESCRIZIONE_TIPO_ADSL":"NO Adsl","DISTANZA_CALCOLATA":"1053.68","CLASSE_DISTANZA":"900-1299","POTENZA_SEGNALE":"","POPOLAZIONE_SEZIONE": "28"}
			},
		 		{ "type" : "Feature",
				"geometry" : {
					"type" : "Point",
					"coordinates" : [8.08455,44.70016]},
			"properties" : { "ANNO":"2010","ID_SEZIONE":"5598","ISTAT_COMUNE_SEZ":"4230","COMUNE_SEZ":"TREISO","PROVINCIA":"CN","ID_CENTRALE":"1526","NOME_CENTRALE":"TREISO","ISTAT_COMUNE_CENTR":"4230","COMUNE_CENTR":"TREISO","PROVINCIA_CENTR":"CN","INDIRIZZO_CENTRALE":"ROMA 6","LATITUDINE_SEZIONE":"44.70016","LONGITUDINE_SEZIONE":"8.08455","POS_X_SEZIONE":"427472.95575","POS_Y_SEZIONE":"4950050.29121","LATITUDINE_CENTRALE":"44.69025","LONGITUDINE_CENTRALE":"8.08345","POS_X_CENTRALE":"427373.41396","POS_Y_CENTRALE":"4948951.03155","TIPO_ADSL":"NO","DESCRIZIONE_TIPO_ADSL":"NO Adsl","DISTANZA_CALCOLATA":"1103.76","CLASSE_DISTANZA":"900-1299","POTENZA_SEGNALE":"","POPOLAZIONE_SEZIONE": "17"}
			},
		 		{ "type" : "Feature",
				"geometry" : {
					"type" : "Point",
					"coordinates" : [8.08138,44.71194]},
			"properties" : { "ANNO":"2010","ID_SEZIONE":"6085","ISTAT_COMUNE_SEZ":"4011","COMUNE_SEZ":"BARBARESCO","PROVINCIA":"CN","ID_CENTRALE":"1526","NOME_CENTRALE":"TREISO","ISTAT_COMUNE_CENTR":"4230","COMUNE_CENTR":"TREISO","PROVINCIA_CENTR":"CN","INDIRIZZO_CENTRALE":"ROMA 6","LATITUDINE_SEZIONE":"44.71194","LONGITUDINE_SEZIONE":"8.08138","POS_X_SEZIONE":"427236.49367","POS_Y_SEZIONE":"4951361.30970","LATITUDINE_CENTRALE":"44.69025","LONGITUDINE_CENTRALE":"8.08345","POS_X_CENTRALE":"427373.41396","POS_Y_CENTRALE":"4948951.03155","TIPO_ADSL":"NO","DESCRIZIONE_TIPO_ADSL":"NO Adsl","DISTANZA_CALCOLATA":"2414.16","CLASSE_DISTANZA":"2100-2499","POTENZA_SEGNALE":"","POPOLAZIONE_SEZIONE": "81"}
			},
		 		{ "type" : "Feature",
				"geometry" : {
					"type" : "Point",
					"coordinates" : [8.08735,44.69547]},
			"properties" : { "ANNO":"2010","ID_SEZIONE":"6223","ISTAT_COMUNE_SEZ":"4230","COMUNE_SEZ":"TREISO","PROVINCIA":"CN","ID_CENTRALE":"1526","NOME_CENTRALE":"TREISO","ISTAT_COMUNE_CENTR":"4230","COMUNE_CENTR":"TREISO","PROVINCIA_CENTR":"CN","INDIRIZZO_CENTRALE":"ROMA 6","LATITUDINE_SEZIONE":"44.69547","LONGITUDINE_SEZIONE":"8.08735","POS_X_SEZIONE":"427688.93168","POS_Y_SEZIONE":"4949526.78554","LATITUDINE_CENTRALE":"44.69025","LONGITUDINE_CENTRALE":"8.08345","POS_X_CENTRALE":"427373.41396","POS_Y_CENTRALE":"4948951.03155","TIPO_ADSL":"NO","DESCRIZIONE_TIPO_ADSL":"NO Adsl","DISTANZA_CALCOLATA":"656.54","CLASSE_DISTANZA":"500-899","POTENZA_SEGNALE":"","POPOLAZIONE_SEZIONE": "20"}
			},
		 		{ "type" : "Feature",
				"geometry" : {
					"type" : "Point",
					"coordinates" : [8.07586,44.70075]},
			"properties" : { "ANNO":"2010","ID_SEZIONE":"7654","ISTAT_COMUNE_SEZ":"4230","COMUNE_SEZ":"TREISO","PROVINCIA":"CN","ID_CENTRALE":"1526","NOME_CENTRALE":"TREISO","ISTAT_COMUNE_CENTR":"4230","COMUNE_CENTR":"TREISO","PROVINCIA_CENTR":"CN","INDIRIZZO_CENTRALE":"ROMA 6","LATITUDINE_SEZIONE":"44.70075","LONGITUDINE_SEZIONE":"8.07586","POS_X_SEZIONE":"426785.44010","POS_Y_SEZIONE":"4950123.78625","LATITUDINE_CENTRALE":"44.69025","LONGITUDINE_CENTRALE":"8.08345","POS_X_CENTRALE":"427373.41396","POS_Y_CENTRALE":"4948951.03155","TIPO_ADSL":"NO","DESCRIZIONE_TIPO_ADSL":"NO Adsl","DISTANZA_CALCOLATA":"1311.89","CLASSE_DISTANZA":"1300-1699","POTENZA_SEGNALE":"","POPOLAZIONE_SEZIONE": "79"}
			},
		 		{ "type" : "Feature",
				"geometry" : {
					"type" : "Point",
					"coordinates" : [8.07434,44.70127]},
			"properties" : { "ANNO":"2010","ID_SEZIONE":"8314","ISTAT_COMUNE_SEZ":"4230","COMUNE_SEZ":"TREISO","PROVINCIA":"CN","ID_CENTRALE":"1526","NOME_CENTRALE":"TREISO","ISTAT_COMUNE_CENTR":"4230","COMUNE_CENTR":"TREISO","PROVINCIA_CENTR":"CN","INDIRIZZO_CENTRALE":"ROMA 6","LATITUDINE_SEZIONE":"44.70127","LONGITUDINE_SEZIONE":"8.07434","POS_X_SEZIONE":"426665.47235","POS_Y_SEZIONE":"4950182.28685","LATITUDINE_CENTRALE":"44.69025","LONGITUDINE_CENTRALE":"8.08345","POS_X_CENTRALE":"427373.41396","POS_Y_CENTRALE":"4948951.03155","TIPO_ADSL":"NO","DESCRIZIONE_TIPO_ADSL":"NO Adsl","DISTANZA_CALCOLATA":"1420.27","CLASSE_DISTANZA":"1300-1699","POTENZA_SEGNALE":"","POPOLAZIONE_SEZIONE": ""}
			},
		 		{ "type" : "Feature",
				"geometry" : {
					"type" : "Point",
					"coordinates" : [8.09310,44.70513]},
			"properties" : { "ANNO":"2010","ID_SEZIONE":"12410","ISTAT_COMUNE_SEZ":"4230","COMUNE_SEZ":"TREISO","PROVINCIA":"CN","ID_CENTRALE":"1526","NOME_CENTRALE":"TREISO","ISTAT_COMUNE_CENTR":"4230","COMUNE_CENTR":"TREISO","PROVINCIA_CENTR":"CN","INDIRIZZO_CENTRALE":"ROMA 6","LATITUDINE_SEZIONE":"44.70513","LONGITUDINE_SEZIONE":"8.09310","POS_X_SEZIONE":"428156.39485","POS_Y_SEZIONE":"4950595.30701","LATITUDINE_CENTRALE":"44.69025","LONGITUDINE_CENTRALE":"8.08345","POS_X_CENTRALE":"427373.41396","POS_Y_CENTRALE":"4948951.03155","TIPO_ADSL":"NO","DESCRIZIONE_TIPO_ADSL":"NO Adsl","DISTANZA_CALCOLATA":"1821.18","CLASSE_DISTANZA":"1700-2099","POTENZA_SEGNALE":"","POPOLAZIONE_SEZIONE": "19"}
			},
		 		{ "type" : "Feature",
				"geometry" : {
					"type" : "Point",
					"coordinates" : [8.07558,44.69196]},
			"properties" : { "ANNO":"2010","ID_SEZIONE":"14511","ISTAT_COMUNE_SEZ":"4230","COMUNE_SEZ":"TREISO","PROVINCIA":"CN","ID_CENTRALE":"1526","NOME_CENTRALE":"TREISO","ISTAT_COMUNE_CENTR":"4230","COMUNE_CENTR":"TREISO","PROVINCIA_CENTR":"CN","INDIRIZZO_CENTRALE":"ROMA 6","LATITUDINE_SEZIONE":"44.69196","LONGITUDINE_SEZIONE":"8.07558","POS_X_SEZIONE":"426752.21386","POS_Y_SEZIONE":"4949147.77037","LATITUDINE_CENTRALE":"44.69025","LONGITUDINE_CENTRALE":"8.08345","POS_X_CENTRALE":"427373.41396","POS_Y_CENTRALE":"4948951.03155","TIPO_ADSL":"NO","DESCRIZIONE_TIPO_ADSL":"NO Adsl","DISTANZA_CALCOLATA":"651.61","CLASSE_DISTANZA":"500-899","POTENZA_SEGNALE":"","POPOLAZIONE_SEZIONE": "93"}
			},
		 		{ "type" : "Feature",
				"geometry" : {
					"type" : "Point",
					"coordinates" : [8.09967,44.66315]},
			"properties" : { "ANNO":"2010","ID_SEZIONE":"26664","ISTAT_COMUNE_SEZ":"4230","COMUNE_SEZ":"TREISO","PROVINCIA":"CN","ID_CENTRALE":"1526","NOME_CENTRALE":"TREISO","ISTAT_COMUNE_CENTR":"4230","COMUNE_CENTR":"TREISO","PROVINCIA_CENTR":"CN","INDIRIZZO_CENTRALE":"ROMA 6","LATITUDINE_SEZIONE":"44.66315","LONGITUDINE_SEZIONE":"8.09967","POS_X_SEZIONE":"428625.83741","POS_Y_SEZIONE":"4945925.74618","LATITUDINE_CENTRALE":"44.69025","LONGITUDINE_CENTRALE":"8.08345","POS_X_CENTRALE":"427373.41396","POS_Y_CENTRALE":"4948951.03155","TIPO_ADSL":"NO","DESCRIZIONE_TIPO_ADSL":"NO Adsl","DISTANZA_CALCOLATA":"3274.28","CLASSE_DISTANZA":"2900-3299","POTENZA_SEGNALE":"","POPOLAZIONE_SEZIONE": "15"}
			},
		 		{ "type" : "Feature",
				"geometry" : {
					"type" : "Point",
					"coordinates" : [8.08847,44.68948]},
			"properties" : { "ANNO":"2010","ID_SEZIONE":"28023","ISTAT_COMUNE_SEZ":"4230","COMUNE_SEZ":"TREISO","PROVINCIA":"CN","ID_CENTRALE":"1526","NOME_CENTRALE":"TREISO","ISTAT_COMUNE_CENTR":"4230","COMUNE_CENTR":"TREISO","PROVINCIA_CENTR":"CN","INDIRIZZO_CENTRALE":"ROMA 6","LATITUDINE_SEZIONE":"44.68948","LONGITUDINE_SEZIONE":"8.08847","POS_X_SEZIONE":"427770.19581","POS_Y_SEZIONE":"4948860.77594","LATITUDINE_CENTRALE":"44.69025","LONGITUDINE_CENTRALE":"8.08345","POS_X_CENTRALE":"427373.41396","POS_Y_CENTRALE":"4948951.03155","TIPO_ADSL":"NO","DESCRIZIONE_TIPO_ADSL":"NO Adsl","DISTANZA_CALCOLATA":"406.92","CLASSE_DISTANZA":"100-499","POTENZA_SEGNALE":"","POPOLAZIONE_SEZIONE": "249"}
			},
		 		{ "type" : "Feature",
				"geometry" : {
					"type" : "Point",
					"coordinates" : [8.09340,44.70325]},
			"properties" : { "ANNO":"2010","ID_SEZIONE":"32483","ISTAT_COMUNE_SEZ":"4230","COMUNE_SEZ":"TREISO","PROVINCIA":"CN","ID_CENTRALE":"1526","NOME_CENTRALE":"TREISO","ISTAT_COMUNE_CENTR":"4230","COMUNE_CENTR":"TREISO","PROVINCIA_CENTR":"CN","INDIRIZZO_CENTRALE":"ROMA 6","LATITUDINE_SEZIONE":"44.70325","LONGITUDINE_SEZIONE":"8.09340","POS_X_SEZIONE":"428178.49328","POS_Y_SEZIONE":"4950386.30401","LATITUDINE_CENTRALE":"44.69025","LONGITUDINE_CENTRALE":"8.08345","POS_X_CENTRALE":"427373.41396","POS_Y_CENTRALE":"4948951.03155","TIPO_ADSL":"NO","DESCRIZIONE_TIPO_ADSL":"NO Adsl","DISTANZA_CALCOLATA":"1645.65","CLASSE_DISTANZA":"1300-1699","POTENZA_SEGNALE":"","POPOLAZIONE_SEZIONE": "32"}
			}
		 		]
	}
		