 	{ "type" : "FeatureCollection",
		"features" : [
		 		{ "type" : "Feature",
				"geometry" : {
					"type" : "Point",
					"coordinates" : [8.14678,45.18944]},
			"properties" : { "ANNO":"2010","ID_SEZIONE":"4518","ISTAT_COMUNE_SEZ":"2049","COMUNE_SEZ":"CRESCENTINO","PROVINCIA":"VC","ID_CENTRALE":"1231","NOME_CENTRALE":"S. SILVESTRO (VC)","ISTAT_COMUNE_CENTR":"2049","COMUNE_CENTR":"CRESCENTINO","PROVINCIA_CENTR":"VC","INDIRIZZO_CENTRALE":"STR SASSO->","LATITUDINE_SEZIONE":"45.18944","LONGITUDINE_SEZIONE":"8.14678","POS_X_SEZIONE":"432974.90775","POS_Y_SEZIONE":"5004349.20095","LATITUDINE_CENTRALE":"45.19339","LONGITUDINE_CENTRALE":"8.15154","POS_X_CENTRALE":"433353.32967","POS_Y_CENTRALE":"5004784.06717","TIPO_ADSL":"ADSL_M","DESCRIZIONE_TIPO_ADSL":"ADSL Mini","DISTANZA_CALCOLATA":"576.46","CLASSE_DISTANZA":"500-899","POTENZA_SEGNALE":"0.64","POPOLAZIONE_SEZIONE": "102"}
			},
		 		{ "type" : "Feature",
				"geometry" : {
					"type" : "Point",
					"coordinates" : [8.13318,45.18987]},
			"properties" : { "ANNO":"2010","ID_SEZIONE":"10092","ISTAT_COMUNE_SEZ":"2049","COMUNE_SEZ":"CRESCENTINO","PROVINCIA":"VC","ID_CENTRALE":"1231","NOME_CENTRALE":"S. SILVESTRO (VC)","ISTAT_COMUNE_CENTR":"2049","COMUNE_CENTR":"CRESCENTINO","PROVINCIA_CENTR":"VC","INDIRIZZO_CENTRALE":"STR SASSO->","LATITUDINE_SEZIONE":"45.18987","LONGITUDINE_SEZIONE":"8.13318","POS_X_SEZIONE":"431907.55210","POS_Y_SEZIONE":"5004408.18898","LATITUDINE_CENTRALE":"45.19339","LONGITUDINE_CENTRALE":"8.15154","POS_X_CENTRALE":"433353.32967","POS_Y_CENTRALE":"5004784.06717","TIPO_ADSL":"ADSL_M","DESCRIZIONE_TIPO_ADSL":"ADSL Mini","DISTANZA_CALCOLATA":"1493.84","CLASSE_DISTANZA":"1300-1699","POTENZA_SEGNALE":"0.64","POPOLAZIONE_SEZIONE": "7"}
			},
		 		{ "type" : "Feature",
				"geometry" : {
					"type" : "Point",
					"coordinates" : [8.14424,45.19182]},
			"properties" : { "ANNO":"2010","ID_SEZIONE":"14229","ISTAT_COMUNE_SEZ":"2049","COMUNE_SEZ":"CRESCENTINO","PROVINCIA":"VC","ID_CENTRALE":"1231","NOME_CENTRALE":"S. SILVESTRO (VC)","ISTAT_COMUNE_CENTR":"2049","COMUNE_CENTR":"CRESCENTINO","PROVINCIA_CENTR":"VC","INDIRIZZO_CENTRALE":"STR SASSO->","LATITUDINE_SEZIONE":"45.19182","LONGITUDINE_SEZIONE":"8.14424","POS_X_SEZIONE":"432778.44516","POS_Y_SEZIONE":"5004615.20134","LATITUDINE_CENTRALE":"45.19339","LONGITUDINE_CENTRALE":"8.15154","POS_X_CENTRALE":"433353.32967","POS_Y_CENTRALE":"5004784.06717","TIPO_ADSL":"ADSL_M","DESCRIZIONE_TIPO_ADSL":"ADSL Mini","DISTANZA_CALCOLATA":"599.17","CLASSE_DISTANZA":"500-899","POTENZA_SEGNALE":"0.64","POPOLAZIONE_SEZIONE": "182"}
			},
		 		{ "type" : "Feature",
				"geometry" : {
					"type" : "Point",
					"coordinates" : [8.15617,45.19113]},
			"properties" : { "ANNO":"2010","ID_SEZIONE":"16287","ISTAT_COMUNE_SEZ":"2049","COMUNE_SEZ":"CRESCENTINO","PROVINCIA":"VC","ID_CENTRALE":"1231","NOME_CENTRALE":"S. SILVESTRO (VC)","ISTAT_COMUNE_CENTR":"2049","COMUNE_CENTR":"CRESCENTINO","PROVINCIA_CENTR":"VC","INDIRIZZO_CENTRALE":"STR SASSO->","LATITUDINE_SEZIONE":"45.19113","LONGITUDINE_SEZIONE":"8.15617","POS_X_SEZIONE":"433715.11486","POS_Y_SEZIONE":"5004528.71174","LATITUDINE_CENTRALE":"45.19339","LONGITUDINE_CENTRALE":"8.15154","POS_X_CENTRALE":"433353.32967","POS_Y_CENTRALE":"5004784.06717","TIPO_ADSL":"ADSL_M","DESCRIZIONE_TIPO_ADSL":"ADSL Mini","DISTANZA_CALCOLATA":"442.83","CLASSE_DISTANZA":"100-499","POTENZA_SEGNALE":"0.64","POPOLAZIONE_SEZIONE": "20"}
			},
		 		{ "type" : "Feature",
				"geometry" : {
					"type" : "Point",
					"coordinates" : [8.15231,45.18170]},
			"properties" : { "ANNO":"2010","ID_SEZIONE":"23417","ISTAT_COMUNE_SEZ":"2049","COMUNE_SEZ":"CRESCENTINO","PROVINCIA":"VC","ID_CENTRALE":"1231","NOME_CENTRALE":"S. SILVESTRO (VC)","ISTAT_COMUNE_CENTR":"2049","COMUNE_CENTR":"CRESCENTINO","PROVINCIA_CENTR":"VC","INDIRIZZO_CENTRALE":"STR SASSO->","LATITUDINE_SEZIONE":"45.18170","LONGITUDINE_SEZIONE":"8.15231","POS_X_SEZIONE":"433400.57738","POS_Y_SEZIONE":"5003484.19641","LATITUDINE_CENTRALE":"45.19339","LONGITUDINE_CENTRALE":"8.15154","POS_X_CENTRALE":"433353.32967","POS_Y_CENTRALE":"5004784.06717","TIPO_ADSL":"ADSL_M","DESCRIZIONE_TIPO_ADSL":"ADSL Mini","DISTANZA_CALCOLATA":"1300.73","CLASSE_DISTANZA":"1300-1699","POTENZA_SEGNALE":"0.64","POPOLAZIONE_SEZIONE": "1"}
			},
		 		{ "type" : "Feature",
				"geometry" : {
					"type" : "Point",
					"coordinates" : [8.15227,45.19428]},
			"properties" : { "ANNO":"2010","ID_SEZIONE":"29945","ISTAT_COMUNE_SEZ":"2049","COMUNE_SEZ":"CRESCENTINO","PROVINCIA":"VC","ID_CENTRALE":"1231","NOME_CENTRALE":"S. SILVESTRO (VC)","ISTAT_COMUNE_CENTR":"2049","COMUNE_CENTR":"CRESCENTINO","PROVINCIA_CENTR":"VC","INDIRIZZO_CENTRALE":"STR SASSO->","LATITUDINE_SEZIONE":"45.19428","LONGITUDINE_SEZIONE":"8.15227","POS_X_SEZIONE":"433411.90641","POS_Y_SEZIONE":"5004882.21190","LATITUDINE_CENTRALE":"45.19339","LONGITUDINE_CENTRALE":"8.15154","POS_X_CENTRALE":"433353.32967","POS_Y_CENTRALE":"5004784.06717","TIPO_ADSL":"ADSL_M","DESCRIZIONE_TIPO_ADSL":"ADSL Mini","DISTANZA_CALCOLATA":"114.30","CLASSE_DISTANZA":"100-499","POTENZA_SEGNALE":"0.64","POPOLAZIONE_SEZIONE": ""}
			}
		 		]
	}
		