 	{ "type" : "FeatureCollection",
		"features" : [
		 		{ "type" : "Feature",
				"geometry" : {
					"type" : "Point",
					"coordinates" : [7.32255,44.72186]},
			"properties" : { "ANNO":"2010","ID_SEZIONE":"3804","ISTAT_COMUNE_SEZ":"4012","COMUNE_SEZ":"BARGE","PROVINCIA":"CN","ID_CENTRALE":"124","NOME_CENTRALE":"BARGE B","ISTAT_COMUNE_CENTR":"4012","COMUNE_CENTR":"BARGE","PROVINCIA_CENTR":"CN","INDIRIZZO_CENTRALE":"SAN MARTINO 4","LATITUDINE_SEZIONE":"44.72186","LONGITUDINE_SEZIONE":"7.32255","POS_X_SEZIONE":"367152.82206","POS_Y_SEZIONE":"4953421.39495","LATITUDINE_CENTRALE":"44.72545","LONGITUDINE_CENTRALE":"7.32373","POS_X_CENTRALE":"367254.88087","POS_Y_CENTRALE":"4953818.23246","TIPO_ADSL":"ADSL_1","DESCRIZIONE_TIPO_ADSL":"ADSL (8 mega)","DISTANZA_CALCOLATA":"409.75","CLASSE_DISTANZA":"100-499","POTENZA_SEGNALE":"7000","POPOLAZIONE_SEZIONE": "582"}
			},
		 		{ "type" : "Feature",
				"geometry" : {
					"type" : "Point",
					"coordinates" : [7.30065,44.73297]},
			"properties" : { "ANNO":"2010","ID_SEZIONE":"4159","ISTAT_COMUNE_SEZ":"4012","COMUNE_SEZ":"BARGE","PROVINCIA":"CN","ID_CENTRALE":"124","NOME_CENTRALE":"BARGE B","ISTAT_COMUNE_CENTR":"4012","COMUNE_CENTR":"BARGE","PROVINCIA_CENTR":"CN","INDIRIZZO_CENTRALE":"SAN MARTINO 4","LATITUDINE_SEZIONE":"44.73297","LONGITUDINE_SEZIONE":"7.30065","POS_X_SEZIONE":"365443.94526","POS_Y_SEZIONE":"4954691.89531","LATITUDINE_CENTRALE":"44.72545","LONGITUDINE_CENTRALE":"7.32373","POS_X_CENTRALE":"367254.88087","POS_Y_CENTRALE":"4953818.23246","TIPO_ADSL":"ADSL_1","DESCRIZIONE_TIPO_ADSL":"ADSL (8 mega)","DISTANZA_CALCOLATA":"2010.67","CLASSE_DISTANZA":"1700-2099","POTENZA_SEGNALE":"6874.88","POPOLAZIONE_SEZIONE": "216"}
			},
		 		{ "type" : "Feature",
				"geometry" : {
					"type" : "Point",
					"coordinates" : [7.34703,44.73021]},
			"properties" : { "ANNO":"2010","ID_SEZIONE":"5547","ISTAT_COMUNE_SEZ":"4012","COMUNE_SEZ":"BARGE","PROVINCIA":"CN","ID_CENTRALE":"124","NOME_CENTRALE":"BARGE B","ISTAT_COMUNE_CENTR":"4012","COMUNE_CENTR":"BARGE","PROVINCIA_CENTR":"CN","INDIRIZZO_CENTRALE":"SAN MARTINO 4","LATITUDINE_SEZIONE":"44.73021","LONGITUDINE_SEZIONE":"7.34703","POS_X_SEZIONE":"369110.47659","POS_Y_SEZIONE":"4954309.40929","LATITUDINE_CENTRALE":"44.72545","LONGITUDINE_CENTRALE":"7.32373","POS_X_CENTRALE":"367254.88087","POS_Y_CENTRALE":"4953818.23246","TIPO_ADSL":"ADSL_1","DESCRIZIONE_TIPO_ADSL":"ADSL (8 mega)","DISTANZA_CALCOLATA":"1919.5","CLASSE_DISTANZA":"1700-2099","POTENZA_SEGNALE":"6874.88","POPOLAZIONE_SEZIONE": "281"}
			},
		 		{ "type" : "Feature",
				"geometry" : {
					"type" : "Point",
					"coordinates" : [7.33273,44.74112]},
			"properties" : { "ANNO":"2010","ID_SEZIONE":"6214","ISTAT_COMUNE_SEZ":"4012","COMUNE_SEZ":"BARGE","PROVINCIA":"CN","ID_CENTRALE":"124","NOME_CENTRALE":"BARGE B","ISTAT_COMUNE_CENTR":"4012","COMUNE_CENTR":"BARGE","PROVINCIA_CENTR":"CN","INDIRIZZO_CENTRALE":"SAN MARTINO 4","LATITUDINE_SEZIONE":"44.74112","LONGITUDINE_SEZIONE":"7.33273","POS_X_SEZIONE":"368002.67345","POS_Y_SEZIONE":"4955544.91956","LATITUDINE_CENTRALE":"44.72545","LONGITUDINE_CENTRALE":"7.32373","POS_X_CENTRALE":"367254.88087","POS_Y_CENTRALE":"4953818.23246","TIPO_ADSL":"ADSL_1","DESCRIZIONE_TIPO_ADSL":"ADSL (8 mega)","DISTANZA_CALCOLATA":"1881.66","CLASSE_DISTANZA":"1700-2099","POTENZA_SEGNALE":"6874.88","POPOLAZIONE_SEZIONE": "372"}
			},
		 		{ "type" : "Feature",
				"geometry" : {
					"type" : "Point",
					"coordinates" : [7.47398,44.76647]},
			"properties" : { "ANNO":"2010","ID_SEZIONE":"7033","ISTAT_COMUNE_SEZ":"4012","COMUNE_SEZ":"BARGE","PROVINCIA":"CN","ID_CENTRALE":"124","NOME_CENTRALE":"BARGE B","ISTAT_COMUNE_CENTR":"4012","COMUNE_CENTR":"BARGE","PROVINCIA_CENTR":"CN","INDIRIZZO_CENTRALE":"SAN MARTINO 4","LATITUDINE_SEZIONE":"44.76647","LONGITUDINE_SEZIONE":"7.47398","POS_X_SEZIONE":"379238.23237","POS_Y_SEZIONE":"4958141.46203","LATITUDINE_CENTRALE":"44.72545","LONGITUDINE_CENTRALE":"7.32373","POS_X_CENTRALE":"367254.88087","POS_Y_CENTRALE":"4953818.23246","TIPO_ADSL":"ADSL_1","DESCRIZIONE_TIPO_ADSL":"ADSL (8 mega)","DISTANZA_CALCOLATA":"12739.35","CLASSE_DISTANZA":"6100 e oltre","POTENZA_SEGNALE":"0.00","POPOLAZIONE_SEZIONE": "17"}
			},
		 		{ "type" : "Feature",
				"geometry" : {
					"type" : "Point",
					"coordinates" : [7.29699,44.72978]},
			"properties" : { "ANNO":"2010","ID_SEZIONE":"7071","ISTAT_COMUNE_SEZ":"4012","COMUNE_SEZ":"BARGE","PROVINCIA":"CN","ID_CENTRALE":"124","NOME_CENTRALE":"BARGE B","ISTAT_COMUNE_CENTR":"4012","COMUNE_CENTR":"BARGE","PROVINCIA_CENTR":"CN","INDIRIZZO_CENTRALE":"SAN MARTINO 4","LATITUDINE_SEZIONE":"44.72978","LONGITUDINE_SEZIONE":"7.29699","POS_X_SEZIONE":"365147.17777","POS_Y_SEZIONE":"4954343.38919","LATITUDINE_CENTRALE":"44.72545","LONGITUDINE_CENTRALE":"7.32373","POS_X_CENTRALE":"367254.88087","POS_Y_CENTRALE":"4953818.23246","TIPO_ADSL":"ADSL_1","DESCRIZIONE_TIPO_ADSL":"ADSL (8 mega)","DISTANZA_CALCOLATA":"2172.14","CLASSE_DISTANZA":"2100-2499","POTENZA_SEGNALE":"6500.38","POPOLAZIONE_SEZIONE": "21"}
			},
		 		{ "type" : "Feature",
				"geometry" : {
					"type" : "Point",
					"coordinates" : [7.33435,44.72792]},
			"properties" : { "ANNO":"2010","ID_SEZIONE":"8312","ISTAT_COMUNE_SEZ":"4012","COMUNE_SEZ":"BARGE","PROVINCIA":"CN","ID_CENTRALE":"124","NOME_CENTRALE":"BARGE B","ISTAT_COMUNE_CENTR":"4012","COMUNE_CENTR":"BARGE","PROVINCIA_CENTR":"CN","INDIRIZZO_CENTRALE":"SAN MARTINO 4","LATITUDINE_SEZIONE":"44.72792","LONGITUDINE_SEZIONE":"7.33435","POS_X_SEZIONE":"368100.84945","POS_Y_SEZIONE":"4954075.40532","LATITUDINE_CENTRALE":"44.72545","LONGITUDINE_CENTRALE":"7.32373","POS_X_CENTRALE":"367254.88087","POS_Y_CENTRALE":"4953818.23246","TIPO_ADSL":"ADSL_1","DESCRIZIONE_TIPO_ADSL":"ADSL (8 mega)","DISTANZA_CALCOLATA":"884.19","CLASSE_DISTANZA":"500-899","POTENZA_SEGNALE":"7000","POPOLAZIONE_SEZIONE": "182"}
			},
		 		{ "type" : "Feature",
				"geometry" : {
					"type" : "Point",
					"coordinates" : [7.41922,44.72673]},
			"properties" : { "ANNO":"2010","ID_SEZIONE":"9179","ISTAT_COMUNE_SEZ":"4012","COMUNE_SEZ":"BARGE","PROVINCIA":"CN","ID_CENTRALE":"124","NOME_CENTRALE":"BARGE B","ISTAT_COMUNE_CENTR":"4012","COMUNE_CENTR":"BARGE","PROVINCIA_CENTR":"CN","INDIRIZZO_CENTRALE":"SAN MARTINO 4","LATITUDINE_SEZIONE":"44.72673","LONGITUDINE_SEZIONE":"7.41922","POS_X_SEZIONE":"374819.65599","POS_Y_SEZIONE":"4953809.91335","LATITUDINE_CENTRALE":"44.72545","LONGITUDINE_CENTRALE":"7.32373","POS_X_CENTRALE":"367254.88087","POS_Y_CENTRALE":"4953818.23246","TIPO_ADSL":"ADSL_1","DESCRIZIONE_TIPO_ADSL":"ADSL (8 mega)","DISTANZA_CALCOLATA":"7564.78","CLASSE_DISTANZA":"6100 e oltre","POTENZA_SEGNALE":"0.00","POPOLAZIONE_SEZIONE": "11"}
			},
		 		{ "type" : "Feature",
				"geometry" : {
					"type" : "Point",
					"coordinates" : [7.28988,44.71700]},
			"properties" : { "ANNO":"2010","ID_SEZIONE":"9180","ISTAT_COMUNE_SEZ":"4012","COMUNE_SEZ":"BARGE","PROVINCIA":"CN","ID_CENTRALE":"124","NOME_CENTRALE":"BARGE B","ISTAT_COMUNE_CENTR":"4012","COMUNE_CENTR":"BARGE","PROVINCIA_CENTR":"CN","INDIRIZZO_CENTRALE":"SAN MARTINO 4","LATITUDINE_SEZIONE":"44.71700","LONGITUDINE_SEZIONE":"7.28988","POS_X_SEZIONE":"364554.43230","POS_Y_SEZIONE":"4952936.37018","LATITUDINE_CENTRALE":"44.72545","LONGITUDINE_CENTRALE":"7.32373","POS_X_CENTRALE":"367254.88087","POS_Y_CENTRALE":"4953818.23246","TIPO_ADSL":"ADSL_1","DESCRIZIONE_TIPO_ADSL":"ADSL (8 mega)","DISTANZA_CALCOLATA":"2840.79","CLASSE_DISTANZA":"2500-2899","POTENZA_SEGNALE":"5749.63","POPOLAZIONE_SEZIONE": "69"}
			},
		 		{ "type" : "Feature",
				"geometry" : {
					"type" : "Point",
					"coordinates" : [7.37541,44.73785]},
			"properties" : { "ANNO":"2010","ID_SEZIONE":"9360","ISTAT_COMUNE_SEZ":"4012","COMUNE_SEZ":"BARGE","PROVINCIA":"CN","ID_CENTRALE":"124","NOME_CENTRALE":"BARGE B","ISTAT_COMUNE_CENTR":"4012","COMUNE_CENTR":"BARGE","PROVINCIA_CENTR":"CN","INDIRIZZO_CENTRALE":"SAN MARTINO 4","LATITUDINE_SEZIONE":"44.73785","LONGITUDINE_SEZIONE":"7.37541","POS_X_SEZIONE":"371374.68805","POS_Y_SEZIONE":"4955112.92007","LATITUDINE_CENTRALE":"44.72545","LONGITUDINE_CENTRALE":"7.32373","POS_X_CENTRALE":"367254.88087","POS_Y_CENTRALE":"4953818.23246","TIPO_ADSL":"ADSL_1","DESCRIZIONE_TIPO_ADSL":"ADSL (8 mega)","DISTANZA_CALCOLATA":"4318.45","CLASSE_DISTANZA":"4100-4499","POTENZA_SEGNALE":"2125.38","POPOLAZIONE_SEZIONE": "130"}
			},
		 		{ "type" : "Feature",
				"geometry" : {
					"type" : "Point",
					"coordinates" : [7.35381,44.74126]},
			"properties" : { "ANNO":"2010","ID_SEZIONE":"9361","ISTAT_COMUNE_SEZ":"4012","COMUNE_SEZ":"BARGE","PROVINCIA":"CN","ID_CENTRALE":"124","NOME_CENTRALE":"BARGE B","ISTAT_COMUNE_CENTR":"4012","COMUNE_CENTR":"BARGE","PROVINCIA_CENTR":"CN","INDIRIZZO_CENTRALE":"SAN MARTINO 4","LATITUDINE_SEZIONE":"44.74126","LONGITUDINE_SEZIONE":"7.35381","POS_X_SEZIONE":"369672.09963","POS_Y_SEZIONE":"4955525.92180","LATITUDINE_CENTRALE":"44.72545","LONGITUDINE_CENTRALE":"7.32373","POS_X_CENTRALE":"367254.88087","POS_Y_CENTRALE":"4953818.23246","TIPO_ADSL":"ADSL_1","DESCRIZIONE_TIPO_ADSL":"ADSL (8 mega)","DISTANZA_CALCOLATA":"2959.59","CLASSE_DISTANZA":"2900-3299","POTENZA_SEGNALE":"4999.75","POPOLAZIONE_SEZIONE": "291"}
			},
		 		{ "type" : "Feature",
				"geometry" : {
					"type" : "Point",
					"coordinates" : [7.33095,44.71824]},
			"properties" : { "ANNO":"2010","ID_SEZIONE":"10381","ISTAT_COMUNE_SEZ":"4012","COMUNE_SEZ":"BARGE","PROVINCIA":"CN","ID_CENTRALE":"124","NOME_CENTRALE":"BARGE B","ISTAT_COMUNE_CENTR":"4012","COMUNE_CENTR":"BARGE","PROVINCIA_CENTR":"CN","INDIRIZZO_CENTRALE":"SAN MARTINO 4","LATITUDINE_SEZIONE":"44.71824","LONGITUDINE_SEZIONE":"7.33095","POS_X_SEZIONE":"367809.71704","POS_Y_SEZIONE":"4953006.39386","LATITUDINE_CENTRALE":"44.72545","LONGITUDINE_CENTRALE":"7.32373","POS_X_CENTRALE":"367254.88087","POS_Y_CENTRALE":"4953818.23246","TIPO_ADSL":"ADSL_1","DESCRIZIONE_TIPO_ADSL":"ADSL (8 mega)","DISTANZA_CALCOLATA":"983.32","CLASSE_DISTANZA":"900-1299","POTENZA_SEGNALE":"7000","POPOLAZIONE_SEZIONE": "71"}
			},
		 		{ "type" : "Feature",
				"geometry" : {
					"type" : "Point",
					"coordinates" : [7.32748,44.72721]},
			"properties" : { "ANNO":"2010","ID_SEZIONE":"11772","ISTAT_COMUNE_SEZ":"4012","COMUNE_SEZ":"BARGE","PROVINCIA":"CN","ID_CENTRALE":"124","NOME_CENTRALE":"BARGE B","ISTAT_COMUNE_CENTR":"4012","COMUNE_CENTR":"BARGE","PROVINCIA_CENTR":"CN","INDIRIZZO_CENTRALE":"SAN MARTINO 4","LATITUDINE_SEZIONE":"44.72721","LONGITUDINE_SEZIONE":"7.32748","POS_X_SEZIONE":"367555.98878","POS_Y_SEZIONE":"4954008.40347","LATITUDINE_CENTRALE":"44.72545","LONGITUDINE_CENTRALE":"7.32373","POS_X_CENTRALE":"367254.88087","POS_Y_CENTRALE":"4953818.23246","TIPO_ADSL":"ADSL_1","DESCRIZIONE_TIPO_ADSL":"ADSL (8 mega)","DISTANZA_CALCOLATA":"356.13","CLASSE_DISTANZA":"100-499","POTENZA_SEGNALE":"7000","POPOLAZIONE_SEZIONE": "358"}
			},
		 		{ "type" : "Feature",
				"geometry" : {
					"type" : "Point",
					"coordinates" : [7.29899,44.72647]},
			"properties" : { "ANNO":"2010","ID_SEZIONE":"11774","ISTAT_COMUNE_SEZ":"4012","COMUNE_SEZ":"BARGE","PROVINCIA":"CN","ID_CENTRALE":"124","NOME_CENTRALE":"BARGE B","ISTAT_COMUNE_CENTR":"4012","COMUNE_CENTR":"BARGE","PROVINCIA_CENTR":"CN","INDIRIZZO_CENTRALE":"SAN MARTINO 4","LATITUDINE_SEZIONE":"44.72647","LONGITUDINE_SEZIONE":"7.29899","POS_X_SEZIONE":"365297.64740","POS_Y_SEZIONE":"4953972.38683","LATITUDINE_CENTRALE":"44.72545","LONGITUDINE_CENTRALE":"7.32373","POS_X_CENTRALE":"367254.88087","POS_Y_CENTRALE":"4953818.23246","TIPO_ADSL":"ADSL_1","DESCRIZIONE_TIPO_ADSL":"ADSL (8 mega)","DISTANZA_CALCOLATA":"1963.29","CLASSE_DISTANZA":"1700-2099","POTENZA_SEGNALE":"6874.88","POPOLAZIONE_SEZIONE": "56"}
			},
		 		{ "type" : "Feature",
				"geometry" : {
					"type" : "Point",
					"coordinates" : [7.31965,44.72431]},
			"properties" : { "ANNO":"2010","ID_SEZIONE":"11775","ISTAT_COMUNE_SEZ":"4012","COMUNE_SEZ":"BARGE","PROVINCIA":"CN","ID_CENTRALE":"124","NOME_CENTRALE":"BARGE B","ISTAT_COMUNE_CENTR":"4012","COMUNE_CENTR":"BARGE","PROVINCIA_CENTR":"CN","INDIRIZZO_CENTRALE":"SAN MARTINO 4","LATITUDINE_SEZIONE":"44.72431","LONGITUDINE_SEZIONE":"7.31965","POS_X_SEZIONE":"366929.13591","POS_Y_SEZIONE":"4953698.89588","LATITUDINE_CENTRALE":"44.72545","LONGITUDINE_CENTRALE":"7.32373","POS_X_CENTRALE":"367254.88087","POS_Y_CENTRALE":"4953818.23246","TIPO_ADSL":"ADSL_1","DESCRIZIONE_TIPO_ADSL":"ADSL (8 mega)","DISTANZA_CALCOLATA":"346.92","CLASSE_DISTANZA":"100-499","POTENZA_SEGNALE":"7000","POPOLAZIONE_SEZIONE": "474"}
			},
		 		{ "type" : "Feature",
				"geometry" : {
					"type" : "Point",
					"coordinates" : [7.44319,44.76843]},
			"properties" : { "ANNO":"2010","ID_SEZIONE":"12278","ISTAT_COMUNE_SEZ":"4012","COMUNE_SEZ":"BARGE","PROVINCIA":"CN","ID_CENTRALE":"124","NOME_CENTRALE":"BARGE B","ISTAT_COMUNE_CENTR":"4012","COMUNE_CENTR":"BARGE","PROVINCIA_CENTR":"CN","INDIRIZZO_CENTRALE":"SAN MARTINO 4","LATITUDINE_SEZIONE":"44.76843","LONGITUDINE_SEZIONE":"7.44319","POS_X_SEZIONE":"376805.96562","POS_Y_SEZIONE":"4958404.96846","LATITUDINE_CENTRALE":"44.72545","LONGITUDINE_CENTRALE":"7.32373","POS_X_CENTRALE":"367254.88087","POS_Y_CENTRALE":"4953818.23246","TIPO_ADSL":"ADSL_1","DESCRIZIONE_TIPO_ADSL":"ADSL (8 mega)","DISTANZA_CALCOLATA":"10595.35","CLASSE_DISTANZA":"6100 e oltre","POTENZA_SEGNALE":"0.00","POPOLAZIONE_SEZIONE": "22"}
			},
		 		{ "type" : "Feature",
				"geometry" : {
					"type" : "Point",
					"coordinates" : [7.32092,44.72866]},
			"properties" : { "ANNO":"2010","ID_SEZIONE":"12281","ISTAT_COMUNE_SEZ":"4012","COMUNE_SEZ":"BARGE","PROVINCIA":"CN","ID_CENTRALE":"124","NOME_CENTRALE":"BARGE B","ISTAT_COMUNE_CENTR":"4012","COMUNE_CENTR":"BARGE","PROVINCIA_CENTR":"CN","INDIRIZZO_CENTRALE":"SAN MARTINO 4","LATITUDINE_SEZIONE":"44.72866","LONGITUDINE_SEZIONE":"7.32092","POS_X_SEZIONE":"367039.71972","POS_Y_SEZIONE":"4954179.90196","LATITUDINE_CENTRALE":"44.72545","LONGITUDINE_CENTRALE":"7.32373","POS_X_CENTRALE":"367254.88087","POS_Y_CENTRALE":"4953818.23246","TIPO_ADSL":"ADSL_1","DESCRIZIONE_TIPO_ADSL":"ADSL (8 mega)","DISTANZA_CALCOLATA":"420.83","CLASSE_DISTANZA":"100-499","POTENZA_SEGNALE":"7000","POPOLAZIONE_SEZIONE": "681"}
			},
		 		{ "type" : "Feature",
				"geometry" : {
					"type" : "Point",
					"coordinates" : [7.31275,44.73801]},
			"properties" : { "ANNO":"2010","ID_SEZIONE":"12658","ISTAT_COMUNE_SEZ":"4012","COMUNE_SEZ":"BARGE","PROVINCIA":"CN","ID_CENTRALE":"124","NOME_CENTRALE":"BARGE B","ISTAT_COMUNE_CENTR":"4012","COMUNE_CENTR":"BARGE","PROVINCIA_CENTR":"CN","INDIRIZZO_CENTRALE":"SAN MARTINO 4","LATITUDINE_SEZIONE":"44.73801","LONGITUDINE_SEZIONE":"7.31275","POS_X_SEZIONE":"366413.81662","POS_Y_SEZIONE":"4955231.90785","LATITUDINE_CENTRALE":"44.72545","LONGITUDINE_CENTRALE":"7.32373","POS_X_CENTRALE":"367254.88087","POS_Y_CENTRALE":"4953818.23246","TIPO_ADSL":"ADSL_1","DESCRIZIONE_TIPO_ADSL":"ADSL (8 mega)","DISTANZA_CALCOLATA":"1644.95","CLASSE_DISTANZA":"1300-1699","POTENZA_SEGNALE":"7000","POPOLAZIONE_SEZIONE": "153"}
			},
		 		{ "type" : "Feature",
				"geometry" : {
					"type" : "Point",
					"coordinates" : [7.28245,44.72500]},
			"properties" : { "ANNO":"2010","ID_SEZIONE":"12879","ISTAT_COMUNE_SEZ":"4012","COMUNE_SEZ":"BARGE","PROVINCIA":"CN","ID_CENTRALE":"124","NOME_CENTRALE":"BARGE B","ISTAT_COMUNE_CENTR":"4012","COMUNE_CENTR":"BARGE","PROVINCIA_CENTR":"CN","INDIRIZZO_CENTRALE":"SAN MARTINO 4","LATITUDINE_SEZIONE":"44.72500","LONGITUDINE_SEZIONE":"7.28245","POS_X_SEZIONE":"363984.21738","POS_Y_SEZIONE":"4953836.37556","LATITUDINE_CENTRALE":"44.72545","LONGITUDINE_CENTRALE":"7.32373","POS_X_CENTRALE":"367254.88087","POS_Y_CENTRALE":"4953818.23246","TIPO_ADSL":"ADSL_1","DESCRIZIONE_TIPO_ADSL":"ADSL (8 mega)","DISTANZA_CALCOLATA":"3270.71","CLASSE_DISTANZA":"2900-3299","POTENZA_SEGNALE":"4999.75","POPOLAZIONE_SEZIONE": "34"}
			},
		 		{ "type" : "Feature",
				"geometry" : {
					"type" : "Point",
					"coordinates" : [7.34026,44.73954]},
			"properties" : { "ANNO":"2010","ID_SEZIONE":"14364","ISTAT_COMUNE_SEZ":"4012","COMUNE_SEZ":"BARGE","PROVINCIA":"CN","ID_CENTRALE":"124","NOME_CENTRALE":"BARGE B","ISTAT_COMUNE_CENTR":"4012","COMUNE_CENTR":"BARGE","PROVINCIA_CENTR":"CN","INDIRIZZO_CENTRALE":"SAN MARTINO 4","LATITUDINE_SEZIONE":"44.73954","LONGITUDINE_SEZIONE":"7.34026","POS_X_SEZIONE":"368595.75480","POS_Y_SEZIONE":"4955356.91879","LATITUDINE_CENTRALE":"44.72545","LONGITUDINE_CENTRALE":"7.32373","POS_X_CENTRALE":"367254.88087","POS_Y_CENTRALE":"4953818.23246","TIPO_ADSL":"ADSL_1","DESCRIZIONE_TIPO_ADSL":"ADSL (8 mega)","DISTANZA_CALCOLATA":"2040.96","CLASSE_DISTANZA":"1700-2099","POTENZA_SEGNALE":"6874.88","POPOLAZIONE_SEZIONE": "13"}
			},
		 		{ "type" : "Feature",
				"geometry" : {
					"type" : "Point",
					"coordinates" : [7.29630,44.71328]},
			"properties" : { "ANNO":"2010","ID_SEZIONE":"14368","ISTAT_COMUNE_SEZ":"4012","COMUNE_SEZ":"BARGE","PROVINCIA":"CN","ID_CENTRALE":"124","NOME_CENTRALE":"BARGE B","ISTAT_COMUNE_CENTR":"4012","COMUNE_CENTR":"BARGE","PROVINCIA_CENTR":"CN","INDIRIZZO_CENTRALE":"SAN MARTINO 4","LATITUDINE_SEZIONE":"44.71328","LONGITUDINE_SEZIONE":"7.29630","POS_X_SEZIONE":"365053.92414","POS_Y_SEZIONE":"4952512.36967","LATITUDINE_CENTRALE":"44.72545","LONGITUDINE_CENTRALE":"7.32373","POS_X_CENTRALE":"367254.88087","POS_Y_CENTRALE":"4953818.23246","TIPO_ADSL":"ADSL_1","DESCRIZIONE_TIPO_ADSL":"ADSL (8 mega)","DISTANZA_CALCOLATA":"2559.2","CLASSE_DISTANZA":"2500-2899","POTENZA_SEGNALE":"5749.63","POPOLAZIONE_SEZIONE": "7"}
			},
		 		{ "type" : "Feature",
				"geometry" : {
					"type" : "Point",
					"coordinates" : [7.40367,44.74444]},
			"properties" : { "ANNO":"2010","ID_SEZIONE":"15392","ISTAT_COMUNE_SEZ":"4012","COMUNE_SEZ":"BARGE","PROVINCIA":"CN","ID_CENTRALE":"124","NOME_CENTRALE":"BARGE B","ISTAT_COMUNE_CENTR":"4012","COMUNE_CENTR":"BARGE","PROVINCIA_CENTR":"CN","INDIRIZZO_CENTRALE":"SAN MARTINO 4","LATITUDINE_SEZIONE":"44.74444","LONGITUDINE_SEZIONE":"7.40367","POS_X_SEZIONE":"373626.77432","POS_Y_SEZIONE":"4955800.43009","LATITUDINE_CENTRALE":"44.72545","LONGITUDINE_CENTRALE":"7.32373","POS_X_CENTRALE":"367254.88087","POS_Y_CENTRALE":"4953818.23246","TIPO_ADSL":"ADSL_1","DESCRIZIONE_TIPO_ADSL":"ADSL (8 mega)","DISTANZA_CALCOLATA":"6673.09","CLASSE_DISTANZA":"6100 e oltre","POTENZA_SEGNALE":"0.00","POPOLAZIONE_SEZIONE": "21"}
			},
		 		{ "type" : "Feature",
				"geometry" : {
					"type" : "Point",
					"coordinates" : [7.37876,44.71328]},
			"properties" : { "ANNO":"2010","ID_SEZIONE":"15609","ISTAT_COMUNE_SEZ":"4012","COMUNE_SEZ":"BARGE","PROVINCIA":"CN","ID_CENTRALE":"124","NOME_CENTRALE":"BARGE B","ISTAT_COMUNE_CENTR":"4012","COMUNE_CENTR":"BARGE","PROVINCIA_CENTR":"CN","INDIRIZZO_CENTRALE":"SAN MARTINO 4","LATITUDINE_SEZIONE":"44.71328","LONGITUDINE_SEZIONE":"7.37876","POS_X_SEZIONE":"371585.72984","POS_Y_SEZIONE":"4952378.39412","LATITUDINE_CENTRALE":"44.72545","LONGITUDINE_CENTRALE":"7.32373","POS_X_CENTRALE":"367254.88087","POS_Y_CENTRALE":"4953818.23246","TIPO_ADSL":"ADSL_1","DESCRIZIONE_TIPO_ADSL":"ADSL (8 mega)","DISTANZA_CALCOLATA":"4563.92","CLASSE_DISTANZA":"4500-4899","POTENZA_SEGNALE":"1470","POPOLAZIONE_SEZIONE": "40"}
			},
		 		{ "type" : "Feature",
				"geometry" : {
					"type" : "Point",
					"coordinates" : [7.31931,44.68807]},
			"properties" : { "ANNO":"2010","ID_SEZIONE":"15656","ISTAT_COMUNE_SEZ":"4012","COMUNE_SEZ":"BARGE","PROVINCIA":"CN","ID_CENTRALE":"124","NOME_CENTRALE":"BARGE B","ISTAT_COMUNE_CENTR":"4012","COMUNE_CENTR":"BARGE","PROVINCIA_CENTR":"CN","INDIRIZZO_CENTRALE":"SAN MARTINO 4","LATITUDINE_SEZIONE":"44.68807","LONGITUDINE_SEZIONE":"7.31931","POS_X_SEZIONE":"366818.94839","POS_Y_SEZIONE":"4949673.35476","LATITUDINE_CENTRALE":"44.72545","LONGITUDINE_CENTRALE":"7.32373","POS_X_CENTRALE":"367254.88087","POS_Y_CENTRALE":"4953818.23246","TIPO_ADSL":"ADSL_1","DESCRIZIONE_TIPO_ADSL":"ADSL (8 mega)","DISTANZA_CALCOLATA":"4167.74","CLASSE_DISTANZA":"4100-4499","POTENZA_SEGNALE":"2125.38","POPOLAZIONE_SEZIONE": ""}
			},
		 		{ "type" : "Feature",
				"geometry" : {
					"type" : "Point",
					"coordinates" : [7.29812,44.70303]},
			"properties" : { "ANNO":"2010","ID_SEZIONE":"18633","ISTAT_COMUNE_SEZ":"4012","COMUNE_SEZ":"BARGE","PROVINCIA":"CN","ID_CENTRALE":"124","NOME_CENTRALE":"BARGE B","ISTAT_COMUNE_CENTR":"4012","COMUNE_CENTR":"BARGE","PROVINCIA_CENTR":"CN","INDIRIZZO_CENTRALE":"SAN MARTINO 4","LATITUDINE_SEZIONE":"44.70303","LONGITUDINE_SEZIONE":"7.29812","POS_X_SEZIONE":"365174.46737","POS_Y_SEZIONE":"4951369.85908","LATITUDINE_CENTRALE":"44.72545","LONGITUDINE_CENTRALE":"7.32373","POS_X_CENTRALE":"367254.88087","POS_Y_CENTRALE":"4953818.23246","TIPO_ADSL":"ADSL_1","DESCRIZIONE_TIPO_ADSL":"ADSL (8 mega)","DISTANZA_CALCOLATA":"3212.89","CLASSE_DISTANZA":"2900-3299","POTENZA_SEGNALE":"4999.75","POPOLAZIONE_SEZIONE": "4"}
			},
		 		{ "type" : "Feature",
				"geometry" : {
					"type" : "Point",
					"coordinates" : [7.36415,44.72571]},
			"properties" : { "ANNO":"2010","ID_SEZIONE":"18858","ISTAT_COMUNE_SEZ":"4012","COMUNE_SEZ":"BARGE","PROVINCIA":"CN","ID_CENTRALE":"124","NOME_CENTRALE":"BARGE B","ISTAT_COMUNE_CENTR":"4012","COMUNE_CENTR":"BARGE","PROVINCIA_CENTR":"CN","INDIRIZZO_CENTRALE":"SAN MARTINO 4","LATITUDINE_SEZIONE":"44.72571","LONGITUDINE_SEZIONE":"7.36415","POS_X_SEZIONE":"370456.29573","POS_Y_SEZIONE":"4953782.40615","LATITUDINE_CENTRALE":"44.72545","LONGITUDINE_CENTRALE":"7.32373","POS_X_CENTRALE":"367254.88087","POS_Y_CENTRALE":"4953818.23246","TIPO_ADSL":"ADSL_1","DESCRIZIONE_TIPO_ADSL":"ADSL (8 mega)","DISTANZA_CALCOLATA":"3201.62","CLASSE_DISTANZA":"2900-3299","POTENZA_SEGNALE":"4999.75","POPOLAZIONE_SEZIONE": "57"}
			},
		 		{ "type" : "Feature",
				"geometry" : {
					"type" : "Point",
					"coordinates" : [7.33173,44.70647]},
			"properties" : { "ANNO":"2010","ID_SEZIONE":"18859","ISTAT_COMUNE_SEZ":"4012","COMUNE_SEZ":"BARGE","PROVINCIA":"CN","ID_CENTRALE":"124","NOME_CENTRALE":"BARGE B","ISTAT_COMUNE_CENTR":"4012","COMUNE_CENTR":"BARGE","PROVINCIA_CENTR":"CN","INDIRIZZO_CENTRALE":"SAN MARTINO 4","LATITUDINE_SEZIONE":"44.70647","LONGITUDINE_SEZIONE":"7.33173","POS_X_SEZIONE":"367844.98616","POS_Y_SEZIONE":"4951696.88116","LATITUDINE_CENTRALE":"44.72545","LONGITUDINE_CENTRALE":"7.32373","POS_X_CENTRALE":"367254.88087","POS_Y_CENTRALE":"4953818.23246","TIPO_ADSL":"ADSL_1","DESCRIZIONE_TIPO_ADSL":"ADSL (8 mega)","DISTANZA_CALCOLATA":"2201.9","CLASSE_DISTANZA":"2100-2499","POTENZA_SEGNALE":"6500.38","POPOLAZIONE_SEZIONE": "12"}
			},
		 		{ "type" : "Feature",
				"geometry" : {
					"type" : "Point",
					"coordinates" : [7.30276,44.72854]},
			"properties" : { "ANNO":"2010","ID_SEZIONE":"20404","ISTAT_COMUNE_SEZ":"4012","COMUNE_SEZ":"BARGE","PROVINCIA":"CN","ID_CENTRALE":"124","NOME_CENTRALE":"BARGE B","ISTAT_COMUNE_CENTR":"4012","COMUNE_CENTR":"BARGE","PROVINCIA_CENTR":"CN","INDIRIZZO_CENTRALE":"SAN MARTINO 4","LATITUDINE_SEZIONE":"44.72854","LONGITUDINE_SEZIONE":"7.30276","POS_X_SEZIONE":"365600.82257","POS_Y_SEZIONE":"4954196.39143","LATITUDINE_CENTRALE":"44.72545","LONGITUDINE_CENTRALE":"7.32373","POS_X_CENTRALE":"367254.88087","POS_Y_CENTRALE":"4953818.23246","TIPO_ADSL":"ADSL_1","DESCRIZIONE_TIPO_ADSL":"ADSL (8 mega)","DISTANZA_CALCOLATA":"1696.74","CLASSE_DISTANZA":"1300-1699","POTENZA_SEGNALE":"7000","POPOLAZIONE_SEZIONE": "27"}
			},
		 		{ "type" : "Feature",
				"geometry" : {
					"type" : "Point",
					"coordinates" : [7.28407,44.73176]},
			"properties" : { "ANNO":"2010","ID_SEZIONE":"20634","ISTAT_COMUNE_SEZ":"4012","COMUNE_SEZ":"BARGE","PROVINCIA":"CN","ID_CENTRALE":"124","NOME_CENTRALE":"BARGE B","ISTAT_COMUNE_CENTR":"4012","COMUNE_CENTR":"BARGE","PROVINCIA_CENTR":"CN","INDIRIZZO_CENTRALE":"SAN MARTINO 4","LATITUDINE_SEZIONE":"44.73176","LONGITUDINE_SEZIONE":"7.28407","POS_X_SEZIONE":"364128.48465","POS_Y_SEZIONE":"4954585.38446","LATITUDINE_CENTRALE":"44.72545","LONGITUDINE_CENTRALE":"7.32373","POS_X_CENTRALE":"367254.88087","POS_Y_CENTRALE":"4953818.23246","TIPO_ADSL":"ADSL_1","DESCRIZIONE_TIPO_ADSL":"ADSL (8 mega)","DISTANZA_CALCOLATA":"3219.14","CLASSE_DISTANZA":"2900-3299","POTENZA_SEGNALE":"4999.75","POPOLAZIONE_SEZIONE": "84"}
			},
		 		{ "type" : "Feature",
				"geometry" : {
					"type" : "Point",
					"coordinates" : [7.30682,44.74910]},
			"properties" : { "ANNO":"2010","ID_SEZIONE":"20865","ISTAT_COMUNE_SEZ":"4009","COMUNE_SEZ":"BAGNOLO PIEMONTE","PROVINCIA":"CN","ID_CENTRALE":"124","NOME_CENTRALE":"BARGE B","ISTAT_COMUNE_CENTR":"4012","COMUNE_CENTR":"BARGE","PROVINCIA_CENTR":"CN","INDIRIZZO_CENTRALE":"SAN MARTINO 4","LATITUDINE_SEZIONE":"44.74910","LONGITUDINE_SEZIONE":"7.30682","POS_X_SEZIONE":"365970.31147","POS_Y_SEZIONE":"4956473.41672","LATITUDINE_CENTRALE":"44.72545","LONGITUDINE_CENTRALE":"7.32373","POS_X_CENTRALE":"367254.88087","POS_Y_CENTRALE":"4953818.23246","TIPO_ADSL":"ADSL_1","DESCRIZIONE_TIPO_ADSL":"ADSL (8 mega)","DISTANZA_CALCOLATA":"2949.6","CLASSE_DISTANZA":"2900-3299","POTENZA_SEGNALE":"4999.75","POPOLAZIONE_SEZIONE": "227"}
			},
		 		{ "type" : "Feature",
				"geometry" : {
					"type" : "Point",
					"coordinates" : [7.22975,44.72414]},
			"properties" : { "ANNO":"2010","ID_SEZIONE":"22655","ISTAT_COMUNE_SEZ":"4012","COMUNE_SEZ":"BARGE","PROVINCIA":"CN","ID_CENTRALE":"124","NOME_CENTRALE":"BARGE B","ISTAT_COMUNE_CENTR":"4012","COMUNE_CENTR":"BARGE","PROVINCIA_CENTR":"CN","INDIRIZZO_CENTRALE":"SAN MARTINO 4","LATITUDINE_SEZIONE":"44.72414","LONGITUDINE_SEZIONE":"7.22975","POS_X_SEZIONE":"359808.74064","POS_Y_SEZIONE":"4953831.34363","LATITUDINE_CENTRALE":"44.72545","LONGITUDINE_CENTRALE":"7.32373","POS_X_CENTRALE":"367254.88087","POS_Y_CENTRALE":"4953818.23246","TIPO_ADSL":"ADSL_1","DESCRIZIONE_TIPO_ADSL":"ADSL (8 mega)","DISTANZA_CALCOLATA":"7446.15","CLASSE_DISTANZA":"6100 e oltre","POTENZA_SEGNALE":"0.00","POPOLAZIONE_SEZIONE": ""}
			},
		 		{ "type" : "Feature",
				"geometry" : {
					"type" : "Point",
					"coordinates" : [7.33272,44.69531]},
			"properties" : { "ANNO":"2010","ID_SEZIONE":"22880","ISTAT_COMUNE_SEZ":"4012","COMUNE_SEZ":"BARGE","PROVINCIA":"CN","ID_CENTRALE":"124","NOME_CENTRALE":"BARGE B","ISTAT_COMUNE_CENTR":"4012","COMUNE_CENTR":"BARGE","PROVINCIA_CENTR":"CN","INDIRIZZO_CENTRALE":"SAN MARTINO 4","LATITUDINE_SEZIONE":"44.69531","LONGITUDINE_SEZIONE":"7.33272","POS_X_SEZIONE":"367897.81636","POS_Y_SEZIONE":"4950456.36865","LATITUDINE_CENTRALE":"44.72545","LONGITUDINE_CENTRALE":"7.32373","POS_X_CENTRALE":"367254.88087","POS_Y_CENTRALE":"4953818.23246","TIPO_ADSL":"ADSL_1","DESCRIZIONE_TIPO_ADSL":"ADSL (8 mega)","DISTANZA_CALCOLATA":"3422.79","CLASSE_DISTANZA":"3300-3699","POTENZA_SEGNALE":"3999.63","POPOLAZIONE_SEZIONE": "4"}
			},
		 		{ "type" : "Feature",
				"geometry" : {
					"type" : "Point",
					"coordinates" : [7.25950,44.71866]},
			"properties" : { "ANNO":"2010","ID_SEZIONE":"23104","ISTAT_COMUNE_SEZ":"4012","COMUNE_SEZ":"BARGE","PROVINCIA":"CN","ID_CENTRALE":"124","NOME_CENTRALE":"BARGE B","ISTAT_COMUNE_CENTR":"4012","COMUNE_CENTR":"BARGE","PROVINCIA_CENTR":"CN","INDIRIZZO_CENTRALE":"SAN MARTINO 4","LATITUDINE_SEZIONE":"44.71866","LONGITUDINE_SEZIONE":"7.25950","POS_X_SEZIONE":"362151.93271","POS_Y_SEZIONE":"4953171.35412","LATITUDINE_CENTRALE":"44.72545","LONGITUDINE_CENTRALE":"7.32373","POS_X_CENTRALE":"367254.88087","POS_Y_CENTRALE":"4953818.23246","TIPO_ADSL":"ADSL_1","DESCRIZIONE_TIPO_ADSL":"ADSL (8 mega)","DISTANZA_CALCOLATA":"5143.79","CLASSE_DISTANZA":"4900-5299","POTENZA_SEGNALE":"125.13","POPOLAZIONE_SEZIONE": ""}
			},
		 		{ "type" : "Feature",
				"geometry" : {
					"type" : "Point",
					"coordinates" : [7.35759,44.71390]},
			"properties" : { "ANNO":"2010","ID_SEZIONE":"24115","ISTAT_COMUNE_SEZ":"4012","COMUNE_SEZ":"BARGE","PROVINCIA":"CN","ID_CENTRALE":"124","NOME_CENTRALE":"BARGE B","ISTAT_COMUNE_CENTR":"4012","COMUNE_CENTR":"BARGE","PROVINCIA_CENTR":"CN","INDIRIZZO_CENTRALE":"SAN MARTINO 4","LATITUDINE_SEZIONE":"44.71390","LONGITUDINE_SEZIONE":"7.35759","POS_X_SEZIONE":"369909.83045","POS_Y_SEZIONE":"4952481.39265","LATITUDINE_CENTRALE":"44.72545","LONGITUDINE_CENTRALE":"7.32373","POS_X_CENTRALE":"367254.88087","POS_Y_CENTRALE":"4953818.23246","TIPO_ADSL":"ADSL_1","DESCRIZIONE_TIPO_ADSL":"ADSL (8 mega)","DISTANZA_CALCOLATA":"2972.52","CLASSE_DISTANZA":"2900-3299","POTENZA_SEGNALE":"4999.75","POPOLAZIONE_SEZIONE": "140"}
			},
		 		{ "type" : "Feature",
				"geometry" : {
					"type" : "Point",
					"coordinates" : [7.31438,44.71214]},
			"properties" : { "ANNO":"2010","ID_SEZIONE":"24606","ISTAT_COMUNE_SEZ":"4012","COMUNE_SEZ":"BARGE","PROVINCIA":"CN","ID_CENTRALE":"124","NOME_CENTRALE":"BARGE B","ISTAT_COMUNE_CENTR":"4012","COMUNE_CENTR":"BARGE","PROVINCIA_CENTR":"CN","INDIRIZZO_CENTRALE":"SAN MARTINO 4","LATITUDINE_SEZIONE":"44.71214","LONGITUDINE_SEZIONE":"7.31438","POS_X_SEZIONE":"366483.60631","POS_Y_SEZIONE":"4952355.37921","LATITUDINE_CENTRALE":"44.72545","LONGITUDINE_CENTRALE":"7.32373","POS_X_CENTRALE":"367254.88087","POS_Y_CENTRALE":"4953818.23246","TIPO_ADSL":"ADSL_1","DESCRIZIONE_TIPO_ADSL":"ADSL (8 mega)","DISTANZA_CALCOLATA":"1653.72","CLASSE_DISTANZA":"1300-1699","POTENZA_SEGNALE":"7000","POPOLAZIONE_SEZIONE": "95"}
			},
		 		{ "type" : "Feature",
				"geometry" : {
					"type" : "Point",
					"coordinates" : [7.31242,44.72006]},
			"properties" : { "ANNO":"2010","ID_SEZIONE":"25671","ISTAT_COMUNE_SEZ":"4012","COMUNE_SEZ":"BARGE","PROVINCIA":"CN","ID_CENTRALE":"124","NOME_CENTRALE":"BARGE B","ISTAT_COMUNE_CENTR":"4012","COMUNE_CENTR":"BARGE","PROVINCIA_CENTR":"CN","INDIRIZZO_CENTRALE":"SAN MARTINO 4","LATITUDINE_SEZIONE":"44.72006","LONGITUDINE_SEZIONE":"7.31242","POS_X_SEZIONE":"366346.90897","POS_Y_SEZIONE":"4953238.38721","LATITUDINE_CENTRALE":"44.72545","LONGITUDINE_CENTRALE":"7.32373","POS_X_CENTRALE":"367254.88087","POS_Y_CENTRALE":"4953818.23246","TIPO_ADSL":"ADSL_1","DESCRIZIONE_TIPO_ADSL":"ADSL (8 mega)","DISTANZA_CALCOLATA":"1077.33","CLASSE_DISTANZA":"900-1299","POTENZA_SEGNALE":"7000","POPOLAZIONE_SEZIONE": "94"}
			},
		 		{ "type" : "Feature",
				"geometry" : {
					"type" : "Point",
					"coordinates" : [7.30525,44.70207]},
			"properties" : { "ANNO":"2010","ID_SEZIONE":"25672","ISTAT_COMUNE_SEZ":"4012","COMUNE_SEZ":"BARGE","PROVINCIA":"CN","ID_CENTRALE":"124","NOME_CENTRALE":"BARGE B","ISTAT_COMUNE_CENTR":"4012","COMUNE_CENTR":"BARGE","PROVINCIA_CENTR":"CN","INDIRIZZO_CENTRALE":"SAN MARTINO 4","LATITUDINE_SEZIONE":"44.70207","LONGITUDINE_SEZIONE":"7.30525","POS_X_SEZIONE":"365736.95415","POS_Y_SEZIONE":"4951252.36225","LATITUDINE_CENTRALE":"44.72545","LONGITUDINE_CENTRALE":"7.32373","POS_X_CENTRALE":"367254.88087","POS_Y_CENTRALE":"4953818.23246","TIPO_ADSL":"ADSL_1","DESCRIZIONE_TIPO_ADSL":"ADSL (8 mega)","DISTANZA_CALCOLATA":"2981.24","CLASSE_DISTANZA":"2900-3299","POTENZA_SEGNALE":"4999.75","POPOLAZIONE_SEZIONE": "13"}
			},
		 		{ "type" : "Feature",
				"geometry" : {
					"type" : "Point",
					"coordinates" : [7.34655,44.72233]},
			"properties" : { "ANNO":"2010","ID_SEZIONE":"25854","ISTAT_COMUNE_SEZ":"4012","COMUNE_SEZ":"BARGE","PROVINCIA":"CN","ID_CENTRALE":"124","NOME_CENTRALE":"BARGE B","ISTAT_COMUNE_CENTR":"4012","COMUNE_CENTR":"BARGE","PROVINCIA_CENTR":"CN","INDIRIZZO_CENTRALE":"SAN MARTINO 4","LATITUDINE_SEZIONE":"44.72233","LONGITUDINE_SEZIONE":"7.34655","POS_X_SEZIONE":"369054.36702","POS_Y_SEZIONE":"4953434.90049","LATITUDINE_CENTRALE":"44.72545","LONGITUDINE_CENTRALE":"7.32373","POS_X_CENTRALE":"367254.88087","POS_Y_CENTRALE":"4953818.23246","TIPO_ADSL":"ADSL_1","DESCRIZIONE_TIPO_ADSL":"ADSL (8 mega)","DISTANZA_CALCOLATA":"1839.86","CLASSE_DISTANZA":"1700-2099","POTENZA_SEGNALE":"6874.88","POPOLAZIONE_SEZIONE": "144"}
			},
		 		{ "type" : "Feature",
				"geometry" : {
					"type" : "Point",
					"coordinates" : [7.26416,44.72815]},
			"properties" : { "ANNO":"2010","ID_SEZIONE":"26647","ISTAT_COMUNE_SEZ":"4012","COMUNE_SEZ":"BARGE","PROVINCIA":"CN","ID_CENTRALE":"124","NOME_CENTRALE":"BARGE B","ISTAT_COMUNE_CENTR":"4012","COMUNE_CENTR":"BARGE","PROVINCIA_CENTR":"CN","INDIRIZZO_CENTRALE":"SAN MARTINO 4","LATITUDINE_SEZIONE":"44.72815","LONGITUDINE_SEZIONE":"7.26416","POS_X_SEZIONE":"362543.59735","POS_Y_SEZIONE":"4954217.86881","LATITUDINE_CENTRALE":"44.72545","LONGITUDINE_CENTRALE":"7.32373","POS_X_CENTRALE":"367254.88087","POS_Y_CENTRALE":"4953818.23246","TIPO_ADSL":"ADSL_1","DESCRIZIONE_TIPO_ADSL":"ADSL (8 mega)","DISTANZA_CALCOLATA":"4728.2","CLASSE_DISTANZA":"4500-4899","POTENZA_SEGNALE":"1470","POPOLAZIONE_SEZIONE": ""}
			},
		 		{ "type" : "Feature",
				"geometry" : {
					"type" : "Point",
					"coordinates" : [7.30726,44.72795]},
			"properties" : { "ANNO":"2010","ID_SEZIONE":"27351","ISTAT_COMUNE_SEZ":"4012","COMUNE_SEZ":"BARGE","PROVINCIA":"CN","ID_CENTRALE":"124","NOME_CENTRALE":"BARGE B","ISTAT_COMUNE_CENTR":"4012","COMUNE_CENTR":"BARGE","PROVINCIA_CENTR":"CN","INDIRIZZO_CENTRALE":"SAN MARTINO 4","LATITUDINE_SEZIONE":"44.72795","LONGITUDINE_SEZIONE":"7.30726","POS_X_SEZIONE":"365956.00158","POS_Y_SEZIONE":"4954122.89332","LATITUDINE_CENTRALE":"44.72545","LONGITUDINE_CENTRALE":"7.32373","POS_X_CENTRALE":"367254.88087","POS_Y_CENTRALE":"4953818.23246","TIPO_ADSL":"ADSL_1","DESCRIZIONE_TIPO_ADSL":"ADSL (8 mega)","DISTANZA_CALCOLATA":"1334.13","CLASSE_DISTANZA":"1300-1699","POTENZA_SEGNALE":"7000","POPOLAZIONE_SEZIONE": "16"}
			},
		 		{ "type" : "Feature",
				"geometry" : {
					"type" : "Point",
					"coordinates" : [7.31942,44.70621]},
			"properties" : { "ANNO":"2010","ID_SEZIONE":"27780","ISTAT_COMUNE_SEZ":"4012","COMUNE_SEZ":"BARGE","PROVINCIA":"CN","ID_CENTRALE":"124","NOME_CENTRALE":"BARGE B","ISTAT_COMUNE_CENTR":"4012","COMUNE_CENTR":"BARGE","PROVINCIA_CENTR":"CN","INDIRIZZO_CENTRALE":"SAN MARTINO 4","LATITUDINE_SEZIONE":"44.70621","LONGITUDINE_SEZIONE":"7.31942","POS_X_SEZIONE":"366869.07319","POS_Y_SEZIONE":"4951688.37530","LATITUDINE_CENTRALE":"44.72545","LONGITUDINE_CENTRALE":"7.32373","POS_X_CENTRALE":"367254.88087","POS_Y_CENTRALE":"4953818.23246","TIPO_ADSL":"ADSL_1","DESCRIZIONE_TIPO_ADSL":"ADSL (8 mega)","DISTANZA_CALCOLATA":"2164.52","CLASSE_DISTANZA":"2100-2499","POTENZA_SEGNALE":"6500.38","POPOLAZIONE_SEZIONE": "98"}
			},
		 		{ "type" : "Feature",
				"geometry" : {
					"type" : "Point",
					"coordinates" : [7.35094,44.74914]},
			"properties" : { "ANNO":"2010","ID_SEZIONE":"28331","ISTAT_COMUNE_SEZ":"4012","COMUNE_SEZ":"BARGE","PROVINCIA":"CN","ID_CENTRALE":"124","NOME_CENTRALE":"BARGE B","ISTAT_COMUNE_CENTR":"4012","COMUNE_CENTR":"BARGE","PROVINCIA_CENTR":"CN","INDIRIZZO_CENTRALE":"SAN MARTINO 4","LATITUDINE_SEZIONE":"44.74914","LONGITUDINE_SEZIONE":"7.35094","POS_X_SEZIONE":"369462.80837","POS_Y_SEZIONE":"4956405.92948","LATITUDINE_CENTRALE":"44.72545","LONGITUDINE_CENTRALE":"7.32373","POS_X_CENTRALE":"367254.88087","POS_Y_CENTRALE":"4953818.23246","TIPO_ADSL":"ADSL_1","DESCRIZIONE_TIPO_ADSL":"ADSL (8 mega)","DISTANZA_CALCOLATA":"3401.63","CLASSE_DISTANZA":"3300-3699","POTENZA_SEGNALE":"3999.63","POPOLAZIONE_SEZIONE": "18"}
			},
		 		{ "type" : "Feature",
				"geometry" : {
					"type" : "Point",
					"coordinates" : [7.32454,44.73056]},
			"properties" : { "ANNO":"2010","ID_SEZIONE":"29426","ISTAT_COMUNE_SEZ":"4012","COMUNE_SEZ":"BARGE","PROVINCIA":"CN","ID_CENTRALE":"124","NOME_CENTRALE":"BARGE B","ISTAT_COMUNE_CENTR":"4012","COMUNE_CENTR":"BARGE","PROVINCIA_CENTR":"CN","INDIRIZZO_CENTRALE":"SAN MARTINO 4","LATITUDINE_SEZIONE":"44.73056","LONGITUDINE_SEZIONE":"7.32454","POS_X_SEZIONE":"367330.45841","POS_Y_SEZIONE":"4954384.90574","LATITUDINE_CENTRALE":"44.72545","LONGITUDINE_CENTRALE":"7.32373","POS_X_CENTRALE":"367254.88087","POS_Y_CENTRALE":"4953818.23246","TIPO_ADSL":"ADSL_1","DESCRIZIONE_TIPO_ADSL":"ADSL (8 mega)","DISTANZA_CALCOLATA":"571.69","CLASSE_DISTANZA":"500-899","POTENZA_SEGNALE":"7000","POPOLAZIONE_SEZIONE": "468"}
			},
		 		{ "type" : "Feature",
				"geometry" : {
					"type" : "Point",
					"coordinates" : [7.31637,44.72717]},
			"properties" : { "ANNO":"2010","ID_SEZIONE":"29427","ISTAT_COMUNE_SEZ":"4012","COMUNE_SEZ":"BARGE","PROVINCIA":"CN","ID_CENTRALE":"124","NOME_CENTRALE":"BARGE B","ISTAT_COMUNE_CENTR":"4012","COMUNE_CENTR":"BARGE","PROVINCIA_CENTR":"CN","INDIRIZZO_CENTRALE":"SAN MARTINO 4","LATITUDINE_SEZIONE":"44.72717","LONGITUDINE_SEZIONE":"7.31637","POS_X_SEZIONE":"366675.70155","POS_Y_SEZIONE":"4954021.89723","LATITUDINE_CENTRALE":"44.72545","LONGITUDINE_CENTRALE":"7.32373","POS_X_CENTRALE":"367254.88087","POS_Y_CENTRALE":"4953818.23246","TIPO_ADSL":"ADSL_1","DESCRIZIONE_TIPO_ADSL":"ADSL (8 mega)","DISTANZA_CALCOLATA":"613.94","CLASSE_DISTANZA":"500-899","POTENZA_SEGNALE":"7000","POPOLAZIONE_SEZIONE": "472"}
			},
		 		{ "type" : "Feature",
				"geometry" : {
					"type" : "Point",
					"coordinates" : [7.29800,44.70989]},
			"properties" : { "ANNO":"2010","ID_SEZIONE":"30398","ISTAT_COMUNE_SEZ":"4012","COMUNE_SEZ":"BARGE","PROVINCIA":"CN","ID_CENTRALE":"124","NOME_CENTRALE":"BARGE B","ISTAT_COMUNE_CENTR":"4012","COMUNE_CENTR":"BARGE","PROVINCIA_CENTR":"CN","INDIRIZZO_CENTRALE":"SAN MARTINO 4","LATITUDINE_SEZIONE":"44.70989","LONGITUDINE_SEZIONE":"7.29800","POS_X_SEZIONE":"365181.23806","POS_Y_SEZIONE":"4952132.36686","LATITUDINE_CENTRALE":"44.72545","LONGITUDINE_CENTRALE":"7.32373","POS_X_CENTRALE":"367254.88087","POS_Y_CENTRALE":"4953818.23246","TIPO_ADSL":"ADSL_1","DESCRIZIONE_TIPO_ADSL":"ADSL (8 mega)","DISTANZA_CALCOLATA":"2672.48","CLASSE_DISTANZA":"2500-2899","POTENZA_SEGNALE":"5749.63","POPOLAZIONE_SEZIONE": "55"}
			},
		 		{ "type" : "Feature",
				"geometry" : {
					"type" : "Point",
					"coordinates" : [7.47077,44.76830]},
			"properties" : { "ANNO":"2010","ID_SEZIONE":"30886","ISTAT_COMUNE_SEZ":"4012","COMUNE_SEZ":"BARGE","PROVINCIA":"CN","ID_CENTRALE":"124","NOME_CENTRALE":"BARGE B","ISTAT_COMUNE_CENTR":"4012","COMUNE_CENTR":"BARGE","PROVINCIA_CENTR":"CN","INDIRIZZO_CENTRALE":"SAN MARTINO 4","LATITUDINE_SEZIONE":"44.76830","LONGITUDINE_SEZIONE":"7.47077","POS_X_SEZIONE":"378988.26066","POS_Y_SEZIONE":"4958348.96590","LATITUDINE_CENTRALE":"44.72545","LONGITUDINE_CENTRALE":"7.32373","POS_X_CENTRALE":"367254.88087","POS_Y_CENTRALE":"4953818.23246","TIPO_ADSL":"ADSL_1","DESCRIZIONE_TIPO_ADSL":"ADSL (8 mega)","DISTANZA_CALCOLATA":"12577.75","CLASSE_DISTANZA":"6100 e oltre","POTENZA_SEGNALE":"0.00","POPOLAZIONE_SEZIONE": "9"}
			},
		 		{ "type" : "Feature",
				"geometry" : {
					"type" : "Point",
					"coordinates" : [7.30638,44.69070]},
			"properties" : { "ANNO":"2010","ID_SEZIONE":"32139","ISTAT_COMUNE_SEZ":"4012","COMUNE_SEZ":"BARGE","PROVINCIA":"CN","ID_CENTRALE":"124","NOME_CENTRALE":"BARGE B","ISTAT_COMUNE_CENTR":"4012","COMUNE_CENTR":"BARGE","PROVINCIA_CENTR":"CN","INDIRIZZO_CENTRALE":"SAN MARTINO 4","LATITUDINE_SEZIONE":"44.69070","LONGITUDINE_SEZIONE":"7.30638","POS_X_SEZIONE":"365800.43908","POS_Y_SEZIONE":"4949987.34951","LATITUDINE_CENTRALE":"44.72545","LONGITUDINE_CENTRALE":"7.32373","POS_X_CENTRALE":"367254.88087","POS_Y_CENTRALE":"4953818.23246","TIPO_ADSL":"ADSL_1","DESCRIZIONE_TIPO_ADSL":"ADSL (8 mega)","DISTANZA_CALCOLATA":"4097.69","CLASSE_DISTANZA":"3700-4099","POTENZA_SEGNALE":"3000.38","POPOLAZIONE_SEZIONE": "38"}
			},
		 		{ "type" : "Feature",
				"geometry" : {
					"type" : "Point",
					"coordinates" : [7.32980,44.68411]},
			"properties" : { "ANNO":"2010","ID_SEZIONE":"32140","ISTAT_COMUNE_SEZ":"4012","COMUNE_SEZ":"BARGE","PROVINCIA":"CN","ID_CENTRALE":"124","NOME_CENTRALE":"BARGE B","ISTAT_COMUNE_CENTR":"4012","COMUNE_CENTR":"BARGE","PROVINCIA_CENTR":"CN","INDIRIZZO_CENTRALE":"SAN MARTINO 4","LATITUDINE_SEZIONE":"44.68411","LONGITUDINE_SEZIONE":"7.32980","POS_X_SEZIONE":"367641.21630","POS_Y_SEZIONE":"4949216.35584","LATITUDINE_CENTRALE":"44.72545","LONGITUDINE_CENTRALE":"7.32373","POS_X_CENTRALE":"367254.88087","POS_Y_CENTRALE":"4953818.23246","TIPO_ADSL":"ADSL_1","DESCRIZIONE_TIPO_ADSL":"ADSL (8 mega)","DISTANZA_CALCOLATA":"4618.06","CLASSE_DISTANZA":"4500-4899","POTENZA_SEGNALE":"1470","POPOLAZIONE_SEZIONE": "2"}
			}
		 		]
	}
		