 	{ "type" : "FeatureCollection",
		"features" : [
		 		{ "type" : "Feature",
				"geometry" : {
					"type" : "Point",
					"coordinates" : [8.37303,44.91725]},
			"properties" : { "ANNO":"2010","ID_SEZIONE":"21","ISTAT_COMUNE_SEZ":"6142","COMUNE_SEZ":"QUATTORDIO","PROVINCIA":"AL","ID_CENTRALE":"1076","NOME_CENTRALE":"QUATTORDIO","ISTAT_COMUNE_CENTR":"6142","COMUNE_CENTR":"QUATTORDIO","PROVINCIA_CENTR":"AL","INDIRIZZO_CENTRALE":"TRENTO","LATITUDINE_SEZIONE":"44.91725","LONGITUDINE_SEZIONE":"8.37303","POS_X_SEZIONE":"450514.08831","POS_Y_SEZIONE":"4973949.16048","LATITUDINE_CENTRALE":"44.90059","LONGITUDINE_CENTRALE":"8.40930","POS_X_CENTRALE":"453362.98508","POS_Y_CENTRALE":"4972076.93360","TIPO_ADSL":"ADSL_1","DESCRIZIONE_TIPO_ADSL":"ADSL (8 mega)","DISTANZA_CALCOLATA":"3409.02","CLASSE_DISTANZA":"3300-3699","POTENZA_SEGNALE":"3999.63","POPOLAZIONE_SEZIONE": "24"}
			},
		 		{ "type" : "Feature",
				"geometry" : {
					"type" : "Point",
					"coordinates" : [8.39965,44.90981]},
			"properties" : { "ANNO":"2010","ID_SEZIONE":"22","ISTAT_COMUNE_SEZ":"6142","COMUNE_SEZ":"QUATTORDIO","PROVINCIA":"AL","ID_CENTRALE":"1076","NOME_CENTRALE":"QUATTORDIO","ISTAT_COMUNE_CENTR":"6142","COMUNE_CENTR":"QUATTORDIO","PROVINCIA_CENTR":"AL","INDIRIZZO_CENTRALE":"TRENTO","LATITUDINE_SEZIONE":"44.90981","LONGITUDINE_SEZIONE":"8.39965","POS_X_SEZIONE":"452609.14009","POS_Y_SEZIONE":"4973107.16214","LATITUDINE_CENTRALE":"44.90059","LONGITUDINE_CENTRALE":"8.40930","POS_X_CENTRALE":"453362.98508","POS_Y_CENTRALE":"4972076.93360","TIPO_ADSL":"ADSL_1","DESCRIZIONE_TIPO_ADSL":"ADSL (8 mega)","DISTANZA_CALCOLATA":"1276.58","CLASSE_DISTANZA":"900-1299","POTENZA_SEGNALE":"7000","POPOLAZIONE_SEZIONE": "15"}
			},
		 		{ "type" : "Feature",
				"geometry" : {
					"type" : "Point",
					"coordinates" : [8.37396,44.90221]},
			"properties" : { "ANNO":"2010","ID_SEZIONE":"2009","ISTAT_COMUNE_SEZ":"6142","COMUNE_SEZ":"QUATTORDIO","PROVINCIA":"AL","ID_CENTRALE":"1076","NOME_CENTRALE":"QUATTORDIO","ISTAT_COMUNE_CENTR":"6142","COMUNE_CENTR":"QUATTORDIO","PROVINCIA_CENTR":"AL","INDIRIZZO_CENTRALE":"TRENTO","LATITUDINE_SEZIONE":"44.90221","LONGITUDINE_SEZIONE":"8.37396","POS_X_SEZIONE":"450574.22783","POS_Y_SEZIONE":"4972277.64278","LATITUDINE_CENTRALE":"44.90059","LONGITUDINE_CENTRALE":"8.40930","POS_X_CENTRALE":"453362.98508","POS_Y_CENTRALE":"4972076.93360","TIPO_ADSL":"ADSL_1","DESCRIZIONE_TIPO_ADSL":"ADSL (8 mega)","DISTANZA_CALCOLATA":"2795.97","CLASSE_DISTANZA":"2500-2899","POTENZA_SEGNALE":"5749.63","POPOLAZIONE_SEZIONE": "36"}
			},
		 		{ "type" : "Feature",
				"geometry" : {
					"type" : "Point",
					"coordinates" : [8.36522,44.91353]},
			"properties" : { "ANNO":"2010","ID_SEZIONE":"2882","ISTAT_COMUNE_SEZ":"6142","COMUNE_SEZ":"QUATTORDIO","PROVINCIA":"AL","ID_CENTRALE":"1076","NOME_CENTRALE":"QUATTORDIO","ISTAT_COMUNE_CENTR":"6142","COMUNE_CENTR":"QUATTORDIO","PROVINCIA_CENTR":"AL","INDIRIZZO_CENTRALE":"TRENTO","LATITUDINE_SEZIONE":"44.91353","LONGITUDINE_SEZIONE":"8.36522","POS_X_SEZIONE":"449894.27494","POS_Y_SEZIONE":"4973540.65308","LATITUDINE_CENTRALE":"44.90059","LONGITUDINE_CENTRALE":"8.40930","POS_X_CENTRALE":"453362.98508","POS_Y_CENTRALE":"4972076.93360","TIPO_ADSL":"ADSL_1","DESCRIZIONE_TIPO_ADSL":"ADSL (8 mega)","DISTANZA_CALCOLATA":"3764.89","CLASSE_DISTANZA":"3700-4099","POTENZA_SEGNALE":"3000.38","POPOLAZIONE_SEZIONE": "2"}
			},
		 		{ "type" : "Feature",
				"geometry" : {
					"type" : "Point",
					"coordinates" : [8.39966,44.89994]},
			"properties" : { "ANNO":"2010","ID_SEZIONE":"2892","ISTAT_COMUNE_SEZ":"6142","COMUNE_SEZ":"QUATTORDIO","PROVINCIA":"AL","ID_CENTRALE":"1076","NOME_CENTRALE":"QUATTORDIO","ISTAT_COMUNE_CENTR":"6142","COMUNE_CENTR":"QUATTORDIO","PROVINCIA_CENTR":"AL","INDIRIZZO_CENTRALE":"TRENTO","LATITUDINE_SEZIONE":"44.89994","LONGITUDINE_SEZIONE":"8.39966","POS_X_SEZIONE":"452601.71046","POS_Y_SEZIONE":"4972010.14889","LATITUDINE_CENTRALE":"44.90059","LONGITUDINE_CENTRALE":"8.40930","POS_X_CENTRALE":"453362.98508","POS_Y_CENTRALE":"4972076.93360","TIPO_ADSL":"ADSL_1","DESCRIZIONE_TIPO_ADSL":"ADSL (8 mega)","DISTANZA_CALCOLATA":"764.20","CLASSE_DISTANZA":"500-899","POTENZA_SEGNALE":"7000","POPOLAZIONE_SEZIONE": "12"}
			},
		 		{ "type" : "Feature",
				"geometry" : {
					"type" : "Point",
					"coordinates" : [8.37533,44.90858]},
			"properties" : { "ANNO":"2010","ID_SEZIONE":"5279","ISTAT_COMUNE_SEZ":"6142","COMUNE_SEZ":"QUATTORDIO","PROVINCIA":"AL","ID_CENTRALE":"1076","NOME_CENTRALE":"QUATTORDIO","ISTAT_COMUNE_CENTR":"6142","COMUNE_CENTR":"QUATTORDIO","PROVINCIA_CENTR":"AL","INDIRIZZO_CENTRALE":"TRENTO","LATITUDINE_SEZIONE":"44.90858","LONGITUDINE_SEZIONE":"8.37533","POS_X_SEZIONE":"450688.06540","POS_Y_SEZIONE":"4972984.15107","LATITUDINE_CENTRALE":"44.90059","LONGITUDINE_CENTRALE":"8.40930","POS_X_CENTRALE":"453362.98508","POS_Y_CENTRALE":"4972076.93360","TIPO_ADSL":"ADSL_1","DESCRIZIONE_TIPO_ADSL":"ADSL (8 mega)","DISTANZA_CALCOLATA":"2824.58","CLASSE_DISTANZA":"2500-2899","POTENZA_SEGNALE":"5749.63","POPOLAZIONE_SEZIONE": "205"}
			},
		 		{ "type" : "Feature",
				"geometry" : {
					"type" : "Point",
					"coordinates" : [8.38905,44.92115]},
			"properties" : { "ANNO":"2010","ID_SEZIONE":"8193","ISTAT_COMUNE_SEZ":"6142","COMUNE_SEZ":"QUATTORDIO","PROVINCIA":"AL","ID_CENTRALE":"1076","NOME_CENTRALE":"QUATTORDIO","ISTAT_COMUNE_CENTR":"6142","COMUNE_CENTR":"QUATTORDIO","PROVINCIA_CENTR":"AL","INDIRIZZO_CENTRALE":"TRENTO","LATITUDINE_SEZIONE":"44.92115","LONGITUDINE_SEZIONE":"8.38905","POS_X_SEZIONE":"451782.03276","POS_Y_SEZIONE":"4974372.67459","LATITUDINE_CENTRALE":"44.90059","LONGITUDINE_CENTRALE":"8.40930","POS_X_CENTRALE":"453362.98508","POS_Y_CENTRALE":"4972076.93360","TIPO_ADSL":"ADSL_1","DESCRIZIONE_TIPO_ADSL":"ADSL (8 mega)","DISTANZA_CALCOLATA":"2787.44","CLASSE_DISTANZA":"2500-2899","POTENZA_SEGNALE":"5749.63","POPOLAZIONE_SEZIONE": "23"}
			},
		 		{ "type" : "Feature",
				"geometry" : {
					"type" : "Point",
					"coordinates" : [8.38893,44.90169]},
			"properties" : { "ANNO":"2010","ID_SEZIONE":"9868","ISTAT_COMUNE_SEZ":"6142","COMUNE_SEZ":"QUATTORDIO","PROVINCIA":"AL","ID_CENTRALE":"1076","NOME_CENTRALE":"QUATTORDIO","ISTAT_COMUNE_CENTR":"6142","COMUNE_CENTR":"QUATTORDIO","PROVINCIA_CENTR":"AL","INDIRIZZO_CENTRALE":"TRENTO","LATITUDINE_SEZIONE":"44.90169","LONGITUDINE_SEZIONE":"8.38893","POS_X_SEZIONE":"451755.67295","POS_Y_SEZIONE":"4972211.14729","LATITUDINE_CENTRALE":"44.90059","LONGITUDINE_CENTRALE":"8.40930","POS_X_CENTRALE":"453362.98508","POS_Y_CENTRALE":"4972076.93360","TIPO_ADSL":"ADSL_1","DESCRIZIONE_TIPO_ADSL":"ADSL (8 mega)","DISTANZA_CALCOLATA":"1612.91","CLASSE_DISTANZA":"1300-1699","POTENZA_SEGNALE":"7000","POPOLAZIONE_SEZIONE": "4"}
			},
		 		{ "type" : "Feature",
				"geometry" : {
					"type" : "Point",
					"coordinates" : [8.38113,44.90261]},
			"properties" : { "ANNO":"2010","ID_SEZIONE":"10689","ISTAT_COMUNE_SEZ":"6142","COMUNE_SEZ":"QUATTORDIO","PROVINCIA":"AL","ID_CENTRALE":"1076","NOME_CENTRALE":"QUATTORDIO","ISTAT_COMUNE_CENTR":"6142","COMUNE_CENTR":"QUATTORDIO","PROVINCIA_CENTR":"AL","INDIRIZZO_CENTRALE":"TRENTO","LATITUDINE_SEZIONE":"44.90261","LONGITUDINE_SEZIONE":"8.38113","POS_X_SEZIONE":"451141.10604","POS_Y_SEZIONE":"4972318.14556","LATITUDINE_CENTRALE":"44.90059","LONGITUDINE_CENTRALE":"8.40930","POS_X_CENTRALE":"453362.98508","POS_Y_CENTRALE":"4972076.93360","TIPO_ADSL":"ADSL_1","DESCRIZIONE_TIPO_ADSL":"ADSL (8 mega)","DISTANZA_CALCOLATA":"2234.93","CLASSE_DISTANZA":"2100-2499","POTENZA_SEGNALE":"6500.38","POPOLAZIONE_SEZIONE": "16"}
			},
		 		{ "type" : "Feature",
				"geometry" : {
					"type" : "Point",
					"coordinates" : [8.38505,44.88498]},
			"properties" : { "ANNO":"2010","ID_SEZIONE":"13430","ISTAT_COMUNE_SEZ":"6142","COMUNE_SEZ":"QUATTORDIO","PROVINCIA":"AL","ID_CENTRALE":"1076","NOME_CENTRALE":"QUATTORDIO","ISTAT_COMUNE_CENTR":"6142","COMUNE_CENTR":"QUATTORDIO","PROVINCIA_CENTR":"AL","INDIRIZZO_CENTRALE":"TRENTO","LATITUDINE_SEZIONE":"44.88498","LONGITUDINE_SEZIONE":"8.38505","POS_X_SEZIONE":"451435.49887","POS_Y_SEZIONE":"4970356.62492","LATITUDINE_CENTRALE":"44.90059","LONGITUDINE_CENTRALE":"8.40930","POS_X_CENTRALE":"453362.98508","POS_Y_CENTRALE":"4972076.93360","TIPO_ADSL":"ADSL_1","DESCRIZIONE_TIPO_ADSL":"ADSL (8 mega)","DISTANZA_CALCOLATA":"2583.54","CLASSE_DISTANZA":"2500-2899","POTENZA_SEGNALE":"5749.63","POPOLAZIONE_SEZIONE": "7"}
			},
		 		{ "type" : "Feature",
				"geometry" : {
					"type" : "Point",
					"coordinates" : [8.38350,44.92420]},
			"properties" : { "ANNO":"2010","ID_SEZIONE":"19116","ISTAT_COMUNE_SEZ":"6142","COMUNE_SEZ":"QUATTORDIO","PROVINCIA":"AL","ID_CENTRALE":"1076","NOME_CENTRALE":"QUATTORDIO","ISTAT_COMUNE_CENTR":"6142","COMUNE_CENTR":"QUATTORDIO","PROVINCIA_CENTR":"AL","INDIRIZZO_CENTRALE":"TRENTO","LATITUDINE_SEZIONE":"44.92420","LONGITUDINE_SEZIONE":"8.38350","POS_X_SEZIONE":"451346.34175","POS_Y_SEZIONE":"4974714.67779","LATITUDINE_CENTRALE":"44.90059","LONGITUDINE_CENTRALE":"8.40930","POS_X_CENTRALE":"453362.98508","POS_Y_CENTRALE":"4972076.93360","TIPO_ADSL":"ADSL_1","DESCRIZIONE_TIPO_ADSL":"ADSL (8 mega)","DISTANZA_CALCOLATA":"3320.32","CLASSE_DISTANZA":"3300-3699","POTENZA_SEGNALE":"3999.63","POPOLAZIONE_SEZIONE": "175"}
			},
		 		{ "type" : "Feature",
				"geometry" : {
					"type" : "Point",
					"coordinates" : [8.37072,44.92060]},
			"properties" : { "ANNO":"2010","ID_SEZIONE":"19513","ISTAT_COMUNE_SEZ":"6142","COMUNE_SEZ":"QUATTORDIO","PROVINCIA":"AL","ID_CENTRALE":"1076","NOME_CENTRALE":"QUATTORDIO","ISTAT_COMUNE_CENTR":"6142","COMUNE_CENTR":"QUATTORDIO","PROVINCIA_CENTR":"AL","INDIRIZZO_CENTRALE":"TRENTO","LATITUDINE_SEZIONE":"44.92060","LONGITUDINE_SEZIONE":"8.37072","POS_X_SEZIONE":"450334.58623","POS_Y_SEZIONE":"4974322.16579","LATITUDINE_CENTRALE":"44.90059","LONGITUDINE_CENTRALE":"8.40930","POS_X_CENTRALE":"453362.98508","POS_Y_CENTRALE":"4972076.93360","TIPO_ADSL":"ADSL_1","DESCRIZIONE_TIPO_ADSL":"ADSL (8 mega)","DISTANZA_CALCOLATA":"3769.92","CLASSE_DISTANZA":"3700-4099","POTENZA_SEGNALE":"3000.38","POPOLAZIONE_SEZIONE": "4"}
			},
		 		{ "type" : "Feature",
				"geometry" : {
					"type" : "Point",
					"coordinates" : [8.41114,44.90080]},
			"properties" : { "ANNO":"2010","ID_SEZIONE":"19785","ISTAT_COMUNE_SEZ":"6142","COMUNE_SEZ":"QUATTORDIO","PROVINCIA":"AL","ID_CENTRALE":"1076","NOME_CENTRALE":"QUATTORDIO","ISTAT_COMUNE_CENTR":"6142","COMUNE_CENTR":"QUATTORDIO","PROVINCIA_CENTR":"AL","INDIRIZZO_CENTRALE":"TRENTO","LATITUDINE_SEZIONE":"44.90080","LONGITUDINE_SEZIONE":"8.41114","POS_X_SEZIONE":"453508.52851","POS_Y_SEZIONE":"4972099.65417","LATITUDINE_CENTRALE":"44.90059","LONGITUDINE_CENTRALE":"8.40930","POS_X_CENTRALE":"453362.98508","POS_Y_CENTRALE":"4972076.93360","TIPO_ADSL":"ADSL_1","DESCRIZIONE_TIPO_ADSL":"ADSL (8 mega)","DISTANZA_CALCOLATA":"147.31","CLASSE_DISTANZA":"100-499","POTENZA_SEGNALE":"7000","POPOLAZIONE_SEZIONE": "396"}
			},
		 		{ "type" : "Feature",
				"geometry" : {
					"type" : "Point",
					"coordinates" : [8.39861,44.88698]},
			"properties" : { "ANNO":"2010","ID_SEZIONE":"24239","ISTAT_COMUNE_SEZ":"6142","COMUNE_SEZ":"QUATTORDIO","PROVINCIA":"AL","ID_CENTRALE":"1076","NOME_CENTRALE":"QUATTORDIO","ISTAT_COMUNE_CENTR":"6142","COMUNE_CENTR":"QUATTORDIO","PROVINCIA_CENTR":"AL","INDIRIZZO_CENTRALE":"TRENTO","LATITUDINE_SEZIONE":"44.88698","LONGITUDINE_SEZIONE":"8.39861","POS_X_SEZIONE":"452508.06566","POS_Y_SEZIONE":"4970571.63164","LATITUDINE_CENTRALE":"44.90059","LONGITUDINE_CENTRALE":"8.40930","POS_X_CENTRALE":"453362.98508","POS_Y_CENTRALE":"4972076.93360","TIPO_ADSL":"ADSL_1","DESCRIZIONE_TIPO_ADSL":"ADSL (8 mega)","DISTANZA_CALCOLATA":"1731.13","CLASSE_DISTANZA":"1700-2099","POTENZA_SEGNALE":"6874.88","POPOLAZIONE_SEZIONE": "24"}
			},
		 		{ "type" : "Feature",
				"geometry" : {
					"type" : "Point",
					"coordinates" : [8.38420,44.91266]},
			"properties" : { "ANNO":"2010","ID_SEZIONE":"27159","ISTAT_COMUNE_SEZ":"6142","COMUNE_SEZ":"QUATTORDIO","PROVINCIA":"AL","ID_CENTRALE":"1076","NOME_CENTRALE":"QUATTORDIO","ISTAT_COMUNE_CENTR":"6142","COMUNE_CENTR":"QUATTORDIO","PROVINCIA_CENTR":"AL","INDIRIZZO_CENTRALE":"TRENTO","LATITUDINE_SEZIONE":"44.91266","LONGITUDINE_SEZIONE":"8.38420","POS_X_SEZIONE":"451391.94150","POS_Y_SEZIONE":"4973432.65948","LATITUDINE_CENTRALE":"44.90059","LONGITUDINE_CENTRALE":"8.40930","POS_X_CENTRALE":"453362.98508","POS_Y_CENTRALE":"4972076.93360","TIPO_ADSL":"ADSL_1","DESCRIZIONE_TIPO_ADSL":"ADSL (8 mega)","DISTANZA_CALCOLATA":"2392.28","CLASSE_DISTANZA":"2100-2499","POTENZA_SEGNALE":"6500.38","POPOLAZIONE_SEZIONE": "13"}
			},
		 		{ "type" : "Feature",
				"geometry" : {
					"type" : "Point",
					"coordinates" : [8.39749,44.89675]},
			"properties" : { "ANNO":"2010","ID_SEZIONE":"27214","ISTAT_COMUNE_SEZ":"6142","COMUNE_SEZ":"QUATTORDIO","PROVINCIA":"AL","ID_CENTRALE":"1076","NOME_CENTRALE":"QUATTORDIO","ISTAT_COMUNE_CENTR":"6142","COMUNE_CENTR":"QUATTORDIO","PROVINCIA_CENTR":"AL","INDIRIZZO_CENTRALE":"TRENTO","LATITUDINE_SEZIONE":"44.89675","LONGITUDINE_SEZIONE":"8.39749","POS_X_SEZIONE":"452427.96223","POS_Y_SEZIONE":"4971657.64406","LATITUDINE_CENTRALE":"44.90059","LONGITUDINE_CENTRALE":"8.40930","POS_X_CENTRALE":"453362.98508","POS_Y_CENTRALE":"4972076.93360","TIPO_ADSL":"ADSL_1","DESCRIZIONE_TIPO_ADSL":"ADSL (8 mega)","DISTANZA_CALCOLATA":"1024.73","CLASSE_DISTANZA":"900-1299","POTENZA_SEGNALE":"7000","POPOLAZIONE_SEZIONE": "205"}
			},
		 		{ "type" : "Feature",
				"geometry" : {
					"type" : "Point",
					"coordinates" : [8.38782,44.92886]},
			"properties" : { "ANNO":"2010","ID_SEZIONE":"30103","ISTAT_COMUNE_SEZ":"6142","COMUNE_SEZ":"QUATTORDIO","PROVINCIA":"AL","ID_CENTRALE":"1076","NOME_CENTRALE":"QUATTORDIO","ISTAT_COMUNE_CENTR":"6142","COMUNE_CENTR":"QUATTORDIO","PROVINCIA_CENTR":"AL","INDIRIZZO_CENTRALE":"TRENTO","LATITUDINE_SEZIONE":"44.92886","LONGITUDINE_SEZIONE":"8.38782","POS_X_SEZIONE":"451690.90495","POS_Y_SEZIONE":"4975229.68886","LATITUDINE_CENTRALE":"44.90059","LONGITUDINE_CENTRALE":"8.40930","POS_X_CENTRALE":"453362.98508","POS_Y_CENTRALE":"4972076.93360","TIPO_ADSL":"ADSL_1","DESCRIZIONE_TIPO_ADSL":"ADSL (8 mega)","DISTANZA_CALCOLATA":"3568.71","CLASSE_DISTANZA":"3300-3699","POTENZA_SEGNALE":"3999.63","POPOLAZIONE_SEZIONE": "3"}
			}
		 		]
	}
		