 	{ "type" : "FeatureCollection",
		"features" : [
		 		{ "type" : "Feature",
				"geometry" : {
					"type" : "Point",
					"coordinates" : [8.50161,44.72214]},
			"properties" : { "ANNO":"2010","ID_SEZIONE":"8237","ISTAT_COMUNE_SEZ":"6043","COMUNE_SEZ":"CASSINE","PROVINCIA":"AL","ID_CENTRALE":"1170","NOME_CENTRALE":"S. ANDREA DI CASSINE","ISTAT_COMUNE_CENTR":"6043","COMUNE_CENTR":"CASSINE","PROVINCIA_CENTR":"AL","INDIRIZZO_CENTRALE":"LIBERTA'","LATITUDINE_SEZIONE":"44.72214","LONGITUDINE_SEZIONE":"8.50161","POS_X_SEZIONE":"460530.14771","POS_Y_SEZIONE":"4952204.94951","LATITUDINE_CENTRALE":"44.72352","LONGITUDINE_CENTRALE":"8.49411","POS_X_CENTRALE":"459937.15225","POS_Y_CENTRALE":"4952361.96036","TIPO_ADSL":"NO","DESCRIZIONE_TIPO_ADSL":"NO Adsl","DISTANZA_CALCOLATA":"613.43","CLASSE_DISTANZA":"500-899","POTENZA_SEGNALE":"","POPOLAZIONE_SEZIONE": "65"}
			},
		 		{ "type" : "Feature",
				"geometry" : {
					"type" : "Point",
					"coordinates" : [8.50005,44.71558]},
			"properties" : { "ANNO":"2010","ID_SEZIONE":"15520","ISTAT_COMUNE_SEZ":"6043","COMUNE_SEZ":"CASSINE","PROVINCIA":"AL","ID_CENTRALE":"1170","NOME_CENTRALE":"S. ANDREA DI CASSINE","ISTAT_COMUNE_CENTR":"6043","COMUNE_CENTR":"CASSINE","PROVINCIA_CENTR":"AL","INDIRIZZO_CENTRALE":"LIBERTA'","LATITUDINE_SEZIONE":"44.71558","LONGITUDINE_SEZIONE":"8.50005","POS_X_SEZIONE":"460401.43552","POS_Y_SEZIONE":"4951477.44103","LATITUDINE_CENTRALE":"44.72352","LONGITUDINE_CENTRALE":"8.49411","POS_X_CENTRALE":"459937.15225","POS_Y_CENTRALE":"4952361.96036","TIPO_ADSL":"NO","DESCRIZIONE_TIPO_ADSL":"NO Adsl","DISTANZA_CALCOLATA":"998.97","CLASSE_DISTANZA":"900-1299","POTENZA_SEGNALE":"","POPOLAZIONE_SEZIONE": "31"}
			},
		 		{ "type" : "Feature",
				"geometry" : {
					"type" : "Point",
					"coordinates" : [8.51687,44.73072]},
			"properties" : { "ANNO":"2010","ID_SEZIONE":"17803","ISTAT_COMUNE_SEZ":"6043","COMUNE_SEZ":"CASSINE","PROVINCIA":"AL","ID_CENTRALE":"1170","NOME_CENTRALE":"S. ANDREA DI CASSINE","ISTAT_COMUNE_CENTR":"6043","COMUNE_CENTR":"CASSINE","PROVINCIA_CENTR":"AL","INDIRIZZO_CENTRALE":"LIBERTA'","LATITUDINE_SEZIONE":"44.73072","LONGITUDINE_SEZIONE":"8.51687","POS_X_SEZIONE":"461743.80429","POS_Y_SEZIONE":"4953150.96372","LATITUDINE_CENTRALE":"44.72352","LONGITUDINE_CENTRALE":"8.49411","POS_X_CENTRALE":"459937.15225","POS_Y_CENTRALE":"4952361.96036","TIPO_ADSL":"NO","DESCRIZIONE_TIPO_ADSL":"NO Adsl","DISTANZA_CALCOLATA":"1971.43","CLASSE_DISTANZA":"1700-2099","POTENZA_SEGNALE":"","POPOLAZIONE_SEZIONE": "17"}
			},
		 		{ "type" : "Feature",
				"geometry" : {
					"type" : "Point",
					"coordinates" : [8.50062,44.71866]},
			"properties" : { "ANNO":"2010","ID_SEZIONE":"20578","ISTAT_COMUNE_SEZ":"6043","COMUNE_SEZ":"CASSINE","PROVINCIA":"AL","ID_CENTRALE":"1170","NOME_CENTRALE":"S. ANDREA DI CASSINE","ISTAT_COMUNE_CENTR":"6043","COMUNE_CENTR":"CASSINE","PROVINCIA_CENTR":"AL","INDIRIZZO_CENTRALE":"LIBERTA'","LATITUDINE_SEZIONE":"44.71866","LONGITUDINE_SEZIONE":"8.50062","POS_X_SEZIONE":"460449.02592","POS_Y_SEZIONE":"4951818.94503","LATITUDINE_CENTRALE":"44.72352","LONGITUDINE_CENTRALE":"8.49411","POS_X_CENTRALE":"459937.15225","POS_Y_CENTRALE":"4952361.96036","TIPO_ADSL":"NO","DESCRIZIONE_TIPO_ADSL":"NO Adsl","DISTANZA_CALCOLATA":"746.24","CLASSE_DISTANZA":"500-899","POTENZA_SEGNALE":"","POPOLAZIONE_SEZIONE": "21"}
			},
		 		{ "type" : "Feature",
				"geometry" : {
					"type" : "Point",
					"coordinates" : [8.51246,44.74082]},
			"properties" : { "ANNO":"2010","ID_SEZIONE":"23214","ISTAT_COMUNE_SEZ":"6043","COMUNE_SEZ":"CASSINE","PROVINCIA":"AL","ID_CENTRALE":"1170","NOME_CENTRALE":"S. ANDREA DI CASSINE","ISTAT_COMUNE_CENTR":"6043","COMUNE_CENTR":"CASSINE","PROVINCIA_CENTR":"AL","INDIRIZZO_CENTRALE":"LIBERTA'","LATITUDINE_SEZIONE":"44.74082","LONGITUDINE_SEZIONE":"8.51246","POS_X_SEZIONE":"461401.16365","POS_Y_SEZIONE":"4954274.97678","LATITUDINE_CENTRALE":"44.72352","LONGITUDINE_CENTRALE":"8.49411","POS_X_CENTRALE":"459937.15225","POS_Y_CENTRALE":"4952361.96036","TIPO_ADSL":"NO","DESCRIZIONE_TIPO_ADSL":"NO Adsl","DISTANZA_CALCOLATA":"2408.93","CLASSE_DISTANZA":"2100-2499","POTENZA_SEGNALE":"","POPOLAZIONE_SEZIONE": "58"}
			},
		 		{ "type" : "Feature",
				"geometry" : {
					"type" : "Point",
					"coordinates" : [8.49531,44.74108]},
			"properties" : { "ANNO":"2010","ID_SEZIONE":"28469","ISTAT_COMUNE_SEZ":"6043","COMUNE_SEZ":"CASSINE","PROVINCIA":"AL","ID_CENTRALE":"1170","NOME_CENTRALE":"S. ANDREA DI CASSINE","ISTAT_COMUNE_CENTR":"6043","COMUNE_CENTR":"CASSINE","PROVINCIA_CENTR":"AL","INDIRIZZO_CENTRALE":"LIBERTA'","LATITUDINE_SEZIONE":"44.74108","LONGITUDINE_SEZIONE":"8.49531","POS_X_SEZIONE":"460044.24384","POS_Y_SEZIONE":"4954311.97339","LATITUDINE_CENTRALE":"44.72352","LONGITUDINE_CENTRALE":"8.49411","POS_X_CENTRALE":"459937.15225","POS_Y_CENTRALE":"4952361.96036","TIPO_ADSL":"NO","DESCRIZIONE_TIPO_ADSL":"NO Adsl","DISTANZA_CALCOLATA":"1952.95","CLASSE_DISTANZA":"1700-2099","POTENZA_SEGNALE":"","POPOLAZIONE_SEZIONE": "36"}
			},
		 		{ "type" : "Feature",
				"geometry" : {
					"type" : "Point",
					"coordinates" : [8.49992,44.72621]},
			"properties" : { "ANNO":"2010","ID_SEZIONE":"31583","ISTAT_COMUNE_SEZ":"6043","COMUNE_SEZ":"CASSINE","PROVINCIA":"AL","ID_CENTRALE":"1170","NOME_CENTRALE":"S. ANDREA DI CASSINE","ISTAT_COMUNE_CENTR":"6043","COMUNE_CENTR":"CASSINE","PROVINCIA_CENTR":"AL","INDIRIZZO_CENTRALE":"LIBERTA'","LATITUDINE_SEZIONE":"44.72621","LONGITUDINE_SEZIONE":"8.49992","POS_X_SEZIONE":"460398.35994","POS_Y_SEZIONE":"4952658.45505","LATITUDINE_CENTRALE":"44.72352","LONGITUDINE_CENTRALE":"8.49411","POS_X_CENTRALE":"459937.15225","POS_Y_CENTRALE":"4952361.96036","TIPO_ADSL":"NO","DESCRIZIONE_TIPO_ADSL":"NO Adsl","DISTANZA_CALCOLATA":"548.29","CLASSE_DISTANZA":"500-899","POTENZA_SEGNALE":"","POPOLAZIONE_SEZIONE": "22"}
			}
		 		]
	}
		