 	{ "type" : "FeatureCollection",
		"features" : [
		 		{ "type" : "Feature",
				"geometry" : {
					"type" : "Point",
					"coordinates" : [7.95997,44.85714]},
			"properties" : { "ANNO":"2010","ID_SEZIONE":"6649","ISTAT_COMUNE_SEZ":"5112","COMUNE_SEZ":"VALFENERA","PROVINCIA":"AT","ID_CENTRALE":"1550","NOME_CENTRALE":"VALFENERA","ISTAT_COMUNE_CENTR":"5112","COMUNE_CENTR":"VALFENERA","PROVINCIA_CENTR":"AT","INDIRIZZO_CENTRALE":"ACQUACHIARA","LATITUDINE_SEZIONE":"44.85714","LONGITUDINE_SEZIONE":"7.95997","POS_X_SEZIONE":"417826.25468","POS_Y_SEZIONE":"4967607.03797","LATITUDINE_CENTRALE":"44.89640","LONGITUDINE_CENTRALE":"7.96341","POS_X_CENTRALE":"418153.49275","POS_Y_CENTRALE":"4971964.13538","TIPO_ADSL":"ADSL_M","DESCRIZIONE_TIPO_ADSL":"ADSL Mini","DISTANZA_CALCOLATA":"4369.37","CLASSE_DISTANZA":"4100-4499","POTENZA_SEGNALE":"0.00","POPOLAZIONE_SEZIONE": "12"}
			},
		 		{ "type" : "Feature",
				"geometry" : {
					"type" : "Point",
					"coordinates" : [7.95590,44.88815]},
			"properties" : { "ANNO":"2010","ID_SEZIONE":"7063","ISTAT_COMUNE_SEZ":"5112","COMUNE_SEZ":"VALFENERA","PROVINCIA":"AT","ID_CENTRALE":"1550","NOME_CENTRALE":"VALFENERA","ISTAT_COMUNE_CENTR":"5112","COMUNE_CENTR":"VALFENERA","PROVINCIA_CENTR":"AT","INDIRIZZO_CENTRALE":"ACQUACHIARA","LATITUDINE_SEZIONE":"44.88815","LONGITUDINE_SEZIONE":"7.95590","POS_X_SEZIONE":"417549.11267","POS_Y_SEZIONE":"4971055.60015","LATITUDINE_CENTRALE":"44.89640","LONGITUDINE_CENTRALE":"7.96341","POS_X_CENTRALE":"418153.49275","POS_Y_CENTRALE":"4971964.13538","TIPO_ADSL":"ADSL_M","DESCRIZIONE_TIPO_ADSL":"ADSL Mini","DISTANZA_CALCOLATA":"1091.2","CLASSE_DISTANZA":"900-1299","POTENZA_SEGNALE":"0.64","POPOLAZIONE_SEZIONE": "66"}
			},
		 		{ "type" : "Feature",
				"geometry" : {
					"type" : "Point",
					"coordinates" : [7.92810,44.88674]},
			"properties" : { "ANNO":"2010","ID_SEZIONE":"9169","ISTAT_COMUNE_SEZ":"5112","COMUNE_SEZ":"VALFENERA","PROVINCIA":"AT","ID_CENTRALE":"1550","NOME_CENTRALE":"VALFENERA","ISTAT_COMUNE_CENTR":"5112","COMUNE_CENTR":"VALFENERA","PROVINCIA_CENTR":"AT","INDIRIZZO_CENTRALE":"ACQUACHIARA","LATITUDINE_SEZIONE":"44.88674","LONGITUDINE_SEZIONE":"7.92810","POS_X_SEZIONE":"415351.28201","POS_Y_SEZIONE":"4970928.06095","LATITUDINE_CENTRALE":"44.89640","LONGITUDINE_CENTRALE":"7.96341","POS_X_CENTRALE":"418153.49275","POS_Y_CENTRALE":"4971964.13538","TIPO_ADSL":"ADSL_M","DESCRIZIONE_TIPO_ADSL":"ADSL Mini","DISTANZA_CALCOLATA":"2987.61","CLASSE_DISTANZA":"2900-3299","POTENZA_SEGNALE":"0.64","POPOLAZIONE_SEZIONE": "46"}
			},
		 		{ "type" : "Feature",
				"geometry" : {
					"type" : "Point",
					"coordinates" : [7.96458,44.88994]},
			"properties" : { "ANNO":"2010","ID_SEZIONE":"11970","ISTAT_COMUNE_SEZ":"5112","COMUNE_SEZ":"VALFENERA","PROVINCIA":"AT","ID_CENTRALE":"1550","NOME_CENTRALE":"VALFENERA","ISTAT_COMUNE_CENTR":"5112","COMUNE_CENTR":"VALFENERA","PROVINCIA_CENTR":"AT","INDIRIZZO_CENTRALE":"ACQUACHIARA","LATITUDINE_SEZIONE":"44.88994","LONGITUDINE_SEZIONE":"7.96458","POS_X_SEZIONE":"418236.74403","POS_Y_SEZIONE":"4971245.61001","LATITUDINE_CENTRALE":"44.89640","LONGITUDINE_CENTRALE":"7.96341","POS_X_CENTRALE":"418153.49275","POS_Y_CENTRALE":"4971964.13538","TIPO_ADSL":"ADSL_M","DESCRIZIONE_TIPO_ADSL":"ADSL Mini","DISTANZA_CALCOLATA":"723.33","CLASSE_DISTANZA":"500-899","POTENZA_SEGNALE":"0.64","POPOLAZIONE_SEZIONE": "35"}
			},
		 		{ "type" : "Feature",
				"geometry" : {
					"type" : "Point",
					"coordinates" : [7.94349,44.89743]},
			"properties" : { "ANNO":"2010","ID_SEZIONE":"14971","ISTAT_COMUNE_SEZ":"5112","COMUNE_SEZ":"VALFENERA","PROVINCIA":"AT","ID_CENTRALE":"1550","NOME_CENTRALE":"VALFENERA","ISTAT_COMUNE_CENTR":"5112","COMUNE_CENTR":"VALFENERA","PROVINCIA_CENTR":"AT","INDIRIZZO_CENTRALE":"ACQUACHIARA","LATITUDINE_SEZIONE":"44.89743","LONGITUDINE_SEZIONE":"7.94349","POS_X_SEZIONE":"416582.09622","POS_Y_SEZIONE":"4972099.60502","LATITUDINE_CENTRALE":"44.89640","LONGITUDINE_CENTRALE":"7.96341","POS_X_CENTRALE":"418153.49275","POS_Y_CENTRALE":"4971964.13538","TIPO_ADSL":"ADSL_M","DESCRIZIONE_TIPO_ADSL":"ADSL Mini","DISTANZA_CALCOLATA":"1577.23","CLASSE_DISTANZA":"1300-1699","POTENZA_SEGNALE":"0.64","POPOLAZIONE_SEZIONE": "47"}
			},
		 		{ "type" : "Feature",
				"geometry" : {
					"type" : "Point",
					"coordinates" : [7.95321,44.90692]},
			"properties" : { "ANNO":"2010","ID_SEZIONE":"15224","ISTAT_COMUNE_SEZ":"5112","COMUNE_SEZ":"VALFENERA","PROVINCIA":"AT","ID_CENTRALE":"1550","NOME_CENTRALE":"VALFENERA","ISTAT_COMUNE_CENTR":"5112","COMUNE_CENTR":"VALFENERA","PROVINCIA_CENTR":"AT","INDIRIZZO_CENTRALE":"ACQUACHIARA","LATITUDINE_SEZIONE":"44.90692","LONGITUDINE_SEZIONE":"7.95321","POS_X_SEZIONE":"417363.00988","POS_Y_SEZIONE":"4973143.13782","LATITUDINE_CENTRALE":"44.89640","LONGITUDINE_CENTRALE":"7.96341","POS_X_CENTRALE":"418153.49275","POS_Y_CENTRALE":"4971964.13538","TIPO_ADSL":"ADSL_M","DESCRIZIONE_TIPO_ADSL":"ADSL Mini","DISTANZA_CALCOLATA":"1419.48","CLASSE_DISTANZA":"1300-1699","POTENZA_SEGNALE":"0.64","POPOLAZIONE_SEZIONE": "19"}
			},
		 		{ "type" : "Feature",
				"geometry" : {
					"type" : "Point",
					"coordinates" : [7.97423,44.89554]},
			"properties" : { "ANNO":"2010","ID_SEZIONE":"16767","ISTAT_COMUNE_SEZ":"5112","COMUNE_SEZ":"VALFENERA","PROVINCIA":"AT","ID_CENTRALE":"1550","NOME_CENTRALE":"VALFENERA","ISTAT_COMUNE_CENTR":"5112","COMUNE_CENTR":"VALFENERA","PROVINCIA_CENTR":"AT","INDIRIZZO_CENTRALE":"ACQUACHIARA","LATITUDINE_SEZIONE":"44.89554","LONGITUDINE_SEZIONE":"7.97423","POS_X_SEZIONE":"419006.52579","POS_Y_SEZIONE":"4971858.12892","LATITUDINE_CENTRALE":"44.89640","LONGITUDINE_CENTRALE":"7.96341","POS_X_CENTRALE":"418153.49275","POS_Y_CENTRALE":"4971964.13538","TIPO_ADSL":"ADSL_M","DESCRIZIONE_TIPO_ADSL":"ADSL Mini","DISTANZA_CALCOLATA":"859.59","CLASSE_DISTANZA":"500-899","POTENZA_SEGNALE":"0.64","POPOLAZIONE_SEZIONE": "9"}
			},
		 		{ "type" : "Feature",
				"geometry" : {
					"type" : "Point",
					"coordinates" : [7.98797,44.89822]},
			"properties" : { "ANNO":"2010","ID_SEZIONE":"17221","ISTAT_COMUNE_SEZ":"5112","COMUNE_SEZ":"VALFENERA","PROVINCIA":"AT","ID_CENTRALE":"1550","NOME_CENTRALE":"VALFENERA","ISTAT_COMUNE_CENTR":"5112","COMUNE_CENTR":"VALFENERA","PROVINCIA_CENTR":"AT","INDIRIZZO_CENTRALE":"ACQUACHIARA","LATITUDINE_SEZIONE":"44.89822","LONGITUDINE_SEZIONE":"7.98797","POS_X_SEZIONE":"420095.20368","POS_Y_SEZIONE":"4972142.64476","LATITUDINE_CENTRALE":"44.89640","LONGITUDINE_CENTRALE":"7.96341","POS_X_CENTRALE":"418153.49275","POS_Y_CENTRALE":"4971964.13538","TIPO_ADSL":"ADSL_M","DESCRIZIONE_TIPO_ADSL":"ADSL Mini","DISTANZA_CALCOLATA":"1949.9","CLASSE_DISTANZA":"1700-2099","POTENZA_SEGNALE":"0.64","POPOLAZIONE_SEZIONE": "35"}
			},
		 		{ "type" : "Feature",
				"geometry" : {
					"type" : "Point",
					"coordinates" : [7.97054,44.88840]},
			"properties" : { "ANNO":"2010","ID_SEZIONE":"17894","ISTAT_COMUNE_SEZ":"5112","COMUNE_SEZ":"VALFENERA","PROVINCIA":"AT","ID_CENTRALE":"1550","NOME_CENTRALE":"VALFENERA","ISTAT_COMUNE_CENTR":"5112","COMUNE_CENTR":"VALFENERA","PROVINCIA_CENTR":"AT","INDIRIZZO_CENTRALE":"ACQUACHIARA","LATITUDINE_SEZIONE":"44.88840","LONGITUDINE_SEZIONE":"7.97054","POS_X_SEZIONE":"418705.10422","POS_Y_SEZIONE":"4971069.11132","LATITUDINE_CENTRALE":"44.89640","LONGITUDINE_CENTRALE":"7.96341","POS_X_CENTRALE":"418153.49275","POS_Y_CENTRALE":"4971964.13538","TIPO_ADSL":"ADSL_M","DESCRIZIONE_TIPO_ADSL":"ADSL Mini","DISTANZA_CALCOLATA":"1051.35","CLASSE_DISTANZA":"900-1299","POTENZA_SEGNALE":"0.64","POPOLAZIONE_SEZIONE": "15"}
			},
		 		{ "type" : "Feature",
				"geometry" : {
					"type" : "Point",
					"coordinates" : [7.93259,44.91358]},
			"properties" : { "ANNO":"2010","ID_SEZIONE":"21299","ISTAT_COMUNE_SEZ":"5112","COMUNE_SEZ":"VALFENERA","PROVINCIA":"AT","ID_CENTRALE":"1550","NOME_CENTRALE":"VALFENERA","ISTAT_COMUNE_CENTR":"5112","COMUNE_CENTR":"VALFENERA","PROVINCIA_CENTR":"AT","INDIRIZZO_CENTRALE":"ACQUACHIARA","LATITUDINE_SEZIONE":"44.91358","LONGITUDINE_SEZIONE":"7.93259","POS_X_SEZIONE":"415745.25526","POS_Y_SEZIONE":"4973904.62262","LATITUDINE_CENTRALE":"44.89640","LONGITUDINE_CENTRALE":"7.96341","POS_X_CENTRALE":"418153.49275","POS_Y_CENTRALE":"4971964.13538","TIPO_ADSL":"ADSL_M","DESCRIZIONE_TIPO_ADSL":"ADSL Mini","DISTANZA_CALCOLATA":"3092.75","CLASSE_DISTANZA":"2900-3299","POTENZA_SEGNALE":"0.64","POPOLAZIONE_SEZIONE": "17"}
			},
		 		{ "type" : "Feature",
				"geometry" : {
					"type" : "Point",
					"coordinates" : [7.96786,44.90323]},
			"properties" : { "ANNO":"2010","ID_SEZIONE":"23090","ISTAT_COMUNE_SEZ":"5112","COMUNE_SEZ":"VALFENERA","PROVINCIA":"AT","ID_CENTRALE":"1550","NOME_CENTRALE":"VALFENERA","ISTAT_COMUNE_CENTR":"5112","COMUNE_CENTR":"VALFENERA","PROVINCIA_CENTR":"AT","INDIRIZZO_CENTRALE":"ACQUACHIARA","LATITUDINE_SEZIONE":"44.90323","LONGITUDINE_SEZIONE":"7.96786","POS_X_SEZIONE":"418514.62895","POS_Y_SEZIONE":"4972718.14044","LATITUDINE_CENTRALE":"44.89640","LONGITUDINE_CENTRALE":"7.96341","POS_X_CENTRALE":"418153.49275","POS_Y_CENTRALE":"4971964.13538","TIPO_ADSL":"ADSL_M","DESCRIZIONE_TIPO_ADSL":"ADSL Mini","DISTANZA_CALCOLATA":"836.03","CLASSE_DISTANZA":"500-899","POTENZA_SEGNALE":"0.64","POPOLAZIONE_SEZIONE": "556"}
			},
		 		{ "type" : "Feature",
				"geometry" : {
					"type" : "Point",
					"coordinates" : [7.95762,44.89755]},
			"properties" : { "ANNO":"2010","ID_SEZIONE":"26436","ISTAT_COMUNE_SEZ":"5112","COMUNE_SEZ":"VALFENERA","PROVINCIA":"AT","ID_CENTRALE":"1550","NOME_CENTRALE":"VALFENERA","ISTAT_COMUNE_CENTR":"5112","COMUNE_CENTR":"VALFENERA","PROVINCIA_CENTR":"AT","INDIRIZZO_CENTRALE":"ACQUACHIARA","LATITUDINE_SEZIONE":"44.89755","LONGITUDINE_SEZIONE":"7.95762","POS_X_SEZIONE":"417698.53679","POS_Y_SEZIONE":"4972098.12124","LATITUDINE_CENTRALE":"44.89640","LONGITUDINE_CENTRALE":"7.96341","POS_X_CENTRALE":"418153.49275","POS_Y_CENTRALE":"4971964.13538","TIPO_ADSL":"ADSL_M","DESCRIZIONE_TIPO_ADSL":"ADSL Mini","DISTANZA_CALCOLATA":"474.28","CLASSE_DISTANZA":"100-499","POTENZA_SEGNALE":"0.64","POPOLAZIONE_SEZIONE": "59"}
			},
		 		{ "type" : "Feature",
				"geometry" : {
					"type" : "Point",
					"coordinates" : [7.93253,44.90992]},
			"properties" : { "ANNO":"2010","ID_SEZIONE":"27102","ISTAT_COMUNE_SEZ":"5112","COMUNE_SEZ":"VALFENERA","PROVINCIA":"AT","ID_CENTRALE":"1550","NOME_CENTRALE":"VALFENERA","ISTAT_COMUNE_CENTR":"5112","COMUNE_CENTR":"VALFENERA","PROVINCIA_CENTR":"AT","INDIRIZZO_CENTRALE":"ACQUACHIARA","LATITUDINE_SEZIONE":"44.90992","LONGITUDINE_SEZIONE":"7.93253","POS_X_SEZIONE":"415735.19548","POS_Y_SEZIONE":"4973498.11510","LATITUDINE_CENTRALE":"44.89640","LONGITUDINE_CENTRALE":"7.96341","POS_X_CENTRALE":"418153.49275","POS_Y_CENTRALE":"4971964.13538","TIPO_ADSL":"ADSL_M","DESCRIZIONE_TIPO_ADSL":"ADSL Mini","DISTANZA_CALCOLATA":"2863.78","CLASSE_DISTANZA":"2500-2899","POTENZA_SEGNALE":"0.64","POPOLAZIONE_SEZIONE": "43"}
			},
		 		{ "type" : "Feature",
				"geometry" : {
					"type" : "Point",
					"coordinates" : [7.96336,44.89786]},
			"properties" : { "ANNO":"2010","ID_SEZIONE":"27344","ISTAT_COMUNE_SEZ":"5112","COMUNE_SEZ":"VALFENERA","PROVINCIA":"AT","ID_CENTRALE":"1550","NOME_CENTRALE":"VALFENERA","ISTAT_COMUNE_CENTR":"5112","COMUNE_CENTR":"VALFENERA","PROVINCIA_CENTR":"AT","INDIRIZZO_CENTRALE":"ACQUACHIARA","LATITUDINE_SEZIONE":"44.89786","LONGITUDINE_SEZIONE":"7.96336","POS_X_SEZIONE":"418151.86518","POS_Y_SEZIONE":"4972127.12604","LATITUDINE_CENTRALE":"44.89640","LONGITUDINE_CENTRALE":"7.96341","POS_X_CENTRALE":"418153.49275","POS_Y_CENTRALE":"4971964.13538","TIPO_ADSL":"ADSL_M","DESCRIZIONE_TIPO_ADSL":"ADSL Mini","DISTANZA_CALCOLATA":"163.00","CLASSE_DISTANZA":"100-499","POTENZA_SEGNALE":"0.64","POPOLAZIONE_SEZIONE": "654"}
			},
		 		{ "type" : "Feature",
				"geometry" : {
					"type" : "Point",
					"coordinates" : [7.94453,44.88719]},
			"properties" : { "ANNO":"2010","ID_SEZIONE":"28007","ISTAT_COMUNE_SEZ":"5112","COMUNE_SEZ":"VALFENERA","PROVINCIA":"AT","ID_CENTRALE":"1550","NOME_CENTRALE":"VALFENERA","ISTAT_COMUNE_CENTR":"5112","COMUNE_CENTR":"VALFENERA","PROVINCIA_CENTR":"AT","INDIRIZZO_CENTRALE":"ACQUACHIARA","LATITUDINE_SEZIONE":"44.88719","LONGITUDINE_SEZIONE":"7.94453","POS_X_SEZIONE":"416649.38428","POS_Y_SEZIONE":"4970960.08502","LATITUDINE_CENTRALE":"44.89640","LONGITUDINE_CENTRALE":"7.96341","POS_X_CENTRALE":"418153.49275","POS_Y_CENTRALE":"4971964.13538","TIPO_ADSL":"ADSL_M","DESCRIZIONE_TIPO_ADSL":"ADSL Mini","DISTANZA_CALCOLATA":"1808.44","CLASSE_DISTANZA":"1700-2099","POTENZA_SEGNALE":"0.64","POPOLAZIONE_SEZIONE": "75"}
			},
		 		{ "type" : "Feature",
				"geometry" : {
					"type" : "Point",
					"coordinates" : [7.96155,44.86149]},
			"properties" : { "ANNO":"2010","ID_SEZIONE":"28408","ISTAT_COMUNE_SEZ":"5112","COMUNE_SEZ":"VALFENERA","PROVINCIA":"AT","ID_CENTRALE":"1550","NOME_CENTRALE":"VALFENERA","ISTAT_COMUNE_CENTR":"5112","COMUNE_CENTR":"VALFENERA","PROVINCIA_CENTR":"AT","INDIRIZZO_CENTRALE":"ACQUACHIARA","LATITUDINE_SEZIONE":"44.86149","LONGITUDINE_SEZIONE":"7.96155","POS_X_SEZIONE":"417956.99644","POS_Y_SEZIONE":"4968088.04815","LATITUDINE_CENTRALE":"44.89640","LONGITUDINE_CENTRALE":"7.96341","POS_X_CENTRALE":"418153.49275","POS_Y_CENTRALE":"4971964.13538","TIPO_ADSL":"ADSL_M","DESCRIZIONE_TIPO_ADSL":"ADSL Mini","DISTANZA_CALCOLATA":"3881.06","CLASSE_DISTANZA":"3700-4099","POTENZA_SEGNALE":"0.64","POPOLAZIONE_SEZIONE": "77"}
			},
		 		{ "type" : "Feature",
				"geometry" : {
					"type" : "Point",
					"coordinates" : [7.92605,44.89638]},
			"properties" : { "ANNO":"2010","ID_SEZIONE":"30878","ISTAT_COMUNE_SEZ":"5112","COMUNE_SEZ":"VALFENERA","PROVINCIA":"AT","ID_CENTRALE":"1550","NOME_CENTRALE":"VALFENERA","ISTAT_COMUNE_CENTR":"5112","COMUNE_CENTR":"VALFENERA","PROVINCIA_CENTR":"AT","INDIRIZZO_CENTRALE":"ACQUACHIARA","LATITUDINE_SEZIONE":"44.89638","LONGITUDINE_SEZIONE":"7.92605","POS_X_SEZIONE":"415203.74665","POS_Y_SEZIONE":"4972000.57807","LATITUDINE_CENTRALE":"44.89640","LONGITUDINE_CENTRALE":"7.96341","POS_X_CENTRALE":"418153.49275","POS_Y_CENTRALE":"4971964.13538","TIPO_ADSL":"ADSL_M","DESCRIZIONE_TIPO_ADSL":"ADSL Mini","DISTANZA_CALCOLATA":"2949.97","CLASSE_DISTANZA":"2900-3299","POTENZA_SEGNALE":"0.64","POPOLAZIONE_SEZIONE": "7"}
			}
		 		]
	}
		