 	{ "type" : "FeatureCollection",
		"features" : [
		 		{ "type" : "Feature",
				"geometry" : {
					"type" : "Point",
					"coordinates" : [7.71206,44.99546]},
			"properties" : { "ANNO":"2010","ID_SEZIONE":"690","ISTAT_COMUNE_SEZ":"1156","COMUNE_SEZ":"MONCALIERI","PROVINCIA":"TO","ID_CENTRALE":"1501","NOME_CENTRALE":"TORINO TESTONA","ISTAT_COMUNE_CENTR":"1156","COMUNE_CENTR":"MONCALIERI","PROVINCIA_CENTR":"TO","INDIRIZZO_CENTRALE":"STR LORETO 6","LATITUDINE_SEZIONE":"44.99546","LONGITUDINE_SEZIONE":"7.71206","POS_X_SEZIONE":"398482.65351","POS_Y_SEZIONE":"4983252.49437","LATITUDINE_CENTRALE":"44.99531","LONGITUDINE_CENTRALE":"7.71612","POS_X_CENTRALE":"398802.14900","POS_Y_CENTRALE":"4983231.28159","TIPO_ADSL":"ADSL_2P","DESCRIZIONE_TIPO_ADSL":"ADSL 2+ (24 mega)","DISTANZA_CALCOLATA":"320.20","CLASSE_DISTANZA":"100-499","POTENZA_SEGNALE":"19761.67","POPOLAZIONE_SEZIONE": "527"}
			},
		 		{ "type" : "Feature",
				"geometry" : {
					"type" : "Point",
					"coordinates" : [7.71516,45.02113]},
			"properties" : { "ANNO":"2010","ID_SEZIONE":"1442","ISTAT_COMUNE_SEZ":"1156","COMUNE_SEZ":"MONCALIERI","PROVINCIA":"TO","ID_CENTRALE":"1501","NOME_CENTRALE":"TORINO TESTONA","ISTAT_COMUNE_CENTR":"1156","COMUNE_CENTR":"MONCALIERI","PROVINCIA_CENTR":"TO","INDIRIZZO_CENTRALE":"STR LORETO 6","LATITUDINE_SEZIONE":"45.02113","LONGITUDINE_SEZIONE":"7.71516","POS_X_SEZIONE":"398772.30215","POS_Y_SEZIONE":"4986100.54660","LATITUDINE_CENTRALE":"44.99531","LONGITUDINE_CENTRALE":"7.71612","POS_X_CENTRALE":"398802.14900","POS_Y_CENTRALE":"4983231.28159","TIPO_ADSL":"ADSL_2P","DESCRIZIONE_TIPO_ADSL":"ADSL 2+ (24 mega)","DISTANZA_CALCOLATA":"2869.42","CLASSE_DISTANZA":"2500-2899","POTENZA_SEGNALE":"7380.83","POPOLAZIONE_SEZIONE": "138"}
			},
		 		{ "type" : "Feature",
				"geometry" : {
					"type" : "Point",
					"coordinates" : [7.54791,45.09046]},
			"properties" : { "ANNO":"2010","ID_SEZIONE":"1472","ISTAT_COMUNE_SEZ":"1008","COMUNE_SEZ":"ALPIGNANO","PROVINCIA":"TO","ID_CENTRALE":"1501","NOME_CENTRALE":"TORINO TESTONA","ISTAT_COMUNE_CENTR":"1156","COMUNE_CENTR":"MONCALIERI","PROVINCIA_CENTR":"TO","INDIRIZZO_CENTRALE":"STR LORETO 6","LATITUDINE_SEZIONE":"45.09046","LONGITUDINE_SEZIONE":"7.54791","POS_X_SEZIONE":"385732.92576","POS_Y_SEZIONE":"4994024.67384","LATITUDINE_CENTRALE":"44.99531","LONGITUDINE_CENTRALE":"7.71612","POS_X_CENTRALE":"398802.14900","POS_Y_CENTRALE":"4983231.28159","TIPO_ADSL":"ADSL_2P","DESCRIZIONE_TIPO_ADSL":"ADSL 2+ (24 mega)","DISTANZA_CALCOLATA":"16949.98","CLASSE_DISTANZA":"6100 e oltre","POTENZA_SEGNALE":"0.00","POPOLAZIONE_SEZIONE": "77"}
			},
		 		{ "type" : "Feature",
				"geometry" : {
					"type" : "Point",
					"coordinates" : [7.72188,44.98199]},
			"properties" : { "ANNO":"2010","ID_SEZIONE":"1978","ISTAT_COMUNE_SEZ":"1156","COMUNE_SEZ":"MONCALIERI","PROVINCIA":"TO","ID_CENTRALE":"1501","NOME_CENTRALE":"TORINO TESTONA","ISTAT_COMUNE_CENTR":"1156","COMUNE_CENTR":"MONCALIERI","PROVINCIA_CENTR":"TO","INDIRIZZO_CENTRALE":"STR LORETO 6","LATITUDINE_SEZIONE":"44.98199","LONGITUDINE_SEZIONE":"7.72188","POS_X_SEZIONE":"399232.98644","POS_Y_SEZIONE":"4981744.47722","LATITUDINE_CENTRALE":"44.99531","LONGITUDINE_CENTRALE":"7.71612","POS_X_CENTRALE":"398802.14900","POS_Y_CENTRALE":"4983231.28159","TIPO_ADSL":"ADSL_2P","DESCRIZIONE_TIPO_ADSL":"ADSL 2+ (24 mega)","DISTANZA_CALCOLATA":"1547.97","CLASSE_DISTANZA":"1300-1699","POTENZA_SEGNALE":"16071.67","POPOLAZIONE_SEZIONE": "25"}
			},
		 		{ "type" : "Feature",
				"geometry" : {
					"type" : "Point",
					"coordinates" : [7.72810,44.94016]},
			"properties" : { "ANNO":"2010","ID_SEZIONE":"2603","ISTAT_COMUNE_SEZ":"1156","COMUNE_SEZ":"MONCALIERI","PROVINCIA":"TO","ID_CENTRALE":"1501","NOME_CENTRALE":"TORINO TESTONA","ISTAT_COMUNE_CENTR":"1156","COMUNE_CENTR":"MONCALIERI","PROVINCIA_CENTR":"TO","INDIRIZZO_CENTRALE":"STR LORETO 6","LATITUDINE_SEZIONE":"44.94016","LONGITUDINE_SEZIONE":"7.72810","POS_X_SEZIONE":"399650.64942","POS_Y_SEZIONE":"4977089.89750","LATITUDINE_CENTRALE":"44.99531","LONGITUDINE_CENTRALE":"7.71612","POS_X_CENTRALE":"398802.14900","POS_Y_CENTRALE":"4983231.28159","TIPO_ADSL":"ADSL_2P","DESCRIZIONE_TIPO_ADSL":"ADSL 2+ (24 mega)","DISTANZA_CALCOLATA":"6199.72","CLASSE_DISTANZA":"6100 e oltre","POTENZA_SEGNALE":"0.00","POPOLAZIONE_SEZIONE": "29"}
			},
		 		{ "type" : "Feature",
				"geometry" : {
					"type" : "Point",
					"coordinates" : [7.72540,44.99987]},
			"properties" : { "ANNO":"2010","ID_SEZIONE":"3060","ISTAT_COMUNE_SEZ":"1156","COMUNE_SEZ":"MONCALIERI","PROVINCIA":"TO","ID_CENTRALE":"1501","NOME_CENTRALE":"TORINO TESTONA","ISTAT_COMUNE_CENTR":"1156","COMUNE_CENTR":"MONCALIERI","PROVINCIA_CENTR":"TO","INDIRIZZO_CENTRALE":"STR LORETO 6","LATITUDINE_SEZIONE":"44.99987","LONGITUDINE_SEZIONE":"7.72540","POS_X_SEZIONE":"399542.05524","POS_Y_SEZIONE":"4983726.01860","LATITUDINE_CENTRALE":"44.99531","LONGITUDINE_CENTRALE":"7.71612","POS_X_CENTRALE":"398802.14900","POS_Y_CENTRALE":"4983231.28159","TIPO_ADSL":"ADSL_2P","DESCRIZIONE_TIPO_ADSL":"ADSL 2+ (24 mega)","DISTANZA_CALCOLATA":"890.07","CLASSE_DISTANZA":"500-899","POTENZA_SEGNALE":"19523.33","POPOLAZIONE_SEZIONE": "127"}
			},
		 		{ "type" : "Feature",
				"geometry" : {
					"type" : "Point",
					"coordinates" : [7.71630,45.00158]},
			"properties" : { "ANNO":"2010","ID_SEZIONE":"4391","ISTAT_COMUNE_SEZ":"1156","COMUNE_SEZ":"MONCALIERI","PROVINCIA":"TO","ID_CENTRALE":"1501","NOME_CENTRALE":"TORINO TESTONA","ISTAT_COMUNE_CENTR":"1156","COMUNE_CENTR":"MONCALIERI","PROVINCIA_CENTR":"TO","INDIRIZZO_CENTRALE":"STR LORETO 6","LATITUDINE_SEZIONE":"45.00158","LONGITUDINE_SEZIONE":"7.71630","POS_X_SEZIONE":"398827.28020","POS_Y_SEZIONE":"4983927.51159","LATITUDINE_CENTRALE":"44.99531","LONGITUDINE_CENTRALE":"7.71612","POS_X_CENTRALE":"398802.14900","POS_Y_CENTRALE":"4983231.28159","TIPO_ADSL":"ADSL_2P","DESCRIZIONE_TIPO_ADSL":"ADSL 2+ (24 mega)","DISTANZA_CALCOLATA":"696.68","CLASSE_DISTANZA":"500-899","POTENZA_SEGNALE":"19523.33","POPOLAZIONE_SEZIONE": "139"}
			},
		 		{ "type" : "Feature",
				"geometry" : {
					"type" : "Point",
					"coordinates" : [7.73125,45.01599]},
			"properties" : { "ANNO":"2010","ID_SEZIONE":"4986","ISTAT_COMUNE_SEZ":"1156","COMUNE_SEZ":"MONCALIERI","PROVINCIA":"TO","ID_CENTRALE":"1501","NOME_CENTRALE":"TORINO TESTONA","ISTAT_COMUNE_CENTR":"1156","COMUNE_CENTR":"MONCALIERI","PROVINCIA_CENTR":"TO","INDIRIZZO_CENTRALE":"STR LORETO 6","LATITUDINE_SEZIONE":"45.01599","LONGITUDINE_SEZIONE":"7.73125","POS_X_SEZIONE":"400030.81863","POS_Y_SEZIONE":"4985509.55370","LATITUDINE_CENTRALE":"44.99531","LONGITUDINE_CENTRALE":"7.71612","POS_X_CENTRALE":"398802.14900","POS_Y_CENTRALE":"4983231.28159","TIPO_ADSL":"ADSL_2P","DESCRIZIONE_TIPO_ADSL":"ADSL 2+ (24 mega)","DISTANZA_CALCOLATA":"2588.47","CLASSE_DISTANZA":"2500-2899","POTENZA_SEGNALE":"7380.83","POPOLAZIONE_SEZIONE": "75"}
			},
		 		{ "type" : "Feature",
				"geometry" : {
					"type" : "Point",
					"coordinates" : [7.71041,44.97747]},
			"properties" : { "ANNO":"2010","ID_SEZIONE":"4990","ISTAT_COMUNE_SEZ":"1156","COMUNE_SEZ":"MONCALIERI","PROVINCIA":"TO","ID_CENTRALE":"1501","NOME_CENTRALE":"TORINO TESTONA","ISTAT_COMUNE_CENTR":"1156","COMUNE_CENTR":"MONCALIERI","PROVINCIA_CENTR":"TO","INDIRIZZO_CENTRALE":"STR LORETO 6","LATITUDINE_SEZIONE":"44.97747","LONGITUDINE_SEZIONE":"7.71041","POS_X_SEZIONE":"398320.61422","POS_Y_SEZIONE":"4981255.95447","LATITUDINE_CENTRALE":"44.99531","LONGITUDINE_CENTRALE":"7.71612","POS_X_CENTRALE":"398802.14900","POS_Y_CENTRALE":"4983231.28159","TIPO_ADSL":"ADSL_2P","DESCRIZIONE_TIPO_ADSL":"ADSL 2+ (24 mega)","DISTANZA_CALCOLATA":"2033.17","CLASSE_DISTANZA":"1700-2099","POTENZA_SEGNALE":"12975.83","POPOLAZIONE_SEZIONE": "27"}
			},
		 		{ "type" : "Feature",
				"geometry" : {
					"type" : "Point",
					"coordinates" : [7.71943,44.98606]},
			"properties" : { "ANNO":"2010","ID_SEZIONE":"5567","ISTAT_COMUNE_SEZ":"1156","COMUNE_SEZ":"MONCALIERI","PROVINCIA":"TO","ID_CENTRALE":"1501","NOME_CENTRALE":"TORINO TESTONA","ISTAT_COMUNE_CENTR":"1156","COMUNE_CENTR":"MONCALIERI","PROVINCIA_CENTR":"TO","INDIRIZZO_CENTRALE":"STR LORETO 6","LATITUDINE_SEZIONE":"44.98606","LONGITUDINE_SEZIONE":"7.71943","POS_X_SEZIONE":"399046.73927","POS_Y_SEZIONE":"4982198.98269","LATITUDINE_CENTRALE":"44.99531","LONGITUDINE_CENTRALE":"7.71612","POS_X_CENTRALE":"398802.14900","POS_Y_CENTRALE":"4983231.28159","TIPO_ADSL":"ADSL_2P","DESCRIZIONE_TIPO_ADSL":"ADSL 2+ (24 mega)","DISTANZA_CALCOLATA":"1060.88","CLASSE_DISTANZA":"900-1299","POTENZA_SEGNALE":"17737.5","POPOLAZIONE_SEZIONE": "458"}
			},
		 		{ "type" : "Feature",
				"geometry" : {
					"type" : "Point",
					"coordinates" : [7.70373,45.00101]},
			"properties" : { "ANNO":"2010","ID_SEZIONE":"5964","ISTAT_COMUNE_SEZ":"1156","COMUNE_SEZ":"MONCALIERI","PROVINCIA":"TO","ID_CENTRALE":"1501","NOME_CENTRALE":"TORINO TESTONA","ISTAT_COMUNE_CENTR":"1156","COMUNE_CENTR":"MONCALIERI","PROVINCIA_CENTR":"TO","INDIRIZZO_CENTRALE":"STR LORETO 6","LATITUDINE_SEZIONE":"45.00101","LONGITUDINE_SEZIONE":"7.70373","POS_X_SEZIONE":"397836.12961","POS_Y_SEZIONE":"4983879.49674","LATITUDINE_CENTRALE":"44.99531","LONGITUDINE_CENTRALE":"7.71612","POS_X_CENTRALE":"398802.14900","POS_Y_CENTRALE":"4983231.28159","TIPO_ADSL":"ADSL_2P","DESCRIZIONE_TIPO_ADSL":"ADSL 2+ (24 mega)","DISTANZA_CALCOLATA":"1163.35","CLASSE_DISTANZA":"900-1299","POTENZA_SEGNALE":"17737.5","POPOLAZIONE_SEZIONE": "435"}
			},
		 		{ "type" : "Feature",
				"geometry" : {
					"type" : "Point",
					"coordinates" : [7.71000,44.98040]},
			"properties" : { "ANNO":"2010","ID_SEZIONE":"7107","ISTAT_COMUNE_SEZ":"1156","COMUNE_SEZ":"MONCALIERI","PROVINCIA":"TO","ID_CENTRALE":"1501","NOME_CENTRALE":"TORINO TESTONA","ISTAT_COMUNE_CENTR":"1156","COMUNE_CENTR":"MONCALIERI","PROVINCIA_CENTR":"TO","INDIRIZZO_CENTRALE":"STR LORETO 6","LATITUDINE_SEZIONE":"44.98040","LONGITUDINE_SEZIONE":"7.71000","POS_X_SEZIONE":"398293.58471","POS_Y_SEZIONE":"4981582.96016","LATITUDINE_CENTRALE":"44.99531","LONGITUDINE_CENTRALE":"7.71612","POS_X_CENTRALE":"398802.14900","POS_Y_CENTRALE":"4983231.28159","TIPO_ADSL":"ADSL_2P","DESCRIZIONE_TIPO_ADSL":"ADSL 2+ (24 mega)","DISTANZA_CALCOLATA":"1724.99","CLASSE_DISTANZA":"1700-2099","POTENZA_SEGNALE":"12975.83","POPOLAZIONE_SEZIONE": "109"}
			},
		 		{ "type" : "Feature",
				"geometry" : {
					"type" : "Point",
					"coordinates" : [7.70469,44.99357]},
			"properties" : { "ANNO":"2010","ID_SEZIONE":"8056","ISTAT_COMUNE_SEZ":"1156","COMUNE_SEZ":"MONCALIERI","PROVINCIA":"TO","ID_CENTRALE":"1501","NOME_CENTRALE":"TORINO TESTONA","ISTAT_COMUNE_CENTR":"1156","COMUNE_CENTR":"MONCALIERI","PROVINCIA_CENTR":"TO","INDIRIZZO_CENTRALE":"STR LORETO 6","LATITUDINE_SEZIONE":"44.99357","LONGITUDINE_SEZIONE":"7.70469","POS_X_SEZIONE":"397898.00020","POS_Y_SEZIONE":"4983052.48208","LATITUDINE_CENTRALE":"44.99531","LONGITUDINE_CENTRALE":"7.71612","POS_X_CENTRALE":"398802.14900","POS_Y_CENTRALE":"4983231.28159","TIPO_ADSL":"ADSL_2P","DESCRIZIONE_TIPO_ADSL":"ADSL 2+ (24 mega)","DISTANZA_CALCOLATA":"921.66","CLASSE_DISTANZA":"900-1299","POTENZA_SEGNALE":"17737.5","POPOLAZIONE_SEZIONE": "185"}
			},
		 		{ "type" : "Feature",
				"geometry" : {
					"type" : "Point",
					"coordinates" : [7.74073,45.01682]},
			"properties" : { "ANNO":"2010","ID_SEZIONE":"8265","ISTAT_COMUNE_SEZ":"1156","COMUNE_SEZ":"MONCALIERI","PROVINCIA":"TO","ID_CENTRALE":"1501","NOME_CENTRALE":"TORINO TESTONA","ISTAT_COMUNE_CENTR":"1156","COMUNE_CENTR":"MONCALIERI","PROVINCIA_CENTR":"TO","INDIRIZZO_CENTRALE":"STR LORETO 6","LATITUDINE_SEZIONE":"45.01682","LONGITUDINE_SEZIONE":"7.74073","POS_X_SEZIONE":"400779.28327","POS_Y_SEZIONE":"4985590.06519","LATITUDINE_CENTRALE":"44.99531","LONGITUDINE_CENTRALE":"7.71612","POS_X_CENTRALE":"398802.14900","POS_Y_CENTRALE":"4983231.28159","TIPO_ADSL":"ADSL_2P","DESCRIZIONE_TIPO_ADSL":"ADSL 2+ (24 mega)","DISTANZA_CALCOLATA":"3077.81","CLASSE_DISTANZA":"2900-3299","POTENZA_SEGNALE":"5238.33","POPOLAZIONE_SEZIONE": "19"}
			},
		 		{ "type" : "Feature",
				"geometry" : {
					"type" : "Point",
					"coordinates" : [7.70706,44.99524]},
			"properties" : { "ANNO":"2010","ID_SEZIONE":"8324","ISTAT_COMUNE_SEZ":"1156","COMUNE_SEZ":"MONCALIERI","PROVINCIA":"TO","ID_CENTRALE":"1501","NOME_CENTRALE":"TORINO TESTONA","ISTAT_COMUNE_CENTR":"1156","COMUNE_CENTR":"MONCALIERI","PROVINCIA_CENTR":"TO","INDIRIZZO_CENTRALE":"STR LORETO 6","LATITUDINE_SEZIONE":"44.99524","LONGITUDINE_SEZIONE":"7.70706","POS_X_SEZIONE":"398088.06177","POS_Y_SEZIONE":"4983234.48836","LATITUDINE_CENTRALE":"44.99531","LONGITUDINE_CENTRALE":"7.71612","POS_X_CENTRALE":"398802.14900","POS_Y_CENTRALE":"4983231.28159","TIPO_ADSL":"ADSL_2P","DESCRIZIONE_TIPO_ADSL":"ADSL 2+ (24 mega)","DISTANZA_CALCOLATA":"714.09","CLASSE_DISTANZA":"500-899","POTENZA_SEGNALE":"19523.33","POPOLAZIONE_SEZIONE": "335"}
			},
		 		{ "type" : "Feature",
				"geometry" : {
					"type" : "Point",
					"coordinates" : [7.73158,44.98394]},
			"properties" : { "ANNO":"2010","ID_SEZIONE":"8945","ISTAT_COMUNE_SEZ":"1156","COMUNE_SEZ":"MONCALIERI","PROVINCIA":"TO","ID_CENTRALE":"1501","NOME_CENTRALE":"TORINO TESTONA","ISTAT_COMUNE_CENTR":"1156","COMUNE_CENTR":"MONCALIERI","PROVINCIA_CENTR":"TO","INDIRIZZO_CENTRALE":"STR LORETO 6","LATITUDINE_SEZIONE":"44.98394","LONGITUDINE_SEZIONE":"7.73158","POS_X_SEZIONE":"400000.85742","POS_Y_SEZIONE":"4981948.49232","LATITUDINE_CENTRALE":"44.99531","LONGITUDINE_CENTRALE":"7.71612","POS_X_CENTRALE":"398802.14900","POS_Y_CENTRALE":"4983231.28159","TIPO_ADSL":"ADSL_2P","DESCRIZIONE_TIPO_ADSL":"ADSL 2+ (24 mega)","DISTANZA_CALCOLATA":"1755.69","CLASSE_DISTANZA":"1700-2099","POTENZA_SEGNALE":"12975.83","POPOLAZIONE_SEZIONE": "502"}
			},
		 		{ "type" : "Feature",
				"geometry" : {
					"type" : "Point",
					"coordinates" : [7.70104,44.99179]},
			"properties" : { "ANNO":"2010","ID_SEZIONE":"9765","ISTAT_COMUNE_SEZ":"1156","COMUNE_SEZ":"MONCALIERI","PROVINCIA":"TO","ID_CENTRALE":"1501","NOME_CENTRALE":"TORINO TESTONA","ISTAT_COMUNE_CENTR":"1156","COMUNE_CENTR":"MONCALIERI","PROVINCIA_CENTR":"TO","INDIRIZZO_CENTRALE":"STR LORETO 6","LATITUDINE_SEZIONE":"44.99179","LONGITUDINE_SEZIONE":"7.70104","POS_X_SEZIONE":"397607.28250","POS_Y_SEZIONE":"4982858.47504","LATITUDINE_CENTRALE":"44.99531","LONGITUDINE_CENTRALE":"7.71612","POS_X_CENTRALE":"398802.14900","POS_Y_CENTRALE":"4983231.28159","TIPO_ADSL":"ADSL_2P","DESCRIZIONE_TIPO_ADSL":"ADSL 2+ (24 mega)","DISTANZA_CALCOLATA":"1251.68","CLASSE_DISTANZA":"900-1299","POTENZA_SEGNALE":"17737.5","POPOLAZIONE_SEZIONE": "24"}
			},
		 		{ "type" : "Feature",
				"geometry" : {
					"type" : "Point",
					"coordinates" : [7.74599,45.00242]},
			"properties" : { "ANNO":"2010","ID_SEZIONE":"10114","ISTAT_COMUNE_SEZ":"1156","COMUNE_SEZ":"MONCALIERI","PROVINCIA":"TO","ID_CENTRALE":"1501","NOME_CENTRALE":"TORINO TESTONA","ISTAT_COMUNE_CENTR":"1156","COMUNE_CENTR":"MONCALIERI","PROVINCIA_CENTR":"TO","INDIRIZZO_CENTRALE":"STR LORETO 6","LATITUDINE_SEZIONE":"45.00242","LONGITUDINE_SEZIONE":"7.74599","POS_X_SEZIONE":"401169.17281","POS_Y_SEZIONE":"4983983.54538","LATITUDINE_CENTRALE":"44.99531","LONGITUDINE_CENTRALE":"7.71612","POS_X_CENTRALE":"398802.14900","POS_Y_CENTRALE":"4983231.28159","TIPO_ADSL":"ADSL_2P","DESCRIZIONE_TIPO_ADSL":"ADSL 2+ (24 mega)","DISTANZA_CALCOLATA":"2483.69","CLASSE_DISTANZA":"2100-2499","POTENZA_SEGNALE":"10000","POPOLAZIONE_SEZIONE": "85"}
			},
		 		{ "type" : "Feature",
				"geometry" : {
					"type" : "Point",
					"coordinates" : [7.72208,45.00027]},
			"properties" : { "ANNO":"2010","ID_SEZIONE":"10126","ISTAT_COMUNE_SEZ":"1156","COMUNE_SEZ":"MONCALIERI","PROVINCIA":"TO","ID_CENTRALE":"1501","NOME_CENTRALE":"TORINO TESTONA","ISTAT_COMUNE_CENTR":"1156","COMUNE_CENTR":"MONCALIERI","PROVINCIA_CENTR":"TO","INDIRIZZO_CENTRALE":"STR LORETO 6","LATITUDINE_SEZIONE":"45.00027","LONGITUDINE_SEZIONE":"7.72208","POS_X_SEZIONE":"399280.46420","POS_Y_SEZIONE":"4983775.01546","LATITUDINE_CENTRALE":"44.99531","LONGITUDINE_CENTRALE":"7.71612","POS_X_CENTRALE":"398802.14900","POS_Y_CENTRALE":"4983231.28159","TIPO_ADSL":"ADSL_2P","DESCRIZIONE_TIPO_ADSL":"ADSL 2+ (24 mega)","DISTANZA_CALCOLATA":"724.18","CLASSE_DISTANZA":"500-899","POTENZA_SEGNALE":"19523.33","POPOLAZIONE_SEZIONE": "153"}
			},
		 		{ "type" : "Feature",
				"geometry" : {
					"type" : "Point",
					"coordinates" : [7.70411,44.99643]},
			"properties" : { "ANNO":"2010","ID_SEZIONE":"10128","ISTAT_COMUNE_SEZ":"1156","COMUNE_SEZ":"MONCALIERI","PROVINCIA":"TO","ID_CENTRALE":"1501","NOME_CENTRALE":"TORINO TESTONA","ISTAT_COMUNE_CENTR":"1156","COMUNE_CENTR":"MONCALIERI","PROVINCIA_CENTR":"TO","INDIRIZZO_CENTRALE":"STR LORETO 6","LATITUDINE_SEZIONE":"44.99643","LONGITUDINE_SEZIONE":"7.70411","POS_X_SEZIONE":"397857.34586","POS_Y_SEZIONE":"4983370.98756","LATITUDINE_CENTRALE":"44.99531","LONGITUDINE_CENTRALE":"7.71612","POS_X_CENTRALE":"398802.14900","POS_Y_CENTRALE":"4983231.28159","TIPO_ADSL":"ADSL_2P","DESCRIZIONE_TIPO_ADSL":"ADSL 2+ (24 mega)","DISTANZA_CALCOLATA":"955.08","CLASSE_DISTANZA":"900-1299","POTENZA_SEGNALE":"17737.5","POPOLAZIONE_SEZIONE": "608"}
			},
		 		{ "type" : "Feature",
				"geometry" : {
					"type" : "Point",
					"coordinates" : [7.71013,44.99322]},
			"properties" : { "ANNO":"2010","ID_SEZIONE":"10129","ISTAT_COMUNE_SEZ":"1156","COMUNE_SEZ":"MONCALIERI","PROVINCIA":"TO","ID_CENTRALE":"1501","NOME_CENTRALE":"TORINO TESTONA","ISTAT_COMUNE_CENTR":"1156","COMUNE_CENTR":"MONCALIERI","PROVINCIA_CENTR":"TO","INDIRIZZO_CENTRALE":"STR LORETO 6","LATITUDINE_SEZIONE":"44.99322","LONGITUDINE_SEZIONE":"7.71013","POS_X_SEZIONE":"398326.84167","POS_Y_SEZIONE":"4983005.98736","LATITUDINE_CENTRALE":"44.99531","LONGITUDINE_CENTRALE":"7.71612","POS_X_CENTRALE":"398802.14900","POS_Y_CENTRALE":"4983231.28159","TIPO_ADSL":"ADSL_2P","DESCRIZIONE_TIPO_ADSL":"ADSL 2+ (24 mega)","DISTANZA_CALCOLATA":"526.00","CLASSE_DISTANZA":"500-899","POTENZA_SEGNALE":"19523.33","POPOLAZIONE_SEZIONE": "853"}
			},
		 		{ "type" : "Feature",
				"geometry" : {
					"type" : "Point",
					"coordinates" : [7.69845,44.97617]},
			"properties" : { "ANNO":"2010","ID_SEZIONE":"11274","ISTAT_COMUNE_SEZ":"1156","COMUNE_SEZ":"MONCALIERI","PROVINCIA":"TO","ID_CENTRALE":"1501","NOME_CENTRALE":"TORINO TESTONA","ISTAT_COMUNE_CENTR":"1156","COMUNE_CENTR":"MONCALIERI","PROVINCIA_CENTR":"TO","INDIRIZZO_CENTRALE":"STR LORETO 6","LATITUDINE_SEZIONE":"44.97617","LONGITUDINE_SEZIONE":"7.69845","POS_X_SEZIONE":"397375.21441","POS_Y_SEZIONE":"4981126.94173","LATITUDINE_CENTRALE":"44.99531","LONGITUDINE_CENTRALE":"7.71612","POS_X_CENTRALE":"398802.14900","POS_Y_CENTRALE":"4983231.28159","TIPO_ADSL":"ADSL_2P","DESCRIZIONE_TIPO_ADSL":"ADSL 2+ (24 mega)","DISTANZA_CALCOLATA":"2542.52","CLASSE_DISTANZA":"2500-2899","POTENZA_SEGNALE":"7380.83","POPOLAZIONE_SEZIONE": "25"}
			},
		 		{ "type" : "Feature",
				"geometry" : {
					"type" : "Point",
					"coordinates" : [7.62863,45.08315]},
			"properties" : { "ANNO":"2010","ID_SEZIONE":"12498","ISTAT_COMUNE_SEZ":"1272","COMUNE_SEZ":"TORINO","PROVINCIA":"TO","ID_CENTRALE":"1501","NOME_CENTRALE":"TORINO TESTONA","ISTAT_COMUNE_CENTR":"1156","COMUNE_CENTR":"MONCALIERI","PROVINCIA_CENTR":"TO","INDIRIZZO_CENTRALE":"STR LORETO 6","LATITUDINE_SEZIONE":"45.08315","LONGITUDINE_SEZIONE":"7.62863","POS_X_SEZIONE":"392071.34035","POS_Y_SEZIONE":"4993101.66533","LATITUDINE_CENTRALE":"44.99531","LONGITUDINE_CENTRALE":"7.71612","POS_X_CENTRALE":"398802.14900","POS_Y_CENTRALE":"4983231.28159","TIPO_ADSL":"ADSL_2P","DESCRIZIONE_TIPO_ADSL":"ADSL 2+ (24 mega)","DISTANZA_CALCOLATA":"11946.89","CLASSE_DISTANZA":"6100 e oltre","POTENZA_SEGNALE":"0.00","POPOLAZIONE_SEZIONE": "422"}
			},
		 		{ "type" : "Feature",
				"geometry" : {
					"type" : "Point",
					"coordinates" : [7.72299,45.03050]},
			"properties" : { "ANNO":"2010","ID_SEZIONE":"13096","ISTAT_COMUNE_SEZ":"1156","COMUNE_SEZ":"MONCALIERI","PROVINCIA":"TO","ID_CENTRALE":"1501","NOME_CENTRALE":"TORINO TESTONA","ISTAT_COMUNE_CENTR":"1156","COMUNE_CENTR":"MONCALIERI","PROVINCIA_CENTR":"TO","INDIRIZZO_CENTRALE":"STR LORETO 6","LATITUDINE_SEZIONE":"45.03050","LONGITUDINE_SEZIONE":"7.72299","POS_X_SEZIONE":"399405.12033","POS_Y_SEZIONE":"4987131.57175","LATITUDINE_CENTRALE":"44.99531","LONGITUDINE_CENTRALE":"7.71612","POS_X_CENTRALE":"398802.14900","POS_Y_CENTRALE":"4983231.28159","TIPO_ADSL":"ADSL_2P","DESCRIZIONE_TIPO_ADSL":"ADSL 2+ (24 mega)","DISTANZA_CALCOLATA":"3946.62","CLASSE_DISTANZA":"3700-4099","POTENZA_SEGNALE":"2857.5","POPOLAZIONE_SEZIONE": "21"}
			},
		 		{ "type" : "Feature",
				"geometry" : {
					"type" : "Point",
					"coordinates" : [7.74723,44.99581]},
			"properties" : { "ANNO":"2010","ID_SEZIONE":"13100","ISTAT_COMUNE_SEZ":"1280","COMUNE_SEZ":"TROFARELLO","PROVINCIA":"TO","ID_CENTRALE":"1501","NOME_CENTRALE":"TORINO TESTONA","ISTAT_COMUNE_CENTR":"1156","COMUNE_CENTR":"MONCALIERI","PROVINCIA_CENTR":"TO","INDIRIZZO_CENTRALE":"STR LORETO 6","LATITUDINE_SEZIONE":"44.99581","LONGITUDINE_SEZIONE":"7.74723","POS_X_SEZIONE":"401255.48116","POS_Y_SEZIONE":"4983248.53405","LATITUDINE_CENTRALE":"44.99531","LONGITUDINE_CENTRALE":"7.71612","POS_X_CENTRALE":"398802.14900","POS_Y_CENTRALE":"4983231.28159","TIPO_ADSL":"ADSL_2P","DESCRIZIONE_TIPO_ADSL":"ADSL 2+ (24 mega)","DISTANZA_CALCOLATA":"2453.39","CLASSE_DISTANZA":"2100-2499","POTENZA_SEGNALE":"10000","POPOLAZIONE_SEZIONE": "28"}
			},
		 		{ "type" : "Feature",
				"geometry" : {
					"type" : "Point",
					"coordinates" : [7.66228,45.01708]},
			"properties" : { "ANNO":"2010","ID_SEZIONE":"13365","ISTAT_COMUNE_SEZ":"1272","COMUNE_SEZ":"TORINO","PROVINCIA":"TO","ID_CENTRALE":"1501","NOME_CENTRALE":"TORINO TESTONA","ISTAT_COMUNE_CENTR":"1156","COMUNE_CENTR":"MONCALIERI","PROVINCIA_CENTR":"TO","INDIRIZZO_CENTRALE":"STR LORETO 6","LATITUDINE_SEZIONE":"45.01708","LONGITUDINE_SEZIONE":"7.66228","POS_X_SEZIONE":"394598.35066","POS_Y_SEZIONE":"4985718.52753","LATITUDINE_CENTRALE":"44.99531","LONGITUDINE_CENTRALE":"7.71612","POS_X_CENTRALE":"398802.14900","POS_Y_CENTRALE":"4983231.28159","TIPO_ADSL":"ADSL_2P","DESCRIZIONE_TIPO_ADSL":"ADSL 2+ (24 mega)","DISTANZA_CALCOLATA":"4884.5","CLASSE_DISTANZA":"4500-4899","POTENZA_SEGNALE":"1428.33","POPOLAZIONE_SEZIONE": "303"}
			},
		 		{ "type" : "Feature",
				"geometry" : {
					"type" : "Point",
					"coordinates" : [7.71247,44.96918]},
			"properties" : { "ANNO":"2010","ID_SEZIONE":"13371","ISTAT_COMUNE_SEZ":"1156","COMUNE_SEZ":"MONCALIERI","PROVINCIA":"TO","ID_CENTRALE":"1501","NOME_CENTRALE":"TORINO TESTONA","ISTAT_COMUNE_CENTR":"1156","COMUNE_CENTR":"MONCALIERI","PROVINCIA_CENTR":"TO","INDIRIZZO_CENTRALE":"STR LORETO 6","LATITUDINE_SEZIONE":"44.96918","LONGITUDINE_SEZIONE":"7.71247","POS_X_SEZIONE":"398468.70305","POS_Y_SEZIONE":"4980332.43959","LATITUDINE_CENTRALE":"44.99531","LONGITUDINE_CENTRALE":"7.71612","POS_X_CENTRALE":"398802.14900","POS_Y_CENTRALE":"4983231.28159","TIPO_ADSL":"ADSL_2P","DESCRIZIONE_TIPO_ADSL":"ADSL 2+ (24 mega)","DISTANZA_CALCOLATA":"2917.96","CLASSE_DISTANZA":"2900-3299","POTENZA_SEGNALE":"5238.33","POPOLAZIONE_SEZIONE": "24"}
			},
		 		{ "type" : "Feature",
				"geometry" : {
					"type" : "Point",
					"coordinates" : [7.72055,45.00757]},
			"properties" : { "ANNO":"2010","ID_SEZIONE":"14242","ISTAT_COMUNE_SEZ":"1156","COMUNE_SEZ":"MONCALIERI","PROVINCIA":"TO","ID_CENTRALE":"1501","NOME_CENTRALE":"TORINO TESTONA","ISTAT_COMUNE_CENTR":"1156","COMUNE_CENTR":"MONCALIERI","PROVINCIA_CENTR":"TO","INDIRIZZO_CENTRALE":"STR LORETO 6","LATITUDINE_SEZIONE":"45.00757","LONGITUDINE_SEZIONE":"7.72055","POS_X_SEZIONE":"399172.97236","POS_Y_SEZIONE":"4984587.52721","LATITUDINE_CENTRALE":"44.99531","LONGITUDINE_CENTRALE":"7.71612","POS_X_CENTRALE":"398802.14900","POS_Y_CENTRALE":"4983231.28159","TIPO_ADSL":"ADSL_2P","DESCRIZIONE_TIPO_ADSL":"ADSL 2+ (24 mega)","DISTANZA_CALCOLATA":"1406.03","CLASSE_DISTANZA":"1300-1699","POTENZA_SEGNALE":"16071.67","POPOLAZIONE_SEZIONE": "314"}
			},
		 		{ "type" : "Feature",
				"geometry" : {
					"type" : "Point",
					"coordinates" : [7.73970,45.01880]},
			"properties" : { "ANNO":"2010","ID_SEZIONE":"14243","ISTAT_COMUNE_SEZ":"1156","COMUNE_SEZ":"MONCALIERI","PROVINCIA":"TO","ID_CENTRALE":"1501","NOME_CENTRALE":"TORINO TESTONA","ISTAT_COMUNE_CENTR":"1156","COMUNE_CENTR":"MONCALIERI","PROVINCIA_CENTR":"TO","INDIRIZZO_CENTRALE":"STR LORETO 6","LATITUDINE_SEZIONE":"45.01880","LONGITUDINE_SEZIONE":"7.73970","POS_X_SEZIONE":"400701.31643","POS_Y_SEZIONE":"4985811.56765","LATITUDINE_CENTRALE":"44.99531","LONGITUDINE_CENTRALE":"7.71612","POS_X_CENTRALE":"398802.14900","POS_Y_CENTRALE":"4983231.28159","TIPO_ADSL":"ADSL_2P","DESCRIZIONE_TIPO_ADSL":"ADSL 2+ (24 mega)","DISTANZA_CALCOLATA":"3203.86","CLASSE_DISTANZA":"2900-3299","POTENZA_SEGNALE":"5238.33","POPOLAZIONE_SEZIONE": "16"}
			},
		 		{ "type" : "Feature",
				"geometry" : {
					"type" : "Point",
					"coordinates" : [7.73668,44.98603]},
			"properties" : { "ANNO":"2010","ID_SEZIONE":"15188","ISTAT_COMUNE_SEZ":"1280","COMUNE_SEZ":"TROFARELLO","PROVINCIA":"TO","ID_CENTRALE":"1501","NOME_CENTRALE":"TORINO TESTONA","ISTAT_COMUNE_CENTR":"1156","COMUNE_CENTR":"MONCALIERI","PROVINCIA_CENTR":"TO","INDIRIZZO_CENTRALE":"STR LORETO 6","LATITUDINE_SEZIONE":"44.98603","LONGITUDINE_SEZIONE":"7.73668","POS_X_SEZIONE":"400406.91847","POS_Y_SEZIONE":"4982174.50244","LATITUDINE_CENTRALE":"44.99531","LONGITUDINE_CENTRALE":"7.71612","POS_X_CENTRALE":"398802.14900","POS_Y_CENTRALE":"4983231.28159","TIPO_ADSL":"ADSL_2P","DESCRIZIONE_TIPO_ADSL":"ADSL 2+ (24 mega)","DISTANZA_CALCOLATA":"1921.48","CLASSE_DISTANZA":"1700-2099","POTENZA_SEGNALE":"12975.83","POPOLAZIONE_SEZIONE": "661"}
			},
		 		{ "type" : "Feature",
				"geometry" : {
					"type" : "Point",
					"coordinates" : [7.72667,44.99139]},
			"properties" : { "ANNO":"2010","ID_SEZIONE":"15452","ISTAT_COMUNE_SEZ":"1156","COMUNE_SEZ":"MONCALIERI","PROVINCIA":"TO","ID_CENTRALE":"1501","NOME_CENTRALE":"TORINO TESTONA","ISTAT_COMUNE_CENTR":"1156","COMUNE_CENTR":"MONCALIERI","PROVINCIA_CENTR":"TO","INDIRIZZO_CENTRALE":"STR LORETO 6","LATITUDINE_SEZIONE":"44.99139","LONGITUDINE_SEZIONE":"7.72667","POS_X_SEZIONE":"399626.92590","POS_Y_SEZIONE":"4982782.00221","LATITUDINE_CENTRALE":"44.99531","LONGITUDINE_CENTRALE":"7.71612","POS_X_CENTRALE":"398802.14900","POS_Y_CENTRALE":"4983231.28159","TIPO_ADSL":"ADSL_2P","DESCRIZIONE_TIPO_ADSL":"ADSL 2+ (24 mega)","DISTANZA_CALCOLATA":"939.21","CLASSE_DISTANZA":"900-1299","POTENZA_SEGNALE":"17737.5","POPOLAZIONE_SEZIONE": "24"}
			},
		 		{ "type" : "Feature",
				"geometry" : {
					"type" : "Point",
					"coordinates" : [7.71370,44.99764]},
			"properties" : { "ANNO":"2010","ID_SEZIONE":"17414","ISTAT_COMUNE_SEZ":"1156","COMUNE_SEZ":"MONCALIERI","PROVINCIA":"TO","ID_CENTRALE":"1501","NOME_CENTRALE":"TORINO TESTONA","ISTAT_COMUNE_CENTR":"1156","COMUNE_CENTR":"MONCALIERI","PROVINCIA_CENTR":"TO","INDIRIZZO_CENTRALE":"STR LORETO 6","LATITUDINE_SEZIONE":"44.99764","LONGITUDINE_SEZIONE":"7.71370","POS_X_SEZIONE":"398615.99777","POS_Y_SEZIONE":"4983493.00074","LATITUDINE_CENTRALE":"44.99531","LONGITUDINE_CENTRALE":"7.71612","POS_X_CENTRALE":"398802.14900","POS_Y_CENTRALE":"4983231.28159","TIPO_ADSL":"ADSL_2P","DESCRIZIONE_TIPO_ADSL":"ADSL 2+ (24 mega)","DISTANZA_CALCOLATA":"321.17","CLASSE_DISTANZA":"100-499","POTENZA_SEGNALE":"19761.67","POPOLAZIONE_SEZIONE": "539"}
			},
		 		{ "type" : "Feature",
				"geometry" : {
					"type" : "Point",
					"coordinates" : [7.70471,45.00273]},
			"properties" : { "ANNO":"2010","ID_SEZIONE":"19241","ISTAT_COMUNE_SEZ":"1156","COMUNE_SEZ":"MONCALIERI","PROVINCIA":"TO","ID_CENTRALE":"1501","NOME_CENTRALE":"TORINO TESTONA","ISTAT_COMUNE_CENTR":"1156","COMUNE_CENTR":"MONCALIERI","PROVINCIA_CENTR":"TO","INDIRIZZO_CENTRALE":"STR LORETO 6","LATITUDINE_SEZIONE":"45.00273","LONGITUDINE_SEZIONE":"7.70471","POS_X_SEZIONE":"397916.06817","POS_Y_SEZIONE":"4984070.00119","LATITUDINE_CENTRALE":"44.99531","LONGITUDINE_CENTRALE":"7.71612","POS_X_CENTRALE":"398802.14900","POS_Y_CENTRALE":"4983231.28159","TIPO_ADSL":"ADSL_2P","DESCRIZIONE_TIPO_ADSL":"ADSL 2+ (24 mega)","DISTANZA_CALCOLATA":"1220.08","CLASSE_DISTANZA":"900-1299","POTENZA_SEGNALE":"17737.5","POPOLAZIONE_SEZIONE": "241"}
			},
		 		{ "type" : "Feature",
				"geometry" : {
					"type" : "Point",
					"coordinates" : [7.72440,44.98745]},
			"properties" : { "ANNO":"2010","ID_SEZIONE":"19244","ISTAT_COMUNE_SEZ":"1156","COMUNE_SEZ":"MONCALIERI","PROVINCIA":"TO","ID_CENTRALE":"1501","NOME_CENTRALE":"TORINO TESTONA","ISTAT_COMUNE_CENTR":"1156","COMUNE_CENTR":"MONCALIERI","PROVINCIA_CENTR":"TO","INDIRIZZO_CENTRALE":"STR LORETO 6","LATITUDINE_SEZIONE":"44.98745","LONGITUDINE_SEZIONE":"7.72440","POS_X_SEZIONE":"399441.04993","POS_Y_SEZIONE":"4982347.49136","LATITUDINE_CENTRALE":"44.99531","LONGITUDINE_CENTRALE":"7.71612","POS_X_CENTRALE":"398802.14900","POS_Y_CENTRALE":"4983231.28159","TIPO_ADSL":"ADSL_2P","DESCRIZIONE_TIPO_ADSL":"ADSL 2+ (24 mega)","DISTANZA_CALCOLATA":"1090.54","CLASSE_DISTANZA":"900-1299","POTENZA_SEGNALE":"17737.5","POPOLAZIONE_SEZIONE": "14"}
			},
		 		{ "type" : "Feature",
				"geometry" : {
					"type" : "Point",
					"coordinates" : [7.70067,44.99630]},
			"properties" : { "ANNO":"2010","ID_SEZIONE":"19819","ISTAT_COMUNE_SEZ":"1156","COMUNE_SEZ":"MONCALIERI","PROVINCIA":"TO","ID_CENTRALE":"1501","NOME_CENTRALE":"TORINO TESTONA","ISTAT_COMUNE_CENTR":"1156","COMUNE_CENTR":"MONCALIERI","PROVINCIA_CENTR":"TO","INDIRIZZO_CENTRALE":"STR LORETO 6","LATITUDINE_SEZIONE":"44.99630","LONGITUDINE_SEZIONE":"7.70067","POS_X_SEZIONE":"397586.00430","POS_Y_SEZIONE":"4983360.98461","LATITUDINE_CENTRALE":"44.99531","LONGITUDINE_CENTRALE":"7.71612","POS_X_CENTRALE":"398802.14900","POS_Y_CENTRALE":"4983231.28159","TIPO_ADSL":"ADSL_2P","DESCRIZIONE_TIPO_ADSL":"ADSL 2+ (24 mega)","DISTANZA_CALCOLATA":"1223.04","CLASSE_DISTANZA":"900-1299","POTENZA_SEGNALE":"17737.5","POPOLAZIONE_SEZIONE": "845"}
			},
		 		{ "type" : "Feature",
				"geometry" : {
					"type" : "Point",
					"coordinates" : [7.72864,44.98719]},
			"properties" : { "ANNO":"2010","ID_SEZIONE":"19821","ISTAT_COMUNE_SEZ":"1156","COMUNE_SEZ":"MONCALIERI","PROVINCIA":"TO","ID_CENTRALE":"1501","NOME_CENTRALE":"TORINO TESTONA","ISTAT_COMUNE_CENTR":"1156","COMUNE_CENTR":"MONCALIERI","PROVINCIA_CENTR":"TO","INDIRIZZO_CENTRALE":"STR LORETO 6","LATITUDINE_SEZIONE":"44.98719","LONGITUDINE_SEZIONE":"7.72864","POS_X_SEZIONE":"399774.86062","POS_Y_SEZIONE":"4982313.49559","LATITUDINE_CENTRALE":"44.99531","LONGITUDINE_CENTRALE":"7.71612","POS_X_CENTRALE":"398802.14900","POS_Y_CENTRALE":"4983231.28159","TIPO_ADSL":"ADSL_2P","DESCRIZIONE_TIPO_ADSL":"ADSL 2+ (24 mega)","DISTANZA_CALCOLATA":"1337.35","CLASSE_DISTANZA":"1300-1699","POTENZA_SEGNALE":"16071.67","POPOLAZIONE_SEZIONE": "187"}
			},
		 		{ "type" : "Feature",
				"geometry" : {
					"type" : "Point",
					"coordinates" : [7.70083,44.98762]},
			"properties" : { "ANNO":"2010","ID_SEZIONE":"20415","ISTAT_COMUNE_SEZ":"1156","COMUNE_SEZ":"MONCALIERI","PROVINCIA":"TO","ID_CENTRALE":"1501","NOME_CENTRALE":"TORINO TESTONA","ISTAT_COMUNE_CENTR":"1156","COMUNE_CENTR":"MONCALIERI","PROVINCIA_CENTR":"TO","INDIRIZZO_CENTRALE":"STR LORETO 6","LATITUDINE_SEZIONE":"44.98762","LONGITUDINE_SEZIONE":"7.70083","POS_X_SEZIONE":"397583.31169","POS_Y_SEZIONE":"4982396.46621","LATITUDINE_CENTRALE":"44.99531","LONGITUDINE_CENTRALE":"7.71612","POS_X_CENTRALE":"398802.14900","POS_Y_CENTRALE":"4983231.28159","TIPO_ADSL":"ADSL_2P","DESCRIZIONE_TIPO_ADSL":"ADSL 2+ (24 mega)","DISTANZA_CALCOLATA":"1477.32","CLASSE_DISTANZA":"1300-1699","POTENZA_SEGNALE":"16071.67","POPOLAZIONE_SEZIONE": "27"}
			},
		 		{ "type" : "Feature",
				"geometry" : {
					"type" : "Point",
					"coordinates" : [7.70841,44.98623]},
			"properties" : { "ANNO":"2010","ID_SEZIONE":"20416","ISTAT_COMUNE_SEZ":"1156","COMUNE_SEZ":"MONCALIERI","PROVINCIA":"TO","ID_CENTRALE":"1501","NOME_CENTRALE":"TORINO TESTONA","ISTAT_COMUNE_CENTR":"1156","COMUNE_CENTR":"MONCALIERI","PROVINCIA_CENTR":"TO","INDIRIZZO_CENTRALE":"STR LORETO 6","LATITUDINE_SEZIONE":"44.98623","LONGITUDINE_SEZIONE":"7.70841","POS_X_SEZIONE":"398178.52551","POS_Y_SEZIONE":"4982231.97085","LATITUDINE_CENTRALE":"44.99531","LONGITUDINE_CENTRALE":"7.71612","POS_X_CENTRALE":"398802.14900","POS_Y_CENTRALE":"4983231.28159","TIPO_ADSL":"ADSL_2P","DESCRIZIONE_TIPO_ADSL":"ADSL 2+ (24 mega)","DISTANZA_CALCOLATA":"1177.93","CLASSE_DISTANZA":"900-1299","POTENZA_SEGNALE":"17737.5","POPOLAZIONE_SEZIONE": ""}
			},
		 		{ "type" : "Feature",
				"geometry" : {
					"type" : "Point",
					"coordinates" : [7.73556,45.00430]},
			"properties" : { "ANNO":"2010","ID_SEZIONE":"20880","ISTAT_COMUNE_SEZ":"1156","COMUNE_SEZ":"MONCALIERI","PROVINCIA":"TO","ID_CENTRALE":"1501","NOME_CENTRALE":"TORINO TESTONA","ISTAT_COMUNE_CENTR":"1156","COMUNE_CENTR":"MONCALIERI","PROVINCIA_CENTR":"TO","INDIRIZZO_CENTRALE":"STR LORETO 6","LATITUDINE_SEZIONE":"45.00430","LONGITUDINE_SEZIONE":"7.73556","POS_X_SEZIONE":"400349.89857","POS_Y_SEZIONE":"4984206.03754","LATITUDINE_CENTRALE":"44.99531","LONGITUDINE_CENTRALE":"7.71612","POS_X_CENTRALE":"398802.14900","POS_Y_CENTRALE":"4983231.28159","TIPO_ADSL":"ADSL_2P","DESCRIZIONE_TIPO_ADSL":"ADSL 2+ (24 mega)","DISTANZA_CALCOLATA":"1829.12","CLASSE_DISTANZA":"1700-2099","POTENZA_SEGNALE":"12975.83","POPOLAZIONE_SEZIONE": "51"}
			},
		 		{ "type" : "Feature",
				"geometry" : {
					"type" : "Point",
					"coordinates" : [7.72155,44.99860]},
			"properties" : { "ANNO":"2010","ID_SEZIONE":"21548","ISTAT_COMUNE_SEZ":"1156","COMUNE_SEZ":"MONCALIERI","PROVINCIA":"TO","ID_CENTRALE":"1501","NOME_CENTRALE":"TORINO TESTONA","ISTAT_COMUNE_CENTR":"1156","COMUNE_CENTR":"MONCALIERI","PROVINCIA_CENTR":"TO","INDIRIZZO_CENTRALE":"STR LORETO 6","LATITUDINE_SEZIONE":"44.99860","LONGITUDINE_SEZIONE":"7.72155","POS_X_SEZIONE":"399235.71386","POS_Y_SEZIONE":"4983590.01143","LATITUDINE_CENTRALE":"44.99531","LONGITUDINE_CENTRALE":"7.71612","POS_X_CENTRALE":"398802.14900","POS_Y_CENTRALE":"4983231.28159","TIPO_ADSL":"ADSL_2P","DESCRIZIONE_TIPO_ADSL":"ADSL 2+ (24 mega)","DISTANZA_CALCOLATA":"562.73","CLASSE_DISTANZA":"500-899","POTENZA_SEGNALE":"19523.33","POPOLAZIONE_SEZIONE": "95"}
			},
		 		{ "type" : "Feature",
				"geometry" : {
					"type" : "Point",
					"coordinates" : [7.73257,44.98726]},
			"properties" : { "ANNO":"2010","ID_SEZIONE":"21549","ISTAT_COMUNE_SEZ":"1156","COMUNE_SEZ":"MONCALIERI","PROVINCIA":"TO","ID_CENTRALE":"1501","NOME_CENTRALE":"TORINO TESTONA","ISTAT_COMUNE_CENTR":"1156","COMUNE_CENTR":"MONCALIERI","PROVINCIA_CENTR":"TO","INDIRIZZO_CENTRALE":"STR LORETO 6","LATITUDINE_SEZIONE":"44.98726","LONGITUDINE_SEZIONE":"7.73257","POS_X_SEZIONE":"400084.63956","POS_Y_SEZIONE":"4982316.50000","LATITUDINE_CENTRALE":"44.99531","LONGITUDINE_CENTRALE":"7.71612","POS_X_CENTRALE":"398802.14900","POS_Y_CENTRALE":"4983231.28159","TIPO_ADSL":"ADSL_2P","DESCRIZIONE_TIPO_ADSL":"ADSL 2+ (24 mega)","DISTANZA_CALCOLATA":"1575.31","CLASSE_DISTANZA":"1300-1699","POTENZA_SEGNALE":"16071.67","POPOLAZIONE_SEZIONE": "505"}
			},
		 		{ "type" : "Feature",
				"geometry" : {
					"type" : "Point",
					"coordinates" : [7.72456,44.98031]},
			"properties" : { "ANNO":"2010","ID_SEZIONE":"21550","ISTAT_COMUNE_SEZ":"1156","COMUNE_SEZ":"MONCALIERI","PROVINCIA":"TO","ID_CENTRALE":"1501","NOME_CENTRALE":"TORINO TESTONA","ISTAT_COMUNE_CENTR":"1156","COMUNE_CENTR":"MONCALIERI","PROVINCIA_CENTR":"TO","INDIRIZZO_CENTRALE":"STR LORETO 6","LATITUDINE_SEZIONE":"44.98031","LONGITUDINE_SEZIONE":"7.72456","POS_X_SEZIONE":"399441.45287","POS_Y_SEZIONE":"4981554.47658","LATITUDINE_CENTRALE":"44.99531","LONGITUDINE_CENTRALE":"7.71612","POS_X_CENTRALE":"398802.14900","POS_Y_CENTRALE":"4983231.28159","TIPO_ADSL":"ADSL_2P","DESCRIZIONE_TIPO_ADSL":"ADSL 2+ (24 mega)","DISTANZA_CALCOLATA":"1794.54","CLASSE_DISTANZA":"1700-2099","POTENZA_SEGNALE":"12975.83","POPOLAZIONE_SEZIONE": "5"}
			},
		 		{ "type" : "Feature",
				"geometry" : {
					"type" : "Point",
					"coordinates" : [7.70584,45.01945]},
			"properties" : { "ANNO":"2010","ID_SEZIONE":"22384","ISTAT_COMUNE_SEZ":"1156","COMUNE_SEZ":"MONCALIERI","PROVINCIA":"TO","ID_CENTRALE":"1501","NOME_CENTRALE":"TORINO TESTONA","ISTAT_COMUNE_CENTR":"1156","COMUNE_CENTR":"MONCALIERI","PROVINCIA_CENTR":"TO","INDIRIZZO_CENTRALE":"STR LORETO 6","LATITUDINE_SEZIONE":"45.01945","LONGITUDINE_SEZIONE":"7.70584","POS_X_SEZIONE":"398035.05543","POS_Y_SEZIONE":"4985925.53374","LATITUDINE_CENTRALE":"44.99531","LONGITUDINE_CENTRALE":"7.71612","POS_X_CENTRALE":"398802.14900","POS_Y_CENTRALE":"4983231.28159","TIPO_ADSL":"ADSL_2P","DESCRIZIONE_TIPO_ADSL":"ADSL 2+ (24 mega)","DISTANZA_CALCOLATA":"2801.33","CLASSE_DISTANZA":"2500-2899","POTENZA_SEGNALE":"7380.83","POPOLAZIONE_SEZIONE": "8"}
			},
		 		{ "type" : "Feature",
				"geometry" : {
					"type" : "Point",
					"coordinates" : [7.72080,44.99333]},
			"properties" : { "ANNO":"2010","ID_SEZIONE":"22885","ISTAT_COMUNE_SEZ":"1156","COMUNE_SEZ":"MONCALIERI","PROVINCIA":"TO","ID_CENTRALE":"1501","NOME_CENTRALE":"TORINO TESTONA","ISTAT_COMUNE_CENTR":"1156","COMUNE_CENTR":"MONCALIERI","PROVINCIA_CENTR":"TO","INDIRIZZO_CENTRALE":"STR LORETO 6","LATITUDINE_SEZIONE":"44.99333","LONGITUDINE_SEZIONE":"7.72080","POS_X_SEZIONE":"399167.58663","POS_Y_SEZIONE":"4983004.99972","LATITUDINE_CENTRALE":"44.99531","LONGITUDINE_CENTRALE":"7.71612","POS_X_CENTRALE":"398802.14900","POS_Y_CENTRALE":"4983231.28159","TIPO_ADSL":"ADSL_2P","DESCRIZIONE_TIPO_ADSL":"ADSL 2+ (24 mega)","DISTANZA_CALCOLATA":"429.82","CLASSE_DISTANZA":"100-499","POTENZA_SEGNALE":"19761.67","POPOLAZIONE_SEZIONE": "179"}
			},
		 		{ "type" : "Feature",
				"geometry" : {
					"type" : "Point",
					"coordinates" : [7.72961,44.98824]},
			"properties" : { "ANNO":"2010","ID_SEZIONE":"23496","ISTAT_COMUNE_SEZ":"1156","COMUNE_SEZ":"MONCALIERI","PROVINCIA":"TO","ID_CENTRALE":"1501","NOME_CENTRALE":"TORINO TESTONA","ISTAT_COMUNE_CENTR":"1156","COMUNE_CENTR":"MONCALIERI","PROVINCIA_CENTR":"TO","INDIRIZZO_CENTRALE":"STR LORETO 6","LATITUDINE_SEZIONE":"44.98824","LONGITUDINE_SEZIONE":"7.72961","POS_X_SEZIONE":"399852.92270","POS_Y_SEZIONE":"4982428.49898","LATITUDINE_CENTRALE":"44.99531","LONGITUDINE_CENTRALE":"7.71612","POS_X_CENTRALE":"398802.14900","POS_Y_CENTRALE":"4983231.28159","TIPO_ADSL":"ADSL_2P","DESCRIZIONE_TIPO_ADSL":"ADSL 2+ (24 mega)","DISTANZA_CALCOLATA":"1322.34","CLASSE_DISTANZA":"1300-1699","POTENZA_SEGNALE":"16071.67","POPOLAZIONE_SEZIONE": "26"}
			},
		 		{ "type" : "Feature",
				"geometry" : {
					"type" : "Point",
					"coordinates" : [7.71481,45.02451]},
			"properties" : { "ANNO":"2010","ID_SEZIONE":"23673","ISTAT_COMUNE_SEZ":"1156","COMUNE_SEZ":"MONCALIERI","PROVINCIA":"TO","ID_CENTRALE":"1501","NOME_CENTRALE":"TORINO TESTONA","ISTAT_COMUNE_CENTR":"1156","COMUNE_CENTR":"MONCALIERI","PROVINCIA_CENTR":"TO","INDIRIZZO_CENTRALE":"STR LORETO 6","LATITUDINE_SEZIONE":"45.02451","LONGITUDINE_SEZIONE":"7.71481","POS_X_SEZIONE":"398750.39982","POS_Y_SEZIONE":"4986476.55223","LATITUDINE_CENTRALE":"44.99531","LONGITUDINE_CENTRALE":"7.71612","POS_X_CENTRALE":"398802.14900","POS_Y_CENTRALE":"4983231.28159","TIPO_ADSL":"ADSL_2P","DESCRIZIONE_TIPO_ADSL":"ADSL 2+ (24 mega)","DISTANZA_CALCOLATA":"3245.68","CLASSE_DISTANZA":"2900-3299","POTENZA_SEGNALE":"5238.33","POPOLAZIONE_SEZIONE": "65"}
			},
		 		{ "type" : "Feature",
				"geometry" : {
					"type" : "Point",
					"coordinates" : [7.71643,44.99380]},
			"properties" : { "ANNO":"2010","ID_SEZIONE":"23879","ISTAT_COMUNE_SEZ":"1156","COMUNE_SEZ":"MONCALIERI","PROVINCIA":"TO","ID_CENTRALE":"1501","NOME_CENTRALE":"TORINO TESTONA","ISTAT_COMUNE_CENTR":"1156","COMUNE_CENTR":"MONCALIERI","PROVINCIA_CENTR":"TO","INDIRIZZO_CENTRALE":"STR LORETO 6","LATITUDINE_SEZIONE":"44.99380","LONGITUDINE_SEZIONE":"7.71643","POS_X_SEZIONE":"398824.24455","POS_Y_SEZIONE":"4983063.49572","LATITUDINE_CENTRALE":"44.99531","LONGITUDINE_CENTRALE":"7.71612","POS_X_CENTRALE":"398802.14900","POS_Y_CENTRALE":"4983231.28159","TIPO_ADSL":"ADSL_2P","DESCRIZIONE_TIPO_ADSL":"ADSL 2+ (24 mega)","DISTANZA_CALCOLATA":"169.23","CLASSE_DISTANZA":"100-499","POTENZA_SEGNALE":"19761.67","POPOLAZIONE_SEZIONE": "745"}
			},
		 		{ "type" : "Feature",
				"geometry" : {
					"type" : "Point",
					"coordinates" : [7.72192,44.99609]},
			"properties" : { "ANNO":"2010","ID_SEZIONE":"24131","ISTAT_COMUNE_SEZ":"1156","COMUNE_SEZ":"MONCALIERI","PROVINCIA":"TO","ID_CENTRALE":"1501","NOME_CENTRALE":"TORINO TESTONA","ISTAT_COMUNE_CENTR":"1156","COMUNE_CENTR":"MONCALIERI","PROVINCIA_CENTR":"TO","INDIRIZZO_CENTRALE":"STR LORETO 6","LATITUDINE_SEZIONE":"44.99609","LONGITUDINE_SEZIONE":"7.72192","POS_X_SEZIONE":"399260.96212","POS_Y_SEZIONE":"4983311.00624","LATITUDINE_CENTRALE":"44.99531","LONGITUDINE_CENTRALE":"7.71612","POS_X_CENTRALE":"398802.14900","POS_Y_CENTRALE":"4983231.28159","TIPO_ADSL":"ADSL_2P","DESCRIZIONE_TIPO_ADSL":"ADSL 2+ (24 mega)","DISTANZA_CALCOLATA":"465.69","CLASSE_DISTANZA":"100-499","POTENZA_SEGNALE":"19761.67","POPOLAZIONE_SEZIONE": "102"}
			},
		 		{ "type" : "Feature",
				"geometry" : {
					"type" : "Point",
					"coordinates" : [7.71879,44.96688]},
			"properties" : { "ANNO":"2010","ID_SEZIONE":"24496","ISTAT_COMUNE_SEZ":"1156","COMUNE_SEZ":"MONCALIERI","PROVINCIA":"TO","ID_CENTRALE":"1501","NOME_CENTRALE":"TORINO TESTONA","ISTAT_COMUNE_CENTR":"1156","COMUNE_CENTR":"MONCALIERI","PROVINCIA_CENTR":"TO","INDIRIZZO_CENTRALE":"STR LORETO 6","LATITUDINE_SEZIONE":"44.96688","LONGITUDINE_SEZIONE":"7.71879","POS_X_SEZIONE":"398962.66682","POS_Y_SEZIONE":"4980069.44208","LATITUDINE_CENTRALE":"44.99531","LONGITUDINE_CENTRALE":"7.71612","POS_X_CENTRALE":"398802.14900","POS_Y_CENTRALE":"4983231.28159","TIPO_ADSL":"ADSL_2P","DESCRIZIONE_TIPO_ADSL":"ADSL 2+ (24 mega)","DISTANZA_CALCOLATA":"3165.91","CLASSE_DISTANZA":"2900-3299","POTENZA_SEGNALE":"5238.33","POPOLAZIONE_SEZIONE": ""}
			},
		 		{ "type" : "Feature",
				"geometry" : {
					"type" : "Point",
					"coordinates" : [7.70708,44.99736]},
			"properties" : { "ANNO":"2010","ID_SEZIONE":"25639","ISTAT_COMUNE_SEZ":"1156","COMUNE_SEZ":"MONCALIERI","PROVINCIA":"TO","ID_CENTRALE":"1501","NOME_CENTRALE":"TORINO TESTONA","ISTAT_COMUNE_CENTR":"1156","COMUNE_CENTR":"MONCALIERI","PROVINCIA_CENTR":"TO","INDIRIZZO_CENTRALE":"STR LORETO 6","LATITUDINE_SEZIONE":"44.99736","LONGITUDINE_SEZIONE":"7.70708","POS_X_SEZIONE":"398093.12596","POS_Y_SEZIONE":"4983469.99248","LATITUDINE_CENTRALE":"44.99531","LONGITUDINE_CENTRALE":"7.71612","POS_X_CENTRALE":"398802.14900","POS_Y_CENTRALE":"4983231.28159","TIPO_ADSL":"ADSL_2P","DESCRIZIONE_TIPO_ADSL":"ADSL 2+ (24 mega)","DISTANZA_CALCOLATA":"748.13","CLASSE_DISTANZA":"500-899","POTENZA_SEGNALE":"19523.33","POPOLAZIONE_SEZIONE": "655"}
			},
		 		{ "type" : "Feature",
				"geometry" : {
					"type" : "Point",
					"coordinates" : [7.72113,44.99063]},
			"properties" : { "ANNO":"2010","ID_SEZIONE":"26247","ISTAT_COMUNE_SEZ":"1156","COMUNE_SEZ":"MONCALIERI","PROVINCIA":"TO","ID_CENTRALE":"1501","NOME_CENTRALE":"TORINO TESTONA","ISTAT_COMUNE_CENTR":"1156","COMUNE_CENTR":"MONCALIERI","PROVINCIA_CENTR":"TO","INDIRIZZO_CENTRALE":"STR LORETO 6","LATITUDINE_SEZIONE":"44.99063","LONGITUDINE_SEZIONE":"7.72113","POS_X_SEZIONE":"399189.17767","POS_Y_SEZIONE":"4982704.99434","LATITUDINE_CENTRALE":"44.99531","LONGITUDINE_CENTRALE":"7.71612","POS_X_CENTRALE":"398802.14900","POS_Y_CENTRALE":"4983231.28159","TIPO_ADSL":"ADSL_2P","DESCRIZIONE_TIPO_ADSL":"ADSL 2+ (24 mega)","DISTANZA_CALCOLATA":"653.28","CLASSE_DISTANZA":"500-899","POTENZA_SEGNALE":"19523.33","POPOLAZIONE_SEZIONE": "311"}
			},
		 		{ "type" : "Feature",
				"geometry" : {
					"type" : "Point",
					"coordinates" : [7.72444,44.99467]},
			"properties" : { "ANNO":"2010","ID_SEZIONE":"26651","ISTAT_COMUNE_SEZ":"1156","COMUNE_SEZ":"MONCALIERI","PROVINCIA":"TO","ID_CENTRALE":"1501","NOME_CENTRALE":"TORINO TESTONA","ISTAT_COMUNE_CENTR":"1156","COMUNE_CENTR":"MONCALIERI","PROVINCIA_CENTR":"TO","INDIRIZZO_CENTRALE":"STR LORETO 6","LATITUDINE_SEZIONE":"44.99467","LONGITUDINE_SEZIONE":"7.72444","POS_X_SEZIONE":"399456.99156","POS_Y_SEZIONE":"4983150.00631","LATITUDINE_CENTRALE":"44.99531","LONGITUDINE_CENTRALE":"7.71612","POS_X_CENTRALE":"398802.14900","POS_Y_CENTRALE":"4983231.28159","TIPO_ADSL":"ADSL_2P","DESCRIZIONE_TIPO_ADSL":"ADSL 2+ (24 mega)","DISTANZA_CALCOLATA":"659.87","CLASSE_DISTANZA":"500-899","POTENZA_SEGNALE":"19523.33","POPOLAZIONE_SEZIONE": "314"}
			},
		 		{ "type" : "Feature",
				"geometry" : {
					"type" : "Point",
					"coordinates" : [7.70157,44.99394]},
			"properties" : { "ANNO":"2010","ID_SEZIONE":"27508","ISTAT_COMUNE_SEZ":"1156","COMUNE_SEZ":"MONCALIERI","PROVINCIA":"TO","ID_CENTRALE":"1501","NOME_CENTRALE":"TORINO TESTONA","ISTAT_COMUNE_CENTR":"1156","COMUNE_CENTR":"MONCALIERI","PROVINCIA_CENTR":"TO","INDIRIZZO_CENTRALE":"STR LORETO 6","LATITUDINE_SEZIONE":"44.99394","LONGITUDINE_SEZIONE":"7.70157","POS_X_SEZIONE":"397653.06401","POS_Y_SEZIONE":"4983097.47920","LATITUDINE_CENTRALE":"44.99531","LONGITUDINE_CENTRALE":"7.71612","POS_X_CENTRALE":"398802.14900","POS_Y_CENTRALE":"4983231.28159","TIPO_ADSL":"ADSL_2P","DESCRIZIONE_TIPO_ADSL":"ADSL 2+ (24 mega)","DISTANZA_CALCOLATA":"1156.85","CLASSE_DISTANZA":"900-1299","POTENZA_SEGNALE":"17737.5","POPOLAZIONE_SEZIONE": "722"}
			},
		 		{ "type" : "Feature",
				"geometry" : {
					"type" : "Point",
					"coordinates" : [7.72288,44.97356]},
			"properties" : { "ANNO":"2010","ID_SEZIONE":"28347","ISTAT_COMUNE_SEZ":"1156","COMUNE_SEZ":"MONCALIERI","PROVINCIA":"TO","ID_CENTRALE":"1501","NOME_CENTRALE":"TORINO TESTONA","ISTAT_COMUNE_CENTR":"1156","COMUNE_CENTR":"MONCALIERI","PROVINCIA_CENTR":"TO","INDIRIZZO_CENTRALE":"STR LORETO 6","LATITUDINE_SEZIONE":"44.97356","LONGITUDINE_SEZIONE":"7.72288","POS_X_SEZIONE":"399297.26241","POS_Y_SEZIONE":"4980806.46096","LATITUDINE_CENTRALE":"44.99531","LONGITUDINE_CENTRALE":"7.71612","POS_X_CENTRALE":"398802.14900","POS_Y_CENTRALE":"4983231.28159","TIPO_ADSL":"ADSL_2P","DESCRIZIONE_TIPO_ADSL":"ADSL 2+ (24 mega)","DISTANZA_CALCOLATA":"2474.85","CLASSE_DISTANZA":"2100-2499","POTENZA_SEGNALE":"10000","POPOLAZIONE_SEZIONE": "15"}
			},
		 		{ "type" : "Feature",
				"geometry" : {
					"type" : "Point",
					"coordinates" : [7.72326,44.99357]},
			"properties" : { "ANNO":"2010","ID_SEZIONE":"29222","ISTAT_COMUNE_SEZ":"1156","COMUNE_SEZ":"MONCALIERI","PROVINCIA":"TO","ID_CENTRALE":"1501","NOME_CENTRALE":"TORINO TESTONA","ISTAT_COMUNE_CENTR":"1156","COMUNE_CENTR":"MONCALIERI","PROVINCIA_CENTR":"TO","INDIRIZZO_CENTRALE":"STR LORETO 6","LATITUDINE_SEZIONE":"44.99357","LONGITUDINE_SEZIONE":"7.72326","POS_X_SEZIONE":"399361.74113","POS_Y_SEZIONE":"4983029.00279","LATITUDINE_CENTRALE":"44.99531","LONGITUDINE_CENTRALE":"7.71612","POS_X_CENTRALE":"398802.14900","POS_Y_CENTRALE":"4983231.28159","TIPO_ADSL":"ADSL_2P","DESCRIZIONE_TIPO_ADSL":"ADSL 2+ (24 mega)","DISTANZA_CALCOLATA":"595.03","CLASSE_DISTANZA":"500-899","POTENZA_SEGNALE":"19523.33","POPOLAZIONE_SEZIONE": "657"}
			},
		 		{ "type" : "Feature",
				"geometry" : {
					"type" : "Point",
					"coordinates" : [7.72479,44.98999]},
			"properties" : { "ANNO":"2010","ID_SEZIONE":"29592","ISTAT_COMUNE_SEZ":"1156","COMUNE_SEZ":"MONCALIERI","PROVINCIA":"TO","ID_CENTRALE":"1501","NOME_CENTRALE":"TORINO TESTONA","ISTAT_COMUNE_CENTR":"1156","COMUNE_CENTR":"MONCALIERI","PROVINCIA_CENTR":"TO","INDIRIZZO_CENTRALE":"STR LORETO 6","LATITUDINE_SEZIONE":"44.98999","LONGITUDINE_SEZIONE":"7.72479","POS_X_SEZIONE":"399476.61396","POS_Y_SEZIONE":"4982629.49687","LATITUDINE_CENTRALE":"44.99531","LONGITUDINE_CENTRALE":"7.71612","POS_X_CENTRALE":"398802.14900","POS_Y_CENTRALE":"4983231.28159","TIPO_ADSL":"ADSL_2P","DESCRIZIONE_TIPO_ADSL":"ADSL 2+ (24 mega)","DISTANZA_CALCOLATA":"903.91","CLASSE_DISTANZA":"900-1299","POTENZA_SEGNALE":"17737.5","POPOLAZIONE_SEZIONE": "31"}
			},
		 		{ "type" : "Feature",
				"geometry" : {
					"type" : "Point",
					"coordinates" : [7.72891,44.98537]},
			"properties" : { "ANNO":"2010","ID_SEZIONE":"29814","ISTAT_COMUNE_SEZ":"1156","COMUNE_SEZ":"MONCALIERI","PROVINCIA":"TO","ID_CENTRALE":"1501","NOME_CENTRALE":"TORINO TESTONA","ISTAT_COMUNE_CENTR":"1156","COMUNE_CENTR":"MONCALIERI","PROVINCIA_CENTR":"TO","INDIRIZZO_CENTRALE":"STR LORETO 6","LATITUDINE_SEZIONE":"44.98537","LONGITUDINE_SEZIONE":"7.72891","POS_X_SEZIONE":"399793.04635","POS_Y_SEZIONE":"4982110.49220","LATITUDINE_CENTRALE":"44.99531","LONGITUDINE_CENTRALE":"7.71612","POS_X_CENTRALE":"398802.14900","POS_Y_CENTRALE":"4983231.28159","TIPO_ADSL":"ADSL_2P","DESCRIZIONE_TIPO_ADSL":"ADSL 2+ (24 mega)","DISTANZA_CALCOLATA":"1496.01","CLASSE_DISTANZA":"1300-1699","POTENZA_SEGNALE":"16071.67","POPOLAZIONE_SEZIONE": "5"}
			},
		 		{ "type" : "Feature",
				"geometry" : {
					"type" : "Point",
					"coordinates" : [7.71514,44.99139]},
			"properties" : { "ANNO":"2010","ID_SEZIONE":"29858","ISTAT_COMUNE_SEZ":"1156","COMUNE_SEZ":"MONCALIERI","PROVINCIA":"TO","ID_CENTRALE":"1501","NOME_CENTRALE":"TORINO TESTONA","ISTAT_COMUNE_CENTR":"1156","COMUNE_CENTR":"MONCALIERI","PROVINCIA_CENTR":"TO","INDIRIZZO_CENTRALE":"STR LORETO 6","LATITUDINE_SEZIONE":"44.99139","LONGITUDINE_SEZIONE":"7.71514","POS_X_SEZIONE":"398717.90010","POS_Y_SEZIONE":"4982796.48925","LATITUDINE_CENTRALE":"44.99531","LONGITUDINE_CENTRALE":"7.71612","POS_X_CENTRALE":"398802.14900","POS_Y_CENTRALE":"4983231.28159","TIPO_ADSL":"ADSL_2P","DESCRIZIONE_TIPO_ADSL":"ADSL 2+ (24 mega)","DISTANZA_CALCOLATA":"442.88","CLASSE_DISTANZA":"100-499","POTENZA_SEGNALE":"19761.67","POPOLAZIONE_SEZIONE": "929"}
			},
		 		{ "type" : "Feature",
				"geometry" : {
					"type" : "Point",
					"coordinates" : [7.70618,44.99093]},
			"properties" : { "ANNO":"2010","ID_SEZIONE":"30183","ISTAT_COMUNE_SEZ":"1156","COMUNE_SEZ":"MONCALIERI","PROVINCIA":"TO","ID_CENTRALE":"1501","NOME_CENTRALE":"TORINO TESTONA","ISTAT_COMUNE_CENTR":"1156","COMUNE_CENTR":"MONCALIERI","PROVINCIA_CENTR":"TO","INDIRIZZO_CENTRALE":"STR LORETO 6","LATITUDINE_SEZIONE":"44.99093","LONGITUDINE_SEZIONE":"7.70618","POS_X_SEZIONE":"398010.71700","POS_Y_SEZIONE":"4982757.47792","LATITUDINE_CENTRALE":"44.99531","LONGITUDINE_CENTRALE":"7.71612","POS_X_CENTRALE":"398802.14900","POS_Y_CENTRALE":"4983231.28159","TIPO_ADSL":"ADSL_2P","DESCRIZIONE_TIPO_ADSL":"ADSL 2+ (24 mega)","DISTANZA_CALCOLATA":"922.42","CLASSE_DISTANZA":"900-1299","POTENZA_SEGNALE":"17737.5","POPOLAZIONE_SEZIONE": "70"}
			},
		 		{ "type" : "Feature",
				"geometry" : {
					"type" : "Point",
					"coordinates" : [7.70531,44.99430]},
			"properties" : { "ANNO":"2010","ID_SEZIONE":"30782","ISTAT_COMUNE_SEZ":"1156","COMUNE_SEZ":"MONCALIERI","PROVINCIA":"TO","ID_CENTRALE":"1501","NOME_CENTRALE":"TORINO TESTONA","ISTAT_COMUNE_CENTR":"1156","COMUNE_CENTR":"MONCALIERI","PROVINCIA_CENTR":"TO","INDIRIZZO_CENTRALE":"STR LORETO 6","LATITUDINE_SEZIONE":"44.99430","LONGITUDINE_SEZIONE":"7.70531","POS_X_SEZIONE":"397948.40609","POS_Y_SEZIONE":"4983132.98436","LATITUDINE_CENTRALE":"44.99531","LONGITUDINE_CENTRALE":"7.71612","POS_X_CENTRALE":"398802.14900","POS_Y_CENTRALE":"4983231.28159","TIPO_ADSL":"ADSL_2P","DESCRIZIONE_TIPO_ADSL":"ADSL 2+ (24 mega)","DISTANZA_CALCOLATA":"859.38","CLASSE_DISTANZA":"500-899","POTENZA_SEGNALE":"19523.33","POPOLAZIONE_SEZIONE": "244"}
			},
		 		{ "type" : "Feature",
				"geometry" : {
					"type" : "Point",
					"coordinates" : [7.73643,44.98728]},
			"properties" : { "ANNO":"2010","ID_SEZIONE":"31037","ISTAT_COMUNE_SEZ":"1280","COMUNE_SEZ":"TROFARELLO","PROVINCIA":"TO","ID_CENTRALE":"1501","NOME_CENTRALE":"TORINO TESTONA","ISTAT_COMUNE_CENTR":"1156","COMUNE_CENTR":"MONCALIERI","PROVINCIA_CENTR":"TO","INDIRIZZO_CENTRALE":"STR LORETO 6","LATITUDINE_SEZIONE":"44.98728","LONGITUDINE_SEZIONE":"7.73643","POS_X_SEZIONE":"400389.57601","POS_Y_SEZIONE":"4982313.50429","LATITUDINE_CENTRALE":"44.99531","LONGITUDINE_CENTRALE":"7.71612","POS_X_CENTRALE":"398802.14900","POS_Y_CENTRALE":"4983231.28159","TIPO_ADSL":"ADSL_2P","DESCRIZIONE_TIPO_ADSL":"ADSL 2+ (24 mega)","DISTANZA_CALCOLATA":"1833.64","CLASSE_DISTANZA":"1700-2099","POTENZA_SEGNALE":"12975.83","POPOLAZIONE_SEZIONE": "732"}
			},
		 		{ "type" : "Feature",
				"geometry" : {
					"type" : "Point",
					"coordinates" : [7.72848,45.00631]},
			"properties" : { "ANNO":"2010","ID_SEZIONE":"31666","ISTAT_COMUNE_SEZ":"1156","COMUNE_SEZ":"MONCALIERI","PROVINCIA":"TO","ID_CENTRALE":"1501","NOME_CENTRALE":"TORINO TESTONA","ISTAT_COMUNE_CENTR":"1156","COMUNE_CENTR":"MONCALIERI","PROVINCIA_CENTR":"TO","INDIRIZZO_CENTRALE":"STR LORETO 6","LATITUDINE_SEZIONE":"45.00631","LONGITUDINE_SEZIONE":"7.72848","POS_X_SEZIONE":"399795.62324","POS_Y_SEZIONE":"4984437.53322","LATITUDINE_CENTRALE":"44.99531","LONGITUDINE_CENTRALE":"7.71612","POS_X_CENTRALE":"398802.14900","POS_Y_CENTRALE":"4983231.28159","TIPO_ADSL":"ADSL_2P","DESCRIZIONE_TIPO_ADSL":"ADSL 2+ (24 mega)","DISTANZA_CALCOLATA":"1562.7","CLASSE_DISTANZA":"1300-1699","POTENZA_SEGNALE":"16071.67","POPOLAZIONE_SEZIONE": "54"}
			},
		 		{ "type" : "Feature",
				"geometry" : {
					"type" : "Point",
					"coordinates" : [7.71977,44.98970]},
			"properties" : { "ANNO":"2010","ID_SEZIONE":"31941","ISTAT_COMUNE_SEZ":"1156","COMUNE_SEZ":"MONCALIERI","PROVINCIA":"TO","ID_CENTRALE":"1501","NOME_CENTRALE":"TORINO TESTONA","ISTAT_COMUNE_CENTR":"1156","COMUNE_CENTR":"MONCALIERI","PROVINCIA_CENTR":"TO","INDIRIZZO_CENTRALE":"STR LORETO 6","LATITUDINE_SEZIONE":"44.98970","LONGITUDINE_SEZIONE":"7.71977","POS_X_SEZIONE":"399080.17799","POS_Y_SEZIONE":"4982602.99063","LATITUDINE_CENTRALE":"44.99531","LONGITUDINE_CENTRALE":"7.71612","POS_X_CENTRALE":"398802.14900","POS_Y_CENTRALE":"4983231.28159","TIPO_ADSL":"ADSL_2P","DESCRIZIONE_TIPO_ADSL":"ADSL 2+ (24 mega)","DISTANZA_CALCOLATA":"687.06","CLASSE_DISTANZA":"500-899","POTENZA_SEGNALE":"19523.33","POPOLAZIONE_SEZIONE": "72"}
			},
		 		{ "type" : "Feature",
				"geometry" : {
					"type" : "Point",
					"coordinates" : [7.64587,45.02391]},
			"properties" : { "ANNO":"2010","ID_SEZIONE":"32269","ISTAT_COMUNE_SEZ":"1272","COMUNE_SEZ":"TORINO","PROVINCIA":"TO","ID_CENTRALE":"1501","NOME_CENTRALE":"TORINO TESTONA","ISTAT_COMUNE_CENTR":"1156","COMUNE_CENTR":"MONCALIERI","PROVINCIA_CENTR":"TO","INDIRIZZO_CENTRALE":"STR LORETO 6","LATITUDINE_SEZIONE":"45.02391","LONGITUDINE_SEZIONE":"7.64587","POS_X_SEZIONE":"393318.31738","POS_Y_SEZIONE":"4986498.04190","LATITUDINE_CENTRALE":"44.99531","LONGITUDINE_CENTRALE":"7.71612","POS_X_CENTRALE":"398802.14900","POS_Y_CENTRALE":"4983231.28159","TIPO_ADSL":"ADSL_2P","DESCRIZIONE_TIPO_ADSL":"ADSL 2+ (24 mega)","DISTANZA_CALCOLATA":"6383.11","CLASSE_DISTANZA":"6100 e oltre","POTENZA_SEGNALE":"0.00","POPOLAZIONE_SEZIONE": "513"}
			}
		 		]
	}
		