 	{ "type" : "FeatureCollection",
		"features" : [
		 		{ "type" : "Feature",
				"geometry" : {
					"type" : "Point",
					"coordinates" : [7.47835,45.22416]},
			"properties" : { "ANNO":"2010","ID_SEZIONE":"2521","ISTAT_COMUNE_SEZ":"1286","COMUNE_SEZ":"VALLO TORINESE","PROVINCIA":"TO","ID_CENTRALE":"1581","NOME_CENTRALE":"VARISELLA 2","ISTAT_COMUNE_CENTR":"1289","COMUNE_CENTR":"VARISELLA","PROVINCIA_CENTR":"TO","INDIRIZZO_CENTRALE":"VIA VALLO->58","LATITUDINE_SEZIONE":"45.22416","LONGITUDINE_SEZIONE":"7.47835","POS_X_SEZIONE":"380539.51007","POS_Y_SEZIONE":"5008978.76179","LATITUDINE_CENTRALE":"45.21587","LONGITUDINE_CENTRALE":"7.49105","POS_X_CENTRALE":"381519.07904","POS_Y_CENTRALE":"5008038.42417","TIPO_ADSL":"ADSL_M","DESCRIZIONE_TIPO_ADSL":"ADSL Mini","DISTANZA_CALCOLATA":"1357.86","CLASSE_DISTANZA":"1300-1699","POTENZA_SEGNALE":"0.64","POPOLAZIONE_SEZIONE": "6"}
			},
		 		{ "type" : "Feature",
				"geometry" : {
					"type" : "Point",
					"coordinates" : [7.48946,45.20951]},
			"properties" : { "ANNO":"2010","ID_SEZIONE":"3536","ISTAT_COMUNE_SEZ":"1289","COMUNE_SEZ":"VARISELLA","PROVINCIA":"TO","ID_CENTRALE":"1581","NOME_CENTRALE":"VARISELLA 2","ISTAT_COMUNE_CENTR":"1289","COMUNE_CENTR":"VARISELLA","PROVINCIA_CENTR":"TO","INDIRIZZO_CENTRALE":"VIA VALLO->58","LATITUDINE_SEZIONE":"45.20951","LONGITUDINE_SEZIONE":"7.48946","POS_X_SEZIONE":"381381.05222","POS_Y_SEZIONE":"5007334.25670","LATITUDINE_CENTRALE":"45.21587","LONGITUDINE_CENTRALE":"7.49105","POS_X_CENTRALE":"381519.07904","POS_Y_CENTRALE":"5008038.42417","TIPO_ADSL":"ADSL_M","DESCRIZIONE_TIPO_ADSL":"ADSL Mini","DISTANZA_CALCOLATA":"717.57","CLASSE_DISTANZA":"500-899","POTENZA_SEGNALE":"0.64","POPOLAZIONE_SEZIONE": "274"}
			},
		 		{ "type" : "Feature",
				"geometry" : {
					"type" : "Point",
					"coordinates" : [7.48289,45.20813]},
			"properties" : { "ANNO":"2010","ID_SEZIONE":"4139","ISTAT_COMUNE_SEZ":"1289","COMUNE_SEZ":"VARISELLA","PROVINCIA":"TO","ID_CENTRALE":"1581","NOME_CENTRALE":"VARISELLA 2","ISTAT_COMUNE_CENTR":"1289","COMUNE_CENTR":"VARISELLA","PROVINCIA_CENTR":"TO","INDIRIZZO_CENTRALE":"VIA VALLO->58","LATITUDINE_SEZIONE":"45.20813","LONGITUDINE_SEZIONE":"7.48289","POS_X_SEZIONE":"380862.52114","POS_Y_SEZIONE":"5007191.25510","LATITUDINE_CENTRALE":"45.21587","LONGITUDINE_CENTRALE":"7.49105","POS_X_CENTRALE":"381519.07904","POS_Y_CENTRALE":"5008038.42417","TIPO_ADSL":"ADSL_M","DESCRIZIONE_TIPO_ADSL":"ADSL Mini","DISTANZA_CALCOLATA":"1071.8","CLASSE_DISTANZA":"900-1299","POTENZA_SEGNALE":"0.64","POPOLAZIONE_SEZIONE": "198"}
			},
		 		{ "type" : "Feature",
				"geometry" : {
					"type" : "Point",
					"coordinates" : [7.45508,45.18938]},
			"properties" : { "ANNO":"2010","ID_SEZIONE":"5576","ISTAT_COMUNE_SEZ":"1289","COMUNE_SEZ":"VARISELLA","PROVINCIA":"TO","ID_CENTRALE":"1581","NOME_CENTRALE":"VARISELLA 2","ISTAT_COMUNE_CENTR":"1289","COMUNE_CENTR":"VARISELLA","PROVINCIA_CENTR":"TO","INDIRIZZO_CENTRALE":"VIA VALLO->58","LATITUDINE_SEZIONE":"45.18938","LONGITUDINE_SEZIONE":"7.45508","POS_X_SEZIONE":"378638.31839","POS_Y_SEZIONE":"5005149.74163","LATITUDINE_CENTRALE":"45.21587","LONGITUDINE_CENTRALE":"7.49105","POS_X_CENTRALE":"381519.07904","POS_Y_CENTRALE":"5008038.42417","TIPO_ADSL":"ADSL_M","DESCRIZIONE_TIPO_ADSL":"ADSL Mini","DISTANZA_CALCOLATA":"4079.62","CLASSE_DISTANZA":"3700-4099","POTENZA_SEGNALE":"0.64","POPOLAZIONE_SEZIONE": "4"}
			},
		 		{ "type" : "Feature",
				"geometry" : {
					"type" : "Point",
					"coordinates" : [7.50114,45.21170]},
			"properties" : { "ANNO":"2010","ID_SEZIONE":"6616","ISTAT_COMUNE_SEZ":"1289","COMUNE_SEZ":"VARISELLA","PROVINCIA":"TO","ID_CENTRALE":"1581","NOME_CENTRALE":"VARISELLA 2","ISTAT_COMUNE_CENTR":"1289","COMUNE_CENTR":"VARISELLA","PROVINCIA_CENTR":"TO","INDIRIZZO_CENTRALE":"VIA VALLO->58","LATITUDINE_SEZIONE":"45.21170","LONGITUDINE_SEZIONE":"7.50114","POS_X_SEZIONE":"382302.92511","POS_Y_SEZIONE":"5007560.75936","LATITUDINE_CENTRALE":"45.21587","LONGITUDINE_CENTRALE":"7.49105","POS_X_CENTRALE":"381519.07904","POS_Y_CENTRALE":"5008038.42417","TIPO_ADSL":"ADSL_M","DESCRIZIONE_TIPO_ADSL":"ADSL Mini","DISTANZA_CALCOLATA":"917.92","CLASSE_DISTANZA":"900-1299","POTENZA_SEGNALE":"0.64","POPOLAZIONE_SEZIONE": "21"}
			},
		 		{ "type" : "Feature",
				"geometry" : {
					"type" : "Point",
					"coordinates" : [7.48591,45.20892]},
			"properties" : { "ANNO":"2010","ID_SEZIONE":"9110","ISTAT_COMUNE_SEZ":"1289","COMUNE_SEZ":"VARISELLA","PROVINCIA":"TO","ID_CENTRALE":"1581","NOME_CENTRALE":"VARISELLA 2","ISTAT_COMUNE_CENTR":"1289","COMUNE_CENTR":"VARISELLA","PROVINCIA_CENTR":"TO","INDIRIZZO_CENTRALE":"VIA VALLO->58","LATITUDINE_SEZIONE":"45.20892","LONGITUDINE_SEZIONE":"7.48591","POS_X_SEZIONE":"381101.02098","POS_Y_SEZIONE":"5007274.25593","LATITUDINE_CENTRALE":"45.21587","LONGITUDINE_CENTRALE":"7.49105","POS_X_CENTRALE":"381519.07904","POS_Y_CENTRALE":"5008038.42417","TIPO_ADSL":"ADSL_M","DESCRIZIONE_TIPO_ADSL":"ADSL Mini","DISTANZA_CALCOLATA":"871.05","CLASSE_DISTANZA":"500-899","POTENZA_SEGNALE":"0.64","POPOLAZIONE_SEZIONE": "129"}
			},
		 		{ "type" : "Feature",
				"geometry" : {
					"type" : "Point",
					"coordinates" : [7.51147,45.20739]},
			"properties" : { "ANNO":"2010","ID_SEZIONE":"9769","ISTAT_COMUNE_SEZ":"1289","COMUNE_SEZ":"VARISELLA","PROVINCIA":"TO","ID_CENTRALE":"1581","NOME_CENTRALE":"VARISELLA 2","ISTAT_COMUNE_CENTR":"1289","COMUNE_CENTR":"VARISELLA","PROVINCIA_CENTR":"TO","INDIRIZZO_CENTRALE":"VIA VALLO->58","LATITUDINE_SEZIONE":"45.20739","LONGITUDINE_SEZIONE":"7.51147","POS_X_SEZIONE":"383105.19891","POS_Y_SEZIONE":"5007067.25894","LATITUDINE_CENTRALE":"45.21587","LONGITUDINE_CENTRALE":"7.49105","POS_X_CENTRALE":"381519.07904","POS_Y_CENTRALE":"5008038.42417","TIPO_ADSL":"ADSL_M","DESCRIZIONE_TIPO_ADSL":"ADSL Mini","DISTANZA_CALCOLATA":"1859.82","CLASSE_DISTANZA":"1700-2099","POTENZA_SEGNALE":"0.64","POPOLAZIONE_SEZIONE": "31"}
			},
		 		{ "type" : "Feature",
				"geometry" : {
					"type" : "Point",
					"coordinates" : [7.49695,45.19425]},
			"properties" : { "ANNO":"2010","ID_SEZIONE":"14939","ISTAT_COMUNE_SEZ":"1289","COMUNE_SEZ":"VARISELLA","PROVINCIA":"TO","ID_CENTRALE":"1581","NOME_CENTRALE":"VARISELLA 2","ISTAT_COMUNE_CENTR":"1289","COMUNE_CENTR":"VARISELLA","PROVINCIA_CENTR":"TO","INDIRIZZO_CENTRALE":"VIA VALLO->58","LATITUDINE_SEZIONE":"45.19425","LONGITUDINE_SEZIONE":"7.49695","POS_X_SEZIONE":"381937.91058","POS_Y_SEZIONE":"5005628.75039","LATITUDINE_CENTRALE":"45.21587","LONGITUDINE_CENTRALE":"7.49105","POS_X_CENTRALE":"381519.07904","POS_Y_CENTRALE":"5008038.42417","TIPO_ADSL":"ADSL_M","DESCRIZIONE_TIPO_ADSL":"ADSL Mini","DISTANZA_CALCOLATA":"2445.8","CLASSE_DISTANZA":"2100-2499","POTENZA_SEGNALE":"0.64","POPOLAZIONE_SEZIONE": ""}
			},
		 		{ "type" : "Feature",
				"geometry" : {
					"type" : "Point",
					"coordinates" : [7.50218,45.21990]},
			"properties" : { "ANNO":"2010","ID_SEZIONE":"18231","ISTAT_COMUNE_SEZ":"1286","COMUNE_SEZ":"VALLO TORINESE","PROVINCIA":"TO","ID_CENTRALE":"1581","NOME_CENTRALE":"VARISELLA 2","ISTAT_COMUNE_CENTR":"1289","COMUNE_CENTR":"VARISELLA","PROVINCIA_CENTR":"TO","INDIRIZZO_CENTRALE":"VIA VALLO->58","LATITUDINE_SEZIONE":"45.21990","LONGITUDINE_SEZIONE":"7.50218","POS_X_SEZIONE":"382400.96287","POS_Y_SEZIONE":"5008469.76313","LATITUDINE_CENTRALE":"45.21587","LONGITUDINE_CENTRALE":"7.49105","POS_X_CENTRALE":"381519.07904","POS_Y_CENTRALE":"5008038.42417","TIPO_ADSL":"ADSL_M","DESCRIZIONE_TIPO_ADSL":"ADSL Mini","DISTANZA_CALCOLATA":"981.72","CLASSE_DISTANZA":"900-1299","POTENZA_SEGNALE":"0.64","POPOLAZIONE_SEZIONE": "23"}
			},
		 		{ "type" : "Feature",
				"geometry" : {
					"type" : "Point",
					"coordinates" : [7.49729,45.22193]},
			"properties" : { "ANNO":"2010","ID_SEZIONE":"18232","ISTAT_COMUNE_SEZ":"1286","COMUNE_SEZ":"VALLO TORINESE","PROVINCIA":"TO","ID_CENTRALE":"1581","NOME_CENTRALE":"VARISELLA 2","ISTAT_COMUNE_CENTR":"1289","COMUNE_CENTR":"VARISELLA","PROVINCIA_CENTR":"TO","INDIRIZZO_CENTRALE":"VIA VALLO->58","LATITUDINE_SEZIONE":"45.22193","LONGITUDINE_SEZIONE":"7.49729","POS_X_SEZIONE":"382021.24831","POS_Y_SEZIONE":"5008702.26336","LATITUDINE_CENTRALE":"45.21587","LONGITUDINE_CENTRALE":"7.49105","POS_X_CENTRALE":"381519.07904","POS_Y_CENTRALE":"5008038.42417","TIPO_ADSL":"ADSL_M","DESCRIZIONE_TIPO_ADSL":"ADSL Mini","DISTANZA_CALCOLATA":"832.38","CLASSE_DISTANZA":"500-899","POTENZA_SEGNALE":"0.64","POPOLAZIONE_SEZIONE": "48"}
			},
		 		{ "type" : "Feature",
				"geometry" : {
					"type" : "Point",
					"coordinates" : [7.47383,45.20035]},
			"properties" : { "ANNO":"2010","ID_SEZIONE":"23455","ISTAT_COMUNE_SEZ":"1289","COMUNE_SEZ":"VARISELLA","PROVINCIA":"TO","ID_CENTRALE":"1581","NOME_CENTRALE":"VARISELLA 2","ISTAT_COMUNE_CENTR":"1289","COMUNE_CENTR":"VARISELLA","PROVINCIA_CENTR":"TO","INDIRIZZO_CENTRALE":"VIA VALLO->58","LATITUDINE_SEZIONE":"45.20035","LONGITUDINE_SEZIONE":"7.47383","POS_X_SEZIONE":"380134.51551","POS_Y_SEZIONE":"5006339.74995","LATITUDINE_CENTRALE":"45.21587","LONGITUDINE_CENTRALE":"7.49105","POS_X_CENTRALE":"381519.07904","POS_Y_CENTRALE":"5008038.42417","TIPO_ADSL":"ADSL_M","DESCRIZIONE_TIPO_ADSL":"ADSL Mini","DISTANZA_CALCOLATA":"2191.46","CLASSE_DISTANZA":"2100-2499","POTENZA_SEGNALE":"0.64","POPOLAZIONE_SEZIONE": "7"}
			},
		 		{ "type" : "Feature",
				"geometry" : {
					"type" : "Point",
					"coordinates" : [7.46221,45.20828]},
			"properties" : { "ANNO":"2010","ID_SEZIONE":"23892","ISTAT_COMUNE_SEZ":"1289","COMUNE_SEZ":"VARISELLA","PROVINCIA":"TO","ID_CENTRALE":"1581","NOME_CENTRALE":"VARISELLA 2","ISTAT_COMUNE_CENTR":"1289","COMUNE_CENTR":"VARISELLA","PROVINCIA_CENTR":"TO","INDIRIZZO_CENTRALE":"VIA VALLO->58","LATITUDINE_SEZIONE":"45.20828","LONGITUDINE_SEZIONE":"7.46221","POS_X_SEZIONE":"379238.27845","POS_Y_SEZIONE":"5007238.25209","LATITUDINE_CENTRALE":"45.21587","LONGITUDINE_CENTRALE":"7.49105","POS_X_CENTRALE":"381519.07904","POS_Y_CENTRALE":"5008038.42417","TIPO_ADSL":"ADSL_M","DESCRIZIONE_TIPO_ADSL":"ADSL Mini","DISTANZA_CALCOLATA":"2417.09","CLASSE_DISTANZA":"2100-2499","POTENZA_SEGNALE":"0.64","POPOLAZIONE_SEZIONE": ""}
			},
		 		{ "type" : "Feature",
				"geometry" : {
					"type" : "Point",
					"coordinates" : [7.49588,45.22522]},
			"properties" : { "ANNO":"2010","ID_SEZIONE":"24724","ISTAT_COMUNE_SEZ":"1286","COMUNE_SEZ":"VALLO TORINESE","PROVINCIA":"TO","ID_CENTRALE":"1581","NOME_CENTRALE":"VARISELLA 2","ISTAT_COMUNE_CENTR":"1289","COMUNE_CENTR":"VARISELLA","PROVINCIA_CENTR":"TO","INDIRIZZO_CENTRALE":"VIA VALLO->58","LATITUDINE_SEZIONE":"45.22522","LONGITUDINE_SEZIONE":"7.49588","POS_X_SEZIONE":"381917.90777","POS_Y_SEZIONE":"5009070.76460","LATITUDINE_CENTRALE":"45.21587","LONGITUDINE_CENTRALE":"7.49105","POS_X_CENTRALE":"381519.07904","POS_Y_CENTRALE":"5008038.42417","TIPO_ADSL":"ADSL_M","DESCRIZIONE_TIPO_ADSL":"ADSL Mini","DISTANZA_CALCOLATA":"1106.7","CLASSE_DISTANZA":"900-1299","POTENZA_SEGNALE":"0.64","POPOLAZIONE_SEZIONE": "522"}
			},
		 		{ "type" : "Feature",
				"geometry" : {
					"type" : "Point",
					"coordinates" : [7.48331,45.19606]},
			"properties" : { "ANNO":"2010","ID_SEZIONE":"25222","ISTAT_COMUNE_SEZ":"1289","COMUNE_SEZ":"VARISELLA","PROVINCIA":"TO","ID_CENTRALE":"1581","NOME_CENTRALE":"VARISELLA 2","ISTAT_COMUNE_CENTR":"1289","COMUNE_CENTR":"VARISELLA","PROVINCIA_CENTR":"TO","INDIRIZZO_CENTRALE":"VIA VALLO->58","LATITUDINE_SEZIONE":"45.19606","LONGITUDINE_SEZIONE":"7.48331","POS_X_SEZIONE":"380870.13305","POS_Y_SEZIONE":"5005849.74905","LATITUDINE_CENTRALE":"45.21587","LONGITUDINE_CENTRALE":"7.49105","POS_X_CENTRALE":"381519.07904","POS_Y_CENTRALE":"5008038.42417","TIPO_ADSL":"ADSL_M","DESCRIZIONE_TIPO_ADSL":"ADSL Mini","DISTANZA_CALCOLATA":"2282.86","CLASSE_DISTANZA":"2100-2499","POTENZA_SEGNALE":"0.64","POPOLAZIONE_SEZIONE": "14"}
			},
		 		{ "type" : "Feature",
				"geometry" : {
					"type" : "Point",
					"coordinates" : [7.50073,45.21485]},
			"properties" : { "ANNO":"2010","ID_SEZIONE":"27688","ISTAT_COMUNE_SEZ":"1289","COMUNE_SEZ":"VARISELLA","PROVINCIA":"TO","ID_CENTRALE":"1581","NOME_CENTRALE":"VARISELLA 2","ISTAT_COMUNE_CENTR":"1289","COMUNE_CENTR":"VARISELLA","PROVINCIA_CENTR":"TO","INDIRIZZO_CENTRALE":"VIA VALLO->58","LATITUDINE_SEZIONE":"45.21485","LONGITUDINE_SEZIONE":"7.50073","POS_X_SEZIONE":"382276.92831","POS_Y_SEZIONE":"5007911.76044","LATITUDINE_CENTRALE":"45.21587","LONGITUDINE_CENTRALE":"7.49105","POS_X_CENTRALE":"381519.07904","POS_Y_CENTRALE":"5008038.42417","TIPO_ADSL":"ADSL_M","DESCRIZIONE_TIPO_ADSL":"ADSL Mini","DISTANZA_CALCOLATA":"768.36","CLASSE_DISTANZA":"500-899","POTENZA_SEGNALE":"0.64","POPOLAZIONE_SEZIONE": "12"}
			},
		 		{ "type" : "Feature",
				"geometry" : {
					"type" : "Point",
					"coordinates" : [7.49201,45.21947]},
			"properties" : { "ANNO":"2010","ID_SEZIONE":"29517","ISTAT_COMUNE_SEZ":"1286","COMUNE_SEZ":"VALLO TORINESE","PROVINCIA":"TO","ID_CENTRALE":"1581","NOME_CENTRALE":"VARISELLA 2","ISTAT_COMUNE_CENTR":"1289","COMUNE_CENTR":"VARISELLA","PROVINCIA_CENTR":"TO","INDIRIZZO_CENTRALE":"VIA VALLO->58","LATITUDINE_SEZIONE":"45.21947","LONGITUDINE_SEZIONE":"7.49201","POS_X_SEZIONE":"381602.18655","POS_Y_SEZIONE":"5008437.76160","LATITUDINE_CENTRALE":"45.21587","LONGITUDINE_CENTRALE":"7.49105","POS_X_CENTRALE":"381519.07904","POS_Y_CENTRALE":"5008038.42417","TIPO_ADSL":"ADSL_M","DESCRIZIONE_TIPO_ADSL":"ADSL Mini","DISTANZA_CALCOLATA":"407.89","CLASSE_DISTANZA":"100-499","POTENZA_SEGNALE":"0.64","POPOLAZIONE_SEZIONE": "135"}
			}
		 		]
	}
		