 	{ "type" : "FeatureCollection",
		"features" : [
		 		{ "type" : "Feature",
				"geometry" : {
					"type" : "Point",
					"coordinates" : [8.24399,46.05714]},
			"properties" : { "ANNO":"2010","ID_SEZIONE":"76","ISTAT_COMUNE_SEZ":"103075","COMUNE_SEZ":"VILLADOSSOLA","PROVINCIA":"VB","ID_CENTRALE":"1626","NOME_CENTRALE":"VILLADOSSOLA","ISTAT_COMUNE_CENTR":"103075","COMUNE_CENTR":"VILLADOSSOLA","PROVINCIA_CENTR":"VB","INDIRIZZO_CENTRALE":"FABBRI 47","LATITUDINE_SEZIONE":"46.05714","LONGITUDINE_SEZIONE":"8.24399","POS_X_SEZIONE":"441520.60862","POS_Y_SEZIONE":"5100673.97339","LATITUDINE_CENTRALE":"46.06483","LONGITUDINE_CENTRALE":"8.26281","POS_X_CENTRALE":"442984.04912","POS_Y_CENTRALE":"5101515.07747","TIPO_ADSL":"ADSL_2P","DESCRIZIONE_TIPO_ADSL":"ADSL 2+ (24 mega)","DISTANZA_CALCOLATA":"1687.93","CLASSE_DISTANZA":"1300-1699","POTENZA_SEGNALE":"16071.67","POPOLAZIONE_SEZIONE": ""}
			},
		 		{ "type" : "Feature",
				"geometry" : {
					"type" : "Point",
					"coordinates" : [8.26315,46.05268]},
			"properties" : { "ANNO":"2010","ID_SEZIONE":"77","ISTAT_COMUNE_SEZ":"103075","COMUNE_SEZ":"VILLADOSSOLA","PROVINCIA":"VB","ID_CENTRALE":"1626","NOME_CENTRALE":"VILLADOSSOLA","ISTAT_COMUNE_CENTR":"103075","COMUNE_CENTR":"VILLADOSSOLA","PROVINCIA_CENTR":"VB","INDIRIZZO_CENTRALE":"FABBRI 47","LATITUDINE_SEZIONE":"46.05268","LONGITUDINE_SEZIONE":"8.26315","POS_X_SEZIONE":"442998.32152","POS_Y_SEZIONE":"5100164.00347","LATITUDINE_CENTRALE":"46.06483","LONGITUDINE_CENTRALE":"8.26281","POS_X_CENTRALE":"442984.04912","POS_Y_CENTRALE":"5101515.07747","TIPO_ADSL":"ADSL_2P","DESCRIZIONE_TIPO_ADSL":"ADSL 2+ (24 mega)","DISTANZA_CALCOLATA":"1351.15","CLASSE_DISTANZA":"1300-1699","POTENZA_SEGNALE":"16071.67","POPOLAZIONE_SEZIONE": ""}
			},
		 		{ "type" : "Feature",
				"geometry" : {
					"type" : "Point",
					"coordinates" : [8.27218,46.05599]},
			"properties" : { "ANNO":"2010","ID_SEZIONE":"1152","ISTAT_COMUNE_SEZ":"103075","COMUNE_SEZ":"VILLADOSSOLA","PROVINCIA":"VB","ID_CENTRALE":"1626","NOME_CENTRALE":"VILLADOSSOLA","ISTAT_COMUNE_CENTR":"103075","COMUNE_CENTR":"VILLADOSSOLA","PROVINCIA_CENTR":"VB","INDIRIZZO_CENTRALE":"FABBRI 47","LATITUDINE_SEZIONE":"46.05599","LONGITUDINE_SEZIONE":"8.27218","POS_X_SEZIONE":"443699.72210","POS_Y_SEZIONE":"5100525.51387","LATITUDINE_CENTRALE":"46.06483","LONGITUDINE_CENTRALE":"8.26281","POS_X_CENTRALE":"442984.04912","POS_Y_CENTRALE":"5101515.07747","TIPO_ADSL":"ADSL_2P","DESCRIZIONE_TIPO_ADSL":"ADSL 2+ (24 mega)","DISTANZA_CALCOLATA":"1221.24","CLASSE_DISTANZA":"900-1299","POTENZA_SEGNALE":"17737.5","POPOLAZIONE_SEZIONE": ""}
			},
		 		{ "type" : "Feature",
				"geometry" : {
					"type" : "Point",
					"coordinates" : [8.24187,46.06542]},
			"properties" : { "ANNO":"2010","ID_SEZIONE":"2398","ISTAT_COMUNE_SEZ":"103075","COMUNE_SEZ":"VILLADOSSOLA","PROVINCIA":"VB","ID_CENTRALE":"1626","NOME_CENTRALE":"VILLADOSSOLA","ISTAT_COMUNE_CENTR":"103075","COMUNE_CENTR":"VILLADOSSOLA","PROVINCIA_CENTR":"VB","INDIRIZZO_CENTRALE":"FABBRI 47","LATITUDINE_SEZIONE":"46.06542","LONGITUDINE_SEZIONE":"8.24187","POS_X_SEZIONE":"441365.25912","POS_Y_SEZIONE":"5101595.96456","LATITUDINE_CENTRALE":"46.06483","LONGITUDINE_CENTRALE":"8.26281","POS_X_CENTRALE":"442984.04912","POS_Y_CENTRALE":"5101515.07747","TIPO_ADSL":"ADSL_2P","DESCRIZIONE_TIPO_ADSL":"ADSL 2+ (24 mega)","DISTANZA_CALCOLATA":"1620.81","CLASSE_DISTANZA":"1300-1699","POTENZA_SEGNALE":"16071.67","POPOLAZIONE_SEZIONE": "155"}
			},
		 		{ "type" : "Feature",
				"geometry" : {
					"type" : "Point",
					"coordinates" : [8.24672,46.07619]},
			"properties" : { "ANNO":"2010","ID_SEZIONE":"2842","ISTAT_COMUNE_SEZ":"103075","COMUNE_SEZ":"VILLADOSSOLA","PROVINCIA":"VB","ID_CENTRALE":"1626","NOME_CENTRALE":"VILLADOSSOLA","ISTAT_COMUNE_CENTR":"103075","COMUNE_CENTR":"VILLADOSSOLA","PROVINCIA_CENTR":"VB","INDIRIZZO_CENTRALE":"FABBRI 47","LATITUDINE_SEZIONE":"46.07619","LONGITUDINE_SEZIONE":"8.24672","POS_X_SEZIONE":"441752.06283","POS_Y_SEZIONE":"5102788.96399","LATITUDINE_CENTRALE":"46.06483","LONGITUDINE_CENTRALE":"8.26281","POS_X_CENTRALE":"442984.04912","POS_Y_CENTRALE":"5101515.07747","TIPO_ADSL":"ADSL_2P","DESCRIZIONE_TIPO_ADSL":"ADSL 2+ (24 mega)","DISTANZA_CALCOLATA":"1772.17","CLASSE_DISTANZA":"1700-2099","POTENZA_SEGNALE":"12975.83","POPOLAZIONE_SEZIONE": "2"}
			},
		 		{ "type" : "Feature",
				"geometry" : {
					"type" : "Point",
					"coordinates" : [8.28248,46.07493]},
			"properties" : { "ANNO":"2010","ID_SEZIONE":"4284","ISTAT_COMUNE_SEZ":"103075","COMUNE_SEZ":"VILLADOSSOLA","PROVINCIA":"VB","ID_CENTRALE":"1626","NOME_CENTRALE":"VILLADOSSOLA","ISTAT_COMUNE_CENTR":"103075","COMUNE_CENTR":"VILLADOSSOLA","PROVINCIA_CENTR":"VB","INDIRIZZO_CENTRALE":"FABBRI 47","LATITUDINE_SEZIONE":"46.07493","LONGITUDINE_SEZIONE":"8.28248","POS_X_SEZIONE":"444515.83423","POS_Y_SEZIONE":"5102622.51381","LATITUDINE_CENTRALE":"46.06483","LONGITUDINE_CENTRALE":"8.26281","POS_X_CENTRALE":"442984.04912","POS_Y_CENTRALE":"5101515.07747","TIPO_ADSL":"ADSL_2P","DESCRIZIONE_TIPO_ADSL":"ADSL 2+ (24 mega)","DISTANZA_CALCOLATA":"1890.18","CLASSE_DISTANZA":"1700-2099","POTENZA_SEGNALE":"12975.83","POPOLAZIONE_SEZIONE": ""}
			},
		 		{ "type" : "Feature",
				"geometry" : {
					"type" : "Point",
					"coordinates" : [8.26241,46.07554]},
			"properties" : { "ANNO":"2010","ID_SEZIONE":"5465","ISTAT_COMUNE_SEZ":"103075","COMUNE_SEZ":"VILLADOSSOLA","PROVINCIA":"VB","ID_CENTRALE":"1626","NOME_CENTRALE":"VILLADOSSOLA","ISTAT_COMUNE_CENTR":"103075","COMUNE_CENTR":"VILLADOSSOLA","PROVINCIA_CENTR":"VB","INDIRIZZO_CENTRALE":"FABBRI 47","LATITUDINE_SEZIONE":"46.07554","LONGITUDINE_SEZIONE":"8.26241","POS_X_SEZIONE":"442964.37080","POS_Y_SEZIONE":"5102704.98626","LATITUDINE_CENTRALE":"46.06483","LONGITUDINE_CENTRALE":"8.26281","POS_X_CENTRALE":"442984.04912","POS_Y_CENTRALE":"5101515.07747","TIPO_ADSL":"ADSL_2P","DESCRIZIONE_TIPO_ADSL":"ADSL 2+ (24 mega)","DISTANZA_CALCOLATA":"1190.07","CLASSE_DISTANZA":"900-1299","POTENZA_SEGNALE":"17737.5","POPOLAZIONE_SEZIONE": "68"}
			},
		 		{ "type" : "Feature",
				"geometry" : {
					"type" : "Point",
					"coordinates" : [8.26447,46.05367]},
			"properties" : { "ANNO":"2010","ID_SEZIONE":"8445","ISTAT_COMUNE_SEZ":"103075","COMUNE_SEZ":"VILLADOSSOLA","PROVINCIA":"VB","ID_CENTRALE":"1626","NOME_CENTRALE":"VILLADOSSOLA","ISTAT_COMUNE_CENTR":"103075","COMUNE_CENTR":"VILLADOSSOLA","PROVINCIA_CENTR":"VB","INDIRIZZO_CENTRALE":"FABBRI 47","LATITUDINE_SEZIONE":"46.05367","LONGITUDINE_SEZIONE":"8.26447","POS_X_SEZIONE":"443100.97650","POS_Y_SEZIONE":"5100274.00463","LATITUDINE_CENTRALE":"46.06483","LONGITUDINE_CENTRALE":"8.26281","POS_X_CENTRALE":"442984.04912","POS_Y_CENTRALE":"5101515.07747","TIPO_ADSL":"ADSL_2P","DESCRIZIONE_TIPO_ADSL":"ADSL 2+ (24 mega)","DISTANZA_CALCOLATA":"1246.57","CLASSE_DISTANZA":"900-1299","POTENZA_SEGNALE":"17737.5","POPOLAZIONE_SEZIONE": "100"}
			},
		 		{ "type" : "Feature",
				"geometry" : {
					"type" : "Point",
					"coordinates" : [8.27044,46.06636]},
			"properties" : { "ANNO":"2010","ID_SEZIONE":"8775","ISTAT_COMUNE_SEZ":"103075","COMUNE_SEZ":"VILLADOSSOLA","PROVINCIA":"VB","ID_CENTRALE":"1626","NOME_CENTRALE":"VILLADOSSOLA","ISTAT_COMUNE_CENTR":"103075","COMUNE_CENTR":"VILLADOSSOLA","PROVINCIA_CENTR":"VB","INDIRIZZO_CENTRALE":"FABBRI 47","LATITUDINE_SEZIONE":"46.06636","LONGITUDINE_SEZIONE":"8.27044","POS_X_SEZIONE":"443576.06130","POS_Y_SEZIONE":"5101679.50402","LATITUDINE_CENTRALE":"46.06483","LONGITUDINE_CENTRALE":"8.26281","POS_X_CENTRALE":"442984.04912","POS_Y_CENTRALE":"5101515.07747","TIPO_ADSL":"ADSL_2P","DESCRIZIONE_TIPO_ADSL":"ADSL 2+ (24 mega)","DISTANZA_CALCOLATA":"614.42","CLASSE_DISTANZA":"500-899","POTENZA_SEGNALE":"19523.33","POPOLAZIONE_SEZIONE": "273"}
			},
		 		{ "type" : "Feature",
				"geometry" : {
					"type" : "Point",
					"coordinates" : [8.26309,46.06317]},
			"properties" : { "ANNO":"2010","ID_SEZIONE":"9675","ISTAT_COMUNE_SEZ":"103075","COMUNE_SEZ":"VILLADOSSOLA","PROVINCIA":"VB","ID_CENTRALE":"1626","NOME_CENTRALE":"VILLADOSSOLA","ISTAT_COMUNE_CENTR":"103075","COMUNE_CENTR":"VILLADOSSOLA","PROVINCIA_CENTR":"VB","INDIRIZZO_CENTRALE":"FABBRI 47","LATITUDINE_SEZIONE":"46.06317","LONGITUDINE_SEZIONE":"8.26309","POS_X_SEZIONE":"443004.62783","POS_Y_SEZIONE":"5101330.49563","LATITUDINE_CENTRALE":"46.06483","LONGITUDINE_CENTRALE":"8.26281","POS_X_CENTRALE":"442984.04912","POS_Y_CENTRALE":"5101515.07747","TIPO_ADSL":"ADSL_2P","DESCRIZIONE_TIPO_ADSL":"ADSL 2+ (24 mega)","DISTANZA_CALCOLATA":"185.73","CLASSE_DISTANZA":"100-499","POTENZA_SEGNALE":"19761.67","POPOLAZIONE_SEZIONE": "10"}
			},
		 		{ "type" : "Feature",
				"geometry" : {
					"type" : "Point",
					"coordinates" : [8.25270,46.06628]},
			"properties" : { "ANNO":"2010","ID_SEZIONE":"10063","ISTAT_COMUNE_SEZ":"103075","COMUNE_SEZ":"VILLADOSSOLA","PROVINCIA":"VB","ID_CENTRALE":"1626","NOME_CENTRALE":"VILLADOSSOLA","ISTAT_COMUNE_CENTR":"103075","COMUNE_CENTR":"VILLADOSSOLA","PROVINCIA_CENTR":"VB","INDIRIZZO_CENTRALE":"FABBRI 47","LATITUDINE_SEZIONE":"46.06628","LONGITUDINE_SEZIONE":"8.25270","POS_X_SEZIONE":"442204.03595","POS_Y_SEZIONE":"5101683.47919","LATITUDINE_CENTRALE":"46.06483","LONGITUDINE_CENTRALE":"8.26281","POS_X_CENTRALE":"442984.04912","POS_Y_CENTRALE":"5101515.07747","TIPO_ADSL":"ADSL_2P","DESCRIZIONE_TIPO_ADSL":"ADSL 2+ (24 mega)","DISTANZA_CALCOLATA":"797.98","CLASSE_DISTANZA":"500-899","POTENZA_SEGNALE":"19523.33","POPOLAZIONE_SEZIONE": "95"}
			},
		 		{ "type" : "Feature",
				"geometry" : {
					"type" : "Point",
					"coordinates" : [8.26401,46.07253]},
			"properties" : { "ANNO":"2010","ID_SEZIONE":"11081","ISTAT_COMUNE_SEZ":"103075","COMUNE_SEZ":"VILLADOSSOLA","PROVINCIA":"VB","ID_CENTRALE":"1626","NOME_CENTRALE":"VILLADOSSOLA","ISTAT_COMUNE_CENTR":"103075","COMUNE_CENTR":"VILLADOSSOLA","PROVINCIA_CENTR":"VB","INDIRIZZO_CENTRALE":"FABBRI 47","LATITUDINE_SEZIONE":"46.07253","LONGITUDINE_SEZIONE":"8.26401","POS_X_SEZIONE":"443085.37227","POS_Y_SEZIONE":"5102369.49058","LATITUDINE_CENTRALE":"46.06483","LONGITUDINE_CENTRALE":"8.26281","POS_X_CENTRALE":"442984.04912","POS_Y_CENTRALE":"5101515.07747","TIPO_ADSL":"ADSL_2P","DESCRIZIONE_TIPO_ADSL":"ADSL 2+ (24 mega)","DISTANZA_CALCOLATA":"860.40","CLASSE_DISTANZA":"500-899","POTENZA_SEGNALE":"19523.33","POPOLAZIONE_SEZIONE": "123"}
			},
		 		{ "type" : "Feature",
				"geometry" : {
					"type" : "Point",
					"coordinates" : [8.26459,46.06767]},
			"properties" : { "ANNO":"2010","ID_SEZIONE":"11083","ISTAT_COMUNE_SEZ":"103075","COMUNE_SEZ":"VILLADOSSOLA","PROVINCIA":"VB","ID_CENTRALE":"1626","NOME_CENTRALE":"VILLADOSSOLA","ISTAT_COMUNE_CENTR":"103075","COMUNE_CENTR":"VILLADOSSOLA","PROVINCIA_CENTR":"VB","INDIRIZZO_CENTRALE":"FABBRI 47","LATITUDINE_SEZIONE":"46.06767","LONGITUDINE_SEZIONE":"8.26459","POS_X_SEZIONE":"443125.34360","POS_Y_SEZIONE":"5101829.49493","LATITUDINE_CENTRALE":"46.06483","LONGITUDINE_CENTRALE":"8.26281","POS_X_CENTRALE":"442984.04912","POS_Y_CENTRALE":"5101515.07747","TIPO_ADSL":"ADSL_2P","DESCRIZIONE_TIPO_ADSL":"ADSL 2+ (24 mega)","DISTANZA_CALCOLATA":"344.71","CLASSE_DISTANZA":"100-499","POTENZA_SEGNALE":"19761.67","POPOLAZIONE_SEZIONE": ""}
			},
		 		{ "type" : "Feature",
				"geometry" : {
					"type" : "Point",
					"coordinates" : [8.27079,46.07946]},
			"properties" : { "ANNO":"2010","ID_SEZIONE":"11481","ISTAT_COMUNE_SEZ":"103075","COMUNE_SEZ":"VILLADOSSOLA","PROVINCIA":"VB","ID_CENTRALE":"1626","NOME_CENTRALE":"VILLADOSSOLA","ISTAT_COMUNE_CENTR":"103075","COMUNE_CENTR":"VILLADOSSOLA","PROVINCIA_CENTR":"VB","INDIRIZZO_CENTRALE":"FABBRI 47","LATITUDINE_SEZIONE":"46.07946","LONGITUDINE_SEZIONE":"8.27079","POS_X_SEZIONE":"443616.42943","POS_Y_SEZIONE":"5103134.49487","LATITUDINE_CENTRALE":"46.06483","LONGITUDINE_CENTRALE":"8.26281","POS_X_CENTRALE":"442984.04912","POS_Y_CENTRALE":"5101515.07747","TIPO_ADSL":"ADSL_2P","DESCRIZIONE_TIPO_ADSL":"ADSL 2+ (24 mega)","DISTANZA_CALCOLATA":"1738.51","CLASSE_DISTANZA":"1700-2099","POTENZA_SEGNALE":"12975.83","POPOLAZIONE_SEZIONE": "596"}
			},
		 		{ "type" : "Feature",
				"geometry" : {
					"type" : "Point",
					"coordinates" : [8.25318,46.06834]},
			"properties" : { "ANNO":"2010","ID_SEZIONE":"12101","ISTAT_COMUNE_SEZ":"103075","COMUNE_SEZ":"VILLADOSSOLA","PROVINCIA":"VB","ID_CENTRALE":"1626","NOME_CENTRALE":"VILLADOSSOLA","ISTAT_COMUNE_CENTR":"103075","COMUNE_CENTR":"VILLADOSSOLA","PROVINCIA_CENTR":"VB","INDIRIZZO_CENTRALE":"FABBRI 47","LATITUDINE_SEZIONE":"46.06834","LONGITUDINE_SEZIONE":"8.25318","POS_X_SEZIONE":"442243.56645","POS_Y_SEZIONE":"5101911.97864","LATITUDINE_CENTRALE":"46.06483","LONGITUDINE_CENTRALE":"8.26281","POS_X_CENTRALE":"442984.04912","POS_Y_CENTRALE":"5101515.07747","TIPO_ADSL":"ADSL_2P","DESCRIZIONE_TIPO_ADSL":"ADSL 2+ (24 mega)","DISTANZA_CALCOLATA":"840.15","CLASSE_DISTANZA":"500-899","POTENZA_SEGNALE":"19523.33","POPOLAZIONE_SEZIONE": "148"}
			},
		 		{ "type" : "Feature",
				"geometry" : {
					"type" : "Point",
					"coordinates" : [8.27545,46.08695]},
			"properties" : { "ANNO":"2010","ID_SEZIONE":"12325","ISTAT_COMUNE_SEZ":"103075","COMUNE_SEZ":"VILLADOSSOLA","PROVINCIA":"VB","ID_CENTRALE":"1626","NOME_CENTRALE":"VILLADOSSOLA","ISTAT_COMUNE_CENTR":"103075","COMUNE_CENTR":"VILLADOSSOLA","PROVINCIA_CENTR":"VB","INDIRIZZO_CENTRALE":"FABBRI 47","LATITUDINE_SEZIONE":"46.08695","LONGITUDINE_SEZIONE":"8.27545","POS_X_SEZIONE":"443984.42482","POS_Y_SEZIONE":"5103963.49967","LATITUDINE_CENTRALE":"46.06483","LONGITUDINE_CENTRALE":"8.26281","POS_X_CENTRALE":"442984.04912","POS_Y_CENTRALE":"5101515.07747","TIPO_ADSL":"ADSL_2P","DESCRIZIONE_TIPO_ADSL":"ADSL 2+ (24 mega)","DISTANZA_CALCOLATA":"2644.91","CLASSE_DISTANZA":"2500-2899","POTENZA_SEGNALE":"7380.83","POPOLAZIONE_SEZIONE": "271"}
			},
		 		{ "type" : "Feature",
				"geometry" : {
					"type" : "Point",
					"coordinates" : [8.25994,46.06705]},
			"properties" : { "ANNO":"2010","ID_SEZIONE":"12327","ISTAT_COMUNE_SEZ":"103075","COMUNE_SEZ":"VILLADOSSOLA","PROVINCIA":"VB","ID_CENTRALE":"1626","NOME_CENTRALE":"VILLADOSSOLA","ISTAT_COMUNE_CENTR":"103075","COMUNE_CENTR":"VILLADOSSOLA","PROVINCIA_CENTR":"VB","INDIRIZZO_CENTRALE":"FABBRI 47","LATITUDINE_SEZIONE":"46.06705","LONGITUDINE_SEZIONE":"8.25994","POS_X_SEZIONE":"442764.43992","POS_Y_SEZIONE":"5101762.98869","LATITUDINE_CENTRALE":"46.06483","LONGITUDINE_CENTRALE":"8.26281","POS_X_CENTRALE":"442984.04912","POS_Y_CENTRALE":"5101515.07747","TIPO_ADSL":"ADSL_2P","DESCRIZIONE_TIPO_ADSL":"ADSL 2+ (24 mega)","DISTANZA_CALCOLATA":"331.19","CLASSE_DISTANZA":"100-499","POTENZA_SEGNALE":"19761.67","POPOLAZIONE_SEZIONE": "270"}
			},
		 		{ "type" : "Feature",
				"geometry" : {
					"type" : "Point",
					"coordinates" : [8.26466,46.05609]},
			"properties" : { "ANNO":"2010","ID_SEZIONE":"13179","ISTAT_COMUNE_SEZ":"103075","COMUNE_SEZ":"VILLADOSSOLA","PROVINCIA":"VB","ID_CENTRALE":"1626","NOME_CENTRALE":"VILLADOSSOLA","ISTAT_COMUNE_CENTR":"103075","COMUNE_CENTR":"VILLADOSSOLA","PROVINCIA_CENTR":"VB","INDIRIZZO_CENTRALE":"FABBRI 47","LATITUDINE_SEZIONE":"46.05609","LONGITUDINE_SEZIONE":"8.26466","POS_X_SEZIONE":"443118.50635","POS_Y_SEZIONE":"5100542.00335","LATITUDINE_CENTRALE":"46.06483","LONGITUDINE_CENTRALE":"8.26281","POS_X_CENTRALE":"442984.04912","POS_Y_CENTRALE":"5101515.07747","TIPO_ADSL":"ADSL_2P","DESCRIZIONE_TIPO_ADSL":"ADSL 2+ (24 mega)","DISTANZA_CALCOLATA":"982.32","CLASSE_DISTANZA":"900-1299","POTENZA_SEGNALE":"17737.5","POPOLAZIONE_SEZIONE": "566"}
			},
		 		{ "type" : "Feature",
				"geometry" : {
					"type" : "Point",
					"coordinates" : [8.28126,46.06851]},
			"properties" : { "ANNO":"2010","ID_SEZIONE":"13806","ISTAT_COMUNE_SEZ":"103075","COMUNE_SEZ":"VILLADOSSOLA","PROVINCIA":"VB","ID_CENTRALE":"1626","NOME_CENTRALE":"VILLADOSSOLA","ISTAT_COMUNE_CENTR":"103075","COMUNE_CENTR":"VILLADOSSOLA","PROVINCIA_CENTR":"VB","INDIRIZZO_CENTRALE":"FABBRI 47","LATITUDINE_SEZIONE":"46.06851","LONGITUDINE_SEZIONE":"8.28126","POS_X_SEZIONE":"444415.39928","POS_Y_SEZIONE":"5101910.01717","LATITUDINE_CENTRALE":"46.06483","LONGITUDINE_CENTRALE":"8.26281","POS_X_CENTRALE":"442984.04912","POS_Y_CENTRALE":"5101515.07747","TIPO_ADSL":"ADSL_2P","DESCRIZIONE_TIPO_ADSL":"ADSL 2+ (24 mega)","DISTANZA_CALCOLATA":"1484.84","CLASSE_DISTANZA":"1300-1699","POTENZA_SEGNALE":"16071.67","POPOLAZIONE_SEZIONE": ""}
			},
		 		{ "type" : "Feature",
				"geometry" : {
					"type" : "Point",
					"coordinates" : [8.26727,46.07944]},
			"properties" : { "ANNO":"2010","ID_SEZIONE":"14192","ISTAT_COMUNE_SEZ":"103075","COMUNE_SEZ":"VILLADOSSOLA","PROVINCIA":"VB","ID_CENTRALE":"1626","NOME_CENTRALE":"VILLADOSSOLA","ISTAT_COMUNE_CENTR":"103075","COMUNE_CENTR":"VILLADOSSOLA","PROVINCIA_CENTR":"VB","INDIRIZZO_CENTRALE":"FABBRI 47","LATITUDINE_SEZIONE":"46.07944","LONGITUDINE_SEZIONE":"8.26727","POS_X_SEZIONE":"443344.39819","POS_Y_SEZIONE":"5103134.48975","LATITUDINE_CENTRALE":"46.06483","LONGITUDINE_CENTRALE":"8.26281","POS_X_CENTRALE":"442984.04912","POS_Y_CENTRALE":"5101515.07747","TIPO_ADSL":"ADSL_2P","DESCRIZIONE_TIPO_ADSL":"ADSL 2+ (24 mega)","DISTANZA_CALCOLATA":"1659.02","CLASSE_DISTANZA":"1300-1699","POTENZA_SEGNALE":"16071.67","POPOLAZIONE_SEZIONE": "475"}
			},
		 		{ "type" : "Feature",
				"geometry" : {
					"type" : "Point",
					"coordinates" : [8.26028,46.07108]},
			"properties" : { "ANNO":"2010","ID_SEZIONE":"14193","ISTAT_COMUNE_SEZ":"103075","COMUNE_SEZ":"VILLADOSSOLA","PROVINCIA":"VB","ID_CENTRALE":"1626","NOME_CENTRALE":"VILLADOSSOLA","ISTAT_COMUNE_CENTR":"103075","COMUNE_CENTR":"VILLADOSSOLA","PROVINCIA_CENTR":"VB","INDIRIZZO_CENTRALE":"FABBRI 47","LATITUDINE_SEZIONE":"46.07108","LONGITUDINE_SEZIONE":"8.26028","POS_X_SEZIONE":"442795.18706","POS_Y_SEZIONE":"5102210.98613","LATITUDINE_CENTRALE":"46.06483","LONGITUDINE_CENTRALE":"8.26281","POS_X_CENTRALE":"442984.04912","POS_Y_CENTRALE":"5101515.07747","TIPO_ADSL":"ADSL_2P","DESCRIZIONE_TIPO_ADSL":"ADSL 2+ (24 mega)","DISTANZA_CALCOLATA":"721.08","CLASSE_DISTANZA":"500-899","POTENZA_SEGNALE":"19523.33","POPOLAZIONE_SEZIONE": "192"}
			},
		 		{ "type" : "Feature",
				"geometry" : {
					"type" : "Point",
					"coordinates" : [8.26314,46.06533]},
			"properties" : { "ANNO":"2010","ID_SEZIONE":"16157","ISTAT_COMUNE_SEZ":"103075","COMUNE_SEZ":"VILLADOSSOLA","PROVINCIA":"VB","ID_CENTRALE":"1626","NOME_CENTRALE":"VILLADOSSOLA","ISTAT_COMUNE_CENTR":"103075","COMUNE_CENTR":"VILLADOSSOLA","PROVINCIA_CENTR":"VB","INDIRIZZO_CENTRALE":"FABBRI 47","LATITUDINE_SEZIONE":"46.06533","LONGITUDINE_SEZIONE":"8.26314","POS_X_SEZIONE":"443010.81432","POS_Y_SEZIONE":"5101569.99439","LATITUDINE_CENTRALE":"46.06483","LONGITUDINE_CENTRALE":"8.26281","POS_X_CENTRALE":"442984.04912","POS_Y_CENTRALE":"5101515.07747","TIPO_ADSL":"ADSL_2P","DESCRIZIONE_TIPO_ADSL":"ADSL 2+ (24 mega)","DISTANZA_CALCOLATA":"61.09","CLASSE_DISTANZA":"0-99","POTENZA_SEGNALE":"19761.67","POPOLAZIONE_SEZIONE": "156"}
			},
		 		{ "type" : "Feature",
				"geometry" : {
					"type" : "Point",
					"coordinates" : [8.25882,46.06528]},
			"properties" : { "ANNO":"2010","ID_SEZIONE":"16701","ISTAT_COMUNE_SEZ":"103075","COMUNE_SEZ":"VILLADOSSOLA","PROVINCIA":"VB","ID_CENTRALE":"1626","NOME_CENTRALE":"VILLADOSSOLA","ISTAT_COMUNE_CENTR":"103075","COMUNE_CENTR":"VILLADOSSOLA","PROVINCIA_CENTR":"VB","INDIRIZZO_CENTRALE":"FABBRI 47","LATITUDINE_SEZIONE":"46.06528","LONGITUDINE_SEZIONE":"8.25882","POS_X_SEZIONE":"442676.06616","POS_Y_SEZIONE":"5101567.98837","LATITUDINE_CENTRALE":"46.06483","LONGITUDINE_CENTRALE":"8.26281","POS_X_CENTRALE":"442984.04912","POS_Y_CENTRALE":"5101515.07747","TIPO_ADSL":"ADSL_2P","DESCRIZIONE_TIPO_ADSL":"ADSL 2+ (24 mega)","DISTANZA_CALCOLATA":"312.49","CLASSE_DISTANZA":"100-499","POTENZA_SEGNALE":"19761.67","POPOLAZIONE_SEZIONE": "136"}
			},
		 		{ "type" : "Feature",
				"geometry" : {
					"type" : "Point",
					"coordinates" : [8.25880,46.06612]},
			"properties" : { "ANNO":"2010","ID_SEZIONE":"17035","ISTAT_COMUNE_SEZ":"103075","COMUNE_SEZ":"VILLADOSSOLA","PROVINCIA":"VB","ID_CENTRALE":"1626","NOME_CENTRALE":"VILLADOSSOLA","ISTAT_COMUNE_CENTR":"103075","COMUNE_CENTR":"VILLADOSSOLA","PROVINCIA_CENTR":"VB","INDIRIZZO_CENTRALE":"FABBRI 47","LATITUDINE_SEZIONE":"46.06612","LONGITUDINE_SEZIONE":"8.25880","POS_X_SEZIONE":"442675.87775","POS_Y_SEZIONE":"5101660.98754","LATITUDINE_CENTRALE":"46.06483","LONGITUDINE_CENTRALE":"8.26281","POS_X_CENTRALE":"442984.04912","POS_Y_CENTRALE":"5101515.07747","TIPO_ADSL":"ADSL_2P","DESCRIZIONE_TIPO_ADSL":"ADSL 2+ (24 mega)","DISTANZA_CALCOLATA":"340.97","CLASSE_DISTANZA":"100-499","POTENZA_SEGNALE":"19761.67","POPOLAZIONE_SEZIONE": "295"}
			},
		 		{ "type" : "Feature",
				"geometry" : {
					"type" : "Point",
					"coordinates" : [8.25026,46.08640]},
			"properties" : { "ANNO":"2010","ID_SEZIONE":"17725","ISTAT_COMUNE_SEZ":"103075","COMUNE_SEZ":"VILLADOSSOLA","PROVINCIA":"VB","ID_CENTRALE":"1626","NOME_CENTRALE":"VILLADOSSOLA","ISTAT_COMUNE_CENTR":"103075","COMUNE_CENTR":"VILLADOSSOLA","PROVINCIA_CENTR":"VB","INDIRIZZO_CENTRALE":"FABBRI 47","LATITUDINE_SEZIONE":"46.08640","LONGITUDINE_SEZIONE":"8.25026","POS_X_SEZIONE":"442036.64882","POS_Y_SEZIONE":"5103919.96533","LATITUDINE_CENTRALE":"46.06483","LONGITUDINE_CENTRALE":"8.26281","POS_X_CENTRALE":"442984.04912","POS_Y_CENTRALE":"5101515.07747","TIPO_ADSL":"ADSL_2P","DESCRIZIONE_TIPO_ADSL":"ADSL 2+ (24 mega)","DISTANZA_CALCOLATA":"2584.77","CLASSE_DISTANZA":"2500-2899","POTENZA_SEGNALE":"7380.83","POPOLAZIONE_SEZIONE": "3"}
			},
		 		{ "type" : "Feature",
				"geometry" : {
					"type" : "Point",
					"coordinates" : [8.26029,46.06090]},
			"properties" : { "ANNO":"2010","ID_SEZIONE":"18303","ISTAT_COMUNE_SEZ":"103075","COMUNE_SEZ":"VILLADOSSOLA","PROVINCIA":"VB","ID_CENTRALE":"1626","NOME_CENTRALE":"VILLADOSSOLA","ISTAT_COMUNE_CENTR":"103075","COMUNE_CENTR":"VILLADOSSOLA","PROVINCIA_CENTR":"VB","INDIRIZZO_CENTRALE":"FABBRI 47","LATITUDINE_SEZIONE":"46.06090","LONGITUDINE_SEZIONE":"8.26029","POS_X_SEZIONE":"442785.41144","POS_Y_SEZIONE":"5101079.49378","LATITUDINE_CENTRALE":"46.06483","LONGITUDINE_CENTRALE":"8.26281","POS_X_CENTRALE":"442984.04912","POS_Y_CENTRALE":"5101515.07747","TIPO_ADSL":"ADSL_2P","DESCRIZIONE_TIPO_ADSL":"ADSL 2+ (24 mega)","DISTANZA_CALCOLATA":"478.74","CLASSE_DISTANZA":"100-499","POTENZA_SEGNALE":"19761.67","POPOLAZIONE_SEZIONE": "275"}
			},
		 		{ "type" : "Feature",
				"geometry" : {
					"type" : "Point",
					"coordinates" : [8.26131,46.06632]},
			"properties" : { "ANNO":"2010","ID_SEZIONE":"22229","ISTAT_COMUNE_SEZ":"103075","COMUNE_SEZ":"VILLADOSSOLA","PROVINCIA":"VB","ID_CENTRALE":"1626","NOME_CENTRALE":"VILLADOSSOLA","ISTAT_COMUNE_CENTR":"103075","COMUNE_CENTR":"VILLADOSSOLA","PROVINCIA_CENTR":"VB","INDIRIZZO_CENTRALE":"FABBRI 47","LATITUDINE_SEZIONE":"46.06632","LONGITUDINE_SEZIONE":"8.26131","POS_X_SEZIONE":"442869.75167","POS_Y_SEZIONE":"5101680.99138","LATITUDINE_CENTRALE":"46.06483","LONGITUDINE_CENTRALE":"8.26281","POS_X_CENTRALE":"442984.04912","POS_Y_CENTRALE":"5101515.07747","TIPO_ADSL":"ADSL_2P","DESCRIZIONE_TIPO_ADSL":"ADSL 2+ (24 mega)","DISTANZA_CALCOLATA":"201.47","CLASSE_DISTANZA":"100-499","POTENZA_SEGNALE":"19761.67","POPOLAZIONE_SEZIONE": "353"}
			},
		 		{ "type" : "Feature",
				"geometry" : {
					"type" : "Point",
					"coordinates" : [8.26779,46.08580]},
			"properties" : { "ANNO":"2010","ID_SEZIONE":"23125","ISTAT_COMUNE_SEZ":"103075","COMUNE_SEZ":"VILLADOSSOLA","PROVINCIA":"VB","ID_CENTRALE":"1626","NOME_CENTRALE":"VILLADOSSOLA","ISTAT_COMUNE_CENTR":"103075","COMUNE_CENTR":"VILLADOSSOLA","PROVINCIA_CENTR":"VB","INDIRIZZO_CENTRALE":"FABBRI 47","LATITUDINE_SEZIONE":"46.08580","LONGITUDINE_SEZIONE":"8.26779","POS_X_SEZIONE":"443391.27026","POS_Y_SEZIONE":"5103841.48853","LATITUDINE_CENTRALE":"46.06483","LONGITUDINE_CENTRALE":"8.26281","POS_X_CENTRALE":"442984.04912","POS_Y_CENTRALE":"5101515.07747","TIPO_ADSL":"ADSL_2P","DESCRIZIONE_TIPO_ADSL":"ADSL 2+ (24 mega)","DISTANZA_CALCOLATA":"2361.78","CLASSE_DISTANZA":"2100-2499","POTENZA_SEGNALE":"10000","POPOLAZIONE_SEZIONE": "26"}
			},
		 		{ "type" : "Feature",
				"geometry" : {
					"type" : "Point",
					"coordinates" : [8.25977,46.05726]},
			"properties" : { "ANNO":"2010","ID_SEZIONE":"23126","ISTAT_COMUNE_SEZ":"103075","COMUNE_SEZ":"VILLADOSSOLA","PROVINCIA":"VB","ID_CENTRALE":"1626","NOME_CENTRALE":"VILLADOSSOLA","ISTAT_COMUNE_CENTR":"103075","COMUNE_CENTR":"VILLADOSSOLA","PROVINCIA_CENTR":"VB","INDIRIZZO_CENTRALE":"FABBRI 47","LATITUDINE_SEZIONE":"46.05726","LONGITUDINE_SEZIONE":"8.25977","POS_X_SEZIONE":"442741.82079","POS_Y_SEZIONE":"5100675.99528","LATITUDINE_CENTRALE":"46.06483","LONGITUDINE_CENTRALE":"8.26281","POS_X_CENTRALE":"442984.04912","POS_Y_CENTRALE":"5101515.07747","TIPO_ADSL":"ADSL_2P","DESCRIZIONE_TIPO_ADSL":"ADSL 2+ (24 mega)","DISTANZA_CALCOLATA":"873.35","CLASSE_DISTANZA":"500-899","POTENZA_SEGNALE":"19523.33","POPOLAZIONE_SEZIONE": "301"}
			},
		 		{ "type" : "Feature",
				"geometry" : {
					"type" : "Point",
					"coordinates" : [8.27196,46.07595]},
			"properties" : { "ANNO":"2010","ID_SEZIONE":"24308","ISTAT_COMUNE_SEZ":"103075","COMUNE_SEZ":"VILLADOSSOLA","PROVINCIA":"VB","ID_CENTRALE":"1626","NOME_CENTRALE":"VILLADOSSOLA","ISTAT_COMUNE_CENTR":"103075","COMUNE_CENTR":"VILLADOSSOLA","PROVINCIA_CENTR":"VB","INDIRIZZO_CENTRALE":"FABBRI 47","LATITUDINE_SEZIONE":"46.07595","LONGITUDINE_SEZIONE":"8.27196","POS_X_SEZIONE":"443703.27384","POS_Y_SEZIONE":"5102743.49890","LATITUDINE_CENTRALE":"46.06483","LONGITUDINE_CENTRALE":"8.26281","POS_X_CENTRALE":"442984.04912","POS_Y_CENTRALE":"5101515.07747","TIPO_ADSL":"ADSL_2P","DESCRIZIONE_TIPO_ADSL":"ADSL 2+ (24 mega)","DISTANZA_CALCOLATA":"1423.48","CLASSE_DISTANZA":"1300-1699","POTENZA_SEGNALE":"16071.67","POPOLAZIONE_SEZIONE": "303"}
			},
		 		{ "type" : "Feature",
				"geometry" : {
					"type" : "Point",
					"coordinates" : [8.25484,46.06568]},
			"properties" : { "ANNO":"2010","ID_SEZIONE":"26150","ISTAT_COMUNE_SEZ":"103075","COMUNE_SEZ":"VILLADOSSOLA","PROVINCIA":"VB","ID_CENTRALE":"1626","NOME_CENTRALE":"VILLADOSSOLA","ISTAT_COMUNE_CENTR":"103075","COMUNE_CENTR":"VILLADOSSOLA","PROVINCIA_CENTR":"VB","INDIRIZZO_CENTRALE":"FABBRI 47","LATITUDINE_SEZIONE":"46.06568","LONGITUDINE_SEZIONE":"8.25484","POS_X_SEZIONE":"442368.75454","POS_Y_SEZIONE":"5101614.98280","LATITUDINE_CENTRALE":"46.06483","LONGITUDINE_CENTRALE":"8.26281","POS_X_CENTRALE":"442984.04912","POS_Y_CENTRALE":"5101515.07747","TIPO_ADSL":"ADSL_2P","DESCRIZIONE_TIPO_ADSL":"ADSL 2+ (24 mega)","DISTANZA_CALCOLATA":"623.35","CLASSE_DISTANZA":"500-899","POTENZA_SEGNALE":"19523.33","POPOLAZIONE_SEZIONE": "350"}
			},
		 		{ "type" : "Feature",
				"geometry" : {
					"type" : "Point",
					"coordinates" : [8.26187,46.06851]},
			"properties" : { "ANNO":"2010","ID_SEZIONE":"27034","ISTAT_COMUNE_SEZ":"103075","COMUNE_SEZ":"VILLADOSSOLA","PROVINCIA":"VB","ID_CENTRALE":"1626","NOME_CENTRALE":"VILLADOSSOLA","ISTAT_COMUNE_CENTR":"103075","COMUNE_CENTR":"VILLADOSSOLA","PROVINCIA_CENTR":"VB","INDIRIZZO_CENTRALE":"FABBRI 47","LATITUDINE_SEZIONE":"46.06851","LONGITUDINE_SEZIONE":"8.26187","POS_X_SEZIONE":"442915.21931","POS_Y_SEZIONE":"5101923.99016","LATITUDINE_CENTRALE":"46.06483","LONGITUDINE_CENTRALE":"8.26281","POS_X_CENTRALE":"442984.04912","POS_Y_CENTRALE":"5101515.07747","TIPO_ADSL":"ADSL_2P","DESCRIZIONE_TIPO_ADSL":"ADSL 2+ (24 mega)","DISTANZA_CALCOLATA":"414.67","CLASSE_DISTANZA":"100-499","POTENZA_SEGNALE":"19761.67","POPOLAZIONE_SEZIONE": "36"}
			},
		 		{ "type" : "Feature",
				"geometry" : {
					"type" : "Point",
					"coordinates" : [8.26805,46.06016]},
			"properties" : { "ANNO":"2010","ID_SEZIONE":"27035","ISTAT_COMUNE_SEZ":"103075","COMUNE_SEZ":"VILLADOSSOLA","PROVINCIA":"VB","ID_CENTRALE":"1626","NOME_CENTRALE":"VILLADOSSOLA","ISTAT_COMUNE_CENTR":"103075","COMUNE_CENTR":"VILLADOSSOLA","PROVINCIA_CENTR":"VB","INDIRIZZO_CENTRALE":"FABBRI 47","LATITUDINE_SEZIONE":"46.06016","LONGITUDINE_SEZIONE":"8.26805","POS_X_SEZIONE":"443385.25221","POS_Y_SEZIONE":"5100992.00475","LATITUDINE_CENTRALE":"46.06483","LONGITUDINE_CENTRALE":"8.26281","POS_X_CENTRALE":"442984.04912","POS_Y_CENTRALE":"5101515.07747","TIPO_ADSL":"ADSL_2P","DESCRIZIONE_TIPO_ADSL":"ADSL 2+ (24 mega)","DISTANZA_CALCOLATA":"659.22","CLASSE_DISTANZA":"500-899","POTENZA_SEGNALE":"19523.33","POPOLAZIONE_SEZIONE": "207"}
			},
		 		{ "type" : "Feature",
				"geometry" : {
					"type" : "Point",
					"coordinates" : [8.26083,46.06342]},
			"properties" : { "ANNO":"2010","ID_SEZIONE":"28866","ISTAT_COMUNE_SEZ":"103075","COMUNE_SEZ":"VILLADOSSOLA","PROVINCIA":"VB","ID_CENTRALE":"1626","NOME_CENTRALE":"VILLADOSSOLA","ISTAT_COMUNE_CENTR":"103075","COMUNE_CENTR":"VILLADOSSOLA","PROVINCIA_CENTR":"VB","INDIRIZZO_CENTRALE":"FABBRI 47","LATITUDINE_SEZIONE":"46.06342","LONGITUDINE_SEZIONE":"8.26083","POS_X_SEZIONE":"442829.59755","POS_Y_SEZIONE":"5101359.49275","LATITUDINE_CENTRALE":"46.06483","LONGITUDINE_CENTRALE":"8.26281","POS_X_CENTRALE":"442984.04912","POS_Y_CENTRALE":"5101515.07747","TIPO_ADSL":"ADSL_2P","DESCRIZIONE_TIPO_ADSL":"ADSL 2+ (24 mega)","DISTANZA_CALCOLATA":"219.23","CLASSE_DISTANZA":"100-499","POTENZA_SEGNALE":"19761.67","POPOLAZIONE_SEZIONE": "180"}
			},
		 		{ "type" : "Feature",
				"geometry" : {
					"type" : "Point",
					"coordinates" : [8.25787,46.04458]},
			"properties" : { "ANNO":"2010","ID_SEZIONE":"29119","ISTAT_COMUNE_SEZ":"103052","COMUNE_SEZ":"PALLANZENO","PROVINCIA":"VB","ID_CENTRALE":"1626","NOME_CENTRALE":"VILLADOSSOLA","ISTAT_COMUNE_CENTR":"103075","COMUNE_CENTR":"VILLADOSSOLA","PROVINCIA_CENTR":"VB","INDIRIZZO_CENTRALE":"FABBRI 47","LATITUDINE_SEZIONE":"46.04458","LONGITUDINE_SEZIONE":"8.25787","POS_X_SEZIONE":"442581.04715","POS_Y_SEZIONE":"5099268.00194","LATITUDINE_CENTRALE":"46.06483","LONGITUDINE_CENTRALE":"8.26281","POS_X_CENTRALE":"442984.04912","POS_Y_CENTRALE":"5101515.07747","TIPO_ADSL":"ADSL_2P","DESCRIZIONE_TIPO_ADSL":"ADSL 2+ (24 mega)","DISTANZA_CALCOLATA":"2282.93","CLASSE_DISTANZA":"2100-2499","POTENZA_SEGNALE":"10000","POPOLAZIONE_SEZIONE": "552"}
			},
		 		{ "type" : "Feature",
				"geometry" : {
					"type" : "Point",
					"coordinates" : [8.25962,46.03959]},
			"properties" : { "ANNO":"2010","ID_SEZIONE":"29660","ISTAT_COMUNE_SEZ":"103052","COMUNE_SEZ":"PALLANZENO","PROVINCIA":"VB","ID_CENTRALE":"1626","NOME_CENTRALE":"VILLADOSSOLA","ISTAT_COMUNE_CENTR":"103075","COMUNE_CENTR":"VILLADOSSOLA","PROVINCIA_CENTR":"VB","INDIRIZZO_CENTRALE":"FABBRI 47","LATITUDINE_SEZIONE":"46.03959","LONGITUDINE_SEZIONE":"8.25962","POS_X_SEZIONE":"442711.26821","POS_Y_SEZIONE":"5098712.50805","LATITUDINE_CENTRALE":"46.06483","LONGITUDINE_CENTRALE":"8.26281","POS_X_CENTRALE":"442984.04912","POS_Y_CENTRALE":"5101515.07747","TIPO_ADSL":"ADSL_2P","DESCRIZIONE_TIPO_ADSL":"ADSL 2+ (24 mega)","DISTANZA_CALCOLATA":"2815.81","CLASSE_DISTANZA":"2500-2899","POTENZA_SEGNALE":"7380.83","POPOLAZIONE_SEZIONE": "658"}
			},
		 		{ "type" : "Feature",
				"geometry" : {
					"type" : "Point",
					"coordinates" : [8.26772,46.06175]},
			"properties" : { "ANNO":"2010","ID_SEZIONE":"30073","ISTAT_COMUNE_SEZ":"103075","COMUNE_SEZ":"VILLADOSSOLA","PROVINCIA":"VB","ID_CENTRALE":"1626","NOME_CENTRALE":"VILLADOSSOLA","ISTAT_COMUNE_CENTR":"103075","COMUNE_CENTR":"VILLADOSSOLA","PROVINCIA_CENTR":"VB","INDIRIZZO_CENTRALE":"FABBRI 47","LATITUDINE_SEZIONE":"46.06175","LONGITUDINE_SEZIONE":"8.26772","POS_X_SEZIONE":"443360.78271","POS_Y_SEZIONE":"5101169.00315","LATITUDINE_CENTRALE":"46.06483","LONGITUDINE_CENTRALE":"8.26281","POS_X_CENTRALE":"442984.04912","POS_Y_CENTRALE":"5101515.07747","TIPO_ADSL":"ADSL_2P","DESCRIZIONE_TIPO_ADSL":"ADSL 2+ (24 mega)","DISTANZA_CALCOLATA":"511.56","CLASSE_DISTANZA":"500-899","POTENZA_SEGNALE":"19523.33","POPOLAZIONE_SEZIONE": "484"}
			},
		 		{ "type" : "Feature",
				"geometry" : {
					"type" : "Point",
					"coordinates" : [8.25797,46.06876]},
			"properties" : { "ANNO":"2010","ID_SEZIONE":"30317","ISTAT_COMUNE_SEZ":"103075","COMUNE_SEZ":"VILLADOSSOLA","PROVINCIA":"VB","ID_CENTRALE":"1626","NOME_CENTRALE":"VILLADOSSOLA","ISTAT_COMUNE_CENTR":"103075","COMUNE_CENTR":"VILLADOSSOLA","PROVINCIA_CENTR":"VB","INDIRIZZO_CENTRALE":"FABBRI 47","LATITUDINE_SEZIONE":"46.06876","LONGITUDINE_SEZIONE":"8.25797","POS_X_SEZIONE":"442614.15717","POS_Y_SEZIONE":"5101954.98460","LATITUDINE_CENTRALE":"46.06483","LONGITUDINE_CENTRALE":"8.26281","POS_X_CENTRALE":"442984.04912","POS_Y_CENTRALE":"5101515.07747","TIPO_ADSL":"ADSL_2P","DESCRIZIONE_TIPO_ADSL":"ADSL 2+ (24 mega)","DISTANZA_CALCOLATA":"574.75","CLASSE_DISTANZA":"500-899","POTENZA_SEGNALE":"19523.33","POPOLAZIONE_SEZIONE": "137"}
			},
		 		{ "type" : "Feature",
				"geometry" : {
					"type" : "Point",
					"coordinates" : [8.27924,46.08304]},
			"properties" : { "ANNO":"2010","ID_SEZIONE":"30704","ISTAT_COMUNE_SEZ":"103075","COMUNE_SEZ":"VILLADOSSOLA","PROVINCIA":"VB","ID_CENTRALE":"1626","NOME_CENTRALE":"VILLADOSSOLA","ISTAT_COMUNE_CENTR":"103075","COMUNE_CENTR":"VILLADOSSOLA","PROVINCIA_CENTR":"VB","INDIRIZZO_CENTRALE":"FABBRI 47","LATITUDINE_SEZIONE":"46.08304","LONGITUDINE_SEZIONE":"8.27924","POS_X_SEZIONE":"444273.55019","POS_Y_SEZIONE":"5103526.00232","LATITUDINE_CENTRALE":"46.06483","LONGITUDINE_CENTRALE":"8.26281","POS_X_CENTRALE":"442984.04912","POS_Y_CENTRALE":"5101515.07747","TIPO_ADSL":"ADSL_2P","DESCRIZIONE_TIPO_ADSL":"ADSL 2+ (24 mega)","DISTANZA_CALCOLATA":"2388.86","CLASSE_DISTANZA":"2100-2499","POTENZA_SEGNALE":"10000","POPOLAZIONE_SEZIONE": "25"}
			},
		 		{ "type" : "Feature",
				"geometry" : {
					"type" : "Point",
					"coordinates" : [8.25925,46.06784]},
			"properties" : { "ANNO":"2010","ID_SEZIONE":"31733","ISTAT_COMUNE_SEZ":"103075","COMUNE_SEZ":"VILLADOSSOLA","PROVINCIA":"VB","ID_CENTRALE":"1626","NOME_CENTRALE":"VILLADOSSOLA","ISTAT_COMUNE_CENTR":"103075","COMUNE_CENTR":"VILLADOSSOLA","PROVINCIA_CENTR":"VB","INDIRIZZO_CENTRALE":"FABBRI 47","LATITUDINE_SEZIONE":"46.06784","LONGITUDINE_SEZIONE":"8.25925","POS_X_SEZIONE":"442711.87647","POS_Y_SEZIONE":"5101851.98709","LATITUDINE_CENTRALE":"46.06483","LONGITUDINE_CENTRALE":"8.26281","POS_X_CENTRALE":"442984.04912","POS_Y_CENTRALE":"5101515.07747","TIPO_ADSL":"ADSL_2P","DESCRIZIONE_TIPO_ADSL":"ADSL 2+ (24 mega)","DISTANZA_CALCOLATA":"433.11","CLASSE_DISTANZA":"100-499","POTENZA_SEGNALE":"19761.67","POPOLAZIONE_SEZIONE": "123"}
			},
		 		{ "type" : "Feature",
				"geometry" : {
					"type" : "Point",
					"coordinates" : [8.24703,46.04535]},
			"properties" : { "ANNO":"2010","ID_SEZIONE":"32390","ISTAT_COMUNE_SEZ":"103052","COMUNE_SEZ":"PALLANZENO","PROVINCIA":"VB","ID_CENTRALE":"1626","NOME_CENTRALE":"VILLADOSSOLA","ISTAT_COMUNE_CENTR":"103075","COMUNE_CENTR":"VILLADOSSOLA","PROVINCIA_CENTR":"VB","INDIRIZZO_CENTRALE":"FABBRI 47","LATITUDINE_SEZIONE":"46.04535","LONGITUDINE_SEZIONE":"8.24703","POS_X_SEZIONE":"441743.52114","POS_Y_SEZIONE":"5099361.98568","LATITUDINE_CENTRALE":"46.06483","LONGITUDINE_CENTRALE":"8.26281","POS_X_CENTRALE":"442984.04912","POS_Y_CENTRALE":"5101515.07747","TIPO_ADSL":"ADSL_2P","DESCRIZIONE_TIPO_ADSL":"ADSL 2+ (24 mega)","DISTANZA_CALCOLATA":"2484.9","CLASSE_DISTANZA":"2100-2499","POTENZA_SEGNALE":"10000","POPOLAZIONE_SEZIONE": ""}
			},
		 		{ "type" : "Feature",
				"geometry" : {
					"type" : "Point",
					"coordinates" : [8.24215,46.03748]},
			"properties" : { "ANNO":"2010","ID_SEZIONE":"32391","ISTAT_COMUNE_SEZ":"103052","COMUNE_SEZ":"PALLANZENO","PROVINCIA":"VB","ID_CENTRALE":"1626","NOME_CENTRALE":"VILLADOSSOLA","ISTAT_COMUNE_CENTR":"103075","COMUNE_CENTR":"VILLADOSSOLA","PROVINCIA_CENTR":"VB","INDIRIZZO_CENTRALE":"FABBRI 47","LATITUDINE_SEZIONE":"46.03748","LONGITUDINE_SEZIONE":"8.24215","POS_X_SEZIONE":"441357.90475","POS_Y_SEZIONE":"5098490.98408","LATITUDINE_CENTRALE":"46.06483","LONGITUDINE_CENTRALE":"8.26281","POS_X_CENTRALE":"442984.04912","POS_Y_CENTRALE":"5101515.07747","TIPO_ADSL":"ADSL_2P","DESCRIZIONE_TIPO_ADSL":"ADSL 2+ (24 mega)","DISTANZA_CALCOLATA":"3433.58","CLASSE_DISTANZA":"3300-3699","POTENZA_SEGNALE":"4047.5","POPOLAZIONE_SEZIONE": ""}
			},
		 		{ "type" : "Feature",
				"geometry" : {
					"type" : "Point",
					"coordinates" : [8.25990,46.05291]},
			"properties" : { "ANNO":"2010","ID_SEZIONE":"32687","ISTAT_COMUNE_SEZ":"103075","COMUNE_SEZ":"VILLADOSSOLA","PROVINCIA":"VB","ID_CENTRALE":"1626","NOME_CENTRALE":"VILLADOSSOLA","ISTAT_COMUNE_CENTR":"103075","COMUNE_CENTR":"VILLADOSSOLA","PROVINCIA_CENTR":"VB","INDIRIZZO_CENTRALE":"FABBRI 47","LATITUDINE_SEZIONE":"46.05291","LONGITUDINE_SEZIONE":"8.25990","POS_X_SEZIONE":"442746.85426","POS_Y_SEZIONE":"5100192.49883","LATITUDINE_CENTRALE":"46.06483","LONGITUDINE_CENTRALE":"8.26281","POS_X_CENTRALE":"442984.04912","POS_Y_CENTRALE":"5101515.07747","TIPO_ADSL":"ADSL_2P","DESCRIZIONE_TIPO_ADSL":"ADSL 2+ (24 mega)","DISTANZA_CALCOLATA":"1343.68","CLASSE_DISTANZA":"1300-1699","POTENZA_SEGNALE":"16071.67","POPOLAZIONE_SEZIONE": "174"}
			}
		 		]
	}
		