 	{ "type" : "FeatureCollection",
		"features" : [
		 		{ "type" : "Feature",
				"geometry" : {
					"type" : "Point",
					"coordinates" : [7.09008,44.80784]},
			"properties" : { "ANNO":"2010","ID_SEZIONE":"345","ISTAT_COMUNE_SEZ":"1026","COMUNE_SEZ":"BOBBIO PELLICE","PROVINCIA":"TO","ID_CENTRALE":"163","NOME_CENTRALE":"BOBBIO PELLICE","ISTAT_COMUNE_CENTR":"1026","COMUNE_CENTR":"BOBBIO PELLICE","PROVINCIA_CENTR":"TO","INDIRIZZO_CENTRALE":"VIA MAESTRA->49","LATITUDINE_SEZIONE":"44.80784","LONGITUDINE_SEZIONE":"7.09008","POS_X_SEZIONE":"348966.66959","POS_Y_SEZIONE":"4963378.37314","LATITUDINE_CENTRALE":"44.80795","LONGITUDINE_CENTRALE":"7.11402","POS_X_CENTRALE":"350859.98702","POS_Y_CENTRALE":"4963346.91700","TIPO_ADSL":"ADSL_M","DESCRIZIONE_TIPO_ADSL":"ADSL Mini","DISTANZA_CALCOLATA":"1893.58","CLASSE_DISTANZA":"1700-2099","POTENZA_SEGNALE":"0.64","POPOLAZIONE_SEZIONE": "59"}
			},
		 		{ "type" : "Feature",
				"geometry" : {
					"type" : "Point",
					"coordinates" : [7.07688,44.74261]},
			"properties" : { "ANNO":"2010","ID_SEZIONE":"805","ISTAT_COMUNE_SEZ":"1026","COMUNE_SEZ":"BOBBIO PELLICE","PROVINCIA":"TO","ID_CENTRALE":"163","NOME_CENTRALE":"BOBBIO PELLICE","ISTAT_COMUNE_CENTR":"1026","COMUNE_CENTR":"BOBBIO PELLICE","PROVINCIA_CENTR":"TO","INDIRIZZO_CENTRALE":"VIA MAESTRA->49","LATITUDINE_SEZIONE":"44.74261","LONGITUDINE_SEZIONE":"7.07688","POS_X_SEZIONE":"347751.09609","POS_Y_SEZIONE":"4956157.25774","LATITUDINE_CENTRALE":"44.80795","LONGITUDINE_CENTRALE":"7.11402","POS_X_CENTRALE":"350859.98702","POS_Y_CENTRALE":"4963346.91700","TIPO_ADSL":"ADSL_M","DESCRIZIONE_TIPO_ADSL":"ADSL Mini","DISTANZA_CALCOLATA":"7833.03","CLASSE_DISTANZA":"6100 e oltre","POTENZA_SEGNALE":"0.00","POPOLAZIONE_SEZIONE": ""}
			},
		 		{ "type" : "Feature",
				"geometry" : {
					"type" : "Point",
					"coordinates" : [7.05240,44.79647]},
			"properties" : { "ANNO":"2010","ID_SEZIONE":"1965","ISTAT_COMUNE_SEZ":"1026","COMUNE_SEZ":"BOBBIO PELLICE","PROVINCIA":"TO","ID_CENTRALE":"163","NOME_CENTRALE":"BOBBIO PELLICE","ISTAT_COMUNE_CENTR":"1026","COMUNE_CENTR":"BOBBIO PELLICE","PROVINCIA_CENTR":"TO","INDIRIZZO_CENTRALE":"VIA MAESTRA->49","LATITUDINE_SEZIONE":"44.79647","LONGITUDINE_SEZIONE":"7.05240","POS_X_SEZIONE":"345956.30825","POS_Y_SEZIONE":"4962186.32962","LATITUDINE_CENTRALE":"44.80795","LONGITUDINE_CENTRALE":"7.11402","POS_X_CENTRALE":"350859.98702","POS_Y_CENTRALE":"4963346.91700","TIPO_ADSL":"ADSL_M","DESCRIZIONE_TIPO_ADSL":"ADSL Mini","DISTANZA_CALCOLATA":"5039.15","CLASSE_DISTANZA":"4900-5299","POTENZA_SEGNALE":"0.00","POPOLAZIONE_SEZIONE": ""}
			},
		 		{ "type" : "Feature",
				"geometry" : {
					"type" : "Point",
					"coordinates" : [7.10700,44.80564]},
			"properties" : { "ANNO":"2010","ID_SEZIONE":"7275","ISTAT_COMUNE_SEZ":"1026","COMUNE_SEZ":"BOBBIO PELLICE","PROVINCIA":"TO","ID_CENTRALE":"163","NOME_CENTRALE":"BOBBIO PELLICE","ISTAT_COMUNE_CENTR":"1026","COMUNE_CENTR":"BOBBIO PELLICE","PROVINCIA_CENTR":"TO","INDIRIZZO_CENTRALE":"VIA MAESTRA->49","LATITUDINE_SEZIONE":"44.80564","LONGITUDINE_SEZIONE":"7.10700","POS_X_SEZIONE":"350298.54800","POS_Y_SEZIONE":"4963103.38101","LATITUDINE_CENTRALE":"44.80795","LONGITUDINE_CENTRALE":"7.11402","POS_X_CENTRALE":"350859.98702","POS_Y_CENTRALE":"4963346.91700","TIPO_ADSL":"ADSL_M","DESCRIZIONE_TIPO_ADSL":"ADSL Mini","DISTANZA_CALCOLATA":"611.98","CLASSE_DISTANZA":"500-899","POTENZA_SEGNALE":"0.64","POPOLAZIONE_SEZIONE": "12"}
			},
		 		{ "type" : "Feature",
				"geometry" : {
					"type" : "Point",
					"coordinates" : [7.10575,44.80417]},
			"properties" : { "ANNO":"2010","ID_SEZIONE":"7713","ISTAT_COMUNE_SEZ":"1026","COMUNE_SEZ":"BOBBIO PELLICE","PROVINCIA":"TO","ID_CENTRALE":"163","NOME_CENTRALE":"BOBBIO PELLICE","ISTAT_COMUNE_CENTR":"1026","COMUNE_CENTR":"BOBBIO PELLICE","PROVINCIA_CENTR":"TO","INDIRIZZO_CENTRALE":"VIA MAESTRA->49","LATITUDINE_SEZIONE":"44.80417","LONGITUDINE_SEZIONE":"7.10575","POS_X_SEZIONE":"350196.01897","POS_Y_SEZIONE":"4962942.37800","LATITUDINE_CENTRALE":"44.80795","LONGITUDINE_CENTRALE":"7.11402","POS_X_CENTRALE":"350859.98702","POS_Y_CENTRALE":"4963346.91700","TIPO_ADSL":"ADSL_M","DESCRIZIONE_TIPO_ADSL":"ADSL Mini","DISTANZA_CALCOLATA":"777.50","CLASSE_DISTANZA":"500-899","POTENZA_SEGNALE":"0.64","POPOLAZIONE_SEZIONE": "4"}
			},
		 		{ "type" : "Feature",
				"geometry" : {
					"type" : "Point",
					"coordinates" : [7.11330,44.81237]},
			"properties" : { "ANNO":"2010","ID_SEZIONE":"8377","ISTAT_COMUNE_SEZ":"1026","COMUNE_SEZ":"BOBBIO PELLICE","PROVINCIA":"TO","ID_CENTRALE":"163","NOME_CENTRALE":"BOBBIO PELLICE","ISTAT_COMUNE_CENTR":"1026","COMUNE_CENTR":"BOBBIO PELLICE","PROVINCIA_CENTR":"TO","INDIRIZZO_CENTRALE":"VIA MAESTRA->49","LATITUDINE_SEZIONE":"44.81237","LONGITUDINE_SEZIONE":"7.11330","POS_X_SEZIONE":"350814.09564","POS_Y_SEZIONE":"4963839.39637","LATITUDINE_CENTRALE":"44.80795","LONGITUDINE_CENTRALE":"7.11402","POS_X_CENTRALE":"350859.98702","POS_Y_CENTRALE":"4963346.91700","TIPO_ADSL":"ADSL_M","DESCRIZIONE_TIPO_ADSL":"ADSL Mini","DISTANZA_CALCOLATA":"494.61","CLASSE_DISTANZA":"100-499","POTENZA_SEGNALE":"0.64","POPOLAZIONE_SEZIONE": "22"}
			},
		 		{ "type" : "Feature",
				"geometry" : {
					"type" : "Point",
					"coordinates" : [7.12983,44.80101]},
			"properties" : { "ANNO":"2010","ID_SEZIONE":"14817","ISTAT_COMUNE_SEZ":"1026","COMUNE_SEZ":"BOBBIO PELLICE","PROVINCIA":"TO","ID_CENTRALE":"163","NOME_CENTRALE":"BOBBIO PELLICE","ISTAT_COMUNE_CENTR":"1026","COMUNE_CENTR":"BOBBIO PELLICE","PROVINCIA_CENTR":"TO","INDIRIZZO_CENTRALE":"VIA MAESTRA->49","LATITUDINE_SEZIONE":"44.80101","LONGITUDINE_SEZIONE":"7.12983","POS_X_SEZIONE":"352092.47926","POS_Y_SEZIONE":"4962546.38952","LATITUDINE_CENTRALE":"44.80795","LONGITUDINE_CENTRALE":"7.11402","POS_X_CENTRALE":"350859.98702","POS_Y_CENTRALE":"4963346.91700","TIPO_ADSL":"ADSL_M","DESCRIZIONE_TIPO_ADSL":"ADSL Mini","DISTANZA_CALCOLATA":"1469.65","CLASSE_DISTANZA":"1300-1699","POTENZA_SEGNALE":"0.64","POPOLAZIONE_SEZIONE": "11"}
			},
		 		{ "type" : "Feature",
				"geometry" : {
					"type" : "Point",
					"coordinates" : [7.09761,44.81744]},
			"properties" : { "ANNO":"2010","ID_SEZIONE":"16348","ISTAT_COMUNE_SEZ":"1026","COMUNE_SEZ":"BOBBIO PELLICE","PROVINCIA":"TO","ID_CENTRALE":"163","NOME_CENTRALE":"BOBBIO PELLICE","ISTAT_COMUNE_CENTR":"1026","COMUNE_CENTR":"BOBBIO PELLICE","PROVINCIA_CENTR":"TO","INDIRIZZO_CENTRALE":"VIA MAESTRA->49","LATITUDINE_SEZIONE":"44.81744","LONGITUDINE_SEZIONE":"7.09761","POS_X_SEZIONE":"349587.05846","POS_Y_SEZIONE":"4964430.89359","LATITUDINE_CENTRALE":"44.80795","LONGITUDINE_CENTRALE":"7.11402","POS_X_CENTRALE":"350859.98702","POS_Y_CENTRALE":"4963346.91700","TIPO_ADSL":"ADSL_M","DESCRIZIONE_TIPO_ADSL":"ADSL Mini","DISTANZA_CALCOLATA":"1671.93","CLASSE_DISTANZA":"1300-1699","POTENZA_SEGNALE":"0.64","POPOLAZIONE_SEZIONE": ""}
			},
		 		{ "type" : "Feature",
				"geometry" : {
					"type" : "Point",
					"coordinates" : [7.08674,44.79098]},
			"properties" : { "ANNO":"2010","ID_SEZIONE":"18413","ISTAT_COMUNE_SEZ":"1026","COMUNE_SEZ":"BOBBIO PELLICE","PROVINCIA":"TO","ID_CENTRALE":"163","NOME_CENTRALE":"BOBBIO PELLICE","ISTAT_COMUNE_CENTR":"1026","COMUNE_CENTR":"BOBBIO PELLICE","PROVINCIA_CENTR":"TO","INDIRIZZO_CENTRALE":"VIA MAESTRA->49","LATITUDINE_SEZIONE":"44.79098","LONGITUDINE_SEZIONE":"7.08674","POS_X_SEZIONE":"348658.15222","POS_Y_SEZIONE":"4961512.34357","LATITUDINE_CENTRALE":"44.80795","LONGITUDINE_CENTRALE":"7.11402","POS_X_CENTRALE":"350859.98702","POS_Y_CENTRALE":"4963346.91700","TIPO_ADSL":"ADSL_M","DESCRIZIONE_TIPO_ADSL":"ADSL Mini","DISTANZA_CALCOLATA":"2865.96","CLASSE_DISTANZA":"2500-2899","POTENZA_SEGNALE":"0.64","POPOLAZIONE_SEZIONE": ""}
			},
		 		{ "type" : "Feature",
				"geometry" : {
					"type" : "Point",
					"coordinates" : [7.08207,44.83547]},
			"properties" : { "ANNO":"2010","ID_SEZIONE":"21690","ISTAT_COMUNE_SEZ":"1026","COMUNE_SEZ":"BOBBIO PELLICE","PROVINCIA":"TO","ID_CENTRALE":"163","NOME_CENTRALE":"BOBBIO PELLICE","ISTAT_COMUNE_CENTR":"1026","COMUNE_CENTR":"BOBBIO PELLICE","PROVINCIA_CENTR":"TO","INDIRIZZO_CENTRALE":"VIA MAESTRA->49","LATITUDINE_SEZIONE":"44.83547","LONGITUDINE_SEZIONE":"7.08207","POS_X_SEZIONE":"348405.48278","POS_Y_SEZIONE":"4966462.91253","LATITUDINE_CENTRALE":"44.80795","LONGITUDINE_CENTRALE":"7.11402","POS_X_CENTRALE":"350859.98702","POS_Y_CENTRALE":"4963346.91700","TIPO_ADSL":"ADSL_M","DESCRIZIONE_TIPO_ADSL":"ADSL Mini","DISTANZA_CALCOLATA":"3966.61","CLASSE_DISTANZA":"3700-4099","POTENZA_SEGNALE":"0.64","POPOLAZIONE_SEZIONE": ""}
			},
		 		{ "type" : "Feature",
				"geometry" : {
					"type" : "Point",
					"coordinates" : [7.04253,44.77553]},
			"properties" : { "ANNO":"2010","ID_SEZIONE":"21697","ISTAT_COMUNE_SEZ":"1026","COMUNE_SEZ":"BOBBIO PELLICE","PROVINCIA":"TO","ID_CENTRALE":"163","NOME_CENTRALE":"BOBBIO PELLICE","ISTAT_COMUNE_CENTR":"1026","COMUNE_CENTR":"BOBBIO PELLICE","PROVINCIA_CENTR":"TO","INDIRIZZO_CENTRALE":"VIA MAESTRA->49","LATITUDINE_SEZIONE":"44.77553","LONGITUDINE_SEZIONE":"7.04253","POS_X_SEZIONE":"345119.93935","POS_Y_SEZIONE":"4959879.28833","LATITUDINE_CENTRALE":"44.80795","LONGITUDINE_CENTRALE":"7.11402","POS_X_CENTRALE":"350859.98702","POS_Y_CENTRALE":"4963346.91700","TIPO_ADSL":"ADSL_M","DESCRIZIONE_TIPO_ADSL":"ADSL Mini","DISTANZA_CALCOLATA":"6706.16","CLASSE_DISTANZA":"6100 e oltre","POTENZA_SEGNALE":"0.00","POPOLAZIONE_SEZIONE": ""}
			},
		 		{ "type" : "Feature",
				"geometry" : {
					"type" : "Point",
					"coordinates" : [7.11463,44.80425]},
			"properties" : { "ANNO":"2010","ID_SEZIONE":"23947","ISTAT_COMUNE_SEZ":"1026","COMUNE_SEZ":"BOBBIO PELLICE","PROVINCIA":"TO","ID_CENTRALE":"163","NOME_CENTRALE":"BOBBIO PELLICE","ISTAT_COMUNE_CENTR":"1026","COMUNE_CENTR":"BOBBIO PELLICE","PROVINCIA_CENTR":"TO","INDIRIZZO_CENTRALE":"VIA MAESTRA->49","LATITUDINE_SEZIONE":"44.80425","LONGITUDINE_SEZIONE":"7.11463","POS_X_SEZIONE":"350898.78556","POS_Y_SEZIONE":"4962934.38415","LATITUDINE_CENTRALE":"44.80795","LONGITUDINE_CENTRALE":"7.11402","POS_X_CENTRALE":"350859.98702","POS_Y_CENTRALE":"4963346.91700","TIPO_ADSL":"ADSL_M","DESCRIZIONE_TIPO_ADSL":"ADSL Mini","DISTANZA_CALCOLATA":"414.35","CLASSE_DISTANZA":"100-499","POTENZA_SEGNALE":"0.64","POPOLAZIONE_SEZIONE": "19"}
			},
		 		{ "type" : "Feature",
				"geometry" : {
					"type" : "Point",
					"coordinates" : [7.11357,44.78477]},
			"properties" : { "ANNO":"2010","ID_SEZIONE":"25078","ISTAT_COMUNE_SEZ":"1026","COMUNE_SEZ":"BOBBIO PELLICE","PROVINCIA":"TO","ID_CENTRALE":"163","NOME_CENTRALE":"BOBBIO PELLICE","ISTAT_COMUNE_CENTR":"1026","COMUNE_CENTR":"BOBBIO PELLICE","PROVINCIA_CENTR":"TO","INDIRIZZO_CENTRALE":"VIA MAESTRA->49","LATITUDINE_SEZIONE":"44.78477","LONGITUDINE_SEZIONE":"7.11357","POS_X_SEZIONE":"350764.79824","POS_Y_SEZIONE":"4960772.35202","LATITUDINE_CENTRALE":"44.80795","LONGITUDINE_CENTRALE":"7.11402","POS_X_CENTRALE":"350859.98702","POS_Y_CENTRALE":"4963346.91700","TIPO_ADSL":"ADSL_M","DESCRIZIONE_TIPO_ADSL":"ADSL Mini","DISTANZA_CALCOLATA":"2576.32","CLASSE_DISTANZA":"2500-2899","POTENZA_SEGNALE":"0.64","POPOLAZIONE_SEZIONE": "4"}
			},
		 		{ "type" : "Feature",
				"geometry" : {
					"type" : "Point",
					"coordinates" : [7.12210,44.80205]},
			"properties" : { "ANNO":"2010","ID_SEZIONE":"26319","ISTAT_COMUNE_SEZ":"1026","COMUNE_SEZ":"BOBBIO PELLICE","PROVINCIA":"TO","ID_CENTRALE":"163","NOME_CENTRALE":"BOBBIO PELLICE","ISTAT_COMUNE_CENTR":"1026","COMUNE_CENTR":"BOBBIO PELLICE","PROVINCIA_CENTR":"TO","INDIRIZZO_CENTRALE":"VIA MAESTRA->49","LATITUDINE_SEZIONE":"44.80205","LONGITUDINE_SEZIONE":"7.12210","POS_X_SEZIONE":"351483.39894","POS_Y_SEZIONE":"4962675.88559","LATITUDINE_CENTRALE":"44.80795","LONGITUDINE_CENTRALE":"7.11402","POS_X_CENTRALE":"350859.98702","POS_Y_CENTRALE":"4963346.91700","TIPO_ADSL":"ADSL_M","DESCRIZIONE_TIPO_ADSL":"ADSL Mini","DISTANZA_CALCOLATA":"915.93","CLASSE_DISTANZA":"900-1299","POTENZA_SEGNALE":"0.64","POPOLAZIONE_SEZIONE": "32"}
			},
		 		{ "type" : "Feature",
				"geometry" : {
					"type" : "Point",
					"coordinates" : [7.07239,44.80097]},
			"properties" : { "ANNO":"2010","ID_SEZIONE":"27978","ISTAT_COMUNE_SEZ":"1026","COMUNE_SEZ":"BOBBIO PELLICE","PROVINCIA":"TO","ID_CENTRALE":"163","NOME_CENTRALE":"BOBBIO PELLICE","ISTAT_COMUNE_CENTR":"1026","COMUNE_CENTR":"BOBBIO PELLICE","PROVINCIA_CENTR":"TO","INDIRIZZO_CENTRALE":"VIA MAESTRA->49","LATITUDINE_SEZIONE":"44.80097","LONGITUDINE_SEZIONE":"7.07239","POS_X_SEZIONE":"347549.66198","POS_Y_SEZIONE":"4962647.85000","LATITUDINE_CENTRALE":"44.80795","LONGITUDINE_CENTRALE":"7.11402","POS_X_CENTRALE":"350859.98702","POS_Y_CENTRALE":"4963346.91700","TIPO_ADSL":"ADSL_M","DESCRIZIONE_TIPO_ADSL":"ADSL Mini","DISTANZA_CALCOLATA":"3383.33","CLASSE_DISTANZA":"3300-3699","POTENZA_SEGNALE":"0.64","POPOLAZIONE_SEZIONE": "5"}
			},
		 		{ "type" : "Feature",
				"geometry" : {
					"type" : "Point",
					"coordinates" : [7.10750,44.81019]},
			"properties" : { "ANNO":"2010","ID_SEZIONE":"27980","ISTAT_COMUNE_SEZ":"1026","COMUNE_SEZ":"BOBBIO PELLICE","PROVINCIA":"TO","ID_CENTRALE":"163","NOME_CENTRALE":"BOBBIO PELLICE","ISTAT_COMUNE_CENTR":"1026","COMUNE_CENTR":"BOBBIO PELLICE","PROVINCIA_CENTR":"TO","INDIRIZZO_CENTRALE":"VIA MAESTRA->49","LATITUDINE_SEZIONE":"44.81019","LONGITUDINE_SEZIONE":"7.10750","POS_X_SEZIONE":"350350.20112","POS_Y_SEZIONE":"4963606.88898","LATITUDINE_CENTRALE":"44.80795","LONGITUDINE_CENTRALE":"7.11402","POS_X_CENTRALE":"350859.98702","POS_Y_CENTRALE":"4963346.91700","TIPO_ADSL":"ADSL_M","DESCRIZIONE_TIPO_ADSL":"ADSL Mini","DISTANZA_CALCOLATA":"572.25","CLASSE_DISTANZA":"500-899","POTENZA_SEGNALE":"0.64","POPOLAZIONE_SEZIONE": "10"}
			},
		 		{ "type" : "Feature",
				"geometry" : {
					"type" : "Point",
					"coordinates" : [7.04512,44.73677]},
			"properties" : { "ANNO":"2010","ID_SEZIONE":"27982","ISTAT_COMUNE_SEZ":"1026","COMUNE_SEZ":"BOBBIO PELLICE","PROVINCIA":"TO","ID_CENTRALE":"163","NOME_CENTRALE":"BOBBIO PELLICE","ISTAT_COMUNE_CENTR":"1026","COMUNE_CENTR":"BOBBIO PELLICE","PROVINCIA_CENTR":"TO","INDIRIZZO_CENTRALE":"VIA MAESTRA->49","LATITUDINE_SEZIONE":"44.73677","LONGITUDINE_SEZIONE":"7.04512","POS_X_SEZIONE":"345221.14997","POS_Y_SEZIONE":"4955568.72654","LATITUDINE_CENTRALE":"44.80795","LONGITUDINE_CENTRALE":"7.11402","POS_X_CENTRALE":"350859.98702","POS_Y_CENTRALE":"4963346.91700","TIPO_ADSL":"ADSL_M","DESCRIZIONE_TIPO_ADSL":"ADSL Mini","DISTANZA_CALCOLATA":"9607.12","CLASSE_DISTANZA":"6100 e oltre","POTENZA_SEGNALE":"0.00","POPOLAZIONE_SEZIONE": ""}
			},
		 		{ "type" : "Feature",
				"geometry" : {
					"type" : "Point",
					"coordinates" : [7.12069,44.80879]},
			"properties" : { "ANNO":"2010","ID_SEZIONE":"29271","ISTAT_COMUNE_SEZ":"1026","COMUNE_SEZ":"BOBBIO PELLICE","PROVINCIA":"TO","ID_CENTRALE":"163","NOME_CENTRALE":"BOBBIO PELLICE","ISTAT_COMUNE_CENTR":"1026","COMUNE_CENTR":"BOBBIO PELLICE","PROVINCIA_CENTR":"TO","INDIRIZZO_CENTRALE":"VIA MAESTRA->49","LATITUDINE_SEZIONE":"44.80879","LONGITUDINE_SEZIONE":"7.12069","POS_X_SEZIONE":"351389.20988","POS_Y_SEZIONE":"4963427.39560","LATITUDINE_CENTRALE":"44.80795","LONGITUDINE_CENTRALE":"7.11402","POS_X_CENTRALE":"350859.98702","POS_Y_CENTRALE":"4963346.91700","TIPO_ADSL":"ADSL_M","DESCRIZIONE_TIPO_ADSL":"ADSL Mini","DISTANZA_CALCOLATA":"535.31","CLASSE_DISTANZA":"500-899","POTENZA_SEGNALE":"0.64","POPOLAZIONE_SEZIONE": "166"}
			},
		 		{ "type" : "Feature",
				"geometry" : {
					"type" : "Point",
					"coordinates" : [7.11419,44.80826]},
			"properties" : { "ANNO":"2010","ID_SEZIONE":"29272","ISTAT_COMUNE_SEZ":"1026","COMUNE_SEZ":"BOBBIO PELLICE","PROVINCIA":"TO","ID_CENTRALE":"163","NOME_CENTRALE":"BOBBIO PELLICE","ISTAT_COMUNE_CENTR":"1026","COMUNE_CENTR":"BOBBIO PELLICE","PROVINCIA_CENTR":"TO","INDIRIZZO_CENTRALE":"VIA MAESTRA->49","LATITUDINE_SEZIONE":"44.80826","LONGITUDINE_SEZIONE":"7.11419","POS_X_SEZIONE":"350874.09641","POS_Y_SEZIONE":"4963380.89013","LATITUDINE_CENTRALE":"44.80795","LONGITUDINE_CENTRALE":"7.11402","POS_X_CENTRALE":"350859.98702","POS_Y_CENTRALE":"4963346.91700","TIPO_ADSL":"ADSL_M","DESCRIZIONE_TIPO_ADSL":"ADSL Mini","DISTANZA_CALCOLATA":"36.79","CLASSE_DISTANZA":"0-99","POTENZA_SEGNALE":"0.64","POPOLAZIONE_SEZIONE": "241"}
			},
		 		{ "type" : "Feature",
				"geometry" : {
					"type" : "Point",
					"coordinates" : [7.07890,44.77035]},
			"properties" : { "ANNO":"2010","ID_SEZIONE":"29678","ISTAT_COMUNE_SEZ":"1026","COMUNE_SEZ":"BOBBIO PELLICE","PROVINCIA":"TO","ID_CENTRALE":"163","NOME_CENTRALE":"BOBBIO PELLICE","ISTAT_COMUNE_CENTR":"1026","COMUNE_CENTR":"BOBBIO PELLICE","PROVINCIA_CENTR":"TO","INDIRIZZO_CENTRALE":"VIA MAESTRA->49","LATITUDINE_SEZIONE":"44.77035","LONGITUDINE_SEZIONE":"7.07890","POS_X_SEZIONE":"347983.98748","POS_Y_SEZIONE":"4959235.30395","LATITUDINE_CENTRALE":"44.80795","LONGITUDINE_CENTRALE":"7.11402","POS_X_CENTRALE":"350859.98702","POS_Y_CENTRALE":"4963346.91700","TIPO_ADSL":"ADSL_M","DESCRIZIONE_TIPO_ADSL":"ADSL Mini","DISTANZA_CALCOLATA":"5017.64","CLASSE_DISTANZA":"4900-5299","POTENZA_SEGNALE":"0.00","POPOLAZIONE_SEZIONE": ""}
			},
		 		{ "type" : "Feature",
				"geometry" : {
					"type" : "Point",
					"coordinates" : [7.09591,44.80490]},
			"properties" : { "ANNO":"2010","ID_SEZIONE":"29851","ISTAT_COMUNE_SEZ":"1026","COMUNE_SEZ":"BOBBIO PELLICE","PROVINCIA":"TO","ID_CENTRALE":"163","NOME_CENTRALE":"BOBBIO PELLICE","ISTAT_COMUNE_CENTR":"1026","COMUNE_CENTR":"BOBBIO PELLICE","PROVINCIA_CENTR":"TO","INDIRIZZO_CENTRALE":"VIA MAESTRA->49","LATITUDINE_SEZIONE":"44.80490","LONGITUDINE_SEZIONE":"7.09591","POS_X_SEZIONE":"349420.09884","POS_Y_SEZIONE":"4963041.37218","LATITUDINE_CENTRALE":"44.80795","LONGITUDINE_CENTRALE":"7.11402","POS_X_CENTRALE":"350859.98702","POS_Y_CENTRALE":"4963346.91700","TIPO_ADSL":"ADSL_M","DESCRIZIONE_TIPO_ADSL":"ADSL Mini","DISTANZA_CALCOLATA":"1471.95","CLASSE_DISTANZA":"1300-1699","POTENZA_SEGNALE":"0.64","POPOLAZIONE_SEZIONE": "13"}
			},
		 		{ "type" : "Feature",
				"geometry" : {
					"type" : "Point",
					"coordinates" : [7.03804,44.80774]},
			"properties" : { "ANNO":"2010","ID_SEZIONE":"30024","ISTAT_COMUNE_SEZ":"1026","COMUNE_SEZ":"BOBBIO PELLICE","PROVINCIA":"TO","ID_CENTRALE":"163","NOME_CENTRALE":"BOBBIO PELLICE","ISTAT_COMUNE_CENTR":"1026","COMUNE_CENTR":"BOBBIO PELLICE","PROVINCIA_CENTR":"TO","INDIRIZZO_CENTRALE":"VIA MAESTRA->49","LATITUDINE_SEZIONE":"44.80774","LONGITUDINE_SEZIONE":"7.03804","POS_X_SEZIONE":"344851.20079","POS_Y_SEZIONE":"4963465.83912","LATITUDINE_CENTRALE":"44.80795","LONGITUDINE_CENTRALE":"7.11402","POS_X_CENTRALE":"350859.98702","POS_Y_CENTRALE":"4963346.91700","TIPO_ADSL":"ADSL_M","DESCRIZIONE_TIPO_ADSL":"ADSL Mini","DISTANZA_CALCOLATA":"6009.96","CLASSE_DISTANZA":"5700-6099","POTENZA_SEGNALE":"0.00","POPOLAZIONE_SEZIONE": ""}
			}
		 		]
	}
		