 	{ "type" : "FeatureCollection",
		"features" : [
		 		{ "type" : "Feature",
				"geometry" : {
					"type" : "Point",
					"coordinates" : [7.98296,45.40818]},
			"properties" : { "ANNO":"2010","ID_SEZIONE":"175","ISTAT_COMUNE_SEZ":"1264","COMUNE_SEZ":"SETTIMO ROTTARO","PROVINCIA":"TO","ID_CENTRALE":"1343","NOME_CENTRALE":"SETTIMO ROTTARO","ISTAT_COMUNE_CENTR":"1264","COMUNE_CENTR":"SETTIMO ROTTARO","PROVINCIA_CENTR":"TO","INDIRIZZO_CENTRALE":"COMM.VACHINO 15","LATITUDINE_SEZIONE":"45.40818","LONGITUDINE_SEZIONE":"7.98296","POS_X_SEZIONE":"420413.14288","POS_Y_SEZIONE":"5028798.65301","LATITUDINE_CENTRALE":"45.40566","LONGITUDINE_CENTRALE":"7.99194","POS_X_CENTRALE":"421112.43848","POS_Y_CENTRALE":"5028509.33448","TIPO_ADSL":"ADSL_M","DESCRIZIONE_TIPO_ADSL":"ADSL Mini","DISTANZA_CALCOLATA":"756.78","CLASSE_DISTANZA":"500-899","POTENZA_SEGNALE":"0.64","POPOLAZIONE_SEZIONE": "4"}
			},
		 		{ "type" : "Feature",
				"geometry" : {
					"type" : "Point",
					"coordinates" : [7.98358,45.41498]},
			"properties" : { "ANNO":"2010","ID_SEZIONE":"3489","ISTAT_COMUNE_SEZ":"1264","COMUNE_SEZ":"SETTIMO ROTTARO","PROVINCIA":"TO","ID_CENTRALE":"1343","NOME_CENTRALE":"SETTIMO ROTTARO","ISTAT_COMUNE_CENTR":"1264","COMUNE_CENTR":"SETTIMO ROTTARO","PROVINCIA_CENTR":"TO","INDIRIZZO_CENTRALE":"COMM.VACHINO 15","LATITUDINE_SEZIONE":"45.41498","LONGITUDINE_SEZIONE":"7.98358","POS_X_SEZIONE":"420470.68707","POS_Y_SEZIONE":"5029553.15874","LATITUDINE_CENTRALE":"45.40566","LONGITUDINE_CENTRALE":"7.99194","POS_X_CENTRALE":"421112.43848","POS_Y_CENTRALE":"5028509.33448","TIPO_ADSL":"ADSL_M","DESCRIZIONE_TIPO_ADSL":"ADSL Mini","DISTANZA_CALCOLATA":"1225.32","CLASSE_DISTANZA":"900-1299","POTENZA_SEGNALE":"0.64","POPOLAZIONE_SEZIONE": "6"}
			},
		 		{ "type" : "Feature",
				"geometry" : {
					"type" : "Point",
					"coordinates" : [7.99352,45.39960]},
			"properties" : { "ANNO":"2010","ID_SEZIONE":"6730","ISTAT_COMUNE_SEZ":"1264","COMUNE_SEZ":"SETTIMO ROTTARO","PROVINCIA":"TO","ID_CENTRALE":"1343","NOME_CENTRALE":"SETTIMO ROTTARO","ISTAT_COMUNE_CENTR":"1264","COMUNE_CENTR":"SETTIMO ROTTARO","PROVINCIA_CENTR":"TO","INDIRIZZO_CENTRALE":"COMM.VACHINO 15","LATITUDINE_SEZIONE":"45.39960","LONGITUDINE_SEZIONE":"7.99352","POS_X_SEZIONE":"421227.23517","POS_Y_SEZIONE":"5027834.66043","LATITUDINE_CENTRALE":"45.40566","LONGITUDINE_CENTRALE":"7.99194","POS_X_CENTRALE":"421112.43848","POS_Y_CENTRALE":"5028509.33448","TIPO_ADSL":"ADSL_M","DESCRIZIONE_TIPO_ADSL":"ADSL Mini","DISTANZA_CALCOLATA":"684.37","CLASSE_DISTANZA":"500-899","POTENZA_SEGNALE":"0.64","POPOLAZIONE_SEZIONE": ""}
			},
		 		{ "type" : "Feature",
				"geometry" : {
					"type" : "Point",
					"coordinates" : [7.99372,45.40759]},
			"properties" : { "ANNO":"2010","ID_SEZIONE":"27197","ISTAT_COMUNE_SEZ":"1264","COMUNE_SEZ":"SETTIMO ROTTARO","PROVINCIA":"TO","ID_CENTRALE":"1343","NOME_CENTRALE":"SETTIMO ROTTARO","ISTAT_COMUNE_CENTR":"1264","COMUNE_CENTR":"SETTIMO ROTTARO","PROVINCIA_CENTR":"TO","INDIRIZZO_CENTRALE":"COMM.VACHINO 15","LATITUDINE_SEZIONE":"45.40759","LONGITUDINE_SEZIONE":"7.99372","POS_X_SEZIONE":"421253.78185","POS_Y_SEZIONE":"5028722.66606","LATITUDINE_CENTRALE":"45.40566","LONGITUDINE_CENTRALE":"7.99194","POS_X_CENTRALE":"421112.43848","POS_Y_CENTRALE":"5028509.33448","TIPO_ADSL":"ADSL_M","DESCRIZIONE_TIPO_ADSL":"ADSL Mini","DISTANZA_CALCOLATA":"255.91","CLASSE_DISTANZA":"100-499","POTENZA_SEGNALE":"0.64","POPOLAZIONE_SEZIONE": "505"}
			},
		 		{ "type" : "Feature",
				"geometry" : {
					"type" : "Point",
					"coordinates" : [8.00091,45.41152]},
			"properties" : { "ANNO":"2010","ID_SEZIONE":"29343","ISTAT_COMUNE_SEZ":"1264","COMUNE_SEZ":"SETTIMO ROTTARO","PROVINCIA":"TO","ID_CENTRALE":"1343","NOME_CENTRALE":"SETTIMO ROTTARO","ISTAT_COMUNE_CENTR":"1264","COMUNE_CENTR":"SETTIMO ROTTARO","PROVINCIA_CENTR":"TO","INDIRIZZO_CENTRALE":"COMM.VACHINO 15","LATITUDINE_SEZIONE":"45.41152","LONGITUDINE_SEZIONE":"8.00091","POS_X_SEZIONE":"421822.46691","POS_Y_SEZIONE":"5029152.17826","LATITUDINE_CENTRALE":"45.40566","LONGITUDINE_CENTRALE":"7.99194","POS_X_CENTRALE":"421112.43848","POS_Y_CENTRALE":"5028509.33448","TIPO_ADSL":"ADSL_M","DESCRIZIONE_TIPO_ADSL":"ADSL Mini","DISTANZA_CALCOLATA":"957.80","CLASSE_DISTANZA":"900-1299","POTENZA_SEGNALE":"0.64","POPOLAZIONE_SEZIONE": "2"}
			}
		 		]
	}
		