 	{ "type" : "FeatureCollection",
		"features" : [
		 		{ "type" : "Feature",
				"geometry" : {
					"type" : "Point",
					"coordinates" : [7.80515,44.50130]},
			"properties" : { "ANNO":"2010","ID_SEZIONE":"334","ISTAT_COMUNE_SEZ":"4019","COMUNE_SEZ":"BENE VAGIENNA","PROVINCIA":"CN","ID_CENTRALE":"140","NOME_CENTRALE":"BENEVAGIENNA","ISTAT_COMUNE_CENTR":"4019","COMUNE_CENTR":"BENE VAGIENNA","PROVINCIA_CENTR":"CN","INDIRIZZO_CENTRALE":"VIA MONDOVI'","LATITUDINE_SEZIONE":"44.50130","LONGITUDINE_SEZIONE":"7.80515","POS_X_SEZIONE":"405014.31790","POS_Y_SEZIONE":"4928247.88325","LATITUDINE_CENTRALE":"44.54232","LONGITUDINE_CENTRALE":"7.82471","POS_X_CENTRALE":"406634.42966","POS_Y_CENTRALE":"4932781.95781","TIPO_ADSL":"ADSL_1","DESCRIZIONE_TIPO_ADSL":"ADSL (8 mega)","DISTANZA_CALCOLATA":"4814.83","CLASSE_DISTANZA":"4500-4899","POTENZA_SEGNALE":"1470","POPOLAZIONE_SEZIONE": "113"}
			},
		 		{ "type" : "Feature",
				"geometry" : {
					"type" : "Point",
					"coordinates" : [7.82557,44.54175]},
			"properties" : { "ANNO":"2010","ID_SEZIONE":"1594","ISTAT_COMUNE_SEZ":"4019","COMUNE_SEZ":"BENE VAGIENNA","PROVINCIA":"CN","ID_CENTRALE":"140","NOME_CENTRALE":"BENEVAGIENNA","ISTAT_COMUNE_CENTR":"4019","COMUNE_CENTR":"BENE VAGIENNA","PROVINCIA_CENTR":"CN","INDIRIZZO_CENTRALE":"VIA MONDOVI'","LATITUDINE_SEZIONE":"44.54175","LONGITUDINE_SEZIONE":"7.82557","POS_X_SEZIONE":"406702.02402","POS_Y_SEZIONE":"4932716.99097","LATITUDINE_CENTRALE":"44.54232","LONGITUDINE_CENTRALE":"7.82471","POS_X_CENTRALE":"406634.42966","POS_Y_CENTRALE":"4932781.95781","TIPO_ADSL":"ADSL_1","DESCRIZIONE_TIPO_ADSL":"ADSL (8 mega)","DISTANZA_CALCOLATA":"93.75","CLASSE_DISTANZA":"0-99","POTENZA_SEGNALE":"7000","POPOLAZIONE_SEZIONE": "629"}
			},
		 		{ "type" : "Feature",
				"geometry" : {
					"type" : "Point",
					"coordinates" : [7.79759,44.53728]},
			"properties" : { "ANNO":"2010","ID_SEZIONE":"1596","ISTAT_COMUNE_SEZ":"4019","COMUNE_SEZ":"BENE VAGIENNA","PROVINCIA":"CN","ID_CENTRALE":"140","NOME_CENTRALE":"BENEVAGIENNA","ISTAT_COMUNE_CENTR":"4019","COMUNE_CENTR":"BENE VAGIENNA","PROVINCIA_CENTR":"CN","INDIRIZZO_CENTRALE":"VIA MONDOVI'","LATITUDINE_SEZIONE":"44.53728","LONGITUDINE_SEZIONE":"7.79759","POS_X_SEZIONE":"404471.73000","POS_Y_SEZIONE":"4932252.92543","LATITUDINE_CENTRALE":"44.54232","LONGITUDINE_CENTRALE":"7.82471","POS_X_CENTRALE":"406634.42966","POS_Y_CENTRALE":"4932781.95781","TIPO_ADSL":"ADSL_1","DESCRIZIONE_TIPO_ADSL":"ADSL (8 mega)","DISTANZA_CALCOLATA":"2226.46","CLASSE_DISTANZA":"2100-2499","POTENZA_SEGNALE":"6500.38","POPOLAZIONE_SEZIONE": "34"}
			},
		 		{ "type" : "Feature",
				"geometry" : {
					"type" : "Point",
					"coordinates" : [7.81914,44.56378]},
			"properties" : { "ANNO":"2010","ID_SEZIONE":"2015","ISTAT_COMUNE_SEZ":"4019","COMUNE_SEZ":"BENE VAGIENNA","PROVINCIA":"CN","ID_CENTRALE":"140","NOME_CENTRALE":"BENEVAGIENNA","ISTAT_COMUNE_CENTR":"4019","COMUNE_CENTR":"BENE VAGIENNA","PROVINCIA_CENTR":"CN","INDIRIZZO_CENTRALE":"VIA MONDOVI'","LATITUDINE_SEZIONE":"44.56378","LONGITUDINE_SEZIONE":"7.81914","POS_X_SEZIONE":"406226.59464","POS_Y_SEZIONE":"4935172.01561","LATITUDINE_CENTRALE":"44.54232","LONGITUDINE_CENTRALE":"7.82471","POS_X_CENTRALE":"406634.42966","POS_Y_CENTRALE":"4932781.95781","TIPO_ADSL":"ADSL_1","DESCRIZIONE_TIPO_ADSL":"ADSL (8 mega)","DISTANZA_CALCOLATA":"2424.6","CLASSE_DISTANZA":"2100-2499","POTENZA_SEGNALE":"6500.38","POPOLAZIONE_SEZIONE": "17"}
			},
		 		{ "type" : "Feature",
				"geometry" : {
					"type" : "Point",
					"coordinates" : [7.80892,44.53249]},
			"properties" : { "ANNO":"2010","ID_SEZIONE":"2450","ISTAT_COMUNE_SEZ":"4019","COMUNE_SEZ":"BENE VAGIENNA","PROVINCIA":"CN","ID_CENTRALE":"140","NOME_CENTRALE":"BENEVAGIENNA","ISTAT_COMUNE_CENTR":"4019","COMUNE_CENTR":"BENE VAGIENNA","PROVINCIA_CENTR":"CN","INDIRIZZO_CENTRALE":"VIA MONDOVI'","LATITUDINE_SEZIONE":"44.53249","LONGITUDINE_SEZIONE":"7.80892","POS_X_SEZIONE":"405364.11425","POS_Y_SEZIONE":"4931707.44063","LATITUDINE_CENTRALE":"44.54232","LONGITUDINE_CENTRALE":"7.82471","POS_X_CENTRALE":"406634.42966","POS_Y_CENTRALE":"4932781.95781","TIPO_ADSL":"ADSL_1","DESCRIZIONE_TIPO_ADSL":"ADSL (8 mega)","DISTANZA_CALCOLATA":"1663.82","CLASSE_DISTANZA":"1300-1699","POTENZA_SEGNALE":"7000","POPOLAZIONE_SEZIONE": "15"}
			},
		 		{ "type" : "Feature",
				"geometry" : {
					"type" : "Point",
					"coordinates" : [7.84703,44.56156]},
			"properties" : { "ANNO":"2010","ID_SEZIONE":"3155","ISTAT_COMUNE_SEZ":"4019","COMUNE_SEZ":"BENE VAGIENNA","PROVINCIA":"CN","ID_CENTRALE":"140","NOME_CENTRALE":"BENEVAGIENNA","ISTAT_COMUNE_CENTR":"4019","COMUNE_CENTR":"BENE VAGIENNA","PROVINCIA_CENTR":"CN","INDIRIZZO_CENTRALE":"VIA MONDOVI'","LATITUDINE_SEZIONE":"44.56156","LONGITUDINE_SEZIONE":"7.84703","POS_X_SEZIONE":"408437.79413","POS_Y_SEZIONE":"4934893.05497","LATITUDINE_CENTRALE":"44.54232","LONGITUDINE_CENTRALE":"7.82471","POS_X_CENTRALE":"406634.42966","POS_Y_CENTRALE":"4932781.95781","TIPO_ADSL":"ADSL_1","DESCRIZIONE_TIPO_ADSL":"ADSL (8 mega)","DISTANZA_CALCOLATA":"2776.48","CLASSE_DISTANZA":"2500-2899","POTENZA_SEGNALE":"5749.63","POPOLAZIONE_SEZIONE": "92"}
			},
		 		{ "type" : "Feature",
				"geometry" : {
					"type" : "Point",
					"coordinates" : [7.79273,44.51783]},
			"properties" : { "ANNO":"2010","ID_SEZIONE":"4450","ISTAT_COMUNE_SEZ":"4019","COMUNE_SEZ":"BENE VAGIENNA","PROVINCIA":"CN","ID_CENTRALE":"140","NOME_CENTRALE":"BENEVAGIENNA","ISTAT_COMUNE_CENTR":"4019","COMUNE_CENTR":"BENE VAGIENNA","PROVINCIA_CENTR":"CN","INDIRIZZO_CENTRALE":"VIA MONDOVI'","LATITUDINE_SEZIONE":"44.51783","LONGITUDINE_SEZIONE":"7.79273","POS_X_SEZIONE":"404053.84021","POS_Y_SEZIONE":"4930098.38642","LATITUDINE_CENTRALE":"44.54232","LONGITUDINE_CENTRALE":"7.82471","POS_X_CENTRALE":"406634.42966","POS_Y_CENTRALE":"4932781.95781","TIPO_ADSL":"ADSL_1","DESCRIZIONE_TIPO_ADSL":"ADSL (8 mega)","DISTANZA_CALCOLATA":"3723.04","CLASSE_DISTANZA":"3700-4099","POTENZA_SEGNALE":"3000.38","POPOLAZIONE_SEZIONE": "13"}
			},
		 		{ "type" : "Feature",
				"geometry" : {
					"type" : "Point",
					"coordinates" : [7.81112,44.53814]},
			"properties" : { "ANNO":"2010","ID_SEZIONE":"4849","ISTAT_COMUNE_SEZ":"4019","COMUNE_SEZ":"BENE VAGIENNA","PROVINCIA":"CN","ID_CENTRALE":"140","NOME_CENTRALE":"BENEVAGIENNA","ISTAT_COMUNE_CENTR":"4019","COMUNE_CENTR":"BENE VAGIENNA","PROVINCIA_CENTR":"CN","INDIRIZZO_CENTRALE":"VIA MONDOVI'","LATITUDINE_SEZIONE":"44.53814","LONGITUDINE_SEZIONE":"7.81112","POS_X_SEZIONE":"405548.19259","POS_Y_SEZIONE":"4932332.95461","LATITUDINE_CENTRALE":"44.54232","LONGITUDINE_CENTRALE":"7.82471","POS_X_CENTRALE":"406634.42966","POS_Y_CENTRALE":"4932781.95781","TIPO_ADSL":"ADSL_1","DESCRIZIONE_TIPO_ADSL":"ADSL (8 mega)","DISTANZA_CALCOLATA":"1175.38","CLASSE_DISTANZA":"900-1299","POTENZA_SEGNALE":"7000","POPOLAZIONE_SEZIONE": "48"}
			},
		 		{ "type" : "Feature",
				"geometry" : {
					"type" : "Point",
					"coordinates" : [7.83321,44.53292]},
			"properties" : { "ANNO":"2010","ID_SEZIONE":"4850","ISTAT_COMUNE_SEZ":"4019","COMUNE_SEZ":"BENE VAGIENNA","PROVINCIA":"CN","ID_CENTRALE":"140","NOME_CENTRALE":"BENEVAGIENNA","ISTAT_COMUNE_CENTR":"4019","COMUNE_CENTR":"BENE VAGIENNA","PROVINCIA_CENTR":"CN","INDIRIZZO_CENTRALE":"VIA MONDOVI'","LATITUDINE_SEZIONE":"44.53292","LONGITUDINE_SEZIONE":"7.83321","POS_X_SEZIONE":"407294.70549","POS_Y_SEZIONE":"4931727.48850","LATITUDINE_CENTRALE":"44.54232","LONGITUDINE_CENTRALE":"7.82471","POS_X_CENTRALE":"406634.42966","POS_Y_CENTRALE":"4932781.95781","TIPO_ADSL":"ADSL_1","DESCRIZIONE_TIPO_ADSL":"ADSL (8 mega)","DISTANZA_CALCOLATA":"1244.13","CLASSE_DISTANZA":"900-1299","POTENZA_SEGNALE":"7000","POPOLAZIONE_SEZIONE": "67"}
			},
		 		{ "type" : "Feature",
				"geometry" : {
					"type" : "Point",
					"coordinates" : [7.83820,44.54885]},
			"properties" : { "ANNO":"2010","ID_SEZIONE":"6268","ISTAT_COMUNE_SEZ":"4019","COMUNE_SEZ":"BENE VAGIENNA","PROVINCIA":"CN","ID_CENTRALE":"140","NOME_CENTRALE":"BENEVAGIENNA","ISTAT_COMUNE_CENTR":"4019","COMUNE_CENTR":"BENE VAGIENNA","PROVINCIA_CENTR":"CN","INDIRIZZO_CENTRALE":"VIA MONDOVI'","LATITUDINE_SEZIONE":"44.54885","LONGITUDINE_SEZIONE":"7.83820","POS_X_SEZIONE":"407716.85461","POS_Y_SEZIONE":"4933492.02277","LATITUDINE_CENTRALE":"44.54232","LONGITUDINE_CENTRALE":"7.82471","POS_X_CENTRALE":"406634.42966","POS_Y_CENTRALE":"4932781.95781","TIPO_ADSL":"ADSL_1","DESCRIZIONE_TIPO_ADSL":"ADSL (8 mega)","DISTANZA_CALCOLATA":"1294.54","CLASSE_DISTANZA":"900-1299","POTENZA_SEGNALE":"7000","POPOLAZIONE_SEZIONE": "15"}
			},
		 		{ "type" : "Feature",
				"geometry" : {
					"type" : "Point",
					"coordinates" : [7.81042,44.50658]},
			"properties" : { "ANNO":"2010","ID_SEZIONE":"6714","ISTAT_COMUNE_SEZ":"4019","COMUNE_SEZ":"BENE VAGIENNA","PROVINCIA":"CN","ID_CENTRALE":"140","NOME_CENTRALE":"BENEVAGIENNA","ISTAT_COMUNE_CENTR":"4019","COMUNE_CENTR":"BENE VAGIENNA","PROVINCIA_CENTR":"CN","INDIRIZZO_CENTRALE":"VIA MONDOVI'","LATITUDINE_SEZIONE":"44.50658","LONGITUDINE_SEZIONE":"7.81042","POS_X_SEZIONE":"405441.74113","POS_Y_SEZIONE":"4928827.90091","LATITUDINE_CENTRALE":"44.54232","LONGITUDINE_CENTRALE":"7.82471","POS_X_CENTRALE":"406634.42966","POS_Y_CENTRALE":"4932781.95781","TIPO_ADSL":"ADSL_1","DESCRIZIONE_TIPO_ADSL":"ADSL (8 mega)","DISTANZA_CALCOLATA":"4130.02","CLASSE_DISTANZA":"4100-4499","POTENZA_SEGNALE":"2125.38","POPOLAZIONE_SEZIONE": "13"}
			},
		 		{ "type" : "Feature",
				"geometry" : {
					"type" : "Point",
					"coordinates" : [7.85315,44.52163]},
			"properties" : { "ANNO":"2010","ID_SEZIONE":"7132","ISTAT_COMUNE_SEZ":"4019","COMUNE_SEZ":"BENE VAGIENNA","PROVINCIA":"CN","ID_CENTRALE":"140","NOME_CENTRALE":"BENEVAGIENNA","ISTAT_COMUNE_CENTR":"4019","COMUNE_CENTR":"BENE VAGIENNA","PROVINCIA_CENTR":"CN","INDIRIZZO_CENTRALE":"VIA MONDOVI'","LATITUDINE_SEZIONE":"44.52163","LONGITUDINE_SEZIONE":"7.85315","POS_X_SEZIONE":"408861.24424","POS_Y_SEZIONE":"4930451.00594","LATITUDINE_CENTRALE":"44.54232","LONGITUDINE_CENTRALE":"7.82471","POS_X_CENTRALE":"406634.42966","POS_Y_CENTRALE":"4932781.95781","TIPO_ADSL":"ADSL_1","DESCRIZIONE_TIPO_ADSL":"ADSL (8 mega)","DISTANZA_CALCOLATA":"3223.67","CLASSE_DISTANZA":"2900-3299","POTENZA_SEGNALE":"4999.75","POPOLAZIONE_SEZIONE": "3"}
			},
		 		{ "type" : "Feature",
				"geometry" : {
					"type" : "Point",
					"coordinates" : [7.82327,44.55697]},
			"properties" : { "ANNO":"2010","ID_SEZIONE":"7760","ISTAT_COMUNE_SEZ":"4019","COMUNE_SEZ":"BENE VAGIENNA","PROVINCIA":"CN","ID_CENTRALE":"140","NOME_CENTRALE":"BENEVAGIENNA","ISTAT_COMUNE_CENTR":"4019","COMUNE_CENTR":"BENE VAGIENNA","PROVINCIA_CENTR":"CN","INDIRIZZO_CENTRALE":"VIA MONDOVI'","LATITUDINE_SEZIONE":"44.55697","LONGITUDINE_SEZIONE":"7.82327","POS_X_SEZIONE":"406543.48578","POS_Y_SEZIONE":"4934410.51289","LATITUDINE_CENTRALE":"44.54232","LONGITUDINE_CENTRALE":"7.82471","POS_X_CENTRALE":"406634.42966","POS_Y_CENTRALE":"4932781.95781","TIPO_ADSL":"ADSL_1","DESCRIZIONE_TIPO_ADSL":"ADSL (8 mega)","DISTANZA_CALCOLATA":"1631.09","CLASSE_DISTANZA":"1300-1699","POTENZA_SEGNALE":"7000","POPOLAZIONE_SEZIONE": "52"}
			},
		 		{ "type" : "Feature",
				"geometry" : {
					"type" : "Point",
					"coordinates" : [7.82047,44.56863]},
			"properties" : { "ANNO":"2010","ID_SEZIONE":"8082","ISTAT_COMUNE_SEZ":"4019","COMUNE_SEZ":"BENE VAGIENNA","PROVINCIA":"CN","ID_CENTRALE":"140","NOME_CENTRALE":"BENEVAGIENNA","ISTAT_COMUNE_CENTR":"4019","COMUNE_CENTR":"BENE VAGIENNA","PROVINCIA_CENTR":"CN","INDIRIZZO_CENTRALE":"VIA MONDOVI'","LATITUDINE_SEZIONE":"44.56863","LONGITUDINE_SEZIONE":"7.82047","POS_X_SEZIONE":"406340.11323","POS_Y_SEZIONE":"4935708.52710","LATITUDINE_CENTRALE":"44.54232","LONGITUDINE_CENTRALE":"7.82471","POS_X_CENTRALE":"406634.42966","POS_Y_CENTRALE":"4932781.95781","TIPO_ADSL":"ADSL_1","DESCRIZIONE_TIPO_ADSL":"ADSL (8 mega)","DISTANZA_CALCOLATA":"2941.33","CLASSE_DISTANZA":"2900-3299","POTENZA_SEGNALE":"4999.75","POPOLAZIONE_SEZIONE": "113"}
			},
		 		{ "type" : "Feature",
				"geometry" : {
					"type" : "Point",
					"coordinates" : [7.78589,44.52853]},
			"properties" : { "ANNO":"2010","ID_SEZIONE":"9858","ISTAT_COMUNE_SEZ":"4019","COMUNE_SEZ":"BENE VAGIENNA","PROVINCIA":"CN","ID_CENTRALE":"140","NOME_CENTRALE":"BENEVAGIENNA","ISTAT_COMUNE_CENTR":"4019","COMUNE_CENTR":"BENE VAGIENNA","PROVINCIA_CENTR":"CN","INDIRIZZO_CENTRALE":"VIA MONDOVI'","LATITUDINE_SEZIONE":"44.52853","LONGITUDINE_SEZIONE":"7.78589","POS_X_SEZIONE":"403528.28449","POS_Y_SEZIONE":"4931295.38917","LATITUDINE_CENTRALE":"44.54232","LONGITUDINE_CENTRALE":"7.82471","POS_X_CENTRALE":"406634.42966","POS_Y_CENTRALE":"4932781.95781","TIPO_ADSL":"ADSL_1","DESCRIZIONE_TIPO_ADSL":"ADSL (8 mega)","DISTANZA_CALCOLATA":"3443.55","CLASSE_DISTANZA":"3300-3699","POTENZA_SEGNALE":"3999.63","POPOLAZIONE_SEZIONE": "5"}
			},
		 		{ "type" : "Feature",
				"geometry" : {
					"type" : "Point",
					"coordinates" : [7.85668,44.53924]},
			"properties" : { "ANNO":"2010","ID_SEZIONE":"12463","ISTAT_COMUNE_SEZ":"4019","COMUNE_SEZ":"BENE VAGIENNA","PROVINCIA":"CN","ID_CENTRALE":"140","NOME_CENTRALE":"BENEVAGIENNA","ISTAT_COMUNE_CENTR":"4019","COMUNE_CENTR":"BENE VAGIENNA","PROVINCIA_CENTR":"CN","INDIRIZZO_CENTRALE":"VIA MONDOVI'","LATITUDINE_SEZIONE":"44.53924","LONGITUDINE_SEZIONE":"7.85668","POS_X_SEZIONE":"409169.41909","POS_Y_SEZIONE":"4932404.03660","LATITUDINE_CENTRALE":"44.54232","LONGITUDINE_CENTRALE":"7.82471","POS_X_CENTRALE":"406634.42966","POS_Y_CENTRALE":"4932781.95781","TIPO_ADSL":"ADSL_1","DESCRIZIONE_TIPO_ADSL":"ADSL (8 mega)","DISTANZA_CALCOLATA":"2563.01","CLASSE_DISTANZA":"2500-2899","POTENZA_SEGNALE":"5749.63","POPOLAZIONE_SEZIONE": "13"}
			},
		 		{ "type" : "Feature",
				"geometry" : {
					"type" : "Point",
					"coordinates" : [7.86754,44.53889]},
			"properties" : { "ANNO":"2010","ID_SEZIONE":"12957","ISTAT_COMUNE_SEZ":"4019","COMUNE_SEZ":"BENE VAGIENNA","PROVINCIA":"CN","ID_CENTRALE":"140","NOME_CENTRALE":"BENEVAGIENNA","ISTAT_COMUNE_CENTR":"4019","COMUNE_CENTR":"BENE VAGIENNA","PROVINCIA_CENTR":"CN","INDIRIZZO_CENTRALE":"VIA MONDOVI'","LATITUDINE_SEZIONE":"44.53889","LONGITUDINE_SEZIONE":"7.86754","POS_X_SEZIONE":"410031.70594","POS_Y_SEZIONE":"4932352.05375","LATITUDINE_CENTRALE":"44.54232","LONGITUDINE_CENTRALE":"7.82471","POS_X_CENTRALE":"406634.42966","POS_Y_CENTRALE":"4932781.95781","TIPO_ADSL":"ADSL_1","DESCRIZIONE_TIPO_ADSL":"ADSL (8 mega)","DISTANZA_CALCOLATA":"3424.37","CLASSE_DISTANZA":"3300-3699","POTENZA_SEGNALE":"3999.63","POPOLAZIONE_SEZIONE": "49"}
			},
		 		{ "type" : "Feature",
				"geometry" : {
					"type" : "Point",
					"coordinates" : [7.78822,44.52415]},
			"properties" : { "ANNO":"2010","ID_SEZIONE":"13187","ISTAT_COMUNE_SEZ":"4019","COMUNE_SEZ":"BENE VAGIENNA","PROVINCIA":"CN","ID_CENTRALE":"140","NOME_CENTRALE":"BENEVAGIENNA","ISTAT_COMUNE_CENTR":"4019","COMUNE_CENTR":"BENE VAGIENNA","PROVINCIA_CENTR":"CN","INDIRIZZO_CENTRALE":"VIA MONDOVI'","LATITUDINE_SEZIONE":"44.52415","LONGITUDINE_SEZIONE":"7.78822","POS_X_SEZIONE":"403705.76366","POS_Y_SEZIONE":"4930805.38725","LATITUDINE_CENTRALE":"44.54232","LONGITUDINE_CENTRALE":"7.82471","POS_X_CENTRALE":"406634.42966","POS_Y_CENTRALE":"4932781.95781","TIPO_ADSL":"ADSL_1","DESCRIZIONE_TIPO_ADSL":"ADSL (8 mega)","DISTANZA_CALCOLATA":"3533.26","CLASSE_DISTANZA":"3300-3699","POTENZA_SEGNALE":"3999.63","POPOLAZIONE_SEZIONE": ""}
			},
		 		{ "type" : "Feature",
				"geometry" : {
					"type" : "Point",
					"coordinates" : [7.82089,44.52644]},
			"properties" : { "ANNO":"2010","ID_SEZIONE":"13604","ISTAT_COMUNE_SEZ":"4019","COMUNE_SEZ":"BENE VAGIENNA","PROVINCIA":"CN","ID_CENTRALE":"140","NOME_CENTRALE":"BENEVAGIENNA","ISTAT_COMUNE_CENTR":"4019","COMUNE_CENTR":"BENE VAGIENNA","PROVINCIA_CENTR":"CN","INDIRIZZO_CENTRALE":"VIA MONDOVI'","LATITUDINE_SEZIONE":"44.52644","LONGITUDINE_SEZIONE":"7.82089","POS_X_SEZIONE":"406305.25218","POS_Y_SEZIONE":"4931022.45426","LATITUDINE_CENTRALE":"44.54232","LONGITUDINE_CENTRALE":"7.82471","POS_X_CENTRALE":"406634.42966","POS_Y_CENTRALE":"4932781.95781","TIPO_ADSL":"ADSL_1","DESCRIZIONE_TIPO_ADSL":"ADSL (8 mega)","DISTANZA_CALCOLATA":"1790.03","CLASSE_DISTANZA":"1700-2099","POTENZA_SEGNALE":"6874.88","POPOLAZIONE_SEZIONE": "14"}
			},
		 		{ "type" : "Feature",
				"geometry" : {
					"type" : "Point",
					"coordinates" : [7.82064,44.54692]},
			"properties" : { "ANNO":"2010","ID_SEZIONE":"15268","ISTAT_COMUNE_SEZ":"4019","COMUNE_SEZ":"BENE VAGIENNA","PROVINCIA":"CN","ID_CENTRALE":"140","NOME_CENTRALE":"BENEVAGIENNA","ISTAT_COMUNE_CENTR":"4019","COMUNE_CENTR":"BENE VAGIENNA","PROVINCIA_CENTR":"CN","INDIRIZZO_CENTRALE":"VIA MONDOVI'","LATITUDINE_SEZIONE":"44.54692","LONGITUDINE_SEZIONE":"7.82064","POS_X_SEZIONE":"406318.66811","POS_Y_SEZIONE":"4933297.48940","LATITUDINE_CENTRALE":"44.54232","LONGITUDINE_CENTRALE":"7.82471","POS_X_CENTRALE":"406634.42966","POS_Y_CENTRALE":"4932781.95781","TIPO_ADSL":"ADSL_1","DESCRIZIONE_TIPO_ADSL":"ADSL (8 mega)","DISTANZA_CALCOLATA":"604.55","CLASSE_DISTANZA":"500-899","POTENZA_SEGNALE":"7000","POPOLAZIONE_SEZIONE": "20"}
			},
		 		{ "type" : "Feature",
				"geometry" : {
					"type" : "Point",
					"coordinates" : [7.82731,44.56804]},
			"properties" : { "ANNO":"2010","ID_SEZIONE":"15475","ISTAT_COMUNE_SEZ":"4019","COMUNE_SEZ":"BENE VAGIENNA","PROVINCIA":"CN","ID_CENTRALE":"140","NOME_CENTRALE":"BENEVAGIENNA","ISTAT_COMUNE_CENTR":"4019","COMUNE_CENTR":"BENE VAGIENNA","PROVINCIA_CENTR":"CN","INDIRIZZO_CENTRALE":"VIA MONDOVI'","LATITUDINE_SEZIONE":"44.56804","LONGITUDINE_SEZIONE":"7.82731","POS_X_SEZIONE":"406881.76930","POS_Y_SEZIONE":"4935636.04172","LATITUDINE_CENTRALE":"44.54232","LONGITUDINE_CENTRALE":"7.82471","POS_X_CENTRALE":"406634.42966","POS_Y_CENTRALE":"4932781.95781","TIPO_ADSL":"ADSL_1","DESCRIZIONE_TIPO_ADSL":"ADSL (8 mega)","DISTANZA_CALCOLATA":"2864.78","CLASSE_DISTANZA":"2500-2899","POTENZA_SEGNALE":"5749.63","POPOLAZIONE_SEZIONE": "16"}
			},
		 		{ "type" : "Feature",
				"geometry" : {
					"type" : "Point",
					"coordinates" : [7.82932,44.54399]},
			"properties" : { "ANNO":"2010","ID_SEZIONE":"16843","ISTAT_COMUNE_SEZ":"4019","COMUNE_SEZ":"BENE VAGIENNA","PROVINCIA":"CN","ID_CENTRALE":"140","NOME_CENTRALE":"BENEVAGIENNA","ISTAT_COMUNE_CENTR":"4019","COMUNE_CENTR":"BENE VAGIENNA","PROVINCIA_CENTR":"CN","INDIRIZZO_CENTRALE":"VIA MONDOVI'","LATITUDINE_SEZIONE":"44.54399","LONGITUDINE_SEZIONE":"7.82932","POS_X_SEZIONE":"407003.30018","POS_Y_SEZIONE":"4932962.00140","LATITUDINE_CENTRALE":"44.54232","LONGITUDINE_CENTRALE":"7.82471","POS_X_CENTRALE":"406634.42966","POS_Y_CENTRALE":"4932781.95781","TIPO_ADSL":"ADSL_1","DESCRIZIONE_TIPO_ADSL":"ADSL (8 mega)","DISTANZA_CALCOLATA":"410.46","CLASSE_DISTANZA":"100-499","POTENZA_SEGNALE":"7000","POPOLAZIONE_SEZIONE": "86"}
			},
		 		{ "type" : "Feature",
				"geometry" : {
					"type" : "Point",
					"coordinates" : [7.82932,44.54284]},
			"properties" : { "ANNO":"2010","ID_SEZIONE":"17521","ISTAT_COMUNE_SEZ":"4019","COMUNE_SEZ":"BENE VAGIENNA","PROVINCIA":"CN","ID_CENTRALE":"140","NOME_CENTRALE":"BENEVAGIENNA","ISTAT_COMUNE_CENTR":"4019","COMUNE_CENTR":"BENE VAGIENNA","PROVINCIA_CENTR":"CN","INDIRIZZO_CENTRALE":"VIA MONDOVI'","LATITUDINE_SEZIONE":"44.54284","LONGITUDINE_SEZIONE":"7.82932","POS_X_SEZIONE":"407001.46005","POS_Y_SEZIONE":"4932834.49957","LATITUDINE_CENTRALE":"44.54232","LONGITUDINE_CENTRALE":"7.82471","POS_X_CENTRALE":"406634.42966","POS_Y_CENTRALE":"4932781.95781","TIPO_ADSL":"ADSL_1","DESCRIZIONE_TIPO_ADSL":"ADSL (8 mega)","DISTANZA_CALCOLATA":"370.77","CLASSE_DISTANZA":"100-499","POTENZA_SEGNALE":"7000","POPOLAZIONE_SEZIONE": "127"}
			},
		 		{ "type" : "Feature",
				"geometry" : {
					"type" : "Point",
					"coordinates" : [7.83476,44.54484]},
			"properties" : { "ANNO":"2010","ID_SEZIONE":"18100","ISTAT_COMUNE_SEZ":"4019","COMUNE_SEZ":"BENE VAGIENNA","PROVINCIA":"CN","ID_CENTRALE":"140","NOME_CENTRALE":"BENEVAGIENNA","ISTAT_COMUNE_CENTR":"4019","COMUNE_CENTR":"BENE VAGIENNA","PROVINCIA_CENTR":"CN","INDIRIZZO_CENTRALE":"VIA MONDOVI'","LATITUDINE_SEZIONE":"44.54484","LONGITUDINE_SEZIONE":"7.83476","POS_X_SEZIONE":"407436.73838","POS_Y_SEZIONE":"4933050.51135","LATITUDINE_CENTRALE":"44.54232","LONGITUDINE_CENTRALE":"7.82471","POS_X_CENTRALE":"406634.42966","POS_Y_CENTRALE":"4932781.95781","TIPO_ADSL":"ADSL_1","DESCRIZIONE_TIPO_ADSL":"ADSL (8 mega)","DISTANZA_CALCOLATA":"846.06","CLASSE_DISTANZA":"500-899","POTENZA_SEGNALE":"7000","POPOLAZIONE_SEZIONE": "367"}
			},
		 		{ "type" : "Feature",
				"geometry" : {
					"type" : "Point",
					"coordinates" : [7.85964,44.56292]},
			"properties" : { "ANNO":"2010","ID_SEZIONE":"19520","ISTAT_COMUNE_SEZ":"4019","COMUNE_SEZ":"BENE VAGIENNA","PROVINCIA":"CN","ID_CENTRALE":"140","NOME_CENTRALE":"BENEVAGIENNA","ISTAT_COMUNE_CENTR":"4019","COMUNE_CENTR":"BENE VAGIENNA","PROVINCIA_CENTR":"CN","INDIRIZZO_CENTRALE":"VIA MONDOVI'","LATITUDINE_SEZIONE":"44.56292","LONGITUDINE_SEZIONE":"7.85964","POS_X_SEZIONE":"409441.67099","POS_Y_SEZIONE":"4935031.07276","LATITUDINE_CENTRALE":"44.54232","LONGITUDINE_CENTRALE":"7.82471","POS_X_CENTRALE":"406634.42966","POS_Y_CENTRALE":"4932781.95781","TIPO_ADSL":"ADSL_1","DESCRIZIONE_TIPO_ADSL":"ADSL (8 mega)","DISTANZA_CALCOLATA":"3597.1","CLASSE_DISTANZA":"3300-3699","POTENZA_SEGNALE":"3999.63","POPOLAZIONE_SEZIONE": "3"}
			},
		 		{ "type" : "Feature",
				"geometry" : {
					"type" : "Point",
					"coordinates" : [7.81956,44.54346]},
			"properties" : { "ANNO":"2010","ID_SEZIONE":"19752","ISTAT_COMUNE_SEZ":"4019","COMUNE_SEZ":"BENE VAGIENNA","PROVINCIA":"CN","ID_CENTRALE":"140","NOME_CENTRALE":"BENEVAGIENNA","ISTAT_COMUNE_CENTR":"4019","COMUNE_CENTR":"BENE VAGIENNA","PROVINCIA_CENTR":"CN","INDIRIZZO_CENTRALE":"VIA MONDOVI'","LATITUDINE_SEZIONE":"44.54346","LONGITUDINE_SEZIONE":"7.81956","POS_X_SEZIONE":"406226.92744","POS_Y_SEZIONE":"4932913.98143","LATITUDINE_CENTRALE":"44.54232","LONGITUDINE_CENTRALE":"7.82471","POS_X_CENTRALE":"406634.42966","POS_Y_CENTRALE":"4932781.95781","TIPO_ADSL":"ADSL_1","DESCRIZIONE_TIPO_ADSL":"ADSL (8 mega)","DISTANZA_CALCOLATA":"428.36","CLASSE_DISTANZA":"100-499","POTENZA_SEGNALE":"7000","POPOLAZIONE_SEZIONE": "12"}
			},
		 		{ "type" : "Feature",
				"geometry" : {
					"type" : "Point",
					"coordinates" : [7.80987,44.54339]},
			"properties" : { "ANNO":"2010","ID_SEZIONE":"20707","ISTAT_COMUNE_SEZ":"4019","COMUNE_SEZ":"BENE VAGIENNA","PROVINCIA":"CN","ID_CENTRALE":"140","NOME_CENTRALE":"BENEVAGIENNA","ISTAT_COMUNE_CENTR":"4019","COMUNE_CENTR":"BENE VAGIENNA","PROVINCIA_CENTR":"CN","INDIRIZZO_CENTRALE":"VIA MONDOVI'","LATITUDINE_SEZIONE":"44.54339","LONGITUDINE_SEZIONE":"7.80987","POS_X_SEZIONE":"405457.36789","POS_Y_SEZIONE":"4932917.46047","LATITUDINE_CENTRALE":"44.54232","LONGITUDINE_CENTRALE":"7.82471","POS_X_CENTRALE":"406634.42966","POS_Y_CENTRALE":"4932781.95781","TIPO_ADSL":"ADSL_1","DESCRIZIONE_TIPO_ADSL":"ADSL (8 mega)","DISTANZA_CALCOLATA":"1184.84","CLASSE_DISTANZA":"900-1299","POTENZA_SEGNALE":"7000","POPOLAZIONE_SEZIONE": "1"}
			},
		 		{ "type" : "Feature",
				"geometry" : {
					"type" : "Point",
					"coordinates" : [7.81584,44.53066]},
			"properties" : { "ANNO":"2010","ID_SEZIONE":"20929","ISTAT_COMUNE_SEZ":"4019","COMUNE_SEZ":"BENE VAGIENNA","PROVINCIA":"CN","ID_CENTRALE":"140","NOME_CENTRALE":"BENEVAGIENNA","ISTAT_COMUNE_CENTR":"4019","COMUNE_CENTR":"BENE VAGIENNA","PROVINCIA_CENTR":"CN","INDIRIZZO_CENTRALE":"VIA MONDOVI'","LATITUDINE_SEZIONE":"44.53066","LONGITUDINE_SEZIONE":"7.81584","POS_X_SEZIONE":"405910.92974","POS_Y_SEZIONE":"4931496.95128","LATITUDINE_CENTRALE":"44.54232","LONGITUDINE_CENTRALE":"7.82471","POS_X_CENTRALE":"406634.42966","POS_Y_CENTRALE":"4932781.95781","TIPO_ADSL":"ADSL_1","DESCRIZIONE_TIPO_ADSL":"ADSL (8 mega)","DISTANZA_CALCOLATA":"1474.68","CLASSE_DISTANZA":"1300-1699","POTENZA_SEGNALE":"7000","POPOLAZIONE_SEZIONE": "72"}
			},
		 		{ "type" : "Feature",
				"geometry" : {
					"type" : "Point",
					"coordinates" : [7.78825,44.50442]},
			"properties" : { "ANNO":"2010","ID_SEZIONE":"22155","ISTAT_COMUNE_SEZ":"4019","COMUNE_SEZ":"BENE VAGIENNA","PROVINCIA":"CN","ID_CENTRALE":"140","NOME_CENTRALE":"BENEVAGIENNA","ISTAT_COMUNE_CENTR":"4019","COMUNE_CENTR":"BENE VAGIENNA","PROVINCIA_CENTR":"CN","INDIRIZZO_CENTRALE":"VIA MONDOVI'","LATITUDINE_SEZIONE":"44.50442","LONGITUDINE_SEZIONE":"7.78825","POS_X_SEZIONE":"403676.02926","POS_Y_SEZIONE":"4928614.35903","LATITUDINE_CENTRALE":"44.54232","LONGITUDINE_CENTRALE":"7.82471","POS_X_CENTRALE":"406634.42966","POS_Y_CENTRALE":"4932781.95781","TIPO_ADSL":"ADSL_1","DESCRIZIONE_TIPO_ADSL":"ADSL (8 mega)","DISTANZA_CALCOLATA":"5110.87","CLASSE_DISTANZA":"4900-5299","POTENZA_SEGNALE":"125.13","POPOLAZIONE_SEZIONE": "61"}
			},
		 		{ "type" : "Feature",
				"geometry" : {
					"type" : "Point",
					"coordinates" : [7.84197,44.54425]},
			"properties" : { "ANNO":"2010","ID_SEZIONE":"22424","ISTAT_COMUNE_SEZ":"4019","COMUNE_SEZ":"BENE VAGIENNA","PROVINCIA":"CN","ID_CENTRALE":"140","NOME_CENTRALE":"BENEVAGIENNA","ISTAT_COMUNE_CENTR":"4019","COMUNE_CENTR":"BENE VAGIENNA","PROVINCIA_CENTR":"CN","INDIRIZZO_CENTRALE":"VIA MONDOVI'","LATITUDINE_SEZIONE":"44.54425","LONGITUDINE_SEZIONE":"7.84197","POS_X_SEZIONE":"408008.68027","POS_Y_SEZIONE":"4932976.52121","LATITUDINE_CENTRALE":"44.54232","LONGITUDINE_CENTRALE":"7.82471","POS_X_CENTRALE":"406634.42966","POS_Y_CENTRALE":"4932781.95781","TIPO_ADSL":"ADSL_1","DESCRIZIONE_TIPO_ADSL":"ADSL (8 mega)","DISTANZA_CALCOLATA":"1387.96","CLASSE_DISTANZA":"1300-1699","POTENZA_SEGNALE":"7000","POPOLAZIONE_SEZIONE": "87"}
			},
		 		{ "type" : "Feature",
				"geometry" : {
					"type" : "Point",
					"coordinates" : [7.83270,44.54593]},
			"properties" : { "ANNO":"2010","ID_SEZIONE":"23353","ISTAT_COMUNE_SEZ":"4019","COMUNE_SEZ":"BENE VAGIENNA","PROVINCIA":"CN","ID_CENTRALE":"140","NOME_CENTRALE":"BENEVAGIENNA","ISTAT_COMUNE_CENTR":"4019","COMUNE_CENTR":"BENE VAGIENNA","PROVINCIA_CENTR":"CN","INDIRIZZO_CENTRALE":"VIA MONDOVI'","LATITUDINE_SEZIONE":"44.54593","LONGITUDINE_SEZIONE":"7.83270","POS_X_SEZIONE":"407274.82862","POS_Y_SEZIONE":"4933174.00985","LATITUDINE_CENTRALE":"44.54232","LONGITUDINE_CENTRALE":"7.82471","POS_X_CENTRALE":"406634.42966","POS_Y_CENTRALE":"4932781.95781","TIPO_ADSL":"ADSL_1","DESCRIZIONE_TIPO_ADSL":"ADSL (8 mega)","DISTANZA_CALCOLATA":"750.88","CLASSE_DISTANZA":"500-899","POTENZA_SEGNALE":"7000","POPOLAZIONE_SEZIONE": "330"}
			},
		 		{ "type" : "Feature",
				"geometry" : {
					"type" : "Point",
					"coordinates" : [7.84673,44.52978]},
			"properties" : { "ANNO":"2010","ID_SEZIONE":"24224","ISTAT_COMUNE_SEZ":"4019","COMUNE_SEZ":"BENE VAGIENNA","PROVINCIA":"CN","ID_CENTRALE":"140","NOME_CENTRALE":"BENEVAGIENNA","ISTAT_COMUNE_CENTR":"4019","COMUNE_CENTR":"BENE VAGIENNA","PROVINCIA_CENTR":"CN","INDIRIZZO_CENTRALE":"VIA MONDOVI'","LATITUDINE_SEZIONE":"44.52978","LONGITUDINE_SEZIONE":"7.84673","POS_X_SEZIONE":"408364.09480","POS_Y_SEZIONE":"4931363.50668","LATITUDINE_CENTRALE":"44.54232","LONGITUDINE_CENTRALE":"7.82471","POS_X_CENTRALE":"406634.42966","POS_Y_CENTRALE":"4932781.95781","TIPO_ADSL":"ADSL_1","DESCRIZIONE_TIPO_ADSL":"ADSL (8 mega)","DISTANZA_CALCOLATA":"2236.91","CLASSE_DISTANZA":"2100-2499","POTENZA_SEGNALE":"6500.38","POPOLAZIONE_SEZIONE": "94"}
			},
		 		{ "type" : "Feature",
				"geometry" : {
					"type" : "Point",
					"coordinates" : [7.85607,44.54503]},
			"properties" : { "ANNO":"2010","ID_SEZIONE":"24513","ISTAT_COMUNE_SEZ":"4019","COMUNE_SEZ":"BENE VAGIENNA","PROVINCIA":"CN","ID_CENTRALE":"140","NOME_CENTRALE":"BENEVAGIENNA","ISTAT_COMUNE_CENTR":"4019","COMUNE_CENTR":"BENE VAGIENNA","PROVINCIA_CENTR":"CN","INDIRIZZO_CENTRALE":"VIA MONDOVI'","LATITUDINE_SEZIONE":"44.54503","LONGITUDINE_SEZIONE":"7.85607","POS_X_SEZIONE":"409130.09135","POS_Y_SEZIONE":"4933047.04357","LATITUDINE_CENTRALE":"44.54232","LONGITUDINE_CENTRALE":"7.82471","POS_X_CENTRALE":"406634.42966","POS_Y_CENTRALE":"4932781.95781","TIPO_ADSL":"ADSL_1","DESCRIZIONE_TIPO_ADSL":"ADSL (8 mega)","DISTANZA_CALCOLATA":"2509.7","CLASSE_DISTANZA":"2500-2899","POTENZA_SEGNALE":"5749.63","POPOLAZIONE_SEZIONE": "35"}
			},
		 		{ "type" : "Feature",
				"geometry" : {
					"type" : "Point",
					"coordinates" : [7.83928,44.57354]},
			"properties" : { "ANNO":"2010","ID_SEZIONE":"25065","ISTAT_COMUNE_SEZ":"4019","COMUNE_SEZ":"BENE VAGIENNA","PROVINCIA":"CN","ID_CENTRALE":"140","NOME_CENTRALE":"BENEVAGIENNA","ISTAT_COMUNE_CENTR":"4019","COMUNE_CENTR":"BENE VAGIENNA","PROVINCIA_CENTR":"CN","INDIRIZZO_CENTRALE":"VIA MONDOVI'","LATITUDINE_SEZIONE":"44.57354","LONGITUDINE_SEZIONE":"7.83928","POS_X_SEZIONE":"407841.19688","POS_Y_SEZIONE":"4936233.56466","LATITUDINE_CENTRALE":"44.54232","LONGITUDINE_CENTRALE":"7.82471","POS_X_CENTRALE":"406634.42966","POS_Y_CENTRALE":"4932781.95781","TIPO_ADSL":"ADSL_1","DESCRIZIONE_TIPO_ADSL":"ADSL (8 mega)","DISTANZA_CALCOLATA":"3656.48","CLASSE_DISTANZA":"3300-3699","POTENZA_SEGNALE":"3999.63","POPOLAZIONE_SEZIONE": "9"}
			},
		 		{ "type" : "Feature",
				"geometry" : {
					"type" : "Point",
					"coordinates" : [7.86586,44.56708]},
			"properties" : { "ANNO":"2010","ID_SEZIONE":"26300","ISTAT_COMUNE_SEZ":"4019","COMUNE_SEZ":"BENE VAGIENNA","PROVINCIA":"CN","ID_CENTRALE":"140","NOME_CENTRALE":"BENEVAGIENNA","ISTAT_COMUNE_CENTR":"4019","COMUNE_CENTR":"BENE VAGIENNA","PROVINCIA_CENTR":"CN","INDIRIZZO_CENTRALE":"VIA MONDOVI'","LATITUDINE_SEZIONE":"44.56708","LONGITUDINE_SEZIONE":"7.86586","POS_X_SEZIONE":"409941.44392","POS_Y_SEZIONE":"4935485.58540","LATITUDINE_CENTRALE":"44.54232","LONGITUDINE_CENTRALE":"7.82471","POS_X_CENTRALE":"406634.42966","POS_Y_CENTRALE":"4932781.95781","TIPO_ADSL":"ADSL_1","DESCRIZIONE_TIPO_ADSL":"ADSL (8 mega)","DISTANZA_CALCOLATA":"4271.53","CLASSE_DISTANZA":"4100-4499","POTENZA_SEGNALE":"2125.38","POPOLAZIONE_SEZIONE": "44"}
			},
		 		{ "type" : "Feature",
				"geometry" : {
					"type" : "Point",
					"coordinates" : [7.80724,44.51344]},
			"properties" : { "ANNO":"2010","ID_SEZIONE":"26367","ISTAT_COMUNE_SEZ":"4019","COMUNE_SEZ":"BENE VAGIENNA","PROVINCIA":"CN","ID_CENTRALE":"140","NOME_CENTRALE":"BENEVAGIENNA","ISTAT_COMUNE_CENTR":"4019","COMUNE_CENTR":"BENE VAGIENNA","PROVINCIA_CENTR":"CN","INDIRIZZO_CENTRALE":"VIA MONDOVI'","LATITUDINE_SEZIONE":"44.51344","LONGITUDINE_SEZIONE":"7.80724","POS_X_SEZIONE":"405199.66241","POS_Y_SEZIONE":"4929593.40645","LATITUDINE_CENTRALE":"44.54232","LONGITUDINE_CENTRALE":"7.82471","POS_X_CENTRALE":"406634.42966","POS_Y_CENTRALE":"4932781.95781","TIPO_ADSL":"ADSL_1","DESCRIZIONE_TIPO_ADSL":"ADSL (8 mega)","DISTANZA_CALCOLATA":"3496.49","CLASSE_DISTANZA":"3300-3699","POTENZA_SEGNALE":"3999.63","POPOLAZIONE_SEZIONE": "33"}
			},
		 		{ "type" : "Feature",
				"geometry" : {
					"type" : "Point",
					"coordinates" : [7.79676,44.50031]},
			"properties" : { "ANNO":"2010","ID_SEZIONE":"26378","ISTAT_COMUNE_SEZ":"4019","COMUNE_SEZ":"BENE VAGIENNA","PROVINCIA":"CN","ID_CENTRALE":"140","NOME_CENTRALE":"BENEVAGIENNA","ISTAT_COMUNE_CENTR":"4019","COMUNE_CENTR":"BENE VAGIENNA","PROVINCIA_CENTR":"CN","INDIRIZZO_CENTRALE":"VIA MONDOVI'","LATITUDINE_SEZIONE":"44.50031","LONGITUDINE_SEZIONE":"7.79676","POS_X_SEZIONE":"404345.47643","POS_Y_SEZIONE":"4928147.36741","LATITUDINE_CENTRALE":"44.54232","LONGITUDINE_CENTRALE":"7.82471","POS_X_CENTRALE":"406634.42966","POS_Y_CENTRALE":"4932781.95781","TIPO_ADSL":"ADSL_1","DESCRIZIONE_TIPO_ADSL":"ADSL (8 mega)","DISTANZA_CALCOLATA":"5169.02","CLASSE_DISTANZA":"4900-5299","POTENZA_SEGNALE":"125.13","POPOLAZIONE_SEZIONE": "34"}
			},
		 		{ "type" : "Feature",
				"geometry" : {
					"type" : "Point",
					"coordinates" : [7.83919,44.56454]},
			"properties" : { "ANNO":"2010","ID_SEZIONE":"28432","ISTAT_COMUNE_SEZ":"4019","COMUNE_SEZ":"BENE VAGIENNA","PROVINCIA":"CN","ID_CENTRALE":"140","NOME_CENTRALE":"BENEVAGIENNA","ISTAT_COMUNE_CENTR":"4019","COMUNE_CENTR":"BENE VAGIENNA","PROVINCIA_CENTR":"CN","INDIRIZZO_CENTRALE":"VIA MONDOVI'","LATITUDINE_SEZIONE":"44.56454","LONGITUDINE_SEZIONE":"7.83919","POS_X_SEZIONE":"407820.12654","POS_Y_SEZIONE":"4935233.05010","LATITUDINE_CENTRALE":"44.54232","LONGITUDINE_CENTRALE":"7.82471","POS_X_CENTRALE":"406634.42966","POS_Y_CENTRALE":"4932781.95781","TIPO_ADSL":"ADSL_1","DESCRIZIONE_TIPO_ADSL":"ADSL (8 mega)","DISTANZA_CALCOLATA":"2722.82","CLASSE_DISTANZA":"2500-2899","POTENZA_SEGNALE":"5749.63","POPOLAZIONE_SEZIONE": "60"}
			},
		 		{ "type" : "Feature",
				"geometry" : {
					"type" : "Point",
					"coordinates" : [7.80759,44.51827]},
			"properties" : { "ANNO":"2010","ID_SEZIONE":"29025","ISTAT_COMUNE_SEZ":"4019","COMUNE_SEZ":"BENE VAGIENNA","PROVINCIA":"CN","ID_CENTRALE":"140","NOME_CENTRALE":"BENEVAGIENNA","ISTAT_COMUNE_CENTR":"4019","COMUNE_CENTR":"BENE VAGIENNA","PROVINCIA_CENTR":"CN","INDIRIZZO_CENTRALE":"VIA MONDOVI'","LATITUDINE_SEZIONE":"44.51827","LONGITUDINE_SEZIONE":"7.80759","POS_X_SEZIONE":"405235.33704","POS_Y_SEZIONE":"4930130.41509","LATITUDINE_CENTRALE":"44.54232","LONGITUDINE_CENTRALE":"7.82471","POS_X_CENTRALE":"406634.42966","POS_Y_CENTRALE":"4932781.95781","TIPO_ADSL":"ADSL_1","DESCRIZIONE_TIPO_ADSL":"ADSL (8 mega)","DISTANZA_CALCOLATA":"2998.02","CLASSE_DISTANZA":"2900-3299","POTENZA_SEGNALE":"4999.75","POPOLAZIONE_SEZIONE": "22"}
			},
		 		{ "type" : "Feature",
				"geometry" : {
					"type" : "Point",
					"coordinates" : [7.77998,44.50088]},
			"properties" : { "ANNO":"2010","ID_SEZIONE":"29492","ISTAT_COMUNE_SEZ":"4019","COMUNE_SEZ":"BENE VAGIENNA","PROVINCIA":"CN","ID_CENTRALE":"140","NOME_CENTRALE":"BENEVAGIENNA","ISTAT_COMUNE_CENTR":"4019","COMUNE_CENTR":"BENE VAGIENNA","PROVINCIA_CENTR":"CN","INDIRIZZO_CENTRALE":"VIA MONDOVI'","LATITUDINE_SEZIONE":"44.50088","LONGITUDINE_SEZIONE":"7.77998","POS_X_SEZIONE":"403012.47624","POS_Y_SEZIONE":"4928230.34008","LATITUDINE_CENTRALE":"44.54232","LONGITUDINE_CENTRALE":"7.82471","POS_X_CENTRALE":"406634.42966","POS_Y_CENTRALE":"4932781.95781","TIPO_ADSL":"ADSL_1","DESCRIZIONE_TIPO_ADSL":"ADSL (8 mega)","DISTANZA_CALCOLATA":"5816.85","CLASSE_DISTANZA":"5700-6099","POTENZA_SEGNALE":"0.00","POPOLAZIONE_SEZIONE": "6"}
			},
		 		{ "type" : "Feature",
				"geometry" : {
					"type" : "Point",
					"coordinates" : [7.81412,44.49990]},
			"properties" : { "ANNO":"2010","ID_SEZIONE":"31317","ISTAT_COMUNE_SEZ":"4019","COMUNE_SEZ":"BENE VAGIENNA","PROVINCIA":"CN","ID_CENTRALE":"140","NOME_CENTRALE":"BENEVAGIENNA","ISTAT_COMUNE_CENTR":"4019","COMUNE_CENTR":"BENE VAGIENNA","PROVINCIA_CENTR":"CN","INDIRIZZO_CENTRALE":"VIA MONDOVI'","LATITUDINE_SEZIONE":"44.49990","LONGITUDINE_SEZIONE":"7.81412","POS_X_SEZIONE":"405724.91349","POS_Y_SEZIONE":"4928081.89592","LATITUDINE_CENTRALE":"44.54232","LONGITUDINE_CENTRALE":"7.82471","POS_X_CENTRALE":"406634.42966","POS_Y_CENTRALE":"4932781.95781","TIPO_ADSL":"ADSL_1","DESCRIZIONE_TIPO_ADSL":"ADSL (8 mega)","DISTANZA_CALCOLATA":"4787.25","CLASSE_DISTANZA":"4500-4899","POTENZA_SEGNALE":"1470","POPOLAZIONE_SEZIONE": "36"}
			},
		 		{ "type" : "Feature",
				"geometry" : {
					"type" : "Point",
					"coordinates" : [7.82816,44.54117]},
			"properties" : { "ANNO":"2010","ID_SEZIONE":"31737","ISTAT_COMUNE_SEZ":"4019","COMUNE_SEZ":"BENE VAGIENNA","PROVINCIA":"CN","ID_CENTRALE":"140","NOME_CENTRALE":"BENEVAGIENNA","ISTAT_COMUNE_CENTR":"4019","COMUNE_CENTR":"BENE VAGIENNA","PROVINCIA_CENTR":"CN","INDIRIZZO_CENTRALE":"VIA MONDOVI'","LATITUDINE_SEZIONE":"44.54117","LONGITUDINE_SEZIONE":"7.82816","POS_X_SEZIONE":"406906.93205","POS_Y_SEZIONE":"4932649.99474","LATITUDINE_CENTRALE":"44.54232","LONGITUDINE_CENTRALE":"7.82471","POS_X_CENTRALE":"406634.42966","POS_Y_CENTRALE":"4932781.95781","TIPO_ADSL":"ADSL_1","DESCRIZIONE_TIPO_ADSL":"ADSL (8 mega)","DISTANZA_CALCOLATA":"302.77","CLASSE_DISTANZA":"100-499","POTENZA_SEGNALE":"7000","POPOLAZIONE_SEZIONE": "99"}
			}
		 		]
	}
		