 	{ "type" : "FeatureCollection",
		"features" : [
		 		{ "type" : "Feature",
				"geometry" : {
					"type" : "Point",
					"coordinates" : [7.98688,44.33333]},
			"properties" : { "ANNO":"2010","ID_SEZIONE":"1415","ISTAT_COMUNE_SEZ":"4216","COMUNE_SEZ":"SCAGNELLO","PROVINCIA":"CN","ID_CENTRALE":"130","NOME_CENTRALE":"BATTIFOLLO","ISTAT_COMUNE_CENTR":"4015","COMUNE_CENTR":"BATTIFOLLO","PROVINCIA_CENTR":"CN","INDIRIZZO_CENTRALE":"C/O CHIESA","LATITUDINE_SEZIONE":"44.33333","LONGITUDINE_SEZIONE":"7.98688","POS_X_SEZIONE":"419229.68662","POS_Y_SEZIONE":"4909395.59523","LATITUDINE_CENTRALE":"44.32130","LONGITUDINE_CENTRALE":"8.00621","POS_X_CENTRALE":"420754.65599","POS_Y_CENTRALE":"4908039.57203","TIPO_ADSL":"NO","DESCRIZIONE_TIPO_ADSL":"NO Adsl","DISTANZA_CALCOLATA":"2040.67","CLASSE_DISTANZA":"1700-2099","POTENZA_SEGNALE":"","POPOLAZIONE_SEZIONE": "67"}
			},
		 		{ "type" : "Feature",
				"geometry" : {
					"type" : "Point",
					"coordinates" : [7.99125,44.33638]},
			"properties" : { "ANNO":"2010","ID_SEZIONE":"1717","ISTAT_COMUNE_SEZ":"4216","COMUNE_SEZ":"SCAGNELLO","PROVINCIA":"CN","ID_CENTRALE":"130","NOME_CENTRALE":"BATTIFOLLO","ISTAT_COMUNE_CENTR":"4015","COMUNE_CENTR":"BATTIFOLLO","PROVINCIA_CENTR":"CN","INDIRIZZO_CENTRALE":"C/O CHIESA","LATITUDINE_SEZIONE":"44.33638","LONGITUDINE_SEZIONE":"7.99125","POS_X_SEZIONE":"419582.58416","POS_Y_SEZIONE":"4909729.10486","LATITUDINE_CENTRALE":"44.32130","LONGITUDINE_CENTRALE":"8.00621","POS_X_CENTRALE":"420754.65599","POS_Y_CENTRALE":"4908039.57203","TIPO_ADSL":"NO","DESCRIZIONE_TIPO_ADSL":"NO Adsl","DISTANZA_CALCOLATA":"2056.28","CLASSE_DISTANZA":"1700-2099","POTENZA_SEGNALE":"","POPOLAZIONE_SEZIONE": "2"}
			},
		 		{ "type" : "Feature",
				"geometry" : {
					"type" : "Point",
					"coordinates" : [8.01045,44.31525]},
			"properties" : { "ANNO":"2010","ID_SEZIONE":"1725","ISTAT_COMUNE_SEZ":"4015","COMUNE_SEZ":"BATTIFOLLO","PROVINCIA":"CN","ID_CENTRALE":"130","NOME_CENTRALE":"BATTIFOLLO","ISTAT_COMUNE_CENTR":"4015","COMUNE_CENTR":"BATTIFOLLO","PROVINCIA_CENTR":"CN","INDIRIZZO_CENTRALE":"C/O CHIESA","LATITUDINE_SEZIONE":"44.31525","LONGITUDINE_SEZIONE":"8.01045","POS_X_SEZIONE":"421084.49673","POS_Y_SEZIONE":"4907363.61622","LATITUDINE_CENTRALE":"44.32130","LONGITUDINE_CENTRALE":"8.00621","POS_X_CENTRALE":"420754.65599","POS_Y_CENTRALE":"4908039.57203","TIPO_ADSL":"NO","DESCRIZIONE_TIPO_ADSL":"NO Adsl","DISTANZA_CALCOLATA":"752.14","CLASSE_DISTANZA":"500-899","POTENZA_SEGNALE":"","POPOLAZIONE_SEZIONE": ""}
			},
		 		{ "type" : "Feature",
				"geometry" : {
					"type" : "Point",
					"coordinates" : [7.98616,44.32767]},
			"properties" : { "ANNO":"2010","ID_SEZIONE":"3354","ISTAT_COMUNE_SEZ":"4216","COMUNE_SEZ":"SCAGNELLO","PROVINCIA":"CN","ID_CENTRALE":"130","NOME_CENTRALE":"BATTIFOLLO","ISTAT_COMUNE_CENTR":"4015","COMUNE_CENTR":"BATTIFOLLO","PROVINCIA_CENTR":"CN","INDIRIZZO_CENTRALE":"C/O CHIESA","LATITUDINE_SEZIONE":"44.32767","LONGITUDINE_SEZIONE":"7.98616","POS_X_SEZIONE":"419164.85155","POS_Y_SEZIONE":"4908767.59037","LATITUDINE_CENTRALE":"44.32130","LONGITUDINE_CENTRALE":"8.00621","POS_X_CENTRALE":"420754.65599","POS_Y_CENTRALE":"4908039.57203","TIPO_ADSL":"NO","DESCRIZIONE_TIPO_ADSL":"NO Adsl","DISTANZA_CALCOLATA":"1748.57","CLASSE_DISTANZA":"1700-2099","POTENZA_SEGNALE":"","POPOLAZIONE_SEZIONE": "33"}
			},
		 		{ "type" : "Feature",
				"geometry" : {
					"type" : "Point",
					"coordinates" : [8.01095,44.31975]},
			"properties" : { "ANNO":"2010","ID_SEZIONE":"3940","ISTAT_COMUNE_SEZ":"4015","COMUNE_SEZ":"BATTIFOLLO","PROVINCIA":"CN","ID_CENTRALE":"130","NOME_CENTRALE":"BATTIFOLLO","ISTAT_COMUNE_CENTR":"4015","COMUNE_CENTR":"BATTIFOLLO","PROVINCIA_CENTR":"CN","INDIRIZZO_CENTRALE":"C/O CHIESA","LATITUDINE_SEZIONE":"44.31975","LONGITUDINE_SEZIONE":"8.01095","POS_X_SEZIONE":"421130.74006","POS_Y_SEZIONE":"4907863.62109","LATITUDINE_CENTRALE":"44.32130","LONGITUDINE_CENTRALE":"8.00621","POS_X_CENTRALE":"420754.65599","POS_Y_CENTRALE":"4908039.57203","TIPO_ADSL":"NO","DESCRIZIONE_TIPO_ADSL":"NO Adsl","DISTANZA_CALCOLATA":"415.21","CLASSE_DISTANZA":"100-499","POTENZA_SEGNALE":"","POPOLAZIONE_SEZIONE": "244"}
			},
		 		{ "type" : "Feature",
				"geometry" : {
					"type" : "Point",
					"coordinates" : [7.98584,44.34791]},
			"properties" : { "ANNO":"2010","ID_SEZIONE":"5335","ISTAT_COMUNE_SEZ":"4216","COMUNE_SEZ":"SCAGNELLO","PROVINCIA":"CN","ID_CENTRALE":"130","NOME_CENTRALE":"BATTIFOLLO","ISTAT_COMUNE_CENTR":"4015","COMUNE_CENTR":"BATTIFOLLO","PROVINCIA_CENTR":"CN","INDIRIZZO_CENTRALE":"C/O CHIESA","LATITUDINE_SEZIONE":"44.34791","LONGITUDINE_SEZIONE":"7.98584","POS_X_SEZIONE":"419167.29123","POS_Y_SEZIONE":"4911015.10704","LATITUDINE_CENTRALE":"44.32130","LONGITUDINE_CENTRALE":"8.00621","POS_X_CENTRALE":"420754.65599","POS_Y_CENTRALE":"4908039.57203","TIPO_ADSL":"NO","DESCRIZIONE_TIPO_ADSL":"NO Adsl","DISTANZA_CALCOLATA":"3372.47","CLASSE_DISTANZA":"3300-3699","POTENZA_SEGNALE":"","POPOLAZIONE_SEZIONE": "1"}
			},
		 		{ "type" : "Feature",
				"geometry" : {
					"type" : "Point",
					"coordinates" : [8.02380,44.32367]},
			"properties" : { "ANNO":"2010","ID_SEZIONE":"6038","ISTAT_COMUNE_SEZ":"4015","COMUNE_SEZ":"BATTIFOLLO","PROVINCIA":"CN","ID_CENTRALE":"130","NOME_CENTRALE":"BATTIFOLLO","ISTAT_COMUNE_CENTR":"4015","COMUNE_CENTR":"BATTIFOLLO","PROVINCIA_CENTR":"CN","INDIRIZZO_CENTRALE":"C/O CHIESA","LATITUDINE_SEZIONE":"44.32367","LONGITUDINE_SEZIONE":"8.02380","POS_X_SEZIONE":"422160.59529","POS_Y_SEZIONE":"4908286.64368","LATITUDINE_CENTRALE":"44.32130","LONGITUDINE_CENTRALE":"8.00621","POS_X_CENTRALE":"420754.65599","POS_Y_CENTRALE":"4908039.57203","TIPO_ADSL":"NO","DESCRIZIONE_TIPO_ADSL":"NO Adsl","DISTANZA_CALCOLATA":"1427.48","CLASSE_DISTANZA":"1300-1699","POTENZA_SEGNALE":"","POPOLAZIONE_SEZIONE": ""}
			},
		 		{ "type" : "Feature",
				"geometry" : {
					"type" : "Point",
					"coordinates" : [7.97119,44.33027]},
			"properties" : { "ANNO":"2010","ID_SEZIONE":"7208","ISTAT_COMUNE_SEZ":"4216","COMUNE_SEZ":"SCAGNELLO","PROVINCIA":"CN","ID_CENTRALE":"130","NOME_CENTRALE":"BATTIFOLLO","ISTAT_COMUNE_CENTR":"4015","COMUNE_CENTR":"BATTIFOLLO","PROVINCIA_CENTR":"CN","INDIRIZZO_CENTRALE":"C/O CHIESA","LATITUDINE_SEZIONE":"44.33027","LONGITUDINE_SEZIONE":"7.97119","POS_X_SEZIONE":"417974.70857","POS_Y_SEZIONE":"4909071.06915","LATITUDINE_CENTRALE":"44.32130","LONGITUDINE_CENTRALE":"8.00621","POS_X_CENTRALE":"420754.65599","POS_Y_CENTRALE":"4908039.57203","TIPO_ADSL":"NO","DESCRIZIONE_TIPO_ADSL":"NO Adsl","DISTANZA_CALCOLATA":"2965.15","CLASSE_DISTANZA":"2900-3299","POTENZA_SEGNALE":"","POPOLAZIONE_SEZIONE": "39"}
			},
		 		{ "type" : "Feature",
				"geometry" : {
					"type" : "Point",
					"coordinates" : [7.98597,44.34064]},
			"properties" : { "ANNO":"2010","ID_SEZIONE":"13246","ISTAT_COMUNE_SEZ":"4216","COMUNE_SEZ":"SCAGNELLO","PROVINCIA":"CN","ID_CENTRALE":"130","NOME_CENTRALE":"BATTIFOLLO","ISTAT_COMUNE_CENTR":"4015","COMUNE_CENTR":"BATTIFOLLO","PROVINCIA_CENTR":"CN","INDIRIZZO_CENTRALE":"C/O CHIESA","LATITUDINE_SEZIONE":"44.34064","LONGITUDINE_SEZIONE":"7.98597","POS_X_SEZIONE":"419167.52112","POS_Y_SEZIONE":"4910208.10032","LATITUDINE_CENTRALE":"44.32130","LONGITUDINE_CENTRALE":"8.00621","POS_X_CENTRALE":"420754.65599","POS_Y_CENTRALE":"4908039.57203","TIPO_ADSL":"NO","DESCRIZIONE_TIPO_ADSL":"NO Adsl","DISTANZA_CALCOLATA":"2687.29","CLASSE_DISTANZA":"2500-2899","POTENZA_SEGNALE":"","POPOLAZIONE_SEZIONE": "31"}
			},
		 		{ "type" : "Feature",
				"geometry" : {
					"type" : "Point",
					"coordinates" : [7.97317,44.33829]},
			"properties" : { "ANNO":"2010","ID_SEZIONE":"22809","ISTAT_COMUNE_SEZ":"4216","COMUNE_SEZ":"SCAGNELLO","PROVINCIA":"CN","ID_CENTRALE":"130","NOME_CENTRALE":"BATTIFOLLO","ISTAT_COMUNE_CENTR":"4015","COMUNE_CENTR":"BATTIFOLLO","PROVINCIA_CENTR":"CN","INDIRIZZO_CENTRALE":"C/O CHIESA","LATITUDINE_SEZIONE":"44.33829","LONGITUDINE_SEZIONE":"7.97317","POS_X_SEZIONE":"418144.03926","POS_Y_SEZIONE":"4909960.07830","LATITUDINE_CENTRALE":"44.32130","LONGITUDINE_CENTRALE":"8.00621","POS_X_CENTRALE":"420754.65599","POS_Y_CENTRALE":"4908039.57203","TIPO_ADSL":"NO","DESCRIZIONE_TIPO_ADSL":"NO Adsl","DISTANZA_CALCOLATA":"3240.94","CLASSE_DISTANZA":"2900-3299","POTENZA_SEGNALE":"","POPOLAZIONE_SEZIONE": "7"}
			},
		 		{ "type" : "Feature",
				"geometry" : {
					"type" : "Point",
					"coordinates" : [7.98743,44.35105]},
			"properties" : { "ANNO":"2010","ID_SEZIONE":"23867","ISTAT_COMUNE_SEZ":"4216","COMUNE_SEZ":"SCAGNELLO","PROVINCIA":"CN","ID_CENTRALE":"130","NOME_CENTRALE":"BATTIFOLLO","ISTAT_COMUNE_CENTR":"4015","COMUNE_CENTR":"BATTIFOLLO","PROVINCIA_CENTR":"CN","INDIRIZZO_CENTRALE":"C/O CHIESA","LATITUDINE_SEZIONE":"44.35105","LONGITUDINE_SEZIONE":"7.98743","POS_X_SEZIONE":"419298.12822","POS_Y_SEZIONE":"4911363.11242","LATITUDINE_CENTRALE":"44.32130","LONGITUDINE_CENTRALE":"8.00621","POS_X_CENTRALE":"420754.65599","POS_Y_CENTRALE":"4908039.57203","TIPO_ADSL":"NO","DESCRIZIONE_TIPO_ADSL":"NO Adsl","DISTANZA_CALCOLATA":"3628.69","CLASSE_DISTANZA":"3300-3699","POTENZA_SEGNALE":"","POPOLAZIONE_SEZIONE": "22"}
			},
		 		{ "type" : "Feature",
				"geometry" : {
					"type" : "Point",
					"coordinates" : [8.01804,44.33295]},
			"properties" : { "ANNO":"2010","ID_SEZIONE":"27045","ISTAT_COMUNE_SEZ":"4015","COMUNE_SEZ":"BATTIFOLLO","PROVINCIA":"CN","ID_CENTRALE":"130","NOME_CENTRALE":"BATTIFOLLO","ISTAT_COMUNE_CENTR":"4015","COMUNE_CENTR":"BATTIFOLLO","PROVINCIA_CENTR":"CN","INDIRIZZO_CENTRALE":"C/O CHIESA","LATITUDINE_SEZIONE":"44.33295","LONGITUDINE_SEZIONE":"8.01804","POS_X_SEZIONE":"421714.02685","POS_Y_SEZIONE":"4909322.64342","LATITUDINE_CENTRALE":"44.32130","LONGITUDINE_CENTRALE":"8.00621","POS_X_CENTRALE":"420754.65599","POS_Y_CENTRALE":"4908039.57203","TIPO_ADSL":"NO","DESCRIZIONE_TIPO_ADSL":"NO Adsl","DISTANZA_CALCOLATA":"1602.08","CLASSE_DISTANZA":"1300-1699","POTENZA_SEGNALE":"","POPOLAZIONE_SEZIONE": "7"}
			}
		 		]
	}
		