 	{ "type" : "FeatureCollection",
		"features" : [
		 		{ "type" : "Feature",
				"geometry" : {
					"type" : "Point",
					"coordinates" : [7.01454,45.19183]},
			"properties" : { "ANNO":"2010","ID_SEZIONE":"1790","ISTAT_COMUNE_SEZ":"1169","COMUNE_SEZ":"NOVALESA","PROVINCIA":"TO","ID_CENTRALE":"1586","NOME_CENTRALE":"VENAUS","ISTAT_COMUNE_CENTR":"1291","COMUNE_CENTR":"VENAUS","PROVINCIA_CENTR":"TO","INDIRIZZO_CENTRALE":"ROMA 129 RIONE CASERMETTE","LATITUDINE_SEZIONE":"45.19183","LONGITUDINE_SEZIONE":"7.01454","POS_X_SEZIONE":"344038.43253","POS_Y_SEZIONE":"5006177.79718","LATITUDINE_CENTRALE":"45.15474","LONGITUDINE_CENTRALE":"7.01402","POS_X_CENTRALE":"343896.01111","POS_Y_CENTRALE":"5002058.75317","TIPO_ADSL":"ADSL_M","DESCRIZIONE_TIPO_ADSL":"ADSL Mini","DISTANZA_CALCOLATA":"4121.51","CLASSE_DISTANZA":"4100-4499","POTENZA_SEGNALE":"0.00","POPOLAZIONE_SEZIONE": "382"}
			},
		 		{ "type" : "Feature",
				"geometry" : {
					"type" : "Point",
					"coordinates" : [7.01849,45.15993]},
			"properties" : { "ANNO":"2010","ID_SEZIONE":"1796","ISTAT_COMUNE_SEZ":"1291","COMUNE_SEZ":"VENAUS","PROVINCIA":"TO","ID_CENTRALE":"1586","NOME_CENTRALE":"VENAUS","ISTAT_COMUNE_CENTR":"1291","COMUNE_CENTR":"VENAUS","PROVINCIA_CENTR":"TO","INDIRIZZO_CENTRALE":"ROMA 129 RIONE CASERMETTE","LATITUDINE_SEZIONE":"45.15993","LONGITUDINE_SEZIONE":"7.01849","POS_X_SEZIONE":"344261.63279","POS_Y_SEZIONE":"5002627.26201","LATITUDINE_CENTRALE":"45.15474","LONGITUDINE_CENTRALE":"7.01402","POS_X_CENTRALE":"343896.01111","POS_Y_CENTRALE":"5002058.75317","TIPO_ADSL":"ADSL_M","DESCRIZIONE_TIPO_ADSL":"ADSL Mini","DISTANZA_CALCOLATA":"675.93","CLASSE_DISTANZA":"500-899","POTENZA_SEGNALE":"0.64","POPOLAZIONE_SEZIONE": "24"}
			},
		 		{ "type" : "Feature",
				"geometry" : {
					"type" : "Point",
					"coordinates" : [7.00864,45.17929]},
			"properties" : { "ANNO":"2010","ID_SEZIONE":"4349","ISTAT_COMUNE_SEZ":"1169","COMUNE_SEZ":"NOVALESA","PROVINCIA":"TO","ID_CENTRALE":"1586","NOME_CENTRALE":"VENAUS","ISTAT_COMUNE_CENTR":"1291","COMUNE_CENTR":"VENAUS","PROVINCIA_CENTR":"TO","INDIRIZZO_CENTRALE":"ROMA 129 RIONE CASERMETTE","LATITUDINE_SEZIONE":"45.17929","LONGITUDINE_SEZIONE":"7.00864","POS_X_SEZIONE":"343540.51868","POS_Y_SEZIONE":"5004796.77855","LATITUDINE_CENTRALE":"45.15474","LONGITUDINE_CENTRALE":"7.01402","POS_X_CENTRALE":"343896.01111","POS_Y_CENTRALE":"5002058.75317","TIPO_ADSL":"ADSL_M","DESCRIZIONE_TIPO_ADSL":"ADSL Mini","DISTANZA_CALCOLATA":"2761.01","CLASSE_DISTANZA":"2500-2899","POTENZA_SEGNALE":"0.64","POPOLAZIONE_SEZIONE": ""}
			},
		 		{ "type" : "Feature",
				"geometry" : {
					"type" : "Point",
					"coordinates" : [7.00048,45.17178]},
			"properties" : { "ANNO":"2010","ID_SEZIONE":"8843","ISTAT_COMUNE_SEZ":"1291","COMUNE_SEZ":"VENAUS","PROVINCIA":"TO","ID_CENTRALE":"1586","NOME_CENTRALE":"VENAUS","ISTAT_COMUNE_CENTR":"1291","COMUNE_CENTR":"VENAUS","PROVINCIA_CENTR":"TO","INDIRIZZO_CENTRALE":"ROMA 129 RIONE CASERMETTE","LATITUDINE_SEZIONE":"45.17178","LONGITUDINE_SEZIONE":"7.00048","POS_X_SEZIONE":"342878.57845","POS_Y_SEZIONE":"5003978.26566","LATITUDINE_CENTRALE":"45.15474","LONGITUDINE_CENTRALE":"7.01402","POS_X_CENTRALE":"343896.01111","POS_Y_CENTRALE":"5002058.75317","TIPO_ADSL":"ADSL_M","DESCRIZIONE_TIPO_ADSL":"ADSL Mini","DISTANZA_CALCOLATA":"2172.49","CLASSE_DISTANZA":"2100-2499","POTENZA_SEGNALE":"0.64","POPOLAZIONE_SEZIONE": "2"}
			},
		 		{ "type" : "Feature",
				"geometry" : {
					"type" : "Point",
					"coordinates" : [7.00877,45.15702]},
			"properties" : { "ANNO":"2010","ID_SEZIONE":"9547","ISTAT_COMUNE_SEZ":"1291","COMUNE_SEZ":"VENAUS","PROVINCIA":"TO","ID_CENTRALE":"1586","NOME_CENTRALE":"VENAUS","ISTAT_COMUNE_CENTR":"1291","COMUNE_CENTR":"VENAUS","PROVINCIA_CENTR":"TO","INDIRIZZO_CENTRALE":"ROMA 129 RIONE CASERMETTE","LATITUDINE_SEZIONE":"45.15702","LONGITUDINE_SEZIONE":"7.00877","POS_X_SEZIONE":"343489.94792","POS_Y_SEZIONE":"5002322.75461","LATITUDINE_CENTRALE":"45.15474","LONGITUDINE_CENTRALE":"7.01402","POS_X_CENTRALE":"343896.01111","POS_Y_CENTRALE":"5002058.75317","TIPO_ADSL":"ADSL_M","DESCRIZIONE_TIPO_ADSL":"ADSL Mini","DISTANZA_CALCOLATA":"484.34","CLASSE_DISTANZA":"100-499","POTENZA_SEGNALE":"0.64","POPOLAZIONE_SEZIONE": "321"}
			},
		 		{ "type" : "Feature",
				"geometry" : {
					"type" : "Point",
					"coordinates" : [7.04330,45.21506]},
			"properties" : { "ANNO":"2010","ID_SEZIONE":"11623","ISTAT_COMUNE_SEZ":"1169","COMUNE_SEZ":"NOVALESA","PROVINCIA":"TO","ID_CENTRALE":"1586","NOME_CENTRALE":"VENAUS","ISTAT_COMUNE_CENTR":"1291","COMUNE_CENTR":"VENAUS","PROVINCIA_CENTR":"TO","INDIRIZZO_CENTRALE":"ROMA 129 RIONE CASERMETTE","LATITUDINE_SEZIONE":"45.21506","LONGITUDINE_SEZIONE":"7.04330","POS_X_SEZIONE":"346360.18767","POS_Y_SEZIONE":"5008703.34521","LATITUDINE_CENTRALE":"45.15474","LONGITUDINE_CENTRALE":"7.01402","POS_X_CENTRALE":"343896.01111","POS_Y_CENTRALE":"5002058.75317","TIPO_ADSL":"ADSL_M","DESCRIZIONE_TIPO_ADSL":"ADSL Mini","DISTANZA_CALCOLATA":"7086.8","CLASSE_DISTANZA":"6100 e oltre","POTENZA_SEGNALE":"0.00","POPOLAZIONE_SEZIONE": ""}
			},
		 		{ "type" : "Feature",
				"geometry" : {
					"type" : "Point",
					"coordinates" : [7.00791,45.15953]},
			"properties" : { "ANNO":"2010","ID_SEZIONE":"13280","ISTAT_COMUNE_SEZ":"1291","COMUNE_SEZ":"VENAUS","PROVINCIA":"TO","ID_CENTRALE":"1586","NOME_CENTRALE":"VENAUS","ISTAT_COMUNE_CENTR":"1291","COMUNE_CENTR":"VENAUS","PROVINCIA_CENTR":"TO","INDIRIZZO_CENTRALE":"ROMA 129 RIONE CASERMETTE","LATITUDINE_SEZIONE":"45.15953","LONGITUDINE_SEZIONE":"7.00791","POS_X_SEZIONE":"343429.26005","POS_Y_SEZIONE":"5002602.25644","LATITUDINE_CENTRALE":"45.15474","LONGITUDINE_CENTRALE":"7.01402","POS_X_CENTRALE":"343896.01111","POS_Y_CENTRALE":"5002058.75317","TIPO_ADSL":"ADSL_M","DESCRIZIONE_TIPO_ADSL":"ADSL Mini","DISTANZA_CALCOLATA":"716.42","CLASSE_DISTANZA":"500-899","POTENZA_SEGNALE":"0.64","POPOLAZIONE_SEZIONE": "237"}
			},
		 		{ "type" : "Feature",
				"geometry" : {
					"type" : "Point",
					"coordinates" : [6.99151,45.16351]},
			"properties" : { "ANNO":"2010","ID_SEZIONE":"15624","ISTAT_COMUNE_SEZ":"1291","COMUNE_SEZ":"VENAUS","PROVINCIA":"TO","ID_CENTRALE":"1586","NOME_CENTRALE":"VENAUS","ISTAT_COMUNE_CENTR":"1291","COMUNE_CENTR":"VENAUS","PROVINCIA_CENTR":"TO","INDIRIZZO_CENTRALE":"ROMA 129 RIONE CASERMETTE","LATITUDINE_SEZIONE":"45.16351","LONGITUDINE_SEZIONE":"6.99151","POS_X_SEZIONE":"342151.13909","POS_Y_SEZIONE":"5003076.75193","LATITUDINE_CENTRALE":"45.15474","LONGITUDINE_CENTRALE":"7.01402","POS_X_CENTRALE":"343896.01111","POS_Y_CENTRALE":"5002058.75317","TIPO_ADSL":"ADSL_M","DESCRIZIONE_TIPO_ADSL":"ADSL Mini","DISTANZA_CALCOLATA":"2020.12","CLASSE_DISTANZA":"1700-2099","POTENZA_SEGNALE":"0.64","POPOLAZIONE_SEZIONE": ""}
			},
		 		{ "type" : "Feature",
				"geometry" : {
					"type" : "Point",
					"coordinates" : [7.01078,45.20686]},
			"properties" : { "ANNO":"2010","ID_SEZIONE":"16349","ISTAT_COMUNE_SEZ":"1169","COMUNE_SEZ":"NOVALESA","PROVINCIA":"TO","ID_CENTRALE":"1586","NOME_CENTRALE":"VENAUS","ISTAT_COMUNE_CENTR":"1291","COMUNE_CENTR":"VENAUS","PROVINCIA_CENTR":"TO","INDIRIZZO_CENTRALE":"ROMA 129 RIONE CASERMETTE","LATITUDINE_SEZIONE":"45.20686","LONGITUDINE_SEZIONE":"7.01078","POS_X_SEZIONE":"343784.56911","POS_Y_SEZIONE":"5007855.31244","LATITUDINE_CENTRALE":"45.15474","LONGITUDINE_CENTRALE":"7.01402","POS_X_CENTRALE":"343896.01111","POS_Y_CENTRALE":"5002058.75317","TIPO_ADSL":"ADSL_M","DESCRIZIONE_TIPO_ADSL":"ADSL Mini","DISTANZA_CALCOLATA":"5797.63","CLASSE_DISTANZA":"5700-6099","POTENZA_SEGNALE":"0.00","POPOLAZIONE_SEZIONE": ""}
			},
		 		{ "type" : "Feature",
				"geometry" : {
					"type" : "Point",
					"coordinates" : [7.02595,45.18050]},
			"properties" : { "ANNO":"2010","ID_SEZIONE":"16761","ISTAT_COMUNE_SEZ":"1169","COMUNE_SEZ":"NOVALESA","PROVINCIA":"TO","ID_CENTRALE":"1586","NOME_CENTRALE":"VENAUS","ISTAT_COMUNE_CENTR":"1291","COMUNE_CENTR":"VENAUS","PROVINCIA_CENTR":"TO","INDIRIZZO_CENTRALE":"ROMA 129 RIONE CASERMETTE","LATITUDINE_SEZIONE":"45.18050","LONGITUDINE_SEZIONE":"7.02595","POS_X_SEZIONE":"344904.26498","POS_Y_SEZIONE":"5004897.78950","LATITUDINE_CENTRALE":"45.15474","LONGITUDINE_CENTRALE":"7.01402","POS_X_CENTRALE":"343896.01111","POS_Y_CENTRALE":"5002058.75317","TIPO_ADSL":"ADSL_M","DESCRIZIONE_TIPO_ADSL":"ADSL Mini","DISTANZA_CALCOLATA":"3012.76","CLASSE_DISTANZA":"2900-3299","POTENZA_SEGNALE":"0.64","POPOLAZIONE_SEZIONE": "13"}
			},
		 		{ "type" : "Feature",
				"geometry" : {
					"type" : "Point",
					"coordinates" : [7.01569,45.21387]},
			"properties" : { "ANNO":"2010","ID_SEZIONE":"17277","ISTAT_COMUNE_SEZ":"1169","COMUNE_SEZ":"NOVALESA","PROVINCIA":"TO","ID_CENTRALE":"1586","NOME_CENTRALE":"VENAUS","ISTAT_COMUNE_CENTR":"1291","COMUNE_CENTR":"VENAUS","PROVINCIA_CENTR":"TO","INDIRIZZO_CENTRALE":"ROMA 129 RIONE CASERMETTE","LATITUDINE_SEZIONE":"45.21387","LONGITUDINE_SEZIONE":"7.01569","POS_X_SEZIONE":"344189.04041","POS_Y_SEZIONE":"5008623.82444","LATITUDINE_CENTRALE":"45.15474","LONGITUDINE_CENTRALE":"7.01402","POS_X_CENTRALE":"343896.01111","POS_Y_CENTRALE":"5002058.75317","TIPO_ADSL":"ADSL_M","DESCRIZIONE_TIPO_ADSL":"ADSL Mini","DISTANZA_CALCOLATA":"6571.61","CLASSE_DISTANZA":"6100 e oltre","POTENZA_SEGNALE":"0.00","POPOLAZIONE_SEZIONE": ""}
			},
		 		{ "type" : "Feature",
				"geometry" : {
					"type" : "Point",
					"coordinates" : [7.02301,45.20168]},
			"properties" : { "ANNO":"2010","ID_SEZIONE":"17278","ISTAT_COMUNE_SEZ":"1169","COMUNE_SEZ":"NOVALESA","PROVINCIA":"TO","ID_CENTRALE":"1586","NOME_CENTRALE":"VENAUS","ISTAT_COMUNE_CENTR":"1291","COMUNE_CENTR":"VENAUS","PROVINCIA_CENTR":"TO","INDIRIZZO_CENTRALE":"ROMA 129 RIONE CASERMETTE","LATITUDINE_SEZIONE":"45.20168","LONGITUDINE_SEZIONE":"7.02301","POS_X_SEZIONE":"344730.34268","POS_Y_SEZIONE":"5007255.81420","LATITUDINE_CENTRALE":"45.15474","LONGITUDINE_CENTRALE":"7.01402","POS_X_CENTRALE":"343896.01111","POS_Y_CENTRALE":"5002058.75317","TIPO_ADSL":"ADSL_M","DESCRIZIONE_TIPO_ADSL":"ADSL Mini","DISTANZA_CALCOLATA":"5263.61","CLASSE_DISTANZA":"4900-5299","POTENZA_SEGNALE":"0.00","POPOLAZIONE_SEZIONE": ""}
			},
		 		{ "type" : "Feature",
				"geometry" : {
					"type" : "Point",
					"coordinates" : [7.00674,45.18018]},
			"properties" : { "ANNO":"2010","ID_SEZIONE":"19407","ISTAT_COMUNE_SEZ":"1169","COMUNE_SEZ":"NOVALESA","PROVINCIA":"TO","ID_CENTRALE":"1586","NOME_CENTRALE":"VENAUS","ISTAT_COMUNE_CENTR":"1291","COMUNE_CENTR":"VENAUS","PROVINCIA_CENTR":"TO","INDIRIZZO_CENTRALE":"ROMA 129 RIONE CASERMETTE","LATITUDINE_SEZIONE":"45.18018","LONGITUDINE_SEZIONE":"7.00674","POS_X_SEZIONE":"343394.20802","POS_Y_SEZIONE":"5004899.27839","LATITUDINE_CENTRALE":"45.15474","LONGITUDINE_CENTRALE":"7.01402","POS_X_CENTRALE":"343896.01111","POS_Y_CENTRALE":"5002058.75317","TIPO_ADSL":"ADSL_M","DESCRIZIONE_TIPO_ADSL":"ADSL Mini","DISTANZA_CALCOLATA":"2884.51","CLASSE_DISTANZA":"2500-2899","POTENZA_SEGNALE":"0.64","POPOLAZIONE_SEZIONE": "11"}
			},
		 		{ "type" : "Feature",
				"geometry" : {
					"type" : "Point",
					"coordinates" : [6.96256,45.18551]},
			"properties" : { "ANNO":"2010","ID_SEZIONE":"21327","ISTAT_COMUNE_SEZ":"1291","COMUNE_SEZ":"VENAUS","PROVINCIA":"TO","ID_CENTRALE":"1586","NOME_CENTRALE":"VENAUS","ISTAT_COMUNE_CENTR":"1291","COMUNE_CENTR":"VENAUS","PROVINCIA_CENTR":"TO","INDIRIZZO_CENTRALE":"ROMA 129 RIONE CASERMETTE","LATITUDINE_SEZIONE":"45.18551","LONGITUDINE_SEZIONE":"6.96256","POS_X_SEZIONE":"339938.00527","POS_Y_SEZIONE":"5005577.75929","LATITUDINE_CENTRALE":"45.15474","LONGITUDINE_CENTRALE":"7.01402","POS_X_CENTRALE":"343896.01111","POS_Y_CENTRALE":"5002058.75317","TIPO_ADSL":"ADSL_M","DESCRIZIONE_TIPO_ADSL":"ADSL Mini","DISTANZA_CALCOLATA":"5296.15","CLASSE_DISTANZA":"4900-5299","POTENZA_SEGNALE":"0.00","POPOLAZIONE_SEZIONE": ""}
			},
		 		{ "type" : "Feature",
				"geometry" : {
					"type" : "Point",
					"coordinates" : [6.99051,45.20844]},
			"properties" : { "ANNO":"2010","ID_SEZIONE":"21906","ISTAT_COMUNE_SEZ":"1157","COMUNE_SEZ":"MONCENISIO","PROVINCIA":"TO","ID_CENTRALE":"1586","NOME_CENTRALE":"VENAUS","ISTAT_COMUNE_CENTR":"1291","COMUNE_CENTR":"VENAUS","PROVINCIA_CENTR":"TO","INDIRIZZO_CENTRALE":"ROMA 129 RIONE CASERMETTE","LATITUDINE_SEZIONE":"45.20844","LONGITUDINE_SEZIONE":"6.99051","POS_X_SEZIONE":"342196.98357","POS_Y_SEZIONE":"5008069.80051","LATITUDINE_CENTRALE":"45.15474","LONGITUDINE_CENTRALE":"7.01402","POS_X_CENTRALE":"343896.01111","POS_Y_CENTRALE":"5002058.75317","TIPO_ADSL":"ADSL_M","DESCRIZIONE_TIPO_ADSL":"ADSL Mini","DISTANZA_CALCOLATA":"6246.55","CLASSE_DISTANZA":"6100 e oltre","POTENZA_SEGNALE":"0.00","POPOLAZIONE_SEZIONE": ""}
			},
		 		{ "type" : "Feature",
				"geometry" : {
					"type" : "Point",
					"coordinates" : [7.02626,45.19095]},
			"properties" : { "ANNO":"2010","ID_SEZIONE":"24964","ISTAT_COMUNE_SEZ":"1169","COMUNE_SEZ":"NOVALESA","PROVINCIA":"TO","ID_CENTRALE":"1586","NOME_CENTRALE":"VENAUS","ISTAT_COMUNE_CENTR":"1291","COMUNE_CENTR":"VENAUS","PROVINCIA_CENTR":"TO","INDIRIZZO_CENTRALE":"ROMA 129 RIONE CASERMETTE","LATITUDINE_SEZIONE":"45.19095","LONGITUDINE_SEZIONE":"7.02626","POS_X_SEZIONE":"344956.55349","POS_Y_SEZIONE":"5006058.30303","LATITUDINE_CENTRALE":"45.15474","LONGITUDINE_CENTRALE":"7.01402","POS_X_CENTRALE":"343896.01111","POS_Y_CENTRALE":"5002058.75317","TIPO_ADSL":"ADSL_M","DESCRIZIONE_TIPO_ADSL":"ADSL Mini","DISTANZA_CALCOLATA":"4137.77","CLASSE_DISTANZA":"4100-4499","POTENZA_SEGNALE":"0.00","POPOLAZIONE_SEZIONE": ""}
			},
		 		{ "type" : "Feature",
				"geometry" : {
					"type" : "Point",
					"coordinates" : [6.96823,45.17623]},
			"properties" : { "ANNO":"2010","ID_SEZIONE":"25469","ISTAT_COMUNE_SEZ":"1291","COMUNE_SEZ":"VENAUS","PROVINCIA":"TO","ID_CENTRALE":"1586","NOME_CENTRALE":"VENAUS","ISTAT_COMUNE_CENTR":"1291","COMUNE_CENTR":"VENAUS","PROVINCIA_CENTR":"TO","INDIRIZZO_CENTRALE":"ROMA 129 RIONE CASERMETTE","LATITUDINE_SEZIONE":"45.17623","LONGITUDINE_SEZIONE":"6.96823","POS_X_SEZIONE":"340357.37115","POS_Y_SEZIONE":"5004535.75327","LATITUDINE_CENTRALE":"45.15474","LONGITUDINE_CENTRALE":"7.01402","POS_X_CENTRALE":"343896.01111","POS_Y_CENTRALE":"5002058.75317","TIPO_ADSL":"ADSL_M","DESCRIZIONE_TIPO_ADSL":"ADSL Mini","DISTANZA_CALCOLATA":"4319.43","CLASSE_DISTANZA":"4100-4499","POTENZA_SEGNALE":"0.00","POPOLAZIONE_SEZIONE": ""}
			},
		 		{ "type" : "Feature",
				"geometry" : {
					"type" : "Point",
					"coordinates" : [6.98946,45.18903]},
			"properties" : { "ANNO":"2010","ID_SEZIONE":"25504","ISTAT_COMUNE_SEZ":"1291","COMUNE_SEZ":"VENAUS","PROVINCIA":"TO","ID_CENTRALE":"1586","NOME_CENTRALE":"VENAUS","ISTAT_COMUNE_CENTR":"1291","COMUNE_CENTR":"VENAUS","PROVINCIA_CENTR":"TO","INDIRIZZO_CENTRALE":"ROMA 129 RIONE CASERMETTE","LATITUDINE_SEZIONE":"45.18903","LONGITUDINE_SEZIONE":"6.98946","POS_X_SEZIONE":"342060.37532","POS_Y_SEZIONE":"5005916.27884","LATITUDINE_CENTRALE":"45.15474","LONGITUDINE_CENTRALE":"7.01402","POS_X_CENTRALE":"343896.01111","POS_Y_CENTRALE":"5002058.75317","TIPO_ADSL":"ADSL_M","DESCRIZIONE_TIPO_ADSL":"ADSL Mini","DISTANZA_CALCOLATA":"4272.01","CLASSE_DISTANZA":"4100-4499","POTENZA_SEGNALE":"0.00","POPOLAZIONE_SEZIONE": ""}
			},
		 		{ "type" : "Feature",
				"geometry" : {
					"type" : "Point",
					"coordinates" : [7.03910,45.17725]},
			"properties" : { "ANNO":"2010","ID_SEZIONE":"25596","ISTAT_COMUNE_SEZ":"1169","COMUNE_SEZ":"NOVALESA","PROVINCIA":"TO","ID_CENTRALE":"1586","NOME_CENTRALE":"VENAUS","ISTAT_COMUNE_CENTR":"1291","COMUNE_CENTR":"VENAUS","PROVINCIA_CENTR":"TO","INDIRIZZO_CENTRALE":"ROMA 129 RIONE CASERMETTE","LATITUDINE_SEZIONE":"45.17725","LONGITUDINE_SEZIONE":"7.03910","POS_X_SEZIONE":"345928.75958","POS_Y_SEZIONE":"5004510.79276","LATITUDINE_CENTRALE":"45.15474","LONGITUDINE_CENTRALE":"7.01402","POS_X_CENTRALE":"343896.01111","POS_Y_CENTRALE":"5002058.75317","TIPO_ADSL":"ADSL_M","DESCRIZIONE_TIPO_ADSL":"ADSL Mini","DISTANZA_CALCOLATA":"3185.05","CLASSE_DISTANZA":"2900-3299","POTENZA_SEGNALE":"0.64","POPOLAZIONE_SEZIONE": "1"}
			},
		 		{ "type" : "Feature",
				"geometry" : {
					"type" : "Point",
					"coordinates" : [7.01740,45.17739]},
			"properties" : { "ANNO":"2010","ID_SEZIONE":"26509","ISTAT_COMUNE_SEZ":"1169","COMUNE_SEZ":"NOVALESA","PROVINCIA":"TO","ID_CENTRALE":"1586","NOME_CENTRALE":"VENAUS","ISTAT_COMUNE_CENTR":"1291","COMUNE_CENTR":"VENAUS","PROVINCIA_CENTR":"TO","INDIRIZZO_CENTRALE":"ROMA 129 RIONE CASERMETTE","LATITUDINE_SEZIONE":"45.17739","LONGITUDINE_SEZIONE":"7.01740","POS_X_SEZIONE":"344223.67209","POS_Y_SEZIONE":"5004568.28114","LATITUDINE_CENTRALE":"45.15474","LONGITUDINE_CENTRALE":"7.01402","POS_X_CENTRALE":"343896.01111","POS_Y_CENTRALE":"5002058.75317","TIPO_ADSL":"ADSL_M","DESCRIZIONE_TIPO_ADSL":"ADSL Mini","DISTANZA_CALCOLATA":"2530.83","CLASSE_DISTANZA":"2500-2899","POTENZA_SEGNALE":"0.64","POPOLAZIONE_SEZIONE": "11"}
			},
		 		{ "type" : "Feature",
				"geometry" : {
					"type" : "Point",
					"coordinates" : [7.00179,45.19333]},
			"properties" : { "ANNO":"2010","ID_SEZIONE":"27184","ISTAT_COMUNE_SEZ":"1169","COMUNE_SEZ":"NOVALESA","PROVINCIA":"TO","ID_CENTRALE":"1586","NOME_CENTRALE":"VENAUS","ISTAT_COMUNE_CENTR":"1291","COMUNE_CENTR":"VENAUS","PROVINCIA_CENTR":"TO","INDIRIZZO_CENTRALE":"ROMA 129 RIONE CASERMETTE","LATITUDINE_SEZIONE":"45.19333","LONGITUDINE_SEZIONE":"7.00179","POS_X_SEZIONE":"343041.15586","POS_Y_SEZIONE":"5006369.79103","LATITUDINE_CENTRALE":"45.15474","LONGITUDINE_CENTRALE":"7.01402","POS_X_CENTRALE":"343896.01111","POS_Y_CENTRALE":"5002058.75317","TIPO_ADSL":"ADSL_M","DESCRIZIONE_TIPO_ADSL":"ADSL Mini","DISTANZA_CALCOLATA":"4394.98","CLASSE_DISTANZA":"4100-4499","POTENZA_SEGNALE":"0.00","POPOLAZIONE_SEZIONE": "2"}
			},
		 		{ "type" : "Feature",
				"geometry" : {
					"type" : "Point",
					"coordinates" : [7.02766,45.18400]},
			"properties" : { "ANNO":"2010","ID_SEZIONE":"27307","ISTAT_COMUNE_SEZ":"1169","COMUNE_SEZ":"NOVALESA","PROVINCIA":"TO","ID_CENTRALE":"1586","NOME_CENTRALE":"VENAUS","ISTAT_COMUNE_CENTR":"1291","COMUNE_CENTR":"VENAUS","PROVINCIA_CENTR":"TO","INDIRIZZO_CENTRALE":"ROMA 129 RIONE CASERMETTE","LATITUDINE_SEZIONE":"45.18400","LONGITUDINE_SEZIONE":"7.02766","POS_X_SEZIONE":"345048.07964","POS_Y_SEZIONE":"5005282.79507","LATITUDINE_CENTRALE":"45.15474","LONGITUDINE_CENTRALE":"7.01402","POS_X_CENTRALE":"343896.01111","POS_Y_CENTRALE":"5002058.75317","TIPO_ADSL":"ADSL_M","DESCRIZIONE_TIPO_ADSL":"ADSL Mini","DISTANZA_CALCOLATA":"3423.7","CLASSE_DISTANZA":"3300-3699","POTENZA_SEGNALE":"0.64","POPOLAZIONE_SEZIONE": ""}
			},
		 		{ "type" : "Feature",
				"geometry" : {
					"type" : "Point",
					"coordinates" : [7.02010,45.17871]},
			"properties" : { "ANNO":"2010","ID_SEZIONE":"27308","ISTAT_COMUNE_SEZ":"1169","COMUNE_SEZ":"NOVALESA","PROVINCIA":"TO","ID_CENTRALE":"1586","NOME_CENTRALE":"VENAUS","ISTAT_COMUNE_CENTR":"1291","COMUNE_CENTR":"VENAUS","PROVINCIA_CENTR":"TO","INDIRIZZO_CENTRALE":"ROMA 129 RIONE CASERMETTE","LATITUDINE_SEZIONE":"45.17871","LONGITUDINE_SEZIONE":"7.02010","POS_X_SEZIONE":"344439.92245","POS_Y_SEZIONE":"5004709.78412","LATITUDINE_CENTRALE":"45.15474","LONGITUDINE_CENTRALE":"7.01402","POS_X_CENTRALE":"343896.01111","POS_Y_CENTRALE":"5002058.75317","TIPO_ADSL":"ADSL_M","DESCRIZIONE_TIPO_ADSL":"ADSL Mini","DISTANZA_CALCOLATA":"2706.25","CLASSE_DISTANZA":"2500-2899","POTENZA_SEGNALE":"0.64","POPOLAZIONE_SEZIONE": "96"}
			},
		 		{ "type" : "Feature",
				"geometry" : {
					"type" : "Point",
					"coordinates" : [7.01349,45.15382]},
			"properties" : { "ANNO":"2010","ID_SEZIONE":"28587","ISTAT_COMUNE_SEZ":"1291","COMUNE_SEZ":"VENAUS","PROVINCIA":"TO","ID_CENTRALE":"1586","NOME_CENTRALE":"VENAUS","ISTAT_COMUNE_CENTR":"1291","COMUNE_CENTR":"VENAUS","PROVINCIA_CENTR":"TO","INDIRIZZO_CENTRALE":"ROMA 129 RIONE CASERMETTE","LATITUDINE_SEZIONE":"45.15382","LONGITUDINE_SEZIONE":"7.01349","POS_X_SEZIONE":"343852.44649","POS_Y_SEZIONE":"5001957.25369","LATITUDINE_CENTRALE":"45.15474","LONGITUDINE_CENTRALE":"7.01402","POS_X_CENTRALE":"343896.01111","POS_Y_CENTRALE":"5002058.75317","TIPO_ADSL":"ADSL_M","DESCRIZIONE_TIPO_ADSL":"ADSL Mini","DISTANZA_CALCOLATA":"110.45","CLASSE_DISTANZA":"100-499","POTENZA_SEGNALE":"0.64","POPOLAZIONE_SEZIONE": "378"}
			},
		 		{ "type" : "Feature",
				"geometry" : {
					"type" : "Point",
					"coordinates" : [7.02375,45.18591]},
			"properties" : { "ANNO":"2010","ID_SEZIONE":"29172","ISTAT_COMUNE_SEZ":"1169","COMUNE_SEZ":"NOVALESA","PROVINCIA":"TO","ID_CENTRALE":"1586","NOME_CENTRALE":"VENAUS","ISTAT_COMUNE_CENTR":"1291","COMUNE_CENTR":"VENAUS","PROVINCIA_CENTR":"TO","INDIRIZZO_CENTRALE":"ROMA 129 RIONE CASERMETTE","LATITUDINE_SEZIONE":"45.18591","LONGITUDINE_SEZIONE":"7.02375","POS_X_SEZIONE":"344745.86293","POS_Y_SEZIONE":"5005502.29510","LATITUDINE_CENTRALE":"45.15474","LONGITUDINE_CENTRALE":"7.01402","POS_X_CENTRALE":"343896.01111","POS_Y_CENTRALE":"5002058.75317","TIPO_ADSL":"ADSL_M","DESCRIZIONE_TIPO_ADSL":"ADSL Mini","DISTANZA_CALCOLATA":"3546.86","CLASSE_DISTANZA":"3300-3699","POTENZA_SEGNALE":"0.64","POPOLAZIONE_SEZIONE": "33"}
			},
		 		{ "type" : "Feature",
				"geometry" : {
					"type" : "Point",
					"coordinates" : [7.04273,45.18622]},
			"properties" : { "ANNO":"2010","ID_SEZIONE":"29521","ISTAT_COMUNE_SEZ":"1169","COMUNE_SEZ":"NOVALESA","PROVINCIA":"TO","ID_CENTRALE":"1586","NOME_CENTRALE":"VENAUS","ISTAT_COMUNE_CENTR":"1291","COMUNE_CENTR":"VENAUS","PROVINCIA_CENTR":"TO","INDIRIZZO_CENTRALE":"ROMA 129 RIONE CASERMETTE","LATITUDINE_SEZIONE":"45.18622","LONGITUDINE_SEZIONE":"7.04273","POS_X_SEZIONE":"346238.07670","POS_Y_SEZIONE":"5005500.80671","LATITUDINE_CENTRALE":"45.15474","LONGITUDINE_CENTRALE":"7.01402","POS_X_CENTRALE":"343896.01111","POS_Y_CENTRALE":"5002058.75317","TIPO_ADSL":"ADSL_M","DESCRIZIONE_TIPO_ADSL":"ADSL Mini","DISTANZA_CALCOLATA":"4163.29","CLASSE_DISTANZA":"4100-4499","POTENZA_SEGNALE":"0.00","POPOLAZIONE_SEZIONE": ""}
			},
		 		{ "type" : "Feature",
				"geometry" : {
					"type" : "Point",
					"coordinates" : [6.98459,45.20398]},
			"properties" : { "ANNO":"2010","ID_SEZIONE":"29852","ISTAT_COMUNE_SEZ":"1157","COMUNE_SEZ":"MONCENISIO","PROVINCIA":"TO","ID_CENTRALE":"1586","NOME_CENTRALE":"VENAUS","ISTAT_COMUNE_CENTR":"1291","COMUNE_CENTR":"VENAUS","PROVINCIA_CENTR":"TO","INDIRIZZO_CENTRALE":"ROMA 129 RIONE CASERMETTE","LATITUDINE_SEZIONE":"45.20398","LONGITUDINE_SEZIONE":"6.98459","POS_X_SEZIONE":"341719.51285","POS_Y_SEZIONE":"5007585.79155","LATITUDINE_CENTRALE":"45.15474","LONGITUDINE_CENTRALE":"7.01402","POS_X_CENTRALE":"343896.01111","POS_Y_CENTRALE":"5002058.75317","TIPO_ADSL":"ADSL_M","DESCRIZIONE_TIPO_ADSL":"ADSL Mini","DISTANZA_CALCOLATA":"5940.14","CLASSE_DISTANZA":"5700-6099","POTENZA_SEGNALE":"0.00","POPOLAZIONE_SEZIONE": "46"}
			},
		 		{ "type" : "Feature",
				"geometry" : {
					"type" : "Point",
					"coordinates" : [7.05565,45.19371]},
			"properties" : { "ANNO":"2010","ID_SEZIONE":"31933","ISTAT_COMUNE_SEZ":"1169","COMUNE_SEZ":"NOVALESA","PROVINCIA":"TO","ID_CENTRALE":"1586","NOME_CENTRALE":"VENAUS","ISTAT_COMUNE_CENTR":"1291","COMUNE_CENTR":"VENAUS","PROVINCIA_CENTR":"TO","INDIRIZZO_CENTRALE":"ROMA 129 RIONE CASERMETTE","LATITUDINE_SEZIONE":"45.19371","LONGITUDINE_SEZIONE":"7.05565","POS_X_SEZIONE":"347272.45238","POS_Y_SEZIONE":"5006308.82463","LATITUDINE_CENTRALE":"45.15474","LONGITUDINE_CENTRALE":"7.01402","POS_X_CENTRALE":"343896.01111","POS_Y_CENTRALE":"5002058.75317","TIPO_ADSL":"ADSL_M","DESCRIZIONE_TIPO_ADSL":"ADSL Mini","DISTANZA_CALCOLATA":"5428.03","CLASSE_DISTANZA":"5300-5699","POTENZA_SEGNALE":"0.00","POPOLAZIONE_SEZIONE": ""}
			},
		 		{ "type" : "Feature",
				"geometry" : {
					"type" : "Point",
					"coordinates" : [7.05421,45.20585]},
			"properties" : { "ANNO":"2010","ID_SEZIONE":"32109","ISTAT_COMUNE_SEZ":"1169","COMUNE_SEZ":"NOVALESA","PROVINCIA":"TO","ID_CENTRALE":"1586","NOME_CENTRALE":"VENAUS","ISTAT_COMUNE_CENTR":"1291","COMUNE_CENTR":"VENAUS","PROVINCIA_CENTR":"TO","INDIRIZZO_CENTRALE":"ROMA 129 RIONE CASERMETTE","LATITUDINE_SEZIONE":"45.20585","LONGITUDINE_SEZIONE":"7.05421","POS_X_SEZIONE":"347192.45954","POS_Y_SEZIONE":"5007659.84057","LATITUDINE_CENTRALE":"45.15474","LONGITUDINE_CENTRALE":"7.01402","POS_X_CENTRALE":"343896.01111","POS_Y_CENTRALE":"5002058.75317","TIPO_ADSL":"ADSL_M","DESCRIZIONE_TIPO_ADSL":"ADSL Mini","DISTANZA_CALCOLATA":"6499.13","CLASSE_DISTANZA":"6100 e oltre","POTENZA_SEGNALE":"0.00","POPOLAZIONE_SEZIONE": ""}
			}
		 		]
	}
		