 	{ "type" : "FeatureCollection",
		"features" : [
		 		{ "type" : "Feature",
				"geometry" : {
					"type" : "Point",
					"coordinates" : [8.60341,44.57220]},
			"properties" : { "ANNO":"2010","ID_SEZIONE":"967","ISTAT_COMUNE_SEZ":"6095","COMUNE_SEZ":"MOLARE","PROVINCIA":"AL","ID_CENTRALE":"113","NOME_CENTRALE":"BANDITA DI CASSINELLE","ISTAT_COMUNE_CENTR":"6044","COMUNE_CENTR":"CASSINELLE","PROVINCIA_CENTR":"AL","INDIRIZZO_CENTRALE":"COSTALUNGA","LATITUDINE_SEZIONE":"44.57220","LONGITUDINE_SEZIONE":"8.60341","POS_X_SEZIONE":"468510.56321","POS_Y_SEZIONE":"4935505.72082","LATITUDINE_CENTRALE":"44.57520","LONGITUDINE_CENTRALE":"8.55325","POS_X_CENTRALE":"464530.13696","POS_Y_CENTRALE":"4935859.65507","TIPO_ADSL":"NO","DESCRIZIONE_TIPO_ADSL":"NO Adsl","DISTANZA_CALCOLATA":"3996.13","CLASSE_DISTANZA":"3700-4099","POTENZA_SEGNALE":"","POPOLAZIONE_SEZIONE": "4"}
			},
		 		{ "type" : "Feature",
				"geometry" : {
					"type" : "Point",
					"coordinates" : [8.59066,44.57502]},
			"properties" : { "ANNO":"2010","ID_SEZIONE":"3336","ISTAT_COMUNE_SEZ":"6095","COMUNE_SEZ":"MOLARE","PROVINCIA":"AL","ID_CENTRALE":"113","NOME_CENTRALE":"BANDITA DI CASSINELLE","ISTAT_COMUNE_CENTR":"6044","COMUNE_CENTR":"CASSINELLE","PROVINCIA_CENTR":"AL","INDIRIZZO_CENTRALE":"COSTALUNGA","LATITUDINE_SEZIONE":"44.57502","LONGITUDINE_SEZIONE":"8.59066","POS_X_SEZIONE":"467500.39745","POS_Y_SEZIONE":"4935824.21759","LATITUDINE_CENTRALE":"44.57520","LONGITUDINE_CENTRALE":"8.55325","POS_X_CENTRALE":"464530.13696","POS_Y_CENTRALE":"4935859.65507","TIPO_ADSL":"NO","DESCRIZIONE_TIPO_ADSL":"NO Adsl","DISTANZA_CALCOLATA":"2970.47","CLASSE_DISTANZA":"2900-3299","POTENZA_SEGNALE":"","POPOLAZIONE_SEZIONE": "9"}
			},
		 		{ "type" : "Feature",
				"geometry" : {
					"type" : "Point",
					"coordinates" : [8.59127,44.57978]},
			"properties" : { "ANNO":"2010","ID_SEZIONE":"26406","ISTAT_COMUNE_SEZ":"6095","COMUNE_SEZ":"MOLARE","PROVINCIA":"AL","ID_CENTRALE":"113","NOME_CENTRALE":"BANDITA DI CASSINELLE","ISTAT_COMUNE_CENTR":"6044","COMUNE_CENTR":"CASSINELLE","PROVINCIA_CENTR":"AL","INDIRIZZO_CENTRALE":"COSTALUNGA","LATITUDINE_SEZIONE":"44.57978","LONGITUDINE_SEZIONE":"8.59127","POS_X_SEZIONE":"467550.89191","POS_Y_SEZIONE":"4936352.72498","LATITUDINE_CENTRALE":"44.57520","LONGITUDINE_CENTRALE":"8.55325","POS_X_CENTRALE":"464530.13696","POS_Y_CENTRALE":"4935859.65507","TIPO_ADSL":"NO","DESCRIZIONE_TIPO_ADSL":"NO Adsl","DISTANZA_CALCOLATA":"3060.73","CLASSE_DISTANZA":"2900-3299","POTENZA_SEGNALE":"","POPOLAZIONE_SEZIONE": "13"}
			}
		 		]
	}
		