 	{ "type" : "FeatureCollection",
		"features" : [
		 		{ "type" : "Feature",
				"geometry" : {
					"type" : "Point",
					"coordinates" : [7.18162,44.78845]},
			"properties" : { "ANNO":"2010","ID_SEZIONE":"9818","ISTAT_COMUNE_SEZ":"1226","COMUNE_SEZ":"RORA'","PROVINCIA":"TO","ID_CENTRALE":"1154","NOME_CENTRALE":"RORA'","ISTAT_COMUNE_CENTR":"1226","COMUNE_CENTR":"RORA'","PROVINCIA_CENTR":"TO","INDIRIZZO_CENTRALE":"VITTORIO AMEDEO II 18","LATITUDINE_SEZIONE":"44.78845","LONGITUDINE_SEZIONE":"7.18162","POS_X_SEZIONE":"356157.40035","POS_Y_SEZIONE":"4961058.40590","LATITUDINE_CENTRALE":"44.79286","LONGITUDINE_CENTRALE":"7.19367","POS_X_CENTRALE":"357120.92970","POS_Y_CENTRALE":"4961527.03898","TIPO_ADSL":"NO","DESCRIZIONE_TIPO_ADSL":"NO Adsl","DISTANZA_CALCOLATA":"1071.45","CLASSE_DISTANZA":"900-1299","POTENZA_SEGNALE":"","POPOLAZIONE_SEZIONE": "13"}
			},
		 		{ "type" : "Feature",
				"geometry" : {
					"type" : "Point",
					"coordinates" : [7.18157,44.76694]},
			"properties" : { "ANNO":"2010","ID_SEZIONE":"22722","ISTAT_COMUNE_SEZ":"1226","COMUNE_SEZ":"RORA'","PROVINCIA":"TO","ID_CENTRALE":"1154","NOME_CENTRALE":"RORA'","ISTAT_COMUNE_CENTR":"1226","COMUNE_CENTR":"RORA'","PROVINCIA_CENTR":"TO","INDIRIZZO_CENTRALE":"VITTORIO AMEDEO II 18","LATITUDINE_SEZIONE":"44.76694","LONGITUDINE_SEZIONE":"7.18157","POS_X_SEZIONE":"356099.66723","POS_Y_SEZIONE":"4958668.87272","LATITUDINE_CENTRALE":"44.79286","LONGITUDINE_CENTRALE":"7.19367","POS_X_CENTRALE":"357120.92970","POS_Y_CENTRALE":"4961527.03898","TIPO_ADSL":"NO","DESCRIZIONE_TIPO_ADSL":"NO Adsl","DISTANZA_CALCOLATA":"3035.14","CLASSE_DISTANZA":"2900-3299","POTENZA_SEGNALE":"","POPOLAZIONE_SEZIONE": ""}
			},
		 		{ "type" : "Feature",
				"geometry" : {
					"type" : "Point",
					"coordinates" : [7.19864,44.79216]},
			"properties" : { "ANNO":"2010","ID_SEZIONE":"25466","ISTAT_COMUNE_SEZ":"1226","COMUNE_SEZ":"RORA'","PROVINCIA":"TO","ID_CENTRALE":"1154","NOME_CENTRALE":"RORA'","ISTAT_COMUNE_CENTR":"1226","COMUNE_CENTR":"RORA'","PROVINCIA_CENTR":"TO","INDIRIZZO_CENTRALE":"VITTORIO AMEDEO II 18","LATITUDINE_SEZIONE":"44.79216","LONGITUDINE_SEZIONE":"7.19864","POS_X_SEZIONE":"357512.93162","POS_Y_SEZIONE":"4961440.92315","LATITUDINE_CENTRALE":"44.79286","LONGITUDINE_CENTRALE":"7.19367","POS_X_CENTRALE":"357120.92970","POS_Y_CENTRALE":"4961527.03898","TIPO_ADSL":"NO","DESCRIZIONE_TIPO_ADSL":"NO Adsl","DISTANZA_CALCOLATA":"401.35","CLASSE_DISTANZA":"100-499","POTENZA_SEGNALE":"","POPOLAZIONE_SEZIONE": "105"}
			}
		 		]
	}
		