 	{ "type" : "FeatureCollection",
		"features" : [
		 		{ "type" : "Feature",
				"geometry" : {
					"type" : "Point",
					"coordinates" : [8.02187,45.21336]},
			"properties" : { "ANNO":"2010","ID_SEZIONE":"49","ISTAT_COMUNE_SEZ":"2128","COMUNE_SEZ":"SALUGGIA","PROVINCIA":"VC","ID_CENTRALE":"1257","NOME_CENTRALE":"SALUGGIA","ISTAT_COMUNE_CENTR":"2128","COMUNE_CENTR":"SALUGGIA","PROVINCIA_CENTR":"VC","INDIRIZZO_CENTRALE":"VIA PONTE ROCCA","LATITUDINE_SEZIONE":"45.21336","LONGITUDINE_SEZIONE":"8.02187","POS_X_SEZIONE":"423195.40259","POS_Y_SEZIONE":"5007117.59110","LATITUDINE_CENTRALE":"45.24241","LONGITUDINE_CENTRALE":"7.99971","POS_X_CENTRALE":"421495.05881","POS_Y_CENTRALE":"5010366.50013","TIPO_ADSL":"ADSL_1","DESCRIZIONE_TIPO_ADSL":"ADSL (8 mega)","DISTANZA_CALCOLATA":"3666.96","CLASSE_DISTANZA":"3300-3699","POTENZA_SEGNALE":"3999.63","POPOLAZIONE_SEZIONE": "1"}
			},
		 		{ "type" : "Feature",
				"geometry" : {
					"type" : "Point",
					"coordinates" : [8.05838,45.25152]},
			"properties" : { "ANNO":"2010","ID_SEZIONE":"1731","ISTAT_COMUNE_SEZ":"2128","COMUNE_SEZ":"SALUGGIA","PROVINCIA":"VC","ID_CENTRALE":"1257","NOME_CENTRALE":"SALUGGIA","ISTAT_COMUNE_CENTR":"2128","COMUNE_CENTR":"SALUGGIA","PROVINCIA_CENTR":"VC","INDIRIZZO_CENTRALE":"VIA PONTE ROCCA","LATITUDINE_SEZIONE":"45.25152","LONGITUDINE_SEZIONE":"8.05838","POS_X_SEZIONE":"426111.49603","POS_Y_SEZIONE":"5011322.65990","LATITUDINE_CENTRALE":"45.24241","LONGITUDINE_CENTRALE":"7.99971","POS_X_CENTRALE":"421495.05881","POS_Y_CENTRALE":"5010366.50013","TIPO_ADSL":"ADSL_1","DESCRIZIONE_TIPO_ADSL":"ADSL (8 mega)","DISTANZA_CALCOLATA":"4714.42","CLASSE_DISTANZA":"4500-4899","POTENZA_SEGNALE":"1470","POPOLAZIONE_SEZIONE": ""}
			},
		 		{ "type" : "Feature",
				"geometry" : {
					"type" : "Point",
					"coordinates" : [8.00330,45.25708]},
			"properties" : { "ANNO":"2010","ID_SEZIONE":"3712","ISTAT_COMUNE_SEZ":"2128","COMUNE_SEZ":"SALUGGIA","PROVINCIA":"VC","ID_CENTRALE":"1257","NOME_CENTRALE":"SALUGGIA","ISTAT_COMUNE_CENTR":"2128","COMUNE_CENTR":"SALUGGIA","PROVINCIA_CENTR":"VC","INDIRIZZO_CENTRALE":"VIA PONTE ROCCA","LATITUDINE_SEZIONE":"45.25708","LONGITUDINE_SEZIONE":"8.00330","POS_X_SEZIONE":"421796.64573","POS_Y_SEZIONE":"5011992.09069","LATITUDINE_CENTRALE":"45.24241","LONGITUDINE_CENTRALE":"7.99971","POS_X_CENTRALE":"421495.05881","POS_Y_CENTRALE":"5010366.50013","TIPO_ADSL":"ADSL_1","DESCRIZIONE_TIPO_ADSL":"ADSL (8 mega)","DISTANZA_CALCOLATA":"1653.33","CLASSE_DISTANZA":"1300-1699","POTENZA_SEGNALE":"7000","POPOLAZIONE_SEZIONE": "7"}
			},
		 		{ "type" : "Feature",
				"geometry" : {
					"type" : "Point",
					"coordinates" : [8.05624,45.25648]},
			"properties" : { "ANNO":"2010","ID_SEZIONE":"3917","ISTAT_COMUNE_SEZ":"2128","COMUNE_SEZ":"SALUGGIA","PROVINCIA":"VC","ID_CENTRALE":"1257","NOME_CENTRALE":"SALUGGIA","ISTAT_COMUNE_CENTR":"2128","COMUNE_CENTR":"SALUGGIA","PROVINCIA_CENTR":"VC","INDIRIZZO_CENTRALE":"VIA PONTE ROCCA","LATITUDINE_SEZIONE":"45.25648","LONGITUDINE_SEZIONE":"8.05624","POS_X_SEZIONE":"425950.22525","POS_Y_SEZIONE":"5011875.65984","LATITUDINE_CENTRALE":"45.24241","LONGITUDINE_CENTRALE":"7.99971","POS_X_CENTRALE":"421495.05881","POS_Y_CENTRALE":"5010366.50013","TIPO_ADSL":"ADSL_1","DESCRIZIONE_TIPO_ADSL":"ADSL (8 mega)","DISTANZA_CALCOLATA":"4703.84","CLASSE_DISTANZA":"4500-4899","POTENZA_SEGNALE":"1470","POPOLAZIONE_SEZIONE": "25"}
			},
		 		{ "type" : "Feature",
				"geometry" : {
					"type" : "Point",
					"coordinates" : [8.02620,45.21888]},
			"properties" : { "ANNO":"2010","ID_SEZIONE":"4261","ISTAT_COMUNE_SEZ":"2128","COMUNE_SEZ":"SALUGGIA","PROVINCIA":"VC","ID_CENTRALE":"1257","NOME_CENTRALE":"SALUGGIA","ISTAT_COMUNE_CENTR":"2128","COMUNE_CENTR":"SALUGGIA","PROVINCIA_CENTR":"VC","INDIRIZZO_CENTRALE":"VIA PONTE ROCCA","LATITUDINE_SEZIONE":"45.21888","LONGITUDINE_SEZIONE":"8.02620","POS_X_SEZIONE":"423542.11722","POS_Y_SEZIONE":"5007726.59923","LATITUDINE_CENTRALE":"45.24241","LONGITUDINE_CENTRALE":"7.99971","POS_X_CENTRALE":"421495.05881","POS_Y_CENTRALE":"5010366.50013","TIPO_ADSL":"ADSL_1","DESCRIZIONE_TIPO_ADSL":"ADSL (8 mega)","DISTANZA_CALCOLATA":"3340.59","CLASSE_DISTANZA":"3300-3699","POTENZA_SEGNALE":"3999.63","POPOLAZIONE_SEZIONE": ""}
			},
		 		{ "type" : "Feature",
				"geometry" : {
					"type" : "Point",
					"coordinates" : [8.02944,45.24562]},
			"properties" : { "ANNO":"2010","ID_SEZIONE":"4918","ISTAT_COMUNE_SEZ":"2128","COMUNE_SEZ":"SALUGGIA","PROVINCIA":"VC","ID_CENTRALE":"1257","NOME_CENTRALE":"SALUGGIA","ISTAT_COMUNE_CENTR":"2128","COMUNE_CENTR":"SALUGGIA","PROVINCIA_CENTR":"VC","INDIRIZZO_CENTRALE":"VIA PONTE ROCCA","LATITUDINE_SEZIONE":"45.24562","LONGITUDINE_SEZIONE":"8.02944","POS_X_SEZIONE":"423832.90915","POS_Y_SEZIONE":"5010694.11846","LATITUDINE_CENTRALE":"45.24241","LONGITUDINE_CENTRALE":"7.99971","POS_X_CENTRALE":"421495.05881","POS_Y_CENTRALE":"5010366.50013","TIPO_ADSL":"ADSL_1","DESCRIZIONE_TIPO_ADSL":"ADSL (8 mega)","DISTANZA_CALCOLATA":"2360.69","CLASSE_DISTANZA":"2100-2499","POTENZA_SEGNALE":"6500.38","POPOLAZIONE_SEZIONE": "45"}
			},
		 		{ "type" : "Feature",
				"geometry" : {
					"type" : "Point",
					"coordinates" : [8.03341,45.23169]},
			"properties" : { "ANNO":"2010","ID_SEZIONE":"8011","ISTAT_COMUNE_SEZ":"2128","COMUNE_SEZ":"SALUGGIA","PROVINCIA":"VC","ID_CENTRALE":"1257","NOME_CENTRALE":"SALUGGIA","ISTAT_COMUNE_CENTR":"2128","COMUNE_CENTR":"SALUGGIA","PROVINCIA_CENTR":"VC","INDIRIZZO_CENTRALE":"VIA PONTE ROCCA","LATITUDINE_SEZIONE":"45.23169","LONGITUDINE_SEZIONE":"8.03341","POS_X_SEZIONE":"424125.92522","POS_Y_SEZIONE":"5009142.61561","LATITUDINE_CENTRALE":"45.24241","LONGITUDINE_CENTRALE":"7.99971","POS_X_CENTRALE":"421495.05881","POS_Y_CENTRALE":"5010366.50013","TIPO_ADSL":"ADSL_1","DESCRIZIONE_TIPO_ADSL":"ADSL (8 mega)","DISTANZA_CALCOLATA":"2901.61","CLASSE_DISTANZA":"2900-3299","POTENZA_SEGNALE":"4999.75","POPOLAZIONE_SEZIONE": "23"}
			},
		 		{ "type" : "Feature",
				"geometry" : {
					"type" : "Point",
					"coordinates" : [8.03887,45.21058]},
			"properties" : { "ANNO":"2010","ID_SEZIONE":"9071","ISTAT_COMUNE_SEZ":"2128","COMUNE_SEZ":"SALUGGIA","PROVINCIA":"VC","ID_CENTRALE":"1257","NOME_CENTRALE":"SALUGGIA","ISTAT_COMUNE_CENTR":"2128","COMUNE_CENTR":"SALUGGIA","PROVINCIA_CENTR":"VC","INDIRIZZO_CENTRALE":"VIA PONTE ROCCA","LATITUDINE_SEZIONE":"45.21058","LONGITUDINE_SEZIONE":"8.03887","POS_X_SEZIONE":"424525.93341","POS_Y_SEZIONE":"5006793.10956","LATITUDINE_CENTRALE":"45.24241","LONGITUDINE_CENTRALE":"7.99971","POS_X_CENTRALE":"421495.05881","POS_Y_CENTRALE":"5010366.50013","TIPO_ADSL":"ADSL_1","DESCRIZIONE_TIPO_ADSL":"ADSL (8 mega)","DISTANZA_CALCOLATA":"4685.65","CLASSE_DISTANZA":"4500-4899","POTENZA_SEGNALE":"1470","POPOLAZIONE_SEZIONE": "27"}
			},
		 		{ "type" : "Feature",
				"geometry" : {
					"type" : "Point",
					"coordinates" : [8.01032,45.21915]},
			"properties" : { "ANNO":"2010","ID_SEZIONE":"9655","ISTAT_COMUNE_SEZ":"2128","COMUNE_SEZ":"SALUGGIA","PROVINCIA":"VC","ID_CENTRALE":"1257","NOME_CENTRALE":"SALUGGIA","ISTAT_COMUNE_CENTR":"2128","COMUNE_CENTR":"SALUGGIA","PROVINCIA_CENTR":"VC","INDIRIZZO_CENTRALE":"VIA PONTE ROCCA","LATITUDINE_SEZIONE":"45.21915","LONGITUDINE_SEZIONE":"8.01032","POS_X_SEZIONE":"422296.05001","POS_Y_SEZIONE":"5007772.08070","LATITUDINE_CENTRALE":"45.24241","LONGITUDINE_CENTRALE":"7.99971","POS_X_CENTRALE":"421495.05881","POS_Y_CENTRALE":"5010366.50013","TIPO_ADSL":"ADSL_1","DESCRIZIONE_TIPO_ADSL":"ADSL (8 mega)","DISTANZA_CALCOLATA":"2715.25","CLASSE_DISTANZA":"2500-2899","POTENZA_SEGNALE":"5749.63","POPOLAZIONE_SEZIONE": ""}
			},
		 		{ "type" : "Feature",
				"geometry" : {
					"type" : "Point",
					"coordinates" : [8.06036,45.24312]},
			"properties" : { "ANNO":"2010","ID_SEZIONE":"11358","ISTAT_COMUNE_SEZ":"2128","COMUNE_SEZ":"SALUGGIA","PROVINCIA":"VC","ID_CENTRALE":"1257","NOME_CENTRALE":"SALUGGIA","ISTAT_COMUNE_CENTR":"2128","COMUNE_CENTR":"SALUGGIA","PROVINCIA_CENTR":"VC","INDIRIZZO_CENTRALE":"VIA PONTE ROCCA","LATITUDINE_SEZIONE":"45.24312","LONGITUDINE_SEZIONE":"8.06036","POS_X_SEZIONE":"426255.61072","POS_Y_SEZIONE":"5010387.65677","LATITUDINE_CENTRALE":"45.24241","LONGITUDINE_CENTRALE":"7.99971","POS_X_CENTRALE":"421495.05881","POS_Y_CENTRALE":"5010366.50013","TIPO_ADSL":"ADSL_1","DESCRIZIONE_TIPO_ADSL":"ADSL (8 mega)","DISTANZA_CALCOLATA":"4760.6","CLASSE_DISTANZA":"4500-4899","POTENZA_SEGNALE":"1470","POPOLAZIONE_SEZIONE": ""}
			},
		 		{ "type" : "Feature",
				"geometry" : {
					"type" : "Point",
					"coordinates" : [8.04693,45.24149]},
			"properties" : { "ANNO":"2010","ID_SEZIONE":"13253","ISTAT_COMUNE_SEZ":"2128","COMUNE_SEZ":"SALUGGIA","PROVINCIA":"VC","ID_CENTRALE":"1257","NOME_CENTRALE":"SALUGGIA","ISTAT_COMUNE_CENTR":"2128","COMUNE_CENTR":"SALUGGIA","PROVINCIA_CENTR":"VC","INDIRIZZO_CENTRALE":"VIA PONTE ROCCA","LATITUDINE_SEZIONE":"45.24149","LONGITUDINE_SEZIONE":"8.04693","POS_X_SEZIONE":"425199.37981","POS_Y_SEZIONE":"5010218.63840","LATITUDINE_CENTRALE":"45.24241","LONGITUDINE_CENTRALE":"7.99971","POS_X_CENTRALE":"421495.05881","POS_Y_CENTRALE":"5010366.50013","TIPO_ADSL":"ADSL_1","DESCRIZIONE_TIPO_ADSL":"ADSL (8 mega)","DISTANZA_CALCOLATA":"3707.27","CLASSE_DISTANZA":"3700-4099","POTENZA_SEGNALE":"3000.38","POPOLAZIONE_SEZIONE": "5"}
			},
		 		{ "type" : "Feature",
				"geometry" : {
					"type" : "Point",
					"coordinates" : [8.03775,45.20451]},
			"properties" : { "ANNO":"2010","ID_SEZIONE":"13255","ISTAT_COMUNE_SEZ":"2128","COMUNE_SEZ":"SALUGGIA","PROVINCIA":"VC","ID_CENTRALE":"1257","NOME_CENTRALE":"SALUGGIA","ISTAT_COMUNE_CENTR":"2128","COMUNE_CENTR":"SALUGGIA","PROVINCIA_CENTR":"VC","INDIRIZZO_CENTRALE":"VIA PONTE ROCCA","LATITUDINE_SEZIONE":"45.20451","LONGITUDINE_SEZIONE":"8.03775","POS_X_SEZIONE":"424430.49456","POS_Y_SEZIONE":"5006119.60428","LATITUDINE_CENTRALE":"45.24241","LONGITUDINE_CENTRALE":"7.99971","POS_X_CENTRALE":"421495.05881","POS_Y_CENTRALE":"5010366.50013","TIPO_ADSL":"ADSL_1","DESCRIZIONE_TIPO_ADSL":"ADSL (8 mega)","DISTANZA_CALCOLATA":"5162.65","CLASSE_DISTANZA":"4900-5299","POTENZA_SEGNALE":"125.13","POPOLAZIONE_SEZIONE": "24"}
			},
		 		{ "type" : "Feature",
				"geometry" : {
					"type" : "Point",
					"coordinates" : [8.02072,45.23591]},
			"properties" : { "ANNO":"2010","ID_SEZIONE":"14315","ISTAT_COMUNE_SEZ":"2128","COMUNE_SEZ":"SALUGGIA","PROVINCIA":"VC","ID_CENTRALE":"1257","NOME_CENTRALE":"SALUGGIA","ISTAT_COMUNE_CENTR":"2128","COMUNE_CENTR":"SALUGGIA","PROVINCIA_CENTR":"VC","INDIRIZZO_CENTRALE":"VIA PONTE ROCCA","LATITUDINE_SEZIONE":"45.23591","LONGITUDINE_SEZIONE":"8.02072","POS_X_SEZIONE":"423135.26051","POS_Y_SEZIONE":"5009624.10246","LATITUDINE_CENTRALE":"45.24241","LONGITUDINE_CENTRALE":"7.99971","POS_X_CENTRALE":"421495.05881","POS_Y_CENTRALE":"5010366.50013","TIPO_ADSL":"ADSL_1","DESCRIZIONE_TIPO_ADSL":"ADSL (8 mega)","DISTANZA_CALCOLATA":"1800.39","CLASSE_DISTANZA":"1700-2099","POTENZA_SEGNALE":"6874.88","POPOLAZIONE_SEZIONE": "272"}
			},
		 		{ "type" : "Feature",
				"geometry" : {
					"type" : "Point",
					"coordinates" : [8.03948,45.25589]},
			"properties" : { "ANNO":"2010","ID_SEZIONE":"14870","ISTAT_COMUNE_SEZ":"2128","COMUNE_SEZ":"SALUGGIA","PROVINCIA":"VC","ID_CENTRALE":"1257","NOME_CENTRALE":"SALUGGIA","ISTAT_COMUNE_CENTR":"2128","COMUNE_CENTR":"SALUGGIA","PROVINCIA_CENTR":"VC","INDIRIZZO_CENTRALE":"VIA PONTE ROCCA","LATITUDINE_SEZIONE":"45.25589","LONGITUDINE_SEZIONE":"8.03948","POS_X_SEZIONE":"424634.40470","POS_Y_SEZIONE":"5011825.63744","LATITUDINE_CENTRALE":"45.24241","LONGITUDINE_CENTRALE":"7.99971","POS_X_CENTRALE":"421495.05881","POS_Y_CENTRALE":"5010366.50013","TIPO_ADSL":"ADSL_1","DESCRIZIONE_TIPO_ADSL":"ADSL (8 mega)","DISTANZA_CALCOLATA":"3461.87","CLASSE_DISTANZA":"3300-3699","POTENZA_SEGNALE":"3999.63","POPOLAZIONE_SEZIONE": "65"}
			},
		 		{ "type" : "Feature",
				"geometry" : {
					"type" : "Point",
					"coordinates" : [8.00941,45.24955]},
			"properties" : { "ANNO":"2010","ID_SEZIONE":"16274","ISTAT_COMUNE_SEZ":"2128","COMUNE_SEZ":"SALUGGIA","PROVINCIA":"VC","ID_CENTRALE":"1257","NOME_CENTRALE":"SALUGGIA","ISTAT_COMUNE_CENTR":"2128","COMUNE_CENTR":"SALUGGIA","PROVINCIA_CENTR":"VC","INDIRIZZO_CENTRALE":"VIA PONTE ROCCA","LATITUDINE_SEZIONE":"45.24955","LONGITUDINE_SEZIONE":"8.00941","POS_X_SEZIONE":"422265.90857","POS_Y_SEZIONE":"5011150.59513","LATITUDINE_CENTRALE":"45.24241","LONGITUDINE_CENTRALE":"7.99971","POS_X_CENTRALE":"421495.05881","POS_Y_CENTRALE":"5010366.50013","TIPO_ADSL":"ADSL_1","DESCRIZIONE_TIPO_ADSL":"ADSL (8 mega)","DISTANZA_CALCOLATA":"1099.55","CLASSE_DISTANZA":"900-1299","POTENZA_SEGNALE":"7000","POPOLAZIONE_SEZIONE": "82"}
			},
		 		{ "type" : "Feature",
				"geometry" : {
					"type" : "Point",
					"coordinates" : [8.03174,45.22241]},
			"properties" : { "ANNO":"2010","ID_SEZIONE":"16285","ISTAT_COMUNE_SEZ":"2128","COMUNE_SEZ":"SALUGGIA","PROVINCIA":"VC","ID_CENTRALE":"1257","NOME_CENTRALE":"SALUGGIA","ISTAT_COMUNE_CENTR":"2128","COMUNE_CENTR":"SALUGGIA","PROVINCIA_CENTR":"VC","INDIRIZZO_CENTRALE":"VIA PONTE ROCCA","LATITUDINE_SEZIONE":"45.22241","LONGITUDINE_SEZIONE":"8.03174","POS_X_SEZIONE":"423981.79722","POS_Y_SEZIONE":"5008114.10796","LATITUDINE_CENTRALE":"45.24241","LONGITUDINE_CENTRALE":"7.99971","POS_X_CENTRALE":"421495.05881","POS_Y_CENTRALE":"5010366.50013","TIPO_ADSL":"ADSL_1","DESCRIZIONE_TIPO_ADSL":"ADSL (8 mega)","DISTANZA_CALCOLATA":"3355.17","CLASSE_DISTANZA":"3300-3699","POTENZA_SEGNALE":"3999.63","POPOLAZIONE_SEZIONE": ""}
			},
		 		{ "type" : "Feature",
				"geometry" : {
					"type" : "Point",
					"coordinates" : [8.03965,45.24044]},
			"properties" : { "ANNO":"2010","ID_SEZIONE":"16377","ISTAT_COMUNE_SEZ":"2128","COMUNE_SEZ":"SALUGGIA","PROVINCIA":"VC","ID_CENTRALE":"1257","NOME_CENTRALE":"SALUGGIA","ISTAT_COMUNE_CENTR":"2128","COMUNE_CENTR":"SALUGGIA","PROVINCIA_CENTR":"VC","INDIRIZZO_CENTRALE":"VIA PONTE ROCCA","LATITUDINE_SEZIONE":"45.24044","LONGITUDINE_SEZIONE":"8.03965","POS_X_SEZIONE":"424627.04624","POS_Y_SEZIONE":"5010109.12877","LATITUDINE_CENTRALE":"45.24241","LONGITUDINE_CENTRALE":"7.99971","POS_X_CENTRALE":"421495.05881","POS_Y_CENTRALE":"5010366.50013","TIPO_ADSL":"ADSL_1","DESCRIZIONE_TIPO_ADSL":"ADSL (8 mega)","DISTANZA_CALCOLATA":"3142.54","CLASSE_DISTANZA":"2900-3299","POTENZA_SEGNALE":"4999.75","POPOLAZIONE_SEZIONE": "31"}
			},
		 		{ "type" : "Feature",
				"geometry" : {
					"type" : "Point",
					"coordinates" : [8.04865,45.25348]},
			"properties" : { "ANNO":"2010","ID_SEZIONE":"22345","ISTAT_COMUNE_SEZ":"2128","COMUNE_SEZ":"SALUGGIA","PROVINCIA":"VC","ID_CENTRALE":"1257","NOME_CENTRALE":"SALUGGIA","ISTAT_COMUNE_CENTR":"2128","COMUNE_CENTR":"SALUGGIA","PROVINCIA_CENTR":"VC","INDIRIZZO_CENTRALE":"VIA PONTE ROCCA","LATITUDINE_SEZIONE":"45.25348","LONGITUDINE_SEZIONE":"8.04865","POS_X_SEZIONE":"425350.41879","POS_Y_SEZIONE":"5011549.64793","LATITUDINE_CENTRALE":"45.24241","LONGITUDINE_CENTRALE":"7.99971","POS_X_CENTRALE":"421495.05881","POS_Y_CENTRALE":"5010366.50013","TIPO_ADSL":"ADSL_1","DESCRIZIONE_TIPO_ADSL":"ADSL (8 mega)","DISTANZA_CALCOLATA":"4032.82","CLASSE_DISTANZA":"3700-4099","POTENZA_SEGNALE":"3000.38","POPOLAZIONE_SEZIONE": "338"}
			},
		 		{ "type" : "Feature",
				"geometry" : {
					"type" : "Point",
					"coordinates" : [8.01087,45.23837]},
			"properties" : { "ANNO":"2010","ID_SEZIONE":"22998","ISTAT_COMUNE_SEZ":"2128","COMUNE_SEZ":"SALUGGIA","PROVINCIA":"VC","ID_CENTRALE":"1257","NOME_CENTRALE":"SALUGGIA","ISTAT_COMUNE_CENTR":"2128","COMUNE_CENTR":"SALUGGIA","PROVINCIA_CENTR":"VC","INDIRIZZO_CENTRALE":"VIA PONTE ROCCA","LATITUDINE_SEZIONE":"45.23837","LONGITUDINE_SEZIONE":"8.01087","POS_X_SEZIONE":"422365.65232","POS_Y_SEZIONE":"5009907.09101","LATITUDINE_CENTRALE":"45.24241","LONGITUDINE_CENTRALE":"7.99971","POS_X_CENTRALE":"421495.05881","POS_Y_CENTRALE":"5010366.50013","TIPO_ADSL":"ADSL_1","DESCRIZIONE_TIPO_ADSL":"ADSL (8 mega)","DISTANZA_CALCOLATA":"984.37","CLASSE_DISTANZA":"900-1299","POTENZA_SEGNALE":"7000","POPOLAZIONE_SEZIONE": "853"}
			},
		 		{ "type" : "Feature",
				"geometry" : {
					"type" : "Point",
					"coordinates" : [8.05731,45.23066]},
			"properties" : { "ANNO":"2010","ID_SEZIONE":"23416","ISTAT_COMUNE_SEZ":"2128","COMUNE_SEZ":"SALUGGIA","PROVINCIA":"VC","ID_CENTRALE":"1257","NOME_CENTRALE":"SALUGGIA","ISTAT_COMUNE_CENTR":"2128","COMUNE_CENTR":"SALUGGIA","PROVINCIA_CENTR":"VC","INDIRIZZO_CENTRALE":"VIA PONTE ROCCA","LATITUDINE_SEZIONE":"45.23066","LONGITUDINE_SEZIONE":"8.05731","POS_X_SEZIONE":"426000.51133","POS_Y_SEZIONE":"5009006.64428","LATITUDINE_CENTRALE":"45.24241","LONGITUDINE_CENTRALE":"7.99971","POS_X_CENTRALE":"421495.05881","POS_Y_CENTRALE":"5010366.50013","TIPO_ADSL":"ADSL_1","DESCRIZIONE_TIPO_ADSL":"ADSL (8 mega)","DISTANZA_CALCOLATA":"4706.2","CLASSE_DISTANZA":"4500-4899","POTENZA_SEGNALE":"1470","POPOLAZIONE_SEZIONE": "15"}
			},
		 		{ "type" : "Feature",
				"geometry" : {
					"type" : "Point",
					"coordinates" : [8.00631,45.23892]},
			"properties" : { "ANNO":"2010","ID_SEZIONE":"25787","ISTAT_COMUNE_SEZ":"2128","COMUNE_SEZ":"SALUGGIA","PROVINCIA":"VC","ID_CENTRALE":"1257","NOME_CENTRALE":"SALUGGIA","ISTAT_COMUNE_CENTR":"2128","COMUNE_CENTR":"SALUGGIA","PROVINCIA_CENTR":"VC","INDIRIZZO_CENTRALE":"VIA PONTE ROCCA","LATITUDINE_SEZIONE":"45.23892","LONGITUDINE_SEZIONE":"8.00631","POS_X_SEZIONE":"422007.94045","POS_Y_SEZIONE":"5009972.58553","LATITUDINE_CENTRALE":"45.24241","LONGITUDINE_CENTRALE":"7.99971","POS_X_CENTRALE":"421495.05881","POS_Y_CENTRALE":"5010366.50013","TIPO_ADSL":"ADSL_1","DESCRIZIONE_TIPO_ADSL":"ADSL (8 mega)","DISTANZA_CALCOLATA":"646.70","CLASSE_DISTANZA":"500-899","POTENZA_SEGNALE":"7000","POPOLAZIONE_SEZIONE": "293"}
			},
		 		{ "type" : "Feature",
				"geometry" : {
					"type" : "Point",
					"coordinates" : [8.00211,45.22619]},
			"properties" : { "ANNO":"2010","ID_SEZIONE":"26129","ISTAT_COMUNE_SEZ":"2128","COMUNE_SEZ":"SALUGGIA","PROVINCIA":"VC","ID_CENTRALE":"1257","NOME_CENTRALE":"SALUGGIA","ISTAT_COMUNE_CENTR":"2128","COMUNE_CENTR":"SALUGGIA","PROVINCIA_CENTR":"VC","INDIRIZZO_CENTRALE":"VIA PONTE ROCCA","LATITUDINE_SEZIONE":"45.22619","LONGITUDINE_SEZIONE":"8.00211","POS_X_SEZIONE":"421661.25347","POS_Y_SEZIONE":"5008562.07417","LATITUDINE_CENTRALE":"45.24241","LONGITUDINE_CENTRALE":"7.99971","POS_X_CENTRALE":"421495.05881","POS_Y_CENTRALE":"5010366.50013","TIPO_ADSL":"ADSL_1","DESCRIZIONE_TIPO_ADSL":"ADSL (8 mega)","DISTANZA_CALCOLATA":"1812.06","CLASSE_DISTANZA":"1700-2099","POTENZA_SEGNALE":"6874.88","POPOLAZIONE_SEZIONE": ""}
			},
		 		{ "type" : "Feature",
				"geometry" : {
					"type" : "Point",
					"coordinates" : [8.00784,45.23653]},
			"properties" : { "ANNO":"2010","ID_SEZIONE":"26607","ISTAT_COMUNE_SEZ":"2128","COMUNE_SEZ":"SALUGGIA","PROVINCIA":"VC","ID_CENTRALE":"1257","NOME_CENTRALE":"SALUGGIA","ISTAT_COMUNE_CENTR":"2128","COMUNE_CENTR":"SALUGGIA","PROVINCIA_CENTR":"VC","INDIRIZZO_CENTRALE":"VIA PONTE ROCCA","LATITUDINE_SEZIONE":"45.23653","LONGITUDINE_SEZIONE":"8.00784","POS_X_SEZIONE":"422125.03126","POS_Y_SEZIONE":"5009705.58624","LATITUDINE_CENTRALE":"45.24241","LONGITUDINE_CENTRALE":"7.99971","POS_X_CENTRALE":"421495.05881","POS_Y_CENTRALE":"5010366.50013","TIPO_ADSL":"ADSL_1","DESCRIZIONE_TIPO_ADSL":"ADSL (8 mega)","DISTANZA_CALCOLATA":"913.06","CLASSE_DISTANZA":"900-1299","POTENZA_SEGNALE":"7000","POPOLAZIONE_SEZIONE": "249"}
			},
		 		{ "type" : "Feature",
				"geometry" : {
					"type" : "Point",
					"coordinates" : [8.01740,45.23680]},
			"properties" : { "ANNO":"2010","ID_SEZIONE":"28847","ISTAT_COMUNE_SEZ":"2128","COMUNE_SEZ":"SALUGGIA","PROVINCIA":"VC","ID_CENTRALE":"1257","NOME_CENTRALE":"SALUGGIA","ISTAT_COMUNE_CENTR":"2128","COMUNE_CENTR":"SALUGGIA","PROVINCIA_CENTR":"VC","INDIRIZZO_CENTRALE":"VIA PONTE ROCCA","LATITUDINE_SEZIONE":"45.23680","LONGITUDINE_SEZIONE":"8.01740","POS_X_SEZIONE":"422875.73437","POS_Y_SEZIONE":"5009725.59878","LATITUDINE_CENTRALE":"45.24241","LONGITUDINE_CENTRALE":"7.99971","POS_X_CENTRALE":"421495.05881","POS_Y_CENTRALE":"5010366.50013","TIPO_ADSL":"ADSL_1","DESCRIZIONE_TIPO_ADSL":"ADSL (8 mega)","DISTANZA_CALCOLATA":"1522.18","CLASSE_DISTANZA":"1300-1699","POTENZA_SEGNALE":"7000","POPOLAZIONE_SEZIONE": "264"}
			},
		 		{ "type" : "Feature",
				"geometry" : {
					"type" : "Point",
					"coordinates" : [8.01483,45.23460]},
			"properties" : { "ANNO":"2010","ID_SEZIONE":"29742","ISTAT_COMUNE_SEZ":"2128","COMUNE_SEZ":"SALUGGIA","PROVINCIA":"VC","ID_CENTRALE":"1257","NOME_CENTRALE":"SALUGGIA","ISTAT_COMUNE_CENTR":"2128","COMUNE_CENTR":"SALUGGIA","PROVINCIA_CENTR":"VC","INDIRIZZO_CENTRALE":"VIA PONTE ROCCA","LATITUDINE_SEZIONE":"45.23460","LONGITUDINE_SEZIONE":"8.01483","POS_X_SEZIONE":"422671.23747","POS_Y_SEZIONE":"5009484.09401","LATITUDINE_CENTRALE":"45.24241","LONGITUDINE_CENTRALE":"7.99971","POS_X_CENTRALE":"421495.05881","POS_Y_CENTRALE":"5010366.50013","TIPO_ADSL":"ADSL_1","DESCRIZIONE_TIPO_ADSL":"ADSL (8 mega)","DISTANZA_CALCOLATA":"1470.39","CLASSE_DISTANZA":"1300-1699","POTENZA_SEGNALE":"7000","POPOLAZIONE_SEZIONE": "518"}
			},
		 		{ "type" : "Feature",
				"geometry" : {
					"type" : "Point",
					"coordinates" : [8.01430,45.23705]},
			"properties" : { "ANNO":"2010","ID_SEZIONE":"30838","ISTAT_COMUNE_SEZ":"2128","COMUNE_SEZ":"SALUGGIA","PROVINCIA":"VC","ID_CENTRALE":"1257","NOME_CENTRALE":"SALUGGIA","ISTAT_COMUNE_CENTR":"2128","COMUNE_CENTR":"SALUGGIA","PROVINCIA_CENTR":"VC","INDIRIZZO_CENTRALE":"VIA PONTE ROCCA","LATITUDINE_SEZIONE":"45.23705","LONGITUDINE_SEZIONE":"8.01430","POS_X_SEZIONE":"422632.39613","POS_Y_SEZIONE":"5009757.09497","LATITUDINE_CENTRALE":"45.24241","LONGITUDINE_CENTRALE":"7.99971","POS_X_CENTRALE":"421495.05881","POS_Y_CENTRALE":"5010366.50013","TIPO_ADSL":"ADSL_1","DESCRIZIONE_TIPO_ADSL":"ADSL (8 mega)","DISTANZA_CALCOLATA":"1290.31","CLASSE_DISTANZA":"900-1299","POTENZA_SEGNALE":"7000","POPOLAZIONE_SEZIONE": "483"}
			},
		 		{ "type" : "Feature",
				"geometry" : {
					"type" : "Point",
					"coordinates" : [7.99424,45.23817]},
			"properties" : { "ANNO":"2010","ID_SEZIONE":"31148","ISTAT_COMUNE_SEZ":"2128","COMUNE_SEZ":"SALUGGIA","PROVINCIA":"VC","ID_CENTRALE":"1257","NOME_CENTRALE":"SALUGGIA","ISTAT_COMUNE_CENTR":"2128","COMUNE_CENTR":"SALUGGIA","PROVINCIA_CENTR":"VC","INDIRIZZO_CENTRALE":"VIA PONTE ROCCA","LATITUDINE_SEZIONE":"45.23817","LONGITUDINE_SEZIONE":"7.99424","POS_X_SEZIONE":"421059.55261","POS_Y_SEZIONE":"5009901.07040","LATITUDINE_CENTRALE":"45.24241","LONGITUDINE_CENTRALE":"7.99971","POS_X_CENTRALE":"421495.05881","POS_Y_CENTRALE":"5010366.50013","TIPO_ADSL":"ADSL_1","DESCRIZIONE_TIPO_ADSL":"ADSL (8 mega)","DISTANZA_CALCOLATA":"637.41","CLASSE_DISTANZA":"500-899","POTENZA_SEGNALE":"7000","POPOLAZIONE_SEZIONE": "22"}
			},
		 		{ "type" : "Feature",
				"geometry" : {
					"type" : "Point",
					"coordinates" : [8.03778,45.23842]},
			"properties" : { "ANNO":"2010","ID_SEZIONE":"31149","ISTAT_COMUNE_SEZ":"2128","COMUNE_SEZ":"SALUGGIA","PROVINCIA":"VC","ID_CENTRALE":"1257","NOME_CENTRALE":"SALUGGIA","ISTAT_COMUNE_CENTR":"2128","COMUNE_CENTR":"SALUGGIA","PROVINCIA_CENTR":"VC","INDIRIZZO_CENTRALE":"VIA PONTE ROCCA","LATITUDINE_SEZIONE":"45.23842","LONGITUDINE_SEZIONE":"8.03778","POS_X_SEZIONE":"424477.32874","POS_Y_SEZIONE":"5009886.62483","LATITUDINE_CENTRALE":"45.24241","LONGITUDINE_CENTRALE":"7.99971","POS_X_CENTRALE":"421495.05881","POS_Y_CENTRALE":"5010366.50013","TIPO_ADSL":"ADSL_1","DESCRIZIONE_TIPO_ADSL":"ADSL (8 mega)","DISTANZA_CALCOLATA":"3020.63","CLASSE_DISTANZA":"2900-3299","POTENZA_SEGNALE":"4999.75","POPOLAZIONE_SEZIONE": "10"}
			},
		 		{ "type" : "Feature",
				"geometry" : {
					"type" : "Point",
					"coordinates" : [8.01501,45.22846]},
			"properties" : { "ANNO":"2010","ID_SEZIONE":"32029","ISTAT_COMUNE_SEZ":"2128","COMUNE_SEZ":"SALUGGIA","PROVINCIA":"VC","ID_CENTRALE":"1257","NOME_CENTRALE":"SALUGGIA","ISTAT_COMUNE_CENTR":"2128","COMUNE_CENTR":"SALUGGIA","PROVINCIA_CENTR":"VC","INDIRIZZO_CENTRALE":"VIA PONTE ROCCA","LATITUDINE_SEZIONE":"45.22846","LONGITUDINE_SEZIONE":"8.01501","POS_X_SEZIONE":"422677.10909","POS_Y_SEZIONE":"5008802.09107","LATITUDINE_CENTRALE":"45.24241","LONGITUDINE_CENTRALE":"7.99971","POS_X_CENTRALE":"421495.05881","POS_Y_CENTRALE":"5010366.50013","TIPO_ADSL":"ADSL_1","DESCRIZIONE_TIPO_ADSL":"ADSL (8 mega)","DISTANZA_CALCOLATA":"1960.77","CLASSE_DISTANZA":"1700-2099","POTENZA_SEGNALE":"6874.88","POPOLAZIONE_SEZIONE": "36"}
			},
		 		{ "type" : "Feature",
				"geometry" : {
					"type" : "Point",
					"coordinates" : [7.98933,45.25231]},
			"properties" : { "ANNO":"2010","ID_SEZIONE":"32827","ISTAT_COMUNE_SEZ":"2128","COMUNE_SEZ":"SALUGGIA","PROVINCIA":"VC","ID_CENTRALE":"1257","NOME_CENTRALE":"SALUGGIA","ISTAT_COMUNE_CENTR":"2128","COMUNE_CENTR":"SALUGGIA","PROVINCIA_CENTR":"VC","INDIRIZZO_CENTRALE":"VIA PONTE ROCCA","LATITUDINE_SEZIONE":"45.25231","LONGITUDINE_SEZIONE":"7.98933","POS_X_SEZIONE":"420694.34761","POS_Y_SEZIONE":"5011476.57017","LATITUDINE_CENTRALE":"45.24241","LONGITUDINE_CENTRALE":"7.99971","POS_X_CENTRALE":"421495.05881","POS_Y_CENTRALE":"5010366.50013","TIPO_ADSL":"ADSL_1","DESCRIZIONE_TIPO_ADSL":"ADSL (8 mega)","DISTANZA_CALCOLATA":"1368.72","CLASSE_DISTANZA":"1300-1699","POTENZA_SEGNALE":"7000","POPOLAZIONE_SEZIONE": "21"}
			}
		 		]
	}
		