 	{ "type" : "FeatureCollection",
		"features" : [
		 		{ "type" : "Feature",
				"geometry" : {
					"type" : "Point",
					"coordinates" : [7.53480,44.36781]},
			"properties" : { "ANNO":"2010","ID_SEZIONE":"1332","ISTAT_COMUNE_SEZ":"4078","COMUNE_SEZ":"CUNEO","PROVINCIA":"CN","ID_CENTRALE":"1282","NOME_CENTRALE":"SAN ROCCO CASTAGNARETTA","ISTAT_COMUNE_CENTR":"4078","COMUNE_CENTR":"CUNEO","PROVINCIA_CENTR":"CN","INDIRIZZO_CENTRALE":"DEMONTE 9","LATITUDINE_SEZIONE":"44.36781","LONGITUDINE_SEZIONE":"7.53480","POS_X_SEZIONE":"383256.28703","POS_Y_SEZIONE":"4913769.64298","LATITUDINE_CENTRALE":"44.36766","LONGITUDINE_CENTRALE":"7.52407","POS_X_CENTRALE":"382401.30989","POS_Y_CENTRALE":"4913768.05382","TIPO_ADSL":"ADSL_2P","DESCRIZIONE_TIPO_ADSL":"ADSL 2+ (24 mega)","DISTANZA_CALCOLATA":"854.98","CLASSE_DISTANZA":"500-899","POTENZA_SEGNALE":"19523.33","POPOLAZIONE_SEZIONE": "106"}
			},
		 		{ "type" : "Feature",
				"geometry" : {
					"type" : "Point",
					"coordinates" : [7.53257,44.36732]},
			"properties" : { "ANNO":"2010","ID_SEZIONE":"1712","ISTAT_COMUNE_SEZ":"4078","COMUNE_SEZ":"CUNEO","PROVINCIA":"CN","ID_CENTRALE":"1282","NOME_CENTRALE":"SAN ROCCO CASTAGNARETTA","ISTAT_COMUNE_CENTR":"4078","COMUNE_CENTR":"CUNEO","PROVINCIA_CENTR":"CN","INDIRIZZO_CENTRALE":"DEMONTE 9","LATITUDINE_SEZIONE":"44.36732","LONGITUDINE_SEZIONE":"7.53257","POS_X_SEZIONE":"383078.29023","POS_Y_SEZIONE":"4913718.64317","LATITUDINE_CENTRALE":"44.36766","LONGITUDINE_CENTRALE":"7.52407","POS_X_CENTRALE":"382401.30989","POS_Y_CENTRALE":"4913768.05382","TIPO_ADSL":"ADSL_2P","DESCRIZIONE_TIPO_ADSL":"ADSL 2+ (24 mega)","DISTANZA_CALCOLATA":"678.78","CLASSE_DISTANZA":"500-899","POTENZA_SEGNALE":"19523.33","POPOLAZIONE_SEZIONE": "139"}
			},
		 		{ "type" : "Feature",
				"geometry" : {
					"type" : "Point",
					"coordinates" : [7.52194,44.36703]},
			"properties" : { "ANNO":"2010","ID_SEZIONE":"2131","ISTAT_COMUNE_SEZ":"4078","COMUNE_SEZ":"CUNEO","PROVINCIA":"CN","ID_CENTRALE":"1282","NOME_CENTRALE":"SAN ROCCO CASTAGNARETTA","ISTAT_COMUNE_CENTR":"4078","COMUNE_CENTR":"CUNEO","PROVINCIA_CENTR":"CN","INDIRIZZO_CENTRALE":"DEMONTE 9","LATITUDINE_SEZIONE":"44.36703","LONGITUDINE_SEZIONE":"7.52194","POS_X_SEZIONE":"382230.67474","POS_Y_SEZIONE":"4913702.14602","LATITUDINE_CENTRALE":"44.36766","LONGITUDINE_CENTRALE":"7.52407","POS_X_CENTRALE":"382401.30989","POS_Y_CENTRALE":"4913768.05382","TIPO_ADSL":"ADSL_2P","DESCRIZIONE_TIPO_ADSL":"ADSL 2+ (24 mega)","DISTANZA_CALCOLATA":"182.92","CLASSE_DISTANZA":"100-499","POTENZA_SEGNALE":"19761.67","POPOLAZIONE_SEZIONE": "1"}
			},
		 		{ "type" : "Feature",
				"geometry" : {
					"type" : "Point",
					"coordinates" : [7.52871,44.36080]},
			"properties" : { "ANNO":"2010","ID_SEZIONE":"2132","ISTAT_COMUNE_SEZ":"4078","COMUNE_SEZ":"CUNEO","PROVINCIA":"CN","ID_CENTRALE":"1282","NOME_CENTRALE":"SAN ROCCO CASTAGNARETTA","ISTAT_COMUNE_CENTR":"4078","COMUNE_CENTR":"CUNEO","PROVINCIA_CENTR":"CN","INDIRIZZO_CENTRALE":"DEMONTE 9","LATITUDINE_SEZIONE":"44.36080","LONGITUDINE_SEZIONE":"7.52871","POS_X_SEZIONE":"382757.06246","POS_Y_SEZIONE":"4912999.64157","LATITUDINE_CENTRALE":"44.36766","LONGITUDINE_CENTRALE":"7.52407","POS_X_CENTRALE":"382401.30989","POS_Y_CENTRALE":"4913768.05382","TIPO_ADSL":"ADSL_2P","DESCRIZIONE_TIPO_ADSL":"ADSL 2+ (24 mega)","DISTANZA_CALCOLATA":"846.77","CLASSE_DISTANZA":"500-899","POTENZA_SEGNALE":"19523.33","POPOLAZIONE_SEZIONE": "7"}
			},
		 		{ "type" : "Feature",
				"geometry" : {
					"type" : "Point",
					"coordinates" : [7.53178,44.36408]},
			"properties" : { "ANNO":"2010","ID_SEZIONE":"2569","ISTAT_COMUNE_SEZ":"4078","COMUNE_SEZ":"CUNEO","PROVINCIA":"CN","ID_CENTRALE":"1282","NOME_CENTRALE":"SAN ROCCO CASTAGNARETTA","ISTAT_COMUNE_CENTR":"4078","COMUNE_CENTR":"CUNEO","PROVINCIA_CENTR":"CN","INDIRIZZO_CENTRALE":"DEMONTE 9","LATITUDINE_SEZIONE":"44.36408","LONGITUDINE_SEZIONE":"7.53178","POS_X_SEZIONE":"383008.70636","POS_Y_SEZIONE":"4913359.64208","LATITUDINE_CENTRALE":"44.36766","LONGITUDINE_CENTRALE":"7.52407","POS_X_CENTRALE":"382401.30989","POS_Y_CENTRALE":"4913768.05382","TIPO_ADSL":"ADSL_2P","DESCRIZIONE_TIPO_ADSL":"ADSL 2+ (24 mega)","DISTANZA_CALCOLATA":"731.94","CLASSE_DISTANZA":"500-899","POTENZA_SEGNALE":"19523.33","POPOLAZIONE_SEZIONE": "2"}
			},
		 		{ "type" : "Feature",
				"geometry" : {
					"type" : "Point",
					"coordinates" : [7.52892,44.37255]},
			"properties" : { "ANNO":"2010","ID_SEZIONE":"3340","ISTAT_COMUNE_SEZ":"4078","COMUNE_SEZ":"CUNEO","PROVINCIA":"CN","ID_CENTRALE":"1282","NOME_CENTRALE":"SAN ROCCO CASTAGNARETTA","ISTAT_COMUNE_CENTR":"4078","COMUNE_CENTR":"CUNEO","PROVINCIA_CENTR":"CN","INDIRIZZO_CENTRALE":"DEMONTE 9","LATITUDINE_SEZIONE":"44.37255","LONGITUDINE_SEZIONE":"7.52892","POS_X_SEZIONE":"382797.52838","POS_Y_SEZIONE":"4914305.14685","LATITUDINE_CENTRALE":"44.36766","LONGITUDINE_CENTRALE":"7.52407","POS_X_CENTRALE":"382401.30989","POS_Y_CENTRALE":"4913768.05382","TIPO_ADSL":"ADSL_2P","DESCRIZIONE_TIPO_ADSL":"ADSL 2+ (24 mega)","DISTANZA_CALCOLATA":"667.43","CLASSE_DISTANZA":"500-899","POTENZA_SEGNALE":"19523.33","POPOLAZIONE_SEZIONE": "9"}
			},
		 		{ "type" : "Feature",
				"geometry" : {
					"type" : "Point",
					"coordinates" : [7.53400,44.37279]},
			"properties" : { "ANNO":"2010","ID_SEZIONE":"3341","ISTAT_COMUNE_SEZ":"4078","COMUNE_SEZ":"CUNEO","PROVINCIA":"CN","ID_CENTRALE":"1282","NOME_CENTRALE":"SAN ROCCO CASTAGNARETTA","ISTAT_COMUNE_CENTR":"4078","COMUNE_CENTR":"CUNEO","PROVINCIA_CENTR":"CN","INDIRIZZO_CENTRALE":"DEMONTE 9","LATITUDINE_SEZIONE":"44.37279","LONGITUDINE_SEZIONE":"7.53400","POS_X_SEZIONE":"383202.96121","POS_Y_SEZIONE":"4914324.64535","LATITUDINE_CENTRALE":"44.36766","LONGITUDINE_CENTRALE":"7.52407","POS_X_CENTRALE":"382401.30989","POS_Y_CENTRALE":"4913768.05382","TIPO_ADSL":"ADSL_2P","DESCRIZIONE_TIPO_ADSL":"ADSL 2+ (24 mega)","DISTANZA_CALCOLATA":"975.93","CLASSE_DISTANZA":"900-1299","POTENZA_SEGNALE":"17737.5","POPOLAZIONE_SEZIONE": "167"}
			},
		 		{ "type" : "Feature",
				"geometry" : {
					"type" : "Point",
					"coordinates" : [7.50471,44.36578]},
			"properties" : { "ANNO":"2010","ID_SEZIONE":"3342","ISTAT_COMUNE_SEZ":"4078","COMUNE_SEZ":"CUNEO","PROVINCIA":"CN","ID_CENTRALE":"1282","NOME_CENTRALE":"SAN ROCCO CASTAGNARETTA","ISTAT_COMUNE_CENTR":"4078","COMUNE_CENTR":"CUNEO","PROVINCIA_CENTR":"CN","INDIRIZZO_CENTRALE":"DEMONTE 9","LATITUDINE_SEZIONE":"44.36578","LONGITUDINE_SEZIONE":"7.50471","POS_X_SEZIONE":"380855.06745","POS_Y_SEZIONE":"4913587.15031","LATITUDINE_CENTRALE":"44.36766","LONGITUDINE_CENTRALE":"7.52407","POS_X_CENTRALE":"382401.30989","POS_Y_CENTRALE":"4913768.05382","TIPO_ADSL":"ADSL_2P","DESCRIZIONE_TIPO_ADSL":"ADSL 2+ (24 mega)","DISTANZA_CALCOLATA":"1556.79","CLASSE_DISTANZA":"1300-1699","POTENZA_SEGNALE":"16071.67","POPOLAZIONE_SEZIONE": "69"}
			},
		 		{ "type" : "Feature",
				"geometry" : {
					"type" : "Point",
					"coordinates" : [7.53371,44.36735]},
			"properties" : { "ANNO":"2010","ID_SEZIONE":"3343","ISTAT_COMUNE_SEZ":"4078","COMUNE_SEZ":"CUNEO","PROVINCIA":"CN","ID_CENTRALE":"1282","NOME_CENTRALE":"SAN ROCCO CASTAGNARETTA","ISTAT_COMUNE_CENTR":"4078","COMUNE_CENTR":"CUNEO","PROVINCIA_CENTR":"CN","INDIRIZZO_CENTRALE":"DEMONTE 9","LATITUDINE_SEZIONE":"44.36735","LONGITUDINE_SEZIONE":"7.53371","POS_X_SEZIONE":"383168.72735","POS_Y_SEZIONE":"4913720.14282","LATITUDINE_CENTRALE":"44.36766","LONGITUDINE_CENTRALE":"7.52407","POS_X_CENTRALE":"382401.30989","POS_Y_CENTRALE":"4913768.05382","TIPO_ADSL":"ADSL_2P","DESCRIZIONE_TIPO_ADSL":"ADSL 2+ (24 mega)","DISTANZA_CALCOLATA":"768.91","CLASSE_DISTANZA":"500-899","POTENZA_SEGNALE":"19523.33","POPOLAZIONE_SEZIONE": "123"}
			},
		 		{ "type" : "Feature",
				"geometry" : {
					"type" : "Point",
					"coordinates" : [7.52503,44.36297]},
			"properties" : { "ANNO":"2010","ID_SEZIONE":"3931","ISTAT_COMUNE_SEZ":"4078","COMUNE_SEZ":"CUNEO","PROVINCIA":"CN","ID_CENTRALE":"1282","NOME_CENTRALE":"SAN ROCCO CASTAGNARETTA","ISTAT_COMUNE_CENTR":"4078","COMUNE_CENTR":"CUNEO","PROVINCIA_CENTR":"CN","INDIRIZZO_CENTRALE":"DEMONTE 9","LATITUDINE_SEZIONE":"44.36297","LONGITUDINE_SEZIONE":"7.52503","POS_X_SEZIONE":"382468.65286","POS_Y_SEZIONE":"4913246.64317","LATITUDINE_CENTRALE":"44.36766","LONGITUDINE_CENTRALE":"7.52407","POS_X_CENTRALE":"382401.30989","POS_Y_CENTRALE":"4913768.05382","TIPO_ADSL":"ADSL_2P","DESCRIZIONE_TIPO_ADSL":"ADSL 2+ (24 mega)","DISTANZA_CALCOLATA":"525.74","CLASSE_DISTANZA":"500-899","POTENZA_SEGNALE":"19523.33","POPOLAZIONE_SEZIONE": "99"}
			},
		 		{ "type" : "Feature",
				"geometry" : {
					"type" : "Point",
					"coordinates" : [7.52483,44.37330]},
			"properties" : { "ANNO":"2010","ID_SEZIONE":"4250","ISTAT_COMUNE_SEZ":"4078","COMUNE_SEZ":"CUNEO","PROVINCIA":"CN","ID_CENTRALE":"1282","NOME_CENTRALE":"SAN ROCCO CASTAGNARETTA","ISTAT_COMUNE_CENTR":"4078","COMUNE_CENTR":"CUNEO","PROVINCIA_CENTR":"CN","INDIRIZZO_CENTRALE":"DEMONTE 9","LATITUDINE_SEZIONE":"44.37330","LONGITUDINE_SEZIONE":"7.52483","POS_X_SEZIONE":"382473.43545","POS_Y_SEZIONE":"4914393.64861","LATITUDINE_CENTRALE":"44.36766","LONGITUDINE_CENTRALE":"7.52407","POS_X_CENTRALE":"382401.30989","POS_Y_CENTRALE":"4913768.05382","TIPO_ADSL":"ADSL_2P","DESCRIZIONE_TIPO_ADSL":"ADSL 2+ (24 mega)","DISTANZA_CALCOLATA":"629.74","CLASSE_DISTANZA":"500-899","POTENZA_SEGNALE":"19523.33","POPOLAZIONE_SEZIONE": "29"}
			},
		 		{ "type" : "Feature",
				"geometry" : {
					"type" : "Point",
					"coordinates" : [7.52422,44.36832]},
			"properties" : { "ANNO":"2010","ID_SEZIONE":"4251","ISTAT_COMUNE_SEZ":"4078","COMUNE_SEZ":"CUNEO","PROVINCIA":"CN","ID_CENTRALE":"1282","NOME_CENTRALE":"SAN ROCCO CASTAGNARETTA","ISTAT_COMUNE_CENTR":"4078","COMUNE_CENTR":"CUNEO","PROVINCIA_CENTR":"CN","INDIRIZZO_CENTRALE":"DEMONTE 9","LATITUDINE_SEZIONE":"44.36832","LONGITUDINE_SEZIONE":"7.52422","POS_X_SEZIONE":"382414.85753","POS_Y_SEZIONE":"4913841.14634","LATITUDINE_CENTRALE":"44.36766","LONGITUDINE_CENTRALE":"7.52407","POS_X_CENTRALE":"382401.30989","POS_Y_CENTRALE":"4913768.05382","TIPO_ADSL":"ADSL_2P","DESCRIZIONE_TIPO_ADSL":"ADSL 2+ (24 mega)","DISTANZA_CALCOLATA":"74.34","CLASSE_DISTANZA":"0-99","POTENZA_SEGNALE":"19761.67","POPOLAZIONE_SEZIONE": "76"}
			},
		 		{ "type" : "Feature",
				"geometry" : {
					"type" : "Point",
					"coordinates" : [7.52821,44.36564]},
			"properties" : { "ANNO":"2010","ID_SEZIONE":"4510","ISTAT_COMUNE_SEZ":"4078","COMUNE_SEZ":"CUNEO","PROVINCIA":"CN","ID_CENTRALE":"1282","NOME_CENTRALE":"SAN ROCCO CASTAGNARETTA","ISTAT_COMUNE_CENTR":"4078","COMUNE_CENTR":"CUNEO","PROVINCIA_CENTR":"CN","INDIRIZZO_CENTRALE":"DEMONTE 9","LATITUDINE_SEZIONE":"44.36564","LONGITUDINE_SEZIONE":"7.52821","POS_X_SEZIONE":"382727.67366","POS_Y_SEZIONE":"4913538.64394","LATITUDINE_CENTRALE":"44.36766","LONGITUDINE_CENTRALE":"7.52407","POS_X_CENTRALE":"382401.30989","POS_Y_CENTRALE":"4913768.05382","TIPO_ADSL":"ADSL_2P","DESCRIZIONE_TIPO_ADSL":"ADSL 2+ (24 mega)","DISTANZA_CALCOLATA":"398.93","CLASSE_DISTANZA":"100-499","POTENZA_SEGNALE":"19761.67","POPOLAZIONE_SEZIONE": "60"}
			},
		 		{ "type" : "Feature",
				"geometry" : {
					"type" : "Point",
					"coordinates" : [7.51920,44.37236]},
			"properties" : { "ANNO":"2010","ID_SEZIONE":"4908","ISTAT_COMUNE_SEZ":"4078","COMUNE_SEZ":"CUNEO","PROVINCIA":"CN","ID_CENTRALE":"1282","NOME_CENTRALE":"SAN ROCCO CASTAGNARETTA","ISTAT_COMUNE_CENTR":"4078","COMUNE_CENTR":"CUNEO","PROVINCIA_CENTR":"CN","INDIRIZZO_CENTRALE":"DEMONTE 9","LATITUDINE_SEZIONE":"44.37236","LONGITUDINE_SEZIONE":"7.51920","POS_X_SEZIONE":"382022.69318","POS_Y_SEZIONE":"4914297.14992","LATITUDINE_CENTRALE":"44.36766","LONGITUDINE_CENTRALE":"7.52407","POS_X_CENTRALE":"382401.30989","POS_Y_CENTRALE":"4913768.05382","TIPO_ADSL":"ADSL_2P","DESCRIZIONE_TIPO_ADSL":"ADSL 2+ (24 mega)","DISTANZA_CALCOLATA":"650.61","CLASSE_DISTANZA":"500-899","POTENZA_SEGNALE":"19523.33","POPOLAZIONE_SEZIONE": "64"}
			},
		 		{ "type" : "Feature",
				"geometry" : {
					"type" : "Point",
					"coordinates" : [7.52954,44.37541]},
			"properties" : { "ANNO":"2010","ID_SEZIONE":"5696","ISTAT_COMUNE_SEZ":"4078","COMUNE_SEZ":"CUNEO","PROVINCIA":"CN","ID_CENTRALE":"1282","NOME_CENTRALE":"SAN ROCCO CASTAGNARETTA","ISTAT_COMUNE_CENTR":"4078","COMUNE_CENTR":"CUNEO","PROVINCIA_CENTR":"CN","INDIRIZZO_CENTRALE":"DEMONTE 9","LATITUDINE_SEZIONE":"44.37541","LONGITUDINE_SEZIONE":"7.52954","POS_X_SEZIONE":"382853.11315","POS_Y_SEZIONE":"4914621.64784","LATITUDINE_CENTRALE":"44.36766","LONGITUDINE_CENTRALE":"7.52407","POS_X_CENTRALE":"382401.30989","POS_Y_CENTRALE":"4913768.05382","TIPO_ADSL":"ADSL_2P","DESCRIZIONE_TIPO_ADSL":"ADSL 2+ (24 mega)","DISTANZA_CALCOLATA":"965.79","CLASSE_DISTANZA":"900-1299","POTENZA_SEGNALE":"17737.5","POPOLAZIONE_SEZIONE": "5"}
			},
		 		{ "type" : "Feature",
				"geometry" : {
					"type" : "Point",
					"coordinates" : [7.53684,44.37264]},
			"properties" : { "ANNO":"2010","ID_SEZIONE":"5697","ISTAT_COMUNE_SEZ":"4078","COMUNE_SEZ":"CUNEO","PROVINCIA":"CN","ID_CENTRALE":"1282","NOME_CENTRALE":"SAN ROCCO CASTAGNARETTA","ISTAT_COMUNE_CENTR":"4078","COMUNE_CENTR":"CUNEO","PROVINCIA_CENTR":"CN","INDIRIZZO_CENTRALE":"DEMONTE 9","LATITUDINE_SEZIONE":"44.37264","LONGITUDINE_SEZIONE":"7.53684","POS_X_SEZIONE":"383428.67692","POS_Y_SEZIONE":"4914303.64413","LATITUDINE_CENTRALE":"44.36766","LONGITUDINE_CENTRALE":"7.52407","POS_X_CENTRALE":"382401.30989","POS_Y_CENTRALE":"4913768.05382","TIPO_ADSL":"ADSL_2P","DESCRIZIONE_TIPO_ADSL":"ADSL 2+ (24 mega)","DISTANZA_CALCOLATA":"1158.59","CLASSE_DISTANZA":"900-1299","POTENZA_SEGNALE":"17737.5","POPOLAZIONE_SEZIONE": "265"}
			},
		 		{ "type" : "Feature",
				"geometry" : {
					"type" : "Point",
					"coordinates" : [7.53173,44.37115]},
			"properties" : { "ANNO":"2010","ID_SEZIONE":"5698","ISTAT_COMUNE_SEZ":"4078","COMUNE_SEZ":"CUNEO","PROVINCIA":"CN","ID_CENTRALE":"1282","NOME_CENTRALE":"SAN ROCCO CASTAGNARETTA","ISTAT_COMUNE_CENTR":"4078","COMUNE_CENTR":"CUNEO","PROVINCIA_CENTR":"CN","INDIRIZZO_CENTRALE":"DEMONTE 9","LATITUDINE_SEZIONE":"44.37115","LONGITUDINE_SEZIONE":"7.53173","POS_X_SEZIONE":"383018.43590","POS_Y_SEZIONE":"4914145.14532","LATITUDINE_CENTRALE":"44.36766","LONGITUDINE_CENTRALE":"7.52407","POS_X_CENTRALE":"382401.30989","POS_Y_CENTRALE":"4913768.05382","TIPO_ADSL":"ADSL_2P","DESCRIZIONE_TIPO_ADSL":"ADSL 2+ (24 mega)","DISTANZA_CALCOLATA":"723.22","CLASSE_DISTANZA":"500-899","POTENZA_SEGNALE":"19523.33","POPOLAZIONE_SEZIONE": "251"}
			},
		 		{ "type" : "Feature",
				"geometry" : {
					"type" : "Point",
					"coordinates" : [7.51322,44.37131]},
			"properties" : { "ANNO":"2010","ID_SEZIONE":"6032","ISTAT_COMUNE_SEZ":"4078","COMUNE_SEZ":"CUNEO","PROVINCIA":"CN","ID_CENTRALE":"1282","NOME_CENTRALE":"SAN ROCCO CASTAGNARETTA","ISTAT_COMUNE_CENTR":"4078","COMUNE_CENTR":"CUNEO","PROVINCIA_CENTR":"CN","INDIRIZZO_CENTRALE":"DEMONTE 9","LATITUDINE_SEZIONE":"44.37131","LONGITUDINE_SEZIONE":"7.51322","POS_X_SEZIONE":"381544.60806","POS_Y_SEZIONE":"4914189.15120","LATITUDINE_CENTRALE":"44.36766","LONGITUDINE_CENTRALE":"7.52407","POS_X_CENTRALE":"382401.30989","POS_Y_CENTRALE":"4913768.05382","TIPO_ADSL":"ADSL_2P","DESCRIZIONE_TIPO_ADSL":"ADSL 2+ (24 mega)","DISTANZA_CALCOLATA":"954.60","CLASSE_DISTANZA":"900-1299","POTENZA_SEGNALE":"17737.5","POPOLAZIONE_SEZIONE": "20"}
			},
		 		{ "type" : "Feature",
				"geometry" : {
					"type" : "Point",
					"coordinates" : [7.53218,44.37244]},
			"properties" : { "ANNO":"2010","ID_SEZIONE":"6557","ISTAT_COMUNE_SEZ":"4078","COMUNE_SEZ":"CUNEO","PROVINCIA":"CN","ID_CENTRALE":"1282","NOME_CENTRALE":"SAN ROCCO CASTAGNARETTA","ISTAT_COMUNE_CENTR":"4078","COMUNE_CENTR":"CUNEO","PROVINCIA_CENTR":"CN","INDIRIZZO_CENTRALE":"DEMONTE 9","LATITUDINE_SEZIONE":"44.37244","LONGITUDINE_SEZIONE":"7.53218","POS_X_SEZIONE":"383057.05657","POS_Y_SEZIONE":"4914287.64567","LATITUDINE_CENTRALE":"44.36766","LONGITUDINE_CENTRALE":"7.52407","POS_X_CENTRALE":"382401.30989","POS_Y_CENTRALE":"4913768.05382","TIPO_ADSL":"ADSL_2P","DESCRIZIONE_TIPO_ADSL":"ADSL 2+ (24 mega)","DISTANZA_CALCOLATA":"836.65","CLASSE_DISTANZA":"500-899","POTENZA_SEGNALE":"19523.33","POPOLAZIONE_SEZIONE": "308"}
			},
		 		{ "type" : "Feature",
				"geometry" : {
					"type" : "Point",
					"coordinates" : [7.53457,44.36889]},
			"properties" : { "ANNO":"2010","ID_SEZIONE":"7202","ISTAT_COMUNE_SEZ":"4078","COMUNE_SEZ":"CUNEO","PROVINCIA":"CN","ID_CENTRALE":"1282","NOME_CENTRALE":"SAN ROCCO CASTAGNARETTA","ISTAT_COMUNE_CENTR":"4078","COMUNE_CENTR":"CUNEO","PROVINCIA_CENTR":"CN","INDIRIZZO_CENTRALE":"DEMONTE 9","LATITUDINE_SEZIONE":"44.36889","LONGITUDINE_SEZIONE":"7.53457","POS_X_SEZIONE":"383240.50310","POS_Y_SEZIONE":"4913890.14320","LATITUDINE_CENTRALE":"44.36766","LONGITUDINE_CENTRALE":"7.52407","POS_X_CENTRALE":"382401.30989","POS_Y_CENTRALE":"4913768.05382","TIPO_ADSL":"ADSL_2P","DESCRIZIONE_TIPO_ADSL":"ADSL 2+ (24 mega)","DISTANZA_CALCOLATA":"848.03","CLASSE_DISTANZA":"500-899","POTENZA_SEGNALE":"19523.33","POPOLAZIONE_SEZIONE": "197"}
			},
		 		{ "type" : "Feature",
				"geometry" : {
					"type" : "Point",
					"coordinates" : [7.52507,44.36790]},
			"properties" : { "ANNO":"2010","ID_SEZIONE":"7203","ISTAT_COMUNE_SEZ":"4078","COMUNE_SEZ":"CUNEO","PROVINCIA":"CN","ID_CENTRALE":"1282","NOME_CENTRALE":"SAN ROCCO CASTAGNARETTA","ISTAT_COMUNE_CENTR":"4078","COMUNE_CENTR":"CUNEO","PROVINCIA_CENTR":"CN","INDIRIZZO_CENTRALE":"DEMONTE 9","LATITUDINE_SEZIONE":"44.36790","LONGITUDINE_SEZIONE":"7.52507","POS_X_SEZIONE":"382481.57574","POS_Y_SEZIONE":"4913793.64554","LATITUDINE_CENTRALE":"44.36766","LONGITUDINE_CENTRALE":"7.52407","POS_X_CENTRALE":"382401.30989","POS_Y_CENTRALE":"4913768.05382","TIPO_ADSL":"ADSL_2P","DESCRIZIONE_TIPO_ADSL":"ADSL 2+ (24 mega)","DISTANZA_CALCOLATA":"84.25","CLASSE_DISTANZA":"0-99","POTENZA_SEGNALE":"19761.67","POPOLAZIONE_SEZIONE": "43"}
			},
		 		{ "type" : "Feature",
				"geometry" : {
					"type" : "Point",
					"coordinates" : [7.53809,44.37065]},
			"properties" : { "ANNO":"2010","ID_SEZIONE":"7423","ISTAT_COMUNE_SEZ":"4078","COMUNE_SEZ":"CUNEO","PROVINCIA":"CN","ID_CENTRALE":"1282","NOME_CENTRALE":"SAN ROCCO CASTAGNARETTA","ISTAT_COMUNE_CENTR":"4078","COMUNE_CENTR":"CUNEO","PROVINCIA_CENTR":"CN","INDIRIZZO_CENTRALE":"DEMONTE 9","LATITUDINE_SEZIONE":"44.37065","LONGITUDINE_SEZIONE":"7.53809","POS_X_SEZIONE":"383524.40095","POS_Y_SEZIONE":"4914080.14282","LATITUDINE_CENTRALE":"44.36766","LONGITUDINE_CENTRALE":"7.52407","POS_X_CENTRALE":"382401.30989","POS_Y_CENTRALE":"4913768.05382","TIPO_ADSL":"ADSL_2P","DESCRIZIONE_TIPO_ADSL":"ADSL 2+ (24 mega)","DISTANZA_CALCOLATA":"1165.65","CLASSE_DISTANZA":"900-1299","POTENZA_SEGNALE":"17737.5","POPOLAZIONE_SEZIONE": "40"}
			},
		 		{ "type" : "Feature",
				"geometry" : {
					"type" : "Point",
					"coordinates" : [7.53698,44.36653]},
			"properties" : { "ANNO":"2010","ID_SEZIONE":"7814","ISTAT_COMUNE_SEZ":"4078","COMUNE_SEZ":"CUNEO","PROVINCIA":"CN","ID_CENTRALE":"1282","NOME_CENTRALE":"SAN ROCCO CASTAGNARETTA","ISTAT_COMUNE_CENTR":"4078","COMUNE_CENTR":"CUNEO","PROVINCIA_CENTR":"CN","INDIRIZZO_CENTRALE":"DEMONTE 9","LATITUDINE_SEZIONE":"44.36653","LONGITUDINE_SEZIONE":"7.53698","POS_X_SEZIONE":"383427.47679","POS_Y_SEZIONE":"4913624.64151","LATITUDINE_CENTRALE":"44.36766","LONGITUDINE_CENTRALE":"7.52407","POS_X_CENTRALE":"382401.30989","POS_Y_CENTRALE":"4913768.05382","TIPO_ADSL":"ADSL_2P","DESCRIZIONE_TIPO_ADSL":"ADSL 2+ (24 mega)","DISTANZA_CALCOLATA":"1036.14","CLASSE_DISTANZA":"900-1299","POTENZA_SEGNALE":"17737.5","POPOLAZIONE_SEZIONE": "68"}
			},
		 		{ "type" : "Feature",
				"geometry" : {
					"type" : "Point",
					"coordinates" : [7.53627,44.36926]},
			"properties" : { "ANNO":"2010","ID_SEZIONE":"8135","ISTAT_COMUNE_SEZ":"4078","COMUNE_SEZ":"CUNEO","PROVINCIA":"CN","ID_CENTRALE":"1282","NOME_CENTRALE":"SAN ROCCO CASTAGNARETTA","ISTAT_COMUNE_CENTR":"4078","COMUNE_CENTR":"CUNEO","PROVINCIA_CENTR":"CN","INDIRIZZO_CENTRALE":"DEMONTE 9","LATITUDINE_SEZIONE":"44.36926","LONGITUDINE_SEZIONE":"7.53627","POS_X_SEZIONE":"383376.62547","POS_Y_SEZIONE":"4913929.14276","LATITUDINE_CENTRALE":"44.36766","LONGITUDINE_CENTRALE":"7.52407","POS_X_CENTRALE":"382401.30989","POS_Y_CENTRALE":"4913768.05382","TIPO_ADSL":"ADSL_2P","DESCRIZIONE_TIPO_ADSL":"ADSL 2+ (24 mega)","DISTANZA_CALCOLATA":"988.53","CLASSE_DISTANZA":"900-1299","POTENZA_SEGNALE":"17737.5","POPOLAZIONE_SEZIONE": "37"}
			},
		 		{ "type" : "Feature",
				"geometry" : {
					"type" : "Point",
					"coordinates" : [7.52854,44.38120]},
			"properties" : { "ANNO":"2010","ID_SEZIONE":"8634","ISTAT_COMUNE_SEZ":"4078","COMUNE_SEZ":"CUNEO","PROVINCIA":"CN","ID_CENTRALE":"1282","NOME_CENTRALE":"SAN ROCCO CASTAGNARETTA","ISTAT_COMUNE_CENTR":"4078","COMUNE_CENTR":"CUNEO","PROVINCIA_CENTR":"CN","INDIRIZZO_CENTRALE":"DEMONTE 9","LATITUDINE_SEZIONE":"44.38120","LONGITUDINE_SEZIONE":"7.52854","POS_X_SEZIONE":"382784.56659","POS_Y_SEZIONE":"4915266.15089","LATITUDINE_CENTRALE":"44.36766","LONGITUDINE_CENTRALE":"7.52407","POS_X_CENTRALE":"382401.30989","POS_Y_CENTRALE":"4913768.05382","TIPO_ADSL":"ADSL_2P","DESCRIZIONE_TIPO_ADSL":"ADSL 2+ (24 mega)","DISTANZA_CALCOLATA":"1546.34","CLASSE_DISTANZA":"1300-1699","POTENZA_SEGNALE":"16071.67","POPOLAZIONE_SEZIONE": "5"}
			},
		 		{ "type" : "Feature",
				"geometry" : {
					"type" : "Point",
					"coordinates" : [7.52958,44.37832]},
			"properties" : { "ANNO":"2010","ID_SEZIONE":"8635","ISTAT_COMUNE_SEZ":"4078","COMUNE_SEZ":"CUNEO","PROVINCIA":"CN","ID_CENTRALE":"1282","NOME_CENTRALE":"SAN ROCCO CASTAGNARETTA","ISTAT_COMUNE_CENTR":"4078","COMUNE_CENTR":"CUNEO","PROVINCIA_CENTR":"CN","INDIRIZZO_CENTRALE":"DEMONTE 9","LATITUDINE_SEZIONE":"44.37832","LONGITUDINE_SEZIONE":"7.52958","POS_X_SEZIONE":"382861.69887","POS_Y_SEZIONE":"4914945.14890","LATITUDINE_CENTRALE":"44.36766","LONGITUDINE_CENTRALE":"7.52407","POS_X_CENTRALE":"382401.30989","POS_Y_CENTRALE":"4913768.05382","TIPO_ADSL":"ADSL_2P","DESCRIZIONE_TIPO_ADSL":"ADSL 2+ (24 mega)","DISTANZA_CALCOLATA":"1263.93","CLASSE_DISTANZA":"900-1299","POTENZA_SEGNALE":"17737.5","POPOLAZIONE_SEZIONE": "64"}
			},
		 		{ "type" : "Feature",
				"geometry" : {
					"type" : "Point",
					"coordinates" : [7.51479,44.35830]},
			"properties" : { "ANNO":"2010","ID_SEZIONE":"8874","ISTAT_COMUNE_SEZ":"4078","COMUNE_SEZ":"CUNEO","PROVINCIA":"CN","ID_CENTRALE":"1282","NOME_CENTRALE":"SAN ROCCO CASTAGNARETTA","ISTAT_COMUNE_CENTR":"4078","COMUNE_CENTR":"CUNEO","PROVINCIA_CENTR":"CN","INDIRIZZO_CENTRALE":"DEMONTE 9","LATITUDINE_SEZIONE":"44.35830","LONGITUDINE_SEZIONE":"7.51479","POS_X_SEZIONE":"381643.45529","POS_Y_SEZIONE":"4912742.14346","LATITUDINE_CENTRALE":"44.36766","LONGITUDINE_CENTRALE":"7.52407","POS_X_CENTRALE":"382401.30989","POS_Y_CENTRALE":"4913768.05382","TIPO_ADSL":"ADSL_2P","DESCRIZIONE_TIPO_ADSL":"ADSL 2+ (24 mega)","DISTANZA_CALCOLATA":"1275.47","CLASSE_DISTANZA":"900-1299","POTENZA_SEGNALE":"17737.5","POPOLAZIONE_SEZIONE": "42"}
			},
		 		{ "type" : "Feature",
				"geometry" : {
					"type" : "Point",
					"coordinates" : [7.53106,44.37820]},
			"properties" : { "ANNO":"2010","ID_SEZIONE":"9287","ISTAT_COMUNE_SEZ":"4078","COMUNE_SEZ":"CUNEO","PROVINCIA":"CN","ID_CENTRALE":"1282","NOME_CENTRALE":"SAN ROCCO CASTAGNARETTA","ISTAT_COMUNE_CENTR":"4078","COMUNE_CENTR":"CUNEO","PROVINCIA_CENTR":"CN","INDIRIZZO_CENTRALE":"DEMONTE 9","LATITUDINE_SEZIONE":"44.37820","LONGITUDINE_SEZIONE":"7.53106","POS_X_SEZIONE":"382979.35391","POS_Y_SEZIONE":"4914929.64861","LATITUDINE_CENTRALE":"44.36766","LONGITUDINE_CENTRALE":"7.52407","POS_X_CENTRALE":"382401.30989","POS_Y_CENTRALE":"4913768.05382","TIPO_ADSL":"ADSL_2P","DESCRIZIONE_TIPO_ADSL":"ADSL 2+ (24 mega)","DISTANZA_CALCOLATA":"1297.47","CLASSE_DISTANZA":"900-1299","POTENZA_SEGNALE":"17737.5","POPOLAZIONE_SEZIONE": "101"}
			},
		 		{ "type" : "Feature",
				"geometry" : {
					"type" : "Point",
					"coordinates" : [7.51887,44.35895]},
			"properties" : { "ANNO":"2010","ID_SEZIONE":"9288","ISTAT_COMUNE_SEZ":"4078","COMUNE_SEZ":"CUNEO","PROVINCIA":"CN","ID_CENTRALE":"1282","NOME_CENTRALE":"SAN ROCCO CASTAGNARETTA","ISTAT_COMUNE_CENTR":"4078","COMUNE_CENTR":"CUNEO","PROVINCIA_CENTR":"CN","INDIRIZZO_CENTRALE":"DEMONTE 9","LATITUDINE_SEZIONE":"44.35895","LONGITUDINE_SEZIONE":"7.51887","POS_X_SEZIONE":"381969.91929","POS_Y_SEZIONE":"4912808.14282","LATITUDINE_CENTRALE":"44.36766","LONGITUDINE_CENTRALE":"7.52407","POS_X_CENTRALE":"382401.30989","POS_Y_CENTRALE":"4913768.05382","TIPO_ADSL":"ADSL_2P","DESCRIZIONE_TIPO_ADSL":"ADSL 2+ (24 mega)","DISTANZA_CALCOLATA":"1052.39","CLASSE_DISTANZA":"900-1299","POTENZA_SEGNALE":"17737.5","POPOLAZIONE_SEZIONE": "138"}
			},
		 		{ "type" : "Feature",
				"geometry" : {
					"type" : "Point",
					"coordinates" : [7.51882,44.36423]},
			"properties" : { "ANNO":"2010","ID_SEZIONE":"9905","ISTAT_COMUNE_SEZ":"4078","COMUNE_SEZ":"CUNEO","PROVINCIA":"CN","ID_CENTRALE":"1282","NOME_CENTRALE":"SAN ROCCO CASTAGNARETTA","ISTAT_COMUNE_CENTR":"4078","COMUNE_CENTR":"CUNEO","PROVINCIA_CENTR":"CN","INDIRIZZO_CENTRALE":"DEMONTE 9","LATITUDINE_SEZIONE":"44.36423","LONGITUDINE_SEZIONE":"7.51882","POS_X_SEZIONE":"381976.24812","POS_Y_SEZIONE":"4913395.14570","LATITUDINE_CENTRALE":"44.36766","LONGITUDINE_CENTRALE":"7.52407","POS_X_CENTRALE":"382401.30989","POS_Y_CENTRALE":"4913768.05382","TIPO_ADSL":"ADSL_2P","DESCRIZIONE_TIPO_ADSL":"ADSL 2+ (24 mega)","DISTANZA_CALCOLATA":"565.45","CLASSE_DISTANZA":"500-899","POTENZA_SEGNALE":"19523.33","POPOLAZIONE_SEZIONE": ""}
			},
		 		{ "type" : "Feature",
				"geometry" : {
					"type" : "Point",
					"coordinates" : [7.52101,44.37346]},
			"properties" : { "ANNO":"2010","ID_SEZIONE":"10715","ISTAT_COMUNE_SEZ":"4078","COMUNE_SEZ":"CUNEO","PROVINCIA":"CN","ID_CENTRALE":"1282","NOME_CENTRALE":"SAN ROCCO CASTAGNARETTA","ISTAT_COMUNE_CENTR":"4078","COMUNE_CENTR":"CUNEO","PROVINCIA_CENTR":"CN","INDIRIZZO_CENTRALE":"DEMONTE 9","LATITUDINE_SEZIONE":"44.37346","LONGITUDINE_SEZIONE":"7.52101","POS_X_SEZIONE":"382169.37657","POS_Y_SEZIONE":"4914417.64964","LATITUDINE_CENTRALE":"44.36766","LONGITUDINE_CENTRALE":"7.52407","POS_X_CENTRALE":"382401.30989","POS_Y_CENTRALE":"4913768.05382","TIPO_ADSL":"ADSL_2P","DESCRIZIONE_TIPO_ADSL":"ADSL 2+ (24 mega)","DISTANZA_CALCOLATA":"689.76","CLASSE_DISTANZA":"500-899","POTENZA_SEGNALE":"19523.33","POPOLAZIONE_SEZIONE": "10"}
			},
		 		{ "type" : "Feature",
				"geometry" : {
					"type" : "Point",
					"coordinates" : [7.52723,44.38030]},
			"properties" : { "ANNO":"2010","ID_SEZIONE":"10941","ISTAT_COMUNE_SEZ":"4078","COMUNE_SEZ":"CUNEO","PROVINCIA":"CN","ID_CENTRALE":"1282","NOME_CENTRALE":"SAN ROCCO CASTAGNARETTA","ISTAT_COMUNE_CENTR":"4078","COMUNE_CENTR":"CUNEO","PROVINCIA_CENTR":"CN","INDIRIZZO_CENTRALE":"DEMONTE 9","LATITUDINE_SEZIONE":"44.38030","LONGITUDINE_SEZIONE":"7.52723","POS_X_SEZIONE":"382678.75718","POS_Y_SEZIONE":"4915167.65079","LATITUDINE_CENTRALE":"44.36766","LONGITUDINE_CENTRALE":"7.52407","POS_X_CENTRALE":"382401.30989","POS_Y_CENTRALE":"4913768.05382","TIPO_ADSL":"ADSL_2P","DESCRIZIONE_TIPO_ADSL":"ADSL 2+ (24 mega)","DISTANZA_CALCOLATA":"1426.83","CLASSE_DISTANZA":"1300-1699","POTENZA_SEGNALE":"16071.67","POPOLAZIONE_SEZIONE": "2"}
			},
		 		{ "type" : "Feature",
				"geometry" : {
					"type" : "Point",
					"coordinates" : [7.53835,44.37144]},
			"properties" : { "ANNO":"2010","ID_SEZIONE":"10942","ISTAT_COMUNE_SEZ":"4078","COMUNE_SEZ":"CUNEO","PROVINCIA":"CN","ID_CENTRALE":"1282","NOME_CENTRALE":"SAN ROCCO CASTAGNARETTA","ISTAT_COMUNE_CENTR":"4078","COMUNE_CENTR":"CUNEO","PROVINCIA_CENTR":"CN","INDIRIZZO_CENTRALE":"DEMONTE 9","LATITUDINE_SEZIONE":"44.37144","LONGITUDINE_SEZIONE":"7.53835","POS_X_SEZIONE":"383546.77331","POS_Y_SEZIONE":"4914168.14333","LATITUDINE_CENTRALE":"44.36766","LONGITUDINE_CENTRALE":"7.52407","POS_X_CENTRALE":"382401.30989","POS_Y_CENTRALE":"4913768.05382","TIPO_ADSL":"ADSL_2P","DESCRIZIONE_TIPO_ADSL":"ADSL 2+ (24 mega)","DISTANZA_CALCOLATA":"1213.33","CLASSE_DISTANZA":"900-1299","POTENZA_SEGNALE":"17737.5","POPOLAZIONE_SEZIONE": "130"}
			},
		 		{ "type" : "Feature",
				"geometry" : {
					"type" : "Point",
					"coordinates" : [7.53742,44.36842]},
			"properties" : { "ANNO":"2010","ID_SEZIONE":"11140","ISTAT_COMUNE_SEZ":"4078","COMUNE_SEZ":"CUNEO","PROVINCIA":"CN","ID_CENTRALE":"1282","NOME_CENTRALE":"SAN ROCCO CASTAGNARETTA","ISTAT_COMUNE_CENTR":"4078","COMUNE_CENTR":"CUNEO","PROVINCIA_CENTR":"CN","INDIRIZZO_CENTRALE":"DEMONTE 9","LATITUDINE_SEZIONE":"44.36842","LONGITUDINE_SEZIONE":"7.53742","POS_X_SEZIONE":"383466.31404","POS_Y_SEZIONE":"4913833.64247","LATITUDINE_CENTRALE":"44.36766","LONGITUDINE_CENTRALE":"7.52407","POS_X_CENTRALE":"382401.30989","POS_Y_CENTRALE":"4913768.05382","TIPO_ADSL":"ADSL_2P","DESCRIZIONE_TIPO_ADSL":"ADSL 2+ (24 mega)","DISTANZA_CALCOLATA":"1067.02","CLASSE_DISTANZA":"900-1299","POTENZA_SEGNALE":"17737.5","POPOLAZIONE_SEZIONE": "10"}
			},
		 		{ "type" : "Feature",
				"geometry" : {
					"type" : "Point",
					"coordinates" : [7.53381,44.37140]},
			"properties" : { "ANNO":"2010","ID_SEZIONE":"11351","ISTAT_COMUNE_SEZ":"4078","COMUNE_SEZ":"CUNEO","PROVINCIA":"CN","ID_CENTRALE":"1282","NOME_CENTRALE":"SAN ROCCO CASTAGNARETTA","ISTAT_COMUNE_CENTR":"4078","COMUNE_CENTR":"CUNEO","PROVINCIA_CENTR":"CN","INDIRIZZO_CENTRALE":"DEMONTE 9","LATITUDINE_SEZIONE":"44.37140","LONGITUDINE_SEZIONE":"7.53381","POS_X_SEZIONE":"383185.30847","POS_Y_SEZIONE":"4914169.64452","LATITUDINE_CENTRALE":"44.36766","LONGITUDINE_CENTRALE":"7.52407","POS_X_CENTRALE":"382401.30989","POS_Y_CENTRALE":"4913768.05382","TIPO_ADSL":"ADSL_2P","DESCRIZIONE_TIPO_ADSL":"ADSL 2+ (24 mega)","DISTANZA_CALCOLATA":"880.87","CLASSE_DISTANZA":"500-899","POTENZA_SEGNALE":"19523.33","POPOLAZIONE_SEZIONE": "505"}
			},
		 		{ "type" : "Feature",
				"geometry" : {
					"type" : "Point",
					"coordinates" : [7.52052,44.36902]},
			"properties" : { "ANNO":"2010","ID_SEZIONE":"11352","ISTAT_COMUNE_SEZ":"4078","COMUNE_SEZ":"CUNEO","PROVINCIA":"CN","ID_CENTRALE":"1282","NOME_CENTRALE":"SAN ROCCO CASTAGNARETTA","ISTAT_COMUNE_CENTR":"4078","COMUNE_CENTR":"CUNEO","PROVINCIA_CENTR":"CN","INDIRIZZO_CENTRALE":"DEMONTE 9","LATITUDINE_SEZIONE":"44.36902","LONGITUDINE_SEZIONE":"7.52052","POS_X_SEZIONE":"382121.17023","POS_Y_SEZIONE":"4913924.64740","LATITUDINE_CENTRALE":"44.36766","LONGITUDINE_CENTRALE":"7.52407","POS_X_CENTRALE":"382401.30989","POS_Y_CENTRALE":"4913768.05382","TIPO_ADSL":"ADSL_2P","DESCRIZIONE_TIPO_ADSL":"ADSL 2+ (24 mega)","DISTANZA_CALCOLATA":"320.94","CLASSE_DISTANZA":"100-499","POTENZA_SEGNALE":"19761.67","POPOLAZIONE_SEZIONE": ""}
			},
		 		{ "type" : "Feature",
				"geometry" : {
					"type" : "Point",
					"coordinates" : [7.51142,44.36517]},
			"properties" : { "ANNO":"2010","ID_SEZIONE":"11353","ISTAT_COMUNE_SEZ":"4078","COMUNE_SEZ":"CUNEO","PROVINCIA":"CN","ID_CENTRALE":"1282","NOME_CENTRALE":"SAN ROCCO CASTAGNARETTA","ISTAT_COMUNE_CENTR":"4078","COMUNE_CENTR":"CUNEO","PROVINCIA_CENTR":"CN","INDIRIZZO_CENTRALE":"DEMONTE 9","LATITUDINE_SEZIONE":"44.36517","LONGITUDINE_SEZIONE":"7.51142","POS_X_SEZIONE":"381388.68870","POS_Y_SEZIONE":"4913510.64829","LATITUDINE_CENTRALE":"44.36766","LONGITUDINE_CENTRALE":"7.52407","POS_X_CENTRALE":"382401.30989","POS_Y_CENTRALE":"4913768.05382","TIPO_ADSL":"ADSL_2P","DESCRIZIONE_TIPO_ADSL":"ADSL 2+ (24 mega)","DISTANZA_CALCOLATA":"1044.83","CLASSE_DISTANZA":"900-1299","POTENZA_SEGNALE":"17737.5","POPOLAZIONE_SEZIONE": "56"}
			},
		 		{ "type" : "Feature",
				"geometry" : {
					"type" : "Point",
					"coordinates" : [7.53341,44.36980]},
			"properties" : { "ANNO":"2010","ID_SEZIONE":"13019","ISTAT_COMUNE_SEZ":"4078","COMUNE_SEZ":"CUNEO","PROVINCIA":"CN","ID_CENTRALE":"1282","NOME_CENTRALE":"SAN ROCCO CASTAGNARETTA","ISTAT_COMUNE_CENTR":"4078","COMUNE_CENTR":"CUNEO","PROVINCIA_CENTR":"CN","INDIRIZZO_CENTRALE":"DEMONTE 9","LATITUDINE_SEZIONE":"44.36980","LONGITUDINE_SEZIONE":"7.53341","POS_X_SEZIONE":"383150.15763","POS_Y_SEZIONE":"4913992.64407","LATITUDINE_CENTRALE":"44.36766","LONGITUDINE_CENTRALE":"7.52407","POS_X_CENTRALE":"382401.30989","POS_Y_CENTRALE":"4913768.05382","TIPO_ADSL":"ADSL_2P","DESCRIZIONE_TIPO_ADSL":"ADSL 2+ (24 mega)","DISTANZA_CALCOLATA":"781.80","CLASSE_DISTANZA":"500-899","POTENZA_SEGNALE":"19523.33","POPOLAZIONE_SEZIONE": ""}
			},
		 		{ "type" : "Feature",
				"geometry" : {
					"type" : "Point",
					"coordinates" : [7.53237,44.36817]},
			"properties" : { "ANNO":"2010","ID_SEZIONE":"13020","ISTAT_COMUNE_SEZ":"4078","COMUNE_SEZ":"CUNEO","PROVINCIA":"CN","ID_CENTRALE":"1282","NOME_CENTRALE":"SAN ROCCO CASTAGNARETTA","ISTAT_COMUNE_CENTR":"4078","COMUNE_CENTR":"CUNEO","PROVINCIA_CENTR":"CN","INDIRIZZO_CENTRALE":"DEMONTE 9","LATITUDINE_SEZIONE":"44.36817","LONGITUDINE_SEZIONE":"7.53237","POS_X_SEZIONE":"383063.47603","POS_Y_SEZIONE":"4913813.14352","LATITUDINE_CENTRALE":"44.36766","LONGITUDINE_CENTRALE":"7.52407","POS_X_CENTRALE":"382401.30989","POS_Y_CENTRALE":"4913768.05382","TIPO_ADSL":"ADSL_2P","DESCRIZIONE_TIPO_ADSL":"ADSL 2+ (24 mega)","DISTANZA_CALCOLATA":"663.70","CLASSE_DISTANZA":"500-899","POTENZA_SEGNALE":"19523.33","POPOLAZIONE_SEZIONE": "103"}
			},
		 		{ "type" : "Feature",
				"geometry" : {
					"type" : "Point",
					"coordinates" : [7.50553,44.36056]},
			"properties" : { "ANNO":"2010","ID_SEZIONE":"13021","ISTAT_COMUNE_SEZ":"4078","COMUNE_SEZ":"CUNEO","PROVINCIA":"CN","ID_CENTRALE":"1282","NOME_CENTRALE":"SAN ROCCO CASTAGNARETTA","ISTAT_COMUNE_CENTR":"4078","COMUNE_CENTR":"CUNEO","PROVINCIA_CENTR":"CN","INDIRIZZO_CENTRALE":"DEMONTE 9","LATITUDINE_SEZIONE":"44.36056","LONGITUDINE_SEZIONE":"7.50553","POS_X_SEZIONE":"380909.80025","POS_Y_SEZIONE":"4913007.14698","LATITUDINE_CENTRALE":"44.36766","LONGITUDINE_CENTRALE":"7.52407","POS_X_CENTRALE":"382401.30989","POS_Y_CENTRALE":"4913768.05382","TIPO_ADSL":"ADSL_2P","DESCRIZIONE_TIPO_ADSL":"ADSL 2+ (24 mega)","DISTANZA_CALCOLATA":"1674.39","CLASSE_DISTANZA":"1300-1699","POTENZA_SEGNALE":"16071.67","POPOLAZIONE_SEZIONE": "22"}
			},
		 		{ "type" : "Feature",
				"geometry" : {
					"type" : "Point",
					"coordinates" : [7.53725,44.37128]},
			"properties" : { "ANNO":"2010","ID_SEZIONE":"13445","ISTAT_COMUNE_SEZ":"4078","COMUNE_SEZ":"CUNEO","PROVINCIA":"CN","ID_CENTRALE":"1282","NOME_CENTRALE":"SAN ROCCO CASTAGNARETTA","ISTAT_COMUNE_CENTR":"4078","COMUNE_CENTR":"CUNEO","PROVINCIA_CENTR":"CN","INDIRIZZO_CENTRALE":"DEMONTE 9","LATITUDINE_SEZIONE":"44.37128","LONGITUDINE_SEZIONE":"7.53725","POS_X_SEZIONE":"383458.49375","POS_Y_SEZIONE":"4914152.14333","LATITUDINE_CENTRALE":"44.36766","LONGITUDINE_CENTRALE":"7.52407","POS_X_CENTRALE":"382401.30989","POS_Y_CENTRALE":"4913768.05382","TIPO_ADSL":"ADSL_2P","DESCRIZIONE_TIPO_ADSL":"ADSL 2+ (24 mega)","DISTANZA_CALCOLATA":"1124.79","CLASSE_DISTANZA":"900-1299","POTENZA_SEGNALE":"17737.5","POPOLAZIONE_SEZIONE": "285"}
			},
		 		{ "type" : "Feature",
				"geometry" : {
					"type" : "Point",
					"coordinates" : [7.53472,44.36604]},
			"properties" : { "ANNO":"2010","ID_SEZIONE":"13447","ISTAT_COMUNE_SEZ":"4078","COMUNE_SEZ":"CUNEO","PROVINCIA":"CN","ID_CENTRALE":"1282","NOME_CENTRALE":"SAN ROCCO CASTAGNARETTA","ISTAT_COMUNE_CENTR":"4078","COMUNE_CENTR":"CUNEO","PROVINCIA_CENTR":"CN","INDIRIZZO_CENTRALE":"DEMONTE 9","LATITUDINE_SEZIONE":"44.36604","LONGITUDINE_SEZIONE":"7.53472","POS_X_SEZIONE":"383246.91743","POS_Y_SEZIONE":"4913573.14199","LATITUDINE_CENTRALE":"44.36766","LONGITUDINE_CENTRALE":"7.52407","POS_X_CENTRALE":"382401.30989","POS_Y_CENTRALE":"4913768.05382","TIPO_ADSL":"ADSL_2P","DESCRIZIONE_TIPO_ADSL":"ADSL 2+ (24 mega)","DISTANZA_CALCOLATA":"867.78","CLASSE_DISTANZA":"500-899","POTENZA_SEGNALE":"19523.33","POPOLAZIONE_SEZIONE": "18"}
			},
		 		{ "type" : "Feature",
				"geometry" : {
					"type" : "Point",
					"coordinates" : [7.49818,44.35657]},
			"properties" : { "ANNO":"2010","ID_SEZIONE":"13449","ISTAT_COMUNE_SEZ":"4078","COMUNE_SEZ":"CUNEO","PROVINCIA":"CN","ID_CENTRALE":"1282","NOME_CENTRALE":"SAN ROCCO CASTAGNARETTA","ISTAT_COMUNE_CENTR":"4078","COMUNE_CENTR":"CUNEO","PROVINCIA_CENTR":"CN","INDIRIZZO_CENTRALE":"DEMONTE 9","LATITUDINE_SEZIONE":"44.35657","LONGITUDINE_SEZIONE":"7.49818","POS_X_SEZIONE":"380316.28575","POS_Y_SEZIONE":"4912574.14653","LATITUDINE_CENTRALE":"44.36766","LONGITUDINE_CENTRALE":"7.52407","POS_X_CENTRALE":"382401.30989","POS_Y_CENTRALE":"4913768.05382","TIPO_ADSL":"ADSL_2P","DESCRIZIONE_TIPO_ADSL":"ADSL 2+ (24 mega)","DISTANZA_CALCOLATA":"2402.65","CLASSE_DISTANZA":"2100-2499","POTENZA_SEGNALE":"10000","POPOLAZIONE_SEZIONE": "57"}
			},
		 		{ "type" : "Feature",
				"geometry" : {
					"type" : "Point",
					"coordinates" : [7.52043,44.36578]},
			"properties" : { "ANNO":"2010","ID_SEZIONE":"14050","ISTAT_COMUNE_SEZ":"4078","COMUNE_SEZ":"CUNEO","PROVINCIA":"CN","ID_CENTRALE":"1282","NOME_CENTRALE":"SAN ROCCO CASTAGNARETTA","ISTAT_COMUNE_CENTR":"4078","COMUNE_CENTR":"CUNEO","PROVINCIA_CENTR":"CN","INDIRIZZO_CENTRALE":"DEMONTE 9","LATITUDINE_SEZIONE":"44.36578","LONGITUDINE_SEZIONE":"7.52043","POS_X_SEZIONE":"382107.58585","POS_Y_SEZIONE":"4913565.14608","LATITUDINE_CENTRALE":"44.36766","LONGITUDINE_CENTRALE":"7.52407","POS_X_CENTRALE":"382401.30989","POS_Y_CENTRALE":"4913768.05382","TIPO_ADSL":"ADSL_2P","DESCRIZIONE_TIPO_ADSL":"ADSL 2+ (24 mega)","DISTANZA_CALCOLATA":"356.99","CLASSE_DISTANZA":"100-499","POTENZA_SEGNALE":"19761.67","POPOLAZIONE_SEZIONE": "62"}
			},
		 		{ "type" : "Feature",
				"geometry" : {
					"type" : "Point",
					"coordinates" : [7.52077,44.36626]},
			"properties" : { "ANNO":"2010","ID_SEZIONE":"14323","ISTAT_COMUNE_SEZ":"4078","COMUNE_SEZ":"CUNEO","PROVINCIA":"CN","ID_CENTRALE":"1282","NOME_CENTRALE":"SAN ROCCO CASTAGNARETTA","ISTAT_COMUNE_CENTR":"4078","COMUNE_CENTR":"CUNEO","PROVINCIA_CENTR":"CN","INDIRIZZO_CENTRALE":"DEMONTE 9","LATITUDINE_SEZIONE":"44.36626","LONGITUDINE_SEZIONE":"7.52077","POS_X_SEZIONE":"382135.67775","POS_Y_SEZIONE":"4913618.14628","LATITUDINE_CENTRALE":"44.36766","LONGITUDINE_CENTRALE":"7.52407","POS_X_CENTRALE":"382401.30989","POS_Y_CENTRALE":"4913768.05382","TIPO_ADSL":"ADSL_2P","DESCRIZIONE_TIPO_ADSL":"ADSL 2+ (24 mega)","DISTANZA_CALCOLATA":"305.01","CLASSE_DISTANZA":"100-499","POTENZA_SEGNALE":"19761.67","POPOLAZIONE_SEZIONE": "105"}
			},
		 		{ "type" : "Feature",
				"geometry" : {
					"type" : "Point",
					"coordinates" : [7.52347,44.36756]},
			"properties" : { "ANNO":"2010","ID_SEZIONE":"14637","ISTAT_COMUNE_SEZ":"4078","COMUNE_SEZ":"CUNEO","PROVINCIA":"CN","ID_CENTRALE":"1282","NOME_CENTRALE":"SAN ROCCO CASTAGNARETTA","ISTAT_COMUNE_CENTR":"4078","COMUNE_CENTR":"CUNEO","PROVINCIA_CENTR":"CN","INDIRIZZO_CENTRALE":"DEMONTE 9","LATITUDINE_SEZIONE":"44.36756","LONGITUDINE_SEZIONE":"7.52347","POS_X_SEZIONE":"382353.48511","POS_Y_SEZIONE":"4913758.64624","LATITUDINE_CENTRALE":"44.36766","LONGITUDINE_CENTRALE":"7.52407","POS_X_CENTRALE":"382401.30989","POS_Y_CENTRALE":"4913768.05382","TIPO_ADSL":"ADSL_2P","DESCRIZIONE_TIPO_ADSL":"ADSL 2+ (24 mega)","DISTANZA_CALCOLATA":"48.74","CLASSE_DISTANZA":"0-99","POTENZA_SEGNALE":"19761.67","POPOLAZIONE_SEZIONE": "42"}
			},
		 		{ "type" : "Feature",
				"geometry" : {
					"type" : "Point",
					"coordinates" : [7.52541,44.36911]},
			"properties" : { "ANNO":"2010","ID_SEZIONE":"14857","ISTAT_COMUNE_SEZ":"4078","COMUNE_SEZ":"CUNEO","PROVINCIA":"CN","ID_CENTRALE":"1282","NOME_CENTRALE":"SAN ROCCO CASTAGNARETTA","ISTAT_COMUNE_CENTR":"4078","COMUNE_CENTR":"CUNEO","PROVINCIA_CENTR":"CN","INDIRIZZO_CENTRALE":"DEMONTE 9","LATITUDINE_SEZIONE":"44.36911","LONGITUDINE_SEZIONE":"7.52541","POS_X_SEZIONE":"382510.85395","POS_Y_SEZIONE":"4913928.14640","LATITUDINE_CENTRALE":"44.36766","LONGITUDINE_CENTRALE":"7.52407","POS_X_CENTRALE":"382401.30989","POS_Y_CENTRALE":"4913768.05382","TIPO_ADSL":"ADSL_2P","DESCRIZIONE_TIPO_ADSL":"ADSL 2+ (24 mega)","DISTANZA_CALCOLATA":"193.98","CLASSE_DISTANZA":"100-499","POTENZA_SEGNALE":"19761.67","POPOLAZIONE_SEZIONE": "45"}
			},
		 		{ "type" : "Feature",
				"geometry" : {
					"type" : "Point",
					"coordinates" : [7.53592,44.36735]},
			"properties" : { "ANNO":"2010","ID_SEZIONE":"14858","ISTAT_COMUNE_SEZ":"4078","COMUNE_SEZ":"CUNEO","PROVINCIA":"CN","ID_CENTRALE":"1282","NOME_CENTRALE":"SAN ROCCO CASTAGNARETTA","ISTAT_COMUNE_CENTR":"4078","COMUNE_CENTR":"CUNEO","PROVINCIA_CENTR":"CN","INDIRIZZO_CENTRALE":"DEMONTE 9","LATITUDINE_SEZIONE":"44.36735","LONGITUDINE_SEZIONE":"7.53592","POS_X_SEZIONE":"383345.03763","POS_Y_SEZIONE":"4913717.64221","LATITUDINE_CENTRALE":"44.36766","LONGITUDINE_CENTRALE":"7.52407","POS_X_CENTRALE":"382401.30989","POS_Y_CENTRALE":"4913768.05382","TIPO_ADSL":"ADSL_2P","DESCRIZIONE_TIPO_ADSL":"ADSL 2+ (24 mega)","DISTANZA_CALCOLATA":"945.07","CLASSE_DISTANZA":"900-1299","POTENZA_SEGNALE":"17737.5","POPOLAZIONE_SEZIONE": ""}
			},
		 		{ "type" : "Feature",
				"geometry" : {
					"type" : "Point",
					"coordinates" : [7.52246,44.36544]},
			"properties" : { "ANNO":"2010","ID_SEZIONE":"15319","ISTAT_COMUNE_SEZ":"4078","COMUNE_SEZ":"CUNEO","PROVINCIA":"CN","ID_CENTRALE":"1282","NOME_CENTRALE":"SAN ROCCO CASTAGNARETTA","ISTAT_COMUNE_CENTR":"4078","COMUNE_CENTR":"CUNEO","PROVINCIA_CENTR":"CN","INDIRIZZO_CENTRALE":"DEMONTE 9","LATITUDINE_SEZIONE":"44.36544","LONGITUDINE_SEZIONE":"7.52246","POS_X_SEZIONE":"382268.33490","POS_Y_SEZIONE":"4913524.14512","LATITUDINE_CENTRALE":"44.36766","LONGITUDINE_CENTRALE":"7.52407","POS_X_CENTRALE":"382401.30989","POS_Y_CENTRALE":"4913768.05382","TIPO_ADSL":"ADSL_2P","DESCRIZIONE_TIPO_ADSL":"ADSL 2+ (24 mega)","DISTANZA_CALCOLATA":"277.80","CLASSE_DISTANZA":"100-499","POTENZA_SEGNALE":"19761.67","POPOLAZIONE_SEZIONE": "55"}
			},
		 		{ "type" : "Feature",
				"geometry" : {
					"type" : "Point",
					"coordinates" : [7.54607,44.35700]},
			"properties" : { "ANNO":"2010","ID_SEZIONE":"15323","ISTAT_COMUNE_SEZ":"4078","COMUNE_SEZ":"CUNEO","PROVINCIA":"CN","ID_CENTRALE":"1282","NOME_CENTRALE":"SAN ROCCO CASTAGNARETTA","ISTAT_COMUNE_CENTR":"4078","COMUNE_CENTR":"CUNEO","PROVINCIA_CENTR":"CN","INDIRIZZO_CENTRALE":"DEMONTE 9","LATITUDINE_SEZIONE":"44.35700","LONGITUDINE_SEZIONE":"7.54607","POS_X_SEZIONE":"384133.15411","POS_Y_SEZIONE":"4912553.63530","LATITUDINE_CENTRALE":"44.36766","LONGITUDINE_CENTRALE":"7.52407","POS_X_CENTRALE":"382401.30989","POS_Y_CENTRALE":"4913768.05382","TIPO_ADSL":"ADSL_2P","DESCRIZIONE_TIPO_ADSL":"ADSL 2+ (24 mega)","DISTANZA_CALCOLATA":"2115.21","CLASSE_DISTANZA":"2100-2499","POTENZA_SEGNALE":"10000","POPOLAZIONE_SEZIONE": "26"}
			},
		 		{ "type" : "Feature",
				"geometry" : {
					"type" : "Point",
					"coordinates" : [7.52191,44.36604]},
			"properties" : { "ANNO":"2010","ID_SEZIONE":"15533","ISTAT_COMUNE_SEZ":"4078","COMUNE_SEZ":"CUNEO","PROVINCIA":"CN","ID_CENTRALE":"1282","NOME_CENTRALE":"SAN ROCCO CASTAGNARETTA","ISTAT_COMUNE_CENTR":"4078","COMUNE_CENTR":"CUNEO","PROVINCIA_CENTR":"CN","INDIRIZZO_CENTRALE":"DEMONTE 9","LATITUDINE_SEZIONE":"44.36604","LONGITUDINE_SEZIONE":"7.52191","POS_X_SEZIONE":"382226.27154","POS_Y_SEZIONE":"4913591.64567","LATITUDINE_CENTRALE":"44.36766","LONGITUDINE_CENTRALE":"7.52407","POS_X_CENTRALE":"382401.30989","POS_Y_CENTRALE":"4913768.05382","TIPO_ADSL":"ADSL_2P","DESCRIZIONE_TIPO_ADSL":"ADSL 2+ (24 mega)","DISTANZA_CALCOLATA":"248.51","CLASSE_DISTANZA":"100-499","POTENZA_SEGNALE":"19761.67","POPOLAZIONE_SEZIONE": "11"}
			},
		 		{ "type" : "Feature",
				"geometry" : {
					"type" : "Point",
					"coordinates" : [7.50876,44.35826]},
			"properties" : { "ANNO":"2010","ID_SEZIONE":"16382","ISTAT_COMUNE_SEZ":"4078","COMUNE_SEZ":"CUNEO","PROVINCIA":"CN","ID_CENTRALE":"1282","NOME_CENTRALE":"SAN ROCCO CASTAGNARETTA","ISTAT_COMUNE_CENTR":"4078","COMUNE_CENTR":"CUNEO","PROVINCIA_CENTR":"CN","INDIRIZZO_CENTRALE":"DEMONTE 9","LATITUDINE_SEZIONE":"44.35826","LONGITUDINE_SEZIONE":"7.50876","POS_X_SEZIONE":"381162.36575","POS_Y_SEZIONE":"4912746.14525","LATITUDINE_CENTRALE":"44.36766","LONGITUDINE_CENTRALE":"7.52407","POS_X_CENTRALE":"382401.30989","POS_Y_CENTRALE":"4913768.05382","TIPO_ADSL":"ADSL_2P","DESCRIZIONE_TIPO_ADSL":"ADSL 2+ (24 mega)","DISTANZA_CALCOLATA":"1606.01","CLASSE_DISTANZA":"1300-1699","POTENZA_SEGNALE":"16071.67","POPOLAZIONE_SEZIONE": ""}
			},
		 		{ "type" : "Feature",
				"geometry" : {
					"type" : "Point",
					"coordinates" : [7.53201,44.37657]},
			"properties" : { "ANNO":"2010","ID_SEZIONE":"16672","ISTAT_COMUNE_SEZ":"4078","COMUNE_SEZ":"CUNEO","PROVINCIA":"CN","ID_CENTRALE":"1282","NOME_CENTRALE":"SAN ROCCO CASTAGNARETTA","ISTAT_COMUNE_CENTR":"4078","COMUNE_CENTR":"CUNEO","PROVINCIA_CENTR":"CN","INDIRIZZO_CENTRALE":"DEMONTE 9","LATITUDINE_SEZIONE":"44.37657","LONGITUDINE_SEZIONE":"7.53201","POS_X_SEZIONE":"383051.60787","POS_Y_SEZIONE":"4914746.64752","LATITUDINE_CENTRALE":"44.36766","LONGITUDINE_CENTRALE":"7.52407","POS_X_CENTRALE":"382401.30989","POS_Y_CENTRALE":"4913768.05382","TIPO_ADSL":"ADSL_2P","DESCRIZIONE_TIPO_ADSL":"ADSL 2+ (24 mega)","DISTANZA_CALCOLATA":"1174.96","CLASSE_DISTANZA":"900-1299","POTENZA_SEGNALE":"17737.5","POPOLAZIONE_SEZIONE": ""}
			},
		 		{ "type" : "Feature",
				"geometry" : {
					"type" : "Point",
					"coordinates" : [7.54007,44.37016]},
			"properties" : { "ANNO":"2010","ID_SEZIONE":"17128","ISTAT_COMUNE_SEZ":"4078","COMUNE_SEZ":"CUNEO","PROVINCIA":"CN","ID_CENTRALE":"1282","NOME_CENTRALE":"SAN ROCCO CASTAGNARETTA","ISTAT_COMUNE_CENTR":"4078","COMUNE_CENTR":"CUNEO","PROVINCIA_CENTR":"CN","INDIRIZZO_CENTRALE":"DEMONTE 9","LATITUDINE_SEZIONE":"44.37016","LONGITUDINE_SEZIONE":"7.54007","POS_X_SEZIONE":"383681.61977","POS_Y_SEZIONE":"4914023.14237","LATITUDINE_CENTRALE":"44.36766","LONGITUDINE_CENTRALE":"7.52407","POS_X_CENTRALE":"382401.30989","POS_Y_CENTRALE":"4913768.05382","TIPO_ADSL":"ADSL_2P","DESCRIZIONE_TIPO_ADSL":"ADSL 2+ (24 mega)","DISTANZA_CALCOLATA":"1305.47","CLASSE_DISTANZA":"1300-1699","POTENZA_SEGNALE":"16071.67","POPOLAZIONE_SEZIONE": "53"}
			},
		 		{ "type" : "Feature",
				"geometry" : {
					"type" : "Point",
					"coordinates" : [7.52054,44.36374]},
			"properties" : { "ANNO":"2010","ID_SEZIONE":"17330","ISTAT_COMUNE_SEZ":"4078","COMUNE_SEZ":"CUNEO","PROVINCIA":"CN","ID_CENTRALE":"1282","NOME_CENTRALE":"SAN ROCCO CASTAGNARETTA","ISTAT_COMUNE_CENTR":"4078","COMUNE_CENTR":"CUNEO","PROVINCIA_CENTR":"CN","INDIRIZZO_CENTRALE":"DEMONTE 9","LATITUDINE_SEZIONE":"44.36374","LONGITUDINE_SEZIONE":"7.52054","POS_X_SEZIONE":"382112.09145","POS_Y_SEZIONE":"4913338.64496","LATITUDINE_CENTRALE":"44.36766","LONGITUDINE_CENTRALE":"7.52407","POS_X_CENTRALE":"382401.30989","POS_Y_CENTRALE":"4913768.05382","TIPO_ADSL":"ADSL_2P","DESCRIZIONE_TIPO_ADSL":"ADSL 2+ (24 mega)","DISTANZA_CALCOLATA":"517.73","CLASSE_DISTANZA":"500-899","POTENZA_SEGNALE":"19523.33","POPOLAZIONE_SEZIONE": "132"}
			},
		 		{ "type" : "Feature",
				"geometry" : {
					"type" : "Point",
					"coordinates" : [7.51885,44.36224]},
			"properties" : { "ANNO":"2010","ID_SEZIONE":"17331","ISTAT_COMUNE_SEZ":"4078","COMUNE_SEZ":"CUNEO","PROVINCIA":"CN","ID_CENTRALE":"1282","NOME_CENTRALE":"SAN ROCCO CASTAGNARETTA","ISTAT_COMUNE_CENTR":"4078","COMUNE_CENTR":"CUNEO","PROVINCIA_CENTR":"CN","INDIRIZZO_CENTRALE":"DEMONTE 9","LATITUDINE_SEZIONE":"44.36224","LONGITUDINE_SEZIONE":"7.51885","POS_X_SEZIONE":"381974.78482","POS_Y_SEZIONE":"4913173.64477","LATITUDINE_CENTRALE":"44.36766","LONGITUDINE_CENTRALE":"7.52407","POS_X_CENTRALE":"382401.30989","POS_Y_CENTRALE":"4913768.05382","TIPO_ADSL":"ADSL_2P","DESCRIZIONE_TIPO_ADSL":"ADSL 2+ (24 mega)","DISTANZA_CALCOLATA":"731.60","CLASSE_DISTANZA":"500-899","POTENZA_SEGNALE":"19523.33","POPOLAZIONE_SEZIONE": "41"}
			},
		 		{ "type" : "Feature",
				"geometry" : {
					"type" : "Point",
					"coordinates" : [7.52471,44.37129]},
			"properties" : { "ANNO":"2010","ID_SEZIONE":"17585","ISTAT_COMUNE_SEZ":"4078","COMUNE_SEZ":"CUNEO","PROVINCIA":"CN","ID_CENTRALE":"1282","NOME_CENTRALE":"SAN ROCCO CASTAGNARETTA","ISTAT_COMUNE_CENTR":"4078","COMUNE_CENTR":"CUNEO","PROVINCIA_CENTR":"CN","INDIRIZZO_CENTRALE":"DEMONTE 9","LATITUDINE_SEZIONE":"44.37129","LONGITUDINE_SEZIONE":"7.52471","POS_X_SEZIONE":"382459.84851","POS_Y_SEZIONE":"4914171.14724","LATITUDINE_CENTRALE":"44.36766","LONGITUDINE_CENTRALE":"7.52407","POS_X_CENTRALE":"382401.30989","POS_Y_CENTRALE":"4913768.05382","TIPO_ADSL":"ADSL_2P","DESCRIZIONE_TIPO_ADSL":"ADSL 2+ (24 mega)","DISTANZA_CALCOLATA":"407.32","CLASSE_DISTANZA":"100-499","POTENZA_SEGNALE":"19761.67","POPOLAZIONE_SEZIONE": "24"}
			},
		 		{ "type" : "Feature",
				"geometry" : {
					"type" : "Point",
					"coordinates" : [7.52609,44.36627]},
			"properties" : { "ANNO":"2010","ID_SEZIONE":"17813","ISTAT_COMUNE_SEZ":"4078","COMUNE_SEZ":"CUNEO","PROVINCIA":"CN","ID_CENTRALE":"1282","NOME_CENTRALE":"SAN ROCCO CASTAGNARETTA","ISTAT_COMUNE_CENTR":"4078","COMUNE_CENTR":"CUNEO","PROVINCIA_CENTR":"CN","INDIRIZZO_CENTRALE":"DEMONTE 9","LATITUDINE_SEZIONE":"44.36627","LONGITUDINE_SEZIONE":"7.52609","POS_X_SEZIONE":"382559.95475","POS_Y_SEZIONE":"4913611.64439","LATITUDINE_CENTRALE":"44.36766","LONGITUDINE_CENTRALE":"7.52407","POS_X_CENTRALE":"382401.30989","POS_Y_CENTRALE":"4913768.05382","TIPO_ADSL":"ADSL_2P","DESCRIZIONE_TIPO_ADSL":"ADSL 2+ (24 mega)","DISTANZA_CALCOLATA":"222.78","CLASSE_DISTANZA":"100-499","POTENZA_SEGNALE":"19761.67","POPOLAZIONE_SEZIONE": "32"}
			},
		 		{ "type" : "Feature",
				"geometry" : {
					"type" : "Point",
					"coordinates" : [7.52412,44.36697]},
			"properties" : { "ANNO":"2010","ID_SEZIONE":"18458","ISTAT_COMUNE_SEZ":"4078","COMUNE_SEZ":"CUNEO","PROVINCIA":"CN","ID_CENTRALE":"1282","NOME_CENTRALE":"SAN ROCCO CASTAGNARETTA","ISTAT_COMUNE_CENTR":"4078","COMUNE_CENTR":"CUNEO","PROVINCIA_CENTR":"CN","INDIRIZZO_CENTRALE":"DEMONTE 9","LATITUDINE_SEZIONE":"44.36697","LONGITUDINE_SEZIONE":"7.52412","POS_X_SEZIONE":"382404.07942","POS_Y_SEZIONE":"4913691.64541","LATITUDINE_CENTRALE":"44.36766","LONGITUDINE_CENTRALE":"7.52407","POS_X_CENTRALE":"382401.30989","POS_Y_CENTRALE":"4913768.05382","TIPO_ADSL":"ADSL_2P","DESCRIZIONE_TIPO_ADSL":"ADSL 2+ (24 mega)","DISTANZA_CALCOLATA":"76.46","CLASSE_DISTANZA":"0-99","POTENZA_SEGNALE":"19761.67","POPOLAZIONE_SEZIONE": "87"}
			},
		 		{ "type" : "Feature",
				"geometry" : {
					"type" : "Point",
					"coordinates" : [7.52158,44.36487]},
			"properties" : { "ANNO":"2010","ID_SEZIONE":"19361","ISTAT_COMUNE_SEZ":"4078","COMUNE_SEZ":"CUNEO","PROVINCIA":"CN","ID_CENTRALE":"1282","NOME_CENTRALE":"SAN ROCCO CASTAGNARETTA","ISTAT_COMUNE_CENTR":"4078","COMUNE_CENTR":"CUNEO","PROVINCIA_CENTR":"CN","INDIRIZZO_CENTRALE":"DEMONTE 9","LATITUDINE_SEZIONE":"44.36487","LONGITUDINE_SEZIONE":"7.52158","POS_X_SEZIONE":"382197.36914","POS_Y_SEZIONE":"4913462.14500","LATITUDINE_CENTRALE":"44.36766","LONGITUDINE_CENTRALE":"7.52407","POS_X_CENTRALE":"382401.30989","POS_Y_CENTRALE":"4913768.05382","TIPO_ADSL":"ADSL_2P","DESCRIZIONE_TIPO_ADSL":"ADSL 2+ (24 mega)","DISTANZA_CALCOLATA":"367.66","CLASSE_DISTANZA":"100-499","POTENZA_SEGNALE":"19761.67","POPOLAZIONE_SEZIONE": "16"}
			},
		 		{ "type" : "Feature",
				"geometry" : {
					"type" : "Point",
					"coordinates" : [7.51391,44.35976]},
			"properties" : { "ANNO":"2010","ID_SEZIONE":"20174","ISTAT_COMUNE_SEZ":"4078","COMUNE_SEZ":"CUNEO","PROVINCIA":"CN","ID_CENTRALE":"1282","NOME_CENTRALE":"SAN ROCCO CASTAGNARETTA","ISTAT_COMUNE_CENTR":"4078","COMUNE_CENTR":"CUNEO","PROVINCIA_CENTR":"CN","INDIRIZZO_CENTRALE":"DEMONTE 9","LATITUDINE_SEZIONE":"44.35976","LONGITUDINE_SEZIONE":"7.51391","POS_X_SEZIONE":"381576.17081","POS_Y_SEZIONE":"4912905.64452","LATITUDINE_CENTRALE":"44.36766","LONGITUDINE_CENTRALE":"7.52407","POS_X_CENTRALE":"382401.30989","POS_Y_CENTRALE":"4913768.05382","TIPO_ADSL":"ADSL_2P","DESCRIZIONE_TIPO_ADSL":"ADSL 2+ (24 mega)","DISTANZA_CALCOLATA":"1193.57","CLASSE_DISTANZA":"900-1299","POTENZA_SEGNALE":"17737.5","POPOLAZIONE_SEZIONE": ""}
			},
		 		{ "type" : "Feature",
				"geometry" : {
					"type" : "Point",
					"coordinates" : [7.51297,44.36225]},
			"properties" : { "ANNO":"2010","ID_SEZIONE":"20175","ISTAT_COMUNE_SEZ":"4078","COMUNE_SEZ":"CUNEO","PROVINCIA":"CN","ID_CENTRALE":"1282","NOME_CENTRALE":"SAN ROCCO CASTAGNARETTA","ISTAT_COMUNE_CENTR":"4078","COMUNE_CENTR":"CUNEO","PROVINCIA_CENTR":"CN","INDIRIZZO_CENTRALE":"DEMONTE 9","LATITUDINE_SEZIONE":"44.36225","LONGITUDINE_SEZIONE":"7.51297","POS_X_SEZIONE":"381505.75852","POS_Y_SEZIONE":"4913183.64618","LATITUDINE_CENTRALE":"44.36766","LONGITUDINE_CENTRALE":"7.52407","POS_X_CENTRALE":"382401.30989","POS_Y_CENTRALE":"4913768.05382","TIPO_ADSL":"ADSL_2P","DESCRIZIONE_TIPO_ADSL":"ADSL 2+ (24 mega)","DISTANZA_CALCOLATA":"1069.37","CLASSE_DISTANZA":"900-1299","POTENZA_SEGNALE":"17737.5","POPOLAZIONE_SEZIONE": ""}
			},
		 		{ "type" : "Feature",
				"geometry" : {
					"type" : "Point",
					"coordinates" : [7.53323,44.37333]},
			"properties" : { "ANNO":"2010","ID_SEZIONE":"20762","ISTAT_COMUNE_SEZ":"4078","COMUNE_SEZ":"CUNEO","PROVINCIA":"CN","ID_CENTRALE":"1282","NOME_CENTRALE":"SAN ROCCO CASTAGNARETTA","ISTAT_COMUNE_CENTR":"4078","COMUNE_CENTR":"CUNEO","PROVINCIA_CENTR":"CN","INDIRIZZO_CENTRALE":"DEMONTE 9","LATITUDINE_SEZIONE":"44.37333","LONGITUDINE_SEZIONE":"7.53323","POS_X_SEZIONE":"383142.67833","POS_Y_SEZIONE":"4914385.14583","LATITUDINE_CENTRALE":"44.36766","LONGITUDINE_CENTRALE":"7.52407","POS_X_CENTRALE":"382401.30989","POS_Y_CENTRALE":"4913768.05382","TIPO_ADSL":"ADSL_2P","DESCRIZIONE_TIPO_ADSL":"ADSL 2+ (24 mega)","DISTANZA_CALCOLATA":"964.59","CLASSE_DISTANZA":"900-1299","POTENZA_SEGNALE":"17737.5","POPOLAZIONE_SEZIONE": "206"}
			},
		 		{ "type" : "Feature",
				"geometry" : {
					"type" : "Point",
					"coordinates" : [7.53518,44.37076]},
			"properties" : { "ANNO":"2010","ID_SEZIONE":"20974","ISTAT_COMUNE_SEZ":"4078","COMUNE_SEZ":"CUNEO","PROVINCIA":"CN","ID_CENTRALE":"1282","NOME_CENTRALE":"SAN ROCCO CASTAGNARETTA","ISTAT_COMUNE_CENTR":"4078","COMUNE_CENTR":"CUNEO","PROVINCIA_CENTR":"CN","INDIRIZZO_CENTRALE":"DEMONTE 9","LATITUDINE_SEZIONE":"44.37076","LONGITUDINE_SEZIONE":"7.53518","POS_X_SEZIONE":"383293.02815","POS_Y_SEZIONE":"4914096.64407","LATITUDINE_CENTRALE":"44.36766","LONGITUDINE_CENTRALE":"7.52407","POS_X_CENTRALE":"382401.30989","POS_Y_CENTRALE":"4913768.05382","TIPO_ADSL":"ADSL_2P","DESCRIZIONE_TIPO_ADSL":"ADSL 2+ (24 mega)","DISTANZA_CALCOLATA":"950.33","CLASSE_DISTANZA":"900-1299","POTENZA_SEGNALE":"17737.5","POPOLAZIONE_SEZIONE": "126"}
			},
		 		{ "type" : "Feature",
				"geometry" : {
					"type" : "Point",
					"coordinates" : [7.51603,44.36393]},
			"properties" : { "ANNO":"2010","ID_SEZIONE":"20975","ISTAT_COMUNE_SEZ":"4078","COMUNE_SEZ":"CUNEO","PROVINCIA":"CN","ID_CENTRALE":"1282","NOME_CENTRALE":"SAN ROCCO CASTAGNARETTA","ISTAT_COMUNE_CENTR":"4078","COMUNE_CENTR":"CUNEO","PROVINCIA_CENTR":"CN","INDIRIZZO_CENTRALE":"DEMONTE 9","LATITUDINE_SEZIONE":"44.36393","LONGITUDINE_SEZIONE":"7.51603","POS_X_SEZIONE":"381753.25164","POS_Y_SEZIONE":"4913365.64631","LATITUDINE_CENTRALE":"44.36766","LONGITUDINE_CENTRALE":"7.52407","POS_X_CENTRALE":"382401.30989","POS_Y_CENTRALE":"4913768.05382","TIPO_ADSL":"ADSL_2P","DESCRIZIONE_TIPO_ADSL":"ADSL 2+ (24 mega)","DISTANZA_CALCOLATA":"762.83","CLASSE_DISTANZA":"500-899","POTENZA_SEGNALE":"19523.33","POPOLAZIONE_SEZIONE": "2"}
			},
		 		{ "type" : "Feature",
				"geometry" : {
					"type" : "Point",
					"coordinates" : [7.50186,44.36273]},
			"properties" : { "ANNO":"2010","ID_SEZIONE":"21196","ISTAT_COMUNE_SEZ":"4078","COMUNE_SEZ":"CUNEO","PROVINCIA":"CN","ID_CENTRALE":"1282","NOME_CENTRALE":"SAN ROCCO CASTAGNARETTA","ISTAT_COMUNE_CENTR":"4078","COMUNE_CENTR":"CUNEO","PROVINCIA_CENTR":"CN","INDIRIZZO_CENTRALE":"DEMONTE 9","LATITUDINE_SEZIONE":"44.36273","LONGITUDINE_SEZIONE":"7.50186","POS_X_SEZIONE":"380622.07826","POS_Y_SEZIONE":"4913252.64944","LATITUDINE_CENTRALE":"44.36766","LONGITUDINE_CENTRALE":"7.52407","POS_X_CENTRALE":"382401.30989","POS_Y_CENTRALE":"4913768.05382","TIPO_ADSL":"ADSL_2P","DESCRIZIONE_TIPO_ADSL":"ADSL 2+ (24 mega)","DISTANZA_CALCOLATA":"1852.38","CLASSE_DISTANZA":"1700-2099","POTENZA_SEGNALE":"12975.83","POPOLAZIONE_SEZIONE": "20"}
			},
		 		{ "type" : "Feature",
				"geometry" : {
					"type" : "Point",
					"coordinates" : [7.52519,44.36684]},
			"properties" : { "ANNO":"2010","ID_SEZIONE":"21394","ISTAT_COMUNE_SEZ":"4078","COMUNE_SEZ":"CUNEO","PROVINCIA":"CN","ID_CENTRALE":"1282","NOME_CENTRALE":"SAN ROCCO CASTAGNARETTA","ISTAT_COMUNE_CENTR":"4078","COMUNE_CENTR":"CUNEO","PROVINCIA_CENTR":"CN","INDIRIZZO_CENTRALE":"DEMONTE 9","LATITUDINE_SEZIONE":"44.36684","LONGITUDINE_SEZIONE":"7.52519","POS_X_SEZIONE":"382489.23577","POS_Y_SEZIONE":"4913676.14512","LATITUDINE_CENTRALE":"44.36766","LONGITUDINE_CENTRALE":"7.52407","POS_X_CENTRALE":"382401.30989","POS_Y_CENTRALE":"4913768.05382","TIPO_ADSL":"ADSL_2P","DESCRIZIONE_TIPO_ADSL":"ADSL 2+ (24 mega)","DISTANZA_CALCOLATA":"127.19","CLASSE_DISTANZA":"100-499","POTENZA_SEGNALE":"19761.67","POPOLAZIONE_SEZIONE": "144"}
			},
		 		{ "type" : "Feature",
				"geometry" : {
					"type" : "Point",
					"coordinates" : [7.54247,44.35900]},
			"properties" : { "ANNO":"2010","ID_SEZIONE":"21395","ISTAT_COMUNE_SEZ":"4078","COMUNE_SEZ":"CUNEO","PROVINCIA":"CN","ID_CENTRALE":"1282","NOME_CENTRALE":"SAN ROCCO CASTAGNARETTA","ISTAT_COMUNE_CENTR":"4078","COMUNE_CENTR":"CUNEO","PROVINCIA_CENTR":"CN","INDIRIZZO_CENTRALE":"DEMONTE 9","LATITUDINE_SEZIONE":"44.35900","LONGITUDINE_SEZIONE":"7.54247","POS_X_SEZIONE":"383850.58796","POS_Y_SEZIONE":"4912780.63715","LATITUDINE_CENTRALE":"44.36766","LONGITUDINE_CENTRALE":"7.52407","POS_X_CENTRALE":"382401.30989","POS_Y_CENTRALE":"4913768.05382","TIPO_ADSL":"ADSL_2P","DESCRIZIONE_TIPO_ADSL":"ADSL 2+ (24 mega)","DISTANZA_CALCOLATA":"1753.68","CLASSE_DISTANZA":"1700-2099","POTENZA_SEGNALE":"12975.83","POPOLAZIONE_SEZIONE": "1"}
			},
		 		{ "type" : "Feature",
				"geometry" : {
					"type" : "Point",
					"coordinates" : [7.53250,44.36561]},
			"properties" : { "ANNO":"2010","ID_SEZIONE":"21629","ISTAT_COMUNE_SEZ":"4078","COMUNE_SEZ":"CUNEO","PROVINCIA":"CN","ID_CENTRALE":"1282","NOME_CENTRALE":"SAN ROCCO CASTAGNARETTA","ISTAT_COMUNE_CENTR":"4078","COMUNE_CENTR":"CUNEO","PROVINCIA_CENTR":"CN","INDIRIZZO_CENTRALE":"DEMONTE 9","LATITUDINE_SEZIONE":"44.36561","LONGITUDINE_SEZIONE":"7.53250","POS_X_SEZIONE":"383069.20121","POS_Y_SEZIONE":"4913529.14276","LATITUDINE_CENTRALE":"44.36766","LONGITUDINE_CENTRALE":"7.52407","POS_X_CENTRALE":"382401.30989","POS_Y_CENTRALE":"4913768.05382","TIPO_ADSL":"ADSL_2P","DESCRIZIONE_TIPO_ADSL":"ADSL 2+ (24 mega)","DISTANZA_CALCOLATA":"709.34","CLASSE_DISTANZA":"500-899","POTENZA_SEGNALE":"19523.33","POPOLAZIONE_SEZIONE": "32"}
			},
		 		{ "type" : "Feature",
				"geometry" : {
					"type" : "Point",
					"coordinates" : [7.52176,44.36289]},
			"properties" : { "ANNO":"2010","ID_SEZIONE":"21832","ISTAT_COMUNE_SEZ":"4078","COMUNE_SEZ":"CUNEO","PROVINCIA":"CN","ID_CENTRALE":"1282","NOME_CENTRALE":"SAN ROCCO CASTAGNARETTA","ISTAT_COMUNE_CENTR":"4078","COMUNE_CENTR":"CUNEO","PROVINCIA_CENTR":"CN","INDIRIZZO_CENTRALE":"DEMONTE 9","LATITUDINE_SEZIONE":"44.36289","LONGITUDINE_SEZIONE":"7.52176","POS_X_SEZIONE":"382207.53081","POS_Y_SEZIONE":"4913242.14423","LATITUDINE_CENTRALE":"44.36766","LONGITUDINE_CENTRALE":"7.52407","POS_X_CENTRALE":"382401.30989","POS_Y_CENTRALE":"4913768.05382","TIPO_ADSL":"ADSL_2P","DESCRIZIONE_TIPO_ADSL":"ADSL 2+ (24 mega)","DISTANZA_CALCOLATA":"560.47","CLASSE_DISTANZA":"500-899","POTENZA_SEGNALE":"19523.33","POPOLAZIONE_SEZIONE": "78"}
			},
		 		{ "type" : "Feature",
				"geometry" : {
					"type" : "Point",
					"coordinates" : [7.52567,44.36547]},
			"properties" : { "ANNO":"2010","ID_SEZIONE":"23032","ISTAT_COMUNE_SEZ":"4078","COMUNE_SEZ":"CUNEO","PROVINCIA":"CN","ID_CENTRALE":"1282","NOME_CENTRALE":"SAN ROCCO CASTAGNARETTA","ISTAT_COMUNE_CENTR":"4078","COMUNE_CENTR":"CUNEO","PROVINCIA_CENTR":"CN","INDIRIZZO_CENTRALE":"DEMONTE 9","LATITUDINE_SEZIONE":"44.36547","LONGITUDINE_SEZIONE":"7.52567","POS_X_SEZIONE":"382524.42604","POS_Y_SEZIONE":"4913522.64445","LATITUDINE_CENTRALE":"44.36766","LONGITUDINE_CENTRALE":"7.52407","POS_X_CENTRALE":"382401.30989","POS_Y_CENTRALE":"4913768.05382","TIPO_ADSL":"ADSL_2P","DESCRIZIONE_TIPO_ADSL":"ADSL 2+ (24 mega)","DISTANZA_CALCOLATA":"274.56","CLASSE_DISTANZA":"100-499","POTENZA_SEGNALE":"19761.67","POPOLAZIONE_SEZIONE": "40"}
			},
		 		{ "type" : "Feature",
				"geometry" : {
					"type" : "Point",
					"coordinates" : [7.52010,44.36505]},
			"properties" : { "ANNO":"2010","ID_SEZIONE":"23033","ISTAT_COMUNE_SEZ":"4078","COMUNE_SEZ":"CUNEO","PROVINCIA":"CN","ID_CENTRALE":"1282","NOME_CENTRALE":"SAN ROCCO CASTAGNARETTA","ISTAT_COMUNE_CENTR":"4078","COMUNE_CENTR":"CUNEO","PROVINCIA_CENTR":"CN","INDIRIZZO_CENTRALE":"DEMONTE 9","LATITUDINE_SEZIONE":"44.36505","LONGITUDINE_SEZIONE":"7.52010","POS_X_SEZIONE":"382079.96294","POS_Y_SEZIONE":"4913484.64586","LATITUDINE_CENTRALE":"44.36766","LONGITUDINE_CENTRALE":"7.52407","POS_X_CENTRALE":"382401.30989","POS_Y_CENTRALE":"4913768.05382","TIPO_ADSL":"ADSL_2P","DESCRIZIONE_TIPO_ADSL":"ADSL 2+ (24 mega)","DISTANZA_CALCOLATA":"428.47","CLASSE_DISTANZA":"100-499","POTENZA_SEGNALE":"19761.67","POPOLAZIONE_SEZIONE": "88"}
			},
		 		{ "type" : "Feature",
				"geometry" : {
					"type" : "Point",
					"coordinates" : [7.52282,44.36912]},
			"properties" : { "ANNO":"2010","ID_SEZIONE":"23227","ISTAT_COMUNE_SEZ":"4078","COMUNE_SEZ":"CUNEO","PROVINCIA":"CN","ID_CENTRALE":"1282","NOME_CENTRALE":"SAN ROCCO CASTAGNARETTA","ISTAT_COMUNE_CENTR":"4078","COMUNE_CENTR":"CUNEO","PROVINCIA_CENTR":"CN","INDIRIZZO_CENTRALE":"DEMONTE 9","LATITUDINE_SEZIONE":"44.36912","LONGITUDINE_SEZIONE":"7.52282","POS_X_SEZIONE":"382305.04326","POS_Y_SEZIONE":"4913932.14717","LATITUDINE_CENTRALE":"44.36766","LONGITUDINE_CENTRALE":"7.52407","POS_X_CENTRALE":"382401.30989","POS_Y_CENTRALE":"4913768.05382","TIPO_ADSL":"ADSL_2P","DESCRIZIONE_TIPO_ADSL":"ADSL 2+ (24 mega)","DISTANZA_CALCOLATA":"190.25","CLASSE_DISTANZA":"100-499","POTENZA_SEGNALE":"19761.67","POPOLAZIONE_SEZIONE": "90"}
			},
		 		{ "type" : "Feature",
				"geometry" : {
					"type" : "Point",
					"coordinates" : [7.52261,44.36802]},
			"properties" : { "ANNO":"2010","ID_SEZIONE":"23229","ISTAT_COMUNE_SEZ":"4078","COMUNE_SEZ":"CUNEO","PROVINCIA":"CN","ID_CENTRALE":"1282","NOME_CENTRALE":"SAN ROCCO CASTAGNARETTA","ISTAT_COMUNE_CENTR":"4078","COMUNE_CENTR":"CUNEO","PROVINCIA_CENTR":"CN","INDIRIZZO_CENTRALE":"DEMONTE 9","LATITUDINE_SEZIONE":"44.36802","LONGITUDINE_SEZIONE":"7.52261","POS_X_SEZIONE":"382285.89036","POS_Y_SEZIONE":"4913811.14672","LATITUDINE_CENTRALE":"44.36766","LONGITUDINE_CENTRALE":"7.52407","POS_X_CENTRALE":"382401.30989","POS_Y_CENTRALE":"4913768.05382","TIPO_ADSL":"ADSL_2P","DESCRIZIONE_TIPO_ADSL":"ADSL 2+ (24 mega)","DISTANZA_CALCOLATA":"123.20","CLASSE_DISTANZA":"100-499","POTENZA_SEGNALE":"19761.67","POPOLAZIONE_SEZIONE": "34"}
			},
		 		{ "type" : "Feature",
				"geometry" : {
					"type" : "Point",
					"coordinates" : [7.53427,44.36625]},
			"properties" : { "ANNO":"2010","ID_SEZIONE":"23865","ISTAT_COMUNE_SEZ":"4078","COMUNE_SEZ":"CUNEO","PROVINCIA":"CN","ID_CENTRALE":"1282","NOME_CENTRALE":"SAN ROCCO CASTAGNARETTA","ISTAT_COMUNE_CENTR":"4078","COMUNE_CENTR":"CUNEO","PROVINCIA_CENTR":"CN","INDIRIZZO_CENTRALE":"DEMONTE 9","LATITUDINE_SEZIONE":"44.36625","LONGITUDINE_SEZIONE":"7.53427","POS_X_SEZIONE":"383211.04211","POS_Y_SEZIONE":"4913597.64221","LATITUDINE_CENTRALE":"44.36766","LONGITUDINE_CENTRALE":"7.52407","POS_X_CENTRALE":"382401.30989","POS_Y_CENTRALE":"4913768.05382","TIPO_ADSL":"ADSL_2P","DESCRIZIONE_TIPO_ADSL":"ADSL 2+ (24 mega)","DISTANZA_CALCOLATA":"827.47","CLASSE_DISTANZA":"500-899","POTENZA_SEGNALE":"19523.33","POPOLAZIONE_SEZIONE": "45"}
			},
		 		{ "type" : "Feature",
				"geometry" : {
					"type" : "Point",
					"coordinates" : [7.51565,44.36085]},
			"properties" : { "ANNO":"2010","ID_SEZIONE":"24265","ISTAT_COMUNE_SEZ":"4078","COMUNE_SEZ":"CUNEO","PROVINCIA":"CN","ID_CENTRALE":"1282","NOME_CENTRALE":"SAN ROCCO CASTAGNARETTA","ISTAT_COMUNE_CENTR":"4078","COMUNE_CENTR":"CUNEO","PROVINCIA_CENTR":"CN","INDIRIZZO_CENTRALE":"DEMONTE 9","LATITUDINE_SEZIONE":"44.36085","LONGITUDINE_SEZIONE":"7.51565","POS_X_SEZIONE":"381717.22834","POS_Y_SEZIONE":"4913024.14487","LATITUDINE_CENTRALE":"44.36766","LONGITUDINE_CENTRALE":"7.52407","POS_X_CENTRALE":"382401.30989","POS_Y_CENTRALE":"4913768.05382","TIPO_ADSL":"ADSL_2P","DESCRIZIONE_TIPO_ADSL":"ADSL 2+ (24 mega)","DISTANZA_CALCOLATA":"1010.63","CLASSE_DISTANZA":"900-1299","POTENZA_SEGNALE":"17737.5","POPOLAZIONE_SEZIONE": "14"}
			},
		 		{ "type" : "Feature",
				"geometry" : {
					"type" : "Point",
					"coordinates" : [7.53814,44.37228]},
			"properties" : { "ANNO":"2010","ID_SEZIONE":"24875","ISTAT_COMUNE_SEZ":"4078","COMUNE_SEZ":"CUNEO","PROVINCIA":"CN","ID_CENTRALE":"1282","NOME_CENTRALE":"SAN ROCCO CASTAGNARETTA","ISTAT_COMUNE_CENTR":"4078","COMUNE_CENTR":"CUNEO","PROVINCIA_CENTR":"CN","INDIRIZZO_CENTRALE":"DEMONTE 9","LATITUDINE_SEZIONE":"44.37228","LONGITUDINE_SEZIONE":"7.53814","POS_X_SEZIONE":"383531.49011","POS_Y_SEZIONE":"4914262.14346","LATITUDINE_CENTRALE":"44.36766","LONGITUDINE_CENTRALE":"7.52407","POS_X_CENTRALE":"382401.30989","POS_Y_CENTRALE":"4913768.05382","TIPO_ADSL":"ADSL_2P","DESCRIZIONE_TIPO_ADSL":"ADSL 2+ (24 mega)","DISTANZA_CALCOLATA":"1233.46","CLASSE_DISTANZA":"900-1299","POTENZA_SEGNALE":"17737.5","POPOLAZIONE_SEZIONE": "219"}
			},
		 		{ "type" : "Feature",
				"geometry" : {
					"type" : "Point",
					"coordinates" : [7.53283,44.36874]},
			"properties" : { "ANNO":"2010","ID_SEZIONE":"24876","ISTAT_COMUNE_SEZ":"4078","COMUNE_SEZ":"CUNEO","PROVINCIA":"CN","ID_CENTRALE":"1282","NOME_CENTRALE":"SAN ROCCO CASTAGNARETTA","ISTAT_COMUNE_CENTR":"4078","COMUNE_CENTR":"CUNEO","PROVINCIA_CENTR":"CN","INDIRIZZO_CENTRALE":"DEMONTE 9","LATITUDINE_SEZIONE":"44.36874","LONGITUDINE_SEZIONE":"7.53283","POS_X_SEZIONE":"383101.56678","POS_Y_SEZIONE":"4913876.14359","LATITUDINE_CENTRALE":"44.36766","LONGITUDINE_CENTRALE":"7.52407","POS_X_CENTRALE":"382401.30989","POS_Y_CENTRALE":"4913768.05382","TIPO_ADSL":"ADSL_2P","DESCRIZIONE_TIPO_ADSL":"ADSL 2+ (24 mega)","DISTANZA_CALCOLATA":"708.55","CLASSE_DISTANZA":"500-899","POTENZA_SEGNALE":"19523.33","POPOLAZIONE_SEZIONE": "156"}
			},
		 		{ "type" : "Feature",
				"geometry" : {
					"type" : "Point",
					"coordinates" : [7.53312,44.36643]},
			"properties" : { "ANNO":"2010","ID_SEZIONE":"24877","ISTAT_COMUNE_SEZ":"4078","COMUNE_SEZ":"CUNEO","PROVINCIA":"CN","ID_CENTRALE":"1282","NOME_CENTRALE":"SAN ROCCO CASTAGNARETTA","ISTAT_COMUNE_CENTR":"4078","COMUNE_CENTR":"CUNEO","PROVINCIA_CENTR":"CN","INDIRIZZO_CENTRALE":"DEMONTE 9","LATITUDINE_SEZIONE":"44.36643","LONGITUDINE_SEZIONE":"7.53312","POS_X_SEZIONE":"383120.41759","POS_Y_SEZIONE":"4913618.64292","LATITUDINE_CENTRALE":"44.36766","LONGITUDINE_CENTRALE":"7.52407","POS_X_CENTRALE":"382401.30989","POS_Y_CENTRALE":"4913768.05382","TIPO_ADSL":"ADSL_2P","DESCRIZIONE_TIPO_ADSL":"ADSL 2+ (24 mega)","DISTANZA_CALCOLATA":"734.47","CLASSE_DISTANZA":"500-899","POTENZA_SEGNALE":"19523.33","POPOLAZIONE_SEZIONE": "73"}
			},
		 		{ "type" : "Feature",
				"geometry" : {
					"type" : "Point",
					"coordinates" : [7.53462,44.36453]},
			"properties" : { "ANNO":"2010","ID_SEZIONE":"24879","ISTAT_COMUNE_SEZ":"4078","COMUNE_SEZ":"CUNEO","PROVINCIA":"CN","ID_CENTRALE":"1282","NOME_CENTRALE":"SAN ROCCO CASTAGNARETTA","ISTAT_COMUNE_CENTR":"4078","COMUNE_CENTR":"CUNEO","PROVINCIA_CENTR":"CN","INDIRIZZO_CENTRALE":"DEMONTE 9","LATITUDINE_SEZIONE":"44.36453","LONGITUDINE_SEZIONE":"7.53462","POS_X_SEZIONE":"383235.95295","POS_Y_SEZIONE":"4913405.64170","LATITUDINE_CENTRALE":"44.36766","LONGITUDINE_CENTRALE":"7.52407","POS_X_CENTRALE":"382401.30989","POS_Y_CENTRALE":"4913768.05382","TIPO_ADSL":"ADSL_2P","DESCRIZIONE_TIPO_ADSL":"ADSL 2+ (24 mega)","DISTANZA_CALCOLATA":"909.93","CLASSE_DISTANZA":"900-1299","POTENZA_SEGNALE":"17737.5","POPOLAZIONE_SEZIONE": "87"}
			},
		 		{ "type" : "Feature",
				"geometry" : {
					"type" : "Point",
					"coordinates" : [7.53828,44.36771]},
			"properties" : { "ANNO":"2010","ID_SEZIONE":"25550","ISTAT_COMUNE_SEZ":"4078","COMUNE_SEZ":"CUNEO","PROVINCIA":"CN","ID_CENTRALE":"1282","NOME_CENTRALE":"SAN ROCCO CASTAGNARETTA","ISTAT_COMUNE_CENTR":"4078","COMUNE_CENTR":"CUNEO","PROVINCIA_CENTR":"CN","INDIRIZZO_CENTRALE":"DEMONTE 9","LATITUDINE_SEZIONE":"44.36771","LONGITUDINE_SEZIONE":"7.53828","POS_X_SEZIONE":"383533.97228","POS_Y_SEZIONE":"4913753.64196","LATITUDINE_CENTRALE":"44.36766","LONGITUDINE_CENTRALE":"7.52407","POS_X_CENTRALE":"382401.30989","POS_Y_CENTRALE":"4913768.05382","TIPO_ADSL":"ADSL_2P","DESCRIZIONE_TIPO_ADSL":"ADSL 2+ (24 mega)","DISTANZA_CALCOLATA":"1132.75","CLASSE_DISTANZA":"900-1299","POTENZA_SEGNALE":"17737.5","POPOLAZIONE_SEZIONE": "5"}
			},
		 		{ "type" : "Feature",
				"geometry" : {
					"type" : "Point",
					"coordinates" : [7.53576,44.37004]},
			"properties" : { "ANNO":"2010","ID_SEZIONE":"25784","ISTAT_COMUNE_SEZ":"4078","COMUNE_SEZ":"CUNEO","PROVINCIA":"CN","ID_CENTRALE":"1282","NOME_CENTRALE":"SAN ROCCO CASTAGNARETTA","ISTAT_COMUNE_CENTR":"4078","COMUNE_CENTR":"CUNEO","PROVINCIA_CENTR":"CN","INDIRIZZO_CENTRALE":"DEMONTE 9","LATITUDINE_SEZIONE":"44.37004","LONGITUDINE_SEZIONE":"7.53576","POS_X_SEZIONE":"383337.99865","POS_Y_SEZIONE":"4914016.64356","LATITUDINE_CENTRALE":"44.36766","LONGITUDINE_CENTRALE":"7.52407","POS_X_CENTRALE":"382401.30989","POS_Y_CENTRALE":"4913768.05382","TIPO_ADSL":"ADSL_2P","DESCRIZIONE_TIPO_ADSL":"ADSL 2+ (24 mega)","DISTANZA_CALCOLATA":"969.11","CLASSE_DISTANZA":"900-1299","POTENZA_SEGNALE":"17737.5","POPOLAZIONE_SEZIONE": ""}
			},
		 		{ "type" : "Feature",
				"geometry" : {
					"type" : "Point",
					"coordinates" : [7.52866,44.36874]},
			"properties" : { "ANNO":"2010","ID_SEZIONE":"26721","ISTAT_COMUNE_SEZ":"4078","COMUNE_SEZ":"CUNEO","PROVINCIA":"CN","ID_CENTRALE":"1282","NOME_CENTRALE":"SAN ROCCO CASTAGNARETTA","ISTAT_COMUNE_CENTR":"4078","COMUNE_CENTR":"CUNEO","PROVINCIA_CENTR":"CN","INDIRIZZO_CENTRALE":"DEMONTE 9","LATITUDINE_SEZIONE":"44.36874","LONGITUDINE_SEZIONE":"7.52866","POS_X_SEZIONE":"382769.35251","POS_Y_SEZIONE":"4913881.64503","LATITUDINE_CENTRALE":"44.36766","LONGITUDINE_CENTRALE":"7.52407","POS_X_CENTRALE":"382401.30989","POS_Y_CENTRALE":"4913768.05382","TIPO_ADSL":"ADSL_2P","DESCRIZIONE_TIPO_ADSL":"ADSL 2+ (24 mega)","DISTANZA_CALCOLATA":"385.17","CLASSE_DISTANZA":"100-499","POTENZA_SEGNALE":"19761.67","POPOLAZIONE_SEZIONE": "123"}
			},
		 		{ "type" : "Feature",
				"geometry" : {
					"type" : "Point",
					"coordinates" : [7.53464,44.36969]},
			"properties" : { "ANNO":"2010","ID_SEZIONE":"26722","ISTAT_COMUNE_SEZ":"4078","COMUNE_SEZ":"CUNEO","PROVINCIA":"CN","ID_CENTRALE":"1282","NOME_CENTRALE":"SAN ROCCO CASTAGNARETTA","ISTAT_COMUNE_CENTR":"4078","COMUNE_CENTR":"CUNEO","PROVINCIA_CENTR":"CN","INDIRIZZO_CENTRALE":"DEMONTE 9","LATITUDINE_SEZIONE":"44.36969","LONGITUDINE_SEZIONE":"7.53464","POS_X_SEZIONE":"383247.68748","POS_Y_SEZIONE":"4913978.64343","LATITUDINE_CENTRALE":"44.36766","LONGITUDINE_CENTRALE":"7.52407","POS_X_CENTRALE":"382401.30989","POS_Y_CENTRALE":"4913768.05382","TIPO_ADSL":"ADSL_2P","DESCRIZIONE_TIPO_ADSL":"ADSL 2+ (24 mega)","DISTANZA_CALCOLATA":"872.18","CLASSE_DISTANZA":"500-899","POTENZA_SEGNALE":"19523.33","POPOLAZIONE_SEZIONE": ""}
			},
		 		{ "type" : "Feature",
				"geometry" : {
					"type" : "Point",
					"coordinates" : [7.53370,44.36824]},
			"properties" : { "ANNO":"2010","ID_SEZIONE":"26723","ISTAT_COMUNE_SEZ":"4078","COMUNE_SEZ":"CUNEO","PROVINCIA":"CN","ID_CENTRALE":"1282","NOME_CENTRALE":"SAN ROCCO CASTAGNARETTA","ISTAT_COMUNE_CENTR":"4078","COMUNE_CENTR":"CUNEO","PROVINCIA_CENTR":"CN","INDIRIZZO_CENTRALE":"DEMONTE 9","LATITUDINE_SEZIONE":"44.36824","LONGITUDINE_SEZIONE":"7.53370","POS_X_SEZIONE":"383169.50559","POS_Y_SEZIONE":"4913819.14314","LATITUDINE_CENTRALE":"44.36766","LONGITUDINE_CENTRALE":"7.52407","POS_X_CENTRALE":"382401.30989","POS_Y_CENTRALE":"4913768.05382","TIPO_ADSL":"ADSL_2P","DESCRIZIONE_TIPO_ADSL":"ADSL 2+ (24 mega)","DISTANZA_CALCOLATA":"769.89","CLASSE_DISTANZA":"500-899","POTENZA_SEGNALE":"19523.33","POPOLAZIONE_SEZIONE": "80"}
			},
		 		{ "type" : "Feature",
				"geometry" : {
					"type" : "Point",
					"coordinates" : [7.50571,44.36523]},
			"properties" : { "ANNO":"2010","ID_SEZIONE":"26724","ISTAT_COMUNE_SEZ":"4078","COMUNE_SEZ":"CUNEO","PROVINCIA":"CN","ID_CENTRALE":"1282","NOME_CENTRALE":"SAN ROCCO CASTAGNARETTA","ISTAT_COMUNE_CENTR":"4078","COMUNE_CENTR":"CUNEO","PROVINCIA_CENTR":"CN","INDIRIZZO_CENTRALE":"DEMONTE 9","LATITUDINE_SEZIONE":"44.36523","LONGITUDINE_SEZIONE":"7.50571","POS_X_SEZIONE":"380933.84889","POS_Y_SEZIONE":"4913525.14967","LATITUDINE_CENTRALE":"44.36766","LONGITUDINE_CENTRALE":"7.52407","POS_X_CENTRALE":"382401.30989","POS_Y_CENTRALE":"4913768.05382","TIPO_ADSL":"ADSL_2P","DESCRIZIONE_TIPO_ADSL":"ADSL 2+ (24 mega)","DISTANZA_CALCOLATA":"1487.43","CLASSE_DISTANZA":"1300-1699","POTENZA_SEGNALE":"16071.67","POPOLAZIONE_SEZIONE": "16"}
			},
		 		{ "type" : "Feature",
				"geometry" : {
					"type" : "Point",
					"coordinates" : [7.53583,44.36831]},
			"properties" : { "ANNO":"2010","ID_SEZIONE":"27233","ISTAT_COMUNE_SEZ":"4078","COMUNE_SEZ":"CUNEO","PROVINCIA":"CN","ID_CENTRALE":"1282","NOME_CENTRALE":"SAN ROCCO CASTAGNARETTA","ISTAT_COMUNE_CENTR":"4078","COMUNE_CENTR":"CUNEO","PROVINCIA_CENTR":"CN","INDIRIZZO_CENTRALE":"DEMONTE 9","LATITUDINE_SEZIONE":"44.36831","LONGITUDINE_SEZIONE":"7.53583","POS_X_SEZIONE":"383339.87871","POS_Y_SEZIONE":"4913824.14282","LATITUDINE_CENTRALE":"44.36766","LONGITUDINE_CENTRALE":"7.52407","POS_X_CENTRALE":"382401.30989","POS_Y_CENTRALE":"4913768.05382","TIPO_ADSL":"ADSL_2P","DESCRIZIONE_TIPO_ADSL":"ADSL 2+ (24 mega)","DISTANZA_CALCOLATA":"940.24","CLASSE_DISTANZA":"900-1299","POTENZA_SEGNALE":"17737.5","POPOLAZIONE_SEZIONE": "89"}
			},
		 		{ "type" : "Feature",
				"geometry" : {
					"type" : "Point",
					"coordinates" : [7.54981,44.36540]},
			"properties" : { "ANNO":"2010","ID_SEZIONE":"27280","ISTAT_COMUNE_SEZ":"4078","COMUNE_SEZ":"CUNEO","PROVINCIA":"CN","ID_CENTRALE":"1282","NOME_CENTRALE":"SAN ROCCO CASTAGNARETTA","ISTAT_COMUNE_CENTR":"4078","COMUNE_CENTR":"CUNEO","PROVINCIA_CENTR":"CN","INDIRIZZO_CENTRALE":"DEMONTE 9","LATITUDINE_SEZIONE":"44.36540","LONGITUDINE_SEZIONE":"7.54981","POS_X_SEZIONE":"384447.56307","POS_Y_SEZIONE":"4913481.13764","LATITUDINE_CENTRALE":"44.36766","LONGITUDINE_CENTRALE":"7.52407","POS_X_CENTRALE":"382401.30989","POS_Y_CENTRALE":"4913768.05382","TIPO_ADSL":"ADSL_2P","DESCRIZIONE_TIPO_ADSL":"ADSL 2+ (24 mega)","DISTANZA_CALCOLATA":"2066.27","CLASSE_DISTANZA":"1700-2099","POTENZA_SEGNALE":"12975.83","POPOLAZIONE_SEZIONE": "19"}
			},
		 		{ "type" : "Feature",
				"geometry" : {
					"type" : "Point",
					"coordinates" : [7.52638,44.37487]},
			"properties" : { "ANNO":"2010","ID_SEZIONE":"27447","ISTAT_COMUNE_SEZ":"4078","COMUNE_SEZ":"CUNEO","PROVINCIA":"CN","ID_CENTRALE":"1282","NOME_CENTRALE":"SAN ROCCO CASTAGNARETTA","ISTAT_COMUNE_CENTR":"4078","COMUNE_CENTR":"CUNEO","PROVINCIA_CENTR":"CN","INDIRIZZO_CENTRALE":"DEMONTE 9","LATITUDINE_SEZIONE":"44.37487","LONGITUDINE_SEZIONE":"7.52638","POS_X_SEZIONE":"382599.58662","POS_Y_SEZIONE":"4914565.64836","LATITUDINE_CENTRALE":"44.36766","LONGITUDINE_CENTRALE":"7.52407","POS_X_CENTRALE":"382401.30989","POS_Y_CENTRALE":"4913768.05382","TIPO_ADSL":"ADSL_2P","DESCRIZIONE_TIPO_ADSL":"ADSL 2+ (24 mega)","DISTANZA_CALCOLATA":"821.87","CLASSE_DISTANZA":"500-899","POTENZA_SEGNALE":"19523.33","POPOLAZIONE_SEZIONE": "12"}
			},
		 		{ "type" : "Feature",
				"geometry" : {
					"type" : "Point",
					"coordinates" : [7.53014,44.36436]},
			"properties" : { "ANNO":"2010","ID_SEZIONE":"27910","ISTAT_COMUNE_SEZ":"4078","COMUNE_SEZ":"CUNEO","PROVINCIA":"CN","ID_CENTRALE":"1282","NOME_CENTRALE":"SAN ROCCO CASTAGNARETTA","ISTAT_COMUNE_CENTR":"4078","COMUNE_CENTR":"CUNEO","PROVINCIA_CENTR":"CN","INDIRIZZO_CENTRALE":"DEMONTE 9","LATITUDINE_SEZIONE":"44.36436","LONGITUDINE_SEZIONE":"7.53014","POS_X_SEZIONE":"382878.39468","POS_Y_SEZIONE":"4913393.14276","LATITUDINE_CENTRALE":"44.36766","LONGITUDINE_CENTRALE":"7.52407","POS_X_CENTRALE":"382401.30989","POS_Y_CENTRALE":"4913768.05382","TIPO_ADSL":"ADSL_2P","DESCRIZIONE_TIPO_ADSL":"ADSL 2+ (24 mega)","DISTANZA_CALCOLATA":"606.77","CLASSE_DISTANZA":"500-899","POTENZA_SEGNALE":"19523.33","POPOLAZIONE_SEZIONE": "45"}
			},
		 		{ "type" : "Feature",
				"geometry" : {
					"type" : "Point",
					"coordinates" : [7.52852,44.36258]},
			"properties" : { "ANNO":"2010","ID_SEZIONE":"27911","ISTAT_COMUNE_SEZ":"4078","COMUNE_SEZ":"CUNEO","PROVINCIA":"CN","ID_CENTRALE":"1282","NOME_CENTRALE":"SAN ROCCO CASTAGNARETTA","ISTAT_COMUNE_CENTR":"4078","COMUNE_CENTR":"CUNEO","PROVINCIA_CENTR":"CN","INDIRIZZO_CENTRALE":"DEMONTE 9","LATITUDINE_SEZIONE":"44.36258","LONGITUDINE_SEZIONE":"7.52852","POS_X_SEZIONE":"382745.58854","POS_Y_SEZIONE":"4913197.64221","LATITUDINE_CENTRALE":"44.36766","LONGITUDINE_CENTRALE":"7.52407","POS_X_CENTRALE":"382401.30989","POS_Y_CENTRALE":"4913768.05382","TIPO_ADSL":"ADSL_2P","DESCRIZIONE_TIPO_ADSL":"ADSL 2+ (24 mega)","DISTANZA_CALCOLATA":"666.26","CLASSE_DISTANZA":"500-899","POTENZA_SEGNALE":"19523.33","POPOLAZIONE_SEZIONE": "31"}
			},
		 		{ "type" : "Feature",
				"geometry" : {
					"type" : "Point",
					"coordinates" : [7.53309,44.37198]},
			"properties" : { "ANNO":"2010","ID_SEZIONE":"28477","ISTAT_COMUNE_SEZ":"4078","COMUNE_SEZ":"CUNEO","PROVINCIA":"CN","ID_CENTRALE":"1282","NOME_CENTRALE":"SAN ROCCO CASTAGNARETTA","ISTAT_COMUNE_CENTR":"4078","COMUNE_CENTR":"CUNEO","PROVINCIA_CENTR":"CN","INDIRIZZO_CENTRALE":"DEMONTE 9","LATITUDINE_SEZIONE":"44.37198","LONGITUDINE_SEZIONE":"7.53309","POS_X_SEZIONE":"383128.52614","POS_Y_SEZIONE":"4914235.14519","LATITUDINE_CENTRALE":"44.36766","LONGITUDINE_CENTRALE":"7.52407","POS_X_CENTRALE":"382401.30989","POS_Y_CENTRALE":"4913768.05382","TIPO_ADSL":"ADSL_2P","DESCRIZIONE_TIPO_ADSL":"ADSL 2+ (24 mega)","DISTANZA_CALCOLATA":"864.30","CLASSE_DISTANZA":"500-899","POTENZA_SEGNALE":"19523.33","POPOLAZIONE_SEZIONE": "302"}
			},
		 		{ "type" : "Feature",
				"geometry" : {
					"type" : "Point",
					"coordinates" : [7.52699,44.36700]},
			"properties" : { "ANNO":"2010","ID_SEZIONE":"28779","ISTAT_COMUNE_SEZ":"4078","COMUNE_SEZ":"CUNEO","PROVINCIA":"CN","ID_CENTRALE":"1282","NOME_CENTRALE":"SAN ROCCO CASTAGNARETTA","ISTAT_COMUNE_CENTR":"4078","COMUNE_CENTR":"CUNEO","PROVINCIA_CENTR":"CN","INDIRIZZO_CENTRALE":"DEMONTE 9","LATITUDINE_SEZIONE":"44.36700","LONGITUDINE_SEZIONE":"7.52699","POS_X_SEZIONE":"382632.45190","POS_Y_SEZIONE":"4913690.64496","LATITUDINE_CENTRALE":"44.36766","LONGITUDINE_CENTRALE":"7.52407","POS_X_CENTRALE":"382401.30989","POS_Y_CENTRALE":"4913768.05382","TIPO_ADSL":"ADSL_2P","DESCRIZIONE_TIPO_ADSL":"ADSL 2+ (24 mega)","DISTANZA_CALCOLATA":"243.76","CLASSE_DISTANZA":"100-499","POTENZA_SEGNALE":"19761.67","POPOLAZIONE_SEZIONE": "128"}
			},
		 		{ "type" : "Feature",
				"geometry" : {
					"type" : "Point",
					"coordinates" : [7.52311,44.36600]},
			"properties" : { "ANNO":"2010","ID_SEZIONE":"29540","ISTAT_COMUNE_SEZ":"4078","COMUNE_SEZ":"CUNEO","PROVINCIA":"CN","ID_CENTRALE":"1282","NOME_CENTRALE":"SAN ROCCO CASTAGNARETTA","ISTAT_COMUNE_CENTR":"4078","COMUNE_CENTR":"CUNEO","PROVINCIA_CENTR":"CN","INDIRIZZO_CENTRALE":"DEMONTE 9","LATITUDINE_SEZIONE":"44.36600","LONGITUDINE_SEZIONE":"7.52311","POS_X_SEZIONE":"382321.80204","POS_Y_SEZIONE":"4913585.14532","LATITUDINE_CENTRALE":"44.36766","LONGITUDINE_CENTRALE":"7.52407","POS_X_CENTRALE":"382401.30989","POS_Y_CENTRALE":"4913768.05382","TIPO_ADSL":"ADSL_2P","DESCRIZIONE_TIPO_ADSL":"ADSL 2+ (24 mega)","DISTANZA_CALCOLATA":"199.44","CLASSE_DISTANZA":"100-499","POTENZA_SEGNALE":"19761.67","POPOLAZIONE_SEZIONE": "73"}
			},
		 		{ "type" : "Feature",
				"geometry" : {
					"type" : "Point",
					"coordinates" : [7.52640,44.36904]},
			"properties" : { "ANNO":"2010","ID_SEZIONE":"29940","ISTAT_COMUNE_SEZ":"4078","COMUNE_SEZ":"CUNEO","PROVINCIA":"CN","ID_CENTRALE":"1282","NOME_CENTRALE":"SAN ROCCO CASTAGNARETTA","ISTAT_COMUNE_CENTR":"4078","COMUNE_CENTR":"CUNEO","PROVINCIA_CENTR":"CN","INDIRIZZO_CENTRALE":"DEMONTE 9","LATITUDINE_SEZIONE":"44.36904","LONGITUDINE_SEZIONE":"7.52640","POS_X_SEZIONE":"382590.04038","POS_Y_SEZIONE":"4913918.14602","LATITUDINE_CENTRALE":"44.36766","LONGITUDINE_CENTRALE":"7.52407","POS_X_CENTRALE":"382401.30989","POS_Y_CENTRALE":"4913768.05382","TIPO_ADSL":"ADSL_2P","DESCRIZIONE_TIPO_ADSL":"ADSL 2+ (24 mega)","DISTANZA_CALCOLATA":"241.14","CLASSE_DISTANZA":"100-499","POTENZA_SEGNALE":"19761.67","POPOLAZIONE_SEZIONE": ""}
			},
		 		{ "type" : "Feature",
				"geometry" : {
					"type" : "Point",
					"coordinates" : [7.51763,44.36059]},
			"properties" : { "ANNO":"2010","ID_SEZIONE":"29941","ISTAT_COMUNE_SEZ":"4078","COMUNE_SEZ":"CUNEO","PROVINCIA":"CN","ID_CENTRALE":"1282","NOME_CENTRALE":"SAN ROCCO CASTAGNARETTA","ISTAT_COMUNE_CENTR":"4078","COMUNE_CENTR":"CUNEO","PROVINCIA_CENTR":"CN","INDIRIZZO_CENTRALE":"DEMONTE 9","LATITUDINE_SEZIONE":"44.36059","LONGITUDINE_SEZIONE":"7.51763","POS_X_SEZIONE":"381873.79078","POS_Y_SEZIONE":"4912992.14436","LATITUDINE_CENTRALE":"44.36766","LONGITUDINE_CENTRALE":"7.52407","POS_X_CENTRALE":"382401.30989","POS_Y_CENTRALE":"4913768.05382","TIPO_ADSL":"ADSL_2P","DESCRIZIONE_TIPO_ADSL":"ADSL 2+ (24 mega)","DISTANZA_CALCOLATA":"938.25","CLASSE_DISTANZA":"900-1299","POTENZA_SEGNALE":"17737.5","POPOLAZIONE_SEZIONE": "23"}
			},
		 		{ "type" : "Feature",
				"geometry" : {
					"type" : "Point",
					"coordinates" : [7.53720,44.37004]},
			"properties" : { "ANNO":"2010","ID_SEZIONE":"30845","ISTAT_COMUNE_SEZ":"4078","COMUNE_SEZ":"CUNEO","PROVINCIA":"CN","ID_CENTRALE":"1282","NOME_CENTRALE":"SAN ROCCO CASTAGNARETTA","ISTAT_COMUNE_CENTR":"4078","COMUNE_CENTR":"CUNEO","PROVINCIA_CENTR":"CN","INDIRIZZO_CENTRALE":"DEMONTE 9","LATITUDINE_SEZIONE":"44.37004","LONGITUDINE_SEZIONE":"7.53720","POS_X_SEZIONE":"383452.09171","POS_Y_SEZIONE":"4914013.64324","LATITUDINE_CENTRALE":"44.36766","LONGITUDINE_CENTRALE":"7.52407","POS_X_CENTRALE":"382401.30989","POS_Y_CENTRALE":"4913768.05382","TIPO_ADSL":"ADSL_2P","DESCRIZIONE_TIPO_ADSL":"ADSL 2+ (24 mega)","DISTANZA_CALCOLATA":"1079.1","CLASSE_DISTANZA":"900-1299","POTENZA_SEGNALE":"17737.5","POPOLAZIONE_SEZIONE": "92"}
			},
		 		{ "type" : "Feature",
				"geometry" : {
					"type" : "Point",
					"coordinates" : [7.52286,44.36343]},
			"properties" : { "ANNO":"2010","ID_SEZIONE":"31139","ISTAT_COMUNE_SEZ":"4078","COMUNE_SEZ":"CUNEO","PROVINCIA":"CN","ID_CENTRALE":"1282","NOME_CENTRALE":"SAN ROCCO CASTAGNARETTA","ISTAT_COMUNE_CENTR":"4078","COMUNE_CENTR":"CUNEO","PROVINCIA_CENTR":"CN","INDIRIZZO_CENTRALE":"DEMONTE 9","LATITUDINE_SEZIONE":"44.36343","LONGITUDINE_SEZIONE":"7.52286","POS_X_SEZIONE":"382296.71558","POS_Y_SEZIONE":"4913300.64432","LATITUDINE_CENTRALE":"44.36766","LONGITUDINE_CENTRALE":"7.52407","POS_X_CENTRALE":"382401.30989","POS_Y_CENTRALE":"4913768.05382","TIPO_ADSL":"ADSL_2P","DESCRIZIONE_TIPO_ADSL":"ADSL 2+ (24 mega)","DISTANZA_CALCOLATA":"478.97","CLASSE_DISTANZA":"100-499","POTENZA_SEGNALE":"19761.67","POPOLAZIONE_SEZIONE": "45"}
			},
		 		{ "type" : "Feature",
				"geometry" : {
					"type" : "Point",
					"coordinates" : [7.53156,44.37307]},
			"properties" : { "ANNO":"2010","ID_SEZIONE":"31795","ISTAT_COMUNE_SEZ":"4078","COMUNE_SEZ":"CUNEO","PROVINCIA":"CN","ID_CENTRALE":"1282","NOME_CENTRALE":"SAN ROCCO CASTAGNARETTA","ISTAT_COMUNE_CENTR":"4078","COMUNE_CENTR":"CUNEO","PROVINCIA_CENTR":"CN","INDIRIZZO_CENTRALE":"DEMONTE 9","LATITUDINE_SEZIONE":"44.37307","LONGITUDINE_SEZIONE":"7.53156","POS_X_SEZIONE":"383008.61830","POS_Y_SEZIONE":"4914358.64624","LATITUDINE_CENTRALE":"44.36766","LONGITUDINE_CENTRALE":"7.52407","POS_X_CENTRALE":"382401.30989","POS_Y_CENTRALE":"4913768.05382","TIPO_ADSL":"ADSL_2P","DESCRIZIONE_TIPO_ADSL":"ADSL 2+ (24 mega)","DISTANZA_CALCOLATA":"847.13","CLASSE_DISTANZA":"500-899","POTENZA_SEGNALE":"19523.33","POPOLAZIONE_SEZIONE": "43"}
			},
		 		{ "type" : "Feature",
				"geometry" : {
					"type" : "Point",
					"coordinates" : [7.53926,44.37065]},
			"properties" : { "ANNO":"2010","ID_SEZIONE":"32024","ISTAT_COMUNE_SEZ":"4078","COMUNE_SEZ":"CUNEO","PROVINCIA":"CN","ID_CENTRALE":"1282","NOME_CENTRALE":"SAN ROCCO CASTAGNARETTA","ISTAT_COMUNE_CENTR":"4078","COMUNE_CENTR":"CUNEO","PROVINCIA_CENTR":"CN","INDIRIZZO_CENTRALE":"DEMONTE 9","LATITUDINE_SEZIONE":"44.37065","LONGITUDINE_SEZIONE":"7.53926","POS_X_SEZIONE":"383617.80614","POS_Y_SEZIONE":"4914079.14288","LATITUDINE_CENTRALE":"44.36766","LONGITUDINE_CENTRALE":"7.52407","POS_X_CENTRALE":"382401.30989","POS_Y_CENTRALE":"4913768.05382","TIPO_ADSL":"ADSL_2P","DESCRIZIONE_TIPO_ADSL":"ADSL 2+ (24 mega)","DISTANZA_CALCOLATA":"1255.64","CLASSE_DISTANZA":"900-1299","POTENZA_SEGNALE":"17737.5","POPOLAZIONE_SEZIONE": "106"}
			},
		 		{ "type" : "Feature",
				"geometry" : {
					"type" : "Point",
					"coordinates" : [7.54133,44.36970]},
			"properties" : { "ANNO":"2010","ID_SEZIONE":"32259","ISTAT_COMUNE_SEZ":"4078","COMUNE_SEZ":"CUNEO","PROVINCIA":"CN","ID_CENTRALE":"1282","NOME_CENTRALE":"SAN ROCCO CASTAGNARETTA","ISTAT_COMUNE_CENTR":"4078","COMUNE_CENTR":"CUNEO","PROVINCIA_CENTR":"CN","INDIRIZZO_CENTRALE":"DEMONTE 9","LATITUDINE_SEZIONE":"44.36970","LONGITUDINE_SEZIONE":"7.54133","POS_X_SEZIONE":"383780.99487","POS_Y_SEZIONE":"4913970.14167","LATITUDINE_CENTRALE":"44.36766","LONGITUDINE_CENTRALE":"7.52407","POS_X_CENTRALE":"382401.30989","POS_Y_CENTRALE":"4913768.05382","TIPO_ADSL":"ADSL_2P","DESCRIZIONE_TIPO_ADSL":"ADSL 2+ (24 mega)","DISTANZA_CALCOLATA":"1394.41","CLASSE_DISTANZA":"1300-1699","POTENZA_SEGNALE":"16071.67","POPOLAZIONE_SEZIONE": ""}
			},
		 		{ "type" : "Feature",
				"geometry" : {
					"type" : "Point",
					"coordinates" : [7.51550,44.37510]},
			"properties" : { "ANNO":"2010","ID_SEZIONE":"32631","ISTAT_COMUNE_SEZ":"4078","COMUNE_SEZ":"CUNEO","PROVINCIA":"CN","ID_CENTRALE":"1282","NOME_CENTRALE":"SAN ROCCO CASTAGNARETTA","ISTAT_COMUNE_CENTR":"4078","COMUNE_CENTR":"CUNEO","PROVINCIA_CENTR":"CN","INDIRIZZO_CENTRALE":"DEMONTE 9","LATITUDINE_SEZIONE":"44.37510","LONGITUDINE_SEZIONE":"7.51550","POS_X_SEZIONE":"381733.78233","POS_Y_SEZIONE":"4914607.65232","LATITUDINE_CENTRALE":"44.36766","LONGITUDINE_CENTRALE":"7.52407","POS_X_CENTRALE":"382401.30989","POS_Y_CENTRALE":"4913768.05382","TIPO_ADSL":"ADSL_2P","DESCRIZIONE_TIPO_ADSL":"ADSL 2+ (24 mega)","DISTANZA_CALCOLATA":"1072.62","CLASSE_DISTANZA":"900-1299","POTENZA_SEGNALE":"17737.5","POPOLAZIONE_SEZIONE": ""}
			},
		 		{ "type" : "Feature",
				"geometry" : {
					"type" : "Point",
					"coordinates" : [7.53144,44.36953]},
			"properties" : { "ANNO":"2010","ID_SEZIONE":"32642","ISTAT_COMUNE_SEZ":"4078","COMUNE_SEZ":"CUNEO","PROVINCIA":"CN","ID_CENTRALE":"1282","NOME_CENTRALE":"SAN ROCCO CASTAGNARETTA","ISTAT_COMUNE_CENTR":"4078","COMUNE_CENTR":"CUNEO","PROVINCIA_CENTR":"CN","INDIRIZZO_CENTRALE":"DEMONTE 9","LATITUDINE_SEZIONE":"44.36953","LONGITUDINE_SEZIONE":"7.53144","POS_X_SEZIONE":"382992.72275","POS_Y_SEZIONE":"4913965.64477","LATITUDINE_CENTRALE":"44.36766","LONGITUDINE_CENTRALE":"7.52407","POS_X_CENTRALE":"382401.30989","POS_Y_CENTRALE":"4913768.05382","TIPO_ADSL":"ADSL_2P","DESCRIZIONE_TIPO_ADSL":"ADSL 2+ (24 mega)","DISTANZA_CALCOLATA":"623.55","CLASSE_DISTANZA":"500-899","POTENZA_SEGNALE":"19523.33","POPOLAZIONE_SEZIONE": "2"}
			},
		 		{ "type" : "Feature",
				"geometry" : {
					"type" : "Point",
					"coordinates" : [7.51750,44.36659]},
			"properties" : { "ANNO":"2010","ID_SEZIONE":"32643","ISTAT_COMUNE_SEZ":"4078","COMUNE_SEZ":"CUNEO","PROVINCIA":"CN","ID_CENTRALE":"1282","NOME_CENTRALE":"SAN ROCCO CASTAGNARETTA","ISTAT_COMUNE_CENTR":"4078","COMUNE_CENTR":"CUNEO","PROVINCIA_CENTR":"CN","INDIRIZZO_CENTRALE":"DEMONTE 9","LATITUDINE_SEZIONE":"44.36659","LONGITUDINE_SEZIONE":"7.51750","POS_X_SEZIONE":"381875.92991","POS_Y_SEZIONE":"4913659.14724","LATITUDINE_CENTRALE":"44.36766","LONGITUDINE_CENTRALE":"7.52407","POS_X_CENTRALE":"382401.30989","POS_Y_CENTRALE":"4913768.05382","TIPO_ADSL":"ADSL_2P","DESCRIZIONE_TIPO_ADSL":"ADSL 2+ (24 mega)","DISTANZA_CALCOLATA":"536.55","CLASSE_DISTANZA":"500-899","POTENZA_SEGNALE":"19523.33","POPOLAZIONE_SEZIONE": ""}
			},
		 		{ "type" : "Feature",
				"geometry" : {
					"type" : "Point",
					"coordinates" : [7.52342,44.36459]},
			"properties" : { "ANNO":"2010","ID_SEZIONE":"32645","ISTAT_COMUNE_SEZ":"4078","COMUNE_SEZ":"CUNEO","PROVINCIA":"CN","ID_CENTRALE":"1282","NOME_CENTRALE":"SAN ROCCO CASTAGNARETTA","ISTAT_COMUNE_CENTR":"4078","COMUNE_CENTR":"CUNEO","PROVINCIA_CENTR":"CN","INDIRIZZO_CENTRALE":"DEMONTE 9","LATITUDINE_SEZIONE":"44.36459","LONGITUDINE_SEZIONE":"7.52342","POS_X_SEZIONE":"382343.39974","POS_Y_SEZIONE":"4913428.14461","LATITUDINE_CENTRALE":"44.36766","LONGITUDINE_CENTRALE":"7.52407","POS_X_CENTRALE":"382401.30989","POS_Y_CENTRALE":"4913768.05382","TIPO_ADSL":"ADSL_2P","DESCRIZIONE_TIPO_ADSL":"ADSL 2+ (24 mega)","DISTANZA_CALCOLATA":"344.81","CLASSE_DISTANZA":"100-499","POTENZA_SEGNALE":"19761.67","POPOLAZIONE_SEZIONE": "201"}
			},
		 		{ "type" : "Feature",
				"geometry" : {
					"type" : "Point",
					"coordinates" : [7.55802,44.36136]},
			"properties" : { "ANNO":"2010","ID_SEZIONE":"32647","ISTAT_COMUNE_SEZ":"4078","COMUNE_SEZ":"CUNEO","PROVINCIA":"CN","ID_CENTRALE":"1282","NOME_CENTRALE":"SAN ROCCO CASTAGNARETTA","ISTAT_COMUNE_CENTR":"4078","COMUNE_CENTR":"CUNEO","PROVINCIA_CENTR":"CN","INDIRIZZO_CENTRALE":"DEMONTE 9","LATITUDINE_SEZIONE":"44.36136","LONGITUDINE_SEZIONE":"7.55802","POS_X_SEZIONE":"385094.53753","POS_Y_SEZIONE":"4913021.13380","LATITUDINE_CENTRALE":"44.36766","LONGITUDINE_CENTRALE":"7.52407","POS_X_CENTRALE":"382401.30989","POS_Y_CENTRALE":"4913768.05382","TIPO_ADSL":"ADSL_2P","DESCRIZIONE_TIPO_ADSL":"ADSL 2+ (24 mega)","DISTANZA_CALCOLATA":"2794.88","CLASSE_DISTANZA":"2500-2899","POTENZA_SEGNALE":"7380.83","POPOLAZIONE_SEZIONE": "23"}
			}
		 		]
	}
		