 	{ "type" : "FeatureCollection",
		"features" : [
		 		{ "type" : "Feature",
				"geometry" : {
					"type" : "Point",
					"coordinates" : [8.36079,45.76811]},
			"properties" : { "ANNO":"2010","ID_SEZIONE":"916","ISTAT_COMUNE_SEZ":"3120","COMUNE_SEZ":"POGNO","PROVINCIA":"NO","ID_CENTRALE":"1009","NOME_CENTRALE":"POGNO 2","ISTAT_COMUNE_CENTR":"3120","COMUNE_CENTR":"POGNO","PROVINCIA_CENTR":"NO","INDIRIZZO_CENTRALE":"LOC. POGNO","LATITUDINE_SEZIONE":"45.76811","LONGITUDINE_SEZIONE":"8.36079","POS_X_SEZIONE":"450298.17484","POS_Y_SEZIONE":"5068481.80594","LATITUDINE_CENTRALE":"45.75669","LONGITUDINE_CENTRALE":"8.38338","POS_X_CENTRALE":"452044.77965","POS_Y_CENTRALE":"5067198.99903","TIPO_ADSL":"ADSL_1","DESCRIZIONE_TIPO_ADSL":"ADSL (8 mega)","DISTANZA_CALCOLATA":"2167.08","CLASSE_DISTANZA":"2100-2499","POTENZA_SEGNALE":"6500.38","POPOLAZIONE_SEZIONE": ""}
			},
		 		{ "type" : "Feature",
				"geometry" : {
					"type" : "Point",
					"coordinates" : [8.37697,45.76724]},
			"properties" : { "ANNO":"2010","ID_SEZIONE":"2140","ISTAT_COMUNE_SEZ":"3120","COMUNE_SEZ":"POGNO","PROVINCIA":"NO","ID_CENTRALE":"1009","NOME_CENTRALE":"POGNO 2","ISTAT_COMUNE_CENTR":"3120","COMUNE_CENTR":"POGNO","PROVINCIA_CENTR":"NO","INDIRIZZO_CENTRALE":"LOC. POGNO","LATITUDINE_SEZIONE":"45.76724","LONGITUDINE_SEZIONE":"8.37697","POS_X_SEZIONE":"451555.18655","POS_Y_SEZIONE":"5068375.80402","LATITUDINE_CENTRALE":"45.75669","LONGITUDINE_CENTRALE":"8.38338","POS_X_CENTRALE":"452044.77965","POS_Y_CENTRALE":"5067198.99903","TIPO_ADSL":"ADSL_1","DESCRIZIONE_TIPO_ADSL":"ADSL (8 mega)","DISTANZA_CALCOLATA":"1274.59","CLASSE_DISTANZA":"900-1299","POTENZA_SEGNALE":"7000","POPOLAZIONE_SEZIONE": ""}
			},
		 		{ "type" : "Feature",
				"geometry" : {
					"type" : "Point",
					"coordinates" : [8.39278,45.76177]},
			"properties" : { "ANNO":"2010","ID_SEZIONE":"2141","ISTAT_COMUNE_SEZ":"3120","COMUNE_SEZ":"POGNO","PROVINCIA":"NO","ID_CENTRALE":"1009","NOME_CENTRALE":"POGNO 2","ISTAT_COMUNE_CENTR":"3120","COMUNE_CENTR":"POGNO","PROVINCIA_CENTR":"NO","INDIRIZZO_CENTRALE":"LOC. POGNO","LATITUDINE_SEZIONE":"45.76177","LONGITUDINE_SEZIONE":"8.39278","POS_X_SEZIONE":"452779.88339","POS_Y_SEZIONE":"5067758.80664","LATITUDINE_CENTRALE":"45.75669","LONGITUDINE_CENTRALE":"8.38338","POS_X_CENTRALE":"452044.77965","POS_Y_CENTRALE":"5067198.99903","TIPO_ADSL":"ADSL_1","DESCRIZIONE_TIPO_ADSL":"ADSL (8 mega)","DISTANZA_CALCOLATA":"923.99","CLASSE_DISTANZA":"900-1299","POTENZA_SEGNALE":"7000","POPOLAZIONE_SEZIONE": "124"}
			},
		 		{ "type" : "Feature",
				"geometry" : {
					"type" : "Point",
					"coordinates" : [8.37330,45.75599]},
			"properties" : { "ANNO":"2010","ID_SEZIONE":"3744","ISTAT_COMUNE_SEZ":"3120","COMUNE_SEZ":"POGNO","PROVINCIA":"NO","ID_CENTRALE":"1009","NOME_CENTRALE":"POGNO 2","ISTAT_COMUNE_CENTR":"3120","COMUNE_CENTR":"POGNO","PROVINCIA_CENTR":"NO","INDIRIZZO_CENTRALE":"LOC. POGNO","LATITUDINE_SEZIONE":"45.75599","LONGITUDINE_SEZIONE":"8.37330","POS_X_SEZIONE":"451260.28377","POS_Y_SEZIONE":"5067127.31455","LATITUDINE_CENTRALE":"45.75669","LONGITUDINE_CENTRALE":"8.38338","POS_X_CENTRALE":"452044.77965","POS_Y_CENTRALE":"5067198.99903","TIPO_ADSL":"ADSL_1","DESCRIZIONE_TIPO_ADSL":"ADSL (8 mega)","DISTANZA_CALCOLATA":"787.76","CLASSE_DISTANZA":"500-899","POTENZA_SEGNALE":"7000","POPOLAZIONE_SEZIONE": ""}
			},
		 		{ "type" : "Feature",
				"geometry" : {
					"type" : "Point",
					"coordinates" : [8.37423,45.76482]},
			"properties" : { "ANNO":"2010","ID_SEZIONE":"3924","ISTAT_COMUNE_SEZ":"3120","COMUNE_SEZ":"POGNO","PROVINCIA":"NO","ID_CENTRALE":"1009","NOME_CENTRALE":"POGNO 2","ISTAT_COMUNE_CENTR":"3120","COMUNE_CENTR":"POGNO","PROVINCIA_CENTR":"NO","INDIRIZZO_CENTRALE":"LOC. POGNO","LATITUDINE_SEZIONE":"45.76482","LONGITUDINE_SEZIONE":"8.37423","POS_X_SEZIONE":"451340.47116","POS_Y_SEZIONE":"5068108.80626","LATITUDINE_CENTRALE":"45.75669","LONGITUDINE_CENTRALE":"8.38338","POS_X_CENTRALE":"452044.77965","POS_Y_CENTRALE":"5067198.99903","TIPO_ADSL":"ADSL_1","DESCRIZIONE_TIPO_ADSL":"ADSL (8 mega)","DISTANZA_CALCOLATA":"1150.56","CLASSE_DISTANZA":"900-1299","POTENZA_SEGNALE":"7000","POPOLAZIONE_SEZIONE": "112"}
			},
		 		{ "type" : "Feature",
				"geometry" : {
					"type" : "Point",
					"coordinates" : [8.38157,45.75773]},
			"properties" : { "ANNO":"2010","ID_SEZIONE":"9074","ISTAT_COMUNE_SEZ":"3120","COMUNE_SEZ":"POGNO","PROVINCIA":"NO","ID_CENTRALE":"1009","NOME_CENTRALE":"POGNO 2","ISTAT_COMUNE_CENTR":"3120","COMUNE_CENTR":"POGNO","PROVINCIA_CENTR":"NO","INDIRIZZO_CENTRALE":"LOC. POGNO","LATITUDINE_SEZIONE":"45.75773","LONGITUDINE_SEZIONE":"8.38157","POS_X_SEZIONE":"451904.89791","POS_Y_SEZIONE":"5067316.31218","LATITUDINE_CENTRALE":"45.75669","LONGITUDINE_CENTRALE":"8.38338","POS_X_CENTRALE":"452044.77965","POS_Y_CENTRALE":"5067198.99903","TIPO_ADSL":"ADSL_1","DESCRIZIONE_TIPO_ADSL":"ADSL (8 mega)","DISTANZA_CALCOLATA":"182.56","CLASSE_DISTANZA":"100-499","POTENZA_SEGNALE":"7000","POPOLAZIONE_SEZIONE": "618"}
			},
		 		{ "type" : "Feature",
				"geometry" : {
					"type" : "Point",
					"coordinates" : [8.39817,45.76458]},
			"properties" : { "ANNO":"2010","ID_SEZIONE":"10729","ISTAT_COMUNE_SEZ":"3120","COMUNE_SEZ":"POGNO","PROVINCIA":"NO","ID_CENTRALE":"1009","NOME_CENTRALE":"POGNO 2","ISTAT_COMUNE_CENTR":"3120","COMUNE_CENTR":"POGNO","PROVINCIA_CENTR":"NO","INDIRIZZO_CENTRALE":"LOC. POGNO","LATITUDINE_SEZIONE":"45.76458","LONGITUDINE_SEZIONE":"8.39817","POS_X_SEZIONE":"453201.44012","POS_Y_SEZIONE":"5068067.80274","LATITUDINE_CENTRALE":"45.75669","LONGITUDINE_CENTRALE":"8.38338","POS_X_CENTRALE":"452044.77965","POS_Y_CENTRALE":"5067198.99903","TIPO_ADSL":"ADSL_1","DESCRIZIONE_TIPO_ADSL":"ADSL (8 mega)","DISTANZA_CALCOLATA":"1446.61","CLASSE_DISTANZA":"1300-1699","POTENZA_SEGNALE":"7000","POPOLAZIONE_SEZIONE": ""}
			},
		 		{ "type" : "Feature",
				"geometry" : {
					"type" : "Point",
					"coordinates" : [8.39002,45.75970]},
			"properties" : { "ANNO":"2010","ID_SEZIONE":"10730","ISTAT_COMUNE_SEZ":"3120","COMUNE_SEZ":"POGNO","PROVINCIA":"NO","ID_CENTRALE":"1009","NOME_CENTRALE":"POGNO 2","ISTAT_COMUNE_CENTR":"3120","COMUNE_CENTR":"POGNO","PROVINCIA_CENTR":"NO","INDIRIZZO_CENTRALE":"LOC. POGNO","LATITUDINE_SEZIONE":"45.75970","LONGITUDINE_SEZIONE":"8.39002","POS_X_SEZIONE":"452564.04364","POS_Y_SEZIONE":"5067529.80901","LATITUDINE_CENTRALE":"45.75669","LONGITUDINE_CENTRALE":"8.38338","POS_X_CENTRALE":"452044.77965","POS_Y_CENTRALE":"5067198.99903","TIPO_ADSL":"ADSL_1","DESCRIZIONE_TIPO_ADSL":"ADSL (8 mega)","DISTANZA_CALCOLATA":"615.69","CLASSE_DISTANZA":"500-899","POTENZA_SEGNALE":"7000","POPOLAZIONE_SEZIONE": "275"}
			},
		 		{ "type" : "Feature",
				"geometry" : {
					"type" : "Point",
					"coordinates" : [8.38876,45.74683]},
			"properties" : { "ANNO":"2010","ID_SEZIONE":"12538","ISTAT_COMUNE_SEZ":"3120","COMUNE_SEZ":"POGNO","PROVINCIA":"NO","ID_CENTRALE":"1009","NOME_CENTRALE":"POGNO 2","ISTAT_COMUNE_CENTR":"3120","COMUNE_CENTR":"POGNO","PROVINCIA_CENTR":"NO","INDIRIZZO_CENTRALE":"LOC. POGNO","LATITUDINE_SEZIONE":"45.74683","LONGITUDINE_SEZIONE":"8.38876","POS_X_SEZIONE":"452454.91801","POS_Y_SEZIONE":"5066100.32498","LATITUDINE_CENTRALE":"45.75669","LONGITUDINE_CENTRALE":"8.38338","POS_X_CENTRALE":"452044.77965","POS_Y_CENTRALE":"5067198.99903","TIPO_ADSL":"ADSL_1","DESCRIZIONE_TIPO_ADSL":"ADSL (8 mega)","DISTANZA_CALCOLATA":"1172.73","CLASSE_DISTANZA":"900-1299","POTENZA_SEGNALE":"7000","POPOLAZIONE_SEZIONE": ""}
			},
		 		{ "type" : "Feature",
				"geometry" : {
					"type" : "Point",
					"coordinates" : [8.35938,45.75909]},
			"properties" : { "ANNO":"2010","ID_SEZIONE":"18531","ISTAT_COMUNE_SEZ":"3120","COMUNE_SEZ":"POGNO","PROVINCIA":"NO","ID_CENTRALE":"1009","NOME_CENTRALE":"POGNO 2","ISTAT_COMUNE_CENTR":"3120","COMUNE_CENTR":"POGNO","PROVINCIA_CENTR":"NO","INDIRIZZO_CENTRALE":"LOC. POGNO","LATITUDINE_SEZIONE":"45.75909","LONGITUDINE_SEZIONE":"8.35938","POS_X_SEZIONE":"450180.64678","POS_Y_SEZIONE":"5067481.31340","LATITUDINE_CENTRALE":"45.75669","LONGITUDINE_CENTRALE":"8.38338","POS_X_CENTRALE":"452044.77965","POS_Y_CENTRALE":"5067198.99903","TIPO_ADSL":"ADSL_1","DESCRIZIONE_TIPO_ADSL":"ADSL (8 mega)","DISTANZA_CALCOLATA":"1885.39","CLASSE_DISTANZA":"1700-2099","POTENZA_SEGNALE":"6874.88","POPOLAZIONE_SEZIONE": ""}
			},
		 		{ "type" : "Feature",
				"geometry" : {
					"type" : "Point",
					"coordinates" : [8.38578,45.75696]},
			"properties" : { "ANNO":"2010","ID_SEZIONE":"20366","ISTAT_COMUNE_SEZ":"3120","COMUNE_SEZ":"POGNO","PROVINCIA":"NO","ID_CENTRALE":"1009","NOME_CENTRALE":"POGNO 2","ISTAT_COMUNE_CENTR":"3120","COMUNE_CENTR":"POGNO","PROVINCIA_CENTR":"NO","INDIRIZZO_CENTRALE":"LOC. POGNO","LATITUDINE_SEZIONE":"45.75696","LONGITUDINE_SEZIONE":"8.38578","POS_X_SEZIONE":"452231.98604","POS_Y_SEZIONE":"5067228.31218","LATITUDINE_CENTRALE":"45.75669","LONGITUDINE_CENTRALE":"8.38338","POS_X_CENTRALE":"452044.77965","POS_Y_CENTRALE":"5067198.99903","TIPO_ADSL":"ADSL_1","DESCRIZIONE_TIPO_ADSL":"ADSL (8 mega)","DISTANZA_CALCOLATA":"189.49","CLASSE_DISTANZA":"100-499","POTENZA_SEGNALE":"7000","POPOLAZIONE_SEZIONE": "359"}
			},
		 		{ "type" : "Feature",
				"geometry" : {
					"type" : "Point",
					"coordinates" : [8.37875,45.74306]},
			"properties" : { "ANNO":"2010","ID_SEZIONE":"25153","ISTAT_COMUNE_SEZ":"3120","COMUNE_SEZ":"POGNO","PROVINCIA":"NO","ID_CENTRALE":"1009","NOME_CENTRALE":"POGNO 2","ISTAT_COMUNE_CENTR":"3120","COMUNE_CENTR":"POGNO","PROVINCIA_CENTR":"NO","INDIRIZZO_CENTRALE":"LOC. POGNO","LATITUDINE_SEZIONE":"45.74306","LONGITUDINE_SEZIONE":"8.37875","POS_X_SEZIONE":"451672.77401","POS_Y_SEZIONE":"5065688.33240","LATITUDINE_CENTRALE":"45.75669","LONGITUDINE_CENTRALE":"8.38338","POS_X_CENTRALE":"452044.77965","POS_Y_CENTRALE":"5067198.99903","TIPO_ADSL":"ADSL_1","DESCRIZIONE_TIPO_ADSL":"ADSL (8 mega)","DISTANZA_CALCOLATA":"1555.8","CLASSE_DISTANZA":"1300-1699","POTENZA_SEGNALE":"7000","POPOLAZIONE_SEZIONE": ""}
			}
		 		]
	}
		