 	{ "type" : "FeatureCollection",
		"features" : [
		 		{ "type" : "Feature",
				"geometry" : {
					"type" : "Point",
					"coordinates" : [8.07364,45.45812]},
			"properties" : { "ANNO":"2010","ID_SEZIONE":"1065","ISTAT_COMUNE_SEZ":"96018","COMUNE_SEZ":"CERRIONE","PROVINCIA":"BI","ID_CENTRALE":"1593","NOME_CENTRALE":"VERGNASCO","ISTAT_COMUNE_CENTR":"96018","COMUNE_CENTR":"CERRIONE","PROVINCIA_CENTR":"BI","INDIRIZZO_CENTRALE":"PAPA GIOVANNI XXIII 24","LATITUDINE_SEZIONE":"45.45812","LONGITUDINE_SEZIONE":"8.07364","POS_X_SEZIONE":"427572.59146","POS_Y_SEZIONE":"5034260.81186","LATITUDINE_CENTRALE":"45.49222","LONGITUDINE_CENTRALE":"8.08787","POS_X_CENTRALE":"428728.69465","POS_Y_CENTRALE":"5038036.43498","TIPO_ADSL":"ADSL_2P","DESCRIZIONE_TIPO_ADSL":"ADSL 2+ (24 mega)","DISTANZA_CALCOLATA":"3948.66","CLASSE_DISTANZA":"3700-4099","POTENZA_SEGNALE":"2857.5","POPOLAZIONE_SEZIONE": "11"}
			},
		 		{ "type" : "Feature",
				"geometry" : {
					"type" : "Point",
					"coordinates" : [8.06396,45.48245]},
			"properties" : { "ANNO":"2010","ID_SEZIONE":"3418","ISTAT_COMUNE_SEZ":"96018","COMUNE_SEZ":"CERRIONE","PROVINCIA":"BI","ID_CENTRALE":"1593","NOME_CENTRALE":"VERGNASCO","ISTAT_COMUNE_CENTR":"96018","COMUNE_CENTR":"CERRIONE","PROVINCIA_CENTR":"BI","INDIRIZZO_CENTRALE":"PAPA GIOVANNI XXIII 24","LATITUDINE_SEZIONE":"45.48245","LONGITUDINE_SEZIONE":"8.06396","POS_X_SEZIONE":"426847.57130","POS_Y_SEZIONE":"5036973.32181","LATITUDINE_CENTRALE":"45.49222","LONGITUDINE_CENTRALE":"8.08787","POS_X_CENTRALE":"428728.69465","POS_Y_CENTRALE":"5038036.43498","TIPO_ADSL":"ADSL_2P","DESCRIZIONE_TIPO_ADSL":"ADSL 2+ (24 mega)","DISTANZA_CALCOLATA":"2160.75","CLASSE_DISTANZA":"2100-2499","POTENZA_SEGNALE":"10000","POPOLAZIONE_SEZIONE": "27"}
			},
		 		{ "type" : "Feature",
				"geometry" : {
					"type" : "Point",
					"coordinates" : [8.05200,45.47743]},
			"properties" : { "ANNO":"2010","ID_SEZIONE":"3420","ISTAT_COMUNE_SEZ":"96018","COMUNE_SEZ":"CERRIONE","PROVINCIA":"BI","ID_CENTRALE":"1593","NOME_CENTRALE":"VERGNASCO","ISTAT_COMUNE_CENTR":"96018","COMUNE_CENTR":"CERRIONE","PROVINCIA_CENTR":"BI","INDIRIZZO_CENTRALE":"PAPA GIOVANNI XXIII 24","LATITUDINE_SEZIONE":"45.47743","LONGITUDINE_SEZIONE":"8.05200","POS_X_SEZIONE":"425906.04682","POS_Y_SEZIONE":"5036426.30153","LATITUDINE_CENTRALE":"45.49222","LONGITUDINE_CENTRALE":"8.08787","POS_X_CENTRALE":"428728.69465","POS_Y_CENTRALE":"5038036.43498","TIPO_ADSL":"ADSL_2P","DESCRIZIONE_TIPO_ADSL":"ADSL 2+ (24 mega)","DISTANZA_CALCOLATA":"3249.6","CLASSE_DISTANZA":"2900-3299","POTENZA_SEGNALE":"5238.33","POPOLAZIONE_SEZIONE": ""}
			},
		 		{ "type" : "Feature",
				"geometry" : {
					"type" : "Point",
					"coordinates" : [8.05865,45.49025]},
			"properties" : { "ANNO":"2010","ID_SEZIONE":"3635","ISTAT_COMUNE_SEZ":"96018","COMUNE_SEZ":"CERRIONE","PROVINCIA":"BI","ID_CENTRALE":"1593","NOME_CENTRALE":"VERGNASCO","ISTAT_COMUNE_CENTR":"96018","COMUNE_CENTR":"CERRIONE","PROVINCIA_CENTR":"BI","INDIRIZZO_CENTRALE":"PAPA GIOVANNI XXIII 24","LATITUDINE_SEZIONE":"45.49025","LONGITUDINE_SEZIONE":"8.05865","POS_X_SEZIONE":"426442.75440","POS_Y_SEZIONE":"5037844.32188","LATITUDINE_CENTRALE":"45.49222","LONGITUDINE_CENTRALE":"8.08787","POS_X_CENTRALE":"428728.69465","POS_Y_CENTRALE":"5038036.43498","TIPO_ADSL":"ADSL_2P","DESCRIZIONE_TIPO_ADSL":"ADSL 2+ (24 mega)","DISTANZA_CALCOLATA":"2294","CLASSE_DISTANZA":"2100-2499","POTENZA_SEGNALE":"10000","POPOLAZIONE_SEZIONE": "22"}
			},
		 		{ "type" : "Feature",
				"geometry" : {
					"type" : "Point",
					"coordinates" : [8.08229,45.48730]},
			"properties" : { "ANNO":"2010","ID_SEZIONE":"6638","ISTAT_COMUNE_SEZ":"96018","COMUNE_SEZ":"CERRIONE","PROVINCIA":"BI","ID_CENTRALE":"1593","NOME_CENTRALE":"VERGNASCO","ISTAT_COMUNE_CENTR":"96018","COMUNE_CENTR":"CERRIONE","PROVINCIA_CENTR":"BI","INDIRIZZO_CENTRALE":"PAPA GIOVANNI XXIII 24","LATITUDINE_SEZIONE":"45.48730","LONGITUDINE_SEZIONE":"8.08229","POS_X_SEZIONE":"428285.90167","POS_Y_SEZIONE":"5037494.85167","LATITUDINE_CENTRALE":"45.49222","LONGITUDINE_CENTRALE":"8.08787","POS_X_CENTRALE":"428728.69465","POS_Y_CENTRALE":"5038036.43498","TIPO_ADSL":"ADSL_2P","DESCRIZIONE_TIPO_ADSL":"ADSL 2+ (24 mega)","DISTANZA_CALCOLATA":"699.56","CLASSE_DISTANZA":"500-899","POTENZA_SEGNALE":"19523.33","POPOLAZIONE_SEZIONE": "659"}
			},
		 		{ "type" : "Feature",
				"geometry" : {
					"type" : "Point",
					"coordinates" : [8.07682,45.49421]},
			"properties" : { "ANNO":"2010","ID_SEZIONE":"7970","ISTAT_COMUNE_SEZ":"96018","COMUNE_SEZ":"CERRIONE","PROVINCIA":"BI","ID_CENTRALE":"1593","NOME_CENTRALE":"VERGNASCO","ISTAT_COMUNE_CENTR":"96018","COMUNE_CENTR":"CERRIONE","PROVINCIA_CENTR":"BI","INDIRIZZO_CENTRALE":"PAPA GIOVANNI XXIII 24","LATITUDINE_SEZIONE":"45.49421","LONGITUDINE_SEZIONE":"8.07682","POS_X_SEZIONE":"427867.86084","POS_Y_SEZIONE":"5038267.34857","LATITUDINE_CENTRALE":"45.49222","LONGITUDINE_CENTRALE":"8.08787","POS_X_CENTRALE":"428728.69465","POS_Y_CENTRALE":"5038036.43498","TIPO_ADSL":"ADSL_2P","DESCRIZIONE_TIPO_ADSL":"ADSL 2+ (24 mega)","DISTANZA_CALCOLATA":"891.27","CLASSE_DISTANZA":"500-899","POTENZA_SEGNALE":"19523.33","POPOLAZIONE_SEZIONE": "19"}
			},
		 		{ "type" : "Feature",
				"geometry" : {
					"type" : "Point",
					"coordinates" : [8.07465,45.48276]},
			"properties" : { "ANNO":"2010","ID_SEZIONE":"8359","ISTAT_COMUNE_SEZ":"96018","COMUNE_SEZ":"CERRIONE","PROVINCIA":"BI","ID_CENTRALE":"1593","NOME_CENTRALE":"VERGNASCO","ISTAT_COMUNE_CENTR":"96018","COMUNE_CENTR":"CERRIONE","PROVINCIA_CENTR":"BI","INDIRIZZO_CENTRALE":"PAPA GIOVANNI XXIII 24","LATITUDINE_SEZIONE":"45.48276","LONGITUDINE_SEZIONE":"8.07465","POS_X_SEZIONE":"427682.99351","POS_Y_SEZIONE":"5036997.83535","LATITUDINE_CENTRALE":"45.49222","LONGITUDINE_CENTRALE":"8.08787","POS_X_CENTRALE":"428728.69465","POS_Y_CENTRALE":"5038036.43498","TIPO_ADSL":"ADSL_2P","DESCRIZIONE_TIPO_ADSL":"ADSL 2+ (24 mega)","DISTANZA_CALCOLATA":"1473.83","CLASSE_DISTANZA":"1300-1699","POTENZA_SEGNALE":"16071.67","POPOLAZIONE_SEZIONE": "27"}
			},
		 		{ "type" : "Feature",
				"geometry" : {
					"type" : "Point",
					"coordinates" : [8.08637,45.49189]},
			"properties" : { "ANNO":"2010","ID_SEZIONE":"8727","ISTAT_COMUNE_SEZ":"96018","COMUNE_SEZ":"CERRIONE","PROVINCIA":"BI","ID_CENTRALE":"1593","NOME_CENTRALE":"VERGNASCO","ISTAT_COMUNE_CENTR":"96018","COMUNE_CENTR":"CERRIONE","PROVINCIA_CENTR":"BI","INDIRIZZO_CENTRALE":"PAPA GIOVANNI XXIII 24","LATITUDINE_SEZIONE":"45.49189","LONGITUDINE_SEZIONE":"8.08637","POS_X_SEZIONE":"428611.09591","POS_Y_SEZIONE":"5038001.86274","LATITUDINE_CENTRALE":"45.49222","LONGITUDINE_CENTRALE":"8.08787","POS_X_CENTRALE":"428728.69465","POS_Y_CENTRALE":"5038036.43498","TIPO_ADSL":"ADSL_2P","DESCRIZIONE_TIPO_ADSL":"ADSL 2+ (24 mega)","DISTANZA_CALCOLATA":"122.58","CLASSE_DISTANZA":"100-499","POTENZA_SEGNALE":"19761.67","POPOLAZIONE_SEZIONE": "891"}
			},
		 		{ "type" : "Feature",
				"geometry" : {
					"type" : "Point",
					"coordinates" : [8.03891,45.46261]},
			"properties" : { "ANNO":"2010","ID_SEZIONE":"9622","ISTAT_COMUNE_SEZ":"96018","COMUNE_SEZ":"CERRIONE","PROVINCIA":"BI","ID_CENTRALE":"1593","NOME_CENTRALE":"VERGNASCO","ISTAT_COMUNE_CENTR":"96018","COMUNE_CENTR":"CERRIONE","PROVINCIA_CENTR":"BI","INDIRIZZO_CENTRALE":"PAPA GIOVANNI XXIII 24","LATITUDINE_SEZIONE":"45.46261","LONGITUDINE_SEZIONE":"8.03891","POS_X_SEZIONE":"424863.12483","POS_Y_SEZIONE":"5034792.27144","LATITUDINE_CENTRALE":"45.49222","LONGITUDINE_CENTRALE":"8.08787","POS_X_CENTRALE":"428728.69465","POS_Y_CENTRALE":"5038036.43498","TIPO_ADSL":"ADSL_2P","DESCRIZIONE_TIPO_ADSL":"ADSL 2+ (24 mega)","DISTANZA_CALCOLATA":"5046.51","CLASSE_DISTANZA":"4900-5299","POTENZA_SEGNALE":"952.50","POPOLAZIONE_SEZIONE": "12"}
			},
		 		{ "type" : "Feature",
				"geometry" : {
					"type" : "Point",
					"coordinates" : [8.09638,45.48185]},
			"properties" : { "ANNO":"2010","ID_SEZIONE":"11031","ISTAT_COMUNE_SEZ":"96018","COMUNE_SEZ":"CERRIONE","PROVINCIA":"BI","ID_CENTRALE":"1593","NOME_CENTRALE":"VERGNASCO","ISTAT_COMUNE_CENTR":"96018","COMUNE_CENTR":"CERRIONE","PROVINCIA_CENTR":"BI","INDIRIZZO_CENTRALE":"PAPA GIOVANNI XXIII 24","LATITUDINE_SEZIONE":"45.48185","LONGITUDINE_SEZIONE":"8.09638","POS_X_SEZIONE":"429380.43684","POS_Y_SEZIONE":"5036876.87125","LATITUDINE_CENTRALE":"45.49222","LONGITUDINE_CENTRALE":"8.08787","POS_X_CENTRALE":"428728.69465","POS_Y_CENTRALE":"5038036.43498","TIPO_ADSL":"ADSL_2P","DESCRIZIONE_TIPO_ADSL":"ADSL 2+ (24 mega)","DISTANZA_CALCOLATA":"1330.17","CLASSE_DISTANZA":"1300-1699","POTENZA_SEGNALE":"16071.67","POPOLAZIONE_SEZIONE": "11"}
			},
		 		{ "type" : "Feature",
				"geometry" : {
					"type" : "Point",
					"coordinates" : [8.07393,45.46088]},
			"properties" : { "ANNO":"2010","ID_SEZIONE":"12080","ISTAT_COMUNE_SEZ":"96018","COMUNE_SEZ":"CERRIONE","PROVINCIA":"BI","ID_CENTRALE":"1593","NOME_CENTRALE":"VERGNASCO","ISTAT_COMUNE_CENTR":"96018","COMUNE_CENTR":"CERRIONE","PROVINCIA_CENTR":"BI","INDIRIZZO_CENTRALE":"PAPA GIOVANNI XXIII 24","LATITUDINE_SEZIONE":"45.46088","LONGITUDINE_SEZIONE":"8.07393","POS_X_SEZIONE":"427598.69168","POS_Y_SEZIONE":"5034567.81474","LATITUDINE_CENTRALE":"45.49222","LONGITUDINE_CENTRALE":"8.08787","POS_X_CENTRALE":"428728.69465","POS_Y_CENTRALE":"5038036.43498","TIPO_ADSL":"ADSL_2P","DESCRIZIONE_TIPO_ADSL":"ADSL 2+ (24 mega)","DISTANZA_CALCOLATA":"3648.05","CLASSE_DISTANZA":"3300-3699","POTENZA_SEGNALE":"4047.5","POPOLAZIONE_SEZIONE": "18"}
			},
		 		{ "type" : "Feature",
				"geometry" : {
					"type" : "Point",
					"coordinates" : [8.07172,45.45149]},
			"properties" : { "ANNO":"2010","ID_SEZIONE":"14090","ISTAT_COMUNE_SEZ":"96018","COMUNE_SEZ":"CERRIONE","PROVINCIA":"BI","ID_CENTRALE":"1593","NOME_CENTRALE":"VERGNASCO","ISTAT_COMUNE_CENTR":"96018","COMUNE_CENTR":"CERRIONE","PROVINCIA_CENTR":"BI","INDIRIZZO_CENTRALE":"PAPA GIOVANNI XXIII 24","LATITUDINE_SEZIONE":"45.45149","LONGITUDINE_SEZIONE":"8.07172","POS_X_SEZIONE":"427414.10954","POS_Y_SEZIONE":"5033526.30332","LATITUDINE_CENTRALE":"45.49222","LONGITUDINE_CENTRALE":"8.08787","POS_X_CENTRALE":"428728.69465","POS_Y_CENTRALE":"5038036.43498","TIPO_ADSL":"ADSL_2P","DESCRIZIONE_TIPO_ADSL":"ADSL 2+ (24 mega)","DISTANZA_CALCOLATA":"4697.81","CLASSE_DISTANZA":"4500-4899","POTENZA_SEGNALE":"1428.33","POPOLAZIONE_SEZIONE": ""}
			},
		 		{ "type" : "Feature",
				"geometry" : {
					"type" : "Point",
					"coordinates" : [8.05238,45.48927]},
			"properties" : { "ANNO":"2010","ID_SEZIONE":"20311","ISTAT_COMUNE_SEZ":"96018","COMUNE_SEZ":"CERRIONE","PROVINCIA":"BI","ID_CENTRALE":"1593","NOME_CENTRALE":"VERGNASCO","ISTAT_COMUNE_CENTR":"96018","COMUNE_CENTR":"CERRIONE","PROVINCIA_CENTR":"BI","INDIRIZZO_CENTRALE":"PAPA GIOVANNI XXIII 24","LATITUDINE_SEZIONE":"45.48927","LONGITUDINE_SEZIONE":"8.05238","POS_X_SEZIONE":"425951.35575","POS_Y_SEZIONE":"5037741.31311","LATITUDINE_CENTRALE":"45.49222","LONGITUDINE_CENTRALE":"8.08787","POS_X_CENTRALE":"428728.69465","POS_Y_CENTRALE":"5038036.43498","TIPO_ADSL":"ADSL_2P","DESCRIZIONE_TIPO_ADSL":"ADSL 2+ (24 mega)","DISTANZA_CALCOLATA":"2792.97","CLASSE_DISTANZA":"2500-2899","POTENZA_SEGNALE":"7380.83","POPOLAZIONE_SEZIONE": "4"}
			},
		 		{ "type" : "Feature",
				"geometry" : {
					"type" : "Point",
					"coordinates" : [8.07233,45.48929]},
			"properties" : { "ANNO":"2010","ID_SEZIONE":"20682","ISTAT_COMUNE_SEZ":"96018","COMUNE_SEZ":"CERRIONE","PROVINCIA":"BI","ID_CENTRALE":"1593","NOME_CENTRALE":"VERGNASCO","ISTAT_COMUNE_CENTR":"96018","COMUNE_CENTR":"CERRIONE","PROVINCIA_CENTR":"BI","INDIRIZZO_CENTRALE":"PAPA GIOVANNI XXIII 24","LATITUDINE_SEZIONE":"45.48929","LONGITUDINE_SEZIONE":"8.07233","POS_X_SEZIONE":"427510.73111","POS_Y_SEZIONE":"5037724.83849","LATITUDINE_CENTRALE":"45.49222","LONGITUDINE_CENTRALE":"8.08787","POS_X_CENTRALE":"428728.69465","POS_Y_CENTRALE":"5038036.43498","TIPO_ADSL":"ADSL_2P","DESCRIZIONE_TIPO_ADSL":"ADSL 2+ (24 mega)","DISTANZA_CALCOLATA":"1257.19","CLASSE_DISTANZA":"900-1299","POTENZA_SEGNALE":"17737.5","POPOLAZIONE_SEZIONE": "59"}
			},
		 		{ "type" : "Feature",
				"geometry" : {
					"type" : "Point",
					"coordinates" : [8.05461,45.49457]},
			"properties" : { "ANNO":"2010","ID_SEZIONE":"21703","ISTAT_COMUNE_SEZ":"96018","COMUNE_SEZ":"CERRIONE","PROVINCIA":"BI","ID_CENTRALE":"1593","NOME_CENTRALE":"VERGNASCO","ISTAT_COMUNE_CENTR":"96018","COMUNE_CENTR":"CERRIONE","PROVINCIA_CENTR":"BI","INDIRIZZO_CENTRALE":"PAPA GIOVANNI XXIII 24","LATITUDINE_SEZIONE":"45.49457","LONGITUDINE_SEZIONE":"8.05461","POS_X_SEZIONE":"426132.83415","POS_Y_SEZIONE":"5038328.32060","LATITUDINE_CENTRALE":"45.49222","LONGITUDINE_CENTRALE":"8.08787","POS_X_CENTRALE":"428728.69465","POS_Y_CENTRALE":"5038036.43498","TIPO_ADSL":"ADSL_2P","DESCRIZIONE_TIPO_ADSL":"ADSL 2+ (24 mega)","DISTANZA_CALCOLATA":"2612.22","CLASSE_DISTANZA":"2500-2899","POTENZA_SEGNALE":"7380.83","POPOLAZIONE_SEZIONE": "16"}
			},
		 		{ "type" : "Feature",
				"geometry" : {
					"type" : "Point",
					"coordinates" : [8.05658,45.49542]},
			"properties" : { "ANNO":"2010","ID_SEZIONE":"21932","ISTAT_COMUNE_SEZ":"96018","COMUNE_SEZ":"CERRIONE","PROVINCIA":"BI","ID_CENTRALE":"1593","NOME_CENTRALE":"VERGNASCO","ISTAT_COMUNE_CENTR":"96018","COMUNE_CENTR":"CERRIONE","PROVINCIA_CENTR":"BI","INDIRIZZO_CENTRALE":"PAPA GIOVANNI XXIII 24","LATITUDINE_SEZIONE":"45.49542","LONGITUDINE_SEZIONE":"8.05658","POS_X_SEZIONE":"426287.80221","POS_Y_SEZIONE":"5038420.32393","LATITUDINE_CENTRALE":"45.49222","LONGITUDINE_CENTRALE":"8.08787","POS_X_CENTRALE":"428728.69465","POS_Y_CENTRALE":"5038036.43498","TIPO_ADSL":"ADSL_2P","DESCRIZIONE_TIPO_ADSL":"ADSL 2+ (24 mega)","DISTANZA_CALCOLATA":"2470.9","CLASSE_DISTANZA":"2100-2499","POTENZA_SEGNALE":"10000","POPOLAZIONE_SEZIONE": "30"}
			},
		 		{ "type" : "Feature",
				"geometry" : {
					"type" : "Point",
					"coordinates" : [8.04121,45.47601]},
			"properties" : { "ANNO":"2010","ID_SEZIONE":"23302","ISTAT_COMUNE_SEZ":"96018","COMUNE_SEZ":"CERRIONE","PROVINCIA":"BI","ID_CENTRALE":"1593","NOME_CENTRALE":"VERGNASCO","ISTAT_COMUNE_CENTR":"96018","COMUNE_CENTR":"CERRIONE","PROVINCIA_CENTR":"BI","INDIRIZZO_CENTRALE":"PAPA GIOVANNI XXIII 24","LATITUDINE_SEZIONE":"45.47601","LONGITUDINE_SEZIONE":"8.04121","POS_X_SEZIONE":"425061.15414","POS_Y_SEZIONE":"5036277.78671","LATITUDINE_CENTRALE":"45.49222","LONGITUDINE_CENTRALE":"8.08787","POS_X_CENTRALE":"428728.69465","POS_Y_CENTRALE":"5038036.43498","TIPO_ADSL":"ADSL_2P","DESCRIZIONE_TIPO_ADSL":"ADSL 2+ (24 mega)","DISTANZA_CALCOLATA":"4067.39","CLASSE_DISTANZA":"3700-4099","POTENZA_SEGNALE":"2857.5","POPOLAZIONE_SEZIONE": "6"}
			},
		 		{ "type" : "Feature",
				"geometry" : {
					"type" : "Point",
					"coordinates" : [8.09012,45.48309]},
			"properties" : { "ANNO":"2010","ID_SEZIONE":"25437","ISTAT_COMUNE_SEZ":"96018","COMUNE_SEZ":"CERRIONE","PROVINCIA":"BI","ID_CENTRALE":"1593","NOME_CENTRALE":"VERGNASCO","ISTAT_COMUNE_CENTR":"96018","COMUNE_CENTR":"CERRIONE","PROVINCIA_CENTR":"BI","INDIRIZZO_CENTRALE":"PAPA GIOVANNI XXIII 24","LATITUDINE_SEZIONE":"45.48309","LONGITUDINE_SEZIONE":"8.09012","POS_X_SEZIONE":"428892.75888","POS_Y_SEZIONE":"5037020.36181","LATITUDINE_CENTRALE":"45.49222","LONGITUDINE_CENTRALE":"8.08787","POS_X_CENTRALE":"428728.69465","POS_Y_CENTRALE":"5038036.43498","TIPO_ADSL":"ADSL_2P","DESCRIZIONE_TIPO_ADSL":"ADSL 2+ (24 mega)","DISTANZA_CALCOLATA":"1029.23","CLASSE_DISTANZA":"900-1299","POTENZA_SEGNALE":"17737.5","POPOLAZIONE_SEZIONE": "13"}
			},
		 		{ "type" : "Feature",
				"geometry" : {
					"type" : "Point",
					"coordinates" : [8.09102,45.47270]},
			"properties" : { "ANNO":"2010","ID_SEZIONE":"26104","ISTAT_COMUNE_SEZ":"96018","COMUNE_SEZ":"CERRIONE","PROVINCIA":"BI","ID_CENTRALE":"1593","NOME_CENTRALE":"VERGNASCO","ISTAT_COMUNE_CENTR":"96018","COMUNE_CENTR":"CERRIONE","PROVINCIA_CENTR":"BI","INDIRIZZO_CENTRALE":"PAPA GIOVANNI XXIII 24","LATITUDINE_SEZIONE":"45.47270","LONGITUDINE_SEZIONE":"8.09102","POS_X_SEZIONE":"428949.60829","POS_Y_SEZIONE":"5035865.35433","LATITUDINE_CENTRALE":"45.49222","LONGITUDINE_CENTRALE":"8.08787","POS_X_CENTRALE":"428728.69465","POS_Y_CENTRALE":"5038036.43498","TIPO_ADSL":"ADSL_2P","DESCRIZIONE_TIPO_ADSL":"ADSL 2+ (24 mega)","DISTANZA_CALCOLATA":"2182.29","CLASSE_DISTANZA":"2100-2499","POTENZA_SEGNALE":"10000","POPOLAZIONE_SEZIONE": "417"}
			},
		 		{ "type" : "Feature",
				"geometry" : {
					"type" : "Point",
					"coordinates" : [8.09416,45.46180]},
			"properties" : { "ANNO":"2010","ID_SEZIONE":"26443","ISTAT_COMUNE_SEZ":"96018","COMUNE_SEZ":"CERRIONE","PROVINCIA":"BI","ID_CENTRALE":"1593","NOME_CENTRALE":"VERGNASCO","ISTAT_COMUNE_CENTR":"96018","COMUNE_CENTR":"CERRIONE","PROVINCIA_CENTR":"BI","INDIRIZZO_CENTRALE":"PAPA GIOVANNI XXIII 24","LATITUDINE_SEZIONE":"45.46180","LONGITUDINE_SEZIONE":"8.09416","POS_X_SEZIONE":"429181.54890","POS_Y_SEZIONE":"5034651.85032","LATITUDINE_CENTRALE":"45.49222","LONGITUDINE_CENTRALE":"8.08787","POS_X_CENTRALE":"428728.69465","POS_Y_CENTRALE":"5038036.43498","TIPO_ADSL":"ADSL_2P","DESCRIZIONE_TIPO_ADSL":"ADSL 2+ (24 mega)","DISTANZA_CALCOLATA":"3414.75","CLASSE_DISTANZA":"3300-3699","POTENZA_SEGNALE":"4047.5","POPOLAZIONE_SEZIONE": "18"}
			},
		 		{ "type" : "Feature",
				"geometry" : {
					"type" : "Point",
					"coordinates" : [8.08286,45.48237]},
			"properties" : { "ANNO":"2010","ID_SEZIONE":"26938","ISTAT_COMUNE_SEZ":"96018","COMUNE_SEZ":"CERRIONE","PROVINCIA":"BI","ID_CENTRALE":"1593","NOME_CENTRALE":"VERGNASCO","ISTAT_COMUNE_CENTR":"96018","COMUNE_CENTR":"CERRIONE","PROVINCIA_CENTR":"BI","INDIRIZZO_CENTRALE":"PAPA GIOVANNI XXIII 24","LATITUDINE_SEZIONE":"45.48237","LONGITUDINE_SEZIONE":"8.08286","POS_X_SEZIONE":"428324.70154","POS_Y_SEZIONE":"5036946.34812","LATITUDINE_CENTRALE":"45.49222","LONGITUDINE_CENTRALE":"8.08787","POS_X_CENTRALE":"428728.69465","POS_Y_CENTRALE":"5038036.43498","TIPO_ADSL":"ADSL_2P","DESCRIZIONE_TIPO_ADSL":"ADSL 2+ (24 mega)","DISTANZA_CALCOLATA":"1162.54","CLASSE_DISTANZA":"900-1299","POTENZA_SEGNALE":"17737.5","POPOLAZIONE_SEZIONE": "21"}
			},
		 		{ "type" : "Feature",
				"geometry" : {
					"type" : "Point",
					"coordinates" : [8.05850,45.46572]},
			"properties" : { "ANNO":"2010","ID_SEZIONE":"27566","ISTAT_COMUNE_SEZ":"96018","COMUNE_SEZ":"CERRIONE","PROVINCIA":"BI","ID_CENTRALE":"1593","NOME_CENTRALE":"VERGNASCO","ISTAT_COMUNE_CENTR":"96018","COMUNE_CENTR":"CERRIONE","PROVINCIA_CENTR":"BI","INDIRIZZO_CENTRALE":"PAPA GIOVANNI XXIII 24","LATITUDINE_SEZIONE":"45.46572","LONGITUDINE_SEZIONE":"8.05850","POS_X_SEZIONE":"426398.63331","POS_Y_SEZIONE":"5035119.29967","LATITUDINE_CENTRALE":"45.49222","LONGITUDINE_CENTRALE":"8.08787","POS_X_CENTRALE":"428728.69465","POS_Y_CENTRALE":"5038036.43498","TIPO_ADSL":"ADSL_2P","DESCRIZIONE_TIPO_ADSL":"ADSL 2+ (24 mega)","DISTANZA_CALCOLATA":"3733.48","CLASSE_DISTANZA":"3700-4099","POTENZA_SEGNALE":"2857.5","POPOLAZIONE_SEZIONE": "43"}
			},
		 		{ "type" : "Feature",
				"geometry" : {
					"type" : "Point",
					"coordinates" : [8.05480,45.45553]},
			"properties" : { "ANNO":"2010","ID_SEZIONE":"27567","ISTAT_COMUNE_SEZ":"96018","COMUNE_SEZ":"CERRIONE","PROVINCIA":"BI","ID_CENTRALE":"1593","NOME_CENTRALE":"VERGNASCO","ISTAT_COMUNE_CENTR":"96018","COMUNE_CENTR":"CERRIONE","PROVINCIA_CENTR":"BI","INDIRIZZO_CENTRALE":"PAPA GIOVANNI XXIII 24","LATITUDINE_SEZIONE":"45.45553","LONGITUDINE_SEZIONE":"8.05480","POS_X_SEZIONE":"426096.17648","POS_Y_SEZIONE":"5033990.28540","LATITUDINE_CENTRALE":"45.49222","LONGITUDINE_CENTRALE":"8.08787","POS_X_CENTRALE":"428728.69465","POS_Y_CENTRALE":"5038036.43498","TIPO_ADSL":"ADSL_2P","DESCRIZIONE_TIPO_ADSL":"ADSL 2+ (24 mega)","DISTANZA_CALCOLATA":"4827.16","CLASSE_DISTANZA":"4500-4899","POTENZA_SEGNALE":"1428.33","POPOLAZIONE_SEZIONE": ""}
			},
		 		{ "type" : "Feature",
				"geometry" : {
					"type" : "Point",
					"coordinates" : [8.08389,45.46796]},
			"properties" : { "ANNO":"2010","ID_SEZIONE":"28617","ISTAT_COMUNE_SEZ":"96018","COMUNE_SEZ":"CERRIONE","PROVINCIA":"BI","ID_CENTRALE":"1593","NOME_CENTRALE":"VERGNASCO","ISTAT_COMUNE_CENTR":"96018","COMUNE_CENTR":"CERRIONE","PROVINCIA_CENTR":"BI","INDIRIZZO_CENTRALE":"PAPA GIOVANNI XXIII 24","LATITUDINE_SEZIONE":"45.46796","LONGITUDINE_SEZIONE":"8.08389","POS_X_SEZIONE":"428386.32279","POS_Y_SEZIONE":"5035345.33743","LATITUDINE_CENTRALE":"45.49222","LONGITUDINE_CENTRALE":"8.08787","POS_X_CENTRALE":"428728.69465","POS_Y_CENTRALE":"5038036.43498","TIPO_ADSL":"ADSL_2P","DESCRIZIONE_TIPO_ADSL":"ADSL 2+ (24 mega)","DISTANZA_CALCOLATA":"2712.79","CLASSE_DISTANZA":"2500-2899","POTENZA_SEGNALE":"7380.83","POPOLAZIONE_SEZIONE": "5"}
			},
		 		{ "type" : "Feature",
				"geometry" : {
					"type" : "Point",
					"coordinates" : [8.10227,45.49068]},
			"properties" : { "ANNO":"2010","ID_SEZIONE":"30271","ISTAT_COMUNE_SEZ":"96018","COMUNE_SEZ":"CERRIONE","PROVINCIA":"BI","ID_CENTRALE":"1593","NOME_CENTRALE":"VERGNASCO","ISTAT_COMUNE_CENTR":"96018","COMUNE_CENTR":"CERRIONE","PROVINCIA_CENTR":"BI","INDIRIZZO_CENTRALE":"PAPA GIOVANNI XXIII 24","LATITUDINE_SEZIONE":"45.49068","LONGITUDINE_SEZIONE":"8.10227","POS_X_SEZIONE":"429852.01495","POS_Y_SEZIONE":"5037852.38895","LATITUDINE_CENTRALE":"45.49222","LONGITUDINE_CENTRALE":"8.08787","POS_X_CENTRALE":"428728.69465","POS_Y_CENTRALE":"5038036.43498","TIPO_ADSL":"ADSL_2P","DESCRIZIONE_TIPO_ADSL":"ADSL 2+ (24 mega)","DISTANZA_CALCOLATA":"1138.3","CLASSE_DISTANZA":"900-1299","POTENZA_SEGNALE":"17737.5","POPOLAZIONE_SEZIONE": "88"}
			},
		 		{ "type" : "Feature",
				"geometry" : {
					"type" : "Point",
					"coordinates" : [8.04259,45.48984]},
			"properties" : { "ANNO":"2010","ID_SEZIONE":"31466","ISTAT_COMUNE_SEZ":"96018","COMUNE_SEZ":"CERRIONE","PROVINCIA":"BI","ID_CENTRALE":"1593","NOME_CENTRALE":"VERGNASCO","ISTAT_COMUNE_CENTR":"96018","COMUNE_CENTR":"CERRIONE","PROVINCIA_CENTR":"BI","INDIRIZZO_CENTRALE":"PAPA GIOVANNI XXIII 24","LATITUDINE_SEZIONE":"45.48984","LONGITUDINE_SEZIONE":"8.04259","POS_X_SEZIONE":"425187.15325","POS_Y_SEZIONE":"5037813.80105","LATITUDINE_CENTRALE":"45.49222","LONGITUDINE_CENTRALE":"8.08787","POS_X_CENTRALE":"428728.69465","POS_Y_CENTRALE":"5038036.43498","TIPO_ADSL":"ADSL_2P","DESCRIZIONE_TIPO_ADSL":"ADSL 2+ (24 mega)","DISTANZA_CALCOLATA":"3548.53","CLASSE_DISTANZA":"3300-3699","POTENZA_SEGNALE":"4047.5","POPOLAZIONE_SEZIONE": ""}
			},
		 		{ "type" : "Feature",
				"geometry" : {
					"type" : "Point",
					"coordinates" : [8.08179,45.47648]},
			"properties" : { "ANNO":"2010","ID_SEZIONE":"31725","ISTAT_COMUNE_SEZ":"96018","COMUNE_SEZ":"CERRIONE","PROVINCIA":"BI","ID_CENTRALE":"1593","NOME_CENTRALE":"VERGNASCO","ISTAT_COMUNE_CENTR":"96018","COMUNE_CENTR":"CERRIONE","PROVINCIA_CENTR":"BI","INDIRIZZO_CENTRALE":"PAPA GIOVANNI XXIII 24","LATITUDINE_SEZIONE":"45.47648","LONGITUDINE_SEZIONE":"8.08179","POS_X_SEZIONE":"428233.50154","POS_Y_SEZIONE":"5036293.34127","LATITUDINE_CENTRALE":"45.49222","LONGITUDINE_CENTRALE":"8.08787","POS_X_CENTRALE":"428728.69465","POS_Y_CENTRALE":"5038036.43498","TIPO_ADSL":"ADSL_2P","DESCRIZIONE_TIPO_ADSL":"ADSL 2+ (24 mega)","DISTANZA_CALCOLATA":"1812.07","CLASSE_DISTANZA":"1700-2099","POTENZA_SEGNALE":"12975.83","POPOLAZIONE_SEZIONE": "18"}
			}
		 		]
	}
		