 	{ "type" : "FeatureCollection",
		"features" : [
		 		{ "type" : "Feature",
				"geometry" : {
					"type" : "Point",
					"coordinates" : [7.46818,44.26579]},
			"properties" : { "ANNO":"2010","ID_SEZIONE":"524","ISTAT_COMUNE_SEZ":"4183","COMUNE_SEZ":"ROASCHIA","PROVINCIA":"CN","ID_CENTRALE":"1114","NOME_CENTRALE":"ROASCHIA","ISTAT_COMUNE_CENTR":"4183","COMUNE_CENTR":"ROASCHIA","PROVINCIA_CENTR":"CN","INDIRIZZO_CENTRALE":"PIAZZA MUNICIPIO","LATITUDINE_SEZIONE":"44.26579","LONGITUDINE_SEZIONE":"7.46818","POS_X_SEZIONE":"377736.86047","POS_Y_SEZIONE":"4902535.11369","LATITUDINE_CENTRALE":"44.26829","LONGITUDINE_CENTRALE":"7.45762","POS_X_CENTRALE":"376898.83735","POS_Y_CENTRALE":"4902828.40670","TIPO_ADSL":"NO","DESCRIZIONE_TIPO_ADSL":"NO Adsl","DISTANZA_CALCOLATA":"887.86","CLASSE_DISTANZA":"500-899","POTENZA_SEGNALE":"","POPOLAZIONE_SEZIONE": "3"}
			},
		 		{ "type" : "Feature",
				"geometry" : {
					"type" : "Point",
					"coordinates" : [7.46204,44.25000]},
			"properties" : { "ANNO":"2010","ID_SEZIONE":"984","ISTAT_COMUNE_SEZ":"4183","COMUNE_SEZ":"ROASCHIA","PROVINCIA":"CN","ID_CENTRALE":"1114","NOME_CENTRALE":"ROASCHIA","ISTAT_COMUNE_CENTR":"4183","COMUNE_CENTR":"ROASCHIA","PROVINCIA_CENTR":"CN","INDIRIZZO_CENTRALE":"PIAZZA MUNICIPIO","LATITUDINE_SEZIONE":"44.25000","LONGITUDINE_SEZIONE":"7.46204","POS_X_SEZIONE":"377214.05368","POS_Y_SEZIONE":"4900790.60681","LATITUDINE_CENTRALE":"44.26829","LONGITUDINE_CENTRALE":"7.45762","POS_X_CENTRALE":"376898.83735","POS_Y_CENTRALE":"4902828.40670","TIPO_ADSL":"NO","DESCRIZIONE_TIPO_ADSL":"NO Adsl","DISTANZA_CALCOLATA":"2062.04","CLASSE_DISTANZA":"1700-2099","POTENZA_SEGNALE":"","POPOLAZIONE_SEZIONE": ""}
			},
		 		{ "type" : "Feature",
				"geometry" : {
					"type" : "Point",
					"coordinates" : [7.43882,44.28239]},
			"properties" : { "ANNO":"2010","ID_SEZIONE":"3362","ISTAT_COMUNE_SEZ":"4183","COMUNE_SEZ":"ROASCHIA","PROVINCIA":"CN","ID_CENTRALE":"1114","NOME_CENTRALE":"ROASCHIA","ISTAT_COMUNE_CENTR":"4183","COMUNE_CENTR":"ROASCHIA","PROVINCIA_CENTR":"CN","INDIRIZZO_CENTRALE":"PIAZZA MUNICIPIO","LATITUDINE_SEZIONE":"44.28239","LONGITUDINE_SEZIONE":"7.43882","POS_X_SEZIONE":"375428.30111","POS_Y_SEZIONE":"4904422.61142","LATITUDINE_CENTRALE":"44.26829","LONGITUDINE_CENTRALE":"7.45762","POS_X_CENTRALE":"376898.83735","POS_Y_CENTRALE":"4902828.40670","TIPO_ADSL":"NO","DESCRIZIONE_TIPO_ADSL":"NO Adsl","DISTANZA_CALCOLATA":"2168.86","CLASSE_DISTANZA":"2100-2499","POTENZA_SEGNALE":"","POPOLAZIONE_SEZIONE": "3"}
			},
		 		{ "type" : "Feature",
				"geometry" : {
					"type" : "Point",
					"coordinates" : [7.43734,44.29159]},
			"properties" : { "ANNO":"2010","ID_SEZIONE":"6386","ISTAT_COMUNE_SEZ":"4183","COMUNE_SEZ":"ROASCHIA","PROVINCIA":"CN","ID_CENTRALE":"1114","NOME_CENTRALE":"ROASCHIA","ISTAT_COMUNE_CENTR":"4183","COMUNE_CENTR":"ROASCHIA","PROVINCIA_CENTR":"CN","INDIRIZZO_CENTRALE":"PIAZZA MUNICIPIO","LATITUDINE_SEZIONE":"44.29159","LONGITUDINE_SEZIONE":"7.43734","POS_X_SEZIONE":"375329.87627","POS_Y_SEZIONE":"4905447.61443","LATITUDINE_CENTRALE":"44.26829","LONGITUDINE_CENTRALE":"7.45762","POS_X_CENTRALE":"376898.83735","POS_Y_CENTRALE":"4902828.40670","TIPO_ADSL":"NO","DESCRIZIONE_TIPO_ADSL":"NO Adsl","DISTANZA_CALCOLATA":"3053.18","CLASSE_DISTANZA":"2900-3299","POTENZA_SEGNALE":"","POPOLAZIONE_SEZIONE": "4"}
			},
		 		{ "type" : "Feature",
				"geometry" : {
					"type" : "Point",
					"coordinates" : [7.46505,44.27131]},
			"properties" : { "ANNO":"2010","ID_SEZIONE":"8921","ISTAT_COMUNE_SEZ":"4183","COMUNE_SEZ":"ROASCHIA","PROVINCIA":"CN","ID_CENTRALE":"1114","NOME_CENTRALE":"ROASCHIA","ISTAT_COMUNE_CENTR":"4183","COMUNE_CENTR":"ROASCHIA","PROVINCIA_CENTR":"CN","INDIRIZZO_CENTRALE":"PIAZZA MUNICIPIO","LATITUDINE_SEZIONE":"44.27131","LONGITUDINE_SEZIONE":"7.46505","POS_X_SEZIONE":"377498.56799","POS_Y_SEZIONE":"4903152.61487","LATITUDINE_CENTRALE":"44.26829","LONGITUDINE_CENTRALE":"7.45762","POS_X_CENTRALE":"376898.83735","POS_Y_CENTRALE":"4902828.40670","TIPO_ADSL":"NO","DESCRIZIONE_TIPO_ADSL":"NO Adsl","DISTANZA_CALCOLATA":"681.75","CLASSE_DISTANZA":"500-899","POTENZA_SEGNALE":"","POPOLAZIONE_SEZIONE": "8"}
			},
		 		{ "type" : "Feature",
				"geometry" : {
					"type" : "Point",
					"coordinates" : [7.47623,44.23804]},
			"properties" : { "ANNO":"2010","ID_SEZIONE":"12818","ISTAT_COMUNE_SEZ":"4183","COMUNE_SEZ":"ROASCHIA","PROVINCIA":"CN","ID_CENTRALE":"1114","NOME_CENTRALE":"ROASCHIA","ISTAT_COMUNE_CENTR":"4183","COMUNE_CENTR":"ROASCHIA","PROVINCIA_CENTR":"CN","INDIRIZZO_CENTRALE":"PIAZZA MUNICIPIO","LATITUDINE_SEZIONE":"44.23804","LONGITUDINE_SEZIONE":"7.47623","POS_X_SEZIONE":"378322.50450","POS_Y_SEZIONE":"4899441.11253","LATITUDINE_CENTRALE":"44.26829","LONGITUDINE_CENTRALE":"7.45762","POS_X_CENTRALE":"376898.83735","POS_Y_CENTRALE":"4902828.40670","TIPO_ADSL":"NO","DESCRIZIONE_TIPO_ADSL":"NO Adsl","DISTANZA_CALCOLATA":"3674.31","CLASSE_DISTANZA":"3300-3699","POTENZA_SEGNALE":"","POPOLAZIONE_SEZIONE": ""}
			},
		 		{ "type" : "Feature",
				"geometry" : {
					"type" : "Point",
					"coordinates" : [7.46734,44.26198]},
			"properties" : { "ANNO":"2010","ID_SEZIONE":"14331","ISTAT_COMUNE_SEZ":"4183","COMUNE_SEZ":"ROASCHIA","PROVINCIA":"CN","ID_CENTRALE":"1114","NOME_CENTRALE":"ROASCHIA","ISTAT_COMUNE_CENTR":"4183","COMUNE_CENTR":"ROASCHIA","PROVINCIA_CENTR":"CN","INDIRIZZO_CENTRALE":"PIAZZA MUNICIPIO","LATITUDINE_SEZIONE":"44.26198","LONGITUDINE_SEZIONE":"7.46734","POS_X_SEZIONE":"377661.55704","POS_Y_SEZIONE":"4902113.61225","LATITUDINE_CENTRALE":"44.26829","LONGITUDINE_CENTRALE":"7.45762","POS_X_CENTRALE":"376898.83735","POS_Y_CENTRALE":"4902828.40670","TIPO_ADSL":"NO","DESCRIZIONE_TIPO_ADSL":"NO Adsl","DISTANZA_CALCOLATA":"1045.31","CLASSE_DISTANZA":"900-1299","POTENZA_SEGNALE":"","POPOLAZIONE_SEZIONE": "4"}
			},
		 		{ "type" : "Feature",
				"geometry" : {
					"type" : "Point",
					"coordinates" : [7.47579,44.26142]},
			"properties" : { "ANNO":"2010","ID_SEZIONE":"15584","ISTAT_COMUNE_SEZ":"4183","COMUNE_SEZ":"ROASCHIA","PROVINCIA":"CN","ID_CENTRALE":"1114","NOME_CENTRALE":"ROASCHIA","ISTAT_COMUNE_CENTR":"4183","COMUNE_CENTR":"ROASCHIA","PROVINCIA_CENTR":"CN","INDIRIZZO_CENTRALE":"PIAZZA MUNICIPIO","LATITUDINE_SEZIONE":"44.26142","LONGITUDINE_SEZIONE":"7.47579","POS_X_SEZIONE":"378334.83807","POS_Y_SEZIONE":"4902038.61398","LATITUDINE_CENTRALE":"44.26829","LONGITUDINE_CENTRALE":"7.45762","POS_X_CENTRALE":"376898.83735","POS_Y_CENTRALE":"4902828.40670","TIPO_ADSL":"NO","DESCRIZIONE_TIPO_ADSL":"NO Adsl","DISTANZA_CALCOLATA":"1638.86","CLASSE_DISTANZA":"1300-1699","POTENZA_SEGNALE":"","POPOLAZIONE_SEZIONE": "2"}
			},
		 		{ "type" : "Feature",
				"geometry" : {
					"type" : "Point",
					"coordinates" : [7.44501,44.24986]},
			"properties" : { "ANNO":"2010","ID_SEZIONE":"17169","ISTAT_COMUNE_SEZ":"4183","COMUNE_SEZ":"ROASCHIA","PROVINCIA":"CN","ID_CENTRALE":"1114","NOME_CENTRALE":"ROASCHIA","ISTAT_COMUNE_CENTR":"4183","COMUNE_CENTR":"ROASCHIA","PROVINCIA_CENTR":"CN","INDIRIZZO_CENTRALE":"PIAZZA MUNICIPIO","LATITUDINE_SEZIONE":"44.24986","LONGITUDINE_SEZIONE":"7.44501","POS_X_SEZIONE":"375853.77413","POS_Y_SEZIONE":"4900800.60105","LATITUDINE_CENTRALE":"44.26829","LONGITUDINE_CENTRALE":"7.45762","POS_X_CENTRALE":"376898.83735","POS_Y_CENTRALE":"4902828.40670","TIPO_ADSL":"NO","DESCRIZIONE_TIPO_ADSL":"NO Adsl","DISTANZA_CALCOLATA":"2281.26","CLASSE_DISTANZA":"2100-2499","POTENZA_SEGNALE":"","POPOLAZIONE_SEZIONE": ""}
			},
		 		{ "type" : "Feature",
				"geometry" : {
					"type" : "Point",
					"coordinates" : [7.43613,44.27381]},
			"properties" : { "ANNO":"2010","ID_SEZIONE":"17633","ISTAT_COMUNE_SEZ":"4183","COMUNE_SEZ":"ROASCHIA","PROVINCIA":"CN","ID_CENTRALE":"1114","NOME_CENTRALE":"ROASCHIA","ISTAT_COMUNE_CENTR":"4183","COMUNE_CENTR":"ROASCHIA","PROVINCIA_CENTR":"CN","INDIRIZZO_CENTRALE":"PIAZZA MUNICIPIO","LATITUDINE_SEZIONE":"44.27381","LONGITUDINE_SEZIONE":"7.43613","POS_X_SEZIONE":"375195.60069","POS_Y_SEZIONE":"4903474.60655","LATITUDINE_CENTRALE":"44.26829","LONGITUDINE_CENTRALE":"7.45762","POS_X_CENTRALE":"376898.83735","POS_Y_CENTRALE":"4902828.40670","TIPO_ADSL":"NO","DESCRIZIONE_TIPO_ADSL":"NO Adsl","DISTANZA_CALCOLATA":"1821.7","CLASSE_DISTANZA":"1700-2099","POTENZA_SEGNALE":"","POPOLAZIONE_SEZIONE": "2"}
			},
		 		{ "type" : "Feature",
				"geometry" : {
					"type" : "Point",
					"coordinates" : [7.43501,44.26178]},
			"properties" : { "ANNO":"2010","ID_SEZIONE":"19219","ISTAT_COMUNE_SEZ":"4183","COMUNE_SEZ":"ROASCHIA","PROVINCIA":"CN","ID_CENTRALE":"1114","NOME_CENTRALE":"ROASCHIA","ISTAT_COMUNE_CENTR":"4183","COMUNE_CENTR":"ROASCHIA","PROVINCIA_CENTR":"CN","INDIRIZZO_CENTRALE":"PIAZZA MUNICIPIO","LATITUDINE_SEZIONE":"44.26178","LONGITUDINE_SEZIONE":"7.43501","POS_X_SEZIONE":"375081.12619","POS_Y_SEZIONE":"4902139.60137","LATITUDINE_CENTRALE":"44.26829","LONGITUDINE_CENTRALE":"7.45762","POS_X_CENTRALE":"376898.83735","POS_Y_CENTRALE":"4902828.40670","TIPO_ADSL":"NO","DESCRIZIONE_TIPO_ADSL":"NO Adsl","DISTANZA_CALCOLATA":"1943.84","CLASSE_DISTANZA":"1700-2099","POTENZA_SEGNALE":"","POPOLAZIONE_SEZIONE": ""}
			},
		 		{ "type" : "Feature",
				"geometry" : {
					"type" : "Point",
					"coordinates" : [7.46772,44.26896]},
			"properties" : { "ANNO":"2010","ID_SEZIONE":"22485","ISTAT_COMUNE_SEZ":"4183","COMUNE_SEZ":"ROASCHIA","PROVINCIA":"CN","ID_CENTRALE":"1114","NOME_CENTRALE":"ROASCHIA","ISTAT_COMUNE_CENTR":"4183","COMUNE_CENTR":"ROASCHIA","PROVINCIA_CENTR":"CN","INDIRIZZO_CENTRALE":"PIAZZA MUNICIPIO","LATITUDINE_SEZIONE":"44.26896","LONGITUDINE_SEZIONE":"7.46772","POS_X_SEZIONE":"377706.97861","POS_Y_SEZIONE":"4902887.61443","LATITUDINE_CENTRALE":"44.26829","LONGITUDINE_CENTRALE":"7.45762","POS_X_CENTRALE":"376898.83735","POS_Y_CENTRALE":"4902828.40670","TIPO_ADSL":"NO","DESCRIZIONE_TIPO_ADSL":"NO Adsl","DISTANZA_CALCOLATA":"810.31","CLASSE_DISTANZA":"500-899","POTENZA_SEGNALE":"","POPOLAZIONE_SEZIONE": "4"}
			},
		 		{ "type" : "Feature",
				"geometry" : {
					"type" : "Point",
					"coordinates" : [7.45524,44.27670]},
			"properties" : { "ANNO":"2010","ID_SEZIONE":"24272","ISTAT_COMUNE_SEZ":"4183","COMUNE_SEZ":"ROASCHIA","PROVINCIA":"CN","ID_CENTRALE":"1114","NOME_CENTRALE":"ROASCHIA","ISTAT_COMUNE_CENTR":"4183","COMUNE_CENTR":"ROASCHIA","PROVINCIA_CENTR":"CN","INDIRIZZO_CENTRALE":"PIAZZA MUNICIPIO","LATITUDINE_SEZIONE":"44.27670","LONGITUDINE_SEZIONE":"7.45524","POS_X_SEZIONE":"376726.77765","POS_Y_SEZIONE":"4903766.61551","LATITUDINE_CENTRALE":"44.26829","LONGITUDINE_CENTRALE":"7.45762","POS_X_CENTRALE":"376898.83735","POS_Y_CENTRALE":"4902828.40670","TIPO_ADSL":"NO","DESCRIZIONE_TIPO_ADSL":"NO Adsl","DISTANZA_CALCOLATA":"953.86","CLASSE_DISTANZA":"900-1299","POTENZA_SEGNALE":"","POPOLAZIONE_SEZIONE": "5"}
			},
		 		{ "type" : "Feature",
				"geometry" : {
					"type" : "Point",
					"coordinates" : [7.44381,44.27773]},
			"properties" : { "ANNO":"2010","ID_SEZIONE":"25198","ISTAT_COMUNE_SEZ":"4183","COMUNE_SEZ":"ROASCHIA","PROVINCIA":"CN","ID_CENTRALE":"1114","NOME_CENTRALE":"ROASCHIA","ISTAT_COMUNE_CENTR":"4183","COMUNE_CENTR":"ROASCHIA","PROVINCIA_CENTR":"CN","INDIRIZZO_CENTRALE":"PIAZZA MUNICIPIO","LATITUDINE_SEZIONE":"44.27773","LONGITUDINE_SEZIONE":"7.44381","POS_X_SEZIONE":"375816.77855","POS_Y_SEZIONE":"4903897.61174","LATITUDINE_CENTRALE":"44.26829","LONGITUDINE_CENTRALE":"7.45762","POS_X_CENTRALE":"376898.83735","POS_Y_CENTRALE":"4902828.40670","TIPO_ADSL":"NO","DESCRIZIONE_TIPO_ADSL":"NO Adsl","DISTANZA_CALCOLATA":"1521.2","CLASSE_DISTANZA":"1300-1699","POTENZA_SEGNALE":"","POPOLAZIONE_SEZIONE": "5"}
			},
		 		{ "type" : "Feature",
				"geometry" : {
					"type" : "Point",
					"coordinates" : [7.44923,44.26526]},
			"properties" : { "ANNO":"2010","ID_SEZIONE":"25199","ISTAT_COMUNE_SEZ":"4183","COMUNE_SEZ":"ROASCHIA","PROVINCIA":"CN","ID_CENTRALE":"1114","NOME_CENTRALE":"ROASCHIA","ISTAT_COMUNE_CENTR":"4183","COMUNE_CENTR":"ROASCHIA","PROVINCIA_CENTR":"CN","INDIRIZZO_CENTRALE":"PIAZZA MUNICIPIO","LATITUDINE_SEZIONE":"44.26526","LONGITUDINE_SEZIONE":"7.44923","POS_X_SEZIONE":"376222.92869","POS_Y_SEZIONE":"4902504.60924","LATITUDINE_CENTRALE":"44.26829","LONGITUDINE_CENTRALE":"7.45762","POS_X_CENTRALE":"376898.83735","POS_Y_CENTRALE":"4902828.40670","TIPO_ADSL":"NO","DESCRIZIONE_TIPO_ADSL":"NO Adsl","DISTANZA_CALCOLATA":"749.46","CLASSE_DISTANZA":"500-899","POTENZA_SEGNALE":"","POPOLAZIONE_SEZIONE": ""}
			},
		 		{ "type" : "Feature",
				"geometry" : {
					"type" : "Point",
					"coordinates" : [7.43311,44.28941]},
			"properties" : { "ANNO":"2010","ID_SEZIONE":"26401","ISTAT_COMUNE_SEZ":"4183","COMUNE_SEZ":"ROASCHIA","PROVINCIA":"CN","ID_CENTRALE":"1114","NOME_CENTRALE":"ROASCHIA","ISTAT_COMUNE_CENTR":"4183","COMUNE_CENTR":"ROASCHIA","PROVINCIA_CENTR":"CN","INDIRIZZO_CENTRALE":"PIAZZA MUNICIPIO","LATITUDINE_SEZIONE":"44.28941","LONGITUDINE_SEZIONE":"7.43311","POS_X_SEZIONE":"374988.13266","POS_Y_SEZIONE":"4905211.11139","LATITUDINE_CENTRALE":"44.26829","LONGITUDINE_CENTRALE":"7.45762","POS_X_CENTRALE":"376898.83735","POS_Y_CENTRALE":"4902828.40670","TIPO_ADSL":"NO","DESCRIZIONE_TIPO_ADSL":"NO Adsl","DISTANZA_CALCOLATA":"3054.19","CLASSE_DISTANZA":"2900-3299","POTENZA_SEGNALE":"","POPOLAZIONE_SEZIONE": "6"}
			},
		 		{ "type" : "Feature",
				"geometry" : {
					"type" : "Point",
					"coordinates" : [7.47872,44.25297]},
			"properties" : { "ANNO":"2010","ID_SEZIONE":"26732","ISTAT_COMUNE_SEZ":"4183","COMUNE_SEZ":"ROASCHIA","PROVINCIA":"CN","ID_CENTRALE":"1114","NOME_CENTRALE":"ROASCHIA","ISTAT_COMUNE_CENTR":"4183","COMUNE_CENTR":"ROASCHIA","PROVINCIA_CENTR":"CN","INDIRIZZO_CENTRALE":"PIAZZA MUNICIPIO","LATITUDINE_SEZIONE":"44.25297","LONGITUDINE_SEZIONE":"7.47872","POS_X_SEZIONE":"378551.51289","POS_Y_SEZIONE":"4901095.61186","LATITUDINE_CENTRALE":"44.26829","LONGITUDINE_CENTRALE":"7.45762","POS_X_CENTRALE":"376898.83735","POS_Y_CENTRALE":"4902828.40670","TIPO_ADSL":"NO","DESCRIZIONE_TIPO_ADSL":"NO Adsl","DISTANZA_CALCOLATA":"2394.56","CLASSE_DISTANZA":"2100-2499","POTENZA_SEGNALE":"","POPOLAZIONE_SEZIONE": ""}
			},
		 		{ "type" : "Feature",
				"geometry" : {
					"type" : "Point",
					"coordinates" : [7.46112,44.23506]},
			"properties" : { "ANNO":"2010","ID_SEZIONE":"27051","ISTAT_COMUNE_SEZ":"4183","COMUNE_SEZ":"ROASCHIA","PROVINCIA":"CN","ID_CENTRALE":"1114","NOME_CENTRALE":"ROASCHIA","ISTAT_COMUNE_CENTR":"4183","COMUNE_CENTR":"ROASCHIA","PROVINCIA_CENTR":"CN","INDIRIZZO_CENTRALE":"PIAZZA MUNICIPIO","LATITUDINE_SEZIONE":"44.23506","LONGITUDINE_SEZIONE":"7.46112","POS_X_SEZIONE":"377108.94879","POS_Y_SEZIONE":"4899132.10825","LATITUDINE_CENTRALE":"44.26829","LONGITUDINE_CENTRALE":"7.45762","POS_X_CENTRALE":"376898.83735","POS_Y_CENTRALE":"4902828.40670","TIPO_ADSL":"NO","DESCRIZIONE_TIPO_ADSL":"NO Adsl","DISTANZA_CALCOLATA":"3702.27","CLASSE_DISTANZA":"3700-4099","POTENZA_SEGNALE":"","POPOLAZIONE_SEZIONE": ""}
			},
		 		{ "type" : "Feature",
				"geometry" : {
					"type" : "Point",
					"coordinates" : [7.45579,44.26999]},
			"properties" : { "ANNO":"2010","ID_SEZIONE":"31652","ISTAT_COMUNE_SEZ":"4183","COMUNE_SEZ":"ROASCHIA","PROVINCIA":"CN","ID_CENTRALE":"1114","NOME_CENTRALE":"ROASCHIA","ISTAT_COMUNE_CENTR":"4183","COMUNE_CENTR":"ROASCHIA","PROVINCIA_CENTR":"CN","INDIRIZZO_CENTRALE":"PIAZZA MUNICIPIO","LATITUDINE_SEZIONE":"44.26999","LONGITUDINE_SEZIONE":"7.45579","POS_X_SEZIONE":"376756.94828","POS_Y_SEZIONE":"4903019.61263","LATITUDINE_CENTRALE":"44.26829","LONGITUDINE_CENTRALE":"7.45762","POS_X_CENTRALE":"376898.83735","POS_Y_CENTRALE":"4902828.40670","TIPO_ADSL":"NO","DESCRIZIONE_TIPO_ADSL":"NO Adsl","DISTANZA_CALCOLATA":"238.10","CLASSE_DISTANZA":"100-499","POTENZA_SEGNALE":"","POPOLAZIONE_SEZIONE": "120"}
			}
		 		]
	}
		