 	{ "type" : "FeatureCollection",
		"features" : [
		 		{ "type" : "Feature",
				"geometry" : {
					"type" : "Point",
					"coordinates" : [8.33919,44.79662]},
			"properties" : { "ANNO":"2010","ID_SEZIONE":"2339","ISTAT_COMUNE_SEZ":"5111","COMUNE_SEZ":"VAGLIO SERRA","PROVINCIA":"AT","ID_CENTRALE":"1541","NOME_CENTRALE":"VAGLIO SERRA","ISTAT_COMUNE_CENTR":"5111","COMUNE_CENTR":"VAGLIO SERRA","PROVINCIA_CENTR":"AT","INDIRIZZO_CENTRALE":"CASTELLO 2","LATITUDINE_SEZIONE":"44.79662","LONGITUDINE_SEZIONE":"8.33919","POS_X_SEZIONE":"447733.80031","POS_Y_SEZIONE":"4960570.02037","LATITUDINE_CENTRALE":"44.79718","LONGITUDINE_CENTRALE":"8.33978","POS_X_CENTRALE":"447781.22398","POS_Y_CENTRALE":"4960632.06089","TIPO_ADSL":"ADSL_M","DESCRIZIONE_TIPO_ADSL":"ADSL Mini","DISTANZA_CALCOLATA":"78.09","CLASSE_DISTANZA":"0-99","POTENZA_SEGNALE":"0.64","POPOLAZIONE_SEZIONE": "101"}
			},
		 		{ "type" : "Feature",
				"geometry" : {
					"type" : "Point",
					"coordinates" : [8.34234,44.80754]},
			"properties" : { "ANNO":"2010","ID_SEZIONE":"6653","ISTAT_COMUNE_SEZ":"5111","COMUNE_SEZ":"VAGLIO SERRA","PROVINCIA":"AT","ID_CENTRALE":"1541","NOME_CENTRALE":"VAGLIO SERRA","ISTAT_COMUNE_CENTR":"5111","COMUNE_CENTR":"VAGLIO SERRA","PROVINCIA_CENTR":"AT","INDIRIZZO_CENTRALE":"CASTELLO 2","LATITUDINE_SEZIONE":"44.80754","LONGITUDINE_SEZIONE":"8.34234","POS_X_SEZIONE":"447992.94245","POS_Y_SEZIONE":"4961781.53013","LATITUDINE_CENTRALE":"44.79718","LONGITUDINE_CENTRALE":"8.33978","POS_X_CENTRALE":"447781.22398","POS_Y_CENTRALE":"4960632.06089","TIPO_ADSL":"ADSL_M","DESCRIZIONE_TIPO_ADSL":"ADSL Mini","DISTANZA_CALCOLATA":"1168.8","CLASSE_DISTANZA":"900-1299","POTENZA_SEGNALE":"0.64","POPOLAZIONE_SEZIONE": ""}
			},
		 		{ "type" : "Feature",
				"geometry" : {
					"type" : "Point",
					"coordinates" : [8.34791,44.79409]},
			"properties" : { "ANNO":"2010","ID_SEZIONE":"10825","ISTAT_COMUNE_SEZ":"5111","COMUNE_SEZ":"VAGLIO SERRA","PROVINCIA":"AT","ID_CENTRALE":"1541","NOME_CENTRALE":"VAGLIO SERRA","ISTAT_COMUNE_CENTR":"5111","COMUNE_CENTR":"VAGLIO SERRA","PROVINCIA_CENTR":"AT","INDIRIZZO_CENTRALE":"CASTELLO 2","LATITUDINE_SEZIONE":"44.79409","LONGITUDINE_SEZIONE":"8.34791","POS_X_SEZIONE":"448421.43116","POS_Y_SEZIONE":"4960284.01870","LATITUDINE_CENTRALE":"44.79718","LONGITUDINE_CENTRALE":"8.33978","POS_X_CENTRALE":"447781.22398","POS_Y_CENTRALE":"4960632.06089","TIPO_ADSL":"ADSL_M","DESCRIZIONE_TIPO_ADSL":"ADSL Mini","DISTANZA_CALCOLATA":"728.70","CLASSE_DISTANZA":"500-899","POTENZA_SEGNALE":"0.64","POPOLAZIONE_SEZIONE": "50"}
			},
		 		{ "type" : "Feature",
				"geometry" : {
					"type" : "Point",
					"coordinates" : [8.33371,44.79904]},
			"properties" : { "ANNO":"2010","ID_SEZIONE":"18088","ISTAT_COMUNE_SEZ":"5111","COMUNE_SEZ":"VAGLIO SERRA","PROVINCIA":"AT","ID_CENTRALE":"1541","NOME_CENTRALE":"VAGLIO SERRA","ISTAT_COMUNE_CENTR":"5111","COMUNE_CENTR":"VAGLIO SERRA","PROVINCIA_CENTR":"AT","INDIRIZZO_CENTRALE":"CASTELLO 2","LATITUDINE_SEZIONE":"44.79904","LONGITUDINE_SEZIONE":"8.33371","POS_X_SEZIONE":"447303.01426","POS_Y_SEZIONE":"4960842.52213","LATITUDINE_CENTRALE":"44.79718","LONGITUDINE_CENTRALE":"8.33978","POS_X_CENTRALE":"447781.22398","POS_Y_CENTRALE":"4960632.06089","TIPO_ADSL":"ADSL_M","DESCRIZIONE_TIPO_ADSL":"ADSL Mini","DISTANZA_CALCOLATA":"522.47","CLASSE_DISTANZA":"500-899","POTENZA_SEGNALE":"0.64","POPOLAZIONE_SEZIONE": "26"}
			},
		 		{ "type" : "Feature",
				"geometry" : {
					"type" : "Point",
					"coordinates" : [8.34239,44.79984]},
			"properties" : { "ANNO":"2010","ID_SEZIONE":"23099","ISTAT_COMUNE_SEZ":"5111","COMUNE_SEZ":"VAGLIO SERRA","PROVINCIA":"AT","ID_CENTRALE":"1541","NOME_CENTRALE":"VAGLIO SERRA","ISTAT_COMUNE_CENTR":"5111","COMUNE_CENTR":"VAGLIO SERRA","PROVINCIA_CENTR":"AT","INDIRIZZO_CENTRALE":"CASTELLO 2","LATITUDINE_SEZIONE":"44.79984","LONGITUDINE_SEZIONE":"8.34239","POS_X_SEZIONE":"447989.95340","POS_Y_SEZIONE":"4960925.52347","LATITUDINE_CENTRALE":"44.79718","LONGITUDINE_CENTRALE":"8.33978","POS_X_CENTRALE":"447781.22398","POS_Y_CENTRALE":"4960632.06089","TIPO_ADSL":"ADSL_M","DESCRIZIONE_TIPO_ADSL":"ADSL Mini","DISTANZA_CALCOLATA":"360.12","CLASSE_DISTANZA":"100-499","POTENZA_SEGNALE":"0.64","POPOLAZIONE_SEZIONE": "68"}
			},
		 		{ "type" : "Feature",
				"geometry" : {
					"type" : "Point",
					"coordinates" : [8.33473,44.80295]},
			"properties" : { "ANNO":"2010","ID_SEZIONE":"29421","ISTAT_COMUNE_SEZ":"5111","COMUNE_SEZ":"VAGLIO SERRA","PROVINCIA":"AT","ID_CENTRALE":"1541","NOME_CENTRALE":"VAGLIO SERRA","ISTAT_COMUNE_CENTR":"5111","COMUNE_CENTR":"VAGLIO SERRA","PROVINCIA_CENTR":"AT","INDIRIZZO_CENTRALE":"CASTELLO 2","LATITUDINE_SEZIONE":"44.80295","LONGITUDINE_SEZIONE":"8.33473","POS_X_SEZIONE":"447387.07186","POS_Y_SEZIONE":"4961276.52558","LATITUDINE_CENTRALE":"44.79718","LONGITUDINE_CENTRALE":"8.33978","POS_X_CENTRALE":"447781.22398","POS_Y_CENTRALE":"4960632.06089","TIPO_ADSL":"ADSL_M","DESCRIZIONE_TIPO_ADSL":"ADSL Mini","DISTANZA_CALCOLATA":"755.44","CLASSE_DISTANZA":"500-899","POTENZA_SEGNALE":"0.64","POPOLAZIONE_SEZIONE": "22"}
			}
		 		]
	}
		