 	{ "type" : "FeatureCollection",
		"features" : [
		 		{ "type" : "Feature",
				"geometry" : {
					"type" : "Point",
					"coordinates" : [8.32396,45.88715]},
			"properties" : { "ANNO":"2010","ID_SEZIONE":"5474","ISTAT_COMUNE_SEZ":"103059","COMUNE_SEZ":"QUARNA SOTTO","PROVINCIA":"VB","ID_CENTRALE":"1073","NOME_CENTRALE":"QUARNA","ISTAT_COMUNE_CENTR":"103059","COMUNE_CENTR":"QUARNA SOTTO","PROVINCIA_CENTR":"VB","INDIRIZZO_CENTRALE":"STRADA PROV.QUARNA-OMEGNA","LATITUDINE_SEZIONE":"45.88715","LONGITUDINE_SEZIONE":"8.32396","POS_X_SEZIONE":"447546.60082","POS_Y_SEZIONE":"5081731.26771","LATITUDINE_CENTRALE":"45.86869","LONGITUDINE_CENTRALE":"8.36521","POS_X_CENTRALE":"450730.24273","POS_Y_CENTRALE":"5079654.56639","TIPO_ADSL":"ADSL_M","DESCRIZIONE_TIPO_ADSL":"ADSL Mini","DISTANZA_CALCOLATA":"3801.09","CLASSE_DISTANZA":"3700-4099","POTENZA_SEGNALE":"0.64","POPOLAZIONE_SEZIONE": ""}
			},
		 		{ "type" : "Feature",
				"geometry" : {
					"type" : "Point",
					"coordinates" : [8.37438,45.87373]},
			"properties" : { "ANNO":"2010","ID_SEZIONE":"10523","ISTAT_COMUNE_SEZ":"103058","COMUNE_SEZ":"QUARNA SOPRA","PROVINCIA":"VB","ID_CENTRALE":"1073","NOME_CENTRALE":"QUARNA","ISTAT_COMUNE_CENTR":"103059","COMUNE_CENTR":"QUARNA SOTTO","PROVINCIA_CENTR":"VB","INDIRIZZO_CENTRALE":"STRADA PROV.QUARNA-OMEGNA","LATITUDINE_SEZIONE":"45.87373","LONGITUDINE_SEZIONE":"8.37438","POS_X_SEZIONE":"451446.34559","POS_Y_SEZIONE":"5080208.72051","LATITUDINE_CENTRALE":"45.86869","LONGITUDINE_CENTRALE":"8.36521","POS_X_CENTRALE":"450730.24273","POS_Y_CENTRALE":"5079654.56639","TIPO_ADSL":"ADSL_M","DESCRIZIONE_TIPO_ADSL":"ADSL Mini","DISTANZA_CALCOLATA":"905.48","CLASSE_DISTANZA":"900-1299","POTENZA_SEGNALE":"0.64","POPOLAZIONE_SEZIONE": "318"}
			},
		 		{ "type" : "Feature",
				"geometry" : {
					"type" : "Point",
					"coordinates" : [8.36241,45.86902]},
			"properties" : { "ANNO":"2010","ID_SEZIONE":"13225","ISTAT_COMUNE_SEZ":"103059","COMUNE_SEZ":"QUARNA SOTTO","PROVINCIA":"VB","ID_CENTRALE":"1073","NOME_CENTRALE":"QUARNA","ISTAT_COMUNE_CENTR":"103059","COMUNE_CENTR":"QUARNA SOTTO","PROVINCIA_CENTR":"VB","INDIRIZZO_CENTRALE":"STRADA PROV.QUARNA-OMEGNA","LATITUDINE_SEZIONE":"45.86902","LONGITUDINE_SEZIONE":"8.36241","POS_X_SEZIONE":"450513.31826","POS_Y_SEZIONE":"5079692.23641","LATITUDINE_CENTRALE":"45.86869","LONGITUDINE_CENTRALE":"8.36521","POS_X_CENTRALE":"450730.24273","POS_Y_CENTRALE":"5079654.56639","TIPO_ADSL":"ADSL_M","DESCRIZIONE_TIPO_ADSL":"ADSL Mini","DISTANZA_CALCOLATA":"220.17","CLASSE_DISTANZA":"100-499","POTENZA_SEGNALE":"0.64","POPOLAZIONE_SEZIONE": "427"}
			},
		 		{ "type" : "Feature",
				"geometry" : {
					"type" : "Point",
					"coordinates" : [8.35104,45.90127]},
			"properties" : { "ANNO":"2010","ID_SEZIONE":"15014","ISTAT_COMUNE_SEZ":"103058","COMUNE_SEZ":"QUARNA SOPRA","PROVINCIA":"VB","ID_CENTRALE":"1073","NOME_CENTRALE":"QUARNA","ISTAT_COMUNE_CENTR":"103059","COMUNE_CENTR":"QUARNA SOTTO","PROVINCIA_CENTR":"VB","INDIRIZZO_CENTRALE":"STRADA PROV.QUARNA-OMEGNA","LATITUDINE_SEZIONE":"45.90127","LONGITUDINE_SEZIONE":"8.35104","POS_X_SEZIONE":"449660.18444","POS_Y_SEZIONE":"5083282.23603","LATITUDINE_CENTRALE":"45.86869","LONGITUDINE_CENTRALE":"8.36521","POS_X_CENTRALE":"450730.24273","POS_Y_CENTRALE":"5079654.56639","TIPO_ADSL":"ADSL_M","DESCRIZIONE_TIPO_ADSL":"ADSL Mini","DISTANZA_CALCOLATA":"3782.2","CLASSE_DISTANZA":"3700-4099","POTENZA_SEGNALE":"0.64","POPOLAZIONE_SEZIONE": ""}
			},
		 		{ "type" : "Feature",
				"geometry" : {
					"type" : "Point",
					"coordinates" : [8.33904,45.86690]},
			"properties" : { "ANNO":"2010","ID_SEZIONE":"15016","ISTAT_COMUNE_SEZ":"103059","COMUNE_SEZ":"QUARNA SOTTO","PROVINCIA":"VB","ID_CENTRALE":"1073","NOME_CENTRALE":"QUARNA","ISTAT_COMUNE_CENTR":"103059","COMUNE_CENTR":"QUARNA SOTTO","PROVINCIA_CENTR":"VB","INDIRIZZO_CENTRALE":"STRADA PROV.QUARNA-OMEGNA","LATITUDINE_SEZIONE":"45.86690","LONGITUDINE_SEZIONE":"8.33904","POS_X_SEZIONE":"448697.60652","POS_Y_SEZIONE":"5079471.76205","LATITUDINE_CENTRALE":"45.86869","LONGITUDINE_CENTRALE":"8.36521","POS_X_CENTRALE":"450730.24273","POS_Y_CENTRALE":"5079654.56639","TIPO_ADSL":"ADSL_M","DESCRIZIONE_TIPO_ADSL":"ADSL Mini","DISTANZA_CALCOLATA":"2040.84","CLASSE_DISTANZA":"1700-2099","POTENZA_SEGNALE":"0.64","POPOLAZIONE_SEZIONE": ""}
			},
		 		{ "type" : "Feature",
				"geometry" : {
					"type" : "Point",
					"coordinates" : [8.37306,45.87733]},
			"properties" : { "ANNO":"2010","ID_SEZIONE":"18554","ISTAT_COMUNE_SEZ":"103058","COMUNE_SEZ":"QUARNA SOPRA","PROVINCIA":"VB","ID_CENTRALE":"1073","NOME_CENTRALE":"QUARNA","ISTAT_COMUNE_CENTR":"103059","COMUNE_CENTR":"QUARNA SOTTO","PROVINCIA_CENTR":"VB","INDIRIZZO_CENTRALE":"STRADA PROV.QUARNA-OMEGNA","LATITUDINE_SEZIONE":"45.87733","LONGITUDINE_SEZIONE":"8.37306","POS_X_SEZIONE":"451347.09542","POS_Y_SEZIONE":"5080609.71994","LATITUDINE_CENTRALE":"45.86869","LONGITUDINE_CENTRALE":"8.36521","POS_X_CENTRALE":"450730.24273","POS_Y_CENTRALE":"5079654.56639","TIPO_ADSL":"ADSL_M","DESCRIZIONE_TIPO_ADSL":"ADSL Mini","DISTANZA_CALCOLATA":"1137.02","CLASSE_DISTANZA":"900-1299","POTENZA_SEGNALE":"0.64","POPOLAZIONE_SEZIONE": ""}
			},
		 		{ "type" : "Feature",
				"geometry" : {
					"type" : "Point",
					"coordinates" : [8.37496,45.89042]},
			"properties" : { "ANNO":"2010","ID_SEZIONE":"22802","ISTAT_COMUNE_SEZ":"103058","COMUNE_SEZ":"QUARNA SOPRA","PROVINCIA":"VB","ID_CENTRALE":"1073","NOME_CENTRALE":"QUARNA","ISTAT_COMUNE_CENTR":"103059","COMUNE_CENTR":"QUARNA SOTTO","PROVINCIA_CENTR":"VB","INDIRIZZO_CENTRALE":"STRADA PROV.QUARNA-OMEGNA","LATITUDINE_SEZIONE":"45.89042","LONGITUDINE_SEZIONE":"8.37496","POS_X_SEZIONE":"451506.49996","POS_Y_SEZIONE":"5082062.20966","LATITUDINE_CENTRALE":"45.86869","LONGITUDINE_CENTRALE":"8.36521","POS_X_CENTRALE":"450730.24273","POS_Y_CENTRALE":"5079654.56639","TIPO_ADSL":"ADSL_M","DESCRIZIONE_TIPO_ADSL":"ADSL Mini","DISTANZA_CALCOLATA":"2529.69","CLASSE_DISTANZA":"2500-2899","POTENZA_SEGNALE":"0.64","POPOLAZIONE_SEZIONE": ""}
			},
		 		{ "type" : "Feature",
				"geometry" : {
					"type" : "Point",
					"coordinates" : [8.35547,45.88921]},
			"properties" : { "ANNO":"2010","ID_SEZIONE":"26458","ISTAT_COMUNE_SEZ":"103058","COMUNE_SEZ":"QUARNA SOPRA","PROVINCIA":"VB","ID_CENTRALE":"1073","NOME_CENTRALE":"QUARNA","ISTAT_COMUNE_CENTR":"103059","COMUNE_CENTR":"QUARNA SOTTO","PROVINCIA_CENTR":"VB","INDIRIZZO_CENTRALE":"STRADA PROV.QUARNA-OMEGNA","LATITUDINE_SEZIONE":"45.88921","LONGITUDINE_SEZIONE":"8.35547","POS_X_SEZIONE":"449993.03154","POS_Y_SEZIONE":"5081939.73517","LATITUDINE_CENTRALE":"45.86869","LONGITUDINE_CENTRALE":"8.36521","POS_X_CENTRALE":"450730.24273","POS_Y_CENTRALE":"5079654.56639","TIPO_ADSL":"ADSL_M","DESCRIZIONE_TIPO_ADSL":"ADSL Mini","DISTANZA_CALCOLATA":"2401.14","CLASSE_DISTANZA":"2100-2499","POTENZA_SEGNALE":"0.64","POPOLAZIONE_SEZIONE": ""}
			},
		 		{ "type" : "Feature",
				"geometry" : {
					"type" : "Point",
					"coordinates" : [8.31826,45.87637]},
			"properties" : { "ANNO":"2010","ID_SEZIONE":"32399","ISTAT_COMUNE_SEZ":"103059","COMUNE_SEZ":"QUARNA SOTTO","PROVINCIA":"VB","ID_CENTRALE":"1073","NOME_CENTRALE":"QUARNA","ISTAT_COMUNE_CENTR":"103059","COMUNE_CENTR":"QUARNA SOTTO","PROVINCIA_CENTR":"VB","INDIRIZZO_CENTRALE":"STRADA PROV.QUARNA-OMEGNA","LATITUDINE_SEZIONE":"45.87637","LONGITUDINE_SEZIONE":"8.31826","POS_X_SEZIONE":"447093.99026","POS_Y_SEZIONE":"5080537.26374","LATITUDINE_CENTRALE":"45.86869","LONGITUDINE_CENTRALE":"8.36521","POS_X_CENTRALE":"450730.24273","POS_Y_CENTRALE":"5079654.56639","TIPO_ADSL":"ADSL_M","DESCRIZIONE_TIPO_ADSL":"ADSL Mini","DISTANZA_CALCOLATA":"3741.86","CLASSE_DISTANZA":"3700-4099","POTENZA_SEGNALE":"0.64","POPOLAZIONE_SEZIONE": ""}
			}
		 		]
	}
		