 	{ "type" : "FeatureCollection",
		"features" : [
		 		{ "type" : "Feature",
				"geometry" : {
					"type" : "Point",
					"coordinates" : [8.45026,45.57185]},
			"properties" : { "ANNO":"2010","ID_SEZIONE":"2151","ISTAT_COMUNE_SEZ":"3139","COMUNE_SEZ":"SIZZANO","PROVINCIA":"NO","ID_CENTRALE":"1351","NOME_CENTRALE":"SIZZANO","ISTAT_COMUNE_CENTR":"3139","COMUNE_CENTR":"SIZZANO","PROVINCIA_CENTR":"NO","INDIRIZZO_CENTRALE":"C.SO ITALIA","LATITUDINE_SEZIONE":"45.57185","LONGITUDINE_SEZIONE":"8.45026","POS_X_SEZIONE":"457105.14368","POS_Y_SEZIONE":"5046626.14742","LATITUDINE_CENTRALE":"45.57950","LONGITUDINE_CENTRALE":"8.43557","POS_X_CENTRALE":"455964.67250","POS_Y_CENTRALE":"5047483.60200","TIPO_ADSL":"ADSL_M","DESCRIZIONE_TIPO_ADSL":"ADSL Mini","DISTANZA_CALCOLATA":"1426.85","CLASSE_DISTANZA":"1300-1699","POTENZA_SEGNALE":"0.64","POPOLAZIONE_SEZIONE": "40"}
			},
		 		{ "type" : "Feature",
				"geometry" : {
					"type" : "Point",
					"coordinates" : [8.42853,45.56618]},
			"properties" : { "ANNO":"2010","ID_SEZIONE":"6398","ISTAT_COMUNE_SEZ":"3139","COMUNE_SEZ":"SIZZANO","PROVINCIA":"NO","ID_CENTRALE":"1351","NOME_CENTRALE":"SIZZANO","ISTAT_COMUNE_CENTR":"3139","COMUNE_CENTR":"SIZZANO","PROVINCIA_CENTR":"NO","INDIRIZZO_CENTRALE":"C.SO ITALIA","LATITUDINE_SEZIONE":"45.56618","LONGITUDINE_SEZIONE":"8.42853","POS_X_SEZIONE":"455405.42502","POS_Y_SEZIONE":"5046008.14858","LATITUDINE_CENTRALE":"45.57950","LONGITUDINE_CENTRALE":"8.43557","POS_X_CENTRALE":"455964.67250","POS_Y_CENTRALE":"5047483.60200","TIPO_ADSL":"ADSL_M","DESCRIZIONE_TIPO_ADSL":"ADSL Mini","DISTANZA_CALCOLATA":"1577.88","CLASSE_DISTANZA":"1300-1699","POTENZA_SEGNALE":"0.64","POPOLAZIONE_SEZIONE": "42"}
			},
		 		{ "type" : "Feature",
				"geometry" : {
					"type" : "Point",
					"coordinates" : [8.43509,45.57426]},
			"properties" : { "ANNO":"2010","ID_SEZIONE":"6961","ISTAT_COMUNE_SEZ":"3139","COMUNE_SEZ":"SIZZANO","PROVINCIA":"NO","ID_CENTRALE":"1351","NOME_CENTRALE":"SIZZANO","ISTAT_COMUNE_CENTR":"3139","COMUNE_CENTR":"SIZZANO","PROVINCIA_CENTR":"NO","INDIRIZZO_CENTRALE":"C.SO ITALIA","LATITUDINE_SEZIONE":"45.57426","LONGITUDINE_SEZIONE":"8.43509","POS_X_SEZIONE":"455923.29254","POS_Y_SEZIONE":"5046902.13949","LATITUDINE_CENTRALE":"45.57950","LONGITUDINE_CENTRALE":"8.43557","POS_X_CENTRALE":"455964.67250","POS_Y_CENTRALE":"5047483.60200","TIPO_ADSL":"ADSL_M","DESCRIZIONE_TIPO_ADSL":"ADSL Mini","DISTANZA_CALCOLATA":"582.93","CLASSE_DISTANZA":"500-899","POTENZA_SEGNALE":"0.64","POPOLAZIONE_SEZIONE": "605"}
			},
		 		{ "type" : "Feature",
				"geometry" : {
					"type" : "Point",
					"coordinates" : [8.46537,45.58106]},
			"properties" : { "ANNO":"2010","ID_SEZIONE":"12588","ISTAT_COMUNE_SEZ":"3139","COMUNE_SEZ":"SIZZANO","PROVINCIA":"NO","ID_CENTRALE":"1351","NOME_CENTRALE":"SIZZANO","ISTAT_COMUNE_CENTR":"3139","COMUNE_CENTR":"SIZZANO","PROVINCIA_CENTR":"NO","INDIRIZZO_CENTRALE":"C.SO ITALIA","LATITUDINE_SEZIONE":"45.58106","LONGITUDINE_SEZIONE":"8.46537","POS_X_SEZIONE":"458290.65050","POS_Y_SEZIONE":"5047640.63549","LATITUDINE_CENTRALE":"45.57950","LONGITUDINE_CENTRALE":"8.43557","POS_X_CENTRALE":"455964.67250","POS_Y_CENTRALE":"5047483.60200","TIPO_ADSL":"ADSL_M","DESCRIZIONE_TIPO_ADSL":"ADSL Mini","DISTANZA_CALCOLATA":"2331.27","CLASSE_DISTANZA":"2100-2499","POTENZA_SEGNALE":"0.64","POPOLAZIONE_SEZIONE": ""}
			},
		 		{ "type" : "Feature",
				"geometry" : {
					"type" : "Point",
					"coordinates" : [8.44230,45.58334]},
			"properties" : { "ANNO":"2010","ID_SEZIONE":"16938","ISTAT_COMUNE_SEZ":"3139","COMUNE_SEZ":"SIZZANO","PROVINCIA":"NO","ID_CENTRALE":"1351","NOME_CENTRALE":"SIZZANO","ISTAT_COMUNE_CENTR":"3139","COMUNE_CENTR":"SIZZANO","PROVINCIA_CENTR":"NO","INDIRIZZO_CENTRALE":"C.SO ITALIA","LATITUDINE_SEZIONE":"45.58334","LONGITUDINE_SEZIONE":"8.44230","POS_X_SEZIONE":"456492.84544","POS_Y_SEZIONE":"5047907.12842","LATITUDINE_CENTRALE":"45.57950","LONGITUDINE_CENTRALE":"8.43557","POS_X_CENTRALE":"455964.67250","POS_Y_CENTRALE":"5047483.60200","TIPO_ADSL":"ADSL_M","DESCRIZIONE_TIPO_ADSL":"ADSL Mini","DISTANZA_CALCOLATA":"677.01","CLASSE_DISTANZA":"500-899","POTENZA_SEGNALE":"0.64","POPOLAZIONE_SEZIONE": "44"}
			},
		 		{ "type" : "Feature",
				"geometry" : {
					"type" : "Point",
					"coordinates" : [8.45012,45.58685]},
			"properties" : { "ANNO":"2010","ID_SEZIONE":"19012","ISTAT_COMUNE_SEZ":"3139","COMUNE_SEZ":"SIZZANO","PROVINCIA":"NO","ID_CENTRALE":"1351","NOME_CENTRALE":"SIZZANO","ISTAT_COMUNE_CENTR":"3139","COMUNE_CENTR":"SIZZANO","PROVINCIA_CENTR":"NO","INDIRIZZO_CENTRALE":"C.SO ITALIA","LATITUDINE_SEZIONE":"45.58685","LONGITUDINE_SEZIONE":"8.45012","POS_X_SEZIONE":"457105.39712","POS_Y_SEZIONE":"5048292.12375","LATITUDINE_CENTRALE":"45.57950","LONGITUDINE_CENTRALE":"8.43557","POS_X_CENTRALE":"455964.67250","POS_Y_CENTRALE":"5047483.60200","TIPO_ADSL":"ADSL_M","DESCRIZIONE_TIPO_ADSL":"ADSL Mini","DISTANZA_CALCOLATA":"1398.2","CLASSE_DISTANZA":"1300-1699","POTENZA_SEGNALE":"0.64","POPOLAZIONE_SEZIONE": ""}
			},
		 		{ "type" : "Feature",
				"geometry" : {
					"type" : "Point",
					"coordinates" : [8.43678,45.57763]},
			"properties" : { "ANNO":"2010","ID_SEZIONE":"31430","ISTAT_COMUNE_SEZ":"3139","COMUNE_SEZ":"SIZZANO","PROVINCIA":"NO","ID_CENTRALE":"1351","NOME_CENTRALE":"SIZZANO","ISTAT_COMUNE_CENTR":"3139","COMUNE_CENTR":"SIZZANO","PROVINCIA_CENTR":"NO","INDIRIZZO_CENTRALE":"C.SO ITALIA","LATITUDINE_SEZIONE":"45.57763","LONGITUDINE_SEZIONE":"8.43678","POS_X_SEZIONE":"456057.75859","POS_Y_SEZIONE":"5047275.63478","LATITUDINE_CENTRALE":"45.57950","LONGITUDINE_CENTRALE":"8.43557","POS_X_CENTRALE":"455964.67250","POS_Y_CENTRALE":"5047483.60200","TIPO_ADSL":"ADSL_M","DESCRIZIONE_TIPO_ADSL":"ADSL Mini","DISTANZA_CALCOLATA":"227.85","CLASSE_DISTANZA":"100-499","POTENZA_SEGNALE":"0.64","POPOLAZIONE_SEZIONE": "727"}
			}
		 		]
	}
		