 	{ "type" : "FeatureCollection",
		"features" : [
		 		{ "type" : "Feature",
				"geometry" : {
					"type" : "Point",
					"coordinates" : [8.63574,45.57144]},
			"properties" : { "ANNO":"2010","ID_SEZIONE":"134","ISTAT_COMUNE_SEZ":"3016","COMUNE_SEZ":"BELLINZAGO NOVARESE","PROVINCIA":"NO","ID_CENTRALE":"138","NOME_CENTRALE":"BELLINZAGO NOVARESE","ISTAT_COMUNE_CENTR":"3016","COMUNE_CENTR":"BELLINZAGO NOVARESE","PROVINCIA_CENTR":"NO","INDIRIZZO_CENTRALE":"FOSCOLO 6","LATITUDINE_SEZIONE":"45.57144","LONGITUDINE_SEZIONE":"8.63574","POS_X_SEZIONE":"471577.78779","POS_Y_SEZIONE":"5046498.17200","LATITUDINE_CENTRALE":"45.56627","LONGITUDINE_CENTRALE":"8.64084","POS_X_CENTRALE":"471973.08910","POS_Y_CENTRALE":"5045922.04079","TIPO_ADSL":"ADSL_2P","DESCRIZIONE_TIPO_ADSL":"ADSL 2+ (24 mega)","DISTANZA_CALCOLATA":"698.71","CLASSE_DISTANZA":"500-899","POTENZA_SEGNALE":"19523.33","POPOLAZIONE_SEZIONE": "597"}
			},
		 		{ "type" : "Feature",
				"geometry" : {
					"type" : "Point",
					"coordinates" : [8.63578,45.53229]},
			"properties" : { "ANNO":"2010","ID_SEZIONE":"2922","ISTAT_COMUNE_SEZ":"3016","COMUNE_SEZ":"BELLINZAGO NOVARESE","PROVINCIA":"NO","ID_CENTRALE":"138","NOME_CENTRALE":"BELLINZAGO NOVARESE","ISTAT_COMUNE_CENTR":"3016","COMUNE_CENTR":"BELLINZAGO NOVARESE","PROVINCIA_CENTR":"NO","INDIRIZZO_CENTRALE":"FOSCOLO 6","LATITUDINE_SEZIONE":"45.53229","LONGITUDINE_SEZIONE":"8.63578","POS_X_SEZIONE":"471561.05307","POS_Y_SEZIONE":"5042148.74121","LATITUDINE_CENTRALE":"45.56627","LONGITUDINE_CENTRALE":"8.64084","POS_X_CENTRALE":"471973.08910","POS_Y_CENTRALE":"5045922.04079","TIPO_ADSL":"ADSL_2P","DESCRIZIONE_TIPO_ADSL":"ADSL 2+ (24 mega)","DISTANZA_CALCOLATA":"3795.73","CLASSE_DISTANZA":"3700-4099","POTENZA_SEGNALE":"2857.5","POPOLAZIONE_SEZIONE": "20"}
			},
		 		{ "type" : "Feature",
				"geometry" : {
					"type" : "Point",
					"coordinates" : [8.63802,45.52952]},
			"properties" : { "ANNO":"2010","ID_SEZIONE":"3754","ISTAT_COMUNE_SEZ":"3016","COMUNE_SEZ":"BELLINZAGO NOVARESE","PROVINCIA":"NO","ID_CENTRALE":"138","NOME_CENTRALE":"BELLINZAGO NOVARESE","ISTAT_COMUNE_CENTR":"3016","COMUNE_CENTR":"BELLINZAGO NOVARESE","PROVINCIA_CENTR":"NO","INDIRIZZO_CENTRALE":"FOSCOLO 6","LATITUDINE_SEZIONE":"45.52952","LONGITUDINE_SEZIONE":"8.63802","POS_X_SEZIONE":"471734.58369","POS_Y_SEZIONE":"5041840.24636","LATITUDINE_CENTRALE":"45.56627","LONGITUDINE_CENTRALE":"8.64084","POS_X_CENTRALE":"471973.08910","POS_Y_CENTRALE":"5045922.04079","TIPO_ADSL":"ADSL_2P","DESCRIZIONE_TIPO_ADSL":"ADSL 2+ (24 mega)","DISTANZA_CALCOLATA":"4088.76","CLASSE_DISTANZA":"3700-4099","POTENZA_SEGNALE":"2857.5","POPOLAZIONE_SEZIONE": "18"}
			},
		 		{ "type" : "Feature",
				"geometry" : {
					"type" : "Point",
					"coordinates" : [8.62456,45.53504]},
			"properties" : { "ANNO":"2010","ID_SEZIONE":"3755","ISTAT_COMUNE_SEZ":"3016","COMUNE_SEZ":"BELLINZAGO NOVARESE","PROVINCIA":"NO","ID_CENTRALE":"138","NOME_CENTRALE":"BELLINZAGO NOVARESE","ISTAT_COMUNE_CENTR":"3016","COMUNE_CENTR":"BELLINZAGO NOVARESE","PROVINCIA_CENTR":"NO","INDIRIZZO_CENTRALE":"FOSCOLO 6","LATITUDINE_SEZIONE":"45.53504","LONGITUDINE_SEZIONE":"8.62456","POS_X_SEZIONE":"470686.21505","POS_Y_SEZIONE":"5042457.73424","LATITUDINE_CENTRALE":"45.56627","LONGITUDINE_CENTRALE":"8.64084","POS_X_CENTRALE":"471973.08910","POS_Y_CENTRALE":"5045922.04079","TIPO_ADSL":"ADSL_2P","DESCRIZIONE_TIPO_ADSL":"ADSL 2+ (24 mega)","DISTANZA_CALCOLATA":"3695.6","CLASSE_DISTANZA":"3300-3699","POTENZA_SEGNALE":"4047.5","POPOLAZIONE_SEZIONE": "10"}
			},
		 		{ "type" : "Feature",
				"geometry" : {
					"type" : "Point",
					"coordinates" : [8.66051,45.53806]},
			"properties" : { "ANNO":"2010","ID_SEZIONE":"3955","ISTAT_COMUNE_SEZ":"3016","COMUNE_SEZ":"BELLINZAGO NOVARESE","PROVINCIA":"NO","ID_CENTRALE":"138","NOME_CENTRALE":"BELLINZAGO NOVARESE","ISTAT_COMUNE_CENTR":"3016","COMUNE_CENTR":"BELLINZAGO NOVARESE","PROVINCIA_CENTR":"NO","INDIRIZZO_CENTRALE":"FOSCOLO 6","LATITUDINE_SEZIONE":"45.53806","LONGITUDINE_SEZIONE":"8.66051","POS_X_SEZIONE":"473494.75419","POS_Y_SEZIONE":"5042780.73558","LATITUDINE_CENTRALE":"45.56627","LONGITUDINE_CENTRALE":"8.64084","POS_X_CENTRALE":"471973.08910","POS_Y_CENTRALE":"5045922.04079","TIPO_ADSL":"ADSL_2P","DESCRIZIONE_TIPO_ADSL":"ADSL 2+ (24 mega)","DISTANZA_CALCOLATA":"3490.45","CLASSE_DISTANZA":"3300-3699","POTENZA_SEGNALE":"4047.5","POPOLAZIONE_SEZIONE": ""}
			},
		 		{ "type" : "Feature",
				"geometry" : {
					"type" : "Point",
					"coordinates" : [8.63014,45.53397]},
			"properties" : { "ANNO":"2010","ID_SEZIONE":"5129","ISTAT_COMUNE_SEZ":"3016","COMUNE_SEZ":"BELLINZAGO NOVARESE","PROVINCIA":"NO","ID_CENTRALE":"138","NOME_CENTRALE":"BELLINZAGO NOVARESE","ISTAT_COMUNE_CENTR":"3016","COMUNE_CENTR":"BELLINZAGO NOVARESE","PROVINCIA_CENTR":"NO","INDIRIZZO_CENTRALE":"FOSCOLO 6","LATITUDINE_SEZIONE":"45.53397","LONGITUDINE_SEZIONE":"8.63014","POS_X_SEZIONE":"471121.33672","POS_Y_SEZIONE":"5042336.73737","LATITUDINE_CENTRALE":"45.56627","LONGITUDINE_CENTRALE":"8.64084","POS_X_CENTRALE":"471973.08910","POS_Y_CENTRALE":"5045922.04079","TIPO_ADSL":"ADSL_2P","DESCRIZIONE_TIPO_ADSL":"ADSL 2+ (24 mega)","DISTANZA_CALCOLATA":"3685.09","CLASSE_DISTANZA":"3300-3699","POTENZA_SEGNALE":"4047.5","POPOLAZIONE_SEZIONE": "123"}
			},
		 		{ "type" : "Feature",
				"geometry" : {
					"type" : "Point",
					"coordinates" : [8.64326,45.57036]},
			"properties" : { "ANNO":"2010","ID_SEZIONE":"5499","ISTAT_COMUNE_SEZ":"3016","COMUNE_SEZ":"BELLINZAGO NOVARESE","PROVINCIA":"NO","ID_CENTRALE":"138","NOME_CENTRALE":"BELLINZAGO NOVARESE","ISTAT_COMUNE_CENTR":"3016","COMUNE_CENTR":"BELLINZAGO NOVARESE","PROVINCIA_CENTR":"NO","INDIRIZZO_CENTRALE":"FOSCOLO 6","LATITUDINE_SEZIONE":"45.57036","LONGITUDINE_SEZIONE":"8.64326","POS_X_SEZIONE":"472164.03291","POS_Y_SEZIONE":"5046375.17526","LATITUDINE_CENTRALE":"45.56627","LONGITUDINE_CENTRALE":"8.64084","POS_X_CENTRALE":"471973.08910","POS_Y_CENTRALE":"5045922.04079","TIPO_ADSL":"ADSL_2P","DESCRIZIONE_TIPO_ADSL":"ADSL 2+ (24 mega)","DISTANZA_CALCOLATA":"491.72","CLASSE_DISTANZA":"100-499","POTENZA_SEGNALE":"19761.67","POPOLAZIONE_SEZIONE": "755"}
			},
		 		{ "type" : "Feature",
				"geometry" : {
					"type" : "Point",
					"coordinates" : [8.63873,45.57438]},
			"properties" : { "ANNO":"2010","ID_SEZIONE":"6399","ISTAT_COMUNE_SEZ":"3016","COMUNE_SEZ":"BELLINZAGO NOVARESE","PROVINCIA":"NO","ID_CENTRALE":"138","NOME_CENTRALE":"BELLINZAGO NOVARESE","ISTAT_COMUNE_CENTR":"3016","COMUNE_CENTR":"BELLINZAGO NOVARESE","PROVINCIA_CENTR":"NO","INDIRIZZO_CENTRALE":"FOSCOLO 6","LATITUDINE_SEZIONE":"45.57438","LONGITUDINE_SEZIONE":"8.63873","POS_X_SEZIONE":"471812.44046","POS_Y_SEZIONE":"5046823.16758","LATITUDINE_CENTRALE":"45.56627","LONGITUDINE_CENTRALE":"8.64084","POS_X_CENTRALE":"471973.08910","POS_Y_CENTRALE":"5045922.04079","TIPO_ADSL":"ADSL_2P","DESCRIZIONE_TIPO_ADSL":"ADSL 2+ (24 mega)","DISTANZA_CALCOLATA":"915.33","CLASSE_DISTANZA":"900-1299","POTENZA_SEGNALE":"17737.5","POPOLAZIONE_SEZIONE": "762"}
			},
		 		{ "type" : "Feature",
				"geometry" : {
					"type" : "Point",
					"coordinates" : [8.64154,45.52459]},
			"properties" : { "ANNO":"2010","ID_SEZIONE":"6606","ISTAT_COMUNE_SEZ":"3016","COMUNE_SEZ":"BELLINZAGO NOVARESE","PROVINCIA":"NO","ID_CENTRALE":"138","NOME_CENTRALE":"BELLINZAGO NOVARESE","ISTAT_COMUNE_CENTR":"3016","COMUNE_CENTR":"BELLINZAGO NOVARESE","PROVINCIA_CENTR":"NO","INDIRIZZO_CENTRALE":"FOSCOLO 6","LATITUDINE_SEZIONE":"45.52459","LONGITUDINE_SEZIONE":"8.64154","POS_X_SEZIONE":"472006.58369","POS_Y_SEZIONE":"5041290.75567","LATITUDINE_CENTRALE":"45.56627","LONGITUDINE_CENTRALE":"8.64084","POS_X_CENTRALE":"471973.08910","POS_Y_CENTRALE":"5045922.04079","TIPO_ADSL":"ADSL_2P","DESCRIZIONE_TIPO_ADSL":"ADSL 2+ (24 mega)","DISTANZA_CALCOLATA":"4631.41","CLASSE_DISTANZA":"4500-4899","POTENZA_SEGNALE":"1428.33","POPOLAZIONE_SEZIONE": "16"}
			},
		 		{ "type" : "Feature",
				"geometry" : {
					"type" : "Point",
					"coordinates" : [8.63976,45.56944]},
			"properties" : { "ANNO":"2010","ID_SEZIONE":"9079","ISTAT_COMUNE_SEZ":"3016","COMUNE_SEZ":"BELLINZAGO NOVARESE","PROVINCIA":"NO","ID_CENTRALE":"138","NOME_CENTRALE":"BELLINZAGO NOVARESE","ISTAT_COMUNE_CENTR":"3016","COMUNE_CENTR":"BELLINZAGO NOVARESE","PROVINCIA_CENTR":"NO","INDIRIZZO_CENTRALE":"FOSCOLO 6","LATITUDINE_SEZIONE":"45.56944","LONGITUDINE_SEZIONE":"8.63976","POS_X_SEZIONE":"471890.25473","POS_Y_SEZIONE":"5046273.67638","LATITUDINE_CENTRALE":"45.56627","LONGITUDINE_CENTRALE":"8.64084","POS_X_CENTRALE":"471973.08910","POS_Y_CENTRALE":"5045922.04079","TIPO_ADSL":"ADSL_2P","DESCRIZIONE_TIPO_ADSL":"ADSL 2+ (24 mega)","DISTANZA_CALCOLATA":"361.26","CLASSE_DISTANZA":"100-499","POTENZA_SEGNALE":"19761.67","POPOLAZIONE_SEZIONE": "474"}
			},
		 		{ "type" : "Feature",
				"geometry" : {
					"type" : "Point",
					"coordinates" : [8.63502,45.57922]},
			"properties" : { "ANNO":"2010","ID_SEZIONE":"10214","ISTAT_COMUNE_SEZ":"3016","COMUNE_SEZ":"BELLINZAGO NOVARESE","PROVINCIA":"NO","ID_CENTRALE":"138","NOME_CENTRALE":"BELLINZAGO NOVARESE","ISTAT_COMUNE_CENTR":"3016","COMUNE_CENTR":"BELLINZAGO NOVARESE","PROVINCIA_CENTR":"NO","INDIRIZZO_CENTRALE":"FOSCOLO 6","LATITUDINE_SEZIONE":"45.57922","LONGITUDINE_SEZIONE":"8.63502","POS_X_SEZIONE":"471525.47265","POS_Y_SEZIONE":"5047362.15818","LATITUDINE_CENTRALE":"45.56627","LONGITUDINE_CENTRALE":"8.64084","POS_X_CENTRALE":"471973.08910","POS_Y_CENTRALE":"5045922.04079","TIPO_ADSL":"ADSL_2P","DESCRIZIONE_TIPO_ADSL":"ADSL 2+ (24 mega)","DISTANZA_CALCOLATA":"1508.08","CLASSE_DISTANZA":"1300-1699","POTENZA_SEGNALE":"16071.67","POPOLAZIONE_SEZIONE": "10"}
			},
		 		{ "type" : "Feature",
				"geometry" : {
					"type" : "Point",
					"coordinates" : [8.64615,45.56612]},
			"properties" : { "ANNO":"2010","ID_SEZIONE":"10215","ISTAT_COMUNE_SEZ":"3016","COMUNE_SEZ":"BELLINZAGO NOVARESE","PROVINCIA":"NO","ID_CENTRALE":"138","NOME_CENTRALE":"BELLINZAGO NOVARESE","ISTAT_COMUNE_CENTR":"3016","COMUNE_CENTR":"BELLINZAGO NOVARESE","PROVINCIA_CENTR":"NO","INDIRIZZO_CENTRALE":"FOSCOLO 6","LATITUDINE_SEZIONE":"45.56612","LONGITUDINE_SEZIONE":"8.64615","POS_X_SEZIONE":"472387.00174","POS_Y_SEZIONE":"5045902.68323","LATITUDINE_CENTRALE":"45.56627","LONGITUDINE_CENTRALE":"8.64084","POS_X_CENTRALE":"471973.08910","POS_Y_CENTRALE":"5045922.04079","TIPO_ADSL":"ADSL_2P","DESCRIZIONE_TIPO_ADSL":"ADSL 2+ (24 mega)","DISTANZA_CALCOLATA":"414.37","CLASSE_DISTANZA":"100-499","POTENZA_SEGNALE":"19761.67","POPOLAZIONE_SEZIONE": "836"}
			},
		 		{ "type" : "Feature",
				"geometry" : {
					"type" : "Point",
					"coordinates" : [8.60626,45.56865]},
			"properties" : { "ANNO":"2010","ID_SEZIONE":"10773","ISTAT_COMUNE_SEZ":"3016","COMUNE_SEZ":"BELLINZAGO NOVARESE","PROVINCIA":"NO","ID_CENTRALE":"138","NOME_CENTRALE":"BELLINZAGO NOVARESE","ISTAT_COMUNE_CENTR":"3016","COMUNE_CENTR":"BELLINZAGO NOVARESE","PROVINCIA_CENTR":"NO","INDIRIZZO_CENTRALE":"FOSCOLO 6","LATITUDINE_SEZIONE":"45.56865","LONGITUDINE_SEZIONE":"8.60626","POS_X_SEZIONE":"469275.99707","POS_Y_SEZIONE":"5046199.17219","LATITUDINE_CENTRALE":"45.56627","LONGITUDINE_CENTRALE":"8.64084","POS_X_CENTRALE":"471973.08910","POS_Y_CENTRALE":"5045922.04079","TIPO_ADSL":"ADSL_2P","DESCRIZIONE_TIPO_ADSL":"ADSL 2+ (24 mega)","DISTANZA_CALCOLATA":"2711.29","CLASSE_DISTANZA":"2500-2899","POTENZA_SEGNALE":"7380.83","POPOLAZIONE_SEZIONE": ""}
			},
		 		{ "type" : "Feature",
				"geometry" : {
					"type" : "Point",
					"coordinates" : [8.64624,45.57171]},
			"properties" : { "ANNO":"2010","ID_SEZIONE":"11364","ISTAT_COMUNE_SEZ":"3016","COMUNE_SEZ":"BELLINZAGO NOVARESE","PROVINCIA":"NO","ID_CENTRALE":"138","NOME_CENTRALE":"BELLINZAGO NOVARESE","ISTAT_COMUNE_CENTR":"3016","COMUNE_CENTR":"BELLINZAGO NOVARESE","PROVINCIA_CENTR":"NO","INDIRIZZO_CENTRALE":"FOSCOLO 6","LATITUDINE_SEZIONE":"45.57171","LONGITUDINE_SEZIONE":"8.64624","POS_X_SEZIONE":"472396.62427","POS_Y_SEZIONE":"5046524.67312","LATITUDINE_CENTRALE":"45.56627","LONGITUDINE_CENTRALE":"8.64084","POS_X_CENTRALE":"471973.08910","POS_Y_CENTRALE":"5045922.04079","TIPO_ADSL":"ADSL_2P","DESCRIZIONE_TIPO_ADSL":"ADSL 2+ (24 mega)","DISTANZA_CALCOLATA":"736.58","CLASSE_DISTANZA":"500-899","POTENZA_SEGNALE":"19523.33","POPOLAZIONE_SEZIONE": "692"}
			},
		 		{ "type" : "Feature",
				"geometry" : {
					"type" : "Point",
					"coordinates" : [8.64045,45.56697]},
			"properties" : { "ANNO":"2010","ID_SEZIONE":"12253","ISTAT_COMUNE_SEZ":"3016","COMUNE_SEZ":"BELLINZAGO NOVARESE","PROVINCIA":"NO","ID_CENTRALE":"138","NOME_CENTRALE":"BELLINZAGO NOVARESE","ISTAT_COMUNE_CENTR":"3016","COMUNE_CENTR":"BELLINZAGO NOVARESE","PROVINCIA_CENTR":"NO","INDIRIZZO_CENTRALE":"FOSCOLO 6","LATITUDINE_SEZIONE":"45.56697","LONGITUDINE_SEZIONE":"8.64045","POS_X_SEZIONE":"471942.47361","POS_Y_SEZIONE":"5045999.68061","LATITUDINE_CENTRALE":"45.56627","LONGITUDINE_CENTRALE":"8.64084","POS_X_CENTRALE":"471973.08910","POS_Y_CENTRALE":"5045922.04079","TIPO_ADSL":"ADSL_2P","DESCRIZIONE_TIPO_ADSL":"ADSL 2+ (24 mega)","DISTANZA_CALCOLATA":"83.46","CLASSE_DISTANZA":"0-99","POTENZA_SEGNALE":"19761.67","POPOLAZIONE_SEZIONE": "655"}
			},
		 		{ "type" : "Feature",
				"geometry" : {
					"type" : "Point",
					"coordinates" : [8.59941,45.54275]},
			"properties" : { "ANNO":"2010","ID_SEZIONE":"12254","ISTAT_COMUNE_SEZ":"3016","COMUNE_SEZ":"BELLINZAGO NOVARESE","PROVINCIA":"NO","ID_CENTRALE":"138","NOME_CENTRALE":"BELLINZAGO NOVARESE","ISTAT_COMUNE_CENTR":"3016","COMUNE_CENTR":"BELLINZAGO NOVARESE","PROVINCIA_CENTR":"NO","INDIRIZZO_CENTRALE":"FOSCOLO 6","LATITUDINE_SEZIONE":"45.54275","LONGITUDINE_SEZIONE":"8.59941","POS_X_SEZIONE":"468726.94721","POS_Y_SEZIONE":"5043323.71619","LATITUDINE_CENTRALE":"45.56627","LONGITUDINE_CENTRALE":"8.64084","POS_X_CENTRALE":"471973.08910","POS_Y_CENTRALE":"5045922.04079","TIPO_ADSL":"ADSL_2P","DESCRIZIONE_TIPO_ADSL":"ADSL 2+ (24 mega)","DISTANZA_CALCOLATA":"4157.97","CLASSE_DISTANZA":"4100-4499","POTENZA_SEGNALE":"2024.17","POPOLAZIONE_SEZIONE": ""}
			},
		 		{ "type" : "Feature",
				"geometry" : {
					"type" : "Point",
					"coordinates" : [8.65109,45.53187]},
			"properties" : { "ANNO":"2010","ID_SEZIONE":"12255","ISTAT_COMUNE_SEZ":"3016","COMUNE_SEZ":"BELLINZAGO NOVARESE","PROVINCIA":"NO","ID_CENTRALE":"138","NOME_CENTRALE":"BELLINZAGO NOVARESE","ISTAT_COMUNE_CENTR":"3016","COMUNE_CENTR":"BELLINZAGO NOVARESE","PROVINCIA_CENTR":"NO","INDIRIZZO_CENTRALE":"FOSCOLO 6","LATITUDINE_SEZIONE":"45.53187","LONGITUDINE_SEZIONE":"8.65109","POS_X_SEZIONE":"472756.13787","POS_Y_SEZIONE":"5042096.74454","LATITUDINE_CENTRALE":"45.56627","LONGITUDINE_CENTRALE":"8.64084","POS_X_CENTRALE":"471973.08910","POS_Y_CENTRALE":"5045922.04079","TIPO_ADSL":"ADSL_2P","DESCRIZIONE_TIPO_ADSL":"ADSL 2+ (24 mega)","DISTANZA_CALCOLATA":"3904.62","CLASSE_DISTANZA":"3700-4099","POTENZA_SEGNALE":"2857.5","POPOLAZIONE_SEZIONE": "14"}
			},
		 		{ "type" : "Feature",
				"geometry" : {
					"type" : "Point",
					"coordinates" : [8.60560,45.55666]},
			"properties" : { "ANNO":"2010","ID_SEZIONE":"12365","ISTAT_COMUNE_SEZ":"3016","COMUNE_SEZ":"BELLINZAGO NOVARESE","PROVINCIA":"NO","ID_CENTRALE":"138","NOME_CENTRALE":"BELLINZAGO NOVARESE","ISTAT_COMUNE_CENTR":"3016","COMUNE_CENTR":"BELLINZAGO NOVARESE","PROVINCIA_CENTR":"NO","INDIRIZZO_CENTRALE":"FOSCOLO 6","LATITUDINE_SEZIONE":"45.55666","LONGITUDINE_SEZIONE":"8.60560","POS_X_SEZIONE":"469218.00129","POS_Y_SEZIONE":"5044867.19344","LATITUDINE_CENTRALE":"45.56627","LONGITUDINE_CENTRALE":"8.64084","POS_X_CENTRALE":"471973.08910","POS_Y_CENTRALE":"5045922.04079","TIPO_ADSL":"ADSL_2P","DESCRIZIONE_TIPO_ADSL":"ADSL 2+ (24 mega)","DISTANZA_CALCOLATA":"2950.12","CLASSE_DISTANZA":"2900-3299","POTENZA_SEGNALE":"5238.33","POPOLAZIONE_SEZIONE": "7"}
			},
		 		{ "type" : "Feature",
				"geometry" : {
					"type" : "Point",
					"coordinates" : [8.66545,45.55202]},
			"properties" : { "ANNO":"2010","ID_SEZIONE":"16939","ISTAT_COMUNE_SEZ":"3016","COMUNE_SEZ":"BELLINZAGO NOVARESE","PROVINCIA":"NO","ID_CENTRALE":"138","NOME_CENTRALE":"BELLINZAGO NOVARESE","ISTAT_COMUNE_CENTR":"3016","COMUNE_CENTR":"BELLINZAGO NOVARESE","PROVINCIA_CENTR":"NO","INDIRIZZO_CENTRALE":"FOSCOLO 6","LATITUDINE_SEZIONE":"45.55202","LONGITUDINE_SEZIONE":"8.66545","POS_X_SEZIONE":"473886.99483","POS_Y_SEZIONE":"5044330.71165","LATITUDINE_CENTRALE":"45.56627","LONGITUDINE_CENTRALE":"8.64084","POS_X_CENTRALE":"471973.08910","POS_Y_CENTRALE":"5045922.04079","TIPO_ADSL":"ADSL_2P","DESCRIZIONE_TIPO_ADSL":"ADSL 2+ (24 mega)","DISTANZA_CALCOLATA":"2489.05","CLASSE_DISTANZA":"2100-2499","POTENZA_SEGNALE":"10000","POPOLAZIONE_SEZIONE": "40"}
			},
		 		{ "type" : "Feature",
				"geometry" : {
					"type" : "Point",
					"coordinates" : [8.65394,45.56924]},
			"properties" : { "ANNO":"2010","ID_SEZIONE":"17350","ISTAT_COMUNE_SEZ":"3016","COMUNE_SEZ":"BELLINZAGO NOVARESE","PROVINCIA":"NO","ID_CENTRALE":"138","NOME_CENTRALE":"BELLINZAGO NOVARESE","ISTAT_COMUNE_CENTR":"3016","COMUNE_CENTR":"BELLINZAGO NOVARESE","PROVINCIA_CENTR":"NO","INDIRIZZO_CENTRALE":"FOSCOLO 6","LATITUDINE_SEZIONE":"45.56924","LONGITUDINE_SEZIONE":"8.65394","POS_X_SEZIONE":"472996.21313","POS_Y_SEZIONE":"5046247.17885","LATITUDINE_CENTRALE":"45.56627","LONGITUDINE_CENTRALE":"8.64084","POS_X_CENTRALE":"471973.08910","POS_Y_CENTRALE":"5045922.04079","TIPO_ADSL":"ADSL_2P","DESCRIZIONE_TIPO_ADSL":"ADSL 2+ (24 mega)","DISTANZA_CALCOLATA":"1073.54","CLASSE_DISTANZA":"900-1299","POTENZA_SEGNALE":"17737.5","POPOLAZIONE_SEZIONE": "550"}
			},
		 		{ "type" : "Feature",
				"geometry" : {
					"type" : "Point",
					"coordinates" : [8.63947,45.56123]},
			"properties" : { "ANNO":"2010","ID_SEZIONE":"17351","ISTAT_COMUNE_SEZ":"3016","COMUNE_SEZ":"BELLINZAGO NOVARESE","PROVINCIA":"NO","ID_CENTRALE":"138","NOME_CENTRALE":"BELLINZAGO NOVARESE","ISTAT_COMUNE_CENTR":"3016","COMUNE_CENTR":"BELLINZAGO NOVARESE","PROVINCIA_CENTR":"NO","INDIRIZZO_CENTRALE":"FOSCOLO 6","LATITUDINE_SEZIONE":"45.56123","LONGITUDINE_SEZIONE":"8.63947","POS_X_SEZIONE":"471863.60155","POS_Y_SEZIONE":"5045362.69065","LATITUDINE_CENTRALE":"45.56627","LONGITUDINE_CENTRALE":"8.64084","POS_X_CENTRALE":"471973.08910","POS_Y_CENTRALE":"5045922.04079","TIPO_ADSL":"ADSL_2P","DESCRIZIONE_TIPO_ADSL":"ADSL 2+ (24 mega)","DISTANZA_CALCOLATA":"569.97","CLASSE_DISTANZA":"500-899","POTENZA_SEGNALE":"19523.33","POPOLAZIONE_SEZIONE": "423"}
			},
		 		{ "type" : "Feature",
				"geometry" : {
					"type" : "Point",
					"coordinates" : [8.64384,45.57958]},
			"properties" : { "ANNO":"2010","ID_SEZIONE":"19373","ISTAT_COMUNE_SEZ":"3016","COMUNE_SEZ":"BELLINZAGO NOVARESE","PROVINCIA":"NO","ID_CENTRALE":"138","NOME_CENTRALE":"BELLINZAGO NOVARESE","ISTAT_COMUNE_CENTR":"3016","COMUNE_CENTR":"BELLINZAGO NOVARESE","PROVINCIA_CENTR":"NO","INDIRIZZO_CENTRALE":"FOSCOLO 6","LATITUDINE_SEZIONE":"45.57958","LONGITUDINE_SEZIONE":"8.64384","POS_X_SEZIONE":"472213.55969","POS_Y_SEZIONE":"5047399.15888","LATITUDINE_CENTRALE":"45.56627","LONGITUDINE_CENTRALE":"8.64084","POS_X_CENTRALE":"471973.08910","POS_Y_CENTRALE":"5045922.04079","TIPO_ADSL":"ADSL_2P","DESCRIZIONE_TIPO_ADSL":"ADSL 2+ (24 mega)","DISTANZA_CALCOLATA":"1496.56","CLASSE_DISTANZA":"1300-1699","POTENZA_SEGNALE":"16071.67","POPOLAZIONE_SEZIONE": "798"}
			},
		 		{ "type" : "Feature",
				"geometry" : {
					"type" : "Point",
					"coordinates" : [8.63932,45.57132]},
			"properties" : { "ANNO":"2010","ID_SEZIONE":"19374","ISTAT_COMUNE_SEZ":"3016","COMUNE_SEZ":"BELLINZAGO NOVARESE","PROVINCIA":"NO","ID_CENTRALE":"138","NOME_CENTRALE":"BELLINZAGO NOVARESE","ISTAT_COMUNE_CENTR":"3016","COMUNE_CENTR":"BELLINZAGO NOVARESE","PROVINCIA_CENTR":"NO","INDIRIZZO_CENTRALE":"FOSCOLO 6","LATITUDINE_SEZIONE":"45.57132","LONGITUDINE_SEZIONE":"8.63932","POS_X_SEZIONE":"471856.81652","POS_Y_SEZIONE":"5046483.17296","LATITUDINE_CENTRALE":"45.56627","LONGITUDINE_CENTRALE":"8.64084","POS_X_CENTRALE":"471973.08910","POS_Y_CENTRALE":"5045922.04079","TIPO_ADSL":"ADSL_2P","DESCRIZIONE_TIPO_ADSL":"ADSL 2+ (24 mega)","DISTANZA_CALCOLATA":"573.05","CLASSE_DISTANZA":"500-899","POTENZA_SEGNALE":"19523.33","POPOLAZIONE_SEZIONE": "521"}
			},
		 		{ "type" : "Feature",
				"geometry" : {
					"type" : "Point",
					"coordinates" : [8.66895,45.57313]},
			"properties" : { "ANNO":"2010","ID_SEZIONE":"20832","ISTAT_COMUNE_SEZ":"3016","COMUNE_SEZ":"BELLINZAGO NOVARESE","PROVINCIA":"NO","ID_CENTRALE":"138","NOME_CENTRALE":"BELLINZAGO NOVARESE","ISTAT_COMUNE_CENTR":"3016","COMUNE_CENTR":"BELLINZAGO NOVARESE","PROVINCIA_CENTR":"NO","INDIRIZZO_CENTRALE":"FOSCOLO 6","LATITUDINE_SEZIONE":"45.57313","LONGITUDINE_SEZIONE":"8.66895","POS_X_SEZIONE":"474169.57531","POS_Y_SEZIONE":"5046674.17456","LATITUDINE_CENTRALE":"45.56627","LONGITUDINE_CENTRALE":"8.64084","POS_X_CENTRALE":"471973.08910","POS_Y_CENTRALE":"5045922.04079","TIPO_ADSL":"ADSL_2P","DESCRIZIONE_TIPO_ADSL":"ADSL 2+ (24 mega)","DISTANZA_CALCOLATA":"2321.69","CLASSE_DISTANZA":"2100-2499","POTENZA_SEGNALE":"10000","POPOLAZIONE_SEZIONE": "3"}
			},
		 		{ "type" : "Feature",
				"geometry" : {
					"type" : "Point",
					"coordinates" : [8.65602,45.56224]},
			"properties" : { "ANNO":"2010","ID_SEZIONE":"21017","ISTAT_COMUNE_SEZ":"3016","COMUNE_SEZ":"BELLINZAGO NOVARESE","PROVINCIA":"NO","ID_CENTRALE":"138","NOME_CENTRALE":"BELLINZAGO NOVARESE","ISTAT_COMUNE_CENTR":"3016","COMUNE_CENTR":"BELLINZAGO NOVARESE","PROVINCIA_CENTR":"NO","INDIRIZZO_CENTRALE":"FOSCOLO 6","LATITUDINE_SEZIONE":"45.56224","LONGITUDINE_SEZIONE":"8.65602","POS_X_SEZIONE":"473155.87163","POS_Y_SEZIONE":"5045468.19184","LATITUDINE_CENTRALE":"45.56627","LONGITUDINE_CENTRALE":"8.64084","POS_X_CENTRALE":"471973.08910","POS_Y_CENTRALE":"5045922.04079","TIPO_ADSL":"ADSL_2P","DESCRIZIONE_TIPO_ADSL":"ADSL 2+ (24 mega)","DISTANZA_CALCOLATA":"1266.87","CLASSE_DISTANZA":"900-1299","POTENZA_SEGNALE":"17737.5","POPOLAZIONE_SEZIONE": "11"}
			},
		 		{ "type" : "Feature",
				"geometry" : {
					"type" : "Point",
					"coordinates" : [8.67979,45.56553]},
			"properties" : { "ANNO":"2010","ID_SEZIONE":"23044","ISTAT_COMUNE_SEZ":"3016","COMUNE_SEZ":"BELLINZAGO NOVARESE","PROVINCIA":"NO","ID_CENTRALE":"138","NOME_CENTRALE":"BELLINZAGO NOVARESE","ISTAT_COMUNE_CENTR":"3016","COMUNE_CENTR":"BELLINZAGO NOVARESE","PROVINCIA_CENTR":"NO","INDIRIZZO_CENTRALE":"FOSCOLO 6","LATITUDINE_SEZIONE":"45.56553","LONGITUDINE_SEZIONE":"8.67979","POS_X_SEZIONE":"475012.07131","POS_Y_SEZIONE":"5045826.18941","LATITUDINE_CENTRALE":"45.56627","LONGITUDINE_CENTRALE":"8.64084","POS_X_CENTRALE":"471973.08910","POS_Y_CENTRALE":"5045922.04079","TIPO_ADSL":"ADSL_2P","DESCRIZIONE_TIPO_ADSL":"ADSL 2+ (24 mega)","DISTANZA_CALCOLATA":"3040.49","CLASSE_DISTANZA":"2900-3299","POTENZA_SEGNALE":"5238.33","POPOLAZIONE_SEZIONE": "3"}
			},
		 		{ "type" : "Feature",
				"geometry" : {
					"type" : "Point",
					"coordinates" : [8.64313,45.54086]},
			"properties" : { "ANNO":"2010","ID_SEZIONE":"23046","ISTAT_COMUNE_SEZ":"3016","COMUNE_SEZ":"BELLINZAGO NOVARESE","PROVINCIA":"NO","ID_CENTRALE":"138","NOME_CENTRALE":"BELLINZAGO NOVARESE","ISTAT_COMUNE_CENTR":"3016","COMUNE_CENTR":"BELLINZAGO NOVARESE","PROVINCIA_CENTR":"NO","INDIRIZZO_CENTRALE":"FOSCOLO 6","LATITUDINE_SEZIONE":"45.54086","LONGITUDINE_SEZIONE":"8.64313","POS_X_SEZIONE":"472139.01403","POS_Y_SEZIONE":"5043097.72758","LATITUDINE_CENTRALE":"45.56627","LONGITUDINE_CENTRALE":"8.64084","POS_X_CENTRALE":"471973.08910","POS_Y_CENTRALE":"5045922.04079","TIPO_ADSL":"ADSL_2P","DESCRIZIONE_TIPO_ADSL":"ADSL 2+ (24 mega)","DISTANZA_CALCOLATA":"2829.18","CLASSE_DISTANZA":"2500-2899","POTENZA_SEGNALE":"7380.83","POPOLAZIONE_SEZIONE": "13"}
			},
		 		{ "type" : "Feature",
				"geometry" : {
					"type" : "Point",
					"coordinates" : [8.61843,45.55460]},
			"properties" : { "ANNO":"2010","ID_SEZIONE":"24461","ISTAT_COMUNE_SEZ":"3016","COMUNE_SEZ":"BELLINZAGO NOVARESE","PROVINCIA":"NO","ID_CENTRALE":"138","NOME_CENTRALE":"BELLINZAGO NOVARESE","ISTAT_COMUNE_CENTR":"3016","COMUNE_CENTR":"BELLINZAGO NOVARESE","PROVINCIA_CENTR":"NO","INDIRIZZO_CENTRALE":"FOSCOLO 6","LATITUDINE_SEZIONE":"45.55460","LONGITUDINE_SEZIONE":"8.61843","POS_X_SEZIONE":"470218.24295","POS_Y_SEZIONE":"5044633.19920","LATITUDINE_CENTRALE":"45.56627","LONGITUDINE_CENTRALE":"8.64084","POS_X_CENTRALE":"471973.08910","POS_Y_CENTRALE":"5045922.04079","TIPO_ADSL":"ADSL_2P","DESCRIZIONE_TIPO_ADSL":"ADSL 2+ (24 mega)","DISTANZA_CALCOLATA":"2177.29","CLASSE_DISTANZA":"2100-2499","POTENZA_SEGNALE":"10000","POPOLAZIONE_SEZIONE": "9"}
			},
		 		{ "type" : "Feature",
				"geometry" : {
					"type" : "Point",
					"coordinates" : [8.62480,45.54501]},
			"properties" : { "ANNO":"2010","ID_SEZIONE":"25571","ISTAT_COMUNE_SEZ":"3016","COMUNE_SEZ":"BELLINZAGO NOVARESE","PROVINCIA":"NO","ID_CENTRALE":"138","NOME_CENTRALE":"BELLINZAGO NOVARESE","ISTAT_COMUNE_CENTR":"3016","COMUNE_CENTR":"BELLINZAGO NOVARESE","PROVINCIA_CENTR":"NO","INDIRIZZO_CENTRALE":"FOSCOLO 6","LATITUDINE_SEZIONE":"45.54501","LONGITUDINE_SEZIONE":"8.62480","POS_X_SEZIONE":"470710.52430","POS_Y_SEZIONE":"5043565.71708","LATITUDINE_CENTRALE":"45.56627","LONGITUDINE_CENTRALE":"8.64084","POS_X_CENTRALE":"471973.08910","POS_Y_CENTRALE":"5045922.04079","TIPO_ADSL":"ADSL_2P","DESCRIZIONE_TIPO_ADSL":"ADSL 2+ (24 mega)","DISTANZA_CALCOLATA":"2673.26","CLASSE_DISTANZA":"2500-2899","POTENZA_SEGNALE":"7380.83","POPOLAZIONE_SEZIONE": "3"}
			},
		 		{ "type" : "Feature",
				"geometry" : {
					"type" : "Point",
					"coordinates" : [8.69817,45.56677]},
			"properties" : { "ANNO":"2010","ID_SEZIONE":"26762","ISTAT_COMUNE_SEZ":"3016","COMUNE_SEZ":"BELLINZAGO NOVARESE","PROVINCIA":"NO","ID_CENTRALE":"138","NOME_CENTRALE":"BELLINZAGO NOVARESE","ISTAT_COMUNE_CENTR":"3016","COMUNE_CENTR":"BELLINZAGO NOVARESE","PROVINCIA_CENTR":"NO","INDIRIZZO_CENTRALE":"FOSCOLO 6","LATITUDINE_SEZIONE":"45.56677","LONGITUDINE_SEZIONE":"8.69817","POS_X_SEZIONE":"476446.68302","POS_Y_SEZIONE":"5045959.19011","LATITUDINE_CENTRALE":"45.56627","LONGITUDINE_CENTRALE":"8.64084","POS_X_CENTRALE":"471973.08910","POS_Y_CENTRALE":"5045922.04079","TIPO_ADSL":"ADSL_2P","DESCRIZIONE_TIPO_ADSL":"ADSL 2+ (24 mega)","DISTANZA_CALCOLATA":"4473.75","CLASSE_DISTANZA":"4100-4499","POTENZA_SEGNALE":"2024.17","POPOLAZIONE_SEZIONE": "1"}
			},
		 		{ "type" : "Feature",
				"geometry" : {
					"type" : "Point",
					"coordinates" : [8.63302,45.55709]},
			"properties" : { "ANNO":"2010","ID_SEZIONE":"27661","ISTAT_COMUNE_SEZ":"3016","COMUNE_SEZ":"BELLINZAGO NOVARESE","PROVINCIA":"NO","ID_CENTRALE":"138","NOME_CENTRALE":"BELLINZAGO NOVARESE","ISTAT_COMUNE_CENTR":"3016","COMUNE_CENTR":"BELLINZAGO NOVARESE","PROVINCIA_CENTR":"NO","INDIRIZZO_CENTRALE":"FOSCOLO 6","LATITUDINE_SEZIONE":"45.55709","LONGITUDINE_SEZIONE":"8.63302","POS_X_SEZIONE":"471357.82644","POS_Y_SEZIONE":"5044904.69693","LATITUDINE_CENTRALE":"45.56627","LONGITUDINE_CENTRALE":"8.64084","POS_X_CENTRALE":"471973.08910","POS_Y_CENTRALE":"5045922.04079","TIPO_ADSL":"ADSL_2P","DESCRIZIONE_TIPO_ADSL":"ADSL 2+ (24 mega)","DISTANZA_CALCOLATA":"1188.92","CLASSE_DISTANZA":"900-1299","POTENZA_SEGNALE":"17737.5","POPOLAZIONE_SEZIONE": ""}
			},
		 		{ "type" : "Feature",
				"geometry" : {
					"type" : "Point",
					"coordinates" : [8.64835,45.57393]},
			"properties" : { "ANNO":"2010","ID_SEZIONE":"29147","ISTAT_COMUNE_SEZ":"3016","COMUNE_SEZ":"BELLINZAGO NOVARESE","PROVINCIA":"NO","ID_CENTRALE":"138","NOME_CENTRALE":"BELLINZAGO NOVARESE","ISTAT_COMUNE_CENTR":"3016","COMUNE_CENTR":"BELLINZAGO NOVARESE","PROVINCIA_CENTR":"NO","INDIRIZZO_CENTRALE":"FOSCOLO 6","LATITUDINE_SEZIONE":"45.57393","LONGITUDINE_SEZIONE":"8.64835","POS_X_SEZIONE":"472562.33973","POS_Y_SEZIONE":"5046769.66973","LATITUDINE_CENTRALE":"45.56627","LONGITUDINE_CENTRALE":"8.64084","POS_X_CENTRALE":"471973.08910","POS_Y_CENTRALE":"5045922.04079","TIPO_ADSL":"ADSL_2P","DESCRIZIONE_TIPO_ADSL":"ADSL 2+ (24 mega)","DISTANZA_CALCOLATA":"1032.32","CLASSE_DISTANZA":"900-1299","POTENZA_SEGNALE":"17737.5","POPOLAZIONE_SEZIONE": "948"}
			},
		 		{ "type" : "Feature",
				"geometry" : {
					"type" : "Point",
					"coordinates" : [8.62478,45.57091]},
			"properties" : { "ANNO":"2010","ID_SEZIONE":"30336","ISTAT_COMUNE_SEZ":"3016","COMUNE_SEZ":"BELLINZAGO NOVARESE","PROVINCIA":"NO","ID_CENTRALE":"138","NOME_CENTRALE":"BELLINZAGO NOVARESE","ISTAT_COMUNE_CENTR":"3016","COMUNE_CENTR":"BELLINZAGO NOVARESE","PROVINCIA_CENTR":"NO","INDIRIZZO_CENTRALE":"FOSCOLO 6","LATITUDINE_SEZIONE":"45.57091","LONGITUDINE_SEZIONE":"8.62478","POS_X_SEZIONE":"470722.10779","POS_Y_SEZIONE":"5046442.67120","LATITUDINE_CENTRALE":"45.56627","LONGITUDINE_CENTRALE":"8.64084","POS_X_CENTRALE":"471973.08910","POS_Y_CENTRALE":"5045922.04079","TIPO_ADSL":"ADSL_2P","DESCRIZIONE_TIPO_ADSL":"ADSL 2+ (24 mega)","DISTANZA_CALCOLATA":"1354.99","CLASSE_DISTANZA":"1300-1699","POTENZA_SEGNALE":"16071.67","POPOLAZIONE_SEZIONE": "27"}
			},
		 		{ "type" : "Feature",
				"geometry" : {
					"type" : "Point",
					"coordinates" : [8.61319,45.54957]},
			"properties" : { "ANNO":"2010","ID_SEZIONE":"31431","ISTAT_COMUNE_SEZ":"3016","COMUNE_SEZ":"BELLINZAGO NOVARESE","PROVINCIA":"NO","ID_CENTRALE":"138","NOME_CENTRALE":"BELLINZAGO NOVARESE","ISTAT_COMUNE_CENTR":"3016","COMUNE_CENTR":"BELLINZAGO NOVARESE","PROVINCIA_CENTR":"NO","INDIRIZZO_CENTRALE":"FOSCOLO 6","LATITUDINE_SEZIONE":"45.54957","LONGITUDINE_SEZIONE":"8.61319","POS_X_SEZIONE":"469806.43623","POS_Y_SEZIONE":"5044076.20669","LATITUDINE_CENTRALE":"45.56627","LONGITUDINE_CENTRALE":"8.64084","POS_X_CENTRALE":"471973.08910","POS_Y_CENTRALE":"5045922.04079","TIPO_ADSL":"ADSL_2P","DESCRIZIONE_TIPO_ADSL":"ADSL 2+ (24 mega)","DISTANZA_CALCOLATA":"2846.31","CLASSE_DISTANZA":"2500-2899","POTENZA_SEGNALE":"7380.83","POPOLAZIONE_SEZIONE": "14"}
			},
		 		{ "type" : "Feature",
				"geometry" : {
					"type" : "Point",
					"coordinates" : [8.61411,45.53580]},
			"properties" : { "ANNO":"2010","ID_SEZIONE":"32425","ISTAT_COMUNE_SEZ":"3016","COMUNE_SEZ":"BELLINZAGO NOVARESE","PROVINCIA":"NO","ID_CENTRALE":"138","NOME_CENTRALE":"BELLINZAGO NOVARESE","ISTAT_COMUNE_CENTR":"3016","COMUNE_CENTR":"BELLINZAGO NOVARESE","PROVINCIA_CENTR":"NO","INDIRIZZO_CENTRALE":"FOSCOLO 6","LATITUDINE_SEZIONE":"45.53580","LONGITUDINE_SEZIONE":"8.61411","POS_X_SEZIONE":"469871.00251","POS_Y_SEZIONE":"5042545.73116","LATITUDINE_CENTRALE":"45.56627","LONGITUDINE_CENTRALE":"8.64084","POS_X_CENTRALE":"471973.08910","POS_Y_CENTRALE":"5045922.04079","TIPO_ADSL":"ADSL_2P","DESCRIZIONE_TIPO_ADSL":"ADSL 2+ (24 mega)","DISTANZA_CALCOLATA":"3977.21","CLASSE_DISTANZA":"3700-4099","POTENZA_SEGNALE":"2857.5","POPOLAZIONE_SEZIONE": "12"}
			}
		 		]
	}
		