 	{ "type" : "FeatureCollection",
		"features" : [
		 		{ "type" : "Feature",
				"geometry" : {
					"type" : "Point",
					"coordinates" : [7.76554,45.07313]},
			"properties" : { "ANNO":"2010","ID_SEZIONE":"478","ISTAT_COMUNE_SEZ":"1272","COMUNE_SEZ":"TORINO","PROVINCIA":"TO","ID_CENTRALE":"1493","NOME_CENTRALE":"TORINO SASSI","ISTAT_COMUNE_CENTR":"1272","COMUNE_CENTR":"TORINO","PROVINCIA_CENTR":"TO","INDIRIZZO_CENTRALE":"PZA PASINI ANG. V.AGUDIO","LATITUDINE_SEZIONE":"45.07313","LONGITUDINE_SEZIONE":"7.76554","POS_X_SEZIONE":"402829.78644","POS_Y_SEZIONE":"4991815.18545","LATITUDINE_CENTRALE":"45.07563","LONGITUDINE_CENTRALE":"7.72962","POS_X_CENTRALE":"400006.18750","POS_Y_CENTRALE":"4992137.00000","TIPO_ADSL":"ADSL_2P","DESCRIZIONE_TIPO_ADSL":"ADSL 2+ (24 mega)","DISTANZA_CALCOLATA":"2841.88","CLASSE_DISTANZA":"2500-2899","POTENZA_SEGNALE":"7380.83","POPOLAZIONE_SEZIONE": "18"}
			},
		 		{ "type" : "Feature",
				"geometry" : {
					"type" : "Point",
					"coordinates" : [7.75625,45.07027]},
			"properties" : { "ANNO":"2010","ID_SEZIONE":"483","ISTAT_COMUNE_SEZ":"1272","COMUNE_SEZ":"TORINO","PROVINCIA":"TO","ID_CENTRALE":"1493","NOME_CENTRALE":"TORINO SASSI","ISTAT_COMUNE_CENTR":"1272","COMUNE_CENTR":"TORINO","PROVINCIA_CENTR":"TO","INDIRIZZO_CENTRALE":"PZA PASINI ANG. V.AGUDIO","LATITUDINE_SEZIONE":"45.07027","LONGITUDINE_SEZIONE":"7.75625","POS_X_SEZIONE":"402093.07272","POS_Y_SEZIONE":"4991508.67256","LATITUDINE_CENTRALE":"45.07563","LONGITUDINE_CENTRALE":"7.72962","POS_X_CENTRALE":"400006.18750","POS_Y_CENTRALE":"4992137.00000","TIPO_ADSL":"ADSL_2P","DESCRIZIONE_TIPO_ADSL":"ADSL 2+ (24 mega)","DISTANZA_CALCOLATA":"2179.42","CLASSE_DISTANZA":"2100-2499","POTENZA_SEGNALE":"10000","POPOLAZIONE_SEZIONE": "81"}
			},
		 		{ "type" : "Feature",
				"geometry" : {
					"type" : "Point",
					"coordinates" : [7.72497,45.07041]},
			"properties" : { "ANNO":"2010","ID_SEZIONE":"727","ISTAT_COMUNE_SEZ":"1272","COMUNE_SEZ":"TORINO","PROVINCIA":"TO","ID_CENTRALE":"1493","NOME_CENTRALE":"TORINO SASSI","ISTAT_COMUNE_CENTR":"1272","COMUNE_CENTR":"TORINO","PROVINCIA_CENTR":"TO","INDIRIZZO_CENTRALE":"PZA PASINI ANG. V.AGUDIO","LATITUDINE_SEZIONE":"45.07041","LONGITUDINE_SEZIONE":"7.72497","POS_X_SEZIONE":"399631.16014","POS_Y_SEZIONE":"4991563.14628","LATITUDINE_CENTRALE":"45.07563","LONGITUDINE_CENTRALE":"7.72962","POS_X_CENTRALE":"400006.18750","POS_Y_CENTRALE":"4992137.00000","TIPO_ADSL":"ADSL_2P","DESCRIZIONE_TIPO_ADSL":"ADSL 2+ (24 mega)","DISTANZA_CALCOLATA":"685.53","CLASSE_DISTANZA":"500-899","POTENZA_SEGNALE":"19523.33","POPOLAZIONE_SEZIONE": "98"}
			},
		 		{ "type" : "Feature",
				"geometry" : {
					"type" : "Point",
					"coordinates" : [7.76745,45.07794]},
			"properties" : { "ANNO":"2010","ID_SEZIONE":"1238","ISTAT_COMUNE_SEZ":"1272","COMUNE_SEZ":"TORINO","PROVINCIA":"TO","ID_CENTRALE":"1493","NOME_CENTRALE":"TORINO SASSI","ISTAT_COMUNE_CENTR":"1272","COMUNE_CENTR":"TORINO","PROVINCIA_CENTR":"TO","INDIRIZZO_CENTRALE":"PZA PASINI ANG. V.AGUDIO","LATITUDINE_SEZIONE":"45.07794","LONGITUDINE_SEZIONE":"7.76745","POS_X_SEZIONE":"402988.00827","POS_Y_SEZIONE":"4992347.69515","LATITUDINE_CENTRALE":"45.07563","LONGITUDINE_CENTRALE":"7.72962","POS_X_CENTRALE":"400006.18750","POS_Y_CENTRALE":"4992137.00000","TIPO_ADSL":"ADSL_2P","DESCRIZIONE_TIPO_ADSL":"ADSL 2+ (24 mega)","DISTANZA_CALCOLATA":"2989.26","CLASSE_DISTANZA":"2900-3299","POTENZA_SEGNALE":"5238.33","POPOLAZIONE_SEZIONE": "97"}
			},
		 		{ "type" : "Feature",
				"geometry" : {
					"type" : "Point",
					"coordinates" : [7.75869,45.07438]},
			"properties" : { "ANNO":"2010","ID_SEZIONE":"1247","ISTAT_COMUNE_SEZ":"1272","COMUNE_SEZ":"TORINO","PROVINCIA":"TO","ID_CENTRALE":"1493","NOME_CENTRALE":"TORINO SASSI","ISTAT_COMUNE_CENTR":"1272","COMUNE_CENTR":"TORINO","PROVINCIA_CENTR":"TO","INDIRIZZO_CENTRALE":"PZA PASINI ANG. V.AGUDIO","LATITUDINE_SEZIONE":"45.07438","LONGITUDINE_SEZIONE":"7.75869","POS_X_SEZIONE":"402292.38715","POS_Y_SEZIONE":"4991962.18168","LATITUDINE_CENTRALE":"45.07563","LONGITUDINE_CENTRALE":"7.72962","POS_X_CENTRALE":"400006.18750","POS_Y_CENTRALE":"4992137.00000","TIPO_ADSL":"ADSL_2P","DESCRIZIONE_TIPO_ADSL":"ADSL 2+ (24 mega)","DISTANZA_CALCOLATA":"2292.87","CLASSE_DISTANZA":"2100-2499","POTENZA_SEGNALE":"10000","POPOLAZIONE_SEZIONE": "26"}
			},
		 		{ "type" : "Feature",
				"geometry" : {
					"type" : "Point",
					"coordinates" : [7.72028,45.07388]},
			"properties" : { "ANNO":"2010","ID_SEZIONE":"1254","ISTAT_COMUNE_SEZ":"1272","COMUNE_SEZ":"TORINO","PROVINCIA":"TO","ID_CENTRALE":"1493","NOME_CENTRALE":"TORINO SASSI","ISTAT_COMUNE_CENTR":"1272","COMUNE_CENTR":"TORINO","PROVINCIA_CENTR":"TO","INDIRIZZO_CENTRALE":"PZA PASINI ANG. V.AGUDIO","LATITUDINE_SEZIONE":"45.07388","LONGITUDINE_SEZIONE":"7.72028","POS_X_SEZIONE":"399268.54279","POS_Y_SEZIONE":"4991954.14840","LATITUDINE_CENTRALE":"45.07563","LONGITUDINE_CENTRALE":"7.72962","POS_X_CENTRALE":"400006.18750","POS_Y_CENTRALE":"4992137.00000","TIPO_ADSL":"ADSL_2P","DESCRIZIONE_TIPO_ADSL":"ADSL 2+ (24 mega)","DISTANZA_CALCOLATA":"759.97","CLASSE_DISTANZA":"500-899","POTENZA_SEGNALE":"19523.33","POPOLAZIONE_SEZIONE": "498"}
			},
		 		{ "type" : "Feature",
				"geometry" : {
					"type" : "Point",
					"coordinates" : [7.74184,45.06182]},
			"properties" : { "ANNO":"2010","ID_SEZIONE":"1754","ISTAT_COMUNE_SEZ":"1272","COMUNE_SEZ":"TORINO","PROVINCIA":"TO","ID_CENTRALE":"1493","NOME_CENTRALE":"TORINO SASSI","ISTAT_COMUNE_CENTR":"1272","COMUNE_CENTR":"TORINO","PROVINCIA_CENTR":"TO","INDIRIZZO_CENTRALE":"PZA PASINI ANG. V.AGUDIO","LATITUDINE_SEZIONE":"45.06182","LONGITUDINE_SEZIONE":"7.74184","POS_X_SEZIONE":"400944.29473","POS_Y_SEZIONE":"4990588.14571","LATITUDINE_CENTRALE":"45.07563","LONGITUDINE_CENTRALE":"7.72962","POS_X_CENTRALE":"400006.18750","POS_Y_CENTRALE":"4992137.00000","TIPO_ADSL":"ADSL_2P","DESCRIZIONE_TIPO_ADSL":"ADSL 2+ (24 mega)","DISTANZA_CALCOLATA":"1810.8","CLASSE_DISTANZA":"1700-2099","POTENZA_SEGNALE":"12975.83","POPOLAZIONE_SEZIONE": "198"}
			},
		 		{ "type" : "Feature",
				"geometry" : {
					"type" : "Point",
					"coordinates" : [7.76806,45.08098]},
			"properties" : { "ANNO":"2010","ID_SEZIONE":"4222","ISTAT_COMUNE_SEZ":"1272","COMUNE_SEZ":"TORINO","PROVINCIA":"TO","ID_CENTRALE":"1493","NOME_CENTRALE":"TORINO SASSI","ISTAT_COMUNE_CENTR":"1272","COMUNE_CENTR":"TORINO","PROVINCIA_CENTR":"TO","INDIRIZZO_CENTRALE":"PZA PASINI ANG. V.AGUDIO","LATITUDINE_SEZIONE":"45.08098","LONGITUDINE_SEZIONE":"7.76806","POS_X_SEZIONE":"403040.76014","POS_Y_SEZIONE":"4992684.20049","LATITUDINE_CENTRALE":"45.07563","LONGITUDINE_CENTRALE":"7.72962","POS_X_CENTRALE":"400006.18750","POS_Y_CENTRALE":"4992137.00000","TIPO_ADSL":"ADSL_2P","DESCRIZIONE_TIPO_ADSL":"ADSL 2+ (24 mega)","DISTANZA_CALCOLATA":"3083.51","CLASSE_DISTANZA":"2900-3299","POTENZA_SEGNALE":"5238.33","POPOLAZIONE_SEZIONE": "4"}
			},
		 		{ "type" : "Feature",
				"geometry" : {
					"type" : "Point",
					"coordinates" : [7.73311,45.08100]},
			"properties" : { "ANNO":"2010","ID_SEZIONE":"5098","ISTAT_COMUNE_SEZ":"1272","COMUNE_SEZ":"TORINO","PROVINCIA":"TO","ID_CENTRALE":"1493","NOME_CENTRALE":"TORINO SASSI","ISTAT_COMUNE_CENTR":"1272","COMUNE_CENTR":"TORINO","PROVINCIA_CENTR":"TO","INDIRIZZO_CENTRALE":"PZA PASINI ANG. V.AGUDIO","LATITUDINE_SEZIONE":"45.08100","LONGITUDINE_SEZIONE":"7.73311","POS_X_SEZIONE":"400290.78971","POS_Y_SEZIONE":"4992729.17201","LATITUDINE_CENTRALE":"45.07563","LONGITUDINE_CENTRALE":"7.72962","POS_X_CENTRALE":"400006.18750","POS_Y_CENTRALE":"4992137.00000","TIPO_ADSL":"ADSL_2P","DESCRIZIONE_TIPO_ADSL":"ADSL 2+ (24 mega)","DISTANZA_CALCOLATA":"657.01","CLASSE_DISTANZA":"500-899","POTENZA_SEGNALE":"19523.33","POPOLAZIONE_SEZIONE": ""}
			},
		 		{ "type" : "Feature",
				"geometry" : {
					"type" : "Point",
					"coordinates" : [7.71916,45.07471]},
			"properties" : { "ANNO":"2010","ID_SEZIONE":"5456","ISTAT_COMUNE_SEZ":"1272","COMUNE_SEZ":"TORINO","PROVINCIA":"TO","ID_CENTRALE":"1493","NOME_CENTRALE":"TORINO SASSI","ISTAT_COMUNE_CENTR":"1272","COMUNE_CENTR":"TORINO","PROVINCIA_CENTR":"TO","INDIRIZZO_CENTRALE":"PZA PASINI ANG. V.AGUDIO","LATITUDINE_SEZIONE":"45.07471","LONGITUDINE_SEZIONE":"7.71916","POS_X_SEZIONE":"399181.26266","POS_Y_SEZIONE":"4992047.64932","LATITUDINE_CENTRALE":"45.07563","LONGITUDINE_CENTRALE":"7.72962","POS_X_CENTRALE":"400006.18750","POS_Y_CENTRALE":"4992137.00000","TIPO_ADSL":"ADSL_2P","DESCRIZIONE_TIPO_ADSL":"ADSL 2+ (24 mega)","DISTANZA_CALCOLATA":"829.75","CLASSE_DISTANZA":"500-899","POTENZA_SEGNALE":"19523.33","POPOLAZIONE_SEZIONE": "138"}
			},
		 		{ "type" : "Feature",
				"geometry" : {
					"type" : "Point",
					"coordinates" : [7.73265,45.06714]},
			"properties" : { "ANNO":"2010","ID_SEZIONE":"6729","ISTAT_COMUNE_SEZ":"1272","COMUNE_SEZ":"TORINO","PROVINCIA":"TO","ID_CENTRALE":"1493","NOME_CENTRALE":"TORINO SASSI","ISTAT_COMUNE_CENTR":"1272","COMUNE_CENTR":"TORINO","PROVINCIA_CENTR":"TO","INDIRIZZO_CENTRALE":"PZA PASINI ANG. V.AGUDIO","LATITUDINE_SEZIONE":"45.06714","LONGITUDINE_SEZIONE":"7.73265","POS_X_SEZIONE":"400229.86887","POS_Y_SEZIONE":"4991190.14712","LATITUDINE_CENTRALE":"45.07563","LONGITUDINE_CENTRALE":"7.72962","POS_X_CENTRALE":"400006.18750","POS_Y_CENTRALE":"4992137.00000","TIPO_ADSL":"ADSL_2P","DESCRIZIONE_TIPO_ADSL":"ADSL 2+ (24 mega)","DISTANZA_CALCOLATA":"972.92","CLASSE_DISTANZA":"900-1299","POTENZA_SEGNALE":"17737.5","POPOLAZIONE_SEZIONE": "193"}
			},
		 		{ "type" : "Feature",
				"geometry" : {
					"type" : "Point",
					"coordinates" : [7.72598,45.07000]},
			"properties" : { "ANNO":"2010","ID_SEZIONE":"7326","ISTAT_COMUNE_SEZ":"1272","COMUNE_SEZ":"TORINO","PROVINCIA":"TO","ID_CENTRALE":"1493","NOME_CENTRALE":"TORINO SASSI","ISTAT_COMUNE_CENTR":"1272","COMUNE_CENTR":"TORINO","PROVINCIA_CENTR":"TO","INDIRIZZO_CENTRALE":"PZA PASINI ANG. V.AGUDIO","LATITUDINE_SEZIONE":"45.07000","LONGITUDINE_SEZIONE":"7.72598","POS_X_SEZIONE":"399710.12692","POS_Y_SEZIONE":"4991515.64651","LATITUDINE_CENTRALE":"45.07563","LONGITUDINE_CENTRALE":"7.72962","POS_X_CENTRALE":"400006.18750","POS_Y_CENTRALE":"4992137.00000","TIPO_ADSL":"ADSL_2P","DESCRIZIONE_TIPO_ADSL":"ADSL 2+ (24 mega)","DISTANZA_CALCOLATA":"688.28","CLASSE_DISTANZA":"500-899","POTENZA_SEGNALE":"19523.33","POPOLAZIONE_SEZIONE": "311"}
			},
		 		{ "type" : "Feature",
				"geometry" : {
					"type" : "Point",
					"coordinates" : [7.72931,45.08419]},
			"properties" : { "ANNO":"2010","ID_SEZIONE":"7511","ISTAT_COMUNE_SEZ":"1272","COMUNE_SEZ":"TORINO","PROVINCIA":"TO","ID_CENTRALE":"1493","NOME_CENTRALE":"TORINO SASSI","ISTAT_COMUNE_CENTR":"1272","COMUNE_CENTR":"TORINO","PROVINCIA_CENTR":"TO","INDIRIZZO_CENTRALE":"PZA PASINI ANG. V.AGUDIO","LATITUDINE_SEZIONE":"45.08419","LONGITUDINE_SEZIONE":"7.72931","POS_X_SEZIONE":"399996.67079","POS_Y_SEZIONE":"4993088.17464","LATITUDINE_CENTRALE":"45.07563","LONGITUDINE_CENTRALE":"7.72962","POS_X_CENTRALE":"400006.18750","POS_Y_CENTRALE":"4992137.00000","TIPO_ADSL":"ADSL_2P","DESCRIZIONE_TIPO_ADSL":"ADSL 2+ (24 mega)","DISTANZA_CALCOLATA":"951.22","CLASSE_DISTANZA":"900-1299","POTENZA_SEGNALE":"17737.5","POPOLAZIONE_SEZIONE": "112"}
			},
		 		{ "type" : "Feature",
				"geometry" : {
					"type" : "Point",
					"coordinates" : [7.72045,45.07612]},
			"properties" : { "ANNO":"2010","ID_SEZIONE":"7555","ISTAT_COMUNE_SEZ":"1272","COMUNE_SEZ":"TORINO","PROVINCIA":"TO","ID_CENTRALE":"1493","NOME_CENTRALE":"TORINO SASSI","ISTAT_COMUNE_CENTR":"1272","COMUNE_CENTR":"TORINO","PROVINCIA_CENTR":"TO","INDIRIZZO_CENTRALE":"PZA PASINI ANG. V.AGUDIO","LATITUDINE_SEZIONE":"45.07612","LONGITUDINE_SEZIONE":"7.72045","POS_X_SEZIONE":"399285.67022","POS_Y_SEZIONE":"4992202.65272","LATITUDINE_CENTRALE":"45.07563","LONGITUDINE_CENTRALE":"7.72962","POS_X_CENTRALE":"400006.18750","POS_Y_CENTRALE":"4992137.00000","TIPO_ADSL":"ADSL_2P","DESCRIZIONE_TIPO_ADSL":"ADSL 2+ (24 mega)","DISTANZA_CALCOLATA":"723.50","CLASSE_DISTANZA":"500-899","POTENZA_SEGNALE":"19523.33","POPOLAZIONE_SEZIONE": "516"}
			},
		 		{ "type" : "Feature",
				"geometry" : {
					"type" : "Point",
					"coordinates" : [7.70322,45.06186]},
			"properties" : { "ANNO":"2010","ID_SEZIONE":"8010","ISTAT_COMUNE_SEZ":"1272","COMUNE_SEZ":"TORINO","PROVINCIA":"TO","ID_CENTRALE":"1493","NOME_CENTRALE":"TORINO SASSI","ISTAT_COMUNE_CENTR":"1272","COMUNE_CENTR":"TORINO","PROVINCIA_CENTR":"TO","INDIRIZZO_CENTRALE":"PZA PASINI ANG. V.AGUDIO","LATITUDINE_SEZIONE":"45.06186","LONGITUDINE_SEZIONE":"7.70322","POS_X_SEZIONE":"397904.13601","POS_Y_SEZIONE":"4990640.61137","LATITUDINE_CENTRALE":"45.07563","LONGITUDINE_CENTRALE":"7.72962","POS_X_CENTRALE":"400006.18750","POS_Y_CENTRALE":"4992137.00000","TIPO_ADSL":"ADSL_2P","DESCRIZIONE_TIPO_ADSL":"ADSL 2+ (24 mega)","DISTANZA_CALCOLATA":"2580.27","CLASSE_DISTANZA":"2500-2899","POTENZA_SEGNALE":"7380.83","POPOLAZIONE_SEZIONE": "98"}
			},
		 		{ "type" : "Feature",
				"geometry" : {
					"type" : "Point",
					"coordinates" : [7.72343,45.07604]},
			"properties" : { "ANNO":"2010","ID_SEZIONE":"9032","ISTAT_COMUNE_SEZ":"1272","COMUNE_SEZ":"TORINO","PROVINCIA":"TO","ID_CENTRALE":"1493","NOME_CENTRALE":"TORINO SASSI","ISTAT_COMUNE_CENTR":"1272","COMUNE_CENTR":"TORINO","PROVINCIA_CENTR":"TO","INDIRIZZO_CENTRALE":"PZA PASINI ANG. V.AGUDIO","LATITUDINE_SEZIONE":"45.07604","LONGITUDINE_SEZIONE":"7.72343","POS_X_SEZIONE":"399519.85441","POS_Y_SEZIONE":"4992190.65502","LATITUDINE_CENTRALE":"45.07563","LONGITUDINE_CENTRALE":"7.72962","POS_X_CENTRALE":"400006.18750","POS_Y_CENTRALE":"4992137.00000","TIPO_ADSL":"ADSL_2P","DESCRIZIONE_TIPO_ADSL":"ADSL 2+ (24 mega)","DISTANZA_CALCOLATA":"489.28","CLASSE_DISTANZA":"100-499","POTENZA_SEGNALE":"19761.67","POPOLAZIONE_SEZIONE": "2"}
			},
		 		{ "type" : "Feature",
				"geometry" : {
					"type" : "Point",
					"coordinates" : [7.75299,45.06748]},
			"properties" : { "ANNO":"2010","ID_SEZIONE":"9035","ISTAT_COMUNE_SEZ":"1272","COMUNE_SEZ":"TORINO","PROVINCIA":"TO","ID_CENTRALE":"1493","NOME_CENTRALE":"TORINO SASSI","ISTAT_COMUNE_CENTR":"1272","COMUNE_CENTR":"TORINO","PROVINCIA_CENTR":"TO","INDIRIZZO_CENTRALE":"PZA PASINI ANG. V.AGUDIO","LATITUDINE_SEZIONE":"45.06748","LONGITUDINE_SEZIONE":"7.75299","POS_X_SEZIONE":"401832.07252","POS_Y_SEZIONE":"4991202.66500","LATITUDINE_CENTRALE":"45.07563","LONGITUDINE_CENTRALE":"7.72962","POS_X_CENTRALE":"400006.18750","POS_Y_CENTRALE":"4992137.00000","TIPO_ADSL":"ADSL_2P","DESCRIZIONE_TIPO_ADSL":"ADSL 2+ (24 mega)","DISTANZA_CALCOLATA":"2051.06","CLASSE_DISTANZA":"1700-2099","POTENZA_SEGNALE":"12975.83","POPOLAZIONE_SEZIONE": "37"}
			},
		 		{ "type" : "Feature",
				"geometry" : {
					"type" : "Point",
					"coordinates" : [7.72329,45.07266]},
			"properties" : { "ANNO":"2010","ID_SEZIONE":"9036","ISTAT_COMUNE_SEZ":"1272","COMUNE_SEZ":"TORINO","PROVINCIA":"TO","ID_CENTRALE":"1493","NOME_CENTRALE":"TORINO SASSI","ISTAT_COMUNE_CENTR":"1272","COMUNE_CENTR":"TORINO","PROVINCIA_CENTR":"TO","INDIRIZZO_CENTRALE":"PZA PASINI ANG. V.AGUDIO","LATITUDINE_SEZIONE":"45.07266","LONGITUDINE_SEZIONE":"7.72329","POS_X_SEZIONE":"399502.97582","POS_Y_SEZIONE":"4991814.64888","LATITUDINE_CENTRALE":"45.07563","LONGITUDINE_CENTRALE":"7.72962","POS_X_CENTRALE":"400006.18750","POS_Y_CENTRALE":"4992137.00000","TIPO_ADSL":"ADSL_2P","DESCRIZIONE_TIPO_ADSL":"ADSL 2+ (24 mega)","DISTANZA_CALCOLATA":"597.61","CLASSE_DISTANZA":"500-899","POTENZA_SEGNALE":"19523.33","POPOLAZIONE_SEZIONE": "632"}
			},
		 		{ "type" : "Feature",
				"geometry" : {
					"type" : "Point",
					"coordinates" : [7.73606,45.08900]},
			"properties" : { "ANNO":"2010","ID_SEZIONE":"9263","ISTAT_COMUNE_SEZ":"1272","COMUNE_SEZ":"TORINO","PROVINCIA":"TO","ID_CENTRALE":"1493","NOME_CENTRALE":"TORINO SASSI","ISTAT_COMUNE_CENTR":"1272","COMUNE_CENTR":"TORINO","PROVINCIA_CENTR":"TO","INDIRIZZO_CENTRALE":"PZA PASINI ANG. V.AGUDIO","LATITUDINE_SEZIONE":"45.08900","LONGITUDINE_SEZIONE":"7.73606","POS_X_SEZIONE":"400536.72635","POS_Y_SEZIONE":"4993614.18501","LATITUDINE_CENTRALE":"45.07563","LONGITUDINE_CENTRALE":"7.72962","POS_X_CENTRALE":"400006.18750","POS_Y_CENTRALE":"4992137.00000","TIPO_ADSL":"ADSL_2P","DESCRIZIONE_TIPO_ADSL":"ADSL 2+ (24 mega)","DISTANZA_CALCOLATA":"1569.57","CLASSE_DISTANZA":"1300-1699","POTENZA_SEGNALE":"16071.67","POPOLAZIONE_SEZIONE": "356"}
			},
		 		{ "type" : "Feature",
				"geometry" : {
					"type" : "Point",
					"coordinates" : [7.73071,45.07738]},
			"properties" : { "ANNO":"2010","ID_SEZIONE":"9423","ISTAT_COMUNE_SEZ":"1272","COMUNE_SEZ":"TORINO","PROVINCIA":"TO","ID_CENTRALE":"1493","NOME_CENTRALE":"TORINO SASSI","ISTAT_COMUNE_CENTR":"1272","COMUNE_CENTR":"TORINO","PROVINCIA_CENTR":"TO","INDIRIZZO_CENTRALE":"PZA PASINI ANG. V.AGUDIO","LATITUDINE_SEZIONE":"45.07738","LONGITUDINE_SEZIONE":"7.73071","POS_X_SEZIONE":"400095.63067","POS_Y_SEZIONE":"4992329.66353","LATITUDINE_CENTRALE":"45.07563","LONGITUDINE_CENTRALE":"7.72962","POS_X_CENTRALE":"400006.18750","POS_Y_CENTRALE":"4992137.00000","TIPO_ADSL":"ADSL_2P","DESCRIZIONE_TIPO_ADSL":"ADSL 2+ (24 mega)","DISTANZA_CALCOLATA":"212.41","CLASSE_DISTANZA":"100-499","POTENZA_SEGNALE":"19761.67","POPOLAZIONE_SEZIONE": "86"}
			},
		 		{ "type" : "Feature",
				"geometry" : {
					"type" : "Point",
					"coordinates" : [7.74883,45.07936]},
			"properties" : { "ANNO":"2010","ID_SEZIONE":"9658","ISTAT_COMUNE_SEZ":"1272","COMUNE_SEZ":"TORINO","PROVINCIA":"TO","ID_CENTRALE":"1493","NOME_CENTRALE":"TORINO SASSI","ISTAT_COMUNE_CENTR":"1272","COMUNE_CENTR":"TORINO","PROVINCIA_CENTR":"TO","INDIRIZZO_CENTRALE":"PZA PASINI ANG. V.AGUDIO","LATITUDINE_SEZIONE":"45.07936","LONGITUDINE_SEZIONE":"7.74883","POS_X_SEZIONE":"401525.24270","POS_Y_SEZIONE":"4992528.18232","LATITUDINE_CENTRALE":"45.07563","LONGITUDINE_CENTRALE":"7.72962","POS_X_CENTRALE":"400006.18750","POS_Y_CENTRALE":"4992137.00000","TIPO_ADSL":"ADSL_2P","DESCRIZIONE_TIPO_ADSL":"ADSL 2+ (24 mega)","DISTANZA_CALCOLATA":"1568.61","CLASSE_DISTANZA":"1300-1699","POTENZA_SEGNALE":"16071.67","POPOLAZIONE_SEZIONE": "25"}
			},
		 		{ "type" : "Feature",
				"geometry" : {
					"type" : "Point",
					"coordinates" : [7.75165,45.07630]},
			"properties" : { "ANNO":"2010","ID_SEZIONE":"9659","ISTAT_COMUNE_SEZ":"1272","COMUNE_SEZ":"TORINO","PROVINCIA":"TO","ID_CENTRALE":"1493","NOME_CENTRALE":"TORINO SASSI","ISTAT_COMUNE_CENTR":"1272","COMUNE_CENTR":"TORINO","PROVINCIA_CENTR":"TO","INDIRIZZO_CENTRALE":"PZA PASINI ANG. V.AGUDIO","LATITUDINE_SEZIONE":"45.07630","LONGITUDINE_SEZIONE":"7.75165","POS_X_SEZIONE":"401741.17563","POS_Y_SEZIONE":"4992184.17924","LATITUDINE_CENTRALE":"45.07563","LONGITUDINE_CENTRALE":"7.72962","POS_X_CENTRALE":"400006.18750","POS_Y_CENTRALE":"4992137.00000","TIPO_ADSL":"ADSL_2P","DESCRIZIONE_TIPO_ADSL":"ADSL 2+ (24 mega)","DISTANZA_CALCOLATA":"1735.63","CLASSE_DISTANZA":"1700-2099","POTENZA_SEGNALE":"12975.83","POPOLAZIONE_SEZIONE": "11"}
			},
		 		{ "type" : "Feature",
				"geometry" : {
					"type" : "Point",
					"coordinates" : [7.76532,45.07530]},
			"properties" : { "ANNO":"2010","ID_SEZIONE":"9661","ISTAT_COMUNE_SEZ":"1272","COMUNE_SEZ":"TORINO","PROVINCIA":"TO","ID_CENTRALE":"1493","NOME_CENTRALE":"TORINO SASSI","ISTAT_COMUNE_CENTR":"1272","COMUNE_CENTR":"TORINO","PROVINCIA_CENTR":"TO","INDIRIZZO_CENTRALE":"PZA PASINI ANG. V.AGUDIO","LATITUDINE_SEZIONE":"45.07530","LONGITUDINE_SEZIONE":"7.76532","POS_X_SEZIONE":"402815.60046","POS_Y_SEZIONE":"4992056.18897","LATITUDINE_CENTRALE":"45.07563","LONGITUDINE_CENTRALE":"7.72962","POS_X_CENTRALE":"400006.18750","POS_Y_CENTRALE":"4992137.00000","TIPO_ADSL":"ADSL_2P","DESCRIZIONE_TIPO_ADSL":"ADSL 2+ (24 mega)","DISTANZA_CALCOLATA":"2810.57","CLASSE_DISTANZA":"2500-2899","POTENZA_SEGNALE":"7380.83","POPOLAZIONE_SEZIONE": "19"}
			},
		 		{ "type" : "Feature",
				"geometry" : {
					"type" : "Point",
					"coordinates" : [7.73978,45.08059]},
			"properties" : { "ANNO":"2010","ID_SEZIONE":"9829","ISTAT_COMUNE_SEZ":"1272","COMUNE_SEZ":"TORINO","PROVINCIA":"TO","ID_CENTRALE":"1493","NOME_CENTRALE":"TORINO SASSI","ISTAT_COMUNE_CENTR":"1272","COMUNE_CENTR":"TORINO","PROVINCIA_CENTR":"TO","INDIRIZZO_CENTRALE":"PZA PASINI ANG. V.AGUDIO","LATITUDINE_SEZIONE":"45.08059","LONGITUDINE_SEZIONE":"7.73978","POS_X_SEZIONE":"400815.06439","POS_Y_SEZIONE":"4992675.17701","LATITUDINE_CENTRALE":"45.07563","LONGITUDINE_CENTRALE":"7.72962","POS_X_CENTRALE":"400006.18750","POS_Y_CENTRALE":"4992137.00000","TIPO_ADSL":"ADSL_2P","DESCRIZIONE_TIPO_ADSL":"ADSL 2+ (24 mega)","DISTANZA_CALCOLATA":"971.55","CLASSE_DISTANZA":"900-1299","POTENZA_SEGNALE":"17737.5","POPOLAZIONE_SEZIONE": "259"}
			},
		 		{ "type" : "Feature",
				"geometry" : {
					"type" : "Point",
					"coordinates" : [7.71712,45.07383]},
			"properties" : { "ANNO":"2010","ID_SEZIONE":"10283","ISTAT_COMUNE_SEZ":"1272","COMUNE_SEZ":"TORINO","PROVINCIA":"TO","ID_CENTRALE":"1493","NOME_CENTRALE":"TORINO SASSI","ISTAT_COMUNE_CENTR":"1272","COMUNE_CENTR":"TORINO","PROVINCIA_CENTR":"TO","INDIRIZZO_CENTRALE":"PZA PASINI ANG. V.AGUDIO","LATITUDINE_SEZIONE":"45.07383","LONGITUDINE_SEZIONE":"7.71712","POS_X_SEZIONE":"399019.10714","POS_Y_SEZIONE":"4991952.14596","LATITUDINE_CENTRALE":"45.07563","LONGITUDINE_CENTRALE":"7.72962","POS_X_CENTRALE":"400006.18750","POS_Y_CENTRALE":"4992137.00000","TIPO_ADSL":"ADSL_2P","DESCRIZIONE_TIPO_ADSL":"ADSL 2+ (24 mega)","DISTANZA_CALCOLATA":"1004.24","CLASSE_DISTANZA":"900-1299","POTENZA_SEGNALE":"17737.5","POPOLAZIONE_SEZIONE": "368"}
			},
		 		{ "type" : "Feature",
				"geometry" : {
					"type" : "Point",
					"coordinates" : [7.74634,45.07378]},
			"properties" : { "ANNO":"2010","ID_SEZIONE":"10620","ISTAT_COMUNE_SEZ":"1272","COMUNE_SEZ":"TORINO","PROVINCIA":"TO","ID_CENTRALE":"1493","NOME_CENTRALE":"TORINO SASSI","ISTAT_COMUNE_CENTR":"1272","COMUNE_CENTR":"TORINO","PROVINCIA_CENTR":"TO","INDIRIZZO_CENTRALE":"PZA PASINI ANG. V.AGUDIO","LATITUDINE_SEZIONE":"45.07378","LONGITUDINE_SEZIONE":"7.74634","POS_X_SEZIONE":"401319.23950","POS_Y_SEZIONE":"4991911.17009","LATITUDINE_CENTRALE":"45.07563","LONGITUDINE_CENTRALE":"7.72962","POS_X_CENTRALE":"400006.18750","POS_Y_CENTRALE":"4992137.00000","TIPO_ADSL":"ADSL_2P","DESCRIZIONE_TIPO_ADSL":"ADSL 2+ (24 mega)","DISTANZA_CALCOLATA":"1332.33","CLASSE_DISTANZA":"1300-1699","POTENZA_SEGNALE":"16071.67","POPOLAZIONE_SEZIONE": "191"}
			},
		 		{ "type" : "Feature",
				"geometry" : {
					"type" : "Point",
					"coordinates" : [7.72184,45.08732]},
			"properties" : { "ANNO":"2010","ID_SEZIONE":"11011","ISTAT_COMUNE_SEZ":"1272","COMUNE_SEZ":"TORINO","PROVINCIA":"TO","ID_CENTRALE":"1493","NOME_CENTRALE":"TORINO SASSI","ISTAT_COMUNE_CENTR":"1272","COMUNE_CENTR":"TORINO","PROVINCIA_CENTR":"TO","INDIRIZZO_CENTRALE":"PZA PASINI ANG. V.AGUDIO","LATITUDINE_SEZIONE":"45.08732","LONGITUDINE_SEZIONE":"7.72184","POS_X_SEZIONE":"399414.70804","POS_Y_SEZIONE":"4993444.67205","LATITUDINE_CENTRALE":"45.07563","LONGITUDINE_CENTRALE":"7.72962","POS_X_CENTRALE":"400006.18750","POS_Y_CENTRALE":"4992137.00000","TIPO_ADSL":"ADSL_2P","DESCRIZIONE_TIPO_ADSL":"ADSL 2+ (24 mega)","DISTANZA_CALCOLATA":"1435.22","CLASSE_DISTANZA":"1300-1699","POTENZA_SEGNALE":"16071.67","POPOLAZIONE_SEZIONE": ""}
			},
		 		{ "type" : "Feature",
				"geometry" : {
					"type" : "Point",
					"coordinates" : [7.72470,45.07632]},
			"properties" : { "ANNO":"2010","ID_SEZIONE":"11022","ISTAT_COMUNE_SEZ":"1272","COMUNE_SEZ":"TORINO","PROVINCIA":"TO","ID_CENTRALE":"1493","NOME_CENTRALE":"TORINO SASSI","ISTAT_COMUNE_CENTR":"1272","COMUNE_CENTR":"TORINO","PROVINCIA_CENTR":"TO","INDIRIZZO_CENTRALE":"PZA PASINI ANG. V.AGUDIO","LATITUDINE_SEZIONE":"45.07632","LONGITUDINE_SEZIONE":"7.72470","POS_X_SEZIONE":"399620.44756","POS_Y_SEZIONE":"4992219.15652","LATITUDINE_CENTRALE":"45.07563","LONGITUDINE_CENTRALE":"7.72962","POS_X_CENTRALE":"400006.18750","POS_Y_CENTRALE":"4992137.00000","TIPO_ADSL":"ADSL_2P","DESCRIZIONE_TIPO_ADSL":"ADSL 2+ (24 mega)","DISTANZA_CALCOLATA":"394.39","CLASSE_DISTANZA":"100-499","POTENZA_SEGNALE":"19761.67","POPOLAZIONE_SEZIONE": "1"}
			},
		 		{ "type" : "Feature",
				"geometry" : {
					"type" : "Point",
					"coordinates" : [7.72444,45.07702]},
			"properties" : { "ANNO":"2010","ID_SEZIONE":"11110","ISTAT_COMUNE_SEZ":"1272","COMUNE_SEZ":"TORINO","PROVINCIA":"TO","ID_CENTRALE":"1493","NOME_CENTRALE":"TORINO SASSI","ISTAT_COMUNE_CENTR":"1272","COMUNE_CENTR":"TORINO","PROVINCIA_CENTR":"TO","INDIRIZZO_CENTRALE":"PZA PASINI ANG. V.AGUDIO","LATITUDINE_SEZIONE":"45.07702","LONGITUDINE_SEZIONE":"7.72444","POS_X_SEZIONE":"399601.44878","POS_Y_SEZIONE":"4992298.15761","LATITUDINE_CENTRALE":"45.07563","LONGITUDINE_CENTRALE":"7.72962","POS_X_CENTRALE":"400006.18750","POS_Y_CENTRALE":"4992137.00000","TIPO_ADSL":"ADSL_2P","DESCRIZIONE_TIPO_ADSL":"ADSL 2+ (24 mega)","DISTANZA_CALCOLATA":"435.64","CLASSE_DISTANZA":"100-499","POTENZA_SEGNALE":"19761.67","POPOLAZIONE_SEZIONE": "372"}
			},
		 		{ "type" : "Feature",
				"geometry" : {
					"type" : "Point",
					"coordinates" : [7.72657,45.07125]},
			"properties" : { "ANNO":"2010","ID_SEZIONE":"11116","ISTAT_COMUNE_SEZ":"1272","COMUNE_SEZ":"TORINO","PROVINCIA":"TO","ID_CENTRALE":"1493","NOME_CENTRALE":"TORINO SASSI","ISTAT_COMUNE_CENTR":"1272","COMUNE_CENTR":"TORINO","PROVINCIA_CENTR":"TO","INDIRIZZO_CENTRALE":"PZA PASINI ANG. V.AGUDIO","LATITUDINE_SEZIONE":"45.07125","LONGITUDINE_SEZIONE":"7.72657","POS_X_SEZIONE":"399758.94100","POS_Y_SEZIONE":"4991654.64888","LATITUDINE_CENTRALE":"45.07563","LONGITUDINE_CENTRALE":"7.72962","POS_X_CENTRALE":"400006.18750","POS_Y_CENTRALE":"4992137.00000","TIPO_ADSL":"ADSL_2P","DESCRIZIONE_TIPO_ADSL":"ADSL 2+ (24 mega)","DISTANZA_CALCOLATA":"542.03","CLASSE_DISTANZA":"500-899","POTENZA_SEGNALE":"19523.33","POPOLAZIONE_SEZIONE": "67"}
			},
		 		{ "type" : "Feature",
				"geometry" : {
					"type" : "Point",
					"coordinates" : [7.74432,45.08552]},
			"properties" : { "ANNO":"2010","ID_SEZIONE":"11322","ISTAT_COMUNE_SEZ":"1272","COMUNE_SEZ":"TORINO","PROVINCIA":"TO","ID_CENTRALE":"1493","NOME_CENTRALE":"TORINO SASSI","ISTAT_COMUNE_CENTR":"1272","COMUNE_CENTR":"TORINO","PROVINCIA_CENTR":"TO","INDIRIZZO_CENTRALE":"PZA PASINI ANG. V.AGUDIO","LATITUDINE_SEZIONE":"45.08552","LONGITUDINE_SEZIONE":"7.74432","POS_X_SEZIONE":"401180.75067","POS_Y_SEZIONE":"4993217.68811","LATITUDINE_CENTRALE":"45.07563","LONGITUDINE_CENTRALE":"7.72962","POS_X_CENTRALE":"400006.18750","POS_Y_CENTRALE":"4992137.00000","TIPO_ADSL":"ADSL_2P","DESCRIZIONE_TIPO_ADSL":"ADSL 2+ (24 mega)","DISTANZA_CALCOLATA":"1596.08","CLASSE_DISTANZA":"1300-1699","POTENZA_SEGNALE":"16071.67","POPOLAZIONE_SEZIONE": "22"}
			},
		 		{ "type" : "Feature",
				"geometry" : {
					"type" : "Point",
					"coordinates" : [7.73412,45.06162]},
			"properties" : { "ANNO":"2010","ID_SEZIONE":"11478","ISTAT_COMUNE_SEZ":"1272","COMUNE_SEZ":"TORINO","PROVINCIA":"TO","ID_CENTRALE":"1493","NOME_CENTRALE":"TORINO SASSI","ISTAT_COMUNE_CENTR":"1272","COMUNE_CENTR":"TORINO","PROVINCIA_CENTR":"TO","INDIRIZZO_CENTRALE":"PZA PASINI ANG. V.AGUDIO","LATITUDINE_SEZIONE":"45.06162","LONGITUDINE_SEZIONE":"7.73412","POS_X_SEZIONE":"400336.45652","POS_Y_SEZIONE":"4990574.63812","LATITUDINE_CENTRALE":"45.07563","LONGITUDINE_CENTRALE":"7.72962","POS_X_CENTRALE":"400006.18750","POS_Y_CENTRALE":"4992137.00000","TIPO_ADSL":"ADSL_2P","DESCRIZIONE_TIPO_ADSL":"ADSL 2+ (24 mega)","DISTANZA_CALCOLATA":"1596.89","CLASSE_DISTANZA":"1300-1699","POTENZA_SEGNALE":"16071.67","POPOLAZIONE_SEZIONE": "116"}
			},
		 		{ "type" : "Feature",
				"geometry" : {
					"type" : "Point",
					"coordinates" : [7.73758,45.07686]},
			"properties" : { "ANNO":"2010","ID_SEZIONE":"11678","ISTAT_COMUNE_SEZ":"1272","COMUNE_SEZ":"TORINO","PROVINCIA":"TO","ID_CENTRALE":"1493","NOME_CENTRALE":"TORINO SASSI","ISTAT_COMUNE_CENTR":"1272","COMUNE_CENTR":"TORINO","PROVINCIA_CENTR":"TO","INDIRIZZO_CENTRALE":"PZA PASINI ANG. V.AGUDIO","LATITUDINE_SEZIONE":"45.07686","LONGITUDINE_SEZIONE":"7.73758","POS_X_SEZIONE":"400635.18753","POS_Y_SEZIONE":"4992264.16849","LATITUDINE_CENTRALE":"45.07563","LONGITUDINE_CENTRALE":"7.72962","POS_X_CENTRALE":"400006.18750","POS_Y_CENTRALE":"4992137.00000","TIPO_ADSL":"ADSL_2P","DESCRIZIONE_TIPO_ADSL":"ADSL 2+ (24 mega)","DISTANZA_CALCOLATA":"641.73","CLASSE_DISTANZA":"500-899","POTENZA_SEGNALE":"19523.33","POPOLAZIONE_SEZIONE": "69"}
			},
		 		{ "type" : "Feature",
				"geometry" : {
					"type" : "Point",
					"coordinates" : [7.73145,45.08516]},
			"properties" : { "ANNO":"2010","ID_SEZIONE":"11858","ISTAT_COMUNE_SEZ":"1272","COMUNE_SEZ":"TORINO","PROVINCIA":"TO","ID_CENTRALE":"1493","NOME_CENTRALE":"TORINO SASSI","ISTAT_COMUNE_CENTR":"1272","COMUNE_CENTR":"TORINO","PROVINCIA_CENTR":"TO","INDIRIZZO_CENTRALE":"PZA PASINI ANG. V.AGUDIO","LATITUDINE_SEZIONE":"45.08516","LONGITUDINE_SEZIONE":"7.73145","POS_X_SEZIONE":"400166.82478","POS_Y_SEZIONE":"4993193.67736","LATITUDINE_CENTRALE":"45.07563","LONGITUDINE_CENTRALE":"7.72962","POS_X_CENTRALE":"400006.18750","POS_Y_CENTRALE":"4992137.00000","TIPO_ADSL":"ADSL_2P","DESCRIZIONE_TIPO_ADSL":"ADSL 2+ (24 mega)","DISTANZA_CALCOLATA":"1068.82","CLASSE_DISTANZA":"900-1299","POTENZA_SEGNALE":"17737.5","POPOLAZIONE_SEZIONE": "86"}
			},
		 		{ "type" : "Feature",
				"geometry" : {
					"type" : "Point",
					"coordinates" : [7.72174,45.07643]},
			"properties" : { "ANNO":"2010","ID_SEZIONE":"12094","ISTAT_COMUNE_SEZ":"1272","COMUNE_SEZ":"TORINO","PROVINCIA":"TO","ID_CENTRALE":"1493","NOME_CENTRALE":"TORINO SASSI","ISTAT_COMUNE_CENTR":"1272","COMUNE_CENTR":"TORINO","PROVINCIA_CENTR":"TO","INDIRIZZO_CENTRALE":"PZA PASINI ANG. V.AGUDIO","LATITUDINE_SEZIONE":"45.07643","LONGITUDINE_SEZIONE":"7.72174","POS_X_SEZIONE":"399387.73127","POS_Y_SEZIONE":"4992235.15448","LATITUDINE_CENTRALE":"45.07563","LONGITUDINE_CENTRALE":"7.72962","POS_X_CENTRALE":"400006.18750","POS_Y_CENTRALE":"4992137.00000","TIPO_ADSL":"ADSL_2P","DESCRIZIONE_TIPO_ADSL":"ADSL 2+ (24 mega)","DISTANZA_CALCOLATA":"626.20","CLASSE_DISTANZA":"500-899","POTENZA_SEGNALE":"19523.33","POPOLAZIONE_SEZIONE": "359"}
			},
		 		{ "type" : "Feature",
				"geometry" : {
					"type" : "Point",
					"coordinates" : [7.71787,45.07208]},
			"properties" : { "ANNO":"2010","ID_SEZIONE":"12119","ISTAT_COMUNE_SEZ":"1272","COMUNE_SEZ":"TORINO","PROVINCIA":"TO","ID_CENTRALE":"1493","NOME_CENTRALE":"TORINO SASSI","ISTAT_COMUNE_CENTR":"1272","COMUNE_CENTR":"TORINO","PROVINCIA_CENTR":"TO","INDIRIZZO_CENTRALE":"PZA PASINI ANG. V.AGUDIO","LATITUDINE_SEZIONE":"45.07208","LONGITUDINE_SEZIONE":"7.71787","POS_X_SEZIONE":"399075.47988","POS_Y_SEZIONE":"4991757.14308","LATITUDINE_CENTRALE":"45.07563","LONGITUDINE_CENTRALE":"7.72962","POS_X_CENTRALE":"400006.18750","POS_Y_CENTRALE":"4992137.00000","TIPO_ADSL":"ADSL_2P","DESCRIZIONE_TIPO_ADSL":"ADSL 2+ (24 mega)","DISTANZA_CALCOLATA":"1005.24","CLASSE_DISTANZA":"900-1299","POTENZA_SEGNALE":"17737.5","POPOLAZIONE_SEZIONE": "860"}
			},
		 		{ "type" : "Feature",
				"geometry" : {
					"type" : "Point",
					"coordinates" : [7.72330,45.07368]},
			"properties" : { "ANNO":"2010","ID_SEZIONE":"12967","ISTAT_COMUNE_SEZ":"1272","COMUNE_SEZ":"TORINO","PROVINCIA":"TO","ID_CENTRALE":"1493","NOME_CENTRALE":"TORINO SASSI","ISTAT_COMUNE_CENTR":"1272","COMUNE_CENTR":"TORINO","PROVINCIA_CENTR":"TO","INDIRIZZO_CENTRALE":"PZA PASINI ANG. V.AGUDIO","LATITUDINE_SEZIONE":"45.07368","LONGITUDINE_SEZIONE":"7.72330","POS_X_SEZIONE":"399505.29006","POS_Y_SEZIONE":"4991927.65086","LATITUDINE_CENTRALE":"45.07563","LONGITUDINE_CENTRALE":"7.72962","POS_X_CENTRALE":"400006.18750","POS_Y_CENTRALE":"4992137.00000","TIPO_ADSL":"ADSL_2P","DESCRIZIONE_TIPO_ADSL":"ADSL 2+ (24 mega)","DISTANZA_CALCOLATA":"542.89","CLASSE_DISTANZA":"500-899","POTENZA_SEGNALE":"19523.33","POPOLAZIONE_SEZIONE": "613"}
			},
		 		{ "type" : "Feature",
				"geometry" : {
					"type" : "Point",
					"coordinates" : [7.72249,45.06852]},
			"properties" : { "ANNO":"2010","ID_SEZIONE":"13575","ISTAT_COMUNE_SEZ":"1272","COMUNE_SEZ":"TORINO","PROVINCIA":"TO","ID_CENTRALE":"1493","NOME_CENTRALE":"TORINO SASSI","ISTAT_COMUNE_CENTR":"1272","COMUNE_CENTR":"TORINO","PROVINCIA_CENTR":"TO","INDIRIZZO_CENTRALE":"PZA PASINI ANG. V.AGUDIO","LATITUDINE_SEZIONE":"45.06852","LONGITUDINE_SEZIONE":"7.72249","POS_X_SEZIONE":"399433.03559","POS_Y_SEZIONE":"4991356.14059","LATITUDINE_CENTRALE":"45.07563","LONGITUDINE_CENTRALE":"7.72962","POS_X_CENTRALE":"400006.18750","POS_Y_CENTRALE":"4992137.00000","TIPO_ADSL":"ADSL_2P","DESCRIZIONE_TIPO_ADSL":"ADSL 2+ (24 mega)","DISTANZA_CALCOLATA":"968.63","CLASSE_DISTANZA":"900-1299","POTENZA_SEGNALE":"17737.5","POPOLAZIONE_SEZIONE": "132"}
			},
		 		{ "type" : "Feature",
				"geometry" : {
					"type" : "Point",
					"coordinates" : [7.73239,45.07741]},
			"properties" : { "ANNO":"2010","ID_SEZIONE":"13793","ISTAT_COMUNE_SEZ":"1272","COMUNE_SEZ":"TORINO","PROVINCIA":"TO","ID_CENTRALE":"1493","NOME_CENTRALE":"TORINO SASSI","ISTAT_COMUNE_CENTR":"1272","COMUNE_CENTR":"TORINO","PROVINCIA_CENTR":"TO","INDIRIZZO_CENTRALE":"PZA PASINI ANG. V.AGUDIO","LATITUDINE_SEZIONE":"45.07741","LONGITUDINE_SEZIONE":"7.73239","POS_X_SEZIONE":"400227.87975","POS_Y_SEZIONE":"4992331.66494","LATITUDINE_CENTRALE":"45.07563","LONGITUDINE_CENTRALE":"7.72962","POS_X_CENTRALE":"400006.18750","POS_Y_CENTRALE":"4992137.00000","TIPO_ADSL":"ADSL_2P","DESCRIZIONE_TIPO_ADSL":"ADSL 2+ (24 mega)","DISTANZA_CALCOLATA":"295.03","CLASSE_DISTANZA":"100-499","POTENZA_SEGNALE":"19761.67","POPOLAZIONE_SEZIONE": "95"}
			},
		 		{ "type" : "Feature",
				"geometry" : {
					"type" : "Point",
					"coordinates" : [7.72467,45.07221]},
			"properties" : { "ANNO":"2010","ID_SEZIONE":"14188","ISTAT_COMUNE_SEZ":"1272","COMUNE_SEZ":"TORINO","PROVINCIA":"TO","ID_CENTRALE":"1493","NOME_CENTRALE":"TORINO SASSI","ISTAT_COMUNE_CENTR":"1272","COMUNE_CENTR":"TORINO","PROVINCIA_CENTR":"TO","INDIRIZZO_CENTRALE":"PZA PASINI ANG. V.AGUDIO","LATITUDINE_SEZIONE":"45.07221","LONGITUDINE_SEZIONE":"7.72467","POS_X_SEZIONE":"399610.53729","POS_Y_SEZIONE":"4991762.64913","LATITUDINE_CENTRALE":"45.07563","LONGITUDINE_CENTRALE":"7.72962","POS_X_CENTRALE":"400006.18750","POS_Y_CENTRALE":"4992137.00000","TIPO_ADSL":"ADSL_2P","DESCRIZIONE_TIPO_ADSL":"ADSL 2+ (24 mega)","DISTANZA_CALCOLATA":"544.68","CLASSE_DISTANZA":"500-899","POTENZA_SEGNALE":"19523.33","POPOLAZIONE_SEZIONE": ""}
			},
		 		{ "type" : "Feature",
				"geometry" : {
					"type" : "Point",
					"coordinates" : [7.72996,45.07789]},
			"properties" : { "ANNO":"2010","ID_SEZIONE":"14648","ISTAT_COMUNE_SEZ":"1272","COMUNE_SEZ":"TORINO","PROVINCIA":"TO","ID_CENTRALE":"1493","NOME_CENTRALE":"TORINO SASSI","ISTAT_COMUNE_CENTR":"1272","COMUNE_CENTR":"TORINO","PROVINCIA_CENTR":"TO","INDIRIZZO_CENTRALE":"PZA PASINI ANG. V.AGUDIO","LATITUDINE_SEZIONE":"45.07789","LONGITUDINE_SEZIONE":"7.72996","POS_X_SEZIONE":"400036.72609","POS_Y_SEZIONE":"4992387.66392","LATITUDINE_CENTRALE":"45.07563","LONGITUDINE_CENTRALE":"7.72962","POS_X_CENTRALE":"400006.18750","POS_Y_CENTRALE":"4992137.00000","TIPO_ADSL":"ADSL_2P","DESCRIZIONE_TIPO_ADSL":"ADSL 2+ (24 mega)","DISTANZA_CALCOLATA":"252.52","CLASSE_DISTANZA":"100-499","POTENZA_SEGNALE":"19761.67","POPOLAZIONE_SEZIONE": "126"}
			},
		 		{ "type" : "Feature",
				"geometry" : {
					"type" : "Point",
					"coordinates" : [7.72915,45.07173]},
			"properties" : { "ANNO":"2010","ID_SEZIONE":"14782","ISTAT_COMUNE_SEZ":"1272","COMUNE_SEZ":"TORINO","PROVINCIA":"TO","ID_CENTRALE":"1493","NOME_CENTRALE":"TORINO SASSI","ISTAT_COMUNE_CENTR":"1272","COMUNE_CENTR":"TORINO","PROVINCIA_CENTR":"TO","INDIRIZZO_CENTRALE":"PZA PASINI ANG. V.AGUDIO","LATITUDINE_SEZIONE":"45.07173","LONGITUDINE_SEZIONE":"7.72915","POS_X_SEZIONE":"399962.72059","POS_Y_SEZIONE":"4991704.65233","LATITUDINE_CENTRALE":"45.07563","LONGITUDINE_CENTRALE":"7.72962","POS_X_CENTRALE":"400006.18750","POS_Y_CENTRALE":"4992137.00000","TIPO_ADSL":"ADSL_2P","DESCRIZIONE_TIPO_ADSL":"ADSL 2+ (24 mega)","DISTANZA_CALCOLATA":"434.53","CLASSE_DISTANZA":"100-499","POTENZA_SEGNALE":"19761.67","POPOLAZIONE_SEZIONE": "107"}
			},
		 		{ "type" : "Feature",
				"geometry" : {
					"type" : "Point",
					"coordinates" : [7.73143,45.07462]},
			"properties" : { "ANNO":"2010","ID_SEZIONE":"15062","ISTAT_COMUNE_SEZ":"1272","COMUNE_SEZ":"TORINO","PROVINCIA":"TO","ID_CENTRALE":"1493","NOME_CENTRALE":"TORINO SASSI","ISTAT_COMUNE_CENTR":"1272","COMUNE_CENTR":"TORINO","PROVINCIA_CENTR":"TO","INDIRIZZO_CENTRALE":"PZA PASINI ANG. V.AGUDIO","LATITUDINE_SEZIONE":"45.07462","LONGITUDINE_SEZIONE":"7.73143","POS_X_SEZIONE":"400147.37748","POS_Y_SEZIONE":"4992022.65912","LATITUDINE_CENTRALE":"45.07563","LONGITUDINE_CENTRALE":"7.72962","POS_X_CENTRALE":"400006.18750","POS_Y_CENTRALE":"4992137.00000","TIPO_ADSL":"ADSL_2P","DESCRIZIONE_TIPO_ADSL":"ADSL 2+ (24 mega)","DISTANZA_CALCOLATA":"181.68","CLASSE_DISTANZA":"100-499","POTENZA_SEGNALE":"19761.67","POPOLAZIONE_SEZIONE": "146"}
			},
		 		{ "type" : "Feature",
				"geometry" : {
					"type" : "Point",
					"coordinates" : [7.73239,45.08009]},
			"properties" : { "ANNO":"2010","ID_SEZIONE":"15295","ISTAT_COMUNE_SEZ":"1272","COMUNE_SEZ":"TORINO","PROVINCIA":"TO","ID_CENTRALE":"1493","NOME_CENTRALE":"TORINO SASSI","ISTAT_COMUNE_CENTR":"1272","COMUNE_CENTR":"TORINO","PROVINCIA_CENTR":"TO","INDIRIZZO_CENTRALE":"PZA PASINI ANG. V.AGUDIO","LATITUDINE_SEZIONE":"45.08009","LONGITUDINE_SEZIONE":"7.73239","POS_X_SEZIONE":"400231.82011","POS_Y_SEZIONE":"4992628.67000","LATITUDINE_CENTRALE":"45.07563","LONGITUDINE_CENTRALE":"7.72962","POS_X_CENTRALE":"400006.18750","POS_Y_CENTRALE":"4992137.00000","TIPO_ADSL":"ADSL_2P","DESCRIZIONE_TIPO_ADSL":"ADSL 2+ (24 mega)","DISTANZA_CALCOLATA":"540.97","CLASSE_DISTANZA":"500-899","POTENZA_SEGNALE":"19523.33","POPOLAZIONE_SEZIONE": "125"}
			},
		 		{ "type" : "Feature",
				"geometry" : {
					"type" : "Point",
					"coordinates" : [7.73484,45.07820]},
			"properties" : { "ANNO":"2010","ID_SEZIONE":"15296","ISTAT_COMUNE_SEZ":"1272","COMUNE_SEZ":"TORINO","PROVINCIA":"TO","ID_CENTRALE":"1493","NOME_CENTRALE":"TORINO SASSI","ISTAT_COMUNE_CENTR":"1272","COMUNE_CENTR":"TORINO","PROVINCIA_CENTR":"TO","INDIRIZZO_CENTRALE":"PZA PASINI ANG. V.AGUDIO","LATITUDINE_SEZIONE":"45.07820","LONGITUDINE_SEZIONE":"7.73484","POS_X_SEZIONE":"400421.94107","POS_Y_SEZIONE":"4992415.66827","LATITUDINE_CENTRALE":"45.07563","LONGITUDINE_CENTRALE":"7.72962","POS_X_CENTRALE":"400006.18750","POS_Y_CENTRALE":"4992137.00000","TIPO_ADSL":"ADSL_2P","DESCRIZIONE_TIPO_ADSL":"ADSL 2+ (24 mega)","DISTANZA_CALCOLATA":"500.51","CLASSE_DISTANZA":"500-899","POTENZA_SEGNALE":"19523.33","POPOLAZIONE_SEZIONE": "271"}
			},
		 		{ "type" : "Feature",
				"geometry" : {
					"type" : "Point",
					"coordinates" : [7.73259,45.08744]},
			"properties" : { "ANNO":"2010","ID_SEZIONE":"15506","ISTAT_COMUNE_SEZ":"1272","COMUNE_SEZ":"TORINO","PROVINCIA":"TO","ID_CENTRALE":"1493","NOME_CENTRALE":"TORINO SASSI","ISTAT_COMUNE_CENTR":"1272","COMUNE_CENTR":"TORINO","PROVINCIA_CENTR":"TO","INDIRIZZO_CENTRALE":"PZA PASINI ANG. V.AGUDIO","LATITUDINE_SEZIONE":"45.08744","LONGITUDINE_SEZIONE":"7.73259","POS_X_SEZIONE":"400261.10446","POS_Y_SEZIONE":"4993445.18046","LATITUDINE_CENTRALE":"45.07563","LONGITUDINE_CENTRALE":"7.72962","POS_X_CENTRALE":"400006.18750","POS_Y_CENTRALE":"4992137.00000","TIPO_ADSL":"ADSL_2P","DESCRIZIONE_TIPO_ADSL":"ADSL 2+ (24 mega)","DISTANZA_CALCOLATA":"1332.79","CLASSE_DISTANZA":"1300-1699","POTENZA_SEGNALE":"16071.67","POPOLAZIONE_SEZIONE": "330"}
			},
		 		{ "type" : "Feature",
				"geometry" : {
					"type" : "Point",
					"coordinates" : [7.75990,45.06696]},
			"properties" : { "ANNO":"2010","ID_SEZIONE":"15672","ISTAT_COMUNE_SEZ":"1272","COMUNE_SEZ":"TORINO","PROVINCIA":"TO","ID_CENTRALE":"1493","NOME_CENTRALE":"TORINO SASSI","ISTAT_COMUNE_CENTR":"1272","COMUNE_CENTR":"TORINO","PROVINCIA_CENTR":"TO","INDIRIZZO_CENTRALE":"PZA PASINI ANG. V.AGUDIO","LATITUDINE_SEZIONE":"45.06696","LONGITUDINE_SEZIONE":"7.75990","POS_X_SEZIONE":"402375.09768","POS_Y_SEZIONE":"4991136.67025","LATITUDINE_CENTRALE":"45.07563","LONGITUDINE_CENTRALE":"7.72962","POS_X_CENTRALE":"400006.18750","POS_Y_CENTRALE":"4992137.00000","TIPO_ADSL":"ADSL_2P","DESCRIZIONE_TIPO_ADSL":"ADSL 2+ (24 mega)","DISTANZA_CALCOLATA":"2571.46","CLASSE_DISTANZA":"2500-2899","POTENZA_SEGNALE":"7380.83","POPOLAZIONE_SEZIONE": "27"}
			},
		 		{ "type" : "Feature",
				"geometry" : {
					"type" : "Point",
					"coordinates" : [7.73016,45.08431]},
			"properties" : { "ANNO":"2010","ID_SEZIONE":"15842","ISTAT_COMUNE_SEZ":"1272","COMUNE_SEZ":"TORINO","PROVINCIA":"TO","ID_CENTRALE":"1493","NOME_CENTRALE":"TORINO SASSI","ISTAT_COMUNE_CENTR":"1272","COMUNE_CENTR":"TORINO","PROVINCIA_CENTR":"TO","INDIRIZZO_CENTRALE":"PZA PASINI ANG. V.AGUDIO","LATITUDINE_SEZIONE":"45.08431","LONGITUDINE_SEZIONE":"7.73016","POS_X_SEZIONE":"400063.82625","POS_Y_SEZIONE":"4993100.17541","LATITUDINE_CENTRALE":"45.07563","LONGITUDINE_CENTRALE":"7.72962","POS_X_CENTRALE":"400006.18750","POS_Y_CENTRALE":"4992137.00000","TIPO_ADSL":"ADSL_2P","DESCRIZIONE_TIPO_ADSL":"ADSL 2+ (24 mega)","DISTANZA_CALCOLATA":"964.90","CLASSE_DISTANZA":"900-1299","POTENZA_SEGNALE":"17737.5","POPOLAZIONE_SEZIONE": "15"}
			},
		 		{ "type" : "Feature",
				"geometry" : {
					"type" : "Point",
					"coordinates" : [7.71913,45.07572]},
			"properties" : { "ANNO":"2010","ID_SEZIONE":"16450","ISTAT_COMUNE_SEZ":"1272","COMUNE_SEZ":"TORINO","PROVINCIA":"TO","ID_CENTRALE":"1493","NOME_CENTRALE":"TORINO SASSI","ISTAT_COMUNE_CENTR":"1272","COMUNE_CENTR":"TORINO","PROVINCIA_CENTR":"TO","INDIRIZZO_CENTRALE":"PZA PASINI ANG. V.AGUDIO","LATITUDINE_SEZIONE":"45.07572","LONGITUDINE_SEZIONE":"7.71913","POS_X_SEZIONE":"399180.92065","POS_Y_SEZIONE":"4992160.15108","LATITUDINE_CENTRALE":"45.07563","LONGITUDINE_CENTRALE":"7.72962","POS_X_CENTRALE":"400006.18750","POS_Y_CENTRALE":"4992137.00000","TIPO_ADSL":"ADSL_2P","DESCRIZIONE_TIPO_ADSL":"ADSL 2+ (24 mega)","DISTANZA_CALCOLATA":"825.59","CLASSE_DISTANZA":"500-899","POTENZA_SEGNALE":"19523.33","POPOLAZIONE_SEZIONE": "482"}
			},
		 		{ "type" : "Feature",
				"geometry" : {
					"type" : "Point",
					"coordinates" : [7.73705,45.06491]},
			"properties" : { "ANNO":"2010","ID_SEZIONE":"16459","ISTAT_COMUNE_SEZ":"1272","COMUNE_SEZ":"TORINO","PROVINCIA":"TO","ID_CENTRALE":"1493","NOME_CENTRALE":"TORINO SASSI","ISTAT_COMUNE_CENTR":"1272","COMUNE_CENTR":"TORINO","PROVINCIA_CENTR":"TO","INDIRIZZO_CENTRALE":"PZA PASINI ANG. V.AGUDIO","LATITUDINE_SEZIONE":"45.06491","LONGITUDINE_SEZIONE":"7.73705","POS_X_SEZIONE":"400572.39534","POS_Y_SEZIONE":"4990936.64670","LATITUDINE_CENTRALE":"45.07563","LONGITUDINE_CENTRALE":"7.72962","POS_X_CENTRALE":"400006.18750","POS_Y_CENTRALE":"4992137.00000","TIPO_ADSL":"ADSL_2P","DESCRIZIONE_TIPO_ADSL":"ADSL 2+ (24 mega)","DISTANZA_CALCOLATA":"1327.19","CLASSE_DISTANZA":"1300-1699","POTENZA_SEGNALE":"16071.67","POPOLAZIONE_SEZIONE": "128"}
			},
		 		{ "type" : "Feature",
				"geometry" : {
					"type" : "Point",
					"coordinates" : [7.75124,45.06391]},
			"properties" : { "ANNO":"2010","ID_SEZIONE":"16460","ISTAT_COMUNE_SEZ":"1272","COMUNE_SEZ":"TORINO","PROVINCIA":"TO","ID_CENTRALE":"1493","NOME_CENTRALE":"TORINO SASSI","ISTAT_COMUNE_CENTR":"1272","COMUNE_CENTR":"TORINO","PROVINCIA_CENTR":"TO","INDIRIZZO_CENTRALE":"PZA PASINI ANG. V.AGUDIO","LATITUDINE_SEZIONE":"45.06391","LONGITUDINE_SEZIONE":"7.75124","POS_X_SEZIONE":"401688.28961","POS_Y_SEZIONE":"4990808.15723","LATITUDINE_CENTRALE":"45.07563","LONGITUDINE_CENTRALE":"7.72962","POS_X_CENTRALE":"400006.18750","POS_Y_CENTRALE":"4992137.00000","TIPO_ADSL":"ADSL_2P","DESCRIZIONE_TIPO_ADSL":"ADSL 2+ (24 mega)","DISTANZA_CALCOLATA":"2143.66","CLASSE_DISTANZA":"2100-2499","POTENZA_SEGNALE":"10000","POPOLAZIONE_SEZIONE": "153"}
			},
		 		{ "type" : "Feature",
				"geometry" : {
					"type" : "Point",
					"coordinates" : [7.71525,45.07302]},
			"properties" : { "ANNO":"2010","ID_SEZIONE":"16813","ISTAT_COMUNE_SEZ":"1272","COMUNE_SEZ":"TORINO","PROVINCIA":"TO","ID_CENTRALE":"1493","NOME_CENTRALE":"TORINO SASSI","ISTAT_COMUNE_CENTR":"1272","COMUNE_CENTR":"TORINO","PROVINCIA_CENTR":"TO","INDIRIZZO_CENTRALE":"PZA PASINI ANG. V.AGUDIO","LATITUDINE_SEZIONE":"45.07302","LONGITUDINE_SEZIONE":"7.71525","POS_X_SEZIONE":"398870.76385","POS_Y_SEZIONE":"4991864.64260","LATITUDINE_CENTRALE":"45.07563","LONGITUDINE_CENTRALE":"7.72962","POS_X_CENTRALE":"400006.18750","POS_Y_CENTRALE":"4992137.00000","TIPO_ADSL":"ADSL_2P","DESCRIZIONE_TIPO_ADSL":"ADSL 2+ (24 mega)","DISTANZA_CALCOLATA":"1167.63","CLASSE_DISTANZA":"900-1299","POTENZA_SEGNALE":"17737.5","POPOLAZIONE_SEZIONE": "226"}
			},
		 		{ "type" : "Feature",
				"geometry" : {
					"type" : "Point",
					"coordinates" : [7.72450,45.07290]},
			"properties" : { "ANNO":"2010","ID_SEZIONE":"16814","ISTAT_COMUNE_SEZ":"1272","COMUNE_SEZ":"TORINO","PROVINCIA":"TO","ID_CENTRALE":"1493","NOME_CENTRALE":"TORINO SASSI","ISTAT_COMUNE_CENTR":"1272","COMUNE_CENTR":"TORINO","PROVINCIA_CENTR":"TO","INDIRIZZO_CENTRALE":"PZA PASINI ANG. V.AGUDIO","LATITUDINE_SEZIONE":"45.07290","LONGITUDINE_SEZIONE":"7.72450","POS_X_SEZIONE":"399598.88110","POS_Y_SEZIONE":"4991839.65035","LATITUDINE_CENTRALE":"45.07563","LONGITUDINE_CENTRALE":"7.72962","POS_X_CENTRALE":"400006.18750","POS_Y_CENTRALE":"4992137.00000","TIPO_ADSL":"ADSL_2P","DESCRIZIONE_TIPO_ADSL":"ADSL 2+ (24 mega)","DISTANZA_CALCOLATA":"504.30","CLASSE_DISTANZA":"500-899","POTENZA_SEGNALE":"19523.33","POPOLAZIONE_SEZIONE": "402"}
			},
		 		{ "type" : "Feature",
				"geometry" : {
					"type" : "Point",
					"coordinates" : [7.71342,45.07865]},
			"properties" : { "ANNO":"2010","ID_SEZIONE":"17561","ISTAT_COMUNE_SEZ":"1272","COMUNE_SEZ":"TORINO","PROVINCIA":"TO","ID_CENTRALE":"1493","NOME_CENTRALE":"TORINO SASSI","ISTAT_COMUNE_CENTR":"1272","COMUNE_CENTR":"TORINO","PROVINCIA_CENTR":"TO","INDIRIZZO_CENTRALE":"PZA PASINI ANG. V.AGUDIO","LATITUDINE_SEZIONE":"45.07865","LONGITUDINE_SEZIONE":"7.71342","POS_X_SEZIONE":"398736.58452","POS_Y_SEZIONE":"4992492.65157","LATITUDINE_CENTRALE":"45.07563","LONGITUDINE_CENTRALE":"7.72962","POS_X_CENTRALE":"400006.18750","POS_Y_CENTRALE":"4992137.00000","TIPO_ADSL":"ADSL_2P","DESCRIZIONE_TIPO_ADSL":"ADSL 2+ (24 mega)","DISTANZA_CALCOLATA":"1318.48","CLASSE_DISTANZA":"1300-1699","POTENZA_SEGNALE":"16071.67","POPOLAZIONE_SEZIONE": ""}
			},
		 		{ "type" : "Feature",
				"geometry" : {
					"type" : "Point",
					"coordinates" : [7.73444,45.08584]},
			"properties" : { "ANNO":"2010","ID_SEZIONE":"18079","ISTAT_COMUNE_SEZ":"1272","COMUNE_SEZ":"TORINO","PROVINCIA":"TO","ID_CENTRALE":"1493","NOME_CENTRALE":"TORINO SASSI","ISTAT_COMUNE_CENTR":"1272","COMUNE_CENTR":"TORINO","PROVINCIA_CENTR":"TO","INDIRIZZO_CENTRALE":"PZA PASINI ANG. V.AGUDIO","LATITUDINE_SEZIONE":"45.08584","LONGITUDINE_SEZIONE":"7.73444","POS_X_SEZIONE":"400403.88436","POS_Y_SEZIONE":"4993264.68049","LATITUDINE_CENTRALE":"45.07563","LONGITUDINE_CENTRALE":"7.72962","POS_X_CENTRALE":"400006.18750","POS_Y_CENTRALE":"4992137.00000","TIPO_ADSL":"ADSL_2P","DESCRIZIONE_TIPO_ADSL":"ADSL 2+ (24 mega)","DISTANZA_CALCOLATA":"1195.75","CLASSE_DISTANZA":"900-1299","POTENZA_SEGNALE":"17737.5","POPOLAZIONE_SEZIONE": "784"}
			},
		 		{ "type" : "Feature",
				"geometry" : {
					"type" : "Point",
					"coordinates" : [7.72254,45.06933]},
			"properties" : { "ANNO":"2010","ID_SEZIONE":"18332","ISTAT_COMUNE_SEZ":"1272","COMUNE_SEZ":"TORINO","PROVINCIA":"TO","ID_CENTRALE":"1493","NOME_CENTRALE":"TORINO SASSI","ISTAT_COMUNE_CENTR":"1272","COMUNE_CENTR":"TORINO","PROVINCIA_CENTR":"TO","INDIRIZZO_CENTRALE":"PZA PASINI ANG. V.AGUDIO","LATITUDINE_SEZIONE":"45.06933","LONGITUDINE_SEZIONE":"7.72254","POS_X_SEZIONE":"399438.06702","POS_Y_SEZIONE":"4991446.14200","LATITUDINE_CENTRALE":"45.07563","LONGITUDINE_CENTRALE":"7.72962","POS_X_CENTRALE":"400006.18750","POS_Y_CENTRALE":"4992137.00000","TIPO_ADSL":"ADSL_2P","DESCRIZIONE_TIPO_ADSL":"ADSL 2+ (24 mega)","DISTANZA_CALCOLATA":"894.45","CLASSE_DISTANZA":"500-899","POTENZA_SEGNALE":"19523.33","POPOLAZIONE_SEZIONE": "152"}
			},
		 		{ "type" : "Feature",
				"geometry" : {
					"type" : "Point",
					"coordinates" : [7.73177,45.08636]},
			"properties" : { "ANNO":"2010","ID_SEZIONE":"18701","ISTAT_COMUNE_SEZ":"1272","COMUNE_SEZ":"TORINO","PROVINCIA":"TO","ID_CENTRALE":"1493","NOME_CENTRALE":"TORINO SASSI","ISTAT_COMUNE_CENTR":"1272","COMUNE_CENTR":"TORINO","PROVINCIA_CENTR":"TO","INDIRIZZO_CENTRALE":"PZA PASINI ANG. V.AGUDIO","LATITUDINE_SEZIONE":"45.08636","LONGITUDINE_SEZIONE":"7.73177","POS_X_SEZIONE":"400194.29358","POS_Y_SEZIONE":"4993326.67857","LATITUDINE_CENTRALE":"45.07563","LONGITUDINE_CENTRALE":"7.72962","POS_X_CENTRALE":"400006.18750","POS_Y_CENTRALE":"4992137.00000","TIPO_ADSL":"ADSL_2P","DESCRIZIONE_TIPO_ADSL":"ADSL 2+ (24 mega)","DISTANZA_CALCOLATA":"1204.46","CLASSE_DISTANZA":"900-1299","POTENZA_SEGNALE":"17737.5","POPOLAZIONE_SEZIONE": "192"}
			},
		 		{ "type" : "Feature",
				"geometry" : {
					"type" : "Point",
					"coordinates" : [7.72549,45.08752]},
			"properties" : { "ANNO":"2010","ID_SEZIONE":"19252","ISTAT_COMUNE_SEZ":"1272","COMUNE_SEZ":"TORINO","PROVINCIA":"TO","ID_CENTRALE":"1493","NOME_CENTRALE":"TORINO SASSI","ISTAT_COMUNE_CENTR":"1272","COMUNE_CENTR":"TORINO","PROVINCIA_CENTR":"TO","INDIRIZZO_CENTRALE":"PZA PASINI ANG. V.AGUDIO","LATITUDINE_SEZIONE":"45.08752","LONGITUDINE_SEZIONE":"7.72549","POS_X_SEZIONE":"399701.79873","POS_Y_SEZIONE":"4993463.17521","LATITUDINE_CENTRALE":"45.07563","LONGITUDINE_CENTRALE":"7.72962","POS_X_CENTRALE":"400006.18750","POS_Y_CENTRALE":"4992137.00000","TIPO_ADSL":"ADSL_2P","DESCRIZIONE_TIPO_ADSL":"ADSL 2+ (24 mega)","DISTANZA_CALCOLATA":"1360.66","CLASSE_DISTANZA":"1300-1699","POTENZA_SEGNALE":"16071.67","POPOLAZIONE_SEZIONE": ""}
			},
		 		{ "type" : "Feature",
				"geometry" : {
					"type" : "Point",
					"coordinates" : [7.71977,45.07674]},
			"properties" : { "ANNO":"2010","ID_SEZIONE":"19259","ISTAT_COMUNE_SEZ":"1272","COMUNE_SEZ":"TORINO","PROVINCIA":"TO","ID_CENTRALE":"1493","NOME_CENTRALE":"TORINO SASSI","ISTAT_COMUNE_CENTR":"1272","COMUNE_CENTR":"TORINO","PROVINCIA_CENTR":"TO","INDIRIZZO_CENTRALE":"PZA PASINI ANG. V.AGUDIO","LATITUDINE_SEZIONE":"45.07674","LONGITUDINE_SEZIONE":"7.71977","POS_X_SEZIONE":"399232.98337","POS_Y_SEZIONE":"4992272.15313","LATITUDINE_CENTRALE":"45.07563","LONGITUDINE_CENTRALE":"7.72962","POS_X_CENTRALE":"400006.18750","POS_Y_CENTRALE":"4992137.00000","TIPO_ADSL":"ADSL_2P","DESCRIZIONE_TIPO_ADSL":"ADSL 2+ (24 mega)","DISTANZA_CALCOLATA":"784.93","CLASSE_DISTANZA":"500-899","POTENZA_SEGNALE":"19523.33","POPOLAZIONE_SEZIONE": ""}
			},
		 		{ "type" : "Feature",
				"geometry" : {
					"type" : "Point",
					"coordinates" : [7.73704,45.05630]},
			"properties" : { "ANNO":"2010","ID_SEZIONE":"19992","ISTAT_COMUNE_SEZ":"1272","COMUNE_SEZ":"TORINO","PROVINCIA":"TO","ID_CENTRALE":"1493","NOME_CENTRALE":"TORINO SASSI","ISTAT_COMUNE_CENTR":"1272","COMUNE_CENTR":"TORINO","PROVINCIA_CENTR":"TO","INDIRIZZO_CENTRALE":"PZA PASINI ANG. V.AGUDIO","LATITUDINE_SEZIONE":"45.05630","LONGITUDINE_SEZIONE":"7.73704","POS_X_SEZIONE":"400557.22990","POS_Y_SEZIONE":"4989980.63159","LATITUDINE_CENTRALE":"45.07563","LONGITUDINE_CENTRALE":"7.72962","POS_X_CENTRALE":"400006.18750","POS_Y_CENTRALE":"4992137.00000","TIPO_ADSL":"ADSL_2P","DESCRIZIONE_TIPO_ADSL":"ADSL 2+ (24 mega)","DISTANZA_CALCOLATA":"2225.66","CLASSE_DISTANZA":"2100-2499","POTENZA_SEGNALE":"10000","POPOLAZIONE_SEZIONE": "197"}
			},
		 		{ "type" : "Feature",
				"geometry" : {
					"type" : "Point",
					"coordinates" : [7.72391,45.07536]},
			"properties" : { "ANNO":"2010","ID_SEZIONE":"20325","ISTAT_COMUNE_SEZ":"1272","COMUNE_SEZ":"TORINO","PROVINCIA":"TO","ID_CENTRALE":"1493","NOME_CENTRALE":"TORINO SASSI","ISTAT_COMUNE_CENTR":"1272","COMUNE_CENTR":"TORINO","PROVINCIA_CENTR":"TO","INDIRIZZO_CENTRALE":"PZA PASINI ANG. V.AGUDIO","LATITUDINE_SEZIONE":"45.07536","LONGITUDINE_SEZIONE":"7.72391","POS_X_SEZIONE":"399556.35335","POS_Y_SEZIONE":"4992114.15403","LATITUDINE_CENTRALE":"45.07563","LONGITUDINE_CENTRALE":"7.72962","POS_X_CENTRALE":"400006.18750","POS_Y_CENTRALE":"4992137.00000","TIPO_ADSL":"ADSL_2P","DESCRIZIONE_TIPO_ADSL":"ADSL 2+ (24 mega)","DISTANZA_CALCOLATA":"450.41","CLASSE_DISTANZA":"100-499","POTENZA_SEGNALE":"19761.67","POPOLAZIONE_SEZIONE": "217"}
			},
		 		{ "type" : "Feature",
				"geometry" : {
					"type" : "Point",
					"coordinates" : [7.72096,45.06904]},
			"properties" : { "ANNO":"2010","ID_SEZIONE":"20357","ISTAT_COMUNE_SEZ":"1272","COMUNE_SEZ":"TORINO","PROVINCIA":"TO","ID_CENTRALE":"1493","NOME_CENTRALE":"TORINO SASSI","ISTAT_COMUNE_CENTR":"1272","COMUNE_CENTR":"TORINO","PROVINCIA_CENTR":"TO","INDIRIZZO_CENTRALE":"PZA PASINI ANG. V.AGUDIO","LATITUDINE_SEZIONE":"45.06904","LONGITUDINE_SEZIONE":"7.72096","POS_X_SEZIONE":"399313.25524","POS_Y_SEZIONE":"4991415.14040","LATITUDINE_CENTRALE":"45.07563","LONGITUDINE_CENTRALE":"7.72962","POS_X_CENTRALE":"400006.18750","POS_Y_CENTRALE":"4992137.00000","TIPO_ADSL":"ADSL_2P","DESCRIZIONE_TIPO_ADSL":"ADSL 2+ (24 mega)","DISTANZA_CALCOLATA":"1000.62","CLASSE_DISTANZA":"900-1299","POTENZA_SEGNALE":"17737.5","POPOLAZIONE_SEZIONE": "108"}
			},
		 		{ "type" : "Feature",
				"geometry" : {
					"type" : "Point",
					"coordinates" : [7.72985,45.08142]},
			"properties" : { "ANNO":"2010","ID_SEZIONE":"20736","ISTAT_COMUNE_SEZ":"1272","COMUNE_SEZ":"TORINO","PROVINCIA":"TO","ID_CENTRALE":"1493","NOME_CENTRALE":"TORINO SASSI","ISTAT_COMUNE_CENTR":"1272","COMUNE_CENTR":"TORINO","PROVINCIA_CENTR":"TO","INDIRIZZO_CENTRALE":"PZA PASINI ANG. V.AGUDIO","LATITUDINE_SEZIONE":"45.08142","LONGITUDINE_SEZIONE":"7.72985","POS_X_SEZIONE":"400034.63559","POS_Y_SEZIONE":"4992780.17029","LATITUDINE_CENTRALE":"45.07563","LONGITUDINE_CENTRALE":"7.72962","POS_X_CENTRALE":"400006.18750","POS_Y_CENTRALE":"4992137.00000","TIPO_ADSL":"ADSL_2P","DESCRIZIONE_TIPO_ADSL":"ADSL 2+ (24 mega)","DISTANZA_CALCOLATA":"643.80","CLASSE_DISTANZA":"500-899","POTENZA_SEGNALE":"19523.33","POPOLAZIONE_SEZIONE": "9"}
			},
		 		{ "type" : "Feature",
				"geometry" : {
					"type" : "Point",
					"coordinates" : [7.72545,45.09088]},
			"properties" : { "ANNO":"2010","ID_SEZIONE":"21275","ISTAT_COMUNE_SEZ":"1272","COMUNE_SEZ":"TORINO","PROVINCIA":"TO","ID_CENTRALE":"1493","NOME_CENTRALE":"TORINO SASSI","ISTAT_COMUNE_CENTR":"1272","COMUNE_CENTR":"TORINO","PROVINCIA_CENTR":"TO","INDIRIZZO_CENTRALE":"PZA PASINI ANG. V.AGUDIO","LATITUDINE_SEZIONE":"45.09088","LONGITUDINE_SEZIONE":"7.72545","POS_X_SEZIONE":"399704.48571","POS_Y_SEZIONE":"4993836.67870","LATITUDINE_CENTRALE":"45.07563","LONGITUDINE_CENTRALE":"7.72962","POS_X_CENTRALE":"400006.18750","POS_Y_CENTRALE":"4992137.00000","TIPO_ADSL":"ADSL_2P","DESCRIZIONE_TIPO_ADSL":"ADSL 2+ (24 mega)","DISTANZA_CALCOLATA":"1726.25","CLASSE_DISTANZA":"1700-2099","POTENZA_SEGNALE":"12975.83","POPOLAZIONE_SEZIONE": "7"}
			},
		 		{ "type" : "Feature",
				"geometry" : {
					"type" : "Point",
					"coordinates" : [7.72771,45.07917]},
			"properties" : { "ANNO":"2010","ID_SEZIONE":"21963","ISTAT_COMUNE_SEZ":"1272","COMUNE_SEZ":"TORINO","PROVINCIA":"TO","ID_CENTRALE":"1493","NOME_CENTRALE":"TORINO SASSI","ISTAT_COMUNE_CENTR":"1272","COMUNE_CENTR":"TORINO","PROVINCIA_CENTR":"TO","INDIRIZZO_CENTRALE":"PZA PASINI ANG. V.AGUDIO","LATITUDINE_SEZIONE":"45.07917","LONGITUDINE_SEZIONE":"7.72771","POS_X_SEZIONE":"399861.88526","POS_Y_SEZIONE":"4992532.66437","LATITUDINE_CENTRALE":"45.07563","LONGITUDINE_CENTRALE":"7.72962","POS_X_CENTRALE":"400006.18750","POS_Y_CENTRALE":"4992137.00000","TIPO_ADSL":"ADSL_2P","DESCRIZIONE_TIPO_ADSL":"ADSL 2+ (24 mega)","DISTANZA_CALCOLATA":"421.16","CLASSE_DISTANZA":"100-499","POTENZA_SEGNALE":"19761.67","POPOLAZIONE_SEZIONE": "42"}
			},
		 		{ "type" : "Feature",
				"geometry" : {
					"type" : "Point",
					"coordinates" : [7.72084,45.07266]},
			"properties" : { "ANNO":"2010","ID_SEZIONE":"22788","ISTAT_COMUNE_SEZ":"1272","COMUNE_SEZ":"TORINO","PROVINCIA":"TO","ID_CENTRALE":"1493","NOME_CENTRALE":"TORINO SASSI","ISTAT_COMUNE_CENTR":"1272","COMUNE_CENTR":"TORINO","PROVINCIA_CENTR":"TO","INDIRIZZO_CENTRALE":"PZA PASINI ANG. V.AGUDIO","LATITUDINE_SEZIONE":"45.07266","LONGITUDINE_SEZIONE":"7.72084","POS_X_SEZIONE":"399310.44692","POS_Y_SEZIONE":"4991818.14686","LATITUDINE_CENTRALE":"45.07563","LONGITUDINE_CENTRALE":"7.72962","POS_X_CENTRALE":"400006.18750","POS_Y_CENTRALE":"4992137.00000","TIPO_ADSL":"ADSL_2P","DESCRIZIONE_TIPO_ADSL":"ADSL 2+ (24 mega)","DISTANZA_CALCOLATA":"765.32","CLASSE_DISTANZA":"500-899","POTENZA_SEGNALE":"19523.33","POPOLAZIONE_SEZIONE": "611"}
			},
		 		{ "type" : "Feature",
				"geometry" : {
					"type" : "Point",
					"coordinates" : [7.73872,45.07769]},
			"properties" : { "ANNO":"2010","ID_SEZIONE":"22897","ISTAT_COMUNE_SEZ":"1272","COMUNE_SEZ":"TORINO","PROVINCIA":"TO","ID_CENTRALE":"1493","NOME_CENTRALE":"TORINO SASSI","ISTAT_COMUNE_CENTR":"1272","COMUNE_CENTR":"TORINO","PROVINCIA_CENTR":"TO","INDIRIZZO_CENTRALE":"PZA PASINI ANG. V.AGUDIO","LATITUDINE_SEZIONE":"45.07769","LONGITUDINE_SEZIONE":"7.73872","POS_X_SEZIONE":"400726.15662","POS_Y_SEZIONE":"4992354.67064","LATITUDINE_CENTRALE":"45.07563","LONGITUDINE_CENTRALE":"7.72962","POS_X_CENTRALE":"400006.18750","POS_Y_CENTRALE":"4992137.00000","TIPO_ADSL":"ADSL_2P","DESCRIZIONE_TIPO_ADSL":"ADSL 2+ (24 mega)","DISTANZA_CALCOLATA":"752.15","CLASSE_DISTANZA":"500-899","POTENZA_SEGNALE":"19523.33","POPOLAZIONE_SEZIONE": "112"}
			},
		 		{ "type" : "Feature",
				"geometry" : {
					"type" : "Point",
					"coordinates" : [7.73255,45.07916]},
			"properties" : { "ANNO":"2010","ID_SEZIONE":"23174","ISTAT_COMUNE_SEZ":"1272","COMUNE_SEZ":"TORINO","PROVINCIA":"TO","ID_CENTRALE":"1493","NOME_CENTRALE":"TORINO SASSI","ISTAT_COMUNE_CENTR":"1272","COMUNE_CENTR":"TORINO","PROVINCIA_CENTR":"TO","INDIRIZZO_CENTRALE":"PZA PASINI ANG. V.AGUDIO","LATITUDINE_SEZIONE":"45.07916","LONGITUDINE_SEZIONE":"7.73255","POS_X_SEZIONE":"400242.81940","POS_Y_SEZIONE":"4992525.66840","LATITUDINE_CENTRALE":"45.07563","LONGITUDINE_CENTRALE":"7.72962","POS_X_CENTRALE":"400006.18750","POS_Y_CENTRALE":"4992137.00000","TIPO_ADSL":"ADSL_2P","DESCRIZIONE_TIPO_ADSL":"ADSL 2+ (24 mega)","DISTANZA_CALCOLATA":"455.04","CLASSE_DISTANZA":"100-499","POTENZA_SEGNALE":"19761.67","POPOLAZIONE_SEZIONE": "98"}
			},
		 		{ "type" : "Feature",
				"geometry" : {
					"type" : "Point",
					"coordinates" : [7.71759,45.07315]},
			"properties" : { "ANNO":"2010","ID_SEZIONE":"23763","ISTAT_COMUNE_SEZ":"1272","COMUNE_SEZ":"TORINO","PROVINCIA":"TO","ID_CENTRALE":"1493","NOME_CENTRALE":"TORINO SASSI","ISTAT_COMUNE_CENTR":"1272","COMUNE_CENTR":"TORINO","PROVINCIA_CENTR":"TO","INDIRIZZO_CENTRALE":"PZA PASINI ANG. V.AGUDIO","LATITUDINE_SEZIONE":"45.07315","LONGITUDINE_SEZIONE":"7.71759","POS_X_SEZIONE":"399054.98094","POS_Y_SEZIONE":"4991876.64491","LATITUDINE_CENTRALE":"45.07563","LONGITUDINE_CENTRALE":"7.72962","POS_X_CENTRALE":"400006.18750","POS_Y_CENTRALE":"4992137.00000","TIPO_ADSL":"ADSL_2P","DESCRIZIONE_TIPO_ADSL":"ADSL 2+ (24 mega)","DISTANZA_CALCOLATA":"986.19","CLASSE_DISTANZA":"900-1299","POTENZA_SEGNALE":"17737.5","POPOLAZIONE_SEZIONE": "347"}
			},
		 		{ "type" : "Feature",
				"geometry" : {
					"type" : "Point",
					"coordinates" : [7.72580,45.07546]},
			"properties" : { "ANNO":"2010","ID_SEZIONE":"24015","ISTAT_COMUNE_SEZ":"1272","COMUNE_SEZ":"TORINO","PROVINCIA":"TO","ID_CENTRALE":"1493","NOME_CENTRALE":"TORINO SASSI","ISTAT_COMUNE_CENTR":"1272","COMUNE_CENTR":"TORINO","PROVINCIA_CENTR":"TO","INDIRIZZO_CENTRALE":"PZA PASINI ANG. V.AGUDIO","LATITUDINE_SEZIONE":"45.07546","LONGITUDINE_SEZIONE":"7.72580","POS_X_SEZIONE":"399705.04020","POS_Y_SEZIONE":"4992123.15601","LATITUDINE_CENTRALE":"45.07563","LONGITUDINE_CENTRALE":"7.72962","POS_X_CENTRALE":"400006.18750","POS_Y_CENTRALE":"4992137.00000","TIPO_ADSL":"ADSL_2P","DESCRIZIONE_TIPO_ADSL":"ADSL 2+ (24 mega)","DISTANZA_CALCOLATA":"301.47","CLASSE_DISTANZA":"100-499","POTENZA_SEGNALE":"19761.67","POPOLAZIONE_SEZIONE": "425"}
			},
		 		{ "type" : "Feature",
				"geometry" : {
					"type" : "Point",
					"coordinates" : [7.74163,45.04981]},
			"properties" : { "ANNO":"2010","ID_SEZIONE":"24469","ISTAT_COMUNE_SEZ":"1272","COMUNE_SEZ":"TORINO","PROVINCIA":"TO","ID_CENTRALE":"1493","NOME_CENTRALE":"TORINO SASSI","ISTAT_COMUNE_CENTR":"1272","COMUNE_CENTR":"TORINO","PROVINCIA_CENTR":"TO","INDIRIZZO_CENTRALE":"PZA PASINI ANG. V.AGUDIO","LATITUDINE_SEZIONE":"45.04981","LONGITUDINE_SEZIONE":"7.74163","POS_X_SEZIONE":"400907.43943","POS_Y_SEZIONE":"4989254.12407","LATITUDINE_CENTRALE":"45.07563","LONGITUDINE_CENTRALE":"7.72962","POS_X_CENTRALE":"400006.18750","POS_Y_CENTRALE":"4992137.00000","TIPO_ADSL":"ADSL_2P","DESCRIZIONE_TIPO_ADSL":"ADSL 2+ (24 mega)","DISTANZA_CALCOLATA":"3020.47","CLASSE_DISTANZA":"2900-3299","POTENZA_SEGNALE":"5238.33","POPOLAZIONE_SEZIONE": "72"}
			},
		 		{ "type" : "Feature",
				"geometry" : {
					"type" : "Point",
					"coordinates" : [7.72123,45.08433]},
			"properties" : { "ANNO":"2010","ID_SEZIONE":"24841","ISTAT_COMUNE_SEZ":"1272","COMUNE_SEZ":"TORINO","PROVINCIA":"TO","ID_CENTRALE":"1493","NOME_CENTRALE":"TORINO SASSI","ISTAT_COMUNE_CENTR":"1272","COMUNE_CENTR":"TORINO","PROVINCIA_CENTR":"TO","INDIRIZZO_CENTRALE":"PZA PASINI ANG. V.AGUDIO","LATITUDINE_SEZIONE":"45.08433","LONGITUDINE_SEZIONE":"7.72123","POS_X_SEZIONE":"399361.42778","POS_Y_SEZIONE":"4993114.16837","LATITUDINE_CENTRALE":"45.07563","LONGITUDINE_CENTRALE":"7.72962","POS_X_CENTRALE":"400006.18750","POS_Y_CENTRALE":"4992137.00000","TIPO_ADSL":"ADSL_2P","DESCRIZIONE_TIPO_ADSL":"ADSL 2+ (24 mega)","DISTANZA_CALCOLATA":"1170.71","CLASSE_DISTANZA":"900-1299","POTENZA_SEGNALE":"17737.5","POPOLAZIONE_SEZIONE": ""}
			},
		 		{ "type" : "Feature",
				"geometry" : {
					"type" : "Point",
					"coordinates" : [7.72703,45.07747]},
			"properties" : { "ANNO":"2010","ID_SEZIONE":"24848","ISTAT_COMUNE_SEZ":"1272","COMUNE_SEZ":"TORINO","PROVINCIA":"TO","ID_CENTRALE":"1493","NOME_CENTRALE":"TORINO SASSI","ISTAT_COMUNE_CENTR":"1272","COMUNE_CENTR":"TORINO","PROVINCIA_CENTR":"TO","INDIRIZZO_CENTRALE":"PZA PASINI ANG. V.AGUDIO","LATITUDINE_SEZIONE":"45.07747","LONGITUDINE_SEZIONE":"7.72703","POS_X_SEZIONE":"399805.54119","POS_Y_SEZIONE":"4992344.66053","LATITUDINE_CENTRALE":"45.07563","LONGITUDINE_CENTRALE":"7.72962","POS_X_CENTRALE":"400006.18750","POS_Y_CENTRALE":"4992137.00000","TIPO_ADSL":"ADSL_2P","DESCRIZIONE_TIPO_ADSL":"ADSL 2+ (24 mega)","DISTANZA_CALCOLATA":"288.76","CLASSE_DISTANZA":"100-499","POTENZA_SEGNALE":"19761.67","POPOLAZIONE_SEZIONE": ""}
			},
		 		{ "type" : "Feature",
				"geometry" : {
					"type" : "Point",
					"coordinates" : [7.72305,45.07760]},
			"properties" : { "ANNO":"2010","ID_SEZIONE":"25028","ISTAT_COMUNE_SEZ":"1272","COMUNE_SEZ":"TORINO","PROVINCIA":"TO","ID_CENTRALE":"1493","NOME_CENTRALE":"TORINO SASSI","ISTAT_COMUNE_CENTR":"1272","COMUNE_CENTR":"TORINO","PROVINCIA_CENTR":"TO","INDIRIZZO_CENTRALE":"PZA PASINI ANG. V.AGUDIO","LATITUDINE_SEZIONE":"45.07760","LONGITUDINE_SEZIONE":"7.72305","POS_X_SEZIONE":"399492.66926","POS_Y_SEZIONE":"4992364.15749","LATITUDINE_CENTRALE":"45.07563","LONGITUDINE_CENTRALE":"7.72962","POS_X_CENTRALE":"400006.18750","POS_Y_CENTRALE":"4992137.00000","TIPO_ADSL":"ADSL_2P","DESCRIZIONE_TIPO_ADSL":"ADSL 2+ (24 mega)","DISTANZA_CALCOLATA":"561.52","CLASSE_DISTANZA":"500-899","POTENZA_SEGNALE":"19523.33","POPOLAZIONE_SEZIONE": ""}
			},
		 		{ "type" : "Feature",
				"geometry" : {
					"type" : "Point",
					"coordinates" : [7.73067,45.07901]},
			"properties" : { "ANNO":"2010","ID_SEZIONE":"25303","ISTAT_COMUNE_SEZ":"1272","COMUNE_SEZ":"TORINO","PROVINCIA":"TO","ID_CENTRALE":"1493","NOME_CENTRALE":"TORINO SASSI","ISTAT_COMUNE_CENTR":"1272","COMUNE_CENTR":"TORINO","PROVINCIA_CENTR":"TO","INDIRIZZO_CENTRALE":"PZA PASINI ANG. V.AGUDIO","LATITUDINE_SEZIONE":"45.07901","LONGITUDINE_SEZIONE":"7.73067","POS_X_SEZIONE":"400095.22670","POS_Y_SEZIONE":"4992511.16651","LATITUDINE_CENTRALE":"45.07563","LONGITUDINE_CENTRALE":"7.72962","POS_X_CENTRALE":"400006.18750","POS_Y_CENTRALE":"4992137.00000","TIPO_ADSL":"ADSL_2P","DESCRIZIONE_TIPO_ADSL":"ADSL 2+ (24 mega)","DISTANZA_CALCOLATA":"384.61","CLASSE_DISTANZA":"100-499","POTENZA_SEGNALE":"19761.67","POPOLAZIONE_SEZIONE": "172"}
			},
		 		{ "type" : "Feature",
				"geometry" : {
					"type" : "Point",
					"coordinates" : [7.75756,45.07995]},
			"properties" : { "ANNO":"2010","ID_SEZIONE":"25516","ISTAT_COMUNE_SEZ":"1272","COMUNE_SEZ":"TORINO","PROVINCIA":"TO","ID_CENTRALE":"1493","NOME_CENTRALE":"TORINO SASSI","ISTAT_COMUNE_CENTR":"1272","COMUNE_CENTR":"TORINO","PROVINCIA_CENTR":"TO","INDIRIZZO_CENTRALE":"PZA PASINI ANG. V.AGUDIO","LATITUDINE_SEZIONE":"45.07995","LONGITUDINE_SEZIONE":"7.75756","POS_X_SEZIONE":"402212.98619","POS_Y_SEZIONE":"4992582.19013","LATITUDINE_CENTRALE":"45.07563","LONGITUDINE_CENTRALE":"7.72962","POS_X_CENTRALE":"400006.18750","POS_Y_CENTRALE":"4992137.00000","TIPO_ADSL":"ADSL_2P","DESCRIZIONE_TIPO_ADSL":"ADSL 2+ (24 mega)","DISTANZA_CALCOLATA":"2251.26","CLASSE_DISTANZA":"2100-2499","POTENZA_SEGNALE":"10000","POPOLAZIONE_SEZIONE": ""}
			},
		 		{ "type" : "Feature",
				"geometry" : {
					"type" : "Point",
					"coordinates" : [7.72697,45.06737]},
			"properties" : { "ANNO":"2010","ID_SEZIONE":"25913","ISTAT_COMUNE_SEZ":"1272","COMUNE_SEZ":"TORINO","PROVINCIA":"TO","ID_CENTRALE":"1493","NOME_CENTRALE":"TORINO SASSI","ISTAT_COMUNE_CENTR":"1272","COMUNE_CENTR":"TORINO","PROVINCIA_CENTR":"TO","INDIRIZZO_CENTRALE":"PZA PASINI ANG. V.AGUDIO","LATITUDINE_SEZIONE":"45.06737","LONGITUDINE_SEZIONE":"7.72697","POS_X_SEZIONE":"399783.21748","POS_Y_SEZIONE":"4991222.64222","LATITUDINE_CENTRALE":"45.07563","LONGITUDINE_CENTRALE":"7.72962","POS_X_CENTRALE":"400006.18750","POS_Y_CENTRALE":"4992137.00000","TIPO_ADSL":"ADSL_2P","DESCRIZIONE_TIPO_ADSL":"ADSL 2+ (24 mega)","DISTANZA_CALCOLATA":"941.15","CLASSE_DISTANZA":"900-1299","POTENZA_SEGNALE":"17737.5","POPOLAZIONE_SEZIONE": "217"}
			},
		 		{ "type" : "Feature",
				"geometry" : {
					"type" : "Point",
					"coordinates" : [7.72144,45.08240]},
			"properties" : { "ANNO":"2010","ID_SEZIONE":"26988","ISTAT_COMUNE_SEZ":"1272","COMUNE_SEZ":"TORINO","PROVINCIA":"TO","ID_CENTRALE":"1493","NOME_CENTRALE":"TORINO SASSI","ISTAT_COMUNE_CENTR":"1272","COMUNE_CENTR":"TORINO","PROVINCIA_CENTR":"TO","INDIRIZZO_CENTRALE":"PZA PASINI ANG. V.AGUDIO","LATITUDINE_SEZIONE":"45.08240","LONGITUDINE_SEZIONE":"7.72144","POS_X_SEZIONE":"399374.64558","POS_Y_SEZIONE":"4992899.16625","LATITUDINE_CENTRALE":"45.07563","LONGITUDINE_CENTRALE":"7.72962","POS_X_CENTRALE":"400006.18750","POS_Y_CENTRALE":"4992137.00000","TIPO_ADSL":"ADSL_2P","DESCRIZIONE_TIPO_ADSL":"ADSL 2+ (24 mega)","DISTANZA_CALCOLATA":"989.82","CLASSE_DISTANZA":"900-1299","POTENZA_SEGNALE":"17737.5","POPOLAZIONE_SEZIONE": ""}
			},
		 		{ "type" : "Feature",
				"geometry" : {
					"type" : "Point",
					"coordinates" : [7.72926,45.07427]},
			"properties" : { "ANNO":"2010","ID_SEZIONE":"27020","ISTAT_COMUNE_SEZ":"1272","COMUNE_SEZ":"TORINO","PROVINCIA":"TO","ID_CENTRALE":"1493","NOME_CENTRALE":"TORINO SASSI","ISTAT_COMUNE_CENTR":"1272","COMUNE_CENTR":"TORINO","PROVINCIA_CENTR":"TO","INDIRIZZO_CENTRALE":"PZA PASINI ANG. V.AGUDIO","LATITUDINE_SEZIONE":"45.07427","LONGITUDINE_SEZIONE":"7.72926","POS_X_SEZIONE":"399975.47297","POS_Y_SEZIONE":"4991986.15659","LATITUDINE_CENTRALE":"45.07563","LONGITUDINE_CENTRALE":"7.72962","POS_X_CENTRALE":"400006.18750","POS_Y_CENTRALE":"4992137.00000","TIPO_ADSL":"ADSL_2P","DESCRIZIONE_TIPO_ADSL":"ADSL 2+ (24 mega)","DISTANZA_CALCOLATA":"153.94","CLASSE_DISTANZA":"100-499","POTENZA_SEGNALE":"19761.67","POPOLAZIONE_SEZIONE": "44"}
			},
		 		{ "type" : "Feature",
				"geometry" : {
					"type" : "Point",
					"coordinates" : [7.72954,45.08689]},
			"properties" : { "ANNO":"2010","ID_SEZIONE":"27517","ISTAT_COMUNE_SEZ":"1272","COMUNE_SEZ":"TORINO","PROVINCIA":"TO","ID_CENTRALE":"1493","NOME_CENTRALE":"TORINO SASSI","ISTAT_COMUNE_CENTR":"1272","COMUNE_CENTR":"TORINO","PROVINCIA_CENTR":"TO","INDIRIZZO_CENTRALE":"PZA PASINI ANG. V.AGUDIO","LATITUDINE_SEZIONE":"45.08689","LONGITUDINE_SEZIONE":"7.72954","POS_X_SEZIONE":"400019.57614","POS_Y_SEZIONE":"4993388.17745","LATITUDINE_CENTRALE":"45.07563","LONGITUDINE_CENTRALE":"7.72962","POS_X_CENTRALE":"400006.18750","POS_Y_CENTRALE":"4992137.00000","TIPO_ADSL":"ADSL_2P","DESCRIZIONE_TIPO_ADSL":"ADSL 2+ (24 mega)","DISTANZA_CALCOLATA":"1251.25","CLASSE_DISTANZA":"900-1299","POTENZA_SEGNALE":"17737.5","POPOLAZIONE_SEZIONE": "93"}
			},
		 		{ "type" : "Feature",
				"geometry" : {
					"type" : "Point",
					"coordinates" : [7.73266,45.07677]},
			"properties" : { "ANNO":"2010","ID_SEZIONE":"27614","ISTAT_COMUNE_SEZ":"1272","COMUNE_SEZ":"TORINO","PROVINCIA":"TO","ID_CENTRALE":"1493","NOME_CENTRALE":"TORINO SASSI","ISTAT_COMUNE_CENTR":"1272","COMUNE_CENTR":"TORINO","PROVINCIA_CENTR":"TO","INDIRIZZO_CENTRALE":"PZA PASINI ANG. V.AGUDIO","LATITUDINE_SEZIONE":"45.07677","LONGITUDINE_SEZIONE":"7.73266","POS_X_SEZIONE":"400247.41051","POS_Y_SEZIONE":"4992260.16414","LATITUDINE_CENTRALE":"45.07563","LONGITUDINE_CENTRALE":"7.72962","POS_X_CENTRALE":"400006.18750","POS_Y_CENTRALE":"4992137.00000","TIPO_ADSL":"ADSL_2P","DESCRIZIONE_TIPO_ADSL":"ADSL 2+ (24 mega)","DISTANZA_CALCOLATA":"270.85","CLASSE_DISTANZA":"100-499","POTENZA_SEGNALE":"19761.67","POPOLAZIONE_SEZIONE": "10"}
			},
		 		{ "type" : "Feature",
				"geometry" : {
					"type" : "Point",
					"coordinates" : [7.72321,45.06779]},
			"properties" : { "ANNO":"2010","ID_SEZIONE":"27624","ISTAT_COMUNE_SEZ":"1272","COMUNE_SEZ":"TORINO","PROVINCIA":"TO","ID_CENTRALE":"1493","NOME_CENTRALE":"TORINO SASSI","ISTAT_COMUNE_CENTR":"1272","COMUNE_CENTR":"TORINO","PROVINCIA_CENTR":"TO","INDIRIZZO_CENTRALE":"PZA PASINI ANG. V.AGUDIO","LATITUDINE_SEZIONE":"45.06779","LONGITUDINE_SEZIONE":"7.72321","POS_X_SEZIONE":"399488.40890","POS_Y_SEZIONE":"4991273.63998","LATITUDINE_CENTRALE":"45.07563","LONGITUDINE_CENTRALE":"7.72962","POS_X_CENTRALE":"400006.18750","POS_Y_CENTRALE":"4992137.00000","TIPO_ADSL":"ADSL_2P","DESCRIZIONE_TIPO_ADSL":"ADSL 2+ (24 mega)","DISTANZA_CALCOLATA":"1006.72","CLASSE_DISTANZA":"900-1299","POTENZA_SEGNALE":"17737.5","POPOLAZIONE_SEZIONE": "101"}
			},
		 		{ "type" : "Feature",
				"geometry" : {
					"type" : "Point",
					"coordinates" : [7.73458,45.08031]},
			"properties" : { "ANNO":"2010","ID_SEZIONE":"27887","ISTAT_COMUNE_SEZ":"1272","COMUNE_SEZ":"TORINO","PROVINCIA":"TO","ID_CENTRALE":"1493","NOME_CENTRALE":"TORINO SASSI","ISTAT_COMUNE_CENTR":"1272","COMUNE_CENTR":"TORINO","PROVINCIA_CENTR":"TO","INDIRIZZO_CENTRALE":"PZA PASINI ANG. V.AGUDIO","LATITUDINE_SEZIONE":"45.08031","LONGITUDINE_SEZIONE":"7.73458","POS_X_SEZIONE":"400404.66260","POS_Y_SEZIONE":"4992650.67217","LATITUDINE_CENTRALE":"45.07563","LONGITUDINE_CENTRALE":"7.72962","POS_X_CENTRALE":"400006.18750","POS_Y_CENTRALE":"4992137.00000","TIPO_ADSL":"ADSL_2P","DESCRIZIONE_TIPO_ADSL":"ADSL 2+ (24 mega)","DISTANZA_CALCOLATA":"650.11","CLASSE_DISTANZA":"500-899","POTENZA_SEGNALE":"19523.33","POPOLAZIONE_SEZIONE": "109"}
			},
		 		{ "type" : "Feature",
				"geometry" : {
					"type" : "Point",
					"coordinates" : [7.73618,45.07972]},
			"properties" : { "ANNO":"2010","ID_SEZIONE":"28246","ISTAT_COMUNE_SEZ":"1272","COMUNE_SEZ":"TORINO","PROVINCIA":"TO","ID_CENTRALE":"1493","NOME_CENTRALE":"TORINO SASSI","ISTAT_COMUNE_CENTR":"1272","COMUNE_CENTR":"TORINO","PROVINCIA_CENTR":"TO","INDIRIZZO_CENTRALE":"PZA PASINI ANG. V.AGUDIO","LATITUDINE_SEZIONE":"45.07972","LONGITUDINE_SEZIONE":"7.73618","POS_X_SEZIONE":"400529.94183","POS_Y_SEZIONE":"4992583.17214","LATITUDINE_CENTRALE":"45.07563","LONGITUDINE_CENTRALE":"7.72962","POS_X_CENTRALE":"400006.18750","POS_Y_CENTRALE":"4992137.00000","TIPO_ADSL":"ADSL_2P","DESCRIZIONE_TIPO_ADSL":"ADSL 2+ (24 mega)","DISTANZA_CALCOLATA":"688.03","CLASSE_DISTANZA":"500-899","POTENZA_SEGNALE":"19523.33","POPOLAZIONE_SEZIONE": "151"}
			},
		 		{ "type" : "Feature",
				"geometry" : {
					"type" : "Point",
					"coordinates" : [7.74559,45.05471]},
			"properties" : { "ANNO":"2010","ID_SEZIONE":"28300","ISTAT_COMUNE_SEZ":"1272","COMUNE_SEZ":"TORINO","PROVINCIA":"TO","ID_CENTRALE":"1493","NOME_CENTRALE":"TORINO SASSI","ISTAT_COMUNE_CENTR":"1272","COMUNE_CENTR":"TORINO","PROVINCIA_CENTR":"TO","INDIRIZZO_CENTRALE":"PZA PASINI ANG. V.AGUDIO","LATITUDINE_SEZIONE":"45.05471","LONGITUDINE_SEZIONE":"7.74559","POS_X_SEZIONE":"401227.22235","POS_Y_SEZIONE":"4989793.63639","LATITUDINE_CENTRALE":"45.07563","LONGITUDINE_CENTRALE":"7.72962","POS_X_CENTRALE":"400006.18750","POS_Y_CENTRALE":"4992137.00000","TIPO_ADSL":"ADSL_2P","DESCRIZIONE_TIPO_ADSL":"ADSL 2+ (24 mega)","DISTANZA_CALCOLATA":"2642.4","CLASSE_DISTANZA":"2500-2899","POTENZA_SEGNALE":"7380.83","POPOLAZIONE_SEZIONE": "236"}
			},
		 		{ "type" : "Feature",
				"geometry" : {
					"type" : "Point",
					"coordinates" : [7.72252,45.07504]},
			"properties" : { "ANNO":"2010","ID_SEZIONE":"28849","ISTAT_COMUNE_SEZ":"1272","COMUNE_SEZ":"TORINO","PROVINCIA":"TO","ID_CENTRALE":"1493","NOME_CENTRALE":"TORINO SASSI","ISTAT_COMUNE_CENTR":"1272","COMUNE_CENTR":"TORINO","PROVINCIA_CENTR":"TO","INDIRIZZO_CENTRALE":"PZA PASINI ANG. V.AGUDIO","LATITUDINE_SEZIONE":"45.07504","LONGITUDINE_SEZIONE":"7.72252","POS_X_SEZIONE":"399446.29230","POS_Y_SEZIONE":"4992080.15262","LATITUDINE_CENTRALE":"45.07563","LONGITUDINE_CENTRALE":"7.72962","POS_X_CENTRALE":"400006.18750","POS_Y_CENTRALE":"4992137.00000","TIPO_ADSL":"ADSL_2P","DESCRIZIONE_TIPO_ADSL":"ADSL 2+ (24 mega)","DISTANZA_CALCOLATA":"562.77","CLASSE_DISTANZA":"500-899","POTENZA_SEGNALE":"19523.33","POPOLAZIONE_SEZIONE": "208"}
			},
		 		{ "type" : "Feature",
				"geometry" : {
					"type" : "Point",
					"coordinates" : [7.73040,45.08521]},
			"properties" : { "ANNO":"2010","ID_SEZIONE":"29044","ISTAT_COMUNE_SEZ":"1272","COMUNE_SEZ":"TORINO","PROVINCIA":"TO","ID_CENTRALE":"1493","NOME_CENTRALE":"TORINO SASSI","ISTAT_COMUNE_CENTR":"1272","COMUNE_CENTR":"TORINO","PROVINCIA_CENTR":"TO","INDIRIZZO_CENTRALE":"PZA PASINI ANG. V.AGUDIO","LATITUDINE_SEZIONE":"45.08521","LONGITUDINE_SEZIONE":"7.73040","POS_X_SEZIONE":"400084.76295","POS_Y_SEZIONE":"4993200.67640","LATITUDINE_CENTRALE":"45.07563","LONGITUDINE_CENTRALE":"7.72962","POS_X_CENTRALE":"400006.18750","POS_Y_CENTRALE":"4992137.00000","TIPO_ADSL":"ADSL_2P","DESCRIZIONE_TIPO_ADSL":"ADSL 2+ (24 mega)","DISTANZA_CALCOLATA":"1066.57","CLASSE_DISTANZA":"900-1299","POTENZA_SEGNALE":"17737.5","POPOLAZIONE_SEZIONE": "89"}
			},
		 		{ "type" : "Feature",
				"geometry" : {
					"type" : "Point",
					"coordinates" : [7.72620,45.08480]},
			"properties" : { "ANNO":"2010","ID_SEZIONE":"29067","ISTAT_COMUNE_SEZ":"1272","COMUNE_SEZ":"TORINO","PROVINCIA":"TO","ID_CENTRALE":"1493","NOME_CENTRALE":"TORINO SASSI","ISTAT_COMUNE_CENTR":"1272","COMUNE_CENTR":"TORINO","PROVINCIA_CENTR":"TO","INDIRIZZO_CENTRALE":"PZA PASINI ANG. V.AGUDIO","LATITUDINE_SEZIONE":"45.08480","LONGITUDINE_SEZIONE":"7.72620","POS_X_SEZIONE":"399752.98542","POS_Y_SEZIONE":"4993159.67288","LATITUDINE_CENTRALE":"45.07563","LONGITUDINE_CENTRALE":"7.72962","POS_X_CENTRALE":"400006.18750","POS_Y_CENTRALE":"4992137.00000","TIPO_ADSL":"ADSL_2P","DESCRIZIONE_TIPO_ADSL":"ADSL 2+ (24 mega)","DISTANZA_CALCOLATA":"1053.55","CLASSE_DISTANZA":"900-1299","POTENZA_SEGNALE":"17737.5","POPOLAZIONE_SEZIONE": "11"}
			},
		 		{ "type" : "Feature",
				"geometry" : {
					"type" : "Point",
					"coordinates" : [7.73626,45.07288]},
			"properties" : { "ANNO":"2010","ID_SEZIONE":"29100","ISTAT_COMUNE_SEZ":"1272","COMUNE_SEZ":"TORINO","PROVINCIA":"TO","ID_CENTRALE":"1493","NOME_CENTRALE":"TORINO SASSI","ISTAT_COMUNE_CENTR":"1272","COMUNE_CENTR":"TORINO","PROVINCIA_CENTR":"TO","INDIRIZZO_CENTRALE":"PZA PASINI ANG. V.AGUDIO","LATITUDINE_SEZIONE":"45.07288","LONGITUDINE_SEZIONE":"7.73626","POS_X_SEZIONE":"400524.02875","POS_Y_SEZIONE":"4991823.16036","LATITUDINE_CENTRALE":"45.07563","LONGITUDINE_CENTRALE":"7.72962","POS_X_CENTRALE":"400006.18750","POS_Y_CENTRALE":"4992137.00000","TIPO_ADSL":"ADSL_2P","DESCRIZIONE_TIPO_ADSL":"ADSL 2+ (24 mega)","DISTANZA_CALCOLATA":"605.52","CLASSE_DISTANZA":"500-899","POTENZA_SEGNALE":"19523.33","POPOLAZIONE_SEZIONE": "377"}
			},
		 		{ "type" : "Feature",
				"geometry" : {
					"type" : "Point",
					"coordinates" : [7.72293,45.07670]},
			"properties" : { "ANNO":"2010","ID_SEZIONE":"30059","ISTAT_COMUNE_SEZ":"1272","COMUNE_SEZ":"TORINO","PROVINCIA":"TO","ID_CENTRALE":"1493","NOME_CENTRALE":"TORINO SASSI","ISTAT_COMUNE_CENTR":"1272","COMUNE_CENTR":"TORINO","PROVINCIA_CENTR":"TO","INDIRIZZO_CENTRALE":"PZA PASINI ANG. V.AGUDIO","LATITUDINE_SEZIONE":"45.07670","LONGITUDINE_SEZIONE":"7.72293","POS_X_SEZIONE":"399481.79335","POS_Y_SEZIONE":"4992264.15569","LATITUDINE_CENTRALE":"45.07563","LONGITUDINE_CENTRALE":"7.72962","POS_X_CENTRALE":"400006.18750","POS_Y_CENTRALE":"4992137.00000","TIPO_ADSL":"ADSL_2P","DESCRIZIONE_TIPO_ADSL":"ADSL 2+ (24 mega)","DISTANZA_CALCOLATA":"539.59","CLASSE_DISTANZA":"500-899","POTENZA_SEGNALE":"19523.33","POPOLAZIONE_SEZIONE": "161"}
			},
		 		{ "type" : "Feature",
				"geometry" : {
					"type" : "Point",
					"coordinates" : [7.72113,45.07529]},
			"properties" : { "ANNO":"2010","ID_SEZIONE":"30927","ISTAT_COMUNE_SEZ":"1272","COMUNE_SEZ":"TORINO","PROVINCIA":"TO","ID_CENTRALE":"1493","NOME_CENTRALE":"TORINO SASSI","ISTAT_COMUNE_CENTR":"1272","COMUNE_CENTR":"TORINO","PROVINCIA_CENTR":"TO","INDIRIZZO_CENTRALE":"PZA PASINI ANG. V.AGUDIO","LATITUDINE_SEZIONE":"45.07529","LONGITUDINE_SEZIONE":"7.72113","POS_X_SEZIONE":"399337.73038","POS_Y_SEZIONE":"4992109.15179","LATITUDINE_CENTRALE":"45.07563","LONGITUDINE_CENTRALE":"7.72962","POS_X_CENTRALE":"400006.18750","POS_Y_CENTRALE":"4992137.00000","TIPO_ADSL":"ADSL_2P","DESCRIZIONE_TIPO_ADSL":"ADSL 2+ (24 mega)","DISTANZA_CALCOLATA":"669.04","CLASSE_DISTANZA":"500-899","POTENZA_SEGNALE":"19523.33","POPOLAZIONE_SEZIONE": "4"}
			},
		 		{ "type" : "Feature",
				"geometry" : {
					"type" : "Point",
					"coordinates" : [7.72068,45.07326]},
			"properties" : { "ANNO":"2010","ID_SEZIONE":"30931","ISTAT_COMUNE_SEZ":"1272","COMUNE_SEZ":"TORINO","PROVINCIA":"TO","ID_CENTRALE":"1493","NOME_CENTRALE":"TORINO SASSI","ISTAT_COMUNE_CENTR":"1272","COMUNE_CENTR":"TORINO","PROVINCIA_CENTR":"TO","INDIRIZZO_CENTRALE":"PZA PASINI ANG. V.AGUDIO","LATITUDINE_SEZIONE":"45.07326","LONGITUDINE_SEZIONE":"7.72068","POS_X_SEZIONE":"399298.88494","POS_Y_SEZIONE":"4991884.64747","LATITUDINE_CENTRALE":"45.07563","LONGITUDINE_CENTRALE":"7.72962","POS_X_CENTRALE":"400006.18750","POS_Y_CENTRALE":"4992137.00000","TIPO_ADSL":"ADSL_2P","DESCRIZIONE_TIPO_ADSL":"ADSL 2+ (24 mega)","DISTANZA_CALCOLATA":"750.97","CLASSE_DISTANZA":"500-899","POTENZA_SEGNALE":"19523.33","POPOLAZIONE_SEZIONE": "419"}
			},
		 		{ "type" : "Feature",
				"geometry" : {
					"type" : "Point",
					"coordinates" : [7.72294,45.07430]},
			"properties" : { "ANNO":"2010","ID_SEZIONE":"31154","ISTAT_COMUNE_SEZ":"1272","COMUNE_SEZ":"TORINO","PROVINCIA":"TO","ID_CENTRALE":"1493","NOME_CENTRALE":"TORINO SASSI","ISTAT_COMUNE_CENTR":"1272","COMUNE_CENTR":"TORINO","PROVINCIA_CENTR":"TO","INDIRIZZO_CENTRALE":"PZA PASINI ANG. V.AGUDIO","LATITUDINE_SEZIONE":"45.07430","LONGITUDINE_SEZIONE":"7.72294","POS_X_SEZIONE":"399478.25902","POS_Y_SEZIONE":"4991997.65150","LATITUDINE_CENTRALE":"45.07563","LONGITUDINE_CENTRALE":"7.72962","POS_X_CENTRALE":"400006.18750","POS_Y_CENTRALE":"4992137.00000","TIPO_ADSL":"ADSL_2P","DESCRIZIONE_TIPO_ADSL":"ADSL 2+ (24 mega)","DISTANZA_CALCOLATA":"546.01","CLASSE_DISTANZA":"500-899","POTENZA_SEGNALE":"19523.33","POPOLAZIONE_SEZIONE": "367"}
			},
		 		{ "type" : "Feature",
				"geometry" : {
					"type" : "Point",
					"coordinates" : [7.74713,45.06424]},
			"properties" : { "ANNO":"2010","ID_SEZIONE":"31552","ISTAT_COMUNE_SEZ":"1272","COMUNE_SEZ":"TORINO","PROVINCIA":"TO","ID_CENTRALE":"1493","NOME_CENTRALE":"TORINO SASSI","ISTAT_COMUNE_CENTR":"1272","COMUNE_CENTR":"TORINO","PROVINCIA_CENTR":"TO","INDIRIZZO_CENTRALE":"PZA PASINI ANG. V.AGUDIO","LATITUDINE_SEZIONE":"45.06424","LONGITUDINE_SEZIONE":"7.74713","POS_X_SEZIONE":"401365.13723","POS_Y_SEZIONE":"4990850.65425","LATITUDINE_CENTRALE":"45.07563","LONGITUDINE_CENTRALE":"7.72962","POS_X_CENTRALE":"400006.18750","POS_Y_CENTRALE":"4992137.00000","TIPO_ADSL":"ADSL_2P","DESCRIZIONE_TIPO_ADSL":"ADSL 2+ (24 mega)","DISTANZA_CALCOLATA":"1871.21","CLASSE_DISTANZA":"1700-2099","POTENZA_SEGNALE":"12975.83","POPOLAZIONE_SEZIONE": "34"}
			},
		 		{ "type" : "Feature",
				"geometry" : {
					"type" : "Point",
					"coordinates" : [7.73728,45.07908]},
			"properties" : { "ANNO":"2010","ID_SEZIONE":"31764","ISTAT_COMUNE_SEZ":"1272","COMUNE_SEZ":"TORINO","PROVINCIA":"TO","ID_CENTRALE":"1493","NOME_CENTRALE":"TORINO SASSI","ISTAT_COMUNE_CENTR":"1272","COMUNE_CENTR":"TORINO","PROVINCIA_CENTR":"TO","INDIRIZZO_CENTRALE":"PZA PASINI ANG. V.AGUDIO","LATITUDINE_SEZIONE":"45.07908","LONGITUDINE_SEZIONE":"7.73728","POS_X_SEZIONE":"400615.03419","POS_Y_SEZIONE":"4992510.17221","LATITUDINE_CENTRALE":"45.07563","LONGITUDINE_CENTRALE":"7.72962","POS_X_CENTRALE":"400006.18750","POS_Y_CENTRALE":"4992137.00000","TIPO_ADSL":"ADSL_2P","DESCRIZIONE_TIPO_ADSL":"ADSL 2+ (24 mega)","DISTANZA_CALCOLATA":"714.11","CLASSE_DISTANZA":"500-899","POTENZA_SEGNALE":"19523.33","POPOLAZIONE_SEZIONE": "95"}
			},
		 		{ "type" : "Feature",
				"geometry" : {
					"type" : "Point",
					"coordinates" : [7.72506,45.07777]},
			"properties" : { "ANNO":"2010","ID_SEZIONE":"32006","ISTAT_COMUNE_SEZ":"1272","COMUNE_SEZ":"TORINO","PROVINCIA":"TO","ID_CENTRALE":"1493","NOME_CENTRALE":"TORINO SASSI","ISTAT_COMUNE_CENTR":"1272","COMUNE_CENTR":"TORINO","PROVINCIA_CENTR":"TO","INDIRIZZO_CENTRALE":"PZA PASINI ANG. V.AGUDIO","LATITUDINE_SEZIONE":"45.07777","LONGITUDINE_SEZIONE":"7.72506","POS_X_SEZIONE":"399651.35495","POS_Y_SEZIONE":"4992380.15953","LATITUDINE_CENTRALE":"45.07563","LONGITUDINE_CENTRALE":"7.72962","POS_X_CENTRALE":"400006.18750","POS_Y_CENTRALE":"4992137.00000","TIPO_ADSL":"ADSL_2P","DESCRIZIONE_TIPO_ADSL":"ADSL 2+ (24 mega)","DISTANZA_CALCOLATA":"430.15","CLASSE_DISTANZA":"100-499","POTENZA_SEGNALE":"19761.67","POPOLAZIONE_SEZIONE": ""}
			},
		 		{ "type" : "Feature",
				"geometry" : {
					"type" : "Point",
					"coordinates" : [7.74981,45.05556]},
			"properties" : { "ANNO":"2010","ID_SEZIONE":"32046","ISTAT_COMUNE_SEZ":"1272","COMUNE_SEZ":"TORINO","PROVINCIA":"TO","ID_CENTRALE":"1493","NOME_CENTRALE":"TORINO SASSI","ISTAT_COMUNE_CENTR":"1272","COMUNE_CENTR":"TORINO","PROVINCIA_CENTR":"TO","INDIRIZZO_CENTRALE":"PZA PASINI ANG. V.AGUDIO","LATITUDINE_SEZIONE":"45.05556","LONGITUDINE_SEZIONE":"7.74981","POS_X_SEZIONE":"401561.18868","POS_Y_SEZIONE":"4989883.14167","LATITUDINE_CENTRALE":"45.07563","LONGITUDINE_CENTRALE":"7.72962","POS_X_CENTRALE":"400006.18750","POS_Y_CENTRALE":"4992137.00000","TIPO_ADSL":"ADSL_2P","DESCRIZIONE_TIPO_ADSL":"ADSL 2+ (24 mega)","DISTANZA_CALCOLATA":"2738.23","CLASSE_DISTANZA":"2500-2899","POTENZA_SEGNALE":"7380.83","POPOLAZIONE_SEZIONE": "110"}
			},
		 		{ "type" : "Feature",
				"geometry" : {
					"type" : "Point",
					"coordinates" : [7.72536,45.07477]},
			"properties" : { "ANNO":"2010","ID_SEZIONE":"32152","ISTAT_COMUNE_SEZ":"1272","COMUNE_SEZ":"TORINO","PROVINCIA":"TO","ID_CENTRALE":"1493","NOME_CENTRALE":"TORINO SASSI","ISTAT_COMUNE_CENTR":"1272","COMUNE_CENTR":"TORINO","PROVINCIA_CENTR":"TO","INDIRIZZO_CENTRALE":"PZA PASINI ANG. V.AGUDIO","LATITUDINE_SEZIONE":"45.07477","LONGITUDINE_SEZIONE":"7.72536","POS_X_SEZIONE":"399669.41473","POS_Y_SEZIONE":"4992047.15422","LATITUDINE_CENTRALE":"45.07563","LONGITUDINE_CENTRALE":"7.72962","POS_X_CENTRALE":"400006.18750","POS_Y_CENTRALE":"4992137.00000","TIPO_ADSL":"ADSL_2P","DESCRIZIONE_TIPO_ADSL":"ADSL 2+ (24 mega)","DISTANZA_CALCOLATA":"348.55","CLASSE_DISTANZA":"100-499","POTENZA_SEGNALE":"19761.67","POPOLAZIONE_SEZIONE": "750"}
			},
		 		{ "type" : "Feature",
				"geometry" : {
					"type" : "Point",
					"coordinates" : [7.76822,45.07672]},
			"properties" : { "ANNO":"2010","ID_SEZIONE":"32377","ISTAT_COMUNE_SEZ":"1272","COMUNE_SEZ":"TORINO","PROVINCIA":"TO","ID_CENTRALE":"1493","NOME_CENTRALE":"TORINO SASSI","ISTAT_COMUNE_CENTR":"1272","COMUNE_CENTR":"TORINO","PROVINCIA_CENTR":"TO","INDIRIZZO_CENTRALE":"PZA PASINI ANG. V.AGUDIO","LATITUDINE_SEZIONE":"45.07672","LONGITUDINE_SEZIONE":"7.76822","POS_X_SEZIONE":"403046.34964","POS_Y_SEZIONE":"4992210.69368","LATITUDINE_CENTRALE":"45.07563","LONGITUDINE_CENTRALE":"7.72962","POS_X_CENTRALE":"400006.18750","POS_Y_CENTRALE":"4992137.00000","TIPO_ADSL":"ADSL_2P","DESCRIZIONE_TIPO_ADSL":"ADSL 2+ (24 mega)","DISTANZA_CALCOLATA":"3041.06","CLASSE_DISTANZA":"2900-3299","POTENZA_SEGNALE":"5238.33","POPOLAZIONE_SEZIONE": "85"}
			},
		 		{ "type" : "Feature",
				"geometry" : {
					"type" : "Point",
					"coordinates" : [7.72782,45.07234]},
			"properties" : { "ANNO":"2010","ID_SEZIONE":"32384","ISTAT_COMUNE_SEZ":"1272","COMUNE_SEZ":"TORINO","PROVINCIA":"TO","ID_CENTRALE":"1493","NOME_CENTRALE":"TORINO SASSI","ISTAT_COMUNE_CENTR":"1272","COMUNE_CENTR":"TORINO","PROVINCIA_CENTR":"TO","INDIRIZZO_CENTRALE":"PZA PASINI ANG. V.AGUDIO","LATITUDINE_SEZIONE":"45.07234","LONGITUDINE_SEZIONE":"7.72782","POS_X_SEZIONE":"399858.91003","POS_Y_SEZIONE":"4991773.15230","LATITUDINE_CENTRALE":"45.07563","LONGITUDINE_CENTRALE":"7.72962","POS_X_CENTRALE":"400006.18750","POS_Y_CENTRALE":"4992137.00000","TIPO_ADSL":"ADSL_2P","DESCRIZIONE_TIPO_ADSL":"ADSL 2+ (24 mega)","DISTANZA_CALCOLATA":"392.52","CLASSE_DISTANZA":"100-499","POTENZA_SEGNALE":"19761.67","POPOLAZIONE_SEZIONE": "93"}
			}
		 		]
	}
		