 	{ "type" : "FeatureCollection",
		"features" : [
		 		{ "type" : "Feature",
				"geometry" : {
					"type" : "Point",
					"coordinates" : [7.21684,44.49215]},
			"properties" : { "ANNO":"2010","ID_SEZIONE":"336","ISTAT_COMUNE_SEZ":"4207","COMUNE_SEZ":"SAN DAMIANO MACRA","PROVINCIA":"CN","ID_CENTRALE":"1265","NOME_CENTRALE":"SAN DAMIANO MACRA","ISTAT_COMUNE_CENTR":"4207","COMUNE_CENTR":"SAN DAMIANO MACRA","PROVINCIA_CENTR":"CN","INDIRIZZO_CENTRALE":"PIAZZA EINAUDI","LATITUDINE_SEZIONE":"44.49215","LONGITUDINE_SEZIONE":"7.21684","POS_X_SEZIONE":"358222.95223","POS_Y_SEZIONE":"4928083.10168","LATITUDINE_CENTRALE":"44.48982","LONGITUDINE_CENTRALE":"7.25627","POS_X_CENTRALE":"361352.92182","POS_Y_CENTRALE":"4927756.58392","TIPO_ADSL":"NO","DESCRIZIONE_TIPO_ADSL":"NO Adsl","DISTANZA_CALCOLATA":"3146.95","CLASSE_DISTANZA":"2900-3299","POTENZA_SEGNALE":"","POPOLAZIONE_SEZIONE": "16"}
			},
		 		{ "type" : "Feature",
				"geometry" : {
					"type" : "Point",
					"coordinates" : [7.27112,44.49288]},
			"properties" : { "ANNO":"2010","ID_SEZIONE":"337","ISTAT_COMUNE_SEZ":"4207","COMUNE_SEZ":"SAN DAMIANO MACRA","PROVINCIA":"CN","ID_CENTRALE":"1265","NOME_CENTRALE":"SAN DAMIANO MACRA","ISTAT_COMUNE_CENTR":"4207","COMUNE_CENTR":"SAN DAMIANO MACRA","PROVINCIA_CENTR":"CN","INDIRIZZO_CENTRALE":"PIAZZA EINAUDI","LATITUDINE_SEZIONE":"44.49288","LONGITUDINE_SEZIONE":"7.27112","POS_X_SEZIONE":"362540.79671","POS_Y_SEZIONE":"4928071.65541","LATITUDINE_CENTRALE":"44.48982","LONGITUDINE_CENTRALE":"7.25627","POS_X_CENTRALE":"361352.92182","POS_Y_CENTRALE":"4927756.58392","TIPO_ADSL":"NO","DESCRIZIONE_TIPO_ADSL":"NO Adsl","DISTANZA_CALCOLATA":"1228.95","CLASSE_DISTANZA":"900-1299","POTENZA_SEGNALE":"","POPOLAZIONE_SEZIONE": "3"}
			},
		 		{ "type" : "Feature",
				"geometry" : {
					"type" : "Point",
					"coordinates" : [7.23864,44.52867]},
			"properties" : { "ANNO":"2010","ID_SEZIONE":"783","ISTAT_COMUNE_SEZ":"4207","COMUNE_SEZ":"SAN DAMIANO MACRA","PROVINCIA":"CN","ID_CENTRALE":"1265","NOME_CENTRALE":"SAN DAMIANO MACRA","ISTAT_COMUNE_CENTR":"4207","COMUNE_CENTR":"SAN DAMIANO MACRA","PROVINCIA_CENTR":"CN","INDIRIZZO_CENTRALE":"PIAZZA EINAUDI","LATITUDINE_SEZIONE":"44.52867","LONGITUDINE_SEZIONE":"7.23864","POS_X_SEZIONE":"360044.08349","POS_Y_SEZIONE":"4932102.15167","LATITUDINE_CENTRALE":"44.48982","LONGITUDINE_CENTRALE":"7.25627","POS_X_CENTRALE":"361352.92182","POS_Y_CENTRALE":"4927756.58392","TIPO_ADSL":"NO","DESCRIZIONE_TIPO_ADSL":"NO Adsl","DISTANZA_CALCOLATA":"4538.39","CLASSE_DISTANZA":"4500-4899","POTENZA_SEGNALE":"","POPOLAZIONE_SEZIONE": "5"}
			},
		 		{ "type" : "Feature",
				"geometry" : {
					"type" : "Point",
					"coordinates" : [7.21733,44.45536]},
			"properties" : { "ANNO":"2010","ID_SEZIONE":"1606","ISTAT_COMUNE_SEZ":"4207","COMUNE_SEZ":"SAN DAMIANO MACRA","PROVINCIA":"CN","ID_CENTRALE":"1265","NOME_CENTRALE":"SAN DAMIANO MACRA","ISTAT_COMUNE_CENTR":"4207","COMUNE_CENTR":"SAN DAMIANO MACRA","PROVINCIA_CENTR":"CN","INDIRIZZO_CENTRALE":"PIAZZA EINAUDI","LATITUDINE_SEZIONE":"44.45536","LONGITUDINE_SEZIONE":"7.21733","POS_X_SEZIONE":"358173.41981","POS_Y_SEZIONE":"4923996.07653","LATITUDINE_CENTRALE":"44.48982","LONGITUDINE_CENTRALE":"7.25627","POS_X_CENTRALE":"361352.92182","POS_Y_CENTRALE":"4927756.58392","TIPO_ADSL":"NO","DESCRIZIONE_TIPO_ADSL":"NO Adsl","DISTANZA_CALCOLATA":"4924.49","CLASSE_DISTANZA":"4900-5299","POTENZA_SEGNALE":"","POPOLAZIONE_SEZIONE": "2"}
			},
		 		{ "type" : "Feature",
				"geometry" : {
					"type" : "Point",
					"coordinates" : [7.24967,44.50961]},
			"properties" : { "ANNO":"2010","ID_SEZIONE":"2021","ISTAT_COMUNE_SEZ":"4207","COMUNE_SEZ":"SAN DAMIANO MACRA","PROVINCIA":"CN","ID_CENTRALE":"1265","NOME_CENTRALE":"SAN DAMIANO MACRA","ISTAT_COMUNE_CENTR":"4207","COMUNE_CENTR":"SAN DAMIANO MACRA","PROVINCIA_CENTR":"CN","INDIRIZZO_CENTRALE":"PIAZZA EINAUDI","LATITUDINE_SEZIONE":"44.50961","LONGITUDINE_SEZIONE":"7.24967","POS_X_SEZIONE":"360875.47882","POS_Y_SEZIONE":"4929966.14706","LATITUDINE_CENTRALE":"44.48982","LONGITUDINE_CENTRALE":"7.25627","POS_X_CENTRALE":"361352.92182","POS_Y_CENTRALE":"4927756.58392","TIPO_ADSL":"NO","DESCRIZIONE_TIPO_ADSL":"NO Adsl","DISTANZA_CALCOLATA":"2260.56","CLASSE_DISTANZA":"2100-2499","POTENZA_SEGNALE":"","POPOLAZIONE_SEZIONE": "13"}
			},
		 		{ "type" : "Feature",
				"geometry" : {
					"type" : "Point",
					"coordinates" : [7.25584,44.49558]},
			"properties" : { "ANNO":"2010","ID_SEZIONE":"2023","ISTAT_COMUNE_SEZ":"4207","COMUNE_SEZ":"SAN DAMIANO MACRA","PROVINCIA":"CN","ID_CENTRALE":"1265","NOME_CENTRALE":"SAN DAMIANO MACRA","ISTAT_COMUNE_CENTR":"4207","COMUNE_CENTR":"SAN DAMIANO MACRA","PROVINCIA_CENTR":"CN","INDIRIZZO_CENTRALE":"PIAZZA EINAUDI","LATITUDINE_SEZIONE":"44.49558","LONGITUDINE_SEZIONE":"7.25584","POS_X_SEZIONE":"361332.55914","POS_Y_SEZIONE":"4928397.64223","LATITUDINE_CENTRALE":"44.48982","LONGITUDINE_CENTRALE":"7.25627","POS_X_CENTRALE":"361352.92182","POS_Y_CENTRALE":"4927756.58392","TIPO_ADSL":"NO","DESCRIZIONE_TIPO_ADSL":"NO Adsl","DISTANZA_CALCOLATA":"641.38","CLASSE_DISTANZA":"500-899","POTENZA_SEGNALE":"","POPOLAZIONE_SEZIONE": "2"}
			},
		 		{ "type" : "Feature",
				"geometry" : {
					"type" : "Point",
					"coordinates" : [7.24792,44.50498]},
			"properties" : { "ANNO":"2010","ID_SEZIONE":"2454","ISTAT_COMUNE_SEZ":"4207","COMUNE_SEZ":"SAN DAMIANO MACRA","PROVINCIA":"CN","ID_CENTRALE":"1265","NOME_CENTRALE":"SAN DAMIANO MACRA","ISTAT_COMUNE_CENTR":"4207","COMUNE_CENTR":"SAN DAMIANO MACRA","PROVINCIA_CENTR":"CN","INDIRIZZO_CENTRALE":"PIAZZA EINAUDI","LATITUDINE_SEZIONE":"44.50498","LONGITUDINE_SEZIONE":"7.24792","POS_X_SEZIONE":"360725.30154","POS_Y_SEZIONE":"4929455.64210","LATITUDINE_CENTRALE":"44.48982","LONGITUDINE_CENTRALE":"7.25627","POS_X_CENTRALE":"361352.92182","POS_Y_CENTRALE":"4927756.58392","TIPO_ADSL":"NO","DESCRIZIONE_TIPO_ADSL":"NO Adsl","DISTANZA_CALCOLATA":"1811.27","CLASSE_DISTANZA":"1700-2099","POTENZA_SEGNALE":"","POPOLAZIONE_SEZIONE": "1"}
			},
		 		{ "type" : "Feature",
				"geometry" : {
					"type" : "Point",
					"coordinates" : [7.24372,44.48724]},
			"properties" : { "ANNO":"2010","ID_SEZIONE":"3285","ISTAT_COMUNE_SEZ":"4207","COMUNE_SEZ":"SAN DAMIANO MACRA","PROVINCIA":"CN","ID_CENTRALE":"1265","NOME_CENTRALE":"SAN DAMIANO MACRA","ISTAT_COMUNE_CENTR":"4207","COMUNE_CENTR":"SAN DAMIANO MACRA","PROVINCIA_CENTR":"CN","INDIRIZZO_CENTRALE":"PIAZZA EINAUDI","LATITUDINE_SEZIONE":"44.48724","LONGITUDINE_SEZIONE":"7.24372","POS_X_SEZIONE":"360348.99434","POS_Y_SEZIONE":"4927492.12466","LATITUDINE_CENTRALE":"44.48982","LONGITUDINE_CENTRALE":"7.25627","POS_X_CENTRALE":"361352.92182","POS_Y_CENTRALE":"4927756.58392","TIPO_ADSL":"NO","DESCRIZIONE_TIPO_ADSL":"NO Adsl","DISTANZA_CALCOLATA":"1038.18","CLASSE_DISTANZA":"900-1299","POTENZA_SEGNALE":"","POPOLAZIONE_SEZIONE": ""}
			},
		 		{ "type" : "Feature",
				"geometry" : {
					"type" : "Point",
					"coordinates" : [7.26180,44.48123]},
			"properties" : { "ANNO":"2010","ID_SEZIONE":"3885","ISTAT_COMUNE_SEZ":"4207","COMUNE_SEZ":"SAN DAMIANO MACRA","PROVINCIA":"CN","ID_CENTRALE":"1265","NOME_CENTRALE":"SAN DAMIANO MACRA","ISTAT_COMUNE_CENTR":"4207","COMUNE_CENTR":"SAN DAMIANO MACRA","PROVINCIA_CENTR":"CN","INDIRIZZO_CENTRALE":"PIAZZA EINAUDI","LATITUDINE_SEZIONE":"44.48123","LONGITUDINE_SEZIONE":"7.26180","POS_X_SEZIONE":"361772.29700","POS_Y_SEZIONE":"4926793.13714","LATITUDINE_CENTRALE":"44.48982","LONGITUDINE_CENTRALE":"7.25627","POS_X_CENTRALE":"361352.92182","POS_Y_CENTRALE":"4927756.58392","TIPO_ADSL":"NO","DESCRIZIONE_TIPO_ADSL":"NO Adsl","DISTANZA_CALCOLATA":"1050.76","CLASSE_DISTANZA":"900-1299","POTENZA_SEGNALE":"","POPOLAZIONE_SEZIONE": ""}
			},
		 		{ "type" : "Feature",
				"geometry" : {
					"type" : "Point",
					"coordinates" : [7.20931,44.53297]},
			"properties" : { "ANNO":"2010","ID_SEZIONE":"4447","ISTAT_COMUNE_SEZ":"4207","COMUNE_SEZ":"SAN DAMIANO MACRA","PROVINCIA":"CN","ID_CENTRALE":"1265","NOME_CENTRALE":"SAN DAMIANO MACRA","ISTAT_COMUNE_CENTR":"4207","COMUNE_CENTR":"SAN DAMIANO MACRA","PROVINCIA_CENTR":"CN","INDIRIZZO_CENTRALE":"PIAZZA EINAUDI","LATITUDINE_SEZIONE":"44.53297","LONGITUDINE_SEZIONE":"7.20931","POS_X_SEZIONE":"357723.58224","POS_Y_SEZIONE":"4932631.12703","LATITUDINE_CENTRALE":"44.48982","LONGITUDINE_CENTRALE":"7.25627","POS_X_CENTRALE":"361352.92182","POS_Y_CENTRALE":"4927756.58392","TIPO_ADSL":"NO","DESCRIZIONE_TIPO_ADSL":"NO Adsl","DISTANZA_CALCOLATA":"6077.28","CLASSE_DISTANZA":"5700-6099","POTENZA_SEGNALE":"","POPOLAZIONE_SEZIONE": ""}
			},
		 		{ "type" : "Feature",
				"geometry" : {
					"type" : "Point",
					"coordinates" : [7.27401,44.51089]},
			"properties" : { "ANNO":"2010","ID_SEZIONE":"4449","ISTAT_COMUNE_SEZ":"4207","COMUNE_SEZ":"SAN DAMIANO MACRA","PROVINCIA":"CN","ID_CENTRALE":"1265","NOME_CENTRALE":"SAN DAMIANO MACRA","ISTAT_COMUNE_CENTR":"4207","COMUNE_CENTR":"SAN DAMIANO MACRA","PROVINCIA_CENTR":"CN","INDIRIZZO_CENTRALE":"PIAZZA EINAUDI","LATITUDINE_SEZIONE":"44.51089","LONGITUDINE_SEZIONE":"7.27401","POS_X_SEZIONE":"362812.88529","POS_Y_SEZIONE":"4930067.17183","LATITUDINE_CENTRALE":"44.48982","LONGITUDINE_CENTRALE":"7.25627","POS_X_CENTRALE":"361352.92182","POS_Y_CENTRALE":"4927756.58392","TIPO_ADSL":"NO","DESCRIZIONE_TIPO_ADSL":"NO Adsl","DISTANZA_CALCOLATA":"2733.19","CLASSE_DISTANZA":"2500-2899","POTENZA_SEGNALE":"","POPOLAZIONE_SEZIONE": "2"}
			},
		 		{ "type" : "Feature",
				"geometry" : {
					"type" : "Point",
					"coordinates" : [7.29089,44.48131]},
			"properties" : { "ANNO":"2010","ID_SEZIONE":"4453","ISTAT_COMUNE_SEZ":"4044","COMUNE_SEZ":"CARTIGNANO","PROVINCIA":"CN","ID_CENTRALE":"1265","NOME_CENTRALE":"SAN DAMIANO MACRA","ISTAT_COMUNE_CENTR":"4207","COMUNE_CENTR":"SAN DAMIANO MACRA","PROVINCIA_CENTR":"CN","INDIRIZZO_CENTRALE":"PIAZZA EINAUDI","LATITUDINE_SEZIONE":"44.48131","LONGITUDINE_SEZIONE":"7.29089","POS_X_SEZIONE":"364085.82839","POS_Y_SEZIONE":"4926753.66552","LATITUDINE_CENTRALE":"44.48982","LONGITUDINE_CENTRALE":"7.25627","POS_X_CENTRALE":"361352.92182","POS_Y_CENTRALE":"4927756.58392","TIPO_ADSL":"NO","DESCRIZIONE_TIPO_ADSL":"NO Adsl","DISTANZA_CALCOLATA":"2911.12","CLASSE_DISTANZA":"2900-3299","POTENZA_SEGNALE":"","POPOLAZIONE_SEZIONE": "5"}
			},
		 		{ "type" : "Feature",
				"geometry" : {
					"type" : "Point",
					"coordinates" : [7.25413,44.50345]},
			"properties" : { "ANNO":"2010","ID_SEZIONE":"4674","ISTAT_COMUNE_SEZ":"4207","COMUNE_SEZ":"SAN DAMIANO MACRA","PROVINCIA":"CN","ID_CENTRALE":"1265","NOME_CENTRALE":"SAN DAMIANO MACRA","ISTAT_COMUNE_CENTR":"4207","COMUNE_CENTR":"SAN DAMIANO MACRA","PROVINCIA_CENTR":"CN","INDIRIZZO_CENTRALE":"PIAZZA EINAUDI","LATITUDINE_SEZIONE":"44.50345","LONGITUDINE_SEZIONE":"7.25413","POS_X_SEZIONE":"361214.82884","POS_Y_SEZIONE":"4929274.64651","LATITUDINE_CENTRALE":"44.48982","LONGITUDINE_CENTRALE":"7.25627","POS_X_CENTRALE":"361352.92182","POS_Y_CENTRALE":"4927756.58392","TIPO_ADSL":"NO","DESCRIZIONE_TIPO_ADSL":"NO Adsl","DISTANZA_CALCOLATA":"1524.33","CLASSE_DISTANZA":"1300-1699","POTENZA_SEGNALE":"","POPOLAZIONE_SEZIONE": ""}
			},
		 		{ "type" : "Feature",
				"geometry" : {
					"type" : "Point",
					"coordinates" : [7.23827,44.49477]},
			"properties" : { "ANNO":"2010","ID_SEZIONE":"4675","ISTAT_COMUNE_SEZ":"4207","COMUNE_SEZ":"SAN DAMIANO MACRA","PROVINCIA":"CN","ID_CENTRALE":"1265","NOME_CENTRALE":"SAN DAMIANO MACRA","ISTAT_COMUNE_CENTR":"4207","COMUNE_CENTR":"SAN DAMIANO MACRA","PROVINCIA_CENTR":"CN","INDIRIZZO_CENTRALE":"PIAZZA EINAUDI","LATITUDINE_SEZIONE":"44.49477","LONGITUDINE_SEZIONE":"7.23827","POS_X_SEZIONE":"359933.48740","POS_Y_SEZIONE":"4928338.12479","LATITUDINE_CENTRALE":"44.48982","LONGITUDINE_CENTRALE":"7.25627","POS_X_CENTRALE":"361352.92182","POS_Y_CENTRALE":"4927756.58392","TIPO_ADSL":"NO","DESCRIZIONE_TIPO_ADSL":"NO Adsl","DISTANZA_CALCOLATA":"1533.94","CLASSE_DISTANZA":"1300-1699","POTENZA_SEGNALE":"","POPOLAZIONE_SEZIONE": "6"}
			},
		 		{ "type" : "Feature",
				"geometry" : {
					"type" : "Point",
					"coordinates" : [7.24263,44.51681]},
			"properties" : { "ANNO":"2010","ID_SEZIONE":"4851","ISTAT_COMUNE_SEZ":"4207","COMUNE_SEZ":"SAN DAMIANO MACRA","PROVINCIA":"CN","ID_CENTRALE":"1265","NOME_CENTRALE":"SAN DAMIANO MACRA","ISTAT_COMUNE_CENTR":"4207","COMUNE_CENTR":"SAN DAMIANO MACRA","PROVINCIA_CENTR":"CN","INDIRIZZO_CENTRALE":"PIAZZA EINAUDI","LATITUDINE_SEZIONE":"44.51681","LONGITUDINE_SEZIONE":"7.24263","POS_X_SEZIONE":"360332.84944","POS_Y_SEZIONE":"4930778.64600","LATITUDINE_CENTRALE":"44.48982","LONGITUDINE_CENTRALE":"7.25627","POS_X_CENTRALE":"361352.92182","POS_Y_CENTRALE":"4927756.58392","TIPO_ADSL":"NO","DESCRIZIONE_TIPO_ADSL":"NO Adsl","DISTANZA_CALCOLATA":"3189.58","CLASSE_DISTANZA":"2900-3299","POTENZA_SEGNALE":"","POPOLAZIONE_SEZIONE": ""}
			},
		 		{ "type" : "Feature",
				"geometry" : {
					"type" : "Point",
					"coordinates" : [7.27251,44.49600]},
			"properties" : { "ANNO":"2010","ID_SEZIONE":"5072","ISTAT_COMUNE_SEZ":"4207","COMUNE_SEZ":"SAN DAMIANO MACRA","PROVINCIA":"CN","ID_CENTRALE":"1265","NOME_CENTRALE":"SAN DAMIANO MACRA","ISTAT_COMUNE_CENTR":"4207","COMUNE_CENTR":"SAN DAMIANO MACRA","PROVINCIA_CENTR":"CN","INDIRIZZO_CENTRALE":"PIAZZA EINAUDI","LATITUDINE_SEZIONE":"44.49600","LONGITUDINE_SEZIONE":"7.27251","POS_X_SEZIONE":"362658.57156","POS_Y_SEZIONE":"4928415.65899","LATITUDINE_CENTRALE":"44.48982","LONGITUDINE_CENTRALE":"7.25627","POS_X_CENTRALE":"361352.92182","POS_Y_CENTRALE":"4927756.58392","TIPO_ADSL":"NO","DESCRIZIONE_TIPO_ADSL":"NO Adsl","DISTANZA_CALCOLATA":"1462.57","CLASSE_DISTANZA":"1300-1699","POTENZA_SEGNALE":"","POPOLAZIONE_SEZIONE": "6"}
			},
		 		{ "type" : "Feature",
				"geometry" : {
					"type" : "Point",
					"coordinates" : [7.21917,44.51790]},
			"properties" : { "ANNO":"2010","ID_SEZIONE":"5989","ISTAT_COMUNE_SEZ":"4207","COMUNE_SEZ":"SAN DAMIANO MACRA","PROVINCIA":"CN","ID_CENTRALE":"1265","NOME_CENTRALE":"SAN DAMIANO MACRA","ISTAT_COMUNE_CENTR":"4207","COMUNE_CENTR":"SAN DAMIANO MACRA","PROVINCIA_CENTR":"CN","INDIRIZZO_CENTRALE":"PIAZZA EINAUDI","LATITUDINE_SEZIONE":"44.51790","LONGITUDINE_SEZIONE":"7.21917","POS_X_SEZIONE":"358470.93789","POS_Y_SEZIONE":"4930940.12415","LATITUDINE_CENTRALE":"44.48982","LONGITUDINE_CENTRALE":"7.25627","POS_X_CENTRALE":"361352.92182","POS_Y_CENTRALE":"4927756.58392","TIPO_ADSL":"NO","DESCRIZIONE_TIPO_ADSL":"NO Adsl","DISTANZA_CALCOLATA":"4294.27","CLASSE_DISTANZA":"4100-4499","POTENZA_SEGNALE":"","POPOLAZIONE_SEZIONE": ""}
			},
		 		{ "type" : "Feature",
				"geometry" : {
					"type" : "Point",
					"coordinates" : [7.24096,44.49772]},
			"properties" : { "ANNO":"2010","ID_SEZIONE":"6004","ISTAT_COMUNE_SEZ":"4207","COMUNE_SEZ":"SAN DAMIANO MACRA","PROVINCIA":"CN","ID_CENTRALE":"1265","NOME_CENTRALE":"SAN DAMIANO MACRA","ISTAT_COMUNE_CENTR":"4207","COMUNE_CENTR":"SAN DAMIANO MACRA","PROVINCIA_CENTR":"CN","INDIRIZZO_CENTRALE":"PIAZZA EINAUDI","LATITUDINE_SEZIONE":"44.49772","LONGITUDINE_SEZIONE":"7.24096","POS_X_SEZIONE":"360154.16605","POS_Y_SEZIONE":"4928661.12971","LATITUDINE_CENTRALE":"44.48982","LONGITUDINE_CENTRALE":"7.25627","POS_X_CENTRALE":"361352.92182","POS_Y_CENTRALE":"4927756.58392","TIPO_ADSL":"NO","DESCRIZIONE_TIPO_ADSL":"NO Adsl","DISTANZA_CALCOLATA":"1501.74","CLASSE_DISTANZA":"1300-1699","POTENZA_SEGNALE":"","POPOLAZIONE_SEZIONE": "2"}
			},
		 		{ "type" : "Feature",
				"geometry" : {
					"type" : "Point",
					"coordinates" : [7.24430,44.53563]},
			"properties" : { "ANNO":"2010","ID_SEZIONE":"6267","ISTAT_COMUNE_SEZ":"4207","COMUNE_SEZ":"SAN DAMIANO MACRA","PROVINCIA":"CN","ID_CENTRALE":"1265","NOME_CENTRALE":"SAN DAMIANO MACRA","ISTAT_COMUNE_CENTR":"4207","COMUNE_CENTR":"SAN DAMIANO MACRA","PROVINCIA_CENTR":"CN","INDIRIZZO_CENTRALE":"PIAZZA EINAUDI","LATITUDINE_SEZIONE":"44.53563","LONGITUDINE_SEZIONE":"7.24430","POS_X_SEZIONE":"360510.40797","POS_Y_SEZIONE":"4932865.66245","LATITUDINE_CENTRALE":"44.48982","LONGITUDINE_CENTRALE":"7.25627","POS_X_CENTRALE":"361352.92182","POS_Y_CENTRALE":"4927756.58392","TIPO_ADSL":"NO","DESCRIZIONE_TIPO_ADSL":"NO Adsl","DISTANZA_CALCOLATA":"5178.08","CLASSE_DISTANZA":"4900-5299","POTENZA_SEGNALE":"","POPOLAZIONE_SEZIONE": ""}
			},
		 		{ "type" : "Feature",
				"geometry" : {
					"type" : "Point",
					"coordinates" : [7.26351,44.49282]},
			"properties" : { "ANNO":"2010","ID_SEZIONE":"6501","ISTAT_COMUNE_SEZ":"4207","COMUNE_SEZ":"SAN DAMIANO MACRA","PROVINCIA":"CN","ID_CENTRALE":"1265","NOME_CENTRALE":"SAN DAMIANO MACRA","ISTAT_COMUNE_CENTR":"4207","COMUNE_CENTR":"SAN DAMIANO MACRA","PROVINCIA_CENTR":"CN","INDIRIZZO_CENTRALE":"PIAZZA EINAUDI","LATITUDINE_SEZIONE":"44.49282","LONGITUDINE_SEZIONE":"7.26351","POS_X_SEZIONE":"361935.55537","POS_Y_SEZIONE":"4928078.14808","LATITUDINE_CENTRALE":"44.48982","LONGITUDINE_CENTRALE":"7.25627","POS_X_CENTRALE":"361352.92182","POS_Y_CENTRALE":"4927756.58392","TIPO_ADSL":"NO","DESCRIZIONE_TIPO_ADSL":"NO Adsl","DISTANZA_CALCOLATA":"665.48","CLASSE_DISTANZA":"500-899","POTENZA_SEGNALE":"","POPOLAZIONE_SEZIONE": "7"}
			},
		 		{ "type" : "Feature",
				"geometry" : {
					"type" : "Point",
					"coordinates" : [7.27315,44.48468]},
			"properties" : { "ANNO":"2010","ID_SEZIONE":"7362","ISTAT_COMUNE_SEZ":"4044","COMUNE_SEZ":"CARTIGNANO","PROVINCIA":"CN","ID_CENTRALE":"1265","NOME_CENTRALE":"SAN DAMIANO MACRA","ISTAT_COMUNE_CENTR":"4207","COMUNE_CENTR":"SAN DAMIANO MACRA","PROVINCIA_CENTR":"CN","INDIRIZZO_CENTRALE":"PIAZZA EINAUDI","LATITUDINE_SEZIONE":"44.48468","LONGITUDINE_SEZIONE":"7.27315","POS_X_SEZIONE":"362682.80964","POS_Y_SEZIONE":"4927158.15115","LATITUDINE_CENTRALE":"44.48982","LONGITUDINE_CENTRALE":"7.25627","POS_X_CENTRALE":"361352.92182","POS_Y_CENTRALE":"4927756.58392","TIPO_ADSL":"NO","DESCRIZIONE_TIPO_ADSL":"NO Adsl","DISTANZA_CALCOLATA":"1458.33","CLASSE_DISTANZA":"1300-1699","POTENZA_SEGNALE":"","POPOLAZIONE_SEZIONE": "27"}
			},
		 		{ "type" : "Feature",
				"geometry" : {
					"type" : "Point",
					"coordinates" : [7.24694,44.50381]},
			"properties" : { "ANNO":"2010","ID_SEZIONE":"7763","ISTAT_COMUNE_SEZ":"4207","COMUNE_SEZ":"SAN DAMIANO MACRA","PROVINCIA":"CN","ID_CENTRALE":"1265","NOME_CENTRALE":"SAN DAMIANO MACRA","ISTAT_COMUNE_CENTR":"4207","COMUNE_CENTR":"SAN DAMIANO MACRA","PROVINCIA_CENTR":"CN","INDIRIZZO_CENTRALE":"PIAZZA EINAUDI","LATITUDINE_SEZIONE":"44.50381","LONGITUDINE_SEZIONE":"7.24694","POS_X_SEZIONE":"360643.89866","POS_Y_SEZIONE":"4929326.64011","LATITUDINE_CENTRALE":"44.48982","LONGITUDINE_CENTRALE":"7.25627","POS_X_CENTRALE":"361352.92182","POS_Y_CENTRALE":"4927756.58392","TIPO_ADSL":"NO","DESCRIZIONE_TIPO_ADSL":"NO Adsl","DISTANZA_CALCOLATA":"1722.73","CLASSE_DISTANZA":"1700-2099","POTENZA_SEGNALE":"","POPOLAZIONE_SEZIONE": "2"}
			},
		 		{ "type" : "Feature",
				"geometry" : {
					"type" : "Point",
					"coordinates" : [7.28048,44.49220]},
			"properties" : { "ANNO":"2010","ID_SEZIONE":"7782","ISTAT_COMUNE_SEZ":"4207","COMUNE_SEZ":"SAN DAMIANO MACRA","PROVINCIA":"CN","ID_CENTRALE":"1265","NOME_CENTRALE":"SAN DAMIANO MACRA","ISTAT_COMUNE_CENTR":"4207","COMUNE_CENTR":"SAN DAMIANO MACRA","PROVINCIA_CENTR":"CN","INDIRIZZO_CENTRALE":"PIAZZA EINAUDI","LATITUDINE_SEZIONE":"44.49220","LONGITUDINE_SEZIONE":"7.28048","POS_X_SEZIONE":"363283.06974","POS_Y_SEZIONE":"4927981.16402","LATITUDINE_CENTRALE":"44.48982","LONGITUDINE_CENTRALE":"7.25627","POS_X_CENTRALE":"361352.92182","POS_Y_CENTRALE":"4927756.58392","TIPO_ADSL":"NO","DESCRIZIONE_TIPO_ADSL":"NO Adsl","DISTANZA_CALCOLATA":"1943.17","CLASSE_DISTANZA":"1700-2099","POTENZA_SEGNALE":"","POPOLAZIONE_SEZIONE": "3"}
			},
		 		{ "type" : "Feature",
				"geometry" : {
					"type" : "Point",
					"coordinates" : [7.22052,44.46393]},
			"properties" : { "ANNO":"2010","ID_SEZIONE":"7785","ISTAT_COMUNE_SEZ":"4207","COMUNE_SEZ":"SAN DAMIANO MACRA","PROVINCIA":"CN","ID_CENTRALE":"1265","NOME_CENTRALE":"SAN DAMIANO MACRA","ISTAT_COMUNE_CENTR":"4207","COMUNE_CENTR":"SAN DAMIANO MACRA","PROVINCIA_CENTR":"CN","INDIRIZZO_CENTRALE":"PIAZZA EINAUDI","LATITUDINE_SEZIONE":"44.46393","LONGITUDINE_SEZIONE":"7.22052","POS_X_SEZIONE":"358447.24611","POS_Y_SEZIONE":"4924942.08561","LATITUDINE_CENTRALE":"44.48982","LONGITUDINE_CENTRALE":"7.25627","POS_X_CENTRALE":"361352.92182","POS_Y_CENTRALE":"4927756.58392","TIPO_ADSL":"NO","DESCRIZIONE_TIPO_ADSL":"NO Adsl","DISTANZA_CALCOLATA":"4045.29","CLASSE_DISTANZA":"3700-4099","POTENZA_SEGNALE":"","POPOLAZIONE_SEZIONE": ""}
			},
		 		{ "type" : "Feature",
				"geometry" : {
					"type" : "Point",
					"coordinates" : [7.22100,44.48598]},
			"properties" : { "ANNO":"2010","ID_SEZIONE":"8099","ISTAT_COMUNE_SEZ":"4207","COMUNE_SEZ":"SAN DAMIANO MACRA","PROVINCIA":"CN","ID_CENTRALE":"1265","NOME_CENTRALE":"SAN DAMIANO MACRA","ISTAT_COMUNE_CENTR":"4207","COMUNE_CENTR":"SAN DAMIANO MACRA","PROVINCIA_CENTR":"CN","INDIRIZZO_CENTRALE":"PIAZZA EINAUDI","LATITUDINE_SEZIONE":"44.48598","LONGITUDINE_SEZIONE":"7.22100","POS_X_SEZIONE":"358539.39639","POS_Y_SEZIONE":"4927391.10142","LATITUDINE_CENTRALE":"44.48982","LONGITUDINE_CENTRALE":"7.25627","POS_X_CENTRALE":"361352.92182","POS_Y_CENTRALE":"4927756.58392","TIPO_ADSL":"NO","DESCRIZIONE_TIPO_ADSL":"NO Adsl","DISTANZA_CALCOLATA":"2837.16","CLASSE_DISTANZA":"2500-2899","POTENZA_SEGNALE":"","POPOLAZIONE_SEZIONE": "7"}
			},
		 		{ "type" : "Feature",
				"geometry" : {
					"type" : "Point",
					"coordinates" : [7.27606,44.48032]},
			"properties" : { "ANNO":"2010","ID_SEZIONE":"8101","ISTAT_COMUNE_SEZ":"4044","COMUNE_SEZ":"CARTIGNANO","PROVINCIA":"CN","ID_CENTRALE":"1265","NOME_CENTRALE":"SAN DAMIANO MACRA","ISTAT_COMUNE_CENTR":"4207","COMUNE_CENTR":"SAN DAMIANO MACRA","PROVINCIA_CENTR":"CN","INDIRIZZO_CENTRALE":"PIAZZA EINAUDI","LATITUDINE_SEZIONE":"44.48032","LONGITUDINE_SEZIONE":"7.27606","POS_X_SEZIONE":"362903.78321","POS_Y_SEZIONE":"4926668.15026","LATITUDINE_CENTRALE":"44.48982","LONGITUDINE_CENTRALE":"7.25627","POS_X_CENTRALE":"361352.92182","POS_Y_CENTRALE":"4927756.58392","TIPO_ADSL":"NO","DESCRIZIONE_TIPO_ADSL":"NO Adsl","DISTANZA_CALCOLATA":"1894.69","CLASSE_DISTANZA":"1700-2099","POTENZA_SEGNALE":"","POPOLAZIONE_SEZIONE": "5"}
			},
		 		{ "type" : "Feature",
				"geometry" : {
					"type" : "Point",
					"coordinates" : [7.22696,44.46431]},
			"properties" : { "ANNO":"2010","ID_SEZIONE":"8408","ISTAT_COMUNE_SEZ":"4207","COMUNE_SEZ":"SAN DAMIANO MACRA","PROVINCIA":"CN","ID_CENTRALE":"1265","NOME_CENTRALE":"SAN DAMIANO MACRA","ISTAT_COMUNE_CENTR":"4207","COMUNE_CENTR":"SAN DAMIANO MACRA","PROVINCIA_CENTR":"CN","INDIRIZZO_CENTRALE":"PIAZZA EINAUDI","LATITUDINE_SEZIONE":"44.46431","LONGITUDINE_SEZIONE":"7.22696","POS_X_SEZIONE":"358961.11389","POS_Y_SEZIONE":"4924973.09182","LATITUDINE_CENTRALE":"44.48982","LONGITUDINE_CENTRALE":"7.25627","POS_X_CENTRALE":"361352.92182","POS_Y_CENTRALE":"4927756.58392","TIPO_ADSL":"NO","DESCRIZIONE_TIPO_ADSL":"NO Adsl","DISTANZA_CALCOLATA":"3669.96","CLASSE_DISTANZA":"3300-3699","POTENZA_SEGNALE":"","POPOLAZIONE_SEZIONE": "1"}
			},
		 		{ "type" : "Feature",
				"geometry" : {
					"type" : "Point",
					"coordinates" : [7.21760,44.45971]},
			"properties" : { "ANNO":"2010","ID_SEZIONE":"8809","ISTAT_COMUNE_SEZ":"4207","COMUNE_SEZ":"SAN DAMIANO MACRA","PROVINCIA":"CN","ID_CENTRALE":"1265","NOME_CENTRALE":"SAN DAMIANO MACRA","ISTAT_COMUNE_CENTR":"4207","COMUNE_CENTR":"SAN DAMIANO MACRA","PROVINCIA_CENTR":"CN","INDIRIZZO_CENTRALE":"PIAZZA EINAUDI","LATITUDINE_SEZIONE":"44.45971","LONGITUDINE_SEZIONE":"7.21760","POS_X_SEZIONE":"358205.22525","POS_Y_SEZIONE":"4924479.07992","LATITUDINE_CENTRALE":"44.48982","LONGITUDINE_CENTRALE":"7.25627","POS_X_CENTRALE":"361352.92182","POS_Y_CENTRALE":"4927756.58392","TIPO_ADSL":"NO","DESCRIZIONE_TIPO_ADSL":"NO Adsl","DISTANZA_CALCOLATA":"4544.23","CLASSE_DISTANZA":"4500-4899","POTENZA_SEGNALE":"","POPOLAZIONE_SEZIONE": "6"}
			},
		 		{ "type" : "Feature",
				"geometry" : {
					"type" : "Point",
					"coordinates" : [7.19447,44.53453]},
			"properties" : { "ANNO":"2010","ID_SEZIONE":"9456","ISTAT_COMUNE_SEZ":"4207","COMUNE_SEZ":"SAN DAMIANO MACRA","PROVINCIA":"CN","ID_CENTRALE":"1265","NOME_CENTRALE":"SAN DAMIANO MACRA","ISTAT_COMUNE_CENTR":"4207","COMUNE_CENTR":"SAN DAMIANO MACRA","PROVINCIA_CENTR":"CN","INDIRIZZO_CENTRALE":"PIAZZA EINAUDI","LATITUDINE_SEZIONE":"44.53453","LONGITUDINE_SEZIONE":"7.19447","POS_X_SEZIONE":"356548.84381","POS_Y_SEZIONE":"4932829.61356","LATITUDINE_CENTRALE":"44.48982","LONGITUDINE_CENTRALE":"7.25627","POS_X_CENTRALE":"361352.92182","POS_Y_CENTRALE":"4927756.58392","TIPO_ADSL":"NO","DESCRIZIONE_TIPO_ADSL":"NO Adsl","DISTANZA_CALCOLATA":"6986.76","CLASSE_DISTANZA":"6100 e oltre","POTENZA_SEGNALE":"","POPOLAZIONE_SEZIONE": ""}
			},
		 		{ "type" : "Feature",
				"geometry" : {
					"type" : "Point",
					"coordinates" : [7.21829,44.52493]},
			"properties" : { "ANNO":"2010","ID_SEZIONE":"10152","ISTAT_COMUNE_SEZ":"4207","COMUNE_SEZ":"SAN DAMIANO MACRA","PROVINCIA":"CN","ID_CENTRALE":"1265","NOME_CENTRALE":"SAN DAMIANO MACRA","ISTAT_COMUNE_CENTR":"4207","COMUNE_CENTR":"SAN DAMIANO MACRA","PROVINCIA_CENTR":"CN","INDIRIZZO_CENTRALE":"PIAZZA EINAUDI","LATITUDINE_SEZIONE":"44.52493","LONGITUDINE_SEZIONE":"7.21829","POS_X_SEZIONE":"358418.11485","POS_Y_SEZIONE":"4931722.62911","LATITUDINE_CENTRALE":"44.48982","LONGITUDINE_CENTRALE":"7.25627","POS_X_CENTRALE":"361352.92182","POS_Y_CENTRALE":"4927756.58392","TIPO_ADSL":"NO","DESCRIZIONE_TIPO_ADSL":"NO Adsl","DISTANZA_CALCOLATA":"4933.82","CLASSE_DISTANZA":"4900-5299","POTENZA_SEGNALE":"","POPOLAZIONE_SEZIONE": "1"}
			},
		 		{ "type" : "Feature",
				"geometry" : {
					"type" : "Point",
					"coordinates" : [7.22619,44.45740]},
			"properties" : { "ANNO":"2010","ID_SEZIONE":"10898","ISTAT_COMUNE_SEZ":"4207","COMUNE_SEZ":"SAN DAMIANO MACRA","PROVINCIA":"CN","ID_CENTRALE":"1265","NOME_CENTRALE":"SAN DAMIANO MACRA","ISTAT_COMUNE_CENTR":"4207","COMUNE_CENTR":"SAN DAMIANO MACRA","PROVINCIA_CENTR":"CN","INDIRIZZO_CENTRALE":"PIAZZA EINAUDI","LATITUDINE_SEZIONE":"44.45740","LONGITUDINE_SEZIONE":"7.22619","POS_X_SEZIONE":"358882.75127","POS_Y_SEZIONE":"4924207.58629","LATITUDINE_CENTRALE":"44.48982","LONGITUDINE_CENTRALE":"7.25627","POS_X_CENTRALE":"361352.92182","POS_Y_CENTRALE":"4927756.58392","TIPO_ADSL":"NO","DESCRIZIONE_TIPO_ADSL":"NO Adsl","DISTANZA_CALCOLATA":"4324.02","CLASSE_DISTANZA":"4100-4499","POTENZA_SEGNALE":"","POPOLAZIONE_SEZIONE": ""}
			},
		 		{ "type" : "Feature",
				"geometry" : {
					"type" : "Point",
					"coordinates" : [7.29293,44.48856]},
			"properties" : { "ANNO":"2010","ID_SEZIONE":"11088","ISTAT_COMUNE_SEZ":"4044","COMUNE_SEZ":"CARTIGNANO","PROVINCIA":"CN","ID_CENTRALE":"1265","NOME_CENTRALE":"SAN DAMIANO MACRA","ISTAT_COMUNE_CENTR":"4207","COMUNE_CENTR":"SAN DAMIANO MACRA","PROVINCIA_CENTR":"CN","INDIRIZZO_CENTRALE":"PIAZZA EINAUDI","LATITUDINE_SEZIONE":"44.48856","LONGITUDINE_SEZIONE":"7.29293","POS_X_SEZIONE":"364264.62494","POS_Y_SEZIONE":"4927555.17336","LATITUDINE_CENTRALE":"44.48982","LONGITUDINE_CENTRALE":"7.25627","POS_X_CENTRALE":"361352.92182","POS_Y_CENTRALE":"4927756.58392","TIPO_ADSL":"NO","DESCRIZIONE_TIPO_ADSL":"NO Adsl","DISTANZA_CALCOLATA":"2918.66","CLASSE_DISTANZA":"2900-3299","POTENZA_SEGNALE":"","POPOLAZIONE_SEZIONE": "5"}
			},
		 		{ "type" : "Feature",
				"geometry" : {
					"type" : "Point",
					"coordinates" : [7.24366,44.52214]},
			"properties" : { "ANNO":"2010","ID_SEZIONE":"11303","ISTAT_COMUNE_SEZ":"4207","COMUNE_SEZ":"SAN DAMIANO MACRA","PROVINCIA":"CN","ID_CENTRALE":"1265","NOME_CENTRALE":"SAN DAMIANO MACRA","ISTAT_COMUNE_CENTR":"4207","COMUNE_CENTR":"SAN DAMIANO MACRA","PROVINCIA_CENTR":"CN","INDIRIZZO_CENTRALE":"PIAZZA EINAUDI","LATITUDINE_SEZIONE":"44.52214","LONGITUDINE_SEZIONE":"7.24366","POS_X_SEZIONE":"360427.36976","POS_Y_SEZIONE":"4931369.15096","LATITUDINE_CENTRALE":"44.48982","LONGITUDINE_CENTRALE":"7.25627","POS_X_CENTRALE":"361352.92182","POS_Y_CENTRALE":"4927756.58392","TIPO_ADSL":"NO","DESCRIZIONE_TIPO_ADSL":"NO Adsl","DISTANZA_CALCOLATA":"3729.25","CLASSE_DISTANZA":"3700-4099","POTENZA_SEGNALE":"","POPOLAZIONE_SEZIONE": "9"}
			},
		 		{ "type" : "Feature",
				"geometry" : {
					"type" : "Point",
					"coordinates" : [7.24713,44.50080]},
			"properties" : { "ANNO":"2010","ID_SEZIONE":"12219","ISTAT_COMUNE_SEZ":"4207","COMUNE_SEZ":"SAN DAMIANO MACRA","PROVINCIA":"CN","ID_CENTRALE":"1265","NOME_CENTRALE":"SAN DAMIANO MACRA","ISTAT_COMUNE_CENTR":"4207","COMUNE_CENTR":"SAN DAMIANO MACRA","PROVINCIA_CENTR":"CN","INDIRIZZO_CENTRALE":"PIAZZA EINAUDI","LATITUDINE_SEZIONE":"44.50080","LONGITUDINE_SEZIONE":"7.24713","POS_X_SEZIONE":"360651.96676","POS_Y_SEZIONE":"4928992.63794","LATITUDINE_CENTRALE":"44.48982","LONGITUDINE_CENTRALE":"7.25627","POS_X_CENTRALE":"361352.92182","POS_Y_CENTRALE":"4927756.58392","TIPO_ADSL":"NO","DESCRIZIONE_TIPO_ADSL":"NO Adsl","DISTANZA_CALCOLATA":"1420.97","CLASSE_DISTANZA":"1300-1699","POTENZA_SEGNALE":"","POPOLAZIONE_SEZIONE": "4"}
			},
		 		{ "type" : "Feature",
				"geometry" : {
					"type" : "Point",
					"coordinates" : [7.24953,44.50558]},
			"properties" : { "ANNO":"2010","ID_SEZIONE":"12466","ISTAT_COMUNE_SEZ":"4207","COMUNE_SEZ":"SAN DAMIANO MACRA","PROVINCIA":"CN","ID_CENTRALE":"1265","NOME_CENTRALE":"SAN DAMIANO MACRA","ISTAT_COMUNE_CENTR":"4207","COMUNE_CENTR":"SAN DAMIANO MACRA","PROVINCIA_CENTR":"CN","INDIRIZZO_CENTRALE":"PIAZZA EINAUDI","LATITUDINE_SEZIONE":"44.50558","LONGITUDINE_SEZIONE":"7.24953","POS_X_SEZIONE":"360854.36138","POS_Y_SEZIONE":"4929518.64370","LATITUDINE_CENTRALE":"44.48982","LONGITUDINE_CENTRALE":"7.25627","POS_X_CENTRALE":"361352.92182","POS_Y_CENTRALE":"4927756.58392","TIPO_ADSL":"NO","DESCRIZIONE_TIPO_ADSL":"NO Adsl","DISTANZA_CALCOLATA":"1831.23","CLASSE_DISTANZA":"1700-2099","POTENZA_SEGNALE":"","POPOLAZIONE_SEZIONE": "4"}
			},
		 		{ "type" : "Feature",
				"geometry" : {
					"type" : "Point",
					"coordinates" : [7.25944,44.50578]},
			"properties" : { "ANNO":"2010","ID_SEZIONE":"13606","ISTAT_COMUNE_SEZ":"4207","COMUNE_SEZ":"SAN DAMIANO MACRA","PROVINCIA":"CN","ID_CENTRALE":"1265","NOME_CENTRALE":"SAN DAMIANO MACRA","ISTAT_COMUNE_CENTR":"4207","COMUNE_CENTR":"SAN DAMIANO MACRA","PROVINCIA_CENTR":"CN","INDIRIZZO_CENTRALE":"PIAZZA EINAUDI","LATITUDINE_SEZIONE":"44.50578","LONGITUDINE_SEZIONE":"7.25944","POS_X_SEZIONE":"361642.38058","POS_Y_SEZIONE":"4929524.15384","LATITUDINE_CENTRALE":"44.48982","LONGITUDINE_CENTRALE":"7.25627","POS_X_CENTRALE":"361352.92182","POS_Y_CENTRALE":"4927756.58392","TIPO_ADSL":"NO","DESCRIZIONE_TIPO_ADSL":"NO Adsl","DISTANZA_CALCOLATA":"1791.11","CLASSE_DISTANZA":"1700-2099","POTENZA_SEGNALE":"","POPOLAZIONE_SEZIONE": "7"}
			},
		 		{ "type" : "Feature",
				"geometry" : {
					"type" : "Point",
					"coordinates" : [7.20859,44.46413]},
			"properties" : { "ANNO":"2010","ID_SEZIONE":"14575","ISTAT_COMUNE_SEZ":"4207","COMUNE_SEZ":"SAN DAMIANO MACRA","PROVINCIA":"CN","ID_CENTRALE":"1265","NOME_CENTRALE":"SAN DAMIANO MACRA","ISTAT_COMUNE_CENTR":"4207","COMUNE_CENTR":"SAN DAMIANO MACRA","PROVINCIA_CENTR":"CN","INDIRIZZO_CENTRALE":"PIAZZA EINAUDI","LATITUDINE_SEZIONE":"44.46413","LONGITUDINE_SEZIONE":"7.20859","POS_X_SEZIONE":"357499.28887","POS_Y_SEZIONE":"4924985.57438","LATITUDINE_CENTRALE":"44.48982","LONGITUDINE_CENTRALE":"7.25627","POS_X_CENTRALE":"361352.92182","POS_Y_CENTRALE":"4927756.58392","TIPO_ADSL":"NO","DESCRIZIONE_TIPO_ADSL":"NO Adsl","DISTANZA_CALCOLATA":"4746.47","CLASSE_DISTANZA":"4500-4899","POTENZA_SEGNALE":"","POPOLAZIONE_SEZIONE": ""}
			},
		 		{ "type" : "Feature",
				"geometry" : {
					"type" : "Point",
					"coordinates" : [7.22330,44.46183]},
			"properties" : { "ANNO":"2010","ID_SEZIONE":"15055","ISTAT_COMUNE_SEZ":"4207","COMUNE_SEZ":"SAN DAMIANO MACRA","PROVINCIA":"CN","ID_CENTRALE":"1265","NOME_CENTRALE":"SAN DAMIANO MACRA","ISTAT_COMUNE_CENTR":"4207","COMUNE_CENTR":"SAN DAMIANO MACRA","PROVINCIA_CENTR":"CN","INDIRIZZO_CENTRALE":"PIAZZA EINAUDI","LATITUDINE_SEZIONE":"44.46183","LONGITUDINE_SEZIONE":"7.22330","POS_X_SEZIONE":"358663.77757","POS_Y_SEZIONE":"4924704.08651","LATITUDINE_CENTRALE":"44.48982","LONGITUDINE_CENTRALE":"7.25627","POS_X_CENTRALE":"361352.92182","POS_Y_CENTRALE":"4927756.58392","TIPO_ADSL":"NO","DESCRIZIONE_TIPO_ADSL":"NO Adsl","DISTANZA_CALCOLATA":"4068.08","CLASSE_DISTANZA":"3700-4099","POTENZA_SEGNALE":"","POPOLAZIONE_SEZIONE": "3"}
			},
		 		{ "type" : "Feature",
				"geometry" : {
					"type" : "Point",
					"coordinates" : [7.23749,44.47670]},
			"properties" : { "ANNO":"2010","ID_SEZIONE":"15479","ISTAT_COMUNE_SEZ":"4207","COMUNE_SEZ":"SAN DAMIANO MACRA","PROVINCIA":"CN","ID_CENTRALE":"1265","NOME_CENTRALE":"SAN DAMIANO MACRA","ISTAT_COMUNE_CENTR":"4207","COMUNE_CENTR":"SAN DAMIANO MACRA","PROVINCIA_CENTR":"CN","INDIRIZZO_CENTRALE":"PIAZZA EINAUDI","LATITUDINE_SEZIONE":"44.47670","LONGITUDINE_SEZIONE":"7.23749","POS_X_SEZIONE":"359828.01949","POS_Y_SEZIONE":"4926332.11083","LATITUDINE_CENTRALE":"44.48982","LONGITUDINE_CENTRALE":"7.25627","POS_X_CENTRALE":"361352.92182","POS_Y_CENTRALE":"4927756.58392","TIPO_ADSL":"NO","DESCRIZIONE_TIPO_ADSL":"NO Adsl","DISTANZA_CALCOLATA":"2086.73","CLASSE_DISTANZA":"1700-2099","POTENZA_SEGNALE":"","POPOLAZIONE_SEZIONE": ""}
			},
		 		{ "type" : "Feature",
				"geometry" : {
					"type" : "Point",
					"coordinates" : [7.27596,44.49782]},
			"properties" : { "ANNO":"2010","ID_SEZIONE":"16844","ISTAT_COMUNE_SEZ":"4207","COMUNE_SEZ":"SAN DAMIANO MACRA","PROVINCIA":"CN","ID_CENTRALE":"1265","NOME_CENTRALE":"SAN DAMIANO MACRA","ISTAT_COMUNE_CENTR":"4207","COMUNE_CENTR":"SAN DAMIANO MACRA","PROVINCIA_CENTR":"CN","INDIRIZZO_CENTRALE":"PIAZZA EINAUDI","LATITUDINE_SEZIONE":"44.49782","LONGITUDINE_SEZIONE":"7.27596","POS_X_SEZIONE":"362936.78263","POS_Y_SEZIONE":"4928612.16408","LATITUDINE_CENTRALE":"44.48982","LONGITUDINE_CENTRALE":"7.25627","POS_X_CENTRALE":"361352.92182","POS_Y_CENTRALE":"4927756.58392","TIPO_ADSL":"NO","DESCRIZIONE_TIPO_ADSL":"NO Adsl","DISTANZA_CALCOLATA":"1800.18","CLASSE_DISTANZA":"1700-2099","POTENZA_SEGNALE":"","POPOLAZIONE_SEZIONE": "3"}
			},
		 		{ "type" : "Feature",
				"geometry" : {
					"type" : "Point",
					"coordinates" : [7.21849,44.49423]},
			"properties" : { "ANNO":"2010","ID_SEZIONE":"17263","ISTAT_COMUNE_SEZ":"4207","COMUNE_SEZ":"SAN DAMIANO MACRA","PROVINCIA":"CN","ID_CENTRALE":"1265","NOME_CENTRALE":"SAN DAMIANO MACRA","ISTAT_COMUNE_CENTR":"4207","COMUNE_CENTR":"SAN DAMIANO MACRA","PROVINCIA_CENTR":"CN","INDIRIZZO_CENTRALE":"PIAZZA EINAUDI","LATITUDINE_SEZIONE":"44.49423","LONGITUDINE_SEZIONE":"7.21849","POS_X_SEZIONE":"358359.25994","POS_Y_SEZIONE":"4928312.10495","LATITUDINE_CENTRALE":"44.48982","LONGITUDINE_CENTRALE":"7.25627","POS_X_CENTRALE":"361352.92182","POS_Y_CENTRALE":"4927756.58392","TIPO_ADSL":"NO","DESCRIZIONE_TIPO_ADSL":"NO Adsl","DISTANZA_CALCOLATA":"3044.77","CLASSE_DISTANZA":"2900-3299","POTENZA_SEGNALE":"","POPOLAZIONE_SEZIONE": ""}
			},
		 		{ "type" : "Feature",
				"geometry" : {
					"type" : "Point",
					"coordinates" : [7.20787,44.48873]},
			"properties" : { "ANNO":"2010","ID_SEZIONE":"17264","ISTAT_COMUNE_SEZ":"4207","COMUNE_SEZ":"SAN DAMIANO MACRA","PROVINCIA":"CN","ID_CENTRALE":"1265","NOME_CENTRALE":"SAN DAMIANO MACRA","ISTAT_COMUNE_CENTR":"4207","COMUNE_CENTR":"SAN DAMIANO MACRA","PROVINCIA_CENTR":"CN","INDIRIZZO_CENTRALE":"PIAZZA EINAUDI","LATITUDINE_SEZIONE":"44.48873","LONGITUDINE_SEZIONE":"7.20787","POS_X_SEZIONE":"357502.06186","POS_Y_SEZIONE":"4927719.59090","LATITUDINE_CENTRALE":"44.48982","LONGITUDINE_CENTRALE":"7.25627","POS_X_CENTRALE":"361352.92182","POS_Y_CENTRALE":"4927756.58392","TIPO_ADSL":"NO","DESCRIZIONE_TIPO_ADSL":"NO Adsl","DISTANZA_CALCOLATA":"3851.04","CLASSE_DISTANZA":"3700-4099","POTENZA_SEGNALE":"","POPOLAZIONE_SEZIONE": "1"}
			},
		 		{ "type" : "Feature",
				"geometry" : {
					"type" : "Point",
					"coordinates" : [7.22825,44.53597]},
			"properties" : { "ANNO":"2010","ID_SEZIONE":"20126","ISTAT_COMUNE_SEZ":"4207","COMUNE_SEZ":"SAN DAMIANO MACRA","PROVINCIA":"CN","ID_CENTRALE":"1265","NOME_CENTRALE":"SAN DAMIANO MACRA","ISTAT_COMUNE_CENTR":"4207","COMUNE_CENTR":"SAN DAMIANO MACRA","PROVINCIA_CENTR":"CN","INDIRIZZO_CENTRALE":"PIAZZA EINAUDI","LATITUDINE_SEZIONE":"44.53597","LONGITUDINE_SEZIONE":"7.22825","POS_X_SEZIONE":"359236.14596","POS_Y_SEZIONE":"4932931.64748","LATITUDINE_CENTRALE":"44.48982","LONGITUDINE_CENTRALE":"7.25627","POS_X_CENTRALE":"361352.92182","POS_Y_CENTRALE":"4927756.58392","TIPO_ADSL":"NO","DESCRIZIONE_TIPO_ADSL":"NO Adsl","DISTANZA_CALCOLATA":"5591.25","CLASSE_DISTANZA":"5300-5699","POTENZA_SEGNALE":"","POPOLAZIONE_SEZIONE": ""}
			},
		 		{ "type" : "Feature",
				"geometry" : {
					"type" : "Point",
					"coordinates" : [7.26803,44.52208]},
			"properties" : { "ANNO":"2010","ID_SEZIONE":"20127","ISTAT_COMUNE_SEZ":"4207","COMUNE_SEZ":"SAN DAMIANO MACRA","PROVINCIA":"CN","ID_CENTRALE":"1265","NOME_CENTRALE":"SAN DAMIANO MACRA","ISTAT_COMUNE_CENTR":"4207","COMUNE_CENTR":"SAN DAMIANO MACRA","PROVINCIA_CENTR":"CN","INDIRIZZO_CENTRALE":"PIAZZA EINAUDI","LATITUDINE_SEZIONE":"44.52208","LONGITUDINE_SEZIONE":"7.26803","POS_X_SEZIONE":"362363.71537","POS_Y_SEZIONE":"4931320.67429","LATITUDINE_CENTRALE":"44.48982","LONGITUDINE_CENTRALE":"7.25627","POS_X_CENTRALE":"361352.92182","POS_Y_CENTRALE":"4927756.58392","TIPO_ADSL":"NO","DESCRIZIONE_TIPO_ADSL":"NO Adsl","DISTANZA_CALCOLATA":"3704.65","CLASSE_DISTANZA":"3700-4099","POTENZA_SEGNALE":"","POPOLAZIONE_SEZIONE": ""}
			},
		 		{ "type" : "Feature",
				"geometry" : {
					"type" : "Point",
					"coordinates" : [7.24787,44.51880]},
			"properties" : { "ANNO":"2010","ID_SEZIONE":"20129","ISTAT_COMUNE_SEZ":"4207","COMUNE_SEZ":"SAN DAMIANO MACRA","PROVINCIA":"CN","ID_CENTRALE":"1265","NOME_CENTRALE":"SAN DAMIANO MACRA","ISTAT_COMUNE_CENTR":"4207","COMUNE_CENTR":"SAN DAMIANO MACRA","PROVINCIA_CENTR":"CN","INDIRIZZO_CENTRALE":"PIAZZA EINAUDI","LATITUDINE_SEZIONE":"44.51880","LONGITUDINE_SEZIONE":"7.24787","POS_X_SEZIONE":"360753.90186","POS_Y_SEZIONE":"4930990.65240","LATITUDINE_CENTRALE":"44.48982","LONGITUDINE_CENTRALE":"7.25627","POS_X_CENTRALE":"361352.92182","POS_Y_CENTRALE":"4927756.58392","TIPO_ADSL":"NO","DESCRIZIONE_TIPO_ADSL":"NO Adsl","DISTANZA_CALCOLATA":"3289.08","CLASSE_DISTANZA":"2900-3299","POTENZA_SEGNALE":"","POPOLAZIONE_SEZIONE": "1"}
			},
		 		{ "type" : "Feature",
				"geometry" : {
					"type" : "Point",
					"coordinates" : [7.26182,44.49577]},
			"properties" : { "ANNO":"2010","ID_SEZIONE":"20146","ISTAT_COMUNE_SEZ":"4207","COMUNE_SEZ":"SAN DAMIANO MACRA","PROVINCIA":"CN","ID_CENTRALE":"1265","NOME_CENTRALE":"SAN DAMIANO MACRA","ISTAT_COMUNE_CENTR":"4207","COMUNE_CENTR":"SAN DAMIANO MACRA","PROVINCIA_CENTR":"CN","INDIRIZZO_CENTRALE":"PIAZZA EINAUDI","LATITUDINE_SEZIONE":"44.49577","LONGITUDINE_SEZIONE":"7.26182","POS_X_SEZIONE":"361807.99005","POS_Y_SEZIONE":"4928408.64869","LATITUDINE_CENTRALE":"44.48982","LONGITUDINE_CENTRALE":"7.25627","POS_X_CENTRALE":"361352.92182","POS_Y_CENTRALE":"4927756.58392","TIPO_ADSL":"NO","DESCRIZIONE_TIPO_ADSL":"NO Adsl","DISTANZA_CALCOLATA":"795.16","CLASSE_DISTANZA":"500-899","POTENZA_SEGNALE":"","POPOLAZIONE_SEZIONE": "5"}
			},
		 		{ "type" : "Feature",
				"geometry" : {
					"type" : "Point",
					"coordinates" : [7.28634,44.47770]},
			"properties" : { "ANNO":"2010","ID_SEZIONE":"20148","ISTAT_COMUNE_SEZ":"4044","COMUNE_SEZ":"CARTIGNANO","PROVINCIA":"CN","ID_CENTRALE":"1265","NOME_CENTRALE":"SAN DAMIANO MACRA","ISTAT_COMUNE_CENTR":"4207","COMUNE_CENTR":"SAN DAMIANO MACRA","PROVINCIA_CENTR":"CN","INDIRIZZO_CENTRALE":"PIAZZA EINAUDI","LATITUDINE_SEZIONE":"44.47770","LONGITUDINE_SEZIONE":"7.28634","POS_X_SEZIONE":"363715.21514","POS_Y_SEZIONE":"4926360.15819","LATITUDINE_CENTRALE":"44.48982","LONGITUDINE_CENTRALE":"7.25627","POS_X_CENTRALE":"361352.92182","POS_Y_CENTRALE":"4927756.58392","TIPO_ADSL":"NO","DESCRIZIONE_TIPO_ADSL":"NO Adsl","DISTANZA_CALCOLATA":"2744.16","CLASSE_DISTANZA":"2500-2899","POTENZA_SEGNALE":"","POPOLAZIONE_SEZIONE": "109"}
			},
		 		{ "type" : "Feature",
				"geometry" : {
					"type" : "Point",
					"coordinates" : [7.22150,44.46547]},
			"properties" : { "ANNO":"2010","ID_SEZIONE":"20453","ISTAT_COMUNE_SEZ":"4207","COMUNE_SEZ":"SAN DAMIANO MACRA","PROVINCIA":"CN","ID_CENTRALE":"1265","NOME_CENTRALE":"SAN DAMIANO MACRA","ISTAT_COMUNE_CENTR":"4207","COMUNE_CENTR":"SAN DAMIANO MACRA","PROVINCIA_CENTR":"CN","INDIRIZZO_CENTRALE":"PIAZZA EINAUDI","LATITUDINE_SEZIONE":"44.46547","LONGITUDINE_SEZIONE":"7.22150","POS_X_SEZIONE":"358529.33661","POS_Y_SEZIONE":"4925111.58731","LATITUDINE_CENTRALE":"44.48982","LONGITUDINE_CENTRALE":"7.25627","POS_X_CENTRALE":"361352.92182","POS_Y_CENTRALE":"4927756.58392","TIPO_ADSL":"NO","DESCRIZIONE_TIPO_ADSL":"NO Adsl","DISTANZA_CALCOLATA":"3868.93","CLASSE_DISTANZA":"3700-4099","POTENZA_SEGNALE":"","POPOLAZIONE_SEZIONE": ""}
			},
		 		{ "type" : "Feature",
				"geometry" : {
					"type" : "Point",
					"coordinates" : [7.25309,44.48884]},
			"properties" : { "ANNO":"2010","ID_SEZIONE":"20713","ISTAT_COMUNE_SEZ":"4207","COMUNE_SEZ":"SAN DAMIANO MACRA","PROVINCIA":"CN","ID_CENTRALE":"1265","NOME_CENTRALE":"SAN DAMIANO MACRA","ISTAT_COMUNE_CENTR":"4207","COMUNE_CENTR":"SAN DAMIANO MACRA","PROVINCIA_CENTR":"CN","INDIRIZZO_CENTRALE":"PIAZZA EINAUDI","LATITUDINE_SEZIONE":"44.48884","LONGITUDINE_SEZIONE":"7.25309","POS_X_SEZIONE":"361097.41802","POS_Y_SEZIONE":"4927654.13477","LATITUDINE_CENTRALE":"44.48982","LONGITUDINE_CENTRALE":"7.25627","POS_X_CENTRALE":"361352.92182","POS_Y_CENTRALE":"4927756.58392","TIPO_ADSL":"NO","DESCRIZIONE_TIPO_ADSL":"NO Adsl","DISTANZA_CALCOLATA":"275.28","CLASSE_DISTANZA":"100-499","POTENZA_SEGNALE":"","POPOLAZIONE_SEZIONE": "102"}
			},
		 		{ "type" : "Feature",
				"geometry" : {
					"type" : "Point",
					"coordinates" : [7.25230,44.47294]},
			"properties" : { "ANNO":"2010","ID_SEZIONE":"22719","ISTAT_COMUNE_SEZ":"4207","COMUNE_SEZ":"SAN DAMIANO MACRA","PROVINCIA":"CN","ID_CENTRALE":"1265","NOME_CENTRALE":"SAN DAMIANO MACRA","ISTAT_COMUNE_CENTR":"4207","COMUNE_CENTR":"SAN DAMIANO MACRA","PROVINCIA_CENTR":"CN","INDIRIZZO_CENTRALE":"PIAZZA EINAUDI","LATITUDINE_SEZIONE":"44.47294","LONGITUDINE_SEZIONE":"7.25230","POS_X_SEZIONE":"360996.72810","POS_Y_SEZIONE":"4925889.12229","LATITUDINE_CENTRALE":"44.48982","LONGITUDINE_CENTRALE":"7.25627","POS_X_CENTRALE":"361352.92182","POS_Y_CENTRALE":"4927756.58392","TIPO_ADSL":"NO","DESCRIZIONE_TIPO_ADSL":"NO Adsl","DISTANZA_CALCOLATA":"1901.13","CLASSE_DISTANZA":"1700-2099","POTENZA_SEGNALE":"","POPOLAZIONE_SEZIONE": ""}
			},
		 		{ "type" : "Feature",
				"geometry" : {
					"type" : "Point",
					"coordinates" : [7.24026,44.52686]},
			"properties" : { "ANNO":"2010","ID_SEZIONE":"22932","ISTAT_COMUNE_SEZ":"4207","COMUNE_SEZ":"SAN DAMIANO MACRA","PROVINCIA":"CN","ID_CENTRALE":"1265","NOME_CENTRALE":"SAN DAMIANO MACRA","ISTAT_COMUNE_CENTR":"4207","COMUNE_CENTR":"SAN DAMIANO MACRA","PROVINCIA_CENTR":"CN","INDIRIZZO_CENTRALE":"PIAZZA EINAUDI","LATITUDINE_SEZIONE":"44.52686","LONGITUDINE_SEZIONE":"7.24026","POS_X_SEZIONE":"360168.45956","POS_Y_SEZIONE":"4931899.15135","LATITUDINE_CENTRALE":"44.48982","LONGITUDINE_CENTRALE":"7.25627","POS_X_CENTRALE":"361352.92182","POS_Y_CENTRALE":"4927756.58392","TIPO_ADSL":"NO","DESCRIZIONE_TIPO_ADSL":"NO Adsl","DISTANZA_CALCOLATA":"4308.57","CLASSE_DISTANZA":"4100-4499","POTENZA_SEGNALE":"","POPOLAZIONE_SEZIONE": "2"}
			},
		 		{ "type" : "Feature",
				"geometry" : {
					"type" : "Point",
					"coordinates" : [7.24667,44.52247]},
			"properties" : { "ANNO":"2010","ID_SEZIONE":"23356","ISTAT_COMUNE_SEZ":"4207","COMUNE_SEZ":"SAN DAMIANO MACRA","PROVINCIA":"CN","ID_CENTRALE":"1265","NOME_CENTRALE":"SAN DAMIANO MACRA","ISTAT_COMUNE_CENTR":"4207","COMUNE_CENTR":"SAN DAMIANO MACRA","PROVINCIA_CENTR":"CN","INDIRIZZO_CENTRALE":"PIAZZA EINAUDI","LATITUDINE_SEZIONE":"44.52247","LONGITUDINE_SEZIONE":"7.24667","POS_X_SEZIONE":"360667.24074","POS_Y_SEZIONE":"4931399.65439","LATITUDINE_CENTRALE":"44.48982","LONGITUDINE_CENTRALE":"7.25627","POS_X_CENTRALE":"361352.92182","POS_Y_CENTRALE":"4927756.58392","TIPO_ADSL":"NO","DESCRIZIONE_TIPO_ADSL":"NO Adsl","DISTANZA_CALCOLATA":"3707.04","CLASSE_DISTANZA":"3700-4099","POTENZA_SEGNALE":"","POPOLAZIONE_SEZIONE": "4"}
			},
		 		{ "type" : "Feature",
				"geometry" : {
					"type" : "Point",
					"coordinates" : [7.26862,44.48902]},
			"properties" : { "ANNO":"2010","ID_SEZIONE":"23359","ISTAT_COMUNE_SEZ":"4207","COMUNE_SEZ":"SAN DAMIANO MACRA","PROVINCIA":"CN","ID_CENTRALE":"1265","NOME_CENTRALE":"SAN DAMIANO MACRA","ISTAT_COMUNE_CENTR":"4207","COMUNE_CENTR":"SAN DAMIANO MACRA","PROVINCIA_CENTR":"CN","INDIRIZZO_CENTRALE":"PIAZZA EINAUDI","LATITUDINE_SEZIONE":"44.48902","LONGITUDINE_SEZIONE":"7.26862","POS_X_SEZIONE":"362332.71377","POS_Y_SEZIONE":"4927647.15006","LATITUDINE_CENTRALE":"44.48982","LONGITUDINE_CENTRALE":"7.25627","POS_X_CENTRALE":"361352.92182","POS_Y_CENTRALE":"4927756.58392","TIPO_ADSL":"NO","DESCRIZIONE_TIPO_ADSL":"NO Adsl","DISTANZA_CALCOLATA":"985.88","CLASSE_DISTANZA":"900-1299","POTENZA_SEGNALE":"","POPOLAZIONE_SEZIONE": "3"}
			},
		 		{ "type" : "Feature",
				"geometry" : {
					"type" : "Point",
					"coordinates" : [7.27819,44.48833]},
			"properties" : { "ANNO":"2010","ID_SEZIONE":"23578","ISTAT_COMUNE_SEZ":"4207","COMUNE_SEZ":"SAN DAMIANO MACRA","PROVINCIA":"CN","ID_CENTRALE":"1265","NOME_CENTRALE":"SAN DAMIANO MACRA","ISTAT_COMUNE_CENTR":"4207","COMUNE_CENTR":"SAN DAMIANO MACRA","PROVINCIA_CENTR":"CN","INDIRIZZO_CENTRALE":"PIAZZA EINAUDI","LATITUDINE_SEZIONE":"44.48833","LONGITUDINE_SEZIONE":"7.27819","POS_X_SEZIONE":"363091.82954","POS_Y_SEZIONE":"4927554.15858","LATITUDINE_CENTRALE":"44.48982","LONGITUDINE_CENTRALE":"7.25627","POS_X_CENTRALE":"361352.92182","POS_Y_CENTRALE":"4927756.58392","TIPO_ADSL":"NO","DESCRIZIONE_TIPO_ADSL":"NO Adsl","DISTANZA_CALCOLATA":"1750.65","CLASSE_DISTANZA":"1700-2099","POTENZA_SEGNALE":"","POPOLAZIONE_SEZIONE": "3"}
			},
		 		{ "type" : "Feature",
				"geometry" : {
					"type" : "Point",
					"coordinates" : [7.28595,44.47138]},
			"properties" : { "ANNO":"2010","ID_SEZIONE":"23580","ISTAT_COMUNE_SEZ":"4044","COMUNE_SEZ":"CARTIGNANO","PROVINCIA":"CN","ID_CENTRALE":"1265","NOME_CENTRALE":"SAN DAMIANO MACRA","ISTAT_COMUNE_CENTR":"4207","COMUNE_CENTR":"SAN DAMIANO MACRA","PROVINCIA_CENTR":"CN","INDIRIZZO_CENTRALE":"PIAZZA EINAUDI","LATITUDINE_SEZIONE":"44.47138","LONGITUDINE_SEZIONE":"7.28595","POS_X_SEZIONE":"363669.44542","POS_Y_SEZIONE":"4925658.65265","LATITUDINE_CENTRALE":"44.48982","LONGITUDINE_CENTRALE":"7.25627","POS_X_CENTRALE":"361352.92182","POS_Y_CENTRALE":"4927756.58392","TIPO_ADSL":"NO","DESCRIZIONE_TIPO_ADSL":"NO Adsl","DISTANZA_CALCOLATA":"3125.32","CLASSE_DISTANZA":"2900-3299","POTENZA_SEGNALE":"","POPOLAZIONE_SEZIONE": ""}
			},
		 		{ "type" : "Feature",
				"geometry" : {
					"type" : "Point",
					"coordinates" : [7.23200,44.48592]},
			"properties" : { "ANNO":"2010","ID_SEZIONE":"24817","ISTAT_COMUNE_SEZ":"4207","COMUNE_SEZ":"SAN DAMIANO MACRA","PROVINCIA":"CN","ID_CENTRALE":"1265","NOME_CENTRALE":"SAN DAMIANO MACRA","ISTAT_COMUNE_CENTR":"4207","COMUNE_CENTR":"SAN DAMIANO MACRA","PROVINCIA_CENTR":"CN","INDIRIZZO_CENTRALE":"PIAZZA EINAUDI","LATITUDINE_SEZIONE":"44.48592","LONGITUDINE_SEZIONE":"7.23200","POS_X_SEZIONE":"359413.85245","POS_Y_SEZIONE":"4927365.61202","LATITUDINE_CENTRALE":"44.48982","LONGITUDINE_CENTRALE":"7.25627","POS_X_CENTRALE":"361352.92182","POS_Y_CENTRALE":"4927756.58392","TIPO_ADSL":"NO","DESCRIZIONE_TIPO_ADSL":"NO Adsl","DISTANZA_CALCOLATA":"1978.09","CLASSE_DISTANZA":"1700-2099","POTENZA_SEGNALE":"","POPOLAZIONE_SEZIONE": ""}
			},
		 		{ "type" : "Feature",
				"geometry" : {
					"type" : "Point",
					"coordinates" : [7.27462,44.48975]},
			"properties" : { "ANNO":"2010","ID_SEZIONE":"25958","ISTAT_COMUNE_SEZ":"4207","COMUNE_SEZ":"SAN DAMIANO MACRA","PROVINCIA":"CN","ID_CENTRALE":"1265","NOME_CENTRALE":"SAN DAMIANO MACRA","ISTAT_COMUNE_CENTR":"4207","COMUNE_CENTR":"SAN DAMIANO MACRA","PROVINCIA_CENTR":"CN","INDIRIZZO_CENTRALE":"PIAZZA EINAUDI","LATITUDINE_SEZIONE":"44.48975","LONGITUDINE_SEZIONE":"7.27462","POS_X_SEZIONE":"362812.08093","POS_Y_SEZIONE":"4927718.65650","LATITUDINE_CENTRALE":"44.48982","LONGITUDINE_CENTRALE":"7.25627","POS_X_CENTRALE":"361352.92182","POS_Y_CENTRALE":"4927756.58392","TIPO_ADSL":"NO","DESCRIZIONE_TIPO_ADSL":"NO Adsl","DISTANZA_CALCOLATA":"1459.65","CLASSE_DISTANZA":"1300-1699","POTENZA_SEGNALE":"","POPOLAZIONE_SEZIONE": "3"}
			},
		 		{ "type" : "Feature",
				"geometry" : {
					"type" : "Point",
					"coordinates" : [7.29282,44.47113]},
			"properties" : { "ANNO":"2010","ID_SEZIONE":"26698","ISTAT_COMUNE_SEZ":"4044","COMUNE_SEZ":"CARTIGNANO","PROVINCIA":"CN","ID_CENTRALE":"1265","NOME_CENTRALE":"SAN DAMIANO MACRA","ISTAT_COMUNE_CENTR":"4207","COMUNE_CENTR":"SAN DAMIANO MACRA","PROVINCIA_CENTR":"CN","INDIRIZZO_CENTRALE":"PIAZZA EINAUDI","LATITUDINE_SEZIONE":"44.47113","LONGITUDINE_SEZIONE":"7.29282","POS_X_SEZIONE":"364215.34545","POS_Y_SEZIONE":"4925619.15902","LATITUDINE_CENTRALE":"44.48982","LONGITUDINE_CENTRALE":"7.25627","POS_X_CENTRALE":"361352.92182","POS_Y_CENTRALE":"4927756.58392","TIPO_ADSL":"NO","DESCRIZIONE_TIPO_ADSL":"NO Adsl","DISTANZA_CALCOLATA":"3572.4","CLASSE_DISTANZA":"3300-3699","POTENZA_SEGNALE":"","POPOLAZIONE_SEZIONE": "4"}
			},
		 		{ "type" : "Feature",
				"geometry" : {
					"type" : "Point",
					"coordinates" : [7.25381,44.50745]},
			"properties" : { "ANNO":"2010","ID_SEZIONE":"26954","ISTAT_COMUNE_SEZ":"4207","COMUNE_SEZ":"SAN DAMIANO MACRA","PROVINCIA":"CN","ID_CENTRALE":"1265","NOME_CENTRALE":"SAN DAMIANO MACRA","ISTAT_COMUNE_CENTR":"4207","COMUNE_CENTR":"SAN DAMIANO MACRA","PROVINCIA_CENTR":"CN","INDIRIZZO_CENTRALE":"PIAZZA EINAUDI","LATITUDINE_SEZIONE":"44.50745","LONGITUDINE_SEZIONE":"7.25381","POS_X_SEZIONE":"361198.66500","POS_Y_SEZIONE":"4929719.64927","LATITUDINE_CENTRALE":"44.48982","LONGITUDINE_CENTRALE":"7.25627","POS_X_CENTRALE":"361352.92182","POS_Y_CENTRALE":"4927756.58392","TIPO_ADSL":"NO","DESCRIZIONE_TIPO_ADSL":"NO Adsl","DISTANZA_CALCOLATA":"1969.12","CLASSE_DISTANZA":"1700-2099","POTENZA_SEGNALE":"","POPOLAZIONE_SEZIONE": "2"}
			},
		 		{ "type" : "Feature",
				"geometry" : {
					"type" : "Point",
					"coordinates" : [7.26890,44.48667]},
			"properties" : { "ANNO":"2010","ID_SEZIONE":"27582","ISTAT_COMUNE_SEZ":"4207","COMUNE_SEZ":"SAN DAMIANO MACRA","PROVINCIA":"CN","ID_CENTRALE":"1265","NOME_CENTRALE":"SAN DAMIANO MACRA","ISTAT_COMUNE_CENTR":"4207","COMUNE_CENTR":"SAN DAMIANO MACRA","PROVINCIA_CENTR":"CN","INDIRIZZO_CENTRALE":"PIAZZA EINAUDI","LATITUDINE_SEZIONE":"44.48667","LONGITUDINE_SEZIONE":"7.26890","POS_X_SEZIONE":"362349.84273","POS_Y_SEZIONE":"4927386.14834","LATITUDINE_CENTRALE":"44.48982","LONGITUDINE_CENTRALE":"7.25627","POS_X_CENTRALE":"361352.92182","POS_Y_CENTRALE":"4927756.58392","TIPO_ADSL":"NO","DESCRIZIONE_TIPO_ADSL":"NO Adsl","DISTANZA_CALCOLATA":"1063.52","CLASSE_DISTANZA":"900-1299","POTENZA_SEGNALE":"","POPOLAZIONE_SEZIONE": "19"}
			},
		 		{ "type" : "Feature",
				"geometry" : {
					"type" : "Point",
					"coordinates" : [7.23209,44.47457]},
			"properties" : { "ANNO":"2010","ID_SEZIONE":"28074","ISTAT_COMUNE_SEZ":"4207","COMUNE_SEZ":"SAN DAMIANO MACRA","PROVINCIA":"CN","ID_CENTRALE":"1265","NOME_CENTRALE":"SAN DAMIANO MACRA","ISTAT_COMUNE_CENTR":"4207","COMUNE_CENTR":"SAN DAMIANO MACRA","PROVINCIA_CENTR":"CN","INDIRIZZO_CENTRALE":"PIAZZA EINAUDI","LATITUDINE_SEZIONE":"44.47457","LONGITUDINE_SEZIONE":"7.23209","POS_X_SEZIONE":"359393.21578","POS_Y_SEZIONE":"4926104.10392","LATITUDINE_CENTRALE":"44.48982","LONGITUDINE_CENTRALE":"7.25627","POS_X_CENTRALE":"361352.92182","POS_Y_CENTRALE":"4927756.58392","TIPO_ADSL":"NO","DESCRIZIONE_TIPO_ADSL":"NO Adsl","DISTANZA_CALCOLATA":"2563.42","CLASSE_DISTANZA":"2500-2899","POTENZA_SEGNALE":"","POPOLAZIONE_SEZIONE": "3"}
			},
		 		{ "type" : "Feature",
				"geometry" : {
					"type" : "Point",
					"coordinates" : [7.29005,44.49151]},
			"properties" : { "ANNO":"2010","ID_SEZIONE":"29022","ISTAT_COMUNE_SEZ":"4044","COMUNE_SEZ":"CARTIGNANO","PROVINCIA":"CN","ID_CENTRALE":"1265","NOME_CENTRALE":"SAN DAMIANO MACRA","ISTAT_COMUNE_CENTR":"4207","COMUNE_CENTR":"SAN DAMIANO MACRA","PROVINCIA_CENTR":"CN","INDIRIZZO_CENTRALE":"PIAZZA EINAUDI","LATITUDINE_SEZIONE":"44.49151","LONGITUDINE_SEZIONE":"7.29005","POS_X_SEZIONE":"364042.77841","POS_Y_SEZIONE":"4927887.67282","LATITUDINE_CENTRALE":"44.48982","LONGITUDINE_CENTRALE":"7.25627","POS_X_CENTRALE":"361352.92182","POS_Y_CENTRALE":"4927756.58392","TIPO_ADSL":"NO","DESCRIZIONE_TIPO_ADSL":"NO Adsl","DISTANZA_CALCOLATA":"2693.05","CLASSE_DISTANZA":"2500-2899","POTENZA_SEGNALE":"","POPOLAZIONE_SEZIONE": "15"}
			},
		 		{ "type" : "Feature",
				"geometry" : {
					"type" : "Point",
					"coordinates" : [7.23631,44.51251]},
			"properties" : { "ANNO":"2010","ID_SEZIONE":"30111","ISTAT_COMUNE_SEZ":"4207","COMUNE_SEZ":"SAN DAMIANO MACRA","PROVINCIA":"CN","ID_CENTRALE":"1265","NOME_CENTRALE":"SAN DAMIANO MACRA","ISTAT_COMUNE_CENTR":"4207","COMUNE_CENTR":"SAN DAMIANO MACRA","PROVINCIA_CENTR":"CN","INDIRIZZO_CENTRALE":"PIAZZA EINAUDI","LATITUDINE_SEZIONE":"44.51251","LONGITUDINE_SEZIONE":"7.23631","POS_X_SEZIONE":"359820.52074","POS_Y_SEZIONE":"4930311.63647","LATITUDINE_CENTRALE":"44.48982","LONGITUDINE_CENTRALE":"7.25627","POS_X_CENTRALE":"361352.92182","POS_Y_CENTRALE":"4927756.58392","TIPO_ADSL":"NO","DESCRIZIONE_TIPO_ADSL":"NO Adsl","DISTANZA_CALCOLATA":"2979.35","CLASSE_DISTANZA":"2900-3299","POTENZA_SEGNALE":"","POPOLAZIONE_SEZIONE": "2"}
			},
		 		{ "type" : "Feature",
				"geometry" : {
					"type" : "Point",
					"coordinates" : [7.23351,44.50366]},
			"properties" : { "ANNO":"2010","ID_SEZIONE":"30801","ISTAT_COMUNE_SEZ":"4207","COMUNE_SEZ":"SAN DAMIANO MACRA","PROVINCIA":"CN","ID_CENTRALE":"1265","NOME_CENTRALE":"SAN DAMIANO MACRA","ISTAT_COMUNE_CENTR":"4207","COMUNE_CENTR":"SAN DAMIANO MACRA","PROVINCIA_CENTR":"CN","INDIRIZZO_CENTRALE":"PIAZZA EINAUDI","LATITUDINE_SEZIONE":"44.50366","LONGITUDINE_SEZIONE":"7.23351","POS_X_SEZIONE":"359576.10218","POS_Y_SEZIONE":"4929333.12664","LATITUDINE_CENTRALE":"44.48982","LONGITUDINE_CENTRALE":"7.25627","POS_X_CENTRALE":"361352.92182","POS_Y_CENTRALE":"4927756.58392","TIPO_ADSL":"NO","DESCRIZIONE_TIPO_ADSL":"NO Adsl","DISTANZA_CALCOLATA":"2375.41","CLASSE_DISTANZA":"2100-2499","POTENZA_SEGNALE":"","POPOLAZIONE_SEZIONE": ""}
			},
		 		{ "type" : "Feature",
				"geometry" : {
					"type" : "Point",
					"coordinates" : [7.21555,44.43878]},
			"properties" : { "ANNO":"2010","ID_SEZIONE":"31369","ISTAT_COMUNE_SEZ":"4207","COMUNE_SEZ":"SAN DAMIANO MACRA","PROVINCIA":"CN","ID_CENTRALE":"1265","NOME_CENTRALE":"SAN DAMIANO MACRA","ISTAT_COMUNE_CENTR":"4207","COMUNE_CENTR":"SAN DAMIANO MACRA","PROVINCIA_CENTR":"CN","INDIRIZZO_CENTRALE":"PIAZZA EINAUDI","LATITUDINE_SEZIONE":"44.43878","LONGITUDINE_SEZIONE":"7.21555","POS_X_SEZIONE":"357991.10634","POS_Y_SEZIONE":"4922158.06308","LATITUDINE_CENTRALE":"44.48982","LONGITUDINE_CENTRALE":"7.25627","POS_X_CENTRALE":"361352.92182","POS_Y_CENTRALE":"4927756.58392","TIPO_ADSL":"NO","DESCRIZIONE_TIPO_ADSL":"NO Adsl","DISTANZA_CALCOLATA":"6530.33","CLASSE_DISTANZA":"6100 e oltre","POTENZA_SEGNALE":"","POPOLAZIONE_SEZIONE": ""}
			},
		 		{ "type" : "Feature",
				"geometry" : {
					"type" : "Point",
					"coordinates" : [7.25800,44.48892]},
			"properties" : { "ANNO":"2010","ID_SEZIONE":"31742","ISTAT_COMUNE_SEZ":"4207","COMUNE_SEZ":"SAN DAMIANO MACRA","PROVINCIA":"CN","ID_CENTRALE":"1265","NOME_CENTRALE":"SAN DAMIANO MACRA","ISTAT_COMUNE_CENTR":"4207","COMUNE_CENTR":"SAN DAMIANO MACRA","PROVINCIA_CENTR":"CN","INDIRIZZO_CENTRALE":"PIAZZA EINAUDI","LATITUDINE_SEZIONE":"44.48892","LONGITUDINE_SEZIONE":"7.25800","POS_X_SEZIONE":"361488.03767","POS_Y_SEZIONE":"4927653.63966","LATITUDINE_CENTRALE":"44.48982","LONGITUDINE_CENTRALE":"7.25627","POS_X_CENTRALE":"361352.92182","POS_Y_CENTRALE":"4927756.58392","TIPO_ADSL":"NO","DESCRIZIONE_TIPO_ADSL":"NO Adsl","DISTANZA_CALCOLATA":"169.86","CLASSE_DISTANZA":"100-499","POTENZA_SEGNALE":"","POPOLAZIONE_SEZIONE": "211"}
			},
		 		{ "type" : "Feature",
				"geometry" : {
					"type" : "Point",
					"coordinates" : [7.27059,44.52893]},
			"properties" : { "ANNO":"2010","ID_SEZIONE":"31967","ISTAT_COMUNE_SEZ":"4207","COMUNE_SEZ":"SAN DAMIANO MACRA","PROVINCIA":"CN","ID_CENTRALE":"1265","NOME_CENTRALE":"SAN DAMIANO MACRA","ISTAT_COMUNE_CENTR":"4207","COMUNE_CENTR":"SAN DAMIANO MACRA","PROVINCIA_CENTR":"CN","INDIRIZZO_CENTRALE":"PIAZZA EINAUDI","LATITUDINE_SEZIONE":"44.52893","LONGITUDINE_SEZIONE":"7.27059","POS_X_SEZIONE":"362583.35517","POS_Y_SEZIONE":"4932077.18194","LATITUDINE_CENTRALE":"44.48982","LONGITUDINE_CENTRALE":"7.25627","POS_X_CENTRALE":"361352.92182","POS_Y_CENTRALE":"4927756.58392","TIPO_ADSL":"NO","DESCRIZIONE_TIPO_ADSL":"NO Adsl","DISTANZA_CALCOLATA":"4492.39","CLASSE_DISTANZA":"4100-4499","POTENZA_SEGNALE":"","POPOLAZIONE_SEZIONE": ""}
			},
		 		{ "type" : "Feature",
				"geometry" : {
					"type" : "Point",
					"coordinates" : [7.25589,44.53508]},
			"properties" : { "ANNO":"2010","ID_SEZIONE":"32199","ISTAT_COMUNE_SEZ":"4207","COMUNE_SEZ":"SAN DAMIANO MACRA","PROVINCIA":"CN","ID_CENTRALE":"1265","NOME_CENTRALE":"SAN DAMIANO MACRA","ISTAT_COMUNE_CENTR":"4207","COMUNE_CENTR":"SAN DAMIANO MACRA","PROVINCIA_CENTR":"CN","INDIRIZZO_CENTRALE":"PIAZZA EINAUDI","LATITUDINE_SEZIONE":"44.53508","LONGITUDINE_SEZIONE":"7.25589","POS_X_SEZIONE":"361430.20625","POS_Y_SEZIONE":"4932784.67276","LATITUDINE_CENTRALE":"44.48982","LONGITUDINE_CENTRALE":"7.25627","POS_X_CENTRALE":"361352.92182","POS_Y_CENTRALE":"4927756.58392","TIPO_ADSL":"NO","DESCRIZIONE_TIPO_ADSL":"NO Adsl","DISTANZA_CALCOLATA":"5028.68","CLASSE_DISTANZA":"4900-5299","POTENZA_SEGNALE":"","POPOLAZIONE_SEZIONE": ""}
			},
		 		{ "type" : "Feature",
				"geometry" : {
					"type" : "Point",
					"coordinates" : [7.22087,44.45889]},
			"properties" : { "ANNO":"2010","ID_SEZIONE":"32619","ISTAT_COMUNE_SEZ":"4207","COMUNE_SEZ":"SAN DAMIANO MACRA","PROVINCIA":"CN","ID_CENTRALE":"1265","NOME_CENTRALE":"SAN DAMIANO MACRA","ISTAT_COMUNE_CENTR":"4207","COMUNE_CENTR":"SAN DAMIANO MACRA","PROVINCIA_CENTR":"CN","INDIRIZZO_CENTRALE":"PIAZZA EINAUDI","LATITUDINE_SEZIONE":"44.45889","LONGITUDINE_SEZIONE":"7.22087","POS_X_SEZIONE":"358463.59837","POS_Y_SEZIONE":"4924382.58225","LATITUDINE_CENTRALE":"44.48982","LONGITUDINE_CENTRALE":"7.25627","POS_X_CENTRALE":"361352.92182","POS_Y_CENTRALE":"4927756.58392","TIPO_ADSL":"NO","DESCRIZIONE_TIPO_ADSL":"NO Adsl","DISTANZA_CALCOLATA":"4442.08","CLASSE_DISTANZA":"4100-4499","POTENZA_SEGNALE":"","POPOLAZIONE_SEZIONE": "1"}
			},
		 		{ "type" : "Feature",
				"geometry" : {
					"type" : "Point",
					"coordinates" : [7.26081,44.51390]},
			"properties" : { "ANNO":"2010","ID_SEZIONE":"32909","ISTAT_COMUNE_SEZ":"4207","COMUNE_SEZ":"SAN DAMIANO MACRA","PROVINCIA":"CN","ID_CENTRALE":"1265","NOME_CENTRALE":"SAN DAMIANO MACRA","ISTAT_COMUNE_CENTR":"4207","COMUNE_CENTR":"SAN DAMIANO MACRA","PROVINCIA_CENTR":"CN","INDIRIZZO_CENTRALE":"PIAZZA EINAUDI","LATITUDINE_SEZIONE":"44.51390","LONGITUDINE_SEZIONE":"7.26081","POS_X_SEZIONE":"361770.52036","POS_Y_SEZIONE":"4930424.16127","LATITUDINE_CENTRALE":"44.48982","LONGITUDINE_CENTRALE":"7.25627","POS_X_CENTRALE":"361352.92182","POS_Y_CENTRALE":"4927756.58392","TIPO_ADSL":"NO","DESCRIZIONE_TIPO_ADSL":"NO Adsl","DISTANZA_CALCOLATA":"2700.07","CLASSE_DISTANZA":"2500-2899","POTENZA_SEGNALE":"","POPOLAZIONE_SEZIONE": ""}
			}
		 		]
	}
		