 	{ "type" : "FeatureCollection",
		"features" : [
		 		{ "type" : "Feature",
				"geometry" : {
					"type" : "Point",
					"coordinates" : [8.23412,44.96240]},
			"properties" : { "ANNO":"2010","ID_SEZIONE":"1822","ISTAT_COMUNE_SEZ":"5005","COMUNE_SEZ":"ASTI","PROVINCIA":"AT","ID_CENTRALE":"1031","NOME_CENTRALE":"PORTACOMARO STAZIONE","ISTAT_COMUNE_CENTR":"5087","COMUNE_CENTR":"PORTACOMARO","PROVINCIA_CENTR":"AT","INDIRIZZO_CENTRALE":"VIA ASTI->SNC","LATITUDINE_SEZIONE":"44.96240","LONGITUDINE_SEZIONE":"8.23412","POS_X_SEZIONE":"439597.40043","POS_Y_SEZIONE":"4979059.27274","LATITUDINE_CENTRALE":"44.95618","LONGITUDINE_CENTRALE":"8.22378","POS_X_CENTRALE":"438775.37495","POS_Y_CENTRALE":"4978376.05516","TIPO_ADSL":"ADSL_1","DESCRIZIONE_TIPO_ADSL":"ADSL (8 mega)","DISTANZA_CALCOLATA":"1068.88","CLASSE_DISTANZA":"900-1299","POTENZA_SEGNALE":"7000","POPOLAZIONE_SEZIONE": "15"}
			},
		 		{ "type" : "Feature",
				"geometry" : {
					"type" : "Point",
					"coordinates" : [8.17393,44.95555]},
			"properties" : { "ANNO":"2010","ID_SEZIONE":"2682","ISTAT_COMUNE_SEZ":"5005","COMUNE_SEZ":"ASTI","PROVINCIA":"AT","ID_CENTRALE":"1031","NOME_CENTRALE":"PORTACOMARO STAZIONE","ISTAT_COMUNE_CENTR":"5087","COMUNE_CENTR":"PORTACOMARO","PROVINCIA_CENTR":"AT","INDIRIZZO_CENTRALE":"VIA ASTI->SNC","LATITUDINE_SEZIONE":"44.95555","LONGITUDINE_SEZIONE":"8.17393","POS_X_SEZIONE":"434842.37809","POS_Y_SEZIONE":"4978344.28778","LATITUDINE_CENTRALE":"44.95618","LONGITUDINE_CENTRALE":"8.22378","POS_X_CENTRALE":"438775.37495","POS_Y_CENTRALE":"4978376.05516","TIPO_ADSL":"ADSL_1","DESCRIZIONE_TIPO_ADSL":"ADSL (8 mega)","DISTANZA_CALCOLATA":"3933.13","CLASSE_DISTANZA":"3700-4099","POTENZA_SEGNALE":"3000.38","POPOLAZIONE_SEZIONE": "18"}
			},
		 		{ "type" : "Feature",
				"geometry" : {
					"type" : "Point",
					"coordinates" : [8.20770,44.94715]},
			"properties" : { "ANNO":"2010","ID_SEZIONE":"4600","ISTAT_COMUNE_SEZ":"5005","COMUNE_SEZ":"ASTI","PROVINCIA":"AT","ID_CENTRALE":"1031","NOME_CENTRALE":"PORTACOMARO STAZIONE","ISTAT_COMUNE_CENTR":"5087","COMUNE_CENTR":"PORTACOMARO","PROVINCIA_CENTR":"AT","INDIRIZZO_CENTRALE":"VIA ASTI->SNC","LATITUDINE_SEZIONE":"44.94715","LONGITUDINE_SEZIONE":"8.20770","POS_X_SEZIONE":"437497.51793","POS_Y_SEZIONE":"4977384.25962","LATITUDINE_CENTRALE":"44.95618","LONGITUDINE_CENTRALE":"8.22378","POS_X_CENTRALE":"438775.37495","POS_Y_CENTRALE":"4978376.05516","TIPO_ADSL":"ADSL_1","DESCRIZIONE_TIPO_ADSL":"ADSL (8 mega)","DISTANZA_CALCOLATA":"1617.58","CLASSE_DISTANZA":"1300-1699","POTENZA_SEGNALE":"7000","POPOLAZIONE_SEZIONE": "44"}
			},
		 		{ "type" : "Feature",
				"geometry" : {
					"type" : "Point",
					"coordinates" : [8.19201,44.95422]},
			"properties" : { "ANNO":"2010","ID_SEZIONE":"10234","ISTAT_COMUNE_SEZ":"5005","COMUNE_SEZ":"ASTI","PROVINCIA":"AT","ID_CENTRALE":"1031","NOME_CENTRALE":"PORTACOMARO STAZIONE","ISTAT_COMUNE_CENTR":"5087","COMUNE_CENTR":"PORTACOMARO","PROVINCIA_CENTR":"AT","INDIRIZZO_CENTRALE":"VIA ASTI->SNC","LATITUDINE_SEZIONE":"44.95422","LONGITUDINE_SEZIONE":"8.19201","POS_X_SEZIONE":"436267.41182","POS_Y_SEZIONE":"4978181.77949","LATITUDINE_CENTRALE":"44.95618","LONGITUDINE_CENTRALE":"8.22378","POS_X_CENTRALE":"438775.37495","POS_Y_CENTRALE":"4978376.05516","TIPO_ADSL":"ADSL_1","DESCRIZIONE_TIPO_ADSL":"ADSL (8 mega)","DISTANZA_CALCOLATA":"2515.48","CLASSE_DISTANZA":"2500-2899","POTENZA_SEGNALE":"5749.63","POPOLAZIONE_SEZIONE": "10"}
			},
		 		{ "type" : "Feature",
				"geometry" : {
					"type" : "Point",
					"coordinates" : [8.22230,44.95714]},
			"properties" : { "ANNO":"2010","ID_SEZIONE":"10581","ISTAT_COMUNE_SEZ":"5005","COMUNE_SEZ":"ASTI","PROVINCIA":"AT","ID_CENTRALE":"1031","NOME_CENTRALE":"PORTACOMARO STAZIONE","ISTAT_COMUNE_CENTR":"5087","COMUNE_CENTR":"PORTACOMARO","PROVINCIA_CENTR":"AT","INDIRIZZO_CENTRALE":"VIA ASTI->SNC","LATITUDINE_SEZIONE":"44.95714","LONGITUDINE_SEZIONE":"8.22230","POS_X_SEZIONE":"438659.72261","POS_Y_SEZIONE":"4978483.26966","LATITUDINE_CENTRALE":"44.95618","LONGITUDINE_CENTRALE":"8.22378","POS_X_CENTRALE":"438775.37495","POS_Y_CENTRALE":"4978376.05516","TIPO_ADSL":"ADSL_1","DESCRIZIONE_TIPO_ADSL":"ADSL (8 mega)","DISTANZA_CALCOLATA":"157.70","CLASSE_DISTANZA":"100-499","POTENZA_SEGNALE":"7000","POPOLAZIONE_SEZIONE": "246"}
			},
		 		{ "type" : "Feature",
				"geometry" : {
					"type" : "Point",
					"coordinates" : [8.23310,44.95868]},
			"properties" : { "ANNO":"2010","ID_SEZIONE":"10582","ISTAT_COMUNE_SEZ":"5005","COMUNE_SEZ":"ASTI","PROVINCIA":"AT","ID_CENTRALE":"1031","NOME_CENTRALE":"PORTACOMARO STAZIONE","ISTAT_COMUNE_CENTR":"5087","COMUNE_CENTR":"PORTACOMARO","PROVINCIA_CENTR":"AT","INDIRIZZO_CENTRALE":"VIA ASTI->SNC","LATITUDINE_SEZIONE":"44.95868","LONGITUDINE_SEZIONE":"8.23310","POS_X_SEZIONE":"439513.27729","POS_Y_SEZIONE":"4978645.76669","LATITUDINE_CENTRALE":"44.95618","LONGITUDINE_CENTRALE":"8.22378","POS_X_CENTRALE":"438775.37495","POS_Y_CENTRALE":"4978376.05516","TIPO_ADSL":"ADSL_1","DESCRIZIONE_TIPO_ADSL":"ADSL (8 mega)","DISTANZA_CALCOLATA":"785.65","CLASSE_DISTANZA":"500-899","POTENZA_SEGNALE":"7000","POPOLAZIONE_SEZIONE": "21"}
			},
		 		{ "type" : "Feature",
				"geometry" : {
					"type" : "Point",
					"coordinates" : [8.20787,44.95274]},
			"properties" : { "ANNO":"2010","ID_SEZIONE":"11439","ISTAT_COMUNE_SEZ":"5005","COMUNE_SEZ":"ASTI","PROVINCIA":"AT","ID_CENTRALE":"1031","NOME_CENTRALE":"PORTACOMARO STAZIONE","ISTAT_COMUNE_CENTR":"5087","COMUNE_CENTR":"PORTACOMARO","PROVINCIA_CENTR":"AT","INDIRIZZO_CENTRALE":"VIA ASTI->SNC","LATITUDINE_SEZIONE":"44.95274","LONGITUDINE_SEZIONE":"8.20787","POS_X_SEZIONE":"437516.54744","POS_Y_SEZIONE":"4978005.76976","LATITUDINE_CENTRALE":"44.95618","LONGITUDINE_CENTRALE":"8.22378","POS_X_CENTRALE":"438775.37495","POS_Y_CENTRALE":"4978376.05516","TIPO_ADSL":"ADSL_1","DESCRIZIONE_TIPO_ADSL":"ADSL (8 mega)","DISTANZA_CALCOLATA":"1312.16","CLASSE_DISTANZA":"1300-1699","POTENZA_SEGNALE":"7000","POPOLAZIONE_SEZIONE": "39"}
			},
		 		{ "type" : "Feature",
				"geometry" : {
					"type" : "Point",
					"coordinates" : [8.24311,44.97760]},
			"properties" : { "ANNO":"2010","ID_SEZIONE":"13290","ISTAT_COMUNE_SEZ":"5005","COMUNE_SEZ":"ASTI","PROVINCIA":"AT","ID_CENTRALE":"1031","NOME_CENTRALE":"PORTACOMARO STAZIONE","ISTAT_COMUNE_CENTR":"5087","COMUNE_CENTR":"PORTACOMARO","PROVINCIA_CENTR":"AT","INDIRIZZO_CENTRALE":"VIA ASTI->SNC","LATITUDINE_SEZIONE":"44.97760","LONGITUDINE_SEZIONE":"8.24311","POS_X_SEZIONE":"440322.42110","POS_Y_SEZIONE":"4980740.79543","LATITUDINE_CENTRALE":"44.95618","LONGITUDINE_CENTRALE":"8.22378","POS_X_CENTRALE":"438775.37495","POS_Y_CENTRALE":"4978376.05516","TIPO_ADSL":"ADSL_1","DESCRIZIONE_TIPO_ADSL":"ADSL (8 mega)","DISTANZA_CALCOLATA":"2825.84","CLASSE_DISTANZA":"2500-2899","POTENZA_SEGNALE":"5749.63","POPOLAZIONE_SEZIONE": "47"}
			},
		 		{ "type" : "Feature",
				"geometry" : {
					"type" : "Point",
					"coordinates" : [8.20222,44.94770]},
			"properties" : { "ANNO":"2010","ID_SEZIONE":"15818","ISTAT_COMUNE_SEZ":"5005","COMUNE_SEZ":"ASTI","PROVINCIA":"AT","ID_CENTRALE":"1031","NOME_CENTRALE":"PORTACOMARO STAZIONE","ISTAT_COMUNE_CENTR":"5087","COMUNE_CENTR":"PORTACOMARO","PROVINCIA_CENTR":"AT","INDIRIZZO_CENTRALE":"VIA ASTI->SNC","LATITUDINE_SEZIONE":"44.94770","LONGITUDINE_SEZIONE":"8.20222","POS_X_SEZIONE":"437065.64696","POS_Y_SEZIONE":"4977450.26358","LATITUDINE_CENTRALE":"44.95618","LONGITUDINE_CENTRALE":"8.22378","POS_X_CENTRALE":"438775.37495","POS_Y_CENTRALE":"4978376.05516","TIPO_ADSL":"ADSL_1","DESCRIZIONE_TIPO_ADSL":"ADSL (8 mega)","DISTANZA_CALCOLATA":"1944.29","CLASSE_DISTANZA":"1700-2099","POTENZA_SEGNALE":"6874.88","POPOLAZIONE_SEZIONE": "16"}
			},
		 		{ "type" : "Feature",
				"geometry" : {
					"type" : "Point",
					"coordinates" : [8.21075,44.94946]},
			"properties" : { "ANNO":"2010","ID_SEZIONE":"15819","ISTAT_COMUNE_SEZ":"5005","COMUNE_SEZ":"ASTI","PROVINCIA":"AT","ID_CENTRALE":"1031","NOME_CENTRALE":"PORTACOMARO STAZIONE","ISTAT_COMUNE_CENTR":"5087","COMUNE_CENTR":"PORTACOMARO","PROVINCIA_CENTR":"AT","INDIRIZZO_CENTRALE":"VIA ASTI->SNC","LATITUDINE_SEZIONE":"44.94946","LONGITUDINE_SEZIONE":"8.21075","POS_X_SEZIONE":"437740.13988","POS_Y_SEZIONE":"4977639.26224","LATITUDINE_CENTRALE":"44.95618","LONGITUDINE_CENTRALE":"8.22378","POS_X_CENTRALE":"438775.37495","POS_Y_CENTRALE":"4978376.05516","TIPO_ADSL":"ADSL_1","DESCRIZIONE_TIPO_ADSL":"ADSL (8 mega)","DISTANZA_CALCOLATA":"1270.66","CLASSE_DISTANZA":"900-1299","POTENZA_SEGNALE":"7000","POPOLAZIONE_SEZIONE": "33"}
			},
		 		{ "type" : "Feature",
				"geometry" : {
					"type" : "Point",
					"coordinates" : [8.19052,44.95288]},
			"properties" : { "ANNO":"2010","ID_SEZIONE":"21454","ISTAT_COMUNE_SEZ":"5005","COMUNE_SEZ":"ASTI","PROVINCIA":"AT","ID_CENTRALE":"1031","NOME_CENTRALE":"PORTACOMARO STAZIONE","ISTAT_COMUNE_CENTR":"5087","COMUNE_CENTR":"PORTACOMARO","PROVINCIA_CENTR":"AT","INDIRIZZO_CENTRALE":"VIA ASTI->SNC","LATITUDINE_SEZIONE":"44.95288","LONGITUDINE_SEZIONE":"8.19052","POS_X_SEZIONE":"436148.47678","POS_Y_SEZIONE":"4978034.77712","LATITUDINE_CENTRALE":"44.95618","LONGITUDINE_CENTRALE":"8.22378","POS_X_CENTRALE":"438775.37495","POS_Y_CENTRALE":"4978376.05516","TIPO_ADSL":"ADSL_1","DESCRIZIONE_TIPO_ADSL":"ADSL (8 mega)","DISTANZA_CALCOLATA":"2648.97","CLASSE_DISTANZA":"2500-2899","POTENZA_SEGNALE":"5749.63","POPOLAZIONE_SEZIONE": "56"}
			},
		 		{ "type" : "Feature",
				"geometry" : {
					"type" : "Point",
					"coordinates" : [8.21613,44.95386]},
			"properties" : { "ANNO":"2010","ID_SEZIONE":"26432","ISTAT_COMUNE_SEZ":"5005","COMUNE_SEZ":"ASTI","PROVINCIA":"AT","ID_CENTRALE":"1031","NOME_CENTRALE":"PORTACOMARO STAZIONE","ISTAT_COMUNE_CENTR":"5087","COMUNE_CENTR":"PORTACOMARO","PROVINCIA_CENTR":"AT","INDIRIZZO_CENTRALE":"VIA ASTI->SNC","LATITUDINE_SEZIONE":"44.95386","LONGITUDINE_SEZIONE":"8.21613","POS_X_SEZIONE":"438169.07198","POS_Y_SEZIONE":"4978123.76733","LATITUDINE_CENTRALE":"44.95618","LONGITUDINE_CENTRALE":"8.22378","POS_X_CENTRALE":"438775.37495","POS_Y_CENTRALE":"4978376.05516","TIPO_ADSL":"ADSL_1","DESCRIZIONE_TIPO_ADSL":"ADSL (8 mega)","DISTANZA_CALCOLATA":"656.70","CLASSE_DISTANZA":"500-899","POTENZA_SEGNALE":"7000","POPOLAZIONE_SEZIONE": "193"}
			},
		 		{ "type" : "Feature",
				"geometry" : {
					"type" : "Point",
					"coordinates" : [8.23983,44.96802]},
			"properties" : { "ANNO":"2010","ID_SEZIONE":"29998","ISTAT_COMUNE_SEZ":"5005","COMUNE_SEZ":"ASTI","PROVINCIA":"AT","ID_CENTRALE":"1031","NOME_CENTRALE":"PORTACOMARO STAZIONE","ISTAT_COMUNE_CENTR":"5087","COMUNE_CENTR":"PORTACOMARO","PROVINCIA_CENTR":"AT","INDIRIZZO_CENTRALE":"VIA ASTI->SNC","LATITUDINE_SEZIONE":"44.96802","LONGITUDINE_SEZIONE":"8.23983","POS_X_SEZIONE":"440053.45675","POS_Y_SEZIONE":"4979679.27965","LATITUDINE_CENTRALE":"44.95618","LONGITUDINE_CENTRALE":"8.22378","POS_X_CENTRALE":"438775.37495","POS_Y_CENTRALE":"4978376.05516","TIPO_ADSL":"ADSL_1","DESCRIZIONE_TIPO_ADSL":"ADSL (8 mega)","DISTANZA_CALCOLATA":"1825.35","CLASSE_DISTANZA":"1700-2099","POTENZA_SEGNALE":"6874.88","POPOLAZIONE_SEZIONE": "72"}
			}
		 		]
	}
		