 	{ "type" : "FeatureCollection",
		"features" : [
		 		{ "type" : "Feature",
				"geometry" : {
					"type" : "Point",
					"coordinates" : [8.04578,45.67152]},
			"properties" : { "ANNO":"2010","ID_SEZIONE":"3609","ISTAT_COMUNE_SEZ":"96075","COMUNE_SEZ":"VEGLIO","PROVINCIA":"BI","ID_CENTRALE":"1584","NOME_CENTRALE":"VEGLIO","ISTAT_COMUNE_CENTR":"96075","COMUNE_CENTR":"VEGLIO","PROVINCIA_CENTR":"BI","INDIRIZZO_CENTRALE":"FRAZ. DAZZA 20","LATITUDINE_SEZIONE":"45.67152","LONGITUDINE_SEZIONE":"8.04578","POS_X_SEZIONE":"425676.67031","POS_Y_SEZIONE":"5057995.28612","LATITUDINE_CENTRALE":"45.64116","LONGITUDINE_CENTRALE":"8.11347","POS_X_CENTRALE":"430911.35846","POS_Y_CENTRALE":"5054561.66848","TIPO_ADSL":"ADSL_M","DESCRIZIONE_TIPO_ADSL":"ADSL Mini","DISTANZA_CALCOLATA":"6260.33","CLASSE_DISTANZA":"6100 e oltre","POTENZA_SEGNALE":"0.00","POPOLAZIONE_SEZIONE": ""}
			},
		 		{ "type" : "Feature",
				"geometry" : {
					"type" : "Point",
					"coordinates" : [8.11351,45.64123]},
			"properties" : { "ANNO":"2010","ID_SEZIONE":"3613","ISTAT_COMUNE_SEZ":"96075","COMUNE_SEZ":"VEGLIO","PROVINCIA":"BI","ID_CENTRALE":"1584","NOME_CENTRALE":"VEGLIO","ISTAT_COMUNE_CENTR":"96075","COMUNE_CENTR":"VEGLIO","PROVINCIA_CENTR":"BI","INDIRIZZO_CENTRALE":"FRAZ. DAZZA 20","LATITUDINE_SEZIONE":"45.64123","LONGITUDINE_SEZIONE":"8.11351","POS_X_SEZIONE":"430914.51633","POS_Y_SEZIONE":"5054569.38404","LATITUDINE_CENTRALE":"45.64116","LONGITUDINE_CENTRALE":"8.11347","POS_X_CENTRALE":"430911.35846","POS_Y_CENTRALE":"5054561.66848","TIPO_ADSL":"ADSL_M","DESCRIZIONE_TIPO_ADSL":"ADSL Mini","DISTANZA_CALCOLATA":"8.34","CLASSE_DISTANZA":"0-99","POTENZA_SEGNALE":"0.64","POPOLAZIONE_SEZIONE": "52"}
			},
		 		{ "type" : "Feature",
				"geometry" : {
					"type" : "Point",
					"coordinates" : [8.11194,45.63935]},
			"properties" : { "ANNO":"2010","ID_SEZIONE":"5724","ISTAT_COMUNE_SEZ":"96075","COMUNE_SEZ":"VEGLIO","PROVINCIA":"BI","ID_CENTRALE":"1584","NOME_CENTRALE":"VEGLIO","ISTAT_COMUNE_CENTR":"96075","COMUNE_CENTR":"VEGLIO","PROVINCIA_CENTR":"BI","INDIRIZZO_CENTRALE":"FRAZ. DAZZA 20","LATITUDINE_SEZIONE":"45.63935","LONGITUDINE_SEZIONE":"8.11194","POS_X_SEZIONE":"430790.04964","POS_Y_SEZIONE":"5054361.38353","LATITUDINE_CENTRALE":"45.64116","LONGITUDINE_CENTRALE":"8.11347","POS_X_CENTRALE":"430911.35846","POS_Y_CENTRALE":"5054561.66848","TIPO_ADSL":"ADSL_M","DESCRIZIONE_TIPO_ADSL":"ADSL Mini","DISTANZA_CALCOLATA":"234.16","CLASSE_DISTANZA":"100-499","POTENZA_SEGNALE":"0.64","POPOLAZIONE_SEZIONE": "11"}
			},
		 		{ "type" : "Feature",
				"geometry" : {
					"type" : "Point",
					"coordinates" : [8.12559,45.63653]},
			"properties" : { "ANNO":"2010","ID_SEZIONE":"6811","ISTAT_COMUNE_SEZ":"96075","COMUNE_SEZ":"VEGLIO","PROVINCIA":"BI","ID_CENTRALE":"1584","NOME_CENTRALE":"VEGLIO","ISTAT_COMUNE_CENTR":"96075","COMUNE_CENTR":"VEGLIO","PROVINCIA_CENTR":"BI","INDIRIZZO_CENTRALE":"FRAZ. DAZZA 20","LATITUDINE_SEZIONE":"45.63653","LONGITUDINE_SEZIONE":"8.12559","POS_X_SEZIONE":"431850.18711","POS_Y_SEZIONE":"5054036.90250","LATITUDINE_CENTRALE":"45.64116","LONGITUDINE_CENTRALE":"8.11347","POS_X_CENTRALE":"430911.35846","POS_Y_CENTRALE":"5054561.66848","TIPO_ADSL":"ADSL_M","DESCRIZIONE_TIPO_ADSL":"ADSL Mini","DISTANZA_CALCOLATA":"1075.54","CLASSE_DISTANZA":"900-1299","POTENZA_SEGNALE":"0.64","POPOLAZIONE_SEZIONE": "33"}
			},
		 		{ "type" : "Feature",
				"geometry" : {
					"type" : "Point",
					"coordinates" : [8.10757,45.64274]},
			"properties" : { "ANNO":"2010","ID_SEZIONE":"7825","ISTAT_COMUNE_SEZ":"96075","COMUNE_SEZ":"VEGLIO","PROVINCIA":"BI","ID_CENTRALE":"1584","NOME_CENTRALE":"VEGLIO","ISTAT_COMUNE_CENTR":"96075","COMUNE_CENTR":"VEGLIO","PROVINCIA_CENTR":"BI","INDIRIZZO_CENTRALE":"FRAZ. DAZZA 20","LATITUDINE_SEZIONE":"45.64274","LONGITUDINE_SEZIONE":"8.10757","POS_X_SEZIONE":"430453.89962","POS_Y_SEZIONE":"5054742.37553","LATITUDINE_CENTRALE":"45.64116","LONGITUDINE_CENTRALE":"8.11347","POS_X_CENTRALE":"430911.35846","POS_Y_CENTRALE":"5054561.66848","TIPO_ADSL":"ADSL_M","DESCRIZIONE_TIPO_ADSL":"ADSL Mini","DISTANZA_CALCOLATA":"491.86","CLASSE_DISTANZA":"100-499","POTENZA_SEGNALE":"0.64","POPOLAZIONE_SEZIONE": "6"}
			},
		 		{ "type" : "Feature",
				"geometry" : {
					"type" : "Point",
					"coordinates" : [8.11513,45.64168]},
			"properties" : { "ANNO":"2010","ID_SEZIONE":"9331","ISTAT_COMUNE_SEZ":"96075","COMUNE_SEZ":"VEGLIO","PROVINCIA":"BI","ID_CENTRALE":"1584","NOME_CENTRALE":"VEGLIO","ISTAT_COMUNE_CENTR":"96075","COMUNE_CENTR":"VEGLIO","PROVINCIA_CENTR":"BI","INDIRIZZO_CENTRALE":"FRAZ. DAZZA 20","LATITUDINE_SEZIONE":"45.64168","LONGITUDINE_SEZIONE":"8.11513","POS_X_SEZIONE":"431041.45239","POS_Y_SEZIONE":"5054617.38558","LATITUDINE_CENTRALE":"45.64116","LONGITUDINE_CENTRALE":"8.11347","POS_X_CENTRALE":"430911.35846","POS_Y_CENTRALE":"5054561.66848","TIPO_ADSL":"ADSL_M","DESCRIZIONE_TIPO_ADSL":"ADSL Mini","DISTANZA_CALCOLATA":"141.52","CLASSE_DISTANZA":"100-499","POTENZA_SEGNALE":"0.64","POPOLAZIONE_SEZIONE": "23"}
			},
		 		{ "type" : "Feature",
				"geometry" : {
					"type" : "Point",
					"coordinates" : [8.10819,45.64157]},
			"properties" : { "ANNO":"2010","ID_SEZIONE":"10370","ISTAT_COMUNE_SEZ":"96075","COMUNE_SEZ":"VEGLIO","PROVINCIA":"BI","ID_CENTRALE":"1584","NOME_CENTRALE":"VEGLIO","ISTAT_COMUNE_CENTR":"96075","COMUNE_CENTR":"VEGLIO","PROVINCIA_CENTR":"BI","INDIRIZZO_CENTRALE":"FRAZ. DAZZA 20","LATITUDINE_SEZIONE":"45.64157","LONGITUDINE_SEZIONE":"8.10819","POS_X_SEZIONE":"430500.83620","POS_Y_SEZIONE":"5054610.87754","LATITUDINE_CENTRALE":"45.64116","LONGITUDINE_CENTRALE":"8.11347","POS_X_CENTRALE":"430911.35846","POS_Y_CENTRALE":"5054561.66848","TIPO_ADSL":"ADSL_M","DESCRIZIONE_TIPO_ADSL":"ADSL Mini","DISTANZA_CALCOLATA":"413.46","CLASSE_DISTANZA":"100-499","POTENZA_SEGNALE":"0.64","POPOLAZIONE_SEZIONE": "25"}
			},
		 		{ "type" : "Feature",
				"geometry" : {
					"type" : "Point",
					"coordinates" : [8.08920,45.64409]},
			"properties" : { "ANNO":"2010","ID_SEZIONE":"11387","ISTAT_COMUNE_SEZ":"96009","COMUNE_SEZ":"CAMANDONA","PROVINCIA":"BI","ID_CENTRALE":"1584","NOME_CENTRALE":"VEGLIO","ISTAT_COMUNE_CENTR":"96075","COMUNE_CENTR":"VEGLIO","PROVINCIA_CENTR":"BI","INDIRIZZO_CENTRALE":"FRAZ. DAZZA 20","LATITUDINE_SEZIONE":"45.64409","LONGITUDINE_SEZIONE":"8.08920","POS_X_SEZIONE":"429023.79812","POS_Y_SEZIONE":"5054907.85342","LATITUDINE_CENTRALE":"45.64116","LONGITUDINE_CENTRALE":"8.11347","POS_X_CENTRALE":"430911.35846","POS_Y_CENTRALE":"5054561.66848","TIPO_ADSL":"ADSL_M","DESCRIZIONE_TIPO_ADSL":"ADSL Mini","DISTANZA_CALCOLATA":"1919.04","CLASSE_DISTANZA":"1700-2099","POTENZA_SEGNALE":"0.64","POPOLAZIONE_SEZIONE": "71"}
			},
		 		{ "type" : "Feature",
				"geometry" : {
					"type" : "Point",
					"coordinates" : [8.09450,45.64306]},
			"properties" : { "ANNO":"2010","ID_SEZIONE":"11952","ISTAT_COMUNE_SEZ":"96009","COMUNE_SEZ":"CAMANDONA","PROVINCIA":"BI","ID_CENTRALE":"1584","NOME_CENTRALE":"VEGLIO","ISTAT_COMUNE_CENTR":"96075","COMUNE_CENTR":"VEGLIO","PROVINCIA_CENTR":"BI","INDIRIZZO_CENTRALE":"FRAZ. DAZZA 20","LATITUDINE_SEZIONE":"45.64306","LONGITUDINE_SEZIONE":"8.09450","POS_X_SEZIONE":"429435.19831","POS_Y_SEZIONE":"5054788.36030","LATITUDINE_CENTRALE":"45.64116","LONGITUDINE_CENTRALE":"8.11347","POS_X_CENTRALE":"430911.35846","POS_Y_CENTRALE":"5054561.66848","TIPO_ADSL":"ADSL_M","DESCRIZIONE_TIPO_ADSL":"ADSL Mini","DISTANZA_CALCOLATA":"1493.47","CLASSE_DISTANZA":"1300-1699","POTENZA_SEGNALE":"0.64","POPOLAZIONE_SEZIONE": "45"}
			},
		 		{ "type" : "Feature",
				"geometry" : {
					"type" : "Point",
					"coordinates" : [8.06877,45.70270]},
			"properties" : { "ANNO":"2010","ID_SEZIONE":"14494","ISTAT_COMUNE_SEZ":"96009","COMUNE_SEZ":"CAMANDONA","PROVINCIA":"BI","ID_CENTRALE":"1584","NOME_CENTRALE":"VEGLIO","ISTAT_COMUNE_CENTR":"96075","COMUNE_CENTR":"VEGLIO","PROVINCIA_CENTR":"BI","INDIRIZZO_CENTRALE":"FRAZ. DAZZA 20","LATITUDINE_SEZIONE":"45.70270","LONGITUDINE_SEZIONE":"8.06877","POS_X_SEZIONE":"427507.17015","POS_Y_SEZIONE":"5061437.76472","LATITUDINE_CENTRALE":"45.64116","LONGITUDINE_CENTRALE":"8.11347","POS_X_CENTRALE":"430911.35846","POS_Y_CENTRALE":"5054561.66848","TIPO_ADSL":"ADSL_M","DESCRIZIONE_TIPO_ADSL":"ADSL Mini","DISTANZA_CALCOLATA":"7672.63","CLASSE_DISTANZA":"6100 e oltre","POTENZA_SEGNALE":"0.00","POPOLAZIONE_SEZIONE": ""}
			},
		 		{ "type" : "Feature",
				"geometry" : {
					"type" : "Point",
					"coordinates" : [8.10697,45.62857]},
			"properties" : { "ANNO":"2010","ID_SEZIONE":"16229","ISTAT_COMUNE_SEZ":"96009","COMUNE_SEZ":"CAMANDONA","PROVINCIA":"BI","ID_CENTRALE":"1584","NOME_CENTRALE":"VEGLIO","ISTAT_COMUNE_CENTR":"96075","COMUNE_CENTR":"VEGLIO","PROVINCIA_CENTR":"BI","INDIRIZZO_CENTRALE":"FRAZ. DAZZA 20","LATITUDINE_SEZIONE":"45.62857","LONGITUDINE_SEZIONE":"8.10697","POS_X_SEZIONE":"430389.76804","POS_Y_SEZIONE":"5053168.38717","LATITUDINE_CENTRALE":"45.64116","LONGITUDINE_CENTRALE":"8.11347","POS_X_CENTRALE":"430911.35846","POS_Y_CENTRALE":"5054561.66848","TIPO_ADSL":"ADSL_M","DESCRIZIONE_TIPO_ADSL":"ADSL Mini","DISTANZA_CALCOLATA":"1487.71","CLASSE_DISTANZA":"1300-1699","POTENZA_SEGNALE":"0.64","POPOLAZIONE_SEZIONE": "33"}
			},
		 		{ "type" : "Feature",
				"geometry" : {
					"type" : "Point",
					"coordinates" : [8.11334,45.63728]},
			"properties" : { "ANNO":"2010","ID_SEZIONE":"17165","ISTAT_COMUNE_SEZ":"96075","COMUNE_SEZ":"VEGLIO","PROVINCIA":"BI","ID_CENTRALE":"1584","NOME_CENTRALE":"VEGLIO","ISTAT_COMUNE_CENTR":"96075","COMUNE_CENTR":"VEGLIO","PROVINCIA_CENTR":"BI","INDIRIZZO_CENTRALE":"FRAZ. DAZZA 20","LATITUDINE_SEZIONE":"45.63728","LONGITUDINE_SEZIONE":"8.11334","POS_X_SEZIONE":"430896.85847","POS_Y_SEZIONE":"5054129.88733","LATITUDINE_CENTRALE":"45.64116","LONGITUDINE_CENTRALE":"8.11347","POS_X_CENTRALE":"430911.35846","POS_Y_CENTRALE":"5054561.66848","TIPO_ADSL":"ADSL_M","DESCRIZIONE_TIPO_ADSL":"ADSL Mini","DISTANZA_CALCOLATA":"432.02","CLASSE_DISTANZA":"100-499","POTENZA_SEGNALE":"0.64","POPOLAZIONE_SEZIONE": "33"}
			},
		 		{ "type" : "Feature",
				"geometry" : {
					"type" : "Point",
					"coordinates" : [8.10655,45.64350]},
			"properties" : { "ANNO":"2010","ID_SEZIONE":"19214","ISTAT_COMUNE_SEZ":"96075","COMUNE_SEZ":"VEGLIO","PROVINCIA":"BI","ID_CENTRALE":"1584","NOME_CENTRALE":"VEGLIO","ISTAT_COMUNE_CENTR":"96075","COMUNE_CENTR":"VEGLIO","PROVINCIA_CENTR":"BI","INDIRIZZO_CENTRALE":"FRAZ. DAZZA 20","LATITUDINE_SEZIONE":"45.64350","LONGITUDINE_SEZIONE":"8.10655","POS_X_SEZIONE":"430375.37009","POS_Y_SEZIONE":"5054827.37367","LATITUDINE_CENTRALE":"45.64116","LONGITUDINE_CENTRALE":"8.11347","POS_X_CENTRALE":"430911.35846","POS_Y_CENTRALE":"5054561.66848","TIPO_ADSL":"ADSL_M","DESCRIZIONE_TIPO_ADSL":"ADSL Mini","DISTANZA_CALCOLATA":"598.23","CLASSE_DISTANZA":"500-899","POTENZA_SEGNALE":"0.64","POPOLAZIONE_SEZIONE": "10"}
			},
		 		{ "type" : "Feature",
				"geometry" : {
					"type" : "Point",
					"coordinates" : [8.11080,45.64113]},
			"properties" : { "ANNO":"2010","ID_SEZIONE":"20298","ISTAT_COMUNE_SEZ":"96075","COMUNE_SEZ":"VEGLIO","PROVINCIA":"BI","ID_CENTRALE":"1584","NOME_CENTRALE":"VEGLIO","ISTAT_COMUNE_CENTR":"96075","COMUNE_CENTR":"VEGLIO","PROVINCIA_CENTR":"BI","INDIRIZZO_CENTRALE":"FRAZ. DAZZA 20","LATITUDINE_SEZIONE":"45.64113","LONGITUDINE_SEZIONE":"8.11080","POS_X_SEZIONE":"430703.20778","POS_Y_SEZIONE":"5054560.38103","LATITUDINE_CENTRALE":"45.64116","LONGITUDINE_CENTRALE":"8.11347","POS_X_CENTRALE":"430911.35846","POS_Y_CENTRALE":"5054561.66848","TIPO_ADSL":"ADSL_M","DESCRIZIONE_TIPO_ADSL":"ADSL Mini","DISTANZA_CALCOLATA":"208.15","CLASSE_DISTANZA":"100-499","POTENZA_SEGNALE":"0.64","POPOLAZIONE_SEZIONE": "35"}
			},
		 		{ "type" : "Feature",
				"geometry" : {
					"type" : "Point",
					"coordinates" : [8.10549,45.64220]},
			"properties" : { "ANNO":"2010","ID_SEZIONE":"20627","ISTAT_COMUNE_SEZ":"96075","COMUNE_SEZ":"VEGLIO","PROVINCIA":"BI","ID_CENTRALE":"1584","NOME_CENTRALE":"VEGLIO","ISTAT_COMUNE_CENTR":"96075","COMUNE_CENTR":"VEGLIO","PROVINCIA_CENTR":"BI","INDIRIZZO_CENTRALE":"FRAZ. DAZZA 20","LATITUDINE_SEZIONE":"45.64220","LONGITUDINE_SEZIONE":"8.10549","POS_X_SEZIONE":"430291.15172","POS_Y_SEZIONE":"5054683.87390","LATITUDINE_CENTRALE":"45.64116","LONGITUDINE_CENTRALE":"8.11347","POS_X_CENTRALE":"430911.35846","POS_Y_CENTRALE":"5054561.66848","TIPO_ADSL":"ADSL_M","DESCRIZIONE_TIPO_ADSL":"ADSL Mini","DISTANZA_CALCOLATA":"632.13","CLASSE_DISTANZA":"500-899","POTENZA_SEGNALE":"0.64","POPOLAZIONE_SEZIONE": "39"}
			},
		 		{ "type" : "Feature",
				"geometry" : {
					"type" : "Point",
					"coordinates" : [8.10412,45.64323]},
			"properties" : { "ANNO":"2010","ID_SEZIONE":"21662","ISTAT_COMUNE_SEZ":"96075","COMUNE_SEZ":"VEGLIO","PROVINCIA":"BI","ID_CENTRALE":"1584","NOME_CENTRALE":"VEGLIO","ISTAT_COMUNE_CENTR":"96075","COMUNE_CENTR":"VEGLIO","PROVINCIA_CENTR":"BI","INDIRIZZO_CENTRALE":"FRAZ. DAZZA 20","LATITUDINE_SEZIONE":"45.64323","LONGITUDINE_SEZIONE":"8.10412","POS_X_SEZIONE":"430185.21738","POS_Y_SEZIONE":"5054798.87114","LATITUDINE_CENTRALE":"45.64116","LONGITUDINE_CENTRALE":"8.11347","POS_X_CENTRALE":"430911.35846","POS_Y_CENTRALE":"5054561.66848","TIPO_ADSL":"ADSL_M","DESCRIZIONE_TIPO_ADSL":"ADSL Mini","DISTANZA_CALCOLATA":"763.90","CLASSE_DISTANZA":"500-899","POTENZA_SEGNALE":"0.64","POPOLAZIONE_SEZIONE": "1"}
			},
		 		{ "type" : "Feature",
				"geometry" : {
					"type" : "Point",
					"coordinates" : [8.09628,45.64488]},
			"properties" : { "ANNO":"2010","ID_SEZIONE":"21874","ISTAT_COMUNE_SEZ":"96009","COMUNE_SEZ":"CAMANDONA","PROVINCIA":"BI","ID_CENTRALE":"1584","NOME_CENTRALE":"VEGLIO","ISTAT_COMUNE_CENTR":"96075","COMUNE_CENTR":"VEGLIO","PROVINCIA_CENTR":"BI","INDIRIZZO_CENTRALE":"FRAZ. DAZZA 20","LATITUDINE_SEZIONE":"45.64488","LONGITUDINE_SEZIONE":"8.09628","POS_X_SEZIONE":"429576.85284","POS_Y_SEZIONE":"5054989.86097","LATITUDINE_CENTRALE":"45.64116","LONGITUDINE_CENTRALE":"8.11347","POS_X_CENTRALE":"430911.35846","POS_Y_CENTRALE":"5054561.66848","TIPO_ADSL":"ADSL_M","DESCRIZIONE_TIPO_ADSL":"ADSL Mini","DISTANZA_CALCOLATA":"1401.52","CLASSE_DISTANZA":"1300-1699","POTENZA_SEGNALE":"0.64","POPOLAZIONE_SEZIONE": "9"}
			},
		 		{ "type" : "Feature",
				"geometry" : {
					"type" : "Point",
					"coordinates" : [8.11602,45.64123]},
			"properties" : { "ANNO":"2010","ID_SEZIONE":"23926","ISTAT_COMUNE_SEZ":"96075","COMUNE_SEZ":"VEGLIO","PROVINCIA":"BI","ID_CENTRALE":"1584","NOME_CENTRALE":"VEGLIO","ISTAT_COMUNE_CENTR":"96075","COMUNE_CENTR":"VEGLIO","PROVINCIA_CENTR":"BI","INDIRIZZO_CENTRALE":"FRAZ. DAZZA 20","LATITUDINE_SEZIONE":"45.64123","LONGITUDINE_SEZIONE":"8.11602","POS_X_SEZIONE":"431110.35735","POS_Y_SEZIONE":"5054567.38673","LATITUDINE_CENTRALE":"45.64116","LONGITUDINE_CENTRALE":"8.11347","POS_X_CENTRALE":"430911.35846","POS_Y_CENTRALE":"5054561.66848","TIPO_ADSL":"ADSL_M","DESCRIZIONE_TIPO_ADSL":"ADSL Mini","DISTANZA_CALCOLATA":"199.08","CLASSE_DISTANZA":"100-499","POTENZA_SEGNALE":"0.64","POPOLAZIONE_SEZIONE": "96"}
			},
		 		{ "type" : "Feature",
				"geometry" : {
					"type" : "Point",
					"coordinates" : [8.10546,45.65014]},
			"properties" : { "ANNO":"2010","ID_SEZIONE":"28364","ISTAT_COMUNE_SEZ":"96075","COMUNE_SEZ":"VEGLIO","PROVINCIA":"BI","ID_CENTRALE":"1584","NOME_CENTRALE":"VEGLIO","ISTAT_COMUNE_CENTR":"96075","COMUNE_CENTR":"VEGLIO","PROVINCIA_CENTR":"BI","INDIRIZZO_CENTRALE":"FRAZ. DAZZA 20","LATITUDINE_SEZIONE":"45.65014","LONGITUDINE_SEZIONE":"8.10546","POS_X_SEZIONE":"430298.53117","POS_Y_SEZIONE":"5055565.36689","LATITUDINE_CENTRALE":"45.64116","LONGITUDINE_CENTRALE":"8.11347","POS_X_CENTRALE":"430911.35846","POS_Y_CENTRALE":"5054561.66848","TIPO_ADSL":"ADSL_M","DESCRIZIONE_TIPO_ADSL":"ADSL Mini","DISTANZA_CALCOLATA":"1176","CLASSE_DISTANZA":"900-1299","POTENZA_SEGNALE":"0.64","POPOLAZIONE_SEZIONE": ""}
			},
		 		{ "type" : "Feature",
				"geometry" : {
					"type" : "Point",
					"coordinates" : [8.09969,45.64427]},
			"properties" : { "ANNO":"2010","ID_SEZIONE":"28491","ISTAT_COMUNE_SEZ":"96009","COMUNE_SEZ":"CAMANDONA","PROVINCIA":"BI","ID_CENTRALE":"1584","NOME_CENTRALE":"VEGLIO","ISTAT_COMUNE_CENTR":"96075","COMUNE_CENTR":"VEGLIO","PROVINCIA_CENTR":"BI","INDIRIZZO_CENTRALE":"FRAZ. DAZZA 20","LATITUDINE_SEZIONE":"45.64427","LONGITUDINE_SEZIONE":"8.09969","POS_X_SEZIONE":"429841.78519","POS_Y_SEZIONE":"5054918.86500","LATITUDINE_CENTRALE":"45.64116","LONGITUDINE_CENTRALE":"8.11347","POS_X_CENTRALE":"430911.35846","POS_Y_CENTRALE":"5054561.66848","TIPO_ADSL":"ADSL_M","DESCRIZIONE_TIPO_ADSL":"ADSL Mini","DISTANZA_CALCOLATA":"1127.64","CLASSE_DISTANZA":"900-1299","POTENZA_SEGNALE":"0.64","POPOLAZIONE_SEZIONE": "96"}
			},
		 		{ "type" : "Feature",
				"geometry" : {
					"type" : "Point",
					"coordinates" : [8.10207,45.65248]},
			"properties" : { "ANNO":"2010","ID_SEZIONE":"29367","ISTAT_COMUNE_SEZ":"96075","COMUNE_SEZ":"VEGLIO","PROVINCIA":"BI","ID_CENTRALE":"1584","NOME_CENTRALE":"VEGLIO","ISTAT_COMUNE_CENTR":"96075","COMUNE_CENTR":"VEGLIO","PROVINCIA_CENTR":"BI","INDIRIZZO_CENTRALE":"FRAZ. DAZZA 20","LATITUDINE_SEZIONE":"45.65248","LONGITUDINE_SEZIONE":"8.10207","POS_X_SEZIONE":"430037.38045","POS_Y_SEZIONE":"5055829.36074","LATITUDINE_CENTRALE":"45.64116","LONGITUDINE_CENTRALE":"8.11347","POS_X_CENTRALE":"430911.35846","POS_Y_CENTRALE":"5054561.66848","TIPO_ADSL":"ADSL_M","DESCRIZIONE_TIPO_ADSL":"ADSL Mini","DISTANZA_CALCOLATA":"1539.77","CLASSE_DISTANZA":"1300-1699","POTENZA_SEGNALE":"0.64","POPOLAZIONE_SEZIONE": "4"}
			},
		 		{ "type" : "Feature",
				"geometry" : {
					"type" : "Point",
					"coordinates" : [8.11494,45.63917]},
			"properties" : { "ANNO":"2010","ID_SEZIONE":"29982","ISTAT_COMUNE_SEZ":"96075","COMUNE_SEZ":"VEGLIO","PROVINCIA":"BI","ID_CENTRALE":"1584","NOME_CENTRALE":"VEGLIO","ISTAT_COMUNE_CENTR":"96075","COMUNE_CENTR":"VEGLIO","PROVINCIA_CENTR":"BI","INDIRIZZO_CENTRALE":"FRAZ. DAZZA 20","LATITUDINE_SEZIONE":"45.63917","LONGITUDINE_SEZIONE":"8.11494","POS_X_SEZIONE":"431023.82679","POS_Y_SEZIONE":"5054338.38756","LATITUDINE_CENTRALE":"45.64116","LONGITUDINE_CENTRALE":"8.11347","POS_X_CENTRALE":"430911.35846","POS_Y_CENTRALE":"5054561.66848","TIPO_ADSL":"ADSL_M","DESCRIZIONE_TIPO_ADSL":"ADSL Mini","DISTANZA_CALCOLATA":"250.01","CLASSE_DISTANZA":"100-499","POTENZA_SEGNALE":"0.64","POPOLAZIONE_SEZIONE": "95"}
			},
		 		{ "type" : "Feature",
				"geometry" : {
					"type" : "Point",
					"coordinates" : [8.09867,45.65518]},
			"properties" : { "ANNO":"2010","ID_SEZIONE":"31019","ISTAT_COMUNE_SEZ":"96075","COMUNE_SEZ":"VEGLIO","PROVINCIA":"BI","ID_CENTRALE":"1584","NOME_CENTRALE":"VEGLIO","ISTAT_COMUNE_CENTR":"96075","COMUNE_CENTR":"VEGLIO","PROVINCIA_CENTR":"BI","INDIRIZZO_CENTRALE":"FRAZ. DAZZA 20","LATITUDINE_SEZIONE":"45.65518","LONGITUDINE_SEZIONE":"8.09867","POS_X_SEZIONE":"429775.94916","POS_Y_SEZIONE":"5056131.85495","LATITUDINE_CENTRALE":"45.64116","LONGITUDINE_CENTRALE":"8.11347","POS_X_CENTRALE":"430911.35846","POS_Y_CENTRALE":"5054561.66848","TIPO_ADSL":"ADSL_M","DESCRIZIONE_TIPO_ADSL":"ADSL Mini","DISTANZA_CALCOLATA":"1937.69","CLASSE_DISTANZA":"1700-2099","POTENZA_SEGNALE":"0.64","POPOLAZIONE_SEZIONE": ""}
			},
		 		{ "type" : "Feature",
				"geometry" : {
					"type" : "Point",
					"coordinates" : [8.09058,45.66242]},
			"properties" : { "ANNO":"2010","ID_SEZIONE":"31411","ISTAT_COMUNE_SEZ":"96075","COMUNE_SEZ":"VEGLIO","PROVINCIA":"BI","ID_CENTRALE":"1584","NOME_CENTRALE":"VEGLIO","ISTAT_COMUNE_CENTR":"96075","COMUNE_CENTR":"VEGLIO","PROVINCIA_CENTR":"BI","INDIRIZZO_CENTRALE":"FRAZ. DAZZA 20","LATITUDINE_SEZIONE":"45.66242","LONGITUDINE_SEZIONE":"8.09058","POS_X_SEZIONE":"429154.43133","POS_Y_SEZIONE":"5056942.84043","LATITUDINE_CENTRALE":"45.64116","LONGITUDINE_CENTRALE":"8.11347","POS_X_CENTRALE":"430911.35846","POS_Y_CENTRALE":"5054561.66848","TIPO_ADSL":"ADSL_M","DESCRIZIONE_TIPO_ADSL":"ADSL Mini","DISTANZA_CALCOLATA":"2959.18","CLASSE_DISTANZA":"2900-3299","POTENZA_SEGNALE":"0.64","POPOLAZIONE_SEZIONE": "9"}
			}
		 		]
	}
		