 	{ "type" : "FeatureCollection",
		"features" : [
		 		{ "type" : "Feature",
				"geometry" : {
					"type" : "Point",
					"coordinates" : [7.99979,45.59814]},
			"properties" : { "ANNO":"2010","ID_SEZIONE":"1053","ISTAT_COMUNE_SEZ":"96046","COMUNE_SEZ":"POLLONE","PROVINCIA":"BI","ID_CENTRALE":"1012","NOME_CENTRALE":"POLLONE 2","ISTAT_COMUNE_CENTR":"96046","COMUNE_CENTR":"POLLONE","PROVINCIA_CENTR":"BI","INDIRIZZO_CENTRALE":"REGIONE MIGLIARIO","LATITUDINE_SEZIONE":"45.59814","LONGITUDINE_SEZIONE":"7.99979","POS_X_SEZIONE":"421992.56048","POS_Y_SEZIONE":"5049886.28592","LATITUDINE_CENTRALE":"45.58332","LONGITUDINE_CENTRALE":"8.00095","POS_X_CENTRALE":"422062.41606","POS_Y_CENTRALE":"5048238.90212","TIPO_ADSL":"ADSL_1","DESCRIZIONE_TIPO_ADSL":"ADSL (8 mega)","DISTANZA_CALCOLATA":"1648.86","CLASSE_DISTANZA":"1300-1699","POTENZA_SEGNALE":"7000","POPOLAZIONE_SEZIONE": "9"}
			},
		 		{ "type" : "Feature",
				"geometry" : {
					"type" : "Point",
					"coordinates" : [8.00482,45.58123]},
			"properties" : { "ANNO":"2010","ID_SEZIONE":"3387","ISTAT_COMUNE_SEZ":"96046","COMUNE_SEZ":"POLLONE","PROVINCIA":"BI","ID_CENTRALE":"1012","NOME_CENTRALE":"POLLONE 2","ISTAT_COMUNE_CENTR":"96046","COMUNE_CENTR":"POLLONE","PROVINCIA_CENTR":"BI","INDIRIZZO_CENTRALE":"REGIONE MIGLIARIO","LATITUDINE_SEZIONE":"45.58123","LONGITUDINE_SEZIONE":"8.00482","POS_X_SEZIONE":"422361.45289","POS_Y_SEZIONE":"5048002.79818","LATITUDINE_CENTRALE":"45.58332","LONGITUDINE_CENTRALE":"8.00095","POS_X_CENTRALE":"422062.41606","POS_Y_CENTRALE":"5048238.90212","TIPO_ADSL":"ADSL_1","DESCRIZIONE_TIPO_ADSL":"ADSL (8 mega)","DISTANZA_CALCOLATA":"381.01","CLASSE_DISTANZA":"100-499","POTENZA_SEGNALE":"7000","POPOLAZIONE_SEZIONE": "129"}
			},
		 		{ "type" : "Feature",
				"geometry" : {
					"type" : "Point",
					"coordinates" : [7.99331,45.59039]},
			"properties" : { "ANNO":"2010","ID_SEZIONE":"7682","ISTAT_COMUNE_SEZ":"96046","COMUNE_SEZ":"POLLONE","PROVINCIA":"BI","ID_CENTRALE":"1012","NOME_CENTRALE":"POLLONE 2","ISTAT_COMUNE_CENTR":"96046","COMUNE_CENTR":"POLLONE","PROVINCIA_CENTR":"BI","INDIRIZZO_CENTRALE":"REGIONE MIGLIARIO","LATITUDINE_SEZIONE":"45.59039","LONGITUDINE_SEZIONE":"7.99331","POS_X_SEZIONE":"421476.85104","POS_Y_SEZIONE":"5049031.28279","LATITUDINE_CENTRALE":"45.58332","LONGITUDINE_CENTRALE":"8.00095","POS_X_CENTRALE":"422062.41606","POS_Y_CENTRALE":"5048238.90212","TIPO_ADSL":"ADSL_1","DESCRIZIONE_TIPO_ADSL":"ADSL (8 mega)","DISTANZA_CALCOLATA":"985.27","CLASSE_DISTANZA":"900-1299","POTENZA_SEGNALE":"7000","POPOLAZIONE_SEZIONE": "32"}
			},
		 		{ "type" : "Feature",
				"geometry" : {
					"type" : "Point",
					"coordinates" : [7.91094,45.61461]},
			"properties" : { "ANNO":"2010","ID_SEZIONE":"11071","ISTAT_COMUNE_SEZ":"96046","COMUNE_SEZ":"POLLONE","PROVINCIA":"BI","ID_CENTRALE":"1012","NOME_CENTRALE":"POLLONE 2","ISTAT_COMUNE_CENTR":"96046","COMUNE_CENTR":"POLLONE","PROVINCIA_CENTR":"BI","INDIRIZZO_CENTRALE":"REGIONE MIGLIARIO","LATITUDINE_SEZIONE":"45.61461","LONGITUDINE_SEZIONE":"7.91094","POS_X_SEZIONE":"415088.44220","POS_Y_SEZIONE":"5051806.66788","LATITUDINE_CENTRALE":"45.58332","LONGITUDINE_CENTRALE":"8.00095","POS_X_CENTRALE":"422062.41606","POS_Y_CENTRALE":"5048238.90212","TIPO_ADSL":"ADSL_1","DESCRIZIONE_TIPO_ADSL":"ADSL (8 mega)","DISTANZA_CALCOLATA":"7833.6","CLASSE_DISTANZA":"6100 e oltre","POTENZA_SEGNALE":"0.00","POPOLAZIONE_SEZIONE": ""}
			},
		 		{ "type" : "Feature",
				"geometry" : {
					"type" : "Point",
					"coordinates" : [8.00601,45.58433]},
			"properties" : { "ANNO":"2010","ID_SEZIONE":"11391","ISTAT_COMUNE_SEZ":"96046","COMUNE_SEZ":"POLLONE","PROVINCIA":"BI","ID_CENTRALE":"1012","NOME_CENTRALE":"POLLONE 2","ISTAT_COMUNE_CENTR":"96046","COMUNE_CENTR":"POLLONE","PROVINCIA_CENTR":"BI","INDIRIZZO_CENTRALE":"REGIONE MIGLIARIO","LATITUDINE_SEZIONE":"45.58433","LONGITUDINE_SEZIONE":"8.00601","POS_X_SEZIONE":"422458.89315","POS_Y_SEZIONE":"5048346.30051","LATITUDINE_CENTRALE":"45.58332","LONGITUDINE_CENTRALE":"8.00095","POS_X_CENTRALE":"422062.41606","POS_Y_CENTRALE":"5048238.90212","TIPO_ADSL":"ADSL_1","DESCRIZIONE_TIPO_ADSL":"ADSL (8 mega)","DISTANZA_CALCOLATA":"410.77","CLASSE_DISTANZA":"100-499","POTENZA_SEGNALE":"7000","POPOLAZIONE_SEZIONE": "415"}
			},
		 		{ "type" : "Feature",
				"geometry" : {
					"type" : "Point",
					"coordinates" : [8.01353,45.57471]},
			"properties" : { "ANNO":"2010","ID_SEZIONE":"15629","ISTAT_COMUNE_SEZ":"96046","COMUNE_SEZ":"POLLONE","PROVINCIA":"BI","ID_CENTRALE":"1012","NOME_CENTRALE":"POLLONE 2","ISTAT_COMUNE_CENTR":"96046","COMUNE_CENTR":"POLLONE","PROVINCIA_CENTR":"BI","INDIRIZZO_CENTRALE":"REGIONE MIGLIARIO","LATITUDINE_SEZIONE":"45.57471","LONGITUDINE_SEZIONE":"8.01353","POS_X_SEZIONE":"423032.45808","POS_Y_SEZIONE":"5047270.30538","LATITUDINE_CENTRALE":"45.58332","LONGITUDINE_CENTRALE":"8.00095","POS_X_CENTRALE":"422062.41606","POS_Y_CENTRALE":"5048238.90212","TIPO_ADSL":"ADSL_1","DESCRIZIONE_TIPO_ADSL":"ADSL (8 mega)","DISTANZA_CALCOLATA":"1370.82","CLASSE_DISTANZA":"1300-1699","POTENZA_SEGNALE":"7000","POPOLAZIONE_SEZIONE": ""}
			},
		 		{ "type" : "Feature",
				"geometry" : {
					"type" : "Point",
					"coordinates" : [8.00778,45.57513]},
			"properties" : { "ANNO":"2010","ID_SEZIONE":"18150","ISTAT_COMUNE_SEZ":"96046","COMUNE_SEZ":"POLLONE","PROVINCIA":"BI","ID_CENTRALE":"1012","NOME_CENTRALE":"POLLONE 2","ISTAT_COMUNE_CENTR":"96046","COMUNE_CENTR":"POLLONE","PROVINCIA_CENTR":"BI","INDIRIZZO_CENTRALE":"REGIONE MIGLIARIO","LATITUDINE_SEZIONE":"45.57513","LONGITUDINE_SEZIONE":"8.00778","POS_X_SEZIONE":"422584.34288","POS_Y_SEZIONE":"5047321.79875","LATITUDINE_CENTRALE":"45.58332","LONGITUDINE_CENTRALE":"8.00095","POS_X_CENTRALE":"422062.41606","POS_Y_CENTRALE":"5048238.90212","TIPO_ADSL":"ADSL_1","DESCRIZIONE_TIPO_ADSL":"ADSL (8 mega)","DISTANZA_CALCOLATA":"1055.22","CLASSE_DISTANZA":"900-1299","POTENZA_SEGNALE":"7000","POPOLAZIONE_SEZIONE": "475"}
			},
		 		{ "type" : "Feature",
				"geometry" : {
					"type" : "Point",
					"coordinates" : [7.97442,45.60093]},
			"properties" : { "ANNO":"2010","ID_SEZIONE":"21048","ISTAT_COMUNE_SEZ":"96046","COMUNE_SEZ":"POLLONE","PROVINCIA":"BI","ID_CENTRALE":"1012","NOME_CENTRALE":"POLLONE 2","ISTAT_COMUNE_CENTR":"96046","COMUNE_CENTR":"POLLONE","PROVINCIA_CENTR":"BI","INDIRIZZO_CENTRALE":"REGIONE MIGLIARIO","LATITUDINE_SEZIONE":"45.60093","LONGITUDINE_SEZIONE":"7.97442","POS_X_SEZIONE":"420017.78518","POS_Y_SEZIONE":"5050221.25578","LATITUDINE_CENTRALE":"45.58332","LONGITUDINE_CENTRALE":"8.00095","POS_X_CENTRALE":"422062.41606","POS_Y_CENTRALE":"5048238.90212","TIPO_ADSL":"ADSL_1","DESCRIZIONE_TIPO_ADSL":"ADSL (8 mega)","DISTANZA_CALCOLATA":"2847.85","CLASSE_DISTANZA":"2500-2899","POTENZA_SEGNALE":"5749.63","POPOLAZIONE_SEZIONE": ""}
			},
		 		{ "type" : "Feature",
				"geometry" : {
					"type" : "Point",
					"coordinates" : [8.00123,45.58386]},
			"properties" : { "ANNO":"2010","ID_SEZIONE":"21663","ISTAT_COMUNE_SEZ":"96046","COMUNE_SEZ":"POLLONE","PROVINCIA":"BI","ID_CENTRALE":"1012","NOME_CENTRALE":"POLLONE 2","ISTAT_COMUNE_CENTR":"96046","COMUNE_CENTR":"POLLONE","PROVINCIA_CENTR":"BI","INDIRIZZO_CENTRALE":"REGIONE MIGLIARIO","LATITUDINE_SEZIONE":"45.58386","LONGITUDINE_SEZIONE":"8.00123","POS_X_SEZIONE":"422085.61955","POS_Y_SEZIONE":"5048298.29539","LATITUDINE_CENTRALE":"45.58332","LONGITUDINE_CENTRALE":"8.00095","POS_X_CENTRALE":"422062.41606","POS_Y_CENTRALE":"5048238.90212","TIPO_ADSL":"ADSL_1","DESCRIZIONE_TIPO_ADSL":"ADSL (8 mega)","DISTANZA_CALCOLATA":"63.76","CLASSE_DISTANZA":"0-99","POTENZA_SEGNALE":"7000","POPOLAZIONE_SEZIONE": "713"}
			},
		 		{ "type" : "Feature",
				"geometry" : {
					"type" : "Point",
					"coordinates" : [8.01488,45.57877]},
			"properties" : { "ANNO":"2010","ID_SEZIONE":"22696","ISTAT_COMUNE_SEZ":"96046","COMUNE_SEZ":"POLLONE","PROVINCIA":"BI","ID_CENTRALE":"1012","NOME_CENTRALE":"POLLONE 2","ISTAT_COMUNE_CENTR":"96046","COMUNE_CENTR":"POLLONE","PROVINCIA_CENTR":"BI","INDIRIZZO_CENTRALE":"REGIONE MIGLIARIO","LATITUDINE_SEZIONE":"45.57877","LONGITUDINE_SEZIONE":"8.01488","POS_X_SEZIONE":"423143.05725","POS_Y_SEZIONE":"5047719.30890","LATITUDINE_CENTRALE":"45.58332","LONGITUDINE_CENTRALE":"8.00095","POS_X_CENTRALE":"422062.41606","POS_Y_CENTRALE":"5048238.90212","TIPO_ADSL":"ADSL_1","DESCRIZIONE_TIPO_ADSL":"ADSL (8 mega)","DISTANZA_CALCOLATA":"1199.07","CLASSE_DISTANZA":"900-1299","POTENZA_SEGNALE":"7000","POPOLAZIONE_SEZIONE": "7"}
			},
		 		{ "type" : "Feature",
				"geometry" : {
					"type" : "Point",
					"coordinates" : [7.93201,45.62560]},
			"properties" : { "ANNO":"2010","ID_SEZIONE":"26940","ISTAT_COMUNE_SEZ":"96046","COMUNE_SEZ":"POLLONE","PROVINCIA":"BI","ID_CENTRALE":"1012","NOME_CENTRALE":"POLLONE 2","ISTAT_COMUNE_CENTR":"96046","COMUNE_CENTR":"POLLONE","PROVINCIA_CENTR":"BI","INDIRIZZO_CENTRALE":"REGIONE MIGLIARIO","LATITUDINE_SEZIONE":"45.62560","LONGITUDINE_SEZIONE":"7.93201","POS_X_SEZIONE":"416747.50089","POS_Y_SEZIONE":"5053004.69258","LATITUDINE_CENTRALE":"45.58332","LONGITUDINE_CENTRALE":"8.00095","POS_X_CENTRALE":"422062.41606","POS_Y_CENTRALE":"5048238.90212","TIPO_ADSL":"ADSL_1","DESCRIZIONE_TIPO_ADSL":"ADSL (8 mega)","DISTANZA_CALCOLATA":"7138.7","CLASSE_DISTANZA":"6100 e oltre","POTENZA_SEGNALE":"0.00","POPOLAZIONE_SEZIONE": ""}
			},
		 		{ "type" : "Feature",
				"geometry" : {
					"type" : "Point",
					"coordinates" : [7.98883,45.59807]},
			"properties" : { "ANNO":"2010","ID_SEZIONE":"30432","ISTAT_COMUNE_SEZ":"96046","COMUNE_SEZ":"POLLONE","PROVINCIA":"BI","ID_CENTRALE":"1012","NOME_CENTRALE":"POLLONE 2","ISTAT_COMUNE_CENTR":"96046","COMUNE_CENTR":"POLLONE","PROVINCIA_CENTR":"BI","INDIRIZZO_CENTRALE":"REGIONE MIGLIARIO","LATITUDINE_SEZIONE":"45.59807","LONGITUDINE_SEZIONE":"7.98883","POS_X_SEZIONE":"421137.95209","POS_Y_SEZIONE":"5049888.77322","LATITUDINE_CENTRALE":"45.58332","LONGITUDINE_CENTRALE":"8.00095","POS_X_CENTRALE":"422062.41606","POS_Y_CENTRALE":"5048238.90212","TIPO_ADSL":"ADSL_1","DESCRIZIONE_TIPO_ADSL":"ADSL (8 mega)","DISTANZA_CALCOLATA":"1891.22","CLASSE_DISTANZA":"1700-2099","POTENZA_SEGNALE":"6874.88","POPOLAZIONE_SEZIONE": "8"}
			},
		 		{ "type" : "Feature",
				"geometry" : {
					"type" : "Point",
					"coordinates" : [7.99826,45.57478]},
			"properties" : { "ANNO":"2010","ID_SEZIONE":"30578","ISTAT_COMUNE_SEZ":"96046","COMUNE_SEZ":"POLLONE","PROVINCIA":"BI","ID_CENTRALE":"1012","NOME_CENTRALE":"POLLONE 2","ISTAT_COMUNE_CENTR":"96046","COMUNE_CENTR":"POLLONE","PROVINCIA_CENTR":"BI","INDIRIZZO_CENTRALE":"REGIONE MIGLIARIO","LATITUDINE_SEZIONE":"45.57478","LONGITUDINE_SEZIONE":"7.99826","POS_X_SEZIONE":"421841.17027","POS_Y_SEZIONE":"5047292.78781","LATITUDINE_CENTRALE":"45.58332","LONGITUDINE_CENTRALE":"8.00095","POS_X_CENTRALE":"422062.41606","POS_Y_CENTRALE":"5048238.90212","TIPO_ADSL":"ADSL_1","DESCRIZIONE_TIPO_ADSL":"ADSL (8 mega)","DISTANZA_CALCOLATA":"971.64","CLASSE_DISTANZA":"900-1299","POTENZA_SEGNALE":"7000","POPOLAZIONE_SEZIONE": "68"}
			},
		 		{ "type" : "Feature",
				"geometry" : {
					"type" : "Point",
					"coordinates" : [7.98713,45.58789]},
			"properties" : { "ANNO":"2010","ID_SEZIONE":"30681","ISTAT_COMUNE_SEZ":"96046","COMUNE_SEZ":"POLLONE","PROVINCIA":"BI","ID_CENTRALE":"1012","NOME_CENTRALE":"POLLONE 2","ISTAT_COMUNE_CENTR":"96046","COMUNE_CENTR":"POLLONE","PROVINCIA_CENTR":"BI","INDIRIZZO_CENTRALE":"REGIONE MIGLIARIO","LATITUDINE_SEZIONE":"45.58789","LONGITUDINE_SEZIONE":"7.98713","POS_X_SEZIONE":"420990.95485","POS_Y_SEZIONE":"5048759.27715","LATITUDINE_CENTRALE":"45.58332","LONGITUDINE_CENTRALE":"8.00095","POS_X_CENTRALE":"422062.41606","POS_Y_CENTRALE":"5048238.90212","TIPO_ADSL":"ADSL_1","DESCRIZIONE_TIPO_ADSL":"ADSL (8 mega)","DISTANZA_CALCOLATA":"1191.14","CLASSE_DISTANZA":"900-1299","POTENZA_SEGNALE":"7000","POPOLAZIONE_SEZIONE": "132"}
			},
		 		{ "type" : "Feature",
				"geometry" : {
					"type" : "Point",
					"coordinates" : [8.01364,45.57973]},
			"properties" : { "ANNO":"2010","ID_SEZIONE":"32337","ISTAT_COMUNE_SEZ":"96046","COMUNE_SEZ":"POLLONE","PROVINCIA":"BI","ID_CENTRALE":"1012","NOME_CENTRALE":"POLLONE 2","ISTAT_COMUNE_CENTR":"96046","COMUNE_CENTR":"POLLONE","PROVINCIA_CENTR":"BI","INDIRIZZO_CENTRALE":"REGIONE MIGLIARIO","LATITUDINE_SEZIONE":"45.57973","LONGITUDINE_SEZIONE":"8.01364","POS_X_SEZIONE":"423047.84214","POS_Y_SEZIONE":"5047827.80784","LATITUDINE_CENTRALE":"45.58332","LONGITUDINE_CENTRALE":"8.00095","POS_X_CENTRALE":"422062.41606","POS_Y_CENTRALE":"5048238.90212","TIPO_ADSL":"ADSL_1","DESCRIZIONE_TIPO_ADSL":"ADSL (8 mega)","DISTANZA_CALCOLATA":"1067.74","CLASSE_DISTANZA":"900-1299","POTENZA_SEGNALE":"7000","POPOLAZIONE_SEZIONE": "36"}
			},
		 		{ "type" : "Feature",
				"geometry" : {
					"type" : "Point",
					"coordinates" : [7.99302,45.58252]},
			"properties" : { "ANNO":"2010","ID_SEZIONE":"32779","ISTAT_COMUNE_SEZ":"96046","COMUNE_SEZ":"POLLONE","PROVINCIA":"BI","ID_CENTRALE":"1012","NOME_CENTRALE":"POLLONE 2","ISTAT_COMUNE_CENTR":"96046","COMUNE_CENTR":"POLLONE","PROVINCIA_CENTR":"BI","INDIRIZZO_CENTRALE":"REGIONE MIGLIARIO","LATITUDINE_SEZIONE":"45.58252","LONGITUDINE_SEZIONE":"7.99302","POS_X_SEZIONE":"421442.88291","POS_Y_SEZIONE":"5048157.78672","LATITUDINE_CENTRALE":"45.58332","LONGITUDINE_CENTRALE":"8.00095","POS_X_CENTRALE":"422062.41606","POS_Y_CENTRALE":"5048238.90212","TIPO_ADSL":"ADSL_1","DESCRIZIONE_TIPO_ADSL":"ADSL (8 mega)","DISTANZA_CALCOLATA":"624.82","CLASSE_DISTANZA":"500-899","POTENZA_SEGNALE":"7000","POPOLAZIONE_SEZIONE": "33"}
			}
		 		]
	}
		