 	{ "type" : "FeatureCollection",
		"features" : [
		 		{ "type" : "Feature",
				"geometry" : {
					"type" : "Point",
					"coordinates" : [8.17144,44.64331]},
			"properties" : { "ANNO":"2010","ID_SEZIONE":"4631","ISTAT_COMUNE_SEZ":"4193","COMUNE_SEZ":"ROCCHETTA BELBO","PROVINCIA":"CN","ID_CENTRALE":"1132","NOME_CENTRALE":"ROCCHETTA BELBO","ISTAT_COMUNE_CENTR":"4193","COMUNE_CENTR":"ROCCHETTA BELBO","PROVINCIA_CENTR":"CN","INDIRIZZO_CENTRALE":"PIAZZA LIBERTA'","LATITUDINE_SEZIONE":"44.64331","LONGITUDINE_SEZIONE":"8.17144","POS_X_SEZIONE":"434292.74353","POS_Y_SEZIONE":"4943661.30790","LATITUDINE_CENTRALE":"44.63646","LONGITUDINE_CENTRALE":"8.17100","POS_X_CENTRALE":"434250.32113","POS_Y_CENTRALE":"4942901.55050","TIPO_ADSL":"ADSL_M","DESCRIZIONE_TIPO_ADSL":"ADSL Mini","DISTANZA_CALCOLATA":"760.94","CLASSE_DISTANZA":"500-899","POTENZA_SEGNALE":"0.64","POPOLAZIONE_SEZIONE": "43"}
			},
		 		{ "type" : "Feature",
				"geometry" : {
					"type" : "Point",
					"coordinates" : [8.18329,44.63375]},
			"properties" : { "ANNO":"2010","ID_SEZIONE":"32526","ISTAT_COMUNE_SEZ":"4193","COMUNE_SEZ":"ROCCHETTA BELBO","PROVINCIA":"CN","ID_CENTRALE":"1132","NOME_CENTRALE":"ROCCHETTA BELBO","ISTAT_COMUNE_CENTR":"4193","COMUNE_CENTR":"ROCCHETTA BELBO","PROVINCIA_CENTR":"CN","INDIRIZZO_CENTRALE":"PIAZZA LIBERTA'","LATITUDINE_SEZIONE":"44.63375","LONGITUDINE_SEZIONE":"8.18329","POS_X_SEZIONE":"435221.83716","POS_Y_SEZIONE":"4942590.81574","LATITUDINE_CENTRALE":"44.63646","LONGITUDINE_CENTRALE":"8.17100","POS_X_CENTRALE":"434250.32113","POS_Y_CENTRALE":"4942901.55050","TIPO_ADSL":"ADSL_M","DESCRIZIONE_TIPO_ADSL":"ADSL Mini","DISTANZA_CALCOLATA":"1020","CLASSE_DISTANZA":"900-1299","POTENZA_SEGNALE":"0.64","POPOLAZIONE_SEZIONE": "33"}
			},
		 		{ "type" : "Feature",
				"geometry" : {
					"type" : "Point",
					"coordinates" : [8.17610,44.63697]},
			"properties" : { "ANNO":"2010","ID_SEZIONE":"32585","ISTAT_COMUNE_SEZ":"4193","COMUNE_SEZ":"ROCCHETTA BELBO","PROVINCIA":"CN","ID_CENTRALE":"1132","NOME_CENTRALE":"ROCCHETTA BELBO","ISTAT_COMUNE_CENTR":"4193","COMUNE_CENTR":"ROCCHETTA BELBO","PROVINCIA_CENTR":"CN","INDIRIZZO_CENTRALE":"PIAZZA LIBERTA'","LATITUDINE_SEZIONE":"44.63697","LONGITUDINE_SEZIONE":"8.17610","POS_X_SEZIONE":"434654.96868","POS_Y_SEZIONE":"4942953.30970","LATITUDINE_CENTRALE":"44.63646","LONGITUDINE_CENTRALE":"8.17100","POS_X_CENTRALE":"434250.32113","POS_Y_CENTRALE":"4942901.55050","TIPO_ADSL":"ADSL_M","DESCRIZIONE_TIPO_ADSL":"ADSL Mini","DISTANZA_CALCOLATA":"407.94","CLASSE_DISTANZA":"100-499","POTENZA_SEGNALE":"0.64","POPOLAZIONE_SEZIONE": "115"}
			}
		 		]
	}
		