 	{ "type" : "FeatureCollection",
		"features" : [
		 		{ "type" : "Feature",
				"geometry" : {
					"type" : "Point",
					"coordinates" : [8.33170,45.20076]},
			"properties" : { "ANNO":"2010","ID_SEZIONE":"10194","ISTAT_COMUNE_SEZ":"2148","COMUNE_SEZ":"TRINO","PROVINCIA":"VC","ID_CENTRALE":"1123","NOME_CENTRALE":"ROBELLA (VC)","ISTAT_COMUNE_CENTR":"2148","COMUNE_CENTR":"TRINO","PROVINCIA_CENTR":"VC","INDIRIZZO_CENTRALE":"ITALIA 51-FRAZ.ROBELLA","LATITUDINE_SEZIONE":"45.20076","LONGITUDINE_SEZIONE":"8.33170","POS_X_SEZIONE":"447512.24255","POS_Y_SEZIONE":"5005469.37452","LATITUDINE_CENTRALE":"45.20496","LONGITUDINE_CENTRALE":"8.32923","POS_X_CENTRALE":"447322.20644","POS_Y_CENTRALE":"5005938.08973","TIPO_ADSL":"ADSL_M","DESCRIZIONE_TIPO_ADSL":"ADSL Mini","DISTANZA_CALCOLATA":"505.77","CLASSE_DISTANZA":"500-899","POTENZA_SEGNALE":"0.64","POPOLAZIONE_SEZIONE": "24"}
			},
		 		{ "type" : "Feature",
				"geometry" : {
					"type" : "Point",
					"coordinates" : [8.31514,45.20713]},
			"properties" : { "ANNO":"2010","ID_SEZIONE":"17591","ISTAT_COMUNE_SEZ":"2148","COMUNE_SEZ":"TRINO","PROVINCIA":"VC","ID_CENTRALE":"1123","NOME_CENTRALE":"ROBELLA (VC)","ISTAT_COMUNE_CENTR":"2148","COMUNE_CENTR":"TRINO","PROVINCIA_CENTR":"VC","INDIRIZZO_CENTRALE":"ITALIA 51-FRAZ.ROBELLA","LATITUDINE_SEZIONE":"45.20713","LONGITUDINE_SEZIONE":"8.31514","POS_X_SEZIONE":"446217.16722","POS_Y_SEZIONE":"5006187.87487","LATITUDINE_CENTRALE":"45.20496","LONGITUDINE_CENTRALE":"8.32923","POS_X_CENTRALE":"447322.20644","POS_Y_CENTRALE":"5005938.08973","TIPO_ADSL":"ADSL_M","DESCRIZIONE_TIPO_ADSL":"ADSL Mini","DISTANZA_CALCOLATA":"1132.92","CLASSE_DISTANZA":"900-1299","POTENZA_SEGNALE":"0.64","POPOLAZIONE_SEZIONE": "10"}
			},
		 		{ "type" : "Feature",
				"geometry" : {
					"type" : "Point",
					"coordinates" : [8.32994,45.20532]},
			"properties" : { "ANNO":"2010","ID_SEZIONE":"23647","ISTAT_COMUNE_SEZ":"2148","COMUNE_SEZ":"TRINO","PROVINCIA":"VC","ID_CENTRALE":"1123","NOME_CENTRALE":"ROBELLA (VC)","ISTAT_COMUNE_CENTR":"2148","COMUNE_CENTR":"TRINO","PROVINCIA_CENTR":"VC","INDIRIZZO_CENTRALE":"ITALIA 51-FRAZ.ROBELLA","LATITUDINE_SEZIONE":"45.20532","LONGITUDINE_SEZIONE":"8.32994","POS_X_SEZIONE":"447378.12569","POS_Y_SEZIONE":"5005977.88319","LATITUDINE_CENTRALE":"45.20496","LONGITUDINE_CENTRALE":"8.32923","POS_X_CENTRALE":"447322.20644","POS_Y_CENTRALE":"5005938.08973","TIPO_ADSL":"ADSL_M","DESCRIZIONE_TIPO_ADSL":"ADSL Mini","DISTANZA_CALCOLATA":"68.63","CLASSE_DISTANZA":"0-99","POTENZA_SEGNALE":"0.64","POPOLAZIONE_SEZIONE": "329"}
			}
		 		]
	}
		