 	{ "type" : "FeatureCollection",
		"features" : [
		 		{ "type" : "Feature",
				"geometry" : {
					"type" : "Point",
					"coordinates" : [7.57106,45.03728]},
			"properties" : { "ANNO":"2010","ID_SEZIONE":"5310","ISTAT_COMUNE_SEZ":"1171","COMUNE_SEZ":"ORBASSANO","PROVINCIA":"TO","ID_CENTRALE":"1461","NOME_CENTRALE":"TORINO INTERPORTO S.I.T.O.","ISTAT_COMUNE_CENTR":"1171","COMUNE_CENTR":"ORBASSANO","PROVINCIA_CENTR":"TO","INDIRIZZO_CENTRALE":"LOC.INTERPORTO DI TOR. 3","LATITUDINE_SEZIONE":"45.03728","LONGITUDINE_SEZIONE":"7.57106","POS_X_SEZIONE":"387450.82707","POS_Y_SEZIONE":"4988085.07396","LATITUDINE_CENTRALE":"45.00696","LONGITUDINE_CENTRALE":"7.53676","POS_X_CENTRALE":"384688.01309","POS_Y_CENTRALE":"4984764.64001","TIPO_ADSL":"ADSL_1","DESCRIZIONE_TIPO_ADSL":"ADSL (8 mega)","DISTANZA_CALCOLATA":"4319.54","CLASSE_DISTANZA":"4100-4499","POTENZA_SEGNALE":"2125.38","POPOLAZIONE_SEZIONE": ""}
			},
		 		{ "type" : "Feature",
				"geometry" : {
					"type" : "Point",
					"coordinates" : [7.55726,45.02891]},
			"properties" : { "ANNO":"2010","ID_SEZIONE":"6783","ISTAT_COMUNE_SEZ":"1171","COMUNE_SEZ":"ORBASSANO","PROVINCIA":"TO","ID_CENTRALE":"1461","NOME_CENTRALE":"TORINO INTERPORTO S.I.T.O.","ISTAT_COMUNE_CENTR":"1171","COMUNE_CENTR":"ORBASSANO","PROVINCIA_CENTR":"TO","INDIRIZZO_CENTRALE":"LOC.INTERPORTO DI TOR. 3","LATITUDINE_SEZIONE":"45.02891","LONGITUDINE_SEZIONE":"7.55726","POS_X_SEZIONE":"386347.45734","POS_Y_SEZIONE":"4987174.55210","LATITUDINE_CENTRALE":"45.00696","LONGITUDINE_CENTRALE":"7.53676","POS_X_CENTRALE":"384688.01309","POS_Y_CENTRALE":"4984764.64001","TIPO_ADSL":"ADSL_1","DESCRIZIONE_TIPO_ADSL":"ADSL (8 mega)","DISTANZA_CALCOLATA":"2925.99","CLASSE_DISTANZA":"2900-3299","POTENZA_SEGNALE":"4999.75","POPOLAZIONE_SEZIONE": ""}
			},
		 		{ "type" : "Feature",
				"geometry" : {
					"type" : "Point",
					"coordinates" : [7.56798,45.03431]},
			"properties" : { "ANNO":"2010","ID_SEZIONE":"19394","ISTAT_COMUNE_SEZ":"1171","COMUNE_SEZ":"ORBASSANO","PROVINCIA":"TO","ID_CENTRALE":"1461","NOME_CENTRALE":"TORINO INTERPORTO S.I.T.O.","ISTAT_COMUNE_CENTR":"1171","COMUNE_CENTR":"ORBASSANO","PROVINCIA_CENTR":"TO","INDIRIZZO_CENTRALE":"LOC.INTERPORTO DI TOR. 3","LATITUDINE_SEZIONE":"45.03431","LONGITUDINE_SEZIONE":"7.56798","POS_X_SEZIONE":"387201.97510","POS_Y_SEZIONE":"4987759.56638","LATITUDINE_CENTRALE":"45.00696","LONGITUDINE_CENTRALE":"7.53676","POS_X_CENTRALE":"384688.01309","POS_Y_CENTRALE":"4984764.64001","TIPO_ADSL":"ADSL_1","DESCRIZIONE_TIPO_ADSL":"ADSL (8 mega)","DISTANZA_CALCOLATA":"3910.19","CLASSE_DISTANZA":"3700-4099","POTENZA_SEGNALE":"3000.38","POPOLAZIONE_SEZIONE": ""}
			},
		 		{ "type" : "Feature",
				"geometry" : {
					"type" : "Point",
					"coordinates" : [7.55537,45.03298]},
			"properties" : { "ANNO":"2010","ID_SEZIONE":"32226","ISTAT_COMUNE_SEZ":"1171","COMUNE_SEZ":"ORBASSANO","PROVINCIA":"TO","ID_CENTRALE":"1461","NOME_CENTRALE":"TORINO INTERPORTO S.I.T.O.","ISTAT_COMUNE_CENTR":"1171","COMUNE_CENTR":"ORBASSANO","PROVINCIA_CENTR":"TO","INDIRIZZO_CENTRALE":"LOC.INTERPORTO DI TOR. 3","LATITUDINE_SEZIONE":"45.03298","LONGITUDINE_SEZIONE":"7.55537","POS_X_SEZIONE":"386206.08851","POS_Y_SEZIONE":"4987628.56042","LATITUDINE_CENTRALE":"45.00696","LONGITUDINE_CENTRALE":"7.53676","POS_X_CENTRALE":"384688.01309","POS_Y_CENTRALE":"4984764.64001","TIPO_ADSL":"ADSL_1","DESCRIZIONE_TIPO_ADSL":"ADSL (8 mega)","DISTANZA_CALCOLATA":"3241.39","CLASSE_DISTANZA":"2900-3299","POTENZA_SEGNALE":"4999.75","POPOLAZIONE_SEZIONE": "8"}
			}
		 		]
	}
		