 	{ "type" : "FeatureCollection",
		"features" : [
		 		{ "type" : "Feature",
				"geometry" : {
					"type" : "Point",
					"coordinates" : [8.14835,45.62623]},
			"properties" : { "ANNO":"2010","ID_SEZIONE":"3382","ISTAT_COMUNE_SEZ":"96005","COMUNE_SEZ":"BIOGLIO","PROVINCIA":"BI","ID_CENTRALE":"161","NOME_CENTRALE":"BIOGLIO","ISTAT_COMUNE_CENTR":"96005","COMUNE_CENTR":"BIOGLIO","PROVINCIA_CENTR":"BI","INDIRIZZO_CENTRALE":"PIAZZA VITTORIO VENETO  4","LATITUDINE_SEZIONE":"45.62623","LONGITUDINE_SEZIONE":"8.14835","POS_X_SEZIONE":"433611.77841","POS_Y_SEZIONE":"5052872.94116","LATITUDINE_CENTRALE":"45.60747","LONGITUDINE_CENTRALE":"8.12944","POS_X_CENTRALE":"432115.33806","POS_Y_CENTRALE":"5050804.53271","TIPO_ADSL":"ADSL_M","DESCRIZIONE_TIPO_ADSL":"ADSL Mini","DISTANZA_CALCOLATA":"2552.97","CLASSE_DISTANZA":"2500-2899","POTENZA_SEGNALE":"0.64","POPOLAZIONE_SEZIONE": "13"}
			},
		 		{ "type" : "Feature",
				"geometry" : {
					"type" : "Point",
					"coordinates" : [8.12602,45.61472]},
			"properties" : { "ANNO":"2010","ID_SEZIONE":"3383","ISTAT_COMUNE_SEZ":"96005","COMUNE_SEZ":"BIOGLIO","PROVINCIA":"BI","ID_CENTRALE":"161","NOME_CENTRALE":"BIOGLIO","ISTAT_COMUNE_CENTR":"96005","COMUNE_CENTR":"BIOGLIO","PROVINCIA_CENTR":"BI","INDIRIZZO_CENTRALE":"PIAZZA VITTORIO VENETO  4","LATITUDINE_SEZIONE":"45.61472","LONGITUDINE_SEZIONE":"8.12602","POS_X_SEZIONE":"431857.58142","POS_Y_SEZIONE":"5051613.42423","LATITUDINE_CENTRALE":"45.60747","LONGITUDINE_CENTRALE":"8.12944","POS_X_CENTRALE":"432115.33806","POS_Y_CENTRALE":"5050804.53271","TIPO_ADSL":"ADSL_M","DESCRIZIONE_TIPO_ADSL":"ADSL Mini","DISTANZA_CALCOLATA":"848.97","CLASSE_DISTANZA":"500-899","POTENZA_SEGNALE":"0.64","POPOLAZIONE_SEZIONE": "26"}
			},
		 		{ "type" : "Feature",
				"geometry" : {
					"type" : "Point",
					"coordinates" : [8.13797,45.60974]},
			"properties" : { "ANNO":"2010","ID_SEZIONE":"3618","ISTAT_COMUNE_SEZ":"96005","COMUNE_SEZ":"BIOGLIO","PROVINCIA":"BI","ID_CENTRALE":"161","NOME_CENTRALE":"BIOGLIO","ISTAT_COMUNE_CENTR":"96005","COMUNE_CENTR":"BIOGLIO","PROVINCIA_CENTR":"BI","INDIRIZZO_CENTRALE":"PIAZZA VITTORIO VENETO  4","LATITUDINE_SEZIONE":"45.60974","LONGITUDINE_SEZIONE":"8.13797","POS_X_SEZIONE":"432783.18935","POS_Y_SEZIONE":"5051049.44496","LATITUDINE_CENTRALE":"45.60747","LONGITUDINE_CENTRALE":"8.12944","POS_X_CENTRALE":"432115.33806","POS_Y_CENTRALE":"5050804.53271","TIPO_ADSL":"ADSL_M","DESCRIZIONE_TIPO_ADSL":"ADSL Mini","DISTANZA_CALCOLATA":"711.34","CLASSE_DISTANZA":"500-899","POTENZA_SEGNALE":"0.64","POPOLAZIONE_SEZIONE": "8"}
			},
		 		{ "type" : "Feature",
				"geometry" : {
					"type" : "Point",
					"coordinates" : [8.12338,45.60297]},
			"properties" : { "ANNO":"2010","ID_SEZIONE":"6626","ISTAT_COMUNE_SEZ":"96005","COMUNE_SEZ":"BIOGLIO","PROVINCIA":"BI","ID_CENTRALE":"161","NOME_CENTRALE":"BIOGLIO","ISTAT_COMUNE_CENTR":"96005","COMUNE_CENTR":"BIOGLIO","PROVINCIA_CENTR":"BI","INDIRIZZO_CENTRALE":"PIAZZA VITTORIO VENETO  4","LATITUDINE_SEZIONE":"45.60297","LONGITUDINE_SEZIONE":"8.12338","POS_X_SEZIONE":"431637.07889","POS_Y_SEZIONE":"5050309.43242","LATITUDINE_CENTRALE":"45.60747","LONGITUDINE_CENTRALE":"8.12944","POS_X_CENTRALE":"432115.33806","POS_Y_CENTRALE":"5050804.53271","TIPO_ADSL":"ADSL_M","DESCRIZIONE_TIPO_ADSL":"ADSL Mini","DISTANZA_CALCOLATA":"688.37","CLASSE_DISTANZA":"500-899","POTENZA_SEGNALE":"0.64","POPOLAZIONE_SEZIONE": "19"}
			},
		 		{ "type" : "Feature",
				"geometry" : {
					"type" : "Point",
					"coordinates" : [8.12539,45.61602]},
			"properties" : { "ANNO":"2010","ID_SEZIONE":"7236","ISTAT_COMUNE_SEZ":"96005","COMUNE_SEZ":"BIOGLIO","PROVINCIA":"BI","ID_CENTRALE":"161","NOME_CENTRALE":"BIOGLIO","ISTAT_COMUNE_CENTR":"96005","COMUNE_CENTR":"BIOGLIO","PROVINCIA_CENTR":"BI","INDIRIZZO_CENTRALE":"PIAZZA VITTORIO VENETO  4","LATITUDINE_SEZIONE":"45.61602","LONGITUDINE_SEZIONE":"8.12539","POS_X_SEZIONE":"431809.67665","POS_Y_SEZIONE":"5051757.92240","LATITUDINE_CENTRALE":"45.60747","LONGITUDINE_CENTRALE":"8.12944","POS_X_CENTRALE":"432115.33806","POS_Y_CENTRALE":"5050804.53271","TIPO_ADSL":"ADSL_M","DESCRIZIONE_TIPO_ADSL":"ADSL Mini","DISTANZA_CALCOLATA":"1001.19","CLASSE_DISTANZA":"900-1299","POTENZA_SEGNALE":"0.64","POPOLAZIONE_SEZIONE": "26"}
			},
		 		{ "type" : "Feature",
				"geometry" : {
					"type" : "Point",
					"coordinates" : [8.11435,45.62180]},
			"properties" : { "ANNO":"2010","ID_SEZIONE":"7962","ISTAT_COMUNE_SEZ":"96005","COMUNE_SEZ":"BIOGLIO","PROVINCIA":"BI","ID_CENTRALE":"161","NOME_CENTRALE":"BIOGLIO","ISTAT_COMUNE_CENTR":"96005","COMUNE_CENTR":"BIOGLIO","PROVINCIA_CENTR":"BI","INDIRIZZO_CENTRALE":"PIAZZA VITTORIO VENETO  4","LATITUDINE_SEZIONE":"45.62180","LONGITUDINE_SEZIONE":"8.11435","POS_X_SEZIONE":"430956.25559","POS_Y_SEZIONE":"5052409.90269","LATITUDINE_CENTRALE":"45.60747","LONGITUDINE_CENTRALE":"8.12944","POS_X_CENTRALE":"432115.33806","POS_Y_CENTRALE":"5050804.53271","TIPO_ADSL":"ADSL_M","DESCRIZIONE_TIPO_ADSL":"ADSL Mini","DISTANZA_CALCOLATA":"1980.07","CLASSE_DISTANZA":"1700-2099","POTENZA_SEGNALE":"0.64","POPOLAZIONE_SEZIONE": ""}
			},
		 		{ "type" : "Feature",
				"geometry" : {
					"type" : "Point",
					"coordinates" : [8.12608,45.59603]},
			"properties" : { "ANNO":"2010","ID_SEZIONE":"11390","ISTAT_COMUNE_SEZ":"96005","COMUNE_SEZ":"BIOGLIO","PROVINCIA":"BI","ID_CENTRALE":"161","NOME_CENTRALE":"BIOGLIO","ISTAT_COMUNE_CENTR":"96005","COMUNE_CENTR":"BIOGLIO","PROVINCIA_CENTR":"BI","INDIRIZZO_CENTRALE":"PIAZZA VITTORIO VENETO  4","LATITUDINE_SEZIONE":"45.59603","LONGITUDINE_SEZIONE":"8.12608","POS_X_SEZIONE":"431839.88516","POS_Y_SEZIONE":"5049536.94269","LATITUDINE_CENTRALE":"45.60747","LONGITUDINE_CENTRALE":"8.12944","POS_X_CENTRALE":"432115.33806","POS_Y_CENTRALE":"5050804.53271","TIPO_ADSL":"ADSL_M","DESCRIZIONE_TIPO_ADSL":"ADSL Mini","DISTANZA_CALCOLATA":"1297.17","CLASSE_DISTANZA":"900-1299","POTENZA_SEGNALE":"0.64","POPOLAZIONE_SEZIONE": "45"}
			},
		 		{ "type" : "Feature",
				"geometry" : {
					"type" : "Point",
					"coordinates" : [8.13730,45.60391]},
			"properties" : { "ANNO":"2010","ID_SEZIONE":"13073","ISTAT_COMUNE_SEZ":"96005","COMUNE_SEZ":"BIOGLIO","PROVINCIA":"BI","ID_CENTRALE":"161","NOME_CENTRALE":"BIOGLIO","ISTAT_COMUNE_CENTR":"96005","COMUNE_CENTR":"BIOGLIO","PROVINCIA_CENTR":"BI","INDIRIZZO_CENTRALE":"PIAZZA VITTORIO VENETO  4","LATITUDINE_SEZIONE":"45.60391","LONGITUDINE_SEZIONE":"8.13730","POS_X_SEZIONE":"432724.25047","POS_Y_SEZIONE":"5050402.95024","LATITUDINE_CENTRALE":"45.60747","LONGITUDINE_CENTRALE":"8.12944","POS_X_CENTRALE":"432115.33806","POS_Y_CENTRALE":"5050804.53271","TIPO_ADSL":"ADSL_M","DESCRIZIONE_TIPO_ADSL":"ADSL Mini","DISTANZA_CALCOLATA":"729.41","CLASSE_DISTANZA":"500-899","POTENZA_SEGNALE":"0.64","POPOLAZIONE_SEZIONE": "24"}
			},
		 		{ "type" : "Feature",
				"geometry" : {
					"type" : "Point",
					"coordinates" : [8.12699,45.61692]},
			"properties" : { "ANNO":"2010","ID_SEZIONE":"13493","ISTAT_COMUNE_SEZ":"96005","COMUNE_SEZ":"BIOGLIO","PROVINCIA":"BI","ID_CENTRALE":"161","NOME_CENTRALE":"BIOGLIO","ISTAT_COMUNE_CENTR":"96005","COMUNE_CENTR":"BIOGLIO","PROVINCIA_CENTR":"BI","INDIRIZZO_CENTRALE":"PIAZZA VITTORIO VENETO  4","LATITUDINE_SEZIONE":"45.61692","LONGITUDINE_SEZIONE":"8.12699","POS_X_SEZIONE":"431935.89438","POS_Y_SEZIONE":"5051856.42352","LATITUDINE_CENTRALE":"45.60747","LONGITUDINE_CENTRALE":"8.12944","POS_X_CENTRALE":"432115.33806","POS_Y_CENTRALE":"5050804.53271","TIPO_ADSL":"ADSL_M","DESCRIZIONE_TIPO_ADSL":"ADSL Mini","DISTANZA_CALCOLATA":"1067.09","CLASSE_DISTANZA":"900-1299","POTENZA_SEGNALE":"0.64","POPOLAZIONE_SEZIONE": "26"}
			},
		 		{ "type" : "Feature",
				"geometry" : {
					"type" : "Point",
					"coordinates" : [8.12830,45.61624]},
			"properties" : { "ANNO":"2010","ID_SEZIONE":"14496","ISTAT_COMUNE_SEZ":"96005","COMUNE_SEZ":"BIOGLIO","PROVINCIA":"BI","ID_CENTRALE":"161","NOME_CENTRALE":"BIOGLIO","ISTAT_COMUNE_CENTR":"96005","COMUNE_CENTR":"BIOGLIO","PROVINCIA_CENTR":"BI","INDIRIZZO_CENTRALE":"PIAZZA VITTORIO VENETO  4","LATITUDINE_SEZIONE":"45.61624","LONGITUDINE_SEZIONE":"8.12830","POS_X_SEZIONE":"432037.29854","POS_Y_SEZIONE":"5051780.42583","LATITUDINE_CENTRALE":"45.60747","LONGITUDINE_CENTRALE":"8.12944","POS_X_CENTRALE":"432115.33806","POS_Y_CENTRALE":"5050804.53271","TIPO_ADSL":"ADSL_M","DESCRIZIONE_TIPO_ADSL":"ADSL Mini","DISTANZA_CALCOLATA":"979.01","CLASSE_DISTANZA":"900-1299","POTENZA_SEGNALE":"0.64","POPOLAZIONE_SEZIONE": "15"}
			},
		 		{ "type" : "Feature",
				"geometry" : {
					"type" : "Point",
					"coordinates" : [8.13453,45.61410]},
			"properties" : { "ANNO":"2010","ID_SEZIONE":"16131","ISTAT_COMUNE_SEZ":"96005","COMUNE_SEZ":"BIOGLIO","PROVINCIA":"BI","ID_CENTRALE":"161","NOME_CENTRALE":"BIOGLIO","ISTAT_COMUNE_CENTR":"96005","COMUNE_CENTR":"BIOGLIO","PROVINCIA_CENTR":"BI","INDIRIZZO_CENTRALE":"PIAZZA VITTORIO VENETO  4","LATITUDINE_SEZIONE":"45.61410","LONGITUDINE_SEZIONE":"8.13453","POS_X_SEZIONE":"432520.53950","POS_Y_SEZIONE":"5051537.43626","LATITUDINE_CENTRALE":"45.60747","LONGITUDINE_CENTRALE":"8.12944","POS_X_CENTRALE":"432115.33806","POS_Y_CENTRALE":"5050804.53271","TIPO_ADSL":"ADSL_M","DESCRIZIONE_TIPO_ADSL":"ADSL Mini","DISTANZA_CALCOLATA":"837.46","CLASSE_DISTANZA":"500-899","POTENZA_SEGNALE":"0.64","POPOLAZIONE_SEZIONE": "279"}
			},
		 		{ "type" : "Feature",
				"geometry" : {
					"type" : "Point",
					"coordinates" : [8.10777,45.59636]},
			"properties" : { "ANNO":"2010","ID_SEZIONE":"16132","ISTAT_COMUNE_SEZ":"96005","COMUNE_SEZ":"BIOGLIO","PROVINCIA":"BI","ID_CENTRALE":"161","NOME_CENTRALE":"BIOGLIO","ISTAT_COMUNE_CENTR":"96005","COMUNE_CENTR":"BIOGLIO","PROVINCIA_CENTR":"BI","INDIRIZZO_CENTRALE":"PIAZZA VITTORIO VENETO  4","LATITUDINE_SEZIONE":"45.59636","LONGITUDINE_SEZIONE":"8.10777","POS_X_SEZIONE":"430412.18852","POS_Y_SEZIONE":"5049588.41661","LATITUDINE_CENTRALE":"45.60747","LONGITUDINE_CENTRALE":"8.12944","POS_X_CENTRALE":"432115.33806","POS_Y_CENTRALE":"5050804.53271","TIPO_ADSL":"ADSL_M","DESCRIZIONE_TIPO_ADSL":"ADSL Mini","DISTANZA_CALCOLATA":"2092.76","CLASSE_DISTANZA":"1700-2099","POTENZA_SEGNALE":"0.64","POPOLAZIONE_SEZIONE": "36"}
			},
		 		{ "type" : "Feature",
				"geometry" : {
					"type" : "Point",
					"coordinates" : [8.13250,45.59777]},
			"properties" : { "ANNO":"2010","ID_SEZIONE":"17879","ISTAT_COMUNE_SEZ":"96005","COMUNE_SEZ":"BIOGLIO","PROVINCIA":"BI","ID_CENTRALE":"161","NOME_CENTRALE":"BIOGLIO","ISTAT_COMUNE_CENTR":"96005","COMUNE_CENTR":"BIOGLIO","PROVINCIA_CENTR":"BI","INDIRIZZO_CENTRALE":"PIAZZA VITTORIO VENETO  4","LATITUDINE_SEZIONE":"45.59777","LONGITUDINE_SEZIONE":"8.13250","POS_X_SEZIONE":"432342.56522","POS_Y_SEZIONE":"5049724.95011","LATITUDINE_CENTRALE":"45.60747","LONGITUDINE_CENTRALE":"8.12944","POS_X_CENTRALE":"432115.33806","POS_Y_CENTRALE":"5050804.53271","TIPO_ADSL":"ADSL_M","DESCRIZIONE_TIPO_ADSL":"ADSL Mini","DISTANZA_CALCOLATA":"1103.24","CLASSE_DISTANZA":"900-1299","POTENZA_SEGNALE":"0.64","POPOLAZIONE_SEZIONE": "31"}
			},
		 		{ "type" : "Feature",
				"geometry" : {
					"type" : "Point",
					"coordinates" : [8.12074,45.59755]},
			"properties" : { "ANNO":"2010","ID_SEZIONE":"23266","ISTAT_COMUNE_SEZ":"96005","COMUNE_SEZ":"BIOGLIO","PROVINCIA":"BI","ID_CENTRALE":"161","NOME_CENTRALE":"BIOGLIO","ISTAT_COMUNE_CENTR":"96005","COMUNE_CENTR":"BIOGLIO","PROVINCIA_CENTR":"BI","INDIRIZZO_CENTRALE":"PIAZZA VITTORIO VENETO  4","LATITUDINE_SEZIONE":"45.59755","LONGITUDINE_SEZIONE":"8.12074","POS_X_SEZIONE":"431425.17335","POS_Y_SEZIONE":"5049709.93367","LATITUDINE_CENTRALE":"45.60747","LONGITUDINE_CENTRALE":"8.12944","POS_X_CENTRALE":"432115.33806","POS_Y_CENTRALE":"5050804.53271","TIPO_ADSL":"ADSL_M","DESCRIZIONE_TIPO_ADSL":"ADSL Mini","DISTANZA_CALCOLATA":"1294.01","CLASSE_DISTANZA":"900-1299","POTENZA_SEGNALE":"0.64","POPOLAZIONE_SEZIONE": "5"}
			},
		 		{ "type" : "Feature",
				"geometry" : {
					"type" : "Point",
					"coordinates" : [8.13157,45.59902]},
			"properties" : { "ANNO":"2010","ID_SEZIONE":"26416","ISTAT_COMUNE_SEZ":"96005","COMUNE_SEZ":"BIOGLIO","PROVINCIA":"BI","ID_CENTRALE":"161","NOME_CENTRALE":"BIOGLIO","ISTAT_COMUNE_CENTR":"96005","COMUNE_CENTR":"BIOGLIO","PROVINCIA_CENTR":"BI","INDIRIZZO_CENTRALE":"PIAZZA VITTORIO VENETO  4","LATITUDINE_SEZIONE":"45.59902","LONGITUDINE_SEZIONE":"8.13157","POS_X_SEZIONE":"432271.22263","POS_Y_SEZIONE":"5049863.94736","LATITUDINE_CENTRALE":"45.60747","LONGITUDINE_CENTRALE":"8.12944","POS_X_CENTRALE":"432115.33806","POS_Y_CENTRALE":"5050804.53271","TIPO_ADSL":"ADSL_M","DESCRIZIONE_TIPO_ADSL":"ADSL Mini","DISTANZA_CALCOLATA":"953.42","CLASSE_DISTANZA":"900-1299","POTENZA_SEGNALE":"0.64","POPOLAZIONE_SEZIONE": "35"}
			},
		 		{ "type" : "Feature",
				"geometry" : {
					"type" : "Point",
					"coordinates" : [8.12331,45.60437]},
			"properties" : { "ANNO":"2010","ID_SEZIONE":"26549","ISTAT_COMUNE_SEZ":"96005","COMUNE_SEZ":"BIOGLIO","PROVINCIA":"BI","ID_CENTRALE":"161","NOME_CENTRALE":"BIOGLIO","ISTAT_COMUNE_CENTR":"96005","COMUNE_CENTR":"BIOGLIO","PROVINCIA_CENTR":"BI","INDIRIZZO_CENTRALE":"PIAZZA VITTORIO VENETO  4","LATITUDINE_SEZIONE":"45.60437","LONGITUDINE_SEZIONE":"8.12331","POS_X_SEZIONE":"431633.48567","POS_Y_SEZIONE":"5050465.43063","LATITUDINE_CENTRALE":"45.60747","LONGITUDINE_CENTRALE":"8.12944","POS_X_CENTRALE":"432115.33806","POS_Y_CENTRALE":"5050804.53271","TIPO_ADSL":"ADSL_M","DESCRIZIONE_TIPO_ADSL":"ADSL Mini","DISTANZA_CALCOLATA":"589.21","CLASSE_DISTANZA":"500-899","POTENZA_SEGNALE":"0.64","POPOLAZIONE_SEZIONE": "68"}
			},
		 		{ "type" : "Feature",
				"geometry" : {
					"type" : "Point",
					"coordinates" : [8.11943,45.61432]},
			"properties" : { "ANNO":"2010","ID_SEZIONE":"27487","ISTAT_COMUNE_SEZ":"96005","COMUNE_SEZ":"BIOGLIO","PROVINCIA":"BI","ID_CENTRALE":"161","NOME_CENTRALE":"BIOGLIO","ISTAT_COMUNE_CENTR":"96005","COMUNE_CENTR":"BIOGLIO","PROVINCIA_CENTR":"BI","INDIRIZZO_CENTRALE":"PIAZZA VITTORIO VENETO  4","LATITUDINE_SEZIONE":"45.61432","LONGITUDINE_SEZIONE":"8.11943","POS_X_SEZIONE":"431343.27741","POS_Y_SEZIONE":"5051573.91626","LATITUDINE_CENTRALE":"45.60747","LONGITUDINE_CENTRALE":"8.12944","POS_X_CENTRALE":"432115.33806","POS_Y_CENTRALE":"5050804.53271","TIPO_ADSL":"ADSL_M","DESCRIZIONE_TIPO_ADSL":"ADSL Mini","DISTANZA_CALCOLATA":"1089.97","CLASSE_DISTANZA":"900-1299","POTENZA_SEGNALE":"0.64","POPOLAZIONE_SEZIONE": "52"}
			},
		 		{ "type" : "Feature",
				"geometry" : {
					"type" : "Point",
					"coordinates" : [8.11694,45.61194]},
			"properties" : { "ANNO":"2010","ID_SEZIONE":"28366","ISTAT_COMUNE_SEZ":"96005","COMUNE_SEZ":"BIOGLIO","PROVINCIA":"BI","ID_CENTRALE":"161","NOME_CENTRALE":"BIOGLIO","ISTAT_COMUNE_CENTR":"96005","COMUNE_CENTR":"BIOGLIO","PROVINCIA_CENTR":"BI","INDIRIZZO_CENTRALE":"PIAZZA VITTORIO VENETO  4","LATITUDINE_SEZIONE":"45.61194","LONGITUDINE_SEZIONE":"8.11694","POS_X_SEZIONE":"431145.87223","POS_Y_SEZIONE":"5051311.91511","LATITUDINE_CENTRALE":"45.60747","LONGITUDINE_CENTRALE":"8.12944","POS_X_CENTRALE":"432115.33806","POS_Y_CENTRALE":"5050804.53271","TIPO_ADSL":"ADSL_M","DESCRIZIONE_TIPO_ADSL":"ADSL Mini","DISTANZA_CALCOLATA":"1094.21","CLASSE_DISTANZA":"900-1299","POTENZA_SEGNALE":"0.64","POPOLAZIONE_SEZIONE": "20"}
			},
		 		{ "type" : "Feature",
				"geometry" : {
					"type" : "Point",
					"coordinates" : [8.12892,45.60634]},
			"properties" : { "ANNO":"2010","ID_SEZIONE":"28493","ISTAT_COMUNE_SEZ":"96005","COMUNE_SEZ":"BIOGLIO","PROVINCIA":"BI","ID_CENTRALE":"161","NOME_CENTRALE":"BIOGLIO","ISTAT_COMUNE_CENTR":"96005","COMUNE_CENTR":"BIOGLIO","PROVINCIA_CENTR":"BI","INDIRIZZO_CENTRALE":"PIAZZA VITTORIO VENETO  4","LATITUDINE_SEZIONE":"45.60634","LONGITUDINE_SEZIONE":"8.12892","POS_X_SEZIONE":"432073.32388","POS_Y_SEZIONE":"5050679.43639","LATITUDINE_CENTRALE":"45.60747","LONGITUDINE_CENTRALE":"8.12944","POS_X_CENTRALE":"432115.33806","POS_Y_CENTRALE":"5050804.53271","TIPO_ADSL":"ADSL_M","DESCRIZIONE_TIPO_ADSL":"ADSL Mini","DISTANZA_CALCOLATA":"131.96","CLASSE_DISTANZA":"100-499","POTENZA_SEGNALE":"0.64","POPOLAZIONE_SEZIONE": "300"}
			},
		 		{ "type" : "Feature",
				"geometry" : {
					"type" : "Point",
					"coordinates" : [8.12735,45.59411]},
			"properties" : { "ANNO":"2010","ID_SEZIONE":"29402","ISTAT_COMUNE_SEZ":"96005","COMUNE_SEZ":"BIOGLIO","PROVINCIA":"BI","ID_CENTRALE":"161","NOME_CENTRALE":"BIOGLIO","ISTAT_COMUNE_CENTR":"96005","COMUNE_CENTR":"BIOGLIO","PROVINCIA_CENTR":"BI","INDIRIZZO_CENTRALE":"PIAZZA VITTORIO VENETO  4","LATITUDINE_SEZIONE":"45.59411","LONGITUDINE_SEZIONE":"8.12735","POS_X_SEZIONE":"431936.31934","POS_Y_SEZIONE":"5049321.94621","LATITUDINE_CENTRALE":"45.60747","LONGITUDINE_CENTRALE":"8.12944","POS_X_CENTRALE":"432115.33806","POS_Y_CENTRALE":"5050804.53271","TIPO_ADSL":"ADSL_M","DESCRIZIONE_TIPO_ADSL":"ADSL Mini","DISTANZA_CALCOLATA":"1493.36","CLASSE_DISTANZA":"1300-1699","POTENZA_SEGNALE":"0.64","POPOLAZIONE_SEZIONE": "24"}
			},
		 		{ "type" : "Feature",
				"geometry" : {
					"type" : "Point",
					"coordinates" : [8.04870,45.69678]},
			"properties" : { "ANNO":"2010","ID_SEZIONE":"31409","ISTAT_COMUNE_SEZ":"96005","COMUNE_SEZ":"BIOGLIO","PROVINCIA":"BI","ID_CENTRALE":"161","NOME_CENTRALE":"BIOGLIO","ISTAT_COMUNE_CENTR":"96005","COMUNE_CENTR":"BIOGLIO","PROVINCIA_CENTR":"BI","INDIRIZZO_CENTRALE":"PIAZZA VITTORIO VENETO  4","LATITUDINE_SEZIONE":"45.69678","LONGITUDINE_SEZIONE":"8.04870","POS_X_SEZIONE":"425937.50205","POS_Y_SEZIONE":"5060798.25521","LATITUDINE_CENTRALE":"45.60747","LONGITUDINE_CENTRALE":"8.12944","POS_X_CENTRALE":"432115.33806","POS_Y_CENTRALE":"5050804.53271","TIPO_ADSL":"ADSL_M","DESCRIZIONE_TIPO_ADSL":"ADSL Mini","DISTANZA_CALCOLATA":"11749.05","CLASSE_DISTANZA":"6100 e oltre","POTENZA_SEGNALE":"0.00","POPOLAZIONE_SEZIONE": ""}
			},
		 		{ "type" : "Feature",
				"geometry" : {
					"type" : "Point",
					"coordinates" : [8.13126,45.60252]},
			"properties" : { "ANNO":"2010","ID_SEZIONE":"31458","ISTAT_COMUNE_SEZ":"96005","COMUNE_SEZ":"BIOGLIO","PROVINCIA":"BI","ID_CENTRALE":"161","NOME_CENTRALE":"BIOGLIO","ISTAT_COMUNE_CENTR":"96005","COMUNE_CENTR":"BIOGLIO","PROVINCIA_CENTR":"BI","INDIRIZZO_CENTRALE":"PIAZZA VITTORIO VENETO  4","LATITUDINE_SEZIONE":"45.60252","LONGITUDINE_SEZIONE":"8.13126","POS_X_SEZIONE":"432251.75690","POS_Y_SEZIONE":"5050252.94346","LATITUDINE_CENTRALE":"45.60747","LONGITUDINE_CENTRALE":"8.12944","POS_X_CENTRALE":"432115.33806","POS_Y_CENTRALE":"5050804.53271","TIPO_ADSL":"ADSL_M","DESCRIZIONE_TIPO_ADSL":"ADSL Mini","DISTANZA_CALCOLATA":"568.21","CLASSE_DISTANZA":"500-899","POTENZA_SEGNALE":"0.64","POPOLAZIONE_SEZIONE": "22"}
			},
		 		{ "type" : "Feature",
				"geometry" : {
					"type" : "Point",
					"coordinates" : [8.13230,45.59570]},
			"properties" : { "ANNO":"2010","ID_SEZIONE":"31459","ISTAT_COMUNE_SEZ":"96005","COMUNE_SEZ":"BIOGLIO","PROVINCIA":"BI","ID_CENTRALE":"161","NOME_CENTRALE":"BIOGLIO","ISTAT_COMUNE_CENTR":"96005","COMUNE_CENTR":"BIOGLIO","PROVINCIA_CENTR":"BI","INDIRIZZO_CENTRALE":"PIAZZA VITTORIO VENETO  4","LATITUDINE_SEZIONE":"45.59570","LONGITUDINE_SEZIONE":"8.13230","POS_X_SEZIONE":"432324.22026","POS_Y_SEZIONE":"5049494.45181","LATITUDINE_CENTRALE":"45.60747","LONGITUDINE_CENTRALE":"8.12944","POS_X_CENTRALE":"432115.33806","POS_Y_CENTRALE":"5050804.53271","TIPO_ADSL":"ADSL_M","DESCRIZIONE_TIPO_ADSL":"ADSL Mini","DISTANZA_CALCOLATA":"1326.63","CLASSE_DISTANZA":"1300-1699","POTENZA_SEGNALE":"0.64","POPOLAZIONE_SEZIONE": "13"}
			}
		 		]
	}
		