 	{ "type" : "FeatureCollection",
		"features" : [
		 		{ "type" : "Feature",
				"geometry" : {
					"type" : "Point",
					"coordinates" : [8.00363,45.88300]},
			"properties" : { "ANNO":"2010","ID_SEZIONE":"355","ISTAT_COMUNE_SEZ":"2111","COMUNE_SEZ":"RIMA SAN GIUSEPPE","PROVINCIA":"VC","ID_CENTRALE":"1093","NOME_CENTRALE":"RIMA SAN GIUSEPPE","ISTAT_COMUNE_CENTR":"2111","COMUNE_CENTR":"RIMA SAN GIUSEPPE","PROVINCIA_CENTR":"VC","INDIRIZZO_CENTRALE":"TAGLIAFERRO 49","LATITUDINE_SEZIONE":"45.88300","LONGITUDINE_SEZIONE":"8.00363","POS_X_SEZIONE":"422686.49968","POS_Y_SEZIONE":"5081530.42086","LATITUDINE_CENTRALE":"45.86701","LONGITUDINE_CENTRALE":"8.02094","POS_X_CENTRALE":"424007.41302","POS_Y_CENTRALE":"5079737.36690","TIPO_ADSL":"NO","DESCRIZIONE_TIPO_ADSL":"NO Adsl","DISTANZA_CALCOLATA":"2227.07","CLASSE_DISTANZA":"2100-2499","POTENZA_SEGNALE":"","POPOLAZIONE_SEZIONE": ""}
			},
		 		{ "type" : "Feature",
				"geometry" : {
					"type" : "Point",
					"coordinates" : [8.02155,45.87587]},
			"properties" : { "ANNO":"2010","ID_SEZIONE":"1632","ISTAT_COMUNE_SEZ":"2111","COMUNE_SEZ":"RIMA SAN GIUSEPPE","PROVINCIA":"VC","ID_CENTRALE":"1093","NOME_CENTRALE":"RIMA SAN GIUSEPPE","ISTAT_COMUNE_CENTR":"2111","COMUNE_CENTR":"RIMA SAN GIUSEPPE","PROVINCIA_CENTR":"VC","INDIRIZZO_CENTRALE":"TAGLIAFERRO 49","LATITUDINE_SEZIONE":"45.87587","LONGITUDINE_SEZIONE":"8.02155","POS_X_SEZIONE":"424067.42666","POS_Y_SEZIONE":"5080720.94323","LATITUDINE_CENTRALE":"45.86701","LONGITUDINE_CENTRALE":"8.02094","POS_X_CENTRALE":"424007.41302","POS_Y_CENTRALE":"5079737.36690","TIPO_ADSL":"NO","DESCRIZIONE_TIPO_ADSL":"NO Adsl","DISTANZA_CALCOLATA":"985.41","CLASSE_DISTANZA":"900-1299","POTENZA_SEGNALE":"","POPOLAZIONE_SEZIONE": "3"}
			},
		 		{ "type" : "Feature",
				"geometry" : {
					"type" : "Point",
					"coordinates" : [8.01927,45.87242]},
			"properties" : { "ANNO":"2010","ID_SEZIONE":"1634","ISTAT_COMUNE_SEZ":"2111","COMUNE_SEZ":"RIMA SAN GIUSEPPE","PROVINCIA":"VC","ID_CENTRALE":"1093","NOME_CENTRALE":"RIMA SAN GIUSEPPE","ISTAT_COMUNE_CENTR":"2111","COMUNE_CENTR":"RIMA SAN GIUSEPPE","PROVINCIA_CENTR":"VC","INDIRIZZO_CENTRALE":"TAGLIAFERRO 49","LATITUDINE_SEZIONE":"45.87242","LONGITUDINE_SEZIONE":"8.01927","POS_X_SEZIONE":"423885.80336","POS_Y_SEZIONE":"5080340.44838","LATITUDINE_CENTRALE":"45.86701","LONGITUDINE_CENTRALE":"8.02094","POS_X_CENTRALE":"424007.41302","POS_Y_CENTRALE":"5079737.36690","TIPO_ADSL":"NO","DESCRIZIONE_TIPO_ADSL":"NO Adsl","DISTANZA_CALCOLATA":"615.22","CLASSE_DISTANZA":"500-899","POTENZA_SEGNALE":"","POPOLAZIONE_SEZIONE": "5"}
			},
		 		{ "type" : "Feature",
				"geometry" : {
					"type" : "Point",
					"coordinates" : [7.98719,45.90459]},
			"properties" : { "ANNO":"2010","ID_SEZIONE":"7278","ISTAT_COMUNE_SEZ":"2111","COMUNE_SEZ":"RIMA SAN GIUSEPPE","PROVINCIA":"VC","ID_CENTRALE":"1093","NOME_CENTRALE":"RIMA SAN GIUSEPPE","ISTAT_COMUNE_CENTR":"2111","COMUNE_CENTR":"RIMA SAN GIUSEPPE","PROVINCIA_CENTR":"VC","INDIRIZZO_CENTRALE":"TAGLIAFERRO 49","LATITUDINE_SEZIONE":"45.90459","LONGITUDINE_SEZIONE":"7.98719","POS_X_SEZIONE":"421441.07299","POS_Y_SEZIONE":"5083945.37280","LATITUDINE_CENTRALE":"45.86701","LONGITUDINE_CENTRALE":"8.02094","POS_X_CENTRALE":"424007.41302","POS_Y_CENTRALE":"5079737.36690","TIPO_ADSL":"NO","DESCRIZIONE_TIPO_ADSL":"NO Adsl","DISTANZA_CALCOLATA":"4928.84","CLASSE_DISTANZA":"4900-5299","POTENZA_SEGNALE":"","POPOLAZIONE_SEZIONE": ""}
			},
		 		{ "type" : "Feature",
				"geometry" : {
					"type" : "Point",
					"coordinates" : [7.99350,45.86650]},
			"properties" : { "ANNO":"2010","ID_SEZIONE":"9017","ISTAT_COMUNE_SEZ":"2111","COMUNE_SEZ":"RIMA SAN GIUSEPPE","PROVINCIA":"VC","ID_CENTRALE":"1093","NOME_CENTRALE":"RIMA SAN GIUSEPPE","ISTAT_COMUNE_CENTR":"2111","COMUNE_CENTR":"RIMA SAN GIUSEPPE","PROVINCIA_CENTR":"VC","INDIRIZZO_CENTRALE":"TAGLIAFERRO 49","LATITUDINE_SEZIONE":"45.86650","LONGITUDINE_SEZIONE":"7.99350","POS_X_SEZIONE":"421877.09936","POS_Y_SEZIONE":"5079707.44640","LATITUDINE_CENTRALE":"45.86701","LONGITUDINE_CENTRALE":"8.02094","POS_X_CENTRALE":"424007.41302","POS_Y_CENTRALE":"5079737.36690","TIPO_ADSL":"NO","DESCRIZIONE_TIPO_ADSL":"NO Adsl","DISTANZA_CALCOLATA":"2130.52","CLASSE_DISTANZA":"2100-2499","POTENZA_SEGNALE":"","POPOLAZIONE_SEZIONE": ""}
			},
		 		{ "type" : "Feature",
				"geometry" : {
					"type" : "Point",
					"coordinates" : [8.02305,45.86543]},
			"properties" : { "ANNO":"2010","ID_SEZIONE":"21328","ISTAT_COMUNE_SEZ":"2111","COMUNE_SEZ":"RIMA SAN GIUSEPPE","PROVINCIA":"VC","ID_CENTRALE":"1093","NOME_CENTRALE":"RIMA SAN GIUSEPPE","ISTAT_COMUNE_CENTR":"2111","COMUNE_CENTR":"RIMA SAN GIUSEPPE","PROVINCIA_CENTR":"VC","INDIRIZZO_CENTRALE":"TAGLIAFERRO 49","LATITUDINE_SEZIONE":"45.86543","LONGITUDINE_SEZIONE":"8.02305","POS_X_SEZIONE":"424169.14518","POS_Y_SEZIONE":"5079559.46355","LATITUDINE_CENTRALE":"45.86701","LONGITUDINE_CENTRALE":"8.02094","POS_X_CENTRALE":"424007.41302","POS_Y_CENTRALE":"5079737.36690","TIPO_ADSL":"NO","DESCRIZIONE_TIPO_ADSL":"NO Adsl","DISTANZA_CALCOLATA":"240.43","CLASSE_DISTANZA":"100-499","POTENZA_SEGNALE":"","POPOLAZIONE_SEZIONE": "22"}
			},
		 		{ "type" : "Feature",
				"geometry" : {
					"type" : "Point",
					"coordinates" : [7.99809,45.88560]},
			"properties" : { "ANNO":"2010","ID_SEZIONE":"21909","ISTAT_COMUNE_SEZ":"2111","COMUNE_SEZ":"RIMA SAN GIUSEPPE","PROVINCIA":"VC","ID_CENTRALE":"1093","NOME_CENTRALE":"RIMA SAN GIUSEPPE","ISTAT_COMUNE_CENTR":"2111","COMUNE_CENTR":"RIMA SAN GIUSEPPE","PROVINCIA_CENTR":"VC","INDIRIZZO_CENTRALE":"TAGLIAFERRO 49","LATITUDINE_SEZIONE":"45.88560","LONGITUDINE_SEZIONE":"7.99809","POS_X_SEZIONE":"422260.19005","POS_Y_SEZIONE":"5081824.41331","LATITUDINE_CENTRALE":"45.86701","LONGITUDINE_CENTRALE":"8.02094","POS_X_CENTRALE":"424007.41302","POS_Y_CENTRALE":"5079737.36690","TIPO_ADSL":"NO","DESCRIZIONE_TIPO_ADSL":"NO Adsl","DISTANZA_CALCOLATA":"2721.87","CLASSE_DISTANZA":"2500-2899","POTENZA_SEGNALE":"","POPOLAZIONE_SEZIONE": "33"}
			},
		 		{ "type" : "Feature",
				"geometry" : {
					"type" : "Point",
					"coordinates" : [8.00421,45.89757]},
			"properties" : { "ANNO":"2010","ID_SEZIONE":"24526","ISTAT_COMUNE_SEZ":"2111","COMUNE_SEZ":"RIMA SAN GIUSEPPE","PROVINCIA":"VC","ID_CENTRALE":"1093","NOME_CENTRALE":"RIMA SAN GIUSEPPE","ISTAT_COMUNE_CENTR":"2111","COMUNE_CENTR":"RIMA SAN GIUSEPPE","PROVINCIA_CENTR":"VC","INDIRIZZO_CENTRALE":"TAGLIAFERRO 49","LATITUDINE_SEZIONE":"45.89757","LONGITUDINE_SEZIONE":"8.00421","POS_X_SEZIONE":"422751.65577","POS_Y_SEZIONE":"5083148.39360","LATITUDINE_CENTRALE":"45.86701","LONGITUDINE_CENTRALE":"8.02094","POS_X_CENTRALE":"424007.41302","POS_Y_CENTRALE":"5079737.36690","TIPO_ADSL":"NO","DESCRIZIONE_TIPO_ADSL":"NO Adsl","DISTANZA_CALCOLATA":"3634.84","CLASSE_DISTANZA":"3300-3699","POTENZA_SEGNALE":"","POPOLAZIONE_SEZIONE": "3"}
			},
		 		{ "type" : "Feature",
				"geometry" : {
					"type" : "Point",
					"coordinates" : [7.99720,45.85406]},
			"properties" : { "ANNO":"2010","ID_SEZIONE":"29031","ISTAT_COMUNE_SEZ":"2111","COMUNE_SEZ":"RIMA SAN GIUSEPPE","PROVINCIA":"VC","ID_CENTRALE":"1093","NOME_CENTRALE":"RIMA SAN GIUSEPPE","ISTAT_COMUNE_CENTR":"2111","COMUNE_CENTR":"RIMA SAN GIUSEPPE","PROVINCIA_CENTR":"VC","INDIRIZZO_CENTRALE":"TAGLIAFERRO 49","LATITUDINE_SEZIONE":"45.85406","LONGITUDINE_SEZIONE":"7.99720","POS_X_SEZIONE":"422146.93974","POS_Y_SEZIONE":"5078321.47161","LATITUDINE_CENTRALE":"45.86701","LONGITUDINE_CENTRALE":"8.02094","POS_X_CENTRALE":"424007.41302","POS_Y_CENTRALE":"5079737.36690","TIPO_ADSL":"NO","DESCRIZIONE_TIPO_ADSL":"NO Adsl","DISTANZA_CALCOLATA":"2337.97","CLASSE_DISTANZA":"2100-2499","POTENZA_SEGNALE":"","POPOLAZIONE_SEZIONE": ""}
			},
		 		{ "type" : "Feature",
				"geometry" : {
					"type" : "Point",
					"coordinates" : [8.02941,45.85318]},
			"properties" : { "ANNO":"2010","ID_SEZIONE":"29273","ISTAT_COMUNE_SEZ":"2111","COMUNE_SEZ":"RIMA SAN GIUSEPPE","PROVINCIA":"VC","ID_CENTRALE":"1093","NOME_CENTRALE":"RIMA SAN GIUSEPPE","ISTAT_COMUNE_CENTR":"2111","COMUNE_CENTR":"RIMA SAN GIUSEPPE","PROVINCIA_CENTR":"VC","INDIRIZZO_CENTRALE":"TAGLIAFERRO 49","LATITUDINE_SEZIONE":"45.85318","LONGITUDINE_SEZIONE":"8.02941","POS_X_SEZIONE":"424646.11210","POS_Y_SEZIONE":"5078192.49011","LATITUDINE_CENTRALE":"45.86701","LONGITUDINE_CENTRALE":"8.02094","POS_X_CENTRALE":"424007.41302","POS_Y_CENTRALE":"5079737.36690","TIPO_ADSL":"NO","DESCRIZIONE_TIPO_ADSL":"NO Adsl","DISTANZA_CALCOLATA":"1671.7","CLASSE_DISTANZA":"1300-1699","POTENZA_SEGNALE":"","POPOLAZIONE_SEZIONE": ""}
			},
		 		{ "type" : "Feature",
				"geometry" : {
					"type" : "Point",
					"coordinates" : [7.97649,45.88759]},
			"properties" : { "ANNO":"2010","ID_SEZIONE":"29645","ISTAT_COMUNE_SEZ":"2111","COMUNE_SEZ":"RIMA SAN GIUSEPPE","PROVINCIA":"VC","ID_CENTRALE":"1093","NOME_CENTRALE":"RIMA SAN GIUSEPPE","ISTAT_COMUNE_CENTR":"2111","COMUNE_CENTR":"RIMA SAN GIUSEPPE","PROVINCIA_CENTR":"VC","INDIRIZZO_CENTRALE":"TAGLIAFERRO 49","LATITUDINE_SEZIONE":"45.88759","LONGITUDINE_SEZIONE":"7.97649","POS_X_SEZIONE":"420586.70320","POS_Y_SEZIONE":"5082066.89907","LATITUDINE_CENTRALE":"45.86701","LONGITUDINE_CENTRALE":"8.02094","POS_X_CENTRALE":"424007.41302","POS_Y_CENTRALE":"5079737.36690","TIPO_ADSL":"NO","DESCRIZIONE_TIPO_ADSL":"NO Adsl","DISTANZA_CALCOLATA":"4138.6","CLASSE_DISTANZA":"4100-4499","POTENZA_SEGNALE":"","POPOLAZIONE_SEZIONE": ""}
			},
		 		{ "type" : "Feature",
				"geometry" : {
					"type" : "Point",
					"coordinates" : [8.02855,45.88208]},
			"properties" : { "ANNO":"2010","ID_SEZIONE":"29679","ISTAT_COMUNE_SEZ":"2111","COMUNE_SEZ":"RIMA SAN GIUSEPPE","PROVINCIA":"VC","ID_CENTRALE":"1093","NOME_CENTRALE":"RIMA SAN GIUSEPPE","ISTAT_COMUNE_CENTR":"2111","COMUNE_CENTR":"RIMA SAN GIUSEPPE","PROVINCIA_CENTR":"VC","INDIRIZZO_CENTRALE":"TAGLIAFERRO 49","LATITUDINE_SEZIONE":"45.88208","LONGITUDINE_SEZIONE":"8.02855","POS_X_SEZIONE":"424618.54704","POS_Y_SEZIONE":"5081404.93478","LATITUDINE_CENTRALE":"45.86701","LONGITUDINE_CENTRALE":"8.02094","POS_X_CENTRALE":"424007.41302","POS_Y_CENTRALE":"5079737.36690","TIPO_ADSL":"NO","DESCRIZIONE_TIPO_ADSL":"NO Adsl","DISTANZA_CALCOLATA":"1776.03","CLASSE_DISTANZA":"1700-2099","POTENZA_SEGNALE":"","POPOLAZIONE_SEZIONE": ""}
			}
		 		]
	}
		