 	{ "type" : "FeatureCollection",
		"features" : [
		 		{ "type" : "Feature",
				"geometry" : {
					"type" : "Point",
					"coordinates" : [8.16082,45.14161]},
			"properties" : { "ANNO":"2010","ID_SEZIONE":"1192","ISTAT_COMUNE_SEZ":"6184","COMUNE_SEZ":"VILLAMIROGLIO","PROVINCIA":"AL","ID_CENTRALE":"1557","NOME_CENTRALE":"VALLEGIOLITTI","ISTAT_COMUNE_CENTR":"6184","COMUNE_CENTR":"VILLAMIROGLIO","PROVINCIA_CENTR":"AL","INDIRIZZO_CENTRALE":"ROMA","LATITUDINE_SEZIONE":"45.14161","LONGITUDINE_SEZIONE":"8.16082","POS_X_SEZIONE":"434022.67428","POS_Y_SEZIONE":"4999023.64268","LATITUDINE_CENTRALE":"45.13438","LONGITUDINE_CENTRALE":"8.17159","POS_X_CENTRALE":"434861.34425","POS_Y_CENTRALE":"4998211.92900","TIPO_ADSL":"NO","DESCRIZIONE_TIPO_ADSL":"NO Adsl","DISTANZA_CALCOLATA":"1167.15","CLASSE_DISTANZA":"900-1299","POTENZA_SEGNALE":"","POPOLAZIONE_SEZIONE": "87"}
			},
		 		{ "type" : "Feature",
				"geometry" : {
					"type" : "Point",
					"coordinates" : [8.17874,45.13382]},
			"properties" : { "ANNO":"2010","ID_SEZIONE":"2421","ISTAT_COMUNE_SEZ":"6184","COMUNE_SEZ":"VILLAMIROGLIO","PROVINCIA":"AL","ID_CENTRALE":"1557","NOME_CENTRALE":"VALLEGIOLITTI","ISTAT_COMUNE_CENTR":"6184","COMUNE_CENTR":"VILLAMIROGLIO","PROVINCIA_CENTR":"AL","INDIRIZZO_CENTRALE":"ROMA","LATITUDINE_SEZIONE":"45.13382","LONGITUDINE_SEZIONE":"8.17874","POS_X_SEZIONE":"435423.01220","POS_Y_SEZIONE":"4998144.13931","LATITUDINE_CENTRALE":"45.13438","LONGITUDINE_CENTRALE":"8.17159","POS_X_CENTRALE":"434861.34425","POS_Y_CENTRALE":"4998211.92900","TIPO_ADSL":"NO","DESCRIZIONE_TIPO_ADSL":"NO Adsl","DISTANZA_CALCOLATA":"565.74","CLASSE_DISTANZA":"500-899","POTENZA_SEGNALE":"","POPOLAZIONE_SEZIONE": "5"}
			},
		 		{ "type" : "Feature",
				"geometry" : {
					"type" : "Point",
					"coordinates" : [8.11830,45.14466]},
			"properties" : { "ANNO":"2010","ID_SEZIONE":"3087","ISTAT_COMUNE_SEZ":"1294","COMUNE_SEZ":"VERRUA SAVOIA","PROVINCIA":"TO","ID_CENTRALE":"1557","NOME_CENTRALE":"VALLEGIOLITTI","ISTAT_COMUNE_CENTR":"6184","COMUNE_CENTR":"VILLAMIROGLIO","PROVINCIA_CENTR":"AL","INDIRIZZO_CENTRALE":"ROMA","LATITUDINE_SEZIONE":"45.14466","LONGITUDINE_SEZIONE":"8.11830","POS_X_SEZIONE":"430683.21418","POS_Y_SEZIONE":"4999398.12152","LATITUDINE_CENTRALE":"45.13438","LONGITUDINE_CENTRALE":"8.17159","POS_X_CENTRALE":"434861.34425","POS_Y_CENTRALE":"4998211.92900","TIPO_ADSL":"NO","DESCRIZIONE_TIPO_ADSL":"NO Adsl","DISTANZA_CALCOLATA":"4343.25","CLASSE_DISTANZA":"4100-4499","POTENZA_SEGNALE":"","POPOLAZIONE_SEZIONE": "38"}
			},
		 		{ "type" : "Feature",
				"geometry" : {
					"type" : "Point",
					"coordinates" : [8.14008,45.13528]},
			"properties" : { "ANNO":"2010","ID_SEZIONE":"3461","ISTAT_COMUNE_SEZ":"6184","COMUNE_SEZ":"VILLAMIROGLIO","PROVINCIA":"AL","ID_CENTRALE":"1557","NOME_CENTRALE":"VALLEGIOLITTI","ISTAT_COMUNE_CENTR":"6184","COMUNE_CENTR":"VILLAMIROGLIO","PROVINCIA_CENTR":"AL","INDIRIZZO_CENTRALE":"ROMA","LATITUDINE_SEZIONE":"45.13528","LONGITUDINE_SEZIONE":"8.14008","POS_X_SEZIONE":"432384.95114","POS_Y_SEZIONE":"4998338.12075","LATITUDINE_CENTRALE":"45.13438","LONGITUDINE_CENTRALE":"8.17159","POS_X_CENTRALE":"434861.34425","POS_Y_CENTRALE":"4998211.92900","TIPO_ADSL":"NO","DESCRIZIONE_TIPO_ADSL":"NO Adsl","DISTANZA_CALCOLATA":"2479.61","CLASSE_DISTANZA":"2100-2499","POTENZA_SEGNALE":"","POPOLAZIONE_SEZIONE": "7"}
			},
		 		{ "type" : "Feature",
				"geometry" : {
					"type" : "Point",
					"coordinates" : [8.17513,45.12666]},
			"properties" : { "ANNO":"2010","ID_SEZIONE":"6482","ISTAT_COMUNE_SEZ":"6184","COMUNE_SEZ":"VILLAMIROGLIO","PROVINCIA":"AL","ID_CENTRALE":"1557","NOME_CENTRALE":"VALLEGIOLITTI","ISTAT_COMUNE_CENTR":"6184","COMUNE_CENTR":"VILLAMIROGLIO","PROVINCIA_CENTR":"AL","INDIRIZZO_CENTRALE":"ROMA","LATITUDINE_SEZIONE":"45.12666","LONGITUDINE_SEZIONE":"8.17513","POS_X_SEZIONE":"435131.13483","POS_Y_SEZIONE":"4997352.12447","LATITUDINE_CENTRALE":"45.13438","LONGITUDINE_CENTRALE":"8.17159","POS_X_CENTRALE":"434861.34425","POS_Y_CENTRALE":"4998211.92900","TIPO_ADSL":"NO","DESCRIZIONE_TIPO_ADSL":"NO Adsl","DISTANZA_CALCOLATA":"901.14","CLASSE_DISTANZA":"900-1299","POTENZA_SEGNALE":"","POPOLAZIONE_SEZIONE": "10"}
			},
		 		{ "type" : "Feature",
				"geometry" : {
					"type" : "Point",
					"coordinates" : [8.16698,45.12677]},
			"properties" : { "ANNO":"2010","ID_SEZIONE":"7346","ISTAT_COMUNE_SEZ":"6184","COMUNE_SEZ":"VILLAMIROGLIO","PROVINCIA":"AL","ID_CENTRALE":"1557","NOME_CENTRALE":"VALLEGIOLITTI","ISTAT_COMUNE_CENTR":"6184","COMUNE_CENTR":"VILLAMIROGLIO","PROVINCIA_CENTR":"AL","INDIRIZZO_CENTRALE":"ROMA","LATITUDINE_SEZIONE":"45.12677","LONGITUDINE_SEZIONE":"8.16698","POS_X_SEZIONE":"434490.46155","POS_Y_SEZIONE":"4997370.62098","LATITUDINE_CENTRALE":"45.13438","LONGITUDINE_CENTRALE":"8.17159","POS_X_CENTRALE":"434861.34425","POS_Y_CENTRALE":"4998211.92900","TIPO_ADSL":"NO","DESCRIZIONE_TIPO_ADSL":"NO Adsl","DISTANZA_CALCOLATA":"919.43","CLASSE_DISTANZA":"900-1299","POTENZA_SEGNALE":"","POPOLAZIONE_SEZIONE": "7"}
			},
		 		{ "type" : "Feature",
				"geometry" : {
					"type" : "Point",
					"coordinates" : [8.13612,45.13414]},
			"properties" : { "ANNO":"2010","ID_SEZIONE":"9959","ISTAT_COMUNE_SEZ":"6184","COMUNE_SEZ":"VILLAMIROGLIO","PROVINCIA":"AL","ID_CENTRALE":"1557","NOME_CENTRALE":"VALLEGIOLITTI","ISTAT_COMUNE_CENTR":"6184","COMUNE_CENTR":"VILLAMIROGLIO","PROVINCIA_CENTR":"AL","INDIRIZZO_CENTRALE":"ROMA","LATITUDINE_SEZIONE":"45.13414","LONGITUDINE_SEZIONE":"8.13612","POS_X_SEZIONE":"432071.70647","POS_Y_SEZIONE":"4998214.61663","LATITUDINE_CENTRALE":"45.13438","LONGITUDINE_CENTRALE":"8.17159","POS_X_CENTRALE":"434861.34425","POS_Y_CENTRALE":"4998211.92900","TIPO_ADSL":"NO","DESCRIZIONE_TIPO_ADSL":"NO Adsl","DISTANZA_CALCOLATA":"2789.64","CLASSE_DISTANZA":"2500-2899","POTENZA_SEGNALE":"","POPOLAZIONE_SEZIONE": "20"}
			},
		 		{ "type" : "Feature",
				"geometry" : {
					"type" : "Point",
					"coordinates" : [8.17263,45.13712]},
			"properties" : { "ANNO":"2010","ID_SEZIONE":"11872","ISTAT_COMUNE_SEZ":"6184","COMUNE_SEZ":"VILLAMIROGLIO","PROVINCIA":"AL","ID_CENTRALE":"1557","NOME_CENTRALE":"VALLEGIOLITTI","ISTAT_COMUNE_CENTR":"6184","COMUNE_CENTR":"VILLAMIROGLIO","PROVINCIA_CENTR":"AL","INDIRIZZO_CENTRALE":"ROMA","LATITUDINE_SEZIONE":"45.13712","LONGITUDINE_SEZIONE":"8.17263","POS_X_SEZIONE":"434946.15076","POS_Y_SEZIONE":"4998515.64191","LATITUDINE_CENTRALE":"45.13438","LONGITUDINE_CENTRALE":"8.17159","POS_X_CENTRALE":"434861.34425","POS_Y_CENTRALE":"4998211.92900","TIPO_ADSL":"NO","DESCRIZIONE_TIPO_ADSL":"NO Adsl","DISTANZA_CALCOLATA":"315.33","CLASSE_DISTANZA":"100-499","POTENZA_SEGNALE":"","POPOLAZIONE_SEZIONE": "12"}
			},
		 		{ "type" : "Feature",
				"geometry" : {
					"type" : "Point",
					"coordinates" : [8.16570,45.13366]},
			"properties" : { "ANNO":"2010","ID_SEZIONE":"11992","ISTAT_COMUNE_SEZ":"6184","COMUNE_SEZ":"VILLAMIROGLIO","PROVINCIA":"AL","ID_CENTRALE":"1557","NOME_CENTRALE":"VALLEGIOLITTI","ISTAT_COMUNE_CENTR":"6184","COMUNE_CENTR":"VILLAMIROGLIO","PROVINCIA_CENTR":"AL","INDIRIZZO_CENTRALE":"ROMA","LATITUDINE_SEZIONE":"45.13366","LONGITUDINE_SEZIONE":"8.16570","POS_X_SEZIONE":"434397.34615","POS_Y_SEZIONE":"4998136.63186","LATITUDINE_CENTRALE":"45.13438","LONGITUDINE_CENTRALE":"8.17159","POS_X_CENTRALE":"434861.34425","POS_Y_CENTRALE":"4998211.92900","TIPO_ADSL":"NO","DESCRIZIONE_TIPO_ADSL":"NO Adsl","DISTANZA_CALCOLATA":"470.07","CLASSE_DISTANZA":"100-499","POTENZA_SEGNALE":"","POPOLAZIONE_SEZIONE": "8"}
			},
		 		{ "type" : "Feature",
				"geometry" : {
					"type" : "Point",
					"coordinates" : [8.14346,45.13062]},
			"properties" : { "ANNO":"2010","ID_SEZIONE":"17452","ISTAT_COMUNE_SEZ":"6184","COMUNE_SEZ":"VILLAMIROGLIO","PROVINCIA":"AL","ID_CENTRALE":"1557","NOME_CENTRALE":"VALLEGIOLITTI","ISTAT_COMUNE_CENTR":"6184","COMUNE_CENTR":"VILLAMIROGLIO","PROVINCIA_CENTR":"AL","INDIRIZZO_CENTRALE":"ROMA","LATITUDINE_SEZIONE":"45.13062","LONGITUDINE_SEZIONE":"8.14346","POS_X_SEZIONE":"432644.84798","POS_Y_SEZIONE":"4997818.11512","LATITUDINE_CENTRALE":"45.13438","LONGITUDINE_CENTRALE":"8.17159","POS_X_CENTRALE":"434861.34425","POS_Y_CENTRALE":"4998211.92900","TIPO_ADSL":"NO","DESCRIZIONE_TIPO_ADSL":"NO Adsl","DISTANZA_CALCOLATA":"2251.21","CLASSE_DISTANZA":"2100-2499","POTENZA_SEGNALE":"","POPOLAZIONE_SEZIONE": ""}
			},
		 		{ "type" : "Feature",
				"geometry" : {
					"type" : "Point",
					"coordinates" : [8.17908,45.13846]},
			"properties" : { "ANNO":"2010","ID_SEZIONE":"21119","ISTAT_COMUNE_SEZ":"6184","COMUNE_SEZ":"VILLAMIROGLIO","PROVINCIA":"AL","ID_CENTRALE":"1557","NOME_CENTRALE":"VALLEGIOLITTI","ISTAT_COMUNE_CENTR":"6184","COMUNE_CENTR":"VILLAMIROGLIO","PROVINCIA_CENTR":"AL","INDIRIZZO_CENTRALE":"ROMA","LATITUDINE_SEZIONE":"45.13846","LONGITUDINE_SEZIONE":"8.17908","POS_X_SEZIONE":"435455.20471","POS_Y_SEZIONE":"4998659.64754","LATITUDINE_CENTRALE":"45.13438","LONGITUDINE_CENTRALE":"8.17159","POS_X_CENTRALE":"434861.34425","POS_Y_CENTRALE":"4998211.92900","TIPO_ADSL":"NO","DESCRIZIONE_TIPO_ADSL":"NO Adsl","DISTANZA_CALCOLATA":"743.72","CLASSE_DISTANZA":"500-899","POTENZA_SEGNALE":"","POPOLAZIONE_SEZIONE": "36"}
			},
		 		{ "type" : "Feature",
				"geometry" : {
					"type" : "Point",
					"coordinates" : [8.14719,45.13862]},
			"properties" : { "ANNO":"2010","ID_SEZIONE":"21947","ISTAT_COMUNE_SEZ":"6184","COMUNE_SEZ":"VILLAMIROGLIO","PROVINCIA":"AL","ID_CENTRALE":"1557","NOME_CENTRALE":"VALLEGIOLITTI","ISTAT_COMUNE_CENTR":"6184","COMUNE_CENTR":"VILLAMIROGLIO","PROVINCIA_CENTR":"AL","INDIRIZZO_CENTRALE":"ROMA","LATITUDINE_SEZIONE":"45.13862","LONGITUDINE_SEZIONE":"8.14719","POS_X_SEZIONE":"432948.00625","POS_Y_SEZIONE":"4998703.12965","LATITUDINE_CENTRALE":"45.13438","LONGITUDINE_CENTRALE":"8.17159","POS_X_CENTRALE":"434861.34425","POS_Y_CENTRALE":"4998211.92900","TIPO_ADSL":"NO","DESCRIZIONE_TIPO_ADSL":"NO Adsl","DISTANZA_CALCOLATA":"1975.38","CLASSE_DISTANZA":"1700-2099","POTENZA_SEGNALE":"","POPOLAZIONE_SEZIONE": "24"}
			},
		 		{ "type" : "Feature",
				"geometry" : {
					"type" : "Point",
					"coordinates" : [8.16633,45.14065]},
			"properties" : { "ANNO":"2010","ID_SEZIONE":"22137","ISTAT_COMUNE_SEZ":"6184","COMUNE_SEZ":"VILLAMIROGLIO","PROVINCIA":"AL","ID_CENTRALE":"1557","NOME_CENTRALE":"VALLEGIOLITTI","ISTAT_COMUNE_CENTR":"6184","COMUNE_CENTR":"VILLAMIROGLIO","PROVINCIA_CENTR":"AL","INDIRIZZO_CENTRALE":"ROMA","LATITUDINE_SEZIONE":"45.14065","LONGITUDINE_SEZIONE":"8.16633","POS_X_SEZIONE":"434454.78948","POS_Y_SEZIONE":"4998913.14437","LATITUDINE_CENTRALE":"45.13438","LONGITUDINE_CENTRALE":"8.17159","POS_X_CENTRALE":"434861.34425","POS_Y_CENTRALE":"4998211.92900","TIPO_ADSL":"NO","DESCRIZIONE_TIPO_ADSL":"NO Adsl","DISTANZA_CALCOLATA":"810.55","CLASSE_DISTANZA":"500-899","POTENZA_SEGNALE":"","POPOLAZIONE_SEZIONE": "29"}
			},
		 		{ "type" : "Feature",
				"geometry" : {
					"type" : "Point",
					"coordinates" : [8.15133,45.14267]},
			"properties" : { "ANNO":"2010","ID_SEZIONE":"23801","ISTAT_COMUNE_SEZ":"6184","COMUNE_SEZ":"VILLAMIROGLIO","PROVINCIA":"AL","ID_CENTRALE":"1557","NOME_CENTRALE":"VALLEGIOLITTI","ISTAT_COMUNE_CENTR":"6184","COMUNE_CENTR":"VILLAMIROGLIO","PROVINCIA_CENTR":"AL","INDIRIZZO_CENTRALE":"ROMA","LATITUDINE_SEZIONE":"45.14267","LONGITUDINE_SEZIONE":"8.15133","POS_X_SEZIONE":"433278.03479","POS_Y_SEZIONE":"4999150.13842","LATITUDINE_CENTRALE":"45.13438","LONGITUDINE_CENTRALE":"8.17159","POS_X_CENTRALE":"434861.34425","POS_Y_CENTRALE":"4998211.92900","TIPO_ADSL":"NO","DESCRIZIONE_TIPO_ADSL":"NO Adsl","DISTANZA_CALCOLATA":"1840.41","CLASSE_DISTANZA":"1700-2099","POTENZA_SEGNALE":"","POPOLAZIONE_SEZIONE": "20"}
			},
		 		{ "type" : "Feature",
				"geometry" : {
					"type" : "Point",
					"coordinates" : [8.16523,45.15314]},
			"properties" : { "ANNO":"2010","ID_SEZIONE":"28231","ISTAT_COMUNE_SEZ":"6099","COMUNE_SEZ":"MONCESTINO","PROVINCIA":"AL","ID_CENTRALE":"1557","NOME_CENTRALE":"VALLEGIOLITTI","ISTAT_COMUNE_CENTR":"6184","COMUNE_CENTR":"VILLAMIROGLIO","PROVINCIA_CENTR":"AL","INDIRIZZO_CENTRALE":"ROMA","LATITUDINE_SEZIONE":"45.15314","LONGITUDINE_SEZIONE":"8.16523","POS_X_SEZIONE":"434382.49303","POS_Y_SEZIONE":"5000301.66482","LATITUDINE_CENTRALE":"45.13438","LONGITUDINE_CENTRALE":"8.17159","POS_X_CENTRALE":"434861.34425","POS_Y_CENTRALE":"4998211.92900","TIPO_ADSL":"NO","DESCRIZIONE_TIPO_ADSL":"NO Adsl","DISTANZA_CALCOLATA":"2143.9","CLASSE_DISTANZA":"2100-2499","POTENZA_SEGNALE":"","POPOLAZIONE_SEZIONE": "29"}
			},
		 		{ "type" : "Feature",
				"geometry" : {
					"type" : "Point",
					"coordinates" : [8.17183,45.13450]},
			"properties" : { "ANNO":"2010","ID_SEZIONE":"30495","ISTAT_COMUNE_SEZ":"6184","COMUNE_SEZ":"VILLAMIROGLIO","PROVINCIA":"AL","ID_CENTRALE":"1557","NOME_CENTRALE":"VALLEGIOLITTI","ISTAT_COMUNE_CENTR":"6184","COMUNE_CENTR":"VILLAMIROGLIO","PROVINCIA_CENTR":"AL","INDIRIZZO_CENTRALE":"ROMA","LATITUDINE_SEZIONE":"45.13450","LONGITUDINE_SEZIONE":"8.17183","POS_X_SEZIONE":"434880.77399","POS_Y_SEZIONE":"4998225.63691","LATITUDINE_CENTRALE":"45.13438","LONGITUDINE_CENTRALE":"8.17159","POS_X_CENTRALE":"434861.34425","POS_Y_CENTRALE":"4998211.92900","TIPO_ADSL":"NO","DESCRIZIONE_TIPO_ADSL":"NO Adsl","DISTANZA_CALCOLATA":"23.78","CLASSE_DISTANZA":"0-99","POTENZA_SEGNALE":"","POPOLAZIONE_SEZIONE": "47"}
			},
		 		{ "type" : "Feature",
				"geometry" : {
					"type" : "Point",
					"coordinates" : [8.15657,45.12931]},
			"properties" : { "ANNO":"2010","ID_SEZIONE":"32579","ISTAT_COMUNE_SEZ":"6184","COMUNE_SEZ":"VILLAMIROGLIO","PROVINCIA":"AL","ID_CENTRALE":"1557","NOME_CENTRALE":"VALLEGIOLITTI","ISTAT_COMUNE_CENTR":"6184","COMUNE_CENTR":"VILLAMIROGLIO","PROVINCIA_CENTR":"AL","INDIRIZZO_CENTRALE":"ROMA","LATITUDINE_SEZIONE":"45.12931","LONGITUDINE_SEZIONE":"8.15657","POS_X_SEZIONE":"433674.73137","POS_Y_SEZIONE":"4997661.12005","LATITUDINE_CENTRALE":"45.13438","LONGITUDINE_CENTRALE":"8.17159","POS_X_CENTRALE":"434861.34425","POS_Y_CENTRALE":"4998211.92900","TIPO_ADSL":"NO","DESCRIZIONE_TIPO_ADSL":"NO Adsl","DISTANZA_CALCOLATA":"1308.22","CLASSE_DISTANZA":"1300-1699","POTENZA_SEGNALE":"","POPOLAZIONE_SEZIONE": ""}
			}
		 		]
	}
		