 	{ "type" : "FeatureCollection",
		"features" : [
		 		{ "type" : "Feature",
				"geometry" : {
					"type" : "Point",
					"coordinates" : [7.46941,44.96473]},
			"properties" : { "ANNO":"2010","ID_SEZIONE":"1979","ISTAT_COMUNE_SEZ":"1194","COMUNE_SEZ":"PIOSSASCO","PROVINCIA":"TO","ID_CENTRALE":"1001","NOME_CENTRALE":"PIOSSASCO","ISTAT_COMUNE_CENTR":"1194","COMUNE_CENTR":"PIOSSASCO","PROVINCIA_CENTR":"TO","INDIRIZZO_CENTRALE":"S.BERNARDO ANG. V.VOLVERA","LATITUDINE_SEZIONE":"44.96473","LONGITUDINE_SEZIONE":"7.46941","POS_X_SEZIONE":"379291.87359","POS_Y_SEZIONE":"4980171.38333","LATITUDINE_CENTRALE":"44.98664","LONGITUDINE_CENTRALE":"7.46683","POS_X_CENTRALE":"379134.50000","POS_Y_CENTRALE":"4982610.00000","TIPO_ADSL":"ADSL_2P","DESCRIZIONE_TIPO_ADSL":"ADSL 2+ (24 mega)","DISTANZA_CALCOLATA":"2443.69","CLASSE_DISTANZA":"2100-2499","POTENZA_SEGNALE":"10000","POPOLAZIONE_SEZIONE": "49"}
			},
		 		{ "type" : "Feature",
				"geometry" : {
					"type" : "Point",
					"coordinates" : [7.43934,44.97490]},
			"properties" : { "ANNO":"2010","ID_SEZIONE":"3062","ISTAT_COMUNE_SEZ":"1194","COMUNE_SEZ":"PIOSSASCO","PROVINCIA":"TO","ID_CENTRALE":"1001","NOME_CENTRALE":"PIOSSASCO","ISTAT_COMUNE_CENTR":"1194","COMUNE_CENTR":"PIOSSASCO","PROVINCIA_CENTR":"TO","INDIRIZZO_CENTRALE":"S.BERNARDO ANG. V.VOLVERA","LATITUDINE_SEZIONE":"44.97490","LONGITUDINE_SEZIONE":"7.43934","POS_X_SEZIONE":"376942.33221","POS_Y_SEZIONE":"4981346.39619","LATITUDINE_CENTRALE":"44.98664","LONGITUDINE_CENTRALE":"7.46683","POS_X_CENTRALE":"379134.50000","POS_Y_CENTRALE":"4982610.00000","TIPO_ADSL":"ADSL_2P","DESCRIZIONE_TIPO_ADSL":"ADSL 2+ (24 mega)","DISTANZA_CALCOLATA":"2530.28","CLASSE_DISTANZA":"2500-2899","POTENZA_SEGNALE":"7380.83","POPOLAZIONE_SEZIONE": "198"}
			},
		 		{ "type" : "Feature",
				"geometry" : {
					"type" : "Point",
					"coordinates" : [7.47269,44.99118]},
			"properties" : { "ANNO":"2010","ID_SEZIONE":"3811","ISTAT_COMUNE_SEZ":"1194","COMUNE_SEZ":"PIOSSASCO","PROVINCIA":"TO","ID_CENTRALE":"1001","NOME_CENTRALE":"PIOSSASCO","ISTAT_COMUNE_CENTR":"1194","COMUNE_CENTR":"PIOSSASCO","PROVINCIA_CENTR":"TO","INDIRIZZO_CENTRALE":"S.BERNARDO ANG. V.VOLVERA","LATITUDINE_SEZIONE":"44.99118","LONGITUDINE_SEZIONE":"7.47269","POS_X_SEZIONE":"379606.41004","POS_Y_SEZIONE":"4983105.44848","LATITUDINE_CENTRALE":"44.98664","LONGITUDINE_CENTRALE":"7.46683","POS_X_CENTRALE":"379134.50000","POS_Y_CENTRALE":"4982610.00000","TIPO_ADSL":"ADSL_2P","DESCRIZIONE_TIPO_ADSL":"ADSL 2+ (24 mega)","DISTANZA_CALCOLATA":"684.23","CLASSE_DISTANZA":"500-899","POTENZA_SEGNALE":"19523.33","POPOLAZIONE_SEZIONE": "892"}
			},
		 		{ "type" : "Feature",
				"geometry" : {
					"type" : "Point",
					"coordinates" : [7.46802,44.99644]},
			"properties" : { "ANNO":"2010","ID_SEZIONE":"4392","ISTAT_COMUNE_SEZ":"1194","COMUNE_SEZ":"PIOSSASCO","PROVINCIA":"TO","ID_CENTRALE":"1001","NOME_CENTRALE":"PIOSSASCO","ISTAT_COMUNE_CENTR":"1194","COMUNE_CENTR":"PIOSSASCO","PROVINCIA_CENTR":"TO","INDIRIZZO_CENTRALE":"S.BERNARDO ANG. V.VOLVERA","LATITUDINE_SEZIONE":"44.99644","LONGITUDINE_SEZIONE":"7.46802","POS_X_SEZIONE":"379248.94597","POS_Y_SEZIONE":"4983695.96010","LATITUDINE_CENTRALE":"44.98664","LONGITUDINE_CENTRALE":"7.46683","POS_X_CENTRALE":"379134.50000","POS_Y_CENTRALE":"4982610.00000","TIPO_ADSL":"ADSL_2P","DESCRIZIONE_TIPO_ADSL":"ADSL 2+ (24 mega)","DISTANZA_CALCOLATA":"1091.97","CLASSE_DISTANZA":"900-1299","POTENZA_SEGNALE":"17737.5","POPOLAZIONE_SEZIONE": "978"}
			},
		 		{ "type" : "Feature",
				"geometry" : {
					"type" : "Point",
					"coordinates" : [7.47789,44.99139]},
			"properties" : { "ANNO":"2010","ID_SEZIONE":"8055","ISTAT_COMUNE_SEZ":"1194","COMUNE_SEZ":"PIOSSASCO","PROVINCIA":"TO","ID_CENTRALE":"1001","NOME_CENTRALE":"PIOSSASCO","ISTAT_COMUNE_CENTR":"1194","COMUNE_CENTR":"PIOSSASCO","PROVINCIA_CENTR":"TO","INDIRIZZO_CENTRALE":"S.BERNARDO ANG. V.VOLVERA","LATITUDINE_SEZIONE":"44.99139","LONGITUDINE_SEZIONE":"7.47789","POS_X_SEZIONE":"380016.78828","POS_Y_SEZIONE":"4983120.95031","LATITUDINE_CENTRALE":"44.98664","LONGITUDINE_CENTRALE":"7.46683","POS_X_CENTRALE":"379134.50000","POS_Y_CENTRALE":"4982610.00000","TIPO_ADSL":"ADSL_2P","DESCRIZIONE_TIPO_ADSL":"ADSL 2+ (24 mega)","DISTANZA_CALCOLATA":"1019.56","CLASSE_DISTANZA":"900-1299","POTENZA_SEGNALE":"17737.5","POPOLAZIONE_SEZIONE": "462"}
			},
		 		{ "type" : "Feature",
				"geometry" : {
					"type" : "Point",
					"coordinates" : [7.44462,44.98168]},
			"properties" : { "ANNO":"2010","ID_SEZIONE":"8325","ISTAT_COMUNE_SEZ":"1194","COMUNE_SEZ":"PIOSSASCO","PROVINCIA":"TO","ID_CENTRALE":"1001","NOME_CENTRALE":"PIOSSASCO","ISTAT_COMUNE_CENTR":"1194","COMUNE_CENTR":"PIOSSASCO","PROVINCIA_CENTR":"TO","INDIRIZZO_CENTRALE":"S.BERNARDO ANG. V.VOLVERA","LATITUDINE_SEZIONE":"44.98168","LONGITUDINE_SEZIONE":"7.44462","POS_X_SEZIONE":"377373.05221","POS_Y_SEZIONE":"4982091.91581","LATITUDINE_CENTRALE":"44.98664","LONGITUDINE_CENTRALE":"7.46683","POS_X_CENTRALE":"379134.50000","POS_Y_CENTRALE":"4982610.00000","TIPO_ADSL":"ADSL_2P","DESCRIZIONE_TIPO_ADSL":"ADSL 2+ (24 mega)","DISTANZA_CALCOLATA":"1836.06","CLASSE_DISTANZA":"1700-2099","POTENZA_SEGNALE":"12975.83","POPOLAZIONE_SEZIONE": "580"}
			},
		 		{ "type" : "Feature",
				"geometry" : {
					"type" : "Point",
					"coordinates" : [7.45443,44.98999]},
			"properties" : { "ANNO":"2010","ID_SEZIONE":"8942","ISTAT_COMUNE_SEZ":"1194","COMUNE_SEZ":"PIOSSASCO","PROVINCIA":"TO","ID_CENTRALE":"1001","NOME_CENTRALE":"PIOSSASCO","ISTAT_COMUNE_CENTR":"1194","COMUNE_CENTR":"PIOSSASCO","PROVINCIA_CENTR":"TO","INDIRIZZO_CENTRALE":"S.BERNARDO ANG. V.VOLVERA","LATITUDINE_SEZIONE":"44.98999","LONGITUDINE_SEZIONE":"7.45443","POS_X_SEZIONE":"378164.39941","POS_Y_SEZIONE":"4983000.44138","LATITUDINE_CENTRALE":"44.98664","LONGITUDINE_CENTRALE":"7.46683","POS_X_CENTRALE":"379134.50000","POS_Y_CENTRALE":"4982610.00000","TIPO_ADSL":"ADSL_2P","DESCRIZIONE_TIPO_ADSL":"ADSL 2+ (24 mega)","DISTANZA_CALCOLATA":"1045.72","CLASSE_DISTANZA":"900-1299","POTENZA_SEGNALE":"17737.5","POPOLAZIONE_SEZIONE": "349"}
			},
		 		{ "type" : "Feature",
				"geometry" : {
					"type" : "Point",
					"coordinates" : [7.47140,44.99027]},
			"properties" : { "ANNO":"2010","ID_SEZIONE":"8944","ISTAT_COMUNE_SEZ":"1194","COMUNE_SEZ":"PIOSSASCO","PROVINCIA":"TO","ID_CENTRALE":"1001","NOME_CENTRALE":"PIOSSASCO","ISTAT_COMUNE_CENTR":"1194","COMUNE_CENTR":"PIOSSASCO","PROVINCIA_CENTR":"TO","INDIRIZZO_CENTRALE":"S.BERNARDO ANG. V.VOLVERA","LATITUDINE_SEZIONE":"44.99027","LONGITUDINE_SEZIONE":"7.47140","POS_X_SEZIONE":"379502.18937","POS_Y_SEZIONE":"4983005.94589","LATITUDINE_CENTRALE":"44.98664","LONGITUDINE_CENTRALE":"7.46683","POS_X_CENTRALE":"379134.50000","POS_Y_CENTRALE":"4982610.00000","TIPO_ADSL":"ADSL_2P","DESCRIZIONE_TIPO_ADSL":"ADSL 2+ (24 mega)","DISTANZA_CALCOLATA":"540.34","CLASSE_DISTANZA":"500-899","POTENZA_SEGNALE":"19523.33","POPOLAZIONE_SEZIONE": "439"}
			},
		 		{ "type" : "Feature",
				"geometry" : {
					"type" : "Point",
					"coordinates" : [7.45935,44.98100]},
			"properties" : { "ANNO":"2010","ID_SEZIONE":"9145","ISTAT_COMUNE_SEZ":"1194","COMUNE_SEZ":"PIOSSASCO","PROVINCIA":"TO","ID_CENTRALE":"1001","NOME_CENTRALE":"PIOSSASCO","ISTAT_COMUNE_CENTR":"1194","COMUNE_CENTR":"PIOSSASCO","PROVINCIA_CENTR":"TO","INDIRIZZO_CENTRALE":"S.BERNARDO ANG. V.VOLVERA","LATITUDINE_SEZIONE":"44.98100","LONGITUDINE_SEZIONE":"7.45935","POS_X_SEZIONE":"378532.92114","POS_Y_SEZIONE":"4981994.42077","LATITUDINE_CENTRALE":"44.98664","LONGITUDINE_CENTRALE":"7.46683","POS_X_CENTRALE":"379134.50000","POS_Y_CENTRALE":"4982610.00000","TIPO_ADSL":"ADSL_2P","DESCRIZIONE_TIPO_ADSL":"ADSL 2+ (24 mega)","DISTANZA_CALCOLATA":"860.72","CLASSE_DISTANZA":"500-899","POTENZA_SEGNALE":"19523.33","POPOLAZIONE_SEZIONE": "1033"}
			},
		 		{ "type" : "Feature",
				"geometry" : {
					"type" : "Point",
					"coordinates" : [7.47818,44.97454]},
			"properties" : { "ANNO":"2010","ID_SEZIONE":"11209","ISTAT_COMUNE_SEZ":"1194","COMUNE_SEZ":"PIOSSASCO","PROVINCIA":"TO","ID_CENTRALE":"1001","NOME_CENTRALE":"PIOSSASCO","ISTAT_COMUNE_CENTR":"1194","COMUNE_CENTR":"PIOSSASCO","PROVINCIA_CENTR":"TO","INDIRIZZO_CENTRALE":"S.BERNARDO ANG. V.VOLVERA","LATITUDINE_SEZIONE":"44.97454","LONGITUDINE_SEZIONE":"7.47818","POS_X_SEZIONE":"380003.79679","POS_Y_SEZIONE":"4981248.40912","LATITUDINE_CENTRALE":"44.98664","LONGITUDINE_CENTRALE":"7.46683","POS_X_CENTRALE":"379134.50000","POS_Y_CENTRALE":"4982610.00000","TIPO_ADSL":"ADSL_2P","DESCRIZIONE_TIPO_ADSL":"ADSL 2+ (24 mega)","DISTANZA_CALCOLATA":"1615.43","CLASSE_DISTANZA":"1300-1699","POTENZA_SEGNALE":"16071.67","POPOLAZIONE_SEZIONE": ""}
			},
		 		{ "type" : "Feature",
				"geometry" : {
					"type" : "Point",
					"coordinates" : [7.40196,44.99256]},
			"properties" : { "ANNO":"2010","ID_SEZIONE":"12664","ISTAT_COMUNE_SEZ":"1194","COMUNE_SEZ":"PIOSSASCO","PROVINCIA":"TO","ID_CENTRALE":"1001","NOME_CENTRALE":"PIOSSASCO","ISTAT_COMUNE_CENTR":"1194","COMUNE_CENTR":"PIOSSASCO","PROVINCIA_CENTR":"TO","INDIRIZZO_CENTRALE":"S.BERNARDO ANG. V.VOLVERA","LATITUDINE_SEZIONE":"44.99256","LONGITUDINE_SEZIONE":"7.40196","POS_X_SEZIONE":"374033.36530","POS_Y_SEZIONE":"4983365.91159","LATITUDINE_CENTRALE":"44.98664","LONGITUDINE_CENTRALE":"7.46683","POS_X_CENTRALE":"379134.50000","POS_Y_CENTRALE":"4982610.00000","TIPO_ADSL":"ADSL_2P","DESCRIZIONE_TIPO_ADSL":"ADSL 2+ (24 mega)","DISTANZA_CALCOLATA":"5156.84","CLASSE_DISTANZA":"4900-5299","POTENZA_SEGNALE":"952.50","POPOLAZIONE_SEZIONE": "69"}
			},
		 		{ "type" : "Feature",
				"geometry" : {
					"type" : "Point",
					"coordinates" : [7.46382,44.99064]},
			"properties" : { "ANNO":"2010","ID_SEZIONE":"15451","ISTAT_COMUNE_SEZ":"1194","COMUNE_SEZ":"PIOSSASCO","PROVINCIA":"TO","ID_CENTRALE":"1001","NOME_CENTRALE":"PIOSSASCO","ISTAT_COMUNE_CENTR":"1194","COMUNE_CENTR":"PIOSSASCO","PROVINCIA_CENTR":"TO","INDIRIZZO_CENTRALE":"S.BERNARDO ANG. V.VOLVERA","LATITUDINE_SEZIONE":"44.99064","LONGITUDINE_SEZIONE":"7.46382","POS_X_SEZIONE":"378905.81074","POS_Y_SEZIONE":"4983058.94506","LATITUDINE_CENTRALE":"44.98664","LONGITUDINE_CENTRALE":"7.46683","POS_X_CENTRALE":"379134.50000","POS_Y_CENTRALE":"4982610.00000","TIPO_ADSL":"ADSL_2P","DESCRIZIONE_TIPO_ADSL":"ADSL 2+ (24 mega)","DISTANZA_CALCOLATA":"503.84","CLASSE_DISTANZA":"500-899","POTENZA_SEGNALE":"19523.33","POPOLAZIONE_SEZIONE": "665"}
			},
		 		{ "type" : "Feature",
				"geometry" : {
					"type" : "Point",
					"coordinates" : [7.45967,44.98503]},
			"properties" : { "ANNO":"2010","ID_SEZIONE":"15765","ISTAT_COMUNE_SEZ":"1194","COMUNE_SEZ":"PIOSSASCO","PROVINCIA":"TO","ID_CENTRALE":"1001","NOME_CENTRALE":"PIOSSASCO","ISTAT_COMUNE_CENTR":"1194","COMUNE_CENTR":"PIOSSASCO","PROVINCIA_CENTR":"TO","INDIRIZZO_CENTRALE":"S.BERNARDO ANG. V.VOLVERA","LATITUDINE_SEZIONE":"44.98503","LONGITUDINE_SEZIONE":"7.45967","POS_X_SEZIONE":"378566.61330","POS_Y_SEZIONE":"4982440.93034","LATITUDINE_CENTRALE":"44.98664","LONGITUDINE_CENTRALE":"7.46683","POS_X_CENTRALE":"379134.50000","POS_Y_CENTRALE":"4982610.00000","TIPO_ADSL":"ADSL_2P","DESCRIZIONE_TIPO_ADSL":"ADSL 2+ (24 mega)","DISTANZA_CALCOLATA":"592.52","CLASSE_DISTANZA":"500-899","POTENZA_SEGNALE":"19523.33","POPOLAZIONE_SEZIONE": "836"}
			},
		 		{ "type" : "Feature",
				"geometry" : {
					"type" : "Point",
					"coordinates" : [7.47511,44.98882]},
			"properties" : { "ANNO":"2010","ID_SEZIONE":"16004","ISTAT_COMUNE_SEZ":"1194","COMUNE_SEZ":"PIOSSASCO","PROVINCIA":"TO","ID_CENTRALE":"1001","NOME_CENTRALE":"PIOSSASCO","ISTAT_COMUNE_CENTR":"1194","COMUNE_CENTR":"PIOSSASCO","PROVINCIA_CENTR":"TO","INDIRIZZO_CENTRALE":"S.BERNARDO ANG. V.VOLVERA","LATITUDINE_SEZIONE":"44.98882","LONGITUDINE_SEZIONE":"7.47511","POS_X_SEZIONE":"379791.72025","POS_Y_SEZIONE":"4982839.44298","LATITUDINE_CENTRALE":"44.98664","LONGITUDINE_CENTRALE":"7.46683","POS_X_CENTRALE":"379134.50000","POS_Y_CENTRALE":"4982610.00000","TIPO_ADSL":"ADSL_2P","DESCRIZIONE_TIPO_ADSL":"ADSL 2+ (24 mega)","DISTANZA_CALCOLATA":"696.12","CLASSE_DISTANZA":"500-899","POTENZA_SEGNALE":"19523.33","POPOLAZIONE_SEZIONE": "307"}
			},
		 		{ "type" : "Feature",
				"geometry" : {
					"type" : "Point",
					"coordinates" : [7.49214,44.99316]},
			"properties" : { "ANNO":"2010","ID_SEZIONE":"16325","ISTAT_COMUNE_SEZ":"1194","COMUNE_SEZ":"PIOSSASCO","PROVINCIA":"TO","ID_CENTRALE":"1001","NOME_CENTRALE":"PIOSSASCO","ISTAT_COMUNE_CENTR":"1194","COMUNE_CENTR":"PIOSSASCO","PROVINCIA_CENTR":"TO","INDIRIZZO_CENTRALE":"S.BERNARDO ANG. V.VOLVERA","LATITUDINE_SEZIONE":"44.99316","LONGITUDINE_SEZIONE":"7.49214","POS_X_SEZIONE":"381143.20415","POS_Y_SEZIONE":"4983296.45776","LATITUDINE_CENTRALE":"44.98664","LONGITUDINE_CENTRALE":"7.46683","POS_X_CENTRALE":"379134.50000","POS_Y_CENTRALE":"4982610.00000","TIPO_ADSL":"ADSL_2P","DESCRIZIONE_TIPO_ADSL":"ADSL 2+ (24 mega)","DISTANZA_CALCOLATA":"2122.76","CLASSE_DISTANZA":"2100-2499","POTENZA_SEGNALE":"10000","POPOLAZIONE_SEZIONE": "417"}
			},
		 		{ "type" : "Feature",
				"geometry" : {
					"type" : "Point",
					"coordinates" : [7.43663,44.98619]},
			"properties" : { "ANNO":"2010","ID_SEZIONE":"19437","ISTAT_COMUNE_SEZ":"1194","COMUNE_SEZ":"PIOSSASCO","PROVINCIA":"TO","ID_CENTRALE":"1001","NOME_CENTRALE":"PIOSSASCO","ISTAT_COMUNE_CENTR":"1194","COMUNE_CENTR":"PIOSSASCO","PROVINCIA_CENTR":"TO","INDIRIZZO_CENTRALE":"S.BERNARDO ANG. V.VOLVERA","LATITUDINE_SEZIONE":"44.98619","LONGITUDINE_SEZIONE":"7.43663","POS_X_SEZIONE":"376753.22348","POS_Y_SEZIONE":"4982605.42109","LATITUDINE_CENTRALE":"44.98664","LONGITUDINE_CENTRALE":"7.46683","POS_X_CENTRALE":"379134.50000","POS_Y_CENTRALE":"4982610.00000","TIPO_ADSL":"ADSL_2P","DESCRIZIONE_TIPO_ADSL":"ADSL 2+ (24 mega)","DISTANZA_CALCOLATA":"2381.28","CLASSE_DISTANZA":"2100-2499","POTENZA_SEGNALE":"10000","POPOLAZIONE_SEZIONE": "441"}
			},
		 		{ "type" : "Feature",
				"geometry" : {
					"type" : "Point",
					"coordinates" : [7.40674,44.99205]},
			"properties" : { "ANNO":"2010","ID_SEZIONE":"19500","ISTAT_COMUNE_SEZ":"1194","COMUNE_SEZ":"PIOSSASCO","PROVINCIA":"TO","ID_CENTRALE":"1001","NOME_CENTRALE":"PIOSSASCO","ISTAT_COMUNE_CENTR":"1194","COMUNE_CENTR":"PIOSSASCO","PROVINCIA_CENTR":"TO","INDIRIZZO_CENTRALE":"S.BERNARDO ANG. V.VOLVERA","LATITUDINE_SEZIONE":"44.99205","LONGITUDINE_SEZIONE":"7.40674","POS_X_SEZIONE":"374409.07858","POS_Y_SEZIONE":"4983301.91364","LATITUDINE_CENTRALE":"44.98664","LONGITUDINE_CENTRALE":"7.46683","POS_X_CENTRALE":"379134.50000","POS_Y_CENTRALE":"4982610.00000","TIPO_ADSL":"ADSL_2P","DESCRIZIONE_TIPO_ADSL":"ADSL 2+ (24 mega)","DISTANZA_CALCOLATA":"4775.81","CLASSE_DISTANZA":"4500-4899","POTENZA_SEGNALE":"1428.33","POPOLAZIONE_SEZIONE": "95"}
			},
		 		{ "type" : "Feature",
				"geometry" : {
					"type" : "Point",
					"coordinates" : [7.47045,44.98651]},
			"properties" : { "ANNO":"2010","ID_SEZIONE":"20044","ISTAT_COMUNE_SEZ":"1194","COMUNE_SEZ":"PIOSSASCO","PROVINCIA":"TO","ID_CENTRALE":"1001","NOME_CENTRALE":"PIOSSASCO","ISTAT_COMUNE_CENTR":"1194","COMUNE_CENTR":"PIOSSASCO","PROVINCIA_CENTR":"TO","INDIRIZZO_CENTRALE":"S.BERNARDO ANG. V.VOLVERA","LATITUDINE_SEZIONE":"44.98651","LONGITUDINE_SEZIONE":"7.47045","POS_X_SEZIONE":"379419.87103","POS_Y_SEZIONE":"4982589.93668","LATITUDINE_CENTRALE":"44.98664","LONGITUDINE_CENTRALE":"7.46683","POS_X_CENTRALE":"379134.50000","POS_Y_CENTRALE":"4982610.00000","TIPO_ADSL":"ADSL_2P","DESCRIZIONE_TIPO_ADSL":"ADSL 2+ (24 mega)","DISTANZA_CALCOLATA":"286.08","CLASSE_DISTANZA":"100-499","POTENZA_SEGNALE":"19761.67","POPOLAZIONE_SEZIONE": "1059"}
			},
		 		{ "type" : "Feature",
				"geometry" : {
					"type" : "Point",
					"coordinates" : [7.47076,44.99424]},
			"properties" : { "ANNO":"2010","ID_SEZIONE":"20412","ISTAT_COMUNE_SEZ":"1194","COMUNE_SEZ":"PIOSSASCO","PROVINCIA":"TO","ID_CENTRALE":"1001","NOME_CENTRALE":"PIOSSASCO","ISTAT_COMUNE_CENTR":"1194","COMUNE_CENTR":"PIOSSASCO","PROVINCIA_CENTR":"TO","INDIRIZZO_CENTRALE":"S.BERNARDO ANG. V.VOLVERA","LATITUDINE_SEZIONE":"44.99424","LONGITUDINE_SEZIONE":"7.47076","POS_X_SEZIONE":"379460.69433","POS_Y_SEZIONE":"4983447.45527","LATITUDINE_CENTRALE":"44.98664","LONGITUDINE_CENTRALE":"7.46683","POS_X_CENTRALE":"379134.50000","POS_Y_CENTRALE":"4982610.00000","TIPO_ADSL":"ADSL_2P","DESCRIZIONE_TIPO_ADSL":"ADSL 2+ (24 mega)","DISTANZA_CALCOLATA":"898.74","CLASSE_DISTANZA":"500-899","POTENZA_SEGNALE":"19523.33","POPOLAZIONE_SEZIONE": "926"}
			},
		 		{ "type" : "Feature",
				"geometry" : {
					"type" : "Point",
					"coordinates" : [7.45382,44.98533]},
			"properties" : { "ANNO":"2010","ID_SEZIONE":"23495","ISTAT_COMUNE_SEZ":"1194","COMUNE_SEZ":"PIOSSASCO","PROVINCIA":"TO","ID_CENTRALE":"1001","NOME_CENTRALE":"PIOSSASCO","ISTAT_COMUNE_CENTR":"1194","COMUNE_CENTR":"PIOSSASCO","PROVINCIA_CENTR":"TO","INDIRIZZO_CENTRALE":"S.BERNARDO ANG. V.VOLVERA","LATITUDINE_SEZIONE":"44.98533","LONGITUDINE_SEZIONE":"7.45382","POS_X_SEZIONE":"378106.57977","POS_Y_SEZIONE":"4982483.92964","LATITUDINE_CENTRALE":"44.98664","LONGITUDINE_CENTRALE":"7.46683","POS_X_CENTRALE":"379134.50000","POS_Y_CENTRALE":"4982610.00000","TIPO_ADSL":"ADSL_2P","DESCRIZIONE_TIPO_ADSL":"ADSL 2+ (24 mega)","DISTANZA_CALCOLATA":"1035.62","CLASSE_DISTANZA":"900-1299","POTENZA_SEGNALE":"17737.5","POPOLAZIONE_SEZIONE": "640"}
			},
		 		{ "type" : "Feature",
				"geometry" : {
					"type" : "Point",
					"coordinates" : [7.47614,44.98756]},
			"properties" : { "ANNO":"2010","ID_SEZIONE":"23880","ISTAT_COMUNE_SEZ":"1194","COMUNE_SEZ":"PIOSSASCO","PROVINCIA":"TO","ID_CENTRALE":"1001","NOME_CENTRALE":"PIOSSASCO","ISTAT_COMUNE_CENTR":"1194","COMUNE_CENTR":"PIOSSASCO","PROVINCIA_CENTR":"TO","INDIRIZZO_CENTRALE":"S.BERNARDO ANG. V.VOLVERA","LATITUDINE_SEZIONE":"44.98756","LONGITUDINE_SEZIONE":"7.47614","POS_X_SEZIONE":"379870.43820","POS_Y_SEZIONE":"4982697.94052","LATITUDINE_CENTRALE":"44.98664","LONGITUDINE_CENTRALE":"7.46683","POS_X_CENTRALE":"379134.50000","POS_Y_CENTRALE":"4982610.00000","TIPO_ADSL":"ADSL_2P","DESCRIZIONE_TIPO_ADSL":"ADSL 2+ (24 mega)","DISTANZA_CALCOLATA":"741.17","CLASSE_DISTANZA":"500-899","POTENZA_SEGNALE":"19523.33","POPOLAZIONE_SEZIONE": "926"}
			},
		 		{ "type" : "Feature",
				"geometry" : {
					"type" : "Point",
					"coordinates" : [7.42979,44.99537]},
			"properties" : { "ANNO":"2010","ID_SEZIONE":"24478","ISTAT_COMUNE_SEZ":"1194","COMUNE_SEZ":"PIOSSASCO","PROVINCIA":"TO","ID_CENTRALE":"1001","NOME_CENTRALE":"PIOSSASCO","ISTAT_COMUNE_CENTR":"1194","COMUNE_CENTR":"PIOSSASCO","PROVINCIA_CENTR":"TO","INDIRIZZO_CENTRALE":"S.BERNARDO ANG. V.VOLVERA","LATITUDINE_SEZIONE":"44.99537","LONGITUDINE_SEZIONE":"7.42979","POS_X_SEZIONE":"376233.61720","POS_Y_SEZIONE":"4983635.43760","LATITUDINE_CENTRALE":"44.98664","LONGITUDINE_CENTRALE":"7.46683","POS_X_CENTRALE":"379134.50000","POS_Y_CENTRALE":"4982610.00000","TIPO_ADSL":"ADSL_2P","DESCRIZIONE_TIPO_ADSL":"ADSL 2+ (24 mega)","DISTANZA_CALCOLATA":"3076.79","CLASSE_DISTANZA":"2900-3299","POTENZA_SEGNALE":"5238.33","POPOLAZIONE_SEZIONE": "189"}
			},
		 		{ "type" : "Feature",
				"geometry" : {
					"type" : "Point",
					"coordinates" : [7.46998,44.99181]},
			"properties" : { "ANNO":"2010","ID_SEZIONE":"24762","ISTAT_COMUNE_SEZ":"1194","COMUNE_SEZ":"PIOSSASCO","PROVINCIA":"TO","ID_CENTRALE":"1001","NOME_CENTRALE":"PIOSSASCO","ISTAT_COMUNE_CENTR":"1194","COMUNE_CENTR":"PIOSSASCO","PROVINCIA_CENTR":"TO","INDIRIZZO_CENTRALE":"S.BERNARDO ANG. V.VOLVERA","LATITUDINE_SEZIONE":"44.99181","LONGITUDINE_SEZIONE":"7.46998","POS_X_SEZIONE":"379394.15993","POS_Y_SEZIONE":"4983178.94916","LATITUDINE_CENTRALE":"44.98664","LONGITUDINE_CENTRALE":"7.46683","POS_X_CENTRALE":"379134.50000","POS_Y_CENTRALE":"4982610.00000","TIPO_ADSL":"ADSL_2P","DESCRIZIONE_TIPO_ADSL":"ADSL 2+ (24 mega)","DISTANZA_CALCOLATA":"625.40","CLASSE_DISTANZA":"500-899","POTENZA_SEGNALE":"19523.33","POPOLAZIONE_SEZIONE": "256"}
			},
		 		{ "type" : "Feature",
				"geometry" : {
					"type" : "Point",
					"coordinates" : [7.45735,44.98701]},
			"properties" : { "ANNO":"2010","ID_SEZIONE":"24763","ISTAT_COMUNE_SEZ":"1194","COMUNE_SEZ":"PIOSSASCO","PROVINCIA":"TO","ID_CENTRALE":"1001","NOME_CENTRALE":"PIOSSASCO","ISTAT_COMUNE_CENTR":"1194","COMUNE_CENTR":"PIOSSASCO","PROVINCIA_CENTR":"TO","INDIRIZZO_CENTRALE":"S.BERNARDO ANG. V.VOLVERA","LATITUDINE_SEZIONE":"44.98701","LONGITUDINE_SEZIONE":"7.45735","POS_X_SEZIONE":"378388.11474","POS_Y_SEZIONE":"4982664.43472","LATITUDINE_CENTRALE":"44.98664","LONGITUDINE_CENTRALE":"7.46683","POS_X_CENTRALE":"379134.50000","POS_Y_CENTRALE":"4982610.00000","TIPO_ADSL":"ADSL_2P","DESCRIZIONE_TIPO_ADSL":"ADSL 2+ (24 mega)","DISTANZA_CALCOLATA":"748.37","CLASSE_DISTANZA":"500-899","POTENZA_SEGNALE":"19523.33","POPOLAZIONE_SEZIONE": "433"}
			},
		 		{ "type" : "Feature",
				"geometry" : {
					"type" : "Point",
					"coordinates" : [7.48074,44.98944]},
			"properties" : { "ANNO":"2010","ID_SEZIONE":"25411","ISTAT_COMUNE_SEZ":"1194","COMUNE_SEZ":"PIOSSASCO","PROVINCIA":"TO","ID_CENTRALE":"1001","NOME_CENTRALE":"PIOSSASCO","ISTAT_COMUNE_CENTR":"1194","COMUNE_CENTR":"PIOSSASCO","PROVINCIA_CENTR":"TO","INDIRIZZO_CENTRALE":"S.BERNARDO ANG. V.VOLVERA","LATITUDINE_SEZIONE":"44.98944","LONGITUDINE_SEZIONE":"7.48074","POS_X_SEZIONE":"380237.09932","POS_Y_SEZIONE":"4982900.44573","LATITUDINE_CENTRALE":"44.98664","LONGITUDINE_CENTRALE":"7.46683","POS_X_CENTRALE":"379134.50000","POS_Y_CENTRALE":"4982610.00000","TIPO_ADSL":"ADSL_2P","DESCRIZIONE_TIPO_ADSL":"ADSL 2+ (24 mega)","DISTANZA_CALCOLATA":"1140.21","CLASSE_DISTANZA":"900-1299","POTENZA_SEGNALE":"17737.5","POPOLAZIONE_SEZIONE": "824"}
			},
		 		{ "type" : "Feature",
				"geometry" : {
					"type" : "Point",
					"coordinates" : [7.46856,44.98999]},
			"properties" : { "ANNO":"2010","ID_SEZIONE":"25708","ISTAT_COMUNE_SEZ":"1194","COMUNE_SEZ":"PIOSSASCO","PROVINCIA":"TO","ID_CENTRALE":"1001","NOME_CENTRALE":"PIOSSASCO","ISTAT_COMUNE_CENTR":"1194","COMUNE_CENTR":"PIOSSASCO","PROVINCIA_CENTR":"TO","INDIRIZZO_CENTRALE":"S.BERNARDO ANG. V.VOLVERA","LATITUDINE_SEZIONE":"44.98999","LONGITUDINE_SEZIONE":"7.46856","POS_X_SEZIONE":"379278.12434","POS_Y_SEZIONE":"4982979.44477","LATITUDINE_CENTRALE":"44.98664","LONGITUDINE_CENTRALE":"7.46683","POS_X_CENTRALE":"379134.50000","POS_Y_CENTRALE":"4982610.00000","TIPO_ADSL":"ADSL_2P","DESCRIZIONE_TIPO_ADSL":"ADSL 2+ (24 mega)","DISTANZA_CALCOLATA":"396.38","CLASSE_DISTANZA":"100-499","POTENZA_SEGNALE":"19761.67","POPOLAZIONE_SEZIONE": "343"}
			},
		 		{ "type" : "Feature",
				"geometry" : {
					"type" : "Point",
					"coordinates" : [7.49963,44.98474]},
			"properties" : { "ANNO":"2010","ID_SEZIONE":"25709","ISTAT_COMUNE_SEZ":"1194","COMUNE_SEZ":"PIOSSASCO","PROVINCIA":"TO","ID_CENTRALE":"1001","NOME_CENTRALE":"PIOSSASCO","ISTAT_COMUNE_CENTR":"1194","COMUNE_CENTR":"PIOSSASCO","PROVINCIA_CENTR":"TO","INDIRIZZO_CENTRALE":"S.BERNARDO ANG. V.VOLVERA","LATITUDINE_SEZIONE":"44.98474","LONGITUDINE_SEZIONE":"7.49963","POS_X_SEZIONE":"381716.44652","POS_Y_SEZIONE":"4982349.93872","LATITUDINE_CENTRALE":"44.98664","LONGITUDINE_CENTRALE":"7.46683","POS_X_CENTRALE":"379134.50000","POS_Y_CENTRALE":"4982610.00000","TIPO_ADSL":"ADSL_2P","DESCRIZIONE_TIPO_ADSL":"ADSL 2+ (24 mega)","DISTANZA_CALCOLATA":"2595.01","CLASSE_DISTANZA":"2500-2899","POTENZA_SEGNALE":"7380.83","POPOLAZIONE_SEZIONE": "126"}
			},
		 		{ "type" : "Feature",
				"geometry" : {
					"type" : "Point",
					"coordinates" : [7.46658,44.96966]},
			"properties" : { "ANNO":"2010","ID_SEZIONE":"26031","ISTAT_COMUNE_SEZ":"1194","COMUNE_SEZ":"PIOSSASCO","PROVINCIA":"TO","ID_CENTRALE":"1001","NOME_CENTRALE":"PIOSSASCO","ISTAT_COMUNE_CENTR":"1194","COMUNE_CENTR":"PIOSSASCO","PROVINCIA_CENTR":"TO","INDIRIZZO_CENTRALE":"S.BERNARDO ANG. V.VOLVERA","LATITUDINE_SEZIONE":"44.96966","LONGITUDINE_SEZIONE":"7.46658","POS_X_SEZIONE":"379079.09714","POS_Y_SEZIONE":"4980723.89482","LATITUDINE_CENTRALE":"44.98664","LONGITUDINE_CENTRALE":"7.46683","POS_X_CENTRALE":"379134.50000","POS_Y_CENTRALE":"4982610.00000","TIPO_ADSL":"ADSL_2P","DESCRIZIONE_TIPO_ADSL":"ADSL 2+ (24 mega)","DISTANZA_CALCOLATA":"1886.92","CLASSE_DISTANZA":"1700-2099","POTENZA_SEGNALE":"12975.83","POPOLAZIONE_SEZIONE": "37"}
			},
		 		{ "type" : "Feature",
				"geometry" : {
					"type" : "Point",
					"coordinates" : [7.45947,44.98889]},
			"properties" : { "ANNO":"2010","ID_SEZIONE":"26653","ISTAT_COMUNE_SEZ":"1194","COMUNE_SEZ":"PIOSSASCO","PROVINCIA":"TO","ID_CENTRALE":"1001","NOME_CENTRALE":"PIOSSASCO","ISTAT_COMUNE_CENTR":"1194","COMUNE_CENTR":"PIOSSASCO","PROVINCIA_CENTR":"TO","INDIRIZZO_CENTRALE":"S.BERNARDO ANG. V.VOLVERA","LATITUDINE_SEZIONE":"44.98889","LONGITUDINE_SEZIONE":"7.45947","POS_X_SEZIONE":"378559.33727","POS_Y_SEZIONE":"4982870.43997","LATITUDINE_CENTRALE":"44.98664","LONGITUDINE_CENTRALE":"7.46683","POS_X_CENTRALE":"379134.50000","POS_Y_CENTRALE":"4982610.00000","TIPO_ADSL":"ADSL_2P","DESCRIZIONE_TIPO_ADSL":"ADSL 2+ (24 mega)","DISTANZA_CALCOLATA":"631.38","CLASSE_DISTANZA":"500-899","POTENZA_SEGNALE":"19523.33","POPOLAZIONE_SEZIONE": "502"}
			},
		 		{ "type" : "Feature",
				"geometry" : {
					"type" : "Point",
					"coordinates" : [7.46596,44.98801]},
			"properties" : { "ANNO":"2010","ID_SEZIONE":"27740","ISTAT_COMUNE_SEZ":"1194","COMUNE_SEZ":"PIOSSASCO","PROVINCIA":"TO","ID_CENTRALE":"1001","NOME_CENTRALE":"PIOSSASCO","ISTAT_COMUNE_CENTR":"1194","COMUNE_CENTR":"PIOSSASCO","PROVINCIA_CENTR":"TO","INDIRIZZO_CENTRALE":"S.BERNARDO ANG. V.VOLVERA","LATITUDINE_SEZIONE":"44.98801","LONGITUDINE_SEZIONE":"7.46596","POS_X_SEZIONE":"379068.87045","POS_Y_SEZIONE":"4982762.93892","LATITUDINE_CENTRALE":"44.98664","LONGITUDINE_CENTRALE":"7.46683","POS_X_CENTRALE":"379134.50000","POS_Y_CENTRALE":"4982610.00000","TIPO_ADSL":"ADSL_2P","DESCRIZIONE_TIPO_ADSL":"ADSL 2+ (24 mega)","DISTANZA_CALCOLATA":"166.43","CLASSE_DISTANZA":"100-499","POTENZA_SEGNALE":"19761.67","POPOLAZIONE_SEZIONE": "606"}
			},
		 		{ "type" : "Feature",
				"geometry" : {
					"type" : "Point",
					"coordinates" : [7.47012,44.98866]},
			"properties" : { "ANNO":"2010","ID_SEZIONE":"28346","ISTAT_COMUNE_SEZ":"1194","COMUNE_SEZ":"PIOSSASCO","PROVINCIA":"TO","ID_CENTRALE":"1001","NOME_CENTRALE":"PIOSSASCO","ISTAT_COMUNE_CENTR":"1194","COMUNE_CENTR":"PIOSSASCO","PROVINCIA_CENTR":"TO","INDIRIZZO_CENTRALE":"S.BERNARDO ANG. V.VOLVERA","LATITUDINE_SEZIONE":"44.98866","LONGITUDINE_SEZIONE":"7.47012","POS_X_SEZIONE":"379398.37369","POS_Y_SEZIONE":"4982829.44157","LATITUDINE_CENTRALE":"44.98664","LONGITUDINE_CENTRALE":"7.46683","POS_X_CENTRALE":"379134.50000","POS_Y_CENTRALE":"4982610.00000","TIPO_ADSL":"ADSL_2P","DESCRIZIONE_TIPO_ADSL":"ADSL 2+ (24 mega)","DISTANZA_CALCOLATA":"343.20","CLASSE_DISTANZA":"100-499","POTENZA_SEGNALE":"19761.67","POPOLAZIONE_SEZIONE": "561"}
			},
		 		{ "type" : "Feature",
				"geometry" : {
					"type" : "Point",
					"coordinates" : [7.46423,44.99348]},
			"properties" : { "ANNO":"2010","ID_SEZIONE":"30780","ISTAT_COMUNE_SEZ":"1194","COMUNE_SEZ":"PIOSSASCO","PROVINCIA":"TO","ID_CENTRALE":"1001","NOME_CENTRALE":"PIOSSASCO","ISTAT_COMUNE_CENTR":"1194","COMUNE_CENTR":"PIOSSASCO","PROVINCIA_CENTR":"TO","INDIRIZZO_CENTRALE":"S.BERNARDO ANG. V.VOLVERA","LATITUDINE_SEZIONE":"44.99348","LONGITUDINE_SEZIONE":"7.46423","POS_X_SEZIONE":"378943.97061","POS_Y_SEZIONE":"4983372.95210","LATITUDINE_CENTRALE":"44.98664","LONGITUDINE_CENTRALE":"7.46683","POS_X_CENTRALE":"379134.50000","POS_Y_CENTRALE":"4982610.00000","TIPO_ADSL":"ADSL_2P","DESCRIZIONE_TIPO_ADSL":"ADSL 2+ (24 mega)","DISTANZA_CALCOLATA":"786.38","CLASSE_DISTANZA":"500-899","POTENZA_SEGNALE":"19523.33","POPOLAZIONE_SEZIONE": "900"}
			}
		 		]
	}
		