 	{ "type" : "FeatureCollection",
		"features" : [
		 		{ "type" : "Feature",
				"geometry" : {
					"type" : "Point",
					"coordinates" : [7.90624,44.96564]},
			"properties" : { "ANNO":"2010","ID_SEZIONE":"620","ISTAT_COMUNE_SEZ":"5118","COMUNE_SEZ":"VILLANOVA D'ASTI","PROVINCIA":"AT","ID_CENTRALE":"1633","NOME_CENTRALE":"VILLANOVA D'ASTI B","ISTAT_COMUNE_CENTR":"5118","COMUNE_CENTR":"VILLANOVA D'ASTI","PROVINCIA_CENTR":"AT","INDIRIZZO_CENTRALE":"VIA VILLA 3","LATITUDINE_SEZIONE":"44.96564","LONGITUDINE_SEZIONE":"7.90624","POS_X_SEZIONE":"413743.14940","POS_Y_SEZIONE":"4979715.18365","LATITUDINE_CENTRALE":"44.94531","LONGITUDINE_CENTRALE":"7.93687","POS_X_CENTRALE":"416129.00000","POS_Y_CENTRALE":"4977425.00000","TIPO_ADSL":"ADSL_2P","DESCRIZIONE_TIPO_ADSL":"ADSL 2+ (24 mega)","DISTANZA_CALCOLATA":"3307.15","CLASSE_DISTANZA":"3300-3699","POTENZA_SEGNALE":"4047.5","POPOLAZIONE_SEZIONE": "51"}
			},
		 		{ "type" : "Feature",
				"geometry" : {
					"type" : "Point",
					"coordinates" : [7.90038,44.93029]},
			"properties" : { "ANNO":"2010","ID_SEZIONE":"1513","ISTAT_COMUNE_SEZ":"5118","COMUNE_SEZ":"VILLANOVA D'ASTI","PROVINCIA":"AT","ID_CENTRALE":"1633","NOME_CENTRALE":"VILLANOVA D'ASTI B","ISTAT_COMUNE_CENTR":"5118","COMUNE_CENTR":"VILLANOVA D'ASTI","PROVINCIA_CENTR":"AT","INDIRIZZO_CENTRALE":"VIA VILLA 3","LATITUDINE_SEZIONE":"44.93029","LONGITUDINE_SEZIONE":"7.90038","POS_X_SEZIONE":"413228.05436","POS_Y_SEZIONE":"4975795.10838","LATITUDINE_CENTRALE":"44.94531","LONGITUDINE_CENTRALE":"7.93687","POS_X_CENTRALE":"416129.00000","POS_Y_CENTRALE":"4977425.00000","TIPO_ADSL":"ADSL_2P","DESCRIZIONE_TIPO_ADSL":"ADSL 2+ (24 mega)","DISTANZA_CALCOLATA":"3327.47","CLASSE_DISTANZA":"3300-3699","POTENZA_SEGNALE":"4047.5","POPOLAZIONE_SEZIONE": "60"}
			},
		 		{ "type" : "Feature",
				"geometry" : {
					"type" : "Point",
					"coordinates" : [7.92543,44.97425]},
			"properties" : { "ANNO":"2010","ID_SEZIONE":"6432","ISTAT_COMUNE_SEZ":"5118","COMUNE_SEZ":"VILLANOVA D'ASTI","PROVINCIA":"AT","ID_CENTRALE":"1633","NOME_CENTRALE":"VILLANOVA D'ASTI B","ISTAT_COMUNE_CENTR":"5118","COMUNE_CENTR":"VILLANOVA D'ASTI","PROVINCIA_CENTR":"AT","INDIRIZZO_CENTRALE":"VIA VILLA 3","LATITUDINE_SEZIONE":"44.97425","LONGITUDINE_SEZIONE":"7.92543","POS_X_SEZIONE":"415269.08962","POS_Y_SEZIONE":"4980651.72791","LATITUDINE_CENTRALE":"44.94531","LONGITUDINE_CENTRALE":"7.93687","POS_X_CENTRALE":"416129.00000","POS_Y_CENTRALE":"4977425.00000","TIPO_ADSL":"ADSL_2P","DESCRIZIONE_TIPO_ADSL":"ADSL 2+ (24 mega)","DISTANZA_CALCOLATA":"3339.34","CLASSE_DISTANZA":"3300-3699","POTENZA_SEGNALE":"4047.5","POPOLAZIONE_SEZIONE": "8"}
			},
		 		{ "type" : "Feature",
				"geometry" : {
					"type" : "Point",
					"coordinates" : [7.91304,44.91983]},
			"properties" : { "ANNO":"2010","ID_SEZIONE":"6868","ISTAT_COMUNE_SEZ":"5118","COMUNE_SEZ":"VILLANOVA D'ASTI","PROVINCIA":"AT","ID_CENTRALE":"1633","NOME_CENTRALE":"VILLANOVA D'ASTI B","ISTAT_COMUNE_CENTR":"5118","COMUNE_CENTR":"VILLANOVA D'ASTI","PROVINCIA_CENTR":"AT","INDIRIZZO_CENTRALE":"VIA VILLA 3","LATITUDINE_SEZIONE":"44.91983","LONGITUDINE_SEZIONE":"7.91304","POS_X_SEZIONE":"414211.25154","POS_Y_SEZIONE":"4974619.10684","LATITUDINE_CENTRALE":"44.94531","LONGITUDINE_CENTRALE":"7.93687","POS_X_CENTRALE":"416129.00000","POS_Y_CENTRALE":"4977425.00000","TIPO_ADSL":"ADSL_2P","DESCRIZIONE_TIPO_ADSL":"ADSL 2+ (24 mega)","DISTANZA_CALCOLATA":"3398.65","CLASSE_DISTANZA":"3300-3699","POTENZA_SEGNALE":"4047.5","POPOLAZIONE_SEZIONE": "18"}
			},
		 		{ "type" : "Feature",
				"geometry" : {
					"type" : "Point",
					"coordinates" : [7.94149,44.93856]},
			"properties" : { "ANNO":"2010","ID_SEZIONE":"7841","ISTAT_COMUNE_SEZ":"5118","COMUNE_SEZ":"VILLANOVA D'ASTI","PROVINCIA":"AT","ID_CENTRALE":"1633","NOME_CENTRALE":"VILLANOVA D'ASTI B","ISTAT_COMUNE_CENTR":"5118","COMUNE_CENTR":"VILLANOVA D'ASTI","PROVINCIA_CENTR":"AT","INDIRIZZO_CENTRALE":"VIA VILLA 3","LATITUDINE_SEZIONE":"44.93856","LONGITUDINE_SEZIONE":"7.94149","POS_X_SEZIONE":"416483.80604","POS_Y_SEZIONE":"4976669.68374","LATITUDINE_CENTRALE":"44.94531","LONGITUDINE_CENTRALE":"7.93687","POS_X_CENTRALE":"416129.00000","POS_Y_CENTRALE":"4977425.00000","TIPO_ADSL":"ADSL_2P","DESCRIZIONE_TIPO_ADSL":"ADSL 2+ (24 mega)","DISTANZA_CALCOLATA":"834.50","CLASSE_DISTANZA":"500-899","POTENZA_SEGNALE":"19523.33","POPOLAZIONE_SEZIONE": "457"}
			},
		 		{ "type" : "Feature",
				"geometry" : {
					"type" : "Point",
					"coordinates" : [7.92789,44.93257]},
			"properties" : { "ANNO":"2010","ID_SEZIONE":"8165","ISTAT_COMUNE_SEZ":"5118","COMUNE_SEZ":"VILLANOVA D'ASTI","PROVINCIA":"AT","ID_CENTRALE":"1633","NOME_CENTRALE":"VILLANOVA D'ASTI B","ISTAT_COMUNE_CENTR":"5118","COMUNE_CENTR":"VILLANOVA D'ASTI","PROVINCIA_CENTR":"AT","INDIRIZZO_CENTRALE":"VIA VILLA 3","LATITUDINE_SEZIONE":"44.93257","LONGITUDINE_SEZIONE":"7.92789","POS_X_SEZIONE":"415402.51324","POS_Y_SEZIONE":"4976019.15241","LATITUDINE_CENTRALE":"44.94531","LONGITUDINE_CENTRALE":"7.93687","POS_X_CENTRALE":"416129.00000","POS_Y_CENTRALE":"4977425.00000","TIPO_ADSL":"ADSL_2P","DESCRIZIONE_TIPO_ADSL":"ADSL 2+ (24 mega)","DISTANZA_CALCOLATA":"1582.46","CLASSE_DISTANZA":"1300-1699","POTENZA_SEGNALE":"16071.67","POPOLAZIONE_SEZIONE": "16"}
			},
		 		{ "type" : "Feature",
				"geometry" : {
					"type" : "Point",
					"coordinates" : [7.93438,44.94048]},
			"properties" : { "ANNO":"2010","ID_SEZIONE":"8980","ISTAT_COMUNE_SEZ":"5118","COMUNE_SEZ":"VILLANOVA D'ASTI","PROVINCIA":"AT","ID_CENTRALE":"1633","NOME_CENTRALE":"VILLANOVA D'ASTI B","ISTAT_COMUNE_CENTR":"5118","COMUNE_CENTR":"VILLANOVA D'ASTI","PROVINCIA_CENTR":"AT","INDIRIZZO_CENTRALE":"VIA VILLA 3","LATITUDINE_SEZIONE":"44.94048","LONGITUDINE_SEZIONE":"7.93438","POS_X_SEZIONE":"415925.72450","POS_Y_SEZIONE":"4976891.17699","LATITUDINE_CENTRALE":"44.94531","LONGITUDINE_CENTRALE":"7.93687","POS_X_CENTRALE":"416129.00000","POS_Y_CENTRALE":"4977425.00000","TIPO_ADSL":"ADSL_2P","DESCRIZIONE_TIPO_ADSL":"ADSL 2+ (24 mega)","DISTANZA_CALCOLATA":"571.22","CLASSE_DISTANZA":"500-899","POTENZA_SEGNALE":"19523.33","POPOLAZIONE_SEZIONE": "428"}
			},
		 		{ "type" : "Feature",
				"geometry" : {
					"type" : "Point",
					"coordinates" : [7.92409,44.94200]},
			"properties" : { "ANNO":"2010","ID_SEZIONE":"12270","ISTAT_COMUNE_SEZ":"5118","COMUNE_SEZ":"VILLANOVA D'ASTI","PROVINCIA":"AT","ID_CENTRALE":"1633","NOME_CENTRALE":"VILLANOVA D'ASTI B","ISTAT_COMUNE_CENTR":"5118","COMUNE_CENTR":"VILLANOVA D'ASTI","PROVINCIA_CENTR":"AT","INDIRIZZO_CENTRALE":"VIA VILLA 3","LATITUDINE_SEZIONE":"44.94200","LONGITUDINE_SEZIONE":"7.92409","POS_X_SEZIONE":"415116.49058","POS_Y_SEZIONE":"4977070.16502","LATITUDINE_CENTRALE":"44.94531","LONGITUDINE_CENTRALE":"7.93687","POS_X_CENTRALE":"416129.00000","POS_Y_CENTRALE":"4977425.00000","TIPO_ADSL":"ADSL_2P","DESCRIZIONE_TIPO_ADSL":"ADSL 2+ (24 mega)","DISTANZA_CALCOLATA":"1072.89","CLASSE_DISTANZA":"900-1299","POTENZA_SEGNALE":"17737.5","POPOLAZIONE_SEZIONE": "12"}
			},
		 		{ "type" : "Feature",
				"geometry" : {
					"type" : "Point",
					"coordinates" : [7.96092,44.98779]},
			"properties" : { "ANNO":"2010","ID_SEZIONE":"12644","ISTAT_COMUNE_SEZ":"5118","COMUNE_SEZ":"VILLANOVA D'ASTI","PROVINCIA":"AT","ID_CENTRALE":"1633","NOME_CENTRALE":"VILLANOVA D'ASTI B","ISTAT_COMUNE_CENTR":"5118","COMUNE_CENTR":"VILLANOVA D'ASTI","PROVINCIA_CENTR":"AT","INDIRIZZO_CENTRALE":"VIA VILLA 3","LATITUDINE_SEZIONE":"44.98779","LONGITUDINE_SEZIONE":"7.96092","POS_X_SEZIONE":"418086.96303","POS_Y_SEZIONE":"4982118.79940","LATITUDINE_CENTRALE":"44.94531","LONGITUDINE_CENTRALE":"7.93687","POS_X_CENTRALE":"416129.00000","POS_Y_CENTRALE":"4977425.00000","TIPO_ADSL":"ADSL_2P","DESCRIZIONE_TIPO_ADSL":"ADSL 2+ (24 mega)","DISTANZA_CALCOLATA":"5085.8","CLASSE_DISTANZA":"4900-5299","POTENZA_SEGNALE":"952.50","POPOLAZIONE_SEZIONE": "13"}
			},
		 		{ "type" : "Feature",
				"geometry" : {
					"type" : "Point",
					"coordinates" : [7.93941,44.96755]},
			"properties" : { "ANNO":"2010","ID_SEZIONE":"12645","ISTAT_COMUNE_SEZ":"5118","COMUNE_SEZ":"VILLANOVA D'ASTI","PROVINCIA":"AT","ID_CENTRALE":"1633","NOME_CENTRALE":"VILLANOVA D'ASTI B","ISTAT_COMUNE_CENTR":"5118","COMUNE_CENTR":"VILLANOVA D'ASTI","PROVINCIA_CENTR":"AT","INDIRIZZO_CENTRALE":"VIA VILLA 3","LATITUDINE_SEZIONE":"44.96755","LONGITUDINE_SEZIONE":"7.93941","POS_X_SEZIONE":"416361.84764","POS_Y_SEZIONE":"4979892.23581","LATITUDINE_CENTRALE":"44.94531","LONGITUDINE_CENTRALE":"7.93687","POS_X_CENTRALE":"416129.00000","POS_Y_CENTRALE":"4977425.00000","TIPO_ADSL":"ADSL_2P","DESCRIZIONE_TIPO_ADSL":"ADSL 2+ (24 mega)","DISTANZA_CALCOLATA":"2478.2","CLASSE_DISTANZA":"2100-2499","POTENZA_SEGNALE":"10000","POPOLAZIONE_SEZIONE": "67"}
			},
		 		{ "type" : "Feature",
				"geometry" : {
					"type" : "Point",
					"coordinates" : [7.92865,44.96560]},
			"properties" : { "ANNO":"2010","ID_SEZIONE":"13508","ISTAT_COMUNE_SEZ":"5118","COMUNE_SEZ":"VILLANOVA D'ASTI","PROVINCIA":"AT","ID_CENTRALE":"1633","NOME_CENTRALE":"VILLANOVA D'ASTI B","ISTAT_COMUNE_CENTR":"5118","COMUNE_CENTR":"VILLANOVA D'ASTI","PROVINCIA_CENTR":"AT","INDIRIZZO_CENTRALE":"VIA VILLA 3","LATITUDINE_SEZIONE":"44.96560","LONGITUDINE_SEZIONE":"7.92865","POS_X_SEZIONE":"415510.80124","POS_Y_SEZIONE":"4979687.71639","LATITUDINE_CENTRALE":"44.94531","LONGITUDINE_CENTRALE":"7.93687","POS_X_CENTRALE":"416129.00000","POS_Y_CENTRALE":"4977425.00000","TIPO_ADSL":"ADSL_2P","DESCRIZIONE_TIPO_ADSL":"ADSL 2+ (24 mega)","DISTANZA_CALCOLATA":"2345.65","CLASSE_DISTANZA":"2100-2499","POTENZA_SEGNALE":"10000","POPOLAZIONE_SEZIONE": ""}
			},
		 		{ "type" : "Feature",
				"geometry" : {
					"type" : "Point",
					"coordinates" : [7.92975,44.98111]},
			"properties" : { "ANNO":"2010","ID_SEZIONE":"15178","ISTAT_COMUNE_SEZ":"5118","COMUNE_SEZ":"VILLANOVA D'ASTI","PROVINCIA":"AT","ID_CENTRALE":"1633","NOME_CENTRALE":"VILLANOVA D'ASTI B","ISTAT_COMUNE_CENTR":"5118","COMUNE_CENTR":"VILLANOVA D'ASTI","PROVINCIA_CENTR":"AT","INDIRIZZO_CENTRALE":"VIA VILLA 3","LATITUDINE_SEZIONE":"44.98111","LONGITUDINE_SEZIONE":"7.92975","POS_X_SEZIONE":"415620.20950","POS_Y_SEZIONE":"4981409.24778","LATITUDINE_CENTRALE":"44.94531","LONGITUDINE_CENTRALE":"7.93687","POS_X_CENTRALE":"416129.00000","POS_Y_CENTRALE":"4977425.00000","TIPO_ADSL":"ADSL_2P","DESCRIZIONE_TIPO_ADSL":"ADSL 2+ (24 mega)","DISTANZA_CALCOLATA":"4016.6","CLASSE_DISTANZA":"3700-4099","POTENZA_SEGNALE":"2857.5","POPOLAZIONE_SEZIONE": "67"}
			},
		 		{ "type" : "Feature",
				"geometry" : {
					"type" : "Point",
					"coordinates" : [7.93725,44.97982]},
			"properties" : { "ANNO":"2010","ID_SEZIONE":"15378","ISTAT_COMUNE_SEZ":"5118","COMUNE_SEZ":"VILLANOVA D'ASTI","PROVINCIA":"AT","ID_CENTRALE":"1633","NOME_CENTRALE":"VILLANOVA D'ASTI B","ISTAT_COMUNE_CENTR":"5118","COMUNE_CENTR":"VILLANOVA D'ASTI","PROVINCIA_CENTR":"AT","INDIRIZZO_CENTRALE":"VIA VILLA 3","LATITUDINE_SEZIONE":"44.97982","LONGITUDINE_SEZIONE":"7.93725","POS_X_SEZIONE":"416209.82204","POS_Y_SEZIONE":"4981258.25642","LATITUDINE_CENTRALE":"44.94531","LONGITUDINE_CENTRALE":"7.93687","POS_X_CENTRALE":"416129.00000","POS_Y_CENTRALE":"4977425.00000","TIPO_ADSL":"ADSL_2P","DESCRIZIONE_TIPO_ADSL":"ADSL 2+ (24 mega)","DISTANZA_CALCOLATA":"3834.11","CLASSE_DISTANZA":"3700-4099","POTENZA_SEGNALE":"2857.5","POPOLAZIONE_SEZIONE": "52"}
			},
		 		{ "type" : "Feature",
				"geometry" : {
					"type" : "Point",
					"coordinates" : [7.94358,44.97318]},
			"properties" : { "ANNO":"2010","ID_SEZIONE":"17180","ISTAT_COMUNE_SEZ":"5118","COMUNE_SEZ":"VILLANOVA D'ASTI","PROVINCIA":"AT","ID_CENTRALE":"1633","NOME_CENTRALE":"VILLANOVA D'ASTI B","ISTAT_COMUNE_CENTR":"5118","COMUNE_CENTR":"VILLANOVA D'ASTI","PROVINCIA_CENTR":"AT","INDIRIZZO_CENTRALE":"VIA VILLA 3","LATITUDINE_SEZIONE":"44.97318","LONGITUDINE_SEZIONE":"7.94358","POS_X_SEZIONE":"416698.96739","POS_Y_SEZIONE":"4980513.75261","LATITUDINE_CENTRALE":"44.94531","LONGITUDINE_CENTRALE":"7.93687","POS_X_CENTRALE":"416129.00000","POS_Y_CENTRALE":"4977425.00000","TIPO_ADSL":"ADSL_2P","DESCRIZIONE_TIPO_ADSL":"ADSL 2+ (24 mega)","DISTANZA_CALCOLATA":"3140.9","CLASSE_DISTANZA":"2900-3299","POTENZA_SEGNALE":"5238.33","POPOLAZIONE_SEZIONE": "32"}
			},
		 		{ "type" : "Feature",
				"geometry" : {
					"type" : "Point",
					"coordinates" : [7.91260,44.94586]},
			"properties" : { "ANNO":"2010","ID_SEZIONE":"17695","ISTAT_COMUNE_SEZ":"5118","COMUNE_SEZ":"VILLANOVA D'ASTI","PROVINCIA":"AT","ID_CENTRALE":"1633","NOME_CENTRALE":"VILLANOVA D'ASTI B","ISTAT_COMUNE_CENTR":"5118","COMUNE_CENTR":"VILLANOVA D'ASTI","PROVINCIA_CENTR":"AT","INDIRIZZO_CENTRALE":"VIA VILLA 3","LATITUDINE_SEZIONE":"44.94586","LONGITUDINE_SEZIONE":"7.91260","POS_X_SEZIONE":"414215.41513","POS_Y_SEZIONE":"4977511.65546","LATITUDINE_CENTRALE":"44.94531","LONGITUDINE_CENTRALE":"7.93687","POS_X_CENTRALE":"416129.00000","POS_Y_CENTRALE":"4977425.00000","TIPO_ADSL":"ADSL_2P","DESCRIZIONE_TIPO_ADSL":"ADSL 2+ (24 mega)","DISTANZA_CALCOLATA":"1915.55","CLASSE_DISTANZA":"1700-2099","POTENZA_SEGNALE":"12975.83","POPOLAZIONE_SEZIONE": "17"}
			},
		 		{ "type" : "Feature",
				"geometry" : {
					"type" : "Point",
					"coordinates" : [7.93228,44.94473]},
			"properties" : { "ANNO":"2010","ID_SEZIONE":"19055","ISTAT_COMUNE_SEZ":"5118","COMUNE_SEZ":"VILLANOVA D'ASTI","PROVINCIA":"AT","ID_CENTRALE":"1633","NOME_CENTRALE":"VILLANOVA D'ASTI B","ISTAT_COMUNE_CENTR":"5118","COMUNE_CENTR":"VILLANOVA D'ASTI","PROVINCIA_CENTR":"AT","INDIRIZZO_CENTRALE":"VIA VILLA 3","LATITUDINE_SEZIONE":"44.94473","LONGITUDINE_SEZIONE":"7.93228","POS_X_SEZIONE":"415766.22882","POS_Y_SEZIONE":"4977364.68227","LATITUDINE_CENTRALE":"44.94531","LONGITUDINE_CENTRALE":"7.93687","POS_X_CENTRALE":"416129.00000","POS_Y_CENTRALE":"4977425.00000","TIPO_ADSL":"ADSL_2P","DESCRIZIONE_TIPO_ADSL":"ADSL 2+ (24 mega)","DISTANZA_CALCOLATA":"367.75","CLASSE_DISTANZA":"100-499","POTENZA_SEGNALE":"19761.67","POPOLAZIONE_SEZIONE": "1072"}
			},
		 		{ "type" : "Feature",
				"geometry" : {
					"type" : "Point",
					"coordinates" : [7.95518,44.93661]},
			"properties" : { "ANNO":"2010","ID_SEZIONE":"19684","ISTAT_COMUNE_SEZ":"5118","COMUNE_SEZ":"VILLANOVA D'ASTI","PROVINCIA":"AT","ID_CENTRALE":"1633","NOME_CENTRALE":"VILLANOVA D'ASTI B","ISTAT_COMUNE_CENTR":"5118","COMUNE_CENTR":"VILLANOVA D'ASTI","PROVINCIA_CENTR":"AT","INDIRIZZO_CENTRALE":"VIA VILLA 3","LATITUDINE_SEZIONE":"44.93661","LONGITUDINE_SEZIONE":"7.95518","POS_X_SEZIONE":"417561.74934","POS_Y_SEZIONE":"4976439.19773","LATITUDINE_CENTRALE":"44.94531","LONGITUDINE_CENTRALE":"7.93687","POS_X_CENTRALE":"416129.00000","POS_Y_CENTRALE":"4977425.00000","TIPO_ADSL":"ADSL_2P","DESCRIZIONE_TIPO_ADSL":"ADSL 2+ (24 mega)","DISTANZA_CALCOLATA":"1739.13","CLASSE_DISTANZA":"1700-2099","POTENZA_SEGNALE":"12975.83","POPOLAZIONE_SEZIONE": "21"}
			},
		 		{ "type" : "Feature",
				"geometry" : {
					"type" : "Point",
					"coordinates" : [7.98538,44.97557]},
			"properties" : { "ANNO":"2010","ID_SEZIONE":"19861","ISTAT_COMUNE_SEZ":"5118","COMUNE_SEZ":"VILLANOVA D'ASTI","PROVINCIA":"AT","ID_CENTRALE":"1633","NOME_CENTRALE":"VILLANOVA D'ASTI B","ISTAT_COMUNE_CENTR":"5118","COMUNE_CENTR":"VILLANOVA D'ASTI","PROVINCIA_CENTR":"AT","INDIRIZZO_CENTRALE":"VIA VILLA 3","LATITUDINE_SEZIONE":"44.97557","LONGITUDINE_SEZIONE":"7.98538","POS_X_SEZIONE":"419998.42236","POS_Y_SEZIONE":"4980737.29283","LATITUDINE_CENTRALE":"44.94531","LONGITUDINE_CENTRALE":"7.93687","POS_X_CENTRALE":"416129.00000","POS_Y_CENTRALE":"4977425.00000","TIPO_ADSL":"ADSL_2P","DESCRIZIONE_TIPO_ADSL":"ADSL 2+ (24 mega)","DISTANZA_CALCOLATA":"5093.5","CLASSE_DISTANZA":"4900-5299","POTENZA_SEGNALE":"952.50","POPOLAZIONE_SEZIONE": "24"}
			},
		 		{ "type" : "Feature",
				"geometry" : {
					"type" : "Point",
					"coordinates" : [7.90720,44.95756]},
			"properties" : { "ANNO":"2010","ID_SEZIONE":"21672","ISTAT_COMUNE_SEZ":"5118","COMUNE_SEZ":"VILLANOVA D'ASTI","PROVINCIA":"AT","ID_CENTRALE":"1633","NOME_CENTRALE":"VILLANOVA D'ASTI B","ISTAT_COMUNE_CENTR":"5118","COMUNE_CENTR":"VILLANOVA D'ASTI","PROVINCIA_CENTR":"AT","INDIRIZZO_CENTRALE":"VIA VILLA 3","LATITUDINE_SEZIONE":"44.95756","LONGITUDINE_SEZIONE":"7.90720","POS_X_SEZIONE":"413807.23900","POS_Y_SEZIONE":"4978816.66973","LATITUDINE_CENTRALE":"44.94531","LONGITUDINE_CENTRALE":"7.93687","POS_X_CENTRALE":"416129.00000","POS_Y_CENTRALE":"4977425.00000","TIPO_ADSL":"ADSL_2P","DESCRIZIONE_TIPO_ADSL":"ADSL 2+ (24 mega)","DISTANZA_CALCOLATA":"2706.9","CLASSE_DISTANZA":"2500-2899","POTENZA_SEGNALE":"7380.83","POPOLAZIONE_SEZIONE": "23"}
			},
		 		{ "type" : "Feature",
				"geometry" : {
					"type" : "Point",
					"coordinates" : [7.90303,44.93650]},
			"properties" : { "ANNO":"2010","ID_SEZIONE":"21881","ISTAT_COMUNE_SEZ":"5118","COMUNE_SEZ":"VILLANOVA D'ASTI","PROVINCIA":"AT","ID_CENTRALE":"1633","NOME_CENTRALE":"VILLANOVA D'ASTI B","ISTAT_COMUNE_CENTR":"5118","COMUNE_CENTR":"VILLANOVA D'ASTI","PROVINCIA_CENTR":"AT","INDIRIZZO_CENTRALE":"VIA VILLA 3","LATITUDINE_SEZIONE":"44.93650","LONGITUDINE_SEZIONE":"7.90303","POS_X_SEZIONE":"413446.33327","POS_Y_SEZIONE":"4976481.12387","LATITUDINE_CENTRALE":"44.94531","LONGITUDINE_CENTRALE":"7.93687","POS_X_CENTRALE":"416129.00000","POS_Y_CENTRALE":"4977425.00000","TIPO_ADSL":"ADSL_2P","DESCRIZIONE_TIPO_ADSL":"ADSL 2+ (24 mega)","DISTANZA_CALCOLATA":"2843.87","CLASSE_DISTANZA":"2500-2899","POTENZA_SEGNALE":"7380.83","POPOLAZIONE_SEZIONE": "32"}
			},
		 		{ "type" : "Feature",
				"geometry" : {
					"type" : "Point",
					"coordinates" : [7.93722,44.97452]},
			"properties" : { "ANNO":"2010","ID_SEZIONE":"23466","ISTAT_COMUNE_SEZ":"5118","COMUNE_SEZ":"VILLANOVA D'ASTI","PROVINCIA":"AT","ID_CENTRALE":"1633","NOME_CENTRALE":"VILLANOVA D'ASTI B","ISTAT_COMUNE_CENTR":"5118","COMUNE_CENTR":"VILLANOVA D'ASTI","PROVINCIA_CENTR":"AT","INDIRIZZO_CENTRALE":"VIA VILLA 3","LATITUDINE_SEZIONE":"44.97452","LONGITUDINE_SEZIONE":"7.93722","POS_X_SEZIONE":"416199.38390","POS_Y_SEZIONE":"4980669.74621","LATITUDINE_CENTRALE":"44.94531","LONGITUDINE_CENTRALE":"7.93687","POS_X_CENTRALE":"416129.00000","POS_Y_CENTRALE":"4977425.00000","TIPO_ADSL":"ADSL_2P","DESCRIZIONE_TIPO_ADSL":"ADSL 2+ (24 mega)","DISTANZA_CALCOLATA":"3245.51","CLASSE_DISTANZA":"2900-3299","POTENZA_SEGNALE":"5238.33","POPOLAZIONE_SEZIONE": "29"}
			},
		 		{ "type" : "Feature",
				"geometry" : {
					"type" : "Point",
					"coordinates" : [7.90860,44.95269]},
			"properties" : { "ANNO":"2010","ID_SEZIONE":"26064","ISTAT_COMUNE_SEZ":"5118","COMUNE_SEZ":"VILLANOVA D'ASTI","PROVINCIA":"AT","ID_CENTRALE":"1633","NOME_CENTRALE":"VILLANOVA D'ASTI B","ISTAT_COMUNE_CENTR":"5118","COMUNE_CENTR":"VILLANOVA D'ASTI","PROVINCIA_CENTR":"AT","INDIRIZZO_CENTRALE":"VIA VILLA 3","LATITUDINE_SEZIONE":"44.95269","LONGITUDINE_SEZIONE":"7.90860","POS_X_SEZIONE":"413909.86018","POS_Y_SEZIONE":"4978274.66243","LATITUDINE_CENTRALE":"44.94531","LONGITUDINE_CENTRALE":"7.93687","POS_X_CENTRALE":"416129.00000","POS_Y_CENTRALE":"4977425.00000","TIPO_ADSL":"ADSL_2P","DESCRIZIONE_TIPO_ADSL":"ADSL 2+ (24 mega)","DISTANZA_CALCOLATA":"2376.24","CLASSE_DISTANZA":"2100-2499","POTENZA_SEGNALE":"10000","POPOLAZIONE_SEZIONE": "10"}
			},
		 		{ "type" : "Feature",
				"geometry" : {
					"type" : "Point",
					"coordinates" : [7.94222,44.94553]},
			"properties" : { "ANNO":"2010","ID_SEZIONE":"27545","ISTAT_COMUNE_SEZ":"5118","COMUNE_SEZ":"VILLANOVA D'ASTI","PROVINCIA":"AT","ID_CENTRALE":"1633","NOME_CENTRALE":"VILLANOVA D'ASTI B","ISTAT_COMUNE_CENTR":"5118","COMUNE_CENTR":"VILLANOVA D'ASTI","PROVINCIA_CENTR":"AT","INDIRIZZO_CENTRALE":"VIA VILLA 3","LATITUDINE_SEZIONE":"44.94553","LONGITUDINE_SEZIONE":"7.94222","POS_X_SEZIONE":"416551.43151","POS_Y_SEZIONE":"4977443.69821","LATITUDINE_CENTRALE":"44.94531","LONGITUDINE_CENTRALE":"7.93687","POS_X_CENTRALE":"416129.00000","POS_Y_CENTRALE":"4977425.00000","TIPO_ADSL":"ADSL_2P","DESCRIZIONE_TIPO_ADSL":"ADSL 2+ (24 mega)","DISTANZA_CALCOLATA":"422.85","CLASSE_DISTANZA":"100-499","POTENZA_SEGNALE":"19761.67","POPOLAZIONE_SEZIONE": "1073"}
			},
		 		{ "type" : "Feature",
				"geometry" : {
					"type" : "Point",
					"coordinates" : [7.91266,44.95947]},
			"properties" : { "ANNO":"2010","ID_SEZIONE":"27708","ISTAT_COMUNE_SEZ":"5118","COMUNE_SEZ":"VILLANOVA D'ASTI","PROVINCIA":"AT","ID_CENTRALE":"1633","NOME_CENTRALE":"VILLANOVA D'ASTI B","ISTAT_COMUNE_CENTR":"5118","COMUNE_CENTR":"VILLANOVA D'ASTI","PROVINCIA_CENTR":"AT","INDIRIZZO_CENTRALE":"VIA VILLA 3","LATITUDINE_SEZIONE":"44.95947","LONGITUDINE_SEZIONE":"7.91266","POS_X_SEZIONE":"414240.60553","POS_Y_SEZIONE":"4979023.18134","LATITUDINE_CENTRALE":"44.94531","LONGITUDINE_CENTRALE":"7.93687","POS_X_CENTRALE":"416129.00000","POS_Y_CENTRALE":"4977425.00000","TIPO_ADSL":"ADSL_2P","DESCRIZIONE_TIPO_ADSL":"ADSL 2+ (24 mega)","DISTANZA_CALCOLATA":"2473.91","CLASSE_DISTANZA":"2100-2499","POTENZA_SEGNALE":"10000","POPOLAZIONE_SEZIONE": "22"}
			},
		 		{ "type" : "Feature",
				"geometry" : {
					"type" : "Point",
					"coordinates" : [7.95125,44.97648]},
			"properties" : { "ANNO":"2010","ID_SEZIONE":"28171","ISTAT_COMUNE_SEZ":"5118","COMUNE_SEZ":"VILLANOVA D'ASTI","PROVINCIA":"AT","ID_CENTRALE":"1633","NOME_CENTRALE":"VILLANOVA D'ASTI B","ISTAT_COMUNE_CENTR":"5118","COMUNE_CENTR":"VILLANOVA D'ASTI","PROVINCIA_CENTR":"AT","INDIRIZZO_CENTRALE":"VIA VILLA 3","LATITUDINE_SEZIONE":"44.97648","LONGITUDINE_SEZIONE":"7.95125","POS_X_SEZIONE":"417308.83107","POS_Y_SEZIONE":"4980872.27037","LATITUDINE_CENTRALE":"44.94531","LONGITUDINE_CENTRALE":"7.93687","POS_X_CENTRALE":"416129.00000","POS_Y_CENTRALE":"4977425.00000","TIPO_ADSL":"ADSL_2P","DESCRIZIONE_TIPO_ADSL":"ADSL 2+ (24 mega)","DISTANZA_CALCOLATA":"3643.58","CLASSE_DISTANZA":"3300-3699","POTENZA_SEGNALE":"4047.5","POPOLAZIONE_SEZIONE": "62"}
			},
		 		{ "type" : "Feature",
				"geometry" : {
					"type" : "Point",
					"coordinates" : [7.93879,44.92699]},
			"properties" : { "ANNO":"2010","ID_SEZIONE":"28507","ISTAT_COMUNE_SEZ":"5118","COMUNE_SEZ":"VILLANOVA D'ASTI","PROVINCIA":"AT","ID_CENTRALE":"1633","NOME_CENTRALE":"VILLANOVA D'ASTI B","ISTAT_COMUNE_CENTR":"5118","COMUNE_CENTR":"VILLANOVA D'ASTI","PROVINCIA_CENTR":"AT","INDIRIZZO_CENTRALE":"VIA VILLA 3","LATITUDINE_SEZIONE":"44.92699","LONGITUDINE_SEZIONE":"7.93879","POS_X_SEZIONE":"416254.15151","POS_Y_SEZIONE":"4975387.65776","LATITUDINE_CENTRALE":"44.94531","LONGITUDINE_CENTRALE":"7.93687","POS_X_CENTRALE":"416129.00000","POS_Y_CENTRALE":"4977425.00000","TIPO_ADSL":"ADSL_2P","DESCRIZIONE_TIPO_ADSL":"ADSL 2+ (24 mega)","DISTANZA_CALCOLATA":"2041.18","CLASSE_DISTANZA":"1700-2099","POTENZA_SEGNALE":"12975.83","POPOLAZIONE_SEZIONE": "49"}
			},
		 		{ "type" : "Feature",
				"geometry" : {
					"type" : "Point",
					"coordinates" : [7.95044,44.95452]},
			"properties" : { "ANNO":"2010","ID_SEZIONE":"29187","ISTAT_COMUNE_SEZ":"5118","COMUNE_SEZ":"VILLANOVA D'ASTI","PROVINCIA":"AT","ID_CENTRALE":"1633","NOME_CENTRALE":"VILLANOVA D'ASTI B","ISTAT_COMUNE_CENTR":"5118","COMUNE_CENTR":"VILLANOVA D'ASTI","PROVINCIA_CENTR":"AT","INDIRIZZO_CENTRALE":"VIA VILLA 3","LATITUDINE_SEZIONE":"44.95452","LONGITUDINE_SEZIONE":"7.95044","POS_X_SEZIONE":"417213.48387","POS_Y_SEZIONE":"4978434.22723","LATITUDINE_CENTRALE":"44.94531","LONGITUDINE_CENTRALE":"7.93687","POS_X_CENTRALE":"416129.00000","POS_Y_CENTRALE":"4977425.00000","TIPO_ADSL":"ADSL_2P","DESCRIZIONE_TIPO_ADSL":"ADSL 2+ (24 mega)","DISTANZA_CALCOLATA":"1481.43","CLASSE_DISTANZA":"1300-1699","POTENZA_SEGNALE":"16071.67","POPOLAZIONE_SEZIONE": "9"}
			},
		 		{ "type" : "Feature",
				"geometry" : {
					"type" : "Point",
					"coordinates" : [7.91686,44.95076]},
			"properties" : { "ANNO":"2010","ID_SEZIONE":"30035","ISTAT_COMUNE_SEZ":"5118","COMUNE_SEZ":"VILLANOVA D'ASTI","PROVINCIA":"AT","ID_CENTRALE":"1633","NOME_CENTRALE":"VILLANOVA D'ASTI B","ISTAT_COMUNE_CENTR":"5118","COMUNE_CENTR":"VILLANOVA D'ASTI","PROVINCIA_CENTR":"AT","INDIRIZZO_CENTRALE":"VIA VILLA 3","LATITUDINE_SEZIONE":"44.95076","LONGITUDINE_SEZIONE":"7.91686","POS_X_SEZIONE":"414558.56572","POS_Y_SEZIONE":"4978050.67114","LATITUDINE_CENTRALE":"44.94531","LONGITUDINE_CENTRALE":"7.93687","POS_X_CENTRALE":"416129.00000","POS_Y_CENTRALE":"4977425.00000","TIPO_ADSL":"ADSL_2P","DESCRIZIONE_TIPO_ADSL":"ADSL 2+ (24 mega)","DISTANZA_CALCOLATA":"1690.48","CLASSE_DISTANZA":"1300-1699","POTENZA_SEGNALE":"16071.67","POPOLAZIONE_SEZIONE": "5"}
			}
		 		]
	}
		