 	{ "type" : "FeatureCollection",
		"features" : [
		 		{ "type" : "Feature",
				"geometry" : {
					"type" : "Point",
					"coordinates" : [7.65719,44.65009]},
			"properties" : { "ANNO":"2010","ID_SEZIONE":"238","ISTAT_COMUNE_SEZ":"4215","COMUNE_SEZ":"SAVIGLIANO","PROVINCIA":"CN","ID_CENTRALE":"1311","NOME_CENTRALE":"SAVIGLIANO","ISTAT_COMUNE_CENTR":"4215","COMUNE_CENTR":"SAVIGLIANO","PROVINCIA_CENTR":"CN","INDIRIZZO_CENTRALE":"DANNA 4","LATITUDINE_SEZIONE":"44.65009","LONGITUDINE_SEZIONE":"7.65719","POS_X_SEZIONE":"393523.98676","POS_Y_SEZIONE":"4944958.27456","LATITUDINE_CENTRALE":"44.64791","LONGITUDINE_CENTRALE":"7.65870","POS_X_CENTRALE":"393639.52224","POS_Y_CENTRALE":"4944713.85637","TIPO_ADSL":"ADSL_2P","DESCRIZIONE_TIPO_ADSL":"ADSL 2+ (24 mega)","DISTANZA_CALCOLATA":"270.35","CLASSE_DISTANZA":"100-499","POTENZA_SEGNALE":"19761.67","POPOLAZIONE_SEZIONE": "488"}
			},
		 		{ "type" : "Feature",
				"geometry" : {
					"type" : "Point",
					"coordinates" : [7.66167,44.64180]},
			"properties" : { "ANNO":"2010","ID_SEZIONE":"310","ISTAT_COMUNE_SEZ":"4215","COMUNE_SEZ":"SAVIGLIANO","PROVINCIA":"CN","ID_CENTRALE":"1311","NOME_CENTRALE":"SAVIGLIANO","ISTAT_COMUNE_CENTR":"4215","COMUNE_CENTR":"SAVIGLIANO","PROVINCIA_CENTR":"CN","INDIRIZZO_CENTRALE":"DANNA 4","LATITUDINE_SEZIONE":"44.64180","LONGITUDINE_SEZIONE":"7.66167","POS_X_SEZIONE":"393863.68903","POS_Y_SEZIONE":"4944031.77165","LATITUDINE_CENTRALE":"44.64791","LONGITUDINE_CENTRALE":"7.65870","POS_X_CENTRALE":"393639.52224","POS_Y_CENTRALE":"4944713.85637","TIPO_ADSL":"ADSL_2P","DESCRIZIONE_TIPO_ADSL":"ADSL 2+ (24 mega)","DISTANZA_CALCOLATA":"717.98","CLASSE_DISTANZA":"500-899","POTENZA_SEGNALE":"19523.33","POPOLAZIONE_SEZIONE": "774"}
			},
		 		{ "type" : "Feature",
				"geometry" : {
					"type" : "Point",
					"coordinates" : [7.65268,44.64327]},
			"properties" : { "ANNO":"2010","ID_SEZIONE":"311","ISTAT_COMUNE_SEZ":"4215","COMUNE_SEZ":"SAVIGLIANO","PROVINCIA":"CN","ID_CENTRALE":"1311","NOME_CENTRALE":"SAVIGLIANO","ISTAT_COMUNE_CENTR":"4215","COMUNE_CENTR":"SAVIGLIANO","PROVINCIA_CENTR":"CN","INDIRIZZO_CENTRALE":"DANNA 4","LATITUDINE_SEZIONE":"44.64327","LONGITUDINE_SEZIONE":"7.65268","POS_X_SEZIONE":"393153.49844","POS_Y_SEZIONE":"4944205.77280","LATITUDINE_CENTRALE":"44.64791","LONGITUDINE_CENTRALE":"7.65870","POS_X_CENTRALE":"393639.52224","POS_Y_CENTRALE":"4944713.85637","TIPO_ADSL":"ADSL_2P","DESCRIZIONE_TIPO_ADSL":"ADSL 2+ (24 mega)","DISTANZA_CALCOLATA":"703.11","CLASSE_DISTANZA":"500-899","POTENZA_SEGNALE":"19523.33","POPOLAZIONE_SEZIONE": ""}
			},
		 		{ "type" : "Feature",
				"geometry" : {
					"type" : "Point",
					"coordinates" : [7.67982,44.67002]},
			"properties" : { "ANNO":"2010","ID_SEZIONE":"682","ISTAT_COMUNE_SEZ":"4215","COMUNE_SEZ":"SAVIGLIANO","PROVINCIA":"CN","ID_CENTRALE":"1311","NOME_CENTRALE":"SAVIGLIANO","ISTAT_COMUNE_CENTR":"4215","COMUNE_CENTR":"SAVIGLIANO","PROVINCIA_CENTR":"CN","INDIRIZZO_CENTRALE":"DANNA 4","LATITUDINE_SEZIONE":"44.67002","LONGITUDINE_SEZIONE":"7.67982","POS_X_SEZIONE":"395353.64436","POS_Y_SEZIONE":"4947142.28224","LATITUDINE_CENTRALE":"44.64791","LONGITUDINE_CENTRALE":"7.65870","POS_X_CENTRALE":"393639.52224","POS_Y_CENTRALE":"4944713.85637","TIPO_ADSL":"ADSL_2P","DESCRIZIONE_TIPO_ADSL":"ADSL 2+ (24 mega)","DISTANZA_CALCOLATA":"2972.45","CLASSE_DISTANZA":"2900-3299","POTENZA_SEGNALE":"5238.33","POPOLAZIONE_SEZIONE": "52"}
			},
		 		{ "type" : "Feature",
				"geometry" : {
					"type" : "Point",
					"coordinates" : [7.64636,44.61703]},
			"properties" : { "ANNO":"2010","ID_SEZIONE":"762","ISTAT_COMUNE_SEZ":"4215","COMUNE_SEZ":"SAVIGLIANO","PROVINCIA":"CN","ID_CENTRALE":"1311","NOME_CENTRALE":"SAVIGLIANO","ISTAT_COMUNE_CENTR":"4215","COMUNE_CENTR":"SAVIGLIANO","PROVINCIA_CENTR":"CN","INDIRIZZO_CENTRALE":"DANNA 4","LATITUDINE_SEZIONE":"44.61703","LONGITUDINE_SEZIONE":"7.64636","POS_X_SEZIONE":"392603.88743","POS_Y_SEZIONE":"4941299.76269","LATITUDINE_CENTRALE":"44.64791","LONGITUDINE_CENTRALE":"7.65870","POS_X_CENTRALE":"393639.52224","POS_Y_CENTRALE":"4944713.85637","TIPO_ADSL":"ADSL_2P","DESCRIZIONE_TIPO_ADSL":"ADSL 2+ (24 mega)","DISTANZA_CALCOLATA":"3567.71","CLASSE_DISTANZA":"3300-3699","POTENZA_SEGNALE":"4047.5","POPOLAZIONE_SEZIONE": "122"}
			},
		 		{ "type" : "Feature",
				"geometry" : {
					"type" : "Point",
					"coordinates" : [7.68390,44.65691]},
			"properties" : { "ANNO":"2010","ID_SEZIONE":"1115","ISTAT_COMUNE_SEZ":"4215","COMUNE_SEZ":"SAVIGLIANO","PROVINCIA":"CN","ID_CENTRALE":"1311","NOME_CENTRALE":"SAVIGLIANO","ISTAT_COMUNE_CENTR":"4215","COMUNE_CENTR":"SAVIGLIANO","PROVINCIA_CENTR":"CN","INDIRIZZO_CENTRALE":"DANNA 4","LATITUDINE_SEZIONE":"44.65691","LONGITUDINE_SEZIONE":"7.68390","POS_X_SEZIONE":"395654.13409","POS_Y_SEZIONE":"4945680.77415","LATITUDINE_CENTRALE":"44.64791","LONGITUDINE_CENTRALE":"7.65870","POS_X_CENTRALE":"393639.52224","POS_Y_CENTRALE":"4944713.85637","TIPO_ADSL":"ADSL_2P","DESCRIZIONE_TIPO_ADSL":"ADSL 2+ (24 mega)","DISTANZA_CALCOLATA":"2234.63","CLASSE_DISTANZA":"2100-2499","POTENZA_SEGNALE":"10000","POPOLAZIONE_SEZIONE": "55"}
			},
		 		{ "type" : "Feature",
				"geometry" : {
					"type" : "Point",
					"coordinates" : [7.65313,44.64697]},
			"properties" : { "ANNO":"2010","ID_SEZIONE":"1118","ISTAT_COMUNE_SEZ":"4215","COMUNE_SEZ":"SAVIGLIANO","PROVINCIA":"CN","ID_CENTRALE":"1311","NOME_CENTRALE":"SAVIGLIANO","ISTAT_COMUNE_CENTR":"4215","COMUNE_CENTR":"SAVIGLIANO","PROVINCIA_CENTR":"CN","INDIRIZZO_CENTRALE":"DANNA 4","LATITUDINE_SEZIONE":"44.64697","LONGITUDINE_SEZIONE":"7.65313","POS_X_SEZIONE":"393196.30522","POS_Y_SEZIONE":"4944616.77414","LATITUDINE_CENTRALE":"44.64791","LONGITUDINE_CENTRALE":"7.65870","POS_X_CENTRALE":"393639.52224","POS_Y_CENTRALE":"4944713.85637","TIPO_ADSL":"ADSL_2P","DESCRIZIONE_TIPO_ADSL":"ADSL 2+ (24 mega)","DISTANZA_CALCOLATA":"453.72","CLASSE_DISTANZA":"100-499","POTENZA_SEGNALE":"19761.67","POPOLAZIONE_SEZIONE": "409"}
			},
		 		{ "type" : "Feature",
				"geometry" : {
					"type" : "Point",
					"coordinates" : [7.66325,44.65425]},
			"properties" : { "ANNO":"2010","ID_SEZIONE":"2353","ISTAT_COMUNE_SEZ":"4215","COMUNE_SEZ":"SAVIGLIANO","PROVINCIA":"CN","ID_CENTRALE":"1311","NOME_CENTRALE":"SAVIGLIANO","ISTAT_COMUNE_CENTR":"4215","COMUNE_CENTR":"SAVIGLIANO","PROVINCIA_CENTR":"CN","INDIRIZZO_CENTRALE":"DANNA 4","LATITUDINE_SEZIONE":"44.65425","LONGITUDINE_SEZIONE":"7.66325","POS_X_SEZIONE":"394012.13626","POS_Y_SEZIONE":"4945411.77549","LATITUDINE_CENTRALE":"44.64791","LONGITUDINE_CENTRALE":"7.65870","POS_X_CENTRALE":"393639.52224","POS_Y_CENTRALE":"4944713.85637","TIPO_ADSL":"ADSL_2P","DESCRIZIONE_TIPO_ADSL":"ADSL 2+ (24 mega)","DISTANZA_CALCOLATA":"791.16","CLASSE_DISTANZA":"500-899","POTENZA_SEGNALE":"19523.33","POPOLAZIONE_SEZIONE": "574"}
			},
		 		{ "type" : "Feature",
				"geometry" : {
					"type" : "Point",
					"coordinates" : [7.61971,44.64280]},
			"properties" : { "ANNO":"2010","ID_SEZIONE":"2356","ISTAT_COMUNE_SEZ":"4215","COMUNE_SEZ":"SAVIGLIANO","PROVINCIA":"CN","ID_CENTRALE":"1311","NOME_CENTRALE":"SAVIGLIANO","ISTAT_COMUNE_CENTR":"4215","COMUNE_CENTR":"SAVIGLIANO","PROVINCIA_CENTR":"CN","INDIRIZZO_CENTRALE":"DANNA 4","LATITUDINE_SEZIONE":"44.64280","LONGITUDINE_SEZIONE":"7.61971","POS_X_SEZIONE":"390537.77850","POS_Y_SEZIONE":"4944197.27462","LATITUDINE_CENTRALE":"44.64791","LONGITUDINE_CENTRALE":"7.65870","POS_X_CENTRALE":"393639.52224","POS_Y_CENTRALE":"4944713.85637","TIPO_ADSL":"ADSL_2P","DESCRIZIONE_TIPO_ADSL":"ADSL 2+ (24 mega)","DISTANZA_CALCOLATA":"3144.47","CLASSE_DISTANZA":"2900-3299","POTENZA_SEGNALE":"5238.33","POPOLAZIONE_SEZIONE": "4"}
			},
		 		{ "type" : "Feature",
				"geometry" : {
					"type" : "Point",
					"coordinates" : [7.65882,44.64438]},
			"properties" : { "ANNO":"2010","ID_SEZIONE":"2357","ISTAT_COMUNE_SEZ":"4215","COMUNE_SEZ":"SAVIGLIANO","PROVINCIA":"CN","ID_CENTRALE":"1311","NOME_CENTRALE":"SAVIGLIANO","ISTAT_COMUNE_CENTR":"4215","COMUNE_CENTR":"SAVIGLIANO","PROVINCIA_CENTR":"CN","INDIRIZZO_CENTRALE":"DANNA 4","LATITUDINE_SEZIONE":"44.64438","LONGITUDINE_SEZIONE":"7.65882","POS_X_SEZIONE":"393642.37191","POS_Y_SEZIONE":"4944321.27232","LATITUDINE_CENTRALE":"44.64791","LONGITUDINE_CENTRALE":"7.65870","POS_X_CENTRALE":"393639.52224","POS_Y_CENTRALE":"4944713.85637","TIPO_ADSL":"ADSL_2P","DESCRIZIONE_TIPO_ADSL":"ADSL 2+ (24 mega)","DISTANZA_CALCOLATA":"392.59","CLASSE_DISTANZA":"100-499","POTENZA_SEGNALE":"19761.67","POPOLAZIONE_SEZIONE": ""}
			},
		 		{ "type" : "Feature",
				"geometry" : {
					"type" : "Point",
					"coordinates" : [7.62812,44.62509]},
			"properties" : { "ANNO":"2010","ID_SEZIONE":"2360","ISTAT_COMUNE_SEZ":"4215","COMUNE_SEZ":"SAVIGLIANO","PROVINCIA":"CN","ID_CENTRALE":"1311","NOME_CENTRALE":"SAVIGLIANO","ISTAT_COMUNE_CENTR":"4215","COMUNE_CENTR":"SAVIGLIANO","PROVINCIA_CENTR":"CN","INDIRIZZO_CENTRALE":"DANNA 4","LATITUDINE_SEZIONE":"44.62509","LONGITUDINE_SEZIONE":"7.62812","POS_X_SEZIONE":"391171.77939","POS_Y_SEZIONE":"4942219.76627","LATITUDINE_CENTRALE":"44.64791","LONGITUDINE_CENTRALE":"7.65870","POS_X_CENTRALE":"393639.52224","POS_Y_CENTRALE":"4944713.85637","TIPO_ADSL":"ADSL_2P","DESCRIZIONE_TIPO_ADSL":"ADSL 2+ (24 mega)","DISTANZA_CALCOLATA":"3508.6","CLASSE_DISTANZA":"3300-3699","POTENZA_SEGNALE":"4047.5","POPOLAZIONE_SEZIONE": "27"}
			},
		 		{ "type" : "Feature",
				"geometry" : {
					"type" : "Point",
					"coordinates" : [7.69563,44.64858]},
			"properties" : { "ANNO":"2010","ID_SEZIONE":"3237","ISTAT_COMUNE_SEZ":"4215","COMUNE_SEZ":"SAVIGLIANO","PROVINCIA":"CN","ID_CENTRALE":"1311","NOME_CENTRALE":"SAVIGLIANO","ISTAT_COMUNE_CENTR":"4215","COMUNE_CENTR":"SAVIGLIANO","PROVINCIA_CENTR":"CN","INDIRIZZO_CENTRALE":"DANNA 4","LATITUDINE_SEZIONE":"44.64858","LONGITUDINE_SEZIONE":"7.69563","POS_X_SEZIONE":"396569.33613","POS_Y_SEZIONE":"4944740.27059","LATITUDINE_CENTRALE":"44.64791","LONGITUDINE_CENTRALE":"7.65870","POS_X_CENTRALE":"393639.52224","POS_Y_CENTRALE":"4944713.85637","TIPO_ADSL":"ADSL_2P","DESCRIZIONE_TIPO_ADSL":"ADSL 2+ (24 mega)","DISTANZA_CALCOLATA":"2929.93","CLASSE_DISTANZA":"2900-3299","POTENZA_SEGNALE":"5238.33","POPOLAZIONE_SEZIONE": "57"}
			},
		 		{ "type" : "Feature",
				"geometry" : {
					"type" : "Point",
					"coordinates" : [7.63683,44.64298]},
			"properties" : { "ANNO":"2010","ID_SEZIONE":"4439","ISTAT_COMUNE_SEZ":"4215","COMUNE_SEZ":"SAVIGLIANO","PROVINCIA":"CN","ID_CENTRALE":"1311","NOME_CENTRALE":"SAVIGLIANO","ISTAT_COMUNE_CENTR":"4215","COMUNE_CENTR":"SAVIGLIANO","PROVINCIA_CENTR":"CN","INDIRIZZO_CENTRALE":"DANNA 4","LATITUDINE_SEZIONE":"44.64298","LONGITUDINE_SEZIONE":"7.63683","POS_X_SEZIONE":"391896.09197","POS_Y_SEZIONE":"4944194.77350","LATITUDINE_CENTRALE":"44.64791","LONGITUDINE_CENTRALE":"7.65870","POS_X_CENTRALE":"393639.52224","POS_Y_CENTRALE":"4944713.85637","TIPO_ADSL":"ADSL_2P","DESCRIZIONE_TIPO_ADSL":"ADSL 2+ (24 mega)","DISTANZA_CALCOLATA":"1819.06","CLASSE_DISTANZA":"1700-2099","POTENZA_SEGNALE":"12975.83","POPOLAZIONE_SEZIONE": "119"}
			},
		 		{ "type" : "Feature",
				"geometry" : {
					"type" : "Point",
					"coordinates" : [7.68285,44.67940]},
			"properties" : { "ANNO":"2010","ID_SEZIONE":"4627","ISTAT_COMUNE_SEZ":"4215","COMUNE_SEZ":"SAVIGLIANO","PROVINCIA":"CN","ID_CENTRALE":"1311","NOME_CENTRALE":"SAVIGLIANO","ISTAT_COMUNE_CENTR":"4215","COMUNE_CENTR":"SAVIGLIANO","PROVINCIA_CENTR":"CN","INDIRIZZO_CENTRALE":"DANNA 4","LATITUDINE_SEZIONE":"44.67940","LONGITUDINE_SEZIONE":"7.68285","POS_X_SEZIONE":"395610.91105","POS_Y_SEZIONE":"4948180.79847","LATITUDINE_CENTRALE":"44.64791","LONGITUDINE_CENTRALE":"7.65870","POS_X_CENTRALE":"393639.52224","POS_Y_CENTRALE":"4944713.85637","TIPO_ADSL":"ADSL_2P","DESCRIZIONE_TIPO_ADSL":"ADSL 2+ (24 mega)","DISTANZA_CALCOLATA":"3988.24","CLASSE_DISTANZA":"3700-4099","POTENZA_SEGNALE":"2857.5","POPOLAZIONE_SEZIONE": "16"}
			},
		 		{ "type" : "Feature",
				"geometry" : {
					"type" : "Point",
					"coordinates" : [7.65713,44.64519]},
			"properties" : { "ANNO":"2010","ID_SEZIONE":"5020","ISTAT_COMUNE_SEZ":"4215","COMUNE_SEZ":"SAVIGLIANO","PROVINCIA":"CN","ID_CENTRALE":"1311","NOME_CENTRALE":"SAVIGLIANO","ISTAT_COMUNE_CENTR":"4215","COMUNE_CENTR":"SAVIGLIANO","PROVINCIA_CENTR":"CN","INDIRIZZO_CENTRALE":"DANNA 4","LATITUDINE_SEZIONE":"44.64519","LONGITUDINE_SEZIONE":"7.65713","POS_X_SEZIONE":"393509.80845","POS_Y_SEZIONE":"4944413.77280","LATITUDINE_CENTRALE":"44.64791","LONGITUDINE_CENTRALE":"7.65870","POS_X_CENTRALE":"393639.52224","POS_Y_CENTRALE":"4944713.85637","TIPO_ADSL":"ADSL_2P","DESCRIZIONE_TIPO_ADSL":"ADSL 2+ (24 mega)","DISTANZA_CALCOLATA":"326.92","CLASSE_DISTANZA":"100-499","POTENZA_SEGNALE":"19761.67","POPOLAZIONE_SEZIONE": "418"}
			},
		 		{ "type" : "Feature",
				"geometry" : {
					"type" : "Point",
					"coordinates" : [7.65457,44.65188]},
			"properties" : { "ANNO":"2010","ID_SEZIONE":"5238","ISTAT_COMUNE_SEZ":"4215","COMUNE_SEZ":"SAVIGLIANO","PROVINCIA":"CN","ID_CENTRALE":"1311","NOME_CENTRALE":"SAVIGLIANO","ISTAT_COMUNE_CENTR":"4215","COMUNE_CENTR":"SAVIGLIANO","PROVINCIA_CENTR":"CN","INDIRIZZO_CENTRALE":"DANNA 4","LATITUDINE_SEZIONE":"44.65188","LONGITUDINE_SEZIONE":"7.65457","POS_X_SEZIONE":"393318.92154","POS_Y_SEZIONE":"4945159.77575","LATITUDINE_CENTRALE":"44.64791","LONGITUDINE_CENTRALE":"7.65870","POS_X_CENTRALE":"393639.52224","POS_Y_CENTRALE":"4944713.85637","TIPO_ADSL":"ADSL_2P","DESCRIZIONE_TIPO_ADSL":"ADSL 2+ (24 mega)","DISTANZA_CALCOLATA":"549.21","CLASSE_DISTANZA":"500-899","POTENZA_SEGNALE":"19523.33","POPOLAZIONE_SEZIONE": "381"}
			},
		 		{ "type" : "Feature",
				"geometry" : {
					"type" : "Point",
					"coordinates" : [7.65182,44.64530]},
			"properties" : { "ANNO":"2010","ID_SEZIONE":"5651","ISTAT_COMUNE_SEZ":"4215","COMUNE_SEZ":"SAVIGLIANO","PROVINCIA":"CN","ID_CENTRALE":"1311","NOME_CENTRALE":"SAVIGLIANO","ISTAT_COMUNE_CENTR":"4215","COMUNE_CENTR":"SAVIGLIANO","PROVINCIA_CENTR":"CN","INDIRIZZO_CENTRALE":"DANNA 4","LATITUDINE_SEZIONE":"44.64530","LONGITUDINE_SEZIONE":"7.65182","POS_X_SEZIONE":"393088.74477","POS_Y_SEZIONE":"4944432.77363","LATITUDINE_CENTRALE":"44.64791","LONGITUDINE_CENTRALE":"7.65870","POS_X_CENTRALE":"393639.52224","POS_Y_CENTRALE":"4944713.85637","TIPO_ADSL":"ADSL_2P","DESCRIZIONE_TIPO_ADSL":"ADSL 2+ (24 mega)","DISTANZA_CALCOLATA":"618.36","CLASSE_DISTANZA":"500-899","POTENZA_SEGNALE":"19523.33","POPOLAZIONE_SEZIONE": "544"}
			},
		 		{ "type" : "Feature",
				"geometry" : {
					"type" : "Point",
					"coordinates" : [7.64503,44.66602]},
			"properties" : { "ANNO":"2010","ID_SEZIONE":"5975","ISTAT_COMUNE_SEZ":"4215","COMUNE_SEZ":"SAVIGLIANO","PROVINCIA":"CN","ID_CENTRALE":"1311","NOME_CENTRALE":"SAVIGLIANO","ISTAT_COMUNE_CENTR":"4215","COMUNE_CENTR":"SAVIGLIANO","PROVINCIA_CENTR":"CN","INDIRIZZO_CENTRALE":"DANNA 4","LATITUDINE_SEZIONE":"44.66602","LONGITUDINE_SEZIONE":"7.64503","POS_X_SEZIONE":"392589.23962","POS_Y_SEZIONE":"4946743.78035","LATITUDINE_CENTRALE":"44.64791","LONGITUDINE_CENTRALE":"7.65870","POS_X_CENTRALE":"393639.52224","POS_Y_CENTRALE":"4944713.85637","TIPO_ADSL":"ADSL_2P","DESCRIZIONE_TIPO_ADSL":"ADSL 2+ (24 mega)","DISTANZA_CALCOLATA":"2285.54","CLASSE_DISTANZA":"2100-2499","POTENZA_SEGNALE":"10000","POPOLAZIONE_SEZIONE": "160"}
			},
		 		{ "type" : "Feature",
				"geometry" : {
					"type" : "Point",
					"coordinates" : [7.66108,44.64372]},
			"properties" : { "ANNO":"2010","ID_SEZIONE":"5980","ISTAT_COMUNE_SEZ":"4215","COMUNE_SEZ":"SAVIGLIANO","PROVINCIA":"CN","ID_CENTRALE":"1311","NOME_CENTRALE":"SAVIGLIANO","ISTAT_COMUNE_CENTR":"4215","COMUNE_CENTR":"SAVIGLIANO","PROVINCIA_CENTR":"CN","INDIRIZZO_CENTRALE":"DANNA 4","LATITUDINE_SEZIONE":"44.64372","LONGITUDINE_SEZIONE":"7.66108","POS_X_SEZIONE":"393820.62317","POS_Y_SEZIONE":"4944245.27206","LATITUDINE_CENTRALE":"44.64791","LONGITUDINE_CENTRALE":"7.65870","POS_X_CENTRALE":"393639.52224","POS_Y_CENTRALE":"4944713.85637","TIPO_ADSL":"ADSL_2P","DESCRIZIONE_TIPO_ADSL":"ADSL 2+ (24 mega)","DISTANZA_CALCOLATA":"502.36","CLASSE_DISTANZA":"500-899","POTENZA_SEGNALE":"19523.33","POPOLAZIONE_SEZIONE": "1"}
			},
		 		{ "type" : "Feature",
				"geometry" : {
					"type" : "Point",
					"coordinates" : [7.69601,44.65842]},
			"properties" : { "ANNO":"2010","ID_SEZIONE":"6457","ISTAT_COMUNE_SEZ":"4215","COMUNE_SEZ":"SAVIGLIANO","PROVINCIA":"CN","ID_CENTRALE":"1311","NOME_CENTRALE":"SAVIGLIANO","ISTAT_COMUNE_CENTR":"4215","COMUNE_CENTR":"SAVIGLIANO","PROVINCIA_CENTR":"CN","INDIRIZZO_CENTRALE":"DANNA 4","LATITUDINE_SEZIONE":"44.65842","LONGITUDINE_SEZIONE":"7.69601","POS_X_SEZIONE":"396616.57069","POS_Y_SEZIONE":"4945833.77306","LATITUDINE_CENTRALE":"44.64791","LONGITUDINE_CENTRALE":"7.65870","POS_X_CENTRALE":"393639.52224","POS_Y_CENTRALE":"4944713.85637","TIPO_ADSL":"ADSL_2P","DESCRIZIONE_TIPO_ADSL":"ADSL 2+ (24 mega)","DISTANZA_CALCOLATA":"3180.73","CLASSE_DISTANZA":"2900-3299","POTENZA_SEGNALE":"5238.33","POPOLAZIONE_SEZIONE": "35"}
			},
		 		{ "type" : "Feature",
				"geometry" : {
					"type" : "Point",
					"coordinates" : [7.66312,44.65148]},
			"properties" : { "ANNO":"2010","ID_SEZIONE":"7075","ISTAT_COMUNE_SEZ":"4215","COMUNE_SEZ":"SAVIGLIANO","PROVINCIA":"CN","ID_CENTRALE":"1311","NOME_CENTRALE":"SAVIGLIANO","ISTAT_COMUNE_CENTR":"4215","COMUNE_CENTR":"SAVIGLIANO","PROVINCIA_CENTR":"CN","INDIRIZZO_CENTRALE":"DANNA 4","LATITUDINE_SEZIONE":"44.65148","LONGITUDINE_SEZIONE":"7.66312","POS_X_SEZIONE":"393996.54791","POS_Y_SEZIONE":"4945104.77466","LATITUDINE_CENTRALE":"44.64791","LONGITUDINE_CENTRALE":"7.65870","POS_X_CENTRALE":"393639.52224","POS_Y_CENTRALE":"4944713.85637","TIPO_ADSL":"ADSL_2P","DESCRIZIONE_TIPO_ADSL":"ADSL 2+ (24 mega)","DISTANZA_CALCOLATA":"529.42","CLASSE_DISTANZA":"500-899","POTENZA_SEGNALE":"19523.33","POPOLAZIONE_SEZIONE": ""}
			},
		 		{ "type" : "Feature",
				"geometry" : {
					"type" : "Point",
					"coordinates" : [7.69273,44.62452]},
			"properties" : { "ANNO":"2010","ID_SEZIONE":"7313","ISTAT_COMUNE_SEZ":"4215","COMUNE_SEZ":"SAVIGLIANO","PROVINCIA":"CN","ID_CENTRALE":"1311","NOME_CENTRALE":"SAVIGLIANO","ISTAT_COMUNE_CENTR":"4215","COMUNE_CENTR":"SAVIGLIANO","PROVINCIA_CENTR":"CN","INDIRIZZO_CENTRALE":"DANNA 4","LATITUDINE_SEZIONE":"44.62452","LONGITUDINE_SEZIONE":"7.69273","POS_X_SEZIONE":"396296.49901","POS_Y_SEZIONE":"4942071.26528","LATITUDINE_CENTRALE":"44.64791","LONGITUDINE_CENTRALE":"7.65870","POS_X_CENTRALE":"393639.52224","POS_Y_CENTRALE":"4944713.85637","TIPO_ADSL":"ADSL_2P","DESCRIZIONE_TIPO_ADSL":"ADSL 2+ (24 mega)","DISTANZA_CALCOLATA":"3747.37","CLASSE_DISTANZA":"3700-4099","POTENZA_SEGNALE":"2857.5","POPOLAZIONE_SEZIONE": "12"}
			},
		 		{ "type" : "Feature",
				"geometry" : {
					"type" : "Point",
					"coordinates" : [7.66599,44.64364]},
			"properties" : { "ANNO":"2010","ID_SEZIONE":"7694","ISTAT_COMUNE_SEZ":"4215","COMUNE_SEZ":"SAVIGLIANO","PROVINCIA":"CN","ID_CENTRALE":"1311","NOME_CENTRALE":"SAVIGLIANO","ISTAT_COMUNE_CENTR":"4215","COMUNE_CENTR":"SAVIGLIANO","PROVINCIA_CENTR":"CN","INDIRIZZO_CENTRALE":"DANNA 4","LATITUDINE_SEZIONE":"44.64364","LONGITUDINE_SEZIONE":"7.66599","POS_X_SEZIONE":"394209.37351","POS_Y_SEZIONE":"4944229.77178","LATITUDINE_CENTRALE":"44.64791","LONGITUDINE_CENTRALE":"7.65870","POS_X_CENTRALE":"393639.52224","POS_Y_CENTRALE":"4944713.85637","TIPO_ADSL":"ADSL_2P","DESCRIZIONE_TIPO_ADSL":"ADSL 2+ (24 mega)","DISTANZA_CALCOLATA":"747.71","CLASSE_DISTANZA":"500-899","POTENZA_SEGNALE":"19523.33","POPOLAZIONE_SEZIONE": "828"}
			},
		 		{ "type" : "Feature",
				"geometry" : {
					"type" : "Point",
					"coordinates" : [7.65966,44.64913]},
			"properties" : { "ANNO":"2010","ID_SEZIONE":"7746","ISTAT_COMUNE_SEZ":"4215","COMUNE_SEZ":"SAVIGLIANO","PROVINCIA":"CN","ID_CENTRALE":"1311","NOME_CENTRALE":"SAVIGLIANO","ISTAT_COMUNE_CENTR":"4215","COMUNE_CENTR":"SAVIGLIANO","PROVINCIA_CENTR":"CN","INDIRIZZO_CENTRALE":"DANNA 4","LATITUDINE_SEZIONE":"44.64913","LONGITUDINE_SEZIONE":"7.65966","POS_X_SEZIONE":"393717.64461","POS_Y_SEZIONE":"4944847.77421","LATITUDINE_CENTRALE":"44.64791","LONGITUDINE_CENTRALE":"7.65870","POS_X_CENTRALE":"393639.52224","POS_Y_CENTRALE":"4944713.85637","TIPO_ADSL":"ADSL_2P","DESCRIZIONE_TIPO_ADSL":"ADSL 2+ (24 mega)","DISTANZA_CALCOLATA":"155.04","CLASSE_DISTANZA":"100-499","POTENZA_SEGNALE":"19761.67","POPOLAZIONE_SEZIONE": "370"}
			},
		 		{ "type" : "Feature",
				"geometry" : {
					"type" : "Point",
					"coordinates" : [7.65912,44.64787]},
			"properties" : { "ANNO":"2010","ID_SEZIONE":"7749","ISTAT_COMUNE_SEZ":"4215","COMUNE_SEZ":"SAVIGLIANO","PROVINCIA":"CN","ID_CENTRALE":"1311","NOME_CENTRALE":"SAVIGLIANO","ISTAT_COMUNE_CENTR":"4215","COMUNE_CENTR":"SAVIGLIANO","PROVINCIA_CENTR":"CN","INDIRIZZO_CENTRALE":"DANNA 4","LATITUDINE_SEZIONE":"44.64787","LONGITUDINE_SEZIONE":"7.65912","POS_X_SEZIONE":"393672.39661","POS_Y_SEZIONE":"4944708.77389","LATITUDINE_CENTRALE":"44.64791","LONGITUDINE_CENTRALE":"7.65870","POS_X_CENTRALE":"393639.52224","POS_Y_CENTRALE":"4944713.85637","TIPO_ADSL":"ADSL_2P","DESCRIZIONE_TIPO_ADSL":"ADSL 2+ (24 mega)","DISTANZA_CALCOLATA":"33.26","CLASSE_DISTANZA":"0-99","POTENZA_SEGNALE":"19761.67","POPOLAZIONE_SEZIONE": "423"}
			},
		 		{ "type" : "Feature",
				"geometry" : {
					"type" : "Point",
					"coordinates" : [7.65492,44.64634]},
			"properties" : { "ANNO":"2010","ID_SEZIONE":"7750","ISTAT_COMUNE_SEZ":"4215","COMUNE_SEZ":"SAVIGLIANO","PROVINCIA":"CN","ID_CENTRALE":"1311","NOME_CENTRALE":"SAVIGLIANO","ISTAT_COMUNE_CENTR":"4215","COMUNE_CENTR":"SAVIGLIANO","PROVINCIA_CENTR":"CN","INDIRIZZO_CENTRALE":"DANNA 4","LATITUDINE_SEZIONE":"44.64634","LONGITUDINE_SEZIONE":"7.65492","POS_X_SEZIONE":"393336.46215","POS_Y_SEZIONE":"4944544.77363","LATITUDINE_CENTRALE":"44.64791","LONGITUDINE_CENTRALE":"7.65870","POS_X_CENTRALE":"393639.52224","POS_Y_CENTRALE":"4944713.85637","TIPO_ADSL":"ADSL_2P","DESCRIZIONE_TIPO_ADSL":"ADSL 2+ (24 mega)","DISTANZA_CALCOLATA":"347.04","CLASSE_DISTANZA":"100-499","POTENZA_SEGNALE":"19761.67","POPOLAZIONE_SEZIONE": "340"}
			},
		 		{ "type" : "Feature",
				"geometry" : {
					"type" : "Point",
					"coordinates" : [7.67534,44.62377]},
			"properties" : { "ANNO":"2010","ID_SEZIONE":"8076","ISTAT_COMUNE_SEZ":"4215","COMUNE_SEZ":"SAVIGLIANO","PROVINCIA":"CN","ID_CENTRALE":"1311","NOME_CENTRALE":"SAVIGLIANO","ISTAT_COMUNE_CENTR":"4215","COMUNE_CENTR":"SAVIGLIANO","PROVINCIA_CENTR":"CN","INDIRIZZO_CENTRALE":"DANNA 4","LATITUDINE_SEZIONE":"44.62377","LONGITUDINE_SEZIONE":"7.67534","POS_X_SEZIONE":"394915.00013","POS_Y_SEZIONE":"4942011.26502","LATITUDINE_CENTRALE":"44.64791","LONGITUDINE_CENTRALE":"7.65870","POS_X_CENTRALE":"393639.52224","POS_Y_CENTRALE":"4944713.85637","TIPO_ADSL":"ADSL_2P","DESCRIZIONE_TIPO_ADSL":"ADSL 2+ (24 mega)","DISTANZA_CALCOLATA":"2988.45","CLASSE_DISTANZA":"2900-3299","POTENZA_SEGNALE":"5238.33","POPOLAZIONE_SEZIONE": "52"}
			},
		 		{ "type" : "Feature",
				"geometry" : {
					"type" : "Point",
					"coordinates" : [7.66098,44.65007]},
			"properties" : { "ANNO":"2010","ID_SEZIONE":"8571","ISTAT_COMUNE_SEZ":"4215","COMUNE_SEZ":"SAVIGLIANO","PROVINCIA":"CN","ID_CENTRALE":"1311","NOME_CENTRALE":"SAVIGLIANO","ISTAT_COMUNE_CENTR":"4215","COMUNE_CENTR":"SAVIGLIANO","PROVINCIA_CENTR":"CN","INDIRIZZO_CENTRALE":"DANNA 4","LATITUDINE_SEZIONE":"44.65007","LONGITUDINE_SEZIONE":"7.66098","POS_X_SEZIONE":"393824.39354","POS_Y_SEZIONE":"4944951.27450","LATITUDINE_CENTRALE":"44.64791","LONGITUDINE_CENTRALE":"7.65870","POS_X_CENTRALE":"393639.52224","POS_Y_CENTRALE":"4944713.85637","TIPO_ADSL":"ADSL_2P","DESCRIZIONE_TIPO_ADSL":"ADSL 2+ (24 mega)","DISTANZA_CALCOLATA":"300.91","CLASSE_DISTANZA":"100-499","POTENZA_SEGNALE":"19761.67","POPOLAZIONE_SEZIONE": "580"}
			},
		 		{ "type" : "Feature",
				"geometry" : {
					"type" : "Point",
					"coordinates" : [7.65663,44.64384]},
			"properties" : { "ANNO":"2010","ID_SEZIONE":"8761","ISTAT_COMUNE_SEZ":"4215","COMUNE_SEZ":"SAVIGLIANO","PROVINCIA":"CN","ID_CENTRALE":"1311","NOME_CENTRALE":"SAVIGLIANO","ISTAT_COMUNE_CENTR":"4215","COMUNE_CENTR":"SAVIGLIANO","PROVINCIA_CENTR":"CN","INDIRIZZO_CENTRALE":"DANNA 4","LATITUDINE_SEZIONE":"44.64384","LONGITUDINE_SEZIONE":"7.65663","POS_X_SEZIONE":"393467.84135","POS_Y_SEZIONE":"4944264.27238","LATITUDINE_CENTRALE":"44.64791","LONGITUDINE_CENTRALE":"7.65870","POS_X_CENTRALE":"393639.52224","POS_Y_CENTRALE":"4944713.85637","TIPO_ADSL":"ADSL_2P","DESCRIZIONE_TIPO_ADSL":"ADSL 2+ (24 mega)","DISTANZA_CALCOLATA":"481.25","CLASSE_DISTANZA":"100-499","POTENZA_SEGNALE":"19761.67","POPOLAZIONE_SEZIONE": "526"}
			},
		 		{ "type" : "Feature",
				"geometry" : {
					"type" : "Point",
					"coordinates" : [7.61237,44.65998]},
			"properties" : { "ANNO":"2010","ID_SEZIONE":"9414","ISTAT_COMUNE_SEZ":"4215","COMUNE_SEZ":"SAVIGLIANO","PROVINCIA":"CN","ID_CENTRALE":"1311","NOME_CENTRALE":"SAVIGLIANO","ISTAT_COMUNE_CENTR":"4215","COMUNE_CENTR":"SAVIGLIANO","PROVINCIA_CENTR":"CN","INDIRIZZO_CENTRALE":"DANNA 4","LATITUDINE_SEZIONE":"44.65998","LONGITUDINE_SEZIONE":"7.61237","POS_X_SEZIONE":"389988.65389","POS_Y_SEZIONE":"4946116.28391","LATITUDINE_CENTRALE":"44.64791","LONGITUDINE_CENTRALE":"7.65870","POS_X_CENTRALE":"393639.52224","POS_Y_CENTRALE":"4944713.85637","TIPO_ADSL":"ADSL_2P","DESCRIZIONE_TIPO_ADSL":"ADSL 2+ (24 mega)","DISTANZA_CALCOLATA":"3910.96","CLASSE_DISTANZA":"3700-4099","POTENZA_SEGNALE":"2857.5","POPOLAZIONE_SEZIONE": "15"}
			},
		 		{ "type" : "Feature",
				"geometry" : {
					"type" : "Point",
					"coordinates" : [7.65009,44.68171]},
			"properties" : { "ANNO":"2010","ID_SEZIONE":"9803","ISTAT_COMUNE_SEZ":"4215","COMUNE_SEZ":"SAVIGLIANO","PROVINCIA":"CN","ID_CENTRALE":"1311","NOME_CENTRALE":"SAVIGLIANO","ISTAT_COMUNE_CENTR":"4215","COMUNE_CENTR":"SAVIGLIANO","PROVINCIA_CENTR":"CN","INDIRIZZO_CENTRALE":"DANNA 4","LATITUDINE_SEZIONE":"44.68171","LONGITUDINE_SEZIONE":"7.65009","POS_X_SEZIONE":"393019.18394","POS_Y_SEZIONE":"4948479.30624","LATITUDINE_CENTRALE":"44.64791","LONGITUDINE_CENTRALE":"7.65870","POS_X_CENTRALE":"393639.52224","POS_Y_CENTRALE":"4944713.85637","TIPO_ADSL":"ADSL_2P","DESCRIZIONE_TIPO_ADSL":"ADSL 2+ (24 mega)","DISTANZA_CALCOLATA":"3816.21","CLASSE_DISTANZA":"3700-4099","POTENZA_SEGNALE":"2857.5","POPOLAZIONE_SEZIONE": "34"}
			},
		 		{ "type" : "Feature",
				"geometry" : {
					"type" : "Point",
					"coordinates" : [7.64140,44.68241]},
			"properties" : { "ANNO":"2010","ID_SEZIONE":"10840","ISTAT_COMUNE_SEZ":"4215","COMUNE_SEZ":"SAVIGLIANO","PROVINCIA":"CN","ID_CENTRALE":"1311","NOME_CENTRALE":"SAVIGLIANO","ISTAT_COMUNE_CENTR":"4215","COMUNE_CENTR":"SAVIGLIANO","PROVINCIA_CENTR":"CN","INDIRIZZO_CENTRALE":"DANNA 4","LATITUDINE_SEZIONE":"44.68241","LONGITUDINE_SEZIONE":"7.64140","POS_X_SEZIONE":"392331.36928","POS_Y_SEZIONE":"4948569.30816","LATITUDINE_CENTRALE":"44.64791","LONGITUDINE_CENTRALE":"7.65870","POS_X_CENTRALE":"393639.52224","POS_Y_CENTRALE":"4944713.85637","TIPO_ADSL":"ADSL_2P","DESCRIZIONE_TIPO_ADSL":"ADSL 2+ (24 mega)","DISTANZA_CALCOLATA":"4071.34","CLASSE_DISTANZA":"3700-4099","POTENZA_SEGNALE":"2857.5","POPOLAZIONE_SEZIONE": "18"}
			},
		 		{ "type" : "Feature",
				"geometry" : {
					"type" : "Point",
					"coordinates" : [7.59217,44.64153]},
			"properties" : { "ANNO":"2010","ID_SEZIONE":"11828","ISTAT_COMUNE_SEZ":"4215","COMUNE_SEZ":"SAVIGLIANO","PROVINCIA":"CN","ID_CENTRALE":"1311","NOME_CENTRALE":"SAVIGLIANO","ISTAT_COMUNE_CENTR":"4215","COMUNE_CENTR":"SAVIGLIANO","PROVINCIA_CENTR":"CN","INDIRIZZO_CENTRALE":"DANNA 4","LATITUDINE_SEZIONE":"44.64153","LONGITUDINE_SEZIONE":"7.59217","POS_X_SEZIONE":"388351.49856","POS_Y_SEZIONE":"4944093.77587","LATITUDINE_CENTRALE":"44.64791","LONGITUDINE_CENTRALE":"7.65870","POS_X_CENTRALE":"393639.52224","POS_Y_CENTRALE":"4944713.85637","TIPO_ADSL":"ADSL_2P","DESCRIZIONE_TIPO_ADSL":"ADSL 2+ (24 mega)","DISTANZA_CALCOLATA":"5324.26","CLASSE_DISTANZA":"5300-5699","POTENZA_SEGNALE":"475.83","POPOLAZIONE_SEZIONE": "13"}
			},
		 		{ "type" : "Feature",
				"geometry" : {
					"type" : "Point",
					"coordinates" : [7.64016,44.64160]},
			"properties" : { "ANNO":"2010","ID_SEZIONE":"11877","ISTAT_COMUNE_SEZ":"4215","COMUNE_SEZ":"SAVIGLIANO","PROVINCIA":"CN","ID_CENTRALE":"1311","NOME_CENTRALE":"SAVIGLIANO","ISTAT_COMUNE_CENTR":"4215","COMUNE_CENTR":"SAVIGLIANO","PROVINCIA_CENTR":"CN","INDIRIZZO_CENTRALE":"DANNA 4","LATITUDINE_SEZIONE":"44.64160","LONGITUDINE_SEZIONE":"7.64016","POS_X_SEZIONE":"392157.40653","POS_Y_SEZIONE":"4944036.77286","LATITUDINE_CENTRALE":"44.64791","LONGITUDINE_CENTRALE":"7.65870","POS_X_CENTRALE":"393639.52224","POS_Y_CENTRALE":"4944713.85637","TIPO_ADSL":"ADSL_2P","DESCRIZIONE_TIPO_ADSL":"ADSL 2+ (24 mega)","DISTANZA_CALCOLATA":"1629.45","CLASSE_DISTANZA":"1300-1699","POTENZA_SEGNALE":"16071.67","POPOLAZIONE_SEZIONE": "20"}
			},
		 		{ "type" : "Feature",
				"geometry" : {
					"type" : "Point",
					"coordinates" : [7.65902,44.64038]},
			"properties" : { "ANNO":"2010","ID_SEZIONE":"12190","ISTAT_COMUNE_SEZ":"4215","COMUNE_SEZ":"SAVIGLIANO","PROVINCIA":"CN","ID_CENTRALE":"1311","NOME_CENTRALE":"SAVIGLIANO","ISTAT_COMUNE_CENTR":"4215","COMUNE_CENTR":"SAVIGLIANO","PROVINCIA_CENTR":"CN","INDIRIZZO_CENTRALE":"DANNA 4","LATITUDINE_SEZIONE":"44.64038","LONGITUDINE_SEZIONE":"7.65902","POS_X_SEZIONE":"393650.97248","POS_Y_SEZIONE":"4943877.27104","LATITUDINE_CENTRALE":"44.64791","LONGITUDINE_CENTRALE":"7.65870","POS_X_CENTRALE":"393639.52224","POS_Y_CENTRALE":"4944713.85637","TIPO_ADSL":"ADSL_2P","DESCRIZIONE_TIPO_ADSL":"ADSL 2+ (24 mega)","DISTANZA_CALCOLATA":"836.66","CLASSE_DISTANZA":"500-899","POTENZA_SEGNALE":"19523.33","POPOLAZIONE_SEZIONE": "651"}
			},
		 		{ "type" : "Feature",
				"geometry" : {
					"type" : "Point",
					"coordinates" : [7.66678,44.66850]},
			"properties" : { "ANNO":"2010","ID_SEZIONE":"12417","ISTAT_COMUNE_SEZ":"4215","COMUNE_SEZ":"SAVIGLIANO","PROVINCIA":"CN","ID_CENTRALE":"1311","NOME_CENTRALE":"SAVIGLIANO","ISTAT_COMUNE_CENTR":"4215","COMUNE_CENTR":"SAVIGLIANO","PROVINCIA_CENTR":"CN","INDIRIZZO_CENTRALE":"DANNA 4","LATITUDINE_SEZIONE":"44.66850","LONGITUDINE_SEZIONE":"7.66678","POS_X_SEZIONE":"394317.23808","POS_Y_SEZIONE":"4946990.78144","LATITUDINE_CENTRALE":"44.64791","LONGITUDINE_CENTRALE":"7.65870","POS_X_CENTRALE":"393639.52224","POS_Y_CENTRALE":"4944713.85637","TIPO_ADSL":"ADSL_2P","DESCRIZIONE_TIPO_ADSL":"ADSL 2+ (24 mega)","DISTANZA_CALCOLATA":"2375.64","CLASSE_DISTANZA":"2100-2499","POTENZA_SEGNALE":"10000","POPOLAZIONE_SEZIONE": "20"}
			},
		 		{ "type" : "Feature",
				"geometry" : {
					"type" : "Point",
					"coordinates" : [7.65417,44.64985]},
			"properties" : { "ANNO":"2010","ID_SEZIONE":"12890","ISTAT_COMUNE_SEZ":"4215","COMUNE_SEZ":"SAVIGLIANO","PROVINCIA":"CN","ID_CENTRALE":"1311","NOME_CENTRALE":"SAVIGLIANO","ISTAT_COMUNE_CENTR":"4215","COMUNE_CENTR":"SAVIGLIANO","PROVINCIA_CENTR":"CN","INDIRIZZO_CENTRALE":"DANNA 4","LATITUDINE_SEZIONE":"44.64985","LONGITUDINE_SEZIONE":"7.65417","POS_X_SEZIONE":"393283.70618","POS_Y_SEZIONE":"4944935.27501","LATITUDINE_CENTRALE":"44.64791","LONGITUDINE_CENTRALE":"7.65870","POS_X_CENTRALE":"393639.52224","POS_Y_CENTRALE":"4944713.85637","TIPO_ADSL":"ADSL_2P","DESCRIZIONE_TIPO_ADSL":"ADSL 2+ (24 mega)","DISTANZA_CALCOLATA":"419.08","CLASSE_DISTANZA":"100-499","POTENZA_SEGNALE":"19761.67","POPOLAZIONE_SEZIONE": ""}
			},
		 		{ "type" : "Feature",
				"geometry" : {
					"type" : "Point",
					"coordinates" : [7.65925,44.64509]},
			"properties" : { "ANNO":"2010","ID_SEZIONE":"12892","ISTAT_COMUNE_SEZ":"4215","COMUNE_SEZ":"SAVIGLIANO","PROVINCIA":"CN","ID_CENTRALE":"1311","NOME_CENTRALE":"SAVIGLIANO","ISTAT_COMUNE_CENTR":"4215","COMUNE_CENTR":"SAVIGLIANO","PROVINCIA_CENTR":"CN","INDIRIZZO_CENTRALE":"DANNA 4","LATITUDINE_SEZIONE":"44.64509","LONGITUDINE_SEZIONE":"7.65925","POS_X_SEZIONE":"393678.15149","POS_Y_SEZIONE":"4944399.77267","LATITUDINE_CENTRALE":"44.64791","LONGITUDINE_CENTRALE":"7.65870","POS_X_CENTRALE":"393639.52224","POS_Y_CENTRALE":"4944713.85637","TIPO_ADSL":"ADSL_2P","DESCRIZIONE_TIPO_ADSL":"ADSL 2+ (24 mega)","DISTANZA_CALCOLATA":"316.45","CLASSE_DISTANZA":"100-499","POTENZA_SEGNALE":"19761.67","POPOLAZIONE_SEZIONE": ""}
			},
		 		{ "type" : "Feature",
				"geometry" : {
					"type" : "Point",
					"coordinates" : [7.65589,44.64631]},
			"properties" : { "ANNO":"2010","ID_SEZIONE":"13556","ISTAT_COMUNE_SEZ":"4215","COMUNE_SEZ":"SAVIGLIANO","PROVINCIA":"CN","ID_CENTRALE":"1311","NOME_CENTRALE":"SAVIGLIANO","ISTAT_COMUNE_CENTR":"4215","COMUNE_CENTR":"SAVIGLIANO","PROVINCIA_CENTR":"CN","INDIRIZZO_CENTRALE":"DANNA 4","LATITUDINE_SEZIONE":"44.64631","LONGITUDINE_SEZIONE":"7.65589","POS_X_SEZIONE":"393413.89908","POS_Y_SEZIONE":"4944540.27366","LATITUDINE_CENTRALE":"44.64791","LONGITUDINE_CENTRALE":"7.65870","POS_X_CENTRALE":"393639.52224","POS_Y_CENTRALE":"4944713.85637","TIPO_ADSL":"ADSL_2P","DESCRIZIONE_TIPO_ADSL":"ADSL 2+ (24 mega)","DISTANZA_CALCOLATA":"284.67","CLASSE_DISTANZA":"100-499","POTENZA_SEGNALE":"19761.67","POPOLAZIONE_SEZIONE": ""}
			},
		 		{ "type" : "Feature",
				"geometry" : {
					"type" : "Point",
					"coordinates" : [7.68175,44.61058]},
			"properties" : { "ANNO":"2010","ID_SEZIONE":"13956","ISTAT_COMUNE_SEZ":"4215","COMUNE_SEZ":"SAVIGLIANO","PROVINCIA":"CN","ID_CENTRALE":"1311","NOME_CENTRALE":"SAVIGLIANO","ISTAT_COMUNE_CENTR":"4215","COMUNE_CENTR":"SAVIGLIANO","PROVINCIA_CENTR":"CN","INDIRIZZO_CENTRALE":"DANNA 4","LATITUDINE_SEZIONE":"44.61058","LONGITUDINE_SEZIONE":"7.68175","POS_X_SEZIONE":"395400.55226","POS_Y_SEZIONE":"4940537.26156","LATITUDINE_CENTRALE":"44.64791","LONGITUDINE_CENTRALE":"7.65870","POS_X_CENTRALE":"393639.52224","POS_Y_CENTRALE":"4944713.85637","TIPO_ADSL":"ADSL_2P","DESCRIZIONE_TIPO_ADSL":"ADSL 2+ (24 mega)","DISTANZA_CALCOLATA":"4532.68","CLASSE_DISTANZA":"4500-4899","POTENZA_SEGNALE":"1428.33","POPOLAZIONE_SEZIONE": "40"}
			},
		 		{ "type" : "Feature",
				"geometry" : {
					"type" : "Point",
					"coordinates" : [7.63388,44.65635]},
			"properties" : { "ANNO":"2010","ID_SEZIONE":"14517","ISTAT_COMUNE_SEZ":"4215","COMUNE_SEZ":"SAVIGLIANO","PROVINCIA":"CN","ID_CENTRALE":"1311","NOME_CENTRALE":"SAVIGLIANO","ISTAT_COMUNE_CENTR":"4215","COMUNE_CENTR":"SAVIGLIANO","PROVINCIA_CENTR":"CN","INDIRIZZO_CENTRALE":"DANNA 4","LATITUDINE_SEZIONE":"44.65635","LONGITUDINE_SEZIONE":"7.63388","POS_X_SEZIONE":"391686.91232","POS_Y_SEZIONE":"4945683.77959","LATITUDINE_CENTRALE":"44.64791","LONGITUDINE_CENTRALE":"7.65870","POS_X_CENTRALE":"393639.52224","POS_Y_CENTRALE":"4944713.85637","TIPO_ADSL":"ADSL_2P","DESCRIZIONE_TIPO_ADSL":"ADSL 2+ (24 mega)","DISTANZA_CALCOLATA":"2180.24","CLASSE_DISTANZA":"2100-2499","POTENZA_SEGNALE":"10000","POPOLAZIONE_SEZIONE": "157"}
			},
		 		{ "type" : "Feature",
				"geometry" : {
					"type" : "Point",
					"coordinates" : [7.64703,44.64503]},
			"properties" : { "ANNO":"2010","ID_SEZIONE":"14519","ISTAT_COMUNE_SEZ":"4215","COMUNE_SEZ":"SAVIGLIANO","PROVINCIA":"CN","ID_CENTRALE":"1311","NOME_CENTRALE":"SAVIGLIANO","ISTAT_COMUNE_CENTR":"4215","COMUNE_CENTR":"SAVIGLIANO","PROVINCIA_CENTR":"CN","INDIRIZZO_CENTRALE":"DANNA 4","LATITUDINE_SEZIONE":"44.64503","LONGITUDINE_SEZIONE":"7.64703","POS_X_SEZIONE":"392708.74503","POS_Y_SEZIONE":"4944408.77363","LATITUDINE_CENTRALE":"44.64791","LONGITUDINE_CENTRALE":"7.65870","POS_X_CENTRALE":"393639.52224","POS_Y_CENTRALE":"4944713.85637","TIPO_ADSL":"ADSL_2P","DESCRIZIONE_TIPO_ADSL":"ADSL 2+ (24 mega)","DISTANZA_CALCOLATA":"979.50","CLASSE_DISTANZA":"900-1299","POTENZA_SEGNALE":"17737.5","POPOLAZIONE_SEZIONE": "786"}
			},
		 		{ "type" : "Feature",
				"geometry" : {
					"type" : "Point",
					"coordinates" : [7.66050,44.60849]},
			"properties" : { "ANNO":"2010","ID_SEZIONE":"14567","ISTAT_COMUNE_SEZ":"4215","COMUNE_SEZ":"SAVIGLIANO","PROVINCIA":"CN","ID_CENTRALE":"1311","NOME_CENTRALE":"SAVIGLIANO","ISTAT_COMUNE_CENTR":"4215","COMUNE_CENTR":"SAVIGLIANO","PROVINCIA_CENTR":"CN","INDIRIZZO_CENTRALE":"DANNA 4","LATITUDINE_SEZIONE":"44.60849","LONGITUDINE_SEZIONE":"7.66050","POS_X_SEZIONE":"393710.18221","POS_Y_SEZIONE":"4940332.26035","LATITUDINE_CENTRALE":"44.64791","LONGITUDINE_CENTRALE":"7.65870","POS_X_CENTRALE":"393639.52224","POS_Y_CENTRALE":"4944713.85637","TIPO_ADSL":"ADSL_2P","DESCRIZIONE_TIPO_ADSL":"ADSL 2+ (24 mega)","DISTANZA_CALCOLATA":"4382.17","CLASSE_DISTANZA":"4100-4499","POTENZA_SEGNALE":"2024.17","POPOLAZIONE_SEZIONE": "67"}
			},
		 		{ "type" : "Feature",
				"geometry" : {
					"type" : "Point",
					"coordinates" : [7.66001,44.68102]},
			"properties" : { "ANNO":"2010","ID_SEZIONE":"14757","ISTAT_COMUNE_SEZ":"4215","COMUNE_SEZ":"SAVIGLIANO","PROVINCIA":"CN","ID_CENTRALE":"1311","NOME_CENTRALE":"SAVIGLIANO","ISTAT_COMUNE_CENTR":"4215","COMUNE_CENTR":"SAVIGLIANO","PROVINCIA_CENTR":"CN","INDIRIZZO_CENTRALE":"DANNA 4","LATITUDINE_SEZIONE":"44.68102","LONGITUDINE_SEZIONE":"7.66001","POS_X_SEZIONE":"393803.81114","POS_Y_SEZIONE":"4948390.30375","LATITUDINE_CENTRALE":"44.64791","LONGITUDINE_CENTRALE":"7.65870","POS_X_CENTRALE":"393639.52224","POS_Y_CENTRALE":"4944713.85637","TIPO_ADSL":"ADSL_2P","DESCRIZIONE_TIPO_ADSL":"ADSL 2+ (24 mega)","DISTANZA_CALCOLATA":"3680.12","CLASSE_DISTANZA":"3300-3699","POTENZA_SEGNALE":"4047.5","POPOLAZIONE_SEZIONE": "46"}
			},
		 		{ "type" : "Feature",
				"geometry" : {
					"type" : "Point",
					"coordinates" : [7.80105,44.65523]},
			"properties" : { "ANNO":"2010","ID_SEZIONE":"14760","ISTAT_COMUNE_SEZ":"4067","COMUNE_SEZ":"CHERASCO","PROVINCIA":"CN","ID_CENTRALE":"1311","NOME_CENTRALE":"SAVIGLIANO","ISTAT_COMUNE_CENTR":"4215","COMUNE_CENTR":"SAVIGLIANO","PROVINCIA_CENTR":"CN","INDIRIZZO_CENTRALE":"DANNA 4","LATITUDINE_SEZIONE":"44.65523","LONGITUDINE_SEZIONE":"7.80105","POS_X_SEZIONE":"404938.90337","POS_Y_SEZIONE":"4945351.02259","LATITUDINE_CENTRALE":"44.64791","LONGITUDINE_CENTRALE":"7.65870","POS_X_CENTRALE":"393639.52224","POS_Y_CENTRALE":"4944713.85637","TIPO_ADSL":"ADSL_2P","DESCRIZIONE_TIPO_ADSL":"ADSL 2+ (24 mega)","DISTANZA_CALCOLATA":"11317.33","CLASSE_DISTANZA":"6100 e oltre","POTENZA_SEGNALE":"0.00","POPOLAZIONE_SEZIONE": "7"}
			},
		 		{ "type" : "Feature",
				"geometry" : {
					"type" : "Point",
					"coordinates" : [7.64793,44.64978]},
			"properties" : { "ANNO":"2010","ID_SEZIONE":"14992","ISTAT_COMUNE_SEZ":"4215","COMUNE_SEZ":"SAVIGLIANO","PROVINCIA":"CN","ID_CENTRALE":"1311","NOME_CENTRALE":"SAVIGLIANO","ISTAT_COMUNE_CENTR":"4215","COMUNE_CENTR":"SAVIGLIANO","PROVINCIA_CENTR":"CN","INDIRIZZO_CENTRALE":"DANNA 4","LATITUDINE_SEZIONE":"44.64978","LONGITUDINE_SEZIONE":"7.64793","POS_X_SEZIONE":"392789.17511","POS_Y_SEZIONE":"4944935.27552","LATITUDINE_CENTRALE":"44.64791","LONGITUDINE_CENTRALE":"7.65870","POS_X_CENTRALE":"393639.52224","POS_Y_CENTRALE":"4944713.85637","TIPO_ADSL":"ADSL_2P","DESCRIZIONE_TIPO_ADSL":"ADSL 2+ (24 mega)","DISTANZA_CALCOLATA":"878.70","CLASSE_DISTANZA":"500-899","POTENZA_SEGNALE":"19523.33","POPOLAZIONE_SEZIONE": "645"}
			},
		 		{ "type" : "Feature",
				"geometry" : {
					"type" : "Point",
					"coordinates" : [7.61315,44.65296]},
			"properties" : { "ANNO":"2010","ID_SEZIONE":"15432","ISTAT_COMUNE_SEZ":"4215","COMUNE_SEZ":"SAVIGLIANO","PROVINCIA":"CN","ID_CENTRALE":"1311","NOME_CENTRALE":"SAVIGLIANO","ISTAT_COMUNE_CENTR":"4215","COMUNE_CENTR":"SAVIGLIANO","PROVINCIA_CENTR":"CN","INDIRIZZO_CENTRALE":"DANNA 4","LATITUDINE_SEZIONE":"44.65296","LONGITUDINE_SEZIONE":"7.61315","POS_X_SEZIONE":"390037.29184","POS_Y_SEZIONE":"4945335.28013","LATITUDINE_CENTRALE":"44.64791","LONGITUDINE_CENTRALE":"7.65870","POS_X_CENTRALE":"393639.52224","POS_Y_CENTRALE":"4944713.85637","TIPO_ADSL":"ADSL_2P","DESCRIZIONE_TIPO_ADSL":"ADSL 2+ (24 mega)","DISTANZA_CALCOLATA":"3655.44","CLASSE_DISTANZA":"3300-3699","POTENZA_SEGNALE":"4047.5","POPOLAZIONE_SEZIONE": "21"}
			},
		 		{ "type" : "Feature",
				"geometry" : {
					"type" : "Point",
					"coordinates" : [7.60369,44.65681]},
			"properties" : { "ANNO":"2010","ID_SEZIONE":"16072","ISTAT_COMUNE_SEZ":"4215","COMUNE_SEZ":"SAVIGLIANO","PROVINCIA":"CN","ID_CENTRALE":"1311","NOME_CENTRALE":"SAVIGLIANO","ISTAT_COMUNE_CENTR":"4215","COMUNE_CENTR":"SAVIGLIANO","PROVINCIA_CENTR":"CN","INDIRIZZO_CENTRALE":"DANNA 4","LATITUDINE_SEZIONE":"44.65681","LONGITUDINE_SEZIONE":"7.60369","POS_X_SEZIONE":"389294.03373","POS_Y_SEZIONE":"4945775.78343","LATITUDINE_CENTRALE":"44.64791","LONGITUDINE_CENTRALE":"7.65870","POS_X_CENTRALE":"393639.52224","POS_Y_CENTRALE":"4944713.85637","TIPO_ADSL":"ADSL_2P","DESCRIZIONE_TIPO_ADSL":"ADSL 2+ (24 mega)","DISTANZA_CALCOLATA":"4473.36","CLASSE_DISTANZA":"4100-4499","POTENZA_SEGNALE":"2024.17","POPOLAZIONE_SEZIONE": "54"}
			},
		 		{ "type" : "Feature",
				"geometry" : {
					"type" : "Point",
					"coordinates" : [7.69943,44.63698]},
			"properties" : { "ANNO":"2010","ID_SEZIONE":"16341","ISTAT_COMUNE_SEZ":"4215","COMUNE_SEZ":"SAVIGLIANO","PROVINCIA":"CN","ID_CENTRALE":"1311","NOME_CENTRALE":"SAVIGLIANO","ISTAT_COMUNE_CENTR":"4215","COMUNE_CENTR":"SAVIGLIANO","PROVINCIA_CENTR":"CN","INDIRIZZO_CENTRALE":"DANNA 4","LATITUDINE_SEZIONE":"44.63698","LONGITUDINE_SEZIONE":"7.69943","POS_X_SEZIONE":"396849.97921","POS_Y_SEZIONE":"4943447.76806","LATITUDINE_CENTRALE":"44.64791","LONGITUDINE_CENTRALE":"7.65870","POS_X_CENTRALE":"393639.52224","POS_Y_CENTRALE":"4944713.85637","TIPO_ADSL":"ADSL_2P","DESCRIZIONE_TIPO_ADSL":"ADSL 2+ (24 mega)","DISTANZA_CALCOLATA":"3451.09","CLASSE_DISTANZA":"3300-3699","POTENZA_SEGNALE":"4047.5","POPOLAZIONE_SEZIONE": "37"}
			},
		 		{ "type" : "Feature",
				"geometry" : {
					"type" : "Point",
					"coordinates" : [7.67740,44.64619]},
			"properties" : { "ANNO":"2010","ID_SEZIONE":"17015","ISTAT_COMUNE_SEZ":"4215","COMUNE_SEZ":"SAVIGLIANO","PROVINCIA":"CN","ID_CENTRALE":"1311","NOME_CENTRALE":"SAVIGLIANO","ISTAT_COMUNE_CENTR":"4215","COMUNE_CENTR":"SAVIGLIANO","PROVINCIA_CENTR":"CN","INDIRIZZO_CENTRALE":"DANNA 4","LATITUDINE_SEZIONE":"44.64619","LONGITUDINE_SEZIONE":"7.67740","POS_X_SEZIONE":"395118.80788","POS_Y_SEZIONE":"4944498.77146","LATITUDINE_CENTRALE":"44.64791","LONGITUDINE_CENTRALE":"7.65870","POS_X_CENTRALE":"393639.52224","POS_Y_CENTRALE":"4944713.85637","TIPO_ADSL":"ADSL_2P","DESCRIZIONE_TIPO_ADSL":"ADSL 2+ (24 mega)","DISTANZA_CALCOLATA":"1494.84","CLASSE_DISTANZA":"1300-1699","POTENZA_SEGNALE":"16071.67","POPOLAZIONE_SEZIONE": "106"}
			},
		 		{ "type" : "Feature",
				"geometry" : {
					"type" : "Point",
					"coordinates" : [7.68735,44.63302]},
			"properties" : { "ANNO":"2010","ID_SEZIONE":"17462","ISTAT_COMUNE_SEZ":"4215","COMUNE_SEZ":"SAVIGLIANO","PROVINCIA":"CN","ID_CENTRALE":"1311","NOME_CENTRALE":"SAVIGLIANO","ISTAT_COMUNE_CENTR":"4215","COMUNE_CENTR":"SAVIGLIANO","PROVINCIA_CENTR":"CN","INDIRIZZO_CENTRALE":"DANNA 4","LATITUDINE_SEZIONE":"44.63302","LONGITUDINE_SEZIONE":"7.68735","POS_X_SEZIONE":"395884.57914","POS_Y_SEZIONE":"4943022.76762","LATITUDINE_CENTRALE":"44.64791","LONGITUDINE_CENTRALE":"7.65870","POS_X_CENTRALE":"393639.52224","POS_Y_CENTRALE":"4944713.85637","TIPO_ADSL":"ADSL_2P","DESCRIZIONE_TIPO_ADSL":"ADSL 2+ (24 mega)","DISTANZA_CALCOLATA":"2810.7","CLASSE_DISTANZA":"2500-2899","POTENZA_SEGNALE":"7380.83","POPOLAZIONE_SEZIONE": "151"}
			},
		 		{ "type" : "Feature",
				"geometry" : {
					"type" : "Point",
					"coordinates" : [7.62739,44.66456]},
			"properties" : { "ANNO":"2010","ID_SEZIONE":"18049","ISTAT_COMUNE_SEZ":"4215","COMUNE_SEZ":"SAVIGLIANO","PROVINCIA":"CN","ID_CENTRALE":"1311","NOME_CENTRALE":"SAVIGLIANO","ISTAT_COMUNE_CENTR":"4215","COMUNE_CENTR":"SAVIGLIANO","PROVINCIA_CENTR":"CN","INDIRIZZO_CENTRALE":"DANNA 4","LATITUDINE_SEZIONE":"44.66456","LONGITUDINE_SEZIONE":"7.62739","POS_X_SEZIONE":"391187.89715","POS_Y_SEZIONE":"4946604.28391","LATITUDINE_CENTRALE":"44.64791","LONGITUDINE_CENTRALE":"7.65870","POS_X_CENTRALE":"393639.52224","POS_Y_CENTRALE":"4944713.85637","TIPO_ADSL":"ADSL_2P","DESCRIZIONE_TIPO_ADSL":"ADSL 2+ (24 mega)","DISTANZA_CALCOLATA":"3095.83","CLASSE_DISTANZA":"2900-3299","POTENZA_SEGNALE":"5238.33","POPOLAZIONE_SEZIONE": "24"}
			},
		 		{ "type" : "Feature",
				"geometry" : {
					"type" : "Point",
					"coordinates" : [7.61935,44.64657]},
			"properties" : { "ANNO":"2010","ID_SEZIONE":"18053","ISTAT_COMUNE_SEZ":"4215","COMUNE_SEZ":"SAVIGLIANO","PROVINCIA":"CN","ID_CENTRALE":"1311","NOME_CENTRALE":"SAVIGLIANO","ISTAT_COMUNE_CENTR":"4215","COMUNE_CENTR":"SAVIGLIANO","PROVINCIA_CENTR":"CN","INDIRIZZO_CENTRALE":"DANNA 4","LATITUDINE_SEZIONE":"44.64657","LONGITUDINE_SEZIONE":"7.61935","POS_X_SEZIONE":"390516.83462","POS_Y_SEZIONE":"4944616.77670","LATITUDINE_CENTRALE":"44.64791","LONGITUDINE_CENTRALE":"7.65870","POS_X_CENTRALE":"393639.52224","POS_Y_CENTRALE":"4944713.85637","TIPO_ADSL":"ADSL_2P","DESCRIZIONE_TIPO_ADSL":"ADSL 2+ (24 mega)","DISTANZA_CALCOLATA":"3124.2","CLASSE_DISTANZA":"2900-3299","POTENZA_SEGNALE":"5238.33","POPOLAZIONE_SEZIONE": "7"}
			},
		 		{ "type" : "Feature",
				"geometry" : {
					"type" : "Point",
					"coordinates" : [7.65962,44.65372]},
			"properties" : { "ANNO":"2010","ID_SEZIONE":"18094","ISTAT_COMUNE_SEZ":"4215","COMUNE_SEZ":"SAVIGLIANO","PROVINCIA":"CN","ID_CENTRALE":"1311","NOME_CENTRALE":"SAVIGLIANO","ISTAT_COMUNE_CENTR":"4215","COMUNE_CENTR":"SAVIGLIANO","PROVINCIA_CENTR":"CN","INDIRIZZO_CENTRALE":"DANNA 4","LATITUDINE_SEZIONE":"44.65372","LONGITUDINE_SEZIONE":"7.65962","POS_X_SEZIONE":"393723.35597","POS_Y_SEZIONE":"4945357.77587","LATITUDINE_CENTRALE":"44.64791","LONGITUDINE_CENTRALE":"7.65870","POS_X_CENTRALE":"393639.52224","POS_Y_CENTRALE":"4944713.85637","TIPO_ADSL":"ADSL_2P","DESCRIZIONE_TIPO_ADSL":"ADSL 2+ (24 mega)","DISTANZA_CALCOLATA":"649.35","CLASSE_DISTANZA":"500-899","POTENZA_SEGNALE":"19523.33","POPOLAZIONE_SEZIONE": "564"}
			},
		 		{ "type" : "Feature",
				"geometry" : {
					"type" : "Point",
					"coordinates" : [7.65018,44.65305]},
			"properties" : { "ANNO":"2010","ID_SEZIONE":"18394","ISTAT_COMUNE_SEZ":"4215","COMUNE_SEZ":"SAVIGLIANO","PROVINCIA":"CN","ID_CENTRALE":"1311","NOME_CENTRALE":"SAVIGLIANO","ISTAT_COMUNE_CENTR":"4215","COMUNE_CENTR":"SAVIGLIANO","PROVINCIA_CENTR":"CN","INDIRIZZO_CENTRALE":"DANNA 4","LATITUDINE_SEZIONE":"44.65305","LONGITUDINE_SEZIONE":"7.65018","POS_X_SEZIONE":"392972.98157","POS_Y_SEZIONE":"4945296.27648","LATITUDINE_CENTRALE":"44.64791","LONGITUDINE_CENTRALE":"7.65870","POS_X_CENTRALE":"393639.52224","POS_Y_CENTRALE":"4944713.85637","TIPO_ADSL":"ADSL_2P","DESCRIZIONE_TIPO_ADSL":"ADSL 2+ (24 mega)","DISTANZA_CALCOLATA":"885.15","CLASSE_DISTANZA":"500-899","POTENZA_SEGNALE":"19523.33","POPOLAZIONE_SEZIONE": "592"}
			},
		 		{ "type" : "Feature",
				"geometry" : {
					"type" : "Point",
					"coordinates" : [7.65923,44.64606]},
			"properties" : { "ANNO":"2010","ID_SEZIONE":"18897","ISTAT_COMUNE_SEZ":"4215","COMUNE_SEZ":"SAVIGLIANO","PROVINCIA":"CN","ID_CENTRALE":"1311","NOME_CENTRALE":"SAVIGLIANO","ISTAT_COMUNE_CENTR":"4215","COMUNE_CENTR":"SAVIGLIANO","PROVINCIA_CENTR":"CN","INDIRIZZO_CENTRALE":"DANNA 4","LATITUDINE_SEZIONE":"44.64606","LONGITUDINE_SEZIONE":"7.65923","POS_X_SEZIONE":"393678.46279","POS_Y_SEZIONE":"4944507.77293","LATITUDINE_CENTRALE":"44.64791","LONGITUDINE_CENTRALE":"7.65870","POS_X_CENTRALE":"393639.52224","POS_Y_CENTRALE":"4944713.85637","TIPO_ADSL":"ADSL_2P","DESCRIZIONE_TIPO_ADSL":"ADSL 2+ (24 mega)","DISTANZA_CALCOLATA":"209.73","CLASSE_DISTANZA":"100-499","POTENZA_SEGNALE":"19761.67","POPOLAZIONE_SEZIONE": "440"}
			},
		 		{ "type" : "Feature",
				"geometry" : {
					"type" : "Point",
					"coordinates" : [7.66058,44.63197]},
			"properties" : { "ANNO":"2010","ID_SEZIONE":"18899","ISTAT_COMUNE_SEZ":"4215","COMUNE_SEZ":"SAVIGLIANO","PROVINCIA":"CN","ID_CENTRALE":"1311","NOME_CENTRALE":"SAVIGLIANO","ISTAT_COMUNE_CENTR":"4215","COMUNE_CENTR":"SAVIGLIANO","PROVINCIA_CENTR":"CN","INDIRIZZO_CENTRALE":"DANNA 4","LATITUDINE_SEZIONE":"44.63197","LONGITUDINE_SEZIONE":"7.66058","POS_X_SEZIONE":"393759.76788","POS_Y_SEZIONE":"4942940.76826","LATITUDINE_CENTRALE":"44.64791","LONGITUDINE_CENTRALE":"7.65870","POS_X_CENTRALE":"393639.52224","POS_Y_CENTRALE":"4944713.85637","TIPO_ADSL":"ADSL_2P","DESCRIZIONE_TIPO_ADSL":"ADSL 2+ (24 mega)","DISTANZA_CALCOLATA":"1777.16","CLASSE_DISTANZA":"1700-2099","POTENZA_SEGNALE":"12975.83","POPOLAZIONE_SEZIONE": "71"}
			},
		 		{ "type" : "Feature",
				"geometry" : {
					"type" : "Point",
					"coordinates" : [7.65689,44.64218]},
			"properties" : { "ANNO":"2010","ID_SEZIONE":"19122","ISTAT_COMUNE_SEZ":"4215","COMUNE_SEZ":"SAVIGLIANO","PROVINCIA":"CN","ID_CENTRALE":"1311","NOME_CENTRALE":"SAVIGLIANO","ISTAT_COMUNE_CENTR":"4215","COMUNE_CENTR":"SAVIGLIANO","PROVINCIA_CENTR":"CN","INDIRIZZO_CENTRALE":"DANNA 4","LATITUDINE_SEZIONE":"44.64218","LONGITUDINE_SEZIONE":"7.65689","POS_X_SEZIONE":"393485.75008","POS_Y_SEZIONE":"4944079.27194","LATITUDINE_CENTRALE":"44.64791","LONGITUDINE_CENTRALE":"7.65870","POS_X_CENTRALE":"393639.52224","POS_Y_CENTRALE":"4944713.85637","TIPO_ADSL":"ADSL_2P","DESCRIZIONE_TIPO_ADSL":"ADSL 2+ (24 mega)","DISTANZA_CALCOLATA":"652.95","CLASSE_DISTANZA":"500-899","POTENZA_SEGNALE":"19523.33","POPOLAZIONE_SEZIONE": "493"}
			},
		 		{ "type" : "Feature",
				"geometry" : {
					"type" : "Point",
					"coordinates" : [7.65526,44.65640]},
			"properties" : { "ANNO":"2010","ID_SEZIONE":"19714","ISTAT_COMUNE_SEZ":"4215","COMUNE_SEZ":"SAVIGLIANO","PROVINCIA":"CN","ID_CENTRALE":"1311","NOME_CENTRALE":"SAVIGLIANO","ISTAT_COMUNE_CENTR":"4215","COMUNE_CENTR":"SAVIGLIANO","PROVINCIA_CENTR":"CN","INDIRIZZO_CENTRALE":"DANNA 4","LATITUDINE_SEZIONE":"44.65640","LONGITUDINE_SEZIONE":"7.65526","POS_X_SEZIONE":"393381.85095","POS_Y_SEZIONE":"4945661.77690","LATITUDINE_CENTRALE":"44.64791","LONGITUDINE_CENTRALE":"7.65870","POS_X_CENTRALE":"393639.52224","POS_Y_CENTRALE":"4944713.85637","TIPO_ADSL":"ADSL_2P","DESCRIZIONE_TIPO_ADSL":"ADSL 2+ (24 mega)","DISTANZA_CALCOLATA":"982.32","CLASSE_DISTANZA":"900-1299","POTENZA_SEGNALE":"17737.5","POPOLAZIONE_SEZIONE": "612"}
			},
		 		{ "type" : "Feature",
				"geometry" : {
					"type" : "Point",
					"coordinates" : [7.69846,44.63113]},
			"properties" : { "ANNO":"2010","ID_SEZIONE":"20076","ISTAT_COMUNE_SEZ":"4215","COMUNE_SEZ":"SAVIGLIANO","PROVINCIA":"CN","ID_CENTRALE":"1311","NOME_CENTRALE":"SAVIGLIANO","ISTAT_COMUNE_CENTR":"4215","COMUNE_CENTR":"SAVIGLIANO","PROVINCIA_CENTR":"CN","INDIRIZZO_CENTRALE":"DANNA 4","LATITUDINE_SEZIONE":"44.63113","LONGITUDINE_SEZIONE":"7.69846","POS_X_SEZIONE":"396762.64429","POS_Y_SEZIONE":"4942799.26681","LATITUDINE_CENTRALE":"44.64791","LONGITUDINE_CENTRALE":"7.65870","POS_X_CENTRALE":"393639.52224","POS_Y_CENTRALE":"4944713.85637","TIPO_ADSL":"ADSL_2P","DESCRIZIONE_TIPO_ADSL":"ADSL 2+ (24 mega)","DISTANZA_CALCOLATA":"3663.27","CLASSE_DISTANZA":"3300-3699","POTENZA_SEGNALE":"4047.5","POPOLAZIONE_SEZIONE": "28"}
			},
		 		{ "type" : "Feature",
				"geometry" : {
					"type" : "Point",
					"coordinates" : [7.63445,44.64968]},
			"properties" : { "ANNO":"2010","ID_SEZIONE":"20646","ISTAT_COMUNE_SEZ":"4215","COMUNE_SEZ":"SAVIGLIANO","PROVINCIA":"CN","ID_CENTRALE":"1311","NOME_CENTRALE":"SAVIGLIANO","ISTAT_COMUNE_CENTR":"4215","COMUNE_CENTR":"SAVIGLIANO","PROVINCIA_CENTR":"CN","INDIRIZZO_CENTRALE":"DANNA 4","LATITUDINE_SEZIONE":"44.64968","LONGITUDINE_SEZIONE":"7.63445","POS_X_SEZIONE":"391720.11091","POS_Y_SEZIONE":"4944942.77683","LATITUDINE_CENTRALE":"44.64791","LONGITUDINE_CENTRALE":"7.65870","POS_X_CENTRALE":"393639.52224","POS_Y_CENTRALE":"4944713.85637","TIPO_ADSL":"ADSL_2P","DESCRIZIONE_TIPO_ADSL":"ADSL 2+ (24 mega)","DISTANZA_CALCOLATA":"1933.01","CLASSE_DISTANZA":"1700-2099","POTENZA_SEGNALE":"12975.83","POPOLAZIONE_SEZIONE": "18"}
			},
		 		{ "type" : "Feature",
				"geometry" : {
					"type" : "Point",
					"coordinates" : [7.65489,44.64787]},
			"properties" : { "ANNO":"2010","ID_SEZIONE":"20920","ISTAT_COMUNE_SEZ":"4215","COMUNE_SEZ":"SAVIGLIANO","PROVINCIA":"CN","ID_CENTRALE":"1311","NOME_CENTRALE":"SAVIGLIANO","ISTAT_COMUNE_CENTR":"4215","COMUNE_CENTR":"SAVIGLIANO","PROVINCIA_CENTR":"CN","INDIRIZZO_CENTRALE":"DANNA 4","LATITUDINE_SEZIONE":"44.64787","LONGITUDINE_SEZIONE":"7.65489","POS_X_SEZIONE":"393337.55373","POS_Y_SEZIONE":"4944713.77408","LATITUDINE_CENTRALE":"44.64791","LONGITUDINE_CENTRALE":"7.65870","POS_X_CENTRALE":"393639.52224","POS_Y_CENTRALE":"4944713.85637","TIPO_ADSL":"ADSL_2P","DESCRIZIONE_TIPO_ADSL":"ADSL 2+ (24 mega)","DISTANZA_CALCOLATA":"301.97","CLASSE_DISTANZA":"100-499","POTENZA_SEGNALE":"19761.67","POPOLAZIONE_SEZIONE": ""}
			},
		 		{ "type" : "Feature",
				"geometry" : {
					"type" : "Point",
					"coordinates" : [7.64476,44.69071]},
			"properties" : { "ANNO":"2010","ID_SEZIONE":"21520","ISTAT_COMUNE_SEZ":"4059","COMUNE_SEZ":"CAVALLERMAGGIORE","PROVINCIA":"CN","ID_CENTRALE":"1311","NOME_CENTRALE":"SAVIGLIANO","ISTAT_COMUNE_CENTR":"4215","COMUNE_CENTR":"SAVIGLIANO","PROVINCIA_CENTR":"CN","INDIRIZZO_CENTRALE":"DANNA 4","LATITUDINE_SEZIONE":"44.69071","LONGITUDINE_SEZIONE":"7.64476","POS_X_SEZIONE":"392612.88736","POS_Y_SEZIONE":"4949486.82138","LATITUDINE_CENTRALE":"44.64791","LONGITUDINE_CENTRALE":"7.65870","POS_X_CENTRALE":"393639.52224","POS_Y_CENTRALE":"4944713.85637","TIPO_ADSL":"ADSL_2P","DESCRIZIONE_TIPO_ADSL":"ADSL 2+ (24 mega)","DISTANZA_CALCOLATA":"4882.13","CLASSE_DISTANZA":"4500-4899","POTENZA_SEGNALE":"1428.33","POPOLAZIONE_SEZIONE": "36"}
			},
		 		{ "type" : "Feature",
				"geometry" : {
					"type" : "Point",
					"coordinates" : [7.66901,44.66127]},
			"properties" : { "ANNO":"2010","ID_SEZIONE":"21728","ISTAT_COMUNE_SEZ":"4215","COMUNE_SEZ":"SAVIGLIANO","PROVINCIA":"CN","ID_CENTRALE":"1311","NOME_CENTRALE":"SAVIGLIANO","ISTAT_COMUNE_CENTR":"4215","COMUNE_CENTR":"SAVIGLIANO","PROVINCIA_CENTR":"CN","INDIRIZZO_CENTRALE":"DANNA 4","LATITUDINE_SEZIONE":"44.66127","LONGITUDINE_SEZIONE":"7.66901","POS_X_SEZIONE":"394481.09447","POS_Y_SEZIONE":"4946184.27699","LATITUDINE_CENTRALE":"44.64791","LONGITUDINE_CENTRALE":"7.65870","POS_X_CENTRALE":"393639.52224","POS_Y_CENTRALE":"4944713.85637","TIPO_ADSL":"ADSL_2P","DESCRIZIONE_TIPO_ADSL":"ADSL 2+ (24 mega)","DISTANZA_CALCOLATA":"1694.22","CLASSE_DISTANZA":"1300-1699","POTENZA_SEGNALE":"16071.67","POPOLAZIONE_SEZIONE": "25"}
			},
		 		{ "type" : "Feature",
				"geometry" : {
					"type" : "Point",
					"coordinates" : [7.66318,44.65056]},
			"properties" : { "ANNO":"2010","ID_SEZIONE":"21730","ISTAT_COMUNE_SEZ":"4215","COMUNE_SEZ":"SAVIGLIANO","PROVINCIA":"CN","ID_CENTRALE":"1311","NOME_CENTRALE":"SAVIGLIANO","ISTAT_COMUNE_CENTR":"4215","COMUNE_CENTR":"SAVIGLIANO","PROVINCIA_CENTR":"CN","INDIRIZZO_CENTRALE":"DANNA 4","LATITUDINE_SEZIONE":"44.65056","LONGITUDINE_SEZIONE":"7.66318","POS_X_SEZIONE":"393999.79962","POS_Y_SEZIONE":"4945002.27430","LATITUDINE_CENTRALE":"44.64791","LONGITUDINE_CENTRALE":"7.65870","POS_X_CENTRALE":"393639.52224","POS_Y_CENTRALE":"4944713.85637","TIPO_ADSL":"ADSL_2P","DESCRIZIONE_TIPO_ADSL":"ADSL 2+ (24 mega)","DISTANZA_CALCOLATA":"461.50","CLASSE_DISTANZA":"100-499","POTENZA_SEGNALE":"19761.67","POPOLAZIONE_SEZIONE": "4"}
			},
		 		{ "type" : "Feature",
				"geometry" : {
					"type" : "Point",
					"coordinates" : [7.65472,44.64605]},
			"properties" : { "ANNO":"2010","ID_SEZIONE":"22142","ISTAT_COMUNE_SEZ":"4215","COMUNE_SEZ":"SAVIGLIANO","PROVINCIA":"CN","ID_CENTRALE":"1311","NOME_CENTRALE":"SAVIGLIANO","ISTAT_COMUNE_CENTR":"4215","COMUNE_CENTR":"SAVIGLIANO","PROVINCIA_CENTR":"CN","INDIRIZZO_CENTRALE":"DANNA 4","LATITUDINE_SEZIONE":"44.64605","LONGITUDINE_SEZIONE":"7.65472","POS_X_SEZIONE":"393320.08788","POS_Y_SEZIONE":"4944512.27341","LATITUDINE_CENTRALE":"44.64791","LONGITUDINE_CENTRALE":"7.65870","POS_X_CENTRALE":"393639.52224","POS_Y_CENTRALE":"4944713.85637","TIPO_ADSL":"ADSL_2P","DESCRIZIONE_TIPO_ADSL":"ADSL 2+ (24 mega)","DISTANZA_CALCOLATA":"377.72","CLASSE_DISTANZA":"100-499","POTENZA_SEGNALE":"19761.67","POPOLAZIONE_SEZIONE": ""}
			},
		 		{ "type" : "Feature",
				"geometry" : {
					"type" : "Point",
					"coordinates" : [7.70069,44.61934]},
			"properties" : { "ANNO":"2010","ID_SEZIONE":"22144","ISTAT_COMUNE_SEZ":"4215","COMUNE_SEZ":"SAVIGLIANO","PROVINCIA":"CN","ID_CENTRALE":"1311","NOME_CENTRALE":"SAVIGLIANO","ISTAT_COMUNE_CENTR":"4215","COMUNE_CENTR":"SAVIGLIANO","PROVINCIA_CENTR":"CN","INDIRIZZO_CENTRALE":"DANNA 4","LATITUDINE_SEZIONE":"44.61934","LONGITUDINE_SEZIONE":"7.70069","POS_X_SEZIONE":"396918.50682","POS_Y_SEZIONE":"4941486.26381","LATITUDINE_CENTRALE":"44.64791","LONGITUDINE_CENTRALE":"7.65870","POS_X_CENTRALE":"393639.52224","POS_Y_CENTRALE":"4944713.85637","TIPO_ADSL":"ADSL_2P","DESCRIZIONE_TIPO_ADSL":"ADSL 2+ (24 mega)","DISTANZA_CALCOLATA":"4600.99","CLASSE_DISTANZA":"4500-4899","POTENZA_SEGNALE":"1428.33","POPOLAZIONE_SEZIONE": "84"}
			},
		 		{ "type" : "Feature",
				"geometry" : {
					"type" : "Point",
					"coordinates" : [7.65558,44.64892]},
			"properties" : { "ANNO":"2010","ID_SEZIONE":"22918","ISTAT_COMUNE_SEZ":"4215","COMUNE_SEZ":"SAVIGLIANO","PROVINCIA":"CN","ID_CENTRALE":"1311","NOME_CENTRALE":"SAVIGLIANO","ISTAT_COMUNE_CENTR":"4215","COMUNE_CENTR":"SAVIGLIANO","PROVINCIA_CENTR":"CN","INDIRIZZO_CENTRALE":"DANNA 4","LATITUDINE_SEZIONE":"44.64892","LONGITUDINE_SEZIONE":"7.65558","POS_X_SEZIONE":"393393.95770","POS_Y_SEZIONE":"4944829.77434","LATITUDINE_CENTRALE":"44.64791","LONGITUDINE_CENTRALE":"7.65870","POS_X_CENTRALE":"393639.52224","POS_Y_CENTRALE":"4944713.85637","TIPO_ADSL":"ADSL_2P","DESCRIZIONE_TIPO_ADSL":"ADSL 2+ (24 mega)","DISTANZA_CALCOLATA":"271.55","CLASSE_DISTANZA":"100-499","POTENZA_SEGNALE":"19761.67","POPOLAZIONE_SEZIONE": "545"}
			},
		 		{ "type" : "Feature",
				"geometry" : {
					"type" : "Point",
					"coordinates" : [7.61030,44.63834]},
			"properties" : { "ANNO":"2010","ID_SEZIONE":"24759","ISTAT_COMUNE_SEZ":"4215","COMUNE_SEZ":"SAVIGLIANO","PROVINCIA":"CN","ID_CENTRALE":"1311","NOME_CENTRALE":"SAVIGLIANO","ISTAT_COMUNE_CENTR":"4215","COMUNE_CENTR":"SAVIGLIANO","PROVINCIA_CENTR":"CN","INDIRIZZO_CENTRALE":"DANNA 4","LATITUDINE_SEZIONE":"44.63834","LONGITUDINE_SEZIONE":"7.61030","POS_X_SEZIONE":"389783.31834","POS_Y_SEZIONE":"4943714.77299","LATITUDINE_CENTRALE":"44.64791","LONGITUDINE_CENTRALE":"7.65870","POS_X_CENTRALE":"393639.52224","POS_Y_CENTRALE":"4944713.85637","TIPO_ADSL":"ADSL_2P","DESCRIZIONE_TIPO_ADSL":"ADSL 2+ (24 mega)","DISTANZA_CALCOLATA":"3983.53","CLASSE_DISTANZA":"3700-4099","POTENZA_SEGNALE":"2857.5","POPOLAZIONE_SEZIONE": "158"}
			},
		 		{ "type" : "Feature",
				"geometry" : {
					"type" : "Point",
					"coordinates" : [7.65142,44.64760]},
			"properties" : { "ANNO":"2010","ID_SEZIONE":"24760","ISTAT_COMUNE_SEZ":"4215","COMUNE_SEZ":"SAVIGLIANO","PROVINCIA":"CN","ID_CENTRALE":"1311","NOME_CENTRALE":"SAVIGLIANO","ISTAT_COMUNE_CENTR":"4215","COMUNE_CENTR":"SAVIGLIANO","PROVINCIA_CENTR":"CN","INDIRIZZO_CENTRALE":"DANNA 4","LATITUDINE_SEZIONE":"44.64760","LONGITUDINE_SEZIONE":"7.65142","POS_X_SEZIONE":"393061.92877","POS_Y_SEZIONE":"4944688.77414","LATITUDINE_CENTRALE":"44.64791","LONGITUDINE_CENTRALE":"7.65870","POS_X_CENTRALE":"393639.52224","POS_Y_CENTRALE":"4944713.85637","TIPO_ADSL":"ADSL_2P","DESCRIZIONE_TIPO_ADSL":"ADSL 2+ (24 mega)","DISTANZA_CALCOLATA":"578.14","CLASSE_DISTANZA":"500-899","POTENZA_SEGNALE":"19523.33","POPOLAZIONE_SEZIONE": "566"}
			},
		 		{ "type" : "Feature",
				"geometry" : {
					"type" : "Point",
					"coordinates" : [7.66443,44.64761]},
			"properties" : { "ANNO":"2010","ID_SEZIONE":"25056","ISTAT_COMUNE_SEZ":"4215","COMUNE_SEZ":"SAVIGLIANO","PROVINCIA":"CN","ID_CENTRALE":"1311","NOME_CENTRALE":"SAVIGLIANO","ISTAT_COMUNE_CENTR":"4215","COMUNE_CENTR":"SAVIGLIANO","PROVINCIA_CENTR":"CN","INDIRIZZO_CENTRALE":"DANNA 4","LATITUDINE_SEZIONE":"44.64761","LONGITUDINE_SEZIONE":"7.66443","POS_X_SEZIONE":"394093.21044","POS_Y_SEZIONE":"4944673.27334","LATITUDINE_CENTRALE":"44.64791","LONGITUDINE_CENTRALE":"7.65870","POS_X_CENTRALE":"393639.52224","POS_Y_CENTRALE":"4944713.85637","TIPO_ADSL":"ADSL_2P","DESCRIZIONE_TIPO_ADSL":"ADSL 2+ (24 mega)","DISTANZA_CALCOLATA":"455.50","CLASSE_DISTANZA":"100-499","POTENZA_SEGNALE":"19761.67","POPOLAZIONE_SEZIONE": "584"}
			},
		 		{ "type" : "Feature",
				"geometry" : {
					"type" : "Point",
					"coordinates" : [7.65862,44.65234]},
			"properties" : { "ANNO":"2010","ID_SEZIONE":"25057","ISTAT_COMUNE_SEZ":"4215","COMUNE_SEZ":"SAVIGLIANO","PROVINCIA":"CN","ID_CENTRALE":"1311","NOME_CENTRALE":"SAVIGLIANO","ISTAT_COMUNE_CENTR":"4215","COMUNE_CENTR":"SAVIGLIANO","PROVINCIA_CENTR":"CN","INDIRIZZO_CENTRALE":"DANNA 4","LATITUDINE_SEZIONE":"44.65234","LONGITUDINE_SEZIONE":"7.65862","POS_X_SEZIONE":"393641.17127","POS_Y_SEZIONE":"4945205.77536","LATITUDINE_CENTRALE":"44.64791","LONGITUDINE_CENTRALE":"7.65870","POS_X_CENTRALE":"393639.52224","POS_Y_CENTRALE":"4944713.85637","TIPO_ADSL":"ADSL_2P","DESCRIZIONE_TIPO_ADSL":"ADSL 2+ (24 mega)","DISTANZA_CALCOLATA":"491.92","CLASSE_DISTANZA":"100-499","POTENZA_SEGNALE":"19761.67","POPOLAZIONE_SEZIONE": "565"}
			},
		 		{ "type" : "Feature",
				"geometry" : {
					"type" : "Point",
					"coordinates" : [7.68910,44.61941]},
			"properties" : { "ANNO":"2010","ID_SEZIONE":"25282","ISTAT_COMUNE_SEZ":"4215","COMUNE_SEZ":"SAVIGLIANO","PROVINCIA":"CN","ID_CENTRALE":"1311","NOME_CENTRALE":"SAVIGLIANO","ISTAT_COMUNE_CENTR":"4215","COMUNE_CENTR":"SAVIGLIANO","PROVINCIA_CENTR":"CN","INDIRIZZO_CENTRALE":"DANNA 4","LATITUDINE_SEZIONE":"44.61941","LONGITUDINE_SEZIONE":"7.68910","POS_X_SEZIONE":"395998.85089","POS_Y_SEZIONE":"4941508.76416","LATITUDINE_CENTRALE":"44.64791","LONGITUDINE_CENTRALE":"7.65870","POS_X_CENTRALE":"393639.52224","POS_Y_CENTRALE":"4944713.85637","TIPO_ADSL":"ADSL_2P","DESCRIZIONE_TIPO_ADSL":"ADSL 2+ (24 mega)","DISTANZA_CALCOLATA":"3979.83","CLASSE_DISTANZA":"3700-4099","POTENZA_SEGNALE":"2857.5","POPOLAZIONE_SEZIONE": "35"}
			},
		 		{ "type" : "Feature",
				"geometry" : {
					"type" : "Point",
					"coordinates" : [7.61577,44.61448]},
			"properties" : { "ANNO":"2010","ID_SEZIONE":"26291","ISTAT_COMUNE_SEZ":"4215","COMUNE_SEZ":"SAVIGLIANO","PROVINCIA":"CN","ID_CENTRALE":"1311","NOME_CENTRALE":"SAVIGLIANO","ISTAT_COMUNE_CENTR":"4215","COMUNE_CENTR":"SAVIGLIANO","PROVINCIA_CENTR":"CN","INDIRIZZO_CENTRALE":"DANNA 4","LATITUDINE_SEZIONE":"44.61448","LONGITUDINE_SEZIONE":"7.61577","POS_X_SEZIONE":"390172.39277","POS_Y_SEZIONE":"4941057.26105","LATITUDINE_CENTRALE":"44.64791","LONGITUDINE_CENTRALE":"7.65870","POS_X_CENTRALE":"393639.52224","POS_Y_CENTRALE":"4944713.85637","TIPO_ADSL":"ADSL_2P","DESCRIZIONE_TIPO_ADSL":"ADSL 2+ (24 mega)","DISTANZA_CALCOLATA":"5039.02","CLASSE_DISTANZA":"4900-5299","POTENZA_SEGNALE":"952.50","POPOLAZIONE_SEZIONE": "46"}
			},
		 		{ "type" : "Feature",
				"geometry" : {
					"type" : "Point",
					"coordinates" : [7.67357,44.59775]},
			"properties" : { "ANNO":"2010","ID_SEZIONE":"26294","ISTAT_COMUNE_SEZ":"4096","COMUNE_SEZ":"GENOLA","PROVINCIA":"CN","ID_CENTRALE":"1311","NOME_CENTRALE":"SAVIGLIANO","ISTAT_COMUNE_CENTR":"4215","COMUNE_CENTR":"SAVIGLIANO","PROVINCIA_CENTR":"CN","INDIRIZZO_CENTRALE":"DANNA 4","LATITUDINE_SEZIONE":"44.59775","LONGITUDINE_SEZIONE":"7.67357","POS_X_SEZIONE":"394728.32391","POS_Y_SEZIONE":"4939122.75763","LATITUDINE_CENTRALE":"44.64791","LONGITUDINE_CENTRALE":"7.65870","POS_X_CENTRALE":"393639.52224","POS_Y_CENTRALE":"4944713.85637","TIPO_ADSL":"ADSL_2P","DESCRIZIONE_TIPO_ADSL":"ADSL 2+ (24 mega)","DISTANZA_CALCOLATA":"5696.13","CLASSE_DISTANZA":"5300-5699","POTENZA_SEGNALE":"475.83","POPOLAZIONE_SEZIONE": "31"}
			},
		 		{ "type" : "Feature",
				"geometry" : {
					"type" : "Point",
					"coordinates" : [7.61395,44.62676]},
			"properties" : { "ANNO":"2010","ID_SEZIONE":"26353","ISTAT_COMUNE_SEZ":"4215","COMUNE_SEZ":"SAVIGLIANO","PROVINCIA":"CN","ID_CENTRALE":"1311","NOME_CENTRALE":"SAVIGLIANO","ISTAT_COMUNE_CENTR":"4215","COMUNE_CENTR":"SAVIGLIANO","PROVINCIA_CENTR":"CN","INDIRIZZO_CENTRALE":"DANNA 4","LATITUDINE_SEZIONE":"44.62676","LONGITUDINE_SEZIONE":"7.61395","POS_X_SEZIONE":"390050.68218","POS_Y_SEZIONE":"4942424.26726","LATITUDINE_CENTRALE":"44.64791","LONGITUDINE_CENTRALE":"7.65870","POS_X_CENTRALE":"393639.52224","POS_Y_CENTRALE":"4944713.85637","TIPO_ADSL":"ADSL_2P","DESCRIZIONE_TIPO_ADSL":"ADSL 2+ (24 mega)","DISTANZA_CALCOLATA":"4256.99","CLASSE_DISTANZA":"4100-4499","POTENZA_SEGNALE":"2024.17","POPOLAZIONE_SEZIONE": "50"}
			},
		 		{ "type" : "Feature",
				"geometry" : {
					"type" : "Point",
					"coordinates" : [7.63823,44.62810]},
			"properties" : { "ANNO":"2010","ID_SEZIONE":"27398","ISTAT_COMUNE_SEZ":"4215","COMUNE_SEZ":"SAVIGLIANO","PROVINCIA":"CN","ID_CENTRALE":"1311","NOME_CENTRALE":"SAVIGLIANO","ISTAT_COMUNE_CENTR":"4215","COMUNE_CENTR":"SAVIGLIANO","PROVINCIA_CENTR":"CN","INDIRIZZO_CENTRALE":"DANNA 4","LATITUDINE_SEZIONE":"44.62810","LONGITUDINE_SEZIONE":"7.63823","POS_X_SEZIONE":"391979.68007","POS_Y_SEZIONE":"4942540.26752","LATITUDINE_CENTRALE":"44.64791","LONGITUDINE_CENTRALE":"7.65870","POS_X_CENTRALE":"393639.52224","POS_Y_CENTRALE":"4944713.85637","TIPO_ADSL":"ADSL_2P","DESCRIZIONE_TIPO_ADSL":"ADSL 2+ (24 mega)","DISTANZA_CALCOLATA":"2734.88","CLASSE_DISTANZA":"2500-2899","POTENZA_SEGNALE":"7380.83","POPOLAZIONE_SEZIONE": "14"}
			},
		 		{ "type" : "Feature",
				"geometry" : {
					"type" : "Point",
					"coordinates" : [7.65218,44.64895]},
			"properties" : { "ANNO":"2010","ID_SEZIONE":"28421","ISTAT_COMUNE_SEZ":"4215","COMUNE_SEZ":"SAVIGLIANO","PROVINCIA":"CN","ID_CENTRALE":"1311","NOME_CENTRALE":"SAVIGLIANO","ISTAT_COMUNE_CENTR":"4215","COMUNE_CENTR":"SAVIGLIANO","PROVINCIA_CENTR":"CN","INDIRIZZO_CENTRALE":"DANNA 4","LATITUDINE_SEZIONE":"44.64895","LONGITUDINE_SEZIONE":"7.65218","POS_X_SEZIONE":"393124.55149","POS_Y_SEZIONE":"4944838.27456","LATITUDINE_CENTRALE":"44.64791","LONGITUDINE_CENTRALE":"7.65870","POS_X_CENTRALE":"393639.52224","POS_Y_CENTRALE":"4944713.85637","TIPO_ADSL":"ADSL_2P","DESCRIZIONE_TIPO_ADSL":"ADSL 2+ (24 mega)","DISTANZA_CALCOLATA":"529.79","CLASSE_DISTANZA":"500-899","POTENZA_SEGNALE":"19523.33","POPOLAZIONE_SEZIONE": "599"}
			},
		 		{ "type" : "Feature",
				"geometry" : {
					"type" : "Point",
					"coordinates" : [7.66459,44.65752]},
			"properties" : { "ANNO":"2010","ID_SEZIONE":"28969","ISTAT_COMUNE_SEZ":"4215","COMUNE_SEZ":"SAVIGLIANO","PROVINCIA":"CN","ID_CENTRALE":"1311","NOME_CENTRALE":"SAVIGLIANO","ISTAT_COMUNE_CENTR":"4215","COMUNE_CENTR":"SAVIGLIANO","PROVINCIA_CENTR":"CN","INDIRIZZO_CENTRALE":"DANNA 4","LATITUDINE_SEZIONE":"44.65752","LONGITUDINE_SEZIONE":"7.66459","POS_X_SEZIONE":"394124.03796","POS_Y_SEZIONE":"4945773.27616","LATITUDINE_CENTRALE":"44.64791","LONGITUDINE_CENTRALE":"7.65870","POS_X_CENTRALE":"393639.52224","POS_Y_CENTRALE":"4944713.85637","TIPO_ADSL":"ADSL_2P","DESCRIZIONE_TIPO_ADSL":"ADSL 2+ (24 mega)","DISTANZA_CALCOLATA":"1164.96","CLASSE_DISTANZA":"900-1299","POTENZA_SEGNALE":"17737.5","POPOLAZIONE_SEZIONE": "830"}
			},
		 		{ "type" : "Feature",
				"geometry" : {
					"type" : "Point",
					"coordinates" : [7.63715,44.63063]},
			"properties" : { "ANNO":"2010","ID_SEZIONE":"30055","ISTAT_COMUNE_SEZ":"4215","COMUNE_SEZ":"SAVIGLIANO","PROVINCIA":"CN","ID_CENTRALE":"1311","NOME_CENTRALE":"SAVIGLIANO","ISTAT_COMUNE_CENTR":"4215","COMUNE_CENTR":"SAVIGLIANO","PROVINCIA_CENTR":"CN","INDIRIZZO_CENTRALE":"DANNA 4","LATITUDINE_SEZIONE":"44.63063","LONGITUDINE_SEZIONE":"7.63715","POS_X_SEZIONE":"391898.86343","POS_Y_SEZIONE":"4942822.26841","LATITUDINE_CENTRALE":"44.64791","LONGITUDINE_CENTRALE":"7.65870","POS_X_CENTRALE":"393639.52224","POS_Y_CENTRALE":"4944713.85637","TIPO_ADSL":"ADSL_2P","DESCRIZIONE_TIPO_ADSL":"ADSL 2+ (24 mega)","DISTANZA_CALCOLATA":"2570.6","CLASSE_DISTANZA":"2500-2899","POTENZA_SEGNALE":"7380.83","POPOLAZIONE_SEZIONE": "219"}
			},
		 		{ "type" : "Feature",
				"geometry" : {
					"type" : "Point",
					"coordinates" : [7.67251,44.64939]},
			"properties" : { "ANNO":"2010","ID_SEZIONE":"30442","ISTAT_COMUNE_SEZ":"4215","COMUNE_SEZ":"SAVIGLIANO","PROVINCIA":"CN","ID_CENTRALE":"1311","NOME_CENTRALE":"SAVIGLIANO","ISTAT_COMUNE_CENTR":"4215","COMUNE_CENTR":"SAVIGLIANO","PROVINCIA_CENTR":"CN","INDIRIZZO_CENTRALE":"DANNA 4","LATITUDINE_SEZIONE":"44.64939","LONGITUDINE_SEZIONE":"7.67251","POS_X_SEZIONE":"394737.17741","POS_Y_SEZIONE":"4944860.77286","LATITUDINE_CENTRALE":"44.64791","LONGITUDINE_CENTRALE":"7.65870","POS_X_CENTRALE":"393639.52224","POS_Y_CENTRALE":"4944713.85637","TIPO_ADSL":"ADSL_2P","DESCRIZIONE_TIPO_ADSL":"ADSL 2+ (24 mega)","DISTANZA_CALCOLATA":"1107.44","CLASSE_DISTANZA":"900-1299","POTENZA_SEGNALE":"17737.5","POPOLAZIONE_SEZIONE": "36"}
			},
		 		{ "type" : "Feature",
				"geometry" : {
					"type" : "Point",
					"coordinates" : [7.65622,44.66387]},
			"properties" : { "ANNO":"2010","ID_SEZIONE":"30791","ISTAT_COMUNE_SEZ":"4215","COMUNE_SEZ":"SAVIGLIANO","PROVINCIA":"CN","ID_CENTRALE":"1311","NOME_CENTRALE":"SAVIGLIANO","ISTAT_COMUNE_CENTR":"4215","COMUNE_CENTR":"SAVIGLIANO","PROVINCIA_CENTR":"CN","INDIRIZZO_CENTRALE":"DANNA 4","LATITUDINE_SEZIONE":"44.66387","LONGITUDINE_SEZIONE":"7.65622","POS_X_SEZIONE":"393472.02644","POS_Y_SEZIONE":"4946489.77971","LATITUDINE_CENTRALE":"44.64791","LONGITUDINE_CENTRALE":"7.65870","POS_X_CENTRALE":"393639.52224","POS_Y_CENTRALE":"4944713.85637","TIPO_ADSL":"ADSL_2P","DESCRIZIONE_TIPO_ADSL":"ADSL 2+ (24 mega)","DISTANZA_CALCOLATA":"1783.8","CLASSE_DISTANZA":"1700-2099","POTENZA_SEGNALE":"12975.83","POPOLAZIONE_SEZIONE": "115"}
			},
		 		{ "type" : "Feature",
				"geometry" : {
					"type" : "Point",
					"coordinates" : [7.59120,44.65171]},
			"properties" : { "ANNO":"2010","ID_SEZIONE":"31245","ISTAT_COMUNE_SEZ":"4215","COMUNE_SEZ":"SAVIGLIANO","PROVINCIA":"CN","ID_CENTRALE":"1311","NOME_CENTRALE":"SAVIGLIANO","ISTAT_COMUNE_CENTR":"4215","COMUNE_CENTR":"SAVIGLIANO","PROVINCIA_CENTR":"CN","INDIRIZZO_CENTRALE":"DANNA 4","LATITUDINE_SEZIONE":"44.65171","LONGITUDINE_SEZIONE":"7.59120","POS_X_SEZIONE":"388294.19808","POS_Y_SEZIONE":"4945226.28199","LATITUDINE_CENTRALE":"44.64791","LONGITUDINE_CENTRALE":"7.65870","POS_X_CENTRALE":"393639.52224","POS_Y_CENTRALE":"4944713.85637","TIPO_ADSL":"ADSL_2P","DESCRIZIONE_TIPO_ADSL":"ADSL 2+ (24 mega)","DISTANZA_CALCOLATA":"5369.83","CLASSE_DISTANZA":"5300-5699","POTENZA_SEGNALE":"475.83","POPOLAZIONE_SEZIONE": "17"}
			},
		 		{ "type" : "Feature",
				"geometry" : {
					"type" : "Point",
					"coordinates" : [7.66623,44.67633]},
			"properties" : { "ANNO":"2010","ID_SEZIONE":"31495","ISTAT_COMUNE_SEZ":"4215","COMUNE_SEZ":"SAVIGLIANO","PROVINCIA":"CN","ID_CENTRALE":"1311","NOME_CENTRALE":"SAVIGLIANO","ISTAT_COMUNE_CENTR":"4215","COMUNE_CENTR":"SAVIGLIANO","PROVINCIA_CENTR":"CN","INDIRIZZO_CENTRALE":"DANNA 4","LATITUDINE_SEZIONE":"44.67633","LONGITUDINE_SEZIONE":"7.66623","POS_X_SEZIONE":"394288.13242","POS_Y_SEZIONE":"4947860.79488","LATITUDINE_CENTRALE":"44.64791","LONGITUDINE_CENTRALE":"7.65870","POS_X_CENTRALE":"393639.52224","POS_Y_CENTRALE":"4944713.85637","TIPO_ADSL":"ADSL_2P","DESCRIZIONE_TIPO_ADSL":"ADSL 2+ (24 mega)","DISTANZA_CALCOLATA":"3213.09","CLASSE_DISTANZA":"2900-3299","POTENZA_SEGNALE":"5238.33","POPOLAZIONE_SEZIONE": "5"}
			},
		 		{ "type" : "Feature",
				"geometry" : {
					"type" : "Point",
					"coordinates" : [7.65431,44.63866]},
			"properties" : { "ANNO":"2010","ID_SEZIONE":"32524","ISTAT_COMUNE_SEZ":"4215","COMUNE_SEZ":"SAVIGLIANO","PROVINCIA":"CN","ID_CENTRALE":"1311","NOME_CENTRALE":"SAVIGLIANO","ISTAT_COMUNE_CENTR":"4215","COMUNE_CENTR":"SAVIGLIANO","PROVINCIA_CENTR":"CN","INDIRIZZO_CENTRALE":"DANNA 4","LATITUDINE_SEZIONE":"44.63866","LONGITUDINE_SEZIONE":"7.65431","POS_X_SEZIONE":"393274.31917","POS_Y_SEZIONE":"4943692.27059","LATITUDINE_CENTRALE":"44.64791","LONGITUDINE_CENTRALE":"7.65870","POS_X_CENTRALE":"393639.52224","POS_Y_CENTRALE":"4944713.85637","TIPO_ADSL":"ADSL_2P","DESCRIZIONE_TIPO_ADSL":"ADSL 2+ (24 mega)","DISTANZA_CALCOLATA":"1084.9","CLASSE_DISTANZA":"900-1299","POTENZA_SEGNALE":"17737.5","POPOLAZIONE_SEZIONE": "553"}
			},
		 		{ "type" : "Feature",
				"geometry" : {
					"type" : "Point",
					"coordinates" : [7.69577,44.67136]},
			"properties" : { "ANNO":"2010","ID_SEZIONE":"32902","ISTAT_COMUNE_SEZ":"4215","COMUNE_SEZ":"SAVIGLIANO","PROVINCIA":"CN","ID_CENTRALE":"1311","NOME_CENTRALE":"SAVIGLIANO","ISTAT_COMUNE_CENTR":"4215","COMUNE_CENTR":"SAVIGLIANO","PROVINCIA_CENTR":"CN","INDIRIZZO_CENTRALE":"DANNA 4","LATITUDINE_SEZIONE":"44.67136","LONGITUDINE_SEZIONE":"7.69577","POS_X_SEZIONE":"396620.89453","POS_Y_SEZIONE":"4947271.28218","LATITUDINE_CENTRALE":"44.64791","LONGITUDINE_CENTRALE":"7.65870","POS_X_CENTRALE":"393639.52224","POS_Y_CENTRALE":"4944713.85637","TIPO_ADSL":"ADSL_2P","DESCRIZIONE_TIPO_ADSL":"ADSL 2+ (24 mega)","DISTANZA_CALCOLATA":"3927.98","CLASSE_DISTANZA":"3700-4099","POTENZA_SEGNALE":"2857.5","POPOLAZIONE_SEZIONE": "1"}
			}
		 		]
	}
		