 	{ "type" : "FeatureCollection",
		"features" : [
		 		{ "type" : "Feature",
				"geometry" : {
					"type" : "Point",
					"coordinates" : [7.27597,45.11041]},
			"properties" : { "ANNO":"2010","ID_SEZIONE":"1128","ISTAT_COMUNE_SEZ":"1256","COMUNE_SEZ":"SANT'ANTONINO DI SUSA","PROVINCIA":"TO","ID_CENTRALE":"1175","NOME_CENTRALE":"S. ANTONINO DI SUSA B","ISTAT_COMUNE_CENTR":"1256","COMUNE_CENTR":"SANT'ANTONINO DI SUSA","PROVINCIA_CENTR":"TO","INDIRIZZO_CENTRALE":"ROCCIAMELONE 1","LATITUDINE_SEZIONE":"45.11041","LONGITUDINE_SEZIONE":"7.27597","POS_X_SEZIONE":"364381.10903","POS_Y_SEZIONE":"4996661.49739","LATITUDINE_CENTRALE":"45.10764","LONGITUDINE_CENTRALE":"7.27512","POS_X_CENTRALE":"364307.69471","POS_Y_CENTRALE":"4996355.57262","TIPO_ADSL":"ADSL_1","DESCRIZIONE_TIPO_ADSL":"ADSL (8 mega)","DISTANZA_CALCOLATA":"314.61","CLASSE_DISTANZA":"100-499","POTENZA_SEGNALE":"7000","POPOLAZIONE_SEZIONE": "705"}
			},
		 		{ "type" : "Feature",
				"geometry" : {
					"type" : "Point",
					"coordinates" : [7.27604,45.08837]},
			"properties" : { "ANNO":"2010","ID_SEZIONE":"1897","ISTAT_COMUNE_SEZ":"1256","COMUNE_SEZ":"SANT'ANTONINO DI SUSA","PROVINCIA":"TO","ID_CENTRALE":"1175","NOME_CENTRALE":"S. ANTONINO DI SUSA B","ISTAT_COMUNE_CENTR":"1256","COMUNE_CENTR":"SANT'ANTONINO DI SUSA","PROVINCIA_CENTR":"TO","INDIRIZZO_CENTRALE":"ROCCIAMELONE 1","LATITUDINE_SEZIONE":"45.08837","LONGITUDINE_SEZIONE":"7.27604","POS_X_SEZIONE":"364334.31274","POS_Y_SEZIONE":"4994212.96696","LATITUDINE_CENTRALE":"45.10764","LONGITUDINE_CENTRALE":"7.27512","POS_X_CENTRALE":"364307.69471","POS_Y_CENTRALE":"4996355.57262","TIPO_ADSL":"ADSL_1","DESCRIZIONE_TIPO_ADSL":"ADSL (8 mega)","DISTANZA_CALCOLATA":"2142.77","CLASSE_DISTANZA":"2100-2499","POTENZA_SEGNALE":"6500.38","POPOLAZIONE_SEZIONE": ""}
			},
		 		{ "type" : "Feature",
				"geometry" : {
					"type" : "Point",
					"coordinates" : [7.26562,45.10756]},
			"properties" : { "ANNO":"2010","ID_SEZIONE":"3589","ISTAT_COMUNE_SEZ":"1256","COMUNE_SEZ":"SANT'ANTONINO DI SUSA","PROVINCIA":"TO","ID_CENTRALE":"1175","NOME_CENTRALE":"S. ANTONINO DI SUSA B","ISTAT_COMUNE_CENTR":"1256","COMUNE_CENTR":"SANT'ANTONINO DI SUSA","PROVINCIA_CENTR":"TO","INDIRIZZO_CENTRALE":"ROCCIAMELONE 1","LATITUDINE_SEZIONE":"45.10756","LONGITUDINE_SEZIONE":"7.26562","POS_X_SEZIONE":"363560.27166","POS_Y_SEZIONE":"4996362.48120","LATITUDINE_CENTRALE":"45.10764","LONGITUDINE_CENTRALE":"7.27512","POS_X_CENTRALE":"364307.69471","POS_Y_CENTRALE":"4996355.57262","TIPO_ADSL":"ADSL_1","DESCRIZIONE_TIPO_ADSL":"ADSL (8 mega)","DISTANZA_CALCOLATA":"747.45","CLASSE_DISTANZA":"500-899","POTENZA_SEGNALE":"7000","POPOLAZIONE_SEZIONE": "934"}
			},
		 		{ "type" : "Feature",
				"geometry" : {
					"type" : "Point",
					"coordinates" : [7.29926,45.08861]},
			"properties" : { "ANNO":"2010","ID_SEZIONE":"3602","ISTAT_COMUNE_SEZ":"1283","COMUNE_SEZ":"VAIE","PROVINCIA":"TO","ID_CENTRALE":"1175","NOME_CENTRALE":"S. ANTONINO DI SUSA B","ISTAT_COMUNE_CENTR":"1256","COMUNE_CENTR":"SANT'ANTONINO DI SUSA","PROVINCIA_CENTR":"TO","INDIRIZZO_CENTRALE":"ROCCIAMELONE 1","LATITUDINE_SEZIONE":"45.08861","LONGITUDINE_SEZIONE":"7.29926","POS_X_SEZIONE":"366162.16606","POS_Y_SEZIONE":"4994200.49515","LATITUDINE_CENTRALE":"45.10764","LONGITUDINE_CENTRALE":"7.27512","POS_X_CENTRALE":"364307.69471","POS_Y_CENTRALE":"4996355.57262","TIPO_ADSL":"ADSL_1","DESCRIZIONE_TIPO_ADSL":"ADSL (8 mega)","DISTANZA_CALCOLATA":"2843.14","CLASSE_DISTANZA":"2500-2899","POTENZA_SEGNALE":"5749.63","POPOLAZIONE_SEZIONE": "2"}
			},
		 		{ "type" : "Feature",
				"geometry" : {
					"type" : "Point",
					"coordinates" : [7.25325,45.08778]},
			"properties" : { "ANNO":"2010","ID_SEZIONE":"4749","ISTAT_COMUNE_SEZ":"1256","COMUNE_SEZ":"SANT'ANTONINO DI SUSA","PROVINCIA":"TO","ID_CENTRALE":"1175","NOME_CENTRALE":"S. ANTONINO DI SUSA B","ISTAT_COMUNE_CENTR":"1256","COMUNE_CENTR":"SANT'ANTONINO DI SUSA","PROVINCIA_CENTR":"TO","INDIRIZZO_CENTRALE":"ROCCIAMELONE 1","LATITUDINE_SEZIONE":"45.08778","LONGITUDINE_SEZIONE":"7.25325","POS_X_SEZIONE":"362539.86487","POS_Y_SEZIONE":"4994185.43928","LATITUDINE_CENTRALE":"45.10764","LONGITUDINE_CENTRALE":"7.27512","POS_X_CENTRALE":"364307.69471","POS_Y_CENTRALE":"4996355.57262","TIPO_ADSL":"ADSL_1","DESCRIZIONE_TIPO_ADSL":"ADSL (8 mega)","DISTANZA_CALCOLATA":"2799.05","CLASSE_DISTANZA":"2500-2899","POTENZA_SEGNALE":"5749.63","POPOLAZIONE_SEZIONE": "5"}
			},
		 		{ "type" : "Feature",
				"geometry" : {
					"type" : "Point",
					"coordinates" : [7.27282,45.10783]},
			"properties" : { "ANNO":"2010","ID_SEZIONE":"7058","ISTAT_COMUNE_SEZ":"1256","COMUNE_SEZ":"SANT'ANTONINO DI SUSA","PROVINCIA":"TO","ID_CENTRALE":"1175","NOME_CENTRALE":"S. ANTONINO DI SUSA B","ISTAT_COMUNE_CENTR":"1256","COMUNE_CENTR":"SANT'ANTONINO DI SUSA","PROVINCIA_CENTR":"TO","INDIRIZZO_CENTRALE":"ROCCIAMELONE 1","LATITUDINE_SEZIONE":"45.10783","LONGITUDINE_SEZIONE":"7.27282","POS_X_SEZIONE":"364127.51594","POS_Y_SEZIONE":"4996380.49029","LATITUDINE_CENTRALE":"45.10764","LONGITUDINE_CENTRALE":"7.27512","POS_X_CENTRALE":"364307.69471","POS_Y_CENTRALE":"4996355.57262","TIPO_ADSL":"ADSL_1","DESCRIZIONE_TIPO_ADSL":"ADSL (8 mega)","DISTANZA_CALCOLATA":"181.89","CLASSE_DISTANZA":"100-499","POTENZA_SEGNALE":"7000","POPOLAZIONE_SEZIONE": "329"}
			},
		 		{ "type" : "Feature",
				"geometry" : {
					"type" : "Point",
					"coordinates" : [7.28870,45.09707]},
			"properties" : { "ANNO":"2010","ID_SEZIONE":"7060","ISTAT_COMUNE_SEZ":"1283","COMUNE_SEZ":"VAIE","PROVINCIA":"TO","ID_CENTRALE":"1175","NOME_CENTRALE":"S. ANTONINO DI SUSA B","ISTAT_COMUNE_CENTR":"1256","COMUNE_CENTR":"SANT'ANTONINO DI SUSA","PROVINCIA_CENTR":"TO","INDIRIZZO_CENTRALE":"ROCCIAMELONE 1","LATITUDINE_SEZIONE":"45.09707","LONGITUDINE_SEZIONE":"7.28870","POS_X_SEZIONE":"365351.43249","POS_Y_SEZIONE":"4995158.49426","LATITUDINE_CENTRALE":"45.10764","LONGITUDINE_CENTRALE":"7.27512","POS_X_CENTRALE":"364307.69471","POS_Y_CENTRALE":"4996355.57262","TIPO_ADSL":"ADSL_1","DESCRIZIONE_TIPO_ADSL":"ADSL (8 mega)","DISTANZA_CALCOLATA":"1588.2","CLASSE_DISTANZA":"1300-1699","POTENZA_SEGNALE":"7000","POPOLAZIONE_SEZIONE": "1"}
			},
		 		{ "type" : "Feature",
				"geometry" : {
					"type" : "Point",
					"coordinates" : [7.29234,45.10868]},
			"properties" : { "ANNO":"2010","ID_SEZIONE":"7715","ISTAT_COMUNE_SEZ":"1283","COMUNE_SEZ":"VAIE","PROVINCIA":"TO","ID_CENTRALE":"1175","NOME_CENTRALE":"S. ANTONINO DI SUSA B","ISTAT_COMUNE_CENTR":"1256","COMUNE_CENTR":"SANT'ANTONINO DI SUSA","PROVINCIA_CENTR":"TO","INDIRIZZO_CENTRALE":"ROCCIAMELONE 1","LATITUDINE_SEZIONE":"45.10868","LONGITUDINE_SEZIONE":"7.29234","POS_X_SEZIONE":"365664.81335","POS_Y_SEZIONE":"4996442.01477","LATITUDINE_CENTRALE":"45.10764","LONGITUDINE_CENTRALE":"7.27512","POS_X_CENTRALE":"364307.69471","POS_Y_CENTRALE":"4996355.57262","TIPO_ADSL":"ADSL_1","DESCRIZIONE_TIPO_ADSL":"ADSL (8 mega)","DISTANZA_CALCOLATA":"1359.87","CLASSE_DISTANZA":"1300-1699","POTENZA_SEGNALE":"7000","POPOLAZIONE_SEZIONE": "85"}
			},
		 		{ "type" : "Feature",
				"geometry" : {
					"type" : "Point",
					"coordinates" : [7.27540,45.10615]},
			"properties" : { "ANNO":"2010","ID_SEZIONE":"8346","ISTAT_COMUNE_SEZ":"1256","COMUNE_SEZ":"SANT'ANTONINO DI SUSA","PROVINCIA":"TO","ID_CENTRALE":"1175","NOME_CENTRALE":"S. ANTONINO DI SUSA B","ISTAT_COMUNE_CENTR":"1256","COMUNE_CENTR":"SANT'ANTONINO DI SUSA","PROVINCIA_CENTR":"TO","INDIRIZZO_CENTRALE":"ROCCIAMELONE 1","LATITUDINE_SEZIONE":"45.10615","LONGITUDINE_SEZIONE":"7.27540","POS_X_SEZIONE":"364326.73156","POS_Y_SEZIONE":"4996189.49125","LATITUDINE_CENTRALE":"45.10764","LONGITUDINE_CENTRALE":"7.27512","POS_X_CENTRALE":"364307.69471","POS_Y_CENTRALE":"4996355.57262","TIPO_ADSL":"ADSL_1","DESCRIZIONE_TIPO_ADSL":"ADSL (8 mega)","DISTANZA_CALCOLATA":"167.17","CLASSE_DISTANZA":"100-499","POTENZA_SEGNALE":"7000","POPOLAZIONE_SEZIONE": "742"}
			},
		 		{ "type" : "Feature",
				"geometry" : {
					"type" : "Point",
					"coordinates" : [7.28625,45.10440]},
			"properties" : { "ANNO":"2010","ID_SEZIONE":"11629","ISTAT_COMUNE_SEZ":"1283","COMUNE_SEZ":"VAIE","PROVINCIA":"TO","ID_CENTRALE":"1175","NOME_CENTRALE":"S. ANTONINO DI SUSA B","ISTAT_COMUNE_CENTR":"1256","COMUNE_CENTR":"SANT'ANTONINO DI SUSA","PROVINCIA_CENTR":"TO","INDIRIZZO_CENTRALE":"ROCCIAMELONE 1","LATITUDINE_SEZIONE":"45.10440","LONGITUDINE_SEZIONE":"7.28625","POS_X_SEZIONE":"365175.40945","POS_Y_SEZIONE":"4995976.50130","LATITUDINE_CENTRALE":"45.10764","LONGITUDINE_CENTRALE":"7.27512","POS_X_CENTRALE":"364307.69471","POS_Y_CENTRALE":"4996355.57262","TIPO_ADSL":"ADSL_1","DESCRIZIONE_TIPO_ADSL":"ADSL (8 mega)","DISTANZA_CALCOLATA":"946.90","CLASSE_DISTANZA":"900-1299","POTENZA_SEGNALE":"7000","POPOLAZIONE_SEZIONE": "468"}
			},
		 		{ "type" : "Feature",
				"geometry" : {
					"type" : "Point",
					"coordinates" : [7.26438,45.09820]},
			"properties" : { "ANNO":"2010","ID_SEZIONE":"12057","ISTAT_COMUNE_SEZ":"1256","COMUNE_SEZ":"SANT'ANTONINO DI SUSA","PROVINCIA":"TO","ID_CENTRALE":"1175","NOME_CENTRALE":"S. ANTONINO DI SUSA B","ISTAT_COMUNE_CENTR":"1256","COMUNE_CENTR":"SANT'ANTONINO DI SUSA","PROVINCIA_CENTR":"TO","INDIRIZZO_CENTRALE":"ROCCIAMELONE 1","LATITUDINE_SEZIONE":"45.09820","LONGITUDINE_SEZIONE":"7.26438","POS_X_SEZIONE":"363440.36074","POS_Y_SEZIONE":"4995324.96696","LATITUDINE_CENTRALE":"45.10764","LONGITUDINE_CENTRALE":"7.27512","POS_X_CENTRALE":"364307.69471","POS_Y_CENTRALE":"4996355.57262","TIPO_ADSL":"ADSL_1","DESCRIZIONE_TIPO_ADSL":"ADSL (8 mega)","DISTANZA_CALCOLATA":"1347","CLASSE_DISTANZA":"1300-1699","POTENZA_SEGNALE":"7000","POPOLAZIONE_SEZIONE": "22"}
			},
		 		{ "type" : "Feature",
				"geometry" : {
					"type" : "Point",
					"coordinates" : [7.25250,45.10154]},
			"properties" : { "ANNO":"2010","ID_SEZIONE":"13060","ISTAT_COMUNE_SEZ":"1256","COMUNE_SEZ":"SANT'ANTONINO DI SUSA","PROVINCIA":"TO","ID_CENTRALE":"1175","NOME_CENTRALE":"S. ANTONINO DI SUSA B","ISTAT_COMUNE_CENTR":"1256","COMUNE_CENTR":"SANT'ANTONINO DI SUSA","PROVINCIA_CENTR":"TO","INDIRIZZO_CENTRALE":"ROCCIAMELONE 1","LATITUDINE_SEZIONE":"45.10154","LONGITUDINE_SEZIONE":"7.25250","POS_X_SEZIONE":"362514.12305","POS_Y_SEZIONE":"4995715.45758","LATITUDINE_CENTRALE":"45.10764","LONGITUDINE_CENTRALE":"7.27512","POS_X_CENTRALE":"364307.69471","POS_Y_CENTRALE":"4996355.57262","TIPO_ADSL":"ADSL_1","DESCRIZIONE_TIPO_ADSL":"ADSL (8 mega)","DISTANZA_CALCOLATA":"1904.38","CLASSE_DISTANZA":"1700-2099","POTENZA_SEGNALE":"6874.88","POPOLAZIONE_SEZIONE": "68"}
			},
		 		{ "type" : "Feature",
				"geometry" : {
					"type" : "Point",
					"coordinates" : [7.30266,45.10169]},
			"properties" : { "ANNO":"2010","ID_SEZIONE":"13972","ISTAT_COMUNE_SEZ":"1283","COMUNE_SEZ":"VAIE","PROVINCIA":"TO","ID_CENTRALE":"1175","NOME_CENTRALE":"S. ANTONINO DI SUSA B","ISTAT_COMUNE_CENTR":"1256","COMUNE_CENTR":"SANT'ANTONINO DI SUSA","PROVINCIA_CENTR":"TO","INDIRIZZO_CENTRALE":"ROCCIAMELONE 1","LATITUDINE_SEZIONE":"45.10169","LONGITUDINE_SEZIONE":"7.30266","POS_X_SEZIONE":"366460.20484","POS_Y_SEZIONE":"4995648.51717","LATITUDINE_CENTRALE":"45.10764","LONGITUDINE_CENTRALE":"7.27512","POS_X_CENTRALE":"364307.69471","POS_Y_CENTRALE":"4996355.57262","TIPO_ADSL":"ADSL_1","DESCRIZIONE_TIPO_ADSL":"ADSL (8 mega)","DISTANZA_CALCOLATA":"2265.66","CLASSE_DISTANZA":"2100-2499","POTENZA_SEGNALE":"6500.38","POPOLAZIONE_SEZIONE": ""}
			},
		 		{ "type" : "Feature",
				"geometry" : {
					"type" : "Point",
					"coordinates" : [7.29311,45.10416]},
			"properties" : { "ANNO":"2010","ID_SEZIONE":"22304","ISTAT_COMUNE_SEZ":"1283","COMUNE_SEZ":"VAIE","PROVINCIA":"TO","ID_CENTRALE":"1175","NOME_CENTRALE":"S. ANTONINO DI SUSA B","ISTAT_COMUNE_CENTR":"1256","COMUNE_CENTR":"SANT'ANTONINO DI SUSA","PROVINCIA_CENTR":"TO","INDIRIZZO_CENTRALE":"ROCCIAMELONE 1","LATITUDINE_SEZIONE":"45.10416","LONGITUDINE_SEZIONE":"7.29311","POS_X_SEZIONE":"365714.99601","POS_Y_SEZIONE":"4995939.00907","LATITUDINE_CENTRALE":"45.10764","LONGITUDINE_CENTRALE":"7.27512","POS_X_CENTRALE":"364307.69471","POS_Y_CENTRALE":"4996355.57262","TIPO_ADSL":"ADSL_1","DESCRIZIONE_TIPO_ADSL":"ADSL (8 mega)","DISTANZA_CALCOLATA":"1467.66","CLASSE_DISTANZA":"1300-1699","POTENZA_SEGNALE":"7000","POPOLAZIONE_SEZIONE": "795"}
			},
		 		{ "type" : "Feature",
				"geometry" : {
					"type" : "Point",
					"coordinates" : [7.27688,45.09983]},
			"properties" : { "ANNO":"2010","ID_SEZIONE":"25656","ISTAT_COMUNE_SEZ":"1256","COMUNE_SEZ":"SANT'ANTONINO DI SUSA","PROVINCIA":"TO","ID_CENTRALE":"1175","NOME_CENTRALE":"S. ANTONINO DI SUSA B","ISTAT_COMUNE_CENTR":"1256","COMUNE_CENTR":"SANT'ANTONINO DI SUSA","PROVINCIA_CENTR":"TO","INDIRIZZO_CENTRALE":"ROCCIAMELONE 1","LATITUDINE_SEZIONE":"45.09983","LONGITUDINE_SEZIONE":"7.27688","POS_X_SEZIONE":"364427.53924","POS_Y_SEZIONE":"4995484.48414","LATITUDINE_CENTRALE":"45.10764","LONGITUDINE_CENTRALE":"7.27512","POS_X_CENTRALE":"364307.69471","POS_Y_CENTRALE":"4996355.57262","TIPO_ADSL":"ADSL_1","DESCRIZIONE_TIPO_ADSL":"ADSL (8 mega)","DISTANZA_CALCOLATA":"879.29","CLASSE_DISTANZA":"500-899","POTENZA_SEGNALE":"7000","POPOLAZIONE_SEZIONE": "35"}
			},
		 		{ "type" : "Feature",
				"geometry" : {
					"type" : "Point",
					"coordinates" : [7.27034,45.08166]},
			"properties" : { "ANNO":"2010","ID_SEZIONE":"25746","ISTAT_COMUNE_SEZ":"1256","COMUNE_SEZ":"SANT'ANTONINO DI SUSA","PROVINCIA":"TO","ID_CENTRALE":"1175","NOME_CENTRALE":"S. ANTONINO DI SUSA B","ISTAT_COMUNE_CENTR":"1256","COMUNE_CENTR":"SANT'ANTONINO DI SUSA","PROVINCIA_CENTR":"TO","INDIRIZZO_CENTRALE":"ROCCIAMELONE 1","LATITUDINE_SEZIONE":"45.08166","LONGITUDINE_SEZIONE":"7.27034","POS_X_SEZIONE":"363870.12689","POS_Y_SEZIONE":"4993477.45029","LATITUDINE_CENTRALE":"45.10764","LONGITUDINE_CENTRALE":"7.27512","POS_X_CENTRALE":"364307.69471","POS_Y_CENTRALE":"4996355.57262","TIPO_ADSL":"ADSL_1","DESCRIZIONE_TIPO_ADSL":"ADSL (8 mega)","DISTANZA_CALCOLATA":"2911.19","CLASSE_DISTANZA":"2900-3299","POTENZA_SEGNALE":"4999.75","POPOLAZIONE_SEZIONE": ""}
			},
		 		{ "type" : "Feature",
				"geometry" : {
					"type" : "Point",
					"coordinates" : [7.28868,45.08546]},
			"properties" : { "ANNO":"2010","ID_SEZIONE":"26331","ISTAT_COMUNE_SEZ":"1283","COMUNE_SEZ":"VAIE","PROVINCIA":"TO","ID_CENTRALE":"1175","NOME_CENTRALE":"S. ANTONINO DI SUSA B","ISTAT_COMUNE_CENTR":"1256","COMUNE_CENTR":"SANT'ANTONINO DI SUSA","PROVINCIA_CENTR":"TO","INDIRIZZO_CENTRALE":"ROCCIAMELONE 1","LATITUDINE_SEZIONE":"45.08546","LONGITUDINE_SEZIONE":"7.28868","POS_X_SEZIONE":"365322.64273","POS_Y_SEZIONE":"4993867.97829","LATITUDINE_CENTRALE":"45.10764","LONGITUDINE_CENTRALE":"7.27512","POS_X_CENTRALE":"364307.69471","POS_Y_CENTRALE":"4996355.57262","TIPO_ADSL":"ADSL_1","DESCRIZIONE_TIPO_ADSL":"ADSL (8 mega)","DISTANZA_CALCOLATA":"2686.68","CLASSE_DISTANZA":"2500-2899","POTENZA_SEGNALE":"5749.63","POPOLAZIONE_SEZIONE": ""}
			},
		 		{ "type" : "Feature",
				"geometry" : {
					"type" : "Point",
					"coordinates" : [7.27601,45.10380]},
			"properties" : { "ANNO":"2010","ID_SEZIONE":"26932","ISTAT_COMUNE_SEZ":"1256","COMUNE_SEZ":"SANT'ANTONINO DI SUSA","PROVINCIA":"TO","ID_CENTRALE":"1175","NOME_CENTRALE":"S. ANTONINO DI SUSA B","ISTAT_COMUNE_CENTR":"1256","COMUNE_CENTR":"SANT'ANTONINO DI SUSA","PROVINCIA_CENTR":"TO","INDIRIZZO_CENTRALE":"ROCCIAMELONE 1","LATITUDINE_SEZIONE":"45.10380","LONGITUDINE_SEZIONE":"7.27601","POS_X_SEZIONE":"364368.57374","POS_Y_SEZIONE":"4995926.48862","LATITUDINE_CENTRALE":"45.10764","LONGITUDINE_CENTRALE":"7.27512","POS_X_CENTRALE":"364307.69471","POS_Y_CENTRALE":"4996355.57262","TIPO_ADSL":"ADSL_1","DESCRIZIONE_TIPO_ADSL":"ADSL (8 mega)","DISTANZA_CALCOLATA":"433.38","CLASSE_DISTANZA":"100-499","POTENZA_SEGNALE":"7000","POPOLAZIONE_SEZIONE": "610"}
			},
		 		{ "type" : "Feature",
				"geometry" : {
					"type" : "Point",
					"coordinates" : [7.25830,45.10059]},
			"properties" : { "ANNO":"2010","ID_SEZIONE":"26935","ISTAT_COMUNE_SEZ":"1256","COMUNE_SEZ":"SANT'ANTONINO DI SUSA","PROVINCIA":"TO","ID_CENTRALE":"1175","NOME_CENTRALE":"S. ANTONINO DI SUSA B","ISTAT_COMUNE_CENTR":"1256","COMUNE_CENTR":"SANT'ANTONINO DI SUSA","PROVINCIA_CENTR":"TO","INDIRIZZO_CENTRALE":"ROCCIAMELONE 1","LATITUDINE_SEZIONE":"45.10059","LONGITUDINE_SEZIONE":"7.25830","POS_X_SEZIONE":"362968.02385","POS_Y_SEZIONE":"4995599.96318","LATITUDINE_CENTRALE":"45.10764","LONGITUDINE_CENTRALE":"7.27512","POS_X_CENTRALE":"364307.69471","POS_Y_CENTRALE":"4996355.57262","TIPO_ADSL":"ADSL_1","DESCRIZIONE_TIPO_ADSL":"ADSL (8 mega)","DISTANZA_CALCOLATA":"1538.07","CLASSE_DISTANZA":"1300-1699","POTENZA_SEGNALE":"7000","POPOLAZIONE_SEZIONE": "14"}
			},
		 		{ "type" : "Feature",
				"geometry" : {
					"type" : "Point",
					"coordinates" : [7.28073,45.10625]},
			"properties" : { "ANNO":"2010","ID_SEZIONE":"27758","ISTAT_COMUNE_SEZ":"1256","COMUNE_SEZ":"SANT'ANTONINO DI SUSA","PROVINCIA":"TO","ID_CENTRALE":"1175","NOME_CENTRALE":"S. ANTONINO DI SUSA B","ISTAT_COMUNE_CENTR":"1256","COMUNE_CENTR":"SANT'ANTONINO DI SUSA","PROVINCIA_CENTR":"TO","INDIRIZZO_CENTRALE":"ROCCIAMELONE 1","LATITUDINE_SEZIONE":"45.10625","LONGITUDINE_SEZIONE":"7.28073","POS_X_SEZIONE":"364745.75799","POS_Y_SEZIONE":"4996190.99755","LATITUDINE_CENTRALE":"45.10764","LONGITUDINE_CENTRALE":"7.27512","POS_X_CENTRALE":"364307.69471","POS_Y_CENTRALE":"4996355.57262","TIPO_ADSL":"ADSL_1","DESCRIZIONE_TIPO_ADSL":"ADSL (8 mega)","DISTANZA_CALCOLATA":"467.96","CLASSE_DISTANZA":"100-499","POTENZA_SEGNALE":"7000","POPOLAZIONE_SEZIONE": "559"}
			}
		 		]
	}
		