 	{ "type" : "FeatureCollection",
		"features" : [
		 		{ "type" : "Feature",
				"geometry" : {
					"type" : "Point",
					"coordinates" : [7.24416,45.30949]},
			"properties" : { "ANNO":"2010","ID_SEZIONE":"4474","ISTAT_COMUNE_SEZ":"1019","COMUNE_SEZ":"BALME","PROVINCIA":"TO","ID_CENTRALE":"108","NOME_CENTRALE":"BALME","ISTAT_COMUNE_CENTR":"1019","COMUNE_CENTR":"BALME","PROVINCIA_CENTR":"TO","INDIRIZZO_CENTRALE":"ROMA 92","LATITUDINE_SEZIONE":"45.30949","LONGITUDINE_SEZIONE":"7.24416","POS_X_SEZIONE":"362360.31927","POS_Y_SEZIONE":"5018830.71444","LATITUDINE_CENTRALE":"45.30045","LONGITUDINE_CENTRALE":"7.21345","POS_X_CENTRALE":"359930.87790","POS_Y_CENTRALE":"5017879.50022","TIPO_ADSL":"ADSL_M","DESCRIZIONE_TIPO_ADSL":"ADSL Mini","DISTANZA_CALCOLATA":"2609.02","CLASSE_DISTANZA":"2500-2899","POTENZA_SEGNALE":"0.64","POPOLAZIONE_SEZIONE": "3"}
			},
		 		{ "type" : "Feature",
				"geometry" : {
					"type" : "Point",
					"coordinates" : [7.20950,45.27500]},
			"properties" : { "ANNO":"2010","ID_SEZIONE":"8378","ISTAT_COMUNE_SEZ":"1019","COMUNE_SEZ":"BALME","PROVINCIA":"TO","ID_CENTRALE":"108","NOME_CENTRALE":"BALME","ISTAT_COMUNE_CENTR":"1019","COMUNE_CENTR":"BALME","PROVINCIA_CENTR":"TO","INDIRIZZO_CENTRALE":"ROMA 92","LATITUDINE_SEZIONE":"45.27500","LONGITUDINE_SEZIONE":"7.20950","POS_X_SEZIONE":"359558.41104","POS_Y_SEZIONE":"5015059.65216","LATITUDINE_CENTRALE":"45.30045","LONGITUDINE_CENTRALE":"7.21345","POS_X_CENTRALE":"359930.87790","POS_Y_CENTRALE":"5017879.50022","TIPO_ADSL":"ADSL_M","DESCRIZIONE_TIPO_ADSL":"ADSL Mini","DISTANZA_CALCOLATA":"2844.34","CLASSE_DISTANZA":"2500-2899","POTENZA_SEGNALE":"0.64","POPOLAZIONE_SEZIONE": ""}
			},
		 		{ "type" : "Feature",
				"geometry" : {
					"type" : "Point",
					"coordinates" : [7.22392,45.30218]},
			"properties" : { "ANNO":"2010","ID_SEZIONE":"11749","ISTAT_COMUNE_SEZ":"1019","COMUNE_SEZ":"BALME","PROVINCIA":"TO","ID_CENTRALE":"108","NOME_CENTRALE":"BALME","ISTAT_COMUNE_CENTR":"1019","COMUNE_CENTR":"BALME","PROVINCIA_CENTR":"TO","INDIRIZZO_CENTRALE":"ROMA 92","LATITUDINE_SEZIONE":"45.30218","LONGITUDINE_SEZIONE":"7.22392","POS_X_SEZIONE":"360755.71639","POS_Y_SEZIONE":"5018053.69505","LATITUDINE_CENTRALE":"45.30045","LONGITUDINE_CENTRALE":"7.21345","POS_X_CENTRALE":"359930.87790","POS_Y_CENTRALE":"5017879.50022","TIPO_ADSL":"ADSL_M","DESCRIZIONE_TIPO_ADSL":"ADSL Mini","DISTANZA_CALCOLATA":"843.03","CLASSE_DISTANZA":"500-899","POTENZA_SEGNALE":"0.64","POPOLAZIONE_SEZIONE": "9"}
			},
		 		{ "type" : "Feature",
				"geometry" : {
					"type" : "Point",
					"coordinates" : [7.16665,45.30437]},
			"properties" : { "ANNO":"2010","ID_SEZIONE":"12982","ISTAT_COMUNE_SEZ":"1019","COMUNE_SEZ":"BALME","PROVINCIA":"TO","ID_CENTRALE":"108","NOME_CENTRALE":"BALME","ISTAT_COMUNE_CENTR":"1019","COMUNE_CENTR":"BALME","PROVINCIA_CENTR":"TO","INDIRIZZO_CENTRALE":"ROMA 92","LATITUDINE_SEZIONE":"45.30437","LONGITUDINE_SEZIONE":"7.16665","POS_X_SEZIONE":"356271.18723","POS_Y_SEZIONE":"5018397.62900","LATITUDINE_CENTRALE":"45.30045","LONGITUDINE_CENTRALE":"7.21345","POS_X_CENTRALE":"359930.87790","POS_Y_CENTRALE":"5017879.50022","TIPO_ADSL":"ADSL_M","DESCRIZIONE_TIPO_ADSL":"ADSL Mini","DISTANZA_CALCOLATA":"3696.19","CLASSE_DISTANZA":"3300-3699","POTENZA_SEGNALE":"0.64","POPOLAZIONE_SEZIONE": "7"}
			},
		 		{ "type" : "Feature",
				"geometry" : {
					"type" : "Point",
					"coordinates" : [7.15225,45.32348]},
			"properties" : { "ANNO":"2010","ID_SEZIONE":"17677","ISTAT_COMUNE_SEZ":"1019","COMUNE_SEZ":"BALME","PROVINCIA":"TO","ID_CENTRALE":"108","NOME_CENTRALE":"BALME","ISTAT_COMUNE_CENTR":"1019","COMUNE_CENTR":"BALME","PROVINCIA_CENTR":"TO","INDIRIZZO_CENTRALE":"ROMA 92","LATITUDINE_SEZIONE":"45.32348","LONGITUDINE_SEZIONE":"7.15225","POS_X_SEZIONE":"355191.29629","POS_Y_SEZIONE":"5020546.12999","LATITUDINE_CENTRALE":"45.30045","LONGITUDINE_CENTRALE":"7.21345","POS_X_CENTRALE":"359930.87790","POS_Y_CENTRALE":"5017879.50022","TIPO_ADSL":"ADSL_M","DESCRIZIONE_TIPO_ADSL":"ADSL Mini","DISTANZA_CALCOLATA":"5438.25","CLASSE_DISTANZA":"5300-5699","POTENZA_SEGNALE":"0.00","POPOLAZIONE_SEZIONE": ""}
			},
		 		{ "type" : "Feature",
				"geometry" : {
					"type" : "Point",
					"coordinates" : [7.21631,45.30258]},
			"properties" : { "ANNO":"2010","ID_SEZIONE":"23839","ISTAT_COMUNE_SEZ":"1019","COMUNE_SEZ":"BALME","PROVINCIA":"TO","ID_CENTRALE":"108","NOME_CENTRALE":"BALME","ISTAT_COMUNE_CENTR":"1019","COMUNE_CENTR":"BALME","PROVINCIA_CENTR":"TO","INDIRIZZO_CENTRALE":"ROMA 92","LATITUDINE_SEZIONE":"45.30258","LONGITUDINE_SEZIONE":"7.21631","POS_X_SEZIONE":"360160.37149","POS_Y_SEZIONE":"5018111.19111","LATITUDINE_CENTRALE":"45.30045","LONGITUDINE_CENTRALE":"7.21345","POS_X_CENTRALE":"359930.87790","POS_Y_CENTRALE":"5017879.50022","TIPO_ADSL":"ADSL_M","DESCRIZIONE_TIPO_ADSL":"ADSL Mini","DISTANZA_CALCOLATA":"326.11","CLASSE_DISTANZA":"100-499","POTENZA_SEGNALE":"0.64","POPOLAZIONE_SEZIONE": "38"}
			},
		 		{ "type" : "Feature",
				"geometry" : {
					"type" : "Point",
					"coordinates" : [7.23242,45.30568]},
			"properties" : { "ANNO":"2010","ID_SEZIONE":"24353","ISTAT_COMUNE_SEZ":"1019","COMUNE_SEZ":"BALME","PROVINCIA":"TO","ID_CENTRALE":"108","NOME_CENTRALE":"BALME","ISTAT_COMUNE_CENTR":"1019","COMUNE_CENTR":"BALME","PROVINCIA_CENTR":"TO","INDIRIZZO_CENTRALE":"ROMA 92","LATITUDINE_SEZIONE":"45.30568","LONGITUDINE_SEZIONE":"7.23242","POS_X_SEZIONE":"361430.43869","POS_Y_SEZIONE":"5018428.20359","LATITUDINE_CENTRALE":"45.30045","LONGITUDINE_CENTRALE":"7.21345","POS_X_CENTRALE":"359930.87790","POS_Y_CENTRALE":"5017879.50022","TIPO_ADSL":"ADSL_M","DESCRIZIONE_TIPO_ADSL":"ADSL Mini","DISTANZA_CALCOLATA":"1596.8","CLASSE_DISTANZA":"1300-1699","POTENZA_SEGNALE":"0.64","POPOLAZIONE_SEZIONE": "4"}
			},
		 		{ "type" : "Feature",
				"geometry" : {
					"type" : "Point",
					"coordinates" : [7.21914,45.30142]},
			"properties" : { "ANNO":"2010","ID_SEZIONE":"30142","ISTAT_COMUNE_SEZ":"1019","COMUNE_SEZ":"BALME","PROVINCIA":"TO","ID_CENTRALE":"108","NOME_CENTRALE":"BALME","ISTAT_COMUNE_CENTR":"1019","COMUNE_CENTR":"BALME","PROVINCIA_CENTR":"TO","INDIRIZZO_CENTRALE":"ROMA 92","LATITUDINE_SEZIONE":"45.30142","LONGITUDINE_SEZIONE":"7.21914","POS_X_SEZIONE":"360378.80810","POS_Y_SEZIONE":"5017977.69120","LATITUDINE_CENTRALE":"45.30045","LONGITUDINE_CENTRALE":"7.21345","POS_X_CENTRALE":"359930.87790","POS_Y_CENTRALE":"5017879.50022","TIPO_ADSL":"ADSL_M","DESCRIZIONE_TIPO_ADSL":"ADSL Mini","DISTANZA_CALCOLATA":"458.57","CLASSE_DISTANZA":"100-499","POTENZA_SEGNALE":"0.64","POPOLAZIONE_SEZIONE": "40"}
			}
		 		]
	}
		