 	{ "type" : "FeatureCollection",
		"features" : [
		 		{ "type" : "Feature",
				"geometry" : {
					"type" : "Point",
					"coordinates" : [7.74779,45.21756]},
			"properties" : { "ANNO":"2010","ID_SEZIONE":"1788","ISTAT_COMUNE_SEZ":"1314","COMUNE_SEZ":"VOLPIANO","PROVINCIA":"TO","ID_CENTRALE":"1669","NOME_CENTRALE":"VOLPIANO","ISTAT_COMUNE_CENTR":"1314","COMUNE_CENTR":"VOLPIANO","PROVINCIA_CENTR":"TO","INDIRIZZO_CENTRALE":"GIUSEPPE RAIMONDO 22","LATITUDINE_SEZIONE":"45.21756","LONGITUDINE_SEZIONE":"7.74779","POS_X_SEZIONE":"401680.59784","POS_Y_SEZIONE":"5007881.79974","LATITUDINE_CENTRALE":"45.20268","LONGITUDINE_CENTRALE":"7.77805","POS_X_CENTRALE":"404031.84896","POS_Y_CENTRALE":"5006192.62858","TIPO_ADSL":"ADSL_2P","DESCRIZIONE_TIPO_ADSL":"ADSL 2+ (24 mega)","DISTANZA_CALCOLATA":"2895.11","CLASSE_DISTANZA":"2500-2899","POTENZA_SEGNALE":"7380.83","POPOLAZIONE_SEZIONE": "19"}
			},
		 		{ "type" : "Feature",
				"geometry" : {
					"type" : "Point",
					"coordinates" : [7.74729,45.19628]},
			"properties" : { "ANNO":"2010","ID_SEZIONE":"1792","ISTAT_COMUNE_SEZ":"1314","COMUNE_SEZ":"VOLPIANO","PROVINCIA":"TO","ID_CENTRALE":"1669","NOME_CENTRALE":"VOLPIANO","ISTAT_COMUNE_CENTR":"1314","COMUNE_CENTR":"VOLPIANO","PROVINCIA_CENTR":"TO","INDIRIZZO_CENTRALE":"GIUSEPPE RAIMONDO 22","LATITUDINE_SEZIONE":"45.19628","LONGITUDINE_SEZIONE":"7.74729","POS_X_SEZIONE":"401604.85204","POS_Y_SEZIONE":"5005517.78822","LATITUDINE_CENTRALE":"45.20268","LONGITUDINE_CENTRALE":"7.77805","POS_X_CENTRALE":"404031.84896","POS_Y_CENTRALE":"5006192.62858","TIPO_ADSL":"ADSL_2P","DESCRIZIONE_TIPO_ADSL":"ADSL 2+ (24 mega)","DISTANZA_CALCOLATA":"2519.07","CLASSE_DISTANZA":"2500-2899","POTENZA_SEGNALE":"7380.83","POPOLAZIONE_SEZIONE": "17"}
			},
		 		{ "type" : "Feature",
				"geometry" : {
					"type" : "Point",
					"coordinates" : [7.77052,45.19361]},
			"properties" : { "ANNO":"2010","ID_SEZIONE":"3080","ISTAT_COMUNE_SEZ":"1314","COMUNE_SEZ":"VOLPIANO","PROVINCIA":"TO","ID_CENTRALE":"1669","NOME_CENTRALE":"VOLPIANO","ISTAT_COMUNE_CENTR":"1314","COMUNE_CENTR":"VOLPIANO","PROVINCIA_CENTR":"TO","INDIRIZZO_CENTRALE":"GIUSEPPE RAIMONDO 22","LATITUDINE_SEZIONE":"45.19361","LONGITUDINE_SEZIONE":"7.77052","POS_X_SEZIONE":"403424.97057","POS_Y_SEZIONE":"5005193.29951","LATITUDINE_CENTRALE":"45.20268","LONGITUDINE_CENTRALE":"7.77805","POS_X_CENTRALE":"404031.84896","POS_Y_CENTRALE":"5006192.62858","TIPO_ADSL":"ADSL_2P","DESCRIZIONE_TIPO_ADSL":"ADSL 2+ (24 mega)","DISTANZA_CALCOLATA":"1169.17","CLASSE_DISTANZA":"900-1299","POTENZA_SEGNALE":"17737.5","POPOLAZIONE_SEZIONE": "909"}
			},
		 		{ "type" : "Feature",
				"geometry" : {
					"type" : "Point",
					"coordinates" : [7.77047,45.20400]},
			"properties" : { "ANNO":"2010","ID_SEZIONE":"3537","ISTAT_COMUNE_SEZ":"1314","COMUNE_SEZ":"VOLPIANO","PROVINCIA":"TO","ID_CENTRALE":"1669","NOME_CENTRALE":"VOLPIANO","ISTAT_COMUNE_CENTR":"1314","COMUNE_CENTR":"VOLPIANO","PROVINCIA_CENTR":"TO","INDIRIZZO_CENTRALE":"GIUSEPPE RAIMONDO 22","LATITUDINE_SEZIONE":"45.20400","LONGITUDINE_SEZIONE":"7.77047","POS_X_SEZIONE":"403438.34248","POS_Y_SEZIONE":"5006347.30451","LATITUDINE_CENTRALE":"45.20268","LONGITUDINE_CENTRALE":"7.77805","POS_X_CENTRALE":"404031.84896","POS_Y_CENTRALE":"5006192.62858","TIPO_ADSL":"ADSL_2P","DESCRIZIONE_TIPO_ADSL":"ADSL 2+ (24 mega)","DISTANZA_CALCOLATA":"613.33","CLASSE_DISTANZA":"500-899","POTENZA_SEGNALE":"19523.33","POPOLAZIONE_SEZIONE": "197"}
			},
		 		{ "type" : "Feature",
				"geometry" : {
					"type" : "Point",
					"coordinates" : [7.82315,45.18765]},
			"properties" : { "ANNO":"2010","ID_SEZIONE":"5355","ISTAT_COMUNE_SEZ":"1314","COMUNE_SEZ":"VOLPIANO","PROVINCIA":"TO","ID_CENTRALE":"1669","NOME_CENTRALE":"VOLPIANO","ISTAT_COMUNE_CENTR":"1314","COMUNE_CENTR":"VOLPIANO","PROVINCIA_CENTR":"TO","INDIRIZZO_CENTRALE":"GIUSEPPE RAIMONDO 22","LATITUDINE_SEZIONE":"45.18765","LONGITUDINE_SEZIONE":"7.82315","POS_X_SEZIONE":"407549.38658","POS_Y_SEZIONE":"5004470.32582","LATITUDINE_CENTRALE":"45.20268","LONGITUDINE_CENTRALE":"7.77805","POS_X_CENTRALE":"404031.84896","POS_Y_CENTRALE":"5006192.62858","TIPO_ADSL":"ADSL_2P","DESCRIZIONE_TIPO_ADSL":"ADSL 2+ (24 mega)","DISTANZA_CALCOLATA":"3916.55","CLASSE_DISTANZA":"3700-4099","POTENZA_SEGNALE":"2857.5","POPOLAZIONE_SEZIONE": "19"}
			},
		 		{ "type" : "Feature",
				"geometry" : {
					"type" : "Point",
					"coordinates" : [7.77696,45.17505]},
			"properties" : { "ANNO":"2010","ID_SEZIONE":"5578","ISTAT_COMUNE_SEZ":"1314","COMUNE_SEZ":"VOLPIANO","PROVINCIA":"TO","ID_CENTRALE":"1669","NOME_CENTRALE":"VOLPIANO","ISTAT_COMUNE_CENTR":"1314","COMUNE_CENTR":"VOLPIANO","PROVINCIA_CENTR":"TO","INDIRIZZO_CENTRALE":"GIUSEPPE RAIMONDO 22","LATITUDINE_SEZIONE":"45.17505","LONGITUDINE_SEZIONE":"7.77696","POS_X_SEZIONE":"403899.84136","POS_Y_SEZIONE":"5003124.29420","LATITUDINE_CENTRALE":"45.20268","LONGITUDINE_CENTRALE":"7.77805","POS_X_CENTRALE":"404031.84896","POS_Y_CENTRALE":"5006192.62858","TIPO_ADSL":"ADSL_2P","DESCRIZIONE_TIPO_ADSL":"ADSL 2+ (24 mega)","DISTANZA_CALCOLATA":"3071.17","CLASSE_DISTANZA":"2900-3299","POTENZA_SEGNALE":"5238.33","POPOLAZIONE_SEZIONE": "22"}
			},
		 		{ "type" : "Feature",
				"geometry" : {
					"type" : "Point",
					"coordinates" : [7.78195,45.19604]},
			"properties" : { "ANNO":"2010","ID_SEZIONE":"5810","ISTAT_COMUNE_SEZ":"1314","COMUNE_SEZ":"VOLPIANO","PROVINCIA":"TO","ID_CENTRALE":"1669","NOME_CENTRALE":"VOLPIANO","ISTAT_COMUNE_CENTR":"1314","COMUNE_CENTR":"VOLPIANO","PROVINCIA_CENTR":"TO","INDIRIZZO_CENTRALE":"GIUSEPPE RAIMONDO 22","LATITUDINE_SEZIONE":"45.19604","LONGITUDINE_SEZIONE":"7.78195","POS_X_SEZIONE":"404327.32552","POS_Y_SEZIONE":"5005449.80691","LATITUDINE_CENTRALE":"45.20268","LONGITUDINE_CENTRALE":"7.77805","POS_X_CENTRALE":"404031.84896","POS_Y_CENTRALE":"5006192.62858","TIPO_ADSL":"ADSL_2P","DESCRIZIONE_TIPO_ADSL":"ADSL 2+ (24 mega)","DISTANZA_CALCOLATA":"799.43","CLASSE_DISTANZA":"500-899","POTENZA_SEGNALE":"19523.33","POPOLAZIONE_SEZIONE": "1059"}
			},
		 		{ "type" : "Feature",
				"geometry" : {
					"type" : "Point",
					"coordinates" : [7.78247,45.20453]},
			"properties" : { "ANNO":"2010","ID_SEZIONE":"6996","ISTAT_COMUNE_SEZ":"1314","COMUNE_SEZ":"VOLPIANO","PROVINCIA":"TO","ID_CENTRALE":"1669","NOME_CENTRALE":"VOLPIANO","ISTAT_COMUNE_CENTR":"1314","COMUNE_CENTR":"VOLPIANO","PROVINCIA_CENTR":"TO","INDIRIZZO_CENTRALE":"GIUSEPPE RAIMONDO 22","LATITUDINE_SEZIONE":"45.20453","LONGITUDINE_SEZIONE":"7.78247","POS_X_SEZIONE":"404381.72757","POS_Y_SEZIONE":"5006392.81107","LATITUDINE_CENTRALE":"45.20268","LONGITUDINE_CENTRALE":"7.77805","POS_X_CENTRALE":"404031.84896","POS_Y_CENTRALE":"5006192.62858","TIPO_ADSL":"ADSL_2P","DESCRIZIONE_TIPO_ADSL":"ADSL 2+ (24 mega)","DISTANZA_CALCOLATA":"403.10","CLASSE_DISTANZA":"100-499","POTENZA_SEGNALE":"19761.67","POPOLAZIONE_SEZIONE": "206"}
			},
		 		{ "type" : "Feature",
				"geometry" : {
					"type" : "Point",
					"coordinates" : [7.76114,45.19647]},
			"properties" : { "ANNO":"2010","ID_SEZIONE":"7450","ISTAT_COMUNE_SEZ":"1314","COMUNE_SEZ":"VOLPIANO","PROVINCIA":"TO","ID_CENTRALE":"1669","NOME_CENTRALE":"VOLPIANO","ISTAT_COMUNE_CENTR":"1314","COMUNE_CENTR":"VOLPIANO","PROVINCIA_CENTR":"TO","INDIRIZZO_CENTRALE":"GIUSEPPE RAIMONDO 22","LATITUDINE_SEZIONE":"45.19647","LONGITUDINE_SEZIONE":"7.76114","POS_X_SEZIONE":"402693.45364","POS_Y_SEZIONE":"5005522.29587","LATITUDINE_CENTRALE":"45.20268","LONGITUDINE_CENTRALE":"7.77805","POS_X_CENTRALE":"404031.84896","POS_Y_CENTRALE":"5006192.62858","TIPO_ADSL":"ADSL_2P","DESCRIZIONE_TIPO_ADSL":"ADSL 2+ (24 mega)","DISTANZA_CALCOLATA":"1496.88","CLASSE_DISTANZA":"1300-1699","POTENZA_SEGNALE":"16071.67","POPOLAZIONE_SEZIONE": "303"}
			},
		 		{ "type" : "Feature",
				"geometry" : {
					"type" : "Point",
					"coordinates" : [7.79048,45.21141]},
			"properties" : { "ANNO":"2010","ID_SEZIONE":"7924","ISTAT_COMUNE_SEZ":"1314","COMUNE_SEZ":"VOLPIANO","PROVINCIA":"TO","ID_CENTRALE":"1669","NOME_CENTRALE":"VOLPIANO","ISTAT_COMUNE_CENTR":"1314","COMUNE_CENTR":"VOLPIANO","PROVINCIA_CENTR":"TO","INDIRIZZO_CENTRALE":"GIUSEPPE RAIMONDO 22","LATITUDINE_SEZIONE":"45.21141","LONGITUDINE_SEZIONE":"7.79048","POS_X_SEZIONE":"405022.64814","POS_Y_SEZIONE":"5007146.81862","LATITUDINE_CENTRALE":"45.20268","LONGITUDINE_CENTRALE":"7.77805","POS_X_CENTRALE":"404031.84896","POS_Y_CENTRALE":"5006192.62858","TIPO_ADSL":"ADSL_2P","DESCRIZIONE_TIPO_ADSL":"ADSL 2+ (24 mega)","DISTANZA_CALCOLATA":"1375.56","CLASSE_DISTANZA":"1300-1699","POTENZA_SEGNALE":"16071.67","POPOLAZIONE_SEZIONE": "7"}
			},
		 		{ "type" : "Feature",
				"geometry" : {
					"type" : "Point",
					"coordinates" : [7.77776,45.19883]},
			"properties" : { "ANNO":"2010","ID_SEZIONE":"8712","ISTAT_COMUNE_SEZ":"1314","COMUNE_SEZ":"VOLPIANO","PROVINCIA":"TO","ID_CENTRALE":"1669","NOME_CENTRALE":"VOLPIANO","ISTAT_COMUNE_CENTR":"1314","COMUNE_CENTR":"VOLPIANO","PROVINCIA_CENTR":"TO","INDIRIZZO_CENTRALE":"GIUSEPPE RAIMONDO 22","LATITUDINE_SEZIONE":"45.19883","LONGITUDINE_SEZIONE":"7.77776","POS_X_SEZIONE":"404002.23777","POS_Y_SEZIONE":"5005764.80620","LATITUDINE_CENTRALE":"45.20268","LONGITUDINE_CENTRALE":"7.77805","POS_X_CENTRALE":"404031.84896","POS_Y_CENTRALE":"5006192.62858","TIPO_ADSL":"ADSL_2P","DESCRIZIONE_TIPO_ADSL":"ADSL 2+ (24 mega)","DISTANZA_CALCOLATA":"428.85","CLASSE_DISTANZA":"100-499","POTENZA_SEGNALE":"19761.67","POPOLAZIONE_SEZIONE": "373"}
			},
		 		{ "type" : "Feature",
				"geometry" : {
					"type" : "Point",
					"coordinates" : [7.77007,45.19858]},
			"properties" : { "ANNO":"2010","ID_SEZIONE":"8841","ISTAT_COMUNE_SEZ":"1314","COMUNE_SEZ":"VOLPIANO","PROVINCIA":"TO","ID_CENTRALE":"1669","NOME_CENTRALE":"VOLPIANO","ISTAT_COMUNE_CENTR":"1314","COMUNE_CENTR":"VOLPIANO","PROVINCIA_CENTR":"TO","INDIRIZZO_CENTRALE":"GIUSEPPE RAIMONDO 22","LATITUDINE_SEZIONE":"45.19858","LONGITUDINE_SEZIONE":"7.77007","POS_X_SEZIONE":"403397.75112","POS_Y_SEZIONE":"5005745.80179","LATITUDINE_CENTRALE":"45.20268","LONGITUDINE_CENTRALE":"7.77805","POS_X_CENTRALE":"404031.84896","POS_Y_CENTRALE":"5006192.62858","TIPO_ADSL":"ADSL_2P","DESCRIZIONE_TIPO_ADSL":"ADSL 2+ (24 mega)","DISTANZA_CALCOLATA":"775.72","CLASSE_DISTANZA":"500-899","POTENZA_SEGNALE":"19523.33","POPOLAZIONE_SEZIONE": "189"}
			},
		 		{ "type" : "Feature",
				"geometry" : {
					"type" : "Point",
					"coordinates" : [7.77557,45.20113]},
			"properties" : { "ANNO":"2010","ID_SEZIONE":"9999","ISTAT_COMUNE_SEZ":"1314","COMUNE_SEZ":"VOLPIANO","PROVINCIA":"TO","ID_CENTRALE":"1669","NOME_CENTRALE":"VOLPIANO","ISTAT_COMUNE_CENTR":"1314","COMUNE_CENTR":"VOLPIANO","PROVINCIA_CENTR":"TO","INDIRIZZO_CENTRALE":"GIUSEPPE RAIMONDO 22","LATITUDINE_SEZIONE":"45.20113","LONGITUDINE_SEZIONE":"7.77557","POS_X_SEZIONE":"403834.45998","POS_Y_SEZIONE":"5006022.80607","LATITUDINE_CENTRALE":"45.20268","LONGITUDINE_CENTRALE":"7.77805","POS_X_CENTRALE":"404031.84896","POS_Y_CENTRALE":"5006192.62858","TIPO_ADSL":"ADSL_2P","DESCRIZIONE_TIPO_ADSL":"ADSL 2+ (24 mega)","DISTANZA_CALCOLATA":"260.39","CLASSE_DISTANZA":"100-499","POTENZA_SEGNALE":"19761.67","POPOLAZIONE_SEZIONE": "4"}
			},
		 		{ "type" : "Feature",
				"geometry" : {
					"type" : "Point",
					"coordinates" : [7.77862,45.20268]},
			"properties" : { "ANNO":"2010","ID_SEZIONE":"10361","ISTAT_COMUNE_SEZ":"1314","COMUNE_SEZ":"VOLPIANO","PROVINCIA":"TO","ID_CENTRALE":"1669","NOME_CENTRALE":"VOLPIANO","ISTAT_COMUNE_CENTR":"1314","COMUNE_CENTR":"VOLPIANO","PROVINCIA_CENTR":"TO","INDIRIZZO_CENTRALE":"GIUSEPPE RAIMONDO 22","LATITUDINE_SEZIONE":"45.20268","LONGITUDINE_SEZIONE":"7.77862","POS_X_SEZIONE":"404076.23509","POS_Y_SEZIONE":"5006191.80857","LATITUDINE_CENTRALE":"45.20268","LONGITUDINE_CENTRALE":"7.77805","POS_X_CENTRALE":"404031.84896","POS_Y_CENTRALE":"5006192.62858","TIPO_ADSL":"ADSL_2P","DESCRIZIONE_TIPO_ADSL":"ADSL 2+ (24 mega)","DISTANZA_CALCOLATA":"44.39","CLASSE_DISTANZA":"0-99","POTENZA_SEGNALE":"19761.67","POPOLAZIONE_SEZIONE": "224"}
			},
		 		{ "type" : "Feature",
				"geometry" : {
					"type" : "Point",
					"coordinates" : [7.77877,45.20704]},
			"properties" : { "ANNO":"2010","ID_SEZIONE":"11174","ISTAT_COMUNE_SEZ":"1314","COMUNE_SEZ":"VOLPIANO","PROVINCIA":"TO","ID_CENTRALE":"1669","NOME_CENTRALE":"VOLPIANO","ISTAT_COMUNE_CENTR":"1314","COMUNE_CENTR":"VOLPIANO","PROVINCIA_CENTR":"TO","INDIRIZZO_CENTRALE":"GIUSEPPE RAIMONDO 22","LATITUDINE_SEZIONE":"45.20704","LONGITUDINE_SEZIONE":"7.77877","POS_X_SEZIONE":"404095.76430","POS_Y_SEZIONE":"5006675.81036","LATITUDINE_CENTRALE":"45.20268","LONGITUDINE_CENTRALE":"7.77805","POS_X_CENTRALE":"404031.84896","POS_Y_CENTRALE":"5006192.62858","TIPO_ADSL":"ADSL_2P","DESCRIZIONE_TIPO_ADSL":"ADSL 2+ (24 mega)","DISTANZA_CALCOLATA":"487.39","CLASSE_DISTANZA":"100-499","POTENZA_SEGNALE":"19761.67","POPOLAZIONE_SEZIONE": "327"}
			},
		 		{ "type" : "Feature",
				"geometry" : {
					"type" : "Point",
					"coordinates" : [7.75834,45.18708]},
			"properties" : { "ANNO":"2010","ID_SEZIONE":"12029","ISTAT_COMUNE_SEZ":"1314","COMUNE_SEZ":"VOLPIANO","PROVINCIA":"TO","ID_CENTRALE":"1669","NOME_CENTRALE":"VOLPIANO","ISTAT_COMUNE_CENTR":"1314","COMUNE_CENTR":"VOLPIANO","PROVINCIA_CENTR":"TO","INDIRIZZO_CENTRALE":"GIUSEPPE RAIMONDO 22","LATITUDINE_SEZIONE":"45.18708","LONGITUDINE_SEZIONE":"7.75834","POS_X_SEZIONE":"402457.27316","POS_Y_SEZIONE":"5004482.28972","LATITUDINE_CENTRALE":"45.20268","LONGITUDINE_CENTRALE":"7.77805","POS_X_CENTRALE":"404031.84896","POS_Y_CENTRALE":"5006192.62858","TIPO_ADSL":"ADSL_2P","DESCRIZIONE_TIPO_ADSL":"ADSL 2+ (24 mega)","DISTANZA_CALCOLATA":"2324.77","CLASSE_DISTANZA":"2100-2499","POTENZA_SEGNALE":"10000","POPOLAZIONE_SEZIONE": "24"}
			},
		 		{ "type" : "Feature",
				"geometry" : {
					"type" : "Point",
					"coordinates" : [7.73984,45.20032]},
			"properties" : { "ANNO":"2010","ID_SEZIONE":"12839","ISTAT_COMUNE_SEZ":"1314","COMUNE_SEZ":"VOLPIANO","PROVINCIA":"TO","ID_CENTRALE":"1669","NOME_CENTRALE":"VOLPIANO","ISTAT_COMUNE_CENTR":"1314","COMUNE_CENTR":"VOLPIANO","PROVINCIA_CENTR":"TO","INDIRIZZO_CENTRALE":"GIUSEPPE RAIMONDO 22","LATITUDINE_SEZIONE":"45.20032","LONGITUDINE_SEZIONE":"7.73984","POS_X_SEZIONE":"401026.45793","POS_Y_SEZIONE":"5005976.28627","LATITUDINE_CENTRALE":"45.20268","LONGITUDINE_CENTRALE":"7.77805","POS_X_CENTRALE":"404031.84896","POS_Y_CENTRALE":"5006192.62858","TIPO_ADSL":"ADSL_2P","DESCRIZIONE_TIPO_ADSL":"ADSL 2+ (24 mega)","DISTANZA_CALCOLATA":"3013.17","CLASSE_DISTANZA":"2900-3299","POTENZA_SEGNALE":"5238.33","POPOLAZIONE_SEZIONE": "7"}
			},
		 		{ "type" : "Feature",
				"geometry" : {
					"type" : "Point",
					"coordinates" : [7.76982,45.18629]},
			"properties" : { "ANNO":"2010","ID_SEZIONE":"13685","ISTAT_COMUNE_SEZ":"1314","COMUNE_SEZ":"VOLPIANO","PROVINCIA":"TO","ID_CENTRALE":"1669","NOME_CENTRALE":"VOLPIANO","ISTAT_COMUNE_CENTR":"1314","COMUNE_CENTR":"VOLPIANO","PROVINCIA_CENTR":"TO","INDIRIZZO_CENTRALE":"GIUSEPPE RAIMONDO 22","LATITUDINE_SEZIONE":"45.18629","LONGITUDINE_SEZIONE":"7.76982","POS_X_SEZIONE":"403357.59905","POS_Y_SEZIONE":"5004380.79545","LATITUDINE_CENTRALE":"45.20268","LONGITUDINE_CENTRALE":"7.77805","POS_X_CENTRALE":"404031.84896","POS_Y_CENTRALE":"5006192.62858","TIPO_ADSL":"ADSL_2P","DESCRIZIONE_TIPO_ADSL":"ADSL 2+ (24 mega)","DISTANZA_CALCOLATA":"1933.22","CLASSE_DISTANZA":"1700-2099","POTENZA_SEGNALE":"12975.83","POPOLAZIONE_SEZIONE": "54"}
			},
		 		{ "type" : "Feature",
				"geometry" : {
					"type" : "Point",
					"coordinates" : [7.77201,45.19781]},
			"properties" : { "ANNO":"2010","ID_SEZIONE":"14142","ISTAT_COMUNE_SEZ":"1314","COMUNE_SEZ":"VOLPIANO","PROVINCIA":"TO","ID_CENTRALE":"1669","NOME_CENTRALE":"VOLPIANO","ISTAT_COMUNE_CENTR":"1314","COMUNE_CENTR":"VOLPIANO","PROVINCIA_CENTR":"TO","INDIRIZZO_CENTRALE":"GIUSEPPE RAIMONDO 22","LATITUDINE_SEZIONE":"45.19781","LONGITUDINE_SEZIONE":"7.77201","POS_X_SEZIONE":"403549.09166","POS_Y_SEZIONE":"5005658.30252","LATITUDINE_CENTRALE":"45.20268","LONGITUDINE_CENTRALE":"7.77805","POS_X_CENTRALE":"404031.84896","POS_Y_CENTRALE":"5006192.62858","TIPO_ADSL":"ADSL_2P","DESCRIZIONE_TIPO_ADSL":"ADSL 2+ (24 mega)","DISTANZA_CALCOLATA":"720.11","CLASSE_DISTANZA":"500-899","POTENZA_SEGNALE":"19523.33","POPOLAZIONE_SEZIONE": "479"}
			},
		 		{ "type" : "Feature",
				"geometry" : {
					"type" : "Point",
					"coordinates" : [7.80888,45.20697]},
			"properties" : { "ANNO":"2010","ID_SEZIONE":"14486","ISTAT_COMUNE_SEZ":"1314","COMUNE_SEZ":"VOLPIANO","PROVINCIA":"TO","ID_CENTRALE":"1669","NOME_CENTRALE":"VOLPIANO","ISTAT_COMUNE_CENTR":"1314","COMUNE_CENTR":"VOLPIANO","PROVINCIA_CENTR":"TO","INDIRIZZO_CENTRALE":"GIUSEPPE RAIMONDO 22","LATITUDINE_SEZIONE":"45.20697","LONGITUDINE_SEZIONE":"7.80888","POS_X_SEZIONE":"406460.24277","POS_Y_SEZIONE":"5006632.32620","LATITUDINE_CENTRALE":"45.20268","LONGITUDINE_CENTRALE":"7.77805","POS_X_CENTRALE":"404031.84896","POS_Y_CENTRALE":"5006192.62858","TIPO_ADSL":"ADSL_2P","DESCRIZIONE_TIPO_ADSL":"ADSL 2+ (24 mega)","DISTANZA_CALCOLATA":"2467.88","CLASSE_DISTANZA":"2100-2499","POTENZA_SEGNALE":"10000","POPOLAZIONE_SEZIONE": ""}
			},
		 		{ "type" : "Feature",
				"geometry" : {
					"type" : "Point",
					"coordinates" : [7.77578,45.20668]},
			"properties" : { "ANNO":"2010","ID_SEZIONE":"15775","ISTAT_COMUNE_SEZ":"1314","COMUNE_SEZ":"VOLPIANO","PROVINCIA":"TO","ID_CENTRALE":"1669","NOME_CENTRALE":"VOLPIANO","ISTAT_COMUNE_CENTR":"1314","COMUNE_CENTR":"VOLPIANO","PROVINCIA_CENTR":"TO","INDIRIZZO_CENTRALE":"GIUSEPPE RAIMONDO 22","LATITUDINE_SEZIONE":"45.20668","LONGITUDINE_SEZIONE":"7.77578","POS_X_SEZIONE":"403860.45781","POS_Y_SEZIONE":"5006639.30886","LATITUDINE_CENTRALE":"45.20268","LONGITUDINE_CENTRALE":"7.77805","POS_X_CENTRALE":"404031.84896","POS_Y_CENTRALE":"5006192.62858","TIPO_ADSL":"ADSL_2P","DESCRIZIONE_TIPO_ADSL":"ADSL 2+ (24 mega)","DISTANZA_CALCOLATA":"478.43","CLASSE_DISTANZA":"100-499","POTENZA_SEGNALE":"19761.67","POPOLAZIONE_SEZIONE": "332"}
			},
		 		{ "type" : "Feature",
				"geometry" : {
					"type" : "Point",
					"coordinates" : [7.77777,45.20413]},
			"properties" : { "ANNO":"2010","ID_SEZIONE":"17103","ISTAT_COMUNE_SEZ":"1314","COMUNE_SEZ":"VOLPIANO","PROVINCIA":"TO","ID_CENTRALE":"1669","NOME_CENTRALE":"VOLPIANO","ISTAT_COMUNE_CENTR":"1314","COMUNE_CENTR":"VOLPIANO","PROVINCIA_CENTR":"TO","INDIRIZZO_CENTRALE":"GIUSEPPE RAIMONDO 22","LATITUDINE_SEZIONE":"45.20413","LONGITUDINE_SEZIONE":"7.77777","POS_X_SEZIONE":"404012.36104","POS_Y_SEZIONE":"5006353.80844","LATITUDINE_CENTRALE":"45.20268","LONGITUDINE_CENTRALE":"7.77805","POS_X_CENTRALE":"404031.84896","POS_Y_CENTRALE":"5006192.62858","TIPO_ADSL":"ADSL_2P","DESCRIZIONE_TIPO_ADSL":"ADSL 2+ (24 mega)","DISTANZA_CALCOLATA":"162.35","CLASSE_DISTANZA":"100-499","POTENZA_SEGNALE":"19761.67","POPOLAZIONE_SEZIONE": "148"}
			},
		 		{ "type" : "Feature",
				"geometry" : {
					"type" : "Point",
					"coordinates" : [7.77948,45.20091]},
			"properties" : { "ANNO":"2010","ID_SEZIONE":"17375","ISTAT_COMUNE_SEZ":"1314","COMUNE_SEZ":"VOLPIANO","PROVINCIA":"TO","ID_CENTRALE":"1669","NOME_CENTRALE":"VOLPIANO","ISTAT_COMUNE_CENTR":"1314","COMUNE_CENTR":"VOLPIANO","PROVINCIA_CENTR":"TO","INDIRIZZO_CENTRALE":"GIUSEPPE RAIMONDO 22","LATITUDINE_SEZIONE":"45.20091","LONGITUDINE_SEZIONE":"7.77948","POS_X_SEZIONE":"404140.92117","POS_Y_SEZIONE":"5005993.30822","LATITUDINE_CENTRALE":"45.20268","LONGITUDINE_CENTRALE":"7.77805","POS_X_CENTRALE":"404031.84896","POS_Y_CENTRALE":"5006192.62858","TIPO_ADSL":"ADSL_2P","DESCRIZIONE_TIPO_ADSL":"ADSL 2+ (24 mega)","DISTANZA_CALCOLATA":"227.21","CLASSE_DISTANZA":"100-499","POTENZA_SEGNALE":"19761.67","POPOLAZIONE_SEZIONE": "159"}
			},
		 		{ "type" : "Feature",
				"geometry" : {
					"type" : "Point",
					"coordinates" : [7.77663,45.20024]},
			"properties" : { "ANNO":"2010","ID_SEZIONE":"18615","ISTAT_COMUNE_SEZ":"1314","COMUNE_SEZ":"VOLPIANO","PROVINCIA":"TO","ID_CENTRALE":"1669","NOME_CENTRALE":"VOLPIANO","ISTAT_COMUNE_CENTR":"1314","COMUNE_CENTR":"VOLPIANO","PROVINCIA_CENTR":"TO","INDIRIZZO_CENTRALE":"GIUSEPPE RAIMONDO 22","LATITUDINE_SEZIONE":"45.20024","LONGITUDINE_SEZIONE":"7.77663","POS_X_SEZIONE":"403915.80142","POS_Y_SEZIONE":"5005922.80633","LATITUDINE_CENTRALE":"45.20268","LONGITUDINE_CENTRALE":"7.77805","POS_X_CENTRALE":"404031.84896","POS_Y_CENTRALE":"5006192.62858","TIPO_ADSL":"ADSL_2P","DESCRIZIONE_TIPO_ADSL":"ADSL 2+ (24 mega)","DISTANZA_CALCOLATA":"293.72","CLASSE_DISTANZA":"100-499","POTENZA_SEGNALE":"19761.67","POPOLAZIONE_SEZIONE": "262"}
			},
		 		{ "type" : "Feature",
				"geometry" : {
					"type" : "Point",
					"coordinates" : [7.78572,45.20535]},
			"properties" : { "ANNO":"2010","ID_SEZIONE":"19032","ISTAT_COMUNE_SEZ":"1314","COMUNE_SEZ":"VOLPIANO","PROVINCIA":"TO","ID_CENTRALE":"1669","NOME_CENTRALE":"VOLPIANO","ISTAT_COMUNE_CENTR":"1314","COMUNE_CENTR":"VOLPIANO","PROVINCIA_CENTR":"TO","INDIRIZZO_CENTRALE":"GIUSEPPE RAIMONDO 22","LATITUDINE_SEZIONE":"45.20535","LONGITUDINE_SEZIONE":"7.78572","POS_X_SEZIONE":"404638.69064","POS_Y_SEZIONE":"5006479.81318","LATITUDINE_CENTRALE":"45.20268","LONGITUDINE_CENTRALE":"7.77805","POS_X_CENTRALE":"404031.84896","POS_Y_CENTRALE":"5006192.62858","TIPO_ADSL":"ADSL_2P","DESCRIZIONE_TIPO_ADSL":"ADSL 2+ (24 mega)","DISTANZA_CALCOLATA":"671.37","CLASSE_DISTANZA":"500-899","POTENZA_SEGNALE":"19523.33","POPOLAZIONE_SEZIONE": "229"}
			},
		 		{ "type" : "Feature",
				"geometry" : {
					"type" : "Point",
					"coordinates" : [7.77694,45.20252]},
			"properties" : { "ANNO":"2010","ID_SEZIONE":"19033","ISTAT_COMUNE_SEZ":"1314","COMUNE_SEZ":"VOLPIANO","PROVINCIA":"TO","ID_CENTRALE":"1669","NOME_CENTRALE":"VOLPIANO","ISTAT_COMUNE_CENTR":"1314","COMUNE_CENTR":"VOLPIANO","PROVINCIA_CENTR":"TO","INDIRIZZO_CENTRALE":"GIUSEPPE RAIMONDO 22","LATITUDINE_SEZIONE":"45.20252","LONGITUDINE_SEZIONE":"7.77694","POS_X_SEZIONE":"403944.29985","POS_Y_SEZIONE":"5006175.80755","LATITUDINE_CENTRALE":"45.20268","LONGITUDINE_CENTRALE":"7.77805","POS_X_CENTRALE":"404031.84896","POS_Y_CENTRALE":"5006192.62858","TIPO_ADSL":"ADSL_2P","DESCRIZIONE_TIPO_ADSL":"ADSL 2+ (24 mega)","DISTANZA_CALCOLATA":"89.15","CLASSE_DISTANZA":"0-99","POTENZA_SEGNALE":"19761.67","POPOLAZIONE_SEZIONE": "190"}
			},
		 		{ "type" : "Feature",
				"geometry" : {
					"type" : "Point",
					"coordinates" : [7.78648,45.19836]},
			"properties" : { "ANNO":"2010","ID_SEZIONE":"19153","ISTAT_COMUNE_SEZ":"1314","COMUNE_SEZ":"VOLPIANO","PROVINCIA":"TO","ID_CENTRALE":"1669","NOME_CENTRALE":"VOLPIANO","ISTAT_COMUNE_CENTR":"1314","COMUNE_CENTR":"VOLPIANO","PROVINCIA_CENTR":"TO","INDIRIZZO_CENTRALE":"GIUSEPPE RAIMONDO 22","LATITUDINE_SEZIONE":"45.19836","LONGITUDINE_SEZIONE":"7.78648","POS_X_SEZIONE":"404686.75413","POS_Y_SEZIONE":"5005702.81068","LATITUDINE_CENTRALE":"45.20268","LONGITUDINE_CENTRALE":"7.77805","POS_X_CENTRALE":"404031.84896","POS_Y_CENTRALE":"5006192.62858","TIPO_ADSL":"ADSL_2P","DESCRIZIONE_TIPO_ADSL":"ADSL 2+ (24 mega)","DISTANZA_CALCOLATA":"817.82","CLASSE_DISTANZA":"500-899","POTENZA_SEGNALE":"19523.33","POPOLAZIONE_SEZIONE": "413"}
			},
		 		{ "type" : "Feature",
				"geometry" : {
					"type" : "Point",
					"coordinates" : [7.76489,45.20177]},
			"properties" : { "ANNO":"2010","ID_SEZIONE":"20053","ISTAT_COMUNE_SEZ":"1314","COMUNE_SEZ":"VOLPIANO","PROVINCIA":"TO","ID_CENTRALE":"1669","NOME_CENTRALE":"VOLPIANO","ISTAT_COMUNE_CENTR":"1314","COMUNE_CENTR":"VOLPIANO","PROVINCIA_CENTR":"TO","INDIRIZZO_CENTRALE":"GIUSEPPE RAIMONDO 22","LATITUDINE_SEZIONE":"45.20177","LONGITUDINE_SEZIONE":"7.76489","POS_X_SEZIONE":"402996.82081","POS_Y_SEZIONE":"5006106.80070","LATITUDINE_CENTRALE":"45.20268","LONGITUDINE_CENTRALE":"7.77805","POS_X_CENTRALE":"404031.84896","POS_Y_CENTRALE":"5006192.62858","TIPO_ADSL":"ADSL_2P","DESCRIZIONE_TIPO_ADSL":"ADSL 2+ (24 mega)","DISTANZA_CALCOLATA":"1038.58","CLASSE_DISTANZA":"900-1299","POTENZA_SEGNALE":"17737.5","POPOLAZIONE_SEZIONE": "158"}
			},
		 		{ "type" : "Feature",
				"geometry" : {
					"type" : "Point",
					"coordinates" : [7.78921,45.19360]},
			"properties" : { "ANNO":"2010","ID_SEZIONE":"20265","ISTAT_COMUNE_SEZ":"1314","COMUNE_SEZ":"VOLPIANO","PROVINCIA":"TO","ID_CENTRALE":"1669","NOME_CENTRALE":"VOLPIANO","ISTAT_COMUNE_CENTR":"1314","COMUNE_CENTR":"VOLPIANO","PROVINCIA_CENTR":"TO","INDIRIZZO_CENTRALE":"GIUSEPPE RAIMONDO 22","LATITUDINE_SEZIONE":"45.19360","LONGITUDINE_SEZIONE":"7.78921","POS_X_SEZIONE":"404893.28264","POS_Y_SEZIONE":"5005170.30969","LATITUDINE_CENTRALE":"45.20268","LONGITUDINE_CENTRALE":"7.77805","POS_X_CENTRALE":"404031.84896","POS_Y_CENTRALE":"5006192.62858","TIPO_ADSL":"ADSL_2P","DESCRIZIONE_TIPO_ADSL":"ADSL 2+ (24 mega)","DISTANZA_CALCOLATA":"1336.86","CLASSE_DISTANZA":"1300-1699","POTENZA_SEGNALE":"16071.67","POPOLAZIONE_SEZIONE": "50"}
			},
		 		{ "type" : "Feature",
				"geometry" : {
					"type" : "Point",
					"coordinates" : [7.80995,45.19090]},
			"properties" : { "ANNO":"2010","ID_SEZIONE":"20266","ISTAT_COMUNE_SEZ":"1314","COMUNE_SEZ":"VOLPIANO","PROVINCIA":"TO","ID_CENTRALE":"1669","NOME_CENTRALE":"VOLPIANO","ISTAT_COMUNE_CENTR":"1314","COMUNE_CENTR":"VOLPIANO","PROVINCIA_CENTR":"TO","INDIRIZZO_CENTRALE":"GIUSEPPE RAIMONDO 22","LATITUDINE_SEZIONE":"45.19090","LONGITUDINE_SEZIONE":"7.80995","POS_X_SEZIONE":"406517.78133","POS_Y_SEZIONE":"5004845.81996","LATITUDINE_CENTRALE":"45.20268","LONGITUDINE_CENTRALE":"7.77805","POS_X_CENTRALE":"404031.84896","POS_Y_CENTRALE":"5006192.62858","TIPO_ADSL":"ADSL_2P","DESCRIZIONE_TIPO_ADSL":"ADSL 2+ (24 mega)","DISTANZA_CALCOLATA":"2827.32","CLASSE_DISTANZA":"2500-2899","POTENZA_SEGNALE":"7380.83","POPOLAZIONE_SEZIONE": "41"}
			},
		 		{ "type" : "Feature",
				"geometry" : {
					"type" : "Point",
					"coordinates" : [7.78777,45.20368]},
			"properties" : { "ANNO":"2010","ID_SEZIONE":"20615","ISTAT_COMUNE_SEZ":"1314","COMUNE_SEZ":"VOLPIANO","PROVINCIA":"TO","ID_CENTRALE":"1669","NOME_CENTRALE":"VOLPIANO","ISTAT_COMUNE_CENTR":"1314","COMUNE_CENTR":"VOLPIANO","PROVINCIA_CENTR":"TO","INDIRIZZO_CENTRALE":"GIUSEPPE RAIMONDO 22","LATITUDINE_SEZIONE":"45.20368","LONGITUDINE_SEZIONE":"7.78777","POS_X_SEZIONE":"404796.93806","POS_Y_SEZIONE":"5006291.31372","LATITUDINE_CENTRALE":"45.20268","LONGITUDINE_CENTRALE":"7.77805","POS_X_CENTRALE":"404031.84896","POS_Y_CENTRALE":"5006192.62858","TIPO_ADSL":"ADSL_2P","DESCRIZIONE_TIPO_ADSL":"ADSL 2+ (24 mega)","DISTANZA_CALCOLATA":"771.43","CLASSE_DISTANZA":"500-899","POTENZA_SEGNALE":"19523.33","POPOLAZIONE_SEZIONE": "317"}
			},
		 		{ "type" : "Feature",
				"geometry" : {
					"type" : "Point",
					"coordinates" : [7.76902,45.19978]},
			"properties" : { "ANNO":"2010","ID_SEZIONE":"20845","ISTAT_COMUNE_SEZ":"1314","COMUNE_SEZ":"VOLPIANO","PROVINCIA":"TO","ID_CENTRALE":"1669","NOME_CENTRALE":"VOLPIANO","ISTAT_COMUNE_CENTR":"1314","COMUNE_CENTR":"VOLPIANO","PROVINCIA_CENTR":"TO","INDIRIZZO_CENTRALE":"GIUSEPPE RAIMONDO 22","LATITUDINE_SEZIONE":"45.19978","LONGITUDINE_SEZIONE":"7.76902","POS_X_SEZIONE":"403317.75214","POS_Y_SEZIONE":"5005880.30163","LATITUDINE_CENTRALE":"45.20268","LONGITUDINE_CENTRALE":"7.77805","POS_X_CENTRALE":"404031.84896","POS_Y_CENTRALE":"5006192.62858","TIPO_ADSL":"ADSL_2P","DESCRIZIONE_TIPO_ADSL":"ADSL 2+ (24 mega)","DISTANZA_CALCOLATA":"779.41","CLASSE_DISTANZA":"500-899","POTENZA_SEGNALE":"19523.33","POPOLAZIONE_SEZIONE": "614"}
			},
		 		{ "type" : "Feature",
				"geometry" : {
					"type" : "Point",
					"coordinates" : [7.80290,45.19869]},
			"properties" : { "ANNO":"2010","ID_SEZIONE":"21164","ISTAT_COMUNE_SEZ":"1314","COMUNE_SEZ":"VOLPIANO","PROVINCIA":"TO","ID_CENTRALE":"1669","NOME_CENTRALE":"VOLPIANO","ISTAT_COMUNE_CENTR":"1314","COMUNE_CENTR":"VOLPIANO","PROVINCIA_CENTR":"TO","INDIRIZZO_CENTRALE":"GIUSEPPE RAIMONDO 22","LATITUDINE_SEZIONE":"45.19869","LONGITUDINE_SEZIONE":"7.80290","POS_X_SEZIONE":"405977.16411","POS_Y_SEZIONE":"5005719.31961","LATITUDINE_CENTRALE":"45.20268","LONGITUDINE_CENTRALE":"7.77805","POS_X_CENTRALE":"404031.84896","POS_Y_CENTRALE":"5006192.62858","TIPO_ADSL":"ADSL_2P","DESCRIZIONE_TIPO_ADSL":"ADSL 2+ (24 mega)","DISTANZA_CALCOLATA":"2002.07","CLASSE_DISTANZA":"1700-2099","POTENZA_SEGNALE":"12975.83","POPOLAZIONE_SEZIONE": "9"}
			},
		 		{ "type" : "Feature",
				"geometry" : {
					"type" : "Point",
					"coordinates" : [7.77701,45.19660]},
			"properties" : { "ANNO":"2010","ID_SEZIONE":"21165","ISTAT_COMUNE_SEZ":"1314","COMUNE_SEZ":"VOLPIANO","PROVINCIA":"TO","ID_CENTRALE":"1669","NOME_CENTRALE":"VOLPIANO","ISTAT_COMUNE_CENTR":"1314","COMUNE_CENTR":"VOLPIANO","PROVINCIA_CENTR":"TO","INDIRIZZO_CENTRALE":"GIUSEPPE RAIMONDO 22","LATITUDINE_SEZIONE":"45.19660","LONGITUDINE_SEZIONE":"7.77701","POS_X_SEZIONE":"403939.55208","POS_Y_SEZIONE":"5005518.30483","LATITUDINE_CENTRALE":"45.20268","LONGITUDINE_CENTRALE":"7.77805","POS_X_CENTRALE":"404031.84896","POS_Y_CENTRALE":"5006192.62858","TIPO_ADSL":"ADSL_2P","DESCRIZIONE_TIPO_ADSL":"ADSL 2+ (24 mega)","DISTANZA_CALCOLATA":"680.61","CLASSE_DISTANZA":"500-899","POTENZA_SEGNALE":"19523.33","POPOLAZIONE_SEZIONE": "666"}
			},
		 		{ "type" : "Feature",
				"geometry" : {
					"type" : "Point",
					"coordinates" : [7.78221,45.20787]},
			"properties" : { "ANNO":"2010","ID_SEZIONE":"22075","ISTAT_COMUNE_SEZ":"1314","COMUNE_SEZ":"VOLPIANO","PROVINCIA":"TO","ID_CENTRALE":"1669","NOME_CENTRALE":"VOLPIANO","ISTAT_COMUNE_CENTR":"1314","COMUNE_CENTR":"VOLPIANO","PROVINCIA_CENTR":"TO","INDIRIZZO_CENTRALE":"GIUSEPPE RAIMONDO 22","LATITUDINE_SEZIONE":"45.20787","LONGITUDINE_SEZIONE":"7.78221","POS_X_SEZIONE":"404367.47707","POS_Y_SEZIONE":"5006763.31270","LATITUDINE_CENTRALE":"45.20268","LONGITUDINE_CENTRALE":"7.77805","POS_X_CENTRALE":"404031.84896","POS_Y_CENTRALE":"5006192.62858","TIPO_ADSL":"ADSL_2P","DESCRIZIONE_TIPO_ADSL":"ADSL 2+ (24 mega)","DISTANZA_CALCOLATA":"662.06","CLASSE_DISTANZA":"500-899","POTENZA_SEGNALE":"19523.33","POPOLAZIONE_SEZIONE": "392"}
			},
		 		{ "type" : "Feature",
				"geometry" : {
					"type" : "Point",
					"coordinates" : [7.78232,45.19741]},
			"properties" : { "ANNO":"2010","ID_SEZIONE":"22285","ISTAT_COMUNE_SEZ":"1314","COMUNE_SEZ":"VOLPIANO","PROVINCIA":"TO","ID_CENTRALE":"1669","NOME_CENTRALE":"VOLPIANO","ISTAT_COMUNE_CENTR":"1314","COMUNE_CENTR":"VOLPIANO","PROVINCIA_CENTR":"TO","INDIRIZZO_CENTRALE":"GIUSEPPE RAIMONDO 22","LATITUDINE_SEZIONE":"45.19741","LONGITUDINE_SEZIONE":"7.78232","POS_X_SEZIONE":"404358.10542","POS_Y_SEZIONE":"5005601.80793","LATITUDINE_CENTRALE":"45.20268","LONGITUDINE_CENTRALE":"7.77805","POS_X_CENTRALE":"404031.84896","POS_Y_CENTRALE":"5006192.62858","TIPO_ADSL":"ADSL_2P","DESCRIZIONE_TIPO_ADSL":"ADSL 2+ (24 mega)","DISTANZA_CALCOLATA":"674.92","CLASSE_DISTANZA":"500-899","POTENZA_SEGNALE":"19523.33","POPOLAZIONE_SEZIONE": "380"}
			},
		 		{ "type" : "Feature",
				"geometry" : {
					"type" : "Point",
					"coordinates" : [7.77516,45.19186]},
			"properties" : { "ANNO":"2010","ID_SEZIONE":"22676","ISTAT_COMUNE_SEZ":"1314","COMUNE_SEZ":"VOLPIANO","PROVINCIA":"TO","ID_CENTRALE":"1669","NOME_CENTRALE":"VOLPIANO","ISTAT_COMUNE_CENTR":"1314","COMUNE_CENTR":"VOLPIANO","PROVINCIA_CENTR":"TO","INDIRIZZO_CENTRALE":"GIUSEPPE RAIMONDO 22","LATITUDINE_SEZIONE":"45.19186","LONGITUDINE_SEZIONE":"7.77516","POS_X_SEZIONE":"403786.21371","POS_Y_SEZIONE":"5004993.30105","LATITUDINE_CENTRALE":"45.20268","LONGITUDINE_CENTRALE":"7.77805","POS_X_CENTRALE":"404031.84896","POS_Y_CENTRALE":"5006192.62858","TIPO_ADSL":"ADSL_2P","DESCRIZIONE_TIPO_ADSL":"ADSL 2+ (24 mega)","DISTANZA_CALCOLATA":"1224.22","CLASSE_DISTANZA":"900-1299","POTENZA_SEGNALE":"17737.5","POPOLAZIONE_SEZIONE": "390"}
			},
		 		{ "type" : "Feature",
				"geometry" : {
					"type" : "Point",
					"coordinates" : [7.78595,45.18800]},
			"properties" : { "ANNO":"2010","ID_SEZIONE":"22677","ISTAT_COMUNE_SEZ":"1314","COMUNE_SEZ":"VOLPIANO","PROVINCIA":"TO","ID_CENTRALE":"1669","NOME_CENTRALE":"VOLPIANO","ISTAT_COMUNE_CENTR":"1314","COMUNE_CENTR":"VOLPIANO","PROVINCIA_CENTR":"TO","INDIRIZZO_CENTRALE":"GIUSEPPE RAIMONDO 22","LATITUDINE_SEZIONE":"45.18800","LONGITUDINE_SEZIONE":"7.78595","POS_X_SEZIONE":"404627.32219","POS_Y_SEZIONE":"5004551.80550","LATITUDINE_CENTRALE":"45.20268","LONGITUDINE_CENTRALE":"7.77805","POS_X_CENTRALE":"404031.84896","POS_Y_CENTRALE":"5006192.62858","TIPO_ADSL":"ADSL_2P","DESCRIZIONE_TIPO_ADSL":"ADSL 2+ (24 mega)","DISTANZA_CALCOLATA":"1745.53","CLASSE_DISTANZA":"1700-2099","POTENZA_SEGNALE":"12975.83","POPOLAZIONE_SEZIONE": "27"}
			},
		 		{ "type" : "Feature",
				"geometry" : {
					"type" : "Point",
					"coordinates" : [7.77668,45.18475]},
			"properties" : { "ANNO":"2010","ID_SEZIONE":"23063","ISTAT_COMUNE_SEZ":"1314","COMUNE_SEZ":"VOLPIANO","PROVINCIA":"TO","ID_CENTRALE":"1669","NOME_CENTRALE":"VOLPIANO","ISTAT_COMUNE_CENTR":"1314","COMUNE_CENTR":"VOLPIANO","PROVINCIA_CENTR":"TO","INDIRIZZO_CENTRALE":"GIUSEPPE RAIMONDO 22","LATITUDINE_SEZIONE":"45.18475","LONGITUDINE_SEZIONE":"7.77668","POS_X_SEZIONE":"403894.08853","POS_Y_SEZIONE":"5004201.79871","LATITUDINE_CENTRALE":"45.20268","LONGITUDINE_CENTRALE":"7.77805","POS_X_CENTRALE":"404031.84896","POS_Y_CENTRALE":"5006192.62858","TIPO_ADSL":"ADSL_2P","DESCRIZIONE_TIPO_ADSL":"ADSL 2+ (24 mega)","DISTANZA_CALCOLATA":"1995.59","CLASSE_DISTANZA":"1700-2099","POTENZA_SEGNALE":"12975.83","POPOLAZIONE_SEZIONE": "17"}
			},
		 		{ "type" : "Feature",
				"geometry" : {
					"type" : "Point",
					"coordinates" : [7.74596,45.20796]},
			"properties" : { "ANNO":"2010","ID_SEZIONE":"24138","ISTAT_COMUNE_SEZ":"1314","COMUNE_SEZ":"VOLPIANO","PROVINCIA":"TO","ID_CENTRALE":"1669","NOME_CENTRALE":"VOLPIANO","ISTAT_COMUNE_CENTR":"1314","COMUNE_CENTR":"VOLPIANO","PROVINCIA_CENTR":"TO","INDIRIZZO_CENTRALE":"GIUSEPPE RAIMONDO 22","LATITUDINE_SEZIONE":"45.20796","LONGITUDINE_SEZIONE":"7.74596","POS_X_SEZIONE":"401520.69665","POS_Y_SEZIONE":"5006817.29388","LATITUDINE_CENTRALE":"45.20268","LONGITUDINE_CENTRALE":"7.77805","POS_X_CENTRALE":"404031.84896","POS_Y_CENTRALE":"5006192.62858","TIPO_ADSL":"ADSL_2P","DESCRIZIONE_TIPO_ADSL":"ADSL 2+ (24 mega)","DISTANZA_CALCOLATA":"2587.68","CLASSE_DISTANZA":"2500-2899","POTENZA_SEGNALE":"7380.83","POPOLAZIONE_SEZIONE": "40"}
			},
		 		{ "type" : "Feature",
				"geometry" : {
					"type" : "Point",
					"coordinates" : [7.78628,45.20158]},
			"properties" : { "ANNO":"2010","ID_SEZIONE":"24966","ISTAT_COMUNE_SEZ":"1314","COMUNE_SEZ":"VOLPIANO","PROVINCIA":"TO","ID_CENTRALE":"1669","NOME_CENTRALE":"VOLPIANO","ISTAT_COMUNE_CENTR":"1314","COMUNE_CENTR":"VOLPIANO","PROVINCIA_CENTR":"TO","INDIRIZZO_CENTRALE":"GIUSEPPE RAIMONDO 22","LATITUDINE_SEZIONE":"45.20158","LONGITUDINE_SEZIONE":"7.78628","POS_X_SEZIONE":"404676.50337","POS_Y_SEZIONE":"5006060.31212","LATITUDINE_CENTRALE":"45.20268","LONGITUDINE_CENTRALE":"7.77805","POS_X_CENTRALE":"404031.84896","POS_Y_CENTRALE":"5006192.62858","TIPO_ADSL":"ADSL_2P","DESCRIZIONE_TIPO_ADSL":"ADSL 2+ (24 mega)","DISTANZA_CALCOLATA":"658.09","CLASSE_DISTANZA":"500-899","POTENZA_SEGNALE":"19523.33","POPOLAZIONE_SEZIONE": "695"}
			},
		 		{ "type" : "Feature",
				"geometry" : {
					"type" : "Point",
					"coordinates" : [7.77867,45.18837]},
			"properties" : { "ANNO":"2010","ID_SEZIONE":"27428","ISTAT_COMUNE_SEZ":"1314","COMUNE_SEZ":"VOLPIANO","PROVINCIA":"TO","ID_CENTRALE":"1669","NOME_CENTRALE":"VOLPIANO","ISTAT_COMUNE_CENTR":"1314","COMUNE_CENTR":"VOLPIANO","PROVINCIA_CENTR":"TO","INDIRIZZO_CENTRALE":"GIUSEPPE RAIMONDO 22","LATITUDINE_SEZIONE":"45.18837","LONGITUDINE_SEZIONE":"7.77867","POS_X_SEZIONE":"404056.45909","POS_Y_SEZIONE":"5004601.30156","LATITUDINE_CENTRALE":"45.20268","LONGITUDINE_CENTRALE":"7.77805","POS_X_CENTRALE":"404031.84896","POS_Y_CENTRALE":"5006192.62858","TIPO_ADSL":"ADSL_2P","DESCRIZIONE_TIPO_ADSL":"ADSL 2+ (24 mega)","DISTANZA_CALCOLATA":"1591.52","CLASSE_DISTANZA":"1300-1699","POTENZA_SEGNALE":"16071.67","POPOLAZIONE_SEZIONE": "30"}
			},
		 		{ "type" : "Feature",
				"geometry" : {
					"type" : "Point",
					"coordinates" : [7.77026,45.18002]},
			"properties" : { "ANNO":"2010","ID_SEZIONE":"27691","ISTAT_COMUNE_SEZ":"1314","COMUNE_SEZ":"VOLPIANO","PROVINCIA":"TO","ID_CENTRALE":"1669","NOME_CENTRALE":"VOLPIANO","ISTAT_COMUNE_CENTR":"1314","COMUNE_CENTR":"VOLPIANO","PROVINCIA_CENTR":"TO","INDIRIZZO_CENTRALE":"GIUSEPPE RAIMONDO 22","LATITUDINE_SEZIONE":"45.18002","LONGITUDINE_SEZIONE":"7.77026","POS_X_SEZIONE":"403381.66203","POS_Y_SEZIONE":"5003683.79295","LATITUDINE_CENTRALE":"45.20268","LONGITUDINE_CENTRALE":"7.77805","POS_X_CENTRALE":"404031.84896","POS_Y_CENTRALE":"5006192.62858","TIPO_ADSL":"ADSL_2P","DESCRIZIONE_TIPO_ADSL":"ADSL 2+ (24 mega)","DISTANZA_CALCOLATA":"2591.72","CLASSE_DISTANZA":"2500-2899","POTENZA_SEGNALE":"7380.83","POPOLAZIONE_SEZIONE": ""}
			},
		 		{ "type" : "Feature",
				"geometry" : {
					"type" : "Point",
					"coordinates" : [7.75087,45.19192]},
			"properties" : { "ANNO":"2010","ID_SEZIONE":"28138","ISTAT_COMUNE_SEZ":"1314","COMUNE_SEZ":"VOLPIANO","PROVINCIA":"TO","ID_CENTRALE":"1669","NOME_CENTRALE":"VOLPIANO","ISTAT_COMUNE_CENTR":"1314","COMUNE_CENTR":"VOLPIANO","PROVINCIA_CENTR":"TO","INDIRIZZO_CENTRALE":"GIUSEPPE RAIMONDO 22","LATITUDINE_SEZIONE":"45.19192","LONGITUDINE_SEZIONE":"7.75087","POS_X_SEZIONE":"401878.34657","POS_Y_SEZIONE":"5005029.78770","LATITUDINE_CENTRALE":"45.20268","LONGITUDINE_CENTRALE":"7.77805","POS_X_CENTRALE":"404031.84896","POS_Y_CENTRALE":"5006192.62858","TIPO_ADSL":"ADSL_2P","DESCRIZIONE_TIPO_ADSL":"ADSL 2+ (24 mega)","DISTANZA_CALCOLATA":"2447.4","CLASSE_DISTANZA":"2100-2499","POTENZA_SEGNALE":"10000","POPOLAZIONE_SEZIONE": "5"}
			},
		 		{ "type" : "Feature",
				"geometry" : {
					"type" : "Point",
					"coordinates" : [7.77257,45.20573]},
			"properties" : { "ANNO":"2010","ID_SEZIONE":"28585","ISTAT_COMUNE_SEZ":"1314","COMUNE_SEZ":"VOLPIANO","PROVINCIA":"TO","ID_CENTRALE":"1669","NOME_CENTRALE":"VOLPIANO","ISTAT_COMUNE_CENTR":"1314","COMUNE_CENTR":"VOLPIANO","PROVINCIA_CENTR":"TO","INDIRIZZO_CENTRALE":"GIUSEPPE RAIMONDO 22","LATITUDINE_SEZIONE":"45.20573","LONGITUDINE_SEZIONE":"7.77257","POS_X_SEZIONE":"403606.55649","POS_Y_SEZIONE":"5006537.80639","LATITUDINE_CENTRALE":"45.20268","LONGITUDINE_CENTRALE":"7.77805","POS_X_CENTRALE":"404031.84896","POS_Y_CENTRALE":"5006192.62858","TIPO_ADSL":"ADSL_2P","DESCRIZIONE_TIPO_ADSL":"ADSL 2+ (24 mega)","DISTANZA_CALCOLATA":"547.74","CLASSE_DISTANZA":"500-899","POTENZA_SEGNALE":"19523.33","POPOLAZIONE_SEZIONE": "531"}
			},
		 		{ "type" : "Feature",
				"geometry" : {
					"type" : "Point",
					"coordinates" : [7.76355,45.19495]},
			"properties" : { "ANNO":"2010","ID_SEZIONE":"28985","ISTAT_COMUNE_SEZ":"1314","COMUNE_SEZ":"VOLPIANO","PROVINCIA":"TO","ID_CENTRALE":"1669","NOME_CENTRALE":"VOLPIANO","ISTAT_COMUNE_CENTR":"1314","COMUNE_CENTR":"VOLPIANO","PROVINCIA_CENTR":"TO","INDIRIZZO_CENTRALE":"GIUSEPPE RAIMONDO 22","LATITUDINE_SEZIONE":"45.19495","LONGITUDINE_SEZIONE":"7.76355","POS_X_SEZIONE":"402879.48168","POS_Y_SEZIONE":"5005350.79635","LATITUDINE_CENTRALE":"45.20268","LONGITUDINE_CENTRALE":"7.77805","POS_X_CENTRALE":"404031.84896","POS_Y_CENTRALE":"5006192.62858","TIPO_ADSL":"ADSL_2P","DESCRIZIONE_TIPO_ADSL":"ADSL 2+ (24 mega)","DISTANZA_CALCOLATA":"1427.11","CLASSE_DISTANZA":"1300-1699","POTENZA_SEGNALE":"16071.67","POPOLAZIONE_SEZIONE": "450"}
			},
		 		{ "type" : "Feature",
				"geometry" : {
					"type" : "Point",
					"coordinates" : [7.77602,45.20132]},
			"properties" : { "ANNO":"2010","ID_SEZIONE":"29779","ISTAT_COMUNE_SEZ":"1314","COMUNE_SEZ":"VOLPIANO","PROVINCIA":"TO","ID_CENTRALE":"1669","NOME_CENTRALE":"VOLPIANO","ISTAT_COMUNE_CENTR":"1314","COMUNE_CENTR":"VOLPIANO","PROVINCIA_CENTR":"TO","INDIRIZZO_CENTRALE":"GIUSEPPE RAIMONDO 22","LATITUDINE_SEZIONE":"45.20132","LONGITUDINE_SEZIONE":"7.77602","POS_X_SEZIONE":"403870.08392","POS_Y_SEZIONE":"5006043.30655","LATITUDINE_CENTRALE":"45.20268","LONGITUDINE_CENTRALE":"7.77805","POS_X_CENTRALE":"404031.84896","POS_Y_CENTRALE":"5006192.62858","TIPO_ADSL":"ADSL_2P","DESCRIZIONE_TIPO_ADSL":"ADSL 2+ (24 mega)","DISTANZA_CALCOLATA":"220.15","CLASSE_DISTANZA":"100-499","POTENZA_SEGNALE":"19761.67","POPOLAZIONE_SEZIONE": "68"}
			},
		 		{ "type" : "Feature",
				"geometry" : {
					"type" : "Point",
					"coordinates" : [7.78698,45.19560]},
			"properties" : { "ANNO":"2010","ID_SEZIONE":"30651","ISTAT_COMUNE_SEZ":"1314","COMUNE_SEZ":"VOLPIANO","PROVINCIA":"TO","ID_CENTRALE":"1669","NOME_CENTRALE":"VOLPIANO","ISTAT_COMUNE_CENTR":"1314","COMUNE_CENTR":"VOLPIANO","PROVINCIA_CENTR":"TO","INDIRIZZO_CENTRALE":"GIUSEPPE RAIMONDO 22","LATITUDINE_SEZIONE":"45.19560","LONGITUDINE_SEZIONE":"7.78698","POS_X_SEZIONE":"404721.09857","POS_Y_SEZIONE":"5005394.80940","LATITUDINE_CENTRALE":"45.20268","LONGITUDINE_CENTRALE":"7.77805","POS_X_CENTRALE":"404031.84896","POS_Y_CENTRALE":"5006192.62858","TIPO_ADSL":"ADSL_2P","DESCRIZIONE_TIPO_ADSL":"ADSL 2+ (24 mega)","DISTANZA_CALCOLATA":"1054.32","CLASSE_DISTANZA":"900-1299","POTENZA_SEGNALE":"17737.5","POPOLAZIONE_SEZIONE": "507"}
			},
		 		{ "type" : "Feature",
				"geometry" : {
					"type" : "Point",
					"coordinates" : [7.77579,45.20469]},
			"properties" : { "ANNO":"2010","ID_SEZIONE":"31010","ISTAT_COMUNE_SEZ":"1314","COMUNE_SEZ":"VOLPIANO","PROVINCIA":"TO","ID_CENTRALE":"1669","NOME_CENTRALE":"VOLPIANO","ISTAT_COMUNE_CENTR":"1314","COMUNE_CENTR":"VOLPIANO","PROVINCIA_CENTR":"TO","INDIRIZZO_CENTRALE":"GIUSEPPE RAIMONDO 22","LATITUDINE_SEZIONE":"45.20469","LONGITUDINE_SEZIONE":"7.77579","POS_X_SEZIONE":"403857.80104","POS_Y_SEZIONE":"5006417.80793","LATITUDINE_CENTRALE":"45.20268","LONGITUDINE_CENTRALE":"7.77805","POS_X_CENTRALE":"404031.84896","POS_Y_CENTRALE":"5006192.62858","TIPO_ADSL":"ADSL_2P","DESCRIZIONE_TIPO_ADSL":"ADSL 2+ (24 mega)","DISTANZA_CALCOLATA":"284.60","CLASSE_DISTANZA":"100-499","POTENZA_SEGNALE":"19761.67","POPOLAZIONE_SEZIONE": "8"}
			},
		 		{ "type" : "Feature",
				"geometry" : {
					"type" : "Point",
					"coordinates" : [7.76628,45.17595]},
			"properties" : { "ANNO":"2010","ID_SEZIONE":"31059","ISTAT_COMUNE_SEZ":"1314","COMUNE_SEZ":"VOLPIANO","PROVINCIA":"TO","ID_CENTRALE":"1669","NOME_CENTRALE":"VOLPIANO","ISTAT_COMUNE_CENTR":"1314","COMUNE_CENTR":"VOLPIANO","PROVINCIA_CENTR":"TO","INDIRIZZO_CENTRALE":"GIUSEPPE RAIMONDO 22","LATITUDINE_SEZIONE":"45.17595","LONGITUDINE_SEZIONE":"7.76628","POS_X_SEZIONE":"403061.98254","POS_Y_SEZIONE":"5003236.78828","LATITUDINE_CENTRALE":"45.20268","LONGITUDINE_CENTRALE":"7.77805","POS_X_CENTRALE":"404031.84896","POS_Y_CENTRALE":"5006192.62858","TIPO_ADSL":"ADSL_2P","DESCRIZIONE_TIPO_ADSL":"ADSL 2+ (24 mega)","DISTANZA_CALCOLATA":"3110.89","CLASSE_DISTANZA":"2900-3299","POTENZA_SEGNALE":"5238.33","POPOLAZIONE_SEZIONE": "4"}
			},
		 		{ "type" : "Feature",
				"geometry" : {
					"type" : "Point",
					"coordinates" : [7.76784,45.21241]},
			"properties" : { "ANNO":"2010","ID_SEZIONE":"31216","ISTAT_COMUNE_SEZ":"1314","COMUNE_SEZ":"VOLPIANO","PROVINCIA":"TO","ID_CENTRALE":"1669","NOME_CENTRALE":"VOLPIANO","ISTAT_COMUNE_CENTR":"1314","COMUNE_CENTR":"VOLPIANO","PROVINCIA_CENTR":"TO","INDIRIZZO_CENTRALE":"GIUSEPPE RAIMONDO 22","LATITUDINE_SEZIONE":"45.21241","LONGITUDINE_SEZIONE":"7.76784","POS_X_SEZIONE":"403246.75105","POS_Y_SEZIONE":"5007284.80723","LATITUDINE_CENTRALE":"45.20268","LONGITUDINE_CENTRALE":"7.77805","POS_X_CENTRALE":"404031.84896","POS_Y_CENTRALE":"5006192.62858","TIPO_ADSL":"ADSL_2P","DESCRIZIONE_TIPO_ADSL":"ADSL 2+ (24 mega)","DISTANZA_CALCOLATA":"1345.08","CLASSE_DISTANZA":"1300-1699","POTENZA_SEGNALE":"16071.67","POPOLAZIONE_SEZIONE": "47"}
			},
		 		{ "type" : "Feature",
				"geometry" : {
					"type" : "Point",
					"coordinates" : [7.79246,45.19174]},
			"properties" : { "ANNO":"2010","ID_SEZIONE":"31827","ISTAT_COMUNE_SEZ":"1314","COMUNE_SEZ":"VOLPIANO","PROVINCIA":"TO","ID_CENTRALE":"1669","NOME_CENTRALE":"VOLPIANO","ISTAT_COMUNE_CENTR":"1314","COMUNE_CENTR":"VOLPIANO","PROVINCIA_CENTR":"TO","INDIRIZZO_CENTRALE":"GIUSEPPE RAIMONDO 22","LATITUDINE_SEZIONE":"45.19174","LONGITUDINE_SEZIONE":"7.79246","POS_X_SEZIONE":"405144.93473","POS_Y_SEZIONE":"5004959.31090","LATITUDINE_CENTRALE":"45.20268","LONGITUDINE_CENTRALE":"7.77805","POS_X_CENTRALE":"404031.84896","POS_Y_CENTRALE":"5006192.62858","TIPO_ADSL":"ADSL_2P","DESCRIZIONE_TIPO_ADSL":"ADSL 2+ (24 mega)","DISTANZA_CALCOLATA":"1661.33","CLASSE_DISTANZA":"1300-1699","POTENZA_SEGNALE":"16071.67","POPOLAZIONE_SEZIONE": "34"}
			},
		 		{ "type" : "Feature",
				"geometry" : {
					"type" : "Point",
					"coordinates" : [7.77340,45.19994]},
			"properties" : { "ANNO":"2010","ID_SEZIONE":"32284","ISTAT_COMUNE_SEZ":"1314","COMUNE_SEZ":"VOLPIANO","PROVINCIA":"TO","ID_CENTRALE":"1669","NOME_CENTRALE":"VOLPIANO","ISTAT_COMUNE_CENTR":"1314","COMUNE_CENTR":"VOLPIANO","PROVINCIA_CENTR":"TO","INDIRIZZO_CENTRALE":"GIUSEPPE RAIMONDO 22","LATITUDINE_SEZIONE":"45.19994","LONGITUDINE_SEZIONE":"7.77340","POS_X_SEZIONE":"403661.90062","POS_Y_SEZIONE":"5005893.80409","LATITUDINE_CENTRALE":"45.20268","LONGITUDINE_CENTRALE":"7.77805","POS_X_CENTRALE":"404031.84896","POS_Y_CENTRALE":"5006192.62858","TIPO_ADSL":"ADSL_2P","DESCRIZIONE_TIPO_ADSL":"ADSL 2+ (24 mega)","DISTANZA_CALCOLATA":"475.56","CLASSE_DISTANZA":"100-499","POTENZA_SEGNALE":"19761.67","POPOLAZIONE_SEZIONE": "108"}
			},
		 		{ "type" : "Feature",
				"geometry" : {
					"type" : "Point",
					"coordinates" : [7.80858,45.18381]},
			"properties" : { "ANNO":"2010","ID_SEZIONE":"32285","ISTAT_COMUNE_SEZ":"1314","COMUNE_SEZ":"VOLPIANO","PROVINCIA":"TO","ID_CENTRALE":"1669","NOME_CENTRALE":"VOLPIANO","ISTAT_COMUNE_CENTR":"1314","COMUNE_CENTR":"VOLPIANO","PROVINCIA_CENTR":"TO","INDIRIZZO_CENTRALE":"GIUSEPPE RAIMONDO 22","LATITUDINE_SEZIONE":"45.18381","LONGITUDINE_SEZIONE":"7.80858","POS_X_SEZIONE":"406398.75566","POS_Y_SEZIONE":"5004059.81599","LATITUDINE_CENTRALE":"45.20268","LONGITUDINE_CENTRALE":"7.77805","POS_X_CENTRALE":"404031.84896","POS_Y_CENTRALE":"5006192.62858","TIPO_ADSL":"ADSL_2P","DESCRIZIONE_TIPO_ADSL":"ADSL 2+ (24 mega)","DISTANZA_CALCOLATA":"3186.08","CLASSE_DISTANZA":"2900-3299","POTENZA_SEGNALE":"5238.33","POPOLAZIONE_SEZIONE": "38"}
			},
		 		{ "type" : "Feature",
				"geometry" : {
					"type" : "Point",
					"coordinates" : [7.78144,45.20280]},
			"properties" : { "ANNO":"2010","ID_SEZIONE":"32498","ISTAT_COMUNE_SEZ":"1314","COMUNE_SEZ":"VOLPIANO","PROVINCIA":"TO","ID_CENTRALE":"1669","NOME_CENTRALE":"VOLPIANO","ISTAT_COMUNE_CENTR":"1314","COMUNE_CENTR":"VOLPIANO","PROVINCIA_CENTR":"TO","INDIRIZZO_CENTRALE":"GIUSEPPE RAIMONDO 22","LATITUDINE_SEZIONE":"45.20280","LONGITUDINE_SEZIONE":"7.78144","POS_X_SEZIONE":"404298.04219","POS_Y_SEZIONE":"5006201.30975","LATITUDINE_CENTRALE":"45.20268","LONGITUDINE_CENTRALE":"7.77805","POS_X_CENTRALE":"404031.84896","POS_Y_CENTRALE":"5006192.62858","TIPO_ADSL":"ADSL_2P","DESCRIZIONE_TIPO_ADSL":"ADSL 2+ (24 mega)","DISTANZA_CALCOLATA":"266.33","CLASSE_DISTANZA":"100-499","POTENZA_SEGNALE":"19761.67","POPOLAZIONE_SEZIONE": "339"}
			},
		 		{ "type" : "Feature",
				"geometry" : {
					"type" : "Point",
					"coordinates" : [7.77357,45.20216]},
			"properties" : { "ANNO":"2010","ID_SEZIONE":"32744","ISTAT_COMUNE_SEZ":"1314","COMUNE_SEZ":"VOLPIANO","PROVINCIA":"TO","ID_CENTRALE":"1669","NOME_CENTRALE":"VOLPIANO","ISTAT_COMUNE_CENTR":"1314","COMUNE_CENTR":"VOLPIANO","PROVINCIA_CENTR":"TO","INDIRIZZO_CENTRALE":"GIUSEPPE RAIMONDO 22","LATITUDINE_SEZIONE":"45.20216","LONGITUDINE_SEZIONE":"7.77357","POS_X_SEZIONE":"403679.14990","POS_Y_SEZIONE":"5006139.30553","LATITUDINE_CENTRALE":"45.20268","LONGITUDINE_CENTRALE":"7.77805","POS_X_CENTRALE":"404031.84896","POS_Y_CENTRALE":"5006192.62858","TIPO_ADSL":"ADSL_2P","DESCRIZIONE_TIPO_ADSL":"ADSL 2+ (24 mega)","DISTANZA_CALCOLATA":"356.71","CLASSE_DISTANZA":"100-499","POTENZA_SEGNALE":"19761.67","POPOLAZIONE_SEZIONE": "519"}
			}
		 		]
	}
		