 	{ "type" : "FeatureCollection",
		"features" : [
		 		{ "type" : "Feature",
				"geometry" : {
					"type" : "Point",
					"coordinates" : [8.50315,45.56273]},
			"properties" : { "ANNO":"2010","ID_SEZIONE":"9080","ISTAT_COMUNE_SEZ":"3012","COMUNE_SEZ":"BARENGO","PROVINCIA":"NO","ID_CENTRALE":"123","NOME_CENTRALE":"BARENGO","ISTAT_COMUNE_CENTR":"3012","COMUNE_CENTR":"BARENGO","PROVINCIA_CENTR":"NO","INDIRIZZO_CENTRALE":"S.MARIA","LATITUDINE_SEZIONE":"45.56273","LONGITUDINE_SEZIONE":"8.50315","POS_X_SEZIONE":"461226.08320","POS_Y_SEZIONE":"5045585.16848","LATITUDINE_CENTRALE":"45.57544","LONGITUDINE_CENTRALE":"8.51481","POS_X_CENTRALE":"462144.16665","POS_Y_CENTRALE":"5046992.53088","TIPO_ADSL":"ADSL_M","DESCRIZIONE_TIPO_ADSL":"ADSL Mini","DISTANZA_CALCOLATA":"1680.34","CLASSE_DISTANZA":"1300-1699","POTENZA_SEGNALE":"0.64","POPOLAZIONE_SEZIONE": "26"}
			},
		 		{ "type" : "Feature",
				"geometry" : {
					"type" : "Point",
					"coordinates" : [8.52272,45.55981]},
			"properties" : { "ANNO":"2010","ID_SEZIONE":"16727","ISTAT_COMUNE_SEZ":"3012","COMUNE_SEZ":"BARENGO","PROVINCIA":"NO","ID_CENTRALE":"123","NOME_CENTRALE":"BARENGO","ISTAT_COMUNE_CENTR":"3012","COMUNE_CENTR":"BARENGO","PROVINCIA_CENTR":"NO","INDIRIZZO_CENTRALE":"S.MARIA","LATITUDINE_SEZIONE":"45.55981","LONGITUDINE_SEZIONE":"8.52272","POS_X_SEZIONE":"462750.89396","POS_Y_SEZIONE":"5045251.67574","LATITUDINE_CENTRALE":"45.57544","LONGITUDINE_CENTRALE":"8.51481","POS_X_CENTRALE":"462144.16665","POS_Y_CENTRALE":"5046992.53088","TIPO_ADSL":"ADSL_M","DESCRIZIONE_TIPO_ADSL":"ADSL Mini","DISTANZA_CALCOLATA":"1843.55","CLASSE_DISTANZA":"1700-2099","POTENZA_SEGNALE":"0.64","POPOLAZIONE_SEZIONE": "30"}
			},
		 		{ "type" : "Feature",
				"geometry" : {
					"type" : "Point",
					"coordinates" : [8.51450,45.57440]},
			"properties" : { "ANNO":"2010","ID_SEZIONE":"22004","ISTAT_COMUNE_SEZ":"3012","COMUNE_SEZ":"BARENGO","PROVINCIA":"NO","ID_CENTRALE":"123","NOME_CENTRALE":"BARENGO","ISTAT_COMUNE_CENTR":"3012","COMUNE_CENTR":"BARENGO","PROVINCIA_CENTR":"NO","INDIRIZZO_CENTRALE":"S.MARIA","LATITUDINE_SEZIONE":"45.57440","LONGITUDINE_SEZIONE":"8.51450","POS_X_SEZIONE":"462119.12538","POS_Y_SEZIONE":"5046876.65110","LATITUDINE_CENTRALE":"45.57544","LONGITUDINE_CENTRALE":"8.51481","POS_X_CENTRALE":"462144.16665","POS_Y_CENTRALE":"5046992.53088","TIPO_ADSL":"ADSL_M","DESCRIZIONE_TIPO_ADSL":"ADSL Mini","DISTANZA_CALCOLATA":"118.55","CLASSE_DISTANZA":"100-499","POTENZA_SEGNALE":"0.64","POPOLAZIONE_SEZIONE": "807"}
			},
		 		{ "type" : "Feature",
				"geometry" : {
					"type" : "Point",
					"coordinates" : [8.49541,45.57123]},
			"properties" : { "ANNO":"2010","ID_SEZIONE":"22605","ISTAT_COMUNE_SEZ":"3012","COMUNE_SEZ":"BARENGO","PROVINCIA":"NO","ID_CENTRALE":"123","NOME_CENTRALE":"BARENGO","ISTAT_COMUNE_CENTR":"3012","COMUNE_CENTR":"BARENGO","PROVINCIA_CENTR":"NO","INDIRIZZO_CENTRALE":"S.MARIA","LATITUDINE_SEZIONE":"45.57123","LONGITUDINE_SEZIONE":"8.49541","POS_X_SEZIONE":"460627.56595","POS_Y_SEZIONE":"5046533.65411","LATITUDINE_CENTRALE":"45.57544","LONGITUDINE_CENTRALE":"8.51481","POS_X_CENTRALE":"462144.16665","POS_Y_CENTRALE":"5046992.53088","TIPO_ADSL":"ADSL_M","DESCRIZIONE_TIPO_ADSL":"ADSL Mini","DISTANZA_CALCOLATA":"1584.5","CLASSE_DISTANZA":"1300-1699","POTENZA_SEGNALE":"0.64","POPOLAZIONE_SEZIONE": "79"}
			}
		 		]
	}
		