 	{ "type" : "FeatureCollection",
		"features" : [
		 		{ "type" : "Feature",
				"geometry" : {
					"type" : "Point",
					"coordinates" : [8.12345,45.83321]},
			"properties" : { "ANNO":"2010","ID_SEZIONE":"356","ISTAT_COMUNE_SEZ":"2121","COMUNE_SEZ":"ROSSA","PROVINCIA":"VC","ID_CENTRALE":"166","NOME_CENTRALE":"BOCCIOLETO","ISTAT_COMUNE_CENTR":"2014","COMUNE_CENTR":"BOCCIOLETO","PROVINCIA_CENTR":"VC","INDIRIZZO_CENTRALE":"CORTALIVO 6","LATITUDINE_SEZIONE":"45.83321","LONGITUDINE_SEZIONE":"8.12345","POS_X_SEZIONE":"431923.09182","POS_Y_SEZIONE":"5075890.10649","LATITUDINE_CENTRALE":"45.83043","LONGITUDINE_CENTRALE":"8.11280","POS_X_CENTRALE":"431092.34404","POS_Y_CENTRALE":"5075590.40390","TIPO_ADSL":"ADSL_M","DESCRIZIONE_TIPO_ADSL":"ADSL Mini","DISTANZA_CALCOLATA":"883.16","CLASSE_DISTANZA":"500-899","POTENZA_SEGNALE":"0.64","POPOLAZIONE_SEZIONE": "117"}
			},
		 		{ "type" : "Feature",
				"geometry" : {
					"type" : "Point",
					"coordinates" : [8.05513,45.82451]},
			"properties" : { "ANNO":"2010","ID_SEZIONE":"1565","ISTAT_COMUNE_SEZ":"2014","COMUNE_SEZ":"BOCCIOLETO","PROVINCIA":"VC","ID_CENTRALE":"166","NOME_CENTRALE":"BOCCIOLETO","ISTAT_COMUNE_CENTR":"2014","COMUNE_CENTR":"BOCCIOLETO","PROVINCIA_CENTR":"VC","INDIRIZZO_CENTRALE":"CORTALIVO 6","LATITUDINE_SEZIONE":"45.82451","LONGITUDINE_SEZIONE":"8.05513","POS_X_SEZIONE":"426605.98103","POS_Y_SEZIONE":"5074984.05747","LATITUDINE_CENTRALE":"45.83043","LONGITUDINE_CENTRALE":"8.11280","POS_X_CENTRALE":"431092.34404","POS_Y_CENTRALE":"5075590.40390","TIPO_ADSL":"ADSL_M","DESCRIZIONE_TIPO_ADSL":"ADSL Mini","DISTANZA_CALCOLATA":"4527.15","CLASSE_DISTANZA":"4500-4899","POTENZA_SEGNALE":"0.00","POPOLAZIONE_SEZIONE": ""}
			},
		 		{ "type" : "Feature",
				"geometry" : {
					"type" : "Point",
					"coordinates" : [8.09772,45.86176]},
			"properties" : { "ANNO":"2010","ID_SEZIONE":"1635","ISTAT_COMUNE_SEZ":"2014","COMUNE_SEZ":"BOCCIOLETO","PROVINCIA":"VC","ID_CENTRALE":"166","NOME_CENTRALE":"BOCCIOLETO","ISTAT_COMUNE_CENTR":"2014","COMUNE_CENTR":"BOCCIOLETO","PROVINCIA_CENTR":"VC","INDIRIZZO_CENTRALE":"CORTALIVO 6","LATITUDINE_SEZIONE":"45.86176","LONGITUDINE_SEZIONE":"8.09772","POS_X_SEZIONE":"429960.71204","POS_Y_SEZIONE":"5079083.52422","LATITUDINE_CENTRALE":"45.83043","LONGITUDINE_CENTRALE":"8.11280","POS_X_CENTRALE":"431092.34404","POS_Y_CENTRALE":"5075590.40390","TIPO_ADSL":"ADSL_M","DESCRIZIONE_TIPO_ADSL":"ADSL Mini","DISTANZA_CALCOLATA":"3671.85","CLASSE_DISTANZA":"3300-3699","POTENZA_SEGNALE":"0.64","POPOLAZIONE_SEZIONE": "1"}
			},
		 		{ "type" : "Feature",
				"geometry" : {
					"type" : "Point",
					"coordinates" : [8.13232,45.83215]},
			"properties" : { "ANNO":"2010","ID_SEZIONE":"2717","ISTAT_COMUNE_SEZ":"2121","COMUNE_SEZ":"ROSSA","PROVINCIA":"VC","ID_CENTRALE":"166","NOME_CENTRALE":"BOCCIOLETO","ISTAT_COMUNE_CENTR":"2014","COMUNE_CENTR":"BOCCIOLETO","PROVINCIA_CENTR":"VC","INDIRIZZO_CENTRALE":"CORTALIVO 6","LATITUDINE_SEZIONE":"45.83215","LONGITUDINE_SEZIONE":"8.13232","POS_X_SEZIONE":"432610.45540","POS_Y_SEZIONE":"5075764.61785","LATITUDINE_CENTRALE":"45.83043","LONGITUDINE_CENTRALE":"8.11280","POS_X_CENTRALE":"431092.34404","POS_Y_CENTRALE":"5075590.40390","TIPO_ADSL":"ADSL_M","DESCRIZIONE_TIPO_ADSL":"ADSL Mini","DISTANZA_CALCOLATA":"1528.07","CLASSE_DISTANZA":"1300-1699","POTENZA_SEGNALE":"0.64","POPOLAZIONE_SEZIONE": "12"}
			},
		 		{ "type" : "Feature",
				"geometry" : {
					"type" : "Point",
					"coordinates" : [8.10792,45.82083]},
			"properties" : { "ANNO":"2010","ID_SEZIONE":"5438","ISTAT_COMUNE_SEZ":"2014","COMUNE_SEZ":"BOCCIOLETO","PROVINCIA":"VC","ID_CENTRALE":"166","NOME_CENTRALE":"BOCCIOLETO","ISTAT_COMUNE_CENTR":"2014","COMUNE_CENTR":"BOCCIOLETO","PROVINCIA_CENTR":"VC","INDIRIZZO_CENTRALE":"CORTALIVO 6","LATITUDINE_SEZIONE":"45.82083","LONGITUDINE_SEZIONE":"8.10792","POS_X_SEZIONE":"430701.39991","POS_Y_SEZIONE":"5074527.61049","LATITUDINE_CENTRALE":"45.83043","LONGITUDINE_CENTRALE":"8.11280","POS_X_CENTRALE":"431092.34404","POS_Y_CENTRALE":"5075590.40390","TIPO_ADSL":"ADSL_M","DESCRIZIONE_TIPO_ADSL":"ADSL Mini","DISTANZA_CALCOLATA":"1132.42","CLASSE_DISTANZA":"900-1299","POTENZA_SEGNALE":"0.64","POPOLAZIONE_SEZIONE": ""}
			},
		 		{ "type" : "Feature",
				"geometry" : {
					"type" : "Point",
					"coordinates" : [8.12291,45.81568]},
			"properties" : { "ANNO":"2010","ID_SEZIONE":"6522","ISTAT_COMUNE_SEZ":"2008","COMUNE_SEZ":"BALMUCCIA","PROVINCIA":"VC","ID_CENTRALE":"166","NOME_CENTRALE":"BOCCIOLETO","ISTAT_COMUNE_CENTR":"2014","COMUNE_CENTR":"BOCCIOLETO","PROVINCIA_CENTR":"VC","INDIRIZZO_CENTRALE":"CORTALIVO 6","LATITUDINE_SEZIONE":"45.81568","LONGITUDINE_SEZIONE":"8.12291","POS_X_SEZIONE":"431859.59972","POS_Y_SEZIONE":"5073942.13491","LATITUDINE_CENTRALE":"45.83043","LONGITUDINE_CENTRALE":"8.11280","POS_X_CENTRALE":"431092.34404","POS_Y_CENTRALE":"5075590.40390","TIPO_ADSL":"ADSL_M","DESCRIZIONE_TIPO_ADSL":"ADSL Mini","DISTANZA_CALCOLATA":"1818.1","CLASSE_DISTANZA":"1700-2099","POTENZA_SEGNALE":"0.64","POPOLAZIONE_SEZIONE": "2"}
			},
		 		{ "type" : "Feature",
				"geometry" : {
					"type" : "Point",
					"coordinates" : [8.12144,45.83635]},
			"properties" : { "ANNO":"2010","ID_SEZIONE":"7141","ISTAT_COMUNE_SEZ":"2121","COMUNE_SEZ":"ROSSA","PROVINCIA":"VC","ID_CENTRALE":"166","NOME_CENTRALE":"BOCCIOLETO","ISTAT_COMUNE_CENTR":"2014","COMUNE_CENTR":"BOCCIOLETO","PROVINCIA_CENTR":"VC","INDIRIZZO_CENTRALE":"CORTALIVO 6","LATITUDINE_SEZIONE":"45.83635","LONGITUDINE_SEZIONE":"8.12144","POS_X_SEZIONE":"431770.68734","POS_Y_SEZIONE":"5076240.59865","LATITUDINE_CENTRALE":"45.83043","LONGITUDINE_CENTRALE":"8.11280","POS_X_CENTRALE":"431092.34404","POS_Y_CENTRALE":"5075590.40390","TIPO_ADSL":"ADSL_M","DESCRIZIONE_TIPO_ADSL":"ADSL Mini","DISTANZA_CALCOLATA":"939.63","CLASSE_DISTANZA":"900-1299","POTENZA_SEGNALE":"0.64","POPOLAZIONE_SEZIONE": "1"}
			},
		 		{ "type" : "Feature",
				"geometry" : {
					"type" : "Point",
					"coordinates" : [8.09200,45.83153]},
			"properties" : { "ANNO":"2010","ID_SEZIONE":"7281","ISTAT_COMUNE_SEZ":"2014","COMUNE_SEZ":"BOCCIOLETO","PROVINCIA":"VC","ID_CENTRALE":"166","NOME_CENTRALE":"BOCCIOLETO","ISTAT_COMUNE_CENTR":"2014","COMUNE_CENTR":"BOCCIOLETO","PROVINCIA_CENTR":"VC","INDIRIZZO_CENTRALE":"CORTALIVO 6","LATITUDINE_SEZIONE":"45.83153","LONGITUDINE_SEZIONE":"8.09200","POS_X_SEZIONE":"429478.41725","POS_Y_SEZIONE":"5075730.07423","LATITUDINE_CENTRALE":"45.83043","LONGITUDINE_CENTRALE":"8.11280","POS_X_CENTRALE":"431092.34404","POS_Y_CENTRALE":"5075590.40390","TIPO_ADSL":"ADSL_M","DESCRIZIONE_TIPO_ADSL":"ADSL Mini","DISTANZA_CALCOLATA":"1619.96","CLASSE_DISTANZA":"1300-1699","POTENZA_SEGNALE":"0.64","POPOLAZIONE_SEZIONE": "7"}
			},
		 		{ "type" : "Feature",
				"geometry" : {
					"type" : "Point",
					"coordinates" : [8.11807,45.82618]},
			"properties" : { "ANNO":"2010","ID_SEZIONE":"9376","ISTAT_COMUNE_SEZ":"2014","COMUNE_SEZ":"BOCCIOLETO","PROVINCIA":"VC","ID_CENTRALE":"166","NOME_CENTRALE":"BOCCIOLETO","ISTAT_COMUNE_CENTR":"2014","COMUNE_CENTR":"BOCCIOLETO","PROVINCIA_CENTR":"VC","INDIRIZZO_CENTRALE":"CORTALIVO 6","LATITUDINE_SEZIONE":"45.82618","LONGITUDINE_SEZIONE":"8.11807","POS_X_SEZIONE":"431496.60196","POS_Y_SEZIONE":"5075113.11219","LATITUDINE_CENTRALE":"45.83043","LONGITUDINE_CENTRALE":"8.11280","POS_X_CENTRALE":"431092.34404","POS_Y_CENTRALE":"5075590.40390","TIPO_ADSL":"ADSL_M","DESCRIZIONE_TIPO_ADSL":"ADSL Mini","DISTANZA_CALCOLATA":"625.49","CLASSE_DISTANZA":"500-899","POTENZA_SEGNALE":"0.64","POPOLAZIONE_SEZIONE": "18"}
			},
		 		{ "type" : "Feature",
				"geometry" : {
					"type" : "Point",
					"coordinates" : [8.10819,45.84236]},
			"properties" : { "ANNO":"2010","ID_SEZIONE":"9593","ISTAT_COMUNE_SEZ":"2014","COMUNE_SEZ":"BOCCIOLETO","PROVINCIA":"VC","ID_CENTRALE":"166","NOME_CENTRALE":"BOCCIOLETO","ISTAT_COMUNE_CENTR":"2014","COMUNE_CENTR":"BOCCIOLETO","PROVINCIA_CENTR":"VC","INDIRIZZO_CENTRALE":"CORTALIVO 6","LATITUDINE_SEZIONE":"45.84236","LONGITUDINE_SEZIONE":"8.10819","POS_X_SEZIONE":"430749.45367","POS_Y_SEZIONE":"5076919.07289","LATITUDINE_CENTRALE":"45.83043","LONGITUDINE_CENTRALE":"8.11280","POS_X_CENTRALE":"431092.34404","POS_Y_CENTRALE":"5075590.40390","TIPO_ADSL":"ADSL_M","DESCRIZIONE_TIPO_ADSL":"ADSL Mini","DISTANZA_CALCOLATA":"1372.2","CLASSE_DISTANZA":"1300-1699","POTENZA_SEGNALE":"0.64","POPOLAZIONE_SEZIONE": "12"}
			},
		 		{ "type" : "Feature",
				"geometry" : {
					"type" : "Point",
					"coordinates" : [8.11277,45.88232]},
			"properties" : { "ANNO":"2010","ID_SEZIONE":"10165","ISTAT_COMUNE_SEZ":"2121","COMUNE_SEZ":"ROSSA","PROVINCIA":"VC","ID_CENTRALE":"166","NOME_CENTRALE":"BOCCIOLETO","ISTAT_COMUNE_CENTR":"2014","COMUNE_CENTR":"BOCCIOLETO","PROVINCIA_CENTR":"VC","INDIRIZZO_CENTRALE":"CORTALIVO 6","LATITUDINE_SEZIONE":"45.88232","LONGITUDINE_SEZIONE":"8.11277","POS_X_SEZIONE":"431154.65201","POS_Y_SEZIONE":"5081355.50579","LATITUDINE_CENTRALE":"45.83043","LONGITUDINE_CENTRALE":"8.11280","POS_X_CENTRALE":"431092.34404","POS_Y_CENTRALE":"5075590.40390","TIPO_ADSL":"ADSL_M","DESCRIZIONE_TIPO_ADSL":"ADSL Mini","DISTANZA_CALCOLATA":"5765.44","CLASSE_DISTANZA":"5700-6099","POTENZA_SEGNALE":"0.00","POPOLAZIONE_SEZIONE": ""}
			},
		 		{ "type" : "Feature",
				"geometry" : {
					"type" : "Point",
					"coordinates" : [8.09583,45.82303]},
			"properties" : { "ANNO":"2010","ID_SEZIONE":"14586","ISTAT_COMUNE_SEZ":"2014","COMUNE_SEZ":"BOCCIOLETO","PROVINCIA":"VC","ID_CENTRALE":"166","NOME_CENTRALE":"BOCCIOLETO","ISTAT_COMUNE_CENTR":"2014","COMUNE_CENTR":"BOCCIOLETO","PROVINCIA_CENTR":"VC","INDIRIZZO_CENTRALE":"CORTALIVO 6","LATITUDINE_SEZIONE":"45.82303","LONGITUDINE_SEZIONE":"8.09583","POS_X_SEZIONE":"429764.94628","POS_Y_SEZIONE":"5074783.09337","LATITUDINE_CENTRALE":"45.83043","LONGITUDINE_CENTRALE":"8.11280","POS_X_CENTRALE":"431092.34404","POS_Y_CENTRALE":"5075590.40390","TIPO_ADSL":"ADSL_M","DESCRIZIONE_TIPO_ADSL":"ADSL Mini","DISTANZA_CALCOLATA":"1553.62","CLASSE_DISTANZA":"1300-1699","POTENZA_SEGNALE":"0.64","POPOLAZIONE_SEZIONE": ""}
			},
		 		{ "type" : "Feature",
				"geometry" : {
					"type" : "Point",
					"coordinates" : [8.07679,45.84271]},
			"properties" : { "ANNO":"2010","ID_SEZIONE":"15255","ISTAT_COMUNE_SEZ":"2014","COMUNE_SEZ":"BOCCIOLETO","PROVINCIA":"VC","ID_CENTRALE":"166","NOME_CENTRALE":"BOCCIOLETO","ISTAT_COMUNE_CENTR":"2014","COMUNE_CENTR":"BOCCIOLETO","PROVINCIA_CENTR":"VC","INDIRIZZO_CENTRALE":"CORTALIVO 6","LATITUDINE_SEZIONE":"45.84271","LONGITUDINE_SEZIONE":"8.07679","POS_X_SEZIONE":"428311.27792","POS_Y_SEZIONE":"5076986.03584","LATITUDINE_CENTRALE":"45.83043","LONGITUDINE_CENTRALE":"8.11280","POS_X_CENTRALE":"431092.34404","POS_Y_CENTRALE":"5075590.40390","TIPO_ADSL":"ADSL_M","DESCRIZIONE_TIPO_ADSL":"ADSL Mini","DISTANZA_CALCOLATA":"3111.61","CLASSE_DISTANZA":"2900-3299","POTENZA_SEGNALE":"0.64","POPOLAZIONE_SEZIONE": "15"}
			},
		 		{ "type" : "Feature",
				"geometry" : {
					"type" : "Point",
					"coordinates" : [8.03932,45.84192]},
			"properties" : { "ANNO":"2010","ID_SEZIONE":"16629","ISTAT_COMUNE_SEZ":"2014","COMUNE_SEZ":"BOCCIOLETO","PROVINCIA":"VC","ID_CENTRALE":"166","NOME_CENTRALE":"BOCCIOLETO","ISTAT_COMUNE_CENTR":"2014","COMUNE_CENTR":"BOCCIOLETO","PROVINCIA_CENTR":"VC","INDIRIZZO_CENTRALE":"CORTALIVO 6","LATITUDINE_SEZIONE":"45.84192","LONGITUDINE_SEZIONE":"8.03932","POS_X_SEZIONE":"425401.01411","POS_Y_SEZIONE":"5076933.01721","LATITUDINE_CENTRALE":"45.83043","LONGITUDINE_CENTRALE":"8.11280","POS_X_CENTRALE":"431092.34404","POS_Y_CENTRALE":"5075590.40390","TIPO_ADSL":"ADSL_M","DESCRIZIONE_TIPO_ADSL":"ADSL Mini","DISTANZA_CALCOLATA":"5847.55","CLASSE_DISTANZA":"5700-6099","POTENZA_SEGNALE":"0.00","POPOLAZIONE_SEZIONE": ""}
			},
		 		{ "type" : "Feature",
				"geometry" : {
					"type" : "Point",
					"coordinates" : [8.11171,45.83294]},
			"properties" : { "ANNO":"2010","ID_SEZIONE":"17283","ISTAT_COMUNE_SEZ":"2014","COMUNE_SEZ":"BOCCIOLETO","PROVINCIA":"VC","ID_CENTRALE":"166","NOME_CENTRALE":"BOCCIOLETO","ISTAT_COMUNE_CENTR":"2014","COMUNE_CENTR":"BOCCIOLETO","PROVINCIA_CENTR":"VC","INDIRIZZO_CENTRALE":"CORTALIVO 6","LATITUDINE_SEZIONE":"45.83294","LONGITUDINE_SEZIONE":"8.11171","POS_X_SEZIONE":"431010.64023","POS_Y_SEZIONE":"5075869.59372","LATITUDINE_CENTRALE":"45.83043","LONGITUDINE_CENTRALE":"8.11280","POS_X_CENTRALE":"431092.34404","POS_Y_CENTRALE":"5075590.40390","TIPO_ADSL":"ADSL_M","DESCRIZIONE_TIPO_ADSL":"ADSL Mini","DISTANZA_CALCOLATA":"290.90","CLASSE_DISTANZA":"100-499","POTENZA_SEGNALE":"0.64","POPOLAZIONE_SEZIONE": "37"}
			},
		 		{ "type" : "Feature",
				"geometry" : {
					"type" : "Point",
					"coordinates" : [8.08702,45.85296]},
			"properties" : { "ANNO":"2010","ID_SEZIONE":"17534","ISTAT_COMUNE_SEZ":"2014","COMUNE_SEZ":"BOCCIOLETO","PROVINCIA":"VC","ID_CENTRALE":"166","NOME_CENTRALE":"BOCCIOLETO","ISTAT_COMUNE_CENTR":"2014","COMUNE_CENTR":"BOCCIOLETO","PROVINCIA_CENTR":"VC","INDIRIZZO_CENTRALE":"CORTALIVO 6","LATITUDINE_SEZIONE":"45.85296","LONGITUDINE_SEZIONE":"8.08702","POS_X_SEZIONE":"429118.85501","POS_Y_SEZIONE":"5078116.02803","LATITUDINE_CENTRALE":"45.83043","LONGITUDINE_CENTRALE":"8.11280","POS_X_CENTRALE":"431092.34404","POS_Y_CENTRALE":"5075590.40390","TIPO_ADSL":"ADSL_M","DESCRIZIONE_TIPO_ADSL":"ADSL Mini","DISTANZA_CALCOLATA":"3205.22","CLASSE_DISTANZA":"2900-3299","POTENZA_SEGNALE":"0.64","POPOLAZIONE_SEZIONE": ""}
			},
		 		{ "type" : "Feature",
				"geometry" : {
					"type" : "Point",
					"coordinates" : [8.08305,45.84071]},
			"properties" : { "ANNO":"2010","ID_SEZIONE":"17536","ISTAT_COMUNE_SEZ":"2014","COMUNE_SEZ":"BOCCIOLETO","PROVINCIA":"VC","ID_CENTRALE":"166","NOME_CENTRALE":"BOCCIOLETO","ISTAT_COMUNE_CENTR":"2014","COMUNE_CENTR":"BOCCIOLETO","PROVINCIA_CENTR":"VC","INDIRIZZO_CENTRALE":"CORTALIVO 6","LATITUDINE_SEZIONE":"45.84071","LONGITUDINE_SEZIONE":"8.08305","POS_X_SEZIONE":"428795.08260","POS_Y_SEZIONE":"5076758.04684","LATITUDINE_CENTRALE":"45.83043","LONGITUDINE_CENTRALE":"8.11280","POS_X_CENTRALE":"431092.34404","POS_Y_CENTRALE":"5075590.40390","TIPO_ADSL":"ADSL_M","DESCRIZIONE_TIPO_ADSL":"ADSL Mini","DISTANZA_CALCOLATA":"2576.98","CLASSE_DISTANZA":"2500-2899","POTENZA_SEGNALE":"0.64","POPOLAZIONE_SEZIONE": "54"}
			},
		 		{ "type" : "Feature",
				"geometry" : {
					"type" : "Point",
					"coordinates" : [8.06713,45.80397]},
			"properties" : { "ANNO":"2010","ID_SEZIONE":"17911","ISTAT_COMUNE_SEZ":"2014","COMUNE_SEZ":"BOCCIOLETO","PROVINCIA":"VC","ID_CENTRALE":"166","NOME_CENTRALE":"BOCCIOLETO","ISTAT_COMUNE_CENTR":"2014","COMUNE_CENTR":"BOCCIOLETO","PROVINCIA_CENTR":"VC","INDIRIZZO_CENTRALE":"CORTALIVO 6","LATITUDINE_SEZIONE":"45.80397","LONGITUDINE_SEZIONE":"8.06713","POS_X_SEZIONE":"427510.88932","POS_Y_SEZIONE":"5072691.10130","LATITUDINE_CENTRALE":"45.83043","LONGITUDINE_CENTRALE":"8.11280","POS_X_CENTRALE":"431092.34404","POS_Y_CENTRALE":"5075590.40390","TIPO_ADSL":"ADSL_M","DESCRIZIONE_TIPO_ADSL":"ADSL Mini","DISTANZA_CALCOLATA":"4607.9","CLASSE_DISTANZA":"4500-4899","POTENZA_SEGNALE":"0.00","POPOLAZIONE_SEZIONE": ""}
			},
		 		{ "type" : "Feature",
				"geometry" : {
					"type" : "Point",
					"coordinates" : [8.06608,45.82429]},
			"properties" : { "ANNO":"2010","ID_SEZIONE":"18925","ISTAT_COMUNE_SEZ":"2014","COMUNE_SEZ":"BOCCIOLETO","PROVINCIA":"VC","ID_CENTRALE":"166","NOME_CENTRALE":"BOCCIOLETO","ISTAT_COMUNE_CENTR":"2014","COMUNE_CENTR":"BOCCIOLETO","PROVINCIA_CENTR":"VC","INDIRIZZO_CENTRALE":"CORTALIVO 6","LATITUDINE_SEZIONE":"45.82429","LONGITUDINE_SEZIONE":"8.06608","POS_X_SEZIONE":"427456.03824","POS_Y_SEZIONE":"5074949.56454","LATITUDINE_CENTRALE":"45.83043","LONGITUDINE_CENTRALE":"8.11280","POS_X_CENTRALE":"431092.34404","POS_Y_CENTRALE":"5075590.40390","TIPO_ADSL":"ADSL_M","DESCRIZIONE_TIPO_ADSL":"ADSL Mini","DISTANZA_CALCOLATA":"3692.34","CLASSE_DISTANZA":"3300-3699","POTENZA_SEGNALE":"0.64","POPOLAZIONE_SEZIONE": ""}
			},
		 		{ "type" : "Feature",
				"geometry" : {
					"type" : "Point",
					"coordinates" : [8.07726,45.83433]},
			"properties" : { "ANNO":"2010","ID_SEZIONE":"23589","ISTAT_COMUNE_SEZ":"2014","COMUNE_SEZ":"BOCCIOLETO","PROVINCIA":"VC","ID_CENTRALE":"166","NOME_CENTRALE":"BOCCIOLETO","ISTAT_COMUNE_CENTR":"2014","COMUNE_CENTR":"BOCCIOLETO","PROVINCIA_CENTR":"VC","INDIRIZZO_CENTRALE":"CORTALIVO 6","LATITUDINE_SEZIONE":"45.83433","LONGITUDINE_SEZIONE":"8.07726","POS_X_SEZIONE":"428337.40426","POS_Y_SEZIONE":"5076054.55270","LATITUDINE_CENTRALE":"45.83043","LONGITUDINE_CENTRALE":"8.11280","POS_X_CENTRALE":"431092.34404","POS_Y_CENTRALE":"5075590.40390","TIPO_ADSL":"ADSL_M","DESCRIZIONE_TIPO_ADSL":"ADSL Mini","DISTANZA_CALCOLATA":"2793.77","CLASSE_DISTANZA":"2500-2899","POTENZA_SEGNALE":"0.64","POPOLAZIONE_SEZIONE": "3"}
			},
		 		{ "type" : "Feature",
				"geometry" : {
					"type" : "Point",
					"coordinates" : [8.12577,45.85492]},
			"properties" : { "ANNO":"2010","ID_SEZIONE":"24529","ISTAT_COMUNE_SEZ":"2121","COMUNE_SEZ":"ROSSA","PROVINCIA":"VC","ID_CENTRALE":"166","NOME_CENTRALE":"BOCCIOLETO","ISTAT_COMUNE_CENTR":"2014","COMUNE_CENTR":"BOCCIOLETO","PROVINCIA_CENTR":"VC","INDIRIZZO_CENTRALE":"CORTALIVO 6","LATITUDINE_SEZIONE":"45.85492","LONGITUDINE_SEZIONE":"8.12577","POS_X_SEZIONE":"432129.54916","POS_Y_SEZIONE":"5078300.07104","LATITUDINE_CENTRALE":"45.83043","LONGITUDINE_CENTRALE":"8.11280","POS_X_CENTRALE":"431092.34404","POS_Y_CENTRALE":"5075590.40390","TIPO_ADSL":"ADSL_M","DESCRIZIONE_TIPO_ADSL":"ADSL Mini","DISTANZA_CALCOLATA":"2901.39","CLASSE_DISTANZA":"2900-3299","POTENZA_SEGNALE":"0.64","POPOLAZIONE_SEZIONE": "11"}
			},
		 		{ "type" : "Feature",
				"geometry" : {
					"type" : "Point",
					"coordinates" : [8.14078,45.81904]},
			"properties" : { "ANNO":"2010","ID_SEZIONE":"24531","ISTAT_COMUNE_SEZ":"2008","COMUNE_SEZ":"BALMUCCIA","PROVINCIA":"VC","ID_CENTRALE":"166","NOME_CENTRALE":"BOCCIOLETO","ISTAT_COMUNE_CENTR":"2014","COMUNE_CENTR":"BOCCIOLETO","PROVINCIA_CENTR":"VC","INDIRIZZO_CENTRALE":"CORTALIVO 6","LATITUDINE_SEZIONE":"45.81904","LONGITUDINE_SEZIONE":"8.14078","POS_X_SEZIONE":"433252.23153","POS_Y_SEZIONE":"5074301.14828","LATITUDINE_CENTRALE":"45.83043","LONGITUDINE_CENTRALE":"8.11280","POS_X_CENTRALE":"431092.34404","POS_Y_CENTRALE":"5075590.40390","TIPO_ADSL":"ADSL_M","DESCRIZIONE_TIPO_ADSL":"ADSL Mini","DISTANZA_CALCOLATA":"2515.41","CLASSE_DISTANZA":"2500-2899","POTENZA_SEGNALE":"0.64","POPOLAZIONE_SEZIONE": "98"}
			},
		 		{ "type" : "Feature",
				"geometry" : {
					"type" : "Point",
					"coordinates" : [8.11267,45.83026]},
			"properties" : { "ANNO":"2010","ID_SEZIONE":"25081","ISTAT_COMUNE_SEZ":"2014","COMUNE_SEZ":"BOCCIOLETO","PROVINCIA":"VC","ID_CENTRALE":"166","NOME_CENTRALE":"BOCCIOLETO","ISTAT_COMUNE_CENTR":"2014","COMUNE_CENTR":"BOCCIOLETO","PROVINCIA_CENTR":"VC","INDIRIZZO_CENTRALE":"CORTALIVO 6","LATITUDINE_SEZIONE":"45.83026","LONGITUDINE_SEZIONE":"8.11267","POS_X_SEZIONE":"431082.14001","POS_Y_SEZIONE":"5075571.59948","LATITUDINE_CENTRALE":"45.83043","LONGITUDINE_CENTRALE":"8.11280","POS_X_CENTRALE":"431092.34404","POS_Y_CENTRALE":"5075590.40390","TIPO_ADSL":"ADSL_M","DESCRIZIONE_TIPO_ADSL":"ADSL Mini","DISTANZA_CALCOLATA":"21.39","CLASSE_DISTANZA":"0-99","POTENZA_SEGNALE":"0.64","POPOLAZIONE_SEZIONE": "99"}
			},
		 		{ "type" : "Feature",
				"geometry" : {
					"type" : "Point",
					"coordinates" : [8.11673,45.83165]},
			"properties" : { "ANNO":"2010","ID_SEZIONE":"25862","ISTAT_COMUNE_SEZ":"2014","COMUNE_SEZ":"BOCCIOLETO","PROVINCIA":"VC","ID_CENTRALE":"166","NOME_CENTRALE":"BOCCIOLETO","ISTAT_COMUNE_CENTR":"2014","COMUNE_CENTR":"BOCCIOLETO","PROVINCIA_CENTR":"VC","INDIRIZZO_CENTRALE":"CORTALIVO 6","LATITUDINE_SEZIONE":"45.83165","LONGITUDINE_SEZIONE":"8.11673","POS_X_SEZIONE":"431399.47658","POS_Y_SEZIONE":"5075722.10137","LATITUDINE_CENTRALE":"45.83043","LONGITUDINE_CENTRALE":"8.11280","POS_X_CENTRALE":"431092.34404","POS_Y_CENTRALE":"5075590.40390","TIPO_ADSL":"ADSL_M","DESCRIZIONE_TIPO_ADSL":"ADSL Mini","DISTANZA_CALCOLATA":"334.18","CLASSE_DISTANZA":"100-499","POTENZA_SEGNALE":"0.64","POPOLAZIONE_SEZIONE": "31"}
			},
		 		{ "type" : "Feature",
				"geometry" : {
					"type" : "Point",
					"coordinates" : [8.13603,45.83032]},
			"properties" : { "ANNO":"2010","ID_SEZIONE":"25864","ISTAT_COMUNE_SEZ":"2121","COMUNE_SEZ":"ROSSA","PROVINCIA":"VC","ID_CENTRALE":"166","NOME_CENTRALE":"BOCCIOLETO","ISTAT_COMUNE_CENTR":"2014","COMUNE_CENTR":"BOCCIOLETO","PROVINCIA_CENTR":"VC","INDIRIZZO_CENTRALE":"CORTALIVO 6","LATITUDINE_SEZIONE":"45.83032","LONGITUDINE_SEZIONE":"8.13603","POS_X_SEZIONE":"432896.82622","POS_Y_SEZIONE":"5075557.62495","LATITUDINE_CENTRALE":"45.83043","LONGITUDINE_CENTRALE":"8.11280","POS_X_CENTRALE":"431092.34404","POS_Y_CENTRALE":"5075590.40390","TIPO_ADSL":"ADSL_M","DESCRIZIONE_TIPO_ADSL":"ADSL Mini","DISTANZA_CALCOLATA":"1804.78","CLASSE_DISTANZA":"1700-2099","POTENZA_SEGNALE":"0.64","POPOLAZIONE_SEZIONE": "12"}
			},
		 		{ "type" : "Feature",
				"geometry" : {
					"type" : "Point",
					"coordinates" : [8.08988,45.83951]},
			"properties" : { "ANNO":"2010","ID_SEZIONE":"26959","ISTAT_COMUNE_SEZ":"2014","COMUNE_SEZ":"BOCCIOLETO","PROVINCIA":"VC","ID_CENTRALE":"166","NOME_CENTRALE":"BOCCIOLETO","ISTAT_COMUNE_CENTR":"2014","COMUNE_CENTR":"BOCCIOLETO","PROVINCIA_CENTR":"VC","INDIRIZZO_CENTRALE":"CORTALIVO 6","LATITUDINE_SEZIONE":"45.83951","LONGITUDINE_SEZIONE":"8.08988","POS_X_SEZIONE":"429324.16752","POS_Y_SEZIONE":"5076619.05728","LATITUDINE_CENTRALE":"45.83043","LONGITUDINE_CENTRALE":"8.11280","POS_X_CENTRALE":"431092.34404","POS_Y_CENTRALE":"5075590.40390","TIPO_ADSL":"ADSL_M","DESCRIZIONE_TIPO_ADSL":"ADSL Mini","DISTANZA_CALCOLATA":"2045.62","CLASSE_DISTANZA":"1700-2099","POTENZA_SEGNALE":"0.64","POPOLAZIONE_SEZIONE": ""}
			},
		 		{ "type" : "Feature",
				"geometry" : {
					"type" : "Point",
					"coordinates" : [8.06714,45.81407]},
			"properties" : { "ANNO":"2010","ID_SEZIONE":"27189","ISTAT_COMUNE_SEZ":"2014","COMUNE_SEZ":"BOCCIOLETO","PROVINCIA":"VC","ID_CENTRALE":"166","NOME_CENTRALE":"BOCCIOLETO","ISTAT_COMUNE_CENTR":"2014","COMUNE_CENTR":"BOCCIOLETO","PROVINCIA_CENTR":"VC","INDIRIZZO_CENTRALE":"CORTALIVO 6","LATITUDINE_SEZIONE":"45.81407","LONGITUDINE_SEZIONE":"8.06714","POS_X_SEZIONE":"427524.66621","POS_Y_SEZIONE":"5073812.58303","LATITUDINE_CENTRALE":"45.83043","LONGITUDINE_CENTRALE":"8.11280","POS_X_CENTRALE":"431092.34404","POS_Y_CENTRALE":"5075590.40390","TIPO_ADSL":"ADSL_M","DESCRIZIONE_TIPO_ADSL":"ADSL Mini","DISTANZA_CALCOLATA":"3986.1","CLASSE_DISTANZA":"3700-4099","POTENZA_SEGNALE":"0.64","POPOLAZIONE_SEZIONE": ""}
			},
		 		{ "type" : "Feature",
				"geometry" : {
					"type" : "Point",
					"coordinates" : [8.06561,45.84621]},
			"properties" : { "ANNO":"2010","ID_SEZIONE":"27986","ISTAT_COMUNE_SEZ":"2014","COMUNE_SEZ":"BOCCIOLETO","PROVINCIA":"VC","ID_CENTRALE":"166","NOME_CENTRALE":"BOCCIOLETO","ISTAT_COMUNE_CENTR":"2014","COMUNE_CENTR":"BOCCIOLETO","PROVINCIA_CENTR":"VC","INDIRIZZO_CENTRALE":"CORTALIVO 6","LATITUDINE_SEZIONE":"45.84621","LONGITUDINE_SEZIONE":"8.06561","POS_X_SEZIONE":"427447.62608","POS_Y_SEZIONE":"5077385.02310","LATITUDINE_CENTRALE":"45.83043","LONGITUDINE_CENTRALE":"8.11280","POS_X_CENTRALE":"431092.34404","POS_Y_CENTRALE":"5075590.40390","TIPO_ADSL":"ADSL_M","DESCRIZIONE_TIPO_ADSL":"ADSL Mini","DISTANZA_CALCOLATA":"4062.59","CLASSE_DISTANZA":"3700-4099","POTENZA_SEGNALE":"0.64","POPOLAZIONE_SEZIONE": ""}
			},
		 		{ "type" : "Feature",
				"geometry" : {
					"type" : "Point",
					"coordinates" : [8.08782,45.80739]},
			"properties" : { "ANNO":"2010","ID_SEZIONE":"28235","ISTAT_COMUNE_SEZ":"2014","COMUNE_SEZ":"BOCCIOLETO","PROVINCIA":"VC","ID_CENTRALE":"166","NOME_CENTRALE":"BOCCIOLETO","ISTAT_COMUNE_CENTR":"2014","COMUNE_CENTR":"BOCCIOLETO","PROVINCIA_CENTR":"VC","INDIRIZZO_CENTRALE":"CORTALIVO 6","LATITUDINE_SEZIONE":"45.80739","LONGITUDINE_SEZIONE":"8.08782","POS_X_SEZIONE":"429122.80663","POS_Y_SEZIONE":"5073051.61228","LATITUDINE_CENTRALE":"45.83043","LONGITUDINE_CENTRALE":"8.11280","POS_X_CENTRALE":"431092.34404","POS_Y_CENTRALE":"5075590.40390","TIPO_ADSL":"ADSL_M","DESCRIZIONE_TIPO_ADSL":"ADSL Mini","DISTANZA_CALCOLATA":"3213.18","CLASSE_DISTANZA":"2900-3299","POTENZA_SEGNALE":"0.64","POPOLAZIONE_SEZIONE": ""}
			},
		 		{ "type" : "Feature",
				"geometry" : {
					"type" : "Point",
					"coordinates" : [8.08945,45.81413]},
			"properties" : { "ANNO":"2010","ID_SEZIONE":"30286","ISTAT_COMUNE_SEZ":"2014","COMUNE_SEZ":"BOCCIOLETO","PROVINCIA":"VC","ID_CENTRALE":"166","NOME_CENTRALE":"BOCCIOLETO","ISTAT_COMUNE_CENTR":"2014","COMUNE_CENTR":"BOCCIOLETO","PROVINCIA_CENTR":"VC","INDIRIZZO_CENTRALE":"CORTALIVO 6","LATITUDINE_SEZIONE":"45.81413","LONGITUDINE_SEZIONE":"8.08945","POS_X_SEZIONE":"429258.14512","POS_Y_SEZIONE":"5073799.10207","LATITUDINE_CENTRALE":"45.83043","LONGITUDINE_CENTRALE":"8.11280","POS_X_CENTRALE":"431092.34404","POS_Y_CENTRALE":"5075590.40390","TIPO_ADSL":"ADSL_M","DESCRIZIONE_TIPO_ADSL":"ADSL Mini","DISTANZA_CALCOLATA":"2563.8","CLASSE_DISTANZA":"2500-2899","POTENZA_SEGNALE":"0.64","POPOLAZIONE_SEZIONE": ""}
			},
		 		{ "type" : "Feature",
				"geometry" : {
					"type" : "Point",
					"coordinates" : [8.06064,45.83638]},
			"properties" : { "ANNO":"2010","ID_SEZIONE":"31722","ISTAT_COMUNE_SEZ":"2014","COMUNE_SEZ":"BOCCIOLETO","PROVINCIA":"VC","ID_CENTRALE":"166","NOME_CENTRALE":"BOCCIOLETO","ISTAT_COMUNE_CENTR":"2014","COMUNE_CENTR":"BOCCIOLETO","PROVINCIA_CENTR":"VC","INDIRIZZO_CENTRALE":"CORTALIVO 6","LATITUDINE_SEZIONE":"45.83638","LONGITUDINE_SEZIONE":"8.06064","POS_X_SEZIONE":"427049.22455","POS_Y_SEZIONE":"5076297.03948","LATITUDINE_CENTRALE":"45.83043","LONGITUDINE_CENTRALE":"8.11280","POS_X_CENTRALE":"431092.34404","POS_Y_CENTRALE":"5075590.40390","TIPO_ADSL":"ADSL_M","DESCRIZIONE_TIPO_ADSL":"ADSL Mini","DISTANZA_CALCOLATA":"4104.41","CLASSE_DISTANZA":"4100-4499","POTENZA_SEGNALE":"0.00","POPOLAZIONE_SEZIONE": ""}
			},
		 		{ "type" : "Feature",
				"geometry" : {
					"type" : "Point",
					"coordinates" : [8.13511,45.82455]},
			"properties" : { "ANNO":"2010","ID_SEZIONE":"31753","ISTAT_COMUNE_SEZ":"2121","COMUNE_SEZ":"ROSSA","PROVINCIA":"VC","ID_CENTRALE":"166","NOME_CENTRALE":"BOCCIOLETO","ISTAT_COMUNE_CENTR":"2014","COMUNE_CENTR":"BOCCIOLETO","PROVINCIA_CENTR":"VC","INDIRIZZO_CENTRALE":"CORTALIVO 6","LATITUDINE_SEZIONE":"45.82455","LONGITUDINE_SEZIONE":"8.13511","POS_X_SEZIONE":"432818.11185","POS_Y_SEZIONE":"5074917.63315","LATITUDINE_CENTRALE":"45.83043","LONGITUDINE_CENTRALE":"8.11280","POS_X_CENTRALE":"431092.34404","POS_Y_CENTRALE":"5075590.40390","TIPO_ADSL":"ADSL_M","DESCRIZIONE_TIPO_ADSL":"ADSL Mini","DISTANZA_CALCOLATA":"1852.27","CLASSE_DISTANZA":"1700-2099","POTENZA_SEGNALE":"0.64","POPOLAZIONE_SEZIONE": "32"}
			},
		 		{ "type" : "Feature",
				"geometry" : {
					"type" : "Point",
					"coordinates" : [8.08082,45.82251]},
			"properties" : { "ANNO":"2010","ID_SEZIONE":"32362","ISTAT_COMUNE_SEZ":"2014","COMUNE_SEZ":"BOCCIOLETO","PROVINCIA":"VC","ID_CENTRALE":"166","NOME_CENTRALE":"BOCCIOLETO","ISTAT_COMUNE_CENTR":"2014","COMUNE_CENTR":"BOCCIOLETO","PROVINCIA_CENTR":"VC","INDIRIZZO_CENTRALE":"CORTALIVO 6","LATITUDINE_SEZIONE":"45.82251","LONGITUDINE_SEZIONE":"8.08082","POS_X_SEZIONE":"428598.96663","POS_Y_SEZIONE":"5074738.57804","LATITUDINE_CENTRALE":"45.83043","LONGITUDINE_CENTRALE":"8.11280","POS_X_CENTRALE":"431092.34404","POS_Y_CENTRALE":"5075590.40390","TIPO_ADSL":"ADSL_M","DESCRIZIONE_TIPO_ADSL":"ADSL Mini","DISTANZA_CALCOLATA":"2634.87","CLASSE_DISTANZA":"2500-2899","POTENZA_SEGNALE":"0.64","POPOLAZIONE_SEZIONE": ""}
			}
		 		]
	}
		