 	{ "type" : "FeatureCollection",
		"features" : [
		 		{ "type" : "Feature",
				"geometry" : {
					"type" : "Point",
					"coordinates" : [7.84111,45.10218]},
			"properties" : { "ANNO":"2010","ID_SEZIONE":"17152","ISTAT_COMUNE_SEZ":"1112","COMUNE_SEZ":"GASSINO TORINESE","PROVINCIA":"TO","ID_CENTRALE":"120","NOME_CENTRALE":"BARDASSANO","ISTAT_COMUNE_CENTR":"1112","COMUNE_CENTR":"GASSINO TORINESE","PROVINCIA_CENTR":"TO","INDIRIZZO_CENTRALE":"CENTRO 24","LATITUDINE_SEZIONE":"45.10218","LONGITUDINE_SEZIONE":"7.84111","POS_X_SEZIONE":"408823.83189","POS_Y_SEZIONE":"4994954.78942","LATITUDINE_CENTRALE":"45.10119","LONGITUDINE_CENTRALE":"7.84338","POS_X_CENTRALE":"409001.49698","POS_Y_CENTRALE":"4994841.97170","TIPO_ADSL":"NO","DESCRIZIONE_TIPO_ADSL":"NO Adsl","DISTANZA_CALCOLATA":"210.46","CLASSE_DISTANZA":"100-499","POTENZA_SEGNALE":"","POPOLAZIONE_SEZIONE": "190"}
			},
		 		{ "type" : "Feature",
				"geometry" : {
					"type" : "Point",
					"coordinates" : [7.84172,45.09665]},
			"properties" : { "ANNO":"2010","ID_SEZIONE":"21916","ISTAT_COMUNE_SEZ":"1112","COMUNE_SEZ":"GASSINO TORINESE","PROVINCIA":"TO","ID_CENTRALE":"120","NOME_CENTRALE":"BARDASSANO","ISTAT_COMUNE_CENTR":"1112","COMUNE_CENTR":"GASSINO TORINESE","PROVINCIA_CENTR":"TO","INDIRIZZO_CENTRALE":"CENTRO 24","LATITUDINE_SEZIONE":"45.09665","LONGITUDINE_SEZIONE":"7.84172","POS_X_SEZIONE":"408863.11611","POS_Y_SEZIONE":"4994339.28606","LATITUDINE_CENTRALE":"45.10119","LONGITUDINE_CENTRALE":"7.84338","POS_X_CENTRALE":"409001.49698","POS_Y_CENTRALE":"4994841.97170","TIPO_ADSL":"NO","DESCRIZIONE_TIPO_ADSL":"NO Adsl","DISTANZA_CALCOLATA":"521.38","CLASSE_DISTANZA":"500-899","POTENZA_SEGNALE":"","POPOLAZIONE_SEZIONE": "51"}
			},
		 		{ "type" : "Feature",
				"geometry" : {
					"type" : "Point",
					"coordinates" : [7.84674,45.08566]},
			"properties" : { "ANNO":"2010","ID_SEZIONE":"22126","ISTAT_COMUNE_SEZ":"1112","COMUNE_SEZ":"GASSINO TORINESE","PROVINCIA":"TO","ID_CENTRALE":"120","NOME_CENTRALE":"BARDASSANO","ISTAT_COMUNE_CENTR":"1112","COMUNE_CENTR":"GASSINO TORINESE","PROVINCIA_CENTR":"TO","INDIRIZZO_CENTRALE":"CENTRO 24","LATITUDINE_SEZIONE":"45.08566","LONGITUDINE_SEZIONE":"7.84674","POS_X_SEZIONE":"409241.21071","POS_Y_SEZIONE":"4993113.28517","LATITUDINE_CENTRALE":"45.10119","LONGITUDINE_CENTRALE":"7.84338","POS_X_CENTRALE":"409001.49698","POS_Y_CENTRALE":"4994841.97170","TIPO_ADSL":"NO","DESCRIZIONE_TIPO_ADSL":"NO Adsl","DISTANZA_CALCOLATA":"1745.23","CLASSE_DISTANZA":"1700-2099","POTENZA_SEGNALE":"","POPOLAZIONE_SEZIONE": "119"}
			},
		 		{ "type" : "Feature",
				"geometry" : {
					"type" : "Point",
					"coordinates" : [7.83056,45.09512]},
			"properties" : { "ANNO":"2010","ID_SEZIONE":"30481","ISTAT_COMUNE_SEZ":"1112","COMUNE_SEZ":"GASSINO TORINESE","PROVINCIA":"TO","ID_CENTRALE":"120","NOME_CENTRALE":"BARDASSANO","ISTAT_COMUNE_CENTR":"1112","COMUNE_CENTR":"GASSINO TORINESE","PROVINCIA_CENTR":"TO","INDIRIZZO_CENTRALE":"CENTRO 24","LATITUDINE_SEZIONE":"45.09512","LONGITUDINE_SEZIONE":"7.83056","POS_X_SEZIONE":"407983.07259","POS_Y_SEZIONE":"4994182.76766","LATITUDINE_CENTRALE":"45.10119","LONGITUDINE_CENTRALE":"7.84338","POS_X_CENTRALE":"409001.49698","POS_Y_CENTRALE":"4994841.97170","TIPO_ADSL":"NO","DESCRIZIONE_TIPO_ADSL":"NO Adsl","DISTANZA_CALCOLATA":"1213.15","CLASSE_DISTANZA":"900-1299","POTENZA_SEGNALE":"","POPOLAZIONE_SEZIONE": "137"}
			}
		 		]
	}
		