 	{ "type" : "FeatureCollection",
		"features" : [
		 		{ "type" : "Feature",
				"geometry" : {
					"type" : "Point",
					"coordinates" : [8.67119,45.35045]},
			"properties" : { "ANNO":"2010","ID_SEZIONE":"3027","ISTAT_COMUNE_SEZ":"3158","COMUNE_SEZ":"VESPOLATE","PROVINCIA":"NO","ID_CENTRALE":"1602","NOME_CENTRALE":"VESPOLATE","ISTAT_COMUNE_CENTR":"3158","COMUNE_CENTR":"VESPOLATE","PROVINCIA_CENTR":"NO","INDIRIZZO_CENTRALE":"INDIPENDENZA","LATITUDINE_SEZIONE":"45.35045","LONGITUDINE_SEZIONE":"8.67119","POS_X_SEZIONE":"474243.20757","POS_Y_SEZIONE":"5021934.35143","LATITUDINE_CENTRALE":"45.35231","LONGITUDINE_CENTRALE":"8.66606","POS_X_CENTRALE":"473842.06136","POS_Y_CENTRALE":"5022143.46545","TIPO_ADSL":"ADSL_1","DESCRIZIONE_TIPO_ADSL":"ADSL (8 mega)","DISTANZA_CALCOLATA":"452.38","CLASSE_DISTANZA":"100-499","POTENZA_SEGNALE":"7000","POPOLAZIONE_SEZIONE": "501"}
			},
		 		{ "type" : "Feature",
				"geometry" : {
					"type" : "Point",
					"coordinates" : [8.66607,45.35124]},
			"properties" : { "ANNO":"2010","ID_SEZIONE":"5543","ISTAT_COMUNE_SEZ":"3158","COMUNE_SEZ":"VESPOLATE","PROVINCIA":"NO","ID_CENTRALE":"1602","NOME_CENTRALE":"VESPOLATE","ISTAT_COMUNE_CENTR":"3158","COMUNE_CENTR":"VESPOLATE","PROVINCIA_CENTR":"NO","INDIRIZZO_CENTRALE":"INDIPENDENZA","LATITUDINE_SEZIONE":"45.35124","LONGITUDINE_SEZIONE":"8.66607","POS_X_SEZIONE":"473842.39656","POS_Y_SEZIONE":"5022024.34977","LATITUDINE_CENTRALE":"45.35231","LONGITUDINE_CENTRALE":"8.66606","POS_X_CENTRALE":"473842.06136","POS_Y_CENTRALE":"5022143.46545","TIPO_ADSL":"ADSL_1","DESCRIZIONE_TIPO_ADSL":"ADSL (8 mega)","DISTANZA_CALCOLATA":"119.12","CLASSE_DISTANZA":"100-499","POTENZA_SEGNALE":"7000","POPOLAZIONE_SEZIONE": "662"}
			},
		 		{ "type" : "Feature",
				"geometry" : {
					"type" : "Point",
					"coordinates" : [8.67066,45.34797]},
			"properties" : { "ANNO":"2010","ID_SEZIONE":"6077","ISTAT_COMUNE_SEZ":"3158","COMUNE_SEZ":"VESPOLATE","PROVINCIA":"NO","ID_CENTRALE":"1602","NOME_CENTRALE":"VESPOLATE","ISTAT_COMUNE_CENTR":"3158","COMUNE_CENTR":"VESPOLATE","PROVINCIA_CENTR":"NO","INDIRIZZO_CENTRALE":"INDIPENDENZA","LATITUDINE_SEZIONE":"45.34797","LONGITUDINE_SEZIONE":"8.67066","POS_X_SEZIONE":"474200.64501","POS_Y_SEZIONE":"5021659.84980","LATITUDINE_CENTRALE":"45.35231","LONGITUDINE_CENTRALE":"8.66606","POS_X_CENTRALE":"473842.06136","POS_Y_CENTRALE":"5022143.46545","TIPO_ADSL":"ADSL_1","DESCRIZIONE_TIPO_ADSL":"ADSL (8 mega)","DISTANZA_CALCOLATA":"602.05","CLASSE_DISTANZA":"500-899","POTENZA_SEGNALE":"7000","POPOLAZIONE_SEZIONE": "248"}
			},
		 		{ "type" : "Feature",
				"geometry" : {
					"type" : "Point",
					"coordinates" : [8.66766,45.34697]},
			"properties" : { "ANNO":"2010","ID_SEZIONE":"13514","ISTAT_COMUNE_SEZ":"3158","COMUNE_SEZ":"VESPOLATE","PROVINCIA":"NO","ID_CENTRALE":"1602","NOME_CENTRALE":"VESPOLATE","ISTAT_COMUNE_CENTR":"3158","COMUNE_CENTR":"VESPOLATE","PROVINCIA_CENTR":"NO","INDIRIZZO_CENTRALE":"INDIPENDENZA","LATITUDINE_SEZIONE":"45.34697","LONGITUDINE_SEZIONE":"8.66766","POS_X_SEZIONE":"473964.98830","POS_Y_SEZIONE":"5021549.34791","LATITUDINE_CENTRALE":"45.35231","LONGITUDINE_CENTRALE":"8.66606","POS_X_CENTRALE":"473842.06136","POS_Y_CENTRALE":"5022143.46545","TIPO_ADSL":"ADSL_1","DESCRIZIONE_TIPO_ADSL":"ADSL (8 mega)","DISTANZA_CALCOLATA":"606.70","CLASSE_DISTANZA":"500-899","POTENZA_SEGNALE":"7000","POPOLAZIONE_SEZIONE": "598"}
			},
		 		{ "type" : "Feature",
				"geometry" : {
					"type" : "Point",
					"coordinates" : [8.66494,45.33947]},
			"properties" : { "ANNO":"2010","ID_SEZIONE":"20509","ISTAT_COMUNE_SEZ":"3158","COMUNE_SEZ":"VESPOLATE","PROVINCIA":"NO","ID_CENTRALE":"1602","NOME_CENTRALE":"VESPOLATE","ISTAT_COMUNE_CENTR":"3158","COMUNE_CENTR":"VESPOLATE","PROVINCIA_CENTR":"NO","INDIRIZZO_CENTRALE":"INDIPENDENZA","LATITUDINE_SEZIONE":"45.33947","LONGITUDINE_SEZIONE":"8.66494","POS_X_SEZIONE":"473748.36161","POS_Y_SEZIONE":"5020717.34126","LATITUDINE_CENTRALE":"45.35231","LONGITUDINE_CENTRALE":"8.66606","POS_X_CENTRALE":"473842.06136","POS_Y_CENTRALE":"5022143.46545","TIPO_ADSL":"ADSL_1","DESCRIZIONE_TIPO_ADSL":"ADSL (8 mega)","DISTANZA_CALCOLATA":"1429.2","CLASSE_DISTANZA":"1300-1699","POTENZA_SEGNALE":"7000","POPOLAZIONE_SEZIONE": "67"}
			}
		 		]
	}
		