 	{ "type" : "FeatureCollection",
		"features" : [
		 		{ "type" : "Feature",
				"geometry" : {
					"type" : "Point",
					"coordinates" : [8.41703,45.84349]},
			"properties" : { "ANNO":"2010","ID_SEZIONE":"9677","ISTAT_COMUNE_SEZ":"103050","COMUNE_SEZ":"OMEGNA","PROVINCIA":"VB","ID_CENTRALE":"10","NOME_CENTRALE":"AGRANO","ISTAT_COMUNE_CENTR":"103050","COMUNE_CENTR":"OMEGNA","PROVINCIA_CENTR":"VB","INDIRIZZO_CENTRALE":"P.BENZANO 7","LATITUDINE_SEZIONE":"45.84349","LONGITUDINE_SEZIONE":"8.41703","POS_X_SEZIONE":"454731.85523","POS_Y_SEZIONE":"5076823.70368","LATITUDINE_CENTRALE":"45.84421","LONGITUDINE_CENTRALE":"8.41843","POS_X_CENTRALE":"454841.25962","POS_Y_CENTRALE":"5076902.60355","TIPO_ADSL":"ADSL_M","DESCRIZIONE_TIPO_ADSL":"ADSL Mini","DISTANZA_CALCOLATA":"134.89","CLASSE_DISTANZA":"100-499","POTENZA_SEGNALE":"0.64","POPOLAZIONE_SEZIONE": "608"}
			}
		 		]
	}
		