 	{ "type" : "FeatureCollection",
		"features" : [
		 		{ "type" : "Feature",
				"geometry" : {
					"type" : "Point",
					"coordinates" : [8.08613,45.58834]},
			"properties" : { "ANNO":"2010","ID_SEZIONE":"2746","ISTAT_COMUNE_SEZ":"96083","COMUNE_SEZ":"ZUMAGLIA","PROVINCIA":"BI","ID_CENTRALE":"1149","NOME_CENTRALE":"RONCO BIELLESE","ISTAT_COMUNE_CENTR":"96053","COMUNE_CENTR":"RONCO BIELLESE","PROVINCIA_CENTR":"BI","INDIRIZZO_CENTRALE":"ZUMAGLIA 5 (STR.VECCHIA)","LATITUDINE_SEZIONE":"45.58834","LONGITUDINE_SEZIONE":"8.08613","POS_X_SEZIONE":"428713.80464","POS_Y_SEZIONE":"5048716.89277","LATITUDINE_CENTRALE":"45.58400","LONGITUDINE_CENTRALE":"8.09760","POS_X_CENTRALE":"429603.21762","POS_Y_CENTRALE":"5048224.95028","TIPO_ADSL":"ADSL_1","DESCRIZIONE_TIPO_ADSL":"ADSL (8 mega)","DISTANZA_CALCOLATA":"1016.4","CLASSE_DISTANZA":"900-1299","POTENZA_SEGNALE":"7000","POPOLAZIONE_SEZIONE": "23"}
			},
		 		{ "type" : "Feature",
				"geometry" : {
					"type" : "Point",
					"coordinates" : [8.04371,45.57685]},
			"properties" : { "ANNO":"2010","ID_SEZIONE":"3623","ISTAT_COMUNE_SEZ":"96004","COMUNE_SEZ":"BIELLA","PROVINCIA":"BI","ID_CENTRALE":"1149","NOME_CENTRALE":"RONCO BIELLESE","ISTAT_COMUNE_CENTR":"96053","COMUNE_CENTR":"RONCO BIELLESE","PROVINCIA_CENTR":"BI","INDIRIZZO_CENTRALE":"ZUMAGLIA 5 (STR.VECCHIA)","LATITUDINE_SEZIONE":"45.57685","LONGITUDINE_SEZIONE":"8.04371","POS_X_SEZIONE":"425389.60215","POS_Y_SEZIONE":"5047478.84144","LATITUDINE_CENTRALE":"45.58400","LONGITUDINE_CENTRALE":"8.09760","POS_X_CENTRALE":"429603.21762","POS_Y_CENTRALE":"5048224.95028","TIPO_ADSL":"ADSL_1","DESCRIZIONE_TIPO_ADSL":"ADSL (8 mega)","DISTANZA_CALCOLATA":"4279.16","CLASSE_DISTANZA":"4100-4499","POTENZA_SEGNALE":"2125.38","POPOLAZIONE_SEZIONE": "94"}
			},
		 		{ "type" : "Feature",
				"geometry" : {
					"type" : "Point",
					"coordinates" : [8.08557,45.59376]},
			"properties" : { "ANNO":"2010","ID_SEZIONE":"5416","ISTAT_COMUNE_SEZ":"96083","COMUNE_SEZ":"ZUMAGLIA","PROVINCIA":"BI","ID_CENTRALE":"1149","NOME_CENTRALE":"RONCO BIELLESE","ISTAT_COMUNE_CENTR":"96053","COMUNE_CENTR":"RONCO BIELLESE","PROVINCIA_CENTR":"BI","INDIRIZZO_CENTRALE":"ZUMAGLIA 5 (STR.VECCHIA)","LATITUDINE_SEZIONE":"45.59376","LONGITUDINE_SEZIONE":"8.08557","POS_X_SEZIONE":"428677.40093","POS_Y_SEZIONE":"5049319.38775","LATITUDINE_CENTRALE":"45.58400","LONGITUDINE_CENTRALE":"8.09760","POS_X_CENTRALE":"429603.21762","POS_Y_CENTRALE":"5048224.95028","TIPO_ADSL":"ADSL_1","DESCRIZIONE_TIPO_ADSL":"ADSL (8 mega)","DISTANZA_CALCOLATA":"1433.5","CLASSE_DISTANZA":"1300-1699","POTENZA_SEGNALE":"7000","POPOLAZIONE_SEZIONE": ""}
			},
		 		{ "type" : "Feature",
				"geometry" : {
					"type" : "Point",
					"coordinates" : [8.08191,45.59241]},
			"properties" : { "ANNO":"2010","ID_SEZIONE":"5852","ISTAT_COMUNE_SEZ":"96083","COMUNE_SEZ":"ZUMAGLIA","PROVINCIA":"BI","ID_CENTRALE":"1149","NOME_CENTRALE":"RONCO BIELLESE","ISTAT_COMUNE_CENTR":"96053","COMUNE_CENTR":"RONCO BIELLESE","PROVINCIA_CENTR":"BI","INDIRIZZO_CENTRALE":"ZUMAGLIA 5 (STR.VECCHIA)","LATITUDINE_SEZIONE":"45.59241","LONGITUDINE_SEZIONE":"8.08191","POS_X_SEZIONE":"428390.27952","POS_Y_SEZIONE":"5049172.38333","LATITUDINE_CENTRALE":"45.58400","LONGITUDINE_CENTRALE":"8.09760","POS_X_CENTRALE":"429603.21762","POS_Y_CENTRALE":"5048224.95028","TIPO_ADSL":"ADSL_1","DESCRIZIONE_TIPO_ADSL":"ADSL (8 mega)","DISTANZA_CALCOLATA":"1539.11","CLASSE_DISTANZA":"1300-1699","POTENZA_SEGNALE":"7000","POPOLAZIONE_SEZIONE": "80"}
			},
		 		{ "type" : "Feature",
				"geometry" : {
					"type" : "Point",
					"coordinates" : [8.10014,45.58181]},
			"properties" : { "ANNO":"2010","ID_SEZIONE":"7282","ISTAT_COMUNE_SEZ":"96053","COMUNE_SEZ":"RONCO BIELLESE","PROVINCIA":"BI","ID_CENTRALE":"1149","NOME_CENTRALE":"RONCO BIELLESE","ISTAT_COMUNE_CENTR":"96053","COMUNE_CENTR":"RONCO BIELLESE","PROVINCIA_CENTR":"BI","INDIRIZZO_CENTRALE":"ZUMAGLIA 5 (STR.VECCHIA)","LATITUDINE_SEZIONE":"45.58181","LONGITUDINE_SEZIONE":"8.10014","POS_X_SEZIONE":"429798.68708","POS_Y_SEZIONE":"5047979.41565","LATITUDINE_CENTRALE":"45.58400","LONGITUDINE_CENTRALE":"8.09760","POS_X_CENTRALE":"429603.21762","POS_Y_CENTRALE":"5048224.95028","TIPO_ADSL":"ADSL_1","DESCRIZIONE_TIPO_ADSL":"ADSL (8 mega)","DISTANZA_CALCOLATA":"313.84","CLASSE_DISTANZA":"100-499","POTENZA_SEGNALE":"7000","POPOLAZIONE_SEZIONE": "724"}
			},
		 		{ "type" : "Feature",
				"geometry" : {
					"type" : "Point",
					"coordinates" : [8.10838,45.58258]},
			"properties" : { "ANNO":"2010","ID_SEZIONE":"9613","ISTAT_COMUNE_SEZ":"96053","COMUNE_SEZ":"RONCO BIELLESE","PROVINCIA":"BI","ID_CENTRALE":"1149","NOME_CENTRALE":"RONCO BIELLESE","ISTAT_COMUNE_CENTR":"96053","COMUNE_CENTR":"RONCO BIELLESE","PROVINCIA_CENTR":"BI","INDIRIZZO_CENTRALE":"ZUMAGLIA 5 (STR.VECCHIA)","LATITUDINE_SEZIONE":"45.58258","LONGITUDINE_SEZIONE":"8.10838","POS_X_SEZIONE":"430442.77489","POS_Y_SEZIONE":"5048057.92982","LATITUDINE_CENTRALE":"45.58400","LONGITUDINE_CENTRALE":"8.09760","POS_X_CENTRALE":"429603.21762","POS_Y_CENTRALE":"5048224.95028","TIPO_ADSL":"ADSL_1","DESCRIZIONE_TIPO_ADSL":"ADSL (8 mega)","DISTANZA_CALCOLATA":"856.01","CLASSE_DISTANZA":"500-899","POTENZA_SEGNALE":"7000","POPOLAZIONE_SEZIONE": "57"}
			},
		 		{ "type" : "Feature",
				"geometry" : {
					"type" : "Point",
					"coordinates" : [8.12577,45.58457]},
			"properties" : { "ANNO":"2010","ID_SEZIONE":"10376","ISTAT_COMUNE_SEZ":"96067","COMUNE_SEZ":"TERNENGO","PROVINCIA":"BI","ID_CENTRALE":"1149","NOME_CENTRALE":"RONCO BIELLESE","ISTAT_COMUNE_CENTR":"96053","COMUNE_CENTR":"RONCO BIELLESE","PROVINCIA_CENTR":"BI","INDIRIZZO_CENTRALE":"ZUMAGLIA 5 (STR.VECCHIA)","LATITUDINE_SEZIONE":"45.58457","LONGITUDINE_SEZIONE":"8.12577","POS_X_SEZIONE":"431801.87991","POS_Y_SEZIONE":"5048263.45328","LATITUDINE_CENTRALE":"45.58400","LONGITUDINE_CENTRALE":"8.09760","POS_X_CENTRALE":"429603.21762","POS_Y_CENTRALE":"5048224.95028","TIPO_ADSL":"ADSL_1","DESCRIZIONE_TIPO_ADSL":"ADSL (8 mega)","DISTANZA_CALCOLATA":"2199","CLASSE_DISTANZA":"2100-2499","POTENZA_SEGNALE":"6500.38","POPOLAZIONE_SEZIONE": "38"}
			},
		 		{ "type" : "Feature",
				"geometry" : {
					"type" : "Point",
					"coordinates" : [8.11491,45.57345]},
			"properties" : { "ANNO":"2010","ID_SEZIONE":"12068","ISTAT_COMUNE_SEZ":"96077","COMUNE_SEZ":"VIGLIANO BIELLESE","PROVINCIA":"BI","ID_CENTRALE":"1149","NOME_CENTRALE":"RONCO BIELLESE","ISTAT_COMUNE_CENTR":"96053","COMUNE_CENTR":"RONCO BIELLESE","PROVINCIA_CENTR":"BI","INDIRIZZO_CENTRALE":"ZUMAGLIA 5 (STR.VECCHIA)","LATITUDINE_SEZIONE":"45.57345","LONGITUDINE_SEZIONE":"8.11491","POS_X_SEZIONE":"430940.56074","POS_Y_SEZIONE":"5047037.93571","LATITUDINE_CENTRALE":"45.58400","LONGITUDINE_CENTRALE":"8.09760","POS_X_CENTRALE":"429603.21762","POS_Y_CENTRALE":"5048224.95028","TIPO_ADSL":"ADSL_1","DESCRIZIONE_TIPO_ADSL":"ADSL (8 mega)","DISTANZA_CALCOLATA":"1788.15","CLASSE_DISTANZA":"1700-2099","POTENZA_SEGNALE":"6874.88","POPOLAZIONE_SEZIONE": "26"}
			},
		 		{ "type" : "Feature",
				"geometry" : {
					"type" : "Point",
					"coordinates" : [8.11270,45.58670]},
			"properties" : { "ANNO":"2010","ID_SEZIONE":"12852","ISTAT_COMUNE_SEZ":"96067","COMUNE_SEZ":"TERNENGO","PROVINCIA":"BI","ID_CENTRALE":"1149","NOME_CENTRALE":"RONCO BIELLESE","ISTAT_COMUNE_CENTR":"96053","COMUNE_CENTR":"RONCO BIELLESE","PROVINCIA_CENTR":"BI","INDIRIZZO_CENTRALE":"ZUMAGLIA 5 (STR.VECCHIA)","LATITUDINE_SEZIONE":"45.58670","LONGITUDINE_SEZIONE":"8.11270","POS_X_SEZIONE":"430784.45860","POS_Y_SEZIONE":"5048511.93251","LATITUDINE_CENTRALE":"45.58400","LONGITUDINE_CENTRALE":"8.09760","POS_X_CENTRALE":"429603.21762","POS_Y_CENTRALE":"5048224.95028","TIPO_ADSL":"ADSL_1","DESCRIZIONE_TIPO_ADSL":"ADSL (8 mega)","DISTANZA_CALCOLATA":"1215.6","CLASSE_DISTANZA":"900-1299","POTENZA_SEGNALE":"7000","POPOLAZIONE_SEZIONE": "15"}
			},
		 		{ "type" : "Feature",
				"geometry" : {
					"type" : "Point",
					"coordinates" : [8.08045,45.58552]},
			"properties" : { "ANNO":"2010","ID_SEZIONE":"12853","ISTAT_COMUNE_SEZ":"96053","COMUNE_SEZ":"RONCO BIELLESE","PROVINCIA":"BI","ID_CENTRALE":"1149","NOME_CENTRALE":"RONCO BIELLESE","ISTAT_COMUNE_CENTR":"96053","COMUNE_CENTR":"RONCO BIELLESE","PROVINCIA_CENTR":"BI","INDIRIZZO_CENTRALE":"ZUMAGLIA 5 (STR.VECCHIA)","LATITUDINE_SEZIONE":"45.58552","LONGITUDINE_SEZIONE":"8.08045","POS_X_SEZIONE":"428267.59101","POS_Y_SEZIONE":"5048408.38666","LATITUDINE_CENTRALE":"45.58400","LONGITUDINE_CENTRALE":"8.09760","POS_X_CENTRALE":"429603.21762","POS_Y_CENTRALE":"5048224.95028","TIPO_ADSL":"ADSL_1","DESCRIZIONE_TIPO_ADSL":"ADSL (8 mega)","DISTANZA_CALCOLATA":"1348.16","CLASSE_DISTANZA":"1300-1699","POTENZA_SEGNALE":"7000","POPOLAZIONE_SEZIONE": "24"}
			},
		 		{ "type" : "Feature",
				"geometry" : {
					"type" : "Point",
					"coordinates" : [8.08939,45.59246]},
			"properties" : { "ANNO":"2010","ID_SEZIONE":"13074","ISTAT_COMUNE_SEZ":"96083","COMUNE_SEZ":"ZUMAGLIA","PROVINCIA":"BI","ID_CENTRALE":"1149","NOME_CENTRALE":"RONCO BIELLESE","ISTAT_COMUNE_CENTR":"96053","COMUNE_CENTR":"RONCO BIELLESE","PROVINCIA_CENTR":"BI","INDIRIZZO_CENTRALE":"ZUMAGLIA 5 (STR.VECCHIA)","LATITUDINE_SEZIONE":"45.59246","LONGITUDINE_SEZIONE":"8.08939","POS_X_SEZIONE":"428973.45879","POS_Y_SEZIONE":"5049171.89386","LATITUDINE_CENTRALE":"45.58400","LONGITUDINE_CENTRALE":"8.09760","POS_X_CENTRALE":"429603.21762","POS_Y_CENTRALE":"5048224.95028","TIPO_ADSL":"ADSL_1","DESCRIZIONE_TIPO_ADSL":"ADSL (8 mega)","DISTANZA_CALCOLATA":"1137.23","CLASSE_DISTANZA":"900-1299","POTENZA_SEGNALE":"7000","POPOLAZIONE_SEZIONE": "318"}
			},
		 		{ "type" : "Feature",
				"geometry" : {
					"type" : "Point",
					"coordinates" : [8.08076,45.58332]},
			"properties" : { "ANNO":"2010","ID_SEZIONE":"13494","ISTAT_COMUNE_SEZ":"96053","COMUNE_SEZ":"RONCO BIELLESE","PROVINCIA":"BI","ID_CENTRALE":"1149","NOME_CENTRALE":"RONCO BIELLESE","ISTAT_COMUNE_CENTR":"96053","COMUNE_CENTR":"RONCO BIELLESE","PROVINCIA_CENTR":"BI","INDIRIZZO_CENTRALE":"ZUMAGLIA 5 (STR.VECCHIA)","LATITUDINE_SEZIONE":"45.58332","LONGITUDINE_SEZIONE":"8.08076","POS_X_SEZIONE":"428288.37053","POS_Y_SEZIONE":"5048163.88823","LATITUDINE_CENTRALE":"45.58400","LONGITUDINE_CENTRALE":"8.09760","POS_X_CENTRALE":"429603.21762","POS_Y_CENTRALE":"5048224.95028","TIPO_ADSL":"ADSL_1","DESCRIZIONE_TIPO_ADSL":"ADSL (8 mega)","DISTANZA_CALCOLATA":"1316.26","CLASSE_DISTANZA":"1300-1699","POTENZA_SEGNALE":"7000","POPOLAZIONE_SEZIONE": "23"}
			},
		 		{ "type" : "Feature",
				"geometry" : {
					"type" : "Point",
					"coordinates" : [8.12563,45.58058]},
			"properties" : { "ANNO":"2010","ID_SEZIONE":"13946","ISTAT_COMUNE_SEZ":"96071","COMUNE_SEZ":"VALDENGO","PROVINCIA":"BI","ID_CENTRALE":"1149","NOME_CENTRALE":"RONCO BIELLESE","ISTAT_COMUNE_CENTR":"96053","COMUNE_CENTR":"RONCO BIELLESE","PROVINCIA_CENTR":"BI","INDIRIZZO_CENTRALE":"ZUMAGLIA 5 (STR.VECCHIA)","LATITUDINE_SEZIONE":"45.58058","LONGITUDINE_SEZIONE":"8.12563","POS_X_SEZIONE":"431785.96644","POS_Y_SEZIONE":"5047820.95318","LATITUDINE_CENTRALE":"45.58400","LONGITUDINE_CENTRALE":"8.09760","POS_X_CENTRALE":"429603.21762","POS_Y_CENTRALE":"5048224.95028","TIPO_ADSL":"ADSL_1","DESCRIZIONE_TIPO_ADSL":"ADSL (8 mega)","DISTANZA_CALCOLATA":"2219.82","CLASSE_DISTANZA":"2100-2499","POTENZA_SEGNALE":"6500.38","POPOLAZIONE_SEZIONE": "38"}
			},
		 		{ "type" : "Feature",
				"geometry" : {
					"type" : "Point",
					"coordinates" : [8.08441,45.58390]},
			"properties" : { "ANNO":"2010","ID_SEZIONE":"14548","ISTAT_COMUNE_SEZ":"96053","COMUNE_SEZ":"RONCO BIELLESE","PROVINCIA":"BI","ID_CENTRALE":"1149","NOME_CENTRALE":"RONCO BIELLESE","ISTAT_COMUNE_CENTR":"96053","COMUNE_CENTR":"RONCO BIELLESE","PROVINCIA_CENTR":"BI","INDIRIZZO_CENTRALE":"ZUMAGLIA 5 (STR.VECCHIA)","LATITUDINE_SEZIONE":"45.58390","LONGITUDINE_SEZIONE":"8.08441","POS_X_SEZIONE":"428574.08496","POS_Y_SEZIONE":"5048224.89354","LATITUDINE_CENTRALE":"45.58400","LONGITUDINE_CENTRALE":"8.09760","POS_X_CENTRALE":"429603.21762","POS_Y_CENTRALE":"5048224.95028","TIPO_ADSL":"ADSL_1","DESCRIZIONE_TIPO_ADSL":"ADSL (8 mega)","DISTANZA_CALCOLATA":"1029.13","CLASSE_DISTANZA":"900-1299","POTENZA_SEGNALE":"7000","POPOLAZIONE_SEZIONE": "50"}
			},
		 		{ "type" : "Feature",
				"geometry" : {
					"type" : "Point",
					"coordinates" : [8.08366,45.58259]},
			"properties" : { "ANNO":"2010","ID_SEZIONE":"15212","ISTAT_COMUNE_SEZ":"96053","COMUNE_SEZ":"RONCO BIELLESE","PROVINCIA":"BI","ID_CENTRALE":"1149","NOME_CENTRALE":"RONCO BIELLESE","ISTAT_COMUNE_CENTR":"96053","COMUNE_CENTR":"RONCO BIELLESE","PROVINCIA_CENTR":"BI","INDIRIZZO_CENTRALE":"ZUMAGLIA 5 (STR.VECCHIA)","LATITUDINE_SEZIONE":"45.58259","LONGITUDINE_SEZIONE":"8.08366","POS_X_SEZIONE":"428514.33559","POS_Y_SEZIONE":"5048080.39331","LATITUDINE_CENTRALE":"45.58400","LONGITUDINE_CENTRALE":"8.09760","POS_X_CENTRALE":"429603.21762","POS_Y_CENTRALE":"5048224.95028","TIPO_ADSL":"ADSL_1","DESCRIZIONE_TIPO_ADSL":"ADSL (8 mega)","DISTANZA_CALCOLATA":"1098.44","CLASSE_DISTANZA":"900-1299","POTENZA_SEGNALE":"7000","POPOLAZIONE_SEZIONE": "86"}
			},
		 		{ "type" : "Feature",
				"geometry" : {
					"type" : "Point",
					"coordinates" : [8.09308,45.59574]},
			"properties" : { "ANNO":"2010","ID_SEZIONE":"15581","ISTAT_COMUNE_SEZ":"96083","COMUNE_SEZ":"ZUMAGLIA","PROVINCIA":"BI","ID_CENTRALE":"1149","NOME_CENTRALE":"RONCO BIELLESE","ISTAT_COMUNE_CENTR":"96053","COMUNE_CENTR":"RONCO BIELLESE","PROVINCIA_CENTR":"BI","INDIRIZZO_CENTRALE":"ZUMAGLIA 5 (STR.VECCHIA)","LATITUDINE_SEZIONE":"45.59574","LONGITUDINE_SEZIONE":"8.09308","POS_X_SEZIONE":"429265.33104","POS_Y_SEZIONE":"5049532.89635","LATITUDINE_CENTRALE":"45.58400","LONGITUDINE_CENTRALE":"8.09760","POS_X_CENTRALE":"429603.21762","POS_Y_CENTRALE":"5048224.95028","TIPO_ADSL":"ADSL_1","DESCRIZIONE_TIPO_ADSL":"ADSL (8 mega)","DISTANZA_CALCOLATA":"1350.88","CLASSE_DISTANZA":"1300-1699","POTENZA_SEGNALE":"7000","POPOLAZIONE_SEZIONE": ""}
			},
		 		{ "type" : "Feature",
				"geometry" : {
					"type" : "Point",
					"coordinates" : [8.08621,45.59666]},
			"properties" : { "ANNO":"2010","ID_SEZIONE":"18625","ISTAT_COMUNE_SEZ":"96083","COMUNE_SEZ":"ZUMAGLIA","PROVINCIA":"BI","ID_CENTRALE":"1149","NOME_CENTRALE":"RONCO BIELLESE","ISTAT_COMUNE_CENTR":"96053","COMUNE_CENTR":"RONCO BIELLESE","PROVINCIA_CENTR":"BI","INDIRIZZO_CENTRALE":"ZUMAGLIA 5 (STR.VECCHIA)","LATITUDINE_SEZIONE":"45.59666","LONGITUDINE_SEZIONE":"8.08621","POS_X_SEZIONE":"428731.12100","POS_Y_SEZIONE":"5049641.38608","LATITUDINE_CENTRALE":"45.58400","LONGITUDINE_CENTRALE":"8.09760","POS_X_CENTRALE":"429603.21762","POS_Y_CENTRALE":"5048224.95028","TIPO_ADSL":"ADSL_1","DESCRIZIONE_TIPO_ADSL":"ADSL (8 mega)","DISTANZA_CALCOLATA":"1663.38","CLASSE_DISTANZA":"1300-1699","POTENZA_SEGNALE":"7000","POPOLAZIONE_SEZIONE": "347"}
			},
		 		{ "type" : "Feature",
				"geometry" : {
					"type" : "Point",
					"coordinates" : [8.09076,45.57843]},
			"properties" : { "ANNO":"2010","ID_SEZIONE":"18661","ISTAT_COMUNE_SEZ":"96053","COMUNE_SEZ":"RONCO BIELLESE","PROVINCIA":"BI","ID_CENTRALE":"1149","NOME_CENTRALE":"RONCO BIELLESE","ISTAT_COMUNE_CENTR":"96053","COMUNE_CENTR":"RONCO BIELLESE","PROVINCIA_CENTR":"BI","INDIRIZZO_CENTRALE":"ZUMAGLIA 5 (STR.VECCHIA)","LATITUDINE_SEZIONE":"45.57843","LONGITUDINE_SEZIONE":"8.09076","POS_X_SEZIONE":"429063.06749","POS_Y_SEZIONE":"5047611.90102","LATITUDINE_CENTRALE":"45.58400","LONGITUDINE_CENTRALE":"8.09760","POS_X_CENTRALE":"429603.21762","POS_Y_CENTRALE":"5048224.95028","TIPO_ADSL":"ADSL_1","DESCRIZIONE_TIPO_ADSL":"ADSL (8 mega)","DISTANZA_CALCOLATA":"817.06","CLASSE_DISTANZA":"500-899","POTENZA_SEGNALE":"7000","POPOLAZIONE_SEZIONE": "452"}
			},
		 		{ "type" : "Feature",
				"geometry" : {
					"type" : "Point",
					"coordinates" : [8.12146,45.58718]},
			"properties" : { "ANNO":"2010","ID_SEZIONE":"19217","ISTAT_COMUNE_SEZ":"96067","COMUNE_SEZ":"TERNENGO","PROVINCIA":"BI","ID_CENTRALE":"1149","NOME_CENTRALE":"RONCO BIELLESE","ISTAT_COMUNE_CENTR":"96053","COMUNE_CENTR":"RONCO BIELLESE","PROVINCIA_CENTR":"BI","INDIRIZZO_CENTRALE":"ZUMAGLIA 5 (STR.VECCHIA)","LATITUDINE_SEZIONE":"45.58718","LONGITUDINE_SEZIONE":"8.12146","POS_X_SEZIONE":"431468.51108","POS_Y_SEZIONE":"5048556.94448","LATITUDINE_CENTRALE":"45.58400","LONGITUDINE_CENTRALE":"8.09760","POS_X_CENTRALE":"429603.21762","POS_Y_CENTRALE":"5048224.95028","TIPO_ADSL":"ADSL_1","DESCRIZIONE_TIPO_ADSL":"ADSL (8 mega)","DISTANZA_CALCOLATA":"1894.61","CLASSE_DISTANZA":"1700-2099","POTENZA_SEGNALE":"6874.88","POPOLAZIONE_SEZIONE": "5"}
			},
		 		{ "type" : "Feature",
				"geometry" : {
					"type" : "Point",
					"coordinates" : [8.09872,45.57958]},
			"properties" : { "ANNO":"2010","ID_SEZIONE":"19261","ISTAT_COMUNE_SEZ":"96053","COMUNE_SEZ":"RONCO BIELLESE","PROVINCIA":"BI","ID_CENTRALE":"1149","NOME_CENTRALE":"RONCO BIELLESE","ISTAT_COMUNE_CENTR":"96053","COMUNE_CENTR":"RONCO BIELLESE","PROVINCIA_CENTR":"BI","INDIRIZZO_CENTRALE":"ZUMAGLIA 5 (STR.VECCHIA)","LATITUDINE_SEZIONE":"45.57958","LONGITUDINE_SEZIONE":"8.09872","POS_X_SEZIONE":"429684.90378","POS_Y_SEZIONE":"5047732.41302","LATITUDINE_CENTRALE":"45.58400","LONGITUDINE_CENTRALE":"8.09760","POS_X_CENTRALE":"429603.21762","POS_Y_CENTRALE":"5048224.95028","TIPO_ADSL":"ADSL_1","DESCRIZIONE_TIPO_ADSL":"ADSL (8 mega)","DISTANZA_CALCOLATA":"499.27","CLASSE_DISTANZA":"100-499","POTENZA_SEGNALE":"7000","POPOLAZIONE_SEZIONE": ""}
			},
		 		{ "type" : "Feature",
				"geometry" : {
					"type" : "Point",
					"coordinates" : [8.08011,45.59401]},
			"properties" : { "ANNO":"2010","ID_SEZIONE":"20300","ISTAT_COMUNE_SEZ":"96083","COMUNE_SEZ":"ZUMAGLIA","PROVINCIA":"BI","ID_CENTRALE":"1149","NOME_CENTRALE":"RONCO BIELLESE","ISTAT_COMUNE_CENTR":"96053","COMUNE_CENTR":"RONCO BIELLESE","PROVINCIA_CENTR":"BI","INDIRIZZO_CENTRALE":"ZUMAGLIA 5 (STR.VECCHIA)","LATITUDINE_SEZIONE":"45.59401","LONGITUDINE_SEZIONE":"8.08011","POS_X_SEZIONE":"428251.37700","POS_Y_SEZIONE":"5049351.87978","LATITUDINE_CENTRALE":"45.58400","LONGITUDINE_CENTRALE":"8.09760","POS_X_CENTRALE":"429603.21762","POS_Y_CENTRALE":"5048224.95028","TIPO_ADSL":"ADSL_1","DESCRIZIONE_TIPO_ADSL":"ADSL (8 mega)","DISTANZA_CALCOLATA":"1759.96","CLASSE_DISTANZA":"1700-2099","POTENZA_SEGNALE":"6874.88","POPOLAZIONE_SEZIONE": "17"}
			},
		 		{ "type" : "Feature",
				"geometry" : {
					"type" : "Point",
					"coordinates" : [8.08449,45.58491]},
			"properties" : { "ANNO":"2010","ID_SEZIONE":"21664","ISTAT_COMUNE_SEZ":"96053","COMUNE_SEZ":"RONCO BIELLESE","PROVINCIA":"BI","ID_CENTRALE":"1149","NOME_CENTRALE":"RONCO BIELLESE","ISTAT_COMUNE_CENTR":"96053","COMUNE_CENTR":"RONCO BIELLESE","PROVINCIA_CENTR":"BI","INDIRIZZO_CENTRALE":"ZUMAGLIA 5 (STR.VECCHIA)","LATITUDINE_SEZIONE":"45.58491","LONGITUDINE_SEZIONE":"8.08449","POS_X_SEZIONE":"428581.96055","POS_Y_SEZIONE":"5048337.89296","LATITUDINE_CENTRALE":"45.58400","LONGITUDINE_CENTRALE":"8.09760","POS_X_CENTRALE":"429603.21762","POS_Y_CENTRALE":"5048224.95028","TIPO_ADSL":"ADSL_1","DESCRIZIONE_TIPO_ADSL":"ADSL (8 mega)","DISTANZA_CALCOLATA":"1027.48","CLASSE_DISTANZA":"900-1299","POTENZA_SEGNALE":"7000","POPOLAZIONE_SEZIONE": "28"}
			},
		 		{ "type" : "Feature",
				"geometry" : {
					"type" : "Point",
					"coordinates" : [8.11308,45.58911]},
			"properties" : { "ANNO":"2010","ID_SEZIONE":"23684","ISTAT_COMUNE_SEZ":"96067","COMUNE_SEZ":"TERNENGO","PROVINCIA":"BI","ID_CENTRALE":"1149","NOME_CENTRALE":"RONCO BIELLESE","ISTAT_COMUNE_CENTR":"96053","COMUNE_CENTR":"RONCO BIELLESE","PROVINCIA_CENTR":"BI","INDIRIZZO_CENTRALE":"ZUMAGLIA 5 (STR.VECCHIA)","LATITUDINE_SEZIONE":"45.58911","LONGITUDINE_SEZIONE":"8.11308","POS_X_SEZIONE":"430817.55325","POS_Y_SEZIONE":"5048778.43056","LATITUDINE_CENTRALE":"45.58400","LONGITUDINE_CENTRALE":"8.09760","POS_X_CENTRALE":"429603.21762","POS_Y_CENTRALE":"5048224.95028","TIPO_ADSL":"ADSL_1","DESCRIZIONE_TIPO_ADSL":"ADSL (8 mega)","DISTANZA_CALCOLATA":"1334.52","CLASSE_DISTANZA":"1300-1699","POTENZA_SEGNALE":"7000","POPOLAZIONE_SEZIONE": "84"}
			},
		 		{ "type" : "Feature",
				"geometry" : {
					"type" : "Point",
					"coordinates" : [8.07895,45.59083]},
			"properties" : { "ANNO":"2010","ID_SEZIONE":"26889","ISTAT_COMUNE_SEZ":"96083","COMUNE_SEZ":"ZUMAGLIA","PROVINCIA":"BI","ID_CENTRALE":"1149","NOME_CENTRALE":"RONCO BIELLESE","ISTAT_COMUNE_CENTR":"96053","COMUNE_CENTR":"RONCO BIELLESE","PROVINCIA_CENTR":"BI","INDIRIZZO_CENTRALE":"ZUMAGLIA 5 (STR.VECCHIA)","LATITUDINE_SEZIONE":"45.59083","LONGITUDINE_SEZIONE":"8.07895","POS_X_SEZIONE":"428157.03229","POS_Y_SEZIONE":"5049000.38051","LATITUDINE_CENTRALE":"45.58400","LONGITUDINE_CENTRALE":"8.09760","POS_X_CENTRALE":"429603.21762","POS_Y_CENTRALE":"5048224.95028","TIPO_ADSL":"ADSL_1","DESCRIZIONE_TIPO_ADSL":"ADSL (8 mega)","DISTANZA_CALCOLATA":"1640.96","CLASSE_DISTANZA":"1300-1699","POTENZA_SEGNALE":"7000","POPOLAZIONE_SEZIONE": "77"}
			},
		 		{ "type" : "Feature",
				"geometry" : {
					"type" : "Point",
					"coordinates" : [8.11663,45.59023]},
			"properties" : { "ANNO":"2010","ID_SEZIONE":"27323","ISTAT_COMUNE_SEZ":"96067","COMUNE_SEZ":"TERNENGO","PROVINCIA":"BI","ID_CENTRALE":"1149","NOME_CENTRALE":"RONCO BIELLESE","ISTAT_COMUNE_CENTR":"96053","COMUNE_CENTR":"RONCO BIELLESE","PROVINCIA_CENTR":"BI","INDIRIZZO_CENTRALE":"ZUMAGLIA 5 (STR.VECCHIA)","LATITUDINE_SEZIONE":"45.59023","LONGITUDINE_SEZIONE":"8.11663","POS_X_SEZIONE":"431095.58052","POS_Y_SEZIONE":"5048899.93482","LATITUDINE_CENTRALE":"45.58400","LONGITUDINE_CENTRALE":"8.09760","POS_X_CENTRALE":"429603.21762","POS_Y_CENTRALE":"5048224.95028","TIPO_ADSL":"ADSL_1","DESCRIZIONE_TIPO_ADSL":"ADSL (8 mega)","DISTANZA_CALCOLATA":"1637.91","CLASSE_DISTANZA":"1300-1699","POTENZA_SEGNALE":"7000","POPOLAZIONE_SEZIONE": "165"}
			},
		 		{ "type" : "Feature",
				"geometry" : {
					"type" : "Point",
					"coordinates" : [8.07162,45.58665]},
			"properties" : { "ANNO":"2010","ID_SEZIONE":"29404","ISTAT_COMUNE_SEZ":"96053","COMUNE_SEZ":"RONCO BIELLESE","PROVINCIA":"BI","ID_CENTRALE":"1149","NOME_CENTRALE":"RONCO BIELLESE","ISTAT_COMUNE_CENTR":"96053","COMUNE_CENTR":"RONCO BIELLESE","PROVINCIA_CENTR":"BI","INDIRIZZO_CENTRALE":"ZUMAGLIA 5 (STR.VECCHIA)","LATITUDINE_SEZIONE":"45.58665","LONGITUDINE_SEZIONE":"8.07162","POS_X_SEZIONE":"427579.91613","POS_Y_SEZIONE":"5048542.37450","LATITUDINE_CENTRALE":"45.58400","LONGITUDINE_CENTRALE":"8.09760","POS_X_CENTRALE":"429603.21762","POS_Y_CENTRALE":"5048224.95028","TIPO_ADSL":"ADSL_1","DESCRIZIONE_TIPO_ADSL":"ADSL (8 mega)","DISTANZA_CALCOLATA":"2048.05","CLASSE_DISTANZA":"1700-2099","POTENZA_SEGNALE":"6874.88","POPOLAZIONE_SEZIONE": "86"}
			},
		 		{ "type" : "Feature",
				"geometry" : {
					"type" : "Point",
					"coordinates" : [8.10699,45.58355]},
			"properties" : { "ANNO":"2010","ID_SEZIONE":"30433","ISTAT_COMUNE_SEZ":"96053","COMUNE_SEZ":"RONCO BIELLESE","PROVINCIA":"BI","ID_CENTRALE":"1149","NOME_CENTRALE":"RONCO BIELLESE","ISTAT_COMUNE_CENTR":"96053","COMUNE_CENTR":"RONCO BIELLESE","PROVINCIA_CENTR":"BI","INDIRIZZO_CENTRALE":"ZUMAGLIA 5 (STR.VECCHIA)","LATITUDINE_SEZIONE":"45.58355","LONGITUDINE_SEZIONE":"8.10699","POS_X_SEZIONE":"430335.11972","POS_Y_SEZIONE":"5048166.42672","LATITUDINE_CENTRALE":"45.58400","LONGITUDINE_CENTRALE":"8.09760","POS_X_CENTRALE":"429603.21762","POS_Y_CENTRALE":"5048224.95028","TIPO_ADSL":"ADSL_1","DESCRIZIONE_TIPO_ADSL":"ADSL (8 mega)","DISTANZA_CALCOLATA":"734.24","CLASSE_DISTANZA":"500-899","POTENZA_SEGNALE":"7000","POPOLAZIONE_SEZIONE": "10"}
			}
		 		]
	}
		