 	{ "type" : "FeatureCollection",
		"features" : [
		 		{ "type" : "Feature",
				"geometry" : {
					"type" : "Point",
					"coordinates" : [7.75406,45.03146]},
			"properties" : { "ANNO":"2010","ID_SEZIONE":"1359","ISTAT_COMUNE_SEZ":"1183","COMUNE_SEZ":"PECETTO TORINESE","PROVINCIA":"TO","ID_CENTRALE":"1481","NOME_CENTRALE":"TORINO PECETTO","ISTAT_COMUNE_CENTR":"1183","COMUNE_CENTR":"PECETTO TORINESE","PROVINCIA_CENTR":"TO","INDIRIZZO_CENTRALE":"GIBELLINI 3 BIS","LATITUDINE_SEZIONE":"45.03146","LONGITUDINE_SEZIONE":"7.75406","POS_X_SEZIONE":"401854.44488","POS_Y_SEZIONE":"4987200.10398","LATITUDINE_CENTRALE":"45.01576","LONGITUDINE_CENTRALE":"7.75248","POS_X_CENTRALE":"401703.55613","POS_Y_CENTRALE":"4985457.76566","TIPO_ADSL":"ADSL_1","DESCRIZIONE_TIPO_ADSL":"ADSL (8 mega)","DISTANZA_CALCOLATA":"1748.86","CLASSE_DISTANZA":"1700-2099","POTENZA_SEGNALE":"6874.88","POPOLAZIONE_SEZIONE": "208"}
			},
		 		{ "type" : "Feature",
				"geometry" : {
					"type" : "Point",
					"coordinates" : [7.76205,45.00652]},
			"properties" : { "ANNO":"2010","ID_SEZIONE":"1447","ISTAT_COMUNE_SEZ":"1183","COMUNE_SEZ":"PECETTO TORINESE","PROVINCIA":"TO","ID_CENTRALE":"1481","NOME_CENTRALE":"TORINO PECETTO","ISTAT_COMUNE_CENTR":"1183","COMUNE_CENTR":"PECETTO TORINESE","PROVINCIA_CENTR":"TO","INDIRIZZO_CENTRALE":"GIBELLINI 3 BIS","LATITUDINE_SEZIONE":"45.00652","LONGITUDINE_SEZIONE":"7.76205","POS_X_SEZIONE":"402442.01198","POS_Y_SEZIONE":"4984420.57015","LATITUDINE_CENTRALE":"45.01576","LONGITUDINE_CENTRALE":"7.75248","POS_X_CENTRALE":"401703.55613","POS_Y_CENTRALE":"4985457.76566","TIPO_ADSL":"ADSL_1","DESCRIZIONE_TIPO_ADSL":"ADSL (8 mega)","DISTANZA_CALCOLATA":"1273.22","CLASSE_DISTANZA":"900-1299","POTENZA_SEGNALE":"7000","POPOLAZIONE_SEZIONE": "206"}
			},
		 		{ "type" : "Feature",
				"geometry" : {
					"type" : "Point",
					"coordinates" : [7.75240,45.00797]},
			"properties" : { "ANNO":"2010","ID_SEZIONE":"1855","ISTAT_COMUNE_SEZ":"1183","COMUNE_SEZ":"PECETTO TORINESE","PROVINCIA":"TO","ID_CENTRALE":"1481","NOME_CENTRALE":"TORINO PECETTO","ISTAT_COMUNE_CENTR":"1183","COMUNE_CENTR":"PECETTO TORINESE","PROVINCIA_CENTR":"TO","INDIRIZZO_CENTRALE":"GIBELLINI 3 BIS","LATITUDINE_SEZIONE":"45.00797","LONGITUDINE_SEZIONE":"7.75240","POS_X_SEZIONE":"401683.79937","POS_Y_SEZIONE":"4984593.06193","LATITUDINE_CENTRALE":"45.01576","LONGITUDINE_CENTRALE":"7.75248","POS_X_CENTRALE":"401703.55613","POS_Y_CENTRALE":"4985457.76566","TIPO_ADSL":"ADSL_1","DESCRIZIONE_TIPO_ADSL":"ADSL (8 mega)","DISTANZA_CALCOLATA":"864.93","CLASSE_DISTANZA":"500-899","POTENZA_SEGNALE":"7000","POPOLAZIONE_SEZIONE": "35"}
			},
		 		{ "type" : "Feature",
				"geometry" : {
					"type" : "Point",
					"coordinates" : [7.76971,44.99808]},
			"properties" : { "ANNO":"2010","ID_SEZIONE":"4166","ISTAT_COMUNE_SEZ":"1183","COMUNE_SEZ":"PECETTO TORINESE","PROVINCIA":"TO","ID_CENTRALE":"1481","NOME_CENTRALE":"TORINO PECETTO","ISTAT_COMUNE_CENTR":"1183","COMUNE_CENTR":"PECETTO TORINESE","PROVINCIA_CENTR":"TO","INDIRIZZO_CENTRALE":"GIBELLINI 3 BIS","LATITUDINE_SEZIONE":"44.99808","LONGITUDINE_SEZIONE":"7.76971","POS_X_SEZIONE":"403030.90824","POS_Y_SEZIONE":"4983473.06346","LATITUDINE_CENTRALE":"45.01576","LONGITUDINE_CENTRALE":"7.75248","POS_X_CENTRALE":"401703.55613","POS_Y_CENTRALE":"4985457.76566","TIPO_ADSL":"ADSL_1","DESCRIZIONE_TIPO_ADSL":"ADSL (8 mega)","DISTANZA_CALCOLATA":"2387.66","CLASSE_DISTANZA":"2100-2499","POTENZA_SEGNALE":"6500.38","POPOLAZIONE_SEZIONE": "55"}
			},
		 		{ "type" : "Feature",
				"geometry" : {
					"type" : "Point",
					"coordinates" : [7.74562,45.02445]},
			"properties" : { "ANNO":"2010","ID_SEZIONE":"7658","ISTAT_COMUNE_SEZ":"1183","COMUNE_SEZ":"PECETTO TORINESE","PROVINCIA":"TO","ID_CENTRALE":"1481","NOME_CENTRALE":"TORINO PECETTO","ISTAT_COMUNE_CENTR":"1183","COMUNE_CENTR":"PECETTO TORINESE","PROVINCIA_CENTR":"TO","INDIRIZZO_CENTRALE":"GIBELLINI 3 BIS","LATITUDINE_SEZIONE":"45.02445","LONGITUDINE_SEZIONE":"7.74562","POS_X_SEZIONE":"401177.47540","POS_Y_SEZIONE":"4986431.58378","LATITUDINE_CENTRALE":"45.01576","LONGITUDINE_CENTRALE":"7.75248","POS_X_CENTRALE":"401703.55613","POS_Y_CENTRALE":"4985457.76566","TIPO_ADSL":"ADSL_1","DESCRIZIONE_TIPO_ADSL":"ADSL (8 mega)","DISTANZA_CALCOLATA":"1106.83","CLASSE_DISTANZA":"900-1299","POTENZA_SEGNALE":"7000","POPOLAZIONE_SEZIONE": "421"}
			},
		 		{ "type" : "Feature",
				"geometry" : {
					"type" : "Point",
					"coordinates" : [7.76952,45.00147]},
			"properties" : { "ANNO":"2010","ID_SEZIONE":"8321","ISTAT_COMUNE_SEZ":"1183","COMUNE_SEZ":"PECETTO TORINESE","PROVINCIA":"TO","ID_CENTRALE":"1481","NOME_CENTRALE":"TORINO PECETTO","ISTAT_COMUNE_CENTR":"1183","COMUNE_CENTR":"PECETTO TORINESE","PROVINCIA_CENTR":"TO","INDIRIZZO_CENTRALE":"GIBELLINI 3 BIS","LATITUDINE_SEZIONE":"45.00147","LONGITUDINE_SEZIONE":"7.76952","POS_X_SEZIONE":"403021.91035","POS_Y_SEZIONE":"4983850.06954","LATITUDINE_CENTRALE":"45.01576","LONGITUDINE_CENTRALE":"7.75248","POS_X_CENTRALE":"401703.55613","POS_Y_CENTRALE":"4985457.76566","TIPO_ADSL":"ADSL_1","DESCRIZIONE_TIPO_ADSL":"ADSL (8 mega)","DISTANZA_CALCOLATA":"2079.12","CLASSE_DISTANZA":"1700-2099","POTENZA_SEGNALE":"6874.88","POPOLAZIONE_SEZIONE": "113"}
			},
		 		{ "type" : "Feature",
				"geometry" : {
					"type" : "Point",
					"coordinates" : [7.76194,45.01343]},
			"properties" : { "ANNO":"2010","ID_SEZIONE":"10992","ISTAT_COMUNE_SEZ":"1183","COMUNE_SEZ":"PECETTO TORINESE","PROVINCIA":"TO","ID_CENTRALE":"1481","NOME_CENTRALE":"TORINO PECETTO","ISTAT_COMUNE_CENTR":"1183","COMUNE_CENTR":"PECETTO TORINESE","PROVINCIA_CENTR":"TO","INDIRIZZO_CENTRALE":"GIBELLINI 3 BIS","LATITUDINE_SEZIONE":"45.01343","LONGITUDINE_SEZIONE":"7.76194","POS_X_SEZIONE":"402444.79931","POS_Y_SEZIONE":"4985187.58148","LATITUDINE_CENTRALE":"45.01576","LONGITUDINE_CENTRALE":"7.75248","POS_X_CENTRALE":"401703.55613","POS_Y_CENTRALE":"4985457.76566","TIPO_ADSL":"ADSL_1","DESCRIZIONE_TIPO_ADSL":"ADSL (8 mega)","DISTANZA_CALCOLATA":"788.95","CLASSE_DISTANZA":"500-899","POTENZA_SEGNALE":"7000","POPOLAZIONE_SEZIONE": "37"}
			},
		 		{ "type" : "Feature",
				"geometry" : {
					"type" : "Point",
					"coordinates" : [7.74944,45.01390]},
			"properties" : { "ANNO":"2010","ID_SEZIONE":"10993","ISTAT_COMUNE_SEZ":"1183","COMUNE_SEZ":"PECETTO TORINESE","PROVINCIA":"TO","ID_CENTRALE":"1481","NOME_CENTRALE":"TORINO PECETTO","ISTAT_COMUNE_CENTR":"1183","COMUNE_CENTR":"PECETTO TORINESE","PROVINCIA_CENTR":"TO","INDIRIZZO_CENTRALE":"GIBELLINI 3 BIS","LATITUDINE_SEZIONE":"45.01390","LONGITUDINE_SEZIONE":"7.74944","POS_X_SEZIONE":"401460.65031","POS_Y_SEZIONE":"4985255.56893","LATITUDINE_CENTRALE":"45.01576","LONGITUDINE_CENTRALE":"7.75248","POS_X_CENTRALE":"401703.55613","POS_Y_CENTRALE":"4985457.76566","TIPO_ADSL":"ADSL_1","DESCRIZIONE_TIPO_ADSL":"ADSL (8 mega)","DISTANZA_CALCOLATA":"316.05","CLASSE_DISTANZA":"100-499","POTENZA_SEGNALE":"7000","POPOLAZIONE_SEZIONE": "409"}
			},
		 		{ "type" : "Feature",
				"geometry" : {
					"type" : "Point",
					"coordinates" : [7.75341,45.02113]},
			"properties" : { "ANNO":"2010","ID_SEZIONE":"15757","ISTAT_COMUNE_SEZ":"1183","COMUNE_SEZ":"PECETTO TORINESE","PROVINCIA":"TO","ID_CENTRALE":"1481","NOME_CENTRALE":"TORINO PECETTO","ISTAT_COMUNE_CENTR":"1183","COMUNE_CENTR":"PECETTO TORINESE","PROVINCIA_CENTR":"TO","INDIRIZZO_CENTRALE":"GIBELLINI 3 BIS","LATITUDINE_SEZIONE":"45.02113","LONGITUDINE_SEZIONE":"7.75341","POS_X_SEZIONE":"401785.56091","POS_Y_SEZIONE":"4986053.08574","LATITUDINE_CENTRALE":"45.01576","LONGITUDINE_CENTRALE":"7.75248","POS_X_CENTRALE":"401703.55613","POS_Y_CENTRALE":"4985457.76566","TIPO_ADSL":"ADSL_1","DESCRIZIONE_TIPO_ADSL":"ADSL (8 mega)","DISTANZA_CALCOLATA":"600.94","CLASSE_DISTANZA":"500-899","POTENZA_SEGNALE":"7000","POPOLAZIONE_SEZIONE": "331"}
			},
		 		{ "type" : "Feature",
				"geometry" : {
					"type" : "Point",
					"coordinates" : [7.74947,45.01972]},
			"properties" : { "ANNO":"2010","ID_SEZIONE":"19235","ISTAT_COMUNE_SEZ":"1183","COMUNE_SEZ":"PECETTO TORINESE","PROVINCIA":"TO","ID_CENTRALE":"1481","NOME_CENTRALE":"TORINO PECETTO","ISTAT_COMUNE_CENTR":"1183","COMUNE_CENTR":"PECETTO TORINESE","PROVINCIA_CENTR":"TO","INDIRIZZO_CENTRALE":"GIBELLINI 3 BIS","LATITUDINE_SEZIONE":"45.01972","LONGITUDINE_SEZIONE":"7.74947","POS_X_SEZIONE":"401473.25012","POS_Y_SEZIONE":"4985901.07908","LATITUDINE_CENTRALE":"45.01576","LONGITUDINE_CENTRALE":"7.75248","POS_X_CENTRALE":"401703.55613","POS_Y_CENTRALE":"4985457.76566","TIPO_ADSL":"ADSL_1","DESCRIZIONE_TIPO_ADSL":"ADSL (8 mega)","DISTANZA_CALCOLATA":"499.57","CLASSE_DISTANZA":"100-499","POTENZA_SEGNALE":"7000","POPOLAZIONE_SEZIONE": "500"}
			},
		 		{ "type" : "Feature",
				"geometry" : {
					"type" : "Point",
					"coordinates" : [7.75973,45.00308]},
			"properties" : { "ANNO":"2010","ID_SEZIONE":"19240","ISTAT_COMUNE_SEZ":"1183","COMUNE_SEZ":"PECETTO TORINESE","PROVINCIA":"TO","ID_CENTRALE":"1481","NOME_CENTRALE":"TORINO PECETTO","ISTAT_COMUNE_CENTR":"1183","COMUNE_CENTR":"PECETTO TORINESE","PROVINCIA_CENTR":"TO","INDIRIZZO_CENTRALE":"GIBELLINI 3 BIS","LATITUDINE_SEZIONE":"45.00308","LONGITUDINE_SEZIONE":"7.75973","POS_X_SEZIONE":"402252.97953","POS_Y_SEZIONE":"4984040.56170","LATITUDINE_CENTRALE":"45.01576","LONGITUDINE_CENTRALE":"7.75248","POS_X_CENTRALE":"401703.55613","POS_Y_CENTRALE":"4985457.76566","TIPO_ADSL":"ADSL_1","DESCRIZIONE_TIPO_ADSL":"ADSL (8 mega)","DISTANZA_CALCOLATA":"1519.98","CLASSE_DISTANZA":"1300-1699","POTENZA_SEGNALE":"7000","POPOLAZIONE_SEZIONE": "193"}
			},
		 		{ "type" : "Feature",
				"geometry" : {
					"type" : "Point",
					"coordinates" : [7.76649,45.01011]},
			"properties" : { "ANNO":"2010","ID_SEZIONE":"24479","ISTAT_COMUNE_SEZ":"1183","COMUNE_SEZ":"PECETTO TORINESE","PROVINCIA":"TO","ID_CENTRALE":"1481","NOME_CENTRALE":"TORINO PECETTO","ISTAT_COMUNE_CENTR":"1183","COMUNE_CENTR":"PECETTO TORINESE","PROVINCIA_CENTR":"TO","INDIRIZZO_CENTRALE":"GIBELLINI 3 BIS","LATITUDINE_SEZIONE":"45.01011","LONGITUDINE_SEZIONE":"7.76649","POS_X_SEZIONE":"402797.66920","POS_Y_SEZIONE":"4984813.08061","LATITUDINE_CENTRALE":"45.01576","LONGITUDINE_CENTRALE":"7.75248","POS_X_CENTRALE":"401703.55613","POS_Y_CENTRALE":"4985457.76566","TIPO_ADSL":"ADSL_1","DESCRIZIONE_TIPO_ADSL":"ADSL (8 mega)","DISTANZA_CALCOLATA":"1269.92","CLASSE_DISTANZA":"900-1299","POTENZA_SEGNALE":"7000","POPOLAZIONE_SEZIONE": "116"}
			},
		 		{ "type" : "Feature",
				"geometry" : {
					"type" : "Point",
					"coordinates" : [7.76783,45.00524]},
			"properties" : { "ANNO":"2010","ID_SEZIONE":"26244","ISTAT_COMUNE_SEZ":"1183","COMUNE_SEZ":"PECETTO TORINESE","PROVINCIA":"TO","ID_CENTRALE":"1481","NOME_CENTRALE":"TORINO PECETTO","ISTAT_COMUNE_CENTR":"1183","COMUNE_CENTR":"PECETTO TORINESE","PROVINCIA_CENTR":"TO","INDIRIZZO_CENTRALE":"GIBELLINI 3 BIS","LATITUDINE_SEZIONE":"45.00524","LONGITUDINE_SEZIONE":"7.76783","POS_X_SEZIONE":"402895.00808","POS_Y_SEZIONE":"4984270.57412","LATITUDINE_CENTRALE":"45.01576","LONGITUDINE_CENTRALE":"7.75248","POS_X_CENTRALE":"401703.55613","POS_Y_CENTRALE":"4985457.76566","TIPO_ADSL":"ADSL_1","DESCRIZIONE_TIPO_ADSL":"ADSL (8 mega)","DISTANZA_CALCOLATA":"1681.96","CLASSE_DISTANZA":"1300-1699","POTENZA_SEGNALE":"7000","POPOLAZIONE_SEZIONE": "113"}
			},
		 		{ "type" : "Feature",
				"geometry" : {
					"type" : "Point",
					"coordinates" : [7.77008,44.99368]},
			"properties" : { "ANNO":"2010","ID_SEZIONE":"29857","ISTAT_COMUNE_SEZ":"1183","COMUNE_SEZ":"PECETTO TORINESE","PROVINCIA":"TO","ID_CENTRALE":"1481","NOME_CENTRALE":"TORINO PECETTO","ISTAT_COMUNE_CENTR":"1183","COMUNE_CENTR":"PECETTO TORINESE","PROVINCIA_CENTR":"TO","INDIRIZZO_CENTRALE":"GIBELLINI 3 BIS","LATITUDINE_SEZIONE":"44.99368","LONGITUDINE_SEZIONE":"7.77008","POS_X_SEZIONE":"403052.59400","POS_Y_SEZIONE":"4982984.55504","LATITUDINE_CENTRALE":"45.01576","LONGITUDINE_CENTRALE":"7.75248","POS_X_CENTRALE":"401703.55613","POS_Y_CENTRALE":"4985457.76566","TIPO_ADSL":"ADSL_1","DESCRIZIONE_TIPO_ADSL":"ADSL (8 mega)","DISTANZA_CALCOLATA":"2817.21","CLASSE_DISTANZA":"2500-2899","POTENZA_SEGNALE":"5749.63","POPOLAZIONE_SEZIONE": "13"}
			}
		 		]
	}
		