 	{ "type" : "FeatureCollection",
		"features" : [
		 		{ "type" : "Feature",
				"geometry" : {
					"type" : "Point",
					"coordinates" : [8.18896,45.63242]},
			"properties" : { "ANNO":"2010","ID_SEZIONE":"216","ISTAT_COMUNE_SEZ":"96033","COMUNE_SEZ":"MEZZANA MORTIGLIENGO","PROVINCIA":"BI","ID_CENTRALE":"1369","NOME_CENTRALE":"STRONA","ISTAT_COMUNE_CENTR":"96065","COMUNE_CENTR":"STRONA","PROVINCIA_CENTR":"BI","INDIRIZZO_CENTRALE":"BOERO 3(STR.PER LESSONA)","LATITUDINE_SEZIONE":"45.63242","LONGITUDINE_SEZIONE":"8.18896","POS_X_SEZIONE":"436784.73099","POS_Y_SEZIONE":"5053528.48343","LATITUDINE_CENTRALE":"45.61989","LONGITUDINE_CENTRALE":"8.17603","POS_X_CENTRALE":"435762.96762","POS_Y_CENTRALE":"5052145.86495","TIPO_ADSL":"ADSL_1","DESCRIZIONE_TIPO_ADSL":"ADSL (8 mega)","DISTANZA_CALCOLATA":"1719.2","CLASSE_DISTANZA":"1700-2099","POTENZA_SEGNALE":"6874.88","POPOLAZIONE_SEZIONE": "8"}
			},
		 		{ "type" : "Feature",
				"geometry" : {
					"type" : "Point",
					"coordinates" : [8.16995,45.62818]},
			"properties" : { "ANNO":"2010","ID_SEZIONE":"1412","ISTAT_COMUNE_SEZ":"96065","COMUNE_SEZ":"STRONA","PROVINCIA":"BI","ID_CENTRALE":"1369","NOME_CENTRALE":"STRONA","ISTAT_COMUNE_CENTR":"96065","COMUNE_CENTR":"STRONA","PROVINCIA_CENTR":"BI","INDIRIZZO_CENTRALE":"BOERO 3(STR.PER LESSONA)","LATITUDINE_SEZIONE":"45.62818","LONGITUDINE_SEZIONE":"8.16995","POS_X_SEZIONE":"435298.43953","POS_Y_SEZIONE":"5053072.46551","LATITUDINE_CENTRALE":"45.61989","LONGITUDINE_CENTRALE":"8.17603","POS_X_CENTRALE":"435762.96762","POS_Y_CENTRALE":"5052145.86495","TIPO_ADSL":"ADSL_1","DESCRIZIONE_TIPO_ADSL":"ADSL (8 mega)","DISTANZA_CALCOLATA":"1036.52","CLASSE_DISTANZA":"900-1299","POTENZA_SEGNALE":"7000","POPOLAZIONE_SEZIONE": "45"}
			},
		 		{ "type" : "Feature",
				"geometry" : {
					"type" : "Point",
					"coordinates" : [8.19402,45.63218]},
			"properties" : { "ANNO":"2010","ID_SEZIONE":"5723","ISTAT_COMUNE_SEZ":"96033","COMUNE_SEZ":"MEZZANA MORTIGLIENGO","PROVINCIA":"BI","ID_CENTRALE":"1369","NOME_CENTRALE":"STRONA","ISTAT_COMUNE_CENTR":"96065","COMUNE_CENTR":"STRONA","PROVINCIA_CENTR":"BI","INDIRIZZO_CENTRALE":"BOERO 3(STR.PER LESSONA)","LATITUDINE_SEZIONE":"45.63218","LONGITUDINE_SEZIONE":"8.19402","POS_X_SEZIONE":"437178.91160","POS_Y_SEZIONE":"5053496.99031","LATITUDINE_CENTRALE":"45.61989","LONGITUDINE_CENTRALE":"8.17603","POS_X_CENTRALE":"435762.96762","POS_Y_CENTRALE":"5052145.86495","TIPO_ADSL":"ADSL_1","DESCRIZIONE_TIPO_ADSL":"ADSL (8 mega)","DISTANZA_CALCOLATA":"1957.15","CLASSE_DISTANZA":"1700-2099","POTENZA_SEGNALE":"6874.88","POPOLAZIONE_SEZIONE": "31"}
			},
		 		{ "type" : "Feature",
				"geometry" : {
					"type" : "Point",
					"coordinates" : [8.17965,45.61338]},
			"properties" : { "ANNO":"2010","ID_SEZIONE":"7237","ISTAT_COMUNE_SEZ":"96022","COMUNE_SEZ":"CROSA","PROVINCIA":"BI","ID_CENTRALE":"1369","NOME_CENTRALE":"STRONA","ISTAT_COMUNE_CENTR":"96065","COMUNE_CENTR":"STRONA","PROVINCIA_CENTR":"BI","INDIRIZZO_CENTRALE":"BOERO 3(STR.PER LESSONA)","LATITUDINE_SEZIONE":"45.61338","LONGITUDINE_SEZIONE":"8.17965","POS_X_SEZIONE":"436037.29598","POS_Y_SEZIONE":"5051419.49604","LATITUDINE_CENTRALE":"45.61989","LONGITUDINE_CENTRALE":"8.17603","POS_X_CENTRALE":"435762.96762","POS_Y_CENTRALE":"5052145.86495","TIPO_ADSL":"ADSL_1","DESCRIZIONE_TIPO_ADSL":"ADSL (8 mega)","DISTANZA_CALCOLATA":"776.45","CLASSE_DISTANZA":"500-899","POTENZA_SEGNALE":"7000","POPOLAZIONE_SEZIONE": "108"}
			},
		 		{ "type" : "Feature",
				"geometry" : {
					"type" : "Point",
					"coordinates" : [8.19863,45.61877]},
			"properties" : { "ANNO":"2010","ID_SEZIONE":"7513","ISTAT_COMUNE_SEZ":"96014","COMUNE_SEZ":"CASAPINTA","PROVINCIA":"BI","ID_CENTRALE":"1369","NOME_CENTRALE":"STRONA","ISTAT_COMUNE_CENTR":"96065","COMUNE_CENTR":"STRONA","PROVINCIA_CENTR":"BI","INDIRIZZO_CENTRALE":"BOERO 3(STR.PER LESSONA)","LATITUDINE_SEZIONE":"45.61877","LONGITUDINE_SEZIONE":"8.19863","POS_X_SEZIONE":"437523.08772","POS_Y_SEZIONE":"5052004.01367","LATITUDINE_CENTRALE":"45.61989","LONGITUDINE_CENTRALE":"8.17603","POS_X_CENTRALE":"435762.96762","POS_Y_CENTRALE":"5052145.86495","TIPO_ADSL":"ADSL_1","DESCRIZIONE_TIPO_ADSL":"ADSL (8 mega)","DISTANZA_CALCOLATA":"1765.83","CLASSE_DISTANZA":"1700-2099","POTENZA_SEGNALE":"6874.88","POPOLAZIONE_SEZIONE": ""}
			},
		 		{ "type" : "Feature",
				"geometry" : {
					"type" : "Point",
					"coordinates" : [8.17387,45.61141]},
			"properties" : { "ANNO":"2010","ID_SEZIONE":"9610","ISTAT_COMUNE_SEZ":"96065","COMUNE_SEZ":"STRONA","PROVINCIA":"BI","ID_CENTRALE":"1369","NOME_CENTRALE":"STRONA","ISTAT_COMUNE_CENTR":"96065","COMUNE_CENTR":"STRONA","PROVINCIA_CENTR":"BI","INDIRIZZO_CENTRALE":"BOERO 3(STR.PER LESSONA)","LATITUDINE_SEZIONE":"45.61141","LONGITUDINE_SEZIONE":"8.17387","POS_X_SEZIONE":"435584.27121","POS_Y_SEZIONE":"5051205.99101","LATITUDINE_CENTRALE":"45.61989","LONGITUDINE_CENTRALE":"8.17603","POS_X_CENTRALE":"435762.96762","POS_Y_CENTRALE":"5052145.86495","TIPO_ADSL":"ADSL_1","DESCRIZIONE_TIPO_ADSL":"ADSL (8 mega)","DISTANZA_CALCOLATA":"956.71","CLASSE_DISTANZA":"900-1299","POTENZA_SEGNALE":"7000","POPOLAZIONE_SEZIONE": "47"}
			},
		 		{ "type" : "Feature",
				"geometry" : {
					"type" : "Point",
					"coordinates" : [8.17460,45.63908]},
			"properties" : { "ANNO":"2010","ID_SEZIONE":"10371","ISTAT_COMUNE_SEZ":"96065","COMUNE_SEZ":"STRONA","PROVINCIA":"BI","ID_CENTRALE":"1369","NOME_CENTRALE":"STRONA","ISTAT_COMUNE_CENTR":"96065","COMUNE_CENTR":"STRONA","PROVINCIA_CENTR":"BI","INDIRIZZO_CENTRALE":"BOERO 3(STR.PER LESSONA)","LATITUDINE_SEZIONE":"45.63908","LONGITUDINE_SEZIONE":"8.17460","POS_X_SEZIONE":"435673.15799","POS_Y_SEZIONE":"5054278.95818","LATITUDINE_CENTRALE":"45.61989","LONGITUDINE_CENTRALE":"8.17603","POS_X_CENTRALE":"435762.96762","POS_Y_CENTRALE":"5052145.86495","TIPO_ADSL":"ADSL_1","DESCRIZIONE_TIPO_ADSL":"ADSL (8 mega)","DISTANZA_CALCOLATA":"2134.98","CLASSE_DISTANZA":"2100-2499","POTENZA_SEGNALE":"6500.38","POPOLAZIONE_SEZIONE": "15"}
			},
		 		{ "type" : "Feature",
				"geometry" : {
					"type" : "Point",
					"coordinates" : [8.21194,45.61706]},
			"properties" : { "ANNO":"2010","ID_SEZIONE":"11389","ISTAT_COMUNE_SEZ":"96014","COMUNE_SEZ":"CASAPINTA","PROVINCIA":"BI","ID_CENTRALE":"1369","NOME_CENTRALE":"STRONA","ISTAT_COMUNE_CENTR":"96065","COMUNE_CENTR":"STRONA","PROVINCIA_CENTR":"BI","INDIRIZZO_CENTRALE":"BOERO 3(STR.PER LESSONA)","LATITUDINE_SEZIONE":"45.61706","LONGITUDINE_SEZIONE":"8.21194","POS_X_SEZIONE":"438558.84785","POS_Y_SEZIONE":"5051804.02237","LATITUDINE_CENTRALE":"45.61989","LONGITUDINE_CENTRALE":"8.17603","POS_X_CENTRALE":"435762.96762","POS_Y_CENTRALE":"5052145.86495","TIPO_ADSL":"ADSL_1","DESCRIZIONE_TIPO_ADSL":"ADSL (8 mega)","DISTANZA_CALCOLATA":"2816.7","CLASSE_DISTANZA":"2500-2899","POTENZA_SEGNALE":"5749.63","POPOLAZIONE_SEZIONE": ""}
			},
		 		{ "type" : "Feature",
				"geometry" : {
					"type" : "Point",
					"coordinates" : [8.18385,45.61820]},
			"properties" : { "ANNO":"2010","ID_SEZIONE":"12399","ISTAT_COMUNE_SEZ":"96065","COMUNE_SEZ":"STRONA","PROVINCIA":"BI","ID_CENTRALE":"1369","NOME_CENTRALE":"STRONA","ISTAT_COMUNE_CENTR":"96065","COMUNE_CENTR":"STRONA","PROVINCIA_CENTR":"BI","INDIRIZZO_CENTRALE":"BOERO 3(STR.PER LESSONA)","LATITUDINE_SEZIONE":"45.61820","LONGITUDINE_SEZIONE":"8.18385","POS_X_SEZIONE":"436370.38680","POS_Y_SEZIONE":"5051951.99549","LATITUDINE_CENTRALE":"45.61989","LONGITUDINE_CENTRALE":"8.17603","POS_X_CENTRALE":"435762.96762","POS_Y_CENTRALE":"5052145.86495","TIPO_ADSL":"ADSL_1","DESCRIZIONE_TIPO_ADSL":"ADSL (8 mega)","DISTANZA_CALCOLATA":"637.61","CLASSE_DISTANZA":"500-899","POTENZA_SEGNALE":"7000","POPOLAZIONE_SEZIONE": "15"}
			},
		 		{ "type" : "Feature",
				"geometry" : {
					"type" : "Point",
					"coordinates" : [8.17383,45.62332]},
			"properties" : { "ANNO":"2010","ID_SEZIONE":"12807","ISTAT_COMUNE_SEZ":"96065","COMUNE_SEZ":"STRONA","PROVINCIA":"BI","ID_CENTRALE":"1369","NOME_CENTRALE":"STRONA","ISTAT_COMUNE_CENTR":"96065","COMUNE_CENTR":"STRONA","PROVINCIA_CENTR":"BI","INDIRIZZO_CENTRALE":"BOERO 3(STR.PER LESSONA)","LATITUDINE_SEZIONE":"45.62332","LONGITUDINE_SEZIONE":"8.17383","POS_X_SEZIONE":"435595.21470","POS_Y_SEZIONE":"5052528.47626","LATITUDINE_CENTRALE":"45.61989","LONGITUDINE_CENTRALE":"8.17603","POS_X_CENTRALE":"435762.96762","POS_Y_CENTRALE":"5052145.86495","TIPO_ADSL":"ADSL_1","DESCRIZIONE_TIPO_ADSL":"ADSL (8 mega)","DISTANZA_CALCOLATA":"417.77","CLASSE_DISTANZA":"100-499","POTENZA_SEGNALE":"7000","POPOLAZIONE_SEZIONE": "35"}
			},
		 		{ "type" : "Feature",
				"geometry" : {
					"type" : "Point",
					"coordinates" : [8.21196,45.61286]},
			"properties" : { "ANNO":"2010","ID_SEZIONE":"15163","ISTAT_COMUNE_SEZ":"96014","COMUNE_SEZ":"CASAPINTA","PROVINCIA":"BI","ID_CENTRALE":"1369","NOME_CENTRALE":"STRONA","ISTAT_COMUNE_CENTR":"96065","COMUNE_CENTR":"STRONA","PROVINCIA_CENTR":"BI","INDIRIZZO_CENTRALE":"BOERO 3(STR.PER LESSONA)","LATITUDINE_SEZIONE":"45.61286","LONGITUDINE_SEZIONE":"8.21196","POS_X_SEZIONE":"438556.44043","POS_Y_SEZIONE":"5051336.52797","LATITUDINE_CENTRALE":"45.61989","LONGITUDINE_CENTRALE":"8.17603","POS_X_CENTRALE":"435762.96762","POS_Y_CENTRALE":"5052145.86495","TIPO_ADSL":"ADSL_1","DESCRIZIONE_TIPO_ADSL":"ADSL (8 mega)","DISTANZA_CALCOLATA":"2908.35","CLASSE_DISTANZA":"2900-3299","POTENZA_SEGNALE":"4999.75","POPOLAZIONE_SEZIONE": ""}
			},
		 		{ "type" : "Feature",
				"geometry" : {
					"type" : "Point",
					"coordinates" : [8.18722,45.63544]},
			"properties" : { "ANNO":"2010","ID_SEZIONE":"15808","ISTAT_COMUNE_SEZ":"96033","COMUNE_SEZ":"MEZZANA MORTIGLIENGO","PROVINCIA":"BI","ID_CENTRALE":"1369","NOME_CENTRALE":"STRONA","ISTAT_COMUNE_CENTR":"96065","COMUNE_CENTR":"STRONA","PROVINCIA_CENTR":"BI","INDIRIZZO_CENTRALE":"BOERO 3(STR.PER LESSONA)","LATITUDINE_SEZIONE":"45.63544","LONGITUDINE_SEZIONE":"8.18722","POS_X_SEZIONE":"436652.76555","POS_Y_SEZIONE":"5053864.97751","LATITUDINE_CENTRALE":"45.61989","LONGITUDINE_CENTRALE":"8.17603","POS_X_CENTRALE":"435762.96762","POS_Y_CENTRALE":"5052145.86495","TIPO_ADSL":"ADSL_1","DESCRIZIONE_TIPO_ADSL":"ADSL (8 mega)","DISTANZA_CALCOLATA":"1935.74","CLASSE_DISTANZA":"1700-2099","POTENZA_SEGNALE":"6874.88","POPOLAZIONE_SEZIONE": "32"}
			},
		 		{ "type" : "Feature",
				"geometry" : {
					"type" : "Point",
					"coordinates" : [8.16882,45.61708]},
			"properties" : { "ANNO":"2010","ID_SEZIONE":"17166","ISTAT_COMUNE_SEZ":"96065","COMUNE_SEZ":"STRONA","PROVINCIA":"BI","ID_CENTRALE":"1369","NOME_CENTRALE":"STRONA","ISTAT_COMUNE_CENTR":"96065","COMUNE_CENTR":"STRONA","PROVINCIA_CENTR":"BI","INDIRIZZO_CENTRALE":"BOERO 3(STR.PER LESSONA)","LATITUDINE_SEZIONE":"45.61708","LONGITUDINE_SEZIONE":"8.16882","POS_X_SEZIONE":"435197.06097","POS_Y_SEZIONE":"5051839.97757","LATITUDINE_CENTRALE":"45.61989","LONGITUDINE_CENTRALE":"8.17603","POS_X_CENTRALE":"435762.96762","POS_Y_CENTRALE":"5052145.86495","TIPO_ADSL":"ADSL_1","DESCRIZIONE_TIPO_ADSL":"ADSL (8 mega)","DISTANZA_CALCOLATA":"643.29","CLASSE_DISTANZA":"500-899","POTENZA_SEGNALE":"7000","POPOLAZIONE_SEZIONE": "307"}
			},
		 		{ "type" : "Feature",
				"geometry" : {
					"type" : "Point",
					"coordinates" : [8.16983,45.61999]},
			"properties" : { "ANNO":"2010","ID_SEZIONE":"17837","ISTAT_COMUNE_SEZ":"96065","COMUNE_SEZ":"STRONA","PROVINCIA":"BI","ID_CENTRALE":"1369","NOME_CENTRALE":"STRONA","ISTAT_COMUNE_CENTR":"96065","COMUNE_CENTR":"STRONA","PROVINCIA_CENTR":"BI","INDIRIZZO_CENTRALE":"BOERO 3(STR.PER LESSONA)","LATITUDINE_SEZIONE":"45.61999","LONGITUDINE_SEZIONE":"8.16983","POS_X_SEZIONE":"435279.34295","POS_Y_SEZIONE":"5052162.47511","LATITUDINE_CENTRALE":"45.61989","LONGITUDINE_CENTRALE":"8.17603","POS_X_CENTRALE":"435762.96762","POS_Y_CENTRALE":"5052145.86495","TIPO_ADSL":"ADSL_1","DESCRIZIONE_TIPO_ADSL":"ADSL (8 mega)","DISTANZA_CALCOLATA":"483.91","CLASSE_DISTANZA":"100-499","POTENZA_SEGNALE":"7000","POPOLAZIONE_SEZIONE": "142"}
			},
		 		{ "type" : "Feature",
				"geometry" : {
					"type" : "Point",
					"coordinates" : [8.18465,45.62674]},
			"properties" : { "ANNO":"2010","ID_SEZIONE":"18624","ISTAT_COMUNE_SEZ":"96033","COMUNE_SEZ":"MEZZANA MORTIGLIENGO","PROVINCIA":"BI","ID_CENTRALE":"1369","NOME_CENTRALE":"STRONA","ISTAT_COMUNE_CENTR":"96065","COMUNE_CENTR":"STRONA","PROVINCIA_CENTR":"BI","INDIRIZZO_CENTRALE":"BOERO 3(STR.PER LESSONA)","LATITUDINE_SEZIONE":"45.62674","LONGITUDINE_SEZIONE":"8.18465","POS_X_SEZIONE":"436442.60849","POS_Y_SEZIONE":"5052899.98551","LATITUDINE_CENTRALE":"45.61989","LONGITUDINE_CENTRALE":"8.17603","POS_X_CENTRALE":"435762.96762","POS_Y_CENTRALE":"5052145.86495","TIPO_ADSL":"ADSL_1","DESCRIZIONE_TIPO_ADSL":"ADSL (8 mega)","DISTANZA_CALCOLATA":"1015.19","CLASSE_DISTANZA":"900-1299","POTENZA_SEGNALE":"7000","POPOLAZIONE_SEZIONE": "16"}
			},
		 		{ "type" : "Feature",
				"geometry" : {
					"type" : "Point",
					"coordinates" : [8.19306,45.63084]},
			"properties" : { "ANNO":"2010","ID_SEZIONE":"19632","ISTAT_COMUNE_SEZ":"96033","COMUNE_SEZ":"MEZZANA MORTIGLIENGO","PROVINCIA":"BI","ID_CENTRALE":"1369","NOME_CENTRALE":"STRONA","ISTAT_COMUNE_CENTR":"96065","COMUNE_CENTR":"STRONA","PROVINCIA_CENTR":"BI","INDIRIZZO_CENTRALE":"BOERO 3(STR.PER LESSONA)","LATITUDINE_SEZIONE":"45.63084","LONGITUDINE_SEZIONE":"8.19306","POS_X_SEZIONE":"437102.16228","POS_Y_SEZIONE":"5053349.49079","LATITUDINE_CENTRALE":"45.61989","LONGITUDINE_CENTRALE":"8.17603","POS_X_CENTRALE":"435762.96762","POS_Y_CENTRALE":"5052145.86495","TIPO_ADSL":"ADSL_1","DESCRIZIONE_TIPO_ADSL":"ADSL (8 mega)","DISTANZA_CALCOLATA":"1800.6","CLASSE_DISTANZA":"1700-2099","POTENZA_SEGNALE":"6874.88","POPOLAZIONE_SEZIONE": "13"}
			},
		 		{ "type" : "Feature",
				"geometry" : {
					"type" : "Point",
					"coordinates" : [8.18254,45.61463]},
			"properties" : { "ANNO":"2010","ID_SEZIONE":"23964","ISTAT_COMUNE_SEZ":"96065","COMUNE_SEZ":"STRONA","PROVINCIA":"BI","ID_CENTRALE":"1369","NOME_CENTRALE":"STRONA","ISTAT_COMUNE_CENTR":"96065","COMUNE_CENTR":"STRONA","PROVINCIA_CENTR":"BI","INDIRIZZO_CENTRALE":"BOERO 3(STR.PER LESSONA)","LATITUDINE_SEZIONE":"45.61463","LONGITUDINE_SEZIONE":"8.18254","POS_X_SEZIONE":"436264.13656","POS_Y_SEZIONE":"5051556.99824","LATITUDINE_CENTRALE":"45.61989","LONGITUDINE_CENTRALE":"8.17603","POS_X_CENTRALE":"435762.96762","POS_Y_CENTRALE":"5052145.86495","TIPO_ADSL":"ADSL_1","DESCRIZIONE_TIPO_ADSL":"ADSL (8 mega)","DISTANZA_CALCOLATA":"773.26","CLASSE_DISTANZA":"500-899","POTENZA_SEGNALE":"7000","POPOLAZIONE_SEZIONE": "43"}
			},
		 		{ "type" : "Feature",
				"geometry" : {
					"type" : "Point",
					"coordinates" : [8.18658,45.60872]},
			"properties" : { "ANNO":"2010","ID_SEZIONE":"23966","ISTAT_COMUNE_SEZ":"96022","COMUNE_SEZ":"CROSA","PROVINCIA":"BI","ID_CENTRALE":"1369","NOME_CENTRALE":"STRONA","ISTAT_COMUNE_CENTR":"96065","COMUNE_CENTR":"STRONA","PROVINCIA_CENTR":"BI","INDIRIZZO_CENTRALE":"BOERO 3(STR.PER LESSONA)","LATITUDINE_SEZIONE":"45.60872","LONGITUDINE_SEZIONE":"8.18658","POS_X_SEZIONE":"436572.84798","POS_Y_SEZIONE":"5050897.01130","LATITUDINE_CENTRALE":"45.61989","LONGITUDINE_CENTRALE":"8.17603","POS_X_CENTRALE":"435762.96762","POS_Y_CENTRALE":"5052145.86495","TIPO_ADSL":"ADSL_1","DESCRIZIONE_TIPO_ADSL":"ADSL (8 mega)","DISTANZA_CALCOLATA":"1488.47","CLASSE_DISTANZA":"1300-1699","POTENZA_SEGNALE":"7000","POPOLAZIONE_SEZIONE": "188"}
			},
		 		{ "type" : "Feature",
				"geometry" : {
					"type" : "Point",
					"coordinates" : [8.19150,45.60675]},
			"properties" : { "ANNO":"2010","ID_SEZIONE":"24281","ISTAT_COMUNE_SEZ":"96022","COMUNE_SEZ":"CROSA","PROVINCIA":"BI","ID_CENTRALE":"1369","NOME_CENTRALE":"STRONA","ISTAT_COMUNE_CENTR":"96065","COMUNE_CENTR":"STRONA","PROVINCIA_CENTR":"BI","INDIRIZZO_CENTRALE":"BOERO 3(STR.PER LESSONA)","LATITUDINE_SEZIONE":"45.60675","LONGITUDINE_SEZIONE":"8.19150","POS_X_SEZIONE":"436954.34123","POS_Y_SEZIONE":"5050674.02045","LATITUDINE_CENTRALE":"45.61989","LONGITUDINE_CENTRALE":"8.17603","POS_X_CENTRALE":"435762.96762","POS_Y_CENTRALE":"5052145.86495","TIPO_ADSL":"ADSL_1","DESCRIZIONE_TIPO_ADSL":"ADSL (8 mega)","DISTANZA_CALCOLATA":"1893.59","CLASSE_DISTANZA":"1700-2099","POTENZA_SEGNALE":"6874.88","POPOLAZIONE_SEZIONE": "30"}
			},
		 		{ "type" : "Feature",
				"geometry" : {
					"type" : "Point",
					"coordinates" : [8.16513,45.62485]},
			"properties" : { "ANNO":"2010","ID_SEZIONE":"25390","ISTAT_COMUNE_SEZ":"96065","COMUNE_SEZ":"STRONA","PROVINCIA":"BI","ID_CENTRALE":"1369","NOME_CENTRALE":"STRONA","ISTAT_COMUNE_CENTR":"96065","COMUNE_CENTR":"STRONA","PROVINCIA_CENTR":"BI","INDIRIZZO_CENTRALE":"BOERO 3(STR.PER LESSONA)","LATITUDINE_SEZIONE":"45.62485","LONGITUDINE_SEZIONE":"8.16513","POS_X_SEZIONE":"434918.69425","POS_Y_SEZIONE":"5052705.46340","LATITUDINE_CENTRALE":"45.61989","LONGITUDINE_CENTRALE":"8.17603","POS_X_CENTRALE":"435762.96762","POS_Y_CENTRALE":"5052145.86495","TIPO_ADSL":"ADSL_1","DESCRIZIONE_TIPO_ADSL":"ADSL (8 mega)","DISTANZA_CALCOLATA":"1012.89","CLASSE_DISTANZA":"900-1299","POTENZA_SEGNALE":"7000","POPOLAZIONE_SEZIONE": "30"}
			},
		 		{ "type" : "Feature",
				"geometry" : {
					"type" : "Point",
					"coordinates" : [8.18061,45.63526]},
			"properties" : { "ANNO":"2010","ID_SEZIONE":"25820","ISTAT_COMUNE_SEZ":"96033","COMUNE_SEZ":"MEZZANA MORTIGLIENGO","PROVINCIA":"BI","ID_CENTRALE":"1369","NOME_CENTRALE":"STRONA","ISTAT_COMUNE_CENTR":"96065","COMUNE_CENTR":"STRONA","PROVINCIA_CENTR":"BI","INDIRIZZO_CENTRALE":"BOERO 3(STR.PER LESSONA)","LATITUDINE_SEZIONE":"45.63526","LONGITUDINE_SEZIONE":"8.18061","POS_X_SEZIONE":"436137.14878","POS_Y_SEZIONE":"5053849.96977","LATITUDINE_CENTRALE":"45.61989","LONGITUDINE_CENTRALE":"8.17603","POS_X_CENTRALE":"435762.96762","POS_Y_CENTRALE":"5052145.86495","TIPO_ADSL":"ADSL_1","DESCRIZIONE_TIPO_ADSL":"ADSL (8 mega)","DISTANZA_CALCOLATA":"1744.7","CLASSE_DISTANZA":"1700-2099","POTENZA_SEGNALE":"6874.88","POPOLAZIONE_SEZIONE": "111"}
			},
		 		{ "type" : "Feature",
				"geometry" : {
					"type" : "Point",
					"coordinates" : [8.19448,45.62749]},
			"properties" : { "ANNO":"2010","ID_SEZIONE":"25821","ISTAT_COMUNE_SEZ":"96033","COMUNE_SEZ":"MEZZANA MORTIGLIENGO","PROVINCIA":"BI","ID_CENTRALE":"1369","NOME_CENTRALE":"STRONA","ISTAT_COMUNE_CENTR":"96065","COMUNE_CENTR":"STRONA","PROVINCIA_CENTR":"BI","INDIRIZZO_CENTRALE":"BOERO 3(STR.PER LESSONA)","LATITUDINE_SEZIONE":"45.62749","LONGITUDINE_SEZIONE":"8.19448","POS_X_SEZIONE":"437209.22200","POS_Y_SEZIONE":"5052975.99703","LATITUDINE_CENTRALE":"45.61989","LONGITUDINE_CENTRALE":"8.17603","POS_X_CENTRALE":"435762.96762","POS_Y_CENTRALE":"5052145.86495","TIPO_ADSL":"ADSL_1","DESCRIZIONE_TIPO_ADSL":"ADSL (8 mega)","DISTANZA_CALCOLATA":"1667.56","CLASSE_DISTANZA":"1300-1699","POTENZA_SEGNALE":"7000","POPOLAZIONE_SEZIONE": "43"}
			},
		 		{ "type" : "Feature",
				"geometry" : {
					"type" : "Point",
					"coordinates" : [8.16796,45.63433]},
			"properties" : { "ANNO":"2010","ID_SEZIONE":"26053","ISTAT_COMUNE_SEZ":"96065","COMUNE_SEZ":"STRONA","PROVINCIA":"BI","ID_CENTRALE":"1369","NOME_CENTRALE":"STRONA","ISTAT_COMUNE_CENTR":"96065","COMUNE_CENTR":"STRONA","PROVINCIA_CENTR":"BI","INDIRIZZO_CENTRALE":"BOERO 3(STR.PER LESSONA)","LATITUDINE_SEZIONE":"45.63433","LONGITUDINE_SEZIONE":"8.16796","POS_X_SEZIONE":"435150.25803","POS_Y_SEZIONE":"5053756.45604","LATITUDINE_CENTRALE":"45.61989","LONGITUDINE_CENTRALE":"8.17603","POS_X_CENTRALE":"435762.96762","POS_Y_CENTRALE":"5052145.86495","TIPO_ADSL":"ADSL_1","DESCRIZIONE_TIPO_ADSL":"ADSL (8 mega)","DISTANZA_CALCOLATA":"1723.2","CLASSE_DISTANZA":"1700-2099","POTENZA_SEGNALE":"6874.88","POPOLAZIONE_SEZIONE": "28"}
			},
		 		{ "type" : "Feature",
				"geometry" : {
					"type" : "Point",
					"coordinates" : [8.19142,45.64642]},
			"properties" : { "ANNO":"2010","ID_SEZIONE":"26414","ISTAT_COMUNE_SEZ":"96062","COMUNE_SEZ":"SOPRANA","PROVINCIA":"BI","ID_CENTRALE":"1369","NOME_CENTRALE":"STRONA","ISTAT_COMUNE_CENTR":"96065","COMUNE_CENTR":"STRONA","PROVINCIA_CENTR":"BI","INDIRIZZO_CENTRALE":"BOERO 3(STR.PER LESSONA)","LATITUDINE_SEZIONE":"45.64642","LONGITUDINE_SEZIONE":"8.19142","POS_X_SEZIONE":"436992.10891","POS_Y_SEZIONE":"5055080.96830","LATITUDINE_CENTRALE":"45.61989","LONGITUDINE_CENTRALE":"8.17603","POS_X_CENTRALE":"435762.96762","POS_Y_CENTRALE":"5052145.86495","TIPO_ADSL":"ADSL_1","DESCRIZIONE_TIPO_ADSL":"ADSL (8 mega)","DISTANZA_CALCOLATA":"3182.08","CLASSE_DISTANZA":"2900-3299","POTENZA_SEGNALE":"4999.75","POPOLAZIONE_SEZIONE": "177"}
			},
		 		{ "type" : "Feature",
				"geometry" : {
					"type" : "Point",
					"coordinates" : [8.16734,45.61232]},
			"properties" : { "ANNO":"2010","ID_SEZIONE":"26887","ISTAT_COMUNE_SEZ":"96065","COMUNE_SEZ":"STRONA","PROVINCIA":"BI","ID_CENTRALE":"1369","NOME_CENTRALE":"STRONA","ISTAT_COMUNE_CENTR":"96065","COMUNE_CENTR":"STRONA","PROVINCIA_CENTR":"BI","INDIRIZZO_CENTRALE":"BOERO 3(STR.PER LESSONA)","LATITUDINE_SEZIONE":"45.61232","LONGITUDINE_SEZIONE":"8.16734","POS_X_SEZIONE":"435076.34263","POS_Y_SEZIONE":"5051312.48138","LATITUDINE_CENTRALE":"45.61989","LONGITUDINE_CENTRALE":"8.17603","POS_X_CENTRALE":"435762.96762","POS_Y_CENTRALE":"5052145.86495","TIPO_ADSL":"ADSL_1","DESCRIZIONE_TIPO_ADSL":"ADSL (8 mega)","DISTANZA_CALCOLATA":"1079.81","CLASSE_DISTANZA":"900-1299","POTENZA_SEGNALE":"7000","POPOLAZIONE_SEZIONE": "17"}
			},
		 		{ "type" : "Feature",
				"geometry" : {
					"type" : "Point",
					"coordinates" : [8.19827,45.60624]},
			"properties" : { "ANNO":"2010","ID_SEZIONE":"26888","ISTAT_COMUNE_SEZ":"96014","COMUNE_SEZ":"CASAPINTA","PROVINCIA":"BI","ID_CENTRALE":"1369","NOME_CENTRALE":"STRONA","ISTAT_COMUNE_CENTR":"96065","COMUNE_CENTR":"STRONA","PROVINCIA_CENTR":"BI","INDIRIZZO_CENTRALE":"BOERO 3(STR.PER LESSONA)","LATITUDINE_SEZIONE":"45.60624","LONGITUDINE_SEZIONE":"8.19827","POS_X_SEZIONE":"437481.14468","POS_Y_SEZIONE":"5050611.53034","LATITUDINE_CENTRALE":"45.61989","LONGITUDINE_CENTRALE":"8.17603","POS_X_CENTRALE":"435762.96762","POS_Y_CENTRALE":"5052145.86495","TIPO_ADSL":"ADSL_1","DESCRIZIONE_TIPO_ADSL":"ADSL (8 mega)","DISTANZA_CALCOLATA":"2303.54","CLASSE_DISTANZA":"2100-2499","POTENZA_SEGNALE":"6500.38","POPOLAZIONE_SEZIONE": "27"}
			},
		 		{ "type" : "Feature",
				"geometry" : {
					"type" : "Point",
					"coordinates" : [8.17169,45.61526]},
			"properties" : { "ANNO":"2010","ID_SEZIONE":"27486","ISTAT_COMUNE_SEZ":"96065","COMUNE_SEZ":"STRONA","PROVINCIA":"BI","ID_CENTRALE":"1369","NOME_CENTRALE":"STRONA","ISTAT_COMUNE_CENTR":"96065","COMUNE_CENTR":"STRONA","PROVINCIA_CENTR":"BI","INDIRIZZO_CENTRALE":"BOERO 3(STR.PER LESSONA)","LATITUDINE_SEZIONE":"45.61526","LONGITUDINE_SEZIONE":"8.17169","POS_X_SEZIONE":"435418.65047","POS_Y_SEZIONE":"5051635.48324","LATITUDINE_CENTRALE":"45.61989","LONGITUDINE_CENTRALE":"8.17603","POS_X_CENTRALE":"435762.96762","POS_Y_CENTRALE":"5052145.86495","TIPO_ADSL":"ADSL_1","DESCRIZIONE_TIPO_ADSL":"ADSL (8 mega)","DISTANZA_CALCOLATA":"615.67","CLASSE_DISTANZA":"500-899","POTENZA_SEGNALE":"7000","POPOLAZIONE_SEZIONE": "64"}
			},
		 		{ "type" : "Feature",
				"geometry" : {
					"type" : "Point",
					"coordinates" : [8.18935,45.62651]},
			"properties" : { "ANNO":"2010","ID_SEZIONE":"28365","ISTAT_COMUNE_SEZ":"96033","COMUNE_SEZ":"MEZZANA MORTIGLIENGO","PROVINCIA":"BI","ID_CENTRALE":"1369","NOME_CENTRALE":"STRONA","ISTAT_COMUNE_CENTR":"96065","COMUNE_CENTR":"STRONA","PROVINCIA_CENTR":"BI","INDIRIZZO_CENTRALE":"BOERO 3(STR.PER LESSONA)","LATITUDINE_SEZIONE":"45.62651","LONGITUDINE_SEZIONE":"8.18935","POS_X_SEZIONE":"436808.19697","POS_Y_SEZIONE":"5052870.99197","LATITUDINE_CENTRALE":"45.61989","LONGITUDINE_CENTRALE":"8.17603","POS_X_CENTRALE":"435762.96762","POS_Y_CENTRALE":"5052145.86495","TIPO_ADSL":"ADSL_1","DESCRIZIONE_TIPO_ADSL":"ADSL (8 mega)","DISTANZA_CALCOLATA":"1272.13","CLASSE_DISTANZA":"900-1299","POTENZA_SEGNALE":"7000","POPOLAZIONE_SEZIONE": "245"}
			},
		 		{ "type" : "Feature",
				"geometry" : {
					"type" : "Point",
					"coordinates" : [8.17487,45.63174]},
			"properties" : { "ANNO":"2010","ID_SEZIONE":"28962","ISTAT_COMUNE_SEZ":"96065","COMUNE_SEZ":"STRONA","PROVINCIA":"BI","ID_CENTRALE":"1369","NOME_CENTRALE":"STRONA","ISTAT_COMUNE_CENTR":"96065","COMUNE_CENTR":"STRONA","PROVINCIA_CENTR":"BI","INDIRIZZO_CENTRALE":"BOERO 3(STR.PER LESSONA)","LATITUDINE_SEZIONE":"45.63174","LONGITUDINE_SEZIONE":"8.17487","POS_X_SEZIONE":"435686.02916","POS_Y_SEZIONE":"5053463.96733","LATITUDINE_CENTRALE":"45.61989","LONGITUDINE_CENTRALE":"8.17603","POS_X_CENTRALE":"435762.96762","POS_Y_CENTRALE":"5052145.86495","TIPO_ADSL":"ADSL_1","DESCRIZIONE_TIPO_ADSL":"ADSL (8 mega)","DISTANZA_CALCOLATA":"1320.35","CLASSE_DISTANZA":"1300-1699","POTENZA_SEGNALE":"7000","POPOLAZIONE_SEZIONE": "16"}
			},
		 		{ "type" : "Feature",
				"geometry" : {
					"type" : "Point",
					"coordinates" : [8.17601,45.61978]},
			"properties" : { "ANNO":"2010","ID_SEZIONE":"29368","ISTAT_COMUNE_SEZ":"96065","COMUNE_SEZ":"STRONA","PROVINCIA":"BI","ID_CENTRALE":"1369","NOME_CENTRALE":"STRONA","ISTAT_COMUNE_CENTR":"96065","COMUNE_CENTR":"STRONA","PROVINCIA_CENTR":"BI","INDIRIZZO_CENTRALE":"BOERO 3(STR.PER LESSONA)","LATITUDINE_SEZIONE":"45.61978","LONGITUDINE_SEZIONE":"8.17601","POS_X_SEZIONE":"435760.92811","POS_Y_SEZIONE":"5052133.98333","LATITUDINE_CENTRALE":"45.61989","LONGITUDINE_CENTRALE":"8.17603","POS_X_CENTRALE":"435762.96762","POS_Y_CENTRALE":"5052145.86495","TIPO_ADSL":"ADSL_1","DESCRIZIONE_TIPO_ADSL":"ADSL (8 mega)","DISTANZA_CALCOLATA":"12.06","CLASSE_DISTANZA":"0-99","POTENZA_SEGNALE":"7000","POPOLAZIONE_SEZIONE": "150"}
			},
		 		{ "type" : "Feature",
				"geometry" : {
					"type" : "Point",
					"coordinates" : [8.19280,45.61369]},
			"properties" : { "ANNO":"2010","ID_SEZIONE":"29984","ISTAT_COMUNE_SEZ":"96014","COMUNE_SEZ":"CASAPINTA","PROVINCIA":"BI","ID_CENTRALE":"1369","NOME_CENTRALE":"STRONA","ISTAT_COMUNE_CENTR":"96065","COMUNE_CENTR":"STRONA","PROVINCIA_CENTR":"BI","INDIRIZZO_CENTRALE":"BOERO 3(STR.PER LESSONA)","LATITUDINE_SEZIONE":"45.61369","LONGITUDINE_SEZIONE":"8.19280","POS_X_SEZIONE":"437063.06187","POS_Y_SEZIONE":"5051444.01316","LATITUDINE_CENTRALE":"45.61989","LONGITUDINE_CENTRALE":"8.17603","POS_X_CENTRALE":"435762.96762","POS_Y_CENTRALE":"5052145.86495","TIPO_ADSL":"ADSL_1","DESCRIZIONE_TIPO_ADSL":"ADSL (8 mega)","DISTANZA_CALCOLATA":"1477.44","CLASSE_DISTANZA":"1300-1699","POTENZA_SEGNALE":"7000","POPOLAZIONE_SEZIONE": "422"}
			},
		 		{ "type" : "Feature",
				"geometry" : {
					"type" : "Point",
					"coordinates" : [8.18151,45.60928]},
			"properties" : { "ANNO":"2010","ID_SEZIONE":"31457","ISTAT_COMUNE_SEZ":"96022","COMUNE_SEZ":"CROSA","PROVINCIA":"BI","ID_CENTRALE":"1369","NOME_CENTRALE":"STRONA","ISTAT_COMUNE_CENTR":"96065","COMUNE_CENTR":"STRONA","PROVINCIA_CENTR":"BI","INDIRIZZO_CENTRALE":"BOERO 3(STR.PER LESSONA)","LATITUDINE_SEZIONE":"45.60928","LONGITUDINE_SEZIONE":"8.18151","POS_X_SEZIONE":"436177.91678","POS_Y_SEZIONE":"5050962.50378","LATITUDINE_CENTRALE":"45.61989","LONGITUDINE_CENTRALE":"8.17603","POS_X_CENTRALE":"435762.96762","POS_Y_CENTRALE":"5052145.86495","TIPO_ADSL":"ADSL_1","DESCRIZIONE_TIPO_ADSL":"ADSL (8 mega)","DISTANZA_CALCOLATA":"1254","CLASSE_DISTANZA":"900-1299","POTENZA_SEGNALE":"7000","POPOLAZIONE_SEZIONE": "10"}
			},
		 		{ "type" : "Feature",
				"geometry" : {
					"type" : "Point",
					"coordinates" : [8.18124,45.62412]},
			"properties" : { "ANNO":"2010","ID_SEZIONE":"32665","ISTAT_COMUNE_SEZ":"96033","COMUNE_SEZ":"MEZZANA MORTIGLIENGO","PROVINCIA":"BI","ID_CENTRALE":"1369","NOME_CENTRALE":"STRONA","ISTAT_COMUNE_CENTR":"96065","COMUNE_CENTR":"STRONA","PROVINCIA_CENTR":"BI","INDIRIZZO_CENTRALE":"BOERO 3(STR.PER LESSONA)","LATITUDINE_SEZIONE":"45.62412","LONGITUDINE_SEZIONE":"8.18124","POS_X_SEZIONE":"436173.58065","POS_Y_SEZIONE":"5052612.48471","LATITUDINE_CENTRALE":"45.61989","LONGITUDINE_CENTRALE":"8.17603","POS_X_CENTRALE":"435762.96762","POS_Y_CENTRALE":"5052145.86495","TIPO_ADSL":"ADSL_1","DESCRIZIONE_TIPO_ADSL":"ADSL (8 mega)","DISTANZA_CALCOLATA":"621.56","CLASSE_DISTANZA":"500-899","POTENZA_SEGNALE":"7000","POPOLAZIONE_SEZIONE": "148"}
			},
		 		{ "type" : "Feature",
				"geometry" : {
					"type" : "Point",
					"coordinates" : [8.17874,45.61578]},
			"properties" : { "ANNO":"2010","ID_SEZIONE":"32666","ISTAT_COMUNE_SEZ":"96065","COMUNE_SEZ":"STRONA","PROVINCIA":"BI","ID_CENTRALE":"1369","NOME_CENTRALE":"STRONA","ISTAT_COMUNE_CENTR":"96065","COMUNE_CENTR":"STRONA","PROVINCIA_CENTR":"BI","INDIRIZZO_CENTRALE":"BOERO 3(STR.PER LESSONA)","LATITUDINE_SEZIONE":"45.61578","LONGITUDINE_SEZIONE":"8.17874","POS_X_SEZIONE":"435969.57988","POS_Y_SEZIONE":"5051687.49220","LATITUDINE_CENTRALE":"45.61989","LONGITUDINE_CENTRALE":"8.17603","POS_X_CENTRALE":"435762.96762","POS_Y_CENTRALE":"5052145.86495","TIPO_ADSL":"ADSL_1","DESCRIZIONE_TIPO_ADSL":"ADSL (8 mega)","DISTANZA_CALCOLATA":"502.79","CLASSE_DISTANZA":"500-899","POTENZA_SEGNALE":"7000","POPOLAZIONE_SEZIONE": "24"}
			}
		 		]
	}
		