 	{ "type" : "FeatureCollection",
		"features" : [
		 		{ "type" : "Feature",
				"geometry" : {
					"type" : "Point",
					"coordinates" : [7.55902,44.44302]},
			"properties" : { "ANNO":"2010","ID_SEZIONE":"2463","ISTAT_COMUNE_SEZ":"4078","COMUNE_SEZ":"CUNEO","PROVINCIA":"CN","ID_CENTRALE":"1148","NOME_CENTRALE":"RONCHI CUNEO 2","ISTAT_COMUNE_CENTR":"4078","COMUNE_CENTR":"CUNEO","PROVINCIA_CENTR":"CN","INDIRIZZO_CENTRALE":"VIA BRA 125","LATITUDINE_SEZIONE":"44.44302","LONGITUDINE_SEZIONE":"7.55902","POS_X_SEZIONE":"385333.83814","POS_Y_SEZIONE":"4922090.16984","LATITUDINE_CENTRALE":"44.43353","LONGITUDINE_CENTRALE":"7.58823","POS_X_CENTRALE":"387639.37689","POS_Y_CENTRALE":"4920994.77920","TIPO_ADSL":"ADSL_1","DESCRIZIONE_TIPO_ADSL":"ADSL (8 mega)","DISTANZA_CALCOLATA":"2552.53","CLASSE_DISTANZA":"2500-2899","POTENZA_SEGNALE":"5749.63","POPOLAZIONE_SEZIONE": "99"}
			},
		 		{ "type" : "Feature",
				"geometry" : {
					"type" : "Point",
					"coordinates" : [7.58861,44.43479]},
			"properties" : { "ANNO":"2010","ID_SEZIONE":"4241","ISTAT_COMUNE_SEZ":"4078","COMUNE_SEZ":"CUNEO","PROVINCIA":"CN","ID_CENTRALE":"1148","NOME_CENTRALE":"RONCHI CUNEO 2","ISTAT_COMUNE_CENTR":"4078","COMUNE_CENTR":"CUNEO","PROVINCIA_CENTR":"CN","INDIRIZZO_CENTRALE":"VIA BRA 125","LATITUDINE_SEZIONE":"44.43479","LONGITUDINE_SEZIONE":"7.58861","POS_X_SEZIONE":"387672.49184","POS_Y_SEZIONE":"4921134.15371","LATITUDINE_CENTRALE":"44.43353","LONGITUDINE_CENTRALE":"7.58823","POS_X_CENTRALE":"387639.37689","POS_Y_CENTRALE":"4920994.77920","TIPO_ADSL":"ADSL_1","DESCRIZIONE_TIPO_ADSL":"ADSL (8 mega)","DISTANZA_CALCOLATA":"143.25","CLASSE_DISTANZA":"100-499","POTENZA_SEGNALE":"7000","POPOLAZIONE_SEZIONE": "97"}
			},
		 		{ "type" : "Feature",
				"geometry" : {
					"type" : "Point",
					"coordinates" : [7.58716,44.45710]},
			"properties" : { "ANNO":"2010","ID_SEZIONE":"5290","ISTAT_COMUNE_SEZ":"4078","COMUNE_SEZ":"CUNEO","PROVINCIA":"CN","ID_CENTRALE":"1148","NOME_CENTRALE":"RONCHI CUNEO 2","ISTAT_COMUNE_CENTR":"4078","COMUNE_CENTR":"CUNEO","PROVINCIA_CENTR":"CN","INDIRIZZO_CENTRALE":"VIA BRA 125","LATITUDINE_SEZIONE":"44.45710","LONGITUDINE_SEZIONE":"7.58716","POS_X_SEZIONE":"387600.12883","POS_Y_SEZIONE":"4923614.16907","LATITUDINE_CENTRALE":"44.43353","LONGITUDINE_CENTRALE":"7.58823","POS_X_CENTRALE":"387639.37689","POS_Y_CENTRALE":"4920994.77920","TIPO_ADSL":"ADSL_1","DESCRIZIONE_TIPO_ADSL":"ADSL (8 mega)","DISTANZA_CALCOLATA":"2619.68","CLASSE_DISTANZA":"2500-2899","POTENZA_SEGNALE":"5749.63","POPOLAZIONE_SEZIONE": "41"}
			},
		 		{ "type" : "Feature",
				"geometry" : {
					"type" : "Point",
					"coordinates" : [7.58895,44.43340]},
			"properties" : { "ANNO":"2010","ID_SEZIONE":"7139","ISTAT_COMUNE_SEZ":"4078","COMUNE_SEZ":"CUNEO","PROVINCIA":"CN","ID_CENTRALE":"1148","NOME_CENTRALE":"RONCHI CUNEO 2","ISTAT_COMUNE_CENTR":"4078","COMUNE_CENTR":"CUNEO","PROVINCIA_CENTR":"CN","INDIRIZZO_CENTRALE":"VIA BRA 125","LATITUDINE_SEZIONE":"44.43340","LONGITUDINE_SEZIONE":"7.58895","POS_X_SEZIONE":"387696.71302","POS_Y_SEZIONE":"4920979.65259","LATITUDINE_CENTRALE":"44.43353","LONGITUDINE_CENTRALE":"7.58823","POS_X_CENTRALE":"387639.37689","POS_Y_CENTRALE":"4920994.77920","TIPO_ADSL":"ADSL_1","DESCRIZIONE_TIPO_ADSL":"ADSL (8 mega)","DISTANZA_CALCOLATA":"59.30","CLASSE_DISTANZA":"0-99","POTENZA_SEGNALE":"7000","POPOLAZIONE_SEZIONE": "46"}
			},
		 		{ "type" : "Feature",
				"geometry" : {
					"type" : "Point",
					"coordinates" : [7.56249,44.43718]},
			"properties" : { "ANNO":"2010","ID_SEZIONE":"7364","ISTAT_COMUNE_SEZ":"4078","COMUNE_SEZ":"CUNEO","PROVINCIA":"CN","ID_CENTRALE":"1148","NOME_CENTRALE":"RONCHI CUNEO 2","ISTAT_COMUNE_CENTR":"4078","COMUNE_CENTR":"CUNEO","PROVINCIA_CENTR":"CN","INDIRIZZO_CENTRALE":"VIA BRA 125","LATITUDINE_SEZIONE":"44.43718","LONGITUDINE_SEZIONE":"7.56249","POS_X_SEZIONE":"385598.25440","POS_Y_SEZIONE":"4921435.66334","LATITUDINE_CENTRALE":"44.43353","LONGITUDINE_CENTRALE":"7.58823","POS_X_CENTRALE":"387639.37689","POS_Y_CENTRALE":"4920994.77920","TIPO_ADSL":"ADSL_1","DESCRIZIONE_TIPO_ADSL":"ADSL (8 mega)","DISTANZA_CALCOLATA":"2088.2","CLASSE_DISTANZA":"1700-2099","POTENZA_SEGNALE":"6874.88","POPOLAZIONE_SEZIONE": "60"}
			},
		 		{ "type" : "Feature",
				"geometry" : {
					"type" : "Point",
					"coordinates" : [7.58634,44.44789]},
			"properties" : { "ANNO":"2010","ID_SEZIONE":"8107","ISTAT_COMUNE_SEZ":"4078","COMUNE_SEZ":"CUNEO","PROVINCIA":"CN","ID_CENTRALE":"1148","NOME_CENTRALE":"RONCHI CUNEO 2","ISTAT_COMUNE_CENTR":"4078","COMUNE_CENTR":"CUNEO","PROVINCIA_CENTR":"CN","INDIRIZZO_CENTRALE":"VIA BRA 125","LATITUDINE_SEZIONE":"44.44789","LONGITUDINE_SEZIONE":"7.58634","POS_X_SEZIONE":"387517.02457","POS_Y_SEZIONE":"4922592.66302","LATITUDINE_CENTRALE":"44.43353","LONGITUDINE_CENTRALE":"7.58823","POS_X_CENTRALE":"387639.37689","POS_Y_CENTRALE":"4920994.77920","TIPO_ADSL":"ADSL_1","DESCRIZIONE_TIPO_ADSL":"ADSL (8 mega)","DISTANZA_CALCOLATA":"1602.56","CLASSE_DISTANZA":"1300-1699","POTENZA_SEGNALE":"7000","POPOLAZIONE_SEZIONE": "12"}
			},
		 		{ "type" : "Feature",
				"geometry" : {
					"type" : "Point",
					"coordinates" : [7.60323,44.44503]},
			"properties" : { "ANNO":"2010","ID_SEZIONE":"8108","ISTAT_COMUNE_SEZ":"4078","COMUNE_SEZ":"CUNEO","PROVINCIA":"CN","ID_CENTRALE":"1148","NOME_CENTRALE":"RONCHI CUNEO 2","ISTAT_COMUNE_CENTR":"4078","COMUNE_CENTR":"CUNEO","PROVINCIA_CENTR":"CN","INDIRIZZO_CENTRALE":"VIA BRA 125","LATITUDINE_SEZIONE":"44.44503","LONGITUDINE_SEZIONE":"7.60323","POS_X_SEZIONE":"388855.71667","POS_Y_SEZIONE":"4922251.66180","LATITUDINE_CENTRALE":"44.43353","LONGITUDINE_CENTRALE":"7.58823","POS_X_CENTRALE":"387639.37689","POS_Y_CENTRALE":"4920994.77920","TIPO_ADSL":"ADSL_1","DESCRIZIONE_TIPO_ADSL":"ADSL (8 mega)","DISTANZA_CALCOLATA":"1749.07","CLASSE_DISTANZA":"1700-2099","POTENZA_SEGNALE":"6874.88","POPOLAZIONE_SEZIONE": "24"}
			},
		 		{ "type" : "Feature",
				"geometry" : {
					"type" : "Point",
					"coordinates" : [7.57384,44.42694]},
			"properties" : { "ANNO":"2010","ID_SEZIONE":"9011","ISTAT_COMUNE_SEZ":"4078","COMUNE_SEZ":"CUNEO","PROVINCIA":"CN","ID_CENTRALE":"1148","NOME_CENTRALE":"RONCHI CUNEO 2","ISTAT_COMUNE_CENTR":"4078","COMUNE_CENTR":"CUNEO","PROVINCIA_CENTR":"CN","INDIRIZZO_CENTRALE":"VIA BRA 125","LATITUDINE_SEZIONE":"44.42694","LONGITUDINE_SEZIONE":"7.57384","POS_X_SEZIONE":"386481.54553","POS_Y_SEZIONE":"4920283.14929","LATITUDINE_CENTRALE":"44.43353","LONGITUDINE_CENTRALE":"7.58823","POS_X_CENTRALE":"387639.37689","POS_Y_CENTRALE":"4920994.77920","TIPO_ADSL":"ADSL_1","DESCRIZIONE_TIPO_ADSL":"ADSL (8 mega)","DISTANZA_CALCOLATA":"1359.04","CLASSE_DISTANZA":"1300-1699","POTENZA_SEGNALE":"7000","POPOLAZIONE_SEZIONE": "20"}
			},
		 		{ "type" : "Feature",
				"geometry" : {
					"type" : "Point",
					"coordinates" : [7.55952,44.43735]},
			"properties" : { "ANNO":"2010","ID_SEZIONE":"9239","ISTAT_COMUNE_SEZ":"4078","COMUNE_SEZ":"CUNEO","PROVINCIA":"CN","ID_CENTRALE":"1148","NOME_CENTRALE":"RONCHI CUNEO 2","ISTAT_COMUNE_CENTR":"4078","COMUNE_CENTR":"CUNEO","PROVINCIA_CENTR":"CN","INDIRIZZO_CENTRALE":"VIA BRA 125","LATITUDINE_SEZIONE":"44.43735","LONGITUDINE_SEZIONE":"7.55952","POS_X_SEZIONE":"385362.10054","POS_Y_SEZIONE":"4921458.66545","LATITUDINE_CENTRALE":"44.43353","LONGITUDINE_CENTRALE":"7.58823","POS_X_CENTRALE":"387639.37689","POS_Y_CENTRALE":"4920994.77920","TIPO_ADSL":"ADSL_1","DESCRIZIONE_TIPO_ADSL":"ADSL (8 mega)","DISTANZA_CALCOLATA":"2324.04","CLASSE_DISTANZA":"2100-2499","POTENZA_SEGNALE":"6500.38","POPOLAZIONE_SEZIONE": "19"}
			},
		 		{ "type" : "Feature",
				"geometry" : {
					"type" : "Point",
					"coordinates" : [7.59403,44.43780]},
			"properties" : { "ANNO":"2010","ID_SEZIONE":"9876","ISTAT_COMUNE_SEZ":"4078","COMUNE_SEZ":"CUNEO","PROVINCIA":"CN","ID_CENTRALE":"1148","NOME_CENTRALE":"RONCHI CUNEO 2","ISTAT_COMUNE_CENTR":"4078","COMUNE_CENTR":"CUNEO","PROVINCIA_CENTR":"CN","INDIRIZZO_CENTRALE":"VIA BRA 125","LATITUDINE_SEZIONE":"44.43780","LONGITUDINE_SEZIONE":"7.59403","POS_X_SEZIONE":"388109.51558","POS_Y_SEZIONE":"4921461.65604","LATITUDINE_CENTRALE":"44.43353","LONGITUDINE_CENTRALE":"7.58823","POS_X_CENTRALE":"387639.37689","POS_Y_CENTRALE":"4920994.77920","TIPO_ADSL":"ADSL_1","DESCRIZIONE_TIPO_ADSL":"ADSL (8 mega)","DISTANZA_CALCOLATA":"662.57","CLASSE_DISTANZA":"500-899","POTENZA_SEGNALE":"7000","POPOLAZIONE_SEZIONE": "41"}
			},
		 		{ "type" : "Feature",
				"geometry" : {
					"type" : "Point",
					"coordinates" : [7.59812,44.46499]},
			"properties" : { "ANNO":"2010","ID_SEZIONE":"11304","ISTAT_COMUNE_SEZ":"4061","COMUNE_SEZ":"CENTALLO","PROVINCIA":"CN","ID_CENTRALE":"1148","NOME_CENTRALE":"RONCHI CUNEO 2","ISTAT_COMUNE_CENTR":"4078","COMUNE_CENTR":"CUNEO","PROVINCIA_CENTR":"CN","INDIRIZZO_CENTRALE":"VIA BRA 125","LATITUDINE_SEZIONE":"44.46499","LONGITUDINE_SEZIONE":"7.59812","POS_X_SEZIONE":"388487.10944","POS_Y_SEZIONE":"4924475.67563","LATITUDINE_CENTRALE":"44.43353","LONGITUDINE_CENTRALE":"7.58823","POS_X_CENTRALE":"387639.37689","POS_Y_CENTRALE":"4920994.77920","TIPO_ADSL":"ADSL_1","DESCRIZIONE_TIPO_ADSL":"ADSL (8 mega)","DISTANZA_CALCOLATA":"3582.64","CLASSE_DISTANZA":"3300-3699","POTENZA_SEGNALE":"3999.63","POPOLAZIONE_SEZIONE": "79"}
			},
		 		{ "type" : "Feature",
				"geometry" : {
					"type" : "Point",
					"coordinates" : [7.59253,44.45182]},
			"properties" : { "ANNO":"2010","ID_SEZIONE":"15112","ISTAT_COMUNE_SEZ":"4078","COMUNE_SEZ":"CUNEO","PROVINCIA":"CN","ID_CENTRALE":"1148","NOME_CENTRALE":"RONCHI CUNEO 2","ISTAT_COMUNE_CENTR":"4078","COMUNE_CENTR":"CUNEO","PROVINCIA_CENTR":"CN","INDIRIZZO_CENTRALE":"VIA BRA 125","LATITUDINE_SEZIONE":"44.45182","LONGITUDINE_SEZIONE":"7.59253","POS_X_SEZIONE":"388016.63981","POS_Y_SEZIONE":"4923021.16606","LATITUDINE_CENTRALE":"44.43353","LONGITUDINE_CENTRALE":"7.58823","POS_X_CENTRALE":"387639.37689","POS_Y_CENTRALE":"4920994.77920","TIPO_ADSL":"ADSL_1","DESCRIZIONE_TIPO_ADSL":"ADSL (8 mega)","DISTANZA_CALCOLATA":"2061.21","CLASSE_DISTANZA":"1700-2099","POTENZA_SEGNALE":"6874.88","POPOLAZIONE_SEZIONE": "15"}
			},
		 		{ "type" : "Feature",
				"geometry" : {
					"type" : "Point",
					"coordinates" : [7.59560,44.44101]},
			"properties" : { "ANNO":"2010","ID_SEZIONE":"16874","ISTAT_COMUNE_SEZ":"4078","COMUNE_SEZ":"CUNEO","PROVINCIA":"CN","ID_CENTRALE":"1148","NOME_CENTRALE":"RONCHI CUNEO 2","ISTAT_COMUNE_CENTR":"4078","COMUNE_CENTR":"CUNEO","PROVINCIA_CENTR":"CN","INDIRIZZO_CENTRALE":"VIA BRA 125","LATITUDINE_SEZIONE":"44.44101","LONGITUDINE_SEZIONE":"7.59560","POS_X_SEZIONE":"388240.91373","POS_Y_SEZIONE":"4921815.65848","LATITUDINE_CENTRALE":"44.43353","LONGITUDINE_CENTRALE":"7.58823","POS_X_CENTRALE":"387639.37689","POS_Y_CENTRALE":"4920994.77920","TIPO_ADSL":"ADSL_1","DESCRIZIONE_TIPO_ADSL":"ADSL (8 mega)","DISTANZA_CALCOLATA":"1017.69","CLASSE_DISTANZA":"900-1299","POTENZA_SEGNALE":"7000","POPOLAZIONE_SEZIONE": "25"}
			},
		 		{ "type" : "Feature",
				"geometry" : {
					"type" : "Point",
					"coordinates" : [7.57779,44.44565]},
			"properties" : { "ANNO":"2010","ID_SEZIONE":"19762","ISTAT_COMUNE_SEZ":"4078","COMUNE_SEZ":"CUNEO","PROVINCIA":"CN","ID_CENTRALE":"1148","NOME_CENTRALE":"RONCHI CUNEO 2","ISTAT_COMUNE_CENTR":"4078","COMUNE_CENTR":"CUNEO","PROVINCIA_CENTR":"CN","INDIRIZZO_CENTRALE":"VIA BRA 125","LATITUDINE_SEZIONE":"44.44565","LONGITUDINE_SEZIONE":"7.57779","POS_X_SEZIONE":"386831.99981","POS_Y_SEZIONE":"4922355.66078","LATITUDINE_CENTRALE":"44.43353","LONGITUDINE_CENTRALE":"7.58823","POS_X_CENTRALE":"387639.37689","POS_Y_CENTRALE":"4920994.77920","TIPO_ADSL":"ADSL_1","DESCRIZIONE_TIPO_ADSL":"ADSL (8 mega)","DISTANZA_CALCOLATA":"1582.36","CLASSE_DISTANZA":"1300-1699","POTENZA_SEGNALE":"7000","POPOLAZIONE_SEZIONE": "31"}
			},
		 		{ "type" : "Feature",
				"geometry" : {
					"type" : "Point",
					"coordinates" : [7.58668,44.43331]},
			"properties" : { "ANNO":"2010","ID_SEZIONE":"24245","ISTAT_COMUNE_SEZ":"4078","COMUNE_SEZ":"CUNEO","PROVINCIA":"CN","ID_CENTRALE":"1148","NOME_CENTRALE":"RONCHI CUNEO 2","ISTAT_COMUNE_CENTR":"4078","COMUNE_CENTR":"CUNEO","PROVINCIA_CENTR":"CN","INDIRIZZO_CENTRALE":"VIA BRA 125","LATITUDINE_SEZIONE":"44.43331","LONGITUDINE_SEZIONE":"7.58668","POS_X_SEZIONE":"387516.30726","POS_Y_SEZIONE":"4920972.65252","LATITUDINE_CENTRALE":"44.43353","LONGITUDINE_CENTRALE":"7.58823","POS_X_CENTRALE":"387639.37689","POS_Y_CENTRALE":"4920994.77920","TIPO_ADSL":"ADSL_1","DESCRIZIONE_TIPO_ADSL":"ADSL (8 mega)","DISTANZA_CALCOLATA":"125.04","CLASSE_DISTANZA":"100-499","POTENZA_SEGNALE":"7000","POPOLAZIONE_SEZIONE": "50"}
			},
		 		{ "type" : "Feature",
				"geometry" : {
					"type" : "Point",
					"coordinates" : [7.59343,44.44207]},
			"properties" : { "ANNO":"2010","ID_SEZIONE":"25122","ISTAT_COMUNE_SEZ":"4078","COMUNE_SEZ":"CUNEO","PROVINCIA":"CN","ID_CENTRALE":"1148","NOME_CENTRALE":"RONCHI CUNEO 2","ISTAT_COMUNE_CENTR":"4078","COMUNE_CENTR":"CUNEO","PROVINCIA_CENTR":"CN","INDIRIZZO_CENTRALE":"VIA BRA 125","LATITUDINE_SEZIONE":"44.44207","LONGITUDINE_SEZIONE":"7.59343","POS_X_SEZIONE":"388069.84992","POS_Y_SEZIONE":"4921936.65944","LATITUDINE_CENTRALE":"44.43353","LONGITUDINE_CENTRALE":"7.58823","POS_X_CENTRALE":"387639.37689","POS_Y_CENTRALE":"4920994.77920","TIPO_ADSL":"ADSL_1","DESCRIZIONE_TIPO_ADSL":"ADSL (8 mega)","DISTANZA_CALCOLATA":"1035.59","CLASSE_DISTANZA":"900-1299","POTENZA_SEGNALE":"7000","POPOLAZIONE_SEZIONE": "26"}
			},
		 		{ "type" : "Feature",
				"geometry" : {
					"type" : "Point",
					"coordinates" : [7.56947,44.44459]},
			"properties" : { "ANNO":"2010","ID_SEZIONE":"25497","ISTAT_COMUNE_SEZ":"4078","COMUNE_SEZ":"CUNEO","PROVINCIA":"CN","ID_CENTRALE":"1148","NOME_CENTRALE":"RONCHI CUNEO 2","ISTAT_COMUNE_CENTR":"4078","COMUNE_CENTR":"CUNEO","PROVINCIA_CENTR":"CN","INDIRIZZO_CENTRALE":"VIA BRA 125","LATITUDINE_SEZIONE":"44.44459","LONGITUDINE_SEZIONE":"7.56947","POS_X_SEZIONE":"386167.85491","POS_Y_SEZIONE":"4922249.66449","LATITUDINE_CENTRALE":"44.43353","LONGITUDINE_CENTRALE":"7.58823","POS_X_CENTRALE":"387639.37689","POS_Y_CENTRALE":"4920994.77920","TIPO_ADSL":"ADSL_1","DESCRIZIONE_TIPO_ADSL":"ADSL (8 mega)","DISTANZA_CALCOLATA":"1933.94","CLASSE_DISTANZA":"1700-2099","POTENZA_SEGNALE":"6874.88","POPOLAZIONE_SEZIONE": "15"}
			},
		 		{ "type" : "Feature",
				"geometry" : {
					"type" : "Point",
					"coordinates" : [7.56687,44.44221]},
			"properties" : { "ANNO":"2010","ID_SEZIONE":"25738","ISTAT_COMUNE_SEZ":"4078","COMUNE_SEZ":"CUNEO","PROVINCIA":"CN","ID_CENTRALE":"1148","NOME_CENTRALE":"RONCHI CUNEO 2","ISTAT_COMUNE_CENTR":"4078","COMUNE_CENTR":"CUNEO","PROVINCIA_CENTR":"CN","INDIRIZZO_CENTRALE":"VIA BRA 125","LATITUDINE_SEZIONE":"44.44221","LONGITUDINE_SEZIONE":"7.56687","POS_X_SEZIONE":"385956.67488","POS_Y_SEZIONE":"4921989.16452","LATITUDINE_CENTRALE":"44.43353","LONGITUDINE_CENTRALE":"7.58823","POS_X_CENTRALE":"387639.37689","POS_Y_CENTRALE":"4920994.77920","TIPO_ADSL":"ADSL_1","DESCRIZIONE_TIPO_ADSL":"ADSL (8 mega)","DISTANZA_CALCOLATA":"1954.56","CLASSE_DISTANZA":"1700-2099","POTENZA_SEGNALE":"6874.88","POPOLAZIONE_SEZIONE": "19"}
			},
		 		{ "type" : "Feature",
				"geometry" : {
					"type" : "Point",
					"coordinates" : [7.58635,44.43546]},
			"properties" : { "ANNO":"2010","ID_SEZIONE":"26994","ISTAT_COMUNE_SEZ":"4078","COMUNE_SEZ":"CUNEO","PROVINCIA":"CN","ID_CENTRALE":"1148","NOME_CENTRALE":"RONCHI CUNEO 2","ISTAT_COMUNE_CENTR":"4078","COMUNE_CENTR":"CUNEO","PROVINCIA_CENTR":"CN","INDIRIZZO_CENTRALE":"VIA BRA 125","LATITUDINE_SEZIONE":"44.43546","LONGITUDINE_SEZIONE":"7.58635","POS_X_SEZIONE":"387493.55245","POS_Y_SEZIONE":"4921211.65412","LATITUDINE_CENTRALE":"44.43353","LONGITUDINE_CENTRALE":"7.58823","POS_X_CENTRALE":"387639.37689","POS_Y_CENTRALE":"4920994.77920","TIPO_ADSL":"ADSL_1","DESCRIZIONE_TIPO_ADSL":"ADSL (8 mega)","DISTANZA_CALCOLATA":"261.34","CLASSE_DISTANZA":"100-499","POTENZA_SEGNALE":"7000","POPOLAZIONE_SEZIONE": "77"}
			},
		 		{ "type" : "Feature",
				"geometry" : {
					"type" : "Point",
					"coordinates" : [7.58526,44.43412]},
			"properties" : { "ANNO":"2010","ID_SEZIONE":"28075","ISTAT_COMUNE_SEZ":"4078","COMUNE_SEZ":"CUNEO","PROVINCIA":"CN","ID_CENTRALE":"1148","NOME_CENTRALE":"RONCHI CUNEO 2","ISTAT_COMUNE_CENTR":"4078","COMUNE_CENTR":"CUNEO","PROVINCIA_CENTR":"CN","INDIRIZZO_CENTRALE":"VIA BRA 125","LATITUDINE_SEZIONE":"44.43412","LONGITUDINE_SEZIONE":"7.58526","POS_X_SEZIONE":"387404.36870","POS_Y_SEZIONE":"4921064.15307","LATITUDINE_CENTRALE":"44.43353","LONGITUDINE_CENTRALE":"7.58823","POS_X_CENTRALE":"387639.37689","POS_Y_CENTRALE":"4920994.77920","TIPO_ADSL":"ADSL_1","DESCRIZIONE_TIPO_ADSL":"ADSL (8 mega)","DISTANZA_CALCOLATA":"245.03","CLASSE_DISTANZA":"100-499","POTENZA_SEGNALE":"7000","POPOLAZIONE_SEZIONE": "104"}
			},
		 		{ "type" : "Feature",
				"geometry" : {
					"type" : "Point",
					"coordinates" : [7.59102,44.44518]},
			"properties" : { "ANNO":"2010","ID_SEZIONE":"28455","ISTAT_COMUNE_SEZ":"4078","COMUNE_SEZ":"CUNEO","PROVINCIA":"CN","ID_CENTRALE":"1148","NOME_CENTRALE":"RONCHI CUNEO 2","ISTAT_COMUNE_CENTR":"4078","COMUNE_CENTR":"CUNEO","PROVINCIA_CENTR":"CN","INDIRIZZO_CENTRALE":"VIA BRA 125","LATITUDINE_SEZIONE":"44.44518","LONGITUDINE_SEZIONE":"7.59102","POS_X_SEZIONE":"387883.68621","POS_Y_SEZIONE":"4922285.16145","LATITUDINE_CENTRALE":"44.43353","LONGITUDINE_CENTRALE":"7.58823","POS_X_CENTRALE":"387639.37689","POS_Y_CENTRALE":"4920994.77920","TIPO_ADSL":"ADSL_1","DESCRIZIONE_TIPO_ADSL":"ADSL (8 mega)","DISTANZA_CALCOLATA":"1313.31","CLASSE_DISTANZA":"1300-1699","POTENZA_SEGNALE":"7000","POPOLAZIONE_SEZIONE": "24"}
			},
		 		{ "type" : "Feature",
				"geometry" : {
					"type" : "Point",
					"coordinates" : [7.59305,44.45060]},
			"properties" : { "ANNO":"2010","ID_SEZIONE":"30820","ISTAT_COMUNE_SEZ":"4078","COMUNE_SEZ":"CUNEO","PROVINCIA":"CN","ID_CENTRALE":"1148","NOME_CENTRALE":"RONCHI CUNEO 2","ISTAT_COMUNE_CENTR":"4078","COMUNE_CENTR":"CUNEO","PROVINCIA_CENTR":"CN","INDIRIZZO_CENTRALE":"VIA BRA 125","LATITUDINE_SEZIONE":"44.45060","LONGITUDINE_SEZIONE":"7.59305","POS_X_SEZIONE":"388056.26758","POS_Y_SEZIONE":"4922884.16510","LATITUDINE_CENTRALE":"44.43353","LONGITUDINE_CENTRALE":"7.58823","POS_X_CENTRALE":"387639.37689","POS_Y_CENTRALE":"4920994.77920","TIPO_ADSL":"ADSL_1","DESCRIZIONE_TIPO_ADSL":"ADSL (8 mega)","DISTANZA_CALCOLATA":"1934.83","CLASSE_DISTANZA":"1700-2099","POTENZA_SEGNALE":"6874.88","POPOLAZIONE_SEZIONE": "21"}
			}
		 		]
	}
		