 	{ "type" : "FeatureCollection",
		"features" : [
		 		{ "type" : "Feature",
				"geometry" : {
					"type" : "Point",
					"coordinates" : [7.62135,45.08225]},
			"properties" : { "ANNO":"2010","ID_SEZIONE":"390","ISTAT_COMUNE_SEZ":"1272","COMUNE_SEZ":"TORINO","PROVINCIA":"TO","ID_CENTRALE":"1491","NOME_CENTRALE":"TORINO S. RITA","ISTAT_COMUNE_CENTR":"1272","COMUNE_CENTR":"TORINO","PROVINCIA_CENTR":"TO","INDIRIZZO_CENTRALE":"VIA TRIPOLI 96","LATITUDINE_SEZIONE":"45.08225","LONGITUDINE_SEZIONE":"7.62135","POS_X_SEZIONE":"391496.47392","POS_Y_SEZIONE":"4993012.16414","LATITUDINE_CENTRALE":"45.04376","LONGITUDINE_CENTRALE":"7.64499","POS_X_CENTRALE":"393285.56101","POS_Y_CENTRALE":"4988704.03995","TIPO_ADSL":"ADSL_2P","DESCRIZIONE_TIPO_ADSL":"ADSL 2+ (24 mega)","DISTANZA_CALCOLATA":"4664.84","CLASSE_DISTANZA":"4500-4899","POTENZA_SEGNALE":"1428.33","POPOLAZIONE_SEZIONE": "168"}
			},
		 		{ "type" : "Feature",
				"geometry" : {
					"type" : "Point",
					"coordinates" : [7.66635,45.05336]},
			"properties" : { "ANNO":"2010","ID_SEZIONE":"571","ISTAT_COMUNE_SEZ":"1272","COMUNE_SEZ":"TORINO","PROVINCIA":"TO","ID_CENTRALE":"1491","NOME_CENTRALE":"TORINO S. RITA","ISTAT_COMUNE_CENTR":"1272","COMUNE_CENTR":"TORINO","PROVINCIA_CENTR":"TO","INDIRIZZO_CENTRALE":"VIA TRIPOLI 96","LATITUDINE_SEZIONE":"45.05336","LONGITUDINE_SEZIONE":"7.66635","POS_X_SEZIONE":"394985.45799","POS_Y_SEZIONE":"4989743.09841","LATITUDINE_CENTRALE":"45.04376","LONGITUDINE_CENTRALE":"7.64499","POS_X_CENTRALE":"393285.56101","POS_Y_CENTRALE":"4988704.03995","TIPO_ADSL":"ADSL_2P","DESCRIZIONE_TIPO_ADSL":"ADSL 2+ (24 mega)","DISTANZA_CALCOLATA":"1992.31","CLASSE_DISTANZA":"1700-2099","POTENZA_SEGNALE":"12975.83","POPOLAZIONE_SEZIONE": "270"}
			},
		 		{ "type" : "Feature",
				"geometry" : {
					"type" : "Point",
					"coordinates" : [7.63646,45.04938]},
			"properties" : { "ANNO":"2010","ID_SEZIONE":"2174","ISTAT_COMUNE_SEZ":"1272","COMUNE_SEZ":"TORINO","PROVINCIA":"TO","ID_CENTRALE":"1491","NOME_CENTRALE":"TORINO S. RITA","ISTAT_COMUNE_CENTR":"1272","COMUNE_CENTR":"TORINO","PROVINCIA_CENTR":"TO","INDIRIZZO_CENTRALE":"VIA TRIPOLI 96","LATITUDINE_SEZIONE":"45.04938","LONGITUDINE_SEZIONE":"7.63646","POS_X_SEZIONE":"392624.58605","POS_Y_SEZIONE":"4989340.59422","LATITUDINE_CENTRALE":"45.04376","LONGITUDINE_CENTRALE":"7.64499","POS_X_CENTRALE":"393285.56101","POS_Y_CENTRALE":"4988704.03995","TIPO_ADSL":"ADSL_2P","DESCRIZIONE_TIPO_ADSL":"ADSL 2+ (24 mega)","DISTANZA_CALCOLATA":"917.65","CLASSE_DISTANZA":"900-1299","POTENZA_SEGNALE":"17737.5","POPOLAZIONE_SEZIONE": "1158"}
			},
		 		{ "type" : "Feature",
				"geometry" : {
					"type" : "Point",
					"coordinates" : [7.64959,45.07667]},
			"properties" : { "ANNO":"2010","ID_SEZIONE":"4267","ISTAT_COMUNE_SEZ":"1272","COMUNE_SEZ":"TORINO","PROVINCIA":"TO","ID_CENTRALE":"1491","NOME_CENTRALE":"TORINO S. RITA","ISTAT_COMUNE_CENTR":"1272","COMUNE_CENTR":"TORINO","PROVINCIA_CENTR":"TO","INDIRIZZO_CENTRALE":"VIA TRIPOLI 96","LATITUDINE_SEZIONE":"45.07667","LONGITUDINE_SEZIONE":"7.64959","POS_X_SEZIONE":"393708.79674","POS_Y_SEZIONE":"4992354.14737","LATITUDINE_CENTRALE":"45.04376","LONGITUDINE_CENTRALE":"7.64499","POS_X_CENTRALE":"393285.56101","POS_Y_CENTRALE":"4988704.03995","TIPO_ADSL":"ADSL_2P","DESCRIZIONE_TIPO_ADSL":"ADSL 2+ (24 mega)","DISTANZA_CALCOLATA":"3674.56","CLASSE_DISTANZA":"3300-3699","POTENZA_SEGNALE":"4047.5","POPOLAZIONE_SEZIONE": "246"}
			},
		 		{ "type" : "Feature",
				"geometry" : {
					"type" : "Point",
					"coordinates" : [7.65359,45.08000]},
			"properties" : { "ANNO":"2010","ID_SEZIONE":"4411","ISTAT_COMUNE_SEZ":"1272","COMUNE_SEZ":"TORINO","PROVINCIA":"TO","ID_CENTRALE":"1491","NOME_CENTRALE":"TORINO S. RITA","ISTAT_COMUNE_CENTR":"1272","COMUNE_CENTR":"TORINO","PROVINCIA_CENTR":"TO","INDIRIZZO_CENTRALE":"VIA TRIPOLI 96","LATITUDINE_SEZIONE":"45.08000","LONGITUDINE_SEZIONE":"7.65359","POS_X_SEZIONE":"394030.10746","POS_Y_SEZIONE":"4992719.65342","LATITUDINE_CENTRALE":"45.04376","LONGITUDINE_CENTRALE":"7.64499","POS_X_CENTRALE":"393285.56101","POS_Y_CENTRALE":"4988704.03995","TIPO_ADSL":"ADSL_2P","DESCRIZIONE_TIPO_ADSL":"ADSL 2+ (24 mega)","DISTANZA_CALCOLATA":"4084.05","CLASSE_DISTANZA":"3700-4099","POTENZA_SEGNALE":"2857.5","POPOLAZIONE_SEZIONE": "41"}
			},
		 		{ "type" : "Feature",
				"geometry" : {
					"type" : "Point",
					"coordinates" : [7.64749,45.04373]},
			"properties" : { "ANNO":"2010","ID_SEZIONE":"5555","ISTAT_COMUNE_SEZ":"1272","COMUNE_SEZ":"TORINO","PROVINCIA":"TO","ID_CENTRALE":"1491","NOME_CENTRALE":"TORINO S. RITA","ISTAT_COMUNE_CENTR":"1272","COMUNE_CENTR":"TORINO","PROVINCIA_CENTR":"TO","INDIRIZZO_CENTRALE":"VIA TRIPOLI 96","LATITUDINE_SEZIONE":"45.04373","LONGITUDINE_SEZIONE":"7.64749","POS_X_SEZIONE":"393482.50093","POS_Y_SEZIONE":"4988698.08183","LATITUDINE_CENTRALE":"45.04376","LONGITUDINE_CENTRALE":"7.64499","POS_X_CENTRALE":"393285.56101","POS_Y_CENTRALE":"4988704.03995","TIPO_ADSL":"ADSL_2P","DESCRIZIONE_TIPO_ADSL":"ADSL 2+ (24 mega)","DISTANZA_CALCOLATA":"197.03","CLASSE_DISTANZA":"100-499","POTENZA_SEGNALE":"19761.67","POPOLAZIONE_SEZIONE": "289"}
			},
		 		{ "type" : "Feature",
				"geometry" : {
					"type" : "Point",
					"coordinates" : [7.65068,45.03573]},
			"properties" : { "ANNO":"2010","ID_SEZIONE":"6780","ISTAT_COMUNE_SEZ":"1272","COMUNE_SEZ":"TORINO","PROVINCIA":"TO","ID_CENTRALE":"1491","NOME_CENTRALE":"TORINO S. RITA","ISTAT_COMUNE_CENTR":"1272","COMUNE_CENTR":"TORINO","PROVINCIA_CENTR":"TO","INDIRIZZO_CENTRALE":"VIA TRIPOLI 96","LATITUDINE_SEZIONE":"45.03573","LONGITUDINE_SEZIONE":"7.65068","POS_X_SEZIONE":"393719.01626","POS_Y_SEZIONE":"4987805.56548","LATITUDINE_CENTRALE":"45.04376","LONGITUDINE_CENTRALE":"7.64499","POS_X_CENTRALE":"393285.56101","POS_Y_CENTRALE":"4988704.03995","TIPO_ADSL":"ADSL_2P","DESCRIZIONE_TIPO_ADSL":"ADSL 2+ (24 mega)","DISTANZA_CALCOLATA":"997.57","CLASSE_DISTANZA":"900-1299","POTENZA_SEGNALE":"17737.5","POPOLAZIONE_SEZIONE": "7"}
			},
		 		{ "type" : "Feature",
				"geometry" : {
					"type" : "Point",
					"coordinates" : [7.66734,45.08037]},
			"properties" : { "ANNO":"2010","ID_SEZIONE":"7170","ISTAT_COMUNE_SEZ":"1272","COMUNE_SEZ":"TORINO","PROVINCIA":"TO","ID_CENTRALE":"1491","NOME_CENTRALE":"TORINO S. RITA","ISTAT_COMUNE_CENTR":"1272","COMUNE_CENTR":"TORINO","PROVINCIA_CENTR":"TO","INDIRIZZO_CENTRALE":"VIA TRIPOLI 96","LATITUDINE_SEZIONE":"45.08037","LONGITUDINE_SEZIONE":"7.66734","POS_X_SEZIONE":"395112.58656","POS_Y_SEZIONE":"4992742.15173","LATITUDINE_CENTRALE":"45.04376","LONGITUDINE_CENTRALE":"7.64499","POS_X_CENTRALE":"393285.56101","POS_Y_CENTRALE":"4988704.03995","TIPO_ADSL":"ADSL_2P","DESCRIZIONE_TIPO_ADSL":"ADSL 2+ (24 mega)","DISTANZA_CALCOLATA":"4432.2","CLASSE_DISTANZA":"4100-4499","POTENZA_SEGNALE":"2024.17","POPOLAZIONE_SEZIONE": "192"}
			},
		 		{ "type" : "Feature",
				"geometry" : {
					"type" : "Point",
					"coordinates" : [7.66964,45.05588]},
			"properties" : { "ANNO":"2010","ID_SEZIONE":"7379","ISTAT_COMUNE_SEZ":"1272","COMUNE_SEZ":"TORINO","PROVINCIA":"TO","ID_CENTRALE":"1491","NOME_CENTRALE":"TORINO S. RITA","ISTAT_COMUNE_CENTR":"1272","COMUNE_CENTR":"TORINO","PROVINCIA_CENTR":"TO","INDIRIZZO_CENTRALE":"VIA TRIPOLI 96","LATITUDINE_SEZIONE":"45.05588","LONGITUDINE_SEZIONE":"7.66964","POS_X_SEZIONE":"395248.89428","POS_Y_SEZIONE":"4990019.10327","LATITUDINE_CENTRALE":"45.04376","LONGITUDINE_CENTRALE":"7.64499","POS_X_CENTRALE":"393285.56101","POS_Y_CENTRALE":"4988704.03995","TIPO_ADSL":"ADSL_2P","DESCRIZIONE_TIPO_ADSL":"ADSL 2+ (24 mega)","DISTANZA_CALCOLATA":"2363.06","CLASSE_DISTANZA":"2100-2499","POTENZA_SEGNALE":"10000","POPOLAZIONE_SEZIONE": "210"}
			},
		 		{ "type" : "Feature",
				"geometry" : {
					"type" : "Point",
					"coordinates" : [7.62121,45.08001]},
			"properties" : { "ANNO":"2010","ID_SEZIONE":"7977","ISTAT_COMUNE_SEZ":"1272","COMUNE_SEZ":"TORINO","PROVINCIA":"TO","ID_CENTRALE":"1491","NOME_CENTRALE":"TORINO S. RITA","ISTAT_COMUNE_CENTR":"1272","COMUNE_CENTR":"TORINO","PROVINCIA_CENTR":"TO","INDIRIZZO_CENTRALE":"VIA TRIPOLI 96","LATITUDINE_SEZIONE":"45.08001","LONGITUDINE_SEZIONE":"7.62121","POS_X_SEZIONE":"391481.47027","POS_Y_SEZIONE":"4992762.65937","LATITUDINE_CENTRALE":"45.04376","LONGITUDINE_CENTRALE":"7.64499","POS_X_CENTRALE":"393285.56101","POS_Y_CENTRALE":"4988704.03995","TIPO_ADSL":"ADSL_2P","DESCRIZIONE_TIPO_ADSL":"ADSL 2+ (24 mega)","DISTANZA_CALCOLATA":"4441.52","CLASSE_DISTANZA":"4100-4499","POTENZA_SEGNALE":"2024.17","POPOLAZIONE_SEZIONE": "201"}
			},
		 		{ "type" : "Feature",
				"geometry" : {
					"type" : "Point",
					"coordinates" : [7.65012,45.05119]},
			"properties" : { "ANNO":"2010","ID_SEZIONE":"8026","ISTAT_COMUNE_SEZ":"1272","COMUNE_SEZ":"TORINO","PROVINCIA":"TO","ID_CENTRALE":"1491","NOME_CENTRALE":"TORINO S. RITA","ISTAT_COMUNE_CENTR":"1272","COMUNE_CENTR":"TORINO","PROVINCIA_CENTR":"TO","INDIRIZZO_CENTRALE":"VIA TRIPOLI 96","LATITUDINE_SEZIONE":"45.05119","LONGITUDINE_SEZIONE":"7.65012","POS_X_SEZIONE":"393703.44532","POS_Y_SEZIONE":"4989523.59633","LATITUDINE_CENTRALE":"45.04376","LONGITUDINE_CENTRALE":"7.64499","POS_X_CENTRALE":"393285.56101","POS_Y_CENTRALE":"4988704.03995","TIPO_ADSL":"ADSL_2P","DESCRIZIONE_TIPO_ADSL":"ADSL 2+ (24 mega)","DISTANZA_CALCOLATA":"919.95","CLASSE_DISTANZA":"900-1299","POTENZA_SEGNALE":"17737.5","POPOLAZIONE_SEZIONE": "320"}
			},
		 		{ "type" : "Feature",
				"geometry" : {
					"type" : "Point",
					"coordinates" : [7.63774,45.05076]},
			"properties" : { "ANNO":"2010","ID_SEZIONE":"8483","ISTAT_COMUNE_SEZ":"1272","COMUNE_SEZ":"TORINO","PROVINCIA":"TO","ID_CENTRALE":"1491","NOME_CENTRALE":"TORINO S. RITA","ISTAT_COMUNE_CENTR":"1272","COMUNE_CENTR":"TORINO","PROVINCIA_CENTR":"TO","INDIRIZZO_CENTRALE":"VIA TRIPOLI 96","LATITUDINE_SEZIONE":"45.05076","LONGITUDINE_SEZIONE":"7.63774","POS_X_SEZIONE":"392727.64960","POS_Y_SEZIONE":"4989491.59684","LATITUDINE_CENTRALE":"45.04376","LONGITUDINE_CENTRALE":"7.64499","POS_X_CENTRALE":"393285.56101","POS_Y_CENTRALE":"4988704.03995","TIPO_ADSL":"ADSL_2P","DESCRIZIONE_TIPO_ADSL":"ADSL 2+ (24 mega)","DISTANZA_CALCOLATA":"965.15","CLASSE_DISTANZA":"900-1299","POTENZA_SEGNALE":"17737.5","POPOLAZIONE_SEZIONE": "106"}
			},
		 		{ "type" : "Feature",
				"geometry" : {
					"type" : "Point",
					"coordinates" : [7.62182,45.06482]},
			"properties" : { "ANNO":"2010","ID_SEZIONE":"8875","ISTAT_COMUNE_SEZ":"1272","COMUNE_SEZ":"TORINO","PROVINCIA":"TO","ID_CENTRALE":"1491","NOME_CENTRALE":"TORINO S. RITA","ISTAT_COMUNE_CENTR":"1272","COMUNE_CENTR":"TORINO","PROVINCIA_CENTR":"TO","INDIRIZZO_CENTRALE":"VIA TRIPOLI 96","LATITUDINE_SEZIONE":"45.06482","LONGITUDINE_SEZIONE":"7.62182","POS_X_SEZIONE":"391500.85050","POS_Y_SEZIONE":"4991075.12785","LATITUDINE_CENTRALE":"45.04376","LONGITUDINE_CENTRALE":"7.64499","POS_X_CENTRALE":"393285.56101","POS_Y_CENTRALE":"4988704.03995","TIPO_ADSL":"ADSL_2P","DESCRIZIONE_TIPO_ADSL":"ADSL 2+ (24 mega)","DISTANZA_CALCOLATA":"2967.7","CLASSE_DISTANZA":"2900-3299","POTENZA_SEGNALE":"5238.33","POPOLAZIONE_SEZIONE": "510"}
			},
		 		{ "type" : "Feature",
				"geometry" : {
					"type" : "Point",
					"coordinates" : [7.64137,45.04693]},
			"properties" : { "ANNO":"2010","ID_SEZIONE":"8887","ISTAT_COMUNE_SEZ":"1272","COMUNE_SEZ":"TORINO","PROVINCIA":"TO","ID_CENTRALE":"1491","NOME_CENTRALE":"TORINO S. RITA","ISTAT_COMUNE_CENTR":"1272","COMUNE_CENTR":"TORINO","PROVINCIA_CENTR":"TO","INDIRIZZO_CENTRALE":"VIA TRIPOLI 96","LATITUDINE_SEZIONE":"45.04693","LONGITUDINE_SEZIONE":"7.64137","POS_X_SEZIONE":"393006.60768","POS_Y_SEZIONE":"4989061.08881","LATITUDINE_CENTRALE":"45.04376","LONGITUDINE_CENTRALE":"7.64499","POS_X_CENTRALE":"393285.56101","POS_Y_CENTRALE":"4988704.03995","TIPO_ADSL":"ADSL_2P","DESCRIZIONE_TIPO_ADSL":"ADSL 2+ (24 mega)","DISTANZA_CALCOLATA":"453.10","CLASSE_DISTANZA":"100-499","POTENZA_SEGNALE":"19761.67","POPOLAZIONE_SEZIONE": "381"}
			},
		 		{ "type" : "Feature",
				"geometry" : {
					"type" : "Point",
					"coordinates" : [7.63579,45.04001]},
			"properties" : { "ANNO":"2010","ID_SEZIONE":"8888","ISTAT_COMUNE_SEZ":"1272","COMUNE_SEZ":"TORINO","PROVINCIA":"TO","ID_CENTRALE":"1491","NOME_CENTRALE":"TORINO S. RITA","ISTAT_COMUNE_CENTR":"1272","COMUNE_CENTR":"TORINO","PROVINCIA_CENTR":"TO","INDIRIZZO_CENTRALE":"VIA TRIPOLI 96","LATITUDINE_SEZIONE":"45.04001","LONGITUDINE_SEZIONE":"7.63579","POS_X_SEZIONE":"392553.91674","POS_Y_SEZIONE":"4988300.07556","LATITUDINE_CENTRALE":"45.04376","LONGITUDINE_CENTRALE":"7.64499","POS_X_CENTRALE":"393285.56101","POS_Y_CENTRALE":"4988704.03995","TIPO_ADSL":"ADSL_2P","DESCRIZIONE_TIPO_ADSL":"ADSL 2+ (24 mega)","DISTANZA_CALCOLATA":"835.76","CLASSE_DISTANZA":"500-899","POTENZA_SEGNALE":"19523.33","POPOLAZIONE_SEZIONE": "1014"}
			},
		 		{ "type" : "Feature",
				"geometry" : {
					"type" : "Point",
					"coordinates" : [7.64660,45.05180]},
			"properties" : { "ANNO":"2010","ID_SEZIONE":"9096","ISTAT_COMUNE_SEZ":"1272","COMUNE_SEZ":"TORINO","PROVINCIA":"TO","ID_CENTRALE":"1491","NOME_CENTRALE":"TORINO S. RITA","ISTAT_COMUNE_CENTR":"1272","COMUNE_CENTR":"TORINO","PROVINCIA_CENTR":"TO","INDIRIZZO_CENTRALE":"VIA TRIPOLI 96","LATITUDINE_SEZIONE":"45.05180","LONGITUDINE_SEZIONE":"7.64660","POS_X_SEZIONE":"393427.51418","POS_Y_SEZIONE":"4989596.09809","LATITUDINE_CENTRALE":"45.04376","LONGITUDINE_CENTRALE":"7.64499","POS_X_CENTRALE":"393285.56101","POS_Y_CENTRALE":"4988704.03995","TIPO_ADSL":"ADSL_2P","DESCRIZIONE_TIPO_ADSL":"ADSL 2+ (24 mega)","DISTANZA_CALCOLATA":"903.28","CLASSE_DISTANZA":"900-1299","POTENZA_SEGNALE":"17737.5","POPOLAZIONE_SEZIONE": "349"}
			},
		 		{ "type" : "Feature",
				"geometry" : {
					"type" : "Point",
					"coordinates" : [7.63804,45.03898]},
			"properties" : { "ANNO":"2010","ID_SEZIONE":"9100","ISTAT_COMUNE_SEZ":"1272","COMUNE_SEZ":"TORINO","PROVINCIA":"TO","ID_CENTRALE":"1491","NOME_CENTRALE":"TORINO S. RITA","ISTAT_COMUNE_CENTR":"1272","COMUNE_CENTR":"TORINO","PROVINCIA_CENTR":"TO","INDIRIZZO_CENTRALE":"VIA TRIPOLI 96","LATITUDINE_SEZIONE":"45.03898","LONGITUDINE_SEZIONE":"7.63804","POS_X_SEZIONE":"392729.44314","POS_Y_SEZIONE":"4988183.07281","LATITUDINE_CENTRALE":"45.04376","LONGITUDINE_CENTRALE":"7.64499","POS_X_CENTRALE":"393285.56101","POS_Y_CENTRALE":"4988704.03995","TIPO_ADSL":"ADSL_2P","DESCRIZIONE_TIPO_ADSL":"ADSL 2+ (24 mega)","DISTANZA_CALCOLATA":"762.02","CLASSE_DISTANZA":"500-899","POTENZA_SEGNALE":"19523.33","POPOLAZIONE_SEZIONE": "884"}
			},
		 		{ "type" : "Feature",
				"geometry" : {
					"type" : "Point",
					"coordinates" : [7.64848,45.04340]},
			"properties" : { "ANNO":"2010","ID_SEZIONE":"9309","ISTAT_COMUNE_SEZ":"1272","COMUNE_SEZ":"TORINO","PROVINCIA":"TO","ID_CENTRALE":"1491","NOME_CENTRALE":"TORINO S. RITA","ISTAT_COMUNE_CENTR":"1272","COMUNE_CENTR":"TORINO","PROVINCIA_CENTR":"TO","INDIRIZZO_CENTRALE":"VIA TRIPOLI 96","LATITUDINE_SEZIONE":"45.04340","LONGITUDINE_SEZIONE":"7.64848","POS_X_SEZIONE":"393560.15495","POS_Y_SEZIONE":"4988659.58097","LATITUDINE_CENTRALE":"45.04376","LONGITUDINE_CENTRALE":"7.64499","POS_X_CENTRALE":"393285.56101","POS_Y_CENTRALE":"4988704.03995","TIPO_ADSL":"ADSL_2P","DESCRIZIONE_TIPO_ADSL":"ADSL 2+ (24 mega)","DISTANZA_CALCOLATA":"278.17","CLASSE_DISTANZA":"100-499","POTENZA_SEGNALE":"19761.67","POPOLAZIONE_SEZIONE": "419"}
			},
		 		{ "type" : "Feature",
				"geometry" : {
					"type" : "Point",
					"coordinates" : [7.63107,45.08082]},
			"properties" : { "ANNO":"2010","ID_SEZIONE":"10047","ISTAT_COMUNE_SEZ":"1272","COMUNE_SEZ":"TORINO","PROVINCIA":"TO","ID_CENTRALE":"1491","NOME_CENTRALE":"TORINO S. RITA","ISTAT_COMUNE_CENTR":"1272","COMUNE_CENTR":"TORINO","PROVINCIA_CENTR":"TO","INDIRIZZO_CENTRALE":"VIA TRIPOLI 96","LATITUDINE_SEZIONE":"45.08082","LONGITUDINE_SEZIONE":"7.63107","POS_X_SEZIONE":"392258.73747","POS_Y_SEZIONE":"4992839.65905","LATITUDINE_CENTRALE":"45.04376","LONGITUDINE_CENTRALE":"7.64499","POS_X_CENTRALE":"393285.56101","POS_Y_CENTRALE":"4988704.03995","TIPO_ADSL":"ADSL_2P","DESCRIZIONE_TIPO_ADSL":"ADSL 2+ (24 mega)","DISTANZA_CALCOLATA":"4261.19","CLASSE_DISTANZA":"4100-4499","POTENZA_SEGNALE":"2024.17","POPOLAZIONE_SEZIONE": "456"}
			},
		 		{ "type" : "Feature",
				"geometry" : {
					"type" : "Point",
					"coordinates" : [7.56854,45.05818]},
			"properties" : { "ANNO":"2010","ID_SEZIONE":"10089","ISTAT_COMUNE_SEZ":"1120","COMUNE_SEZ":"GRUGLIASCO","PROVINCIA":"TO","ID_CENTRALE":"1491","NOME_CENTRALE":"TORINO S. RITA","ISTAT_COMUNE_CENTR":"1272","COMUNE_CENTR":"TORINO","PROVINCIA_CENTR":"TO","INDIRIZZO_CENTRALE":"VIA TRIPOLI 96","LATITUDINE_SEZIONE":"45.05818","LONGITUDINE_SEZIONE":"7.56854","POS_X_SEZIONE":"387293.61440","POS_Y_SEZIONE":"4990410.11819","LATITUDINE_CENTRALE":"45.04376","LONGITUDINE_CENTRALE":"7.64499","POS_X_CENTRALE":"393285.56101","POS_Y_CENTRALE":"4988704.03995","TIPO_ADSL":"ADSL_2P","DESCRIZIONE_TIPO_ADSL":"ADSL 2+ (24 mega)","DISTANZA_CALCOLATA":"6230.1","CLASSE_DISTANZA":"6100 e oltre","POTENZA_SEGNALE":"0.00","POPOLAZIONE_SEZIONE": "801"}
			},
		 		{ "type" : "Feature",
				"geometry" : {
					"type" : "Point",
					"coordinates" : [7.63621,45.05126]},
			"properties" : { "ANNO":"2010","ID_SEZIONE":"10108","ISTAT_COMUNE_SEZ":"1272","COMUNE_SEZ":"TORINO","PROVINCIA":"TO","ID_CENTRALE":"1491","NOME_CENTRALE":"TORINO S. RITA","ISTAT_COMUNE_CENTR":"1272","COMUNE_CENTR":"TORINO","PROVINCIA_CENTR":"TO","INDIRIZZO_CENTRALE":"VIA TRIPOLI 96","LATITUDINE_SEZIONE":"45.05126","LONGITUDINE_SEZIONE":"7.63621","POS_X_SEZIONE":"392608.65261","POS_Y_SEZIONE":"4989549.59825","LATITUDINE_CENTRALE":"45.04376","LONGITUDINE_CENTRALE":"7.64499","POS_X_CENTRALE":"393285.56101","POS_Y_CENTRALE":"4988704.03995","TIPO_ADSL":"ADSL_2P","DESCRIZIONE_TIPO_ADSL":"ADSL 2+ (24 mega)","DISTANZA_CALCOLATA":"1083.13","CLASSE_DISTANZA":"900-1299","POTENZA_SEGNALE":"17737.5","POPOLAZIONE_SEZIONE": "249"}
			},
		 		{ "type" : "Feature",
				"geometry" : {
					"type" : "Point",
					"coordinates" : [7.63795,45.05130]},
			"properties" : { "ANNO":"2010","ID_SEZIONE":"10560","ISTAT_COMUNE_SEZ":"1272","COMUNE_SEZ":"TORINO","PROVINCIA":"TO","ID_CENTRALE":"1491","NOME_CENTRALE":"TORINO S. RITA","ISTAT_COMUNE_CENTR":"1272","COMUNE_CENTR":"TORINO","PROVINCIA_CENTR":"TO","INDIRIZZO_CENTRALE":"VIA TRIPOLI 96","LATITUDINE_SEZIONE":"45.05130","LONGITUDINE_SEZIONE":"7.63795","POS_X_SEZIONE":"392745.68122","POS_Y_SEZIONE":"4989551.09790","LATITUDINE_CENTRALE":"45.04376","LONGITUDINE_CENTRALE":"7.64499","POS_X_CENTRALE":"393285.56101","POS_Y_CENTRALE":"4988704.03995","TIPO_ADSL":"ADSL_2P","DESCRIZIONE_TIPO_ADSL":"ADSL 2+ (24 mega)","DISTANZA_CALCOLATA":"1004.48","CLASSE_DISTANZA":"900-1299","POTENZA_SEGNALE":"17737.5","POPOLAZIONE_SEZIONE": "207"}
			},
		 		{ "type" : "Feature",
				"geometry" : {
					"type" : "Point",
					"coordinates" : [7.65378,45.09991]},
			"properties" : { "ANNO":"2010","ID_SEZIONE":"11315","ISTAT_COMUNE_SEZ":"1272","COMUNE_SEZ":"TORINO","PROVINCIA":"TO","ID_CENTRALE":"1491","NOME_CENTRALE":"TORINO S. RITA","ISTAT_COMUNE_CENTR":"1272","COMUNE_CENTR":"TORINO","PROVINCIA_CENTR":"TO","INDIRIZZO_CENTRALE":"VIA TRIPOLI 96","LATITUDINE_SEZIONE":"45.09991","LONGITUDINE_SEZIONE":"7.65378","POS_X_SEZIONE":"394082.02119","POS_Y_SEZIONE":"4994931.17803","LATITUDINE_CENTRALE":"45.04376","LONGITUDINE_CENTRALE":"7.64499","POS_X_CENTRALE":"393285.56101","POS_Y_CENTRALE":"4988704.03995","TIPO_ADSL":"ADSL_2P","DESCRIZIONE_TIPO_ADSL":"ADSL 2+ (24 mega)","DISTANZA_CALCOLATA":"6277.87","CLASSE_DISTANZA":"6100 e oltre","POTENZA_SEGNALE":"0.00","POPOLAZIONE_SEZIONE": "267"}
			},
		 		{ "type" : "Feature",
				"geometry" : {
					"type" : "Point",
					"coordinates" : [7.64161,45.04608]},
			"properties" : { "ANNO":"2010","ID_SEZIONE":"11377","ISTAT_COMUNE_SEZ":"1272","COMUNE_SEZ":"TORINO","PROVINCIA":"TO","ID_CENTRALE":"1491","NOME_CENTRALE":"TORINO S. RITA","ISTAT_COMUNE_CENTR":"1272","COMUNE_CENTR":"TORINO","PROVINCIA_CENTR":"TO","INDIRIZZO_CENTRALE":"VIA TRIPOLI 96","LATITUDINE_SEZIONE":"45.04608","LONGITUDINE_SEZIONE":"7.64161","POS_X_SEZIONE":"393023.94912","POS_Y_SEZIONE":"4988966.58692","LATITUDINE_CENTRALE":"45.04376","LONGITUDINE_CENTRALE":"7.64499","POS_X_CENTRALE":"393285.56101","POS_Y_CENTRALE":"4988704.03995","TIPO_ADSL":"ADSL_2P","DESCRIZIONE_TIPO_ADSL":"ADSL 2+ (24 mega)","DISTANZA_CALCOLATA":"370.64","CLASSE_DISTANZA":"100-499","POTENZA_SEGNALE":"19761.67","POPOLAZIONE_SEZIONE": "113"}
			},
		 		{ "type" : "Feature",
				"geometry" : {
					"type" : "Point",
					"coordinates" : [7.64487,45.04909]},
			"properties" : { "ANNO":"2010","ID_SEZIONE":"11528","ISTAT_COMUNE_SEZ":"1272","COMUNE_SEZ":"TORINO","PROVINCIA":"TO","ID_CENTRALE":"1491","NOME_CENTRALE":"TORINO S. RITA","ISTAT_COMUNE_CENTR":"1272","COMUNE_CENTR":"TORINO","PROVINCIA_CENTR":"TO","INDIRIZZO_CENTRALE":"VIA TRIPOLI 96","LATITUDINE_SEZIONE":"45.04909","LONGITUDINE_SEZIONE":"7.64487","POS_X_SEZIONE":"393286.48122","POS_Y_SEZIONE":"4989296.59294","LATITUDINE_CENTRALE":"45.04376","LONGITUDINE_CENTRALE":"7.64499","POS_X_CENTRALE":"393285.56101","POS_Y_CENTRALE":"4988704.03995","TIPO_ADSL":"ADSL_2P","DESCRIZIONE_TIPO_ADSL":"ADSL 2+ (24 mega)","DISTANZA_CALCOLATA":"592.55","CLASSE_DISTANZA":"500-899","POTENZA_SEGNALE":"19523.33","POPOLAZIONE_SEZIONE": "228"}
			},
		 		{ "type" : "Feature",
				"geometry" : {
					"type" : "Point",
					"coordinates" : [7.63573,45.04282]},
			"properties" : { "ANNO":"2010","ID_SEZIONE":"11530","ISTAT_COMUNE_SEZ":"1272","COMUNE_SEZ":"TORINO","PROVINCIA":"TO","ID_CENTRALE":"1491","NOME_CENTRALE":"TORINO S. RITA","ISTAT_COMUNE_CENTR":"1272","COMUNE_CENTR":"TORINO","PROVINCIA_CENTR":"TO","INDIRIZZO_CENTRALE":"VIA TRIPOLI 96","LATITUDINE_SEZIONE":"45.04282","LONGITUDINE_SEZIONE":"7.63573","POS_X_SEZIONE":"392555.04570","POS_Y_SEZIONE":"4988612.08119","LATITUDINE_CENTRALE":"45.04376","LONGITUDINE_CENTRALE":"7.64499","POS_X_CENTRALE":"393285.56101","POS_Y_CENTRALE":"4988704.03995","TIPO_ADSL":"ADSL_2P","DESCRIZIONE_TIPO_ADSL":"ADSL 2+ (24 mega)","DISTANZA_CALCOLATA":"736.28","CLASSE_DISTANZA":"500-899","POTENZA_SEGNALE":"19523.33","POPOLAZIONE_SEZIONE": "903"}
			},
		 		{ "type" : "Feature",
				"geometry" : {
					"type" : "Point",
					"coordinates" : [7.63901,45.04097]},
			"properties" : { "ANNO":"2010","ID_SEZIONE":"11531","ISTAT_COMUNE_SEZ":"1272","COMUNE_SEZ":"TORINO","PROVINCIA":"TO","ID_CENTRALE":"1491","NOME_CENTRALE":"TORINO S. RITA","ISTAT_COMUNE_CENTR":"1272","COMUNE_CENTR":"TORINO","PROVINCIA_CENTR":"TO","INDIRIZZO_CENTRALE":"VIA TRIPOLI 96","LATITUDINE_SEZIONE":"45.04097","LONGITUDINE_SEZIONE":"7.63901","POS_X_SEZIONE":"392809.38272","POS_Y_SEZIONE":"4988402.57694","LATITUDINE_CENTRALE":"45.04376","LONGITUDINE_CENTRALE":"7.64499","POS_X_CENTRALE":"393285.56101","POS_Y_CENTRALE":"4988704.03995","TIPO_ADSL":"ADSL_2P","DESCRIZIONE_TIPO_ADSL":"ADSL 2+ (24 mega)","DISTANZA_CALCOLATA":"563.58","CLASSE_DISTANZA":"500-899","POTENZA_SEGNALE":"19523.33","POPOLAZIONE_SEZIONE": "274"}
			},
		 		{ "type" : "Feature",
				"geometry" : {
					"type" : "Point",
					"coordinates" : [7.63923,45.05031]},
			"properties" : { "ANNO":"2010","ID_SEZIONE":"12143","ISTAT_COMUNE_SEZ":"1272","COMUNE_SEZ":"TORINO","PROVINCIA":"TO","ID_CENTRALE":"1491","NOME_CENTRALE":"TORINO S. RITA","ISTAT_COMUNE_CENTR":"1272","COMUNE_CENTR":"TORINO","PROVINCIA_CENTR":"TO","INDIRIZZO_CENTRALE":"VIA TRIPOLI 96","LATITUDINE_SEZIONE":"45.05031","LONGITUDINE_SEZIONE":"7.63923","POS_X_SEZIONE":"392844.61600","POS_Y_SEZIONE":"4989439.59607","LATITUDINE_CENTRALE":"45.04376","LONGITUDINE_CENTRALE":"7.64499","POS_X_CENTRALE":"393285.56101","POS_Y_CENTRALE":"4988704.03995","TIPO_ADSL":"ADSL_2P","DESCRIZIONE_TIPO_ADSL":"ADSL 2+ (24 mega)","DISTANZA_CALCOLATA":"857.60","CLASSE_DISTANZA":"500-899","POTENZA_SEGNALE":"19523.33","POPOLAZIONE_SEZIONE": ""}
			},
		 		{ "type" : "Feature",
				"geometry" : {
					"type" : "Point",
					"coordinates" : [7.64873,45.04555]},
			"properties" : { "ANNO":"2010","ID_SEZIONE":"12145","ISTAT_COMUNE_SEZ":"1272","COMUNE_SEZ":"TORINO","PROVINCIA":"TO","ID_CENTRALE":"1491","NOME_CENTRALE":"TORINO S. RITA","ISTAT_COMUNE_CENTR":"1272","COMUNE_CENTR":"TORINO","PROVINCIA_CENTR":"TO","INDIRIZZO_CENTRALE":"VIA TRIPOLI 96","LATITUDINE_SEZIONE":"45.04555","LONGITUDINE_SEZIONE":"7.64873","POS_X_SEZIONE":"393583.43917","POS_Y_SEZIONE":"4988898.08542","LATITUDINE_CENTRALE":"45.04376","LONGITUDINE_CENTRALE":"7.64499","POS_X_CENTRALE":"393285.56101","POS_Y_CENTRALE":"4988704.03995","TIPO_ADSL":"ADSL_2P","DESCRIZIONE_TIPO_ADSL":"ADSL 2+ (24 mega)","DISTANZA_CALCOLATA":"355.51","CLASSE_DISTANZA":"100-499","POTENZA_SEGNALE":"19761.67","POPOLAZIONE_SEZIONE": "223"}
			},
		 		{ "type" : "Feature",
				"geometry" : {
					"type" : "Point",
					"coordinates" : [7.64041,45.05320]},
			"properties" : { "ANNO":"2010","ID_SEZIONE":"12370","ISTAT_COMUNE_SEZ":"1272","COMUNE_SEZ":"TORINO","PROVINCIA":"TO","ID_CENTRALE":"1491","NOME_CENTRALE":"TORINO S. RITA","ISTAT_COMUNE_CENTR":"1272","COMUNE_CENTR":"TORINO","PROVINCIA_CENTR":"TO","INDIRIZZO_CENTRALE":"VIA TRIPOLI 96","LATITUDINE_SEZIONE":"45.05320","LONGITUDINE_SEZIONE":"7.64041","POS_X_SEZIONE":"392943.05568","POS_Y_SEZIONE":"4989759.60171","LATITUDINE_CENTRALE":"45.04376","LONGITUDINE_CENTRALE":"7.64499","POS_X_CENTRALE":"393285.56101","POS_Y_CENTRALE":"4988704.03995","TIPO_ADSL":"ADSL_2P","DESCRIZIONE_TIPO_ADSL":"ADSL 2+ (24 mega)","DISTANZA_CALCOLATA":"1109.74","CLASSE_DISTANZA":"900-1299","POTENZA_SEGNALE":"17737.5","POPOLAZIONE_SEZIONE": "180"}
			},
		 		{ "type" : "Feature",
				"geometry" : {
					"type" : "Point",
					"coordinates" : [7.64725,45.04606]},
			"properties" : { "ANNO":"2010","ID_SEZIONE":"12374","ISTAT_COMUNE_SEZ":"1272","COMUNE_SEZ":"TORINO","PROVINCIA":"TO","ID_CENTRALE":"1491","NOME_CENTRALE":"TORINO S. RITA","ISTAT_COMUNE_CENTR":"1272","COMUNE_CENTR":"TORINO","PROVINCIA_CENTR":"TO","INDIRIZZO_CENTRALE":"VIA TRIPOLI 96","LATITUDINE_SEZIONE":"45.04606","LONGITUDINE_SEZIONE":"7.64725","POS_X_SEZIONE":"393468.41069","POS_Y_SEZIONE":"4988957.58647","LATITUDINE_CENTRALE":"45.04376","LONGITUDINE_CENTRALE":"7.64499","POS_X_CENTRALE":"393285.56101","POS_Y_CENTRALE":"4988704.03995","TIPO_ADSL":"ADSL_2P","DESCRIZIONE_TIPO_ADSL":"ADSL 2+ (24 mega)","DISTANZA_CALCOLATA":"312.60","CLASSE_DISTANZA":"100-499","POTENZA_SEGNALE":"19761.67","POPOLAZIONE_SEZIONE": "4"}
			},
		 		{ "type" : "Feature",
				"geometry" : {
					"type" : "Point",
					"coordinates" : [7.64073,45.03852]},
			"properties" : { "ANNO":"2010","ID_SEZIONE":"12376","ISTAT_COMUNE_SEZ":"1272","COMUNE_SEZ":"TORINO","PROVINCIA":"TO","ID_CENTRALE":"1491","NOME_CENTRALE":"TORINO S. RITA","ISTAT_COMUNE_CENTR":"1272","COMUNE_CENTR":"TORINO","PROVINCIA_CENTR":"TO","INDIRIZZO_CENTRALE":"VIA TRIPOLI 96","LATITUDINE_SEZIONE":"45.03852","LONGITUDINE_SEZIONE":"7.64073","POS_X_SEZIONE":"392940.81363","POS_Y_SEZIONE":"4988128.07172","LATITUDINE_CENTRALE":"45.04376","LONGITUDINE_CENTRALE":"7.64499","POS_X_CENTRALE":"393285.56101","POS_Y_CENTRALE":"4988704.03995","TIPO_ADSL":"ADSL_2P","DESCRIZIONE_TIPO_ADSL":"ADSL 2+ (24 mega)","DISTANZA_CALCOLATA":"671.26","CLASSE_DISTANZA":"500-899","POTENZA_SEGNALE":"19523.33","POPOLAZIONE_SEZIONE": "603"}
			},
		 		{ "type" : "Feature",
				"geometry" : {
					"type" : "Point",
					"coordinates" : [7.62921,45.05432]},
			"properties" : { "ANNO":"2010","ID_SEZIONE":"12617","ISTAT_COMUNE_SEZ":"1272","COMUNE_SEZ":"TORINO","PROVINCIA":"TO","ID_CENTRALE":"1491","NOME_CENTRALE":"TORINO S. RITA","ISTAT_COMUNE_CENTR":"1272","COMUNE_CENTR":"TORINO","PROVINCIA_CENTR":"TO","INDIRIZZO_CENTRALE":"VIA TRIPOLI 96","LATITUDINE_SEZIONE":"45.05432","LONGITUDINE_SEZIONE":"7.62921","POS_X_SEZIONE":"392063.16679","POS_Y_SEZIONE":"4989898.10539","LATITUDINE_CENTRALE":"45.04376","LONGITUDINE_CENTRALE":"7.64499","POS_X_CENTRALE":"393285.56101","POS_Y_CENTRALE":"4988704.03995","TIPO_ADSL":"ADSL_2P","DESCRIZIONE_TIPO_ADSL":"ADSL 2+ (24 mega)","DISTANZA_CALCOLATA":"1708.81","CLASSE_DISTANZA":"1700-2099","POTENZA_SEGNALE":"12975.83","POPOLAZIONE_SEZIONE": "110"}
			},
		 		{ "type" : "Feature",
				"geometry" : {
					"type" : "Point",
					"coordinates" : [7.76155,45.14286]},
			"properties" : { "ANNO":"2010","ID_SEZIONE":"12845","ISTAT_COMUNE_SEZ":"1265","COMUNE_SEZ":"SETTIMO TORINESE","PROVINCIA":"TO","ID_CENTRALE":"1491","NOME_CENTRALE":"TORINO S. RITA","ISTAT_COMUNE_CENTR":"1272","COMUNE_CENTR":"TORINO","PROVINCIA_CENTR":"TO","INDIRIZZO_CENTRALE":"VIA TRIPOLI 96","LATITUDINE_SEZIONE":"45.14286","LONGITUDINE_SEZIONE":"7.76155","POS_X_SEZIONE":"402634.24955","POS_Y_SEZIONE":"4999566.25772","LATITUDINE_CENTRALE":"45.04376","LONGITUDINE_CENTRALE":"7.64499","POS_X_CENTRALE":"393285.56101","POS_Y_CENTRALE":"4988704.03995","TIPO_ADSL":"ADSL_2P","DESCRIZIONE_TIPO_ADSL":"ADSL 2+ (24 mega)","DISTANZA_CALCOLATA":"14331.29","CLASSE_DISTANZA":"6100 e oltre","POTENZA_SEGNALE":"0.00","POPOLAZIONE_SEZIONE": "534"}
			},
		 		{ "type" : "Feature",
				"geometry" : {
					"type" : "Point",
					"coordinates" : [7.64250,45.04239]},
			"properties" : { "ANNO":"2010","ID_SEZIONE":"13041","ISTAT_COMUNE_SEZ":"1272","COMUNE_SEZ":"TORINO","PROVINCIA":"TO","ID_CENTRALE":"1491","NOME_CENTRALE":"TORINO S. RITA","ISTAT_COMUNE_CENTR":"1272","COMUNE_CENTR":"TORINO","PROVINCIA_CENTR":"TO","INDIRIZZO_CENTRALE":"VIA TRIPOLI 96","LATITUDINE_SEZIONE":"45.04239","LONGITUDINE_SEZIONE":"7.64250","POS_X_SEZIONE":"393087.28660","POS_Y_SEZIONE":"4988555.57943","LATITUDINE_CENTRALE":"45.04376","LONGITUDINE_CENTRALE":"7.64499","POS_X_CENTRALE":"393285.56101","POS_Y_CENTRALE":"4988704.03995","TIPO_ADSL":"ADSL_2P","DESCRIZIONE_TIPO_ADSL":"ADSL 2+ (24 mega)","DISTANZA_CALCOLATA":"247.70","CLASSE_DISTANZA":"100-499","POTENZA_SEGNALE":"19761.67","POPOLAZIONE_SEZIONE": "237"}
			},
		 		{ "type" : "Feature",
				"geometry" : {
					"type" : "Point",
					"coordinates" : [7.63559,45.05079]},
			"properties" : { "ANNO":"2010","ID_SEZIONE":"13846","ISTAT_COMUNE_SEZ":"1272","COMUNE_SEZ":"TORINO","PROVINCIA":"TO","ID_CENTRALE":"1491","NOME_CENTRALE":"TORINO S. RITA","ISTAT_COMUNE_CENTR":"1272","COMUNE_CENTR":"TORINO","PROVINCIA_CENTR":"TO","INDIRIZZO_CENTRALE":"VIA TRIPOLI 96","LATITUDINE_SEZIONE":"45.05079","LONGITUDINE_SEZIONE":"7.63559","POS_X_SEZIONE":"392558.87136","POS_Y_SEZIONE":"4989498.09719","LATITUDINE_CENTRALE":"45.04376","LONGITUDINE_CENTRALE":"7.64499","POS_X_CENTRALE":"393285.56101","POS_Y_CENTRALE":"4988704.03995","TIPO_ADSL":"ADSL_2P","DESCRIZIONE_TIPO_ADSL":"ADSL 2+ (24 mega)","DISTANZA_CALCOLATA":"1076.39","CLASSE_DISTANZA":"900-1299","POTENZA_SEGNALE":"17737.5","POPOLAZIONE_SEZIONE": "91"}
			},
		 		{ "type" : "Feature",
				"geometry" : {
					"type" : "Point",
					"coordinates" : [7.63676,45.05168]},
			"properties" : { "ANNO":"2010","ID_SEZIONE":"14237","ISTAT_COMUNE_SEZ":"1272","COMUNE_SEZ":"TORINO","PROVINCIA":"TO","ID_CENTRALE":"1491","NOME_CENTRALE":"TORINO S. RITA","ISTAT_COMUNE_CENTR":"1272","COMUNE_CENTR":"TORINO","PROVINCIA_CENTR":"TO","INDIRIZZO_CENTRALE":"VIA TRIPOLI 96","LATITUDINE_SEZIONE":"45.05168","LONGITUDINE_SEZIONE":"7.63676","POS_X_SEZIONE":"392652.80851","POS_Y_SEZIONE":"4989595.59889","LATITUDINE_CENTRALE":"45.04376","LONGITUDINE_CENTRALE":"7.64499","POS_X_CENTRALE":"393285.56101","POS_Y_CENTRALE":"4988704.03995","TIPO_ADSL":"ADSL_2P","DESCRIZIONE_TIPO_ADSL":"ADSL 2+ (24 mega)","DISTANZA_CALCOLATA":"1093.28","CLASSE_DISTANZA":"900-1299","POTENZA_SEGNALE":"17737.5","POPOLAZIONE_SEZIONE": ""}
			},
		 		{ "type" : "Feature",
				"geometry" : {
					"type" : "Point",
					"coordinates" : [7.64515,45.03860]},
			"properties" : { "ANNO":"2010","ID_SEZIONE":"14239","ISTAT_COMUNE_SEZ":"1272","COMUNE_SEZ":"TORINO","PROVINCIA":"TO","ID_CENTRALE":"1491","NOME_CENTRALE":"TORINO S. RITA","ISTAT_COMUNE_CENTR":"1272","COMUNE_CENTR":"TORINO","PROVINCIA_CENTR":"TO","INDIRIZZO_CENTRALE":"VIA TRIPOLI 96","LATITUDINE_SEZIONE":"45.03860","LONGITUDINE_SEZIONE":"7.64515","POS_X_SEZIONE":"393288.93319","POS_Y_SEZIONE":"4988131.57175","LATITUDINE_CENTRALE":"45.04376","LONGITUDINE_CENTRALE":"7.64499","POS_X_CENTRALE":"393285.56101","POS_Y_CENTRALE":"4988704.03995","TIPO_ADSL":"ADSL_2P","DESCRIZIONE_TIPO_ADSL":"ADSL 2+ (24 mega)","DISTANZA_CALCOLATA":"572.48","CLASSE_DISTANZA":"500-899","POTENZA_SEGNALE":"19523.33","POPOLAZIONE_SEZIONE": "468"}
			},
		 		{ "type" : "Feature",
				"geometry" : {
					"type" : "Point",
					"coordinates" : [7.63658,45.05451]},
			"properties" : { "ANNO":"2010","ID_SEZIONE":"14454","ISTAT_COMUNE_SEZ":"1272","COMUNE_SEZ":"TORINO","PROVINCIA":"TO","ID_CENTRALE":"1491","NOME_CENTRALE":"TORINO S. RITA","ISTAT_COMUNE_CENTR":"1272","COMUNE_CENTR":"TORINO","PROVINCIA_CENTR":"TO","INDIRIZZO_CENTRALE":"VIA TRIPOLI 96","LATITUDINE_SEZIONE":"45.05451","LONGITUDINE_SEZIONE":"7.63658","POS_X_SEZIONE":"392643.46912","POS_Y_SEZIONE":"4989909.60491","LATITUDINE_CENTRALE":"45.04376","LONGITUDINE_CENTRALE":"7.64499","POS_X_CENTRALE":"393285.56101","POS_Y_CENTRALE":"4988704.03995","TIPO_ADSL":"ADSL_2P","DESCRIZIONE_TIPO_ADSL":"ADSL 2+ (24 mega)","DISTANZA_CALCOLATA":"1365.89","CLASSE_DISTANZA":"1300-1699","POTENZA_SEGNALE":"16071.67","POPOLAZIONE_SEZIONE": "108"}
			},
		 		{ "type" : "Feature",
				"geometry" : {
					"type" : "Point",
					"coordinates" : [7.64971,45.05062]},
			"properties" : { "ANNO":"2010","ID_SEZIONE":"14456","ISTAT_COMUNE_SEZ":"1272","COMUNE_SEZ":"TORINO","PROVINCIA":"TO","ID_CENTRALE":"1491","NOME_CENTRALE":"TORINO S. RITA","ISTAT_COMUNE_CENTR":"1272","COMUNE_CENTR":"TORINO","PROVINCIA_CENTR":"TO","INDIRIZZO_CENTRALE":"VIA TRIPOLI 96","LATITUDINE_SEZIONE":"45.05062","LONGITUDINE_SEZIONE":"7.64971","POS_X_SEZIONE":"393670.22727","POS_Y_SEZIONE":"4989460.59524","LATITUDINE_CENTRALE":"45.04376","LONGITUDINE_CENTRALE":"7.64499","POS_X_CENTRALE":"393285.56101","POS_Y_CENTRALE":"4988704.03995","TIPO_ADSL":"ADSL_2P","DESCRIZIONE_TIPO_ADSL":"ADSL 2+ (24 mega)","DISTANZA_CALCOLATA":"848.73","CLASSE_DISTANZA":"500-899","POTENZA_SEGNALE":"19523.33","POPOLAZIONE_SEZIONE": "284"}
			},
		 		{ "type" : "Feature",
				"geometry" : {
					"type" : "Point",
					"coordinates" : [7.64288,45.04405]},
			"properties" : { "ANNO":"2010","ID_SEZIONE":"14462","ISTAT_COMUNE_SEZ":"1272","COMUNE_SEZ":"TORINO","PROVINCIA":"TO","ID_CENTRALE":"1491","NOME_CENTRALE":"TORINO S. RITA","ISTAT_COMUNE_CENTR":"1272","COMUNE_CENTR":"TORINO","PROVINCIA_CENTR":"TO","INDIRIZZO_CENTRALE":"VIA TRIPOLI 96","LATITUDINE_SEZIONE":"45.04405","LONGITUDINE_SEZIONE":"7.64288","POS_X_SEZIONE":"393119.88256","POS_Y_SEZIONE":"4988739.08279","LATITUDINE_CENTRALE":"45.04376","LONGITUDINE_CENTRALE":"7.64499","POS_X_CENTRALE":"393285.56101","POS_Y_CENTRALE":"4988704.03995","TIPO_ADSL":"ADSL_2P","DESCRIZIONE_TIPO_ADSL":"ADSL 2+ (24 mega)","DISTANZA_CALCOLATA":"169.34","CLASSE_DISTANZA":"100-499","POTENZA_SEGNALE":"19761.67","POPOLAZIONE_SEZIONE": "446"}
			},
		 		{ "type" : "Feature",
				"geometry" : {
					"type" : "Point",
					"coordinates" : [7.63715,45.05311]},
			"properties" : { "ANNO":"2010","ID_SEZIONE":"14706","ISTAT_COMUNE_SEZ":"1272","COMUNE_SEZ":"TORINO","PROVINCIA":"TO","ID_CENTRALE":"1491","NOME_CENTRALE":"TORINO S. RITA","ISTAT_COMUNE_CENTR":"1272","COMUNE_CENTR":"TORINO","PROVINCIA_CENTR":"TO","INDIRIZZO_CENTRALE":"VIA TRIPOLI 96","LATITUDINE_SEZIONE":"45.05311","LONGITUDINE_SEZIONE":"7.63715","POS_X_SEZIONE":"392685.93491","POS_Y_SEZIONE":"4989754.10180","LATITUDINE_CENTRALE":"45.04376","LONGITUDINE_CENTRALE":"7.64499","POS_X_CENTRALE":"393285.56101","POS_Y_CENTRALE":"4988704.03995","TIPO_ADSL":"ADSL_2P","DESCRIZIONE_TIPO_ADSL":"ADSL 2+ (24 mega)","DISTANZA_CALCOLATA":"1209.21","CLASSE_DISTANZA":"900-1299","POTENZA_SEGNALE":"17737.5","POPOLAZIONE_SEZIONE": "137"}
			},
		 		{ "type" : "Feature",
				"geometry" : {
					"type" : "Point",
					"coordinates" : [7.66169,45.06551]},
			"properties" : { "ANNO":"2010","ID_SEZIONE":"15127","ISTAT_COMUNE_SEZ":"1272","COMUNE_SEZ":"TORINO","PROVINCIA":"TO","ID_CENTRALE":"1491","NOME_CENTRALE":"TORINO S. RITA","ISTAT_COMUNE_CENTR":"1272","COMUNE_CENTR":"TORINO","PROVINCIA_CENTR":"TO","INDIRIZZO_CENTRALE":"VIA TRIPOLI 96","LATITUDINE_SEZIONE":"45.06551","LONGITUDINE_SEZIONE":"7.66169","POS_X_SEZIONE":"394640.88762","POS_Y_SEZIONE":"4991099.12324","LATITUDINE_CENTRALE":"45.04376","LONGITUDINE_CENTRALE":"7.64499","POS_X_CENTRALE":"393285.56101","POS_Y_CENTRALE":"4988704.03995","TIPO_ADSL":"ADSL_2P","DESCRIZIONE_TIPO_ADSL":"ADSL 2+ (24 mega)","DISTANZA_CALCOLATA":"2751.97","CLASSE_DISTANZA":"2500-2899","POTENZA_SEGNALE":"7380.83","POPOLAZIONE_SEZIONE": "164"}
			},
		 		{ "type" : "Feature",
				"geometry" : {
					"type" : "Point",
					"coordinates" : [7.64993,45.04746]},
			"properties" : { "ANNO":"2010","ID_SEZIONE":"15131","ISTAT_COMUNE_SEZ":"1272","COMUNE_SEZ":"TORINO","PROVINCIA":"TO","ID_CENTRALE":"1491","NOME_CENTRALE":"TORINO S. RITA","ISTAT_COMUNE_CENTR":"1272","COMUNE_CENTR":"TORINO","PROVINCIA_CENTR":"TO","INDIRIZZO_CENTRALE":"VIA TRIPOLI 96","LATITUDINE_SEZIONE":"45.04746","LONGITUDINE_SEZIONE":"7.64993","POS_X_SEZIONE":"393681.56500","POS_Y_SEZIONE":"4989108.58910","LATITUDINE_CENTRALE":"45.04376","LONGITUDINE_CENTRALE":"7.64499","POS_X_CENTRALE":"393285.56101","POS_Y_CENTRALE":"4988704.03995","TIPO_ADSL":"ADSL_2P","DESCRIZIONE_TIPO_ADSL":"ADSL 2+ (24 mega)","DISTANZA_CALCOLATA":"566.11","CLASSE_DISTANZA":"500-899","POTENZA_SEGNALE":"19523.33","POPOLAZIONE_SEZIONE": "20"}
			},
		 		{ "type" : "Feature",
				"geometry" : {
					"type" : "Point",
					"coordinates" : [7.64114,45.04285]},
			"properties" : { "ANNO":"2010","ID_SEZIONE":"15359","ISTAT_COMUNE_SEZ":"1272","COMUNE_SEZ":"TORINO","PROVINCIA":"TO","ID_CENTRALE":"1491","NOME_CENTRALE":"TORINO S. RITA","ISTAT_COMUNE_CENTR":"1272","COMUNE_CENTR":"TORINO","PROVINCIA_CENTR":"TO","INDIRIZZO_CENTRALE":"VIA TRIPOLI 96","LATITUDINE_SEZIONE":"45.04285","LONGITUDINE_SEZIONE":"7.64114","POS_X_SEZIONE":"392981.03891","POS_Y_SEZIONE":"4988608.08043","LATITUDINE_CENTRALE":"45.04376","LONGITUDINE_CENTRALE":"7.64499","POS_X_CENTRALE":"393285.56101","POS_Y_CENTRALE":"4988704.03995","TIPO_ADSL":"ADSL_2P","DESCRIZIONE_TIPO_ADSL":"ADSL 2+ (24 mega)","DISTANZA_CALCOLATA":"319.28","CLASSE_DISTANZA":"100-499","POTENZA_SEGNALE":"19761.67","POPOLAZIONE_SEZIONE": "624"}
			},
		 		{ "type" : "Feature",
				"geometry" : {
					"type" : "Point",
					"coordinates" : [7.67526,45.08532]},
			"properties" : { "ANNO":"2010","ID_SEZIONE":"15508","ISTAT_COMUNE_SEZ":"1272","COMUNE_SEZ":"TORINO","PROVINCIA":"TO","ID_CENTRALE":"1491","NOME_CENTRALE":"TORINO S. RITA","ISTAT_COMUNE_CENTR":"1272","COMUNE_CENTR":"TORINO","PROVINCIA_CENTR":"TO","INDIRIZZO_CENTRALE":"VIA TRIPOLI 96","LATITUDINE_SEZIONE":"45.08532","LONGITUDINE_SEZIONE":"7.67526","POS_X_SEZIONE":"395745.04788","POS_Y_SEZIONE":"4993281.65893","LATITUDINE_CENTRALE":"45.04376","LONGITUDINE_CENTRALE":"7.64499","POS_X_CENTRALE":"393285.56101","POS_Y_CENTRALE":"4988704.03995","TIPO_ADSL":"ADSL_2P","DESCRIZIONE_TIPO_ADSL":"ADSL 2+ (24 mega)","DISTANZA_CALCOLATA":"5196.51","CLASSE_DISTANZA":"4900-5299","POTENZA_SEGNALE":"952.50","POPOLAZIONE_SEZIONE": "345"}
			},
		 		{ "type" : "Feature",
				"geometry" : {
					"type" : "Point",
					"coordinates" : [7.63837,45.05398]},
			"properties" : { "ANNO":"2010","ID_SEZIONE":"15561","ISTAT_COMUNE_SEZ":"1272","COMUNE_SEZ":"TORINO","PROVINCIA":"TO","ID_CENTRALE":"1491","NOME_CENTRALE":"TORINO S. RITA","ISTAT_COMUNE_CENTR":"1272","COMUNE_CENTR":"TORINO","PROVINCIA_CENTR":"TO","INDIRIZZO_CENTRALE":"VIA TRIPOLI 96","LATITUDINE_SEZIONE":"45.05398","LONGITUDINE_SEZIONE":"7.63837","POS_X_SEZIONE":"392783.80986","POS_Y_SEZIONE":"4989849.10340","LATITUDINE_CENTRALE":"45.04376","LONGITUDINE_CENTRALE":"7.64499","POS_X_CENTRALE":"393285.56101","POS_Y_CENTRALE":"4988704.03995","TIPO_ADSL":"ADSL_2P","DESCRIZIONE_TIPO_ADSL":"ADSL 2+ (24 mega)","DISTANZA_CALCOLATA":"1250.17","CLASSE_DISTANZA":"900-1299","POTENZA_SEGNALE":"17737.5","POPOLAZIONE_SEZIONE": "162"}
			},
		 		{ "type" : "Feature",
				"geometry" : {
					"type" : "Point",
					"coordinates" : [7.64772,45.04770]},
			"properties" : { "ANNO":"2010","ID_SEZIONE":"15564","ISTAT_COMUNE_SEZ":"1272","COMUNE_SEZ":"TORINO","PROVINCIA":"TO","ID_CENTRALE":"1491","NOME_CENTRALE":"TORINO S. RITA","ISTAT_COMUNE_CENTR":"1272","COMUNE_CENTR":"TORINO","PROVINCIA_CENTR":"TO","INDIRIZZO_CENTRALE":"VIA TRIPOLI 96","LATITUDINE_SEZIONE":"45.04770","LONGITUDINE_SEZIONE":"7.64772","POS_X_SEZIONE":"393507.88128","POS_Y_SEZIONE":"4989139.08945","LATITUDINE_CENTRALE":"45.04376","LONGITUDINE_CENTRALE":"7.64499","POS_X_CENTRALE":"393285.56101","POS_Y_CENTRALE":"4988704.03995","TIPO_ADSL":"ADSL_2P","DESCRIZIONE_TIPO_ADSL":"ADSL 2+ (24 mega)","DISTANZA_CALCOLATA":"488.56","CLASSE_DISTANZA":"100-499","POTENZA_SEGNALE":"19761.67","POPOLAZIONE_SEZIONE": "1"}
			},
		 		{ "type" : "Feature",
				"geometry" : {
					"type" : "Point",
					"coordinates" : [7.63147,45.05050]},
			"properties" : { "ANNO":"2010","ID_SEZIONE":"15950","ISTAT_COMUNE_SEZ":"1272","COMUNE_SEZ":"TORINO","PROVINCIA":"TO","ID_CENTRALE":"1491","NOME_CENTRALE":"TORINO S. RITA","ISTAT_COMUNE_CENTR":"1272","COMUNE_CENTR":"TORINO","PROVINCIA_CENTR":"TO","INDIRIZZO_CENTRALE":"VIA TRIPOLI 96","LATITUDINE_SEZIONE":"45.05050","LONGITUDINE_SEZIONE":"7.63147","POS_X_SEZIONE":"392233.56346","POS_Y_SEZIONE":"4989471.59710","LATITUDINE_CENTRALE":"45.04376","LONGITUDINE_CENTRALE":"7.64499","POS_X_CENTRALE":"393285.56101","POS_Y_CENTRALE":"4988704.03995","TIPO_ADSL":"ADSL_2P","DESCRIZIONE_TIPO_ADSL":"ADSL 2+ (24 mega)","DISTANZA_CALCOLATA":"1302.25","CLASSE_DISTANZA":"1300-1699","POTENZA_SEGNALE":"16071.67","POPOLAZIONE_SEZIONE": "515"}
			},
		 		{ "type" : "Feature",
				"geometry" : {
					"type" : "Point",
					"coordinates" : [7.63725,45.04116]},
			"properties" : { "ANNO":"2010","ID_SEZIONE":"15991","ISTAT_COMUNE_SEZ":"1272","COMUNE_SEZ":"TORINO","PROVINCIA":"TO","ID_CENTRALE":"1491","NOME_CENTRALE":"TORINO S. RITA","ISTAT_COMUNE_CENTR":"1272","COMUNE_CENTR":"TORINO","PROVINCIA_CENTR":"TO","INDIRIZZO_CENTRALE":"VIA TRIPOLI 96","LATITUDINE_SEZIONE":"45.04116","LONGITUDINE_SEZIONE":"7.63725","POS_X_SEZIONE":"392671.01063","POS_Y_SEZIONE":"4988425.57751","LATITUDINE_CENTRALE":"45.04376","LONGITUDINE_CENTRALE":"7.64499","POS_X_CENTRALE":"393285.56101","POS_Y_CENTRALE":"4988704.03995","TIPO_ADSL":"ADSL_2P","DESCRIZIONE_TIPO_ADSL":"ADSL 2+ (24 mega)","DISTANZA_CALCOLATA":"674.70","CLASSE_DISTANZA":"500-899","POTENZA_SEGNALE":"19523.33","POPOLAZIONE_SEZIONE": "637"}
			},
		 		{ "type" : "Feature",
				"geometry" : {
					"type" : "Point",
					"coordinates" : [7.64056,45.04985]},
			"properties" : { "ANNO":"2010","ID_SEZIONE":"16303","ISTAT_COMUNE_SEZ":"1272","COMUNE_SEZ":"TORINO","PROVINCIA":"TO","ID_CENTRALE":"1491","NOME_CENTRALE":"TORINO S. RITA","ISTAT_COMUNE_CENTR":"1272","COMUNE_CENTR":"TORINO","PROVINCIA_CENTR":"TO","INDIRIZZO_CENTRALE":"VIA TRIPOLI 96","LATITUDINE_SEZIONE":"45.04985","LONGITUDINE_SEZIONE":"7.64056","POS_X_SEZIONE":"392948.45626","POS_Y_SEZIONE":"4989386.59486","LATITUDINE_CENTRALE":"45.04376","LONGITUDINE_CENTRALE":"7.64499","POS_X_CENTRALE":"393285.56101","POS_Y_CENTRALE":"4988704.03995","TIPO_ADSL":"ADSL_2P","DESCRIZIONE_TIPO_ADSL":"ADSL 2+ (24 mega)","DISTANZA_CALCOLATA":"761.26","CLASSE_DISTANZA":"500-899","POTENZA_SEGNALE":"19523.33","POPOLAZIONE_SEZIONE": ""}
			},
		 		{ "type" : "Feature",
				"geometry" : {
					"type" : "Point",
					"coordinates" : [7.63522,45.04660]},
			"properties" : { "ANNO":"2010","ID_SEZIONE":"16742","ISTAT_COMUNE_SEZ":"1272","COMUNE_SEZ":"TORINO","PROVINCIA":"TO","ID_CENTRALE":"1491","NOME_CENTRALE":"TORINO S. RITA","ISTAT_COMUNE_CENTR":"1272","COMUNE_CENTR":"TORINO","PROVINCIA_CENTR":"TO","INDIRIZZO_CENTRALE":"VIA TRIPOLI 96","LATITUDINE_SEZIONE":"45.04660","LONGITUDINE_SEZIONE":"7.63522","POS_X_SEZIONE":"392521.83328","POS_Y_SEZIONE":"4989032.58884","LATITUDINE_CENTRALE":"45.04376","LONGITUDINE_CENTRALE":"7.64499","POS_X_CENTRALE":"393285.56101","POS_Y_CENTRALE":"4988704.03995","TIPO_ADSL":"ADSL_2P","DESCRIZIONE_TIPO_ADSL":"ADSL 2+ (24 mega)","DISTANZA_CALCOLATA":"831.40","CLASSE_DISTANZA":"500-899","POTENZA_SEGNALE":"19523.33","POPOLAZIONE_SEZIONE": "632"}
			},
		 		{ "type" : "Feature",
				"geometry" : {
					"type" : "Point",
					"coordinates" : [7.63802,45.04708]},
			"properties" : { "ANNO":"2010","ID_SEZIONE":"17611","ISTAT_COMUNE_SEZ":"1272","COMUNE_SEZ":"TORINO","PROVINCIA":"TO","ID_CENTRALE":"1491","NOME_CENTRALE":"TORINO S. RITA","ISTAT_COMUNE_CENTR":"1272","COMUNE_CENTR":"TORINO","PROVINCIA_CENTR":"TO","INDIRIZZO_CENTRALE":"VIA TRIPOLI 96","LATITUDINE_SEZIONE":"45.04708","LONGITUDINE_SEZIONE":"7.63802","POS_X_SEZIONE":"392742.76845","POS_Y_SEZIONE":"4989082.58923","LATITUDINE_CENTRALE":"45.04376","LONGITUDINE_CENTRALE":"7.64499","POS_X_CENTRALE":"393285.56101","POS_Y_CENTRALE":"4988704.03995","TIPO_ADSL":"ADSL_2P","DESCRIZIONE_TIPO_ADSL":"ADSL 2+ (24 mega)","DISTANZA_CALCOLATA":"661.76","CLASSE_DISTANZA":"500-899","POTENZA_SEGNALE":"19523.33","POPOLAZIONE_SEZIONE": "1021"}
			},
		 		{ "type" : "Feature",
				"geometry" : {
					"type" : "Point",
					"coordinates" : [7.64439,45.04112]},
			"properties" : { "ANNO":"2010","ID_SEZIONE":"17614","ISTAT_COMUNE_SEZ":"1272","COMUNE_SEZ":"TORINO","PROVINCIA":"TO","ID_CENTRALE":"1491","NOME_CENTRALE":"TORINO S. RITA","ISTAT_COMUNE_CENTR":"1272","COMUNE_CENTR":"TORINO","PROVINCIA_CENTR":"TO","INDIRIZZO_CENTRALE":"VIA TRIPOLI 96","LATITUDINE_SEZIONE":"45.04112","LONGITUDINE_SEZIONE":"7.64439","POS_X_SEZIONE":"393233.28186","POS_Y_SEZIONE":"4988412.07659","LATITUDINE_CENTRALE":"45.04376","LONGITUDINE_CENTRALE":"7.64499","POS_X_CENTRALE":"393285.56101","POS_Y_CENTRALE":"4988704.03995","TIPO_ADSL":"ADSL_2P","DESCRIZIONE_TIPO_ADSL":"ADSL 2+ (24 mega)","DISTANZA_CALCOLATA":"296.61","CLASSE_DISTANZA":"100-499","POTENZA_SEGNALE":"19761.67","POPOLAZIONE_SEZIONE": "350"}
			},
		 		{ "type" : "Feature",
				"geometry" : {
					"type" : "Point",
					"coordinates" : [7.63661,45.05254]},
			"properties" : { "ANNO":"2010","ID_SEZIONE":"17771","ISTAT_COMUNE_SEZ":"1272","COMUNE_SEZ":"TORINO","PROVINCIA":"TO","ID_CENTRALE":"1491","NOME_CENTRALE":"TORINO S. RITA","ISTAT_COMUNE_CENTR":"1272","COMUNE_CENTR":"TORINO","PROVINCIA_CENTR":"TO","INDIRIZZO_CENTRALE":"VIA TRIPOLI 96","LATITUDINE_SEZIONE":"45.05254","LONGITUDINE_SEZIONE":"7.63661","POS_X_SEZIONE":"392642.43488","POS_Y_SEZIONE":"4989691.10071","LATITUDINE_CENTRALE":"45.04376","LONGITUDINE_CENTRALE":"7.64499","POS_X_CENTRALE":"393285.56101","POS_Y_CENTRALE":"4988704.03995","TIPO_ADSL":"ADSL_2P","DESCRIZIONE_TIPO_ADSL":"ADSL 2+ (24 mega)","DISTANZA_CALCOLATA":"1178.09","CLASSE_DISTANZA":"900-1299","POTENZA_SEGNALE":"17737.5","POPOLAZIONE_SEZIONE": "27"}
			},
		 		{ "type" : "Feature",
				"geometry" : {
					"type" : "Point",
					"coordinates" : [7.64529,45.04553]},
			"properties" : { "ANNO":"2010","ID_SEZIONE":"17772","ISTAT_COMUNE_SEZ":"1272","COMUNE_SEZ":"TORINO","PROVINCIA":"TO","ID_CENTRALE":"1491","NOME_CENTRALE":"TORINO S. RITA","ISTAT_COMUNE_CENTR":"1272","COMUNE_CENTR":"TORINO","PROVINCIA_CENTR":"TO","INDIRIZZO_CENTRALE":"VIA TRIPOLI 96","LATITUDINE_SEZIONE":"45.04553","LONGITUDINE_SEZIONE":"7.64529","POS_X_SEZIONE":"393312.41248","POS_Y_SEZIONE":"4988900.58551","LATITUDINE_CENTRALE":"45.04376","LONGITUDINE_CENTRALE":"7.64499","POS_X_CENTRALE":"393285.56101","POS_Y_CENTRALE":"4988704.03995","TIPO_ADSL":"ADSL_2P","DESCRIZIONE_TIPO_ADSL":"ADSL 2+ (24 mega)","DISTANZA_CALCOLATA":"198.37","CLASSE_DISTANZA":"100-499","POTENZA_SEGNALE":"19761.67","POPOLAZIONE_SEZIONE": "4"}
			},
		 		{ "type" : "Feature",
				"geometry" : {
					"type" : "Point",
					"coordinates" : [7.64380,45.05098]},
			"properties" : { "ANNO":"2010","ID_SEZIONE":"17971","ISTAT_COMUNE_SEZ":"1272","COMUNE_SEZ":"TORINO","PROVINCIA":"TO","ID_CENTRALE":"1491","NOME_CENTRALE":"TORINO S. RITA","ISTAT_COMUNE_CENTR":"1272","COMUNE_CENTR":"TORINO","PROVINCIA_CENTR":"TO","INDIRIZZO_CENTRALE":"VIA TRIPOLI 96","LATITUDINE_SEZIONE":"45.05098","LONGITUDINE_SEZIONE":"7.64380","POS_X_SEZIONE":"393205.73575","POS_Y_SEZIONE":"4989508.09655","LATITUDINE_CENTRALE":"45.04376","LONGITUDINE_CENTRALE":"7.64499","POS_X_CENTRALE":"393285.56101","POS_Y_CENTRALE":"4988704.03995","TIPO_ADSL":"ADSL_2P","DESCRIZIONE_TIPO_ADSL":"ADSL 2+ (24 mega)","DISTANZA_CALCOLATA":"808.01","CLASSE_DISTANZA":"500-899","POTENZA_SEGNALE":"19523.33","POPOLAZIONE_SEZIONE": "106"}
			},
		 		{ "type" : "Feature",
				"geometry" : {
					"type" : "Point",
					"coordinates" : [7.66233,45.05439]},
			"properties" : { "ANNO":"2010","ID_SEZIONE":"18589","ISTAT_COMUNE_SEZ":"1272","COMUNE_SEZ":"TORINO","PROVINCIA":"TO","ID_CENTRALE":"1491","NOME_CENTRALE":"TORINO S. RITA","ISTAT_COMUNE_CENTR":"1272","COMUNE_CENTR":"TORINO","PROVINCIA_CENTR":"TO","INDIRIZZO_CENTRALE":"VIA TRIPOLI 96","LATITUDINE_SEZIONE":"45.05439","LONGITUDINE_SEZIONE":"7.66233","POS_X_SEZIONE":"394670.74592","POS_Y_SEZIONE":"4989863.10097","LATITUDINE_CENTRALE":"45.04376","LONGITUDINE_CENTRALE":"7.64499","POS_X_CENTRALE":"393285.56101","POS_Y_CENTRALE":"4988704.03995","TIPO_ADSL":"ADSL_2P","DESCRIZIONE_TIPO_ADSL":"ADSL 2+ (24 mega)","DISTANZA_CALCOLATA":"1806.14","CLASSE_DISTANZA":"1700-2099","POTENZA_SEGNALE":"12975.83","POPOLAZIONE_SEZIONE": "285"}
			},
		 		{ "type" : "Feature",
				"geometry" : {
					"type" : "Point",
					"coordinates" : [7.63570,45.04797]},
			"properties" : { "ANNO":"2010","ID_SEZIONE":"18593","ISTAT_COMUNE_SEZ":"1272","COMUNE_SEZ":"TORINO","PROVINCIA":"TO","ID_CENTRALE":"1491","NOME_CENTRALE":"TORINO S. RITA","ISTAT_COMUNE_CENTR":"1272","COMUNE_CENTR":"TORINO","PROVINCIA_CENTR":"TO","INDIRIZZO_CENTRALE":"VIA TRIPOLI 96","LATITUDINE_SEZIONE":"45.04797","LONGITUDINE_SEZIONE":"7.63570","POS_X_SEZIONE":"392562.33504","POS_Y_SEZIONE":"4989184.59140","LATITUDINE_CENTRALE":"45.04376","LONGITUDINE_CENTRALE":"7.64499","POS_X_CENTRALE":"393285.56101","POS_Y_CENTRALE":"4988704.03995","TIPO_ADSL":"ADSL_2P","DESCRIZIONE_TIPO_ADSL":"ADSL 2+ (24 mega)","DISTANZA_CALCOLATA":"868.32","CLASSE_DISTANZA":"500-899","POTENZA_SEGNALE":"19523.33","POPOLAZIONE_SEZIONE": "974"}
			},
		 		{ "type" : "Feature",
				"geometry" : {
					"type" : "Point",
					"coordinates" : [7.68774,45.06075]},
			"properties" : { "ANNO":"2010","ID_SEZIONE":"20552","ISTAT_COMUNE_SEZ":"1272","COMUNE_SEZ":"TORINO","PROVINCIA":"TO","ID_CENTRALE":"1491","NOME_CENTRALE":"TORINO S. RITA","ISTAT_COMUNE_CENTR":"1272","COMUNE_CENTR":"TORINO","PROVINCIA_CENTR":"TO","INDIRIZZO_CENTRALE":"VIA TRIPOLI 96","LATITUDINE_SEZIONE":"45.06075","LONGITUDINE_SEZIONE":"7.68774","POS_X_SEZIONE":"396682.99962","POS_Y_SEZIONE":"4990536.11012","LATITUDINE_CENTRALE":"45.04376","LONGITUDINE_CENTRALE":"7.64499","POS_X_CENTRALE":"393285.56101","POS_Y_CENTRALE":"4988704.03995","TIPO_ADSL":"ADSL_2P","DESCRIZIONE_TIPO_ADSL":"ADSL 2+ (24 mega)","DISTANZA_CALCOLATA":"3859.93","CLASSE_DISTANZA":"3700-4099","POTENZA_SEGNALE":"2857.5","POPOLAZIONE_SEZIONE": "608"}
			},
		 		{ "type" : "Feature",
				"geometry" : {
					"type" : "Point",
					"coordinates" : [7.65054,45.05000]},
			"properties" : { "ANNO":"2010","ID_SEZIONE":"20597","ISTAT_COMUNE_SEZ":"1272","COMUNE_SEZ":"TORINO","PROVINCIA":"TO","ID_CENTRALE":"1491","NOME_CENTRALE":"TORINO S. RITA","ISTAT_COMUNE_CENTR":"1272","COMUNE_CENTR":"TORINO","PROVINCIA_CENTR":"TO","INDIRIZZO_CENTRALE":"VIA TRIPOLI 96","LATITUDINE_SEZIONE":"45.05000","LONGITUDINE_SEZIONE":"7.65054","POS_X_SEZIONE":"393734.22522","POS_Y_SEZIONE":"4989390.09387","LATITUDINE_CENTRALE":"45.04376","LONGITUDINE_CENTRALE":"7.64499","POS_X_CENTRALE":"393285.56101","POS_Y_CENTRALE":"4988704.03995","TIPO_ADSL":"ADSL_2P","DESCRIZIONE_TIPO_ADSL":"ADSL 2+ (24 mega)","DISTANZA_CALCOLATA":"819.74","CLASSE_DISTANZA":"500-899","POTENZA_SEGNALE":"19523.33","POPOLAZIONE_SEZIONE": "157"}
			},
		 		{ "type" : "Feature",
				"geometry" : {
					"type" : "Point",
					"coordinates" : [7.64318,45.04895]},
			"properties" : { "ANNO":"2010","ID_SEZIONE":"20836","ISTAT_COMUNE_SEZ":"1272","COMUNE_SEZ":"TORINO","PROVINCIA":"TO","ID_CENTRALE":"1491","NOME_CENTRALE":"TORINO S. RITA","ISTAT_COMUNE_CENTR":"1272","COMUNE_CENTR":"TORINO","PROVINCIA_CENTR":"TO","INDIRIZZO_CENTRALE":"VIA TRIPOLI 96","LATITUDINE_SEZIONE":"45.04895","LONGITUDINE_SEZIONE":"7.64318","POS_X_SEZIONE":"393152.73351","POS_Y_SEZIONE":"4989283.59275","LATITUDINE_CENTRALE":"45.04376","LONGITUDINE_CENTRALE":"7.64499","POS_X_CENTRALE":"393285.56101","POS_Y_CENTRALE":"4988704.03995","TIPO_ADSL":"ADSL_2P","DESCRIZIONE_TIPO_ADSL":"ADSL 2+ (24 mega)","DISTANZA_CALCOLATA":"594.58","CLASSE_DISTANZA":"500-899","POTENZA_SEGNALE":"19523.33","POPOLAZIONE_SEZIONE": "392"}
			},
		 		{ "type" : "Feature",
				"geometry" : {
					"type" : "Point",
					"coordinates" : [7.64472,45.05019]},
			"properties" : { "ANNO":"2010","ID_SEZIONE":"21207","ISTAT_COMUNE_SEZ":"1272","COMUNE_SEZ":"TORINO","PROVINCIA":"TO","ID_CENTRALE":"1491","NOME_CENTRALE":"TORINO S. RITA","ISTAT_COMUNE_CENTR":"1272","COMUNE_CENTR":"TORINO","PROVINCIA_CENTR":"TO","INDIRIZZO_CENTRALE":"VIA TRIPOLI 96","LATITUDINE_SEZIONE":"45.05019","LONGITUDINE_SEZIONE":"7.64472","POS_X_SEZIONE":"393276.60832","POS_Y_SEZIONE":"4989419.09508","LATITUDINE_CENTRALE":"45.04376","LONGITUDINE_CENTRALE":"7.64499","POS_X_CENTRALE":"393285.56101","POS_Y_CENTRALE":"4988704.03995","TIPO_ADSL":"ADSL_2P","DESCRIZIONE_TIPO_ADSL":"ADSL 2+ (24 mega)","DISTANZA_CALCOLATA":"715.11","CLASSE_DISTANZA":"500-899","POTENZA_SEGNALE":"19523.33","POPOLAZIONE_SEZIONE": "107"}
			},
		 		{ "type" : "Feature",
				"geometry" : {
					"type" : "Point",
					"coordinates" : [7.63930,45.05091]},
			"properties" : { "ANNO":"2010","ID_SEZIONE":"21429","ISTAT_COMUNE_SEZ":"1272","COMUNE_SEZ":"TORINO","PROVINCIA":"TO","ID_CENTRALE":"1491","NOME_CENTRALE":"TORINO S. RITA","ISTAT_COMUNE_CENTR":"1272","COMUNE_CENTR":"TORINO","PROVINCIA_CENTR":"TO","INDIRIZZO_CENTRALE":"VIA TRIPOLI 96","LATITUDINE_SEZIONE":"45.05091","LONGITUDINE_SEZIONE":"7.63930","POS_X_SEZIONE":"392851.33447","POS_Y_SEZIONE":"4989506.09719","LATITUDINE_CENTRALE":"45.04376","LONGITUDINE_CENTRALE":"7.64499","POS_X_CENTRALE":"393285.56101","POS_Y_CENTRALE":"4988704.03995","TIPO_ADSL":"ADSL_2P","DESCRIZIONE_TIPO_ADSL":"ADSL 2+ (24 mega)","DISTANZA_CALCOLATA":"912.06","CLASSE_DISTANZA":"900-1299","POTENZA_SEGNALE":"17737.5","POPOLAZIONE_SEZIONE": "97"}
			},
		 		{ "type" : "Feature",
				"geometry" : {
					"type" : "Point",
					"coordinates" : [7.67072,45.06124]},
			"properties" : { "ANNO":"2010","ID_SEZIONE":"21644","ISTAT_COMUNE_SEZ":"1272","COMUNE_SEZ":"TORINO","PROVINCIA":"TO","ID_CENTRALE":"1491","NOME_CENTRALE":"TORINO S. RITA","ISTAT_COMUNE_CENTR":"1272","COMUNE_CENTR":"TORINO","PROVINCIA_CENTR":"TO","INDIRIZZO_CENTRALE":"VIA TRIPOLI 96","LATITUDINE_SEZIONE":"45.06124","LONGITUDINE_SEZIONE":"7.67072","POS_X_SEZIONE":"395343.86874","POS_Y_SEZIONE":"4990613.11339","LATITUDINE_CENTRALE":"45.04376","LONGITUDINE_CENTRALE":"7.64499","POS_X_CENTRALE":"393285.56101","POS_Y_CENTRALE":"4988704.03995","TIPO_ADSL":"ADSL_2P","DESCRIZIONE_TIPO_ADSL":"ADSL 2+ (24 mega)","DISTANZA_CALCOLATA":"2807.35","CLASSE_DISTANZA":"2500-2899","POTENZA_SEGNALE":"7380.83","POPOLAZIONE_SEZIONE": "184"}
			},
		 		{ "type" : "Feature",
				"geometry" : {
					"type" : "Point",
					"coordinates" : [7.64260,45.04713]},
			"properties" : { "ANNO":"2010","ID_SEZIONE":"22617","ISTAT_COMUNE_SEZ":"1272","COMUNE_SEZ":"TORINO","PROVINCIA":"TO","ID_CENTRALE":"1491","NOME_CENTRALE":"TORINO S. RITA","ISTAT_COMUNE_CENTR":"1272","COMUNE_CENTR":"TORINO","PROVINCIA_CENTR":"TO","INDIRIZZO_CENTRALE":"VIA TRIPOLI 96","LATITUDINE_SEZIONE":"45.04713","LONGITUDINE_SEZIONE":"7.64260","POS_X_SEZIONE":"393103.88768","POS_Y_SEZIONE":"4989081.58929","LATITUDINE_CENTRALE":"45.04376","LONGITUDINE_CENTRALE":"7.64499","POS_X_CENTRALE":"393285.56101","POS_Y_CENTRALE":"4988704.03995","TIPO_ADSL":"ADSL_2P","DESCRIZIONE_TIPO_ADSL":"ADSL 2+ (24 mega)","DISTANZA_CALCOLATA":"418.99","CLASSE_DISTANZA":"100-499","POTENZA_SEGNALE":"19761.67","POPOLAZIONE_SEZIONE": "310"}
			},
		 		{ "type" : "Feature",
				"geometry" : {
					"type" : "Point",
					"coordinates" : [7.63750,45.05425]},
			"properties" : { "ANNO":"2010","ID_SEZIONE":"22835","ISTAT_COMUNE_SEZ":"1272","COMUNE_SEZ":"TORINO","PROVINCIA":"TO","ID_CENTRALE":"1491","NOME_CENTRALE":"TORINO S. RITA","ISTAT_COMUNE_CENTR":"1272","COMUNE_CENTR":"TORINO","PROVINCIA_CENTR":"TO","INDIRIZZO_CENTRALE":"VIA TRIPOLI 96","LATITUDINE_SEZIONE":"45.05425","LONGITUDINE_SEZIONE":"7.63750","POS_X_SEZIONE":"392715.24947","POS_Y_SEZIONE":"4989880.10398","LATITUDINE_CENTRALE":"45.04376","LONGITUDINE_CENTRALE":"7.64499","POS_X_CENTRALE":"393285.56101","POS_Y_CENTRALE":"4988704.03995","TIPO_ADSL":"ADSL_2P","DESCRIZIONE_TIPO_ADSL":"ADSL 2+ (24 mega)","DISTANZA_CALCOLATA":"1307.05","CLASSE_DISTANZA":"1300-1699","POTENZA_SEGNALE":"16071.67","POPOLAZIONE_SEZIONE": "3"}
			},
		 		{ "type" : "Feature",
				"geometry" : {
					"type" : "Point",
					"coordinates" : [7.64860,45.04852]},
			"properties" : { "ANNO":"2010","ID_SEZIONE":"23440","ISTAT_COMUNE_SEZ":"1272","COMUNE_SEZ":"TORINO","PROVINCIA":"TO","ID_CENTRALE":"1491","NOME_CENTRALE":"TORINO S. RITA","ISTAT_COMUNE_CENTR":"1272","COMUNE_CENTR":"TORINO","PROVINCIA_CENTR":"TO","INDIRIZZO_CENTRALE":"VIA TRIPOLI 96","LATITUDINE_SEZIONE":"45.04852","LONGITUDINE_SEZIONE":"7.64860","POS_X_SEZIONE":"393578.88135","POS_Y_SEZIONE":"4989229.09137","LATITUDINE_CENTRALE":"45.04376","LONGITUDINE_CENTRALE":"7.64499","POS_X_CENTRALE":"393285.56101","POS_Y_CENTRALE":"4988704.03995","TIPO_ADSL":"ADSL_2P","DESCRIZIONE_TIPO_ADSL":"ADSL 2+ (24 mega)","DISTANZA_CALCOLATA":"601.43","CLASSE_DISTANZA":"500-899","POTENZA_SEGNALE":"19523.33","POPOLAZIONE_SEZIONE": "420"}
			},
		 		{ "type" : "Feature",
				"geometry" : {
					"type" : "Point",
					"coordinates" : [7.69133,45.06598]},
			"properties" : { "ANNO":"2010","ID_SEZIONE":"23826","ISTAT_COMUNE_SEZ":"1272","COMUNE_SEZ":"TORINO","PROVINCIA":"TO","ID_CENTRALE":"1491","NOME_CENTRALE":"TORINO S. RITA","ISTAT_COMUNE_CENTR":"1272","COMUNE_CENTR":"TORINO","PROVINCIA_CENTR":"TO","INDIRIZZO_CENTRALE":"VIA TRIPOLI 96","LATITUDINE_SEZIONE":"45.06598","LONGITUDINE_SEZIONE":"7.69133","POS_X_SEZIONE":"396974.93895","POS_Y_SEZIONE":"4991112.61956","LATITUDINE_CENTRALE":"45.04376","LONGITUDINE_CENTRALE":"7.64499","POS_X_CENTRALE":"393285.56101","POS_Y_CENTRALE":"4988704.03995","TIPO_ADSL":"ADSL_2P","DESCRIZIONE_TIPO_ADSL":"ADSL 2+ (24 mega)","DISTANZA_CALCOLATA":"4405.99","CLASSE_DISTANZA":"4100-4499","POTENZA_SEGNALE":"2024.17","POPOLAZIONE_SEZIONE": "316"}
			},
		 		{ "type" : "Feature",
				"geometry" : {
					"type" : "Point",
					"coordinates" : [7.63271,45.05440]},
			"properties" : { "ANNO":"2010","ID_SEZIONE":"24950","ISTAT_COMUNE_SEZ":"1272","COMUNE_SEZ":"TORINO","PROVINCIA":"TO","ID_CENTRALE":"1491","NOME_CENTRALE":"TORINO S. RITA","ISTAT_COMUNE_CENTR":"1272","COMUNE_CENTR":"TORINO","PROVINCIA_CENTR":"TO","INDIRIZZO_CENTRALE":"VIA TRIPOLI 96","LATITUDINE_SEZIONE":"45.05440","LONGITUDINE_SEZIONE":"7.63271","POS_X_SEZIONE":"392338.78714","POS_Y_SEZIONE":"4989902.60484","LATITUDINE_CENTRALE":"45.04376","LONGITUDINE_CENTRALE":"7.64499","POS_X_CENTRALE":"393285.56101","POS_Y_CENTRALE":"4988704.03995","TIPO_ADSL":"ADSL_2P","DESCRIZIONE_TIPO_ADSL":"ADSL 2+ (24 mega)","DISTANZA_CALCOLATA":"1527.4","CLASSE_DISTANZA":"1300-1699","POTENZA_SEGNALE":"16071.67","POPOLAZIONE_SEZIONE": "24"}
			},
		 		{ "type" : "Feature",
				"geometry" : {
					"type" : "Point",
					"coordinates" : [7.65693,45.05523]},
			"properties" : { "ANNO":"2010","ID_SEZIONE":"24951","ISTAT_COMUNE_SEZ":"1272","COMUNE_SEZ":"TORINO","PROVINCIA":"TO","ID_CENTRALE":"1491","NOME_CENTRALE":"TORINO S. RITA","ISTAT_COMUNE_CENTR":"1272","COMUNE_CENTR":"TORINO","PROVINCIA_CENTR":"TO","INDIRIZZO_CENTRALE":"VIA TRIPOLI 96","LATITUDINE_SEZIONE":"45.05523","LONGITUDINE_SEZIONE":"7.65693","POS_X_SEZIONE":"394247.28608","POS_Y_SEZIONE":"4989963.10379","LATITUDINE_CENTRALE":"45.04376","LONGITUDINE_CENTRALE":"7.64499","POS_X_CENTRALE":"393285.56101","POS_Y_CENTRALE":"4988704.03995","TIPO_ADSL":"ADSL_2P","DESCRIZIONE_TIPO_ADSL":"ADSL 2+ (24 mega)","DISTANZA_CALCOLATA":"1584.35","CLASSE_DISTANZA":"1300-1699","POTENZA_SEGNALE":"16071.67","POPOLAZIONE_SEZIONE": "271"}
			},
		 		{ "type" : "Feature",
				"geometry" : {
					"type" : "Point",
					"coordinates" : [7.64068,45.04177]},
			"properties" : { "ANNO":"2010","ID_SEZIONE":"24957","ISTAT_COMUNE_SEZ":"1272","COMUNE_SEZ":"TORINO","PROVINCIA":"TO","ID_CENTRALE":"1491","NOME_CENTRALE":"TORINO S. RITA","ISTAT_COMUNE_CENTR":"1272","COMUNE_CENTR":"TORINO","PROVINCIA_CENTR":"TO","INDIRIZZO_CENTRALE":"VIA TRIPOLI 96","LATITUDINE_SEZIONE":"45.04177","LONGITUDINE_SEZIONE":"7.64068","POS_X_SEZIONE":"392942.60103","POS_Y_SEZIONE":"4988489.07831","LATITUDINE_CENTRALE":"45.04376","LONGITUDINE_CENTRALE":"7.64499","POS_X_CENTRALE":"393285.56101","POS_Y_CENTRALE":"4988704.03995","TIPO_ADSL":"ADSL_2P","DESCRIZIONE_TIPO_ADSL":"ADSL 2+ (24 mega)","DISTANZA_CALCOLATA":"404.76","CLASSE_DISTANZA":"100-499","POTENZA_SEGNALE":"19761.67","POPOLAZIONE_SEZIONE": "599"}
			},
		 		{ "type" : "Feature",
				"geometry" : {
					"type" : "Point",
					"coordinates" : [7.65068,45.05177]},
			"properties" : { "ANNO":"2010","ID_SEZIONE":"25359","ISTAT_COMUNE_SEZ":"1272","COMUNE_SEZ":"TORINO","PROVINCIA":"TO","ID_CENTRALE":"1491","NOME_CENTRALE":"TORINO S. RITA","ISTAT_COMUNE_CENTR":"1272","COMUNE_CENTR":"TORINO","PROVINCIA_CENTR":"TO","INDIRIZZO_CENTRALE":"VIA TRIPOLI 96","LATITUDINE_SEZIONE":"45.05177","LONGITUDINE_SEZIONE":"7.65068","POS_X_SEZIONE":"393748.82029","POS_Y_SEZIONE":"4989587.09764","LATITUDINE_CENTRALE":"45.04376","LONGITUDINE_CENTRALE":"7.64499","POS_X_CENTRALE":"393285.56101","POS_Y_CENTRALE":"4988704.03995","TIPO_ADSL":"ADSL_2P","DESCRIZIONE_TIPO_ADSL":"ADSL 2+ (24 mega)","DISTANZA_CALCOLATA":"997.20","CLASSE_DISTANZA":"900-1299","POTENZA_SEGNALE":"17737.5","POPOLAZIONE_SEZIONE": "342"}
			},
		 		{ "type" : "Feature",
				"geometry" : {
					"type" : "Point",
					"coordinates" : [7.64338,45.04957]},
			"properties" : { "ANNO":"2010","ID_SEZIONE":"25361","ISTAT_COMUNE_SEZ":"1272","COMUNE_SEZ":"TORINO","PROVINCIA":"TO","ID_CENTRALE":"1491","NOME_CENTRALE":"TORINO S. RITA","ISTAT_COMUNE_CENTR":"1272","COMUNE_CENTR":"TORINO","PROVINCIA_CENTR":"TO","INDIRIZZO_CENTRALE":"VIA TRIPOLI 96","LATITUDINE_SEZIONE":"45.04957","LONGITUDINE_SEZIONE":"7.64338","POS_X_SEZIONE":"393170.04628","POS_Y_SEZIONE":"4989352.09374","LATITUDINE_CENTRALE":"45.04376","LONGITUDINE_CENTRALE":"7.64499","POS_X_CENTRALE":"393285.56101","POS_Y_CENTRALE":"4988704.03995","TIPO_ADSL":"ADSL_2P","DESCRIZIONE_TIPO_ADSL":"ADSL 2+ (24 mega)","DISTANZA_CALCOLATA":"658.27","CLASSE_DISTANZA":"500-899","POTENZA_SEGNALE":"19523.33","POPOLAZIONE_SEZIONE": "109"}
			},
		 		{ "type" : "Feature",
				"geometry" : {
					"type" : "Point",
					"coordinates" : [7.66062,45.04231]},
			"properties" : { "ANNO":"2010","ID_SEZIONE":"25805","ISTAT_COMUNE_SEZ":"1272","COMUNE_SEZ":"TORINO","PROVINCIA":"TO","ID_CENTRALE":"1491","NOME_CENTRALE":"TORINO S. RITA","ISTAT_COMUNE_CENTR":"1272","COMUNE_CENTR":"TORINO","PROVINCIA_CENTR":"TO","INDIRIZZO_CENTRALE":"VIA TRIPOLI 96","LATITUDINE_SEZIONE":"45.04231","LONGITUDINE_SEZIONE":"7.66062","POS_X_SEZIONE":"394514.38778","POS_Y_SEZIONE":"4988522.57745","LATITUDINE_CENTRALE":"45.04376","LONGITUDINE_CENTRALE":"7.64499","POS_X_CENTRALE":"393285.56101","POS_Y_CENTRALE":"4988704.03995","TIPO_ADSL":"ADSL_2P","DESCRIZIONE_TIPO_ADSL":"ADSL 2+ (24 mega)","DISTANZA_CALCOLATA":"1242.15","CLASSE_DISTANZA":"900-1299","POTENZA_SEGNALE":"17737.5","POPOLAZIONE_SEZIONE": "171"}
			},
		 		{ "type" : "Feature",
				"geometry" : {
					"type" : "Point",
					"coordinates" : [7.64643,45.04536]},
			"properties" : { "ANNO":"2010","ID_SEZIONE":"25976","ISTAT_COMUNE_SEZ":"1272","COMUNE_SEZ":"TORINO","PROVINCIA":"TO","ID_CENTRALE":"1491","NOME_CENTRALE":"TORINO S. RITA","ISTAT_COMUNE_CENTR":"1272","COMUNE_CENTR":"TORINO","PROVINCIA_CENTR":"TO","INDIRIZZO_CENTRALE":"VIA TRIPOLI 96","LATITUDINE_SEZIONE":"45.04536","LONGITUDINE_SEZIONE":"7.64643","POS_X_SEZIONE":"393402.12973","POS_Y_SEZIONE":"4988880.08503","LATITUDINE_CENTRALE":"45.04376","LONGITUDINE_CENTRALE":"7.64499","POS_X_CENTRALE":"393285.56101","POS_Y_CENTRALE":"4988704.03995","TIPO_ADSL":"ADSL_2P","DESCRIZIONE_TIPO_ADSL":"ADSL 2+ (24 mega)","DISTANZA_CALCOLATA":"211.14","CLASSE_DISTANZA":"100-499","POTENZA_SEGNALE":"19761.67","POPOLAZIONE_SEZIONE": "303"}
			},
		 		{ "type" : "Feature",
				"geometry" : {
					"type" : "Point",
					"coordinates" : [7.62136,45.06018]},
			"properties" : { "ANNO":"2010","ID_SEZIONE":"26196","ISTAT_COMUNE_SEZ":"1272","COMUNE_SEZ":"TORINO","PROVINCIA":"TO","ID_CENTRALE":"1491","NOME_CENTRALE":"TORINO S. RITA","ISTAT_COMUNE_CENTR":"1272","COMUNE_CENTR":"TORINO","PROVINCIA_CENTR":"TO","INDIRIZZO_CENTRALE":"VIA TRIPOLI 96","LATITUDINE_SEZIONE":"45.06018","LONGITUDINE_SEZIONE":"7.62136","POS_X_SEZIONE":"391456.15648","POS_Y_SEZIONE":"4990559.61860","LATITUDINE_CENTRALE":"45.04376","LONGITUDINE_CENTRALE":"7.64499","POS_X_CENTRALE":"393285.56101","POS_Y_CENTRALE":"4988704.03995","TIPO_ADSL":"ADSL_2P","DESCRIZIONE_TIPO_ADSL":"ADSL 2+ (24 mega)","DISTANZA_CALCOLATA":"2605.74","CLASSE_DISTANZA":"2500-2899","POTENZA_SEGNALE":"7380.83","POPOLAZIONE_SEZIONE": "454"}
			},
		 		{ "type" : "Feature",
				"geometry" : {
					"type" : "Point",
					"coordinates" : [7.63984,45.05392]},
			"properties" : { "ANNO":"2010","ID_SEZIONE":"26198","ISTAT_COMUNE_SEZ":"1272","COMUNE_SEZ":"TORINO","PROVINCIA":"TO","ID_CENTRALE":"1491","NOME_CENTRALE":"TORINO S. RITA","ISTAT_COMUNE_CENTR":"1272","COMUNE_CENTR":"TORINO","PROVINCIA_CENTR":"TO","INDIRIZZO_CENTRALE":"VIA TRIPOLI 96","LATITUDINE_SEZIONE":"45.05392","LONGITUDINE_SEZIONE":"7.63984","POS_X_SEZIONE":"392898.77639","POS_Y_SEZIONE":"4989840.10295","LATITUDINE_CENTRALE":"45.04376","LONGITUDINE_CENTRALE":"7.64499","POS_X_CENTRALE":"393285.56101","POS_Y_CENTRALE":"4988704.03995","TIPO_ADSL":"ADSL_2P","DESCRIZIONE_TIPO_ADSL":"ADSL 2+ (24 mega)","DISTANZA_CALCOLATA":"1200.1","CLASSE_DISTANZA":"900-1299","POTENZA_SEGNALE":"17737.5","POPOLAZIONE_SEZIONE": "91"}
			},
		 		{ "type" : "Feature",
				"geometry" : {
					"type" : "Point",
					"coordinates" : [7.63934,45.03945]},
			"properties" : { "ANNO":"2010","ID_SEZIONE":"26238","ISTAT_COMUNE_SEZ":"1272","COMUNE_SEZ":"TORINO","PROVINCIA":"TO","ID_CENTRALE":"1491","NOME_CENTRALE":"TORINO S. RITA","ISTAT_COMUNE_CENTR":"1272","COMUNE_CENTR":"TORINO","PROVINCIA_CENTR":"TO","INDIRIZZO_CENTRALE":"VIA TRIPOLI 96","LATITUDINE_SEZIONE":"45.03945","LONGITUDINE_SEZIONE":"7.63934","POS_X_SEZIONE":"392832.47392","POS_Y_SEZIONE":"4988233.07371","LATITUDINE_CENTRALE":"45.04376","LONGITUDINE_CENTRALE":"7.64499","POS_X_CENTRALE":"393285.56101","POS_Y_CENTRALE":"4988704.03995","TIPO_ADSL":"ADSL_2P","DESCRIZIONE_TIPO_ADSL":"ADSL 2+ (24 mega)","DISTANZA_CALCOLATA":"653.53","CLASSE_DISTANZA":"500-899","POTENZA_SEGNALE":"19523.33","POPOLAZIONE_SEZIONE": "91"}
			},
		 		{ "type" : "Feature",
				"geometry" : {
					"type" : "Point",
					"coordinates" : [7.68990,45.02114]},
			"properties" : { "ANNO":"2010","ID_SEZIONE":"26636","ISTAT_COMUNE_SEZ":"1156","COMUNE_SEZ":"MONCALIERI","PROVINCIA":"TO","ID_CENTRALE":"1491","NOME_CENTRALE":"TORINO S. RITA","ISTAT_COMUNE_CENTR":"1272","COMUNE_CENTR":"TORINO","PROVINCIA_CENTR":"TO","INDIRIZZO_CENTRALE":"VIA TRIPOLI 96","LATITUDINE_SEZIONE":"45.02114","LONGITUDINE_SEZIONE":"7.68990","POS_X_SEZIONE":"396782.13665","POS_Y_SEZIONE":"4986134.03345","LATITUDINE_CENTRALE":"45.04376","LONGITUDINE_CENTRALE":"7.64499","POS_X_CENTRALE":"393285.56101","POS_Y_CENTRALE":"4988704.03995","TIPO_ADSL":"ADSL_2P","DESCRIZIONE_TIPO_ADSL":"ADSL 2+ (24 mega)","DISTANZA_CALCOLATA":"4339.47","CLASSE_DISTANZA":"4100-4499","POTENZA_SEGNALE":"2024.17","POPOLAZIONE_SEZIONE": "537"}
			},
		 		{ "type" : "Feature",
				"geometry" : {
					"type" : "Point",
					"coordinates" : [7.63823,45.03980]},
			"properties" : { "ANNO":"2010","ID_SEZIONE":"26856","ISTAT_COMUNE_SEZ":"1272","COMUNE_SEZ":"TORINO","PROVINCIA":"TO","ID_CENTRALE":"1491","NOME_CENTRALE":"TORINO S. RITA","ISTAT_COMUNE_CENTR":"1272","COMUNE_CENTR":"TORINO","PROVINCIA_CENTR":"TO","INDIRIZZO_CENTRALE":"VIA TRIPOLI 96","LATITUDINE_SEZIONE":"45.03980","LONGITUDINE_SEZIONE":"7.63823","POS_X_SEZIONE":"392745.78823","POS_Y_SEZIONE":"4988273.07473","LATITUDINE_CENTRALE":"45.04376","LONGITUDINE_CENTRALE":"7.64499","POS_X_CENTRALE":"393285.56101","POS_Y_CENTRALE":"4988704.03995","TIPO_ADSL":"ADSL_2P","DESCRIZIONE_TIPO_ADSL":"ADSL 2+ (24 mega)","DISTANZA_CALCOLATA":"690.71","CLASSE_DISTANZA":"500-899","POTENZA_SEGNALE":"19523.33","POPOLAZIONE_SEZIONE": "2"}
			},
		 		{ "type" : "Feature",
				"geometry" : {
					"type" : "Point",
					"coordinates" : [7.64343,45.08305]},
			"properties" : { "ANNO":"2010","ID_SEZIONE":"27523","ISTAT_COMUNE_SEZ":"1272","COMUNE_SEZ":"TORINO","PROVINCIA":"TO","ID_CENTRALE":"1491","NOME_CENTRALE":"TORINO S. RITA","ISTAT_COMUNE_CENTR":"1272","COMUNE_CENTR":"TORINO","PROVINCIA_CENTR":"TO","INDIRIZZO_CENTRALE":"VIA TRIPOLI 96","LATITUDINE_SEZIONE":"45.08305","LONGITUDINE_SEZIONE":"7.64343","POS_X_SEZIONE":"393236.19207","POS_Y_SEZIONE":"4993071.66213","LATITUDINE_CENTRALE":"45.04376","LONGITUDINE_CENTRALE":"7.64499","POS_X_CENTRALE":"393285.56101","POS_Y_CENTRALE":"4988704.03995","TIPO_ADSL":"ADSL_2P","DESCRIZIONE_TIPO_ADSL":"ADSL 2+ (24 mega)","DISTANZA_CALCOLATA":"4367.9","CLASSE_DISTANZA":"4100-4499","POTENZA_SEGNALE":"2024.17","POPOLAZIONE_SEZIONE": "259"}
			},
		 		{ "type" : "Feature",
				"geometry" : {
					"type" : "Point",
					"coordinates" : [7.63493,45.04485]},
			"properties" : { "ANNO":"2010","ID_SEZIONE":"27676","ISTAT_COMUNE_SEZ":"1272","COMUNE_SEZ":"TORINO","PROVINCIA":"TO","ID_CENTRALE":"1491","NOME_CENTRALE":"TORINO S. RITA","ISTAT_COMUNE_CENTR":"1272","COMUNE_CENTR":"TORINO","PROVINCIA_CENTR":"TO","INDIRIZZO_CENTRALE":"VIA TRIPOLI 96","LATITUDINE_SEZIONE":"45.04485","LONGITUDINE_SEZIONE":"7.63493","POS_X_SEZIONE":"392495.89434","POS_Y_SEZIONE":"4988838.58539","LATITUDINE_CENTRALE":"45.04376","LONGITUDINE_CENTRALE":"7.64499","POS_X_CENTRALE":"393285.56101","POS_Y_CENTRALE":"4988704.03995","TIPO_ADSL":"ADSL_2P","DESCRIZIONE_TIPO_ADSL":"ADSL 2+ (24 mega)","DISTANZA_CALCOLATA":"801.05","CLASSE_DISTANZA":"500-899","POTENZA_SEGNALE":"19523.33","POPOLAZIONE_SEZIONE": "769"}
			},
		 		{ "type" : "Feature",
				"geometry" : {
					"type" : "Point",
					"coordinates" : [7.69706,45.06606]},
			"properties" : { "ANNO":"2010","ID_SEZIONE":"28081","ISTAT_COMUNE_SEZ":"1272","COMUNE_SEZ":"TORINO","PROVINCIA":"TO","ID_CENTRALE":"1491","NOME_CENTRALE":"TORINO S. RITA","ISTAT_COMUNE_CENTR":"1272","COMUNE_CENTR":"TORINO","PROVINCIA_CENTR":"TO","INDIRIZZO_CENTRALE":"VIA TRIPOLI 96","LATITUDINE_SEZIONE":"45.06606","LONGITUDINE_SEZIONE":"7.69706","POS_X_SEZIONE":"397426.80558","POS_Y_SEZIONE":"4991114.11870","LATITUDINE_CENTRALE":"45.04376","LONGITUDINE_CENTRALE":"7.64499","POS_X_CENTRALE":"393285.56101","POS_Y_CENTRALE":"4988704.03995","TIPO_ADSL":"ADSL_2P","DESCRIZIONE_TIPO_ADSL":"ADSL 2+ (24 mega)","DISTANZA_CALCOLATA":"4791.49","CLASSE_DISTANZA":"4500-4899","POTENZA_SEGNALE":"1428.33","POPOLAZIONE_SEZIONE": "371"}
			},
		 		{ "type" : "Feature",
				"geometry" : {
					"type" : "Point",
					"coordinates" : [7.65131,45.04180]},
			"properties" : { "ANNO":"2010","ID_SEZIONE":"28337","ISTAT_COMUNE_SEZ":"1272","COMUNE_SEZ":"TORINO","PROVINCIA":"TO","ID_CENTRALE":"1491","NOME_CENTRALE":"TORINO S. RITA","ISTAT_COMUNE_CENTR":"1272","COMUNE_CENTR":"TORINO","PROVINCIA_CENTR":"TO","INDIRIZZO_CENTRALE":"VIA TRIPOLI 96","LATITUDINE_SEZIONE":"45.04180","LONGITUDINE_SEZIONE":"7.65131","POS_X_SEZIONE":"393779.64884","POS_Y_SEZIONE":"4988478.07748","LATITUDINE_CENTRALE":"45.04376","LONGITUDINE_CENTRALE":"7.64499","POS_X_CENTRALE":"393285.56101","POS_Y_CENTRALE":"4988704.03995","TIPO_ADSL":"ADSL_2P","DESCRIZIONE_TIPO_ADSL":"ADSL 2+ (24 mega)","DISTANZA_CALCOLATA":"543.31","CLASSE_DISTANZA":"500-899","POTENZA_SEGNALE":"19523.33","POPOLAZIONE_SEZIONE": ""}
			},
		 		{ "type" : "Feature",
				"geometry" : {
					"type" : "Point",
					"coordinates" : [7.64586,45.04431]},
			"properties" : { "ANNO":"2010","ID_SEZIONE":"28681","ISTAT_COMUNE_SEZ":"1272","COMUNE_SEZ":"TORINO","PROVINCIA":"TO","ID_CENTRALE":"1491","NOME_CENTRALE":"TORINO S. RITA","ISTAT_COMUNE_CENTR":"1272","COMUNE_CENTR":"TORINO","PROVINCIA_CENTR":"TO","INDIRIZZO_CENTRALE":"VIA TRIPOLI 96","LATITUDINE_SEZIONE":"45.04431","LONGITUDINE_SEZIONE":"7.64586","POS_X_SEZIONE":"393355.25408","POS_Y_SEZIONE":"4988764.08324","LATITUDINE_CENTRALE":"45.04376","LONGITUDINE_CENTRALE":"7.64499","POS_X_CENTRALE":"393285.56101","POS_Y_CENTRALE":"4988704.03995","TIPO_ADSL":"ADSL_2P","DESCRIZIONE_TIPO_ADSL":"ADSL 2+ (24 mega)","DISTANZA_CALCOLATA":"91.99","CLASSE_DISTANZA":"0-99","POTENZA_SEGNALE":"19761.67","POPOLAZIONE_SEZIONE": "395"}
			},
		 		{ "type" : "Feature",
				"geometry" : {
					"type" : "Point",
					"coordinates" : [7.63868,45.04035]},
			"properties" : { "ANNO":"2010","ID_SEZIONE":"28685","ISTAT_COMUNE_SEZ":"1272","COMUNE_SEZ":"TORINO","PROVINCIA":"TO","ID_CENTRALE":"1491","NOME_CENTRALE":"TORINO S. RITA","ISTAT_COMUNE_CENTR":"1272","COMUNE_CENTR":"TORINO","PROVINCIA_CENTR":"TO","INDIRIZZO_CENTRALE":"VIA TRIPOLI 96","LATITUDINE_SEZIONE":"45.04035","LONGITUDINE_SEZIONE":"7.63868","POS_X_SEZIONE":"392782.66349","POS_Y_SEZIONE":"4988333.57572","LATITUDINE_CENTRALE":"45.04376","LONGITUDINE_CENTRALE":"7.64499","POS_X_CENTRALE":"393285.56101","POS_Y_CENTRALE":"4988704.03995","TIPO_ADSL":"ADSL_2P","DESCRIZIONE_TIPO_ADSL":"ADSL 2+ (24 mega)","DISTANZA_CALCOLATA":"624.62","CLASSE_DISTANZA":"500-899","POTENZA_SEGNALE":"19523.33","POPOLAZIONE_SEZIONE": "489"}
			},
		 		{ "type" : "Feature",
				"geometry" : {
					"type" : "Point",
					"coordinates" : [7.64141,45.04538]},
			"properties" : { "ANNO":"2010","ID_SEZIONE":"28915","ISTAT_COMUNE_SEZ":"1272","COMUNE_SEZ":"TORINO","PROVINCIA":"TO","ID_CENTRALE":"1491","NOME_CENTRALE":"TORINO S. RITA","ISTAT_COMUNE_CENTR":"1272","COMUNE_CENTR":"TORINO","PROVINCIA_CENTR":"TO","INDIRIZZO_CENTRALE":"VIA TRIPOLI 96","LATITUDINE_SEZIONE":"45.04538","LONGITUDINE_SEZIONE":"7.64141","POS_X_SEZIONE":"393007.04237","POS_Y_SEZIONE":"4988889.08548","LATITUDINE_CENTRALE":"45.04376","LONGITUDINE_CENTRALE":"7.64499","POS_X_CENTRALE":"393285.56101","POS_Y_CENTRALE":"4988704.03995","TIPO_ADSL":"ADSL_2P","DESCRIZIONE_TIPO_ADSL":"ADSL 2+ (24 mega)","DISTANZA_CALCOLATA":"334.39","CLASSE_DISTANZA":"100-499","POTENZA_SEGNALE":"19761.67","POPOLAZIONE_SEZIONE": "3"}
			},
		 		{ "type" : "Feature",
				"geometry" : {
					"type" : "Point",
					"coordinates" : [7.68134,45.07698]},
			"properties" : { "ANNO":"2010","ID_SEZIONE":"29693","ISTAT_COMUNE_SEZ":"1272","COMUNE_SEZ":"TORINO","PROVINCIA":"TO","ID_CENTRALE":"1491","NOME_CENTRALE":"TORINO S. RITA","ISTAT_COMUNE_CENTR":"1272","COMUNE_CENTR":"TORINO","PROVINCIA_CENTR":"TO","INDIRIZZO_CENTRALE":"VIA TRIPOLI 96","LATITUDINE_SEZIONE":"45.07698","LONGITUDINE_SEZIONE":"7.68134","POS_X_SEZIONE":"396208.52973","POS_Y_SEZIONE":"4992347.64241","LATITUDINE_CENTRALE":"45.04376","LONGITUDINE_CENTRALE":"7.64499","POS_X_CENTRALE":"393285.56101","POS_Y_CENTRALE":"4988704.03995","TIPO_ADSL":"ADSL_2P","DESCRIZIONE_TIPO_ADSL":"ADSL 2+ (24 mega)","DISTANZA_CALCOLATA":"4671.14","CLASSE_DISTANZA":"4500-4899","POTENZA_SEGNALE":"1428.33","POPOLAZIONE_SEZIONE": "451"}
			},
		 		{ "type" : "Feature",
				"geometry" : {
					"type" : "Point",
					"coordinates" : [7.65014,45.04941]},
			"properties" : { "ANNO":"2010","ID_SEZIONE":"29764","ISTAT_COMUNE_SEZ":"1272","COMUNE_SEZ":"TORINO","PROVINCIA":"TO","ID_CENTRALE":"1491","NOME_CENTRALE":"TORINO S. RITA","ISTAT_COMUNE_CENTR":"1272","COMUNE_CENTR":"TORINO","PROVINCIA_CENTR":"TO","INDIRIZZO_CENTRALE":"VIA TRIPOLI 96","LATITUDINE_SEZIONE":"45.04941","LONGITUDINE_SEZIONE":"7.65014","POS_X_SEZIONE":"393702.00557","POS_Y_SEZIONE":"4989325.09291","LATITUDINE_CENTRALE":"45.04376","LONGITUDINE_CENTRALE":"7.64499","POS_X_CENTRALE":"393285.56101","POS_Y_CENTRALE":"4988704.03995","TIPO_ADSL":"ADSL_2P","DESCRIZIONE_TIPO_ADSL":"ADSL 2+ (24 mega)","DISTANZA_CALCOLATA":"747.75","CLASSE_DISTANZA":"500-899","POTENZA_SEGNALE":"19523.33","POPOLAZIONE_SEZIONE": "184"}
			},
		 		{ "type" : "Feature",
				"geometry" : {
					"type" : "Point",
					"coordinates" : [7.63785,45.05225]},
			"properties" : { "ANNO":"2010","ID_SEZIONE":"30757","ISTAT_COMUNE_SEZ":"1272","COMUNE_SEZ":"TORINO","PROVINCIA":"TO","ID_CENTRALE":"1491","NOME_CENTRALE":"TORINO S. RITA","ISTAT_COMUNE_CENTR":"1272","COMUNE_CENTR":"TORINO","PROVINCIA_CENTR":"TO","INDIRIZZO_CENTRALE":"VIA TRIPOLI 96","LATITUDINE_SEZIONE":"45.05225","LONGITUDINE_SEZIONE":"7.63785","POS_X_SEZIONE":"392739.49575","POS_Y_SEZIONE":"4989657.09982","LATITUDINE_CENTRALE":"45.04376","LONGITUDINE_CENTRALE":"7.64499","POS_X_CENTRALE":"393285.56101","POS_Y_CENTRALE":"4988704.03995","TIPO_ADSL":"ADSL_2P","DESCRIZIONE_TIPO_ADSL":"ADSL 2+ (24 mega)","DISTANZA_CALCOLATA":"1098.41","CLASSE_DISTANZA":"900-1299","POTENZA_SEGNALE":"17737.5","POPOLAZIONE_SEZIONE": "31"}
			},
		 		{ "type" : "Feature",
				"geometry" : {
					"type" : "Point",
					"coordinates" : [7.64037,45.04854]},
			"properties" : { "ANNO":"2010","ID_SEZIONE":"30760","ISTAT_COMUNE_SEZ":"1272","COMUNE_SEZ":"TORINO","PROVINCIA":"TO","ID_CENTRALE":"1491","NOME_CENTRALE":"TORINO S. RITA","ISTAT_COMUNE_CENTR":"1272","COMUNE_CENTR":"TORINO","PROVINCIA_CENTR":"TO","INDIRIZZO_CENTRALE":"VIA TRIPOLI 96","LATITUDINE_SEZIONE":"45.04854","LONGITUDINE_SEZIONE":"7.64037","POS_X_SEZIONE":"392930.70471","POS_Y_SEZIONE":"4989241.59236","LATITUDINE_CENTRALE":"45.04376","LONGITUDINE_CENTRALE":"7.64499","POS_X_CENTRALE":"393285.56101","POS_Y_CENTRALE":"4988704.03995","TIPO_ADSL":"ADSL_2P","DESCRIZIONE_TIPO_ADSL":"ADSL 2+ (24 mega)","DISTANZA_CALCOLATA":"644.12","CLASSE_DISTANZA":"500-899","POTENZA_SEGNALE":"19523.33","POPOLAZIONE_SEZIONE": "255"}
			},
		 		{ "type" : "Feature",
				"geometry" : {
					"type" : "Point",
					"coordinates" : [7.62742,45.06354]},
			"properties" : { "ANNO":"2010","ID_SEZIONE":"30940","ISTAT_COMUNE_SEZ":"1272","COMUNE_SEZ":"TORINO","PROVINCIA":"TO","ID_CENTRALE":"1491","NOME_CENTRALE":"TORINO S. RITA","ISTAT_COMUNE_CENTR":"1272","COMUNE_CENTR":"TORINO","PROVINCIA_CENTR":"TO","INDIRIZZO_CENTRALE":"VIA TRIPOLI 96","LATITUDINE_SEZIONE":"45.06354","LONGITUDINE_SEZIONE":"7.62742","POS_X_SEZIONE":"391939.12096","POS_Y_SEZIONE":"4990925.12465","LATITUDINE_CENTRALE":"45.04376","LONGITUDINE_CENTRALE":"7.64499","POS_X_CENTRALE":"393285.56101","POS_Y_CENTRALE":"4988704.03995","TIPO_ADSL":"ADSL_2P","DESCRIZIONE_TIPO_ADSL":"ADSL 2+ (24 mega)","DISTANZA_CALCOLATA":"2597.33","CLASSE_DISTANZA":"2500-2899","POTENZA_SEGNALE":"7380.83","POPOLAZIONE_SEZIONE": "547"}
			},
		 		{ "type" : "Feature",
				"geometry" : {
					"type" : "Point",
					"coordinates" : [7.64147,45.04434]},
			"properties" : { "ANNO":"2010","ID_SEZIONE":"31206","ISTAT_COMUNE_SEZ":"1272","COMUNE_SEZ":"TORINO","PROVINCIA":"TO","ID_CENTRALE":"1491","NOME_CENTRALE":"TORINO S. RITA","ISTAT_COMUNE_CENTR":"1272","COMUNE_CENTR":"TORINO","PROVINCIA_CENTR":"TO","INDIRIZZO_CENTRALE":"VIA TRIPOLI 96","LATITUDINE_SEZIONE":"45.04434","LONGITUDINE_SEZIONE":"7.64147","POS_X_SEZIONE":"393009.29056","POS_Y_SEZIONE":"4988774.08363","LATITUDINE_CENTRALE":"45.04376","LONGITUDINE_CENTRALE":"7.64499","POS_X_CENTRALE":"393285.56101","POS_Y_CENTRALE":"4988704.03995","TIPO_ADSL":"ADSL_2P","DESCRIZIONE_TIPO_ADSL":"ADSL 2+ (24 mega)","DISTANZA_CALCOLATA":"285.01","CLASSE_DISTANZA":"100-499","POTENZA_SEGNALE":"19761.67","POPOLAZIONE_SEZIONE": "397"}
			},
		 		{ "type" : "Feature",
				"geometry" : {
					"type" : "Point",
					"coordinates" : [7.64423,45.04365]},
			"properties" : { "ANNO":"2010","ID_SEZIONE":"31209","ISTAT_COMUNE_SEZ":"1272","COMUNE_SEZ":"TORINO","PROVINCIA":"TO","ID_CENTRALE":"1491","NOME_CENTRALE":"TORINO S. RITA","ISTAT_COMUNE_CENTR":"1272","COMUNE_CENTR":"TORINO","PROVINCIA_CENTR":"TO","INDIRIZZO_CENTRALE":"VIA TRIPOLI 96","LATITUDINE_SEZIONE":"45.04365","LONGITUDINE_SEZIONE":"7.64423","POS_X_SEZIONE":"393225.75495","POS_Y_SEZIONE":"4988693.58187","LATITUDINE_CENTRALE":"45.04376","LONGITUDINE_CENTRALE":"7.64499","POS_X_CENTRALE":"393285.56101","POS_Y_CENTRALE":"4988704.03995","TIPO_ADSL":"ADSL_2P","DESCRIZIONE_TIPO_ADSL":"ADSL 2+ (24 mega)","DISTANZA_CALCOLATA":"60.71","CLASSE_DISTANZA":"0-99","POTENZA_SEGNALE":"19761.67","POPOLAZIONE_SEZIONE": "419"}
			},
		 		{ "type" : "Feature",
				"geometry" : {
					"type" : "Point",
					"coordinates" : [7.66431,45.05952]},
			"properties" : { "ANNO":"2010","ID_SEZIONE":"31605","ISTAT_COMUNE_SEZ":"1272","COMUNE_SEZ":"TORINO","PROVINCIA":"TO","ID_CENTRALE":"1491","NOME_CENTRALE":"TORINO S. RITA","ISTAT_COMUNE_CENTR":"1272","COMUNE_CENTR":"TORINO","PROVINCIA_CENTR":"TO","INDIRIZZO_CENTRALE":"VIA TRIPOLI 96","LATITUDINE_SEZIONE":"45.05952","LONGITUDINE_SEZIONE":"7.66431","POS_X_SEZIONE":"394836.56224","POS_Y_SEZIONE":"4990430.11128","LATITUDINE_CENTRALE":"45.04376","LONGITUDINE_CENTRALE":"7.64499","POS_X_CENTRALE":"393285.56101","POS_Y_CENTRALE":"4988704.03995","TIPO_ADSL":"ADSL_2P","DESCRIZIONE_TIPO_ADSL":"ADSL 2+ (24 mega)","DISTANZA_CALCOLATA":"2320.54","CLASSE_DISTANZA":"2100-2499","POTENZA_SEGNALE":"10000","POPOLAZIONE_SEZIONE": "173"}
			},
		 		{ "type" : "Feature",
				"geometry" : {
					"type" : "Point",
					"coordinates" : [7.66080,45.05828]},
			"properties" : { "ANNO":"2010","ID_SEZIONE":"31606","ISTAT_COMUNE_SEZ":"1272","COMUNE_SEZ":"TORINO","PROVINCIA":"TO","ID_CENTRALE":"1491","NOME_CENTRALE":"TORINO S. RITA","ISTAT_COMUNE_CENTR":"1272","COMUNE_CENTR":"TORINO","PROVINCIA_CENTR":"TO","INDIRIZZO_CENTRALE":"VIA TRIPOLI 96","LATITUDINE_SEZIONE":"45.05828","LONGITUDINE_SEZIONE":"7.66080","POS_X_SEZIONE":"394557.72295","POS_Y_SEZIONE":"4990296.60932","LATITUDINE_CENTRALE":"45.04376","LONGITUDINE_CENTRALE":"7.64499","POS_X_CENTRALE":"393285.56101","POS_Y_CENTRALE":"4988704.03995","TIPO_ADSL":"ADSL_2P","DESCRIZIONE_TIPO_ADSL":"ADSL 2+ (24 mega)","DISTANZA_CALCOLATA":"2038.3","CLASSE_DISTANZA":"1700-2099","POTENZA_SEGNALE":"12975.83","POPOLAZIONE_SEZIONE": "212"}
			},
		 		{ "type" : "Feature",
				"geometry" : {
					"type" : "Point",
					"coordinates" : [7.66180,45.05589]},
			"properties" : { "ANNO":"2010","ID_SEZIONE":"31610","ISTAT_COMUNE_SEZ":"1272","COMUNE_SEZ":"TORINO","PROVINCIA":"TO","ID_CENTRALE":"1491","NOME_CENTRALE":"TORINO S. RITA","ISTAT_COMUNE_CENTR":"1272","COMUNE_CENTR":"TORINO","PROVINCIA_CENTR":"TO","INDIRIZZO_CENTRALE":"VIA TRIPOLI 96","LATITUDINE_SEZIONE":"45.05589","LONGITUDINE_SEZIONE":"7.66180","POS_X_SEZIONE":"394632.21792","POS_Y_SEZIONE":"4990030.10411","LATITUDINE_CENTRALE":"45.04376","LONGITUDINE_CENTRALE":"7.64499","POS_X_CENTRALE":"393285.56101","POS_Y_CENTRALE":"4988704.03995","TIPO_ADSL":"ADSL_2P","DESCRIZIONE_TIPO_ADSL":"ADSL 2+ (24 mega)","DISTANZA_CALCOLATA":"1889.96","CLASSE_DISTANZA":"1700-2099","POTENZA_SEGNALE":"12975.83","POPOLAZIONE_SEZIONE": "282"}
			},
		 		{ "type" : "Feature",
				"geometry" : {
					"type" : "Point",
					"coordinates" : [7.64934,45.04921]},
			"properties" : { "ANNO":"2010","ID_SEZIONE":"31817","ISTAT_COMUNE_SEZ":"1272","COMUNE_SEZ":"TORINO","PROVINCIA":"TO","ID_CENTRALE":"1491","NOME_CENTRALE":"TORINO S. RITA","ISTAT_COMUNE_CENTR":"1272","COMUNE_CENTR":"TORINO","PROVINCIA_CENTR":"TO","INDIRIZZO_CENTRALE":"VIA TRIPOLI 96","LATITUDINE_SEZIONE":"45.04921","LONGITUDINE_SEZIONE":"7.64934","POS_X_SEZIONE":"393638.72544","POS_Y_SEZIONE":"4989304.09271","LATITUDINE_CENTRALE":"45.04376","LONGITUDINE_CENTRALE":"7.64499","POS_X_CENTRALE":"393285.56101","POS_Y_CENTRALE":"4988704.03995","TIPO_ADSL":"ADSL_2P","DESCRIZIONE_TIPO_ADSL":"ADSL 2+ (24 mega)","DISTANZA_CALCOLATA":"696.27","CLASSE_DISTANZA":"500-899","POTENZA_SEGNALE":"19523.33","POPOLAZIONE_SEZIONE": "277"}
			},
		 		{ "type" : "Feature",
				"geometry" : {
					"type" : "Point",
					"coordinates" : [7.64779,45.05155]},
			"properties" : { "ANNO":"2010","ID_SEZIONE":"32439","ISTAT_COMUNE_SEZ":"1272","COMUNE_SEZ":"TORINO","PROVINCIA":"TO","ID_CENTRALE":"1491","NOME_CENTRALE":"TORINO S. RITA","ISTAT_COMUNE_CENTR":"1272","COMUNE_CENTR":"TORINO","PROVINCIA_CENTR":"TO","INDIRIZZO_CENTRALE":"VIA TRIPOLI 96","LATITUDINE_SEZIONE":"45.05155","LONGITUDINE_SEZIONE":"7.64779","POS_X_SEZIONE":"393521.04327","POS_Y_SEZIONE":"4989566.59716","LATITUDINE_CENTRALE":"45.04376","LONGITUDINE_CENTRALE":"7.64499","POS_X_CENTRALE":"393285.56101","POS_Y_CENTRALE":"4988704.03995","TIPO_ADSL":"ADSL_2P","DESCRIZIONE_TIPO_ADSL":"ADSL 2+ (24 mega)","DISTANZA_CALCOLATA":"894.12","CLASSE_DISTANZA":"500-899","POTENZA_SEGNALE":"19523.33","POPOLAZIONE_SEZIONE": "278"}
			}
		 		]
	}
		