 	{ "type" : "FeatureCollection",
		"features" : [
		 		{ "type" : "Feature",
				"geometry" : {
					"type" : "Point",
					"coordinates" : [7.86536,45.11509]},
			"properties" : { "ANNO":"2010","ID_SEZIONE":"284","ISTAT_COMUNE_SEZ":"1262","COMUNE_SEZ":"SCIOLZE","PROVINCIA":"TO","ID_CENTRALE":"1320","NOME_CENTRALE":"SCIOLZE","ISTAT_COMUNE_CENTR":"1262","COMUNE_CENTR":"SCIOLZE","PROVINCIA_CENTR":"TO","INDIRIZZO_CENTRALE":"BERNOCCHI","LATITUDINE_SEZIONE":"45.11509","LONGITUDINE_SEZIONE":"7.86536","POS_X_SEZIONE":"410752.31727","POS_Y_SEZIONE":"4996361.83557","LATITUDINE_CENTRALE":"45.09410","LONGITUDINE_CENTRALE":"7.87990","POS_X_CENTRALE":"411863.54038","POS_Y_CENTRALE":"4994014.13324","TIPO_ADSL":"ADSL_M","DESCRIZIONE_TIPO_ADSL":"ADSL Mini","DISTANZA_CALCOLATA":"2597.41","CLASSE_DISTANZA":"2500-2899","POTENZA_SEGNALE":"0.64","POPOLAZIONE_SEZIONE": "56"}
			},
		 		{ "type" : "Feature",
				"geometry" : {
					"type" : "Point",
					"coordinates" : [7.87906,45.08918]},
			"properties" : { "ANNO":"2010","ID_SEZIONE":"376","ISTAT_COMUNE_SEZ":"1262","COMUNE_SEZ":"SCIOLZE","PROVINCIA":"TO","ID_CENTRALE":"1320","NOME_CENTRALE":"SCIOLZE","ISTAT_COMUNE_CENTR":"1262","COMUNE_CENTR":"SCIOLZE","PROVINCIA_CENTR":"TO","INDIRIZZO_CENTRALE":"BERNOCCHI","LATITUDINE_SEZIONE":"45.08918","LONGITUDINE_SEZIONE":"7.87906","POS_X_SEZIONE":"411789.90677","POS_Y_SEZIONE":"4993468.33771","LATITUDINE_CENTRALE":"45.09410","LONGITUDINE_CENTRALE":"7.87990","POS_X_CENTRALE":"411863.54038","POS_Y_CENTRALE":"4994014.13324","TIPO_ADSL":"ADSL_M","DESCRIZIONE_TIPO_ADSL":"ADSL Mini","DISTANZA_CALCOLATA":"550.74","CLASSE_DISTANZA":"500-899","POTENZA_SEGNALE":"0.64","POPOLAZIONE_SEZIONE": "166"}
			},
		 		{ "type" : "Feature",
				"geometry" : {
					"type" : "Point",
					"coordinates" : [7.86079,45.09121]},
			"properties" : { "ANNO":"2010","ID_SEZIONE":"2071","ISTAT_COMUNE_SEZ":"1262","COMUNE_SEZ":"SCIOLZE","PROVINCIA":"TO","ID_CENTRALE":"1320","NOME_CENTRALE":"SCIOLZE","ISTAT_COMUNE_CENTR":"1262","COMUNE_CENTR":"SCIOLZE","PROVINCIA_CENTR":"TO","INDIRIZZO_CENTRALE":"BERNOCCHI","LATITUDINE_SEZIONE":"45.09121","LONGITUDINE_SEZIONE":"7.86079","POS_X_SEZIONE":"410355.12149","POS_Y_SEZIONE":"4993713.81099","LATITUDINE_CENTRALE":"45.09410","LONGITUDINE_CENTRALE":"7.87990","POS_X_CENTRALE":"411863.54038","POS_Y_CENTRALE":"4994014.13324","TIPO_ADSL":"ADSL_M","DESCRIZIONE_TIPO_ADSL":"ADSL Mini","DISTANZA_CALCOLATA":"1538.03","CLASSE_DISTANZA":"1300-1699","POTENZA_SEGNALE":"0.64","POPOLAZIONE_SEZIONE": "163"}
			},
		 		{ "type" : "Feature",
				"geometry" : {
					"type" : "Point",
					"coordinates" : [7.86209,45.10138]},
			"properties" : { "ANNO":"2010","ID_SEZIONE":"2722","ISTAT_COMUNE_SEZ":"1262","COMUNE_SEZ":"SCIOLZE","PROVINCIA":"TO","ID_CENTRALE":"1320","NOME_CENTRALE":"SCIOLZE","ISTAT_COMUNE_CENTR":"1262","COMUNE_CENTR":"SCIOLZE","PROVINCIA_CENTR":"TO","INDIRIZZO_CENTRALE":"BERNOCCHI","LATITUDINE_SEZIONE":"45.10138","LONGITUDINE_SEZIONE":"7.86209","POS_X_SEZIONE":"410473.20661","POS_Y_SEZIONE":"4994841.82072","LATITUDINE_CENTRALE":"45.09410","LONGITUDINE_CENTRALE":"7.87990","POS_X_CENTRALE":"411863.54038","POS_Y_CENTRALE":"4994014.13324","TIPO_ADSL":"ADSL_M","DESCRIZIONE_TIPO_ADSL":"ADSL Mini","DISTANZA_CALCOLATA":"1618.05","CLASSE_DISTANZA":"1300-1699","POTENZA_SEGNALE":"0.64","POPOLAZIONE_SEZIONE": "55"}
			},
		 		{ "type" : "Feature",
				"geometry" : {
					"type" : "Point",
					"coordinates" : [7.85978,45.11490]},
			"properties" : { "ANNO":"2010","ID_SEZIONE":"4187","ISTAT_COMUNE_SEZ":"1262","COMUNE_SEZ":"SCIOLZE","PROVINCIA":"TO","ID_CENTRALE":"1320","NOME_CENTRALE":"SCIOLZE","ISTAT_COMUNE_CENTR":"1262","COMUNE_CENTR":"SCIOLZE","PROVINCIA_CENTR":"TO","INDIRIZZO_CENTRALE":"BERNOCCHI","LATITUDINE_SEZIONE":"45.11490","LONGITUDINE_SEZIONE":"7.85978","POS_X_SEZIONE":"410313.07554","POS_Y_SEZIONE":"4996346.82731","LATITUDINE_CENTRALE":"45.09410","LONGITUDINE_CENTRALE":"7.87990","POS_X_CENTRALE":"411863.54038","POS_Y_CENTRALE":"4994014.13324","TIPO_ADSL":"ADSL_M","DESCRIZIONE_TIPO_ADSL":"ADSL Mini","DISTANZA_CALCOLATA":"2800.96","CLASSE_DISTANZA":"2500-2899","POTENZA_SEGNALE":"0.64","POPOLAZIONE_SEZIONE": "68"}
			},
		 		{ "type" : "Feature",
				"geometry" : {
					"type" : "Point",
					"coordinates" : [7.89171,45.09591]},
			"properties" : { "ANNO":"2010","ID_SEZIONE":"4645","ISTAT_COMUNE_SEZ":"1262","COMUNE_SEZ":"SCIOLZE","PROVINCIA":"TO","ID_CENTRALE":"1320","NOME_CENTRALE":"SCIOLZE","ISTAT_COMUNE_CENTR":"1262","COMUNE_CENTR":"SCIOLZE","PROVINCIA_CENTR":"TO","INDIRIZZO_CENTRALE":"BERNOCCHI","LATITUDINE_SEZIONE":"45.09591","LONGITUDINE_SEZIONE":"7.89171","POS_X_SEZIONE":"412795.69493","POS_Y_SEZIONE":"4994201.86219","LATITUDINE_CENTRALE":"45.09410","LONGITUDINE_CENTRALE":"7.87990","POS_X_CENTRALE":"411863.54038","POS_Y_CENTRALE":"4994014.13324","TIPO_ADSL":"ADSL_M","DESCRIZIONE_TIPO_ADSL":"ADSL Mini","DISTANZA_CALCOLATA":"950.87","CLASSE_DISTANZA":"900-1299","POTENZA_SEGNALE":"0.64","POPOLAZIONE_SEZIONE": "37"}
			},
		 		{ "type" : "Feature",
				"geometry" : {
					"type" : "Point",
					"coordinates" : [7.86921,45.10958]},
			"properties" : { "ANNO":"2010","ID_SEZIONE":"7507","ISTAT_COMUNE_SEZ":"1262","COMUNE_SEZ":"SCIOLZE","PROVINCIA":"TO","ID_CENTRALE":"1320","NOME_CENTRALE":"SCIOLZE","ISTAT_COMUNE_CENTR":"1262","COMUNE_CENTR":"SCIOLZE","PROVINCIA_CENTR":"TO","INDIRIZZO_CENTRALE":"BERNOCCHI","LATITUDINE_SEZIONE":"45.10958","LONGITUDINE_SEZIONE":"7.86921","POS_X_SEZIONE":"411046.50325","POS_Y_SEZIONE":"4995744.83768","LATITUDINE_CENTRALE":"45.09410","LONGITUDINE_CENTRALE":"7.87990","POS_X_CENTRALE":"411863.54038","POS_Y_CENTRALE":"4994014.13324","TIPO_ADSL":"ADSL_M","DESCRIZIONE_TIPO_ADSL":"ADSL Mini","DISTANZA_CALCOLATA":"1913.87","CLASSE_DISTANZA":"1700-2099","POTENZA_SEGNALE":"0.64","POPOLAZIONE_SEZIONE": "88"}
			},
		 		{ "type" : "Feature",
				"geometry" : {
					"type" : "Point",
					"coordinates" : [7.87733,45.10494]},
			"properties" : { "ANNO":"2010","ID_SEZIONE":"9159","ISTAT_COMUNE_SEZ":"1262","COMUNE_SEZ":"SCIOLZE","PROVINCIA":"TO","ID_CENTRALE":"1320","NOME_CENTRALE":"SCIOLZE","ISTAT_COMUNE_CENTR":"1262","COMUNE_CENTR":"SCIOLZE","PROVINCIA_CENTR":"TO","INDIRIZZO_CENTRALE":"BERNOCCHI","LATITUDINE_SEZIONE":"45.10494","LONGITUDINE_SEZIONE":"7.87733","POS_X_SEZIONE":"411678.18069","POS_Y_SEZIONE":"4995220.84664","LATITUDINE_CENTRALE":"45.09410","LONGITUDINE_CENTRALE":"7.87990","POS_X_CENTRALE":"411863.54038","POS_Y_CENTRALE":"4994014.13324","TIPO_ADSL":"ADSL_M","DESCRIZIONE_TIPO_ADSL":"ADSL Mini","DISTANZA_CALCOLATA":"1220.87","CLASSE_DISTANZA":"900-1299","POTENZA_SEGNALE":"0.64","POPOLAZIONE_SEZIONE": "176"}
			},
		 		{ "type" : "Feature",
				"geometry" : {
					"type" : "Point",
					"coordinates" : [7.87890,45.09437]},
			"properties" : { "ANNO":"2010","ID_SEZIONE":"10028","ISTAT_COMUNE_SEZ":"1262","COMUNE_SEZ":"SCIOLZE","PROVINCIA":"TO","ID_CENTRALE":"1320","NOME_CENTRALE":"SCIOLZE","ISTAT_COMUNE_CENTR":"1262","COMUNE_CENTR":"SCIOLZE","PROVINCIA_CENTR":"TO","INDIRIZZO_CENTRALE":"BERNOCCHI","LATITUDINE_SEZIONE":"45.09437","LONGITUDINE_SEZIONE":"7.87890","POS_X_SEZIONE":"411785.34076","POS_Y_SEZIONE":"4994045.34123","LATITUDINE_CENTRALE":"45.09410","LONGITUDINE_CENTRALE":"7.87990","POS_X_CENTRALE":"411863.54038","POS_Y_CENTRALE":"4994014.13324","TIPO_ADSL":"ADSL_M","DESCRIZIONE_TIPO_ADSL":"ADSL Mini","DISTANZA_CALCOLATA":"84.20","CLASSE_DISTANZA":"0-99","POTENZA_SEGNALE":"0.64","POPOLAZIONE_SEZIONE": "266"}
			},
		 		{ "type" : "Feature",
				"geometry" : {
					"type" : "Point",
					"coordinates" : [7.90394,45.10189]},
			"properties" : { "ANNO":"2010","ID_SEZIONE":"11850","ISTAT_COMUNE_SEZ":"1262","COMUNE_SEZ":"SCIOLZE","PROVINCIA":"TO","ID_CENTRALE":"1320","NOME_CENTRALE":"SCIOLZE","ISTAT_COMUNE_CENTR":"1262","COMUNE_CENTR":"SCIOLZE","PROVINCIA_CENTR":"TO","INDIRIZZO_CENTRALE":"BERNOCCHI","LATITUDINE_SEZIONE":"45.10189","LONGITUDINE_SEZIONE":"7.90394","POS_X_SEZIONE":"413766.82991","POS_Y_SEZIONE":"4994852.88504","LATITUDINE_CENTRALE":"45.09410","LONGITUDINE_CENTRALE":"7.87990","POS_X_CENTRALE":"411863.54038","POS_Y_CENTRALE":"4994014.13324","TIPO_ADSL":"ADSL_M","DESCRIZIONE_TIPO_ADSL":"ADSL Mini","DISTANZA_CALCOLATA":"2079.91","CLASSE_DISTANZA":"1700-2099","POTENZA_SEGNALE":"0.64","POPOLAZIONE_SEZIONE": "58"}
			},
		 		{ "type" : "Feature",
				"geometry" : {
					"type" : "Point",
					"coordinates" : [7.86145,45.10880]},
			"properties" : { "ANNO":"2010","ID_SEZIONE":"15149","ISTAT_COMUNE_SEZ":"1262","COMUNE_SEZ":"SCIOLZE","PROVINCIA":"TO","ID_CENTRALE":"1320","NOME_CENTRALE":"SCIOLZE","ISTAT_COMUNE_CENTR":"1262","COMUNE_CENTR":"SCIOLZE","PROVINCIA_CENTR":"TO","INDIRIZZO_CENTRALE":"BERNOCCHI","LATITUDINE_SEZIONE":"45.10880","LONGITUDINE_SEZIONE":"7.86145","POS_X_SEZIONE":"410434.92130","POS_Y_SEZIONE":"4995666.82526","LATITUDINE_CENTRALE":"45.09410","LONGITUDINE_CENTRALE":"7.87990","POS_X_CENTRALE":"411863.54038","POS_Y_CENTRALE":"4994014.13324","TIPO_ADSL":"ADSL_M","DESCRIZIONE_TIPO_ADSL":"ADSL Mini","DISTANZA_CALCOLATA":"2184.57","CLASSE_DISTANZA":"2100-2499","POTENZA_SEGNALE":"0.64","POPOLAZIONE_SEZIONE": "81"}
			},
		 		{ "type" : "Feature",
				"geometry" : {
					"type" : "Point",
					"coordinates" : [7.87016,45.10348]},
			"properties" : { "ANNO":"2010","ID_SEZIONE":"17432","ISTAT_COMUNE_SEZ":"1262","COMUNE_SEZ":"SCIOLZE","PROVINCIA":"TO","ID_CENTRALE":"1320","NOME_CENTRALE":"SCIOLZE","ISTAT_COMUNE_CENTR":"1262","COMUNE_CENTR":"SCIOLZE","PROVINCIA_CENTR":"TO","INDIRIZZO_CENTRALE":"BERNOCCHI","LATITUDINE_SEZIONE":"45.10348","LONGITUDINE_SEZIONE":"7.87016","POS_X_SEZIONE":"411112.09864","POS_Y_SEZIONE":"4995066.83448","LATITUDINE_CENTRALE":"45.09410","LONGITUDINE_CENTRALE":"7.87990","POS_X_CENTRALE":"411863.54038","POS_Y_CENTRALE":"4994014.13324","TIPO_ADSL":"ADSL_M","DESCRIZIONE_TIPO_ADSL":"ADSL Mini","DISTANZA_CALCOLATA":"1293.38","CLASSE_DISTANZA":"900-1299","POTENZA_SEGNALE":"0.64","POPOLAZIONE_SEZIONE": "65"}
			},
		 		{ "type" : "Feature",
				"geometry" : {
					"type" : "Point",
					"coordinates" : [7.89690,45.09949]},
			"properties" : { "ANNO":"2010","ID_SEZIONE":"23116","ISTAT_COMUNE_SEZ":"1262","COMUNE_SEZ":"SCIOLZE","PROVINCIA":"TO","ID_CENTRALE":"1320","NOME_CENTRALE":"SCIOLZE","ISTAT_COMUNE_CENTR":"1262","COMUNE_CENTR":"SCIOLZE","PROVINCIA_CENTR":"TO","INDIRIZZO_CENTRALE":"BERNOCCHI","LATITUDINE_SEZIONE":"45.09949","LONGITUDINE_SEZIONE":"7.89690","POS_X_SEZIONE":"413209.62287","POS_Y_SEZIONE":"4994593.87243","LATITUDINE_CENTRALE":"45.09410","LONGITUDINE_CENTRALE":"7.87990","POS_X_CENTRALE":"411863.54038","POS_Y_CENTRALE":"4994014.13324","TIPO_ADSL":"ADSL_M","DESCRIZIONE_TIPO_ADSL":"ADSL Mini","DISTANZA_CALCOLATA":"1465.62","CLASSE_DISTANZA":"1300-1699","POTENZA_SEGNALE":"0.64","POPOLAZIONE_SEZIONE": "73"}
			},
		 		{ "type" : "Feature",
				"geometry" : {
					"type" : "Point",
					"coordinates" : [7.85452,45.09656]},
			"properties" : { "ANNO":"2010","ID_SEZIONE":"23123","ISTAT_COMUNE_SEZ":"1262","COMUNE_SEZ":"SCIOLZE","PROVINCIA":"TO","ID_CENTRALE":"1320","NOME_CENTRALE":"SCIOLZE","ISTAT_COMUNE_CENTR":"1262","COMUNE_CENTR":"SCIOLZE","PROVINCIA_CENTR":"TO","INDIRIZZO_CENTRALE":"BERNOCCHI","LATITUDINE_SEZIONE":"45.09656","LONGITUDINE_SEZIONE":"7.85452","POS_X_SEZIONE":"409870.22114","POS_Y_SEZIONE":"4994314.80529","LATITUDINE_CENTRALE":"45.09410","LONGITUDINE_CENTRALE":"7.87990","POS_X_CENTRALE":"411863.54038","POS_Y_CENTRALE":"4994014.13324","TIPO_ADSL":"ADSL_M","DESCRIZIONE_TIPO_ADSL":"ADSL Mini","DISTANZA_CALCOLATA":"2015.87","CLASSE_DISTANZA":"1700-2099","POTENZA_SEGNALE":"0.64","POPOLAZIONE_SEZIONE": "59"}
			},
		 		{ "type" : "Feature",
				"geometry" : {
					"type" : "Point",
					"coordinates" : [7.86347,45.11135]},
			"properties" : { "ANNO":"2010","ID_SEZIONE":"26542","ISTAT_COMUNE_SEZ":"1262","COMUNE_SEZ":"SCIOLZE","PROVINCIA":"TO","ID_CENTRALE":"1320","NOME_CENTRALE":"SCIOLZE","ISTAT_COMUNE_CENTR":"1262","COMUNE_CENTR":"SCIOLZE","PROVINCIA_CENTR":"TO","INDIRIZZO_CENTRALE":"BERNOCCHI","LATITUDINE_SEZIONE":"45.11135","LONGITUDINE_SEZIONE":"7.86347","POS_X_SEZIONE":"410597.63541","POS_Y_SEZIONE":"4995948.33003","LATITUDINE_CENTRALE":"45.09410","LONGITUDINE_CENTRALE":"7.87990","POS_X_CENTRALE":"411863.54038","POS_Y_CENTRALE":"4994014.13324","TIPO_ADSL":"ADSL_M","DESCRIZIONE_TIPO_ADSL":"ADSL Mini","DISTANZA_CALCOLATA":"2311.63","CLASSE_DISTANZA":"2100-2499","POTENZA_SEGNALE":"0.64","POPOLAZIONE_SEZIONE": "26"}
			}
		 		]
	}
		