 	{ "type" : "FeatureCollection",
		"features" : [
		 		{ "type" : "Feature",
				"geometry" : {
					"type" : "Point",
					"coordinates" : [7.77075,44.25344]},
			"properties" : { "ANNO":"2010","ID_SEZIONE":"4551","ISTAT_COMUNE_SEZ":"4091","COMUNE_SEZ":"FRABOSA SOTTANA","PROVINCIA":"CN","ID_CENTRALE":"1056","NOME_CENTRALE":"PRATO NEVOSO","ISTAT_COMUNE_CENTR":"4091","COMUNE_CENTR":"FRABOSA SOTTANA","PROVINCIA_CENTR":"CN","INDIRIZZO_CENTRALE":"GALASSIA","LATITUDINE_SEZIONE":"44.25344","LONGITUDINE_SEZIONE":"7.77075","POS_X_SEZIONE":"401865.84916","POS_Y_SEZIONE":"4900756.77948","LATITUDINE_CENTRALE":"44.25594","LONGITUDINE_CENTRALE":"7.78128","POS_X_CENTRALE":"402710.61884","POS_Y_CENTRALE":"4901022.64836","TIPO_ADSL":"ADSL_1","DESCRIZIONE_TIPO_ADSL":"ADSL (8 mega)","DISTANZA_CALCOLATA":"885.62","CLASSE_DISTANZA":"500-899","POTENZA_SEGNALE":"7000","POPOLAZIONE_SEZIONE": "13"}
			},
		 		{ "type" : "Feature",
				"geometry" : {
					"type" : "Point",
					"coordinates" : [7.77984,44.25571]},
			"properties" : { "ANNO":"2010","ID_SEZIONE":"6392","ISTAT_COMUNE_SEZ":"4091","COMUNE_SEZ":"FRABOSA SOTTANA","PROVINCIA":"CN","ID_CENTRALE":"1056","NOME_CENTRALE":"PRATO NEVOSO","ISTAT_COMUNE_CENTR":"4091","COMUNE_CENTR":"FRABOSA SOTTANA","PROVINCIA_CENTR":"CN","INDIRIZZO_CENTRALE":"GALASSIA","LATITUDINE_SEZIONE":"44.25571","LONGITUDINE_SEZIONE":"7.77984","POS_X_SEZIONE":"402595.83726","POS_Y_SEZIONE":"4900998.78754","LATITUDINE_CENTRALE":"44.25594","LONGITUDINE_CENTRALE":"7.78128","POS_X_CENTRALE":"402710.61884","POS_Y_CENTRALE":"4901022.64836","TIPO_ADSL":"ADSL_1","DESCRIZIONE_TIPO_ADSL":"ADSL (8 mega)","DISTANZA_CALCOLATA":"117.24","CLASSE_DISTANZA":"100-499","POTENZA_SEGNALE":"7000","POPOLAZIONE_SEZIONE": "52"}
			},
		 		{ "type" : "Feature",
				"geometry" : {
					"type" : "Point",
					"coordinates" : [7.75748,44.24639]},
			"properties" : { "ANNO":"2010","ID_SEZIONE":"7481","ISTAT_COMUNE_SEZ":"4091","COMUNE_SEZ":"FRABOSA SOTTANA","PROVINCIA":"CN","ID_CENTRALE":"1056","NOME_CENTRALE":"PRATO NEVOSO","ISTAT_COMUNE_CENTR":"4091","COMUNE_CENTR":"FRABOSA SOTTANA","PROVINCIA_CENTR":"CN","INDIRIZZO_CENTRALE":"GALASSIA","LATITUDINE_SEZIONE":"44.24639","LONGITUDINE_SEZIONE":"7.75748","POS_X_SEZIONE":"400795.24590","POS_Y_SEZIONE":"4899989.77020","LATITUDINE_CENTRALE":"44.25594","LONGITUDINE_CENTRALE":"7.78128","POS_X_CENTRALE":"402710.61884","POS_Y_CENTRALE":"4901022.64836","TIPO_ADSL":"ADSL_1","DESCRIZIONE_TIPO_ADSL":"ADSL (8 mega)","DISTANZA_CALCOLATA":"2176.12","CLASSE_DISTANZA":"2100-2499","POTENZA_SEGNALE":"6500.38","POPOLAZIONE_SEZIONE": "16"}
			},
		 		{ "type" : "Feature",
				"geometry" : {
					"type" : "Point",
					"coordinates" : [7.78911,44.25430]},
			"properties" : { "ANNO":"2010","ID_SEZIONE":"18470","ISTAT_COMUNE_SEZ":"4091","COMUNE_SEZ":"FRABOSA SOTTANA","PROVINCIA":"CN","ID_CENTRALE":"1056","NOME_CENTRALE":"PRATO NEVOSO","ISTAT_COMUNE_CENTR":"4091","COMUNE_CENTR":"FRABOSA SOTTANA","PROVINCIA_CENTR":"CN","INDIRIZZO_CENTRALE":"GALASSIA","LATITUDINE_SEZIONE":"44.25430","LONGITUDINE_SEZIONE":"7.78911","POS_X_SEZIONE":"403333.39425","POS_Y_SEZIONE":"4900830.79830","LATITUDINE_CENTRALE":"44.25594","LONGITUDINE_CENTRALE":"7.78128","POS_X_CENTRALE":"402710.61884","POS_Y_CENTRALE":"4901022.64836","TIPO_ADSL":"ADSL_1","DESCRIZIONE_TIPO_ADSL":"ADSL (8 mega)","DISTANZA_CALCOLATA":"651.66","CLASSE_DISTANZA":"500-899","POTENZA_SEGNALE":"7000","POPOLAZIONE_SEZIONE": "8"}
			},
		 		{ "type" : "Feature",
				"geometry" : {
					"type" : "Point",
					"coordinates" : [7.78552,44.25581]},
			"properties" : { "ANNO":"2010","ID_SEZIONE":"20814","ISTAT_COMUNE_SEZ":"4091","COMUNE_SEZ":"FRABOSA SOTTANA","PROVINCIA":"CN","ID_CENTRALE":"1056","NOME_CENTRALE":"PRATO NEVOSO","ISTAT_COMUNE_CENTR":"4091","COMUNE_CENTR":"FRABOSA SOTTANA","PROVINCIA_CENTR":"CN","INDIRIZZO_CENTRALE":"GALASSIA","LATITUDINE_SEZIONE":"44.25581","LONGITUDINE_SEZIONE":"7.78552","POS_X_SEZIONE":"403049.11342","POS_Y_SEZIONE":"4901002.79343","LATITUDINE_CENTRALE":"44.25594","LONGITUDINE_CENTRALE":"7.78128","POS_X_CENTRALE":"402710.61884","POS_Y_CENTRALE":"4901022.64836","TIPO_ADSL":"ADSL_1","DESCRIZIONE_TIPO_ADSL":"ADSL (8 mega)","DISTANZA_CALCOLATA":"339.08","CLASSE_DISTANZA":"100-499","POTENZA_SEGNALE":"7000","POPOLAZIONE_SEZIONE": ""}
			}
		 		]
	}
		