 	{ "type" : "FeatureCollection",
		"features" : [
		 		{ "type" : "Feature",
				"geometry" : {
					"type" : "Point",
					"coordinates" : [7.76419,45.13399]},
			"properties" : { "ANNO":"2010","ID_SEZIONE":"279","ISTAT_COMUNE_SEZ":"1265","COMUNE_SEZ":"SETTIMO TORINESE","PROVINCIA":"TO","ID_CENTRALE":"1496","NOME_CENTRALE":"TORINO SETTIMO SUD","ISTAT_COMUNE_CENTR":"1265","COMUNE_CENTR":"SETTIMO TORINESE","PROVINCIA_CENTR":"TO","INDIRIZZO_CENTRALE":"VIA SAN BERNARDINO","LATITUDINE_SEZIONE":"45.13399","LONGITUDINE_SEZIONE":"7.76419","POS_X_SEZIONE":"402826.40520","POS_Y_SEZIONE":"4998577.75058","LATITUDINE_CENTRALE":"45.13148","LONGITUDINE_CENTRALE":"7.76615","POS_X_CENTRALE":"402976.59375","POS_Y_CENTRALE":"4998297.00000","TIPO_ADSL":"ADSL_2P","DESCRIZIONE_TIPO_ADSL":"ADSL 2+ (24 mega)","DISTANZA_CALCOLATA":"318.40","CLASSE_DISTANZA":"100-499","POTENZA_SEGNALE":"19761.67","POPOLAZIONE_SEZIONE": "160"}
			},
		 		{ "type" : "Feature",
				"geometry" : {
					"type" : "Point",
					"coordinates" : [7.76550,45.13157]},
			"properties" : { "ANNO":"2010","ID_SEZIONE":"613","ISTAT_COMUNE_SEZ":"1265","COMUNE_SEZ":"SETTIMO TORINESE","PROVINCIA":"TO","ID_CENTRALE":"1496","NOME_CENTRALE":"TORINO SETTIMO SUD","ISTAT_COMUNE_CENTR":"1265","COMUNE_CENTR":"SETTIMO TORINESE","PROVINCIA_CENTR":"TO","INDIRIZZO_CENTRALE":"VIA SAN BERNARDINO","LATITUDINE_SEZIONE":"45.13157","LONGITUDINE_SEZIONE":"7.76550","POS_X_SEZIONE":"402925.21608","POS_Y_SEZIONE":"4998307.24920","LATITUDINE_CENTRALE":"45.13148","LONGITUDINE_CENTRALE":"7.76615","POS_X_CENTRALE":"402976.59375","POS_Y_CENTRALE":"4998297.00000","TIPO_ADSL":"ADSL_2P","DESCRIZIONE_TIPO_ADSL":"ADSL 2+ (24 mega)","DISTANZA_CALCOLATA":"52.39","CLASSE_DISTANZA":"0-99","POTENZA_SEGNALE":"19761.67","POPOLAZIONE_SEZIONE": "66"}
			},
		 		{ "type" : "Feature",
				"geometry" : {
					"type" : "Point",
					"coordinates" : [7.77077,45.13526]},
			"properties" : { "ANNO":"2010","ID_SEZIONE":"1049","ISTAT_COMUNE_SEZ":"1265","COMUNE_SEZ":"SETTIMO TORINESE","PROVINCIA":"TO","ID_CENTRALE":"1496","NOME_CENTRALE":"TORINO SETTIMO SUD","ISTAT_COMUNE_CENTR":"1265","COMUNE_CENTR":"SETTIMO TORINESE","PROVINCIA_CENTR":"TO","INDIRIZZO_CENTRALE":"VIA SAN BERNARDINO","LATITUDINE_SEZIONE":"45.13526","LONGITUDINE_SEZIONE":"7.77077","POS_X_SEZIONE":"403345.92750","POS_Y_SEZIONE":"4998710.75640","LATITUDINE_CENTRALE":"45.13148","LONGITUDINE_CENTRALE":"7.76615","POS_X_CENTRALE":"402976.59375","POS_Y_CENTRALE":"4998297.00000","TIPO_ADSL":"ADSL_2P","DESCRIZIONE_TIPO_ADSL":"ADSL 2+ (24 mega)","DISTANZA_CALCOLATA":"554.62","CLASSE_DISTANZA":"500-899","POTENZA_SEGNALE":"19523.33","POPOLAZIONE_SEZIONE": "34"}
			},
		 		{ "type" : "Feature",
				"geometry" : {
					"type" : "Point",
					"coordinates" : [7.76773,45.13329]},
			"properties" : { "ANNO":"2010","ID_SEZIONE":"1884","ISTAT_COMUNE_SEZ":"1265","COMUNE_SEZ":"SETTIMO TORINESE","PROVINCIA":"TO","ID_CENTRALE":"1496","NOME_CENTRALE":"TORINO SETTIMO SUD","ISTAT_COMUNE_CENTR":"1265","COMUNE_CENTR":"SETTIMO TORINESE","PROVINCIA_CENTR":"TO","INDIRIZZO_CENTRALE":"VIA SAN BERNARDINO","LATITUDINE_SEZIONE":"45.13329","LONGITUDINE_SEZIONE":"7.76773","POS_X_SEZIONE":"403103.65115","POS_Y_SEZIONE":"4998495.75275","LATITUDINE_CENTRALE":"45.13148","LONGITUDINE_CENTRALE":"7.76615","POS_X_CENTRALE":"402976.59375","POS_Y_CENTRALE":"4998297.00000","TIPO_ADSL":"ADSL_2P","DESCRIZIONE_TIPO_ADSL":"ADSL 2+ (24 mega)","DISTANZA_CALCOLATA":"235.89","CLASSE_DISTANZA":"100-499","POTENZA_SEGNALE":"19761.67","POPOLAZIONE_SEZIONE": "293"}
			},
		 		{ "type" : "Feature",
				"geometry" : {
					"type" : "Point",
					"coordinates" : [7.76414,45.13198]},
			"properties" : { "ANNO":"2010","ID_SEZIONE":"2631","ISTAT_COMUNE_SEZ":"1265","COMUNE_SEZ":"SETTIMO TORINESE","PROVINCIA":"TO","ID_CENTRALE":"1496","NOME_CENTRALE":"TORINO SETTIMO SUD","ISTAT_COMUNE_CENTR":"1265","COMUNE_CENTR":"SETTIMO TORINESE","PROVINCIA_CENTR":"TO","INDIRIZZO_CENTRALE":"VIA SAN BERNARDINO","LATITUDINE_SEZIONE":"45.13198","LONGITUDINE_SEZIONE":"7.76414","POS_X_SEZIONE":"402818.93665","POS_Y_SEZIONE":"4998354.24875","LATITUDINE_CENTRALE":"45.13148","LONGITUDINE_CENTRALE":"7.76615","POS_X_CENTRALE":"402976.59375","POS_Y_CENTRALE":"4998297.00000","TIPO_ADSL":"ADSL_2P","DESCRIZIONE_TIPO_ADSL":"ADSL 2+ (24 mega)","DISTANZA_CALCOLATA":"167.73","CLASSE_DISTANZA":"100-499","POTENZA_SEGNALE":"19761.67","POPOLAZIONE_SEZIONE": "112"}
			},
		 		{ "type" : "Feature",
				"geometry" : {
					"type" : "Point",
					"coordinates" : [7.76787,45.11834]},
			"properties" : { "ANNO":"2010","ID_SEZIONE":"2719","ISTAT_COMUNE_SEZ":"1265","COMUNE_SEZ":"SETTIMO TORINESE","PROVINCIA":"TO","ID_CENTRALE":"1496","NOME_CENTRALE":"TORINO SETTIMO SUD","ISTAT_COMUNE_CENTR":"1265","COMUNE_CENTR":"SETTIMO TORINESE","PROVINCIA_CENTR":"TO","INDIRIZZO_CENTRALE":"VIA SAN BERNARDINO","LATITUDINE_SEZIONE":"45.11834","LONGITUDINE_SEZIONE":"7.76787","POS_X_SEZIONE":"403089.18715","POS_Y_SEZIONE":"4996835.23845","LATITUDINE_CENTRALE":"45.13148","LONGITUDINE_CENTRALE":"7.76615","POS_X_CENTRALE":"402976.59375","POS_Y_CENTRALE":"4998297.00000","TIPO_ADSL":"ADSL_2P","DESCRIZIONE_TIPO_ADSL":"ADSL 2+ (24 mega)","DISTANZA_CALCOLATA":"1466.09","CLASSE_DISTANZA":"1300-1699","POTENZA_SEGNALE":"16071.67","POPOLAZIONE_SEZIONE": "4"}
			},
		 		{ "type" : "Feature",
				"geometry" : {
					"type" : "Point",
					"coordinates" : [7.76628,45.13515]},
			"properties" : { "ANNO":"2010","ID_SEZIONE":"3097","ISTAT_COMUNE_SEZ":"1265","COMUNE_SEZ":"SETTIMO TORINESE","PROVINCIA":"TO","ID_CENTRALE":"1496","NOME_CENTRALE":"TORINO SETTIMO SUD","ISTAT_COMUNE_CENTR":"1265","COMUNE_CENTR":"SETTIMO TORINESE","PROVINCIA_CENTR":"TO","INDIRIZZO_CENTRALE":"VIA SAN BERNARDINO","LATITUDINE_SEZIONE":"45.13515","LONGITUDINE_SEZIONE":"7.76628","POS_X_SEZIONE":"402992.83899","POS_Y_SEZIONE":"4998704.25349","LATITUDINE_CENTRALE":"45.13148","LONGITUDINE_CENTRALE":"7.76615","POS_X_CENTRALE":"402976.59375","POS_Y_CENTRALE":"4998297.00000","TIPO_ADSL":"ADSL_2P","DESCRIZIONE_TIPO_ADSL":"ADSL 2+ (24 mega)","DISTANZA_CALCOLATA":"407.58","CLASSE_DISTANZA":"100-499","POTENZA_SEGNALE":"19761.67","POPOLAZIONE_SEZIONE": "146"}
			},
		 		{ "type" : "Feature",
				"geometry" : {
					"type" : "Point",
					"coordinates" : [7.77295,45.13037]},
			"properties" : { "ANNO":"2010","ID_SEZIONE":"3099","ISTAT_COMUNE_SEZ":"1265","COMUNE_SEZ":"SETTIMO TORINESE","PROVINCIA":"TO","ID_CENTRALE":"1496","NOME_CENTRALE":"TORINO SETTIMO SUD","ISTAT_COMUNE_CENTR":"1265","COMUNE_CENTR":"SETTIMO TORINESE","PROVINCIA_CENTR":"TO","INDIRIZZO_CENTRALE":"VIA SAN BERNARDINO","LATITUDINE_SEZIONE":"45.13037","LONGITUDINE_SEZIONE":"7.77295","POS_X_SEZIONE":"403509.23963","POS_Y_SEZIONE":"4998164.75346","LATITUDINE_CENTRALE":"45.13148","LONGITUDINE_CENTRALE":"7.76615","POS_X_CENTRALE":"402976.59375","POS_Y_CENTRALE":"4998297.00000","TIPO_ADSL":"ADSL_2P","DESCRIZIONE_TIPO_ADSL":"ADSL 2+ (24 mega)","DISTANZA_CALCOLATA":"548.82","CLASSE_DISTANZA":"500-899","POTENZA_SEGNALE":"19523.33","POPOLAZIONE_SEZIONE": "156"}
			},
		 		{ "type" : "Feature",
				"geometry" : {
					"type" : "Point",
					"coordinates" : [7.76840,45.13090]},
			"properties" : { "ANNO":"2010","ID_SEZIONE":"3100","ISTAT_COMUNE_SEZ":"1265","COMUNE_SEZ":"SETTIMO TORINESE","PROVINCIA":"TO","ID_CENTRALE":"1496","NOME_CENTRALE":"TORINO SETTIMO SUD","ISTAT_COMUNE_CENTR":"1265","COMUNE_CENTR":"SETTIMO TORINESE","PROVINCIA_CENTR":"TO","INDIRIZZO_CENTRALE":"VIA SAN BERNARDINO","LATITUDINE_SEZIONE":"45.13090","LONGITUDINE_SEZIONE":"7.76840","POS_X_SEZIONE":"403152.61985","POS_Y_SEZIONE":"4998229.75083","LATITUDINE_CENTRALE":"45.13148","LONGITUDINE_CENTRALE":"7.76615","POS_X_CENTRALE":"402976.59375","POS_Y_CENTRALE":"4998297.00000","TIPO_ADSL":"ADSL_2P","DESCRIZIONE_TIPO_ADSL":"ADSL 2+ (24 mega)","DISTANZA_CALCOLATA":"188.43","CLASSE_DISTANZA":"100-499","POTENZA_SEGNALE":"19761.67","POPOLAZIONE_SEZIONE": "713"}
			},
		 		{ "type" : "Feature",
				"geometry" : {
					"type" : "Point",
					"coordinates" : [7.75316,45.13713]},
			"properties" : { "ANNO":"2010","ID_SEZIONE":"3574","ISTAT_COMUNE_SEZ":"1265","COMUNE_SEZ":"SETTIMO TORINESE","PROVINCIA":"TO","ID_CENTRALE":"1496","NOME_CENTRALE":"TORINO SETTIMO SUD","ISTAT_COMUNE_CENTR":"1265","COMUNE_CENTR":"SETTIMO TORINESE","PROVINCIA_CENTR":"TO","INDIRIZZO_CENTRALE":"VIA SAN BERNARDINO","LATITUDINE_SEZIONE":"45.13713","LONGITUDINE_SEZIONE":"7.75316","POS_X_SEZIONE":"401964.57403","POS_Y_SEZIONE":"4998940.24658","LATITUDINE_CENTRALE":"45.13148","LONGITUDINE_CENTRALE":"7.76615","POS_X_CENTRALE":"402976.59375","POS_Y_CENTRALE":"4998297.00000","TIPO_ADSL":"ADSL_2P","DESCRIZIONE_TIPO_ADSL":"ADSL 2+ (24 mega)","DISTANZA_CALCOLATA":"1199.15","CLASSE_DISTANZA":"900-1299","POTENZA_SEGNALE":"17737.5","POPOLAZIONE_SEZIONE": "53"}
			},
		 		{ "type" : "Feature",
				"geometry" : {
					"type" : "Point",
					"coordinates" : [7.75436,45.13704]},
			"properties" : { "ANNO":"2010","ID_SEZIONE":"3575","ISTAT_COMUNE_SEZ":"1265","COMUNE_SEZ":"SETTIMO TORINESE","PROVINCIA":"TO","ID_CENTRALE":"1496","NOME_CENTRALE":"TORINO SETTIMO SUD","ISTAT_COMUNE_CENTR":"1265","COMUNE_CENTR":"SETTIMO TORINESE","PROVINCIA_CENTR":"TO","INDIRIZZO_CENTRALE":"VIA SAN BERNARDINO","LATITUDINE_SEZIONE":"45.13704","LONGITUDINE_SEZIONE":"7.75436","POS_X_SEZIONE":"402058.44769","POS_Y_SEZIONE":"4998928.24735","LATITUDINE_CENTRALE":"45.13148","LONGITUDINE_CENTRALE":"7.76615","POS_X_CENTRALE":"402976.59375","POS_Y_CENTRALE":"4998297.00000","TIPO_ADSL":"ADSL_2P","DESCRIZIONE_TIPO_ADSL":"ADSL 2+ (24 mega)","DISTANZA_CALCOLATA":"1114.21","CLASSE_DISTANZA":"900-1299","POTENZA_SEGNALE":"17737.5","POPOLAZIONE_SEZIONE": "128"}
			},
		 		{ "type" : "Feature",
				"geometry" : {
					"type" : "Point",
					"coordinates" : [7.77202,45.13386]},
			"properties" : { "ANNO":"2010","ID_SEZIONE":"3577","ISTAT_COMUNE_SEZ":"1265","COMUNE_SEZ":"SETTIMO TORINESE","PROVINCIA":"TO","ID_CENTRALE":"1496","NOME_CENTRALE":"TORINO SETTIMO SUD","ISTAT_COMUNE_CENTR":"1265","COMUNE_CENTR":"SETTIMO TORINESE","PROVINCIA_CENTR":"TO","INDIRIZZO_CENTRALE":"VIA SAN BERNARDINO","LATITUDINE_SEZIONE":"45.13386","LONGITUDINE_SEZIONE":"7.77202","POS_X_SEZIONE":"403442.20756","POS_Y_SEZIONE":"4998554.25592","LATITUDINE_CENTRALE":"45.13148","LONGITUDINE_CENTRALE":"7.76615","POS_X_CENTRALE":"402976.59375","POS_Y_CENTRALE":"4998297.00000","TIPO_ADSL":"ADSL_2P","DESCRIZIONE_TIPO_ADSL":"ADSL 2+ (24 mega)","DISTANZA_CALCOLATA":"531.96","CLASSE_DISTANZA":"500-899","POTENZA_SEGNALE":"19523.33","POPOLAZIONE_SEZIONE": "47"}
			},
		 		{ "type" : "Feature",
				"geometry" : {
					"type" : "Point",
					"coordinates" : [7.76029,45.13160]},
			"properties" : { "ANNO":"2010","ID_SEZIONE":"3578","ISTAT_COMUNE_SEZ":"1265","COMUNE_SEZ":"SETTIMO TORINESE","PROVINCIA":"TO","ID_CENTRALE":"1496","NOME_CENTRALE":"TORINO SETTIMO SUD","ISTAT_COMUNE_CENTR":"1265","COMUNE_CENTR":"SETTIMO TORINESE","PROVINCIA_CENTR":"TO","INDIRIZZO_CENTRALE":"VIA SAN BERNARDINO","LATITUDINE_SEZIONE":"45.13160","LONGITUDINE_SEZIONE":"7.76029","POS_X_SEZIONE":"402516.19156","POS_Y_SEZIONE":"4998317.24600","LATITUDINE_CENTRALE":"45.13148","LONGITUDINE_CENTRALE":"7.76615","POS_X_CENTRALE":"402976.59375","POS_Y_CENTRALE":"4998297.00000","TIPO_ADSL":"ADSL_2P","DESCRIZIONE_TIPO_ADSL":"ADSL 2+ (24 mega)","DISTANZA_CALCOLATA":"460.85","CLASSE_DISTANZA":"100-499","POTENZA_SEGNALE":"19761.67","POPOLAZIONE_SEZIONE": "135"}
			},
		 		{ "type" : "Feature",
				"geometry" : {
					"type" : "Point",
					"coordinates" : [7.76053,45.13076]},
			"properties" : { "ANNO":"2010","ID_SEZIONE":"3579","ISTAT_COMUNE_SEZ":"1265","COMUNE_SEZ":"SETTIMO TORINESE","PROVINCIA":"TO","ID_CENTRALE":"1496","NOME_CENTRALE":"TORINO SETTIMO SUD","ISTAT_COMUNE_CENTR":"1265","COMUNE_CENTR":"SETTIMO TORINESE","PROVINCIA_CENTR":"TO","INDIRIZZO_CENTRALE":"VIA SAN BERNARDINO","LATITUDINE_SEZIONE":"45.13076","LONGITUDINE_SEZIONE":"7.76053","POS_X_SEZIONE":"402533.06657","POS_Y_SEZIONE":"4998223.24536","LATITUDINE_CENTRALE":"45.13148","LONGITUDINE_CENTRALE":"7.76615","POS_X_CENTRALE":"402976.59375","POS_Y_CENTRALE":"4998297.00000","TIPO_ADSL":"ADSL_2P","DESCRIZIONE_TIPO_ADSL":"ADSL 2+ (24 mega)","DISTANZA_CALCOLATA":"449.62","CLASSE_DISTANZA":"100-499","POTENZA_SEGNALE":"19761.67","POPOLAZIONE_SEZIONE": "224"}
			},
		 		{ "type" : "Feature",
				"geometry" : {
					"type" : "Point",
					"coordinates" : [7.71910,45.12815]},
			"properties" : { "ANNO":"2010","ID_SEZIONE":"3581","ISTAT_COMUNE_SEZ":"1265","COMUNE_SEZ":"SETTIMO TORINESE","PROVINCIA":"TO","ID_CENTRALE":"1496","NOME_CENTRALE":"TORINO SETTIMO SUD","ISTAT_COMUNE_CENTR":"1265","COMUNE_CENTR":"SETTIMO TORINESE","PROVINCIA_CENTR":"TO","INDIRIZZO_CENTRALE":"VIA SAN BERNARDINO","LATITUDINE_SEZIONE":"45.12815","LONGITUDINE_SEZIONE":"7.71910","POS_X_SEZIONE":"399270.74183","POS_Y_SEZIONE":"4997984.71378","LATITUDINE_CENTRALE":"45.13148","LONGITUDINE_CENTRALE":"7.76615","POS_X_CENTRALE":"402976.59375","POS_Y_CENTRALE":"4998297.00000","TIPO_ADSL":"ADSL_2P","DESCRIZIONE_TIPO_ADSL":"ADSL 2+ (24 mega)","DISTANZA_CALCOLATA":"3718.99","CLASSE_DISTANZA":"3700-4099","POTENZA_SEGNALE":"2857.5","POPOLAZIONE_SEZIONE": ""}
			},
		 		{ "type" : "Feature",
				"geometry" : {
					"type" : "Point",
					"coordinates" : [7.72005,45.12696]},
			"properties" : { "ANNO":"2010","ID_SEZIONE":"3582","ISTAT_COMUNE_SEZ":"1265","COMUNE_SEZ":"SETTIMO TORINESE","PROVINCIA":"TO","ID_CENTRALE":"1496","NOME_CENTRALE":"TORINO SETTIMO SUD","ISTAT_COMUNE_CENTR":"1265","COMUNE_CENTR":"SETTIMO TORINESE","PROVINCIA_CENTR":"TO","INDIRIZZO_CENTRALE":"VIA SAN BERNARDINO","LATITUDINE_SEZIONE":"45.12696","LONGITUDINE_SEZIONE":"7.72005","POS_X_SEZIONE":"399343.30350","POS_Y_SEZIONE":"4997851.21336","LATITUDINE_CENTRALE":"45.13148","LONGITUDINE_CENTRALE":"7.76615","POS_X_CENTRALE":"402976.59375","POS_Y_CENTRALE":"4998297.00000","TIPO_ADSL":"ADSL_2P","DESCRIZIONE_TIPO_ADSL":"ADSL 2+ (24 mega)","DISTANZA_CALCOLATA":"3660.54","CLASSE_DISTANZA":"3300-3699","POTENZA_SEGNALE":"4047.5","POPOLAZIONE_SEZIONE": ""}
			},
		 		{ "type" : "Feature",
				"geometry" : {
					"type" : "Point",
					"coordinates" : [7.75868,45.13680]},
			"properties" : { "ANNO":"2010","ID_SEZIONE":"4180","ISTAT_COMUNE_SEZ":"1265","COMUNE_SEZ":"SETTIMO TORINESE","PROVINCIA":"TO","ID_CENTRALE":"1496","NOME_CENTRALE":"TORINO SETTIMO SUD","ISTAT_COMUNE_CENTR":"1265","COMUNE_CENTR":"SETTIMO TORINESE","PROVINCIA_CENTR":"TO","INDIRIZZO_CENTRALE":"VIA SAN BERNARDINO","LATITUDINE_SEZIONE":"45.13680","LONGITUDINE_SEZIONE":"7.75868","POS_X_SEZIONE":"402397.94209","POS_Y_SEZIONE":"4998896.24991","LATITUDINE_CENTRALE":"45.13148","LONGITUDINE_CENTRALE":"7.76615","POS_X_CENTRALE":"402976.59375","POS_Y_CENTRALE":"4998297.00000","TIPO_ADSL":"ADSL_2P","DESCRIZIONE_TIPO_ADSL":"ADSL 2+ (24 mega)","DISTANZA_CALCOLATA":"833.03","CLASSE_DISTANZA":"500-899","POTENZA_SEGNALE":"19523.33","POPOLAZIONE_SEZIONE": "43"}
			},
		 		{ "type" : "Feature",
				"geometry" : {
					"type" : "Point",
					"coordinates" : [7.76985,45.13483]},
			"properties" : { "ANNO":"2010","ID_SEZIONE":"4994","ISTAT_COMUNE_SEZ":"1265","COMUNE_SEZ":"SETTIMO TORINESE","PROVINCIA":"TO","ID_CENTRALE":"1496","NOME_CENTRALE":"TORINO SETTIMO SUD","ISTAT_COMUNE_CENTR":"1265","COMUNE_CENTR":"SETTIMO TORINESE","PROVINCIA_CENTR":"TO","INDIRIZZO_CENTRALE":"VIA SAN BERNARDINO","LATITUDINE_SEZIONE":"45.13483","LONGITUDINE_SEZIONE":"7.76985","POS_X_SEZIONE":"403272.89787","POS_Y_SEZIONE":"4998664.75525","LATITUDINE_CENTRALE":"45.13148","LONGITUDINE_CENTRALE":"7.76615","POS_X_CENTRALE":"402976.59375","POS_Y_CENTRALE":"4998297.00000","TIPO_ADSL":"ADSL_2P","DESCRIZIONE_TIPO_ADSL":"ADSL 2+ (24 mega)","DISTANZA_CALCOLATA":"472.27","CLASSE_DISTANZA":"100-499","POTENZA_SEGNALE":"19761.67","POPOLAZIONE_SEZIONE": "110"}
			},
		 		{ "type" : "Feature",
				"geometry" : {
					"type" : "Point",
					"coordinates" : [7.75108,45.12472]},
			"properties" : { "ANNO":"2010","ID_SEZIONE":"4996","ISTAT_COMUNE_SEZ":"1265","COMUNE_SEZ":"SETTIMO TORINESE","PROVINCIA":"TO","ID_CENTRALE":"1496","NOME_CENTRALE":"TORINO SETTIMO SUD","ISTAT_COMUNE_CENTR":"1265","COMUNE_CENTR":"SETTIMO TORINESE","PROVINCIA_CENTR":"TO","INDIRIZZO_CENTRALE":"VIA SAN BERNARDINO","LATITUDINE_SEZIONE":"45.12472","LONGITUDINE_SEZIONE":"7.75108","POS_X_SEZIONE":"401779.86030","POS_Y_SEZIONE":"4997563.73253","LATITUDINE_CENTRALE":"45.13148","LONGITUDINE_CENTRALE":"7.76615","POS_X_CENTRALE":"402976.59375","POS_Y_CENTRALE":"4998297.00000","TIPO_ADSL":"ADSL_2P","DESCRIZIONE_TIPO_ADSL":"ADSL 2+ (24 mega)","DISTANZA_CALCOLATA":"1403.51","CLASSE_DISTANZA":"1300-1699","POTENZA_SEGNALE":"16071.67","POPOLAZIONE_SEZIONE": ""}
			},
		 		{ "type" : "Feature",
				"geometry" : {
					"type" : "Point",
					"coordinates" : [7.75210,45.12812]},
			"properties" : { "ANNO":"2010","ID_SEZIONE":"5838","ISTAT_COMUNE_SEZ":"1265","COMUNE_SEZ":"SETTIMO TORINESE","PROVINCIA":"TO","ID_CENTRALE":"1496","NOME_CENTRALE":"TORINO SETTIMO SUD","ISTAT_COMUNE_CENTR":"1265","COMUNE_CENTR":"SETTIMO TORINESE","PROVINCIA_CENTR":"TO","INDIRIZZO_CENTRALE":"VIA SAN BERNARDINO","LATITUDINE_SEZIONE":"45.12812","LONGITUDINE_SEZIONE":"7.75210","POS_X_SEZIONE":"401865.76571","POS_Y_SEZIONE":"4997940.73656","LATITUDINE_CENTRALE":"45.13148","LONGITUDINE_CENTRALE":"7.76615","POS_X_CENTRALE":"402976.59375","POS_Y_CENTRALE":"4998297.00000","TIPO_ADSL":"ADSL_2P","DESCRIZIONE_TIPO_ADSL":"ADSL 2+ (24 mega)","DISTANZA_CALCOLATA":"1166.56","CLASSE_DISTANZA":"900-1299","POTENZA_SEGNALE":"17737.5","POPOLAZIONE_SEZIONE": ""}
			},
		 		{ "type" : "Feature",
				"geometry" : {
					"type" : "Point",
					"coordinates" : [7.75862,45.13154]},
			"properties" : { "ANNO":"2010","ID_SEZIONE":"6796","ISTAT_COMUNE_SEZ":"1265","COMUNE_SEZ":"SETTIMO TORINESE","PROVINCIA":"TO","ID_CENTRALE":"1496","NOME_CENTRALE":"TORINO SETTIMO SUD","ISTAT_COMUNE_CENTR":"1265","COMUNE_CENTR":"SETTIMO TORINESE","PROVINCIA_CENTR":"TO","INDIRIZZO_CENTRALE":"VIA SAN BERNARDINO","LATITUDINE_SEZIONE":"45.13154","LONGITUDINE_SEZIONE":"7.75862","POS_X_SEZIONE":"402384.50670","POS_Y_SEZIONE":"4998312.24479","LATITUDINE_CENTRALE":"45.13148","LONGITUDINE_CENTRALE":"7.76615","POS_X_CENTRALE":"402976.59375","POS_Y_CENTRALE":"4998297.00000","TIPO_ADSL":"ADSL_2P","DESCRIZIONE_TIPO_ADSL":"ADSL 2+ (24 mega)","DISTANZA_CALCOLATA":"592.28","CLASSE_DISTANZA":"500-899","POTENZA_SEGNALE":"19523.33","POPOLAZIONE_SEZIONE": "174"}
			},
		 		{ "type" : "Feature",
				"geometry" : {
					"type" : "Point",
					"coordinates" : [7.75693,45.13228]},
			"properties" : { "ANNO":"2010","ID_SEZIONE":"7458","ISTAT_COMUNE_SEZ":"1265","COMUNE_SEZ":"SETTIMO TORINESE","PROVINCIA":"TO","ID_CENTRALE":"1496","NOME_CENTRALE":"TORINO SETTIMO SUD","ISTAT_COMUNE_CENTR":"1265","COMUNE_CENTR":"SETTIMO TORINESE","PROVINCIA_CENTR":"TO","INDIRIZZO_CENTRALE":"VIA SAN BERNARDINO","LATITUDINE_SEZIONE":"45.13228","LONGITUDINE_SEZIONE":"7.75693","POS_X_SEZIONE":"402252.78958","POS_Y_SEZIONE":"4998396.74424","LATITUDINE_CENTRALE":"45.13148","LONGITUDINE_CENTRALE":"7.76615","POS_X_CENTRALE":"402976.59375","POS_Y_CENTRALE":"4998297.00000","TIPO_ADSL":"ADSL_2P","DESCRIZIONE_TIPO_ADSL":"ADSL 2+ (24 mega)","DISTANZA_CALCOLATA":"730.64","CLASSE_DISTANZA":"500-899","POTENZA_SEGNALE":"19523.33","POPOLAZIONE_SEZIONE": "551"}
			},
		 		{ "type" : "Feature",
				"geometry" : {
					"type" : "Point",
					"coordinates" : [7.76363,45.13252]},
			"properties" : { "ANNO":"2010","ID_SEZIONE":"7460","ISTAT_COMUNE_SEZ":"1265","COMUNE_SEZ":"SETTIMO TORINESE","PROVINCIA":"TO","ID_CENTRALE":"1496","NOME_CENTRALE":"TORINO SETTIMO SUD","ISTAT_COMUNE_CENTR":"1265","COMUNE_CENTR":"SETTIMO TORINESE","PROVINCIA_CENTR":"TO","INDIRIZZO_CENTRALE":"VIA SAN BERNARDINO","LATITUDINE_SEZIONE":"45.13252","LONGITUDINE_SEZIONE":"7.76363","POS_X_SEZIONE":"402780.34312","POS_Y_SEZIONE":"4998415.24895","LATITUDINE_CENTRALE":"45.13148","LONGITUDINE_CENTRALE":"7.76615","POS_X_CENTRALE":"402976.59375","POS_Y_CENTRALE":"4998297.00000","TIPO_ADSL":"ADSL_2P","DESCRIZIONE_TIPO_ADSL":"ADSL 2+ (24 mega)","DISTANZA_CALCOLATA":"229.12","CLASSE_DISTANZA":"100-499","POTENZA_SEGNALE":"19761.67","POPOLAZIONE_SEZIONE": "87"}
			},
		 		{ "type" : "Feature",
				"geometry" : {
					"type" : "Point",
					"coordinates" : [7.77025,45.13035]},
			"properties" : { "ANNO":"2010","ID_SEZIONE":"7673","ISTAT_COMUNE_SEZ":"1265","COMUNE_SEZ":"SETTIMO TORINESE","PROVINCIA":"TO","ID_CENTRALE":"1496","NOME_CENTRALE":"TORINO SETTIMO SUD","ISTAT_COMUNE_CENTR":"1265","COMUNE_CENTR":"SETTIMO TORINESE","PROVINCIA_CENTR":"TO","INDIRIZZO_CENTRALE":"VIA SAN BERNARDINO","LATITUDINE_SEZIONE":"45.13035","LONGITUDINE_SEZIONE":"7.77025","POS_X_SEZIONE":"403297.14875","POS_Y_SEZIONE":"4998165.75135","LATITUDINE_CENTRALE":"45.13148","LONGITUDINE_CENTRALE":"7.76615","POS_X_CENTRALE":"402976.59375","POS_Y_CENTRALE":"4998297.00000","TIPO_ADSL":"ADSL_2P","DESCRIZIONE_TIPO_ADSL":"ADSL 2+ (24 mega)","DISTANZA_CALCOLATA":"346.38","CLASSE_DISTANZA":"100-499","POTENZA_SEGNALE":"19761.67","POPOLAZIONE_SEZIONE": "74"}
			},
		 		{ "type" : "Feature",
				"geometry" : {
					"type" : "Point",
					"coordinates" : [7.75264,45.13005]},
			"properties" : { "ANNO":"2010","ID_SEZIONE":"7949","ISTAT_COMUNE_SEZ":"1265","COMUNE_SEZ":"SETTIMO TORINESE","PROVINCIA":"TO","ID_CENTRALE":"1496","NOME_CENTRALE":"TORINO SETTIMO SUD","ISTAT_COMUNE_CENTR":"1265","COMUNE_CENTR":"SETTIMO TORINESE","PROVINCIA_CENTR":"TO","INDIRIZZO_CENTRALE":"VIA SAN BERNARDINO","LATITUDINE_SEZIONE":"45.13005","LONGITUDINE_SEZIONE":"7.75264","POS_X_SEZIONE":"401911.29531","POS_Y_SEZIONE":"4998154.23903","LATITUDINE_CENTRALE":"45.13148","LONGITUDINE_CENTRALE":"7.76615","POS_X_CENTRALE":"402976.59375","POS_Y_CENTRALE":"4998297.00000","TIPO_ADSL":"ADSL_2P","DESCRIZIONE_TIPO_ADSL":"ADSL 2+ (24 mega)","DISTANZA_CALCOLATA":"1074.82","CLASSE_DISTANZA":"900-1299","POTENZA_SEGNALE":"17737.5","POPOLAZIONE_SEZIONE": "590"}
			},
		 		{ "type" : "Feature",
				"geometry" : {
					"type" : "Point",
					"coordinates" : [7.75618,45.12124]},
			"properties" : { "ANNO":"2010","ID_SEZIONE":"7951","ISTAT_COMUNE_SEZ":"1265","COMUNE_SEZ":"SETTIMO TORINESE","PROVINCIA":"TO","ID_CENTRALE":"1496","NOME_CENTRALE":"TORINO SETTIMO SUD","ISTAT_COMUNE_CENTR":"1265","COMUNE_CENTR":"SETTIMO TORINESE","PROVINCIA_CENTR":"TO","INDIRIZZO_CENTRALE":"VIA SAN BERNARDINO","LATITUDINE_SEZIONE":"45.12124","LONGITUDINE_SEZIONE":"7.75618","POS_X_SEZIONE":"402175.23028","POS_Y_SEZIONE":"4997171.73304","LATITUDINE_CENTRALE":"45.13148","LONGITUDINE_CENTRALE":"7.76615","POS_X_CENTRALE":"402976.59375","POS_Y_CENTRALE":"4998297.00000","TIPO_ADSL":"ADSL_2P","DESCRIZIONE_TIPO_ADSL":"ADSL 2+ (24 mega)","DISTANZA_CALCOLATA":"1381.45","CLASSE_DISTANZA":"1300-1699","POTENZA_SEGNALE":"16071.67","POPOLAZIONE_SEZIONE": "28"}
			},
		 		{ "type" : "Feature",
				"geometry" : {
					"type" : "Point",
					"coordinates" : [7.77209,45.13117]},
			"properties" : { "ANNO":"2010","ID_SEZIONE":"9155","ISTAT_COMUNE_SEZ":"1265","COMUNE_SEZ":"SETTIMO TORINESE","PROVINCIA":"TO","ID_CENTRALE":"1496","NOME_CENTRALE":"TORINO SETTIMO SUD","ISTAT_COMUNE_CENTR":"1265","COMUNE_CENTR":"SETTIMO TORINESE","PROVINCIA_CENTR":"TO","INDIRIZZO_CENTRALE":"VIA SAN BERNARDINO","LATITUDINE_SEZIONE":"45.13117","LONGITUDINE_SEZIONE":"7.77209","POS_X_SEZIONE":"403443.02164","POS_Y_SEZIONE":"4998254.75333","LATITUDINE_CENTRALE":"45.13148","LONGITUDINE_CENTRALE":"7.76615","POS_X_CENTRALE":"402976.59375","POS_Y_CENTRALE":"4998297.00000","TIPO_ADSL":"ADSL_2P","DESCRIZIONE_TIPO_ADSL":"ADSL 2+ (24 mega)","DISTANZA_CALCOLATA":"468.34","CLASSE_DISTANZA":"100-499","POTENZA_SEGNALE":"19761.67","POPOLAZIONE_SEZIONE": "281"}
			},
		 		{ "type" : "Feature",
				"geometry" : {
					"type" : "Point",
					"coordinates" : [7.73254,45.12672]},
			"properties" : { "ANNO":"2010","ID_SEZIONE":"9156","ISTAT_COMUNE_SEZ":"1265","COMUNE_SEZ":"SETTIMO TORINESE","PROVINCIA":"TO","ID_CENTRALE":"1496","NOME_CENTRALE":"TORINO SETTIMO SUD","ISTAT_COMUNE_CENTR":"1265","COMUNE_CENTR":"SETTIMO TORINESE","PROVINCIA_CENTR":"TO","INDIRIZZO_CENTRALE":"VIA SAN BERNARDINO","LATITUDINE_SEZIONE":"45.12672","LONGITUDINE_SEZIONE":"7.73254","POS_X_SEZIONE":"400325.10087","POS_Y_SEZIONE":"4997809.22168","LATITUDINE_CENTRALE":"45.13148","LONGITUDINE_CENTRALE":"7.76615","POS_X_CENTRALE":"402976.59375","POS_Y_CENTRALE":"4998297.00000","TIPO_ADSL":"ADSL_2P","DESCRIZIONE_TIPO_ADSL":"ADSL 2+ (24 mega)","DISTANZA_CALCOLATA":"2695.99","CLASSE_DISTANZA":"2500-2899","POTENZA_SEGNALE":"7380.83","POPOLAZIONE_SEZIONE": ""}
			},
		 		{ "type" : "Feature",
				"geometry" : {
					"type" : "Point",
					"coordinates" : [7.77273,45.13285]},
			"properties" : { "ANNO":"2010","ID_SEZIONE":"10409","ISTAT_COMUNE_SEZ":"1265","COMUNE_SEZ":"SETTIMO TORINESE","PROVINCIA":"TO","ID_CENTRALE":"1496","NOME_CENTRALE":"TORINO SETTIMO SUD","ISTAT_COMUNE_CENTR":"1265","COMUNE_CENTR":"SETTIMO TORINESE","PROVINCIA_CENTR":"TO","INDIRIZZO_CENTRALE":"VIA SAN BERNARDINO","LATITUDINE_SEZIONE":"45.13285","LONGITUDINE_SEZIONE":"7.77273","POS_X_SEZIONE":"403495.73870","POS_Y_SEZIONE":"4998440.75525","LATITUDINE_CENTRALE":"45.13148","LONGITUDINE_CENTRALE":"7.76615","POS_X_CENTRALE":"402976.59375","POS_Y_CENTRALE":"4998297.00000","TIPO_ADSL":"ADSL_2P","DESCRIZIONE_TIPO_ADSL":"ADSL 2+ (24 mega)","DISTANZA_CALCOLATA":"538.68","CLASSE_DISTANZA":"500-899","POTENZA_SEGNALE":"19523.33","POPOLAZIONE_SEZIONE": "415"}
			},
		 		{ "type" : "Feature",
				"geometry" : {
					"type" : "Point",
					"coordinates" : [7.76215,45.13001]},
			"properties" : { "ANNO":"2010","ID_SEZIONE":"10578","ISTAT_COMUNE_SEZ":"1265","COMUNE_SEZ":"SETTIMO TORINESE","PROVINCIA":"TO","ID_CENTRALE":"1496","NOME_CENTRALE":"TORINO SETTIMO SUD","ISTAT_COMUNE_CENTR":"1265","COMUNE_CENTR":"SETTIMO TORINESE","PROVINCIA_CENTR":"TO","INDIRIZZO_CENTRALE":"VIA SAN BERNARDINO","LATITUDINE_SEZIONE":"45.13001","LONGITUDINE_SEZIONE":"7.76215","POS_X_SEZIONE":"402659.50292","POS_Y_SEZIONE":"4998137.74546","LATITUDINE_CENTRALE":"45.13148","LONGITUDINE_CENTRALE":"7.76615","POS_X_CENTRALE":"402976.59375","POS_Y_CENTRALE":"4998297.00000","TIPO_ADSL":"ADSL_2P","DESCRIZIONE_TIPO_ADSL":"ADSL 2+ (24 mega)","DISTANZA_CALCOLATA":"354.84","CLASSE_DISTANZA":"100-499","POTENZA_SEGNALE":"19761.67","POPOLAZIONE_SEZIONE": "576"}
			},
		 		{ "type" : "Feature",
				"geometry" : {
					"type" : "Point",
					"coordinates" : [7.75348,45.13878]},
			"properties" : { "ANNO":"2010","ID_SEZIONE":"10787","ISTAT_COMUNE_SEZ":"1265","COMUNE_SEZ":"SETTIMO TORINESE","PROVINCIA":"TO","ID_CENTRALE":"1496","NOME_CENTRALE":"TORINO SETTIMO SUD","ISTAT_COMUNE_CENTR":"1265","COMUNE_CENTR":"SETTIMO TORINESE","PROVINCIA_CENTR":"TO","INDIRIZZO_CENTRALE":"VIA SAN BERNARDINO","LATITUDINE_SEZIONE":"45.13878","LONGITUDINE_SEZIONE":"7.75348","POS_X_SEZIONE":"401992.97928","POS_Y_SEZIONE":"4999123.24818","LATITUDINE_CENTRALE":"45.13148","LONGITUDINE_CENTRALE":"7.76615","POS_X_CENTRALE":"402976.59375","POS_Y_CENTRALE":"4998297.00000","TIPO_ADSL":"ADSL_2P","DESCRIZIONE_TIPO_ADSL":"ADSL 2+ (24 mega)","DISTANZA_CALCOLATA":"1284.59","CLASSE_DISTANZA":"900-1299","POTENZA_SEGNALE":"17737.5","POPOLAZIONE_SEZIONE": "47"}
			},
		 		{ "type" : "Feature",
				"geometry" : {
					"type" : "Point",
					"coordinates" : [7.73180,45.13475]},
			"properties" : { "ANNO":"2010","ID_SEZIONE":"10788","ISTAT_COMUNE_SEZ":"1265","COMUNE_SEZ":"SETTIMO TORINESE","PROVINCIA":"TO","ID_CENTRALE":"1496","NOME_CENTRALE":"TORINO SETTIMO SUD","ISTAT_COMUNE_CENTR":"1265","COMUNE_CENTR":"SETTIMO TORINESE","PROVINCIA_CENTR":"TO","INDIRIZZO_CENTRALE":"VIA SAN BERNARDINO","LATITUDINE_SEZIONE":"45.13475","LONGITUDINE_SEZIONE":"7.73180","POS_X_SEZIONE":"400280.78932","POS_Y_SEZIONE":"4998701.72984","LATITUDINE_CENTRALE":"45.13148","LONGITUDINE_CENTRALE":"7.76615","POS_X_CENTRALE":"402976.59375","POS_Y_CENTRALE":"4998297.00000","TIPO_ADSL":"ADSL_2P","DESCRIZIONE_TIPO_ADSL":"ADSL 2+ (24 mega)","DISTANZA_CALCOLATA":"2726.02","CLASSE_DISTANZA":"2500-2899","POTENZA_SEGNALE":"7380.83","POPOLAZIONE_SEZIONE": "10"}
			},
		 		{ "type" : "Feature",
				"geometry" : {
					"type" : "Point",
					"coordinates" : [7.75377,45.13532]},
			"properties" : { "ANNO":"2010","ID_SEZIONE":"11217","ISTAT_COMUNE_SEZ":"1265","COMUNE_SEZ":"SETTIMO TORINESE","PROVINCIA":"TO","ID_CENTRALE":"1496","NOME_CENTRALE":"TORINO SETTIMO SUD","ISTAT_COMUNE_CENTR":"1265","COMUNE_CENTR":"SETTIMO TORINESE","PROVINCIA_CENTR":"TO","INDIRIZZO_CENTRALE":"VIA SAN BERNARDINO","LATITUDINE_SEZIONE":"45.13532","LONGITUDINE_SEZIONE":"7.75377","POS_X_SEZIONE":"402009.19841","POS_Y_SEZIONE":"4998738.74488","LATITUDINE_CENTRALE":"45.13148","LONGITUDINE_CENTRALE":"7.76615","POS_X_CENTRALE":"402976.59375","POS_Y_CENTRALE":"4998297.00000","TIPO_ADSL":"ADSL_2P","DESCRIZIONE_TIPO_ADSL":"ADSL 2+ (24 mega)","DISTANZA_CALCOLATA":"1063.48","CLASSE_DISTANZA":"900-1299","POTENZA_SEGNALE":"17737.5","POPOLAZIONE_SEZIONE": "392"}
			},
		 		{ "type" : "Feature",
				"geometry" : {
					"type" : "Point",
					"coordinates" : [7.75564,45.11675]},
			"properties" : { "ANNO":"2010","ID_SEZIONE":"11848","ISTAT_COMUNE_SEZ":"1265","COMUNE_SEZ":"SETTIMO TORINESE","PROVINCIA":"TO","ID_CENTRALE":"1496","NOME_CENTRALE":"TORINO SETTIMO SUD","ISTAT_COMUNE_CENTR":"1265","COMUNE_CENTR":"SETTIMO TORINESE","PROVINCIA_CENTR":"TO","INDIRIZZO_CENTRALE":"VIA SAN BERNARDINO","LATITUDINE_SEZIONE":"45.11675","LONGITUDINE_SEZIONE":"7.75564","POS_X_SEZIONE":"402124.48238","POS_Y_SEZIONE":"4996673.22783","LATITUDINE_CENTRALE":"45.13148","LONGITUDINE_CENTRALE":"7.76615","POS_X_CENTRALE":"402976.59375","POS_Y_CENTRALE":"4998297.00000","TIPO_ADSL":"ADSL_2P","DESCRIZIONE_TIPO_ADSL":"ADSL 2+ (24 mega)","DISTANZA_CALCOLATA":"1833.77","CLASSE_DISTANZA":"1700-2099","POTENZA_SEGNALE":"12975.83","POPOLAZIONE_SEZIONE": "154"}
			},
		 		{ "type" : "Feature",
				"geometry" : {
					"type" : "Point",
					"coordinates" : [7.75603,45.13351]},
			"properties" : { "ANNO":"2010","ID_SEZIONE":"12439","ISTAT_COMUNE_SEZ":"1265","COMUNE_SEZ":"SETTIMO TORINESE","PROVINCIA":"TO","ID_CENTRALE":"1496","NOME_CENTRALE":"TORINO SETTIMO SUD","ISTAT_COMUNE_CENTR":"1265","COMUNE_CENTR":"SETTIMO TORINESE","PROVINCIA_CENTR":"TO","INDIRIZZO_CENTRALE":"VIA SAN BERNARDINO","LATITUDINE_SEZIONE":"45.13351","LONGITUDINE_SEZIONE":"7.75603","POS_X_SEZIONE":"402184.25940","POS_Y_SEZIONE":"4998534.74463","LATITUDINE_CENTRALE":"45.13148","LONGITUDINE_CENTRALE":"7.76615","POS_X_CENTRALE":"402976.59375","POS_Y_CENTRALE":"4998297.00000","TIPO_ADSL":"ADSL_2P","DESCRIZIONE_TIPO_ADSL":"ADSL 2+ (24 mega)","DISTANZA_CALCOLATA":"827.23","CLASSE_DISTANZA":"500-899","POTENZA_SEGNALE":"19523.33","POPOLAZIONE_SEZIONE": "32"}
			},
		 		{ "type" : "Feature",
				"geometry" : {
					"type" : "Point",
					"coordinates" : [7.76285,45.13275]},
			"properties" : { "ANNO":"2010","ID_SEZIONE":"12849","ISTAT_COMUNE_SEZ":"1265","COMUNE_SEZ":"SETTIMO TORINESE","PROVINCIA":"TO","ID_CENTRALE":"1496","NOME_CENTRALE":"TORINO SETTIMO SUD","ISTAT_COMUNE_CENTR":"1265","COMUNE_CENTR":"SETTIMO TORINESE","PROVINCIA_CENTR":"TO","INDIRIZZO_CENTRALE":"VIA SAN BERNARDINO","LATITUDINE_SEZIONE":"45.13275","LONGITUDINE_SEZIONE":"7.76285","POS_X_SEZIONE":"402719.28200","POS_Y_SEZIONE":"4998441.74853","LATITUDINE_CENTRALE":"45.13148","LONGITUDINE_CENTRALE":"7.76615","POS_X_CENTRALE":"402976.59375","POS_Y_CENTRALE":"4998297.00000","TIPO_ADSL":"ADSL_2P","DESCRIZIONE_TIPO_ADSL":"ADSL 2+ (24 mega)","DISTANZA_CALCOLATA":"295.23","CLASSE_DISTANZA":"100-499","POTENZA_SEGNALE":"19761.67","POPOLAZIONE_SEZIONE": "25"}
			},
		 		{ "type" : "Feature",
				"geometry" : {
					"type" : "Point",
					"coordinates" : [7.75325,45.13187]},
			"properties" : { "ANNO":"2010","ID_SEZIONE":"12850","ISTAT_COMUNE_SEZ":"1265","COMUNE_SEZ":"SETTIMO TORINESE","PROVINCIA":"TO","ID_CENTRALE":"1496","NOME_CENTRALE":"TORINO SETTIMO SUD","ISTAT_COMUNE_CENTR":"1265","COMUNE_CENTR":"SETTIMO TORINESE","PROVINCIA_CENTR":"TO","INDIRIZZO_CENTRALE":"VIA SAN BERNARDINO","LATITUDINE_SEZIONE":"45.13187","LONGITUDINE_SEZIONE":"7.75325","POS_X_SEZIONE":"401962.38830","POS_Y_SEZIONE":"4998355.24101","LATITUDINE_CENTRALE":"45.13148","LONGITUDINE_CENTRALE":"7.76615","POS_X_CENTRALE":"402976.59375","POS_Y_CENTRALE":"4998297.00000","TIPO_ADSL":"ADSL_2P","DESCRIZIONE_TIPO_ADSL":"ADSL 2+ (24 mega)","DISTANZA_CALCOLATA":"1015.88","CLASSE_DISTANZA":"900-1299","POTENZA_SEGNALE":"17737.5","POPOLAZIONE_SEZIONE": "62"}
			},
		 		{ "type" : "Feature",
				"geometry" : {
					"type" : "Point",
					"coordinates" : [7.74353,45.12437]},
			"properties" : { "ANNO":"2010","ID_SEZIONE":"13053","ISTAT_COMUNE_SEZ":"1265","COMUNE_SEZ":"SETTIMO TORINESE","PROVINCIA":"TO","ID_CENTRALE":"1496","NOME_CENTRALE":"TORINO SETTIMO SUD","ISTAT_COMUNE_CENTR":"1265","COMUNE_CENTR":"SETTIMO TORINESE","PROVINCIA_CENTR":"TO","INDIRIZZO_CENTRALE":"VIA SAN BERNARDINO","LATITUDINE_SEZIONE":"45.12437","LONGITUDINE_SEZIONE":"7.74353","POS_X_SEZIONE":"401185.27623","POS_Y_SEZIONE":"4997534.22699","LATITUDINE_CENTRALE":"45.13148","LONGITUDINE_CENTRALE":"7.76615","POS_X_CENTRALE":"402976.59375","POS_Y_CENTRALE":"4998297.00000","TIPO_ADSL":"ADSL_2P","DESCRIZIONE_TIPO_ADSL":"ADSL 2+ (24 mega)","DISTANZA_CALCOLATA":"1946.96","CLASSE_DISTANZA":"1700-2099","POTENZA_SEGNALE":"12975.83","POPOLAZIONE_SEZIONE": ""}
			},
		 		{ "type" : "Feature",
				"geometry" : {
					"type" : "Point",
					"coordinates" : [7.74226,45.12680]},
			"properties" : { "ANNO":"2010","ID_SEZIONE":"13327","ISTAT_COMUNE_SEZ":"1265","COMUNE_SEZ":"SETTIMO TORINESE","PROVINCIA":"TO","ID_CENTRALE":"1496","NOME_CENTRALE":"TORINO SETTIMO SUD","ISTAT_COMUNE_CENTR":"1265","COMUNE_CENTR":"SETTIMO TORINESE","PROVINCIA_CENTR":"TO","INDIRIZZO_CENTRALE":"VIA SAN BERNARDINO","LATITUDINE_SEZIONE":"45.12680","LONGITUDINE_SEZIONE":"7.74226","POS_X_SEZIONE":"401090.05857","POS_Y_SEZIONE":"4997806.22853","LATITUDINE_CENTRALE":"45.13148","LONGITUDINE_CENTRALE":"7.76615","POS_X_CENTRALE":"402976.59375","POS_Y_CENTRALE":"4998297.00000","TIPO_ADSL":"ADSL_2P","DESCRIZIONE_TIPO_ADSL":"ADSL 2+ (24 mega)","DISTANZA_CALCOLATA":"1949.33","CLASSE_DISTANZA":"1700-2099","POTENZA_SEGNALE":"12975.83","POPOLAZIONE_SEZIONE": ""}
			},
		 		{ "type" : "Feature",
				"geometry" : {
					"type" : "Point",
					"coordinates" : [7.75499,45.12854]},
			"properties" : { "ANNO":"2010","ID_SEZIONE":"14158","ISTAT_COMUNE_SEZ":"1265","COMUNE_SEZ":"SETTIMO TORINESE","PROVINCIA":"TO","ID_CENTRALE":"1496","NOME_CENTRALE":"TORINO SETTIMO SUD","ISTAT_COMUNE_CENTR":"1265","COMUNE_CENTR":"SETTIMO TORINESE","PROVINCIA_CENTR":"TO","INDIRIZZO_CENTRALE":"VIA SAN BERNARDINO","LATITUDINE_SEZIONE":"45.12854","LONGITUDINE_SEZIONE":"7.75499","POS_X_SEZIONE":"402093.47976","POS_Y_SEZIONE":"4997983.73893","LATITUDINE_CENTRALE":"45.13148","LONGITUDINE_CENTRALE":"7.76615","POS_X_CENTRALE":"402976.59375","POS_Y_CENTRALE":"4998297.00000","TIPO_ADSL":"ADSL_2P","DESCRIZIONE_TIPO_ADSL":"ADSL 2+ (24 mega)","DISTANZA_CALCOLATA":"937.03","CLASSE_DISTANZA":"900-1299","POTENZA_SEGNALE":"17737.5","POPOLAZIONE_SEZIONE": "231"}
			},
		 		{ "type" : "Feature",
				"geometry" : {
					"type" : "Point",
					"coordinates" : [7.76562,45.13458]},
			"properties" : { "ANNO":"2010","ID_SEZIONE":"14725","ISTAT_COMUNE_SEZ":"1265","COMUNE_SEZ":"SETTIMO TORINESE","PROVINCIA":"TO","ID_CENTRALE":"1496","NOME_CENTRALE":"TORINO SETTIMO SUD","ISTAT_COMUNE_CENTR":"1265","COMUNE_CENTR":"SETTIMO TORINESE","PROVINCIA_CENTR":"TO","INDIRIZZO_CENTRALE":"VIA SAN BERNARDINO","LATITUDINE_SEZIONE":"45.13458","LONGITUDINE_SEZIONE":"7.76562","POS_X_SEZIONE":"402939.62222","POS_Y_SEZIONE":"4998642.25234","LATITUDINE_CENTRALE":"45.13148","LONGITUDINE_CENTRALE":"7.76615","POS_X_CENTRALE":"402976.59375","POS_Y_CENTRALE":"4998297.00000","TIPO_ADSL":"ADSL_2P","DESCRIZIONE_TIPO_ADSL":"ADSL 2+ (24 mega)","DISTANZA_CALCOLATA":"347.23","CLASSE_DISTANZA":"100-499","POTENZA_SEGNALE":"19761.67","POPOLAZIONE_SEZIONE": "104"}
			},
		 		{ "type" : "Feature",
				"geometry" : {
					"type" : "Point",
					"coordinates" : [7.75708,45.13835]},
			"properties" : { "ANNO":"2010","ID_SEZIONE":"14951","ISTAT_COMUNE_SEZ":"1265","COMUNE_SEZ":"SETTIMO TORINESE","PROVINCIA":"TO","ID_CENTRALE":"1496","NOME_CENTRALE":"TORINO SETTIMO SUD","ISTAT_COMUNE_CENTR":"1265","COMUNE_CENTR":"SETTIMO TORINESE","PROVINCIA_CENTR":"TO","INDIRIZZO_CENTRALE":"VIA SAN BERNARDINO","LATITUDINE_SEZIONE":"45.13835","LONGITUDINE_SEZIONE":"7.75708","POS_X_SEZIONE":"402274.97454","POS_Y_SEZIONE":"4999071.25048","LATITUDINE_CENTRALE":"45.13148","LONGITUDINE_CENTRALE":"7.76615","POS_X_CENTRALE":"402976.59375","POS_Y_CENTRALE":"4998297.00000","TIPO_ADSL":"ADSL_2P","DESCRIZIONE_TIPO_ADSL":"ADSL 2+ (24 mega)","DISTANZA_CALCOLATA":"1044.86","CLASSE_DISTANZA":"900-1299","POTENZA_SEGNALE":"17737.5","POPOLAZIONE_SEZIONE": "48"}
			},
		 		{ "type" : "Feature",
				"geometry" : {
					"type" : "Point",
					"coordinates" : [7.75225,45.13719]},
			"properties" : { "ANNO":"2010","ID_SEZIONE":"15141","ISTAT_COMUNE_SEZ":"1265","COMUNE_SEZ":"SETTIMO TORINESE","PROVINCIA":"TO","ID_CENTRALE":"1496","NOME_CENTRALE":"TORINO SETTIMO SUD","ISTAT_COMUNE_CENTR":"1265","COMUNE_CENTR":"SETTIMO TORINESE","PROVINCIA_CENTR":"TO","INDIRIZZO_CENTRALE":"VIA SAN BERNARDINO","LATITUDINE_SEZIONE":"45.13719","LONGITUDINE_SEZIONE":"7.75225","POS_X_SEZIONE":"401893.26318","POS_Y_SEZIONE":"4998948.24607","LATITUDINE_CENTRALE":"45.13148","LONGITUDINE_CENTRALE":"7.76615","POS_X_CENTRALE":"402976.59375","POS_Y_CENTRALE":"4998297.00000","TIPO_ADSL":"ADSL_2P","DESCRIZIONE_TIPO_ADSL":"ADSL 2+ (24 mega)","DISTANZA_CALCOLATA":"1264.01","CLASSE_DISTANZA":"900-1299","POTENZA_SEGNALE":"17737.5","POPOLAZIONE_SEZIONE": "89"}
			},
		 		{ "type" : "Feature",
				"geometry" : {
					"type" : "Point",
					"coordinates" : [7.77170,45.13461]},
			"properties" : { "ANNO":"2010","ID_SEZIONE":"15143","ISTAT_COMUNE_SEZ":"1265","COMUNE_SEZ":"SETTIMO TORINESE","PROVINCIA":"TO","ID_CENTRALE":"1496","NOME_CENTRALE":"TORINO SETTIMO SUD","ISTAT_COMUNE_CENTR":"1265","COMUNE_CENTR":"SETTIMO TORINESE","PROVINCIA_CENTR":"TO","INDIRIZZO_CENTRALE":"VIA SAN BERNARDINO","LATITUDINE_SEZIONE":"45.13461","LONGITUDINE_SEZIONE":"7.77170","POS_X_SEZIONE":"403418.48968","POS_Y_SEZIONE":"4998637.75647","LATITUDINE_CENTRALE":"45.13148","LONGITUDINE_CENTRALE":"7.76615","POS_X_CENTRALE":"402976.59375","POS_Y_CENTRALE":"4998297.00000","TIPO_ADSL":"ADSL_2P","DESCRIZIONE_TIPO_ADSL":"ADSL 2+ (24 mega)","DISTANZA_CALCOLATA":"558.02","CLASSE_DISTANZA":"500-899","POTENZA_SEGNALE":"19523.33","POPOLAZIONE_SEZIONE": "306"}
			},
		 		{ "type" : "Feature",
				"geometry" : {
					"type" : "Point",
					"coordinates" : [7.75107,45.12780]},
			"properties" : { "ANNO":"2010","ID_SEZIONE":"15145","ISTAT_COMUNE_SEZ":"1265","COMUNE_SEZ":"SETTIMO TORINESE","PROVINCIA":"TO","ID_CENTRALE":"1496","NOME_CENTRALE":"TORINO SETTIMO SUD","ISTAT_COMUNE_CENTR":"1265","COMUNE_CENTR":"SETTIMO TORINESE","PROVINCIA_CENTR":"TO","INDIRIZZO_CENTRALE":"VIA SAN BERNARDINO","LATITUDINE_SEZIONE":"45.12780","LONGITUDINE_SEZIONE":"7.75107","POS_X_SEZIONE":"401784.04795","POS_Y_SEZIONE":"4997906.23595","LATITUDINE_CENTRALE":"45.13148","LONGITUDINE_CENTRALE":"7.76615","POS_X_CENTRALE":"402976.59375","POS_Y_CENTRALE":"4998297.00000","TIPO_ADSL":"ADSL_2P","DESCRIZIONE_TIPO_ADSL":"ADSL 2+ (24 mega)","DISTANZA_CALCOLATA":"1254.94","CLASSE_DISTANZA":"900-1299","POTENZA_SEGNALE":"17737.5","POPOLAZIONE_SEZIONE": "28"}
			},
		 		{ "type" : "Feature",
				"geometry" : {
					"type" : "Point",
					"coordinates" : [7.75809,45.13491]},
			"properties" : { "ANNO":"2010","ID_SEZIONE":"15411","ISTAT_COMUNE_SEZ":"1265","COMUNE_SEZ":"SETTIMO TORINESE","PROVINCIA":"TO","ID_CENTRALE":"1496","NOME_CENTRALE":"TORINO SETTIMO SUD","ISTAT_COMUNE_CENTR":"1265","COMUNE_CENTR":"SETTIMO TORINESE","PROVINCIA_CENTR":"TO","INDIRIZZO_CENTRALE":"VIA SAN BERNARDINO","LATITUDINE_SEZIONE":"45.13491","LONGITUDINE_SEZIONE":"7.75809","POS_X_SEZIONE":"402348.06817","POS_Y_SEZIONE":"4998687.24741","LATITUDINE_CENTRALE":"45.13148","LONGITUDINE_CENTRALE":"7.76615","POS_X_CENTRALE":"402976.59375","POS_Y_CENTRALE":"4998297.00000","TIPO_ADSL":"ADSL_2P","DESCRIZIONE_TIPO_ADSL":"ADSL 2+ (24 mega)","DISTANZA_CALCOLATA":"739.82","CLASSE_DISTANZA":"500-899","POTENZA_SEGNALE":"19523.33","POPOLAZIONE_SEZIONE": "664"}
			},
		 		{ "type" : "Feature",
				"geometry" : {
					"type" : "Point",
					"coordinates" : [7.76334,45.11269]},
			"properties" : { "ANNO":"2010","ID_SEZIONE":"16583","ISTAT_COMUNE_SEZ":"1265","COMUNE_SEZ":"SETTIMO TORINESE","PROVINCIA":"TO","ID_CENTRALE":"1496","NOME_CENTRALE":"TORINO SETTIMO SUD","ISTAT_COMUNE_CENTR":"1265","COMUNE_CENTR":"SETTIMO TORINESE","PROVINCIA_CENTR":"TO","INDIRIZZO_CENTRALE":"VIA SAN BERNARDINO","LATITUDINE_SEZIONE":"45.11269","LONGITUDINE_SEZIONE":"7.76334","POS_X_SEZIONE":"402723.75739","POS_Y_SEZIONE":"4996212.72939","LATITUDINE_CENTRALE":"45.13148","LONGITUDINE_CENTRALE":"7.76615","POS_X_CENTRALE":"402976.59375","POS_Y_CENTRALE":"4998297.00000","TIPO_ADSL":"ADSL_2P","DESCRIZIONE_TIPO_ADSL":"ADSL 2+ (24 mega)","DISTANZA_CALCOLATA":"2099.55","CLASSE_DISTANZA":"1700-2099","POTENZA_SEGNALE":"12975.83","POPOLAZIONE_SEZIONE": "50"}
			},
		 		{ "type" : "Feature",
				"geometry" : {
					"type" : "Point",
					"coordinates" : [7.76210,45.13491]},
			"properties" : { "ANNO":"2010","ID_SEZIONE":"16763","ISTAT_COMUNE_SEZ":"1265","COMUNE_SEZ":"SETTIMO TORINESE","PROVINCIA":"TO","ID_CENTRALE":"1496","NOME_CENTRALE":"TORINO SETTIMO SUD","ISTAT_COMUNE_CENTR":"1265","COMUNE_CENTR":"SETTIMO TORINESE","PROVINCIA_CENTR":"TO","INDIRIZZO_CENTRALE":"VIA SAN BERNARDINO","LATITUDINE_SEZIONE":"45.13491","LONGITUDINE_SEZIONE":"7.76210","POS_X_SEZIONE":"402663.96910","POS_Y_SEZIONE":"4998682.25029","LATITUDINE_CENTRALE":"45.13148","LONGITUDINE_CENTRALE":"7.76615","POS_X_CENTRALE":"402976.59375","POS_Y_CENTRALE":"4998297.00000","TIPO_ADSL":"ADSL_2P","DESCRIZIONE_TIPO_ADSL":"ADSL 2+ (24 mega)","DISTANZA_CALCOLATA":"496.14","CLASSE_DISTANZA":"100-499","POTENZA_SEGNALE":"19761.67","POPOLAZIONE_SEZIONE": "7"}
			},
		 		{ "type" : "Feature",
				"geometry" : {
					"type" : "Point",
					"coordinates" : [7.76619,45.13285]},
			"properties" : { "ANNO":"2010","ID_SEZIONE":"18269","ISTAT_COMUNE_SEZ":"1265","COMUNE_SEZ":"SETTIMO TORINESE","PROVINCIA":"TO","ID_CENTRALE":"1496","NOME_CENTRALE":"TORINO SETTIMO SUD","ISTAT_COMUNE_CENTR":"1265","COMUNE_CENTR":"SETTIMO TORINESE","PROVINCIA_CENTR":"TO","INDIRIZZO_CENTRALE":"VIA SAN BERNARDINO","LATITUDINE_SEZIONE":"45.13285","LONGITUDINE_SEZIONE":"7.76619","POS_X_SEZIONE":"402981.58984","POS_Y_SEZIONE":"4998449.25087","LATITUDINE_CENTRALE":"45.13148","LONGITUDINE_CENTRALE":"7.76615","POS_X_CENTRALE":"402976.59375","POS_Y_CENTRALE":"4998297.00000","TIPO_ADSL":"ADSL_2P","DESCRIZIONE_TIPO_ADSL":"ADSL 2+ (24 mega)","DISTANZA_CALCOLATA":"152.33","CLASSE_DISTANZA":"100-499","POTENZA_SEGNALE":"19761.67","POPOLAZIONE_SEZIONE": "148"}
			},
		 		{ "type" : "Feature",
				"geometry" : {
					"type" : "Point",
					"coordinates" : [7.76077,45.13483]},
			"properties" : { "ANNO":"2010","ID_SEZIONE":"19199","ISTAT_COMUNE_SEZ":"1265","COMUNE_SEZ":"SETTIMO TORINESE","PROVINCIA":"TO","ID_CENTRALE":"1496","NOME_CENTRALE":"TORINO SETTIMO SUD","ISTAT_COMUNE_CENTR":"1265","COMUNE_CENTR":"SETTIMO TORINESE","PROVINCIA_CENTR":"TO","INDIRIZZO_CENTRALE":"VIA SAN BERNARDINO","LATITUDINE_SEZIONE":"45.13483","LONGITUDINE_SEZIONE":"7.76077","POS_X_SEZIONE":"402558.78382","POS_Y_SEZIONE":"4998675.24920","LATITUDINE_CENTRALE":"45.13148","LONGITUDINE_CENTRALE":"7.76615","POS_X_CENTRALE":"402976.59375","POS_Y_CENTRALE":"4998297.00000","TIPO_ADSL":"ADSL_2P","DESCRIZIONE_TIPO_ADSL":"ADSL 2+ (24 mega)","DISTANZA_CALCOLATA":"563.59","CLASSE_DISTANZA":"500-899","POTENZA_SEGNALE":"19523.33","POPOLAZIONE_SEZIONE": "287"}
			},
		 		{ "type" : "Feature",
				"geometry" : {
					"type" : "Point",
					"coordinates" : [7.75984,45.13246]},
			"properties" : { "ANNO":"2010","ID_SEZIONE":"19200","ISTAT_COMUNE_SEZ":"1265","COMUNE_SEZ":"SETTIMO TORINESE","PROVINCIA":"TO","ID_CENTRALE":"1496","NOME_CENTRALE":"TORINO SETTIMO SUD","ISTAT_COMUNE_CENTR":"1265","COMUNE_CENTR":"SETTIMO TORINESE","PROVINCIA_CENTR":"TO","INDIRIZZO_CENTRALE":"VIA SAN BERNARDINO","LATITUDINE_SEZIONE":"45.13246","LONGITUDINE_SEZIONE":"7.75984","POS_X_SEZIONE":"402482.00481","POS_Y_SEZIONE":"4998413.74623","LATITUDINE_CENTRALE":"45.13148","LONGITUDINE_CENTRALE":"7.76615","POS_X_CENTRALE":"402976.59375","POS_Y_CENTRALE":"4998297.00000","TIPO_ADSL":"ADSL_2P","DESCRIZIONE_TIPO_ADSL":"ADSL 2+ (24 mega)","DISTANZA_CALCOLATA":"508.18","CLASSE_DISTANZA":"500-899","POTENZA_SEGNALE":"19523.33","POPOLAZIONE_SEZIONE": "46"}
			},
		 		{ "type" : "Feature",
				"geometry" : {
					"type" : "Point",
					"coordinates" : [7.80418,45.17250]},
			"properties" : { "ANNO":"2010","ID_SEZIONE":"20848","ISTAT_COMUNE_SEZ":"1314","COMUNE_SEZ":"VOLPIANO","PROVINCIA":"TO","ID_CENTRALE":"1496","NOME_CENTRALE":"TORINO SETTIMO SUD","ISTAT_COMUNE_CENTR":"1265","COMUNE_CENTR":"SETTIMO TORINESE","PROVINCIA_CENTR":"TO","INDIRIZZO_CENTRALE":"VIA SAN BERNARDINO","LATITUDINE_SEZIONE":"45.17250","LONGITUDINE_SEZIONE":"7.80418","POS_X_SEZIONE":"406034.61205","POS_Y_SEZIONE":"5002808.80850","LATITUDINE_CENTRALE":"45.13148","LONGITUDINE_CENTRALE":"7.76615","POS_X_CENTRALE":"402976.59375","POS_Y_CENTRALE":"4998297.00000","TIPO_ADSL":"ADSL_2P","DESCRIZIONE_TIPO_ADSL":"ADSL 2+ (24 mega)","DISTANZA_CALCOLATA":"5450.49","CLASSE_DISTANZA":"5300-5699","POTENZA_SEGNALE":"475.83","POPOLAZIONE_SEZIONE": "26"}
			},
		 		{ "type" : "Feature",
				"geometry" : {
					"type" : "Point",
					"coordinates" : [7.76933,45.13175]},
			"properties" : { "ANNO":"2010","ID_SEZIONE":"20856","ISTAT_COMUNE_SEZ":"1265","COMUNE_SEZ":"SETTIMO TORINESE","PROVINCIA":"TO","ID_CENTRALE":"1496","NOME_CENTRALE":"TORINO SETTIMO SUD","ISTAT_COMUNE_CENTR":"1265","COMUNE_CENTR":"SETTIMO TORINESE","PROVINCIA_CENTR":"TO","INDIRIZZO_CENTRALE":"VIA SAN BERNARDINO","LATITUDINE_SEZIONE":"45.13175","LONGITUDINE_SEZIONE":"7.76933","POS_X_SEZIONE":"403226.83630","POS_Y_SEZIONE":"4998323.25227","LATITUDINE_CENTRALE":"45.13148","LONGITUDINE_CENTRALE":"7.76615","POS_X_CENTRALE":"402976.59375","POS_Y_CENTRALE":"4998297.00000","TIPO_ADSL":"ADSL_2P","DESCRIZIONE_TIPO_ADSL":"ADSL 2+ (24 mega)","DISTANZA_CALCOLATA":"251.62","CLASSE_DISTANZA":"100-499","POTENZA_SEGNALE":"19761.67","POPOLAZIONE_SEZIONE": "173"}
			},
		 		{ "type" : "Feature",
				"geometry" : {
					"type" : "Point",
					"coordinates" : [7.76964,45.13266]},
			"properties" : { "ANNO":"2010","ID_SEZIONE":"21491","ISTAT_COMUNE_SEZ":"1265","COMUNE_SEZ":"SETTIMO TORINESE","PROVINCIA":"TO","ID_CENTRALE":"1496","NOME_CENTRALE":"TORINO SETTIMO SUD","ISTAT_COMUNE_CENTR":"1265","COMUNE_CENTR":"SETTIMO TORINESE","PROVINCIA_CENTR":"TO","INDIRIZZO_CENTRALE":"VIA SAN BERNARDINO","LATITUDINE_SEZIONE":"45.13266","LONGITUDINE_SEZIONE":"7.76964","POS_X_SEZIONE":"403252.89864","POS_Y_SEZIONE":"4998423.25304","LATITUDINE_CENTRALE":"45.13148","LONGITUDINE_CENTRALE":"7.76615","POS_X_CENTRALE":"402976.59375","POS_Y_CENTRALE":"4998297.00000","TIPO_ADSL":"ADSL_2P","DESCRIZIONE_TIPO_ADSL":"ADSL 2+ (24 mega)","DISTANZA_CALCOLATA":"303.78","CLASSE_DISTANZA":"100-499","POTENZA_SEGNALE":"19761.67","POPOLAZIONE_SEZIONE": "375"}
			},
		 		{ "type" : "Feature",
				"geometry" : {
					"type" : "Point",
					"coordinates" : [7.75368,45.13382]},
			"properties" : { "ANNO":"2010","ID_SEZIONE":"21859","ISTAT_COMUNE_SEZ":"1265","COMUNE_SEZ":"SETTIMO TORINESE","PROVINCIA":"TO","ID_CENTRALE":"1496","NOME_CENTRALE":"TORINO SETTIMO SUD","ISTAT_COMUNE_CENTR":"1265","COMUNE_CENTR":"SETTIMO TORINESE","PROVINCIA_CENTR":"TO","INDIRIZZO_CENTRALE":"VIA SAN BERNARDINO","LATITUDINE_SEZIONE":"45.13382","LONGITUDINE_SEZIONE":"7.75368","POS_X_SEZIONE":"402000.04334","POS_Y_SEZIONE":"4998571.74328","LATITUDINE_CENTRALE":"45.13148","LONGITUDINE_CENTRALE":"7.76615","POS_X_CENTRALE":"402976.59375","POS_Y_CENTRALE":"4998297.00000","TIPO_ADSL":"ADSL_2P","DESCRIZIONE_TIPO_ADSL":"ADSL 2+ (24 mega)","DISTANZA_CALCOLATA":"1014.46","CLASSE_DISTANZA":"900-1299","POTENZA_SEGNALE":"17737.5","POPOLAZIONE_SEZIONE": "983"}
			},
		 		{ "type" : "Feature",
				"geometry" : {
					"type" : "Point",
					"coordinates" : [7.76138,45.13462]},
			"properties" : { "ANNO":"2010","ID_SEZIONE":"22086","ISTAT_COMUNE_SEZ":"1265","COMUNE_SEZ":"SETTIMO TORINESE","PROVINCIA":"TO","ID_CENTRALE":"1496","NOME_CENTRALE":"TORINO SETTIMO SUD","ISTAT_COMUNE_CENTR":"1265","COMUNE_CENTR":"SETTIMO TORINESE","PROVINCIA_CENTR":"TO","INDIRIZZO_CENTRALE":"VIA SAN BERNARDINO","LATITUDINE_SEZIONE":"45.13462","LONGITUDINE_SEZIONE":"7.76138","POS_X_SEZIONE":"402606.90824","POS_Y_SEZIONE":"4998650.74949","LATITUDINE_CENTRALE":"45.13148","LONGITUDINE_CENTRALE":"7.76615","POS_X_CENTRALE":"402976.59375","POS_Y_CENTRALE":"4998297.00000","TIPO_ADSL":"ADSL_2P","DESCRIZIONE_TIPO_ADSL":"ADSL 2+ (24 mega)","DISTANZA_CALCOLATA":"511.67","CLASSE_DISTANZA":"500-899","POTENZA_SEGNALE":"19523.33","POPOLAZIONE_SEZIONE": "86"}
			},
		 		{ "type" : "Feature",
				"geometry" : {
					"type" : "Point",
					"coordinates" : [7.76602,45.13192]},
			"properties" : { "ANNO":"2010","ID_SEZIONE":"22300","ISTAT_COMUNE_SEZ":"1265","COMUNE_SEZ":"SETTIMO TORINESE","PROVINCIA":"TO","ID_CENTRALE":"1496","NOME_CENTRALE":"TORINO SETTIMO SUD","ISTAT_COMUNE_CENTR":"1265","COMUNE_CENTR":"SETTIMO TORINESE","PROVINCIA_CENTR":"TO","INDIRIZZO_CENTRALE":"VIA SAN BERNARDINO","LATITUDINE_SEZIONE":"45.13192","LONGITUDINE_SEZIONE":"7.76602","POS_X_SEZIONE":"402967.02856","POS_Y_SEZIONE":"4998345.24984","LATITUDINE_CENTRALE":"45.13148","LONGITUDINE_CENTRALE":"7.76615","POS_X_CENTRALE":"402976.59375","POS_Y_CENTRALE":"4998297.00000","TIPO_ADSL":"ADSL_2P","DESCRIZIONE_TIPO_ADSL":"ADSL 2+ (24 mega)","DISTANZA_CALCOLATA":"49.19","CLASSE_DISTANZA":"0-99","POTENZA_SEGNALE":"19761.67","POPOLAZIONE_SEZIONE": "88"}
			},
		 		{ "type" : "Feature",
				"geometry" : {
					"type" : "Point",
					"coordinates" : [7.73235,45.13074]},
			"properties" : { "ANNO":"2010","ID_SEZIONE":"22686","ISTAT_COMUNE_SEZ":"1265","COMUNE_SEZ":"SETTIMO TORINESE","PROVINCIA":"TO","ID_CENTRALE":"1496","NOME_CENTRALE":"TORINO SETTIMO SUD","ISTAT_COMUNE_CENTR":"1265","COMUNE_CENTR":"SETTIMO TORINESE","PROVINCIA_CENTR":"TO","INDIRIZZO_CENTRALE":"VIA SAN BERNARDINO","LATITUDINE_SEZIONE":"45.13074","LONGITUDINE_SEZIONE":"7.73235","POS_X_SEZIONE":"400317.35073","POS_Y_SEZIONE":"4998255.22591","LATITUDINE_CENTRALE":"45.13148","LONGITUDINE_CENTRALE":"7.76615","POS_X_CENTRALE":"402976.59375","POS_Y_CENTRALE":"4998297.00000","TIPO_ADSL":"ADSL_2P","DESCRIZIONE_TIPO_ADSL":"ADSL 2+ (24 mega)","DISTANZA_CALCOLATA":"2659.57","CLASSE_DISTANZA":"2500-2899","POTENZA_SEGNALE":"7380.83","POPOLAZIONE_SEZIONE": "2"}
			},
		 		{ "type" : "Feature",
				"geometry" : {
					"type" : "Point",
					"coordinates" : [7.76586,45.13239]},
			"properties" : { "ANNO":"2010","ID_SEZIONE":"23909","ISTAT_COMUNE_SEZ":"1265","COMUNE_SEZ":"SETTIMO TORINESE","PROVINCIA":"TO","ID_CENTRALE":"1496","NOME_CENTRALE":"TORINO SETTIMO SUD","ISTAT_COMUNE_CENTR":"1265","COMUNE_CENTR":"SETTIMO TORINESE","PROVINCIA_CENTR":"TO","INDIRIZZO_CENTRALE":"VIA SAN BERNARDINO","LATITUDINE_SEZIONE":"45.13239","LONGITUDINE_SEZIONE":"7.76586","POS_X_SEZIONE":"402955.34062","POS_Y_SEZIONE":"4998397.75032","LATITUDINE_CENTRALE":"45.13148","LONGITUDINE_CENTRALE":"7.76615","POS_X_CENTRALE":"402976.59375","POS_Y_CENTRALE":"4998297.00000","TIPO_ADSL":"ADSL_2P","DESCRIZIONE_TIPO_ADSL":"ADSL 2+ (24 mega)","DISTANZA_CALCOLATA":"102.97","CLASSE_DISTANZA":"100-499","POTENZA_SEGNALE":"19761.67","POPOLAZIONE_SEZIONE": "89"}
			},
		 		{ "type" : "Feature",
				"geometry" : {
					"type" : "Point",
					"coordinates" : [7.75759,45.13086]},
			"properties" : { "ANNO":"2010","ID_SEZIONE":"24146","ISTAT_COMUNE_SEZ":"1265","COMUNE_SEZ":"SETTIMO TORINESE","PROVINCIA":"TO","ID_CENTRALE":"1496","NOME_CENTRALE":"TORINO SETTIMO SUD","ISTAT_COMUNE_CENTR":"1265","COMUNE_CENTR":"SETTIMO TORINESE","PROVINCIA_CENTR":"TO","INDIRIZZO_CENTRALE":"VIA SAN BERNARDINO","LATITUDINE_SEZIONE":"45.13086","LONGITUDINE_SEZIONE":"7.75759","POS_X_SEZIONE":"402302.07009","POS_Y_SEZIONE":"4998237.74315","LATITUDINE_CENTRALE":"45.13148","LONGITUDINE_CENTRALE":"7.76615","POS_X_CENTRALE":"402976.59375","POS_Y_CENTRALE":"4998297.00000","TIPO_ADSL":"ADSL_2P","DESCRIZIONE_TIPO_ADSL":"ADSL 2+ (24 mega)","DISTANZA_CALCOLATA":"677.12","CLASSE_DISTANZA":"500-899","POTENZA_SEGNALE":"19523.33","POPOLAZIONE_SEZIONE": "528"}
			},
		 		{ "type" : "Feature",
				"geometry" : {
					"type" : "Point",
					"coordinates" : [7.75347,45.13136]},
			"properties" : { "ANNO":"2010","ID_SEZIONE":"24390","ISTAT_COMUNE_SEZ":"1265","COMUNE_SEZ":"SETTIMO TORINESE","PROVINCIA":"TO","ID_CENTRALE":"1496","NOME_CENTRALE":"TORINO SETTIMO SUD","ISTAT_COMUNE_CENTR":"1265","COMUNE_CENTR":"SETTIMO TORINESE","PROVINCIA_CENTR":"TO","INDIRIZZO_CENTRALE":"VIA SAN BERNARDINO","LATITUDINE_SEZIONE":"45.13136","LONGITUDINE_SEZIONE":"7.75347","POS_X_SEZIONE":"401979.38824","POS_Y_SEZIONE":"4998298.74079","LATITUDINE_CENTRALE":"45.13148","LONGITUDINE_CENTRALE":"7.76615","POS_X_CENTRALE":"402976.59375","POS_Y_CENTRALE":"4998297.00000","TIPO_ADSL":"ADSL_2P","DESCRIZIONE_TIPO_ADSL":"ADSL 2+ (24 mega)","DISTANZA_CALCOLATA":"997.21","CLASSE_DISTANZA":"900-1299","POTENZA_SEGNALE":"17737.5","POPOLAZIONE_SEZIONE": "34"}
			},
		 		{ "type" : "Feature",
				"geometry" : {
					"type" : "Point",
					"coordinates" : [7.75660,45.13697]},
			"properties" : { "ANNO":"2010","ID_SEZIONE":"25370","ISTAT_COMUNE_SEZ":"1265","COMUNE_SEZ":"SETTIMO TORINESE","PROVINCIA":"TO","ID_CENTRALE":"1496","NOME_CENTRALE":"TORINO SETTIMO SUD","ISTAT_COMUNE_CENTR":"1265","COMUNE_CENTR":"SETTIMO TORINESE","PROVINCIA_CENTR":"TO","INDIRIZZO_CENTRALE":"VIA SAN BERNARDINO","LATITUDINE_SEZIONE":"45.13697","LONGITUDINE_SEZIONE":"7.75660","POS_X_SEZIONE":"402234.81940","POS_Y_SEZIONE":"4998917.74879","LATITUDINE_CENTRALE":"45.13148","LONGITUDINE_CENTRALE":"7.76615","POS_X_CENTRALE":"402976.59375","POS_Y_CENTRALE":"4998297.00000","TIPO_ADSL":"ADSL_2P","DESCRIZIONE_TIPO_ADSL":"ADSL 2+ (24 mega)","DISTANZA_CALCOLATA":"967.24","CLASSE_DISTANZA":"900-1299","POTENZA_SEGNALE":"17737.5","POPOLAZIONE_SEZIONE": "87"}
			},
		 		{ "type" : "Feature",
				"geometry" : {
					"type" : "Point",
					"coordinates" : [7.76535,45.13368]},
			"properties" : { "ANNO":"2010","ID_SEZIONE":"25373","ISTAT_COMUNE_SEZ":"1265","COMUNE_SEZ":"SETTIMO TORINESE","PROVINCIA":"TO","ID_CENTRALE":"1496","NOME_CENTRALE":"TORINO SETTIMO SUD","ISTAT_COMUNE_CENTR":"1265","COMUNE_CENTR":"SETTIMO TORINESE","PROVINCIA_CENTR":"TO","INDIRIZZO_CENTRALE":"VIA SAN BERNARDINO","LATITUDINE_SEZIONE":"45.13368","LONGITUDINE_SEZIONE":"7.76535","POS_X_SEZIONE":"402917.15361","POS_Y_SEZIONE":"4998542.25106","LATITUDINE_CENTRALE":"45.13148","LONGITUDINE_CENTRALE":"7.76615","POS_X_CENTRALE":"402976.59375","POS_Y_CENTRALE":"4998297.00000","TIPO_ADSL":"ADSL_2P","DESCRIZIONE_TIPO_ADSL":"ADSL 2+ (24 mega)","DISTANZA_CALCOLATA":"252.35","CLASSE_DISTANZA":"100-499","POTENZA_SEGNALE":"19761.67","POPOLAZIONE_SEZIONE": "186"}
			},
		 		{ "type" : "Feature",
				"geometry" : {
					"type" : "Point",
					"coordinates" : [7.76222,45.13281]},
			"properties" : { "ANNO":"2010","ID_SEZIONE":"25646","ISTAT_COMUNE_SEZ":"1265","COMUNE_SEZ":"SETTIMO TORINESE","PROVINCIA":"TO","ID_CENTRALE":"1496","NOME_CENTRALE":"TORINO SETTIMO SUD","ISTAT_COMUNE_CENTR":"1265","COMUNE_CENTR":"SETTIMO TORINESE","PROVINCIA_CENTR":"TO","INDIRIZZO_CENTRALE":"VIA SAN BERNARDINO","LATITUDINE_SEZIONE":"45.13281","LONGITUDINE_SEZIONE":"7.76222","POS_X_SEZIONE":"402669.56372","POS_Y_SEZIONE":"4998448.74808","LATITUDINE_CENTRALE":"45.13148","LONGITUDINE_CENTRALE":"7.76615","POS_X_CENTRALE":"402976.59375","POS_Y_CENTRALE":"4998297.00000","TIPO_ADSL":"ADSL_2P","DESCRIZIONE_TIPO_ADSL":"ADSL 2+ (24 mega)","DISTANZA_CALCOLATA":"342.48","CLASSE_DISTANZA":"100-499","POTENZA_SEGNALE":"19761.67","POPOLAZIONE_SEZIONE": "15"}
			},
		 		{ "type" : "Feature",
				"geometry" : {
					"type" : "Point",
					"coordinates" : [7.76225,45.12071]},
			"properties" : { "ANNO":"2010","ID_SEZIONE":"25649","ISTAT_COMUNE_SEZ":"1265","COMUNE_SEZ":"SETTIMO TORINESE","PROVINCIA":"TO","ID_CENTRALE":"1496","NOME_CENTRALE":"TORINO SETTIMO SUD","ISTAT_COMUNE_CENTR":"1265","COMUNE_CENTR":"SETTIMO TORINESE","PROVINCIA_CENTR":"TO","INDIRIZZO_CENTRALE":"VIA SAN BERNARDINO","LATITUDINE_SEZIONE":"45.12071","LONGITUDINE_SEZIONE":"7.76225","POS_X_SEZIONE":"402651.38056","POS_Y_SEZIONE":"4997105.23653","LATITUDINE_CENTRALE":"45.13148","LONGITUDINE_CENTRALE":"7.76615","POS_X_CENTRALE":"402976.59375","POS_Y_CENTRALE":"4998297.00000","TIPO_ADSL":"ADSL_2P","DESCRIZIONE_TIPO_ADSL":"ADSL 2+ (24 mega)","DISTANZA_CALCOLATA":"1235.34","CLASSE_DISTANZA":"900-1299","POTENZA_SEGNALE":"17737.5","POPOLAZIONE_SEZIONE": "8"}
			},
		 		{ "type" : "Feature",
				"geometry" : {
					"type" : "Point",
					"coordinates" : [7.76284,45.13172]},
			"properties" : { "ANNO":"2010","ID_SEZIONE":"26044","ISTAT_COMUNE_SEZ":"1265","COMUNE_SEZ":"SETTIMO TORINESE","PROVINCIA":"TO","ID_CENTRALE":"1496","NOME_CENTRALE":"TORINO SETTIMO SUD","ISTAT_COMUNE_CENTR":"1265","COMUNE_CENTR":"SETTIMO TORINESE","PROVINCIA_CENTR":"TO","INDIRIZZO_CENTRALE":"VIA SAN BERNARDINO","LATITUDINE_SEZIONE":"45.13172","LONGITUDINE_SEZIONE":"7.76284","POS_X_SEZIONE":"402716.75169","POS_Y_SEZIONE":"4998327.24741","LATITUDINE_CENTRALE":"45.13148","LONGITUDINE_CENTRALE":"7.76615","POS_X_CENTRALE":"402976.59375","POS_Y_CENTRALE":"4998297.00000","TIPO_ADSL":"ADSL_2P","DESCRIZIONE_TIPO_ADSL":"ADSL 2+ (24 mega)","DISTANZA_CALCOLATA":"261.60","CLASSE_DISTANZA":"100-499","POTENZA_SEGNALE":"19761.67","POPOLAZIONE_SEZIONE": "269"}
			},
		 		{ "type" : "Feature",
				"geometry" : {
					"type" : "Point",
					"coordinates" : [7.76448,45.13255]},
			"properties" : { "ANNO":"2010","ID_SEZIONE":"26266","ISTAT_COMUNE_SEZ":"1265","COMUNE_SEZ":"SETTIMO TORINESE","PROVINCIA":"TO","ID_CENTRALE":"1496","NOME_CENTRALE":"TORINO SETTIMO SUD","ISTAT_COMUNE_CENTR":"1265","COMUNE_CENTR":"SETTIMO TORINESE","PROVINCIA_CENTR":"TO","INDIRIZZO_CENTRALE":"VIA SAN BERNARDINO","LATITUDINE_SEZIONE":"45.13255","LONGITUDINE_SEZIONE":"7.76448","POS_X_SEZIONE":"402847.12430","POS_Y_SEZIONE":"4998417.74955","LATITUDINE_CENTRALE":"45.13148","LONGITUDINE_CENTRALE":"7.76615","POS_X_CENTRALE":"402976.59375","POS_Y_CENTRALE":"4998297.00000","TIPO_ADSL":"ADSL_2P","DESCRIZIONE_TIPO_ADSL":"ADSL 2+ (24 mega)","DISTANZA_CALCOLATA":"177.04","CLASSE_DISTANZA":"100-499","POTENZA_SEGNALE":"19761.67","POPOLAZIONE_SEZIONE": "21"}
			},
		 		{ "type" : "Feature",
				"geometry" : {
					"type" : "Point",
					"coordinates" : [7.75816,45.13820]},
			"properties" : { "ANNO":"2010","ID_SEZIONE":"26927","ISTAT_COMUNE_SEZ":"1265","COMUNE_SEZ":"SETTIMO TORINESE","PROVINCIA":"TO","ID_CENTRALE":"1496","NOME_CENTRALE":"TORINO SETTIMO SUD","ISTAT_COMUNE_CENTR":"1265","COMUNE_CENTR":"SETTIMO TORINESE","PROVINCIA_CENTR":"TO","INDIRIZZO_CENTRALE":"VIA SAN BERNARDINO","LATITUDINE_SEZIONE":"45.13820","LONGITUDINE_SEZIONE":"7.75816","POS_X_SEZIONE":"402359.50523","POS_Y_SEZIONE":"4999052.75090","LATITUDINE_CENTRALE":"45.13148","LONGITUDINE_CENTRALE":"7.76615","POS_X_CENTRALE":"402976.59375","POS_Y_CENTRALE":"4998297.00000","TIPO_ADSL":"ADSL_2P","DESCRIZIONE_TIPO_ADSL":"ADSL 2+ (24 mega)","DISTANZA_CALCOLATA":"975.68","CLASSE_DISTANZA":"900-1299","POTENZA_SEGNALE":"17737.5","POPOLAZIONE_SEZIONE": "152"}
			},
		 		{ "type" : "Feature",
				"geometry" : {
					"type" : "Point",
					"coordinates" : [7.75058,45.13856]},
			"properties" : { "ANNO":"2010","ID_SEZIONE":"27318","ISTAT_COMUNE_SEZ":"1265","COMUNE_SEZ":"SETTIMO TORINESE","PROVINCIA":"TO","ID_CENTRALE":"1496","NOME_CENTRALE":"TORINO SETTIMO SUD","ISTAT_COMUNE_CENTR":"1265","COMUNE_CENTR":"SETTIMO TORINESE","PROVINCIA_CENTR":"TO","INDIRIZZO_CENTRALE":"VIA SAN BERNARDINO","LATITUDINE_SEZIONE":"45.13856","LONGITUDINE_SEZIONE":"7.75058","POS_X_SEZIONE":"401764.32673","POS_Y_SEZIONE":"4999102.24594","LATITUDINE_CENTRALE":"45.13148","LONGITUDINE_CENTRALE":"7.76615","POS_X_CENTRALE":"402976.59375","POS_Y_CENTRALE":"4998297.00000","TIPO_ADSL":"ADSL_2P","DESCRIZIONE_TIPO_ADSL":"ADSL 2+ (24 mega)","DISTANZA_CALCOLATA":"1455.34","CLASSE_DISTANZA":"1300-1699","POTENZA_SEGNALE":"16071.67","POPOLAZIONE_SEZIONE": "243"}
			},
		 		{ "type" : "Feature",
				"geometry" : {
					"type" : "Point",
					"coordinates" : [7.76986,45.13337]},
			"properties" : { "ANNO":"2010","ID_SEZIONE":"27471","ISTAT_COMUNE_SEZ":"1265","COMUNE_SEZ":"SETTIMO TORINESE","PROVINCIA":"TO","ID_CENTRALE":"1496","NOME_CENTRALE":"TORINO SETTIMO SUD","ISTAT_COMUNE_CENTR":"1265","COMUNE_CENTR":"SETTIMO TORINESE","PROVINCIA_CENTR":"TO","INDIRIZZO_CENTRALE":"VIA SAN BERNARDINO","LATITUDINE_SEZIONE":"45.13337","LONGITUDINE_SEZIONE":"7.76986","POS_X_SEZIONE":"403271.42945","POS_Y_SEZIONE":"4998502.25413","LATITUDINE_CENTRALE":"45.13148","LONGITUDINE_CENTRALE":"7.76615","POS_X_CENTRALE":"402976.59375","POS_Y_CENTRALE":"4998297.00000","TIPO_ADSL":"ADSL_2P","DESCRIZIONE_TIPO_ADSL":"ADSL 2+ (24 mega)","DISTANZA_CALCOLATA":"359.25","CLASSE_DISTANZA":"100-499","POTENZA_SEGNALE":"19761.67","POPOLAZIONE_SEZIONE": "265"}
			},
		 		{ "type" : "Feature",
				"geometry" : {
					"type" : "Point",
					"coordinates" : [7.75862,45.13373]},
			"properties" : { "ANNO":"2010","ID_SEZIONE":"28150","ISTAT_COMUNE_SEZ":"1265","COMUNE_SEZ":"SETTIMO TORINESE","PROVINCIA":"TO","ID_CENTRALE":"1496","NOME_CENTRALE":"TORINO SETTIMO SUD","ISTAT_COMUNE_CENTR":"1265","COMUNE_CENTR":"SETTIMO TORINESE","PROVINCIA_CENTR":"TO","INDIRIZZO_CENTRALE":"VIA SAN BERNARDINO","LATITUDINE_SEZIONE":"45.13373","LONGITUDINE_SEZIONE":"7.75862","POS_X_SEZIONE":"402388.09889","POS_Y_SEZIONE":"4998555.24664","LATITUDINE_CENTRALE":"45.13148","LONGITUDINE_CENTRALE":"7.76615","POS_X_CENTRALE":"402976.59375","POS_Y_CENTRALE":"4998297.00000","TIPO_ADSL":"ADSL_2P","DESCRIZIONE_TIPO_ADSL":"ADSL 2+ (24 mega)","DISTANZA_CALCOLATA":"642.66","CLASSE_DISTANZA":"500-899","POTENZA_SEGNALE":"19523.33","POPOLAZIONE_SEZIONE": "603"}
			},
		 		{ "type" : "Feature",
				"geometry" : {
					"type" : "Point",
					"coordinates" : [7.75625,45.12284]},
			"properties" : { "ANNO":"2010","ID_SEZIONE":"28358","ISTAT_COMUNE_SEZ":"1265","COMUNE_SEZ":"SETTIMO TORINESE","PROVINCIA":"TO","ID_CENTRALE":"1496","NOME_CENTRALE":"TORINO SETTIMO SUD","ISTAT_COMUNE_CENTR":"1265","COMUNE_CENTR":"SETTIMO TORINESE","PROVINCIA_CENTR":"TO","INDIRIZZO_CENTRALE":"VIA SAN BERNARDINO","LATITUDINE_SEZIONE":"45.12284","LONGITUDINE_SEZIONE":"7.75625","POS_X_SEZIONE":"402183.07412","POS_Y_SEZIONE":"4997349.23423","LATITUDINE_CENTRALE":"45.13148","LONGITUDINE_CENTRALE":"7.76615","POS_X_CENTRALE":"402976.59375","POS_Y_CENTRALE":"4998297.00000","TIPO_ADSL":"ADSL_2P","DESCRIZIONE_TIPO_ADSL":"ADSL 2+ (24 mega)","DISTANZA_CALCOLATA":"1236.1","CLASSE_DISTANZA":"900-1299","POTENZA_SEGNALE":"17737.5","POPOLAZIONE_SEZIONE": "13"}
			},
		 		{ "type" : "Feature",
				"geometry" : {
					"type" : "Point",
					"coordinates" : [7.76328,45.13340]},
			"properties" : { "ANNO":"2010","ID_SEZIONE":"29182","ISTAT_COMUNE_SEZ":"1265","COMUNE_SEZ":"SETTIMO TORINESE","PROVINCIA":"TO","ID_CENTRALE":"1496","NOME_CENTRALE":"TORINO SETTIMO SUD","ISTAT_COMUNE_CENTR":"1265","COMUNE_CENTR":"SETTIMO TORINESE","PROVINCIA_CENTR":"TO","INDIRIZZO_CENTRALE":"VIA SAN BERNARDINO","LATITUDINE_SEZIONE":"45.13340","LONGITUDINE_SEZIONE":"7.76328","POS_X_SEZIONE":"402753.65614","POS_Y_SEZIONE":"4998513.74955","LATITUDINE_CENTRALE":"45.13148","LONGITUDINE_CENTRALE":"7.76615","POS_X_CENTRALE":"402976.59375","POS_Y_CENTRALE":"4998297.00000","TIPO_ADSL":"ADSL_2P","DESCRIZIONE_TIPO_ADSL":"ADSL 2+ (24 mega)","DISTANZA_CALCOLATA":"310.94","CLASSE_DISTANZA":"100-499","POTENZA_SEGNALE":"19761.67","POPOLAZIONE_SEZIONE": "26"}
			},
		 		{ "type" : "Feature",
				"geometry" : {
					"type" : "Point",
					"coordinates" : [7.75584,45.13258]},
			"properties" : { "ANNO":"2010","ID_SEZIONE":"29183","ISTAT_COMUNE_SEZ":"1265","COMUNE_SEZ":"SETTIMO TORINESE","PROVINCIA":"TO","ID_CENTRALE":"1496","NOME_CENTRALE":"TORINO SETTIMO SUD","ISTAT_COMUNE_CENTR":"1265","COMUNE_CENTR":"SETTIMO TORINESE","PROVINCIA_CENTR":"TO","INDIRIZZO_CENTRALE":"VIA SAN BERNARDINO","LATITUDINE_SEZIONE":"45.13258","LONGITUDINE_SEZIONE":"7.75584","POS_X_SEZIONE":"402167.47758","POS_Y_SEZIONE":"4998431.24383","LATITUDINE_CENTRALE":"45.13148","LONGITUDINE_CENTRALE":"7.76615","POS_X_CENTRALE":"402976.59375","POS_Y_CENTRALE":"4998297.00000","TIPO_ADSL":"ADSL_2P","DESCRIZIONE_TIPO_ADSL":"ADSL 2+ (24 mega)","DISTANZA_CALCOLATA":"820.18","CLASSE_DISTANZA":"500-899","POTENZA_SEGNALE":"19523.33","POPOLAZIONE_SEZIONE": "80"}
			},
		 		{ "type" : "Feature",
				"geometry" : {
					"type" : "Point",
					"coordinates" : [7.75676,45.13001]},
			"properties" : { "ANNO":"2010","ID_SEZIONE":"29184","ISTAT_COMUNE_SEZ":"1265","COMUNE_SEZ":"SETTIMO TORINESE","PROVINCIA":"TO","ID_CENTRALE":"1496","NOME_CENTRALE":"TORINO SETTIMO SUD","ISTAT_COMUNE_CENTR":"1265","COMUNE_CENTR":"SETTIMO TORINESE","PROVINCIA_CENTR":"TO","INDIRIZZO_CENTRALE":"VIA SAN BERNARDINO","LATITUDINE_SEZIONE":"45.13001","LONGITUDINE_SEZIONE":"7.75676","POS_X_SEZIONE":"402235.57153","POS_Y_SEZIONE":"4998145.24165","LATITUDINE_CENTRALE":"45.13148","LONGITUDINE_CENTRALE":"7.76615","POS_X_CENTRALE":"402976.59375","POS_Y_CENTRALE":"4998297.00000","TIPO_ADSL":"ADSL_2P","DESCRIZIONE_TIPO_ADSL":"ADSL 2+ (24 mega)","DISTANZA_CALCOLATA":"756.40","CLASSE_DISTANZA":"500-899","POTENZA_SEGNALE":"19523.33","POPOLAZIONE_SEZIONE": "194"}
			},
		 		{ "type" : "Feature",
				"geometry" : {
					"type" : "Point",
					"coordinates" : [7.75942,45.12956]},
			"properties" : { "ANNO":"2010","ID_SEZIONE":"29441","ISTAT_COMUNE_SEZ":"1265","COMUNE_SEZ":"SETTIMO TORINESE","PROVINCIA":"TO","ID_CENTRALE":"1496","NOME_CENTRALE":"TORINO SETTIMO SUD","ISTAT_COMUNE_CENTR":"1265","COMUNE_CENTR":"SETTIMO TORINESE","PROVINCIA_CENTR":"TO","INDIRIZZO_CENTRALE":"VIA SAN BERNARDINO","LATITUDINE_SEZIONE":"45.12956","LONGITUDINE_SEZIONE":"7.75942","POS_X_SEZIONE":"402444.03745","POS_Y_SEZIONE":"4998091.24306","LATITUDINE_CENTRALE":"45.13148","LONGITUDINE_CENTRALE":"7.76615","POS_X_CENTRALE":"402976.59375","POS_Y_CENTRALE":"4998297.00000","TIPO_ADSL":"ADSL_2P","DESCRIZIONE_TIPO_ADSL":"ADSL 2+ (24 mega)","DISTANZA_CALCOLATA":"570.92","CLASSE_DISTANZA":"500-899","POTENZA_SEGNALE":"19523.33","POPOLAZIONE_SEZIONE": "418"}
			},
		 		{ "type" : "Feature",
				"geometry" : {
					"type" : "Point",
					"coordinates" : [7.76694,45.12790]},
			"properties" : { "ANNO":"2010","ID_SEZIONE":"29442","ISTAT_COMUNE_SEZ":"1265","COMUNE_SEZ":"SETTIMO TORINESE","PROVINCIA":"TO","ID_CENTRALE":"1496","NOME_CENTRALE":"TORINO SETTIMO SUD","ISTAT_COMUNE_CENTR":"1265","COMUNE_CENTR":"SETTIMO TORINESE","PROVINCIA_CENTR":"TO","INDIRIZZO_CENTRALE":"VIA SAN BERNARDINO","LATITUDINE_SEZIONE":"45.12790","LONGITUDINE_SEZIONE":"7.76694","POS_X_SEZIONE":"403032.27886","POS_Y_SEZIONE":"4997897.74699","LATITUDINE_CENTRALE":"45.13148","LONGITUDINE_CENTRALE":"7.76615","POS_X_CENTRALE":"402976.59375","POS_Y_CENTRALE":"4998297.00000","TIPO_ADSL":"ADSL_2P","DESCRIZIONE_TIPO_ADSL":"ADSL 2+ (24 mega)","DISTANZA_CALCOLATA":"403.12","CLASSE_DISTANZA":"100-499","POTENZA_SEGNALE":"19761.67","POPOLAZIONE_SEZIONE": "131"}
			},
		 		{ "type" : "Feature",
				"geometry" : {
					"type" : "Point",
					"coordinates" : [7.75248,45.12186]},
			"properties" : { "ANNO":"2010","ID_SEZIONE":"29827","ISTAT_COMUNE_SEZ":"1265","COMUNE_SEZ":"SETTIMO TORINESE","PROVINCIA":"TO","ID_CENTRALE":"1496","NOME_CENTRALE":"TORINO SETTIMO SUD","ISTAT_COMUNE_CENTR":"1265","COMUNE_CENTR":"SETTIMO TORINESE","PROVINCIA_CENTR":"TO","INDIRIZZO_CENTRALE":"VIA SAN BERNARDINO","LATITUDINE_SEZIONE":"45.12186","LONGITUDINE_SEZIONE":"7.75248","POS_X_SEZIONE":"401884.82849","POS_Y_SEZIONE":"4997244.23071","LATITUDINE_CENTRALE":"45.13148","LONGITUDINE_CENTRALE":"7.76615","POS_X_CENTRALE":"402976.59375","POS_Y_CENTRALE":"4998297.00000","TIPO_ADSL":"ADSL_2P","DESCRIZIONE_TIPO_ADSL":"ADSL 2+ (24 mega)","DISTANZA_CALCOLATA":"1516.67","CLASSE_DISTANZA":"1300-1699","POTENZA_SEGNALE":"16071.67","POPOLAZIONE_SEZIONE": "28"}
			},
		 		{ "type" : "Feature",
				"geometry" : {
					"type" : "Point",
					"coordinates" : [7.76328,45.12878]},
			"properties" : { "ANNO":"2010","ID_SEZIONE":"30421","ISTAT_COMUNE_SEZ":"1265","COMUNE_SEZ":"SETTIMO TORINESE","PROVINCIA":"TO","ID_CENTRALE":"1496","NOME_CENTRALE":"TORINO SETTIMO SUD","ISTAT_COMUNE_CENTR":"1265","COMUNE_CENTR":"SETTIMO TORINESE","PROVINCIA_CENTR":"TO","INDIRIZZO_CENTRALE":"VIA SAN BERNARDINO","LATITUDINE_SEZIONE":"45.12878","LONGITUDINE_SEZIONE":"7.76328","POS_X_SEZIONE":"402745.84507","POS_Y_SEZIONE":"4998000.74501","LATITUDINE_CENTRALE":"45.13148","LONGITUDINE_CENTRALE":"7.76615","POS_X_CENTRALE":"402976.59375","POS_Y_CENTRALE":"4998297.00000","TIPO_ADSL":"ADSL_2P","DESCRIZIONE_TIPO_ADSL":"ADSL 2+ (24 mega)","DISTANZA_CALCOLATA":"375.52","CLASSE_DISTANZA":"100-499","POTENZA_SEGNALE":"19761.67","POPOLAZIONE_SEZIONE": "865"}
			},
		 		{ "type" : "Feature",
				"geometry" : {
					"type" : "Point",
					"coordinates" : [7.76516,45.13048]},
			"properties" : { "ANNO":"2010","ID_SEZIONE":"31064","ISTAT_COMUNE_SEZ":"1265","COMUNE_SEZ":"SETTIMO TORINESE","PROVINCIA":"TO","ID_CENTRALE":"1496","NOME_CENTRALE":"TORINO SETTIMO SUD","ISTAT_COMUNE_CENTR":"1265","COMUNE_CENTR":"SETTIMO TORINESE","PROVINCIA_CENTR":"TO","INDIRIZZO_CENTRALE":"VIA SAN BERNARDINO","LATITUDINE_SEZIONE":"45.13048","LONGITUDINE_SEZIONE":"7.76516","POS_X_SEZIONE":"402896.90504","POS_Y_SEZIONE":"4998187.24818","LATITUDINE_CENTRALE":"45.13148","LONGITUDINE_CENTRALE":"7.76615","POS_X_CENTRALE":"402976.59375","POS_Y_CENTRALE":"4998297.00000","TIPO_ADSL":"ADSL_2P","DESCRIZIONE_TIPO_ADSL":"ADSL 2+ (24 mega)","DISTANZA_CALCOLATA":"135.63","CLASSE_DISTANZA":"100-499","POTENZA_SEGNALE":"19761.67","POPOLAZIONE_SEZIONE": "609"}
			},
		 		{ "type" : "Feature",
				"geometry" : {
					"type" : "Point",
					"coordinates" : [7.75380,45.13083]},
			"properties" : { "ANNO":"2010","ID_SEZIONE":"31225","ISTAT_COMUNE_SEZ":"1265","COMUNE_SEZ":"SETTIMO TORINESE","PROVINCIA":"TO","ID_CENTRALE":"1496","NOME_CENTRALE":"TORINO SETTIMO SUD","ISTAT_COMUNE_CENTR":"1265","COMUNE_CENTR":"SETTIMO TORINESE","PROVINCIA_CENTR":"TO","INDIRIZZO_CENTRALE":"VIA SAN BERNARDINO","LATITUDINE_SEZIONE":"45.13083","LONGITUDINE_SEZIONE":"7.75380","POS_X_SEZIONE":"402004.13780","POS_Y_SEZIONE":"4998239.74047","LATITUDINE_CENTRALE":"45.13148","LONGITUDINE_CENTRALE":"7.76615","POS_X_CENTRALE":"402976.59375","POS_Y_CENTRALE":"4998297.00000","TIPO_ADSL":"ADSL_2P","DESCRIZIONE_TIPO_ADSL":"ADSL 2+ (24 mega)","DISTANZA_CALCOLATA":"974.14","CLASSE_DISTANZA":"900-1299","POTENZA_SEGNALE":"17737.5","POPOLAZIONE_SEZIONE": "38"}
			},
		 		{ "type" : "Feature",
				"geometry" : {
					"type" : "Point",
					"coordinates" : [7.74774,45.12519]},
			"properties" : { "ANNO":"2010","ID_SEZIONE":"31878","ISTAT_COMUNE_SEZ":"1265","COMUNE_SEZ":"SETTIMO TORINESE","PROVINCIA":"TO","ID_CENTRALE":"1496","NOME_CENTRALE":"TORINO SETTIMO SUD","ISTAT_COMUNE_CENTR":"1265","COMUNE_CENTR":"SETTIMO TORINESE","PROVINCIA_CENTR":"TO","INDIRIZZO_CENTRALE":"VIA SAN BERNARDINO","LATITUDINE_SEZIONE":"45.12519","LONGITUDINE_SEZIONE":"7.74774","POS_X_SEZIONE":"401518.17710","POS_Y_SEZIONE":"4997619.73099","LATITUDINE_CENTRALE":"45.13148","LONGITUDINE_CENTRALE":"7.76615","POS_X_CENTRALE":"402976.59375","POS_Y_CENTRALE":"4998297.00000","TIPO_ADSL":"ADSL_2P","DESCRIZIONE_TIPO_ADSL":"ADSL 2+ (24 mega)","DISTANZA_CALCOLATA":"1608","CLASSE_DISTANZA":"1300-1699","POTENZA_SEGNALE":"16071.67","POPOLAZIONE_SEZIONE": "231"}
			},
		 		{ "type" : "Feature",
				"geometry" : {
					"type" : "Point",
					"coordinates" : [7.76234,45.13451]},
			"properties" : { "ANNO":"2010","ID_SEZIONE":"32501","ISTAT_COMUNE_SEZ":"1265","COMUNE_SEZ":"SETTIMO TORINESE","PROVINCIA":"TO","ID_CENTRALE":"1496","NOME_CENTRALE":"TORINO SETTIMO SUD","ISTAT_COMUNE_CENTR":"1265","COMUNE_CENTR":"SETTIMO TORINESE","PROVINCIA_CENTR":"TO","INDIRIZZO_CENTRALE":"VIA SAN BERNARDINO","LATITUDINE_SEZIONE":"45.13451","LONGITUDINE_SEZIONE":"7.76234","POS_X_SEZIONE":"402682.06318","POS_Y_SEZIONE":"4998638.25003","LATITUDINE_CENTRALE":"45.13148","LONGITUDINE_CENTRALE":"7.76615","POS_X_CENTRALE":"402976.59375","POS_Y_CENTRALE":"4998297.00000","TIPO_ADSL":"ADSL_2P","DESCRIZIONE_TIPO_ADSL":"ADSL 2+ (24 mega)","DISTANZA_CALCOLATA":"450.78","CLASSE_DISTANZA":"100-499","POTENZA_SEGNALE":"19761.67","POPOLAZIONE_SEZIONE": "104"}
			},
		 		{ "type" : "Feature",
				"geometry" : {
					"type" : "Point",
					"coordinates" : [7.76131,45.13049]},
			"properties" : { "ANNO":"2010","ID_SEZIONE":"32504","ISTAT_COMUNE_SEZ":"1265","COMUNE_SEZ":"SETTIMO TORINESE","PROVINCIA":"TO","ID_CENTRALE":"1496","NOME_CENTRALE":"TORINO SETTIMO SUD","ISTAT_COMUNE_CENTR":"1265","COMUNE_CENTR":"SETTIMO TORINESE","PROVINCIA_CENTR":"TO","INDIRIZZO_CENTRALE":"VIA SAN BERNARDINO","LATITUDINE_SEZIONE":"45.13049","LONGITUDINE_SEZIONE":"7.76131","POS_X_SEZIONE":"402594.03451","POS_Y_SEZIONE":"4998192.74552","LATITUDINE_CENTRALE":"45.13148","LONGITUDINE_CENTRALE":"7.76615","POS_X_CENTRALE":"402976.59375","POS_Y_CENTRALE":"4998297.00000","TIPO_ADSL":"ADSL_2P","DESCRIZIONE_TIPO_ADSL":"ADSL 2+ (24 mega)","DISTANZA_CALCOLATA":"396.51","CLASSE_DISTANZA":"100-499","POTENZA_SEGNALE":"19761.67","POPOLAZIONE_SEZIONE": "228"}
			},
		 		{ "type" : "Feature",
				"geometry" : {
					"type" : "Point",
					"coordinates" : [7.75643,45.12961]},
			"properties" : { "ANNO":"2010","ID_SEZIONE":"32505","ISTAT_COMUNE_SEZ":"1265","COMUNE_SEZ":"SETTIMO TORINESE","PROVINCIA":"TO","ID_CENTRALE":"1496","NOME_CENTRALE":"TORINO SETTIMO SUD","ISTAT_COMUNE_CENTR":"1265","COMUNE_CENTR":"SETTIMO TORINESE","PROVINCIA_CENTR":"TO","INDIRIZZO_CENTRALE":"VIA SAN BERNARDINO","LATITUDINE_SEZIONE":"45.12961","LONGITUDINE_SEZIONE":"7.75643","POS_X_SEZIONE":"402209.07195","POS_Y_SEZIONE":"4998100.74117","LATITUDINE_CENTRALE":"45.13148","LONGITUDINE_CENTRALE":"7.76615","POS_X_CENTRALE":"402976.59375","POS_Y_CENTRALE":"4998297.00000","TIPO_ADSL":"ADSL_2P","DESCRIZIONE_TIPO_ADSL":"ADSL 2+ (24 mega)","DISTANZA_CALCOLATA":"792.22","CLASSE_DISTANZA":"500-899","POTENZA_SEGNALE":"19523.33","POPOLAZIONE_SEZIONE": "444"}
			},
		 		{ "type" : "Feature",
				"geometry" : {
					"type" : "Point",
					"coordinates" : [7.73536,45.13044]},
			"properties" : { "ANNO":"2010","ID_SEZIONE":"32769","ISTAT_COMUNE_SEZ":"1265","COMUNE_SEZ":"SETTIMO TORINESE","PROVINCIA":"TO","ID_CENTRALE":"1496","NOME_CENTRALE":"TORINO SETTIMO SUD","ISTAT_COMUNE_CENTR":"1265","COMUNE_CENTR":"SETTIMO TORINESE","PROVINCIA_CENTR":"TO","INDIRIZZO_CENTRALE":"VIA SAN BERNARDINO","LATITUDINE_SEZIONE":"45.13044","LONGITUDINE_SEZIONE":"7.73536","POS_X_SEZIONE":"400553.53531","POS_Y_SEZIONE":"4998218.22776","LATITUDINE_CENTRALE":"45.13148","LONGITUDINE_CENTRALE":"7.76615","POS_X_CENTRALE":"402976.59375","POS_Y_CENTRALE":"4998297.00000","TIPO_ADSL":"ADSL_2P","DESCRIZIONE_TIPO_ADSL":"ADSL 2+ (24 mega)","DISTANZA_CALCOLATA":"2424.34","CLASSE_DISTANZA":"2100-2499","POTENZA_SEGNALE":"10000","POPOLAZIONE_SEZIONE": "2"}
			},
		 		{ "type" : "Feature",
				"geometry" : {
					"type" : "Point",
					"coordinates" : [7.76163,45.13182]},
			"properties" : { "ANNO":"2010","ID_SEZIONE":"32770","ISTAT_COMUNE_SEZ":"1265","COMUNE_SEZ":"SETTIMO TORINESE","PROVINCIA":"TO","ID_CENTRALE":"1496","NOME_CENTRALE":"TORINO SETTIMO SUD","ISTAT_COMUNE_CENTR":"1265","COMUNE_CENTR":"SETTIMO TORINESE","PROVINCIA_CENTR":"TO","INDIRIZZO_CENTRALE":"VIA SAN BERNARDINO","LATITUDINE_SEZIONE":"45.13182","LONGITUDINE_SEZIONE":"7.76163","POS_X_SEZIONE":"402621.37787","POS_Y_SEZIONE":"4998340.24709","LATITUDINE_CENTRALE":"45.13148","LONGITUDINE_CENTRALE":"7.76615","POS_X_CENTRALE":"402976.59375","POS_Y_CENTRALE":"4998297.00000","TIPO_ADSL":"ADSL_2P","DESCRIZIONE_TIPO_ADSL":"ADSL 2+ (24 mega)","DISTANZA_CALCOLATA":"357.84","CLASSE_DISTANZA":"100-499","POTENZA_SEGNALE":"19761.67","POPOLAZIONE_SEZIONE": "43"}
			}
		 		]
	}
		