 	{ "type" : "FeatureCollection",
		"features" : [
		 		{ "type" : "Feature",
				"geometry" : {
					"type" : "Point",
					"coordinates" : [7.32336,44.78456]},
			"properties" : { "ANNO":"2010","ID_SEZIONE":"350","ISTAT_COMUNE_SEZ":"1025","COMUNE_SEZ":"BIBIANA","PROVINCIA":"TO","ID_CENTRALE":"156","NOME_CENTRALE":"BIBIANA","ISTAT_COMUNE_CENTR":"1025","COMUNE_CENTR":"BIBIANA","PROVINCIA_CENTR":"TO","INDIRIZZO_CENTRALE":"VIA PINEROLO->43","LATITUDINE_SEZIONE":"44.78456","LONGITUDINE_SEZIONE":"7.32336","POS_X_SEZIONE":"367360.38737","POS_Y_SEZIONE":"4960385.97941","LATITUDINE_CENTRALE":"44.80188","LONGITUDINE_CENTRALE":"7.28873","POS_X_CENTRALE":"364661.25382","POS_Y_CENTRALE":"4962366.69713","TIPO_ADSL":"ADSL_1","DESCRIZIONE_TIPO_ADSL":"ADSL (8 mega)","DISTANZA_CALCOLATA":"3347.92","CLASSE_DISTANZA":"3300-3699","POTENZA_SEGNALE":"3999.63","POPOLAZIONE_SEZIONE": "171"}
			},
		 		{ "type" : "Feature",
				"geometry" : {
					"type" : "Point",
					"coordinates" : [7.28512,44.79976]},
			"properties" : { "ANNO":"2010","ID_SEZIONE":"5197","ISTAT_COMUNE_SEZ":"1025","COMUNE_SEZ":"BIBIANA","PROVINCIA":"TO","ID_CENTRALE":"156","NOME_CENTRALE":"BIBIANA","ISTAT_COMUNE_CENTR":"1025","COMUNE_CENTR":"BIBIANA","PROVINCIA_CENTR":"TO","INDIRIZZO_CENTRALE":"VIA PINEROLO->43","LATITUDINE_SEZIONE":"44.79976","LONGITUDINE_SEZIONE":"7.28512","POS_X_SEZIONE":"364371.43326","POS_Y_SEZIONE":"4962137.48174","LATITUDINE_CENTRALE":"44.80188","LONGITUDINE_CENTRALE":"7.28873","POS_X_CENTRALE":"364661.25382","POS_Y_CENTRALE":"4962366.69713","TIPO_ADSL":"ADSL_1","DESCRIZIONE_TIPO_ADSL":"ADSL (8 mega)","DISTANZA_CALCOLATA":"369.51","CLASSE_DISTANZA":"100-499","POTENZA_SEGNALE":"7000","POPOLAZIONE_SEZIONE": "559"}
			},
		 		{ "type" : "Feature",
				"geometry" : {
					"type" : "Point",
					"coordinates" : [7.29184,44.79729]},
			"properties" : { "ANNO":"2010","ID_SEZIONE":"18069","ISTAT_COMUNE_SEZ":"1025","COMUNE_SEZ":"BIBIANA","PROVINCIA":"TO","ID_CENTRALE":"156","NOME_CENTRALE":"BIBIANA","ISTAT_COMUNE_CENTR":"1025","COMUNE_CENTR":"BIBIANA","PROVINCIA_CENTR":"TO","INDIRIZZO_CENTRALE":"VIA PINEROLO->43","LATITUDINE_SEZIONE":"44.79729","LONGITUDINE_SEZIONE":"7.29184","POS_X_SEZIONE":"364897.16919","POS_Y_SEZIONE":"4961851.98184","LATITUDINE_CENTRALE":"44.80188","LONGITUDINE_CENTRALE":"7.28873","POS_X_CENTRALE":"364661.25382","POS_Y_CENTRALE":"4962366.69713","TIPO_ADSL":"ADSL_1","DESCRIZIONE_TIPO_ADSL":"ADSL (8 mega)","DISTANZA_CALCOLATA":"566.20","CLASSE_DISTANZA":"500-899","POTENZA_SEGNALE":"7000","POPOLAZIONE_SEZIONE": "680"}
			},
		 		{ "type" : "Feature",
				"geometry" : {
					"type" : "Point",
					"coordinates" : [7.28644,44.78711]},
			"properties" : { "ANNO":"2010","ID_SEZIONE":"22117","ISTAT_COMUNE_SEZ":"1025","COMUNE_SEZ":"BIBIANA","PROVINCIA":"TO","ID_CENTRALE":"156","NOME_CENTRALE":"BIBIANA","ISTAT_COMUNE_CENTR":"1025","COMUNE_CENTR":"BIBIANA","PROVINCIA_CENTR":"TO","INDIRIZZO_CENTRALE":"VIA PINEROLO->43","LATITUDINE_SEZIONE":"44.78711","LONGITUDINE_SEZIONE":"7.28644","POS_X_SEZIONE":"364446.00554","POS_Y_SEZIONE":"4960729.46331","LATITUDINE_CENTRALE":"44.80188","LONGITUDINE_CENTRALE":"7.28873","POS_X_CENTRALE":"364661.25382","POS_Y_CENTRALE":"4962366.69713","TIPO_ADSL":"ADSL_1","DESCRIZIONE_TIPO_ADSL":"ADSL (8 mega)","DISTANZA_CALCOLATA":"1651.32","CLASSE_DISTANZA":"1300-1699","POTENZA_SEGNALE":"7000","POPOLAZIONE_SEZIONE": "225"}
			},
		 		{ "type" : "Feature",
				"geometry" : {
					"type" : "Point",
					"coordinates" : [7.30285,44.80841]},
			"properties" : { "ANNO":"2010","ID_SEZIONE":"24823","ISTAT_COMUNE_SEZ":"1049","COMUNE_SEZ":"CAMPIGLIONE-FENILE","PROVINCIA":"TO","ID_CENTRALE":"156","NOME_CENTRALE":"BIBIANA","ISTAT_COMUNE_CENTR":"1025","COMUNE_CENTR":"BIBIANA","PROVINCIA_CENTR":"TO","INDIRIZZO_CENTRALE":"VIA PINEROLO->43","LATITUDINE_SEZIONE":"44.80841","LONGITUDINE_SEZIONE":"7.30285","POS_X_SEZIONE":"365793.16049","POS_Y_SEZIONE":"4963069.00431","LATITUDINE_CENTRALE":"44.80188","LONGITUDINE_CENTRALE":"7.28873","POS_X_CENTRALE":"364661.25382","POS_Y_CENTRALE":"4962366.69713","TIPO_ADSL":"ADSL_1","DESCRIZIONE_TIPO_ADSL":"ADSL (8 mega)","DISTANZA_CALCOLATA":"1332.08","CLASSE_DISTANZA":"1300-1699","POTENZA_SEGNALE":"7000","POPOLAZIONE_SEZIONE": "28"}
			},
		 		{ "type" : "Feature",
				"geometry" : {
					"type" : "Point",
					"coordinates" : [7.28700,44.79533]},
			"properties" : { "ANNO":"2010","ID_SEZIONE":"26690","ISTAT_COMUNE_SEZ":"1025","COMUNE_SEZ":"BIBIANA","PROVINCIA":"TO","ID_CENTRALE":"156","NOME_CENTRALE":"BIBIANA","ISTAT_COMUNE_CENTR":"1025","COMUNE_CENTR":"BIBIANA","PROVINCIA_CENTR":"TO","INDIRIZZO_CENTRALE":"VIA PINEROLO->43","LATITUDINE_SEZIONE":"44.79533","LONGITUDINE_SEZIONE":"7.28700","POS_X_SEZIONE":"364509.43313","POS_Y_SEZIONE":"4961641.97634","LATITUDINE_CENTRALE":"44.80188","LONGITUDINE_CENTRALE":"7.28873","POS_X_CENTRALE":"364661.25382","POS_Y_CENTRALE":"4962366.69713","TIPO_ADSL":"ADSL_1","DESCRIZIONE_TIPO_ADSL":"ADSL (8 mega)","DISTANZA_CALCOLATA":"740.45","CLASSE_DISTANZA":"500-899","POTENZA_SEGNALE":"7000","POPOLAZIONE_SEZIONE": "168"}
			},
		 		{ "type" : "Feature",
				"geometry" : {
					"type" : "Point",
					"coordinates" : [7.29094,44.80358]},
			"properties" : { "ANNO":"2010","ID_SEZIONE":"30021","ISTAT_COMUNE_SEZ":"1025","COMUNE_SEZ":"BIBIANA","PROVINCIA":"TO","ID_CENTRALE":"156","NOME_CENTRALE":"BIBIANA","ISTAT_COMUNE_CENTR":"1025","COMUNE_CENTR":"BIBIANA","PROVINCIA_CENTR":"TO","INDIRIZZO_CENTRALE":"VIA PINEROLO->43","LATITUDINE_SEZIONE":"44.80358","LONGITUDINE_SEZIONE":"7.29094","POS_X_SEZIONE":"364840.28958","POS_Y_SEZIONE":"4962551.99080","LATITUDINE_CENTRALE":"44.80188","LONGITUDINE_CENTRALE":"7.28873","POS_X_CENTRALE":"364661.25382","POS_Y_CENTRALE":"4962366.69713","TIPO_ADSL":"ADSL_1","DESCRIZIONE_TIPO_ADSL":"ADSL (8 mega)","DISTANZA_CALCOLATA":"257.66","CLASSE_DISTANZA":"100-499","POTENZA_SEGNALE":"7000","POPOLAZIONE_SEZIONE": "249"}
			},
		 		{ "type" : "Feature",
				"geometry" : {
					"type" : "Point",
					"coordinates" : [7.29943,44.80765]},
			"properties" : { "ANNO":"2010","ID_SEZIONE":"31326","ISTAT_COMUNE_SEZ":"1049","COMUNE_SEZ":"CAMPIGLIONE-FENILE","PROVINCIA":"TO","ID_CENTRALE":"156","NOME_CENTRALE":"BIBIANA","ISTAT_COMUNE_CENTR":"1025","COMUNE_CENTR":"BIBIANA","PROVINCIA_CENTR":"TO","INDIRIZZO_CENTRALE":"VIA PINEROLO->43","LATITUDINE_SEZIONE":"44.80765","LONGITUDINE_SEZIONE":"7.29943","POS_X_SEZIONE":"365521.29515","POS_Y_SEZIONE":"4962990.00168","LATITUDINE_CENTRALE":"44.80188","LONGITUDINE_CENTRALE":"7.28873","POS_X_CENTRALE":"364661.25382","POS_Y_CENTRALE":"4962366.69713","TIPO_ADSL":"ADSL_1","DESCRIZIONE_TIPO_ADSL":"ADSL (8 mega)","DISTANZA_CALCOLATA":"1062.16","CLASSE_DISTANZA":"900-1299","POTENZA_SEGNALE":"7000","POPOLAZIONE_SEZIONE": "49"}
			}
		 		]
	}
		