 	{ "type" : "FeatureCollection",
		"features" : [
		 		{ "type" : "Feature",
				"geometry" : {
					"type" : "Point",
					"coordinates" : [8.17501,45.40129]},
			"properties" : { "ANNO":"2010","ID_SEZIONE":"41","ISTAT_COMUNE_SEZ":"2133","COMUNE_SEZ":"SANTHIA'","PROVINCIA":"VC","ID_CENTRALE":"1300","NOME_CENTRALE":"SANTHIA'","ISTAT_COMUNE_CENTR":"2133","COMUNE_CENTR":"SANTHIA'","PROVINCIA_CENTR":"VC","INDIRIZZO_CENTRALE":"COMO DE REGE 16","LATITUDINE_SEZIONE":"45.40129","LONGITUDINE_SEZIONE":"8.17501","POS_X_SEZIONE":"435433.60087","POS_Y_SEZIONE":"5027860.95163","LATITUDINE_CENTRALE":"45.36543","LONGITUDINE_CENTRALE":"8.17434","POS_X_CENTRALE":"435340.49602","POS_Y_CENTRALE":"5023877.34953","TIPO_ADSL":"ADSL_1","DESCRIZIONE_TIPO_ADSL":"ADSL (8 mega)","DISTANZA_CALCOLATA":"3984.69","CLASSE_DISTANZA":"3700-4099","POTENZA_SEGNALE":"3000.38","POPOLAZIONE_SEZIONE": "6"}
			},
		 		{ "type" : "Feature",
				"geometry" : {
					"type" : "Point",
					"coordinates" : [8.14406,45.39479]},
			"properties" : { "ANNO":"2010","ID_SEZIONE":"365","ISTAT_COMUNE_SEZ":"2133","COMUNE_SEZ":"SANTHIA'","PROVINCIA":"VC","ID_CENTRALE":"1300","NOME_CENTRALE":"SANTHIA'","ISTAT_COMUNE_CENTR":"2133","COMUNE_CENTR":"SANTHIA'","PROVINCIA_CENTR":"VC","INDIRIZZO_CENTRALE":"COMO DE REGE 16","LATITUDINE_SEZIONE":"45.39479","LONGITUDINE_SEZIONE":"8.14406","POS_X_SEZIONE":"433003.48759","POS_Y_SEZIONE":"5027164.38945","LATITUDINE_CENTRALE":"45.36543","LONGITUDINE_CENTRALE":"8.17434","POS_X_CENTRALE":"435340.49602","POS_Y_CENTRALE":"5023877.34953","TIPO_ADSL":"ADSL_1","DESCRIZIONE_TIPO_ADSL":"ADSL (8 mega)","DISTANZA_CALCOLATA":"4033.14","CLASSE_DISTANZA":"3700-4099","POTENZA_SEGNALE":"3000.38","POPOLAZIONE_SEZIONE": "51"}
			},
		 		{ "type" : "Feature",
				"geometry" : {
					"type" : "Point",
					"coordinates" : [8.18928,45.39117]},
			"properties" : { "ANNO":"2010","ID_SEZIONE":"366","ISTAT_COMUNE_SEZ":"2133","COMUNE_SEZ":"SANTHIA'","PROVINCIA":"VC","ID_CENTRALE":"1300","NOME_CENTRALE":"SANTHIA'","ISTAT_COMUNE_CENTR":"2133","COMUNE_CENTR":"SANTHIA'","PROVINCIA_CENTR":"VC","INDIRIZZO_CENTRALE":"COMO DE REGE 16","LATITUDINE_SEZIONE":"45.39117","LONGITUDINE_SEZIONE":"8.18928","POS_X_SEZIONE":"436539.28792","POS_Y_SEZIONE":"5026725.96949","LATITUDINE_CENTRALE":"45.36543","LONGITUDINE_CENTRALE":"8.17434","POS_X_CENTRALE":"435340.49602","POS_Y_CENTRALE":"5023877.34953","TIPO_ADSL":"ADSL_1","DESCRIZIONE_TIPO_ADSL":"ADSL (8 mega)","DISTANZA_CALCOLATA":"3090.59","CLASSE_DISTANZA":"2900-3299","POTENZA_SEGNALE":"4999.75","POPOLAZIONE_SEZIONE": "18"}
			},
		 		{ "type" : "Feature",
				"geometry" : {
					"type" : "Point",
					"coordinates" : [8.16953,45.36949]},
			"properties" : { "ANNO":"2010","ID_SEZIONE":"367","ISTAT_COMUNE_SEZ":"2133","COMUNE_SEZ":"SANTHIA'","PROVINCIA":"VC","ID_CENTRALE":"1300","NOME_CENTRALE":"SANTHIA'","ISTAT_COMUNE_CENTR":"2133","COMUNE_CENTR":"SANTHIA'","PROVINCIA_CENTR":"VC","INDIRIZZO_CENTRALE":"COMO DE REGE 16","LATITUDINE_SEZIONE":"45.36949","LONGITUDINE_SEZIONE":"8.16953","POS_X_SEZIONE":"434968.01163","POS_Y_SEZIONE":"5024332.91579","LATITUDINE_CENTRALE":"45.36543","LONGITUDINE_CENTRALE":"8.17434","POS_X_CENTRALE":"435340.49602","POS_Y_CENTRALE":"5023877.34953","TIPO_ADSL":"ADSL_1","DESCRIZIONE_TIPO_ADSL":"ADSL (8 mega)","DISTANZA_CALCOLATA":"588.46","CLASSE_DISTANZA":"500-899","POTENZA_SEGNALE":"7000","POPOLAZIONE_SEZIONE": "689"}
			},
		 		{ "type" : "Feature",
				"geometry" : {
					"type" : "Point",
					"coordinates" : [8.17248,45.37202]},
			"properties" : { "ANNO":"2010","ID_SEZIONE":"2048","ISTAT_COMUNE_SEZ":"2133","COMUNE_SEZ":"SANTHIA'","PROVINCIA":"VC","ID_CENTRALE":"1300","NOME_CENTRALE":"SANTHIA'","ISTAT_COMUNE_CENTR":"2133","COMUNE_CENTR":"SANTHIA'","PROVINCIA_CENTR":"VC","INDIRIZZO_CENTRALE":"COMO DE REGE 16","LATITUDINE_SEZIONE":"45.37202","LONGITUDINE_SEZIONE":"8.17248","POS_X_SEZIONE":"435202.45233","POS_Y_SEZIONE":"5024611.42331","LATITUDINE_CENTRALE":"45.36543","LONGITUDINE_CENTRALE":"8.17434","POS_X_CENTRALE":"435340.49602","POS_Y_CENTRALE":"5023877.34953","TIPO_ADSL":"ADSL_1","DESCRIZIONE_TIPO_ADSL":"ADSL (8 mega)","DISTANZA_CALCOLATA":"746.94","CLASSE_DISTANZA":"500-899","POTENZA_SEGNALE":"7000","POPOLAZIONE_SEZIONE": "789"}
			},
		 		{ "type" : "Feature",
				"geometry" : {
					"type" : "Point",
					"coordinates" : [8.19661,45.37113]},
			"properties" : { "ANNO":"2010","ID_SEZIONE":"2798","ISTAT_COMUNE_SEZ":"2133","COMUNE_SEZ":"SANTHIA'","PROVINCIA":"VC","ID_CENTRALE":"1300","NOME_CENTRALE":"SANTHIA'","ISTAT_COMUNE_CENTR":"2133","COMUNE_CENTR":"SANTHIA'","PROVINCIA_CENTR":"VC","INDIRIZZO_CENTRALE":"COMO DE REGE 16","LATITUDINE_SEZIONE":"45.37113","LONGITUDINE_SEZIONE":"8.19661","POS_X_SEZIONE":"437090.83684","POS_Y_SEZIONE":"5024493.46568","LATITUDINE_CENTRALE":"45.36543","LONGITUDINE_CENTRALE":"8.17434","POS_X_CENTRALE":"435340.49602","POS_Y_CENTRALE":"5023877.34953","TIPO_ADSL":"ADSL_1","DESCRIZIONE_TIPO_ADSL":"ADSL (8 mega)","DISTANZA_CALCOLATA":"1855.61","CLASSE_DISTANZA":"1700-2099","POTENZA_SEGNALE":"6874.88","POPOLAZIONE_SEZIONE": "17"}
			},
		 		{ "type" : "Feature",
				"geometry" : {
					"type" : "Point",
					"coordinates" : [8.21728,45.37160]},
			"properties" : { "ANNO":"2010","ID_SEZIONE":"3909","ISTAT_COMUNE_SEZ":"2133","COMUNE_SEZ":"SANTHIA'","PROVINCIA":"VC","ID_CENTRALE":"1300","NOME_CENTRALE":"SANTHIA'","ISTAT_COMUNE_CENTR":"2133","COMUNE_CENTR":"SANTHIA'","PROVINCIA_CENTR":"VC","INDIRIZZO_CENTRALE":"COMO DE REGE 16","LATITUDINE_SEZIONE":"45.37160","LONGITUDINE_SEZIONE":"8.21728","POS_X_SEZIONE":"438709.45009","POS_Y_SEZIONE":"5024529.99534","LATITUDINE_CENTRALE":"45.36543","LONGITUDINE_CENTRALE":"8.17434","POS_X_CENTRALE":"435340.49602","POS_Y_CENTRALE":"5023877.34953","TIPO_ADSL":"ADSL_1","DESCRIZIONE_TIPO_ADSL":"ADSL (8 mega)","DISTANZA_CALCOLATA":"3431.59","CLASSE_DISTANZA":"3300-3699","POTENZA_SEGNALE":"3999.63","POPOLAZIONE_SEZIONE": "3"}
			},
		 		{ "type" : "Feature",
				"geometry" : {
					"type" : "Point",
					"coordinates" : [8.16664,45.36537]},
			"properties" : { "ANNO":"2010","ID_SEZIONE":"4254","ISTAT_COMUNE_SEZ":"2133","COMUNE_SEZ":"SANTHIA'","PROVINCIA":"VC","ID_CENTRALE":"1300","NOME_CENTRALE":"SANTHIA'","ISTAT_COMUNE_CENTR":"2133","COMUNE_CENTR":"SANTHIA'","PROVINCIA_CENTR":"VC","INDIRIZZO_CENTRALE":"COMO DE REGE 16","LATITUDINE_SEZIONE":"45.36537","LONGITUDINE_SEZIONE":"8.16664","POS_X_SEZIONE":"434737.06891","POS_Y_SEZIONE":"5023876.90759","LATITUDINE_CENTRALE":"45.36543","LONGITUDINE_CENTRALE":"8.17434","POS_X_CENTRALE":"435340.49602","POS_Y_CENTRALE":"5023877.34953","TIPO_ADSL":"ADSL_1","DESCRIZIONE_TIPO_ADSL":"ADSL (8 mega)","DISTANZA_CALCOLATA":"603.43","CLASSE_DISTANZA":"500-899","POTENZA_SEGNALE":"7000","POPOLAZIONE_SEZIONE": "684"}
			},
		 		{ "type" : "Feature",
				"geometry" : {
					"type" : "Point",
					"coordinates" : [8.24085,45.40792]},
			"properties" : { "ANNO":"2010","ID_SEZIONE":"4867","ISTAT_COMUNE_SEZ":"2133","COMUNE_SEZ":"SANTHIA'","PROVINCIA":"VC","ID_CENTRALE":"1300","NOME_CENTRALE":"SANTHIA'","ISTAT_COMUNE_CENTR":"2133","COMUNE_CENTR":"SANTHIA'","PROVINCIA_CENTR":"VC","INDIRIZZO_CENTRALE":"COMO DE REGE 16","LATITUDINE_SEZIONE":"45.40792","LONGITUDINE_SEZIONE":"8.24085","POS_X_SEZIONE":"440593.47493","POS_Y_SEZIONE":"5028546.55803","LATITUDINE_CENTRALE":"45.36543","LONGITUDINE_CENTRALE":"8.17434","POS_X_CENTRALE":"435340.49602","POS_Y_CENTRALE":"5023877.34953","TIPO_ADSL":"ADSL_1","DESCRIZIONE_TIPO_ADSL":"ADSL (8 mega)","DISTANZA_CALCOLATA":"7028.18","CLASSE_DISTANZA":"6100 e oltre","POTENZA_SEGNALE":"0.00","POPOLAZIONE_SEZIONE": ""}
			},
		 		{ "type" : "Feature",
				"geometry" : {
					"type" : "Point",
					"coordinates" : [8.17298,45.35206]},
			"properties" : { "ANNO":"2010","ID_SEZIONE":"6020","ISTAT_COMUNE_SEZ":"2133","COMUNE_SEZ":"SANTHIA'","PROVINCIA":"VC","ID_CENTRALE":"1300","NOME_CENTRALE":"SANTHIA'","ISTAT_COMUNE_CENTR":"2133","COMUNE_CENTR":"SANTHIA'","PROVINCIA_CENTR":"VC","INDIRIZZO_CENTRALE":"COMO DE REGE 16","LATITUDINE_SEZIONE":"45.35206","LONGITUDINE_SEZIONE":"8.17298","POS_X_SEZIONE":"435218.60030","POS_Y_SEZIONE":"5022393.40807","LATITUDINE_CENTRALE":"45.36543","LONGITUDINE_CENTRALE":"8.17434","POS_X_CENTRALE":"435340.49602","POS_Y_CENTRALE":"5023877.34953","TIPO_ADSL":"ADSL_1","DESCRIZIONE_TIPO_ADSL":"ADSL (8 mega)","DISTANZA_CALCOLATA":"1488.94","CLASSE_DISTANZA":"1300-1699","POTENZA_SEGNALE":"7000","POPOLAZIONE_SEZIONE": "11"}
			},
		 		{ "type" : "Feature",
				"geometry" : {
					"type" : "Point",
					"coordinates" : [8.17954,45.39227]},
			"properties" : { "ANNO":"2010","ID_SEZIONE":"6291","ISTAT_COMUNE_SEZ":"2133","COMUNE_SEZ":"SANTHIA'","PROVINCIA":"VC","ID_CENTRALE":"1300","NOME_CENTRALE":"SANTHIA'","ISTAT_COMUNE_CENTR":"2133","COMUNE_CENTR":"SANTHIA'","PROVINCIA_CENTR":"VC","INDIRIZZO_CENTRALE":"COMO DE REGE 16","LATITUDINE_SEZIONE":"45.39227","LONGITUDINE_SEZIONE":"8.17954","POS_X_SEZIONE":"435777.67307","POS_Y_SEZIONE":"5026855.95246","LATITUDINE_CENTRALE":"45.36543","LONGITUDINE_CENTRALE":"8.17434","POS_X_CENTRALE":"435340.49602","POS_Y_CENTRALE":"5023877.34953","TIPO_ADSL":"ADSL_1","DESCRIZIONE_TIPO_ADSL":"ADSL (8 mega)","DISTANZA_CALCOLATA":"3010.51","CLASSE_DISTANZA":"2900-3299","POTENZA_SEGNALE":"4999.75","POPOLAZIONE_SEZIONE": "1"}
			},
		 		{ "type" : "Feature",
				"geometry" : {
					"type" : "Point",
					"coordinates" : [8.15941,45.36910]},
			"properties" : { "ANNO":"2010","ID_SEZIONE":"6558","ISTAT_COMUNE_SEZ":"2133","COMUNE_SEZ":"SANTHIA'","PROVINCIA":"VC","ID_CENTRALE":"1300","NOME_CENTRALE":"SANTHIA'","ISTAT_COMUNE_CENTR":"2133","COMUNE_CENTR":"SANTHIA'","PROVINCIA_CENTR":"VC","INDIRIZZO_CENTRALE":"COMO DE REGE 16","LATITUDINE_SEZIONE":"45.36910","LONGITUDINE_SEZIONE":"8.15941","POS_X_SEZIONE":"434175.01937","POS_Y_SEZIONE":"5024297.39783","LATITUDINE_CENTRALE":"45.36543","LONGITUDINE_CENTRALE":"8.17434","POS_X_CENTRALE":"435340.49602","POS_Y_CENTRALE":"5023877.34953","TIPO_ADSL":"ADSL_1","DESCRIZIONE_TIPO_ADSL":"ADSL (8 mega)","DISTANZA_CALCOLATA":"1238.86","CLASSE_DISTANZA":"900-1299","POTENZA_SEGNALE":"7000","POPOLAZIONE_SEZIONE": "607"}
			},
		 		{ "type" : "Feature",
				"geometry" : {
					"type" : "Point",
					"coordinates" : [8.17144,45.36703]},
			"properties" : { "ANNO":"2010","ID_SEZIONE":"9252","ISTAT_COMUNE_SEZ":"2133","COMUNE_SEZ":"SANTHIA'","PROVINCIA":"VC","ID_CENTRALE":"1300","NOME_CENTRALE":"SANTHIA'","ISTAT_COMUNE_CENTR":"2133","COMUNE_CENTR":"SANTHIA'","PROVINCIA_CENTR":"VC","INDIRIZZO_CENTRALE":"COMO DE REGE 16","LATITUDINE_SEZIONE":"45.36703","LONGITUDINE_SEZIONE":"8.17144","POS_X_SEZIONE":"435115.09950","POS_Y_SEZIONE":"5024057.41729","LATITUDINE_CENTRALE":"45.36543","LONGITUDINE_CENTRALE":"8.17434","POS_X_CENTRALE":"435340.49602","POS_Y_CENTRALE":"5023877.34953","TIPO_ADSL":"ADSL_1","DESCRIZIONE_TIPO_ADSL":"ADSL (8 mega)","DISTANZA_CALCOLATA":"288.49","CLASSE_DISTANZA":"100-499","POTENZA_SEGNALE":"7000","POPOLAZIONE_SEZIONE": "586"}
			},
		 		{ "type" : "Feature",
				"geometry" : {
					"type" : "Point",
					"coordinates" : [8.18393,45.35704]},
			"properties" : { "ANNO":"2010","ID_SEZIONE":"9649","ISTAT_COMUNE_SEZ":"2133","COMUNE_SEZ":"SANTHIA'","PROVINCIA":"VC","ID_CENTRALE":"1300","NOME_CENTRALE":"SANTHIA'","ISTAT_COMUNE_CENTR":"2133","COMUNE_CENTR":"SANTHIA'","PROVINCIA_CENTR":"VC","INDIRIZZO_CENTRALE":"COMO DE REGE 16","LATITUDINE_SEZIONE":"45.35704","LONGITUDINE_SEZIONE":"8.18393","POS_X_SEZIONE":"436082.06987","POS_Y_SEZIONE":"5022938.43105","LATITUDINE_CENTRALE":"45.36543","LONGITUDINE_CENTRALE":"8.17434","POS_X_CENTRALE":"435340.49602","POS_Y_CENTRALE":"5023877.34953","TIPO_ADSL":"ADSL_1","DESCRIZIONE_TIPO_ADSL":"ADSL (8 mega)","DISTANZA_CALCOLATA":"1196.45","CLASSE_DISTANZA":"900-1299","POTENZA_SEGNALE":"7000","POPOLAZIONE_SEZIONE": "78"}
			},
		 		{ "type" : "Feature",
				"geometry" : {
					"type" : "Point",
					"coordinates" : [8.20063,45.39107]},
			"properties" : { "ANNO":"2010","ID_SEZIONE":"10072","ISTAT_COMUNE_SEZ":"2133","COMUNE_SEZ":"SANTHIA'","PROVINCIA":"VC","ID_CENTRALE":"1300","NOME_CENTRALE":"SANTHIA'","ISTAT_COMUNE_CENTR":"2133","COMUNE_CENTR":"SANTHIA'","PROVINCIA_CENTR":"VC","INDIRIZZO_CENTRALE":"COMO DE REGE 16","LATITUDINE_SEZIONE":"45.39107","LONGITUDINE_SEZIONE":"8.20063","POS_X_SEZIONE":"437427.56081","POS_Y_SEZIONE":"5026704.99029","LATITUDINE_CENTRALE":"45.36543","LONGITUDINE_CENTRALE":"8.17434","POS_X_CENTRALE":"435340.49602","POS_Y_CENTRALE":"5023877.34953","TIPO_ADSL":"ADSL_1","DESCRIZIONE_TIPO_ADSL":"ADSL (8 mega)","DISTANZA_CALCOLATA":"3514.45","CLASSE_DISTANZA":"3300-3699","POTENZA_SEGNALE":"3999.63","POPOLAZIONE_SEZIONE": "5"}
			},
		 		{ "type" : "Feature",
				"geometry" : {
					"type" : "Point",
					"coordinates" : [8.25384,45.42014]},
			"properties" : { "ANNO":"2010","ID_SEZIONE":"12488","ISTAT_COMUNE_SEZ":"2133","COMUNE_SEZ":"SANTHIA'","PROVINCIA":"VC","ID_CENTRALE":"1300","NOME_CENTRALE":"SANTHIA'","ISTAT_COMUNE_CENTR":"2133","COMUNE_CENTR":"SANTHIA'","PROVINCIA_CENTR":"VC","INDIRIZZO_CENTRALE":"COMO DE REGE 16","LATITUDINE_SEZIONE":"45.42014","LONGITUDINE_SEZIONE":"8.25384","POS_X_SEZIONE":"441622.67634","POS_Y_SEZIONE":"5029894.58440","LATITUDINE_CENTRALE":"45.36543","LONGITUDINE_CENTRALE":"8.17434","POS_X_CENTRALE":"435340.49602","POS_Y_CENTRALE":"5023877.34953","TIPO_ADSL":"ADSL_1","DESCRIZIONE_TIPO_ADSL":"ADSL (8 mega)","DISTANZA_CALCOLATA":"8699.02","CLASSE_DISTANZA":"6100 e oltre","POTENZA_SEGNALE":"0.00","POPOLAZIONE_SEZIONE": "4"}
			},
		 		{ "type" : "Feature",
				"geometry" : {
					"type" : "Point",
					"coordinates" : [8.23998,45.39328]},
			"properties" : { "ANNO":"2010","ID_SEZIONE":"12762","ISTAT_COMUNE_SEZ":"2133","COMUNE_SEZ":"SANTHIA'","PROVINCIA":"VC","ID_CENTRALE":"1300","NOME_CENTRALE":"SANTHIA'","ISTAT_COMUNE_CENTR":"2133","COMUNE_CENTR":"SANTHIA'","PROVINCIA_CENTR":"VC","INDIRIZZO_CENTRALE":"COMO DE REGE 16","LATITUDINE_SEZIONE":"45.39328","LONGITUDINE_SEZIONE":"8.23998","POS_X_SEZIONE":"440510.35378","POS_Y_SEZIONE":"5026921.54427","LATITUDINE_CENTRALE":"45.36543","LONGITUDINE_CENTRALE":"8.17434","POS_X_CENTRALE":"435340.49602","POS_Y_CENTRALE":"5023877.34953","TIPO_ADSL":"ADSL_1","DESCRIZIONE_TIPO_ADSL":"ADSL (8 mega)","DISTANZA_CALCOLATA":"5999.55","CLASSE_DISTANZA":"5700-6099","POTENZA_SEGNALE":"0.00","POPOLAZIONE_SEZIONE": "19"}
			},
		 		{ "type" : "Feature",
				"geometry" : {
					"type" : "Point",
					"coordinates" : [8.16678,45.39199]},
			"properties" : { "ANNO":"2010","ID_SEZIONE":"13406","ISTAT_COMUNE_SEZ":"2133","COMUNE_SEZ":"SANTHIA'","PROVINCIA":"VC","ID_CENTRALE":"1300","NOME_CENTRALE":"SANTHIA'","ISTAT_COMUNE_CENTR":"2133","COMUNE_CENTR":"SANTHIA'","PROVINCIA_CENTR":"VC","INDIRIZZO_CENTRALE":"COMO DE REGE 16","LATITUDINE_SEZIONE":"45.39199","LONGITUDINE_SEZIONE":"8.16678","POS_X_SEZIONE":"434778.71447","POS_Y_SEZIONE":"5026834.42901","LATITUDINE_CENTRALE":"45.36543","LONGITUDINE_CENTRALE":"8.17434","POS_X_CENTRALE":"435340.49602","POS_Y_CENTRALE":"5023877.34953","TIPO_ADSL":"ADSL_1","DESCRIZIONE_TIPO_ADSL":"ADSL (8 mega)","DISTANZA_CALCOLATA":"3009.97","CLASSE_DISTANZA":"2900-3299","POTENZA_SEGNALE":"4999.75","POPOLAZIONE_SEZIONE": "42"}
			},
		 		{ "type" : "Feature",
				"geometry" : {
					"type" : "Point",
					"coordinates" : [8.24847,45.38998]},
			"properties" : { "ANNO":"2010","ID_SEZIONE":"13781","ISTAT_COMUNE_SEZ":"2133","COMUNE_SEZ":"SANTHIA'","PROVINCIA":"VC","ID_CENTRALE":"1300","NOME_CENTRALE":"SANTHIA'","ISTAT_COMUNE_CENTR":"2133","COMUNE_CENTR":"SANTHIA'","PROVINCIA_CENTR":"VC","INDIRIZZO_CENTRALE":"COMO DE REGE 16","LATITUDINE_SEZIONE":"45.38998","LONGITUDINE_SEZIONE":"8.24847","POS_X_SEZIONE":"441170.99864","POS_Y_SEZIONE":"5026548.55278","LATITUDINE_CENTRALE":"45.36543","LONGITUDINE_CENTRALE":"8.17434","POS_X_CENTRALE":"435340.49602","POS_Y_CENTRALE":"5023877.34953","TIPO_ADSL":"ADSL_1","DESCRIZIONE_TIPO_ADSL":"ADSL (8 mega)","DISTANZA_CALCOLATA":"6413.27","CLASSE_DISTANZA":"6100 e oltre","POTENZA_SEGNALE":"0.00","POPOLAZIONE_SEZIONE": ""}
			},
		 		{ "type" : "Feature",
				"geometry" : {
					"type" : "Point",
					"coordinates" : [8.16017,45.36204]},
			"properties" : { "ANNO":"2010","ID_SEZIONE":"14208","ISTAT_COMUNE_SEZ":"2133","COMUNE_SEZ":"SANTHIA'","PROVINCIA":"VC","ID_CENTRALE":"1300","NOME_CENTRALE":"SANTHIA'","ISTAT_COMUNE_CENTR":"2133","COMUNE_CENTR":"SANTHIA'","PROVINCIA_CENTR":"VC","INDIRIZZO_CENTRALE":"COMO DE REGE 16","LATITUDINE_SEZIONE":"45.36204","LONGITUDINE_SEZIONE":"8.16017","POS_X_SEZIONE":"434226.91211","POS_Y_SEZIONE":"5023512.39329","LATITUDINE_CENTRALE":"45.36543","LONGITUDINE_CENTRALE":"8.17434","POS_X_CENTRALE":"435340.49602","POS_Y_CENTRALE":"5023877.34953","TIPO_ADSL":"ADSL_1","DESCRIZIONE_TIPO_ADSL":"ADSL (8 mega)","DISTANZA_CALCOLATA":"1171.86","CLASSE_DISTANZA":"900-1299","POTENZA_SEGNALE":"7000","POPOLAZIONE_SEZIONE": "56"}
			},
		 		{ "type" : "Feature",
				"geometry" : {
					"type" : "Point",
					"coordinates" : [8.16198,45.38013]},
			"properties" : { "ANNO":"2010","ID_SEZIONE":"14391","ISTAT_COMUNE_SEZ":"2133","COMUNE_SEZ":"SANTHIA'","PROVINCIA":"VC","ID_CENTRALE":"1300","NOME_CENTRALE":"SANTHIA'","ISTAT_COMUNE_CENTR":"2133","COMUNE_CENTR":"SANTHIA'","PROVINCIA_CENTR":"VC","INDIRIZZO_CENTRALE":"COMO DE REGE 16","LATITUDINE_SEZIONE":"45.38013","LONGITUDINE_SEZIONE":"8.16198","POS_X_SEZIONE":"434389.28830","POS_Y_SEZIONE":"5025520.41070","LATITUDINE_CENTRALE":"45.36543","LONGITUDINE_CENTRALE":"8.17434","POS_X_CENTRALE":"435340.49602","POS_Y_CENTRALE":"5023877.34953","TIPO_ADSL":"ADSL_1","DESCRIZIONE_TIPO_ADSL":"ADSL (8 mega)","DISTANZA_CALCOLATA":"1898.54","CLASSE_DISTANZA":"1700-2099","POTENZA_SEGNALE":"6874.88","POPOLAZIONE_SEZIONE": "33"}
			},
		 		{ "type" : "Feature",
				"geometry" : {
					"type" : "Point",
					"coordinates" : [8.20605,45.36590]},
			"properties" : { "ANNO":"2010","ID_SEZIONE":"14860","ISTAT_COMUNE_SEZ":"2133","COMUNE_SEZ":"SANTHIA'","PROVINCIA":"VC","ID_CENTRALE":"1300","NOME_CENTRALE":"SANTHIA'","ISTAT_COMUNE_CENTR":"2133","COMUNE_CENTR":"SANTHIA'","PROVINCIA_CENTR":"VC","INDIRIZZO_CENTRALE":"COMO DE REGE 16","LATITUDINE_SEZIONE":"45.36590","LONGITUDINE_SEZIONE":"8.20605","POS_X_SEZIONE":"437824.19492","POS_Y_SEZIONE":"5023905.47566","LATITUDINE_CENTRALE":"45.36543","LONGITUDINE_CENTRALE":"8.17434","POS_X_CENTRALE":"435340.49602","POS_Y_CENTRALE":"5023877.34953","TIPO_ADSL":"ADSL_1","DESCRIZIONE_TIPO_ADSL":"ADSL (8 mega)","DISTANZA_CALCOLATA":"2483.86","CLASSE_DISTANZA":"2100-2499","POTENZA_SEGNALE":"6500.38","POPOLAZIONE_SEZIONE": "2"}
			},
		 		{ "type" : "Feature",
				"geometry" : {
					"type" : "Point",
					"coordinates" : [8.15714,45.40770]},
			"properties" : { "ANNO":"2010","ID_SEZIONE":"16437","ISTAT_COMUNE_SEZ":"2133","COMUNE_SEZ":"SANTHIA'","PROVINCIA":"VC","ID_CENTRALE":"1300","NOME_CENTRALE":"SANTHIA'","ISTAT_COMUNE_CENTR":"2133","COMUNE_CENTR":"SANTHIA'","PROVINCIA_CENTR":"VC","INDIRIZZO_CENTRALE":"COMO DE REGE 16","LATITUDINE_SEZIONE":"45.40770","LONGITUDINE_SEZIONE":"8.15714","POS_X_SEZIONE":"434042.22039","POS_Y_SEZIONE":"5028587.92302","LATITUDINE_CENTRALE":"45.36543","LONGITUDINE_CENTRALE":"8.17434","POS_X_CENTRALE":"435340.49602","POS_Y_CENTRALE":"5023877.34953","TIPO_ADSL":"ADSL_1","DESCRIZIONE_TIPO_ADSL":"ADSL (8 mega)","DISTANZA_CALCOLATA":"4886.21","CLASSE_DISTANZA":"4500-4899","POTENZA_SEGNALE":"1470","POPOLAZIONE_SEZIONE": "8"}
			},
		 		{ "type" : "Feature",
				"geometry" : {
					"type" : "Point",
					"coordinates" : [8.16426,45.37061]},
			"properties" : { "ANNO":"2010","ID_SEZIONE":"16634","ISTAT_COMUNE_SEZ":"2133","COMUNE_SEZ":"SANTHIA'","PROVINCIA":"VC","ID_CENTRALE":"1300","NOME_CENTRALE":"SANTHIA'","ISTAT_COMUNE_CENTR":"2133","COMUNE_CENTR":"SANTHIA'","PROVINCIA_CENTR":"VC","INDIRIZZO_CENTRALE":"COMO DE REGE 16","LATITUDINE_SEZIONE":"45.37061","LONGITUDINE_SEZIONE":"8.16426","POS_X_SEZIONE":"434556.61246","POS_Y_SEZIONE":"5024461.40731","LATITUDINE_CENTRALE":"45.36543","LONGITUDINE_CENTRALE":"8.17434","POS_X_CENTRALE":"435340.49602","POS_Y_CENTRALE":"5023877.34953","TIPO_ADSL":"ADSL_1","DESCRIZIONE_TIPO_ADSL":"ADSL (8 mega)","DISTANZA_CALCOLATA":"977.55","CLASSE_DISTANZA":"900-1299","POTENZA_SEGNALE":"7000","POPOLAZIONE_SEZIONE": "679"}
			},
		 		{ "type" : "Feature",
				"geometry" : {
					"type" : "Point",
					"coordinates" : [8.17499,45.36663]},
			"properties" : { "ANNO":"2010","ID_SEZIONE":"16883","ISTAT_COMUNE_SEZ":"2133","COMUNE_SEZ":"SANTHIA'","PROVINCIA":"VC","ID_CENTRALE":"1300","NOME_CENTRALE":"SANTHIA'","ISTAT_COMUNE_CENTR":"2133","COMUNE_CENTR":"SANTHIA'","PROVINCIA_CENTR":"VC","INDIRIZZO_CENTRALE":"COMO DE REGE 16","LATITUDINE_SEZIONE":"45.36663","LONGITUDINE_SEZIONE":"8.17499","POS_X_SEZIONE":"435392.53387","POS_Y_SEZIONE":"5024010.42337","LATITUDINE_CENTRALE":"45.36543","LONGITUDINE_CENTRALE":"8.17434","POS_X_CENTRALE":"435340.49602","POS_Y_CENTRALE":"5023877.34953","TIPO_ADSL":"ADSL_1","DESCRIZIONE_TIPO_ADSL":"ADSL (8 mega)","DISTANZA_CALCOLATA":"142.89","CLASSE_DISTANZA":"100-499","POTENZA_SEGNALE":"7000","POPOLAZIONE_SEZIONE": "5"}
			},
		 		{ "type" : "Feature",
				"geometry" : {
					"type" : "Point",
					"coordinates" : [8.22913,45.39127]},
			"properties" : { "ANNO":"2010","ID_SEZIONE":"17286","ISTAT_COMUNE_SEZ":"2133","COMUNE_SEZ":"SANTHIA'","PROVINCIA":"VC","ID_CENTRALE":"1300","NOME_CENTRALE":"SANTHIA'","ISTAT_COMUNE_CENTR":"2133","COMUNE_CENTR":"SANTHIA'","PROVINCIA_CENTR":"VC","INDIRIZZO_CENTRALE":"COMO DE REGE 16","LATITUDINE_SEZIONE":"45.39127","LONGITUDINE_SEZIONE":"8.22913","POS_X_SEZIONE":"439658.60645","POS_Y_SEZIONE":"5026706.02811","LATITUDINE_CENTRALE":"45.36543","LONGITUDINE_CENTRALE":"8.17434","POS_X_CENTRALE":"435340.49602","POS_Y_CENTRALE":"5023877.34953","TIPO_ADSL":"ADSL_1","DESCRIZIONE_TIPO_ADSL":"ADSL (8 mega)","DISTANZA_CALCOLATA":"5162.12","CLASSE_DISTANZA":"4900-5299","POTENZA_SEGNALE":"125.13","POPOLAZIONE_SEZIONE": "2"}
			},
		 		{ "type" : "Feature",
				"geometry" : {
					"type" : "Point",
					"coordinates" : [8.13146,45.37315]},
			"properties" : { "ANNO":"2010","ID_SEZIONE":"17288","ISTAT_COMUNE_SEZ":"2133","COMUNE_SEZ":"SANTHIA'","PROVINCIA":"VC","ID_CENTRALE":"1300","NOME_CENTRALE":"SANTHIA'","ISTAT_COMUNE_CENTR":"2133","COMUNE_CENTR":"SANTHIA'","PROVINCIA_CENTR":"VC","INDIRIZZO_CENTRALE":"COMO DE REGE 16","LATITUDINE_SEZIONE":"45.37315","LONGITUDINE_SEZIONE":"8.13146","POS_X_SEZIONE":"431991.70647","POS_Y_SEZIONE":"5024770.35067","LATITUDINE_CENTRALE":"45.36543","LONGITUDINE_CENTRALE":"8.17434","POS_X_CENTRALE":"435340.49602","POS_Y_CENTRALE":"5023877.34953","TIPO_ADSL":"ADSL_1","DESCRIZIONE_TIPO_ADSL":"ADSL (8 mega)","DISTANZA_CALCOLATA":"3465.81","CLASSE_DISTANZA":"3300-3699","POTENZA_SEGNALE":"3999.63","POPOLAZIONE_SEZIONE": "29"}
			},
		 		{ "type" : "Feature",
				"geometry" : {
					"type" : "Point",
					"coordinates" : [8.23321,45.39706]},
			"properties" : { "ANNO":"2010","ID_SEZIONE":"18694","ISTAT_COMUNE_SEZ":"2133","COMUNE_SEZ":"SANTHIA'","PROVINCIA":"VC","ID_CENTRALE":"1300","NOME_CENTRALE":"SANTHIA'","ISTAT_COMUNE_CENTR":"2133","COMUNE_CENTR":"SANTHIA'","PROVINCIA_CENTR":"VC","INDIRIZZO_CENTRALE":"COMO DE REGE 16","LATITUDINE_SEZIONE":"45.39706","LONGITUDINE_SEZIONE":"8.23321","POS_X_SEZIONE":"439983.67781","POS_Y_SEZIONE":"5027346.53857","LATITUDINE_CENTRALE":"45.36543","LONGITUDINE_CENTRALE":"8.17434","POS_X_CENTRALE":"435340.49602","POS_Y_CENTRALE":"5023877.34953","TIPO_ADSL":"ADSL_1","DESCRIZIONE_TIPO_ADSL":"ADSL (8 mega)","DISTANZA_CALCOLATA":"5796.07","CLASSE_DISTANZA":"5700-6099","POTENZA_SEGNALE":"0.00","POPOLAZIONE_SEZIONE": ""}
			},
		 		{ "type" : "Feature",
				"geometry" : {
					"type" : "Point",
					"coordinates" : [8.17322,45.36336]},
			"properties" : { "ANNO":"2010","ID_SEZIONE":"18737","ISTAT_COMUNE_SEZ":"2133","COMUNE_SEZ":"SANTHIA'","PROVINCIA":"VC","ID_CENTRALE":"1300","NOME_CENTRALE":"SANTHIA'","ISTAT_COMUNE_CENTR":"2133","COMUNE_CENTR":"SANTHIA'","PROVINCIA_CENTR":"VC","INDIRIZZO_CENTRALE":"COMO DE REGE 16","LATITUDINE_SEZIONE":"45.36336","LONGITUDINE_SEZIONE":"8.17322","POS_X_SEZIONE":"435250.21579","POS_Y_SEZIONE":"5023648.41735","LATITUDINE_CENTRALE":"45.36543","LONGITUDINE_CENTRALE":"8.17434","POS_X_CENTRALE":"435340.49602","POS_Y_CENTRALE":"5023877.34953","TIPO_ADSL":"ADSL_1","DESCRIZIONE_TIPO_ADSL":"ADSL (8 mega)","DISTANZA_CALCOLATA":"246.09","CLASSE_DISTANZA":"100-499","POTENZA_SEGNALE":"7000","POPOLAZIONE_SEZIONE": "702"}
			},
		 		{ "type" : "Feature",
				"geometry" : {
					"type" : "Point",
					"coordinates" : [8.15579,45.39530]},
			"properties" : { "ANNO":"2010","ID_SEZIONE":"18962","ISTAT_COMUNE_SEZ":"2133","COMUNE_SEZ":"SANTHIA'","PROVINCIA":"VC","ID_CENTRALE":"1300","NOME_CENTRALE":"SANTHIA'","ISTAT_COMUNE_CENTR":"2133","COMUNE_CENTR":"SANTHIA'","PROVINCIA_CENTR":"VC","INDIRIZZO_CENTRALE":"COMO DE REGE 16","LATITUDINE_SEZIONE":"45.39530","LONGITUDINE_SEZIONE":"8.15579","POS_X_SEZIONE":"433922.41649","POS_Y_SEZIONE":"5027210.91131","LATITUDINE_CENTRALE":"45.36543","LONGITUDINE_CENTRALE":"8.17434","POS_X_CENTRALE":"435340.49602","POS_Y_CENTRALE":"5023877.34953","TIPO_ADSL":"ADSL_1","DESCRIZIONE_TIPO_ADSL":"ADSL (8 mega)","DISTANZA_CALCOLATA":"3622.65","CLASSE_DISTANZA":"3300-3699","POTENZA_SEGNALE":"3999.63","POPOLAZIONE_SEZIONE": "25"}
			},
		 		{ "type" : "Feature",
				"geometry" : {
					"type" : "Point",
					"coordinates" : [8.19827,45.37896]},
			"properties" : { "ANNO":"2010","ID_SEZIONE":"19921","ISTAT_COMUNE_SEZ":"2133","COMUNE_SEZ":"SANTHIA'","PROVINCIA":"VC","ID_CENTRALE":"1300","NOME_CENTRALE":"SANTHIA'","ISTAT_COMUNE_CENTR":"2133","COMUNE_CENTR":"SANTHIA'","PROVINCIA_CENTR":"VC","INDIRIZZO_CENTRALE":"COMO DE REGE 16","LATITUDINE_SEZIONE":"45.37896","LONGITUDINE_SEZIONE":"8.19827","POS_X_SEZIONE":"437228.97598","POS_Y_SEZIONE":"5025362.47508","LATITUDINE_CENTRALE":"45.36543","LONGITUDINE_CENTRALE":"8.17434","POS_X_CENTRALE":"435340.49602","POS_Y_CENTRALE":"5023877.34953","TIPO_ADSL":"ADSL_1","DESCRIZIONE_TIPO_ADSL":"ADSL (8 mega)","DISTANZA_CALCOLATA":"2402.49","CLASSE_DISTANZA":"2100-2499","POTENZA_SEGNALE":"6500.38","POPOLAZIONE_SEZIONE": "8"}
			},
		 		{ "type" : "Feature",
				"geometry" : {
					"type" : "Point",
					"coordinates" : [8.15848,45.37143]},
			"properties" : { "ANNO":"2010","ID_SEZIONE":"20343","ISTAT_COMUNE_SEZ":"2133","COMUNE_SEZ":"SANTHIA'","PROVINCIA":"VC","ID_CENTRALE":"1300","NOME_CENTRALE":"SANTHIA'","ISTAT_COMUNE_CENTR":"2133","COMUNE_CENTR":"SANTHIA'","PROVINCIA_CENTR":"VC","INDIRIZZO_CENTRALE":"COMO DE REGE 16","LATITUDINE_SEZIONE":"45.37143","LONGITUDINE_SEZIONE":"8.15848","POS_X_SEZIONE":"434105.58756","POS_Y_SEZIONE":"5024556.89787","LATITUDINE_CENTRALE":"45.36543","LONGITUDINE_CENTRALE":"8.17434","POS_X_CENTRALE":"435340.49602","POS_Y_CENTRALE":"5023877.34953","TIPO_ADSL":"ADSL_1","DESCRIZIONE_TIPO_ADSL":"ADSL (8 mega)","DISTANZA_CALCOLATA":"1409.53","CLASSE_DISTANZA":"1300-1699","POTENZA_SEGNALE":"7000","POPOLAZIONE_SEZIONE": "494"}
			},
		 		{ "type" : "Feature",
				"geometry" : {
					"type" : "Point",
					"coordinates" : [8.21323,45.36702]},
			"properties" : { "ANNO":"2010","ID_SEZIONE":"20344","ISTAT_COMUNE_SEZ":"2133","COMUNE_SEZ":"SANTHIA'","PROVINCIA":"VC","ID_CENTRALE":"1300","NOME_CENTRALE":"SANTHIA'","ISTAT_COMUNE_CENTR":"2133","COMUNE_CENTR":"SANTHIA'","PROVINCIA_CENTR":"VC","INDIRIZZO_CENTRALE":"COMO DE REGE 16","LATITUDINE_SEZIONE":"45.36702","LONGITUDINE_SEZIONE":"8.21323","POS_X_SEZIONE":"438387.63147","POS_Y_SEZIONE":"5024023.48603","LATITUDINE_CENTRALE":"45.36543","LONGITUDINE_CENTRALE":"8.17434","POS_X_CENTRALE":"435340.49602","POS_Y_CENTRALE":"5023877.34953","TIPO_ADSL":"ADSL_1","DESCRIZIONE_TIPO_ADSL":"ADSL (8 mega)","DISTANZA_CALCOLATA":"3050.64","CLASSE_DISTANZA":"2900-3299","POTENZA_SEGNALE":"4999.75","POPOLAZIONE_SEZIONE": "19"}
			},
		 		{ "type" : "Feature",
				"geometry" : {
					"type" : "Point",
					"coordinates" : [8.17746,45.36908]},
			"properties" : { "ANNO":"2010","ID_SEZIONE":"21582","ISTAT_COMUNE_SEZ":"2133","COMUNE_SEZ":"SANTHIA'","PROVINCIA":"VC","ID_CENTRALE":"1300","NOME_CENTRALE":"SANTHIA'","ISTAT_COMUNE_CENTR":"2133","COMUNE_CENTR":"SANTHIA'","PROVINCIA_CENTR":"VC","INDIRIZZO_CENTRALE":"COMO DE REGE 16","LATITUDINE_SEZIONE":"45.36908","LONGITUDINE_SEZIONE":"8.17746","POS_X_SEZIONE":"435588.78654","POS_Y_SEZIONE":"5024280.42964","LATITUDINE_CENTRALE":"45.36543","LONGITUDINE_CENTRALE":"8.17434","POS_X_CENTRALE":"435340.49602","POS_Y_CENTRALE":"5023877.34953","TIPO_ADSL":"ADSL_1","DESCRIZIONE_TIPO_ADSL":"ADSL (8 mega)","DISTANZA_CALCOLATA":"473.41","CLASSE_DISTANZA":"100-499","POTENZA_SEGNALE":"7000","POPOLAZIONE_SEZIONE": "802"}
			},
		 		{ "type" : "Feature",
				"geometry" : {
					"type" : "Point",
					"coordinates" : [8.16029,45.40334]},
			"properties" : { "ANNO":"2010","ID_SEZIONE":"22736","ISTAT_COMUNE_SEZ":"2133","COMUNE_SEZ":"SANTHIA'","PROVINCIA":"VC","ID_CENTRALE":"1300","NOME_CENTRALE":"SANTHIA'","ISTAT_COMUNE_CENTR":"2133","COMUNE_CENTR":"SANTHIA'","PROVINCIA_CENTR":"VC","INDIRIZZO_CENTRALE":"COMO DE REGE 16","LATITUDINE_SEZIONE":"45.40334","LONGITUDINE_SEZIONE":"8.16029","POS_X_SEZIONE":"434284.30321","POS_Y_SEZIONE":"5028100.92603","LATITUDINE_CENTRALE":"45.36543","LONGITUDINE_CENTRALE":"8.17434","POS_X_CENTRALE":"435340.49602","POS_Y_CENTRALE":"5023877.34953","TIPO_ADSL":"ADSL_1","DESCRIZIONE_TIPO_ADSL":"ADSL (8 mega)","DISTANZA_CALCOLATA":"4353.64","CLASSE_DISTANZA":"4100-4499","POTENZA_SEGNALE":"2125.38","POPOLAZIONE_SEZIONE": "9"}
			},
		 		{ "type" : "Feature",
				"geometry" : {
					"type" : "Point",
					"coordinates" : [8.21840,45.38098]},
			"properties" : { "ANNO":"2010","ID_SEZIONE":"22737","ISTAT_COMUNE_SEZ":"2133","COMUNE_SEZ":"SANTHIA'","PROVINCIA":"VC","ID_CENTRALE":"1300","NOME_CENTRALE":"SANTHIA'","ISTAT_COMUNE_CENTR":"2133","COMUNE_CENTR":"SANTHIA'","PROVINCIA_CENTR":"VC","INDIRIZZO_CENTRALE":"COMO DE REGE 16","LATITUDINE_SEZIONE":"45.38098","LONGITUDINE_SEZIONE":"8.21840","POS_X_SEZIONE":"438807.43665","POS_Y_SEZIONE":"5025570.50529","LATITUDINE_CENTRALE":"45.36543","LONGITUDINE_CENTRALE":"8.17434","POS_X_CENTRALE":"435340.49602","POS_Y_CENTRALE":"5023877.34953","TIPO_ADSL":"ADSL_1","DESCRIZIONE_TIPO_ADSL":"ADSL (8 mega)","DISTANZA_CALCOLATA":"3858.3","CLASSE_DISTANZA":"3700-4099","POTENZA_SEGNALE":"3000.38","POPOLAZIONE_SEZIONE": "6"}
			},
		 		{ "type" : "Feature",
				"geometry" : {
					"type" : "Point",
					"coordinates" : [8.19956,45.35546]},
			"properties" : { "ANNO":"2010","ID_SEZIONE":"22776","ISTAT_COMUNE_SEZ":"2133","COMUNE_SEZ":"SANTHIA'","PROVINCIA":"VC","ID_CENTRALE":"1300","NOME_CENTRALE":"SANTHIA'","ISTAT_COMUNE_CENTR":"2133","COMUNE_CENTR":"SANTHIA'","PROVINCIA_CENTR":"VC","INDIRIZZO_CENTRALE":"COMO DE REGE 16","LATITUDINE_SEZIONE":"45.35546","LONGITUDINE_SEZIONE":"8.19956","POS_X_SEZIONE":"437304.14782","POS_Y_SEZIONE":"5022750.45691","LATITUDINE_CENTRALE":"45.36543","LONGITUDINE_CENTRALE":"8.17434","POS_X_CENTRALE":"435340.49602","POS_Y_CENTRALE":"5023877.34953","TIPO_ADSL":"ADSL_1","DESCRIZIONE_TIPO_ADSL":"ADSL (8 mega)","DISTANZA_CALCOLATA":"2264.03","CLASSE_DISTANZA":"2100-2499","POTENZA_SEGNALE":"6500.38","POPOLAZIONE_SEZIONE": "23"}
			},
		 		{ "type" : "Feature",
				"geometry" : {
					"type" : "Point",
					"coordinates" : [8.17865,45.37983]},
			"properties" : { "ANNO":"2010","ID_SEZIONE":"24004","ISTAT_COMUNE_SEZ":"2133","COMUNE_SEZ":"SANTHIA'","PROVINCIA":"VC","ID_CENTRALE":"1300","NOME_CENTRALE":"SANTHIA'","ISTAT_COMUNE_CENTR":"2133","COMUNE_CENTR":"SANTHIA'","PROVINCIA_CENTR":"VC","INDIRIZZO_CENTRALE":"COMO DE REGE 16","LATITUDINE_SEZIONE":"45.37983","LONGITUDINE_SEZIONE":"8.17865","POS_X_SEZIONE":"435694.43159","POS_Y_SEZIONE":"5025474.44078","LATITUDINE_CENTRALE":"45.36543","LONGITUDINE_CENTRALE":"8.17434","POS_X_CENTRALE":"435340.49602","POS_Y_CENTRALE":"5023877.34953","TIPO_ADSL":"ADSL_1","DESCRIZIONE_TIPO_ADSL":"ADSL (8 mega)","DISTANZA_CALCOLATA":"1635.84","CLASSE_DISTANZA":"1300-1699","POTENZA_SEGNALE":"7000","POPOLAZIONE_SEZIONE": "93"}
			},
		 		{ "type" : "Feature",
				"geometry" : {
					"type" : "Point",
					"coordinates" : [8.18178,45.36611]},
			"properties" : { "ANNO":"2010","ID_SEZIONE":"24547","ISTAT_COMUNE_SEZ":"2133","COMUNE_SEZ":"SANTHIA'","PROVINCIA":"VC","ID_CENTRALE":"1300","NOME_CENTRALE":"SANTHIA'","ISTAT_COMUNE_CENTR":"2133","COMUNE_CENTR":"SANTHIA'","PROVINCIA_CENTR":"VC","INDIRIZZO_CENTRALE":"COMO DE REGE 16","LATITUDINE_SEZIONE":"45.36611","LONGITUDINE_SEZIONE":"8.18178","POS_X_SEZIONE":"435923.83934","POS_Y_SEZIONE":"5023946.93486","LATITUDINE_CENTRALE":"45.36543","LONGITUDINE_CENTRALE":"8.17434","POS_X_CENTRALE":"435340.49602","POS_Y_CENTRALE":"5023877.34953","TIPO_ADSL":"ADSL_1","DESCRIZIONE_TIPO_ADSL":"ADSL (8 mega)","DISTANZA_CALCOLATA":"587.48","CLASSE_DISTANZA":"500-899","POTENZA_SEGNALE":"7000","POPOLAZIONE_SEZIONE": "560"}
			},
		 		{ "type" : "Feature",
				"geometry" : {
					"type" : "Point",
					"coordinates" : [8.02278,45.31004]},
			"properties" : { "ANNO":"2010","ID_SEZIONE":"24553","ISTAT_COMUNE_SEZ":"2042","COMUNE_SEZ":"CIGLIANO","PROVINCIA":"VC","ID_CENTRALE":"1300","NOME_CENTRALE":"SANTHIA'","ISTAT_COMUNE_CENTR":"2133","COMUNE_CENTR":"SANTHIA'","PROVINCIA_CENTR":"VC","INDIRIZZO_CENTRALE":"COMO DE REGE 16","LATITUDINE_SEZIONE":"45.31004","LONGITUDINE_SEZIONE":"8.02278","POS_X_SEZIONE":"423396.96982","POS_Y_SEZIONE":"5017857.14285","LATITUDINE_CENTRALE":"45.36543","LONGITUDINE_CENTRALE":"8.17434","POS_X_CENTRALE":"435340.49602","POS_Y_CENTRALE":"5023877.34953","TIPO_ADSL":"ADSL_1","DESCRIZIONE_TIPO_ADSL":"ADSL (8 mega)","DISTANZA_CALCOLATA":"13375","CLASSE_DISTANZA":"6100 e oltre","POTENZA_SEGNALE":"0.00","POPOLAZIONE_SEZIONE": "524"}
			},
		 		{ "type" : "Feature",
				"geometry" : {
					"type" : "Point",
					"coordinates" : [8.24591,45.40951]},
			"properties" : { "ANNO":"2010","ID_SEZIONE":"24834","ISTAT_COMUNE_SEZ":"2133","COMUNE_SEZ":"SANTHIA'","PROVINCIA":"VC","ID_CENTRALE":"1300","NOME_CENTRALE":"SANTHIA'","ISTAT_COMUNE_CENTR":"2133","COMUNE_CENTR":"SANTHIA'","PROVINCIA_CENTR":"VC","INDIRIZZO_CENTRALE":"COMO DE REGE 16","LATITUDINE_SEZIONE":"45.40951","LONGITUDINE_SEZIONE":"8.24591","POS_X_SEZIONE":"440991.13099","POS_Y_SEZIONE":"5028719.56641","LATITUDINE_CENTRALE":"45.36543","LONGITUDINE_CENTRALE":"8.17434","POS_X_CENTRALE":"435340.49602","POS_Y_CENTRALE":"5023877.34953","TIPO_ADSL":"ADSL_1","DESCRIZIONE_TIPO_ADSL":"ADSL (8 mega)","DISTANZA_CALCOLATA":"7441.55","CLASSE_DISTANZA":"6100 e oltre","POTENZA_SEGNALE":"0.00","POPOLAZIONE_SEZIONE": "16"}
			},
		 		{ "type" : "Feature",
				"geometry" : {
					"type" : "Point",
					"coordinates" : [8.19199,45.36621]},
			"properties" : { "ANNO":"2010","ID_SEZIONE":"25139","ISTAT_COMUNE_SEZ":"2133","COMUNE_SEZ":"SANTHIA'","PROVINCIA":"VC","ID_CENTRALE":"1300","NOME_CENTRALE":"SANTHIA'","ISTAT_COMUNE_CENTR":"2133","COMUNE_CENTR":"SANTHIA'","PROVINCIA_CENTR":"VC","INDIRIZZO_CENTRALE":"COMO DE REGE 16","LATITUDINE_SEZIONE":"45.36621","LONGITUDINE_SEZIONE":"8.19199","POS_X_SEZIONE":"436723.14404","POS_Y_SEZIONE":"5023949.95310","LATITUDINE_CENTRALE":"45.36543","LONGITUDINE_CENTRALE":"8.17434","POS_X_CENTRALE":"435340.49602","POS_Y_CENTRALE":"5023877.34953","TIPO_ADSL":"ADSL_1","DESCRIZIONE_TIPO_ADSL":"ADSL (8 mega)","DISTANZA_CALCOLATA":"1384.55","CLASSE_DISTANZA":"1300-1699","POTENZA_SEGNALE":"7000","POPOLAZIONE_SEZIONE": "1"}
			},
		 		{ "type" : "Feature",
				"geometry" : {
					"type" : "Point",
					"coordinates" : [8.14352,45.37799]},
			"properties" : { "ANNO":"2010","ID_SEZIONE":"25511","ISTAT_COMUNE_SEZ":"2133","COMUNE_SEZ":"SANTHIA'","PROVINCIA":"VC","ID_CENTRALE":"1300","NOME_CENTRALE":"SANTHIA'","ISTAT_COMUNE_CENTR":"2133","COMUNE_CENTR":"SANTHIA'","PROVINCIA_CENTR":"VC","INDIRIZZO_CENTRALE":"COMO DE REGE 16","LATITUDINE_SEZIONE":"45.37799","LONGITUDINE_SEZIONE":"8.14352","POS_X_SEZIONE":"432941.39326","POS_Y_SEZIONE":"5025298.37576","LATITUDINE_CENTRALE":"45.36543","LONGITUDINE_CENTRALE":"8.17434","POS_X_CENTRALE":"435340.49602","POS_Y_CENTRALE":"5023877.34953","TIPO_ADSL":"ADSL_1","DESCRIZIONE_TIPO_ADSL":"ADSL (8 mega)","DISTANZA_CALCOLATA":"2788.37","CLASSE_DISTANZA":"2500-2899","POTENZA_SEGNALE":"5749.63","POPOLAZIONE_SEZIONE": "56"}
			},
		 		{ "type" : "Feature",
				"geometry" : {
					"type" : "Point",
					"coordinates" : [8.23100,45.37616]},
			"properties" : { "ANNO":"2010","ID_SEZIONE":"26710","ISTAT_COMUNE_SEZ":"2133","COMUNE_SEZ":"SANTHIA'","PROVINCIA":"VC","ID_CENTRALE":"1300","NOME_CENTRALE":"SANTHIA'","ISTAT_COMUNE_CENTR":"2133","COMUNE_CENTR":"SANTHIA'","PROVINCIA_CENTR":"VC","INDIRIZZO_CENTRALE":"COMO DE REGE 16","LATITUDINE_SEZIONE":"45.37616","LONGITUDINE_SEZIONE":"8.23100","POS_X_SEZIONE":"439788.70155","POS_Y_SEZIONE":"5025025.51764","LATITUDINE_CENTRALE":"45.36543","LONGITUDINE_CENTRALE":"8.17434","POS_X_CENTRALE":"435340.49602","POS_Y_CENTRALE":"5023877.34953","TIPO_ADSL":"ADSL_1","DESCRIZIONE_TIPO_ADSL":"ADSL (8 mega)","DISTANZA_CALCOLATA":"4594","CLASSE_DISTANZA":"4500-4899","POTENZA_SEGNALE":"1470","POPOLAZIONE_SEZIONE": "3"}
			},
		 		{ "type" : "Feature",
				"geometry" : {
					"type" : "Point",
					"coordinates" : [8.19891,45.36557]},
			"properties" : { "ANNO":"2010","ID_SEZIONE":"27601","ISTAT_COMUNE_SEZ":"2133","COMUNE_SEZ":"SANTHIA'","PROVINCIA":"VC","ID_CENTRALE":"1300","NOME_CENTRALE":"SANTHIA'","ISTAT_COMUNE_CENTR":"2133","COMUNE_CENTR":"SANTHIA'","PROVINCIA_CENTR":"VC","INDIRIZZO_CENTRALE":"COMO DE REGE 16","LATITUDINE_SEZIONE":"45.36557","LONGITUDINE_SEZIONE":"8.19891","POS_X_SEZIONE":"437264.54308","POS_Y_SEZIONE":"5023873.96462","LATITUDINE_CENTRALE":"45.36543","LONGITUDINE_CENTRALE":"8.17434","POS_X_CENTRALE":"435340.49602","POS_Y_CENTRALE":"5023877.34953","TIPO_ADSL":"ADSL_1","DESCRIZIONE_TIPO_ADSL":"ADSL (8 mega)","DISTANZA_CALCOLATA":"1924.05","CLASSE_DISTANZA":"1700-2099","POTENZA_SEGNALE":"6874.88","POPOLAZIONE_SEZIONE": "17"}
			},
		 		{ "type" : "Feature",
				"geometry" : {
					"type" : "Point",
					"coordinates" : [8.18271,45.35339]},
			"properties" : { "ANNO":"2010","ID_SEZIONE":"27602","ISTAT_COMUNE_SEZ":"2133","COMUNE_SEZ":"SANTHIA'","PROVINCIA":"VC","ID_CENTRALE":"1300","NOME_CENTRALE":"SANTHIA'","ISTAT_COMUNE_CENTR":"2133","COMUNE_CENTR":"SANTHIA'","PROVINCIA_CENTR":"VC","INDIRIZZO_CENTRALE":"COMO DE REGE 16","LATITUDINE_SEZIONE":"45.35339","LONGITUDINE_SEZIONE":"8.18271","POS_X_SEZIONE":"435982.06347","POS_Y_SEZIONE":"5022533.42574","LATITUDINE_CENTRALE":"45.36543","LONGITUDINE_CENTRALE":"8.17434","POS_X_CENTRALE":"435340.49602","POS_Y_CENTRALE":"5023877.34953","TIPO_ADSL":"ADSL_1","DESCRIZIONE_TIPO_ADSL":"ADSL (8 mega)","DISTANZA_CALCOLATA":"1489.21","CLASSE_DISTANZA":"1300-1699","POTENZA_SEGNALE":"7000","POPOLAZIONE_SEZIONE": "11"}
			},
		 		{ "type" : "Feature",
				"geometry" : {
					"type" : "Point",
					"coordinates" : [8.20967,45.36267]},
			"properties" : { "ANNO":"2010","ID_SEZIONE":"27866","ISTAT_COMUNE_SEZ":"2133","COMUNE_SEZ":"SANTHIA'","PROVINCIA":"VC","ID_CENTRALE":"1300","NOME_CENTRALE":"SANTHIA'","ISTAT_COMUNE_CENTR":"2133","COMUNE_CENTR":"SANTHIA'","PROVINCIA_CENTR":"VC","INDIRIZZO_CENTRALE":"COMO DE REGE 16","LATITUDINE_SEZIONE":"45.36267","LONGITUDINE_SEZIONE":"8.20967","POS_X_SEZIONE":"438104.15601","POS_Y_SEZIONE":"5023543.97755","LATITUDINE_CENTRALE":"45.36543","LONGITUDINE_CENTRALE":"8.17434","POS_X_CENTRALE":"435340.49602","POS_Y_CENTRALE":"5023877.34953","TIPO_ADSL":"ADSL_1","DESCRIZIONE_TIPO_ADSL":"ADSL (8 mega)","DISTANZA_CALCOLATA":"2783.69","CLASSE_DISTANZA":"2500-2899","POTENZA_SEGNALE":"5749.63","POPOLAZIONE_SEZIONE": ""}
			},
		 		{ "type" : "Feature",
				"geometry" : {
					"type" : "Point",
					"coordinates" : [8.17631,45.36614]},
			"properties" : { "ANNO":"2010","ID_SEZIONE":"29686","ISTAT_COMUNE_SEZ":"2133","COMUNE_SEZ":"SANTHIA'","PROVINCIA":"VC","ID_CENTRALE":"1300","NOME_CENTRALE":"SANTHIA'","ISTAT_COMUNE_CENTR":"2133","COMUNE_CENTR":"SANTHIA'","PROVINCIA_CENTR":"VC","INDIRIZZO_CENTRALE":"COMO DE REGE 16","LATITUDINE_SEZIONE":"45.36614","LONGITUDINE_SEZIONE":"8.17631","POS_X_SEZIONE":"435495.40695","POS_Y_SEZIONE":"5023955.42535","LATITUDINE_CENTRALE":"45.36543","LONGITUDINE_CENTRALE":"8.17434","POS_X_CENTRALE":"435340.49602","POS_Y_CENTRALE":"5023877.34953","TIPO_ADSL":"ADSL_1","DESCRIZIONE_TIPO_ADSL":"ADSL (8 mega)","DISTANZA_CALCOLATA":"173.47","CLASSE_DISTANZA":"100-499","POTENZA_SEGNALE":"7000","POPOLAZIONE_SEZIONE": "565"}
			},
		 		{ "type" : "Feature",
				"geometry" : {
					"type" : "Point",
					"coordinates" : [8.25548,45.39451]},
			"properties" : { "ANNO":"2010","ID_SEZIONE":"29902","ISTAT_COMUNE_SEZ":"2133","COMUNE_SEZ":"SANTHIA'","PROVINCIA":"VC","ID_CENTRALE":"1300","NOME_CENTRALE":"SANTHIA'","ISTAT_COMUNE_CENTR":"2133","COMUNE_CENTR":"SANTHIA'","PROVINCIA_CENTR":"VC","INDIRIZZO_CENTRALE":"COMO DE REGE 16","LATITUDINE_SEZIONE":"45.39451","LONGITUDINE_SEZIONE":"8.25548","POS_X_SEZIONE":"441724.84696","POS_Y_SEZIONE":"5027046.06574","LATITUDINE_CENTRALE":"45.36543","LONGITUDINE_CENTRALE":"8.17434","POS_X_CENTRALE":"435340.49602","POS_Y_CENTRALE":"5023877.34953","TIPO_ADSL":"ADSL_1","DESCRIZIONE_TIPO_ADSL":"ADSL (8 mega)","DISTANZA_CALCOLATA":"7127.46","CLASSE_DISTANZA":"6100 e oltre","POTENZA_SEGNALE":"0.00","POPOLAZIONE_SEZIONE": "7"}
			},
		 		{ "type" : "Feature",
				"geometry" : {
					"type" : "Point",
					"coordinates" : [8.23465,45.38539]},
			"properties" : { "ANNO":"2010","ID_SEZIONE":"29903","ISTAT_COMUNE_SEZ":"2133","COMUNE_SEZ":"SANTHIA'","PROVINCIA":"VC","ID_CENTRALE":"1300","NOME_CENTRALE":"SANTHIA'","ISTAT_COMUNE_CENTR":"2133","COMUNE_CENTR":"SANTHIA'","PROVINCIA_CENTR":"VC","INDIRIZZO_CENTRALE":"COMO DE REGE 16","LATITUDINE_SEZIONE":"45.38539","LONGITUDINE_SEZIONE":"8.23465","POS_X_SEZIONE":"440084.65496","POS_Y_SEZIONE":"5026048.53051","LATITUDINE_CENTRALE":"45.36543","LONGITUDINE_CENTRALE":"8.17434","POS_X_CENTRALE":"435340.49602","POS_Y_CENTRALE":"5023877.34953","TIPO_ADSL":"ADSL_1","DESCRIZIONE_TIPO_ADSL":"ADSL (8 mega)","DISTANZA_CALCOLATA":"5217.38","CLASSE_DISTANZA":"4900-5299","POTENZA_SEGNALE":"125.13","POPOLAZIONE_SEZIONE": ""}
			},
		 		{ "type" : "Feature",
				"geometry" : {
					"type" : "Point",
					"coordinates" : [8.13014,45.37877]},
			"properties" : { "ANNO":"2010","ID_SEZIONE":"30293","ISTAT_COMUNE_SEZ":"2133","COMUNE_SEZ":"SANTHIA'","PROVINCIA":"VC","ID_CENTRALE":"1300","NOME_CENTRALE":"SANTHIA'","ISTAT_COMUNE_CENTR":"2133","COMUNE_CENTR":"SANTHIA'","PROVINCIA_CENTR":"VC","INDIRIZZO_CENTRALE":"COMO DE REGE 16","LATITUDINE_SEZIONE":"45.37877","LONGITUDINE_SEZIONE":"8.13014","POS_X_SEZIONE":"431895.09310","POS_Y_SEZIONE":"5025395.85236","LATITUDINE_CENTRALE":"45.36543","LONGITUDINE_CENTRALE":"8.17434","POS_X_CENTRALE":"435340.49602","POS_Y_CENTRALE":"5023877.34953","TIPO_ADSL":"ADSL_1","DESCRIZIONE_TIPO_ADSL":"ADSL (8 mega)","DISTANZA_CALCOLATA":"3765.19","CLASSE_DISTANZA":"3700-4099","POTENZA_SEGNALE":"3000.38","POPOLAZIONE_SEZIONE": "34"}
			},
		 		{ "type" : "Feature",
				"geometry" : {
					"type" : "Point",
					"coordinates" : [8.16443,45.36656]},
			"properties" : { "ANNO":"2010","ID_SEZIONE":"30919","ISTAT_COMUNE_SEZ":"2133","COMUNE_SEZ":"SANTHIA'","PROVINCIA":"VC","ID_CENTRALE":"1300","NOME_CENTRALE":"SANTHIA'","ISTAT_COMUNE_CENTR":"2133","COMUNE_CENTR":"SANTHIA'","PROVINCIA_CENTR":"VC","INDIRIZZO_CENTRALE":"COMO DE REGE 16","LATITUDINE_SEZIONE":"45.36656","LONGITUDINE_SEZIONE":"8.16443","POS_X_SEZIONE":"434565.66718","POS_Y_SEZIONE":"5024010.90465","LATITUDINE_CENTRALE":"45.36543","LONGITUDINE_CENTRALE":"8.17434","POS_X_CENTRALE":"435340.49602","POS_Y_CENTRALE":"5023877.34953","TIPO_ADSL":"ADSL_1","DESCRIZIONE_TIPO_ADSL":"ADSL (8 mega)","DISTANZA_CALCOLATA":"786.25","CLASSE_DISTANZA":"500-899","POTENZA_SEGNALE":"7000","POPOLAZIONE_SEZIONE": "767"}
			},
		 		{ "type" : "Feature",
				"geometry" : {
					"type" : "Point",
					"coordinates" : [8.21267,45.39075]},
			"properties" : { "ANNO":"2010","ID_SEZIONE":"32366","ISTAT_COMUNE_SEZ":"2133","COMUNE_SEZ":"SANTHIA'","PROVINCIA":"VC","ID_CENTRALE":"1300","NOME_CENTRALE":"SANTHIA'","ISTAT_COMUNE_CENTR":"2133","COMUNE_CENTR":"SANTHIA'","PROVINCIA_CENTR":"VC","INDIRIZZO_CENTRALE":"COMO DE REGE 16","LATITUDINE_SEZIONE":"45.39075","LONGITUDINE_SEZIONE":"8.21267","POS_X_SEZIONE":"438369.20869","POS_Y_SEZIONE":"5026660.50619","LATITUDINE_CENTRALE":"45.36543","LONGITUDINE_CENTRALE":"8.17434","POS_X_CENTRALE":"435340.49602","POS_Y_CENTRALE":"5023877.34953","TIPO_ADSL":"ADSL_1","DESCRIZIONE_TIPO_ADSL":"ADSL (8 mega)","DISTANZA_CALCOLATA":"4113.28","CLASSE_DISTANZA":"4100-4499","POTENZA_SEGNALE":"2125.38","POPOLAZIONE_SEZIONE": "16"}
			},
		 		{ "type" : "Feature",
				"geometry" : {
					"type" : "Point",
					"coordinates" : [8.17435,45.36490]},
			"properties" : { "ANNO":"2010","ID_SEZIONE":"32937","ISTAT_COMUNE_SEZ":"2133","COMUNE_SEZ":"SANTHIA'","PROVINCIA":"VC","ID_CENTRALE":"1300","NOME_CENTRALE":"SANTHIA'","ISTAT_COMUNE_CENTR":"2133","COMUNE_CENTR":"SANTHIA'","PROVINCIA_CENTR":"VC","INDIRIZZO_CENTRALE":"COMO DE REGE 16","LATITUDINE_SEZIONE":"45.36490","LONGITUDINE_SEZIONE":"8.17435","POS_X_SEZIONE":"435340.21771","POS_Y_SEZIONE":"5023818.92052","LATITUDINE_CENTRALE":"45.36543","LONGITUDINE_CENTRALE":"8.17434","POS_X_CENTRALE":"435340.49602","POS_Y_CENTRALE":"5023877.34953","TIPO_ADSL":"ADSL_1","DESCRIZIONE_TIPO_ADSL":"ADSL (8 mega)","DISTANZA_CALCOLATA":"58.43","CLASSE_DISTANZA":"0-99","POTENZA_SEGNALE":"7000","POPOLAZIONE_SEZIONE": "571"}
			}
		 		]
	}
		