 	{ "type" : "FeatureCollection",
		"features" : [
		 		{ "type" : "Feature",
				"geometry" : {
					"type" : "Point",
					"coordinates" : [8.05492,44.43596]},
			"properties" : { "ANNO":"2010","ID_SEZIONE":"2033","ISTAT_COMUNE_SEZ":"4160","COMUNE_SEZ":"PAROLDO","PROVINCIA":"CN","ID_CENTRALE":"1251","NOME_CENTRALE":"SALE DELLE LANGHE","ISTAT_COMUNE_CENTR":"4199","COMUNE_CENTR":"SALE DELLE LANGHE","PROVINCIA_CENTR":"CN","INDIRIZZO_CENTRALE":"ROMA 55","LATITUDINE_SEZIONE":"44.43596","LONGITUDINE_SEZIONE":"8.05492","POS_X_SEZIONE":"424786.08163","POS_Y_SEZIONE":"4920729.81092","LATITUDINE_CENTRALE":"44.39465","LONGITUDINE_CENTRALE":"8.07931","POS_X_CENTRALE":"426675.38997","POS_Y_CENTRALE":"4916119.43846","TIPO_ADSL":"ADSL_M","DESCRIZIONE_TIPO_ADSL":"ADSL Mini","DISTANZA_CALCOLATA":"4982.47","CLASSE_DISTANZA":"4900-5299","POTENZA_SEGNALE":"0.00","POPOLAZIONE_SEZIONE": "20"}
			},
		 		{ "type" : "Feature",
				"geometry" : {
					"type" : "Point",
					"coordinates" : [8.09328,44.40439]},
			"properties" : { "ANNO":"2010","ID_SEZIONE":"3300","ISTAT_COMUNE_SEZ":"4199","COMUNE_SEZ":"SALE DELLE LANGHE","PROVINCIA":"CN","ID_CENTRALE":"1251","NOME_CENTRALE":"SALE DELLE LANGHE","ISTAT_COMUNE_CENTR":"4199","COMUNE_CENTR":"SALE DELLE LANGHE","PROVINCIA_CENTR":"CN","INDIRIZZO_CENTRALE":"ROMA 55","LATITUDINE_SEZIONE":"44.40439","LONGITUDINE_SEZIONE":"8.09328","POS_X_SEZIONE":"427799.83447","POS_Y_SEZIONE":"4917188.82660","LATITUDINE_CENTRALE":"44.39465","LONGITUDINE_CENTRALE":"8.07931","POS_X_CENTRALE":"426675.38997","POS_Y_CENTRALE":"4916119.43846","TIPO_ADSL":"ADSL_M","DESCRIZIONE_TIPO_ADSL":"ADSL Mini","DISTANZA_CALCOLATA":"1551.76","CLASSE_DISTANZA":"1300-1699","POTENZA_SEGNALE":"0.64","POPOLAZIONE_SEZIONE": "37"}
			},
		 		{ "type" : "Feature",
				"geometry" : {
					"type" : "Point",
					"coordinates" : [8.09684,44.42017]},
			"properties" : { "ANNO":"2010","ID_SEZIONE":"3895","ISTAT_COMUNE_SEZ":"4200","COMUNE_SEZ":"SALE SAN GIOVANNI","PROVINCIA":"CN","ID_CENTRALE":"1251","NOME_CENTRALE":"SALE DELLE LANGHE","ISTAT_COMUNE_CENTR":"4199","COMUNE_CENTR":"SALE DELLE LANGHE","PROVINCIA_CENTR":"CN","INDIRIZZO_CENTRALE":"ROMA 55","LATITUDINE_SEZIONE":"44.42017","LONGITUDINE_SEZIONE":"8.09684","POS_X_SEZIONE":"428102.64100","POS_Y_SEZIONE":"4918938.84311","LATITUDINE_CENTRALE":"44.39465","LONGITUDINE_CENTRALE":"8.07931","POS_X_CENTRALE":"426675.38997","POS_Y_CENTRALE":"4916119.43846","TIPO_ADSL":"ADSL_M","DESCRIZIONE_TIPO_ADSL":"ADSL Mini","DISTANZA_CALCOLATA":"3160.08","CLASSE_DISTANZA":"2900-3299","POTENZA_SEGNALE":"0.64","POPOLAZIONE_SEZIONE": "23"}
			},
		 		{ "type" : "Feature",
				"geometry" : {
					"type" : "Point",
					"coordinates" : [8.10434,44.39314]},
			"properties" : { "ANNO":"2010","ID_SEZIONE":"4720","ISTAT_COMUNE_SEZ":"4199","COMUNE_SEZ":"SALE DELLE LANGHE","PROVINCIA":"CN","ID_CENTRALE":"1251","NOME_CENTRALE":"SALE DELLE LANGHE","ISTAT_COMUNE_CENTR":"4199","COMUNE_CENTR":"SALE DELLE LANGHE","PROVINCIA_CENTR":"CN","INDIRIZZO_CENTRALE":"ROMA 55","LATITUDINE_SEZIONE":"44.39314","LONGITUDINE_SEZIONE":"8.10434","POS_X_SEZIONE":"428666.61872","POS_Y_SEZIONE":"4915929.31428","LATITUDINE_CENTRALE":"44.39465","LONGITUDINE_CENTRALE":"8.07931","POS_X_CENTRALE":"426675.38997","POS_Y_CENTRALE":"4916119.43846","TIPO_ADSL":"ADSL_M","DESCRIZIONE_TIPO_ADSL":"ADSL Mini","DISTANZA_CALCOLATA":"2000.28","CLASSE_DISTANZA":"1700-2099","POTENZA_SEGNALE":"0.64","POPOLAZIONE_SEZIONE": "13"}
			},
		 		{ "type" : "Feature",
				"geometry" : {
					"type" : "Point",
					"coordinates" : [8.07013,44.40598]},
			"properties" : { "ANNO":"2010","ID_SEZIONE":"5294","ISTAT_COMUNE_SEZ":"4200","COMUNE_SEZ":"SALE SAN GIOVANNI","PROVINCIA":"CN","ID_CENTRALE":"1251","NOME_CENTRALE":"SALE DELLE LANGHE","ISTAT_COMUNE_CENTR":"4199","COMUNE_CENTR":"SALE DELLE LANGHE","PROVINCIA_CENTR":"CN","INDIRIZZO_CENTRALE":"ROMA 55","LATITUDINE_SEZIONE":"44.40598","LONGITUDINE_SEZIONE":"8.07013","POS_X_SEZIONE":"425958.27389","POS_Y_SEZIONE":"4917385.81450","LATITUDINE_CENTRALE":"44.39465","LONGITUDINE_CENTRALE":"8.07931","POS_X_CENTRALE":"426675.38997","POS_Y_CENTRALE":"4916119.43846","TIPO_ADSL":"ADSL_M","DESCRIZIONE_TIPO_ADSL":"ADSL Mini","DISTANZA_CALCOLATA":"1455.32","CLASSE_DISTANZA":"1300-1699","POTENZA_SEGNALE":"0.64","POPOLAZIONE_SEZIONE": "8"}
			},
		 		{ "type" : "Feature",
				"geometry" : {
					"type" : "Point",
					"coordinates" : [8.06904,44.38325]},
			"properties" : { "ANNO":"2010","ID_SEZIONE":"6761","ISTAT_COMUNE_SEZ":"4199","COMUNE_SEZ":"SALE DELLE LANGHE","PROVINCIA":"CN","ID_CENTRALE":"1251","NOME_CENTRALE":"SALE DELLE LANGHE","ISTAT_COMUNE_CENTR":"4199","COMUNE_CENTR":"SALE DELLE LANGHE","PROVINCIA_CENTR":"CN","INDIRIZZO_CENTRALE":"ROMA 55","LATITUDINE_SEZIONE":"44.38325","LONGITUDINE_SEZIONE":"8.06904","POS_X_SEZIONE":"425843.50295","POS_Y_SEZIONE":"4914862.78500","LATITUDINE_CENTRALE":"44.39465","LONGITUDINE_CENTRALE":"8.07931","POS_X_CENTRALE":"426675.38997","POS_Y_CENTRALE":"4916119.43846","TIPO_ADSL":"ADSL_M","DESCRIZIONE_TIPO_ADSL":"ADSL Mini","DISTANZA_CALCOLATA":"1507.05","CLASSE_DISTANZA":"1300-1699","POTENZA_SEGNALE":"0.64","POPOLAZIONE_SEZIONE": "19"}
			},
		 		{ "type" : "Feature",
				"geometry" : {
					"type" : "Point",
					"coordinates" : [8.06912,44.39820]},
			"properties" : { "ANNO":"2010","ID_SEZIONE":"7795","ISTAT_COMUNE_SEZ":"4200","COMUNE_SEZ":"SALE SAN GIOVANNI","PROVINCIA":"CN","ID_CENTRALE":"1251","NOME_CENTRALE":"SALE DELLE LANGHE","ISTAT_COMUNE_CENTR":"4199","COMUNE_CENTR":"SALE DELLE LANGHE","PROVINCIA_CENTR":"CN","INDIRIZZO_CENTRALE":"ROMA 55","LATITUDINE_SEZIONE":"44.39820","LONGITUDINE_SEZIONE":"8.06912","POS_X_SEZIONE":"425868.72611","POS_Y_SEZIONE":"4916522.80317","LATITUDINE_CENTRALE":"44.39465","LONGITUDINE_CENTRALE":"8.07931","POS_X_CENTRALE":"426675.38997","POS_Y_CENTRALE":"4916119.43846","TIPO_ADSL":"ADSL_M","DESCRIZIONE_TIPO_ADSL":"ADSL Mini","DISTANZA_CALCOLATA":"901.89","CLASSE_DISTANZA":"900-1299","POTENZA_SEGNALE":"0.64","POPOLAZIONE_SEZIONE": "19"}
			},
		 		{ "type" : "Feature",
				"geometry" : {
					"type" : "Point",
					"coordinates" : [8.07993,44.39483]},
			"properties" : { "ANNO":"2010","ID_SEZIONE":"7796","ISTAT_COMUNE_SEZ":"4199","COMUNE_SEZ":"SALE DELLE LANGHE","PROVINCIA":"CN","ID_CENTRALE":"1251","NOME_CENTRALE":"SALE DELLE LANGHE","ISTAT_COMUNE_CENTR":"4199","COMUNE_CENTR":"SALE DELLE LANGHE","PROVINCIA_CENTR":"CN","INDIRIZZO_CENTRALE":"ROMA 55","LATITUDINE_SEZIONE":"44.39483","LONGITUDINE_SEZIONE":"8.07993","POS_X_SEZIONE":"426724.71639","POS_Y_SEZIONE":"4916138.31370","LATITUDINE_CENTRALE":"44.39465","LONGITUDINE_CENTRALE":"8.07931","POS_X_CENTRALE":"426675.38997","POS_Y_CENTRALE":"4916119.43846","TIPO_ADSL":"ADSL_M","DESCRIZIONE_TIPO_ADSL":"ADSL Mini","DISTANZA_CALCOLATA":"52.81","CLASSE_DISTANZA":"0-99","POTENZA_SEGNALE":"0.64","POPOLAZIONE_SEZIONE": "302"}
			},
		 		{ "type" : "Feature",
				"geometry" : {
					"type" : "Point",
					"coordinates" : [8.09454,44.38907]},
			"properties" : { "ANNO":"2010","ID_SEZIONE":"8871","ISTAT_COMUNE_SEZ":"4199","COMUNE_SEZ":"SALE DELLE LANGHE","PROVINCIA":"CN","ID_CENTRALE":"1251","NOME_CENTRALE":"SALE DELLE LANGHE","ISTAT_COMUNE_CENTR":"4199","COMUNE_CENTR":"SALE DELLE LANGHE","PROVINCIA_CENTR":"CN","INDIRIZZO_CENTRALE":"ROMA 55","LATITUDINE_SEZIONE":"44.38907","LONGITUDINE_SEZIONE":"8.09454","POS_X_SEZIONE":"427881.76727","POS_Y_SEZIONE":"4915485.80861","LATITUDINE_CENTRALE":"44.39465","LONGITUDINE_CENTRALE":"8.07931","POS_X_CENTRALE":"426675.38997","POS_Y_CENTRALE":"4916119.43846","TIPO_ADSL":"ADSL_M","DESCRIZIONE_TIPO_ADSL":"ADSL Mini","DISTANZA_CALCOLATA":"1362.66","CLASSE_DISTANZA":"1300-1699","POTENZA_SEGNALE":"0.64","POPOLAZIONE_SEZIONE": "6"}
			},
		 		{ "type" : "Feature",
				"geometry" : {
					"type" : "Point",
					"coordinates" : [8.07246,44.38935]},
			"properties" : { "ANNO":"2010","ID_SEZIONE":"13240","ISTAT_COMUNE_SEZ":"4199","COMUNE_SEZ":"SALE DELLE LANGHE","PROVINCIA":"CN","ID_CENTRALE":"1251","NOME_CENTRALE":"SALE DELLE LANGHE","ISTAT_COMUNE_CENTR":"4199","COMUNE_CENTR":"SALE DELLE LANGHE","PROVINCIA_CENTR":"CN","INDIRIZZO_CENTRALE":"ROMA 55","LATITUDINE_SEZIONE":"44.38935","LONGITUDINE_SEZIONE":"8.07246","POS_X_SEZIONE":"426122.89418","POS_Y_SEZIONE":"4915536.79818","LATITUDINE_CENTRALE":"44.39465","LONGITUDINE_CENTRALE":"8.07931","POS_X_CENTRALE":"426675.38997","POS_Y_CENTRALE":"4916119.43846","TIPO_ADSL":"ADSL_M","DESCRIZIONE_TIPO_ADSL":"ADSL Mini","DISTANZA_CALCOLATA":"802.95","CLASSE_DISTANZA":"500-899","POTENZA_SEGNALE":"0.64","POPOLAZIONE_SEZIONE": "12"}
			},
		 		{ "type" : "Feature",
				"geometry" : {
					"type" : "Point",
					"coordinates" : [8.07012,44.38733]},
			"properties" : { "ANNO":"2010","ID_SEZIONE":"13660","ISTAT_COMUNE_SEZ":"4199","COMUNE_SEZ":"SALE DELLE LANGHE","PROVINCIA":"CN","ID_CENTRALE":"1251","NOME_CENTRALE":"SALE DELLE LANGHE","ISTAT_COMUNE_CENTR":"4199","COMUNE_CENTR":"SALE DELLE LANGHE","PROVINCIA_CENTR":"CN","INDIRIZZO_CENTRALE":"ROMA 55","LATITUDINE_SEZIONE":"44.38733","LONGITUDINE_SEZIONE":"8.07012","POS_X_SEZIONE":"425934.30717","POS_Y_SEZIONE":"4915314.29169","LATITUDINE_CENTRALE":"44.39465","LONGITUDINE_CENTRALE":"8.07931","POS_X_CENTRALE":"426675.38997","POS_Y_CENTRALE":"4916119.43846","TIPO_ADSL":"ADSL_M","DESCRIZIONE_TIPO_ADSL":"ADSL Mini","DISTANZA_CALCOLATA":"1094.29","CLASSE_DISTANZA":"900-1299","POTENZA_SEGNALE":"0.64","POPOLAZIONE_SEZIONE": "15"}
			},
		 		{ "type" : "Feature",
				"geometry" : {
					"type" : "Point",
					"coordinates" : [8.10500,44.40929]},
			"properties" : { "ANNO":"2010","ID_SEZIONE":"14851","ISTAT_COMUNE_SEZ":"4199","COMUNE_SEZ":"SALE DELLE LANGHE","PROVINCIA":"CN","ID_CENTRALE":"1251","NOME_CENTRALE":"SALE DELLE LANGHE","ISTAT_COMUNE_CENTR":"4199","COMUNE_CENTR":"SALE DELLE LANGHE","PROVINCIA_CENTR":"CN","INDIRIZZO_CENTRALE":"ROMA 55","LATITUDINE_SEZIONE":"44.40929","LONGITUDINE_SEZIONE":"8.10500","POS_X_SEZIONE":"428739.11792","POS_Y_SEZIONE":"4917722.83287","LATITUDINE_CENTRALE":"44.39465","LONGITUDINE_CENTRALE":"8.07931","POS_X_CENTRALE":"426675.38997","POS_Y_CENTRALE":"4916119.43846","TIPO_ADSL":"ADSL_M","DESCRIZIONE_TIPO_ADSL":"ADSL Mini","DISTANZA_CALCOLATA":"2613.4","CLASSE_DISTANZA":"2500-2899","POTENZA_SEGNALE":"0.64","POPOLAZIONE_SEZIONE": "19"}
			},
		 		{ "type" : "Feature",
				"geometry" : {
					"type" : "Point",
					"coordinates" : [8.08130,44.40886]},
			"properties" : { "ANNO":"2010","ID_SEZIONE":"17121","ISTAT_COMUNE_SEZ":"4200","COMUNE_SEZ":"SALE SAN GIOVANNI","PROVINCIA":"CN","ID_CENTRALE":"1251","NOME_CENTRALE":"SALE DELLE LANGHE","ISTAT_COMUNE_CENTR":"4199","COMUNE_CENTR":"SALE DELLE LANGHE","PROVINCIA_CENTR":"CN","INDIRIZZO_CENTRALE":"ROMA 55","LATITUDINE_SEZIONE":"44.40886","LONGITUDINE_SEZIONE":"8.08130","POS_X_SEZIONE":"426851.75178","POS_Y_SEZIONE":"4917695.83102","LATITUDINE_CENTRALE":"44.39465","LONGITUDINE_CENTRALE":"8.07931","POS_X_CENTRALE":"426675.38997","POS_Y_CENTRALE":"4916119.43846","TIPO_ADSL":"ADSL_M","DESCRIZIONE_TIPO_ADSL":"ADSL Mini","DISTANZA_CALCOLATA":"1586.23","CLASSE_DISTANZA":"1300-1699","POTENZA_SEGNALE":"0.64","POPOLAZIONE_SEZIONE": "12"}
			},
		 		{ "type" : "Feature",
				"geometry" : {
					"type" : "Point",
					"coordinates" : [8.08412,44.41497]},
			"properties" : { "ANNO":"2010","ID_SEZIONE":"17122","ISTAT_COMUNE_SEZ":"4200","COMUNE_SEZ":"SALE SAN GIOVANNI","PROVINCIA":"CN","ID_CENTRALE":"1251","NOME_CENTRALE":"SALE DELLE LANGHE","ISTAT_COMUNE_CENTR":"4199","COMUNE_CENTR":"SALE DELLE LANGHE","PROVINCIA_CENTR":"CN","INDIRIZZO_CENTRALE":"ROMA 55","LATITUDINE_SEZIONE":"44.41497","LONGITUDINE_SEZIONE":"8.08412","POS_X_SEZIONE":"427083.67293","POS_Y_SEZIONE":"4918372.33866","LATITUDINE_CENTRALE":"44.39465","LONGITUDINE_CENTRALE":"8.07931","POS_X_CENTRALE":"426675.38997","POS_Y_CENTRALE":"4916119.43846","TIPO_ADSL":"ADSL_M","DESCRIZIONE_TIPO_ADSL":"ADSL Mini","DISTANZA_CALCOLATA":"2289.6","CLASSE_DISTANZA":"2100-2499","POTENZA_SEGNALE":"0.64","POPOLAZIONE_SEZIONE": "14"}
			},
		 		{ "type" : "Feature",
				"geometry" : {
					"type" : "Point",
					"coordinates" : [8.11712,44.40096]},
			"properties" : { "ANNO":"2010","ID_SEZIONE":"17125","ISTAT_COMUNE_SEZ":"4199","COMUNE_SEZ":"SALE DELLE LANGHE","PROVINCIA":"CN","ID_CENTRALE":"1251","NOME_CENTRALE":"SALE DELLE LANGHE","ISTAT_COMUNE_CENTR":"4199","COMUNE_CENTR":"SALE DELLE LANGHE","PROVINCIA_CENTR":"CN","INDIRIZZO_CENTRALE":"ROMA 55","LATITUDINE_SEZIONE":"44.40096","LONGITUDINE_SEZIONE":"8.11712","POS_X_SEZIONE":"429693.98922","POS_Y_SEZIONE":"4916787.32439","LATITUDINE_CENTRALE":"44.39465","LONGITUDINE_CENTRALE":"8.07931","POS_X_CENTRALE":"426675.38997","POS_Y_CENTRALE":"4916119.43846","TIPO_ADSL":"ADSL_M","DESCRIZIONE_TIPO_ADSL":"ADSL Mini","DISTANZA_CALCOLATA":"3091.6","CLASSE_DISTANZA":"2900-3299","POTENZA_SEGNALE":"0.64","POPOLAZIONE_SEZIONE": "15"}
			},
		 		{ "type" : "Feature",
				"geometry" : {
					"type" : "Point",
					"coordinates" : [8.09136,44.39241]},
			"properties" : { "ANNO":"2010","ID_SEZIONE":"18434","ISTAT_COMUNE_SEZ":"4199","COMUNE_SEZ":"SALE DELLE LANGHE","PROVINCIA":"CN","ID_CENTRALE":"1251","NOME_CENTRALE":"SALE DELLE LANGHE","ISTAT_COMUNE_CENTR":"4199","COMUNE_CENTR":"SALE DELLE LANGHE","PROVINCIA_CENTR":"CN","INDIRIZZO_CENTRALE":"ROMA 55","LATITUDINE_SEZIONE":"44.39241","LONGITUDINE_SEZIONE":"8.09136","POS_X_SEZIONE":"427632.26608","POS_Y_SEZIONE":"4915859.31210","LATITUDINE_CENTRALE":"44.39465","LONGITUDINE_CENTRALE":"8.07931","POS_X_CENTRALE":"426675.38997","POS_Y_CENTRALE":"4916119.43846","TIPO_ADSL":"ADSL_M","DESCRIZIONE_TIPO_ADSL":"ADSL Mini","DISTANZA_CALCOLATA":"991.60","CLASSE_DISTANZA":"900-1299","POTENZA_SEGNALE":"0.64","POPOLAZIONE_SEZIONE": "2"}
			},
		 		{ "type" : "Feature",
				"geometry" : {
					"type" : "Point",
					"coordinates" : [8.07855,44.40534]},
			"properties" : { "ANNO":"2010","ID_SEZIONE":"21789","ISTAT_COMUNE_SEZ":"4200","COMUNE_SEZ":"SALE SAN GIOVANNI","PROVINCIA":"CN","ID_CENTRALE":"1251","NOME_CENTRALE":"SALE DELLE LANGHE","ISTAT_COMUNE_CENTR":"4199","COMUNE_CENTR":"SALE DELLE LANGHE","PROVINCIA_CENTR":"CN","INDIRIZZO_CENTRALE":"ROMA 55","LATITUDINE_SEZIONE":"44.40534","LONGITUDINE_SEZIONE":"8.07855","POS_X_SEZIONE":"426628.07485","POS_Y_SEZIONE":"4917307.32644","LATITUDINE_CENTRALE":"44.39465","LONGITUDINE_CENTRALE":"8.07931","POS_X_CENTRALE":"426675.38997","POS_Y_CENTRALE":"4916119.43846","TIPO_ADSL":"ADSL_M","DESCRIZIONE_TIPO_ADSL":"ADSL Mini","DISTANZA_CALCOLATA":"1188.83","CLASSE_DISTANZA":"900-1299","POTENZA_SEGNALE":"0.64","POPOLAZIONE_SEZIONE": "8"}
			},
		 		{ "type" : "Feature",
				"geometry" : {
					"type" : "Point",
					"coordinates" : [8.08115,44.41561]},
			"properties" : { "ANNO":"2010","ID_SEZIONE":"22769","ISTAT_COMUNE_SEZ":"4200","COMUNE_SEZ":"SALE SAN GIOVANNI","PROVINCIA":"CN","ID_CENTRALE":"1251","NOME_CENTRALE":"SALE DELLE LANGHE","ISTAT_COMUNE_CENTR":"4199","COMUNE_CENTR":"SALE DELLE LANGHE","PROVINCIA_CENTR":"CN","INDIRIZZO_CENTRALE":"ROMA 55","LATITUDINE_SEZIONE":"44.41561","LONGITUDINE_SEZIONE":"8.08115","POS_X_SEZIONE":"426847.89539","POS_Y_SEZIONE":"4918445.83934","LATITUDINE_CENTRALE":"44.39465","LONGITUDINE_CENTRALE":"8.07931","POS_X_CENTRALE":"426675.38997","POS_Y_CENTRALE":"4916119.43846","TIPO_ADSL":"ADSL_M","DESCRIZIONE_TIPO_ADSL":"ADSL Mini","DISTANZA_CALCOLATA":"2332.79","CLASSE_DISTANZA":"2100-2499","POTENZA_SEGNALE":"0.64","POPOLAZIONE_SEZIONE": "14"}
			},
		 		{ "type" : "Feature",
				"geometry" : {
					"type" : "Point",
					"coordinates" : [8.07800,44.39912]},
			"properties" : { "ANNO":"2010","ID_SEZIONE":"24248","ISTAT_COMUNE_SEZ":"4200","COMUNE_SEZ":"SALE SAN GIOVANNI","PROVINCIA":"CN","ID_CENTRALE":"1251","NOME_CENTRALE":"SALE DELLE LANGHE","ISTAT_COMUNE_CENTR":"4199","COMUNE_CENTR":"SALE DELLE LANGHE","PROVINCIA_CENTR":"CN","INDIRIZZO_CENTRALE":"ROMA 55","LATITUDINE_SEZIONE":"44.39912","LONGITUDINE_SEZIONE":"8.07800","POS_X_SEZIONE":"426576.36899","POS_Y_SEZIONE":"4916616.81866","LATITUDINE_CENTRALE":"44.39465","LONGITUDINE_CENTRALE":"8.07931","POS_X_CENTRALE":"426675.38997","POS_Y_CENTRALE":"4916119.43846","TIPO_ADSL":"ADSL_M","DESCRIZIONE_TIPO_ADSL":"ADSL Mini","DISTANZA_CALCOLATA":"507.14","CLASSE_DISTANZA":"500-899","POTENZA_SEGNALE":"0.64","POPOLAZIONE_SEZIONE": "34"}
			},
		 		{ "type" : "Feature",
				"geometry" : {
					"type" : "Point",
					"coordinates" : [8.10438,44.41148]},
			"properties" : { "ANNO":"2010","ID_SEZIONE":"25502","ISTAT_COMUNE_SEZ":"4199","COMUNE_SEZ":"SALE DELLE LANGHE","PROVINCIA":"CN","ID_CENTRALE":"1251","NOME_CENTRALE":"SALE DELLE LANGHE","ISTAT_COMUNE_CENTR":"4199","COMUNE_CENTR":"SALE DELLE LANGHE","PROVINCIA_CENTR":"CN","INDIRIZZO_CENTRALE":"ROMA 55","LATITUDINE_SEZIONE":"44.41148","LONGITUDINE_SEZIONE":"8.10438","POS_X_SEZIONE":"428692.70871","POS_Y_SEZIONE":"4917966.33546","LATITUDINE_CENTRALE":"44.39465","LONGITUDINE_CENTRALE":"8.07931","POS_X_CENTRALE":"426675.38997","POS_Y_CENTRALE":"4916119.43846","TIPO_ADSL":"ADSL_M","DESCRIZIONE_TIPO_ADSL":"ADSL Mini","DISTANZA_CALCOLATA":"2735.07","CLASSE_DISTANZA":"2500-2899","POTENZA_SEGNALE":"0.64","POPOLAZIONE_SEZIONE": "13"}
			},
		 		{ "type" : "Feature",
				"geometry" : {
					"type" : "Point",
					"coordinates" : [8.06472,44.39165]},
			"properties" : { "ANNO":"2010","ID_SEZIONE":"27442","ISTAT_COMUNE_SEZ":"4200","COMUNE_SEZ":"SALE SAN GIOVANNI","PROVINCIA":"CN","ID_CENTRALE":"1251","NOME_CENTRALE":"SALE DELLE LANGHE","ISTAT_COMUNE_CENTR":"4199","COMUNE_CENTR":"SALE DELLE LANGHE","PROVINCIA_CENTR":"CN","INDIRIZZO_CENTRALE":"ROMA 55","LATITUDINE_SEZIONE":"44.39165","LONGITUDINE_SEZIONE":"8.06472","POS_X_SEZIONE":"425509.40093","POS_Y_SEZIONE":"4915799.78749","LATITUDINE_CENTRALE":"44.39465","LONGITUDINE_CENTRALE":"8.07931","POS_X_CENTRALE":"426675.38997","POS_Y_CENTRALE":"4916119.43846","TIPO_ADSL":"ADSL_M","DESCRIZIONE_TIPO_ADSL":"ADSL Mini","DISTANZA_CALCOLATA":"1209.01","CLASSE_DISTANZA":"900-1299","POTENZA_SEGNALE":"0.64","POPOLAZIONE_SEZIONE": "42"}
			},
		 		{ "type" : "Feature",
				"geometry" : {
					"type" : "Point",
					"coordinates" : [8.08930,44.39773]},
			"properties" : { "ANNO":"2010","ID_SEZIONE":"27907","ISTAT_COMUNE_SEZ":"4199","COMUNE_SEZ":"SALE DELLE LANGHE","PROVINCIA":"CN","ID_CENTRALE":"1251","NOME_CENTRALE":"SALE DELLE LANGHE","ISTAT_COMUNE_CENTR":"4199","COMUNE_CENTR":"SALE DELLE LANGHE","PROVINCIA_CENTR":"CN","INDIRIZZO_CENTRALE":"ROMA 55","LATITUDINE_SEZIONE":"44.39773","LONGITUDINE_SEZIONE":"8.08930","POS_X_SEZIONE":"427474.94640","POS_Y_SEZIONE":"4916452.81789","LATITUDINE_CENTRALE":"44.39465","LONGITUDINE_CENTRALE":"8.07931","POS_X_CENTRALE":"426675.38997","POS_Y_CENTRALE":"4916119.43846","TIPO_ADSL":"ADSL_M","DESCRIZIONE_TIPO_ADSL":"ADSL Mini","DISTANZA_CALCOLATA":"866.27","CLASSE_DISTANZA":"500-899","POTENZA_SEGNALE":"0.64","POPOLAZIONE_SEZIONE": "37"}
			},
		 		{ "type" : "Feature",
				"geometry" : {
					"type" : "Point",
					"coordinates" : [8.07084,44.41354]},
			"properties" : { "ANNO":"2010","ID_SEZIONE":"30544","ISTAT_COMUNE_SEZ":"4200","COMUNE_SEZ":"SALE SAN GIOVANNI","PROVINCIA":"CN","ID_CENTRALE":"1251","NOME_CENTRALE":"SALE DELLE LANGHE","ISTAT_COMUNE_CENTR":"4199","COMUNE_CENTR":"SALE DELLE LANGHE","PROVINCIA_CENTR":"CN","INDIRIZZO_CENTRALE":"ROMA 55","LATITUDINE_SEZIONE":"44.41354","LONGITUDINE_SEZIONE":"8.07084","POS_X_SEZIONE":"426024.32138","POS_Y_SEZIONE":"4918225.32503","LATITUDINE_CENTRALE":"44.39465","LONGITUDINE_CENTRALE":"8.07931","POS_X_CENTRALE":"426675.38997","POS_Y_CENTRALE":"4916119.43846","TIPO_ADSL":"ADSL_M","DESCRIZIONE_TIPO_ADSL":"ADSL Mini","DISTANZA_CALCOLATA":"2204.23","CLASSE_DISTANZA":"2100-2499","POTENZA_SEGNALE":"0.64","POPOLAZIONE_SEZIONE": "19"}
			}
		 		]
	}
		