 	{ "type" : "FeatureCollection",
		"features" : [
		 		{ "type" : "Feature",
				"geometry" : {
					"type" : "Point",
					"coordinates" : [8.90371,44.70437]},
			"properties" : { "ANNO":"2010","ID_SEZIONE":"3006","ISTAT_COMUNE_SEZ":"6180","COMUNE_SEZ":"VIGNOLE BORBERA","PROVINCIA":"AL","ID_CENTRALE":"1616","NOME_CENTRALE":"VIGNOLE BORBERA","ISTAT_COMUNE_CENTR":"6180","COMUNE_CENTR":"VIGNOLE BORBERA","PROVINCIA_CENTR":"AL","INDIRIZZO_CENTRALE":"ROMA 47","LATITUDINE_SEZIONE":"44.70437","LONGITUDINE_SEZIONE":"8.90371","POS_X_SEZIONE":"492371.93462","POS_Y_SEZIONE":"4950115.11655","LATITUDINE_CENTRALE":"44.70675","LONGITUDINE_CENTRALE":"8.89208","POS_X_CENTRALE":"491451.08401","POS_Y_CENTRALE":"4950380.05947","TIPO_ADSL":"ADSL_1","DESCRIZIONE_TIPO_ADSL":"ADSL (8 mega)","DISTANZA_CALCOLATA":"958.21","CLASSE_DISTANZA":"900-1299","POTENZA_SEGNALE":"7000","POPOLAZIONE_SEZIONE": "49"}
			},
		 		{ "type" : "Feature",
				"geometry" : {
					"type" : "Point",
					"coordinates" : [8.92319,44.70757]},
			"properties" : { "ANNO":"2010","ID_SEZIONE":"6144","ISTAT_COMUNE_SEZ":"6180","COMUNE_SEZ":"VIGNOLE BORBERA","PROVINCIA":"AL","ID_CENTRALE":"1616","NOME_CENTRALE":"VIGNOLE BORBERA","ISTAT_COMUNE_CENTR":"6180","COMUNE_CENTR":"VIGNOLE BORBERA","PROVINCIA_CENTR":"AL","INDIRIZZO_CENTRALE":"ROMA 47","LATITUDINE_SEZIONE":"44.70757","LONGITUDINE_SEZIONE":"8.92319","POS_X_SEZIONE":"493915.08112","POS_Y_SEZIONE":"4950469.10772","LATITUDINE_CENTRALE":"44.70675","LONGITUDINE_CENTRALE":"8.89208","POS_X_CENTRALE":"491451.08401","POS_Y_CENTRALE":"4950380.05947","TIPO_ADSL":"ADSL_1","DESCRIZIONE_TIPO_ADSL":"ADSL (8 mega)","DISTANZA_CALCOLATA":"2465.61","CLASSE_DISTANZA":"2100-2499","POTENZA_SEGNALE":"6500.38","POPOLAZIONE_SEZIONE": "25"}
			},
		 		{ "type" : "Feature",
				"geometry" : {
					"type" : "Point",
					"coordinates" : [8.88999,44.70501]},
			"properties" : { "ANNO":"2010","ID_SEZIONE":"7186","ISTAT_COMUNE_SEZ":"6180","COMUNE_SEZ":"VIGNOLE BORBERA","PROVINCIA":"AL","ID_CENTRALE":"1616","NOME_CENTRALE":"VIGNOLE BORBERA","ISTAT_COMUNE_CENTR":"6180","COMUNE_CENTR":"VIGNOLE BORBERA","PROVINCIA_CENTR":"AL","INDIRIZZO_CENTRALE":"ROMA 47","LATITUDINE_SEZIONE":"44.70501","LONGITUDINE_SEZIONE":"8.88999","POS_X_SEZIONE":"491285.47216","POS_Y_SEZIONE":"4950187.12730","LATITUDINE_CENTRALE":"44.70675","LONGITUDINE_CENTRALE":"8.89208","POS_X_CENTRALE":"491451.08401","POS_Y_CENTRALE":"4950380.05947","TIPO_ADSL":"ADSL_1","DESCRIZIONE_TIPO_ADSL":"ADSL (8 mega)","DISTANZA_CALCOLATA":"254.26","CLASSE_DISTANZA":"100-499","POTENZA_SEGNALE":"7000","POPOLAZIONE_SEZIONE": "603"}
			},
		 		{ "type" : "Feature",
				"geometry" : {
					"type" : "Point",
					"coordinates" : [8.89660,44.70861]},
			"properties" : { "ANNO":"2010","ID_SEZIONE":"9896","ISTAT_COMUNE_SEZ":"6180","COMUNE_SEZ":"VIGNOLE BORBERA","PROVINCIA":"AL","ID_CENTRALE":"1616","NOME_CENTRALE":"VIGNOLE BORBERA","ISTAT_COMUNE_CENTR":"6180","COMUNE_CENTR":"VIGNOLE BORBERA","PROVINCIA_CENTR":"AL","INDIRIZZO_CENTRALE":"ROMA 47","LATITUDINE_SEZIONE":"44.70861","LONGITUDINE_SEZIONE":"8.89660","POS_X_SEZIONE":"491809.09302","POS_Y_SEZIONE":"4950587.12935","LATITUDINE_CENTRALE":"44.70675","LONGITUDINE_CENTRALE":"8.89208","POS_X_CENTRALE":"491451.08401","POS_Y_CENTRALE":"4950380.05947","TIPO_ADSL":"ADSL_1","DESCRIZIONE_TIPO_ADSL":"ADSL (8 mega)","DISTANZA_CALCOLATA":"413.58","CLASSE_DISTANZA":"100-499","POTENZA_SEGNALE":"7000","POPOLAZIONE_SEZIONE": "388"}
			},
		 		{ "type" : "Feature",
				"geometry" : {
					"type" : "Point",
					"coordinates" : [8.87537,44.70757]},
			"properties" : { "ANNO":"2010","ID_SEZIONE":"11585","ISTAT_COMUNE_SEZ":"6180","COMUNE_SEZ":"VIGNOLE BORBERA","PROVINCIA":"AL","ID_CENTRALE":"1616","NOME_CENTRALE":"VIGNOLE BORBERA","ISTAT_COMUNE_CENTR":"6180","COMUNE_CENTR":"VIGNOLE BORBERA","PROVINCIA_CENTR":"AL","INDIRIZZO_CENTRALE":"ROMA 47","LATITUDINE_SEZIONE":"44.70757","LONGITUDINE_SEZIONE":"8.87537","POS_X_SEZIONE":"490127.75977","POS_Y_SEZIONE":"4950473.14279","LATITUDINE_CENTRALE":"44.70675","LONGITUDINE_CENTRALE":"8.89208","POS_X_CENTRALE":"491451.08401","POS_Y_CENTRALE":"4950380.05947","TIPO_ADSL":"ADSL_1","DESCRIZIONE_TIPO_ADSL":"ADSL (8 mega)","DISTANZA_CALCOLATA":"1326.59","CLASSE_DISTANZA":"1300-1699","POTENZA_SEGNALE":"7000","POPOLAZIONE_SEZIONE": "23"}
			},
		 		{ "type" : "Feature",
				"geometry" : {
					"type" : "Point",
					"coordinates" : [8.90186,44.71275]},
			"properties" : { "ANNO":"2010","ID_SEZIONE":"13436","ISTAT_COMUNE_SEZ":"6180","COMUNE_SEZ":"VIGNOLE BORBERA","PROVINCIA":"AL","ID_CENTRALE":"1616","NOME_CENTRALE":"VIGNOLE BORBERA","ISTAT_COMUNE_CENTR":"6180","COMUNE_CENTR":"VIGNOLE BORBERA","PROVINCIA_CENTR":"AL","INDIRIZZO_CENTRALE":"ROMA 47","LATITUDINE_SEZIONE":"44.71275","LONGITUDINE_SEZIONE":"8.90186","POS_X_SEZIONE":"492226.65206","POS_Y_SEZIONE":"4951045.63252","LATITUDINE_CENTRALE":"44.70675","LONGITUDINE_CENTRALE":"8.89208","POS_X_CENTRALE":"491451.08401","POS_Y_CENTRALE":"4950380.05947","TIPO_ADSL":"ADSL_1","DESCRIZIONE_TIPO_ADSL":"ADSL (8 mega)","DISTANZA_CALCOLATA":"1022","CLASSE_DISTANZA":"900-1299","POTENZA_SEGNALE":"7000","POPOLAZIONE_SEZIONE": "76"}
			},
		 		{ "type" : "Feature",
				"geometry" : {
					"type" : "Point",
					"coordinates" : [8.88783,44.70913]},
			"properties" : { "ANNO":"2010","ID_SEZIONE":"15739","ISTAT_COMUNE_SEZ":"6180","COMUNE_SEZ":"VIGNOLE BORBERA","PROVINCIA":"AL","ID_CENTRALE":"1616","NOME_CENTRALE":"VIGNOLE BORBERA","ISTAT_COMUNE_CENTR":"6180","COMUNE_CENTR":"VIGNOLE BORBERA","PROVINCIA_CENTR":"AL","INDIRIZZO_CENTRALE":"ROMA 47","LATITUDINE_SEZIONE":"44.70913","LONGITUDINE_SEZIONE":"8.88783","POS_X_SEZIONE":"491114.56553","POS_Y_SEZIONE":"4950645.13639","LATITUDINE_CENTRALE":"44.70675","LONGITUDINE_CENTRALE":"8.89208","POS_X_CENTRALE":"491451.08401","POS_Y_CENTRALE":"4950380.05947","TIPO_ADSL":"ADSL_1","DESCRIZIONE_TIPO_ADSL":"ADSL (8 mega)","DISTANZA_CALCOLATA":"428.38","CLASSE_DISTANZA":"100-499","POTENZA_SEGNALE":"7000","POPOLAZIONE_SEZIONE": "436"}
			},
		 		{ "type" : "Feature",
				"geometry" : {
					"type" : "Point",
					"coordinates" : [8.91397,44.71466]},
			"properties" : { "ANNO":"2010","ID_SEZIONE":"23628","ISTAT_COMUNE_SEZ":"6180","COMUNE_SEZ":"VIGNOLE BORBERA","PROVINCIA":"AL","ID_CENTRALE":"1616","NOME_CENTRALE":"VIGNOLE BORBERA","ISTAT_COMUNE_CENTR":"6180","COMUNE_CENTR":"VIGNOLE BORBERA","PROVINCIA_CENTR":"AL","INDIRIZZO_CENTRALE":"ROMA 47","LATITUDINE_SEZIONE":"44.71466","LONGITUDINE_SEZIONE":"8.91397","POS_X_SEZIONE":"493185.92707","POS_Y_SEZIONE":"4951257.12641","LATITUDINE_CENTRALE":"44.70675","LONGITUDINE_CENTRALE":"8.89208","POS_X_CENTRALE":"491451.08401","POS_Y_CENTRALE":"4950380.05947","TIPO_ADSL":"ADSL_1","DESCRIZIONE_TIPO_ADSL":"ADSL (8 mega)","DISTANZA_CALCOLATA":"1943.95","CLASSE_DISTANZA":"1700-2099","POTENZA_SEGNALE":"6874.88","POPOLAZIONE_SEZIONE": "32"}
			},
		 		{ "type" : "Feature",
				"geometry" : {
					"type" : "Point",
					"coordinates" : [8.90921,44.71351]},
			"properties" : { "ANNO":"2010","ID_SEZIONE":"23629","ISTAT_COMUNE_SEZ":"6180","COMUNE_SEZ":"VIGNOLE BORBERA","PROVINCIA":"AL","ID_CENTRALE":"1616","NOME_CENTRALE":"VIGNOLE BORBERA","ISTAT_COMUNE_CENTR":"6180","COMUNE_CENTR":"VIGNOLE BORBERA","PROVINCIA_CENTR":"AL","INDIRIZZO_CENTRALE":"ROMA 47","LATITUDINE_SEZIONE":"44.71351","LONGITUDINE_SEZIONE":"8.90921","POS_X_SEZIONE":"492809.11760","POS_Y_SEZIONE":"4951129.62817","LATITUDINE_CENTRALE":"44.70675","LONGITUDINE_CENTRALE":"8.89208","POS_X_CENTRALE":"491451.08401","POS_Y_CENTRALE":"4950380.05947","TIPO_ADSL":"ADSL_1","DESCRIZIONE_TIPO_ADSL":"ADSL (8 mega)","DISTANZA_CALCOLATA":"1551.16","CLASSE_DISTANZA":"1300-1699","POTENZA_SEGNALE":"7000","POPOLAZIONE_SEZIONE": "21"}
			},
		 		{ "type" : "Feature",
				"geometry" : {
					"type" : "Point",
					"coordinates" : [8.92257,44.72039]},
			"properties" : { "ANNO":"2010","ID_SEZIONE":"28321","ISTAT_COMUNE_SEZ":"6180","COMUNE_SEZ":"VIGNOLE BORBERA","PROVINCIA":"AL","ID_CENTRALE":"1616","NOME_CENTRALE":"VIGNOLE BORBERA","ISTAT_COMUNE_CENTR":"6180","COMUNE_CENTR":"VIGNOLE BORBERA","PROVINCIA_CENTR":"AL","INDIRIZZO_CENTRALE":"ROMA 47","LATITUDINE_SEZIONE":"44.72039","LONGITUDINE_SEZIONE":"8.92257","POS_X_SEZIONE":"493867.51530","POS_Y_SEZIONE":"4951893.12871","LATITUDINE_CENTRALE":"44.70675","LONGITUDINE_CENTRALE":"8.89208","POS_X_CENTRALE":"491451.08401","POS_Y_CENTRALE":"4950380.05947","TIPO_ADSL":"ADSL_1","DESCRIZIONE_TIPO_ADSL":"ADSL (8 mega)","DISTANZA_CALCOLATA":"2851.06","CLASSE_DISTANZA":"2500-2899","POTENZA_SEGNALE":"5749.63","POPOLAZIONE_SEZIONE": "49"}
			},
		 		{ "type" : "Feature",
				"geometry" : {
					"type" : "Point",
					"coordinates" : [8.91995,44.71446]},
			"properties" : { "ANNO":"2010","ID_SEZIONE":"28591","ISTAT_COMUNE_SEZ":"6180","COMUNE_SEZ":"VIGNOLE BORBERA","PROVINCIA":"AL","ID_CENTRALE":"1616","NOME_CENTRALE":"VIGNOLE BORBERA","ISTAT_COMUNE_CENTR":"6180","COMUNE_CENTR":"VIGNOLE BORBERA","PROVINCIA_CENTR":"AL","INDIRIZZO_CENTRALE":"ROMA 47","LATITUDINE_SEZIONE":"44.71446","LONGITUDINE_SEZIONE":"8.91995","POS_X_SEZIONE":"493659.48765","POS_Y_SEZIONE":"4951234.12122","LATITUDINE_CENTRALE":"44.70675","LONGITUDINE_CENTRALE":"8.89208","POS_X_CENTRALE":"491451.08401","POS_Y_CENTRALE":"4950380.05947","TIPO_ADSL":"ADSL_1","DESCRIZIONE_TIPO_ADSL":"ADSL (8 mega)","DISTANZA_CALCOLATA":"2367.8","CLASSE_DISTANZA":"2100-2499","POTENZA_SEGNALE":"6500.38","POPOLAZIONE_SEZIONE": "23"}
			},
		 		{ "type" : "Feature",
				"geometry" : {
					"type" : "Point",
					"coordinates" : [8.91720,44.72087]},
			"properties" : { "ANNO":"2010","ID_SEZIONE":"30161","ISTAT_COMUNE_SEZ":"6180","COMUNE_SEZ":"VIGNOLE BORBERA","PROVINCIA":"AL","ID_CENTRALE":"1616","NOME_CENTRALE":"VIGNOLE BORBERA","ISTAT_COMUNE_CENTR":"6180","COMUNE_CENTR":"VIGNOLE BORBERA","PROVINCIA_CENTR":"AL","INDIRIZZO_CENTRALE":"ROMA 47","LATITUDINE_SEZIONE":"44.72087","LONGITUDINE_SEZIONE":"8.91720","POS_X_SEZIONE":"493442.67357","POS_Y_SEZIONE":"4951947.13396","LATITUDINE_CENTRALE":"44.70675","LONGITUDINE_CENTRALE":"8.89208","POS_X_CENTRALE":"491451.08401","POS_Y_CENTRALE":"4950380.05947","TIPO_ADSL":"ADSL_1","DESCRIZIONE_TIPO_ADSL":"ADSL (8 mega)","DISTANZA_CALCOLATA":"2534.2","CLASSE_DISTANZA":"2500-2899","POTENZA_SEGNALE":"5749.63","POPOLAZIONE_SEZIONE": "28"}
			}
		 		]
	}
		