 	{ "type" : "FeatureCollection",
		"features" : [
		 		{ "type" : "Feature",
				"geometry" : {
					"type" : "Point",
					"coordinates" : [8.07918,44.71555]},
			"properties" : { "ANNO":"2010","ID_SEZIONE":"1111","ISTAT_COMUNE_SEZ":"4011","COMUNE_SEZ":"BARBARESCO","PROVINCIA":"CN","ID_CENTRALE":"119","NOME_CENTRALE":"BARBARESCO","ISTAT_COMUNE_CENTR":"4011","COMUNE_CENTR":"BARBARESCO","PROVINCIA_CENTR":"CN","INDIRIZZO_CENTRALE":"TORINO 46","LATITUDINE_SEZIONE":"44.71555","LONGITUDINE_SEZIONE":"8.07918","POS_X_SEZIONE":"427067.26947","POS_Y_SEZIONE":"4951764.81434","LATITUDINE_CENTRALE":"44.72561","LONGITUDINE_CENTRALE":"8.08101","POS_X_CENTRALE":"427224.39406","POS_Y_CENTRALE":"4952880.95075","TIPO_ADSL":"NO","DESCRIZIONE_TIPO_ADSL":"NO Adsl","DISTANZA_CALCOLATA":"1127.14","CLASSE_DISTANZA":"900-1299","POTENZA_SEGNALE":"","POPOLAZIONE_SEZIONE": "13"}
			},
		 		{ "type" : "Feature",
				"geometry" : {
					"type" : "Point",
					"coordinates" : [8.08446,44.71881]},
			"properties" : { "ANNO":"2010","ID_SEZIONE":"4378","ISTAT_COMUNE_SEZ":"4011","COMUNE_SEZ":"BARBARESCO","PROVINCIA":"CN","ID_CENTRALE":"119","NOME_CENTRALE":"BARBARESCO","ISTAT_COMUNE_CENTR":"4011","COMUNE_CENTR":"BARBARESCO","PROVINCIA_CENTR":"CN","INDIRIZZO_CENTRALE":"TORINO 46","LATITUDINE_SEZIONE":"44.71881","LONGITUDINE_SEZIONE":"8.08446","POS_X_SEZIONE":"427488.90660","POS_Y_SEZIONE":"4952121.82375","LATITUDINE_CENTRALE":"44.72561","LONGITUDINE_CENTRALE":"8.08101","POS_X_CENTRALE":"427224.39406","POS_Y_CENTRALE":"4952880.95075","TIPO_ADSL":"NO","DESCRIZIONE_TIPO_ADSL":"NO Adsl","DISTANZA_CALCOLATA":"803.89","CLASSE_DISTANZA":"500-899","POTENZA_SEGNALE":"","POPOLAZIONE_SEZIONE": "16"}
			},
		 		{ "type" : "Feature",
				"geometry" : {
					"type" : "Point",
					"coordinates" : [8.07235,44.71998]},
			"properties" : { "ANNO":"2010","ID_SEZIONE":"11773","ISTAT_COMUNE_SEZ":"4011","COMUNE_SEZ":"BARBARESCO","PROVINCIA":"CN","ID_CENTRALE":"119","NOME_CENTRALE":"BARBARESCO","ISTAT_COMUNE_CENTR":"4011","COMUNE_CENTR":"BARBARESCO","PROVINCIA_CENTR":"CN","INDIRIZZO_CENTRALE":"TORINO 46","LATITUDINE_SEZIONE":"44.71998","LONGITUDINE_SEZIONE":"8.07235","POS_X_SEZIONE":"426531.55056","POS_Y_SEZIONE":"4952262.81934","LATITUDINE_CENTRALE":"44.72561","LONGITUDINE_CENTRALE":"8.08101","POS_X_CENTRALE":"427224.39406","POS_Y_CENTRALE":"4952880.95075","TIPO_ADSL":"NO","DESCRIZIONE_TIPO_ADSL":"NO Adsl","DISTANZA_CALCOLATA":"928.50","CLASSE_DISTANZA":"900-1299","POTENZA_SEGNALE":"","POPOLAZIONE_SEZIONE": "32"}
			},
		 		{ "type" : "Feature",
				"geometry" : {
					"type" : "Point",
					"coordinates" : [8.06505,44.70287]},
			"properties" : { "ANNO":"2010","ID_SEZIONE":"14510","ISTAT_COMUNE_SEZ":"4011","COMUNE_SEZ":"BARBARESCO","PROVINCIA":"CN","ID_CENTRALE":"119","NOME_CENTRALE":"BARBARESCO","ISTAT_COMUNE_CENTR":"4011","COMUNE_CENTR":"BARBARESCO","PROVINCIA_CENTR":"CN","INDIRIZZO_CENTRALE":"TORINO 46","LATITUDINE_SEZIONE":"44.70287","LONGITUDINE_SEZIONE":"8.06505","POS_X_SEZIONE":"425931.48349","POS_Y_SEZIONE":"4950369.28769","LATITUDINE_CENTRALE":"44.72561","LONGITUDINE_CENTRALE":"8.08101","POS_X_CENTRALE":"427224.39406","POS_Y_CENTRALE":"4952880.95075","TIPO_ADSL":"NO","DESCRIZIONE_TIPO_ADSL":"NO Adsl","DISTANZA_CALCOLATA":"2824.9","CLASSE_DISTANZA":"2500-2899","POTENZA_SEGNALE":"","POPOLAZIONE_SEZIONE": "22"}
			},
		 		{ "type" : "Feature",
				"geometry" : {
					"type" : "Point",
					"coordinates" : [8.08252,44.70567]},
			"properties" : { "ANNO":"2010","ID_SEZIONE":"21084","ISTAT_COMUNE_SEZ":"4011","COMUNE_SEZ":"BARBARESCO","PROVINCIA":"CN","ID_CENTRALE":"119","NOME_CENTRALE":"BARBARESCO","ISTAT_COMUNE_CENTR":"4011","COMUNE_CENTR":"BARBARESCO","PROVINCIA_CENTR":"CN","INDIRIZZO_CENTRALE":"TORINO 46","LATITUDINE_SEZIONE":"44.70567","LONGITUDINE_SEZIONE":"8.08252","POS_X_SEZIONE":"427319.07005","POS_Y_SEZIONE":"4950663.79930","LATITUDINE_CENTRALE":"44.72561","LONGITUDINE_CENTRALE":"8.08101","POS_X_CENTRALE":"427224.39406","POS_Y_CENTRALE":"4952880.95075","TIPO_ADSL":"NO","DESCRIZIONE_TIPO_ADSL":"NO Adsl","DISTANZA_CALCOLATA":"2219.17","CLASSE_DISTANZA":"2100-2499","POTENZA_SEGNALE":"","POPOLAZIONE_SEZIONE": "159"}
			},
		 		{ "type" : "Feature",
				"geometry" : {
					"type" : "Point",
					"coordinates" : [8.09041,44.73372]},
			"properties" : { "ANNO":"2010","ID_SEZIONE":"25626","ISTAT_COMUNE_SEZ":"4011","COMUNE_SEZ":"BARBARESCO","PROVINCIA":"CN","ID_CENTRALE":"119","NOME_CENTRALE":"BARBARESCO","ISTAT_COMUNE_CENTR":"4011","COMUNE_CENTR":"BARBARESCO","PROVINCIA_CENTR":"CN","INDIRIZZO_CENTRALE":"TORINO 46","LATITUDINE_SEZIONE":"44.73372","LONGITUDINE_SEZIONE":"8.09041","POS_X_SEZIONE":"427979.23056","POS_Y_SEZIONE":"4953773.35348","LATITUDINE_CENTRALE":"44.72561","LONGITUDINE_CENTRALE":"8.08101","POS_X_CENTRALE":"427224.39406","POS_Y_CENTRALE":"4952880.95075","TIPO_ADSL":"NO","DESCRIZIONE_TIPO_ADSL":"NO Adsl","DISTANZA_CALCOLATA":"1168.83","CLASSE_DISTANZA":"900-1299","POTENZA_SEGNALE":"","POPOLAZIONE_SEZIONE": "23"}
			},
		 		{ "type" : "Feature",
				"geometry" : {
					"type" : "Point",
					"coordinates" : [8.08117,44.72420]},
			"properties" : { "ANNO":"2010","ID_SEZIONE":"31491","ISTAT_COMUNE_SEZ":"4011","COMUNE_SEZ":"BARBARESCO","PROVINCIA":"CN","ID_CENTRALE":"119","NOME_CENTRALE":"BARBARESCO","ISTAT_COMUNE_CENTR":"4011","COMUNE_CENTR":"BARBARESCO","PROVINCIA_CENTR":"CN","INDIRIZZO_CENTRALE":"TORINO 46","LATITUDINE_SEZIONE":"44.72420","LONGITUDINE_SEZIONE":"8.08117","POS_X_SEZIONE":"427235.39850","POS_Y_SEZIONE":"4952723.33108","LATITUDINE_CENTRALE":"44.72561","LONGITUDINE_CENTRALE":"8.08101","POS_X_CENTRALE":"427224.39406","POS_Y_CENTRALE":"4952880.95075","TIPO_ADSL":"NO","DESCRIZIONE_TIPO_ADSL":"NO Adsl","DISTANZA_CALCOLATA":"158.00","CLASSE_DISTANZA":"100-499","POTENZA_SEGNALE":"","POPOLAZIONE_SEZIONE": "280"}
			}
		 		]
	}
		