 	{ "type" : "FeatureCollection",
		"features" : [
		 		{ "type" : "Feature",
				"geometry" : {
					"type" : "Point",
					"coordinates" : [7.50236,44.81785]},
			"properties" : { "ANNO":"2010","ID_SEZIONE":"801","ISTAT_COMUNE_SEZ":"1299","COMUNE_SEZ":"VIGONE","PROVINCIA":"TO","ID_CENTRALE":"1619","NOME_CENTRALE":"VIGONE","ISTAT_COMUNE_CENTR":"1299","COMUNE_CENTR":"VIGONE","PROVINCIA_CENTR":"TO","INDIRIZZO_CENTRALE":"NINO BUFFA 11","LATITUDINE_SEZIONE":"44.81785","LONGITUDINE_SEZIONE":"7.50236","POS_X_SEZIONE":"381589.69734","POS_Y_SEZIONE":"4963807.54946","LATITUDINE_CENTRALE":"44.84011","LONGITUDINE_CENTRALE":"7.49862","POS_X_CENTRALE":"381339.70072","POS_Y_CENTRALE":"4966284.94834","TIPO_ADSL":"ADSL_2P","DESCRIZIONE_TIPO_ADSL":"ADSL 2+ (24 mega)","DISTANZA_CALCOLATA":"2489.98","CLASSE_DISTANZA":"2100-2499","POTENZA_SEGNALE":"10000","POPOLAZIONE_SEZIONE": "24"}
			},
		 		{ "type" : "Feature",
				"geometry" : {
					"type" : "Point",
					"coordinates" : [7.45854,44.82899]},
			"properties" : { "ANNO":"2010","ID_SEZIONE":"2284","ISTAT_COMUNE_SEZ":"1299","COMUNE_SEZ":"VIGONE","PROVINCIA":"TO","ID_CENTRALE":"1619","NOME_CENTRALE":"VIGONE","ISTAT_COMUNE_CENTR":"1299","COMUNE_CENTR":"VIGONE","PROVINCIA_CENTR":"TO","INDIRIZZO_CENTRALE":"NINO BUFFA 11","LATITUDINE_SEZIONE":"44.82899","LONGITUDINE_SEZIONE":"7.45854","POS_X_SEZIONE":"378148.19871","POS_Y_SEZIONE":"4965109.56700","LATITUDINE_CENTRALE":"44.84011","LONGITUDINE_CENTRALE":"7.49862","POS_X_CENTRALE":"381339.70072","POS_Y_CENTRALE":"4966284.94834","TIPO_ADSL":"ADSL_2P","DESCRIZIONE_TIPO_ADSL":"ADSL 2+ (24 mega)","DISTANZA_CALCOLATA":"3401.06","CLASSE_DISTANZA":"3300-3699","POTENZA_SEGNALE":"4047.5","POPOLAZIONE_SEZIONE": "86"}
			},
		 		{ "type" : "Feature",
				"geometry" : {
					"type" : "Point",
					"coordinates" : [7.51783,44.83499]},
			"properties" : { "ANNO":"2010","ID_SEZIONE":"2708","ISTAT_COMUNE_SEZ":"1299","COMUNE_SEZ":"VIGONE","PROVINCIA":"TO","ID_CENTRALE":"1619","NOME_CENTRALE":"VIGONE","ISTAT_COMUNE_CENTR":"1299","COMUNE_CENTR":"VIGONE","PROVINCIA_CENTR":"TO","INDIRIZZO_CENTRALE":"NINO BUFFA 11","LATITUDINE_SEZIONE":"44.83499","LONGITUDINE_SEZIONE":"7.51783","POS_X_SEZIONE":"382847.08947","POS_Y_SEZIONE":"4965688.58165","LATITUDINE_CENTRALE":"44.84011","LONGITUDINE_CENTRALE":"7.49862","POS_X_CENTRALE":"381339.70072","POS_Y_CENTRALE":"4966284.94834","TIPO_ADSL":"ADSL_2P","DESCRIZIONE_TIPO_ADSL":"ADSL 2+ (24 mega)","DISTANZA_CALCOLATA":"1621.07","CLASSE_DISTANZA":"1300-1699","POTENZA_SEGNALE":"16071.67","POPOLAZIONE_SEZIONE": "42"}
			},
		 		{ "type" : "Feature",
				"geometry" : {
					"type" : "Point",
					"coordinates" : [7.46988,44.86785]},
			"properties" : { "ANNO":"2010","ID_SEZIONE":"3175","ISTAT_COMUNE_SEZ":"1071","COMUNE_SEZ":"CERCENASCO","PROVINCIA":"TO","ID_CENTRALE":"1619","NOME_CENTRALE":"VIGONE","ISTAT_COMUNE_CENTR":"1299","COMUNE_CENTR":"VIGONE","PROVINCIA_CENTR":"TO","INDIRIZZO_CENTRALE":"NINO BUFFA 11","LATITUDINE_SEZIONE":"44.86785","LONGITUDINE_SEZIONE":"7.46988","POS_X_SEZIONE":"379126.15506","POS_Y_SEZIONE":"4969409.65378","LATITUDINE_CENTRALE":"44.84011","LONGITUDINE_CENTRALE":"7.49862","POS_X_CENTRALE":"381339.70072","POS_Y_CENTRALE":"4966284.94834","TIPO_ADSL":"ADSL_2P","DESCRIZIONE_TIPO_ADSL":"ADSL 2+ (24 mega)","DISTANZA_CALCOLATA":"3829.3","CLASSE_DISTANZA":"3700-4099","POTENZA_SEGNALE":"2857.5","POPOLAZIONE_SEZIONE": "12"}
			},
		 		{ "type" : "Feature",
				"geometry" : {
					"type" : "Point",
					"coordinates" : [7.51799,44.86695]},
			"properties" : { "ANNO":"2010","ID_SEZIONE":"3853","ISTAT_COMUNE_SEZ":"1071","COMUNE_SEZ":"CERCENASCO","PROVINCIA":"TO","ID_CENTRALE":"1619","NOME_CENTRALE":"VIGONE","ISTAT_COMUNE_CENTR":"1299","COMUNE_CENTR":"VIGONE","PROVINCIA_CENTR":"TO","INDIRIZZO_CENTRALE":"NINO BUFFA 11","LATITUDINE_SEZIONE":"44.86695","LONGITUDINE_SEZIONE":"7.51799","POS_X_SEZIONE":"382924.82796","POS_Y_SEZIONE":"4969239.15727","LATITUDINE_CENTRALE":"44.84011","LONGITUDINE_CENTRALE":"7.49862","POS_X_CENTRALE":"381339.70072","POS_Y_CENTRALE":"4966284.94834","TIPO_ADSL":"ADSL_2P","DESCRIZIONE_TIPO_ADSL":"ADSL 2+ (24 mega)","DISTANZA_CALCOLATA":"3352.61","CLASSE_DISTANZA":"3300-3699","POTENZA_SEGNALE":"4047.5","POPOLAZIONE_SEZIONE": "15"}
			},
		 		{ "type" : "Feature",
				"geometry" : {
					"type" : "Point",
					"coordinates" : [7.52262,44.85628]},
			"properties" : { "ANNO":"2010","ID_SEZIONE":"4832","ISTAT_COMUNE_SEZ":"1299","COMUNE_SEZ":"VIGONE","PROVINCIA":"TO","ID_CENTRALE":"1619","NOME_CENTRALE":"VIGONE","ISTAT_COMUNE_CENTR":"1299","COMUNE_CENTR":"VIGONE","PROVINCIA_CENTR":"TO","INDIRIZZO_CENTRALE":"NINO BUFFA 11","LATITUDINE_SEZIONE":"44.85628","LONGITUDINE_SEZIONE":"7.52262","POS_X_SEZIONE":"383269.19814","POS_Y_SEZIONE":"4968047.13269","LATITUDINE_CENTRALE":"44.84011","LONGITUDINE_CENTRALE":"7.49862","POS_X_CENTRALE":"381339.70072","POS_Y_CENTRALE":"4966284.94834","TIPO_ADSL":"ADSL_2P","DESCRIZIONE_TIPO_ADSL":"ADSL 2+ (24 mega)","DISTANZA_CALCOLATA":"2613.09","CLASSE_DISTANZA":"2500-2899","POTENZA_SEGNALE":"7380.83","POPOLAZIONE_SEZIONE": ""}
			},
		 		{ "type" : "Feature",
				"geometry" : {
					"type" : "Point",
					"coordinates" : [7.49360,44.84526]},
			"properties" : { "ANNO":"2010","ID_SEZIONE":"5034","ISTAT_COMUNE_SEZ":"1299","COMUNE_SEZ":"VIGONE","PROVINCIA":"TO","ID_CENTRALE":"1619","NOME_CENTRALE":"VIGONE","ISTAT_COMUNE_CENTR":"1299","COMUNE_CENTR":"VIGONE","PROVINCIA_CENTR":"TO","INDIRIZZO_CENTRALE":"NINO BUFFA 11","LATITUDINE_SEZIONE":"44.84526","LONGITUDINE_SEZIONE":"7.49360","POS_X_SEZIONE":"380953.61772","POS_Y_SEZIONE":"4966865.10389","LATITUDINE_CENTRALE":"44.84011","LONGITUDINE_CENTRALE":"7.49862","POS_X_CENTRALE":"381339.70072","POS_Y_CENTRALE":"4966284.94834","TIPO_ADSL":"ADSL_2P","DESCRIZIONE_TIPO_ADSL":"ADSL 2+ (24 mega)","DISTANZA_CALCOLATA":"696.88","CLASSE_DISTANZA":"500-899","POTENZA_SEGNALE":"19523.33","POPOLAZIONE_SEZIONE": "804"}
			},
		 		{ "type" : "Feature",
				"geometry" : {
					"type" : "Point",
					"coordinates" : [7.50018,44.86234]},
			"properties" : { "ANNO":"2010","ID_SEZIONE":"8089","ISTAT_COMUNE_SEZ":"1071","COMUNE_SEZ":"CERCENASCO","PROVINCIA":"TO","ID_CENTRALE":"1619","NOME_CENTRALE":"VIGONE","ISTAT_COMUNE_CENTR":"1299","COMUNE_CENTR":"VIGONE","PROVINCIA_CENTR":"TO","INDIRIZZO_CENTRALE":"NINO BUFFA 11","LATITUDINE_SEZIONE":"44.86234","LONGITUDINE_SEZIONE":"7.50018","POS_X_SEZIONE":"381508.44345","POS_Y_SEZIONE":"4968752.14441","LATITUDINE_CENTRALE":"44.84011","LONGITUDINE_CENTRALE":"7.49862","POS_X_CENTRALE":"381339.70072","POS_Y_CENTRALE":"4966284.94834","TIPO_ADSL":"ADSL_2P","DESCRIZIONE_TIPO_ADSL":"ADSL 2+ (24 mega)","DISTANZA_CALCOLATA":"2472.96","CLASSE_DISTANZA":"2100-2499","POTENZA_SEGNALE":"10000","POPOLAZIONE_SEZIONE": "961"}
			},
		 		{ "type" : "Feature",
				"geometry" : {
					"type" : "Point",
					"coordinates" : [7.49963,44.84752]},
			"properties" : { "ANNO":"2010","ID_SEZIONE":"8091","ISTAT_COMUNE_SEZ":"1299","COMUNE_SEZ":"VIGONE","PROVINCIA":"TO","ID_CENTRALE":"1619","NOME_CENTRALE":"VIGONE","ISTAT_COMUNE_CENTR":"1299","COMUNE_CENTR":"VIGONE","PROVINCIA_CENTR":"TO","INDIRIZZO_CENTRALE":"NINO BUFFA 11","LATITUDINE_SEZIONE":"44.84752","LONGITUDINE_SEZIONE":"7.49963","POS_X_SEZIONE":"381434.90335","POS_Y_SEZIONE":"4967106.60969","LATITUDINE_CENTRALE":"44.84011","LONGITUDINE_CENTRALE":"7.49862","POS_X_CENTRALE":"381339.70072","POS_Y_CENTRALE":"4966284.94834","TIPO_ADSL":"ADSL_2P","DESCRIZIONE_TIPO_ADSL":"ADSL 2+ (24 mega)","DISTANZA_CALCOLATA":"827.16","CLASSE_DISTANZA":"500-899","POTENZA_SEGNALE":"19523.33","POPOLAZIONE_SEZIONE": "604"}
			},
		 		{ "type" : "Feature",
				"geometry" : {
					"type" : "Point",
					"coordinates" : [7.54524,44.84951]},
			"properties" : { "ANNO":"2010","ID_SEZIONE":"8991","ISTAT_COMUNE_SEZ":"1299","COMUNE_SEZ":"VIGONE","PROVINCIA":"TO","ID_CENTRALE":"1619","NOME_CENTRALE":"VIGONE","ISTAT_COMUNE_CENTR":"1299","COMUNE_CENTR":"VIGONE","PROVINCIA_CENTR":"TO","INDIRIZZO_CENTRALE":"NINO BUFFA 11","LATITUDINE_SEZIONE":"44.84951","LONGITUDINE_SEZIONE":"7.54524","POS_X_SEZIONE":"385042.51424","POS_Y_SEZIONE":"4967262.61865","LATITUDINE_CENTRALE":"44.84011","LONGITUDINE_CENTRALE":"7.49862","POS_X_CENTRALE":"381339.70072","POS_Y_CENTRALE":"4966284.94834","TIPO_ADSL":"ADSL_2P","DESCRIZIONE_TIPO_ADSL":"ADSL 2+ (24 mega)","DISTANZA_CALCOLATA":"3829.71","CLASSE_DISTANZA":"3700-4099","POTENZA_SEGNALE":"2857.5","POPOLAZIONE_SEZIONE": "55"}
			},
		 		{ "type" : "Feature",
				"geometry" : {
					"type" : "Point",
					"coordinates" : [7.54758,44.85773]},
			"properties" : { "ANNO":"2010","ID_SEZIONE":"9371","ISTAT_COMUNE_SEZ":"1299","COMUNE_SEZ":"VIGONE","PROVINCIA":"TO","ID_CENTRALE":"1619","NOME_CENTRALE":"VIGONE","ISTAT_COMUNE_CENTR":"1299","COMUNE_CENTR":"VIGONE","PROVINCIA_CENTR":"TO","INDIRIZZO_CENTRALE":"NINO BUFFA 11","LATITUDINE_SEZIONE":"44.85773","LONGITUDINE_SEZIONE":"7.54758","POS_X_SEZIONE":"385244.26988","POS_Y_SEZIONE":"4968172.63874","LATITUDINE_CENTRALE":"44.84011","LONGITUDINE_CENTRALE":"7.49862","POS_X_CENTRALE":"381339.70072","POS_Y_CENTRALE":"4966284.94834","TIPO_ADSL":"ADSL_2P","DESCRIZIONE_TIPO_ADSL":"ADSL 2+ (24 mega)","DISTANZA_CALCOLATA":"4336.94","CLASSE_DISTANZA":"4100-4499","POTENZA_SEGNALE":"2024.17","POPOLAZIONE_SEZIONE": "18"}
			},
		 		{ "type" : "Feature",
				"geometry" : {
					"type" : "Point",
					"coordinates" : [7.47762,44.84012]},
			"properties" : { "ANNO":"2010","ID_SEZIONE":"9586","ISTAT_COMUNE_SEZ":"1299","COMUNE_SEZ":"VIGONE","PROVINCIA":"TO","ID_CENTRALE":"1619","NOME_CENTRALE":"VIGONE","ISTAT_COMUNE_CENTR":"1299","COMUNE_CENTR":"VIGONE","PROVINCIA_CENTR":"TO","INDIRIZZO_CENTRALE":"NINO BUFFA 11","LATITUDINE_SEZIONE":"44.84012","LONGITUDINE_SEZIONE":"7.47762","POS_X_SEZIONE":"379680.14009","POS_Y_SEZIONE":"4966317.09084","LATITUDINE_CENTRALE":"44.84011","LONGITUDINE_CENTRALE":"7.49862","POS_X_CENTRALE":"381339.70072","POS_Y_CENTRALE":"4966284.94834","TIPO_ADSL":"ADSL_2P","DESCRIZIONE_TIPO_ADSL":"ADSL 2+ (24 mega)","DISTANZA_CALCOLATA":"1659.87","CLASSE_DISTANZA":"1300-1699","POTENZA_SEGNALE":"16071.67","POPOLAZIONE_SEZIONE": "130"}
			},
		 		{ "type" : "Feature",
				"geometry" : {
					"type" : "Point",
					"coordinates" : [7.51896,44.82647]},
			"properties" : { "ANNO":"2010","ID_SEZIONE":"9587","ISTAT_COMUNE_SEZ":"1299","COMUNE_SEZ":"VIGONE","PROVINCIA":"TO","ID_CENTRALE":"1619","NOME_CENTRALE":"VIGONE","ISTAT_COMUNE_CENTR":"1299","COMUNE_CENTR":"VIGONE","PROVINCIA_CENTR":"TO","INDIRIZZO_CENTRALE":"NINO BUFFA 11","LATITUDINE_SEZIONE":"44.82647","LONGITUDINE_SEZIONE":"7.51896","POS_X_SEZIONE":"382919.50419","POS_Y_SEZIONE":"4964740.56552","LATITUDINE_CENTRALE":"44.84011","LONGITUDINE_CENTRALE":"7.49862","POS_X_CENTRALE":"381339.70072","POS_Y_CENTRALE":"4966284.94834","TIPO_ADSL":"ADSL_2P","DESCRIZIONE_TIPO_ADSL":"ADSL 2+ (24 mega)","DISTANZA_CALCOLATA":"2209.28","CLASSE_DISTANZA":"2100-2499","POTENZA_SEGNALE":"10000","POPOLAZIONE_SEZIONE": "16"}
			},
		 		{ "type" : "Feature",
				"geometry" : {
					"type" : "Point",
					"coordinates" : [7.50912,44.82619]},
			"properties" : { "ANNO":"2010","ID_SEZIONE":"9588","ISTAT_COMUNE_SEZ":"1299","COMUNE_SEZ":"VIGONE","PROVINCIA":"TO","ID_CENTRALE":"1619","NOME_CENTRALE":"VIGONE","ISTAT_COMUNE_CENTR":"1299","COMUNE_CENTR":"VIGONE","PROVINCIA_CENTR":"TO","INDIRIZZO_CENTRALE":"NINO BUFFA 11","LATITUDINE_SEZIONE":"44.82619","LONGITUDINE_SEZIONE":"7.50912","POS_X_SEZIONE":"382140.62623","POS_Y_SEZIONE":"4964724.06428","LATITUDINE_CENTRALE":"44.84011","LONGITUDINE_CENTRALE":"7.49862","POS_X_CENTRALE":"381339.70072","POS_Y_CENTRALE":"4966284.94834","TIPO_ADSL":"ADSL_2P","DESCRIZIONE_TIPO_ADSL":"ADSL 2+ (24 mega)","DISTANZA_CALCOLATA":"1754.38","CLASSE_DISTANZA":"1700-2099","POTENZA_SEGNALE":"12975.83","POPOLAZIONE_SEZIONE": "60"}
			},
		 		{ "type" : "Feature",
				"geometry" : {
					"type" : "Point",
					"coordinates" : [7.48712,44.84394]},
			"properties" : { "ANNO":"2010","ID_SEZIONE":"10656","ISTAT_COMUNE_SEZ":"1299","COMUNE_SEZ":"VIGONE","PROVINCIA":"TO","ID_CENTRALE":"1619","NOME_CENTRALE":"VIGONE","ISTAT_COMUNE_CENTR":"1299","COMUNE_CENTR":"VIGONE","PROVINCIA_CENTR":"TO","INDIRIZZO_CENTRALE":"NINO BUFFA 11","LATITUDINE_SEZIONE":"44.84394","LONGITUDINE_SEZIONE":"7.48712","POS_X_SEZIONE":"380438.36447","POS_Y_SEZIONE":"4966727.60015","LATITUDINE_CENTRALE":"44.84011","LONGITUDINE_CENTRALE":"7.49862","POS_X_CENTRALE":"381339.70072","POS_Y_CENTRALE":"4966284.94834","TIPO_ADSL":"ADSL_2P","DESCRIZIONE_TIPO_ADSL":"ADSL 2+ (24 mega)","DISTANZA_CALCOLATA":"1004.17","CLASSE_DISTANZA":"900-1299","POTENZA_SEGNALE":"17737.5","POPOLAZIONE_SEZIONE": "194"}
			},
		 		{ "type" : "Feature",
				"geometry" : {
					"type" : "Point",
					"coordinates" : [7.48525,44.85252]},
			"properties" : { "ANNO":"2010","ID_SEZIONE":"11058","ISTAT_COMUNE_SEZ":"1299","COMUNE_SEZ":"VIGONE","PROVINCIA":"TO","ID_CENTRALE":"1619","NOME_CENTRALE":"VIGONE","ISTAT_COMUNE_CENTR":"1299","COMUNE_CENTR":"VIGONE","PROVINCIA_CENTR":"TO","INDIRIZZO_CENTRALE":"NINO BUFFA 11","LATITUDINE_SEZIONE":"44.85252","LONGITUDINE_SEZIONE":"7.48525","POS_X_SEZIONE":"380308.61906","POS_Y_SEZIONE":"4967683.12015","LATITUDINE_CENTRALE":"44.84011","LONGITUDINE_CENTRALE":"7.49862","POS_X_CENTRALE":"381339.70072","POS_Y_CENTRALE":"4966284.94834","TIPO_ADSL":"ADSL_2P","DESCRIZIONE_TIPO_ADSL":"ADSL 2+ (24 mega)","DISTANZA_CALCOLATA":"1737.24","CLASSE_DISTANZA":"1700-2099","POTENZA_SEGNALE":"12975.83","POPOLAZIONE_SEZIONE": "36"}
			},
		 		{ "type" : "Feature",
				"geometry" : {
					"type" : "Point",
					"coordinates" : [7.46207,44.84183]},
			"properties" : { "ANNO":"2010","ID_SEZIONE":"11419","ISTAT_COMUNE_SEZ":"1299","COMUNE_SEZ":"VIGONE","PROVINCIA":"TO","ID_CENTRALE":"1619","NOME_CENTRALE":"VIGONE","ISTAT_COMUNE_CENTR":"1299","COMUNE_CENTR":"VIGONE","PROVINCIA_CENTR":"TO","INDIRIZZO_CENTRALE":"NINO BUFFA 11","LATITUDINE_SEZIONE":"44.84183","LONGITUDINE_SEZIONE":"7.46207","POS_X_SEZIONE":"378454.29125","POS_Y_SEZIONE":"4966530.09359","LATITUDINE_CENTRALE":"44.84011","LONGITUDINE_CENTRALE":"7.49862","POS_X_CENTRALE":"381339.70072","POS_Y_CENTRALE":"4966284.94834","TIPO_ADSL":"ADSL_2P","DESCRIZIONE_TIPO_ADSL":"ADSL 2+ (24 mega)","DISTANZA_CALCOLATA":"2895.8","CLASSE_DISTANZA":"2500-2899","POTENZA_SEGNALE":"7380.83","POPOLAZIONE_SEZIONE": "94"}
			},
		 		{ "type" : "Feature",
				"geometry" : {
					"type" : "Point",
					"coordinates" : [7.49757,44.84870]},
			"properties" : { "ANNO":"2010","ID_SEZIONE":"12472","ISTAT_COMUNE_SEZ":"1299","COMUNE_SEZ":"VIGONE","PROVINCIA":"TO","ID_CENTRALE":"1619","NOME_CENTRALE":"VIGONE","ISTAT_COMUNE_CENTR":"1299","COMUNE_CENTR":"VIGONE","PROVINCIA_CENTR":"TO","INDIRIZZO_CENTRALE":"NINO BUFFA 11","LATITUDINE_SEZIONE":"44.84870","LONGITUDINE_SEZIONE":"7.49757","POS_X_SEZIONE":"381274.49631","POS_Y_SEZIONE":"4967240.61237","LATITUDINE_CENTRALE":"44.84011","LONGITUDINE_CENTRALE":"7.49862","POS_X_CENTRALE":"381339.70072","POS_Y_CENTRALE":"4966284.94834","TIPO_ADSL":"ADSL_2P","DESCRIZIONE_TIPO_ADSL":"ADSL 2+ (24 mega)","DISTANZA_CALCOLATA":"957.89","CLASSE_DISTANZA":"900-1299","POTENZA_SEGNALE":"17737.5","POPOLAZIONE_SEZIONE": "253"}
			},
		 		{ "type" : "Feature",
				"geometry" : {
					"type" : "Point",
					"coordinates" : [7.50890,44.85077]},
			"properties" : { "ANNO":"2010","ID_SEZIONE":"12710","ISTAT_COMUNE_SEZ":"1299","COMUNE_SEZ":"VIGONE","PROVINCIA":"TO","ID_CENTRALE":"1619","NOME_CENTRALE":"VIGONE","ISTAT_COMUNE_CENTR":"1299","COMUNE_CENTR":"VIGONE","PROVINCIA_CENTR":"TO","INDIRIZZO_CENTRALE":"NINO BUFFA 11","LATITUDINE_SEZIONE":"44.85077","LONGITUDINE_SEZIONE":"7.50890","POS_X_SEZIONE":"382173.34559","POS_Y_SEZIONE":"4967454.11842","LATITUDINE_CENTRALE":"44.84011","LONGITUDINE_CENTRALE":"7.49862","POS_X_CENTRALE":"381339.70072","POS_Y_CENTRALE":"4966284.94834","TIPO_ADSL":"ADSL_2P","DESCRIZIONE_TIPO_ADSL":"ADSL 2+ (24 mega)","DISTANZA_CALCOLATA":"1435.94","CLASSE_DISTANZA":"1300-1699","POTENZA_SEGNALE":"16071.67","POPOLAZIONE_SEZIONE": "4"}
			},
		 		{ "type" : "Feature",
				"geometry" : {
					"type" : "Point",
					"coordinates" : [7.53319,44.83026]},
			"properties" : { "ANNO":"2010","ID_SEZIONE":"13167","ISTAT_COMUNE_SEZ":"1299","COMUNE_SEZ":"VIGONE","PROVINCIA":"TO","ID_CENTRALE":"1619","NOME_CENTRALE":"VIGONE","ISTAT_COMUNE_CENTR":"1299","COMUNE_CENTR":"VIGONE","PROVINCIA_CENTR":"TO","INDIRIZZO_CENTRALE":"NINO BUFFA 11","LATITUDINE_SEZIONE":"44.83026","LONGITUDINE_SEZIONE":"7.53319","POS_X_SEZIONE":"384051.75481","POS_Y_SEZIONE":"4965141.07343","LATITUDINE_CENTRALE":"44.84011","LONGITUDINE_CENTRALE":"7.49862","POS_X_CENTRALE":"381339.70072","POS_Y_CENTRALE":"4966284.94834","TIPO_ADSL":"ADSL_2P","DESCRIZIONE_TIPO_ADSL":"ADSL 2+ (24 mega)","DISTANZA_CALCOLATA":"2943.41","CLASSE_DISTANZA":"2900-3299","POTENZA_SEGNALE":"5238.33","POPOLAZIONE_SEZIONE": "29"}
			},
		 		{ "type" : "Feature",
				"geometry" : {
					"type" : "Point",
					"coordinates" : [7.53493,44.84126]},
			"properties" : { "ANNO":"2010","ID_SEZIONE":"13360","ISTAT_COMUNE_SEZ":"1299","COMUNE_SEZ":"VIGONE","PROVINCIA":"TO","ID_CENTRALE":"1619","NOME_CENTRALE":"VIGONE","ISTAT_COMUNE_CENTR":"1299","COMUNE_CENTR":"VIGONE","PROVINCIA_CENTR":"TO","INDIRIZZO_CENTRALE":"NINO BUFFA 11","LATITUDINE_SEZIONE":"44.84126","LONGITUDINE_SEZIONE":"7.53493","POS_X_SEZIONE":"384211.69337","POS_Y_SEZIONE":"4966360.09781","LATITUDINE_CENTRALE":"44.84011","LONGITUDINE_CENTRALE":"7.49862","POS_X_CENTRALE":"381339.70072","POS_Y_CENTRALE":"4966284.94834","TIPO_ADSL":"ADSL_2P","DESCRIZIONE_TIPO_ADSL":"ADSL 2+ (24 mega)","DISTANZA_CALCOLATA":"2872.98","CLASSE_DISTANZA":"2500-2899","POTENZA_SEGNALE":"7380.83","POPOLAZIONE_SEZIONE": "42"}
			},
		 		{ "type" : "Feature",
				"geometry" : {
					"type" : "Point",
					"coordinates" : [7.43706,44.82180]},
			"properties" : { "ANNO":"2010","ID_SEZIONE":"13524","ISTAT_COMUNE_SEZ":"1299","COMUNE_SEZ":"VIGONE","PROVINCIA":"TO","ID_CENTRALE":"1619","NOME_CENTRALE":"VIGONE","ISTAT_COMUNE_CENTR":"1299","COMUNE_CENTR":"VIGONE","PROVINCIA_CENTR":"TO","INDIRIZZO_CENTRALE":"NINO BUFFA 11","LATITUDINE_SEZIONE":"44.82180","LONGITUDINE_SEZIONE":"7.43706","POS_X_SEZIONE":"376434.92946","POS_Y_SEZIONE":"4964343.55304","LATITUDINE_CENTRALE":"44.84011","LONGITUDINE_CENTRALE":"7.49862","POS_X_CENTRALE":"381339.70072","POS_Y_CENTRALE":"4966284.94834","TIPO_ADSL":"ADSL_2P","DESCRIZIONE_TIPO_ADSL":"ADSL 2+ (24 mega)","DISTANZA_CALCOLATA":"5275.02","CLASSE_DISTANZA":"4900-5299","POTENZA_SEGNALE":"952.50","POPOLAZIONE_SEZIONE": "33"}
			},
		 		{ "type" : "Feature",
				"geometry" : {
					"type" : "Point",
					"coordinates" : [7.53831,44.82704]},
			"properties" : { "ANNO":"2010","ID_SEZIONE":"14582","ISTAT_COMUNE_SEZ":"1299","COMUNE_SEZ":"VIGONE","PROVINCIA":"TO","ID_CENTRALE":"1619","NOME_CENTRALE":"VIGONE","ISTAT_COMUNE_CENTR":"1299","COMUNE_CENTR":"VIGONE","PROVINCIA_CENTR":"TO","INDIRIZZO_CENTRALE":"NINO BUFFA 11","LATITUDINE_SEZIONE":"44.82704","LONGITUDINE_SEZIONE":"7.53831","POS_X_SEZIONE":"384450.44819","POS_Y_SEZIONE":"4964776.06709","LATITUDINE_CENTRALE":"44.84011","LONGITUDINE_CENTRALE":"7.49862","POS_X_CENTRALE":"381339.70072","POS_Y_CENTRALE":"4966284.94834","TIPO_ADSL":"ADSL_2P","DESCRIZIONE_TIPO_ADSL":"ADSL 2+ (24 mega)","DISTANZA_CALCOLATA":"3457.38","CLASSE_DISTANZA":"3300-3699","POTENZA_SEGNALE":"4047.5","POPOLAZIONE_SEZIONE": "12"}
			},
		 		{ "type" : "Feature",
				"geometry" : {
					"type" : "Point",
					"coordinates" : [7.48727,44.83167]},
			"properties" : { "ANNO":"2010","ID_SEZIONE":"15248","ISTAT_COMUNE_SEZ":"1299","COMUNE_SEZ":"VIGONE","PROVINCIA":"TO","ID_CENTRALE":"1619","NOME_CENTRALE":"VIGONE","ISTAT_COMUNE_CENTR":"1299","COMUNE_CENTR":"VIGONE","PROVINCIA_CENTR":"TO","INDIRIZZO_CENTRALE":"NINO BUFFA 11","LATITUDINE_SEZIONE":"44.83167","LONGITUDINE_SEZIONE":"7.48727","POS_X_SEZIONE":"380425.04940","POS_Y_SEZIONE":"4965364.07298","LATITUDINE_CENTRALE":"44.84011","LONGITUDINE_CENTRALE":"7.49862","POS_X_CENTRALE":"381339.70072","POS_Y_CENTRALE":"4966284.94834","TIPO_ADSL":"ADSL_2P","DESCRIZIONE_TIPO_ADSL":"ADSL 2+ (24 mega)","DISTANZA_CALCOLATA":"1297.92","CLASSE_DISTANZA":"900-1299","POTENZA_SEGNALE":"17737.5","POPOLAZIONE_SEZIONE": "42"}
			},
		 		{ "type" : "Feature",
				"geometry" : {
					"type" : "Point",
					"coordinates" : [7.54636,44.83983]},
			"properties" : { "ANNO":"2010","ID_SEZIONE":"17863","ISTAT_COMUNE_SEZ":"1299","COMUNE_SEZ":"VIGONE","PROVINCIA":"TO","ID_CENTRALE":"1619","NOME_CENTRALE":"VIGONE","ISTAT_COMUNE_CENTR":"1299","COMUNE_CENTR":"VIGONE","PROVINCIA_CENTR":"TO","INDIRIZZO_CENTRALE":"NINO BUFFA 11","LATITUDINE_SEZIONE":"44.83983","LONGITUDINE_SEZIONE":"7.54636","POS_X_SEZIONE":"385111.85286","POS_Y_SEZIONE":"4966185.09519","LATITUDINE_CENTRALE":"44.84011","LONGITUDINE_CENTRALE":"7.49862","POS_X_CENTRALE":"381339.70072","POS_Y_CENTRALE":"4966284.94834","TIPO_ADSL":"ADSL_2P","DESCRIZIONE_TIPO_ADSL":"ADSL 2+ (24 mega)","DISTANZA_CALCOLATA":"3773.47","CLASSE_DISTANZA":"3700-4099","POTENZA_SEGNALE":"2857.5","POPOLAZIONE_SEZIONE": "42"}
			},
		 		{ "type" : "Feature",
				"geometry" : {
					"type" : "Point",
					"coordinates" : [7.47664,44.83143]},
			"properties" : { "ANNO":"2010","ID_SEZIONE":"18409","ISTAT_COMUNE_SEZ":"1299","COMUNE_SEZ":"VIGONE","PROVINCIA":"TO","ID_CENTRALE":"1619","NOME_CENTRALE":"VIGONE","ISTAT_COMUNE_CENTR":"1299","COMUNE_CENTR":"VIGONE","PROVINCIA_CENTR":"TO","INDIRIZZO_CENTRALE":"NINO BUFFA 11","LATITUDINE_SEZIONE":"44.83143","LONGITUDINE_SEZIONE":"7.47664","POS_X_SEZIONE":"379584.48261","POS_Y_SEZIONE":"4965353.57186","LATITUDINE_CENTRALE":"44.84011","LONGITUDINE_CENTRALE":"7.49862","POS_X_CENTRALE":"381339.70072","POS_Y_CENTRALE":"4966284.94834","TIPO_ADSL":"ADSL_2P","DESCRIZIONE_TIPO_ADSL":"ADSL 2+ (24 mega)","DISTANZA_CALCOLATA":"1987.02","CLASSE_DISTANZA":"1700-2099","POTENZA_SEGNALE":"12975.83","POPOLAZIONE_SEZIONE": "30"}
			},
		 		{ "type" : "Feature",
				"geometry" : {
					"type" : "Point",
					"coordinates" : [7.49443,44.84252]},
			"properties" : { "ANNO":"2010","ID_SEZIONE":"18919","ISTAT_COMUNE_SEZ":"1299","COMUNE_SEZ":"VIGONE","PROVINCIA":"TO","ID_CENTRALE":"1619","NOME_CENTRALE":"VIGONE","ISTAT_COMUNE_CENTR":"1299","COMUNE_CENTR":"VIGONE","PROVINCIA_CENTR":"TO","INDIRIZZO_CENTRALE":"NINO BUFFA 11","LATITUDINE_SEZIONE":"44.84252","LONGITUDINE_SEZIONE":"7.49443","POS_X_SEZIONE":"381013.67890","POS_Y_SEZIONE":"4966559.59759","LATITUDINE_CENTRALE":"44.84011","LONGITUDINE_CENTRALE":"7.49862","POS_X_CENTRALE":"381339.70072","POS_Y_CENTRALE":"4966284.94834","TIPO_ADSL":"ADSL_2P","DESCRIZIONE_TIPO_ADSL":"ADSL 2+ (24 mega)","DISTANZA_CALCOLATA":"426.29","CLASSE_DISTANZA":"100-499","POTENZA_SEGNALE":"19761.67","POPOLAZIONE_SEZIONE": "228"}
			},
		 		{ "type" : "Feature",
				"geometry" : {
					"type" : "Point",
					"coordinates" : [7.49884,44.84041]},
			"properties" : { "ANNO":"2010","ID_SEZIONE":"20448","ISTAT_COMUNE_SEZ":"1299","COMUNE_SEZ":"VIGONE","PROVINCIA":"TO","ID_CENTRALE":"1619","NOME_CENTRALE":"VIGONE","ISTAT_COMUNE_CENTR":"1299","COMUNE_CENTR":"VIGONE","PROVINCIA_CENTR":"TO","INDIRIZZO_CENTRALE":"NINO BUFFA 11","LATITUDINE_SEZIONE":"44.84041","LONGITUDINE_SEZIONE":"7.49884","POS_X_SEZIONE":"381357.17970","POS_Y_SEZIONE":"4966318.09282","LATITUDINE_CENTRALE":"44.84011","LONGITUDINE_CENTRALE":"7.49862","POS_X_CENTRALE":"381339.70072","POS_Y_CENTRALE":"4966284.94834","TIPO_ADSL":"ADSL_2P","DESCRIZIONE_TIPO_ADSL":"ADSL 2+ (24 mega)","DISTANZA_CALCOLATA":"37.47","CLASSE_DISTANZA":"0-99","POTENZA_SEGNALE":"19761.67","POPOLAZIONE_SEZIONE": "399"}
			},
		 		{ "type" : "Feature",
				"geometry" : {
					"type" : "Point",
					"coordinates" : [7.52170,44.82837]},
			"properties" : { "ANNO":"2010","ID_SEZIONE":"21692","ISTAT_COMUNE_SEZ":"1299","COMUNE_SEZ":"VIGONE","PROVINCIA":"TO","ID_CENTRALE":"1619","NOME_CENTRALE":"VIGONE","ISTAT_COMUNE_CENTR":"1299","COMUNE_CENTR":"VIGONE","PROVINCIA_CENTR":"TO","INDIRIZZO_CENTRALE":"NINO BUFFA 11","LATITUDINE_SEZIONE":"44.82837","LONGITUDINE_SEZIONE":"7.52170","POS_X_SEZIONE":"383139.50291","POS_Y_SEZIONE":"4964947.56917","LATITUDINE_CENTRALE":"44.84011","LONGITUDINE_CENTRALE":"7.49862","POS_X_CENTRALE":"381339.70072","POS_Y_CENTRALE":"4966284.94834","TIPO_ADSL":"ADSL_2P","DESCRIZIONE_TIPO_ADSL":"ADSL 2+ (24 mega)","DISTANZA_CALCOLATA":"2242.29","CLASSE_DISTANZA":"2100-2499","POTENZA_SEGNALE":"10000","POPOLAZIONE_SEZIONE": "21"}
			},
		 		{ "type" : "Feature",
				"geometry" : {
					"type" : "Point",
					"coordinates" : [7.50423,44.86864]},
			"properties" : { "ANNO":"2010","ID_SEZIONE":"21896","ISTAT_COMUNE_SEZ":"1071","COMUNE_SEZ":"CERCENASCO","PROVINCIA":"TO","ID_CENTRALE":"1619","NOME_CENTRALE":"VIGONE","ISTAT_COMUNE_CENTR":"1299","COMUNE_CENTR":"VIGONE","PROVINCIA_CENTR":"TO","INDIRIZZO_CENTRALE":"NINO BUFFA 11","LATITUDINE_SEZIONE":"44.86864","LONGITUDINE_SEZIONE":"7.50423","POS_X_SEZIONE":"381841.63615","POS_Y_SEZIONE":"4969446.15990","LATITUDINE_CENTRALE":"44.84011","LONGITUDINE_CENTRALE":"7.49862","POS_X_CENTRALE":"381339.70072","POS_Y_CENTRALE":"4966284.94834","TIPO_ADSL":"ADSL_2P","DESCRIZIONE_TIPO_ADSL":"ADSL 2+ (24 mega)","DISTANZA_CALCOLATA":"3200.81","CLASSE_DISTANZA":"2900-3299","POTENZA_SEGNALE":"5238.33","POPOLAZIONE_SEZIONE": "15"}
			},
		 		{ "type" : "Feature",
				"geometry" : {
					"type" : "Point",
					"coordinates" : [7.49935,44.86091]},
			"properties" : { "ANNO":"2010","ID_SEZIONE":"21898","ISTAT_COMUNE_SEZ":"1071","COMUNE_SEZ":"CERCENASCO","PROVINCIA":"TO","ID_CENTRALE":"1619","NOME_CENTRALE":"VIGONE","ISTAT_COMUNE_CENTR":"1299","COMUNE_CENTR":"VIGONE","PROVINCIA_CENTR":"TO","INDIRIZZO_CENTRALE":"NINO BUFFA 11","LATITUDINE_SEZIONE":"44.86091","LONGITUDINE_SEZIONE":"7.49935","POS_X_SEZIONE":"381439.97318","POS_Y_SEZIONE":"4968594.64092","LATITUDINE_CENTRALE":"44.84011","LONGITUDINE_CENTRALE":"7.49862","POS_X_CENTRALE":"381339.70072","POS_Y_CENTRALE":"4966284.94834","TIPO_ADSL":"ADSL_2P","DESCRIZIONE_TIPO_ADSL":"ADSL 2+ (24 mega)","DISTANZA_CALCOLATA":"2311.87","CLASSE_DISTANZA":"2100-2499","POTENZA_SEGNALE":"10000","POPOLAZIONE_SEZIONE": "745"}
			},
		 		{ "type" : "Feature",
				"geometry" : {
					"type" : "Point",
					"coordinates" : [7.46551,44.81955]},
			"properties" : { "ANNO":"2010","ID_SEZIONE":"21901","ISTAT_COMUNE_SEZ":"1299","COMUNE_SEZ":"VIGONE","PROVINCIA":"TO","ID_CENTRALE":"1619","NOME_CENTRALE":"VIGONE","ISTAT_COMUNE_CENTR":"1299","COMUNE_CENTR":"VIGONE","PROVINCIA_CENTR":"TO","INDIRIZZO_CENTRALE":"NINO BUFFA 11","LATITUDINE_SEZIONE":"44.81955","LONGITUDINE_SEZIONE":"7.46551","POS_X_SEZIONE":"378679.34034","POS_Y_SEZIONE":"4964050.05160","LATITUDINE_CENTRALE":"44.84011","LONGITUDINE_CENTRALE":"7.49862","POS_X_CENTRALE":"381339.70072","POS_Y_CENTRALE":"4966284.94834","TIPO_ADSL":"ADSL_2P","DESCRIZIONE_TIPO_ADSL":"ADSL 2+ (24 mega)","DISTANZA_CALCOLATA":"3474.52","CLASSE_DISTANZA":"3300-3699","POTENZA_SEGNALE":"4047.5","POPOLAZIONE_SEZIONE": "82"}
			},
		 		{ "type" : "Feature",
				"geometry" : {
					"type" : "Point",
					"coordinates" : [7.45125,44.84517]},
			"properties" : { "ANNO":"2010","ID_SEZIONE":"22939","ISTAT_COMUNE_SEZ":"1299","COMUNE_SEZ":"VIGONE","PROVINCIA":"TO","ID_CENTRALE":"1619","NOME_CENTRALE":"VIGONE","ISTAT_COMUNE_CENTR":"1299","COMUNE_CENTR":"VIGONE","PROVINCIA_CENTR":"TO","INDIRIZZO_CENTRALE":"NINO BUFFA 11","LATITUDINE_SEZIONE":"44.84517","LONGITUDINE_SEZIONE":"7.45125","POS_X_SEZIONE":"377606.32248","POS_Y_SEZIONE":"4966918.09999","LATITUDINE_CENTRALE":"44.84011","LONGITUDINE_CENTRALE":"7.49862","POS_X_CENTRALE":"381339.70072","POS_Y_CENTRALE":"4966284.94834","TIPO_ADSL":"ADSL_2P","DESCRIZIONE_TIPO_ADSL":"ADSL 2+ (24 mega)","DISTANZA_CALCOLATA":"3786.69","CLASSE_DISTANZA":"3700-4099","POTENZA_SEGNALE":"2857.5","POPOLAZIONE_SEZIONE": "13"}
			},
		 		{ "type" : "Feature",
				"geometry" : {
					"type" : "Point",
					"coordinates" : [7.49650,44.83728]},
			"properties" : { "ANNO":"2010","ID_SEZIONE":"24820","ISTAT_COMUNE_SEZ":"1299","COMUNE_SEZ":"VIGONE","PROVINCIA":"TO","ID_CENTRALE":"1619","NOME_CENTRALE":"VIGONE","ISTAT_COMUNE_CENTR":"1299","COMUNE_CENTR":"VIGONE","PROVINCIA_CENTR":"TO","INDIRIZZO_CENTRALE":"NINO BUFFA 11","LATITUDINE_SEZIONE":"44.83728","LONGITUDINE_SEZIONE":"7.49650","POS_X_SEZIONE":"381165.98866","POS_Y_SEZIONE":"4965974.08565","LATITUDINE_CENTRALE":"44.84011","LONGITUDINE_CENTRALE":"7.49862","POS_X_CENTRALE":"381339.70072","POS_Y_CENTRALE":"4966284.94834","TIPO_ADSL":"ADSL_2P","DESCRIZIONE_TIPO_ADSL":"ADSL 2+ (24 mega)","DISTANZA_CALCOLATA":"356.11","CLASSE_DISTANZA":"100-499","POTENZA_SEGNALE":"19761.67","POPOLAZIONE_SEZIONE": "380"}
			},
		 		{ "type" : "Feature",
				"geometry" : {
					"type" : "Point",
					"coordinates" : [7.54434,44.83826]},
			"properties" : { "ANNO":"2010","ID_SEZIONE":"25693","ISTAT_COMUNE_SEZ":"1299","COMUNE_SEZ":"VIGONE","PROVINCIA":"TO","ID_CENTRALE":"1619","NOME_CENTRALE":"VIGONE","ISTAT_COMUNE_CENTR":"1299","COMUNE_CENTR":"VIGONE","PROVINCIA_CENTR":"TO","INDIRIZZO_CENTRALE":"NINO BUFFA 11","LATITUDINE_SEZIONE":"44.83826","LONGITUDINE_SEZIONE":"7.54434","POS_X_SEZIONE":"384949.32051","POS_Y_SEZIONE":"4966013.59157","LATITUDINE_CENTRALE":"44.84011","LONGITUDINE_CENTRALE":"7.49862","POS_X_CENTRALE":"381339.70072","POS_Y_CENTRALE":"4966284.94834","TIPO_ADSL":"ADSL_2P","DESCRIZIONE_TIPO_ADSL":"ADSL 2+ (24 mega)","DISTANZA_CALCOLATA":"3619.81","CLASSE_DISTANZA":"3300-3699","POTENZA_SEGNALE":"4047.5","POPOLAZIONE_SEZIONE": "68"}
			},
		 		{ "type" : "Feature",
				"geometry" : {
					"type" : "Point",
					"coordinates" : [7.49063,44.84176]},
			"properties" : { "ANNO":"2010","ID_SEZIONE":"26318","ISTAT_COMUNE_SEZ":"1299","COMUNE_SEZ":"VIGONE","PROVINCIA":"TO","ID_CENTRALE":"1619","NOME_CENTRALE":"VIGONE","ISTAT_COMUNE_CENTR":"1299","COMUNE_CENTR":"VIGONE","PROVINCIA_CENTR":"TO","INDIRIZZO_CENTRALE":"NINO BUFFA 11","LATITUDINE_SEZIONE":"44.84176","LONGITUDINE_SEZIONE":"7.49063","POS_X_SEZIONE":"380711.73919","POS_Y_SEZIONE":"4966480.59548","LATITUDINE_CENTRALE":"44.84011","LONGITUDINE_CENTRALE":"7.49862","POS_X_CENTRALE":"381339.70072","POS_Y_CENTRALE":"4966284.94834","TIPO_ADSL":"ADSL_2P","DESCRIZIONE_TIPO_ADSL":"ADSL 2+ (24 mega)","DISTANZA_CALCOLATA":"657.73","CLASSE_DISTANZA":"500-899","POTENZA_SEGNALE":"19523.33","POPOLAZIONE_SEZIONE": "246"}
			},
		 		{ "type" : "Feature",
				"geometry" : {
					"type" : "Point",
					"coordinates" : [7.52031,44.84149]},
			"properties" : { "ANNO":"2010","ID_SEZIONE":"27802","ISTAT_COMUNE_SEZ":"1299","COMUNE_SEZ":"VIGONE","PROVINCIA":"TO","ID_CENTRALE":"1619","NOME_CENTRALE":"VIGONE","ISTAT_COMUNE_CENTR":"1299","COMUNE_CENTR":"VIGONE","PROVINCIA_CENTR":"TO","INDIRIZZO_CENTRALE":"NINO BUFFA 11","LATITUDINE_SEZIONE":"44.84149","LONGITUDINE_SEZIONE":"7.52031","POS_X_SEZIONE":"383056.59423","POS_Y_SEZIONE":"4966407.09736","LATITUDINE_CENTRALE":"44.84011","LONGITUDINE_CENTRALE":"7.49862","POS_X_CENTRALE":"381339.70072","POS_Y_CENTRALE":"4966284.94834","TIPO_ADSL":"ADSL_2P","DESCRIZIONE_TIPO_ADSL":"ADSL 2+ (24 mega)","DISTANZA_CALCOLATA":"1721.23","CLASSE_DISTANZA":"1700-2099","POTENZA_SEGNALE":"12975.83","POPOLAZIONE_SEZIONE": "41"}
			},
		 		{ "type" : "Feature",
				"geometry" : {
					"type" : "Point",
					"coordinates" : [7.43777,44.83959]},
			"properties" : { "ANNO":"2010","ID_SEZIONE":"27804","ISTAT_COMUNE_SEZ":"1142","COMUNE_SEZ":"MACELLO","PROVINCIA":"TO","ID_CENTRALE":"1619","NOME_CENTRALE":"VIGONE","ISTAT_COMUNE_CENTR":"1299","COMUNE_CENTR":"VIGONE","PROVINCIA_CENTR":"TO","INDIRIZZO_CENTRALE":"NINO BUFFA 11","LATITUDINE_SEZIONE":"44.83959","LONGITUDINE_SEZIONE":"7.43777","POS_X_SEZIONE":"376528.97413","POS_Y_SEZIONE":"4966318.58536","LATITUDINE_CENTRALE":"44.84011","LONGITUDINE_CENTRALE":"7.49862","POS_X_CENTRALE":"381339.70072","POS_Y_CENTRALE":"4966284.94834","TIPO_ADSL":"ADSL_2P","DESCRIZIONE_TIPO_ADSL":"ADSL 2+ (24 mega)","DISTANZA_CALCOLATA":"4810.84","CLASSE_DISTANZA":"4500-4899","POTENZA_SEGNALE":"1428.33","POPOLAZIONE_SEZIONE": "6"}
			},
		 		{ "type" : "Feature",
				"geometry" : {
					"type" : "Point",
					"coordinates" : [7.49517,44.82606]},
			"properties" : { "ANNO":"2010","ID_SEZIONE":"28731","ISTAT_COMUNE_SEZ":"1299","COMUNE_SEZ":"VIGONE","PROVINCIA":"TO","ID_CENTRALE":"1619","NOME_CENTRALE":"VIGONE","ISTAT_COMUNE_CENTR":"1299","COMUNE_CENTR":"VIGONE","PROVINCIA_CENTR":"TO","INDIRIZZO_CENTRALE":"NINO BUFFA 11","LATITUDINE_SEZIONE":"44.82606","LONGITUDINE_SEZIONE":"7.49517","POS_X_SEZIONE":"381037.65330","POS_Y_SEZIONE":"4964729.06344","LATITUDINE_CENTRALE":"44.84011","LONGITUDINE_CENTRALE":"7.49862","POS_X_CENTRALE":"381339.70072","POS_Y_CENTRALE":"4966284.94834","TIPO_ADSL":"ADSL_2P","DESCRIZIONE_TIPO_ADSL":"ADSL 2+ (24 mega)","DISTANZA_CALCOLATA":"1584.93","CLASSE_DISTANZA":"1300-1699","POTENZA_SEGNALE":"16071.67","POPOLAZIONE_SEZIONE": "121"}
			},
		 		{ "type" : "Feature",
				"geometry" : {
					"type" : "Point",
					"coordinates" : [7.48821,44.86958]},
			"properties" : { "ANNO":"2010","ID_SEZIONE":"29640","ISTAT_COMUNE_SEZ":"1071","COMUNE_SEZ":"CERCENASCO","PROVINCIA":"TO","ID_CENTRALE":"1619","NOME_CENTRALE":"VIGONE","ISTAT_COMUNE_CENTR":"1299","COMUNE_CENTR":"VIGONE","PROVINCIA_CENTR":"TO","INDIRIZZO_CENTRALE":"NINO BUFFA 11","LATITUDINE_SEZIONE":"44.86958","LONGITUDINE_SEZIONE":"7.48821","POS_X_SEZIONE":"380577.50559","POS_Y_SEZIONE":"4969573.66018","LATITUDINE_CENTRALE":"44.84011","LONGITUDINE_CENTRALE":"7.49862","POS_X_CENTRALE":"381339.70072","POS_Y_CENTRALE":"4966284.94834","TIPO_ADSL":"ADSL_2P","DESCRIZIONE_TIPO_ADSL":"ADSL 2+ (24 mega)","DISTANZA_CALCOLATA":"3375.88","CLASSE_DISTANZA":"3300-3699","POTENZA_SEGNALE":"4047.5","POPOLAZIONE_SEZIONE": ""}
			},
		 		{ "type" : "Feature",
				"geometry" : {
					"type" : "Point",
					"coordinates" : [7.54984,44.83643]},
			"properties" : { "ANNO":"2010","ID_SEZIONE":"29848","ISTAT_COMUNE_SEZ":"1299","COMUNE_SEZ":"VIGONE","PROVINCIA":"TO","ID_CENTRALE":"1619","NOME_CENTRALE":"VIGONE","ISTAT_COMUNE_CENTR":"1299","COMUNE_CENTR":"VIGONE","PROVINCIA_CENTR":"TO","INDIRIZZO_CENTRALE":"NINO BUFFA 11","LATITUDINE_SEZIONE":"44.83643","LONGITUDINE_SEZIONE":"7.54984","POS_X_SEZIONE":"385380.29036","POS_Y_SEZIONE":"4965802.58716","LATITUDINE_CENTRALE":"44.84011","LONGITUDINE_CENTRALE":"7.49862","POS_X_CENTRALE":"381339.70072","POS_Y_CENTRALE":"4966284.94834","TIPO_ADSL":"ADSL_2P","DESCRIZIONE_TIPO_ADSL":"ADSL 2+ (24 mega)","DISTANZA_CALCOLATA":"4069.28","CLASSE_DISTANZA":"3700-4099","POTENZA_SEGNALE":"2857.5","POPOLAZIONE_SEZIONE": "15"}
			},
		 		{ "type" : "Feature",
				"geometry" : {
					"type" : "Point",
					"coordinates" : [7.43884,44.82627]},
			"properties" : { "ANNO":"2010","ID_SEZIONE":"31323","ISTAT_COMUNE_SEZ":"1299","COMUNE_SEZ":"VIGONE","PROVINCIA":"TO","ID_CENTRALE":"1619","NOME_CENTRALE":"VIGONE","ISTAT_COMUNE_CENTR":"1299","COMUNE_CENTR":"VIGONE","PROVINCIA_CENTR":"TO","INDIRIZZO_CENTRALE":"NINO BUFFA 11","LATITUDINE_SEZIONE":"44.82627","LONGITUDINE_SEZIONE":"7.43884","POS_X_SEZIONE":"376585.01151","POS_Y_SEZIONE":"4964836.56040","LATITUDINE_CENTRALE":"44.84011","LONGITUDINE_CENTRALE":"7.49862","POS_X_CENTRALE":"381339.70072","POS_Y_CENTRALE":"4966284.94834","TIPO_ADSL":"ADSL_2P","DESCRIZIONE_TIPO_ADSL":"ADSL 2+ (24 mega)","DISTANZA_CALCOLATA":"4970.4","CLASSE_DISTANZA":"4900-5299","POTENZA_SEGNALE":"952.50","POPOLAZIONE_SEZIONE": "86"}
			},
		 		{ "type" : "Feature",
				"geometry" : {
					"type" : "Point",
					"coordinates" : [7.53667,44.86905]},
			"properties" : { "ANNO":"2010","ID_SEZIONE":"32546","ISTAT_COMUNE_SEZ":"1071","COMUNE_SEZ":"CERCENASCO","PROVINCIA":"TO","ID_CENTRALE":"1619","NOME_CENTRALE":"VIGONE","ISTAT_COMUNE_CENTR":"1299","COMUNE_CENTR":"VIGONE","PROVINCIA_CENTR":"TO","INDIRIZZO_CENTRALE":"NINO BUFFA 11","LATITUDINE_SEZIONE":"44.86905","LONGITUDINE_SEZIONE":"7.53667","POS_X_SEZIONE":"384404.33593","POS_Y_SEZIONE":"4969444.66486","LATITUDINE_CENTRALE":"44.84011","LONGITUDINE_CENTRALE":"7.49862","POS_X_CENTRALE":"381339.70072","POS_Y_CENTRALE":"4966284.94834","TIPO_ADSL":"ADSL_2P","DESCRIZIONE_TIPO_ADSL":"ADSL 2+ (24 mega)","DISTANZA_CALCOLATA":"4401.79","CLASSE_DISTANZA":"4100-4499","POTENZA_SEGNALE":"2024.17","POPOLAZIONE_SEZIONE": "21"}
			},
		 		{ "type" : "Feature",
				"geometry" : {
					"type" : "Point",
					"coordinates" : [7.50255,44.84266]},
			"properties" : { "ANNO":"2010","ID_SEZIONE":"32547","ISTAT_COMUNE_SEZ":"1299","COMUNE_SEZ":"VIGONE","PROVINCIA":"TO","ID_CENTRALE":"1619","NOME_CENTRALE":"VIGONE","ISTAT_COMUNE_CENTR":"1299","COMUNE_CENTR":"VIGONE","PROVINCIA_CENTR":"TO","INDIRIZZO_CENTRALE":"NINO BUFFA 11","LATITUDINE_SEZIONE":"44.84266","LONGITUDINE_SEZIONE":"7.50255","POS_X_SEZIONE":"381655.65113","POS_Y_SEZIONE":"4966563.09865","LATITUDINE_CENTRALE":"44.84011","LONGITUDINE_CENTRALE":"7.49862","POS_X_CENTRALE":"381339.70072","POS_Y_CENTRALE":"4966284.94834","TIPO_ADSL":"ADSL_2P","DESCRIZIONE_TIPO_ADSL":"ADSL 2+ (24 mega)","DISTANZA_CALCOLATA":"420.94","CLASSE_DISTANZA":"100-499","POTENZA_SEGNALE":"19761.67","POPOLAZIONE_SEZIONE": "701"}
			},
		 		{ "type" : "Feature",
				"geometry" : {
					"type" : "Point",
					"coordinates" : [7.48967,44.85927]},
			"properties" : { "ANNO":"2010","ID_SEZIONE":"32912","ISTAT_COMUNE_SEZ":"1071","COMUNE_SEZ":"CERCENASCO","PROVINCIA":"TO","ID_CENTRALE":"1619","NOME_CENTRALE":"VIGONE","ISTAT_COMUNE_CENTR":"1299","COMUNE_CENTR":"VIGONE","PROVINCIA_CENTR":"TO","INDIRIZZO_CENTRALE":"NINO BUFFA 11","LATITUDINE_SEZIONE":"44.85927","LONGITUDINE_SEZIONE":"7.48967","POS_X_SEZIONE":"380672.09401","POS_Y_SEZIONE":"4968426.63631","LATITUDINE_CENTRALE":"44.84011","LONGITUDINE_CENTRALE":"7.49862","POS_X_CENTRALE":"381339.70072","POS_Y_CENTRALE":"4966284.94834","TIPO_ADSL":"ADSL_2P","DESCRIZIONE_TIPO_ADSL":"ADSL 2+ (24 mega)","DISTANZA_CALCOLATA":"2243.33","CLASSE_DISTANZA":"2100-2499","POTENZA_SEGNALE":"10000","POPOLAZIONE_SEZIONE": "5"}
			}
		 		]
	}
		