 	{ "type" : "FeatureCollection",
		"features" : [
		 		{ "type" : "Feature",
				"geometry" : {
					"type" : "Point",
					"coordinates" : [7.05168,44.87532]},
			"properties" : { "ANNO":"2010","ID_SEZIONE":"256","ISTAT_COMUNE_SEZ":"1202","COMUNE_SEZ":"PRALI","PROVINCIA":"TO","ID_CENTRALE":"1044","NOME_CENTRALE":"PRALI","ISTAT_COMUNE_CENTR":"1202","COMUNE_CENTR":"PRALI","PROVINCIA_CENTR":"TO","INDIRIZZO_CENTRALE":"PZA PERRO->16","LATITUDINE_SEZIONE":"44.87532","LONGITUDINE_SEZIONE":"7.05168","POS_X_SEZIONE":"346109.79305","POS_Y_SEZIONE":"4970946.45046","LATITUDINE_CENTRALE":"44.90326","LONGITUDINE_CENTRALE":"7.05192","POS_X_CENTRALE":"346203.04359","POS_Y_CENTRALE":"4974049.81606","TIPO_ADSL":"NO","DESCRIZIONE_TIPO_ADSL":"NO Adsl","DISTANZA_CALCOLATA":"3104.77","CLASSE_DISTANZA":"2900-3299","POTENZA_SEGNALE":"","POPOLAZIONE_SEZIONE": "1"}
			},
		 		{ "type" : "Feature",
				"geometry" : {
					"type" : "Point",
					"coordinates" : [7.05563,44.90499]},
			"properties" : { "ANNO":"2010","ID_SEZIONE":"3825","ISTAT_COMUNE_SEZ":"1202","COMUNE_SEZ":"PRALI","PROVINCIA":"TO","ID_CENTRALE":"1044","NOME_CENTRALE":"PRALI","ISTAT_COMUNE_CENTR":"1202","COMUNE_CENTR":"PRALI","PROVINCIA_CENTR":"TO","INDIRIZZO_CENTRALE":"PZA PERRO->16","LATITUDINE_SEZIONE":"44.90499","LONGITUDINE_SEZIONE":"7.05563","POS_X_SEZIONE":"346500.65897","POS_Y_SEZIONE":"4974235.49443","LATITUDINE_CENTRALE":"44.90326","LONGITUDINE_CENTRALE":"7.05192","POS_X_CENTRALE":"346203.04359","POS_Y_CENTRALE":"4974049.81606","TIPO_ADSL":"NO","DESCRIZIONE_TIPO_ADSL":"NO Adsl","DISTANZA_CALCOLATA":"350.79","CLASSE_DISTANZA":"100-499","POTENZA_SEGNALE":"","POPOLAZIONE_SEZIONE": "45"}
			},
		 		{ "type" : "Feature",
				"geometry" : {
					"type" : "Point",
					"coordinates" : [7.00932,44.89388]},
			"properties" : { "ANNO":"2010","ID_SEZIONE":"3869","ISTAT_COMUNE_SEZ":"1202","COMUNE_SEZ":"PRALI","PROVINCIA":"TO","ID_CENTRALE":"1044","NOME_CENTRALE":"PRALI","ISTAT_COMUNE_CENTR":"1202","COMUNE_CENTR":"PRALI","PROVINCIA_CENTR":"TO","INDIRIZZO_CENTRALE":"PZA PERRO->16","LATITUDINE_SEZIONE":"44.89388","LONGITUDINE_SEZIONE":"7.00932","POS_X_SEZIONE":"342814.49244","POS_Y_SEZIONE":"4973089.95280","LATITUDINE_CENTRALE":"44.90326","LONGITUDINE_CENTRALE":"7.05192","POS_X_CENTRALE":"346203.04359","POS_Y_CENTRALE":"4974049.81606","TIPO_ADSL":"NO","DESCRIZIONE_TIPO_ADSL":"NO Adsl","DISTANZA_CALCOLATA":"3521.88","CLASSE_DISTANZA":"3300-3699","POTENZA_SEGNALE":"","POPOLAZIONE_SEZIONE": ""}
			},
		 		{ "type" : "Feature",
				"geometry" : {
					"type" : "Point",
					"coordinates" : [7.04307,44.88493]},
			"properties" : { "ANNO":"2010","ID_SEZIONE":"6469","ISTAT_COMUNE_SEZ":"1202","COMUNE_SEZ":"PRALI","PROVINCIA":"TO","ID_CENTRALE":"1044","NOME_CENTRALE":"PRALI","ISTAT_COMUNE_CENTR":"1202","COMUNE_CENTR":"PRALI","PROVINCIA_CENTR":"TO","INDIRIZZO_CENTRALE":"PZA PERRO->16","LATITUDINE_SEZIONE":"44.88493","LONGITUDINE_SEZIONE":"7.04307","POS_X_SEZIONE":"345454.99317","POS_Y_SEZIONE":"4972030.95913","LATITUDINE_CENTRALE":"44.90326","LONGITUDINE_CENTRALE":"7.05192","POS_X_CENTRALE":"346203.04359","POS_Y_CENTRALE":"4974049.81606","TIPO_ADSL":"NO","DESCRIZIONE_TIPO_ADSL":"NO Adsl","DISTANZA_CALCOLATA":"2152.99","CLASSE_DISTANZA":"2100-2499","POTENZA_SEGNALE":"","POPOLAZIONE_SEZIONE": "19"}
			},
		 		{ "type" : "Feature",
				"geometry" : {
					"type" : "Point",
					"coordinates" : [7.03073,44.88244]},
			"properties" : { "ANNO":"2010","ID_SEZIONE":"6881","ISTAT_COMUNE_SEZ":"1202","COMUNE_SEZ":"PRALI","PROVINCIA":"TO","ID_CENTRALE":"1044","NOME_CENTRALE":"PRALI","ISTAT_COMUNE_CENTR":"1202","COMUNE_CENTR":"PRALI","PROVINCIA_CENTR":"TO","INDIRIZZO_CENTRALE":"PZA PERRO->16","LATITUDINE_SEZIONE":"44.88244","LONGITUDINE_SEZIONE":"7.03073","POS_X_SEZIONE":"344474.02012","POS_Y_SEZIONE":"4971777.44847","LATITUDINE_CENTRALE":"44.90326","LONGITUDINE_CENTRALE":"7.05192","POS_X_CENTRALE":"346203.04359","POS_Y_CENTRALE":"4974049.81606","TIPO_ADSL":"NO","DESCRIZIONE_TIPO_ADSL":"NO Adsl","DISTANZA_CALCOLATA":"2855.38","CLASSE_DISTANZA":"2500-2899","POTENZA_SEGNALE":"","POPOLAZIONE_SEZIONE": ""}
			},
		 		{ "type" : "Feature",
				"geometry" : {
					"type" : "Point",
					"coordinates" : [7.06395,44.91080]},
			"properties" : { "ANNO":"2010","ID_SEZIONE":"7085","ISTAT_COMUNE_SEZ":"1202","COMUNE_SEZ":"PRALI","PROVINCIA":"TO","ID_CENTRALE":"1044","NOME_CENTRALE":"PRALI","ISTAT_COMUNE_CENTR":"1202","COMUNE_CENTR":"PRALI","PROVINCIA_CENTR":"TO","INDIRIZZO_CENTRALE":"PZA PERRO->16","LATITUDINE_SEZIONE":"44.91080","LONGITUDINE_SEZIONE":"7.06395","POS_X_SEZIONE":"347172.62415","POS_Y_SEZIONE":"4974865.00713","LATITUDINE_CENTRALE":"44.90326","LONGITUDINE_CENTRALE":"7.05192","POS_X_CENTRALE":"346203.04359","POS_Y_CENTRALE":"4974049.81606","TIPO_ADSL":"NO","DESCRIZIONE_TIPO_ADSL":"NO Adsl","DISTANZA_CALCOLATA":"1266.74","CLASSE_DISTANZA":"900-1299","POTENZA_SEGNALE":"","POPOLAZIONE_SEZIONE": ""}
			},
		 		{ "type" : "Feature",
				"geometry" : {
					"type" : "Point",
					"coordinates" : [7.02289,44.84869]},
			"properties" : { "ANNO":"2010","ID_SEZIONE":"7101","ISTAT_COMUNE_SEZ":"1202","COMUNE_SEZ":"PRALI","PROVINCIA":"TO","ID_CENTRALE":"1044","NOME_CENTRALE":"PRALI","ISTAT_COMUNE_CENTR":"1202","COMUNE_CENTR":"PRALI","PROVINCIA_CENTR":"TO","INDIRIZZO_CENTRALE":"PZA PERRO->16","LATITUDINE_SEZIONE":"44.84869","LONGITUDINE_SEZIONE":"7.02289","POS_X_SEZIONE":"343763.62319","POS_Y_SEZIONE":"4968042.89487","LATITUDINE_CENTRALE":"44.90326","LONGITUDINE_CENTRALE":"7.05192","POS_X_CENTRALE":"346203.04359","POS_Y_CENTRALE":"4974049.81606","TIPO_ADSL":"NO","DESCRIZIONE_TIPO_ADSL":"NO Adsl","DISTANZA_CALCOLATA":"6483.35","CLASSE_DISTANZA":"6100 e oltre","POTENZA_SEGNALE":"","POPOLAZIONE_SEZIONE": ""}
			},
		 		{ "type" : "Feature",
				"geometry" : {
					"type" : "Point",
					"coordinates" : [7.05694,44.89296]},
			"properties" : { "ANNO":"2010","ID_SEZIONE":"7495","ISTAT_COMUNE_SEZ":"1202","COMUNE_SEZ":"PRALI","PROVINCIA":"TO","ID_CENTRALE":"1044","NOME_CENTRALE":"PRALI","ISTAT_COMUNE_CENTR":"1202","COMUNE_CENTR":"PRALI","PROVINCIA_CENTR":"TO","INDIRIZZO_CENTRALE":"PZA PERRO->16","LATITUDINE_SEZIONE":"44.89296","LONGITUDINE_SEZIONE":"7.05694","POS_X_SEZIONE":"346572.30159","POS_Y_SEZIONE":"4972895.97852","LATITUDINE_CENTRALE":"44.90326","LONGITUDINE_CENTRALE":"7.05192","POS_X_CENTRALE":"346203.04359","POS_Y_CENTRALE":"4974049.81606","TIPO_ADSL":"NO","DESCRIZIONE_TIPO_ADSL":"NO Adsl","DISTANZA_CALCOLATA":"1211.48","CLASSE_DISTANZA":"900-1299","POTENZA_SEGNALE":"","POPOLAZIONE_SEZIONE": "3"}
			},
		 		{ "type" : "Feature",
				"geometry" : {
					"type" : "Point",
					"coordinates" : [7.03743,44.87878]},
			"properties" : { "ANNO":"2010","ID_SEZIONE":"7500","ISTAT_COMUNE_SEZ":"1202","COMUNE_SEZ":"PRALI","PROVINCIA":"TO","ID_CENTRALE":"1044","NOME_CENTRALE":"PRALI","ISTAT_COMUNE_CENTR":"1202","COMUNE_CENTR":"PRALI","PROVINCIA_CENTR":"TO","INDIRIZZO_CENTRALE":"PZA PERRO->16","LATITUDINE_SEZIONE":"44.87878","LONGITUDINE_SEZIONE":"7.03743","POS_X_SEZIONE":"344993.37346","POS_Y_SEZIONE":"4971358.44713","LATITUDINE_CENTRALE":"44.90326","LONGITUDINE_CENTRALE":"7.05192","POS_X_CENTRALE":"346203.04359","POS_Y_CENTRALE":"4974049.81606","TIPO_ADSL":"NO","DESCRIZIONE_TIPO_ADSL":"NO Adsl","DISTANZA_CALCOLATA":"2950.72","CLASSE_DISTANZA":"2900-3299","POTENZA_SEGNALE":"","POPOLAZIONE_SEZIONE": "15"}
			},
		 		{ "type" : "Feature",
				"geometry" : {
					"type" : "Point",
					"coordinates" : [7.05047,44.89006]},
			"properties" : { "ANNO":"2010","ID_SEZIONE":"7704","ISTAT_COMUNE_SEZ":"1202","COMUNE_SEZ":"PRALI","PROVINCIA":"TO","ID_CENTRALE":"1044","NOME_CENTRALE":"PRALI","ISTAT_COMUNE_CENTR":"1202","COMUNE_CENTR":"PRALI","PROVINCIA_CENTR":"TO","INDIRIZZO_CENTRALE":"PZA PERRO->16","LATITUDINE_SEZIONE":"44.89006","LONGITUDINE_SEZIONE":"7.05047","POS_X_SEZIONE":"346053.74031","POS_Y_SEZIONE":"4972586.47043","LATITUDINE_CENTRALE":"44.90326","LONGITUDINE_CENTRALE":"7.05192","POS_X_CENTRALE":"346203.04359","POS_Y_CENTRALE":"4974049.81606","TIPO_ADSL":"NO","DESCRIZIONE_TIPO_ADSL":"NO Adsl","DISTANZA_CALCOLATA":"1470.94","CLASSE_DISTANZA":"1300-1699","POTENZA_SEGNALE":"","POPOLAZIONE_SEZIONE": "57"}
			},
		 		{ "type" : "Feature",
				"geometry" : {
					"type" : "Point",
					"coordinates" : [7.04769,44.88839]},
			"properties" : { "ANNO":"2010","ID_SEZIONE":"7705","ISTAT_COMUNE_SEZ":"1202","COMUNE_SEZ":"PRALI","PROVINCIA":"TO","ID_CENTRALE":"1044","NOME_CENTRALE":"PRALI","ISTAT_COMUNE_CENTR":"1202","COMUNE_CENTR":"PRALI","PROVINCIA_CENTR":"TO","INDIRIZZO_CENTRALE":"PZA PERRO->16","LATITUDINE_SEZIONE":"44.88839","LONGITUDINE_SEZIONE":"7.04769","POS_X_SEZIONE":"345829.55292","POS_Y_SEZIONE":"4972405.96636","LATITUDINE_CENTRALE":"44.90326","LONGITUDINE_CENTRALE":"7.05192","POS_X_CENTRALE":"346203.04359","POS_Y_CENTRALE":"4974049.81606","TIPO_ADSL":"NO","DESCRIZIONE_TIPO_ADSL":"NO Adsl","DISTANZA_CALCOLATA":"1685.75","CLASSE_DISTANZA":"1300-1699","POTENZA_SEGNALE":"","POPOLAZIONE_SEZIONE": "19"}
			},
		 		{ "type" : "Feature",
				"geometry" : {
					"type" : "Point",
					"coordinates" : [7.05285,44.84685]},
			"properties" : { "ANNO":"2010","ID_SEZIONE":"8098","ISTAT_COMUNE_SEZ":"1202","COMUNE_SEZ":"PRALI","PROVINCIA":"TO","ID_CENTRALE":"1044","NOME_CENTRALE":"PRALI","ISTAT_COMUNE_CENTR":"1202","COMUNE_CENTR":"PRALI","PROVINCIA_CENTR":"TO","INDIRIZZO_CENTRALE":"PZA PERRO->16","LATITUDINE_SEZIONE":"44.84685","LONGITUDINE_SEZIONE":"7.05285","POS_X_SEZIONE":"346126.14582","POS_Y_SEZIONE":"4967781.41033","LATITUDINE_CENTRALE":"44.90326","LONGITUDINE_CENTRALE":"7.05192","POS_X_CENTRALE":"346203.04359","POS_Y_CENTRALE":"4974049.81606","TIPO_ADSL":"NO","DESCRIZIONE_TIPO_ADSL":"NO Adsl","DISTANZA_CALCOLATA":"6268.88","CLASSE_DISTANZA":"6100 e oltre","POTENZA_SEGNALE":"","POPOLAZIONE_SEZIONE": ""}
			},
		 		{ "type" : "Feature",
				"geometry" : {
					"type" : "Point",
					"coordinates" : [7.05369,44.89184]},
			"properties" : { "ANNO":"2010","ID_SEZIONE":"9362","ISTAT_COMUNE_SEZ":"1202","COMUNE_SEZ":"PRALI","PROVINCIA":"TO","ID_CENTRALE":"1044","NOME_CENTRALE":"PRALI","ISTAT_COMUNE_CENTR":"1202","COMUNE_CENTR":"PRALI","PROVINCIA_CENTR":"TO","INDIRIZZO_CENTRALE":"PZA PERRO->16","LATITUDINE_SEZIONE":"44.89184","LONGITUDINE_SEZIONE":"7.05369","POS_X_SEZIONE":"346312.08271","POS_Y_SEZIONE":"4972777.47510","LATITUDINE_CENTRALE":"44.90326","LONGITUDINE_CENTRALE":"7.05192","POS_X_CENTRALE":"346203.04359","POS_Y_CENTRALE":"4974049.81606","TIPO_ADSL":"NO","DESCRIZIONE_TIPO_ADSL":"NO Adsl","DISTANZA_CALCOLATA":"1277","CLASSE_DISTANZA":"900-1299","POTENZA_SEGNALE":"","POPOLAZIONE_SEZIONE": "8"}
			},
		 		{ "type" : "Feature",
				"geometry" : {
					"type" : "Point",
					"coordinates" : [7.07976,44.86799]},
			"properties" : { "ANNO":"2010","ID_SEZIONE":"9364","ISTAT_COMUNE_SEZ":"1202","COMUNE_SEZ":"PRALI","PROVINCIA":"TO","ID_CENTRALE":"1044","NOME_CENTRALE":"PRALI","ISTAT_COMUNE_CENTR":"1202","COMUNE_CENTR":"PRALI","PROVINCIA_CENTR":"TO","INDIRIZZO_CENTRALE":"PZA PERRO->16","LATITUDINE_SEZIONE":"44.86799","LONGITUDINE_SEZIONE":"7.07976","POS_X_SEZIONE":"348308.06454","POS_Y_SEZIONE":"4970078.95657","LATITUDINE_CENTRALE":"44.90326","LONGITUDINE_CENTRALE":"7.05192","POS_X_CENTRALE":"346203.04359","POS_Y_CENTRALE":"4974049.81606","TIPO_ADSL":"NO","DESCRIZIONE_TIPO_ADSL":"NO Adsl","DISTANZA_CALCOLATA":"4494.31","CLASSE_DISTANZA":"4100-4499","POTENZA_SEGNALE":"","POPOLAZIONE_SEZIONE": ""}
			},
		 		{ "type" : "Feature",
				"geometry" : {
					"type" : "Point",
					"coordinates" : [7.04774,44.86417]},
			"properties" : { "ANNO":"2010","ID_SEZIONE":"10439","ISTAT_COMUNE_SEZ":"1202","COMUNE_SEZ":"PRALI","PROVINCIA":"TO","ID_CENTRALE":"1044","NOME_CENTRALE":"PRALI","ISTAT_COMUNE_CENTR":"1202","COMUNE_CENTR":"PRALI","PROVINCIA_CENTR":"TO","INDIRIZZO_CENTRALE":"PZA PERRO->16","LATITUDINE_SEZIONE":"44.86417","LONGITUDINE_SEZIONE":"7.04774","POS_X_SEZIONE":"345768.52508","POS_Y_SEZIONE":"4969715.43196","LATITUDINE_CENTRALE":"44.90326","LONGITUDINE_CENTRALE":"7.05192","POS_X_CENTRALE":"346203.04359","POS_Y_CENTRALE":"4974049.81606","TIPO_ADSL":"NO","DESCRIZIONE_TIPO_ADSL":"NO Adsl","DISTANZA_CALCOLATA":"4356.11","CLASSE_DISTANZA":"4100-4499","POTENZA_SEGNALE":"","POPOLAZIONE_SEZIONE": ""}
			},
		 		{ "type" : "Feature",
				"geometry" : {
					"type" : "Point",
					"coordinates" : [7.04959,44.89480]},
			"properties" : { "ANNO":"2010","ID_SEZIONE":"10610","ISTAT_COMUNE_SEZ":"1202","COMUNE_SEZ":"PRALI","PROVINCIA":"TO","ID_CENTRALE":"1044","NOME_CENTRALE":"PRALI","ISTAT_COMUNE_CENTR":"1202","COMUNE_CENTR":"PRALI","PROVINCIA_CENTR":"TO","INDIRIZZO_CENTRALE":"PZA PERRO->16","LATITUDINE_SEZIONE":"44.89480","LONGITUDINE_SEZIONE":"7.04959","POS_X_SEZIONE":"345996.92009","POS_Y_SEZIONE":"4973113.97686","LATITUDINE_CENTRALE":"44.90326","LONGITUDINE_CENTRALE":"7.05192","POS_X_CENTRALE":"346203.04359","POS_Y_CENTRALE":"4974049.81606","TIPO_ADSL":"NO","DESCRIZIONE_TIPO_ADSL":"NO Adsl","DISTANZA_CALCOLATA":"958.27","CLASSE_DISTANZA":"900-1299","POTENZA_SEGNALE":"","POPOLAZIONE_SEZIONE": "4"}
			},
		 		{ "type" : "Feature",
				"geometry" : {
					"type" : "Point",
					"coordinates" : [7.04471,44.88366]},
			"properties" : { "ANNO":"2010","ID_SEZIONE":"12183","ISTAT_COMUNE_SEZ":"1202","COMUNE_SEZ":"PRALI","PROVINCIA":"TO","ID_CENTRALE":"1044","NOME_CENTRALE":"PRALI","ISTAT_COMUNE_CENTR":"1202","COMUNE_CENTR":"PRALI","PROVINCIA_CENTR":"TO","INDIRIZZO_CENTRALE":"PZA PERRO->16","LATITUDINE_SEZIONE":"44.88366","LONGITUDINE_SEZIONE":"7.04471","POS_X_SEZIONE":"345581.37065","POS_Y_SEZIONE":"4971885.95817","LATITUDINE_CENTRALE":"44.90326","LONGITUDINE_CENTRALE":"7.05192","POS_X_CENTRALE":"346203.04359","POS_Y_CENTRALE":"4974049.81606","TIPO_ADSL":"NO","DESCRIZIONE_TIPO_ADSL":"NO Adsl","DISTANZA_CALCOLATA":"2251.39","CLASSE_DISTANZA":"2100-2499","POTENZA_SEGNALE":"","POPOLAZIONE_SEZIONE": "46"}
			},
		 		{ "type" : "Feature",
				"geometry" : {
					"type" : "Point",
					"coordinates" : [7.05501,44.92100]},
			"properties" : { "ANNO":"2010","ID_SEZIONE":"13716","ISTAT_COMUNE_SEZ":"1202","COMUNE_SEZ":"PRALI","PROVINCIA":"TO","ID_CENTRALE":"1044","NOME_CENTRALE":"PRALI","ISTAT_COMUNE_CENTR":"1202","COMUNE_CENTR":"PRALI","PROVINCIA_CENTR":"TO","INDIRIZZO_CENTRALE":"PZA PERRO->16","LATITUDINE_SEZIONE":"44.92100","LONGITUDINE_SEZIONE":"7.05501","POS_X_SEZIONE":"346494.66754","POS_Y_SEZIONE":"4976014.51625","LATITUDINE_CENTRALE":"44.90326","LONGITUDINE_CENTRALE":"7.05192","POS_X_CENTRALE":"346203.04359","POS_Y_CENTRALE":"4974049.81606","TIPO_ADSL":"NO","DESCRIZIONE_TIPO_ADSL":"NO Adsl","DISTANZA_CALCOLATA":"1986.23","CLASSE_DISTANZA":"1700-2099","POTENZA_SEGNALE":"","POPOLAZIONE_SEZIONE": ""}
			},
		 		{ "type" : "Feature",
				"geometry" : {
					"type" : "Point",
					"coordinates" : [7.01727,44.91543]},
			"properties" : { "ANNO":"2010","ID_SEZIONE":"15457","ISTAT_COMUNE_SEZ":"1202","COMUNE_SEZ":"PRALI","PROVINCIA":"TO","ID_CENTRALE":"1044","NOME_CENTRALE":"PRALI","ISTAT_COMUNE_CENTR":"1202","COMUNE_CENTR":"PRALI","PROVINCIA_CENTR":"TO","INDIRIZZO_CENTRALE":"PZA PERRO->16","LATITUDINE_SEZIONE":"44.91543","LONGITUDINE_SEZIONE":"7.01727","POS_X_SEZIONE":"343500.62415","POS_Y_SEZIONE":"4975467.98902","LATITUDINE_CENTRALE":"44.90326","LONGITUDINE_CENTRALE":"7.05192","POS_X_CENTRALE":"346203.04359","POS_Y_CENTRALE":"4974049.81606","TIPO_ADSL":"NO","DESCRIZIONE_TIPO_ADSL":"NO Adsl","DISTANZA_CALCOLATA":"3051.93","CLASSE_DISTANZA":"2900-3299","POTENZA_SEGNALE":"","POPOLAZIONE_SEZIONE": ""}
			},
		 		{ "type" : "Feature",
				"geometry" : {
					"type" : "Point",
					"coordinates" : [7.03847,44.92350]},
			"properties" : { "ANNO":"2010","ID_SEZIONE":"20650","ISTAT_COMUNE_SEZ":"1202","COMUNE_SEZ":"PRALI","PROVINCIA":"TO","ID_CENTRALE":"1044","NOME_CENTRALE":"PRALI","ISTAT_COMUNE_CENTR":"1202","COMUNE_CENTR":"PRALI","PROVINCIA_CENTR":"TO","INDIRIZZO_CENTRALE":"PZA PERRO->16","LATITUDINE_SEZIONE":"44.92350","LONGITUDINE_SEZIONE":"7.03847","POS_X_SEZIONE":"345195.78089","POS_Y_SEZIONE":"4976324.01053","LATITUDINE_CENTRALE":"44.90326","LONGITUDINE_CENTRALE":"7.05192","POS_X_CENTRALE":"346203.04359","POS_Y_CENTRALE":"4974049.81606","TIPO_ADSL":"NO","DESCRIZIONE_TIPO_ADSL":"NO Adsl","DISTANZA_CALCOLATA":"2487.28","CLASSE_DISTANZA":"2100-2499","POTENZA_SEGNALE":"","POPOLAZIONE_SEZIONE": "8"}
			},
		 		{ "type" : "Feature",
				"geometry" : {
					"type" : "Point",
					"coordinates" : [7.04104,44.87884]},
			"properties" : { "ANNO":"2010","ID_SEZIONE":"22428","ISTAT_COMUNE_SEZ":"1202","COMUNE_SEZ":"PRALI","PROVINCIA":"TO","ID_CENTRALE":"1044","NOME_CENTRALE":"PRALI","ISTAT_COMUNE_CENTR":"1202","COMUNE_CENTR":"PRALI","PROVINCIA_CENTR":"TO","INDIRIZZO_CENTRALE":"PZA PERRO->16","LATITUDINE_SEZIONE":"44.87884","LONGITUDINE_SEZIONE":"7.04104","POS_X_SEZIONE":"345278.96860","POS_Y_SEZIONE":"4971357.94895","LATITUDINE_CENTRALE":"44.90326","LONGITUDINE_CENTRALE":"7.05192","POS_X_CENTRALE":"346203.04359","POS_Y_CENTRALE":"4974049.81606","TIPO_ADSL":"NO","DESCRIZIONE_TIPO_ADSL":"NO Adsl","DISTANZA_CALCOLATA":"2846.06","CLASSE_DISTANZA":"2500-2899","POTENZA_SEGNALE":"","POPOLAZIONE_SEZIONE": "1"}
			},
		 		{ "type" : "Feature",
				"geometry" : {
					"type" : "Point",
					"coordinates" : [7.04540,44.87457]},
			"properties" : { "ANNO":"2010","ID_SEZIONE":"22432","ISTAT_COMUNE_SEZ":"1202","COMUNE_SEZ":"PRALI","PROVINCIA":"TO","ID_CENTRALE":"1044","NOME_CENTRALE":"PRALI","ISTAT_COMUNE_CENTR":"1202","COMUNE_CENTR":"PRALI","PROVINCIA_CENTR":"TO","INDIRIZZO_CENTRALE":"PZA PERRO->16","LATITUDINE_SEZIONE":"44.87457","LONGITUDINE_SEZIONE":"7.04540","POS_X_SEZIONE":"345611.50901","POS_Y_SEZIONE":"4970875.44579","LATITUDINE_CENTRALE":"44.90326","LONGITUDINE_CENTRALE":"7.05192","POS_X_CENTRALE":"346203.04359","POS_Y_CENTRALE":"4974049.81606","TIPO_ADSL":"NO","DESCRIZIONE_TIPO_ADSL":"NO Adsl","DISTANZA_CALCOLATA":"3229.02","CLASSE_DISTANZA":"2900-3299","POTENZA_SEGNALE":"","POPOLAZIONE_SEZIONE": ""}
			},
		 		{ "type" : "Feature",
				"geometry" : {
					"type" : "Point",
					"coordinates" : [7.03217,44.90379]},
			"properties" : { "ANNO":"2010","ID_SEZIONE":"23561","ISTAT_COMUNE_SEZ":"1202","COMUNE_SEZ":"PRALI","PROVINCIA":"TO","ID_CENTRALE":"1044","NOME_CENTRALE":"PRALI","ISTAT_COMUNE_CENTR":"1202","COMUNE_CENTR":"PRALI","PROVINCIA_CENTR":"TO","INDIRIZZO_CENTRALE":"PZA PERRO->16","LATITUDINE_SEZIONE":"44.90379","LONGITUDINE_SEZIONE":"7.03217","POS_X_SEZIONE":"344645.64764","POS_Y_SEZIONE":"4974145.97993","LATITUDINE_CENTRALE":"44.90326","LONGITUDINE_CENTRALE":"7.05192","POS_X_CENTRALE":"346203.04359","POS_Y_CENTRALE":"4974049.81606","TIPO_ADSL":"NO","DESCRIZIONE_TIPO_ADSL":"NO Adsl","DISTANZA_CALCOLATA":"1560.36","CLASSE_DISTANZA":"1300-1699","POTENZA_SEGNALE":"","POPOLAZIONE_SEZIONE": ""}
			},
		 		{ "type" : "Feature",
				"geometry" : {
					"type" : "Point",
					"coordinates" : [7.03872,44.87622]},
			"properties" : { "ANNO":"2010","ID_SEZIONE":"25459","ISTAT_COMUNE_SEZ":"1202","COMUNE_SEZ":"PRALI","PROVINCIA":"TO","ID_CENTRALE":"1044","NOME_CENTRALE":"PRALI","ISTAT_COMUNE_CENTR":"1202","COMUNE_CENTR":"PRALI","PROVINCIA_CENTR":"TO","INDIRIZZO_CENTRALE":"PZA PERRO->16","LATITUDINE_SEZIONE":"44.87622","LONGITUDINE_SEZIONE":"7.03872","POS_X_SEZIONE":"345088.50255","POS_Y_SEZIONE":"4971070.94428","LATITUDINE_CENTRALE":"44.90326","LONGITUDINE_CENTRALE":"7.05192","POS_X_CENTRALE":"346203.04359","POS_Y_CENTRALE":"4974049.81606","TIPO_ADSL":"NO","DESCRIZIONE_TIPO_ADSL":"NO Adsl","DISTANZA_CALCOLATA":"3180.55","CLASSE_DISTANZA":"2900-3299","POTENZA_SEGNALE":"","POPOLAZIONE_SEZIONE": "1"}
			},
		 		{ "type" : "Feature",
				"geometry" : {
					"type" : "Point",
					"coordinates" : [7.07604,44.89627]},
			"properties" : { "ANNO":"2010","ID_SEZIONE":"27746","ISTAT_COMUNE_SEZ":"1202","COMUNE_SEZ":"PRALI","PROVINCIA":"TO","ID_CENTRALE":"1044","NOME_CENTRALE":"PRALI","ISTAT_COMUNE_CENTR":"1202","COMUNE_CENTR":"PRALI","PROVINCIA_CENTR":"TO","INDIRIZZO_CENTRALE":"PZA PERRO->16","LATITUDINE_SEZIONE":"44.89627","LONGITUDINE_SEZIONE":"7.07604","POS_X_SEZIONE":"348089.33865","POS_Y_SEZIONE":"4973227.99363","LATITUDINE_CENTRALE":"44.90326","LONGITUDINE_CENTRALE":"7.05192","POS_X_CENTRALE":"346203.04359","POS_Y_CENTRALE":"4974049.81606","TIPO_ADSL":"NO","DESCRIZIONE_TIPO_ADSL":"NO Adsl","DISTANZA_CALCOLATA":"2057.55","CLASSE_DISTANZA":"1700-2099","POTENZA_SEGNALE":"","POPOLAZIONE_SEZIONE": ""}
			},
		 		{ "type" : "Feature",
				"geometry" : {
					"type" : "Point",
					"coordinates" : [7.05265,44.91934]},
			"properties" : { "ANNO":"2010","ID_SEZIONE":"27826","ISTAT_COMUNE_SEZ":"1202","COMUNE_SEZ":"PRALI","PROVINCIA":"TO","ID_CENTRALE":"1044","NOME_CENTRALE":"PRALI","ISTAT_COMUNE_CENTR":"1202","COMUNE_CENTR":"PRALI","PROVINCIA_CENTR":"TO","INDIRIZZO_CENTRALE":"PZA PERRO->16","LATITUDINE_SEZIONE":"44.91934","LONGITUDINE_SEZIONE":"7.05265","POS_X_SEZIONE":"346303.73148","POS_Y_SEZIONE":"4975835.01315","LATITUDINE_CENTRALE":"44.90326","LONGITUDINE_CENTRALE":"7.05192","POS_X_CENTRALE":"346203.04359","POS_Y_CENTRALE":"4974049.81606","TIPO_ADSL":"NO","DESCRIZIONE_TIPO_ADSL":"NO Adsl","DISTANZA_CALCOLATA":"1788.03","CLASSE_DISTANZA":"1700-2099","POTENZA_SEGNALE":"","POPOLAZIONE_SEZIONE": "16"}
			},
		 		{ "type" : "Feature",
				"geometry" : {
					"type" : "Point",
					"coordinates" : [7.04115,44.86629]},
			"properties" : { "ANNO":"2010","ID_SEZIONE":"28728","ISTAT_COMUNE_SEZ":"1202","COMUNE_SEZ":"PRALI","PROVINCIA":"TO","ID_CENTRALE":"1044","NOME_CENTRALE":"PRALI","ISTAT_COMUNE_CENTR":"1202","COMUNE_CENTR":"PRALI","PROVINCIA_CENTR":"TO","INDIRIZZO_CENTRALE":"PZA PERRO->16","LATITUDINE_SEZIONE":"44.86629","LONGITUDINE_SEZIONE":"7.04115","POS_X_SEZIONE":"345253.39266","POS_Y_SEZIONE":"4969963.93116","LATITUDINE_CENTRALE":"44.90326","LONGITUDINE_CENTRALE":"7.05192","POS_X_CENTRALE":"346203.04359","POS_Y_CENTRALE":"4974049.81606","TIPO_ADSL":"NO","DESCRIZIONE_TIPO_ADSL":"NO Adsl","DISTANZA_CALCOLATA":"4194.79","CLASSE_DISTANZA":"4100-4499","POTENZA_SEGNALE":"","POPOLAZIONE_SEZIONE": ""}
			},
		 		{ "type" : "Feature",
				"geometry" : {
					"type" : "Point",
					"coordinates" : [7.07933,44.92519]},
			"properties" : { "ANNO":"2010","ID_SEZIONE":"28978","ISTAT_COMUNE_SEZ":"1202","COMUNE_SEZ":"PRALI","PROVINCIA":"TO","ID_CENTRALE":"1044","NOME_CENTRALE":"PRALI","ISTAT_COMUNE_CENTR":"1202","COMUNE_CENTR":"PRALI","PROVINCIA_CENTR":"TO","INDIRIZZO_CENTRALE":"PZA PERRO->16","LATITUDINE_SEZIONE":"44.92519","LONGITUDINE_SEZIONE":"7.07933","POS_X_SEZIONE":"348424.60751","POS_Y_SEZIONE":"4976434.03523","LATITUDINE_CENTRALE":"44.90326","LONGITUDINE_CENTRALE":"7.05192","POS_X_CENTRALE":"346203.04359","POS_Y_CENTRALE":"4974049.81606","TIPO_ADSL":"NO","DESCRIZIONE_TIPO_ADSL":"NO Adsl","DISTANZA_CALCOLATA":"3258.81","CLASSE_DISTANZA":"2900-3299","POTENZA_SEGNALE":"","POPOLAZIONE_SEZIONE": "1"}
			},
		 		{ "type" : "Feature",
				"geometry" : {
					"type" : "Point",
					"coordinates" : [7.08142,44.93790]},
			"properties" : { "ANNO":"2010","ID_SEZIONE":"29597","ISTAT_COMUNE_SEZ":"1202","COMUNE_SEZ":"PRALI","PROVINCIA":"TO","ID_CENTRALE":"1044","NOME_CENTRALE":"PRALI","ISTAT_COMUNE_CENTR":"1202","COMUNE_CENTR":"PRALI","PROVINCIA_CENTR":"TO","INDIRIZZO_CENTRALE":"PZA PERRO->16","LATITUDINE_SEZIONE":"44.93790","LONGITUDINE_SEZIONE":"7.08142","POS_X_SEZIONE":"348623.24457","POS_Y_SEZIONE":"4977842.05264","LATITUDINE_CENTRALE":"44.90326","LONGITUDINE_CENTRALE":"7.05192","POS_X_CENTRALE":"346203.04359","POS_Y_CENTRALE":"4974049.81606","TIPO_ADSL":"NO","DESCRIZIONE_TIPO_ADSL":"NO Adsl","DISTANZA_CALCOLATA":"4498.71","CLASSE_DISTANZA":"4100-4499","POTENZA_SEGNALE":"","POPOLAZIONE_SEZIONE": "18"}
			},
		 		{ "type" : "Feature",
				"geometry" : {
					"type" : "Point",
					"coordinates" : [7.06474,44.92495]},
			"properties" : { "ANNO":"2010","ID_SEZIONE":"30456","ISTAT_COMUNE_SEZ":"1202","COMUNE_SEZ":"PRALI","PROVINCIA":"TO","ID_CENTRALE":"1044","NOME_CENTRALE":"PRALI","ISTAT_COMUNE_CENTR":"1202","COMUNE_CENTR":"PRALI","PROVINCIA_CENTR":"TO","INDIRIZZO_CENTRALE":"PZA PERRO->16","LATITUDINE_SEZIONE":"44.92495","LONGITUDINE_SEZIONE":"7.06474","POS_X_SEZIONE":"347273.04220","POS_Y_SEZIONE":"4976435.02646","LATITUDINE_CENTRALE":"44.90326","LONGITUDINE_CENTRALE":"7.05192","POS_X_CENTRALE":"346203.04359","POS_Y_CENTRALE":"4974049.81606","TIPO_ADSL":"NO","DESCRIZIONE_TIPO_ADSL":"NO Adsl","DISTANZA_CALCOLATA":"2614.22","CLASSE_DISTANZA":"2500-2899","POTENZA_SEGNALE":"","POPOLAZIONE_SEZIONE": "6"}
			},
		 		{ "type" : "Feature",
				"geometry" : {
					"type" : "Point",
					"coordinates" : [7.03596,44.91689]},
			"properties" : { "ANNO":"2010","ID_SEZIONE":"31923","ISTAT_COMUNE_SEZ":"1202","COMUNE_SEZ":"PRALI","PROVINCIA":"TO","ID_CENTRALE":"1044","NOME_CENTRALE":"PRALI","ISTAT_COMUNE_CENTR":"1202","COMUNE_CENTR":"PRALI","PROVINCIA_CENTR":"TO","INDIRIZZO_CENTRALE":"PZA PERRO->16","LATITUDINE_SEZIONE":"44.91689","LONGITUDINE_SEZIONE":"7.03596","POS_X_SEZIONE":"344980.03791","POS_Y_SEZIONE":"4975594.50115","LATITUDINE_CENTRALE":"44.90326","LONGITUDINE_CENTRALE":"7.05192","POS_X_CENTRALE":"346203.04359","POS_Y_CENTRALE":"4974049.81606","TIPO_ADSL":"NO","DESCRIZIONE_TIPO_ADSL":"NO Adsl","DISTANZA_CALCOLATA":"1970.23","CLASSE_DISTANZA":"1700-2099","POTENZA_SEGNALE":"","POPOLAZIONE_SEZIONE": ""}
			},
		 		{ "type" : "Feature",
				"geometry" : {
					"type" : "Point",
					"coordinates" : [7.04350,44.91713]},
			"properties" : { "ANNO":"2010","ID_SEZIONE":"31943","ISTAT_COMUNE_SEZ":"1202","COMUNE_SEZ":"PRALI","PROVINCIA":"TO","ID_CENTRALE":"1044","NOME_CENTRALE":"PRALI","ISTAT_COMUNE_CENTR":"1202","COMUNE_CENTR":"PRALI","PROVINCIA_CENTR":"TO","INDIRIZZO_CENTRALE":"PZA PERRO->16","LATITUDINE_SEZIONE":"44.91713","LONGITUDINE_SEZIONE":"7.04350","POS_X_SEZIONE":"345575.88559","POS_Y_SEZIONE":"4975607.00521","LATITUDINE_CENTRALE":"44.90326","LONGITUDINE_CENTRALE":"7.05192","POS_X_CENTRALE":"346203.04359","POS_Y_CENTRALE":"4974049.81606","TIPO_ADSL":"NO","DESCRIZIONE_TIPO_ADSL":"NO Adsl","DISTANZA_CALCOLATA":"1678.74","CLASSE_DISTANZA":"1300-1699","POTENZA_SEGNALE":"","POPOLAZIONE_SEZIONE": "1"}
			},
		 		{ "type" : "Feature",
				"geometry" : {
					"type" : "Point",
					"coordinates" : [7.05044,44.88865]},
			"properties" : { "ANNO":"2010","ID_SEZIONE":"32100","ISTAT_COMUNE_SEZ":"1202","COMUNE_SEZ":"PRALI","PROVINCIA":"TO","ID_CENTRALE":"1044","NOME_CENTRALE":"PRALI","ISTAT_COMUNE_CENTR":"1202","COMUNE_CENTR":"PRALI","PROVINCIA_CENTR":"TO","INDIRIZZO_CENTRALE":"PZA PERRO->16","LATITUDINE_SEZIONE":"44.88865","LONGITUDINE_SEZIONE":"7.05044","POS_X_SEZIONE":"346047.30396","POS_Y_SEZIONE":"4972429.46870","LATITUDINE_CENTRALE":"44.90326","LONGITUDINE_CENTRALE":"7.05192","POS_X_CENTRALE":"346203.04359","POS_Y_CENTRALE":"4974049.81606","TIPO_ADSL":"NO","DESCRIZIONE_TIPO_ADSL":"NO Adsl","DISTANZA_CALCOLATA":"1627.81","CLASSE_DISTANZA":"1300-1699","POTENZA_SEGNALE":"","POPOLAZIONE_SEZIONE": "43"}
			}
		 		]
	}
		