 	{ "type" : "FeatureCollection",
		"features" : [
		 		{ "type" : "Feature",
				"geometry" : {
					"type" : "Point",
					"coordinates" : [8.33700,45.43745]},
			"properties" : { "ANNO":"2010","ID_SEZIONE":"1639","ISTAT_COMUNE_SEZ":"2163","COMUNE_SEZ":"VILLARBOIT","PROVINCIA":"VC","ID_CENTRALE":"1647","NOME_CENTRALE":"VILLARBOIT","ISTAT_COMUNE_CENTR":"2163","COMUNE_CENTR":"VILLARBOIT","PROVINCIA_CENTR":"VC","INDIRIZZO_CENTRALE":"PIAZZA XX SETTEMBRE","LATITUDINE_SEZIONE":"45.43745","LONGITUDINE_SEZIONE":"8.33700","POS_X_SEZIONE":"448144.83289","POS_Y_SEZIONE":"5031760.68770","LATITUDINE_CENTRALE":"45.43694","LONGITUDINE_CENTRALE":"8.33655","POS_X_CENTRALE":"448109.26915","POS_Y_CENTRALE":"5031704.25974","TIPO_ADSL":"NO","DESCRIZIONE_TIPO_ADSL":"NO Adsl","DISTANZA_CALCOLATA":"66.70","CLASSE_DISTANZA":"0-99","POTENZA_SEGNALE":"","POPOLAZIONE_SEZIONE": "324"}
			},
		 		{ "type" : "Feature",
				"geometry" : {
					"type" : "Point",
					"coordinates" : [8.33104,45.45898]},
			"properties" : { "ANNO":"2010","ID_SEZIONE":"8384","ISTAT_COMUNE_SEZ":"2163","COMUNE_SEZ":"VILLARBOIT","PROVINCIA":"VC","ID_CENTRALE":"1647","NOME_CENTRALE":"VILLARBOIT","ISTAT_COMUNE_CENTR":"2163","COMUNE_CENTR":"VILLARBOIT","PROVINCIA_CENTR":"VC","INDIRIZZO_CENTRALE":"PIAZZA XX SETTEMBRE","LATITUDINE_SEZIONE":"45.45898","LONGITUDINE_SEZIONE":"8.33104","POS_X_SEZIONE":"447698.14463","POS_Y_SEZIONE":"5034157.18050","LATITUDINE_CENTRALE":"45.43694","LONGITUDINE_CENTRALE":"8.33655","POS_X_CENTRALE":"448109.26915","POS_Y_CENTRALE":"5031704.25974","TIPO_ADSL":"NO","DESCRIZIONE_TIPO_ADSL":"NO Adsl","DISTANZA_CALCOLATA":"2487.14","CLASSE_DISTANZA":"2100-2499","POTENZA_SEGNALE":"","POPOLAZIONE_SEZIONE": "120"}
			},
		 		{ "type" : "Feature",
				"geometry" : {
					"type" : "Point",
					"coordinates" : [8.33092,45.44456]},
			"properties" : { "ANNO":"2010","ID_SEZIONE":"20467","ISTAT_COMUNE_SEZ":"2163","COMUNE_SEZ":"VILLARBOIT","PROVINCIA":"VC","ID_CENTRALE":"1647","NOME_CENTRALE":"VILLARBOIT","ISTAT_COMUNE_CENTR":"2163","COMUNE_CENTR":"VILLARBOIT","PROVINCIA_CENTR":"VC","INDIRIZZO_CENTRALE":"PIAZZA XX SETTEMBRE","LATITUDINE_SEZIONE":"45.44456","LONGITUDINE_SEZIONE":"8.33092","POS_X_SEZIONE":"447675.34578","POS_Y_SEZIONE":"5032554.68143","LATITUDINE_CENTRALE":"45.43694","LONGITUDINE_CENTRALE":"8.33655","POS_X_CENTRALE":"448109.26915","POS_Y_CENTRALE":"5031704.25974","TIPO_ADSL":"NO","DESCRIZIONE_TIPO_ADSL":"NO Adsl","DISTANZA_CALCOLATA":"954.73","CLASSE_DISTANZA":"900-1299","POTENZA_SEGNALE":"","POPOLAZIONE_SEZIONE": "91"}
			},
		 		{ "type" : "Feature",
				"geometry" : {
					"type" : "Point",
					"coordinates" : [8.32481,45.40893]},
			"properties" : { "ANNO":"2010","ID_SEZIONE":"26964","ISTAT_COMUNE_SEZ":"2163","COMUNE_SEZ":"VILLARBOIT","PROVINCIA":"VC","ID_CENTRALE":"1647","NOME_CENTRALE":"VILLARBOIT","ISTAT_COMUNE_CENTR":"2163","COMUNE_CENTR":"VILLARBOIT","PROVINCIA_CENTR":"VC","INDIRIZZO_CENTRALE":"PIAZZA XX SETTEMBRE","LATITUDINE_SEZIONE":"45.40893","LONGITUDINE_SEZIONE":"8.32481","POS_X_SEZIONE":"447164.26892","POS_Y_SEZIONE":"5028600.66875","LATITUDINE_CENTRALE":"45.43694","LONGITUDINE_CENTRALE":"8.33655","POS_X_CENTRALE":"448109.26915","POS_Y_CENTRALE":"5031704.25974","TIPO_ADSL":"NO","DESCRIZIONE_TIPO_ADSL":"NO Adsl","DISTANZA_CALCOLATA":"3244.27","CLASSE_DISTANZA":"2900-3299","POTENZA_SEGNALE":"","POPOLAZIONE_SEZIONE": "12"}
			}
		 		]
	}
		