 	{ "type" : "FeatureCollection",
		"features" : [
		 		{ "type" : "Feature",
				"geometry" : {
					"type" : "Point",
					"coordinates" : [7.72124,45.32881]},
			"properties" : { "ANNO":"2010","ID_SEZIONE":"830","ISTAT_COMUNE_SEZ":"1217","COMUNE_SEZ":"RIVAROLO CANAVESE","PROVINCIA":"TO","ID_CENTRALE":"1107","NOME_CENTRALE":"RIVAROLO CANAVESE","ISTAT_COMUNE_CENTR":"1217","COMUNE_CENTR":"RIVAROLO CANAVESE","PROVINCIA_CENTR":"TO","INDIRIZZO_CENTRALE":"GIACOSA 6","LATITUDINE_SEZIONE":"45.32881","LONGITUDINE_SEZIONE":"7.72124","POS_X_SEZIONE":"399792.33979","POS_Y_SEZIONE":"5020273.34561","LATITUDINE_CENTRALE":"45.32977","LONGITUDINE_CENTRALE":"7.72356","POS_X_CENTRALE":"399975.41940","POS_Y_CENTRALE":"5020377.06653","TIPO_ADSL":"ADSL_2P","DESCRIZIONE_TIPO_ADSL":"ADSL 2+ (24 mega)","DISTANZA_CALCOLATA":"210.42","CLASSE_DISTANZA":"100-499","POTENZA_SEGNALE":"19761.67","POPOLAZIONE_SEZIONE": "653"}
			},
		 		{ "type" : "Feature",
				"geometry" : {
					"type" : "Point",
					"coordinates" : [7.71065,45.31739]},
			"properties" : { "ANNO":"2010","ID_SEZIONE":"832","ISTAT_COMUNE_SEZ":"1217","COMUNE_SEZ":"RIVAROLO CANAVESE","PROVINCIA":"TO","ID_CENTRALE":"1107","NOME_CENTRALE":"RIVAROLO CANAVESE","ISTAT_COMUNE_CENTR":"1217","COMUNE_CENTR":"RIVAROLO CANAVESE","PROVINCIA_CENTR":"TO","INDIRIZZO_CENTRALE":"GIACOSA 6","LATITUDINE_SEZIONE":"45.31739","LONGITUDINE_SEZIONE":"7.71065","POS_X_SEZIONE":"398942.00097","POS_Y_SEZIONE":"5019018.33377","LATITUDINE_CENTRALE":"45.32977","LONGITUDINE_CENTRALE":"7.72356","POS_X_CENTRALE":"399975.41940","POS_Y_CENTRALE":"5020377.06653","TIPO_ADSL":"ADSL_2P","DESCRIZIONE_TIPO_ADSL":"ADSL 2+ (24 mega)","DISTANZA_CALCOLATA":"1707.08","CLASSE_DISTANZA":"1700-2099","POTENZA_SEGNALE":"12975.83","POPOLAZIONE_SEZIONE": "17"}
			},
		 		{ "type" : "Feature",
				"geometry" : {
					"type" : "Point",
					"coordinates" : [7.71351,45.30260]},
			"properties" : { "ANNO":"2010","ID_SEZIONE":"834","ISTAT_COMUNE_SEZ":"1217","COMUNE_SEZ":"RIVAROLO CANAVESE","PROVINCIA":"TO","ID_CENTRALE":"1107","NOME_CENTRALE":"RIVAROLO CANAVESE","ISTAT_COMUNE_CENTR":"1217","COMUNE_CENTR":"RIVAROLO CANAVESE","PROVINCIA_CENTR":"TO","INDIRIZZO_CENTRALE":"GIACOSA 6","LATITUDINE_SEZIONE":"45.30260","LONGITUDINE_SEZIONE":"7.71351","POS_X_SEZIONE":"399140.04001","POS_Y_SEZIONE":"5017371.32807","LATITUDINE_CENTRALE":"45.32977","LONGITUDINE_CENTRALE":"7.72356","POS_X_CENTRALE":"399975.41940","POS_Y_CENTRALE":"5020377.06653","TIPO_ADSL":"ADSL_2P","DESCRIZIONE_TIPO_ADSL":"ADSL 2+ (24 mega)","DISTANZA_CALCOLATA":"3119.67","CLASSE_DISTANZA":"2900-3299","POTENZA_SEGNALE":"5238.33","POPOLAZIONE_SEZIONE": "26"}
			},
		 		{ "type" : "Feature",
				"geometry" : {
					"type" : "Point",
					"coordinates" : [7.71982,45.29001]},
			"properties" : { "ANNO":"2010","ID_SEZIONE":"1776","ISTAT_COMUNE_SEZ":"1217","COMUNE_SEZ":"RIVAROLO CANAVESE","PROVINCIA":"TO","ID_CENTRALE":"1107","NOME_CENTRALE":"RIVAROLO CANAVESE","ISTAT_COMUNE_CENTR":"1217","COMUNE_CENTR":"RIVAROLO CANAVESE","PROVINCIA_CENTR":"TO","INDIRIZZO_CENTRALE":"GIACOSA 6","LATITUDINE_SEZIONE":"45.29001","LONGITUDINE_SEZIONE":"7.71982","POS_X_SEZIONE":"399612.91809","POS_Y_SEZIONE":"5015964.82464","LATITUDINE_CENTRALE":"45.32977","LONGITUDINE_CENTRALE":"7.72356","POS_X_CENTRALE":"399975.41940","POS_Y_CENTRALE":"5020377.06653","TIPO_ADSL":"ADSL_2P","DESCRIZIONE_TIPO_ADSL":"ADSL 2+ (24 mega)","DISTANZA_CALCOLATA":"4427.11","CLASSE_DISTANZA":"4100-4499","POTENZA_SEGNALE":"2024.17","POPOLAZIONE_SEZIONE": "91"}
			},
		 		{ "type" : "Feature",
				"geometry" : {
					"type" : "Point",
					"coordinates" : [7.73050,45.26297]},
			"properties" : { "ANNO":"2010","ID_SEZIONE":"1782","ISTAT_COMUNE_SEZ":"1217","COMUNE_SEZ":"RIVAROLO CANAVESE","PROVINCIA":"TO","ID_CENTRALE":"1107","NOME_CENTRALE":"RIVAROLO CANAVESE","ISTAT_COMUNE_CENTR":"1217","COMUNE_CENTR":"RIVAROLO CANAVESE","PROVINCIA_CENTR":"TO","INDIRIZZO_CENTRALE":"GIACOSA 6","LATITUDINE_SEZIONE":"45.26297","LONGITUDINE_SEZIONE":"7.73050","POS_X_SEZIONE":"400402.39393","POS_Y_SEZIONE":"5012947.81600","LATITUDINE_CENTRALE":"45.32977","LONGITUDINE_CENTRALE":"7.72356","POS_X_CENTRALE":"399975.41940","POS_Y_CENTRALE":"5020377.06653","TIPO_ADSL":"ADSL_2P","DESCRIZIONE_TIPO_ADSL":"ADSL 2+ (24 mega)","DISTANZA_CALCOLATA":"7441.51","CLASSE_DISTANZA":"6100 e oltre","POTENZA_SEGNALE":"0.00","POPOLAZIONE_SEZIONE": "11"}
			},
		 		{ "type" : "Feature",
				"geometry" : {
					"type" : "Point",
					"coordinates" : [7.71040,45.34300]},
			"properties" : { "ANNO":"2010","ID_SEZIONE":"2501","ISTAT_COMUNE_SEZ":"1217","COMUNE_SEZ":"RIVAROLO CANAVESE","PROVINCIA":"TO","ID_CENTRALE":"1107","NOME_CENTRALE":"RIVAROLO CANAVESE","ISTAT_COMUNE_CENTR":"1217","COMUNE_CENTR":"RIVAROLO CANAVESE","PROVINCIA_CENTR":"TO","INDIRIZZO_CENTRALE":"GIACOSA 6","LATITUDINE_SEZIONE":"45.34300","LONGITUDINE_SEZIONE":"7.71040","POS_X_SEZIONE":"398968.47598","POS_Y_SEZIONE":"5021863.34522","LATITUDINE_CENTRALE":"45.32977","LONGITUDINE_CENTRALE":"7.72356","POS_X_CENTRALE":"399975.41940","POS_Y_CENTRALE":"5020377.06653","TIPO_ADSL":"ADSL_2P","DESCRIZIONE_TIPO_ADSL":"ADSL 2+ (24 mega)","DISTANZA_CALCOLATA":"1795.26","CLASSE_DISTANZA":"1700-2099","POTENZA_SEGNALE":"12975.83","POPOLAZIONE_SEZIONE": "562"}
			},
		 		{ "type" : "Feature",
				"geometry" : {
					"type" : "Point",
					"coordinates" : [7.71262,45.31100]},
			"properties" : { "ANNO":"2010","ID_SEZIONE":"2508","ISTAT_COMUNE_SEZ":"1217","COMUNE_SEZ":"RIVAROLO CANAVESE","PROVINCIA":"TO","ID_CENTRALE":"1107","NOME_CENTRALE":"RIVAROLO CANAVESE","ISTAT_COMUNE_CENTR":"1217","COMUNE_CENTR":"RIVAROLO CANAVESE","PROVINCIA_CENTR":"TO","INDIRIZZO_CENTRALE":"GIACOSA 6","LATITUDINE_SEZIONE":"45.31100","LONGITUDINE_SEZIONE":"7.71262","POS_X_SEZIONE":"399084.98926","POS_Y_SEZIONE":"5018305.83149","LATITUDINE_CENTRALE":"45.32977","LONGITUDINE_CENTRALE":"7.72356","POS_X_CENTRALE":"399975.41940","POS_Y_CENTRALE":"5020377.06653","TIPO_ADSL":"ADSL_2P","DESCRIZIONE_TIPO_ADSL":"ADSL 2+ (24 mega)","DISTANZA_CALCOLATA":"2254.52","CLASSE_DISTANZA":"2100-2499","POTENZA_SEGNALE":"10000","POPOLAZIONE_SEZIONE": "44"}
			},
		 		{ "type" : "Feature",
				"geometry" : {
					"type" : "Point",
					"coordinates" : [7.70832,45.31618]},
			"properties" : { "ANNO":"2010","ID_SEZIONE":"2509","ISTAT_COMUNE_SEZ":"1217","COMUNE_SEZ":"RIVAROLO CANAVESE","PROVINCIA":"TO","ID_CENTRALE":"1107","NOME_CENTRALE":"RIVAROLO CANAVESE","ISTAT_COMUNE_CENTR":"1217","COMUNE_CENTR":"RIVAROLO CANAVESE","PROVINCIA_CENTR":"TO","INDIRIZZO_CENTRALE":"GIACOSA 6","LATITUDINE_SEZIONE":"45.31618","LONGITUDINE_SEZIONE":"7.70832","POS_X_SEZIONE":"398757.00410","POS_Y_SEZIONE":"5018886.83220","LATITUDINE_CENTRALE":"45.32977","LONGITUDINE_CENTRALE":"7.72356","POS_X_CENTRALE":"399975.41940","POS_Y_CENTRALE":"5020377.06653","TIPO_ADSL":"ADSL_2P","DESCRIZIONE_TIPO_ADSL":"ADSL 2+ (24 mega)","DISTANZA_CALCOLATA":"1924.92","CLASSE_DISTANZA":"1700-2099","POTENZA_SEGNALE":"12975.83","POPOLAZIONE_SEZIONE": "53"}
			},
		 		{ "type" : "Feature",
				"geometry" : {
					"type" : "Point",
					"coordinates" : [7.74553,45.34922]},
			"properties" : { "ANNO":"2010","ID_SEZIONE":"4132","ISTAT_COMUNE_SEZ":"1176","COMUNE_SEZ":"OZEGNA","PROVINCIA":"TO","ID_CENTRALE":"1107","NOME_CENTRALE":"RIVAROLO CANAVESE","ISTAT_COMUNE_CENTR":"1217","COMUNE_CENTR":"RIVAROLO CANAVESE","PROVINCIA_CENTR":"TO","INDIRIZZO_CENTRALE":"GIACOSA 6","LATITUDINE_SEZIONE":"45.34922","LONGITUDINE_SEZIONE":"7.74553","POS_X_SEZIONE":"401730.86088","POS_Y_SEZIONE":"5022510.36935","LATITUDINE_CENTRALE":"45.32977","LONGITUDINE_CENTRALE":"7.72356","POS_X_CENTRALE":"399975.41940","POS_Y_CENTRALE":"5020377.06653","TIPO_ADSL":"ADSL_2P","DESCRIZIONE_TIPO_ADSL":"ADSL 2+ (24 mega)","DISTANZA_CALCOLATA":"2762.71","CLASSE_DISTANZA":"2500-2899","POTENZA_SEGNALE":"7380.83","POPOLAZIONE_SEZIONE": "1031"}
			},
		 		{ "type" : "Feature",
				"geometry" : {
					"type" : "Point",
					"coordinates" : [7.72523,45.32608]},
			"properties" : { "ANNO":"2010","ID_SEZIONE":"4696","ISTAT_COMUNE_SEZ":"1217","COMUNE_SEZ":"RIVAROLO CANAVESE","PROVINCIA":"TO","ID_CENTRALE":"1107","NOME_CENTRALE":"RIVAROLO CANAVESE","ISTAT_COMUNE_CENTR":"1217","COMUNE_CENTR":"RIVAROLO CANAVESE","PROVINCIA_CENTR":"TO","INDIRIZZO_CENTRALE":"GIACOSA 6","LATITUDINE_SEZIONE":"45.32608","LONGITUDINE_SEZIONE":"7.72523","POS_X_SEZIONE":"400100.54791","POS_Y_SEZIONE":"5019965.34637","LATITUDINE_CENTRALE":"45.32977","LONGITUDINE_CENTRALE":"7.72356","POS_X_CENTRALE":"399975.41940","POS_Y_CENTRALE":"5020377.06653","TIPO_ADSL":"ADSL_2P","DESCRIZIONE_TIPO_ADSL":"ADSL 2+ (24 mega)","DISTANZA_CALCOLATA":"430.31","CLASSE_DISTANZA":"100-499","POTENZA_SEGNALE":"19761.67","POPOLAZIONE_SEZIONE": "854"}
			},
		 		{ "type" : "Feature",
				"geometry" : {
					"type" : "Point",
					"coordinates" : [7.72578,45.32358]},
			"properties" : { "ANNO":"2010","ID_SEZIONE":"4946","ISTAT_COMUNE_SEZ":"1217","COMUNE_SEZ":"RIVAROLO CANAVESE","PROVINCIA":"TO","ID_CENTRALE":"1107","NOME_CENTRALE":"RIVAROLO CANAVESE","ISTAT_COMUNE_CENTR":"1217","COMUNE_CENTR":"RIVAROLO CANAVESE","PROVINCIA_CENTR":"TO","INDIRIZZO_CENTRALE":"GIACOSA 6","LATITUDINE_SEZIONE":"45.32358","LONGITUDINE_SEZIONE":"7.72578","POS_X_SEZIONE":"400138.73031","POS_Y_SEZIONE":"5019686.34529","LATITUDINE_CENTRALE":"45.32977","LONGITUDINE_CENTRALE":"7.72356","POS_X_CENTRALE":"399975.41940","POS_Y_CENTRALE":"5020377.06653","TIPO_ADSL":"ADSL_2P","DESCRIZIONE_TIPO_ADSL":"ADSL 2+ (24 mega)","DISTANZA_CALCOLATA":"709.76","CLASSE_DISTANZA":"500-899","POTENZA_SEGNALE":"19523.33","POPOLAZIONE_SEZIONE": "720"}
			},
		 		{ "type" : "Feature",
				"geometry" : {
					"type" : "Point",
					"coordinates" : [7.71088,45.29462]},
			"properties" : { "ANNO":"2010","ID_SEZIONE":"4947","ISTAT_COMUNE_SEZ":"1217","COMUNE_SEZ":"RIVAROLO CANAVESE","PROVINCIA":"TO","ID_CENTRALE":"1107","NOME_CENTRALE":"RIVAROLO CANAVESE","ISTAT_COMUNE_CENTR":"1217","COMUNE_CENTR":"RIVAROLO CANAVESE","PROVINCIA_CENTR":"TO","INDIRIZZO_CENTRALE":"GIACOSA 6","LATITUDINE_SEZIONE":"45.29462","LONGITUDINE_SEZIONE":"7.71088","POS_X_SEZIONE":"398919.87950","POS_Y_SEZIONE":"5016487.82240","LATITUDINE_CENTRALE":"45.32977","LONGITUDINE_CENTRALE":"7.72356","POS_X_CENTRALE":"399975.41940","POS_Y_CENTRALE":"5020377.06653","TIPO_ADSL":"ADSL_2P","DESCRIZIONE_TIPO_ADSL":"ADSL 2+ (24 mega)","DISTANZA_CALCOLATA":"4029.94","CLASSE_DISTANZA":"3700-4099","POTENZA_SEGNALE":"2857.5","POPOLAZIONE_SEZIONE": "55"}
			},
		 		{ "type" : "Feature",
				"geometry" : {
					"type" : "Point",
					"coordinates" : [7.71445,45.30666]},
			"properties" : { "ANNO":"2010","ID_SEZIONE":"5318","ISTAT_COMUNE_SEZ":"1217","COMUNE_SEZ":"RIVAROLO CANAVESE","PROVINCIA":"TO","ID_CENTRALE":"1107","NOME_CENTRALE":"RIVAROLO CANAVESE","ISTAT_COMUNE_CENTR":"1217","COMUNE_CENTR":"RIVAROLO CANAVESE","PROVINCIA_CENTR":"TO","INDIRIZZO_CENTRALE":"GIACOSA 6","LATITUDINE_SEZIONE":"45.30666","LONGITUDINE_SEZIONE":"7.71445","POS_X_SEZIONE":"399220.57454","POS_Y_SEZIONE":"5017820.83079","LATITUDINE_CENTRALE":"45.32977","LONGITUDINE_CENTRALE":"7.72356","POS_X_CENTRALE":"399975.41940","POS_Y_CENTRALE":"5020377.06653","TIPO_ADSL":"ADSL_2P","DESCRIZIONE_TIPO_ADSL":"ADSL 2+ (24 mega)","DISTANZA_CALCOLATA":"2665.36","CLASSE_DISTANZA":"2500-2899","POTENZA_SEGNALE":"7380.83","POPOLAZIONE_SEZIONE": "60"}
			},
		 		{ "type" : "Feature",
				"geometry" : {
					"type" : "Point",
					"coordinates" : [7.70967,45.29664]},
			"properties" : { "ANNO":"2010","ID_SEZIONE":"5805","ISTAT_COMUNE_SEZ":"1217","COMUNE_SEZ":"RIVAROLO CANAVESE","PROVINCIA":"TO","ID_CENTRALE":"1107","NOME_CENTRALE":"RIVAROLO CANAVESE","ISTAT_COMUNE_CENTR":"1217","COMUNE_CENTR":"RIVAROLO CANAVESE","PROVINCIA_CENTR":"TO","INDIRIZZO_CENTRALE":"GIACOSA 6","LATITUDINE_SEZIONE":"45.29664","LONGITUDINE_SEZIONE":"7.70967","POS_X_SEZIONE":"398828.04001","POS_Y_SEZIONE":"5016714.32301","LATITUDINE_CENTRALE":"45.32977","LONGITUDINE_CENTRALE":"7.72356","POS_X_CENTRALE":"399975.41940","POS_Y_CENTRALE":"5020377.06653","TIPO_ADSL":"ADSL_2P","DESCRIZIONE_TIPO_ADSL":"ADSL 2+ (24 mega)","DISTANZA_CALCOLATA":"3838.25","CLASSE_DISTANZA":"3700-4099","POTENZA_SEGNALE":"2857.5","POPOLAZIONE_SEZIONE": "23"}
			},
		 		{ "type" : "Feature",
				"geometry" : {
					"type" : "Point",
					"coordinates" : [7.72402,45.34697]},
			"properties" : { "ANNO":"2010","ID_SEZIONE":"6984","ISTAT_COMUNE_SEZ":"1217","COMUNE_SEZ":"RIVAROLO CANAVESE","PROVINCIA":"TO","ID_CENTRALE":"1107","NOME_CENTRALE":"RIVAROLO CANAVESE","ISTAT_COMUNE_CENTR":"1217","COMUNE_CENTR":"RIVAROLO CANAVESE","PROVINCIA_CENTR":"TO","INDIRIZZO_CENTRALE":"GIACOSA 6","LATITUDINE_SEZIONE":"45.34697","LONGITUDINE_SEZIONE":"7.72402","POS_X_SEZIONE":"400042.02068","POS_Y_SEZIONE":"5022287.85518","LATITUDINE_CENTRALE":"45.32977","LONGITUDINE_CENTRALE":"7.72356","POS_X_CENTRALE":"399975.41940","POS_Y_CENTRALE":"5020377.06653","TIPO_ADSL":"ADSL_2P","DESCRIZIONE_TIPO_ADSL":"ADSL 2+ (24 mega)","DISTANZA_CALCOLATA":"1911.95","CLASSE_DISTANZA":"1700-2099","POTENZA_SEGNALE":"12975.83","POPOLAZIONE_SEZIONE": "32"}
			},
		 		{ "type" : "Feature",
				"geometry" : {
					"type" : "Point",
					"coordinates" : [7.71654,45.29564]},
			"properties" : { "ANNO":"2010","ID_SEZIONE":"8283","ISTAT_COMUNE_SEZ":"1217","COMUNE_SEZ":"RIVAROLO CANAVESE","PROVINCIA":"TO","ID_CENTRALE":"1107","NOME_CENTRALE":"RIVAROLO CANAVESE","ISTAT_COMUNE_CENTR":"1217","COMUNE_CENTR":"RIVAROLO CANAVESE","PROVINCIA_CENTR":"TO","INDIRIZZO_CENTRALE":"GIACOSA 6","LATITUDINE_SEZIONE":"45.29564","LONGITUDINE_SEZIONE":"7.71654","POS_X_SEZIONE":"399365.30670","POS_Y_SEZIONE":"5016594.32608","LATITUDINE_CENTRALE":"45.32977","LONGITUDINE_CENTRALE":"7.72356","POS_X_CENTRALE":"399975.41940","POS_Y_CENTRALE":"5020377.06653","TIPO_ADSL":"ADSL_2P","DESCRIZIONE_TIPO_ADSL":"ADSL 2+ (24 mega)","DISTANZA_CALCOLATA":"3831.63","CLASSE_DISTANZA":"3700-4099","POTENZA_SEGNALE":"2857.5","POPOLAZIONE_SEZIONE": "53"}
			},
		 		{ "type" : "Feature",
				"geometry" : {
					"type" : "Point",
					"coordinates" : [7.72473,45.33347]},
			"properties" : { "ANNO":"2010","ID_SEZIONE":"8601","ISTAT_COMUNE_SEZ":"1217","COMUNE_SEZ":"RIVAROLO CANAVESE","PROVINCIA":"TO","ID_CENTRALE":"1107","NOME_CENTRALE":"RIVAROLO CANAVESE","ISTAT_COMUNE_CENTR":"1217","COMUNE_CENTR":"RIVAROLO CANAVESE","PROVINCIA_CENTR":"TO","INDIRIZZO_CENTRALE":"GIACOSA 6","LATITUDINE_SEZIONE":"45.33347","LONGITUDINE_SEZIONE":"7.72473","POS_X_SEZIONE":"400073.71399","POS_Y_SEZIONE":"5020786.84986","LATITUDINE_CENTRALE":"45.32977","LONGITUDINE_CENTRALE":"7.72356","POS_X_CENTRALE":"399975.41940","POS_Y_CENTRALE":"5020377.06653","TIPO_ADSL":"ADSL_2P","DESCRIZIONE_TIPO_ADSL":"ADSL 2+ (24 mega)","DISTANZA_CALCOLATA":"421.41","CLASSE_DISTANZA":"100-499","POTENZA_SEGNALE":"19761.67","POPOLAZIONE_SEZIONE": "542"}
			},
		 		{ "type" : "Feature",
				"geometry" : {
					"type" : "Point",
					"coordinates" : [7.72843,45.29259]},
			"properties" : { "ANNO":"2010","ID_SEZIONE":"8668","ISTAT_COMUNE_SEZ":"1217","COMUNE_SEZ":"RIVAROLO CANAVESE","PROVINCIA":"TO","ID_CENTRALE":"1107","NOME_CENTRALE":"RIVAROLO CANAVESE","ISTAT_COMUNE_CENTR":"1217","COMUNE_CENTR":"RIVAROLO CANAVESE","PROVINCIA_CENTR":"TO","INDIRIZZO_CENTRALE":"GIACOSA 6","LATITUDINE_SEZIONE":"45.29259","LONGITUDINE_SEZIONE":"7.72843","POS_X_SEZIONE":"400291.99905","POS_Y_SEZIONE":"5016240.33082","LATITUDINE_CENTRALE":"45.32977","LONGITUDINE_CENTRALE":"7.72356","POS_X_CENTRALE":"399975.41940","POS_Y_CENTRALE":"5020377.06653","TIPO_ADSL":"ADSL_2P","DESCRIZIONE_TIPO_ADSL":"ADSL 2+ (24 mega)","DISTANZA_CALCOLATA":"4148.83","CLASSE_DISTANZA":"4100-4499","POTENZA_SEGNALE":"2024.17","POPOLAZIONE_SEZIONE": "25"}
			},
		 		{ "type" : "Feature",
				"geometry" : {
					"type" : "Point",
					"coordinates" : [7.76858,45.34188]},
			"properties" : { "ANNO":"2010","ID_SEZIONE":"9979","ISTAT_COMUNE_SEZ":"1176","COMUNE_SEZ":"OZEGNA","PROVINCIA":"TO","ID_CENTRALE":"1107","NOME_CENTRALE":"RIVAROLO CANAVESE","ISTAT_COMUNE_CENTR":"1217","COMUNE_CENTR":"RIVAROLO CANAVESE","PROVINCIA_CENTR":"TO","INDIRIZZO_CENTRALE":"GIACOSA 6","LATITUDINE_SEZIONE":"45.34188","LONGITUDINE_SEZIONE":"7.76858","POS_X_SEZIONE":"403524.49313","POS_Y_SEZIONE":"5021667.37978","LATITUDINE_CENTRALE":"45.32977","LONGITUDINE_CENTRALE":"7.72356","POS_X_CENTRALE":"399975.41940","POS_Y_CENTRALE":"5020377.06653","TIPO_ADSL":"ADSL_2P","DESCRIZIONE_TIPO_ADSL":"ADSL 2+ (24 mega)","DISTANZA_CALCOLATA":"3776.35","CLASSE_DISTANZA":"3700-4099","POTENZA_SEGNALE":"2857.5","POPOLAZIONE_SEZIONE": "1"}
			},
		 		{ "type" : "Feature",
				"geometry" : {
					"type" : "Point",
					"coordinates" : [7.73309,45.31028]},
			"properties" : { "ANNO":"2010","ID_SEZIONE":"10354","ISTAT_COMUNE_SEZ":"1217","COMUNE_SEZ":"RIVAROLO CANAVESE","PROVINCIA":"TO","ID_CENTRALE":"1107","NOME_CENTRALE":"RIVAROLO CANAVESE","ISTAT_COMUNE_CENTR":"1217","COMUNE_CENTR":"RIVAROLO CANAVESE","PROVINCIA_CENTR":"TO","INDIRIZZO_CENTRALE":"GIACOSA 6","LATITUDINE_SEZIONE":"45.31028","LONGITUDINE_SEZIONE":"7.73309","POS_X_SEZIONE":"400688.51284","POS_Y_SEZIONE":"5018199.84237","LATITUDINE_CENTRALE":"45.32977","LONGITUDINE_CENTRALE":"7.72356","POS_X_CENTRALE":"399975.41940","POS_Y_CENTRALE":"5020377.06653","TIPO_ADSL":"ADSL_2P","DESCRIZIONE_TIPO_ADSL":"ADSL 2+ (24 mega)","DISTANZA_CALCOLATA":"2291.03","CLASSE_DISTANZA":"2100-2499","POTENZA_SEGNALE":"10000","POPOLAZIONE_SEZIONE": ""}
			},
		 		{ "type" : "Feature",
				"geometry" : {
					"type" : "Point",
					"coordinates" : [7.73292,45.28554]},
			"properties" : { "ANNO":"2010","ID_SEZIONE":"10680","ISTAT_COMUNE_SEZ":"1217","COMUNE_SEZ":"RIVAROLO CANAVESE","PROVINCIA":"TO","ID_CENTRALE":"1107","NOME_CENTRALE":"RIVAROLO CANAVESE","ISTAT_COMUNE_CENTR":"1217","COMUNE_CENTR":"RIVAROLO CANAVESE","PROVINCIA_CENTR":"TO","INDIRIZZO_CENTRALE":"GIACOSA 6","LATITUDINE_SEZIONE":"45.28554","LONGITUDINE_SEZIONE":"7.73292","POS_X_SEZIONE":"400632.26196","POS_Y_SEZIONE":"5015452.32903","LATITUDINE_CENTRALE":"45.32977","LONGITUDINE_CENTRALE":"7.72356","POS_X_CENTRALE":"399975.41940","POS_Y_CENTRALE":"5020377.06653","TIPO_ADSL":"ADSL_2P","DESCRIZIONE_TIPO_ADSL":"ADSL 2+ (24 mega)","DISTANZA_CALCOLATA":"4968.35","CLASSE_DISTANZA":"4900-5299","POTENZA_SEGNALE":"952.50","POPOLAZIONE_SEZIONE": "51"}
			},
		 		{ "type" : "Feature",
				"geometry" : {
					"type" : "Point",
					"coordinates" : [7.70559,45.34278]},
			"properties" : { "ANNO":"2010","ID_SEZIONE":"10912","ISTAT_COMUNE_SEZ":"1217","COMUNE_SEZ":"RIVAROLO CANAVESE","PROVINCIA":"TO","ID_CENTRALE":"1107","NOME_CENTRALE":"RIVAROLO CANAVESE","ISTAT_COMUNE_CENTR":"1217","COMUNE_CENTR":"RIVAROLO CANAVESE","PROVINCIA_CENTR":"TO","INDIRIZZO_CENTRALE":"GIACOSA 6","LATITUDINE_SEZIONE":"45.34278","LONGITUDINE_SEZIONE":"7.70559","POS_X_SEZIONE":"398591.04647","POS_Y_SEZIONE":"5021845.34228","LATITUDINE_CENTRALE":"45.32977","LONGITUDINE_CENTRALE":"7.72356","POS_X_CENTRALE":"399975.41940","POS_Y_CENTRALE":"5020377.06653","TIPO_ADSL":"ADSL_2P","DESCRIZIONE_TIPO_ADSL":"ADSL 2+ (24 mega)","DISTANZA_CALCOLATA":"2018","CLASSE_DISTANZA":"1700-2099","POTENZA_SEGNALE":"12975.83","POPOLAZIONE_SEZIONE": ""}
			},
		 		{ "type" : "Feature",
				"geometry" : {
					"type" : "Point",
					"coordinates" : [7.71265,45.33816]},
			"properties" : { "ANNO":"2010","ID_SEZIONE":"12782","ISTAT_COMUNE_SEZ":"1217","COMUNE_SEZ":"RIVAROLO CANAVESE","PROVINCIA":"TO","ID_CENTRALE":"1107","NOME_CENTRALE":"RIVAROLO CANAVESE","ISTAT_COMUNE_CENTR":"1217","COMUNE_CENTR":"RIVAROLO CANAVESE","PROVINCIA_CENTR":"TO","INDIRIZZO_CENTRALE":"GIACOSA 6","LATITUDINE_SEZIONE":"45.33816","LONGITUDINE_SEZIONE":"7.71265","POS_X_SEZIONE":"399135.90049","POS_Y_SEZIONE":"5021322.84474","LATITUDINE_CENTRALE":"45.32977","LONGITUDINE_CENTRALE":"7.72356","POS_X_CENTRALE":"399975.41940","POS_Y_CENTRALE":"5020377.06653","TIPO_ADSL":"ADSL_2P","DESCRIZIONE_TIPO_ADSL":"ADSL 2+ (24 mega)","DISTANZA_CALCOLATA":"1264.63","CLASSE_DISTANZA":"900-1299","POTENZA_SEGNALE":"17737.5","POPOLAZIONE_SEZIONE": "801"}
			},
		 		{ "type" : "Feature",
				"geometry" : {
					"type" : "Point",
					"coordinates" : [7.72299,45.33559]},
			"properties" : { "ANNO":"2010","ID_SEZIONE":"12783","ISTAT_COMUNE_SEZ":"1217","COMUNE_SEZ":"RIVAROLO CANAVESE","PROVINCIA":"TO","ID_CENTRALE":"1107","NOME_CENTRALE":"RIVAROLO CANAVESE","ISTAT_COMUNE_CENTR":"1217","COMUNE_CENTR":"RIVAROLO CANAVESE","PROVINCIA_CENTR":"TO","INDIRIZZO_CENTRALE":"GIACOSA 6","LATITUDINE_SEZIONE":"45.33559","LONGITUDINE_SEZIONE":"7.72299","POS_X_SEZIONE":"399941.22068","POS_Y_SEZIONE":"5021024.34977","LATITUDINE_CENTRALE":"45.32977","LONGITUDINE_CENTRALE":"7.72356","POS_X_CENTRALE":"399975.41940","POS_Y_CENTRALE":"5020377.06653","TIPO_ADSL":"ADSL_2P","DESCRIZIONE_TIPO_ADSL":"ADSL 2+ (24 mega)","DISTANZA_CALCOLATA":"648.19","CLASSE_DISTANZA":"500-899","POTENZA_SEGNALE":"19523.33","POPOLAZIONE_SEZIONE": "539"}
			},
		 		{ "type" : "Feature",
				"geometry" : {
					"type" : "Point",
					"coordinates" : [7.71658,45.33206]},
			"properties" : { "ANNO":"2010","ID_SEZIONE":"12786","ISTAT_COMUNE_SEZ":"1217","COMUNE_SEZ":"RIVAROLO CANAVESE","PROVINCIA":"TO","ID_CENTRALE":"1107","NOME_CENTRALE":"RIVAROLO CANAVESE","ISTAT_COMUNE_CENTR":"1217","COMUNE_CENTR":"RIVAROLO CANAVESE","PROVINCIA_CENTR":"TO","INDIRIZZO_CENTRALE":"GIACOSA 6","LATITUDINE_SEZIONE":"45.33206","LONGITUDINE_SEZIONE":"7.71658","POS_X_SEZIONE":"399433.13338","POS_Y_SEZIONE":"5020640.34465","LATITUDINE_CENTRALE":"45.32977","LONGITUDINE_CENTRALE":"7.72356","POS_X_CENTRALE":"399975.41940","POS_Y_CENTRALE":"5020377.06653","TIPO_ADSL":"ADSL_2P","DESCRIZIONE_TIPO_ADSL":"ADSL 2+ (24 mega)","DISTANZA_CALCOLATA":"602.82","CLASSE_DISTANZA":"500-899","POTENZA_SEGNALE":"19523.33","POPOLAZIONE_SEZIONE": "690"}
			},
		 		{ "type" : "Feature",
				"geometry" : {
					"type" : "Point",
					"coordinates" : [7.74668,45.25942]},
			"properties" : { "ANNO":"2010","ID_SEZIONE":"14134","ISTAT_COMUNE_SEZ":"1217","COMUNE_SEZ":"RIVAROLO CANAVESE","PROVINCIA":"TO","ID_CENTRALE":"1107","NOME_CENTRALE":"RIVAROLO CANAVESE","ISTAT_COMUNE_CENTR":"1217","COMUNE_CENTR":"RIVAROLO CANAVESE","PROVINCIA_CENTR":"TO","INDIRIZZO_CENTRALE":"GIACOSA 6","LATITUDINE_SEZIONE":"45.25942","LONGITUDINE_SEZIONE":"7.74668","POS_X_SEZIONE":"401666.01403","POS_Y_SEZIONE":"5012532.82157","LATITUDINE_CENTRALE":"45.32977","LONGITUDINE_CENTRALE":"7.72356","POS_X_CENTRALE":"399975.41940","POS_Y_CENTRALE":"5020377.06653","TIPO_ADSL":"ADSL_2P","DESCRIZIONE_TIPO_ADSL":"ADSL 2+ (24 mega)","DISTANZA_CALCOLATA":"8024.36","CLASSE_DISTANZA":"6100 e oltre","POTENZA_SEGNALE":"0.00","POPOLAZIONE_SEZIONE": "9"}
			},
		 		{ "type" : "Feature",
				"geometry" : {
					"type" : "Point",
					"coordinates" : [7.71267,45.31839]},
			"properties" : { "ANNO":"2010","ID_SEZIONE":"17094","ISTAT_COMUNE_SEZ":"1217","COMUNE_SEZ":"RIVAROLO CANAVESE","PROVINCIA":"TO","ID_CENTRALE":"1107","NOME_CENTRALE":"RIVAROLO CANAVESE","ISTAT_COMUNE_CENTR":"1217","COMUNE_CENTR":"RIVAROLO CANAVESE","PROVINCIA_CENTR":"TO","INDIRIZZO_CENTRALE":"GIACOSA 6","LATITUDINE_SEZIONE":"45.31839","LONGITUDINE_SEZIONE":"7.71267","POS_X_SEZIONE":"399102.34247","POS_Y_SEZIONE":"5019126.33556","LATITUDINE_CENTRALE":"45.32977","LONGITUDINE_CENTRALE":"7.72356","POS_X_CENTRALE":"399975.41940","POS_Y_CENTRALE":"5020377.06653","TIPO_ADSL":"ADSL_2P","DESCRIZIONE_TIPO_ADSL":"ADSL 2+ (24 mega)","DISTANZA_CALCOLATA":"1525.32","CLASSE_DISTANZA":"1300-1699","POTENZA_SEGNALE":"16071.67","POPOLAZIONE_SEZIONE": "9"}
			},
		 		{ "type" : "Feature",
				"geometry" : {
					"type" : "Point",
					"coordinates" : [7.72205,45.31551]},
			"properties" : { "ANNO":"2010","ID_SEZIONE":"19148","ISTAT_COMUNE_SEZ":"1217","COMUNE_SEZ":"RIVAROLO CANAVESE","PROVINCIA":"TO","ID_CENTRALE":"1107","NOME_CENTRALE":"RIVAROLO CANAVESE","ISTAT_COMUNE_CENTR":"1217","COMUNE_CENTR":"RIVAROLO CANAVESE","PROVINCIA_CENTR":"TO","INDIRIZZO_CENTRALE":"GIACOSA 6","LATITUDINE_SEZIONE":"45.31551","LONGITUDINE_SEZIONE":"7.72205","POS_X_SEZIONE":"399832.04027","POS_Y_SEZIONE":"5018795.33933","LATITUDINE_CENTRALE":"45.32977","LONGITUDINE_CENTRALE":"7.72356","POS_X_CENTRALE":"399975.41940","POS_Y_CENTRALE":"5020377.06653","TIPO_ADSL":"ADSL_2P","DESCRIZIONE_TIPO_ADSL":"ADSL 2+ (24 mega)","DISTANZA_CALCOLATA":"1588.21","CLASSE_DISTANZA":"1300-1699","POTENZA_SEGNALE":"16071.67","POPOLAZIONE_SEZIONE": "454"}
			},
		 		{ "type" : "Feature",
				"geometry" : {
					"type" : "Point",
					"coordinates" : [7.72193,45.32777]},
			"properties" : { "ANNO":"2010","ID_SEZIONE":"21808","ISTAT_COMUNE_SEZ":"1217","COMUNE_SEZ":"RIVAROLO CANAVESE","PROVINCIA":"TO","ID_CENTRALE":"1107","NOME_CENTRALE":"RIVAROLO CANAVESE","ISTAT_COMUNE_CENTR":"1217","COMUNE_CENTR":"RIVAROLO CANAVESE","PROVINCIA_CENTR":"TO","INDIRIZZO_CENTRALE":"GIACOSA 6","LATITUDINE_SEZIONE":"45.32777","LONGITUDINE_SEZIONE":"7.72193","POS_X_SEZIONE":"399844.33697","POS_Y_SEZIONE":"5020157.34535","LATITUDINE_CENTRALE":"45.32977","LONGITUDINE_CENTRALE":"7.72356","POS_X_CENTRALE":"399975.41940","POS_Y_CENTRALE":"5020377.06653","TIPO_ADSL":"ADSL_2P","DESCRIZIONE_TIPO_ADSL":"ADSL 2+ (24 mega)","DISTANZA_CALCOLATA":"255.85","CLASSE_DISTANZA":"100-499","POTENZA_SEGNALE":"19761.67","POPOLAZIONE_SEZIONE": "467"}
			},
		 		{ "type" : "Feature",
				"geometry" : {
					"type" : "Point",
					"coordinates" : [7.76128,45.34400]},
			"properties" : { "ANNO":"2010","ID_SEZIONE":"22036","ISTAT_COMUNE_SEZ":"1176","COMUNE_SEZ":"OZEGNA","PROVINCIA":"TO","ID_CENTRALE":"1107","NOME_CENTRALE":"RIVAROLO CANAVESE","ISTAT_COMUNE_CENTR":"1217","COMUNE_CENTR":"RIVAROLO CANAVESE","PROVINCIA_CENTR":"TO","INDIRIZZO_CENTRALE":"GIACOSA 6","LATITUDINE_SEZIONE":"45.34400","LONGITUDINE_SEZIONE":"7.76128","POS_X_SEZIONE":"402955.88590","POS_Y_SEZIONE":"5021911.37646","LATITUDINE_CENTRALE":"45.32977","LONGITUDINE_CENTRALE":"7.72356","POS_X_CENTRALE":"399975.41940","POS_Y_CENTRALE":"5020377.06653","TIPO_ADSL":"ADSL_2P","DESCRIZIONE_TIPO_ADSL":"ADSL 2+ (24 mega)","DISTANZA_CALCOLATA":"3352.21","CLASSE_DISTANZA":"3300-3699","POTENZA_SEGNALE":"4047.5","POPOLAZIONE_SEZIONE": "46"}
			},
		 		{ "type" : "Feature",
				"geometry" : {
					"type" : "Point",
					"coordinates" : [7.71716,45.33451]},
			"properties" : { "ANNO":"2010","ID_SEZIONE":"23444","ISTAT_COMUNE_SEZ":"1217","COMUNE_SEZ":"RIVAROLO CANAVESE","PROVINCIA":"TO","ID_CENTRALE":"1107","NOME_CENTRALE":"RIVAROLO CANAVESE","ISTAT_COMUNE_CENTR":"1217","COMUNE_CENTR":"RIVAROLO CANAVESE","PROVINCIA_CENTR":"TO","INDIRIZZO_CENTRALE":"GIACOSA 6","LATITUDINE_SEZIONE":"45.33451","LONGITUDINE_SEZIONE":"7.71716","POS_X_SEZIONE":"399482.72980","POS_Y_SEZIONE":"5020911.34625","LATITUDINE_CENTRALE":"45.32977","LONGITUDINE_CENTRALE":"7.72356","POS_X_CENTRALE":"399975.41940","POS_Y_CENTRALE":"5020377.06653","TIPO_ADSL":"ADSL_2P","DESCRIZIONE_TIPO_ADSL":"ADSL 2+ (24 mega)","DISTANZA_CALCOLATA":"726.77","CLASSE_DISTANZA":"500-899","POTENZA_SEGNALE":"19523.33","POPOLAZIONE_SEZIONE": "602"}
			},
		 		{ "type" : "Feature",
				"geometry" : {
					"type" : "Point",
					"coordinates" : [7.72468,45.29287]},
			"properties" : { "ANNO":"2010","ID_SEZIONE":"24719","ISTAT_COMUNE_SEZ":"1217","COMUNE_SEZ":"RIVAROLO CANAVESE","PROVINCIA":"TO","ID_CENTRALE":"1107","NOME_CENTRALE":"RIVAROLO CANAVESE","ISTAT_COMUNE_CENTR":"1217","COMUNE_CENTR":"RIVAROLO CANAVESE","PROVINCIA_CENTR":"TO","INDIRIZZO_CENTRALE":"GIACOSA 6","LATITUDINE_SEZIONE":"45.29287","LONGITUDINE_SEZIONE":"7.72468","POS_X_SEZIONE":"399999.00654","POS_Y_SEZIONE":"5016276.82874","LATITUDINE_CENTRALE":"45.32977","LONGITUDINE_CENTRALE":"7.72356","POS_X_CENTRALE":"399975.41940","POS_Y_CENTRALE":"5020377.06653","TIPO_ADSL":"ADSL_2P","DESCRIZIONE_TIPO_ADSL":"ADSL 2+ (24 mega)","DISTANZA_CALCOLATA":"4100.31","CLASSE_DISTANZA":"4100-4499","POTENZA_SEGNALE":"2024.17","POPOLAZIONE_SEZIONE": "185"}
			},
		 		{ "type" : "Feature",
				"geometry" : {
					"type" : "Point",
					"coordinates" : [7.65763,45.33127]},
			"properties" : { "ANNO":"2010","ID_SEZIONE":"25094","ISTAT_COMUNE_SEZ":"1043","COMUNE_SEZ":"BUSANO","PROVINCIA":"TO","ID_CENTRALE":"1107","NOME_CENTRALE":"RIVAROLO CANAVESE","ISTAT_COMUNE_CENTR":"1217","COMUNE_CENTR":"RIVAROLO CANAVESE","PROVINCIA_CENTR":"TO","INDIRIZZO_CENTRALE":"GIACOSA 6","LATITUDINE_SEZIONE":"45.33127","LONGITUDINE_SEZIONE":"7.65763","POS_X_SEZIONE":"394811.82599","POS_Y_SEZIONE":"5020627.82522","LATITUDINE_CENTRALE":"45.32977","LONGITUDINE_CENTRALE":"7.72356","POS_X_CENTRALE":"399975.41940","POS_Y_CENTRALE":"5020377.06653","TIPO_ADSL":"ADSL_2P","DESCRIZIONE_TIPO_ADSL":"ADSL 2+ (24 mega)","DISTANZA_CALCOLATA":"5169.68","CLASSE_DISTANZA":"4900-5299","POTENZA_SEGNALE":"952.50","POPOLAZIONE_SEZIONE": "882"}
			},
		 		{ "type" : "Feature",
				"geometry" : {
					"type" : "Point",
					"coordinates" : [7.71946,45.27319]},
			"properties" : { "ANNO":"2010","ID_SEZIONE":"25102","ISTAT_COMUNE_SEZ":"1217","COMUNE_SEZ":"RIVAROLO CANAVESE","PROVINCIA":"TO","ID_CENTRALE":"1107","NOME_CENTRALE":"RIVAROLO CANAVESE","ISTAT_COMUNE_CENTR":"1217","COMUNE_CENTR":"RIVAROLO CANAVESE","PROVINCIA_CENTR":"TO","INDIRIZZO_CENTRALE":"GIACOSA 6","LATITUDINE_SEZIONE":"45.27319","LONGITUDINE_SEZIONE":"7.71946","POS_X_SEZIONE":"399554.92846","POS_Y_SEZIONE":"5014096.81619","LATITUDINE_CENTRALE":"45.32977","LONGITUDINE_CENTRALE":"7.72356","POS_X_CENTRALE":"399975.41940","POS_Y_CENTRALE":"5020377.06653","TIPO_ADSL":"ADSL_2P","DESCRIZIONE_TIPO_ADSL":"ADSL 2+ (24 mega)","DISTANZA_CALCOLATA":"6294.31","CLASSE_DISTANZA":"6100 e oltre","POTENZA_SEGNALE":"0.00","POPOLAZIONE_SEZIONE": "74"}
			},
		 		{ "type" : "Feature",
				"geometry" : {
					"type" : "Point",
					"coordinates" : [7.74529,45.34030]},
			"properties" : { "ANNO":"2010","ID_SEZIONE":"25985","ISTAT_COMUNE_SEZ":"1176","COMUNE_SEZ":"OZEGNA","PROVINCIA":"TO","ID_CENTRALE":"1107","NOME_CENTRALE":"RIVAROLO CANAVESE","ISTAT_COMUNE_CENTR":"1217","COMUNE_CENTR":"RIVAROLO CANAVESE","PROVINCIA_CENTR":"TO","INDIRIZZO_CENTRALE":"GIACOSA 6","LATITUDINE_SEZIONE":"45.34030","LONGITUDINE_SEZIONE":"7.74529","POS_X_SEZIONE":"401697.03252","POS_Y_SEZIONE":"5021520.36513","LATITUDINE_CENTRALE":"45.32977","LONGITUDINE_CENTRALE":"7.72356","POS_X_CENTRALE":"399975.41940","POS_Y_CENTRALE":"5020377.06653","TIPO_ADSL":"ADSL_2P","DESCRIZIONE_TIPO_ADSL":"ADSL 2+ (24 mega)","DISTANZA_CALCOLATA":"2066.66","CLASSE_DISTANZA":"1700-2099","POTENZA_SEGNALE":"12975.83","POPOLAZIONE_SEZIONE": "59"}
			},
		 		{ "type" : "Feature",
				"geometry" : {
					"type" : "Point",
					"coordinates" : [7.72786,45.32950]},
			"properties" : { "ANNO":"2010","ID_SEZIONE":"26209","ISTAT_COMUNE_SEZ":"1217","COMUNE_SEZ":"RIVAROLO CANAVESE","PROVINCIA":"TO","ID_CENTRALE":"1107","NOME_CENTRALE":"RIVAROLO CANAVESE","ISTAT_COMUNE_CENTR":"1217","COMUNE_CENTR":"RIVAROLO CANAVESE","PROVINCIA_CENTR":"TO","INDIRIZZO_CENTRALE":"GIACOSA 6","LATITUDINE_SEZIONE":"45.32950","LONGITUDINE_SEZIONE":"7.72786","POS_X_SEZIONE":"400311.98446","POS_Y_SEZIONE":"5020341.34996","LATITUDINE_CENTRALE":"45.32977","LONGITUDINE_CENTRALE":"7.72356","POS_X_CENTRALE":"399975.41940","POS_Y_CENTRALE":"5020377.06653","TIPO_ADSL":"ADSL_2P","DESCRIZIONE_TIPO_ADSL":"ADSL 2+ (24 mega)","DISTANZA_CALCOLATA":"338.45","CLASSE_DISTANZA":"100-499","POTENZA_SEGNALE":"19761.67","POPOLAZIONE_SEZIONE": "720"}
			},
		 		{ "type" : "Feature",
				"geometry" : {
					"type" : "Point",
					"coordinates" : [7.71603,45.32892]},
			"properties" : { "ANNO":"2010","ID_SEZIONE":"26484","ISTAT_COMUNE_SEZ":"1217","COMUNE_SEZ":"RIVAROLO CANAVESE","PROVINCIA":"TO","ID_CENTRALE":"1107","NOME_CENTRALE":"RIVAROLO CANAVESE","ISTAT_COMUNE_CENTR":"1217","COMUNE_CENTR":"RIVAROLO CANAVESE","PROVINCIA_CENTR":"TO","INDIRIZZO_CENTRALE":"GIACOSA 6","LATITUDINE_SEZIONE":"45.32892","LONGITUDINE_SEZIONE":"7.71603","POS_X_SEZIONE":"399383.88052","POS_Y_SEZIONE":"5020292.34286","LATITUDINE_CENTRALE":"45.32977","LONGITUDINE_CENTRALE":"7.72356","POS_X_CENTRALE":"399975.41940","POS_Y_CENTRALE":"5020377.06653","TIPO_ADSL":"ADSL_2P","DESCRIZIONE_TIPO_ADSL":"ADSL 2+ (24 mega)","DISTANZA_CALCOLATA":"597.58","CLASSE_DISTANZA":"500-899","POTENZA_SEGNALE":"19523.33","POPOLAZIONE_SEZIONE": "993"}
			},
		 		{ "type" : "Feature",
				"geometry" : {
					"type" : "Point",
					"coordinates" : [7.72331,45.31994]},
			"properties" : { "ANNO":"2010","ID_SEZIONE":"27205","ISTAT_COMUNE_SEZ":"1217","COMUNE_SEZ":"RIVAROLO CANAVESE","PROVINCIA":"TO","ID_CENTRALE":"1107","NOME_CENTRALE":"RIVAROLO CANAVESE","ISTAT_COMUNE_CENTR":"1217","COMUNE_CENTR":"RIVAROLO CANAVESE","PROVINCIA_CENTR":"TO","INDIRIZZO_CENTRALE":"GIACOSA 6","LATITUDINE_SEZIONE":"45.31994","LONGITUDINE_SEZIONE":"7.72331","POS_X_SEZIONE":"399939.04366","POS_Y_SEZIONE":"5019285.84199","LATITUDINE_CENTRALE":"45.32977","LONGITUDINE_CENTRALE":"7.72356","POS_X_CENTRALE":"399975.41940","POS_Y_CENTRALE":"5020377.06653","TIPO_ADSL":"ADSL_2P","DESCRIZIONE_TIPO_ADSL":"ADSL 2+ (24 mega)","DISTANZA_CALCOLATA":"1091.83","CLASSE_DISTANZA":"900-1299","POTENZA_SEGNALE":"17737.5","POPOLAZIONE_SEZIONE": "536"}
			},
		 		{ "type" : "Feature",
				"geometry" : {
					"type" : "Point",
					"coordinates" : [7.73754,45.27097]},
			"properties" : { "ANNO":"2010","ID_SEZIONE":"27268","ISTAT_COMUNE_SEZ":"1217","COMUNE_SEZ":"RIVAROLO CANAVESE","PROVINCIA":"TO","ID_CENTRALE":"1107","NOME_CENTRALE":"RIVAROLO CANAVESE","ISTAT_COMUNE_CENTR":"1217","COMUNE_CENTR":"RIVAROLO CANAVESE","PROVINCIA_CENTR":"TO","INDIRIZZO_CENTRALE":"GIACOSA 6","LATITUDINE_SEZIONE":"45.27097","LONGITUDINE_SEZIONE":"7.73754","POS_X_SEZIONE":"400968.76526","POS_Y_SEZIONE":"5013827.82368","LATITUDINE_CENTRALE":"45.32977","LONGITUDINE_CENTRALE":"7.72356","POS_X_CENTRALE":"399975.41940","POS_Y_CENTRALE":"5020377.06653","TIPO_ADSL":"ADSL_2P","DESCRIZIONE_TIPO_ADSL":"ADSL 2+ (24 mega)","DISTANZA_CALCOLATA":"6624.15","CLASSE_DISTANZA":"6100 e oltre","POTENZA_SEGNALE":"0.00","POPOLAZIONE_SEZIONE": "40"}
			},
		 		{ "type" : "Feature",
				"geometry" : {
					"type" : "Point",
					"coordinates" : [7.72622,45.33225]},
			"properties" : { "ANNO":"2010","ID_SEZIONE":"27680","ISTAT_COMUNE_SEZ":"1217","COMUNE_SEZ":"RIVAROLO CANAVESE","PROVINCIA":"TO","ID_CENTRALE":"1107","NOME_CENTRALE":"RIVAROLO CANAVESE","ISTAT_COMUNE_CENTR":"1217","COMUNE_CENTR":"RIVAROLO CANAVESE","PROVINCIA_CENTR":"TO","INDIRIZZO_CENTRALE":"GIACOSA 6","LATITUDINE_SEZIONE":"45.33225","LONGITUDINE_SEZIONE":"7.72622","POS_X_SEZIONE":"400188.64775","POS_Y_SEZIONE":"5020648.85050","LATITUDINE_CENTRALE":"45.32977","LONGITUDINE_CENTRALE":"7.72356","POS_X_CENTRALE":"399975.41940","POS_Y_CENTRALE":"5020377.06653","TIPO_ADSL":"ADSL_2P","DESCRIZIONE_TIPO_ADSL":"ADSL 2+ (24 mega)","DISTANZA_CALCOLATA":"345.45","CLASSE_DISTANZA":"100-499","POTENZA_SEGNALE":"19761.67","POPOLAZIONE_SEZIONE": "517"}
			},
		 		{ "type" : "Feature",
				"geometry" : {
					"type" : "Point",
					"coordinates" : [7.72959,45.29983]},
			"properties" : { "ANNO":"2010","ID_SEZIONE":"27681","ISTAT_COMUNE_SEZ":"1217","COMUNE_SEZ":"RIVAROLO CANAVESE","PROVINCIA":"TO","ID_CENTRALE":"1107","NOME_CENTRALE":"RIVAROLO CANAVESE","ISTAT_COMUNE_CENTR":"1217","COMUNE_CENTR":"RIVAROLO CANAVESE","PROVINCIA_CENTR":"TO","INDIRIZZO_CENTRALE":"GIACOSA 6","LATITUDINE_SEZIONE":"45.29983","LONGITUDINE_SEZIONE":"7.72959","POS_X_SEZIONE":"400395.94273","POS_Y_SEZIONE":"5017043.33524","LATITUDINE_CENTRALE":"45.32977","LONGITUDINE_CENTRALE":"7.72356","POS_X_CENTRALE":"399975.41940","POS_Y_CENTRALE":"5020377.06653","TIPO_ADSL":"ADSL_2P","DESCRIZIONE_TIPO_ADSL":"ADSL 2+ (24 mega)","DISTANZA_CALCOLATA":"3360.15","CLASSE_DISTANZA":"3300-3699","POTENZA_SEGNALE":"4047.5","POPOLAZIONE_SEZIONE": "10"}
			},
		 		{ "type" : "Feature",
				"geometry" : {
					"type" : "Point",
					"coordinates" : [7.70965,45.33173]},
			"properties" : { "ANNO":"2010","ID_SEZIONE":"28310","ISTAT_COMUNE_SEZ":"1217","COMUNE_SEZ":"RIVAROLO CANAVESE","PROVINCIA":"TO","ID_CENTRALE":"1107","NOME_CENTRALE":"RIVAROLO CANAVESE","ISTAT_COMUNE_CENTR":"1217","COMUNE_CENTR":"RIVAROLO CANAVESE","PROVINCIA_CENTR":"TO","INDIRIZZO_CENTRALE":"GIACOSA 6","LATITUDINE_SEZIONE":"45.33173","LONGITUDINE_SEZIONE":"7.70965","POS_X_SEZIONE":"398889.39553","POS_Y_SEZIONE":"5020611.84058","LATITUDINE_CENTRALE":"45.32977","LONGITUDINE_CENTRALE":"7.72356","POS_X_CENTRALE":"399975.41940","POS_Y_CENTRALE":"5020377.06653","TIPO_ADSL":"ADSL_2P","DESCRIZIONE_TIPO_ADSL":"ADSL 2+ (24 mega)","DISTANZA_CALCOLATA":"1111.11","CLASSE_DISTANZA":"900-1299","POTENZA_SEGNALE":"17737.5","POPOLAZIONE_SEZIONE": "530"}
			},
		 		{ "type" : "Feature",
				"geometry" : {
					"type" : "Point",
					"coordinates" : [7.73688,45.35319]},
			"properties" : { "ANNO":"2010","ID_SEZIONE":"28559","ISTAT_COMUNE_SEZ":"1176","COMUNE_SEZ":"OZEGNA","PROVINCIA":"TO","ID_CENTRALE":"1107","NOME_CENTRALE":"RIVAROLO CANAVESE","ISTAT_COMUNE_CENTR":"1217","COMUNE_CENTR":"RIVAROLO CANAVESE","PROVINCIA_CENTR":"TO","INDIRIZZO_CENTRALE":"GIACOSA 6","LATITUDINE_SEZIONE":"45.35319","LONGITUDINE_SEZIONE":"7.73688","POS_X_SEZIONE":"401060.60270","POS_Y_SEZIONE":"5022962.86574","LATITUDINE_CENTRALE":"45.32977","LONGITUDINE_CENTRALE":"7.72356","POS_X_CENTRALE":"399975.41940","POS_Y_CENTRALE":"5020377.06653","TIPO_ADSL":"ADSL_2P","DESCRIZIONE_TIPO_ADSL":"ADSL 2+ (24 mega)","DISTANZA_CALCOLATA":"2804.28","CLASSE_DISTANZA":"2500-2899","POTENZA_SEGNALE":"7380.83","POPOLAZIONE_SEZIONE": "20"}
			},
		 		{ "type" : "Feature",
				"geometry" : {
					"type" : "Point",
					"coordinates" : [7.72970,45.30666]},
			"properties" : { "ANNO":"2010","ID_SEZIONE":"29512","ISTAT_COMUNE_SEZ":"1217","COMUNE_SEZ":"RIVAROLO CANAVESE","PROVINCIA":"TO","ID_CENTRALE":"1107","NOME_CENTRALE":"RIVAROLO CANAVESE","ISTAT_COMUNE_CENTR":"1217","COMUNE_CENTR":"RIVAROLO CANAVESE","PROVINCIA_CENTR":"TO","INDIRIZZO_CENTRALE":"GIACOSA 6","LATITUDINE_SEZIONE":"45.30666","LONGITUDINE_SEZIONE":"7.72970","POS_X_SEZIONE":"400416.51438","POS_Y_SEZIONE":"5017802.33888","LATITUDINE_CENTRALE":"45.32977","LONGITUDINE_CENTRALE":"7.72356","POS_X_CENTRALE":"399975.41940","POS_Y_CENTRALE":"5020377.06653","TIPO_ADSL":"ADSL_2P","DESCRIZIONE_TIPO_ADSL":"ADSL 2+ (24 mega)","DISTANZA_CALCOLATA":"2612.24","CLASSE_DISTANZA":"2500-2899","POTENZA_SEGNALE":"7380.83","POPOLAZIONE_SEZIONE": "65"}
			},
		 		{ "type" : "Feature",
				"geometry" : {
					"type" : "Point",
					"coordinates" : [7.73798,45.32614]},
			"properties" : { "ANNO":"2010","ID_SEZIONE":"30139","ISTAT_COMUNE_SEZ":"1217","COMUNE_SEZ":"RIVAROLO CANAVESE","PROVINCIA":"TO","ID_CENTRALE":"1107","NOME_CENTRALE":"RIVAROLO CANAVESE","ISTAT_COMUNE_CENTR":"1217","COMUNE_CENTR":"RIVAROLO CANAVESE","PROVINCIA_CENTR":"TO","INDIRIZZO_CENTRALE":"GIACOSA 6","LATITUDINE_SEZIONE":"45.32614","LONGITUDINE_SEZIONE":"7.73798","POS_X_SEZIONE":"401099.77428","POS_Y_SEZIONE":"5019956.35361","LATITUDINE_CENTRALE":"45.32977","LONGITUDINE_CENTRALE":"7.72356","POS_X_CENTRALE":"399975.41940","POS_Y_CENTRALE":"5020377.06653","TIPO_ADSL":"ADSL_2P","DESCRIZIONE_TIPO_ADSL":"ADSL 2+ (24 mega)","DISTANZA_CALCOLATA":"1200.49","CLASSE_DISTANZA":"900-1299","POTENZA_SEGNALE":"17737.5","POPOLAZIONE_SEZIONE": "18"}
			},
		 		{ "type" : "Feature",
				"geometry" : {
					"type" : "Point",
					"coordinates" : [7.73524,45.31586]},
			"properties" : { "ANNO":"2010","ID_SEZIONE":"30369","ISTAT_COMUNE_SEZ":"1217","COMUNE_SEZ":"RIVAROLO CANAVESE","PROVINCIA":"TO","ID_CENTRALE":"1107","NOME_CENTRALE":"RIVAROLO CANAVESE","ISTAT_COMUNE_CENTR":"1217","COMUNE_CENTR":"RIVAROLO CANAVESE","PROVINCIA_CENTR":"TO","INDIRIZZO_CENTRALE":"GIACOSA 6","LATITUDINE_SEZIONE":"45.31586","LONGITUDINE_SEZIONE":"7.73524","POS_X_SEZIONE":"400866.51579","POS_Y_SEZIONE":"5018816.84692","LATITUDINE_CENTRALE":"45.32977","LONGITUDINE_CENTRALE":"7.72356","POS_X_CENTRALE":"399975.41940","POS_Y_CENTRALE":"5020377.06653","TIPO_ADSL":"ADSL_2P","DESCRIZIONE_TIPO_ADSL":"ADSL 2+ (24 mega)","DISTANZA_CALCOLATA":"1796.76","CLASSE_DISTANZA":"1700-2099","POTENZA_SEGNALE":"12975.83","POPOLAZIONE_SEZIONE": "482"}
			},
		 		{ "type" : "Feature",
				"geometry" : {
					"type" : "Point",
					"coordinates" : [7.73673,45.35514]},
			"properties" : { "ANNO":"2010","ID_SEZIONE":"30624","ISTAT_COMUNE_SEZ":"1176","COMUNE_SEZ":"OZEGNA","PROVINCIA":"TO","ID_CENTRALE":"1107","NOME_CENTRALE":"RIVAROLO CANAVESE","ISTAT_COMUNE_CENTR":"1217","COMUNE_CENTR":"RIVAROLO CANAVESE","PROVINCIA_CENTR":"TO","INDIRIZZO_CENTRALE":"GIACOSA 6","LATITUDINE_SEZIONE":"45.35514","LONGITUDINE_SEZIONE":"7.73673","POS_X_SEZIONE":"401052.04462","POS_Y_SEZIONE":"5023179.36647","LATITUDINE_CENTRALE":"45.32977","LONGITUDINE_CENTRALE":"7.72356","POS_X_CENTRALE":"399975.41940","POS_Y_CENTRALE":"5020377.06653","TIPO_ADSL":"ADSL_2P","DESCRIZIONE_TIPO_ADSL":"ADSL 2+ (24 mega)","DISTANZA_CALCOLATA":"3002","CLASSE_DISTANZA":"2900-3299","POTENZA_SEGNALE":"5238.33","POPOLAZIONE_SEZIONE": "15"}
			},
		 		{ "type" : "Feature",
				"geometry" : {
					"type" : "Point",
					"coordinates" : [7.74070,45.29018]},
			"properties" : { "ANNO":"2010","ID_SEZIONE":"30641","ISTAT_COMUNE_SEZ":"1217","COMUNE_SEZ":"RIVAROLO CANAVESE","PROVINCIA":"TO","ID_CENTRALE":"1107","NOME_CENTRALE":"RIVAROLO CANAVESE","ISTAT_COMUNE_CENTR":"1217","COMUNE_CENTR":"RIVAROLO CANAVESE","PROVINCIA_CENTR":"TO","INDIRIZZO_CENTRALE":"GIACOSA 6","LATITUDINE_SEZIONE":"45.29018","LONGITUDINE_SEZIONE":"7.74070","POS_X_SEZIONE":"401250.40878","POS_Y_SEZIONE":"5015957.83584","LATITUDINE_CENTRALE":"45.32977","LONGITUDINE_CENTRALE":"7.72356","POS_X_CENTRALE":"399975.41940","POS_Y_CENTRALE":"5020377.06653","TIPO_ADSL":"ADSL_2P","DESCRIZIONE_TIPO_ADSL":"ADSL 2+ (24 mega)","DISTANZA_CALCOLATA":"4599.48","CLASSE_DISTANZA":"4500-4899","POTENZA_SEGNALE":"1428.33","POPOLAZIONE_SEZIONE": "94"}
			},
		 		{ "type" : "Feature",
				"geometry" : {
					"type" : "Point",
					"coordinates" : [7.74376,45.30890]},
			"properties" : { "ANNO":"2010","ID_SEZIONE":"31004","ISTAT_COMUNE_SEZ":"1102","COMUNE_SEZ":"FELETTO","PROVINCIA":"TO","ID_CENTRALE":"1107","NOME_CENTRALE":"RIVAROLO CANAVESE","ISTAT_COMUNE_CENTR":"1217","COMUNE_CENTR":"RIVAROLO CANAVESE","PROVINCIA_CENTR":"TO","INDIRIZZO_CENTRALE":"GIACOSA 6","LATITUDINE_SEZIONE":"45.30890","LONGITUDINE_SEZIONE":"7.74376","POS_X_SEZIONE":"401522.55265","POS_Y_SEZIONE":"5018033.84737","LATITUDINE_CENTRALE":"45.32977","LONGITUDINE_CENTRALE":"7.72356","POS_X_CENTRALE":"399975.41940","POS_Y_CENTRALE":"5020377.06653","TIPO_ADSL":"ADSL_2P","DESCRIZIONE_TIPO_ADSL":"ADSL 2+ (24 mega)","DISTANZA_CALCOLATA":"2807.9","CLASSE_DISTANZA":"2500-2899","POTENZA_SEGNALE":"7380.83","POPOLAZIONE_SEZIONE": "675"}
			},
		 		{ "type" : "Feature",
				"geometry" : {
					"type" : "Point",
					"coordinates" : [7.71283,45.32562]},
			"properties" : { "ANNO":"2010","ID_SEZIONE":"31394","ISTAT_COMUNE_SEZ":"1217","COMUNE_SEZ":"RIVAROLO CANAVESE","PROVINCIA":"TO","ID_CENTRALE":"1107","NOME_CENTRALE":"RIVAROLO CANAVESE","ISTAT_COMUNE_CENTR":"1217","COMUNE_CENTR":"RIVAROLO CANAVESE","PROVINCIA_CENTR":"TO","INDIRIZZO_CENTRALE":"GIACOSA 6","LATITUDINE_SEZIONE":"45.32562","LONGITUDINE_SEZIONE":"7.71283","POS_X_SEZIONE":"399127.88206","POS_Y_SEZIONE":"5019929.33895","LATITUDINE_CENTRALE":"45.32977","LONGITUDINE_CENTRALE":"7.72356","POS_X_CENTRALE":"399975.41940","POS_Y_CENTRALE":"5020377.06653","TIPO_ADSL":"ADSL_2P","DESCRIZIONE_TIPO_ADSL":"ADSL 2+ (24 mega)","DISTANZA_CALCOLATA":"958.53","CLASSE_DISTANZA":"900-1299","POTENZA_SEGNALE":"17737.5","POPOLAZIONE_SEZIONE": "87"}
			},
		 		{ "type" : "Feature",
				"geometry" : {
					"type" : "Point",
					"coordinates" : [7.72039,45.29986]},
			"properties" : { "ANNO":"2010","ID_SEZIONE":"31565","ISTAT_COMUNE_SEZ":"1217","COMUNE_SEZ":"RIVAROLO CANAVESE","PROVINCIA":"TO","ID_CENTRALE":"1107","NOME_CENTRALE":"RIVAROLO CANAVESE","ISTAT_COMUNE_CENTR":"1217","COMUNE_CENTR":"RIVAROLO CANAVESE","PROVINCIA_CENTR":"TO","INDIRIZZO_CENTRALE":"GIACOSA 6","LATITUDINE_SEZIONE":"45.29986","LONGITUDINE_SEZIONE":"7.72039","POS_X_SEZIONE":"399674.64839","POS_Y_SEZIONE":"5017057.83047","LATITUDINE_CENTRALE":"45.32977","LONGITUDINE_CENTRALE":"7.72356","POS_X_CENTRALE":"399975.41940","POS_Y_CENTRALE":"5020377.06653","TIPO_ADSL":"ADSL_2P","DESCRIZIONE_TIPO_ADSL":"ADSL 2+ (24 mega)","DISTANZA_CALCOLATA":"3332.84","CLASSE_DISTANZA":"3300-3699","POTENZA_SEGNALE":"4047.5","POPOLAZIONE_SEZIONE": "18"}
			},
		 		{ "type" : "Feature",
				"geometry" : {
					"type" : "Point",
					"coordinates" : [7.70647,45.32602]},
			"properties" : { "ANNO":"2010","ID_SEZIONE":"32233","ISTAT_COMUNE_SEZ":"1217","COMUNE_SEZ":"RIVAROLO CANAVESE","PROVINCIA":"TO","ID_CENTRALE":"1107","NOME_CENTRALE":"RIVAROLO CANAVESE","ISTAT_COMUNE_CENTR":"1217","COMUNE_CENTR":"RIVAROLO CANAVESE","PROVINCIA_CENTR":"TO","INDIRIZZO_CENTRALE":"GIACOSA 6","LATITUDINE_SEZIONE":"45.32602","LONGITUDINE_SEZIONE":"7.70647","POS_X_SEZIONE":"398629.58266","POS_Y_SEZIONE":"5019981.83585","LATITUDINE_CENTRALE":"45.32977","LONGITUDINE_CENTRALE":"7.72356","POS_X_CENTRALE":"399975.41940","POS_Y_CENTRALE":"5020377.06653","TIPO_ADSL":"ADSL_2P","DESCRIZIONE_TIPO_ADSL":"ADSL 2+ (24 mega)","DISTANZA_CALCOLATA":"1402.67","CLASSE_DISTANZA":"1300-1699","POTENZA_SEGNALE":"16071.67","POPOLAZIONE_SEZIONE": "39"}
			}
		 		]
	}
		