 	{ "type" : "FeatureCollection",
		"features" : [
		 		{ "type" : "Feature",
				"geometry" : {
					"type" : "Point",
					"coordinates" : [8.82190,44.83863]},
			"properties" : { "ANNO":"2010","ID_SEZIONE":"121","ISTAT_COMUNE_SEZ":"6174","COMUNE_SEZ":"TORTONA","PROVINCIA":"AL","ID_CENTRALE":"1105","NOME_CENTRALE":"RIVALTA SCRIVIA","ISTAT_COMUNE_CENTR":"6174","COMUNE_CENTR":"TORTONA","PROVINCIA_CENTR":"AL","INDIRIZZO_CENTRALE":"S.S. DEI GIOVI N.211","LATITUDINE_SEZIONE":"44.83863","LONGITUDINE_SEZIONE":"8.82190","POS_X_SEZIONE":"485923.25468","POS_Y_SEZIONE":"4965039.74760","LATITUDINE_CENTRALE":"44.85547","LONGITUDINE_CENTRALE":"8.82504","POS_X_CENTRALE":"486176.01000","POS_Y_CENTRALE":"4966909.92908","TIPO_ADSL":"ADSL_M","DESCRIZIONE_TIPO_ADSL":"ADSL Mini","DISTANZA_CALCOLATA":"1887.18","CLASSE_DISTANZA":"1700-2099","POTENZA_SEGNALE":"0.64","POPOLAZIONE_SEZIONE": "35"}
			},
		 		{ "type" : "Feature",
				"geometry" : {
					"type" : "Point",
					"coordinates" : [8.82700,44.85478]},
			"properties" : { "ANNO":"2010","ID_SEZIONE":"865","ISTAT_COMUNE_SEZ":"6174","COMUNE_SEZ":"TORTONA","PROVINCIA":"AL","ID_CENTRALE":"1105","NOME_CENTRALE":"RIVALTA SCRIVIA","ISTAT_COMUNE_CENTR":"6174","COMUNE_CENTR":"TORTONA","PROVINCIA_CENTR":"AL","INDIRIZZO_CENTRALE":"S.S. DEI GIOVI N.211","LATITUDINE_SEZIONE":"44.85478","LONGITUDINE_SEZIONE":"8.82700","POS_X_SEZIONE":"486330.54505","POS_Y_SEZIONE":"4966833.24981","LATITUDINE_CENTRALE":"44.85547","LONGITUDINE_CENTRALE":"8.82504","POS_X_CENTRALE":"486176.01000","POS_Y_CENTRALE":"4966909.92908","TIPO_ADSL":"ADSL_M","DESCRIZIONE_TIPO_ADSL":"ADSL Mini","DISTANZA_CALCOLATA":"172.51","CLASSE_DISTANZA":"100-499","POTENZA_SEGNALE":"0.64","POPOLAZIONE_SEZIONE": "23"}
			},
		 		{ "type" : "Feature",
				"geometry" : {
					"type" : "Point",
					"coordinates" : [8.88877,44.87862]},
			"properties" : { "ANNO":"2010","ID_SEZIONE":"3520","ISTAT_COMUNE_SEZ":"6174","COMUNE_SEZ":"TORTONA","PROVINCIA":"AL","ID_CENTRALE":"1105","NOME_CENTRALE":"RIVALTA SCRIVIA","ISTAT_COMUNE_CENTR":"6174","COMUNE_CENTR":"TORTONA","PROVINCIA_CENTR":"AL","INDIRIZZO_CENTRALE":"S.S. DEI GIOVI N.211","LATITUDINE_SEZIONE":"44.87862","LONGITUDINE_SEZIONE":"8.88877","POS_X_SEZIONE":"491214.62518","POS_Y_SEZIONE":"4969473.26518","LATITUDINE_CENTRALE":"44.85547","LONGITUDINE_CENTRALE":"8.82504","POS_X_CENTRALE":"486176.01000","POS_Y_CENTRALE":"4966909.92908","TIPO_ADSL":"ADSL_M","DESCRIZIONE_TIPO_ADSL":"ADSL Mini","DISTANZA_CALCOLATA":"5653.17","CLASSE_DISTANZA":"5300-5699","POTENZA_SEGNALE":"0.00","POPOLAZIONE_SEZIONE": "251"}
			},
		 		{ "type" : "Feature",
				"geometry" : {
					"type" : "Point",
					"coordinates" : [8.81230,44.84212]},
			"properties" : { "ANNO":"2010","ID_SEZIONE":"10319","ISTAT_COMUNE_SEZ":"6174","COMUNE_SEZ":"TORTONA","PROVINCIA":"AL","ID_CENTRALE":"1105","NOME_CENTRALE":"RIVALTA SCRIVIA","ISTAT_COMUNE_CENTR":"6174","COMUNE_CENTR":"TORTONA","PROVINCIA_CENTR":"AL","INDIRIZZO_CENTRALE":"S.S. DEI GIOVI N.211","LATITUDINE_SEZIONE":"44.84212","LONGITUDINE_SEZIONE":"8.81230","POS_X_SEZIONE":"485165.96060","POS_Y_SEZIONE":"4965429.24341","LATITUDINE_CENTRALE":"44.85547","LONGITUDINE_CENTRALE":"8.82504","POS_X_CENTRALE":"486176.01000","POS_Y_CENTRALE":"4966909.92908","TIPO_ADSL":"ADSL_M","DESCRIZIONE_TIPO_ADSL":"ADSL Mini","DISTANZA_CALCOLATA":"1792.38","CLASSE_DISTANZA":"1700-2099","POTENZA_SEGNALE":"0.64","POPOLAZIONE_SEZIONE": "186"}
			},
		 		{ "type" : "Feature",
				"geometry" : {
					"type" : "Point",
					"coordinates" : [8.81356,44.84697]},
			"properties" : { "ANNO":"2010","ID_SEZIONE":"13871","ISTAT_COMUNE_SEZ":"6174","COMUNE_SEZ":"TORTONA","PROVINCIA":"AL","ID_CENTRALE":"1105","NOME_CENTRALE":"RIVALTA SCRIVIA","ISTAT_COMUNE_CENTR":"6174","COMUNE_CENTR":"TORTONA","PROVINCIA_CENTR":"AL","INDIRIZZO_CENTRALE":"S.S. DEI GIOVI N.211","LATITUDINE_SEZIONE":"44.84697","LONGITUDINE_SEZIONE":"8.81356","POS_X_SEZIONE":"485266.20406","POS_Y_SEZIONE":"4965967.24482","LATITUDINE_CENTRALE":"44.85547","LONGITUDINE_CENTRALE":"8.82504","POS_X_CENTRALE":"486176.01000","POS_Y_CENTRALE":"4966909.92908","TIPO_ADSL":"ADSL_M","DESCRIZIONE_TIPO_ADSL":"ADSL Mini","DISTANZA_CALCOLATA":"1310.11","CLASSE_DISTANZA":"1300-1699","POTENZA_SEGNALE":"0.64","POPOLAZIONE_SEZIONE": "285"}
			},
		 		{ "type" : "Feature",
				"geometry" : {
					"type" : "Point",
					"coordinates" : [8.83837,44.82503]},
			"properties" : { "ANNO":"2010","ID_SEZIONE":"17110","ISTAT_COMUNE_SEZ":"6174","COMUNE_SEZ":"TORTONA","PROVINCIA":"AL","ID_CENTRALE":"1105","NOME_CENTRALE":"RIVALTA SCRIVIA","ISTAT_COMUNE_CENTR":"6174","COMUNE_CENTR":"TORTONA","PROVINCIA_CENTR":"AL","INDIRIZZO_CENTRALE":"S.S. DEI GIOVI N.211","LATITUDINE_SEZIONE":"44.82503","LONGITUDINE_SEZIONE":"8.83837","POS_X_SEZIONE":"487222.31030","POS_Y_SEZIONE":"4963526.24898","LATITUDINE_CENTRALE":"44.85547","LONGITUDINE_CENTRALE":"8.82504","POS_X_CENTRALE":"486176.01000","POS_Y_CENTRALE":"4966909.92908","TIPO_ADSL":"ADSL_M","DESCRIZIONE_TIPO_ADSL":"ADSL Mini","DISTANZA_CALCOLATA":"3541.76","CLASSE_DISTANZA":"3300-3699","POTENZA_SEGNALE":"0.64","POPOLAZIONE_SEZIONE": "107"}
			},
		 		{ "type" : "Feature",
				"geometry" : {
					"type" : "Point",
					"coordinates" : [8.80069,44.84655]},
			"properties" : { "ANNO":"2010","ID_SEZIONE":"19162","ISTAT_COMUNE_SEZ":"6174","COMUNE_SEZ":"TORTONA","PROVINCIA":"AL","ID_CENTRALE":"1105","NOME_CENTRALE":"RIVALTA SCRIVIA","ISTAT_COMUNE_CENTR":"6174","COMUNE_CENTR":"TORTONA","PROVINCIA_CENTR":"AL","INDIRIZZO_CENTRALE":"S.S. DEI GIOVI N.211","LATITUDINE_SEZIONE":"44.84655","LONGITUDINE_SEZIONE":"8.80069","POS_X_SEZIONE":"484249.41506","POS_Y_SEZIONE":"4965923.73916","LATITUDINE_CENTRALE":"44.85547","LONGITUDINE_CENTRALE":"8.82504","POS_X_CENTRALE":"486176.01000","POS_Y_CENTRALE":"4966909.92908","TIPO_ADSL":"ADSL_M","DESCRIZIONE_TIPO_ADSL":"ADSL Mini","DISTANZA_CALCOLATA":"2164.33","CLASSE_DISTANZA":"2100-2499","POTENZA_SEGNALE":"0.64","POPOLAZIONE_SEZIONE": "32"}
			},
		 		{ "type" : "Feature",
				"geometry" : {
					"type" : "Point",
					"coordinates" : [8.80475,44.84028]},
			"properties" : { "ANNO":"2010","ID_SEZIONE":"28892","ISTAT_COMUNE_SEZ":"6174","COMUNE_SEZ":"TORTONA","PROVINCIA":"AL","ID_CENTRALE":"1105","NOME_CENTRALE":"RIVALTA SCRIVIA","ISTAT_COMUNE_CENTR":"6174","COMUNE_CENTR":"TORTONA","PROVINCIA_CENTR":"AL","INDIRIZZO_CENTRALE":"S.S. DEI GIOVI N.211","LATITUDINE_SEZIONE":"44.84028","LONGITUDINE_SEZIONE":"8.80475","POS_X_SEZIONE":"484568.70799","POS_Y_SEZIONE":"4965225.73980","LATITUDINE_CENTRALE":"44.85547","LONGITUDINE_CENTRALE":"8.82504","POS_X_CENTRALE":"486176.01000","POS_Y_CENTRALE":"4966909.92908","TIPO_ADSL":"ADSL_M","DESCRIZIONE_TIPO_ADSL":"ADSL Mini","DISTANZA_CALCOLATA":"2328.07","CLASSE_DISTANZA":"2100-2499","POTENZA_SEGNALE":"0.64","POPOLAZIONE_SEZIONE": "42"}
			}
		 		]
	}
		