 	{ "type" : "FeatureCollection",
		"features" : [
		 		{ "type" : "Feature",
				"geometry" : {
					"type" : "Point",
					"coordinates" : [7.53246,44.24176]},
			"properties" : { "ANNO":"2010","ID_SEZIONE":"985","ISTAT_COMUNE_SEZ":"4239","COMUNE_SEZ":"VERNANTE","PROVINCIA":"CN","ID_CENTRALE":"1594","NOME_CENTRALE":"VERNANTE","ISTAT_COMUNE_CENTR":"4239","COMUNE_CENTR":"VERNANTE","PROVINCIA_CENTR":"CN","INDIRIZZO_CENTRALE":"CONDOMINIO VERMENAGNA","LATITUDINE_SEZIONE":"44.24176","LONGITUDINE_SEZIONE":"7.53246","POS_X_SEZIONE":"382819.58534","POS_Y_SEZIONE":"4899772.62844","LATITUDINE_CENTRALE":"44.24100","LONGITUDINE_CENTRALE":"7.53259","POS_X_CENTRALE":"382828.76455","POS_Y_CENTRALE":"4899687.35565","TIPO_ADSL":"ADSL_M","DESCRIZIONE_TIPO_ADSL":"ADSL Mini","DISTANZA_CALCOLATA":"85.77","CLASSE_DISTANZA":"0-99","POTENZA_SEGNALE":"0.64","POPOLAZIONE_SEZIONE": "177"}
			},
		 		{ "type" : "Feature",
				"geometry" : {
					"type" : "Point",
					"coordinates" : [7.54084,44.25046]},
			"properties" : { "ANNO":"2010","ID_SEZIONE":"1425","ISTAT_COMUNE_SEZ":"4239","COMUNE_SEZ":"VERNANTE","PROVINCIA":"CN","ID_CENTRALE":"1594","NOME_CENTRALE":"VERNANTE","ISTAT_COMUNE_CENTR":"4239","COMUNE_CENTR":"VERNANTE","PROVINCIA_CENTR":"CN","INDIRIZZO_CENTRALE":"CONDOMINIO VERMENAGNA","LATITUDINE_SEZIONE":"44.25046","LONGITUDINE_SEZIONE":"7.54084","POS_X_SEZIONE":"383506.19884","POS_Y_SEZIONE":"4900727.12751","LATITUDINE_CENTRALE":"44.24100","LONGITUDINE_CENTRALE":"7.53259","POS_X_CENTRALE":"382828.76455","POS_Y_CENTRALE":"4899687.35565","TIPO_ADSL":"ADSL_M","DESCRIZIONE_TIPO_ADSL":"ADSL Mini","DISTANZA_CALCOLATA":"1240.98","CLASSE_DISTANZA":"900-1299","POTENZA_SEGNALE":"0.64","POPOLAZIONE_SEZIONE": ""}
			},
		 		{ "type" : "Feature",
				"geometry" : {
					"type" : "Point",
					"coordinates" : [7.53324,44.21133]},
			"properties" : { "ANNO":"2010","ID_SEZIONE":"1800","ISTAT_COMUNE_SEZ":"4239","COMUNE_SEZ":"VERNANTE","PROVINCIA":"CN","ID_CENTRALE":"1594","NOME_CENTRALE":"VERNANTE","ISTAT_COMUNE_CENTR":"4239","COMUNE_CENTR":"VERNANTE","PROVINCIA_CENTR":"CN","INDIRIZZO_CENTRALE":"CONDOMINIO VERMENAGNA","LATITUDINE_SEZIONE":"44.21133","LONGITUDINE_SEZIONE":"7.53324","POS_X_SEZIONE":"382821.56115","POS_Y_SEZIONE":"4896391.63797","LATITUDINE_CENTRALE":"44.24100","LONGITUDINE_CENTRALE":"7.53259","POS_X_CENTRALE":"382828.76455","POS_Y_CENTRALE":"4899687.35565","TIPO_ADSL":"ADSL_M","DESCRIZIONE_TIPO_ADSL":"ADSL Mini","DISTANZA_CALCOLATA":"3295.73","CLASSE_DISTANZA":"2900-3299","POTENZA_SEGNALE":"0.64","POPOLAZIONE_SEZIONE": "19"}
			},
		 		{ "type" : "Feature",
				"geometry" : {
					"type" : "Point",
					"coordinates" : [7.52394,44.24329]},
			"properties" : { "ANNO":"2010","ID_SEZIONE":"3366","ISTAT_COMUNE_SEZ":"4239","COMUNE_SEZ":"VERNANTE","PROVINCIA":"CN","ID_CENTRALE":"1594","NOME_CENTRALE":"VERNANTE","ISTAT_COMUNE_CENTR":"4239","COMUNE_CENTR":"VERNANTE","PROVINCIA_CENTR":"CN","INDIRIZZO_CENTRALE":"CONDOMINIO VERMENAGNA","LATITUDINE_SEZIONE":"44.24329","LONGITUDINE_SEZIONE":"7.52394","POS_X_SEZIONE":"382142.77202","POS_Y_SEZIONE":"4899954.12527","LATITUDINE_CENTRALE":"44.24100","LONGITUDINE_CENTRALE":"7.53259","POS_X_CENTRALE":"382828.76455","POS_Y_CENTRALE":"4899687.35565","TIPO_ADSL":"ADSL_M","DESCRIZIONE_TIPO_ADSL":"ADSL Mini","DISTANZA_CALCOLATA":"736.04","CLASSE_DISTANZA":"500-899","POTENZA_SEGNALE":"0.64","POPOLAZIONE_SEZIONE": "4"}
			},
		 		{ "type" : "Feature",
				"geometry" : {
					"type" : "Point",
					"coordinates" : [7.54169,44.24937]},
			"properties" : { "ANNO":"2010","ID_SEZIONE":"3367","ISTAT_COMUNE_SEZ":"4239","COMUNE_SEZ":"VERNANTE","PROVINCIA":"CN","ID_CENTRALE":"1594","NOME_CENTRALE":"VERNANTE","ISTAT_COMUNE_CENTR":"4239","COMUNE_CENTR":"VERNANTE","PROVINCIA_CENTR":"CN","INDIRIZZO_CENTRALE":"CONDOMINIO VERMENAGNA","LATITUDINE_SEZIONE":"44.24937","LONGITUDINE_SEZIONE":"7.54169","POS_X_SEZIONE":"383571.63859","POS_Y_SEZIONE":"4900604.12770","LATITUDINE_CENTRALE":"44.24100","LONGITUDINE_CENTRALE":"7.53259","POS_X_CENTRALE":"382828.76455","POS_Y_CENTRALE":"4899687.35565","TIPO_ADSL":"ADSL_M","DESCRIZIONE_TIPO_ADSL":"ADSL Mini","DISTANZA_CALCOLATA":"1179.97","CLASSE_DISTANZA":"900-1299","POTENZA_SEGNALE":"0.64","POPOLAZIONE_SEZIONE": "4"}
			},
		 		{ "type" : "Feature",
				"geometry" : {
					"type" : "Point",
					"coordinates" : [7.49754,44.19651]},
			"properties" : { "ANNO":"2010","ID_SEZIONE":"3947","ISTAT_COMUNE_SEZ":"4239","COMUNE_SEZ":"VERNANTE","PROVINCIA":"CN","ID_CENTRALE":"1594","NOME_CENTRALE":"VERNANTE","ISTAT_COMUNE_CENTR":"4239","COMUNE_CENTR":"VERNANTE","PROVINCIA_CENTR":"CN","INDIRIZZO_CENTRALE":"CONDOMINIO VERMENAGNA","LATITUDINE_SEZIONE":"44.19651","LONGITUDINE_SEZIONE":"7.49754","POS_X_SEZIONE":"379939.24383","POS_Y_SEZIONE":"4894796.12719","LATITUDINE_CENTRALE":"44.24100","LONGITUDINE_CENTRALE":"7.53259","POS_X_CENTRALE":"382828.76455","POS_Y_CENTRALE":"4899687.35565","TIPO_ADSL":"ADSL_M","DESCRIZIONE_TIPO_ADSL":"ADSL Mini","DISTANZA_CALCOLATA":"5680.97","CLASSE_DISTANZA":"5300-5699","POTENZA_SEGNALE":"0.00","POPOLAZIONE_SEZIONE": "8"}
			},
		 		{ "type" : "Feature",
				"geometry" : {
					"type" : "Point",
					"coordinates" : [7.49684,44.24454]},
			"properties" : { "ANNO":"2010","ID_SEZIONE":"5706","ISTAT_COMUNE_SEZ":"4239","COMUNE_SEZ":"VERNANTE","PROVINCIA":"CN","ID_CENTRALE":"1594","NOME_CENTRALE":"VERNANTE","ISTAT_COMUNE_CENTR":"4239","COMUNE_CENTR":"VERNANTE","PROVINCIA_CENTR":"CN","INDIRIZZO_CENTRALE":"CONDOMINIO VERMENAGNA","LATITUDINE_SEZIONE":"44.24454","LONGITUDINE_SEZIONE":"7.49684","POS_X_SEZIONE":"379980.86789","POS_Y_SEZIONE":"4900132.61718","LATITUDINE_CENTRALE":"44.24100","LONGITUDINE_CENTRALE":"7.53259","POS_X_CENTRALE":"382828.76455","POS_Y_CENTRALE":"4899687.35565","TIPO_ADSL":"ADSL_M","DESCRIZIONE_TIPO_ADSL":"ADSL Mini","DISTANZA_CALCOLATA":"2882.49","CLASSE_DISTANZA":"2500-2899","POTENZA_SEGNALE":"0.64","POPOLAZIONE_SEZIONE": ""}
			},
		 		{ "type" : "Feature",
				"geometry" : {
					"type" : "Point",
					"coordinates" : [7.51160,44.25857]},
			"properties" : { "ANNO":"2010","ID_SEZIONE":"6816","ISTAT_COMUNE_SEZ":"4239","COMUNE_SEZ":"VERNANTE","PROVINCIA":"CN","ID_CENTRALE":"1594","NOME_CENTRALE":"VERNANTE","ISTAT_COMUNE_CENTR":"4239","COMUNE_CENTR":"VERNANTE","PROVINCIA_CENTR":"CN","INDIRIZZO_CENTRALE":"CONDOMINIO VERMENAGNA","LATITUDINE_SEZIONE":"44.25857","LONGITUDINE_SEZIONE":"7.51160","POS_X_SEZIONE":"381187.86898","POS_Y_SEZIONE":"4901669.12098","LATITUDINE_CENTRALE":"44.24100","LONGITUDINE_CENTRALE":"7.53259","POS_X_CENTRALE":"382828.76455","POS_Y_CENTRALE":"4899687.35565","TIPO_ADSL":"ADSL_M","DESCRIZIONE_TIPO_ADSL":"ADSL Mini","DISTANZA_CALCOLATA":"2572.92","CLASSE_DISTANZA":"2500-2899","POTENZA_SEGNALE":"0.64","POPOLAZIONE_SEZIONE": "15"}
			},
		 		{ "type" : "Feature",
				"geometry" : {
					"type" : "Point",
					"coordinates" : [7.52419,44.20597]},
			"properties" : { "ANNO":"2010","ID_SEZIONE":"7001","ISTAT_COMUNE_SEZ":"4239","COMUNE_SEZ":"VERNANTE","PROVINCIA":"CN","ID_CENTRALE":"1594","NOME_CENTRALE":"VERNANTE","ISTAT_COMUNE_CENTR":"4239","COMUNE_CENTR":"VERNANTE","PROVINCIA_CENTR":"CN","INDIRIZZO_CENTRALE":"CONDOMINIO VERMENAGNA","LATITUDINE_SEZIONE":"44.20597","LONGITUDINE_SEZIONE":"7.52419","POS_X_SEZIONE":"382087.56972","POS_Y_SEZIONE":"4895808.63637","LATITUDINE_CENTRALE":"44.24100","LONGITUDINE_CENTRALE":"7.53259","POS_X_CENTRALE":"382828.76455","POS_Y_CENTRALE":"4899687.35565","TIPO_ADSL":"ADSL_M","DESCRIZIONE_TIPO_ADSL":"ADSL Mini","DISTANZA_CALCOLATA":"3948.9","CLASSE_DISTANZA":"3700-4099","POTENZA_SEGNALE":"0.64","POPOLAZIONE_SEZIONE": "5"}
			},
		 		{ "type" : "Feature",
				"geometry" : {
					"type" : "Point",
					"coordinates" : [7.52819,44.22319]},
			"properties" : { "ANNO":"2010","ID_SEZIONE":"8692","ISTAT_COMUNE_SEZ":"4239","COMUNE_SEZ":"VERNANTE","PROVINCIA":"CN","ID_CENTRALE":"1594","NOME_CENTRALE":"VERNANTE","ISTAT_COMUNE_CENTR":"4239","COMUNE_CENTR":"VERNANTE","PROVINCIA_CENTR":"CN","INDIRIZZO_CENTRALE":"CONDOMINIO VERMENAGNA","LATITUDINE_SEZIONE":"44.22319","LONGITUDINE_SEZIONE":"7.52819","POS_X_SEZIONE":"382441.79692","POS_Y_SEZIONE":"4897715.63260","LATITUDINE_CENTRALE":"44.24100","LONGITUDINE_CENTRALE":"7.53259","POS_X_CENTRALE":"382828.76455","POS_Y_CENTRALE":"4899687.35565","TIPO_ADSL":"ADSL_M","DESCRIZIONE_TIPO_ADSL":"ADSL Mini","DISTANZA_CALCOLATA":"2009.34","CLASSE_DISTANZA":"1700-2099","POTENZA_SEGNALE":"0.64","POPOLAZIONE_SEZIONE": "11"}
			},
		 		{ "type" : "Feature",
				"geometry" : {
					"type" : "Point",
					"coordinates" : [7.52213,44.21563]},
			"properties" : { "ANNO":"2010","ID_SEZIONE":"8923","ISTAT_COMUNE_SEZ":"4239","COMUNE_SEZ":"VERNANTE","PROVINCIA":"CN","ID_CENTRALE":"1594","NOME_CENTRALE":"VERNANTE","ISTAT_COMUNE_CENTR":"4239","COMUNE_CENTR":"VERNANTE","PROVINCIA_CENTR":"CN","INDIRIZZO_CENTRALE":"CONDOMINIO VERMENAGNA","LATITUDINE_SEZIONE":"44.21563","LONGITUDINE_SEZIONE":"7.52213","POS_X_SEZIONE":"381942.49554","POS_Y_SEZIONE":"4896884.63253","LATITUDINE_CENTRALE":"44.24100","LONGITUDINE_CENTRALE":"7.53259","POS_X_CENTRALE":"382828.76455","POS_Y_CENTRALE":"4899687.35565","TIPO_ADSL":"ADSL_M","DESCRIZIONE_TIPO_ADSL":"ADSL Mini","DISTANZA_CALCOLATA":"2939.51","CLASSE_DISTANZA":"2900-3299","POTENZA_SEGNALE":"0.64","POPOLAZIONE_SEZIONE": "1"}
			},
		 		{ "type" : "Feature",
				"geometry" : {
					"type" : "Point",
					"coordinates" : [7.57482,44.24266]},
			"properties" : { "ANNO":"2010","ID_SEZIONE":"9567","ISTAT_COMUNE_SEZ":"4239","COMUNE_SEZ":"VERNANTE","PROVINCIA":"CN","ID_CENTRALE":"1594","NOME_CENTRALE":"VERNANTE","ISTAT_COMUNE_CENTR":"4239","COMUNE_CENTR":"VERNANTE","PROVINCIA_CENTR":"CN","INDIRIZZO_CENTRALE":"CONDOMINIO VERMENAGNA","LATITUDINE_SEZIONE":"44.24266","LONGITUDINE_SEZIONE":"7.57482","POS_X_SEZIONE":"386203.54745","POS_Y_SEZIONE":"4899813.13993","LATITUDINE_CENTRALE":"44.24100","LONGITUDINE_CENTRALE":"7.53259","POS_X_CENTRALE":"382828.76455","POS_Y_CENTRALE":"4899687.35565","TIPO_ADSL":"ADSL_M","DESCRIZIONE_TIPO_ADSL":"ADSL Mini","DISTANZA_CALCOLATA":"3377.13","CLASSE_DISTANZA":"3300-3699","POTENZA_SEGNALE":"0.64","POPOLAZIONE_SEZIONE": ""}
			},
		 		{ "type" : "Feature",
				"geometry" : {
					"type" : "Point",
					"coordinates" : [7.51398,44.17713]},
			"properties" : { "ANNO":"2010","ID_SEZIONE":"9570","ISTAT_COMUNE_SEZ":"4239","COMUNE_SEZ":"VERNANTE","PROVINCIA":"CN","ID_CENTRALE":"1594","NOME_CENTRALE":"VERNANTE","ISTAT_COMUNE_CENTR":"4239","COMUNE_CENTR":"VERNANTE","PROVINCIA_CENTR":"CN","INDIRIZZO_CENTRALE":"CONDOMINIO VERMENAGNA","LATITUDINE_SEZIONE":"44.17713","LONGITUDINE_SEZIONE":"7.51398","POS_X_SEZIONE":"381214.26617","POS_Y_SEZIONE":"4892619.63925","LATITUDINE_CENTRALE":"44.24100","LONGITUDINE_CENTRALE":"7.53259","POS_X_CENTRALE":"382828.76455","POS_Y_CENTRALE":"4899687.35565","TIPO_ADSL":"ADSL_M","DESCRIZIONE_TIPO_ADSL":"ADSL Mini","DISTANZA_CALCOLATA":"7249.77","CLASSE_DISTANZA":"6100 e oltre","POTENZA_SEGNALE":"0.00","POPOLAZIONE_SEZIONE": ""}
			},
		 		{ "type" : "Feature",
				"geometry" : {
					"type" : "Point",
					"coordinates" : [7.50016,44.20566]},
			"properties" : { "ANNO":"2010","ID_SEZIONE":"9915","ISTAT_COMUNE_SEZ":"4239","COMUNE_SEZ":"VERNANTE","PROVINCIA":"CN","ID_CENTRALE":"1594","NOME_CENTRALE":"VERNANTE","ISTAT_COMUNE_CENTR":"4239","COMUNE_CENTR":"VERNANTE","PROVINCIA_CENTR":"CN","INDIRIZZO_CENTRALE":"CONDOMINIO VERMENAGNA","LATITUDINE_SEZIONE":"44.20566","LONGITUDINE_SEZIONE":"7.50016","POS_X_SEZIONE":"380167.32447","POS_Y_SEZIONE":"4895808.62664","LATITUDINE_CENTRALE":"44.24100","LONGITUDINE_CENTRALE":"7.53259","POS_X_CENTRALE":"382828.76455","POS_Y_CENTRALE":"4899687.35565","TIPO_ADSL":"ADSL_M","DESCRIZIONE_TIPO_ADSL":"ADSL Mini","DISTANZA_CALCOLATA":"4704.02","CLASSE_DISTANZA":"4500-4899","POTENZA_SEGNALE":"0.00","POPOLAZIONE_SEZIONE": ""}
			},
		 		{ "type" : "Feature",
				"geometry" : {
					"type" : "Point",
					"coordinates" : [7.48291,44.22256]},
			"properties" : { "ANNO":"2010","ID_SEZIONE":"10984","ISTAT_COMUNE_SEZ":"4239","COMUNE_SEZ":"VERNANTE","PROVINCIA":"CN","ID_CENTRALE":"1594","NOME_CENTRALE":"VERNANTE","ISTAT_COMUNE_CENTR":"4239","COMUNE_CENTR":"VERNANTE","PROVINCIA_CENTR":"CN","INDIRIZZO_CENTRALE":"CONDOMINIO VERMENAGNA","LATITUDINE_SEZIONE":"44.22256","LONGITUDINE_SEZIONE":"7.48291","POS_X_SEZIONE":"378823.58713","POS_Y_SEZIONE":"4897711.11676","LATITUDINE_CENTRALE":"44.24100","LONGITUDINE_CENTRALE":"7.53259","POS_X_CENTRALE":"382828.76455","POS_Y_CENTRALE":"4899687.35565","TIPO_ADSL":"ADSL_M","DESCRIZIONE_TIPO_ADSL":"ADSL Mini","DISTANZA_CALCOLATA":"4466.2","CLASSE_DISTANZA":"4100-4499","POTENZA_SEGNALE":"0.00","POPOLAZIONE_SEZIONE": ""}
			},
		 		{ "type" : "Feature",
				"geometry" : {
					"type" : "Point",
					"coordinates" : [7.54973,44.23484]},
			"properties" : { "ANNO":"2010","ID_SEZIONE":"11397","ISTAT_COMUNE_SEZ":"4239","COMUNE_SEZ":"VERNANTE","PROVINCIA":"CN","ID_CENTRALE":"1594","NOME_CENTRALE":"VERNANTE","ISTAT_COMUNE_CENTR":"4239","COMUNE_CENTR":"VERNANTE","PROVINCIA_CENTR":"CN","INDIRIZZO_CENTRALE":"CONDOMINIO VERMENAGNA","LATITUDINE_SEZIONE":"44.23484","LONGITUDINE_SEZIONE":"7.54973","POS_X_SEZIONE":"384184.87276","POS_Y_SEZIONE":"4898979.63567","LATITUDINE_CENTRALE":"44.24100","LONGITUDINE_CENTRALE":"7.53259","POS_X_CENTRALE":"382828.76455","POS_Y_CENTRALE":"4899687.35565","TIPO_ADSL":"ADSL_M","DESCRIZIONE_TIPO_ADSL":"ADSL Mini","DISTANZA_CALCOLATA":"1529.67","CLASSE_DISTANZA":"1300-1699","POTENZA_SEGNALE":"0.64","POPOLAZIONE_SEZIONE": "11"}
			},
		 		{ "type" : "Feature",
				"geometry" : {
					"type" : "Point",
					"coordinates" : [7.49873,44.21390]},
			"properties" : { "ANNO":"2010","ID_SEZIONE":"12249","ISTAT_COMUNE_SEZ":"4239","COMUNE_SEZ":"VERNANTE","PROVINCIA":"CN","ID_CENTRALE":"1594","NOME_CENTRALE":"VERNANTE","ISTAT_COMUNE_CENTR":"4239","COMUNE_CENTR":"VERNANTE","PROVINCIA_CENTR":"CN","INDIRIZZO_CENTRALE":"CONDOMINIO VERMENAGNA","LATITUDINE_SEZIONE":"44.21390","LONGITUDINE_SEZIONE":"7.49873","POS_X_SEZIONE":"380069.68914","POS_Y_SEZIONE":"4896726.12450","LATITUDINE_CENTRALE":"44.24100","LONGITUDINE_CENTRALE":"7.53259","POS_X_CENTRALE":"382828.76455","POS_Y_CENTRALE":"4899687.35565","TIPO_ADSL":"ADSL_M","DESCRIZIONE_TIPO_ADSL":"ADSL Mini","DISTANZA_CALCOLATA":"4047.39","CLASSE_DISTANZA":"3700-4099","POTENZA_SEGNALE":"0.64","POPOLAZIONE_SEZIONE": "1"}
			},
		 		{ "type" : "Feature",
				"geometry" : {
					"type" : "Point",
					"coordinates" : [7.50127,44.23491]},
			"properties" : { "ANNO":"2010","ID_SEZIONE":"12819","ISTAT_COMUNE_SEZ":"4239","COMUNE_SEZ":"VERNANTE","PROVINCIA":"CN","ID_CENTRALE":"1594","NOME_CENTRALE":"VERNANTE","ISTAT_COMUNE_CENTR":"4239","COMUNE_CENTR":"VERNANTE","PROVINCIA_CENTR":"CN","INDIRIZZO_CENTRALE":"CONDOMINIO VERMENAGNA","LATITUDINE_SEZIONE":"44.23491","LONGITUDINE_SEZIONE":"7.50127","POS_X_SEZIONE":"380315.31807","POS_Y_SEZIONE":"4899056.12079","LATITUDINE_CENTRALE":"44.24100","LONGITUDINE_CENTRALE":"7.53259","POS_X_CENTRALE":"382828.76455","POS_Y_CENTRALE":"4899687.35565","TIPO_ADSL":"ADSL_M","DESCRIZIONE_TIPO_ADSL":"ADSL Mini","DISTANZA_CALCOLATA":"2591.5","CLASSE_DISTANZA":"2500-2899","POTENZA_SEGNALE":"0.64","POPOLAZIONE_SEZIONE": "4"}
			},
		 		{ "type" : "Feature",
				"geometry" : {
					"type" : "Point",
					"coordinates" : [7.53730,44.24451]},
			"properties" : { "ANNO":"2010","ID_SEZIONE":"16122","ISTAT_COMUNE_SEZ":"4239","COMUNE_SEZ":"VERNANTE","PROVINCIA":"CN","ID_CENTRALE":"1594","NOME_CENTRALE":"VERNANTE","ISTAT_COMUNE_CENTR":"4239","COMUNE_CENTR":"VERNANTE","PROVINCIA_CENTR":"CN","INDIRIZZO_CENTRALE":"CONDOMINIO VERMENAGNA","LATITUDINE_SEZIONE":"44.24451","LONGITUDINE_SEZIONE":"7.53730","POS_X_SEZIONE":"383211.30067","POS_Y_SEZIONE":"4900070.62882","LATITUDINE_CENTRALE":"44.24100","LONGITUDINE_CENTRALE":"7.53259","POS_X_CENTRALE":"382828.76455","POS_Y_CENTRALE":"4899687.35565","TIPO_ADSL":"ADSL_M","DESCRIZIONE_TIPO_ADSL":"ADSL Mini","DISTANZA_CALCOLATA":"541.51","CLASSE_DISTANZA":"500-899","POTENZA_SEGNALE":"0.64","POPOLAZIONE_SEZIONE": "87"}
			},
		 		{ "type" : "Feature",
				"geometry" : {
					"type" : "Point",
					"coordinates" : [7.52769,44.23410]},
			"properties" : { "ANNO":"2010","ID_SEZIONE":"17171","ISTAT_COMUNE_SEZ":"4239","COMUNE_SEZ":"VERNANTE","PROVINCIA":"CN","ID_CENTRALE":"1594","NOME_CENTRALE":"VERNANTE","ISTAT_COMUNE_CENTR":"4239","COMUNE_CENTR":"VERNANTE","PROVINCIA_CENTR":"CN","INDIRIZZO_CENTRALE":"CONDOMINIO VERMENAGNA","LATITUDINE_SEZIONE":"44.23410","LONGITUDINE_SEZIONE":"7.52769","POS_X_SEZIONE":"382423.31526","POS_Y_SEZIONE":"4898928.12898","LATITUDINE_CENTRALE":"44.24100","LONGITUDINE_CENTRALE":"7.53259","POS_X_CENTRALE":"382828.76455","POS_Y_CENTRALE":"4899687.35565","TIPO_ADSL":"ADSL_M","DESCRIZIONE_TIPO_ADSL":"ADSL Mini","DISTANZA_CALCOLATA":"860.71","CLASSE_DISTANZA":"500-899","POTENZA_SEGNALE":"0.64","POPOLAZIONE_SEZIONE": "14"}
			},
		 		{ "type" : "Feature",
				"geometry" : {
					"type" : "Point",
					"coordinates" : [7.52128,44.22309]},
			"properties" : { "ANNO":"2010","ID_SEZIONE":"17172","ISTAT_COMUNE_SEZ":"4239","COMUNE_SEZ":"VERNANTE","PROVINCIA":"CN","ID_CENTRALE":"1594","NOME_CENTRALE":"VERNANTE","ISTAT_COMUNE_CENTR":"4239","COMUNE_CENTR":"VERNANTE","PROVINCIA_CENTR":"CN","INDIRIZZO_CENTRALE":"CONDOMINIO VERMENAGNA","LATITUDINE_SEZIONE":"44.22309","LONGITUDINE_SEZIONE":"7.52128","POS_X_SEZIONE":"381890.01708","POS_Y_SEZIONE":"4897714.63010","LATITUDINE_CENTRALE":"44.24100","LONGITUDINE_CENTRALE":"7.53259","POS_X_CENTRALE":"382828.76455","POS_Y_CENTRALE":"4899687.35565","TIPO_ADSL":"ADSL_M","DESCRIZIONE_TIPO_ADSL":"ADSL Mini","DISTANZA_CALCOLATA":"2184.7","CLASSE_DISTANZA":"2100-2499","POTENZA_SEGNALE":"0.64","POPOLAZIONE_SEZIONE": "13"}
			},
		 		{ "type" : "Feature",
				"geometry" : {
					"type" : "Point",
					"coordinates" : [7.54899,44.26071]},
			"properties" : { "ANNO":"2010","ID_SEZIONE":"17634","ISTAT_COMUNE_SEZ":"4239","COMUNE_SEZ":"VERNANTE","PROVINCIA":"CN","ID_CENTRALE":"1594","NOME_CENTRALE":"VERNANTE","ISTAT_COMUNE_CENTR":"4239","COMUNE_CENTR":"VERNANTE","PROVINCIA_CENTR":"CN","INDIRIZZO_CENTRALE":"CONDOMINIO VERMENAGNA","LATITUDINE_SEZIONE":"44.26071","LONGITUDINE_SEZIONE":"7.54899","POS_X_SEZIONE":"384176.45087","POS_Y_SEZIONE":"4901853.12969","LATITUDINE_CENTRALE":"44.24100","LONGITUDINE_CENTRALE":"7.53259","POS_X_CENTRALE":"382828.76455","POS_Y_CENTRALE":"4899687.35565","TIPO_ADSL":"ADSL_M","DESCRIZIONE_TIPO_ADSL":"ADSL Mini","DISTANZA_CALCOLATA":"2550.85","CLASSE_DISTANZA":"2500-2899","POTENZA_SEGNALE":"0.64","POPOLAZIONE_SEZIONE": ""}
			},
		 		{ "type" : "Feature",
				"geometry" : {
					"type" : "Point",
					"coordinates" : [7.54544,44.23760]},
			"properties" : { "ANNO":"2010","ID_SEZIONE":"17635","ISTAT_COMUNE_SEZ":"4239","COMUNE_SEZ":"VERNANTE","PROVINCIA":"CN","ID_CENTRALE":"1594","NOME_CENTRALE":"VERNANTE","ISTAT_COMUNE_CENTR":"4239","COMUNE_CENTR":"VERNANTE","PROVINCIA_CENTR":"CN","INDIRIZZO_CENTRALE":"CONDOMINIO VERMENAGNA","LATITUDINE_SEZIONE":"44.23760","LONGITUDINE_SEZIONE":"7.54544","POS_X_SEZIONE":"383847.55795","POS_Y_SEZIONE":"4899292.13333","LATITUDINE_CENTRALE":"44.24100","LONGITUDINE_CENTRALE":"7.53259","POS_X_CENTRALE":"382828.76455","POS_Y_CENTRALE":"4899687.35565","TIPO_ADSL":"ADSL_M","DESCRIZIONE_TIPO_ADSL":"ADSL Mini","DISTANZA_CALCOLATA":"1092.77","CLASSE_DISTANZA":"900-1299","POTENZA_SEGNALE":"0.64","POPOLAZIONE_SEZIONE": "8"}
			},
		 		{ "type" : "Feature",
				"geometry" : {
					"type" : "Point",
					"coordinates" : [7.51851,44.20357]},
			"properties" : { "ANNO":"2010","ID_SEZIONE":"17838","ISTAT_COMUNE_SEZ":"4239","COMUNE_SEZ":"VERNANTE","PROVINCIA":"CN","ID_CENTRALE":"1594","NOME_CENTRALE":"VERNANTE","ISTAT_COMUNE_CENTR":"4239","COMUNE_CENTR":"VERNANTE","PROVINCIA_CENTR":"CN","INDIRIZZO_CENTRALE":"CONDOMINIO VERMENAGNA","LATITUDINE_SEZIONE":"44.20357","LONGITUDINE_SEZIONE":"7.51851","POS_X_SEZIONE":"381629.66764","POS_Y_SEZIONE":"4895550.13474","LATITUDINE_CENTRALE":"44.24100","LONGITUDINE_CENTRALE":"7.53259","POS_X_CENTRALE":"382828.76455","POS_Y_CENTRALE":"4899687.35565","TIPO_ADSL":"ADSL_M","DESCRIZIONE_TIPO_ADSL":"ADSL Mini","DISTANZA_CALCOLATA":"4307.49","CLASSE_DISTANZA":"4100-4499","POTENZA_SEGNALE":"0.00","POPOLAZIONE_SEZIONE": ""}
			},
		 		{ "type" : "Feature",
				"geometry" : {
					"type" : "Point",
					"coordinates" : [7.49759,44.16942]},
			"properties" : { "ANNO":"2010","ID_SEZIONE":"18157","ISTAT_COMUNE_SEZ":"4239","COMUNE_SEZ":"VERNANTE","PROVINCIA":"CN","ID_CENTRALE":"1594","NOME_CENTRALE":"VERNANTE","ISTAT_COMUNE_CENTR":"4239","COMUNE_CENTR":"VERNANTE","PROVINCIA_CENTR":"CN","INDIRIZZO_CENTRALE":"CONDOMINIO VERMENAGNA","LATITUDINE_SEZIONE":"44.16942","LONGITUDINE_SEZIONE":"7.49759","POS_X_SEZIONE":"379888.34181","POS_Y_SEZIONE":"4891787.63310","LATITUDINE_CENTRALE":"44.24100","LONGITUDINE_CENTRALE":"7.53259","POS_X_CENTRALE":"382828.76455","POS_Y_CENTRALE":"4899687.35565","TIPO_ADSL":"ADSL_M","DESCRIZIONE_TIPO_ADSL":"ADSL Mini","DISTANZA_CALCOLATA":"8429.22","CLASSE_DISTANZA":"6100 e oltre","POTENZA_SEGNALE":"0.00","POPOLAZIONE_SEZIONE": ""}
			},
		 		{ "type" : "Feature",
				"geometry" : {
					"type" : "Point",
					"coordinates" : [7.54866,44.23200]},
			"properties" : { "ANNO":"2010","ID_SEZIONE":"19222","ISTAT_COMUNE_SEZ":"4239","COMUNE_SEZ":"VERNANTE","PROVINCIA":"CN","ID_CENTRALE":"1594","NOME_CENTRALE":"VERNANTE","ISTAT_COMUNE_CENTR":"4239","COMUNE_CENTR":"VERNANTE","PROVINCIA_CENTR":"CN","INDIRIZZO_CENTRALE":"CONDOMINIO VERMENAGNA","LATITUDINE_SEZIONE":"44.23200","LONGITUDINE_SEZIONE":"7.54866","POS_X_SEZIONE":"384093.68966","POS_Y_SEZIONE":"4898665.13660","LATITUDINE_CENTRALE":"44.24100","LONGITUDINE_CENTRALE":"7.53259","POS_X_CENTRALE":"382828.76455","POS_Y_CENTRALE":"4899687.35565","TIPO_ADSL":"ADSL_M","DESCRIZIONE_TIPO_ADSL":"ADSL Mini","DISTANZA_CALCOLATA":"1626.34","CLASSE_DISTANZA":"1300-1699","POTENZA_SEGNALE":"0.64","POPOLAZIONE_SEZIONE": "6"}
			},
		 		{ "type" : "Feature",
				"geometry" : {
					"type" : "Point",
					"coordinates" : [7.55651,44.25355]},
			"properties" : { "ANNO":"2010","ID_SEZIONE":"19409","ISTAT_COMUNE_SEZ":"4239","COMUNE_SEZ":"VERNANTE","PROVINCIA":"CN","ID_CENTRALE":"1594","NOME_CENTRALE":"VERNANTE","ISTAT_COMUNE_CENTR":"4239","COMUNE_CENTR":"VERNANTE","PROVINCIA_CENTR":"CN","INDIRIZZO_CENTRALE":"CONDOMINIO VERMENAGNA","LATITUDINE_SEZIONE":"44.25355","LONGITUDINE_SEZIONE":"7.55651","POS_X_SEZIONE":"384763.37491","POS_Y_SEZIONE":"4901047.63183","LATITUDINE_CENTRALE":"44.24100","LONGITUDINE_CENTRALE":"7.53259","POS_X_CENTRALE":"382828.76455","POS_Y_CENTRALE":"4899687.35565","TIPO_ADSL":"ADSL_M","DESCRIZIONE_TIPO_ADSL":"ADSL Mini","DISTANZA_CALCOLATA":"2364.97","CLASSE_DISTANZA":"2100-2499","POTENZA_SEGNALE":"0.64","POPOLAZIONE_SEZIONE": ""}
			},
		 		{ "type" : "Feature",
				"geometry" : {
					"type" : "Point",
					"coordinates" : [7.49770,44.25379]},
			"properties" : { "ANNO":"2010","ID_SEZIONE":"19811","ISTAT_COMUNE_SEZ":"4239","COMUNE_SEZ":"VERNANTE","PROVINCIA":"CN","ID_CENTRALE":"1594","NOME_CENTRALE":"VERNANTE","ISTAT_COMUNE_CENTR":"4239","COMUNE_CENTR":"VERNANTE","PROVINCIA_CENTR":"CN","INDIRIZZO_CENTRALE":"CONDOMINIO VERMENAGNA","LATITUDINE_SEZIONE":"44.25379","LONGITUDINE_SEZIONE":"7.49770","POS_X_SEZIONE":"380068.44601","POS_Y_SEZIONE":"4901158.61705","LATITUDINE_CENTRALE":"44.24100","LONGITUDINE_CENTRALE":"7.53259","POS_X_CENTRALE":"382828.76455","POS_Y_CENTRALE":"4899687.35565","TIPO_ADSL":"ADSL_M","DESCRIZIONE_TIPO_ADSL":"ADSL Mini","DISTANZA_CALCOLATA":"3127.93","CLASSE_DISTANZA":"2900-3299","POTENZA_SEGNALE":"0.64","POPOLAZIONE_SEZIONE": ""}
			},
		 		{ "type" : "Feature",
				"geometry" : {
					"type" : "Point",
					"coordinates" : [7.51046,44.21376]},
			"properties" : { "ANNO":"2010","ID_SEZIONE":"21009","ISTAT_COMUNE_SEZ":"4239","COMUNE_SEZ":"VERNANTE","PROVINCIA":"CN","ID_CENTRALE":"1594","NOME_CENTRALE":"VERNANTE","ISTAT_COMUNE_CENTR":"4239","COMUNE_CENTR":"VERNANTE","PROVINCIA_CENTR":"CN","INDIRIZZO_CENTRALE":"CONDOMINIO VERMENAGNA","LATITUDINE_SEZIONE":"44.21376","LONGITUDINE_SEZIONE":"7.51046","POS_X_SEZIONE":"381006.34399","POS_Y_SEZIONE":"4896693.62888","LATITUDINE_CENTRALE":"44.24100","LONGITUDINE_CENTRALE":"7.53259","POS_X_CENTRALE":"382828.76455","POS_Y_CENTRALE":"4899687.35565","TIPO_ADSL":"ADSL_M","DESCRIZIONE_TIPO_ADSL":"ADSL Mini","DISTANZA_CALCOLATA":"3504.8","CLASSE_DISTANZA":"3300-3699","POTENZA_SEGNALE":"0.64","POPOLAZIONE_SEZIONE": "4"}
			},
		 		{ "type" : "Feature",
				"geometry" : {
					"type" : "Point",
					"coordinates" : [7.53514,44.24473]},
			"properties" : { "ANNO":"2010","ID_SEZIONE":"21254","ISTAT_COMUNE_SEZ":"4239","COMUNE_SEZ":"VERNANTE","PROVINCIA":"CN","ID_CENTRALE":"1594","NOME_CENTRALE":"VERNANTE","ISTAT_COMUNE_CENTR":"4239","COMUNE_CENTR":"VERNANTE","PROVINCIA_CENTR":"CN","INDIRIZZO_CENTRALE":"CONDOMINIO VERMENAGNA","LATITUDINE_SEZIONE":"44.24473","LONGITUDINE_SEZIONE":"7.53514","POS_X_SEZIONE":"383039.76838","POS_Y_SEZIONE":"4900098.62806","LATITUDINE_CENTRALE":"44.24100","LONGITUDINE_CENTRALE":"7.53259","POS_X_CENTRALE":"382828.76455","POS_Y_CENTRALE":"4899687.35565","TIPO_ADSL":"ADSL_M","DESCRIZIONE_TIPO_ADSL":"ADSL Mini","DISTANZA_CALCOLATA":"462.24","CLASSE_DISTANZA":"100-499","POTENZA_SEGNALE":"0.64","POPOLAZIONE_SEZIONE": "142"}
			},
		 		{ "type" : "Feature",
				"geometry" : {
					"type" : "Point",
					"coordinates" : [7.48166,44.19641]},
			"properties" : { "ANNO":"2010","ID_SEZIONE":"21446","ISTAT_COMUNE_SEZ":"4239","COMUNE_SEZ":"VERNANTE","PROVINCIA":"CN","ID_CENTRALE":"1594","NOME_CENTRALE":"VERNANTE","ISTAT_COMUNE_CENTR":"4239","COMUNE_CENTR":"VERNANTE","PROVINCIA_CENTR":"CN","INDIRIZZO_CENTRALE":"CONDOMINIO VERMENAGNA","LATITUDINE_SEZIONE":"44.19641","LONGITUDINE_SEZIONE":"7.48166","POS_X_SEZIONE":"378670.12229","POS_Y_SEZIONE":"4894808.62050","LATITUDINE_CENTRALE":"44.24100","LONGITUDINE_CENTRALE":"7.53259","POS_X_CENTRALE":"382828.76455","POS_Y_CENTRALE":"4899687.35565","TIPO_ADSL":"ADSL_M","DESCRIZIONE_TIPO_ADSL":"ADSL Mini","DISTANZA_CALCOLATA":"6410.64","CLASSE_DISTANZA":"6100 e oltre","POTENZA_SEGNALE":"0.00","POPOLAZIONE_SEZIONE": ""}
			},
		 		{ "type" : "Feature",
				"geometry" : {
					"type" : "Point",
					"coordinates" : [7.53480,44.25039]},
			"properties" : { "ANNO":"2010","ID_SEZIONE":"23927","ISTAT_COMUNE_SEZ":"4239","COMUNE_SEZ":"VERNANTE","PROVINCIA":"CN","ID_CENTRALE":"1594","NOME_CENTRALE":"VERNANTE","ISTAT_COMUNE_CENTR":"4239","COMUNE_CENTR":"VERNANTE","PROVINCIA_CENTR":"CN","INDIRIZZO_CENTRALE":"CONDOMINIO VERMENAGNA","LATITUDINE_SEZIONE":"44.25039","LONGITUDINE_SEZIONE":"7.53480","POS_X_SEZIONE":"383023.94963","POS_Y_SEZIONE":"4900727.12598","LATITUDINE_CENTRALE":"44.24100","LONGITUDINE_CENTRALE":"7.53259","POS_X_CENTRALE":"382828.76455","POS_Y_CENTRALE":"4899687.35565","TIPO_ADSL":"ADSL_M","DESCRIZIONE_TIPO_ADSL":"ADSL Mini","DISTANZA_CALCOLATA":"1057.93","CLASSE_DISTANZA":"900-1299","POTENZA_SEGNALE":"0.64","POPOLAZIONE_SEZIONE": "4"}
			},
		 		{ "type" : "Feature",
				"geometry" : {
					"type" : "Point",
					"coordinates" : [7.54909,44.22513]},
			"properties" : { "ANNO":"2010","ID_SEZIONE":"26402","ISTAT_COMUNE_SEZ":"4239","COMUNE_SEZ":"VERNANTE","PROVINCIA":"CN","ID_CENTRALE":"1594","NOME_CENTRALE":"VERNANTE","ISTAT_COMUNE_CENTR":"4239","COMUNE_CENTR":"VERNANTE","PROVINCIA_CENTR":"CN","INDIRIZZO_CENTRALE":"CONDOMINIO VERMENAGNA","LATITUDINE_SEZIONE":"44.22513","LONGITUDINE_SEZIONE":"7.54909","POS_X_SEZIONE":"384114.91615","POS_Y_SEZIONE":"4897901.63913","LATITUDINE_CENTRALE":"44.24100","LONGITUDINE_CENTRALE":"7.53259","POS_X_CENTRALE":"382828.76455","POS_Y_CENTRALE":"4899687.35565","TIPO_ADSL":"ADSL_M","DESCRIZIONE_TIPO_ADSL":"ADSL Mini","DISTANZA_CALCOLATA":"2200.67","CLASSE_DISTANZA":"2100-2499","POTENZA_SEGNALE":"0.64","POPOLAZIONE_SEZIONE": ""}
			},
		 		{ "type" : "Feature",
				"geometry" : {
					"type" : "Point",
					"coordinates" : [7.51766,44.19172]},
			"properties" : { "ANNO":"2010","ID_SEZIONE":"26404","ISTAT_COMUNE_SEZ":"4239","COMUNE_SEZ":"VERNANTE","PROVINCIA":"CN","ID_CENTRALE":"1594","NOME_CENTRALE":"VERNANTE","ISTAT_COMUNE_CENTR":"4239","COMUNE_CENTR":"VERNANTE","PROVINCIA_CENTR":"CN","INDIRIZZO_CENTRALE":"CONDOMINIO VERMENAGNA","LATITUDINE_SEZIONE":"44.19172","LONGITUDINE_SEZIONE":"7.51766","POS_X_SEZIONE":"381537.55833","POS_Y_SEZIONE":"4894235.63720","LATITUDINE_CENTRALE":"44.24100","LONGITUDINE_CENTRALE":"7.53259","POS_X_CENTRALE":"382828.76455","POS_Y_CENTRALE":"4899687.35565","TIPO_ADSL":"ADSL_M","DESCRIZIONE_TIPO_ADSL":"ADSL Mini","DISTANZA_CALCOLATA":"5602.54","CLASSE_DISTANZA":"5300-5699","POTENZA_SEGNALE":"0.00","POPOLAZIONE_SEZIONE": ""}
			},
		 		{ "type" : "Feature",
				"geometry" : {
					"type" : "Point",
					"coordinates" : [7.56142,44.22939]},
			"properties" : { "ANNO":"2010","ID_SEZIONE":"27283","ISTAT_COMUNE_SEZ":"4239","COMUNE_SEZ":"VERNANTE","PROVINCIA":"CN","ID_CENTRALE":"1594","NOME_CENTRALE":"VERNANTE","ISTAT_COMUNE_CENTR":"4239","COMUNE_CENTR":"VERNANTE","PROVINCIA_CENTR":"CN","INDIRIZZO_CENTRALE":"CONDOMINIO VERMENAGNA","LATITUDINE_SEZIONE":"44.22939","LONGITUDINE_SEZIONE":"7.56142","POS_X_SEZIONE":"385108.09683","POS_Y_SEZIONE":"4898357.64169","LATITUDINE_CENTRALE":"44.24100","LONGITUDINE_CENTRALE":"7.53259","POS_X_CENTRALE":"382828.76455","POS_Y_CENTRALE":"4899687.35565","TIPO_ADSL":"ADSL_M","DESCRIZIONE_TIPO_ADSL":"ADSL Mini","DISTANZA_CALCOLATA":"2638.84","CLASSE_DISTANZA":"2500-2899","POTENZA_SEGNALE":"0.64","POPOLAZIONE_SEZIONE": "8"}
			},
		 		{ "type" : "Feature",
				"geometry" : {
					"type" : "Point",
					"coordinates" : [7.53515,44.24277]},
			"properties" : { "ANNO":"2010","ID_SEZIONE":"27494","ISTAT_COMUNE_SEZ":"4239","COMUNE_SEZ":"VERNANTE","PROVINCIA":"CN","ID_CENTRALE":"1594","NOME_CENTRALE":"VERNANTE","ISTAT_COMUNE_CENTR":"4239","COMUNE_CENTR":"VERNANTE","PROVINCIA_CENTR":"CN","INDIRIZZO_CENTRALE":"CONDOMINIO VERMENAGNA","LATITUDINE_SEZIONE":"44.24277","LONGITUDINE_SEZIONE":"7.53515","POS_X_SEZIONE":"383036.33388","POS_Y_SEZIONE":"4899880.62869","LATITUDINE_CENTRALE":"44.24100","LONGITUDINE_CENTRALE":"7.53259","POS_X_CENTRALE":"382828.76455","POS_Y_CENTRALE":"4899687.35565","TIPO_ADSL":"ADSL_M","DESCRIZIONE_TIPO_ADSL":"ADSL Mini","DISTANZA_CALCOLATA":"283.62","CLASSE_DISTANZA":"100-499","POTENZA_SEGNALE":"0.64","POPOLAZIONE_SEZIONE": "597"}
			},
		 		{ "type" : "Feature",
				"geometry" : {
					"type" : "Point",
					"coordinates" : [7.50650,44.22203]},
			"properties" : { "ANNO":"2010","ID_SEZIONE":"27495","ISTAT_COMUNE_SEZ":"4239","COMUNE_SEZ":"VERNANTE","PROVINCIA":"CN","ID_CENTRALE":"1594","NOME_CENTRALE":"VERNANTE","ISTAT_COMUNE_CENTR":"4239","COMUNE_CENTR":"VERNANTE","PROVINCIA_CENTR":"CN","INDIRIZZO_CENTRALE":"CONDOMINIO VERMENAGNA","LATITUDINE_SEZIONE":"44.22203","LONGITUDINE_SEZIONE":"7.50650","POS_X_SEZIONE":"380707.11481","POS_Y_SEZIONE":"4897617.62556","LATITUDINE_CENTRALE":"44.24100","LONGITUDINE_CENTRALE":"7.53259","POS_X_CENTRALE":"382828.76455","POS_Y_CENTRALE":"4899687.35565","TIPO_ADSL":"ADSL_M","DESCRIZIONE_TIPO_ADSL":"ADSL Mini","DISTANZA_CALCOLATA":"2963.98","CLASSE_DISTANZA":"2900-3299","POTENZA_SEGNALE":"0.64","POPOLAZIONE_SEZIONE": "1"}
			},
		 		{ "type" : "Feature",
				"geometry" : {
					"type" : "Point",
					"coordinates" : [7.50121,44.19311]},
			"properties" : { "ANNO":"2010","ID_SEZIONE":"29139","ISTAT_COMUNE_SEZ":"4239","COMUNE_SEZ":"VERNANTE","PROVINCIA":"CN","ID_CENTRALE":"1594","NOME_CENTRALE":"VERNANTE","ISTAT_COMUNE_CENTR":"4239","COMUNE_CENTR":"VERNANTE","PROVINCIA_CENTR":"CN","INDIRIZZO_CENTRALE":"CONDOMINIO VERMENAGNA","LATITUDINE_SEZIONE":"44.19311","LONGITUDINE_SEZIONE":"7.50121","POS_X_SEZIONE":"380226.12255","POS_Y_SEZIONE":"4894413.62991","LATITUDINE_CENTRALE":"44.24100","LONGITUDINE_CENTRALE":"7.53259","POS_X_CENTRALE":"382828.76455","POS_Y_CENTRALE":"4899687.35565","TIPO_ADSL":"ADSL_M","DESCRIZIONE_TIPO_ADSL":"ADSL Mini","DISTANZA_CALCOLATA":"5880.98","CLASSE_DISTANZA":"5700-6099","POTENZA_SEGNALE":"0.00","POPOLAZIONE_SEZIONE": ""}
			},
		 		{ "type" : "Feature",
				"geometry" : {
					"type" : "Point",
					"coordinates" : [7.54405,44.20892]},
			"properties" : { "ANNO":"2010","ID_SEZIONE":"29989","ISTAT_COMUNE_SEZ":"4239","COMUNE_SEZ":"VERNANTE","PROVINCIA":"CN","ID_CENTRALE":"1594","NOME_CENTRALE":"VERNANTE","ISTAT_COMUNE_CENTR":"4239","COMUNE_CENTR":"VERNANTE","PROVINCIA_CENTR":"CN","INDIRIZZO_CENTRALE":"CONDOMINIO VERMENAGNA","LATITUDINE_SEZIONE":"44.20892","LONGITUDINE_SEZIONE":"7.54405","POS_X_SEZIONE":"383680.84409","POS_Y_SEZIONE":"4896107.64284","LATITUDINE_CENTRALE":"44.24100","LONGITUDINE_CENTRALE":"7.53259","POS_X_CENTRALE":"382828.76455","POS_Y_CENTRALE":"4899687.35565","TIPO_ADSL":"ADSL_M","DESCRIZIONE_TIPO_ADSL":"ADSL Mini","DISTANZA_CALCOLATA":"3679.73","CLASSE_DISTANZA":"3300-3699","POTENZA_SEGNALE":"0.64","POPOLAZIONE_SEZIONE": ""}
			},
		 		{ "type" : "Feature",
				"geometry" : {
					"type" : "Point",
					"coordinates" : [7.51813,44.22695]},
			"properties" : { "ANNO":"2010","ID_SEZIONE":"30218","ISTAT_COMUNE_SEZ":"4239","COMUNE_SEZ":"VERNANTE","PROVINCIA":"CN","ID_CENTRALE":"1594","NOME_CENTRALE":"VERNANTE","ISTAT_COMUNE_CENTR":"4239","COMUNE_CENTR":"VERNANTE","PROVINCIA_CENTR":"CN","INDIRIZZO_CENTRALE":"CONDOMINIO VERMENAGNA","LATITUDINE_SEZIONE":"44.22695","LONGITUDINE_SEZIONE":"7.51813","POS_X_SEZIONE":"381646.07570","POS_Y_SEZIONE":"4898147.62799","LATITUDINE_CENTRALE":"44.24100","LONGITUDINE_CENTRALE":"7.53259","POS_X_CENTRALE":"382828.76455","POS_Y_CENTRALE":"4899687.35565","TIPO_ADSL":"ADSL_M","DESCRIZIONE_TIPO_ADSL":"ADSL Mini","DISTANZA_CALCOLATA":"1941.52","CLASSE_DISTANZA":"1700-2099","POTENZA_SEGNALE":"0.64","POPOLAZIONE_SEZIONE": "7"}
			},
		 		{ "type" : "Feature",
				"geometry" : {
					"type" : "Point",
					"coordinates" : [7.51801,44.21056]},
			"properties" : { "ANNO":"2010","ID_SEZIONE":"30569","ISTAT_COMUNE_SEZ":"4239","COMUNE_SEZ":"VERNANTE","PROVINCIA":"CN","ID_CENTRALE":"1594","NOME_CENTRALE":"VERNANTE","ISTAT_COMUNE_CENTR":"4239","COMUNE_CENTR":"VERNANTE","PROVINCIA_CENTR":"CN","INDIRIZZO_CENTRALE":"CONDOMINIO VERMENAGNA","LATITUDINE_SEZIONE":"44.21056","LONGITUDINE_SEZIONE":"7.51801","POS_X_SEZIONE":"381603.06463","POS_Y_SEZIONE":"4896327.63234","LATITUDINE_CENTRALE":"44.24100","LONGITUDINE_CENTRALE":"7.53259","POS_X_CENTRALE":"382828.76455","POS_Y_CENTRALE":"4899687.35565","TIPO_ADSL":"ADSL_M","DESCRIZIONE_TIPO_ADSL":"ADSL Mini","DISTANZA_CALCOLATA":"3576.32","CLASSE_DISTANZA":"3300-3699","POTENZA_SEGNALE":"0.64","POPOLAZIONE_SEZIONE": ""}
			},
		 		{ "type" : "Feature",
				"geometry" : {
					"type" : "Point",
					"coordinates" : [7.52688,44.25828]},
			"properties" : { "ANNO":"2010","ID_SEZIONE":"31422","ISTAT_COMUNE_SEZ":"4239","COMUNE_SEZ":"VERNANTE","PROVINCIA":"CN","ID_CENTRALE":"1594","NOME_CENTRALE":"VERNANTE","ISTAT_COMUNE_CENTR":"4239","COMUNE_CENTR":"VERNANTE","PROVINCIA_CENTR":"CN","INDIRIZZO_CENTRALE":"CONDOMINIO VERMENAGNA","LATITUDINE_SEZIONE":"44.25828","LONGITUDINE_SEZIONE":"7.52688","POS_X_SEZIONE":"382407.18009","POS_Y_SEZIONE":"4901615.62466","LATITUDINE_CENTRALE":"44.24100","LONGITUDINE_CENTRALE":"7.53259","POS_X_CENTRALE":"382828.76455","POS_Y_CENTRALE":"4899687.35565","TIPO_ADSL":"ADSL_M","DESCRIZIONE_TIPO_ADSL":"ADSL Mini","DISTANZA_CALCOLATA":"1973.82","CLASSE_DISTANZA":"1700-2099","POTENZA_SEGNALE":"0.64","POPOLAZIONE_SEZIONE": "7"}
			},
		 		{ "type" : "Feature",
				"geometry" : {
					"type" : "Point",
					"coordinates" : [7.53340,44.24787]},
			"properties" : { "ANNO":"2010","ID_SEZIONE":"31834","ISTAT_COMUNE_SEZ":"4239","COMUNE_SEZ":"VERNANTE","PROVINCIA":"CN","ID_CENTRALE":"1594","NOME_CENTRALE":"VERNANTE","ISTAT_COMUNE_CENTR":"4239","COMUNE_CENTR":"VERNANTE","PROVINCIA_CENTR":"CN","INDIRIZZO_CENTRALE":"CONDOMINIO VERMENAGNA","LATITUDINE_SEZIONE":"44.24787","LONGITUDINE_SEZIONE":"7.53340","POS_X_SEZIONE":"382906.51475","POS_Y_SEZIONE":"4900449.62658","LATITUDINE_CENTRALE":"44.24100","LONGITUDINE_CENTRALE":"7.53259","POS_X_CENTRALE":"382828.76455","POS_Y_CENTRALE":"4899687.35565","TIPO_ADSL":"ADSL_M","DESCRIZIONE_TIPO_ADSL":"ADSL Mini","DISTANZA_CALCOLATA":"766.23","CLASSE_DISTANZA":"500-899","POTENZA_SEGNALE":"0.64","POPOLAZIONE_SEZIONE": "174"}
			}
		 		]
	}
		