 	{ "type" : "FeatureCollection",
		"features" : [
		 		{ "type" : "Feature",
				"geometry" : {
					"type" : "Point",
					"coordinates" : [7.93338,45.24565]},
			"properties" : { "ANNO":"2010","ID_SEZIONE":"1784","ISTAT_COMUNE_SEZ":"1225","COMUNE_SEZ":"RONDISSONE","PROVINCIA":"TO","ID_CENTRALE":"1151","NOME_CENTRALE":"RONDISSONE 2","ISTAT_COMUNE_CENTR":"1225","COMUNE_CENTR":"RONDISSONE","PROVINCIA_CENTR":"TO","INDIRIZZO_CENTRALE":"VIA CESARE BATTISTI 5","LATITUDINE_SEZIONE":"45.24565","LONGITUDINE_SEZIONE":"7.93338","POS_X_SEZIONE":"416293.97641","POS_Y_SEZIONE":"5010792.99437","LATITUDINE_CENTRALE":"45.24669","LONGITUDINE_CENTRALE":"7.96547","POS_X_CENTRALE":"418813.50000","POS_Y_CENTRALE":"5010876.00000","TIPO_ADSL":"ADSL_1","DESCRIZIONE_TIPO_ADSL":"ADSL (8 mega)","DISTANZA_CALCOLATA":"2520.89","CLASSE_DISTANZA":"2500-2899","POTENZA_SEGNALE":"5749.63","POPOLAZIONE_SEZIONE": ""}
			},
		 		{ "type" : "Feature",
				"geometry" : {
					"type" : "Point",
					"coordinates" : [7.97781,45.25050]},
			"properties" : { "ANNO":"2010","ID_SEZIONE":"4949","ISTAT_COMUNE_SEZ":"1225","COMUNE_SEZ":"RONDISSONE","PROVINCIA":"TO","ID_CENTRALE":"1151","NOME_CENTRALE":"RONDISSONE 2","ISTAT_COMUNE_CENTR":"1225","COMUNE_CENTR":"RONDISSONE","PROVINCIA_CENTR":"TO","INDIRIZZO_CENTRALE":"VIA CESARE BATTISTI 5","LATITUDINE_SEZIONE":"45.25050","LONGITUDINE_SEZIONE":"7.97781","POS_X_SEZIONE":"419787.95606","POS_Y_SEZIONE":"5011287.05440","LATITUDINE_CENTRALE":"45.24669","LONGITUDINE_CENTRALE":"7.96547","POS_X_CENTRALE":"418813.50000","POS_Y_CENTRALE":"5010876.00000","TIPO_ADSL":"ADSL_1","DESCRIZIONE_TIPO_ADSL":"ADSL (8 mega)","DISTANZA_CALCOLATA":"1057.61","CLASSE_DISTANZA":"900-1299","POTENZA_SEGNALE":"7000","POPOLAZIONE_SEZIONE": "2"}
			},
		 		{ "type" : "Feature",
				"geometry" : {
					"type" : "Point",
					"coordinates" : [7.95165,45.23723]},
			"properties" : { "ANNO":"2010","ID_SEZIONE":"5807","ISTAT_COMUNE_SEZ":"1225","COMUNE_SEZ":"RONDISSONE","PROVINCIA":"TO","ID_CENTRALE":"1151","NOME_CENTRALE":"RONDISSONE 2","ISTAT_COMUNE_CENTR":"1225","COMUNE_CENTR":"RONDISSONE","PROVINCIA_CENTR":"TO","INDIRIZZO_CENTRALE":"VIA CESARE BATTISTI 5","LATITUDINE_SEZIONE":"45.23723","LONGITUDINE_SEZIONE":"7.95165","POS_X_SEZIONE":"417715.43023","POS_Y_SEZIONE":"5009839.01651","LATITUDINE_CENTRALE":"45.24669","LONGITUDINE_CENTRALE":"7.96547","POS_X_CENTRALE":"418813.50000","POS_Y_CENTRALE":"5010876.00000","TIPO_ADSL":"ADSL_1","DESCRIZIONE_TIPO_ADSL":"ADSL (8 mega)","DISTANZA_CALCOLATA":"1510.33","CLASSE_DISTANZA":"1300-1699","POTENZA_SEGNALE":"7000","POPOLAZIONE_SEZIONE": "8"}
			},
		 		{ "type" : "Feature",
				"geometry" : {
					"type" : "Point",
					"coordinates" : [7.96237,45.25076]},
			"properties" : { "ANNO":"2010","ID_SEZIONE":"6193","ISTAT_COMUNE_SEZ":"1225","COMUNE_SEZ":"RONDISSONE","PROVINCIA":"TO","ID_CENTRALE":"1151","NOME_CENTRALE":"RONDISSONE 2","ISTAT_COMUNE_CENTR":"1225","COMUNE_CENTR":"RONDISSONE","PROVINCIA_CENTR":"TO","INDIRIZZO_CENTRALE":"VIA CESARE BATTISTI 5","LATITUDINE_SEZIONE":"45.25076","LONGITUDINE_SEZIONE":"7.96237","POS_X_SEZIONE":"418576.19695","POS_Y_SEZIONE":"5011330.53446","LATITUDINE_CENTRALE":"45.24669","LONGITUDINE_CENTRALE":"7.96547","POS_X_CENTRALE":"418813.50000","POS_Y_CENTRALE":"5010876.00000","TIPO_ADSL":"ADSL_1","DESCRIZIONE_TIPO_ADSL":"ADSL (8 mega)","DISTANZA_CALCOLATA":"512.75","CLASSE_DISTANZA":"500-899","POTENZA_SEGNALE":"7000","POPOLAZIONE_SEZIONE": "356"}
			},
		 		{ "type" : "Feature",
				"geometry" : {
					"type" : "Point",
					"coordinates" : [7.94913,45.24648]},
			"properties" : { "ANNO":"2010","ID_SEZIONE":"14483","ISTAT_COMUNE_SEZ":"1225","COMUNE_SEZ":"RONDISSONE","PROVINCIA":"TO","ID_CENTRALE":"1151","NOME_CENTRALE":"RONDISSONE 2","ISTAT_COMUNE_CENTR":"1225","COMUNE_CENTR":"RONDISSONE","PROVINCIA_CENTR":"TO","INDIRIZZO_CENTRALE":"VIA CESARE BATTISTI 5","LATITUDINE_SEZIONE":"45.24648","LONGITUDINE_SEZIONE":"7.94913","POS_X_SEZIONE":"417531.33859","POS_Y_SEZIONE":"5010869.01561","LATITUDINE_CENTRALE":"45.24669","LONGITUDINE_CENTRALE":"7.96547","POS_X_CENTRALE":"418813.50000","POS_Y_CENTRALE":"5010876.00000","TIPO_ADSL":"ADSL_1","DESCRIZIONE_TIPO_ADSL":"ADSL (8 mega)","DISTANZA_CALCOLATA":"1282.18","CLASSE_DISTANZA":"900-1299","POTENZA_SEGNALE":"7000","POPOLAZIONE_SEZIONE": "12"}
			},
		 		{ "type" : "Feature",
				"geometry" : {
					"type" : "Point",
					"coordinates" : [7.95983,45.25680]},
			"properties" : { "ANNO":"2010","ID_SEZIONE":"18228","ISTAT_COMUNE_SEZ":"1225","COMUNE_SEZ":"RONDISSONE","PROVINCIA":"TO","ID_CENTRALE":"1151","NOME_CENTRALE":"RONDISSONE 2","ISTAT_COMUNE_CENTR":"1225","COMUNE_CENTR":"RONDISSONE","PROVINCIA_CENTR":"TO","INDIRIZZO_CENTRALE":"VIA CESARE BATTISTI 5","LATITUDINE_SEZIONE":"45.25680","LONGITUDINE_SEZIONE":"7.95983","POS_X_SEZIONE":"418385.83279","POS_Y_SEZIONE":"5012004.03360","LATITUDINE_CENTRALE":"45.24669","LONGITUDINE_CENTRALE":"7.96547","POS_X_CENTRALE":"418813.50000","POS_Y_CENTRALE":"5010876.00000","TIPO_ADSL":"ADSL_1","DESCRIZIONE_TIPO_ADSL":"ADSL (8 mega)","DISTANZA_CALCOLATA":"1206.38","CLASSE_DISTANZA":"900-1299","POTENZA_SEGNALE":"7000","POPOLAZIONE_SEZIONE": "8"}
			},
		 		{ "type" : "Feature",
				"geometry" : {
					"type" : "Point",
					"coordinates" : [7.95692,45.24344]},
			"properties" : { "ANNO":"2010","ID_SEZIONE":"23449","ISTAT_COMUNE_SEZ":"1225","COMUNE_SEZ":"RONDISSONE","PROVINCIA":"TO","ID_CENTRALE":"1151","NOME_CENTRALE":"RONDISSONE 2","ISTAT_COMUNE_CENTR":"1225","COMUNE_CENTR":"RONDISSONE","PROVINCIA_CENTR":"TO","INDIRIZZO_CENTRALE":"VIA CESARE BATTISTI 5","LATITUDINE_SEZIONE":"45.24344","LONGITUDINE_SEZIONE":"7.95692","POS_X_SEZIONE":"418138.20399","POS_Y_SEZIONE":"5010523.52518","LATITUDINE_CENTRALE":"45.24669","LONGITUDINE_CENTRALE":"7.96547","POS_X_CENTRALE":"418813.50000","POS_Y_CENTRALE":"5010876.00000","TIPO_ADSL":"ADSL_1","DESCRIZIONE_TIPO_ADSL":"ADSL (8 mega)","DISTANZA_CALCOLATA":"761.75","CLASSE_DISTANZA":"500-899","POTENZA_SEGNALE":"7000","POPOLAZIONE_SEZIONE": "56"}
			},
		 		{ "type" : "Feature",
				"geometry" : {
					"type" : "Point",
					"coordinates" : [7.96740,45.24489]},
			"properties" : { "ANNO":"2010","ID_SEZIONE":"24357","ISTAT_COMUNE_SEZ":"1225","COMUNE_SEZ":"RONDISSONE","PROVINCIA":"TO","ID_CENTRALE":"1151","NOME_CENTRALE":"RONDISSONE 2","ISTAT_COMUNE_CENTR":"1225","COMUNE_CENTR":"RONDISSONE","PROVINCIA_CENTR":"TO","INDIRIZZO_CENTRALE":"VIA CESARE BATTISTI 5","LATITUDINE_SEZIONE":"45.24489","LONGITUDINE_SEZIONE":"7.96740","POS_X_SEZIONE":"418963.06313","POS_Y_SEZIONE":"5010673.53862","LATITUDINE_CENTRALE":"45.24669","LONGITUDINE_CENTRALE":"7.96547","POS_X_CENTRALE":"418813.50000","POS_Y_CENTRALE":"5010876.00000","TIPO_ADSL":"ADSL_1","DESCRIZIONE_TIPO_ADSL":"ADSL (8 mega)","DISTANZA_CALCOLATA":"251.71","CLASSE_DISTANZA":"100-499","POTENZA_SEGNALE":"7000","POPOLAZIONE_SEZIONE": "424"}
			},
		 		{ "type" : "Feature",
				"geometry" : {
					"type" : "Point",
					"coordinates" : [7.66906,45.13502]},
			"properties" : { "ANNO":"2010","ID_SEZIONE":"28148","ISTAT_COMUNE_SEZ":"1272","COMUNE_SEZ":"TORINO","PROVINCIA":"TO","ID_CENTRALE":"1151","NOME_CENTRALE":"RONDISSONE 2","ISTAT_COMUNE_CENTR":"1225","COMUNE_CENTR":"RONDISSONE","PROVINCIA_CENTR":"TO","INDIRIZZO_CENTRALE":"VIA CESARE BATTISTI 5","LATITUDINE_SEZIONE":"45.13502","LONGITUDINE_SEZIONE":"7.66906","POS_X_SEZIONE":"395348.28218","POS_Y_SEZIONE":"4998810.71314","LATITUDINE_CENTRALE":"45.24669","LONGITUDINE_CENTRALE":"7.96547","POS_X_CENTRALE":"418813.50000","POS_Y_CENTRALE":"5010876.00000","TIPO_ADSL":"ADSL_1","DESCRIZIONE_TIPO_ADSL":"ADSL (8 mega)","DISTANZA_CALCOLATA":"26385.37","CLASSE_DISTANZA":"6100 e oltre","POTENZA_SEGNALE":"0.00","POPOLAZIONE_SEZIONE": "32"}
			},
		 		{ "type" : "Feature",
				"geometry" : {
					"type" : "Point",
					"coordinates" : [7.97068,45.23693]},
			"properties" : { "ANNO":"2010","ID_SEZIONE":"28942","ISTAT_COMUNE_SEZ":"1225","COMUNE_SEZ":"RONDISSONE","PROVINCIA":"TO","ID_CENTRALE":"1151","NOME_CENTRALE":"RONDISSONE 2","ISTAT_COMUNE_CENTR":"1225","COMUNE_CENTR":"RONDISSONE","PROVINCIA_CENTR":"TO","INDIRIZZO_CENTRALE":"VIA CESARE BATTISTI 5","LATITUDINE_SEZIONE":"45.23693","LONGITUDINE_SEZIONE":"7.97068","POS_X_SEZIONE":"419208.80675","POS_Y_SEZIONE":"5009786.04038","LATITUDINE_CENTRALE":"45.24669","LONGITUDINE_CENTRALE":"7.96547","POS_X_CENTRALE":"418813.50000","POS_Y_CENTRALE":"5010876.00000","TIPO_ADSL":"ADSL_1","DESCRIZIONE_TIPO_ADSL":"ADSL (8 mega)","DISTANZA_CALCOLATA":"1159.43","CLASSE_DISTANZA":"900-1299","POTENZA_SEGNALE":"7000","POPOLAZIONE_SEZIONE": "26"}
			},
		 		{ "type" : "Feature",
				"geometry" : {
					"type" : "Point",
					"coordinates" : [7.96177,45.24779]},
			"properties" : { "ANNO":"2010","ID_SEZIONE":"29515","ISTAT_COMUNE_SEZ":"1225","COMUNE_SEZ":"RONDISSONE","PROVINCIA":"TO","ID_CENTRALE":"1151","NOME_CENTRALE":"RONDISSONE 2","ISTAT_COMUNE_CENTR":"1225","COMUNE_CENTR":"RONDISSONE","PROVINCIA_CENTR":"TO","INDIRIZZO_CENTRALE":"VIA CESARE BATTISTI 5","LATITUDINE_SEZIONE":"45.24779","LONGITUDINE_SEZIONE":"7.96177","POS_X_SEZIONE":"418525.41628","POS_Y_SEZIONE":"5011001.03277","LATITUDINE_CENTRALE":"45.24669","LONGITUDINE_CENTRALE":"7.96547","POS_X_CENTRALE":"418813.50000","POS_Y_CENTRALE":"5010876.00000","TIPO_ADSL":"ADSL_1","DESCRIZIONE_TIPO_ADSL":"ADSL (8 mega)","DISTANZA_CALCOLATA":"314.05","CLASSE_DISTANZA":"100-499","POTENZA_SEGNALE":"7000","POPOLAZIONE_SEZIONE": "322"}
			},
		 		{ "type" : "Feature",
				"geometry" : {
					"type" : "Point",
					"coordinates" : [7.95499,45.24405]},
			"properties" : { "ANNO":"2010","ID_SEZIONE":"31343","ISTAT_COMUNE_SEZ":"1225","COMUNE_SEZ":"RONDISSONE","PROVINCIA":"TO","ID_CENTRALE":"1151","NOME_CENTRALE":"RONDISSONE 2","ISTAT_COMUNE_CENTR":"1225","COMUNE_CENTR":"RONDISSONE","PROVINCIA_CENTR":"TO","INDIRIZZO_CENTRALE":"VIA CESARE BATTISTI 5","LATITUDINE_SEZIONE":"45.24405","LONGITUDINE_SEZIONE":"7.95499","POS_X_SEZIONE":"417987.83164","POS_Y_SEZIONE":"5010592.52281","LATITUDINE_CENTRALE":"45.24669","LONGITUDINE_CENTRALE":"7.96547","POS_X_CENTRALE":"418813.50000","POS_Y_CENTRALE":"5010876.00000","TIPO_ADSL":"ADSL_1","DESCRIZIONE_TIPO_ADSL":"ADSL (8 mega)","DISTANZA_CALCOLATA":"872.98","CLASSE_DISTANZA":"500-899","POTENZA_SEGNALE":"7000","POPOLAZIONE_SEZIONE": ""}
			},
		 		{ "type" : "Feature",
				"geometry" : {
					"type" : "Point",
					"coordinates" : [7.96282,45.24374]},
			"properties" : { "ANNO":"2010","ID_SEZIONE":"32453","ISTAT_COMUNE_SEZ":"1225","COMUNE_SEZ":"RONDISSONE","PROVINCIA":"TO","ID_CENTRALE":"1151","NOME_CENTRALE":"RONDISSONE 2","ISTAT_COMUNE_CENTR":"1225","COMUNE_CENTR":"RONDISSONE","PROVINCIA_CENTR":"TO","INDIRIZZO_CENTRALE":"VIA CESARE BATTISTI 5","LATITUDINE_SEZIONE":"45.24374","LONGITUDINE_SEZIONE":"7.96282","POS_X_SEZIONE":"418601.66383","POS_Y_SEZIONE":"5010551.03238","LATITUDINE_CENTRALE":"45.24669","LONGITUDINE_CENTRALE":"7.96547","POS_X_CENTRALE":"418813.50000","POS_Y_CENTRALE":"5010876.00000","TIPO_ADSL":"ADSL_1","DESCRIZIONE_TIPO_ADSL":"ADSL (8 mega)","DISTANZA_CALCOLATA":"387.92","CLASSE_DISTANZA":"100-499","POTENZA_SEGNALE":"7000","POPOLAZIONE_SEZIONE": "441"}
			}
		 		]
	}
		