 	{ "type" : "FeatureCollection",
		"features" : [
		 		{ "type" : "Feature",
				"geometry" : {
					"type" : "Point",
					"coordinates" : [7.66900,45.01222]},
			"properties" : { "ANNO":"2010","ID_SEZIONE":"169","ISTAT_COMUNE_SEZ":"1156","COMUNE_SEZ":"MONCALIERI","PROVINCIA":"TO","ID_CENTRALE":"1490","NOME_CENTRALE":"TORINO S. PIETRO","ISTAT_COMUNE_CENTR":"1272","COMUNE_CENTR":"TORINO","PROVINCIA_CENTR":"TO","INDIRIZZO_CENTRALE":"PZA NAZARIO SAURO->12","LATITUDINE_SEZIONE":"45.01222","LONGITUDINE_SEZIONE":"7.66900","POS_X_SEZIONE":"395118.96096","POS_Y_SEZIONE":"4985169.01738","LATITUDINE_CENTRALE":"45.01097","LONGITUDINE_CENTRALE":"7.65780","POS_X_CENTRALE":"394234.02520","POS_Y_CENTRALE":"4985044.86404","TIPO_ADSL":"ADSL_2P","DESCRIZIONE_TIPO_ADSL":"ADSL 2+ (24 mega)","DISTANZA_CALCOLATA":"893.60","CLASSE_DISTANZA":"500-899","POTENZA_SEGNALE":"19523.33","POPOLAZIONE_SEZIONE": "433"}
			},
		 		{ "type" : "Feature",
				"geometry" : {
					"type" : "Point",
					"coordinates" : [7.65466,45.00600]},
			"properties" : { "ANNO":"2010","ID_SEZIONE":"240","ISTAT_COMUNE_SEZ":"1164","COMUNE_SEZ":"NICHELINO","PROVINCIA":"TO","ID_CENTRALE":"1490","NOME_CENTRALE":"TORINO S. PIETRO","ISTAT_COMUNE_CENTR":"1272","COMUNE_CENTR":"TORINO","PROVINCIA_CENTR":"TO","INDIRIZZO_CENTRALE":"PZA NAZARIO SAURO->12","LATITUDINE_SEZIONE":"45.00600","LONGITUDINE_SEZIONE":"7.65466","POS_X_SEZIONE":"393977.40628","POS_Y_SEZIONE":"4984497.50532","LATITUDINE_CENTRALE":"45.01097","LONGITUDINE_CENTRALE":"7.65780","POS_X_CENTRALE":"394234.02520","POS_Y_CENTRALE":"4985044.86404","TIPO_ADSL":"ADSL_2P","DESCRIZIONE_TIPO_ADSL":"ADSL 2+ (24 mega)","DISTANZA_CALCOLATA":"604.53","CLASSE_DISTANZA":"500-899","POTENZA_SEGNALE":"19523.33","POPOLAZIONE_SEZIONE": "527"}
			},
		 		{ "type" : "Feature",
				"geometry" : {
					"type" : "Point",
					"coordinates" : [7.65864,45.00567]},
			"properties" : { "ANNO":"2010","ID_SEZIONE":"241","ISTAT_COMUNE_SEZ":"1164","COMUNE_SEZ":"NICHELINO","PROVINCIA":"TO","ID_CENTRALE":"1490","NOME_CENTRALE":"TORINO S. PIETRO","ISTAT_COMUNE_CENTR":"1272","COMUNE_CENTR":"TORINO","PROVINCIA_CENTR":"TO","INDIRIZZO_CENTRALE":"PZA NAZARIO SAURO->12","LATITUDINE_SEZIONE":"45.00567","LONGITUDINE_SEZIONE":"7.65864","POS_X_SEZIONE":"394290.77639","POS_Y_SEZIONE":"4984455.50493","LATITUDINE_CENTRALE":"45.01097","LONGITUDINE_CENTRALE":"7.65780","POS_X_CENTRALE":"394234.02520","POS_Y_CENTRALE":"4985044.86404","TIPO_ADSL":"ADSL_2P","DESCRIZIONE_TIPO_ADSL":"ADSL 2+ (24 mega)","DISTANZA_CALCOLATA":"592.09","CLASSE_DISTANZA":"500-899","POTENZA_SEGNALE":"19523.33","POPOLAZIONE_SEZIONE": "414"}
			},
		 		{ "type" : "Feature",
				"geometry" : {
					"type" : "Point",
					"coordinates" : [7.65761,45.01694]},
			"properties" : { "ANNO":"2010","ID_SEZIONE":"586","ISTAT_COMUNE_SEZ":"1272","COMUNE_SEZ":"TORINO","PROVINCIA":"TO","ID_CENTRALE":"1490","NOME_CENTRALE":"TORINO S. PIETRO","ISTAT_COMUNE_CENTR":"1272","COMUNE_CENTR":"TORINO","PROVINCIA_CENTR":"TO","INDIRIZZO_CENTRALE":"PZA NAZARIO SAURO->12","LATITUDINE_SEZIONE":"45.01694","LONGITUDINE_SEZIONE":"7.65761","POS_X_SEZIONE":"394230.60564","POS_Y_SEZIONE":"4985709.02737","LATITUDINE_CENTRALE":"45.01097","LONGITUDINE_CENTRALE":"7.65780","POS_X_CENTRALE":"394234.02520","POS_Y_CENTRALE":"4985044.86404","TIPO_ADSL":"ADSL_2P","DESCRIZIONE_TIPO_ADSL":"ADSL 2+ (24 mega)","DISTANZA_CALCOLATA":"664.17","CLASSE_DISTANZA":"500-899","POTENZA_SEGNALE":"19523.33","POPOLAZIONE_SEZIONE": "67"}
			},
		 		{ "type" : "Feature",
				"geometry" : {
					"type" : "Point",
					"coordinates" : [7.65256,45.01579]},
			"properties" : { "ANNO":"2010","ID_SEZIONE":"685","ISTAT_COMUNE_SEZ":"1272","COMUNE_SEZ":"TORINO","PROVINCIA":"TO","ID_CENTRALE":"1490","NOME_CENTRALE":"TORINO S. PIETRO","ISTAT_COMUNE_CENTR":"1272","COMUNE_CENTR":"TORINO","PROVINCIA_CENTR":"TO","INDIRIZZO_CENTRALE":"PZA NAZARIO SAURO->12","LATITUDINE_SEZIONE":"45.01579","LONGITUDINE_SEZIONE":"7.65256","POS_X_SEZIONE":"393830.45357","POS_Y_SEZIONE":"4985587.52516","LATITUDINE_CENTRALE":"45.01097","LONGITUDINE_CENTRALE":"7.65780","POS_X_CENTRALE":"394234.02520","POS_Y_CENTRALE":"4985044.86404","TIPO_ADSL":"ADSL_2P","DESCRIZIONE_TIPO_ADSL":"ADSL 2+ (24 mega)","DISTANZA_CALCOLATA":"676.28","CLASSE_DISTANZA":"500-899","POTENZA_SEGNALE":"19523.33","POPOLAZIONE_SEZIONE": "263"}
			},
		 		{ "type" : "Feature",
				"geometry" : {
					"type" : "Point",
					"coordinates" : [7.65215,45.01472]},
			"properties" : { "ANNO":"2010","ID_SEZIONE":"1445","ISTAT_COMUNE_SEZ":"1272","COMUNE_SEZ":"TORINO","PROVINCIA":"TO","ID_CENTRALE":"1490","NOME_CENTRALE":"TORINO S. PIETRO","ISTAT_COMUNE_CENTR":"1272","COMUNE_CENTR":"TORINO","PROVINCIA_CENTR":"TO","INDIRIZZO_CENTRALE":"PZA NAZARIO SAURO->12","LATITUDINE_SEZIONE":"45.01472","LONGITUDINE_SEZIONE":"7.65215","POS_X_SEZIONE":"393796.04666","POS_Y_SEZIONE":"4985469.52298","LATITUDINE_CENTRALE":"45.01097","LONGITUDINE_CENTRALE":"7.65780","POS_X_CENTRALE":"394234.02520","POS_Y_CENTRALE":"4985044.86404","TIPO_ADSL":"ADSL_2P","DESCRIZIONE_TIPO_ADSL":"ADSL 2+ (24 mega)","DISTANZA_CALCOLATA":"610.05","CLASSE_DISTANZA":"500-899","POTENZA_SEGNALE":"19523.33","POPOLAZIONE_SEZIONE": "286"}
			},
		 		{ "type" : "Feature",
				"geometry" : {
					"type" : "Point",
					"coordinates" : [7.66264,45.01799]},
			"properties" : { "ANNO":"2010","ID_SEZIONE":"1858","ISTAT_COMUNE_SEZ":"1272","COMUNE_SEZ":"TORINO","PROVINCIA":"TO","ID_CENTRALE":"1490","NOME_CENTRALE":"TORINO S. PIETRO","ISTAT_COMUNE_CENTR":"1272","COMUNE_CENTR":"TORINO","PROVINCIA_CENTR":"TO","INDIRIZZO_CENTRALE":"PZA NAZARIO SAURO->12","LATITUDINE_SEZIONE":"45.01799","LONGITUDINE_SEZIONE":"7.66264","POS_X_SEZIONE":"394628.60116","POS_Y_SEZIONE":"4985818.52932","LATITUDINE_CENTRALE":"45.01097","LONGITUDINE_CENTRALE":"7.65780","POS_X_CENTRALE":"394234.02520","POS_Y_CENTRALE":"4985044.86404","TIPO_ADSL":"ADSL_2P","DESCRIZIONE_TIPO_ADSL":"ADSL 2+ (24 mega)","DISTANZA_CALCOLATA":"868.47","CLASSE_DISTANZA":"500-899","POTENZA_SEGNALE":"19523.33","POPOLAZIONE_SEZIONE": "7"}
			},
		 		{ "type" : "Feature",
				"geometry" : {
					"type" : "Point",
					"coordinates" : [7.65277,45.01247]},
			"properties" : { "ANNO":"2010","ID_SEZIONE":"1970","ISTAT_COMUNE_SEZ":"1272","COMUNE_SEZ":"TORINO","PROVINCIA":"TO","ID_CENTRALE":"1490","NOME_CENTRALE":"TORINO S. PIETRO","ISTAT_COMUNE_CENTR":"1272","COMUNE_CENTR":"TORINO","PROVINCIA_CENTR":"TO","INDIRIZZO_CENTRALE":"PZA NAZARIO SAURO->12","LATITUDINE_SEZIONE":"45.01247","LONGITUDINE_SEZIONE":"7.65277","POS_X_SEZIONE":"393840.38586","POS_Y_SEZIONE":"4985218.01834","LATITUDINE_CENTRALE":"45.01097","LONGITUDINE_CENTRALE":"7.65780","POS_X_CENTRALE":"394234.02520","POS_Y_CENTRALE":"4985044.86404","TIPO_ADSL":"ADSL_2P","DESCRIZIONE_TIPO_ADSL":"ADSL 2+ (24 mega)","DISTANZA_CALCOLATA":"430.04","CLASSE_DISTANZA":"100-499","POTENZA_SEGNALE":"19761.67","POPOLAZIONE_SEZIONE": "153"}
			},
		 		{ "type" : "Feature",
				"geometry" : {
					"type" : "Point",
					"coordinates" : [7.66434,45.01765]},
			"properties" : { "ANNO":"2010","ID_SEZIONE":"3055","ISTAT_COMUNE_SEZ":"1272","COMUNE_SEZ":"TORINO","PROVINCIA":"TO","ID_CENTRALE":"1490","NOME_CENTRALE":"TORINO S. PIETRO","ISTAT_COMUNE_CENTR":"1272","COMUNE_CENTR":"TORINO","PROVINCIA_CENTR":"TO","INDIRIZZO_CENTRALE":"PZA NAZARIO SAURO->12","LATITUDINE_SEZIONE":"45.01765","LONGITUDINE_SEZIONE":"7.66434","POS_X_SEZIONE":"394761.75495","POS_Y_SEZIONE":"4985779.02852","LATITUDINE_CENTRALE":"45.01097","LONGITUDINE_CENTRALE":"7.65780","POS_X_CENTRALE":"394234.02520","POS_Y_CENTRALE":"4985044.86404","TIPO_ADSL":"ADSL_2P","DESCRIZIONE_TIPO_ADSL":"ADSL 2+ (24 mega)","DISTANZA_CALCOLATA":"904.15","CLASSE_DISTANZA":"900-1299","POTENZA_SEGNALE":"17737.5","POPOLAZIONE_SEZIONE": "238"}
			},
		 		{ "type" : "Feature",
				"geometry" : {
					"type" : "Point",
					"coordinates" : [7.64732,45.00371]},
			"properties" : { "ANNO":"2010","ID_SEZIONE":"3059","ISTAT_COMUNE_SEZ":"1164","COMUNE_SEZ":"NICHELINO","PROVINCIA":"TO","ID_CENTRALE":"1490","NOME_CENTRALE":"TORINO S. PIETRO","ISTAT_COMUNE_CENTR":"1272","COMUNE_CENTR":"TORINO","PROVINCIA_CENTR":"TO","INDIRIZZO_CENTRALE":"PZA NAZARIO SAURO->12","LATITUDINE_SEZIONE":"45.00371","LONGITUDINE_SEZIONE":"7.64732","POS_X_SEZIONE":"393394.69191","POS_Y_SEZIONE":"4984253.00125","LATITUDINE_CENTRALE":"45.01097","LONGITUDINE_CENTRALE":"7.65780","POS_X_CENTRALE":"394234.02520","POS_Y_CENTRALE":"4985044.86404","TIPO_ADSL":"ADSL_2P","DESCRIZIONE_TIPO_ADSL":"ADSL 2+ (24 mega)","DISTANZA_CALCOLATA":"1153.92","CLASSE_DISTANZA":"900-1299","POTENZA_SEGNALE":"17737.5","POPOLAZIONE_SEZIONE": "608"}
			},
		 		{ "type" : "Feature",
				"geometry" : {
					"type" : "Point",
					"coordinates" : [7.65423,45.01219]},
			"properties" : { "ANNO":"2010","ID_SEZIONE":"4126","ISTAT_COMUNE_SEZ":"1272","COMUNE_SEZ":"TORINO","PROVINCIA":"TO","ID_CENTRALE":"1490","NOME_CENTRALE":"TORINO S. PIETRO","ISTAT_COMUNE_CENTR":"1272","COMUNE_CENTR":"TORINO","PROVINCIA_CENTR":"TO","INDIRIZZO_CENTRALE":"PZA NAZARIO SAURO->12","LATITUDINE_SEZIONE":"45.01219","LONGITUDINE_SEZIONE":"7.65423","POS_X_SEZIONE":"393955.32167","POS_Y_SEZIONE":"4985185.51812","LATITUDINE_CENTRALE":"45.01097","LONGITUDINE_CENTRALE":"7.65780","POS_X_CENTRALE":"394234.02520","POS_Y_CENTRALE":"4985044.86404","TIPO_ADSL":"ADSL_2P","DESCRIZIONE_TIPO_ADSL":"ADSL 2+ (24 mega)","DISTANZA_CALCOLATA":"312.18","CLASSE_DISTANZA":"100-499","POTENZA_SEGNALE":"19761.67","POPOLAZIONE_SEZIONE": "101"}
			},
		 		{ "type" : "Feature",
				"geometry" : {
					"type" : "Point",
					"coordinates" : [7.66224,45.01505]},
			"properties" : { "ANNO":"2010","ID_SEZIONE":"4778","ISTAT_COMUNE_SEZ":"1156","COMUNE_SEZ":"MONCALIERI","PROVINCIA":"TO","ID_CENTRALE":"1490","NOME_CENTRALE":"TORINO S. PIETRO","ISTAT_COMUNE_CENTR":"1272","COMUNE_CENTR":"TORINO","PROVINCIA_CENTR":"TO","INDIRIZZO_CENTRALE":"PZA NAZARIO SAURO->12","LATITUDINE_SEZIONE":"45.01505","LONGITUDINE_SEZIONE":"7.66224","POS_X_SEZIONE":"394591.44173","POS_Y_SEZIONE":"4985492.52305","LATITUDINE_CENTRALE":"45.01097","LONGITUDINE_CENTRALE":"7.65780","POS_X_CENTRALE":"394234.02520","POS_Y_CENTRALE":"4985044.86404","TIPO_ADSL":"ADSL_2P","DESCRIZIONE_TIPO_ADSL":"ADSL 2+ (24 mega)","DISTANZA_CALCOLATA":"572.84","CLASSE_DISTANZA":"500-899","POTENZA_SEGNALE":"19523.33","POPOLAZIONE_SEZIONE": "512"}
			},
		 		{ "type" : "Feature",
				"geometry" : {
					"type" : "Point",
					"coordinates" : [7.65739,45.00279]},
			"properties" : { "ANNO":"2010","ID_SEZIONE":"4782","ISTAT_COMUNE_SEZ":"1164","COMUNE_SEZ":"NICHELINO","PROVINCIA":"TO","ID_CENTRALE":"1490","NOME_CENTRALE":"TORINO S. PIETRO","ISTAT_COMUNE_CENTR":"1272","COMUNE_CENTR":"TORINO","PROVINCIA_CENTR":"TO","INDIRIZZO_CENTRALE":"PZA NAZARIO SAURO->12","LATITUDINE_SEZIONE":"45.00279","LONGITUDINE_SEZIONE":"7.65739","POS_X_SEZIONE":"394186.83578","POS_Y_SEZIONE":"4984136.99895","LATITUDINE_CENTRALE":"45.01097","LONGITUDINE_CENTRALE":"7.65780","POS_X_CENTRALE":"394234.02520","POS_Y_CENTRALE":"4985044.86404","TIPO_ADSL":"ADSL_2P","DESCRIZIONE_TIPO_ADSL":"ADSL 2+ (24 mega)","DISTANZA_CALCOLATA":"909.09","CLASSE_DISTANZA":"900-1299","POTENZA_SEGNALE":"17737.5","POPOLAZIONE_SEZIONE": "541"}
			},
		 		{ "type" : "Feature",
				"geometry" : {
					"type" : "Point",
					"coordinates" : [7.64924,45.01671]},
			"properties" : { "ANNO":"2010","ID_SEZIONE":"5041","ISTAT_COMUNE_SEZ":"1272","COMUNE_SEZ":"TORINO","PROVINCIA":"TO","ID_CENTRALE":"1490","NOME_CENTRALE":"TORINO S. PIETRO","ISTAT_COMUNE_CENTR":"1272","COMUNE_CENTR":"TORINO","PROVINCIA_CENTR":"TO","INDIRIZZO_CENTRALE":"PZA NAZARIO SAURO->12","LATITUDINE_SEZIONE":"45.01671","LONGITUDINE_SEZIONE":"7.64924","POS_X_SEZIONE":"393569.98996","POS_Y_SEZIONE":"4985694.52701","LATITUDINE_CENTRALE":"45.01097","LONGITUDINE_CENTRALE":"7.65780","POS_X_CENTRALE":"394234.02520","POS_Y_CENTRALE":"4985044.86404","TIPO_ADSL":"ADSL_2P","DESCRIZIONE_TIPO_ADSL":"ADSL 2+ (24 mega)","DISTANZA_CALCOLATA":"928.98","CLASSE_DISTANZA":"900-1299","POTENZA_SEGNALE":"17737.5","POPOLAZIONE_SEZIONE": "537"}
			},
		 		{ "type" : "Feature",
				"geometry" : {
					"type" : "Point",
					"coordinates" : [7.65281,45.01347]},
			"properties" : { "ANNO":"2010","ID_SEZIONE":"5043","ISTAT_COMUNE_SEZ":"1272","COMUNE_SEZ":"TORINO","PROVINCIA":"TO","ID_CENTRALE":"1490","NOME_CENTRALE":"TORINO S. PIETRO","ISTAT_COMUNE_CENTR":"1272","COMUNE_CENTR":"TORINO","PROVINCIA_CENTR":"TO","INDIRIZZO_CENTRALE":"PZA NAZARIO SAURO->12","LATITUDINE_SEZIONE":"45.01347","LONGITUDINE_SEZIONE":"7.65281","POS_X_SEZIONE":"393845.48128","POS_Y_SEZIONE":"4985329.52068","LATITUDINE_CENTRALE":"45.01097","LONGITUDINE_CENTRALE":"7.65780","POS_X_CENTRALE":"394234.02520","POS_Y_CENTRALE":"4985044.86404","TIPO_ADSL":"ADSL_2P","DESCRIZIONE_TIPO_ADSL":"ADSL 2+ (24 mega)","DISTANZA_CALCOLATA":"481.66","CLASSE_DISTANZA":"100-499","POTENZA_SEGNALE":"19761.67","POPOLAZIONE_SEZIONE": "115"}
			},
		 		{ "type" : "Feature",
				"geometry" : {
					"type" : "Point",
					"coordinates" : [7.65267,45.00383]},
			"properties" : { "ANNO":"2010","ID_SEZIONE":"5046","ISTAT_COMUNE_SEZ":"1164","COMUNE_SEZ":"NICHELINO","PROVINCIA":"TO","ID_CENTRALE":"1490","NOME_CENTRALE":"TORINO S. PIETRO","ISTAT_COMUNE_CENTR":"1272","COMUNE_CENTR":"TORINO","PROVINCIA_CENTR":"TO","INDIRIZZO_CENTRALE":"PZA NAZARIO SAURO->12","LATITUDINE_SEZIONE":"45.00383","LONGITUDINE_SEZIONE":"7.65267","POS_X_SEZIONE":"393816.78010","POS_Y_SEZIONE":"4984259.00138","LATITUDINE_CENTRALE":"45.01097","LONGITUDINE_CENTRALE":"7.65780","POS_X_CENTRALE":"394234.02520","POS_Y_CENTRALE":"4985044.86404","TIPO_ADSL":"ADSL_2P","DESCRIZIONE_TIPO_ADSL":"ADSL 2+ (24 mega)","DISTANZA_CALCOLATA":"889.76","CLASSE_DISTANZA":"500-899","POTENZA_SEGNALE":"19523.33","POPOLAZIONE_SEZIONE": "685"}
			},
		 		{ "type" : "Feature",
				"geometry" : {
					"type" : "Point",
					"coordinates" : [7.66589,45.00978]},
			"properties" : { "ANNO":"2010","ID_SEZIONE":"5564","ISTAT_COMUNE_SEZ":"1156","COMUNE_SEZ":"MONCALIERI","PROVINCIA":"TO","ID_CENTRALE":"1490","NOME_CENTRALE":"TORINO S. PIETRO","ISTAT_COMUNE_CENTR":"1272","COMUNE_CENTR":"TORINO","PROVINCIA_CENTR":"TO","INDIRIZZO_CENTRALE":"PZA NAZARIO SAURO->12","LATITUDINE_SEZIONE":"45.00978","LONGITUDINE_SEZIONE":"7.66589","POS_X_SEZIONE":"394869.55552","POS_Y_SEZIONE":"4984902.01245","LATITUDINE_CENTRALE":"45.01097","LONGITUDINE_CENTRALE":"7.65780","POS_X_CENTRALE":"394234.02520","POS_Y_CENTRALE":"4985044.86404","TIPO_ADSL":"ADSL_2P","DESCRIZIONE_TIPO_ADSL":"ADSL 2+ (24 mega)","DISTANZA_CALCOLATA":"651.39","CLASSE_DISTANZA":"500-899","POTENZA_SEGNALE":"19523.33","POPOLAZIONE_SEZIONE": "785"}
			},
		 		{ "type" : "Feature",
				"geometry" : {
					"type" : "Point",
					"coordinates" : [7.64581,45.00878]},
			"properties" : { "ANNO":"2010","ID_SEZIONE":"5565","ISTAT_COMUNE_SEZ":"1272","COMUNE_SEZ":"TORINO","PROVINCIA":"TO","ID_CENTRALE":"1490","NOME_CENTRALE":"TORINO S. PIETRO","ISTAT_COMUNE_CENTR":"1272","COMUNE_CENTR":"TORINO","PROVINCIA_CENTR":"TO","INDIRIZZO_CENTRALE":"PZA NAZARIO SAURO->12","LATITUDINE_SEZIONE":"45.00878","LONGITUDINE_SEZIONE":"7.64581","POS_X_SEZIONE":"393285.13773","POS_Y_SEZIONE":"4984818.01117","LATITUDINE_CENTRALE":"45.01097","LONGITUDINE_CENTRALE":"7.65780","POS_X_CENTRALE":"394234.02520","POS_Y_CENTRALE":"4985044.86404","TIPO_ADSL":"ADSL_2P","DESCRIZIONE_TIPO_ADSL":"ADSL 2+ (24 mega)","DISTANZA_CALCOLATA":"975.63","CLASSE_DISTANZA":"900-1299","POTENZA_SEGNALE":"17737.5","POPOLAZIONE_SEZIONE": "26"}
			},
		 		{ "type" : "Feature",
				"geometry" : {
					"type" : "Point",
					"coordinates" : [7.64997,45.00452]},
			"properties" : { "ANNO":"2010","ID_SEZIONE":"5566","ISTAT_COMUNE_SEZ":"1164","COMUNE_SEZ":"NICHELINO","PROVINCIA":"TO","ID_CENTRALE":"1490","NOME_CENTRALE":"TORINO S. PIETRO","ISTAT_COMUNE_CENTR":"1272","COMUNE_CENTR":"TORINO","PROVINCIA_CENTR":"TO","INDIRIZZO_CENTRALE":"PZA NAZARIO SAURO->12","LATITUDINE_SEZIONE":"45.00452","LONGITUDINE_SEZIONE":"7.64997","POS_X_SEZIONE":"393604.90938","POS_Y_SEZIONE":"4984339.00292","LATITUDINE_CENTRALE":"45.01097","LONGITUDINE_CENTRALE":"7.65780","POS_X_CENTRALE":"394234.02520","POS_Y_CENTRALE":"4985044.86404","TIPO_ADSL":"ADSL_2P","DESCRIZIONE_TIPO_ADSL":"ADSL 2+ (24 mega)","DISTANZA_CALCOLATA":"945.53","CLASSE_DISTANZA":"900-1299","POTENZA_SEGNALE":"17737.5","POPOLAZIONE_SEZIONE": "919"}
			},
		 		{ "type" : "Feature",
				"geometry" : {
					"type" : "Point",
					"coordinates" : [7.65571,45.01107]},
			"properties" : { "ANNO":"2010","ID_SEZIONE":"5945","ISTAT_COMUNE_SEZ":"1272","COMUNE_SEZ":"TORINO","PROVINCIA":"TO","ID_CENTRALE":"1490","NOME_CENTRALE":"TORINO S. PIETRO","ISTAT_COMUNE_CENTR":"1272","COMUNE_CENTR":"TORINO","PROVINCIA_CENTR":"TO","INDIRIZZO_CENTRALE":"PZA NAZARIO SAURO->12","LATITUDINE_SEZIONE":"45.01107","LONGITUDINE_SEZIONE":"7.65571","POS_X_SEZIONE":"394069.66253","POS_Y_SEZIONE":"4985058.51549","LATITUDINE_CENTRALE":"45.01097","LONGITUDINE_CENTRALE":"7.65780","POS_X_CENTRALE":"394234.02520","POS_Y_CENTRALE":"4985044.86404","TIPO_ADSL":"ADSL_2P","DESCRIZIONE_TIPO_ADSL":"ADSL 2+ (24 mega)","DISTANZA_CALCOLATA":"164.93","CLASSE_DISTANZA":"100-499","POTENZA_SEGNALE":"19761.67","POPOLAZIONE_SEZIONE": "120"}
			},
		 		{ "type" : "Feature",
				"geometry" : {
					"type" : "Point",
					"coordinates" : [7.65682,45.01383]},
			"properties" : { "ANNO":"2010","ID_SEZIONE":"6460","ISTAT_COMUNE_SEZ":"1272","COMUNE_SEZ":"TORINO","PROVINCIA":"TO","ID_CENTRALE":"1490","NOME_CENTRALE":"TORINO S. PIETRO","ISTAT_COMUNE_CENTR":"1272","COMUNE_CENTR":"TORINO","PROVINCIA_CENTR":"TO","INDIRIZZO_CENTRALE":"PZA NAZARIO SAURO->12","LATITUDINE_SEZIONE":"45.01383","LONGITUDINE_SEZIONE":"7.65682","POS_X_SEZIONE":"394162.19629","POS_Y_SEZIONE":"4985364.02129","LATITUDINE_CENTRALE":"45.01097","LONGITUDINE_CENTRALE":"7.65780","POS_X_CENTRALE":"394234.02520","POS_Y_CENTRALE":"4985044.86404","TIPO_ADSL":"ADSL_2P","DESCRIZIONE_TIPO_ADSL":"ADSL 2+ (24 mega)","DISTANZA_CALCOLATA":"327.14","CLASSE_DISTANZA":"100-499","POTENZA_SEGNALE":"19761.67","POPOLAZIONE_SEZIONE": "116"}
			},
		 		{ "type" : "Feature",
				"geometry" : {
					"type" : "Point",
					"coordinates" : [7.65547,45.02306]},
			"properties" : { "ANNO":"2010","ID_SEZIONE":"7433","ISTAT_COMUNE_SEZ":"1272","COMUNE_SEZ":"TORINO","PROVINCIA":"TO","ID_CENTRALE":"1490","NOME_CENTRALE":"TORINO S. PIETRO","ISTAT_COMUNE_CENTR":"1272","COMUNE_CENTR":"TORINO","PROVINCIA_CENTR":"TO","INDIRIZZO_CENTRALE":"PZA NAZARIO SAURO->12","LATITUDINE_SEZIONE":"45.02306","LONGITUDINE_SEZIONE":"7.65547","POS_X_SEZIONE":"394072.61677","POS_Y_SEZIONE":"4986391.53975","LATITUDINE_CENTRALE":"45.01097","LONGITUDINE_CENTRALE":"7.65780","POS_X_CENTRALE":"394234.02520","POS_Y_CENTRALE":"4985044.86404","TIPO_ADSL":"ADSL_2P","DESCRIZIONE_TIPO_ADSL":"ADSL 2+ (24 mega)","DISTANZA_CALCOLATA":"1356.31","CLASSE_DISTANZA":"1300-1699","POTENZA_SEGNALE":"16071.67","POPOLAZIONE_SEZIONE": "172"}
			},
		 		{ "type" : "Feature",
				"geometry" : {
					"type" : "Point",
					"coordinates" : [7.66801,45.01512]},
			"properties" : { "ANNO":"2010","ID_SEZIONE":"9204","ISTAT_COMUNE_SEZ":"1156","COMUNE_SEZ":"MONCALIERI","PROVINCIA":"TO","ID_CENTRALE":"1490","NOME_CENTRALE":"TORINO S. PIETRO","ISTAT_COMUNE_CENTR":"1272","COMUNE_CENTR":"TORINO","PROVINCIA_CENTR":"TO","INDIRIZZO_CENTRALE":"PZA NAZARIO SAURO->12","LATITUDINE_SEZIONE":"45.01512","LONGITUDINE_SEZIONE":"7.66801","POS_X_SEZIONE":"395046.52935","POS_Y_SEZIONE":"4985492.52305","LATITUDINE_CENTRALE":"45.01097","LONGITUDINE_CENTRALE":"7.65780","POS_X_CENTRALE":"394234.02520","POS_Y_CENTRALE":"4985044.86404","TIPO_ADSL":"ADSL_2P","DESCRIZIONE_TIPO_ADSL":"ADSL 2+ (24 mega)","DISTANZA_CALCOLATA":"927.66","CLASSE_DISTANZA":"900-1299","POTENZA_SEGNALE":"17737.5","POPOLAZIONE_SEZIONE": ""}
			},
		 		{ "type" : "Feature",
				"geometry" : {
					"type" : "Point",
					"coordinates" : [7.65696,45.01556]},
			"properties" : { "ANNO":"2010","ID_SEZIONE":"9205","ISTAT_COMUNE_SEZ":"1272","COMUNE_SEZ":"TORINO","PROVINCIA":"TO","ID_CENTRALE":"1490","NOME_CENTRALE":"TORINO S. PIETRO","ISTAT_COMUNE_CENTR":"1272","COMUNE_CENTR":"TORINO","PROVINCIA_CENTR":"TO","INDIRIZZO_CENTRALE":"PZA NAZARIO SAURO->12","LATITUDINE_SEZIONE":"45.01556","LONGITUDINE_SEZIONE":"7.65696","POS_X_SEZIONE":"394176.72941","POS_Y_SEZIONE":"4985556.02436","LATITUDINE_CENTRALE":"45.01097","LONGITUDINE_CENTRALE":"7.65780","POS_X_CENTRALE":"394234.02520","POS_Y_CENTRALE":"4985044.86404","TIPO_ADSL":"ADSL_2P","DESCRIZIONE_TIPO_ADSL":"ADSL 2+ (24 mega)","DISTANZA_CALCOLATA":"514.36","CLASSE_DISTANZA":"500-899","POTENZA_SEGNALE":"19523.33","POPOLAZIONE_SEZIONE": "867"}
			},
		 		{ "type" : "Feature",
				"geometry" : {
					"type" : "Point",
					"coordinates" : [7.66702,45.00178]},
			"properties" : { "ANNO":"2010","ID_SEZIONE":"9537","ISTAT_COMUNE_SEZ":"1156","COMUNE_SEZ":"MONCALIERI","PROVINCIA":"TO","ID_CENTRALE":"1490","NOME_CENTRALE":"TORINO S. PIETRO","ISTAT_COMUNE_CENTR":"1272","COMUNE_CENTR":"TORINO","PROVINCIA_CENTR":"TO","INDIRIZZO_CENTRALE":"PZA NAZARIO SAURO->12","LATITUDINE_SEZIONE":"45.00178","LONGITUDINE_SEZIONE":"7.66702","POS_X_SEZIONE":"394943.76224","POS_Y_SEZIONE":"4984012.49693","LATITUDINE_CENTRALE":"45.01097","LONGITUDINE_CENTRALE":"7.65780","POS_X_CENTRALE":"394234.02520","POS_Y_CENTRALE":"4985044.86404","TIPO_ADSL":"ADSL_2P","DESCRIZIONE_TIPO_ADSL":"ADSL 2+ (24 mega)","DISTANZA_CALCOLATA":"1252.8","CLASSE_DISTANZA":"900-1299","POTENZA_SEGNALE":"17737.5","POPOLAZIONE_SEZIONE": "589"}
			},
		 		{ "type" : "Feature",
				"geometry" : {
					"type" : "Point",
					"coordinates" : [7.69606,45.07218]},
			"properties" : { "ANNO":"2010","ID_SEZIONE":"10081","ISTAT_COMUNE_SEZ":"1272","COMUNE_SEZ":"TORINO","PROVINCIA":"TO","ID_CENTRALE":"1490","NOME_CENTRALE":"TORINO S. PIETRO","ISTAT_COMUNE_CENTR":"1272","COMUNE_CENTR":"TORINO","PROVINCIA_CENTR":"TO","INDIRIZZO_CENTRALE":"PZA NAZARIO SAURO->12","LATITUDINE_SEZIONE":"45.07218","LONGITUDINE_SEZIONE":"7.69606","POS_X_SEZIONE":"397358.97018","POS_Y_SEZIONE":"4991795.13092","LATITUDINE_CENTRALE":"45.01097","LONGITUDINE_CENTRALE":"7.65780","POS_X_CENTRALE":"394234.02520","POS_Y_CENTRALE":"4985044.86404","TIPO_ADSL":"ADSL_2P","DESCRIZIONE_TIPO_ADSL":"ADSL 2+ (24 mega)","DISTANZA_CALCOLATA":"7438.51","CLASSE_DISTANZA":"6100 e oltre","POTENZA_SEGNALE":"0.00","POPOLAZIONE_SEZIONE": "395"}
			},
		 		{ "type" : "Feature",
				"geometry" : {
					"type" : "Point",
					"coordinates" : [7.66054,45.01119]},
			"properties" : { "ANNO":"2010","ID_SEZIONE":"10117","ISTAT_COMUNE_SEZ":"1156","COMUNE_SEZ":"MONCALIERI","PROVINCIA":"TO","ID_CENTRALE":"1490","NOME_CENTRALE":"TORINO S. PIETRO","ISTAT_COMUNE_CENTR":"1272","COMUNE_CENTR":"TORINO","PROVINCIA_CENTR":"TO","INDIRIZZO_CENTRALE":"PZA NAZARIO SAURO->12","LATITUDINE_SEZIONE":"45.01119","LONGITUDINE_SEZIONE":"7.66054","POS_X_SEZIONE":"394450.56340","POS_Y_SEZIONE":"4985066.01578","LATITUDINE_CENTRALE":"45.01097","LONGITUDINE_CENTRALE":"7.65780","POS_X_CENTRALE":"394234.02520","POS_Y_CENTRALE":"4985044.86404","TIPO_ADSL":"ADSL_2P","DESCRIZIONE_TIPO_ADSL":"ADSL 2+ (24 mega)","DISTANZA_CALCOLATA":"217.57","CLASSE_DISTANZA":"100-499","POTENZA_SEGNALE":"19761.67","POPOLAZIONE_SEZIONE": "177"}
			},
		 		{ "type" : "Feature",
				"geometry" : {
					"type" : "Point",
					"coordinates" : [7.66684,45.01590]},
			"properties" : { "ANNO":"2010","ID_SEZIONE":"10604","ISTAT_COMUNE_SEZ":"1156","COMUNE_SEZ":"MONCALIERI","PROVINCIA":"TO","ID_CENTRALE":"1490","NOME_CENTRALE":"TORINO S. PIETRO","ISTAT_COMUNE_CENTR":"1272","COMUNE_CENTR":"TORINO","PROVINCIA_CENTR":"TO","INDIRIZZO_CENTRALE":"PZA NAZARIO SAURO->12","LATITUDINE_SEZIONE":"45.01590","LONGITUDINE_SEZIONE":"7.66684","POS_X_SEZIONE":"394955.87463","POS_Y_SEZIONE":"4985581.52452","LATITUDINE_CENTRALE":"45.01097","LONGITUDINE_CENTRALE":"7.65780","POS_X_CENTRALE":"394234.02520","POS_Y_CENTRALE":"4985044.86404","TIPO_ADSL":"ADSL_2P","DESCRIZIONE_TIPO_ADSL":"ADSL 2+ (24 mega)","DISTANZA_CALCOLATA":"899.48","CLASSE_DISTANZA":"500-899","POTENZA_SEGNALE":"19523.33","POPOLAZIONE_SEZIONE": "497"}
			},
		 		{ "type" : "Feature",
				"geometry" : {
					"type" : "Point",
					"coordinates" : [7.65488,45.01534]},
			"properties" : { "ANNO":"2010","ID_SEZIONE":"11269","ISTAT_COMUNE_SEZ":"1272","COMUNE_SEZ":"TORINO","PROVINCIA":"TO","ID_CENTRALE":"1490","NOME_CENTRALE":"TORINO S. PIETRO","ISTAT_COMUNE_CENTR":"1272","COMUNE_CENTR":"TORINO","PROVINCIA_CENTR":"TO","INDIRIZZO_CENTRALE":"PZA NAZARIO SAURO->12","LATITUDINE_SEZIONE":"45.01534","LONGITUDINE_SEZIONE":"7.65488","POS_X_SEZIONE":"394011.95040","POS_Y_SEZIONE":"4985535.02417","LATITUDINE_CENTRALE":"45.01097","LONGITUDINE_CENTRALE":"7.65780","POS_X_CENTRALE":"394234.02520","POS_Y_CENTRALE":"4985044.86404","TIPO_ADSL":"ADSL_2P","DESCRIZIONE_TIPO_ADSL":"ADSL 2+ (24 mega)","DISTANZA_CALCOLATA":"538.12","CLASSE_DISTANZA":"500-899","POTENZA_SEGNALE":"19523.33","POPOLAZIONE_SEZIONE": "124"}
			},
		 		{ "type" : "Feature",
				"geometry" : {
					"type" : "Point",
					"coordinates" : [7.66560,45.01599]},
			"properties" : { "ANNO":"2010","ID_SEZIONE":"11569","ISTAT_COMUNE_SEZ":"1156","COMUNE_SEZ":"MONCALIERI","PROVINCIA":"TO","ID_CENTRALE":"1490","NOME_CENTRALE":"TORINO S. PIETRO","ISTAT_COMUNE_CENTR":"1272","COMUNE_CENTR":"TORINO","PROVINCIA_CENTR":"TO","INDIRIZZO_CENTRALE":"PZA NAZARIO SAURO->12","LATITUDINE_SEZIONE":"45.01599","LONGITUDINE_SEZIONE":"7.66560","POS_X_SEZIONE":"394857.93927","POS_Y_SEZIONE":"4985592.52484","LATITUDINE_CENTRALE":"45.01097","LONGITUDINE_CENTRALE":"7.65780","POS_X_CENTRALE":"394234.02520","POS_Y_CENTRALE":"4985044.86404","TIPO_ADSL":"ADSL_2P","DESCRIZIONE_TIPO_ADSL":"ADSL 2+ (24 mega)","DISTANZA_CALCOLATA":"830.18","CLASSE_DISTANZA":"500-899","POTENZA_SEGNALE":"19523.33","POPOLAZIONE_SEZIONE": "740"}
			},
		 		{ "type" : "Feature",
				"geometry" : {
					"type" : "Point",
					"coordinates" : [7.66000,45.01714]},
			"properties" : { "ANNO":"2010","ID_SEZIONE":"12152","ISTAT_COMUNE_SEZ":"1272","COMUNE_SEZ":"TORINO","PROVINCIA":"TO","ID_CENTRALE":"1490","NOME_CENTRALE":"TORINO S. PIETRO","ISTAT_COMUNE_CENTR":"1272","COMUNE_CENTR":"TORINO","PROVINCIA_CENTR":"TO","INDIRIZZO_CENTRALE":"PZA NAZARIO SAURO->12","LATITUDINE_SEZIONE":"45.01714","LONGITUDINE_SEZIONE":"7.66000","POS_X_SEZIONE":"394418.72826","POS_Y_SEZIONE":"4985728.02769","LATITUDINE_CENTRALE":"45.01097","LONGITUDINE_CENTRALE":"7.65780","POS_X_CENTRALE":"394234.02520","POS_Y_CENTRALE":"4985044.86404","TIPO_ADSL":"ADSL_2P","DESCRIZIONE_TIPO_ADSL":"ADSL 2+ (24 mega)","DISTANZA_CALCOLATA":"707.69","CLASSE_DISTANZA":"500-899","POTENZA_SEGNALE":"19523.33","POPOLAZIONE_SEZIONE": "428"}
			},
		 		{ "type" : "Feature",
				"geometry" : {
					"type" : "Point",
					"coordinates" : [7.65121,45.01700]},
			"properties" : { "ANNO":"2010","ID_SEZIONE":"12631","ISTAT_COMUNE_SEZ":"1272","COMUNE_SEZ":"TORINO","PROVINCIA":"TO","ID_CENTRALE":"1490","NOME_CENTRALE":"TORINO S. PIETRO","ISTAT_COMUNE_CENTR":"1272","COMUNE_CENTR":"TORINO","PROVINCIA_CENTR":"TO","INDIRIZZO_CENTRALE":"PZA NAZARIO SAURO->12","LATITUDINE_SEZIONE":"45.01700","LONGITUDINE_SEZIONE":"7.65121","POS_X_SEZIONE":"393725.76903","POS_Y_SEZIONE":"4985723.52772","LATITUDINE_CENTRALE":"45.01097","LONGITUDINE_CENTRALE":"7.65780","POS_X_CENTRALE":"394234.02520","POS_Y_CENTRALE":"4985044.86404","TIPO_ADSL":"ADSL_2P","DESCRIZIONE_TIPO_ADSL":"ADSL 2+ (24 mega)","DISTANZA_CALCOLATA":"847.88","CLASSE_DISTANZA":"500-899","POTENZA_SEGNALE":"19523.33","POPOLAZIONE_SEZIONE": "256"}
			},
		 		{ "type" : "Feature",
				"geometry" : {
					"type" : "Point",
					"coordinates" : [7.65394,45.01553]},
			"properties" : { "ANNO":"2010","ID_SEZIONE":"13098","ISTAT_COMUNE_SEZ":"1272","COMUNE_SEZ":"TORINO","PROVINCIA":"TO","ID_CENTRALE":"1490","NOME_CENTRALE":"TORINO S. PIETRO","ISTAT_COMUNE_CENTR":"1272","COMUNE_CENTR":"TORINO","PROVINCIA_CENTR":"TO","INDIRIZZO_CENTRALE":"PZA NAZARIO SAURO->12","LATITUDINE_SEZIONE":"45.01553","LONGITUDINE_SEZIONE":"7.65394","POS_X_SEZIONE":"393938.63866","POS_Y_SEZIONE":"4985557.02481","LATITUDINE_CENTRALE":"45.01097","LONGITUDINE_CENTRALE":"7.65780","POS_X_CENTRALE":"394234.02520","POS_Y_CENTRALE":"4985044.86404","TIPO_ADSL":"ADSL_2P","DESCRIZIONE_TIPO_ADSL":"ADSL 2+ (24 mega)","DISTANZA_CALCOLATA":"591.24","CLASSE_DISTANZA":"500-899","POTENZA_SEGNALE":"19523.33","POPOLAZIONE_SEZIONE": "586"}
			},
		 		{ "type" : "Feature",
				"geometry" : {
					"type" : "Point",
					"coordinates" : [7.66569,45.01442]},
			"properties" : { "ANNO":"2010","ID_SEZIONE":"13315","ISTAT_COMUNE_SEZ":"1156","COMUNE_SEZ":"MONCALIERI","PROVINCIA":"TO","ID_CENTRALE":"1490","NOME_CENTRALE":"TORINO S. PIETRO","ISTAT_COMUNE_CENTR":"1272","COMUNE_CENTR":"TORINO","PROVINCIA_CENTR":"TO","INDIRIZZO_CENTRALE":"PZA NAZARIO SAURO->12","LATITUDINE_SEZIONE":"45.01442","LONGITUDINE_SEZIONE":"7.66569","POS_X_SEZIONE":"394862.53088","POS_Y_SEZIONE":"4985418.02193","LATITUDINE_CENTRALE":"45.01097","LONGITUDINE_CENTRALE":"7.65780","POS_X_CENTRALE":"394234.02520","POS_Y_CENTRALE":"4985044.86404","TIPO_ADSL":"ADSL_2P","DESCRIZIONE_TIPO_ADSL":"ADSL 2+ (24 mega)","DISTANZA_CALCOLATA":"730.94","CLASSE_DISTANZA":"500-899","POTENZA_SEGNALE":"19523.33","POPOLAZIONE_SEZIONE": "403"}
			},
		 		{ "type" : "Feature",
				"geometry" : {
					"type" : "Point",
					"coordinates" : [7.65548,45.00409]},
			"properties" : { "ANNO":"2010","ID_SEZIONE":"13318","ISTAT_COMUNE_SEZ":"1164","COMUNE_SEZ":"NICHELINO","PROVINCIA":"TO","ID_CENTRALE":"1490","NOME_CENTRALE":"TORINO S. PIETRO","ISTAT_COMUNE_CENTR":"1272","COMUNE_CENTR":"TORINO","PROVINCIA_CENTR":"TO","INDIRIZZO_CENTRALE":"PZA NAZARIO SAURO->12","LATITUDINE_SEZIONE":"45.00409","LONGITUDINE_SEZIONE":"7.65548","POS_X_SEZIONE":"394038.62048","POS_Y_SEZIONE":"4984284.50154","LATITUDINE_CENTRALE":"45.01097","LONGITUDINE_CENTRALE":"7.65780","POS_X_CENTRALE":"394234.02520","POS_Y_CENTRALE":"4985044.86404","TIPO_ADSL":"ADSL_2P","DESCRIZIONE_TIPO_ADSL":"ADSL 2+ (24 mega)","DISTANZA_CALCOLATA":"785.07","CLASSE_DISTANZA":"500-899","POTENZA_SEGNALE":"19523.33","POPOLAZIONE_SEZIONE": "509"}
			},
		 		{ "type" : "Feature",
				"geometry" : {
					"type" : "Point",
					"coordinates" : [7.66141,45.01959]},
			"properties" : { "ANNO":"2010","ID_SEZIONE":"13678","ISTAT_COMUNE_SEZ":"1272","COMUNE_SEZ":"TORINO","PROVINCIA":"TO","ID_CENTRALE":"1490","NOME_CENTRALE":"TORINO S. PIETRO","ISTAT_COMUNE_CENTR":"1272","COMUNE_CENTR":"TORINO","PROVINCIA_CENTR":"TO","INDIRIZZO_CENTRALE":"PZA NAZARIO SAURO->12","LATITUDINE_SEZIONE":"45.01959","LONGITUDINE_SEZIONE":"7.66141","POS_X_SEZIONE":"394534.79303","POS_Y_SEZIONE":"4985998.53214","LATITUDINE_CENTRALE":"45.01097","LONGITUDINE_CENTRALE":"7.65780","POS_X_CENTRALE":"394234.02520","POS_Y_CENTRALE":"4985044.86404","TIPO_ADSL":"ADSL_2P","DESCRIZIONE_TIPO_ADSL":"ADSL 2+ (24 mega)","DISTANZA_CALCOLATA":"999.97","CLASSE_DISTANZA":"900-1299","POTENZA_SEGNALE":"17737.5","POPOLAZIONE_SEZIONE": "809"}
			},
		 		{ "type" : "Feature",
				"geometry" : {
					"type" : "Point",
					"coordinates" : [7.66400,45.00763]},
			"properties" : { "ANNO":"2010","ID_SEZIONE":"13906","ISTAT_COMUNE_SEZ":"1156","COMUNE_SEZ":"MONCALIERI","PROVINCIA":"TO","ID_CENTRALE":"1490","NOME_CENTRALE":"TORINO S. PIETRO","ISTAT_COMUNE_CENTR":"1272","COMUNE_CENTR":"TORINO","PROVINCIA_CENTR":"TO","INDIRIZZO_CENTRALE":"PZA NAZARIO SAURO->12","LATITUDINE_SEZIONE":"45.00763","LONGITUDINE_SEZIONE":"7.66400","POS_X_SEZIONE":"394716.96058","POS_Y_SEZIONE":"4984666.00861","LATITUDINE_CENTRALE":"45.01097","LONGITUDINE_CENTRALE":"7.65780","POS_X_CENTRALE":"394234.02520","POS_Y_CENTRALE":"4985044.86404","TIPO_ADSL":"ADSL_2P","DESCRIZIONE_TIPO_ADSL":"ADSL 2+ (24 mega)","DISTANZA_CALCOLATA":"613.81","CLASSE_DISTANZA":"500-899","POTENZA_SEGNALE":"19523.33","POPOLAZIONE_SEZIONE": "555"}
			},
		 		{ "type" : "Feature",
				"geometry" : {
					"type" : "Point",
					"coordinates" : [7.66715,45.00759]},
			"properties" : { "ANNO":"2010","ID_SEZIONE":"13907","ISTAT_COMUNE_SEZ":"1156","COMUNE_SEZ":"MONCALIERI","PROVINCIA":"TO","ID_CENTRALE":"1490","NOME_CENTRALE":"TORINO S. PIETRO","ISTAT_COMUNE_CENTR":"1272","COMUNE_CENTR":"TORINO","PROVINCIA_CENTR":"TO","INDIRIZZO_CENTRALE":"PZA NAZARIO SAURO->12","LATITUDINE_SEZIONE":"45.00759","LONGITUDINE_SEZIONE":"7.66715","POS_X_SEZIONE":"394964.48800","POS_Y_SEZIONE":"4984657.50839","LATITUDINE_CENTRALE":"45.01097","LONGITUDINE_CENTRALE":"7.65780","POS_X_CENTRALE":"394234.02520","POS_Y_CENTRALE":"4985044.86404","TIPO_ADSL":"ADSL_2P","DESCRIZIONE_TIPO_ADSL":"ADSL 2+ (24 mega)","DISTANZA_CALCOLATA":"826.81","CLASSE_DISTANZA":"500-899","POTENZA_SEGNALE":"19523.33","POPOLAZIONE_SEZIONE": "282"}
			},
		 		{ "type" : "Feature",
				"geometry" : {
					"type" : "Point",
					"coordinates" : [7.65889,45.01448]},
			"properties" : { "ANNO":"2010","ID_SEZIONE":"14244","ISTAT_COMUNE_SEZ":"1156","COMUNE_SEZ":"MONCALIERI","PROVINCIA":"TO","ID_CENTRALE":"1490","NOME_CENTRALE":"TORINO S. PIETRO","ISTAT_COMUNE_CENTR":"1272","COMUNE_CENTR":"TORINO","PROVINCIA_CENTR":"TO","INDIRIZZO_CENTRALE":"PZA NAZARIO SAURO->12","LATITUDINE_SEZIONE":"45.01448","LONGITUDINE_SEZIONE":"7.65889","POS_X_SEZIONE":"394326.78842","POS_Y_SEZIONE":"4985433.52221","LATITUDINE_CENTRALE":"45.01097","LONGITUDINE_CENTRALE":"7.65780","POS_X_CENTRALE":"394234.02520","POS_Y_CENTRALE":"4985044.86404","TIPO_ADSL":"ADSL_2P","DESCRIZIONE_TIPO_ADSL":"ADSL 2+ (24 mega)","DISTANZA_CALCOLATA":"399.58","CLASSE_DISTANZA":"100-499","POTENZA_SEGNALE":"19761.67","POPOLAZIONE_SEZIONE": "260"}
			},
		 		{ "type" : "Feature",
				"geometry" : {
					"type" : "Point",
					"coordinates" : [7.65852,45.00442]},
			"properties" : { "ANNO":"2010","ID_SEZIONE":"14264","ISTAT_COMUNE_SEZ":"1164","COMUNE_SEZ":"NICHELINO","PROVINCIA":"TO","ID_CENTRALE":"1490","NOME_CENTRALE":"TORINO S. PIETRO","ISTAT_COMUNE_CENTR":"1272","COMUNE_CENTR":"TORINO","PROVINCIA_CENTR":"TO","INDIRIZZO_CENTRALE":"PZA NAZARIO SAURO->12","LATITUDINE_SEZIONE":"45.00442","LONGITUDINE_SEZIONE":"7.65852","POS_X_SEZIONE":"394278.68090","POS_Y_SEZIONE":"4984316.50205","LATITUDINE_CENTRALE":"45.01097","LONGITUDINE_CENTRALE":"7.65780","POS_X_CENTRALE":"394234.02520","POS_Y_CENTRALE":"4985044.86404","TIPO_ADSL":"ADSL_2P","DESCRIZIONE_TIPO_ADSL":"ADSL 2+ (24 mega)","DISTANZA_CALCOLATA":"729.73","CLASSE_DISTANZA":"500-899","POTENZA_SEGNALE":"19523.33","POPOLAZIONE_SEZIONE": "663"}
			},
		 		{ "type" : "Feature",
				"geometry" : {
					"type" : "Point",
					"coordinates" : [7.65996,45.01518]},
			"properties" : { "ANNO":"2010","ID_SEZIONE":"14761","ISTAT_COMUNE_SEZ":"1156","COMUNE_SEZ":"MONCALIERI","PROVINCIA":"TO","ID_CENTRALE":"1490","NOME_CENTRALE":"TORINO S. PIETRO","ISTAT_COMUNE_CENTR":"1272","COMUNE_CENTR":"TORINO","PROVINCIA_CENTR":"TO","INDIRIZZO_CENTRALE":"PZA NAZARIO SAURO->12","LATITUDINE_SEZIONE":"45.01518","LONGITUDINE_SEZIONE":"7.65996","POS_X_SEZIONE":"394412.19463","POS_Y_SEZIONE":"4985510.52343","LATITUDINE_CENTRALE":"45.01097","LONGITUDINE_CENTRALE":"7.65780","POS_X_CENTRALE":"394234.02520","POS_Y_CENTRALE":"4985044.86404","TIPO_ADSL":"ADSL_2P","DESCRIZIONE_TIPO_ADSL":"ADSL 2+ (24 mega)","DISTANZA_CALCOLATA":"498.58","CLASSE_DISTANZA":"100-499","POTENZA_SEGNALE":"19761.67","POPOLAZIONE_SEZIONE": "632"}
			},
		 		{ "type" : "Feature",
				"geometry" : {
					"type" : "Point",
					"coordinates" : [7.67038,45.00915]},
			"properties" : { "ANNO":"2010","ID_SEZIONE":"15185","ISTAT_COMUNE_SEZ":"1156","COMUNE_SEZ":"MONCALIERI","PROVINCIA":"TO","ID_CENTRALE":"1490","NOME_CENTRALE":"TORINO S. PIETRO","ISTAT_COMUNE_CENTR":"1272","COMUNE_CENTR":"TORINO","PROVINCIA_CENTR":"TO","INDIRIZZO_CENTRALE":"PZA NAZARIO SAURO->12","LATITUDINE_SEZIONE":"45.00915","LONGITUDINE_SEZIONE":"7.67038","POS_X_SEZIONE":"395222.17453","POS_Y_SEZIONE":"4984827.01111","LATITUDINE_CENTRALE":"45.01097","LONGITUDINE_CENTRALE":"7.65780","POS_X_CENTRALE":"394234.02520","POS_Y_CENTRALE":"4985044.86404","TIPO_ADSL":"ADSL_2P","DESCRIZIONE_TIPO_ADSL":"ADSL 2+ (24 mega)","DISTANZA_CALCOLATA":"1011.88","CLASSE_DISTANZA":"900-1299","POTENZA_SEGNALE":"17737.5","POPOLAZIONE_SEZIONE": "415"}
			},
		 		{ "type" : "Feature",
				"geometry" : {
					"type" : "Point",
					"coordinates" : [7.65435,45.00887]},
			"properties" : { "ANNO":"2010","ID_SEZIONE":"15398","ISTAT_COMUNE_SEZ":"1272","COMUNE_SEZ":"TORINO","PROVINCIA":"TO","ID_CENTRALE":"1490","NOME_CENTRALE":"TORINO S. PIETRO","ISTAT_COMUNE_CENTR":"1272","COMUNE_CENTR":"TORINO","PROVINCIA_CENTR":"TO","INDIRIZZO_CENTRALE":"PZA NAZARIO SAURO->12","LATITUDINE_SEZIONE":"45.00887","LONGITUDINE_SEZIONE":"7.65435","POS_X_SEZIONE":"393958.81658","POS_Y_SEZIONE":"4984816.51153","LATITUDINE_CENTRALE":"45.01097","LONGITUDINE_CENTRALE":"7.65780","POS_X_CENTRALE":"394234.02520","POS_Y_CENTRALE":"4985044.86404","TIPO_ADSL":"ADSL_2P","DESCRIZIONE_TIPO_ADSL":"ADSL 2+ (24 mega)","DISTANZA_CALCOLATA":"357.61","CLASSE_DISTANZA":"100-499","POTENZA_SEGNALE":"19761.67","POPOLAZIONE_SEZIONE": "109"}
			},
		 		{ "type" : "Feature",
				"geometry" : {
					"type" : "Point",
					"coordinates" : [7.65342,45.01335]},
			"properties" : { "ANNO":"2010","ID_SEZIONE":"15761","ISTAT_COMUNE_SEZ":"1272","COMUNE_SEZ":"TORINO","PROVINCIA":"TO","ID_CENTRALE":"1490","NOME_CENTRALE":"TORINO S. PIETRO","ISTAT_COMUNE_CENTR":"1272","COMUNE_CENTR":"TORINO","PROVINCIA_CENTR":"TO","INDIRIZZO_CENTRALE":"PZA NAZARIO SAURO->12","LATITUDINE_SEZIONE":"45.01335","LONGITUDINE_SEZIONE":"7.65342","POS_X_SEZIONE":"393893.48026","POS_Y_SEZIONE":"4985315.02033","LATITUDINE_CENTRALE":"45.01097","LONGITUDINE_CENTRALE":"7.65780","POS_X_CENTRALE":"394234.02520","POS_Y_CENTRALE":"4985044.86404","TIPO_ADSL":"ADSL_2P","DESCRIZIONE_TIPO_ADSL":"ADSL 2+ (24 mega)","DISTANZA_CALCOLATA":"434.69","CLASSE_DISTANZA":"100-499","POTENZA_SEGNALE":"19761.67","POPOLAZIONE_SEZIONE": "116"}
			},
		 		{ "type" : "Feature",
				"geometry" : {
					"type" : "Point",
					"coordinates" : [7.65995,45.01001]},
			"properties" : { "ANNO":"2010","ID_SEZIONE":"16311","ISTAT_COMUNE_SEZ":"1156","COMUNE_SEZ":"MONCALIERI","PROVINCIA":"TO","ID_CENTRALE":"1490","NOME_CENTRALE":"TORINO S. PIETRO","ISTAT_COMUNE_CENTR":"1272","COMUNE_CENTR":"TORINO","PROVINCIA_CENTR":"TO","INDIRIZZO_CENTRALE":"PZA NAZARIO SAURO->12","LATITUDINE_SEZIONE":"45.01001","LONGITUDINE_SEZIONE":"7.65995","POS_X_SEZIONE":"394402.06215","POS_Y_SEZIONE":"4984935.51313","LATITUDINE_CENTRALE":"45.01097","LONGITUDINE_CENTRALE":"7.65780","POS_X_CENTRALE":"394234.02520","POS_Y_CENTRALE":"4985044.86404","TIPO_ADSL":"ADSL_2P","DESCRIZIONE_TIPO_ADSL":"ADSL 2+ (24 mega)","DISTANZA_CALCOLATA":"200.48","CLASSE_DISTANZA":"100-499","POTENZA_SEGNALE":"19761.67","POPOLAZIONE_SEZIONE": "494"}
			},
		 		{ "type" : "Feature",
				"geometry" : {
					"type" : "Point",
					"coordinates" : [7.64987,45.01307]},
			"properties" : { "ANNO":"2010","ID_SEZIONE":"16791","ISTAT_COMUNE_SEZ":"1272","COMUNE_SEZ":"TORINO","PROVINCIA":"TO","ID_CENTRALE":"1490","NOME_CENTRALE":"TORINO S. PIETRO","ISTAT_COMUNE_CENTR":"1272","COMUNE_CENTR":"TORINO","PROVINCIA_CENTR":"TO","INDIRIZZO_CENTRALE":"PZA NAZARIO SAURO->12","LATITUDINE_SEZIONE":"45.01307","LONGITUDINE_SEZIONE":"7.64987","POS_X_SEZIONE":"393613.29696","POS_Y_SEZIONE":"4985288.51972","LATITUDINE_CENTRALE":"45.01097","LONGITUDINE_CENTRALE":"7.65780","POS_X_CENTRALE":"394234.02520","POS_Y_CENTRALE":"4985044.86404","TIPO_ADSL":"ADSL_2P","DESCRIZIONE_TIPO_ADSL":"ADSL 2+ (24 mega)","DISTANZA_CALCOLATA":"666.84","CLASSE_DISTANZA":"500-899","POTENZA_SEGNALE":"19523.33","POPOLAZIONE_SEZIONE": "331"}
			},
		 		{ "type" : "Feature",
				"geometry" : {
					"type" : "Point",
					"coordinates" : [7.65494,45.01306]},
			"properties" : { "ANNO":"2010","ID_SEZIONE":"16792","ISTAT_COMUNE_SEZ":"1272","COMUNE_SEZ":"TORINO","PROVINCIA":"TO","ID_CENTRALE":"1490","NOME_CENTRALE":"TORINO S. PIETRO","ISTAT_COMUNE_CENTR":"1272","COMUNE_CENTR":"TORINO","PROVINCIA_CENTR":"TO","INDIRIZZO_CENTRALE":"PZA NAZARIO SAURO->12","LATITUDINE_SEZIONE":"45.01306","LONGITUDINE_SEZIONE":"7.65494","POS_X_SEZIONE":"394012.44704","POS_Y_SEZIONE":"4985281.51965","LATITUDINE_CENTRALE":"45.01097","LONGITUDINE_CENTRALE":"7.65780","POS_X_CENTRALE":"394234.02520","POS_Y_CENTRALE":"4985044.86404","TIPO_ADSL":"ADSL_2P","DESCRIZIONE_TIPO_ADSL":"ADSL 2+ (24 mega)","DISTANZA_CALCOLATA":"324.20","CLASSE_DISTANZA":"100-499","POTENZA_SEGNALE":"19761.67","POPOLAZIONE_SEZIONE": "66"}
			},
		 		{ "type" : "Feature",
				"geometry" : {
					"type" : "Point",
					"coordinates" : [7.65002,45.01520]},
			"properties" : { "ANNO":"2010","ID_SEZIONE":"17489","ISTAT_COMUNE_SEZ":"1272","COMUNE_SEZ":"TORINO","PROVINCIA":"TO","ID_CENTRALE":"1490","NOME_CENTRALE":"TORINO S. PIETRO","ISTAT_COMUNE_CENTR":"1272","COMUNE_CENTR":"TORINO","PROVINCIA_CENTR":"TO","INDIRIZZO_CENTRALE":"PZA NAZARIO SAURO->12","LATITUDINE_SEZIONE":"45.01520","LONGITUDINE_SEZIONE":"7.65002","POS_X_SEZIONE":"393628.89248","POS_Y_SEZIONE":"4985525.02429","LATITUDINE_CENTRALE":"45.01097","LONGITUDINE_CENTRALE":"7.65780","POS_X_CENTRALE":"394234.02520","POS_Y_CENTRALE":"4985044.86404","TIPO_ADSL":"ADSL_2P","DESCRIZIONE_TIPO_ADSL":"ADSL 2+ (24 mega)","DISTANZA_CALCOLATA":"772.49","CLASSE_DISTANZA":"500-899","POTENZA_SEGNALE":"19523.33","POPOLAZIONE_SEZIONE": "210"}
			},
		 		{ "type" : "Feature",
				"geometry" : {
					"type" : "Point",
					"coordinates" : [7.67026,45.00790]},
			"properties" : { "ANNO":"2010","ID_SEZIONE":"17822","ISTAT_COMUNE_SEZ":"1156","COMUNE_SEZ":"MONCALIERI","PROVINCIA":"TO","ID_CENTRALE":"1490","NOME_CENTRALE":"TORINO S. PIETRO","ISTAT_COMUNE_CENTR":"1272","COMUNE_CENTR":"TORINO","PROVINCIA_CENTR":"TO","INDIRIZZO_CENTRALE":"PZA NAZARIO SAURO->12","LATITUDINE_SEZIONE":"45.00790","LONGITUDINE_SEZIONE":"7.67026","POS_X_SEZIONE":"395210.26695","POS_Y_SEZIONE":"4984688.50897","LATITUDINE_CENTRALE":"45.01097","LONGITUDINE_CENTRALE":"7.65780","POS_X_CENTRALE":"394234.02520","POS_Y_CENTRALE":"4985044.86404","TIPO_ADSL":"ADSL_2P","DESCRIZIONE_TIPO_ADSL":"ADSL 2+ (24 mega)","DISTANZA_CALCOLATA":"1039.25","CLASSE_DISTANZA":"900-1299","POTENZA_SEGNALE":"17737.5","POPOLAZIONE_SEZIONE": "67"}
			},
		 		{ "type" : "Feature",
				"geometry" : {
					"type" : "Point",
					"coordinates" : [7.66938,45.01124]},
			"properties" : { "ANNO":"2010","ID_SEZIONE":"18020","ISTAT_COMUNE_SEZ":"1156","COMUNE_SEZ":"MONCALIERI","PROVINCIA":"TO","ID_CENTRALE":"1490","NOME_CENTRALE":"TORINO S. PIETRO","ISTAT_COMUNE_CENTR":"1272","COMUNE_CENTR":"TORINO","PROVINCIA_CENTR":"TO","INDIRIZZO_CENTRALE":"PZA NAZARIO SAURO->12","LATITUDINE_SEZIONE":"45.01124","LONGITUDINE_SEZIONE":"7.66938","POS_X_SEZIONE":"395147.58432","POS_Y_SEZIONE":"4985060.51537","LATITUDINE_CENTRALE":"45.01097","LONGITUDINE_CENTRALE":"7.65780","POS_X_CENTRALE":"394234.02520","POS_Y_CENTRALE":"4985044.86404","TIPO_ADSL":"ADSL_2P","DESCRIZIONE_TIPO_ADSL":"ADSL 2+ (24 mega)","DISTANZA_CALCOLATA":"913.69","CLASSE_DISTANZA":"900-1299","POTENZA_SEGNALE":"17737.5","POPOLAZIONE_SEZIONE": "589"}
			},
		 		{ "type" : "Feature",
				"geometry" : {
					"type" : "Point",
					"coordinates" : [7.65288,45.01687]},
			"properties" : { "ANNO":"2010","ID_SEZIONE":"18824","ISTAT_COMUNE_SEZ":"1272","COMUNE_SEZ":"TORINO","PROVINCIA":"TO","ID_CENTRALE":"1490","NOME_CENTRALE":"TORINO S. PIETRO","ISTAT_COMUNE_CENTR":"1272","COMUNE_CENTR":"TORINO","PROVINCIA_CENTR":"TO","INDIRIZZO_CENTRALE":"PZA NAZARIO SAURO->12","LATITUDINE_SEZIONE":"45.01687","LONGITUDINE_SEZIONE":"7.65288","POS_X_SEZIONE":"393857.73600","POS_Y_SEZIONE":"4985706.52727","LATITUDINE_CENTRALE":"45.01097","LONGITUDINE_CENTRALE":"7.65780","POS_X_CENTRALE":"394234.02520","POS_Y_CENTRALE":"4985044.86404","TIPO_ADSL":"ADSL_2P","DESCRIZIONE_TIPO_ADSL":"ADSL 2+ (24 mega)","DISTANZA_CALCOLATA":"761.18","CLASSE_DISTANZA":"500-899","POTENZA_SEGNALE":"19523.33","POPOLAZIONE_SEZIONE": "217"}
			},
		 		{ "type" : "Feature",
				"geometry" : {
					"type" : "Point",
					"coordinates" : [7.66605,45.01272]},
			"properties" : { "ANNO":"2010","ID_SEZIONE":"18864","ISTAT_COMUNE_SEZ":"1156","COMUNE_SEZ":"MONCALIERI","PROVINCIA":"TO","ID_CENTRALE":"1490","NOME_CENTRALE":"TORINO S. PIETRO","ISTAT_COMUNE_CENTR":"1272","COMUNE_CENTR":"TORINO","PROVINCIA_CENTR":"TO","INDIRIZZO_CENTRALE":"PZA NAZARIO SAURO->12","LATITUDINE_SEZIONE":"45.01272","LONGITUDINE_SEZIONE":"7.66605","POS_X_SEZIONE":"394887.65319","POS_Y_SEZIONE":"4985229.01866","LATITUDINE_CENTRALE":"45.01097","LONGITUDINE_CENTRALE":"7.65780","POS_X_CENTRALE":"394234.02520","POS_Y_CENTRALE":"4985044.86404","TIPO_ADSL":"ADSL_2P","DESCRIZIONE_TIPO_ADSL":"ADSL 2+ (24 mega)","DISTANZA_CALCOLATA":"679.07","CLASSE_DISTANZA":"500-899","POTENZA_SEGNALE":"19523.33","POPOLAZIONE_SEZIONE": "281"}
			},
		 		{ "type" : "Feature",
				"geometry" : {
					"type" : "Point",
					"coordinates" : [7.65351,45.01030]},
			"properties" : { "ANNO":"2010","ID_SEZIONE":"19236","ISTAT_COMUNE_SEZ":"1272","COMUNE_SEZ":"TORINO","PROVINCIA":"TO","ID_CENTRALE":"1490","NOME_CENTRALE":"TORINO S. PIETRO","ISTAT_COMUNE_CENTR":"1272","COMUNE_CENTR":"TORINO","PROVINCIA_CENTR":"TO","INDIRIZZO_CENTRALE":"PZA NAZARIO SAURO->12","LATITUDINE_SEZIONE":"45.01030","LONGITUDINE_SEZIONE":"7.65351","POS_X_SEZIONE":"393894.63175","POS_Y_SEZIONE":"4984976.01437","LATITUDINE_CENTRALE":"45.01097","LONGITUDINE_CENTRALE":"7.65780","POS_X_CENTRALE":"394234.02520","POS_Y_CENTRALE":"4985044.86404","TIPO_ADSL":"ADSL_2P","DESCRIZIONE_TIPO_ADSL":"ADSL 2+ (24 mega)","DISTANZA_CALCOLATA":"346.31","CLASSE_DISTANZA":"100-499","POTENZA_SEGNALE":"19761.67","POPOLAZIONE_SEZIONE": "137"}
			},
		 		{ "type" : "Feature",
				"geometry" : {
					"type" : "Point",
					"coordinates" : [7.65057,45.01118]},
			"properties" : { "ANNO":"2010","ID_SEZIONE":"19817","ISTAT_COMUNE_SEZ":"1272","COMUNE_SEZ":"TORINO","PROVINCIA":"TO","ID_CENTRALE":"1490","NOME_CENTRALE":"TORINO S. PIETRO","ISTAT_COMUNE_CENTR":"1272","COMUNE_CENTR":"TORINO","PROVINCIA_CENTR":"TO","INDIRIZZO_CENTRALE":"PZA NAZARIO SAURO->12","LATITUDINE_SEZIONE":"45.01118","LONGITUDINE_SEZIONE":"7.65057","POS_X_SEZIONE":"393665.13645","POS_Y_SEZIONE":"4985078.51626","LATITUDINE_CENTRALE":"45.01097","LONGITUDINE_CENTRALE":"7.65780","POS_X_CENTRALE":"394234.02520","POS_Y_CENTRALE":"4985044.86404","TIPO_ADSL":"ADSL_2P","DESCRIZIONE_TIPO_ADSL":"ADSL 2+ (24 mega)","DISTANZA_CALCOLATA":"569.88","CLASSE_DISTANZA":"500-899","POTENZA_SEGNALE":"19523.33","POPOLAZIONE_SEZIONE": "1315"}
			},
		 		{ "type" : "Feature",
				"geometry" : {
					"type" : "Point",
					"coordinates" : [7.66079,45.00259]},
			"properties" : { "ANNO":"2010","ID_SEZIONE":"20041","ISTAT_COMUNE_SEZ":"1164","COMUNE_SEZ":"NICHELINO","PROVINCIA":"TO","ID_CENTRALE":"1490","NOME_CENTRALE":"TORINO S. PIETRO","ISTAT_COMUNE_CENTR":"1272","COMUNE_CENTR":"TORINO","PROVINCIA_CENTR":"TO","INDIRIZZO_CENTRALE":"PZA NAZARIO SAURO->12","LATITUDINE_SEZIONE":"45.00259","LONGITUDINE_SEZIONE":"7.66079","POS_X_SEZIONE":"394454.39469","POS_Y_SEZIONE":"4984110.49834","LATITUDINE_CENTRALE":"45.01097","LONGITUDINE_CENTRALE":"7.65780","POS_X_CENTRALE":"394234.02520","POS_Y_CENTRALE":"4985044.86404","TIPO_ADSL":"ADSL_2P","DESCRIZIONE_TIPO_ADSL":"ADSL 2+ (24 mega)","DISTANZA_CALCOLATA":"960.00","CLASSE_DISTANZA":"900-1299","POTENZA_SEGNALE":"17737.5","POPOLAZIONE_SEZIONE": "688"}
			},
		 		{ "type" : "Feature",
				"geometry" : {
					"type" : "Point",
					"coordinates" : [7.65353,45.01445]},
			"properties" : { "ANNO":"2010","ID_SEZIONE":"20387","ISTAT_COMUNE_SEZ":"1272","COMUNE_SEZ":"TORINO","PROVINCIA":"TO","ID_CENTRALE":"1490","NOME_CENTRALE":"TORINO S. PIETRO","ISTAT_COMUNE_CENTR":"1272","COMUNE_CENTR":"TORINO","PROVINCIA_CENTR":"TO","INDIRIZZO_CENTRALE":"PZA NAZARIO SAURO->12","LATITUDINE_SEZIONE":"45.01445","LONGITUDINE_SEZIONE":"7.65353","POS_X_SEZIONE":"393904.04487","POS_Y_SEZIONE":"4985437.52247","LATITUDINE_CENTRALE":"45.01097","LONGITUDINE_CENTRALE":"7.65780","POS_X_CENTRALE":"394234.02520","POS_Y_CENTRALE":"4985044.86404","TIPO_ADSL":"ADSL_2P","DESCRIZIONE_TIPO_ADSL":"ADSL 2+ (24 mega)","DISTANZA_CALCOLATA":"512.90","CLASSE_DISTANZA":"500-899","POTENZA_SEGNALE":"19523.33","POPOLAZIONE_SEZIONE": "316"}
			},
		 		{ "type" : "Feature",
				"geometry" : {
					"type" : "Point",
					"coordinates" : [7.65404,45.00424]},
			"properties" : { "ANNO":"2010","ID_SEZIONE":"20411","ISTAT_COMUNE_SEZ":"1164","COMUNE_SEZ":"NICHELINO","PROVINCIA":"TO","ID_CENTRALE":"1490","NOME_CENTRALE":"TORINO S. PIETRO","ISTAT_COMUNE_CENTR":"1272","COMUNE_CENTR":"TORINO","PROVINCIA_CENTR":"TO","INDIRIZZO_CENTRALE":"PZA NAZARIO SAURO->12","LATITUDINE_SEZIONE":"45.00424","LONGITUDINE_SEZIONE":"7.65404","POS_X_SEZIONE":"393925.81050","POS_Y_SEZIONE":"4984302.00221","LATITUDINE_CENTRALE":"45.01097","LONGITUDINE_CENTRALE":"7.65780","POS_X_CENTRALE":"394234.02520","POS_Y_CENTRALE":"4985044.86404","TIPO_ADSL":"ADSL_2P","DESCRIZIONE_TIPO_ADSL":"ADSL 2+ (24 mega)","DISTANZA_CALCOLATA":"804.26","CLASSE_DISTANZA":"500-899","POTENZA_SEGNALE":"19523.33","POPOLAZIONE_SEZIONE": "734"}
			},
		 		{ "type" : "Feature",
				"geometry" : {
					"type" : "Point",
					"coordinates" : [7.65703,45.00903]},
			"properties" : { "ANNO":"2010","ID_SEZIONE":"20603","ISTAT_COMUNE_SEZ":"1156","COMUNE_SEZ":"MONCALIERI","PROVINCIA":"TO","ID_CENTRALE":"1490","NOME_CENTRALE":"TORINO S. PIETRO","ISTAT_COMUNE_CENTR":"1272","COMUNE_CENTR":"TORINO","PROVINCIA_CENTR":"TO","INDIRIZZO_CENTRALE":"PZA NAZARIO SAURO->12","LATITUDINE_SEZIONE":"45.00903","LONGITUDINE_SEZIONE":"7.65703","POS_X_SEZIONE":"394169.87578","POS_Y_SEZIONE":"4984830.51165","LATITUDINE_CENTRALE":"45.01097","LONGITUDINE_CENTRALE":"7.65780","POS_X_CENTRALE":"394234.02520","POS_Y_CENTRALE":"4985044.86404","TIPO_ADSL":"ADSL_2P","DESCRIZIONE_TIPO_ADSL":"ADSL 2+ (24 mega)","DISTANZA_CALCOLATA":"223.75","CLASSE_DISTANZA":"100-499","POTENZA_SEGNALE":"19761.67","POPOLAZIONE_SEZIONE": "419"}
			},
		 		{ "type" : "Feature",
				"geometry" : {
					"type" : "Point",
					"coordinates" : [7.66328,45.00016]},
			"properties" : { "ANNO":"2010","ID_SEZIONE":"20883","ISTAT_COMUNE_SEZ":"1156","COMUNE_SEZ":"MONCALIERI","PROVINCIA":"TO","ID_CENTRALE":"1490","NOME_CENTRALE":"TORINO S. PIETRO","ISTAT_COMUNE_CENTR":"1272","COMUNE_CENTR":"TORINO","PROVINCIA_CENTR":"TO","INDIRIZZO_CENTRALE":"PZA NAZARIO SAURO->12","LATITUDINE_SEZIONE":"45.00016","LONGITUDINE_SEZIONE":"7.66328","POS_X_SEZIONE":"394645.88884","POS_Y_SEZIONE":"4983836.99357","LATITUDINE_CENTRALE":"45.01097","LONGITUDINE_CENTRALE":"7.65780","POS_X_CENTRALE":"394234.02520","POS_Y_CENTRALE":"4985044.86404","TIPO_ADSL":"ADSL_2P","DESCRIZIONE_TIPO_ADSL":"ADSL 2+ (24 mega)","DISTANZA_CALCOLATA":"1276.16","CLASSE_DISTANZA":"900-1299","POTENZA_SEGNALE":"17737.5","POPOLAZIONE_SEZIONE": "877"}
			},
		 		{ "type" : "Feature",
				"geometry" : {
					"type" : "Point",
					"coordinates" : [7.64582,45.00227]},
			"properties" : { "ANNO":"2010","ID_SEZIONE":"21267","ISTAT_COMUNE_SEZ":"1164","COMUNE_SEZ":"NICHELINO","PROVINCIA":"TO","ID_CENTRALE":"1490","NOME_CENTRALE":"TORINO S. PIETRO","ISTAT_COMUNE_CENTR":"1272","COMUNE_CENTR":"TORINO","PROVINCIA_CENTR":"TO","INDIRIZZO_CENTRALE":"PZA NAZARIO SAURO->12","LATITUDINE_SEZIONE":"45.00227","LONGITUDINE_SEZIONE":"7.64582","POS_X_SEZIONE":"393273.91008","POS_Y_SEZIONE":"4984094.99805","LATITUDINE_CENTRALE":"45.01097","LONGITUDINE_CENTRALE":"7.65780","POS_X_CENTRALE":"394234.02520","POS_Y_CENTRALE":"4985044.86404","TIPO_ADSL":"ADSL_2P","DESCRIZIONE_TIPO_ADSL":"ADSL 2+ (24 mega)","DISTANZA_CALCOLATA":"1350.58","CLASSE_DISTANZA":"1300-1699","POTENZA_SEGNALE":"16071.67","POPOLAZIONE_SEZIONE": "741"}
			},
		 		{ "type" : "Feature",
				"geometry" : {
					"type" : "Point",
					"coordinates" : [7.65441,45.01676]},
			"properties" : { "ANNO":"2010","ID_SEZIONE":"21543","ISTAT_COMUNE_SEZ":"1272","COMUNE_SEZ":"TORINO","PROVINCIA":"TO","ID_CENTRALE":"1490","NOME_CENTRALE":"TORINO S. PIETRO","ISTAT_COMUNE_CENTR":"1272","COMUNE_CENTR":"TORINO","PROVINCIA_CENTR":"TO","INDIRIZZO_CENTRALE":"PZA NAZARIO SAURO->12","LATITUDINE_SEZIONE":"45.01676","LONGITUDINE_SEZIONE":"7.65441","POS_X_SEZIONE":"393977.95309","POS_Y_SEZIONE":"4985692.52714","LATITUDINE_CENTRALE":"45.01097","LONGITUDINE_CENTRALE":"7.65780","POS_X_CENTRALE":"394234.02520","POS_Y_CENTRALE":"4985044.86404","TIPO_ADSL":"ADSL_2P","DESCRIZIONE_TIPO_ADSL":"ADSL 2+ (24 mega)","DISTANZA_CALCOLATA":"696.45","CLASSE_DISTANZA":"500-899","POTENZA_SEGNALE":"19523.33","POPOLAZIONE_SEZIONE": "541"}
			},
		 		{ "type" : "Feature",
				"geometry" : {
					"type" : "Point",
					"coordinates" : [7.65528,45.01410]},
			"properties" : { "ANNO":"2010","ID_SEZIONE":"21545","ISTAT_COMUNE_SEZ":"1272","COMUNE_SEZ":"TORINO","PROVINCIA":"TO","ID_CENTRALE":"1490","NOME_CENTRALE":"TORINO S. PIETRO","ISTAT_COMUNE_CENTR":"1272","COMUNE_CENTR":"TORINO","PROVINCIA_CENTR":"TO","INDIRIZZO_CENTRALE":"PZA NAZARIO SAURO->12","LATITUDINE_SEZIONE":"45.01410","LONGITUDINE_SEZIONE":"7.65528","POS_X_SEZIONE":"394041.72935","POS_Y_SEZIONE":"4985396.52151","LATITUDINE_CENTRALE":"45.01097","LONGITUDINE_CENTRALE":"7.65780","POS_X_CENTRALE":"394234.02520","POS_Y_CENTRALE":"4985044.86404","TIPO_ADSL":"ADSL_2P","DESCRIZIONE_TIPO_ADSL":"ADSL 2+ (24 mega)","DISTANZA_CALCOLATA":"400.80","CLASSE_DISTANZA":"100-499","POTENZA_SEGNALE":"19761.67","POPOLAZIONE_SEZIONE": "281"}
			},
		 		{ "type" : "Feature",
				"geometry" : {
					"type" : "Point",
					"coordinates" : [7.65216,45.01058]},
			"properties" : { "ANNO":"2010","ID_SEZIONE":"23552","ISTAT_COMUNE_SEZ":"1272","COMUNE_SEZ":"TORINO","PROVINCIA":"TO","ID_CENTRALE":"1490","NOME_CENTRALE":"TORINO S. PIETRO","ISTAT_COMUNE_CENTR":"1272","COMUNE_CENTR":"TORINO","PROVINCIA_CENTR":"TO","INDIRIZZO_CENTRALE":"PZA NAZARIO SAURO->12","LATITUDINE_SEZIONE":"45.01058","LONGITUDINE_SEZIONE":"7.65216","POS_X_SEZIONE":"393788.69639","POS_Y_SEZIONE":"4985009.01482","LATITUDINE_CENTRALE":"45.01097","LONGITUDINE_CENTRALE":"7.65780","POS_X_CENTRALE":"394234.02520","POS_Y_CENTRALE":"4985044.86404","TIPO_ADSL":"ADSL_2P","DESCRIZIONE_TIPO_ADSL":"ADSL 2+ (24 mega)","DISTANZA_CALCOLATA":"446.77","CLASSE_DISTANZA":"100-499","POTENZA_SEGNALE":"19761.67","POPOLAZIONE_SEZIONE": "134"}
			},
		 		{ "type" : "Feature",
				"geometry" : {
					"type" : "Point",
					"coordinates" : [7.65941,45.00859]},
			"properties" : { "ANNO":"2010","ID_SEZIONE":"23553","ISTAT_COMUNE_SEZ":"1156","COMUNE_SEZ":"MONCALIERI","PROVINCIA":"TO","ID_CENTRALE":"1490","NOME_CENTRALE":"TORINO S. PIETRO","ISTAT_COMUNE_CENTR":"1272","COMUNE_CENTR":"TORINO","PROVINCIA_CENTR":"TO","INDIRIZZO_CENTRALE":"PZA NAZARIO SAURO->12","LATITUDINE_SEZIONE":"45.00859","LONGITUDINE_SEZIONE":"7.65941","POS_X_SEZIONE":"394356.52999","POS_Y_SEZIONE":"4984779.01060","LATITUDINE_CENTRALE":"45.01097","LONGITUDINE_CENTRALE":"7.65780","POS_X_CENTRALE":"394234.02520","POS_Y_CENTRALE":"4985044.86404","TIPO_ADSL":"ADSL_2P","DESCRIZIONE_TIPO_ADSL":"ADSL 2+ (24 mega)","DISTANZA_CALCOLATA":"292.72","CLASSE_DISTANZA":"100-499","POTENZA_SEGNALE":"19761.67","POPOLAZIONE_SEZIONE": "606"}
			},
		 		{ "type" : "Feature",
				"geometry" : {
					"type" : "Point",
					"coordinates" : [7.65639,45.01279]},
			"properties" : { "ANNO":"2010","ID_SEZIONE":"24128","ISTAT_COMUNE_SEZ":"1272","COMUNE_SEZ":"TORINO","PROVINCIA":"TO","ID_CENTRALE":"1490","NOME_CENTRALE":"TORINO S. PIETRO","ISTAT_COMUNE_CENTR":"1272","COMUNE_CENTR":"TORINO","PROVINCIA_CENTR":"TO","INDIRIZZO_CENTRALE":"PZA NAZARIO SAURO->12","LATITUDINE_SEZIONE":"45.01279","LONGITUDINE_SEZIONE":"7.65639","POS_X_SEZIONE":"394126.69524","POS_Y_SEZIONE":"4985249.51914","LATITUDINE_CENTRALE":"45.01097","LONGITUDINE_CENTRALE":"7.65780","POS_X_CENTRALE":"394234.02520","POS_Y_CENTRALE":"4985044.86404","TIPO_ADSL":"ADSL_2P","DESCRIZIONE_TIPO_ADSL":"ADSL 2+ (24 mega)","DISTANZA_CALCOLATA":"231.09","CLASSE_DISTANZA":"100-499","POTENZA_SEGNALE":"19761.67","POPOLAZIONE_SEZIONE": "388"}
			},
		 		{ "type" : "Feature",
				"geometry" : {
					"type" : "Point",
					"coordinates" : [7.66372,45.01060]},
			"properties" : { "ANNO":"2010","ID_SEZIONE":"24481","ISTAT_COMUNE_SEZ":"1156","COMUNE_SEZ":"MONCALIERI","PROVINCIA":"TO","ID_CENTRALE":"1490","NOME_CENTRALE":"TORINO S. PIETRO","ISTAT_COMUNE_CENTR":"1272","COMUNE_CENTR":"TORINO","PROVINCIA_CENTR":"TO","INDIRIZZO_CENTRALE":"PZA NAZARIO SAURO->12","LATITUDINE_SEZIONE":"45.01060","LONGITUDINE_SEZIONE":"7.66372","POS_X_SEZIONE":"394699.74560","POS_Y_SEZIONE":"4984996.51434","LATITUDINE_CENTRALE":"45.01097","LONGITUDINE_CENTRALE":"7.65780","POS_X_CENTRALE":"394234.02520","POS_Y_CENTRALE":"4985044.86404","TIPO_ADSL":"ADSL_2P","DESCRIZIONE_TIPO_ADSL":"ADSL 2+ (24 mega)","DISTANZA_CALCOLATA":"468.22","CLASSE_DISTANZA":"100-499","POTENZA_SEGNALE":"19761.67","POPOLAZIONE_SEZIONE": "574"}
			},
		 		{ "type" : "Feature",
				"geometry" : {
					"type" : "Point",
					"coordinates" : [7.70981,45.07191]},
			"properties" : { "ANNO":"2010","ID_SEZIONE":"24647","ISTAT_COMUNE_SEZ":"1272","COMUNE_SEZ":"TORINO","PROVINCIA":"TO","ID_CENTRALE":"1490","NOME_CENTRALE":"TORINO S. PIETRO","ISTAT_COMUNE_CENTR":"1272","COMUNE_CENTR":"TORINO","PROVINCIA_CENTR":"TO","INDIRIZZO_CENTRALE":"PZA NAZARIO SAURO->12","LATITUDINE_SEZIONE":"45.07191","LONGITUDINE_SEZIONE":"7.70981","POS_X_SEZIONE":"398440.67412","POS_Y_SEZIONE":"4991748.13598","LATITUDINE_CENTRALE":"45.01097","LONGITUDINE_CENTRALE":"7.65780","POS_X_CENTRALE":"394234.02520","POS_Y_CENTRALE":"4985044.86404","TIPO_ADSL":"ADSL_2P","DESCRIZIONE_TIPO_ADSL":"ADSL 2+ (24 mega)","DISTANZA_CALCOLATA":"7913.9","CLASSE_DISTANZA":"6100 e oltre","POTENZA_SEGNALE":"0.00","POPOLAZIONE_SEZIONE": "376"}
			},
		 		{ "type" : "Feature",
				"geometry" : {
					"type" : "Point",
					"coordinates" : [7.66695,45.01421]},
			"properties" : { "ANNO":"2010","ID_SEZIONE":"24711","ISTAT_COMUNE_SEZ":"1156","COMUNE_SEZ":"MONCALIERI","PROVINCIA":"TO","ID_CENTRALE":"1490","NOME_CENTRALE":"TORINO S. PIETRO","ISTAT_COMUNE_CENTR":"1272","COMUNE_CENTR":"TORINO","PROVINCIA_CENTR":"TO","INDIRIZZO_CENTRALE":"PZA NAZARIO SAURO->12","LATITUDINE_SEZIONE":"45.01421","LONGITUDINE_SEZIONE":"7.66695","POS_X_SEZIONE":"394961.43495","POS_Y_SEZIONE":"4985393.02148","LATITUDINE_CENTRALE":"45.01097","LONGITUDINE_CENTRALE":"7.65780","POS_X_CENTRALE":"394234.02520","POS_Y_CENTRALE":"4985044.86404","TIPO_ADSL":"ADSL_2P","DESCRIZIONE_TIPO_ADSL":"ADSL 2+ (24 mega)","DISTANZA_CALCOLATA":"806.44","CLASSE_DISTANZA":"500-899","POTENZA_SEGNALE":"19523.33","POPOLAZIONE_SEZIONE": "433"}
			},
		 		{ "type" : "Feature",
				"geometry" : {
					"type" : "Point",
					"coordinates" : [7.66686,45.01714]},
			"properties" : { "ANNO":"2010","ID_SEZIONE":"25633","ISTAT_COMUNE_SEZ":"1272","COMUNE_SEZ":"TORINO","PROVINCIA":"TO","ID_CENTRALE":"1490","NOME_CENTRALE":"TORINO S. PIETRO","ISTAT_COMUNE_CENTR":"1272","COMUNE_CENTR":"TORINO","PROVINCIA_CENTR":"TO","INDIRIZZO_CENTRALE":"PZA NAZARIO SAURO->12","LATITUDINE_SEZIONE":"45.01714","LONGITUDINE_SEZIONE":"7.66686","POS_X_SEZIONE":"394959.18932","POS_Y_SEZIONE":"4985719.02724","LATITUDINE_CENTRALE":"45.01097","LONGITUDINE_CENTRALE":"7.65780","POS_X_CENTRALE":"394234.02520","POS_Y_CENTRALE":"4985044.86404","TIPO_ADSL":"ADSL_2P","DESCRIZIONE_TIPO_ADSL":"ADSL 2+ (24 mega)","DISTANZA_CALCOLATA":"990.13","CLASSE_DISTANZA":"900-1299","POTENZA_SEGNALE":"17737.5","POPOLAZIONE_SEZIONE": ""}
			},
		 		{ "type" : "Feature",
				"geometry" : {
					"type" : "Point",
					"coordinates" : [7.62149,45.07367]},
			"properties" : { "ANNO":"2010","ID_SEZIONE":"26136","ISTAT_COMUNE_SEZ":"1272","COMUNE_SEZ":"TORINO","PROVINCIA":"TO","ID_CENTRALE":"1490","NOME_CENTRALE":"TORINO S. PIETRO","ISTAT_COMUNE_CENTR":"1272","COMUNE_CENTR":"TORINO","PROVINCIA_CENTR":"TO","INDIRIZZO_CENTRALE":"PZA NAZARIO SAURO->12","LATITUDINE_SEZIONE":"45.07367","LONGITUDINE_SEZIONE":"7.62149","POS_X_SEZIONE":"391491.70925","POS_Y_SEZIONE":"4992058.14635","LATITUDINE_CENTRALE":"45.01097","LONGITUDINE_CENTRALE":"7.65780","POS_X_CENTRALE":"394234.02520","POS_Y_CENTRALE":"4985044.86404","TIPO_ADSL":"ADSL_2P","DESCRIZIONE_TIPO_ADSL":"ADSL 2+ (24 mega)","DISTANZA_CALCOLATA":"7530.37","CLASSE_DISTANZA":"6100 e oltre","POTENZA_SEGNALE":"0.00","POPOLAZIONE_SEZIONE": "260"}
			},
		 		{ "type" : "Feature",
				"geometry" : {
					"type" : "Point",
					"coordinates" : [7.67050,45.01545]},
			"properties" : { "ANNO":"2010","ID_SEZIONE":"26640","ISTAT_COMUNE_SEZ":"1156","COMUNE_SEZ":"MONCALIERI","PROVINCIA":"TO","ID_CENTRALE":"1490","NOME_CENTRALE":"TORINO S. PIETRO","ISTAT_COMUNE_CENTR":"1272","COMUNE_CENTR":"TORINO","PROVINCIA_CENTR":"TO","INDIRIZZO_CENTRALE":"PZA NAZARIO SAURO->12","LATITUDINE_SEZIONE":"45.01545","LONGITUDINE_SEZIONE":"7.67050","POS_X_SEZIONE":"395243.55770","POS_Y_SEZIONE":"4985526.02372","LATITUDINE_CENTRALE":"45.01097","LONGITUDINE_CENTRALE":"7.65780","POS_X_CENTRALE":"394234.02520","POS_Y_CENTRALE":"4985044.86404","TIPO_ADSL":"ADSL_2P","DESCRIZIONE_TIPO_ADSL":"ADSL 2+ (24 mega)","DISTANZA_CALCOLATA":"1118.33","CLASSE_DISTANZA":"900-1299","POTENZA_SEGNALE":"17737.5","POPOLAZIONE_SEZIONE": ""}
			},
		 		{ "type" : "Feature",
				"geometry" : {
					"type" : "Point",
					"coordinates" : [7.66540,45.01067]},
			"properties" : { "ANNO":"2010","ID_SEZIONE":"26641","ISTAT_COMUNE_SEZ":"1156","COMUNE_SEZ":"MONCALIERI","PROVINCIA":"TO","ID_CENTRALE":"1490","NOME_CENTRALE":"TORINO S. PIETRO","ISTAT_COMUNE_CENTR":"1272","COMUNE_CENTR":"TORINO","PROVINCIA_CENTR":"TO","INDIRIZZO_CENTRALE":"PZA NAZARIO SAURO->12","LATITUDINE_SEZIONE":"45.01067","LONGITUDINE_SEZIONE":"7.66540","POS_X_SEZIONE":"394832.90093","POS_Y_SEZIONE":"4985002.51447","LATITUDINE_CENTRALE":"45.01097","LONGITUDINE_CENTRALE":"7.65780","POS_X_CENTRALE":"394234.02520","POS_Y_CENTRALE":"4985044.86404","TIPO_ADSL":"ADSL_2P","DESCRIZIONE_TIPO_ADSL":"ADSL 2+ (24 mega)","DISTANZA_CALCOLATA":"600.37","CLASSE_DISTANZA":"500-899","POTENZA_SEGNALE":"19523.33","POPOLAZIONE_SEZIONE": "223"}
			},
		 		{ "type" : "Feature",
				"geometry" : {
					"type" : "Point",
					"coordinates" : [7.66449,45.01539]},
			"properties" : { "ANNO":"2010","ID_SEZIONE":"26862","ISTAT_COMUNE_SEZ":"1156","COMUNE_SEZ":"MONCALIERI","PROVINCIA":"TO","ID_CENTRALE":"1490","NOME_CENTRALE":"TORINO S. PIETRO","ISTAT_COMUNE_CENTR":"1272","COMUNE_CENTR":"TORINO","PROVINCIA_CENTR":"TO","INDIRIZZO_CENTRALE":"PZA NAZARIO SAURO->12","LATITUDINE_SEZIONE":"45.01539","LONGITUDINE_SEZIONE":"7.66449","POS_X_SEZIONE":"394769.31463","POS_Y_SEZIONE":"4985527.02365","LATITUDINE_CENTRALE":"45.01097","LONGITUDINE_CENTRALE":"7.65780","POS_X_CENTRALE":"394234.02520","POS_Y_CENTRALE":"4985044.86404","TIPO_ADSL":"ADSL_2P","DESCRIZIONE_TIPO_ADSL":"ADSL 2+ (24 mega)","DISTANZA_CALCOLATA":"720.43","CLASSE_DISTANZA":"500-899","POTENZA_SEGNALE":"19523.33","POPOLAZIONE_SEZIONE": "440"}
			},
		 		{ "type" : "Feature",
				"geometry" : {
					"type" : "Point",
					"coordinates" : [7.65791,45.01118]},
			"properties" : { "ANNO":"2010","ID_SEZIONE":"26864","ISTAT_COMUNE_SEZ":"1156","COMUNE_SEZ":"MONCALIERI","PROVINCIA":"TO","ID_CENTRALE":"1490","NOME_CENTRALE":"TORINO S. PIETRO","ISTAT_COMUNE_CENTR":"1272","COMUNE_CENTR":"TORINO","PROVINCIA_CENTR":"TO","INDIRIZZO_CENTRALE":"PZA NAZARIO SAURO->12","LATITUDINE_SEZIONE":"45.01118","LONGITUDINE_SEZIONE":"7.65791","POS_X_SEZIONE":"394243.19111","POS_Y_SEZIONE":"4985068.01565","LATITUDINE_CENTRALE":"45.01097","LONGITUDINE_CENTRALE":"7.65780","POS_X_CENTRALE":"394234.02520","POS_Y_CENTRALE":"4985044.86404","TIPO_ADSL":"ADSL_2P","DESCRIZIONE_TIPO_ADSL":"ADSL 2+ (24 mega)","DISTANZA_CALCOLATA":"24.90","CLASSE_DISTANZA":"0-99","POTENZA_SEGNALE":"19761.67","POPOLAZIONE_SEZIONE": "281"}
			},
		 		{ "type" : "Feature",
				"geometry" : {
					"type" : "Point",
					"coordinates" : [7.66051,45.01223]},
			"properties" : { "ANNO":"2010","ID_SEZIONE":"27120","ISTAT_COMUNE_SEZ":"1156","COMUNE_SEZ":"MONCALIERI","PROVINCIA":"TO","ID_CENTRALE":"1490","NOME_CENTRALE":"TORINO S. PIETRO","ISTAT_COMUNE_CENTR":"1272","COMUNE_CENTR":"TORINO","PROVINCIA_CENTR":"TO","INDIRIZZO_CENTRALE":"PZA NAZARIO SAURO->12","LATITUDINE_SEZIONE":"45.01223","LONGITUDINE_SEZIONE":"7.66051","POS_X_SEZIONE":"394450.06471","POS_Y_SEZIONE":"4985181.51786","LATITUDINE_CENTRALE":"45.01097","LONGITUDINE_CENTRALE":"7.65780","POS_X_CENTRALE":"394234.02520","POS_Y_CENTRALE":"4985044.86404","TIPO_ADSL":"ADSL_2P","DESCRIZIONE_TIPO_ADSL":"ADSL 2+ (24 mega)","DISTANZA_CALCOLATA":"255.63","CLASSE_DISTANZA":"100-499","POTENZA_SEGNALE":"19761.67","POPOLAZIONE_SEZIONE": "477"}
			},
		 		{ "type" : "Feature",
				"geometry" : {
					"type" : "Point",
					"coordinates" : [7.65862,45.01299]},
			"properties" : { "ANNO":"2010","ID_SEZIONE":"27505","ISTAT_COMUNE_SEZ":"1156","COMUNE_SEZ":"MONCALIERI","PROVINCIA":"TO","ID_CENTRALE":"1490","NOME_CENTRALE":"TORINO S. PIETRO","ISTAT_COMUNE_CENTR":"1272","COMUNE_CENTR":"TORINO","PROVINCIA_CENTR":"TO","INDIRIZZO_CENTRALE":"PZA NAZARIO SAURO->12","LATITUDINE_SEZIONE":"45.01299","LONGITUDINE_SEZIONE":"7.65862","POS_X_SEZIONE":"394302.72391","POS_Y_SEZIONE":"4985268.01924","LATITUDINE_CENTRALE":"45.01097","LONGITUDINE_CENTRALE":"7.65780","POS_X_CENTRALE":"394234.02520","POS_Y_CENTRALE":"4985044.86404","TIPO_ADSL":"ADSL_2P","DESCRIZIONE_TIPO_ADSL":"ADSL 2+ (24 mega)","DISTANZA_CALCOLATA":"233.49","CLASSE_DISTANZA":"100-499","POTENZA_SEGNALE":"19761.67","POPOLAZIONE_SEZIONE": "679"}
			},
		 		{ "type" : "Feature",
				"geometry" : {
					"type" : "Point",
					"coordinates" : [7.65588,45.01710]},
			"properties" : { "ANNO":"2010","ID_SEZIONE":"27810","ISTAT_COMUNE_SEZ":"1272","COMUNE_SEZ":"TORINO","PROVINCIA":"TO","ID_CENTRALE":"1490","NOME_CENTRALE":"TORINO S. PIETRO","ISTAT_COMUNE_CENTR":"1272","COMUNE_CENTR":"TORINO","PROVINCIA_CENTR":"TO","INDIRIZZO_CENTRALE":"PZA NAZARIO SAURO->12","LATITUDINE_SEZIONE":"45.01710","LONGITUDINE_SEZIONE":"7.65588","POS_X_SEZIONE":"394094.26362","POS_Y_SEZIONE":"4985729.02762","LATITUDINE_CENTRALE":"45.01097","LONGITUDINE_CENTRALE":"7.65780","POS_X_CENTRALE":"394234.02520","POS_Y_CENTRALE":"4985044.86404","TIPO_ADSL":"ADSL_2P","DESCRIZIONE_TIPO_ADSL":"ADSL 2+ (24 mega)","DISTANZA_CALCOLATA":"698.29","CLASSE_DISTANZA":"500-899","POTENZA_SEGNALE":"19523.33","POPOLAZIONE_SEZIONE": "354"}
			},
		 		{ "type" : "Feature",
				"geometry" : {
					"type" : "Point",
					"coordinates" : [7.65247,45.01169]},
			"properties" : { "ANNO":"2010","ID_SEZIONE":"27813","ISTAT_COMUNE_SEZ":"1272","COMUNE_SEZ":"TORINO","PROVINCIA":"TO","ID_CENTRALE":"1490","NOME_CENTRALE":"TORINO S. PIETRO","ISTAT_COMUNE_CENTR":"1272","COMUNE_CENTR":"TORINO","PROVINCIA_CENTR":"TO","INDIRIZZO_CENTRALE":"PZA NAZARIO SAURO->12","LATITUDINE_SEZIONE":"45.01169","LONGITUDINE_SEZIONE":"7.65247","POS_X_SEZIONE":"393815.38490","POS_Y_SEZIONE":"4985132.01719","LATITUDINE_CENTRALE":"45.01097","LONGITUDINE_CENTRALE":"7.65780","POS_X_CENTRALE":"394234.02520","POS_Y_CENTRALE":"4985044.86404","TIPO_ADSL":"ADSL_2P","DESCRIZIONE_TIPO_ADSL":"ADSL 2+ (24 mega)","DISTANZA_CALCOLATA":"427.62","CLASSE_DISTANZA":"100-499","POTENZA_SEGNALE":"19761.67","POPOLAZIONE_SEZIONE": "61"}
			},
		 		{ "type" : "Feature",
				"geometry" : {
					"type" : "Point",
					"coordinates" : [7.65527,45.00996]},
			"properties" : { "ANNO":"2010","ID_SEZIONE":"27815","ISTAT_COMUNE_SEZ":"1272","COMUNE_SEZ":"TORINO","PROVINCIA":"TO","ID_CENTRALE":"1490","NOME_CENTRALE":"TORINO S. PIETRO","ISTAT_COMUNE_CENTR":"1272","COMUNE_CENTR":"TORINO","PROVINCIA_CENTR":"TO","INDIRIZZO_CENTRALE":"PZA NAZARIO SAURO->12","LATITUDINE_SEZIONE":"45.00996","LONGITUDINE_SEZIONE":"7.65527","POS_X_SEZIONE":"394032.69204","POS_Y_SEZIONE":"4984936.01335","LATITUDINE_CENTRALE":"45.01097","LONGITUDINE_CENTRALE":"7.65780","POS_X_CENTRALE":"394234.02520","POS_Y_CENTRALE":"4985044.86404","TIPO_ADSL":"ADSL_2P","DESCRIZIONE_TIPO_ADSL":"ADSL 2+ (24 mega)","DISTANZA_CALCOLATA":"228.87","CLASSE_DISTANZA":"100-499","POTENZA_SEGNALE":"19761.67","POPOLAZIONE_SEZIONE": "138"}
			},
		 		{ "type" : "Feature",
				"geometry" : {
					"type" : "Point",
					"coordinates" : [7.65393,45.01141]},
			"properties" : { "ANNO":"2010","ID_SEZIONE":"28341","ISTAT_COMUNE_SEZ":"1272","COMUNE_SEZ":"TORINO","PROVINCIA":"TO","ID_CENTRALE":"1490","NOME_CENTRALE":"TORINO S. PIETRO","ISTAT_COMUNE_CENTR":"1272","COMUNE_CENTR":"TORINO","PROVINCIA_CENTR":"TO","INDIRIZZO_CENTRALE":"PZA NAZARIO SAURO->12","LATITUDINE_SEZIONE":"45.01141","LONGITUDINE_SEZIONE":"7.65393","POS_X_SEZIONE":"393930.38266","POS_Y_SEZIONE":"4985099.01623","LATITUDINE_CENTRALE":"45.01097","LONGITUDINE_CENTRALE":"7.65780","POS_X_CENTRALE":"394234.02520","POS_Y_CENTRALE":"4985044.86404","TIPO_ADSL":"ADSL_2P","DESCRIZIONE_TIPO_ADSL":"ADSL 2+ (24 mega)","DISTANZA_CALCOLATA":"308.43","CLASSE_DISTANZA":"100-499","POTENZA_SEGNALE":"19761.67","POPOLAZIONE_SEZIONE": "90"}
			},
		 		{ "type" : "Feature",
				"geometry" : {
					"type" : "Point",
					"coordinates" : [7.64477,45.00570]},
			"properties" : { "ANNO":"2010","ID_SEZIONE":"28971","ISTAT_COMUNE_SEZ":"1164","COMUNE_SEZ":"NICHELINO","PROVINCIA":"TO","ID_CENTRALE":"1490","NOME_CENTRALE":"TORINO S. PIETRO","ISTAT_COMUNE_CENTR":"1272","COMUNE_CENTR":"TORINO","PROVINCIA_CENTR":"TO","INDIRIZZO_CENTRALE":"PZA NAZARIO SAURO->12","LATITUDINE_SEZIONE":"45.00570","LONGITUDINE_SEZIONE":"7.64477","POS_X_SEZIONE":"393197.82228","POS_Y_SEZIONE":"4984477.00535","LATITUDINE_CENTRALE":"45.01097","LONGITUDINE_CENTRALE":"7.65780","POS_X_CENTRALE":"394234.02520","POS_Y_CENTRALE":"4985044.86404","TIPO_ADSL":"ADSL_2P","DESCRIZIONE_TIPO_ADSL":"ADSL 2+ (24 mega)","DISTANZA_CALCOLATA":"1181.6","CLASSE_DISTANZA":"900-1299","POTENZA_SEGNALE":"17737.5","POPOLAZIONE_SEZIONE": "1610"}
			},
		 		{ "type" : "Feature",
				"geometry" : {
					"type" : "Point",
					"coordinates" : [7.66543,45.01327]},
			"properties" : { "ANNO":"2010","ID_SEZIONE":"29220","ISTAT_COMUNE_SEZ":"1156","COMUNE_SEZ":"MONCALIERI","PROVINCIA":"TO","ID_CENTRALE":"1490","NOME_CENTRALE":"TORINO S. PIETRO","ISTAT_COMUNE_CENTR":"1272","COMUNE_CENTR":"TORINO","PROVINCIA_CENTR":"TO","INDIRIZZO_CENTRALE":"PZA NAZARIO SAURO->12","LATITUDINE_SEZIONE":"45.01327","LONGITUDINE_SEZIONE":"7.66543","POS_X_SEZIONE":"394839.46682","POS_Y_SEZIONE":"4985290.51959","LATITUDINE_CENTRALE":"45.01097","LONGITUDINE_CENTRALE":"7.65780","POS_X_CENTRALE":"394234.02520","POS_Y_CENTRALE":"4985044.86404","TIPO_ADSL":"ADSL_2P","DESCRIZIONE_TIPO_ADSL":"ADSL 2+ (24 mega)","DISTANZA_CALCOLATA":"653.38","CLASSE_DISTANZA":"500-899","POTENZA_SEGNALE":"19523.33","POPOLAZIONE_SEZIONE": "433"}
			},
		 		{ "type" : "Feature",
				"geometry" : {
					"type" : "Point",
					"coordinates" : [7.65638,45.01176]},
			"properties" : { "ANNO":"2010","ID_SEZIONE":"29591","ISTAT_COMUNE_SEZ":"1272","COMUNE_SEZ":"TORINO","PROVINCIA":"TO","ID_CENTRALE":"1490","NOME_CENTRALE":"TORINO S. PIETRO","ISTAT_COMUNE_CENTR":"1272","COMUNE_CENTR":"TORINO","PROVINCIA_CENTR":"TO","INDIRIZZO_CENTRALE":"PZA NAZARIO SAURO->12","LATITUDINE_SEZIONE":"45.01176","LONGITUDINE_SEZIONE":"7.65638","POS_X_SEZIONE":"394123.91252","POS_Y_SEZIONE":"4985134.51677","LATITUDINE_CENTRALE":"45.01097","LONGITUDINE_CENTRALE":"7.65780","POS_X_CENTRALE":"394234.02520","POS_Y_CENTRALE":"4985044.86404","TIPO_ADSL":"ADSL_2P","DESCRIZIONE_TIPO_ADSL":"ADSL 2+ (24 mega)","DISTANZA_CALCOLATA":"141.99","CLASSE_DISTANZA":"100-499","POTENZA_SEGNALE":"19761.67","POPOLAZIONE_SEZIONE": "10"}
			},
		 		{ "type" : "Feature",
				"geometry" : {
					"type" : "Point",
					"coordinates" : [7.66143,45.01350]},
			"properties" : { "ANNO":"2010","ID_SEZIONE":"29854","ISTAT_COMUNE_SEZ":"1156","COMUNE_SEZ":"MONCALIERI","PROVINCIA":"TO","ID_CENTRALE":"1490","NOME_CENTRALE":"TORINO S. PIETRO","ISTAT_COMUNE_CENTR":"1272","COMUNE_CENTR":"TORINO","PROVINCIA_CENTR":"TO","INDIRIZZO_CENTRALE":"PZA NAZARIO SAURO->12","LATITUDINE_SEZIONE":"45.01350","LONGITUDINE_SEZIONE":"7.66143","POS_X_SEZIONE":"394524.84640","POS_Y_SEZIONE":"4985321.02045","LATITUDINE_CENTRALE":"45.01097","LONGITUDINE_CENTRALE":"7.65780","POS_X_CENTRALE":"394234.02520","POS_Y_CENTRALE":"4985044.86404","TIPO_ADSL":"ADSL_2P","DESCRIZIONE_TIPO_ADSL":"ADSL 2+ (24 mega)","DISTANZA_CALCOLATA":"401.05","CLASSE_DISTANZA":"100-499","POTENZA_SEGNALE":"19761.67","POPOLAZIONE_SEZIONE": "9"}
			},
		 		{ "type" : "Feature",
				"geometry" : {
					"type" : "Point",
					"coordinates" : [7.66707,45.00888]},
			"properties" : { "ANNO":"2010","ID_SEZIONE":"30997","ISTAT_COMUNE_SEZ":"1156","COMUNE_SEZ":"MONCALIERI","PROVINCIA":"TO","ID_CENTRALE":"1490","NOME_CENTRALE":"TORINO S. PIETRO","ISTAT_COMUNE_CENTR":"1272","COMUNE_CENTR":"TORINO","PROVINCIA_CENTR":"TO","INDIRIZZO_CENTRALE":"PZA NAZARIO SAURO->12","LATITUDINE_SEZIONE":"45.00888","LONGITUDINE_SEZIONE":"7.66707","POS_X_SEZIONE":"394961.05300","POS_Y_SEZIONE":"4984800.51101","LATITUDINE_CENTRALE":"45.01097","LONGITUDINE_CENTRALE":"7.65780","POS_X_CENTRALE":"394234.02520","POS_Y_CENTRALE":"4985044.86404","TIPO_ADSL":"ADSL_2P","DESCRIZIONE_TIPO_ADSL":"ADSL 2+ (24 mega)","DISTANZA_CALCOLATA":"766.99","CLASSE_DISTANZA":"500-899","POTENZA_SEGNALE":"19523.33","POPOLAZIONE_SEZIONE": "458"}
			},
		 		{ "type" : "Feature",
				"geometry" : {
					"type" : "Point",
					"coordinates" : [7.66127,45.00483]},
			"properties" : { "ANNO":"2010","ID_SEZIONE":"31667","ISTAT_COMUNE_SEZ":"1164","COMUNE_SEZ":"NICHELINO","PROVINCIA":"TO","ID_CENTRALE":"1490","NOME_CENTRALE":"TORINO S. PIETRO","ISTAT_COMUNE_CENTR":"1272","COMUNE_CENTR":"TORINO","PROVINCIA_CENTR":"TO","INDIRIZZO_CENTRALE":"PZA NAZARIO SAURO->12","LATITUDINE_SEZIONE":"45.00483","LONGITUDINE_SEZIONE":"7.66127","POS_X_SEZIONE":"394496.55328","POS_Y_SEZIONE":"4984358.50295","LATITUDINE_CENTRALE":"45.01097","LONGITUDINE_CENTRALE":"7.65780","POS_X_CENTRALE":"394234.02520","POS_Y_CENTRALE":"4985044.86404","TIPO_ADSL":"ADSL_2P","DESCRIZIONE_TIPO_ADSL":"ADSL 2+ (24 mega)","DISTANZA_CALCOLATA":"734.86","CLASSE_DISTANZA":"500-899","POTENZA_SEGNALE":"19523.33","POPOLAZIONE_SEZIONE": "587"}
			},
		 		{ "type" : "Feature",
				"geometry" : {
					"type" : "Point",
					"coordinates" : [7.66556,45.00287]},
			"properties" : { "ANNO":"2010","ID_SEZIONE":"31865","ISTAT_COMUNE_SEZ":"1156","COMUNE_SEZ":"MONCALIERI","PROVINCIA":"TO","ID_CENTRALE":"1490","NOME_CENTRALE":"TORINO S. PIETRO","ISTAT_COMUNE_CENTR":"1272","COMUNE_CENTR":"TORINO","PROVINCIA_CENTR":"TO","INDIRIZZO_CENTRALE":"PZA NAZARIO SAURO->12","LATITUDINE_SEZIONE":"45.00287","LONGITUDINE_SEZIONE":"7.66556","POS_X_SEZIONE":"394830.92103","POS_Y_SEZIONE":"4984134.99908","LATITUDINE_CENTRALE":"45.01097","LONGITUDINE_CENTRALE":"7.65780","POS_X_CENTRALE":"394234.02520","POS_Y_CENTRALE":"4985044.86404","TIPO_ADSL":"ADSL_2P","DESCRIZIONE_TIPO_ADSL":"ADSL 2+ (24 mega)","DISTANZA_CALCOLATA":"1088.18","CLASSE_DISTANZA":"900-1299","POTENZA_SEGNALE":"17737.5","POPOLAZIONE_SEZIONE": "839"}
			},
		 		{ "type" : "Feature",
				"geometry" : {
					"type" : "Point",
					"coordinates" : [7.66385,45.01697]},
			"properties" : { "ANNO":"2010","ID_SEZIONE":"31934","ISTAT_COMUNE_SEZ":"1272","COMUNE_SEZ":"TORINO","PROVINCIA":"TO","ID_CENTRALE":"1490","NOME_CENTRALE":"TORINO S. PIETRO","ISTAT_COMUNE_CENTR":"1272","COMUNE_CENTR":"TORINO","PROVINCIA_CENTR":"TO","INDIRIZZO_CENTRALE":"PZA NAZARIO SAURO->12","LATITUDINE_SEZIONE":"45.01697","LONGITUDINE_SEZIONE":"7.66385","POS_X_SEZIONE":"394722.00429","POS_Y_SEZIONE":"4985703.52695","LATITUDINE_CENTRALE":"45.01097","LONGITUDINE_CENTRALE":"7.65780","POS_X_CENTRALE":"394234.02520","POS_Y_CENTRALE":"4985044.86404","TIPO_ADSL":"ADSL_2P","DESCRIZIONE_TIPO_ADSL":"ADSL 2+ (24 mega)","DISTANZA_CALCOLATA":"819.73","CLASSE_DISTANZA":"500-899","POTENZA_SEGNALE":"19523.33","POPOLAZIONE_SEZIONE": "158"}
			}
		 		]
	}
		