 	{ "type" : "FeatureCollection",
		"features" : [
		 		{ "type" : "Feature",
				"geometry" : {
					"type" : "Point",
					"coordinates" : [7.74658,44.93051]},
			"properties" : { "ANNO":"2010","ID_SEZIONE":"2609","ISTAT_COMUNE_SEZ":"1308","COMUNE_SEZ":"VILLASTELLONE","PROVINCIA":"TO","ID_CENTRALE":"1649","NOME_CENTRALE":"VILLASTELLONE","ISTAT_COMUNE_CENTR":"1308","COMUNE_CENTR":"VILLASTELLONE","PROVINCIA_CENTR":"TO","INDIRIZZO_CENTRALE":"VALLONGO 2","LATITUDINE_SEZIONE":"44.93051","LONGITUDINE_SEZIONE":"7.74658","POS_X_SEZIONE":"401092.26171","POS_Y_SEZIONE":"4975995.40125","LATITUDINE_CENTRALE":"44.91764","LONGITUDINE_CENTRALE":"7.73533","POS_X_CENTRALE":"400181.60808","POS_Y_CENTRALE":"4974578.89578","TIPO_ADSL":"ADSL_1","DESCRIZIONE_TIPO_ADSL":"ADSL (8 mega)","DISTANZA_CALCOLATA":"1683.98","CLASSE_DISTANZA":"1300-1699","POTENZA_SEGNALE":"7000","POPOLAZIONE_SEZIONE": "1"}
			},
		 		{ "type" : "Feature",
				"geometry" : {
					"type" : "Point",
					"coordinates" : [7.75066,44.92090]},
			"properties" : { "ANNO":"2010","ID_SEZIONE":"5968","ISTAT_COMUNE_SEZ":"1308","COMUNE_SEZ":"VILLASTELLONE","PROVINCIA":"TO","ID_CENTRALE":"1649","NOME_CENTRALE":"VILLASTELLONE","ISTAT_COMUNE_CENTR":"1308","COMUNE_CENTR":"VILLASTELLONE","PROVINCIA_CENTR":"TO","INDIRIZZO_CENTRALE":"VALLONGO 2","LATITUDINE_SEZIONE":"44.92090","LONGITUDINE_SEZIONE":"7.75066","POS_X_SEZIONE":"401397.63079","POS_Y_SEZIONE":"4974922.38646","LATITUDINE_CENTRALE":"44.91764","LONGITUDINE_CENTRALE":"7.73533","POS_X_CENTRALE":"400181.60808","POS_Y_CENTRALE":"4974578.89578","TIPO_ADSL":"ADSL_1","DESCRIZIONE_TIPO_ADSL":"ADSL (8 mega)","DISTANZA_CALCOLATA":"1263.6","CLASSE_DISTANZA":"900-1299","POTENZA_SEGNALE":"7000","POPOLAZIONE_SEZIONE": "711"}
			},
		 		{ "type" : "Feature",
				"geometry" : {
					"type" : "Point",
					"coordinates" : [7.75561,44.91443]},
			"properties" : { "ANNO":"2010","ID_SEZIONE":"5969","ISTAT_COMUNE_SEZ":"1308","COMUNE_SEZ":"VILLASTELLONE","PROVINCIA":"TO","ID_CENTRALE":"1649","NOME_CENTRALE":"VILLASTELLONE","ISTAT_COMUNE_CENTR":"1308","COMUNE_CENTR":"VILLASTELLONE","PROVINCIA_CENTR":"TO","INDIRIZZO_CENTRALE":"VALLONGO 2","LATITUDINE_SEZIONE":"44.91443","LONGITUDINE_SEZIONE":"7.75561","POS_X_SEZIONE":"401776.97160","POS_Y_SEZIONE":"4974198.37955","LATITUDINE_CENTRALE":"44.91764","LONGITUDINE_CENTRALE":"7.73533","POS_X_CENTRALE":"400181.60808","POS_Y_CENTRALE":"4974578.89578","TIPO_ADSL":"ADSL_1","DESCRIZIONE_TIPO_ADSL":"ADSL (8 mega)","DISTANZA_CALCOLATA":"1640.12","CLASSE_DISTANZA":"1300-1699","POTENZA_SEGNALE":"7000","POPOLAZIONE_SEZIONE": "13"}
			},
		 		{ "type" : "Feature",
				"geometry" : {
					"type" : "Point",
					"coordinates" : [7.71208,44.89389]},
			"properties" : { "ANNO":"2010","ID_SEZIONE":"6238","ISTAT_COMUNE_SEZ":"1308","COMUNE_SEZ":"VILLASTELLONE","PROVINCIA":"TO","ID_CENTRALE":"1649","NOME_CENTRALE":"VILLASTELLONE","ISTAT_COMUNE_CENTR":"1308","COMUNE_CENTR":"VILLASTELLONE","PROVINCIA_CENTR":"TO","INDIRIZZO_CENTRALE":"VALLONGO 2","LATITUDINE_SEZIONE":"44.89389","LONGITUDINE_SEZIONE":"7.71208","POS_X_SEZIONE":"398304.74222","POS_Y_SEZIONE":"4971969.77564","LATITUDINE_CENTRALE":"44.91764","LONGITUDINE_CENTRALE":"7.73533","POS_X_CENTRALE":"400181.60808","POS_Y_CENTRALE":"4974578.89578","TIPO_ADSL":"ADSL_1","DESCRIZIONE_TIPO_ADSL":"ADSL (8 mega)","DISTANZA_CALCOLATA":"3214.05","CLASSE_DISTANZA":"2900-3299","POTENZA_SEGNALE":"4999.75","POPOLAZIONE_SEZIONE": "7"}
			},
		 		{ "type" : "Feature",
				"geometry" : {
					"type" : "Point",
					"coordinates" : [7.70960,44.89140]},
			"properties" : { "ANNO":"2010","ID_SEZIONE":"7708","ISTAT_COMUNE_SEZ":"1308","COMUNE_SEZ":"VILLASTELLONE","PROVINCIA":"TO","ID_CENTRALE":"1649","NOME_CENTRALE":"VILLASTELLONE","ISTAT_COMUNE_CENTR":"1308","COMUNE_CENTR":"VILLASTELLONE","PROVINCIA_CENTR":"TO","INDIRIZZO_CENTRALE":"VALLONGO 2","LATITUDINE_SEZIONE":"44.89140","LONGITUDINE_SEZIONE":"7.70960","POS_X_SEZIONE":"398104.36846","POS_Y_SEZIONE":"4971696.76649","LATITUDINE_CENTRALE":"44.91764","LONGITUDINE_CENTRALE":"7.73533","POS_X_CENTRALE":"400181.60808","POS_Y_CENTRALE":"4974578.89578","TIPO_ADSL":"ADSL_1","DESCRIZIONE_TIPO_ADSL":"ADSL (8 mega)","DISTANZA_CALCOLATA":"3552.69","CLASSE_DISTANZA":"3300-3699","POTENZA_SEGNALE":"3999.63","POPOLAZIONE_SEZIONE": "11"}
			},
		 		{ "type" : "Feature",
				"geometry" : {
					"type" : "Point",
					"coordinates" : [7.72928,44.91698]},
			"properties" : { "ANNO":"2010","ID_SEZIONE":"8330","ISTAT_COMUNE_SEZ":"1308","COMUNE_SEZ":"VILLASTELLONE","PROVINCIA":"TO","ID_CENTRALE":"1649","NOME_CENTRALE":"VILLASTELLONE","ISTAT_COMUNE_CENTR":"1308","COMUNE_CENTR":"VILLASTELLONE","PROVINCIA_CENTR":"TO","INDIRIZZO_CENTRALE":"VALLONGO 2","LATITUDINE_SEZIONE":"44.91698","LONGITUDINE_SEZIONE":"7.72928","POS_X_SEZIONE":"399703.20059","POS_Y_SEZIONE":"4974513.85142","LATITUDINE_CENTRALE":"44.91764","LONGITUDINE_CENTRALE":"7.73533","POS_X_CENTRALE":"400181.60808","POS_Y_CENTRALE":"4974578.89578","TIPO_ADSL":"ADSL_1","DESCRIZIONE_TIPO_ADSL":"ADSL (8 mega)","DISTANZA_CALCOLATA":"482.81","CLASSE_DISTANZA":"100-499","POTENZA_SEGNALE":"7000","POPOLAZIONE_SEZIONE": "32"}
			},
		 		{ "type" : "Feature",
				"geometry" : {
					"type" : "Point",
					"coordinates" : [7.77174,44.91310]},
			"properties" : { "ANNO":"2010","ID_SEZIONE":"11615","ISTAT_COMUNE_SEZ":"1308","COMUNE_SEZ":"VILLASTELLONE","PROVINCIA":"TO","ID_CENTRALE":"1649","NOME_CENTRALE":"VILLASTELLONE","ISTAT_COMUNE_CENTR":"1308","COMUNE_CENTR":"VILLASTELLONE","PROVINCIA_CENTR":"TO","INDIRIZZO_CENTRALE":"VALLONGO 2","LATITUDINE_SEZIONE":"44.91310","LONGITUDINE_SEZIONE":"7.77174","POS_X_SEZIONE":"403047.71515","POS_Y_SEZIONE":"4974030.39747","LATITUDINE_CENTRALE":"44.91764","LONGITUDINE_CENTRALE":"7.73533","POS_X_CENTRALE":"400181.60808","POS_Y_CENTRALE":"4974578.89578","TIPO_ADSL":"ADSL_1","DESCRIZIONE_TIPO_ADSL":"ADSL (8 mega)","DISTANZA_CALCOLATA":"2918.12","CLASSE_DISTANZA":"2900-3299","POTENZA_SEGNALE":"4999.75","POPOLAZIONE_SEZIONE": ""}
			},
		 		{ "type" : "Feature",
				"geometry" : {
					"type" : "Point",
					"coordinates" : [7.74540,44.91437]},
			"properties" : { "ANNO":"2010","ID_SEZIONE":"13106","ISTAT_COMUNE_SEZ":"1308","COMUNE_SEZ":"VILLASTELLONE","PROVINCIA":"TO","ID_CENTRALE":"1649","NOME_CENTRALE":"VILLASTELLONE","ISTAT_COMUNE_CENTR":"1308","COMUNE_CENTR":"VILLASTELLONE","PROVINCIA_CENTR":"TO","INDIRIZZO_CENTRALE":"VALLONGO 2","LATITUDINE_SEZIONE":"44.91437","LONGITUDINE_SEZIONE":"7.74540","POS_X_SEZIONE":"400971.28891","POS_Y_SEZIONE":"4974203.86614","LATITUDINE_CENTRALE":"44.91764","LONGITUDINE_CENTRALE":"7.73533","POS_X_CENTRALE":"400181.60808","POS_Y_CENTRALE":"4974578.89578","TIPO_ADSL":"ADSL_1","DESCRIZIONE_TIPO_ADSL":"ADSL (8 mega)","DISTANZA_CALCOLATA":"874.21","CLASSE_DISTANZA":"500-899","POTENZA_SEGNALE":"7000","POPOLAZIONE_SEZIONE": "785"}
			},
		 		{ "type" : "Feature",
				"geometry" : {
					"type" : "Point",
					"coordinates" : [7.71826,44.92923]},
			"properties" : { "ANNO":"2010","ID_SEZIONE":"15771","ISTAT_COMUNE_SEZ":"1308","COMUNE_SEZ":"VILLASTELLONE","PROVINCIA":"TO","ID_CENTRALE":"1649","NOME_CENTRALE":"VILLASTELLONE","ISTAT_COMUNE_CENTR":"1308","COMUNE_CENTR":"VILLASTELLONE","PROVINCIA_CENTR":"TO","INDIRIZZO_CENTRALE":"VALLONGO 2","LATITUDINE_SEZIONE":"44.92923","LONGITUDINE_SEZIONE":"7.71826","POS_X_SEZIONE":"398855.08641","POS_Y_SEZIONE":"4975887.36259","LATITUDINE_CENTRALE":"44.91764","LONGITUDINE_CENTRALE":"7.73533","POS_X_CENTRALE":"400181.60808","POS_Y_CENTRALE":"4974578.89578","TIPO_ADSL":"ADSL_1","DESCRIZIONE_TIPO_ADSL":"ADSL (8 mega)","DISTANZA_CALCOLATA":"1863.26","CLASSE_DISTANZA":"1700-2099","POTENZA_SEGNALE":"6874.88","POPOLAZIONE_SEZIONE": "21"}
			},
		 		{ "type" : "Feature",
				"geometry" : {
					"type" : "Point",
					"coordinates" : [7.73051,44.93038]},
			"properties" : { "ANNO":"2010","ID_SEZIONE":"21532","ISTAT_COMUNE_SEZ":"1308","COMUNE_SEZ":"VILLASTELLONE","PROVINCIA":"TO","ID_CENTRALE":"1649","NOME_CENTRALE":"VILLASTELLONE","ISTAT_COMUNE_CENTR":"1308","COMUNE_CENTR":"VILLASTELLONE","PROVINCIA_CENTR":"TO","INDIRIZZO_CENTRALE":"VALLONGO 2","LATITUDINE_SEZIONE":"44.93038","LONGITUDINE_SEZIONE":"7.73051","POS_X_SEZIONE":"399823.23745","POS_Y_SEZIONE":"4975999.88073","LATITUDINE_CENTRALE":"44.91764","LONGITUDINE_CENTRALE":"7.73533","POS_X_CENTRALE":"400181.60808","POS_Y_CENTRALE":"4974578.89578","TIPO_ADSL":"ADSL_1","DESCRIZIONE_TIPO_ADSL":"ADSL (8 mega)","DISTANZA_CALCOLATA":"1465.48","CLASSE_DISTANZA":"1300-1699","POTENZA_SEGNALE":"7000","POPOLAZIONE_SEZIONE": "871"}
			},
		 		{ "type" : "Feature",
				"geometry" : {
					"type" : "Point",
					"coordinates" : [7.74559,44.92287]},
			"properties" : { "ANNO":"2010","ID_SEZIONE":"21889","ISTAT_COMUNE_SEZ":"1308","COMUNE_SEZ":"VILLASTELLONE","PROVINCIA":"TO","ID_CENTRALE":"1649","NOME_CENTRALE":"VILLASTELLONE","ISTAT_COMUNE_CENTR":"1308","COMUNE_CENTR":"VILLASTELLONE","PROVINCIA_CENTR":"TO","INDIRIZZO_CENTRALE":"VALLONGO 2","LATITUDINE_SEZIONE":"44.92287","LONGITUDINE_SEZIONE":"7.74559","POS_X_SEZIONE":"401000.85281","POS_Y_SEZIONE":"4975147.38435","LATITUDINE_CENTRALE":"44.91764","LONGITUDINE_CENTRALE":"7.73533","POS_X_CENTRALE":"400181.60808","POS_Y_CENTRALE":"4974578.89578","TIPO_ADSL":"ADSL_1","DESCRIZIONE_TIPO_ADSL":"ADSL (8 mega)","DISTANZA_CALCOLATA":"997.17","CLASSE_DISTANZA":"900-1299","POTENZA_SEGNALE":"7000","POPOLAZIONE_SEZIONE": "540"}
			},
		 		{ "type" : "Feature",
				"geometry" : {
					"type" : "Point",
					"coordinates" : [7.73658,44.93286]},
			"properties" : { "ANNO":"2010","ID_SEZIONE":"23545","ISTAT_COMUNE_SEZ":"1308","COMUNE_SEZ":"VILLASTELLONE","PROVINCIA":"TO","ID_CENTRALE":"1649","NOME_CENTRALE":"VILLASTELLONE","ISTAT_COMUNE_CENTR":"1308","COMUNE_CENTR":"VILLASTELLONE","PROVINCIA_CENTR":"TO","INDIRIZZO_CENTRALE":"VALLONGO 2","LATITUDINE_SEZIONE":"44.93286","LONGITUDINE_SEZIONE":"7.73658","POS_X_SEZIONE":"400306.79943","POS_Y_SEZIONE":"4976268.89321","LATITUDINE_CENTRALE":"44.91764","LONGITUDINE_CENTRALE":"7.73533","POS_X_CENTRALE":"400181.60808","POS_Y_CENTRALE":"4974578.89578","TIPO_ADSL":"ADSL_1","DESCRIZIONE_TIPO_ADSL":"ADSL (8 mega)","DISTANZA_CALCOLATA":"1694.63","CLASSE_DISTANZA":"1300-1699","POTENZA_SEGNALE":"7000","POPOLAZIONE_SEZIONE": "4"}
			},
		 		{ "type" : "Feature",
				"geometry" : {
					"type" : "Point",
					"coordinates" : [7.72256,44.92760]},
			"properties" : { "ANNO":"2010","ID_SEZIONE":"24772","ISTAT_COMUNE_SEZ":"1308","COMUNE_SEZ":"VILLASTELLONE","PROVINCIA":"TO","ID_CENTRALE":"1649","NOME_CENTRALE":"VILLASTELLONE","ISTAT_COMUNE_CENTR":"1308","COMUNE_CENTR":"VILLASTELLONE","PROVINCIA_CENTR":"TO","INDIRIZZO_CENTRALE":"VALLONGO 2","LATITUDINE_SEZIONE":"44.92760","LONGITUDINE_SEZIONE":"7.72256","POS_X_SEZIONE":"399191.05262","POS_Y_SEZIONE":"4975701.86499","LATITUDINE_CENTRALE":"44.91764","LONGITUDINE_CENTRALE":"7.73533","POS_X_CENTRALE":"400181.60808","POS_Y_CENTRALE":"4974578.89578","TIPO_ADSL":"ADSL_1","DESCRIZIONE_TIPO_ADSL":"ADSL (8 mega)","DISTANZA_CALCOLATA":"1497.42","CLASSE_DISTANZA":"1300-1699","POTENZA_SEGNALE":"7000","POPOLAZIONE_SEZIONE": "19"}
			},
		 		{ "type" : "Feature",
				"geometry" : {
					"type" : "Point",
					"coordinates" : [7.73027,44.90622]},
			"properties" : { "ANNO":"2010","ID_SEZIONE":"25021","ISTAT_COMUNE_SEZ":"1308","COMUNE_SEZ":"VILLASTELLONE","PROVINCIA":"TO","ID_CENTRALE":"1649","NOME_CENTRALE":"VILLASTELLONE","ISTAT_COMUNE_CENTR":"1308","COMUNE_CENTR":"VILLASTELLONE","PROVINCIA_CENTR":"TO","INDIRIZZO_CENTRALE":"VALLONGO 2","LATITUDINE_SEZIONE":"44.90622","LONGITUDINE_SEZIONE":"7.73027","POS_X_SEZIONE":"399762.67092","POS_Y_SEZIONE":"4973317.32841","LATITUDINE_CENTRALE":"44.91764","LONGITUDINE_CENTRALE":"7.73533","POS_X_CENTRALE":"400181.60808","POS_Y_CENTRALE":"4974578.89578","TIPO_ADSL":"ADSL_1","DESCRIZIONE_TIPO_ADSL":"ADSL (8 mega)","DISTANZA_CALCOLATA":"1329.31","CLASSE_DISTANZA":"1300-1699","POTENZA_SEGNALE":"7000","POPOLAZIONE_SEZIONE": "33"}
			},
		 		{ "type" : "Feature",
				"geometry" : {
					"type" : "Point",
					"coordinates" : [7.74517,44.92091]},
			"properties" : { "ANNO":"2010","ID_SEZIONE":"26307","ISTAT_COMUNE_SEZ":"1308","COMUNE_SEZ":"VILLASTELLONE","PROVINCIA":"TO","ID_CENTRALE":"1649","NOME_CENTRALE":"VILLASTELLONE","ISTAT_COMUNE_CENTR":"1308","COMUNE_CENTR":"VILLASTELLONE","PROVINCIA_CENTR":"TO","INDIRIZZO_CENTRALE":"VALLONGO 2","LATITUDINE_SEZIONE":"44.92091","LONGITUDINE_SEZIONE":"7.74517","POS_X_SEZIONE":"400964.32110","POS_Y_SEZIONE":"4974930.87952","LATITUDINE_CENTRALE":"44.91764","LONGITUDINE_CENTRALE":"7.73533","POS_X_CENTRALE":"400181.60808","POS_Y_CENTRALE":"4974578.89578","TIPO_ADSL":"ADSL_1","DESCRIZIONE_TIPO_ADSL":"ADSL (8 mega)","DISTANZA_CALCOLATA":"858.21","CLASSE_DISTANZA":"500-899","POTENZA_SEGNALE":"7000","POPOLAZIONE_SEZIONE": "574"}
			},
		 		{ "type" : "Feature",
				"geometry" : {
					"type" : "Point",
					"coordinates" : [7.76521,44.92357]},
			"properties" : { "ANNO":"2010","ID_SEZIONE":"27515","ISTAT_COMUNE_SEZ":"1308","COMUNE_SEZ":"VILLASTELLONE","PROVINCIA":"TO","ID_CENTRALE":"1649","NOME_CENTRALE":"VILLASTELLONE","ISTAT_COMUNE_CENTR":"1308","COMUNE_CENTR":"VILLASTELLONE","PROVINCIA_CENTR":"TO","INDIRIZZO_CENTRALE":"VALLONGO 2","LATITUDINE_SEZIONE":"44.92357","LONGITUDINE_SEZIONE":"7.76521","POS_X_SEZIONE":"402550.59489","POS_Y_SEZIONE":"4975201.41059","LATITUDINE_CENTRALE":"44.91764","LONGITUDINE_CENTRALE":"7.73533","POS_X_CENTRALE":"400181.60808","POS_Y_CENTRALE":"4974578.89578","TIPO_ADSL":"ADSL_1","DESCRIZIONE_TIPO_ADSL":"ADSL (8 mega)","DISTANZA_CALCOLATA":"2449.41","CLASSE_DISTANZA":"2100-2499","POTENZA_SEGNALE":"6500.38","POPOLAZIONE_SEZIONE": "17"}
			},
		 		{ "type" : "Feature",
				"geometry" : {
					"type" : "Point",
					"coordinates" : [7.74224,44.92236]},
			"properties" : { "ANNO":"2010","ID_SEZIONE":"27827","ISTAT_COMUNE_SEZ":"1308","COMUNE_SEZ":"VILLASTELLONE","PROVINCIA":"TO","ID_CENTRALE":"1649","NOME_CENTRALE":"VILLASTELLONE","ISTAT_COMUNE_CENTR":"1308","COMUNE_CENTR":"VILLASTELLONE","PROVINCIA_CENTR":"TO","INDIRIZZO_CENTRALE":"VALLONGO 2","LATITUDINE_SEZIONE":"44.92236","LONGITUDINE_SEZIONE":"7.74224","POS_X_SEZIONE":"400735.75969","POS_Y_SEZIONE":"4975095.37897","LATITUDINE_CENTRALE":"44.91764","LONGITUDINE_CENTRALE":"7.73533","POS_X_CENTRALE":"400181.60808","POS_Y_CENTRALE":"4974578.89578","TIPO_ADSL":"ADSL_1","DESCRIZIONE_TIPO_ADSL":"ADSL (8 mega)","DISTANZA_CALCOLATA":"757.52","CLASSE_DISTANZA":"500-899","POTENZA_SEGNALE":"7000","POPOLAZIONE_SEZIONE": "403"}
			},
		 		{ "type" : "Feature",
				"geometry" : {
					"type" : "Point",
					"coordinates" : [7.72537,44.90005]},
			"properties" : { "ANNO":"2010","ID_SEZIONE":"28386","ISTAT_COMUNE_SEZ":"1308","COMUNE_SEZ":"VILLASTELLONE","PROVINCIA":"TO","ID_CENTRALE":"1649","NOME_CENTRALE":"VILLASTELLONE","ISTAT_COMUNE_CENTR":"1308","COMUNE_CENTR":"VILLASTELLONE","PROVINCIA_CENTR":"TO","INDIRIZZO_CENTRALE":"VALLONGO 2","LATITUDINE_SEZIONE":"44.90005","LONGITUDINE_SEZIONE":"7.72537","POS_X_SEZIONE":"399364.92423","POS_Y_SEZIONE":"4972637.80764","LATITUDINE_CENTRALE":"44.91764","LONGITUDINE_CENTRALE":"7.73533","POS_X_CENTRALE":"400181.60808","POS_Y_CENTRALE":"4974578.89578","TIPO_ADSL":"ADSL_1","DESCRIZIONE_TIPO_ADSL":"ADSL (8 mega)","DISTANZA_CALCOLATA":"2105.9","CLASSE_DISTANZA":"2100-2499","POTENZA_SEGNALE":"6500.38","POPOLAZIONE_SEZIONE": "19"}
			},
		 		{ "type" : "Feature",
				"geometry" : {
					"type" : "Point",
					"coordinates" : [7.75130,44.92754]},
			"properties" : { "ANNO":"2010","ID_SEZIONE":"29598","ISTAT_COMUNE_SEZ":"1308","COMUNE_SEZ":"VILLASTELLONE","PROVINCIA":"TO","ID_CENTRALE":"1649","NOME_CENTRALE":"VILLASTELLONE","ISTAT_COMUNE_CENTR":"1308","COMUNE_CENTR":"VILLASTELLONE","PROVINCIA_CENTR":"TO","INDIRIZZO_CENTRALE":"VALLONGO 2","LATITUDINE_SEZIONE":"44.92754","LONGITUDINE_SEZIONE":"7.75130","POS_X_SEZIONE":"401459.16551","POS_Y_SEZIONE":"4975658.90102","LATITUDINE_CENTRALE":"44.91764","LONGITUDINE_CENTRALE":"7.73533","POS_X_CENTRALE":"400181.60808","POS_Y_CENTRALE":"4974578.89578","TIPO_ADSL":"ADSL_1","DESCRIZIONE_TIPO_ADSL":"ADSL (8 mega)","DISTANZA_CALCOLATA":"1672.89","CLASSE_DISTANZA":"1300-1699","POTENZA_SEGNALE":"7000","POPOLAZIONE_SEZIONE": "524"}
			},
		 		{ "type" : "Feature",
				"geometry" : {
					"type" : "Point",
					"coordinates" : [7.71667,44.92745]},
			"properties" : { "ANNO":"2010","ID_SEZIONE":"29600","ISTAT_COMUNE_SEZ":"1308","COMUNE_SEZ":"VILLASTELLONE","PROVINCIA":"TO","ID_CENTRALE":"1649","NOME_CENTRALE":"VILLASTELLONE","ISTAT_COMUNE_CENTR":"1308","COMUNE_CENTR":"VILLASTELLONE","PROVINCIA_CENTR":"TO","INDIRIZZO_CENTRALE":"VALLONGO 2","LATITUDINE_SEZIONE":"44.92745","LONGITUDINE_SEZIONE":"7.71667","POS_X_SEZIONE":"398725.92980","POS_Y_SEZIONE":"4975691.85693","LATITUDINE_CENTRALE":"44.91764","LONGITUDINE_CENTRALE":"7.73533","POS_X_CENTRALE":"400181.60808","POS_Y_CENTRALE":"4974578.89578","TIPO_ADSL":"ADSL_1","DESCRIZIONE_TIPO_ADSL":"ADSL (8 mega)","DISTANZA_CALCOLATA":"1832.4","CLASSE_DISTANZA":"1700-2099","POTENZA_SEGNALE":"6874.88","POPOLAZIONE_SEZIONE": "27"}
			},
		 		{ "type" : "Feature",
				"geometry" : {
					"type" : "Point",
					"coordinates" : [7.78480,44.91552]},
			"properties" : { "ANNO":"2010","ID_SEZIONE":"29869","ISTAT_COMUNE_SEZ":"1308","COMUNE_SEZ":"VILLASTELLONE","PROVINCIA":"TO","ID_CENTRALE":"1649","NOME_CENTRALE":"VILLASTELLONE","ISTAT_COMUNE_CENTR":"1308","COMUNE_CENTR":"VILLASTELLONE","PROVINCIA_CENTR":"TO","INDIRIZZO_CENTRALE":"VALLONGO 2","LATITUDINE_SEZIONE":"44.91552","LONGITUDINE_SEZIONE":"7.78480","POS_X_SEZIONE":"404083.24027","POS_Y_SEZIONE":"4974283.91939","LATITUDINE_CENTRALE":"44.91764","LONGITUDINE_CENTRALE":"7.73533","POS_X_CENTRALE":"400181.60808","POS_Y_CENTRALE":"4974578.89578","TIPO_ADSL":"ADSL_1","DESCRIZIONE_TIPO_ADSL":"ADSL (8 mega)","DISTANZA_CALCOLATA":"3912.77","CLASSE_DISTANZA":"3700-4099","POTENZA_SEGNALE":"3000.38","POPOLAZIONE_SEZIONE": "29"}
			}
		 		]
	}
		