 	{ "type" : "FeatureCollection",
		"features" : [
		 		{ "type" : "Feature",
				"geometry" : {
					"type" : "Point",
					"coordinates" : [8.08694,45.51680]},
			"properties" : { "ANNO":"2010","ID_SEZIONE":"1062","ISTAT_COMUNE_SEZ":"96059","COMUNE_SEZ":"SANDIGLIANO","PROVINCIA":"BI","ID_CENTRALE":"1286","NOME_CENTRALE":"SANDIGLIANO","ISTAT_COMUNE_CENTR":"96059","COMUNE_CENTR":"SANDIGLIANO","PROVINCIA_CENTR":"BI","INDIRIZZO_CENTRALE":"PAPA GIOVANNI XXIII","LATITUDINE_SEZIONE":"45.51680","LONGITUDINE_SEZIONE":"8.08694","POS_X_SEZIONE":"428686.45872","POS_Y_SEZIONE":"5040767.87670","LATITUDINE_CENTRALE":"45.51973","LONGITUDINE_CENTRALE":"8.08029","POS_X_CENTRALE":"428170.81250","POS_Y_CENTRALE":"5041100.00000","TIPO_ADSL":"ADSL_2P","DESCRIZIONE_TIPO_ADSL":"ADSL 2+ (24 mega)","DISTANZA_CALCOLATA":"613.35","CLASSE_DISTANZA":"500-899","POTENZA_SEGNALE":"19523.33","POPOLAZIONE_SEZIONE": "51"}
			},
		 		{ "type" : "Feature",
				"geometry" : {
					"type" : "Point",
					"coordinates" : [8.08613,45.52407]},
			"properties" : { "ANNO":"2010","ID_SEZIONE":"1495","ISTAT_COMUNE_SEZ":"96059","COMUNE_SEZ":"SANDIGLIANO","PROVINCIA":"BI","ID_CENTRALE":"1286","NOME_CENTRALE":"SANDIGLIANO","ISTAT_COMUNE_CENTR":"96059","COMUNE_CENTR":"SANDIGLIANO","PROVINCIA_CENTR":"BI","INDIRIZZO_CENTRALE":"PAPA GIOVANNI XXIII","LATITUDINE_SEZIONE":"45.52407","LONGITUDINE_SEZIONE":"8.08613","POS_X_SEZIONE":"428632.65981","POS_Y_SEZIONE":"5041576.87766","LATITUDINE_CENTRALE":"45.51973","LONGITUDINE_CENTRALE":"8.08029","POS_X_CENTRALE":"428170.81250","POS_Y_CENTRALE":"5041100.00000","TIPO_ADSL":"ADSL_2P","DESCRIZIONE_TIPO_ADSL":"ADSL 2+ (24 mega)","DISTANZA_CALCOLATA":"663.86","CLASSE_DISTANZA":"500-899","POTENZA_SEGNALE":"19523.33","POPOLAZIONE_SEZIONE": "19"}
			},
		 		{ "type" : "Feature",
				"geometry" : {
					"type" : "Point",
					"coordinates" : [8.07304,45.50128]},
			"properties" : { "ANNO":"2010","ID_SEZIONE":"4836","ISTAT_COMUNE_SEZ":"96059","COMUNE_SEZ":"SANDIGLIANO","PROVINCIA":"BI","ID_CENTRALE":"1286","NOME_CENTRALE":"SANDIGLIANO","ISTAT_COMUNE_CENTR":"96059","COMUNE_CENTR":"SANDIGLIANO","PROVINCIA_CENTR":"BI","INDIRIZZO_CENTRALE":"PAPA GIOVANNI XXIII","LATITUDINE_SEZIONE":"45.50128","LONGITUDINE_SEZIONE":"8.07304","POS_X_SEZIONE":"427581.04048","POS_Y_SEZIONE":"5039056.34978","LATITUDINE_CENTRALE":"45.51973","LONGITUDINE_CENTRALE":"8.08029","POS_X_CENTRALE":"428170.81250","POS_Y_CENTRALE":"5041100.00000","TIPO_ADSL":"ADSL_2P","DESCRIZIONE_TIPO_ADSL":"ADSL 2+ (24 mega)","DISTANZA_CALCOLATA":"2127.05","CLASSE_DISTANZA":"2100-2499","POTENZA_SEGNALE":"10000","POPOLAZIONE_SEZIONE": "127"}
			},
		 		{ "type" : "Feature",
				"geometry" : {
					"type" : "Point",
					"coordinates" : [8.08068,45.52180]},
			"properties" : { "ANNO":"2010","ID_SEZIONE":"6635","ISTAT_COMUNE_SEZ":"96059","COMUNE_SEZ":"SANDIGLIANO","PROVINCIA":"BI","ID_CENTRALE":"1286","NOME_CENTRALE":"SANDIGLIANO","ISTAT_COMUNE_CENTR":"96059","COMUNE_CENTR":"SANDIGLIANO","PROVINCIA_CENTR":"BI","INDIRIZZO_CENTRALE":"PAPA GIOVANNI XXIII","LATITUDINE_SEZIONE":"45.52180","LONGITUDINE_SEZIONE":"8.08068","POS_X_SEZIONE":"428204.56842","POS_Y_SEZIONE":"5041328.86793","LATITUDINE_CENTRALE":"45.51973","LONGITUDINE_CENTRALE":"8.08029","POS_X_CENTRALE":"428170.81250","POS_Y_CENTRALE":"5041100.00000","TIPO_ADSL":"ADSL_2P","DESCRIZIONE_TIPO_ADSL":"ADSL 2+ (24 mega)","DISTANZA_CALCOLATA":"231.34","CLASSE_DISTANZA":"100-499","POTENZA_SEGNALE":"19761.67","POPOLAZIONE_SEZIONE": "573"}
			},
		 		{ "type" : "Feature",
				"geometry" : {
					"type" : "Point",
					"coordinates" : [8.08910,45.51957]},
			"properties" : { "ANNO":"2010","ID_SEZIONE":"11429","ISTAT_COMUNE_SEZ":"96059","COMUNE_SEZ":"SANDIGLIANO","PROVINCIA":"BI","ID_CENTRALE":"1286","NOME_CENTRALE":"SANDIGLIANO","ISTAT_COMUNE_CENTR":"96059","COMUNE_CENTR":"SANDIGLIANO","PROVINCIA_CENTR":"BI","INDIRIZZO_CENTRALE":"PAPA GIOVANNI XXIII","LATITUDINE_SEZIONE":"45.51957","LONGITUDINE_SEZIONE":"8.08910","POS_X_SEZIONE":"428859.18039","POS_Y_SEZIONE":"5041074.38089","LATITUDINE_CENTRALE":"45.51973","LONGITUDINE_CENTRALE":"8.08029","POS_X_CENTRALE":"428170.81250","POS_Y_CENTRALE":"5041100.00000","TIPO_ADSL":"ADSL_2P","DESCRIZIONE_TIPO_ADSL":"ADSL 2+ (24 mega)","DISTANZA_CALCOLATA":"688.84","CLASSE_DISTANZA":"500-899","POTENZA_SEGNALE":"19523.33","POPOLAZIONE_SEZIONE": "153"}
			},
		 		{ "type" : "Feature",
				"geometry" : {
					"type" : "Point",
					"coordinates" : [8.06594,45.51821]},
			"properties" : { "ANNO":"2010","ID_SEZIONE":"11430","ISTAT_COMUNE_SEZ":"96059","COMUNE_SEZ":"SANDIGLIANO","PROVINCIA":"BI","ID_CENTRALE":"1286","NOME_CENTRALE":"SANDIGLIANO","ISTAT_COMUNE_CENTR":"96059","COMUNE_CENTR":"SANDIGLIANO","PROVINCIA_CENTR":"BI","INDIRIZZO_CENTRALE":"PAPA GIOVANNI XXIII","LATITUDINE_SEZIONE":"45.51821","LONGITUDINE_SEZIONE":"8.06594","POS_X_SEZIONE":"427048.27018","POS_Y_SEZIONE":"5040943.84700","LATITUDINE_CENTRALE":"45.51973","LONGITUDINE_CENTRALE":"8.08029","POS_X_CENTRALE":"428170.81250","POS_Y_CENTRALE":"5041100.00000","TIPO_ADSL":"ADSL_2P","DESCRIZIONE_TIPO_ADSL":"ADSL 2+ (24 mega)","DISTANZA_CALCOLATA":"1133.35","CLASSE_DISTANZA":"900-1299","POTENZA_SEGNALE":"17737.5","POPOLAZIONE_SEZIONE": "31"}
			},
		 		{ "type" : "Feature",
				"geometry" : {
					"type" : "Point",
					"coordinates" : [8.06259,45.52157]},
			"properties" : { "ANNO":"2010","ID_SEZIONE":"12863","ISTAT_COMUNE_SEZ":"96059","COMUNE_SEZ":"SANDIGLIANO","PROVINCIA":"BI","ID_CENTRALE":"1286","NOME_CENTRALE":"SANDIGLIANO","ISTAT_COMUNE_CENTR":"96059","COMUNE_CENTR":"SANDIGLIANO","PROVINCIA_CENTR":"BI","INDIRIZZO_CENTRALE":"PAPA GIOVANNI XXIII","LATITUDINE_SEZIONE":"45.52157","LONGITUDINE_SEZIONE":"8.06259","POS_X_SEZIONE":"426790.81251","POS_Y_SEZIONE":"5041319.84393","LATITUDINE_CENTRALE":"45.51973","LONGITUDINE_CENTRALE":"8.08029","POS_X_CENTRALE":"428170.81250","POS_Y_CENTRALE":"5041100.00000","TIPO_ADSL":"ADSL_2P","DESCRIZIONE_TIPO_ADSL":"ADSL 2+ (24 mega)","DISTANZA_CALCOLATA":"1397.4","CLASSE_DISTANZA":"1300-1699","POTENZA_SEGNALE":"16071.67","POPOLAZIONE_SEZIONE": "66"}
			},
		 		{ "type" : "Feature",
				"geometry" : {
					"type" : "Point",
					"coordinates" : [8.08027,45.50968]},
			"properties" : { "ANNO":"2010","ID_SEZIONE":"13532","ISTAT_COMUNE_SEZ":"96059","COMUNE_SEZ":"SANDIGLIANO","PROVINCIA":"BI","ID_CENTRALE":"1286","NOME_CENTRALE":"SANDIGLIANO","ISTAT_COMUNE_CENTR":"96059","COMUNE_CENTR":"SANDIGLIANO","PROVINCIA_CENTR":"BI","INDIRIZZO_CENTRALE":"PAPA GIOVANNI XXIII","LATITUDINE_SEZIONE":"45.50968","LONGITUDINE_SEZIONE":"8.08027","POS_X_SEZIONE":"428157.10858","POS_Y_SEZIONE":"5039982.86345","LATITUDINE_CENTRALE":"45.51973","LONGITUDINE_CENTRALE":"8.08029","POS_X_CENTRALE":"428170.81250","POS_Y_CENTRALE":"5041100.00000","TIPO_ADSL":"ADSL_2P","DESCRIZIONE_TIPO_ADSL":"ADSL 2+ (24 mega)","DISTANZA_CALCOLATA":"1117.22","CLASSE_DISTANZA":"900-1299","POTENZA_SEGNALE":"17737.5","POPOLAZIONE_SEZIONE": "168"}
			},
		 		{ "type" : "Feature",
				"geometry" : {
					"type" : "Point",
					"coordinates" : [8.07644,45.52092]},
			"properties" : { "ANNO":"2010","ID_SEZIONE":"17688","ISTAT_COMUNE_SEZ":"96059","COMUNE_SEZ":"SANDIGLIANO","PROVINCIA":"BI","ID_CENTRALE":"1286","NOME_CENTRALE":"SANDIGLIANO","ISTAT_COMUNE_CENTR":"96059","COMUNE_CENTR":"SANDIGLIANO","PROVINCIA_CENTR":"BI","INDIRIZZO_CENTRALE":"PAPA GIOVANNI XXIII","LATITUDINE_SEZIONE":"45.52092","LONGITUDINE_SEZIONE":"8.07644","POS_X_SEZIONE":"427872.10276","POS_Y_SEZIONE":"5041235.86057","LATITUDINE_CENTRALE":"45.51973","LONGITUDINE_CENTRALE":"8.08029","POS_X_CENTRALE":"428170.81250","POS_Y_CENTRALE":"5041100.00000","TIPO_ADSL":"ADSL_2P","DESCRIZIONE_TIPO_ADSL":"ADSL 2+ (24 mega)","DISTANZA_CALCOLATA":"328.15","CLASSE_DISTANZA":"100-499","POTENZA_SEGNALE":"19761.67","POPOLAZIONE_SEZIONE": "399"}
			},
		 		{ "type" : "Feature",
				"geometry" : {
					"type" : "Point",
					"coordinates" : [8.07399,45.51774]},
			"properties" : { "ANNO":"2010","ID_SEZIONE":"17886","ISTAT_COMUNE_SEZ":"96059","COMUNE_SEZ":"SANDIGLIANO","PROVINCIA":"BI","ID_CENTRALE":"1286","NOME_CENTRALE":"SANDIGLIANO","ISTAT_COMUNE_CENTR":"96059","COMUNE_CENTR":"SANDIGLIANO","PROVINCIA_CENTR":"BI","INDIRIZZO_CENTRALE":"PAPA GIOVANNI XXIII","LATITUDINE_SEZIONE":"45.51774","LONGITUDINE_SEZIONE":"8.07399","POS_X_SEZIONE":"427676.75684","POS_Y_SEZIONE":"5040883.85647","LATITUDINE_CENTRALE":"45.51973","LONGITUDINE_CENTRALE":"8.08029","POS_X_CENTRALE":"428170.81250","POS_Y_CENTRALE":"5041100.00000","TIPO_ADSL":"ADSL_2P","DESCRIZIONE_TIPO_ADSL":"ADSL 2+ (24 mega)","DISTANZA_CALCOLATA":"539.27","CLASSE_DISTANZA":"500-899","POTENZA_SEGNALE":"19523.33","POPOLAZIONE_SEZIONE": "444"}
			},
		 		{ "type" : "Feature",
				"geometry" : {
					"type" : "Point",
					"coordinates" : [8.06990,45.51464]},
			"properties" : { "ANNO":"2010","ID_SEZIONE":"20308","ISTAT_COMUNE_SEZ":"96059","COMUNE_SEZ":"SANDIGLIANO","PROVINCIA":"BI","ID_CENTRALE":"1286","NOME_CENTRALE":"SANDIGLIANO","ISTAT_COMUNE_CENTR":"96059","COMUNE_CENTR":"SANDIGLIANO","PROVINCIA_CENTR":"BI","INDIRIZZO_CENTRALE":"PAPA GIOVANNI XXIII","LATITUDINE_SEZIONE":"45.51464","LONGITUDINE_SEZIONE":"8.06990","POS_X_SEZIONE":"427353.00746","POS_Y_SEZIONE":"5040543.85059","LATITUDINE_CENTRALE":"45.51973","LONGITUDINE_CENTRALE":"8.08029","POS_X_CENTRALE":"428170.81250","POS_Y_CENTRALE":"5041100.00000","TIPO_ADSL":"ADSL_2P","DESCRIZIONE_TIPO_ADSL":"ADSL 2+ (24 mega)","DISTANZA_CALCOLATA":"988.99","CLASSE_DISTANZA":"900-1299","POTENZA_SEGNALE":"17737.5","POPOLAZIONE_SEZIONE": "18"}
			},
		 		{ "type" : "Feature",
				"geometry" : {
					"type" : "Point",
					"coordinates" : [8.08826,45.50301]},
			"properties" : { "ANNO":"2010","ID_SEZIONE":"21331","ISTAT_COMUNE_SEZ":"96059","COMUNE_SEZ":"SANDIGLIANO","PROVINCIA":"BI","ID_CENTRALE":"1286","NOME_CENTRALE":"SANDIGLIANO","ISTAT_COMUNE_CENTR":"96059","COMUNE_CENTR":"SANDIGLIANO","PROVINCIA_CENTR":"BI","INDIRIZZO_CENTRALE":"PAPA GIOVANNI XXIII","LATITUDINE_SEZIONE":"45.50301","LONGITUDINE_SEZIONE":"8.08826","POS_X_SEZIONE":"428772.80701","POS_Y_SEZIONE":"5039235.37468","LATITUDINE_CENTRALE":"45.51973","LONGITUDINE_CENTRALE":"8.08029","POS_X_CENTRALE":"428170.81250","POS_Y_CENTRALE":"5041100.00000","TIPO_ADSL":"ADSL_2P","DESCRIZIONE_TIPO_ADSL":"ADSL 2+ (24 mega)","DISTANZA_CALCOLATA":"1959.39","CLASSE_DISTANZA":"1700-2099","POTENZA_SEGNALE":"12975.83","POPOLAZIONE_SEZIONE": "83"}
			},
		 		{ "type" : "Feature",
				"geometry" : {
					"type" : "Point",
					"coordinates" : [8.07632,45.51391]},
			"properties" : { "ANNO":"2010","ID_SEZIONE":"22210","ISTAT_COMUNE_SEZ":"96059","COMUNE_SEZ":"SANDIGLIANO","PROVINCIA":"BI","ID_CENTRALE":"1286","NOME_CENTRALE":"SANDIGLIANO","ISTAT_COMUNE_CENTR":"96059","COMUNE_CENTR":"SANDIGLIANO","PROVINCIA_CENTR":"BI","INDIRIZZO_CENTRALE":"PAPA GIOVANNI XXIII","LATITUDINE_SEZIONE":"45.51391","LONGITUDINE_SEZIONE":"8.07632","POS_X_SEZIONE":"427853.96464","POS_Y_SEZIONE":"5040456.35798","LATITUDINE_CENTRALE":"45.51973","LONGITUDINE_CENTRALE":"8.08029","POS_X_CENTRALE":"428170.81250","POS_Y_CENTRALE":"5041100.00000","TIPO_ADSL":"ADSL_2P","DESCRIZIONE_TIPO_ADSL":"ADSL 2+ (24 mega)","DISTANZA_CALCOLATA":"717.40","CLASSE_DISTANZA":"500-899","POTENZA_SEGNALE":"19523.33","POPOLAZIONE_SEZIONE": "96"}
			},
		 		{ "type" : "Feature",
				"geometry" : {
					"type" : "Point",
					"coordinates" : [8.06889,45.50925]},
			"properties" : { "ANNO":"2010","ID_SEZIONE":"26103","ISTAT_COMUNE_SEZ":"96059","COMUNE_SEZ":"SANDIGLIANO","PROVINCIA":"BI","ID_CENTRALE":"1286","NOME_CENTRALE":"SANDIGLIANO","ISTAT_COMUNE_CENTR":"96059","COMUNE_CENTR":"SANDIGLIANO","PROVINCIA_CENTR":"BI","INDIRIZZO_CENTRALE":"PAPA GIOVANNI XXIII","LATITUDINE_SEZIONE":"45.50925","LONGITUDINE_SEZIONE":"8.06889","POS_X_SEZIONE":"427267.21776","POS_Y_SEZIONE":"5039945.84739","LATITUDINE_CENTRALE":"45.51973","LONGITUDINE_CENTRALE":"8.08029","POS_X_CENTRALE":"428170.81250","POS_Y_CENTRALE":"5041100.00000","TIPO_ADSL":"ADSL_2P","DESCRIZIONE_TIPO_ADSL":"ADSL 2+ (24 mega)","DISTANZA_CALCOLATA":"1465.79","CLASSE_DISTANZA":"1300-1699","POTENZA_SEGNALE":"16071.67","POPOLAZIONE_SEZIONE": "26"}
			},
		 		{ "type" : "Feature",
				"geometry" : {
					"type" : "Point",
					"coordinates" : [8.07481,45.52292]},
			"properties" : { "ANNO":"2010","ID_SEZIONE":"27535","ISTAT_COMUNE_SEZ":"96059","COMUNE_SEZ":"SANDIGLIANO","PROVINCIA":"BI","ID_CENTRALE":"1286","NOME_CENTRALE":"SANDIGLIANO","ISTAT_COMUNE_CENTR":"96059","COMUNE_CENTR":"SANDIGLIANO","PROVINCIA_CENTR":"BI","INDIRIZZO_CENTRALE":"PAPA GIOVANNI XXIII","LATITUDINE_SEZIONE":"45.52292","LONGITUDINE_SEZIONE":"8.07481","POS_X_SEZIONE":"427747.07799","POS_Y_SEZIONE":"5041459.35932","LATITUDINE_CENTRALE":"45.51973","LONGITUDINE_CENTRALE":"8.08029","POS_X_CENTRALE":"428170.81250","POS_Y_CENTRALE":"5041100.00000","TIPO_ADSL":"ADSL_2P","DESCRIZIONE_TIPO_ADSL":"ADSL 2+ (24 mega)","DISTANZA_CALCOLATA":"555.60","CLASSE_DISTANZA":"500-899","POTENZA_SEGNALE":"19523.33","POPOLAZIONE_SEZIONE": "312"}
			},
		 		{ "type" : "Feature",
				"geometry" : {
					"type" : "Point",
					"coordinates" : [8.06633,45.51073]},
			"properties" : { "ANNO":"2010","ID_SEZIONE":"30028","ISTAT_COMUNE_SEZ":"96059","COMUNE_SEZ":"SANDIGLIANO","PROVINCIA":"BI","ID_CENTRALE":"1286","NOME_CENTRALE":"SANDIGLIANO","ISTAT_COMUNE_CENTR":"96059","COMUNE_CENTR":"SANDIGLIANO","PROVINCIA_CENTR":"BI","INDIRIZZO_CENTRALE":"PAPA GIOVANNI XXIII","LATITUDINE_SEZIONE":"45.51073","LONGITUDINE_SEZIONE":"8.06633","POS_X_SEZIONE":"427069.16183","POS_Y_SEZIONE":"5040112.34467","LATITUDINE_CENTRALE":"45.51973","LONGITUDINE_CENTRALE":"8.08029","POS_X_CENTRALE":"428170.81250","POS_Y_CENTRALE":"5041100.00000","TIPO_ADSL":"ADSL_2P","DESCRIZIONE_TIPO_ADSL":"ADSL 2+ (24 mega)","DISTANZA_CALCOLATA":"1479.56","CLASSE_DISTANZA":"1300-1699","POTENZA_SEGNALE":"16071.67","POPOLAZIONE_SEZIONE": "20"}
			},
		 		{ "type" : "Feature",
				"geometry" : {
					"type" : "Point",
					"coordinates" : [8.09395,45.51628]},
			"properties" : { "ANNO":"2010","ID_SEZIONE":"30685","ISTAT_COMUNE_SEZ":"96059","COMUNE_SEZ":"SANDIGLIANO","PROVINCIA":"BI","ID_CENTRALE":"1286","NOME_CENTRALE":"SANDIGLIANO","ISTAT_COMUNE_CENTR":"96059","COMUNE_CENTR":"SANDIGLIANO","PROVINCIA_CENTR":"BI","INDIRIZZO_CENTRALE":"PAPA GIOVANNI XXIII","LATITUDINE_SEZIONE":"45.51628","LONGITUDINE_SEZIONE":"8.09395","POS_X_SEZIONE":"429233.29418","POS_Y_SEZIONE":"5040704.38819","LATITUDINE_CENTRALE":"45.51973","LONGITUDINE_CENTRALE":"8.08029","POS_X_CENTRALE":"428170.81250","POS_Y_CENTRALE":"5041100.00000","TIPO_ADSL":"ADSL_2P","DESCRIZIONE_TIPO_ADSL":"ADSL 2+ (24 mega)","DISTANZA_CALCOLATA":"1133.74","CLASSE_DISTANZA":"900-1299","POTENZA_SEGNALE":"17737.5","POPOLAZIONE_SEZIONE": "147"}
			}
		 		]
	}
		