 	{ "type" : "FeatureCollection",
		"features" : [
		 		{ "type" : "Feature",
				"geometry" : {
					"type" : "Point",
					"coordinates" : [8.29034,44.56465]},
			"properties" : { "ANNO":"2010","ID_SEZIONE":"3","ISTAT_COMUNE_SEZ":"5094","COMUNE_SEZ":"ROCCAVERANO","PROVINCIA":"AT","ID_CENTRALE":"1130","NOME_CENTRALE":"ROCCAVERANO","ISTAT_COMUNE_CENTR":"5094","COMUNE_CENTR":"ROCCAVERANO","PROVINCIA_CENTR":"AT","INDIRIZZO_CENTRALE":"CIRCONVALLAZIONE 3","LATITUDINE_SEZIONE":"44.56465","LONGITUDINE_SEZIONE":"8.29034","POS_X_SEZIONE":"443645.79826","POS_Y_SEZIONE":"4934835.34028","LATITUDINE_CENTRALE":"44.59029","LONGITUDINE_CENTRALE":"8.27062","POS_X_CENTRALE":"442105.23111","POS_Y_CENTRALE":"4937697.60522","TIPO_ADSL":"ADSL_M","DESCRIZIONE_TIPO_ADSL":"ADSL Mini","DISTANZA_CALCOLATA":"3250.52","CLASSE_DISTANZA":"2900-3299","POTENZA_SEGNALE":"0.64","POPOLAZIONE_SEZIONE": "3"}
			},
		 		{ "type" : "Feature",
				"geometry" : {
					"type" : "Point",
					"coordinates" : [8.27223,44.59230]},
			"properties" : { "ANNO":"2010","ID_SEZIONE":"4044","ISTAT_COMUNE_SEZ":"5094","COMUNE_SEZ":"ROCCAVERANO","PROVINCIA":"AT","ID_CENTRALE":"1130","NOME_CENTRALE":"ROCCAVERANO","ISTAT_COMUNE_CENTR":"5094","COMUNE_CENTR":"ROCCAVERANO","PROVINCIA_CENTR":"AT","INDIRIZZO_CENTRALE":"CIRCONVALLAZIONE 3","LATITUDINE_SEZIONE":"44.59230","LONGITUDINE_SEZIONE":"8.27223","POS_X_SEZIONE":"442234.97765","POS_Y_SEZIONE":"4937919.34259","LATITUDINE_CENTRALE":"44.59029","LONGITUDINE_CENTRALE":"8.27062","POS_X_CENTRALE":"442105.23111","POS_Y_CENTRALE":"4937697.60522","TIPO_ADSL":"ADSL_M","DESCRIZIONE_TIPO_ADSL":"ADSL Mini","DISTANZA_CALCOLATA":"256.91","CLASSE_DISTANZA":"100-499","POTENZA_SEGNALE":"0.64","POPOLAZIONE_SEZIONE": "65"}
			},
		 		{ "type" : "Feature",
				"geometry" : {
					"type" : "Point",
					"coordinates" : [8.30135,44.59213]},
			"properties" : { "ANNO":"2010","ID_SEZIONE":"5232","ISTAT_COMUNE_SEZ":"5094","COMUNE_SEZ":"ROCCAVERANO","PROVINCIA":"AT","ID_CENTRALE":"1130","NOME_CENTRALE":"ROCCAVERANO","ISTAT_COMUNE_CENTR":"5094","COMUNE_CENTR":"ROCCAVERANO","PROVINCIA_CENTR":"AT","INDIRIZZO_CENTRALE":"CIRCONVALLAZIONE 3","LATITUDINE_SEZIONE":"44.59213","LONGITUDINE_SEZIONE":"8.30135","POS_X_SEZIONE":"444546.08523","POS_Y_SEZIONE":"4937879.85305","LATITUDINE_CENTRALE":"44.59029","LONGITUDINE_CENTRALE":"8.27062","POS_X_CENTRALE":"442105.23111","POS_Y_CENTRALE":"4937697.60522","TIPO_ADSL":"ADSL_M","DESCRIZIONE_TIPO_ADSL":"ADSL Mini","DISTANZA_CALCOLATA":"2447.65","CLASSE_DISTANZA":"2100-2499","POTENZA_SEGNALE":"0.64","POPOLAZIONE_SEZIONE": "16"}
			},
		 		{ "type" : "Feature",
				"geometry" : {
					"type" : "Point",
					"coordinates" : [8.26358,44.61388]},
			"properties" : { "ANNO":"2010","ID_SEZIONE":"8557","ISTAT_COMUNE_SEZ":"5094","COMUNE_SEZ":"ROCCAVERANO","PROVINCIA":"AT","ID_CENTRALE":"1130","NOME_CENTRALE":"ROCCAVERANO","ISTAT_COMUNE_CENTR":"5094","COMUNE_CENTR":"ROCCAVERANO","PROVINCIA_CENTR":"AT","INDIRIZZO_CENTRALE":"CIRCONVALLAZIONE 3","LATITUDINE_SEZIONE":"44.61388","LONGITUDINE_SEZIONE":"8.26358","POS_X_SEZIONE":"441570.46821","POS_Y_SEZIONE":"4940322.85337","LATITUDINE_CENTRALE":"44.59029","LONGITUDINE_CENTRALE":"8.27062","POS_X_CENTRALE":"442105.23111","POS_Y_CENTRALE":"4937697.60522","TIPO_ADSL":"ADSL_M","DESCRIZIONE_TIPO_ADSL":"ADSL Mini","DISTANZA_CALCOLATA":"2679.16","CLASSE_DISTANZA":"2500-2899","POTENZA_SEGNALE":"0.64","POPOLAZIONE_SEZIONE": "17"}
			},
		 		{ "type" : "Feature",
				"geometry" : {
					"type" : "Point",
					"coordinates" : [8.27750,44.59811]},
			"properties" : { "ANNO":"2010","ID_SEZIONE":"11234","ISTAT_COMUNE_SEZ":"5094","COMUNE_SEZ":"ROCCAVERANO","PROVINCIA":"AT","ID_CENTRALE":"1130","NOME_CENTRALE":"ROCCAVERANO","ISTAT_COMUNE_CENTR":"5094","COMUNE_CENTR":"ROCCAVERANO","PROVINCIA_CENTR":"AT","INDIRIZZO_CENTRALE":"CIRCONVALLAZIONE 3","LATITUDINE_SEZIONE":"44.59811","LONGITUDINE_SEZIONE":"8.27750","POS_X_SEZIONE":"442659.11026","POS_Y_SEZIONE":"4938561.34860","LATITUDINE_CENTRALE":"44.59029","LONGITUDINE_CENTRALE":"8.27062","POS_X_CENTRALE":"442105.23111","POS_Y_CENTRALE":"4937697.60522","TIPO_ADSL":"ADSL_M","DESCRIZIONE_TIPO_ADSL":"ADSL Mini","DISTANZA_CALCOLATA":"1026.08","CLASSE_DISTANZA":"900-1299","POTENZA_SEGNALE":"0.64","POPOLAZIONE_SEZIONE": "37"}
			},
		 		{ "type" : "Feature",
				"geometry" : {
					"type" : "Point",
					"coordinates" : [8.25666,44.57481]},
			"properties" : { "ANNO":"2010","ID_SEZIONE":"11866","ISTAT_COMUNE_SEZ":"5081","COMUNE_SEZ":"OLMO GENTILE","PROVINCIA":"AT","ID_CENTRALE":"1130","NOME_CENTRALE":"ROCCAVERANO","ISTAT_COMUNE_CENTR":"5094","COMUNE_CENTR":"ROCCAVERANO","PROVINCIA_CENTR":"AT","INDIRIZZO_CENTRALE":"CIRCONVALLAZIONE 3","LATITUDINE_SEZIONE":"44.57481","LONGITUDINE_SEZIONE":"8.25666","POS_X_SEZIONE":"440981.86072","POS_Y_SEZIONE":"4935987.33260","LATITUDINE_CENTRALE":"44.59029","LONGITUDINE_CENTRALE":"8.27062","POS_X_CENTRALE":"442105.23111","POS_Y_CENTRALE":"4937697.60522","TIPO_ADSL":"ADSL_M","DESCRIZIONE_TIPO_ADSL":"ADSL Mini","DISTANZA_CALCOLATA":"2046.21","CLASSE_DISTANZA":"1700-2099","POTENZA_SEGNALE":"0.64","POPOLAZIONE_SEZIONE": "31"}
			},
		 		{ "type" : "Feature",
				"geometry" : {
					"type" : "Point",
					"coordinates" : [8.28874,44.61420]},
			"properties" : { "ANNO":"2010","ID_SEZIONE":"11988","ISTAT_COMUNE_SEZ":"5094","COMUNE_SEZ":"ROCCAVERANO","PROVINCIA":"AT","ID_CENTRALE":"1130","NOME_CENTRALE":"ROCCAVERANO","ISTAT_COMUNE_CENTR":"5094","COMUNE_CENTR":"ROCCAVERANO","PROVINCIA_CENTR":"AT","INDIRIZZO_CENTRALE":"CIRCONVALLAZIONE 3","LATITUDINE_SEZIONE":"44.61420","LONGITUDINE_SEZIONE":"8.28874","POS_X_SEZIONE":"443566.83199","POS_Y_SEZIONE":"4940340.86502","LATITUDINE_CENTRALE":"44.59029","LONGITUDINE_CENTRALE":"8.27062","POS_X_CENTRALE":"442105.23111","POS_Y_CENTRALE":"4937697.60522","TIPO_ADSL":"ADSL_M","DESCRIZIONE_TIPO_ADSL":"ADSL Mini","DISTANZA_CALCOLATA":"3020.45","CLASSE_DISTANZA":"2900-3299","POTENZA_SEGNALE":"0.64","POPOLAZIONE_SEZIONE": "24"}
			},
		 		{ "type" : "Feature",
				"geometry" : {
					"type" : "Point",
					"coordinates" : [8.29661,44.57661]},
			"properties" : { "ANNO":"2010","ID_SEZIONE":"11989","ISTAT_COMUNE_SEZ":"5094","COMUNE_SEZ":"ROCCAVERANO","PROVINCIA":"AT","ID_CENTRALE":"1130","NOME_CENTRALE":"ROCCAVERANO","ISTAT_COMUNE_CENTR":"5094","COMUNE_CENTR":"ROCCAVERANO","PROVINCIA_CENTR":"AT","INDIRIZZO_CENTRALE":"CIRCONVALLAZIONE 3","LATITUDINE_SEZIONE":"44.57661","LONGITUDINE_SEZIONE":"8.29661","POS_X_SEZIONE":"444155.41336","POS_Y_SEZIONE":"4936159.84383","LATITUDINE_CENTRALE":"44.59029","LONGITUDINE_CENTRALE":"8.27062","POS_X_CENTRALE":"442105.23111","POS_Y_CENTRALE":"4937697.60522","TIPO_ADSL":"ADSL_M","DESCRIZIONE_TIPO_ADSL":"ADSL Mini","DISTANZA_CALCOLATA":"2562.8","CLASSE_DISTANZA":"2500-2899","POTENZA_SEGNALE":"0.64","POPOLAZIONE_SEZIONE": "9"}
			},
		 		{ "type" : "Feature",
				"geometry" : {
					"type" : "Point",
					"coordinates" : [8.27379,44.61460]},
			"properties" : { "ANNO":"2010","ID_SEZIONE":"12928","ISTAT_COMUNE_SEZ":"5094","COMUNE_SEZ":"ROCCAVERANO","PROVINCIA":"AT","ID_CENTRALE":"1130","NOME_CENTRALE":"ROCCAVERANO","ISTAT_COMUNE_CENTR":"5094","COMUNE_CENTR":"ROCCAVERANO","PROVINCIA_CENTR":"AT","INDIRIZZO_CENTRALE":"CIRCONVALLAZIONE 3","LATITUDINE_SEZIONE":"44.61460","LONGITUDINE_SEZIONE":"8.27379","POS_X_SEZIONE":"442381.10552","POS_Y_SEZIONE":"4940395.35872","LATITUDINE_CENTRALE":"44.59029","LONGITUDINE_CENTRALE":"8.27062","POS_X_CENTRALE":"442105.23111","POS_Y_CENTRALE":"4937697.60522","TIPO_ADSL":"ADSL_M","DESCRIZIONE_TIPO_ADSL":"ADSL Mini","DISTANZA_CALCOLATA":"2711.82","CLASSE_DISTANZA":"2500-2899","POTENZA_SEGNALE":"0.64","POPOLAZIONE_SEZIONE": "21"}
			},
		 		{ "type" : "Feature",
				"geometry" : {
					"type" : "Point",
					"coordinates" : [8.26062,44.56997]},
			"properties" : { "ANNO":"2010","ID_SEZIONE":"12929","ISTAT_COMUNE_SEZ":"5081","COMUNE_SEZ":"OLMO GENTILE","PROVINCIA":"AT","ID_CENTRALE":"1130","NOME_CENTRALE":"ROCCAVERANO","ISTAT_COMUNE_CENTR":"5094","COMUNE_CENTR":"ROCCAVERANO","PROVINCIA_CENTR":"AT","INDIRIZZO_CENTRALE":"CIRCONVALLAZIONE 3","LATITUDINE_SEZIONE":"44.56997","LONGITUDINE_SEZIONE":"8.26062","POS_X_SEZIONE":"441291.27358","POS_Y_SEZIONE":"4935447.33388","LATITUDINE_CENTRALE":"44.59029","LONGITUDINE_CENTRALE":"8.27062","POS_X_CENTRALE":"442105.23111","POS_Y_CENTRALE":"4937697.60522","TIPO_ADSL":"ADSL_M","DESCRIZIONE_TIPO_ADSL":"ADSL Mini","DISTANZA_CALCOLATA":"2392.96","CLASSE_DISTANZA":"2100-2499","POTENZA_SEGNALE":"0.64","POPOLAZIONE_SEZIONE": "2"}
			},
		 		{ "type" : "Feature",
				"geometry" : {
					"type" : "Point",
					"coordinates" : [8.28191,44.57423]},
			"properties" : { "ANNO":"2010","ID_SEZIONE":"13768","ISTAT_COMUNE_SEZ":"5094","COMUNE_SEZ":"ROCCAVERANO","PROVINCIA":"AT","ID_CENTRALE":"1130","NOME_CENTRALE":"ROCCAVERANO","ISTAT_COMUNE_CENTR":"5094","COMUNE_CENTR":"ROCCAVERANO","PROVINCIA_CENTR":"AT","INDIRIZZO_CENTRALE":"CIRCONVALLAZIONE 3","LATITUDINE_SEZIONE":"44.57423","LONGITUDINE_SEZIONE":"8.28191","POS_X_SEZIONE":"442985.60139","POS_Y_SEZIONE":"4935904.83916","LATITUDINE_CENTRALE":"44.59029","LONGITUDINE_CENTRALE":"8.27062","POS_X_CENTRALE":"442105.23111","POS_Y_CENTRALE":"4937697.60522","TIPO_ADSL":"ADSL_M","DESCRIZIONE_TIPO_ADSL":"ADSL Mini","DISTANZA_CALCOLATA":"1997.26","CLASSE_DISTANZA":"1700-2099","POTENZA_SEGNALE":"0.64","POPOLAZIONE_SEZIONE": "8"}
			},
		 		{ "type" : "Feature",
				"geometry" : {
					"type" : "Point",
					"coordinates" : [8.27688,44.56323]},
			"properties" : { "ANNO":"2010","ID_SEZIONE":"14792","ISTAT_COMUNE_SEZ":"5094","COMUNE_SEZ":"ROCCAVERANO","PROVINCIA":"AT","ID_CENTRALE":"1130","NOME_CENTRALE":"ROCCAVERANO","ISTAT_COMUNE_CENTR":"5094","COMUNE_CENTR":"ROCCAVERANO","PROVINCIA_CENTR":"AT","INDIRIZZO_CENTRALE":"CIRCONVALLAZIONE 3","LATITUDINE_SEZIONE":"44.56323","LONGITUDINE_SEZIONE":"8.27688","POS_X_SEZIONE":"442575.94968","POS_Y_SEZIONE":"4934686.33753","LATITUDINE_CENTRALE":"44.59029","LONGITUDINE_CENTRALE":"8.27062","POS_X_CENTRALE":"442105.23111","POS_Y_CENTRALE":"4937697.60522","TIPO_ADSL":"ADSL_M","DESCRIZIONE_TIPO_ADSL":"ADSL Mini","DISTANZA_CALCOLATA":"3047.84","CLASSE_DISTANZA":"2900-3299","POTENZA_SEGNALE":"0.64","POPOLAZIONE_SEZIONE": "20"}
			},
		 		{ "type" : "Feature",
				"geometry" : {
					"type" : "Point",
					"coordinates" : [8.30538,44.61669]},
			"properties" : { "ANNO":"2010","ID_SEZIONE":"15028","ISTAT_COMUNE_SEZ":"5094","COMUNE_SEZ":"ROCCAVERANO","PROVINCIA":"AT","ID_CENTRALE":"1130","NOME_CENTRALE":"ROCCAVERANO","ISTAT_COMUNE_CENTR":"5094","COMUNE_CENTR":"ROCCAVERANO","PROVINCIA_CENTR":"AT","INDIRIZZO_CENTRALE":"CIRCONVALLAZIONE 3","LATITUDINE_SEZIONE":"44.61669","LONGITUDINE_SEZIONE":"8.30538","POS_X_SEZIONE":"444889.86098","POS_Y_SEZIONE":"4940605.87417","LATITUDINE_CENTRALE":"44.59029","LONGITUDINE_CENTRALE":"8.27062","POS_X_CENTRALE":"442105.23111","POS_Y_CENTRALE":"4937697.60522","TIPO_ADSL":"ADSL_M","DESCRIZIONE_TIPO_ADSL":"ADSL Mini","DISTANZA_CALCOLATA":"4026.44","CLASSE_DISTANZA":"3700-4099","POTENZA_SEGNALE":"0.64","POPOLAZIONE_SEZIONE": "17"}
			},
		 		{ "type" : "Feature",
				"geometry" : {
					"type" : "Point",
					"coordinates" : [8.25801,44.60366]},
			"properties" : { "ANNO":"2010","ID_SEZIONE":"16419","ISTAT_COMUNE_SEZ":"5094","COMUNE_SEZ":"ROCCAVERANO","PROVINCIA":"AT","ID_CENTRALE":"1130","NOME_CENTRALE":"ROCCAVERANO","ISTAT_COMUNE_CENTR":"5094","COMUNE_CENTR":"ROCCAVERANO","PROVINCIA_CENTR":"AT","INDIRIZZO_CENTRALE":"CIRCONVALLAZIONE 3","LATITUDINE_SEZIONE":"44.60366","LONGITUDINE_SEZIONE":"8.25801","POS_X_SEZIONE":"441118.03480","POS_Y_SEZIONE":"4939190.84441","LATITUDINE_CENTRALE":"44.59029","LONGITUDINE_CENTRALE":"8.27062","POS_X_CENTRALE":"442105.23111","POS_Y_CENTRALE":"4937697.60522","TIPO_ADSL":"ADSL_M","DESCRIZIONE_TIPO_ADSL":"ADSL Mini","DISTANZA_CALCOLATA":"1790.06","CLASSE_DISTANZA":"1700-2099","POTENZA_SEGNALE":"0.64","POPOLAZIONE_SEZIONE": "47"}
			},
		 		{ "type" : "Feature",
				"geometry" : {
					"type" : "Point",
					"coordinates" : [8.30789,44.60579]},
			"properties" : { "ANNO":"2010","ID_SEZIONE":"16420","ISTAT_COMUNE_SEZ":"5094","COMUNE_SEZ":"ROCCAVERANO","PROVINCIA":"AT","ID_CENTRALE":"1130","NOME_CENTRALE":"ROCCAVERANO","ISTAT_COMUNE_CENTR":"5094","COMUNE_CENTR":"ROCCAVERANO","PROVINCIA_CENTR":"AT","INDIRIZZO_CENTRALE":"CIRCONVALLAZIONE 3","LATITUDINE_SEZIONE":"44.60579","LONGITUDINE_SEZIONE":"8.30789","POS_X_SEZIONE":"445078.10290","POS_Y_SEZIONE":"4939393.36652","LATITUDINE_CENTRALE":"44.59029","LONGITUDINE_CENTRALE":"8.27062","POS_X_CENTRALE":"442105.23111","POS_Y_CENTRALE":"4937697.60522","TIPO_ADSL":"ADSL_M","DESCRIZIONE_TIPO_ADSL":"ADSL Mini","DISTANZA_CALCOLATA":"3422.51","CLASSE_DISTANZA":"3300-3699","POTENZA_SEGNALE":"0.64","POPOLAZIONE_SEZIONE": "19"}
			},
		 		{ "type" : "Feature",
				"geometry" : {
					"type" : "Point",
					"coordinates" : [8.28239,44.62149]},
			"properties" : { "ANNO":"2010","ID_SEZIONE":"16823","ISTAT_COMUNE_SEZ":"5094","COMUNE_SEZ":"ROCCAVERANO","PROVINCIA":"AT","ID_CENTRALE":"1130","NOME_CENTRALE":"ROCCAVERANO","ISTAT_COMUNE_CENTR":"5094","COMUNE_CENTR":"ROCCAVERANO","PROVINCIA_CENTR":"AT","INDIRIZZO_CENTRALE":"CIRCONVALLAZIONE 3","LATITUDINE_SEZIONE":"44.62149","LONGITUDINE_SEZIONE":"8.28239","POS_X_SEZIONE":"443070.04299","POS_Y_SEZIONE":"4941154.36749","LATITUDINE_CENTRALE":"44.59029","LONGITUDINE_CENTRALE":"8.27062","POS_X_CENTRALE":"442105.23111","POS_Y_CENTRALE":"4937697.60522","TIPO_ADSL":"ADSL_M","DESCRIZIONE_TIPO_ADSL":"ADSL Mini","DISTANZA_CALCOLATA":"3588.88","CLASSE_DISTANZA":"3300-3699","POTENZA_SEGNALE":"0.64","POPOLAZIONE_SEZIONE": "17"}
			},
		 		{ "type" : "Feature",
				"geometry" : {
					"type" : "Point",
					"coordinates" : [8.24693,44.58590]},
			"properties" : { "ANNO":"2010","ID_SEZIONE":"18511","ISTAT_COMUNE_SEZ":"5081","COMUNE_SEZ":"OLMO GENTILE","PROVINCIA":"AT","ID_CENTRALE":"1130","NOME_CENTRALE":"ROCCAVERANO","ISTAT_COMUNE_CENTR":"5094","COMUNE_CENTR":"ROCCAVERANO","PROVINCIA_CENTR":"AT","INDIRIZZO_CENTRALE":"CIRCONVALLAZIONE 3","LATITUDINE_SEZIONE":"44.58590","LONGITUDINE_SEZIONE":"8.24693","POS_X_SEZIONE":"440220.72408","POS_Y_SEZIONE":"4937226.32908","LATITUDINE_CENTRALE":"44.59029","LONGITUDINE_CENTRALE":"8.27062","POS_X_CENTRALE":"442105.23111","POS_Y_CENTRALE":"4937697.60522","TIPO_ADSL":"ADSL_M","DESCRIZIONE_TIPO_ADSL":"ADSL Mini","DISTANZA_CALCOLATA":"1942.54","CLASSE_DISTANZA":"1700-2099","POTENZA_SEGNALE":"0.64","POPOLAZIONE_SEZIONE": "14"}
			},
		 		{ "type" : "Feature",
				"geometry" : {
					"type" : "Point",
					"coordinates" : [8.27654,44.60539]},
			"properties" : { "ANNO":"2010","ID_SEZIONE":"19909","ISTAT_COMUNE_SEZ":"5094","COMUNE_SEZ":"ROCCAVERANO","PROVINCIA":"AT","ID_CENTRALE":"1130","NOME_CENTRALE":"ROCCAVERANO","ISTAT_COMUNE_CENTR":"5094","COMUNE_CENTR":"ROCCAVERANO","PROVINCIA_CENTR":"AT","INDIRIZZO_CENTRALE":"CIRCONVALLAZIONE 3","LATITUDINE_SEZIONE":"44.60539","LONGITUDINE_SEZIONE":"8.27654","POS_X_SEZIONE":"442590.15615","POS_Y_SEZIONE":"4939369.85344","LATITUDINE_CENTRALE":"44.59029","LONGITUDINE_CENTRALE":"8.27062","POS_X_CENTRALE":"442105.23111","POS_Y_CENTRALE":"4937697.60522","TIPO_ADSL":"ADSL_M","DESCRIZIONE_TIPO_ADSL":"ADSL Mini","DISTANZA_CALCOLATA":"1741.14","CLASSE_DISTANZA":"1700-2099","POTENZA_SEGNALE":"0.64","POPOLAZIONE_SEZIONE": "35"}
			},
		 		{ "type" : "Feature",
				"geometry" : {
					"type" : "Point",
					"coordinates" : [8.26518,44.59062]},
			"properties" : { "ANNO":"2010","ID_SEZIONE":"19910","ISTAT_COMUNE_SEZ":"5094","COMUNE_SEZ":"ROCCAVERANO","PROVINCIA":"AT","ID_CENTRALE":"1130","NOME_CENTRALE":"ROCCAVERANO","ISTAT_COMUNE_CENTR":"5094","COMUNE_CENTR":"ROCCAVERANO","PROVINCIA_CENTR":"AT","INDIRIZZO_CENTRALE":"CIRCONVALLAZIONE 3","LATITUDINE_SEZIONE":"44.59062","LONGITUDINE_SEZIONE":"8.26518","POS_X_SEZIONE":"441673.86917","POS_Y_SEZIONE":"4937737.83859","LATITUDINE_CENTRALE":"44.59029","LONGITUDINE_CENTRALE":"8.27062","POS_X_CENTRALE":"442105.23111","POS_Y_CENTRALE":"4937697.60522","TIPO_ADSL":"ADSL_M","DESCRIZIONE_TIPO_ADSL":"ADSL Mini","DISTANZA_CALCOLATA":"433.23","CLASSE_DISTANZA":"100-499","POTENZA_SEGNALE":"0.64","POPOLAZIONE_SEZIONE": "44"}
			},
		 		{ "type" : "Feature",
				"geometry" : {
					"type" : "Point",
					"coordinates" : [8.28656,44.57013]},
			"properties" : { "ANNO":"2010","ID_SEZIONE":"22531","ISTAT_COMUNE_SEZ":"5094","COMUNE_SEZ":"ROCCAVERANO","PROVINCIA":"AT","ID_CENTRALE":"1130","NOME_CENTRALE":"ROCCAVERANO","ISTAT_COMUNE_CENTR":"5094","COMUNE_CENTR":"ROCCAVERANO","PROVINCIA_CENTR":"AT","INDIRIZZO_CENTRALE":"CIRCONVALLAZIONE 3","LATITUDINE_SEZIONE":"44.57013","LONGITUDINE_SEZIONE":"8.28656","POS_X_SEZIONE":"443351.47864","POS_Y_SEZIONE":"4935446.34009","LATITUDINE_CENTRALE":"44.59029","LONGITUDINE_CENTRALE":"8.27062","POS_X_CENTRALE":"442105.23111","POS_Y_CENTRALE":"4937697.60522","TIPO_ADSL":"ADSL_M","DESCRIZIONE_TIPO_ADSL":"ADSL Mini","DISTANZA_CALCOLATA":"2573.19","CLASSE_DISTANZA":"2500-2899","POTENZA_SEGNALE":"0.64","POPOLAZIONE_SEZIONE": "7"}
			},
		 		{ "type" : "Feature",
				"geometry" : {
					"type" : "Point",
					"coordinates" : [8.28010,44.58803]},
			"properties" : { "ANNO":"2010","ID_SEZIONE":"24316","ISTAT_COMUNE_SEZ":"5094","COMUNE_SEZ":"ROCCAVERANO","PROVINCIA":"AT","ID_CENTRALE":"1130","NOME_CENTRALE":"ROCCAVERANO","ISTAT_COMUNE_CENTR":"5094","COMUNE_CENTR":"ROCCAVERANO","PROVINCIA_CENTR":"AT","INDIRIZZO_CENTRALE":"CIRCONVALLAZIONE 3","LATITUDINE_SEZIONE":"44.58803","LONGITUDINE_SEZIONE":"8.28010","POS_X_SEZIONE":"442855.41259","POS_Y_SEZIONE":"4937438.84236","LATITUDINE_CENTRALE":"44.59029","LONGITUDINE_CENTRALE":"8.27062","POS_X_CENTRALE":"442105.23111","POS_Y_CENTRALE":"4937697.60522","TIPO_ADSL":"ADSL_M","DESCRIZIONE_TIPO_ADSL":"ADSL Mini","DISTANZA_CALCOLATA":"793.56","CLASSE_DISTANZA":"500-899","POTENZA_SEGNALE":"0.64","POPOLAZIONE_SEZIONE": "27"}
			},
		 		{ "type" : "Feature",
				"geometry" : {
					"type" : "Point",
					"coordinates" : [8.27344,44.57705]},
			"properties" : { "ANNO":"2010","ID_SEZIONE":"26774","ISTAT_COMUNE_SEZ":"5094","COMUNE_SEZ":"ROCCAVERANO","PROVINCIA":"AT","ID_CENTRALE":"1130","NOME_CENTRALE":"ROCCAVERANO","ISTAT_COMUNE_CENTR":"5094","COMUNE_CENTR":"ROCCAVERANO","PROVINCIA_CENTR":"AT","INDIRIZZO_CENTRALE":"CIRCONVALLAZIONE 3","LATITUDINE_SEZIONE":"44.57705","LONGITUDINE_SEZIONE":"8.27344","POS_X_SEZIONE":"442316.20184","POS_Y_SEZIONE":"4936224.33689","LATITUDINE_CENTRALE":"44.59029","LONGITUDINE_CENTRALE":"8.27062","POS_X_CENTRALE":"442105.23111","POS_Y_CENTRALE":"4937697.60522","TIPO_ADSL":"ADSL_M","DESCRIZIONE_TIPO_ADSL":"ADSL Mini","DISTANZA_CALCOLATA":"1488.3","CLASSE_DISTANZA":"1300-1699","POTENZA_SEGNALE":"0.64","POPOLAZIONE_SEZIONE": "7"}
			},
		 		{ "type" : "Feature",
				"geometry" : {
					"type" : "Point",
					"coordinates" : [8.29493,44.60334]},
			"properties" : { "ANNO":"2010","ID_SEZIONE":"28824","ISTAT_COMUNE_SEZ":"5094","COMUNE_SEZ":"ROCCAVERANO","PROVINCIA":"AT","ID_CENTRALE":"1130","NOME_CENTRALE":"ROCCAVERANO","ISTAT_COMUNE_CENTR":"5094","COMUNE_CENTR":"ROCCAVERANO","PROVINCIA_CENTR":"AT","INDIRIZZO_CENTRALE":"CIRCONVALLAZIONE 3","LATITUDINE_SEZIONE":"44.60334","LONGITUDINE_SEZIONE":"8.29493","POS_X_SEZIONE":"444047.91179","POS_Y_SEZIONE":"4939129.85958","LATITUDINE_CENTRALE":"44.59029","LONGITUDINE_CENTRALE":"8.27062","POS_X_CENTRALE":"442105.23111","POS_Y_CENTRALE":"4937697.60522","TIPO_ADSL":"ADSL_M","DESCRIZIONE_TIPO_ADSL":"ADSL Mini","DISTANZA_CALCOLATA":"2413.58","CLASSE_DISTANZA":"2100-2499","POTENZA_SEGNALE":"0.64","POPOLAZIONE_SEZIONE": "13"}
			},
		 		{ "type" : "Feature",
				"geometry" : {
					"type" : "Point",
					"coordinates" : [8.31798,44.61492]},
			"properties" : { "ANNO":"2010","ID_SEZIONE":"30281","ISTAT_COMUNE_SEZ":"5094","COMUNE_SEZ":"ROCCAVERANO","PROVINCIA":"AT","ID_CENTRALE":"1130","NOME_CENTRALE":"ROCCAVERANO","ISTAT_COMUNE_CENTR":"5094","COMUNE_CENTR":"ROCCAVERANO","PROVINCIA_CENTR":"AT","INDIRIZZO_CENTRALE":"CIRCONVALLAZIONE 3","LATITUDINE_SEZIONE":"44.61492","LONGITUDINE_SEZIONE":"8.31798","POS_X_SEZIONE":"445887.53189","POS_Y_SEZIONE":"4940400.87859","LATITUDINE_CENTRALE":"44.59029","LONGITUDINE_CENTRALE":"8.27062","POS_X_CENTRALE":"442105.23111","POS_Y_CENTRALE":"4937697.60522","TIPO_ADSL":"ADSL_M","DESCRIZIONE_TIPO_ADSL":"ADSL Mini","DISTANZA_CALCOLATA":"4649.03","CLASSE_DISTANZA":"4500-4899","POTENZA_SEGNALE":"0.00","POPOLAZIONE_SEZIONE": "9"}
			},
		 		{ "type" : "Feature",
				"geometry" : {
					"type" : "Point",
					"coordinates" : [8.28685,44.59378]},
			"properties" : { "ANNO":"2010","ID_SEZIONE":"30282","ISTAT_COMUNE_SEZ":"5094","COMUNE_SEZ":"ROCCAVERANO","PROVINCIA":"AT","ID_CENTRALE":"1130","NOME_CENTRALE":"ROCCAVERANO","ISTAT_COMUNE_CENTR":"5094","COMUNE_CENTR":"ROCCAVERANO","PROVINCIA_CENTR":"AT","INDIRIZZO_CENTRALE":"CIRCONVALLAZIONE 3","LATITUDINE_SEZIONE":"44.59378","LONGITUDINE_SEZIONE":"8.28685","POS_X_SEZIONE":"443396.69951","POS_Y_SEZIONE":"4938073.84934","LATITUDINE_CENTRALE":"44.59029","LONGITUDINE_CENTRALE":"8.27062","POS_X_CENTRALE":"442105.23111","POS_Y_CENTRALE":"4937697.60522","TIPO_ADSL":"ADSL_M","DESCRIZIONE_TIPO_ADSL":"ADSL Mini","DISTANZA_CALCOLATA":"1345.16","CLASSE_DISTANZA":"1300-1699","POTENZA_SEGNALE":"0.64","POPOLAZIONE_SEZIONE": "8"}
			},
		 		{ "type" : "Feature",
				"geometry" : {
					"type" : "Point",
					"coordinates" : [8.25314,44.58212]},
			"properties" : { "ANNO":"2010","ID_SEZIONE":"30894","ISTAT_COMUNE_SEZ":"5081","COMUNE_SEZ":"OLMO GENTILE","PROVINCIA":"AT","ID_CENTRALE":"1130","NOME_CENTRALE":"ROCCAVERANO","ISTAT_COMUNE_CENTR":"5094","COMUNE_CENTR":"ROCCAVERANO","PROVINCIA_CENTR":"AT","INDIRIZZO_CENTRALE":"CIRCONVALLAZIONE 3","LATITUDINE_SEZIONE":"44.58212","LONGITUDINE_SEZIONE":"8.25314","POS_X_SEZIONE":"440709.94213","POS_Y_SEZIONE":"4936802.33062","LATITUDINE_CENTRALE":"44.59029","LONGITUDINE_CENTRALE":"8.27062","POS_X_CENTRALE":"442105.23111","POS_Y_CENTRALE":"4937697.60522","TIPO_ADSL":"ADSL_M","DESCRIZIONE_TIPO_ADSL":"ADSL Mini","DISTANZA_CALCOLATA":"1657.81","CLASSE_DISTANZA":"1300-1699","POTENZA_SEGNALE":"0.64","POPOLAZIONE_SEZIONE": "14"}
			},
		 		{ "type" : "Feature",
				"geometry" : {
					"type" : "Point",
					"coordinates" : [8.24639,44.58967]},
			"properties" : { "ANNO":"2010","ID_SEZIONE":"31282","ISTAT_COMUNE_SEZ":"5081","COMUNE_SEZ":"OLMO GENTILE","PROVINCIA":"AT","ID_CENTRALE":"1130","NOME_CENTRALE":"ROCCAVERANO","ISTAT_COMUNE_CENTR":"5094","COMUNE_CENTR":"ROCCAVERANO","PROVINCIA_CENTR":"AT","INDIRIZZO_CENTRALE":"CIRCONVALLAZIONE 3","LATITUDINE_SEZIONE":"44.58967","LONGITUDINE_SEZIONE":"8.24639","POS_X_SEZIONE":"440181.55915","POS_Y_SEZIONE":"4937645.83116","LATITUDINE_CENTRALE":"44.59029","LONGITUDINE_CENTRALE":"8.27062","POS_X_CENTRALE":"442105.23111","POS_Y_CENTRALE":"4937697.60522","TIPO_ADSL":"ADSL_M","DESCRIZIONE_TIPO_ADSL":"ADSL Mini","DISTANZA_CALCOLATA":"1924.37","CLASSE_DISTANZA":"1700-2099","POTENZA_SEGNALE":"0.64","POPOLAZIONE_SEZIONE": "43"}
			}
		 		]
	}
		