 	{ "type" : "FeatureCollection",
		"features" : [
		 		{ "type" : "Feature",
				"geometry" : {
					"type" : "Point",
					"coordinates" : [8.73357,45.43262]},
			"properties" : { "ANNO":"2010","ID_SEZIONE":"2250","ISTAT_COMUNE_SEZ":"3149","COMUNE_SEZ":"TRECATE","PROVINCIA":"NO","ID_CENTRALE":"1524","NOME_CENTRALE":"TRECATE","ISTAT_COMUNE_CENTR":"3149","COMUNE_CENTR":"TRECATE","PROVINCIA_CENTR":"NO","INDIRIZZO_CENTRALE":"ADUA 97","LATITUDINE_SEZIONE":"45.43262","LONGITUDINE_SEZIONE":"8.73357","POS_X_SEZIONE":"479159.83656","POS_Y_SEZIONE":"5031044.92296","LATITUDINE_CENTRALE":"45.43204","LONGITUDINE_CENTRALE":"8.73752","POS_X_CENTRALE":"479468.46596","POS_Y_CENTRALE":"5030979.78486","TIPO_ADSL":"ADSL_2P","DESCRIZIONE_TIPO_ADSL":"ADSL 2+ (24 mega)","DISTANZA_CALCOLATA":"315.43","CLASSE_DISTANZA":"100-499","POTENZA_SEGNALE":"19761.67","POPOLAZIONE_SEZIONE": "506"}
			},
		 		{ "type" : "Feature",
				"geometry" : {
					"type" : "Point",
					"coordinates" : [8.73472,45.43122]},
			"properties" : { "ANNO":"2010","ID_SEZIONE":"2253","ISTAT_COMUNE_SEZ":"3149","COMUNE_SEZ":"TRECATE","PROVINCIA":"NO","ID_CENTRALE":"1524","NOME_CENTRALE":"TRECATE","ISTAT_COMUNE_CENTR":"3149","COMUNE_CENTR":"TRECATE","PROVINCIA_CENTR":"NO","INDIRIZZO_CENTRALE":"ADUA 97","LATITUDINE_SEZIONE":"45.43122","LONGITUDINE_SEZIONE":"8.73472","POS_X_SEZIONE":"479249.02492","POS_Y_SEZIONE":"5030889.42600","LATITUDINE_CENTRALE":"45.43204","LONGITUDINE_CENTRALE":"8.73752","POS_X_CENTRALE":"479468.46596","POS_Y_CENTRALE":"5030979.78486","TIPO_ADSL":"ADSL_2P","DESCRIZIONE_TIPO_ADSL":"ADSL 2+ (24 mega)","DISTANZA_CALCOLATA":"237.32","CLASSE_DISTANZA":"100-499","POTENZA_SEGNALE":"19761.67","POPOLAZIONE_SEZIONE": "366"}
			},
		 		{ "type" : "Feature",
				"geometry" : {
					"type" : "Point",
					"coordinates" : [8.74258,45.43533]},
			"properties" : { "ANNO":"2010","ID_SEZIONE":"3968","ISTAT_COMUNE_SEZ":"3149","COMUNE_SEZ":"TRECATE","PROVINCIA":"NO","ID_CENTRALE":"1524","NOME_CENTRALE":"TRECATE","ISTAT_COMUNE_CENTR":"3149","COMUNE_CENTR":"TRECATE","PROVINCIA_CENTR":"NO","INDIRIZZO_CENTRALE":"ADUA 97","LATITUDINE_SEZIONE":"45.43533","LONGITUDINE_SEZIONE":"8.74258","POS_X_SEZIONE":"479865.33468","POS_Y_SEZIONE":"5031343.92840","LATITUDINE_CENTRALE":"45.43204","LONGITUDINE_CENTRALE":"8.73752","POS_X_CENTRALE":"479468.46596","POS_Y_CENTRALE":"5030979.78486","TIPO_ADSL":"ADSL_2P","DESCRIZIONE_TIPO_ADSL":"ADSL 2+ (24 mega)","DISTANZA_CALCOLATA":"538.61","CLASSE_DISTANZA":"500-899","POTENZA_SEGNALE":"19523.33","POPOLAZIONE_SEZIONE": "649"}
			},
		 		{ "type" : "Feature",
				"geometry" : {
					"type" : "Point",
					"coordinates" : [8.76322,45.44513]},
			"properties" : { "ANNO":"2010","ID_SEZIONE":"4109","ISTAT_COMUNE_SEZ":"3149","COMUNE_SEZ":"TRECATE","PROVINCIA":"NO","ID_CENTRALE":"1524","NOME_CENTRALE":"TRECATE","ISTAT_COMUNE_CENTR":"3149","COMUNE_CENTR":"TRECATE","PROVINCIA_CENTR":"NO","INDIRIZZO_CENTRALE":"ADUA 97","LATITUDINE_SEZIONE":"45.44513","LONGITUDINE_SEZIONE":"8.76322","POS_X_SEZIONE":"481483.23266","POS_Y_SEZIONE":"5032427.93583","LATITUDINE_CENTRALE":"45.43204","LONGITUDINE_CENTRALE":"8.73752","POS_X_CENTRALE":"479468.46596","POS_Y_CENTRALE":"5030979.78486","TIPO_ADSL":"ADSL_2P","DESCRIZIONE_TIPO_ADSL":"ADSL 2+ (24 mega)","DISTANZA_CALCOLATA":"2481.21","CLASSE_DISTANZA":"2100-2499","POTENZA_SEGNALE":"10000","POPOLAZIONE_SEZIONE": "11"}
			},
		 		{ "type" : "Feature",
				"geometry" : {
					"type" : "Point",
					"coordinates" : [8.73004,45.43585]},
			"properties" : { "ANNO":"2010","ID_SEZIONE":"4974","ISTAT_COMUNE_SEZ":"3149","COMUNE_SEZ":"TRECATE","PROVINCIA":"NO","ID_CENTRALE":"1524","NOME_CENTRALE":"TRECATE","ISTAT_COMUNE_CENTR":"3149","COMUNE_CENTR":"TRECATE","PROVINCIA_CENTR":"NO","INDIRIZZO_CENTRALE":"ADUA 97","LATITUDINE_SEZIONE":"45.43585","LONGITUDINE_SEZIONE":"8.73004","POS_X_SEZIONE":"478884.67855","POS_Y_SEZIONE":"5031404.91528","LATITUDINE_CENTRALE":"45.43204","LONGITUDINE_CENTRALE":"8.73752","POS_X_CENTRALE":"479468.46596","POS_Y_CENTRALE":"5030979.78486","TIPO_ADSL":"ADSL_2P","DESCRIZIONE_TIPO_ADSL":"ADSL 2+ (24 mega)","DISTANZA_CALCOLATA":"722.18","CLASSE_DISTANZA":"500-899","POTENZA_SEGNALE":"19523.33","POPOLAZIONE_SEZIONE": "636"}
			},
		 		{ "type" : "Feature",
				"geometry" : {
					"type" : "Point",
					"coordinates" : [8.74545,45.44737]},
			"properties" : { "ANNO":"2010","ID_SEZIONE":"5932","ISTAT_COMUNE_SEZ":"3149","COMUNE_SEZ":"TRECATE","PROVINCIA":"NO","ID_CENTRALE":"1524","NOME_CENTRALE":"TRECATE","ISTAT_COMUNE_CENTR":"3149","COMUNE_CENTR":"TRECATE","PROVINCIA_CENTR":"NO","INDIRIZZO_CENTRALE":"ADUA 97","LATITUDINE_SEZIONE":"45.44737","LONGITUDINE_SEZIONE":"8.74545","POS_X_SEZIONE":"480093.88994","POS_Y_SEZIONE":"5032680.41531","LATITUDINE_CENTRALE":"45.43204","LONGITUDINE_CENTRALE":"8.73752","POS_X_CENTRALE":"479468.46596","POS_Y_CENTRALE":"5030979.78486","TIPO_ADSL":"ADSL_2P","DESCRIZIONE_TIPO_ADSL":"ADSL 2+ (24 mega)","DISTANZA_CALCOLATA":"1811.99","CLASSE_DISTANZA":"1700-2099","POTENZA_SEGNALE":"12975.83","POPOLAZIONE_SEZIONE": ""}
			},
		 		{ "type" : "Feature",
				"geometry" : {
					"type" : "Point",
					"coordinates" : [8.72552,45.43598]},
			"properties" : { "ANNO":"2010","ID_SEZIONE":"6157","ISTAT_COMUNE_SEZ":"3149","COMUNE_SEZ":"TRECATE","PROVINCIA":"NO","ID_CENTRALE":"1524","NOME_CENTRALE":"TRECATE","ISTAT_COMUNE_CENTR":"3149","COMUNE_CENTR":"TRECATE","PROVINCIA_CENTR":"NO","INDIRIZZO_CENTRALE":"ADUA 97","LATITUDINE_SEZIONE":"45.43598","LONGITUDINE_SEZIONE":"8.72552","POS_X_SEZIONE":"478531.36578","POS_Y_SEZIONE":"5031420.41045","LATITUDINE_CENTRALE":"45.43204","LONGITUDINE_CENTRALE":"8.73752","POS_X_CENTRALE":"479468.46596","POS_Y_CENTRALE":"5030979.78486","TIPO_ADSL":"ADSL_2P","DESCRIZIONE_TIPO_ADSL":"ADSL 2+ (24 mega)","DISTANZA_CALCOLATA":"1035.52","CLASSE_DISTANZA":"900-1299","POTENZA_SEGNALE":"17737.5","POPOLAZIONE_SEZIONE": "126"}
			},
		 		{ "type" : "Feature",
				"geometry" : {
					"type" : "Point",
					"coordinates" : [8.73826,45.43446]},
			"properties" : { "ANNO":"2010","ID_SEZIONE":"7020","ISTAT_COMUNE_SEZ":"3149","COMUNE_SEZ":"TRECATE","PROVINCIA":"NO","ID_CENTRALE":"1524","NOME_CENTRALE":"TRECATE","ISTAT_COMUNE_CENTR":"3149","COMUNE_CENTR":"TRECATE","PROVINCIA_CENTR":"NO","INDIRIZZO_CENTRALE":"ADUA 97","LATITUDINE_SEZIONE":"45.43446","LONGITUDINE_SEZIONE":"8.73826","POS_X_SEZIONE":"479527.55394","POS_Y_SEZIONE":"5031248.42555","LATITUDINE_CENTRALE":"45.43204","LONGITUDINE_CENTRALE":"8.73752","POS_X_CENTRALE":"479468.46596","POS_Y_CENTRALE":"5030979.78486","TIPO_ADSL":"ADSL_2P","DESCRIZIONE_TIPO_ADSL":"ADSL 2+ (24 mega)","DISTANZA_CALCOLATA":"275.06","CLASSE_DISTANZA":"100-499","POTENZA_SEGNALE":"19761.67","POPOLAZIONE_SEZIONE": "638"}
			},
		 		{ "type" : "Feature",
				"geometry" : {
					"type" : "Point",
					"coordinates" : [8.72270,45.43169]},
			"properties" : { "ANNO":"2010","ID_SEZIONE":"9133","ISTAT_COMUNE_SEZ":"3149","COMUNE_SEZ":"TRECATE","PROVINCIA":"NO","ID_CENTRALE":"1524","NOME_CENTRALE":"TRECATE","ISTAT_COMUNE_CENTR":"3149","COMUNE_CENTR":"TRECATE","PROVINCIA_CENTR":"NO","INDIRIZZO_CENTRALE":"ADUA 97","LATITUDINE_SEZIONE":"45.43169","LONGITUDINE_SEZIONE":"8.72270","POS_X_SEZIONE":"478309.24277","POS_Y_SEZIONE":"5030944.41275","LATITUDINE_CENTRALE":"45.43204","LONGITUDINE_CENTRALE":"8.73752","POS_X_CENTRALE":"479468.46596","POS_Y_CENTRALE":"5030979.78486","TIPO_ADSL":"ADSL_2P","DESCRIZIONE_TIPO_ADSL":"ADSL 2+ (24 mega)","DISTANZA_CALCOLATA":"1159.76","CLASSE_DISTANZA":"900-1299","POTENZA_SEGNALE":"17737.5","POPOLAZIONE_SEZIONE": "696"}
			},
		 		{ "type" : "Feature",
				"geometry" : {
					"type" : "Point",
					"coordinates" : [8.72992,45.43876]},
			"properties" : { "ANNO":"2010","ID_SEZIONE":"9351","ISTAT_COMUNE_SEZ":"3149","COMUNE_SEZ":"TRECATE","PROVINCIA":"NO","ID_CENTRALE":"1524","NOME_CENTRALE":"TRECATE","ISTAT_COMUNE_CENTR":"3149","COMUNE_CENTR":"TRECATE","PROVINCIA_CENTR":"NO","INDIRIZZO_CENTRALE":"ADUA 97","LATITUDINE_SEZIONE":"45.43876","LONGITUDINE_SEZIONE":"8.72992","POS_X_SEZIONE":"478876.45787","POS_Y_SEZIONE":"5031728.91144","LATITUDINE_CENTRALE":"45.43204","LONGITUDINE_CENTRALE":"8.73752","POS_X_CENTRALE":"479468.46596","POS_Y_CENTRALE":"5030979.78486","TIPO_ADSL":"ADSL_2P","DESCRIZIONE_TIPO_ADSL":"ADSL 2+ (24 mega)","DISTANZA_CALCOLATA":"954.81","CLASSE_DISTANZA":"900-1299","POTENZA_SEGNALE":"17737.5","POPOLAZIONE_SEZIONE": "210"}
			},
		 		{ "type" : "Feature",
				"geometry" : {
					"type" : "Point",
					"coordinates" : [8.70753,45.42779]},
			"properties" : { "ANNO":"2010","ID_SEZIONE":"9745","ISTAT_COMUNE_SEZ":"3149","COMUNE_SEZ":"TRECATE","PROVINCIA":"NO","ID_CENTRALE":"1524","NOME_CENTRALE":"TRECATE","ISTAT_COMUNE_CENTR":"3149","COMUNE_CENTR":"TRECATE","PROVINCIA_CENTR":"NO","INDIRIZZO_CENTRALE":"ADUA 97","LATITUDINE_SEZIONE":"45.42779","LONGITUDINE_SEZIONE":"8.70753","POS_X_SEZIONE":"477120.93275","POS_Y_SEZIONE":"5030515.40232","LATITUDINE_CENTRALE":"45.43204","LONGITUDINE_CENTRALE":"8.73752","POS_X_CENTRALE":"479468.46596","POS_Y_CENTRALE":"5030979.78486","TIPO_ADSL":"ADSL_2P","DESCRIZIONE_TIPO_ADSL":"ADSL 2+ (24 mega)","DISTANZA_CALCOLATA":"2393.02","CLASSE_DISTANZA":"2100-2499","POTENZA_SEGNALE":"10000","POPOLAZIONE_SEZIONE": "12"}
			},
		 		{ "type" : "Feature",
				"geometry" : {
					"type" : "Point",
					"coordinates" : [8.71006,45.43345]},
			"properties" : { "ANNO":"2010","ID_SEZIONE":"11192","ISTAT_COMUNE_SEZ":"3149","COMUNE_SEZ":"TRECATE","PROVINCIA":"NO","ID_CENTRALE":"1524","NOME_CENTRALE":"TRECATE","ISTAT_COMUNE_CENTR":"3149","COMUNE_CENTR":"TRECATE","PROVINCIA_CENTR":"NO","INDIRIZZO_CENTRALE":"ADUA 97","LATITUDINE_SEZIONE":"45.43345","LONGITUDINE_SEZIONE":"8.71006","POS_X_SEZIONE":"477321.39919","POS_Y_SEZIONE":"5031144.39791","LATITUDINE_CENTRALE":"45.43204","LONGITUDINE_CENTRALE":"8.73752","POS_X_CENTRALE":"479468.46596","POS_Y_CENTRALE":"5030979.78486","TIPO_ADSL":"ADSL_2P","DESCRIZIONE_TIPO_ADSL":"ADSL 2+ (24 mega)","DISTANZA_CALCOLATA":"2153.37","CLASSE_DISTANZA":"2100-2499","POTENZA_SEGNALE":"10000","POPOLAZIONE_SEZIONE": "28"}
			},
		 		{ "type" : "Feature",
				"geometry" : {
					"type" : "Point",
					"coordinates" : [8.74914,45.43612]},
			"properties" : { "ANNO":"2010","ID_SEZIONE":"13300","ISTAT_COMUNE_SEZ":"3149","COMUNE_SEZ":"TRECATE","PROVINCIA":"NO","ID_CENTRALE":"1524","NOME_CENTRALE":"TRECATE","ISTAT_COMUNE_CENTR":"3149","COMUNE_CENTR":"TRECATE","PROVINCIA_CENTR":"NO","INDIRIZZO_CENTRALE":"ADUA 97","LATITUDINE_SEZIONE":"45.43612","LONGITUDINE_SEZIONE":"8.74914","POS_X_SEZIONE":"480378.80258","POS_Y_SEZIONE":"5031430.43439","LATITUDINE_CENTRALE":"45.43204","LONGITUDINE_CENTRALE":"8.73752","POS_X_CENTRALE":"479468.46596","POS_Y_CENTRALE":"5030979.78486","TIPO_ADSL":"ADSL_2P","DESCRIZIONE_TIPO_ADSL":"ADSL 2+ (24 mega)","DISTANZA_CALCOLATA":"1015.77","CLASSE_DISTANZA":"900-1299","POTENZA_SEGNALE":"17737.5","POPOLAZIONE_SEZIONE": "623"}
			},
		 		{ "type" : "Feature",
				"geometry" : {
					"type" : "Point",
					"coordinates" : [8.75006,45.43832]},
			"properties" : { "ANNO":"2010","ID_SEZIONE":"14698","ISTAT_COMUNE_SEZ":"3149","COMUNE_SEZ":"TRECATE","PROVINCIA":"NO","ID_CENTRALE":"1524","NOME_CENTRALE":"TRECATE","ISTAT_COMUNE_CENTR":"3149","COMUNE_CENTR":"TRECATE","PROVINCIA_CENTR":"NO","INDIRIZZO_CENTRALE":"ADUA 97","LATITUDINE_SEZIONE":"45.43832","LONGITUDINE_SEZIONE":"8.75006","POS_X_SEZIONE":"480451.36322","POS_Y_SEZIONE":"5031673.93237","LATITUDINE_CENTRALE":"45.43204","LONGITUDINE_CENTRALE":"8.73752","POS_X_CENTRALE":"479468.46596","POS_Y_CENTRALE":"5030979.78486","TIPO_ADSL":"ADSL_2P","DESCRIZIONE_TIPO_ADSL":"ADSL 2+ (24 mega)","DISTANZA_CALCOLATA":"1203.3","CLASSE_DISTANZA":"900-1299","POTENZA_SEGNALE":"17737.5","POPOLAZIONE_SEZIONE": "828"}
			},
		 		{ "type" : "Feature",
				"geometry" : {
					"type" : "Point",
					"coordinates" : [8.74224,45.43775]},
			"properties" : { "ANNO":"2010","ID_SEZIONE":"16312","ISTAT_COMUNE_SEZ":"3149","COMUNE_SEZ":"TRECATE","PROVINCIA":"NO","ID_CENTRALE":"1524","NOME_CENTRALE":"TRECATE","ISTAT_COMUNE_CENTR":"3149","COMUNE_CENTR":"TRECATE","PROVINCIA_CENTR":"NO","INDIRIZZO_CENTRALE":"ADUA 97","LATITUDINE_SEZIONE":"45.43775","LONGITUDINE_SEZIONE":"8.74224","POS_X_SEZIONE":"479839.58312","POS_Y_SEZIONE":"5031613.42523","LATITUDINE_CENTRALE":"45.43204","LONGITUDINE_CENTRALE":"8.73752","POS_X_CENTRALE":"479468.46596","POS_Y_CENTRALE":"5030979.78486","TIPO_ADSL":"ADSL_2P","DESCRIZIONE_TIPO_ADSL":"ADSL 2+ (24 mega)","DISTANZA_CALCOLATA":"734.32","CLASSE_DISTANZA":"500-899","POTENZA_SEGNALE":"19523.33","POPOLAZIONE_SEZIONE": "582"}
			},
		 		{ "type" : "Feature",
				"geometry" : {
					"type" : "Point",
					"coordinates" : [8.76826,45.43990]},
			"properties" : { "ANNO":"2010","ID_SEZIONE":"16949","ISTAT_COMUNE_SEZ":"3149","COMUNE_SEZ":"TRECATE","PROVINCIA":"NO","ID_CENTRALE":"1524","NOME_CENTRALE":"TRECATE","ISTAT_COMUNE_CENTR":"3149","COMUNE_CENTR":"TRECATE","PROVINCIA_CENTR":"NO","INDIRIZZO_CENTRALE":"ADUA 97","LATITUDINE_SEZIONE":"45.43990","LONGITUDINE_SEZIONE":"8.76826","POS_X_SEZIONE":"481875.39343","POS_Y_SEZIONE":"5031845.44827","LATITUDINE_CENTRALE":"45.43204","LONGITUDINE_CENTRALE":"8.73752","POS_X_CENTRALE":"479468.46596","POS_Y_CENTRALE":"5030979.78486","TIPO_ADSL":"ADSL_2P","DESCRIZIONE_TIPO_ADSL":"ADSL 2+ (24 mega)","DISTANZA_CALCOLATA":"2557.86","CLASSE_DISTANZA":"2500-2899","POTENZA_SEGNALE":"7380.83","POPOLAZIONE_SEZIONE": "20"}
			},
		 		{ "type" : "Feature",
				"geometry" : {
					"type" : "Point",
					"coordinates" : [8.73739,45.43170]},
			"properties" : { "ANNO":"2010","ID_SEZIONE":"16954","ISTAT_COMUNE_SEZ":"3149","COMUNE_SEZ":"TRECATE","PROVINCIA":"NO","ID_CENTRALE":"1524","NOME_CENTRALE":"TRECATE","ISTAT_COMUNE_CENTR":"3149","COMUNE_CENTR":"TRECATE","PROVINCIA_CENTR":"NO","INDIRIZZO_CENTRALE":"ADUA 97","LATITUDINE_SEZIONE":"45.43170","LONGITUDINE_SEZIONE":"8.73739","POS_X_SEZIONE":"479458.05557","POS_Y_SEZIONE":"5030941.92802","LATITUDINE_CENTRALE":"45.43204","LONGITUDINE_CENTRALE":"8.73752","POS_X_CENTRALE":"479468.46596","POS_Y_CENTRALE":"5030979.78486","TIPO_ADSL":"ADSL_2P","DESCRIZIONE_TIPO_ADSL":"ADSL 2+ (24 mega)","DISTANZA_CALCOLATA":"39.26","CLASSE_DISTANZA":"0-99","POTENZA_SEGNALE":"19761.67","POPOLAZIONE_SEZIONE": "501"}
			},
		 		{ "type" : "Feature",
				"geometry" : {
					"type" : "Point",
					"coordinates" : [8.74092,45.44073]},
			"properties" : { "ANNO":"2010","ID_SEZIONE":"17397","ISTAT_COMUNE_SEZ":"3149","COMUNE_SEZ":"TRECATE","PROVINCIA":"NO","ID_CENTRALE":"1524","NOME_CENTRALE":"TRECATE","ISTAT_COMUNE_CENTR":"3149","COMUNE_CENTR":"TRECATE","PROVINCIA_CENTR":"NO","INDIRIZZO_CENTRALE":"ADUA 97","LATITUDINE_SEZIONE":"45.44073","LONGITUDINE_SEZIONE":"8.74092","POS_X_SEZIONE":"479737.48725","POS_Y_SEZIONE":"5031943.91970","LATITUDINE_CENTRALE":"45.43204","LONGITUDINE_CENTRALE":"8.73752","POS_X_CENTRALE":"479468.46596","POS_Y_CENTRALE":"5030979.78486","TIPO_ADSL":"ADSL_2P","DESCRIZIONE_TIPO_ADSL":"ADSL 2+ (24 mega)","DISTANZA_CALCOLATA":"1000.96","CLASSE_DISTANZA":"900-1299","POTENZA_SEGNALE":"17737.5","POPOLAZIONE_SEZIONE": "256"}
			},
		 		{ "type" : "Feature",
				"geometry" : {
					"type" : "Point",
					"coordinates" : [8.72178,45.44116]},
			"properties" : { "ANNO":"2010","ID_SEZIONE":"17648","ISTAT_COMUNE_SEZ":"3149","COMUNE_SEZ":"TRECATE","PROVINCIA":"NO","ID_CENTRALE":"1524","NOME_CENTRALE":"TRECATE","ISTAT_COMUNE_CENTR":"3149","COMUNE_CENTR":"TRECATE","PROVINCIA_CENTR":"NO","INDIRIZZO_CENTRALE":"ADUA 97","LATITUDINE_SEZIONE":"45.44116","LONGITUDINE_SEZIONE":"8.72178","POS_X_SEZIONE":"478240.83240","POS_Y_SEZIONE":"5031997.40015","LATITUDINE_CENTRALE":"45.43204","LONGITUDINE_CENTRALE":"8.73752","POS_X_CENTRALE":"479468.46596","POS_Y_CENTRALE":"5030979.78486","TIPO_ADSL":"ADSL_2P","DESCRIZIONE_TIPO_ADSL":"ADSL 2+ (24 mega)","DISTANZA_CALCOLATA":"1594.56","CLASSE_DISTANZA":"1300-1699","POTENZA_SEGNALE":"16071.67","POPOLAZIONE_SEZIONE": "4"}
			},
		 		{ "type" : "Feature",
				"geometry" : {
					"type" : "Point",
					"coordinates" : [8.74120,45.42963]},
			"properties" : { "ANNO":"2010","ID_SEZIONE":"18483","ISTAT_COMUNE_SEZ":"3149","COMUNE_SEZ":"TRECATE","PROVINCIA":"NO","ID_CENTRALE":"1524","NOME_CENTRALE":"TRECATE","ISTAT_COMUNE_CENTR":"3149","COMUNE_CENTR":"TRECATE","PROVINCIA_CENTR":"NO","INDIRIZZO_CENTRALE":"ADUA 97","LATITUDINE_SEZIONE":"45.42963","LONGITUDINE_SEZIONE":"8.74120","POS_X_SEZIONE":"479755.71292","POS_Y_SEZIONE":"5030710.93461","LATITUDINE_CENTRALE":"45.43204","LONGITUDINE_CENTRALE":"8.73752","POS_X_CENTRALE":"479468.46596","POS_Y_CENTRALE":"5030979.78486","TIPO_ADSL":"ADSL_2P","DESCRIZIONE_TIPO_ADSL":"ADSL 2+ (24 mega)","DISTANZA_CALCOLATA":"393.44","CLASSE_DISTANZA":"100-499","POTENZA_SEGNALE":"19761.67","POPOLAZIONE_SEZIONE": "375"}
			},
		 		{ "type" : "Feature",
				"geometry" : {
					"type" : "Point",
					"coordinates" : [8.74107,45.41618]},
			"properties" : { "ANNO":"2010","ID_SEZIONE":"19022","ISTAT_COMUNE_SEZ":"3149","COMUNE_SEZ":"TRECATE","PROVINCIA":"NO","ID_CENTRALE":"1524","NOME_CENTRALE":"TRECATE","ISTAT_COMUNE_CENTR":"3149","COMUNE_CENTR":"TRECATE","PROVINCIA_CENTR":"NO","INDIRIZZO_CENTRALE":"ADUA 97","LATITUDINE_SEZIONE":"45.41618","LONGITUDINE_SEZIONE":"8.74107","POS_X_SEZIONE":"479740.25205","POS_Y_SEZIONE":"5029216.95240","LATITUDINE_CENTRALE":"45.43204","LONGITUDINE_CENTRALE":"8.73752","POS_X_CENTRALE":"479468.46596","POS_Y_CENTRALE":"5030979.78486","TIPO_ADSL":"ADSL_2P","DESCRIZIONE_TIPO_ADSL":"ADSL 2+ (24 mega)","DISTANZA_CALCOLATA":"1783.66","CLASSE_DISTANZA":"1700-2099","POTENZA_SEGNALE":"12975.83","POPOLAZIONE_SEZIONE": ""}
			},
		 		{ "type" : "Feature",
				"geometry" : {
					"type" : "Point",
					"coordinates" : [8.75313,45.43352]},
			"properties" : { "ANNO":"2010","ID_SEZIONE":"22054","ISTAT_COMUNE_SEZ":"3149","COMUNE_SEZ":"TRECATE","PROVINCIA":"NO","ID_CENTRALE":"1524","NOME_CENTRALE":"TRECATE","ISTAT_COMUNE_CENTR":"3149","COMUNE_CENTR":"TRECATE","PROVINCIA_CENTR":"NO","INDIRIZZO_CENTRALE":"ADUA 97","LATITUDINE_SEZIONE":"45.43352","LONGITUDINE_SEZIONE":"8.75313","POS_X_SEZIONE":"480689.92962","POS_Y_SEZIONE":"5031140.94191","LATITUDINE_CENTRALE":"45.43204","LONGITUDINE_CENTRALE":"8.73752","POS_X_CENTRALE":"479468.46596","POS_Y_CENTRALE":"5030979.78486","TIPO_ADSL":"ADSL_2P","DESCRIZIONE_TIPO_ADSL":"ADSL 2+ (24 mega)","DISTANZA_CALCOLATA":"1232.05","CLASSE_DISTANZA":"900-1299","POTENZA_SEGNALE":"17737.5","POPOLAZIONE_SEZIONE": "354"}
			},
		 		{ "type" : "Feature",
				"geometry" : {
					"type" : "Point",
					"coordinates" : [8.73712,45.42980]},
			"properties" : { "ANNO":"2010","ID_SEZIONE":"22055","ISTAT_COMUNE_SEZ":"3149","COMUNE_SEZ":"TRECATE","PROVINCIA":"NO","ID_CENTRALE":"1524","NOME_CENTRALE":"TRECATE","ISTAT_COMUNE_CENTR":"3149","COMUNE_CENTR":"TRECATE","PROVINCIA_CENTR":"NO","INDIRIZZO_CENTRALE":"ADUA 97","LATITUDINE_SEZIONE":"45.42980","LONGITUDINE_SEZIONE":"8.73712","POS_X_SEZIONE":"479436.36879","POS_Y_SEZIONE":"5030731.43048","LATITUDINE_CENTRALE":"45.43204","LONGITUDINE_CENTRALE":"8.73752","POS_X_CENTRALE":"479468.46596","POS_Y_CENTRALE":"5030979.78486","TIPO_ADSL":"ADSL_2P","DESCRIZIONE_TIPO_ADSL":"ADSL 2+ (24 mega)","DISTANZA_CALCOLATA":"250.42","CLASSE_DISTANZA":"100-499","POTENZA_SEGNALE":"19761.67","POPOLAZIONE_SEZIONE": "428"}
			},
		 		{ "type" : "Feature",
				"geometry" : {
					"type" : "Point",
					"coordinates" : [8.72009,45.41950]},
			"properties" : { "ANNO":"2010","ID_SEZIONE":"22388","ISTAT_COMUNE_SEZ":"3149","COMUNE_SEZ":"TRECATE","PROVINCIA":"NO","ID_CENTRALE":"1524","NOME_CENTRALE":"TRECATE","ISTAT_COMUNE_CENTR":"3149","COMUNE_CENTR":"TRECATE","PROVINCIA_CENTR":"NO","INDIRIZZO_CENTRALE":"ADUA 97","LATITUDINE_SEZIONE":"45.41950","LONGITUDINE_SEZIONE":"8.72009","POS_X_SEZIONE":"478099.96789","POS_Y_SEZIONE":"5029591.42562","LATITUDINE_CENTRALE":"45.43204","LONGITUDINE_CENTRALE":"8.73752","POS_X_CENTRALE":"479468.46596","POS_Y_CENTRALE":"5030979.78486","TIPO_ADSL":"ADSL_2P","DESCRIZIONE_TIPO_ADSL":"ADSL 2+ (24 mega)","DISTANZA_CALCOLATA":"1949.44","CLASSE_DISTANZA":"1700-2099","POTENZA_SEGNALE":"12975.83","POPOLAZIONE_SEZIONE": "3"}
			},
		 		{ "type" : "Feature",
				"geometry" : {
					"type" : "Point",
					"coordinates" : [8.74287,45.43141]},
			"properties" : { "ANNO":"2010","ID_SEZIONE":"24107","ISTAT_COMUNE_SEZ":"3149","COMUNE_SEZ":"TRECATE","PROVINCIA":"NO","ID_CENTRALE":"1524","NOME_CENTRALE":"TRECATE","ISTAT_COMUNE_CENTR":"3149","COMUNE_CENTR":"TRECATE","PROVINCIA_CENTR":"NO","INDIRIZZO_CENTRALE":"ADUA 97","LATITUDINE_SEZIONE":"45.43141","LONGITUDINE_SEZIONE":"8.74287","POS_X_SEZIONE":"479886.74293","POS_Y_SEZIONE":"5030908.43400","LATITUDINE_CENTRALE":"45.43204","LONGITUDINE_CENTRALE":"8.73752","POS_X_CENTRALE":"479468.46596","POS_Y_CENTRALE":"5030979.78486","TIPO_ADSL":"ADSL_2P","DESCRIZIONE_TIPO_ADSL":"ADSL 2+ (24 mega)","DISTANZA_CALCOLATA":"424.32","CLASSE_DISTANZA":"100-499","POTENZA_SEGNALE":"19761.67","POPOLAZIONE_SEZIONE": "249"}
			},
		 		{ "type" : "Feature",
				"geometry" : {
					"type" : "Point",
					"coordinates" : [8.75647,45.43842]},
			"properties" : { "ANNO":"2010","ID_SEZIONE":"24694","ISTAT_COMUNE_SEZ":"3149","COMUNE_SEZ":"TRECATE","PROVINCIA":"NO","ID_CENTRALE":"1524","NOME_CENTRALE":"TRECATE","ISTAT_COMUNE_CENTR":"3149","COMUNE_CENTR":"TRECATE","PROVINCIA_CENTR":"NO","INDIRIZZO_CENTRALE":"ADUA 97","LATITUDINE_SEZIONE":"45.43842","LONGITUDINE_SEZIONE":"8.75647","POS_X_SEZIONE":"480953.39509","POS_Y_SEZIONE":"5031684.43861","LATITUDINE_CENTRALE":"45.43204","LONGITUDINE_CENTRALE":"8.73752","POS_X_CENTRALE":"479468.46596","POS_Y_CENTRALE":"5030979.78486","TIPO_ADSL":"ADSL_2P","DESCRIZIONE_TIPO_ADSL":"ADSL 2+ (24 mega)","DISTANZA_CALCOLATA":"1643.64","CLASSE_DISTANZA":"1300-1699","POTENZA_SEGNALE":"16071.67","POPOLAZIONE_SEZIONE": "47"}
			},
		 		{ "type" : "Feature",
				"geometry" : {
					"type" : "Point",
					"coordinates" : [8.75486,45.42458]},
			"properties" : { "ANNO":"2010","ID_SEZIONE":"24941","ISTAT_COMUNE_SEZ":"3149","COMUNE_SEZ":"TRECATE","PROVINCIA":"NO","ID_CENTRALE":"1524","NOME_CENTRALE":"TRECATE","ISTAT_COMUNE_CENTR":"3149","COMUNE_CENTR":"TRECATE","PROVINCIA_CENTR":"NO","INDIRIZZO_CENTRALE":"ADUA 97","LATITUDINE_SEZIONE":"45.42458","LONGITUDINE_SEZIONE":"8.75486","POS_X_SEZIONE":"480822.27957","POS_Y_SEZIONE":"5030146.45563","LATITUDINE_CENTRALE":"45.43204","LONGITUDINE_CENTRALE":"8.73752","POS_X_CENTRALE":"479468.46596","POS_Y_CENTRALE":"5030979.78486","TIPO_ADSL":"ADSL_2P","DESCRIZIONE_TIPO_ADSL":"ADSL 2+ (24 mega)","DISTANZA_CALCOLATA":"1589.73","CLASSE_DISTANZA":"1300-1699","POTENZA_SEGNALE":"16071.67","POPOLAZIONE_SEZIONE": ""}
			},
		 		{ "type" : "Feature",
				"geometry" : {
					"type" : "Point",
					"coordinates" : [8.72592,45.42761]},
			"properties" : { "ANNO":"2010","ID_SEZIONE":"24944","ISTAT_COMUNE_SEZ":"3149","COMUNE_SEZ":"TRECATE","PROVINCIA":"NO","ID_CENTRALE":"1524","NOME_CENTRALE":"TRECATE","ISTAT_COMUNE_CENTR":"3149","COMUNE_CENTR":"TRECATE","PROVINCIA_CENTR":"NO","INDIRIZZO_CENTRALE":"ADUA 97","LATITUDINE_SEZIONE":"45.42761","LONGITUDINE_SEZIONE":"8.72592","POS_X_SEZIONE":"478559.43311","POS_Y_SEZIONE":"5030490.92155","LATITUDINE_CENTRALE":"45.43204","LONGITUDINE_CENTRALE":"8.73752","POS_X_CENTRALE":"479468.46596","POS_Y_CENTRALE":"5030979.78486","TIPO_ADSL":"ADSL_2P","DESCRIZIONE_TIPO_ADSL":"ADSL 2+ (24 mega)","DISTANZA_CALCOLATA":"1032.15","CLASSE_DISTANZA":"900-1299","POTENZA_SEGNALE":"17737.5","POPOLAZIONE_SEZIONE": "394"}
			},
		 		{ "type" : "Feature",
				"geometry" : {
					"type" : "Point",
					"coordinates" : [8.74620,45.42957]},
			"properties" : { "ANNO":"2010","ID_SEZIONE":"25214","ISTAT_COMUNE_SEZ":"3149","COMUNE_SEZ":"TRECATE","PROVINCIA":"NO","ID_CENTRALE":"1524","NOME_CENTRALE":"TRECATE","ISTAT_COMUNE_CENTR":"3149","COMUNE_CENTR":"TRECATE","PROVINCIA_CENTR":"NO","INDIRIZZO_CENTRALE":"ADUA 97","LATITUDINE_SEZIONE":"45.42957","LONGITUDINE_SEZIONE":"8.74620","POS_X_SEZIONE":"480146.90088","POS_Y_SEZIONE":"5030702.93973","LATITUDINE_CENTRALE":"45.43204","LONGITUDINE_CENTRALE":"8.73752","POS_X_CENTRALE":"479468.46596","POS_Y_CENTRALE":"5030979.78486","TIPO_ADSL":"ADSL_2P","DESCRIZIONE_TIPO_ADSL":"ADSL 2+ (24 mega)","DISTANZA_CALCOLATA":"732.75","CLASSE_DISTANZA":"500-899","POTENZA_SEGNALE":"19523.33","POPOLAZIONE_SEZIONE": "223"}
			},
		 		{ "type" : "Feature",
				"geometry" : {
					"type" : "Point",
					"coordinates" : [8.71998,45.43396]},
			"properties" : { "ANNO":"2010","ID_SEZIONE":"25614","ISTAT_COMUNE_SEZ":"3149","COMUNE_SEZ":"TRECATE","PROVINCIA":"NO","ID_CENTRALE":"1524","NOME_CENTRALE":"TRECATE","ISTAT_COMUNE_CENTR":"3149","COMUNE_CENTR":"TRECATE","PROVINCIA_CENTR":"NO","INDIRIZZO_CENTRALE":"ADUA 97","LATITUDINE_SEZIONE":"45.43396","LONGITUDINE_SEZIONE":"8.71998","POS_X_SEZIONE":"478097.33570","POS_Y_SEZIONE":"5031197.40731","LATITUDINE_CENTRALE":"45.43204","LONGITUDINE_CENTRALE":"8.73752","POS_X_CENTRALE":"479468.46596","POS_Y_CENTRALE":"5030979.78486","TIPO_ADSL":"ADSL_2P","DESCRIZIONE_TIPO_ADSL":"ADSL 2+ (24 mega)","DISTANZA_CALCOLATA":"1388.29","CLASSE_DISTANZA":"1300-1699","POTENZA_SEGNALE":"16071.67","POPOLAZIONE_SEZIONE": "305"}
			},
		 		{ "type" : "Feature",
				"geometry" : {
					"type" : "Point",
					"coordinates" : [8.73943,45.42700]},
			"properties" : { "ANNO":"2010","ID_SEZIONE":"25841","ISTAT_COMUNE_SEZ":"3149","COMUNE_SEZ":"TRECATE","PROVINCIA":"NO","ID_CENTRALE":"1524","NOME_CENTRALE":"TRECATE","ISTAT_COMUNE_CENTR":"3149","COMUNE_CENTR":"TRECATE","PROVINCIA_CENTR":"NO","INDIRIZZO_CENTRALE":"ADUA 97","LATITUDINE_SEZIONE":"45.42700","LONGITUDINE_SEZIONE":"8.73943","POS_X_SEZIONE":"479616.52776","POS_Y_SEZIONE":"5030418.93640","LATITUDINE_CENTRALE":"45.43204","LONGITUDINE_CENTRALE":"8.73752","POS_X_CENTRALE":"479468.46596","POS_Y_CENTRALE":"5030979.78486","TIPO_ADSL":"ADSL_2P","DESCRIZIONE_TIPO_ADSL":"ADSL 2+ (24 mega)","DISTANZA_CALCOLATA":"580.06","CLASSE_DISTANZA":"500-899","POTENZA_SEGNALE":"19523.33","POPOLAZIONE_SEZIONE": "597"}
			},
		 		{ "type" : "Feature",
				"geometry" : {
					"type" : "Point",
					"coordinates" : [8.74523,45.43891]},
			"properties" : { "ANNO":"2010","ID_SEZIONE":"27064","ISTAT_COMUNE_SEZ":"3149","COMUNE_SEZ":"TRECATE","PROVINCIA":"NO","ID_CENTRALE":"1524","NOME_CENTRALE":"TRECATE","ISTAT_COMUNE_CENTR":"3149","COMUNE_CENTR":"TRECATE","PROVINCIA_CENTR":"NO","INDIRIZZO_CENTRALE":"ADUA 97","LATITUDINE_SEZIONE":"45.43891","LONGITUDINE_SEZIONE":"8.74523","POS_X_SEZIONE":"480073.98799","POS_Y_SEZIONE":"5031741.42677","LATITUDINE_CENTRALE":"45.43204","LONGITUDINE_CENTRALE":"8.73752","POS_X_CENTRALE":"479468.46596","POS_Y_CENTRALE":"5030979.78486","TIPO_ADSL":"ADSL_2P","DESCRIZIONE_TIPO_ADSL":"ADSL 2+ (24 mega)","DISTANZA_CALCOLATA":"973.01","CLASSE_DISTANZA":"900-1299","POTENZA_SEGNALE":"17737.5","POPOLAZIONE_SEZIONE": "615"}
			},
		 		{ "type" : "Feature",
				"geometry" : {
					"type" : "Point",
					"coordinates" : [8.74001,45.43235]},
			"properties" : { "ANNO":"2010","ID_SEZIONE":"27065","ISTAT_COMUNE_SEZ":"3149","COMUNE_SEZ":"TRECATE","PROVINCIA":"NO","ID_CENTRALE":"1524","NOME_CENTRALE":"TRECATE","ISTAT_COMUNE_CENTR":"3149","COMUNE_CENTR":"TRECATE","PROVINCIA_CENTR":"NO","INDIRIZZO_CENTRALE":"ADUA 97","LATITUDINE_SEZIONE":"45.43235","LONGITUDINE_SEZIONE":"8.74001","POS_X_SEZIONE":"479663.52424","POS_Y_SEZIONE":"5031013.42984","LATITUDINE_CENTRALE":"45.43204","LONGITUDINE_CENTRALE":"8.73752","POS_X_CENTRALE":"479468.46596","POS_Y_CENTRALE":"5030979.78486","TIPO_ADSL":"ADSL_2P","DESCRIZIONE_TIPO_ADSL":"ADSL 2+ (24 mega)","DISTANZA_CALCOLATA":"197.94","CLASSE_DISTANZA":"100-499","POTENZA_SEGNALE":"19761.67","POPOLAZIONE_SEZIONE": "652"}
			},
		 		{ "type" : "Feature",
				"geometry" : {
					"type" : "Point",
					"coordinates" : [8.73285,45.42988]},
			"properties" : { "ANNO":"2010","ID_SEZIONE":"27714","ISTAT_COMUNE_SEZ":"3149","COMUNE_SEZ":"TRECATE","PROVINCIA":"NO","ID_CENTRALE":"1524","NOME_CENTRALE":"TRECATE","ISTAT_COMUNE_CENTR":"3149","COMUNE_CENTR":"TRECATE","PROVINCIA_CENTR":"NO","INDIRIZZO_CENTRALE":"ADUA 97","LATITUDINE_SEZIONE":"45.42988","LONGITUDINE_SEZIONE":"8.73285","POS_X_SEZIONE":"479102.27599","POS_Y_SEZIONE":"5030740.92552","LATITUDINE_CENTRALE":"45.43204","LONGITUDINE_CENTRALE":"8.73752","POS_X_CENTRALE":"479468.46596","POS_Y_CENTRALE":"5030979.78486","TIPO_ADSL":"ADSL_2P","DESCRIZIONE_TIPO_ADSL":"ADSL 2+ (24 mega)","DISTANZA_CALCOLATA":"437.21","CLASSE_DISTANZA":"100-499","POTENZA_SEGNALE":"19761.67","POPOLAZIONE_SEZIONE": "513"}
			},
		 		{ "type" : "Feature",
				"geometry" : {
					"type" : "Point",
					"coordinates" : [8.74560,45.42764]},
			"properties" : { "ANNO":"2010","ID_SEZIONE":"28327","ISTAT_COMUNE_SEZ":"3149","COMUNE_SEZ":"TRECATE","PROVINCIA":"NO","ID_CENTRALE":"1524","NOME_CENTRALE":"TRECATE","ISTAT_COMUNE_CENTR":"3149","COMUNE_CENTR":"TRECATE","PROVINCIA_CENTR":"NO","INDIRIZZO_CENTRALE":"ADUA 97","LATITUDINE_SEZIONE":"45.42764","LONGITUDINE_SEZIONE":"8.74560","POS_X_SEZIONE":"480099.18351","POS_Y_SEZIONE":"5030488.44194","LATITUDINE_CENTRALE":"45.43204","LONGITUDINE_CENTRALE":"8.73752","POS_X_CENTRALE":"479468.46596","POS_Y_CENTRALE":"5030979.78486","TIPO_ADSL":"ADSL_2P","DESCRIZIONE_TIPO_ADSL":"ADSL 2+ (24 mega)","DISTANZA_CALCOLATA":"799.51","CLASSE_DISTANZA":"500-899","POTENZA_SEGNALE":"19523.33","POPOLAZIONE_SEZIONE": "426"}
			},
		 		{ "type" : "Feature",
				"geometry" : {
					"type" : "Point",
					"coordinates" : [8.73082,45.43385]},
			"properties" : { "ANNO":"2010","ID_SEZIONE":"28797","ISTAT_COMUNE_SEZ":"3149","COMUNE_SEZ":"TRECATE","PROVINCIA":"NO","ID_CENTRALE":"1524","NOME_CENTRALE":"TRECATE","ISTAT_COMUNE_CENTR":"3149","COMUNE_CENTR":"TRECATE","PROVINCIA_CENTR":"NO","INDIRIZZO_CENTRALE":"ADUA 97","LATITUDINE_SEZIONE":"45.43385","LONGITUDINE_SEZIONE":"8.73082","POS_X_SEZIONE":"478945.21077","POS_Y_SEZIONE":"5031182.91874","LATITUDINE_CENTRALE":"45.43204","LONGITUDINE_CENTRALE":"8.73752","POS_X_CENTRALE":"479468.46596","POS_Y_CENTRALE":"5030979.78486","TIPO_ADSL":"ADSL_2P","DESCRIZIONE_TIPO_ADSL":"ADSL 2+ (24 mega)","DISTANZA_CALCOLATA":"561.30","CLASSE_DISTANZA":"500-899","POTENZA_SEGNALE":"19523.33","POPOLAZIONE_SEZIONE": "535"}
			},
		 		{ "type" : "Feature",
				"geometry" : {
					"type" : "Point",
					"coordinates" : [8.75223,45.43558]},
			"properties" : { "ANNO":"2010","ID_SEZIONE":"30002","ISTAT_COMUNE_SEZ":"3149","COMUNE_SEZ":"TRECATE","PROVINCIA":"NO","ID_CENTRALE":"1524","NOME_CENTRALE":"TRECATE","ISTAT_COMUNE_CENTR":"3149","COMUNE_CENTR":"TRECATE","PROVINCIA_CENTR":"NO","INDIRIZZO_CENTRALE":"ADUA 97","LATITUDINE_SEZIONE":"45.43558","LONGITUDINE_SEZIONE":"8.75223","POS_X_SEZIONE":"480620.49013","POS_Y_SEZIONE":"5031369.93800","LATITUDINE_CENTRALE":"45.43204","LONGITUDINE_CENTRALE":"8.73752","POS_X_CENTRALE":"479468.46596","POS_Y_CENTRALE":"5030979.78486","TIPO_ADSL":"ADSL_2P","DESCRIZIONE_TIPO_ADSL":"ADSL 2+ (24 mega)","DISTANZA_CALCOLATA":"1216.3","CLASSE_DISTANZA":"900-1299","POTENZA_SEGNALE":"17737.5","POPOLAZIONE_SEZIONE": "532"}
			},
		 		{ "type" : "Feature",
				"geometry" : {
					"type" : "Point",
					"coordinates" : [8.73635,45.43982]},
			"properties" : { "ANNO":"2010","ID_SEZIONE":"30770","ISTAT_COMUNE_SEZ":"3149","COMUNE_SEZ":"TRECATE","PROVINCIA":"NO","ID_CENTRALE":"1524","NOME_CENTRALE":"TRECATE","ISTAT_COMUNE_CENTR":"3149","COMUNE_CENTR":"TRECATE","PROVINCIA_CENTR":"NO","INDIRIZZO_CENTRALE":"ADUA 97","LATITUDINE_SEZIONE":"45.43982","LONGITUDINE_SEZIONE":"8.73635","POS_X_SEZIONE":"479379.98837","POS_Y_SEZIONE":"5031844.41659","LATITUDINE_CENTRALE":"45.43204","LONGITUDINE_CENTRALE":"8.73752","POS_X_CENTRALE":"479468.46596","POS_Y_CENTRALE":"5030979.78486","TIPO_ADSL":"ADSL_2P","DESCRIZIONE_TIPO_ADSL":"ADSL 2+ (24 mega)","DISTANZA_CALCOLATA":"869.15","CLASSE_DISTANZA":"500-899","POTENZA_SEGNALE":"19523.33","POPOLAZIONE_SEZIONE": "291"}
			},
		 		{ "type" : "Feature",
				"geometry" : {
					"type" : "Point",
					"coordinates" : [8.73481,45.43682]},
			"properties" : { "ANNO":"2010","ID_SEZIONE":"31438","ISTAT_COMUNE_SEZ":"3149","COMUNE_SEZ":"TRECATE","PROVINCIA":"NO","ID_CENTRALE":"1524","NOME_CENTRALE":"TRECATE","ISTAT_COMUNE_CENTR":"3149","COMUNE_CENTR":"TRECATE","PROVINCIA_CENTR":"NO","INDIRIZZO_CENTRALE":"ADUA 97","LATITUDINE_SEZIONE":"45.43682","LONGITUDINE_SEZIONE":"8.73481","POS_X_SEZIONE":"479258.23989","POS_Y_SEZIONE":"5031511.41896","LATITUDINE_CENTRALE":"45.43204","LONGITUDINE_CENTRALE":"8.73752","POS_X_CENTRALE":"479468.46596","POS_Y_CENTRALE":"5030979.78486","TIPO_ADSL":"ADSL_2P","DESCRIZIONE_TIPO_ADSL":"ADSL 2+ (24 mega)","DISTANZA_CALCOLATA":"571.69","CLASSE_DISTANZA":"500-899","POTENZA_SEGNALE":"19523.33","POPOLAZIONE_SEZIONE": "600"}
			},
		 		{ "type" : "Feature",
				"geometry" : {
					"type" : "Point",
					"coordinates" : [8.72479,45.43324]},
			"properties" : { "ANNO":"2010","ID_SEZIONE":"31850","ISTAT_COMUNE_SEZ":"3149","COMUNE_SEZ":"TRECATE","PROVINCIA":"NO","ID_CENTRALE":"1524","NOME_CENTRALE":"TRECATE","ISTAT_COMUNE_CENTR":"3149","COMUNE_CENTR":"TRECATE","PROVINCIA_CENTR":"NO","INDIRIZZO_CENTRALE":"ADUA 97","LATITUDINE_SEZIONE":"45.43324","LONGITUDINE_SEZIONE":"8.72479","POS_X_SEZIONE":"478473.14933","POS_Y_SEZIONE":"5031116.91323","LATITUDINE_CENTRALE":"45.43204","LONGITUDINE_CENTRALE":"8.73752","POS_X_CENTRALE":"479468.46596","POS_Y_CENTRALE":"5030979.78486","TIPO_ADSL":"ADSL_2P","DESCRIZIONE_TIPO_ADSL":"ADSL 2+ (24 mega)","DISTANZA_CALCOLATA":"1004.72","CLASSE_DISTANZA":"900-1299","POTENZA_SEGNALE":"17737.5","POPOLAZIONE_SEZIONE": "554"}
			},
		 		{ "type" : "Feature",
				"geometry" : {
					"type" : "Point",
					"coordinates" : [8.74745,45.43324]},
			"properties" : { "ANNO":"2010","ID_SEZIONE":"31851","ISTAT_COMUNE_SEZ":"3149","COMUNE_SEZ":"TRECATE","PROVINCIA":"NO","ID_CENTRALE":"1524","NOME_CENTRALE":"TRECATE","ISTAT_COMUNE_CENTR":"3149","COMUNE_CENTR":"TRECATE","PROVINCIA_CENTR":"NO","INDIRIZZO_CENTRALE":"ADUA 97","LATITUDINE_SEZIONE":"45.43324","LONGITUDINE_SEZIONE":"8.74745","POS_X_SEZIONE":"480245.67951","POS_Y_SEZIONE":"5031110.43643","LATITUDINE_CENTRALE":"45.43204","LONGITUDINE_CENTRALE":"8.73752","POS_X_CENTRALE":"479468.46596","POS_Y_CENTRALE":"5030979.78486","TIPO_ADSL":"ADSL_2P","DESCRIZIONE_TIPO_ADSL":"ADSL 2+ (24 mega)","DISTANZA_CALCOLATA":"788.12","CLASSE_DISTANZA":"500-899","POTENZA_SEGNALE":"19523.33","POPOLAZIONE_SEZIONE": "247"}
			},
		 		{ "type" : "Feature",
				"geometry" : {
					"type" : "Point",
					"coordinates" : [8.72630,45.43025]},
			"properties" : { "ANNO":"2010","ID_SEZIONE":"31852","ISTAT_COMUNE_SEZ":"3149","COMUNE_SEZ":"TRECATE","PROVINCIA":"NO","ID_CENTRALE":"1524","NOME_CENTRALE":"TRECATE","ISTAT_COMUNE_CENTR":"3149","COMUNE_CENTR":"TRECATE","PROVINCIA_CENTR":"NO","INDIRIZZO_CENTRALE":"ADUA 97","LATITUDINE_SEZIONE":"45.43025","LONGITUDINE_SEZIONE":"8.72630","POS_X_SEZIONE":"478590.46287","POS_Y_SEZIONE":"5030784.41838","LATITUDINE_CENTRALE":"45.43204","LONGITUDINE_CENTRALE":"8.73752","POS_X_CENTRALE":"479468.46596","POS_Y_CENTRALE":"5030979.78486","TIPO_ADSL":"ADSL_2P","DESCRIZIONE_TIPO_ADSL":"ADSL 2+ (24 mega)","DISTANZA_CALCOLATA":"899.48","CLASSE_DISTANZA":"500-899","POTENZA_SEGNALE":"19523.33","POPOLAZIONE_SEZIONE": "588"}
			},
		 		{ "type" : "Feature",
				"geometry" : {
					"type" : "Point",
					"coordinates" : [8.73601,45.43341]},
			"properties" : { "ANNO":"2010","ID_SEZIONE":"32470","ISTAT_COMUNE_SEZ":"3149","COMUNE_SEZ":"TRECATE","PROVINCIA":"NO","ID_CENTRALE":"1524","NOME_CENTRALE":"TRECATE","ISTAT_COMUNE_CENTR":"3149","COMUNE_CENTR":"TRECATE","PROVINCIA_CENTR":"NO","INDIRIZZO_CENTRALE":"ADUA 97","LATITUDINE_SEZIONE":"45.43341","LONGITUDINE_SEZIONE":"8.73601","POS_X_SEZIONE":"479351.30460","POS_Y_SEZIONE":"5031132.92450","LATITUDINE_CENTRALE":"45.43204","LONGITUDINE_CENTRALE":"8.73752","POS_X_CENTRALE":"479468.46596","POS_Y_CENTRALE":"5030979.78486","TIPO_ADSL":"ADSL_2P","DESCRIZIONE_TIPO_ADSL":"ADSL 2+ (24 mega)","DISTANZA_CALCOLATA":"192.82","CLASSE_DISTANZA":"100-499","POTENZA_SEGNALE":"19761.67","POPOLAZIONE_SEZIONE": "303"}
			},
		 		{ "type" : "Feature",
				"geometry" : {
					"type" : "Point",
					"coordinates" : [8.74631,45.43160]},
			"properties" : { "ANNO":"2010","ID_SEZIONE":"32872","ISTAT_COMUNE_SEZ":"3149","COMUNE_SEZ":"TRECATE","PROVINCIA":"NO","ID_CENTRALE":"1524","NOME_CENTRALE":"TRECATE","ISTAT_COMUNE_CENTR":"3149","COMUNE_CENTR":"TRECATE","PROVINCIA_CENTR":"NO","INDIRIZZO_CENTRALE":"ADUA 97","LATITUDINE_SEZIONE":"45.43160","LONGITUDINE_SEZIONE":"8.74631","POS_X_SEZIONE":"480155.74261","POS_Y_SEZIONE":"5030928.93755","LATITUDINE_CENTRALE":"45.43204","LONGITUDINE_CENTRALE":"8.73752","POS_X_CENTRALE":"479468.46596","POS_Y_CENTRALE":"5030979.78486","TIPO_ADSL":"ADSL_2P","DESCRIZIONE_TIPO_ADSL":"ADSL 2+ (24 mega)","DISTANZA_CALCOLATA":"689.16","CLASSE_DISTANZA":"500-899","POTENZA_SEGNALE":"19523.33","POPOLAZIONE_SEZIONE": "490"}
			}
		 		]
	}
		