 	{ "type" : "FeatureCollection",
		"features" : [
		 		{ "type" : "Feature",
				"geometry" : {
					"type" : "Point",
					"coordinates" : [7.99414,44.26014]},
			"properties" : { "ANNO":"2010","ID_SEZIONE":"526","ISTAT_COMUNE_SEZ":"4177","COMUNE_SEZ":"PRIOLA","PROVINCIA":"CN","ID_CENTRALE":"1069","NOME_CENTRALE":"PRIOLA","ISTAT_COMUNE_CENTR":"4177","COMUNE_CENTR":"PRIOLA","PROVINCIA_CENTR":"CN","INDIRIZZO_CENTRALE":"VINCENZO GIUSTA","LATITUDINE_SEZIONE":"44.26014","LONGITUDINE_SEZIONE":"7.99414","POS_X_SEZIONE":"419709.46083","POS_Y_SEZIONE":"4901258.05052","LATITUDINE_CENTRALE":"44.24340","LONGITUDINE_CENTRALE":"8.01459","POS_X_CENTRALE":"421319.45677","POS_Y_CENTRALE":"4899379.52313","TIPO_ADSL":"ADSL_M","DESCRIZIONE_TIPO_ADSL":"ADSL Mini","DISTANZA_CALCOLATA":"2474.06","CLASSE_DISTANZA":"2100-2499","POTENZA_SEGNALE":"0.64","POPOLAZIONE_SEZIONE": "5"}
			},
		 		{ "type" : "Feature",
				"geometry" : {
					"type" : "Point",
					"coordinates" : [8.03107,44.25585]},
			"properties" : { "ANNO":"2010","ID_SEZIONE":"1798","ISTAT_COMUNE_SEZ":"4177","COMUNE_SEZ":"PRIOLA","PROVINCIA":"CN","ID_CENTRALE":"1069","NOME_CENTRALE":"PRIOLA","ISTAT_COMUNE_CENTR":"4177","COMUNE_CENTR":"PRIOLA","PROVINCIA_CENTR":"CN","INDIRIZZO_CENTRALE":"VINCENZO GIUSTA","LATITUDINE_SEZIONE":"44.25585","LONGITUDINE_SEZIONE":"8.03107","POS_X_SEZIONE":"422651.08617","POS_Y_SEZIONE":"4900746.58505","LATITUDINE_CENTRALE":"44.24340","LONGITUDINE_CENTRALE":"8.01459","POS_X_CENTRALE":"421319.45677","POS_Y_CENTRALE":"4899379.52313","TIPO_ADSL":"ADSL_M","DESCRIZIONE_TIPO_ADSL":"ADSL Mini","DISTANZA_CALCOLATA":"1908.43","CLASSE_DISTANZA":"1700-2099","POTENZA_SEGNALE":"0.64","POPOLAZIONE_SEZIONE": ""}
			},
		 		{ "type" : "Feature",
				"geometry" : {
					"type" : "Point",
					"coordinates" : [8.01290,44.27368]},
			"properties" : { "ANNO":"2010","ID_SEZIONE":"4300","ISTAT_COMUNE_SEZ":"4177","COMUNE_SEZ":"PRIOLA","PROVINCIA":"CN","ID_CENTRALE":"1069","NOME_CENTRALE":"PRIOLA","ISTAT_COMUNE_CENTR":"4177","COMUNE_CENTR":"PRIOLA","PROVINCIA_CENTR":"CN","INDIRIZZO_CENTRALE":"VINCENZO GIUSTA","LATITUDINE_SEZIONE":"44.27368","LONGITUDINE_SEZIONE":"8.01290","POS_X_SEZIONE":"421224.51798","POS_Y_SEZIONE":"4902744.08239","LATITUDINE_CENTRALE":"44.24340","LONGITUDINE_CENTRALE":"8.01459","POS_X_CENTRALE":"421319.45677","POS_Y_CENTRALE":"4899379.52313","TIPO_ADSL":"ADSL_M","DESCRIZIONE_TIPO_ADSL":"ADSL Mini","DISTANZA_CALCOLATA":"3365.9","CLASSE_DISTANZA":"3300-3699","POTENZA_SEGNALE":"0.64","POPOLAZIONE_SEZIONE": "2"}
			},
		 		{ "type" : "Feature",
				"geometry" : {
					"type" : "Point",
					"coordinates" : [8.02186,44.25938]},
			"properties" : { "ANNO":"2010","ID_SEZIONE":"4553","ISTAT_COMUNE_SEZ":"4177","COMUNE_SEZ":"PRIOLA","PROVINCIA":"CN","ID_CENTRALE":"1069","NOME_CENTRALE":"PRIOLA","ISTAT_COMUNE_CENTR":"4177","COMUNE_CENTR":"PRIOLA","PROVINCIA_CENTR":"CN","INDIRIZZO_CENTRALE":"VINCENZO GIUSTA","LATITUDINE_SEZIONE":"44.25938","LONGITUDINE_SEZIONE":"8.02186","POS_X_SEZIONE":"421920.55945","POS_Y_SEZIONE":"4901147.07913","LATITUDINE_CENTRALE":"44.24340","LONGITUDINE_CENTRALE":"8.01459","POS_X_CENTRALE":"421319.45677","POS_Y_CENTRALE":"4899379.52313","TIPO_ADSL":"ADSL_M","DESCRIZIONE_TIPO_ADSL":"ADSL Mini","DISTANZA_CALCOLATA":"1866.97","CLASSE_DISTANZA":"1700-2099","POTENZA_SEGNALE":"0.64","POPOLAZIONE_SEZIONE": "256"}
			},
		 		{ "type" : "Feature",
				"geometry" : {
					"type" : "Point",
					"coordinates" : [8.04023,44.24750]},
			"properties" : { "ANNO":"2010","ID_SEZIONE":"4769","ISTAT_COMUNE_SEZ":"4177","COMUNE_SEZ":"PRIOLA","PROVINCIA":"CN","ID_CENTRALE":"1069","NOME_CENTRALE":"PRIOLA","ISTAT_COMUNE_CENTR":"4177","COMUNE_CENTR":"PRIOLA","PROVINCIA_CENTR":"CN","INDIRIZZO_CENTRALE":"VINCENZO GIUSTA","LATITUDINE_SEZIONE":"44.24750","LONGITUDINE_SEZIONE":"8.04023","POS_X_SEZIONE":"423371.71286","POS_Y_SEZIONE":"4899810.58505","LATITUDINE_CENTRALE":"44.24340","LONGITUDINE_CENTRALE":"8.01459","POS_X_CENTRALE":"421319.45677","POS_Y_CENTRALE":"4899379.52313","TIPO_ADSL":"ADSL_M","DESCRIZIONE_TIPO_ADSL":"ADSL Mini","DISTANZA_CALCOLATA":"2097.04","CLASSE_DISTANZA":"1700-2099","POTENZA_SEGNALE":"0.64","POPOLAZIONE_SEZIONE": "125"}
			},
		 		{ "type" : "Feature",
				"geometry" : {
					"type" : "Point",
					"coordinates" : [8.02257,44.24677]},
			"properties" : { "ANNO":"2010","ID_SEZIONE":"6041","ISTAT_COMUNE_SEZ":"4177","COMUNE_SEZ":"PRIOLA","PROVINCIA":"CN","ID_CENTRALE":"1069","NOME_CENTRALE":"PRIOLA","ISTAT_COMUNE_CENTR":"4177","COMUNE_CENTR":"PRIOLA","PROVINCIA_CENTR":"CN","INDIRIZZO_CENTRALE":"VINCENZO GIUSTA","LATITUDINE_SEZIONE":"44.24677","LONGITUDINE_SEZIONE":"8.02257","POS_X_SEZIONE":"421960.69974","POS_Y_SEZIONE":"4899746.56764","LATITUDINE_CENTRALE":"44.24340","LONGITUDINE_CENTRALE":"8.01459","POS_X_CENTRALE":"421319.45677","POS_Y_CENTRALE":"4899379.52313","TIPO_ADSL":"ADSL_M","DESCRIZIONE_TIPO_ADSL":"ADSL Mini","DISTANZA_CALCOLATA":"738.86","CLASSE_DISTANZA":"500-899","POTENZA_SEGNALE":"0.64","POPOLAZIONE_SEZIONE": "135"}
			},
		 		{ "type" : "Feature",
				"geometry" : {
					"type" : "Point",
					"coordinates" : [8.03195,44.27165]},
			"properties" : { "ANNO":"2010","ID_SEZIONE":"8466","ISTAT_COMUNE_SEZ":"4177","COMUNE_SEZ":"PRIOLA","PROVINCIA":"CN","ID_CENTRALE":"1069","NOME_CENTRALE":"PRIOLA","ISTAT_COMUNE_CENTR":"4177","COMUNE_CENTR":"PRIOLA","PROVINCIA_CENTR":"CN","INDIRIZZO_CENTRALE":"VINCENZO GIUSTA","LATITUDINE_SEZIONE":"44.27165","LONGITUDINE_SEZIONE":"8.03195","POS_X_SEZIONE":"422742.09469","POS_Y_SEZIONE":"4902501.10204","LATITUDINE_CENTRALE":"44.24340","LONGITUDINE_CENTRALE":"8.01459","POS_X_CENTRALE":"421319.45677","POS_Y_CENTRALE":"4899379.52313","TIPO_ADSL":"ADSL_M","DESCRIZIONE_TIPO_ADSL":"ADSL Mini","DISTANZA_CALCOLATA":"3430.47","CLASSE_DISTANZA":"3300-3699","POTENZA_SEGNALE":"0.64","POPOLAZIONE_SEZIONE": ""}
			},
		 		{ "type" : "Feature",
				"geometry" : {
					"type" : "Point",
					"coordinates" : [8.05028,44.23049]},
			"properties" : { "ANNO":"2010","ID_SEZIONE":"9122","ISTAT_COMUNE_SEZ":"4177","COMUNE_SEZ":"PRIOLA","PROVINCIA":"CN","ID_CENTRALE":"1069","NOME_CENTRALE":"PRIOLA","ISTAT_COMUNE_CENTR":"4177","COMUNE_CENTR":"PRIOLA","PROVINCIA_CENTR":"CN","INDIRIZZO_CENTRALE":"VINCENZO GIUSTA","LATITUDINE_SEZIONE":"44.23049","LONGITUDINE_SEZIONE":"8.05028","POS_X_SEZIONE":"424152.25174","POS_Y_SEZIONE":"4897912.07471","LATITUDINE_CENTRALE":"44.24340","LONGITUDINE_CENTRALE":"8.01459","POS_X_CENTRALE":"421319.45677","POS_Y_CENTRALE":"4899379.52313","TIPO_ADSL":"ADSL_M","DESCRIZIONE_TIPO_ADSL":"ADSL Mini","DISTANZA_CALCOLATA":"3190.32","CLASSE_DISTANZA":"2900-3299","POTENZA_SEGNALE":"0.64","POPOLAZIONE_SEZIONE": ""}
			},
		 		{ "type" : "Feature",
				"geometry" : {
					"type" : "Point",
					"coordinates" : [8.02465,44.26466]},
			"properties" : { "ANNO":"2010","ID_SEZIONE":"9526","ISTAT_COMUNE_SEZ":"4177","COMUNE_SEZ":"PRIOLA","PROVINCIA":"CN","ID_CENTRALE":"1069","NOME_CENTRALE":"PRIOLA","ISTAT_COMUNE_CENTR":"4177","COMUNE_CENTR":"PRIOLA","PROVINCIA_CENTR":"CN","INDIRIZZO_CENTRALE":"VINCENZO GIUSTA","LATITUDINE_SEZIONE":"44.26466","LONGITUDINE_SEZIONE":"8.02465","POS_X_SEZIONE":"422150.08035","POS_Y_SEZIONE":"4901731.08681","LATITUDINE_CENTRALE":"44.24340","LONGITUDINE_CENTRALE":"8.01459","POS_X_CENTRALE":"421319.45677","POS_Y_CENTRALE":"4899379.52313","TIPO_ADSL":"ADSL_M","DESCRIZIONE_TIPO_ADSL":"ADSL Mini","DISTANZA_CALCOLATA":"2493.95","CLASSE_DISTANZA":"2100-2499","POTENZA_SEGNALE":"0.64","POPOLAZIONE_SEZIONE": "67"}
			},
		 		{ "type" : "Feature",
				"geometry" : {
					"type" : "Point",
					"coordinates" : [8.02879,44.24645]},
			"properties" : { "ANNO":"2010","ID_SEZIONE":"11396","ISTAT_COMUNE_SEZ":"4177","COMUNE_SEZ":"PRIOLA","PROVINCIA":"CN","ID_CENTRALE":"1069","NOME_CENTRALE":"PRIOLA","ISTAT_COMUNE_CENTR":"4177","COMUNE_CENTR":"PRIOLA","PROVINCIA_CENTR":"CN","INDIRIZZO_CENTRALE":"VINCENZO GIUSTA","LATITUDINE_SEZIONE":"44.24645","LONGITUDINE_SEZIONE":"8.02879","POS_X_SEZIONE":"422456.94397","POS_Y_SEZIONE":"4899704.57289","LATITUDINE_CENTRALE":"44.24340","LONGITUDINE_CENTRALE":"8.01459","POS_X_CENTRALE":"421319.45677","POS_Y_CENTRALE":"4899379.52313","TIPO_ADSL":"ADSL_M","DESCRIZIONE_TIPO_ADSL":"ADSL Mini","DISTANZA_CALCOLATA":"1183.02","CLASSE_DISTANZA":"900-1299","POTENZA_SEGNALE":"0.64","POPOLAZIONE_SEZIONE": "32"}
			},
		 		{ "type" : "Feature",
				"geometry" : {
					"type" : "Point",
					"coordinates" : [8.01124,44.26448]},
			"properties" : { "ANNO":"2010","ID_SEZIONE":"11943","ISTAT_COMUNE_SEZ":"4177","COMUNE_SEZ":"PRIOLA","PROVINCIA":"CN","ID_CENTRALE":"1069","NOME_CENTRALE":"PRIOLA","ISTAT_COMUNE_CENTR":"4177","COMUNE_CENTR":"PRIOLA","PROVINCIA_CENTR":"CN","INDIRIZZO_CENTRALE":"VINCENZO GIUSTA","LATITUDINE_SEZIONE":"44.26448","LONGITUDINE_SEZIONE":"8.01124","POS_X_SEZIONE":"421079.87491","POS_Y_SEZIONE":"4901724.07241","LATITUDINE_CENTRALE":"44.24340","LONGITUDINE_CENTRALE":"8.01459","POS_X_CENTRALE":"421319.45677","POS_Y_CENTRALE":"4899379.52313","TIPO_ADSL":"ADSL_M","DESCRIZIONE_TIPO_ADSL":"ADSL Mini","DISTANZA_CALCOLATA":"2356.76","CLASSE_DISTANZA":"2100-2499","POTENZA_SEGNALE":"0.64","POPOLAZIONE_SEZIONE": "11"}
			},
		 		{ "type" : "Feature",
				"geometry" : {
					"type" : "Point",
					"coordinates" : [8.01932,44.24094]},
			"properties" : { "ANNO":"2010","ID_SEZIONE":"12248","ISTAT_COMUNE_SEZ":"4177","COMUNE_SEZ":"PRIOLA","PROVINCIA":"CN","ID_CENTRALE":"1069","NOME_CENTRALE":"PRIOLA","ISTAT_COMUNE_CENTR":"4177","COMUNE_CENTR":"PRIOLA","PROVINCIA_CENTR":"CN","INDIRIZZO_CENTRALE":"VINCENZO GIUSTA","LATITUDINE_SEZIONE":"44.24094","LONGITUDINE_SEZIONE":"8.01932","POS_X_SEZIONE":"421693.80233","POS_Y_SEZIONE":"4899101.55925","LATITUDINE_CENTRALE":"44.24340","LONGITUDINE_CENTRALE":"8.01459","POS_X_CENTRALE":"421319.45677","POS_Y_CENTRALE":"4899379.52313","TIPO_ADSL":"ADSL_M","DESCRIZIONE_TIPO_ADSL":"ADSL Mini","DISTANZA_CALCOLATA":"466.26","CLASSE_DISTANZA":"100-499","POTENZA_SEGNALE":"0.64","POPOLAZIONE_SEZIONE": "115"}
			},
		 		{ "type" : "Feature",
				"geometry" : {
					"type" : "Point",
					"coordinates" : [8.07225,44.23540]},
			"properties" : { "ANNO":"2010","ID_SEZIONE":"12266","ISTAT_COMUNE_SEZ":"4177","COMUNE_SEZ":"PRIOLA","PROVINCIA":"CN","ID_CENTRALE":"1069","NOME_CENTRALE":"PRIOLA","ISTAT_COMUNE_CENTR":"4177","COMUNE_CENTR":"PRIOLA","PROVINCIA_CENTR":"CN","INDIRIZZO_CENTRALE":"VINCENZO GIUSTA","LATITUDINE_SEZIONE":"44.23540","LONGITUDINE_SEZIONE":"8.07225","POS_X_SEZIONE":"425913.03869","POS_Y_SEZIONE":"4898437.09948","LATITUDINE_CENTRALE":"44.24340","LONGITUDINE_CENTRALE":"8.01459","POS_X_CENTRALE":"421319.45677","POS_Y_CENTRALE":"4899379.52313","TIPO_ADSL":"ADSL_M","DESCRIZIONE_TIPO_ADSL":"ADSL Mini","DISTANZA_CALCOLATA":"4689.26","CLASSE_DISTANZA":"4500-4899","POTENZA_SEGNALE":"0.00","POPOLAZIONE_SEZIONE": ""}
			},
		 		{ "type" : "Feature",
				"geometry" : {
					"type" : "Point",
					"coordinates" : [7.99713,44.25247]},
			"properties" : { "ANNO":"2010","ID_SEZIONE":"14675","ISTAT_COMUNE_SEZ":"4177","COMUNE_SEZ":"PRIOLA","PROVINCIA":"CN","ID_CENTRALE":"1069","NOME_CENTRALE":"PRIOLA","ISTAT_COMUNE_CENTR":"4177","COMUNE_CENTR":"PRIOLA","PROVINCIA_CENTR":"CN","INDIRIZZO_CENTRALE":"VINCENZO GIUSTA","LATITUDINE_SEZIONE":"44.25247","LONGITUDINE_SEZIONE":"7.99713","POS_X_SEZIONE":"419937.49897","POS_Y_SEZIONE":"4900403.54761","LATITUDINE_CENTRALE":"44.24340","LONGITUDINE_CENTRALE":"8.01459","POS_X_CENTRALE":"421319.45677","POS_Y_CENTRALE":"4899379.52313","TIPO_ADSL":"ADSL_M","DESCRIZIONE_TIPO_ADSL":"ADSL Mini","DISTANZA_CALCOLATA":"1720.01","CLASSE_DISTANZA":"1700-2099","POTENZA_SEGNALE":"0.64","POPOLAZIONE_SEZIONE": "2"}
			},
		 		{ "type" : "Feature",
				"geometry" : {
					"type" : "Point",
					"coordinates" : [8.04210,44.26012]},
			"properties" : { "ANNO":"2010","ID_SEZIONE":"14681","ISTAT_COMUNE_SEZ":"4177","COMUNE_SEZ":"PRIOLA","PROVINCIA":"CN","ID_CENTRALE":"1069","NOME_CENTRALE":"PRIOLA","ISTAT_COMUNE_CENTR":"4177","COMUNE_CENTR":"PRIOLA","PROVINCIA_CENTR":"CN","INDIRIZZO_CENTRALE":"VINCENZO GIUSTA","LATITUDINE_SEZIONE":"44.26012","LONGITUDINE_SEZIONE":"8.04210","POS_X_SEZIONE":"423537.50768","POS_Y_SEZIONE":"4901210.10070","LATITUDINE_CENTRALE":"44.24340","LONGITUDINE_CENTRALE":"8.01459","POS_X_CENTRALE":"421319.45677","POS_Y_CENTRALE":"4899379.52313","TIPO_ADSL":"ADSL_M","DESCRIZIONE_TIPO_ADSL":"ADSL Mini","DISTANZA_CALCOLATA":"2875.89","CLASSE_DISTANZA":"2500-2899","POTENZA_SEGNALE":"0.64","POPOLAZIONE_SEZIONE": ""}
			},
		 		{ "type" : "Feature",
				"geometry" : {
					"type" : "Point",
					"coordinates" : [7.99768,44.27208]},
			"properties" : { "ANNO":"2010","ID_SEZIONE":"15754","ISTAT_COMUNE_SEZ":"4177","COMUNE_SEZ":"PRIOLA","PROVINCIA":"CN","ID_CENTRALE":"1069","NOME_CENTRALE":"PRIOLA","ISTAT_COMUNE_CENTR":"4177","COMUNE_CENTR":"PRIOLA","PROVINCIA_CENTR":"CN","INDIRIZZO_CENTRALE":"VINCENZO GIUSTA","LATITUDINE_SEZIONE":"44.27208","LONGITUDINE_SEZIONE":"7.99768","POS_X_SEZIONE":"420007.94198","POS_Y_SEZIONE":"4902581.56387","LATITUDINE_CENTRALE":"44.24340","LONGITUDINE_CENTRALE":"8.01459","POS_X_CENTRALE":"421319.45677","POS_Y_CENTRALE":"4899379.52313","TIPO_ADSL":"ADSL_M","DESCRIZIONE_TIPO_ADSL":"ADSL Mini","DISTANZA_CALCOLATA":"3460.22","CLASSE_DISTANZA":"3300-3699","POTENZA_SEGNALE":"0.64","POPOLAZIONE_SEZIONE": ""}
			},
		 		{ "type" : "Feature",
				"geometry" : {
					"type" : "Point",
					"coordinates" : [8.03152,44.23820]},
			"properties" : { "ANNO":"2010","ID_SEZIONE":"17170","ISTAT_COMUNE_SEZ":"4177","COMUNE_SEZ":"PRIOLA","PROVINCIA":"CN","ID_CENTRALE":"1069","NOME_CENTRALE":"PRIOLA","ISTAT_COMUNE_CENTR":"4177","COMUNE_CENTR":"PRIOLA","PROVINCIA_CENTR":"CN","INDIRIZZO_CENTRALE":"VINCENZO GIUSTA","LATITUDINE_SEZIONE":"44.23820","LONGITUDINE_SEZIONE":"8.03152","POS_X_SEZIONE":"422664.19952","POS_Y_SEZIONE":"4898785.56719","LATITUDINE_CENTRALE":"44.24340","LONGITUDINE_CENTRALE":"8.01459","POS_X_CENTRALE":"421319.45677","POS_Y_CENTRALE":"4899379.52313","TIPO_ADSL":"ADSL_M","DESCRIZIONE_TIPO_ADSL":"ADSL Mini","DISTANZA_CALCOLATA":"1470.07","CLASSE_DISTANZA":"1300-1699","POTENZA_SEGNALE":"0.64","POPOLAZIONE_SEZIONE": ""}
			},
		 		{ "type" : "Feature",
				"geometry" : {
					"type" : "Point",
					"coordinates" : [8.06449,44.24418]},
			"properties" : { "ANNO":"2010","ID_SEZIONE":"17178","ISTAT_COMUNE_SEZ":"4177","COMUNE_SEZ":"PRIOLA","PROVINCIA":"CN","ID_CENTRALE":"1069","NOME_CENTRALE":"PRIOLA","ISTAT_COMUNE_CENTR":"4177","COMUNE_CENTR":"PRIOLA","PROVINCIA_CENTR":"CN","INDIRIZZO_CENTRALE":"VINCENZO GIUSTA","LATITUDINE_SEZIONE":"44.24418","LONGITUDINE_SEZIONE":"8.06449","POS_X_SEZIONE":"425304.81802","POS_Y_SEZIONE":"4899419.60393","LATITUDINE_CENTRALE":"44.24340","LONGITUDINE_CENTRALE":"8.01459","POS_X_CENTRALE":"421319.45677","POS_Y_CENTRALE":"4899379.52313","TIPO_ADSL":"ADSL_M","DESCRIZIONE_TIPO_ADSL":"ADSL Mini","DISTANZA_CALCOLATA":"3985.56","CLASSE_DISTANZA":"3700-4099","POTENZA_SEGNALE":"0.64","POPOLAZIONE_SEZIONE": ""}
			},
		 		{ "type" : "Feature",
				"geometry" : {
					"type" : "Point",
					"coordinates" : [8.02653,44.25614]},
			"properties" : { "ANNO":"2010","ID_SEZIONE":"19221","ISTAT_COMUNE_SEZ":"4177","COMUNE_SEZ":"PRIOLA","PROVINCIA":"CN","ID_CENTRALE":"1069","NOME_CENTRALE":"PRIOLA","ISTAT_COMUNE_CENTR":"4177","COMUNE_CENTR":"PRIOLA","PROVINCIA_CENTR":"CN","INDIRIZZO_CENTRALE":"VINCENZO GIUSTA","LATITUDINE_SEZIONE":"44.25614","LONGITUDINE_SEZIONE":"8.02653","POS_X_SEZIONE":"422289.62134","POS_Y_SEZIONE":"4900783.08041","LATITUDINE_CENTRALE":"44.24340","LONGITUDINE_CENTRALE":"8.01459","POS_X_CENTRALE":"421319.45677","POS_Y_CENTRALE":"4899379.52313","TIPO_ADSL":"ADSL_M","DESCRIZIONE_TIPO_ADSL":"ADSL Mini","DISTANZA_CALCOLATA":"1706.22","CLASSE_DISTANZA":"1700-2099","POTENZA_SEGNALE":"0.64","POPOLAZIONE_SEZIONE": "51"}
			},
		 		{ "type" : "Feature",
				"geometry" : {
					"type" : "Point",
					"coordinates" : [8.05128,44.24755]},
			"properties" : { "ANNO":"2010","ID_SEZIONE":"22509","ISTAT_COMUNE_SEZ":"4177","COMUNE_SEZ":"PRIOLA","PROVINCIA":"CN","ID_CENTRALE":"1069","NOME_CENTRALE":"PRIOLA","ISTAT_COMUNE_CENTR":"4177","COMUNE_CENTR":"PRIOLA","PROVINCIA_CENTR":"CN","INDIRIZZO_CENTRALE":"VINCENZO GIUSTA","LATITUDINE_SEZIONE":"44.24755","LONGITUDINE_SEZIONE":"8.05128","POS_X_SEZIONE":"424254.23293","POS_Y_SEZIONE":"4899806.09583","LATITUDINE_CENTRALE":"44.24340","LONGITUDINE_CENTRALE":"8.01459","POS_X_CENTRALE":"421319.45677","POS_Y_CENTRALE":"4899379.52313","TIPO_ADSL":"ADSL_M","DESCRIZIONE_TIPO_ADSL":"ADSL Mini","DISTANZA_CALCOLATA":"2965.62","CLASSE_DISTANZA":"2900-3299","POTENZA_SEGNALE":"0.64","POPOLAZIONE_SEZIONE": ""}
			},
		 		{ "type" : "Feature",
				"geometry" : {
					"type" : "Point",
					"coordinates" : [8.00963,44.24101]},
			"properties" : { "ANNO":"2010","ID_SEZIONE":"24566","ISTAT_COMUNE_SEZ":"4095","COMUNE_SEZ":"GARESSIO","PROVINCIA":"CN","ID_CENTRALE":"1069","NOME_CENTRALE":"PRIOLA","ISTAT_COMUNE_CENTR":"4177","COMUNE_CENTR":"PRIOLA","PROVINCIA_CENTR":"CN","INDIRIZZO_CENTRALE":"VINCENZO GIUSTA","LATITUDINE_SEZIONE":"44.24101","LONGITUDINE_SEZIONE":"8.00963","POS_X_SEZIONE":"420919.59280","POS_Y_SEZIONE":"4899119.05020","LATITUDINE_CENTRALE":"44.24340","LONGITUDINE_CENTRALE":"8.01459","POS_X_CENTRALE":"421319.45677","POS_Y_CENTRALE":"4899379.52313","TIPO_ADSL":"ADSL_M","DESCRIZIONE_TIPO_ADSL":"ADSL Mini","DISTANZA_CALCOLATA":"477.22","CLASSE_DISTANZA":"100-499","POTENZA_SEGNALE":"0.64","POPOLAZIONE_SEZIONE": "10"}
			},
		 		{ "type" : "Feature",
				"geometry" : {
					"type" : "Point",
					"coordinates" : [8.03412,44.24940]},
			"properties" : { "ANNO":"2010","ID_SEZIONE":"25395","ISTAT_COMUNE_SEZ":"4177","COMUNE_SEZ":"PRIOLA","PROVINCIA":"CN","ID_CENTRALE":"1069","NOME_CENTRALE":"PRIOLA","ISTAT_COMUNE_CENTR":"4177","COMUNE_CENTR":"PRIOLA","PROVINCIA_CENTR":"CN","INDIRIZZO_CENTRALE":"VINCENZO GIUSTA","LATITUDINE_SEZIONE":"44.24940","LONGITUDINE_SEZIONE":"8.03412","POS_X_SEZIONE":"422886.24829","POS_Y_SEZIONE":"4900027.08118","LATITUDINE_CENTRALE":"44.24340","LONGITUDINE_CENTRALE":"8.01459","POS_X_CENTRALE":"421319.45677","POS_Y_CENTRALE":"4899379.52313","TIPO_ADSL":"ADSL_M","DESCRIZIONE_TIPO_ADSL":"ADSL Mini","DISTANZA_CALCOLATA":"1695.34","CLASSE_DISTANZA":"1300-1699","POTENZA_SEGNALE":"0.64","POPOLAZIONE_SEZIONE": "1"}
			},
		 		{ "type" : "Feature",
				"geometry" : {
					"type" : "Point",
					"coordinates" : [8.01573,44.23990]},
			"properties" : { "ANNO":"2010","ID_SEZIONE":"25601","ISTAT_COMUNE_SEZ":"4095","COMUNE_SEZ":"GARESSIO","PROVINCIA":"CN","ID_CENTRALE":"1069","NOME_CENTRALE":"PRIOLA","ISTAT_COMUNE_CENTR":"4177","COMUNE_CENTR":"PRIOLA","PROVINCIA_CENTR":"CN","INDIRIZZO_CENTRALE":"VINCENZO GIUSTA","LATITUDINE_SEZIONE":"44.23990","LONGITUDINE_SEZIONE":"8.01573","POS_X_SEZIONE":"421405.65027","POS_Y_SEZIONE":"4898989.05493","LATITUDINE_CENTRALE":"44.24340","LONGITUDINE_CENTRALE":"8.01459","POS_X_CENTRALE":"421319.45677","POS_Y_CENTRALE":"4899379.52313","TIPO_ADSL":"ADSL_M","DESCRIZIONE_TIPO_ADSL":"ADSL Mini","DISTANZA_CALCOLATA":"399.87","CLASSE_DISTANZA":"100-499","POTENZA_SEGNALE":"0.64","POPOLAZIONE_SEZIONE": "67"}
			},
		 		{ "type" : "Feature",
				"geometry" : {
					"type" : "Point",
					"coordinates" : [8.00118,44.25184]},
			"properties" : { "ANNO":"2010","ID_SEZIONE":"27050","ISTAT_COMUNE_SEZ":"4177","COMUNE_SEZ":"PRIOLA","PROVINCIA":"CN","ID_CENTRALE":"1069","NOME_CENTRALE":"PRIOLA","ISTAT_COMUNE_CENTR":"4177","COMUNE_CENTR":"PRIOLA","PROVINCIA_CENTR":"CN","INDIRIZZO_CENTRALE":"VINCENZO GIUSTA","LATITUDINE_SEZIONE":"44.25184","LONGITUDINE_SEZIONE":"8.00118","POS_X_SEZIONE":"420259.65193","POS_Y_SEZIONE":"4900329.55132","LATITUDINE_CENTRALE":"44.24340","LONGITUDINE_CENTRALE":"8.01459","POS_X_CENTRALE":"421319.45677","POS_Y_CENTRALE":"4899379.52313","TIPO_ADSL":"ADSL_M","DESCRIZIONE_TIPO_ADSL":"ADSL Mini","DISTANZA_CALCOLATA":"1423.28","CLASSE_DISTANZA":"1300-1699","POTENZA_SEGNALE":"0.64","POPOLAZIONE_SEZIONE": "2"}
			},
		 		{ "type" : "Feature",
				"geometry" : {
					"type" : "Point",
					"coordinates" : [8.01265,44.24972]},
			"properties" : { "ANNO":"2010","ID_SEZIONE":"27493","ISTAT_COMUNE_SEZ":"4177","COMUNE_SEZ":"PRIOLA","PROVINCIA":"CN","ID_CENTRALE":"1069","NOME_CENTRALE":"PRIOLA","ISTAT_COMUNE_CENTR":"4177","COMUNE_CENTR":"PRIOLA","PROVINCIA_CENTR":"CN","INDIRIZZO_CENTRALE":"VINCENZO GIUSTA","LATITUDINE_SEZIONE":"44.24972","LONGITUDINE_SEZIONE":"8.01265","POS_X_SEZIONE":"421172.42557","POS_Y_SEZIONE":"4900083.56041","LATITUDINE_CENTRALE":"44.24340","LONGITUDINE_CENTRALE":"8.01459","POS_X_CENTRALE":"421319.45677","POS_Y_CENTRALE":"4899379.52313","TIPO_ADSL":"ADSL_M","DESCRIZIONE_TIPO_ADSL":"ADSL Mini","DISTANZA_CALCOLATA":"719.23","CLASSE_DISTANZA":"500-899","POTENZA_SEGNALE":"0.64","POPOLAZIONE_SEZIONE": ""}
			}
		 		]
	}
		