 	{ "type" : "FeatureCollection",
		"features" : [
		 		{ "type" : "Feature",
				"geometry" : {
					"type" : "Point",
					"coordinates" : [8.15675,45.09910]},
			"properties" : { "ANNO":"2010","ID_SEZIONE":"741","ISTAT_COMUNE_SEZ":"6116","COMUNE_SEZ":"ODALENGO GRANDE","PROVINCIA":"AL","ID_CENTRALE":"1036","NOME_CENTRALE":"POZZO - ODALENGO GRANDE","ISTAT_COMUNE_CENTR":"6116","COMUNE_CENTR":"ODALENGO GRANDE","PROVINCIA_CENTR":"AL","INDIRIZZO_CENTRALE":"TORRE SAN QUIRICO","LATITUDINE_SEZIONE":"45.09910","LONGITUDINE_SEZIONE":"8.15675","POS_X_SEZIONE":"433653.66820","POS_Y_SEZIONE":"4994305.57035","LATITUDINE_CENTRALE":"45.09372","LONGITUDINE_CENTRALE":"8.18730","POS_X_CENTRALE":"436051.40177","POS_Y_CENTRALE":"4993683.15416","TIPO_ADSL":"NO","DESCRIZIONE_TIPO_ADSL":"NO Adsl","DISTANZA_CALCOLATA":"2477.2","CLASSE_DISTANZA":"2100-2499","POTENZA_SEGNALE":"","POPOLAZIONE_SEZIONE": "7"}
			},
		 		{ "type" : "Feature",
				"geometry" : {
					"type" : "Point",
					"coordinates" : [8.13285,45.10700]},
			"properties" : { "ANNO":"2010","ID_SEZIONE":"4427","ISTAT_COMUNE_SEZ":"6116","COMUNE_SEZ":"ODALENGO GRANDE","PROVINCIA":"AL","ID_CENTRALE":"1036","NOME_CENTRALE":"POZZO - ODALENGO GRANDE","ISTAT_COMUNE_CENTR":"6116","COMUNE_CENTR":"ODALENGO GRANDE","PROVINCIA_CENTR":"AL","INDIRIZZO_CENTRALE":"TORRE SAN QUIRICO","LATITUDINE_SEZIONE":"45.10700","LONGITUDINE_SEZIONE":"8.13285","POS_X_SEZIONE":"431782.87396","POS_Y_SEZIONE":"4995202.07467","LATITUDINE_CENTRALE":"45.09372","LONGITUDINE_CENTRALE":"8.18730","POS_X_CENTRALE":"436051.40177","POS_Y_CENTRALE":"4993683.15416","TIPO_ADSL":"NO","DESCRIZIONE_TIPO_ADSL":"NO Adsl","DISTANZA_CALCOLATA":"4530.72","CLASSE_DISTANZA":"4500-4899","POTENZA_SEGNALE":"","POPOLAZIONE_SEZIONE": "16"}
			},
		 		{ "type" : "Feature",
				"geometry" : {
					"type" : "Point",
					"coordinates" : [8.16428,45.09578]},
			"properties" : { "ANNO":"2010","ID_SEZIONE":"4659","ISTAT_COMUNE_SEZ":"6116","COMUNE_SEZ":"ODALENGO GRANDE","PROVINCIA":"AL","ID_CENTRALE":"1036","NOME_CENTRALE":"POZZO - ODALENGO GRANDE","ISTAT_COMUNE_CENTR":"6116","COMUNE_CENTR":"ODALENGO GRANDE","PROVINCIA_CENTR":"AL","INDIRIZZO_CENTRALE":"TORRE SAN QUIRICO","LATITUDINE_SEZIONE":"45.09578","LONGITUDINE_SEZIONE":"8.16428","POS_X_SEZIONE":"434242.24446","POS_Y_SEZIONE":"4993929.56728","LATITUDINE_CENTRALE":"45.09372","LONGITUDINE_CENTRALE":"8.18730","POS_X_CENTRALE":"436051.40177","POS_Y_CENTRALE":"4993683.15416","TIPO_ADSL":"NO","DESCRIZIONE_TIPO_ADSL":"NO Adsl","DISTANZA_CALCOLATA":"1825.86","CLASSE_DISTANZA":"1700-2099","POTENZA_SEGNALE":"","POPOLAZIONE_SEZIONE": "121"}
			},
		 		{ "type" : "Feature",
				"geometry" : {
					"type" : "Point",
					"coordinates" : [8.15787,45.11893]},
			"properties" : { "ANNO":"2010","ID_SEZIONE":"7347","ISTAT_COMUNE_SEZ":"6116","COMUNE_SEZ":"ODALENGO GRANDE","PROVINCIA":"AL","ID_CENTRALE":"1036","NOME_CENTRALE":"POZZO - ODALENGO GRANDE","ISTAT_COMUNE_CENTR":"6116","COMUNE_CENTR":"ODALENGO GRANDE","PROVINCIA_CENTR":"AL","INDIRIZZO_CENTRALE":"TORRE SAN QUIRICO","LATITUDINE_SEZIONE":"45.11893","LONGITUDINE_SEZIONE":"8.15787","POS_X_SEZIONE":"433765.03025","POS_Y_SEZIONE":"4996507.10328","LATITUDINE_CENTRALE":"45.09372","LONGITUDINE_CENTRALE":"8.18730","POS_X_CENTRALE":"436051.40177","POS_Y_CENTRALE":"4993683.15416","TIPO_ADSL":"NO","DESCRIZIONE_TIPO_ADSL":"NO Adsl","DISTANZA_CALCOLATA":"3633.48","CLASSE_DISTANZA":"3300-3699","POTENZA_SEGNALE":"","POPOLAZIONE_SEZIONE": "11"}
			},
		 		{ "type" : "Feature",
				"geometry" : {
					"type" : "Point",
					"coordinates" : [8.17199,45.08589]},
			"properties" : { "ANNO":"2010","ID_SEZIONE":"8188","ISTAT_COMUNE_SEZ":"6116","COMUNE_SEZ":"ODALENGO GRANDE","PROVINCIA":"AL","ID_CENTRALE":"1036","NOME_CENTRALE":"POZZO - ODALENGO GRANDE","ISTAT_COMUNE_CENTR":"6116","COMUNE_CENTR":"ODALENGO GRANDE","PROVINCIA_CENTR":"AL","INDIRIZZO_CENTRALE":"TORRE SAN QUIRICO","LATITUDINE_SEZIONE":"45.08589","LONGITUDINE_SEZIONE":"8.17199","POS_X_SEZIONE":"434837.62724","POS_Y_SEZIONE":"4992825.55192","LATITUDINE_CENTRALE":"45.09372","LONGITUDINE_CENTRALE":"8.18730","POS_X_CENTRALE":"436051.40177","POS_Y_CENTRALE":"4993683.15416","TIPO_ADSL":"NO","DESCRIZIONE_TIPO_ADSL":"NO Adsl","DISTANZA_CALCOLATA":"1486.18","CLASSE_DISTANZA":"1300-1699","POTENZA_SEGNALE":"","POPOLAZIONE_SEZIONE": "13"}
			},
		 		{ "type" : "Feature",
				"geometry" : {
					"type" : "Point",
					"coordinates" : [8.14992,45.10363]},
			"properties" : { "ANNO":"2010","ID_SEZIONE":"9642","ISTAT_COMUNE_SEZ":"6116","COMUNE_SEZ":"ODALENGO GRANDE","PROVINCIA":"AL","ID_CENTRALE":"1036","NOME_CENTRALE":"POZZO - ODALENGO GRANDE","ISTAT_COMUNE_CENTR":"6116","COMUNE_CENTR":"ODALENGO GRANDE","PROVINCIA_CENTR":"AL","INDIRIZZO_CENTRALE":"TORRE SAN QUIRICO","LATITUDINE_SEZIONE":"45.10363","LONGITUDINE_SEZIONE":"8.14992","POS_X_SEZIONE":"433121.77802","POS_Y_SEZIONE":"4994814.07544","LATITUDINE_CENTRALE":"45.09372","LONGITUDINE_CENTRALE":"8.18730","POS_X_CENTRALE":"436051.40177","POS_Y_CENTRALE":"4993683.15416","TIPO_ADSL":"NO","DESCRIZIONE_TIPO_ADSL":"NO Adsl","DISTANZA_CALCOLATA":"3140.33","CLASSE_DISTANZA":"2900-3299","POTENZA_SEGNALE":"","POPOLAZIONE_SEZIONE": "9"}
			},
		 		{ "type" : "Feature",
				"geometry" : {
					"type" : "Point",
					"coordinates" : [8.17348,45.09869]},
			"properties" : { "ANNO":"2010","ID_SEZIONE":"11287","ISTAT_COMUNE_SEZ":"6116","COMUNE_SEZ":"ODALENGO GRANDE","PROVINCIA":"AL","ID_CENTRALE":"1036","NOME_CENTRALE":"POZZO - ODALENGO GRANDE","ISTAT_COMUNE_CENTR":"6116","COMUNE_CENTR":"ODALENGO GRANDE","PROVINCIA_CENTR":"AL","INDIRIZZO_CENTRALE":"TORRE SAN QUIRICO","LATITUDINE_SEZIONE":"45.09869","LONGITUDINE_SEZIONE":"8.17348","POS_X_SEZIONE":"434969.45035","POS_Y_SEZIONE":"4994245.57470","LATITUDINE_CENTRALE":"45.09372","LONGITUDINE_CENTRALE":"8.18730","POS_X_CENTRALE":"436051.40177","POS_Y_CENTRALE":"4993683.15416","TIPO_ADSL":"NO","DESCRIZIONE_TIPO_ADSL":"NO Adsl","DISTANZA_CALCOLATA":"1219.4","CLASSE_DISTANZA":"900-1299","POTENZA_SEGNALE":"","POPOLAZIONE_SEZIONE": "12"}
			},
		 		{ "type" : "Feature",
				"geometry" : {
					"type" : "Point",
					"coordinates" : [8.18431,45.09434]},
			"properties" : { "ANNO":"2010","ID_SEZIONE":"11661","ISTAT_COMUNE_SEZ":"6116","COMUNE_SEZ":"ODALENGO GRANDE","PROVINCIA":"AL","ID_CENTRALE":"1036","NOME_CENTRALE":"POZZO - ODALENGO GRANDE","ISTAT_COMUNE_CENTR":"6116","COMUNE_CENTR":"ODALENGO GRANDE","PROVINCIA_CENTR":"AL","INDIRIZZO_CENTRALE":"TORRE SAN QUIRICO","LATITUDINE_SEZIONE":"45.09434","LONGITUDINE_SEZIONE":"8.18431","POS_X_SEZIONE":"435816.48932","POS_Y_SEZIONE":"4993753.56984","LATITUDINE_CENTRALE":"45.09372","LONGITUDINE_CENTRALE":"8.18730","POS_X_CENTRALE":"436051.40177","POS_Y_CENTRALE":"4993683.15416","TIPO_ADSL":"NO","DESCRIZIONE_TIPO_ADSL":"NO Adsl","DISTANZA_CALCOLATA":"245.24","CLASSE_DISTANZA":"100-499","POTENZA_SEGNALE":"","POPOLAZIONE_SEZIONE": "38"}
			},
		 		{ "type" : "Feature",
				"geometry" : {
					"type" : "Point",
					"coordinates" : [8.14372,45.10840]},
			"properties" : { "ANNO":"2010","ID_SEZIONE":"13770","ISTAT_COMUNE_SEZ":"6116","COMUNE_SEZ":"ODALENGO GRANDE","PROVINCIA":"AL","ID_CENTRALE":"1036","NOME_CENTRALE":"POZZO - ODALENGO GRANDE","ISTAT_COMUNE_CENTR":"6116","COMUNE_CENTR":"ODALENGO GRANDE","PROVINCIA_CENTR":"AL","INDIRIZZO_CENTRALE":"TORRE SAN QUIRICO","LATITUDINE_SEZIONE":"45.10840","LONGITUDINE_SEZIONE":"8.14372","POS_X_SEZIONE":"432639.29329","POS_Y_SEZIONE":"4995349.08062","LATITUDINE_CENTRALE":"45.09372","LONGITUDINE_CENTRALE":"8.18730","POS_X_CENTRALE":"436051.40177","POS_Y_CENTRALE":"4993683.15416","TIPO_ADSL":"NO","DESCRIZIONE_TIPO_ADSL":"NO Adsl","DISTANZA_CALCOLATA":"3797.08","CLASSE_DISTANZA":"3700-4099","POTENZA_SEGNALE":"","POPOLAZIONE_SEZIONE": "39"}
			},
		 		{ "type" : "Feature",
				"geometry" : {
					"type" : "Point",
					"coordinates" : [8.17552,45.09101]},
			"properties" : { "ANNO":"2010","ID_SEZIONE":"15460","ISTAT_COMUNE_SEZ":"6116","COMUNE_SEZ":"ODALENGO GRANDE","PROVINCIA":"AL","ID_CENTRALE":"1036","NOME_CENTRALE":"POZZO - ODALENGO GRANDE","ISTAT_COMUNE_CENTR":"6116","COMUNE_CENTR":"ODALENGO GRANDE","PROVINCIA_CENTR":"AL","INDIRIZZO_CENTRALE":"TORRE SAN QUIRICO","LATITUDINE_SEZIONE":"45.09101","LONGITUDINE_SEZIONE":"8.17552","POS_X_SEZIONE":"435121.40734","POS_Y_SEZIONE":"4993391.06155","LATITUDINE_CENTRALE":"45.09372","LONGITUDINE_CENTRALE":"8.18730","POS_X_CENTRALE":"436051.40177","POS_Y_CENTRALE":"4993683.15416","TIPO_ADSL":"NO","DESCRIZIONE_TIPO_ADSL":"NO Adsl","DISTANZA_CALCOLATA":"974.79","CLASSE_DISTANZA":"900-1299","POTENZA_SEGNALE":"","POPOLAZIONE_SEZIONE": "9"}
			},
		 		{ "type" : "Feature",
				"geometry" : {
					"type" : "Point",
					"coordinates" : [8.17997,45.10090]},
			"properties" : { "ANNO":"2010","ID_SEZIONE":"19742","ISTAT_COMUNE_SEZ":"6116","COMUNE_SEZ":"ODALENGO GRANDE","PROVINCIA":"AL","ID_CENTRALE":"1036","NOME_CENTRALE":"POZZO - ODALENGO GRANDE","ISTAT_COMUNE_CENTR":"6116","COMUNE_CENTR":"ODALENGO GRANDE","PROVINCIA_CENTR":"AL","INDIRIZZO_CENTRALE":"TORRE SAN QUIRICO","LATITUDINE_SEZIONE":"45.10090","LONGITUDINE_SEZIONE":"8.17997","POS_X_SEZIONE":"435482.94180","POS_Y_SEZIONE":"4994486.08056","LATITUDINE_CENTRALE":"45.09372","LONGITUDINE_CENTRALE":"8.18730","POS_X_CENTRALE":"436051.40177","POS_Y_CENTRALE":"4993683.15416","TIPO_ADSL":"NO","DESCRIZIONE_TIPO_ADSL":"NO Adsl","DISTANZA_CALCOLATA":"983.79","CLASSE_DISTANZA":"900-1299","POTENZA_SEGNALE":"","POPOLAZIONE_SEZIONE": "35"}
			},
		 		{ "type" : "Feature",
				"geometry" : {
					"type" : "Point",
					"coordinates" : [8.13928,45.12341]},
			"properties" : { "ANNO":"2010","ID_SEZIONE":"19915","ISTAT_COMUNE_SEZ":"6116","COMUNE_SEZ":"ODALENGO GRANDE","PROVINCIA":"AL","ID_CENTRALE":"1036","NOME_CENTRALE":"POZZO - ODALENGO GRANDE","ISTAT_COMUNE_CENTR":"6116","COMUNE_CENTR":"ODALENGO GRANDE","PROVINCIA_CENTR":"AL","INDIRIZZO_CENTRALE":"TORRE SAN QUIRICO","LATITUDINE_SEZIONE":"45.12341","LONGITUDINE_SEZIONE":"8.13928","POS_X_SEZIONE":"432308.03492","POS_Y_SEZIONE":"4997019.60197","LATITUDINE_CENTRALE":"45.09372","LONGITUDINE_CENTRALE":"8.18730","POS_X_CENTRALE":"436051.40177","POS_Y_CENTRALE":"4993683.15416","TIPO_ADSL":"NO","DESCRIZIONE_TIPO_ADSL":"NO Adsl","DISTANZA_CALCOLATA":"5014.45","CLASSE_DISTANZA":"4900-5299","POTENZA_SEGNALE":"","POPOLAZIONE_SEZIONE": "20"}
			},
		 		{ "type" : "Feature",
				"geometry" : {
					"type" : "Point",
					"coordinates" : [8.17262,45.11186]},
			"properties" : { "ANNO":"2010","ID_SEZIONE":"20908","ISTAT_COMUNE_SEZ":"6116","COMUNE_SEZ":"ODALENGO GRANDE","PROVINCIA":"AL","ID_CENTRALE":"1036","NOME_CENTRALE":"POZZO - ODALENGO GRANDE","ISTAT_COMUNE_CENTR":"6116","COMUNE_CENTR":"ODALENGO GRANDE","PROVINCIA_CENTR":"AL","INDIRIZZO_CENTRALE":"TORRE SAN QUIRICO","LATITUDINE_SEZIONE":"45.11186","LONGITUDINE_SEZIONE":"8.17262","POS_X_SEZIONE":"434916.90481","POS_Y_SEZIONE":"4995709.59774","LATITUDINE_CENTRALE":"45.09372","LONGITUDINE_CENTRALE":"8.18730","POS_X_CENTRALE":"436051.40177","POS_Y_CENTRALE":"4993683.15416","TIPO_ADSL":"NO","DESCRIZIONE_TIPO_ADSL":"NO Adsl","DISTANZA_CALCOLATA":"2322.4","CLASSE_DISTANZA":"2100-2499","POTENZA_SEGNALE":"","POPOLAZIONE_SEZIONE": "19"}
			},
		 		{ "type" : "Feature",
				"geometry" : {
					"type" : "Point",
					"coordinates" : [8.19438,45.09037]},
			"properties" : { "ANNO":"2010","ID_SEZIONE":"23148","ISTAT_COMUNE_SEZ":"6116","COMUNE_SEZ":"ODALENGO GRANDE","PROVINCIA":"AL","ID_CENTRALE":"1036","NOME_CENTRALE":"POZZO - ODALENGO GRANDE","ISTAT_COMUNE_CENTR":"6116","COMUNE_CENTR":"ODALENGO GRANDE","PROVINCIA_CENTR":"AL","INDIRIZZO_CENTRALE":"TORRE SAN QUIRICO","LATITUDINE_SEZIONE":"45.09037","LONGITUDINE_SEZIONE":"8.19438","POS_X_SEZIONE":"436604.93502","POS_Y_SEZIONE":"4993305.06501","LATITUDINE_CENTRALE":"45.09372","LONGITUDINE_CENTRALE":"8.18730","POS_X_CENTRALE":"436051.40177","POS_Y_CENTRALE":"4993683.15416","TIPO_ADSL":"NO","DESCRIZIONE_TIPO_ADSL":"NO Adsl","DISTANZA_CALCOLATA":"670.34","CLASSE_DISTANZA":"500-899","POTENZA_SEGNALE":"","POPOLAZIONE_SEZIONE": "6"}
			},
		 		{ "type" : "Feature",
				"geometry" : {
					"type" : "Point",
					"coordinates" : [8.14334,45.11203]},
			"properties" : { "ANNO":"2010","ID_SEZIONE":"23995","ISTAT_COMUNE_SEZ":"6116","COMUNE_SEZ":"ODALENGO GRANDE","PROVINCIA":"AL","ID_CENTRALE":"1036","NOME_CENTRALE":"POZZO - ODALENGO GRANDE","ISTAT_COMUNE_CENTR":"6116","COMUNE_CENTR":"ODALENGO GRANDE","PROVINCIA_CENTR":"AL","INDIRIZZO_CENTRALE":"TORRE SAN QUIRICO","LATITUDINE_SEZIONE":"45.11203","LONGITUDINE_SEZIONE":"8.14334","POS_X_SEZIONE":"432613.95492","POS_Y_SEZIONE":"4995752.08658","LATITUDINE_CENTRALE":"45.09372","LONGITUDINE_CENTRALE":"8.18730","POS_X_CENTRALE":"436051.40177","POS_Y_CENTRALE":"4993683.15416","TIPO_ADSL":"NO","DESCRIZIONE_TIPO_ADSL":"NO Adsl","DISTANZA_CALCOLATA":"4012.05","CLASSE_DISTANZA":"3700-4099","POTENZA_SEGNALE":"","POPOLAZIONE_SEZIONE": "14"}
			},
		 		{ "type" : "Feature",
				"geometry" : {
					"type" : "Point",
					"coordinates" : [8.16682,45.10938]},
			"properties" : { "ANNO":"2010","ID_SEZIONE":"25050","ISTAT_COMUNE_SEZ":"6116","COMUNE_SEZ":"ODALENGO GRANDE","PROVINCIA":"AL","ID_CENTRALE":"1036","NOME_CENTRALE":"POZZO - ODALENGO GRANDE","ISTAT_COMUNE_CENTR":"6116","COMUNE_CENTR":"ODALENGO GRANDE","PROVINCIA_CENTR":"AL","INDIRIZZO_CENTRALE":"TORRE SAN QUIRICO","LATITUDINE_SEZIONE":"45.10938","LONGITUDINE_SEZIONE":"8.16682","POS_X_SEZIONE":"434457.87991","POS_Y_SEZIONE":"4995438.59102","LATITUDINE_CENTRALE":"45.09372","LONGITUDINE_CENTRALE":"8.18730","POS_X_CENTRALE":"436051.40177","POS_Y_CENTRALE":"4993683.15416","TIPO_ADSL":"NO","DESCRIZIONE_TIPO_ADSL":"NO Adsl","DISTANZA_CALCOLATA":"2370.84","CLASSE_DISTANZA":"2100-2499","POTENZA_SEGNALE":"","POPOLAZIONE_SEZIONE": "45"}
			},
		 		{ "type" : "Feature",
				"geometry" : {
					"type" : "Point",
					"coordinates" : [8.15552,45.11001]},
			"properties" : { "ANNO":"2010","ID_SEZIONE":"28540","ISTAT_COMUNE_SEZ":"6116","COMUNE_SEZ":"ODALENGO GRANDE","PROVINCIA":"AL","ID_CENTRALE":"1036","NOME_CENTRALE":"POZZO - ODALENGO GRANDE","ISTAT_COMUNE_CENTR":"6116","COMUNE_CENTR":"ODALENGO GRANDE","PROVINCIA_CENTR":"AL","INDIRIZZO_CENTRALE":"TORRE SAN QUIRICO","LATITUDINE_SEZIONE":"45.11001","LONGITUDINE_SEZIONE":"8.15552","POS_X_SEZIONE":"433569.11908","POS_Y_SEZIONE":"4995517.58802","LATITUDINE_CENTRALE":"45.09372","LONGITUDINE_CENTRALE":"8.18730","POS_X_CENTRALE":"436051.40177","POS_Y_CENTRALE":"4993683.15416","TIPO_ADSL":"NO","DESCRIZIONE_TIPO_ADSL":"NO Adsl","DISTANZA_CALCOLATA":"3086.56","CLASSE_DISTANZA":"2900-3299","POTENZA_SEGNALE":"","POPOLAZIONE_SEZIONE": "8"}
			},
		 		{ "type" : "Feature",
				"geometry" : {
					"type" : "Point",
					"coordinates" : [8.17768,45.08857]},
			"properties" : { "ANNO":"2010","ID_SEZIONE":"29871","ISTAT_COMUNE_SEZ":"6116","COMUNE_SEZ":"ODALENGO GRANDE","PROVINCIA":"AL","ID_CENTRALE":"1036","NOME_CENTRALE":"POZZO - ODALENGO GRANDE","ISTAT_COMUNE_CENTR":"6116","COMUNE_CENTR":"ODALENGO GRANDE","PROVINCIA_CENTR":"AL","INDIRIZZO_CENTRALE":"TORRE SAN QUIRICO","LATITUDINE_SEZIONE":"45.08857","LONGITUDINE_SEZIONE":"8.17768","POS_X_SEZIONE":"435288.71255","POS_Y_SEZIONE":"4993118.55774","LATITUDINE_CENTRALE":"45.09372","LONGITUDINE_CENTRALE":"8.18730","POS_X_CENTRALE":"436051.40177","POS_Y_CENTRALE":"4993683.15416","TIPO_ADSL":"NO","DESCRIZIONE_TIPO_ADSL":"NO Adsl","DISTANZA_CALCOLATA":"948.93","CLASSE_DISTANZA":"900-1299","POTENZA_SEGNALE":"","POPOLAZIONE_SEZIONE": "101"}
			},
		 		{ "type" : "Feature",
				"geometry" : {
					"type" : "Point",
					"coordinates" : [8.13340,45.11192]},
			"properties" : { "ANNO":"2010","ID_SEZIONE":"31518","ISTAT_COMUNE_SEZ":"6116","COMUNE_SEZ":"ODALENGO GRANDE","PROVINCIA":"AL","ID_CENTRALE":"1036","NOME_CENTRALE":"POZZO - ODALENGO GRANDE","ISTAT_COMUNE_CENTR":"6116","COMUNE_CENTR":"ODALENGO GRANDE","PROVINCIA_CENTR":"AL","INDIRIZZO_CENTRALE":"TORRE SAN QUIRICO","LATITUDINE_SEZIONE":"45.11192","LONGITUDINE_SEZIONE":"8.13340","POS_X_SEZIONE":"431831.72132","POS_Y_SEZIONE":"4995748.08222","LATITUDINE_CENTRALE":"45.09372","LONGITUDINE_CENTRALE":"8.18730","POS_X_CENTRALE":"436051.40177","POS_Y_CENTRALE":"4993683.15416","TIPO_ADSL":"NO","DESCRIZIONE_TIPO_ADSL":"NO Adsl","DISTANZA_CALCOLATA":"4697.83","CLASSE_DISTANZA":"4500-4899","POTENZA_SEGNALE":"","POPOLAZIONE_SEZIONE": "10"}
			}
		 		]
	}
		