 	{ "type" : "FeatureCollection",
		"features" : [
		 		{ "type" : "Feature",
				"geometry" : {
					"type" : "Point",
					"coordinates" : [7.75102,44.71986]},
			"properties" : { "ANNO":"2010","ID_SEZIONE":"231","ISTAT_COMUNE_SEZ":"4059","COMUNE_SEZ":"CAVALLERMAGGIORE","PROVINCIA":"CN","ID_CENTRALE":"1355","NOME_CENTRALE":"SOMMARIVA DEL BOSCO","ISTAT_COMUNE_CENTR":"4222","COMUNE_CENTR":"SOMMARIVA DEL BOSCO","PROVINCIA_CENTR":"CN","INDIRIZZO_CENTRALE":"BALBO N.16","LATITUDINE_SEZIONE":"44.71986","LONGITUDINE_SEZIONE":"7.75102","POS_X_SEZIONE":"401082.39239","POS_Y_SEZIONE":"4952589.47841","LATITUDINE_CENTRALE":"44.76943","LONGITUDINE_CENTRALE":"7.78283","POS_X_CENTRALE":"403684.37666","POS_Y_CENTRALE":"4958058.32863","TIPO_ADSL":"ADSL_1","DESCRIZIONE_TIPO_ADSL":"ADSL (8 mega)","DISTANZA_CALCOLATA":"6056.29","CLASSE_DISTANZA":"5700-6099","POTENZA_SEGNALE":"0.00","POPOLAZIONE_SEZIONE": "9"}
			},
		 		{ "type" : "Feature",
				"geometry" : {
					"type" : "Point",
					"coordinates" : [7.76545,44.77953]},
			"properties" : { "ANNO":"2010","ID_SEZIONE":"1843","ISTAT_COMUNE_SEZ":"4222","COMUNE_SEZ":"SOMMARIVA DEL BOSCO","PROVINCIA":"CN","ID_CENTRALE":"1355","NOME_CENTRALE":"SOMMARIVA DEL BOSCO","ISTAT_COMUNE_CENTR":"4222","COMUNE_CENTR":"SOMMARIVA DEL BOSCO","PROVINCIA_CENTR":"CN","INDIRIZZO_CENTRALE":"BALBO N.16","LATITUDINE_SEZIONE":"44.77953","LONGITUDINE_SEZIONE":"7.76545","POS_X_SEZIONE":"402326.18990","POS_Y_SEZIONE":"4959200.61083","LATITUDINE_CENTRALE":"44.76943","LONGITUDINE_CENTRALE":"7.78283","POS_X_CENTRALE":"403684.37666","POS_Y_CENTRALE":"4958058.32863","TIPO_ADSL":"ADSL_1","DESCRIZIONE_TIPO_ADSL":"ADSL (8 mega)","DISTANZA_CALCOLATA":"1774.68","CLASSE_DISTANZA":"1700-2099","POTENZA_SEGNALE":"6874.88","POPOLAZIONE_SEZIONE": "15"}
			},
		 		{ "type" : "Feature",
				"geometry" : {
					"type" : "Point",
					"coordinates" : [7.79969,44.75453]},
			"properties" : { "ANNO":"2010","ID_SEZIONE":"2269","ISTAT_COMUNE_SEZ":"4208","COMUNE_SEZ":"SANFRE'","PROVINCIA":"CN","ID_CENTRALE":"1355","NOME_CENTRALE":"SOMMARIVA DEL BOSCO","ISTAT_COMUNE_CENTR":"4222","COMUNE_CENTR":"SOMMARIVA DEL BOSCO","PROVINCIA_CENTR":"CN","INDIRIZZO_CENTRALE":"BALBO N.16","LATITUDINE_SEZIONE":"44.75453","LONGITUDINE_SEZIONE":"7.79969","POS_X_SEZIONE":"404994.29461","POS_Y_SEZIONE":"4956383.12756","LATITUDINE_CENTRALE":"44.76943","LONGITUDINE_CENTRALE":"7.78283","POS_X_CENTRALE":"403684.37666","POS_Y_CENTRALE":"4958058.32863","TIPO_ADSL":"ADSL_1","DESCRIZIONE_TIPO_ADSL":"ADSL (8 mega)","DISTANZA_CALCOLATA":"2126.54","CLASSE_DISTANZA":"2100-2499","POTENZA_SEGNALE":"6500.38","POPOLAZIONE_SEZIONE": "642"}
			},
		 		{ "type" : "Feature",
				"geometry" : {
					"type" : "Point",
					"coordinates" : [7.80869,44.79193]},
			"properties" : { "ANNO":"2010","ID_SEZIONE":"4157","ISTAT_COMUNE_SEZ":"4222","COMUNE_SEZ":"SOMMARIVA DEL BOSCO","PROVINCIA":"CN","ID_CENTRALE":"1355","NOME_CENTRALE":"SOMMARIVA DEL BOSCO","ISTAT_COMUNE_CENTR":"4222","COMUNE_CENTR":"SOMMARIVA DEL BOSCO","PROVINCIA_CENTR":"CN","INDIRIZZO_CENTRALE":"BALBO N.16","LATITUDINE_SEZIONE":"44.79193","LONGITUDINE_SEZIONE":"7.80869","POS_X_SEZIONE":"405767.22670","POS_Y_SEZIONE":"4960527.21154","LATITUDINE_CENTRALE":"44.76943","LONGITUDINE_CENTRALE":"7.78283","POS_X_CENTRALE":"403684.37666","POS_Y_CENTRALE":"4958058.32863","TIPO_ADSL":"ADSL_1","DESCRIZIONE_TIPO_ADSL":"ADSL (8 mega)","DISTANZA_CALCOLATA":"3230.12","CLASSE_DISTANZA":"2900-3299","POTENZA_SEGNALE":"4999.75","POPOLAZIONE_SEZIONE": "5"}
			},
		 		{ "type" : "Feature",
				"geometry" : {
					"type" : "Point",
					"coordinates" : [7.74614,44.73910]},
			"properties" : { "ANNO":"2010","ID_SEZIONE":"5957","ISTAT_COMUNE_SEZ":"4222","COMUNE_SEZ":"SOMMARIVA DEL BOSCO","PROVINCIA":"CN","ID_CENTRALE":"1355","NOME_CENTRALE":"SOMMARIVA DEL BOSCO","ISTAT_COMUNE_CENTR":"4222","COMUNE_CENTR":"SOMMARIVA DEL BOSCO","PROVINCIA_CENTR":"CN","INDIRIZZO_CENTRALE":"BALBO N.16","LATITUDINE_SEZIONE":"44.73910","LONGITUDINE_SEZIONE":"7.74614","POS_X_SEZIONE":"400729.39758","POS_Y_SEZIONE":"4954733.49787","LATITUDINE_CENTRALE":"44.76943","LONGITUDINE_CENTRALE":"7.78283","POS_X_CENTRALE":"403684.37666","POS_Y_CENTRALE":"4958058.32863","TIPO_ADSL":"ADSL_1","DESCRIZIONE_TIPO_ADSL":"ADSL (8 mega)","DISTANZA_CALCOLATA":"4448.19","CLASSE_DISTANZA":"4100-4499","POTENZA_SEGNALE":"2125.38","POPOLAZIONE_SEZIONE": "4"}
			},
		 		{ "type" : "Feature",
				"geometry" : {
					"type" : "Point",
					"coordinates" : [7.78002,44.77160]},
			"properties" : { "ANNO":"2010","ID_SEZIONE":"8044","ISTAT_COMUNE_SEZ":"4222","COMUNE_SEZ":"SOMMARIVA DEL BOSCO","PROVINCIA":"CN","ID_CENTRALE":"1355","NOME_CENTRALE":"SOMMARIVA DEL BOSCO","ISTAT_COMUNE_CENTR":"4222","COMUNE_CENTR":"SOMMARIVA DEL BOSCO","PROVINCIA_CENTR":"CN","INDIRIZZO_CENTRALE":"BALBO N.16","LATITUDINE_SEZIONE":"44.77160","LONGITUDINE_SEZIONE":"7.78002","POS_X_SEZIONE":"403465.25524","POS_Y_SEZIONE":"4958302.62222","LATITUDINE_CENTRALE":"44.76943","LONGITUDINE_CENTRALE":"7.78283","POS_X_CENTRALE":"403684.37666","POS_Y_CENTRALE":"4958058.32863","TIPO_ADSL":"ADSL_1","DESCRIZIONE_TIPO_ADSL":"ADSL (8 mega)","DISTANZA_CALCOLATA":"328.17","CLASSE_DISTANZA":"100-499","POTENZA_SEGNALE":"7000","POPOLAZIONE_SEZIONE": "414"}
			},
		 		{ "type" : "Feature",
				"geometry" : {
					"type" : "Point",
					"coordinates" : [7.76833,44.79514]},
			"properties" : { "ANNO":"2010","ID_SEZIONE":"9136","ISTAT_COMUNE_SEZ":"4222","COMUNE_SEZ":"SOMMARIVA DEL BOSCO","PROVINCIA":"CN","ID_CENTRALE":"1355","NOME_CENTRALE":"SOMMARIVA DEL BOSCO","ISTAT_COMUNE_CENTR":"4222","COMUNE_CENTR":"SOMMARIVA DEL BOSCO","PROVINCIA_CENTR":"CN","INDIRIZZO_CENTRALE":"BALBO N.16","LATITUDINE_SEZIONE":"44.79514","LONGITUDINE_SEZIONE":"7.76833","POS_X_SEZIONE":"402579.89358","POS_Y_SEZIONE":"4960931.14728","LATITUDINE_CENTRALE":"44.76943","LONGITUDINE_CENTRALE":"7.78283","POS_X_CENTRALE":"403684.37666","POS_Y_CENTRALE":"4958058.32863","TIPO_ADSL":"ADSL_1","DESCRIZIONE_TIPO_ADSL":"ADSL (8 mega)","DISTANZA_CALCOLATA":"3077.82","CLASSE_DISTANZA":"2900-3299","POTENZA_SEGNALE":"4999.75","POPOLAZIONE_SEZIONE": "61"}
			},
		 		{ "type" : "Feature",
				"geometry" : {
					"type" : "Point",
					"coordinates" : [7.76296,44.73214]},
			"properties" : { "ANNO":"2010","ID_SEZIONE":"10247","ISTAT_COMUNE_SEZ":"4208","COMUNE_SEZ":"SANFRE'","PROVINCIA":"CN","ID_CENTRALE":"1355","NOME_CENTRALE":"SOMMARIVA DEL BOSCO","ISTAT_COMUNE_CENTR":"4222","COMUNE_CENTR":"SOMMARIVA DEL BOSCO","PROVINCIA_CENTR":"CN","INDIRIZZO_CENTRALE":"BALBO N.16","LATITUDINE_SEZIONE":"44.73214","LONGITUDINE_SEZIONE":"7.76296","POS_X_SEZIONE":"402048.96340","POS_Y_SEZIONE":"4953939.02183","LATITUDINE_CENTRALE":"44.76943","LONGITUDINE_CENTRALE":"7.78283","POS_X_CENTRALE":"403684.37666","POS_Y_CENTRALE":"4958058.32863","TIPO_ADSL":"ADSL_1","DESCRIZIONE_TIPO_ADSL":"ADSL (8 mega)","DISTANZA_CALCOLATA":"4432.07","CLASSE_DISTANZA":"4100-4499","POTENZA_SEGNALE":"2125.38","POPOLAZIONE_SEZIONE": "5"}
			},
		 		{ "type" : "Feature",
				"geometry" : {
					"type" : "Point",
					"coordinates" : [7.78541,44.76740]},
			"properties" : { "ANNO":"2010","ID_SEZIONE":"10380","ISTAT_COMUNE_SEZ":"4222","COMUNE_SEZ":"SOMMARIVA DEL BOSCO","PROVINCIA":"CN","ID_CENTRALE":"1355","NOME_CENTRALE":"SOMMARIVA DEL BOSCO","ISTAT_COMUNE_CENTR":"4222","COMUNE_CENTR":"SOMMARIVA DEL BOSCO","PROVINCIA_CENTR":"CN","INDIRIZZO_CENTRALE":"BALBO N.16","LATITUDINE_SEZIONE":"44.76740","LONGITUDINE_SEZIONE":"7.78541","POS_X_SEZIONE":"403884.97595","POS_Y_SEZIONE":"4957829.12411","LATITUDINE_CENTRALE":"44.76943","LONGITUDINE_CENTRALE":"7.78283","POS_X_CENTRALE":"403684.37666","POS_Y_CENTRALE":"4958058.32863","TIPO_ADSL":"ADSL_1","DESCRIZIONE_TIPO_ADSL":"ADSL (8 mega)","DISTANZA_CALCOLATA":"304.59","CLASSE_DISTANZA":"100-499","POTENZA_SEGNALE":"7000","POPOLAZIONE_SEZIONE": "625"}
			},
		 		{ "type" : "Feature",
				"geometry" : {
					"type" : "Point",
					"coordinates" : [7.73729,44.74383]},
			"properties" : { "ANNO":"2010","ID_SEZIONE":"11409","ISTAT_COMUNE_SEZ":"4222","COMUNE_SEZ":"SOMMARIVA DEL BOSCO","PROVINCIA":"CN","ID_CENTRALE":"1355","NOME_CENTRALE":"SOMMARIVA DEL BOSCO","ISTAT_COMUNE_CENTR":"4222","COMUNE_CENTR":"SOMMARIVA DEL BOSCO","PROVINCIA_CENTR":"CN","INDIRIZZO_CENTRALE":"BALBO N.16","LATITUDINE_SEZIONE":"44.74383","LONGITUDINE_SEZIONE":"7.73729","POS_X_SEZIONE":"400036.83105","POS_Y_SEZIONE":"4955269.48763","LATITUDINE_CENTRALE":"44.76943","LONGITUDINE_CENTRALE":"7.78283","POS_X_CENTRALE":"403684.37666","POS_Y_CENTRALE":"4958058.32863","TIPO_ADSL":"ADSL_1","DESCRIZIONE_TIPO_ADSL":"ADSL (8 mega)","DISTANZA_CALCOLATA":"4591.54","CLASSE_DISTANZA":"4500-4899","POTENZA_SEGNALE":"1470","POPOLAZIONE_SEZIONE": "129"}
			},
		 		{ "type" : "Feature",
				"geometry" : {
					"type" : "Point",
					"coordinates" : [7.77999,44.76739]},
			"properties" : { "ANNO":"2010","ID_SEZIONE":"11768","ISTAT_COMUNE_SEZ":"4222","COMUNE_SEZ":"SOMMARIVA DEL BOSCO","PROVINCIA":"CN","ID_CENTRALE":"1355","NOME_CENTRALE":"SOMMARIVA DEL BOSCO","ISTAT_COMUNE_CENTR":"4222","COMUNE_CENTR":"SOMMARIVA DEL BOSCO","PROVINCIA_CENTR":"CN","INDIRIZZO_CENTRALE":"BALBO N.16","LATITUDINE_SEZIONE":"44.76739","LONGITUDINE_SEZIONE":"7.77999","POS_X_SEZIONE":"403456.13396","POS_Y_SEZIONE":"4957835.11400","LATITUDINE_CENTRALE":"44.76943","LONGITUDINE_CENTRALE":"7.78283","POS_X_CENTRALE":"403684.37666","POS_Y_CENTRALE":"4958058.32863","TIPO_ADSL":"ADSL_1","DESCRIZIONE_TIPO_ADSL":"ADSL (8 mega)","DISTANZA_CALCOLATA":"319.25","CLASSE_DISTANZA":"100-499","POTENZA_SEGNALE":"7000","POPOLAZIONE_SEZIONE": "503"}
			},
		 		{ "type" : "Feature",
				"geometry" : {
					"type" : "Point",
					"coordinates" : [7.78994,44.79520]},
			"properties" : { "ANNO":"2010","ID_SEZIONE":"14250","ISTAT_COMUNE_SEZ":"4222","COMUNE_SEZ":"SOMMARIVA DEL BOSCO","PROVINCIA":"CN","ID_CENTRALE":"1355","NOME_CENTRALE":"SOMMARIVA DEL BOSCO","ISTAT_COMUNE_CENTR":"4222","COMUNE_CENTR":"SOMMARIVA DEL BOSCO","PROVINCIA_CENTR":"CN","INDIRIZZO_CENTRALE":"BALBO N.16","LATITUDINE_SEZIONE":"44.79520","LONGITUDINE_SEZIONE":"7.78994","POS_X_SEZIONE":"404289.66689","POS_Y_SEZIONE":"4960912.68456","LATITUDINE_CENTRALE":"44.76943","LONGITUDINE_CENTRALE":"7.78283","POS_X_CENTRALE":"403684.37666","POS_Y_CENTRALE":"4958058.32863","TIPO_ADSL":"ADSL_1","DESCRIZIONE_TIPO_ADSL":"ADSL (8 mega)","DISTANZA_CALCOLATA":"2917.83","CLASSE_DISTANZA":"2900-3299","POTENZA_SEGNALE":"4999.75","POPOLAZIONE_SEZIONE": ""}
			},
		 		{ "type" : "Feature",
				"geometry" : {
					"type" : "Point",
					"coordinates" : [7.74466,44.73436]},
			"properties" : { "ANNO":"2010","ID_SEZIONE":"14367","ISTAT_COMUNE_SEZ":"4222","COMUNE_SEZ":"SOMMARIVA DEL BOSCO","PROVINCIA":"CN","ID_CENTRALE":"1355","NOME_CENTRALE":"SOMMARIVA DEL BOSCO","ISTAT_COMUNE_CENTR":"4222","COMUNE_CENTR":"SOMMARIVA DEL BOSCO","PROVINCIA_CENTR":"CN","INDIRIZZO_CENTRALE":"BALBO N.16","LATITUDINE_SEZIONE":"44.73436","LONGITUDINE_SEZIONE":"7.74466","POS_X_SEZIONE":"400603.96731","POS_Y_SEZIONE":"4954208.48743","LATITUDINE_CENTRALE":"44.76943","LONGITUDINE_CENTRALE":"7.78283","POS_X_CENTRALE":"403684.37666","POS_Y_CENTRALE":"4958058.32863","TIPO_ADSL":"ADSL_1","DESCRIZIONE_TIPO_ADSL":"ADSL (8 mega)","DISTANZA_CALCOLATA":"4930.54","CLASSE_DISTANZA":"4900-5299","POTENZA_SEGNALE":"125.13","POPOLAZIONE_SEZIONE": "43"}
			},
		 		{ "type" : "Feature",
				"geometry" : {
					"type" : "Point",
					"coordinates" : [7.77242,44.77333]},
			"properties" : { "ANNO":"2010","ID_SEZIONE":"14505","ISTAT_COMUNE_SEZ":"4222","COMUNE_SEZ":"SOMMARIVA DEL BOSCO","PROVINCIA":"CN","ID_CENTRALE":"1355","NOME_CENTRALE":"SOMMARIVA DEL BOSCO","ISTAT_COMUNE_CENTR":"4222","COMUNE_CENTR":"SOMMARIVA DEL BOSCO","PROVINCIA_CENTR":"CN","INDIRIZZO_CENTRALE":"BALBO N.16","LATITUDINE_SEZIONE":"44.77333","LONGITUDINE_SEZIONE":"7.77242","POS_X_SEZIONE":"402867.13121","POS_Y_SEZIONE":"4958503.61141","LATITUDINE_CENTRALE":"44.76943","LONGITUDINE_CENTRALE":"7.78283","POS_X_CENTRALE":"403684.37666","POS_Y_CENTRALE":"4958058.32863","TIPO_ADSL":"ADSL_1","DESCRIZIONE_TIPO_ADSL":"ADSL (8 mega)","DISTANZA_CALCOLATA":"930.68","CLASSE_DISTANZA":"900-1299","POTENZA_SEGNALE":"7000","POPOLAZIONE_SEZIONE": "709"}
			},
		 		{ "type" : "Feature",
				"geometry" : {
					"type" : "Point",
					"coordinates" : [7.76211,44.74746]},
			"properties" : { "ANNO":"2010","ID_SEZIONE":"14749","ISTAT_COMUNE_SEZ":"4222","COMUNE_SEZ":"SOMMARIVA DEL BOSCO","PROVINCIA":"CN","ID_CENTRALE":"1355","NOME_CENTRALE":"SOMMARIVA DEL BOSCO","ISTAT_COMUNE_CENTR":"4222","COMUNE_CENTR":"SOMMARIVA DEL BOSCO","PROVINCIA_CENTR":"CN","INDIRIZZO_CENTRALE":"BALBO N.16","LATITUDINE_SEZIONE":"44.74746","LONGITUDINE_SEZIONE":"7.76211","POS_X_SEZIONE":"402007.97268","POS_Y_SEZIONE":"4955642.04238","LATITUDINE_CENTRALE":"44.76943","LONGITUDINE_CENTRALE":"7.78283","POS_X_CENTRALE":"403684.37666","POS_Y_CENTRALE":"4958058.32863","TIPO_ADSL":"ADSL_1","DESCRIZIONE_TIPO_ADSL":"ADSL (8 mega)","DISTANZA_CALCOLATA":"2940.88","CLASSE_DISTANZA":"2900-3299","POTENZA_SEGNALE":"4999.75","POPOLAZIONE_SEZIONE": "23"}
			},
		 		{ "type" : "Feature",
				"geometry" : {
					"type" : "Point",
					"coordinates" : [7.77884,44.78987]},
			"properties" : { "ANNO":"2010","ID_SEZIONE":"14984","ISTAT_COMUNE_SEZ":"4222","COMUNE_SEZ":"SOMMARIVA DEL BOSCO","PROVINCIA":"CN","ID_CENTRALE":"1355","NOME_CENTRALE":"SOMMARIVA DEL BOSCO","ISTAT_COMUNE_CENTR":"4222","COMUNE_CENTR":"SOMMARIVA DEL BOSCO","PROVINCIA_CENTR":"CN","INDIRIZZO_CENTRALE":"BALBO N.16","LATITUDINE_SEZIONE":"44.78987","LONGITUDINE_SEZIONE":"7.77884","POS_X_SEZIONE":"403402.64481","POS_Y_SEZIONE":"4960333.65506","LATITUDINE_CENTRALE":"44.76943","LONGITUDINE_CENTRALE":"7.78283","POS_X_CENTRALE":"403684.37666","POS_Y_CENTRALE":"4958058.32863","TIPO_ADSL":"ADSL_1","DESCRIZIONE_TIPO_ADSL":"ADSL (8 mega)","DISTANZA_CALCOLATA":"2292.7","CLASSE_DISTANZA":"2100-2499","POTENZA_SEGNALE":"6500.38","POPOLAZIONE_SEZIONE": "10"}
			},
		 		{ "type" : "Feature",
				"geometry" : {
					"type" : "Point",
					"coordinates" : [7.78553,44.77487]},
			"properties" : { "ANNO":"2010","ID_SEZIONE":"16316","ISTAT_COMUNE_SEZ":"4222","COMUNE_SEZ":"SOMMARIVA DEL BOSCO","PROVINCIA":"CN","ID_CENTRALE":"1355","NOME_CENTRALE":"SOMMARIVA DEL BOSCO","ISTAT_COMUNE_CENTR":"4222","COMUNE_CENTR":"SOMMARIVA DEL BOSCO","PROVINCIA_CENTR":"CN","INDIRIZZO_CENTRALE":"BALBO N.16","LATITUDINE_SEZIONE":"44.77487","LONGITUDINE_SEZIONE":"7.78553","POS_X_SEZIONE":"403907.34421","POS_Y_SEZIONE":"4958658.63835","LATITUDINE_CENTRALE":"44.76943","LONGITUDINE_CENTRALE":"7.78283","POS_X_CENTRALE":"403684.37666","POS_Y_CENTRALE":"4958058.32863","TIPO_ADSL":"ADSL_1","DESCRIZIONE_TIPO_ADSL":"ADSL (8 mega)","DISTANZA_CALCOLATA":"640.38","CLASSE_DISTANZA":"500-899","POTENZA_SEGNALE":"7000","POPOLAZIONE_SEZIONE": "619"}
			},
		 		{ "type" : "Feature",
				"geometry" : {
					"type" : "Point",
					"coordinates" : [7.75624,44.75626]},
			"properties" : { "ANNO":"2010","ID_SEZIONE":"16780","ISTAT_COMUNE_SEZ":"4222","COMUNE_SEZ":"SOMMARIVA DEL BOSCO","PROVINCIA":"CN","ID_CENTRALE":"1355","NOME_CENTRALE":"SOMMARIVA DEL BOSCO","ISTAT_COMUNE_CENTR":"4222","COMUNE_CENTR":"SOMMARIVA DEL BOSCO","PROVINCIA_CENTR":"CN","INDIRIZZO_CENTRALE":"BALBO N.16","LATITUDINE_SEZIONE":"44.75626","LONGITUDINE_SEZIONE":"7.75624","POS_X_SEZIONE":"401557.77774","POS_Y_SEZIONE":"4956626.54670","LATITUDINE_CENTRALE":"44.76943","LONGITUDINE_CENTRALE":"7.78283","POS_X_CENTRALE":"403684.37666","POS_Y_CENTRALE":"4958058.32863","TIPO_ADSL":"ADSL_1","DESCRIZIONE_TIPO_ADSL":"ADSL (8 mega)","DISTANZA_CALCOLATA":"2563.67","CLASSE_DISTANZA":"2500-2899","POTENZA_SEGNALE":"5749.63","POPOLAZIONE_SEZIONE": "9"}
			},
		 		{ "type" : "Feature",
				"geometry" : {
					"type" : "Point",
					"coordinates" : [7.76043,44.79370]},
			"properties" : { "ANNO":"2010","ID_SEZIONE":"17403","ISTAT_COMUNE_SEZ":"4222","COMUNE_SEZ":"SOMMARIVA DEL BOSCO","PROVINCIA":"CN","ID_CENTRALE":"1355","NOME_CENTRALE":"SOMMARIVA DEL BOSCO","ISTAT_COMUNE_CENTR":"4222","COMUNE_CENTR":"SOMMARIVA DEL BOSCO","PROVINCIA_CENTR":"CN","INDIRIZZO_CENTRALE":"BALBO N.16","LATITUDINE_SEZIONE":"44.79370","LONGITUDINE_SEZIONE":"7.76043","POS_X_SEZIONE":"401953.08526","POS_Y_SEZIONE":"4960780.63054","LATITUDINE_CENTRALE":"44.76943","LONGITUDINE_CENTRALE":"7.78283","POS_X_CENTRALE":"403684.37666","POS_Y_CENTRALE":"4958058.32863","TIPO_ADSL":"ADSL_1","DESCRIZIONE_TIPO_ADSL":"ADSL (8 mega)","DISTANZA_CALCOLATA":"3226.19","CLASSE_DISTANZA":"2900-3299","POTENZA_SEGNALE":"4999.75","POPOLAZIONE_SEZIONE": "139"}
			},
		 		{ "type" : "Feature",
				"geometry" : {
					"type" : "Point",
					"coordinates" : [7.82187,44.77640]},
			"properties" : { "ANNO":"2010","ID_SEZIONE":"18497","ISTAT_COMUNE_SEZ":"4222","COMUNE_SEZ":"SOMMARIVA DEL BOSCO","PROVINCIA":"CN","ID_CENTRALE":"1355","NOME_CENTRALE":"SOMMARIVA DEL BOSCO","ISTAT_COMUNE_CENTR":"4222","COMUNE_CENTR":"SOMMARIVA DEL BOSCO","PROVINCIA_CENTR":"CN","INDIRIZZO_CENTRALE":"BALBO N.16","LATITUDINE_SEZIONE":"44.77640","LONGITUDINE_SEZIONE":"7.82187","POS_X_SEZIONE":"406785.14210","POS_Y_SEZIONE":"4958787.20769","LATITUDINE_CENTRALE":"44.76943","LONGITUDINE_CENTRALE":"7.78283","POS_X_CENTRALE":"403684.37666","POS_Y_CENTRALE":"4958058.32863","TIPO_ADSL":"ADSL_1","DESCRIZIONE_TIPO_ADSL":"ADSL (8 mega)","DISTANZA_CALCOLATA":"3185.28","CLASSE_DISTANZA":"2900-3299","POTENZA_SEGNALE":"4999.75","POPOLAZIONE_SEZIONE": "40"}
			},
		 		{ "type" : "Feature",
				"geometry" : {
					"type" : "Point",
					"coordinates" : [7.78528,44.77125]},
			"properties" : { "ANNO":"2010","ID_SEZIONE":"18499","ISTAT_COMUNE_SEZ":"4222","COMUNE_SEZ":"SOMMARIVA DEL BOSCO","PROVINCIA":"CN","ID_CENTRALE":"1355","NOME_CENTRALE":"SOMMARIVA DEL BOSCO","ISTAT_COMUNE_CENTR":"4222","COMUNE_CENTR":"SOMMARIVA DEL BOSCO","PROVINCIA_CENTR":"CN","INDIRIZZO_CENTRALE":"BALBO N.16","LATITUDINE_SEZIONE":"44.77125","LONGITUDINE_SEZIONE":"7.78528","POS_X_SEZIONE":"403881.15950","POS_Y_SEZIONE":"4958257.13102","LATITUDINE_CENTRALE":"44.76943","LONGITUDINE_CENTRALE":"7.78283","POS_X_CENTRALE":"403684.37666","POS_Y_CENTRALE":"4958058.32863","TIPO_ADSL":"ADSL_1","DESCRIZIONE_TIPO_ADSL":"ADSL (8 mega)","DISTANZA_CALCOLATA":"279.72","CLASSE_DISTANZA":"100-499","POTENZA_SEGNALE":"7000","POPOLAZIONE_SEZIONE": "372"}
			},
		 		{ "type" : "Feature",
				"geometry" : {
					"type" : "Point",
					"coordinates" : [7.76837,44.80246]},
			"properties" : { "ANNO":"2010","ID_SEZIONE":"19654","ISTAT_COMUNE_SEZ":"4222","COMUNE_SEZ":"SOMMARIVA DEL BOSCO","PROVINCIA":"CN","ID_CENTRALE":"1355","NOME_CENTRALE":"SOMMARIVA DEL BOSCO","ISTAT_COMUNE_CENTR":"4222","COMUNE_CENTR":"SOMMARIVA DEL BOSCO","PROVINCIA_CENTR":"CN","INDIRIZZO_CENTRALE":"BALBO N.16","LATITUDINE_SEZIONE":"44.80246","LONGITUDINE_SEZIONE":"7.76837","POS_X_SEZIONE":"402595.44968","POS_Y_SEZIONE":"4961744.66152","LATITUDINE_CENTRALE":"44.76943","LONGITUDINE_CENTRALE":"7.78283","POS_X_CENTRALE":"403684.37666","POS_Y_CENTRALE":"4958058.32863","TIPO_ADSL":"ADSL_1","DESCRIZIONE_TIPO_ADSL":"ADSL (8 mega)","DISTANZA_CALCOLATA":"3843.8","CLASSE_DISTANZA":"3700-4099","POTENZA_SEGNALE":"3000.38","POPOLAZIONE_SEZIONE": "41"}
			},
		 		{ "type" : "Feature",
				"geometry" : {
					"type" : "Point",
					"coordinates" : [7.80014,44.78166]},
			"properties" : { "ANNO":"2010","ID_SEZIONE":"19656","ISTAT_COMUNE_SEZ":"4222","COMUNE_SEZ":"SOMMARIVA DEL BOSCO","PROVINCIA":"CN","ID_CENTRALE":"1355","NOME_CENTRALE":"SOMMARIVA DEL BOSCO","ISTAT_COMUNE_CENTR":"4222","COMUNE_CENTR":"SOMMARIVA DEL BOSCO","PROVINCIA_CENTR":"CN","INDIRIZZO_CENTRALE":"BALBO N.16","LATITUDINE_SEZIONE":"44.78166","LONGITUDINE_SEZIONE":"7.80014","POS_X_SEZIONE":"405074.36373","POS_Y_SEZIONE":"4959395.67771","LATITUDINE_CENTRALE":"44.76943","LONGITUDINE_CENTRALE":"7.78283","POS_X_CENTRALE":"403684.37666","POS_Y_CENTRALE":"4958058.32863","TIPO_ADSL":"ADSL_1","DESCRIZIONE_TIPO_ADSL":"ADSL (8 mega)","DISTANZA_CALCOLATA":"1928.88","CLASSE_DISTANZA":"1700-2099","POTENZA_SEGNALE":"6874.88","POPOLAZIONE_SEZIONE": ""}
			},
		 		{ "type" : "Feature",
				"geometry" : {
					"type" : "Point",
					"coordinates" : [7.92441,44.73107]},
			"properties" : { "ANNO":"2010","ID_SEZIONE":"20514","ISTAT_COMUNE_SEZ":"4223","COMUNE_SEZ":"SOMMARIVA PERNO","PROVINCIA":"CN","ID_CENTRALE":"1355","NOME_CENTRALE":"SOMMARIVA DEL BOSCO","ISTAT_COMUNE_CENTR":"4222","COMUNE_CENTR":"SOMMARIVA DEL BOSCO","PROVINCIA_CENTR":"CN","INDIRIZZO_CENTRALE":"BALBO N.16","LATITUDINE_SEZIONE":"44.73107","LONGITUDINE_SEZIONE":"7.92441","POS_X_SEZIONE":"414831.50422","POS_Y_SEZIONE":"4953638.76967","LATITUDINE_CENTRALE":"44.76943","LONGITUDINE_CENTRALE":"7.78283","POS_X_CENTRALE":"403684.37666","POS_Y_CENTRALE":"4958058.32863","TIPO_ADSL":"ADSL_1","DESCRIZIONE_TIPO_ADSL":"ADSL (8 mega)","DISTANZA_CALCOLATA":"11991.29","CLASSE_DISTANZA":"6100 e oltre","POTENZA_SEGNALE":"0.00","POPOLAZIONE_SEZIONE": "416"}
			},
		 		{ "type" : "Feature",
				"geometry" : {
					"type" : "Point",
					"coordinates" : [7.81809,44.76889]},
			"properties" : { "ANNO":"2010","ID_SEZIONE":"20633","ISTAT_COMUNE_SEZ":"4222","COMUNE_SEZ":"SOMMARIVA DEL BOSCO","PROVINCIA":"CN","ID_CENTRALE":"1355","NOME_CENTRALE":"SOMMARIVA DEL BOSCO","ISTAT_COMUNE_CENTR":"4222","COMUNE_CENTR":"SOMMARIVA DEL BOSCO","PROVINCIA_CENTR":"CN","INDIRIZZO_CENTRALE":"BALBO N.16","LATITUDINE_SEZIONE":"44.76889","LONGITUDINE_SEZIONE":"7.81809","POS_X_SEZIONE":"406473.30594","POS_Y_SEZIONE":"4957957.18760","LATITUDINE_CENTRALE":"44.76943","LONGITUDINE_CENTRALE":"7.78283","POS_X_CENTRALE":"403684.37666","POS_Y_CENTRALE":"4958058.32863","TIPO_ADSL":"ADSL_1","DESCRIZIONE_TIPO_ADSL":"ADSL (8 mega)","DISTANZA_CALCOLATA":"2790.76","CLASSE_DISTANZA":"2500-2899","POTENZA_SEGNALE":"5749.63","POPOLAZIONE_SEZIONE": "14"}
			},
		 		{ "type" : "Feature",
				"geometry" : {
					"type" : "Point",
					"coordinates" : [7.79993,44.76933]},
			"properties" : { "ANNO":"2010","ID_SEZIONE":"21684","ISTAT_COMUNE_SEZ":"4222","COMUNE_SEZ":"SOMMARIVA DEL BOSCO","PROVINCIA":"CN","ID_CENTRALE":"1355","NOME_CENTRALE":"SOMMARIVA DEL BOSCO","ISTAT_COMUNE_CENTR":"4222","COMUNE_CENTR":"SOMMARIVA DEL BOSCO","PROVINCIA_CENTR":"CN","INDIRIZZO_CENTRALE":"BALBO N.16","LATITUDINE_SEZIONE":"44.76933","LONGITUDINE_SEZIONE":"7.79993","POS_X_SEZIONE":"405037.21915","POS_Y_SEZIONE":"4958027.15496","LATITUDINE_CENTRALE":"44.76943","LONGITUDINE_CENTRALE":"7.78283","POS_X_CENTRALE":"403684.37666","POS_Y_CENTRALE":"4958058.32863","TIPO_ADSL":"ADSL_1","DESCRIZIONE_TIPO_ADSL":"ADSL (8 mega)","DISTANZA_CALCOLATA":"1353.2","CLASSE_DISTANZA":"1300-1699","POTENZA_SEGNALE":"7000","POPOLAZIONE_SEZIONE": ""}
			},
		 		{ "type" : "Feature",
				"geometry" : {
					"type" : "Point",
					"coordinates" : [7.79188,44.76750]},
			"properties" : { "ANNO":"2010","ID_SEZIONE":"22058","ISTAT_COMUNE_SEZ":"4222","COMUNE_SEZ":"SOMMARIVA DEL BOSCO","PROVINCIA":"CN","ID_CENTRALE":"1355","NOME_CENTRALE":"SOMMARIVA DEL BOSCO","ISTAT_COMUNE_CENTR":"4222","COMUNE_CENTR":"SOMMARIVA DEL BOSCO","PROVINCIA_CENTR":"CN","INDIRIZZO_CENTRALE":"BALBO N.16","LATITUDINE_SEZIONE":"44.76750","LONGITUDINE_SEZIONE":"7.79188","POS_X_SEZIONE":"404396.94165","POS_Y_SEZIONE":"4957832.63643","LATITUDINE_CENTRALE":"44.76943","LONGITUDINE_CENTRALE":"7.78283","POS_X_CENTRALE":"403684.37666","POS_Y_CENTRALE":"4958058.32863","TIPO_ADSL":"ADSL_1","DESCRIZIONE_TIPO_ADSL":"ADSL (8 mega)","DISTANZA_CALCOLATA":"747.45","CLASSE_DISTANZA":"500-899","POTENZA_SEGNALE":"7000","POPOLAZIONE_SEZIONE": "814"}
			},
		 		{ "type" : "Feature",
				"geometry" : {
					"type" : "Point",
					"coordinates" : [7.75477,44.75178]},
			"properties" : { "ANNO":"2010","ID_SEZIONE":"22395","ISTAT_COMUNE_SEZ":"4222","COMUNE_SEZ":"SOMMARIVA DEL BOSCO","PROVINCIA":"CN","ID_CENTRALE":"1355","NOME_CENTRALE":"SOMMARIVA DEL BOSCO","ISTAT_COMUNE_CENTR":"4222","COMUNE_CENTR":"SOMMARIVA DEL BOSCO","PROVINCIA_CENTR":"CN","INDIRIZZO_CENTRALE":"BALBO N.16","LATITUDINE_SEZIONE":"44.75178","LONGITUDINE_SEZIONE":"7.75477","POS_X_SEZIONE":"401433.78260","POS_Y_SEZIONE":"4956131.03515","LATITUDINE_CENTRALE":"44.76943","LONGITUDINE_CENTRALE":"7.78283","POS_X_CENTRALE":"403684.37666","POS_Y_CENTRALE":"4958058.32863","TIPO_ADSL":"ADSL_1","DESCRIZIONE_TIPO_ADSL":"ADSL (8 mega)","DISTANZA_CALCOLATA":"2963.04","CLASSE_DISTANZA":"2900-3299","POTENZA_SEGNALE":"4999.75","POPOLAZIONE_SEZIONE": "61"}
			},
		 		{ "type" : "Feature",
				"geometry" : {
					"type" : "Point",
					"coordinates" : [7.76262,44.76864]},
			"properties" : { "ANNO":"2010","ID_SEZIONE":"23102","ISTAT_COMUNE_SEZ":"4222","COMUNE_SEZ":"SOMMARIVA DEL BOSCO","PROVINCIA":"CN","ID_CENTRALE":"1355","NOME_CENTRALE":"SOMMARIVA DEL BOSCO","ISTAT_COMUNE_CENTR":"4222","COMUNE_CENTR":"SOMMARIVA DEL BOSCO","PROVINCIA_CENTR":"CN","INDIRIZZO_CENTRALE":"BALBO N.16","LATITUDINE_SEZIONE":"44.76864","LONGITUDINE_SEZIONE":"7.76262","POS_X_SEZIONE":"402083.48296","POS_Y_SEZIONE":"4957994.58408","LATITUDINE_CENTRALE":"44.76943","LONGITUDINE_CENTRALE":"7.78283","POS_X_CENTRALE":"403684.37666","POS_Y_CENTRALE":"4958058.32863","TIPO_ADSL":"ADSL_1","DESCRIZIONE_TIPO_ADSL":"ADSL (8 mega)","DISTANZA_CALCOLATA":"1602.16","CLASSE_DISTANZA":"1300-1699","POTENZA_SEGNALE":"7000","POPOLAZIONE_SEZIONE": ""}
			},
		 		{ "type" : "Feature",
				"geometry" : {
					"type" : "Point",
					"coordinates" : [7.78015,44.75999]},
			"properties" : { "ANNO":"2010","ID_SEZIONE":"28330","ISTAT_COMUNE_SEZ":"4222","COMUNE_SEZ":"SOMMARIVA DEL BOSCO","PROVINCIA":"CN","ID_CENTRALE":"1355","NOME_CENTRALE":"SOMMARIVA DEL BOSCO","ISTAT_COMUNE_CENTR":"4222","COMUNE_CENTR":"SOMMARIVA DEL BOSCO","PROVINCIA_CENTR":"CN","INDIRIZZO_CENTRALE":"BALBO N.16","LATITUDINE_SEZIONE":"44.75999","LONGITUDINE_SEZIONE":"7.78015","POS_X_SEZIONE":"403456.89070","POS_Y_SEZIONE":"4957012.59982","LATITUDINE_CENTRALE":"44.76943","LONGITUDINE_CENTRALE":"7.78283","POS_X_CENTRALE":"403684.37666","POS_Y_CENTRALE":"4958058.32863","TIPO_ADSL":"ADSL_1","DESCRIZIONE_TIPO_ADSL":"ADSL (8 mega)","DISTANZA_CALCOLATA":"1070.19","CLASSE_DISTANZA":"900-1299","POTENZA_SEGNALE":"7000","POPOLAZIONE_SEZIONE": ""}
			},
		 		{ "type" : "Feature",
				"geometry" : {
					"type" : "Point",
					"coordinates" : [7.77511,44.77095]},
			"properties" : { "ANNO":"2010","ID_SEZIONE":"30013","ISTAT_COMUNE_SEZ":"4222","COMUNE_SEZ":"SOMMARIVA DEL BOSCO","PROVINCIA":"CN","ID_CENTRALE":"1355","NOME_CENTRALE":"SOMMARIVA DEL BOSCO","ISTAT_COMUNE_CENTR":"4222","COMUNE_CENTR":"SOMMARIVA DEL BOSCO","PROVINCIA_CENTR":"CN","INDIRIZZO_CENTRALE":"BALBO N.16","LATITUDINE_SEZIONE":"44.77095","LONGITUDINE_SEZIONE":"7.77511","POS_X_SEZIONE":"403075.69441","POS_Y_SEZIONE":"4958236.11189","LATITUDINE_CENTRALE":"44.76943","LONGITUDINE_CENTRALE":"7.78283","POS_X_CENTRALE":"403684.37666","POS_Y_CENTRALE":"4958058.32863","TIPO_ADSL":"ADSL_1","DESCRIZIONE_TIPO_ADSL":"ADSL (8 mega)","DISTANZA_CALCOLATA":"634.11","CLASSE_DISTANZA":"500-899","POTENZA_SEGNALE":"7000","POPOLAZIONE_SEZIONE": "587"}
			},
		 		{ "type" : "Feature",
				"geometry" : {
					"type" : "Point",
					"coordinates" : [7.84602,44.76401]},
			"properties" : { "ANNO":"2010","ID_SEZIONE":"30396","ISTAT_COMUNE_SEZ":"4223","COMUNE_SEZ":"SOMMARIVA PERNO","PROVINCIA":"CN","ID_CENTRALE":"1355","NOME_CENTRALE":"SOMMARIVA DEL BOSCO","ISTAT_COMUNE_CENTR":"4222","COMUNE_CENTR":"SOMMARIVA DEL BOSCO","PROVINCIA_CENTR":"CN","INDIRIZZO_CENTRALE":"BALBO N.16","LATITUDINE_SEZIONE":"44.76401","LONGITUDINE_SEZIONE":"7.84602","POS_X_SEZIONE":"408675.79221","POS_Y_SEZIONE":"4957383.21972","LATITUDINE_CENTRALE":"44.76943","LONGITUDINE_CENTRALE":"7.78283","POS_X_CENTRALE":"403684.37666","POS_Y_CENTRALE":"4958058.32863","TIPO_ADSL":"ADSL_1","DESCRIZIONE_TIPO_ADSL":"ADSL (8 mega)","DISTANZA_CALCOLATA":"5036.86","CLASSE_DISTANZA":"4900-5299","POTENZA_SEGNALE":"125.13","POPOLAZIONE_SEZIONE": "33"}
			},
		 		{ "type" : "Feature",
				"geometry" : {
					"type" : "Point",
					"coordinates" : [7.80502,44.76282]},
			"properties" : { "ANNO":"2010","ID_SEZIONE":"30771","ISTAT_COMUNE_SEZ":"4208","COMUNE_SEZ":"SANFRE'","PROVINCIA":"CN","ID_CENTRALE":"1355","NOME_CENTRALE":"SOMMARIVA DEL BOSCO","ISTAT_COMUNE_CENTR":"4222","COMUNE_CENTR":"SOMMARIVA DEL BOSCO","PROVINCIA_CENTR":"CN","INDIRIZZO_CENTRALE":"BALBO N.16","LATITUDINE_SEZIONE":"44.76282","LONGITUDINE_SEZIONE":"7.80502","POS_X_SEZIONE":"405429.81614","POS_Y_SEZIONE":"4957297.65275","LATITUDINE_CENTRALE":"44.76943","LONGITUDINE_CENTRALE":"7.78283","POS_X_CENTRALE":"403684.37666","POS_Y_CENTRALE":"4958058.32863","TIPO_ADSL":"ADSL_1","DESCRIZIONE_TIPO_ADSL":"ADSL (8 mega)","DISTANZA_CALCOLATA":"1903.99","CLASSE_DISTANZA":"1700-2099","POTENZA_SEGNALE":"6874.88","POPOLAZIONE_SEZIONE": "27"}
			},
		 		{ "type" : "Feature",
				"geometry" : {
					"type" : "Point",
					"coordinates" : [7.74651,44.73726]},
			"properties" : { "ANNO":"2010","ID_SEZIONE":"31026","ISTAT_COMUNE_SEZ":"4222","COMUNE_SEZ":"SOMMARIVA DEL BOSCO","PROVINCIA":"CN","ID_CENTRALE":"1355","NOME_CENTRALE":"SOMMARIVA DEL BOSCO","ISTAT_COMUNE_CENTR":"4222","COMUNE_CENTR":"SOMMARIVA DEL BOSCO","PROVINCIA_CENTR":"CN","INDIRIZZO_CENTRALE":"BALBO N.16","LATITUDINE_SEZIONE":"44.73726","LONGITUDINE_SEZIONE":"7.74651","POS_X_SEZIONE":"400755.46247","POS_Y_SEZIONE":"4954528.49563","LATITUDINE_CENTRALE":"44.76943","LONGITUDINE_CENTRALE":"7.78283","POS_X_CENTRALE":"403684.37666","POS_Y_CENTRALE":"4958058.32863","TIPO_ADSL":"ADSL_1","DESCRIZIONE_TIPO_ADSL":"ADSL (8 mega)","DISTANZA_CALCOLATA":"4586.75","CLASSE_DISTANZA":"4500-4899","POTENZA_SEGNALE":"1470","POPOLAZIONE_SEZIONE": "23"}
			},
		 		{ "type" : "Feature",
				"geometry" : {
					"type" : "Point",
					"coordinates" : [7.82791,44.76793]},
			"properties" : { "ANNO":"2010","ID_SEZIONE":"31487","ISTAT_COMUNE_SEZ":"4222","COMUNE_SEZ":"SOMMARIVA DEL BOSCO","PROVINCIA":"CN","ID_CENTRALE":"1355","NOME_CENTRALE":"SOMMARIVA DEL BOSCO","ISTAT_COMUNE_CENTR":"4222","COMUNE_CENTR":"SOMMARIVA DEL BOSCO","PROVINCIA_CENTR":"CN","INDIRIZZO_CENTRALE":"BALBO N.16","LATITUDINE_SEZIONE":"44.76793","LONGITUDINE_SEZIONE":"7.82791","POS_X_SEZIONE":"407249.08526","POS_Y_SEZIONE":"4957839.20385","LATITUDINE_CENTRALE":"44.76943","LONGITUDINE_CENTRALE":"7.78283","POS_X_CENTRALE":"403684.37666","POS_Y_CENTRALE":"4958058.32863","TIPO_ADSL":"ADSL_1","DESCRIZIONE_TIPO_ADSL":"ADSL (8 mega)","DISTANZA_CALCOLATA":"3571.44","CLASSE_DISTANZA":"3300-3699","POTENZA_SEGNALE":"3999.63","POPOLAZIONE_SEZIONE": "27"}
			},
		 		{ "type" : "Feature",
				"geometry" : {
					"type" : "Point",
					"coordinates" : [7.75582,44.74594]},
			"properties" : { "ANNO":"2010","ID_SEZIONE":"32095","ISTAT_COMUNE_SEZ":"4222","COMUNE_SEZ":"SOMMARIVA DEL BOSCO","PROVINCIA":"CN","ID_CENTRALE":"1355","NOME_CENTRALE":"SOMMARIVA DEL BOSCO","ISTAT_COMUNE_CENTR":"4222","COMUNE_CENTR":"SOMMARIVA DEL BOSCO","PROVINCIA_CENTR":"CN","INDIRIZZO_CENTRALE":"BALBO N.16","LATITUDINE_SEZIONE":"44.74594","LONGITUDINE_SEZIONE":"7.75582","POS_X_SEZIONE":"401506.88391","POS_Y_SEZIONE":"4955481.02759","LATITUDINE_CENTRALE":"44.76943","LONGITUDINE_CENTRALE":"7.78283","POS_X_CENTRALE":"403684.37666","POS_Y_CENTRALE":"4958058.32863","TIPO_ADSL":"ADSL_1","DESCRIZIONE_TIPO_ADSL":"ADSL (8 mega)","DISTANZA_CALCOLATA":"3374.01","CLASSE_DISTANZA":"3300-3699","POTENZA_SEGNALE":"3999.63","POPOLAZIONE_SEZIONE": "3"}
			},
		 		{ "type" : "Feature",
				"geometry" : {
					"type" : "Point",
					"coordinates" : [7.76000,44.72818]},
			"properties" : { "ANNO":"2010","ID_SEZIONE":"32481","ISTAT_COMUNE_SEZ":"4208","COMUNE_SEZ":"SANFRE'","PROVINCIA":"CN","ID_CENTRALE":"1355","NOME_CENTRALE":"SOMMARIVA DEL BOSCO","ISTAT_COMUNE_CENTR":"4222","COMUNE_CENTR":"SOMMARIVA DEL BOSCO","PROVINCIA_CENTR":"CN","INDIRIZZO_CENTRALE":"BALBO N.16","LATITUDINE_SEZIONE":"44.72818","LONGITUDINE_SEZIONE":"7.76000","POS_X_SEZIONE":"401808.18926","POS_Y_SEZIONE":"4953503.51002","LATITUDINE_CENTRALE":"44.76943","LONGITUDINE_CENTRALE":"7.78283","POS_X_CENTRALE":"403684.37666","POS_Y_CENTRALE":"4958058.32863","TIPO_ADSL":"ADSL_1","DESCRIZIONE_TIPO_ADSL":"ADSL (8 mega)","DISTANZA_CALCOLATA":"4926.1","CLASSE_DISTANZA":"4900-5299","POTENZA_SEGNALE":"125.13","POPOLAZIONE_SEZIONE": "71"}
			},
		 		{ "type" : "Feature",
				"geometry" : {
					"type" : "Point",
					"coordinates" : [7.77569,44.78098]},
			"properties" : { "ANNO":"2010","ID_SEZIONE":"32875","ISTAT_COMUNE_SEZ":"4222","COMUNE_SEZ":"SOMMARIVA DEL BOSCO","PROVINCIA":"CN","ID_CENTRALE":"1355","NOME_CENTRALE":"SOMMARIVA DEL BOSCO","ISTAT_COMUNE_CENTR":"4222","COMUNE_CENTR":"SOMMARIVA DEL BOSCO","PROVINCIA_CENTR":"CN","INDIRIZZO_CENTRALE":"BALBO N.16","LATITUDINE_SEZIONE":"44.78098","LONGITUDINE_SEZIONE":"7.77569","POS_X_SEZIONE":"403138.87316","POS_Y_SEZIONE":"4959349.13230","LATITUDINE_CENTRALE":"44.76943","LONGITUDINE_CENTRALE":"7.78283","POS_X_CENTRALE":"403684.37666","POS_Y_CENTRALE":"4958058.32863","TIPO_ADSL":"ADSL_1","DESCRIZIONE_TIPO_ADSL":"ADSL (8 mega)","DISTANZA_CALCOLATA":"1401.34","CLASSE_DISTANZA":"1300-1699","POTENZA_SEGNALE":"7000","POPOLAZIONE_SEZIONE": "489"}
			}
		 		]
	}
		