 	{ "type" : "FeatureCollection",
		"features" : [
		 		{ "type" : "Feature",
				"geometry" : {
					"type" : "Point",
					"coordinates" : [7.27089,44.64356]},
			"properties" : { "ANNO":"2010","ID_SEZIONE":"684","ISTAT_COMUNE_SEZ":"4209","COMUNE_SEZ":"SANFRONT","PROVINCIA":"CN","ID_CENTRALE":"1289","NOME_CENTRALE":"SANFRONT","ISTAT_COMUNE_CENTR":"4209","COMUNE_CENTR":"SANFRONT","PROVINCIA_CENTR":"CN","INDIRIZZO_CENTRALE":"CIRCONVALLAZIONE 2","LATITUDINE_SEZIONE":"44.64356","LONGITUDINE_SEZIONE":"7.27089","POS_X_SEZIONE":"362877.24215","POS_Y_SEZIONE":"4944809.77715","LATITUDINE_CENTRALE":"44.64690","LONGITUDINE_CENTRALE":"7.31774","POS_X_CENTRALE":"366599.92222","POS_Y_CENTRALE":"4945102.66331","TIPO_ADSL":"ADSL_M","DESCRIZIONE_TIPO_ADSL":"ADSL Mini","DISTANZA_CALCOLATA":"3734.18","CLASSE_DISTANZA":"3700-4099","POTENZA_SEGNALE":"0.64","POPOLAZIONE_SEZIONE": ""}
			},
		 		{ "type" : "Feature",
				"geometry" : {
					"type" : "Point",
					"coordinates" : [7.25177,44.62870]},
			"properties" : { "ANNO":"2010","ID_SEZIONE":"758","ISTAT_COMUNE_SEZ":"4209","COMUNE_SEZ":"SANFRONT","PROVINCIA":"CN","ID_CENTRALE":"1289","NOME_CENTRALE":"SANFRONT","ISTAT_COMUNE_CENTR":"4209","COMUNE_CENTR":"SANFRONT","PROVINCIA_CENTR":"CN","INDIRIZZO_CENTRALE":"CIRCONVALLAZIONE 2","LATITUDINE_SEZIONE":"44.62870","LONGITUDINE_SEZIONE":"7.25177","POS_X_SEZIONE":"361325.11364","POS_Y_SEZIONE":"4943191.74912","LATITUDINE_CENTRALE":"44.64690","LONGITUDINE_CENTRALE":"7.31774","POS_X_CENTRALE":"366599.92222","POS_Y_CENTRALE":"4945102.66331","TIPO_ADSL":"ADSL_M","DESCRIZIONE_TIPO_ADSL":"ADSL Mini","DISTANZA_CALCOLATA":"5610.28","CLASSE_DISTANZA":"5300-5699","POTENZA_SEGNALE":"0.00","POPOLAZIONE_SEZIONE": ""}
			},
		 		{ "type" : "Feature",
				"geometry" : {
					"type" : "Point",
					"coordinates" : [7.31911,44.61515]},
			"properties" : { "ANNO":"2010","ID_SEZIONE":"761","ISTAT_COMUNE_SEZ":"4209","COMUNE_SEZ":"SANFRONT","PROVINCIA":"CN","ID_CENTRALE":"1289","NOME_CENTRALE":"SANFRONT","ISTAT_COMUNE_CENTR":"4209","COMUNE_CENTR":"SANFRONT","PROVINCIA_CENTR":"CN","INDIRIZZO_CENTRALE":"CIRCONVALLAZIONE 2","LATITUDINE_SEZIONE":"44.61515","LONGITUDINE_SEZIONE":"7.31911","POS_X_SEZIONE":"366635.77579","POS_Y_SEZIONE":"4941573.78969","LATITUDINE_CENTRALE":"44.64690","LONGITUDINE_CENTRALE":"7.31774","POS_X_CENTRALE":"366599.92222","POS_Y_CENTRALE":"4945102.66331","TIPO_ADSL":"ADSL_M","DESCRIZIONE_TIPO_ADSL":"ADSL Mini","DISTANZA_CALCOLATA":"3529.06","CLASSE_DISTANZA":"3300-3699","POTENZA_SEGNALE":"0.64","POPOLAZIONE_SEZIONE": ""}
			},
		 		{ "type" : "Feature",
				"geometry" : {
					"type" : "Point",
					"coordinates" : [7.29918,44.65946]},
			"properties" : { "ANNO":"2010","ID_SEZIONE":"1114","ISTAT_COMUNE_SEZ":"4209","COMUNE_SEZ":"SANFRONT","PROVINCIA":"CN","ID_CENTRALE":"1289","NOME_CENTRALE":"SANFRONT","ISTAT_COMUNE_CENTR":"4209","COMUNE_CENTR":"SANFRONT","PROVINCIA_CENTR":"CN","INDIRIZZO_CENTRALE":"CIRCONVALLAZIONE 2","LATITUDINE_SEZIONE":"44.65946","LONGITUDINE_SEZIONE":"7.29918","POS_X_SEZIONE":"365157.66199","POS_Y_SEZIONE":"4946528.81152","LATITUDINE_CENTRALE":"44.64690","LONGITUDINE_CENTRALE":"7.31774","POS_X_CENTRALE":"366599.92222","POS_Y_CENTRALE":"4945102.66331","TIPO_ADSL":"ADSL_M","DESCRIZIONE_TIPO_ADSL":"ADSL Mini","DISTANZA_CALCOLATA":"2028.3","CLASSE_DISTANZA":"1700-2099","POTENZA_SEGNALE":"0.64","POPOLAZIONE_SEZIONE": "16"}
			},
		 		{ "type" : "Feature",
				"geometry" : {
					"type" : "Point",
					"coordinates" : [7.30732,44.63101]},
			"properties" : { "ANNO":"2010","ID_SEZIONE":"1211","ISTAT_COMUNE_SEZ":"4209","COMUNE_SEZ":"SANFRONT","PROVINCIA":"CN","ID_CENTRALE":"1289","NOME_CENTRALE":"SANFRONT","ISTAT_COMUNE_CENTR":"4209","COMUNE_CENTR":"SANFRONT","PROVINCIA_CENTR":"CN","INDIRIZZO_CENTRALE":"CIRCONVALLAZIONE 2","LATITUDINE_SEZIONE":"44.63101","LONGITUDINE_SEZIONE":"7.30732","POS_X_SEZIONE":"365736.98283","POS_Y_SEZIONE":"4943355.29370","LATITUDINE_CENTRALE":"44.64690","LONGITUDINE_CENTRALE":"7.31774","POS_X_CENTRALE":"366599.92222","POS_Y_CENTRALE":"4945102.66331","TIPO_ADSL":"ADSL_M","DESCRIZIONE_TIPO_ADSL":"ADSL Mini","DISTANZA_CALCOLATA":"1948.84","CLASSE_DISTANZA":"1700-2099","POTENZA_SEGNALE":"0.64","POPOLAZIONE_SEZIONE": "3"}
			},
		 		{ "type" : "Feature",
				"geometry" : {
					"type" : "Point",
					"coordinates" : [7.31595,44.66606]},
			"properties" : { "ANNO":"2010","ID_SEZIONE":"3142","ISTAT_COMUNE_SEZ":"4209","COMUNE_SEZ":"SANFRONT","PROVINCIA":"CN","ID_CENTRALE":"1289","NOME_CENTRALE":"SANFRONT","ISTAT_COMUNE_CENTR":"4209","COMUNE_CENTR":"SANFRONT","PROVINCIA_CENTR":"CN","INDIRIZZO_CENTRALE":"CIRCONVALLAZIONE 2","LATITUDINE_SEZIONE":"44.66606","LONGITUDINE_SEZIONE":"7.31595","POS_X_SEZIONE":"366501.71166","POS_Y_SEZIONE":"4947233.82784","LATITUDINE_CENTRALE":"44.64690","LONGITUDINE_CENTRALE":"7.31774","POS_X_CENTRALE":"366599.92222","POS_Y_CENTRALE":"4945102.66331","TIPO_ADSL":"ADSL_M","DESCRIZIONE_TIPO_ADSL":"ADSL Mini","DISTANZA_CALCOLATA":"2133.43","CLASSE_DISTANZA":"2100-2499","POTENZA_SEGNALE":"0.64","POPOLAZIONE_SEZIONE": "34"}
			},
		 		{ "type" : "Feature",
				"geometry" : {
					"type" : "Point",
					"coordinates" : [7.32368,44.64641]},
			"properties" : { "ANNO":"2010","ID_SEZIONE":"3146","ISTAT_COMUNE_SEZ":"4209","COMUNE_SEZ":"SANFRONT","PROVINCIA":"CN","ID_CENTRALE":"1289","NOME_CENTRALE":"SANFRONT","ISTAT_COMUNE_CENTR":"4209","COMUNE_CENTR":"SANFRONT","PROVINCIA_CENTR":"CN","INDIRIZZO_CENTRALE":"CIRCONVALLAZIONE 2","LATITUDINE_SEZIONE":"44.64641","LONGITUDINE_SEZIONE":"7.32368","POS_X_SEZIONE":"367070.26769","POS_Y_SEZIONE":"4945039.31802","LATITUDINE_CENTRALE":"44.64690","LONGITUDINE_CENTRALE":"7.31774","POS_X_CENTRALE":"366599.92222","POS_Y_CENTRALE":"4945102.66331","TIPO_ADSL":"ADSL_M","DESCRIZIONE_TIPO_ADSL":"ADSL Mini","DISTANZA_CALCOLATA":"474.59","CLASSE_DISTANZA":"100-499","POTENZA_SEGNALE":"0.64","POPOLAZIONE_SEZIONE": "503"}
			},
		 		{ "type" : "Feature",
				"geometry" : {
					"type" : "Point",
					"coordinates" : [7.30108,44.60877]},
			"properties" : { "ANNO":"2010","ID_SEZIONE":"4666","ISTAT_COMUNE_SEZ":"4209","COMUNE_SEZ":"SANFRONT","PROVINCIA":"CN","ID_CENTRALE":"1289","NOME_CENTRALE":"SANFRONT","ISTAT_COMUNE_CENTR":"4209","COMUNE_CENTR":"SANFRONT","PROVINCIA_CENTR":"CN","INDIRIZZO_CENTRALE":"CIRCONVALLAZIONE 2","LATITUDINE_SEZIONE":"44.60877","LONGITUDINE_SEZIONE":"7.30108","POS_X_SEZIONE":"365190.31735","POS_Y_SEZIONE":"4940894.77017","LATITUDINE_CENTRALE":"44.64690","LONGITUDINE_CENTRALE":"7.31774","POS_X_CENTRALE":"366599.92222","POS_Y_CENTRALE":"4945102.66331","TIPO_ADSL":"ADSL_M","DESCRIZIONE_TIPO_ADSL":"ADSL Mini","DISTANZA_CALCOLATA":"4437.72","CLASSE_DISTANZA":"4100-4499","POTENZA_SEGNALE":"0.00","POPOLAZIONE_SEZIONE": ""}
			},
		 		{ "type" : "Feature",
				"geometry" : {
					"type" : "Point",
					"coordinates" : [7.32874,44.63854]},
			"properties" : { "ANNO":"2010","ID_SEZIONE":"6263","ISTAT_COMUNE_SEZ":"4209","COMUNE_SEZ":"SANFRONT","PROVINCIA":"CN","ID_CENTRALE":"1289","NOME_CENTRALE":"SANFRONT","ISTAT_COMUNE_CENTR":"4209","COMUNE_CENTR":"SANFRONT","PROVINCIA_CENTR":"CN","INDIRIZZO_CENTRALE":"CIRCONVALLAZIONE 2","LATITUDINE_SEZIONE":"44.63854","LONGITUDINE_SEZIONE":"7.32874","POS_X_SEZIONE":"367453.08804","POS_Y_SEZIONE":"4944156.81485","LATITUDINE_CENTRALE":"44.64690","LONGITUDINE_CENTRALE":"7.31774","POS_X_CENTRALE":"366599.92222","POS_Y_CENTRALE":"4945102.66331","TIPO_ADSL":"ADSL_M","DESCRIZIONE_TIPO_ADSL":"ADSL Mini","DISTANZA_CALCOLATA":"1273.78","CLASSE_DISTANZA":"900-1299","POTENZA_SEGNALE":"0.64","POPOLAZIONE_SEZIONE": "210"}
			},
		 		{ "type" : "Feature",
				"geometry" : {
					"type" : "Point",
					"coordinates" : [7.32100,44.65325]},
			"properties" : { "ANNO":"2010","ID_SEZIONE":"7073","ISTAT_COMUNE_SEZ":"4209","COMUNE_SEZ":"SANFRONT","PROVINCIA":"CN","ID_CENTRALE":"1289","NOME_CENTRALE":"SANFRONT","ISTAT_COMUNE_CENTR":"4209","COMUNE_CENTR":"SANFRONT","PROVINCIA_CENTR":"CN","INDIRIZZO_CENTRALE":"CIRCONVALLAZIONE 2","LATITUDINE_SEZIONE":"44.65325","LONGITUDINE_SEZIONE":"7.32100","POS_X_SEZIONE":"366873.19684","POS_Y_SEZIONE":"4945802.82163","LATITUDINE_CENTRALE":"44.64690","LONGITUDINE_CENTRALE":"7.31774","POS_X_CENTRALE":"366599.92222","POS_Y_CENTRALE":"4945102.66331","TIPO_ADSL":"ADSL_M","DESCRIZIONE_TIPO_ADSL":"ADSL Mini","DISTANZA_CALCOLATA":"751.60","CLASSE_DISTANZA":"500-899","POTENZA_SEGNALE":"0.64","POPOLAZIONE_SEZIONE": "111"}
			},
		 		{ "type" : "Feature",
				"geometry" : {
					"type" : "Point",
					"coordinates" : [7.31206,44.64064]},
			"properties" : { "ANNO":"2010","ID_SEZIONE":"7076","ISTAT_COMUNE_SEZ":"4209","COMUNE_SEZ":"SANFRONT","PROVINCIA":"CN","ID_CENTRALE":"1289","NOME_CENTRALE":"SANFRONT","ISTAT_COMUNE_CENTR":"4209","COMUNE_CENTR":"SANFRONT","PROVINCIA_CENTR":"CN","INDIRIZZO_CENTRALE":"CIRCONVALLAZIONE 2","LATITUDINE_SEZIONE":"44.64064","LONGITUDINE_SEZIONE":"7.31206","POS_X_SEZIONE":"366135.26865","POS_Y_SEZIONE":"4944416.80486","LATITUDINE_CENTRALE":"44.64690","LONGITUDINE_CENTRALE":"7.31774","POS_X_CENTRALE":"366599.92222","POS_Y_CENTRALE":"4945102.66331","TIPO_ADSL":"ADSL_M","DESCRIZIONE_TIPO_ADSL":"ADSL Mini","DISTANZA_CALCOLATA":"828.44","CLASSE_DISTANZA":"500-899","POTENZA_SEGNALE":"0.64","POPOLAZIONE_SEZIONE": "94"}
			},
		 		{ "type" : "Feature",
				"geometry" : {
					"type" : "Point",
					"coordinates" : [7.32181,44.65786]},
			"properties" : { "ANNO":"2010","ID_SEZIONE":"9415","ISTAT_COMUNE_SEZ":"4209","COMUNE_SEZ":"SANFRONT","PROVINCIA":"CN","ID_CENTRALE":"1289","NOME_CENTRALE":"SANFRONT","ISTAT_COMUNE_CENTR":"4209","COMUNE_CENTR":"SANFRONT","PROVINCIA_CENTR":"CN","INDIRIZZO_CENTRALE":"CIRCONVALLAZIONE 2","LATITUDINE_SEZIONE":"44.65786","LONGITUDINE_SEZIONE":"7.32181","POS_X_SEZIONE":"366947.68619","POS_Y_SEZIONE":"4946313.82579","LATITUDINE_CENTRALE":"44.64690","LONGITUDINE_CENTRALE":"7.31774","POS_X_CENTRALE":"366599.92222","POS_Y_CENTRALE":"4945102.66331","TIPO_ADSL":"ADSL_M","DESCRIZIONE_TIPO_ADSL":"ADSL Mini","DISTANZA_CALCOLATA":"1260.1","CLASSE_DISTANZA":"900-1299","POTENZA_SEGNALE":"0.64","POPOLAZIONE_SEZIONE": "14"}
			},
		 		{ "type" : "Feature",
				"geometry" : {
					"type" : "Point",
					"coordinates" : [7.32171,44.64719]},
			"properties" : { "ANNO":"2010","ID_SEZIONE":"11827","ISTAT_COMUNE_SEZ":"4209","COMUNE_SEZ":"SANFRONT","PROVINCIA":"CN","ID_CENTRALE":"1289","NOME_CENTRALE":"SANFRONT","ISTAT_COMUNE_CENTR":"4209","COMUNE_CENTR":"SANFRONT","PROVINCIA_CENTR":"CN","INDIRIZZO_CENTRALE":"CIRCONVALLAZIONE 2","LATITUDINE_SEZIONE":"44.64719","LONGITUDINE_SEZIONE":"7.32171","POS_X_SEZIONE":"366915.89457","POS_Y_SEZIONE":"4945128.81715","LATITUDINE_CENTRALE":"44.64690","LONGITUDINE_CENTRALE":"7.31774","POS_X_CENTRALE":"366599.92222","POS_Y_CENTRALE":"4945102.66331","TIPO_ADSL":"ADSL_M","DESCRIZIONE_TIPO_ADSL":"ADSL Mini","DISTANZA_CALCOLATA":"317.05","CLASSE_DISTANZA":"100-499","POTENZA_SEGNALE":"0.64","POPOLAZIONE_SEZIONE": "334"}
			},
		 		{ "type" : "Feature",
				"geometry" : {
					"type" : "Point",
					"coordinates" : [7.30117,44.66717]},
			"properties" : { "ANNO":"2010","ID_SEZIONE":"12186","ISTAT_COMUNE_SEZ":"4209","COMUNE_SEZ":"SANFRONT","PROVINCIA":"CN","ID_CENTRALE":"1289","NOME_CENTRALE":"SANFRONT","ISTAT_COMUNE_CENTR":"4209","COMUNE_CENTR":"SANFRONT","PROVINCIA_CENTR":"CN","INDIRIZZO_CENTRALE":"CIRCONVALLAZIONE 2","LATITUDINE_SEZIONE":"44.66717","LONGITUDINE_SEZIONE":"7.30117","POS_X_SEZIONE":"365332.73783","POS_Y_SEZIONE":"4947381.81888","LATITUDINE_CENTRALE":"44.64690","LONGITUDINE_CENTRALE":"7.31774","POS_X_CENTRALE":"366599.92222","POS_Y_CENTRALE":"4945102.66331","TIPO_ADSL":"ADSL_M","DESCRIZIONE_TIPO_ADSL":"ADSL Mini","DISTANZA_CALCOLATA":"2607.74","CLASSE_DISTANZA":"2500-2899","POTENZA_SEGNALE":"0.64","POPOLAZIONE_SEZIONE": "41"}
			},
		 		{ "type" : "Feature",
				"geometry" : {
					"type" : "Point",
					"coordinates" : [7.28368,44.64571]},
			"properties" : { "ANNO":"2010","ID_SEZIONE":"12188","ISTAT_COMUNE_SEZ":"4209","COMUNE_SEZ":"SANFRONT","PROVINCIA":"CN","ID_CENTRALE":"1289","NOME_CENTRALE":"SANFRONT","ISTAT_COMUNE_CENTR":"4209","COMUNE_CENTR":"SANFRONT","PROVINCIA_CENTR":"CN","INDIRIZZO_CENTRALE":"CIRCONVALLAZIONE 2","LATITUDINE_SEZIONE":"44.64571","LONGITUDINE_SEZIONE":"7.28368","POS_X_SEZIONE":"363896.59063","POS_Y_SEZIONE":"4945027.28858","LATITUDINE_CENTRALE":"44.64690","LONGITUDINE_CENTRALE":"7.31774","POS_X_CENTRALE":"366599.92222","POS_Y_CENTRALE":"4945102.66331","TIPO_ADSL":"ADSL_M","DESCRIZIONE_TIPO_ADSL":"ADSL Mini","DISTANZA_CALCOLATA":"2704.38","CLASSE_DISTANZA":"2500-2899","POTENZA_SEGNALE":"0.64","POPOLAZIONE_SEZIONE": "1"}
			},
		 		{ "type" : "Feature",
				"geometry" : {
					"type" : "Point",
					"coordinates" : [7.30368,44.64437]},
			"properties" : { "ANNO":"2010","ID_SEZIONE":"12189","ISTAT_COMUNE_SEZ":"4209","COMUNE_SEZ":"SANFRONT","PROVINCIA":"CN","ID_CENTRALE":"1289","NOME_CENTRALE":"SANFRONT","ISTAT_COMUNE_CENTR":"4209","COMUNE_CENTR":"SANFRONT","PROVINCIA_CENTR":"CN","INDIRIZZO_CENTRALE":"CIRCONVALLAZIONE 2","LATITUDINE_SEZIONE":"44.64437","LONGITUDINE_SEZIONE":"7.30368","POS_X_SEZIONE":"365479.18263","POS_Y_SEZIONE":"4944844.80205","LATITUDINE_CENTRALE":"44.64690","LONGITUDINE_CENTRALE":"7.31774","POS_X_CENTRALE":"366599.92222","POS_Y_CENTRALE":"4945102.66331","TIPO_ADSL":"ADSL_M","DESCRIZIONE_TIPO_ADSL":"ADSL Mini","DISTANZA_CALCOLATA":"1150.02","CLASSE_DISTANZA":"900-1299","POTENZA_SEGNALE":"0.64","POPOLAZIONE_SEZIONE": "8"}
			},
		 		{ "type" : "Feature",
				"geometry" : {
					"type" : "Point",
					"coordinates" : [7.31104,44.64350]},
			"properties" : { "ANNO":"2010","ID_SEZIONE":"14000","ISTAT_COMUNE_SEZ":"4209","COMUNE_SEZ":"SANFRONT","PROVINCIA":"CN","ID_CENTRALE":"1289","NOME_CENTRALE":"SANFRONT","ISTAT_COMUNE_CENTR":"4209","COMUNE_CENTR":"SANFRONT","PROVINCIA_CENTR":"CN","INDIRIZZO_CENTRALE":"CIRCONVALLAZIONE 2","LATITUDINE_SEZIONE":"44.64350","LONGITUDINE_SEZIONE":"7.31104","POS_X_SEZIONE":"366061.17099","POS_Y_SEZIONE":"4944736.30669","LATITUDINE_CENTRALE":"44.64690","LONGITUDINE_CENTRALE":"7.31774","POS_X_CENTRALE":"366599.92222","POS_Y_CENTRALE":"4945102.66331","TIPO_ADSL":"ADSL_M","DESCRIZIONE_TIPO_ADSL":"ADSL Mini","DISTANZA_CALCOLATA":"651.51","CLASSE_DISTANZA":"500-899","POTENZA_SEGNALE":"0.64","POPOLAZIONE_SEZIONE": "19"}
			},
		 		{ "type" : "Feature",
				"geometry" : {
					"type" : "Point",
					"coordinates" : [7.30264,44.67395]},
			"properties" : { "ANNO":"2010","ID_SEZIONE":"14759","ISTAT_COMUNE_SEZ":"4209","COMUNE_SEZ":"SANFRONT","PROVINCIA":"CN","ID_CENTRALE":"1289","NOME_CENTRALE":"SANFRONT","ISTAT_COMUNE_CENTR":"4209","COMUNE_CENTR":"SANFRONT","PROVINCIA_CENTR":"CN","INDIRIZZO_CENTRALE":"CIRCONVALLAZIONE 2","LATITUDINE_SEZIONE":"44.67395","LONGITUDINE_SEZIONE":"7.30264","POS_X_SEZIONE":"365464.84919","POS_Y_SEZIONE":"4948132.82816","LATITUDINE_CENTRALE":"44.64690","LONGITUDINE_CENTRALE":"7.31774","POS_X_CENTRALE":"366599.92222","POS_Y_CENTRALE":"4945102.66331","TIPO_ADSL":"ADSL_M","DESCRIZIONE_TIPO_ADSL":"ADSL Mini","DISTANZA_CALCOLATA":"3235.78","CLASSE_DISTANZA":"2900-3299","POTENZA_SEGNALE":"0.64","POPOLAZIONE_SEZIONE": "38"}
			},
		 		{ "type" : "Feature",
				"geometry" : {
					"type" : "Point",
					"coordinates" : [7.33015,44.66056]},
			"properties" : { "ANNO":"2010","ID_SEZIONE":"16036","ISTAT_COMUNE_SEZ":"4209","COMUNE_SEZ":"SANFRONT","PROVINCIA":"CN","ID_CENTRALE":"1289","NOME_CENTRALE":"SANFRONT","ISTAT_COMUNE_CENTR":"4209","COMUNE_CENTR":"SANFRONT","PROVINCIA_CENTR":"CN","INDIRIZZO_CENTRALE":"CIRCONVALLAZIONE 2","LATITUDINE_SEZIONE":"44.66056","LONGITUDINE_SEZIONE":"7.33015","POS_X_SEZIONE":"367615.44683","POS_Y_SEZIONE":"4946599.83207","LATITUDINE_CENTRALE":"44.64690","LONGITUDINE_CENTRALE":"7.31774","POS_X_CENTRALE":"366599.92222","POS_Y_CENTRALE":"4945102.66331","TIPO_ADSL":"ADSL_M","DESCRIZIONE_TIPO_ADSL":"ADSL Mini","DISTANZA_CALCOLATA":"1809.09","CLASSE_DISTANZA":"1700-2099","POTENZA_SEGNALE":"0.64","POPOLAZIONE_SEZIONE": "113"}
			},
		 		{ "type" : "Feature",
				"geometry" : {
					"type" : "Point",
					"coordinates" : [7.27032,44.63215]},
			"properties" : { "ANNO":"2010","ID_SEZIONE":"17016","ISTAT_COMUNE_SEZ":"4209","COMUNE_SEZ":"SANFRONT","PROVINCIA":"CN","ID_CENTRALE":"1289","NOME_CENTRALE":"SANFRONT","ISTAT_COMUNE_CENTR":"4209","COMUNE_CENTR":"SANFRONT","PROVINCIA_CENTR":"CN","INDIRIZZO_CENTRALE":"CIRCONVALLAZIONE 2","LATITUDINE_SEZIONE":"44.63215","LONGITUDINE_SEZIONE":"7.27032","POS_X_SEZIONE":"362804.79415","POS_Y_SEZIONE":"4943543.76653","LATITUDINE_CENTRALE":"44.64690","LONGITUDINE_CENTRALE":"7.31774","POS_X_CENTRALE":"366599.92222","POS_Y_CENTRALE":"4945102.66331","TIPO_ADSL":"ADSL_M","DESCRIZIONE_TIPO_ADSL":"ADSL Mini","DISTANZA_CALCOLATA":"4102.82","CLASSE_DISTANZA":"4100-4499","POTENZA_SEGNALE":"0.00","POPOLAZIONE_SEZIONE": ""}
			},
		 		{ "type" : "Feature",
				"geometry" : {
					"type" : "Point",
					"coordinates" : [7.30293,44.66029]},
			"properties" : { "ANNO":"2010","ID_SEZIONE":"18051","ISTAT_COMUNE_SEZ":"4209","COMUNE_SEZ":"SANFRONT","PROVINCIA":"CN","ID_CENTRALE":"1289","NOME_CENTRALE":"SANFRONT","ISTAT_COMUNE_CENTR":"4209","COMUNE_CENTR":"SANFRONT","PROVINCIA_CENTR":"CN","INDIRIZZO_CENTRALE":"CIRCONVALLAZIONE 2","LATITUDINE_SEZIONE":"44.66029","LONGITUDINE_SEZIONE":"7.30293","POS_X_SEZIONE":"365456.68433","POS_Y_SEZIONE":"4946615.31443","LATITUDINE_CENTRALE":"44.64690","LONGITUDINE_CENTRALE":"7.31774","POS_X_CENTRALE":"366599.92222","POS_Y_CENTRALE":"4945102.66331","TIPO_ADSL":"ADSL_M","DESCRIZIONE_TIPO_ADSL":"ADSL Mini","DISTANZA_CALCOLATA":"1896.08","CLASSE_DISTANZA":"1700-2099","POTENZA_SEGNALE":"0.64","POPOLAZIONE_SEZIONE": "52"}
			},
		 		{ "type" : "Feature",
				"geometry" : {
					"type" : "Point",
					"coordinates" : [7.33788,44.63835]},
			"properties" : { "ANNO":"2010","ID_SEZIONE":"18396","ISTAT_COMUNE_SEZ":"4209","COMUNE_SEZ":"SANFRONT","PROVINCIA":"CN","ID_CENTRALE":"1289","NOME_CENTRALE":"SANFRONT","ISTAT_COMUNE_CENTR":"4209","COMUNE_CENTR":"SANFRONT","PROVINCIA_CENTR":"CN","INDIRIZZO_CENTRALE":"CIRCONVALLAZIONE 2","LATITUDINE_SEZIONE":"44.63835","LONGITUDINE_SEZIONE":"7.33788","POS_X_SEZIONE":"368177.38577","POS_Y_SEZIONE":"4944120.31693","LATITUDINE_CENTRALE":"44.64690","LONGITUDINE_CENTRALE":"7.31774","POS_X_CENTRALE":"366599.92222","POS_Y_CENTRALE":"4945102.66331","TIPO_ADSL":"ADSL_M","DESCRIZIONE_TIPO_ADSL":"ADSL Mini","DISTANZA_CALCOLATA":"1858.33","CLASSE_DISTANZA":"1700-2099","POTENZA_SEGNALE":"0.64","POPOLAZIONE_SEZIONE": "28"}
			},
		 		{ "type" : "Feature",
				"geometry" : {
					"type" : "Point",
					"coordinates" : [7.28400,44.62316]},
			"properties" : { "ANNO":"2010","ID_SEZIONE":"18900","ISTAT_COMUNE_SEZ":"4209","COMUNE_SEZ":"SANFRONT","PROVINCIA":"CN","ID_CENTRALE":"1289","NOME_CENTRALE":"SANFRONT","ISTAT_COMUNE_CENTR":"4209","COMUNE_CENTR":"SANFRONT","PROVINCIA_CENTR":"CN","INDIRIZZO_CENTRALE":"CIRCONVALLAZIONE 2","LATITUDINE_SEZIONE":"44.62316","LONGITUDINE_SEZIONE":"7.28400","POS_X_SEZIONE":"363869.03684","POS_Y_SEZIONE":"4942521.26873","LATITUDINE_CENTRALE":"44.64690","LONGITUDINE_CENTRALE":"7.31774","POS_X_CENTRALE":"366599.92222","POS_Y_CENTRALE":"4945102.66331","TIPO_ADSL":"ADSL_M","DESCRIZIONE_TIPO_ADSL":"ADSL Mini","DISTANZA_CALCOLATA":"3757.84","CLASSE_DISTANZA":"3700-4099","POTENZA_SEGNALE":"0.64","POPOLAZIONE_SEZIONE": ""}
			},
		 		{ "type" : "Feature",
				"geometry" : {
					"type" : "Point",
					"coordinates" : [7.31897,44.64145]},
			"properties" : { "ANNO":"2010","ID_SEZIONE":"20116","ISTAT_COMUNE_SEZ":"4209","COMUNE_SEZ":"SANFRONT","PROVINCIA":"CN","ID_CENTRALE":"1289","NOME_CENTRALE":"SANFRONT","ISTAT_COMUNE_CENTR":"4209","COMUNE_CENTR":"SANFRONT","PROVINCIA_CENTR":"CN","INDIRIZZO_CENTRALE":"CIRCONVALLAZIONE 2","LATITUDINE_SEZIONE":"44.64145","LONGITUDINE_SEZIONE":"7.31897","POS_X_SEZIONE":"366685.06705","POS_Y_SEZIONE":"4944495.31085","LATITUDINE_CENTRALE":"44.64690","LONGITUDINE_CENTRALE":"7.31774","POS_X_CENTRALE":"366599.92222","POS_Y_CENTRALE":"4945102.66331","TIPO_ADSL":"ADSL_M","DESCRIZIONE_TIPO_ADSL":"ADSL Mini","DISTANZA_CALCOLATA":"613.29","CLASSE_DISTANZA":"500-899","POTENZA_SEGNALE":"0.64","POPOLAZIONE_SEZIONE": "9"}
			},
		 		{ "type" : "Feature",
				"geometry" : {
					"type" : "Point",
					"coordinates" : [7.30281,44.64234]},
			"properties" : { "ANNO":"2010","ID_SEZIONE":"21090","ISTAT_COMUNE_SEZ":"4209","COMUNE_SEZ":"SANFRONT","PROVINCIA":"CN","ID_CENTRALE":"1289","NOME_CENTRALE":"SANFRONT","ISTAT_COMUNE_CENTR":"4209","COMUNE_CENTR":"SANFRONT","PROVINCIA_CENTR":"CN","INDIRIZZO_CENTRALE":"CIRCONVALLAZIONE 2","LATITUDINE_SEZIONE":"44.64234","LONGITUDINE_SEZIONE":"7.30281","POS_X_SEZIONE":"365405.34404","POS_Y_SEZIONE":"4944621.29971","LATITUDINE_CENTRALE":"44.64690","LONGITUDINE_CENTRALE":"7.31774","POS_X_CENTRALE":"366599.92222","POS_Y_CENTRALE":"4945102.66331","TIPO_ADSL":"ADSL_M","DESCRIZIONE_TIPO_ADSL":"ADSL Mini","DISTANZA_CALCOLATA":"1287.92","CLASSE_DISTANZA":"900-1299","POTENZA_SEGNALE":"0.64","POPOLAZIONE_SEZIONE": "8"}
			},
		 		{ "type" : "Feature",
				"geometry" : {
					"type" : "Point",
					"coordinates" : [7.33601,44.64396]},
			"properties" : { "ANNO":"2010","ID_SEZIONE":"22141","ISTAT_COMUNE_SEZ":"4209","COMUNE_SEZ":"SANFRONT","PROVINCIA":"CN","ID_CENTRALE":"1289","NOME_CENTRALE":"SANFRONT","ISTAT_COMUNE_CENTR":"4209","COMUNE_CENTR":"SANFRONT","PROVINCIA_CENTR":"CN","INDIRIZZO_CENTRALE":"CIRCONVALLAZIONE 2","LATITUDINE_SEZIONE":"44.64396","LONGITUDINE_SEZIONE":"7.33601","POS_X_SEZIONE":"368042.09643","POS_Y_SEZIONE":"4944746.32038","LATITUDINE_CENTRALE":"44.64690","LONGITUDINE_CENTRALE":"7.31774","POS_X_CENTRALE":"366599.92222","POS_Y_CENTRALE":"4945102.66331","TIPO_ADSL":"ADSL_M","DESCRIZIONE_TIPO_ADSL":"ADSL Mini","DISTANZA_CALCOLATA":"1485.55","CLASSE_DISTANZA":"1300-1699","POTENZA_SEGNALE":"0.64","POPOLAZIONE_SEZIONE": "88"}
			},
		 		{ "type" : "Feature",
				"geometry" : {
					"type" : "Point",
					"coordinates" : [7.29691,44.66190]},
			"properties" : { "ANNO":"2010","ID_SEZIONE":"24757","ISTAT_COMUNE_SEZ":"4209","COMUNE_SEZ":"SANFRONT","PROVINCIA":"CN","ID_CENTRALE":"1289","NOME_CENTRALE":"SANFRONT","ISTAT_COMUNE_CENTR":"4209","COMUNE_CENTR":"SANFRONT","PROVINCIA_CENTR":"CN","INDIRIZZO_CENTRALE":"CIRCONVALLAZIONE 2","LATITUDINE_SEZIONE":"44.66190","LONGITUDINE_SEZIONE":"7.29691","POS_X_SEZIONE":"364983.16164","POS_Y_SEZIONE":"4946803.81184","LATITUDINE_CENTRALE":"44.64690","LONGITUDINE_CENTRALE":"7.31774","POS_X_CENTRALE":"366599.92222","POS_Y_CENTRALE":"4945102.66331","TIPO_ADSL":"ADSL_M","DESCRIZIONE_TIPO_ADSL":"ADSL Mini","DISTANZA_CALCOLATA":"2346.87","CLASSE_DISTANZA":"2100-2499","POTENZA_SEGNALE":"0.64","POPOLAZIONE_SEZIONE": "34"}
			},
		 		{ "type" : "Feature",
				"geometry" : {
					"type" : "Point",
					"coordinates" : [7.32243,44.65160]},
			"properties" : { "ANNO":"2010","ID_SEZIONE":"29218","ISTAT_COMUNE_SEZ":"4209","COMUNE_SEZ":"SANFRONT","PROVINCIA":"CN","ID_CENTRALE":"1289","NOME_CENTRALE":"SANFRONT","ISTAT_COMUNE_CENTR":"4209","COMUNE_CENTR":"SANFRONT","PROVINCIA_CENTR":"CN","INDIRIZZO_CENTRALE":"CIRCONVALLAZIONE 2","LATITUDINE_SEZIONE":"44.65160","LONGITUDINE_SEZIONE":"7.32243","POS_X_SEZIONE":"366982.88465","POS_Y_SEZIONE":"4945617.82119","LATITUDINE_CENTRALE":"44.64690","LONGITUDINE_CENTRALE":"7.31774","POS_X_CENTRALE":"366599.92222","POS_Y_CENTRALE":"4945102.66331","TIPO_ADSL":"ADSL_M","DESCRIZIONE_TIPO_ADSL":"ADSL Mini","DISTANZA_CALCOLATA":"641.91","CLASSE_DISTANZA":"500-899","POTENZA_SEGNALE":"0.64","POPOLAZIONE_SEZIONE": "17"}
			},
		 		{ "type" : "Feature",
				"geometry" : {
					"type" : "Point",
					"coordinates" : [7.30461,44.67640]},
			"properties" : { "ANNO":"2010","ID_SEZIONE":"29433","ISTAT_COMUNE_SEZ":"4209","COMUNE_SEZ":"SANFRONT","PROVINCIA":"CN","ID_CENTRALE":"1289","NOME_CENTRALE":"SANFRONT","ISTAT_COMUNE_CENTR":"4209","COMUNE_CENTR":"SANFRONT","PROVINCIA_CENTR":"CN","INDIRIZZO_CENTRALE":"CIRCONVALLAZIONE 2","LATITUDINE_SEZIONE":"44.67640","LONGITUDINE_SEZIONE":"7.30461","POS_X_SEZIONE":"365627.02827","POS_Y_SEZIONE":"4948401.83194","LATITUDINE_CENTRALE":"44.64690","LONGITUDINE_CENTRALE":"7.31774","POS_X_CENTRALE":"366599.92222","POS_Y_CENTRALE":"4945102.66331","TIPO_ADSL":"ADSL_M","DESCRIZIONE_TIPO_ADSL":"ADSL Mini","DISTANZA_CALCOLATA":"3439.63","CLASSE_DISTANZA":"3300-3699","POTENZA_SEGNALE":"0.64","POPOLAZIONE_SEZIONE": "15"}
			},
		 		{ "type" : "Feature",
				"geometry" : {
					"type" : "Point",
					"coordinates" : [7.30199,44.64756]},
			"properties" : { "ANNO":"2010","ID_SEZIONE":"29434","ISTAT_COMUNE_SEZ":"4209","COMUNE_SEZ":"SANFRONT","PROVINCIA":"CN","ID_CENTRALE":"1289","NOME_CENTRALE":"SANFRONT","ISTAT_COMUNE_CENTR":"4209","COMUNE_CENTR":"SANFRONT","PROVINCIA_CENTR":"CN","INDIRIZZO_CENTRALE":"CIRCONVALLAZIONE 2","LATITUDINE_SEZIONE":"44.64756","LONGITUDINE_SEZIONE":"7.30199","POS_X_SEZIONE":"365352.49233","POS_Y_SEZIONE":"4945201.80327","LATITUDINE_CENTRALE":"44.64690","LONGITUDINE_CENTRALE":"7.31774","POS_X_CENTRALE":"366599.92222","POS_Y_CENTRALE":"4945102.66331","TIPO_ADSL":"ADSL_M","DESCRIZIONE_TIPO_ADSL":"ADSL Mini","DISTANZA_CALCOLATA":"1251.36","CLASSE_DISTANZA":"900-1299","POTENZA_SEGNALE":"0.64","POPOLAZIONE_SEZIONE": "140"}
			},
		 		{ "type" : "Feature",
				"geometry" : {
					"type" : "Point",
					"coordinates" : [7.31668,44.64846]},
			"properties" : { "ANNO":"2010","ID_SEZIONE":"29439","ISTAT_COMUNE_SEZ":"4209","COMUNE_SEZ":"SANFRONT","PROVINCIA":"CN","ID_CENTRALE":"1289","NOME_CENTRALE":"SANFRONT","ISTAT_COMUNE_CENTR":"4209","COMUNE_CENTR":"SANFRONT","PROVINCIA_CENTR":"CN","INDIRIZZO_CENTRALE":"CIRCONVALLAZIONE 2","LATITUDINE_SEZIONE":"44.64846","LONGITUDINE_SEZIONE":"7.31668","POS_X_SEZIONE":"366519.30705","POS_Y_SEZIONE":"4945277.81479","LATITUDINE_CENTRALE":"44.64690","LONGITUDINE_CENTRALE":"7.31774","POS_X_CENTRALE":"366599.92222","POS_Y_CENTRALE":"4945102.66331","TIPO_ADSL":"ADSL_M","DESCRIZIONE_TIPO_ADSL":"ADSL Mini","DISTANZA_CALCOLATA":"192.81","CLASSE_DISTANZA":"100-499","POTENZA_SEGNALE":"0.64","POPOLAZIONE_SEZIONE": "265"}
			},
		 		{ "type" : "Feature",
				"geometry" : {
					"type" : "Point",
					"coordinates" : [7.28970,44.63625]},
			"properties" : { "ANNO":"2010","ID_SEZIONE":"29440","ISTAT_COMUNE_SEZ":"4209","COMUNE_SEZ":"SANFRONT","PROVINCIA":"CN","ID_CENTRALE":"1289","NOME_CENTRALE":"SANFRONT","ISTAT_COMUNE_CENTR":"4209","COMUNE_CENTR":"SANFRONT","PROVINCIA_CENTR":"CN","INDIRIZZO_CENTRALE":"CIRCONVALLAZIONE 2","LATITUDINE_SEZIONE":"44.63625","LONGITUDINE_SEZIONE":"7.28970","POS_X_SEZIONE":"364352.06634","POS_Y_SEZIONE":"4943965.78458","LATITUDINE_CENTRALE":"44.64690","LONGITUDINE_CENTRALE":"7.31774","POS_X_CENTRALE":"366599.92222","POS_Y_CENTRALE":"4945102.66331","TIPO_ADSL":"ADSL_M","DESCRIZIONE_TIPO_ADSL":"ADSL Mini","DISTANZA_CALCOLATA":"2519","CLASSE_DISTANZA":"2500-2899","POTENZA_SEGNALE":"0.64","POPOLAZIONE_SEZIONE": ""}
			},
		 		{ "type" : "Feature",
				"geometry" : {
					"type" : "Point",
					"coordinates" : [7.30747,44.65296]},
			"properties" : { "ANNO":"2010","ID_SEZIONE":"30502","ISTAT_COMUNE_SEZ":"4209","COMUNE_SEZ":"SANFRONT","PROVINCIA":"CN","ID_CENTRALE":"1289","NOME_CENTRALE":"SANFRONT","ISTAT_COMUNE_CENTR":"4209","COMUNE_CENTR":"SANFRONT","PROVINCIA_CENTR":"CN","INDIRIZZO_CENTRALE":"CIRCONVALLAZIONE 2","LATITUDINE_SEZIONE":"44.65296","LONGITUDINE_SEZIONE":"7.30747","POS_X_SEZIONE":"365799.37822","POS_Y_SEZIONE":"4945792.81152","LATITUDINE_CENTRALE":"44.64690","LONGITUDINE_CENTRALE":"7.31774","POS_X_CENTRALE":"366599.92222","POS_Y_CENTRALE":"4945102.66331","TIPO_ADSL":"ADSL_M","DESCRIZIONE_TIPO_ADSL":"ADSL Mini","DISTANZA_CALCOLATA":"1056.97","CLASSE_DISTANZA":"900-1299","POTENZA_SEGNALE":"0.64","POPOLAZIONE_SEZIONE": "206"}
			},
		 		{ "type" : "Feature",
				"geometry" : {
					"type" : "Point",
					"coordinates" : [7.31995,44.62787]},
			"properties" : { "ANNO":"2010","ID_SEZIONE":"31078","ISTAT_COMUNE_SEZ":"4209","COMUNE_SEZ":"SANFRONT","PROVINCIA":"CN","ID_CENTRALE":"1289","NOME_CENTRALE":"SANFRONT","ISTAT_COMUNE_CENTR":"4209","COMUNE_CENTR":"SANFRONT","PROVINCIA_CENTR":"CN","INDIRIZZO_CENTRALE":"CIRCONVALLAZIONE 2","LATITUDINE_SEZIONE":"44.62787","LONGITUDINE_SEZIONE":"7.31995","POS_X_SEZIONE":"366731.53003","POS_Y_SEZIONE":"4942985.80070","LATITUDINE_CENTRALE":"44.64690","LONGITUDINE_CENTRALE":"7.31774","POS_X_CENTRALE":"366599.92222","POS_Y_CENTRALE":"4945102.66331","TIPO_ADSL":"ADSL_M","DESCRIZIONE_TIPO_ADSL":"ADSL Mini","DISTANZA_CALCOLATA":"2120.95","CLASSE_DISTANZA":"2100-2499","POTENZA_SEGNALE":"0.64","POPOLAZIONE_SEZIONE": "17"}
			},
		 		{ "type" : "Feature",
				"geometry" : {
					"type" : "Point",
					"coordinates" : [7.30710,44.61850]},
			"properties" : { "ANNO":"2010","ID_SEZIONE":"32525","ISTAT_COMUNE_SEZ":"4209","COMUNE_SEZ":"SANFRONT","PROVINCIA":"CN","ID_CENTRALE":"1289","NOME_CENTRALE":"SANFRONT","ISTAT_COMUNE_CENTR":"4209","COMUNE_CENTR":"SANFRONT","PROVINCIA_CENTR":"CN","INDIRIZZO_CENTRALE":"CIRCONVALLAZIONE 2","LATITUDINE_SEZIONE":"44.61850","LONGITUDINE_SEZIONE":"7.30710","POS_X_SEZIONE":"365690.81988","POS_Y_SEZIONE":"4941965.28333","LATITUDINE_CENTRALE":"44.64690","LONGITUDINE_CENTRALE":"7.31774","POS_X_CENTRALE":"366599.92222","POS_Y_CENTRALE":"4945102.66331","TIPO_ADSL":"ADSL_M","DESCRIZIONE_TIPO_ADSL":"ADSL Mini","DISTANZA_CALCOLATA":"3266.44","CLASSE_DISTANZA":"2900-3299","POTENZA_SEGNALE":"0.64","POPOLAZIONE_SEZIONE": "151"}
			},
		 		{ "type" : "Feature",
				"geometry" : {
					"type" : "Point",
					"coordinates" : [7.32107,44.67360]},
			"properties" : { "ANNO":"2010","ID_SEZIONE":"32885","ISTAT_COMUNE_SEZ":"4209","COMUNE_SEZ":"SANFRONT","PROVINCIA":"CN","ID_CENTRALE":"1289","NOME_CENTRALE":"SANFRONT","ISTAT_COMUNE_CENTR":"4209","COMUNE_CENTR":"SANFRONT","PROVINCIA_CENTR":"CN","INDIRIZZO_CENTRALE":"CIRCONVALLAZIONE 2","LATITUDINE_SEZIONE":"44.67360","LONGITUDINE_SEZIONE":"7.32107","POS_X_SEZIONE":"366925.43876","POS_Y_SEZIONE":"4948063.83975","LATITUDINE_CENTRALE":"44.64690","LONGITUDINE_CENTRALE":"7.31774","POS_X_CENTRALE":"366599.92222","POS_Y_CENTRALE":"4945102.66331","TIPO_ADSL":"ADSL_M","DESCRIZIONE_TIPO_ADSL":"ADSL Mini","DISTANZA_CALCOLATA":"2979.01","CLASSE_DISTANZA":"2900-3299","POTENZA_SEGNALE":"0.64","POPOLAZIONE_SEZIONE": "42"}
			}
		 		]
	}
		