 	{ "type" : "FeatureCollection",
		"features" : [
		 		{ "type" : "Feature",
				"geometry" : {
					"type" : "Point",
					"coordinates" : [7.78007,45.02631]},
			"properties" : { "ANNO":"2010","ID_SEZIONE":"585","ISTAT_COMUNE_SEZ":"1192","COMUNE_SEZ":"PINO TORINESE","PROVINCIA":"TO","ID_CENTRALE":"1482","NOME_CENTRALE":"TORINO PINO","ISTAT_COMUNE_CENTR":"1192","COMUNE_CENTR":"PINO TORINESE","PROVINCIA_CENTR":"TO","INDIRIZZO_CENTRALE":"ROMA 29","LATITUDINE_SEZIONE":"45.02631","LONGITUDINE_SEZIONE":"7.78007","POS_X_SEZIONE":"403894.45665","POS_Y_SEZIONE":"4986597.12158","LATITUDINE_CENTRALE":"45.04429","LONGITUDINE_CENTRALE":"7.77229","POS_X_CENTRALE":"403312.12668","POS_Y_CENTRALE":"4988603.98357","TIPO_ADSL":"ADSL_1","DESCRIZIONE_TIPO_ADSL":"ADSL (8 mega)","DISTANZA_CALCOLATA":"2089.64","CLASSE_DISTANZA":"1700-2099","POTENZA_SEGNALE":"6874.88","POPOLAZIONE_SEZIONE": "29"}
			},
		 		{ "type" : "Feature",
				"geometry" : {
					"type" : "Point",
					"coordinates" : [7.78121,45.01406]},
			"properties" : { "ANNO":"2010","ID_SEZIONE":"10116","ISTAT_COMUNE_SEZ":"1192","COMUNE_SEZ":"PINO TORINESE","PROVINCIA":"TO","ID_CENTRALE":"1482","NOME_CENTRALE":"TORINO PINO","ISTAT_COMUNE_CENTR":"1192","COMUNE_CENTR":"PINO TORINESE","PROVINCIA_CENTR":"TO","INDIRIZZO_CENTRALE":"ROMA 29","LATITUDINE_SEZIONE":"45.01406","LONGITUDINE_SEZIONE":"7.78121","POS_X_SEZIONE":"403964.00827","POS_Y_SEZIONE":"4985235.10276","LATITUDINE_CENTRALE":"45.04429","LONGITUDINE_CENTRALE":"7.77229","POS_X_CENTRALE":"403312.12668","POS_Y_CENTRALE":"4988603.98357","TIPO_ADSL":"ADSL_1","DESCRIZIONE_TIPO_ADSL":"ADSL (8 mega)","DISTANZA_CALCOLATA":"3431.37","CLASSE_DISTANZA":"3300-3699","POTENZA_SEGNALE":"3999.63","POPOLAZIONE_SEZIONE": "47"}
			},
		 		{ "type" : "Feature",
				"geometry" : {
					"type" : "Point",
					"coordinates" : [7.77614,45.02036]},
			"properties" : { "ANNO":"2010","ID_SEZIONE":"10566","ISTAT_COMUNE_SEZ":"1192","COMUNE_SEZ":"PINO TORINESE","PROVINCIA":"TO","ID_CENTRALE":"1482","NOME_CENTRALE":"TORINO PINO","ISTAT_COMUNE_CENTR":"1192","COMUNE_CENTR":"PINO TORINESE","PROVINCIA_CENTR":"TO","INDIRIZZO_CENTRALE":"ROMA 29","LATITUDINE_SEZIONE":"45.02036","LONGITUDINE_SEZIONE":"7.77614","POS_X_SEZIONE":"403575.57896","POS_Y_SEZIONE":"4985941.10775","LATITUDINE_CENTRALE":"45.04429","LONGITUDINE_CENTRALE":"7.77229","POS_X_CENTRALE":"403312.12668","POS_Y_CENTRALE":"4988603.98357","TIPO_ADSL":"ADSL_1","DESCRIZIONE_TIPO_ADSL":"ADSL (8 mega)","DISTANZA_CALCOLATA":"2675.88","CLASSE_DISTANZA":"2500-2899","POTENZA_SEGNALE":"5749.63","POPOLAZIONE_SEZIONE": "73"}
			},
		 		{ "type" : "Feature",
				"geometry" : {
					"type" : "Point",
					"coordinates" : [7.77995,45.06719]},
			"properties" : { "ANNO":"2010","ID_SEZIONE":"11515","ISTAT_COMUNE_SEZ":"1192","COMUNE_SEZ":"PINO TORINESE","PROVINCIA":"TO","ID_CENTRALE":"1482","NOME_CENTRALE":"TORINO PINO","ISTAT_COMUNE_CENTR":"1192","COMUNE_CENTR":"PINO TORINESE","PROVINCIA_CENTR":"TO","INDIRIZZO_CENTRALE":"ROMA 29","LATITUDINE_SEZIONE":"45.06719","LONGITUDINE_SEZIONE":"7.77995","POS_X_SEZIONE":"403953.48923","POS_Y_SEZIONE":"4991138.68804","LATITUDINE_CENTRALE":"45.04429","LONGITUDINE_CENTRALE":"7.77229","POS_X_CENTRALE":"403312.12668","POS_Y_CENTRALE":"4988603.98357","TIPO_ADSL":"ADSL_1","DESCRIZIONE_TIPO_ADSL":"ADSL (8 mega)","DISTANZA_CALCOLATA":"2614.59","CLASSE_DISTANZA":"2500-2899","POTENZA_SEGNALE":"5749.63","POPOLAZIONE_SEZIONE": "23"}
			},
		 		{ "type" : "Feature",
				"geometry" : {
					"type" : "Point",
					"coordinates" : [7.77229,45.04502]},
			"properties" : { "ANNO":"2010","ID_SEZIONE":"12373","ISTAT_COMUNE_SEZ":"1192","COMUNE_SEZ":"PINO TORINESE","PROVINCIA":"TO","ID_CENTRALE":"1482","NOME_CENTRALE":"TORINO PINO","ISTAT_COMUNE_CENTR":"1192","COMUNE_CENTR":"PINO TORINESE","PROVINCIA_CENTR":"TO","INDIRIZZO_CENTRALE":"ROMA 29","LATITUDINE_SEZIONE":"45.04502","LONGITUDINE_SEZIONE":"7.77229","POS_X_SEZIONE":"403313.44468","POS_Y_SEZIONE":"4988684.64491","LATITUDINE_CENTRALE":"45.04429","LONGITUDINE_CENTRALE":"7.77229","POS_X_CENTRALE":"403312.12668","POS_Y_CENTRALE":"4988603.98357","TIPO_ADSL":"ADSL_1","DESCRIZIONE_TIPO_ADSL":"ADSL (8 mega)","DISTANZA_CALCOLATA":"80.67","CLASSE_DISTANZA":"0-99","POTENZA_SEGNALE":"7000","POPOLAZIONE_SEZIONE": "884"}
			},
		 		{ "type" : "Feature",
				"geometry" : {
					"type" : "Point",
					"coordinates" : [7.76735,45.03953]},
			"properties" : { "ANNO":"2010","ID_SEZIONE":"13472","ISTAT_COMUNE_SEZ":"1192","COMUNE_SEZ":"PINO TORINESE","PROVINCIA":"TO","ID_CENTRALE":"1482","NOME_CENTRALE":"TORINO PINO","ISTAT_COMUNE_CENTR":"1192","COMUNE_CENTR":"PINO TORINESE","PROVINCIA_CENTR":"TO","INDIRIZZO_CENTRALE":"ROMA 29","LATITUDINE_SEZIONE":"45.03953","LONGITUDINE_SEZIONE":"7.76735","POS_X_SEZIONE":"402915.03752","POS_Y_SEZIONE":"4988080.63083","LATITUDINE_CENTRALE":"45.04429","LONGITUDINE_CENTRALE":"7.77229","POS_X_CENTRALE":"403312.12668","POS_Y_CENTRALE":"4988603.98357","TIPO_ADSL":"ADSL_1","DESCRIZIONE_TIPO_ADSL":"ADSL (8 mega)","DISTANZA_CALCOLATA":"656.95","CLASSE_DISTANZA":"500-899","POTENZA_SEGNALE":"7000","POPOLAZIONE_SEZIONE": "765"}
			},
		 		{ "type" : "Feature",
				"geometry" : {
					"type" : "Point",
					"coordinates" : [7.77052,45.05992]},
			"properties" : { "ANNO":"2010","ID_SEZIONE":"13574","ISTAT_COMUNE_SEZ":"1192","COMUNE_SEZ":"PINO TORINESE","PROVINCIA":"TO","ID_CENTRALE":"1482","NOME_CENTRALE":"TORINO PINO","ISTAT_COMUNE_CENTR":"1192","COMUNE_CENTR":"PINO TORINESE","PROVINCIA_CENTR":"TO","INDIRIZZO_CENTRALE":"ROMA 29","LATITUDINE_SEZIONE":"45.05992","LONGITUDINE_SEZIONE":"7.77052","POS_X_SEZIONE":"403198.89646","POS_Y_SEZIONE":"4990341.66788","LATITUDINE_CENTRALE":"45.04429","LONGITUDINE_CENTRALE":"7.77229","POS_X_CENTRALE":"403312.12668","POS_Y_CENTRALE":"4988603.98357","TIPO_ADSL":"ADSL_1","DESCRIZIONE_TIPO_ADSL":"ADSL (8 mega)","DISTANZA_CALCOLATA":"1741.37","CLASSE_DISTANZA":"1700-2099","POTENZA_SEGNALE":"6874.88","POPOLAZIONE_SEZIONE": "137"}
			},
		 		{ "type" : "Feature",
				"geometry" : {
					"type" : "Point",
					"coordinates" : [7.79652,45.01822]},
			"properties" : { "ANNO":"2010","ID_SEZIONE":"15180","ISTAT_COMUNE_SEZ":"1078","COMUNE_SEZ":"CHIERI","PROVINCIA":"TO","ID_CENTRALE":"1482","NOME_CENTRALE":"TORINO PINO","ISTAT_COMUNE_CENTR":"1192","COMUNE_CENTR":"PINO TORINESE","PROVINCIA_CENTR":"TO","INDIRIZZO_CENTRALE":"ROMA 29","LATITUDINE_SEZIONE":"45.01822","LONGITUDINE_SEZIONE":"7.79652","POS_X_SEZIONE":"405177.75291","POS_Y_SEZIONE":"4985679.12554","LATITUDINE_CENTRALE":"45.04429","LONGITUDINE_CENTRALE":"7.77229","POS_X_CENTRALE":"403312.12668","POS_Y_CENTRALE":"4988603.98357","TIPO_ADSL":"ADSL_1","DESCRIZIONE_TIPO_ADSL":"ADSL (8 mega)","DISTANZA_CALCOLATA":"3469.2","CLASSE_DISTANZA":"3300-3699","POTENZA_SEGNALE":"3999.63","POPOLAZIONE_SEZIONE": "159"}
			},
		 		{ "type" : "Feature",
				"geometry" : {
					"type" : "Point",
					"coordinates" : [7.76869,45.02538]},
			"properties" : { "ANNO":"2010","ID_SEZIONE":"17777","ISTAT_COMUNE_SEZ":"1192","COMUNE_SEZ":"PINO TORINESE","PROVINCIA":"TO","ID_CENTRALE":"1482","NOME_CENTRALE":"TORINO PINO","ISTAT_COMUNE_CENTR":"1192","COMUNE_CENTR":"PINO TORINESE","PROVINCIA_CENTR":"TO","INDIRIZZO_CENTRALE":"ROMA 29","LATITUDINE_SEZIONE":"45.02538","LONGITUDINE_SEZIONE":"7.76869","POS_X_SEZIONE":"402996.36872","POS_Y_SEZIONE":"4986507.10839","LATITUDINE_CENTRALE":"45.04429","LONGITUDINE_CENTRALE":"7.77229","POS_X_CENTRALE":"403312.12668","POS_Y_CENTRALE":"4988603.98357","TIPO_ADSL":"ADSL_1","DESCRIZIONE_TIPO_ADSL":"ADSL (8 mega)","DISTANZA_CALCOLATA":"2120.52","CLASSE_DISTANZA":"2100-2499","POTENZA_SEGNALE":"6500.38","POPOLAZIONE_SEZIONE": "97"}
			},
		 		{ "type" : "Feature",
				"geometry" : {
					"type" : "Point",
					"coordinates" : [7.75710,45.04894]},
			"properties" : { "ANNO":"2010","ID_SEZIONE":"21793","ISTAT_COMUNE_SEZ":"1192","COMUNE_SEZ":"PINO TORINESE","PROVINCIA":"TO","ID_CENTRALE":"1482","NOME_CENTRALE":"TORINO PINO","ISTAT_COMUNE_CENTR":"1192","COMUNE_CENTR":"PINO TORINESE","PROVINCIA_CENTR":"TO","INDIRIZZO_CENTRALE":"ROMA 29","LATITUDINE_SEZIONE":"45.04894","LONGITUDINE_SEZIONE":"7.75710","POS_X_SEZIONE":"402123.58382","POS_Y_SEZIONE":"4989138.13713","LATITUDINE_CENTRALE":"45.04429","LONGITUDINE_CENTRALE":"7.77229","POS_X_CENTRALE":"403312.12668","POS_Y_CENTRALE":"4988603.98357","TIPO_ADSL":"ADSL_1","DESCRIZIONE_TIPO_ADSL":"ADSL (8 mega)","DISTANZA_CALCOLATA":"1303.06","CLASSE_DISTANZA":"1300-1699","POTENZA_SEGNALE":"7000","POPOLAZIONE_SEZIONE": "473"}
			},
		 		{ "type" : "Feature",
				"geometry" : {
					"type" : "Point",
					"coordinates" : [7.75448,45.04242]},
			"properties" : { "ANNO":"2010","ID_SEZIONE":"26624","ISTAT_COMUNE_SEZ":"1192","COMUNE_SEZ":"PINO TORINESE","PROVINCIA":"TO","ID_CENTRALE":"1482","NOME_CENTRALE":"TORINO PINO","ISTAT_COMUNE_CENTR":"1192","COMUNE_CENTR":"PINO TORINESE","PROVINCIA_CENTR":"TO","INDIRIZZO_CENTRALE":"ROMA 29","LATITUDINE_SEZIONE":"45.04242","LONGITUDINE_SEZIONE":"7.75448","POS_X_SEZIONE":"401906.54856","POS_Y_SEZIONE":"4988417.12337","LATITUDINE_CENTRALE":"45.04429","LONGITUDINE_CENTRALE":"7.77229","POS_X_CENTRALE":"403312.12668","POS_Y_CENTRALE":"4988603.98357","TIPO_ADSL":"ADSL_1","DESCRIZIONE_TIPO_ADSL":"ADSL (8 mega)","DISTANZA_CALCOLATA":"1417.94","CLASSE_DISTANZA":"1300-1699","POTENZA_SEGNALE":"7000","POPOLAZIONE_SEZIONE": "36"}
			},
		 		{ "type" : "Feature",
				"geometry" : {
					"type" : "Point",
					"coordinates" : [7.75344,45.03833]},
			"properties" : { "ANNO":"2010","ID_SEZIONE":"28086","ISTAT_COMUNE_SEZ":"1192","COMUNE_SEZ":"PINO TORINESE","PROVINCIA":"TO","ID_CENTRALE":"1482","NOME_CENTRALE":"TORINO PINO","ISTAT_COMUNE_CENTR":"1192","COMUNE_CENTR":"PINO TORINESE","PROVINCIA_CENTR":"TO","INDIRIZZO_CENTRALE":"ROMA 29","LATITUDINE_SEZIONE":"45.03833","LONGITUDINE_SEZIONE":"7.75344","POS_X_SEZIONE":"401817.23374","POS_Y_SEZIONE":"4987964.61521","LATITUDINE_CENTRALE":"45.04429","LONGITUDINE_CENTRALE":"7.77229","POS_X_CENTRALE":"403312.12668","POS_Y_CENTRALE":"4988603.98357","TIPO_ADSL":"ADSL_1","DESCRIZIONE_TIPO_ADSL":"ADSL (8 mega)","DISTANZA_CALCOLATA":"1625.88","CLASSE_DISTANZA":"1300-1699","POTENZA_SEGNALE":"7000","POPOLAZIONE_SEZIONE": "6"}
			},
		 		{ "type" : "Feature",
				"geometry" : {
					"type" : "Point",
					"coordinates" : [7.77348,45.03282]},
			"properties" : { "ANNO":"2010","ID_SEZIONE":"28087","ISTAT_COMUNE_SEZ":"1192","COMUNE_SEZ":"PINO TORINESE","PROVINCIA":"TO","ID_CENTRALE":"1482","NOME_CENTRALE":"TORINO PINO","ISTAT_COMUNE_CENTR":"1192","COMUNE_CENTR":"PINO TORINESE","PROVINCIA_CENTR":"TO","INDIRIZZO_CENTRALE":"ROMA 29","LATITUDINE_SEZIONE":"45.03282","LONGITUDINE_SEZIONE":"7.77348","POS_X_SEZIONE":"403386.27822","POS_Y_SEZIONE":"4987328.12548","LATITUDINE_CENTRALE":"45.04429","LONGITUDINE_CENTRALE":"7.77229","POS_X_CENTRALE":"403312.12668","POS_Y_CENTRALE":"4988603.98357","TIPO_ADSL":"ADSL_1","DESCRIZIONE_TIPO_ADSL":"ADSL (8 mega)","DISTANZA_CALCOLATA":"1278.01","CLASSE_DISTANZA":"900-1299","POTENZA_SEGNALE":"7000","POPOLAZIONE_SEZIONE": "444"}
			},
		 		{ "type" : "Feature",
				"geometry" : {
					"type" : "Point",
					"coordinates" : [7.78214,45.04375]},
			"properties" : { "ANNO":"2010","ID_SEZIONE":"29158","ISTAT_COMUNE_SEZ":"1192","COMUNE_SEZ":"PINO TORINESE","PROVINCIA":"TO","ID_CENTRALE":"1482","NOME_CENTRALE":"TORINO PINO","ISTAT_COMUNE_CENTR":"1192","COMUNE_CENTR":"PINO TORINESE","PROVINCIA_CENTR":"TO","INDIRIZZO_CENTRALE":"ROMA 29","LATITUDINE_SEZIONE":"45.04375","LONGITUDINE_SEZIONE":"7.78214","POS_X_SEZIONE":"404086.90619","POS_Y_SEZIONE":"4988531.65214","LATITUDINE_CENTRALE":"45.04429","LONGITUDINE_CENTRALE":"7.77229","POS_X_CENTRALE":"403312.12668","POS_Y_CENTRALE":"4988603.98357","TIPO_ADSL":"ADSL_1","DESCRIZIONE_TIPO_ADSL":"ADSL (8 mega)","DISTANZA_CALCOLATA":"778.15","CLASSE_DISTANZA":"500-899","POTENZA_SEGNALE":"7000","POPOLAZIONE_SEZIONE": "731"}
			}
		 		]
	}
		