 	{ "type" : "FeatureCollection",
		"features" : [
		 		{ "type" : "Feature",
				"geometry" : {
					"type" : "Point",
					"coordinates" : [8.24949,44.72398]},
			"properties" : { "ANNO":"2010","ID_SEZIONE":"4622","ISTAT_COMUNE_SEZ":"4213","COMUNE_SEZ":"SANTO STEFANO BELBO","PROVINCIA":"CN","ID_CENTRALE":"1304","NOME_CENTRALE":"SANTO STEFANO BELBO","ISTAT_COMUNE_CENTR":"4213","COMUNE_CENTR":"SANTO STEFANO BELBO","PROVINCIA_CENTR":"CN","INDIRIZZO_CENTRALE":"VIA CESARE PAVESE","LATITUDINE_SEZIONE":"44.72398","LONGITUDINE_SEZIONE":"8.24949","POS_X_SEZIONE":"440565.23096","POS_Y_SEZIONE":"4952562.93274","LATITUDINE_CENTRALE":"44.70845","LONGITUDINE_CENTRALE":"8.23261","POS_X_CENTRALE":"439211.65413","POS_Y_CENTRALE":"4950850.44771","TIPO_ADSL":"ADSL_2P","DESCRIZIONE_TIPO_ADSL":"ADSL 2+ (24 mega)","DISTANZA_CALCOLATA":"2182.84","CLASSE_DISTANZA":"2100-2499","POTENZA_SEGNALE":"10000","POPOLAZIONE_SEZIONE": "107"}
			},
		 		{ "type" : "Feature",
				"geometry" : {
					"type" : "Point",
					"coordinates" : [8.21783,44.71486]},
			"properties" : { "ANNO":"2010","ID_SEZIONE":"4623","ISTAT_COMUNE_SEZ":"4213","COMUNE_SEZ":"SANTO STEFANO BELBO","PROVINCIA":"CN","ID_CENTRALE":"1304","NOME_CENTRALE":"SANTO STEFANO BELBO","ISTAT_COMUNE_CENTR":"4213","COMUNE_CENTR":"SANTO STEFANO BELBO","PROVINCIA_CENTR":"CN","INDIRIZZO_CENTRALE":"VIA CESARE PAVESE","LATITUDINE_SEZIONE":"44.71486","LONGITUDINE_SEZIONE":"8.21783","POS_X_SEZIONE":"438048.29323","POS_Y_SEZIONE":"4951572.91009","LATITUDINE_CENTRALE":"44.70845","LONGITUDINE_CENTRALE":"8.23261","POS_X_CENTRALE":"439211.65413","POS_Y_CENTRALE":"4950850.44771","TIPO_ADSL":"ADSL_2P","DESCRIZIONE_TIPO_ADSL":"ADSL 2+ (24 mega)","DISTANZA_CALCOLATA":"1369.44","CLASSE_DISTANZA":"1300-1699","POTENZA_SEGNALE":"16071.67","POPOLAZIONE_SEZIONE": "179"}
			},
		 		{ "type" : "Feature",
				"geometry" : {
					"type" : "Point",
					"coordinates" : [8.20825,44.69829]},
			"properties" : { "ANNO":"2010","ID_SEZIONE":"5554","ISTAT_COMUNE_SEZ":"4213","COMUNE_SEZ":"SANTO STEFANO BELBO","PROVINCIA":"CN","ID_CENTRALE":"1304","NOME_CENTRALE":"SANTO STEFANO BELBO","ISTAT_COMUNE_CENTR":"4213","COMUNE_CENTR":"SANTO STEFANO BELBO","PROVINCIA_CENTR":"CN","INDIRIZZO_CENTRALE":"VIA CESARE PAVESE","LATITUDINE_SEZIONE":"44.69829","LONGITUDINE_SEZIONE":"8.20825","POS_X_SEZIONE":"437271.03320","POS_Y_SEZIONE":"4949740.38836","LATITUDINE_CENTRALE":"44.70845","LONGITUDINE_CENTRALE":"8.23261","POS_X_CENTRALE":"439211.65413","POS_Y_CENTRALE":"4950850.44771","TIPO_ADSL":"ADSL_2P","DESCRIZIONE_TIPO_ADSL":"ADSL 2+ (24 mega)","DISTANZA_CALCOLATA":"2235.67","CLASSE_DISTANZA":"2100-2499","POTENZA_SEGNALE":"10000","POPOLAZIONE_SEZIONE": "28"}
			},
		 		{ "type" : "Feature",
				"geometry" : {
					"type" : "Point",
					"coordinates" : [8.22786,44.70924]},
			"properties" : { "ANNO":"2010","ID_SEZIONE":"6087","ISTAT_COMUNE_SEZ":"4213","COMUNE_SEZ":"SANTO STEFANO BELBO","PROVINCIA":"CN","ID_CENTRALE":"1304","NOME_CENTRALE":"SANTO STEFANO BELBO","ISTAT_COMUNE_CENTR":"4213","COMUNE_CENTR":"SANTO STEFANO BELBO","PROVINCIA_CENTR":"CN","INDIRIZZO_CENTRALE":"VIA CESARE PAVESE","LATITUDINE_SEZIONE":"44.70924","LONGITUDINE_SEZIONE":"8.22786","POS_X_SEZIONE":"438836.54232","POS_Y_SEZIONE":"4950940.90906","LATITUDINE_CENTRALE":"44.70845","LONGITUDINE_CENTRALE":"8.23261","POS_X_CENTRALE":"439211.65413","POS_Y_CENTRALE":"4950850.44771","TIPO_ADSL":"ADSL_2P","DESCRIZIONE_TIPO_ADSL":"ADSL 2+ (24 mega)","DISTANZA_CALCOLATA":"385.87","CLASSE_DISTANZA":"100-499","POTENZA_SEGNALE":"19761.67","POPOLAZIONE_SEZIONE": ""}
			},
		 		{ "type" : "Feature",
				"geometry" : {
					"type" : "Point",
					"coordinates" : [8.19350,44.69513]},
			"properties" : { "ANNO":"2010","ID_SEZIONE":"7309","ISTAT_COMUNE_SEZ":"4036","COMUNE_SEZ":"CAMO","PROVINCIA":"CN","ID_CENTRALE":"1304","NOME_CENTRALE":"SANTO STEFANO BELBO","ISTAT_COMUNE_CENTR":"4213","COMUNE_CENTR":"SANTO STEFANO BELBO","PROVINCIA_CENTR":"CN","INDIRIZZO_CENTRALE":"VIA CESARE PAVESE","LATITUDINE_SEZIONE":"44.69513","LONGITUDINE_SEZIONE":"8.19350","POS_X_SEZIONE":"436099.09745","POS_Y_SEZIONE":"4949400.87450","LATITUDINE_CENTRALE":"44.70845","LONGITUDINE_CENTRALE":"8.23261","POS_X_CENTRALE":"439211.65413","POS_Y_CENTRALE":"4950850.44771","TIPO_ADSL":"ADSL_2P","DESCRIZIONE_TIPO_ADSL":"ADSL 2+ (24 mega)","DISTANZA_CALCOLATA":"3433.55","CLASSE_DISTANZA":"3300-3699","POTENZA_SEGNALE":"4047.5","POPOLAZIONE_SEZIONE": "111"}
			},
		 		{ "type" : "Feature",
				"geometry" : {
					"type" : "Point",
					"coordinates" : [8.22646,44.70762]},
			"properties" : { "ANNO":"2010","ID_SEZIONE":"8313","ISTAT_COMUNE_SEZ":"4213","COMUNE_SEZ":"SANTO STEFANO BELBO","PROVINCIA":"CN","ID_CENTRALE":"1304","NOME_CENTRALE":"SANTO STEFANO BELBO","ISTAT_COMUNE_CENTR":"4213","COMUNE_CENTR":"SANTO STEFANO BELBO","PROVINCIA_CENTR":"CN","INDIRIZZO_CENTRALE":"VIA CESARE PAVESE","LATITUDINE_SEZIONE":"44.70762","LONGITUDINE_SEZIONE":"8.22646","POS_X_SEZIONE":"438723.61099","POS_Y_SEZIONE":"4950762.40692","LATITUDINE_CENTRALE":"44.70845","LONGITUDINE_CENTRALE":"8.23261","POS_X_CENTRALE":"439211.65413","POS_Y_CENTRALE":"4950850.44771","TIPO_ADSL":"ADSL_2P","DESCRIZIONE_TIPO_ADSL":"ADSL 2+ (24 mega)","DISTANZA_CALCOLATA":"495.92","CLASSE_DISTANZA":"100-499","POTENZA_SEGNALE":"19761.67","POPOLAZIONE_SEZIONE": "559"}
			},
		 		{ "type" : "Feature",
				"geometry" : {
					"type" : "Point",
					"coordinates" : [8.25958,44.70704]},
			"properties" : { "ANNO":"2010","ID_SEZIONE":"10601","ISTAT_COMUNE_SEZ":"4213","COMUNE_SEZ":"SANTO STEFANO BELBO","PROVINCIA":"CN","ID_CENTRALE":"1304","NOME_CENTRALE":"SANTO STEFANO BELBO","ISTAT_COMUNE_CENTR":"4213","COMUNE_CENTR":"SANTO STEFANO BELBO","PROVINCIA_CENTR":"CN","INDIRIZZO_CENTRALE":"VIA CESARE PAVESE","LATITUDINE_SEZIONE":"44.70704","LONGITUDINE_SEZIONE":"8.25958","POS_X_SEZIONE":"441346.75390","POS_Y_SEZIONE":"4950673.42183","LATITUDINE_CENTRALE":"44.70845","LONGITUDINE_CENTRALE":"8.23261","POS_X_CENTRALE":"439211.65413","POS_Y_CENTRALE":"4950850.44771","TIPO_ADSL":"ADSL_2P","DESCRIZIONE_TIPO_ADSL":"ADSL 2+ (24 mega)","DISTANZA_CALCOLATA":"2142.43","CLASSE_DISTANZA":"2100-2499","POTENZA_SEGNALE":"10000","POPOLAZIONE_SEZIONE": "17"}
			},
		 		{ "type" : "Feature",
				"geometry" : {
					"type" : "Point",
					"coordinates" : [8.23757,44.71249]},
			"properties" : { "ANNO":"2010","ID_SEZIONE":"10832","ISTAT_COMUNE_SEZ":"4213","COMUNE_SEZ":"SANTO STEFANO BELBO","PROVINCIA":"CN","ID_CENTRALE":"1304","NOME_CENTRALE":"SANTO STEFANO BELBO","ISTAT_COMUNE_CENTR":"4213","COMUNE_CENTR":"SANTO STEFANO BELBO","PROVINCIA_CENTR":"CN","INDIRIZZO_CENTRALE":"VIA CESARE PAVESE","LATITUDINE_SEZIONE":"44.71249","LONGITUDINE_SEZIONE":"8.23757","POS_X_SEZIONE":"439608.86616","POS_Y_SEZIONE":"4951294.91661","LATITUDINE_CENTRALE":"44.70845","LONGITUDINE_CENTRALE":"8.23261","POS_X_CENTRALE":"439211.65413","POS_Y_CENTRALE":"4950850.44771","TIPO_ADSL":"ADSL_2P","DESCRIZIONE_TIPO_ADSL":"ADSL 2+ (24 mega)","DISTANZA_CALCOLATA":"596.10","CLASSE_DISTANZA":"500-899","POTENZA_SEGNALE":"19523.33","POPOLAZIONE_SEZIONE": "443"}
			},
		 		{ "type" : "Feature",
				"geometry" : {
					"type" : "Point",
					"coordinates" : [8.20901,44.69337]},
			"properties" : { "ANNO":"2010","ID_SEZIONE":"12283","ISTAT_COMUNE_SEZ":"4213","COMUNE_SEZ":"SANTO STEFANO BELBO","PROVINCIA":"CN","ID_CENTRALE":"1304","NOME_CENTRALE":"SANTO STEFANO BELBO","ISTAT_COMUNE_CENTR":"4213","COMUNE_CENTR":"SANTO STEFANO BELBO","PROVINCIA_CENTR":"CN","INDIRIZZO_CENTRALE":"VIA CESARE PAVESE","LATITUDINE_SEZIONE":"44.69337","LONGITUDINE_SEZIONE":"8.20901","POS_X_SEZIONE":"437326.32459","POS_Y_SEZIONE":"4949193.38343","LATITUDINE_CENTRALE":"44.70845","LONGITUDINE_CENTRALE":"8.23261","POS_X_CENTRALE":"439211.65413","POS_Y_CENTRALE":"4950850.44771","TIPO_ADSL":"ADSL_2P","DESCRIZIONE_TIPO_ADSL":"ADSL 2+ (24 mega)","DISTANZA_CALCOLATA":"2510.05","CLASSE_DISTANZA":"2500-2899","POTENZA_SEGNALE":"7380.83","POPOLAZIONE_SEZIONE": "580"}
			},
		 		{ "type" : "Feature",
				"geometry" : {
					"type" : "Point",
					"coordinates" : [8.25256,44.70553]},
			"properties" : { "ANNO":"2010","ID_SEZIONE":"12883","ISTAT_COMUNE_SEZ":"4213","COMUNE_SEZ":"SANTO STEFANO BELBO","PROVINCIA":"CN","ID_CENTRALE":"1304","NOME_CENTRALE":"SANTO STEFANO BELBO","ISTAT_COMUNE_CENTR":"4213","COMUNE_CENTR":"SANTO STEFANO BELBO","PROVINCIA_CENTR":"CN","INDIRIZZO_CENTRALE":"VIA CESARE PAVESE","LATITUDINE_SEZIONE":"44.70553","LONGITUDINE_SEZIONE":"8.25256","POS_X_SEZIONE":"440788.89150","POS_Y_SEZIONE":"4950511.41684","LATITUDINE_CENTRALE":"44.70845","LONGITUDINE_CENTRALE":"8.23261","POS_X_CENTRALE":"439211.65413","POS_Y_CENTRALE":"4950850.44771","TIPO_ADSL":"ADSL_2P","DESCRIZIONE_TIPO_ADSL":"ADSL 2+ (24 mega)","DISTANZA_CALCOLATA":"1613.26","CLASSE_DISTANZA":"1300-1699","POTENZA_SEGNALE":"16071.67","POPOLAZIONE_SEZIONE": "91"}
			},
		 		{ "type" : "Feature",
				"geometry" : {
					"type" : "Point",
					"coordinates" : [8.24299,44.71032]},
			"properties" : { "ANNO":"2010","ID_SEZIONE":"14752","ISTAT_COMUNE_SEZ":"4213","COMUNE_SEZ":"SANTO STEFANO BELBO","PROVINCIA":"CN","ID_CENTRALE":"1304","NOME_CENTRALE":"SANTO STEFANO BELBO","ISTAT_COMUNE_CENTR":"4213","COMUNE_CENTR":"SANTO STEFANO BELBO","PROVINCIA_CENTR":"CN","INDIRIZZO_CENTRALE":"VIA CESARE PAVESE","LATITUDINE_SEZIONE":"44.71032","LONGITUDINE_SEZIONE":"8.24299","POS_X_SEZIONE":"440036.23819","POS_Y_SEZIONE":"4951049.91693","LATITUDINE_CENTRALE":"44.70845","LONGITUDINE_CENTRALE":"8.23261","POS_X_CENTRALE":"439211.65413","POS_Y_CENTRALE":"4950850.44771","TIPO_ADSL":"ADSL_2P","DESCRIZIONE_TIPO_ADSL":"ADSL 2+ (24 mega)","DISTANZA_CALCOLATA":"848.37","CLASSE_DISTANZA":"500-899","POTENZA_SEGNALE":"19523.33","POPOLAZIONE_SEZIONE": "573"}
			},
		 		{ "type" : "Feature",
				"geometry" : {
					"type" : "Point",
					"coordinates" : [8.19535,44.69075]},
			"properties" : { "ANNO":"2010","ID_SEZIONE":"16786","ISTAT_COMUNE_SEZ":"4036","COMUNE_SEZ":"CAMO","PROVINCIA":"CN","ID_CENTRALE":"1304","NOME_CENTRALE":"SANTO STEFANO BELBO","ISTAT_COMUNE_CENTR":"4213","COMUNE_CENTR":"SANTO STEFANO BELBO","PROVINCIA_CENTR":"CN","INDIRIZZO_CENTRALE":"VIA CESARE PAVESE","LATITUDINE_SEZIONE":"44.69075","LONGITUDINE_SEZIONE":"8.19535","POS_X_SEZIONE":"436240.72894","POS_Y_SEZIONE":"4948912.87092","LATITUDINE_CENTRALE":"44.70845","LONGITUDINE_CENTRALE":"8.23261","POS_X_CENTRALE":"439211.65413","POS_Y_CENTRALE":"4950850.44771","TIPO_ADSL":"ADSL_2P","DESCRIZIONE_TIPO_ADSL":"ADSL 2+ (24 mega)","DISTANZA_CALCOLATA":"3546.91","CLASSE_DISTANZA":"3300-3699","POTENZA_SEGNALE":"4047.5","POPOLAZIONE_SEZIONE": "26"}
			},
		 		{ "type" : "Feature",
				"geometry" : {
					"type" : "Point",
					"coordinates" : [8.24395,44.69952]},
			"properties" : { "ANNO":"2010","ID_SEZIONE":"17455","ISTAT_COMUNE_SEZ":"4213","COMUNE_SEZ":"SANTO STEFANO BELBO","PROVINCIA":"CN","ID_CENTRALE":"1304","NOME_CENTRALE":"SANTO STEFANO BELBO","ISTAT_COMUNE_CENTR":"4213","COMUNE_CENTR":"SANTO STEFANO BELBO","PROVINCIA_CENTR":"CN","INDIRIZZO_CENTRALE":"VIA CESARE PAVESE","LATITUDINE_SEZIONE":"44.69952","LONGITUDINE_SEZIONE":"8.24395","POS_X_SEZIONE":"440101.35486","POS_Y_SEZIONE":"4949849.90721","LATITUDINE_CENTRALE":"44.70845","LONGITUDINE_CENTRALE":"8.23261","POS_X_CENTRALE":"439211.65413","POS_Y_CENTRALE":"4950850.44771","TIPO_ADSL":"ADSL_2P","DESCRIZIONE_TIPO_ADSL":"ADSL 2+ (24 mega)","DISTANZA_CALCOLATA":"1338.9","CLASSE_DISTANZA":"1300-1699","POTENZA_SEGNALE":"16071.67","POPOLAZIONE_SEZIONE": "87"}
			},
		 		{ "type" : "Feature",
				"geometry" : {
					"type" : "Point",
					"coordinates" : [8.21133,44.70712]},
			"properties" : { "ANNO":"2010","ID_SEZIONE":"18379","ISTAT_COMUNE_SEZ":"4213","COMUNE_SEZ":"SANTO STEFANO BELBO","PROVINCIA":"CN","ID_CENTRALE":"1304","NOME_CENTRALE":"SANTO STEFANO BELBO","ISTAT_COMUNE_CENTR":"4213","COMUNE_CENTR":"SANTO STEFANO BELBO","PROVINCIA_CENTR":"CN","INDIRIZZO_CENTRALE":"VIA CESARE PAVESE","LATITUDINE_SEZIONE":"44.70712","LONGITUDINE_SEZIONE":"8.21133","POS_X_SEZIONE":"437524.60120","POS_Y_SEZIONE":"4950718.39898","LATITUDINE_CENTRALE":"44.70845","LONGITUDINE_CENTRALE":"8.23261","POS_X_CENTRALE":"439211.65413","POS_Y_CENTRALE":"4950850.44771","TIPO_ADSL":"ADSL_2P","DESCRIZIONE_TIPO_ADSL":"ADSL 2+ (24 mega)","DISTANZA_CALCOLATA":"1692.21","CLASSE_DISTANZA":"1300-1699","POTENZA_SEGNALE":"16071.67","POPOLAZIONE_SEZIONE": "70"}
			},
		 		{ "type" : "Feature",
				"geometry" : {
					"type" : "Point",
					"coordinates" : [8.23335,44.69831]},
			"properties" : { "ANNO":"2010","ID_SEZIONE":"19468","ISTAT_COMUNE_SEZ":"4213","COMUNE_SEZ":"SANTO STEFANO BELBO","PROVINCIA":"CN","ID_CENTRALE":"1304","NOME_CENTRALE":"SANTO STEFANO BELBO","ISTAT_COMUNE_CENTR":"4213","COMUNE_CENTR":"SANTO STEFANO BELBO","PROVINCIA_CENTR":"CN","INDIRIZZO_CENTRALE":"VIA CESARE PAVESE","LATITUDINE_SEZIONE":"44.69831","LONGITUDINE_SEZIONE":"8.23335","POS_X_SEZIONE":"439259.99755","POS_Y_SEZIONE":"4949723.40071","LATITUDINE_CENTRALE":"44.70845","LONGITUDINE_CENTRALE":"8.23261","POS_X_CENTRALE":"439211.65413","POS_Y_CENTRALE":"4950850.44771","TIPO_ADSL":"ADSL_2P","DESCRIZIONE_TIPO_ADSL":"ADSL 2+ (24 mega)","DISTANZA_CALCOLATA":"1128.08","CLASSE_DISTANZA":"900-1299","POTENZA_SEGNALE":"17737.5","POPOLAZIONE_SEZIONE": "123"}
			},
		 		{ "type" : "Feature",
				"geometry" : {
					"type" : "Point",
					"coordinates" : [8.22567,44.72246]},
			"properties" : { "ANNO":"2010","ID_SEZIONE":"21082","ISTAT_COMUNE_SEZ":"4213","COMUNE_SEZ":"SANTO STEFANO BELBO","PROVINCIA":"CN","ID_CENTRALE":"1304","NOME_CENTRALE":"SANTO STEFANO BELBO","ISTAT_COMUNE_CENTR":"4213","COMUNE_CENTR":"SANTO STEFANO BELBO","PROVINCIA_CENTR":"CN","INDIRIZZO_CENTRALE":"VIA CESARE PAVESE","LATITUDINE_SEZIONE":"44.72246","LONGITUDINE_SEZIONE":"8.22567","POS_X_SEZIONE":"438677.20331","POS_Y_SEZIONE":"4952411.42119","LATITUDINE_CENTRALE":"44.70845","LONGITUDINE_CENTRALE":"8.23261","POS_X_CENTRALE":"439211.65413","POS_Y_CENTRALE":"4950850.44771","TIPO_ADSL":"ADSL_2P","DESCRIZIONE_TIPO_ADSL":"ADSL 2+ (24 mega)","DISTANZA_CALCOLATA":"1649.93","CLASSE_DISTANZA":"1300-1699","POTENZA_SEGNALE":"16071.67","POPOLAZIONE_SEZIONE": "57"}
			},
		 		{ "type" : "Feature",
				"geometry" : {
					"type" : "Point",
					"coordinates" : [8.23780,44.71509]},
			"properties" : { "ANNO":"2010","ID_SEZIONE":"25003","ISTAT_COMUNE_SEZ":"4213","COMUNE_SEZ":"SANTO STEFANO BELBO","PROVINCIA":"CN","ID_CENTRALE":"1304","NOME_CENTRALE":"SANTO STEFANO BELBO","ISTAT_COMUNE_CENTR":"4213","COMUNE_CENTR":"SANTO STEFANO BELBO","PROVINCIA_CENTR":"CN","INDIRIZZO_CENTRALE":"VIA CESARE PAVESE","LATITUDINE_SEZIONE":"44.71509","LONGITUDINE_SEZIONE":"8.23780","POS_X_SEZIONE":"439630.20376","POS_Y_SEZIONE":"4951583.91911","LATITUDINE_CENTRALE":"44.70845","LONGITUDINE_CENTRALE":"8.23261","POS_X_CENTRALE":"439211.65413","POS_Y_CENTRALE":"4950850.44771","TIPO_ADSL":"ADSL_2P","DESCRIZIONE_TIPO_ADSL":"ADSL 2+ (24 mega)","DISTANZA_CALCOLATA":"844.49","CLASSE_DISTANZA":"500-899","POTENZA_SEGNALE":"19523.33","POPOLAZIONE_SEZIONE": "644"}
			},
		 		{ "type" : "Feature",
				"geometry" : {
					"type" : "Point",
					"coordinates" : [8.18826,44.69947]},
			"properties" : { "ANNO":"2010","ID_SEZIONE":"25249","ISTAT_COMUNE_SEZ":"4036","COMUNE_SEZ":"CAMO","PROVINCIA":"CN","ID_CENTRALE":"1304","NOME_CENTRALE":"SANTO STEFANO BELBO","ISTAT_COMUNE_CENTR":"4213","COMUNE_CENTR":"SANTO STEFANO BELBO","PROVINCIA_CENTR":"CN","INDIRIZZO_CENTRALE":"VIA CESARE PAVESE","LATITUDINE_SEZIONE":"44.69947","LONGITUDINE_SEZIONE":"8.18826","POS_X_SEZIONE":"435688.53438","POS_Y_SEZIONE":"4949886.87514","LATITUDINE_CENTRALE":"44.70845","LONGITUDINE_CENTRALE":"8.23261","POS_X_CENTRALE":"439211.65413","POS_Y_CENTRALE":"4950850.44771","TIPO_ADSL":"ADSL_2P","DESCRIZIONE_TIPO_ADSL":"ADSL 2+ (24 mega)","DISTANZA_CALCOLATA":"3652.51","CLASSE_DISTANZA":"3300-3699","POTENZA_SEGNALE":"4047.5","POPOLAZIONE_SEZIONE": "71"}
			},
		 		{ "type" : "Feature",
				"geometry" : {
					"type" : "Point",
					"coordinates" : [8.21703,44.68995]},
			"properties" : { "ANNO":"2010","ID_SEZIONE":"25250","ISTAT_COMUNE_SEZ":"4213","COMUNE_SEZ":"SANTO STEFANO BELBO","PROVINCIA":"CN","ID_CENTRALE":"1304","NOME_CENTRALE":"SANTO STEFANO BELBO","ISTAT_COMUNE_CENTR":"4213","COMUNE_CENTR":"SANTO STEFANO BELBO","PROVINCIA_CENTR":"CN","INDIRIZZO_CENTRALE":"VIA CESARE PAVESE","LATITUDINE_SEZIONE":"44.68995","LONGITUDINE_SEZIONE":"8.21703","POS_X_SEZIONE":"437958.16484","POS_Y_SEZIONE":"4948806.88384","LATITUDINE_CENTRALE":"44.70845","LONGITUDINE_CENTRALE":"8.23261","POS_X_CENTRALE":"439211.65413","POS_Y_CENTRALE":"4950850.44771","TIPO_ADSL":"ADSL_2P","DESCRIZIONE_TIPO_ADSL":"ADSL 2+ (24 mega)","DISTANZA_CALCOLATA":"2397.37","CLASSE_DISTANZA":"2100-2499","POTENZA_SEGNALE":"10000","POPOLAZIONE_SEZIONE": "178"}
			},
		 		{ "type" : "Feature",
				"geometry" : {
					"type" : "Point",
					"coordinates" : [8.25602,44.71336]},
			"properties" : { "ANNO":"2010","ID_SEZIONE":"26768","ISTAT_COMUNE_SEZ":"4213","COMUNE_SEZ":"SANTO STEFANO BELBO","PROVINCIA":"CN","ID_CENTRALE":"1304","NOME_CENTRALE":"SANTO STEFANO BELBO","ISTAT_COMUNE_CENTR":"4213","COMUNE_CENTR":"SANTO STEFANO BELBO","PROVINCIA_CENTR":"CN","INDIRIZZO_CENTRALE":"VIA CESARE PAVESE","LATITUDINE_SEZIONE":"44.71336","LONGITUDINE_SEZIONE":"8.25602","POS_X_SEZIONE":"441071.49502","POS_Y_SEZIONE":"4951377.92564","LATITUDINE_CENTRALE":"44.70845","LONGITUDINE_CENTRALE":"8.23261","POS_X_CENTRALE":"439211.65413","POS_Y_CENTRALE":"4950850.44771","TIPO_ADSL":"ADSL_2P","DESCRIZIONE_TIPO_ADSL":"ADSL 2+ (24 mega)","DISTANZA_CALCOLATA":"1933.19","CLASSE_DISTANZA":"1700-2099","POTENZA_SEGNALE":"12975.83","POPOLAZIONE_SEZIONE": "71"}
			},
		 		{ "type" : "Feature",
				"geometry" : {
					"type" : "Point",
					"coordinates" : [8.17827,44.69731]},
			"properties" : { "ANNO":"2010","ID_SEZIONE":"29841","ISTAT_COMUNE_SEZ":"4036","COMUNE_SEZ":"CAMO","PROVINCIA":"CN","ID_CENTRALE":"1304","NOME_CENTRALE":"SANTO STEFANO BELBO","ISTAT_COMUNE_CENTR":"4213","COMUNE_CENTR":"SANTO STEFANO BELBO","PROVINCIA_CENTR":"CN","INDIRIZZO_CENTRALE":"VIA CESARE PAVESE","LATITUDINE_SEZIONE":"44.69731","LONGITUDINE_SEZIONE":"8.17827","POS_X_SEZIONE":"434895.27844","POS_Y_SEZIONE":"4949654.36417","LATITUDINE_CENTRALE":"44.70845","LONGITUDINE_CENTRALE":"8.23261","POS_X_CENTRALE":"439211.65413","POS_Y_CENTRALE":"4950850.44771","TIPO_ADSL":"ADSL_2P","DESCRIZIONE_TIPO_ADSL":"ADSL 2+ (24 mega)","DISTANZA_CALCOLATA":"4479.03","CLASSE_DISTANZA":"4100-4499","POTENZA_SEGNALE":"2024.17","POPOLAZIONE_SEZIONE": "30"}
			}
		 		]
	}
		