 	{ "type" : "FeatureCollection",
		"features" : [
		 		{ "type" : "Feature",
				"geometry" : {
					"type" : "Point",
					"coordinates" : [8.45050,45.08342]},
			"properties" : { "ANNO":"2010","ID_SEZIONE":"7870","ISTAT_COMUNE_SEZ":"6171","COMUNE_SEZ":"TERRUGGIA","PROVINCIA":"AL","ID_CENTRALE":"1381","NOME_CENTRALE":"TERRUGGIA","ISTAT_COMUNE_CENTR":"6171","COMUNE_CENTR":"TERRUGGIA","PROVINCIA_CENTR":"AL","INDIRIZZO_CENTRALE":"UMBERTO I 2","LATITUDINE_SEZIONE":"45.08342","LONGITUDINE_SEZIONE":"8.45050","POS_X_SEZIONE":"456754.02739","POS_Y_SEZIONE":"4992364.11345","LATITUDINE_CENTRALE":"45.08308","LONGITUDINE_CENTRALE":"8.44187","POS_X_CENTRALE":"456074.32321","POS_Y_CENTRALE":"4992330.90144","TIPO_ADSL":"ADSL_M","DESCRIZIONE_TIPO_ADSL":"ADSL Mini","DISTANZA_CALCOLATA":"680.52","CLASSE_DISTANZA":"500-899","POTENZA_SEGNALE":"0.64","POPOLAZIONE_SEZIONE": "29"}
			},
		 		{ "type" : "Feature",
				"geometry" : {
					"type" : "Point",
					"coordinates" : [8.44448,45.08231]},
			"properties" : { "ANNO":"2010","ID_SEZIONE":"13772","ISTAT_COMUNE_SEZ":"6171","COMUNE_SEZ":"TERRUGGIA","PROVINCIA":"AL","ID_CENTRALE":"1381","NOME_CENTRALE":"TERRUGGIA","ISTAT_COMUNE_CENTR":"6171","COMUNE_CENTR":"TERRUGGIA","PROVINCIA_CENTR":"AL","INDIRIZZO_CENTRALE":"UMBERTO I 2","LATITUDINE_SEZIONE":"45.08231","LONGITUDINE_SEZIONE":"8.44448","POS_X_SEZIONE":"456279.58617","POS_Y_SEZIONE":"4992244.60804","LATITUDINE_CENTRALE":"45.08308","LONGITUDINE_CENTRALE":"8.44187","POS_X_CENTRALE":"456074.32321","POS_Y_CENTRALE":"4992330.90144","TIPO_ADSL":"ADSL_M","DESCRIZIONE_TIPO_ADSL":"ADSL Mini","DISTANZA_CALCOLATA":"222.66","CLASSE_DISTANZA":"100-499","POTENZA_SEGNALE":"0.64","POPOLAZIONE_SEZIONE": "545"}
			},
		 		{ "type" : "Feature",
				"geometry" : {
					"type" : "Point",
					"coordinates" : [8.44966,45.08930]},
			"properties" : { "ANNO":"2010","ID_SEZIONE":"16069","ISTAT_COMUNE_SEZ":"6171","COMUNE_SEZ":"TERRUGGIA","PROVINCIA":"AL","ID_CENTRALE":"1381","NOME_CENTRALE":"TERRUGGIA","ISTAT_COMUNE_CENTR":"6171","COMUNE_CENTR":"TERRUGGIA","PROVINCIA_CENTR":"AL","INDIRIZZO_CENTRALE":"UMBERTO I 2","LATITUDINE_SEZIONE":"45.08930","LONGITUDINE_SEZIONE":"8.44966","POS_X_SEZIONE":"456691.84550","POS_Y_SEZIONE":"4993017.63025","LATITUDINE_CENTRALE":"45.08308","LONGITUDINE_CENTRALE":"8.44187","POS_X_CENTRALE":"456074.32321","POS_Y_CENTRALE":"4992330.90144","TIPO_ADSL":"ADSL_M","DESCRIZIONE_TIPO_ADSL":"ADSL Mini","DISTANZA_CALCOLATA":"923.54","CLASSE_DISTANZA":"900-1299","POTENZA_SEGNALE":"0.64","POPOLAZIONE_SEZIONE": "18"}
			},
		 		{ "type" : "Feature",
				"geometry" : {
					"type" : "Point",
					"coordinates" : [8.45852,45.07113]},
			"properties" : { "ANNO":"2010","ID_SEZIONE":"17908","ISTAT_COMUNE_SEZ":"6171","COMUNE_SEZ":"TERRUGGIA","PROVINCIA":"AL","ID_CENTRALE":"1381","NOME_CENTRALE":"TERRUGGIA","ISTAT_COMUNE_CENTR":"6171","COMUNE_CENTR":"TERRUGGIA","PROVINCIA_CENTR":"AL","INDIRIZZO_CENTRALE":"UMBERTO I 2","LATITUDINE_SEZIONE":"45.07113","LONGITUDINE_SEZIONE":"8.45852","POS_X_SEZIONE":"457375.99526","POS_Y_SEZIONE":"4990995.07972","LATITUDINE_CENTRALE":"45.08308","LONGITUDINE_CENTRALE":"8.44187","POS_X_CENTRALE":"456074.32321","POS_Y_CENTRALE":"4992330.90144","TIPO_ADSL":"ADSL_M","DESCRIZIONE_TIPO_ADSL":"ADSL Mini","DISTANZA_CALCOLATA":"1865.15","CLASSE_DISTANZA":"1700-2099","POTENZA_SEGNALE":"0.64","POPOLAZIONE_SEZIONE": "180"}
			},
		 		{ "type" : "Feature",
				"geometry" : {
					"type" : "Point",
					"coordinates" : [8.44185,45.05999]},
			"properties" : { "ANNO":"2010","ID_SEZIONE":"20525","ISTAT_COMUNE_SEZ":"6171","COMUNE_SEZ":"TERRUGGIA","PROVINCIA":"AL","ID_CENTRALE":"1381","NOME_CENTRALE":"TERRUGGIA","ISTAT_COMUNE_CENTR":"6171","COMUNE_CENTR":"TERRUGGIA","PROVINCIA_CENTR":"AL","INDIRIZZO_CENTRALE":"UMBERTO I 2","LATITUDINE_SEZIONE":"45.05999","LONGITUDINE_SEZIONE":"8.44185","POS_X_SEZIONE":"456055.41773","POS_Y_SEZIONE":"4989766.54033","LATITUDINE_CENTRALE":"45.08308","LONGITUDINE_CENTRALE":"8.44187","POS_X_CENTRALE":"456074.32321","POS_Y_CENTRALE":"4992330.90144","TIPO_ADSL":"ADSL_M","DESCRIZIONE_TIPO_ADSL":"ADSL Mini","DISTANZA_CALCOLATA":"2564.43","CLASSE_DISTANZA":"2500-2899","POTENZA_SEGNALE":"0.64","POPOLAZIONE_SEZIONE": "23"}
			},
		 		{ "type" : "Feature",
				"geometry" : {
					"type" : "Point",
					"coordinates" : [8.46287,45.08149]},
			"properties" : { "ANNO":"2010","ID_SEZIONE":"22139","ISTAT_COMUNE_SEZ":"6171","COMUNE_SEZ":"TERRUGGIA","PROVINCIA":"AL","ID_CENTRALE":"1381","NOME_CENTRALE":"TERRUGGIA","ISTAT_COMUNE_CENTR":"6171","COMUNE_CENTR":"TERRUGGIA","PROVINCIA_CENTR":"AL","INDIRIZZO_CENTRALE":"UMBERTO I 2","LATITUDINE_SEZIONE":"45.08149","LONGITUDINE_SEZIONE":"8.46287","POS_X_SEZIONE":"457726.12800","POS_Y_SEZIONE":"4992143.11172","LATITUDINE_CENTRALE":"45.08308","LONGITUDINE_CENTRALE":"8.44187","POS_X_CENTRALE":"456074.32321","POS_Y_CENTRALE":"4992330.90144","TIPO_ADSL":"ADSL_M","DESCRIZIONE_TIPO_ADSL":"ADSL Mini","DISTANZA_CALCOLATA":"1662.45","CLASSE_DISTANZA":"1300-1699","POTENZA_SEGNALE":"0.64","POPOLAZIONE_SEZIONE": "17"}
			}
		 		]
	}
		