 	{ "type" : "FeatureCollection",
		"features" : [
		 		{ "type" : "Feature",
				"geometry" : {
					"type" : "Point",
					"coordinates" : [7.79131,45.23140]},
			"properties" : { "ANNO":"2010","ID_SEZIONE":"1026","ISTAT_COMUNE_SEZ":"1236","COMUNE_SEZ":"SAN BENIGNO CANAVESE","PROVINCIA":"TO","ID_CENTRALE":"1177","NOME_CENTRALE":"S. BENIGNO C.","ISTAT_COMUNE_CENTR":"1236","COMUNE_CENTR":"SAN BENIGNO CANAVESE","PROVINCIA_CENTR":"TO","INDIRIZZO_CENTRALE":"CORSO EINAUDI 9","LATITUDINE_SEZIONE":"45.23140","LONGITUDINE_SEZIONE":"7.79131","POS_X_SEZIONE":"405120.85691","POS_Y_SEZIONE":"5009367.32832","LATITUDINE_CENTRALE":"45.22159","LONGITUDINE_CENTRALE":"7.78421","POS_X_CENTRALE":"404546.86901","POS_Y_CENTRALE":"5008285.54262","TIPO_ADSL":"ADSL_1","DESCRIZIONE_TIPO_ADSL":"ADSL (8 mega)","DISTANZA_CALCOLATA":"1224.63","CLASSE_DISTANZA":"900-1299","POTENZA_SEGNALE":"7000","POPOLAZIONE_SEZIONE": "15"}
			},
		 		{ "type" : "Feature",
				"geometry" : {
					"type" : "Point",
					"coordinates" : [7.79286,45.22963]},
			"properties" : { "ANNO":"2010","ID_SEZIONE":"1027","ISTAT_COMUNE_SEZ":"1236","COMUNE_SEZ":"SAN BENIGNO CANAVESE","PROVINCIA":"TO","ID_CENTRALE":"1177","NOME_CENTRALE":"S. BENIGNO C.","ISTAT_COMUNE_CENTR":"1236","COMUNE_CENTR":"SAN BENIGNO CANAVESE","PROVINCIA_CENTR":"TO","INDIRIZZO_CENTRALE":"CORSO EINAUDI 9","LATITUDINE_SEZIONE":"45.22963","LONGITUDINE_SEZIONE":"7.79286","POS_X_SEZIONE":"405239.38593","POS_Y_SEZIONE":"5009168.82796","LATITUDINE_CENTRALE":"45.22159","LONGITUDINE_CENTRALE":"7.78421","POS_X_CENTRALE":"404546.86901","POS_Y_CENTRALE":"5008285.54262","TIPO_ADSL":"ADSL_1","DESCRIZIONE_TIPO_ADSL":"ADSL (8 mega)","DISTANZA_CALCOLATA":"1122.4","CLASSE_DISTANZA":"900-1299","POTENZA_SEGNALE":"7000","POPOLAZIONE_SEZIONE": "92"}
			},
		 		{ "type" : "Feature",
				"geometry" : {
					"type" : "Point",
					"coordinates" : [7.78504,45.22354]},
			"properties" : { "ANNO":"2010","ID_SEZIONE":"1030","ISTAT_COMUNE_SEZ":"1236","COMUNE_SEZ":"SAN BENIGNO CANAVESE","PROVINCIA":"TO","ID_CENTRALE":"1177","NOME_CENTRALE":"S. BENIGNO C.","ISTAT_COMUNE_CENTR":"1236","COMUNE_CENTR":"SAN BENIGNO CANAVESE","PROVINCIA_CENTR":"TO","INDIRIZZO_CENTRALE":"CORSO EINAUDI 9","LATITUDINE_SEZIONE":"45.22354","LONGITUDINE_SEZIONE":"7.78504","POS_X_SEZIONE":"404615.84110","POS_Y_SEZIONE":"5008501.32179","LATITUDINE_CENTRALE":"45.22159","LONGITUDINE_CENTRALE":"7.78421","POS_X_CENTRALE":"404546.86901","POS_Y_CENTRALE":"5008285.54262","TIPO_ADSL":"ADSL_1","DESCRIZIONE_TIPO_ADSL":"ADSL (8 mega)","DISTANZA_CALCOLATA":"226.53","CLASSE_DISTANZA":"100-499","POTENZA_SEGNALE":"7000","POPOLAZIONE_SEZIONE": "74"}
			},
		 		{ "type" : "Feature",
				"geometry" : {
					"type" : "Point",
					"coordinates" : [7.74823,45.22496]},
			"properties" : { "ANNO":"2010","ID_SEZIONE":"1276","ISTAT_COMUNE_SEZ":"1236","COMUNE_SEZ":"SAN BENIGNO CANAVESE","PROVINCIA":"TO","ID_CENTRALE":"1177","NOME_CENTRALE":"S. BENIGNO C.","ISTAT_COMUNE_CENTR":"1236","COMUNE_CENTR":"SAN BENIGNO CANAVESE","PROVINCIA_CENTR":"TO","INDIRIZZO_CENTRALE":"CORSO EINAUDI 9","LATITUDINE_SEZIONE":"45.22496","LONGITUDINE_SEZIONE":"7.74823","POS_X_SEZIONE":"401728.37819","POS_Y_SEZIONE":"5008703.30374","LATITUDINE_CENTRALE":"45.22159","LONGITUDINE_CENTRALE":"7.78421","POS_X_CENTRALE":"404546.86901","POS_Y_CENTRALE":"5008285.54262","TIPO_ADSL":"ADSL_1","DESCRIZIONE_TIPO_ADSL":"ADSL (8 mega)","DISTANZA_CALCOLATA":"2849.28","CLASSE_DISTANZA":"2500-2899","POTENZA_SEGNALE":"5749.63","POPOLAZIONE_SEZIONE": "12"}
			},
		 		{ "type" : "Feature",
				"geometry" : {
					"type" : "Point",
					"coordinates" : [7.78750,45.22387]},
			"properties" : { "ANNO":"2010","ID_SEZIONE":"1277","ISTAT_COMUNE_SEZ":"1236","COMUNE_SEZ":"SAN BENIGNO CANAVESE","PROVINCIA":"TO","ID_CENTRALE":"1177","NOME_CENTRALE":"S. BENIGNO C.","ISTAT_COMUNE_CENTR":"1236","COMUNE_CENTR":"SAN BENIGNO CANAVESE","PROVINCIA_CENTR":"TO","INDIRIZZO_CENTRALE":"CORSO EINAUDI 9","LATITUDINE_SEZIONE":"45.22387","LONGITUDINE_SEZIONE":"7.78750","POS_X_SEZIONE":"404809.05557","POS_Y_SEZIONE":"5008535.32268","LATITUDINE_CENTRALE":"45.22159","LONGITUDINE_CENTRALE":"7.78421","POS_X_CENTRALE":"404546.86901","POS_Y_CENTRALE":"5008285.54262","TIPO_ADSL":"ADSL_1","DESCRIZIONE_TIPO_ADSL":"ADSL (8 mega)","DISTANZA_CALCOLATA":"362.12","CLASSE_DISTANZA":"100-499","POTENZA_SEGNALE":"7000","POPOLAZIONE_SEZIONE": "199"}
			},
		 		{ "type" : "Feature",
				"geometry" : {
					"type" : "Point",
					"coordinates" : [7.78264,45.21909]},
			"properties" : { "ANNO":"2010","ID_SEZIONE":"1279","ISTAT_COMUNE_SEZ":"1236","COMUNE_SEZ":"SAN BENIGNO CANAVESE","PROVINCIA":"TO","ID_CENTRALE":"1177","NOME_CENTRALE":"S. BENIGNO C.","ISTAT_COMUNE_CENTR":"1236","COMUNE_CENTR":"SAN BENIGNO CANAVESE","PROVINCIA_CENTR":"TO","INDIRIZZO_CENTRALE":"CORSO EINAUDI 9","LATITUDINE_SEZIONE":"45.21909","LONGITUDINE_SEZIONE":"7.78264","POS_X_SEZIONE":"404419.90894","POS_Y_SEZIONE":"5008009.31846","LATITUDINE_CENTRALE":"45.22159","LONGITUDINE_CENTRALE":"7.78421","POS_X_CENTRALE":"404546.86901","POS_Y_CENTRALE":"5008285.54262","TIPO_ADSL":"ADSL_1","DESCRIZIONE_TIPO_ADSL":"ADSL (8 mega)","DISTANZA_CALCOLATA":"304.00","CLASSE_DISTANZA":"100-499","POTENZA_SEGNALE":"7000","POPOLAZIONE_SEZIONE": "87"}
			},
		 		{ "type" : "Feature",
				"geometry" : {
					"type" : "Point",
					"coordinates" : [7.77432,45.23596]},
			"properties" : { "ANNO":"2010","ID_SEZIONE":"2523","ISTAT_COMUNE_SEZ":"1236","COMUNE_SEZ":"SAN BENIGNO CANAVESE","PROVINCIA":"TO","ID_CENTRALE":"1177","NOME_CENTRALE":"S. BENIGNO C.","ISTAT_COMUNE_CENTR":"1236","COMUNE_CENTR":"SAN BENIGNO CANAVESE","PROVINCIA_CENTR":"TO","INDIRIZZO_CENTRALE":"CORSO EINAUDI 9","LATITUDINE_SEZIONE":"45.23596","LONGITUDINE_SEZIONE":"7.77432","POS_X_SEZIONE":"403795.35700","POS_Y_SEZIONE":"5009893.82201","LATITUDINE_CENTRALE":"45.22159","LONGITUDINE_CENTRALE":"7.78421","POS_X_CENTRALE":"404546.86901","POS_Y_CENTRALE":"5008285.54262","TIPO_ADSL":"ADSL_1","DESCRIZIONE_TIPO_ADSL":"ADSL (8 mega)","DISTANZA_CALCOLATA":"1775.2","CLASSE_DISTANZA":"1700-2099","POTENZA_SEGNALE":"6874.88","POPOLAZIONE_SEZIONE": "77"}
			},
		 		{ "type" : "Feature",
				"geometry" : {
					"type" : "Point",
					"coordinates" : [7.78455,45.22918]},
			"properties" : { "ANNO":"2010","ID_SEZIONE":"2610","ISTAT_COMUNE_SEZ":"1236","COMUNE_SEZ":"SAN BENIGNO CANAVESE","PROVINCIA":"TO","ID_CENTRALE":"1177","NOME_CENTRALE":"S. BENIGNO C.","ISTAT_COMUNE_CENTR":"1236","COMUNE_CENTR":"SAN BENIGNO CANAVESE","PROVINCIA_CENTR":"TO","INDIRIZZO_CENTRALE":"CORSO EINAUDI 9","LATITUDINE_SEZIONE":"45.22918","LONGITUDINE_SEZIONE":"7.78455","POS_X_SEZIONE":"404586.52654","POS_Y_SEZIONE":"5009128.32416","LATITUDINE_CENTRALE":"45.22159","LONGITUDINE_CENTRALE":"7.78421","POS_X_CENTRALE":"404546.86901","POS_Y_CENTRALE":"5008285.54262","TIPO_ADSL":"ADSL_1","DESCRIZIONE_TIPO_ADSL":"ADSL (8 mega)","DISTANZA_CALCOLATA":"843.71","CLASSE_DISTANZA":"500-899","POTENZA_SEGNALE":"7000","POPOLAZIONE_SEZIONE": "34"}
			},
		 		{ "type" : "Feature",
				"geometry" : {
					"type" : "Point",
					"coordinates" : [7.78023,45.22380]},
			"properties" : { "ANNO":"2010","ID_SEZIONE":"2612","ISTAT_COMUNE_SEZ":"1236","COMUNE_SEZ":"SAN BENIGNO CANAVESE","PROVINCIA":"TO","ID_CENTRALE":"1177","NOME_CENTRALE":"S. BENIGNO C.","ISTAT_COMUNE_CENTR":"1236","COMUNE_CENTR":"SAN BENIGNO CANAVESE","PROVINCIA_CENTR":"TO","INDIRIZZO_CENTRALE":"CORSO EINAUDI 9","LATITUDINE_SEZIONE":"45.22380","LONGITUDINE_SEZIONE":"7.78023","POS_X_SEZIONE":"404238.66197","POS_Y_SEZIONE":"5008536.31904","LATITUDINE_CENTRALE":"45.22159","LONGITUDINE_CENTRALE":"7.78421","POS_X_CENTRALE":"404546.86901","POS_Y_CENTRALE":"5008285.54262","TIPO_ADSL":"ADSL_1","DESCRIZIONE_TIPO_ADSL":"ADSL (8 mega)","DISTANZA_CALCOLATA":"397.34","CLASSE_DISTANZA":"100-499","POTENZA_SEGNALE":"7000","POPOLAZIONE_SEZIONE": "71"}
			},
		 		{ "type" : "Feature",
				"geometry" : {
					"type" : "Point",
					"coordinates" : [7.79296,45.21887]},
			"properties" : { "ANNO":"2010","ID_SEZIONE":"2613","ISTAT_COMUNE_SEZ":"1236","COMUNE_SEZ":"SAN BENIGNO CANAVESE","PROVINCIA":"TO","ID_CENTRALE":"1177","NOME_CENTRALE":"S. BENIGNO C.","ISTAT_COMUNE_CENTR":"1236","COMUNE_CENTR":"SAN BENIGNO CANAVESE","PROVINCIA_CENTR":"TO","INDIRIZZO_CENTRALE":"CORSO EINAUDI 9","LATITUDINE_SEZIONE":"45.21887","LONGITUDINE_SEZIONE":"7.79296","POS_X_SEZIONE":"405229.70350","POS_Y_SEZIONE":"5007972.82361","LATITUDINE_CENTRALE":"45.22159","LONGITUDINE_CENTRALE":"7.78421","POS_X_CENTRALE":"404546.86901","POS_Y_CENTRALE":"5008285.54262","TIPO_ADSL":"ADSL_1","DESCRIZIONE_TIPO_ADSL":"ADSL (8 mega)","DISTANZA_CALCOLATA":"751.04","CLASSE_DISTANZA":"500-899","POTENZA_SEGNALE":"7000","POPOLAZIONE_SEZIONE": ""}
			},
		 		{ "type" : "Feature",
				"geometry" : {
					"type" : "Point",
					"coordinates" : [7.78047,45.22682]},
			"properties" : { "ANNO":"2010","ID_SEZIONE":"3072","ISTAT_COMUNE_SEZ":"1236","COMUNE_SEZ":"SAN BENIGNO CANAVESE","PROVINCIA":"TO","ID_CENTRALE":"1177","NOME_CENTRALE":"S. BENIGNO C.","ISTAT_COMUNE_CENTR":"1236","COMUNE_CENTR":"SAN BENIGNO CANAVESE","PROVINCIA_CENTR":"TO","INDIRIZZO_CENTRALE":"CORSO EINAUDI 9","LATITUDINE_SEZIONE":"45.22682","LONGITUDINE_SEZIONE":"7.78047","POS_X_SEZIONE":"404262.59848","POS_Y_SEZIONE":"5008871.32064","LATITUDINE_CENTRALE":"45.22159","LONGITUDINE_CENTRALE":"7.78421","POS_X_CENTRALE":"404546.86901","POS_Y_CENTRALE":"5008285.54262","TIPO_ADSL":"ADSL_1","DESCRIZIONE_TIPO_ADSL":"ADSL (8 mega)","DISTANZA_CALCOLATA":"651.11","CLASSE_DISTANZA":"500-899","POTENZA_SEGNALE":"7000","POPOLAZIONE_SEZIONE": "268"}
			},
		 		{ "type" : "Feature",
				"geometry" : {
					"type" : "Point",
					"coordinates" : [7.77902,45.22544]},
			"properties" : { "ANNO":"2010","ID_SEZIONE":"3074","ISTAT_COMUNE_SEZ":"1236","COMUNE_SEZ":"SAN BENIGNO CANAVESE","PROVINCIA":"TO","ID_CENTRALE":"1177","NOME_CENTRALE":"S. BENIGNO C.","ISTAT_COMUNE_CENTR":"1236","COMUNE_CENTR":"SAN BENIGNO CANAVESE","PROVINCIA_CENTR":"TO","INDIRIZZO_CENTRALE":"CORSO EINAUDI 9","LATITUDINE_SEZIONE":"45.22544","LONGITUDINE_SEZIONE":"7.77902","POS_X_SEZIONE":"404146.07035","POS_Y_SEZIONE":"5008719.81932","LATITUDINE_CENTRALE":"45.22159","LONGITUDINE_CENTRALE":"7.78421","POS_X_CENTRALE":"404546.86901","POS_Y_CENTRALE":"5008285.54262","TIPO_ADSL":"ADSL_1","DESCRIZIONE_TIPO_ADSL":"ADSL (8 mega)","DISTANZA_CALCOLATA":"590.96","CLASSE_DISTANZA":"500-899","POTENZA_SEGNALE":"7000","POPOLAZIONE_SEZIONE": "34"}
			},
		 		{ "type" : "Feature",
				"geometry" : {
					"type" : "Point",
					"coordinates" : [7.77695,45.22663]},
			"properties" : { "ANNO":"2010","ID_SEZIONE":"3535","ISTAT_COMUNE_SEZ":"1236","COMUNE_SEZ":"SAN BENIGNO CANAVESE","PROVINCIA":"TO","ID_CENTRALE":"1177","NOME_CENTRALE":"S. BENIGNO C.","ISTAT_COMUNE_CENTR":"1236","COMUNE_CENTR":"SAN BENIGNO CANAVESE","PROVINCIA_CENTR":"TO","INDIRIZZO_CENTRALE":"CORSO EINAUDI 9","LATITUDINE_SEZIONE":"45.22663","LONGITUDINE_SEZIONE":"7.77695","POS_X_SEZIONE":"403985.82408","POS_Y_SEZIONE":"5008853.81894","LATITUDINE_CENTRALE":"45.22159","LONGITUDINE_CENTRALE":"7.78421","POS_X_CENTRALE":"404546.86901","POS_Y_CENTRALE":"5008285.54262","TIPO_ADSL":"ADSL_1","DESCRIZIONE_TIPO_ADSL":"ADSL (8 mega)","DISTANZA_CALCOLATA":"798.57","CLASSE_DISTANZA":"500-899","POTENZA_SEGNALE":"7000","POPOLAZIONE_SEZIONE": "82"}
			},
		 		{ "type" : "Feature",
				"geometry" : {
					"type" : "Point",
					"coordinates" : [7.78355,45.22577]},
			"properties" : { "ANNO":"2010","ID_SEZIONE":"4138","ISTAT_COMUNE_SEZ":"1236","COMUNE_SEZ":"SAN BENIGNO CANAVESE","PROVINCIA":"TO","ID_CENTRALE":"1177","NOME_CENTRALE":"S. BENIGNO C.","ISTAT_COMUNE_CENTR":"1236","COMUNE_CENTR":"SAN BENIGNO CANAVESE","PROVINCIA_CENTR":"TO","INDIRIZZO_CENTRALE":"CORSO EINAUDI 9","LATITUDINE_SEZIONE":"45.22577","LONGITUDINE_SEZIONE":"7.78355","POS_X_SEZIONE":"404502.18683","POS_Y_SEZIONE":"5008750.82195","LATITUDINE_CENTRALE":"45.22159","LONGITUDINE_CENTRALE":"7.78421","POS_X_CENTRALE":"404546.86901","POS_Y_CENTRALE":"5008285.54262","TIPO_ADSL":"ADSL_1","DESCRIZIONE_TIPO_ADSL":"ADSL (8 mega)","DISTANZA_CALCOLATA":"467.42","CLASSE_DISTANZA":"100-499","POTENZA_SEGNALE":"7000","POPOLAZIONE_SEZIONE": ""}
			},
		 		{ "type" : "Feature",
				"geometry" : {
					"type" : "Point",
					"coordinates" : [7.78808,45.22577]},
			"properties" : { "ANNO":"2010","ID_SEZIONE":"4345","ISTAT_COMUNE_SEZ":"1236","COMUNE_SEZ":"SAN BENIGNO CANAVESE","PROVINCIA":"TO","ID_CENTRALE":"1177","NOME_CENTRALE":"S. BENIGNO C.","ISTAT_COMUNE_CENTR":"1236","COMUNE_CENTR":"SAN BENIGNO CANAVESE","PROVINCIA_CENTR":"TO","INDIRIZZO_CENTRALE":"CORSO EINAUDI 9","LATITUDINE_SEZIONE":"45.22577","LONGITUDINE_SEZIONE":"7.78808","POS_X_SEZIONE":"404857.70939","POS_Y_SEZIONE":"5008745.82432","LATITUDINE_CENTRALE":"45.22159","LONGITUDINE_CENTRALE":"7.78421","POS_X_CENTRALE":"404546.86901","POS_Y_CENTRALE":"5008285.54262","TIPO_ADSL":"ADSL_1","DESCRIZIONE_TIPO_ADSL":"ADSL (8 mega)","DISTANZA_CALCOLATA":"555.41","CLASSE_DISTANZA":"500-899","POTENZA_SEGNALE":"7000","POPOLAZIONE_SEZIONE": "89"}
			},
		 		{ "type" : "Feature",
				"geometry" : {
					"type" : "Point",
					"coordinates" : [7.80332,45.21529]},
			"properties" : { "ANNO":"2010","ID_SEZIONE":"4581","ISTAT_COMUNE_SEZ":"1236","COMUNE_SEZ":"SAN BENIGNO CANAVESE","PROVINCIA":"TO","ID_CENTRALE":"1177","NOME_CENTRALE":"S. BENIGNO C.","ISTAT_COMUNE_CENTR":"1236","COMUNE_CENTR":"SAN BENIGNO CANAVESE","PROVINCIA_CENTR":"TO","INDIRIZZO_CENTRALE":"CORSO EINAUDI 9","LATITUDINE_SEZIONE":"45.21529","LONGITUDINE_SEZIONE":"7.80332","POS_X_SEZIONE":"406036.90530","POS_Y_SEZIONE":"5007563.82726","LATITUDINE_CENTRALE":"45.22159","LONGITUDINE_CENTRALE":"7.78421","POS_X_CENTRALE":"404546.86901","POS_Y_CENTRALE":"5008285.54262","TIPO_ADSL":"ADSL_1","DESCRIZIONE_TIPO_ADSL":"ADSL (8 mega)","DISTANZA_CALCOLATA":"1655.62","CLASSE_DISTANZA":"1300-1699","POTENZA_SEGNALE":"7000","POPOLAZIONE_SEZIONE": "3"}
			},
		 		{ "type" : "Feature",
				"geometry" : {
					"type" : "Point",
					"coordinates" : [7.78674,45.22217]},
			"properties" : { "ANNO":"2010","ID_SEZIONE":"4953","ISTAT_COMUNE_SEZ":"1236","COMUNE_SEZ":"SAN BENIGNO CANAVESE","PROVINCIA":"TO","ID_CENTRALE":"1177","NOME_CENTRALE":"S. BENIGNO C.","ISTAT_COMUNE_CENTR":"1236","COMUNE_CENTR":"SAN BENIGNO CANAVESE","PROVINCIA_CENTR":"TO","INDIRIZZO_CENTRALE":"CORSO EINAUDI 9","LATITUDINE_SEZIONE":"45.22217","LONGITUDINE_SEZIONE":"7.78674","POS_X_SEZIONE":"404747.18241","POS_Y_SEZIONE":"5008347.32192","LATITUDINE_CENTRALE":"45.22159","LONGITUDINE_CENTRALE":"7.78421","POS_X_CENTRALE":"404546.86901","POS_Y_CENTRALE":"5008285.54262","TIPO_ADSL":"ADSL_1","DESCRIZIONE_TIPO_ADSL":"ADSL (8 mega)","DISTANZA_CALCOLATA":"209.62","CLASSE_DISTANZA":"100-499","POTENZA_SEGNALE":"7000","POPOLAZIONE_SEZIONE": "58"}
			},
		 		{ "type" : "Feature",
				"geometry" : {
					"type" : "Point",
					"coordinates" : [7.77331,45.22405]},
			"properties" : { "ANNO":"2010","ID_SEZIONE":"5808","ISTAT_COMUNE_SEZ":"1236","COMUNE_SEZ":"SAN BENIGNO CANAVESE","PROVINCIA":"TO","ID_CENTRALE":"1177","NOME_CENTRALE":"S. BENIGNO C.","ISTAT_COMUNE_CENTR":"1236","COMUNE_CENTR":"SAN BENIGNO CANAVESE","PROVINCIA_CENTR":"TO","INDIRIZZO_CENTRALE":"CORSO EINAUDI 9","LATITUDINE_SEZIONE":"45.22405","LONGITUDINE_SEZIONE":"7.77331","POS_X_SEZIONE":"403695.51854","POS_Y_SEZIONE":"5008571.31577","LATITUDINE_CENTRALE":"45.22159","LONGITUDINE_CENTRALE":"7.78421","POS_X_CENTRALE":"404546.86901","POS_Y_CENTRALE":"5008285.54262","TIPO_ADSL":"ADSL_1","DESCRIZIONE_TIPO_ADSL":"ADSL (8 mega)","DISTANZA_CALCOLATA":"898.03","CLASSE_DISTANZA":"500-899","POTENZA_SEGNALE":"7000","POPOLAZIONE_SEZIONE": ""}
			},
		 		{ "type" : "Feature",
				"geometry" : {
					"type" : "Point",
					"coordinates" : [7.79024,45.22144]},
			"properties" : { "ANNO":"2010","ID_SEZIONE":"7449","ISTAT_COMUNE_SEZ":"1236","COMUNE_SEZ":"SAN BENIGNO CANAVESE","PROVINCIA":"TO","ID_CENTRALE":"1177","NOME_CENTRALE":"S. BENIGNO C.","ISTAT_COMUNE_CENTR":"1236","COMUNE_CENTR":"SAN BENIGNO CANAVESE","PROVINCIA_CENTR":"TO","INDIRIZZO_CENTRALE":"CORSO EINAUDI 9","LATITUDINE_SEZIONE":"45.22144","LONGITUDINE_SEZIONE":"7.79024","POS_X_SEZIONE":"405020.01902","POS_Y_SEZIONE":"5008261.82304","LATITUDINE_CENTRALE":"45.22159","LONGITUDINE_CENTRALE":"7.78421","POS_X_CENTRALE":"404546.86901","POS_Y_CENTRALE":"5008285.54262","TIPO_ADSL":"ADSL_1","DESCRIZIONE_TIPO_ADSL":"ADSL (8 mega)","DISTANZA_CALCOLATA":"473.74","CLASSE_DISTANZA":"100-499","POTENZA_SEGNALE":"7000","POPOLAZIONE_SEZIONE": "231"}
			},
		 		{ "type" : "Feature",
				"geometry" : {
					"type" : "Point",
					"coordinates" : [7.81767,45.21524]},
			"properties" : { "ANNO":"2010","ID_SEZIONE":"7923","ISTAT_COMUNE_SEZ":"1236","COMUNE_SEZ":"SAN BENIGNO CANAVESE","PROVINCIA":"TO","ID_CENTRALE":"1177","NOME_CENTRALE":"S. BENIGNO C.","ISTAT_COMUNE_CENTR":"1236","COMUNE_CENTR":"SAN BENIGNO CANAVESE","PROVINCIA_CENTR":"TO","INDIRIZZO_CENTRALE":"CORSO EINAUDI 9","LATITUDINE_SEZIONE":"45.21524","LONGITUDINE_SEZIONE":"7.81767","POS_X_SEZIONE":"407163.94120","POS_Y_SEZIONE":"5007541.33408","LATITUDINE_CENTRALE":"45.22159","LONGITUDINE_CENTRALE":"7.78421","POS_X_CENTRALE":"404546.86901","POS_Y_CENTRALE":"5008285.54262","TIPO_ADSL":"ADSL_1","DESCRIZIONE_TIPO_ADSL":"ADSL (8 mega)","DISTANZA_CALCOLATA":"2720.83","CLASSE_DISTANZA":"2500-2899","POTENZA_SEGNALE":"5749.63","POPOLAZIONE_SEZIONE": ""}
			},
		 		{ "type" : "Feature",
				"geometry" : {
					"type" : "Point",
					"coordinates" : [7.77546,45.22880]},
			"properties" : { "ANNO":"2010","ID_SEZIONE":"8292","ISTAT_COMUNE_SEZ":"1236","COMUNE_SEZ":"SAN BENIGNO CANAVESE","PROVINCIA":"TO","ID_CENTRALE":"1177","NOME_CENTRALE":"S. BENIGNO C.","ISTAT_COMUNE_CENTR":"1236","COMUNE_CENTR":"SAN BENIGNO CANAVESE","PROVINCIA_CENTR":"TO","INDIRIZZO_CENTRALE":"CORSO EINAUDI 9","LATITUDINE_SEZIONE":"45.22880","LONGITUDINE_SEZIONE":"7.77546","POS_X_SEZIONE":"403872.29422","POS_Y_SEZIONE":"5009097.31948","LATITUDINE_CENTRALE":"45.22159","LONGITUDINE_CENTRALE":"7.78421","POS_X_CENTRALE":"404546.86901","POS_Y_CENTRALE":"5008285.54262","TIPO_ADSL":"ADSL_1","DESCRIZIONE_TIPO_ADSL":"ADSL (8 mega)","DISTANZA_CALCOLATA":"1055.48","CLASSE_DISTANZA":"900-1299","POTENZA_SEGNALE":"7000","POPOLAZIONE_SEZIONE": "79"}
			},
		 		{ "type" : "Feature",
				"geometry" : {
					"type" : "Point",
					"coordinates" : [7.79071,45.22865]},
			"properties" : { "ANNO":"2010","ID_SEZIONE":"8710","ISTAT_COMUNE_SEZ":"1236","COMUNE_SEZ":"SAN BENIGNO CANAVESE","PROVINCIA":"TO","ID_CENTRALE":"1177","NOME_CENTRALE":"S. BENIGNO C.","ISTAT_COMUNE_CENTR":"1236","COMUNE_CENTR":"SAN BENIGNO CANAVESE","PROVINCIA_CENTR":"TO","INDIRIZZO_CENTRALE":"CORSO EINAUDI 9","LATITUDINE_SEZIONE":"45.22865","LONGITUDINE_SEZIONE":"7.79071","POS_X_SEZIONE":"405068.95342","POS_Y_SEZIONE":"5009061.82662","LATITUDINE_CENTRALE":"45.22159","LONGITUDINE_CENTRALE":"7.78421","POS_X_CENTRALE":"404546.86901","POS_Y_CENTRALE":"5008285.54262","TIPO_ADSL":"ADSL_1","DESCRIZIONE_TIPO_ADSL":"ADSL (8 mega)","DISTANZA_CALCOLATA":"935.52","CLASSE_DISTANZA":"900-1299","POTENZA_SEGNALE":"7000","POPOLAZIONE_SEZIONE": "26"}
			},
		 		{ "type" : "Feature",
				"geometry" : {
					"type" : "Point",
					"coordinates" : [7.78860,45.22087]},
			"properties" : { "ANNO":"2010","ID_SEZIONE":"8711","ISTAT_COMUNE_SEZ":"1236","COMUNE_SEZ":"SAN BENIGNO CANAVESE","PROVINCIA":"TO","ID_CENTRALE":"1177","NOME_CENTRALE":"S. BENIGNO C.","ISTAT_COMUNE_CENTR":"1236","COMUNE_CENTR":"SAN BENIGNO CANAVESE","PROVINCIA_CENTR":"TO","INDIRIZZO_CENTRALE":"CORSO EINAUDI 9","LATITUDINE_SEZIONE":"45.22087","LONGITUDINE_SEZIONE":"7.78860","POS_X_SEZIONE":"404890.80456","POS_Y_SEZIONE":"5008200.82233","LATITUDINE_CENTRALE":"45.22159","LONGITUDINE_CENTRALE":"7.78421","POS_X_CENTRALE":"404546.86901","POS_Y_CENTRALE":"5008285.54262","TIPO_ADSL":"ADSL_1","DESCRIZIONE_TIPO_ADSL":"ADSL (8 mega)","DISTANZA_CALCOLATA":"354.22","CLASSE_DISTANZA":"100-499","POTENZA_SEGNALE":"7000","POPOLAZIONE_SEZIONE": "88"}
			},
		 		{ "type" : "Feature",
				"geometry" : {
					"type" : "Point",
					"coordinates" : [7.78372,45.22403]},
			"properties" : { "ANNO":"2010","ID_SEZIONE":"8839","ISTAT_COMUNE_SEZ":"1236","COMUNE_SEZ":"SAN BENIGNO CANAVESE","PROVINCIA":"TO","ID_CENTRALE":"1177","NOME_CENTRALE":"S. BENIGNO C.","ISTAT_COMUNE_CENTR":"1236","COMUNE_CENTR":"SAN BENIGNO CANAVESE","PROVINCIA_CENTR":"TO","INDIRIZZO_CENTRALE":"CORSO EINAUDI 9","LATITUDINE_SEZIONE":"45.22403","LONGITUDINE_SEZIONE":"7.78372","POS_X_SEZIONE":"404513.18715","POS_Y_SEZIONE":"5008556.82105","LATITUDINE_CENTRALE":"45.22159","LONGITUDINE_CENTRALE":"7.78421","POS_X_CENTRALE":"404546.86901","POS_Y_CENTRALE":"5008285.54262","TIPO_ADSL":"ADSL_1","DESCRIZIONE_TIPO_ADSL":"ADSL (8 mega)","DISTANZA_CALCOLATA":"273.36","CLASSE_DISTANZA":"100-499","POTENZA_SEGNALE":"7000","POPOLAZIONE_SEZIONE": "46"}
			},
		 		{ "type" : "Feature",
				"geometry" : {
					"type" : "Point",
					"coordinates" : [7.74756,45.21650]},
			"properties" : { "ANNO":"2010","ID_SEZIONE":"9109","ISTAT_COMUNE_SEZ":"1314","COMUNE_SEZ":"VOLPIANO","PROVINCIA":"TO","ID_CENTRALE":"1177","NOME_CENTRALE":"S. BENIGNO C.","ISTAT_COMUNE_CENTR":"1236","COMUNE_CENTR":"SAN BENIGNO CANAVESE","PROVINCIA_CENTR":"TO","INDIRIZZO_CENTRALE":"CORSO EINAUDI 9","LATITUDINE_SEZIONE":"45.21650","LONGITUDINE_SEZIONE":"7.74756","POS_X_SEZIONE":"401660.75528","POS_Y_SEZIONE":"5007763.79910","LATITUDINE_CENTRALE":"45.22159","LONGITUDINE_CENTRALE":"7.78421","POS_X_CENTRALE":"404546.86901","POS_Y_CENTRALE":"5008285.54262","TIPO_ADSL":"ADSL_1","DESCRIZIONE_TIPO_ADSL":"ADSL (8 mega)","DISTANZA_CALCOLATA":"2932.89","CLASSE_DISTANZA":"2900-3299","POTENZA_SEGNALE":"4999.75","POPOLAZIONE_SEZIONE": "11"}
			},
		 		{ "type" : "Feature",
				"geometry" : {
					"type" : "Point",
					"coordinates" : [7.77577,45.20307]},
			"properties" : { "ANNO":"2010","ID_SEZIONE":"9112","ISTAT_COMUNE_SEZ":"1314","COMUNE_SEZ":"VOLPIANO","PROVINCIA":"TO","ID_CENTRALE":"1177","NOME_CENTRALE":"S. BENIGNO C.","ISTAT_COMUNE_CENTR":"1236","COMUNE_CENTR":"SAN BENIGNO CANAVESE","PROVINCIA_CENTR":"TO","INDIRIZZO_CENTRALE":"CORSO EINAUDI 9","LATITUDINE_SEZIONE":"45.20307","LONGITUDINE_SEZIONE":"7.77577","POS_X_SEZIONE":"403853.58369","POS_Y_SEZIONE":"5006237.80716","LATITUDINE_CENTRALE":"45.22159","LONGITUDINE_CENTRALE":"7.78421","POS_X_CENTRALE":"404546.86901","POS_Y_CENTRALE":"5008285.54262","TIPO_ADSL":"ADSL_1","DESCRIZIONE_TIPO_ADSL":"ADSL (8 mega)","DISTANZA_CALCOLATA":"2161.91","CLASSE_DISTANZA":"2100-2499","POTENZA_SEGNALE":"6500.38","POPOLAZIONE_SEZIONE": "221"}
			},
		 		{ "type" : "Feature",
				"geometry" : {
					"type" : "Point",
					"coordinates" : [7.78691,45.22093]},
			"properties" : { "ANNO":"2010","ID_SEZIONE":"9545","ISTAT_COMUNE_SEZ":"1236","COMUNE_SEZ":"SAN BENIGNO CANAVESE","PROVINCIA":"TO","ID_CENTRALE":"1177","NOME_CENTRALE":"S. BENIGNO C.","ISTAT_COMUNE_CENTR":"1236","COMUNE_CENTR":"SAN BENIGNO CANAVESE","PROVINCIA_CENTR":"TO","INDIRIZZO_CENTRALE":"CORSO EINAUDI 9","LATITUDINE_SEZIONE":"45.22093","LONGITUDINE_SEZIONE":"7.78691","POS_X_SEZIONE":"404758.21345","POS_Y_SEZIONE":"5008208.82131","LATITUDINE_CENTRALE":"45.22159","LONGITUDINE_CENTRALE":"7.78421","POS_X_CENTRALE":"404546.86901","POS_Y_CENTRALE":"5008285.54262","TIPO_ADSL":"ADSL_1","DESCRIZIONE_TIPO_ADSL":"ADSL (8 mega)","DISTANZA_CALCOLATA":"224.84","CLASSE_DISTANZA":"100-499","POTENZA_SEGNALE":"7000","POPOLAZIONE_SEZIONE": "35"}
			},
		 		{ "type" : "Feature",
				"geometry" : {
					"type" : "Point",
					"coordinates" : [7.77268,45.22983]},
			"properties" : { "ANNO":"2010","ID_SEZIONE":"11173","ISTAT_COMUNE_SEZ":"1236","COMUNE_SEZ":"SAN BENIGNO CANAVESE","PROVINCIA":"TO","ID_CENTRALE":"1177","NOME_CENTRALE":"S. BENIGNO C.","ISTAT_COMUNE_CENTR":"1236","COMUNE_CENTR":"SAN BENIGNO CANAVESE","PROVINCIA_CENTR":"TO","INDIRIZZO_CENTRALE":"CORSO EINAUDI 9","LATITUDINE_SEZIONE":"45.22983","LONGITUDINE_SEZIONE":"7.77268","POS_X_SEZIONE":"403655.61224","POS_Y_SEZIONE":"5009214.31865","LATITUDINE_CENTRALE":"45.22159","LONGITUDINE_CENTRALE":"7.78421","POS_X_CENTRALE":"404546.86901","POS_Y_CENTRALE":"5008285.54262","TIPO_ADSL":"ADSL_1","DESCRIZIONE_TIPO_ADSL":"ADSL (8 mega)","DISTANZA_CALCOLATA":"1287.23","CLASSE_DISTANZA":"900-1299","POTENZA_SEGNALE":"7000","POPOLAZIONE_SEZIONE": "143"}
			},
		 		{ "type" : "Feature",
				"geometry" : {
					"type" : "Point",
					"coordinates" : [7.76936,45.22147]},
			"properties" : { "ANNO":"2010","ID_SEZIONE":"12027","ISTAT_COMUNE_SEZ":"1236","COMUNE_SEZ":"SAN BENIGNO CANAVESE","PROVINCIA":"TO","ID_CENTRALE":"1177","NOME_CENTRALE":"S. BENIGNO C.","ISTAT_COMUNE_CENTR":"1236","COMUNE_CENTR":"SAN BENIGNO CANAVESE","PROVINCIA_CENTR":"TO","INDIRIZZO_CENTRALE":"CORSO EINAUDI 9","LATITUDINE_SEZIONE":"45.22147","LONGITUDINE_SEZIONE":"7.76936","POS_X_SEZIONE":"403380.90171","POS_Y_SEZIONE":"5008289.81254","LATITUDINE_CENTRALE":"45.22159","LONGITUDINE_CENTRALE":"7.78421","POS_X_CENTRALE":"404546.86901","POS_Y_CENTRALE":"5008285.54262","TIPO_ADSL":"ADSL_1","DESCRIZIONE_TIPO_ADSL":"ADSL (8 mega)","DISTANZA_CALCOLATA":"1165.98","CLASSE_DISTANZA":"900-1299","POTENZA_SEGNALE":"7000","POPOLAZIONE_SEZIONE": "103"}
			},
		 		{ "type" : "Feature",
				"geometry" : {
					"type" : "Point",
					"coordinates" : [7.79582,45.22530]},
			"properties" : { "ANNO":"2010","ID_SEZIONE":"12633","ISTAT_COMUNE_SEZ":"1236","COMUNE_SEZ":"SAN BENIGNO CANAVESE","PROVINCIA":"TO","ID_CENTRALE":"1177","NOME_CENTRALE":"S. BENIGNO C.","ISTAT_COMUNE_CENTR":"1236","COMUNE_CENTR":"SAN BENIGNO CANAVESE","PROVINCIA_CENTR":"TO","INDIRIZZO_CENTRALE":"CORSO EINAUDI 9","LATITUDINE_SEZIONE":"45.22530","LONGITUDINE_SEZIONE":"7.79582","POS_X_SEZIONE":"405464.82005","POS_Y_SEZIONE":"5008683.82777","LATITUDINE_CENTRALE":"45.22159","LONGITUDINE_CENTRALE":"7.78421","POS_X_CENTRALE":"404546.86901","POS_Y_CENTRALE":"5008285.54262","TIPO_ADSL":"ADSL_1","DESCRIZIONE_TIPO_ADSL":"ADSL (8 mega)","DISTANZA_CALCOLATA":"1000.63","CLASSE_DISTANZA":"900-1299","POTENZA_SEGNALE":"7000","POPOLAZIONE_SEZIONE": "19"}
			},
		 		{ "type" : "Feature",
				"geometry" : {
					"type" : "Point",
					"coordinates" : [7.78245,45.21709]},
			"properties" : { "ANNO":"2010","ID_SEZIONE":"12989","ISTAT_COMUNE_SEZ":"1236","COMUNE_SEZ":"SAN BENIGNO CANAVESE","PROVINCIA":"TO","ID_CENTRALE":"1177","NOME_CENTRALE":"S. BENIGNO C.","ISTAT_COMUNE_CENTR":"1236","COMUNE_CENTR":"SAN BENIGNO CANAVESE","PROVINCIA_CENTR":"TO","INDIRIZZO_CENTRALE":"CORSO EINAUDI 9","LATITUDINE_SEZIONE":"45.21709","LONGITUDINE_SEZIONE":"7.78245","POS_X_SEZIONE":"404401.19227","POS_Y_SEZIONE":"5007787.81702","LATITUDINE_CENTRALE":"45.22159","LONGITUDINE_CENTRALE":"7.78421","POS_X_CENTRALE":"404546.86901","POS_Y_CENTRALE":"5008285.54262","TIPO_ADSL":"ADSL_1","DESCRIZIONE_TIPO_ADSL":"ADSL (8 mega)","DISTANZA_CALCOLATA":"518.61","CLASSE_DISTANZA":"500-899","POTENZA_SEGNALE":"7000","POPOLAZIONE_SEZIONE": "17"}
			},
		 		{ "type" : "Feature",
				"geometry" : {
					"type" : "Point",
					"coordinates" : [7.78398,45.21752]},
			"properties" : { "ANNO":"2010","ID_SEZIONE":"12990","ISTAT_COMUNE_SEZ":"1236","COMUNE_SEZ":"SAN BENIGNO CANAVESE","PROVINCIA":"TO","ID_CENTRALE":"1177","NOME_CENTRALE":"S. BENIGNO C.","ISTAT_COMUNE_CENTR":"1236","COMUNE_CENTR":"SAN BENIGNO CANAVESE","PROVINCIA_CENTR":"TO","INDIRIZZO_CENTRALE":"CORSO EINAUDI 9","LATITUDINE_SEZIONE":"45.21752","LONGITUDINE_SEZIONE":"7.78398","POS_X_SEZIONE":"404522.65710","POS_Y_SEZIONE":"5007833.81817","LATITUDINE_CENTRALE":"45.22159","LONGITUDINE_CENTRALE":"7.78421","POS_X_CENTRALE":"404546.86901","POS_Y_CENTRALE":"5008285.54262","TIPO_ADSL":"ADSL_1","DESCRIZIONE_TIPO_ADSL":"ADSL (8 mega)","DISTANZA_CALCOLATA":"452.37","CLASSE_DISTANZA":"100-499","POTENZA_SEGNALE":"7000","POPOLAZIONE_SEZIONE": "20"}
			},
		 		{ "type" : "Feature",
				"geometry" : {
					"type" : "Point",
					"coordinates" : [7.77894,45.22619]},
			"properties" : { "ANNO":"2010","ID_SEZIONE":"13917","ISTAT_COMUNE_SEZ":"1236","COMUNE_SEZ":"SAN BENIGNO CANAVESE","PROVINCIA":"TO","ID_CENTRALE":"1177","NOME_CENTRALE":"S. BENIGNO C.","ISTAT_COMUNE_CENTR":"1236","COMUNE_CENTR":"SAN BENIGNO CANAVESE","PROVINCIA_CENTR":"TO","INDIRIZZO_CENTRALE":"CORSO EINAUDI 9","LATITUDINE_SEZIONE":"45.22619","LONGITUDINE_SEZIONE":"7.77894","POS_X_SEZIONE":"404140.97646","POS_Y_SEZIONE":"5008802.31993","LATITUDINE_CENTRALE":"45.22159","LONGITUDINE_CENTRALE":"7.78421","POS_X_CENTRALE":"404546.86901","POS_Y_CENTRALE":"5008285.54262","TIPO_ADSL":"ADSL_1","DESCRIZIONE_TIPO_ADSL":"ADSL (8 mega)","DISTANZA_CALCOLATA":"657.12","CLASSE_DISTANZA":"500-899","POTENZA_SEGNALE":"7000","POPOLAZIONE_SEZIONE": "27"}
			},
		 		{ "type" : "Feature",
				"geometry" : {
					"type" : "Point",
					"coordinates" : [7.77863,45.22707]},
			"properties" : { "ANNO":"2010","ID_SEZIONE":"14140","ISTAT_COMUNE_SEZ":"1236","COMUNE_SEZ":"SAN BENIGNO CANAVESE","PROVINCIA":"TO","ID_CENTRALE":"1177","NOME_CENTRALE":"S. BENIGNO C.","ISTAT_COMUNE_CENTR":"1236","COMUNE_CENTR":"SAN BENIGNO CANAVESE","PROVINCIA_CENTR":"TO","INDIRIZZO_CENTRALE":"CORSO EINAUDI 9","LATITUDINE_SEZIONE":"45.22707","LONGITUDINE_SEZIONE":"7.77863","POS_X_SEZIONE":"404118.10184","POS_Y_SEZIONE":"5008900.82003","LATITUDINE_CENTRALE":"45.22159","LONGITUDINE_CENTRALE":"7.78421","POS_X_CENTRALE":"404546.86901","POS_Y_CENTRALE":"5008285.54262","TIPO_ADSL":"ADSL_1","DESCRIZIONE_TIPO_ADSL":"ADSL (8 mega)","DISTANZA_CALCOLATA":"749.94","CLASSE_DISTANZA":"500-899","POTENZA_SEGNALE":"7000","POPOLAZIONE_SEZIONE": "103"}
			},
		 		{ "type" : "Feature",
				"geometry" : {
					"type" : "Point",
					"coordinates" : [7.77738,45.22984]},
			"properties" : { "ANNO":"2010","ID_SEZIONE":"14937","ISTAT_COMUNE_SEZ":"1236","COMUNE_SEZ":"SAN BENIGNO CANAVESE","PROVINCIA":"TO","ID_CENTRALE":"1177","NOME_CENTRALE":"S. BENIGNO C.","ISTAT_COMUNE_CENTR":"1236","COMUNE_CENTR":"SAN BENIGNO CANAVESE","PROVINCIA_CENTR":"TO","INDIRIZZO_CENTRALE":"CORSO EINAUDI 9","LATITUDINE_SEZIONE":"45.22984","LONGITUDINE_SEZIONE":"7.77738","POS_X_SEZIONE":"404024.79035","POS_Y_SEZIONE":"5009209.82073","LATITUDINE_CENTRALE":"45.22159","LONGITUDINE_CENTRALE":"7.78421","POS_X_CENTRALE":"404546.86901","POS_Y_CENTRALE":"5008285.54262","TIPO_ADSL":"ADSL_1","DESCRIZIONE_TIPO_ADSL":"ADSL (8 mega)","DISTANZA_CALCOLATA":"1061.53","CLASSE_DISTANZA":"900-1299","POTENZA_SEGNALE":"7000","POPOLAZIONE_SEZIONE": "26"}
			},
		 		{ "type" : "Feature",
				"geometry" : {
					"type" : "Point",
					"coordinates" : [7.77915,45.23964]},
			"properties" : { "ANNO":"2010","ID_SEZIONE":"15081","ISTAT_COMUNE_SEZ":"1236","COMUNE_SEZ":"SAN BENIGNO CANAVESE","PROVINCIA":"TO","ID_CENTRALE":"1177","NOME_CENTRALE":"S. BENIGNO C.","ISTAT_COMUNE_CENTR":"1236","COMUNE_CENTR":"SAN BENIGNO CANAVESE","PROVINCIA_CENTR":"TO","INDIRIZZO_CENTRALE":"CORSO EINAUDI 9","LATITUDINE_SEZIONE":"45.23964","LONGITUDINE_SEZIONE":"7.77915","POS_X_SEZIONE":"404180.53358","POS_Y_SEZIONE":"5010296.82643","LATITUDINE_CENTRALE":"45.22159","LONGITUDINE_CENTRALE":"7.78421","POS_X_CENTRALE":"404546.86901","POS_Y_CENTRALE":"5008285.54262","TIPO_ADSL":"ADSL_1","DESCRIZIONE_TIPO_ADSL":"ADSL (8 mega)","DISTANZA_CALCOLATA":"2044.37","CLASSE_DISTANZA":"1700-2099","POTENZA_SEGNALE":"6874.88","POPOLAZIONE_SEZIONE": "14"}
			},
		 		{ "type" : "Feature",
				"geometry" : {
					"type" : "Point",
					"coordinates" : [7.78470,45.22520]},
			"properties" : { "ANNO":"2010","ID_SEZIONE":"16012","ISTAT_COMUNE_SEZ":"1236","COMUNE_SEZ":"SAN BENIGNO CANAVESE","PROVINCIA":"TO","ID_CENTRALE":"1177","NOME_CENTRALE":"S. BENIGNO C.","ISTAT_COMUNE_CENTR":"1236","COMUNE_CENTR":"SAN BENIGNO CANAVESE","PROVINCIA_CENTR":"TO","INDIRIZZO_CENTRALE":"CORSO EINAUDI 9","LATITUDINE_SEZIONE":"45.22520","LONGITUDINE_SEZIONE":"7.78470","POS_X_SEZIONE":"404591.87182","POS_Y_SEZIONE":"5008686.32224","LATITUDINE_CENTRALE":"45.22159","LONGITUDINE_CENTRALE":"7.78421","POS_X_CENTRALE":"404546.86901","POS_Y_CENTRALE":"5008285.54262","TIPO_ADSL":"ADSL_1","DESCRIZIONE_TIPO_ADSL":"ADSL (8 mega)","DISTANZA_CALCOLATA":"403.30","CLASSE_DISTANZA":"100-499","POTENZA_SEGNALE":"7000","POPOLAZIONE_SEZIONE": "171"}
			},
		 		{ "type" : "Feature",
				"geometry" : {
					"type" : "Point",
					"coordinates" : [7.78426,45.21866]},
			"properties" : { "ANNO":"2010","ID_SEZIONE":"16755","ISTAT_COMUNE_SEZ":"1236","COMUNE_SEZ":"SAN BENIGNO CANAVESE","PROVINCIA":"TO","ID_CENTRALE":"1177","NOME_CENTRALE":"S. BENIGNO C.","ISTAT_COMUNE_CENTR":"1236","COMUNE_CENTR":"SAN BENIGNO CANAVESE","PROVINCIA_CENTR":"TO","INDIRIZZO_CENTRALE":"CORSO EINAUDI 9","LATITUDINE_SEZIONE":"45.21866","LONGITUDINE_SEZIONE":"7.78426","POS_X_SEZIONE":"404546.12513","POS_Y_SEZIONE":"5007960.31904","LATITUDINE_CENTRALE":"45.22159","LONGITUDINE_CENTRALE":"7.78421","POS_X_CENTRALE":"404546.86901","POS_Y_CENTRALE":"5008285.54262","TIPO_ADSL":"ADSL_1","DESCRIZIONE_TIPO_ADSL":"ADSL (8 mega)","DISTANZA_CALCOLATA":"325.22","CLASSE_DISTANZA":"100-499","POTENZA_SEGNALE":"7000","POPOLAZIONE_SEZIONE": "48"}
			},
		 		{ "type" : "Feature",
				"geometry" : {
					"type" : "Point",
					"coordinates" : [7.77905,45.22488]},
			"properties" : { "ANNO":"2010","ID_SEZIONE":"16960","ISTAT_COMUNE_SEZ":"1236","COMUNE_SEZ":"SAN BENIGNO CANAVESE","PROVINCIA":"TO","ID_CENTRALE":"1177","NOME_CENTRALE":"S. BENIGNO C.","ISTAT_COMUNE_CENTR":"1236","COMUNE_CENTR":"SAN BENIGNO CANAVESE","PROVINCIA_CENTR":"TO","INDIRIZZO_CENTRALE":"CORSO EINAUDI 9","LATITUDINE_SEZIONE":"45.22488","LONGITUDINE_SEZIONE":"7.77905","POS_X_SEZIONE":"404147.53877","POS_Y_SEZIONE":"5008657.31897","LATITUDINE_CENTRALE":"45.22159","LONGITUDINE_CENTRALE":"7.78421","POS_X_CENTRALE":"404546.86901","POS_Y_CENTRALE":"5008285.54262","TIPO_ADSL":"ADSL_1","DESCRIZIONE_TIPO_ADSL":"ADSL (8 mega)","DISTANZA_CALCOLATA":"545.60","CLASSE_DISTANZA":"500-899","POTENZA_SEGNALE":"7000","POPOLAZIONE_SEZIONE": "36"}
			},
		 		{ "type" : "Feature",
				"geometry" : {
					"type" : "Point",
					"coordinates" : [7.80426,45.23023]},
			"properties" : { "ANNO":"2010","ID_SEZIONE":"17098","ISTAT_COMUNE_SEZ":"1236","COMUNE_SEZ":"SAN BENIGNO CANAVESE","PROVINCIA":"TO","ID_CENTRALE":"1177","NOME_CENTRALE":"S. BENIGNO C.","ISTAT_COMUNE_CENTR":"1236","COMUNE_CENTR":"SAN BENIGNO CANAVESE","PROVINCIA_CENTR":"TO","INDIRIZZO_CENTRALE":"CORSO EINAUDI 9","LATITUDINE_SEZIONE":"45.23023","LONGITUDINE_SEZIONE":"7.80426","POS_X_SEZIONE":"406135.33320","POS_Y_SEZIONE":"5009221.83379","LATITUDINE_CENTRALE":"45.22159","LONGITUDINE_CENTRALE":"7.78421","POS_X_CENTRALE":"404546.86901","POS_Y_CENTRALE":"5008285.54262","TIPO_ADSL":"ADSL_1","DESCRIZIONE_TIPO_ADSL":"ADSL (8 mega)","DISTANZA_CALCOLATA":"1843.87","CLASSE_DISTANZA":"1700-2099","POTENZA_SEGNALE":"6874.88","POPOLAZIONE_SEZIONE": "17"}
			},
		 		{ "type" : "Feature",
				"geometry" : {
					"type" : "Point",
					"coordinates" : [7.78722,45.22975]},
			"properties" : { "ANNO":"2010","ID_SEZIONE":"17100","ISTAT_COMUNE_SEZ":"1236","COMUNE_SEZ":"SAN BENIGNO CANAVESE","PROVINCIA":"TO","ID_CENTRALE":"1177","NOME_CENTRALE":"S. BENIGNO C.","ISTAT_COMUNE_CENTR":"1236","COMUNE_CENTR":"SAN BENIGNO CANAVESE","PROVINCIA_CENTR":"TO","INDIRIZZO_CENTRALE":"CORSO EINAUDI 9","LATITUDINE_SEZIONE":"45.22975","LONGITUDINE_SEZIONE":"7.78722","POS_X_SEZIONE":"404797.24065","POS_Y_SEZIONE":"5009188.32544","LATITUDINE_CENTRALE":"45.22159","LONGITUDINE_CENTRALE":"7.78421","POS_X_CENTRALE":"404546.86901","POS_Y_CENTRALE":"5008285.54262","TIPO_ADSL":"ADSL_1","DESCRIZIONE_TIPO_ADSL":"ADSL (8 mega)","DISTANZA_CALCOLATA":"936.86","CLASSE_DISTANZA":"900-1299","POTENZA_SEGNALE":"7000","POPOLAZIONE_SEZIONE": "138"}
			},
		 		{ "type" : "Feature",
				"geometry" : {
					"type" : "Point",
					"coordinates" : [7.78315,45.22321]},
			"properties" : { "ANNO":"2010","ID_SEZIONE":"17101","ISTAT_COMUNE_SEZ":"1236","COMUNE_SEZ":"SAN BENIGNO CANAVESE","PROVINCIA":"TO","ID_CENTRALE":"1177","NOME_CENTRALE":"S. BENIGNO C.","ISTAT_COMUNE_CENTR":"1236","COMUNE_CENTR":"SAN BENIGNO CANAVESE","PROVINCIA_CENTR":"TO","INDIRIZZO_CENTRALE":"CORSO EINAUDI 9","LATITUDINE_SEZIONE":"45.22321","LONGITUDINE_SEZIONE":"7.78315","POS_X_SEZIONE":"404466.59464","POS_Y_SEZIONE":"5008467.32038","LATITUDINE_CENTRALE":"45.22159","LONGITUDINE_CENTRALE":"7.78421","POS_X_CENTRALE":"404546.86901","POS_Y_CENTRALE":"5008285.54262","TIPO_ADSL":"ADSL_1","DESCRIZIONE_TIPO_ADSL":"ADSL (8 mega)","DISTANZA_CALCOLATA":"198.71","CLASSE_DISTANZA":"100-499","POTENZA_SEGNALE":"7000","POPOLAZIONE_SEZIONE": "87"}
			},
		 		{ "type" : "Feature",
				"geometry" : {
					"type" : "Point",
					"coordinates" : [7.78501,45.22295]},
			"properties" : { "ANNO":"2010","ID_SEZIONE":"17102","ISTAT_COMUNE_SEZ":"1236","COMUNE_SEZ":"SAN BENIGNO CANAVESE","PROVINCIA":"TO","ID_CENTRALE":"1177","NOME_CENTRALE":"S. BENIGNO C.","ISTAT_COMUNE_CENTR":"1236","COMUNE_CENTR":"SAN BENIGNO CANAVESE","PROVINCIA_CENTR":"TO","INDIRIZZO_CENTRALE":"CORSO EINAUDI 9","LATITUDINE_SEZIONE":"45.22295","LONGITUDINE_SEZIONE":"7.78501","POS_X_SEZIONE":"404612.24737","POS_Y_SEZIONE":"5008435.32140","LATITUDINE_CENTRALE":"45.22159","LONGITUDINE_CENTRALE":"7.78421","POS_X_CENTRALE":"404546.86901","POS_Y_CENTRALE":"5008285.54262","TIPO_ADSL":"ADSL_1","DESCRIZIONE_TIPO_ADSL":"ADSL (8 mega)","DISTANZA_CALCOLATA":"163.43","CLASSE_DISTANZA":"100-499","POTENZA_SEGNALE":"7000","POPOLAZIONE_SEZIONE": "75"}
			},
		 		{ "type" : "Feature",
				"geometry" : {
					"type" : "Point",
					"coordinates" : [7.78470,45.22213]},
			"properties" : { "ANNO":"2010","ID_SEZIONE":"17373","ISTAT_COMUNE_SEZ":"1236","COMUNE_SEZ":"SAN BENIGNO CANAVESE","PROVINCIA":"TO","ID_CENTRALE":"1177","NOME_CENTRALE":"S. BENIGNO C.","ISTAT_COMUNE_CENTR":"1236","COMUNE_CENTR":"SAN BENIGNO CANAVESE","PROVINCIA_CENTR":"TO","INDIRIZZO_CENTRALE":"CORSO EINAUDI 9","LATITUDINE_SEZIONE":"45.22213","LONGITUDINE_SEZIONE":"7.78470","POS_X_SEZIONE":"404586.40417","POS_Y_SEZIONE":"5008345.32051","LATITUDINE_CENTRALE":"45.22159","LONGITUDINE_CENTRALE":"7.78421","POS_X_CENTRALE":"404546.86901","POS_Y_CENTRALE":"5008285.54262","TIPO_ADSL":"ADSL_1","DESCRIZIONE_TIPO_ADSL":"ADSL (8 mega)","DISTANZA_CALCOLATA":"71.67","CLASSE_DISTANZA":"0-99","POTENZA_SEGNALE":"7000","POPOLAZIONE_SEZIONE": "78"}
			},
		 		{ "type" : "Feature",
				"geometry" : {
					"type" : "Point",
					"coordinates" : [7.76246,45.22534]},
			"properties" : { "ANNO":"2010","ID_SEZIONE":"17790","ISTAT_COMUNE_SEZ":"1236","COMUNE_SEZ":"SAN BENIGNO CANAVESE","PROVINCIA":"TO","ID_CENTRALE":"1177","NOME_CENTRALE":"S. BENIGNO C.","ISTAT_COMUNE_CENTR":"1236","COMUNE_CENTR":"SAN BENIGNO CANAVESE","PROVINCIA_CENTR":"TO","INDIRIZZO_CENTRALE":"CORSO EINAUDI 9","LATITUDINE_SEZIONE":"45.22534","LONGITUDINE_SEZIONE":"7.76246","POS_X_SEZIONE":"402845.78849","POS_Y_SEZIONE":"5008727.81113","LATITUDINE_CENTRALE":"45.22159","LONGITUDINE_CENTRALE":"7.78421","POS_X_CENTRALE":"404546.86901","POS_Y_CENTRALE":"5008285.54262","TIPO_ADSL":"ADSL_1","DESCRIZIONE_TIPO_ADSL":"ADSL (8 mega)","DISTANZA_CALCOLATA":"1757.63","CLASSE_DISTANZA":"1700-2099","POTENZA_SEGNALE":"6874.88","POPOLAZIONE_SEZIONE": "12"}
			},
		 		{ "type" : "Feature",
				"geometry" : {
					"type" : "Point",
					"coordinates" : [7.78662,45.22827]},
			"properties" : { "ANNO":"2010","ID_SEZIONE":"17826","ISTAT_COMUNE_SEZ":"1236","COMUNE_SEZ":"SAN BENIGNO CANAVESE","PROVINCIA":"TO","ID_CENTRALE":"1177","NOME_CENTRALE":"S. BENIGNO C.","ISTAT_COMUNE_CENTR":"1236","COMUNE_CENTR":"SAN BENIGNO CANAVESE","PROVINCIA_CENTR":"TO","INDIRIZZO_CENTRALE":"CORSO EINAUDI 9","LATITUDINE_SEZIONE":"45.22827","LONGITUDINE_SEZIONE":"7.78662","POS_X_SEZIONE":"404747.46145","POS_Y_SEZIONE":"5009024.32467","LATITUDINE_CENTRALE":"45.22159","LONGITUDINE_CENTRALE":"7.78421","POS_X_CENTRALE":"404546.86901","POS_Y_CENTRALE":"5008285.54262","TIPO_ADSL":"ADSL_1","DESCRIZIONE_TIPO_ADSL":"ADSL (8 mega)","DISTANZA_CALCOLATA":"765.53","CLASSE_DISTANZA":"500-899","POTENZA_SEGNALE":"7000","POPOLAZIONE_SEZIONE": "63"}
			},
		 		{ "type" : "Feature",
				"geometry" : {
					"type" : "Point",
					"coordinates" : [7.82314,45.20939]},
			"properties" : { "ANNO":"2010","ID_SEZIONE":"18234","ISTAT_COMUNE_SEZ":"1236","COMUNE_SEZ":"SAN BENIGNO CANAVESE","PROVINCIA":"TO","ID_CENTRALE":"1177","NOME_CENTRALE":"S. BENIGNO C.","ISTAT_COMUNE_CENTR":"1236","COMUNE_CENTR":"SAN BENIGNO CANAVESE","PROVINCIA_CENTR":"TO","INDIRIZZO_CENTRALE":"CORSO EINAUDI 9","LATITUDINE_SEZIONE":"45.20939","LONGITUDINE_SEZIONE":"7.82314","POS_X_SEZIONE":"407584.21640","POS_Y_SEZIONE":"5006884.83487","LATITUDINE_CENTRALE":"45.22159","LONGITUDINE_CENTRALE":"7.78421","POS_X_CENTRALE":"404546.86901","POS_Y_CENTRALE":"5008285.54262","TIPO_ADSL":"ADSL_1","DESCRIZIONE_TIPO_ADSL":"ADSL (8 mega)","DISTANZA_CALCOLATA":"3344.77","CLASSE_DISTANZA":"3300-3699","POTENZA_SEGNALE":"3999.63","POPOLAZIONE_SEZIONE": "53"}
			},
		 		{ "type" : "Feature",
				"geometry" : {
					"type" : "Point",
					"coordinates" : [7.78149,45.22804]},
			"properties" : { "ANNO":"2010","ID_SEZIONE":"18612","ISTAT_COMUNE_SEZ":"1236","COMUNE_SEZ":"SAN BENIGNO CANAVESE","PROVINCIA":"TO","ID_CENTRALE":"1177","NOME_CENTRALE":"S. BENIGNO C.","ISTAT_COMUNE_CENTR":"1236","COMUNE_CENTR":"SAN BENIGNO CANAVESE","PROVINCIA_CENTR":"TO","INDIRIZZO_CENTRALE":"CORSO EINAUDI 9","LATITUDINE_SEZIONE":"45.22804","LONGITUDINE_SEZIONE":"7.78149","POS_X_SEZIONE":"404344.09608","POS_Y_SEZIONE":"5009004.82208","LATITUDINE_CENTRALE":"45.22159","LONGITUDINE_CENTRALE":"7.78421","POS_X_CENTRALE":"404546.86901","POS_Y_CENTRALE":"5008285.54262","TIPO_ADSL":"ADSL_1","DESCRIZIONE_TIPO_ADSL":"ADSL (8 mega)","DISTANZA_CALCOLATA":"747.32","CLASSE_DISTANZA":"500-899","POTENZA_SEGNALE":"7000","POPOLAZIONE_SEZIONE": "94"}
			},
		 		{ "type" : "Feature",
				"geometry" : {
					"type" : "Point",
					"coordinates" : [7.77716,45.22784]},
			"properties" : { "ANNO":"2010","ID_SEZIONE":"18613","ISTAT_COMUNE_SEZ":"1236","COMUNE_SEZ":"SAN BENIGNO CANAVESE","PROVINCIA":"TO","ID_CENTRALE":"1177","NOME_CENTRALE":"S. BENIGNO C.","ISTAT_COMUNE_CENTR":"1236","COMUNE_CENTR":"SAN BENIGNO CANAVESE","PROVINCIA_CENTR":"TO","INDIRIZZO_CENTRALE":"CORSO EINAUDI 9","LATITUDINE_SEZIONE":"45.22784","LONGITUDINE_SEZIONE":"7.77716","POS_X_SEZIONE":"404004.38510","POS_Y_SEZIONE":"5008987.81958","LATITUDINE_CENTRALE":"45.22159","LONGITUDINE_CENTRALE":"7.78421","POS_X_CENTRALE":"404546.86901","POS_Y_CENTRALE":"5008285.54262","TIPO_ADSL":"ADSL_1","DESCRIZIONE_TIPO_ADSL":"ADSL (8 mega)","DISTANZA_CALCOLATA":"887.40","CLASSE_DISTANZA":"500-899","POTENZA_SEGNALE":"7000","POPOLAZIONE_SEZIONE": "4"}
			},
		 		{ "type" : "Feature",
				"geometry" : {
					"type" : "Point",
					"coordinates" : [7.78194,45.22478]},
			"properties" : { "ANNO":"2010","ID_SEZIONE":"18827","ISTAT_COMUNE_SEZ":"1236","COMUNE_SEZ":"SAN BENIGNO CANAVESE","PROVINCIA":"TO","ID_CENTRALE":"1177","NOME_CENTRALE":"S. BENIGNO C.","ISTAT_COMUNE_CENTR":"1236","COMUNE_CENTR":"SAN BENIGNO CANAVESE","PROVINCIA_CENTR":"TO","INDIRIZZO_CENTRALE":"CORSO EINAUDI 9","LATITUDINE_SEZIONE":"45.22478","LONGITUDINE_SEZIONE":"7.78194","POS_X_SEZIONE":"404374.22113","POS_Y_SEZIONE":"5008642.32044","LATITUDINE_CENTRALE":"45.22159","LONGITUDINE_CENTRALE":"7.78421","POS_X_CENTRALE":"404546.86901","POS_Y_CENTRALE":"5008285.54262","TIPO_ADSL":"ADSL_1","DESCRIZIONE_TIPO_ADSL":"ADSL (8 mega)","DISTANZA_CALCOLATA":"396.36","CLASSE_DISTANZA":"100-499","POTENZA_SEGNALE":"7000","POPOLAZIONE_SEZIONE": "65"}
			},
		 		{ "type" : "Feature",
				"geometry" : {
					"type" : "Point",
					"coordinates" : [7.75964,45.22370]},
			"properties" : { "ANNO":"2010","ID_SEZIONE":"19030","ISTAT_COMUNE_SEZ":"1236","COMUNE_SEZ":"SAN BENIGNO CANAVESE","PROVINCIA":"TO","ID_CENTRALE":"1177","NOME_CENTRALE":"S. BENIGNO C.","ISTAT_COMUNE_CENTR":"1236","COMUNE_CENTR":"SAN BENIGNO CANAVESE","PROVINCIA_CENTR":"TO","INDIRIZZO_CENTRALE":"CORSO EINAUDI 9","LATITUDINE_SEZIONE":"45.22370","LONGITUDINE_SEZIONE":"7.75964","POS_X_SEZIONE":"402621.54427","POS_Y_SEZIONE":"5008549.30899","LATITUDINE_CENTRALE":"45.22159","LONGITUDINE_CENTRALE":"7.78421","POS_X_CENTRALE":"404546.86901","POS_Y_CENTRALE":"5008285.54262","TIPO_ADSL":"ADSL_1","DESCRIZIONE_TIPO_ADSL":"ADSL (8 mega)","DISTANZA_CALCOLATA":"1943.31","CLASSE_DISTANZA":"1700-2099","POTENZA_SEGNALE":"6874.88","POPOLAZIONE_SEZIONE": "29"}
			},
		 		{ "type" : "Feature",
				"geometry" : {
					"type" : "Point",
					"coordinates" : [7.82615,45.19851]},
			"properties" : { "ANNO":"2010","ID_SEZIONE":"19152","ISTAT_COMUNE_SEZ":"1314","COMUNE_SEZ":"VOLPIANO","PROVINCIA":"TO","ID_CENTRALE":"1177","NOME_CENTRALE":"S. BENIGNO C.","ISTAT_COMUNE_CENTR":"1236","COMUNE_CENTR":"SAN BENIGNO CANAVESE","PROVINCIA_CENTR":"TO","INDIRIZZO_CENTRALE":"CORSO EINAUDI 9","LATITUDINE_SEZIONE":"45.19851","LONGITUDINE_SEZIONE":"7.82615","POS_X_SEZIONE":"407802.65608","POS_Y_SEZIONE":"5005672.33183","LATITUDINE_CENTRALE":"45.22159","LONGITUDINE_CENTRALE":"7.78421","POS_X_CENTRALE":"404546.86901","POS_Y_CENTRALE":"5008285.54262","TIPO_ADSL":"ADSL_1","DESCRIZIONE_TIPO_ADSL":"ADSL (8 mega)","DISTANZA_CALCOLATA":"4174.81","CLASSE_DISTANZA":"4100-4499","POTENZA_SEGNALE":"2125.38","POPOLAZIONE_SEZIONE": ""}
			},
		 		{ "type" : "Feature",
				"geometry" : {
					"type" : "Point",
					"coordinates" : [7.78199,45.22557]},
			"properties" : { "ANNO":"2010","ID_SEZIONE":"20262","ISTAT_COMUNE_SEZ":"1236","COMUNE_SEZ":"SAN BENIGNO CANAVESE","PROVINCIA":"TO","ID_CENTRALE":"1177","NOME_CENTRALE":"S. BENIGNO C.","ISTAT_COMUNE_CENTR":"1236","COMUNE_CENTR":"SAN BENIGNO CANAVESE","PROVINCIA_CENTR":"TO","INDIRIZZO_CENTRALE":"CORSO EINAUDI 9","LATITUDINE_SEZIONE":"45.22557","LONGITUDINE_SEZIONE":"7.78199","POS_X_SEZIONE":"404379.31502","POS_Y_SEZIONE":"5008729.82073","LATITUDINE_CENTRALE":"45.22159","LONGITUDINE_CENTRALE":"7.78421","POS_X_CENTRALE":"404546.86901","POS_Y_CENTRALE":"5008285.54262","TIPO_ADSL":"ADSL_1","DESCRIZIONE_TIPO_ADSL":"ADSL (8 mega)","DISTANZA_CALCOLATA":"474.82","CLASSE_DISTANZA":"100-499","POTENZA_SEGNALE":"7000","POPOLAZIONE_SEZIONE": "248"}
			},
		 		{ "type" : "Feature",
				"geometry" : {
					"type" : "Point",
					"coordinates" : [7.78156,45.22279]},
			"properties" : { "ANNO":"2010","ID_SEZIONE":"20842","ISTAT_COMUNE_SEZ":"1236","COMUNE_SEZ":"SAN BENIGNO CANAVESE","PROVINCIA":"TO","ID_CENTRALE":"1177","NOME_CENTRALE":"S. BENIGNO C.","ISTAT_COMUNE_CENTR":"1236","COMUNE_CENTR":"SAN BENIGNO CANAVESE","PROVINCIA_CENTR":"TO","INDIRIZZO_CENTRALE":"CORSO EINAUDI 9","LATITUDINE_SEZIONE":"45.22279","LONGITUDINE_SEZIONE":"7.78156","POS_X_SEZIONE":"404340.90990","POS_Y_SEZIONE":"5008421.81945","LATITUDINE_CENTRALE":"45.22159","LONGITUDINE_CENTRALE":"7.78421","POS_X_CENTRALE":"404546.86901","POS_Y_CENTRALE":"5008285.54262","TIPO_ADSL":"ADSL_1","DESCRIZIONE_TIPO_ADSL":"ADSL (8 mega)","DISTANZA_CALCOLATA":"246.96","CLASSE_DISTANZA":"100-499","POTENZA_SEGNALE":"7000","POPOLAZIONE_SEZIONE": "56"}
			},
		 		{ "type" : "Feature",
				"geometry" : {
					"type" : "Point",
					"coordinates" : [7.76566,45.24470]},
			"properties" : { "ANNO":"2010","ID_SEZIONE":"21037","ISTAT_COMUNE_SEZ":"1236","COMUNE_SEZ":"SAN BENIGNO CANAVESE","PROVINCIA":"TO","ID_CENTRALE":"1177","NOME_CENTRALE":"S. BENIGNO C.","ISTAT_COMUNE_CENTR":"1236","COMUNE_CENTR":"SAN BENIGNO CANAVESE","PROVINCIA_CENTR":"TO","INDIRIZZO_CENTRALE":"CORSO EINAUDI 9","LATITUDINE_SEZIONE":"45.24470","LONGITUDINE_SEZIONE":"7.76566","POS_X_SEZIONE":"403130.02734","POS_Y_SEZIONE":"5010875.32243","LATITUDINE_CENTRALE":"45.22159","LONGITUDINE_CENTRALE":"7.78421","POS_X_CENTRALE":"404546.86901","POS_Y_CENTRALE":"5008285.54262","TIPO_ADSL":"ADSL_1","DESCRIZIONE_TIPO_ADSL":"ADSL (8 mega)","DISTANZA_CALCOLATA":"2952.02","CLASSE_DISTANZA":"2900-3299","POTENZA_SEGNALE":"4999.75","POPOLAZIONE_SEZIONE": "60"}
			},
		 		{ "type" : "Feature",
				"geometry" : {
					"type" : "Point",
					"coordinates" : [7.79853,45.24427]},
			"properties" : { "ANNO":"2010","ID_SEZIONE":"21161","ISTAT_COMUNE_SEZ":"1236","COMUNE_SEZ":"SAN BENIGNO CANAVESE","PROVINCIA":"TO","ID_CENTRALE":"1177","NOME_CENTRALE":"S. BENIGNO C.","ISTAT_COMUNE_CENTR":"1236","COMUNE_CENTR":"SAN BENIGNO CANAVESE","PROVINCIA_CENTR":"TO","INDIRIZZO_CENTRALE":"CORSO EINAUDI 9","LATITUDINE_SEZIONE":"45.24427","LONGITUDINE_SEZIONE":"7.79853","POS_X_SEZIONE":"405709.27547","POS_Y_SEZIONE":"5010788.33721","LATITUDINE_CENTRALE":"45.22159","LONGITUDINE_CENTRALE":"7.78421","POS_X_CENTRALE":"404546.86901","POS_Y_CENTRALE":"5008285.54262","TIPO_ADSL":"ADSL_1","DESCRIZIONE_TIPO_ADSL":"ADSL (8 mega)","DISTANZA_CALCOLATA":"2759.56","CLASSE_DISTANZA":"2500-2899","POTENZA_SEGNALE":"5749.63","POPOLAZIONE_SEZIONE": ""}
			},
		 		{ "type" : "Feature",
				"geometry" : {
					"type" : "Point",
					"coordinates" : [7.77881,45.23189]},
			"properties" : { "ANNO":"2010","ID_SEZIONE":"21162","ISTAT_COMUNE_SEZ":"1236","COMUNE_SEZ":"SAN BENIGNO CANAVESE","PROVINCIA":"TO","ID_CENTRALE":"1177","NOME_CENTRALE":"S. BENIGNO C.","ISTAT_COMUNE_CENTR":"1236","COMUNE_CENTR":"SAN BENIGNO CANAVESE","PROVINCIA_CENTR":"TO","INDIRIZZO_CENTRALE":"CORSO EINAUDI 9","LATITUDINE_SEZIONE":"45.23189","LONGITUDINE_SEZIONE":"7.77881","POS_X_SEZIONE":"404140.34977","POS_Y_SEZIONE":"5009435.82265","LATITUDINE_CENTRALE":"45.22159","LONGITUDINE_CENTRALE":"7.78421","POS_X_CENTRALE":"404546.86901","POS_Y_CENTRALE":"5008285.54262","TIPO_ADSL":"ADSL_1","DESCRIZIONE_TIPO_ADSL":"ADSL (8 mega)","DISTANZA_CALCOLATA":"1220","CLASSE_DISTANZA":"900-1299","POTENZA_SEGNALE":"7000","POPOLAZIONE_SEZIONE": "35"}
			},
		 		{ "type" : "Feature",
				"geometry" : {
					"type" : "Point",
					"coordinates" : [7.78322,45.22795]},
			"properties" : { "ANNO":"2010","ID_SEZIONE":"22634","ISTAT_COMUNE_SEZ":"1236","COMUNE_SEZ":"SAN BENIGNO CANAVESE","PROVINCIA":"TO","ID_CENTRALE":"1177","NOME_CENTRALE":"S. BENIGNO C.","ISTAT_COMUNE_CENTR":"1236","COMUNE_CENTR":"SAN BENIGNO CANAVESE","PROVINCIA_CENTR":"TO","INDIRIZZO_CENTRALE":"CORSO EINAUDI 9","LATITUDINE_SEZIONE":"45.22795","LONGITUDINE_SEZIONE":"7.78322","POS_X_SEZIONE":"404480.31163","POS_Y_SEZIONE":"5008993.82278","LATITUDINE_CENTRALE":"45.22159","LONGITUDINE_CENTRALE":"7.78421","POS_X_CENTRALE":"404546.86901","POS_Y_CENTRALE":"5008285.54262","TIPO_ADSL":"ADSL_1","DESCRIZIONE_TIPO_ADSL":"ADSL (8 mega)","DISTANZA_CALCOLATA":"711.40","CLASSE_DISTANZA":"500-899","POTENZA_SEGNALE":"7000","POPOLAZIONE_SEZIONE": "89"}
			},
		 		{ "type" : "Feature",
				"geometry" : {
					"type" : "Point",
					"coordinates" : [7.78962,45.22401]},
			"properties" : { "ANNO":"2010","ID_SEZIONE":"22849","ISTAT_COMUNE_SEZ":"1236","COMUNE_SEZ":"SAN BENIGNO CANAVESE","PROVINCIA":"TO","ID_CENTRALE":"1177","NOME_CENTRALE":"S. BENIGNO C.","ISTAT_COMUNE_CENTR":"1236","COMUNE_CENTR":"SAN BENIGNO CANAVESE","PROVINCIA_CENTR":"TO","INDIRIZZO_CENTRALE":"CORSO EINAUDI 9","LATITUDINE_SEZIONE":"45.22401","LONGITUDINE_SEZIONE":"7.78962","POS_X_SEZIONE":"404975.95733","POS_Y_SEZIONE":"5008547.82419","LATITUDINE_CENTRALE":"45.22159","LONGITUDINE_CENTRALE":"7.78421","POS_X_CENTRALE":"404546.86901","POS_Y_CENTRALE":"5008285.54262","TIPO_ADSL":"ADSL_1","DESCRIZIONE_TIPO_ADSL":"ADSL (8 mega)","DISTANZA_CALCOLATA":"502.90","CLASSE_DISTANZA":"500-899","POTENZA_SEGNALE":"7000","POPOLAZIONE_SEZIONE": "121"}
			},
		 		{ "type" : "Feature",
				"geometry" : {
					"type" : "Point",
					"coordinates" : [7.81753,45.21398]},
			"properties" : { "ANNO":"2010","ID_SEZIONE":"23454","ISTAT_COMUNE_SEZ":"1236","COMUNE_SEZ":"SAN BENIGNO CANAVESE","PROVINCIA":"TO","ID_CENTRALE":"1177","NOME_CENTRALE":"S. BENIGNO C.","ISTAT_COMUNE_CENTR":"1236","COMUNE_CENTR":"SAN BENIGNO CANAVESE","PROVINCIA_CENTR":"TO","INDIRIZZO_CENTRALE":"CORSO EINAUDI 9","LATITUDINE_SEZIONE":"45.21398","LONGITUDINE_SEZIONE":"7.81753","POS_X_SEZIONE":"407150.97326","POS_Y_SEZIONE":"5007401.83353","LATITUDINE_CENTRALE":"45.22159","LONGITUDINE_CENTRALE":"7.78421","POS_X_CENTRALE":"404546.86901","POS_Y_CENTRALE":"5008285.54262","TIPO_ADSL":"ADSL_1","DESCRIZIONE_TIPO_ADSL":"ADSL (8 mega)","DISTANZA_CALCOLATA":"2749.96","CLASSE_DISTANZA":"2500-2899","POTENZA_SEGNALE":"5749.63","POPOLAZIONE_SEZIONE": "14"}
			},
		 		{ "type" : "Feature",
				"geometry" : {
					"type" : "Point",
					"coordinates" : [7.79039,45.22505]},
			"properties" : { "ANNO":"2010","ID_SEZIONE":"24135","ISTAT_COMUNE_SEZ":"1236","COMUNE_SEZ":"SAN BENIGNO CANAVESE","PROVINCIA":"TO","ID_CENTRALE":"1177","NOME_CENTRALE":"S. BENIGNO C.","ISTAT_COMUNE_CENTR":"1236","COMUNE_CENTR":"SAN BENIGNO CANAVESE","PROVINCIA_CENTR":"TO","INDIRIZZO_CENTRALE":"CORSO EINAUDI 9","LATITUDINE_SEZIONE":"45.22505","LONGITUDINE_SEZIONE":"7.79039","POS_X_SEZIONE":"405038.33070","POS_Y_SEZIONE":"5008662.82502","LATITUDINE_CENTRALE":"45.22159","LONGITUDINE_CENTRALE":"7.78421","POS_X_CENTRALE":"404546.86901","POS_Y_CENTRALE":"5008285.54262","TIPO_ADSL":"ADSL_1","DESCRIZIONE_TIPO_ADSL":"ADSL (8 mega)","DISTANZA_CALCOLATA":"619.58","CLASSE_DISTANZA":"500-899","POTENZA_SEGNALE":"7000","POPOLAZIONE_SEZIONE": "77"}
			},
		 		{ "type" : "Feature",
				"geometry" : {
					"type" : "Point",
					"coordinates" : [7.78270,45.22235]},
			"properties" : { "ANNO":"2010","ID_SEZIONE":"24136","ISTAT_COMUNE_SEZ":"1236","COMUNE_SEZ":"SAN BENIGNO CANAVESE","PROVINCIA":"TO","ID_CENTRALE":"1177","NOME_CENTRALE":"S. BENIGNO C.","ISTAT_COMUNE_CENTR":"1236","COMUNE_CENTR":"SAN BENIGNO CANAVESE","PROVINCIA_CENTR":"TO","INDIRIZZO_CENTRALE":"CORSO EINAUDI 9","LATITUDINE_SEZIONE":"45.22235","LONGITUDINE_SEZIONE":"7.78270","POS_X_SEZIONE":"404430.28257","POS_Y_SEZIONE":"5008371.31987","LATITUDINE_CENTRALE":"45.22159","LONGITUDINE_CENTRALE":"7.78421","POS_X_CENTRALE":"404546.86901","POS_Y_CENTRALE":"5008285.54262","TIPO_ADSL":"ADSL_1","DESCRIZIONE_TIPO_ADSL":"ADSL (8 mega)","DISTANZA_CALCOLATA":"144.74","CLASSE_DISTANZA":"100-499","POTENZA_SEGNALE":"7000","POPOLAZIONE_SEZIONE": "27"}
			},
		 		{ "type" : "Feature",
				"geometry" : {
					"type" : "Point",
					"coordinates" : [7.78392,45.22067]},
			"properties" : { "ANNO":"2010","ID_SEZIONE":"24361","ISTAT_COMUNE_SEZ":"1236","COMUNE_SEZ":"SAN BENIGNO CANAVESE","PROVINCIA":"TO","ID_CENTRALE":"1177","NOME_CENTRALE":"S. BENIGNO C.","ISTAT_COMUNE_CENTR":"1236","COMUNE_CENTR":"SAN BENIGNO CANAVESE","PROVINCIA_CENTR":"TO","INDIRIZZO_CENTRALE":"CORSO EINAUDI 9","LATITUDINE_SEZIONE":"45.22067","LONGITUDINE_SEZIONE":"7.78392","POS_X_SEZIONE":"404523.09435","POS_Y_SEZIONE":"5008183.31961","LATITUDINE_CENTRALE":"45.22159","LONGITUDINE_CENTRALE":"7.78421","POS_X_CENTRALE":"404546.86901","POS_Y_CENTRALE":"5008285.54262","TIPO_ADSL":"ADSL_1","DESCRIZIONE_TIPO_ADSL":"ADSL (8 mega)","DISTANZA_CALCOLATA":"104.95","CLASSE_DISTANZA":"100-499","POTENZA_SEGNALE":"7000","POPOLAZIONE_SEZIONE": "1"}
			},
		 		{ "type" : "Feature",
				"geometry" : {
					"type" : "Point",
					"coordinates" : [7.78274,45.22095]},
			"properties" : { "ANNO":"2010","ID_SEZIONE":"24725","ISTAT_COMUNE_SEZ":"1236","COMUNE_SEZ":"SAN BENIGNO CANAVESE","PROVINCIA":"TO","ID_CENTRALE":"1177","NOME_CENTRALE":"S. BENIGNO C.","ISTAT_COMUNE_CENTR":"1236","COMUNE_CENTR":"SAN BENIGNO CANAVESE","PROVINCIA_CENTR":"TO","INDIRIZZO_CENTRALE":"CORSO EINAUDI 9","LATITUDINE_SEZIONE":"45.22095","LONGITUDINE_SEZIONE":"7.78274","POS_X_SEZIONE":"404431.03317","POS_Y_SEZIONE":"5008215.81932","LATITUDINE_CENTRALE":"45.22159","LONGITUDINE_CENTRALE":"7.78421","POS_X_CENTRALE":"404546.86901","POS_Y_CENTRALE":"5008285.54262","TIPO_ADSL":"ADSL_1","DESCRIZIONE_TIPO_ADSL":"ADSL (8 mega)","DISTANZA_CALCOLATA":"135.20","CLASSE_DISTANZA":"100-499","POTENZA_SEGNALE":"7000","POPOLAZIONE_SEZIONE": "123"}
			},
		 		{ "type" : "Feature",
				"geometry" : {
					"type" : "Point",
					"coordinates" : [7.82302,45.20538]},
			"properties" : { "ANNO":"2010","ID_SEZIONE":"24726","ISTAT_COMUNE_SEZ":"1314","COMUNE_SEZ":"VOLPIANO","PROVINCIA":"TO","ID_CENTRALE":"1177","NOME_CENTRALE":"S. BENIGNO C.","ISTAT_COMUNE_CENTR":"1236","COMUNE_CENTR":"SAN BENIGNO CANAVESE","PROVINCIA_CENTR":"TO","INDIRIZZO_CENTRALE":"CORSO EINAUDI 9","LATITUDINE_SEZIONE":"45.20538","LONGITUDINE_SEZIONE":"7.82302","POS_X_SEZIONE":"407568.12578","POS_Y_SEZIONE":"5006439.33292","LATITUDINE_CENTRALE":"45.22159","LONGITUDINE_CENTRALE":"7.78421","POS_X_CENTRALE":"404546.86901","POS_Y_CENTRALE":"5008285.54262","TIPO_ADSL":"ADSL_1","DESCRIZIONE_TIPO_ADSL":"ADSL (8 mega)","DISTANZA_CALCOLATA":"3540.69","CLASSE_DISTANZA":"3300-3699","POTENZA_SEGNALE":"3999.63","POPOLAZIONE_SEZIONE": "46"}
			},
		 		{ "type" : "Feature",
				"geometry" : {
					"type" : "Point",
					"coordinates" : [7.78554,45.22725]},
			"properties" : { "ANNO":"2010","ID_SEZIONE":"24962","ISTAT_COMUNE_SEZ":"1236","COMUNE_SEZ":"SAN BENIGNO CANAVESE","PROVINCIA":"TO","ID_CENTRALE":"1177","NOME_CENTRALE":"S. BENIGNO C.","ISTAT_COMUNE_CENTR":"1236","COMUNE_CENTR":"SAN BENIGNO CANAVESE","PROVINCIA_CENTR":"TO","INDIRIZZO_CENTRALE":"CORSO EINAUDI 9","LATITUDINE_SEZIONE":"45.22725","LONGITUDINE_SEZIONE":"7.78554","POS_X_SEZIONE":"404660.90069","POS_Y_SEZIONE":"5008913.32358","LATITUDINE_CENTRALE":"45.22159","LONGITUDINE_CENTRALE":"7.78421","POS_X_CENTRALE":"404546.86901","POS_Y_CENTRALE":"5008285.54262","TIPO_ADSL":"ADSL_1","DESCRIZIONE_TIPO_ADSL":"ADSL (8 mega)","DISTANZA_CALCOLATA":"638.05","CLASSE_DISTANZA":"500-899","POTENZA_SEGNALE":"7000","POPOLAZIONE_SEZIONE": "21"}
			},
		 		{ "type" : "Feature",
				"geometry" : {
					"type" : "Point",
					"coordinates" : [7.82106,45.20699]},
			"properties" : { "ANNO":"2010","ID_SEZIONE":"24965","ISTAT_COMUNE_SEZ":"1314","COMUNE_SEZ":"VOLPIANO","PROVINCIA":"TO","ID_CENTRALE":"1177","NOME_CENTRALE":"S. BENIGNO C.","ISTAT_COMUNE_CENTR":"1236","COMUNE_CENTR":"SAN BENIGNO CANAVESE","PROVINCIA_CENTR":"TO","INDIRIZZO_CENTRALE":"CORSO EINAUDI 9","LATITUDINE_SEZIONE":"45.20699","LONGITUDINE_SEZIONE":"7.82106","POS_X_SEZIONE":"407416.44014","POS_Y_SEZIONE":"5006620.33260","LATITUDINE_CENTRALE":"45.22159","LONGITUDINE_CENTRALE":"7.78421","POS_X_CENTRALE":"404546.86901","POS_Y_CENTRALE":"5008285.54262","TIPO_ADSL":"ADSL_1","DESCRIZIONE_TIPO_ADSL":"ADSL (8 mega)","DISTANZA_CALCOLATA":"3317.73","CLASSE_DISTANZA":"3300-3699","POTENZA_SEGNALE":"3999.63","POPOLAZIONE_SEZIONE": "31"}
			},
		 		{ "type" : "Feature",
				"geometry" : {
					"type" : "Point",
					"coordinates" : [7.78489,45.22648]},
			"properties" : { "ANNO":"2010","ID_SEZIONE":"26035","ISTAT_COMUNE_SEZ":"1236","COMUNE_SEZ":"SAN BENIGNO CANAVESE","PROVINCIA":"TO","ID_CENTRALE":"1177","NOME_CENTRALE":"S. BENIGNO C.","ISTAT_COMUNE_CENTR":"1236","COMUNE_CENTR":"SAN BENIGNO CANAVESE","PROVINCIA_CENTR":"TO","INDIRIZZO_CENTRALE":"CORSO EINAUDI 9","LATITUDINE_SEZIONE":"45.22648","LONGITUDINE_SEZIONE":"7.78489","POS_X_SEZIONE":"404609.09038","POS_Y_SEZIONE":"5008828.32288","LATITUDINE_CENTRALE":"45.22159","LONGITUDINE_CENTRALE":"7.78421","POS_X_CENTRALE":"404546.86901","POS_Y_CENTRALE":"5008285.54262","TIPO_ADSL":"ADSL_1","DESCRIZIONE_TIPO_ADSL":"ADSL (8 mega)","DISTANZA_CALCOLATA":"546.33","CLASSE_DISTANZA":"500-899","POTENZA_SEGNALE":"7000","POPOLAZIONE_SEZIONE": "94"}
			},
		 		{ "type" : "Feature",
				"geometry" : {
					"type" : "Point",
					"coordinates" : [7.77340,45.21937]},
			"properties" : { "ANNO":"2010","ID_SEZIONE":"27087","ISTAT_COMUNE_SEZ":"1236","COMUNE_SEZ":"SAN BENIGNO CANAVESE","PROVINCIA":"TO","ID_CENTRALE":"1177","NOME_CENTRALE":"S. BENIGNO C.","ISTAT_COMUNE_CENTR":"1236","COMUNE_CENTR":"SAN BENIGNO CANAVESE","PROVINCIA_CENTR":"TO","INDIRIZZO_CENTRALE":"CORSO EINAUDI 9","LATITUDINE_SEZIONE":"45.21937","LONGITUDINE_SEZIONE":"7.77340","POS_X_SEZIONE":"403695.05108","POS_Y_SEZIONE":"5008052.31366","LATITUDINE_CENTRALE":"45.22159","LONGITUDINE_CENTRALE":"7.78421","POS_X_CENTRALE":"404546.86901","POS_Y_CENTRALE":"5008285.54262","TIPO_ADSL":"ADSL_1","DESCRIZIONE_TIPO_ADSL":"ADSL (8 mega)","DISTANZA_CALCOLATA":"883.17","CLASSE_DISTANZA":"500-899","POTENZA_SEGNALE":"7000","POPOLAZIONE_SEZIONE": "106"}
			},
		 		{ "type" : "Feature",
				"geometry" : {
					"type" : "Point",
					"coordinates" : [7.78624,45.25226]},
			"properties" : { "ANNO":"2010","ID_SEZIONE":"27208","ISTAT_COMUNE_SEZ":"1236","COMUNE_SEZ":"SAN BENIGNO CANAVESE","PROVINCIA":"TO","ID_CENTRALE":"1177","NOME_CENTRALE":"S. BENIGNO C.","ISTAT_COMUNE_CENTR":"1236","COMUNE_CENTR":"SAN BENIGNO CANAVESE","PROVINCIA_CENTR":"TO","INDIRIZZO_CENTRALE":"CORSO EINAUDI 9","LATITUDINE_SEZIONE":"45.25226","LONGITUDINE_SEZIONE":"7.78624","POS_X_SEZIONE":"404757.64257","POS_Y_SEZIONE":"5011690.83552","LATITUDINE_CENTRALE":"45.22159","LONGITUDINE_CENTRALE":"7.78421","POS_X_CENTRALE":"404546.86901","POS_Y_CENTRALE":"5008285.54262","TIPO_ADSL":"ADSL_1","DESCRIZIONE_TIPO_ADSL":"ADSL (8 mega)","DISTANZA_CALCOLATA":"3411.81","CLASSE_DISTANZA":"3300-3699","POTENZA_SEGNALE":"3999.63","POPOLAZIONE_SEZIONE": "3"}
			},
		 		{ "type" : "Feature",
				"geometry" : {
					"type" : "Point",
					"coordinates" : [7.78544,45.22086]},
			"properties" : { "ANNO":"2010","ID_SEZIONE":"27305","ISTAT_COMUNE_SEZ":"1236","COMUNE_SEZ":"SAN BENIGNO CANAVESE","PROVINCIA":"TO","ID_CENTRALE":"1177","NOME_CENTRALE":"S. BENIGNO C.","ISTAT_COMUNE_CENTR":"1236","COMUNE_CENTR":"SAN BENIGNO CANAVESE","PROVINCIA_CENTR":"TO","INDIRIZZO_CENTRALE":"CORSO EINAUDI 9","LATITUDINE_SEZIONE":"45.22086","LONGITUDINE_SEZIONE":"7.78544","POS_X_SEZIONE":"404642.52808","POS_Y_SEZIONE":"5008202.82067","LATITUDINE_CENTRALE":"45.22159","LONGITUDINE_CENTRALE":"7.78421","POS_X_CENTRALE":"404546.86901","POS_Y_CENTRALE":"5008285.54262","TIPO_ADSL":"ADSL_1","DESCRIZIONE_TIPO_ADSL":"ADSL (8 mega)","DISTANZA_CALCOLATA":"126.47","CLASSE_DISTANZA":"100-499","POTENZA_SEGNALE":"7000","POPOLAZIONE_SEZIONE": "187"}
			},
		 		{ "type" : "Feature",
				"geometry" : {
					"type" : "Point",
					"coordinates" : [7.78636,45.23144]},
			"properties" : { "ANNO":"2010","ID_SEZIONE":"27687","ISTAT_COMUNE_SEZ":"1236","COMUNE_SEZ":"SAN BENIGNO CANAVESE","PROVINCIA":"TO","ID_CENTRALE":"1177","NOME_CENTRALE":"S. BENIGNO C.","ISTAT_COMUNE_CENTR":"1236","COMUNE_CENTR":"SAN BENIGNO CANAVESE","PROVINCIA_CENTR":"TO","INDIRIZZO_CENTRALE":"CORSO EINAUDI 9","LATITUDINE_SEZIONE":"45.23144","LONGITUDINE_SEZIONE":"7.78636","POS_X_SEZIONE":"404732.86638","POS_Y_SEZIONE":"5009377.32563","LATITUDINE_CENTRALE":"45.22159","LONGITUDINE_CENTRALE":"7.78421","POS_X_CENTRALE":"404546.86901","POS_Y_CENTRALE":"5008285.54262","TIPO_ADSL":"ADSL_1","DESCRIZIONE_TIPO_ADSL":"ADSL (8 mega)","DISTANZA_CALCOLATA":"1107.51","CLASSE_DISTANZA":"900-1299","POTENZA_SEGNALE":"7000","POPOLAZIONE_SEZIONE": "17"}
			},
		 		{ "type" : "Feature",
				"geometry" : {
					"type" : "Point",
					"coordinates" : [7.77374,45.23289]},
			"properties" : { "ANNO":"2010","ID_SEZIONE":"28581","ISTAT_COMUNE_SEZ":"1236","COMUNE_SEZ":"SAN BENIGNO CANAVESE","PROVINCIA":"TO","ID_CENTRALE":"1177","NOME_CENTRALE":"S. BENIGNO C.","ISTAT_COMUNE_CENTR":"1236","COMUNE_CENTR":"SAN BENIGNO CANAVESE","PROVINCIA_CENTR":"TO","INDIRIZZO_CENTRALE":"CORSO EINAUDI 9","LATITUDINE_SEZIONE":"45.23289","LONGITUDINE_SEZIONE":"7.77374","POS_X_SEZIONE":"403744.20308","POS_Y_SEZIONE":"5009553.32051","LATITUDINE_CENTRALE":"45.22159","LONGITUDINE_CENTRALE":"7.78421","POS_X_CENTRALE":"404546.86901","POS_Y_CENTRALE":"5008285.54262","TIPO_ADSL":"ADSL_1","DESCRIZIONE_TIPO_ADSL":"ADSL (8 mega)","DISTANZA_CALCOLATA":"1500.51","CLASSE_DISTANZA":"1300-1699","POTENZA_SEGNALE":"7000","POPOLAZIONE_SEZIONE": ""}
			},
		 		{ "type" : "Feature",
				"geometry" : {
					"type" : "Point",
					"coordinates" : [7.78039,45.22574]},
			"properties" : { "ANNO":"2010","ID_SEZIONE":"28583","ISTAT_COMUNE_SEZ":"1236","COMUNE_SEZ":"SAN BENIGNO CANAVESE","PROVINCIA":"TO","ID_CENTRALE":"1177","NOME_CENTRALE":"S. BENIGNO C.","ISTAT_COMUNE_CENTR":"1236","COMUNE_CENTR":"SAN BENIGNO CANAVESE","PROVINCIA_CENTR":"TO","INDIRIZZO_CENTRALE":"CORSO EINAUDI 9","LATITUDINE_SEZIONE":"45.22574","LONGITUDINE_SEZIONE":"7.78039","POS_X_SEZIONE":"404254.47406","POS_Y_SEZIONE":"5008750.82041","LATITUDINE_CENTRALE":"45.22159","LONGITUDINE_CENTRALE":"7.78421","POS_X_CENTRALE":"404546.86901","POS_Y_CENTRALE":"5008285.54262","TIPO_ADSL":"ADSL_1","DESCRIZIONE_TIPO_ADSL":"ADSL (8 mega)","DISTANZA_CALCOLATA":"549.53","CLASSE_DISTANZA":"500-899","POTENZA_SEGNALE":"7000","POPOLAZIONE_SEZIONE": "103"}
			},
		 		{ "type" : "Feature",
				"geometry" : {
					"type" : "Point",
					"coordinates" : [7.78816,45.22746]},
			"properties" : { "ANNO":"2010","ID_SEZIONE":"29516","ISTAT_COMUNE_SEZ":"1236","COMUNE_SEZ":"SAN BENIGNO CANAVESE","PROVINCIA":"TO","ID_CENTRALE":"1177","NOME_CENTRALE":"S. BENIGNO C.","ISTAT_COMUNE_CENTR":"1236","COMUNE_CENTR":"SAN BENIGNO CANAVESE","PROVINCIA_CENTR":"TO","INDIRIZZO_CENTRALE":"CORSO EINAUDI 9","LATITUDINE_SEZIONE":"45.22746","LONGITUDINE_SEZIONE":"7.78816","POS_X_SEZIONE":"404866.95867","POS_Y_SEZIONE":"5008933.32486","LATITUDINE_CENTRALE":"45.22159","LONGITUDINE_CENTRALE":"7.78421","POS_X_CENTRALE":"404546.86901","POS_Y_CENTRALE":"5008285.54262","TIPO_ADSL":"ADSL_1","DESCRIZIONE_TIPO_ADSL":"ADSL (8 mega)","DISTANZA_CALCOLATA":"722.55","CLASSE_DISTANZA":"500-899","POTENZA_SEGNALE":"7000","POPOLAZIONE_SEZIONE": "25"}
			},
		 		{ "type" : "Feature",
				"geometry" : {
					"type" : "Point",
					"coordinates" : [7.79293,45.22331]},
			"properties" : { "ANNO":"2010","ID_SEZIONE":"29775","ISTAT_COMUNE_SEZ":"1236","COMUNE_SEZ":"SAN BENIGNO CANAVESE","PROVINCIA":"TO","ID_CENTRALE":"1177","NOME_CENTRALE":"S. BENIGNO C.","ISTAT_COMUNE_CENTR":"1236","COMUNE_CENTR":"SAN BENIGNO CANAVESE","PROVINCIA_CENTR":"TO","INDIRIZZO_CENTRALE":"CORSO EINAUDI 9","LATITUDINE_SEZIONE":"45.22331","LONGITUDINE_SEZIONE":"7.79293","POS_X_SEZIONE":"405235.04571","POS_Y_SEZIONE":"5008466.82528","LATITUDINE_CENTRALE":"45.22159","LONGITUDINE_CENTRALE":"7.78421","POS_X_CENTRALE":"404546.86901","POS_Y_CENTRALE":"5008285.54262","TIPO_ADSL":"ADSL_1","DESCRIZIONE_TIPO_ADSL":"ADSL (8 mega)","DISTANZA_CALCOLATA":"711.65","CLASSE_DISTANZA":"500-899","POTENZA_SEGNALE":"7000","POPOLAZIONE_SEZIONE": "45"}
			},
		 		{ "type" : "Feature",
				"geometry" : {
					"type" : "Point",
					"coordinates" : [7.78289,45.22404]},
			"properties" : { "ANNO":"2010","ID_SEZIONE":"29776","ISTAT_COMUNE_SEZ":"1236","COMUNE_SEZ":"SAN BENIGNO CANAVESE","PROVINCIA":"TO","ID_CENTRALE":"1177","NOME_CENTRALE":"S. BENIGNO C.","ISTAT_COMUNE_CENTR":"1236","COMUNE_CENTR":"SAN BENIGNO CANAVESE","PROVINCIA_CENTR":"TO","INDIRIZZO_CENTRALE":"CORSO EINAUDI 9","LATITUDINE_SEZIONE":"45.22404","LONGITUDINE_SEZIONE":"7.78289","POS_X_SEZIONE":"404447.87592","POS_Y_SEZIONE":"5008558.82092","LATITUDINE_CENTRALE":"45.22159","LONGITUDINE_CENTRALE":"7.78421","POS_X_CENTRALE":"404546.86901","POS_Y_CENTRALE":"5008285.54262","TIPO_ADSL":"ADSL_1","DESCRIZIONE_TIPO_ADSL":"ADSL (8 mega)","DISTANZA_CALCOLATA":"290.66","CLASSE_DISTANZA":"100-499","POTENZA_SEGNALE":"7000","POPOLAZIONE_SEZIONE": "22"}
			},
		 		{ "type" : "Feature",
				"geometry" : {
					"type" : "Point",
					"coordinates" : [7.80109,45.22051]},
			"properties" : { "ANNO":"2010","ID_SEZIONE":"29777","ISTAT_COMUNE_SEZ":"1236","COMUNE_SEZ":"SAN BENIGNO CANAVESE","PROVINCIA":"TO","ID_CENTRALE":"1177","NOME_CENTRALE":"S. BENIGNO C.","ISTAT_COMUNE_CENTR":"1236","COMUNE_CENTR":"SAN BENIGNO CANAVESE","PROVINCIA_CENTR":"TO","INDIRIZZO_CENTRALE":"CORSO EINAUDI 9","LATITUDINE_SEZIONE":"45.22051","LONGITUDINE_SEZIONE":"7.80109","POS_X_SEZIONE":"405870.40648","POS_Y_SEZIONE":"5008145.32819","LATITUDINE_CENTRALE":"45.22159","LONGITUDINE_CENTRALE":"7.78421","POS_X_CENTRALE":"404546.86901","POS_Y_CENTRALE":"5008285.54262","TIPO_ADSL":"ADSL_1","DESCRIZIONE_TIPO_ADSL":"ADSL (8 mega)","DISTANZA_CALCOLATA":"1330.94","CLASSE_DISTANZA":"1300-1699","POTENZA_SEGNALE":"7000","POPOLAZIONE_SEZIONE": "3"}
			},
		 		{ "type" : "Feature",
				"geometry" : {
					"type" : "Point",
					"coordinates" : [7.77545,45.23098]},
			"properties" : { "ANNO":"2010","ID_SEZIONE":"30413","ISTAT_COMUNE_SEZ":"1236","COMUNE_SEZ":"SAN BENIGNO CANAVESE","PROVINCIA":"TO","ID_CENTRALE":"1177","NOME_CENTRALE":"S. BENIGNO C.","ISTAT_COMUNE_CENTR":"1236","COMUNE_CENTR":"SAN BENIGNO CANAVESE","PROVINCIA_CENTR":"TO","INDIRIZZO_CENTRALE":"CORSO EINAUDI 9","LATITUDINE_SEZIONE":"45.23098","LONGITUDINE_SEZIONE":"7.77545","POS_X_SEZIONE":"403875.26229","POS_Y_SEZIONE":"5009338.82016","LATITUDINE_CENTRALE":"45.22159","LONGITUDINE_CENTRALE":"7.78421","POS_X_CENTRALE":"404546.86901","POS_Y_CENTRALE":"5008285.54262","TIPO_ADSL":"ADSL_1","DESCRIZIONE_TIPO_ADSL":"ADSL (8 mega)","DISTANZA_CALCOLATA":"1249.18","CLASSE_DISTANZA":"900-1299","POTENZA_SEGNALE":"7000","POPOLAZIONE_SEZIONE": "128"}
			},
		 		{ "type" : "Feature",
				"geometry" : {
					"type" : "Point",
					"coordinates" : [7.78523,45.22445]},
			"properties" : { "ANNO":"2010","ID_SEZIONE":"30650","ISTAT_COMUNE_SEZ":"1236","COMUNE_SEZ":"SAN BENIGNO CANAVESE","PROVINCIA":"TO","ID_CENTRALE":"1177","NOME_CENTRALE":"S. BENIGNO C.","ISTAT_COMUNE_CENTR":"1236","COMUNE_CENTR":"SAN BENIGNO CANAVESE","PROVINCIA_CENTR":"TO","INDIRIZZO_CENTRALE":"CORSO EINAUDI 9","LATITUDINE_SEZIONE":"45.22445","LONGITUDINE_SEZIONE":"7.78523","POS_X_SEZIONE":"404631.71515","POS_Y_SEZIONE":"5008602.32198","LATITUDINE_CENTRALE":"45.22159","LONGITUDINE_CENTRALE":"7.78421","POS_X_CENTRALE":"404546.86901","POS_Y_CENTRALE":"5008285.54262","TIPO_ADSL":"ADSL_1","DESCRIZIONE_TIPO_ADSL":"ADSL (8 mega)","DISTANZA_CALCOLATA":"327.95","CLASSE_DISTANZA":"100-499","POTENZA_SEGNALE":"7000","POPOLAZIONE_SEZIONE": "75"}
			},
		 		{ "type" : "Feature",
				"geometry" : {
					"type" : "Point",
					"coordinates" : [7.78347,45.22688]},
			"properties" : { "ANNO":"2010","ID_SEZIONE":"31008","ISTAT_COMUNE_SEZ":"1236","COMUNE_SEZ":"SAN BENIGNO CANAVESE","PROVINCIA":"TO","ID_CENTRALE":"1177","NOME_CENTRALE":"S. BENIGNO C.","ISTAT_COMUNE_CENTR":"1236","COMUNE_CENTR":"SAN BENIGNO CANAVESE","PROVINCIA_CENTR":"TO","INDIRIZZO_CENTRALE":"CORSO EINAUDI 9","LATITUDINE_SEZIONE":"45.22688","LONGITUDINE_SEZIONE":"7.78347","POS_X_SEZIONE":"404497.84251","POS_Y_SEZIONE":"5008874.32249","LATITUDINE_CENTRALE":"45.22159","LONGITUDINE_CENTRALE":"7.78421","POS_X_CENTRALE":"404546.86901","POS_Y_CENTRALE":"5008285.54262","TIPO_ADSL":"ADSL_1","DESCRIZIONE_TIPO_ADSL":"ADSL (8 mega)","DISTANZA_CALCOLATA":"590.82","CLASSE_DISTANZA":"500-899","POTENZA_SEGNALE":"7000","POPOLAZIONE_SEZIONE": "38"}
			},
		 		{ "type" : "Feature",
				"geometry" : {
					"type" : "Point",
					"coordinates" : [7.78193,45.22367]},
			"properties" : { "ANNO":"2010","ID_SEZIONE":"31570","ISTAT_COMUNE_SEZ":"1236","COMUNE_SEZ":"SAN BENIGNO CANAVESE","PROVINCIA":"TO","ID_CENTRALE":"1177","NOME_CENTRALE":"S. BENIGNO C.","ISTAT_COMUNE_CENTR":"1236","COMUNE_CENTR":"SAN BENIGNO CANAVESE","PROVINCIA_CENTR":"TO","INDIRIZZO_CENTRALE":"CORSO EINAUDI 9","LATITUDINE_SEZIONE":"45.22367","LONGITUDINE_SEZIONE":"7.78193","POS_X_SEZIONE":"404371.69083","POS_Y_SEZIONE":"5008519.32012","LATITUDINE_CENTRALE":"45.22159","LONGITUDINE_CENTRALE":"7.78421","POS_X_CENTRALE":"404546.86901","POS_Y_CENTRALE":"5008285.54262","TIPO_ADSL":"ADSL_1","DESCRIZIONE_TIPO_ADSL":"ADSL (8 mega)","DISTANZA_CALCOLATA":"292.13","CLASSE_DISTANZA":"100-499","POTENZA_SEGNALE":"7000","POPOLAZIONE_SEZIONE": "103"}
			},
		 		{ "type" : "Feature",
				"geometry" : {
					"type" : "Point",
					"coordinates" : [7.78059,45.22499]},
			"properties" : { "ANNO":"2010","ID_SEZIONE":"31825","ISTAT_COMUNE_SEZ":"1236","COMUNE_SEZ":"SAN BENIGNO CANAVESE","PROVINCIA":"TO","ID_CENTRALE":"1177","NOME_CENTRALE":"S. BENIGNO C.","ISTAT_COMUNE_CENTR":"1236","COMUNE_CENTR":"SAN BENIGNO CANAVESE","PROVINCIA_CENTR":"TO","INDIRIZZO_CENTRALE":"CORSO EINAUDI 9","LATITUDINE_SEZIONE":"45.22499","LONGITUDINE_SEZIONE":"7.78059","POS_X_SEZIONE":"404268.53563","POS_Y_SEZIONE":"5008667.82009","LATITUDINE_CENTRALE":"45.22159","LONGITUDINE_CENTRALE":"7.78421","POS_X_CENTRALE":"404546.86901","POS_Y_CENTRALE":"5008285.54262","TIPO_ADSL":"ADSL_1","DESCRIZIONE_TIPO_ADSL":"ADSL (8 mega)","DISTANZA_CALCOLATA":"472.87","CLASSE_DISTANZA":"100-499","POTENZA_SEGNALE":"7000","POPOLAZIONE_SEZIONE": "107"}
			},
		 		{ "type" : "Feature",
				"geometry" : {
					"type" : "Point",
					"coordinates" : [7.78950,45.22959]},
			"properties" : { "ANNO":"2010","ID_SEZIONE":"32742","ISTAT_COMUNE_SEZ":"1236","COMUNE_SEZ":"SAN BENIGNO CANAVESE","PROVINCIA":"TO","ID_CENTRALE":"1177","NOME_CENTRALE":"S. BENIGNO C.","ISTAT_COMUNE_CENTR":"1236","COMUNE_CENTR":"SAN BENIGNO CANAVESE","PROVINCIA_CENTR":"TO","INDIRIZZO_CENTRALE":"CORSO EINAUDI 9","LATITUDINE_SEZIONE":"45.22959","LONGITUDINE_SEZIONE":"7.78950","POS_X_SEZIONE":"404975.73614","POS_Y_SEZIONE":"5009167.82649","LATITUDINE_CENTRALE":"45.22159","LONGITUDINE_CENTRALE":"7.78421","POS_X_CENTRALE":"404546.86901","POS_Y_CENTRALE":"5008285.54262","TIPO_ADSL":"ADSL_1","DESCRIZIONE_TIPO_ADSL":"ADSL (8 mega)","DISTANZA_CALCOLATA":"981.00","CLASSE_DISTANZA":"900-1299","POTENZA_SEGNALE":"7000","POPOLAZIONE_SEZIONE": "84"}
			}
		 		]
	}
		