 	{ "type" : "FeatureCollection",
		"features" : [
		 		{ "type" : "Feature",
				"geometry" : {
					"type" : "Point",
					"coordinates" : [7.75254,45.47812]},
			"properties" : { "ANNO":"2010","ID_SEZIONE":"6567","ISTAT_COMUNE_SEZ":"1230","COMUNE_SEZ":"RUEGLIO","PROVINCIA":"TO","ID_CENTRALE":"1168","NOME_CENTRALE":"RUEGLIO","ISTAT_COMUNE_CENTR":"1230","COMUNE_CENTR":"RUEGLIO","PROVINCIA_CENTR":"TO","INDIRIZZO_CENTRALE":"DELLA GORA","LATITUDINE_SEZIONE":"45.47812","LONGITUDINE_SEZIONE":"7.75254","POS_X_SEZIONE":"402502.02145","POS_Y_SEZIONE":"5036821.92956","LATITUDINE_CENTRALE":"45.46905","LONGITUDINE_CENTRALE":"7.75533","POS_X_CENTRALE":"402704.53346","POS_Y_CENTRALE":"5035811.59623","TIPO_ADSL":"ADSL_M","DESCRIZIONE_TIPO_ADSL":"ADSL Mini","DISTANZA_CALCOLATA":"1030.43","CLASSE_DISTANZA":"900-1299","POTENZA_SEGNALE":"0.64","POPOLAZIONE_SEZIONE": "94"}
			},
		 		{ "type" : "Feature",
				"geometry" : {
					"type" : "Point",
					"coordinates" : [7.75693,45.46789]},
			"properties" : { "ANNO":"2010","ID_SEZIONE":"14424","ISTAT_COMUNE_SEZ":"1230","COMUNE_SEZ":"RUEGLIO","PROVINCIA":"TO","ID_CENTRALE":"1168","NOME_CENTRALE":"RUEGLIO","ISTAT_COMUNE_CENTR":"1230","COMUNE_CENTR":"RUEGLIO","PROVINCIA_CENTR":"TO","INDIRIZZO_CENTRALE":"DELLA GORA","LATITUDINE_SEZIONE":"45.46789","LONGITUDINE_SEZIONE":"7.75693","POS_X_SEZIONE":"402827.87259","POS_Y_SEZIONE":"5035680.43017","LATITUDINE_CENTRALE":"45.46905","LONGITUDINE_CENTRALE":"7.75533","POS_X_CENTRALE":"402704.53346","POS_Y_CENTRALE":"5035811.59623","TIPO_ADSL":"ADSL_M","DESCRIZIONE_TIPO_ADSL":"ADSL Mini","DISTANZA_CALCOLATA":"180.05","CLASSE_DISTANZA":"100-499","POTENZA_SEGNALE":"0.64","POPOLAZIONE_SEZIONE": "363"}
			},
		 		{ "type" : "Feature",
				"geometry" : {
					"type" : "Point",
					"coordinates" : [7.74441,45.46219]},
			"properties" : { "ANNO":"2010","ID_SEZIONE":"14426","ISTAT_COMUNE_SEZ":"1230","COMUNE_SEZ":"RUEGLIO","PROVINCIA":"TO","ID_CENTRALE":"1168","NOME_CENTRALE":"RUEGLIO","ISTAT_COMUNE_CENTR":"1230","COMUNE_CENTR":"RUEGLIO","PROVINCIA_CENTR":"TO","INDIRIZZO_CENTRALE":"DELLA GORA","LATITUDINE_SEZIONE":"45.46219","LONGITUDINE_SEZIONE":"7.74441","POS_X_SEZIONE":"401839.19240","POS_Y_SEZIONE":"5035062.41544","LATITUDINE_CENTRALE":"45.46905","LONGITUDINE_CENTRALE":"7.75533","POS_X_CENTRALE":"402704.53346","POS_Y_CENTRALE":"5035811.59623","TIPO_ADSL":"ADSL_M","DESCRIZIONE_TIPO_ADSL":"ADSL Mini","DISTANZA_CALCOLATA":"1144.59","CLASSE_DISTANZA":"900-1299","POTENZA_SEGNALE":"0.64","POPOLAZIONE_SEZIONE": "88"}
			},
		 		{ "type" : "Feature",
				"geometry" : {
					"type" : "Point",
					"coordinates" : [7.74111,45.47223]},
			"properties" : { "ANNO":"2010","ID_SEZIONE":"15685","ISTAT_COMUNE_SEZ":"1230","COMUNE_SEZ":"RUEGLIO","PROVINCIA":"TO","ID_CENTRALE":"1168","NOME_CENTRALE":"RUEGLIO","ISTAT_COMUNE_CENTR":"1230","COMUNE_CENTR":"RUEGLIO","PROVINCIA_CENTR":"TO","INDIRIZZO_CENTRALE":"DELLA GORA","LATITUDINE_SEZIONE":"45.47223","LONGITUDINE_SEZIONE":"7.74111","POS_X_SEZIONE":"401598.33889","POS_Y_SEZIONE":"5036181.91522","LATITUDINE_CENTRALE":"45.46905","LONGITUDINE_CENTRALE":"7.75533","POS_X_CENTRALE":"402704.53346","POS_Y_CENTRALE":"5035811.59623","TIPO_ADSL":"ADSL_M","DESCRIZIONE_TIPO_ADSL":"ADSL Mini","DISTANZA_CALCOLATA":"1166.53","CLASSE_DISTANZA":"900-1299","POTENZA_SEGNALE":"0.64","POPOLAZIONE_SEZIONE": "8"}
			},
		 		{ "type" : "Feature",
				"geometry" : {
					"type" : "Point",
					"coordinates" : [7.75332,45.46910]},
			"properties" : { "ANNO":"2010","ID_SEZIONE":"17043","ISTAT_COMUNE_SEZ":"1230","COMUNE_SEZ":"RUEGLIO","PROVINCIA":"TO","ID_CENTRALE":"1168","NOME_CENTRALE":"RUEGLIO","ISTAT_COMUNE_CENTR":"1230","COMUNE_CENTR":"RUEGLIO","PROVINCIA_CENTR":"TO","INDIRIZZO_CENTRALE":"DELLA GORA","LATITUDINE_SEZIONE":"45.46910","LONGITUDINE_SEZIONE":"7.75332","POS_X_SEZIONE":"402548.00468","POS_Y_SEZIONE":"5035819.42690","LATITUDINE_CENTRALE":"45.46905","LONGITUDINE_CENTRALE":"7.75533","POS_X_CENTRALE":"402704.53346","POS_Y_CENTRALE":"5035811.59623","TIPO_ADSL":"ADSL_M","DESCRIZIONE_TIPO_ADSL":"ADSL Mini","DISTANZA_CALCOLATA":"156.72","CLASSE_DISTANZA":"100-499","POTENZA_SEGNALE":"0.64","POPOLAZIONE_SEZIONE": "226"}
			},
		 		{ "type" : "Feature",
				"geometry" : {
					"type" : "Point",
					"coordinates" : [7.71623,45.47836]},
			"properties" : { "ANNO":"2010","ID_SEZIONE":"24326","ISTAT_COMUNE_SEZ":"1230","COMUNE_SEZ":"RUEGLIO","PROVINCIA":"TO","ID_CENTRALE":"1168","NOME_CENTRALE":"RUEGLIO","ISTAT_COMUNE_CENTR":"1230","COMUNE_CENTR":"RUEGLIO","PROVINCIA_CENTR":"TO","INDIRIZZO_CENTRALE":"DELLA GORA","LATITUDINE_SEZIONE":"45.47836","LONGITUDINE_SEZIONE":"7.71623","POS_X_SEZIONE":"399664.50875","POS_Y_SEZIONE":"5036893.89013","LATITUDINE_CENTRALE":"45.46905","LONGITUDINE_CENTRALE":"7.75533","POS_X_CENTRALE":"402704.53346","POS_Y_CENTRALE":"5035811.59623","TIPO_ADSL":"ADSL_M","DESCRIZIONE_TIPO_ADSL":"ADSL Mini","DISTANZA_CALCOLATA":"3226.94","CLASSE_DISTANZA":"2900-3299","POTENZA_SEGNALE":"0.64","POPOLAZIONE_SEZIONE": ""}
			}
		 		]
	}
		