 	{ "type" : "FeatureCollection",
		"features" : [
		 		{ "type" : "Feature",
				"geometry" : {
					"type" : "Point",
					"coordinates" : [7.95983,44.28394]},
			"properties" : { "ANNO":"2010","ID_SEZIONE":"6999","ISTAT_COMUNE_SEZ":"4249","COMUNE_SEZ":"VIOLA","PROVINCIA":"CN","ID_CENTRALE":"1203","NOME_CENTRALE":"S. GREE","ISTAT_COMUNE_CENTR":"4249","COMUNE_CENTR":"VIOLA","PROVINCIA_CENTR":"CN","INDIRIZZO_CENTRALE":"PIAZZA PORTA DELLA NEVE","LATITUDINE_SEZIONE":"44.28394","LONGITUDINE_SEZIONE":"7.95983","POS_X_SEZIONE":"417003.99651","POS_Y_SEZIONE":"4903936.52732","LATITUDINE_CENTRALE":"44.27297","LONGITUDINE_CENTRALE":"7.95241","POS_X_CENTRALE":"416396.55016","POS_Y_CENTRALE":"4902725.53514","TIPO_ADSL":"ADSL_M","DESCRIZIONE_TIPO_ADSL":"ADSL Mini","DISTANZA_CALCOLATA":"1354.8","CLASSE_DISTANZA":"1300-1699","POTENZA_SEGNALE":"0.64","POPOLAZIONE_SEZIONE": "15"}
			},
		 		{ "type" : "Feature",
				"geometry" : {
					"type" : "Point",
					"coordinates" : [7.96456,44.28130]},
			"properties" : { "ANNO":"2010","ID_SEZIONE":"18789","ISTAT_COMUNE_SEZ":"4249","COMUNE_SEZ":"VIOLA","PROVINCIA":"CN","ID_CENTRALE":"1203","NOME_CENTRALE":"S. GREE","ISTAT_COMUNE_CENTR":"4249","COMUNE_CENTR":"VIOLA","PROVINCIA_CENTR":"CN","INDIRIZZO_CENTRALE":"PIAZZA PORTA DELLA NEVE","LATITUDINE_SEZIONE":"44.28130","LONGITUDINE_SEZIONE":"7.96456","POS_X_SEZIONE":"417377.90089","POS_Y_SEZIONE":"4903638.03132","LATITUDINE_CENTRALE":"44.27297","LONGITUDINE_CENTRALE":"7.95241","POS_X_CENTRALE":"416396.55016","POS_Y_CENTRALE":"4902725.53514","TIPO_ADSL":"ADSL_M","DESCRIZIONE_TIPO_ADSL":"ADSL Mini","DISTANZA_CALCOLATA":"1340.04","CLASSE_DISTANZA":"1300-1699","POTENZA_SEGNALE":"0.64","POPOLAZIONE_SEZIONE": "6"}
			},
		 		{ "type" : "Feature",
				"geometry" : {
					"type" : "Point",
					"coordinates" : [7.95265,44.28259]},
			"properties" : { "ANNO":"2010","ID_SEZIONE":"22814","ISTAT_COMUNE_SEZ":"4249","COMUNE_SEZ":"VIOLA","PROVINCIA":"CN","ID_CENTRALE":"1203","NOME_CENTRALE":"S. GREE","ISTAT_COMUNE_CENTR":"4249","COMUNE_CENTR":"VIOLA","PROVINCIA_CENTR":"CN","INDIRIZZO_CENTRALE":"PIAZZA PORTA DELLA NEVE","LATITUDINE_SEZIONE":"44.28259","LONGITUDINE_SEZIONE":"7.95265","POS_X_SEZIONE":"416429.19356","POS_Y_SEZIONE":"4903793.01782","LATITUDINE_CENTRALE":"44.27297","LONGITUDINE_CENTRALE":"7.95241","POS_X_CENTRALE":"416396.55016","POS_Y_CENTRALE":"4902725.53514","TIPO_ADSL":"ADSL_M","DESCRIZIONE_TIPO_ADSL":"ADSL Mini","DISTANZA_CALCOLATA":"1067.98","CLASSE_DISTANZA":"900-1299","POTENZA_SEGNALE":"0.64","POPOLAZIONE_SEZIONE": "5"}
			},
		 		{ "type" : "Feature",
				"geometry" : {
					"type" : "Point",
					"coordinates" : [7.95762,44.27832]},
			"properties" : { "ANNO":"2010","ID_SEZIONE":"26022","ISTAT_COMUNE_SEZ":"4249","COMUNE_SEZ":"VIOLA","PROVINCIA":"CN","ID_CENTRALE":"1203","NOME_CENTRALE":"S. GREE","ISTAT_COMUNE_CENTR":"4249","COMUNE_CENTR":"VIOLA","PROVINCIA_CENTR":"CN","INDIRIZZO_CENTRALE":"PIAZZA PORTA DELLA NEVE","LATITUDINE_SEZIONE":"44.27832","LONGITUDINE_SEZIONE":"7.95762","POS_X_SEZIONE":"416819.66166","POS_Y_SEZIONE":"4903314.02185","LATITUDINE_CENTRALE":"44.27297","LONGITUDINE_CENTRALE":"7.95241","POS_X_CENTRALE":"416396.55016","POS_Y_CENTRALE":"4902725.53514","TIPO_ADSL":"ADSL_M","DESCRIZIONE_TIPO_ADSL":"ADSL Mini","DISTANZA_CALCOLATA":"724.80","CLASSE_DISTANZA":"500-899","POTENZA_SEGNALE":"0.64","POPOLAZIONE_SEZIONE": "17"}
			}
		 		]
	}
		