 	{ "type" : "FeatureCollection",
		"features" : [
		 		{ "type" : "Feature",
				"geometry" : {
					"type" : "Point",
					"coordinates" : [7.89977,44.73393]},
			"properties" : { "ANNO":"2010","ID_SEZIONE":"660","ISTAT_COMUNE_SEZ":"4223","COMUNE_SEZ":"SOMMARIVA PERNO","PROVINCIA":"CN","ID_CENTRALE":"1356","NOME_CENTRALE":"SOMMARIVA PERNO","ISTAT_COMUNE_CENTR":"4223","COMUNE_CENTR":"SOMMARIVA PERNO","PROVINCIA_CENTR":"CN","INDIRIZZO_CENTRALE":"ROMA N.12","LATITUDINE_SEZIONE":"44.73393","LONGITUDINE_SEZIONE":"7.89977","POS_X_SEZIONE":"412884.45269","POS_Y_SEZIONE":"4953982.74356","LATITUDINE_CENTRALE":"44.74487","LONGITUDINE_CENTRALE":"7.90304","POS_X_CENTRALE":"413159.95241","POS_Y_CENTRALE":"4955194.28801","TIPO_ADSL":"ADSL_1","DESCRIZIONE_TIPO_ADSL":"ADSL (8 mega)","DISTANZA_CALCOLATA":"1242.47","CLASSE_DISTANZA":"900-1299","POTENZA_SEGNALE":"7000","POPOLAZIONE_SEZIONE": "36"}
			},
		 		{ "type" : "Feature",
				"geometry" : {
					"type" : "Point",
					"coordinates" : [7.91681,44.73091]},
			"properties" : { "ANNO":"2010","ID_SEZIONE":"661","ISTAT_COMUNE_SEZ":"4223","COMUNE_SEZ":"SOMMARIVA PERNO","PROVINCIA":"CN","ID_CENTRALE":"1356","NOME_CENTRALE":"SOMMARIVA PERNO","ISTAT_COMUNE_CENTR":"4223","COMUNE_CENTR":"SOMMARIVA PERNO","PROVINCIA_CENTR":"CN","INDIRIZZO_CENTRALE":"ROMA N.12","LATITUDINE_SEZIONE":"44.73091","LONGITUDINE_SEZIONE":"7.91681","POS_X_SEZIONE":"414228.91554","POS_Y_SEZIONE":"4953628.76059","LATITUDINE_CENTRALE":"44.74487","LONGITUDINE_CENTRALE":"7.90304","POS_X_CENTRALE":"413159.95241","POS_Y_CENTRALE":"4955194.28801","TIPO_ADSL":"ADSL_1","DESCRIZIONE_TIPO_ADSL":"ADSL (8 mega)","DISTANZA_CALCOLATA":"1895.67","CLASSE_DISTANZA":"1700-2099","POTENZA_SEGNALE":"6874.88","POPOLAZIONE_SEZIONE": "36"}
			},
		 		{ "type" : "Feature",
				"geometry" : {
					"type" : "Point",
					"coordinates" : [7.90083,44.74552]},
			"properties" : { "ANNO":"2010","ID_SEZIONE":"2271","ISTAT_COMUNE_SEZ":"4223","COMUNE_SEZ":"SOMMARIVA PERNO","PROVINCIA":"CN","ID_CENTRALE":"1356","NOME_CENTRALE":"SOMMARIVA PERNO","ISTAT_COMUNE_CENTR":"4223","COMUNE_CENTR":"SOMMARIVA PERNO","PROVINCIA_CENTR":"CN","INDIRIZZO_CENTRALE":"ROMA N.12","LATITUDINE_SEZIONE":"44.74552","LONGITUDINE_SEZIONE":"7.90083","POS_X_SEZIONE":"412985.86812","POS_Y_SEZIONE":"4955268.75803","LATITUDINE_CENTRALE":"44.74487","LONGITUDINE_CENTRALE":"7.90304","POS_X_CENTRALE":"413159.95241","POS_Y_CENTRALE":"4955194.28801","TIPO_ADSL":"ADSL_1","DESCRIZIONE_TIPO_ADSL":"ADSL (8 mega)","DISTANZA_CALCOLATA":"189.34","CLASSE_DISTANZA":"100-499","POTENZA_SEGNALE":"7000","POPOLAZIONE_SEZIONE": "880"}
			},
		 		{ "type" : "Feature",
				"geometry" : {
					"type" : "Point",
					"coordinates" : [7.88889,44.74513]},
			"properties" : { "ANNO":"2010","ID_SEZIONE":"3036","ISTAT_COMUNE_SEZ":"4223","COMUNE_SEZ":"SOMMARIVA PERNO","PROVINCIA":"CN","ID_CENTRALE":"1356","NOME_CENTRALE":"SOMMARIVA PERNO","ISTAT_COMUNE_CENTR":"4223","COMUNE_CENTR":"SOMMARIVA PERNO","PROVINCIA_CENTR":"CN","INDIRIZZO_CENTRALE":"ROMA N.12","LATITUDINE_SEZIONE":"44.74513","LONGITUDINE_SEZIONE":"7.88889","POS_X_SEZIONE":"412040.37717","POS_Y_SEZIONE":"4955238.74356","LATITUDINE_CENTRALE":"44.74487","LONGITUDINE_CENTRALE":"7.90304","POS_X_CENTRALE":"413159.95241","POS_Y_CENTRALE":"4955194.28801","TIPO_ADSL":"ADSL_1","DESCRIZIONE_TIPO_ADSL":"ADSL (8 mega)","DISTANZA_CALCOLATA":"1120.46","CLASSE_DISTANZA":"900-1299","POTENZA_SEGNALE":"7000","POPOLAZIONE_SEZIONE": "39"}
			},
		 		{ "type" : "Feature",
				"geometry" : {
					"type" : "Point",
					"coordinates" : [7.89787,44.72894]},
			"properties" : { "ANNO":"2010","ID_SEZIONE":"3039","ISTAT_COMUNE_SEZ":"4223","COMUNE_SEZ":"SOMMARIVA PERNO","PROVINCIA":"CN","ID_CENTRALE":"1356","NOME_CENTRALE":"SOMMARIVA PERNO","ISTAT_COMUNE_CENTR":"4223","COMUNE_CENTR":"SOMMARIVA PERNO","PROVINCIA_CENTR":"CN","INDIRIZZO_CENTRALE":"ROMA N.12","LATITUDINE_SEZIONE":"44.72894","LONGITUDINE_SEZIONE":"7.89787","POS_X_SEZIONE":"412726.80585","POS_Y_SEZIONE":"4953430.73588","LATITUDINE_CENTRALE":"44.74487","LONGITUDINE_CENTRALE":"7.90304","POS_X_CENTRALE":"413159.95241","POS_Y_CENTRALE":"4955194.28801","TIPO_ADSL":"ADSL_1","DESCRIZIONE_TIPO_ADSL":"ADSL (8 mega)","DISTANZA_CALCOLATA":"1815.97","CLASSE_DISTANZA":"1700-2099","POTENZA_SEGNALE":"6874.88","POPOLAZIONE_SEZIONE": "22"}
			},
		 		{ "type" : "Feature",
				"geometry" : {
					"type" : "Point",
					"coordinates" : [7.91577,44.72651]},
			"properties" : { "ANNO":"2010","ID_SEZIONE":"5010","ISTAT_COMUNE_SEZ":"4223","COMUNE_SEZ":"SOMMARIVA PERNO","PROVINCIA":"CN","ID_CENTRALE":"1356","NOME_CENTRALE":"SOMMARIVA PERNO","ISTAT_COMUNE_CENTR":"4223","COMUNE_CENTR":"SOMMARIVA PERNO","PROVINCIA_CENTR":"CN","INDIRIZZO_CENTRALE":"ROMA N.12","LATITUDINE_SEZIONE":"44.72651","LONGITUDINE_SEZIONE":"7.91577","POS_X_SEZIONE":"414140.45628","POS_Y_SEZIONE":"4953141.75386","LATITUDINE_CENTRALE":"44.74487","LONGITUDINE_CENTRALE":"7.90304","POS_X_CENTRALE":"413159.95241","POS_Y_CENTRALE":"4955194.28801","TIPO_ADSL":"ADSL_1","DESCRIZIONE_TIPO_ADSL":"ADSL (8 mega)","DISTANZA_CALCOLATA":"2274.71","CLASSE_DISTANZA":"2100-2499","POTENZA_SEGNALE":"6500.38","POPOLAZIONE_SEZIONE": "27"}
			},
		 		{ "type" : "Feature",
				"geometry" : {
					"type" : "Point",
					"coordinates" : [7.91344,44.72923]},
			"properties" : { "ANNO":"2010","ID_SEZIONE":"5960","ISTAT_COMUNE_SEZ":"4223","COMUNE_SEZ":"SOMMARIVA PERNO","PROVINCIA":"CN","ID_CENTRALE":"1356","NOME_CENTRALE":"SOMMARIVA PERNO","ISTAT_COMUNE_CENTR":"4223","COMUNE_CENTR":"SOMMARIVA PERNO","PROVINCIA_CENTR":"CN","INDIRIZZO_CENTRALE":"ROMA N.12","LATITUDINE_SEZIONE":"44.72923","LONGITUDINE_SEZIONE":"7.91344","POS_X_SEZIONE":"413959.76482","POS_Y_SEZIONE":"4953445.75438","LATITUDINE_CENTRALE":"44.74487","LONGITUDINE_CENTRALE":"7.90304","POS_X_CENTRALE":"413159.95241","POS_Y_CENTRALE":"4955194.28801","TIPO_ADSL":"ADSL_1","DESCRIZIONE_TIPO_ADSL":"ADSL (8 mega)","DISTANZA_CALCOLATA":"1922.78","CLASSE_DISTANZA":"1700-2099","POTENZA_SEGNALE":"6874.88","POPOLAZIONE_SEZIONE": "42"}
			},
		 		{ "type" : "Feature",
				"geometry" : {
					"type" : "Point",
					"coordinates" : [7.89908,44.73234]},
			"properties" : { "ANNO":"2010","ID_SEZIONE":"6452","ISTAT_COMUNE_SEZ":"4223","COMUNE_SEZ":"SOMMARIVA PERNO","PROVINCIA":"CN","ID_CENTRALE":"1356","NOME_CENTRALE":"SOMMARIVA PERNO","ISTAT_COMUNE_CENTR":"4223","COMUNE_CENTR":"SOMMARIVA PERNO","PROVINCIA_CENTR":"CN","INDIRIZZO_CENTRALE":"ROMA N.12","LATITUDINE_SEZIONE":"44.73234","LONGITUDINE_SEZIONE":"7.89908","POS_X_SEZIONE":"412827.17372","POS_Y_SEZIONE":"4953807.24123","LATITUDINE_CENTRALE":"44.74487","LONGITUDINE_CENTRALE":"7.90304","POS_X_CENTRALE":"413159.95241","POS_Y_CENTRALE":"4955194.28801","TIPO_ADSL":"ADSL_1","DESCRIZIONE_TIPO_ADSL":"ADSL (8 mega)","DISTANZA_CALCOLATA":"1426.41","CLASSE_DISTANZA":"1300-1699","POTENZA_SEGNALE":"7000","POPOLAZIONE_SEZIONE": "37"}
			},
		 		{ "type" : "Feature",
				"geometry" : {
					"type" : "Point",
					"coordinates" : [7.91079,44.73914]},
			"properties" : { "ANNO":"2010","ID_SEZIONE":"8175","ISTAT_COMUNE_SEZ":"4223","COMUNE_SEZ":"SOMMARIVA PERNO","PROVINCIA":"CN","ID_CENTRALE":"1356","NOME_CENTRALE":"SOMMARIVA PERNO","ISTAT_COMUNE_CENTR":"4223","COMUNE_CENTR":"SOMMARIVA PERNO","PROVINCIA_CENTR":"CN","INDIRIZZO_CENTRALE":"ROMA N.12","LATITUDINE_SEZIONE":"44.73914","LONGITUDINE_SEZIONE":"7.91079","POS_X_SEZIONE":"413765.06095","POS_Y_SEZIONE":"4954550.26279","LATITUDINE_CENTRALE":"44.74487","LONGITUDINE_CENTRALE":"7.90304","POS_X_CENTRALE":"413159.95241","POS_Y_CENTRALE":"4955194.28801","TIPO_ADSL":"ADSL_1","DESCRIZIONE_TIPO_ADSL":"ADSL (8 mega)","DISTANZA_CALCOLATA":"883.70","CLASSE_DISTANZA":"500-899","POTENZA_SEGNALE":"7000","POPOLAZIONE_SEZIONE": "29"}
			},
		 		{ "type" : "Feature",
				"geometry" : {
					"type" : "Point",
					"coordinates" : [7.86858,44.75684]},
			"properties" : { "ANNO":"2010","ID_SEZIONE":"10243","ISTAT_COMUNE_SEZ":"4223","COMUNE_SEZ":"SOMMARIVA PERNO","PROVINCIA":"CN","ID_CENTRALE":"1356","NOME_CENTRALE":"SOMMARIVA PERNO","ISTAT_COMUNE_CENTR":"4223","COMUNE_CENTR":"SOMMARIVA PERNO","PROVINCIA_CENTR":"CN","INDIRIZZO_CENTRALE":"ROMA N.12","LATITUDINE_SEZIONE":"44.75684","LONGITUDINE_SEZIONE":"7.86858","POS_X_SEZIONE":"410450.40674","POS_Y_SEZIONE":"4956561.73569","LATITUDINE_CENTRALE":"44.74487","LONGITUDINE_CENTRALE":"7.90304","POS_X_CENTRALE":"413159.95241","POS_Y_CENTRALE":"4955194.28801","TIPO_ADSL":"ADSL_1","DESCRIZIONE_TIPO_ADSL":"ADSL (8 mega)","DISTANZA_CALCOLATA":"3035.05","CLASSE_DISTANZA":"2900-3299","POTENZA_SEGNALE":"4999.75","POPOLAZIONE_SEZIONE": ""}
			},
		 		{ "type" : "Feature",
				"geometry" : {
					"type" : "Point",
					"coordinates" : [7.89383,44.75264]},
			"properties" : { "ANNO":"2010","ID_SEZIONE":"10245","ISTAT_COMUNE_SEZ":"4223","COMUNE_SEZ":"SOMMARIVA PERNO","PROVINCIA":"CN","ID_CENTRALE":"1356","NOME_CENTRALE":"SOMMARIVA PERNO","ISTAT_COMUNE_CENTR":"4223","COMUNE_CENTR":"SOMMARIVA PERNO","PROVINCIA_CENTR":"CN","INDIRIZZO_CENTRALE":"ROMA N.12","LATITUDINE_SEZIONE":"44.75264","LONGITUDINE_SEZIONE":"7.89383","POS_X_SEZIONE":"412442.64277","POS_Y_SEZIONE":"4956067.25889","LATITUDINE_CENTRALE":"44.74487","LONGITUDINE_CENTRALE":"7.90304","POS_X_CENTRALE":"413159.95241","POS_Y_CENTRALE":"4955194.28801","TIPO_ADSL":"ADSL_1","DESCRIZIONE_TIPO_ADSL":"ADSL (8 mega)","DISTANZA_CALCOLATA":"1129.87","CLASSE_DISTANZA":"900-1299","POTENZA_SEGNALE":"7000","POPOLAZIONE_SEZIONE": "100"}
			},
		 		{ "type" : "Feature",
				"geometry" : {
					"type" : "Point",
					"coordinates" : [7.91590,44.74387]},
			"properties" : { "ANNO":"2010","ID_SEZIONE":"12406","ISTAT_COMUNE_SEZ":"4223","COMUNE_SEZ":"SOMMARIVA PERNO","PROVINCIA":"CN","ID_CENTRALE":"1356","NOME_CENTRALE":"SOMMARIVA PERNO","ISTAT_COMUNE_CENTR":"4223","COMUNE_CENTR":"SOMMARIVA PERNO","PROVINCIA_CENTR":"CN","INDIRIZZO_CENTRALE":"ROMA N.12","LATITUDINE_SEZIONE":"44.74387","LONGITUDINE_SEZIONE":"7.91590","POS_X_SEZIONE":"414176.57941","POS_Y_SEZIONE":"4955069.27463","LATITUDINE_CENTRALE":"44.74487","LONGITUDINE_CENTRALE":"7.90304","POS_X_CENTRALE":"413159.95241","POS_Y_CENTRALE":"4955194.28801","TIPO_ADSL":"ADSL_1","DESCRIZIONE_TIPO_ADSL":"ADSL (8 mega)","DISTANZA_CALCOLATA":"1024.28","CLASSE_DISTANZA":"900-1299","POTENZA_SEGNALE":"7000","POPOLAZIONE_SEZIONE": "24"}
			},
		 		{ "type" : "Feature",
				"geometry" : {
					"type" : "Point",
					"coordinates" : [7.92743,44.73907]},
			"properties" : { "ANNO":"2010","ID_SEZIONE":"14365","ISTAT_COMUNE_SEZ":"4223","COMUNE_SEZ":"SOMMARIVA PERNO","PROVINCIA":"CN","ID_CENTRALE":"1356","NOME_CENTRALE":"SOMMARIVA PERNO","ISTAT_COMUNE_CENTR":"4223","COMUNE_CENTR":"SOMMARIVA PERNO","PROVINCIA_CENTR":"CN","INDIRIZZO_CENTRALE":"ROMA N.12","LATITUDINE_SEZIONE":"44.73907","LONGITUDINE_SEZIONE":"7.92743","POS_X_SEZIONE":"415081.95567","POS_Y_SEZIONE":"4954524.78311","LATITUDINE_CENTRALE":"44.74487","LONGITUDINE_CENTRALE":"7.90304","POS_X_CENTRALE":"413159.95241","POS_Y_CENTRALE":"4955194.28801","TIPO_ADSL":"ADSL_1","DESCRIZIONE_TIPO_ADSL":"ADSL (8 mega)","DISTANZA_CALCOLATA":"2035.27","CLASSE_DISTANZA":"1700-2099","POTENZA_SEGNALE":"6874.88","POPOLAZIONE_SEZIONE": "2"}
			},
		 		{ "type" : "Feature",
				"geometry" : {
					"type" : "Point",
					"coordinates" : [7.89559,44.75467]},
			"properties" : { "ANNO":"2010","ID_SEZIONE":"15391","ISTAT_COMUNE_SEZ":"4223","COMUNE_SEZ":"SOMMARIVA PERNO","PROVINCIA":"CN","ID_CENTRALE":"1356","NOME_CENTRALE":"SOMMARIVA PERNO","ISTAT_COMUNE_CENTR":"4223","COMUNE_CENTR":"SOMMARIVA PERNO","PROVINCIA_CENTR":"CN","INDIRIZZO_CENTRALE":"ROMA N.12","LATITUDINE_SEZIONE":"44.75467","LONGITUDINE_SEZIONE":"7.89559","POS_X_SEZIONE":"412584.82671","POS_Y_SEZIONE":"4956291.26504","LATITUDINE_CENTRALE":"44.74487","LONGITUDINE_CENTRALE":"7.90304","POS_X_CENTRALE":"413159.95241","POS_Y_CENTRALE":"4955194.28801","TIPO_ADSL":"ADSL_1","DESCRIZIONE_TIPO_ADSL":"ADSL (8 mega)","DISTANZA_CALCOLATA":"1238.6","CLASSE_DISTANZA":"900-1299","POTENZA_SEGNALE":"7000","POPOLAZIONE_SEZIONE": ""}
			},
		 		{ "type" : "Feature",
				"geometry" : {
					"type" : "Point",
					"coordinates" : [7.92143,44.74086]},
			"properties" : { "ANNO":"2010","ID_SEZIONE":"15607","ISTAT_COMUNE_SEZ":"4223","COMUNE_SEZ":"SOMMARIVA PERNO","PROVINCIA":"CN","ID_CENTRALE":"1356","NOME_CENTRALE":"SOMMARIVA PERNO","ISTAT_COMUNE_CENTR":"4223","COMUNE_CENTR":"SOMMARIVA PERNO","PROVINCIA_CENTR":"CN","INDIRIZZO_CENTRALE":"ROMA N.12","LATITUDINE_SEZIONE":"44.74086","LONGITUDINE_SEZIONE":"7.92143","POS_X_SEZIONE":"414609.92546","POS_Y_SEZIONE":"4954729.27796","LATITUDINE_CENTRALE":"44.74487","LONGITUDINE_CENTRALE":"7.90304","POS_X_CENTRALE":"413159.95241","POS_Y_CENTRALE":"4955194.28801","TIPO_ADSL":"ADSL_1","DESCRIZIONE_TIPO_ADSL":"ADSL (8 mega)","DISTANZA_CALCOLATA":"1522.71","CLASSE_DISTANZA":"1300-1699","POTENZA_SEGNALE":"7000","POPOLAZIONE_SEZIONE": "31"}
			},
		 		{ "type" : "Feature",
				"geometry" : {
					"type" : "Point",
					"coordinates" : [7.90931,44.72413]},
			"properties" : { "ANNO":"2010","ID_SEZIONE":"15608","ISTAT_COMUNE_SEZ":"4223","COMUNE_SEZ":"SOMMARIVA PERNO","PROVINCIA":"CN","ID_CENTRALE":"1356","NOME_CENTRALE":"SOMMARIVA PERNO","ISTAT_COMUNE_CENTR":"4223","COMUNE_CENTR":"SOMMARIVA PERNO","PROVINCIA_CENTR":"CN","INDIRIZZO_CENTRALE":"ROMA N.12","LATITUDINE_SEZIONE":"44.72413","LONGITUDINE_SEZIONE":"7.90931","POS_X_SEZIONE":"413625.21481","POS_Y_SEZIONE":"4952884.24346","LATITUDINE_CENTRALE":"44.74487","LONGITUDINE_CENTRALE":"7.90304","POS_X_CENTRALE":"413159.95241","POS_Y_CENTRALE":"4955194.28801","TIPO_ADSL":"ADSL_1","DESCRIZIONE_TIPO_ADSL":"ADSL (8 mega)","DISTANZA_CALCOLATA":"2356.43","CLASSE_DISTANZA":"2100-2499","POTENZA_SEGNALE":"6500.38","POPOLAZIONE_SEZIONE": "13"}
			},
		 		{ "type" : "Feature",
				"geometry" : {
					"type" : "Point",
					"coordinates" : [7.88591,44.74836]},
			"properties" : { "ANNO":"2010","ID_SEZIONE":"16412","ISTAT_COMUNE_SEZ":"4223","COMUNE_SEZ":"SOMMARIVA PERNO","PROVINCIA":"CN","ID_CENTRALE":"1356","NOME_CENTRALE":"SOMMARIVA PERNO","ISTAT_COMUNE_CENTR":"4223","COMUNE_CENTR":"SOMMARIVA PERNO","PROVINCIA_CENTR":"CN","INDIRIZZO_CENTRALE":"ROMA N.12","LATITUDINE_SEZIONE":"44.74836","LONGITUDINE_SEZIONE":"7.88591","POS_X_SEZIONE":"411809.09295","POS_Y_SEZIONE":"4955600.74343","LATITUDINE_CENTRALE":"44.74487","LONGITUDINE_CENTRALE":"7.90304","POS_X_CENTRALE":"413159.95241","POS_Y_CENTRALE":"4955194.28801","TIPO_ADSL":"ADSL_1","DESCRIZIONE_TIPO_ADSL":"ADSL (8 mega)","DISTANZA_CALCOLATA":"1410.68","CLASSE_DISTANZA":"1300-1699","POTENZA_SEGNALE":"7000","POPOLAZIONE_SEZIONE": "36"}
			},
		 		{ "type" : "Feature",
				"geometry" : {
					"type" : "Point",
					"coordinates" : [7.91022,44.73567]},
			"properties" : { "ANNO":"2010","ID_SEZIONE":"17661","ISTAT_COMUNE_SEZ":"4223","COMUNE_SEZ":"SOMMARIVA PERNO","PROVINCIA":"CN","ID_CENTRALE":"1356","NOME_CENTRALE":"SOMMARIVA PERNO","ISTAT_COMUNE_CENTR":"4223","COMUNE_CENTR":"SOMMARIVA PERNO","PROVINCIA_CENTR":"CN","INDIRIZZO_CENTRALE":"ROMA N.12","LATITUDINE_SEZIONE":"44.73567","LONGITUDINE_SEZIONE":"7.91022","POS_X_SEZIONE":"413714.22396","POS_Y_SEZIONE":"4954165.25825","LATITUDINE_CENTRALE":"44.74487","LONGITUDINE_CENTRALE":"7.90304","POS_X_CENTRALE":"413159.95241","POS_Y_CENTRALE":"4955194.28801","TIPO_ADSL":"ADSL_1","DESCRIZIONE_TIPO_ADSL":"ADSL (8 mega)","DISTANZA_CALCOLATA":"1168.81","CLASSE_DISTANZA":"900-1299","POTENZA_SEGNALE":"7000","POPOLAZIONE_SEZIONE": "15"}
			},
		 		{ "type" : "Feature",
				"geometry" : {
					"type" : "Point",
					"coordinates" : [7.91803,44.72881]},
			"properties" : { "ANNO":"2010","ID_SEZIONE":"17662","ISTAT_COMUNE_SEZ":"4223","COMUNE_SEZ":"SOMMARIVA PERNO","PROVINCIA":"CN","ID_CENTRALE":"1356","NOME_CENTRALE":"SOMMARIVA PERNO","ISTAT_COMUNE_CENTR":"4223","COMUNE_CENTR":"SOMMARIVA PERNO","PROVINCIA_CENTR":"CN","INDIRIZZO_CENTRALE":"ROMA N.12","LATITUDINE_SEZIONE":"44.72881","LONGITUDINE_SEZIONE":"7.91803","POS_X_SEZIONE":"414322.88751","POS_Y_SEZIONE":"4953394.75918","LATITUDINE_CENTRALE":"44.74487","LONGITUDINE_CENTRALE":"7.90304","POS_X_CENTRALE":"413159.95241","POS_Y_CENTRALE":"4955194.28801","TIPO_ADSL":"ADSL_1","DESCRIZIONE_TIPO_ADSL":"ADSL (8 mega)","DISTANZA_CALCOLATA":"2142.6","CLASSE_DISTANZA":"2100-2499","POTENZA_SEGNALE":"6500.38","POPOLAZIONE_SEZIONE": "18"}
			},
		 		{ "type" : "Feature",
				"geometry" : {
					"type" : "Point",
					"coordinates" : [7.90469,44.73935]},
			"properties" : { "ANNO":"2010","ID_SEZIONE":"20031","ISTAT_COMUNE_SEZ":"4223","COMUNE_SEZ":"SOMMARIVA PERNO","PROVINCIA":"CN","ID_CENTRALE":"1356","NOME_CENTRALE":"SOMMARIVA PERNO","ISTAT_COMUNE_CENTR":"4223","COMUNE_CENTR":"SOMMARIVA PERNO","PROVINCIA_CENTR":"CN","INDIRIZZO_CENTRALE":"ROMA N.12","LATITUDINE_SEZIONE":"44.73935","LONGITUDINE_SEZIONE":"7.90469","POS_X_SEZIONE":"413282.40777","POS_Y_SEZIONE":"4954579.25582","LATITUDINE_CENTRALE":"44.74487","LONGITUDINE_CENTRALE":"7.90304","POS_X_CENTRALE":"413159.95241","POS_Y_CENTRALE":"4955194.28801","TIPO_ADSL":"ADSL_1","DESCRIZIONE_TIPO_ADSL":"ADSL (8 mega)","DISTANZA_CALCOLATA":"627.10","CLASSE_DISTANZA":"500-899","POTENZA_SEGNALE":"7000","POPOLAZIONE_SEZIONE": "25"}
			},
		 		{ "type" : "Feature",
				"geometry" : {
					"type" : "Point",
					"coordinates" : [7.90079,44.73796]},
			"properties" : { "ANNO":"2010","ID_SEZIONE":"22656","ISTAT_COMUNE_SEZ":"4223","COMUNE_SEZ":"SOMMARIVA PERNO","PROVINCIA":"CN","ID_CENTRALE":"1356","NOME_CENTRALE":"SOMMARIVA PERNO","ISTAT_COMUNE_CENTR":"4223","COMUNE_CENTR":"SOMMARIVA PERNO","PROVINCIA_CENTR":"CN","INDIRIZZO_CENTRALE":"ROMA N.12","LATITUDINE_SEZIONE":"44.73796","LONGITUDINE_SEZIONE":"7.90079","POS_X_SEZIONE":"412971.44457","POS_Y_SEZIONE":"4954429.24955","LATITUDINE_CENTRALE":"44.74487","LONGITUDINE_CENTRALE":"7.90304","POS_X_CENTRALE":"413159.95241","POS_Y_CENTRALE":"4955194.28801","TIPO_ADSL":"ADSL_1","DESCRIZIONE_TIPO_ADSL":"ADSL (8 mega)","DISTANZA_CALCOLATA":"787.92","CLASSE_DISTANZA":"500-899","POTENZA_SEGNALE":"7000","POPOLAZIONE_SEZIONE": "13"}
			},
		 		{ "type" : "Feature",
				"geometry" : {
					"type" : "Point",
					"coordinates" : [7.88524,44.72509]},
			"properties" : { "ANNO":"2010","ID_SEZIONE":"22879","ISTAT_COMUNE_SEZ":"4170","COMUNE_SEZ":"POCAPAGLIA","PROVINCIA":"CN","ID_CENTRALE":"1356","NOME_CENTRALE":"SOMMARIVA PERNO","ISTAT_COMUNE_CENTR":"4223","COMUNE_CENTR":"SOMMARIVA PERNO","PROVINCIA_CENTR":"CN","INDIRIZZO_CENTRALE":"ROMA N.12","LATITUDINE_SEZIONE":"44.72509","LONGITUDINE_SEZIONE":"7.88524","POS_X_SEZIONE":"411720.50824","POS_Y_SEZIONE":"4953016.21658","LATITUDINE_CENTRALE":"44.74487","LONGITUDINE_CENTRALE":"7.90304","POS_X_CENTRALE":"413159.95241","POS_Y_CENTRALE":"4955194.28801","TIPO_ADSL":"ADSL_1","DESCRIZIONE_TIPO_ADSL":"ADSL (8 mega)","DISTANZA_CALCOLATA":"2610.75","CLASSE_DISTANZA":"2500-2899","POTENZA_SEGNALE":"5749.63","POPOLAZIONE_SEZIONE": "11"}
			},
		 		{ "type" : "Feature",
				"geometry" : {
					"type" : "Point",
					"coordinates" : [7.91770,44.74171]},
			"properties" : { "ANNO":"2010","ID_SEZIONE":"23103","ISTAT_COMUNE_SEZ":"4223","COMUNE_SEZ":"SOMMARIVA PERNO","PROVINCIA":"CN","ID_CENTRALE":"1356","NOME_CENTRALE":"SOMMARIVA PERNO","ISTAT_COMUNE_CENTR":"4223","COMUNE_CENTR":"SOMMARIVA PERNO","PROVINCIA_CENTR":"CN","INDIRIZZO_CENTRALE":"ROMA N.12","LATITUDINE_SEZIONE":"44.74171","LONGITUDINE_SEZIONE":"7.91770","POS_X_SEZIONE":"414316.01954","POS_Y_SEZIONE":"4954827.77447","LATITUDINE_CENTRALE":"44.74487","LONGITUDINE_CENTRALE":"7.90304","POS_X_CENTRALE":"413159.95241","POS_Y_CENTRALE":"4955194.28801","TIPO_ADSL":"ADSL_1","DESCRIZIONE_TIPO_ADSL":"ADSL (8 mega)","DISTANZA_CALCOLATA":"1212.78","CLASSE_DISTANZA":"900-1299","POTENZA_SEGNALE":"7000","POPOLAZIONE_SEZIONE": "125"}
			},
		 		{ "type" : "Feature",
				"geometry" : {
					"type" : "Point",
					"coordinates" : [7.90236,44.74912]},
			"properties" : { "ANNO":"2010","ID_SEZIONE":"24489","ISTAT_COMUNE_SEZ":"4223","COMUNE_SEZ":"SOMMARIVA PERNO","PROVINCIA":"CN","ID_CENTRALE":"1356","NOME_CENTRALE":"SOMMARIVA PERNO","ISTAT_COMUNE_CENTR":"4223","COMUNE_CENTR":"SOMMARIVA PERNO","PROVINCIA_CENTR":"CN","INDIRIZZO_CENTRALE":"ROMA N.12","LATITUDINE_SEZIONE":"44.74912","LONGITUDINE_SEZIONE":"7.90236","POS_X_SEZIONE":"413112.26556","POS_Y_SEZIONE":"4955667.76321","LATITUDINE_CENTRALE":"44.74487","LONGITUDINE_CENTRALE":"7.90304","POS_X_CENTRALE":"413159.95241","POS_Y_CENTRALE":"4955194.28801","TIPO_ADSL":"ADSL_1","DESCRIZIONE_TIPO_ADSL":"ADSL (8 mega)","DISTANZA_CALCOLATA":"475.87","CLASSE_DISTANZA":"100-499","POTENZA_SEGNALE":"7000","POPOLAZIONE_SEZIONE": "50"}
			},
		 		{ "type" : "Feature",
				"geometry" : {
					"type" : "Point",
					"coordinates" : [7.89088,44.74894]},
			"properties" : { "ANNO":"2010","ID_SEZIONE":"24743","ISTAT_COMUNE_SEZ":"4223","COMUNE_SEZ":"SOMMARIVA PERNO","PROVINCIA":"CN","ID_CENTRALE":"1356","NOME_CENTRALE":"SOMMARIVA PERNO","ISTAT_COMUNE_CENTR":"4223","COMUNE_CENTR":"SOMMARIVA PERNO","PROVINCIA_CENTR":"CN","INDIRIZZO_CENTRALE":"ROMA N.12","LATITUDINE_SEZIONE":"44.74894","LONGITUDINE_SEZIONE":"7.89088","POS_X_SEZIONE":"412203.11944","POS_Y_SEZIONE":"4955659.25019","LATITUDINE_CENTRALE":"44.74487","LONGITUDINE_CENTRALE":"7.90304","POS_X_CENTRALE":"413159.95241","POS_Y_CENTRALE":"4955194.28801","TIPO_ADSL":"ADSL_1","DESCRIZIONE_TIPO_ADSL":"ADSL (8 mega)","DISTANZA_CALCOLATA":"1063.82","CLASSE_DISTANZA":"900-1299","POTENZA_SEGNALE":"7000","POPOLAZIONE_SEZIONE": "21"}
			},
		 		{ "type" : "Feature",
				"geometry" : {
					"type" : "Point",
					"coordinates" : [7.91508,44.74202]},
			"properties" : { "ANNO":"2010","ID_SEZIONE":"31025","ISTAT_COMUNE_SEZ":"4223","COMUNE_SEZ":"SOMMARIVA PERNO","PROVINCIA":"CN","ID_CENTRALE":"1356","NOME_CENTRALE":"SOMMARIVA PERNO","ISTAT_COMUNE_CENTR":"4223","COMUNE_CENTR":"SOMMARIVA PERNO","PROVINCIA_CENTR":"CN","INDIRIZZO_CENTRALE":"ROMA N.12","LATITUDINE_SEZIONE":"44.74202","LONGITUDINE_SEZIONE":"7.91508","POS_X_SEZIONE":"414108.61449","POS_Y_SEZIONE":"4954864.77159","LATITUDINE_CENTRALE":"44.74487","LONGITUDINE_CENTRALE":"7.90304","POS_X_CENTRALE":"413159.95241","POS_Y_CENTRALE":"4955194.28801","TIPO_ADSL":"ADSL_1","DESCRIZIONE_TIPO_ADSL":"ADSL (8 mega)","DISTANZA_CALCOLATA":"1004.26","CLASSE_DISTANZA":"900-1299","POTENZA_SEGNALE":"7000","POPOLAZIONE_SEZIONE": "22"}
			},
		 		{ "type" : "Feature",
				"geometry" : {
					"type" : "Point",
					"coordinates" : [7.89432,44.74164]},
			"properties" : { "ANNO":"2010","ID_SEZIONE":"32478","ISTAT_COMUNE_SEZ":"4223","COMUNE_SEZ":"SOMMARIVA PERNO","PROVINCIA":"CN","ID_CENTRALE":"1356","NOME_CENTRALE":"SOMMARIVA PERNO","ISTAT_COMUNE_CENTR":"4223","COMUNE_CENTR":"SOMMARIVA PERNO","PROVINCIA_CENTR":"CN","INDIRIZZO_CENTRALE":"ROMA N.12","LATITUDINE_SEZIONE":"44.74164","LONGITUDINE_SEZIONE":"7.89432","POS_X_SEZIONE":"412464.37973","POS_Y_SEZIONE":"4954844.74574","LATITUDINE_CENTRALE":"44.74487","LONGITUDINE_CENTRALE":"7.90304","POS_X_CENTRALE":"413159.95241","POS_Y_CENTRALE":"4955194.28801","TIPO_ADSL":"ADSL_1","DESCRIZIONE_TIPO_ADSL":"ADSL (8 mega)","DISTANZA_CALCOLATA":"778.46","CLASSE_DISTANZA":"500-899","POTENZA_SEGNALE":"7000","POPOLAZIONE_SEZIONE": "23"}
			},
		 		{ "type" : "Feature",
				"geometry" : {
					"type" : "Point",
					"coordinates" : [7.87823,44.74735]},
			"properties" : { "ANNO":"2010","ID_SEZIONE":"32876","ISTAT_COMUNE_SEZ":"4223","COMUNE_SEZ":"SOMMARIVA PERNO","PROVINCIA":"CN","ID_CENTRALE":"1356","NOME_CENTRALE":"SOMMARIVA PERNO","ISTAT_COMUNE_CENTR":"4223","COMUNE_CENTR":"SOMMARIVA PERNO","PROVINCIA_CENTR":"CN","INDIRIZZO_CENTRALE":"ROMA N.12","LATITUDINE_SEZIONE":"44.74735","LONGITUDINE_SEZIONE":"7.87823","POS_X_SEZIONE":"411199.78684","POS_Y_SEZIONE":"4955497.23291","LATITUDINE_CENTRALE":"44.74487","LONGITUDINE_CENTRALE":"7.90304","POS_X_CENTRALE":"413159.95241","POS_Y_CENTRALE":"4955194.28801","TIPO_ADSL":"ADSL_1","DESCRIZIONE_TIPO_ADSL":"ADSL (8 mega)","DISTANZA_CALCOLATA":"1983.44","CLASSE_DISTANZA":"1700-2099","POTENZA_SEGNALE":"6874.88","POPOLAZIONE_SEZIONE": ""}
			}
		 		]
	}
		