 	{ "type" : "FeatureCollection",
		"features" : [
		 		{ "type" : "Feature",
				"geometry" : {
					"type" : "Point",
					"coordinates" : [8.33993,44.68358]},
			"properties" : { "ANNO":"2010","ID_SEZIONE":"4043","ISTAT_COMUNE_SEZ":"5105","COMUNE_SEZ":"SESSAME","PROVINCIA":"AT","ID_CENTRALE":"1337","NOME_CENTRALE":"SESSAME","ISTAT_COMUNE_CENTR":"5105","COMUNE_CENTR":"SESSAME","PROVINCIA_CENTR":"AT","INDIRIZZO_CENTRALE":"PIAZZA MARTIRI LIBERAZ.","LATITUDINE_SEZIONE":"44.68358","LONGITUDINE_SEZIONE":"8.33993","POS_X_SEZIONE":"447690.92133","POS_Y_SEZIONE":"4948013.43437","LATITUDINE_CENTRALE":"44.66855","LONGITUDINE_CENTRALE":"8.33688","POS_X_CENTRALE":"447435.22554","POS_Y_CENTRALE":"4946345.64952","TIPO_ADSL":"ADSL_M","DESCRIZIONE_TIPO_ADSL":"ADSL Mini","DISTANZA_CALCOLATA":"1687.27","CLASSE_DISTANZA":"1300-1699","POTENZA_SEGNALE":"0.64","POPOLAZIONE_SEZIONE": "64"}
			},
		 		{ "type" : "Feature",
				"geometry" : {
					"type" : "Point",
					"coordinates" : [8.33493,44.65881]},
			"properties" : { "ANNO":"2010","ID_SEZIONE":"13767","ISTAT_COMUNE_SEZ":"5105","COMUNE_SEZ":"SESSAME","PROVINCIA":"AT","ID_CENTRALE":"1337","NOME_CENTRALE":"SESSAME","ISTAT_COMUNE_CENTR":"5105","COMUNE_CENTR":"SESSAME","PROVINCIA_CENTR":"AT","INDIRIZZO_CENTRALE":"PIAZZA MARTIRI LIBERAZ.","LATITUDINE_SEZIONE":"44.65881","LONGITUDINE_SEZIONE":"8.33493","POS_X_SEZIONE":"447272.06489","POS_Y_SEZIONE":"4945264.41728","LATITUDINE_CENTRALE":"44.66855","LONGITUDINE_CENTRALE":"8.33688","POS_X_CENTRALE":"447435.22554","POS_Y_CENTRALE":"4946345.64952","TIPO_ADSL":"ADSL_M","DESCRIZIONE_TIPO_ADSL":"ADSL Mini","DISTANZA_CALCOLATA":"1093.47","CLASSE_DISTANZA":"900-1299","POTENZA_SEGNALE":"0.64","POPOLAZIONE_SEZIONE": "23"}
			},
		 		{ "type" : "Feature",
				"geometry" : {
					"type" : "Point",
					"coordinates" : [8.34336,44.66566]},
			"properties" : { "ANNO":"2010","ID_SEZIONE":"20229","ISTAT_COMUNE_SEZ":"5105","COMUNE_SEZ":"SESSAME","PROVINCIA":"AT","ID_CENTRALE":"1337","NOME_CENTRALE":"SESSAME","ISTAT_COMUNE_CENTR":"5105","COMUNE_CENTR":"SESSAME","PROVINCIA_CENTR":"AT","INDIRIZZO_CENTRALE":"PIAZZA MARTIRI LIBERAZ.","LATITUDINE_SEZIONE":"44.66566","LONGITUDINE_SEZIONE":"8.34336","POS_X_SEZIONE":"447946.95359","POS_Y_SEZIONE":"4946019.91987","LATITUDINE_CENTRALE":"44.66855","LONGITUDINE_CENTRALE":"8.33688","POS_X_CENTRALE":"447435.22554","POS_Y_CENTRALE":"4946345.64952","TIPO_ADSL":"ADSL_M","DESCRIZIONE_TIPO_ADSL":"ADSL Mini","DISTANZA_CALCOLATA":"606.60","CLASSE_DISTANZA":"500-899","POTENZA_SEGNALE":"0.64","POPOLAZIONE_SEZIONE": "67"}
			},
		 		{ "type" : "Feature",
				"geometry" : {
					"type" : "Point",
					"coordinates" : [8.33047,44.66855]},
			"properties" : { "ANNO":"2010","ID_SEZIONE":"23988","ISTAT_COMUNE_SEZ":"5105","COMUNE_SEZ":"SESSAME","PROVINCIA":"AT","ID_CENTRALE":"1337","NOME_CENTRALE":"SESSAME","ISTAT_COMUNE_CENTR":"5105","COMUNE_CENTR":"SESSAME","PROVINCIA_CENTR":"AT","INDIRIZZO_CENTRALE":"PIAZZA MARTIRI LIBERAZ.","LATITUDINE_SEZIONE":"44.66855","LONGITUDINE_SEZIONE":"8.33047","POS_X_SEZIONE":"446927.35474","POS_Y_SEZIONE":"4946349.42720","LATITUDINE_CENTRALE":"44.66855","LONGITUDINE_CENTRALE":"8.33688","POS_X_CENTRALE":"447435.22554","POS_Y_CENTRALE":"4946345.64952","TIPO_ADSL":"ADSL_M","DESCRIZIONE_TIPO_ADSL":"ADSL Mini","DISTANZA_CALCOLATA":"507.88","CLASSE_DISTANZA":"500-899","POTENZA_SEGNALE":"0.64","POPOLAZIONE_SEZIONE": "22"}
			},
		 		{ "type" : "Feature",
				"geometry" : {
					"type" : "Point",
					"coordinates" : [8.33765,44.67652]},
			"properties" : { "ANNO":"2010","ID_SEZIONE":"24315","ISTAT_COMUNE_SEZ":"5105","COMUNE_SEZ":"SESSAME","PROVINCIA":"AT","ID_CENTRALE":"1337","NOME_CENTRALE":"SESSAME","ISTAT_COMUNE_CENTR":"5105","COMUNE_CENTR":"SESSAME","PROVINCIA_CENTR":"AT","INDIRIZZO_CENTRALE":"PIAZZA MARTIRI LIBERAZ.","LATITUDINE_SEZIONE":"44.67652","LONGITUDINE_SEZIONE":"8.33765","POS_X_SEZIONE":"447503.93433","POS_Y_SEZIONE":"4947230.43021","LATITUDINE_CENTRALE":"44.66855","LONGITUDINE_CENTRALE":"8.33688","POS_X_CENTRALE":"447435.22554","POS_Y_CENTRALE":"4946345.64952","TIPO_ADSL":"ADSL_M","DESCRIZIONE_TIPO_ADSL":"ADSL Mini","DISTANZA_CALCOLATA":"887.44","CLASSE_DISTANZA":"500-899","POTENZA_SEGNALE":"0.64","POPOLAZIONE_SEZIONE": "24"}
			},
		 		{ "type" : "Feature",
				"geometry" : {
					"type" : "Point",
					"coordinates" : [8.34784,44.66066]},
			"properties" : { "ANNO":"2010","ID_SEZIONE":"29247","ISTAT_COMUNE_SEZ":"5105","COMUNE_SEZ":"SESSAME","PROVINCIA":"AT","ID_CENTRALE":"1337","NOME_CENTRALE":"SESSAME","ISTAT_COMUNE_CENTR":"5105","COMUNE_CENTR":"SESSAME","PROVINCIA_CENTR":"AT","INDIRIZZO_CENTRALE":"PIAZZA MARTIRI LIBERAZ.","LATITUDINE_SEZIONE":"44.66066","LONGITUDINE_SEZIONE":"8.34784","POS_X_SEZIONE":"448297.40223","POS_Y_SEZIONE":"4945461.41389","LATITUDINE_CENTRALE":"44.66855","LONGITUDINE_CENTRALE":"8.33688","POS_X_CENTRALE":"447435.22554","POS_Y_CENTRALE":"4946345.64952","TIPO_ADSL":"ADSL_M","DESCRIZIONE_TIPO_ADSL":"ADSL Mini","DISTANZA_CALCOLATA":"1235","CLASSE_DISTANZA":"900-1299","POTENZA_SEGNALE":"0.64","POPOLAZIONE_SEZIONE": "21"}
			},
		 		{ "type" : "Feature",
				"geometry" : {
					"type" : "Point",
					"coordinates" : [8.33729,44.67072]},
			"properties" : { "ANNO":"2010","ID_SEZIONE":"29467","ISTAT_COMUNE_SEZ":"5105","COMUNE_SEZ":"SESSAME","PROVINCIA":"AT","ID_CENTRALE":"1337","NOME_CENTRALE":"SESSAME","ISTAT_COMUNE_CENTR":"5105","COMUNE_CENTR":"SESSAME","PROVINCIA_CENTR":"AT","INDIRIZZO_CENTRALE":"PIAZZA MARTIRI LIBERAZ.","LATITUDINE_SEZIONE":"44.67072","LONGITUDINE_SEZIONE":"8.33729","POS_X_SEZIONE":"447469.97541","POS_Y_SEZIONE":"4946585.92615","LATITUDINE_CENTRALE":"44.66855","LONGITUDINE_CENTRALE":"8.33688","POS_X_CENTRALE":"447435.22554","POS_Y_CENTRALE":"4946345.64952","TIPO_ADSL":"ADSL_M","DESCRIZIONE_TIPO_ADSL":"ADSL Mini","DISTANZA_CALCOLATA":"242.78","CLASSE_DISTANZA":"100-499","POTENZA_SEGNALE":"0.64","POPOLAZIONE_SEZIONE": "64"}
			}
		 		]
	}
		