 	{ "type" : "FeatureCollection",
		"features" : [
		 		{ "type" : "Feature",
				"geometry" : {
					"type" : "Point",
					"coordinates" : [8.21659,45.29065]},
			"properties" : { "ANNO":"2010","ID_SEZIONE":"460","ISTAT_COMUNE_SEZ":"2150","COMUNE_SEZ":"TRONZANO VERCELLESE","PROVINCIA":"VC","ID_CENTRALE":"1538","NOME_CENTRALE":"TRONZANO VERCELLESE","ISTAT_COMUNE_CENTR":"2150","COMUNE_CENTR":"TRONZANO VERCELLESE","PROVINCIA_CENTR":"VC","INDIRIZZO_CENTRALE":"PALETTO 10","LATITUDINE_SEZIONE":"45.29065","LONGITUDINE_SEZIONE":"8.21659","POS_X_SEZIONE":"438568.39461","POS_Y_SEZIONE":"5015537.40909","LATITUDINE_CENTRALE":"45.34659","LONGITUDINE_CENTRALE":"8.17674","POS_X_CENTRALE":"435507.00000","POS_Y_CENTRALE":"5021783.00000","TIPO_ADSL":"ADSL_1","DESCRIZIONE_TIPO_ADSL":"ADSL (8 mega)","DISTANZA_CALCOLATA":"6955.54","CLASSE_DISTANZA":"6100 e oltre","POTENZA_SEGNALE":"0.00","POPOLAZIONE_SEZIONE": "3"}
			},
		 		{ "type" : "Feature",
				"geometry" : {
					"type" : "Point",
					"coordinates" : [8.17688,45.32494]},
			"properties" : { "ANNO":"2010","ID_SEZIONE":"902","ISTAT_COMUNE_SEZ":"2150","COMUNE_SEZ":"TRONZANO VERCELLESE","PROVINCIA":"VC","ID_CENTRALE":"1538","NOME_CENTRALE":"TRONZANO VERCELLESE","ISTAT_COMUNE_CENTR":"2150","COMUNE_CENTR":"TRONZANO VERCELLESE","PROVINCIA_CENTR":"VC","INDIRIZZO_CENTRALE":"PALETTO 10","LATITUDINE_SEZIONE":"45.32494","LONGITUDINE_SEZIONE":"8.17688","POS_X_SEZIONE":"435493.45367","POS_Y_SEZIONE":"5019377.39066","LATITUDINE_CENTRALE":"45.34659","LONGITUDINE_CENTRALE":"8.17674","POS_X_CENTRALE":"435507.00000","POS_Y_CENTRALE":"5021783.00000","TIPO_ADSL":"ADSL_1","DESCRIZIONE_TIPO_ADSL":"ADSL (8 mega)","DISTANZA_CALCOLATA":"2405.65","CLASSE_DISTANZA":"2100-2499","POTENZA_SEGNALE":"6500.38","POPOLAZIONE_SEZIONE": "29"}
			},
		 		{ "type" : "Feature",
				"geometry" : {
					"type" : "Point",
					"coordinates" : [8.17347,45.34272]},
			"properties" : { "ANNO":"2010","ID_SEZIONE":"1643","ISTAT_COMUNE_SEZ":"2150","COMUNE_SEZ":"TRONZANO VERCELLESE","PROVINCIA":"VC","ID_CENTRALE":"1538","NOME_CENTRALE":"TRONZANO VERCELLESE","ISTAT_COMUNE_CENTR":"2150","COMUNE_CENTR":"TRONZANO VERCELLESE","PROVINCIA_CENTR":"VC","INDIRIZZO_CENTRALE":"PALETTO 10","LATITUDINE_SEZIONE":"45.34272","LONGITUDINE_SEZIONE":"8.17347","POS_X_SEZIONE":"435246.67582","POS_Y_SEZIONE":"5021355.90100","LATITUDINE_CENTRALE":"45.34659","LONGITUDINE_CENTRALE":"8.17674","POS_X_CENTRALE":"435507.00000","POS_Y_CENTRALE":"5021783.00000","TIPO_ADSL":"ADSL_1","DESCRIZIONE_TIPO_ADSL":"ADSL (8 mega)","DISTANZA_CALCOLATA":"500.18","CLASSE_DISTANZA":"500-899","POTENZA_SEGNALE":"7000","POPOLAZIONE_SEZIONE": "367"}
			},
		 		{ "type" : "Feature",
				"geometry" : {
					"type" : "Point",
					"coordinates" : [8.18321,45.32793]},
			"properties" : { "ANNO":"2010","ID_SEZIONE":"1644","ISTAT_COMUNE_SEZ":"2150","COMUNE_SEZ":"TRONZANO VERCELLESE","PROVINCIA":"VC","ID_CENTRALE":"1538","NOME_CENTRALE":"TRONZANO VERCELLESE","ISTAT_COMUNE_CENTR":"2150","COMUNE_CENTR":"TRONZANO VERCELLESE","PROVINCIA_CENTR":"VC","INDIRIZZO_CENTRALE":"PALETTO 10","LATITUDINE_SEZIONE":"45.32793","LONGITUDINE_SEZIONE":"8.18321","POS_X_SEZIONE":"435992.67108","POS_Y_SEZIONE":"5019704.90426","LATITUDINE_CENTRALE":"45.34659","LONGITUDINE_CENTRALE":"8.17674","POS_X_CENTRALE":"435507.00000","POS_Y_CENTRALE":"5021783.00000","TIPO_ADSL":"ADSL_1","DESCRIZIONE_TIPO_ADSL":"ADSL (8 mega)","DISTANZA_CALCOLATA":"2134.09","CLASSE_DISTANZA":"2100-2499","POTENZA_SEGNALE":"6500.38","POPOLAZIONE_SEZIONE": "14"}
			},
		 		{ "type" : "Feature",
				"geometry" : {
					"type" : "Point",
					"coordinates" : [8.13309,45.33790]},
			"properties" : { "ANNO":"2010","ID_SEZIONE":"2800","ISTAT_COMUNE_SEZ":"2150","COMUNE_SEZ":"TRONZANO VERCELLESE","PROVINCIA":"VC","ID_CENTRALE":"1538","NOME_CENTRALE":"TRONZANO VERCELLESE","ISTAT_COMUNE_CENTR":"2150","COMUNE_CENTR":"TRONZANO VERCELLESE","PROVINCIA_CENTR":"VC","INDIRIZZO_CENTRALE":"PALETTO 10","LATITUDINE_SEZIONE":"45.33790","LONGITUDINE_SEZIONE":"8.13309","POS_X_SEZIONE":"432077.01335","POS_Y_SEZIONE":"5020852.82874","LATITUDINE_CENTRALE":"45.34659","LONGITUDINE_CENTRALE":"8.17674","POS_X_CENTRALE":"435507.00000","POS_Y_CENTRALE":"5021783.00000","TIPO_ADSL":"ADSL_1","DESCRIZIONE_TIPO_ADSL":"ADSL (8 mega)","DISTANZA_CALCOLATA":"3553.87","CLASSE_DISTANZA":"3300-3699","POTENZA_SEGNALE":"3999.63","POPOLAZIONE_SEZIONE": "28"}
			},
		 		{ "type" : "Feature",
				"geometry" : {
					"type" : "Point",
					"coordinates" : [8.15585,45.33930]},
			"properties" : { "ANNO":"2010","ID_SEZIONE":"3704","ISTAT_COMUNE_SEZ":"2150","COMUNE_SEZ":"TRONZANO VERCELLESE","PROVINCIA":"VC","ID_CENTRALE":"1538","NOME_CENTRALE":"TRONZANO VERCELLESE","ISTAT_COMUNE_CENTR":"2150","COMUNE_CENTR":"TRONZANO VERCELLESE","PROVINCIA_CENTR":"VC","INDIRIZZO_CENTRALE":"PALETTO 10","LATITUDINE_SEZIONE":"45.33930","LONGITUDINE_SEZIONE":"8.15585","POS_X_SEZIONE":"433861.74705","POS_Y_SEZIONE":"5020989.86862","LATITUDINE_CENTRALE":"45.34659","LONGITUDINE_CENTRALE":"8.17674","POS_X_CENTRALE":"435507.00000","POS_Y_CENTRALE":"5021783.00000","TIPO_ADSL":"ADSL_1","DESCRIZIONE_TIPO_ADSL":"ADSL (8 mega)","DISTANZA_CALCOLATA":"1826.45","CLASSE_DISTANZA":"1700-2099","POTENZA_SEGNALE":"6874.88","POPOLAZIONE_SEZIONE": "33"}
			},
		 		{ "type" : "Feature",
				"geometry" : {
					"type" : "Point",
					"coordinates" : [8.13001,45.34491]},
			"properties" : { "ANNO":"2010","ID_SEZIONE":"3911","ISTAT_COMUNE_SEZ":"2150","COMUNE_SEZ":"TRONZANO VERCELLESE","PROVINCIA":"VC","ID_CENTRALE":"1538","NOME_CENTRALE":"TRONZANO VERCELLESE","ISTAT_COMUNE_CENTR":"2150","COMUNE_CENTR":"TRONZANO VERCELLESE","PROVINCIA_CENTR":"VC","INDIRIZZO_CENTRALE":"PALETTO 10","LATITUDINE_SEZIONE":"45.34491","LONGITUDINE_SEZIONE":"8.13001","POS_X_SEZIONE":"431844.46654","POS_Y_SEZIONE":"5021634.82836","LATITUDINE_CENTRALE":"45.34659","LONGITUDINE_CENTRALE":"8.17674","POS_X_CENTRALE":"435507.00000","POS_Y_CENTRALE":"5021783.00000","TIPO_ADSL":"ADSL_1","DESCRIZIONE_TIPO_ADSL":"ADSL (8 mega)","DISTANZA_CALCOLATA":"3665.53","CLASSE_DISTANZA":"3300-3699","POTENZA_SEGNALE":"3999.63","POPOLAZIONE_SEZIONE": "16"}
			},
		 		{ "type" : "Feature",
				"geometry" : {
					"type" : "Point",
					"coordinates" : [8.17322,45.34073]},
			"properties" : { "ANNO":"2010","ID_SEZIONE":"5898","ISTAT_COMUNE_SEZ":"2150","COMUNE_SEZ":"TRONZANO VERCELLESE","PROVINCIA":"VC","ID_CENTRALE":"1538","NOME_CENTRALE":"TRONZANO VERCELLESE","ISTAT_COMUNE_CENTR":"2150","COMUNE_CENTR":"TRONZANO VERCELLESE","PROVINCIA_CENTR":"VC","INDIRIZZO_CENTRALE":"PALETTO 10","LATITUDINE_SEZIONE":"45.34073","LONGITUDINE_SEZIONE":"8.17322","POS_X_SEZIONE":"435224.42225","POS_Y_SEZIONE":"5021134.89927","LATITUDINE_CENTRALE":"45.34659","LONGITUDINE_CENTRALE":"8.17674","POS_X_CENTRALE":"435507.00000","POS_Y_CENTRALE":"5021783.00000","TIPO_ADSL":"ADSL_1","DESCRIZIONE_TIPO_ADSL":"ADSL (8 mega)","DISTANZA_CALCOLATA":"707.03","CLASSE_DISTANZA":"500-899","POTENZA_SEGNALE":"7000","POPOLAZIONE_SEZIONE": "754"}
			},
		 		{ "type" : "Feature",
				"geometry" : {
					"type" : "Point",
					"coordinates" : [8.19805,45.33693]},
			"properties" : { "ANNO":"2010","ID_SEZIONE":"5899","ISTAT_COMUNE_SEZ":"2150","COMUNE_SEZ":"TRONZANO VERCELLESE","PROVINCIA":"VC","ID_CENTRALE":"1538","NOME_CENTRALE":"TRONZANO VERCELLESE","ISTAT_COMUNE_CENTR":"2150","COMUNE_CENTR":"TRONZANO VERCELLESE","PROVINCIA_CENTR":"VC","INDIRIZZO_CENTRALE":"PALETTO 10","LATITUDINE_SEZIONE":"45.33693","LONGITUDINE_SEZIONE":"8.19805","POS_X_SEZIONE":"437165.45675","POS_Y_SEZIONE":"5020692.93831","LATITUDINE_CENTRALE":"45.34659","LONGITUDINE_CENTRALE":"8.17674","POS_X_CENTRALE":"435507.00000","POS_Y_CENTRALE":"5021783.00000","TIPO_ADSL":"ADSL_1","DESCRIZIONE_TIPO_ADSL":"ADSL (8 mega)","DISTANZA_CALCOLATA":"1984.62","CLASSE_DISTANZA":"1700-2099","POTENZA_SEGNALE":"6874.88","POPOLAZIONE_SEZIONE": "14"}
			},
		 		{ "type" : "Feature",
				"geometry" : {
					"type" : "Point",
					"coordinates" : [8.20486,45.31671]},
			"properties" : { "ANNO":"2010","ID_SEZIONE":"6023","ISTAT_COMUNE_SEZ":"2150","COMUNE_SEZ":"TRONZANO VERCELLESE","PROVINCIA":"VC","ID_CENTRALE":"1538","NOME_CENTRALE":"TRONZANO VERCELLESE","ISTAT_COMUNE_CENTR":"2150","COMUNE_CENTR":"TRONZANO VERCELLESE","PROVINCIA_CENTR":"VC","INDIRIZZO_CENTRALE":"PALETTO 10","LATITUDINE_SEZIONE":"45.31671","LONGITUDINE_SEZIONE":"8.20486","POS_X_SEZIONE":"437676.66571","POS_Y_SEZIONE":"5018441.42599","LATITUDINE_CENTRALE":"45.34659","LONGITUDINE_CENTRALE":"8.17674","POS_X_CENTRALE":"435507.00000","POS_Y_CENTRALE":"5021783.00000","TIPO_ADSL":"ADSL_1","DESCRIZIONE_TIPO_ADSL":"ADSL (8 mega)","DISTANZA_CALCOLATA":"3984.16","CLASSE_DISTANZA":"3700-4099","POTENZA_SEGNALE":"3000.38","POPOLAZIONE_SEZIONE": "18"}
			},
		 		{ "type" : "Feature",
				"geometry" : {
					"type" : "Point",
					"coordinates" : [8.17426,45.32163]},
			"properties" : { "ANNO":"2010","ID_SEZIONE":"7996","ISTAT_COMUNE_SEZ":"2150","COMUNE_SEZ":"TRONZANO VERCELLESE","PROVINCIA":"VC","ID_CENTRALE":"1538","NOME_CENTRALE":"TRONZANO VERCELLESE","ISTAT_COMUNE_CENTR":"2150","COMUNE_CENTR":"TRONZANO VERCELLESE","PROVINCIA_CENTR":"VC","INDIRIZZO_CENTRALE":"PALETTO 10","LATITUDINE_SEZIONE":"45.32163","LONGITUDINE_SEZIONE":"8.17426","POS_X_SEZIONE":"435284.32523","POS_Y_SEZIONE":"5019011.88257","LATITUDINE_CENTRALE":"45.34659","LONGITUDINE_CENTRALE":"8.17674","POS_X_CENTRALE":"435507.00000","POS_Y_CENTRALE":"5021783.00000","TIPO_ADSL":"ADSL_1","DESCRIZIONE_TIPO_ADSL":"ADSL (8 mega)","DISTANZA_CALCOLATA":"2780.05","CLASSE_DISTANZA":"2500-2899","POTENZA_SEGNALE":"5749.63","POPOLAZIONE_SEZIONE": "11"}
			},
		 		{ "type" : "Feature",
				"geometry" : {
					"type" : "Point",
					"coordinates" : [8.16682,45.33991]},
			"properties" : { "ANNO":"2010","ID_SEZIONE":"8642","ISTAT_COMUNE_SEZ":"2150","COMUNE_SEZ":"TRONZANO VERCELLESE","PROVINCIA":"VC","ID_CENTRALE":"1538","NOME_CENTRALE":"TRONZANO VERCELLESE","ISTAT_COMUNE_CENTR":"2150","COMUNE_CENTR":"TRONZANO VERCELLESE","PROVINCIA_CENTR":"VC","INDIRIZZO_CENTRALE":"PALETTO 10","LATITUDINE_SEZIONE":"45.33991","LONGITUDINE_SEZIONE":"8.16682","POS_X_SEZIONE":"434722.20708","POS_Y_SEZIONE":"5021048.88737","LATITUDINE_CENTRALE":"45.34659","LONGITUDINE_CENTRALE":"8.17674","POS_X_CENTRALE":"435507.00000","POS_Y_CENTRALE":"5021783.00000","TIPO_ADSL":"ADSL_1","DESCRIZIONE_TIPO_ADSL":"ADSL (8 mega)","DISTANZA_CALCOLATA":"1074.63","CLASSE_DISTANZA":"900-1299","POTENZA_SEGNALE":"7000","POPOLAZIONE_SEZIONE": "22"}
			},
		 		{ "type" : "Feature",
				"geometry" : {
					"type" : "Point",
					"coordinates" : [8.18729,45.31264]},
			"properties" : { "ANNO":"2010","ID_SEZIONE":"10075","ISTAT_COMUNE_SEZ":"2150","COMUNE_SEZ":"TRONZANO VERCELLESE","PROVINCIA":"VC","ID_CENTRALE":"1538","NOME_CENTRALE":"TRONZANO VERCELLESE","ISTAT_COMUNE_CENTR":"2150","COMUNE_CENTR":"TRONZANO VERCELLESE","PROVINCIA_CENTR":"VC","INDIRIZZO_CENTRALE":"PALETTO 10","LATITUDINE_SEZIONE":"45.31264","LONGITUDINE_SEZIONE":"8.18729","POS_X_SEZIONE":"436295.01630","POS_Y_SEZIONE":"5018002.89389","LATITUDINE_CENTRALE":"45.34659","LONGITUDINE_CENTRALE":"8.17674","POS_X_CENTRALE":"435507.00000","POS_Y_CENTRALE":"5021783.00000","TIPO_ADSL":"ADSL_1","DESCRIZIONE_TIPO_ADSL":"ADSL (8 mega)","DISTANZA_CALCOLATA":"3861.37","CLASSE_DISTANZA":"3700-4099","POTENZA_SEGNALE":"3000.38","POPOLAZIONE_SEZIONE": "10"}
			},
		 		{ "type" : "Feature",
				"geometry" : {
					"type" : "Point",
					"coordinates" : [8.16279,45.34599]},
			"properties" : { "ANNO":"2010","ID_SEZIONE":"10271","ISTAT_COMUNE_SEZ":"2150","COMUNE_SEZ":"TRONZANO VERCELLESE","PROVINCIA":"VC","ID_CENTRALE":"1538","NOME_CENTRALE":"TRONZANO VERCELLESE","ISTAT_COMUNE_CENTR":"2150","COMUNE_CENTR":"TRONZANO VERCELLESE","PROVINCIA_CENTR":"VC","INDIRIZZO_CENTRALE":"PALETTO 10","LATITUDINE_SEZIONE":"45.34599","LONGITUDINE_SEZIONE":"8.16279","POS_X_SEZIONE":"434413.00414","POS_Y_SEZIONE":"5021727.88538","LATITUDINE_CENTRALE":"45.34659","LONGITUDINE_CENTRALE":"8.17674","POS_X_CENTRALE":"435507.00000","POS_Y_CENTRALE":"5021783.00000","TIPO_ADSL":"ADSL_1","DESCRIZIONE_TIPO_ADSL":"ADSL (8 mega)","DISTANZA_CALCOLATA":"1095.38","CLASSE_DISTANZA":"900-1299","POTENZA_SEGNALE":"7000","POPOLAZIONE_SEZIONE": "22"}
			},
		 		{ "type" : "Feature",
				"geometry" : {
					"type" : "Point",
					"coordinates" : [8.16635,45.34226]},
			"properties" : { "ANNO":"2010","ID_SEZIONE":"10722","ISTAT_COMUNE_SEZ":"2150","COMUNE_SEZ":"TRONZANO VERCELLESE","PROVINCIA":"VC","ID_CENTRALE":"1538","NOME_CENTRALE":"TRONZANO VERCELLESE","ISTAT_COMUNE_CENTR":"2150","COMUNE_CENTR":"TRONZANO VERCELLESE","PROVINCIA_CENTR":"VC","INDIRIZZO_CENTRALE":"PALETTO 10","LATITUDINE_SEZIONE":"45.34226","LONGITUDINE_SEZIONE":"8.16635","POS_X_SEZIONE":"434688.14987","POS_Y_SEZIONE":"5021310.38881","LATITUDINE_CENTRALE":"45.34659","LONGITUDINE_CENTRALE":"8.17674","POS_X_CENTRALE":"435507.00000","POS_Y_CENTRALE":"5021783.00000","TIPO_ADSL":"ADSL_1","DESCRIZIONE_TIPO_ADSL":"ADSL (8 mega)","DISTANZA_CALCOLATA":"945.45","CLASSE_DISTANZA":"900-1299","POTENZA_SEGNALE":"7000","POPOLAZIONE_SEZIONE": "706"}
			},
		 		{ "type" : "Feature",
				"geometry" : {
					"type" : "Point",
					"coordinates" : [8.14152,45.32995]},
			"properties" : { "ANNO":"2010","ID_SEZIONE":"12305","ISTAT_COMUNE_SEZ":"2150","COMUNE_SEZ":"TRONZANO VERCELLESE","PROVINCIA":"VC","ID_CENTRALE":"1538","NOME_CENTRALE":"TRONZANO VERCELLESE","ISTAT_COMUNE_CENTR":"2150","COMUNE_CENTR":"TRONZANO VERCELLESE","PROVINCIA_CENTR":"VC","INDIRIZZO_CENTRALE":"PALETTO 10","LATITUDINE_SEZIONE":"45.32995","LONGITUDINE_SEZIONE":"8.14152","POS_X_SEZIONE":"432728.21028","POS_Y_SEZIONE":"5019962.83655","LATITUDINE_CENTRALE":"45.34659","LONGITUDINE_CENTRALE":"8.17674","POS_X_CENTRALE":"435507.00000","POS_Y_CENTRALE":"5021783.00000","TIPO_ADSL":"ADSL_1","DESCRIZIONE_TIPO_ADSL":"ADSL (8 mega)","DISTANZA_CALCOLATA":"3321.85","CLASSE_DISTANZA":"3300-3699","POTENZA_SEGNALE":"3999.63","POPOLAZIONE_SEZIONE": ""}
			},
		 		{ "type" : "Feature",
				"geometry" : {
					"type" : "Point",
					"coordinates" : [8.18176,45.33486]},
			"properties" : { "ANNO":"2010","ID_SEZIONE":"14210","ISTAT_COMUNE_SEZ":"2150","COMUNE_SEZ":"TRONZANO VERCELLESE","PROVINCIA":"VC","ID_CENTRALE":"1538","NOME_CENTRALE":"TRONZANO VERCELLESE","ISTAT_COMUNE_CENTR":"2150","COMUNE_CENTR":"TRONZANO VERCELLESE","PROVINCIA_CENTR":"VC","INDIRIZZO_CENTRALE":"PALETTO 10","LATITUDINE_SEZIONE":"45.33486","LONGITUDINE_SEZIONE":"8.18176","POS_X_SEZIONE":"435887.27844","POS_Y_SEZIONE":"5020475.40897","LATITUDINE_CENTRALE":"45.34659","LONGITUDINE_CENTRALE":"8.17674","POS_X_CENTRALE":"435507.00000","POS_Y_CENTRALE":"5021783.00000","TIPO_ADSL":"ADSL_1","DESCRIZIONE_TIPO_ADSL":"ADSL (8 mega)","DISTANZA_CALCOLATA":"1361.77","CLASSE_DISTANZA":"1300-1699","POTENZA_SEGNALE":"7000","POPOLAZIONE_SEZIONE": "142"}
			},
		 		{ "type" : "Feature",
				"geometry" : {
					"type" : "Point",
					"coordinates" : [8.19193,45.32574]},
			"properties" : { "ANNO":"2010","ID_SEZIONE":"14311","ISTAT_COMUNE_SEZ":"2150","COMUNE_SEZ":"TRONZANO VERCELLESE","PROVINCIA":"VC","ID_CENTRALE":"1538","NOME_CENTRALE":"TRONZANO VERCELLESE","ISTAT_COMUNE_CENTR":"2150","COMUNE_CENTR":"TRONZANO VERCELLESE","PROVINCIA_CENTR":"VC","INDIRIZZO_CENTRALE":"PALETTO 10","LATITUDINE_SEZIONE":"45.32574","LONGITUDINE_SEZIONE":"8.19193","POS_X_SEZIONE":"436673.50360","POS_Y_SEZIONE":"5019454.91617","LATITUDINE_CENTRALE":"45.34659","LONGITUDINE_CENTRALE":"8.17674","POS_X_CENTRALE":"435507.00000","POS_Y_CENTRALE":"5021783.00000","TIPO_ADSL":"ADSL_1","DESCRIZIONE_TIPO_ADSL":"ADSL (8 mega)","DISTANZA_CALCOLATA":"2603.98","CLASSE_DISTANZA":"2500-2899","POTENZA_SEGNALE":"5749.63","POPOLAZIONE_SEZIONE": "7"}
			},
		 		{ "type" : "Feature",
				"geometry" : {
					"type" : "Point",
					"coordinates" : [8.16065,45.32491]},
			"properties" : { "ANNO":"2010","ID_SEZIONE":"14641","ISTAT_COMUNE_SEZ":"2150","COMUNE_SEZ":"TRONZANO VERCELLESE","PROVINCIA":"VC","ID_CENTRALE":"1538","NOME_CENTRALE":"TRONZANO VERCELLESE","ISTAT_COMUNE_CENTR":"2150","COMUNE_CENTR":"TRONZANO VERCELLESE","PROVINCIA_CENTR":"VC","INDIRIZZO_CENTRALE":"PALETTO 10","LATITUDINE_SEZIONE":"45.32491","LONGITUDINE_SEZIONE":"8.16065","POS_X_SEZIONE":"434221.02974","POS_Y_SEZIONE":"5019387.36340","LATITUDINE_CENTRALE":"45.34659","LONGITUDINE_CENTRALE":"8.17674","POS_X_CENTRALE":"435507.00000","POS_Y_CENTRALE":"5021783.00000","TIPO_ADSL":"ADSL_1","DESCRIZIONE_TIPO_ADSL":"ADSL (8 mega)","DISTANZA_CALCOLATA":"2718.97","CLASSE_DISTANZA":"2500-2899","POTENZA_SEGNALE":"5749.63","POPOLAZIONE_SEZIONE": "16"}
			},
		 		{ "type" : "Feature",
				"geometry" : {
					"type" : "Point",
					"coordinates" : [8.24252,45.29982]},
			"properties" : { "ANNO":"2010","ID_SEZIONE":"17339","ISTAT_COMUNE_SEZ":"2150","COMUNE_SEZ":"TRONZANO VERCELLESE","PROVINCIA":"VC","ID_CENTRALE":"1538","NOME_CENTRALE":"TRONZANO VERCELLESE","ISTAT_COMUNE_CENTR":"2150","COMUNE_CENTR":"TRONZANO VERCELLESE","PROVINCIA_CENTR":"VC","INDIRIZZO_CENTRALE":"PALETTO 10","LATITUDINE_SEZIONE":"45.29982","LONGITUDINE_SEZIONE":"8.24252","POS_X_SEZIONE":"440610.96075","POS_Y_SEZIONE":"5016536.45165","LATITUDINE_CENTRALE":"45.34659","LONGITUDINE_CENTRALE":"8.17674","POS_X_CENTRALE":"435507.00000","POS_Y_CENTRALE":"5021783.00000","TIPO_ADSL":"ADSL_1","DESCRIZIONE_TIPO_ADSL":"ADSL (8 mega)","DISTANZA_CALCOLATA":"7319.61","CLASSE_DISTANZA":"6100 e oltre","POTENZA_SEGNALE":"0.00","POPOLAZIONE_SEZIONE": "15"}
			},
		 		{ "type" : "Feature",
				"geometry" : {
					"type" : "Point",
					"coordinates" : [8.15000,45.35394]},
			"properties" : { "ANNO":"2010","ID_SEZIONE":"18738","ISTAT_COMUNE_SEZ":"2150","COMUNE_SEZ":"TRONZANO VERCELLESE","PROVINCIA":"VC","ID_CENTRALE":"1538","NOME_CENTRALE":"TRONZANO VERCELLESE","ISTAT_COMUNE_CENTR":"2150","COMUNE_CENTR":"TRONZANO VERCELLESE","PROVINCIA_CENTR":"VC","INDIRIZZO_CENTRALE":"PALETTO 10","LATITUDINE_SEZIONE":"45.35394","LONGITUDINE_SEZIONE":"8.15000","POS_X_SEZIONE":"433420.59198","POS_Y_SEZIONE":"5022620.86971","LATITUDINE_CENTRALE":"45.34659","LONGITUDINE_CENTRALE":"8.17674","POS_X_CENTRALE":"435507.00000","POS_Y_CENTRALE":"5021783.00000","TIPO_ADSL":"ADSL_1","DESCRIZIONE_TIPO_ADSL":"ADSL (8 mega)","DISTANZA_CALCOLATA":"2248.36","CLASSE_DISTANZA":"2100-2499","POTENZA_SEGNALE":"6500.38","POPOLAZIONE_SEZIONE": "35"}
			},
		 		{ "type" : "Feature",
				"geometry" : {
					"type" : "Point",
					"coordinates" : [8.19875,45.29167]},
			"properties" : { "ANNO":"2010","ID_SEZIONE":"19927","ISTAT_COMUNE_SEZ":"2150","COMUNE_SEZ":"TRONZANO VERCELLESE","PROVINCIA":"VC","ID_CENTRALE":"1538","NOME_CENTRALE":"TRONZANO VERCELLESE","ISTAT_COMUNE_CENTR":"2150","COMUNE_CENTR":"TRONZANO VERCELLESE","PROVINCIA_CENTR":"VC","INDIRIZZO_CENTRALE":"PALETTO 10","LATITUDINE_SEZIONE":"45.29167","LONGITUDINE_SEZIONE":"8.19875","POS_X_SEZIONE":"437170.62539","POS_Y_SEZIONE":"5015663.88845","LATITUDINE_CENTRALE":"45.34659","LONGITUDINE_CENTRALE":"8.17674","POS_X_CENTRALE":"435507.00000","POS_Y_CENTRALE":"5021783.00000","TIPO_ADSL":"ADSL_1","DESCRIZIONE_TIPO_ADSL":"ADSL (8 mega)","DISTANZA_CALCOLATA":"6341.23","CLASSE_DISTANZA":"6100 e oltre","POTENZA_SEGNALE":"0.00","POPOLAZIONE_SEZIONE": ""}
			},
		 		{ "type" : "Feature",
				"geometry" : {
					"type" : "Point",
					"coordinates" : [8.20132,45.34999]},
			"properties" : { "ANNO":"2010","ID_SEZIONE":"20345","ISTAT_COMUNE_SEZ":"2133","COMUNE_SEZ":"SANTHIA'","PROVINCIA":"VC","ID_CENTRALE":"1538","NOME_CENTRALE":"TRONZANO VERCELLESE","ISTAT_COMUNE_CENTR":"2150","COMUNE_CENTR":"TRONZANO VERCELLESE","PROVINCIA_CENTR":"VC","INDIRIZZO_CENTRALE":"PALETTO 10","LATITUDINE_SEZIONE":"45.34999","LONGITUDINE_SEZIONE":"8.20132","POS_X_SEZIONE":"437436.10456","POS_Y_SEZIONE":"5022140.95572","LATITUDINE_CENTRALE":"45.34659","LONGITUDINE_CENTRALE":"8.17674","POS_X_CENTRALE":"435507.00000","POS_Y_CENTRALE":"5021783.00000","TIPO_ADSL":"ADSL_1","DESCRIZIONE_TIPO_ADSL":"ADSL (8 mega)","DISTANZA_CALCOLATA":"1962.03","CLASSE_DISTANZA":"1700-2099","POTENZA_SEGNALE":"6874.88","POPOLAZIONE_SEZIONE": "7"}
			},
		 		{ "type" : "Feature",
				"geometry" : {
					"type" : "Point",
					"coordinates" : [8.18208,45.33012]},
			"properties" : { "ANNO":"2010","ID_SEZIONE":"20346","ISTAT_COMUNE_SEZ":"2150","COMUNE_SEZ":"TRONZANO VERCELLESE","PROVINCIA":"VC","ID_CENTRALE":"1538","NOME_CENTRALE":"TRONZANO VERCELLESE","ISTAT_COMUNE_CENTR":"2150","COMUNE_CENTR":"TRONZANO VERCELLESE","PROVINCIA_CENTR":"VC","INDIRIZZO_CENTRALE":"PALETTO 10","LATITUDINE_SEZIONE":"45.33012","LONGITUDINE_SEZIONE":"8.18208","POS_X_SEZIONE":"435906.45796","POS_Y_SEZIONE":"5019948.90452","LATITUDINE_CENTRALE":"45.34659","LONGITUDINE_CENTRALE":"8.17674","POS_X_CENTRALE":"435507.00000","POS_Y_CENTRALE":"5021783.00000","TIPO_ADSL":"ADSL_1","DESCRIZIONE_TIPO_ADSL":"ADSL (8 mega)","DISTANZA_CALCOLATA":"1877.09","CLASSE_DISTANZA":"1700-2099","POTENZA_SEGNALE":"6874.88","POPOLAZIONE_SEZIONE": ""}
			},
		 		{ "type" : "Feature",
				"geometry" : {
					"type" : "Point",
					"coordinates" : [8.17565,45.34458]},
			"properties" : { "ANNO":"2010","ID_SEZIONE":"20764","ISTAT_COMUNE_SEZ":"2150","COMUNE_SEZ":"TRONZANO VERCELLESE","PROVINCIA":"VC","ID_CENTRALE":"1538","NOME_CENTRALE":"TRONZANO VERCELLESE","ISTAT_COMUNE_CENTR":"2150","COMUNE_CENTR":"TRONZANO VERCELLESE","PROVINCIA_CENTR":"VC","INDIRIZZO_CENTRALE":"PALETTO 10","LATITUDINE_SEZIONE":"45.34458","LONGITUDINE_SEZIONE":"8.17565","POS_X_SEZIONE":"435419.20855","POS_Y_SEZIONE":"5021560.90631","LATITUDINE_CENTRALE":"45.34659","LONGITUDINE_CENTRALE":"8.17674","POS_X_CENTRALE":"435507.00000","POS_Y_CENTRALE":"5021783.00000","TIPO_ADSL":"ADSL_1","DESCRIZIONE_TIPO_ADSL":"ADSL (8 mega)","DISTANZA_CALCOLATA":"238.82","CLASSE_DISTANZA":"100-499","POTENZA_SEGNALE":"7000","POPOLAZIONE_SEZIONE": "356"}
			},
		 		{ "type" : "Feature",
				"geometry" : {
					"type" : "Point",
					"coordinates" : [8.20107,45.30295]},
			"properties" : { "ANNO":"2010","ID_SEZIONE":"22341","ISTAT_COMUNE_SEZ":"2150","COMUNE_SEZ":"TRONZANO VERCELLESE","PROVINCIA":"VC","ID_CENTRALE":"1538","NOME_CENTRALE":"TRONZANO VERCELLESE","ISTAT_COMUNE_CENTR":"2150","COMUNE_CENTR":"TRONZANO VERCELLESE","PROVINCIA_CENTR":"VC","INDIRIZZO_CENTRALE":"PALETTO 10","LATITUDINE_SEZIONE":"45.30295","LONGITUDINE_SEZIONE":"8.20107","POS_X_SEZIONE":"437364.54948","POS_Y_SEZIONE":"5016915.40487","LATITUDINE_CENTRALE":"45.34659","LONGITUDINE_CENTRALE":"8.17674","POS_X_CENTRALE":"435507.00000","POS_Y_CENTRALE":"5021783.00000","TIPO_ADSL":"ADSL_1","DESCRIZIONE_TIPO_ADSL":"ADSL (8 mega)","DISTANZA_CALCOLATA":"5209.99","CLASSE_DISTANZA":"4900-5299","POTENZA_SEGNALE":"125.13","POPOLAZIONE_SEZIONE": ""}
			},
		 		{ "type" : "Feature",
				"geometry" : {
					"type" : "Point",
					"coordinates" : [8.22308,45.28232]},
			"properties" : { "ANNO":"2010","ID_SEZIONE":"22343","ISTAT_COMUNE_SEZ":"2150","COMUNE_SEZ":"TRONZANO VERCELLESE","PROVINCIA":"VC","ID_CENTRALE":"1538","NOME_CENTRALE":"TRONZANO VERCELLESE","ISTAT_COMUNE_CENTR":"2150","COMUNE_CENTR":"TRONZANO VERCELLESE","PROVINCIA_CENTR":"VC","INDIRIZZO_CENTRALE":"PALETTO 10","LATITUDINE_SEZIONE":"45.28232","LONGITUDINE_SEZIONE":"8.22308","POS_X_SEZIONE":"439068.22078","POS_Y_SEZIONE":"5014606.90643","LATITUDINE_CENTRALE":"45.34659","LONGITUDINE_CENTRALE":"8.17674","POS_X_CENTRALE":"435507.00000","POS_Y_CENTRALE":"5021783.00000","TIPO_ADSL":"ADSL_1","DESCRIZIONE_TIPO_ADSL":"ADSL (8 mega)","DISTANZA_CALCOLATA":"8011.16","CLASSE_DISTANZA":"6100 e oltre","POTENZA_SEGNALE":"0.00","POPOLAZIONE_SEZIONE": "3"}
			},
		 		{ "type" : "Feature",
				"geometry" : {
					"type" : "Point",
					"coordinates" : [8.40168,45.33718]},
			"properties" : { "ANNO":"2010","ID_SEZIONE":"22543","ISTAT_COMUNE_SEZ":"2158","COMUNE_SEZ":"VERCELLI","PROVINCIA":"VC","ID_CENTRALE":"1538","NOME_CENTRALE":"TRONZANO VERCELLESE","ISTAT_COMUNE_CENTR":"2150","COMUNE_CENTR":"TRONZANO VERCELLESE","PROVINCIA_CENTR":"VC","INDIRIZZO_CENTRALE":"PALETTO 10","LATITUDINE_SEZIONE":"45.33718","LONGITUDINE_SEZIONE":"8.40168","POS_X_SEZIONE":"453120.97062","POS_Y_SEZIONE":"5020582.18554","LATITUDINE_CENTRALE":"45.34659","LONGITUDINE_CENTRALE":"8.17674","POS_X_CENTRALE":"435507.00000","POS_Y_CENTRALE":"5021783.00000","TIPO_ADSL":"ADSL_1","DESCRIZIONE_TIPO_ADSL":"ADSL (8 mega)","DISTANZA_CALCOLATA":"17654.86","CLASSE_DISTANZA":"6100 e oltre","POTENZA_SEGNALE":"0.00","POPOLAZIONE_SEZIONE": "140"}
			},
		 		{ "type" : "Feature",
				"geometry" : {
					"type" : "Point",
					"coordinates" : [8.18747,45.32087]},
			"properties" : { "ANNO":"2010","ID_SEZIONE":"23372","ISTAT_COMUNE_SEZ":"2150","COMUNE_SEZ":"TRONZANO VERCELLESE","PROVINCIA":"VC","ID_CENTRALE":"1538","NOME_CENTRALE":"TRONZANO VERCELLESE","ISTAT_COMUNE_CENTR":"2150","COMUNE_CENTR":"TRONZANO VERCELLESE","PROVINCIA_CENTR":"VC","INDIRIZZO_CENTRALE":"PALETTO 10","LATITUDINE_SEZIONE":"45.32087","LONGITUDINE_SEZIONE":"8.18747","POS_X_SEZIONE":"436318.53041","POS_Y_SEZIONE":"5018916.90349","LATITUDINE_CENTRALE":"45.34659","LONGITUDINE_CENTRALE":"8.17674","POS_X_CENTRALE":"435507.00000","POS_Y_CENTRALE":"5021783.00000","TIPO_ADSL":"ADSL_1","DESCRIZIONE_TIPO_ADSL":"ADSL (8 mega)","DISTANZA_CALCOLATA":"2978.77","CLASSE_DISTANZA":"2900-3299","POTENZA_SEGNALE":"4999.75","POPOLAZIONE_SEZIONE": "5"}
			},
		 		{ "type" : "Feature",
				"geometry" : {
					"type" : "Point",
					"coordinates" : [8.13160,45.35390]},
			"properties" : { "ANNO":"2010","ID_SEZIONE":"24005","ISTAT_COMUNE_SEZ":"2150","COMUNE_SEZ":"TRONZANO VERCELLESE","PROVINCIA":"VC","ID_CENTRALE":"1538","NOME_CENTRALE":"TRONZANO VERCELLESE","ISTAT_COMUNE_CENTR":"2150","COMUNE_CENTR":"TRONZANO VERCELLESE","PROVINCIA_CENTR":"VC","INDIRIZZO_CENTRALE":"PALETTO 10","LATITUDINE_SEZIONE":"45.35390","LONGITUDINE_SEZIONE":"8.13160","POS_X_SEZIONE":"431979.35703","POS_Y_SEZIONE":"5022631.83726","LATITUDINE_CENTRALE":"45.34659","LONGITUDINE_CENTRALE":"8.17674","POS_X_CENTRALE":"435507.00000","POS_Y_CENTRALE":"5021783.00000","TIPO_ADSL":"ADSL_1","DESCRIZIONE_TIPO_ADSL":"ADSL (8 mega)","DISTANZA_CALCOLATA":"3628.33","CLASSE_DISTANZA":"3300-3699","POTENZA_SEGNALE":"3999.63","POPOLAZIONE_SEZIONE": ""}
			},
		 		{ "type" : "Feature",
				"geometry" : {
					"type" : "Point",
					"coordinates" : [8.20255,45.32288]},
			"properties" : { "ANNO":"2010","ID_SEZIONE":"24548","ISTAT_COMUNE_SEZ":"2150","COMUNE_SEZ":"TRONZANO VERCELLESE","PROVINCIA":"VC","ID_CENTRALE":"1538","NOME_CENTRALE":"TRONZANO VERCELLESE","ISTAT_COMUNE_CENTR":"2150","COMUNE_CENTR":"TRONZANO VERCELLESE","PROVINCIA_CENTR":"VC","INDIRIZZO_CENTRALE":"PALETTO 10","LATITUDINE_SEZIONE":"45.32288","LONGITUDINE_SEZIONE":"8.20255","POS_X_SEZIONE":"437503.11460","POS_Y_SEZIONE":"5019128.92986","LATITUDINE_CENTRALE":"45.34659","LONGITUDINE_CENTRALE":"8.17674","POS_X_CENTRALE":"435507.00000","POS_Y_CENTRALE":"5021783.00000","TIPO_ADSL":"ADSL_1","DESCRIZIONE_TIPO_ADSL":"ADSL (8 mega)","DISTANZA_CALCOLATA":"3320.93","CLASSE_DISTANZA":"3300-3699","POTENZA_SEGNALE":"3999.63","POPOLAZIONE_SEZIONE": "9"}
			},
		 		{ "type" : "Feature",
				"geometry" : {
					"type" : "Point",
					"coordinates" : [8.14423,45.34882]},
			"properties" : { "ANNO":"2010","ID_SEZIONE":"24884","ISTAT_COMUNE_SEZ":"2150","COMUNE_SEZ":"TRONZANO VERCELLESE","PROVINCIA":"VC","ID_CENTRALE":"1538","NOME_CENTRALE":"TRONZANO VERCELLESE","ISTAT_COMUNE_CENTR":"2150","COMUNE_CENTR":"TRONZANO VERCELLESE","PROVINCIA_CENTR":"VC","INDIRIZZO_CENTRALE":"PALETTO 10","LATITUDINE_SEZIONE":"45.34882","LONGITUDINE_SEZIONE":"8.14423","POS_X_SEZIONE":"432962.83684","POS_Y_SEZIONE":"5022057.35585","LATITUDINE_CENTRALE":"45.34659","LONGITUDINE_CENTRALE":"8.17674","POS_X_CENTRALE":"435507.00000","POS_Y_CENTRALE":"5021783.00000","TIPO_ADSL":"ADSL_1","DESCRIZIONE_TIPO_ADSL":"ADSL (8 mega)","DISTANZA_CALCOLATA":"2558.91","CLASSE_DISTANZA":"2500-2899","POTENZA_SEGNALE":"5749.63","POPOLAZIONE_SEZIONE": "2"}
			},
		 		{ "type" : "Feature",
				"geometry" : {
					"type" : "Point",
					"coordinates" : [8.18915,45.31129]},
			"properties" : { "ANNO":"2010","ID_SEZIONE":"24889","ISTAT_COMUNE_SEZ":"2150","COMUNE_SEZ":"TRONZANO VERCELLESE","PROVINCIA":"VC","ID_CENTRALE":"1538","NOME_CENTRALE":"TRONZANO VERCELLESE","ISTAT_COMUNE_CENTR":"2150","COMUNE_CENTR":"TRONZANO VERCELLESE","PROVINCIA_CENTR":"VC","INDIRIZZO_CENTRALE":"PALETTO 10","LATITUDINE_SEZIONE":"45.31129","LONGITUDINE_SEZIONE":"8.18915","POS_X_SEZIONE":"436439.23083","POS_Y_SEZIONE":"5017850.89543","LATITUDINE_CENTRALE":"45.34659","LONGITUDINE_CENTRALE":"8.17674","POS_X_CENTRALE":"435507.00000","POS_Y_CENTRALE":"5021783.00000","TIPO_ADSL":"ADSL_1","DESCRIZIONE_TIPO_ADSL":"ADSL (8 mega)","DISTANZA_CALCOLATA":"4041.1","CLASSE_DISTANZA":"3700-4099","POTENZA_SEGNALE":"3000.38","POPOLAZIONE_SEZIONE": "5"}
			},
		 		{ "type" : "Feature",
				"geometry" : {
					"type" : "Point",
					"coordinates" : [8.17944,45.34196]},
			"properties" : { "ANNO":"2010","ID_SEZIONE":"25512","ISTAT_COMUNE_SEZ":"2150","COMUNE_SEZ":"TRONZANO VERCELLESE","PROVINCIA":"VC","ID_CENTRALE":"1538","NOME_CENTRALE":"TRONZANO VERCELLESE","ISTAT_COMUNE_CENTR":"2150","COMUNE_CENTR":"TRONZANO VERCELLESE","PROVINCIA_CENTR":"VC","INDIRIZZO_CENTRALE":"PALETTO 10","LATITUDINE_SEZIONE":"45.34196","LONGITUDINE_SEZIONE":"8.17944","POS_X_SEZIONE":"435713.01310","POS_Y_SEZIONE":"5021266.41057","LATITUDINE_CENTRALE":"45.34659","LONGITUDINE_CENTRALE":"8.17674","POS_X_CENTRALE":"435507.00000","POS_Y_CENTRALE":"5021783.00000","TIPO_ADSL":"ADSL_1","DESCRIZIONE_TIPO_ADSL":"ADSL (8 mega)","DISTANZA_CALCOLATA":"556.15","CLASSE_DISTANZA":"500-899","POTENZA_SEGNALE":"7000","POPOLAZIONE_SEZIONE": "539"}
			},
		 		{ "type" : "Feature",
				"geometry" : {
					"type" : "Point",
					"coordinates" : [8.13934,45.32706]},
			"properties" : { "ANNO":"2010","ID_SEZIONE":"25514","ISTAT_COMUNE_SEZ":"2150","COMUNE_SEZ":"TRONZANO VERCELLESE","PROVINCIA":"VC","ID_CENTRALE":"1538","NOME_CENTRALE":"TRONZANO VERCELLESE","ISTAT_COMUNE_CENTR":"2150","COMUNE_CENTR":"TRONZANO VERCELLESE","PROVINCIA_CENTR":"VC","INDIRIZZO_CENTRALE":"PALETTO 10","LATITUDINE_SEZIONE":"45.32706","LONGITUDINE_SEZIONE":"8.13934","POS_X_SEZIONE":"432554.14564","POS_Y_SEZIONE":"5019643.33012","LATITUDINE_CENTRALE":"45.34659","LONGITUDINE_CENTRALE":"8.17674","POS_X_CENTRALE":"435507.00000","POS_Y_CENTRALE":"5021783.00000","TIPO_ADSL":"ADSL_1","DESCRIZIONE_TIPO_ADSL":"ADSL (8 mega)","DISTANZA_CALCOLATA":"3646.58","CLASSE_DISTANZA":"3300-3699","POTENZA_SEGNALE":"3999.63","POPOLAZIONE_SEZIONE": "23"}
			},
		 		{ "type" : "Feature",
				"geometry" : {
					"type" : "Point",
					"coordinates" : [8.14899,45.33053]},
			"properties" : { "ANNO":"2010","ID_SEZIONE":"27003","ISTAT_COMUNE_SEZ":"2150","COMUNE_SEZ":"TRONZANO VERCELLESE","PROVINCIA":"VC","ID_CENTRALE":"1538","NOME_CENTRALE":"TRONZANO VERCELLESE","ISTAT_COMUNE_CENTR":"2150","COMUNE_CENTR":"TRONZANO VERCELLESE","PROVINCIA_CENTR":"VC","INDIRIZZO_CENTRALE":"PALETTO 10","LATITUDINE_SEZIONE":"45.33053","LONGITUDINE_SEZIONE":"8.14899","POS_X_SEZIONE":"433313.89322","POS_Y_SEZIONE":"5020020.84973","LATITUDINE_CENTRALE":"45.34659","LONGITUDINE_CENTRALE":"8.17674","POS_X_CENTRALE":"435507.00000","POS_Y_CENTRALE":"5021783.00000","TIPO_ADSL":"ADSL_1","DESCRIZIONE_TIPO_ADSL":"ADSL (8 mega)","DISTANZA_CALCOLATA":"2813.34","CLASSE_DISTANZA":"2500-2899","POTENZA_SEGNALE":"5749.63","POPOLAZIONE_SEZIONE": "7"}
			},
		 		{ "type" : "Feature",
				"geometry" : {
					"type" : "Point",
					"coordinates" : [8.14212,45.36156]},
			"properties" : { "ANNO":"2010","ID_SEZIONE":"27235","ISTAT_COMUNE_SEZ":"2150","COMUNE_SEZ":"TRONZANO VERCELLESE","PROVINCIA":"VC","ID_CENTRALE":"1538","NOME_CENTRALE":"TRONZANO VERCELLESE","ISTAT_COMUNE_CENTR":"2150","COMUNE_CENTR":"TRONZANO VERCELLESE","PROVINCIA_CENTR":"VC","INDIRIZZO_CENTRALE":"PALETTO 10","LATITUDINE_SEZIONE":"45.36156","LONGITUDINE_SEZIONE":"8.14212","POS_X_SEZIONE":"432812.17572","POS_Y_SEZIONE":"5023473.86119","LATITUDINE_CENTRALE":"45.34659","LONGITUDINE_CENTRALE":"8.17674","POS_X_CENTRALE":"435507.00000","POS_Y_CENTRALE":"5021783.00000","TIPO_ADSL":"ADSL_1","DESCRIZIONE_TIPO_ADSL":"ADSL (8 mega)","DISTANZA_CALCOLATA":"3181.37","CLASSE_DISTANZA":"2900-3299","POTENZA_SEGNALE":"4999.75","POPOLAZIONE_SEZIONE": "27"}
			},
		 		{ "type" : "Feature",
				"geometry" : {
					"type" : "Point",
					"coordinates" : [8.14608,45.34361]},
			"properties" : { "ANNO":"2010","ID_SEZIONE":"28239","ISTAT_COMUNE_SEZ":"2150","COMUNE_SEZ":"TRONZANO VERCELLESE","PROVINCIA":"VC","ID_CENTRALE":"1538","NOME_CENTRALE":"TRONZANO VERCELLESE","ISTAT_COMUNE_CENTR":"2150","COMUNE_CENTR":"TRONZANO VERCELLESE","PROVINCIA_CENTR":"VC","INDIRIZZO_CENTRALE":"PALETTO 10","LATITUDINE_SEZIONE":"45.34361","LONGITUDINE_SEZIONE":"8.14608","POS_X_SEZIONE":"433101.35639","POS_Y_SEZIONE":"5021476.85486","LATITUDINE_CENTRALE":"45.34659","LONGITUDINE_CENTRALE":"8.17674","POS_X_CENTRALE":"435507.00000","POS_Y_CENTRALE":"5021783.00000","TIPO_ADSL":"ADSL_1","DESCRIZIONE_TIPO_ADSL":"ADSL (8 mega)","DISTANZA_CALCOLATA":"2425.05","CLASSE_DISTANZA":"2100-2499","POTENZA_SEGNALE":"6500.38","POPOLAZIONE_SEZIONE": "200"}
			},
		 		{ "type" : "Feature",
				"geometry" : {
					"type" : "Point",
					"coordinates" : [8.22246,45.30629]},
			"properties" : { "ANNO":"2010","ID_SEZIONE":"28241","ISTAT_COMUNE_SEZ":"2150","COMUNE_SEZ":"TRONZANO VERCELLESE","PROVINCIA":"VC","ID_CENTRALE":"1538","NOME_CENTRALE":"TRONZANO VERCELLESE","ISTAT_COMUNE_CENTR":"2150","COMUNE_CENTR":"TRONZANO VERCELLESE","PROVINCIA_CENTR":"VC","INDIRIZZO_CENTRALE":"PALETTO 10","LATITUDINE_SEZIONE":"45.30629","LONGITUDINE_SEZIONE":"8.22246","POS_X_SEZIONE":"439045.66974","POS_Y_SEZIONE":"5017270.43540","LATITUDINE_CENTRALE":"45.34659","LONGITUDINE_CENTRALE":"8.17674","POS_X_CENTRALE":"435507.00000","POS_Y_CENTRALE":"5021783.00000","TIPO_ADSL":"ADSL_1","DESCRIZIONE_TIPO_ADSL":"ADSL (8 mega)","DISTANZA_CALCOLATA":"5734.58","CLASSE_DISTANZA":"5700-6099","POTENZA_SEGNALE":"0.00","POPOLAZIONE_SEZIONE": "14"}
			},
		 		{ "type" : "Feature",
				"geometry" : {
					"type" : "Point",
					"coordinates" : [8.15096,45.35853]},
			"properties" : { "ANNO":"2010","ID_SEZIONE":"28643","ISTAT_COMUNE_SEZ":"2150","COMUNE_SEZ":"TRONZANO VERCELLESE","PROVINCIA":"VC","ID_CENTRALE":"1538","NOME_CENTRALE":"TRONZANO VERCELLESE","ISTAT_COMUNE_CENTR":"2150","COMUNE_CENTR":"TRONZANO VERCELLESE","PROVINCIA_CENTR":"VC","INDIRIZZO_CENTRALE":"PALETTO 10","LATITUDINE_SEZIONE":"45.35853","LONGITUDINE_SEZIONE":"8.15096","POS_X_SEZIONE":"433501.66308","POS_Y_SEZIONE":"5023130.37473","LATITUDINE_CENTRALE":"45.34659","LONGITUDINE_CENTRALE":"8.17674","POS_X_CENTRALE":"435507.00000","POS_Y_CENTRALE":"5021783.00000","TIPO_ADSL":"ADSL_1","DESCRIZIONE_TIPO_ADSL":"ADSL (8 mega)","DISTANZA_CALCOLATA":"2415.95","CLASSE_DISTANZA":"2100-2499","POTENZA_SEGNALE":"6500.38","POPOLAZIONE_SEZIONE": "23"}
			},
		 		{ "type" : "Feature",
				"geometry" : {
					"type" : "Point",
					"coordinates" : [8.16506,45.33537]},
			"properties" : { "ANNO":"2010","ID_SEZIONE":"29687","ISTAT_COMUNE_SEZ":"2150","COMUNE_SEZ":"TRONZANO VERCELLESE","PROVINCIA":"VC","ID_CENTRALE":"1538","NOME_CENTRALE":"TRONZANO VERCELLESE","ISTAT_COMUNE_CENTR":"2150","COMUNE_CENTR":"TRONZANO VERCELLESE","PROVINCIA_CENTR":"VC","INDIRIZZO_CENTRALE":"PALETTO 10","LATITUDINE_SEZIONE":"45.33537","LONGITUDINE_SEZIONE":"8.16506","POS_X_SEZIONE":"434579.01246","POS_Y_SEZIONE":"5020546.38087","LATITUDINE_CENTRALE":"45.34659","LONGITUDINE_CENTRALE":"8.17674","POS_X_CENTRALE":"435507.00000","POS_Y_CENTRALE":"5021783.00000","TIPO_ADSL":"ADSL_1","DESCRIZIONE_TIPO_ADSL":"ADSL (8 mega)","DISTANZA_CALCOLATA":"1546.09","CLASSE_DISTANZA":"1300-1699","POTENZA_SEGNALE":"7000","POPOLAZIONE_SEZIONE": "28"}
			},
		 		{ "type" : "Feature",
				"geometry" : {
					"type" : "Point",
					"coordinates" : [8.19635,45.34283]},
			"properties" : { "ANNO":"2010","ID_SEZIONE":"30921","ISTAT_COMUNE_SEZ":"2150","COMUNE_SEZ":"TRONZANO VERCELLESE","PROVINCIA":"VC","ID_CENTRALE":"1538","NOME_CENTRALE":"TRONZANO VERCELLESE","ISTAT_COMUNE_CENTR":"2150","COMUNE_CENTR":"TRONZANO VERCELLESE","PROVINCIA_CENTR":"VC","INDIRIZZO_CENTRALE":"PALETTO 10","LATITUDINE_SEZIONE":"45.34283","LONGITUDINE_SEZIONE":"8.19635","POS_X_SEZIONE":"437038.81252","POS_Y_SEZIONE":"5021349.44058","LATITUDINE_CENTRALE":"45.34659","LONGITUDINE_CENTRALE":"8.17674","POS_X_CENTRALE":"435507.00000","POS_Y_CENTRALE":"5021783.00000","TIPO_ADSL":"ADSL_1","DESCRIZIONE_TIPO_ADSL":"ADSL (8 mega)","DISTANZA_CALCOLATA":"1591.99","CLASSE_DISTANZA":"1300-1699","POTENZA_SEGNALE":"7000","POPOLAZIONE_SEZIONE": "16"}
			}
		 		]
	}
		