 	{ "type" : "FeatureCollection",
		"features" : [
		 		{ "type" : "Feature",
				"geometry" : {
					"type" : "Point",
					"coordinates" : [8.84227,44.61669]},
			"properties" : { "ANNO":"2010","ID_SEZIONE":"2199","ISTAT_COMUNE_SEZ":"6190","COMUNE_SEZ":"VOLTAGGIO","PROVINCIA":"AL","ID_CENTRALE":"1672","NOME_CENTRALE":"VOLTAGGIO","ISTAT_COMUNE_CENTR":"6190","COMUNE_CENTR":"VOLTAGGIO","PROVINCIA_CENTR":"AL","INDIRIZZO_CENTRALE":"DELL'AMORE","LATITUDINE_SEZIONE":"44.61669","LONGITUDINE_SEZIONE":"8.84227","POS_X_SEZIONE":"487485.69692","POS_Y_SEZIONE":"4940383.46393","LATITUDINE_CENTRALE":"44.62473","LONGITUDINE_CENTRALE":"8.84174","POS_X_CENTRALE":"487445.81250","POS_Y_CENTRALE":"4941276.00000","TIPO_ADSL":"ADSL_M","DESCRIZIONE_TIPO_ADSL":"ADSL Mini","DISTANZA_CALCOLATA":"893.43","CLASSE_DISTANZA":"500-899","POTENZA_SEGNALE":"0.64","POPOLAZIONE_SEZIONE": "277"}
			},
		 		{ "type" : "Feature",
				"geometry" : {
					"type" : "Point",
					"coordinates" : [8.88504,44.62739]},
			"properties" : { "ANNO":"2010","ID_SEZIONE":"2653","ISTAT_COMUNE_SEZ":"6190","COMUNE_SEZ":"VOLTAGGIO","PROVINCIA":"AL","ID_CENTRALE":"1672","NOME_CENTRALE":"VOLTAGGIO","ISTAT_COMUNE_CENTR":"6190","COMUNE_CENTR":"VOLTAGGIO","PROVINCIA_CENTR":"AL","INDIRIZZO_CENTRALE":"DELL'AMORE","LATITUDINE_SEZIONE":"44.62739","LONGITUDINE_SEZIONE":"8.88504","POS_X_SEZIONE":"490880.42947","POS_Y_SEZIONE":"4941565.48403","LATITUDINE_CENTRALE":"44.62473","LONGITUDINE_CENTRALE":"8.84174","POS_X_CENTRALE":"487445.81250","POS_Y_CENTRALE":"4941276.00000","TIPO_ADSL":"ADSL_M","DESCRIZIONE_TIPO_ADSL":"ADSL Mini","DISTANZA_CALCOLATA":"3446.79","CLASSE_DISTANZA":"3300-3699","POTENZA_SEGNALE":"0.64","POPOLAZIONE_SEZIONE": ""}
			},
		 		{ "type" : "Feature",
				"geometry" : {
					"type" : "Point",
					"coordinates" : [8.84247,44.59677]},
			"properties" : { "ANNO":"2010","ID_SEZIONE":"3019","ISTAT_COMUNE_SEZ":"6190","COMUNE_SEZ":"VOLTAGGIO","PROVINCIA":"AL","ID_CENTRALE":"1672","NOME_CENTRALE":"VOLTAGGIO","ISTAT_COMUNE_CENTR":"6190","COMUNE_CENTR":"VOLTAGGIO","PROVINCIA_CENTR":"AL","INDIRIZZO_CENTRALE":"DELL'AMORE","LATITUDINE_SEZIONE":"44.59677","LONGITUDINE_SEZIONE":"8.84247","POS_X_SEZIONE":"487497.66851","POS_Y_SEZIONE":"4938170.41868","LATITUDINE_CENTRALE":"44.62473","LONGITUDINE_CENTRALE":"8.84174","POS_X_CENTRALE":"487445.81250","POS_Y_CENTRALE":"4941276.00000","TIPO_ADSL":"ADSL_M","DESCRIZIONE_TIPO_ADSL":"ADSL Mini","DISTANZA_CALCOLATA":"3106.01","CLASSE_DISTANZA":"2900-3299","POTENZA_SEGNALE":"0.64","POPOLAZIONE_SEZIONE": ""}
			},
		 		{ "type" : "Feature",
				"geometry" : {
					"type" : "Point",
					"coordinates" : [8.83287,44.63810]},
			"properties" : { "ANNO":"2010","ID_SEZIONE":"4538","ISTAT_COMUNE_SEZ":"6190","COMUNE_SEZ":"VOLTAGGIO","PROVINCIA":"AL","ID_CENTRALE":"1672","NOME_CENTRALE":"VOLTAGGIO","ISTAT_COMUNE_CENTR":"6190","COMUNE_CENTR":"VOLTAGGIO","PROVINCIA_CENTR":"AL","INDIRIZZO_CENTRALE":"DELL'AMORE","LATITUDINE_SEZIONE":"44.63810","LONGITUDINE_SEZIONE":"8.83287","POS_X_SEZIONE":"486744.63529","POS_Y_SEZIONE":"4942763.01517","LATITUDINE_CENTRALE":"44.62473","LONGITUDINE_CENTRALE":"8.84174","POS_X_CENTRALE":"487445.81250","POS_Y_CENTRALE":"4941276.00000","TIPO_ADSL":"ADSL_M","DESCRIZIONE_TIPO_ADSL":"ADSL Mini","DISTANZA_CALCOLATA":"1644.04","CLASSE_DISTANZA":"1300-1699","POTENZA_SEGNALE":"0.64","POPOLAZIONE_SEZIONE": "18"}
			},
		 		{ "type" : "Feature",
				"geometry" : {
					"type" : "Point",
					"coordinates" : [8.85805,44.62470]},
			"properties" : { "ANNO":"2010","ID_SEZIONE":"5157","ISTAT_COMUNE_SEZ":"6190","COMUNE_SEZ":"VOLTAGGIO","PROVINCIA":"AL","ID_CENTRALE":"1672","NOME_CENTRALE":"VOLTAGGIO","ISTAT_COMUNE_CENTR":"6190","COMUNE_CENTR":"VOLTAGGIO","PROVINCIA_CENTR":"AL","INDIRIZZO_CENTRALE":"DELL'AMORE","LATITUDINE_SEZIONE":"44.62470","LONGITUDINE_SEZIONE":"8.85805","POS_X_SEZIONE":"488739.40931","POS_Y_SEZIONE":"4941270.48141","LATITUDINE_CENTRALE":"44.62473","LONGITUDINE_CENTRALE":"8.84174","POS_X_CENTRALE":"487445.81250","POS_Y_CENTRALE":"4941276.00000","TIPO_ADSL":"ADSL_M","DESCRIZIONE_TIPO_ADSL":"ADSL Mini","DISTANZA_CALCOLATA":"1293.61","CLASSE_DISTANZA":"900-1299","POTENZA_SEGNALE":"0.64","POPOLAZIONE_SEZIONE": "14"}
			},
		 		{ "type" : "Feature",
				"geometry" : {
					"type" : "Point",
					"coordinates" : [8.83235,44.61054]},
			"properties" : { "ANNO":"2010","ID_SEZIONE":"5824","ISTAT_COMUNE_SEZ":"6190","COMUNE_SEZ":"VOLTAGGIO","PROVINCIA":"AL","ID_CENTRALE":"1672","NOME_CENTRALE":"VOLTAGGIO","ISTAT_COMUNE_CENTR":"6190","COMUNE_CENTR":"VOLTAGGIO","PROVINCIA_CENTR":"AL","INDIRIZZO_CENTRALE":"DELL'AMORE","LATITUDINE_SEZIONE":"44.61054","LONGITUDINE_SEZIONE":"8.83235","POS_X_SEZIONE":"486697.51337","POS_Y_SEZIONE":"4939701.94944","LATITUDINE_CENTRALE":"44.62473","LONGITUDINE_CENTRALE":"8.84174","POS_X_CENTRALE":"487445.81250","POS_Y_CENTRALE":"4941276.00000","TIPO_ADSL":"ADSL_M","DESCRIZIONE_TIPO_ADSL":"ADSL Mini","DISTANZA_CALCOLATA":"1742.87","CLASSE_DISTANZA":"1700-2099","POTENZA_SEGNALE":"0.64","POPOLAZIONE_SEZIONE": "11"}
			},
		 		{ "type" : "Feature",
				"geometry" : {
					"type" : "Point",
					"coordinates" : [8.88019,44.61543]},
			"properties" : { "ANNO":"2010","ID_SEZIONE":"7476","ISTAT_COMUNE_SEZ":"6190","COMUNE_SEZ":"VOLTAGGIO","PROVINCIA":"AL","ID_CENTRALE":"1672","NOME_CENTRALE":"VOLTAGGIO","ISTAT_COMUNE_CENTR":"6190","COMUNE_CENTR":"VOLTAGGIO","PROVINCIA_CENTR":"AL","INDIRIZZO_CENTRALE":"DELL'AMORE","LATITUDINE_SEZIONE":"44.61543","LONGITUDINE_SEZIONE":"8.88019","POS_X_SEZIONE":"490493.99491","POS_Y_SEZIONE":"4940238.46144","LATITUDINE_CENTRALE":"44.62473","LONGITUDINE_CENTRALE":"8.84174","POS_X_CENTRALE":"487445.81250","POS_Y_CENTRALE":"4941276.00000","TIPO_ADSL":"ADSL_M","DESCRIZIONE_TIPO_ADSL":"ADSL Mini","DISTANZA_CALCOLATA":"3219.92","CLASSE_DISTANZA":"2900-3299","POTENZA_SEGNALE":"0.64","POPOLAZIONE_SEZIONE": ""}
			},
		 		{ "type" : "Feature",
				"geometry" : {
					"type" : "Point",
					"coordinates" : [8.86993,44.57240]},
			"properties" : { "ANNO":"2010","ID_SEZIONE":"8680","ISTAT_COMUNE_SEZ":"6190","COMUNE_SEZ":"VOLTAGGIO","PROVINCIA":"AL","ID_CENTRALE":"1672","NOME_CENTRALE":"VOLTAGGIO","ISTAT_COMUNE_CENTR":"6190","COMUNE_CENTR":"VOLTAGGIO","PROVINCIA_CENTR":"AL","INDIRIZZO_CENTRALE":"DELL'AMORE","LATITUDINE_SEZIONE":"44.57240","LONGITUDINE_SEZIONE":"8.86993","POS_X_SEZIONE":"489672.63427","POS_Y_SEZIONE":"4935458.88562","LATITUDINE_CENTRALE":"44.62473","LONGITUDINE_CENTRALE":"8.84174","POS_X_CENTRALE":"487445.81250","POS_Y_CENTRALE":"4941276.00000","TIPO_ADSL":"ADSL_M","DESCRIZIONE_TIPO_ADSL":"ADSL Mini","DISTANZA_CALCOLATA":"6228.77","CLASSE_DISTANZA":"6100 e oltre","POTENZA_SEGNALE":"0.00","POPOLAZIONE_SEZIONE": "1"}
			},
		 		{ "type" : "Feature",
				"geometry" : {
					"type" : "Point",
					"coordinates" : [8.81046,44.61962]},
			"properties" : { "ANNO":"2010","ID_SEZIONE":"10969","ISTAT_COMUNE_SEZ":"6190","COMUNE_SEZ":"VOLTAGGIO","PROVINCIA":"AL","ID_CENTRALE":"1672","NOME_CENTRALE":"VOLTAGGIO","ISTAT_COMUNE_CENTR":"6190","COMUNE_CENTR":"VOLTAGGIO","PROVINCIA_CENTR":"AL","INDIRIZZO_CENTRALE":"DELL'AMORE","LATITUDINE_SEZIONE":"44.61962","LONGITUDINE_SEZIONE":"8.81046","POS_X_SEZIONE":"484962.88143","POS_Y_SEZIONE":"4940713.45817","LATITUDINE_CENTRALE":"44.62473","LONGITUDINE_CENTRALE":"8.84174","POS_X_CENTRALE":"487445.81250","POS_Y_CENTRALE":"4941276.00000","TIPO_ADSL":"ADSL_M","DESCRIZIONE_TIPO_ADSL":"ADSL Mini","DISTANZA_CALCOLATA":"2545.86","CLASSE_DISTANZA":"2500-2899","POTENZA_SEGNALE":"0.64","POPOLAZIONE_SEZIONE": "1"}
			},
		 		{ "type" : "Feature",
				"geometry" : {
					"type" : "Point",
					"coordinates" : [8.85858,44.56804]},
			"properties" : { "ANNO":"2010","ID_SEZIONE":"11948","ISTAT_COMUNE_SEZ":"6190","COMUNE_SEZ":"VOLTAGGIO","PROVINCIA":"AL","ID_CENTRALE":"1672","NOME_CENTRALE":"VOLTAGGIO","ISTAT_COMUNE_CENTR":"6190","COMUNE_CENTR":"VOLTAGGIO","PROVINCIA_CENTR":"AL","INDIRIZZO_CENTRALE":"DELL'AMORE","LATITUDINE_SEZIONE":"44.56804","LONGITUDINE_SEZIONE":"8.85858","POS_X_SEZIONE":"488770.48412","POS_Y_SEZIONE":"4934976.37734","LATITUDINE_CENTRALE":"44.62473","LONGITUDINE_CENTRALE":"8.84174","POS_X_CENTRALE":"487445.81250","POS_Y_CENTRALE":"4941276.00000","TIPO_ADSL":"ADSL_M","DESCRIZIONE_TIPO_ADSL":"ADSL Mini","DISTANZA_CALCOLATA":"6437.39","CLASSE_DISTANZA":"6100 e oltre","POTENZA_SEGNALE":"0.00","POPOLAZIONE_SEZIONE": ""}
			},
		 		{ "type" : "Feature",
				"geometry" : {
					"type" : "Point",
					"coordinates" : [8.82862,44.59679]},
			"properties" : { "ANNO":"2010","ID_SEZIONE":"12042","ISTAT_COMUNE_SEZ":"6190","COMUNE_SEZ":"VOLTAGGIO","PROVINCIA":"AL","ID_CENTRALE":"1672","NOME_CENTRALE":"VOLTAGGIO","ISTAT_COMUNE_CENTR":"6190","COMUNE_CENTR":"VOLTAGGIO","PROVINCIA_CENTR":"AL","INDIRIZZO_CENTRALE":"DELL'AMORE","LATITUDINE_SEZIONE":"44.59679","LONGITUDINE_SEZIONE":"8.82862","POS_X_SEZIONE":"486397.89148","POS_Y_SEZIONE":"4938174.41638","LATITUDINE_CENTRALE":"44.62473","LONGITUDINE_CENTRALE":"8.84174","POS_X_CENTRALE":"487445.81250","POS_Y_CENTRALE":"4941276.00000","TIPO_ADSL":"ADSL_M","DESCRIZIONE_TIPO_ADSL":"ADSL Mini","DISTANZA_CALCOLATA":"3273.83","CLASSE_DISTANZA":"2900-3299","POTENZA_SEGNALE":"0.64","POPOLAZIONE_SEZIONE": ""}
			},
		 		{ "type" : "Feature",
				"geometry" : {
					"type" : "Point",
					"coordinates" : [8.85590,44.58198]},
			"properties" : { "ANNO":"2010","ID_SEZIONE":"13934","ISTAT_COMUNE_SEZ":"6190","COMUNE_SEZ":"VOLTAGGIO","PROVINCIA":"AL","ID_CENTRALE":"1672","NOME_CENTRALE":"VOLTAGGIO","ISTAT_COMUNE_CENTR":"6190","COMUNE_CENTR":"VOLTAGGIO","PROVINCIA_CENTR":"AL","INDIRIZZO_CENTRALE":"DELL'AMORE","LATITUDINE_SEZIONE":"44.58198","LONGITUDINE_SEZIONE":"8.85590","POS_X_SEZIONE":"488560.47811","POS_Y_SEZIONE":"4936525.39084","LATITUDINE_CENTRALE":"44.62473","LONGITUDINE_CENTRALE":"8.84174","POS_X_CENTRALE":"487445.81250","POS_Y_CENTRALE":"4941276.00000","TIPO_ADSL":"ADSL_M","DESCRIZIONE_TIPO_ADSL":"ADSL Mini","DISTANZA_CALCOLATA":"4879.63","CLASSE_DISTANZA":"4500-4899","POTENZA_SEGNALE":"0.00","POPOLAZIONE_SEZIONE": "7"}
			},
		 		{ "type" : "Feature",
				"geometry" : {
					"type" : "Point",
					"coordinates" : [8.87292,44.62898]},
			"properties" : { "ANNO":"2010","ID_SEZIONE":"16022","ISTAT_COMUNE_SEZ":"6190","COMUNE_SEZ":"VOLTAGGIO","PROVINCIA":"AL","ID_CENTRALE":"1672","NOME_CENTRALE":"VOLTAGGIO","ISTAT_COMUNE_CENTR":"6190","COMUNE_CENTR":"VOLTAGGIO","PROVINCIA_CENTR":"AL","INDIRIZZO_CENTRALE":"DELL'AMORE","LATITUDINE_SEZIONE":"44.62898","LONGITUDINE_SEZIONE":"8.87292","POS_X_SEZIONE":"489919.80893","POS_Y_SEZIONE":"4941743.98873","LATITUDINE_CENTRALE":"44.62473","LONGITUDINE_CENTRALE":"8.84174","POS_X_CENTRALE":"487445.81250","POS_Y_CENTRALE":"4941276.00000","TIPO_ADSL":"ADSL_M","DESCRIZIONE_TIPO_ADSL":"ADSL Mini","DISTANZA_CALCOLATA":"2517.87","CLASSE_DISTANZA":"2500-2899","POTENZA_SEGNALE":"0.64","POPOLAZIONE_SEZIONE": "2"}
			},
		 		{ "type" : "Feature",
				"geometry" : {
					"type" : "Point",
					"coordinates" : [8.85706,44.59594]},
			"properties" : { "ANNO":"2010","ID_SEZIONE":"16212","ISTAT_COMUNE_SEZ":"6190","COMUNE_SEZ":"VOLTAGGIO","PROVINCIA":"AL","ID_CENTRALE":"1672","NOME_CENTRALE":"VOLTAGGIO","ISTAT_COMUNE_CENTR":"6190","COMUNE_CENTR":"VOLTAGGIO","PROVINCIA_CENTR":"AL","INDIRIZZO_CENTRALE":"DELL'AMORE","LATITUDINE_SEZIONE":"44.59594","LONGITUDINE_SEZIONE":"8.85706","POS_X_SEZIONE":"488655.47510","POS_Y_SEZIONE":"4938075.41913","LATITUDINE_CENTRALE":"44.62473","LONGITUDINE_CENTRALE":"8.84174","POS_X_CENTRALE":"487445.81250","POS_Y_CENTRALE":"4941276.00000","TIPO_ADSL":"ADSL_M","DESCRIZIONE_TIPO_ADSL":"ADSL Mini","DISTANZA_CALCOLATA":"3421.55","CLASSE_DISTANZA":"3300-3699","POTENZA_SEGNALE":"0.64","POPOLAZIONE_SEZIONE": "18"}
			},
		 		{ "type" : "Feature",
				"geometry" : {
					"type" : "Point",
					"coordinates" : [8.82509,44.57069]},
			"properties" : { "ANNO":"2010","ID_SEZIONE":"16214","ISTAT_COMUNE_SEZ":"6190","COMUNE_SEZ":"VOLTAGGIO","PROVINCIA":"AL","ID_CENTRALE":"1672","NOME_CENTRALE":"VOLTAGGIO","ISTAT_COMUNE_CENTR":"6190","COMUNE_CENTR":"VOLTAGGIO","PROVINCIA_CENTR":"AL","INDIRIZZO_CENTRALE":"DELL'AMORE","LATITUDINE_SEZIONE":"44.57069","LONGITUDINE_SEZIONE":"8.82509","POS_X_SEZIONE":"486112.14889","POS_Y_SEZIONE":"4935276.36838","LATITUDINE_CENTRALE":"44.62473","LONGITUDINE_CENTRALE":"8.84174","POS_X_CENTRALE":"487445.81250","POS_Y_CENTRALE":"4941276.00000","TIPO_ADSL":"ADSL_M","DESCRIZIONE_TIPO_ADSL":"ADSL Mini","DISTANZA_CALCOLATA":"6146.08","CLASSE_DISTANZA":"6100 e oltre","POTENZA_SEGNALE":"0.00","POPOLAZIONE_SEZIONE": ""}
			},
		 		{ "type" : "Feature",
				"geometry" : {
					"type" : "Point",
					"coordinates" : [8.85790,44.61545]},
			"properties" : { "ANNO":"2010","ID_SEZIONE":"16916","ISTAT_COMUNE_SEZ":"6190","COMUNE_SEZ":"VOLTAGGIO","PROVINCIA":"AL","ID_CENTRALE":"1672","NOME_CENTRALE":"VOLTAGGIO","ISTAT_COMUNE_CENTR":"6190","COMUNE_CENTR":"VOLTAGGIO","PROVINCIA_CENTR":"AL","INDIRIZZO_CENTRALE":"DELL'AMORE","LATITUDINE_SEZIONE":"44.61545","LONGITUDINE_SEZIONE":"8.85790","POS_X_SEZIONE":"488725.59760","POS_Y_SEZIONE":"4940243.46112","LATITUDINE_CENTRALE":"44.62473","LONGITUDINE_CENTRALE":"8.84174","POS_X_CENTRALE":"487445.81250","POS_Y_CENTRALE":"4941276.00000","TIPO_ADSL":"ADSL_M","DESCRIZIONE_TIPO_ADSL":"ADSL Mini","DISTANZA_CALCOLATA":"1644.38","CLASSE_DISTANZA":"1300-1699","POTENZA_SEGNALE":"0.64","POPOLAZIONE_SEZIONE": "30"}
			},
		 		{ "type" : "Feature",
				"geometry" : {
					"type" : "Point",
					"coordinates" : [8.82257,44.63189]},
			"properties" : { "ANNO":"2010","ID_SEZIONE":"20018","ISTAT_COMUNE_SEZ":"6190","COMUNE_SEZ":"VOLTAGGIO","PROVINCIA":"AL","ID_CENTRALE":"1672","NOME_CENTRALE":"VOLTAGGIO","ISTAT_COMUNE_CENTR":"6190","COMUNE_CENTR":"VOLTAGGIO","PROVINCIA_CENTR":"AL","INDIRIZZO_CENTRALE":"DELL'AMORE","LATITUDINE_SEZIONE":"44.63189","LONGITUDINE_SEZIONE":"8.82257","POS_X_SEZIONE":"485926.66819","POS_Y_SEZIONE":"4942074.49753","LATITUDINE_CENTRALE":"44.62473","LONGITUDINE_CENTRALE":"8.84174","POS_X_CENTRALE":"487445.81250","POS_Y_CENTRALE":"4941276.00000","TIPO_ADSL":"ADSL_M","DESCRIZIONE_TIPO_ADSL":"ADSL Mini","DISTANZA_CALCOLATA":"1716.22","CLASSE_DISTANZA":"1700-2099","POTENZA_SEGNALE":"0.64","POPOLAZIONE_SEZIONE": "1"}
			},
		 		{ "type" : "Feature",
				"geometry" : {
					"type" : "Point",
					"coordinates" : [8.83270,44.58335]},
			"properties" : { "ANNO":"2010","ID_SEZIONE":"20285","ISTAT_COMUNE_SEZ":"6190","COMUNE_SEZ":"VOLTAGGIO","PROVINCIA":"AL","ID_CENTRALE":"1672","NOME_CENTRALE":"VOLTAGGIO","ISTAT_COMUNE_CENTR":"6190","COMUNE_CENTR":"VOLTAGGIO","PROVINCIA_CENTR":"AL","INDIRIZZO_CENTRALE":"DELL'AMORE","LATITUDINE_SEZIONE":"44.58335","LONGITUDINE_SEZIONE":"8.83270","POS_X_SEZIONE":"486719.29846","POS_Y_SEZIONE":"4936681.38495","LATITUDINE_CENTRALE":"44.62473","LONGITUDINE_CENTRALE":"8.84174","POS_X_CENTRALE":"487445.81250","POS_Y_CENTRALE":"4941276.00000","TIPO_ADSL":"ADSL_M","DESCRIZIONE_TIPO_ADSL":"ADSL Mini","DISTANZA_CALCOLATA":"4651.7","CLASSE_DISTANZA":"4500-4899","POTENZA_SEGNALE":"0.00","POPOLAZIONE_SEZIONE": ""}
			},
		 		{ "type" : "Feature",
				"geometry" : {
					"type" : "Point",
					"coordinates" : [8.88036,44.56544]},
			"properties" : { "ANNO":"2010","ID_SEZIONE":"20624","ISTAT_COMUNE_SEZ":"6190","COMUNE_SEZ":"VOLTAGGIO","PROVINCIA":"AL","ID_CENTRALE":"1672","NOME_CENTRALE":"VOLTAGGIO","ISTAT_COMUNE_CENTR":"6190","COMUNE_CENTR":"VOLTAGGIO","PROVINCIA_CENTR":"AL","INDIRIZZO_CENTRALE":"DELL'AMORE","LATITUDINE_SEZIONE":"44.56544","LONGITUDINE_SEZIONE":"8.88036","POS_X_SEZIONE":"490499.47792","POS_Y_SEZIONE":"4934685.38214","LATITUDINE_CENTRALE":"44.62473","LONGITUDINE_CENTRALE":"8.84174","POS_X_CENTRALE":"487445.81250","POS_Y_CENTRALE":"4941276.00000","TIPO_ADSL":"ADSL_M","DESCRIZIONE_TIPO_ADSL":"ADSL Mini","DISTANZA_CALCOLATA":"7263.68","CLASSE_DISTANZA":"6100 e oltre","POTENZA_SEGNALE":"0.00","POPOLAZIONE_SEZIONE": "2"}
			},
		 		{ "type" : "Feature",
				"geometry" : {
					"type" : "Point",
					"coordinates" : [8.84427,44.56872]},
			"properties" : { "ANNO":"2010","ID_SEZIONE":"23923","ISTAT_COMUNE_SEZ":"6190","COMUNE_SEZ":"VOLTAGGIO","PROVINCIA":"AL","ID_CENTRALE":"1672","NOME_CENTRALE":"VOLTAGGIO","ISTAT_COMUNE_CENTR":"6190","COMUNE_CENTR":"VOLTAGGIO","PROVINCIA_CENTR":"AL","INDIRIZZO_CENTRALE":"DELL'AMORE","LATITUDINE_SEZIONE":"44.56872","LONGITUDINE_SEZIONE":"8.84427","POS_X_SEZIONE":"487634.23888","POS_Y_SEZIONE":"4935053.87314","LATITUDINE_CENTRALE":"44.62473","LONGITUDINE_CENTRALE":"8.84174","POS_X_CENTRALE":"487445.81250","POS_Y_CENTRALE":"4941276.00000","TIPO_ADSL":"ADSL_M","DESCRIZIONE_TIPO_ADSL":"ADSL Mini","DISTANZA_CALCOLATA":"6224.98","CLASSE_DISTANZA":"6100 e oltre","POTENZA_SEGNALE":"0.00","POPOLAZIONE_SEZIONE": ""}
			},
		 		{ "type" : "Feature",
				"geometry" : {
					"type" : "Point",
					"coordinates" : [8.89653,44.61856]},
			"properties" : { "ANNO":"2010","ID_SEZIONE":"24734","ISTAT_COMUNE_SEZ":"6190","COMUNE_SEZ":"VOLTAGGIO","PROVINCIA":"AL","ID_CENTRALE":"1672","NOME_CENTRALE":"VOLTAGGIO","ISTAT_COMUNE_CENTR":"6190","COMUNE_CENTR":"VOLTAGGIO","PROVINCIA_CENTR":"AL","INDIRIZZO_CENTRALE":"DELL'AMORE","LATITUDINE_SEZIONE":"44.61856","LONGITUDINE_SEZIONE":"8.89653","POS_X_SEZIONE":"491790.83254","POS_Y_SEZIONE":"4940583.46700","LATITUDINE_CENTRALE":"44.62473","LONGITUDINE_CENTRALE":"8.84174","POS_X_CENTRALE":"487445.81250","POS_Y_CENTRALE":"4941276.00000","TIPO_ADSL":"ADSL_M","DESCRIZIONE_TIPO_ADSL":"ADSL Mini","DISTANZA_CALCOLATA":"4399.86","CLASSE_DISTANZA":"4100-4499","POTENZA_SEGNALE":"0.00","POPOLAZIONE_SEZIONE": ""}
			},
		 		{ "type" : "Feature",
				"geometry" : {
					"type" : "Point",
					"coordinates" : [8.84432,44.60520]},
			"properties" : { "ANNO":"2010","ID_SEZIONE":"27479","ISTAT_COMUNE_SEZ":"6190","COMUNE_SEZ":"VOLTAGGIO","PROVINCIA":"AL","ID_CENTRALE":"1672","NOME_CENTRALE":"VOLTAGGIO","ISTAT_COMUNE_CENTR":"6190","COMUNE_CENTR":"VOLTAGGIO","PROVINCIA_CENTR":"AL","INDIRIZZO_CENTRALE":"DELL'AMORE","LATITUDINE_SEZIONE":"44.60520","LONGITUDINE_SEZIONE":"8.84432","POS_X_SEZIONE":"487646.19766","POS_Y_SEZIONE":"4939105.93792","LATITUDINE_CENTRALE":"44.62473","LONGITUDINE_CENTRALE":"8.84174","POS_X_CENTRALE":"487445.81250","POS_Y_CENTRALE":"4941276.00000","TIPO_ADSL":"ADSL_M","DESCRIZIONE_TIPO_ADSL":"ADSL Mini","DISTANZA_CALCOLATA":"2179.29","CLASSE_DISTANZA":"2100-2499","POTENZA_SEGNALE":"0.64","POPOLAZIONE_SEZIONE": ""}
			},
		 		{ "type" : "Feature",
				"geometry" : {
					"type" : "Point",
					"coordinates" : [8.83109,44.62115]},
			"properties" : { "ANNO":"2010","ID_SEZIONE":"28951","ISTAT_COMUNE_SEZ":"6190","COMUNE_SEZ":"VOLTAGGIO","PROVINCIA":"AL","ID_CENTRALE":"1672","NOME_CENTRALE":"VOLTAGGIO","ISTAT_COMUNE_CENTR":"6190","COMUNE_CENTR":"VOLTAGGIO","PROVINCIA_CENTR":"AL","INDIRIZZO_CENTRALE":"DELL'AMORE","LATITUDINE_SEZIONE":"44.62115","LONGITUDINE_SEZIONE":"8.83109","POS_X_SEZIONE":"486599.82582","POS_Y_SEZIONE":"4940879.97491","LATITUDINE_CENTRALE":"44.62473","LONGITUDINE_CENTRALE":"8.84174","POS_X_CENTRALE":"487445.81250","POS_Y_CENTRALE":"4941276.00000","TIPO_ADSL":"ADSL_M","DESCRIZIONE_TIPO_ADSL":"ADSL Mini","DISTANZA_CALCOLATA":"934.09","CLASSE_DISTANZA":"900-1299","POTENZA_SEGNALE":"0.64","POPOLAZIONE_SEZIONE": "21"}
			},
		 		{ "type" : "Feature",
				"geometry" : {
					"type" : "Point",
					"coordinates" : [8.86788,44.60808]},
			"properties" : { "ANNO":"2010","ID_SEZIONE":"29360","ISTAT_COMUNE_SEZ":"6190","COMUNE_SEZ":"VOLTAGGIO","PROVINCIA":"AL","ID_CENTRALE":"1672","NOME_CENTRALE":"VOLTAGGIO","ISTAT_COMUNE_CENTR":"6190","COMUNE_CENTR":"VOLTAGGIO","PROVINCIA_CENTR":"AL","INDIRIZZO_CENTRALE":"DELL'AMORE","LATITUDINE_SEZIONE":"44.60808","LONGITUDINE_SEZIONE":"8.86788","POS_X_SEZIONE":"489516.43894","POS_Y_SEZIONE":"4939422.44608","LATITUDINE_CENTRALE":"44.62473","LONGITUDINE_CENTRALE":"8.84174","POS_X_CENTRALE":"487445.81250","POS_Y_CENTRALE":"4941276.00000","TIPO_ADSL":"ADSL_M","DESCRIZIONE_TIPO_ADSL":"ADSL Mini","DISTANZA_CALCOLATA":"2779.06","CLASSE_DISTANZA":"2500-2899","POTENZA_SEGNALE":"0.64","POPOLAZIONE_SEZIONE": "8"}
			},
		 		{ "type" : "Feature",
				"geometry" : {
					"type" : "Point",
					"coordinates" : [8.84327,44.62296]},
			"properties" : { "ANNO":"2010","ID_SEZIONE":"29976","ISTAT_COMUNE_SEZ":"6190","COMUNE_SEZ":"VOLTAGGIO","PROVINCIA":"AL","ID_CENTRALE":"1672","NOME_CENTRALE":"VOLTAGGIO","ISTAT_COMUNE_CENTR":"6190","COMUNE_CENTR":"VOLTAGGIO","PROVINCIA_CENTR":"AL","INDIRIZZO_CENTRALE":"DELL'AMORE","LATITUDINE_SEZIONE":"44.62296","LONGITUDINE_SEZIONE":"8.84327","POS_X_SEZIONE":"487566.57091","POS_Y_SEZIONE":"4941078.97856","LATITUDINE_CENTRALE":"44.62473","LONGITUDINE_CENTRALE":"8.84174","POS_X_CENTRALE":"487445.81250","POS_Y_CENTRALE":"4941276.00000","TIPO_ADSL":"ADSL_M","DESCRIZIONE_TIPO_ADSL":"ADSL Mini","DISTANZA_CALCOLATA":"231.08","CLASSE_DISTANZA":"100-499","POTENZA_SEGNALE":"0.64","POPOLAZIONE_SEZIONE": "278"}
			},
		 		{ "type" : "Feature",
				"geometry" : {
					"type" : "Point",
					"coordinates" : [8.81294,44.59962]},
			"properties" : { "ANNO":"2010","ID_SEZIONE":"29977","ISTAT_COMUNE_SEZ":"6190","COMUNE_SEZ":"VOLTAGGIO","PROVINCIA":"AL","ID_CENTRALE":"1672","NOME_CENTRALE":"VOLTAGGIO","ISTAT_COMUNE_CENTR":"6190","COMUNE_CENTR":"VOLTAGGIO","PROVINCIA_CENTR":"AL","INDIRIZZO_CENTRALE":"DELL'AMORE","LATITUDINE_SEZIONE":"44.59962","LONGITUDINE_SEZIONE":"8.81294","POS_X_SEZIONE":"485154.38582","POS_Y_SEZIONE":"4938491.41247","LATITUDINE_CENTRALE":"44.62473","LONGITUDINE_CENTRALE":"8.84174","POS_X_CENTRALE":"487445.81250","POS_Y_CENTRALE":"4941276.00000","TIPO_ADSL":"ADSL_M","DESCRIZIONE_TIPO_ADSL":"ADSL Mini","DISTANZA_CALCOLATA":"3606.18","CLASSE_DISTANZA":"3300-3699","POTENZA_SEGNALE":"0.64","POPOLAZIONE_SEZIONE": ""}
			},
		 		{ "type" : "Feature",
				"geometry" : {
					"type" : "Point",
					"coordinates" : [8.85461,44.63288]},
			"properties" : { "ANNO":"2010","ID_SEZIONE":"29981","ISTAT_COMUNE_SEZ":"6190","COMUNE_SEZ":"VOLTAGGIO","PROVINCIA":"AL","ID_CENTRALE":"1672","NOME_CENTRALE":"VOLTAGGIO","ISTAT_COMUNE_CENTR":"6190","COMUNE_CENTR":"VOLTAGGIO","PROVINCIA_CENTR":"AL","INDIRIZZO_CENTRALE":"DELL'AMORE","LATITUDINE_SEZIONE":"44.63288","LONGITUDINE_SEZIONE":"8.85461","POS_X_SEZIONE":"488468.31555","POS_Y_SEZIONE":"4942179.49952","LATITUDINE_CENTRALE":"44.62473","LONGITUDINE_CENTRALE":"8.84174","POS_X_CENTRALE":"487445.81250","POS_Y_CENTRALE":"4941276.00000","TIPO_ADSL":"ADSL_M","DESCRIZIONE_TIPO_ADSL":"ADSL Mini","DISTANZA_CALCOLATA":"1364.49","CLASSE_DISTANZA":"1300-1699","POTENZA_SEGNALE":"0.64","POPOLAZIONE_SEZIONE": "4"}
			},
		 		{ "type" : "Feature",
				"geometry" : {
					"type" : "Point",
					"coordinates" : [8.84001,44.62824]},
			"properties" : { "ANNO":"2010","ID_SEZIONE":"30560","ISTAT_COMUNE_SEZ":"6190","COMUNE_SEZ":"VOLTAGGIO","PROVINCIA":"AL","ID_CENTRALE":"1672","NOME_CENTRALE":"VOLTAGGIO","ISTAT_COMUNE_CENTR":"6190","COMUNE_CENTR":"VOLTAGGIO","PROVINCIA_CENTR":"AL","INDIRIZZO_CENTRALE":"DELL'AMORE","LATITUDINE_SEZIONE":"44.62824","LONGITUDINE_SEZIONE":"8.84001","POS_X_SEZIONE":"487309.25865","POS_Y_SEZIONE":"4941665.99065","LATITUDINE_CENTRALE":"44.62473","LONGITUDINE_CENTRALE":"8.84174","POS_X_CENTRALE":"487445.81250","POS_Y_CENTRALE":"4941276.00000","TIPO_ADSL":"ADSL_M","DESCRIZIONE_TIPO_ADSL":"ADSL Mini","DISTANZA_CALCOLATA":"413.21","CLASSE_DISTANZA":"100-499","POTENZA_SEGNALE":"0.64","POPOLAZIONE_SEZIONE": "55"}
			},
		 		{ "type" : "Feature",
				"geometry" : {
					"type" : "Point",
					"coordinates" : [8.81318,44.58131]},
			"properties" : { "ANNO":"2010","ID_SEZIONE":"30662","ISTAT_COMUNE_SEZ":"6190","COMUNE_SEZ":"VOLTAGGIO","PROVINCIA":"AL","ID_CENTRALE":"1672","NOME_CENTRALE":"VOLTAGGIO","ISTAT_COMUNE_CENTR":"6190","COMUNE_CENTR":"VOLTAGGIO","PROVINCIA_CENTR":"AL","INDIRIZZO_CENTRALE":"DELL'AMORE","LATITUDINE_SEZIONE":"44.58131","LONGITUDINE_SEZIONE":"8.81318","POS_X_SEZIONE":"485168.67215","POS_Y_SEZIONE":"4936457.87238","LATITUDINE_CENTRALE":"44.62473","LONGITUDINE_CENTRALE":"8.84174","POS_X_CENTRALE":"487445.81250","POS_Y_CENTRALE":"4941276.00000","TIPO_ADSL":"ADSL_M","DESCRIZIONE_TIPO_ADSL":"ADSL Mini","DISTANZA_CALCOLATA":"5329.14","CLASSE_DISTANZA":"5300-5699","POTENZA_SEGNALE":"0.00","POPOLAZIONE_SEZIONE": ""}
			},
		 		{ "type" : "Feature",
				"geometry" : {
					"type" : "Point",
					"coordinates" : [8.84742,44.58118]},
			"properties" : { "ANNO":"2010","ID_SEZIONE":"30663","ISTAT_COMUNE_SEZ":"6190","COMUNE_SEZ":"VOLTAGGIO","PROVINCIA":"AL","ID_CENTRALE":"1672","NOME_CENTRALE":"VOLTAGGIO","ISTAT_COMUNE_CENTR":"6190","COMUNE_CENTR":"VOLTAGGIO","PROVINCIA_CENTR":"AL","INDIRIZZO_CENTRALE":"DELL'AMORE","LATITUDINE_SEZIONE":"44.58118","LONGITUDINE_SEZIONE":"8.84742","POS_X_SEZIONE":"487886.88732","POS_Y_SEZIONE":"4936437.88748","LATITUDINE_CENTRALE":"44.62473","LONGITUDINE_CENTRALE":"8.84174","POS_X_CENTRALE":"487445.81250","POS_Y_CENTRALE":"4941276.00000","TIPO_ADSL":"ADSL_M","DESCRIZIONE_TIPO_ADSL":"ADSL Mini","DISTANZA_CALCOLATA":"4858.18","CLASSE_DISTANZA":"4500-4899","POTENZA_SEGNALE":"0.00","POPOLAZIONE_SEZIONE": ""}
			},
		 		{ "type" : "Feature",
				"geometry" : {
					"type" : "Point",
					"coordinates" : [8.86543,44.58241]},
			"properties" : { "ANNO":"2010","ID_SEZIONE":"31408","ISTAT_COMUNE_SEZ":"6190","COMUNE_SEZ":"VOLTAGGIO","PROVINCIA":"AL","ID_CENTRALE":"1672","NOME_CENTRALE":"VOLTAGGIO","ISTAT_COMUNE_CENTR":"6190","COMUNE_CENTR":"VOLTAGGIO","PROVINCIA_CENTR":"AL","INDIRIZZO_CENTRALE":"DELL'AMORE","LATITUDINE_SEZIONE":"44.58241","LONGITUDINE_SEZIONE":"8.86543","POS_X_SEZIONE":"489316.81833","POS_Y_SEZIONE":"4936571.89222","LATITUDINE_CENTRALE":"44.62473","LONGITUDINE_CENTRALE":"8.84174","POS_X_CENTRALE":"487445.81250","POS_Y_CENTRALE":"4941276.00000","TIPO_ADSL":"ADSL_M","DESCRIZIONE_TIPO_ADSL":"ADSL Mini","DISTANZA_CALCOLATA":"5062.54","CLASSE_DISTANZA":"4900-5299","POTENZA_SEGNALE":"0.00","POPOLAZIONE_SEZIONE": "22"}
			},
		 		{ "type" : "Feature",
				"geometry" : {
					"type" : "Point",
					"coordinates" : [8.84326,44.64112]},
			"properties" : { "ANNO":"2010","ID_SEZIONE":"32466","ISTAT_COMUNE_SEZ":"6190","COMUNE_SEZ":"VOLTAGGIO","PROVINCIA":"AL","ID_CENTRALE":"1672","NOME_CENTRALE":"VOLTAGGIO","ISTAT_COMUNE_CENTR":"6190","COMUNE_CENTR":"VOLTAGGIO","PROVINCIA_CENTR":"AL","INDIRIZZO_CENTRALE":"DELL'AMORE","LATITUDINE_SEZIONE":"44.64112","LONGITUDINE_SEZIONE":"8.84326","POS_X_SEZIONE":"487569.35004","POS_Y_SEZIONE":"4943096.51968","LATITUDINE_CENTRALE":"44.62473","LONGITUDINE_CENTRALE":"8.84174","POS_X_CENTRALE":"487445.81250","POS_Y_CENTRALE":"4941276.00000","TIPO_ADSL":"ADSL_M","DESCRIZIONE_TIPO_ADSL":"ADSL Mini","DISTANZA_CALCOLATA":"1824.71","CLASSE_DISTANZA":"1700-2099","POTENZA_SEGNALE":"0.64","POPOLAZIONE_SEZIONE": ""}
			}
		 		]
	}
		