 	{ "type" : "FeatureCollection",
		"features" : [
		 		{ "type" : "Feature",
				"geometry" : {
					"type" : "Point",
					"coordinates" : [7.64141,45.28442]},
			"properties" : { "ANNO":"2010","ID_SEZIONE":"190","ISTAT_COMUNE_SEZ":"1290","COMUNE_SEZ":"VAUDA CANAVESE","PROVINCIA":"TO","ID_CENTRALE":"118","NOME_CENTRALE":"BARBANIA","ISTAT_COMUNE_CENTR":"1021","COMUNE_CENTR":"BARBANIA","PROVINCIA_CENTR":"TO","INDIRIZZO_CENTRALE":"V. CIRCONV. PER ROCCA","LATITUDINE_SEZIONE":"45.28442","LONGITUDINE_SEZIONE":"7.64141","POS_X_SEZIONE":"393453.82023","POS_Y_SEZIONE":"5015444.30343","LATITUDINE_CENTRALE":"45.29306","LONGITUDINE_CENTRALE":"7.63021","POS_X_CENTRALE":"392591.46145","POS_Y_CENTRALE":"5016419.53994","TIPO_ADSL":"ADSL_1","DESCRIZIONE_TIPO_ADSL":"ADSL (8 mega)","DISTANZA_CALCOLATA":"1301.83","CLASSE_DISTANZA":"1300-1699","POTENZA_SEGNALE":"7000","POPOLAZIONE_SEZIONE": "241"}
			},
		 		{ "type" : "Feature",
				"geometry" : {
					"type" : "Point",
					"coordinates" : [7.66101,45.25693]},
			"properties" : { "ANNO":"2010","ID_SEZIONE":"842","ISTAT_COMUNE_SEZ":"1290","COMUNE_SEZ":"VAUDA CANAVESE","PROVINCIA":"TO","ID_CENTRALE":"118","NOME_CENTRALE":"BARBANIA","ISTAT_COMUNE_CENTR":"1021","COMUNE_CENTR":"BARBANIA","PROVINCIA_CENTR":"TO","INDIRIZZO_CENTRALE":"V. CIRCONV. PER ROCCA","LATITUDINE_SEZIONE":"45.25693","LONGITUDINE_SEZIONE":"7.66101","POS_X_SEZIONE":"394939.78605","POS_Y_SEZIONE":"5012364.79494","LATITUDINE_CENTRALE":"45.29306","LONGITUDINE_CENTRALE":"7.63021","POS_X_CENTRALE":"392591.46145","POS_Y_CENTRALE":"5016419.53994","TIPO_ADSL":"ADSL_1","DESCRIZIONE_TIPO_ADSL":"ADSL (8 mega)","DISTANZA_CALCOLATA":"4685.68","CLASSE_DISTANZA":"4500-4899","POTENZA_SEGNALE":"1470","POPOLAZIONE_SEZIONE": "16"}
			},
		 		{ "type" : "Feature",
				"geometry" : {
					"type" : "Point",
					"coordinates" : [7.63383,45.30082]},
			"properties" : { "ANNO":"2010","ID_SEZIONE":"945","ISTAT_COMUNE_SEZ":"1021","COMUNE_SEZ":"BARBANIA","PROVINCIA":"TO","ID_CENTRALE":"118","NOME_CENTRALE":"BARBANIA","ISTAT_COMUNE_CENTR":"1021","COMUNE_CENTR":"BARBANIA","PROVINCIA_CENTR":"TO","INDIRIZZO_CENTRALE":"V. CIRCONV. PER ROCCA","LATITUDINE_SEZIONE":"45.30082","LONGITUDINE_SEZIONE":"7.63383","POS_X_SEZIONE":"392889.79232","POS_Y_SEZIONE":"5017276.80826","LATITUDINE_CENTRALE":"45.29306","LONGITUDINE_CENTRALE":"7.63021","POS_X_CENTRALE":"392591.46145","POS_Y_CENTRALE":"5016419.53994","TIPO_ADSL":"ADSL_1","DESCRIZIONE_TIPO_ADSL":"ADSL (8 mega)","DISTANZA_CALCOLATA":"907.70","CLASSE_DISTANZA":"900-1299","POTENZA_SEGNALE":"7000","POPOLAZIONE_SEZIONE": "17"}
			},
		 		{ "type" : "Feature",
				"geometry" : {
					"type" : "Point",
					"coordinates" : [7.61880,45.29826]},
			"properties" : { "ANNO":"2010","ID_SEZIONE":"1775","ISTAT_COMUNE_SEZ":"1021","COMUNE_SEZ":"BARBANIA","PROVINCIA":"TO","ID_CENTRALE":"118","NOME_CENTRALE":"BARBANIA","ISTAT_COMUNE_CENTR":"1021","COMUNE_CENTR":"BARBANIA","PROVINCIA_CENTR":"TO","INDIRIZZO_CENTRALE":"V. CIRCONV. PER ROCCA","LATITUDINE_SEZIONE":"45.29826","LONGITUDINE_SEZIONE":"7.61880","POS_X_SEZIONE":"391706.59309","POS_Y_SEZIONE":"5017011.80423","LATITUDINE_CENTRALE":"45.29306","LONGITUDINE_CENTRALE":"7.63021","POS_X_CENTRALE":"392591.46145","POS_Y_CENTRALE":"5016419.53994","TIPO_ADSL":"ADSL_1","DESCRIZIONE_TIPO_ADSL":"ADSL (8 mega)","DISTANZA_CALCOLATA":"1064.79","CLASSE_DISTANZA":"900-1299","POTENZA_SEGNALE":"7000","POPOLAZIONE_SEZIONE": "50"}
			},
		 		{ "type" : "Feature",
				"geometry" : {
					"type" : "Point",
					"coordinates" : [7.62266,45.28017]},
			"properties" : { "ANNO":"2010","ID_SEZIONE":"6191","ISTAT_COMUNE_SEZ":"1290","COMUNE_SEZ":"VAUDA CANAVESE","PROVINCIA":"TO","ID_CENTRALE":"118","NOME_CENTRALE":"BARBANIA","ISTAT_COMUNE_CENTR":"1021","COMUNE_CENTR":"BARBANIA","PROVINCIA_CENTR":"TO","INDIRIZZO_CENTRALE":"V. CIRCONV. PER ROCCA","LATITUDINE_SEZIONE":"45.28017","LONGITUDINE_SEZIONE":"7.62266","POS_X_SEZIONE":"391974.81197","POS_Y_SEZIONE":"5014997.29875","LATITUDINE_CENTRALE":"45.29306","LONGITUDINE_CENTRALE":"7.63021","POS_X_CENTRALE":"392591.46145","POS_Y_CENTRALE":"5016419.53994","TIPO_ADSL":"ADSL_1","DESCRIZIONE_TIPO_ADSL":"ADSL (8 mega)","DISTANZA_CALCOLATA":"1550.17","CLASSE_DISTANZA":"1300-1699","POTENZA_SEGNALE":"7000","POPOLAZIONE_SEZIONE": "318"}
			},
		 		{ "type" : "Feature",
				"geometry" : {
					"type" : "Point",
					"coordinates" : [7.60897,45.30175]},
			"properties" : { "ANNO":"2010","ID_SEZIONE":"7917","ISTAT_COMUNE_SEZ":"1021","COMUNE_SEZ":"BARBANIA","PROVINCIA":"TO","ID_CENTRALE":"118","NOME_CENTRALE":"BARBANIA","ISTAT_COMUNE_CENTR":"1021","COMUNE_CENTR":"BARBANIA","PROVINCIA_CENTR":"TO","INDIRIZZO_CENTRALE":"V. CIRCONV. PER ROCCA","LATITUDINE_SEZIONE":"45.30175","LONGITUDINE_SEZIONE":"7.60897","POS_X_SEZIONE":"390942.83245","POS_Y_SEZIONE":"5017413.30388","LATITUDINE_CENTRALE":"45.29306","LONGITUDINE_CENTRALE":"7.63021","POS_X_CENTRALE":"392591.46145","POS_Y_CENTRALE":"5016419.53994","TIPO_ADSL":"ADSL_1","DESCRIZIONE_TIPO_ADSL":"ADSL (8 mega)","DISTANZA_CALCOLATA":"1924.98","CLASSE_DISTANZA":"1700-2099","POTENZA_SEGNALE":"6874.88","POPOLAZIONE_SEZIONE": "18"}
			},
		 		{ "type" : "Feature",
				"geometry" : {
					"type" : "Point",
					"coordinates" : [7.64534,45.29896]},
			"properties" : { "ANNO":"2010","ID_SEZIONE":"9493","ISTAT_COMUNE_SEZ":"1021","COMUNE_SEZ":"BARBANIA","PROVINCIA":"TO","ID_CENTRALE":"118","NOME_CENTRALE":"BARBANIA","ISTAT_COMUNE_CENTR":"1021","COMUNE_CENTR":"BARBANIA","PROVINCIA_CENTR":"TO","INDIRIZZO_CENTRALE":"V. CIRCONV. PER ROCCA","LATITUDINE_SEZIONE":"45.29896","LONGITUDINE_SEZIONE":"7.64534","POS_X_SEZIONE":"393788.86535","POS_Y_SEZIONE":"5017054.30944","LATITUDINE_CENTRALE":"45.29306","LONGITUDINE_CENTRALE":"7.63021","POS_X_CENTRALE":"392591.46145","POS_Y_CENTRALE":"5016419.53994","TIPO_ADSL":"ADSL_1","DESCRIZIONE_TIPO_ADSL":"ADSL (8 mega)","DISTANZA_CALCOLATA":"1355.25","CLASSE_DISTANZA":"1300-1699","POTENZA_SEGNALE":"7000","POPOLAZIONE_SEZIONE": "40"}
			},
		 		{ "type" : "Feature",
				"geometry" : {
					"type" : "Point",
					"coordinates" : [7.60960,45.28344]},
			"properties" : { "ANNO":"2010","ID_SEZIONE":"9992","ISTAT_COMUNE_SEZ":"1021","COMUNE_SEZ":"BARBANIA","PROVINCIA":"TO","ID_CENTRALE":"118","NOME_CENTRALE":"BARBANIA","ISTAT_COMUNE_CENTR":"1021","COMUNE_CENTR":"BARBANIA","PROVINCIA_CENTR":"TO","INDIRIZZO_CENTRALE":"V. CIRCONV. PER ROCCA","LATITUDINE_SEZIONE":"45.28344","LONGITUDINE_SEZIONE":"7.60960","POS_X_SEZIONE":"390956.96160","POS_Y_SEZIONE":"5015377.79821","LATITUDINE_CENTRALE":"45.29306","LONGITUDINE_CENTRALE":"7.63021","POS_X_CENTRALE":"392591.46145","POS_Y_CENTRALE":"5016419.53994","TIPO_ADSL":"ADSL_1","DESCRIZIONE_TIPO_ADSL":"ADSL (8 mega)","DISTANZA_CALCOLATA":"1938.25","CLASSE_DISTANZA":"1700-2099","POTENZA_SEGNALE":"6874.88","POPOLAZIONE_SEZIONE": "26"}
			},
		 		{ "type" : "Feature",
				"geometry" : {
					"type" : "Point",
					"coordinates" : [7.64301,45.30336]},
			"properties" : { "ANNO":"2010","ID_SEZIONE":"10678","ISTAT_COMUNE_SEZ":"1021","COMUNE_SEZ":"BARBANIA","PROVINCIA":"TO","ID_CENTRALE":"118","NOME_CENTRALE":"BARBANIA","ISTAT_COMUNE_CENTR":"1021","COMUNE_CENTR":"BARBANIA","PROVINCIA_CENTR":"TO","INDIRIZZO_CENTRALE":"V. CIRCONV. PER ROCCA","LATITUDINE_SEZIONE":"45.30336","LONGITUDINE_SEZIONE":"7.64301","POS_X_SEZIONE":"393614.56212","POS_Y_SEZIONE":"5017545.81101","LATITUDINE_CENTRALE":"45.29306","LONGITUDINE_CENTRALE":"7.63021","POS_X_CENTRALE":"392591.46145","POS_Y_CENTRALE":"5016419.53994","TIPO_ADSL":"ADSL_1","DESCRIZIONE_TIPO_ADSL":"ADSL (8 mega)","DISTANZA_CALCOLATA":"1521.59","CLASSE_DISTANZA":"1300-1699","POTENZA_SEGNALE":"7000","POPOLAZIONE_SEZIONE": "22"}
			},
		 		{ "type" : "Feature",
				"geometry" : {
					"type" : "Point",
					"coordinates" : [7.60918,45.27727]},
			"properties" : { "ANNO":"2010","ID_SEZIONE":"10682","ISTAT_COMUNE_SEZ":"1290","COMUNE_SEZ":"VAUDA CANAVESE","PROVINCIA":"TO","ID_CENTRALE":"118","NOME_CENTRALE":"BARBANIA","ISTAT_COMUNE_CENTR":"1021","COMUNE_CENTR":"BARBANIA","PROVINCIA_CENTR":"TO","INDIRIZZO_CENTRALE":"V. CIRCONV. PER ROCCA","LATITUDINE_SEZIONE":"45.27727","LONGITUDINE_SEZIONE":"7.60918","POS_X_SEZIONE":"390912.26656","POS_Y_SEZIONE":"5014693.29619","LATITUDINE_CENTRALE":"45.29306","LONGITUDINE_CENTRALE":"7.63021","POS_X_CENTRALE":"392591.46145","POS_Y_CENTRALE":"5016419.53994","TIPO_ADSL":"ADSL_1","DESCRIZIONE_TIPO_ADSL":"ADSL (8 mega)","DISTANZA_CALCOLATA":"2408.24","CLASSE_DISTANZA":"2100-2499","POTENZA_SEGNALE":"6500.38","POPOLAZIONE_SEZIONE": "10"}
			},
		 		{ "type" : "Feature",
				"geometry" : {
					"type" : "Point",
					"coordinates" : [7.64427,45.29265]},
			"properties" : { "ANNO":"2010","ID_SEZIONE":"11170","ISTAT_COMUNE_SEZ":"1021","COMUNE_SEZ":"BARBANIA","PROVINCIA":"TO","ID_CENTRALE":"118","NOME_CENTRALE":"BARBANIA","ISTAT_COMUNE_CENTR":"1021","COMUNE_CENTR":"BARBANIA","PROVINCIA_CENTR":"TO","INDIRIZZO_CENTRALE":"V. CIRCONV. PER ROCCA","LATITUDINE_SEZIONE":"45.29265","LONGITUDINE_SEZIONE":"7.64427","POS_X_SEZIONE":"393692.73376","POS_Y_SEZIONE":"5016354.30714","LATITUDINE_CENTRALE":"45.29306","LONGITUDINE_CENTRALE":"7.63021","POS_X_CENTRALE":"392591.46145","POS_Y_CENTRALE":"5016419.53994","TIPO_ADSL":"ADSL_1","DESCRIZIONE_TIPO_ADSL":"ADSL (8 mega)","DISTANZA_CALCOLATA":"1103.2","CLASSE_DISTANZA":"900-1299","POTENZA_SEGNALE":"7000","POPOLAZIONE_SEZIONE": "80"}
			},
		 		{ "type" : "Feature",
				"geometry" : {
					"type" : "Point",
					"coordinates" : [7.62669,45.29131]},
			"properties" : { "ANNO":"2010","ID_SEZIONE":"14893","ISTAT_COMUNE_SEZ":"1021","COMUNE_SEZ":"BARBANIA","PROVINCIA":"TO","ID_CENTRALE":"118","NOME_CENTRALE":"BARBANIA","ISTAT_COMUNE_CENTR":"1021","COMUNE_CENTR":"BARBANIA","PROVINCIA_CENTR":"TO","INDIRIZZO_CENTRALE":"V. CIRCONV. PER ROCCA","LATITUDINE_SEZIONE":"45.29131","LONGITUDINE_SEZIONE":"7.62669","POS_X_SEZIONE":"392312.07149","POS_Y_SEZIONE":"5016229.80359","LATITUDINE_CENTRALE":"45.29306","LONGITUDINE_CENTRALE":"7.63021","POS_X_CENTRALE":"392591.46145","POS_Y_CENTRALE":"5016419.53994","TIPO_ADSL":"ADSL_1","DESCRIZIONE_TIPO_ADSL":"ADSL (8 mega)","DISTANZA_CALCOLATA":"337.73","CLASSE_DISTANZA":"100-499","POTENZA_SEGNALE":"7000","POPOLAZIONE_SEZIONE": "263"}
			},
		 		{ "type" : "Feature",
				"geometry" : {
					"type" : "Point",
					"coordinates" : [7.62044,45.30267]},
			"properties" : { "ANNO":"2010","ID_SEZIONE":"16524","ISTAT_COMUNE_SEZ":"1021","COMUNE_SEZ":"BARBANIA","PROVINCIA":"TO","ID_CENTRALE":"118","NOME_CENTRALE":"BARBANIA","ISTAT_COMUNE_CENTR":"1021","COMUNE_CENTR":"BARBANIA","PROVINCIA_CENTR":"TO","INDIRIZZO_CENTRALE":"V. CIRCONV. PER ROCCA","LATITUDINE_SEZIONE":"45.30267","LONGITUDINE_SEZIONE":"7.62044","POS_X_SEZIONE":"391843.56589","POS_Y_SEZIONE":"5017499.30605","LATITUDINE_CENTRALE":"45.29306","LONGITUDINE_CENTRALE":"7.63021","POS_X_CENTRALE":"392591.46145","POS_Y_CENTRALE":"5016419.53994","TIPO_ADSL":"ADSL_1","DESCRIZIONE_TIPO_ADSL":"ADSL (8 mega)","DISTANZA_CALCOLATA":"1313.48","CLASSE_DISTANZA":"1300-1699","POTENZA_SEGNALE":"7000","POPOLAZIONE_SEZIONE": "23"}
			},
		 		{ "type" : "Feature",
				"geometry" : {
					"type" : "Point",
					"coordinates" : [7.60576,45.28715]},
			"properties" : { "ANNO":"2010","ID_SEZIONE":"16526","ISTAT_COMUNE_SEZ":"1021","COMUNE_SEZ":"BARBANIA","PROVINCIA":"TO","ID_CENTRALE":"118","NOME_CENTRALE":"BARBANIA","ISTAT_COMUNE_CENTR":"1021","COMUNE_CENTR":"BARBANIA","PROVINCIA_CENTR":"TO","INDIRIZZO_CENTRALE":"V. CIRCONV. PER ROCCA","LATITUDINE_SEZIONE":"45.28715","LONGITUDINE_SEZIONE":"7.60576","POS_X_SEZIONE":"390663.25382","POS_Y_SEZIONE":"5015795.79859","LATITUDINE_CENTRALE":"45.29306","LONGITUDINE_CENTRALE":"7.63021","POS_X_CENTRALE":"392591.46145","POS_Y_CENTRALE":"5016419.53994","TIPO_ADSL":"ADSL_1","DESCRIZIONE_TIPO_ADSL":"ADSL (8 mega)","DISTANZA_CALCOLATA":"2026.58","CLASSE_DISTANZA":"1700-2099","POTENZA_SEGNALE":"6874.88","POPOLAZIONE_SEZIONE": "127"}
			},
		 		{ "type" : "Feature",
				"geometry" : {
					"type" : "Point",
					"coordinates" : [7.62965,45.28754]},
			"properties" : { "ANNO":"2010","ID_SEZIONE":"17787","ISTAT_COMUNE_SEZ":"1021","COMUNE_SEZ":"BARBANIA","PROVINCIA":"TO","ID_CENTRALE":"118","NOME_CENTRALE":"BARBANIA","ISTAT_COMUNE_CENTR":"1021","COMUNE_CENTR":"BARBANIA","PROVINCIA_CENTR":"TO","INDIRIZZO_CENTRALE":"V. CIRCONV. PER ROCCA","LATITUDINE_SEZIONE":"45.28754","LONGITUDINE_SEZIONE":"7.62965","POS_X_SEZIONE":"392536.71763","POS_Y_SEZIONE":"5015806.30279","LATITUDINE_CENTRALE":"45.29306","LONGITUDINE_CENTRALE":"7.63021","POS_X_CENTRALE":"392591.46145","POS_Y_CENTRALE":"5016419.53994","TIPO_ADSL":"ADSL_1","DESCRIZIONE_TIPO_ADSL":"ADSL (8 mega)","DISTANZA_CALCOLATA":"615.68","CLASSE_DISTANZA":"500-899","POTENZA_SEGNALE":"7000","POPOLAZIONE_SEZIONE": "18"}
			},
		 		{ "type" : "Feature",
				"geometry" : {
					"type" : "Point",
					"coordinates" : [7.63430,45.29568]},
			"properties" : { "ANNO":"2010","ID_SEZIONE":"17981","ISTAT_COMUNE_SEZ":"1021","COMUNE_SEZ":"BARBANIA","PROVINCIA":"TO","ID_CENTRALE":"118","NOME_CENTRALE":"BARBANIA","ISTAT_COMUNE_CENTR":"1021","COMUNE_CENTR":"BARBANIA","PROVINCIA_CENTR":"TO","INDIRIZZO_CENTRALE":"V. CIRCONV. PER ROCCA","LATITUDINE_SEZIONE":"45.29568","LONGITUDINE_SEZIONE":"7.63430","POS_X_SEZIONE":"392917.28467","POS_Y_SEZIONE":"5016704.80647","LATITUDINE_CENTRALE":"45.29306","LONGITUDINE_CENTRALE":"7.63021","POS_X_CENTRALE":"392591.46145","POS_Y_CENTRALE":"5016419.53994","TIPO_ADSL":"ADSL_1","DESCRIZIONE_TIPO_ADSL":"ADSL (8 mega)","DISTANZA_CALCOLATA":"433.06","CLASSE_DISTANZA":"100-499","POTENZA_SEGNALE":"7000","POPOLAZIONE_SEZIONE": "33"}
			},
		 		{ "type" : "Feature",
				"geometry" : {
					"type" : "Point",
					"coordinates" : [7.61700,45.29403]},
			"properties" : { "ANNO":"2010","ID_SEZIONE":"18227","ISTAT_COMUNE_SEZ":"1021","COMUNE_SEZ":"BARBANIA","PROVINCIA":"TO","ID_CENTRALE":"118","NOME_CENTRALE":"BARBANIA","ISTAT_COMUNE_CENTR":"1021","COMUNE_CENTR":"BARBANIA","PROVINCIA_CENTR":"TO","INDIRIZZO_CENTRALE":"V. CIRCONV. PER ROCCA","LATITUDINE_SEZIONE":"45.29403","LONGITUDINE_SEZIONE":"7.61700","POS_X_SEZIONE":"391557.09011","POS_Y_SEZIONE":"5016544.80288","LATITUDINE_CENTRALE":"45.29306","LONGITUDINE_CENTRALE":"7.63021","POS_X_CENTRALE":"392591.46145","POS_Y_CENTRALE":"5016419.53994","TIPO_ADSL":"ADSL_1","DESCRIZIONE_TIPO_ADSL":"ADSL (8 mega)","DISTANZA_CALCOLATA":"1041.93","CLASSE_DISTANZA":"900-1299","POTENZA_SEGNALE":"7000","POPOLAZIONE_SEZIONE": "61"}
			},
		 		{ "type" : "Feature",
				"geometry" : {
					"type" : "Point",
					"coordinates" : [7.62286,45.27702]},
			"properties" : { "ANNO":"2010","ID_SEZIONE":"19149","ISTAT_COMUNE_SEZ":"1290","COMUNE_SEZ":"VAUDA CANAVESE","PROVINCIA":"TO","ID_CENTRALE":"118","NOME_CENTRALE":"BARBANIA","ISTAT_COMUNE_CENTR":"1021","COMUNE_CENTR":"BARBANIA","PROVINCIA_CENTR":"TO","INDIRIZZO_CENTRALE":"V. CIRCONV. PER ROCCA","LATITUDINE_SEZIONE":"45.27702","LONGITUDINE_SEZIONE":"7.62286","POS_X_SEZIONE":"391984.87072","POS_Y_SEZIONE":"5014647.29811","LATITUDINE_CENTRALE":"45.29306","LONGITUDINE_CENTRALE":"7.63021","POS_X_CENTRALE":"392591.46145","POS_Y_CENTRALE":"5016419.53994","TIPO_ADSL":"ADSL_1","DESCRIZIONE_TIPO_ADSL":"ADSL (8 mega)","DISTANZA_CALCOLATA":"1873.18","CLASSE_DISTANZA":"1700-2099","POTENZA_SEGNALE":"6874.88","POPOLAZIONE_SEZIONE": "245"}
			},
		 		{ "type" : "Feature",
				"geometry" : {
					"type" : "Point",
					"coordinates" : [7.60130,45.30054]},
			"properties" : { "ANNO":"2010","ID_SEZIONE":"19400","ISTAT_COMUNE_SEZ":"1021","COMUNE_SEZ":"BARBANIA","PROVINCIA":"TO","ID_CENTRALE":"118","NOME_CENTRALE":"BARBANIA","ISTAT_COMUNE_CENTR":"1021","COMUNE_CENTR":"BARBANIA","PROVINCIA_CENTR":"TO","INDIRIZZO_CENTRALE":"V. CIRCONV. PER ROCCA","LATITUDINE_SEZIONE":"45.30054","LONGITUDINE_SEZIONE":"7.60130","POS_X_SEZIONE":"390338.65504","POS_Y_SEZIONE":"5017288.80186","LATITUDINE_CENTRALE":"45.29306","LONGITUDINE_CENTRALE":"7.63021","POS_X_CENTRALE":"392591.46145","POS_Y_CENTRALE":"5016419.53994","TIPO_ADSL":"ADSL_1","DESCRIZIONE_TIPO_ADSL":"ADSL (8 mega)","DISTANZA_CALCOLATA":"2414.7","CLASSE_DISTANZA":"2100-2499","POTENZA_SEGNALE":"6500.38","POPOLAZIONE_SEZIONE": "112"}
			},
		 		{ "type" : "Feature",
				"geometry" : {
					"type" : "Point",
					"coordinates" : [7.63364,45.27979]},
			"properties" : { "ANNO":"2010","ID_SEZIONE":"19401","ISTAT_COMUNE_SEZ":"1290","COMUNE_SEZ":"VAUDA CANAVESE","PROVINCIA":"TO","ID_CENTRALE":"118","NOME_CENTRALE":"BARBANIA","ISTAT_COMUNE_CENTR":"1021","COMUNE_CENTR":"BARBANIA","PROVINCIA_CENTR":"TO","INDIRIZZO_CENTRALE":"V. CIRCONV. PER ROCCA","LATITUDINE_SEZIONE":"45.27979","LONGITUDINE_SEZIONE":"7.63364","POS_X_SEZIONE":"392835.48295","POS_Y_SEZIONE":"5014940.30035","LATITUDINE_CENTRALE":"45.29306","LONGITUDINE_CENTRALE":"7.63021","POS_X_CENTRALE":"392591.46145","POS_Y_CENTRALE":"5016419.53994","TIPO_ADSL":"ADSL_1","DESCRIZIONE_TIPO_ADSL":"ADSL (8 mega)","DISTANZA_CALCOLATA":"1499.23","CLASSE_DISTANZA":"1300-1699","POTENZA_SEGNALE":"7000","POPOLAZIONE_SEZIONE": "15"}
			},
		 		{ "type" : "Feature",
				"geometry" : {
					"type" : "Point",
					"coordinates" : [7.61507,45.29207]},
			"properties" : { "ANNO":"2010","ID_SEZIONE":"19780","ISTAT_COMUNE_SEZ":"1021","COMUNE_SEZ":"BARBANIA","PROVINCIA":"TO","ID_CENTRALE":"118","NOME_CENTRALE":"BARBANIA","ISTAT_COMUNE_CENTR":"1021","COMUNE_CENTR":"BARBANIA","PROVINCIA_CENTR":"TO","INDIRIZZO_CENTRALE":"V. CIRCONV. PER ROCCA","LATITUDINE_SEZIONE":"45.29207","LONGITUDINE_SEZIONE":"7.61507","POS_X_SEZIONE":"391402.12154","POS_Y_SEZIONE":"5016328.80186","LATITUDINE_CENTRALE":"45.29306","LONGITUDINE_CENTRALE":"7.63021","POS_X_CENTRALE":"392591.46145","POS_Y_CENTRALE":"5016419.53994","TIPO_ADSL":"ADSL_1","DESCRIZIONE_TIPO_ADSL":"ADSL (8 mega)","DISTANZA_CALCOLATA":"1192.8","CLASSE_DISTANZA":"900-1299","POTENZA_SEGNALE":"7000","POPOLAZIONE_SEZIONE": "10"}
			},
		 		{ "type" : "Feature",
				"geometry" : {
					"type" : "Point",
					"coordinates" : [7.64790,45.28688]},
			"properties" : { "ANNO":"2010","ID_SEZIONE":"21811","ISTAT_COMUNE_SEZ":"1290","COMUNE_SEZ":"VAUDA CANAVESE","PROVINCIA":"TO","ID_CENTRALE":"118","NOME_CENTRALE":"BARBANIA","ISTAT_COMUNE_CENTR":"1021","COMUNE_CENTR":"BARBANIA","PROVINCIA_CENTR":"TO","INDIRIZZO_CENTRALE":"V. CIRCONV. PER ROCCA","LATITUDINE_SEZIONE":"45.28688","LONGITUDINE_SEZIONE":"7.64790","POS_X_SEZIONE":"393966.65735","POS_Y_SEZIONE":"5015709.30541","LATITUDINE_CENTRALE":"45.29306","LONGITUDINE_CENTRALE":"7.63021","POS_X_CENTRALE":"392591.46145","POS_Y_CENTRALE":"5016419.53994","TIPO_ADSL":"ADSL_1","DESCRIZIONE_TIPO_ADSL":"ADSL (8 mega)","DISTANZA_CALCOLATA":"1547.77","CLASSE_DISTANZA":"1300-1699","POTENZA_SEGNALE":"7000","POPOLAZIONE_SEZIONE": "7"}
			},
		 		{ "type" : "Feature",
				"geometry" : {
					"type" : "Point",
					"coordinates" : [7.61067,45.29342]},
			"properties" : { "ANNO":"2010","ID_SEZIONE":"21812","ISTAT_COMUNE_SEZ":"1021","COMUNE_SEZ":"BARBANIA","PROVINCIA":"TO","ID_CENTRALE":"118","NOME_CENTRALE":"BARBANIA","ISTAT_COMUNE_CENTR":"1021","COMUNE_CENTR":"BARBANIA","PROVINCIA_CENTR":"TO","INDIRIZZO_CENTRALE":"V. CIRCONV. PER ROCCA","LATITUDINE_SEZIONE":"45.29342","LONGITUDINE_SEZIONE":"7.61067","POS_X_SEZIONE":"391060.28730","POS_Y_SEZIONE":"5016484.80160","LATITUDINE_CENTRALE":"45.29306","LONGITUDINE_CENTRALE":"7.63021","POS_X_CENTRALE":"392591.46145","POS_Y_CENTRALE":"5016419.53994","TIPO_ADSL":"ADSL_1","DESCRIZIONE_TIPO_ADSL":"ADSL (8 mega)","DISTANZA_CALCOLATA":"1532.56","CLASSE_DISTANZA":"1300-1699","POTENZA_SEGNALE":"7000","POPOLAZIONE_SEZIONE": "26"}
			},
		 		{ "type" : "Feature",
				"geometry" : {
					"type" : "Point",
					"coordinates" : [7.63454,45.29117]},
			"properties" : { "ANNO":"2010","ID_SEZIONE":"24720","ISTAT_COMUNE_SEZ":"1021","COMUNE_SEZ":"BARBANIA","PROVINCIA":"TO","ID_CENTRALE":"118","NOME_CENTRALE":"BARBANIA","ISTAT_COMUNE_CENTR":"1021","COMUNE_CENTR":"BARBANIA","PROVINCIA_CENTR":"TO","INDIRIZZO_CENTRALE":"V. CIRCONV. PER ROCCA","LATITUDINE_SEZIONE":"45.29117","LONGITUDINE_SEZIONE":"7.63454","POS_X_SEZIONE":"392927.02803","POS_Y_SEZIONE":"5016203.30503","LATITUDINE_CENTRALE":"45.29306","LONGITUDINE_CENTRALE":"7.63021","POS_X_CENTRALE":"392591.46145","POS_Y_CENTRALE":"5016419.53994","TIPO_ADSL":"ADSL_1","DESCRIZIONE_TIPO_ADSL":"ADSL (8 mega)","DISTANZA_CALCOLATA":"399.20","CLASSE_DISTANZA":"100-499","POTENZA_SEGNALE":"7000","POPOLAZIONE_SEZIONE": "408"}
			},
		 		{ "type" : "Feature",
				"geometry" : {
					"type" : "Point",
					"coordinates" : [7.61548,45.28029]},
			"properties" : { "ANNO":"2010","ID_SEZIONE":"25322","ISTAT_COMUNE_SEZ":"1290","COMUNE_SEZ":"VAUDA CANAVESE","PROVINCIA":"TO","ID_CENTRALE":"118","NOME_CENTRALE":"BARBANIA","ISTAT_COMUNE_CENTR":"1021","COMUNE_CENTR":"BARBANIA","PROVINCIA_CENTR":"TO","INDIRIZZO_CENTRALE":"V. CIRCONV. PER ROCCA","LATITUDINE_SEZIONE":"45.28029","LONGITUDINE_SEZIONE":"7.61548","POS_X_SEZIONE":"391412.10451","POS_Y_SEZIONE":"5015019.79808","LATITUDINE_CENTRALE":"45.29306","LONGITUDINE_CENTRALE":"7.63021","POS_X_CENTRALE":"392591.46145","POS_Y_CENTRALE":"5016419.53994","TIPO_ADSL":"ADSL_1","DESCRIZIONE_TIPO_ADSL":"ADSL (8 mega)","DISTANZA_CALCOLATA":"1830.34","CLASSE_DISTANZA":"1700-2099","POTENZA_SEGNALE":"6874.88","POPOLAZIONE_SEZIONE": "279"}
			},
		 		{ "type" : "Feature",
				"geometry" : {
					"type" : "Point",
					"coordinates" : [7.59739,45.29212]},
			"properties" : { "ANNO":"2010","ID_SEZIONE":"27682","ISTAT_COMUNE_SEZ":"1021","COMUNE_SEZ":"BARBANIA","PROVINCIA":"TO","ID_CENTRALE":"118","NOME_CENTRALE":"BARBANIA","ISTAT_COMUNE_CENTR":"1021","COMUNE_CENTR":"BARBANIA","PROVINCIA_CENTR":"TO","INDIRIZZO_CENTRALE":"V. CIRCONV. PER ROCCA","LATITUDINE_SEZIONE":"45.29212","LONGITUDINE_SEZIONE":"7.59739","POS_X_SEZIONE":"390015.86771","POS_Y_SEZIONE":"5016359.29863","LATITUDINE_CENTRALE":"45.29306","LONGITUDINE_CENTRALE":"7.63021","POS_X_CENTRALE":"392591.46145","POS_Y_CENTRALE":"5016419.53994","TIPO_ADSL":"ADSL_1","DESCRIZIONE_TIPO_ADSL":"ADSL (8 mega)","DISTANZA_CALCOLATA":"2576.3","CLASSE_DISTANZA":"2500-2899","POTENZA_SEGNALE":"5749.63","POPOLAZIONE_SEZIONE": "7"}
			},
		 		{ "type" : "Feature",
				"geometry" : {
					"type" : "Point",
					"coordinates" : [7.65557,45.26255]},
			"properties" : { "ANNO":"2010","ID_SEZIONE":"28314","ISTAT_COMUNE_SEZ":"1290","COMUNE_SEZ":"VAUDA CANAVESE","PROVINCIA":"TO","ID_CENTRALE":"118","NOME_CENTRALE":"BARBANIA","ISTAT_COMUNE_CENTR":"1021","COMUNE_CENTR":"BARBANIA","PROVINCIA_CENTR":"TO","INDIRIZZO_CENTRALE":"V. CIRCONV. PER ROCCA","LATITUDINE_SEZIONE":"45.26255","LONGITUDINE_SEZIONE":"7.65557","POS_X_SEZIONE":"394523.14452","POS_Y_SEZIONE":"5012996.29677","LATITUDINE_CENTRALE":"45.29306","LONGITUDINE_CENTRALE":"7.63021","POS_X_CENTRALE":"392591.46145","POS_Y_CENTRALE":"5016419.53994","TIPO_ADSL":"ADSL_1","DESCRIZIONE_TIPO_ADSL":"ADSL (8 mega)","DISTANZA_CALCOLATA":"3930.65","CLASSE_DISTANZA":"3700-4099","POTENZA_SEGNALE":"3000.38","POPOLAZIONE_SEZIONE": "7"}
			},
		 		{ "type" : "Feature",
				"geometry" : {
					"type" : "Point",
					"coordinates" : [7.65149,45.29883]},
			"properties" : { "ANNO":"2010","ID_SEZIONE":"31566","ISTAT_COMUNE_SEZ":"1021","COMUNE_SEZ":"BARBANIA","PROVINCIA":"TO","ID_CENTRALE":"118","NOME_CENTRALE":"BARBANIA","ISTAT_COMUNE_CENTR":"1021","COMUNE_CENTR":"BARBANIA","PROVINCIA_CENTR":"TO","INDIRIZZO_CENTRALE":"V. CIRCONV. PER ROCCA","LATITUDINE_SEZIONE":"45.29883","LONGITUDINE_SEZIONE":"7.65149","POS_X_SEZIONE":"394271.10586","POS_Y_SEZIONE":"5017032.31085","LATITUDINE_CENTRALE":"45.29306","LONGITUDINE_CENTRALE":"7.63021","POS_X_CENTRALE":"392591.46145","POS_Y_CENTRALE":"5016419.53994","TIPO_ADSL":"ADSL_1","DESCRIZIONE_TIPO_ADSL":"ADSL (8 mega)","DISTANZA_CALCOLATA":"1787.93","CLASSE_DISTANZA":"1700-2099","POTENZA_SEGNALE":"6874.88","POPOLAZIONE_SEZIONE": "49"}
			},
		 		{ "type" : "Feature",
				"geometry" : {
					"type" : "Point",
					"coordinates" : [7.65144,45.29230]},
			"properties" : { "ANNO":"2010","ID_SEZIONE":"32235","ISTAT_COMUNE_SEZ":"1021","COMUNE_SEZ":"BARBANIA","PROVINCIA":"TO","ID_CENTRALE":"118","NOME_CENTRALE":"BARBANIA","ISTAT_COMUNE_CENTR":"1021","COMUNE_CENTR":"BARBANIA","PROVINCIA_CENTR":"TO","INDIRIZZO_CENTRALE":"V. CIRCONV. PER ROCCA","LATITUDINE_SEZIONE":"45.29230","LONGITUDINE_SEZIONE":"7.65144","POS_X_SEZIONE":"394254.62816","POS_Y_SEZIONE":"5016306.80788","LATITUDINE_CENTRALE":"45.29306","LONGITUDINE_CENTRALE":"7.63021","POS_X_CENTRALE":"392591.46145","POS_Y_CENTRALE":"5016419.53994","TIPO_ADSL":"ADSL_1","DESCRIZIONE_TIPO_ADSL":"ADSL (8 mega)","DISTANZA_CALCOLATA":"1666.98","CLASSE_DISTANZA":"1300-1699","POTENZA_SEGNALE":"7000","POPOLAZIONE_SEZIONE": "89"}
			}
		 		]
	}
		