 	{ "type" : "FeatureCollection",
		"features" : [
		 		{ "type" : "Feature",
				"geometry" : {
					"type" : "Point",
					"coordinates" : [7.13609,44.80892]},
			"properties" : { "ANNO":"2010","ID_SEZIONE":"1556","ISTAT_COMUNE_SEZ":"1306","COMUNE_SEZ":"VILLAR PELLICE","PROVINCIA":"TO","ID_CENTRALE":"1638","NOME_CENTRALE":"VILLAR PELLICE","ISTAT_COMUNE_CENTR":"1306","COMUNE_CENTR":"VILLAR PELLICE","PROVINCIA_CENTR":"TO","INDIRIZZO_CENTRALE":"VIA ROMA->2","LATITUDINE_SEZIONE":"44.80892","LONGITUDINE_SEZIONE":"7.13609","POS_X_SEZIONE":"352607.87075","POS_Y_SEZIONE":"4963414.40616","LATITUDINE_CENTRALE":"44.80832","LONGITUDINE_CENTRALE":"7.15380","POS_X_CENTRALE":"354006.95881","POS_Y_CENTRALE":"4963314.89320","TIPO_ADSL":"ADSL_M","DESCRIZIONE_TIPO_ADSL":"ADSL Mini","DISTANZA_CALCOLATA":"1402.62","CLASSE_DISTANZA":"1300-1699","POTENZA_SEGNALE":"0.64","POPOLAZIONE_SEZIONE": "56"}
			},
		 		{ "type" : "Feature",
				"geometry" : {
					"type" : "Point",
					"coordinates" : [7.16477,44.80904]},
			"properties" : { "ANNO":"2010","ID_SEZIONE":"1959","ISTAT_COMUNE_SEZ":"1306","COMUNE_SEZ":"VILLAR PELLICE","PROVINCIA":"TO","ID_CENTRALE":"1638","NOME_CENTRALE":"VILLAR PELLICE","ISTAT_COMUNE_CENTR":"1306","COMUNE_CENTR":"VILLAR PELLICE","PROVINCIA_CENTR":"TO","INDIRIZZO_CENTRALE":"VIA ROMA->2","LATITUDINE_SEZIONE":"44.80904","LONGITUDINE_SEZIONE":"7.16477","POS_X_SEZIONE":"354876.28829","POS_Y_SEZIONE":"4963375.42607","LATITUDINE_CENTRALE":"44.80832","LONGITUDINE_CENTRALE":"7.15380","POS_X_CENTRALE":"354006.95881","POS_Y_CENTRALE":"4963314.89320","TIPO_ADSL":"ADSL_M","DESCRIZIONE_TIPO_ADSL":"ADSL Mini","DISTANZA_CALCOLATA":"871.43","CLASSE_DISTANZA":"500-899","POTENZA_SEGNALE":"0.64","POPOLAZIONE_SEZIONE": "87"}
			},
		 		{ "type" : "Feature",
				"geometry" : {
					"type" : "Point",
					"coordinates" : [7.10599,44.84566]},
			"properties" : { "ANNO":"2010","ID_SEZIONE":"2705","ISTAT_COMUNE_SEZ":"1306","COMUNE_SEZ":"VILLAR PELLICE","PROVINCIA":"TO","ID_CENTRALE":"1638","NOME_CENTRALE":"VILLAR PELLICE","ISTAT_COMUNE_CENTR":"1306","COMUNE_CENTR":"VILLAR PELLICE","PROVINCIA_CENTR":"TO","INDIRIZZO_CENTRALE":"VIA ROMA->2","LATITUDINE_SEZIONE":"44.84566","LONGITUDINE_SEZIONE":"7.10599","POS_X_SEZIONE":"350322.86236","POS_Y_SEZIONE":"4967549.94281","LATITUDINE_CENTRALE":"44.80832","LONGITUDINE_CENTRALE":"7.15380","POS_X_CENTRALE":"354006.95881","POS_Y_CENTRALE":"4963314.89320","TIPO_ADSL":"ADSL_M","DESCRIZIONE_TIPO_ADSL":"ADSL Mini","DISTANZA_CALCOLATA":"5613.22","CLASSE_DISTANZA":"5300-5699","POTENZA_SEGNALE":"0.00","POPOLAZIONE_SEZIONE": ""}
			},
		 		{ "type" : "Feature",
				"geometry" : {
					"type" : "Point",
					"coordinates" : [7.14622,44.83570]},
			"properties" : { "ANNO":"2010","ID_SEZIONE":"5625","ISTAT_COMUNE_SEZ":"1306","COMUNE_SEZ":"VILLAR PELLICE","PROVINCIA":"TO","ID_CENTRALE":"1638","NOME_CENTRALE":"VILLAR PELLICE","ISTAT_COMUNE_CENTR":"1306","COMUNE_CENTR":"VILLAR PELLICE","PROVINCIA_CENTR":"TO","INDIRIZZO_CENTRALE":"VIA ROMA->2","LATITUDINE_SEZIONE":"44.83570","LONGITUDINE_SEZIONE":"7.14622","POS_X_SEZIONE":"353476.83408","POS_Y_SEZIONE":"4966370.45506","LATITUDINE_CENTRALE":"44.80832","LONGITUDINE_CENTRALE":"7.15380","POS_X_CENTRALE":"354006.95881","POS_Y_CENTRALE":"4963314.89320","TIPO_ADSL":"ADSL_M","DESCRIZIONE_TIPO_ADSL":"ADSL Mini","DISTANZA_CALCOLATA":"3101.21","CLASSE_DISTANZA":"2900-3299","POTENZA_SEGNALE":"0.64","POPOLAZIONE_SEZIONE": ""}
			},
		 		{ "type" : "Feature",
				"geometry" : {
					"type" : "Point",
					"coordinates" : [7.13850,44.80310]},
			"properties" : { "ANNO":"2010","ID_SEZIONE":"6514","ISTAT_COMUNE_SEZ":"1306","COMUNE_SEZ":"VILLAR PELLICE","PROVINCIA":"TO","ID_CENTRALE":"1638","NOME_CENTRALE":"VILLAR PELLICE","ISTAT_COMUNE_CENTR":"1306","COMUNE_CENTR":"VILLAR PELLICE","PROVINCIA_CENTR":"TO","INDIRIZZO_CENTRALE":"VIA ROMA->2","LATITUDINE_SEZIONE":"44.80310","LONGITUDINE_SEZIONE":"7.13850","POS_X_SEZIONE":"352783.83798","POS_Y_SEZIONE":"4962763.39867","LATITUDINE_CENTRALE":"44.80832","LONGITUDINE_CENTRALE":"7.15380","POS_X_CENTRALE":"354006.95881","POS_Y_CENTRALE":"4963314.89320","TIPO_ADSL":"ADSL_M","DESCRIZIONE_TIPO_ADSL":"ADSL Mini","DISTANZA_CALCOLATA":"1341.7","CLASSE_DISTANZA":"1300-1699","POTENZA_SEGNALE":"0.64","POPOLAZIONE_SEZIONE": ""}
			},
		 		{ "type" : "Feature",
				"geometry" : {
					"type" : "Point",
					"coordinates" : [7.17797,44.81204]},
			"properties" : { "ANNO":"2010","ID_SEZIONE":"7712","ISTAT_COMUNE_SEZ":"1306","COMUNE_SEZ":"VILLAR PELLICE","PROVINCIA":"TO","ID_CENTRALE":"1638","NOME_CENTRALE":"VILLAR PELLICE","ISTAT_COMUNE_CENTR":"1306","COMUNE_CENTR":"VILLAR PELLICE","PROVINCIA_CENTR":"TO","INDIRIZZO_CENTRALE":"VIA ROMA->2","LATITUDINE_SEZIONE":"44.81204","LONGITUDINE_SEZIONE":"7.17797","POS_X_SEZIONE":"355927.26301","POS_Y_SEZIONE":"4963685.43951","LATITUDINE_CENTRALE":"44.80832","LONGITUDINE_CENTRALE":"7.15380","POS_X_CENTRALE":"354006.95881","POS_Y_CENTRALE":"4963314.89320","TIPO_ADSL":"ADSL_M","DESCRIZIONE_TIPO_ADSL":"ADSL Mini","DISTANZA_CALCOLATA":"1955.73","CLASSE_DISTANZA":"1700-2099","POTENZA_SEGNALE":"0.64","POPOLAZIONE_SEZIONE": "39"}
			},
		 		{ "type" : "Feature",
				"geometry" : {
					"type" : "Point",
					"coordinates" : [7.14756,44.78906]},
			"properties" : { "ANNO":"2010","ID_SEZIONE":"7714","ISTAT_COMUNE_SEZ":"1306","COMUNE_SEZ":"VILLAR PELLICE","PROVINCIA":"TO","ID_CENTRALE":"1638","NOME_CENTRALE":"VILLAR PELLICE","ISTAT_COMUNE_CENTR":"1306","COMUNE_CENTR":"VILLAR PELLICE","PROVINCIA_CENTR":"TO","INDIRIZZO_CENTRALE":"VIA ROMA->2","LATITUDINE_SEZIONE":"44.78906","LONGITUDINE_SEZIONE":"7.14756","POS_X_SEZIONE":"353464.33206","POS_Y_SEZIONE":"4961187.38280","LATITUDINE_CENTRALE":"44.80832","LONGITUDINE_CENTRALE":"7.15380","POS_X_CENTRALE":"354006.95881","POS_Y_CENTRALE":"4963314.89320","TIPO_ADSL":"ADSL_M","DESCRIZIONE_TIPO_ADSL":"ADSL Mini","DISTANZA_CALCOLATA":"2195.62","CLASSE_DISTANZA":"2100-2499","POTENZA_SEGNALE":"0.64","POPOLAZIONE_SEZIONE": ""}
			},
		 		{ "type" : "Feature",
				"geometry" : {
					"type" : "Point",
					"coordinates" : [7.13674,44.80206]},
			"properties" : { "ANNO":"2010","ID_SEZIONE":"10658","ISTAT_COMUNE_SEZ":"1306","COMUNE_SEZ":"VILLAR PELLICE","PROVINCIA":"TO","ID_CENTRALE":"1638","NOME_CENTRALE":"VILLAR PELLICE","ISTAT_COMUNE_CENTR":"1306","COMUNE_CENTR":"VILLAR PELLICE","PROVINCIA_CENTR":"TO","INDIRIZZO_CENTRALE":"VIA ROMA->2","LATITUDINE_SEZIONE":"44.80206","LONGITUDINE_SEZIONE":"7.13674","POS_X_SEZIONE":"352641.84195","POS_Y_SEZIONE":"4962650.89589","LATITUDINE_CENTRALE":"44.80832","LONGITUDINE_CENTRALE":"7.15380","POS_X_CENTRALE":"354006.95881","POS_Y_CENTRALE":"4963314.89320","TIPO_ADSL":"ADSL_M","DESCRIZIONE_TIPO_ADSL":"ADSL Mini","DISTANZA_CALCOLATA":"1518.04","CLASSE_DISTANZA":"1300-1699","POTENZA_SEGNALE":"0.64","POPOLAZIONE_SEZIONE": "49"}
			},
		 		{ "type" : "Feature",
				"geometry" : {
					"type" : "Point",
					"coordinates" : [7.15464,44.77472]},
			"properties" : { "ANNO":"2010","ID_SEZIONE":"11064","ISTAT_COMUNE_SEZ":"1306","COMUNE_SEZ":"VILLAR PELLICE","PROVINCIA":"TO","ID_CENTRALE":"1638","NOME_CENTRALE":"VILLAR PELLICE","ISTAT_COMUNE_CENTR":"1306","COMUNE_CENTR":"VILLAR PELLICE","PROVINCIA_CENTR":"TO","INDIRIZZO_CENTRALE":"VIA ROMA->2","LATITUDINE_SEZIONE":"44.77472","LONGITUDINE_SEZIONE":"7.15464","POS_X_SEZIONE":"353988.48694","POS_Y_SEZIONE":"4959581.36526","LATITUDINE_CENTRALE":"44.80832","LONGITUDINE_CENTRALE":"7.15380","POS_X_CENTRALE":"354006.95881","POS_Y_CENTRALE":"4963314.89320","TIPO_ADSL":"ADSL_M","DESCRIZIONE_TIPO_ADSL":"ADSL Mini","DISTANZA_CALCOLATA":"3733.57","CLASSE_DISTANZA":"3700-4099","POTENZA_SEGNALE":"0.64","POPOLAZIONE_SEZIONE": ""}
			},
		 		{ "type" : "Feature",
				"geometry" : {
					"type" : "Point",
					"coordinates" : [7.16399,44.79980]},
			"properties" : { "ANNO":"2010","ID_SEZIONE":"12210","ISTAT_COMUNE_SEZ":"1306","COMUNE_SEZ":"VILLAR PELLICE","PROVINCIA":"TO","ID_CENTRALE":"1638","NOME_CENTRALE":"VILLAR PELLICE","ISTAT_COMUNE_CENTR":"1306","COMUNE_CENTR":"VILLAR PELLICE","PROVINCIA_CENTR":"TO","INDIRIZZO_CENTRALE":"VIA ROMA->2","LATITUDINE_SEZIONE":"44.79980","LONGITUDINE_SEZIONE":"7.16399","POS_X_SEZIONE":"354791.01571","POS_Y_SEZIONE":"4962350.91099","LATITUDINE_CENTRALE":"44.80832","LONGITUDINE_CENTRALE":"7.15380","POS_X_CENTRALE":"354006.95881","POS_Y_CENTRALE":"4963314.89320","TIPO_ADSL":"ADSL_M","DESCRIZIONE_TIPO_ADSL":"ADSL Mini","DISTANZA_CALCOLATA":"1242.58","CLASSE_DISTANZA":"900-1299","POTENZA_SEGNALE":"0.64","POPOLAZIONE_SEZIONE": ""}
			},
		 		{ "type" : "Feature",
				"geometry" : {
					"type" : "Point",
					"coordinates" : [7.15876,44.80477]},
			"properties" : { "ANNO":"2010","ID_SEZIONE":"16053","ISTAT_COMUNE_SEZ":"1306","COMUNE_SEZ":"VILLAR PELLICE","PROVINCIA":"TO","ID_CENTRALE":"1638","NOME_CENTRALE":"VILLAR PELLICE","ISTAT_COMUNE_CENTR":"1306","COMUNE_CENTR":"VILLAR PELLICE","PROVINCIA_CENTR":"TO","INDIRIZZO_CENTRALE":"VIA ROMA->2","LATITUDINE_SEZIONE":"44.80477","LONGITUDINE_SEZIONE":"7.15876","POS_X_SEZIONE":"354390.14582","POS_Y_SEZIONE":"4962912.41525","LATITUDINE_CENTRALE":"44.80832","LONGITUDINE_CENTRALE":"7.15380","POS_X_CENTRALE":"354006.95881","POS_Y_CENTRALE":"4963314.89320","TIPO_ADSL":"ADSL_M","DESCRIZIONE_TIPO_ADSL":"ADSL Mini","DISTANZA_CALCOLATA":"555.72","CLASSE_DISTANZA":"500-899","POTENZA_SEGNALE":"0.64","POPOLAZIONE_SEZIONE": "16"}
			},
		 		{ "type" : "Feature",
				"geometry" : {
					"type" : "Point",
					"coordinates" : [7.17271,44.81024]},
			"properties" : { "ANNO":"2010","ID_SEZIONE":"17238","ISTAT_COMUNE_SEZ":"1306","COMUNE_SEZ":"VILLAR PELLICE","PROVINCIA":"TO","ID_CENTRALE":"1638","NOME_CENTRALE":"VILLAR PELLICE","ISTAT_COMUNE_CENTR":"1306","COMUNE_CENTR":"VILLAR PELLICE","PROVINCIA_CENTR":"TO","INDIRIZZO_CENTRALE":"VIA ROMA->2","LATITUDINE_SEZIONE":"44.81024","LONGITUDINE_SEZIONE":"7.17271","POS_X_SEZIONE":"355506.46147","POS_Y_SEZIONE":"4963495.43323","LATITUDINE_CENTRALE":"44.80832","LONGITUDINE_CENTRALE":"7.15380","POS_X_CENTRALE":"354006.95881","POS_Y_CENTRALE":"4963314.89320","TIPO_ADSL":"ADSL_M","DESCRIZIONE_TIPO_ADSL":"ADSL Mini","DISTANZA_CALCOLATA":"1510.33","CLASSE_DISTANZA":"1300-1699","POTENZA_SEGNALE":"0.64","POPOLAZIONE_SEZIONE": "126"}
			},
		 		{ "type" : "Feature",
				"geometry" : {
					"type" : "Point",
					"coordinates" : [7.12906,44.80891]},
			"properties" : { "ANNO":"2010","ID_SEZIONE":"17239","ISTAT_COMUNE_SEZ":"1306","COMUNE_SEZ":"VILLAR PELLICE","PROVINCIA":"TO","ID_CENTRALE":"1638","NOME_CENTRALE":"VILLAR PELLICE","ISTAT_COMUNE_CENTR":"1306","COMUNE_CENTR":"VILLAR PELLICE","PROVINCIA_CENTR":"TO","INDIRIZZO_CENTRALE":"VIA ROMA->2","LATITUDINE_SEZIONE":"44.80891","LONGITUDINE_SEZIONE":"7.12906","POS_X_SEZIONE":"352051.91401","POS_Y_SEZIONE":"4963425.40136","LATITUDINE_CENTRALE":"44.80832","LONGITUDINE_CENTRALE":"7.15380","POS_X_CENTRALE":"354006.95881","POS_Y_CENTRALE":"4963314.89320","TIPO_ADSL":"ADSL_M","DESCRIZIONE_TIPO_ADSL":"ADSL Mini","DISTANZA_CALCOLATA":"1958.17","CLASSE_DISTANZA":"1700-2099","POTENZA_SEGNALE":"0.64","POPOLAZIONE_SEZIONE": "46"}
			},
		 		{ "type" : "Feature",
				"geometry" : {
					"type" : "Point",
					"coordinates" : [7.16550,44.81981]},
			"properties" : { "ANNO":"2010","ID_SEZIONE":"17481","ISTAT_COMUNE_SEZ":"1306","COMUNE_SEZ":"VILLAR PELLICE","PROVINCIA":"TO","ID_CENTRALE":"1638","NOME_CENTRALE":"VILLAR PELLICE","ISTAT_COMUNE_CENTR":"1306","COMUNE_CENTR":"VILLAR PELLICE","PROVINCIA_CENTR":"TO","INDIRIZZO_CENTRALE":"VIA ROMA->2","LATITUDINE_SEZIONE":"44.81981","LONGITUDINE_SEZIONE":"7.16550","POS_X_SEZIONE":"354960.65411","POS_Y_SEZIONE":"4964570.94300","LATITUDINE_CENTRALE":"44.80832","LONGITUDINE_CENTRALE":"7.15380","POS_X_CENTRALE":"354006.95881","POS_Y_CENTRALE":"4963314.89320","TIPO_ADSL":"ADSL_M","DESCRIZIONE_TIPO_ADSL":"ADSL Mini","DISTANZA_CALCOLATA":"1577.08","CLASSE_DISTANZA":"1300-1699","POTENZA_SEGNALE":"0.64","POPOLAZIONE_SEZIONE": "23"}
			},
		 		{ "type" : "Feature",
				"geometry" : {
					"type" : "Point",
					"coordinates" : [7.14598,44.80169]},
			"properties" : { "ANNO":"2010","ID_SEZIONE":"18068","ISTAT_COMUNE_SEZ":"1306","COMUNE_SEZ":"VILLAR PELLICE","PROVINCIA":"TO","ID_CENTRALE":"1638","NOME_CENTRALE":"VILLAR PELLICE","ISTAT_COMUNE_CENTR":"1306","COMUNE_CENTR":"VILLAR PELLICE","PROVINCIA_CENTR":"TO","INDIRIZZO_CENTRALE":"VIA ROMA->2","LATITUDINE_SEZIONE":"44.80169","LONGITUDINE_SEZIONE":"7.14598","POS_X_SEZIONE":"353371.73328","POS_Y_SEZIONE":"4962592.90165","LATITUDINE_CENTRALE":"44.80832","LONGITUDINE_CENTRALE":"7.15380","POS_X_CENTRALE":"354006.95881","POS_Y_CENTRALE":"4963314.89320","TIPO_ADSL":"ADSL_M","DESCRIZIONE_TIPO_ADSL":"ADSL Mini","DISTANZA_CALCOLATA":"961.66","CLASSE_DISTANZA":"900-1299","POTENZA_SEGNALE":"0.64","POPOLAZIONE_SEZIONE": "46"}
			},
		 		{ "type" : "Feature",
				"geometry" : {
					"type" : "Point",
					"coordinates" : [7.17200,44.80809]},
			"properties" : { "ANNO":"2010","ID_SEZIONE":"19489","ISTAT_COMUNE_SEZ":"1306","COMUNE_SEZ":"VILLAR PELLICE","PROVINCIA":"TO","ID_CENTRALE":"1638","NOME_CENTRALE":"VILLAR PELLICE","ISTAT_COMUNE_CENTR":"1306","COMUNE_CENTR":"VILLAR PELLICE","PROVINCIA_CENTR":"TO","INDIRIZZO_CENTRALE":"VIA ROMA->2","LATITUDINE_SEZIONE":"44.80809","LONGITUDINE_SEZIONE":"7.17200","POS_X_SEZIONE":"355445.55856","POS_Y_SEZIONE":"4963257.42952","LATITUDINE_CENTRALE":"44.80832","LONGITUDINE_CENTRALE":"7.15380","POS_X_CENTRALE":"354006.95881","POS_Y_CENTRALE":"4963314.89320","TIPO_ADSL":"ADSL_M","DESCRIZIONE_TIPO_ADSL":"ADSL Mini","DISTANZA_CALCOLATA":"1439.75","CLASSE_DISTANZA":"1300-1699","POTENZA_SEGNALE":"0.64","POPOLAZIONE_SEZIONE": "44"}
			},
		 		{ "type" : "Feature",
				"geometry" : {
					"type" : "Point",
					"coordinates" : [7.11046,44.73708]},
			"properties" : { "ANNO":"2010","ID_SEZIONE":"21696","ISTAT_COMUNE_SEZ":"1306","COMUNE_SEZ":"VILLAR PELLICE","PROVINCIA":"TO","ID_CENTRALE":"1638","NOME_CENTRALE":"VILLAR PELLICE","ISTAT_COMUNE_CENTR":"1306","COMUNE_CENTR":"VILLAR PELLICE","PROVINCIA_CENTR":"TO","INDIRIZZO_CENTRALE":"VIA ROMA->2","LATITUDINE_SEZIONE":"44.73708","LONGITUDINE_SEZIONE":"7.11046","POS_X_SEZIONE":"350395.86179","POS_Y_SEZIONE":"4955480.27495","LATITUDINE_CENTRALE":"44.80832","LONGITUDINE_CENTRALE":"7.15380","POS_X_CENTRALE":"354006.95881","POS_Y_CENTRALE":"4963314.89320","TIPO_ADSL":"ADSL_M","DESCRIZIONE_TIPO_ADSL":"ADSL Mini","DISTANZA_CALCOLATA":"8626.78","CLASSE_DISTANZA":"6100 e oltre","POTENZA_SEGNALE":"0.00","POPOLAZIONE_SEZIONE": ""}
			},
		 		{ "type" : "Feature",
				"geometry" : {
					"type" : "Point",
					"coordinates" : [7.14473,44.80797]},
			"properties" : { "ANNO":"2010","ID_SEZIONE":"23715","ISTAT_COMUNE_SEZ":"1306","COMUNE_SEZ":"VILLAR PELLICE","PROVINCIA":"TO","ID_CENTRALE":"1638","NOME_CENTRALE":"VILLAR PELLICE","ISTAT_COMUNE_CENTR":"1306","COMUNE_CENTR":"VILLAR PELLICE","PROVINCIA_CENTR":"TO","INDIRIZZO_CENTRALE":"VIA ROMA->2","LATITUDINE_SEZIONE":"44.80797","LONGITUDINE_SEZIONE":"7.14473","POS_X_SEZIONE":"353288.82409","POS_Y_SEZIONE":"4963292.41039","LATITUDINE_CENTRALE":"44.80832","LONGITUDINE_CENTRALE":"7.15380","POS_X_CENTRALE":"354006.95881","POS_Y_CENTRALE":"4963314.89320","TIPO_ADSL":"ADSL_M","DESCRIZIONE_TIPO_ADSL":"ADSL Mini","DISTANZA_CALCOLATA":"718.49","CLASSE_DISTANZA":"500-899","POTENZA_SEGNALE":"0.64","POPOLAZIONE_SEZIONE": "35"}
			},
		 		{ "type" : "Feature",
				"geometry" : {
					"type" : "Point",
					"coordinates" : [7.11895,44.76359]},
			"properties" : { "ANNO":"2010","ID_SEZIONE":"25079","ISTAT_COMUNE_SEZ":"1306","COMUNE_SEZ":"VILLAR PELLICE","PROVINCIA":"TO","ID_CENTRALE":"1638","NOME_CENTRALE":"VILLAR PELLICE","ISTAT_COMUNE_CENTR":"1306","COMUNE_CENTR":"VILLAR PELLICE","PROVINCIA_CENTR":"TO","INDIRIZZO_CENTRALE":"VIA ROMA->2","LATITUDINE_SEZIONE":"44.76359","LONGITUDINE_SEZIONE":"7.11895","POS_X_SEZIONE":"351135.45756","POS_Y_SEZIONE":"4958409.32200","LATITUDINE_CENTRALE":"44.80832","LONGITUDINE_CENTRALE":"7.15380","POS_X_CENTRALE":"354006.95881","POS_Y_CENTRALE":"4963314.89320","TIPO_ADSL":"ADSL_M","DESCRIZIONE_TIPO_ADSL":"ADSL Mini","DISTANZA_CALCOLATA":"5684.2","CLASSE_DISTANZA":"5300-5699","POTENZA_SEGNALE":"0.00","POPOLAZIONE_SEZIONE": ""}
			},
		 		{ "type" : "Feature",
				"geometry" : {
					"type" : "Point",
					"coordinates" : [7.15125,44.81708]},
			"properties" : { "ANNO":"2010","ID_SEZIONE":"25696","ISTAT_COMUNE_SEZ":"1306","COMUNE_SEZ":"VILLAR PELLICE","PROVINCIA":"TO","ID_CENTRALE":"1638","NOME_CENTRALE":"VILLAR PELLICE","ISTAT_COMUNE_CENTR":"1306","COMUNE_CENTR":"VILLAR PELLICE","PROVINCIA_CENTR":"TO","INDIRIZZO_CENTRALE":"VIA ROMA->2","LATITUDINE_SEZIONE":"44.81708","LONGITUDINE_SEZIONE":"7.15125","POS_X_SEZIONE":"353827.05641","POS_Y_SEZIONE":"4964293.42927","LATITUDINE_CENTRALE":"44.80832","LONGITUDINE_CENTRALE":"7.15380","POS_X_CENTRALE":"354006.95881","POS_Y_CENTRALE":"4963314.89320","TIPO_ADSL":"ADSL_M","DESCRIZIONE_TIPO_ADSL":"ADSL Mini","DISTANZA_CALCOLATA":"994.94","CLASSE_DISTANZA":"900-1299","POTENZA_SEGNALE":"0.64","POPOLAZIONE_SEZIONE": "25"}
			},
		 		{ "type" : "Feature",
				"geometry" : {
					"type" : "Point",
					"coordinates" : [7.15293,44.80221]},
			"properties" : { "ANNO":"2010","ID_SEZIONE":"26320","ISTAT_COMUNE_SEZ":"1306","COMUNE_SEZ":"VILLAR PELLICE","PROVINCIA":"TO","ID_CENTRALE":"1638","NOME_CENTRALE":"VILLAR PELLICE","ISTAT_COMUNE_CENTR":"1306","COMUNE_CENTR":"VILLAR PELLICE","PROVINCIA_CENTR":"TO","INDIRIZZO_CENTRALE":"VIA ROMA->2","LATITUDINE_SEZIONE":"44.80221","LONGITUDINE_SEZIONE":"7.15293","POS_X_SEZIONE":"353922.09590","POS_Y_SEZIONE":"4962637.90696","LATITUDINE_CENTRALE":"44.80832","LONGITUDINE_CENTRALE":"7.15380","POS_X_CENTRALE":"354006.95881","POS_Y_CENTRALE":"4963314.89320","TIPO_ADSL":"ADSL_M","DESCRIZIONE_TIPO_ADSL":"ADSL Mini","DISTANZA_CALCOLATA":"682.28","CLASSE_DISTANZA":"500-899","POTENZA_SEGNALE":"0.64","POPOLAZIONE_SEZIONE": "30"}
			},
		 		{ "type" : "Feature",
				"geometry" : {
					"type" : "Point",
					"coordinates" : [7.12719,44.78562]},
			"properties" : { "ANNO":"2010","ID_SEZIONE":"27559","ISTAT_COMUNE_SEZ":"1306","COMUNE_SEZ":"VILLAR PELLICE","PROVINCIA":"TO","ID_CENTRALE":"1638","NOME_CENTRALE":"VILLAR PELLICE","ISTAT_COMUNE_CENTR":"1306","COMUNE_CENTR":"VILLAR PELLICE","PROVINCIA_CENTR":"TO","INDIRIZZO_CENTRALE":"VIA ROMA->2","LATITUDINE_SEZIONE":"44.78562","LONGITUDINE_SEZIONE":"7.12719","POS_X_SEZIONE":"351843.96214","POS_Y_SEZIONE":"4960842.36341","LATITUDINE_CENTRALE":"44.80832","LONGITUDINE_CENTRALE":"7.15380","POS_X_CENTRALE":"354006.95881","POS_Y_CENTRALE":"4963314.89320","TIPO_ADSL":"ADSL_M","DESCRIZIONE_TIPO_ADSL":"ADSL Mini","DISTANZA_CALCOLATA":"3285.11","CLASSE_DISTANZA":"2900-3299","POTENZA_SEGNALE":"0.64","POPOLAZIONE_SEZIONE": ""}
			},
		 		{ "type" : "Feature",
				"geometry" : {
					"type" : "Point",
					"coordinates" : [7.16385,44.81206]},
			"properties" : { "ANNO":"2010","ID_SEZIONE":"27979","ISTAT_COMUNE_SEZ":"1306","COMUNE_SEZ":"VILLAR PELLICE","PROVINCIA":"TO","ID_CENTRALE":"1638","NOME_CENTRALE":"VILLAR PELLICE","ISTAT_COMUNE_CENTR":"1306","COMUNE_CENTR":"VILLAR PELLICE","PROVINCIA_CENTR":"TO","INDIRIZZO_CENTRALE":"VIA ROMA->2","LATITUDINE_SEZIONE":"44.81206","LONGITUDINE_SEZIONE":"7.16385","POS_X_SEZIONE":"354810.57002","POS_Y_SEZIONE":"4963712.92981","LATITUDINE_CENTRALE":"44.80832","LONGITUDINE_CENTRALE":"7.15380","POS_X_CENTRALE":"354006.95881","POS_Y_CENTRALE":"4963314.89320","TIPO_ADSL":"ADSL_M","DESCRIZIONE_TIPO_ADSL":"ADSL Mini","DISTANZA_CALCOLATA":"896.79","CLASSE_DISTANZA":"500-899","POTENZA_SEGNALE":"0.64","POPOLAZIONE_SEZIONE": "52"}
			},
		 		{ "type" : "Feature",
				"geometry" : {
					"type" : "Point",
					"coordinates" : [7.14127,44.80909]},
			"properties" : { "ANNO":"2010","ID_SEZIONE":"29027","ISTAT_COMUNE_SEZ":"1306","COMUNE_SEZ":"VILLAR PELLICE","PROVINCIA":"TO","ID_CENTRALE":"1638","NOME_CENTRALE":"VILLAR PELLICE","ISTAT_COMUNE_CENTR":"1306","COMUNE_CENTR":"VILLAR PELLICE","PROVINCIA_CENTR":"TO","INDIRIZZO_CENTRALE":"VIA ROMA->2","LATITUDINE_SEZIONE":"44.80909","LONGITUDINE_SEZIONE":"7.14127","POS_X_SEZIONE":"353017.64227","POS_Y_SEZIONE":"4963423.41019","LATITUDINE_CENTRALE":"44.80832","LONGITUDINE_CENTRALE":"7.15380","POS_X_CENTRALE":"354006.95881","POS_Y_CENTRALE":"4963314.89320","TIPO_ADSL":"ADSL_M","DESCRIZIONE_TIPO_ADSL":"ADSL Mini","DISTANZA_CALCOLATA":"995.25","CLASSE_DISTANZA":"900-1299","POTENZA_SEGNALE":"0.64","POPOLAZIONE_SEZIONE": "24"}
			},
		 		{ "type" : "Feature",
				"geometry" : {
					"type" : "Point",
					"coordinates" : [7.13293,44.81578]},
			"properties" : { "ANNO":"2010","ID_SEZIONE":"30020","ISTAT_COMUNE_SEZ":"1306","COMUNE_SEZ":"VILLAR PELLICE","PROVINCIA":"TO","ID_CENTRALE":"1638","NOME_CENTRALE":"VILLAR PELLICE","ISTAT_COMUNE_CENTR":"1306","COMUNE_CENTR":"VILLAR PELLICE","PROVINCIA_CENTR":"TO","INDIRIZZO_CENTRALE":"VIA ROMA->2","LATITUDINE_SEZIONE":"44.81578","LONGITUDINE_SEZIONE":"7.13293","POS_X_SEZIONE":"352375.59017","POS_Y_SEZIONE":"4964181.91515","LATITUDINE_CENTRALE":"44.80832","LONGITUDINE_CENTRALE":"7.15380","POS_X_CENTRALE":"354006.95881","POS_Y_CENTRALE":"4963314.89320","TIPO_ADSL":"ADSL_M","DESCRIZIONE_TIPO_ADSL":"ADSL Mini","DISTANZA_CALCOLATA":"1847.46","CLASSE_DISTANZA":"1700-2099","POTENZA_SEGNALE":"0.64","POPOLAZIONE_SEZIONE": "20"}
			},
		 		{ "type" : "Feature",
				"geometry" : {
					"type" : "Point",
					"coordinates" : [7.15412,44.80851]},
			"properties" : { "ANNO":"2010","ID_SEZIONE":"31324","ISTAT_COMUNE_SEZ":"1306","COMUNE_SEZ":"VILLAR PELLICE","PROVINCIA":"TO","ID_CENTRALE":"1638","NOME_CENTRALE":"VILLAR PELLICE","ISTAT_COMUNE_CENTR":"1306","COMUNE_CENTR":"VILLAR PELLICE","PROVINCIA_CENTR":"TO","INDIRIZZO_CENTRALE":"VIA ROMA->2","LATITUDINE_SEZIONE":"44.80851","LONGITUDINE_SEZIONE":"7.15412","POS_X_SEZIONE":"354032.15133","POS_Y_SEZIONE":"4963335.41787","LATITUDINE_CENTRALE":"44.80832","LONGITUDINE_CENTRALE":"7.15380","POS_X_CENTRALE":"354006.95881","POS_Y_CENTRALE":"4963314.89320","TIPO_ADSL":"ADSL_M","DESCRIZIONE_TIPO_ADSL":"ADSL Mini","DISTANZA_CALCOLATA":"32.50","CLASSE_DISTANZA":"0-99","POTENZA_SEGNALE":"0.64","POPOLAZIONE_SEZIONE": "416"}
			},
		 		{ "type" : "Feature",
				"geometry" : {
					"type" : "Point",
					"coordinates" : [7.12596,44.80815]},
			"properties" : { "ANNO":"2010","ID_SEZIONE":"31716","ISTAT_COMUNE_SEZ":"1306","COMUNE_SEZ":"VILLAR PELLICE","PROVINCIA":"TO","ID_CENTRALE":"1638","NOME_CENTRALE":"VILLAR PELLICE","ISTAT_COMUNE_CENTR":"1306","COMUNE_CENTR":"VILLAR PELLICE","PROVINCIA_CENTR":"TO","INDIRIZZO_CENTRALE":"VIA ROMA->2","LATITUDINE_SEZIONE":"44.80815","LONGITUDINE_SEZIONE":"7.12596","POS_X_SEZIONE":"351804.48182","POS_Y_SEZIONE":"4963347.39816","LATITUDINE_CENTRALE":"44.80832","LONGITUDINE_CENTRALE":"7.15380","POS_X_CENTRALE":"354006.95881","POS_Y_CENTRALE":"4963314.89320","TIPO_ADSL":"ADSL_M","DESCRIZIONE_TIPO_ADSL":"ADSL Mini","DISTANZA_CALCOLATA":"2202.72","CLASSE_DISTANZA":"2100-2499","POTENZA_SEGNALE":"0.64","POPOLAZIONE_SEZIONE": "53"}
			}
		 		]
	}
		