 	{ "type" : "FeatureCollection",
		"features" : [
		 		{ "type" : "Feature",
				"geometry" : {
					"type" : "Point",
					"coordinates" : [7.82690,44.73747]},
			"properties" : { "ANNO":"2010","ID_SEZIONE":"4160","ISTAT_COMUNE_SEZ":"4029","COMUNE_SEZ":"BRA","PROVINCIA":"CN","ID_CENTRALE":"115","NOME_CENTRALE":"BANDITO 2","ISTAT_COMUNE_CENTR":"4029","COMUNE_CENTR":"BRA","PROVINCIA_CENTR":"CN","INDIRIZZO_CENTRALE":"V.VISCONTI VENOSTA 41","LATITUDINE_SEZIONE":"44.73747","LONGITUDINE_SEZIONE":"7.82690","POS_X_SEZIONE":"407120.65006","POS_Y_SEZIONE":"4954456.66049","LATITUDINE_CENTRALE":"44.71791","LONGITUDINE_CENTRALE":"7.82570","POS_X_CENTRALE":"406993.71036","POS_Y_CENTRALE":"4952284.99992","TIPO_ADSL":"ADSL_1","DESCRIZIONE_TIPO_ADSL":"ADSL (8 mega)","DISTANZA_CALCOLATA":"2175.37","CLASSE_DISTANZA":"2100-2499","POTENZA_SEGNALE":"6500.38","POPOLAZIONE_SEZIONE": "18"}
			},
		 		{ "type" : "Feature",
				"geometry" : {
					"type" : "Point",
					"coordinates" : [7.78061,44.71858]},
			"properties" : { "ANNO":"2010","ID_SEZIONE":"5012","ISTAT_COMUNE_SEZ":"4029","COMUNE_SEZ":"BRA","PROVINCIA":"CN","ID_CENTRALE":"115","NOME_CENTRALE":"BANDITO 2","ISTAT_COMUNE_CENTR":"4029","COMUNE_CENTR":"BRA","PROVINCIA_CENTR":"CN","INDIRIZZO_CENTRALE":"V.VISCONTI VENOSTA 41","LATITUDINE_SEZIONE":"44.71858","LONGITUDINE_SEZIONE":"7.78061","POS_X_SEZIONE":"403424.25736","POS_Y_SEZIONE":"4952412.54094","LATITUDINE_CENTRALE":"44.71791","LONGITUDINE_CENTRALE":"7.82570","POS_X_CENTRALE":"406993.71036","POS_Y_CENTRALE":"4952284.99992","TIPO_ADSL":"ADSL_1","DESCRIZIONE_TIPO_ADSL":"ADSL (8 mega)","DISTANZA_CALCOLATA":"3571.73","CLASSE_DISTANZA":"3300-3699","POTENZA_SEGNALE":"3999.63","POPOLAZIONE_SEZIONE": "58"}
			},
		 		{ "type" : "Feature",
				"geometry" : {
					"type" : "Point",
					"coordinates" : [7.81200,44.73291]},
			"properties" : { "ANNO":"2010","ID_SEZIONE":"5958","ISTAT_COMUNE_SEZ":"4029","COMUNE_SEZ":"BRA","PROVINCIA":"CN","ID_CENTRALE":"115","NOME_CENTRALE":"BANDITO 2","ISTAT_COMUNE_CENTR":"4029","COMUNE_CENTR":"BRA","PROVINCIA_CENTR":"CN","INDIRIZZO_CENTRALE":"V.VISCONTI VENOSTA 41","LATITUDINE_SEZIONE":"44.73291","LONGITUDINE_SEZIONE":"7.81200","POS_X_SEZIONE":"405933.59957","POS_Y_SEZIONE":"4953966.62478","LATITUDINE_CENTRALE":"44.71791","LONGITUDINE_CENTRALE":"7.82570","POS_X_CENTRALE":"406993.71036","POS_Y_CENTRALE":"4952284.99992","TIPO_ADSL":"ADSL_1","DESCRIZIONE_TIPO_ADSL":"ADSL (8 mega)","DISTANZA_CALCOLATA":"1987.89","CLASSE_DISTANZA":"1700-2099","POTENZA_SEGNALE":"6874.88","POPOLAZIONE_SEZIONE": "24"}
			},
		 		{ "type" : "Feature",
				"geometry" : {
					"type" : "Point",
					"coordinates" : [7.77908,44.72152]},
			"properties" : { "ANNO":"2010","ID_SEZIONE":"6661","ISTAT_COMUNE_SEZ":"4029","COMUNE_SEZ":"BRA","PROVINCIA":"CN","ID_CENTRALE":"115","NOME_CENTRALE":"BANDITO 2","ISTAT_COMUNE_CENTR":"4029","COMUNE_CENTR":"BRA","PROVINCIA_CENTR":"CN","INDIRIZZO_CENTRALE":"V.VISCONTI VENOSTA 41","LATITUDINE_SEZIONE":"44.72152","LONGITUDINE_SEZIONE":"7.77908","POS_X_SEZIONE":"403307.78555","POS_Y_SEZIONE":"4952740.04174","LATITUDINE_CENTRALE":"44.71791","LONGITUDINE_CENTRALE":"7.82570","POS_X_CENTRALE":"406993.71036","POS_Y_CENTRALE":"4952284.99992","TIPO_ADSL":"ADSL_1","DESCRIZIONE_TIPO_ADSL":"ADSL (8 mega)","DISTANZA_CALCOLATA":"3713.91","CLASSE_DISTANZA":"3700-4099","POTENZA_SEGNALE":"3000.38","POPOLAZIONE_SEZIONE": "36"}
			},
		 		{ "type" : "Feature",
				"geometry" : {
					"type" : "Point",
					"coordinates" : [7.78206,44.72449]},
			"properties" : { "ANNO":"2010","ID_SEZIONE":"8525","ISTAT_COMUNE_SEZ":"4029","COMUNE_SEZ":"BRA","PROVINCIA":"CN","ID_CENTRALE":"115","NOME_CENTRALE":"BANDITO 2","ISTAT_COMUNE_CENTR":"4029","COMUNE_CENTR":"BRA","PROVINCIA_CENTR":"CN","INDIRIZZO_CENTRALE":"V.VISCONTI VENOSTA 41","LATITUDINE_SEZIONE":"44.72449","LONGITUDINE_SEZIONE":"7.78206","POS_X_SEZIONE":"403548.37332","POS_Y_SEZIONE":"4953066.55182","LATITUDINE_CENTRALE":"44.71791","LONGITUDINE_CENTRALE":"7.82570","POS_X_CENTRALE":"406993.71036","POS_Y_CENTRALE":"4952284.99992","TIPO_ADSL":"ADSL_1","DESCRIZIONE_TIPO_ADSL":"ADSL (8 mega)","DISTANZA_CALCOLATA":"3532.87","CLASSE_DISTANZA":"3300-3699","POTENZA_SEGNALE":"3999.63","POPOLAZIONE_SEZIONE": "11"}
			},
		 		{ "type" : "Feature",
				"geometry" : {
					"type" : "Point",
					"coordinates" : [7.79516,44.73649]},
			"properties" : { "ANNO":"2010","ID_SEZIONE":"9753","ISTAT_COMUNE_SEZ":"4029","COMUNE_SEZ":"BRA","PROVINCIA":"CN","ID_CENTRALE":"115","NOME_CENTRALE":"BANDITO 2","ISTAT_COMUNE_CENTR":"4029","COMUNE_CENTR":"BRA","PROVINCIA_CENTR":"CN","INDIRIZZO_CENTRALE":"V.VISCONTI VENOSTA 41","LATITUDINE_SEZIONE":"44.73649","LONGITUDINE_SEZIONE":"7.79516","POS_X_SEZIONE":"404605.85096","POS_Y_SEZIONE":"4954384.59444","LATITUDINE_CENTRALE":"44.71791","LONGITUDINE_CENTRALE":"7.82570","POS_X_CENTRALE":"406993.71036","POS_Y_CENTRALE":"4952284.99992","TIPO_ADSL":"ADSL_1","DESCRIZIONE_TIPO_ADSL":"ADSL (8 mega)","DISTANZA_CALCOLATA":"3179.65","CLASSE_DISTANZA":"2900-3299","POTENZA_SEGNALE":"4999.75","POPOLAZIONE_SEZIONE": "47"}
			},
		 		{ "type" : "Feature",
				"geometry" : {
					"type" : "Point",
					"coordinates" : [7.80841,44.72364]},
			"properties" : { "ANNO":"2010","ID_SEZIONE":"10597","ISTAT_COMUNE_SEZ":"4029","COMUNE_SEZ":"BRA","PROVINCIA":"CN","ID_CENTRALE":"115","NOME_CENTRALE":"BANDITO 2","ISTAT_COMUNE_CENTR":"4029","COMUNE_CENTR":"BRA","PROVINCIA_CENTR":"CN","INDIRIZZO_CENTRALE":"V.VISCONTI VENOSTA 41","LATITUDINE_SEZIONE":"44.72364","LONGITUDINE_SEZIONE":"7.80841","POS_X_SEZIONE":"405634.17685","POS_Y_SEZIONE":"4952941.10721","LATITUDINE_CENTRALE":"44.71791","LONGITUDINE_CENTRALE":"7.82570","POS_X_CENTRALE":"406993.71036","POS_Y_CENTRALE":"4952284.99992","TIPO_ADSL":"ADSL_1","DESCRIZIONE_TIPO_ADSL":"ADSL (8 mega)","DISTANZA_CALCOLATA":"1509.57","CLASSE_DISTANZA":"1300-1699","POTENZA_SEGNALE":"7000","POPOLAZIONE_SEZIONE": "44"}
			},
		 		{ "type" : "Feature",
				"geometry" : {
					"type" : "Point",
					"coordinates" : [7.82493,44.72726]},
			"properties" : { "ANNO":"2010","ID_SEZIONE":"13898","ISTAT_COMUNE_SEZ":"4029","COMUNE_SEZ":"BRA","PROVINCIA":"CN","ID_CENTRALE":"115","NOME_CENTRALE":"BANDITO 2","ISTAT_COMUNE_CENTR":"4029","COMUNE_CENTR":"BRA","PROVINCIA_CENTR":"CN","INDIRIZZO_CENTRALE":"V.VISCONTI VENOSTA 41","LATITUDINE_SEZIONE":"44.72726","LONGITUDINE_SEZIONE":"7.82493","POS_X_SEZIONE":"406948.16494","POS_Y_SEZIONE":"4953325.14612","LATITUDINE_CENTRALE":"44.71791","LONGITUDINE_CENTRALE":"7.82570","POS_X_CENTRALE":"406993.71036","POS_Y_CENTRALE":"4952284.99992","TIPO_ADSL":"ADSL_1","DESCRIZIONE_TIPO_ADSL":"ADSL (8 mega)","DISTANZA_CALCOLATA":"1041.14","CLASSE_DISTANZA":"900-1299","POTENZA_SEGNALE":"7000","POPOLAZIONE_SEZIONE": "234"}
			},
		 		{ "type" : "Feature",
				"geometry" : {
					"type" : "Point",
					"coordinates" : [7.80721,44.74555]},
			"properties" : { "ANNO":"2010","ID_SEZIONE":"17004","ISTAT_COMUNE_SEZ":"4029","COMUNE_SEZ":"BRA","PROVINCIA":"CN","ID_CENTRALE":"115","NOME_CENTRALE":"BANDITO 2","ISTAT_COMUNE_CENTR":"4029","COMUNE_CENTR":"BRA","PROVINCIA_CENTR":"CN","INDIRIZZO_CENTRALE":"V.VISCONTI VENOSTA 41","LATITUDINE_SEZIONE":"44.74555","LONGITUDINE_SEZIONE":"7.80721","POS_X_SEZIONE":"405574.80277","POS_Y_SEZIONE":"4955377.12897","LATITUDINE_CENTRALE":"44.71791","LONGITUDINE_CENTRALE":"7.82570","POS_X_CENTRALE":"406993.71036","POS_Y_CENTRALE":"4952284.99992","TIPO_ADSL":"ADSL_1","DESCRIZIONE_TIPO_ADSL":"ADSL (8 mega)","DISTANZA_CALCOLATA":"3402.14","CLASSE_DISTANZA":"3300-3699","POTENZA_SEGNALE":"3999.63","POPOLAZIONE_SEZIONE": "66"}
			},
		 		{ "type" : "Feature",
				"geometry" : {
					"type" : "Point",
					"coordinates" : [7.82412,44.72248]},
			"properties" : { "ANNO":"2010","ID_SEZIONE":"18011","ISTAT_COMUNE_SEZ":"4029","COMUNE_SEZ":"BRA","PROVINCIA":"CN","ID_CENTRALE":"115","NOME_CENTRALE":"BANDITO 2","ISTAT_COMUNE_CENTR":"4029","COMUNE_CENTR":"BRA","PROVINCIA_CENTR":"CN","INDIRIZZO_CENTRALE":"V.VISCONTI VENOSTA 41","LATITUDINE_SEZIONE":"44.72248","LONGITUDINE_SEZIONE":"7.82412","POS_X_SEZIONE":"406876.60885","POS_Y_SEZIONE":"4952794.63988","LATITUDINE_CENTRALE":"44.71791","LONGITUDINE_CENTRALE":"7.82570","POS_X_CENTRALE":"406993.71036","POS_Y_CENTRALE":"4952284.99992","TIPO_ADSL":"ADSL_1","DESCRIZIONE_TIPO_ADSL":"ADSL (8 mega)","DISTANZA_CALCOLATA":"522.92","CLASSE_DISTANZA":"500-899","POTENZA_SEGNALE":"7000","POPOLAZIONE_SEZIONE": "390"}
			},
		 		{ "type" : "Feature",
				"geometry" : {
					"type" : "Point",
					"coordinates" : [7.80887,44.73086]},
			"properties" : { "ANNO":"2010","ID_SEZIONE":"21516","ISTAT_COMUNE_SEZ":"4029","COMUNE_SEZ":"BRA","PROVINCIA":"CN","ID_CENTRALE":"115","NOME_CENTRALE":"BANDITO 2","ISTAT_COMUNE_CENTR":"4029","COMUNE_CENTR":"BRA","PROVINCIA_CENTR":"CN","INDIRIZZO_CENTRALE":"V.VISCONTI VENOSTA 41","LATITUDINE_SEZIONE":"44.73086","LONGITUDINE_SEZIONE":"7.80887","POS_X_SEZIONE":"405682.10363","POS_Y_SEZIONE":"4953743.11630","LATITUDINE_CENTRALE":"44.71791","LONGITUDINE_CENTRALE":"7.82570","POS_X_CENTRALE":"406993.71036","POS_Y_CENTRALE":"4952284.99992","TIPO_ADSL":"ADSL_1","DESCRIZIONE_TIPO_ADSL":"ADSL (8 mega)","DISTANZA_CALCOLATA":"1961.23","CLASSE_DISTANZA":"1700-2099","POTENZA_SEGNALE":"6874.88","POPOLAZIONE_SEZIONE": "33"}
			},
		 		{ "type" : "Feature",
				"geometry" : {
					"type" : "Point",
					"coordinates" : [7.79588,44.70042]},
			"properties" : { "ANNO":"2010","ID_SEZIONE":"22658","ISTAT_COMUNE_SEZ":"4029","COMUNE_SEZ":"BRA","PROVINCIA":"CN","ID_CENTRALE":"115","NOME_CENTRALE":"BANDITO 2","ISTAT_COMUNE_CENTR":"4029","COMUNE_CENTR":"BRA","PROVINCIA_CENTR":"CN","INDIRIZZO_CENTRALE":"V.VISCONTI VENOSTA 41","LATITUDINE_SEZIONE":"44.70042","LONGITUDINE_SEZIONE":"7.79588","POS_X_SEZIONE":"404603.93352","POS_Y_SEZIONE":"4950377.05268","LATITUDINE_CENTRALE":"44.71791","LONGITUDINE_CENTRALE":"7.82570","POS_X_CENTRALE":"406993.71036","POS_Y_CENTRALE":"4952284.99992","TIPO_ADSL":"ADSL_1","DESCRIZIONE_TIPO_ADSL":"ADSL (8 mega)","DISTANZA_CALCOLATA":"3057.99","CLASSE_DISTANZA":"2900-3299","POTENZA_SEGNALE":"4999.75","POPOLAZIONE_SEZIONE": "17"}
			},
		 		{ "type" : "Feature",
				"geometry" : {
					"type" : "Point",
					"coordinates" : [7.80976,44.74234]},
			"properties" : { "ANNO":"2010","ID_SEZIONE":"22877","ISTAT_COMUNE_SEZ":"4029","COMUNE_SEZ":"BRA","PROVINCIA":"CN","ID_CENTRALE":"115","NOME_CENTRALE":"BANDITO 2","ISTAT_COMUNE_CENTR":"4029","COMUNE_CENTR":"BRA","PROVINCIA_CENTR":"CN","INDIRIZZO_CENTRALE":"V.VISCONTI VENOSTA 41","LATITUDINE_SEZIONE":"44.74234","LONGITUDINE_SEZIONE":"7.80976","POS_X_SEZIONE":"405771.40001","POS_Y_SEZIONE":"4955017.13051","LATITUDINE_CENTRALE":"44.71791","LONGITUDINE_CENTRALE":"7.82570","POS_X_CENTRALE":"406993.71036","POS_Y_CENTRALE":"4952284.99992","TIPO_ADSL":"ADSL_1","DESCRIZIONE_TIPO_ADSL":"ADSL (8 mega)","DISTANZA_CALCOLATA":"2993.09","CLASSE_DISTANZA":"2900-3299","POTENZA_SEGNALE":"4999.75","POPOLAZIONE_SEZIONE": "50"}
			},
		 		{ "type" : "Feature",
				"geometry" : {
					"type" : "Point",
					"coordinates" : [7.82964,44.71778]},
			"properties" : { "ANNO":"2010","ID_SEZIONE":"23746","ISTAT_COMUNE_SEZ":"4029","COMUNE_SEZ":"BRA","PROVINCIA":"CN","ID_CENTRALE":"115","NOME_CENTRALE":"BANDITO 2","ISTAT_COMUNE_CENTR":"4029","COMUNE_CENTR":"BRA","PROVINCIA_CENTR":"CN","INDIRIZZO_CENTRALE":"V.VISCONTI VENOSTA 41","LATITUDINE_SEZIONE":"44.71778","LONGITUDINE_SEZIONE":"7.82964","POS_X_SEZIONE":"407305.80053","POS_Y_SEZIONE":"4952266.14426","LATITUDINE_CENTRALE":"44.71791","LONGITUDINE_CENTRALE":"7.82570","POS_X_CENTRALE":"406993.71036","POS_Y_CENTRALE":"4952284.99992","TIPO_ADSL":"ADSL_1","DESCRIZIONE_TIPO_ADSL":"ADSL (8 mega)","DISTANZA_CALCOLATA":"312.66","CLASSE_DISTANZA":"100-499","POTENZA_SEGNALE":"7000","POPOLAZIONE_SEZIONE": "247"}
			},
		 		{ "type" : "Feature",
				"geometry" : {
					"type" : "Point",
					"coordinates" : [7.77844,44.71186]},
			"properties" : { "ANNO":"2010","ID_SEZIONE":"25890","ISTAT_COMUNE_SEZ":"4029","COMUNE_SEZ":"BRA","PROVINCIA":"CN","ID_CENTRALE":"115","NOME_CENTRALE":"BANDITO 2","ISTAT_COMUNE_CENTR":"4029","COMUNE_CENTR":"BRA","PROVINCIA_CENTR":"CN","INDIRIZZO_CENTRALE":"V.VISCONTI VENOSTA 41","LATITUDINE_SEZIONE":"44.71186","LONGITUDINE_SEZIONE":"7.77844","POS_X_SEZIONE":"403240.61166","POS_Y_SEZIONE":"4951668.02740","LATITUDINE_CENTRALE":"44.71791","LONGITUDINE_CENTRALE":"7.82570","POS_X_CENTRALE":"406993.71036","POS_Y_CENTRALE":"4952284.99992","TIPO_ADSL":"ADSL_1","DESCRIZIONE_TIPO_ADSL":"ADSL (8 mega)","DISTANZA_CALCOLATA":"3803.47","CLASSE_DISTANZA":"3700-4099","POTENZA_SEGNALE":"3000.38","POPOLAZIONE_SEZIONE": "12"}
			},
		 		{ "type" : "Feature",
				"geometry" : {
					"type" : "Point",
					"coordinates" : [7.82389,44.71970]},
			"properties" : { "ANNO":"2010","ID_SEZIONE":"28816","ISTAT_COMUNE_SEZ":"4029","COMUNE_SEZ":"BRA","PROVINCIA":"CN","ID_CENTRALE":"115","NOME_CENTRALE":"BANDITO 2","ISTAT_COMUNE_CENTR":"4029","COMUNE_CENTR":"BRA","PROVINCIA_CENTR":"CN","INDIRIZZO_CENTRALE":"V.VISCONTI VENOSTA 41","LATITUDINE_SEZIONE":"44.71970","LONGITUDINE_SEZIONE":"7.82389","POS_X_SEZIONE":"406853.48795","POS_Y_SEZIONE":"4952486.13633","LATITUDINE_CENTRALE":"44.71791","LONGITUDINE_CENTRALE":"7.82570","POS_X_CENTRALE":"406993.71036","POS_Y_CENTRALE":"4952284.99992","TIPO_ADSL":"ADSL_1","DESCRIZIONE_TIPO_ADSL":"ADSL (8 mega)","DISTANZA_CALCOLATA":"245.19","CLASSE_DISTANZA":"100-499","POTENZA_SEGNALE":"7000","POPOLAZIONE_SEZIONE": "277"}
			},
		 		{ "type" : "Feature",
				"geometry" : {
					"type" : "Point",
					"coordinates" : [7.81933,44.72714]},
			"properties" : { "ANNO":"2010","ID_SEZIONE":"30889","ISTAT_COMUNE_SEZ":"4029","COMUNE_SEZ":"BRA","PROVINCIA":"CN","ID_CENTRALE":"115","NOME_CENTRALE":"BANDITO 2","ISTAT_COMUNE_CENTR":"4029","COMUNE_CENTR":"BRA","PROVINCIA_CENTR":"CN","INDIRIZZO_CENTRALE":"V.VISCONTI VENOSTA 41","LATITUDINE_SEZIONE":"44.72714","LONGITUDINE_SEZIONE":"7.81933","POS_X_SEZIONE":"406504.79240","POS_Y_SEZIONE":"4953317.63406","LATITUDINE_CENTRALE":"44.71791","LONGITUDINE_CENTRALE":"7.82570","POS_X_CENTRALE":"406993.71036","POS_Y_CENTRALE":"4952284.99992","TIPO_ADSL":"ADSL_1","DESCRIZIONE_TIPO_ADSL":"ADSL (8 mega)","DISTANZA_CALCOLATA":"1142.53","CLASSE_DISTANZA":"900-1299","POTENZA_SEGNALE":"7000","POPOLAZIONE_SEZIONE": "182"}
			},
		 		{ "type" : "Feature",
				"geometry" : {
					"type" : "Point",
					"coordinates" : [7.81493,44.74081]},
			"properties" : { "ANNO":"2010","ID_SEZIONE":"32878","ISTAT_COMUNE_SEZ":"4029","COMUNE_SEZ":"BRA","PROVINCIA":"CN","ID_CENTRALE":"115","NOME_CENTRALE":"BANDITO 2","ISTAT_COMUNE_CENTR":"4029","COMUNE_CENTR":"BRA","PROVINCIA_CENTR":"CN","INDIRIZZO_CENTRALE":"V.VISCONTI VENOSTA 41","LATITUDINE_SEZIONE":"44.74081","LONGITUDINE_SEZIONE":"7.81493","POS_X_SEZIONE":"406177.86914","POS_Y_SEZIONE":"4954841.63943","LATITUDINE_CENTRALE":"44.71791","LONGITUDINE_CENTRALE":"7.82570","POS_X_CENTRALE":"406993.71036","POS_Y_CENTRALE":"4952284.99992","TIPO_ADSL":"ADSL_1","DESCRIZIONE_TIPO_ADSL":"ADSL (8 mega)","DISTANZA_CALCOLATA":"2683.65","CLASSE_DISTANZA":"2500-2899","POTENZA_SEGNALE":"5749.63","POPOLAZIONE_SEZIONE": "17"}
			},
		 		{ "type" : "Feature",
				"geometry" : {
					"type" : "Point",
					"coordinates" : [7.82099,44.72270]},
			"properties" : { "ANNO":"2010","ID_SEZIONE":"32879","ISTAT_COMUNE_SEZ":"4029","COMUNE_SEZ":"BRA","PROVINCIA":"CN","ID_CENTRALE":"115","NOME_CENTRALE":"BANDITO 2","ISTAT_COMUNE_CENTR":"4029","COMUNE_CENTR":"BRA","PROVINCIA_CENTR":"CN","INDIRIZZO_CENTRALE":"V.VISCONTI VENOSTA 41","LATITUDINE_SEZIONE":"44.72270","LONGITUDINE_SEZIONE":"7.82099","POS_X_SEZIONE":"406628.36002","POS_Y_SEZIONE":"4952822.63297","LATITUDINE_CENTRALE":"44.71791","LONGITUDINE_CENTRALE":"7.82570","POS_X_CENTRALE":"406993.71036","POS_Y_CENTRALE":"4952284.99992","TIPO_ADSL":"ADSL_1","DESCRIZIONE_TIPO_ADSL":"ADSL (8 mega)","DISTANZA_CALCOLATA":"650.02","CLASSE_DISTANZA":"500-899","POTENZA_SEGNALE":"7000","POPOLAZIONE_SEZIONE": "303"}
			}
		 		]
	}
		