 	{ "type" : "FeatureCollection",
		"features" : [
		 		{ "type" : "Feature",
				"geometry" : {
					"type" : "Point",
					"coordinates" : [7.85314,44.91805]},
			"properties" : { "ANNO":"2010","ID_SEZIONE":"699","ISTAT_COMUNE_SEZ":"1197","COMUNE_SEZ":"POIRINO","PROVINCIA":"TO","ID_CENTRALE":"1010","NOME_CENTRALE":"POIRINO","ISTAT_COMUNE_CENTR":"1197","COMUNE_CENTR":"POIRINO","PROVINCIA_CENTR":"TO","INDIRIZZO_CENTRALE":"J. ARPINO 17/A","LATITUDINE_SEZIONE":"44.91805","LONGITUDINE_SEZIONE":"7.85314","POS_X_SEZIONE":"409481.30850","POS_Y_SEZIONE":"4974487.01699","LATITUDINE_CENTRALE":"44.92003","LONGITUDINE_CENTRALE":"7.84198","POS_X_CENTRALE":"408603.60317","POS_Y_CENTRALE":"4974718.87624","TIPO_ADSL":"ADSL_2P","DESCRIZIONE_TIPO_ADSL":"ADSL 2+ (24 mega)","DISTANZA_CALCOLATA":"907.81","CLASSE_DISTANZA":"900-1299","POTENZA_SEGNALE":"17737.5","POPOLAZIONE_SEZIONE": "853"}
			},
		 		{ "type" : "Feature",
				"geometry" : {
					"type" : "Point",
					"coordinates" : [7.82991,44.85841]},
			"properties" : { "ANNO":"2010","ID_SEZIONE":"792","ISTAT_COMUNE_SEZ":"1197","COMUNE_SEZ":"POIRINO","PROVINCIA":"TO","ID_CENTRALE":"1010","NOME_CENTRALE":"POIRINO","ISTAT_COMUNE_CENTR":"1197","COMUNE_CENTR":"POIRINO","PROVINCIA_CENTR":"TO","INDIRIZZO_CENTRALE":"J. ARPINO 17/A","LATITUDINE_SEZIONE":"44.85841","LONGITUDINE_SEZIONE":"7.82991","POS_X_SEZIONE":"407552.29781","POS_Y_SEZIONE":"4967887.86639","LATITUDINE_CENTRALE":"44.92003","LONGITUDINE_CENTRALE":"7.84198","POS_X_CENTRALE":"408603.60317","POS_Y_CENTRALE":"4974718.87624","TIPO_ADSL":"ADSL_2P","DESCRIZIONE_TIPO_ADSL":"ADSL 2+ (24 mega)","DISTANZA_CALCOLATA":"6911.44","CLASSE_DISTANZA":"6100 e oltre","POTENZA_SEGNALE":"0.00","POPOLAZIONE_SEZIONE": "38"}
			},
		 		{ "type" : "Feature",
				"geometry" : {
					"type" : "Point",
					"coordinates" : [7.81239,44.94216]},
			"properties" : { "ANNO":"2010","ID_SEZIONE":"1458","ISTAT_COMUNE_SEZ":"1197","COMUNE_SEZ":"POIRINO","PROVINCIA":"TO","ID_CENTRALE":"1010","NOME_CENTRALE":"POIRINO","ISTAT_COMUNE_CENTR":"1197","COMUNE_CENTR":"POIRINO","PROVINCIA_CENTR":"TO","INDIRIZZO_CENTRALE":"J. ARPINO 17/A","LATITUDINE_SEZIONE":"44.94216","LONGITUDINE_SEZIONE":"7.81239","POS_X_SEZIONE":"406304.14574","POS_Y_SEZIONE":"4977211.50569","LATITUDINE_CENTRALE":"44.92003","LONGITUDINE_CENTRALE":"7.84198","POS_X_CENTRALE":"408603.60317","POS_Y_CENTRALE":"4974718.87624","TIPO_ADSL":"ADSL_2P","DESCRIZIONE_TIPO_ADSL":"ADSL 2+ (24 mega)","DISTANZA_CALCOLATA":"3391.27","CLASSE_DISTANZA":"3300-3699","POTENZA_SEGNALE":"4047.5","POPOLAZIONE_SEZIONE": "509"}
			},
		 		{ "type" : "Feature",
				"geometry" : {
					"type" : "Point",
					"coordinates" : [7.86436,44.87030]},
			"properties" : { "ANNO":"2010","ID_SEZIONE":"1952","ISTAT_COMUNE_SEZ":"1197","COMUNE_SEZ":"POIRINO","PROVINCIA":"TO","ID_CENTRALE":"1010","NOME_CENTRALE":"POIRINO","ISTAT_COMUNE_CENTR":"1197","COMUNE_CENTR":"POIRINO","PROVINCIA_CENTR":"TO","INDIRIZZO_CENTRALE":"J. ARPINO 17/A","LATITUDINE_SEZIONE":"44.87030","LONGITUDINE_SEZIONE":"7.86436","POS_X_SEZIONE":"410292.50031","POS_Y_SEZIONE":"4969169.93794","LATITUDINE_CENTRALE":"44.92003","LONGITUDINE_CENTRALE":"7.84198","POS_X_CENTRALE":"408603.60317","POS_Y_CENTRALE":"4974718.87624","TIPO_ADSL":"ADSL_2P","DESCRIZIONE_TIPO_ADSL":"ADSL 2+ (24 mega)","DISTANZA_CALCOLATA":"5800.27","CLASSE_DISTANZA":"5700-6099","POTENZA_SEGNALE":"119.17","POPOLAZIONE_SEZIONE": "35"}
			},
		 		{ "type" : "Feature",
				"geometry" : {
					"type" : "Point",
					"coordinates" : [7.84422,44.91389]},
			"properties" : { "ANNO":"2010","ID_SEZIONE":"1990","ISTAT_COMUNE_SEZ":"1197","COMUNE_SEZ":"POIRINO","PROVINCIA":"TO","ID_CENTRALE":"1010","NOME_CENTRALE":"POIRINO","ISTAT_COMUNE_CENTR":"1197","COMUNE_CENTR":"POIRINO","PROVINCIA_CENTR":"TO","INDIRIZZO_CENTRALE":"J. ARPINO 17/A","LATITUDINE_SEZIONE":"44.91389","LONGITUDINE_SEZIONE":"7.84422","POS_X_SEZIONE":"408770.57263","POS_Y_SEZIONE":"4974034.49603","LATITUDINE_CENTRALE":"44.92003","LONGITUDINE_CENTRALE":"7.84198","POS_X_CENTRALE":"408603.60317","POS_Y_CENTRALE":"4974718.87624","TIPO_ADSL":"ADSL_2P","DESCRIZIONE_TIPO_ADSL":"ADSL 2+ (24 mega)","DISTANZA_CALCOLATA":"704.45","CLASSE_DISTANZA":"500-899","POTENZA_SEGNALE":"19523.33","POPOLAZIONE_SEZIONE": "714"}
			},
		 		{ "type" : "Feature",
				"geometry" : {
					"type" : "Point",
					"coordinates" : [7.88254,44.93857]},
			"properties" : { "ANNO":"2010","ID_SEZIONE":"2608","ISTAT_COMUNE_SEZ":"1197","COMUNE_SEZ":"POIRINO","PROVINCIA":"TO","ID_CENTRALE":"1010","NOME_CENTRALE":"POIRINO","ISTAT_COMUNE_CENTR":"1197","COMUNE_CENTR":"POIRINO","PROVINCIA_CENTR":"TO","INDIRIZZO_CENTRALE":"J. ARPINO 17/A","LATITUDINE_SEZIONE":"44.93857","LONGITUDINE_SEZIONE":"7.88254","POS_X_SEZIONE":"411832.83439","POS_Y_SEZIONE":"4976733.59773","LATITUDINE_CENTRALE":"44.92003","LONGITUDINE_CENTRALE":"7.84198","POS_X_CENTRALE":"408603.60317","POS_Y_CENTRALE":"4974718.87624","TIPO_ADSL":"ADSL_2P","DESCRIZIONE_TIPO_ADSL":"ADSL 2+ (24 mega)","DISTANZA_CALCOLATA":"3806.18","CLASSE_DISTANZA":"3700-4099","POTENZA_SEGNALE":"2857.5","POPOLAZIONE_SEZIONE": "15"}
			},
		 		{ "type" : "Feature",
				"geometry" : {
					"type" : "Point",
					"coordinates" : [7.80306,44.91079]},
			"properties" : { "ANNO":"2010","ID_SEZIONE":"3164","ISTAT_COMUNE_SEZ":"1197","COMUNE_SEZ":"POIRINO","PROVINCIA":"TO","ID_CENTRALE":"1010","NOME_CENTRALE":"POIRINO","ISTAT_COMUNE_CENTR":"1197","COMUNE_CENTR":"POIRINO","PROVINCIA_CENTR":"TO","INDIRIZZO_CENTRALE":"J. ARPINO 17/A","LATITUDINE_SEZIONE":"44.91079","LONGITUDINE_SEZIONE":"7.80306","POS_X_SEZIONE":"405516.07790","POS_Y_SEZIONE":"4973736.93340","LATITUDINE_CENTRALE":"44.92003","LONGITUDINE_CENTRALE":"7.84198","POS_X_CENTRALE":"408603.60317","POS_Y_CENTRALE":"4974718.87624","TIPO_ADSL":"ADSL_2P","DESCRIZIONE_TIPO_ADSL":"ADSL 2+ (24 mega)","DISTANZA_CALCOLATA":"3239.91","CLASSE_DISTANZA":"2900-3299","POTENZA_SEGNALE":"5238.33","POPOLAZIONE_SEZIONE": "351"}
			},
		 		{ "type" : "Feature",
				"geometry" : {
					"type" : "Point",
					"coordinates" : [7.83681,44.91965]},
			"properties" : { "ANNO":"2010","ID_SEZIONE":"5053","ISTAT_COMUNE_SEZ":"1197","COMUNE_SEZ":"POIRINO","PROVINCIA":"TO","ID_CENTRALE":"1010","NOME_CENTRALE":"POIRINO","ISTAT_COMUNE_CENTR":"1197","COMUNE_CENTR":"POIRINO","PROVINCIA_CENTR":"TO","INDIRIZZO_CENTRALE":"J. ARPINO 17/A","LATITUDINE_SEZIONE":"44.91965","LONGITUDINE_SEZIONE":"7.83681","POS_X_SEZIONE":"408194.74056","POS_Y_SEZIONE":"4974682.49603","LATITUDINE_CENTRALE":"44.92003","LONGITUDINE_CENTRALE":"7.84198","POS_X_CENTRALE":"408603.60317","POS_Y_CENTRALE":"4974718.87624","TIPO_ADSL":"ADSL_2P","DESCRIZIONE_TIPO_ADSL":"ADSL 2+ (24 mega)","DISTANZA_CALCOLATA":"410.48","CLASSE_DISTANZA":"100-499","POTENZA_SEGNALE":"19761.67","POPOLAZIONE_SEZIONE": "563"}
			},
		 		{ "type" : "Feature",
				"geometry" : {
					"type" : "Point",
					"coordinates" : [7.84092,44.89995]},
			"properties" : { "ANNO":"2010","ID_SEZIONE":"5387","ISTAT_COMUNE_SEZ":"1197","COMUNE_SEZ":"POIRINO","PROVINCIA":"TO","ID_CENTRALE":"1010","NOME_CENTRALE":"POIRINO","ISTAT_COMUNE_CENTR":"1197","COMUNE_CENTR":"POIRINO","PROVINCIA_CENTR":"TO","INDIRIZZO_CENTRALE":"J. ARPINO 17/A","LATITUDINE_SEZIONE":"44.89995","LONGITUDINE_SEZIONE":"7.84092","POS_X_SEZIONE":"408487.48936","POS_Y_SEZIONE":"4972489.46332","LATITUDINE_CENTRALE":"44.92003","LONGITUDINE_CENTRALE":"7.84198","POS_X_CENTRALE":"408603.60317","POS_Y_CENTRALE":"4974718.87624","TIPO_ADSL":"ADSL_2P","DESCRIZIONE_TIPO_ADSL":"ADSL 2+ (24 mega)","DISTANZA_CALCOLATA":"2232.43","CLASSE_DISTANZA":"2100-2499","POTENZA_SEGNALE":"10000","POPOLAZIONE_SEZIONE": "11"}
			},
		 		{ "type" : "Feature",
				"geometry" : {
					"type" : "Point",
					"coordinates" : [7.80941,44.92221]},
			"properties" : { "ANNO":"2010","ID_SEZIONE":"5615","ISTAT_COMUNE_SEZ":"1197","COMUNE_SEZ":"POIRINO","PROVINCIA":"TO","ID_CENTRALE":"1010","NOME_CENTRALE":"POIRINO","ISTAT_COMUNE_CENTR":"1197","COMUNE_CENTR":"POIRINO","PROVINCIA_CENTR":"TO","INDIRIZZO_CENTRALE":"J. ARPINO 17/A","LATITUDINE_SEZIONE":"44.92221","LONGITUDINE_SEZIONE":"7.80941","POS_X_SEZIONE":"406036.38869","POS_Y_SEZIONE":"4974997.96432","LATITUDINE_CENTRALE":"44.92003","LONGITUDINE_CENTRALE":"7.84198","POS_X_CENTRALE":"408603.60317","POS_Y_CENTRALE":"4974718.87624","TIPO_ADSL":"ADSL_2P","DESCRIZIONE_TIPO_ADSL":"ADSL 2+ (24 mega)","DISTANZA_CALCOLATA":"2582.34","CLASSE_DISTANZA":"2500-2899","POTENZA_SEGNALE":"7380.83","POPOLAZIONE_SEZIONE": "29"}
			},
		 		{ "type" : "Feature",
				"geometry" : {
					"type" : "Point",
					"coordinates" : [7.84067,44.91967]},
			"properties" : { "ANNO":"2010","ID_SEZIONE":"5616","ISTAT_COMUNE_SEZ":"1197","COMUNE_SEZ":"POIRINO","PROVINCIA":"TO","ID_CENTRALE":"1010","NOME_CENTRALE":"POIRINO","ISTAT_COMUNE_CENTR":"1197","COMUNE_CENTR":"POIRINO","PROVINCIA_CENTR":"TO","INDIRIZZO_CENTRALE":"J. ARPINO 17/A","LATITUDINE_SEZIONE":"44.91967","LONGITUDINE_SEZIONE":"7.84067","POS_X_SEZIONE":"408499.23464","POS_Y_SEZIONE":"4974681.00201","LATITUDINE_CENTRALE":"44.92003","LONGITUDINE_CENTRALE":"7.84198","POS_X_CENTRALE":"408603.60317","POS_Y_CENTRALE":"4974718.87624","TIPO_ADSL":"ADSL_2P","DESCRIZIONE_TIPO_ADSL":"ADSL 2+ (24 mega)","DISTANZA_CALCOLATA":"111.03","CLASSE_DISTANZA":"100-499","POTENZA_SEGNALE":"19761.67","POPOLAZIONE_SEZIONE": "483"}
			},
		 		{ "type" : "Feature",
				"geometry" : {
					"type" : "Point",
					"coordinates" : [7.84895,44.89524]},
			"properties" : { "ANNO":"2010","ID_SEZIONE":"5974","ISTAT_COMUNE_SEZ":"1197","COMUNE_SEZ":"POIRINO","PROVINCIA":"TO","ID_CENTRALE":"1010","NOME_CENTRALE":"POIRINO","ISTAT_COMUNE_CENTR":"1197","COMUNE_CENTR":"POIRINO","PROVINCIA_CENTR":"TO","INDIRIZZO_CENTRALE":"J. ARPINO 17/A","LATITUDINE_SEZIONE":"44.89524","LONGITUDINE_SEZIONE":"7.84895","POS_X_SEZIONE":"409114.38575","POS_Y_SEZIONE":"4971956.96591","LATITUDINE_CENTRALE":"44.92003","LONGITUDINE_CENTRALE":"7.84198","POS_X_CENTRALE":"408603.60317","POS_Y_CENTRALE":"4974718.87624","TIPO_ADSL":"ADSL_2P","DESCRIZIONE_TIPO_ADSL":"ADSL 2+ (24 mega)","DISTANZA_CALCOLATA":"2808.74","CLASSE_DISTANZA":"2500-2899","POTENZA_SEGNALE":"7380.83","POPOLAZIONE_SEZIONE": "35"}
			},
		 		{ "type" : "Feature",
				"geometry" : {
					"type" : "Point",
					"coordinates" : [7.84759,44.92421]},
			"properties" : { "ANNO":"2010","ID_SEZIONE":"6237","ISTAT_COMUNE_SEZ":"1197","COMUNE_SEZ":"POIRINO","PROVINCIA":"TO","ID_CENTRALE":"1010","NOME_CENTRALE":"POIRINO","ISTAT_COMUNE_CENTR":"1197","COMUNE_CENTR":"POIRINO","PROVINCIA_CENTR":"TO","INDIRIZZO_CENTRALE":"J. ARPINO 17/A","LATITUDINE_SEZIONE":"44.92421","LONGITUDINE_SEZIONE":"7.84759","POS_X_SEZIONE":"409052.53819","POS_Y_SEZIONE":"4975176.52022","LATITUDINE_CENTRALE":"44.92003","LONGITUDINE_CENTRALE":"7.84198","POS_X_CENTRALE":"408603.60317","POS_Y_CENTRALE":"4974718.87624","TIPO_ADSL":"ADSL_2P","DESCRIZIONE_TIPO_ADSL":"ADSL 2+ (24 mega)","DISTANZA_CALCOLATA":"641.08","CLASSE_DISTANZA":"500-899","POTENZA_SEGNALE":"19523.33","POPOLAZIONE_SEZIONE": "382"}
			},
		 		{ "type" : "Feature",
				"geometry" : {
					"type" : "Point",
					"coordinates" : [7.86425,44.91493]},
			"properties" : { "ANNO":"2010","ID_SEZIONE":"7087","ISTAT_COMUNE_SEZ":"1197","COMUNE_SEZ":"POIRINO","PROVINCIA":"TO","ID_CENTRALE":"1010","NOME_CENTRALE":"POIRINO","ISTAT_COMUNE_CENTR":"1197","COMUNE_CENTR":"POIRINO","PROVINCIA_CENTR":"TO","INDIRIZZO_CENTRALE":"J. ARPINO 17/A","LATITUDINE_SEZIONE":"44.91493","LONGITUDINE_SEZIONE":"7.86425","POS_X_SEZIONE":"410353.13698","POS_Y_SEZIONE":"4974127.52694","LATITUDINE_CENTRALE":"44.92003","LONGITUDINE_CENTRALE":"7.84198","POS_X_CENTRALE":"408603.60317","POS_Y_CENTRALE":"4974718.87624","TIPO_ADSL":"ADSL_2P","DESCRIZIONE_TIPO_ADSL":"ADSL 2+ (24 mega)","DISTANZA_CALCOLATA":"1846.77","CLASSE_DISTANZA":"1700-2099","POTENZA_SEGNALE":"12975.83","POPOLAZIONE_SEZIONE": ""}
			},
		 		{ "type" : "Feature",
				"geometry" : {
					"type" : "Point",
					"coordinates" : [7.79961,44.93500]},
			"properties" : { "ANNO":"2010","ID_SEZIONE":"7445","ISTAT_COMUNE_SEZ":"1197","COMUNE_SEZ":"POIRINO","PROVINCIA":"TO","ID_CENTRALE":"1010","NOME_CENTRALE":"POIRINO","ISTAT_COMUNE_CENTR":"1197","COMUNE_CENTR":"POIRINO","PROVINCIA_CENTR":"TO","INDIRIZZO_CENTRALE":"J. ARPINO 17/A","LATITUDINE_SEZIONE":"44.93500","LONGITUDINE_SEZIONE":"7.79961","POS_X_SEZIONE":"405283.99137","POS_Y_SEZIONE":"4976430.97603","LATITUDINE_CENTRALE":"44.92003","LONGITUDINE_CENTRALE":"7.84198","POS_X_CENTRALE":"408603.60317","POS_Y_CENTRALE":"4974718.87624","TIPO_ADSL":"ADSL_2P","DESCRIZIONE_TIPO_ADSL":"ADSL 2+ (24 mega)","DISTANZA_CALCOLATA":"3735.12","CLASSE_DISTANZA":"3700-4099","POTENZA_SEGNALE":"2857.5","POPOLAZIONE_SEZIONE": "16"}
			},
		 		{ "type" : "Feature",
				"geometry" : {
					"type" : "Point",
					"coordinates" : [7.84843,44.84172]},
			"properties" : { "ANNO":"2010","ID_SEZIONE":"7502","ISTAT_COMUNE_SEZ":"1197","COMUNE_SEZ":"POIRINO","PROVINCIA":"TO","ID_CENTRALE":"1010","NOME_CENTRALE":"POIRINO","ISTAT_COMUNE_CENTR":"1197","COMUNE_CENTR":"POIRINO","PROVINCIA_CENTR":"TO","INDIRIZZO_CENTRALE":"J. ARPINO 17/A","LATITUDINE_SEZIONE":"44.84172","LONGITUDINE_SEZIONE":"7.84843","POS_X_SEZIONE":"408988.93704","POS_Y_SEZIONE":"4966012.85890","LATITUDINE_CENTRALE":"44.92003","LONGITUDINE_CENTRALE":"7.84198","POS_X_CENTRALE":"408603.60317","POS_Y_CENTRALE":"4974718.87624","TIPO_ADSL":"ADSL_2P","DESCRIZIONE_TIPO_ADSL":"ADSL 2+ (24 mega)","DISTANZA_CALCOLATA":"8714.54","CLASSE_DISTANZA":"6100 e oltre","POTENZA_SEGNALE":"0.00","POPOLAZIONE_SEZIONE": ""}
			},
		 		{ "type" : "Feature",
				"geometry" : {
					"type" : "Point",
					"coordinates" : [7.88175,44.89840]},
			"properties" : { "ANNO":"2010","ID_SEZIONE":"9192","ISTAT_COMUNE_SEZ":"1197","COMUNE_SEZ":"POIRINO","PROVINCIA":"TO","ID_CENTRALE":"1010","NOME_CENTRALE":"POIRINO","ISTAT_COMUNE_CENTR":"1197","COMUNE_CENTR":"POIRINO","PROVINCIA_CENTR":"TO","INDIRIZZO_CENTRALE":"J. ARPINO 17/A","LATITUDINE_SEZIONE":"44.89840","LONGITUDINE_SEZIONE":"7.88175","POS_X_SEZIONE":"411708.90069","POS_Y_SEZIONE":"4972272.51868","LATITUDINE_CENTRALE":"44.92003","LONGITUDINE_CENTRALE":"7.84198","POS_X_CENTRALE":"408603.60317","POS_Y_CENTRALE":"4974718.87624","TIPO_ADSL":"ADSL_2P","DESCRIZIONE_TIPO_ADSL":"ADSL 2+ (24 mega)","DISTANZA_CALCOLATA":"3953.17","CLASSE_DISTANZA":"3700-4099","POTENZA_SEGNALE":"2857.5","POPOLAZIONE_SEZIONE": "30"}
			},
		 		{ "type" : "Feature",
				"geometry" : {
					"type" : "Point",
					"coordinates" : [7.81616,44.88941]},
			"properties" : { "ANNO":"2010","ID_SEZIONE":"9363","ISTAT_COMUNE_SEZ":"1197","COMUNE_SEZ":"POIRINO","PROVINCIA":"TO","ID_CENTRALE":"1010","NOME_CENTRALE":"POIRINO","ISTAT_COMUNE_CENTR":"1197","COMUNE_CENTR":"POIRINO","PROVINCIA_CENTR":"TO","INDIRIZZO_CENTRALE":"J. ARPINO 17/A","LATITUDINE_SEZIONE":"44.88941","LONGITUDINE_SEZIONE":"7.81616","POS_X_SEZIONE":"406515.70312","POS_Y_SEZIONE":"4971346.40796","LATITUDINE_CENTRALE":"44.92003","LONGITUDINE_CENTRALE":"7.84198","POS_X_CENTRALE":"408603.60317","POS_Y_CENTRALE":"4974718.87624","TIPO_ADSL":"ADSL_2P","DESCRIZIONE_TIPO_ADSL":"ADSL 2+ (24 mega)","DISTANZA_CALCOLATA":"3966.47","CLASSE_DISTANZA":"3700-4099","POTENZA_SEGNALE":"2857.5","POPOLAZIONE_SEZIONE": "58"}
			},
		 		{ "type" : "Feature",
				"geometry" : {
					"type" : "Point",
					"coordinates" : [7.84219,44.86498]},
			"properties" : { "ANNO":"2010","ID_SEZIONE":"9584","ISTAT_COMUNE_SEZ":"1197","COMUNE_SEZ":"POIRINO","PROVINCIA":"TO","ID_CENTRALE":"1010","NOME_CENTRALE":"POIRINO","ISTAT_COMUNE_CENTR":"1197","COMUNE_CENTR":"POIRINO","PROVINCIA_CENTR":"TO","INDIRIZZO_CENTRALE":"J. ARPINO 17/A","LATITUDINE_SEZIONE":"44.86498","LONGITUDINE_SEZIONE":"7.84219","POS_X_SEZIONE":"408533.06146","POS_Y_SEZIONE":"4968603.89634","LATITUDINE_CENTRALE":"44.92003","LONGITUDINE_CENTRALE":"7.84198","POS_X_CENTRALE":"408603.60317","POS_Y_CENTRALE":"4974718.87624","TIPO_ADSL":"ADSL_2P","DESCRIZIONE_TIPO_ADSL":"ADSL 2+ (24 mega)","DISTANZA_CALCOLATA":"6115.39","CLASSE_DISTANZA":"6100 e oltre","POTENZA_SEGNALE":"0.00","POPOLAZIONE_SEZIONE": "3"}
			},
		 		{ "type" : "Feature",
				"geometry" : {
					"type" : "Point",
					"coordinates" : [7.85041,44.85802]},
			"properties" : { "ANNO":"2010","ID_SEZIONE":"10160","ISTAT_COMUNE_SEZ":"1197","COMUNE_SEZ":"POIRINO","PROVINCIA":"TO","ID_CENTRALE":"1010","NOME_CENTRALE":"POIRINO","ISTAT_COMUNE_CENTR":"1197","COMUNE_CENTR":"POIRINO","PROVINCIA_CENTR":"TO","INDIRIZZO_CENTRALE":"J. ARPINO 17/A","LATITUDINE_SEZIONE":"44.85802","LONGITUDINE_SEZIONE":"7.85041","POS_X_SEZIONE":"409171.11688","POS_Y_SEZIONE":"4967821.39394","LATITUDINE_CENTRALE":"44.92003","LONGITUDINE_CENTRALE":"7.84198","POS_X_CENTRALE":"408603.60317","POS_Y_CENTRALE":"4974718.87624","TIPO_ADSL":"ADSL_2P","DESCRIZIONE_TIPO_ADSL":"ADSL 2+ (24 mega)","DISTANZA_CALCOLATA":"6920.79","CLASSE_DISTANZA":"6100 e oltre","POTENZA_SEGNALE":"0.00","POPOLAZIONE_SEZIONE": "2"}
			},
		 		{ "type" : "Feature",
				"geometry" : {
					"type" : "Point",
					"coordinates" : [7.81915,44.90646]},
			"properties" : { "ANNO":"2010","ID_SEZIONE":"11251","ISTAT_COMUNE_SEZ":"1197","COMUNE_SEZ":"POIRINO","PROVINCIA":"TO","ID_CENTRALE":"1010","NOME_CENTRALE":"POIRINO","ISTAT_COMUNE_CENTR":"1197","COMUNE_CENTR":"POIRINO","PROVINCIA_CENTR":"TO","INDIRIZZO_CENTRALE":"J. ARPINO 17/A","LATITUDINE_SEZIONE":"44.90646","LONGITUDINE_SEZIONE":"7.81915","POS_X_SEZIONE":"406779.44763","POS_Y_SEZIONE":"4973237.94588","LATITUDINE_CENTRALE":"44.92003","LONGITUDINE_CENTRALE":"7.84198","POS_X_CENTRALE":"408603.60317","POS_Y_CENTRALE":"4974718.87624","TIPO_ADSL":"ADSL_2P","DESCRIZIONE_TIPO_ADSL":"ADSL 2+ (24 mega)","DISTANZA_CALCOLATA":"2349.62","CLASSE_DISTANZA":"2100-2499","POTENZA_SEGNALE":"10000","POPOLAZIONE_SEZIONE": "22"}
			},
		 		{ "type" : "Feature",
				"geometry" : {
					"type" : "Point",
					"coordinates" : [7.82891,44.91468]},
			"properties" : { "ANNO":"2010","ID_SEZIONE":"12179","ISTAT_COMUNE_SEZ":"1197","COMUNE_SEZ":"POIRINO","PROVINCIA":"TO","ID_CENTRALE":"1010","NOME_CENTRALE":"POIRINO","ISTAT_COMUNE_CENTR":"1197","COMUNE_CENTR":"POIRINO","PROVINCIA_CENTR":"TO","INDIRIZZO_CENTRALE":"J. ARPINO 17/A","LATITUDINE_SEZIONE":"44.91468","LONGITUDINE_SEZIONE":"7.82891","POS_X_SEZIONE":"407563.31400","POS_Y_SEZIONE":"4974139.97520","LATITUDINE_CENTRALE":"44.92003","LONGITUDINE_CENTRALE":"7.84198","POS_X_CENTRALE":"408603.60317","POS_Y_CENTRALE":"4974718.87624","TIPO_ADSL":"ADSL_2P","DESCRIZIONE_TIPO_ADSL":"ADSL 2+ (24 mega)","DISTANZA_CALCOLATA":"1190.52","CLASSE_DISTANZA":"900-1299","POTENZA_SEGNALE":"17737.5","POPOLAZIONE_SEZIONE": ""}
			},
		 		{ "type" : "Feature",
				"geometry" : {
					"type" : "Point",
					"coordinates" : [7.83705,44.88945]},
			"properties" : { "ANNO":"2010","ID_SEZIONE":"12205","ISTAT_COMUNE_SEZ":"1197","COMUNE_SEZ":"POIRINO","PROVINCIA":"TO","ID_CENTRALE":"1010","NOME_CENTRALE":"POIRINO","ISTAT_COMUNE_CENTR":"1197","COMUNE_CENTR":"POIRINO","PROVINCIA_CENTR":"TO","INDIRIZZO_CENTRALE":"J. ARPINO 17/A","LATITUDINE_SEZIONE":"44.88945","LONGITUDINE_SEZIONE":"7.83705","POS_X_SEZIONE":"408165.52891","POS_Y_SEZIONE":"4971327.93756","LATITUDINE_CENTRALE":"44.92003","LONGITUDINE_CENTRALE":"7.84198","POS_X_CENTRALE":"408603.60317","POS_Y_CENTRALE":"4974718.87624","TIPO_ADSL":"ADSL_2P","DESCRIZIONE_TIPO_ADSL":"ADSL 2+ (24 mega)","DISTANZA_CALCOLATA":"3419.12","CLASSE_DISTANZA":"3300-3699","POTENZA_SEGNALE":"4047.5","POPOLAZIONE_SEZIONE": "32"}
			},
		 		{ "type" : "Feature",
				"geometry" : {
					"type" : "Point",
					"coordinates" : [7.85850,44.94428]},
			"properties" : { "ANNO":"2010","ID_SEZIONE":"12423","ISTAT_COMUNE_SEZ":"1197","COMUNE_SEZ":"POIRINO","PROVINCIA":"TO","ID_CENTRALE":"1010","NOME_CENTRALE":"POIRINO","ISTAT_COMUNE_CENTR":"1197","COMUNE_CENTR":"POIRINO","PROVINCIA_CENTR":"TO","INDIRIZZO_CENTRALE":"J. ARPINO 17/A","LATITUDINE_SEZIONE":"44.94428","LONGITUDINE_SEZIONE":"7.85850","POS_X_SEZIONE":"409945.46671","POS_Y_SEZIONE":"4977394.07363","LATITUDINE_CENTRALE":"44.92003","LONGITUDINE_CENTRALE":"7.84198","POS_X_CENTRALE":"408603.60317","POS_Y_CENTRALE":"4974718.87624","TIPO_ADSL":"ADSL_2P","DESCRIZIONE_TIPO_ADSL":"ADSL 2+ (24 mega)","DISTANZA_CALCOLATA":"2992.87","CLASSE_DISTANZA":"2900-3299","POTENZA_SEGNALE":"5238.33","POPOLAZIONE_SEZIONE": "46"}
			},
		 		{ "type" : "Feature",
				"geometry" : {
					"type" : "Point",
					"coordinates" : [7.84853,44.84959]},
			"properties" : { "ANNO":"2010","ID_SEZIONE":"12711","ISTAT_COMUNE_SEZ":"1197","COMUNE_SEZ":"POIRINO","PROVINCIA":"TO","ID_CENTRALE":"1010","NOME_CENTRALE":"POIRINO","ISTAT_COMUNE_CENTR":"1197","COMUNE_CENTR":"POIRINO","PROVINCIA_CENTR":"TO","INDIRIZZO_CENTRALE":"J. ARPINO 17/A","LATITUDINE_SEZIONE":"44.84959","LONGITUDINE_SEZIONE":"7.84853","POS_X_SEZIONE":"409009.09039","POS_Y_SEZIONE":"4966886.37442","LATITUDINE_CENTRALE":"44.92003","LONGITUDINE_CENTRALE":"7.84198","POS_X_CENTRALE":"408603.60317","POS_Y_CENTRALE":"4974718.87624","TIPO_ADSL":"ADSL_2P","DESCRIZIONE_TIPO_ADSL":"ADSL 2+ (24 mega)","DISTANZA_CALCOLATA":"7842.99","CLASSE_DISTANZA":"6100 e oltre","POTENZA_SEGNALE":"0.00","POPOLAZIONE_SEZIONE": "13"}
			},
		 		{ "type" : "Feature",
				"geometry" : {
					"type" : "Point",
					"coordinates" : [7.81972,44.90841]},
			"properties" : { "ANNO":"2010","ID_SEZIONE":"13962","ISTAT_COMUNE_SEZ":"1197","COMUNE_SEZ":"POIRINO","PROVINCIA":"TO","ID_CENTRALE":"1010","NOME_CENTRALE":"POIRINO","ISTAT_COMUNE_CENTR":"1197","COMUNE_CENTR":"POIRINO","PROVINCIA_CENTR":"TO","INDIRIZZO_CENTRALE":"J. ARPINO 17/A","LATITUDINE_SEZIONE":"44.90841","LONGITUDINE_SEZIONE":"7.81972","POS_X_SEZIONE":"406827.91560","POS_Y_SEZIONE":"4973453.45078","LATITUDINE_CENTRALE":"44.92003","LONGITUDINE_CENTRALE":"7.84198","POS_X_CENTRALE":"408603.60317","POS_Y_CENTRALE":"4974718.87624","TIPO_ADSL":"ADSL_2P","DESCRIZIONE_TIPO_ADSL":"ADSL 2+ (24 mega)","DISTANZA_CALCOLATA":"2180.45","CLASSE_DISTANZA":"2100-2499","POTENZA_SEGNALE":"10000","POPOLAZIONE_SEZIONE": "17"}
			},
		 		{ "type" : "Feature",
				"geometry" : {
					"type" : "Point",
					"coordinates" : [7.79917,44.90590]},
			"properties" : { "ANNO":"2010","ID_SEZIONE":"15439","ISTAT_COMUNE_SEZ":"1197","COMUNE_SEZ":"POIRINO","PROVINCIA":"TO","ID_CENTRALE":"1010","NOME_CENTRALE":"POIRINO","ISTAT_COMUNE_CENTR":"1197","COMUNE_CENTR":"POIRINO","PROVINCIA_CENTR":"TO","INDIRIZZO_CENTRALE":"J. ARPINO 17/A","LATITUDINE_SEZIONE":"44.90590","LONGITUDINE_SEZIONE":"7.79917","POS_X_SEZIONE":"405201.11137","POS_Y_SEZIONE":"4973198.91868","LATITUDINE_CENTRALE":"44.92003","LONGITUDINE_CENTRALE":"7.84198","POS_X_CENTRALE":"408603.60317","POS_Y_CENTRALE":"4974718.87624","TIPO_ADSL":"ADSL_2P","DESCRIZIONE_TIPO_ADSL":"ADSL 2+ (24 mega)","DISTANZA_CALCOLATA":"3726.56","CLASSE_DISTANZA":"3700-4099","POTENZA_SEGNALE":"2857.5","POPOLAZIONE_SEZIONE": "20"}
			},
		 		{ "type" : "Feature",
				"geometry" : {
					"type" : "Point",
					"coordinates" : [7.87650,44.94016]},
			"properties" : { "ANNO":"2010","ID_SEZIONE":"15455","ISTAT_COMUNE_SEZ":"1197","COMUNE_SEZ":"POIRINO","PROVINCIA":"TO","ID_CENTRALE":"1010","NOME_CENTRALE":"POIRINO","ISTAT_COMUNE_CENTR":"1197","COMUNE_CENTR":"POIRINO","PROVINCIA_CENTR":"TO","INDIRIZZO_CENTRALE":"J. ARPINO 17/A","LATITUDINE_SEZIONE":"44.94016","LONGITUDINE_SEZIONE":"7.87650","POS_X_SEZIONE":"411358.46895","POS_Y_SEZIONE":"4976916.59216","LATITUDINE_CENTRALE":"44.92003","LONGITUDINE_CENTRALE":"7.84198","POS_X_CENTRALE":"408603.60317","POS_Y_CENTRALE":"4974718.87624","TIPO_ADSL":"ADSL_2P","DESCRIZIONE_TIPO_ADSL":"ADSL 2+ (24 mega)","DISTANZA_CALCOLATA":"3524.09","CLASSE_DISTANZA":"3300-3699","POTENZA_SEGNALE":"4047.5","POPOLAZIONE_SEZIONE": "7"}
			},
		 		{ "type" : "Feature",
				"geometry" : {
					"type" : "Point",
					"coordinates" : [7.82648,44.87535]},
			"properties" : { "ANNO":"2010","ID_SEZIONE":"15618","ISTAT_COMUNE_SEZ":"1197","COMUNE_SEZ":"POIRINO","PROVINCIA":"TO","ID_CENTRALE":"1010","NOME_CENTRALE":"POIRINO","ISTAT_COMUNE_CENTR":"1197","COMUNE_CENTR":"POIRINO","PROVINCIA_CENTR":"TO","INDIRIZZO_CENTRALE":"J. ARPINO 17/A","LATITUDINE_SEZIONE":"44.87535","LONGITUDINE_SEZIONE":"7.82648","POS_X_SEZIONE":"407307.95298","POS_Y_SEZIONE":"4969773.39446","LATITUDINE_CENTRALE":"44.92003","LONGITUDINE_CENTRALE":"7.84198","POS_X_CENTRALE":"408603.60317","POS_Y_CENTRALE":"4974718.87624","TIPO_ADSL":"ADSL_2P","DESCRIZIONE_TIPO_ADSL":"ADSL 2+ (24 mega)","DISTANZA_CALCOLATA":"5112.39","CLASSE_DISTANZA":"4900-5299","POTENZA_SEGNALE":"952.50","POPOLAZIONE_SEZIONE": "21"}
			},
		 		{ "type" : "Feature",
				"geometry" : {
					"type" : "Point",
					"coordinates" : [7.82563,44.92197]},
			"properties" : { "ANNO":"2010","ID_SEZIONE":"16568","ISTAT_COMUNE_SEZ":"1197","COMUNE_SEZ":"POIRINO","PROVINCIA":"TO","ID_CENTRALE":"1010","NOME_CENTRALE":"POIRINO","ISTAT_COMUNE_CENTR":"1197","COMUNE_CENTR":"POIRINO","PROVINCIA_CENTR":"TO","INDIRIZZO_CENTRALE":"J. ARPINO 17/A","LATITUDINE_SEZIONE":"44.92197","LONGITUDINE_SEZIONE":"7.82563","POS_X_SEZIONE":"407316.38203","POS_Y_SEZIONE":"4974952.98460","LATITUDINE_CENTRALE":"44.92003","LONGITUDINE_CENTRALE":"7.84198","POS_X_CENTRALE":"408603.60317","POS_Y_CENTRALE":"4974718.87624","TIPO_ADSL":"ADSL_2P","DESCRIZIONE_TIPO_ADSL":"ADSL 2+ (24 mega)","DISTANZA_CALCOLATA":"1308.34","CLASSE_DISTANZA":"1300-1699","POTENZA_SEGNALE":"16071.67","POPOLAZIONE_SEZIONE": "8"}
			},
		 		{ "type" : "Feature",
				"geometry" : {
					"type" : "Point",
					"coordinates" : [7.80076,44.92225]},
			"properties" : { "ANNO":"2010","ID_SEZIONE":"16569","ISTAT_COMUNE_SEZ":"1197","COMUNE_SEZ":"POIRINO","PROVINCIA":"TO","ID_CENTRALE":"1010","NOME_CENTRALE":"POIRINO","ISTAT_COMUNE_CENTR":"1197","COMUNE_CENTR":"POIRINO","PROVINCIA_CENTR":"TO","INDIRIZZO_CENTRALE":"J. ARPINO 17/A","LATITUDINE_SEZIONE":"44.92225","LONGITUDINE_SEZIONE":"7.80076","POS_X_SEZIONE":"405353.82920","POS_Y_SEZIONE":"4975012.45340","LATITUDINE_CENTRALE":"44.92003","LONGITUDINE_CENTRALE":"7.84198","POS_X_CENTRALE":"408603.60317","POS_Y_CENTRALE":"4974718.87624","TIPO_ADSL":"ADSL_2P","DESCRIZIONE_TIPO_ADSL":"ADSL 2+ (24 mega)","DISTANZA_CALCOLATA":"3263.01","CLASSE_DISTANZA":"2900-3299","POTENZA_SEGNALE":"5238.33","POPOLAZIONE_SEZIONE": "12"}
			},
		 		{ "type" : "Feature",
				"geometry" : {
					"type" : "Point",
					"coordinates" : [7.87578,44.92132]},
			"properties" : { "ANNO":"2010","ID_SEZIONE":"16800","ISTAT_COMUNE_SEZ":"1197","COMUNE_SEZ":"POIRINO","PROVINCIA":"TO","ID_CENTRALE":"1010","NOME_CENTRALE":"POIRINO","ISTAT_COMUNE_CENTR":"1197","COMUNE_CENTR":"POIRINO","PROVINCIA_CENTR":"TO","INDIRIZZO_CENTRALE":"J. ARPINO 17/A","LATITUDINE_SEZIONE":"44.92132","LONGITUDINE_SEZIONE":"7.87578","POS_X_SEZIONE":"411273.21378","POS_Y_SEZIONE":"4974824.55555","LATITUDINE_CENTRALE":"44.92003","LONGITUDINE_CENTRALE":"7.84198","POS_X_CENTRALE":"408603.60317","POS_Y_CENTRALE":"4974718.87624","TIPO_ADSL":"ADSL_2P","DESCRIZIONE_TIPO_ADSL":"ADSL 2+ (24 mega)","DISTANZA_CALCOLATA":"2671.7","CLASSE_DISTANZA":"2500-2899","POTENZA_SEGNALE":"7380.83","POPOLAZIONE_SEZIONE": "22"}
			},
		 		{ "type" : "Feature",
				"geometry" : {
					"type" : "Point",
					"coordinates" : [7.85036,44.92230]},
			"properties" : { "ANNO":"2010","ID_SEZIONE":"17190","ISTAT_COMUNE_SEZ":"1197","COMUNE_SEZ":"POIRINO","PROVINCIA":"TO","ID_CENTRALE":"1010","NOME_CENTRALE":"POIRINO","ISTAT_COMUNE_CENTR":"1197","COMUNE_CENTR":"POIRINO","PROVINCIA_CENTR":"TO","INDIRIZZO_CENTRALE":"J. ARPINO 17/A","LATITUDINE_SEZIONE":"44.92230","LONGITUDINE_SEZIONE":"7.85036","POS_X_SEZIONE":"409268.15829","POS_Y_SEZIONE":"4974962.02089","LATITUDINE_CENTRALE":"44.92003","LONGITUDINE_CENTRALE":"7.84198","POS_X_CENTRALE":"408603.60317","POS_Y_CENTRALE":"4974718.87624","TIPO_ADSL":"ADSL_2P","DESCRIZIONE_TIPO_ADSL":"ADSL 2+ (24 mega)","DISTANZA_CALCOLATA":"707.64","CLASSE_DISTANZA":"500-899","POTENZA_SEGNALE":"19523.33","POPOLAZIONE_SEZIONE": "410"}
			},
		 		{ "type" : "Feature",
				"geometry" : {
					"type" : "Point",
					"coordinates" : [7.81620,44.92464]},
			"properties" : { "ANNO":"2010","ID_SEZIONE":"17472","ISTAT_COMUNE_SEZ":"1197","COMUNE_SEZ":"POIRINO","PROVINCIA":"TO","ID_CENTRALE":"1010","NOME_CENTRALE":"POIRINO","ISTAT_COMUNE_CENTR":"1197","COMUNE_CENTR":"POIRINO","PROVINCIA_CENTR":"TO","INDIRIZZO_CENTRALE":"J. ARPINO 17/A","LATITUDINE_SEZIONE":"44.92464","LONGITUDINE_SEZIONE":"7.81620","POS_X_SEZIONE":"406576.26197","POS_Y_SEZIONE":"4975259.97725","LATITUDINE_CENTRALE":"44.92003","LONGITUDINE_CENTRALE":"7.84198","POS_X_CENTRALE":"408603.60317","POS_Y_CENTRALE":"4974718.87624","TIPO_ADSL":"ADSL_2P","DESCRIZIONE_TIPO_ADSL":"ADSL 2+ (24 mega)","DISTANZA_CALCOLATA":"2098.31","CLASSE_DISTANZA":"1700-2099","POTENZA_SEGNALE":"12975.83","POPOLAZIONE_SEZIONE": "18"}
			},
		 		{ "type" : "Feature",
				"geometry" : {
					"type" : "Point",
					"coordinates" : [7.81560,44.93123]},
			"properties" : { "ANNO":"2010","ID_SEZIONE":"18059","ISTAT_COMUNE_SEZ":"1197","COMUNE_SEZ":"POIRINO","PROVINCIA":"TO","ID_CENTRALE":"1010","NOME_CENTRALE":"POIRINO","ISTAT_COMUNE_CENTR":"1197","COMUNE_CENTR":"POIRINO","PROVINCIA_CENTR":"TO","INDIRIZZO_CENTRALE":"J. ARPINO 17/A","LATITUDINE_SEZIONE":"44.93123","LONGITUDINE_SEZIONE":"7.81560","POS_X_SEZIONE":"406539.38978","POS_Y_SEZIONE":"4975993.48893","LATITUDINE_CENTRALE":"44.92003","LONGITUDINE_CENTRALE":"7.84198","POS_X_CENTRALE":"408603.60317","POS_Y_CENTRALE":"4974718.87624","TIPO_ADSL":"ADSL_2P","DESCRIZIONE_TIPO_ADSL":"ADSL 2+ (24 mega)","DISTANZA_CALCOLATA":"2426.03","CLASSE_DISTANZA":"2100-2499","POTENZA_SEGNALE":"10000","POPOLAZIONE_SEZIONE": "9"}
			},
		 		{ "type" : "Feature",
				"geometry" : {
					"type" : "Point",
					"coordinates" : [7.83866,44.84721]},
			"properties" : { "ANNO":"2010","ID_SEZIONE":"18683","ISTAT_COMUNE_SEZ":"1197","COMUNE_SEZ":"POIRINO","PROVINCIA":"TO","ID_CENTRALE":"1010","NOME_CENTRALE":"POIRINO","ISTAT_COMUNE_CENTR":"1197","COMUNE_CENTR":"POIRINO","PROVINCIA_CENTR":"TO","INDIRIZZO_CENTRALE":"J. ARPINO 17/A","LATITUDINE_SEZIONE":"44.84721","LONGITUDINE_SEZIONE":"7.83866","POS_X_SEZIONE":"408226.00943","POS_Y_SEZIONE":"4966633.35631","LATITUDINE_CENTRALE":"44.92003","LONGITUDINE_CENTRALE":"7.84198","POS_X_CENTRALE":"408603.60317","POS_Y_CENTRALE":"4974718.87624","TIPO_ADSL":"ADSL_2P","DESCRIZIONE_TIPO_ADSL":"ADSL 2+ (24 mega)","DISTANZA_CALCOLATA":"8094.33","CLASSE_DISTANZA":"6100 e oltre","POTENZA_SEGNALE":"0.00","POPOLAZIONE_SEZIONE": "12"}
			},
		 		{ "type" : "Feature",
				"geometry" : {
					"type" : "Point",
					"coordinates" : [7.86486,44.90784]},
			"properties" : { "ANNO":"2010","ID_SEZIONE":"19865","ISTAT_COMUNE_SEZ":"1197","COMUNE_SEZ":"POIRINO","PROVINCIA":"TO","ID_CENTRALE":"1010","NOME_CENTRALE":"POIRINO","ISTAT_COMUNE_CENTR":"1197","COMUNE_CENTR":"POIRINO","PROVINCIA_CENTR":"TO","INDIRIZZO_CENTRALE":"J. ARPINO 17/A","LATITUDINE_SEZIONE":"44.90784","LONGITUDINE_SEZIONE":"7.86486","POS_X_SEZIONE":"410390.26415","POS_Y_SEZIONE":"4973339.01366","LATITUDINE_CENTRALE":"44.92003","LONGITUDINE_CENTRALE":"7.84198","POS_X_CENTRALE":"408603.60317","POS_Y_CENTRALE":"4974718.87624","TIPO_ADSL":"ADSL_2P","DESCRIZIONE_TIPO_ADSL":"ADSL 2+ (24 mega)","DISTANZA_CALCOLATA":"2257.47","CLASSE_DISTANZA":"2100-2499","POTENZA_SEGNALE":"10000","POPOLAZIONE_SEZIONE": ""}
			},
		 		{ "type" : "Feature",
				"geometry" : {
					"type" : "Point",
					"coordinates" : [7.82422,44.93930]},
			"properties" : { "ANNO":"2010","ID_SEZIONE":"20080","ISTAT_COMUNE_SEZ":"1197","COMUNE_SEZ":"POIRINO","PROVINCIA":"TO","ID_CENTRALE":"1010","NOME_CENTRALE":"POIRINO","ISTAT_COMUNE_CENTR":"1197","COMUNE_CENTR":"POIRINO","PROVINCIA_CENTR":"TO","INDIRIZZO_CENTRALE":"J. ARPINO 17/A","LATITUDINE_SEZIONE":"44.93930","LONGITUDINE_SEZIONE":"7.82422","POS_X_SEZIONE":"407232.88968","POS_Y_SEZIONE":"4976879.51465","LATITUDINE_CENTRALE":"44.92003","LONGITUDINE_CENTRALE":"7.84198","POS_X_CENTRALE":"408603.60317","POS_Y_CENTRALE":"4974718.87624","TIPO_ADSL":"ADSL_2P","DESCRIZIONE_TIPO_ADSL":"ADSL 2+ (24 mega)","DISTANZA_CALCOLATA":"2558.75","CLASSE_DISTANZA":"2500-2899","POTENZA_SEGNALE":"7380.83","POPOLAZIONE_SEZIONE": "257"}
			},
		 		{ "type" : "Feature",
				"geometry" : {
					"type" : "Point",
					"coordinates" : [7.81959,44.93986]},
			"properties" : { "ANNO":"2010","ID_SEZIONE":"20889","ISTAT_COMUNE_SEZ":"1197","COMUNE_SEZ":"POIRINO","PROVINCIA":"TO","ID_CENTRALE":"1010","NOME_CENTRALE":"POIRINO","ISTAT_COMUNE_CENTR":"1197","COMUNE_CENTR":"POIRINO","PROVINCIA_CENTR":"TO","INDIRIZZO_CENTRALE":"J. ARPINO 17/A","LATITUDINE_SEZIONE":"44.93986","LONGITUDINE_SEZIONE":"7.81959","POS_X_SEZIONE":"406868.14190","POS_Y_SEZIONE":"4976947.01008","LATITUDINE_CENTRALE":"44.92003","LONGITUDINE_CENTRALE":"7.84198","POS_X_CENTRALE":"408603.60317","POS_Y_CENTRALE":"4974718.87624","TIPO_ADSL":"ADSL_2P","DESCRIZIONE_TIPO_ADSL":"ADSL 2+ (24 mega)","DISTANZA_CALCOLATA":"2824.25","CLASSE_DISTANZA":"2500-2899","POTENZA_SEGNALE":"7380.83","POPOLAZIONE_SEZIONE": "213"}
			},
		 		{ "type" : "Feature",
				"geometry" : {
					"type" : "Point",
					"coordinates" : [7.86741,44.90035]},
			"properties" : { "ANNO":"2010","ID_SEZIONE":"21315","ISTAT_COMUNE_SEZ":"1197","COMUNE_SEZ":"POIRINO","PROVINCIA":"TO","ID_CENTRALE":"1010","NOME_CENTRALE":"POIRINO","ISTAT_COMUNE_CENTR":"1197","COMUNE_CENTR":"POIRINO","PROVINCIA_CENTR":"TO","INDIRIZZO_CENTRALE":"J. ARPINO 17/A","LATITUDINE_SEZIONE":"44.90035","LONGITUDINE_SEZIONE":"7.86741","POS_X_SEZIONE":"410580.20181","POS_Y_SEZIONE":"4972505.00201","LATITUDINE_CENTRALE":"44.92003","LONGITUDINE_CENTRALE":"7.84198","POS_X_CENTRALE":"408603.60317","POS_Y_CENTRALE":"4974718.87624","TIPO_ADSL":"ADSL_2P","DESCRIZIONE_TIPO_ADSL":"ADSL 2+ (24 mega)","DISTANZA_CALCOLATA":"2967.86","CLASSE_DISTANZA":"2900-3299","POTENZA_SEGNALE":"5238.33","POPOLAZIONE_SEZIONE": "39"}
			},
		 		{ "type" : "Feature",
				"geometry" : {
					"type" : "Point",
					"coordinates" : [7.84606,44.91912]},
			"properties" : { "ANNO":"2010","ID_SEZIONE":"21554","ISTAT_COMUNE_SEZ":"1197","COMUNE_SEZ":"POIRINO","PROVINCIA":"TO","ID_CENTRALE":"1010","NOME_CENTRALE":"POIRINO","ISTAT_COMUNE_CENTR":"1197","COMUNE_CENTR":"POIRINO","PROVINCIA_CENTR":"TO","INDIRIZZO_CENTRALE":"J. ARPINO 17/A","LATITUDINE_SEZIONE":"44.91912","LONGITUDINE_SEZIONE":"7.84606","POS_X_SEZIONE":"408923.60175","POS_Y_SEZIONE":"4974613.00841","LATITUDINE_CENTRALE":"44.92003","LONGITUDINE_CENTRALE":"7.84198","POS_X_CENTRALE":"408603.60317","POS_Y_CENTRALE":"4974718.87624","TIPO_ADSL":"ADSL_2P","DESCRIZIONE_TIPO_ADSL":"ADSL 2+ (24 mega)","DISTANZA_CALCOLATA":"337.06","CLASSE_DISTANZA":"100-499","POTENZA_SEGNALE":"19761.67","POPOLAZIONE_SEZIONE": "344"}
			},
		 		{ "type" : "Feature",
				"geometry" : {
					"type" : "Point",
					"coordinates" : [7.88202,44.88236]},
			"properties" : { "ANNO":"2010","ID_SEZIONE":"22430","ISTAT_COMUNE_SEZ":"1197","COMUNE_SEZ":"POIRINO","PROVINCIA":"TO","ID_CENTRALE":"1010","NOME_CENTRALE":"POIRINO","ISTAT_COMUNE_CENTR":"1197","COMUNE_CENTR":"POIRINO","PROVINCIA_CENTR":"TO","INDIRIZZO_CENTRALE":"J. ARPINO 17/A","LATITUDINE_SEZIONE":"44.88236","LONGITUDINE_SEZIONE":"7.88202","POS_X_SEZIONE":"411706.00277","POS_Y_SEZIONE":"4970489.98658","LATITUDINE_CENTRALE":"44.92003","LONGITUDINE_CENTRALE":"7.84198","POS_X_CENTRALE":"408603.60317","POS_Y_CENTRALE":"4974718.87624","TIPO_ADSL":"ADSL_2P","DESCRIZIONE_TIPO_ADSL":"ADSL 2+ (24 mega)","DISTANZA_CALCOLATA":"5244.84","CLASSE_DISTANZA":"4900-5299","POTENZA_SEGNALE":"952.50","POPOLAZIONE_SEZIONE": "31"}
			},
		 		{ "type" : "Feature",
				"geometry" : {
					"type" : "Point",
					"coordinates" : [7.86812,44.88506]},
			"properties" : { "ANNO":"2010","ID_SEZIONE":"22673","ISTAT_COMUNE_SEZ":"1197","COMUNE_SEZ":"POIRINO","PROVINCIA":"TO","ID_CENTRALE":"1010","NOME_CENTRALE":"POIRINO","ISTAT_COMUNE_CENTR":"1197","COMUNE_CENTR":"POIRINO","PROVINCIA_CENTR":"TO","INDIRIZZO_CENTRALE":"J. ARPINO 17/A","LATITUDINE_SEZIONE":"44.88506","LONGITUDINE_SEZIONE":"7.86812","POS_X_SEZIONE":"410612.64469","POS_Y_SEZIONE":"4970805.47279","LATITUDINE_CENTRALE":"44.92003","LONGITUDINE_CENTRALE":"7.84198","POS_X_CENTRALE":"408603.60317","POS_Y_CENTRALE":"4974718.87624","TIPO_ADSL":"ADSL_2P","DESCRIZIONE_TIPO_ADSL":"ADSL 2+ (24 mega)","DISTANZA_CALCOLATA":"4398.97","CLASSE_DISTANZA":"4100-4499","POTENZA_SEGNALE":"2024.17","POPOLAZIONE_SEZIONE": "39"}
			},
		 		{ "type" : "Feature",
				"geometry" : {
					"type" : "Point",
					"coordinates" : [7.83794,44.87537]},
			"properties" : { "ANNO":"2010","ID_SEZIONE":"22936","ISTAT_COMUNE_SEZ":"1197","COMUNE_SEZ":"POIRINO","PROVINCIA":"TO","ID_CENTRALE":"1010","NOME_CENTRALE":"POIRINO","ISTAT_COMUNE_CENTR":"1197","COMUNE_CENTR":"POIRINO","PROVINCIA_CENTR":"TO","INDIRIZZO_CENTRALE":"J. ARPINO 17/A","LATITUDINE_SEZIONE":"44.87537","LONGITUDINE_SEZIONE":"7.83794","POS_X_SEZIONE":"408213.21915","POS_Y_SEZIONE":"4969762.91074","LATITUDINE_CENTRALE":"44.92003","LONGITUDINE_CENTRALE":"7.84198","POS_X_CENTRALE":"408603.60317","POS_Y_CENTRALE":"4974718.87624","TIPO_ADSL":"ADSL_2P","DESCRIZIONE_TIPO_ADSL":"ADSL 2+ (24 mega)","DISTANZA_CALCOLATA":"4971.32","CLASSE_DISTANZA":"4900-5299","POTENZA_SEGNALE":"952.50","POPOLAZIONE_SEZIONE": "41"}
			},
		 		{ "type" : "Feature",
				"geometry" : {
					"type" : "Point",
					"coordinates" : [7.84583,44.94822]},
			"properties" : { "ANNO":"2010","ID_SEZIONE":"23887","ISTAT_COMUNE_SEZ":"1197","COMUNE_SEZ":"POIRINO","PROVINCIA":"TO","ID_CENTRALE":"1010","NOME_CENTRALE":"POIRINO","ISTAT_COMUNE_CENTR":"1197","COMUNE_CENTR":"POIRINO","PROVINCIA_CENTR":"TO","INDIRIZZO_CENTRALE":"J. ARPINO 17/A","LATITUDINE_SEZIONE":"44.94822","LONGITUDINE_SEZIONE":"7.84583","POS_X_SEZIONE":"408951.70594","POS_Y_SEZIONE":"4977846.56234","LATITUDINE_CENTRALE":"44.92003","LONGITUDINE_CENTRALE":"7.84198","POS_X_CENTRALE":"408603.60317","POS_Y_CENTRALE":"4974718.87624","TIPO_ADSL":"ADSL_2P","DESCRIZIONE_TIPO_ADSL":"ADSL 2+ (24 mega)","DISTANZA_CALCOLATA":"3147","CLASSE_DISTANZA":"2900-3299","POTENZA_SEGNALE":"5238.33","POPOLAZIONE_SEZIONE": "120"}
			},
		 		{ "type" : "Feature",
				"geometry" : {
					"type" : "Point",
					"coordinates" : [7.81752,44.87430]},
			"properties" : { "ANNO":"2010","ID_SEZIONE":"23944","ISTAT_COMUNE_SEZ":"1197","COMUNE_SEZ":"POIRINO","PROVINCIA":"TO","ID_CENTRALE":"1010","NOME_CENTRALE":"POIRINO","ISTAT_COMUNE_CENTR":"1197","COMUNE_CENTR":"POIRINO","PROVINCIA_CENTR":"TO","INDIRIZZO_CENTRALE":"J. ARPINO 17/A","LATITUDINE_SEZIONE":"44.87430","LONGITUDINE_SEZIONE":"7.81752","POS_X_SEZIONE":"406598.76949","POS_Y_SEZIONE":"4969667.37974","LATITUDINE_CENTRALE":"44.92003","LONGITUDINE_CENTRALE":"7.84198","POS_X_CENTRALE":"408603.60317","POS_Y_CENTRALE":"4974718.87624","TIPO_ADSL":"ADSL_2P","DESCRIZIONE_TIPO_ADSL":"ADSL 2+ (24 mega)","DISTANZA_CALCOLATA":"5434.79","CLASSE_DISTANZA":"5300-5699","POTENZA_SEGNALE":"475.83","POPOLAZIONE_SEZIONE": "8"}
			},
		 		{ "type" : "Feature",
				"geometry" : {
					"type" : "Point",
					"coordinates" : [7.82574,44.94388]},
			"properties" : { "ANNO":"2010","ID_SEZIONE":"24500","ISTAT_COMUNE_SEZ":"1197","COMUNE_SEZ":"POIRINO","PROVINCIA":"TO","ID_CENTRALE":"1010","NOME_CENTRALE":"POIRINO","ISTAT_COMUNE_CENTR":"1197","COMUNE_CENTR":"POIRINO","PROVINCIA_CENTR":"TO","INDIRIZZO_CENTRALE":"J. ARPINO 17/A","LATITUDINE_SEZIONE":"44.94388","LONGITUDINE_SEZIONE":"7.82574","POS_X_SEZIONE":"407360.14062","POS_Y_SEZIONE":"4977387.02493","LATITUDINE_CENTRALE":"44.92003","LONGITUDINE_CENTRALE":"7.84198","POS_X_CENTRALE":"408603.60317","POS_Y_CENTRALE":"4974718.87624","TIPO_ADSL":"ADSL_2P","DESCRIZIONE_TIPO_ADSL":"ADSL 2+ (24 mega)","DISTANZA_CALCOLATA":"2943.67","CLASSE_DISTANZA":"2900-3299","POTENZA_SEGNALE":"5238.33","POPOLAZIONE_SEZIONE": "3"}
			},
		 		{ "type" : "Feature",
				"geometry" : {
					"type" : "Point",
					"coordinates" : [7.81325,44.94565]},
			"properties" : { "ANNO":"2010","ID_SEZIONE":"25415","ISTAT_COMUNE_SEZ":"1197","COMUNE_SEZ":"POIRINO","PROVINCIA":"TO","ID_CENTRALE":"1010","NOME_CENTRALE":"POIRINO","ISTAT_COMUNE_CENTR":"1197","COMUNE_CENTR":"POIRINO","PROVINCIA_CENTR":"TO","INDIRIZZO_CENTRALE":"J. ARPINO 17/A","LATITUDINE_SEZIONE":"44.94565","LONGITUDINE_SEZIONE":"7.81325","POS_X_SEZIONE":"406377.27214","POS_Y_SEZIONE":"4977597.51325","LATITUDINE_CENTRALE":"44.92003","LONGITUDINE_CENTRALE":"7.84198","POS_X_CENTRALE":"408603.60317","POS_Y_CENTRALE":"4974718.87624","TIPO_ADSL":"ADSL_2P","DESCRIZIONE_TIPO_ADSL":"ADSL 2+ (24 mega)","DISTANZA_CALCOLATA":"3639.11","CLASSE_DISTANZA":"3300-3699","POTENZA_SEGNALE":"4047.5","POPOLAZIONE_SEZIONE": "150"}
			},
		 		{ "type" : "Feature",
				"geometry" : {
					"type" : "Point",
					"coordinates" : [7.84584,44.88582]},
			"properties" : { "ANNO":"2010","ID_SEZIONE":"25859","ISTAT_COMUNE_SEZ":"1197","COMUNE_SEZ":"POIRINO","PROVINCIA":"TO","ID_CENTRALE":"1010","NOME_CENTRALE":"POIRINO","ISTAT_COMUNE_CENTR":"1197","COMUNE_CENTR":"POIRINO","PROVINCIA_CENTR":"TO","INDIRIZZO_CENTRALE":"J. ARPINO 17/A","LATITUDINE_SEZIONE":"44.88582","LONGITUDINE_SEZIONE":"7.84584","POS_X_SEZIONE":"408853.92418","POS_Y_SEZIONE":"4970913.94255","LATITUDINE_CENTRALE":"44.92003","LONGITUDINE_CENTRALE":"7.84198","POS_X_CENTRALE":"408603.60317","POS_Y_CENTRALE":"4974718.87624","TIPO_ADSL":"ADSL_2P","DESCRIZIONE_TIPO_ADSL":"ADSL 2+ (24 mega)","DISTANZA_CALCOLATA":"3813.16","CLASSE_DISTANZA":"3700-4099","POTENZA_SEGNALE":"2857.5","POPOLAZIONE_SEZIONE": "48"}
			},
		 		{ "type" : "Feature",
				"geometry" : {
					"type" : "Point",
					"coordinates" : [7.79518,44.91486]},
			"properties" : { "ANNO":"2010","ID_SEZIONE":"26073","ISTAT_COMUNE_SEZ":"1197","COMUNE_SEZ":"POIRINO","PROVINCIA":"TO","ID_CENTRALE":"1010","NOME_CENTRALE":"POIRINO","ISTAT_COMUNE_CENTR":"1197","COMUNE_CENTR":"POIRINO","PROVINCIA_CENTR":"TO","INDIRIZZO_CENTRALE":"J. ARPINO 17/A","LATITUDINE_SEZIONE":"44.91486","LONGITUDINE_SEZIONE":"7.79518","POS_X_SEZIONE":"404901.48590","POS_Y_SEZIONE":"4974198.93148","LATITUDINE_CENTRALE":"44.92003","LONGITUDINE_CENTRALE":"7.84198","POS_X_CENTRALE":"408603.60317","POS_Y_CENTRALE":"4974718.87624","TIPO_ADSL":"ADSL_2P","DESCRIZIONE_TIPO_ADSL":"ADSL 2+ (24 mega)","DISTANZA_CALCOLATA":"3738.45","CLASSE_DISTANZA":"3700-4099","POTENZA_SEGNALE":"2857.5","POPOLAZIONE_SEZIONE": "520"}
			},
		 		{ "type" : "Feature",
				"geometry" : {
					"type" : "Point",
					"coordinates" : [7.84260,44.93712]},
			"properties" : { "ANNO":"2010","ID_SEZIONE":"26303","ISTAT_COMUNE_SEZ":"1197","COMUNE_SEZ":"POIRINO","PROVINCIA":"TO","ID_CENTRALE":"1010","NOME_CENTRALE":"POIRINO","ISTAT_COMUNE_CENTR":"1197","COMUNE_CENTR":"POIRINO","PROVINCIA_CENTR":"TO","INDIRIZZO_CENTRALE":"J. ARPINO 17/A","LATITUDINE_SEZIONE":"44.93712","LONGITUDINE_SEZIONE":"7.84260","POS_X_SEZIONE":"408679.48834","POS_Y_SEZIONE":"4976616.53712","LATITUDINE_CENTRALE":"44.92003","LONGITUDINE_CENTRALE":"7.84198","POS_X_CENTRALE":"408603.60317","POS_Y_CENTRALE":"4974718.87624","TIPO_ADSL":"ADSL_2P","DESCRIZIONE_TIPO_ADSL":"ADSL 2+ (24 mega)","DISTANZA_CALCOLATA":"1899.18","CLASSE_DISTANZA":"1700-2099","POTENZA_SEGNALE":"12975.83","POPOLAZIONE_SEZIONE": ""}
			},
		 		{ "type" : "Feature",
				"geometry" : {
					"type" : "Point",
					"coordinates" : [7.83753,44.92679]},
			"properties" : { "ANNO":"2010","ID_SEZIONE":"27131","ISTAT_COMUNE_SEZ":"1197","COMUNE_SEZ":"POIRINO","PROVINCIA":"TO","ID_CENTRALE":"1010","NOME_CENTRALE":"POIRINO","ISTAT_COMUNE_CENTR":"1197","COMUNE_CENTR":"POIRINO","PROVINCIA_CENTR":"TO","INDIRIZZO_CENTRALE":"J. ARPINO 17/A","LATITUDINE_SEZIONE":"44.92679","LONGITUDINE_SEZIONE":"7.83753","POS_X_SEZIONE":"408263.21032","POS_Y_SEZIONE":"4975475.01059","LATITUDINE_CENTRALE":"44.92003","LONGITUDINE_CENTRALE":"7.84198","POS_X_CENTRALE":"408603.60317","POS_Y_CENTRALE":"4974718.87624","TIPO_ADSL":"ADSL_2P","DESCRIZIONE_TIPO_ADSL":"ADSL 2+ (24 mega)","DISTANZA_CALCOLATA":"829.22","CLASSE_DISTANZA":"500-899","POTENZA_SEGNALE":"19523.33","POPOLAZIONE_SEZIONE": "412"}
			},
		 		{ "type" : "Feature",
				"geometry" : {
					"type" : "Point",
					"coordinates" : [7.85412,44.92085]},
			"properties" : { "ANNO":"2010","ID_SEZIONE":"27133","ISTAT_COMUNE_SEZ":"1197","COMUNE_SEZ":"POIRINO","PROVINCIA":"TO","ID_CENTRALE":"1010","NOME_CENTRALE":"POIRINO","ISTAT_COMUNE_CENTR":"1197","COMUNE_CENTR":"POIRINO","PROVINCIA_CENTR":"TO","INDIRIZZO_CENTRALE":"J. ARPINO 17/A","LATITUDINE_SEZIONE":"44.92085","LONGITUDINE_SEZIONE":"7.85412","POS_X_SEZIONE":"409562.68322","POS_Y_SEZIONE":"4974796.02332","LATITUDINE_CENTRALE":"44.92003","LONGITUDINE_CENTRALE":"7.84198","POS_X_CENTRALE":"408603.60317","POS_Y_CENTRALE":"4974718.87624","TIPO_ADSL":"ADSL_2P","DESCRIZIONE_TIPO_ADSL":"ADSL 2+ (24 mega)","DISTANZA_CALCOLATA":"962.18","CLASSE_DISTANZA":"900-1299","POTENZA_SEGNALE":"17737.5","POPOLAZIONE_SEZIONE": "544"}
			},
		 		{ "type" : "Feature",
				"geometry" : {
					"type" : "Point",
					"coordinates" : [7.83936,44.90530]},
			"properties" : { "ANNO":"2010","ID_SEZIONE":"27134","ISTAT_COMUNE_SEZ":"1197","COMUNE_SEZ":"POIRINO","PROVINCIA":"TO","ID_CENTRALE":"1010","NOME_CENTRALE":"POIRINO","ISTAT_COMUNE_CENTR":"1197","COMUNE_CENTR":"POIRINO","PROVINCIA_CENTR":"TO","INDIRIZZO_CENTRALE":"J. ARPINO 17/A","LATITUDINE_SEZIONE":"44.90530","LONGITUDINE_SEZIONE":"7.83936","POS_X_SEZIONE":"408372.89557","POS_Y_SEZIONE":"4973085.47177","LATITUDINE_CENTRALE":"44.92003","LONGITUDINE_CENTRALE":"7.84198","POS_X_CENTRALE":"408603.60317","POS_Y_CENTRALE":"4974718.87624","TIPO_ADSL":"ADSL_2P","DESCRIZIONE_TIPO_ADSL":"ADSL 2+ (24 mega)","DISTANZA_CALCOLATA":"1649.62","CLASSE_DISTANZA":"1300-1699","POTENZA_SEGNALE":"16071.67","POPOLAZIONE_SEZIONE": "12"}
			},
		 		{ "type" : "Feature",
				"geometry" : {
					"type" : "Point",
					"coordinates" : [7.83805,44.95327]},
			"properties" : { "ANNO":"2010","ID_SEZIONE":"27514","ISTAT_COMUNE_SEZ":"1197","COMUNE_SEZ":"POIRINO","PROVINCIA":"TO","ID_CENTRALE":"1010","NOME_CENTRALE":"POIRINO","ISTAT_COMUNE_CENTR":"1197","COMUNE_CENTR":"POIRINO","PROVINCIA_CENTR":"TO","INDIRIZZO_CENTRALE":"J. ARPINO 17/A","LATITUDINE_SEZIONE":"44.95327","LONGITUDINE_SEZIONE":"7.83805","POS_X_SEZIONE":"408346.03298","POS_Y_SEZIONE":"4978416.06045","LATITUDINE_CENTRALE":"44.92003","LONGITUDINE_CENTRALE":"7.84198","POS_X_CENTRALE":"408603.60317","POS_Y_CENTRALE":"4974718.87624","TIPO_ADSL":"ADSL_2P","DESCRIZIONE_TIPO_ADSL":"ADSL 2+ (24 mega)","DISTANZA_CALCOLATA":"3706.15","CLASSE_DISTANZA":"3700-4099","POTENZA_SEGNALE":"2857.5","POPOLAZIONE_SEZIONE": ""}
			},
		 		{ "type" : "Feature",
				"geometry" : {
					"type" : "Point",
					"coordinates" : [7.88672,44.91263]},
			"properties" : { "ANNO":"2010","ID_SEZIONE":"28181","ISTAT_COMUNE_SEZ":"1197","COMUNE_SEZ":"POIRINO","PROVINCIA":"TO","ID_CENTRALE":"1010","NOME_CENTRALE":"POIRINO","ISTAT_COMUNE_CENTR":"1197","COMUNE_CENTR":"POIRINO","PROVINCIA_CENTR":"TO","INDIRIZZO_CENTRALE":"J. ARPINO 17/A","LATITUDINE_SEZIONE":"44.91263","LONGITUDINE_SEZIONE":"7.88672","POS_X_SEZIONE":"412123.07388","POS_Y_SEZIONE":"4973847.55459","LATITUDINE_CENTRALE":"44.92003","LONGITUDINE_CENTRALE":"7.84198","POS_X_CENTRALE":"408603.60317","POS_Y_CENTRALE":"4974718.87624","TIPO_ADSL":"ADSL_2P","DESCRIZIONE_TIPO_ADSL":"ADSL 2+ (24 mega)","DISTANZA_CALCOLATA":"3625.72","CLASSE_DISTANZA":"3300-3699","POTENZA_SEGNALE":"4047.5","POPOLAZIONE_SEZIONE": "6"}
			},
		 		{ "type" : "Feature",
				"geometry" : {
					"type" : "Point",
					"coordinates" : [7.86244,44.89595]},
			"properties" : { "ANNO":"2010","ID_SEZIONE":"28717","ISTAT_COMUNE_SEZ":"1197","COMUNE_SEZ":"POIRINO","PROVINCIA":"TO","ID_CENTRALE":"1010","NOME_CENTRALE":"POIRINO","ISTAT_COMUNE_CENTR":"1197","COMUNE_CENTR":"POIRINO","PROVINCIA_CENTR":"TO","INDIRIZZO_CENTRALE":"J. ARPINO 17/A","LATITUDINE_SEZIONE":"44.89595","LONGITUDINE_SEZIONE":"7.86244","POS_X_SEZIONE":"410180.39791","POS_Y_SEZIONE":"4972020.98639","LATITUDINE_CENTRALE":"44.92003","LONGITUDINE_CENTRALE":"7.84198","POS_X_CENTRALE":"408603.60317","POS_Y_CENTRALE":"4974718.87624","TIPO_ADSL":"ADSL_2P","DESCRIZIONE_TIPO_ADSL":"ADSL 2+ (24 mega)","DISTANZA_CALCOLATA":"3124.88","CLASSE_DISTANZA":"2900-3299","POTENZA_SEGNALE":"5238.33","POPOLAZIONE_SEZIONE": "1"}
			},
		 		{ "type" : "Feature",
				"geometry" : {
					"type" : "Point",
					"coordinates" : [7.84996,44.90609]},
			"properties" : { "ANNO":"2010","ID_SEZIONE":"28981","ISTAT_COMUNE_SEZ":"1197","COMUNE_SEZ":"POIRINO","PROVINCIA":"TO","ID_CENTRALE":"1010","NOME_CENTRALE":"POIRINO","ISTAT_COMUNE_CENTR":"1197","COMUNE_CENTR":"POIRINO","PROVINCIA_CENTR":"TO","INDIRIZZO_CENTRALE":"J. ARPINO 17/A","LATITUDINE_SEZIONE":"44.90609","LONGITUDINE_SEZIONE":"7.84996","POS_X_SEZIONE":"409210.84911","POS_Y_SEZIONE":"4973160.98870","LATITUDINE_CENTRALE":"44.92003","LONGITUDINE_CENTRALE":"7.84198","POS_X_CENTRALE":"408603.60317","POS_Y_CENTRALE":"4974718.87624","TIPO_ADSL":"ADSL_2P","DESCRIZIONE_TIPO_ADSL":"ADSL 2+ (24 mega)","DISTANZA_CALCOLATA":"1672.05","CLASSE_DISTANZA":"1300-1699","POTENZA_SEGNALE":"16071.67","POPOLAZIONE_SEZIONE": ""}
			},
		 		{ "type" : "Feature",
				"geometry" : {
					"type" : "Point",
					"coordinates" : [7.84300,44.92221]},
			"properties" : { "ANNO":"2010","ID_SEZIONE":"29867","ISTAT_COMUNE_SEZ":"1197","COMUNE_SEZ":"POIRINO","PROVINCIA":"TO","ID_CENTRALE":"1010","NOME_CENTRALE":"POIRINO","ISTAT_COMUNE_CENTR":"1197","COMUNE_CENTR":"POIRINO","PROVINCIA_CENTR":"TO","INDIRIZZO_CENTRALE":"J. ARPINO 17/A","LATITUDINE_SEZIONE":"44.92221","LONGITUDINE_SEZIONE":"7.84300","POS_X_SEZIONE":"408687.48219","POS_Y_SEZIONE":"4974960.50998","LATITUDINE_CENTRALE":"44.92003","LONGITUDINE_CENTRALE":"7.84198","POS_X_CENTRALE":"408603.60317","POS_Y_CENTRALE":"4974718.87624","TIPO_ADSL":"ADSL_2P","DESCRIZIONE_TIPO_ADSL":"ADSL 2+ (24 mega)","DISTANZA_CALCOLATA":"255.78","CLASSE_DISTANZA":"100-499","POTENZA_SEGNALE":"19761.67","POPOLAZIONE_SEZIONE": "463"}
			},
		 		{ "type" : "Feature",
				"geometry" : {
					"type" : "Point",
					"coordinates" : [7.84902,44.91412]},
			"properties" : { "ANNO":"2010","ID_SEZIONE":"30234","ISTAT_COMUNE_SEZ":"1197","COMUNE_SEZ":"POIRINO","PROVINCIA":"TO","ID_CENTRALE":"1010","NOME_CENTRALE":"POIRINO","ISTAT_COMUNE_CENTR":"1197","COMUNE_CENTR":"POIRINO","PROVINCIA_CENTR":"TO","INDIRIZZO_CENTRALE":"J. ARPINO 17/A","LATITUDINE_SEZIONE":"44.91412","LONGITUDINE_SEZIONE":"7.84902","POS_X_SEZIONE":"409149.47259","POS_Y_SEZIONE":"4974054.50294","LATITUDINE_CENTRALE":"44.92003","LONGITUDINE_CENTRALE":"7.84198","POS_X_CENTRALE":"408603.60317","POS_Y_CENTRALE":"4974718.87624","TIPO_ADSL":"ADSL_2P","DESCRIZIONE_TIPO_ADSL":"ADSL 2+ (24 mega)","DISTANZA_CALCOLATA":"859.86","CLASSE_DISTANZA":"500-899","POTENZA_SEGNALE":"19523.33","POPOLAZIONE_SEZIONE": "706"}
			},
		 		{ "type" : "Feature",
				"geometry" : {
					"type" : "Point",
					"coordinates" : [7.80909,44.90306]},
			"properties" : { "ANNO":"2010","ID_SEZIONE":"30236","ISTAT_COMUNE_SEZ":"1197","COMUNE_SEZ":"POIRINO","PROVINCIA":"TO","ID_CENTRALE":"1010","NOME_CENTRALE":"POIRINO","ISTAT_COMUNE_CENTR":"1197","COMUNE_CENTR":"POIRINO","PROVINCIA_CENTR":"TO","INDIRIZZO_CENTRALE":"J. ARPINO 17/A","LATITUDINE_SEZIONE":"44.90306","LONGITUDINE_SEZIONE":"7.80909","POS_X_SEZIONE":"405979.98318","POS_Y_SEZIONE":"4972871.92579","LATITUDINE_CENTRALE":"44.92003","LONGITUDINE_CENTRALE":"7.84198","POS_X_CENTRALE":"408603.60317","POS_Y_CENTRALE":"4974718.87624","TIPO_ADSL":"ADSL_2P","DESCRIZIONE_TIPO_ADSL":"ADSL 2+ (24 mega)","DISTANZA_CALCOLATA":"3208.52","CLASSE_DISTANZA":"2900-3299","POTENZA_SEGNALE":"5238.33","POPOLAZIONE_SEZIONE": "45"}
			},
		 		{ "type" : "Feature",
				"geometry" : {
					"type" : "Point",
					"coordinates" : [7.87206,44.88418]},
			"properties" : { "ANNO":"2010","ID_SEZIONE":"30242","ISTAT_COMUNE_SEZ":"1197","COMUNE_SEZ":"POIRINO","PROVINCIA":"TO","ID_CENTRALE":"1010","NOME_CENTRALE":"POIRINO","ISTAT_COMUNE_CENTR":"1197","COMUNE_CENTR":"POIRINO","PROVINCIA_CENTR":"TO","INDIRIZZO_CENTRALE":"J. ARPINO 17/A","LATITUDINE_SEZIONE":"44.88418","LONGITUDINE_SEZIONE":"7.87206","POS_X_SEZIONE":"410922.32789","POS_Y_SEZIONE":"4970703.47625","LATITUDINE_CENTRALE":"44.92003","LONGITUDINE_CENTRALE":"7.84198","POS_X_CENTRALE":"408603.60317","POS_Y_CENTRALE":"4974718.87624","TIPO_ADSL":"ADSL_2P","DESCRIZIONE_TIPO_ADSL":"ADSL 2+ (24 mega)","DISTANZA_CALCOLATA":"4636.8","CLASSE_DISTANZA":"4500-4899","POTENZA_SEGNALE":"1428.33","POPOLAZIONE_SEZIONE": "32"}
			},
		 		{ "type" : "Feature",
				"geometry" : {
					"type" : "Point",
					"coordinates" : [7.88544,44.91876]},
			"properties" : { "ANNO":"2010","ID_SEZIONE":"31257","ISTAT_COMUNE_SEZ":"1197","COMUNE_SEZ":"POIRINO","PROVINCIA":"TO","ID_CENTRALE":"1010","NOME_CENTRALE":"POIRINO","ISTAT_COMUNE_CENTR":"1197","COMUNE_CENTR":"POIRINO","PROVINCIA_CENTR":"TO","INDIRIZZO_CENTRALE":"J. ARPINO 17/A","LATITUDINE_SEZIONE":"44.91876","LONGITUDINE_SEZIONE":"7.88544","POS_X_SEZIONE":"412031.26050","POS_Y_SEZIONE":"4974530.06492","LATITUDINE_CENTRALE":"44.92003","LONGITUDINE_CENTRALE":"7.84198","POS_X_CENTRALE":"408603.60317","POS_Y_CENTRALE":"4974718.87624","TIPO_ADSL":"ADSL_2P","DESCRIZIONE_TIPO_ADSL":"ADSL 2+ (24 mega)","DISTANZA_CALCOLATA":"3432.85","CLASSE_DISTANZA":"3300-3699","POTENZA_SEGNALE":"4047.5","POPOLAZIONE_SEZIONE": "42"}
			},
		 		{ "type" : "Feature",
				"geometry" : {
					"type" : "Point",
					"coordinates" : [7.86089,44.92686]},
			"properties" : { "ANNO":"2010","ID_SEZIONE":"31677","ISTAT_COMUNE_SEZ":"1197","COMUNE_SEZ":"POIRINO","PROVINCIA":"TO","ID_CENTRALE":"1010","NOME_CENTRALE":"POIRINO","ISTAT_COMUNE_CENTR":"1197","COMUNE_CENTR":"POIRINO","PROVINCIA_CENTR":"TO","INDIRIZZO_CENTRALE":"J. ARPINO 17/A","LATITUDINE_SEZIONE":"44.92686","LONGITUDINE_SEZIONE":"7.86089","POS_X_SEZIONE":"410106.58184","POS_Y_SEZIONE":"4975456.54429","LATITUDINE_CENTRALE":"44.92003","LONGITUDINE_CENTRALE":"7.84198","POS_X_CENTRALE":"408603.60317","POS_Y_CENTRALE":"4974718.87624","TIPO_ADSL":"ADSL_2P","DESCRIZIONE_TIPO_ADSL":"ADSL 2+ (24 mega)","DISTANZA_CALCOLATA":"1674.25","CLASSE_DISTANZA":"1300-1699","POTENZA_SEGNALE":"16071.67","POPOLAZIONE_SEZIONE": "4"}
			},
		 		{ "type" : "Feature",
				"geometry" : {
					"type" : "Point",
					"coordinates" : [7.85555,44.84228]},
			"properties" : { "ANNO":"2010","ID_SEZIONE":"32319","ISTAT_COMUNE_SEZ":"1197","COMUNE_SEZ":"POIRINO","PROVINCIA":"TO","ID_CENTRALE":"1010","NOME_CENTRALE":"POIRINO","ISTAT_COMUNE_CENTR":"1197","COMUNE_CENTR":"POIRINO","PROVINCIA_CENTR":"TO","INDIRIZZO_CENTRALE":"J. ARPINO 17/A","LATITUDINE_SEZIONE":"44.84228","LONGITUDINE_SEZIONE":"7.85555","POS_X_SEZIONE":"409552.95983","POS_Y_SEZIONE":"4966067.36949","LATITUDINE_CENTRALE":"44.92003","LONGITUDINE_CENTRALE":"7.84198","POS_X_CENTRALE":"408603.60317","POS_Y_CENTRALE":"4974718.87624","TIPO_ADSL":"ADSL_2P","DESCRIZIONE_TIPO_ADSL":"ADSL 2+ (24 mega)","DISTANZA_CALCOLATA":"8703.44","CLASSE_DISTANZA":"6100 e oltre","POTENZA_SEGNALE":"0.00","POPOLAZIONE_SEZIONE": "5"}
			},
		 		{ "type" : "Feature",
				"geometry" : {
					"type" : "Point",
					"coordinates" : [7.88584,44.90742]},
			"properties" : { "ANNO":"2010","ID_SEZIONE":"32899","ISTAT_COMUNE_SEZ":"1197","COMUNE_SEZ":"POIRINO","PROVINCIA":"TO","ID_CENTRALE":"1010","NOME_CENTRALE":"POIRINO","ISTAT_COMUNE_CENTR":"1197","COMUNE_CENTR":"POIRINO","PROVINCIA_CENTR":"TO","INDIRIZZO_CENTRALE":"J. ARPINO 17/A","LATITUDINE_SEZIONE":"44.90742","LONGITUDINE_SEZIONE":"7.88584","POS_X_SEZIONE":"412046.01480","POS_Y_SEZIONE":"4973269.54294","LATITUDINE_CENTRALE":"44.92003","LONGITUDINE_CENTRALE":"7.84198","POS_X_CENTRALE":"408603.60317","POS_Y_CENTRALE":"4974718.87624","TIPO_ADSL":"ADSL_2P","DESCRIZIONE_TIPO_ADSL":"ADSL 2+ (24 mega)","DISTANZA_CALCOLATA":"3735.07","CLASSE_DISTANZA":"3700-4099","POTENZA_SEGNALE":"2857.5","POPOLAZIONE_SEZIONE": "22"}
			},
		 		{ "type" : "Feature",
				"geometry" : {
					"type" : "Point",
					"coordinates" : [7.83271,44.89423]},
			"properties" : { "ANNO":"2010","ID_SEZIONE":"32900","ISTAT_COMUNE_SEZ":"1197","COMUNE_SEZ":"POIRINO","PROVINCIA":"TO","ID_CENTRALE":"1010","NOME_CENTRALE":"POIRINO","ISTAT_COMUNE_CENTR":"1197","COMUNE_CENTR":"POIRINO","PROVINCIA_CENTR":"TO","INDIRIZZO_CENTRALE":"J. ARPINO 17/A","LATITUDINE_SEZIONE":"44.89423","LONGITUDINE_SEZIONE":"7.83271","POS_X_SEZIONE":"407830.31432","POS_Y_SEZIONE":"4971863.44041","LATITUDINE_CENTRALE":"44.92003","LONGITUDINE_CENTRALE":"7.84198","POS_X_CENTRALE":"408603.60317","POS_Y_CENTRALE":"4974718.87624","TIPO_ADSL":"ADSL_2P","DESCRIZIONE_TIPO_ADSL":"ADSL 2+ (24 mega)","DISTANZA_CALCOLATA":"2958.29","CLASSE_DISTANZA":"2900-3299","POTENZA_SEGNALE":"5238.33","POPOLAZIONE_SEZIONE": "59"}
			}
		 		]
	}
		