 	{ "type" : "FeatureCollection",
		"features" : [
		 		{ "type" : "Feature",
				"geometry" : {
					"type" : "Point",
					"coordinates" : [8.37154,45.15153]},
			"properties" : { "ANNO":"2010","ID_SEZIONE":"1191","ISTAT_COMUNE_SEZ":"6060","COMUNE_SEZ":"CONIOLO","PROVINCIA":"AL","ID_CENTRALE":"1140","NOME_CENTRALE":"ROLASCO","ISTAT_COMUNE_CENTR":"6039","COMUNE_CENTR":"CASALE MONFERRATO","PROVINCIA_CENTR":"AL","INDIRIZZO_CENTRALE":"STRADA ROLASCO","LATITUDINE_SEZIONE":"45.15153","LONGITUDINE_SEZIONE":"8.37154","POS_X_SEZIONE":"450598.04761","POS_Y_SEZIONE":"4999975.77784","LATITUDINE_CENTRALE":"45.12684","LONGITUDINE_CENTRALE":"8.38892","POS_X_CENTRALE":"451944.24310","POS_Y_CENTRALE":"4997221.92865","TIPO_ADSL":"ADSL_M","DESCRIZIONE_TIPO_ADSL":"ADSL Mini","DISTANZA_CALCOLATA":"3065.28","CLASSE_DISTANZA":"2900-3299","POTENZA_SEGNALE":"0.64","POPOLAZIONE_SEZIONE": "17"}
			},
		 		{ "type" : "Feature",
				"geometry" : {
					"type" : "Point",
					"coordinates" : [8.37170,45.14785]},
			"properties" : { "ANNO":"2010","ID_SEZIONE":"3460","ISTAT_COMUNE_SEZ":"6060","COMUNE_SEZ":"CONIOLO","PROVINCIA":"AL","ID_CENTRALE":"1140","NOME_CENTRALE":"ROLASCO","ISTAT_COMUNE_CENTR":"6039","COMUNE_CENTR":"CASALE MONFERRATO","PROVINCIA_CENTR":"AL","INDIRIZZO_CENTRALE":"STRADA ROLASCO","LATITUDINE_SEZIONE":"45.14785","LONGITUDINE_SEZIONE":"8.37170","POS_X_SEZIONE":"450607.91743","POS_Y_SEZIONE":"4999567.26789","LATITUDINE_CENTRALE":"45.12684","LONGITUDINE_CENTRALE":"8.38892","POS_X_CENTRALE":"451944.24310","POS_Y_CENTRALE":"4997221.92865","TIPO_ADSL":"ADSL_M","DESCRIZIONE_TIPO_ADSL":"ADSL Mini","DISTANZA_CALCOLATA":"2699.33","CLASSE_DISTANZA":"2500-2899","POTENZA_SEGNALE":"0.64","POPOLAZIONE_SEZIONE": "263"}
			},
		 		{ "type" : "Feature",
				"geometry" : {
					"type" : "Point",
					"coordinates" : [8.40053,45.14619]},
			"properties" : { "ANNO":"2010","ID_SEZIONE":"4656","ISTAT_COMUNE_SEZ":"6060","COMUNE_SEZ":"CONIOLO","PROVINCIA":"AL","ID_CENTRALE":"1140","NOME_CENTRALE":"ROLASCO","ISTAT_COMUNE_CENTR":"6039","COMUNE_CENTR":"CASALE MONFERRATO","PROVINCIA_CENTR":"AL","INDIRIZZO_CENTRALE":"STRADA ROLASCO","LATITUDINE_SEZIONE":"45.14619","LONGITUDINE_SEZIONE":"8.40053","POS_X_SEZIONE":"452873.14316","POS_Y_SEZIONE":"4999364.77599","LATITUDINE_CENTRALE":"45.12684","LONGITUDINE_CENTRALE":"8.38892","POS_X_CENTRALE":"451944.24310","POS_Y_CENTRALE":"4997221.92865","TIPO_ADSL":"ADSL_M","DESCRIZIONE_TIPO_ADSL":"ADSL Mini","DISTANZA_CALCOLATA":"2335.52","CLASSE_DISTANZA":"2100-2499","POTENZA_SEGNALE":"0.64","POPOLAZIONE_SEZIONE": ""}
			},
		 		{ "type" : "Feature",
				"geometry" : {
					"type" : "Point",
					"coordinates" : [8.40285,45.16033]},
			"properties" : { "ANNO":"2010","ID_SEZIONE":"5269","ISTAT_COMUNE_SEZ":"6060","COMUNE_SEZ":"CONIOLO","PROVINCIA":"AL","ID_CENTRALE":"1140","NOME_CENTRALE":"ROLASCO","ISTAT_COMUNE_CENTR":"6039","COMUNE_CENTR":"CASALE MONFERRATO","PROVINCIA_CENTR":"AL","INDIRIZZO_CENTRALE":"STRADA ROLASCO","LATITUDINE_SEZIONE":"45.16033","LONGITUDINE_SEZIONE":"8.40285","POS_X_SEZIONE":"453066.72473","POS_Y_SEZIONE":"5000934.31711","LATITUDINE_CENTRALE":"45.12684","LONGITUDINE_CENTRALE":"8.38892","POS_X_CENTRALE":"451944.24310","POS_Y_CENTRALE":"4997221.92865","TIPO_ADSL":"ADSL_M","DESCRIZIONE_TIPO_ADSL":"ADSL Mini","DISTANZA_CALCOLATA":"3878.38","CLASSE_DISTANZA":"3700-4099","POTENZA_SEGNALE":"0.64","POPOLAZIONE_SEZIONE": "8"}
			},
		 		{ "type" : "Feature",
				"geometry" : {
					"type" : "Point",
					"coordinates" : [8.36629,45.15589]},
			"properties" : { "ANNO":"2010","ID_SEZIONE":"6693","ISTAT_COMUNE_SEZ":"6060","COMUNE_SEZ":"CONIOLO","PROVINCIA":"AL","ID_CENTRALE":"1140","NOME_CENTRALE":"ROLASCO","ISTAT_COMUNE_CENTR":"6039","COMUNE_CENTR":"CASALE MONFERRATO","PROVINCIA_CENTR":"AL","INDIRIZZO_CENTRALE":"STRADA ROLASCO","LATITUDINE_SEZIONE":"45.15589","LONGITUDINE_SEZIONE":"8.36629","POS_X_SEZIONE":"450189.61497","POS_Y_SEZIONE":"5000463.78757","LATITUDINE_CENTRALE":"45.12684","LONGITUDINE_CENTRALE":"8.38892","POS_X_CENTRALE":"451944.24310","POS_Y_CENTRALE":"4997221.92865","TIPO_ADSL":"ADSL_M","DESCRIZIONE_TIPO_ADSL":"ADSL Mini","DISTANZA_CALCOLATA":"3686.24","CLASSE_DISTANZA":"3300-3699","POTENZA_SEGNALE":"0.64","POPOLAZIONE_SEZIONE": "11"}
			},
		 		{ "type" : "Feature",
				"geometry" : {
					"type" : "Point",
					"coordinates" : [8.37684,45.14431]},
			"properties" : { "ANNO":"2010","ID_SEZIONE":"17740","ISTAT_COMUNE_SEZ":"6060","COMUNE_SEZ":"CONIOLO","PROVINCIA":"AL","ID_CENTRALE":"1140","NOME_CENTRALE":"ROLASCO","ISTAT_COMUNE_CENTR":"6039","COMUNE_CENTR":"CASALE MONFERRATO","PROVINCIA_CENTR":"AL","INDIRIZZO_CENTRALE":"STRADA ROLASCO","LATITUDINE_SEZIONE":"45.14431","LONGITUDINE_SEZIONE":"8.37684","POS_X_SEZIONE":"451008.69670","POS_Y_SEZIONE":"4999170.76024","LATITUDINE_CENTRALE":"45.12684","LONGITUDINE_CENTRALE":"8.38892","POS_X_CENTRALE":"451944.24310","POS_Y_CENTRALE":"4997221.92865","TIPO_ADSL":"ADSL_M","DESCRIZIONE_TIPO_ADSL":"ADSL Mini","DISTANZA_CALCOLATA":"2161.76","CLASSE_DISTANZA":"2100-2499","POTENZA_SEGNALE":"0.64","POPOLAZIONE_SEZIONE": "22"}
			},
		 		{ "type" : "Feature",
				"geometry" : {
					"type" : "Point",
					"coordinates" : [8.36771,45.15116]},
			"properties" : { "ANNO":"2010","ID_SEZIONE":"23990","ISTAT_COMUNE_SEZ":"6060","COMUNE_SEZ":"CONIOLO","PROVINCIA":"AL","ID_CENTRALE":"1140","NOME_CENTRALE":"ROLASCO","ISTAT_COMUNE_CENTR":"6039","COMUNE_CENTR":"CASALE MONFERRATO","PROVINCIA_CENTR":"AL","INDIRIZZO_CENTRALE":"STRADA ROLASCO","LATITUDINE_SEZIONE":"45.15116","LONGITUDINE_SEZIONE":"8.36771","POS_X_SEZIONE":"450297.35871","POS_Y_SEZIONE":"4999936.77522","LATITUDINE_CENTRALE":"45.12684","LONGITUDINE_CENTRALE":"8.38892","POS_X_CENTRALE":"451944.24310","POS_Y_CENTRALE":"4997221.92865","TIPO_ADSL":"ADSL_M","DESCRIZIONE_TIPO_ADSL":"ADSL Mini","DISTANZA_CALCOLATA":"3175.31","CLASSE_DISTANZA":"2900-3299","POTENZA_SEGNALE":"0.64","POPOLAZIONE_SEZIONE": "73"}
			}
		 		]
	}
		