 	{ "type" : "FeatureCollection",
		"features" : [
		 		{ "type" : "Feature",
				"geometry" : {
					"type" : "Point",
					"coordinates" : [7.97921,44.49159]},
			"properties" : { "ANNO":"2010","ID_SEZIONE":"1233","ISTAT_COMUNE_SEZ":"4018","COMUNE_SEZ":"BELVEDERE LANGHE","PROVINCIA":"CN","ID_CENTRALE":"139","NOME_CENTRALE":"BELVEDERE LANGHE","ISTAT_COMUNE_CENTR":"4018","COMUNE_CENTR":"BELVEDERE LANGHE","PROVINCIA_CENTR":"CN","INDIRIZZO_CENTRALE":"P.ZA A. MORO","LATITUDINE_SEZIONE":"44.49159","LONGITUDINE_SEZIONE":"7.97921","POS_X_SEZIONE":"418837.66102","POS_Y_SEZIONE":"4926981.22546","LATITUDINE_CENTRALE":"44.49456","LONGITUDINE_CENTRALE":"7.97401","POS_X_CENTRALE":"418428.06016","POS_Y_CENTRALE":"4927316.41990","TIPO_ADSL":"ADSL_M","DESCRIZIONE_TIPO_ADSL":"ADSL Mini","DISTANZA_CALCOLATA":"529.27","CLASSE_DISTANZA":"500-899","POTENZA_SEGNALE":"0.64","POPOLAZIONE_SEZIONE": "4"}
			},
		 		{ "type" : "Feature",
				"geometry" : {
					"type" : "Point",
					"coordinates" : [7.97311,44.49399]},
			"properties" : { "ANNO":"2010","ID_SEZIONE":"13607","ISTAT_COMUNE_SEZ":"4018","COMUNE_SEZ":"BELVEDERE LANGHE","PROVINCIA":"CN","ID_CENTRALE":"139","NOME_CENTRALE":"BELVEDERE LANGHE","ISTAT_COMUNE_CENTR":"4018","COMUNE_CENTR":"BELVEDERE LANGHE","PROVINCIA_CENTR":"CN","INDIRIZZO_CENTRALE":"P.ZA A. MORO","LATITUDINE_SEZIONE":"44.49399","LONGITUDINE_SEZIONE":"7.97311","POS_X_SEZIONE":"418356.38665","POS_Y_SEZIONE":"4927254.71794","LATITUDINE_CENTRALE":"44.49456","LONGITUDINE_CENTRALE":"7.97401","POS_X_CENTRALE":"418428.06016","POS_Y_CENTRALE":"4927316.41990","TIPO_ADSL":"ADSL_M","DESCRIZIONE_TIPO_ADSL":"ADSL Mini","DISTANZA_CALCOLATA":"94.57","CLASSE_DISTANZA":"0-99","POTENZA_SEGNALE":"0.64","POPOLAZIONE_SEZIONE": "273"}
			},
		 		{ "type" : "Feature",
				"geometry" : {
					"type" : "Point",
					"coordinates" : [7.98248,44.50182]},
			"properties" : { "ANNO":"2010","ID_SEZIONE":"14574","ISTAT_COMUNE_SEZ":"4018","COMUNE_SEZ":"BELVEDERE LANGHE","PROVINCIA":"CN","ID_CENTRALE":"139","NOME_CENTRALE":"BELVEDERE LANGHE","ISTAT_COMUNE_CENTR":"4018","COMUNE_CENTR":"BELVEDERE LANGHE","PROVINCIA_CENTR":"CN","INDIRIZZO_CENTRALE":"P.ZA A. MORO","LATITUDINE_SEZIONE":"44.50182","LONGITUDINE_SEZIONE":"7.98248","POS_X_SEZIONE":"419111.48067","POS_Y_SEZIONE":"4928114.73816","LATITUDINE_CENTRALE":"44.49456","LONGITUDINE_CENTRALE":"7.97401","POS_X_CENTRALE":"418428.06016","POS_Y_CENTRALE":"4927316.41990","TIPO_ADSL":"ADSL_M","DESCRIZIONE_TIPO_ADSL":"ADSL Mini","DISTANZA_CALCOLATA":"1050.89","CLASSE_DISTANZA":"900-1299","POTENZA_SEGNALE":"0.64","POPOLAZIONE_SEZIONE": "74"}
			},
		 		{ "type" : "Feature",
				"geometry" : {
					"type" : "Point",
					"coordinates" : [7.95597,44.49103]},
			"properties" : { "ANNO":"2010","ID_SEZIONE":"23577","ISTAT_COMUNE_SEZ":"4086","COMUNE_SEZ":"FARIGLIANO","PROVINCIA":"CN","ID_CENTRALE":"139","NOME_CENTRALE":"BELVEDERE LANGHE","ISTAT_COMUNE_CENTR":"4018","COMUNE_CENTR":"BELVEDERE LANGHE","PROVINCIA_CENTR":"CN","INDIRIZZO_CENTRALE":"P.ZA A. MORO","LATITUDINE_SEZIONE":"44.49103","LONGITUDINE_SEZIONE":"7.95597","POS_X_SEZIONE":"416989.04611","POS_Y_SEZIONE":"4926942.68824","LATITUDINE_CENTRALE":"44.49456","LONGITUDINE_CENTRALE":"7.97401","POS_X_CENTRALE":"418428.06016","POS_Y_CENTRALE":"4927316.41990","TIPO_ADSL":"ADSL_M","DESCRIZIONE_TIPO_ADSL":"ADSL Mini","DISTANZA_CALCOLATA":"1486.75","CLASSE_DISTANZA":"1300-1699","POTENZA_SEGNALE":"0.64","POPOLAZIONE_SEZIONE": "39"}
			},
		 		{ "type" : "Feature",
				"geometry" : {
					"type" : "Point",
					"coordinates" : [7.99495,44.48659]},
			"properties" : { "ANNO":"2010","ID_SEZIONE":"24818","ISTAT_COMUNE_SEZ":"4145","COMUNE_SEZ":"MURAZZANO","PROVINCIA":"CN","ID_CENTRALE":"139","NOME_CENTRALE":"BELVEDERE LANGHE","ISTAT_COMUNE_CENTR":"4018","COMUNE_CENTR":"BELVEDERE LANGHE","PROVINCIA_CENTR":"CN","INDIRIZZO_CENTRALE":"P.ZA A. MORO","LATITUDINE_SEZIONE":"44.48659","LONGITUDINE_SEZIONE":"7.99495","POS_X_SEZIONE":"420082.48713","POS_Y_SEZIONE":"4926410.74635","LATITUDINE_CENTRALE":"44.49456","LONGITUDINE_CENTRALE":"7.97401","POS_X_CENTRALE":"418428.06016","POS_Y_CENTRALE":"4927316.41990","TIPO_ADSL":"ADSL_M","DESCRIZIONE_TIPO_ADSL":"ADSL Mini","DISTANZA_CALCOLATA":"1886.1","CLASSE_DISTANZA":"1700-2099","POTENZA_SEGNALE":"0.64","POPOLAZIONE_SEZIONE": "33"}
			},
		 		{ "type" : "Feature",
				"geometry" : {
					"type" : "Point",
					"coordinates" : [7.98517,44.50905]},
			"properties" : { "ANNO":"2010","ID_SEZIONE":"31316","ISTAT_COMUNE_SEZ":"4018","COMUNE_SEZ":"BELVEDERE LANGHE","PROVINCIA":"CN","ID_CENTRALE":"139","NOME_CENTRALE":"BELVEDERE LANGHE","ISTAT_COMUNE_CENTR":"4018","COMUNE_CENTR":"BELVEDERE LANGHE","PROVINCIA_CENTR":"CN","INDIRIZZO_CENTRALE":"P.ZA A. MORO","LATITUDINE_SEZIONE":"44.50905","LONGITUDINE_SEZIONE":"7.98517","POS_X_SEZIONE":"419335.42640","POS_Y_SEZIONE":"4928914.73663","LATITUDINE_CENTRALE":"44.49456","LONGITUDINE_CENTRALE":"7.97401","POS_X_CENTRALE":"418428.06016","POS_Y_CENTRALE":"4927316.41990","TIPO_ADSL":"ADSL_M","DESCRIZIONE_TIPO_ADSL":"ADSL Mini","DISTANZA_CALCOLATA":"1837.91","CLASSE_DISTANZA":"1700-2099","POTENZA_SEGNALE":"0.64","POPOLAZIONE_SEZIONE": "21"}
			}
		 		]
	}
		