 	{ "type" : "FeatureCollection",
		"features" : [
		 		{ "type" : "Feature",
				"geometry" : {
					"type" : "Point",
					"coordinates" : [8.06618,45.86791]},
			"properties" : { "ANNO":"2010","ID_SEZIONE":"807","ISTAT_COMUNE_SEZ":"2112","COMUNE_SEZ":"RIMASCO","PROVINCIA":"VC","ID_CENTRALE":"1094","NOME_CENTRALE":"RIMASCO","ISTAT_COMUNE_CENTR":"2112","COMUNE_CENTR":"RIMASCO","PROVINCIA_CENTR":"VC","INDIRIZZO_CENTRALE":"VIA CENTRO","LATITUDINE_SEZIONE":"45.86791","LONGITUDINE_SEZIONE":"8.06618","POS_X_SEZIONE":"427520.68490","POS_Y_SEZIONE":"5079794.98099","LATITUDINE_CENTRALE":"45.85887","LONGITUDINE_CENTRALE":"8.06347","POS_X_CENTRALE":"427298.41030","POS_Y_CENTRALE":"5078793.36591","TIPO_ADSL":"NO","DESCRIZIONE_TIPO_ADSL":"NO Adsl","DISTANZA_CALCOLATA":"1025.98","CLASSE_DISTANZA":"900-1299","POTENZA_SEGNALE":"","POPOLAZIONE_SEZIONE": "21"}
			},
		 		{ "type" : "Feature",
				"geometry" : {
					"type" : "Point",
					"coordinates" : [8.05378,45.85775]},
			"properties" : { "ANNO":"2010","ID_SEZIONE":"1637","ISTAT_COMUNE_SEZ":"2112","COMUNE_SEZ":"RIMASCO","PROVINCIA":"VC","ID_CENTRALE":"1094","NOME_CENTRALE":"RIMASCO","ISTAT_COMUNE_CENTR":"2112","COMUNE_CENTR":"RIMASCO","PROVINCIA_CENTR":"VC","INDIRIZZO_CENTRALE":"VIA CENTRO","LATITUDINE_SEZIONE":"45.85775","LONGITUDINE_SEZIONE":"8.05378","POS_X_SEZIONE":"426544.25533","POS_Y_SEZIONE":"5078677.99411","LATITUDINE_CENTRALE":"45.85887","LONGITUDINE_CENTRALE":"8.06347","POS_X_CENTRALE":"427298.41030","POS_Y_CENTRALE":"5078793.36591","TIPO_ADSL":"NO","DESCRIZIONE_TIPO_ADSL":"NO Adsl","DISTANZA_CALCOLATA":"762.93","CLASSE_DISTANZA":"500-899","POTENZA_SEGNALE":"","POPOLAZIONE_SEZIONE": "2"}
			},
		 		{ "type" : "Feature",
				"geometry" : {
					"type" : "Point",
					"coordinates" : [8.05892,45.89004]},
			"properties" : { "ANNO":"2010","ID_SEZIONE":"3871","ISTAT_COMUNE_SEZ":"2112","COMUNE_SEZ":"RIMASCO","PROVINCIA":"VC","ID_CENTRALE":"1094","NOME_CENTRALE":"RIMASCO","ISTAT_COMUNE_CENTR":"2112","COMUNE_CENTR":"RIMASCO","PROVINCIA_CENTR":"VC","INDIRIZZO_CENTRALE":"VIA CENTRO","LATITUDINE_SEZIONE":"45.89004","LONGITUDINE_SEZIONE":"8.05892","POS_X_SEZIONE":"426985.99715","POS_Y_SEZIONE":"5082260.93427","LATITUDINE_CENTRALE":"45.85887","LONGITUDINE_CENTRALE":"8.06347","POS_X_CENTRALE":"427298.41030","POS_Y_CENTRALE":"5078793.36591","TIPO_ADSL":"NO","DESCRIZIONE_TIPO_ADSL":"NO Adsl","DISTANZA_CALCOLATA":"3481.61","CLASSE_DISTANZA":"3300-3699","POTENZA_SEGNALE":"","POPOLAZIONE_SEZIONE": "2"}
			},
		 		{ "type" : "Feature",
				"geometry" : {
					"type" : "Point",
					"coordinates" : [8.07450,45.86000]},
			"properties" : { "ANNO":"2010","ID_SEZIONE":"6282","ISTAT_COMUNE_SEZ":"2112","COMUNE_SEZ":"RIMASCO","PROVINCIA":"VC","ID_CENTRALE":"1094","NOME_CENTRALE":"RIMASCO","ISTAT_COMUNE_CENTR":"2112","COMUNE_CENTR":"RIMASCO","PROVINCIA_CENTR":"VC","INDIRIZZO_CENTRALE":"VIA CENTRO","LATITUDINE_SEZIONE":"45.86000","LONGITUDINE_SEZIONE":"8.07450","POS_X_SEZIONE":"428156.21309","POS_Y_SEZIONE":"5078909.00083","LATITUDINE_CENTRALE":"45.85887","LONGITUDINE_CENTRALE":"8.06347","POS_X_CENTRALE":"427298.41030","POS_Y_CENTRALE":"5078793.36591","TIPO_ADSL":"NO","DESCRIZIONE_TIPO_ADSL":"NO Adsl","DISTANZA_CALCOLATA":"865.56","CLASSE_DISTANZA":"500-899","POTENZA_SEGNALE":"","POPOLAZIONE_SEZIONE": ""}
			},
		 		{ "type" : "Feature",
				"geometry" : {
					"type" : "Point",
					"coordinates" : [8.04289,45.88537]},
			"properties" : { "ANNO":"2010","ID_SEZIONE":"8380","ISTAT_COMUNE_SEZ":"2112","COMUNE_SEZ":"RIMASCO","PROVINCIA":"VC","ID_CENTRALE":"1094","NOME_CENTRALE":"RIMASCO","ISTAT_COMUNE_CENTR":"2112","COMUNE_CENTR":"RIMASCO","PROVINCIA_CENTR":"VC","INDIRIZZO_CENTRALE":"VIA CENTRO","LATITUDINE_SEZIONE":"45.88537","LONGITUDINE_SEZIONE":"8.04289","POS_X_SEZIONE":"425736.25738","POS_Y_SEZIONE":"5081756.43558","LATITUDINE_CENTRALE":"45.85887","LONGITUDINE_CENTRALE":"8.06347","POS_X_CENTRALE":"427298.41030","POS_Y_CENTRALE":"5078793.36591","TIPO_ADSL":"NO","DESCRIZIONE_TIPO_ADSL":"NO Adsl","DISTANZA_CALCOLATA":"3349.64","CLASSE_DISTANZA":"3300-3699","POTENZA_SEGNALE":"","POPOLAZIONE_SEZIONE": ""}
			},
		 		{ "type" : "Feature",
				"geometry" : {
					"type" : "Point",
					"coordinates" : [8.05014,45.87041]},
			"properties" : { "ANNO":"2010","ID_SEZIONE":"9203","ISTAT_COMUNE_SEZ":"2112","COMUNE_SEZ":"RIMASCO","PROVINCIA":"VC","ID_CENTRALE":"1094","NOME_CENTRALE":"RIMASCO","ISTAT_COMUNE_CENTR":"2112","COMUNE_CENTR":"RIMASCO","PROVINCIA_CENTR":"VC","INDIRIZZO_CENTRALE":"VIA CENTRO","LATITUDINE_SEZIONE":"45.87041","LONGITUDINE_SEZIONE":"8.05014","POS_X_SEZIONE":"426278.56829","POS_Y_SEZIONE":"5080087.96787","LATITUDINE_CENTRALE":"45.85887","LONGITUDINE_CENTRALE":"8.06347","POS_X_CENTRALE":"427298.41030","POS_Y_CENTRALE":"5078793.36591","TIPO_ADSL":"NO","DESCRIZIONE_TIPO_ADSL":"NO Adsl","DISTANZA_CALCOLATA":"1648.05","CLASSE_DISTANZA":"1300-1699","POTENZA_SEGNALE":"","POPOLAZIONE_SEZIONE": "2"}
			},
		 		{ "type" : "Feature",
				"geometry" : {
					"type" : "Point",
					"coordinates" : [8.03473,45.86197]},
			"properties" : { "ANNO":"2010","ID_SEZIONE":"12715","ISTAT_COMUNE_SEZ":"2111","COMUNE_SEZ":"RIMA SAN GIUSEPPE","PROVINCIA":"VC","ID_CENTRALE":"1094","NOME_CENTRALE":"RIMASCO","ISTAT_COMUNE_CENTR":"2112","COMUNE_CENTR":"RIMASCO","PROVINCIA_CENTR":"VC","INDIRIZZO_CENTRALE":"VIA CENTRO","LATITUDINE_SEZIONE":"45.86197","LONGITUDINE_SEZIONE":"8.03473","POS_X_SEZIONE":"425071.51446","POS_Y_SEZIONE":"5079164.97625","LATITUDINE_CENTRALE":"45.85887","LONGITUDINE_CENTRALE":"8.06347","POS_X_CENTRALE":"427298.41030","POS_Y_CENTRALE":"5078793.36591","TIPO_ADSL":"NO","DESCRIZIONE_TIPO_ADSL":"NO Adsl","DISTANZA_CALCOLATA":"2257.69","CLASSE_DISTANZA":"2100-2499","POTENZA_SEGNALE":"","POPOLAZIONE_SEZIONE": "10"}
			},
		 		{ "type" : "Feature",
				"geometry" : {
					"type" : "Point",
					"coordinates" : [8.07935,45.87976]},
			"properties" : { "ANNO":"2010","ID_SEZIONE":"15284","ISTAT_COMUNE_SEZ":"2112","COMUNE_SEZ":"RIMASCO","PROVINCIA":"VC","ID_CENTRALE":"1094","NOME_CENTRALE":"RIMASCO","ISTAT_COMUNE_CENTR":"2112","COMUNE_CENTR":"RIMASCO","PROVINCIA_CENTR":"VC","INDIRIZZO_CENTRALE":"VIA CENTRO","LATITUDINE_SEZIONE":"45.87976","LONGITUDINE_SEZIONE":"8.07935","POS_X_SEZIONE":"428557.45367","POS_Y_SEZIONE":"5081100.46630","LATITUDINE_CENTRALE":"45.85887","LONGITUDINE_CENTRALE":"8.06347","POS_X_CENTRALE":"427298.41030","POS_Y_CENTRALE":"5078793.36591","TIPO_ADSL":"NO","DESCRIZIONE_TIPO_ADSL":"NO Adsl","DISTANZA_CALCOLATA":"2628.29","CLASSE_DISTANZA":"2500-2899","POTENZA_SEGNALE":"","POPOLAZIONE_SEZIONE": "4"}
			},
		 		{ "type" : "Feature",
				"geometry" : {
					"type" : "Point",
					"coordinates" : [8.08170,45.86643]},
			"properties" : { "ANNO":"2010","ID_SEZIONE":"16628","ISTAT_COMUNE_SEZ":"2112","COMUNE_SEZ":"RIMASCO","PROVINCIA":"VC","ID_CENTRALE":"1094","NOME_CENTRALE":"RIMASCO","ISTAT_COMUNE_CENTR":"2112","COMUNE_CENTR":"RIMASCO","PROVINCIA_CENTR":"VC","INDIRIZZO_CENTRALE":"VIA CENTRO","LATITUDINE_SEZIONE":"45.86643","LONGITUDINE_SEZIONE":"8.08170","POS_X_SEZIONE":"428723.20343","POS_Y_SEZIONE":"5079616.49523","LATITUDINE_CENTRALE":"45.85887","LONGITUDINE_CENTRALE":"8.06347","POS_X_CENTRALE":"427298.41030","POS_Y_CENTRALE":"5078793.36591","TIPO_ADSL":"NO","DESCRIZIONE_TIPO_ADSL":"NO Adsl","DISTANZA_CALCOLATA":"1645.47","CLASSE_DISTANZA":"1300-1699","POTENZA_SEGNALE":"","POPOLAZIONE_SEZIONE": "3"}
			},
		 		{ "type" : "Feature",
				"geometry" : {
					"type" : "Point",
					"coordinates" : [8.08629,45.89742]},
			"properties" : { "ANNO":"2010","ID_SEZIONE":"18417","ISTAT_COMUNE_SEZ":"2112","COMUNE_SEZ":"RIMASCO","PROVINCIA":"VC","ID_CENTRALE":"1094","NOME_CENTRALE":"RIMASCO","ISTAT_COMUNE_CENTR":"2112","COMUNE_CENTR":"RIMASCO","PROVINCIA_CENTR":"VC","INDIRIZZO_CENTRALE":"VIA CENTRO","LATITUDINE_SEZIONE":"45.89742","LONGITUDINE_SEZIONE":"8.08629","POS_X_SEZIONE":"429118.53245","POS_Y_SEZIONE":"5083055.94125","LATITUDINE_CENTRALE":"45.85887","LONGITUDINE_CENTRALE":"8.06347","POS_X_CENTRALE":"427298.41030","POS_Y_CENTRALE":"5078793.36591","TIPO_ADSL":"NO","DESCRIZIONE_TIPO_ADSL":"NO Adsl","DISTANZA_CALCOLATA":"4634.91","CLASSE_DISTANZA":"4500-4899","POTENZA_SEGNALE":"","POPOLAZIONE_SEZIONE": ""}
			},
		 		{ "type" : "Feature",
				"geometry" : {
					"type" : "Point",
					"coordinates" : [8.04898,45.86312]},
			"properties" : { "ANNO":"2010","ID_SEZIONE":"19538","ISTAT_COMUNE_SEZ":"2112","COMUNE_SEZ":"RIMASCO","PROVINCIA":"VC","ID_CENTRALE":"1094","NOME_CENTRALE":"RIMASCO","ISTAT_COMUNE_CENTR":"2112","COMUNE_CENTR":"RIMASCO","PROVINCIA_CENTR":"VC","INDIRIZZO_CENTRALE":"VIA CENTRO","LATITUDINE_SEZIONE":"45.86312","LONGITUDINE_SEZIONE":"8.04898","POS_X_SEZIONE":"426179.16298","POS_Y_SEZIONE":"5079279.48147","LATITUDINE_CENTRALE":"45.85887","LONGITUDINE_CENTRALE":"8.06347","POS_X_CENTRALE":"427298.41030","POS_Y_CENTRALE":"5078793.36591","TIPO_ADSL":"NO","DESCRIZIONE_TIPO_ADSL":"NO Adsl","DISTANZA_CALCOLATA":"1220.26","CLASSE_DISTANZA":"900-1299","POTENZA_SEGNALE":"","POPOLAZIONE_SEZIONE": "5"}
			},
		 		{ "type" : "Feature",
				"geometry" : {
					"type" : "Point",
					"coordinates" : [8.07011,45.90104]},
			"properties" : { "ANNO":"2010","ID_SEZIONE":"22443","ISTAT_COMUNE_SEZ":"2112","COMUNE_SEZ":"RIMASCO","PROVINCIA":"VC","ID_CENTRALE":"1094","NOME_CENTRALE":"RIMASCO","ISTAT_COMUNE_CENTR":"2112","COMUNE_CENTR":"RIMASCO","PROVINCIA_CENTR":"VC","INDIRIZZO_CENTRALE":"VIA CENTRO","LATITUDINE_SEZIONE":"45.90104","LONGITUDINE_SEZIONE":"8.07011","POS_X_SEZIONE":"427867.89360","POS_Y_SEZIONE":"5083472.41792","LATITUDINE_CENTRALE":"45.85887","LONGITUDINE_CENTRALE":"8.06347","POS_X_CENTRALE":"427298.41030","POS_Y_CENTRALE":"5078793.36591","TIPO_ADSL":"NO","DESCRIZIONE_TIPO_ADSL":"NO Adsl","DISTANZA_CALCOLATA":"4713.58","CLASSE_DISTANZA":"4500-4899","POTENZA_SEGNALE":"","POPOLAZIONE_SEZIONE": ""}
			},
		 		{ "type" : "Feature",
				"geometry" : {
					"type" : "Point",
					"coordinates" : [8.07696,45.89175]},
			"properties" : { "ANNO":"2010","ID_SEZIONE":"24528","ISTAT_COMUNE_SEZ":"2112","COMUNE_SEZ":"RIMASCO","PROVINCIA":"VC","ID_CENTRALE":"1094","NOME_CENTRALE":"RIMASCO","ISTAT_COMUNE_CENTR":"2112","COMUNE_CENTR":"RIMASCO","PROVINCIA_CENTR":"VC","INDIRIZZO_CENTRALE":"VIA CENTRO","LATITUDINE_SEZIONE":"45.89175","LONGITUDINE_SEZIONE":"8.07696","POS_X_SEZIONE":"428387.54852","POS_Y_SEZIONE":"5082434.43930","LATITUDINE_CENTRALE":"45.85887","LONGITUDINE_CENTRALE":"8.06347","POS_X_CENTRALE":"427298.41030","POS_Y_CENTRALE":"5078793.36591","TIPO_ADSL":"NO","DESCRIZIONE_TIPO_ADSL":"NO Adsl","DISTANZA_CALCOLATA":"3800.48","CLASSE_DISTANZA":"3700-4099","POTENZA_SEGNALE":"","POPOLAZIONE_SEZIONE": "1"}
			},
		 		{ "type" : "Feature",
				"geometry" : {
					"type" : "Point",
					"coordinates" : [8.06228,45.86890]},
			"properties" : { "ANNO":"2010","ID_SEZIONE":"26692","ISTAT_COMUNE_SEZ":"2112","COMUNE_SEZ":"RIMASCO","PROVINCIA":"VC","ID_CENTRALE":"1094","NOME_CENTRALE":"RIMASCO","ISTAT_COMUNE_CENTR":"2112","COMUNE_CENTR":"RIMASCO","PROVINCIA_CENTR":"VC","INDIRIZZO_CENTRALE":"VIA CENTRO","LATITUDINE_SEZIONE":"45.86890","LONGITUDINE_SEZIONE":"8.06228","POS_X_SEZIONE":"427219.31197","POS_Y_SEZIONE":"5079908.97677","LATITUDINE_CENTRALE":"45.85887","LONGITUDINE_CENTRALE":"8.06347","POS_X_CENTRALE":"427298.41030","POS_Y_CENTRALE":"5078793.36591","TIPO_ADSL":"NO","DESCRIZIONE_TIPO_ADSL":"NO Adsl","DISTANZA_CALCOLATA":"1118.41","CLASSE_DISTANZA":"900-1299","POTENZA_SEGNALE":"","POPOLAZIONE_SEZIONE": "3"}
			},
		 		{ "type" : "Feature",
				"geometry" : {
					"type" : "Point",
					"coordinates" : [8.06732,45.88827]},
			"properties" : { "ANNO":"2010","ID_SEZIONE":"30806","ISTAT_COMUNE_SEZ":"2112","COMUNE_SEZ":"RIMASCO","PROVINCIA":"VC","ID_CENTRALE":"1094","NOME_CENTRALE":"RIMASCO","ISTAT_COMUNE_CENTR":"2112","COMUNE_CENTR":"RIMASCO","PROVINCIA_CENTR":"VC","INDIRIZZO_CENTRALE":"VIA CENTRO","LATITUDINE_SEZIONE":"45.88827","LONGITUDINE_SEZIONE":"8.06732","POS_X_SEZIONE":"427635.27306","POS_Y_SEZIONE":"5082056.94170","LATITUDINE_CENTRALE":"45.85887","LONGITUDINE_CENTRALE":"8.06347","POS_X_CENTRALE":"427298.41030","POS_Y_CENTRALE":"5078793.36591","TIPO_ADSL":"NO","DESCRIZIONE_TIPO_ADSL":"NO Adsl","DISTANZA_CALCOLATA":"3280.92","CLASSE_DISTANZA":"2900-3299","POTENZA_SEGNALE":"","POPOLAZIONE_SEZIONE": "9"}
			},
		 		{ "type" : "Feature",
				"geometry" : {
					"type" : "Point",
					"coordinates" : [8.08917,45.87411]},
			"properties" : { "ANNO":"2010","ID_SEZIONE":"31104","ISTAT_COMUNE_SEZ":"2112","COMUNE_SEZ":"RIMASCO","PROVINCIA":"VC","ID_CENTRALE":"1094","NOME_CENTRALE":"RIMASCO","ISTAT_COMUNE_CENTR":"2112","COMUNE_CENTR":"RIMASCO","PROVINCIA_CENTR":"VC","INDIRIZZO_CENTRALE":"VIA CENTRO","LATITUDINE_SEZIONE":"45.87411","LONGITUDINE_SEZIONE":"8.08917","POS_X_SEZIONE":"429312.90916","POS_Y_SEZIONE":"5080463.98989","LATITUDINE_CENTRALE":"45.85887","LONGITUDINE_CENTRALE":"8.06347","POS_X_CENTRALE":"427298.41030","POS_Y_CENTRALE":"5078793.36591","TIPO_ADSL":"NO","DESCRIZIONE_TIPO_ADSL":"NO Adsl","DISTANZA_CALCOLATA":"2617.1","CLASSE_DISTANZA":"2500-2899","POTENZA_SEGNALE":"","POPOLAZIONE_SEZIONE": ""}
			},
		 		{ "type" : "Feature",
				"geometry" : {
					"type" : "Point",
					"coordinates" : [8.06420,45.86077]},
			"properties" : { "ANNO":"2010","ID_SEZIONE":"31105","ISTAT_COMUNE_SEZ":"2112","COMUNE_SEZ":"RIMASCO","PROVINCIA":"VC","ID_CENTRALE":"1094","NOME_CENTRALE":"RIMASCO","ISTAT_COMUNE_CENTR":"2112","COMUNE_CENTR":"RIMASCO","PROVINCIA_CENTR":"VC","INDIRIZZO_CENTRALE":"VIA CENTRO","LATITUDINE_SEZIONE":"45.86077","LONGITUDINE_SEZIONE":"8.06420","POS_X_SEZIONE":"427357.62416","POS_Y_SEZIONE":"5079003.99373","LATITUDINE_CENTRALE":"45.85887","LONGITUDINE_CENTRALE":"8.06347","POS_X_CENTRALE":"427298.41030","POS_Y_CENTRALE":"5078793.36591","TIPO_ADSL":"NO","DESCRIZIONE_TIPO_ADSL":"NO Adsl","DISTANZA_CALCOLATA":"218.79","CLASSE_DISTANZA":"100-499","POTENZA_SEGNALE":"","POPOLAZIONE_SEZIONE": "85"}
			},
		 		{ "type" : "Feature",
				"geometry" : {
					"type" : "Point",
					"coordinates" : [8.06662,45.89184]},
			"properties" : { "ANNO":"2010","ID_SEZIONE":"32919","ISTAT_COMUNE_SEZ":"2112","COMUNE_SEZ":"RIMASCO","PROVINCIA":"VC","ID_CENTRALE":"1094","NOME_CENTRALE":"RIMASCO","ISTAT_COMUNE_CENTR":"2112","COMUNE_CENTR":"RIMASCO","PROVINCIA_CENTR":"VC","INDIRIZZO_CENTRALE":"VIA CENTRO","LATITUDINE_SEZIONE":"45.89184","LONGITUDINE_SEZIONE":"8.06662","POS_X_SEZIONE":"427585.55479","POS_Y_SEZIONE":"5082453.43450","LATITUDINE_CENTRALE":"45.85887","LONGITUDINE_CENTRALE":"8.06347","POS_X_CENTRALE":"427298.41030","POS_Y_CENTRALE":"5078793.36591","TIPO_ADSL":"NO","DESCRIZIONE_TIPO_ADSL":"NO Adsl","DISTANZA_CALCOLATA":"3671.32","CLASSE_DISTANZA":"3300-3699","POTENZA_SEGNALE":"","POPOLAZIONE_SEZIONE": "17"}
			}
		 		]
	}
		