 	{ "type" : "FeatureCollection",
		"features" : [
		 		{ "type" : "Feature",
				"geometry" : {
					"type" : "Point",
					"coordinates" : [7.35906,45.09723]},
			"properties" : { "ANNO":"2010","ID_SEZIONE":"414","ISTAT_COMUNE_SEZ":"1255","COMUNE_SEZ":"SANT'AMBROGIO DI TORINO","PROVINCIA":"TO","ID_CENTRALE":"1292","NOME_CENTRALE":"SANT' AMBROGIO","ISTAT_COMUNE_CENTR":"1255","COMUNE_CENTR":"SANT'AMBROGIO DI TORINO","PROVINCIA_CENTR":"TO","INDIRIZZO_CENTRALE":"GIAVENO 6","LATITUDINE_SEZIONE":"45.09723","LONGITUDINE_SEZIONE":"7.35906","POS_X_SEZIONE":"370887.59685","POS_Y_SEZIONE":"4995061.56958","LATITUDINE_CENTRALE":"45.09837","LONGITUDINE_CENTRALE":"7.35647","POS_X_CENTRALE":"370686.37986","POS_Y_CENTRALE":"4995191.92865","TIPO_ADSL":"ADSL_2P","DESCRIZIONE_TIPO_ADSL":"ADSL 2+ (24 mega)","DISTANZA_CALCOLATA":"239.75","CLASSE_DISTANZA":"100-499","POTENZA_SEGNALE":"19761.67","POPOLAZIONE_SEZIONE": "338"}
			},
		 		{ "type" : "Feature",
				"geometry" : {
					"type" : "Point",
					"coordinates" : [7.34584,45.09556]},
			"properties" : { "ANNO":"2010","ID_SEZIONE":"4752","ISTAT_COMUNE_SEZ":"1255","COMUNE_SEZ":"SANT'AMBROGIO DI TORINO","PROVINCIA":"TO","ID_CENTRALE":"1292","NOME_CENTRALE":"SANT' AMBROGIO","ISTAT_COMUNE_CENTR":"1255","COMUNE_CENTR":"SANT'AMBROGIO DI TORINO","PROVINCIA_CENTR":"TO","INDIRIZZO_CENTRALE":"GIAVENO 6","LATITUDINE_SEZIONE":"45.09556","LONGITUDINE_SEZIONE":"7.34584","POS_X_SEZIONE":"369843.69643","POS_Y_SEZIONE":"4994896.55506","LATITUDINE_CENTRALE":"45.09837","LONGITUDINE_CENTRALE":"7.35647","POS_X_CENTRALE":"370686.37986","POS_Y_CENTRALE":"4995191.92865","TIPO_ADSL":"ADSL_2P","DESCRIZIONE_TIPO_ADSL":"ADSL 2+ (24 mega)","DISTANZA_CALCOLATA":"892.95","CLASSE_DISTANZA":"500-899","POTENZA_SEGNALE":"19523.33","POPOLAZIONE_SEZIONE": "20"}
			},
		 		{ "type" : "Feature",
				"geometry" : {
					"type" : "Point",
					"coordinates" : [7.37336,45.09674]},
			"properties" : { "ANNO":"2010","ID_SEZIONE":"6674","ISTAT_COMUNE_SEZ":"1255","COMUNE_SEZ":"SANT'AMBROGIO DI TORINO","PROVINCIA":"TO","ID_CENTRALE":"1292","NOME_CENTRALE":"SANT' AMBROGIO","ISTAT_COMUNE_CENTR":"1255","COMUNE_CENTR":"SANT'AMBROGIO DI TORINO","PROVINCIA_CENTR":"TO","INDIRIZZO_CENTRALE":"GIAVENO 6","LATITUDINE_SEZIONE":"45.09674","LONGITUDINE_SEZIONE":"7.37336","POS_X_SEZIONE":"372011.92990","POS_Y_SEZIONE":"4994984.58219","LATITUDINE_CENTRALE":"45.09837","LONGITUDINE_CENTRALE":"7.35647","POS_X_CENTRALE":"370686.37986","POS_Y_CENTRALE":"4995191.92865","TIPO_ADSL":"ADSL_2P","DESCRIZIONE_TIPO_ADSL":"ADSL 2+ (24 mega)","DISTANZA_CALCOLATA":"1341.67","CLASSE_DISTANZA":"1300-1699","POTENZA_SEGNALE":"16071.67","POPOLAZIONE_SEZIONE": "17"}
			},
		 		{ "type" : "Feature",
				"geometry" : {
					"type" : "Point",
					"coordinates" : [7.34638,45.10931]},
			"properties" : { "ANNO":"2010","ID_SEZIONE":"7057","ISTAT_COMUNE_SEZ":"1255","COMUNE_SEZ":"SANT'AMBROGIO DI TORINO","PROVINCIA":"TO","ID_CENTRALE":"1292","NOME_CENTRALE":"SANT' AMBROGIO","ISTAT_COMUNE_CENTR":"1255","COMUNE_CENTR":"SANT'AMBROGIO DI TORINO","PROVINCIA_CENTR":"TO","INDIRIZZO_CENTRALE":"GIAVENO 6","LATITUDINE_SEZIONE":"45.10931","LONGITUDINE_SEZIONE":"7.34638","POS_X_SEZIONE":"369917.67941","POS_Y_SEZIONE":"4996423.57355","LATITUDINE_CENTRALE":"45.09837","LONGITUDINE_CENTRALE":"7.35647","POS_X_CENTRALE":"370686.37986","POS_Y_CENTRALE":"4995191.92865","TIPO_ADSL":"ADSL_2P","DESCRIZIONE_TIPO_ADSL":"ADSL 2+ (24 mega)","DISTANZA_CALCOLATA":"1451.84","CLASSE_DISTANZA":"1300-1699","POTENZA_SEGNALE":"16071.67","POPOLAZIONE_SEZIONE": "17"}
			},
		 		{ "type" : "Feature",
				"geometry" : {
					"type" : "Point",
					"coordinates" : [7.36771,45.10142]},
			"properties" : { "ANNO":"2010","ID_SEZIONE":"8399","ISTAT_COMUNE_SEZ":"1255","COMUNE_SEZ":"SANT'AMBROGIO DI TORINO","PROVINCIA":"TO","ID_CENTRALE":"1292","NOME_CENTRALE":"SANT' AMBROGIO","ISTAT_COMUNE_CENTR":"1255","COMUNE_CENTR":"SANT'AMBROGIO DI TORINO","PROVINCIA_CENTR":"TO","INDIRIZZO_CENTRALE":"GIAVENO 6","LATITUDINE_SEZIONE":"45.10142","LONGITUDINE_SEZIONE":"7.36771","POS_X_SEZIONE":"371578.00171","POS_Y_SEZIONE":"4995512.58270","LATITUDINE_CENTRALE":"45.09837","LONGITUDINE_CENTRALE":"7.35647","POS_X_CENTRALE":"370686.37986","POS_Y_CENTRALE":"4995191.92865","TIPO_ADSL":"ADSL_2P","DESCRIZIONE_TIPO_ADSL":"ADSL 2+ (24 mega)","DISTANZA_CALCOLATA":"947.53","CLASSE_DISTANZA":"900-1299","POTENZA_SEGNALE":"17737.5","POPOLAZIONE_SEZIONE": "356"}
			},
		 		{ "type" : "Feature",
				"geometry" : {
					"type" : "Point",
					"coordinates" : [7.36207,45.09905]},
			"properties" : { "ANNO":"2010","ID_SEZIONE":"12489","ISTAT_COMUNE_SEZ":"1255","COMUNE_SEZ":"SANT'AMBROGIO DI TORINO","PROVINCIA":"TO","ID_CENTRALE":"1292","NOME_CENTRALE":"SANT' AMBROGIO","ISTAT_COMUNE_CENTR":"1255","COMUNE_CENTR":"SANT'AMBROGIO DI TORINO","PROVINCIA_CENTR":"TO","INDIRIZZO_CENTRALE":"GIAVENO 6","LATITUDINE_SEZIONE":"45.09905","LONGITUDINE_SEZIONE":"7.36207","POS_X_SEZIONE":"371128.50257","POS_Y_SEZIONE":"4995258.57490","LATITUDINE_CENTRALE":"45.09837","LONGITUDINE_CENTRALE":"7.35647","POS_X_CENTRALE":"370686.37986","POS_Y_CENTRALE":"4995191.92865","TIPO_ADSL":"ADSL_2P","DESCRIZIONE_TIPO_ADSL":"ADSL 2+ (24 mega)","DISTANZA_CALCOLATA":"447.12","CLASSE_DISTANZA":"100-499","POTENZA_SEGNALE":"19761.67","POPOLAZIONE_SEZIONE": "367"}
			},
		 		{ "type" : "Feature",
				"geometry" : {
					"type" : "Point",
					"coordinates" : [7.35535,45.10200]},
			"properties" : { "ANNO":"2010","ID_SEZIONE":"12504","ISTAT_COMUNE_SEZ":"1255","COMUNE_SEZ":"SANT'AMBROGIO DI TORINO","PROVINCIA":"TO","ID_CENTRALE":"1292","NOME_CENTRALE":"SANT' AMBROGIO","ISTAT_COMUNE_CENTR":"1255","COMUNE_CENTR":"SANT'AMBROGIO DI TORINO","PROVINCIA_CENTR":"TO","INDIRIZZO_CENTRALE":"GIAVENO 6","LATITUDINE_SEZIONE":"45.10200","LONGITUDINE_SEZIONE":"7.35535","POS_X_SEZIONE":"370606.44741","POS_Y_SEZIONE":"4995597.57214","LATITUDINE_CENTRALE":"45.09837","LONGITUDINE_CENTRALE":"7.35647","POS_X_CENTRALE":"370686.37986","POS_Y_CENTRALE":"4995191.92865","TIPO_ADSL":"ADSL_2P","DESCRIZIONE_TIPO_ADSL":"ADSL 2+ (24 mega)","DISTANZA_CALCOLATA":"413.44","CLASSE_DISTANZA":"100-499","POTENZA_SEGNALE":"19761.67","POPOLAZIONE_SEZIONE": "496"}
			},
		 		{ "type" : "Feature",
				"geometry" : {
					"type" : "Point",
					"coordinates" : [7.35973,45.10277]},
			"properties" : { "ANNO":"2010","ID_SEZIONE":"13329","ISTAT_COMUNE_SEZ":"1255","COMUNE_SEZ":"SANT'AMBROGIO DI TORINO","PROVINCIA":"TO","ID_CENTRALE":"1292","NOME_CENTRALE":"SANT' AMBROGIO","ISTAT_COMUNE_CENTR":"1255","COMUNE_CENTR":"SANT'AMBROGIO DI TORINO","PROVINCIA_CENTR":"TO","INDIRIZZO_CENTRALE":"GIAVENO 6","LATITUDINE_SEZIONE":"45.10277","LONGITUDINE_SEZIONE":"7.35973","POS_X_SEZIONE":"370953.16408","POS_Y_SEZIONE":"4995676.07710","LATITUDINE_CENTRALE":"45.09837","LONGITUDINE_CENTRALE":"7.35647","POS_X_CENTRALE":"370686.37986","POS_Y_CENTRALE":"4995191.92865","TIPO_ADSL":"ADSL_2P","DESCRIZIONE_TIPO_ADSL":"ADSL 2+ (24 mega)","DISTANZA_CALCOLATA":"552.79","CLASSE_DISTANZA":"500-899","POTENZA_SEGNALE":"19523.33","POPOLAZIONE_SEZIONE": "434"}
			},
		 		{ "type" : "Feature",
				"geometry" : {
					"type" : "Point",
					"coordinates" : [7.35558,45.10840]},
			"properties" : { "ANNO":"2010","ID_SEZIONE":"16647","ISTAT_COMUNE_SEZ":"1255","COMUNE_SEZ":"SANT'AMBROGIO DI TORINO","PROVINCIA":"TO","ID_CENTRALE":"1292","NOME_CENTRALE":"SANT' AMBROGIO","ISTAT_COMUNE_CENTR":"1255","COMUNE_CENTR":"SANT'AMBROGIO DI TORINO","PROVINCIA_CENTR":"TO","INDIRIZZO_CENTRALE":"GIAVENO 6","LATITUDINE_SEZIONE":"45.10840","LONGITUDINE_SEZIONE":"7.35558","POS_X_SEZIONE":"370639.23589","POS_Y_SEZIONE":"4996307.08075","LATITUDINE_CENTRALE":"45.09837","LONGITUDINE_CENTRALE":"7.35647","POS_X_CENTRALE":"370686.37986","POS_Y_CENTRALE":"4995191.92865","TIPO_ADSL":"ADSL_2P","DESCRIZIONE_TIPO_ADSL":"ADSL 2+ (24 mega)","DISTANZA_CALCOLATA":"1116.15","CLASSE_DISTANZA":"900-1299","POTENZA_SEGNALE":"17737.5","POPOLAZIONE_SEZIONE": "27"}
			},
		 		{ "type" : "Feature",
				"geometry" : {
					"type" : "Point",
					"coordinates" : [7.36147,45.09539]},
			"properties" : { "ANNO":"2010","ID_SEZIONE":"18275","ISTAT_COMUNE_SEZ":"1255","COMUNE_SEZ":"SANT'AMBROGIO DI TORINO","PROVINCIA":"TO","ID_CENTRALE":"1292","NOME_CENTRALE":"SANT' AMBROGIO","ISTAT_COMUNE_CENTR":"1255","COMUNE_CENTR":"SANT'AMBROGIO DI TORINO","PROVINCIA_CENTR":"TO","INDIRIZZO_CENTRALE":"GIAVENO 6","LATITUDINE_SEZIONE":"45.09539","LONGITUDINE_SEZIONE":"7.36147","POS_X_SEZIONE":"371073.40523","POS_Y_SEZIONE":"4994852.56965","LATITUDINE_CENTRALE":"45.09837","LONGITUDINE_CENTRALE":"7.35647","POS_X_CENTRALE":"370686.37986","POS_Y_CENTRALE":"4995191.92865","TIPO_ADSL":"ADSL_2P","DESCRIZIONE_TIPO_ADSL":"ADSL 2+ (24 mega)","DISTANZA_CALCOLATA":"514.74","CLASSE_DISTANZA":"500-899","POTENZA_SEGNALE":"19523.33","POPOLAZIONE_SEZIONE": "744"}
			},
		 		{ "type" : "Feature",
				"geometry" : {
					"type" : "Point",
					"coordinates" : [7.35547,45.09900]},
			"properties" : { "ANNO":"2010","ID_SEZIONE":"21498","ISTAT_COMUNE_SEZ":"1255","COMUNE_SEZ":"SANT'AMBROGIO DI TORINO","PROVINCIA":"TO","ID_CENTRALE":"1292","NOME_CENTRALE":"SANT' AMBROGIO","ISTAT_COMUNE_CENTR":"1255","COMUNE_CENTR":"SANT'AMBROGIO DI TORINO","PROVINCIA_CENTR":"TO","INDIRIZZO_CENTRALE":"GIAVENO 6","LATITUDINE_SEZIONE":"45.09900","LONGITUDINE_SEZIONE":"7.35547","POS_X_SEZIONE":"370609.28798","POS_Y_SEZIONE":"4995264.06866","LATITUDINE_CENTRALE":"45.09837","LONGITUDINE_CENTRALE":"7.35647","POS_X_CENTRALE":"370686.37986","POS_Y_CENTRALE":"4995191.92865","TIPO_ADSL":"ADSL_2P","DESCRIZIONE_TIPO_ADSL":"ADSL 2+ (24 mega)","DISTANZA_CALCOLATA":"105.58","CLASSE_DISTANZA":"100-499","POTENZA_SEGNALE":"19761.67","POPOLAZIONE_SEZIONE": "215"}
			},
		 		{ "type" : "Feature",
				"geometry" : {
					"type" : "Point",
					"coordinates" : [7.35748,45.09888]},
			"properties" : { "ANNO":"2010","ID_SEZIONE":"26329","ISTAT_COMUNE_SEZ":"1255","COMUNE_SEZ":"SANT'AMBROGIO DI TORINO","PROVINCIA":"TO","ID_CENTRALE":"1292","NOME_CENTRALE":"SANT' AMBROGIO","ISTAT_COMUNE_CENTR":"1255","COMUNE_CENTR":"SANT'AMBROGIO DI TORINO","PROVINCIA_CENTR":"TO","INDIRIZZO_CENTRALE":"GIAVENO 6","LATITUDINE_SEZIONE":"45.09888","LONGITUDINE_SEZIONE":"7.35748","POS_X_SEZIONE":"370767.03621","POS_Y_SEZIONE":"4995246.57003","LATITUDINE_CENTRALE":"45.09837","LONGITUDINE_CENTRALE":"7.35647","POS_X_CENTRALE":"370686.37986","POS_Y_CENTRALE":"4995191.92865","TIPO_ADSL":"ADSL_2P","DESCRIZIONE_TIPO_ADSL":"ADSL 2+ (24 mega)","DISTANZA_CALCOLATA":"97.42","CLASSE_DISTANZA":"0-99","POTENZA_SEGNALE":"19761.67","POPOLAZIONE_SEZIONE": "386"}
			},
		 		{ "type" : "Feature",
				"geometry" : {
					"type" : "Point",
					"coordinates" : [7.36601,45.09701]},
			"properties" : { "ANNO":"2010","ID_SEZIONE":"26983","ISTAT_COMUNE_SEZ":"1255","COMUNE_SEZ":"SANT'AMBROGIO DI TORINO","PROVINCIA":"TO","ID_CENTRALE":"1292","NOME_CENTRALE":"SANT' AMBROGIO","ISTAT_COMUNE_CENTR":"1255","COMUNE_CENTR":"SANT'AMBROGIO DI TORINO","PROVINCIA_CENTR":"TO","INDIRIZZO_CENTRALE":"GIAVENO 6","LATITUDINE_SEZIONE":"45.09701","LONGITUDINE_SEZIONE":"7.36601","POS_X_SEZIONE":"371433.84197","POS_Y_SEZIONE":"4995026.07570","LATITUDINE_CENTRALE":"45.09837","LONGITUDINE_CENTRALE":"7.35647","POS_X_CENTRALE":"370686.37986","POS_Y_CENTRALE":"4995191.92865","TIPO_ADSL":"ADSL_2P","DESCRIZIONE_TIPO_ADSL":"ADSL 2+ (24 mega)","DISTANZA_CALCOLATA":"765.64","CLASSE_DISTANZA":"500-899","POTENZA_SEGNALE":"19523.33","POPOLAZIONE_SEZIONE": "242"}
			},
		 		{ "type" : "Feature",
				"geometry" : {
					"type" : "Point",
					"coordinates" : [7.33200,45.09521]},
			"properties" : { "ANNO":"2010","ID_SEZIONE":"28195","ISTAT_COMUNE_SEZ":"1081","COMUNE_SEZ":"CHIUSA DI SAN MICHELE","PROVINCIA":"TO","ID_CENTRALE":"1292","NOME_CENTRALE":"SANT' AMBROGIO","ISTAT_COMUNE_CENTR":"1255","COMUNE_CENTR":"SANT'AMBROGIO DI TORINO","PROVINCIA_CENTR":"TO","INDIRIZZO_CENTRALE":"GIAVENO 6","LATITUDINE_SEZIONE":"45.09521","LONGITUDINE_SEZIONE":"7.33200","POS_X_SEZIONE":"368753.67454","POS_Y_SEZIONE":"4994880.04203","LATITUDINE_CENTRALE":"45.09837","LONGITUDINE_CENTRALE":"7.35647","POS_X_CENTRALE":"370686.37986","POS_Y_CENTRALE":"4995191.92865","TIPO_ADSL":"ADSL_2P","DESCRIZIONE_TIPO_ADSL":"ADSL 2+ (24 mega)","DISTANZA_CALCOLATA":"1957.71","CLASSE_DISTANZA":"1700-2099","POTENZA_SEGNALE":"12975.83","POPOLAZIONE_SEZIONE": "7"}
			},
		 		{ "type" : "Feature",
				"geometry" : {
					"type" : "Point",
					"coordinates" : [7.38032,45.09252]},
			"properties" : { "ANNO":"2010","ID_SEZIONE":"28603","ISTAT_COMUNE_SEZ":"1255","COMUNE_SEZ":"SANT'AMBROGIO DI TORINO","PROVINCIA":"TO","ID_CENTRALE":"1292","NOME_CENTRALE":"SANT' AMBROGIO","ISTAT_COMUNE_CENTR":"1255","COMUNE_CENTR":"SANT'AMBROGIO DI TORINO","PROVINCIA_CENTR":"TO","INDIRIZZO_CENTRALE":"GIAVENO 6","LATITUDINE_SEZIONE":"45.09252","LONGITUDINE_SEZIONE":"7.38032","POS_X_SEZIONE":"372549.70245","POS_Y_SEZIONE":"4994504.58322","LATITUDINE_CENTRALE":"45.09837","LONGITUDINE_CENTRALE":"7.35647","POS_X_CENTRALE":"370686.37986","POS_Y_CENTRALE":"4995191.92865","TIPO_ADSL":"ADSL_2P","DESCRIZIONE_TIPO_ADSL":"ADSL 2+ (24 mega)","DISTANZA_CALCOLATA":"1986.06","CLASSE_DISTANZA":"1700-2099","POTENZA_SEGNALE":"12975.83","POPOLAZIONE_SEZIONE": "30"}
			},
		 		{ "type" : "Feature",
				"geometry" : {
					"type" : "Point",
					"coordinates" : [7.36903,45.09471]},
			"properties" : { "ANNO":"2010","ID_SEZIONE":"30479","ISTAT_COMUNE_SEZ":"1255","COMUNE_SEZ":"SANT'AMBROGIO DI TORINO","PROVINCIA":"TO","ID_CENTRALE":"1292","NOME_CENTRALE":"SANT' AMBROGIO","ISTAT_COMUNE_CENTR":"1255","COMUNE_CENTR":"SANT'AMBROGIO DI TORINO","PROVINCIA_CENTR":"TO","INDIRIZZO_CENTRALE":"GIAVENO 6","LATITUDINE_SEZIONE":"45.09471","LONGITUDINE_SEZIONE":"7.36903","POS_X_SEZIONE":"371666.93048","POS_Y_SEZIONE":"4994765.07550","LATITUDINE_CENTRALE":"45.09837","LONGITUDINE_CENTRALE":"7.35647","POS_X_CENTRALE":"370686.37986","POS_Y_CENTRALE":"4995191.92865","TIPO_ADSL":"ADSL_2P","DESCRIZIONE_TIPO_ADSL":"ADSL 2+ (24 mega)","DISTANZA_CALCOLATA":"1069.43","CLASSE_DISTANZA":"900-1299","POTENZA_SEGNALE":"17737.5","POPOLAZIONE_SEZIONE": "220"}
			}
		 		]
	}
		