 	{ "type" : "FeatureCollection",
		"features" : [
		 		{ "type" : "Feature",
				"geometry" : {
					"type" : "Point",
					"coordinates" : [6.73914,45.04031]},
			"properties" : { "ANNO":"2010","ID_SEZIONE":"2296","ISTAT_COMUNE_SEZ":"1175","COMUNE_SEZ":"OULX","PROVINCIA":"TO","ID_CENTRALE":"133","NOME_CENTRALE":"BEAULARD","ISTAT_COMUNE_CENTR":"1175","COMUNE_CENTR":"OULX","PROVINCIA_CENTR":"TO","INDIRIZZO_CENTRALE":"DELLE SCUOLE 13","LATITUDINE_SEZIONE":"45.04031","LONGITUDINE_SEZIONE":"6.73914","POS_X_SEZIONE":"321934.70285","POS_Y_SEZIONE":"4989915.14065","LATITUDINE_CENTRALE":"45.04419","LONGITUDINE_CENTRALE":"6.75341","POS_X_CENTRALE":"323070.17857","POS_Y_CENTRALE":"4990314.22384","TIPO_ADSL":"ADSL_M","DESCRIZIONE_TIPO_ADSL":"ADSL Mini","DISTANZA_CALCOLATA":"1203.57","CLASSE_DISTANZA":"900-1299","POTENZA_SEGNALE":"0.64","POPOLAZIONE_SEZIONE": "5"}
			},
		 		{ "type" : "Feature",
				"geometry" : {
					"type" : "Point",
					"coordinates" : [6.76402,45.04376]},
			"properties" : { "ANNO":"2010","ID_SEZIONE":"5135","ISTAT_COMUNE_SEZ":"1175","COMUNE_SEZ":"OULX","PROVINCIA":"TO","ID_CENTRALE":"133","NOME_CENTRALE":"BEAULARD","ISTAT_COMUNE_CENTR":"1175","COMUNE_CENTR":"OULX","PROVINCIA_CENTR":"TO","INDIRIZZO_CENTRALE":"DELLE SCUOLE 13","LATITUDINE_SEZIONE":"45.04376","LONGITUDINE_SEZIONE":"6.76402","POS_X_SEZIONE":"323904.87271","POS_Y_SEZIONE":"4990244.13547","LATITUDINE_CENTRALE":"45.04419","LONGITUDINE_CENTRALE":"6.75341","POS_X_CENTRALE":"323070.17857","POS_Y_CENTRALE":"4990314.22384","TIPO_ADSL":"ADSL_M","DESCRIZIONE_TIPO_ADSL":"ADSL Mini","DISTANZA_CALCOLATA":"837.63","CLASSE_DISTANZA":"500-899","POTENZA_SEGNALE":"0.64","POPOLAZIONE_SEZIONE": "126"}
			},
		 		{ "type" : "Feature",
				"geometry" : {
					"type" : "Point",
					"coordinates" : [6.75687,45.04323]},
			"properties" : { "ANNO":"2010","ID_SEZIONE":"27453","ISTAT_COMUNE_SEZ":"1175","COMUNE_SEZ":"OULX","PROVINCIA":"TO","ID_CENTRALE":"133","NOME_CENTRALE":"BEAULARD","ISTAT_COMUNE_CENTR":"1175","COMUNE_CENTR":"OULX","PROVINCIA_CENTR":"TO","INDIRIZZO_CENTRALE":"DELLE SCUOLE 13","LATITUDINE_SEZIONE":"45.04323","LONGITUDINE_SEZIONE":"6.75687","POS_X_SEZIONE":"323340.02509","POS_Y_SEZIONE":"4990200.63748","LATITUDINE_CENTRALE":"45.04419","LONGITUDINE_CENTRALE":"6.75341","POS_X_CENTRALE":"323070.17857","POS_Y_CENTRALE":"4990314.22384","TIPO_ADSL":"ADSL_M","DESCRIZIONE_TIPO_ADSL":"ADSL Mini","DISTANZA_CALCOLATA":"292.78","CLASSE_DISTANZA":"100-499","POTENZA_SEGNALE":"0.64","POPOLAZIONE_SEZIONE": "75"}
			}
		 		]
	}
		