 	{ "type" : "FeatureCollection",
		"features" : [
		 		{ "type" : "Feature",
				"geometry" : {
					"type" : "Point",
					"coordinates" : [8.32579,45.65284]},
			"properties" : { "ANNO":"2010","ID_SEZIONE":"363","ISTAT_COMUNE_SEZ":"2137","COMUNE_SEZ":"SERRAVALLE SESIA","PROVINCIA":"VC","ID_CENTRALE":"1334","NOME_CENTRALE":"SERRAVALLE SESIA","ISTAT_COMUNE_CENTR":"2137","COMUNE_CENTR":"SERRAVALLE SESIA","PROVINCIA_CENTR":"VC","INDIRIZZO_CENTRALE":"GRAMSCI","LATITUDINE_SEZIONE":"45.65284","LONGITUDINE_SEZIONE":"8.32579","POS_X_SEZIONE":"447468.90226","POS_Y_SEZIONE":"5055697.98462","LATITUDINE_CENTRALE":"45.68624","LONGITUDINE_CENTRALE":"8.31160","POS_X_CENTRALE":"446394.94547","POS_Y_CENTRALE":"5059417.96780","TIPO_ADSL":"ADSL_2P","DESCRIZIONE_TIPO_ADSL":"ADSL 2+ (24 mega)","DISTANZA_CALCOLATA":"3871.91","CLASSE_DISTANZA":"3700-4099","POTENZA_SEGNALE":"2857.5","POPOLAZIONE_SEZIONE": ""}
			},
		 		{ "type" : "Feature",
				"geometry" : {
					"type" : "Point",
					"coordinates" : [8.32130,45.68082]},
			"properties" : { "ANNO":"2010","ID_SEZIONE":"815","ISTAT_COMUNE_SEZ":"2137","COMUNE_SEZ":"SERRAVALLE SESIA","PROVINCIA":"VC","ID_CENTRALE":"1334","NOME_CENTRALE":"SERRAVALLE SESIA","ISTAT_COMUNE_CENTR":"2137","COMUNE_CENTR":"SERRAVALLE SESIA","PROVINCIA_CENTR":"VC","INDIRIZZO_CENTRALE":"GRAMSCI","LATITUDINE_SEZIONE":"45.68082","LONGITUDINE_SEZIONE":"8.32130","POS_X_SEZIONE":"447145.16620","POS_Y_SEZIONE":"5058808.93758","LATITUDINE_CENTRALE":"45.68624","LONGITUDINE_CENTRALE":"8.31160","POS_X_CENTRALE":"446394.94547","POS_Y_CENTRALE":"5059417.96780","TIPO_ADSL":"ADSL_2P","DESCRIZIONE_TIPO_ADSL":"ADSL 2+ (24 mega)","DISTANZA_CALCOLATA":"966.31","CLASSE_DISTANZA":"900-1299","POTENZA_SEGNALE":"17737.5","POPOLAZIONE_SEZIONE": "16"}
			},
		 		{ "type" : "Feature",
				"geometry" : {
					"type" : "Point",
					"coordinates" : [8.34860,45.65150]},
			"properties" : { "ANNO":"2010","ID_SEZIONE":"2790","ISTAT_COMUNE_SEZ":"2137","COMUNE_SEZ":"SERRAVALLE SESIA","PROVINCIA":"VC","ID_CENTRALE":"1334","NOME_CENTRALE":"SERRAVALLE SESIA","ISTAT_COMUNE_CENTR":"2137","COMUNE_CENTR":"SERRAVALLE SESIA","PROVINCIA_CENTR":"VC","INDIRIZZO_CENTRALE":"GRAMSCI","LATITUDINE_SEZIONE":"45.65150","LONGITUDINE_SEZIONE":"8.34860","POS_X_SEZIONE":"449244.83212","POS_Y_SEZIONE":"5055534.48970","LATITUDINE_CENTRALE":"45.68624","LONGITUDINE_CENTRALE":"8.31160","POS_X_CENTRALE":"446394.94547","POS_Y_CENTRALE":"5059417.96780","TIPO_ADSL":"ADSL_2P","DESCRIZIONE_TIPO_ADSL":"ADSL 2+ (24 mega)","DISTANZA_CALCOLATA":"4816.98","CLASSE_DISTANZA":"4500-4899","POTENZA_SEGNALE":"1428.33","POPOLAZIONE_SEZIONE": "8"}
			},
		 		{ "type" : "Feature",
				"geometry" : {
					"type" : "Point",
					"coordinates" : [8.29448,45.69448]},
			"properties" : { "ANNO":"2010","ID_SEZIONE":"3696","ISTAT_COMUNE_SEZ":"2137","COMUNE_SEZ":"SERRAVALLE SESIA","PROVINCIA":"VC","ID_CENTRALE":"1334","NOME_CENTRALE":"SERRAVALLE SESIA","ISTAT_COMUNE_CENTR":"2137","COMUNE_CENTR":"SERRAVALLE SESIA","PROVINCIA_CENTR":"VC","INDIRIZZO_CENTRALE":"GRAMSCI","LATITUDINE_SEZIONE":"45.69448","LONGITUDINE_SEZIONE":"8.29448","POS_X_SEZIONE":"445070.08293","POS_Y_SEZIONE":"5060345.41272","LATITUDINE_CENTRALE":"45.68624","LONGITUDINE_CENTRALE":"8.31160","POS_X_CENTRALE":"446394.94547","POS_Y_CENTRALE":"5059417.96780","TIPO_ADSL":"ADSL_2P","DESCRIZIONE_TIPO_ADSL":"ADSL 2+ (24 mega)","DISTANZA_CALCOLATA":"1617.22","CLASSE_DISTANZA":"1300-1699","POTENZA_SEGNALE":"16071.67","POPOLAZIONE_SEZIONE": "493"}
			},
		 		{ "type" : "Feature",
				"geometry" : {
					"type" : "Point",
					"coordinates" : [8.28437,45.68132]},
			"properties" : { "ANNO":"2010","ID_SEZIONE":"4210","ISTAT_COMUNE_SEZ":"2137","COMUNE_SEZ":"SERRAVALLE SESIA","PROVINCIA":"VC","ID_CENTRALE":"1334","NOME_CENTRALE":"SERRAVALLE SESIA","ISTAT_COMUNE_CENTR":"2137","COMUNE_CENTR":"SERRAVALLE SESIA","PROVINCIA_CENTR":"VC","INDIRIZZO_CENTRALE":"GRAMSCI","LATITUDINE_SEZIONE":"45.68132","LONGITUDINE_SEZIONE":"8.28437","POS_X_SEZIONE":"444269.94264","POS_Y_SEZIONE":"5058890.43416","LATITUDINE_CENTRALE":"45.68624","LONGITUDINE_CENTRALE":"8.31160","POS_X_CENTRALE":"446394.94547","POS_Y_CENTRALE":"5059417.96780","TIPO_ADSL":"ADSL_2P","DESCRIZIONE_TIPO_ADSL":"ADSL 2+ (24 mega)","DISTANZA_CALCOLATA":"2189.5","CLASSE_DISTANZA":"2100-2499","POTENZA_SEGNALE":"10000","POPOLAZIONE_SEZIONE": ""}
			},
		 		{ "type" : "Feature",
				"geometry" : {
					"type" : "Point",
					"coordinates" : [8.31411,45.68674]},
			"properties" : { "ANNO":"2010","ID_SEZIONE":"4465","ISTAT_COMUNE_SEZ":"2137","COMUNE_SEZ":"SERRAVALLE SESIA","PROVINCIA":"VC","ID_CENTRALE":"1334","NOME_CENTRALE":"SERRAVALLE SESIA","ISTAT_COMUNE_CENTR":"2137","COMUNE_CENTR":"SERRAVALLE SESIA","PROVINCIA_CENTR":"VC","INDIRIZZO_CENTRALE":"GRAMSCI","LATITUDINE_SEZIONE":"45.68674","LONGITUDINE_SEZIONE":"8.31411","POS_X_SEZIONE":"446590.70860","POS_Y_SEZIONE":"5059471.42718","LATITUDINE_CENTRALE":"45.68624","LONGITUDINE_CENTRALE":"8.31160","POS_X_CENTRALE":"446394.94547","POS_Y_CENTRALE":"5059417.96780","TIPO_ADSL":"ADSL_2P","DESCRIZIONE_TIPO_ADSL":"ADSL 2+ (24 mega)","DISTANZA_CALCOLATA":"202.93","CLASSE_DISTANZA":"100-499","POTENZA_SEGNALE":"19761.67","POPOLAZIONE_SEZIONE": "410"}
			},
		 		{ "type" : "Feature",
				"geometry" : {
					"type" : "Point",
					"coordinates" : [8.31085,45.66604]},
			"properties" : { "ANNO":"2010","ID_SEZIONE":"6016","ISTAT_COMUNE_SEZ":"2137","COMUNE_SEZ":"SERRAVALLE SESIA","PROVINCIA":"VC","ID_CENTRALE":"1334","NOME_CENTRALE":"SERRAVALLE SESIA","ISTAT_COMUNE_CENTR":"2137","COMUNE_CENTR":"SERRAVALLE SESIA","PROVINCIA_CENTR":"VC","INDIRIZZO_CENTRALE":"GRAMSCI","LATITUDINE_SEZIONE":"45.66604","LONGITUDINE_SEZIONE":"8.31085","POS_X_SEZIONE":"446317.08812","POS_Y_SEZIONE":"5057174.46155","LATITUDINE_CENTRALE":"45.68624","LONGITUDINE_CENTRALE":"8.31160","POS_X_CENTRALE":"446394.94547","POS_Y_CENTRALE":"5059417.96780","TIPO_ADSL":"ADSL_2P","DESCRIZIONE_TIPO_ADSL":"ADSL 2+ (24 mega)","DISTANZA_CALCOLATA":"2244.86","CLASSE_DISTANZA":"2100-2499","POTENZA_SEGNALE":"10000","POPOLAZIONE_SEZIONE": "25"}
			},
		 		{ "type" : "Feature",
				"geometry" : {
					"type" : "Point",
					"coordinates" : [8.31924,45.67897]},
			"properties" : { "ANNO":"2010","ID_SEZIONE":"6526","ISTAT_COMUNE_SEZ":"2137","COMUNE_SEZ":"SERRAVALLE SESIA","PROVINCIA":"VC","ID_CENTRALE":"1334","NOME_CENTRALE":"SERRAVALLE SESIA","ISTAT_COMUNE_CENTR":"2137","COMUNE_CENTR":"SERRAVALLE SESIA","PROVINCIA_CENTR":"VC","INDIRIZZO_CENTRALE":"GRAMSCI","LATITUDINE_SEZIONE":"45.67897","LONGITUDINE_SEZIONE":"8.31924","POS_X_SEZIONE":"446983.29433","POS_Y_SEZIONE":"5058605.44062","LATITUDINE_CENTRALE":"45.68624","LONGITUDINE_CENTRALE":"8.31160","POS_X_CENTRALE":"446394.94547","POS_Y_CENTRALE":"5059417.96780","TIPO_ADSL":"ADSL_2P","DESCRIZIONE_TIPO_ADSL":"ADSL 2+ (24 mega)","DISTANZA_CALCOLATA":"1003.17","CLASSE_DISTANZA":"900-1299","POTENZA_SEGNALE":"17737.5","POPOLAZIONE_SEZIONE": "427"}
			},
		 		{ "type" : "Feature",
				"geometry" : {
					"type" : "Point",
					"coordinates" : [8.31640,45.66672]},
			"properties" : { "ANNO":"2010","ID_SEZIONE":"12721","ISTAT_COMUNE_SEZ":"2137","COMUNE_SEZ":"SERRAVALLE SESIA","PROVINCIA":"VC","ID_CENTRALE":"1334","NOME_CENTRALE":"SERRAVALLE SESIA","ISTAT_COMUNE_CENTR":"2137","COMUNE_CENTR":"SERRAVALLE SESIA","PROVINCIA_CENTR":"VC","INDIRIZZO_CENTRALE":"GRAMSCI","LATITUDINE_SEZIONE":"45.66672","LONGITUDINE_SEZIONE":"8.31640","POS_X_SEZIONE":"446750.26725","POS_Y_SEZIONE":"5057246.46103","LATITUDINE_CENTRALE":"45.68624","LONGITUDINE_CENTRALE":"8.31160","POS_X_CENTRALE":"446394.94547","POS_Y_CENTRALE":"5059417.96780","TIPO_ADSL":"ADSL_2P","DESCRIZIONE_TIPO_ADSL":"ADSL 2+ (24 mega)","DISTANZA_CALCOLATA":"2200.39","CLASSE_DISTANZA":"2100-2499","POTENZA_SEGNALE":"10000","POPOLAZIONE_SEZIONE": "43"}
			},
		 		{ "type" : "Feature",
				"geometry" : {
					"type" : "Point",
					"coordinates" : [8.29278,45.69685]},
			"properties" : { "ANNO":"2010","ID_SEZIONE":"13777","ISTAT_COMUNE_SEZ":"2137","COMUNE_SEZ":"SERRAVALLE SESIA","PROVINCIA":"VC","ID_CENTRALE":"1334","NOME_CENTRALE":"SERRAVALLE SESIA","ISTAT_COMUNE_CENTR":"2137","COMUNE_CENTR":"SERRAVALLE SESIA","PROVINCIA_CENTR":"VC","INDIRIZZO_CENTRALE":"GRAMSCI","LATITUDINE_SEZIONE":"45.69685","LONGITUDINE_SEZIONE":"8.29278","POS_X_SEZIONE":"444940.27250","POS_Y_SEZIONE":"5060609.90884","LATITUDINE_CENTRALE":"45.68624","LONGITUDINE_CENTRALE":"8.31160","POS_X_CENTRALE":"446394.94547","POS_Y_CENTRALE":"5059417.96780","TIPO_ADSL":"ADSL_2P","DESCRIZIONE_TIPO_ADSL":"ADSL 2+ (24 mega)","DISTANZA_CALCOLATA":"1880.64","CLASSE_DISTANZA":"1700-2099","POTENZA_SEGNALE":"12975.83","POPOLAZIONE_SEZIONE": "476"}
			},
		 		{ "type" : "Feature",
				"geometry" : {
					"type" : "Point",
					"coordinates" : [8.30591,45.68829]},
			"properties" : { "ANNO":"2010","ID_SEZIONE":"15287","ISTAT_COMUNE_SEZ":"2137","COMUNE_SEZ":"SERRAVALLE SESIA","PROVINCIA":"VC","ID_CENTRALE":"1334","NOME_CENTRALE":"SERRAVALLE SESIA","ISTAT_COMUNE_CENTR":"2137","COMUNE_CENTR":"SERRAVALLE SESIA","PROVINCIA_CENTR":"VC","INDIRIZZO_CENTRALE":"GRAMSCI","LATITUDINE_SEZIONE":"45.68829","LONGITUDINE_SEZIONE":"8.30591","POS_X_SEZIONE":"445953.62751","POS_Y_SEZIONE":"5059649.42398","LATITUDINE_CENTRALE":"45.68624","LONGITUDINE_CENTRALE":"8.31160","POS_X_CENTRALE":"446394.94547","POS_Y_CENTRALE":"5059417.96780","TIPO_ADSL":"ADSL_2P","DESCRIZIONE_TIPO_ADSL":"ADSL 2+ (24 mega)","DISTANZA_CALCOLATA":"498.33","CLASSE_DISTANZA":"100-499","POTENZA_SEGNALE":"19761.67","POPOLAZIONE_SEZIONE": "549"}
			},
		 		{ "type" : "Feature",
				"geometry" : {
					"type" : "Point",
					"coordinates" : [8.31015,45.66057]},
			"properties" : { "ANNO":"2010","ID_SEZIONE":"17539","ISTAT_COMUNE_SEZ":"2137","COMUNE_SEZ":"SERRAVALLE SESIA","PROVINCIA":"VC","ID_CENTRALE":"1334","NOME_CENTRALE":"SERRAVALLE SESIA","ISTAT_COMUNE_CENTR":"2137","COMUNE_CENTR":"SERRAVALLE SESIA","PROVINCIA_CENTR":"VC","INDIRIZZO_CENTRALE":"GRAMSCI","LATITUDINE_SEZIONE":"45.66057","LONGITUDINE_SEZIONE":"8.31015","POS_X_SEZIONE":"446257.36741","POS_Y_SEZIONE":"5056566.97047","LATITUDINE_CENTRALE":"45.68624","LONGITUDINE_CENTRALE":"8.31160","POS_X_CENTRALE":"446394.94547","POS_Y_CENTRALE":"5059417.96780","TIPO_ADSL":"ADSL_2P","DESCRIZIONE_TIPO_ADSL":"ADSL 2+ (24 mega)","DISTANZA_CALCOLATA":"2854.31","CLASSE_DISTANZA":"2500-2899","POTENZA_SEGNALE":"7380.83","POPOLAZIONE_SEZIONE": "1"}
			},
		 		{ "type" : "Feature",
				"geometry" : {
					"type" : "Point",
					"coordinates" : [8.31289,45.67677]},
			"properties" : { "ANNO":"2010","ID_SEZIONE":"18316","ISTAT_COMUNE_SEZ":"2137","COMUNE_SEZ":"SERRAVALLE SESIA","PROVINCIA":"VC","ID_CENTRALE":"1334","NOME_CENTRALE":"SERRAVALLE SESIA","ISTAT_COMUNE_CENTR":"2137","COMUNE_CENTR":"SERRAVALLE SESIA","PROVINCIA_CENTR":"VC","INDIRIZZO_CENTRALE":"GRAMSCI","LATITUDINE_SEZIONE":"45.67677","LONGITUDINE_SEZIONE":"8.31289","POS_X_SEZIONE":"446486.30412","POS_Y_SEZIONE":"5058364.44375","LATITUDINE_CENTRALE":"45.68624","LONGITUDINE_CENTRALE":"8.31160","POS_X_CENTRALE":"446394.94547","POS_Y_CENTRALE":"5059417.96780","TIPO_ADSL":"ADSL_2P","DESCRIZIONE_TIPO_ADSL":"ADSL 2+ (24 mega)","DISTANZA_CALCOLATA":"1057.48","CLASSE_DISTANZA":"900-1299","POTENZA_SEGNALE":"17737.5","POPOLAZIONE_SEZIONE": "142"}
			},
		 		{ "type" : "Feature",
				"geometry" : {
					"type" : "Point",
					"coordinates" : [8.31456,45.67940]},
			"properties" : { "ANNO":"2010","ID_SEZIONE":"18521","ISTAT_COMUNE_SEZ":"2137","COMUNE_SEZ":"SERRAVALLE SESIA","PROVINCIA":"VC","ID_CENTRALE":"1334","NOME_CENTRALE":"SERRAVALLE SESIA","ISTAT_COMUNE_CENTR":"2137","COMUNE_CENTR":"SERRAVALLE SESIA","PROVINCIA_CENTR":"VC","INDIRIZZO_CENTRALE":"GRAMSCI","LATITUDINE_SEZIONE":"45.67940","LONGITUDINE_SEZIONE":"8.31456","POS_X_SEZIONE":"446619.17631","POS_Y_SEZIONE":"5058655.93969","LATITUDINE_CENTRALE":"45.68624","LONGITUDINE_CENTRALE":"8.31160","POS_X_CENTRALE":"446394.94547","POS_Y_CENTRALE":"5059417.96780","TIPO_ADSL":"ADSL_2P","DESCRIZIONE_TIPO_ADSL":"ADSL 2+ (24 mega)","DISTANZA_CALCOLATA":"794.33","CLASSE_DISTANZA":"500-899","POTENZA_SEGNALE":"19523.33","POPOLAZIONE_SEZIONE": "653"}
			},
		 		{ "type" : "Feature",
				"geometry" : {
					"type" : "Point",
					"coordinates" : [8.31178,45.68322]},
			"properties" : { "ANNO":"2010","ID_SEZIONE":"22947","ISTAT_COMUNE_SEZ":"2137","COMUNE_SEZ":"SERRAVALLE SESIA","PROVINCIA":"VC","ID_CENTRALE":"1334","NOME_CENTRALE":"SERRAVALLE SESIA","ISTAT_COMUNE_CENTR":"2137","COMUNE_CENTR":"SERRAVALLE SESIA","PROVINCIA_CENTR":"VC","INDIRIZZO_CENTRALE":"GRAMSCI","LATITUDINE_SEZIONE":"45.68322","LONGITUDINE_SEZIONE":"8.31178","POS_X_SEZIONE":"446406.05631","POS_Y_SEZIONE":"5059082.43313","LATITUDINE_CENTRALE":"45.68624","LONGITUDINE_CENTRALE":"8.31160","POS_X_CENTRALE":"446394.94547","POS_Y_CENTRALE":"5059417.96780","TIPO_ADSL":"ADSL_2P","DESCRIZIONE_TIPO_ADSL":"ADSL 2+ (24 mega)","DISTANZA_CALCOLATA":"335.72","CLASSE_DISTANZA":"100-499","POTENZA_SEGNALE":"19761.67","POPOLAZIONE_SEZIONE": "516"}
			},
		 		{ "type" : "Feature",
				"geometry" : {
					"type" : "Point",
					"coordinates" : [8.30348,45.67746]},
			"properties" : { "ANNO":"2010","ID_SEZIONE":"22948","ISTAT_COMUNE_SEZ":"2137","COMUNE_SEZ":"SERRAVALLE SESIA","PROVINCIA":"VC","ID_CENTRALE":"1334","NOME_CENTRALE":"SERRAVALLE SESIA","ISTAT_COMUNE_CENTR":"2137","COMUNE_CENTR":"SERRAVALLE SESIA","PROVINCIA_CENTR":"VC","INDIRIZZO_CENTRALE":"GRAMSCI","LATITUDINE_SEZIONE":"45.67746","LONGITUDINE_SEZIONE":"8.30348","POS_X_SEZIONE":"445754.38066","POS_Y_SEZIONE":"5058447.44203","LATITUDINE_CENTRALE":"45.68624","LONGITUDINE_CENTRALE":"8.31160","POS_X_CENTRALE":"446394.94547","POS_Y_CENTRALE":"5059417.96780","TIPO_ADSL":"ADSL_2P","DESCRIZIONE_TIPO_ADSL":"ADSL 2+ (24 mega)","DISTANZA_CALCOLATA":"1162.86","CLASSE_DISTANZA":"900-1299","POTENZA_SEGNALE":"17737.5","POPOLAZIONE_SEZIONE": "10"}
			},
		 		{ "type" : "Feature",
				"geometry" : {
					"type" : "Point",
					"coordinates" : [8.31427,45.68897]},
			"properties" : { "ANNO":"2010","ID_SEZIONE":"24002","ISTAT_COMUNE_SEZ":"2137","COMUNE_SEZ":"SERRAVALLE SESIA","PROVINCIA":"VC","ID_CENTRALE":"1334","NOME_CENTRALE":"SERRAVALLE SESIA","ISTAT_COMUNE_CENTR":"2137","COMUNE_CENTR":"SERRAVALLE SESIA","PROVINCIA_CENTR":"VC","INDIRIZZO_CENTRALE":"GRAMSCI","LATITUDINE_SEZIONE":"45.68897","LONGITUDINE_SEZIONE":"8.31427","POS_X_SEZIONE":"446605.39634","POS_Y_SEZIONE":"5059719.42360","LATITUDINE_CENTRALE":"45.68624","LONGITUDINE_CENTRALE":"8.31160","POS_X_CENTRALE":"446394.94547","POS_Y_CENTRALE":"5059417.96780","TIPO_ADSL":"ADSL_2P","DESCRIZIONE_TIPO_ADSL":"ADSL 2+ (24 mega)","DISTANZA_CALCOLATA":"367.65","CLASSE_DISTANZA":"100-499","POTENZA_SEGNALE":"19761.67","POPOLAZIONE_SEZIONE": "401"}
			},
		 		{ "type" : "Feature",
				"geometry" : {
					"type" : "Point",
					"coordinates" : [8.31203,45.66820]},
			"properties" : { "ANNO":"2010","ID_SEZIONE":"24832","ISTAT_COMUNE_SEZ":"2137","COMUNE_SEZ":"SERRAVALLE SESIA","PROVINCIA":"VC","ID_CENTRALE":"1334","NOME_CENTRALE":"SERRAVALLE SESIA","ISTAT_COMUNE_CENTR":"2137","COMUNE_CENTR":"SERRAVALLE SESIA","PROVINCIA_CENTR":"VC","INDIRIZZO_CENTRALE":"GRAMSCI","LATITUDINE_SEZIONE":"45.66820","LONGITUDINE_SEZIONE":"8.31203","POS_X_SEZIONE":"446411.58591","POS_Y_SEZIONE":"5057413.45803","LATITUDINE_CENTRALE":"45.68624","LONGITUDINE_CENTRALE":"8.31160","POS_X_CENTRALE":"446394.94547","POS_Y_CENTRALE":"5059417.96780","TIPO_ADSL":"ADSL_2P","DESCRIZIONE_TIPO_ADSL":"ADSL 2+ (24 mega)","DISTANZA_CALCOLATA":"2004.58","CLASSE_DISTANZA":"1700-2099","POTENZA_SEGNALE":"12975.83","POPOLAZIONE_SEZIONE": "39"}
			},
		 		{ "type" : "Feature",
				"geometry" : {
					"type" : "Point",
					"coordinates" : [8.28466,45.69229]},
			"properties" : { "ANNO":"2010","ID_SEZIONE":"26791","ISTAT_COMUNE_SEZ":"2137","COMUNE_SEZ":"SERRAVALLE SESIA","PROVINCIA":"VC","ID_CENTRALE":"1334","NOME_CENTRALE":"SERRAVALLE SESIA","ISTAT_COMUNE_CENTR":"2137","COMUNE_CENTR":"SERRAVALLE SESIA","PROVINCIA_CENTR":"VC","INDIRIZZO_CENTRALE":"GRAMSCI","LATITUDINE_SEZIONE":"45.69229","LONGITUDINE_SEZIONE":"8.28466","POS_X_SEZIONE":"444303.53547","POS_Y_SEZIONE":"5060108.41611","LATITUDINE_CENTRALE":"45.68624","LONGITUDINE_CENTRALE":"8.31160","POS_X_CENTRALE":"446394.94547","POS_Y_CENTRALE":"5059417.96780","TIPO_ADSL":"ADSL_2P","DESCRIZIONE_TIPO_ADSL":"ADSL 2+ (24 mega)","DISTANZA_CALCOLATA":"2202.43","CLASSE_DISTANZA":"2100-2499","POTENZA_SEGNALE":"10000","POPOLAZIONE_SEZIONE": "41"}
			},
		 		{ "type" : "Feature",
				"geometry" : {
					"type" : "Point",
					"coordinates" : [8.33971,45.65731]},
			"properties" : { "ANNO":"2010","ID_SEZIONE":"30917","ISTAT_COMUNE_SEZ":"2137","COMUNE_SEZ":"SERRAVALLE SESIA","PROVINCIA":"VC","ID_CENTRALE":"1334","NOME_CENTRALE":"SERRAVALLE SESIA","ISTAT_COMUNE_CENTR":"2137","COMUNE_CENTR":"SERRAVALLE SESIA","PROVINCIA_CENTR":"VC","INDIRIZZO_CENTRALE":"GRAMSCI","LATITUDINE_SEZIONE":"45.65731","LONGITUDINE_SEZIONE":"8.33971","POS_X_SEZIONE":"448557.50540","POS_Y_SEZIONE":"5056184.97854","LATITUDINE_CENTRALE":"45.68624","LONGITUDINE_CENTRALE":"8.31160","POS_X_CENTRALE":"446394.94547","POS_Y_CENTRALE":"5059417.96780","TIPO_ADSL":"ADSL_2P","DESCRIZIONE_TIPO_ADSL":"ADSL 2+ (24 mega)","DISTANZA_CALCOLATA":"3889.59","CLASSE_DISTANZA":"3700-4099","POTENZA_SEGNALE":"2857.5","POPOLAZIONE_SEZIONE": "390"}
			},
		 		{ "type" : "Feature",
				"geometry" : {
					"type" : "Point",
					"coordinates" : [8.31477,45.67269]},
			"properties" : { "ANNO":"2010","ID_SEZIONE":"32364","ISTAT_COMUNE_SEZ":"2137","COMUNE_SEZ":"SERRAVALLE SESIA","PROVINCIA":"VC","ID_CENTRALE":"1334","NOME_CENTRALE":"SERRAVALLE SESIA","ISTAT_COMUNE_CENTR":"2137","COMUNE_CENTR":"SERRAVALLE SESIA","PROVINCIA_CENTR":"VC","INDIRIZZO_CENTRALE":"GRAMSCI","LATITUDINE_SEZIONE":"45.67269","LONGITUDINE_SEZIONE":"8.31477","POS_X_SEZIONE":"446628.92581","POS_Y_SEZIONE":"5057909.95108","LATITUDINE_CENTRALE":"45.68624","LONGITUDINE_CENTRALE":"8.31160","POS_X_CENTRALE":"446394.94547","POS_Y_CENTRALE":"5059417.96780","TIPO_ADSL":"ADSL_2P","DESCRIZIONE_TIPO_ADSL":"ADSL 2+ (24 mega)","DISTANZA_CALCOLATA":"1526.06","CLASSE_DISTANZA":"1300-1699","POTENZA_SEGNALE":"16071.67","POPOLAZIONE_SEZIONE": "368"}
			}
		 		]
	}
		