 	{ "type" : "FeatureCollection",
		"features" : [
		 		{ "type" : "Feature",
				"geometry" : {
					"type" : "Point",
					"coordinates" : [7.61363,45.06051]},
			"properties" : { "ANNO":"2010","ID_SEZIONE":"1753","ISTAT_COMUNE_SEZ":"1272","COMUNE_SEZ":"TORINO","PROVINCIA":"TO","ID_CENTRALE":"1463","NOME_CENTRALE":"TORINO LESNA","ISTAT_COMUNE_CENTR":"1272","COMUNE_CENTR":"TORINO","PROVINCIA_CENTR":"TO","INDIRIZZO_CENTRALE":"VIA CHALLANT 38/3","LATITUDINE_SEZIONE":"45.06051","LONGITUDINE_SEZIONE":"7.61363","POS_X_SEZIONE":"390847.51085","POS_Y_SEZIONE":"4990606.62020","LATITUDINE_CENTRALE":"45.06173","LONGITUDINE_CENTRALE":"7.61723","POS_X_CENTRALE":"391133.95309","POS_Y_CENTRALE":"4990738.00017","TIPO_ADSL":"ADSL_2P","DESCRIZIONE_TIPO_ADSL":"ADSL 2+ (24 mega)","DISTANZA_CALCOLATA":"315.13","CLASSE_DISTANZA":"100-499","POTENZA_SEGNALE":"19761.67","POPOLAZIONE_SEZIONE": ""}
			},
		 		{ "type" : "Feature",
				"geometry" : {
					"type" : "Point",
					"coordinates" : [7.62211,45.06700]},
			"properties" : { "ANNO":"2010","ID_SEZIONE":"2384","ISTAT_COMUNE_SEZ":"1272","COMUNE_SEZ":"TORINO","PROVINCIA":"TO","ID_CENTRALE":"1463","NOME_CENTRALE":"TORINO LESNA","ISTAT_COMUNE_CENTR":"1272","COMUNE_CENTR":"TORINO","PROVINCIA_CENTR":"TO","INDIRIZZO_CENTRALE":"VIA CHALLANT 38/3","LATITUDINE_SEZIONE":"45.06700","LONGITUDINE_SEZIONE":"7.62211","POS_X_SEZIONE":"391527.88461","POS_Y_SEZIONE":"4991317.13233","LATITUDINE_CENTRALE":"45.06173","LONGITUDINE_CENTRALE":"7.61723","POS_X_CENTRALE":"391133.95309","POS_Y_CENTRALE":"4990738.00017","TIPO_ADSL":"ADSL_2P","DESCRIZIONE_TIPO_ADSL":"ADSL 2+ (24 mega)","DISTANZA_CALCOLATA":"700.41","CLASSE_DISTANZA":"500-899","POTENZA_SEGNALE":"19523.33","POPOLAZIONE_SEZIONE": "393"}
			},
		 		{ "type" : "Feature",
				"geometry" : {
					"type" : "Point",
					"coordinates" : [7.61873,45.06177]},
			"properties" : { "ANNO":"2010","ID_SEZIONE":"2394","ISTAT_COMUNE_SEZ":"1272","COMUNE_SEZ":"TORINO","PROVINCIA":"TO","ID_CENTRALE":"1463","NOME_CENTRALE":"TORINO LESNA","ISTAT_COMUNE_CENTR":"1272","COMUNE_CENTR":"TORINO","PROVINCIA_CENTR":"TO","INDIRIZZO_CENTRALE":"VIA CHALLANT 38/3","LATITUDINE_SEZIONE":"45.06177","LONGITUDINE_SEZIONE":"7.61873","POS_X_SEZIONE":"391252.13063","POS_Y_SEZIONE":"4990740.12216","LATITUDINE_CENTRALE":"45.06173","LONGITUDINE_CENTRALE":"7.61723","POS_X_CENTRALE":"391133.95309","POS_Y_CENTRALE":"4990738.00017","TIPO_ADSL":"ADSL_2P","DESCRIZIONE_TIPO_ADSL":"ADSL 2+ (24 mega)","DISTANZA_CALCOLATA":"118.20","CLASSE_DISTANZA":"100-499","POTENZA_SEGNALE":"19761.67","POPOLAZIONE_SEZIONE": "259"}
			},
		 		{ "type" : "Feature",
				"geometry" : {
					"type" : "Point",
					"coordinates" : [7.62151,45.06366]},
			"properties" : { "ANNO":"2010","ID_SEZIONE":"2474","ISTAT_COMUNE_SEZ":"1272","COMUNE_SEZ":"TORINO","PROVINCIA":"TO","ID_CENTRALE":"1463","NOME_CENTRALE":"TORINO LESNA","ISTAT_COMUNE_CENTR":"1272","COMUNE_CENTR":"TORINO","PROVINCIA_CENTR":"TO","INDIRIZZO_CENTRALE":"VIA CHALLANT 38/3","LATITUDINE_SEZIONE":"45.06366","LONGITUDINE_SEZIONE":"7.62151","POS_X_SEZIONE":"391474.19271","POS_Y_SEZIONE":"4990946.12536","LATITUDINE_CENTRALE":"45.06173","LONGITUDINE_CENTRALE":"7.61723","POS_X_CENTRALE":"391133.95309","POS_Y_CENTRALE":"4990738.00017","TIPO_ADSL":"ADSL_2P","DESCRIZIONE_TIPO_ADSL":"ADSL 2+ (24 mega)","DISTANZA_CALCOLATA":"398.85","CLASSE_DISTANZA":"100-499","POTENZA_SEGNALE":"19761.67","POPOLAZIONE_SEZIONE": "261"}
			},
		 		{ "type" : "Feature",
				"geometry" : {
					"type" : "Point",
					"coordinates" : [7.61254,45.06655]},
			"properties" : { "ANNO":"2010","ID_SEZIONE":"5507","ISTAT_COMUNE_SEZ":"1120","COMUNE_SEZ":"GRUGLIASCO","PROVINCIA":"TO","ID_CENTRALE":"1463","NOME_CENTRALE":"TORINO LESNA","ISTAT_COMUNE_CENTR":"1272","COMUNE_CENTR":"TORINO","PROVINCIA_CENTR":"TO","INDIRIZZO_CENTRALE":"VIA CHALLANT 38/3","LATITUDINE_SEZIONE":"45.06655","LONGITUDINE_SEZIONE":"7.61254","POS_X_SEZIONE":"390773.49152","POS_Y_SEZIONE":"4991279.63294","LATITUDINE_CENTRALE":"45.06173","LONGITUDINE_CENTRALE":"7.61723","POS_X_CENTRALE":"391133.95309","POS_Y_CENTRALE":"4990738.00017","TIPO_ADSL":"ADSL_2P","DESCRIZIONE_TIPO_ADSL":"ADSL 2+ (24 mega)","DISTANZA_CALCOLATA":"650.61","CLASSE_DISTANZA":"500-899","POTENZA_SEGNALE":"19523.33","POPOLAZIONE_SEZIONE": "347"}
			},
		 		{ "type" : "Feature",
				"geometry" : {
					"type" : "Point",
					"coordinates" : [7.61966,45.06252]},
			"properties" : { "ANNO":"2010","ID_SEZIONE":"6117","ISTAT_COMUNE_SEZ":"1272","COMUNE_SEZ":"TORINO","PROVINCIA":"TO","ID_CENTRALE":"1463","NOME_CENTRALE":"TORINO LESNA","ISTAT_COMUNE_CENTR":"1272","COMUNE_CENTR":"TORINO","PROVINCIA_CENTR":"TO","INDIRIZZO_CENTRALE":"VIA CHALLANT 38/3","LATITUDINE_SEZIONE":"45.06252","LONGITUDINE_SEZIONE":"7.61966","POS_X_SEZIONE":"391326.13050","POS_Y_SEZIONE":"4990822.62328","LATITUDINE_CENTRALE":"45.06173","LONGITUDINE_CENTRALE":"7.61723","POS_X_CENTRALE":"391133.95309","POS_Y_CENTRALE":"4990738.00017","TIPO_ADSL":"ADSL_2P","DESCRIZIONE_TIPO_ADSL":"ADSL 2+ (24 mega)","DISTANZA_CALCOLATA":"209.98","CLASSE_DISTANZA":"100-499","POTENZA_SEGNALE":"19761.67","POPOLAZIONE_SEZIONE": "241"}
			},
		 		{ "type" : "Feature",
				"geometry" : {
					"type" : "Point",
					"coordinates" : [7.62272,45.06066]},
			"properties" : { "ANNO":"2010","ID_SEZIONE":"7376","ISTAT_COMUNE_SEZ":"1272","COMUNE_SEZ":"TORINO","PROVINCIA":"TO","ID_CENTRALE":"1463","NOME_CENTRALE":"TORINO LESNA","ISTAT_COMUNE_CENTR":"1272","COMUNE_CENTR":"TORINO","PROVINCIA_CENTR":"TO","INDIRIZZO_CENTRALE":"VIA CHALLANT 38/3","LATITUDINE_SEZIONE":"45.06066","LONGITUDINE_SEZIONE":"7.62272","POS_X_SEZIONE":"391563.90535","POS_Y_SEZIONE":"4990611.11915","LATITUDINE_CENTRALE":"45.06173","LONGITUDINE_CENTRALE":"7.61723","POS_X_CENTRALE":"391133.95309","POS_Y_CENTRALE":"4990738.00017","TIPO_ADSL":"ADSL_2P","DESCRIZIONE_TIPO_ADSL":"ADSL 2+ (24 mega)","DISTANZA_CALCOLATA":"448.28","CLASSE_DISTANZA":"100-499","POTENZA_SEGNALE":"19761.67","POPOLAZIONE_SEZIONE": "169"}
			},
		 		{ "type" : "Feature",
				"geometry" : {
					"type" : "Point",
					"coordinates" : [7.62347,45.06791]},
			"properties" : { "ANNO":"2010","ID_SEZIONE":"8826","ISTAT_COMUNE_SEZ":"1272","COMUNE_SEZ":"TORINO","PROVINCIA":"TO","ID_CENTRALE":"1463","NOME_CENTRALE":"TORINO LESNA","ISTAT_COMUNE_CENTR":"1272","COMUNE_CENTR":"TORINO","PROVINCIA_CENTR":"TO","INDIRIZZO_CENTRALE":"VIA CHALLANT 38/3","LATITUDINE_SEZIONE":"45.06791","LONGITUDINE_SEZIONE":"7.62347","POS_X_SEZIONE":"391636.72813","POS_Y_SEZIONE":"4991415.63396","LATITUDINE_CENTRALE":"45.06173","LONGITUDINE_CENTRALE":"7.61723","POS_X_CENTRALE":"391133.95309","POS_Y_CENTRALE":"4990738.00017","TIPO_ADSL":"ADSL_2P","DESCRIZIONE_TIPO_ADSL":"ADSL 2+ (24 mega)","DISTANZA_CALCOLATA":"843.78","CLASSE_DISTANZA":"500-899","POTENZA_SEGNALE":"19523.33","POPOLAZIONE_SEZIONE": "432"}
			},
		 		{ "type" : "Feature",
				"geometry" : {
					"type" : "Point",
					"coordinates" : [7.62874,45.06780]},
			"properties" : { "ANNO":"2010","ID_SEZIONE":"9430","ISTAT_COMUNE_SEZ":"1272","COMUNE_SEZ":"TORINO","PROVINCIA":"TO","ID_CENTRALE":"1463","NOME_CENTRALE":"TORINO LESNA","ISTAT_COMUNE_CENTR":"1272","COMUNE_CENTR":"TORINO","PROVINCIA_CENTR":"TO","INDIRIZZO_CENTRALE":"VIA CHALLANT 38/3","LATITUDINE_SEZIONE":"45.06780","LONGITUDINE_SEZIONE":"7.62874","POS_X_SEZIONE":"392051.06413","POS_Y_SEZIONE":"4991397.13284","LATITUDINE_CENTRALE":"45.06173","LONGITUDINE_CENTRALE":"7.61723","POS_X_CENTRALE":"391133.95309","POS_Y_CENTRALE":"4990738.00017","TIPO_ADSL":"ADSL_2P","DESCRIZIONE_TIPO_ADSL":"ADSL 2+ (24 mega)","DISTANZA_CALCOLATA":"1129.4","CLASSE_DISTANZA":"900-1299","POTENZA_SEGNALE":"17737.5","POPOLAZIONE_SEZIONE": "142"}
			},
		 		{ "type" : "Feature",
				"geometry" : {
					"type" : "Point",
					"coordinates" : [7.62375,45.06200]},
			"properties" : { "ANNO":"2010","ID_SEZIONE":"9471","ISTAT_COMUNE_SEZ":"1272","COMUNE_SEZ":"TORINO","PROVINCIA":"TO","ID_CENTRALE":"1463","NOME_CENTRALE":"TORINO LESNA","ISTAT_COMUNE_CENTR":"1272","COMUNE_CENTR":"TORINO","PROVINCIA_CENTR":"TO","INDIRIZZO_CENTRALE":"VIA CHALLANT 38/3","LATITUDINE_SEZIONE":"45.06200","LONGITUDINE_SEZIONE":"7.62375","POS_X_SEZIONE":"391647.37415","POS_Y_SEZIONE":"4990758.62174","LATITUDINE_CENTRALE":"45.06173","LONGITUDINE_CENTRALE":"7.61723","POS_X_CENTRALE":"391133.95309","POS_Y_CENTRALE":"4990738.00017","TIPO_ADSL":"ADSL_2P","DESCRIZIONE_TIPO_ADSL":"ADSL 2+ (24 mega)","DISTANZA_CALCOLATA":"513.84","CLASSE_DISTANZA":"500-899","POTENZA_SEGNALE":"19523.33","POPOLAZIONE_SEZIONE": "125"}
			},
		 		{ "type" : "Feature",
				"geometry" : {
					"type" : "Point",
					"coordinates" : [7.62930,45.06509]},
			"properties" : { "ANNO":"2010","ID_SEZIONE":"10084","ISTAT_COMUNE_SEZ":"1272","COMUNE_SEZ":"TORINO","PROVINCIA":"TO","ID_CENTRALE":"1463","NOME_CENTRALE":"TORINO LESNA","ISTAT_COMUNE_CENTR":"1272","COMUNE_CENTR":"TORINO","PROVINCIA_CENTR":"TO","INDIRIZZO_CENTRALE":"VIA CHALLANT 38/3","LATITUDINE_SEZIONE":"45.06509","LONGITUDINE_SEZIONE":"7.62930","POS_X_SEZIONE":"392090.46509","POS_Y_SEZIONE":"4991095.12708","LATITUDINE_CENTRALE":"45.06173","LONGITUDINE_CENTRALE":"7.61723","POS_X_CENTRALE":"391133.95309","POS_Y_CENTRALE":"4990738.00017","TIPO_ADSL":"ADSL_2P","DESCRIZIONE_TIPO_ADSL":"ADSL 2+ (24 mega)","DISTANZA_CALCOLATA":"1021.01","CLASSE_DISTANZA":"900-1299","POTENZA_SEGNALE":"17737.5","POPOLAZIONE_SEZIONE": "401"}
			},
		 		{ "type" : "Feature",
				"geometry" : {
					"type" : "Point",
					"coordinates" : [7.62343,45.06104]},
			"properties" : { "ANNO":"2010","ID_SEZIONE":"10294","ISTAT_COMUNE_SEZ":"1272","COMUNE_SEZ":"TORINO","PROVINCIA":"TO","ID_CENTRALE":"1463","NOME_CENTRALE":"TORINO LESNA","ISTAT_COMUNE_CENTR":"1272","COMUNE_CENTR":"TORINO","PROVINCIA_CENTR":"TO","INDIRIZZO_CENTRALE":"VIA CHALLANT 38/3","LATITUDINE_SEZIONE":"45.06104","LONGITUDINE_SEZIONE":"7.62343","POS_X_SEZIONE":"391620.65491","POS_Y_SEZIONE":"4990653.12004","LATITUDINE_CENTRALE":"45.06173","LONGITUDINE_CENTRALE":"7.61723","POS_X_CENTRALE":"391133.95309","POS_Y_CENTRALE":"4990738.00017","TIPO_ADSL":"ADSL_2P","DESCRIZIONE_TIPO_ADSL":"ADSL 2+ (24 mega)","DISTANZA_CALCOLATA":"494.05","CLASSE_DISTANZA":"100-499","POTENZA_SEGNALE":"19761.67","POPOLAZIONE_SEZIONE": "215"}
			},
		 		{ "type" : "Feature",
				"geometry" : {
					"type" : "Point",
					"coordinates" : [7.61776,45.06738]},
			"properties" : { "ANNO":"2010","ID_SEZIONE":"10629","ISTAT_COMUNE_SEZ":"1272","COMUNE_SEZ":"TORINO","PROVINCIA":"TO","ID_CENTRALE":"1463","NOME_CENTRALE":"TORINO LESNA","ISTAT_COMUNE_CENTR":"1272","COMUNE_CENTR":"TORINO","PROVINCIA_CENTR":"TO","INDIRIZZO_CENTRALE":"VIA CHALLANT 38/3","LATITUDINE_SEZIONE":"45.06738","LONGITUDINE_SEZIONE":"7.61776","POS_X_SEZIONE":"391186.01658","POS_Y_SEZIONE":"4991365.13387","LATITUDINE_CENTRALE":"45.06173","LONGITUDINE_CENTRALE":"7.61723","POS_X_CENTRALE":"391133.95309","POS_Y_CENTRALE":"4990738.00017","TIPO_ADSL":"ADSL_2P","DESCRIZIONE_TIPO_ADSL":"ADSL 2+ (24 mega)","DISTANZA_CALCOLATA":"629.29","CLASSE_DISTANZA":"500-899","POTENZA_SEGNALE":"19523.33","POPOLAZIONE_SEZIONE": "130"}
			},
		 		{ "type" : "Feature",
				"geometry" : {
					"type" : "Point",
					"coordinates" : [7.62293,45.06887]},
			"properties" : { "ANNO":"2010","ID_SEZIONE":"10908","ISTAT_COMUNE_SEZ":"1272","COMUNE_SEZ":"TORINO","PROVINCIA":"TO","ID_CENTRALE":"1463","NOME_CENTRALE":"TORINO LESNA","ISTAT_COMUNE_CENTR":"1272","COMUNE_CENTR":"TORINO","PROVINCIA_CENTR":"TO","INDIRIZZO_CENTRALE":"VIA CHALLANT 38/3","LATITUDINE_SEZIONE":"45.06887","LONGITUDINE_SEZIONE":"7.62293","POS_X_SEZIONE":"391595.54336","POS_Y_SEZIONE":"4991523.63627","LATITUDINE_CENTRALE":"45.06173","LONGITUDINE_CENTRALE":"7.61723","POS_X_CENTRALE":"391133.95309","POS_Y_CENTRALE":"4990738.00017","TIPO_ADSL":"ADSL_2P","DESCRIZIONE_TIPO_ADSL":"ADSL 2+ (24 mega)","DISTANZA_CALCOLATA":"911.20","CLASSE_DISTANZA":"900-1299","POTENZA_SEGNALE":"17737.5","POPOLAZIONE_SEZIONE": "17"}
			},
		 		{ "type" : "Feature",
				"geometry" : {
					"type" : "Point",
					"coordinates" : [7.62069,45.06188]},
			"properties" : { "ANNO":"2010","ID_SEZIONE":"10947","ISTAT_COMUNE_SEZ":"1272","COMUNE_SEZ":"TORINO","PROVINCIA":"TO","ID_CENTRALE":"1463","NOME_CENTRALE":"TORINO LESNA","ISTAT_COMUNE_CENTR":"1272","COMUNE_CENTR":"TORINO","PROVINCIA_CENTR":"TO","INDIRIZZO_CENTRALE":"VIA CHALLANT 38/3","LATITUDINE_SEZIONE":"45.06188","LONGITUDINE_SEZIONE":"7.62069","POS_X_SEZIONE":"391406.00301","POS_Y_SEZIONE":"4990750.12203","LATITUDINE_CENTRALE":"45.06173","LONGITUDINE_CENTRALE":"7.61723","POS_X_CENTRALE":"391133.95309","POS_Y_CENTRALE":"4990738.00017","TIPO_ADSL":"ADSL_2P","DESCRIZIONE_TIPO_ADSL":"ADSL 2+ (24 mega)","DISTANZA_CALCOLATA":"272.32","CLASSE_DISTANZA":"100-499","POTENZA_SEGNALE":"19761.67","POPOLAZIONE_SEZIONE": "89"}
			},
		 		{ "type" : "Feature",
				"geometry" : {
					"type" : "Point",
					"coordinates" : [7.60730,45.05993]},
			"properties" : { "ANNO":"2010","ID_SEZIONE":"11733","ISTAT_COMUNE_SEZ":"1120","COMUNE_SEZ":"GRUGLIASCO","PROVINCIA":"TO","ID_CENTRALE":"1463","NOME_CENTRALE":"TORINO LESNA","ISTAT_COMUNE_CENTR":"1272","COMUNE_CENTR":"TORINO","PROVINCIA_CENTR":"TO","INDIRIZZO_CENTRALE":"VIA CHALLANT 38/3","LATITUDINE_SEZIONE":"45.05993","LONGITUDINE_SEZIONE":"7.60730","POS_X_SEZIONE":"390348.33184","POS_Y_SEZIONE":"4990551.61963","LATITUDINE_CENTRALE":"45.06173","LONGITUDINE_CENTRALE":"7.61723","POS_X_CENTRALE":"391133.95309","POS_Y_CENTRALE":"4990738.00017","TIPO_ADSL":"ADSL_2P","DESCRIZIONE_TIPO_ADSL":"ADSL 2+ (24 mega)","DISTANZA_CALCOLATA":"807.43","CLASSE_DISTANZA":"500-899","POTENZA_SEGNALE":"19523.33","POPOLAZIONE_SEZIONE": "25"}
			},
		 		{ "type" : "Feature",
				"geometry" : {
					"type" : "Point",
					"coordinates" : [7.62665,45.05517]},
			"properties" : { "ANNO":"2010","ID_SEZIONE":"12127","ISTAT_COMUNE_SEZ":"1272","COMUNE_SEZ":"TORINO","PROVINCIA":"TO","ID_CENTRALE":"1463","NOME_CENTRALE":"TORINO LESNA","ISTAT_COMUNE_CENTR":"1272","COMUNE_CENTR":"TORINO","PROVINCIA_CENTR":"TO","INDIRIZZO_CENTRALE":"VIA CHALLANT 38/3","LATITUDINE_SEZIONE":"45.05517","LONGITUDINE_SEZIONE":"7.62665","POS_X_SEZIONE":"391862.95277","POS_Y_SEZIONE":"4989996.60753","LATITUDINE_CENTRALE":"45.06173","LONGITUDINE_CENTRALE":"7.61723","POS_X_CENTRALE":"391133.95309","POS_Y_CENTRALE":"4990738.00017","TIPO_ADSL":"ADSL_2P","DESCRIZIONE_TIPO_ADSL":"ADSL 2+ (24 mega)","DISTANZA_CALCOLATA":"1039.76","CLASSE_DISTANZA":"900-1299","POTENZA_SEGNALE":"17737.5","POPOLAZIONE_SEZIONE": "1760"}
			},
		 		{ "type" : "Feature",
				"geometry" : {
					"type" : "Point",
					"coordinates" : [7.61659,45.06860]},
			"properties" : { "ANNO":"2010","ID_SEZIONE":"12975","ISTAT_COMUNE_SEZ":"1272","COMUNE_SEZ":"TORINO","PROVINCIA":"TO","ID_CENTRALE":"1463","NOME_CENTRALE":"TORINO LESNA","ISTAT_COMUNE_CENTR":"1272","COMUNE_CENTR":"TORINO","PROVINCIA_CENTR":"TO","INDIRIZZO_CENTRALE":"VIA CHALLANT 38/3","LATITUDINE_SEZIONE":"45.06860","LONGITUDINE_SEZIONE":"7.61659","POS_X_SEZIONE":"391096.14522","POS_Y_SEZIONE":"4991502.13636","LATITUDINE_CENTRALE":"45.06173","LONGITUDINE_CENTRALE":"7.61723","POS_X_CENTRALE":"391133.95309","POS_Y_CENTRALE":"4990738.00017","TIPO_ADSL":"ADSL_2P","DESCRIZIONE_TIPO_ADSL":"ADSL 2+ (24 mega)","DISTANZA_CALCOLATA":"765.07","CLASSE_DISTANZA":"500-899","POTENZA_SEGNALE":"19523.33","POPOLAZIONE_SEZIONE": "364"}
			},
		 		{ "type" : "Feature",
				"geometry" : {
					"type" : "Point",
					"coordinates" : [7.63096,45.06725]},
			"properties" : { "ANNO":"2010","ID_SEZIONE":"14410","ISTAT_COMUNE_SEZ":"1272","COMUNE_SEZ":"TORINO","PROVINCIA":"TO","ID_CENTRALE":"1463","NOME_CENTRALE":"TORINO LESNA","ISTAT_COMUNE_CENTR":"1272","COMUNE_CENTR":"TORINO","PROVINCIA_CENTR":"TO","INDIRIZZO_CENTRALE":"VIA CHALLANT 38/3","LATITUDINE_SEZIONE":"45.06725","LONGITUDINE_SEZIONE":"7.63096","POS_X_SEZIONE":"392225.34074","POS_Y_SEZIONE":"4991332.13137","LATITUDINE_CENTRALE":"45.06173","LONGITUDINE_CENTRALE":"7.61723","POS_X_CENTRALE":"391133.95309","POS_Y_CENTRALE":"4990738.00017","TIPO_ADSL":"ADSL_2P","DESCRIZIONE_TIPO_ADSL":"ADSL 2+ (24 mega)","DISTANZA_CALCOLATA":"1242.63","CLASSE_DISTANZA":"900-1299","POTENZA_SEGNALE":"17737.5","POPOLAZIONE_SEZIONE": "584"}
			},
		 		{ "type" : "Feature",
				"geometry" : {
					"type" : "Point",
					"coordinates" : [7.61748,45.06256]},
			"properties" : { "ANNO":"2010","ID_SEZIONE":"14661","ISTAT_COMUNE_SEZ":"1272","COMUNE_SEZ":"TORINO","PROVINCIA":"TO","ID_CENTRALE":"1463","NOME_CENTRALE":"TORINO LESNA","ISTAT_COMUNE_CENTR":"1272","COMUNE_CENTR":"TORINO","PROVINCIA_CENTR":"TO","INDIRIZZO_CENTRALE":"VIA CHALLANT 38/3","LATITUDINE_SEZIONE":"45.06256","LONGITUDINE_SEZIONE":"7.61748","POS_X_SEZIONE":"391154.91565","POS_Y_SEZIONE":"4990829.12363","LATITUDINE_CENTRALE":"45.06173","LONGITUDINE_CENTRALE":"7.61723","POS_X_CENTRALE":"391133.95309","POS_Y_CENTRALE":"4990738.00017","TIPO_ADSL":"ADSL_2P","DESCRIZIONE_TIPO_ADSL":"ADSL 2+ (24 mega)","DISTANZA_CALCOLATA":"93.50","CLASSE_DISTANZA":"0-99","POTENZA_SEGNALE":"19761.67","POPOLAZIONE_SEZIONE": "36"}
			},
		 		{ "type" : "Feature",
				"geometry" : {
					"type" : "Point",
					"coordinates" : [7.61854,45.06869]},
			"properties" : { "ANNO":"2010","ID_SEZIONE":"15305","ISTAT_COMUNE_SEZ":"1272","COMUNE_SEZ":"TORINO","PROVINCIA":"TO","ID_CENTRALE":"1463","NOME_CENTRALE":"TORINO LESNA","ISTAT_COMUNE_CENTR":"1272","COMUNE_CENTR":"TORINO","PROVINCIA_CENTR":"TO","INDIRIZZO_CENTRALE":"VIA CHALLANT 38/3","LATITUDINE_SEZIONE":"45.06869","LONGITUDINE_SEZIONE":"7.61854","POS_X_SEZIONE":"391250.04935","POS_Y_SEZIONE":"4991509.13643","LATITUDINE_CENTRALE":"45.06173","LONGITUDINE_CENTRALE":"7.61723","POS_X_CENTRALE":"391133.95309","POS_Y_CENTRALE":"4990738.00017","TIPO_ADSL":"ADSL_2P","DESCRIZIONE_TIPO_ADSL":"ADSL 2+ (24 mega)","DISTANZA_CALCOLATA":"779.83","CLASSE_DISTANZA":"500-899","POTENZA_SEGNALE":"19523.33","POPOLAZIONE_SEZIONE": "116"}
			},
		 		{ "type" : "Feature",
				"geometry" : {
					"type" : "Point",
					"coordinates" : [7.61545,45.06399]},
			"properties" : { "ANNO":"2010","ID_SEZIONE":"15351","ISTAT_COMUNE_SEZ":"1272","COMUNE_SEZ":"TORINO","PROVINCIA":"TO","ID_CENTRALE":"1463","NOME_CENTRALE":"TORINO LESNA","ISTAT_COMUNE_CENTR":"1272","COMUNE_CENTR":"TORINO","PROVINCIA_CENTR":"TO","INDIRIZZO_CENTRALE":"VIA CHALLANT 38/3","LATITUDINE_SEZIONE":"45.06399","LONGITUDINE_SEZIONE":"7.61545","POS_X_SEZIONE":"390998.10797","POS_Y_SEZIONE":"4990991.62731","LATITUDINE_CENTRALE":"45.06173","LONGITUDINE_CENTRALE":"7.61723","POS_X_CENTRALE":"391133.95309","POS_Y_CENTRALE":"4990738.00017","TIPO_ADSL":"ADSL_2P","DESCRIZIONE_TIPO_ADSL":"ADSL 2+ (24 mega)","DISTANZA_CALCOLATA":"287.72","CLASSE_DISTANZA":"100-499","POTENZA_SEGNALE":"19761.67","POPOLAZIONE_SEZIONE": "330"}
			},
		 		{ "type" : "Feature",
				"geometry" : {
					"type" : "Point",
					"coordinates" : [7.62239,45.05635]},
			"properties" : { "ANNO":"2010","ID_SEZIONE":"15355","ISTAT_COMUNE_SEZ":"1120","COMUNE_SEZ":"GRUGLIASCO","PROVINCIA":"TO","ID_CENTRALE":"1463","NOME_CENTRALE":"TORINO LESNA","ISTAT_COMUNE_CENTR":"1272","COMUNE_CENTR":"TORINO","PROVINCIA_CENTR":"TO","INDIRIZZO_CENTRALE":"VIA CHALLANT 38/3","LATITUDINE_SEZIONE":"45.05635","LONGITUDINE_SEZIONE":"7.62239","POS_X_SEZIONE":"391529.46055","POS_Y_SEZIONE":"4990133.11032","LATITUDINE_CENTRALE":"45.06173","LONGITUDINE_CENTRALE":"7.61723","POS_X_CENTRALE":"391133.95309","POS_Y_CENTRALE":"4990738.00017","TIPO_ADSL":"ADSL_2P","DESCRIZIONE_TIPO_ADSL":"ADSL 2+ (24 mega)","DISTANZA_CALCOLATA":"722.72","CLASSE_DISTANZA":"500-899","POTENZA_SEGNALE":"19523.33","POPOLAZIONE_SEZIONE": "294"}
			},
		 		{ "type" : "Feature",
				"geometry" : {
					"type" : "Point",
					"coordinates" : [7.62286,45.05754]},
			"properties" : { "ANNO":"2010","ID_SEZIONE":"15557","ISTAT_COMUNE_SEZ":"1120","COMUNE_SEZ":"GRUGLIASCO","PROVINCIA":"TO","ID_CENTRALE":"1463","NOME_CENTRALE":"TORINO LESNA","ISTAT_COMUNE_CENTR":"1272","COMUNE_CENTR":"TORINO","PROVINCIA_CENTR":"TO","INDIRIZZO_CENTRALE":"VIA CHALLANT 38/3","LATITUDINE_SEZIONE":"45.05754","LONGITUDINE_SEZIONE":"7.62286","POS_X_SEZIONE":"391569.08679","POS_Y_SEZIONE":"4990264.61291","LATITUDINE_CENTRALE":"45.06173","LONGITUDINE_CENTRALE":"7.61723","POS_X_CENTRALE":"391133.95309","POS_Y_CENTRALE":"4990738.00017","TIPO_ADSL":"ADSL_2P","DESCRIZIONE_TIPO_ADSL":"ADSL 2+ (24 mega)","DISTANZA_CALCOLATA":"642.99","CLASSE_DISTANZA":"500-899","POTENZA_SEGNALE":"19523.33","POPOLAZIONE_SEZIONE": "93"}
			},
		 		{ "type" : "Feature",
				"geometry" : {
					"type" : "Point",
					"coordinates" : [7.62901,45.06868]},
			"properties" : { "ANNO":"2010","ID_SEZIONE":"17086","ISTAT_COMUNE_SEZ":"1272","COMUNE_SEZ":"TORINO","PROVINCIA":"TO","ID_CENTRALE":"1463","NOME_CENTRALE":"TORINO LESNA","ISTAT_COMUNE_CENTR":"1272","COMUNE_CENTR":"TORINO","PROVINCIA_CENTR":"TO","INDIRIZZO_CENTRALE":"VIA CHALLANT 38/3","LATITUDINE_SEZIONE":"45.06868","LONGITUDINE_SEZIONE":"7.62901","POS_X_SEZIONE":"392074.34631","POS_Y_SEZIONE":"4991494.13483","LATITUDINE_CENTRALE":"45.06173","LONGITUDINE_CENTRALE":"7.61723","POS_X_CENTRALE":"391133.95309","POS_Y_CENTRALE":"4990738.00017","TIPO_ADSL":"ADSL_2P","DESCRIZIONE_TIPO_ADSL":"ADSL 2+ (24 mega)","DISTANZA_CALCOLATA":"1206.68","CLASSE_DISTANZA":"900-1299","POTENZA_SEGNALE":"17737.5","POPOLAZIONE_SEZIONE": ""}
			},
		 		{ "type" : "Feature",
				"geometry" : {
					"type" : "Point",
					"coordinates" : [7.62409,45.05599]},
			"properties" : { "ANNO":"2010","ID_SEZIONE":"17135","ISTAT_COMUNE_SEZ":"1120","COMUNE_SEZ":"GRUGLIASCO","PROVINCIA":"TO","ID_CENTRALE":"1463","NOME_CENTRALE":"TORINO LESNA","ISTAT_COMUNE_CENTR":"1272","COMUNE_CENTR":"TORINO","PROVINCIA_CENTR":"TO","INDIRIZZO_CENTRALE":"VIA CHALLANT 38/3","LATITUDINE_SEZIONE":"45.05599","LONGITUDINE_SEZIONE":"7.62409","POS_X_SEZIONE":"391662.48890","POS_Y_SEZIONE":"4990090.60919","LATITUDINE_CENTRALE":"45.06173","LONGITUDINE_CENTRALE":"7.61723","POS_X_CENTRALE":"391133.95309","POS_Y_CENTRALE":"4990738.00017","TIPO_ADSL":"ADSL_2P","DESCRIZIONE_TIPO_ADSL":"ADSL 2+ (24 mega)","DISTANZA_CALCOLATA":"835.74","CLASSE_DISTANZA":"500-899","POTENZA_SEGNALE":"19523.33","POPOLAZIONE_SEZIONE": "225"}
			},
		 		{ "type" : "Feature",
				"geometry" : {
					"type" : "Point",
					"coordinates" : [7.62373,45.05734]},
			"properties" : { "ANNO":"2010","ID_SEZIONE":"17964","ISTAT_COMUNE_SEZ":"1120","COMUNE_SEZ":"GRUGLIASCO","PROVINCIA":"TO","ID_CENTRALE":"1463","NOME_CENTRALE":"TORINO LESNA","ISTAT_COMUNE_CENTR":"1272","COMUNE_CENTR":"TORINO","PROVINCIA_CENTR":"TO","INDIRIZZO_CENTRALE":"VIA CHALLANT 38/3","LATITUDINE_SEZIONE":"45.05734","LONGITUDINE_SEZIONE":"7.62373","POS_X_SEZIONE":"391636.74144","POS_Y_SEZIONE":"4990241.11211","LATITUDINE_CENTRALE":"45.06173","LONGITUDINE_CENTRALE":"7.61723","POS_X_CENTRALE":"391133.95309","POS_Y_CENTRALE":"4990738.00017","TIPO_ADSL":"ADSL_2P","DESCRIZIONE_TIPO_ADSL":"ADSL 2+ (24 mega)","DISTANZA_CALCOLATA":"706.89","CLASSE_DISTANZA":"500-899","POTENZA_SEGNALE":"19523.33","POPOLAZIONE_SEZIONE": "149"}
			},
		 		{ "type" : "Feature",
				"geometry" : {
					"type" : "Point",
					"coordinates" : [7.62455,45.05712]},
			"properties" : { "ANNO":"2010","ID_SEZIONE":"17965","ISTAT_COMUNE_SEZ":"1120","COMUNE_SEZ":"GRUGLIASCO","PROVINCIA":"TO","ID_CENTRALE":"1463","NOME_CENTRALE":"TORINO LESNA","ISTAT_COMUNE_CENTR":"1272","COMUNE_CENTR":"TORINO","PROVINCIA_CENTR":"TO","INDIRIZZO_CENTRALE":"VIA CHALLANT 38/3","LATITUDINE_SEZIONE":"45.05712","LONGITUDINE_SEZIONE":"7.62455","POS_X_SEZIONE":"391701.27187","POS_Y_SEZIONE":"4990215.61144","LATITUDINE_CENTRALE":"45.06173","LONGITUDINE_CENTRALE":"7.61723","POS_X_CENTRALE":"391133.95309","POS_Y_CENTRALE":"4990738.00017","TIPO_ADSL":"ADSL_2P","DESCRIZIONE_TIPO_ADSL":"ADSL 2+ (24 mega)","DISTANZA_CALCOLATA":"771.19","CLASSE_DISTANZA":"500-899","POTENZA_SEGNALE":"19523.33","POPOLAZIONE_SEZIONE": "53"}
			},
		 		{ "type" : "Feature",
				"geometry" : {
					"type" : "Point",
					"coordinates" : [7.62503,45.06105]},
			"properties" : { "ANNO":"2010","ID_SEZIONE":"19181","ISTAT_COMUNE_SEZ":"1272","COMUNE_SEZ":"TORINO","PROVINCIA":"TO","ID_CENTRALE":"1463","NOME_CENTRALE":"TORINO LESNA","ISTAT_COMUNE_CENTR":"1272","COMUNE_CENTR":"TORINO","PROVINCIA_CENTR":"TO","INDIRIZZO_CENTRALE":"VIA CHALLANT 38/3","LATITUDINE_SEZIONE":"45.06105","LONGITUDINE_SEZIONE":"7.62503","POS_X_SEZIONE":"391746.52755","POS_Y_SEZIONE":"4990652.11960","LATITUDINE_CENTRALE":"45.06173","LONGITUDINE_CENTRALE":"7.61723","POS_X_CENTRALE":"391133.95309","POS_Y_CENTRALE":"4990738.00017","TIPO_ADSL":"ADSL_2P","DESCRIZIONE_TIPO_ADSL":"ADSL 2+ (24 mega)","DISTANZA_CALCOLATA":"618.57","CLASSE_DISTANZA":"500-899","POTENZA_SEGNALE":"19523.33","POPOLAZIONE_SEZIONE": "62"}
			},
		 		{ "type" : "Feature",
				"geometry" : {
					"type" : "Point",
					"coordinates" : [7.62220,45.06276]},
			"properties" : { "ANNO":"2010","ID_SEZIONE":"19986","ISTAT_COMUNE_SEZ":"1272","COMUNE_SEZ":"TORINO","PROVINCIA":"TO","ID_CENTRALE":"1463","NOME_CENTRALE":"TORINO LESNA","ISTAT_COMUNE_CENTR":"1272","COMUNE_CENTR":"TORINO","PROVINCIA_CENTR":"TO","INDIRIZZO_CENTRALE":"VIA CHALLANT 38/3","LATITUDINE_SEZIONE":"45.06276","LONGITUDINE_SEZIONE":"7.62220","POS_X_SEZIONE":"391526.78432","POS_Y_SEZIONE":"4990845.12363","LATITUDINE_CENTRALE":"45.06173","LONGITUDINE_CENTRALE":"7.61723","POS_X_CENTRALE":"391133.95309","POS_Y_CENTRALE":"4990738.00017","TIPO_ADSL":"ADSL_2P","DESCRIZIONE_TIPO_ADSL":"ADSL 2+ (24 mega)","DISTANZA_CALCOLATA":"407.18","CLASSE_DISTANZA":"100-499","POTENZA_SEGNALE":"19761.67","POPOLAZIONE_SEZIONE": "1078"}
			},
		 		{ "type" : "Feature",
				"geometry" : {
					"type" : "Point",
					"coordinates" : [7.62223,45.05888]},
			"properties" : { "ANNO":"2010","ID_SEZIONE":"20553","ISTAT_COMUNE_SEZ":"1120","COMUNE_SEZ":"GRUGLIASCO","PROVINCIA":"TO","ID_CENTRALE":"1463","NOME_CENTRALE":"TORINO LESNA","ISTAT_COMUNE_CENTR":"1272","COMUNE_CENTR":"TORINO","PROVINCIA_CENTR":"TO","INDIRIZZO_CENTRALE":"VIA CHALLANT 38/3","LATITUDINE_SEZIONE":"45.05888","LONGITUDINE_SEZIONE":"7.62223","POS_X_SEZIONE":"391521.99610","POS_Y_SEZIONE":"4990414.11537","LATITUDINE_CENTRALE":"45.06173","LONGITUDINE_CENTRALE":"7.61723","POS_X_CENTRALE":"391133.95309","POS_Y_CENTRALE":"4990738.00017","TIPO_ADSL":"ADSL_2P","DESCRIZIONE_TIPO_ADSL":"ADSL 2+ (24 mega)","DISTANZA_CALCOLATA":"505.45","CLASSE_DISTANZA":"500-899","POTENZA_SEGNALE":"19523.33","POPOLAZIONE_SEZIONE": "67"}
			},
		 		{ "type" : "Feature",
				"geometry" : {
					"type" : "Point",
					"coordinates" : [7.62357,45.05874]},
			"properties" : { "ANNO":"2010","ID_SEZIONE":"21203","ISTAT_COMUNE_SEZ":"1120","COMUNE_SEZ":"GRUGLIASCO","PROVINCIA":"TO","ID_CENTRALE":"1463","NOME_CENTRALE":"TORINO LESNA","ISTAT_COMUNE_CENTR":"1272","COMUNE_CENTR":"TORINO","PROVINCIA_CENTR":"TO","INDIRIZZO_CENTRALE":"VIA CHALLANT 38/3","LATITUDINE_SEZIONE":"45.05874","LONGITUDINE_SEZIONE":"7.62357","POS_X_SEZIONE":"391627.18189","POS_Y_SEZIONE":"4990397.61515","LATITUDINE_CENTRALE":"45.06173","LONGITUDINE_CENTRALE":"7.61723","POS_X_CENTRALE":"391133.95309","POS_Y_CENTRALE":"4990738.00017","TIPO_ADSL":"ADSL_2P","DESCRIZIONE_TIPO_ADSL":"ADSL 2+ (24 mega)","DISTANZA_CALCOLATA":"599.28","CLASSE_DISTANZA":"500-899","POTENZA_SEGNALE":"19523.33","POPOLAZIONE_SEZIONE": "52"}
			},
		 		{ "type" : "Feature",
				"geometry" : {
					"type" : "Point",
					"coordinates" : [7.61571,45.06783]},
			"properties" : { "ANNO":"2010","ID_SEZIONE":"21373","ISTAT_COMUNE_SEZ":"1272","COMUNE_SEZ":"TORINO","PROVINCIA":"TO","ID_CENTRALE":"1463","NOME_CENTRALE":"TORINO LESNA","ISTAT_COMUNE_CENTR":"1272","COMUNE_CENTR":"TORINO","PROVINCIA_CENTR":"TO","INDIRIZZO_CENTRALE":"VIA CHALLANT 38/3","LATITUDINE_SEZIONE":"45.06783","LONGITUDINE_SEZIONE":"7.61571","POS_X_SEZIONE":"391025.73907","POS_Y_SEZIONE":"4991417.13515","LATITUDINE_CENTRALE":"45.06173","LONGITUDINE_CENTRALE":"7.61723","POS_X_CENTRALE":"391133.95309","POS_Y_CENTRALE":"4990738.00017","TIPO_ADSL":"ADSL_2P","DESCRIZIONE_TIPO_ADSL":"ADSL 2+ (24 mega)","DISTANZA_CALCOLATA":"687.70","CLASSE_DISTANZA":"500-899","POTENZA_SEGNALE":"19523.33","POPOLAZIONE_SEZIONE": "83"}
			},
		 		{ "type" : "Feature",
				"geometry" : {
					"type" : "Point",
					"coordinates" : [7.63193,45.05902]},
			"properties" : { "ANNO":"2010","ID_SEZIONE":"21423","ISTAT_COMUNE_SEZ":"1272","COMUNE_SEZ":"TORINO","PROVINCIA":"TO","ID_CENTRALE":"1463","NOME_CENTRALE":"TORINO LESNA","ISTAT_COMUNE_CENTR":"1272","COMUNE_CENTR":"TORINO","PROVINCIA_CENTR":"TO","INDIRIZZO_CENTRALE":"VIA CHALLANT 38/3","LATITUDINE_SEZIONE":"45.05902","LONGITUDINE_SEZIONE":"7.63193","POS_X_SEZIONE":"392286.20167","POS_Y_SEZIONE":"4990417.61438","LATITUDINE_CENTRALE":"45.06173","LONGITUDINE_CENTRALE":"7.61723","POS_X_CENTRALE":"391133.95309","POS_Y_CENTRALE":"4990738.00017","TIPO_ADSL":"ADSL_2P","DESCRIZIONE_TIPO_ADSL":"ADSL 2+ (24 mega)","DISTANZA_CALCOLATA":"1195.96","CLASSE_DISTANZA":"900-1299","POTENZA_SEGNALE":"17737.5","POPOLAZIONE_SEZIONE": "9"}
			},
		 		{ "type" : "Feature",
				"geometry" : {
					"type" : "Point",
					"coordinates" : [7.62391,45.06712]},
			"properties" : { "ANNO":"2010","ID_SEZIONE":"22346","ISTAT_COMUNE_SEZ":"1272","COMUNE_SEZ":"TORINO","PROVINCIA":"TO","ID_CENTRALE":"1463","NOME_CENTRALE":"TORINO LESNA","ISTAT_COMUNE_CENTR":"1272","COMUNE_CENTR":"TORINO","PROVINCIA_CENTR":"TO","INDIRIZZO_CENTRALE":"VIA CHALLANT 38/3","LATITUDINE_SEZIONE":"45.06712","LONGITUDINE_SEZIONE":"7.62391","POS_X_SEZIONE":"391670.03885","POS_Y_SEZIONE":"4991327.63243","LATITUDINE_CENTRALE":"45.06173","LONGITUDINE_CENTRALE":"7.61723","POS_X_CENTRALE":"391133.95309","POS_Y_CENTRALE":"4990738.00017","TIPO_ADSL":"ADSL_2P","DESCRIZIONE_TIPO_ADSL":"ADSL 2+ (24 mega)","DISTANZA_CALCOLATA":"796.90","CLASSE_DISTANZA":"500-899","POTENZA_SEGNALE":"19523.33","POPOLAZIONE_SEZIONE": "80"}
			},
		 		{ "type" : "Feature",
				"geometry" : {
					"type" : "Point",
					"coordinates" : [7.61801,45.06592]},
			"properties" : { "ANNO":"2010","ID_SEZIONE":"22565","ISTAT_COMUNE_SEZ":"1272","COMUNE_SEZ":"TORINO","PROVINCIA":"TO","ID_CENTRALE":"1463","NOME_CENTRALE":"TORINO LESNA","ISTAT_COMUNE_CENTR":"1272","COMUNE_CENTR":"TORINO","PROVINCIA_CENTR":"TO","INDIRIZZO_CENTRALE":"VIA CHALLANT 38/3","LATITUDINE_SEZIONE":"45.06592","LONGITUDINE_SEZIONE":"7.61801","POS_X_SEZIONE":"391202.76359","POS_Y_SEZIONE":"4991202.63070","LATITUDINE_CENTRALE":"45.06173","LONGITUDINE_CENTRALE":"7.61723","POS_X_CENTRALE":"391133.95309","POS_Y_CENTRALE":"4990738.00017","TIPO_ADSL":"ADSL_2P","DESCRIZIONE_TIPO_ADSL":"ADSL 2+ (24 mega)","DISTANZA_CALCOLATA":"469.70","CLASSE_DISTANZA":"100-499","POTENZA_SEGNALE":"19761.67","POPOLAZIONE_SEZIONE": "129"}
			},
		 		{ "type" : "Feature",
				"geometry" : {
					"type" : "Point",
					"coordinates" : [7.62324,45.05618]},
			"properties" : { "ANNO":"2010","ID_SEZIONE":"22834","ISTAT_COMUNE_SEZ":"1120","COMUNE_SEZ":"GRUGLIASCO","PROVINCIA":"TO","ID_CENTRALE":"1463","NOME_CENTRALE":"TORINO LESNA","ISTAT_COMUNE_CENTR":"1272","COMUNE_CENTR":"TORINO","PROVINCIA_CENTR":"TO","INDIRIZZO_CENTRALE":"VIA CHALLANT 38/3","LATITUDINE_SEZIONE":"45.05618","LONGITUDINE_SEZIONE":"7.62324","POS_X_SEZIONE":"391596.64723","POS_Y_SEZIONE":"4990113.11006","LATITUDINE_CENTRALE":"45.06173","LONGITUDINE_CENTRALE":"7.61723","POS_X_CENTRALE":"391133.95309","POS_Y_CENTRALE":"4990738.00017","TIPO_ADSL":"ADSL_2P","DESCRIZIONE_TIPO_ADSL":"ADSL 2+ (24 mega)","DISTANZA_CALCOLATA":"777.54","CLASSE_DISTANZA":"500-899","POTENZA_SEGNALE":"19523.33","POPOLAZIONE_SEZIONE": "117"}
			},
		 		{ "type" : "Feature",
				"geometry" : {
					"type" : "Point",
					"coordinates" : [7.61876,45.06752]},
			"properties" : { "ANNO":"2010","ID_SEZIONE":"22905","ISTAT_COMUNE_SEZ":"1272","COMUNE_SEZ":"TORINO","PROVINCIA":"TO","ID_CENTRALE":"1463","NOME_CENTRALE":"TORINO LESNA","ISTAT_COMUNE_CENTR":"1272","COMUNE_CENTR":"TORINO","PROVINCIA_CENTR":"TO","INDIRIZZO_CENTRALE":"VIA CHALLANT 38/3","LATITUDINE_SEZIONE":"45.06752","LONGITUDINE_SEZIONE":"7.61876","POS_X_SEZIONE":"391265.07808","POS_Y_SEZIONE":"4991379.13400","LATITUDINE_CENTRALE":"45.06173","LONGITUDINE_CENTRALE":"7.61723","POS_X_CENTRALE":"391133.95309","POS_Y_CENTRALE":"4990738.00017","TIPO_ADSL":"ADSL_2P","DESCRIZIONE_TIPO_ADSL":"ADSL 2+ (24 mega)","DISTANZA_CALCOLATA":"654.41","CLASSE_DISTANZA":"500-899","POTENZA_SEGNALE":"19523.33","POPOLAZIONE_SEZIONE": "76"}
			},
		 		{ "type" : "Feature",
				"geometry" : {
					"type" : "Point",
					"coordinates" : [7.62792,45.06536]},
			"properties" : { "ANNO":"2010","ID_SEZIONE":"23233","ISTAT_COMUNE_SEZ":"1272","COMUNE_SEZ":"TORINO","PROVINCIA":"TO","ID_CENTRALE":"1463","NOME_CENTRALE":"TORINO LESNA","ISTAT_COMUNE_CENTR":"1272","COMUNE_CENTR":"TORINO","PROVINCIA_CENTR":"TO","INDIRIZZO_CENTRALE":"VIA CHALLANT 38/3","LATITUDINE_SEZIONE":"45.06536","LONGITUDINE_SEZIONE":"7.62792","POS_X_SEZIONE":"391982.15559","POS_Y_SEZIONE":"4991127.12811","LATITUDINE_CENTRALE":"45.06173","LONGITUDINE_CENTRALE":"7.61723","POS_X_CENTRALE":"391133.95309","POS_Y_CENTRALE":"4990738.00017","TIPO_ADSL":"ADSL_2P","DESCRIZIONE_TIPO_ADSL":"ADSL 2+ (24 mega)","DISTANZA_CALCOLATA":"933.20","CLASSE_DISTANZA":"900-1299","POTENZA_SEGNALE":"17737.5","POPOLAZIONE_SEZIONE": "536"}
			},
		 		{ "type" : "Feature",
				"geometry" : {
					"type" : "Point",
					"coordinates" : [7.61760,45.06865]},
			"properties" : { "ANNO":"2010","ID_SEZIONE":"23389","ISTAT_COMUNE_SEZ":"1272","COMUNE_SEZ":"TORINO","PROVINCIA":"TO","ID_CENTRALE":"1463","NOME_CENTRALE":"TORINO LESNA","ISTAT_COMUNE_CENTR":"1272","COMUNE_CENTR":"TORINO","PROVINCIA_CENTR":"TO","INDIRIZZO_CENTRALE":"VIA CHALLANT 38/3","LATITUDINE_SEZIONE":"45.06865","LONGITUDINE_SEZIONE":"7.61760","POS_X_SEZIONE":"391176.08173","POS_Y_SEZIONE":"4991505.63640","LATITUDINE_CENTRALE":"45.06173","LONGITUDINE_CENTRALE":"7.61723","POS_X_CENTRALE":"391133.95309","POS_Y_CENTRALE":"4990738.00017","TIPO_ADSL":"ADSL_2P","DESCRIZIONE_TIPO_ADSL":"ADSL 2+ (24 mega)","DISTANZA_CALCOLATA":"768.79","CLASSE_DISTANZA":"500-899","POTENZA_SEGNALE":"19523.33","POPOLAZIONE_SEZIONE": ""}
			},
		 		{ "type" : "Feature",
				"geometry" : {
					"type" : "Point",
					"coordinates" : [7.62719,45.06089]},
			"properties" : { "ANNO":"2010","ID_SEZIONE":"24068","ISTAT_COMUNE_SEZ":"1272","COMUNE_SEZ":"TORINO","PROVINCIA":"TO","ID_CENTRALE":"1463","NOME_CENTRALE":"TORINO LESNA","ISTAT_COMUNE_CENTR":"1272","COMUNE_CENTR":"TORINO","PROVINCIA_CENTR":"TO","INDIRIZZO_CENTRALE":"VIA CHALLANT 38/3","LATITUDINE_SEZIONE":"45.06089","LONGITUDINE_SEZIONE":"7.62719","POS_X_SEZIONE":"391916.05536","POS_Y_SEZIONE":"4990630.61918","LATITUDINE_CENTRALE":"45.06173","LONGITUDINE_CENTRALE":"7.61723","POS_X_CENTRALE":"391133.95309","POS_Y_CENTRALE":"4990738.00017","TIPO_ADSL":"ADSL_2P","DESCRIZIONE_TIPO_ADSL":"ADSL 2+ (24 mega)","DISTANZA_CALCOLATA":"789.44","CLASSE_DISTANZA":"500-899","POTENZA_SEGNALE":"19523.33","POPOLAZIONE_SEZIONE": "22"}
			},
		 		{ "type" : "Feature",
				"geometry" : {
					"type" : "Point",
					"coordinates" : [7.63047,45.06500]},
			"properties" : { "ANNO":"2010","ID_SEZIONE":"24447","ISTAT_COMUNE_SEZ":"1272","COMUNE_SEZ":"TORINO","PROVINCIA":"TO","ID_CENTRALE":"1463","NOME_CENTRALE":"TORINO LESNA","ISTAT_COMUNE_CENTR":"1272","COMUNE_CENTR":"TORINO","PROVINCIA_CENTR":"TO","INDIRIZZO_CENTRALE":"VIA CHALLANT 38/3","LATITUDINE_SEZIONE":"45.06500","LONGITUDINE_SEZIONE":"7.63047","POS_X_SEZIONE":"392181.80691","POS_Y_SEZIONE":"4991083.12683","LATITUDINE_CENTRALE":"45.06173","LONGITUDINE_CENTRALE":"7.61723","POS_X_CENTRALE":"391133.95309","POS_Y_CENTRALE":"4990738.00017","TIPO_ADSL":"ADSL_2P","DESCRIZIONE_TIPO_ADSL":"ADSL 2+ (24 mega)","DISTANZA_CALCOLATA":"1103.23","CLASSE_DISTANZA":"900-1299","POTENZA_SEGNALE":"17737.5","POPOLAZIONE_SEZIONE": "211"}
			},
		 		{ "type" : "Feature",
				"geometry" : {
					"type" : "Point",
					"coordinates" : [7.61861,45.06058]},
			"properties" : { "ANNO":"2010","ID_SEZIONE":"25357","ISTAT_COMUNE_SEZ":"1272","COMUNE_SEZ":"TORINO","PROVINCIA":"TO","ID_CENTRALE":"1463","NOME_CENTRALE":"TORINO LESNA","ISTAT_COMUNE_CENTR":"1272","COMUNE_CENTR":"TORINO","PROVINCIA_CENTR":"TO","INDIRIZZO_CENTRALE":"VIA CHALLANT 38/3","LATITUDINE_SEZIONE":"45.06058","LONGITUDINE_SEZIONE":"7.61861","POS_X_SEZIONE":"391240.16109","POS_Y_SEZIONE":"4990608.11985","LATITUDINE_CENTRALE":"45.06173","LONGITUDINE_CENTRALE":"7.61723","POS_X_CENTRALE":"391133.95309","POS_Y_CENTRALE":"4990738.00017","TIPO_ADSL":"ADSL_2P","DESCRIZIONE_TIPO_ADSL":"ADSL 2+ (24 mega)","DISTANZA_CALCOLATA":"167.78","CLASSE_DISTANZA":"100-499","POTENZA_SEGNALE":"19761.67","POPOLAZIONE_SEZIONE": "241"}
			},
		 		{ "type" : "Feature",
				"geometry" : {
					"type" : "Point",
					"coordinates" : [7.62126,45.05807]},
			"properties" : { "ANNO":"2010","ID_SEZIONE":"25358","ISTAT_COMUNE_SEZ":"1120","COMUNE_SEZ":"GRUGLIASCO","PROVINCIA":"TO","ID_CENTRALE":"1463","NOME_CENTRALE":"TORINO LESNA","ISTAT_COMUNE_CENTR":"1272","COMUNE_CENTR":"TORINO","PROVINCIA_CENTR":"TO","INDIRIZZO_CENTRALE":"VIA CHALLANT 38/3","LATITUDINE_SEZIONE":"45.05807","LONGITUDINE_SEZIONE":"7.62126","POS_X_SEZIONE":"391443.74611","POS_Y_SEZIONE":"4990326.11384","LATITUDINE_CENTRALE":"45.06173","LONGITUDINE_CENTRALE":"7.61723","POS_X_CENTRALE":"391133.95309","POS_Y_CENTRALE":"4990738.00017","TIPO_ADSL":"ADSL_2P","DESCRIZIONE_TIPO_ADSL":"ADSL 2+ (24 mega)","DISTANZA_CALCOLATA":"515.39","CLASSE_DISTANZA":"500-899","POTENZA_SEGNALE":"19523.33","POPOLAZIONE_SEZIONE": "166"}
			},
		 		{ "type" : "Feature",
				"geometry" : {
					"type" : "Point",
					"coordinates" : [7.61989,45.06762]},
			"properties" : { "ANNO":"2010","ID_SEZIONE":"25530","ISTAT_COMUNE_SEZ":"1272","COMUNE_SEZ":"TORINO","PROVINCIA":"TO","ID_CENTRALE":"1463","NOME_CENTRALE":"TORINO LESNA","ISTAT_COMUNE_CENTR":"1272","COMUNE_CENTR":"TORINO","PROVINCIA_CENTR":"TO","INDIRIZZO_CENTRALE":"VIA CHALLANT 38/3","LATITUDINE_SEZIONE":"45.06762","LONGITUDINE_SEZIONE":"7.61989","POS_X_SEZIONE":"391354.23264","POS_Y_SEZIONE":"4991388.63416","LATITUDINE_CENTRALE":"45.06173","LONGITUDINE_CENTRALE":"7.61723","POS_X_CENTRALE":"391133.95309","POS_Y_CENTRALE":"4990738.00017","TIPO_ADSL":"ADSL_2P","DESCRIZIONE_TIPO_ADSL":"ADSL 2+ (24 mega)","DISTANZA_CALCOLATA":"686.91","CLASSE_DISTANZA":"500-899","POTENZA_SEGNALE":"19523.33","POPOLAZIONE_SEZIONE": "423"}
			},
		 		{ "type" : "Feature",
				"geometry" : {
					"type" : "Point",
					"coordinates" : [7.62671,45.05835]},
			"properties" : { "ANNO":"2010","ID_SEZIONE":"26606","ISTAT_COMUNE_SEZ":"1272","COMUNE_SEZ":"TORINO","PROVINCIA":"TO","ID_CENTRALE":"1463","NOME_CENTRALE":"TORINO LESNA","ISTAT_COMUNE_CENTR":"1272","COMUNE_CENTR":"TORINO","PROVINCIA_CENTR":"TO","INDIRIZZO_CENTRALE":"VIA CHALLANT 38/3","LATITUDINE_SEZIONE":"45.05835","LONGITUDINE_SEZIONE":"7.62671","POS_X_SEZIONE":"391873.27059","POS_Y_SEZIONE":"4990349.61412","LATITUDINE_CENTRALE":"45.06173","LONGITUDINE_CENTRALE":"7.61723","POS_X_CENTRALE":"391133.95309","POS_Y_CENTRALE":"4990738.00017","TIPO_ADSL":"ADSL_2P","DESCRIZIONE_TIPO_ADSL":"ADSL 2+ (24 mega)","DISTANZA_CALCOLATA":"835.13","CLASSE_DISTANZA":"500-899","POTENZA_SEGNALE":"19523.33","POPOLAZIONE_SEZIONE": "895"}
			},
		 		{ "type" : "Feature",
				"geometry" : {
					"type" : "Point",
					"coordinates" : [7.62861,45.06354]},
			"properties" : { "ANNO":"2010","ID_SEZIONE":"27667","ISTAT_COMUNE_SEZ":"1272","COMUNE_SEZ":"TORINO","PROVINCIA":"TO","ID_CENTRALE":"1463","NOME_CENTRALE":"TORINO LESNA","ISTAT_COMUNE_CENTR":"1272","COMUNE_CENTR":"TORINO","PROVINCIA_CENTR":"TO","INDIRIZZO_CENTRALE":"VIA CHALLANT 38/3","LATITUDINE_SEZIONE":"45.06354","LONGITUDINE_SEZIONE":"7.62861","POS_X_SEZIONE":"392033.11955","POS_Y_SEZIONE":"4990923.62449","LATITUDINE_CENTRALE":"45.06173","LONGITUDINE_CENTRALE":"7.61723","POS_X_CENTRALE":"391133.95309","POS_Y_CENTRALE":"4990738.00017","TIPO_ADSL":"ADSL_2P","DESCRIZIONE_TIPO_ADSL":"ADSL 2+ (24 mega)","DISTANZA_CALCOLATA":"918.13","CLASSE_DISTANZA":"900-1299","POTENZA_SEGNALE":"17737.5","POPOLAZIONE_SEZIONE": "2"}
			},
		 		{ "type" : "Feature",
				"geometry" : {
					"type" : "Point",
					"coordinates" : [7.62587,45.06839]},
			"properties" : { "ANNO":"2010","ID_SEZIONE":"28854","ISTAT_COMUNE_SEZ":"1272","COMUNE_SEZ":"TORINO","PROVINCIA":"TO","ID_CENTRALE":"1463","NOME_CENTRALE":"TORINO LESNA","ISTAT_COMUNE_CENTR":"1272","COMUNE_CENTR":"TORINO","PROVINCIA_CENTR":"TO","INDIRIZZO_CENTRALE":"VIA CHALLANT 38/3","LATITUDINE_SEZIONE":"45.06839","LONGITUDINE_SEZIONE":"7.62587","POS_X_SEZIONE":"391826.75642","POS_Y_SEZIONE":"4991466.13457","LATITUDINE_CENTRALE":"45.06173","LONGITUDINE_CENTRALE":"7.61723","POS_X_CENTRALE":"391133.95309","POS_Y_CENTRALE":"4990738.00017","TIPO_ADSL":"ADSL_2P","DESCRIZIONE_TIPO_ADSL":"ADSL 2+ (24 mega)","DISTANZA_CALCOLATA":"1005.07","CLASSE_DISTANZA":"900-1299","POTENZA_SEGNALE":"17737.5","POPOLAZIONE_SEZIONE": "915"}
			},
		 		{ "type" : "Feature",
				"geometry" : {
					"type" : "Point",
					"coordinates" : [7.62101,45.05900]},
			"properties" : { "ANNO":"2010","ID_SEZIONE":"28863","ISTAT_COMUNE_SEZ":"1120","COMUNE_SEZ":"GRUGLIASCO","PROVINCIA":"TO","ID_CENTRALE":"1463","NOME_CENTRALE":"TORINO LESNA","ISTAT_COMUNE_CENTR":"1272","COMUNE_CENTR":"TORINO","PROVINCIA_CENTR":"TO","INDIRIZZO_CENTRALE":"VIA CHALLANT 38/3","LATITUDINE_SEZIONE":"45.05900","LONGITUDINE_SEZIONE":"7.62101","POS_X_SEZIONE":"391425.68583","POS_Y_SEZIONE":"4990429.61617","LATITUDINE_CENTRALE":"45.06173","LONGITUDINE_CENTRALE":"7.61723","POS_X_CENTRALE":"391133.95309","POS_Y_CENTRALE":"4990738.00017","TIPO_ADSL":"ADSL_2P","DESCRIZIONE_TIPO_ADSL":"ADSL 2+ (24 mega)","DISTANZA_CALCOLATA":"424.51","CLASSE_DISTANZA":"100-499","POTENZA_SEGNALE":"19761.67","POPOLAZIONE_SEZIONE": "52"}
			},
		 		{ "type" : "Feature",
				"geometry" : {
					"type" : "Point",
					"coordinates" : [7.62140,45.05530]},
			"properties" : { "ANNO":"2010","ID_SEZIONE":"29547","ISTAT_COMUNE_SEZ":"1120","COMUNE_SEZ":"GRUGLIASCO","PROVINCIA":"TO","ID_CENTRALE":"1463","NOME_CENTRALE":"TORINO LESNA","ISTAT_COMUNE_CENTR":"1272","COMUNE_CENTR":"TORINO","PROVINCIA_CENTR":"TO","INDIRIZZO_CENTRALE":"VIA CHALLANT 38/3","LATITUDINE_SEZIONE":"45.05530","LONGITUDINE_SEZIONE":"7.62140","POS_X_SEZIONE":"391449.67917","POS_Y_SEZIONE":"4990017.60823","LATITUDINE_CENTRALE":"45.06173","LONGITUDINE_CENTRALE":"7.61723","POS_X_CENTRALE":"391133.95309","POS_Y_CENTRALE":"4990738.00017","TIPO_ADSL":"ADSL_2P","DESCRIZIONE_TIPO_ADSL":"ADSL 2+ (24 mega)","DISTANZA_CALCOLATA":"786.54","CLASSE_DISTANZA":"500-899","POTENZA_SEGNALE":"19523.33","POPOLAZIONE_SEZIONE": "146"}
			},
		 		{ "type" : "Feature",
				"geometry" : {
					"type" : "Point",
					"coordinates" : [7.62573,45.07012]},
			"properties" : { "ANNO":"2010","ID_SEZIONE":"31277","ISTAT_COMUNE_SEZ":"1272","COMUNE_SEZ":"TORINO","PROVINCIA":"TO","ID_CENTRALE":"1463","NOME_CENTRALE":"TORINO LESNA","ISTAT_COMUNE_CENTR":"1272","COMUNE_CENTR":"TORINO","PROVINCIA_CENTR":"TO","INDIRIZZO_CENTRALE":"VIA CHALLANT 38/3","LATITUDINE_SEZIONE":"45.07012","LONGITUDINE_SEZIONE":"7.62573","POS_X_SEZIONE":"391818.63405","POS_Y_SEZIONE":"4991658.63838","LATITUDINE_CENTRALE":"45.06173","LONGITUDINE_CENTRALE":"7.61723","POS_X_CENTRALE":"391133.95309","POS_Y_CENTRALE":"4990738.00017","TIPO_ADSL":"ADSL_2P","DESCRIZIONE_TIPO_ADSL":"ADSL 2+ (24 mega)","DISTANZA_CALCOLATA":"1147.33","CLASSE_DISTANZA":"900-1299","POTENZA_SEGNALE":"17737.5","POPOLAZIONE_SEZIONE": "10"}
			},
		 		{ "type" : "Feature",
				"geometry" : {
					"type" : "Point",
					"coordinates" : [7.62152,45.06783]},
			"properties" : { "ANNO":"2010","ID_SEZIONE":"31553","ISTAT_COMUNE_SEZ":"1272","COMUNE_SEZ":"TORINO","PROVINCIA":"TO","ID_CENTRALE":"1463","NOME_CENTRALE":"TORINO LESNA","ISTAT_COMUNE_CENTR":"1272","COMUNE_CENTR":"TORINO","PROVINCIA_CENTR":"TO","INDIRIZZO_CENTRALE":"VIA CHALLANT 38/3","LATITUDINE_SEZIONE":"45.06783","LONGITUDINE_SEZIONE":"7.62152","POS_X_SEZIONE":"391483.29351","POS_Y_SEZIONE":"4991409.13412","LATITUDINE_CENTRALE":"45.06173","LONGITUDINE_CENTRALE":"7.61723","POS_X_CENTRALE":"391133.95309","POS_Y_CENTRALE":"4990738.00017","TIPO_ADSL":"ADSL_2P","DESCRIZIONE_TIPO_ADSL":"ADSL 2+ (24 mega)","DISTANZA_CALCOLATA":"756.61","CLASSE_DISTANZA":"500-899","POTENZA_SEGNALE":"19523.33","POPOLAZIONE_SEZIONE": "352"}
			},
		 		{ "type" : "Feature",
				"geometry" : {
					"type" : "Point",
					"coordinates" : [7.61669,45.06728]},
			"properties" : { "ANNO":"2010","ID_SEZIONE":"31771","ISTAT_COMUNE_SEZ":"1272","COMUNE_SEZ":"TORINO","PROVINCIA":"TO","ID_CENTRALE":"1463","NOME_CENTRALE":"TORINO LESNA","ISTAT_COMUNE_CENTR":"1272","COMUNE_CENTR":"TORINO","PROVINCIA_CENTR":"TO","INDIRIZZO_CENTRALE":"VIA CHALLANT 38/3","LATITUDINE_SEZIONE":"45.06728","LONGITUDINE_SEZIONE":"7.61669","POS_X_SEZIONE":"391101.89293","POS_Y_SEZIONE":"4991355.13400","LATITUDINE_CENTRALE":"45.06173","LONGITUDINE_CENTRALE":"7.61723","POS_X_CENTRALE":"391133.95309","POS_Y_CENTRALE":"4990738.00017","TIPO_ADSL":"ADSL_2P","DESCRIZIONE_TIPO_ADSL":"ADSL 2+ (24 mega)","DISTANZA_CALCOLATA":"617.97","CLASSE_DISTANZA":"500-899","POTENZA_SEGNALE":"19523.33","POPOLAZIONE_SEZIONE": "73"}
			},
		 		{ "type" : "Feature",
				"geometry" : {
					"type" : "Point",
					"coordinates" : [7.61229,45.06433]},
			"properties" : { "ANNO":"2010","ID_SEZIONE":"31811","ISTAT_COMUNE_SEZ":"1272","COMUNE_SEZ":"TORINO","PROVINCIA":"TO","ID_CENTRALE":"1463","NOME_CENTRALE":"TORINO LESNA","ISTAT_COMUNE_CENTR":"1272","COMUNE_CENTR":"TORINO","PROVINCIA_CENTR":"TO","INDIRIZZO_CENTRALE":"VIA CHALLANT 38/3","LATITUDINE_SEZIONE":"45.06433","LONGITUDINE_SEZIONE":"7.61229","POS_X_SEZIONE":"390749.51917","POS_Y_SEZIONE":"4991033.62820","LATITUDINE_CENTRALE":"45.06173","LONGITUDINE_CENTRALE":"7.61723","POS_X_CENTRALE":"391133.95309","POS_Y_CENTRALE":"4990738.00017","TIPO_ADSL":"ADSL_2P","DESCRIZIONE_TIPO_ADSL":"ADSL 2+ (24 mega)","DISTANZA_CALCOLATA":"484.96","CLASSE_DISTANZA":"100-499","POTENZA_SEGNALE":"19761.67","POPOLAZIONE_SEZIONE": "54"}
			},
		 		{ "type" : "Feature",
				"geometry" : {
					"type" : "Point",
					"coordinates" : [7.61786,45.06382]},
			"properties" : { "ANNO":"2010","ID_SEZIONE":"31812","ISTAT_COMUNE_SEZ":"1272","COMUNE_SEZ":"TORINO","PROVINCIA":"TO","ID_CENTRALE":"1463","NOME_CENTRALE":"TORINO LESNA","ISTAT_COMUNE_CENTR":"1272","COMUNE_CENTR":"TORINO","PROVINCIA_CENTR":"TO","INDIRIZZO_CENTRALE":"VIA CHALLANT 38/3","LATITUDINE_SEZIONE":"45.06382","LONGITUDINE_SEZIONE":"7.61786","POS_X_SEZIONE":"391186.88544","POS_Y_SEZIONE":"4990969.62667","LATITUDINE_CENTRALE":"45.06173","LONGITUDINE_CENTRALE":"7.61723","POS_X_CENTRALE":"391133.95309","POS_Y_CENTRALE":"4990738.00017","TIPO_ADSL":"ADSL_2P","DESCRIZIONE_TIPO_ADSL":"ADSL 2+ (24 mega)","DISTANZA_CALCOLATA":"237.60","CLASSE_DISTANZA":"100-499","POTENZA_SEGNALE":"19761.67","POPOLAZIONE_SEZIONE": "508"}
			},
		 		{ "type" : "Feature",
				"geometry" : {
					"type" : "Point",
					"coordinates" : [7.62307,45.05974]},
			"properties" : { "ANNO":"2010","ID_SEZIONE":"31814","ISTAT_COMUNE_SEZ":"1272","COMUNE_SEZ":"TORINO","PROVINCIA":"TO","ID_CENTRALE":"1463","NOME_CENTRALE":"TORINO LESNA","ISTAT_COMUNE_CENTR":"1272","COMUNE_CENTR":"TORINO","PROVINCIA_CENTR":"TO","INDIRIZZO_CENTRALE":"VIA CHALLANT 38/3","LATITUDINE_SEZIONE":"45.05974","LONGITUDINE_SEZIONE":"7.62307","POS_X_SEZIONE":"391589.65331","POS_Y_SEZIONE":"4990508.61726","LATITUDINE_CENTRALE":"45.06173","LONGITUDINE_CENTRALE":"7.61723","POS_X_CENTRALE":"391133.95309","POS_Y_CENTRALE":"4990738.00017","TIPO_ADSL":"ADSL_2P","DESCRIZIONE_TIPO_ADSL":"ADSL 2+ (24 mega)","DISTANZA_CALCOLATA":"510.18","CLASSE_DISTANZA":"500-899","POTENZA_SEGNALE":"19523.33","POPOLAZIONE_SEZIONE": "23"}
			},
		 		{ "type" : "Feature",
				"geometry" : {
					"type" : "Point",
					"coordinates" : [7.62374,45.06312]},
			"properties" : { "ANNO":"2010","ID_SEZIONE":"32163","ISTAT_COMUNE_SEZ":"1272","COMUNE_SEZ":"TORINO","PROVINCIA":"TO","ID_CENTRALE":"1463","NOME_CENTRALE":"TORINO LESNA","ISTAT_COMUNE_CENTR":"1272","COMUNE_CENTR":"TORINO","PROVINCIA_CENTR":"TO","INDIRIZZO_CENTRALE":"VIA CHALLANT 38/3","LATITUDINE_SEZIONE":"45.06312","LONGITUDINE_SEZIONE":"7.62374","POS_X_SEZIONE":"391648.75091","POS_Y_SEZIONE":"4990883.12427","LATITUDINE_CENTRALE":"45.06173","LONGITUDINE_CENTRALE":"7.61723","POS_X_CENTRALE":"391133.95309","POS_Y_CENTRALE":"4990738.00017","TIPO_ADSL":"ADSL_2P","DESCRIZIONE_TIPO_ADSL":"ADSL 2+ (24 mega)","DISTANZA_CALCOLATA":"534.86","CLASSE_DISTANZA":"500-899","POTENZA_SEGNALE":"19523.33","POPOLAZIONE_SEZIONE": "256"}
			},
		 		{ "type" : "Feature",
				"geometry" : {
					"type" : "Point",
					"coordinates" : [7.62409,45.06024]},
			"properties" : { "ANNO":"2010","ID_SEZIONE":"32216","ISTAT_COMUNE_SEZ":"1272","COMUNE_SEZ":"TORINO","PROVINCIA":"TO","ID_CENTRALE":"1463","NOME_CENTRALE":"TORINO LESNA","ISTAT_COMUNE_CENTR":"1272","COMUNE_CENTR":"TORINO","PROVINCIA_CENTR":"TO","INDIRIZZO_CENTRALE":"VIA CHALLANT 38/3","LATITUDINE_SEZIONE":"45.06024","LONGITUDINE_SEZIONE":"7.62409","POS_X_SEZIONE":"391671.05875","POS_Y_SEZIONE":"4990563.61835","LATITUDINE_CENTRALE":"45.06173","LONGITUDINE_CENTRALE":"7.61723","POS_X_CENTRALE":"391133.95309","POS_Y_CENTRALE":"4990738.00017","TIPO_ADSL":"ADSL_2P","DESCRIZIONE_TIPO_ADSL":"ADSL 2+ (24 mega)","DISTANZA_CALCOLATA":"564.70","CLASSE_DISTANZA":"500-899","POTENZA_SEGNALE":"19523.33","POPOLAZIONE_SEZIONE": ""}
			},
		 		{ "type" : "Feature",
				"geometry" : {
					"type" : "Point",
					"coordinates" : [7.60993,45.05905]},
			"properties" : { "ANNO":"2010","ID_SEZIONE":"32434","ISTAT_COMUNE_SEZ":"1120","COMUNE_SEZ":"GRUGLIASCO","PROVINCIA":"TO","ID_CENTRALE":"1463","NOME_CENTRALE":"TORINO LESNA","ISTAT_COMUNE_CENTR":"1272","COMUNE_CENTR":"TORINO","PROVINCIA_CENTR":"TO","INDIRIZZO_CENTRALE":"VIA CHALLANT 38/3","LATITUDINE_SEZIONE":"45.05905","LONGITUDINE_SEZIONE":"7.60993","POS_X_SEZIONE":"390553.54554","POS_Y_SEZIONE":"4990449.61745","LATITUDINE_CENTRALE":"45.06173","LONGITUDINE_CENTRALE":"7.61723","POS_X_CENTRALE":"391133.95309","POS_Y_CENTRALE":"4990738.00017","TIPO_ADSL":"ADSL_2P","DESCRIZIONE_TIPO_ADSL":"ADSL 2+ (24 mega)","DISTANZA_CALCOLATA":"648.10","CLASSE_DISTANZA":"500-899","POTENZA_SEGNALE":"19523.33","POPOLAZIONE_SEZIONE": "34"}
			},
		 		{ "type" : "Feature",
				"geometry" : {
					"type" : "Point",
					"coordinates" : [7.62478,45.05867]},
			"properties" : { "ANNO":"2010","ID_SEZIONE":"32435","ISTAT_COMUNE_SEZ":"1120","COMUNE_SEZ":"GRUGLIASCO","PROVINCIA":"TO","ID_CENTRALE":"1463","NOME_CENTRALE":"TORINO LESNA","ISTAT_COMUNE_CENTR":"1272","COMUNE_CENTR":"TORINO","PROVINCIA_CENTR":"TO","INDIRIZZO_CENTRALE":"VIA CHALLANT 38/3","LATITUDINE_SEZIONE":"45.05867","LONGITUDINE_SEZIONE":"7.62478","POS_X_SEZIONE":"391722.30483","POS_Y_SEZIONE":"4990387.61476","LATITUDINE_CENTRALE":"45.06173","LONGITUDINE_CENTRALE":"7.61723","POS_X_CENTRALE":"391133.95309","POS_Y_CENTRALE":"4990738.00017","TIPO_ADSL":"ADSL_2P","DESCRIZIONE_TIPO_ADSL":"ADSL 2+ (24 mega)","DISTANZA_CALCOLATA":"684.78","CLASSE_DISTANZA":"500-899","POTENZA_SEGNALE":"19523.33","POPOLAZIONE_SEZIONE": "130"}
			},
		 		{ "type" : "Feature",
				"geometry" : {
					"type" : "Point",
					"coordinates" : [7.60781,45.05843]},
			"properties" : { "ANNO":"2010","ID_SEZIONE":"32436","ISTAT_COMUNE_SEZ":"1120","COMUNE_SEZ":"GRUGLIASCO","PROVINCIA":"TO","ID_CENTRALE":"1463","NOME_CENTRALE":"TORINO LESNA","ISTAT_COMUNE_CENTR":"1272","COMUNE_CENTR":"TORINO","PROVINCIA_CENTR":"TO","INDIRIZZO_CENTRALE":"VIA CHALLANT 38/3","LATITUDINE_SEZIONE":"45.05843","LONGITUDINE_SEZIONE":"7.60781","POS_X_SEZIONE":"390385.32845","POS_Y_SEZIONE":"4990383.61656","LATITUDINE_CENTRALE":"45.06173","LONGITUDINE_CENTRALE":"7.61723","POS_X_CENTRALE":"391133.95309","POS_Y_CENTRALE":"4990738.00017","TIPO_ADSL":"ADSL_2P","DESCRIZIONE_TIPO_ADSL":"ADSL 2+ (24 mega)","DISTANZA_CALCOLATA":"828.27","CLASSE_DISTANZA":"500-899","POTENZA_SEGNALE":"19523.33","POPOLAZIONE_SEZIONE": "14"}
			},
		 		{ "type" : "Feature",
				"geometry" : {
					"type" : "Point",
					"coordinates" : [7.61029,45.05648]},
			"properties" : { "ANNO":"2010","ID_SEZIONE":"32846","ISTAT_COMUNE_SEZ":"1120","COMUNE_SEZ":"GRUGLIASCO","PROVINCIA":"TO","ID_CENTRALE":"1463","NOME_CENTRALE":"TORINO LESNA","ISTAT_COMUNE_CENTR":"1272","COMUNE_CENTR":"TORINO","PROVINCIA_CENTR":"TO","INDIRIZZO_CENTRALE":"VIA CHALLANT 38/3","LATITUDINE_SEZIONE":"45.05648","LONGITUDINE_SEZIONE":"7.61029","POS_X_SEZIONE":"390577.44672","POS_Y_SEZIONE":"4990163.61220","LATITUDINE_CENTRALE":"45.06173","LONGITUDINE_CENTRALE":"7.61723","POS_X_CENTRALE":"391133.95309","POS_Y_CENTRALE":"4990738.00017","TIPO_ADSL":"ADSL_2P","DESCRIZIONE_TIPO_ADSL":"ADSL 2+ (24 mega)","DISTANZA_CALCOLATA":"799.76","CLASSE_DISTANZA":"500-899","POTENZA_SEGNALE":"19523.33","POPOLAZIONE_SEZIONE": "29"}
			}
		 		]
	}
		